step,epoch,lr,loss,grad_norm_global,grad_norm_encoder.blocks.0,grad_norm_encoder.blocks.1,grad_norm_encoder.blocks.2,grad_norm_encoder.blocks.3,grad_norm_encoder.blocks.4,grad_norm_encoder.blocks.5,grad_norm_encoder.blocks.6,grad_norm_encoder.blocks.7,grad_norm_encoder.blocks.8,grad_norm_encoder.blocks.9,grad_norm_encoder.blocks.10,grad_norm_encoder.blocks.11
10,0,2.375726401805878e-06,3.4437062740325928,6.506232112844124,1.1606686157902038,0.725331312415437,0.6516679101509388,0.7087256134440244,0.6785787360378106,0.8690310087790507,0.700946581064627,0.7973448440846848,0.7906800679797104,0.8585726564282637,0.7516775833331215,0.8606540814680571
20,0,2.375726401805878e-06,3.4877662658691406,6.799715872440358,1.1073929152197985,0.5910932240434982,0.5791846430280616,0.6528946234301674,0.5635093742889962,0.6718460598245254,0.6466240915179718,0.6706131119064117,0.7113383904976913,0.6499227557699989,0.6131092561752811,0.7080365541986541
30,0,2.375726401805878e-06,3.1995201110839844,6.472860163682161,0.7237178593386768,0.43969506927026536,0.4202270521187834,0.4904743303575327,0.45910142051915187,0.502485022343725,0.5161237842237795,0.524901065804068,0.5593449769543887,0.5163982574878717,0.5196085284738536,0.5296216711289748
40,0,2.375726401805878e-06,3.4622178077697754,5.651358086948687,0.6257763586533281,0.37318573626216867,0.3714220117694952,0.4366684127585004,0.4030499862906158,0.4475692045801598,0.43285659304922214,0.447419792547118,0.456518569669785,0.4821619974960506,0.46492940006477873,0.5358456311447455
50,0,2.375726401805878e-06,3.5028553009033203,6.149002680565564,0.6292534740424003,0.4052178531648712,0.38443105853677495,0.43367440942196706,0.3871129689193533,0.4766146822386379,0.44034186087046784,0.44437008336558453,0.4253547360318066,0.38926550501882834,0.37965459000858043,0.4757714611094708
60,0,2.375726401805878e-06,3.143923044204712,5.221457958725851,0.6492865095287625,0.39915590737396545,0.4171707180669857,0.49169337607652536,0.44733470002595466,0.4860316744916954,0.4096336599161531,0.40451041097147206,0.4031041198164546,0.4256094531357287,0.3701292806857909,0.42341939834186554
70,0,2.375726401805878e-06,3.233870506286621,4.426445027757951,0.5176166652006322,0.29234249072894125,0.29250682754848584,0.32957034013027875,0.3114232574534889,0.35849489289218756,0.3061132262821138,0.3091260241448045,0.32081497530698144,0.3202014812244663,0.31121034664817687,0.3466072459980826
80,0,2.375726401805878e-06,3.257361650466919,5.03436006161703,0.6403385481098094,0.3551871373021955,0.32553663833502944,0.3525558420697234,0.3275114831445356,0.39325219301433184,0.326284694145518,0.34536648566774286,0.32501967525632647,0.3343852798972997,0.3207652356055645,0.36250805950942927
90,0,2.375726401805878e-06,2.9775195121765137,6.684062556049458,1.0135035830437882,0.6702711278161918,0.6720360805880319,0.7314346935450935,0.616743207945587,0.6400515965381194,0.5166907425831533,0.5528247410133432,0.5099323553724149,0.44346608372730645,0.4334733739978313,0.5105150423819367
100,0,2.375726401805878e-06,3.4364027976989746,6.982182137083703,0.9349008538558855,0.5914034212459646,0.5863856164621106,0.6758485246889383,0.5959487690348925,0.7192055764788028,0.5681850334658032,0.5472744309994341,0.5266835516152808,0.5193084923672804,0.517494070362783,0.5167345910359434
110,0,2.375726401805878e-06,4.079750061035156,8.405372798258405,1.097470060161408,0.6464181775915365,0.698149963786408,0.8424193828597977,0.7271936135940595,0.8981652903979529,0.6703047845715531,0.6543785505061279,0.720701607613966,0.5840867032976955,0.5633743136959842,0.5909816671531204
120,0,2.375726401805878e-06,3.1136865615844727,7.0445093925758275,1.0037961350772457,0.5693994023597527,0.5759995073433964,0.6551050609047768,0.53384632084629,0.5834342836268506,0.5224789232192503,0.5634596099531577,0.5353980446824216,0.48071607553521367,0.4437649695493063,0.449236356332544
130,0,2.375726401805878e-06,3.319014549255371,6.584177951917134,1.0558812168013445,0.5996004881024548,0.5666183161105481,0.7071155762458539,0.5716388686496278,0.7032140351081008,0.5188913282509043,0.5275102207038666,0.47941190663826533,0.4555273924291003,0.3973604666232681,0.4584503355389682
140,0,2.375726401805878e-06,3.2614173889160156,8.153068377522963,1.4608535857248859,0.7281324125409078,0.7370802426300896,0.8481148316691451,0.6963013655778886,0.7655185455649608,0.6089214965322802,0.6107848721584003,0.5679431736388196,0.5047681377688142,0.4574002729334673,0.4978737171708716
150,0,2.375726401805878e-06,3.517284393310547,8.59953445125408,1.678763031103575,0.9704073392423448,0.9842877967152207,1.1483894967876294,0.905750535451864,1.0014723346977326,0.7455190071606081,0.7045439192857864,0.6439107661896417,0.5403679877561974,0.49963041273302805,0.5076425725121478
160,0,2.375726401805878e-06,3.289836883544922,6.388689585913149,1.136670400445224,0.8030205784218049,0.768760794456942,0.861310325184743,0.7222000336746317,0.8017550140670265,0.6615914173751919,0.6894125963967389,0.6139090683905685,0.5067344790480938,0.439224732642475,0.4557426452640311
170,0,2.375726401805878e-06,2.898958206176758,6.5960223924848815,1.476189277217145,0.7366424652507466,0.7485241267821904,0.8674717316774434,0.7009741995965912,0.8137794664438915,0.5846657976821258,0.5240334818421808,0.528913218844746,0.4524524596247637,0.4146544203531602,0.4237400800005491
180,0,2.375726401805878e-06,3.3429741859436035,7.717071952876284,1.6347315438375738,0.9769990441953538,0.9469662396222894,1.1385479618116183,0.9028865099682215,0.9366655202485369,0.6782687697103268,0.6954941657653192,0.6716979111937526,0.5633390269527988,0.48110550135889824,0.46475980394626265
190,0,2.375726401805878e-06,3.1818244457244873,7.592223232566246,1.845227061904643,1.106718876140079,1.0162802233397779,1.1715270412699026,1.0193336640293855,1.0753860697854833,0.8025016258216119,0.7799414584081522,0.7271175947266335,0.6071412705760381,0.5223885971235622,0.49130580770722365
200,0,2.375726401805878e-06,3.8221590518951416,7.831825320406683,1.9528424700371654,1.3144598521706814,1.4270791227475161,1.6185394056938476,1.118182344812955,1.0018744243455284,0.8231975432059724,0.8065208501757508,0.750537869323754,0.6201479679591619,0.5390894657403197,0.5223881808324563
210,0,2.375726401805878e-06,3.1868972778320312,8.235232061328144,2.0359662228954583,1.0878286298283038,1.1340000916262485,1.358342178784562,1.0270226808911262,0.9839789427060578,0.8128856908697105,0.7798908445590104,0.6942021900656453,0.6191886668242665,0.5325231254497343,0.49181008500364615
220,0,2.375726401805878e-06,3.1134891510009766,7.96528210810466,2.717805999613651,1.5251604178297338,1.6350307941010114,1.837799882510921,1.379642968381214,1.2481212407138536,0.877492723788761,0.8076526707187217,0.6732923824624222,0.5500925807842115,0.442466811013941,0.4315477896110473
230,0,2.375726401805878e-06,3.2810556888580322,7.973825050087286,1.9950071601706085,1.1757207908454692,1.1524556469208158,1.248039649968024,0.905315395762263,0.871684929656653,0.7021347774063376,0.6473062745011535,0.5567547048219279,0.5219244213043553,0.42216119849436345,0.449657388232037
240,0,2.375726401805878e-06,3.1812732219696045,6.726609767509645,1.9795277201798436,0.9340669866267355,0.8452216344599285,0.9258823635380077,0.7667637236362862,0.7697367411467002,0.6138089658410666,0.5555226347016069,0.5133785940059505,0.4604191587292495,0.41669509895684814,0.3898447229851676
250,0,2.375726401805878e-06,2.885314464569092,7.651880288639047,1.8132362456610118,0.8958653004717115,0.8320025626451609,0.9514157633185205,0.860445991794752,0.985387664339491,0.7715459348429201,0.7522809917217607,0.7683210123054395,0.6656136969200649,0.5483924837848352,0.5087727049342434
260,0,2.375726401805878e-06,2.823791980743408,8.7042255532981,2.5999094288626186,1.4837071746771817,1.4427578718482306,1.4931419506211028,1.1484783795437967,1.1204213952419162,0.9125352593990895,0.7988811905078164,0.7163676311398111,0.644410790721466,0.5441979849556168,0.5347866320462065
270,0,2.375726401805878e-06,3.3375613689422607,6.020993478871165,1.3360740687464558,0.7507308853335279,0.8358384156280373,0.9459093568792845,0.773899558442681,0.7957411279474257,0.639997217456693,0.5909186303828574,0.5330222530524589,0.42358924338727266,0.36934319002547744,0.36207185609191334
280,0,2.375726401805878e-06,3.264889717102051,8.143736186731811,2.998484384843869,1.5342956019382843,1.56689656893255,1.5811574644171988,1.3002069645505734,1.2788616716656842,1.0063482646307524,0.9482508421347261,0.7497281610643411,0.675049508668503,0.6037420401714529,0.5204342423576702
290,0,2.375726401805878e-06,3.256556987762451,7.797248537984786,2.4799256021144966,1.1855009520949689,1.2767949807972667,1.424900320443549,1.0233061700146244,1.0293551385312352,0.7670279724492634,0.7170795400887785,0.5817190421914852,0.5165242191097079,0.46621884735240293,0.4729502454880444
300,0,2.375726401805878e-06,3.310507297515869,8.285106007063558,2.4477675284297793,1.247340404640363,1.2651871618384822,1.3781954419195666,1.1838420113159245,1.4045596376171239,0.9912335181982116,0.9182686070585775,0.8382163412372043,0.6821517431399055,0.5765657590265554,0.5533670765248717
310,0,2.375726401805878e-06,2.8988852500915527,7.934709534412992,2.0929483316640947,1.2695537315954821,1.3845429708050965,1.5964097328599496,1.1797524594043287,0.9796785217816832,0.6854394738121398,0.7540566449942242,0.6211302681668763,0.5567515874527269,0.4725959171973272,0.4576773778302554
320,0,2.375726401805878e-06,2.8485913276672363,7.1920902641091,2.8052638968258283,1.3834612148372867,1.1780894211336013,1.4102816375936758,1.1027963580964588,1.12328338615274,0.8326044573843683,0.7934267004616541,0.6483351333918917,0.5237270896328108,0.4855900950267412,0.44629816411470363
330,0,2.375726401805878e-06,2.8027026653289795,7.783044094193422,2.3613842507706493,1.2158585522279748,1.1785844887968706,1.26528086591277,1.0795442125185837,1.129971437608574,0.8965586886531857,0.8568317235947815,0.6883675638302402,0.5917453267245416,0.5305279822016206,0.49050217740471874
340,0,2.375726401805878e-06,3.317026138305664,6.401222514684725,1.6443372971890686,1.0733703040098357,1.087220867698959,1.1635809438941211,0.9507604943770197,0.8679575798845756,0.6841186429657738,0.6908394933884134,0.6483435273882819,0.5709511634618492,0.5035270100049457,0.4791516045835422
350,0,2.375726401805878e-06,3.2782039642333984,6.238156976605845,1.3762797124461115,0.7818358523761348,0.7556082016682317,0.8496481218585521,0.7388601011607124,0.8083684899293487,0.6543510988793821,0.7161367185454675,0.6105985195035093,0.5286051905452167,0.4745772700253769,0.4381629249714597
360,0,2.375726401805878e-06,3.476189136505127,8.295036669281695,2.2484383708758817,1.2826777749564655,1.3902767013439574,1.6316031303694247,1.1752289114130428,1.0528676198145206,0.8257713992449237,0.7098462299065941,0.6539893743831487,0.5626114104982219,0.4697837055660123,0.4799050639859204
370,0,2.375726401805878e-06,2.7661333084106445,7.360671260194511,1.5309778728993042,0.9015643822651986,0.8591050179930727,0.982616869781483,0.840407291878677,0.8731653832256691,0.7495175920803447,0.6630459843245243,0.582609994271452,0.4876733736166666,0.4633514310073241,0.4216041941765318
380,0,2.375726401805878e-06,3.4909400939941406,7.424337060760614,2.430484205427586,1.1053026989181378,1.0860205647934422,1.1847462669374098,0.9268523926453273,0.9083974503060247,0.6457149798912801,0.5950976027879628,0.5347512556988425,0.46460815784117826,0.4338056959286855,0.3674743769199819
390,0,2.375726401805878e-06,2.644564390182495,8.51895327229861,3.043072926395126,1.6596387703188191,1.6394237351880643,1.8836585734944788,1.4081293296847601,1.2540511278372137,0.9533979192745197,0.8099068288203479,0.710941383891088,0.6447051106560423,0.5151460017154879,0.4430235765924045
400,0,2.375726401805878e-06,3.498845100402832,8.93378097710836,3.689050095410629,1.6318369978987457,1.5648729548160822,1.5848944362530404,1.2445472853131392,1.2301986162470064,0.9127570351069624,0.8134713482038491,0.7461812363657657,0.688167266378734,0.5944090544516333,0.5072884127640649
410,0,2.375726401805878e-06,3.14907169342041,7.845051609235731,1.8330754570141188,1.00242944936501,0.9290152599957852,1.0726388868853594,0.910841180560356,0.881453448615658,0.7078549525839515,0.7314377205577088,0.625621728700603,0.5143863348346541,0.5150441718740328,0.4527672938555265
420,0,2.375726401805878e-06,3.2126975059509277,8.00640565869693,2.145884646668481,1.1254758965261829,0.9998698946201857,1.0968794433241051,0.9789224600713949,1.0332914613776052,0.8399935368596011,0.8244142179980681,0.759716995242289,0.5902786818441701,0.48359170343402147,0.4461230074136455
430,0,2.375726401805878e-06,3.6920554637908936,8.350016282957274,2.4282216667084198,1.371149323921866,1.3043860562992133,1.3552956092852964,1.1879661734537106,1.2602951888165888,0.9902420713169799,0.9758230887880422,0.8925764111365719,0.6671139208634862,0.5228933067816358,0.49104588897267953
440,0,2.375726401805878e-06,3.419287919998169,6.4291001004996176,1.562139766558082,0.844733923245344,0.8183254062534291,0.8933259005346564,0.8114337444983519,0.8132746917785577,0.7262246573185501,0.712609805700692,0.6362397730562169,0.5673644033170698,0.5236399715066417,0.43268854686009944
450,0,2.375726401805878e-06,3.217399835586548,6.371601945080626,1.947030412405346,1.167814605618248,1.1541699986330023,1.2667566585017382,1.0335131112270992,1.0551381078216786,0.7431497490821268,0.8425826212144353,0.660419741391561,0.49307915806058494,0.4273796015828096,0.36058599870146585
460,0,2.375726401805878e-06,2.8829336166381836,7.787030430085011,1.8335748216841996,1.0268683572169832,0.9922819705658023,1.1278226470704464,0.9665569136166198,1.0285324198762011,0.8510038575937934,0.7731445441236847,0.7105268353962227,0.6042585053164975,0.5160566961270286,0.43002808048524804
470,0,2.375726401805878e-06,3.573089122772217,6.929562197993639,2.0377303419567636,1.2074743430820596,1.2844100748885474,1.3027813525099352,1.0415542547083996,0.9820340645093927,0.7665225757323006,0.7760638149692798,0.6936906724537287,0.5807170495268279,0.4872108126243594,0.4177132312232959
480,0,2.375726401805878e-06,2.472463607788086,8.349824566585609,2.1575014769043555,1.159232037976229,1.2053425839491443,1.420821940662677,1.2215676087839686,1.1621114511556472,0.9346649029625372,0.8953005130697413,0.7809710410691976,0.6708522744569735,0.5416516746056139,0.5412905737189824
490,0,2.375726401805878e-06,2.18245005607605,8.458999668250732,2.4342828974362716,1.3694384427796782,1.273810613427975,1.331784252009399,1.200902600630276,1.3601293026914116,1.010487619982972,0.9035576453663661,0.8851493195144752,0.7249072312116149,0.6163300824676738,0.5471291932110645
500,0,2.375726401805878e-06,3.1628339290618896,8.305730952932876,2.792162971432705,1.3758142930982191,1.3440465419932508,1.3074120024879854,1.1686276553828256,1.1824413341710276,0.8633732708280153,0.7321624766492636,0.6526126010209181,0.5308592198404029,0.49440966855792645,0.40230523492093423
510,0,2.375726401805878e-06,3.272630214691162,10.59295289429463,3.587410791357813,1.6742846949923706,1.4695765596774408,1.5461997878596863,1.2439689005768204,1.1098221154026908,0.8999425911572249,0.7720595843766828,0.7186521070387687,0.5914618774224165,0.49072663494769864,0.4311585303454179
520,0,2.375726401805878e-06,3.6371543407440186,8.964680842608876,2.0557929978220084,1.3525631994867822,1.3706526477429477,1.4991846378263458,1.1842969382804005,1.2202827786319386,0.9044501154382677,0.8253656117962664,0.7290245284667616,0.6007475361948829,0.5347705974760043,0.49488890160356036
530,0,2.375726401805878e-06,3.922961711883545,9.485406394008056,2.7906556771241346,1.3912973063583665,1.3923948579379355,1.5783725586365158,1.3364204017729848,1.3998975697985845,1.081414838043074,1.0315354790389024,0.8560195860619749,0.7456819824332082,0.6341738015603652,0.5368418854282028
540,0,2.375726401805878e-06,3.012951612472534,7.190380509159236,2.3957296949598734,1.2658371530692278,1.2264929189524283,1.3631852694588973,1.0351396066468042,1.0929293163516198,0.7795548580648274,0.6932112943341963,0.6306823275502744,0.5276917158857547,0.46059667602367765,0.4054334208193886
550,0,2.375726401805878e-06,3.237028121948242,7.529766323135487,1.583076345428029,0.8541599856977242,0.7643582286635783,0.9064663174144196,0.7998735450306096,0.7957457759716333,0.6927701108565086,0.6723029903424196,0.5861032915192292,0.5139971933731635,0.46578053993086016,0.40209576750343945
560,0,2.375726401805878e-06,3.488710403442383,7.9809183675478055,2.264727466488894,1.2843603421824927,1.1820994588128906,1.241989474399337,1.1598967798523196,1.0376253816743135,0.8821037607880056,0.8339281400563886,0.6900900116964429,0.6430503867647477,0.5105565055721165,0.4675893491020871
570,0,2.375726401805878e-06,3.5178775787353516,7.458710864077004,2.531953631892017,1.3117185993984193,1.2200175079404347,1.3461758363544234,1.1665405152275963,1.2078766048181202,0.9572334699474185,0.8562597391217852,0.8066181873636888,0.7093026046168837,0.6084041116377984,0.5150975760932164
580,0,2.375726401805878e-06,2.955864429473877,7.6184774879148245,2.029537729845493,1.111796166519411,1.0507068863642974,1.2759058664484852,1.1094108131429632,1.204000808065325,0.8990037095368583,0.8192121513606226,0.6982501558348505,0.6231498744182652,0.533170960774067,0.5167125186462317
590,0,2.375726401805878e-06,2.9714174270629883,6.503523544701891,1.884155596434019,1.0255499455310855,0.9507593299451327,1.2309783089194493,0.9362211698178187,1.014847302928175,0.7498570109016114,0.7445288368214416,0.595314545933005,0.5683387737328783,0.4741853925389425,0.4218661645536933
600,0,2.375726401805878e-06,3.231618881225586,6.243058719792056,1.547943508747426,0.8777531727110428,0.9093357951164012,1.0694299583533398,0.8478965392603289,0.7987567595865201,0.6933274639169281,0.6467873139973594,0.6019308197911044,0.5489490691454013,0.41485620720494365,0.4050534224343547
610,0,2.375726401805878e-06,2.990739345550537,7.688964238589614,2.5092858077228666,1.4164604633723303,1.4363329147658292,1.6667453901663092,1.3670108955497144,1.2949315965664772,1.0396368914031262,0.8945324812482653,0.8398262478320183,0.7426090735244463,0.6076967216582977,0.5017155336028825
620,0,2.375726401805878e-06,2.6294877529144287,9.425868740780404,3.400567847038574,1.7510469894399314,1.7595403209629161,1.9591957358710865,1.6111441733108098,1.5282538848028289,1.2728196914955994,0.9800359720881252,0.979185046795773,0.8399155535297665,0.6751315488066474,0.5201082374115134
630,0,2.375726401805878e-06,3.1524887084960938,8.130428767926942,2.135326892559828,1.2980955555987315,1.1907817284685838,1.3298433046616616,1.1758230016316704,1.2299249114823758,0.9604495048795244,0.9707286958803174,0.8855867237355391,0.737377671975861,0.6382430863370911,0.5240811063725763
640,0,2.375726401805878e-06,3.1368279457092285,8.751915686666912,2.4813312052285896,1.383700691922505,1.4038261595124586,1.4699732069733233,1.196512438588682,1.3609955285178634,1.061382455997344,0.9800838818367732,0.8186807527391461,0.6874065359186406,0.5544521120485291,0.49685346864652535
650,0,2.375726401805878e-06,3.280855894088745,7.245409657060289,2.2109659186880335,1.2296013345723777,1.1915407428791478,1.2971694099592657,1.1699135924127304,1.151824893410183,0.8926927016372562,0.7984381521227357,0.7703758984425533,0.6247055806418205,0.5066254379444624,0.4856199237404086
660,0,2.375726401805878e-06,3.3639097213745117,6.979274624734776,1.6928311875831477,1.0325151650762332,0.9665058573392578,1.1134772113613478,0.9429825129648169,0.9995881978937844,0.8149430173594558,0.7670748165452994,0.6587216864643548,0.5704259250416055,0.4831577253346531,0.4445930363778895
670,0,2.375726401805878e-06,3.2040011882781982,7.521555448954701,1.7900150577796412,1.1245990723955457,1.1226850297037687,1.3194078469559543,1.131882575592259,1.2761927543535942,0.9539800823915184,0.8491677961023811,0.6815902206311432,0.617312528390701,0.5013410779277577,0.45170046824582416
680,0,2.375726401805878e-06,3.0740771293640137,7.660769890438166,2.1776798320577155,1.2050116197896357,1.2596482193098288,1.4741564218525351,1.2922058645110157,1.1445285295113476,0.9051845723702548,0.832150670441584,0.708540801260758,0.6351758117770768,0.5497471629183988,0.4481178620954576
690,0,2.375726401805878e-06,2.44252347946167,9.037315343841124,3.211766186482698,1.5085452416313612,1.3512458158075593,1.5342274425691536,1.2176788716687532,1.2098452646115025,0.9473439103076641,0.8483947985757213,0.7240771422902683,0.6134236628388008,0.5185832644352306,0.4923264943821372
700,0,2.375726401805878e-06,2.5962023735046387,7.033710397315182,1.9832992886894376,1.1592568232612706,1.1220295072430402,1.3688462007094988,1.1989230716227968,1.2502126920111232,1.0885293282651975,1.057562779016517,0.8929964441220608,0.7441491908695224,0.6209060095951352,0.48652984338477273
710,1,4.751452803611756e-06,3.2393147945404053,8.066900283954153,2.1091081406100747,1.2876145476705936,1.2619511485360697,1.5861950345220281,1.3284498582858917,1.2637460694805893,1.0550663229511696,0.930010333437801,0.8227535946078517,0.6927828073141018,0.6067624272001817,0.510760689396104
720,1,4.751452803611756e-06,3.3528904914855957,8.93053860368207,2.1846170223515533,1.1638068317646058,1.0965598873238929,1.3204410574992507,1.1657102423953891,1.2328485141112246,1.0018482158993811,0.9533771050696868,0.7393827366266067,0.644884309393359,0.5653025818532349,0.5860119750828149
730,1,4.751452803611756e-06,2.9533329010009766,6.369166794020473,1.604166471894246,0.9569488242657799,0.8487933756187858,0.9943364782805837,0.8129147663095805,0.8826842343024336,0.7158512255568794,0.6200748586851,0.568786414738454,0.4648729554210839,0.4110368704922591,0.391948456954283
740,1,4.751452803611756e-06,2.9023807048797607,7.882696471104677,1.8345920771382909,1.075226288455052,1.0633713993543132,1.270074026990227,1.0860043668217865,1.145557681662927,0.8601525088746649,0.8003763438680567,0.667829862598844,0.5906806487197207,0.5332598003830533,0.47425346257851775
750,1,4.751452803611756e-06,2.869197368621826,7.605503421288424,1.5379783506647797,0.9370619985779056,0.9210140393309967,1.084304656522893,0.9978347910303829,1.1210718995835731,0.8321616478624735,0.7194052145887805,0.6149447890286205,0.5565888140681453,0.46563446126788466,0.4038404068453653
760,1,4.751452803611756e-06,3.7268104553222656,6.318890058939706,1.6939899512594363,1.0196703590779979,0.9901542712440461,1.1852482396586765,1.0334265017941218,1.0316436100057709,0.829595716075997,0.7060484537839808,0.5915756088879375,0.5270941755581554,0.4361425451475656,0.4096177223142488
770,1,4.751452803611756e-06,3.451831817626953,8.083394974493618,2.4148318615755815,1.311989594836616,1.3427118551264516,1.6178627178535199,1.480645072430387,1.4034567451098843,1.1859479569888016,0.9829832084952153,0.896738676812458,0.7291097137033593,0.6380830613611926,0.542320986173789
780,1,4.751452803611756e-06,2.355241298675537,7.325893500068238,2.0819086019050514,1.1389589569147276,1.0747430346687687,1.2757391666737847,1.1390311739879162,1.1002836371472748,0.8526200112634041,0.7952211390801186,0.7297689373687649,0.5824868324007307,0.49728183136129334,0.41258649642988715
790,1,4.751452803611756e-06,2.802675247192383,7.15034216885261,2.2739365212597655,1.201202335591716,1.161104218774671,1.2287398461194452,1.0617377710944453,1.1111806772111126,0.8929505751816188,0.7918349625717463,0.7025786966070019,0.5604253365720412,0.4800463315323278,0.4228460300334645
800,1,4.751452803611756e-06,2.4689536094665527,6.764795243110962,1.8227283858548933,1.0758730304327435,1.0485762508554568,1.2445635936763269,1.044842705459788,0.9856683795174653,0.7360304556685354,0.6585772201651254,0.5785920319485627,0.49357995297491936,0.4047328561855714,0.3489742905190899
810,1,4.751452803611756e-06,3.2691807746887207,7.457022728236239,2.5917427090162413,1.3212271462068939,1.2930422858259008,1.3629042212436624,1.1384327176856444,1.2422254831469066,0.9641849927424616,0.8692692783657137,0.7178699442823028,0.6437748378143369,0.5187134191388576,0.4415983342631722
820,1,4.751452803611756e-06,3.4237730503082275,6.865174200937697,1.7607746486820695,1.074242504680852,1.152161987464762,1.362355098295846,0.9777780654069195,0.907754624834564,0.6923643080369942,0.6078591986180967,0.5257665711423647,0.4239324340735126,0.36990302017739307,0.3343469582834432
830,1,4.751452803611756e-06,3.2559876441955566,6.961062518174559,1.9671417670584574,1.1235808326455385,1.0783385399461722,1.229830606610379,1.015922906416453,1.0144018647371897,0.841423274541406,0.7927822372527915,0.6771492753173772,0.5611041645357875,0.4513418521271108,0.3861663304256503
840,1,4.751452803611756e-06,3.0956950187683105,7.892255433077411,2.6259025421967093,1.3799237685510333,1.2851816400596823,1.393996330748757,1.152638340174976,1.119351638823249,0.8769553288839493,0.7485475845706417,0.6364422848947228,0.5303309340431099,0.43917179938420187,0.3970703819431249
850,1,4.751452803611756e-06,3.2602486610412598,7.265062031772137,2.2452560315397134,0.9873396615124215,0.938460970483864,1.1185615638966702,0.873300101411845,0.7925737202482087,0.6611202573490946,0.5887105822407561,0.5133132162839779,0.4300377359023236,0.39248659679153824,0.34442736343735525
860,1,4.751452803611756e-06,3.087714195251465,6.605383791867,2.090723683676912,1.0969098834547653,1.05125164847251,1.1896503779603613,0.9988126918623418,1.0534634232605173,0.7950871182014612,0.7287269470228916,0.6196595698616891,0.5442711339907653,0.44009836558911436,0.38831655919978547
870,1,4.751452803611756e-06,3.124985456466675,6.785223846273526,1.8109914736099442,1.0141194611586506,0.9642796728822678,1.1938937628434656,1.0615853988324524,1.1037297874302967,0.8268211592361231,0.7878763189829813,0.6770363286292975,0.5698305763453938,0.4601816117116575,0.43352816655459286
880,1,4.751452803611756e-06,3.361391305923462,9.647904112069822,2.252745197092058,1.0714832698238181,1.0537402842032733,1.1639567041984638,0.9750173574135631,1.0798640811006233,0.7378454840660708,0.7417497195185018,0.648355632270515,0.5532482963587734,0.4354973716819622,0.3887637410294375
890,1,4.751452803611756e-06,2.531928062438965,8.285697417899172,2.2128657269660654,1.1841458318053855,1.0964740838987035,1.3294177831640461,1.1512489941057145,1.0667834438842139,0.9055174698274198,0.8457347390981235,0.7347543321307906,0.650204024663127,0.5677747899112737,0.462448337480272
900,1,4.751452803611756e-06,3.16652774810791,7.319565964055666,2.1280183530190167,1.1305950304594188,1.146715906425934,1.3224755044490002,1.1209344909648917,1.1875687165670399,0.8329963321680106,0.7487349097372661,0.5919860997059748,0.5136097023039589,0.4235563310353784,0.41963733775362533
910,1,4.751452803611756e-06,2.393692970275879,6.688962191669516,1.6818393466833936,0.8925648037678872,0.8566494434859264,1.0105700003825613,0.893601799756066,0.9239071372415124,0.7141653480434637,0.6382236073749742,0.5477515499120118,0.4414282757691942,0.35331477139066975,0.3588713866380174
920,1,4.751452803611756e-06,3.0386385917663574,8.478297703014043,2.3026362224287253,1.4573612489410335,1.4840023684168597,1.7264442324116043,1.4442195757404133,1.3952625979063118,1.028232546320927,1.0179781341262577,0.8136122052984408,0.6439903331163529,0.5574808927693213,0.4859538628246735
930,1,4.751452803611756e-06,2.338367462158203,6.45163989975583,1.5216955913862587,0.7833918658110681,0.7888002655512607,0.9042875459157753,0.8157292233556486,0.8528828603676658,0.6720548798813071,0.5874398467688845,0.5468641017342524,0.4497459621814441,0.40657822458675247,0.3992513368527079
940,1,4.751452803611756e-06,2.562847375869751,7.441477985034411,2.15000577498356,1.1182061690831473,1.0813789138035248,1.3094103884290857,1.10390150396363,1.147521472999227,0.8871498538406789,0.782396230616465,0.6532437768168823,0.526455409301654,0.47001073653999953,0.42723482696118886
950,1,4.751452803611756e-06,2.4519834518432617,7.6661292043888265,2.1606201124966624,1.3312573968196741,1.4063214583172274,1.6097108431896723,1.291096316617022,1.3303244932551224,0.9416980770894953,0.7806135344182569,0.6150144869652285,0.4798758903041049,0.4011485243578989,0.40840509971331845
960,1,4.751452803611756e-06,2.993699550628662,8.026082310880968,2.3960469342720416,1.2765995779197064,1.1899420399129979,1.4072070534770582,1.1815737038373197,1.2008857738017256,0.9446759986114087,0.8158858543767048,0.6855229170006565,0.5809786713036558,0.49189653930324956,0.4463281046142955
970,1,4.751452803611756e-06,2.695629119873047,8.79794339766149,2.4559347697322083,1.4393953776567676,1.4154448751244975,1.493016624554863,1.2347082131413056,1.1849291418333334,1.02018071867688,0.8886187170545377,0.7086688384276218,0.6024618016310993,0.5162666859459362,0.4297215786668092
980,1,4.751452803611756e-06,2.5051331520080566,8.146781800347226,2.4724876373061377,1.3360231407421779,1.2563540546290075,1.4006941551736733,1.138461385167106,1.2352225051768604,0.9640731333716465,0.8404580232706041,0.6771102315537587,0.5852124359948819,0.4867700784727398,0.4221439708979873
990,1,4.751452803611756e-06,2.83525013923645,7.826266129911621,2.294779536215932,1.238859769841848,1.1200944845778562,1.3592948342918165,1.1632540614688904,1.1868739439227312,0.9498564667247258,0.7635129059003033,0.6505511429638835,0.553041628605394,0.5003845068769001,0.45060273572609916
1000,1,4.751452803611756e-06,3.2094850540161133,7.431704431402861,2.5778624039632496,1.2751669528542853,1.2992757854304056,1.3844336335695986,1.1553191131340346,1.1328336546470297,0.890983462389814,0.8520359922016415,0.6431125267732141,0.5218023247599272,0.46224758927838683,0.3668216596822088
1010,1,4.751452803611756e-06,2.359773635864258,8.709986735084582,2.6951260980388563,1.5583887422697575,1.5549261393002776,1.7275576389171416,1.4502351870778498,1.4875915383240232,1.1241615127269071,0.9260878301289409,0.8162699482347352,0.6810807450774594,0.5827212489473459,0.44482041828338337
1020,1,4.751452803611756e-06,2.914306879043579,7.588240238787251,1.818460889336033,1.0967062880722118,1.1180470257523023,1.334040055779299,1.1800520264684655,1.269997962905004,1.0207058282452703,0.7884234833884767,0.673483463405941,0.5188427185608476,0.4499083666738115,0.38366278770914364
1030,1,4.751452803611756e-06,3.321575403213501,7.428395124821705,1.7625975912453034,0.9852426888820741,0.9482708549825207,1.1158210483156021,0.9623537342088075,0.9142398637713806,0.719742530221195,0.6430405781211344,0.5094432725372396,0.40708627575825795,0.33265797398679436,0.3238800569119251
1040,1,4.751452803611756e-06,2.6008858680725098,7.887377686421772,2.224444300313789,1.2345928756655713,1.2149999048639963,1.4243316591746984,1.271623434405264,1.2769881266063037,0.9452384040584414,0.8149164076107055,0.7054063422289406,0.5554166121174636,0.4456760314059859,0.4339943459537956
1050,1,4.751452803611756e-06,3.2472550868988037,6.75804103281658,1.8585173796641516,0.975627100515131,0.9512904872578117,1.1522222597070417,0.9799543504083711,1.0636620275124644,0.8155791218360333,0.7193775554945845,0.6140568158390206,0.49030434188990346,0.416813433767301,0.3698278152196447
1060,1,4.751452803611756e-06,3.0142934322357178,6.995544729792529,1.8892879127762061,1.0295267259306258,1.0053832079375002,1.1741181596599783,0.9883741037847428,0.9882397928042661,0.7599423318585421,0.6965490115629693,0.5870889685456099,0.4856629840355549,0.3959187725530116,0.3167962056020628
1070,1,4.751452803611756e-06,2.848456859588623,7.739050994903814,2.111715581015412,1.1570368289078516,1.1219613470912786,1.3342826044949603,1.1469406959794204,1.0968063402690484,0.8514111292020656,0.6419829961971525,0.5630692210594641,0.4638841973930119,0.35973707604628885,0.369514296844542
1080,1,4.751452803611756e-06,3.1975769996643066,7.126280698134254,1.865813881315272,1.0462907683397045,0.9566314391280824,1.1248260023971763,0.971582966212717,1.0177786289569541,0.8170863856114862,0.7312220010781891,0.5894187620520059,0.491947385238155,0.3938473505407176,0.3370770285462727
1090,1,4.751452803611756e-06,3.3398895263671875,7.40476268951674,2.296426383498867,1.1208997880922464,0.9880496298352744,1.0885599223491957,0.9130140227238848,0.9300737494761946,0.7270443063714086,0.6385885093932089,0.5615075783848278,0.4580171909692529,0.37248962789794104,0.3309984452937871
1100,1,4.751452803611756e-06,3.227537155151367,7.848221642701386,2.3550045308108394,1.1954607215232709,1.1599917661210393,1.3457921828007628,1.2141110004971727,1.1231403593747378,0.8902527057800648,0.8135266535634804,0.741756253120665,0.6332570198989222,0.5284527911349487,0.4267350180077833
1110,1,4.751452803611756e-06,2.4370062351226807,7.469441143163389,2.029039330909255,1.1503065752313972,1.1180870387121478,1.3494538860224727,1.0901686922122067,1.0590959261859463,0.8497436465123228,0.8063257677890119,0.6673122573360716,0.5509091916556987,0.48968501348351445,0.4165666424647557
1120,1,4.751452803611756e-06,3.152104377746582,7.289388318787568,1.7669851973766582,0.9298469455627245,0.8517136158602928,0.9752225549774801,0.8377890215330491,0.8134941466371964,0.6974860045598797,0.6574448582931568,0.5724198937728237,0.4847592587971491,0.37665471417410296,0.29154413062578316
1130,1,4.751452803611756e-06,2.4855751991271973,9.664337411043427,2.8349050650070278,1.4440843311497333,1.3510491656321524,1.5570444195606612,1.403533120337679,1.3594450684425718,1.0763042627344441,0.9380509210957916,0.7965698225563417,0.6344670298355727,0.5524067671469478,0.4175204069840653
1140,1,4.751452803611756e-06,2.856473207473755,6.640385507900836,1.894293026242564,0.9513287831420277,0.9921668561917153,1.1111138645635381,0.9138886133524008,0.9360730869508458,0.7629473073936531,0.6361523387313588,0.5707819053030396,0.5281110534939556,0.45127640447096007,0.35823092540285895
1150,1,4.751452803611756e-06,2.5792176723480225,7.774777840406632,2.070551319647358,1.0518386383288834,1.090784410035903,1.2682934874175769,1.0895653362987816,1.0321993841722845,0.8202438458365523,0.7634624060784514,0.6502208885371483,0.5346259652310654,0.4815647006073472,0.3937357692860717
1160,1,4.751452803611756e-06,2.688626766204834,8.391978987077483,2.0723890420603506,1.1916458727528814,1.1493993350195932,1.4150408765943785,1.1957884395201188,1.245540968849529,0.9687693409508601,0.8322963029202785,0.7101631832658097,0.5914692127899311,0.4711342395729778,0.4181167890474272
1170,1,4.751452803611756e-06,2.5868968963623047,7.009119202347026,2.091178868699333,1.0642026404610463,1.0773512173533728,1.3668921831826837,1.11114094447159,1.0381175306069983,0.8198842157828583,0.6871564528863572,0.605229063393233,0.4679827409684216,0.3992513378003561,0.323205472296317
1180,1,4.751452803611756e-06,3.131028652191162,8.212382936224465,2.4117745978756684,1.225536889851114,1.1690372258963346,1.4292449694800693,1.1982554218440442,1.2788007640107344,0.9952734880112332,0.8576566390827499,0.7904925471252879,0.6781754974506067,0.545095475744204,0.4947092675682241
1190,1,4.751452803611756e-06,3.0624008178710938,7.991154319191272,1.6437728799592093,0.9872841872394255,1.0468015286922037,1.2508970580444114,1.0436595254321623,1.1106061707990975,0.9245996386449036,0.740341322019909,0.6424837359921753,0.5418768330143039,0.4504961548226508,0.40567659680273005
1200,1,4.751452803611756e-06,3.6243138313293457,7.203269284296607,1.8356773795768426,1.0277377913916477,0.9722512516270021,1.1855593870977998,1.0130593687405869,1.0678472205828549,0.9019251457275856,0.6985783280333735,0.6093032762633539,0.5613455546751974,0.4731500723619709,0.3770638187507184
1210,1,4.751452803611756e-06,2.7552409172058105,8.633748583100079,2.708529022091251,1.3718659002193312,1.3176559923602231,1.554130158184367,1.3298563207298577,1.3949379317112078,1.1473261195482283,0.850927524548292,0.8250887232883103,0.7259404317455704,0.6237225430428718,0.4634219359047102
1220,1,4.751452803611756e-06,3.53010630607605,7.536378459858692,1.8899520175122646,1.1625182436288952,1.0546535084134423,1.2784641984385685,1.08428357399416,1.0670815162195963,0.8532117354569352,0.7866268534300742,0.654855249371861,0.5737320297998639,0.457629039516442,0.3794498301276942
1230,1,4.751452803611756e-06,3.8666510581970215,8.87623129238623,3.048078170171382,1.5678103841580127,1.6216983580783704,1.8850783590634903,1.5465924055178548,1.5227155997180535,1.1698179626105492,0.9561420109224809,0.8237687280723778,0.6262150825212001,0.5405264280816187,0.5375965888940578
1240,1,4.751452803611756e-06,3.3170957565307617,6.617173499410176,1.985724253782264,0.9904689962164938,0.9725899025161825,1.1295745823622492,0.9961344320565697,1.047291561853702,0.872773782535022,0.7170308417482343,0.6325466629812341,0.529444863339381,0.47368109140698766,0.407153087831445
1250,1,4.751452803611756e-06,2.590257167816162,7.8194689932789565,2.226032627873948,1.2296760023664777,1.1682037001131693,1.3048964207297153,1.0990932692823525,1.0790557596737005,0.8346871974402076,0.7459192250536025,0.6272437842114571,0.5121450605819776,0.4488322775830411,0.3813958967265283
1260,1,4.751452803611756e-06,3.1404664516448975,9.271456700656108,2.9346263897694205,1.57202250890066,1.4897364124082293,1.7997446501325445,1.4602555816194875,1.35719808613669,1.0351951935857804,0.9339306256897837,0.7562182030940878,0.6346627569980628,0.5306099787070875,0.4324883452632956
1270,1,4.751452803611756e-06,3.129927396774292,8.876437182524775,2.5493710390924886,1.3400406778326808,1.2695703588248075,1.4265616317426946,1.2230483284967586,1.1467951999768595,0.9681657491332203,0.8039839785004483,0.7298349636612701,0.603740069897299,0.5552074996083121,0.44952224070663077
1280,1,4.751452803611756e-06,2.2146964073181152,8.068623724972896,2.7650735584399317,1.27731786000675,1.144229731210786,1.3902682497198526,1.2635516713347608,1.280658234100135,0.9676151146656973,0.8414687503091358,0.739998243015071,0.6337718346579986,0.547190996380591,0.4206803890173819
1290,1,4.751452803611756e-06,3.087021827697754,8.037130373971147,2.424854960598101,1.5038548639965559,1.3786548440278041,1.6143687947871388,1.323676211647188,1.293299518376807,0.9689068584566699,0.8746624866018256,0.7460370763910071,0.591416364360128,0.5050322883335348,0.4238970799861435
1300,1,4.751452803611756e-06,2.684816360473633,8.554778022637716,2.4087286037196867,1.1675976455514143,1.1406491073873057,1.3320339828636047,1.1483683531218962,1.2027688029761976,0.9166380785274505,0.7521042801527391,0.6589815027558347,0.5853309878466028,0.46664994967998885,0.4136690502237325
1310,1,4.751452803611756e-06,3.0225934982299805,8.563995752401492,2.723357192618018,1.3994126913429326,1.312186737036513,1.544404351129152,1.3606745615388045,1.4375032936792502,1.0842681404271246,0.9260323869550027,0.7748295074884861,0.661672022688635,0.5023851174396655,0.5206181377210252
1320,1,4.751452803611756e-06,3.316436290740967,8.384141108712084,2.1357105934114515,1.1528043952668565,1.1963279577179744,1.5605782690996317,1.3498779709984092,1.4947552932954966,1.1030698899201505,0.8060723573975368,0.7330549904239071,0.5942992998048534,0.499934007013094,0.46510157941243696
1330,1,4.751452803611756e-06,3.4609718322753906,8.676437948604631,2.4499361960419503,1.367939612967545,1.4912629505646933,2.137627486947457,1.7837999023963131,1.5705614422151486,1.3321368058401926,0.8678710463457949,0.7485857980821538,0.655904922711964,0.5203078140176182,0.4575363302713791
1340,1,4.751452803611756e-06,3.276329517364502,6.868982844625094,1.8657022801091854,1.0348344341274427,0.9974977750129654,1.148194205094005,0.9808991865745063,1.0314709187184745,0.786066551407347,0.6629297440055942,0.5784489299337296,0.4778824208318933,0.41044996815505436,0.3353897629124473
1350,1,4.751452803611756e-06,3.1614959239959717,7.942868820450068,3.19802812859118,1.383078139374547,1.1712642085246998,1.3869553674093633,1.1577327752826283,1.0177839566028313,0.803691654957885,0.6705479839334817,0.5900183793030594,0.48590906723216243,0.3985662158007493,0.3716037801995723
1360,1,4.751452803611756e-06,2.4253249168395996,6.741675263260552,1.8940874091844175,1.0742152391723134,1.0697316174440379,1.166354591312436,1.0711611118454116,1.087107887622685,0.8406287274628526,0.7531116626968918,0.688735097728704,0.547167109163488,0.448531871661927,0.4047556705796237
1370,1,4.751452803611756e-06,3.419731855392456,7.889386141156653,2.1871041288888757,1.2107470639279923,1.2306253582627997,1.5012384410871997,1.2589228756298765,1.2851209942522286,1.0119040439156837,0.8707722843722292,0.7482397689129668,0.5919627891432285,0.5329820684973411,0.4392973875795455
1380,1,4.751452803611756e-06,3.048560619354248,8.955621273936705,2.6338360299224965,1.4161388526316931,1.4082193520437052,1.6936541723368936,1.4389944603196967,1.3284877097747831,1.0522105250105542,0.90177385955423,0.7600391111410815,0.663072035728517,0.53613541004567,0.483151982031665
1390,1,4.751452803611756e-06,2.807408571243286,8.294234497527915,2.3909233234876908,1.2512120461978564,1.3047009926193933,1.5406014695901085,1.3973733172581813,1.3513439406387522,1.0698116713138008,0.8503752869496397,0.7394253072023622,0.627069579362552,0.4975658100931373,0.4930760048885209
1400,1,4.751452803611756e-06,3.121983528137207,8.465454528265273,2.4172121838731204,1.3476532006466788,1.2877009126701127,1.5688113371408439,1.3944092239983321,1.5139751423933492,1.1346450067890985,0.9485095813992582,0.7580063100206862,0.6074553049130781,0.5511357311664501,0.43497282606103904
1410,2,7.127179205417633e-06,3.24873685836792,6.873256799797368,1.7518884267261354,1.0065777752147413,0.9969006633650288,1.1848752503416211,1.030604996596251,1.0674194180130958,0.8298590042968981,0.7095347305310752,0.6233325464333277,0.4734051086924464,0.4159316661271842,0.36051957589202654
1420,2,7.127179205417633e-06,2.5001935958862305,8.521641343337702,2.5364967283119833,1.4275761091284558,1.3888886204775577,1.6672372275273384,1.4394200178178023,1.4221985903432182,1.103594618239202,0.9483915771914453,0.8208050381487952,0.6525564294513972,0.505992550226195,0.49782582448229246
1430,2,7.127179205417633e-06,2.4879980087280273,7.636154706657047,1.7051102399152893,1.0151295451522708,0.9868364403739942,1.1275880683564197,1.0454562291518843,1.0402024658852913,0.7708433367415892,0.6440460163183352,0.6140718937163786,0.48837916469822196,0.4220018032473472,0.40832181257007094
1440,2,7.127179205417633e-06,2.5850558280944824,5.9355955474292905,1.6325562967123177,0.7838014603745145,0.7721607833242496,0.8997126283804586,0.8843681571059202,0.8800335355199781,0.6974182583146157,0.5862514706117745,0.5165642815409861,0.40624275088308115,0.33298055255297765,0.2949422041089951
1450,2,7.127179205417633e-06,1.8107867240905762,8.304934425505339,2.117272155811352,1.127980616377538,1.0091356205125375,1.1576512383790314,0.983567321844972,1.0036735820871387,0.8083165586033788,0.7014297877207594,0.619338924091983,0.48841613798089484,0.445757460253614,0.38449435944952376
1460,2,7.127179205417633e-06,2.855653762817383,7.679438441814004,2.2391496857511206,1.1400919227586181,1.0426834394484865,1.2150721629688293,1.1403254748131273,1.1260607169909091,0.878155791751577,0.7512991452410588,0.6482412163328156,0.534594869835475,0.4410329553161025,0.39553553982958634
1470,2,7.127179205417633e-06,2.732710599899292,7.187258290620468,2.214962614798992,1.10766549983516,1.0842140711665276,1.278730466310644,1.1817364463569466,1.1963831907214988,0.9415878989537336,0.8108887746930954,0.6983035126199446,0.5441693545502976,0.4800916674568415,0.37787949689029016
1480,2,7.127179205417633e-06,2.494633436203003,8.037216417011166,1.968783021431724,1.0996122717501597,1.0419342915146514,1.2411290439487883,1.1588430648019223,1.1238480184241755,0.8757142146020136,0.7724122273461437,0.689909583327074,0.5267344214815126,0.39968685509432417,0.354338923475118
1490,2,7.127179205417633e-06,2.030500888824463,6.762721759556228,1.828236911841228,0.9985175146494978,1.0192377487954072,1.198902068594878,1.0309817108553998,0.9872462107228732,0.7484068145420752,0.6561151596312591,0.5804758397662492,0.43344381596207315,0.39507708995902624,0.35336489872652493
1500,2,7.127179205417633e-06,2.7135696411132812,8.584008191157663,2.3055354391734175,1.3371225132984186,1.2880393888205406,1.4754130512594248,1.3046440895407028,1.2632876374711912,0.9563443885440833,0.8523402582482028,0.7641920822492836,0.5497193802499578,0.5335457760849158,0.4331136123008279
1510,2,7.127179205417633e-06,2.871859550476074,8.654878760887737,2.629867373634361,1.507733651088274,1.475246606636341,1.7000799733262384,1.4208449881084986,1.375115090694061,1.0109300041106228,0.844689240158265,0.7111662252603872,0.5613465002388212,0.4195784412456372,0.42962939277963863
1520,2,7.127179205417633e-06,3.8174948692321777,9.271411766610816,2.4903369114840204,1.4071461628028417,1.3742495179577954,1.6519051235179767,1.392056592950936,1.2867158338014504,0.9995409901129328,0.8427746716968372,0.7188669438848557,0.5411664554969361,0.5045304664968667,0.4159292124380156
1530,2,7.127179205417633e-06,2.8803517818450928,6.3641524834347285,1.5382619979262522,0.9120744949904293,0.9029471448992876,1.068810678566061,0.9288150146652687,0.9279021112585258,0.7221851687872823,0.5699941286290443,0.5026801338090781,0.38386267686398334,0.3332604033190041,0.2930074024779632
1540,2,7.127179205417633e-06,3.024460792541504,7.694875783021967,1.8048728106397107,1.027382962082288,1.0794552679830098,1.3038976854567115,1.0919172017169911,0.934673343539017,0.750680659213443,0.655299424121275,0.5461330065330257,0.42084720261205566,0.3897673050857194,0.3515221464985124
1550,2,7.127179205417633e-06,2.8967418670654297,8.037780250733972,2.1122776853761835,1.0524106771828887,1.0146824158811396,1.2662295770182492,1.1126192940177262,0.9954237192357429,0.8161724819882273,0.6841563656371332,0.611583992411156,0.46916764649187553,0.3937001806321724,0.34492860459660074
1560,2,7.127179205417633e-06,1.74209463596344,7.604625393024867,2.0013390009961722,1.0206150401428515,0.9763476070806799,1.154245352467577,1.0084154183358884,1.0031223737522004,0.7998922710204519,0.6571637192174512,0.5863911793854677,0.47506932229816123,0.3686634761555614,0.31111481667310265
1570,2,7.127179205417633e-06,3.377572774887085,7.744810390037013,2.193416457348192,1.254059670118733,1.27676991220288,1.425289645098019,1.21607351019714,1.2362176309653592,0.9905195922170051,0.7435942822543831,0.6517388703698767,0.5116640404195661,0.45847426862724994,0.39634181585294065
1580,2,7.127179205417633e-06,2.6419379711151123,8.355131180404495,2.4167665961197073,1.3992169901983804,1.2998799319094498,1.5492203928532777,1.302785647512741,1.3323202804128211,1.0817130190983757,0.8875704908275863,0.7440763697094158,0.6028837736141315,0.5104621182661093,0.44416531626652095
1590,2,7.127179205417633e-06,2.3474671840667725,7.032470535393107,1.931081811743262,1.0691533470462893,1.0305924917048515,1.222671595326592,1.031298557155098,0.9822065378490885,0.7401726956591568,0.601754016109611,0.5336804383168793,0.43742763170580673,0.3422668057778851,0.2925199236562237
1600,2,7.127179205417633e-06,2.4840495586395264,8.959160123582755,2.514037914813268,1.2560586821921211,1.1326610355379334,1.286908368010347,1.1343507052914878,1.1032486465774345,0.8474570047747986,0.7213384094283137,0.6307136589882524,0.4885479573948508,0.4003861749615458,0.40025135854169525
1610,2,7.127179205417633e-06,2.7988362312316895,7.8839426548824045,1.9789996060783046,1.0489394498017428,0.9784230546971882,1.1916651170820425,0.9935301605702144,0.9676584037883672,0.777787276349974,0.6114757591019673,0.4978600850853997,0.41837875442329947,0.3557657073674332,0.3001384758591862
1620,2,7.127179205417633e-06,1.9683524370193481,8.388880012832386,2.5591838818983423,1.4691923633446016,1.446768767937842,1.6647989546544741,1.3442722867636265,1.2436970642383771,1.0433147299820664,0.7741038808899141,0.6778660003323397,0.5090164505565478,0.44042496122940167,0.35095872773606523
1630,2,7.127179205417633e-06,2.9506044387817383,7.575331664891984,1.7587166869851854,0.9888431740639838,0.9737931428031438,1.2701227853738704,1.1294158620511487,0.9997655257024389,0.866040884182287,0.6596320914033758,0.6036568515737394,0.46146832223821427,0.40467841600221344,0.3412697827427651
1640,2,7.127179205417633e-06,3.0412180423736572,8.106655690078265,1.8172853301002354,0.9681479424660775,0.939745586328083,1.1400516313613123,1.0609034817895915,1.077953610173775,0.8544017756561405,0.730194547768404,0.6733331413655996,0.5534541085255499,0.4617066701865048,0.3821438417928856
1650,2,7.127179205417633e-06,2.819287061691284,7.636864127234225,2.324839808090626,1.1751664459057585,1.1320755880237792,1.3194180680043641,1.1923522401486362,1.1971604007244776,0.8649502063138597,0.6698676711474908,0.5747658995071734,0.48702834847585874,0.40942682701491395,0.35569516618541397
1660,2,7.127179205417633e-06,2.8806204795837402,8.38164703110295,2.428882006931595,1.2645278477570334,1.207357996437484,1.494786186629118,1.3088065225070662,1.222955778768777,0.9840046378390499,0.8670414481826838,0.7249507103919028,0.5308302851741724,0.45867474540561415,0.4166048832362108
1670,2,7.127179205417633e-06,3.219796657562256,7.1743025915035705,2.1084288709937233,1.1638815663650672,1.0856564237843203,1.2397698043636374,1.0352379108216463,0.9834177847509735,0.8007637360148768,0.6576690761283119,0.5635416216235613,0.43340450594802415,0.3633446738298193,0.3249973653205174
1680,2,7.127179205417633e-06,1.7364997863769531,8.071538947725221,2.3656801583347664,1.3721924365155362,1.3002205903352166,1.480335655377391,1.2543240070772985,1.3940579588617756,1.0981163954035122,0.9079300610930048,0.7488711269303842,0.5676740600089547,0.4748651201589536,0.42852824733645006
1690,2,7.127179205417633e-06,2.0932583808898926,8.061487990030779,2.38255598908567,1.1662373208352135,1.1182360357724337,1.2579047924396711,1.082915421547793,1.0300794066188623,0.8280122998132872,0.7050687355341916,0.6329418945658927,0.4735057136162485,0.40108718514229064,0.35800692012805424
1700,2,7.127179205417633e-06,3.3396270275115967,9.673395159075655,3.8005250224971734,1.7973739414305716,1.7114450390707683,1.9359496939606446,1.5472912734395254,1.3789022349754714,1.1062577079813005,0.9301858485764657,0.7735906906382162,0.5546424493368025,0.5096791856696652,0.45220846323771297
1710,2,7.127179205417633e-06,3.0896763801574707,10.54977998488369,2.6898777280874446,1.4217388608132744,1.3214362604822383,1.6833693255424105,1.4139328037304304,1.5437880674208193,1.2520563591849097,1.0131131732335776,0.8623265321906105,0.6392966057339574,0.5629173699575797,0.4800800002069911
1720,2,7.127179205417633e-06,2.251206636428833,6.630284942165878,1.8446087152887012,0.9740935917487967,0.9932292793127059,1.1196479811854787,0.9766677621944196,0.9403444316320032,0.7465174004401334,0.6090377626940918,0.5103796613023511,0.3862148436009595,0.33630407412538804,0.2821902152428168
1730,2,7.127179205417633e-06,2.83479642868042,7.7970533959197965,2.3939459677444637,1.2277938300336764,1.2063063664664995,1.380990071072915,1.2176963776082836,1.1953894708577724,0.9043600762034231,0.7330931762793004,0.6251739413402008,0.4587599480052801,0.4247169833100745,0.39114385761428855
1740,2,7.127179205417633e-06,2.9720964431762695,8.512769937307935,2.624418798637018,1.3941468285947052,1.3145326796043353,1.6757741312590475,1.502824304826714,1.5197287490497398,1.275498529065391,0.8167627672993631,0.7826189413635917,0.5740975842629975,0.5071718719893181,0.44979123153019623
1750,2,7.127179205417633e-06,2.987006664276123,7.322298599398661,1.9607584161828504,1.040387043249979,0.9886182491666563,1.2052594495783242,0.9988633255157855,1.1504207109997486,0.8431532388341983,0.6456565224061865,0.5845614511451699,0.49157576718265394,0.421105020157483,0.38110275851686687
1760,2,7.127179205417633e-06,2.7282416820526123,6.646270034370131,1.7885154065447781,1.0228319086600752,0.9709676767865107,1.1464482950655501,0.9935455940711968,0.9956518646084903,0.7606368947151219,0.6258076042921794,0.5529228653889263,0.41429589563327185,0.35453256983796155,0.31150186069612323
1770,2,7.127179205417633e-06,1.4727287292480469,7.451759214460034,2.035953224397346,1.0622918159704855,1.0100122389193722,1.1803006083526988,1.1199844754568418,1.0685748458556537,0.8190138196194979,0.6596516546996415,0.6448592070864708,0.49763038805338916,0.4110596660015385,0.3588764710903463
1780,2,7.127179205417633e-06,2.7989587783813477,7.528834289987186,2.145780426710339,1.165397740439921,1.1766520640385605,1.3426247041432122,1.149649059819673,1.0102531963739878,0.7869681705873147,0.6842289050355215,0.589308615247913,0.4677303388287647,0.40796598776255527,0.3387922009564107
1790,2,7.127179205417633e-06,3.183844566345215,7.547439964641943,1.9382245126325741,1.1944934751013792,1.1835979892989996,1.4049657559133233,1.192071581279181,1.0190746726085513,0.793615726685085,0.6466470114147147,0.5740117623894141,0.4565717790050417,0.40393719893211844,0.3734371007856373
1800,2,7.127179205417633e-06,3.233977794647217,7.478919370679028,2.5244051379597354,1.3569398779395834,1.2883185534696409,1.567155063168734,1.336438610712548,1.3210912112142048,0.9423183810580983,0.8197884615201113,0.7009447507236056,0.5572963171267533,0.4992002737800383,0.37779389293987925
1810,2,7.127179205417633e-06,3.1985116004943848,8.045872216420038,2.4573358767688327,1.3404770207718955,1.3511536417911543,1.6291321159242054,1.3619808587428044,1.3246765648412127,1.0284936263479856,0.8345293009740224,0.7036921873672203,0.5227185231981404,0.4493377622648245,0.41026766564882283
1820,2,7.127179205417633e-06,2.359144449234009,6.830470079682191,1.6570861072293186,0.9072047745271842,0.9068337271752986,1.0479312715705678,0.9076415753583886,0.9852929051759322,0.7436283357376963,0.5857279233656577,0.5230946060189366,0.42430453844945004,0.368155837298168,0.29991043036226084
1830,2,7.127179205417633e-06,3.0440802574157715,9.016534800673988,2.4530486488892786,1.2002473010768058,1.15854916042797,1.3573478548404934,1.1942292290389405,1.2134443508168047,0.9772504865178677,0.7518493549681871,0.6496543604843925,0.49117919634938895,0.3957714782617919,0.34856367143528316
1840,2,7.127179205417633e-06,2.3327760696411133,7.031164861614437,2.045565395671924,1.1460300853024339,1.0955333167091663,1.3045336795627671,1.1243341922440395,1.0632586502229995,0.8651425322508922,0.6794461707251652,0.6158175998085204,0.45890067312551125,0.41018985963779453,0.34924650770352295
1850,2,7.127179205417633e-06,3.295123815536499,7.302951471722467,1.8704884009732217,1.0395316522944975,1.0036054589186725,1.181103740718572,1.0363041663193013,1.15948710657489,0.8660976445759383,0.6703292785695868,0.5859633986516184,0.46443876609525064,0.3887488027538754,0.3465798322697654
1860,2,7.127179205417633e-06,3.602377414703369,8.284160147289986,2.2454211460753006,1.2101755358531285,1.1677536346443955,1.3299149658877,1.1010038124309287,1.1769828919096879,0.9306564135524205,0.7797738090778169,0.638125426879112,0.5032245240138307,0.4522105096584246,0.35670265068173473
1870,2,7.127179205417633e-06,3.2494261264801025,8.078400708538885,2.3328305444022828,1.3415828622918216,1.3144759439486444,1.5019130744368008,1.2133662813808777,1.194008880584,0.8823286931524653,0.718073720465453,0.6350309453217016,0.49877677855781327,0.3910865832900223,0.3666550778915243
1880,2,7.127179205417633e-06,2.728306770324707,7.7934555310472575,2.2402797361567903,1.2352418500493396,1.214604888070679,1.2418448171769743,1.1050823221184585,1.109529813089119,0.8649214608095475,0.6713606166967505,0.6045967386548764,0.45833689496645114,0.41053859525040254,0.3463261608977145
1890,2,7.127179205417633e-06,2.752795696258545,7.730369012219084,2.3221430072634384,1.1048219927483967,1.1127983533719352,1.437042280255997,1.1642484290037503,1.0138325237476065,0.7909104284683582,0.6672710038672077,0.5673884050244246,0.414227721875767,0.36759382259305606,0.3521589654363669
1900,2,7.127179205417633e-06,2.770979166030884,7.7647633731441825,2.919995504795727,1.4482342539915323,1.3494692211802854,1.622161602052178,1.348920248661565,1.1789695051749807,0.9247398937382608,0.7586917287859395,0.667369868695145,0.4698658216011454,0.3981562750806897,0.3831685174273799
1910,2,7.127179205417633e-06,2.522793769836426,6.767099593608684,2.08681595910717,1.090455315113193,0.993239634372958,1.208698035993803,0.9848239699906107,0.9314549583519579,0.7763710950525932,0.5797751177972014,0.4936411944750646,0.39139257774988034,0.31405628238932976,0.2947515890864802
1920,2,7.127179205417633e-06,2.5525355339050293,8.02137719313949,2.6038786784067027,1.4499802112802638,1.4042178781164558,1.702935799631914,1.5053950254143167,1.4275998636174965,1.1111897794424652,0.8414096494056205,0.738548442386237,0.56264137149529,0.47028642288451966,0.42570088159763547
1930,2,7.127179205417633e-06,2.35695743560791,9.741983212474675,2.460096530756942,1.331949212277046,1.2518580655471758,1.5910662930480728,1.4483735325468512,1.4805063790820951,1.251042000034714,0.9055951184552128,0.7483988967282142,0.6510658227839924,0.5073735187251909,0.46773916700362983
1940,2,7.127179205417633e-06,3.25346040725708,6.9023202662435015,1.7409066090728686,0.9933911443166988,1.0034449233341094,1.1736069661857784,1.0277280984375807,0.9718686213444654,0.820903187936381,0.6265784797685118,0.5113752762705217,0.42032713654818626,0.33635150804019937,0.31170739362635896
1950,2,7.127179205417633e-06,2.6749215126037598,6.700343748153899,2.0032137717667418,1.1564503051015118,1.1173798612858352,1.3737985976703757,1.1921545171695336,1.068987268725072,0.8385375463601404,0.6926894417738347,0.6048717405765625,0.4395284753596291,0.3872810550879572,0.35990228966560994
1960,2,7.127179205417633e-06,2.032832384109497,8.062292227204138,2.115777849843814,1.146224269677055,1.0789066189585148,1.3312066399938374,1.1357570792871745,1.1407004826387181,0.8692164905409425,0.7414255597256406,0.6411775696144022,0.47009738071002105,0.41260000882804154,0.37425772551618003
1970,2,7.127179205417633e-06,2.5093820095062256,6.404266664326498,1.642658269799607,0.8350806541183864,0.8009355792664202,0.9612077864819304,0.8561131010493647,0.8437495884501786,0.649092822073381,0.5438404755973786,0.4925068679531156,0.366698177219855,0.3366952927447683,0.2757936959091666
1980,2,7.127179205417633e-06,2.5567128658294678,7.844592481209125,2.478068856751313,1.467760261046935,1.3692297670726312,1.6217995762672162,1.4415447992243329,1.3954805020122736,1.0103974383274232,0.9390907141627689,0.8631316869338984,0.6160340188359319,0.5647642956767703,0.43206730390622083
1990,2,7.127179205417633e-06,2.9547462463378906,7.5408833884106405,2.0213536120230184,1.110334106235646,1.0682340105773402,1.2307907478853313,1.0757213044715408,1.0950170553139518,0.8753501523712923,0.6616475846030072,0.5954135821356372,0.47074533703805405,0.42536682309502966,0.3731458995432056
2000,2,7.127179205417633e-06,2.7579550743103027,8.703574922742623,2.706900301771432,1.4943285437837772,1.452781851755076,1.6062942487481693,1.415035662521927,1.3730631632291506,1.0249922682631407,0.9202617652441892,0.7390789873746393,0.5984265779638979,0.5024098172353352,0.4272554171430471
2010,2,7.127179205417633e-06,3.188755512237549,7.37977761757785,2.0573264387295547,1.0477969777498715,0.9741143458832995,1.1055155688256153,0.9685024397872366,0.9668235521206237,0.7799706274910985,0.6027571212797899,0.5749891762678554,0.43990836754737056,0.38029820191535646,0.30827202542587423
2020,2,7.127179205417633e-06,2.9468235969543457,7.245727834511397,2.451267381894549,1.3346833955492228,1.2924865450318124,1.4633168820963551,1.237613448502642,1.1525722055200187,0.9036115849732015,0.7322162947524824,0.6168567531251296,0.5201256755199333,0.4256247283043033,0.3515161386209003
2030,2,7.127179205417633e-06,2.0106632709503174,7.899740860230412,2.2730891503414914,1.169033514062786,1.122655332846116,1.2596671268071946,1.1296021977908726,1.165234359535362,0.9042143302088201,0.7734242336100698,0.6893452717052742,0.47555612742767894,0.4109170539368781,0.41486915878524067
2040,2,7.127179205417633e-06,3.4381914138793945,7.693770095920998,2.4805258526222613,1.2350527955019273,1.1283117272256082,1.2662729944649176,1.2222513061446025,1.1479696236267998,0.878003746379644,0.7248224684886115,0.6431705563670193,0.5095128867394326,0.4025092547225744,0.3687902467218442
2050,2,7.127179205417633e-06,2.853334903717041,6.286043433209798,1.814444588282714,1.0041976944697504,0.9859090539595322,1.1069837220274006,0.9866936857356343,1.052870460430794,0.7945880652889308,0.6436340314448239,0.5440937902589089,0.3823897887462972,0.3252391241115157,0.2863842325831903
2060,2,7.127179205417633e-06,2.6083083152770996,8.529673103443074,3.6190830587188234,1.596812060903008,1.3493317920774335,1.6908584466727838,1.4406246296252878,1.273351244301175,1.001577331325977,0.7664442366674403,0.6356012001007871,0.512886895873821,0.44206040594169305,0.36440692614356035
2070,2,7.127179205417633e-06,3.521063804626465,7.551970544027165,2.2442793183428233,1.1578123964801605,1.1226917555008018,1.2660162582844796,1.124014476416021,1.132268137666772,0.8499853681735953,0.707434208941317,0.6267037840281191,0.46391677270264925,0.39074739238879325,0.3661424012424468
2080,2,7.127179205417633e-06,2.1772899627685547,10.85038511731271,3.0324658232757056,1.4108458110390434,1.2436462572279836,1.4604634247335717,1.270272348050055,1.283630727049431,0.9348085203580897,0.8031224716965769,0.6652532563118931,0.4917290059052689,0.42731998354728096,0.36969362415195917
2090,2,7.127179205417633e-06,3.412898302078247,7.493805146271121,2.152097641379516,1.1232615489484792,1.1029590507816536,1.2295455015152625,1.1005154892190587,1.2154882925135566,0.9028366165206844,0.6338647643271772,0.576268766951234,0.461910678915904,0.40352861978545906,0.3565379227535361
2100,2,7.127179205417633e-06,2.4633376598358154,8.408929510695398,2.017606064757859,1.1212963799128597,1.0849440110973876,1.3058126520800255,1.112402601271757,1.1394155581508152,0.8891808283145206,0.714217415340913,0.6564257795930621,0.48924631910829564,0.4174581078346629,0.34521715031084527
2110,2,7.127179205417633e-06,3.374974250793457,8.926947931488858,2.363799631908769,1.3504363173411913,1.296320333033794,1.5661212008211138,1.410758248367395,1.328733773377322,1.147219925258379,0.8770033402183336,0.7376621021874363,0.5553551080373738,0.48097502089636723,0.41232743941380506
2120,3,9.502905607223512e-06,2.6952924728393555,8.742925495789965,2.627367284519184,1.5056413741337769,1.333413664613489,1.5299623687633086,1.238210711252564,1.1027711228190804,0.8726591431520339,0.7678427497245683,0.6577554216789407,0.4978839984412955,0.4170616509365273,0.38703732784063877
2130,3,9.502905607223512e-06,3.191089153289795,8.017632900646989,2.0981713542957303,1.110127486816714,1.079468962887535,1.236553647006124,1.0557604327328316,1.1020468583489293,0.8441045547140502,0.6917840803957126,0.5863965218729283,0.5075233027932863,0.43472103872165013,0.3495507418808252
2140,3,9.502905607223512e-06,3.4094786643981934,8.638503336493356,2.299328559793548,1.3238212362126303,1.3702231476735154,1.590065330056571,1.4016358939521238,1.3232832410798545,1.0034129357487271,0.8437740836063238,0.7587869659785171,0.5429544047225833,0.452948587321988,0.41791222786684645
2150,3,9.502905607223512e-06,3.336747646331787,7.980962428293663,2.543841319369115,1.2868289685933445,1.1397208322560444,1.353551297415263,1.2100888743672527,1.110061074265284,0.8897228516046871,0.7098966138467719,0.5912978539327769,0.456584486553317,0.3689206429963439,0.3350631390275136
2160,3,9.502905607223512e-06,2.778850793838501,8.366283445061551,2.311033930267893,1.2162044013732043,1.2025465224323384,1.289889679546311,1.15147474291267,1.0423755517857805,0.8363665183111252,0.6636276651110989,0.5753819665807477,0.4786162784634007,0.41298866654719674,0.3691567939801597
2170,3,9.502905607223512e-06,3.0084879398345947,8.645787246746325,2.468431892430827,1.3157561788377639,1.2465102979261378,1.4123009835960787,1.1773665022998985,1.1134092646460942,0.9626988143795776,0.773416366346366,0.7223139819330655,0.5714012419912261,0.4155579466314369,0.39437047701480604
2180,3,9.502905607223512e-06,2.979253053665161,8.173174038620028,2.200317350062186,1.2103492991843876,1.2804609283902395,1.446532405257508,1.17691274221329,1.1800805166428265,0.8500429618538973,0.6820037106924927,0.6007753692390948,0.4658457241206481,0.430312054003192,0.361329118699684
2190,3,9.502905607223512e-06,2.329195737838745,6.283663368848349,1.6154600760432756,0.9052109941442397,0.8812456515272598,1.0136287295209396,0.8690038435438698,0.8570459763216144,0.714701588740842,0.5768399382346567,0.4729192689116413,0.4026679824856491,0.35074202158521023,0.3246134467680881
2200,3,9.502905607223512e-06,3.0226707458496094,10.311345014821944,2.843899823739151,1.4712673075727436,1.3615704814816434,1.5294620705703028,1.2839878500585151,1.23862224113141,0.9744625626518578,0.8794566520630871,0.6982648757540489,0.5562588594198061,0.4644006813922329,0.37938784857171215
2210,3,9.502905607223512e-06,2.021425485610962,7.941302522778028,1.9033652543150117,1.0826159911820732,1.0741482437089496,1.1852695409736276,1.0263878415209147,1.0166279438405181,0.8337509460462758,0.6681193989358938,0.5853108721094523,0.42679516382699517,0.3779155523147003,0.3416160876004155
2220,3,9.502905607223512e-06,2.1275863647460938,7.134217979953443,1.7705093425765426,0.9356661043556341,0.9404383924921652,1.0528159807556268,0.9254987730699812,0.9818226233558869,0.7463341147040968,0.5857730640207842,0.5332241513758643,0.40215587133239433,0.3609846536369385,0.29017328273426524
2230,3,9.502905607223512e-06,3.066514015197754,8.254528371778623,2.09661236227529,1.1550822951114084,1.1012476778900238,1.246783608063378,1.1037203468705106,1.0806789980695362,0.8193195171438549,0.6654362813671801,0.5532488762932022,0.43482329555649696,0.3724544177832798,0.34674666504467483
2240,3,9.502905607223512e-06,3.5169098377227783,6.411462029783405,1.6656934026268222,0.8938881181550428,0.8856642606592775,1.0908897413639354,0.9565530216640262,0.87126332845392,0.7211633500360702,0.5602084938955711,0.46557308044811246,0.3664019011407919,0.32575301566990666,0.25854204877726256
2250,3,9.502905607223512e-06,2.6016812324523926,8.539127451017661,2.022669381541501,1.0482585984992958,1.0078635255400523,1.2088735735301666,1.0264914658825848,1.0786398458550057,0.8110363599597047,0.645978482590043,0.5418988211661525,0.441281353338313,0.37526352299162785,0.3212392433168095
2260,3,9.502905607223512e-06,2.676719903945923,7.820764643071704,2.034273142009636,1.200451778761614,1.1755426546983063,1.3872534588198238,1.295807366240685,1.2607854944822874,0.9108970865230577,0.7204394303726739,0.6125087368691022,0.48318309374193097,0.4134791347475838,0.32779868535640805
2270,3,9.502905607223512e-06,2.7410733699798584,7.189632247136345,2.2314947753684025,1.0734621138343572,1.0312013456860696,1.2421102484904663,1.0690549754069363,1.064500948696722,0.83372013821301,0.5734854055336749,0.5175605285100491,0.40181673532524614,0.3440639131989272,0.2886182903657422
2280,3,9.502905607223512e-06,3.1992833614349365,7.751670041009435,2.319062008266327,1.2084226485292922,1.208630192883368,1.388271428635912,1.234533987956841,1.128546958183134,0.8494625797574442,0.6913009774363865,0.5637053011027778,0.46456093933069253,0.36499331058964884,0.3198244267462553
2290,3,9.502905607223512e-06,2.9810585975646973,6.499072464109167,2.006186545432867,1.1050904852033714,1.0560110350518723,1.1277019950561569,1.0018423445657394,0.9279155541660127,0.7101027090414554,0.6098836549667398,0.512999678870101,0.380364752817884,0.340516570269405,0.28178487634632826
2300,3,9.502905607223512e-06,2.499807119369507,8.33188311401663,2.359685677699352,1.312284056072259,1.2525079071875944,1.412645975670867,1.2526721151849622,1.2074355197262672,0.8758592156372569,0.7886189838431209,0.6861729882683023,0.5397944539608128,0.45889473498527317,0.39592607734358237
2310,3,9.502905607223512e-06,2.946692943572998,6.642824602668802,1.8028348794852915,0.9143132401165803,0.8574267869212057,1.0036542804969317,0.8571692406710378,0.8428494358057046,0.6692961903012768,0.5222145532666395,0.44476244020370465,0.3268127165785545,0.29596823603799993,0.2641638720270691
2320,3,9.502905607223512e-06,2.094736337661743,7.87369890469152,1.7573087671757388,0.9259648930615512,0.9150113320843354,1.0391112228047834,0.9912276013798729,1.0365822785796983,0.8622350040701996,0.6285871287069528,0.5440019776345216,0.38642982177758506,0.3660740585472653,0.33931331606693593
2330,3,9.502905607223512e-06,2.7211501598358154,9.246988962029675,2.1834828786474274,1.1654228161130504,1.0800877446671886,1.3381485731910272,1.0784828465687344,0.9836450498802083,0.7913261194101878,0.6495453077911499,0.5325187045568187,0.4259441419258945,0.35780182188298404,0.34004517531498935
2340,3,9.502905607223512e-06,2.66316294670105,6.7159062230542235,2.2157617300268138,1.1835440912811925,1.1030944703502286,1.2522198636348856,1.0851680847600607,1.1015873176968745,0.8136905582552169,0.6710676128365017,0.5608749513471075,0.42223040464426914,0.3882169349619789,0.33088851656004564
2350,3,9.502905607223512e-06,2.5563926696777344,7.594290210623999,2.4458270143641188,1.344693684379456,1.2405781869162138,1.4855537967366406,1.2592686220164155,1.1694394540913662,0.8606579339239782,0.7753300272947037,0.626946969142258,0.479476003344283,0.4170841746454648,0.3364854808995287
2360,3,9.502905607223512e-06,3.0616183280944824,8.343103439793143,2.1631630675490796,1.1320258446715994,1.0992845011483907,1.2679235568087934,1.1051352763875912,1.1178834705346823,0.89934665140805,0.6978189408283957,0.5924135179510316,0.4565832158530488,0.3695017238439118,0.33001599043275764
2370,3,9.502905607223512e-06,2.9930214881896973,8.644967907292935,2.4333762395224845,1.2305528476242251,1.106417117105219,1.2407456497073834,1.1067322274737328,1.1559736156322333,0.9302341760274151,0.7303820359622807,0.6243170520990436,0.4769590698876893,0.40471322802978527,0.3341246762796574
2380,3,9.502905607223512e-06,3.2429094314575195,7.511941350393179,2.062627992318418,1.1721783865294522,1.1249654379072596,1.2821730158920337,1.0928667632027307,1.0251581569108397,0.7653168061281169,0.6528297255893684,0.5380852917026226,0.4756570415968122,0.383633501966148,0.35270340964895575
2390,3,9.502905607223512e-06,3.0214147567749023,8.304344621007328,2.0825174420048316,1.1156700661585506,1.0582851823002952,1.2649070632937542,1.0600443308473428,1.0270541373918072,0.7925764669396703,0.5997717680945063,0.5222977865913471,0.45297368428506474,0.39987392980590225,0.3246130364166716
2400,3,9.502905607223512e-06,2.9351308345794678,7.117566128068802,2.183775392544813,1.161924939148054,1.0825857410730924,1.1943094189139367,1.049805579129661,0.9797418727077408,0.7456692946298195,0.5950902038359795,0.5031243821460524,0.3931463699689595,0.3280993946760376,0.26582040296206294
2410,3,9.502905607223512e-06,3.0722267627716064,9.348883578362475,2.7915207583724633,1.4926763474257758,1.3976985382360188,1.635492692876128,1.4402878109517177,1.512796446349779,1.2554884485004125,1.0194495891370337,0.8472268368982743,0.648088517101945,0.5654056952850401,0.48300618638454784
2420,3,9.502905607223512e-06,2.537963628768921,6.7446849457546785,1.5995895818279675,0.927888502780883,0.8870883986924974,1.0283192708333038,0.8895411496464024,0.8715972423561802,0.6797541936937892,0.5683147399041808,0.4719314303039593,0.3677708955808275,0.3033397941780801,0.2885629878905991
2430,3,9.502905607223512e-06,2.4444351196289062,6.936081426092471,1.8746949808073157,1.0441591745577277,0.9461897201475817,1.0859399078614955,0.9747247845136094,0.958138356453521,0.782718662983592,0.5944425487940007,0.5569166462792368,0.4240023439854611,0.3633499578541006,0.31844626309697444
2440,3,9.502905607223512e-06,3.1886909008026123,9.597146795230774,3.042742219500317,1.6263970243107981,1.4403096489067952,1.6705999158233573,1.4776138835807344,1.4660485867591446,1.2012174912645415,1.0297744490423273,0.9272916614327412,0.6869163107396274,0.6014453676162639,0.4703571558314799
2450,3,9.502905607223512e-06,3.2474637031555176,7.122923457175859,1.7523094838080353,0.9011996364284608,0.9021790483512659,1.0028207925353556,0.8687976390029807,0.8515259177606472,0.654346837203015,0.5505402030522213,0.46015302704195243,0.36451761381916054,0.31924004654247295,0.27378661281925837
2460,3,9.502905607223512e-06,3.3207640647888184,6.316481213313382,1.703326104365958,0.9104680259578134,0.8566794838207046,1.0597689959674002,0.9646194087757581,0.9102297811664649,0.6888733170512333,0.5510918538040872,0.48163306036717246,0.3981337765344874,0.3451735361660813,0.32596726972765305
2470,3,9.502905607223512e-06,3.216369390487671,6.75635131695215,1.9836842453981982,1.0600349239761309,1.077436914127101,1.1711883419678735,0.994295558875159,0.919548110549193,0.7442361607716581,0.5735566537414551,0.4901943699389371,0.3733950310076244,0.3211775191274887,0.29099521065103223
2480,3,9.502905607223512e-06,2.7643628120422363,7.22571246588899,1.9275887177045323,0.9991492075464194,1.0503503787849144,1.213681538857109,1.0442969517106444,1.1013477912822855,1.0147941747176112,0.7203760613516647,0.607094087670517,0.46046432442006324,0.4047722800488809,0.32765693542661917
2490,3,9.502905607223512e-06,2.793149471282959,8.579868820235781,2.14297383443477,1.300780919511892,1.2113498731254535,1.3055601908885335,1.0996247127535312,1.053096224695233,0.8105777103288734,0.6688181149880529,0.6005711041618629,0.44467473946124153,0.3828273962432648,0.29626770427107885
2500,3,9.502905607223512e-06,2.417001962661743,7.399090047690275,2.2036752424382122,1.2911466573359272,1.247686999458573,1.3958880029319436,1.166479924402744,1.048546548645309,0.8565358790930424,0.6917399617381025,0.6309404835188284,0.47023112296359404,0.3902254876131042,0.32414323482829305
2510,3,9.502905607223512e-06,2.9437568187713623,7.143318752728059,1.9181354069021976,1.1110674601184019,1.0487382110772718,1.2012239765433768,1.0528596447743992,0.9875877789259047,0.7840164456202845,0.6495257428142455,0.5643779166520044,0.4096593863327588,0.36646085014757684,0.2854030136427453
2520,3,9.502905607223512e-06,2.5650153160095215,6.723618251268358,1.8484706662790844,1.0222197094268342,0.9499487594080233,1.1290649876902774,1.0089244739241185,1.0103867416498518,0.8011540684615709,0.6543009851165573,0.5815539089707928,0.3979519668117447,0.3592751484418711,0.3010973948750563
2530,3,9.502905607223512e-06,2.916046380996704,9.430866028897624,3.143099917215677,1.615886817439251,1.5686689586569311,1.9580740855302603,1.627678610478085,1.7077360562020185,1.2662709529801224,0.9054748662114187,0.8024350210938898,0.5966910495577166,0.4975849030286612,0.4264409573370611
2540,3,9.502905607223512e-06,2.5841102600097656,7.625397354571664,1.9192655133165581,1.0201887481963932,0.9299929042637377,1.0675114484228476,0.9633282305541659,0.907176587481007,0.6733900817243459,0.5753780502369957,0.5272596761413513,0.4111082198888258,0.364042378417276,0.2966036853171061
2550,3,9.502905607223512e-06,2.543872356414795,6.202084269020664,1.6618684385659537,0.9488273497117133,0.9378177130699346,1.1059827581049102,0.9489218081274531,0.9687163194629912,0.7733992826196442,0.6254266754780469,0.5404111520970617,0.43142728600793195,0.37335447299526847,0.3062989887795718
2560,3,9.502905607223512e-06,2.437227725982666,8.58973384243444,2.71354999560812,1.3545880536233685,1.2563498174435277,1.375936243935809,1.2253715326764962,1.1188531869730132,0.843548730293502,0.6732922027929493,0.602245524668417,0.4451995746817582,0.36211029906692516,0.3368476822448325
2570,3,9.502905607223512e-06,2.9063758850097656,6.514271961186489,1.81648897811325,0.9395861816612668,0.8718592393239573,1.00093308880651,0.878676128560469,0.8474948261356416,0.6489987117261873,0.511395365294487,0.4334558300845925,0.3625394071949828,0.29487038448140546,0.2471708073645046
2580,3,9.502905607223512e-06,1.8497287034988403,8.148286482460442,2.2839193495818835,1.1306088248561104,1.1054720806414537,1.2057162235722239,1.1192490557442678,1.1669905570873738,0.8928107988694564,0.6618059343091691,0.5916437298808546,0.4724859842644721,0.3935415245166151,0.3137277119934143
2590,3,9.502905607223512e-06,2.5318007469177246,8.134799777054162,2.0054722116633044,1.1374032657214568,1.049454304253074,1.2014747200905245,1.1080071972539194,1.0774286757098994,0.7895013293178544,0.6268352302314228,0.5560021393399422,0.444147505754631,0.36916164671227597,0.29896889732764825
2600,3,9.502905607223512e-06,2.8155646324157715,9.327657083435247,3.3146513475076915,1.553595441396841,1.440633228032458,1.7061476463093594,1.5489101328822048,1.4887820027610337,1.155566147409258,0.9065943842274937,0.7844765794950023,0.570189479566212,0.5507549983567123,0.42001122762732584
2610,3,9.502905607223512e-06,3.6981210708618164,7.272933216105902,2.110784264548004,1.1617558257937226,1.0656309166961013,1.2126927663124665,1.1309128285384005,1.0436633347322912,0.770314202364731,0.6397772165126684,0.5527013245033461,0.40135909298797273,0.39103126891973583,0.2851119859279931
2620,3,9.502905607223512e-06,2.9024603366851807,7.097593379868159,1.8966699072460935,1.0330764363208298,0.993652558209539,1.1104702777545588,0.9817727474159258,0.889939439142152,0.737872077248955,0.6161796277590758,0.5213431765627421,0.4151763434560607,0.33989780346374865,0.3037400031449131
2630,3,9.502905607223512e-06,2.4457411766052246,8.774225707438813,2.188472538145481,1.1404634029890748,1.0809823440473756,1.2247693403054762,1.1382041370303486,1.1745449429171118,0.9458406613169961,0.7299748700084289,0.6461582215957994,0.5009971582699324,0.44642844683555477,0.340269072253515
2640,3,9.502905607223512e-06,2.6105082035064697,7.318646207104424,2.219447802340885,1.1714354002482106,1.067139351525916,1.1997008161093672,1.0478779765236854,1.0328908187133417,0.785508968525277,0.6759894309817854,0.5879476726458245,0.4748711942633934,0.3996803786691048,0.3165877922951608
2650,3,9.502905607223512e-06,3.9825127124786377,7.789130825022409,2.260462253619403,1.257215993723316,1.162613828947906,1.3571811414640007,1.111400078832939,1.0240697204856009,0.7653675951684829,0.6159475978913632,0.5287131830380204,0.42977479931690366,0.3640421336292084,0.3072325802455866
2660,3,9.502905607223512e-06,2.9417545795440674,9.095454221465863,2.8474122078251294,1.5381336233149268,1.5273812745120752,1.6527632012256162,1.3161363337678562,1.1960756752133255,0.9448234447671988,0.6981817367285147,0.5775581017510698,0.42451049070949054,0.39066818394881203,0.2938917195300297
2670,3,9.502905607223512e-06,2.7810187339782715,7.570318154698664,3.1267889550768704,1.673640957654869,1.5151756402752086,1.689649802161261,1.3400669981382838,1.223230742868349,0.9390800698701091,0.818821429679671,0.640318618580017,0.5162413178204792,0.42303768000062236,0.32633589862981466
2680,3,9.502905607223512e-06,3.2849059104919434,8.07286771253533,2.499914783882483,1.4311590267958858,1.4257829286658517,1.6917554266622752,1.4251317425031487,1.18063341594769,0.9637253384949299,0.7510916785757215,0.6448134951648631,0.46083680605412636,0.35265263098119076,0.35083755355973434
2690,3,9.502905607223512e-06,3.0411436557769775,6.627488186237844,1.8834075593800401,1.0404418906475388,1.014859196623445,1.1357173949644073,0.9938965236429081,0.9354378348348011,0.72054775657043,0.5916404786840576,0.4603918951631009,0.357254012246177,0.2938300642090562,0.2744015544516721
2700,3,9.502905607223512e-06,2.1298646926879883,6.770397858026225,2.1093264979356583,1.0687525970731728,1.0526295352310986,1.1580791246187603,1.0401434629385697,1.0154746941541541,0.7817630255302781,0.5926460906367433,0.5330803041215901,0.41170360946658524,0.34671161269133954,0.29141727665290934
2710,3,9.502905607223512e-06,2.74117112159729,7.618005770174924,2.2288930403747287,1.095597900211973,1.0811985172122767,1.2427258624756656,1.1029921763566193,1.1134224076263983,0.8387925473507243,0.6883219817474562,0.5921871750929182,0.45103804782458556,0.41466779781407104,0.31495044479215206
2720,3,9.502905607223512e-06,3.1264824867248535,6.927224870751756,1.5865750051279055,0.7908740527438151,0.76191259441869,0.8916625381699231,0.7727361658793317,0.8045793080720927,0.6128623865556955,0.4972513732625806,0.40677453198182245,0.32748794284055344,0.2845042223128518,0.2340702197645913
2730,3,9.502905607223512e-06,3.1534640789031982,7.431939574170112,2.3807781810143225,1.2889177775332115,1.2058868953408108,1.336895301273066,1.1058738596236184,1.047575185781404,0.8601295751963846,0.6830954738747901,0.5397792464143473,0.423057650873101,0.350492029120908,0.30586692764106393
2740,3,9.502905607223512e-06,1.9714900255203247,8.514497264878237,2.257222192232362,1.1844317926656154,1.1476728482580663,1.2504236549021992,1.1417697235746893,1.0803986607226856,0.8164482833335127,0.7149457920673757,0.5628901429862657,0.4639153360448205,0.37298051146402744,0.3207997302457915
2750,3,9.502905607223512e-06,3.1967082023620605,10.439058781425086,2.502017305653341,1.4844346878715697,1.4070205437364025,1.7346470635110953,1.4093805922988845,1.3839070723932436,1.0922577648145284,0.8919463916810187,0.7854756054912599,0.5951056455601639,0.46066563373394365,0.42003537519095147
2760,3,9.502905607223512e-06,2.5414719581604004,7.810980953508199,2.2737870258508197,1.2549730949357394,1.2216127613953833,1.4386539459114722,1.302887705180661,1.1174806394001215,0.8332248486202111,0.6848016810532993,0.5684073902995492,0.48156334931001304,0.40168960468911497,0.3212518950651315
2770,3,9.502905607223512e-06,3.047088146209717,7.015824515477806,1.686821347278887,0.921324040825887,0.9008717632430497,1.0128067846819582,0.9383554582676455,0.9297241948096426,0.757690908421062,0.5574410175853534,0.4870945030326088,0.3526639236202858,0.3164373682025638,0.24267778228855458
2780,3,9.502905607223512e-06,3.396378993988037,6.726806629851971,1.8011300216368293,0.9542974574424796,0.935302541573947,1.0989916239623576,0.9587214875519428,1.0512538296414613,0.7861292688246566,0.585975913568057,0.510598393190615,0.3908407376493834,0.3434613037396972,0.28658418036693933
2790,3,9.502905607223512e-06,3.3869946002960205,6.051772713655622,1.8626686025146988,1.015466888564612,0.9895008089298708,1.146939803394311,0.9878560431084903,0.9376013738475236,0.7292532768495388,0.5656815638584842,0.48853249896707124,0.37446369097641286,0.3176458976970829,0.2494459042785195
2800,3,9.502905607223512e-06,2.02229642868042,6.623805514239235,2.231006060619297,1.1366530094629026,1.0742846452892303,1.2097260773367249,1.1410175684102366,1.087044139898969,0.8465411421228816,0.6583233987875934,0.5489433856748622,0.42551579761180625,0.35591738213133434,0.2885133631894114
2810,3,9.502905607223512e-06,3.581110954284668,6.377045514750963,1.7512938311376067,0.9577145406925152,0.9457333346817655,1.1222468804544379,0.9667656641871891,1.0575846481606628,0.7501157834171363,0.5996384051083797,0.5065137242212565,0.41029595282213177,0.33250875895278104,0.3093970814284263
2820,4,1.1878632009029389e-05,3.1352903842926025,9.893225828251387,2.8156853839808638,1.4533890236092526,1.357510014886817,1.5403909872634876,1.3824223845775134,1.4109428759103955,1.088890515565892,0.8519491437437477,0.6851309406009394,0.5183068323384101,0.4246653298353561,0.3083541076169519
2830,4,1.1878632009029389e-05,2.440904140472412,8.206544777570468,2.0555296139373,1.0089540437393134,0.9448279072846018,1.0782396288766893,0.8764894448151007,0.8448297122468293,0.6212279904451112,0.5347781287116578,0.45801001374015265,0.36004985569691134,0.322431727279359,0.2765160862999625
2840,4,1.1878632009029389e-05,2.6780943870544434,6.2959938100841,1.8307507650075705,1.0714172836247546,1.078212543939618,1.2108230000005524,1.0594712552503864,1.1268813012319536,0.911711536845725,0.6121423693107572,0.5305915364846008,0.4321491818643456,0.3523687623397424,0.29140872708505156
2850,4,1.1878632009029389e-05,2.996415615081787,6.089353633825591,1.6120260770402026,0.9220115136840143,0.8789995132078413,1.0299170384138034,0.8887172122230046,0.8782973657874786,0.6824120806698344,0.5446463024841682,0.49311279526341917,0.36349878660293017,0.30269241284031484,0.26864513600917234
2860,4,1.1878632009029389e-05,1.8754284381866455,7.787284353913788,2.569320167831934,1.257784439944359,1.1903281627941982,1.3720854176974406,1.1579401705055175,1.113199502783744,0.9202982606289309,0.7771509233662307,0.6480466922882949,0.5488013308981115,0.4753006151083749,0.3616479326760756
2870,4,1.1878632009029389e-05,2.448442220687866,6.755316621499566,1.5904391324115776,0.8754758562195902,0.851069156118859,0.9932477915843652,0.9143265383965541,0.8566319914370571,0.6602613787999774,0.5661640847746059,0.4445860239267773,0.37952387172100316,0.3126835595102633,0.25743582962324346
2880,4,1.1878632009029389e-05,3.1906142234802246,7.649441950550535,2.2875366526080816,1.1235636587208022,1.0869972432755335,1.213790305479161,1.049547354976759,0.9591592558041786,0.797072361892294,0.6645203886021038,0.5323094577319839,0.39672089971513247,0.3740035086550665,0.2343203463780588
2890,4,1.1878632009029389e-05,3.6992883682250977,8.568944019626933,2.4558331830018405,1.421621813197493,1.3453337164893544,1.5006881859854873,1.2656355970153,1.2319004260118842,0.9602155732362192,0.7526790149470565,0.6566576733352733,0.5025545788509036,0.3802442941239518,0.34005217111776
2900,4,1.1878632009029389e-05,2.6885125637054443,6.769602177009054,2.0261523949150875,1.1377079285205582,1.075900731008631,1.2935804543628047,1.1307767597773188,1.088312390962525,0.7928240348391702,0.6682472640520483,0.5204219614658465,0.402612734219319,0.3640593440121131,0.2947476909303429
2910,4,1.1878632009029389e-05,3.57997989654541,8.111324619302664,2.332625774278146,1.1540435942622194,1.1296049762497165,1.2867468725958406,1.0916772285270506,1.0844922968358197,0.8923497667136759,0.6819578261110247,0.5565768864766587,0.4634822702201125,0.40494280942341926,0.3406812485229745
2920,4,1.1878632009029389e-05,3.1861910820007324,7.589833014303721,2.355023198725797,1.3663832563145841,1.203993288888582,1.3967835318477568,1.1973830765968485,1.1439281758673387,0.8737280183970858,0.6938644274038547,0.6078703743176815,0.44999697973516983,0.39178691502212865,0.3448670408675936
2930,4,1.1878632009029389e-05,3.1838197708129883,6.188061771971953,1.5670529905440742,0.864891887344815,0.8179198637520184,0.9727486043739756,0.8518318206527091,0.8191906731295967,0.659209360783765,0.50717953999227,0.4528235583953831,0.3541159215363462,0.28805301105282105,0.25963139656328704
2940,4,1.1878632009029389e-05,2.579672336578369,7.704373411526712,2.115408209350853,1.2275643994996719,1.0923465446978462,1.2760461020630796,1.0772958788842444,1.0610254019859637,0.8380507376323189,0.6497703828879464,0.5496319591052533,0.44177107961952045,0.37052607401243676,0.31162585164464046
2950,4,1.1878632009029389e-05,2.274427652359009,8.444882943909425,2.7364652234801654,1.7458776965313834,1.6094236609412051,1.820421254890718,1.5715743054394014,1.5164061916052578,1.1803328910774749,0.8520553375261681,0.7251949923501064,0.5405430635734321,0.44386458449463,0.3993142276086514
2960,4,1.1878632009029389e-05,2.5866646766662598,7.152613418757394,2.0493569964619947,1.0732000749617758,0.9972709513203369,1.1126177098001053,0.9609884743392503,1.0320061972974552,0.7475275320186219,0.5555303297961914,0.5234525266254012,0.3757880020920936,0.3284772783387234,0.2818020627991955
2970,4,1.1878632009029389e-05,2.4388389587402344,9.009637530759388,2.9302086504199703,1.5528001396479332,1.3999221609794905,1.612589207695219,1.4364507914386522,1.4143583620239097,1.0677595928348704,0.8373616588033241,0.7110001418856676,0.547410712136616,0.4652589860055002,0.36915624412191383
2980,4,1.1878632009029389e-05,2.9780473709106445,7.020214940505521,1.7637082859828164,0.9965470151620104,0.9475565137569305,1.0865354013056467,1.0035900785859608,1.0191883638371841,0.8250598743773538,0.627136693609721,0.5526973177554713,0.4247660555020986,0.35446360638759095,0.3041707462675197
2990,4,1.1878632009029389e-05,3.4099514484405518,7.413915087078029,2.185506832816089,1.0522887287109874,1.0660062317929722,1.1948754551267444,1.0147740623453625,0.9902167781006019,0.7613590207174931,0.6159723697541417,0.47443186533382353,0.40431518162937874,0.34210510975663666,0.3219613268634622
3000,4,1.1878632009029389e-05,2.567223072052002,7.578379723955167,2.4270432045129184,1.413914342115285,1.3322520186709188,1.4591334865518206,1.2661639957876218,1.1634949675988417,0.8847845251777006,0.7232542310634636,0.5835574946446246,0.4601318933198149,0.367949451375166,0.3022738729050321
3010,4,1.1878632009029389e-05,1.795613169670105,7.3399798946044825,2.0066324333134316,1.031934241104636,0.9600575804450397,1.0486786084673674,0.925440970470012,0.9220010409770932,0.6997969366993879,0.5518688275760955,0.5025860891576659,0.3951711191769665,0.29497941002137174,0.2642557529451332
3020,4,1.1878632009029389e-05,3.3644332885742188,6.199012091465887,1.5874607071336486,0.8455793900237308,0.8475247081534757,0.9899662097221842,0.8764631171893538,0.8117338045971291,0.5945754394139725,0.4727680504807168,0.39165405308349105,0.3067553652826588,0.25034294115709754,0.23459713981213962
3030,4,1.1878632009029389e-05,2.1078128814697266,8.062437866267059,2.617960532283966,1.3923673879410607,1.265767579398139,1.4566319663158906,1.2532699602386963,1.1927005614794193,0.9636871910564514,0.7821493438292233,0.6345815500678703,0.5186544448970106,0.4429508545083259,0.3829678574138263
3040,4,1.1878632009029389e-05,2.502845048904419,7.4423424532298394,2.667260265199284,1.3747724214911756,1.1993852299313537,1.334529631120222,1.1769809207192319,1.1431256736779587,0.8773138733169358,0.6705916390946651,0.5623018061437393,0.45818206460055777,0.3798557240051401,0.3112684281142826
3050,4,1.1878632009029389e-05,2.577528238296509,4.677416286129626,1.350924920705374,0.7534375671338845,0.751144789374575,0.8541541454217882,0.7367380880820992,0.7479339524026124,0.5564823025017541,0.4344160442617925,0.36134257220248833,0.27474508411445453,0.25162023850853893,0.19971157246045043
3060,4,1.1878632009029389e-05,1.8580619096755981,6.169242807702714,1.7650874404373214,0.9271702199593156,0.8860364891462875,0.9719096594242229,0.8457894191409862,0.8476966969924463,0.6644463546800796,0.5461741768850839,0.46521743437090035,0.38726452800661326,0.31348860682266616,0.23425825252136634
3070,4,1.1878632009029389e-05,3.14109468460083,6.8036670689752485,1.7926930916586006,0.9688639855248768,0.9652241153500561,1.0853131090561963,0.9196324523378601,0.8995550480412824,0.7230547174406179,0.5702308574047068,0.4762701555555393,0.3457937499658721,0.34988897379542866,0.266088183835011
3080,4,1.1878632009029389e-05,3.60322904586792,6.07469158783103,1.597324761103301,0.8877902506717569,0.8075260197978881,0.9278796981253622,0.8298229157940517,0.8065485136069213,0.6321259428855228,0.5400143567796791,0.4509854052886413,0.3272353549468187,0.2856126002695948,0.264886175351698
3090,4,1.1878632009029389e-05,2.701066255569458,6.274601547088927,1.7541296352357796,0.9245964252632421,0.9144467172032553,1.080567739502463,0.8922629690646122,0.8999512475147818,0.6752355205414238,0.5262173321518647,0.45119446780392597,0.3720171018013091,0.30980156785877927,0.26320709555370364
3100,4,1.1878632009029389e-05,2.5642125606536865,6.417674388521566,1.5556385335800158,0.884263012880245,0.8585374468905017,0.9680341289531664,0.892309266655086,0.8597233850286331,0.6735150660950998,0.5190012168767494,0.4482539673745975,0.340085990531765,0.2763666135973719,0.24997245326752066
3110,4,1.1878632009029389e-05,1.9323663711547852,8.378855882799682,2.4775363332894456,1.2533806854553622,1.1546692850307652,1.3089623758488893,1.1668512910217512,1.1355951937664575,0.9246368400491515,0.6930700300578433,0.5924704222680516,0.4339510821396227,0.3586040165001802,0.2770037846777187
3120,4,1.1878632009029389e-05,3.558225393295288,8.318154651308953,2.5360157075091987,1.3580697011813367,1.289295886868381,1.3778430473233978,1.2365640217514742,1.2383862507054058,0.9424582124089926,0.786807830271141,0.6225117309722689,0.5261162480777424,0.438817287110869,0.3263723218384039
3130,4,1.1878632009029389e-05,2.6690444946289062,7.090661060795311,2.134715322603181,1.1426479457980827,1.0753059986913664,1.195545300255037,1.0400363564176234,0.9542120532913994,0.7603000562098747,0.6338368601213368,0.5410514503845377,0.43836508353603143,0.3728453556880194,0.27872124952665545
3140,4,1.1878632009029389e-05,2.8380932807922363,7.8124018044923496,2.1252445012313586,1.123002475477639,1.0338525965416299,1.2218039486340713,1.0712570661592136,1.023346725437179,0.8935842016936921,0.6434057576103518,0.607836775325653,0.46513468311114853,0.37977208435956156,0.28827150387097716
3150,4,1.1878632009029389e-05,2.4313039779663086,9.25496110534954,2.6869516483810596,1.416883346676286,1.366212779363232,1.476832962526786,1.3597979583194917,1.4013361495016685,1.2154764298068783,0.8853878728727946,0.7160463393125975,0.5308480414568512,0.44660066189205555,0.3787079980829611
3160,4,1.1878632009029389e-05,2.5896008014678955,6.961350065732937,1.6435898735106447,0.8358620604509647,0.8245647121836766,0.8946958237174455,0.7664170954885022,0.873442639394709,0.673901815197783,0.5316056070764775,0.47804606999896726,0.380844979093404,0.2943051404364171,0.27962709407483827
3170,4,1.1878632009029389e-05,3.410576820373535,7.643484069837623,2.0191593904469847,1.0726342722296491,1.0094006204125037,1.1134834811062058,1.0302195016036206,1.0250347150448786,0.8194408015564769,0.639473578497152,0.5598011580055415,0.4441855569700762,0.34334698213283094,0.31573835940759115
3180,4,1.1878632009029389e-05,2.224818706512451,8.075743036392847,2.2459492983833633,1.1924607849446092,1.0680465868007127,1.127397923887673,1.0433617260993284,0.9840220490804308,0.7370217014411828,0.5963466359617252,0.5164989410803382,0.38186769756119426,0.34886798509154965,0.3106236877032195
3190,4,1.1878632009029389e-05,4.165291786193848,8.547133609548547,2.593066669826965,1.3118879849194496,1.2227558462808708,1.4029511588231796,1.2723728062360427,1.2179731838506034,0.9463583734587789,0.7498073494210108,0.6525552696180658,0.44779108277881685,0.42126606055224486,0.33972579423032423
3200,4,1.1878632009029389e-05,2.7218637466430664,8.061671662103475,2.3525147276706835,1.240336511437399,1.2406643716015309,1.3666754385897084,1.219583482511711,1.0329603510687326,0.869940621856897,0.6544945256970134,0.5544528450148162,0.37923045745145173,0.35881519990213906,0.29177371082355097
3210,4,1.1878632009029389e-05,2.4320545196533203,7.932552461081958,2.3494668192804555,1.2860806191791159,1.2297030243094735,1.3235876214024613,1.2169638028612795,1.136259093372806,0.9215168036376259,0.7349702094310792,0.5692946491216897,0.4400665591245388,0.43754628154821923,0.27090235765854037
3220,4,1.1878632009029389e-05,3.2819786071777344,7.097896298038324,1.7924813180550996,1.0232499707300142,0.9186029006244939,1.099069028058199,0.8889829859026372,0.8477514927857679,0.6909674481743222,0.5315884356176415,0.4701442550204244,0.35330972320590703,0.3064747857245773,0.2728631161696463
3230,4,1.1878632009029389e-05,2.9350523948669434,7.22675228718621,2.1768075754988043,1.147788567007705,1.0659062526049592,1.2393626164600582,1.105840937479542,1.066554942674184,0.7994216833849681,0.6373199817411486,0.5413083245297962,0.4323932885306481,0.34394165142841604,0.2629908956005022
3240,4,1.1878632009029389e-05,2.1370136737823486,6.6641174451967595,1.7907078569928117,1.0201991508520185,0.9886942943747206,1.09080871890809,0.9724027542141445,0.9452772877155563,0.7103758078328067,0.5685758922575519,0.5246323782431532,0.35902006412950616,0.361099268068804,0.28832265018529685
3250,4,1.1878632009029389e-05,2.4184494018554688,7.24174433284154,2.0106225507317452,1.0849072690571457,1.040464485089321,1.2327582025366963,1.0768168197290917,0.992724575013571,0.8298266344356592,0.6252891045334723,0.5407728813789214,0.41429874800095967,0.3103808329694174,0.26380931563658827
3260,4,1.1878632009029389e-05,2.9888758659362793,9.398658300022817,2.6779426045991697,1.2896726145881763,1.2317215179744025,1.3969894777211547,1.2176479398229831,1.1500190114939182,0.9207340069945126,0.7313783296683716,0.6101805866496719,0.47387184347699557,0.38457333509880126,0.3115330433807929
3270,4,1.1878632009029389e-05,3.222344398498535,7.051709902526977,2.0992786265752543,1.1182787544605455,1.0859730786195834,1.24287997229401,1.0409816547466377,1.0065524127583454,0.7855307028596675,0.644005127387799,0.5192171484743453,0.41704497321506195,0.3509215694897556,0.2547123887999417
3280,4,1.1878632009029389e-05,2.256105899810791,6.076568464438144,1.6989458044560526,0.9168834583018193,0.9235730772120586,1.0700579647667505,0.8805727620917119,0.8178732149698021,0.6343087770968395,0.51405516985792,0.4195644288062168,0.32854707880488143,0.2726162871041056,0.22069588003829949
3290,4,1.1878632009029389e-05,2.5791678428649902,7.354163185258278,2.274055012913792,1.2135768372276157,1.134629379274201,1.22930078174349,1.1029140049061523,1.0703333519325786,0.7692429648063422,0.6170903327720064,0.533365260519789,0.3849543053149775,0.3399504037646555,0.26391507646075857
3300,4,1.1878632009029389e-05,2.9761252403259277,7.920411738860342,2.304468772485668,1.2397380651262484,1.158446814815325,1.3101020744279714,1.1665324458847093,1.0723268625725053,0.8649311280836403,0.6642336751658131,0.605650638681022,0.466559037129835,0.36218887919945547,0.3146133726273403
3310,4,1.1878632009029389e-05,2.826542854309082,5.854515335998493,1.707308442171606,0.9587745092865773,0.8706422764308461,0.977309198326462,0.8362679781335431,0.7991684593278315,0.6148813312939962,0.49000263510252345,0.43180531813825634,0.34824977740825713,0.2858374127983604,0.2183028509506646
3320,4,1.1878632009029389e-05,2.6666648387908936,8.237907896678143,2.221353930128917,1.2369695472212543,1.1634859742414625,1.470761406758947,1.3297820349414553,1.283777135656741,0.9375541328268358,0.7190657123440972,0.599979676336265,0.47761815404122904,0.4269819218927566,0.28407618918725064
3330,4,1.1878632009029389e-05,2.190626382827759,6.739926887592246,1.9975979602921994,1.103007327278527,1.0713063367729503,1.2477391771784507,1.1699827228193558,1.113992086620347,0.831995588325958,0.6716724276808941,0.5952926342492908,0.42858157436305006,0.37898300362818776,0.3070179826065448
3340,4,1.1878632009029389e-05,2.5457282066345215,8.61882651370697,2.0056756176510278,1.0954975284545172,1.0417713793945884,1.2467367146405086,1.1579978126753439,1.1283401202578642,0.98636681320306,0.7399984003629274,0.6235264749620909,0.45776669359004557,0.3959447139277118,0.3209894939294128
3350,4,1.1878632009029389e-05,2.900611400604248,6.785009453725021,2.3792601123679895,1.2617349719318236,1.1592785924432878,1.2435784614461063,1.1046531776491018,0.9826595317289027,0.8174939391057441,0.6494641880101473,0.5789760107593335,0.4222972350440735,0.3546701760356616,0.29036726941948354
3360,4,1.1878632009029389e-05,2.9577207565307617,6.486301020800981,1.6608186619361103,0.866880877792472,0.8287849957754163,0.9159028136578364,0.8063888644725485,0.7856046721980313,0.594828589296875,0.4892741512983814,0.4365591504763842,0.318609086526703,0.2786491243688812,0.2235159736332326
3370,4,1.1878632009029389e-05,2.692805528640747,7.34315966679037,1.9250482255056947,1.0080718550252243,1.025435495033475,1.1161705276092617,0.9660999772317805,0.8732660559857802,0.725027723860507,0.556002503856045,0.46845586526079797,0.3485901763715711,0.28796890167672107,0.236815693856288
3380,4,1.1878632009029389e-05,2.0745863914489746,7.16024374182775,2.0185610739819615,1.123250452461482,1.1201163779262453,1.3518965144015556,1.144487297926853,1.1473442235138358,0.8475965111997883,0.6897269451983902,0.6343689698955468,0.43517237235044137,0.39769481168243653,0.31707628264060034
3390,4,1.1878632009029389e-05,2.5204379558563232,7.016538947529356,2.460368887753792,1.1996110826631234,1.1592267737862183,1.234978868077789,1.0759014474452602,1.035487698922384,0.8119726033708444,0.6663074902109765,0.5519281565017078,0.43556423804405786,0.3591887455640568,0.2874742754295874
3400,4,1.1878632009029389e-05,2.373506546020508,7.131836003073118,1.929801038267089,1.058584015936654,0.9558401556745414,1.1146469580583653,0.9865199674096589,0.9293609314361173,0.7491919639192508,0.5961583885546131,0.518440029544697,0.41417586951082347,0.34843159455796535,0.26911183912623915
3410,4,1.1878632009029389e-05,2.1694698333740234,6.682384745200577,1.9526048580002175,1.1215677380844735,1.0479763679851948,1.0996380657131855,1.0021134285993252,0.9120264335035597,0.717966990411898,0.5997215837199815,0.5205376271258325,0.36671522714365,0.33118846376121996,0.2500974519790561
3420,4,1.1878632009029389e-05,2.6611645221710205,7.6330124372684995,2.2744290061978156,1.1494840686314143,1.0809846517794368,1.2311440171756518,1.0535485302236824,1.0361841387419417,0.8110783332651724,0.6402771060521744,0.556354471570425,0.42317757294461084,0.34387444697602054,0.28675726579979144
3430,4,1.1878632009029389e-05,2.367865562438965,6.091843404279798,1.9093293619221303,1.0361390559694184,1.0047543404501167,1.098573863792441,0.9664647944782552,0.9208726752284038,0.7237400459092402,0.6048098235432844,0.5003528553563347,0.4064944189835181,0.33679955131753836,0.26590500794494293
3440,4,1.1878632009029389e-05,2.7699997425079346,7.171341900656446,1.8530924405065103,1.0114376652436912,0.9791985397383117,1.094762707162169,1.0252469748680708,0.9355443897925455,0.7071367098781768,0.5905724554927608,0.5045235976109766,0.42464090832682583,0.3325137839827401,0.2558012318579927
3450,4,1.1878632009029389e-05,2.7099013328552246,7.296955824704828,2.101290863912502,1.1796755171481634,1.137442237181697,1.2827887504047304,1.1449335269054841,1.0809905146936183,0.8749968154114993,0.7194570725458621,0.5858035502768909,0.4334065410455414,0.34834890080742603,0.2729492070209999
3460,4,1.1878632009029389e-05,3.1157236099243164,6.058488597063783,1.6249109694631207,0.8340783251588046,0.8284306768237236,0.9502913785848278,0.8613028885846014,0.8217954185800667,0.6479174449278802,0.503164576855384,0.4250545819755897,0.2901921068587952,0.24966370089247863,0.23893307751045667
3470,4,1.1878632009029389e-05,3.1011695861816406,8.889466598438641,2.5505694896166715,1.3513108702540815,1.3189117166453665,1.3959010597799903,1.2820871579068858,1.267114741226852,0.9895411779686769,0.7734828514457216,0.6605287165921444,0.5386172975304131,0.419128025955406,0.39140705010863014
3480,4,1.1878632009029389e-05,2.8906567096710205,6.989404740198626,1.9667227764185309,1.0184592831620274,1.0074116110856626,1.1354762494355768,1.0036213742614515,0.982048219862392,0.7517895095667564,0.5645049282757085,0.4804520183888302,0.3801358389702076,0.3240158955431554,0.2516946636734901
3490,4,1.1878632009029389e-05,2.5216829776763916,7.771205834036191,2.0592112328436234,1.150165240314613,1.101229544873115,1.241459274120798,1.1451246126958299,1.1296336974590337,0.7723305850084594,0.6600228586874252,0.567812045123451,0.4264732060014273,0.31187567392044035,0.2656439654127121
3500,4,1.1878632009029389e-05,2.503364086151123,7.6421707831583126,1.9918762659813878,1.02374882340284,1.0528513085889593,1.103554300945466,1.02636223525514,0.9838571535737308,0.7517508725062999,0.6345275689962029,0.5490546808335852,0.43746432860012674,0.3707281450392889,0.30461416708009587
3510,4,1.1878632009029389e-05,2.582061767578125,6.448599720884426,1.9272561716051073,0.9821955409271256,0.9409319316917262,1.0508603463750865,0.968870643239426,0.9847520886918428,0.7817305430740613,0.5791301267435875,0.5172455760934617,0.34055014851565696,0.3416875506895615,0.2685075611453537
3520,4,1.1878632009029389e-05,4.410847187042236,16.06755094917555,4.38938991528733,2.736611756339229,2.5647769192523455,2.880555973604086,2.81289599258476,2.7779255333444084,2.25833402632394,1.9999991045767997,1.7953920414527944,1.1886852058928625,1.4218431580726014,0.6473642510075829
3530,5,1.1878632009029389e-05,3.4307608604431152,7.127000155411476,1.5264685789741577,0.8320402789703367,0.7999678461509847,0.9391478377181198,0.8278241639159576,0.8276248395909135,0.702374564482608,0.5258500871403421,0.47612608962875447,0.34379859590849315,0.30481261843511004,0.269637144955848
3540,5,1.1878632009029389e-05,2.9495277404785156,6.018706211641301,1.5199577397179675,0.8147771779237615,0.8078388444681808,0.9155390510605275,0.8286742740855024,0.8019583100063118,0.6436078117514331,0.48308493123700746,0.3994818588831034,0.33274193076143155,0.2757730782426724,0.21779031639516153
3550,5,1.1878632009029389e-05,3.2992985248565674,7.623368403667083,2.125657339288161,1.1714515123002427,1.1599455521294335,1.299078490626883,1.1521826959737704,1.0590517532652413,0.8516007074418308,0.6377725095112992,0.5555162266146239,0.4359341341144513,0.3524931109491422,0.2877885258648442
3560,5,1.1878632009029389e-05,3.2777533531188965,6.1263842162400035,1.8106400742447548,0.9805474470944956,0.9203229629515053,1.0458162817507375,0.9187032637929022,0.8440055566562688,0.6881966545431171,0.5274121932214244,0.4978593949571129,0.3603383278123551,0.3123886661972447,0.24249165957843677
3570,5,1.1878632009029389e-05,2.988882064819336,8.253213879623436,2.653468096466747,1.491784440070795,1.4610278451182501,1.613167584772978,1.3080010309690784,1.1531603807107524,0.8875634788421621,0.7050186212753553,0.6093786214490104,0.4633815219145718,0.3700102805166968,0.32175736605993305
3580,5,1.1878632009029389e-05,3.0020079612731934,8.800531575585099,1.9556453058045888,1.0845110475903927,1.0800884335902874,1.1528221860782921,1.0737316277466487,0.9270980178762515,0.7035274040091035,0.5411365626415473,0.5323002721005603,0.38487410202338257,0.33831933866542047,0.2510950944825767
3590,5,1.1878632009029389e-05,2.6888012886047363,7.706320109683358,2.155384966409752,1.1341623011311681,1.13021040692472,1.330389252142824,1.1699301319430966,1.0569837323492264,0.9123233285151431,0.7122626170051407,0.6675417619005207,0.4927092957826365,0.39266108551988005,0.29621131604667195
3600,5,1.1878632009029389e-05,2.7487645149230957,6.23447746043194,1.602515829096664,0.9270417584090467,0.8724685092872173,0.9299304222420433,0.8158729391500018,0.7310686778609531,0.6186582719374681,0.5119526698470693,0.4393209852045499,0.34483891978499753,0.3024431018540086,0.25460808900716897
3610,5,1.1878632009029389e-05,2.9675889015197754,8.904494541079558,2.1253963633957436,1.148874958502938,1.1441467902933,1.256707543069565,1.1437349482660284,1.043440928841716,0.8403359168075472,0.647631226135657,0.5922990779415453,0.42030934288234056,0.37668822020314574,0.30541441184698365
3620,5,1.1878632009029389e-05,3.6886215209960938,8.978460409341496,2.1981793304980237,1.103785738929984,1.0532362274244826,1.1869550950709904,1.0773982561716793,1.0037326611206603,0.8083577210656027,0.6283716535569401,0.5547219000150732,0.4473111059891208,0.3360637356267322,0.29913387860278545
3630,5,1.1878632009029389e-05,2.7137815952301025,8.983417503095362,2.8490579503718703,1.4735739873479186,1.3757399894333593,1.524780587250602,1.3279823508751467,1.3244631768481214,0.9806423920663117,0.7737689967108414,0.6391175939120056,0.5026870912741331,0.40678374975848824,0.3513731818853419
3640,5,1.1878632009029389e-05,2.503758430480957,8.551413735602933,2.6675609290390336,1.3407387257152779,1.314252420328928,1.441767426564273,1.327347712050593,1.2289727757848272,0.9329750611352471,0.7329698160758017,0.6297113066746313,0.4526111077838829,0.3785172020774101,0.28269433930459914
3650,5,1.1878632009029389e-05,2.634812355041504,7.2010534920442035,2.021377350616254,1.1182005950605833,1.0266323758614389,1.1465915840960186,1.0430535988112462,0.9949697740608225,0.7567798629491709,0.6155130905611718,0.5207665884898671,0.41051941611340925,0.3065378838824467,0.24722249076746286
3660,5,1.1878632009029389e-05,3.812411308288574,6.9978395385311805,2.050711793262621,1.085154303702771,1.038127245865015,1.1423722391648914,1.0719481493667724,0.962997570860781,0.7439063230864832,0.6439519846280362,0.5449621192737323,0.38312358155707843,0.29772848604583296,0.2486559852988924
3670,5,1.1878632009029389e-05,4.00600528717041,11.32351566372909,2.9337161272914094,1.5375003660127569,1.5135320781748371,1.6222397099234427,1.4125271803128285,1.303435048759233,1.0290270469130411,0.8376433750515013,0.6925545856184577,0.5492830579887048,0.453333890297015,0.38296806715182524
3680,5,1.1878632009029389e-05,3.233668804168701,7.953531944704606,2.075131793403412,1.0660745356634036,1.0391469382844967,1.158513018095701,0.9860600684406793,0.898252672325135,0.6814565853312368,0.5673480195878072,0.5099283967181802,0.3941197732609521,0.29397913154310246,0.2570282925273865
3690,5,1.1878632009029389e-05,3.177842140197754,7.9893942186627,2.2333068448885607,1.1644249969854692,1.158309420671587,1.2481029144323121,1.1824829072726526,1.1097987194783585,0.8850214904468885,0.7390452219859025,0.6456414953416038,0.5020178262452064,0.45326968428113595,0.3862767741677935
3700,5,1.1878632009029389e-05,2.8133373260498047,7.713970038479808,2.115420767697008,1.139409640245821,1.100312954355567,1.2739689837413746,1.1001769621465478,0.9872859414770142,0.7669181395332912,0.6062701700466839,0.5231115392051383,0.40778201851314555,0.31552361913619564,0.25140850191828856
3710,5,1.1878632009029389e-05,3.0732598304748535,8.48340531895416,2.0586931453437773,1.0474936739938039,1.0269068727991075,1.0922693072812866,0.9845378672538891,0.918973016880267,0.7092611020488347,0.6116907750937957,0.5063179108947078,0.4059027071762021,0.30643973247741807,0.2580165342508185
3720,5,1.1878632009029389e-05,2.935124397277832,7.749421196055588,2.292867229232038,1.1389699762267846,1.0532135209212181,1.1623450499944232,1.082062492025548,1.0263601175764785,0.7965175027480276,0.6247022817839298,0.589949157020936,0.45968638358817415,0.3532771045421518,0.298534792293303
3730,5,1.1878632009029389e-05,3.056290626525879,6.897185747238362,2.0142427665429645,1.0063588340470853,1.0120436362676564,1.1458019306121947,1.0422348637681165,0.8896918251066636,0.7451299040580729,0.593939610418591,0.5122319810244831,0.3807655618207174,0.292609492907934,0.24674635714286725
3740,5,1.1878632009029389e-05,3.003917694091797,7.923526219549186,2.84341075511689,1.3630202872667816,1.1726936757201303,1.3236357502607792,1.1624786100039795,1.0465142500239983,0.8155181614768038,0.6638034872028454,0.5463362781883305,0.45174854790180036,0.36493593522911655,0.3054934545626012
3750,5,1.1878632009029389e-05,2.5270440578460693,5.566286736774326,1.6348179847589641,0.8257132767437182,0.822136438481615,0.9699095831396829,0.8633319982223945,0.803840053906005,0.6515359631119491,0.5120630104918225,0.4483605068747294,0.3213443421111505,0.2444808500244405,0.2242369576551425
3760,5,1.1878632009029389e-05,2.934602737426758,8.469608651812562,2.7430860528835996,1.421991744004042,1.343856236986272,1.459398711135742,1.2626196284441733,1.2474768067428483,1.059513617132601,0.762867065800811,0.6521998870877446,0.5111377391419291,0.41239292948304546,0.3061253876074155
3770,5,1.1878632009029389e-05,3.0426151752471924,7.3812486507574135,2.094863238761519,0.9973484065408501,0.9775612870389987,1.0598246078898852,0.962205372299708,0.93714985406525,0.7425532020735718,0.5585988858231117,0.5333261328876904,0.36435467671138455,0.3138171757341424,0.2444187428100174
3780,5,1.1878632009029389e-05,1.994859218597412,8.181118448323248,2.3710034024892956,1.3437144079101941,1.298294794522147,1.442018229702339,1.2447712280417595,1.1762967350247917,1.0106251787387677,0.7492802966606646,0.6680350334376073,0.46220655665831933,0.39536063758964374,0.3104269148499959
3790,5,1.1878632009029389e-05,2.6763699054718018,7.671604564424737,2.1203656435792455,1.0859977903006033,1.0118598864859096,1.1469797661562162,0.9754149406838749,0.946057221655721,0.7268828254634121,0.5922027231127084,0.5156549210022029,0.38769479936203494,0.32222004931047077,0.2758703005204616
3800,5,1.1878632009029389e-05,3.090503454208374,7.520563972534928,2.0043220311468333,1.113972468772056,1.1311393446664446,1.2489035793911623,1.0394472911107033,1.0189619469946039,0.7555389520821758,0.5880803834106291,0.49471647248348277,0.3389385162693173,0.2873186979526625,0.21755364178789047
3810,5,1.1878632009029389e-05,3.1248021125793457,7.7653271832317285,2.1754091596371428,1.1953814808413692,1.1442289741541631,1.4127683731272926,1.11276868415612,1.0730826241871567,0.8460645277785604,0.6591904469722355,0.5631230681015326,0.4090663486767317,0.33024592732664637,0.2875468961417164
3820,5,1.1878632009029389e-05,3.3589866161346436,9.049659385407299,2.447133882339297,1.3781689998974624,1.1635504669070589,1.3081103393904359,1.1337051938146263,1.079166717363935,0.8912042668185373,0.7245803801742239,0.6510582356331368,0.4778288766901051,0.34751870802277157,0.3241956023208543
3830,5,1.1878632009029389e-05,2.7606067657470703,7.128305997675822,2.072496854020872,1.0654908333364392,0.9840485009408495,1.095631760855666,0.9692927726941839,0.9117959104448232,0.7327024339721667,0.6026995586005554,0.47139778555784934,0.39927996696522666,0.30722939272748157,0.2581929237529285
3840,5,1.1878632009029389e-05,2.462874174118042,7.345529223754675,1.8670986213583254,0.9344165513749414,0.918113256539042,1.0150255601362936,0.9107323686079561,0.8767369037602157,0.6658120295989086,0.5694796939778038,0.5085887784793757,0.3726969633849269,0.3193109580813156,0.2509269126455104
3850,5,1.1878632009029389e-05,3.5371060371398926,6.451381816489161,2.009105806398236,1.0562742672723615,1.020911309135972,1.1137304479868284,1.010125141560998,0.9713380751111409,0.8119652667116352,0.6522041694418046,0.5670957394529501,0.4348881267835938,0.32610546211173225,0.27951216667909845
3860,5,1.1878632009029389e-05,1.259704351425171,5.368065610702728,1.6332794540966533,0.9376114553333155,0.9080152530061716,0.9572304484583392,0.8616977558812524,0.7667123313051756,0.679347376298962,0.5281249416884576,0.48899129062960983,0.3412566798747938,0.2858204503835302,0.21247918625851536
3870,5,1.1878632009029389e-05,2.2477846145629883,6.355330700583385,1.6339742224942106,0.8263956868454927,0.7615964778590191,0.840763287335645,0.7527712222548112,0.7761418749739285,0.6167551941029412,0.49721255612428594,0.4367524831586159,0.31946406156112955,0.26337633251032744,0.22690073065919983
3880,5,1.1878632009029389e-05,2.624354839324951,6.393499565754263,1.670230316058375,0.8972148289788652,0.8680140578381027,0.9441080160118998,0.8541667615896326,0.8196716649502397,0.6497392460457857,0.5276653083030799,0.47240027884845476,0.3504476169647191,0.270142274016121,0.23550208802767308
3890,5,1.1878632009029389e-05,3.1210317611694336,7.606853036840317,2.3656015960759214,1.31398838533603,1.2613451473265371,1.2726127305207522,1.0651456790779592,1.0217384836378345,0.7564916932050054,0.638625291012365,0.5312284523709339,0.3826190311978247,0.3186243135616264,0.2787568685611099
3900,5,1.1878632009029389e-05,2.795623779296875,6.996980498747044,1.8732209999493405,0.961976714282919,0.9389908082963171,1.0448230643629923,0.934946963429638,0.8857081437547564,0.7110153542429515,0.5343891264416891,0.47064265961619345,0.34675429021152215,0.3045737191892072,0.250446160306263
3910,5,1.1878632009029389e-05,2.436436414718628,7.469430927778507,1.7504340001334797,0.9995246669235059,1.0298730793099777,1.1110547718737527,0.9437052402343509,0.9151478484093889,0.742415866336128,0.570574929559317,0.4818162707534244,0.37678354753436527,0.31181189484146105,0.2582798517915941
3920,5,1.1878632009029389e-05,3.2768659591674805,7.246149533458849,2.012864425412112,1.0207209102517378,0.9789681601865597,1.0924615772133814,0.9116069790086367,0.8937163493513337,0.6862970685405031,0.5753101298692321,0.47634271326066396,0.3685806714539828,0.2984792714420343,0.25217028516965195
3930,5,1.1878632009029389e-05,3.171517848968506,10.269910022750754,2.8465844306908203,1.2780617509195025,1.2827936510578426,1.344375620504749,1.1697107446683732,1.164431309732104,0.9001004573952496,0.750739873814233,0.6165643565532887,0.5007574195727297,0.3954773432761919,0.3394967852553806
3940,5,1.1878632009029389e-05,2.76674222946167,6.789176319062021,1.7643302111461865,0.910348460439329,0.8938858182302998,0.9641404766725309,0.8666981523299037,0.8089301091717882,0.6415741474746338,0.5246565632735701,0.4233291065752634,0.32376609763467784,0.27914184199356584,0.20792272030176018
3950,5,1.1878632009029389e-05,2.571098804473877,6.397718001789254,1.904834273411745,1.003688992696094,1.0215518038766644,1.0928125579141903,1.0007397738824386,0.9859926176586068,0.7668990278160012,0.6114822481463296,0.5013057767741141,0.37142874830911377,0.3044102035553937,0.2252580106429572
3960,5,1.1878632009029389e-05,1.8496239185333252,7.135604287306271,1.896747138820319,1.020733376322317,1.0080324653898773,1.1308226625882527,0.9428937963950863,0.9711209125536486,0.7832404874931347,0.6299630743393566,0.5178943626915922,0.38436762533927943,0.31144598861363104,0.255551430315673
3970,5,1.1878632009029389e-05,1.5863767862319946,7.837842839253492,2.0761089506551436,1.141097709895773,1.1274577923615892,1.232736218547695,1.104726672828485,1.0752962164663722,0.8522535050311572,0.6732573037525339,0.5130698537961434,0.4361455074362586,0.37048911287827735,0.27633891683341155
3980,5,1.1878632009029389e-05,2.3784024715423584,7.7779102356289895,2.2570639292251196,1.19279260285404,1.1398325343810727,1.303754589782301,1.1590568113851534,1.065907036470339,0.8142312940878911,0.7116991273880915,0.618770679994854,0.4120639244154935,0.3468368241182389,0.3052385545900211
3990,5,1.1878632009029389e-05,3.0332891941070557,6.850834340705154,1.7665851625015834,0.9748861834684007,0.9768647316760501,1.0730028818111612,0.9281077079557386,0.9475501102608863,0.7432260918348235,0.6026994329462195,0.5209399004342753,0.35413493134344903,0.32136049465511807,0.24372155953257033
4000,5,1.1878632009029389e-05,2.8781232833862305,6.228359630658647,1.656320960177344,0.9083898744306274,0.9153075447404528,1.059570846675593,1.025160908611753,0.9182941059688643,0.7135536387949701,0.597780399953523,0.5048864224627247,0.3860240475960426,0.30500926963509767,0.25277388702957465
4010,5,1.1878632009029389e-05,2.9361491203308105,7.956071380070376,2.3617023568414726,1.2352947235460237,1.1963375229410869,1.2618430673081595,1.2197993534309977,1.1818775884209038,0.9321009837096559,0.7631920888709236,0.7109331003059661,0.5027090575531938,0.40886279800595066,0.35717384592230234
4020,5,1.1878632009029389e-05,2.6698837280273438,9.730682185003477,3.0440449928286784,1.5659136324549776,1.4930281973935946,1.6354798620987987,1.4079468549687477,1.310073659353825,1.0544150676970434,0.7823117777666477,0.6883534474194969,0.5114338083540495,0.3953346188088041,0.2884303564790706
4030,5,1.1878632009029389e-05,2.7929091453552246,9.330451102722586,2.242119185935755,1.287550669754177,1.2451781047383255,1.3894435589921597,1.1996522660553741,1.0101314780214488,0.7991607187206419,0.6397228436735048,0.5106500228674589,0.3832635540945012,0.3148710015149186,0.24799925532857672
4040,5,1.1878632009029389e-05,2.7787117958068848,6.990437289074059,1.9155589038531415,1.0024474751777213,0.9808160436576825,1.1210481132914623,0.99704369071661,1.0027703663425125,0.7495311846509889,0.6138620597218575,0.5182779947539805,0.3910126515993043,0.32987278938437364,0.28799091143195943
4050,5,1.1878632009029389e-05,2.7869224548339844,7.861587854481586,2.2763781537501555,1.286880059076345,1.2426943715303178,1.3491040227897584,1.1818223806935093,1.1931988243449652,0.928817513264325,0.7237980121581437,0.5978734418183126,0.4530356351583411,0.36318546370348376,0.2985299132139422
4060,5,1.1878632009029389e-05,2.7870945930480957,9.022620120908487,2.5522953684809297,1.4360765999106122,1.3983646138989296,1.5114471859640035,1.3645147907255861,1.3007060362951655,1.1006567403178737,0.8180279169238059,0.6785296059815432,0.5174028328768778,0.4144847299564449,0.3137574219395794
4070,5,1.1878632009029389e-05,2.4930949211120605,6.518163440498403,1.8214470178985698,0.9634220003959427,0.9563577733542579,1.0868015675448017,0.9296704527587758,0.8844389133883156,0.7182968904641294,0.5767061402075352,0.4819482949819657,0.36631987870086274,0.28902252488985125,0.2165257748709007
4080,5,1.1878632009029389e-05,2.171536684036255,6.8365603679941085,2.020752886131549,1.0656719199416957,0.9469858040766788,1.0523602300673833,0.9118526776405455,0.8809247580344777,0.6834015485794127,0.5320283123879676,0.44866528292715,0.3610452910892063,0.29129774676740566,0.22971446973212298
4090,5,1.1878632009029389e-05,3.0027151107788086,8.546224093739218,2.5530551849936582,1.3678072647339365,1.2827264608854354,1.42246271117206,1.3318652864119347,1.1965644130891098,1.0171773346980673,0.7564137862900483,0.6458039199181426,0.481951394862471,0.3896917805388847,0.3226371458546582
4100,5,1.1878632009029389e-05,3.325040817260742,6.249800238518755,2.0096114156770093,1.011191657840952,0.9775362599463213,1.0571101080993897,0.8748383958369015,0.809970691387094,0.650221957470134,0.493071176131568,0.45090148117337076,0.34242280679311743,0.24653378260757564,0.19300348555271105
4110,5,1.1878632009029389e-05,2.918731212615967,8.52812021170413,2.666519863187531,1.4732543790679908,1.4166823462217608,1.5692803299804703,1.4043328923648812,1.21045767451332,0.9039896586940309,0.7147824712031701,0.7270890218878961,0.49734807303529555,0.3617697478315437,0.29804814002595104
4120,5,1.1878632009029389e-05,2.3393607139587402,5.969043572617113,1.7982661068543193,0.8891023710323964,0.8541639929678756,0.8840303881549554,0.7984472596326632,0.8088549187353427,0.6733689469528558,0.48042311433647994,0.4028884380984126,0.33523369008811005,0.25934948399996977,0.20616564320525502
4130,5,1.1878632009029389e-05,2.2372593879699707,6.996543263796468,1.7387866295809662,0.97274967121618,0.9291628984525756,0.9762964722415047,0.8758436580396595,0.8268399409585556,0.6694847013581848,0.5365206388672114,0.45502006445359494,0.33394840701385997,0.26055767806686725,0.21794027187905807
4140,5,1.1878632009029389e-05,3.2964026927948,7.859111004460951,2.3032716840171297,1.171915965183816,1.123735739085276,1.2320379855511785,1.1210458509983288,1.0898462309604011,0.831533416342062,0.7060488336534869,0.5856590228445473,0.4197212874767651,0.34530432615837375,0.2692304836696701
4150,5,1.1878632009029389e-05,2.521902561187744,7.493413571699394,1.981036107199489,1.026681953018229,0.946097598178292,0.9617584262737859,0.8239054636906125,0.8152690491251191,0.6511305288855156,0.5125596104104876,0.4325403630862706,0.3245476079040744,0.26842458286124204,0.19179740866994907
4160,5,1.1878632009029389e-05,2.9785876274108887,7.843551236348676,2.372604053736566,1.26223716358616,1.2232774182379964,1.3240468650711361,1.1307973858859195,1.1231732522046283,0.84212833238626,0.6422823008832357,0.5396127867185656,0.43925786286032326,0.33416969491821474,0.27181238069024277
4170,5,1.1878632009029389e-05,2.0523126125335693,8.33385375922098,2.361237074906527,1.1819452263603913,1.0707813125054662,1.1556146321974303,1.0349679107683283,0.9262125524686571,0.7408358951423436,0.5650145330548668,0.5241416707191163,0.4198590456655921,0.3031239068399145,0.27021992319239585
4180,5,1.1878632009029389e-05,3.6865525245666504,5.752451476462617,1.8069398442047622,0.9250565497179806,0.8945499585863952,0.9630520285277752,0.8356599650096479,0.8266302564017103,0.635404925461008,0.4581771087174143,0.395764212035875,0.292203058324457,0.2531750864132132,0.19840814840545615
4190,5,1.1878632009029389e-05,3.3005852699279785,6.679091289094663,1.8842776151217884,0.9648821343411532,0.8940322209685657,0.9783915638680292,0.8892142187196408,0.8840926697621309,0.7193267355628372,0.5382630555343224,0.4680772753536412,0.3689965300770244,0.30055782155829897,0.2316434181521922
4200,5,1.1878632009029389e-05,2.665217876434326,6.373850947501184,1.6696879183016884,0.8739170432433198,0.8482990692869122,0.9401404474889457,0.8437707602527849,0.7889519233307591,0.6173173861091797,0.5293211404349255,0.45062167538574155,0.3349179182999725,0.26839559510508004,0.21716173044901602
4210,5,1.1878632009029389e-05,2.4785351753234863,6.58221102144311,2.496423106068159,1.2368053049350973,1.1464522066733258,1.1858764378710633,1.0353337680567158,0.928165915918501,0.8067870846071288,0.6386224019350091,0.539869825961052,0.43272120244492435,0.3378135823437045,0.24668910467316554
4220,5,1.1878632009029389e-05,2.9251461029052734,6.961743340200559,2.1006794591930342,1.1082680676741206,1.119866067353357,1.2367069795530015,1.0392961220671606,1.0688148407889202,0.8626317450737235,0.6215654395746915,0.4941275263375895,0.3942591738981719,0.31266619571596926,0.23163111441142803
4230,6,1.1869761049913118e-05,2.726698398590088,6.104968508562385,1.8314191063164857,0.9718805792841863,0.9316384664065417,1.0208414147642888,0.8508053439159367,0.8503957611532811,0.7099446518249205,0.5458858113788536,0.4775300597178589,0.35289541984911166,0.29584305382645915,0.22917961977436477
4240,6,1.1869761049913118e-05,2.728346586227417,7.1328246402273665,2.276922354679799,1.2480765340680702,1.1792055345300985,1.3054270724508632,1.0923009925590832,1.0317297923627533,0.8286118159122413,0.6260580557199331,0.5185712876680667,0.38639123309113,0.3255684824484465,0.2590754189441229
4250,6,1.1869761049913118e-05,2.645143985748291,7.941754581061262,2.552171341269519,1.3755671297355225,1.3575654283908747,1.4864456940756887,1.2803589886640727,1.1443609920656215,0.886514490346269,0.692448623151313,0.5891605133968627,0.4135018169197448,0.3313601108781273,0.2593898813024751
4260,6,1.1869761049913118e-05,2.5740010738372803,6.788356231020838,2.1831096510896675,1.1069578684548047,0.9537325827842665,1.038717004387529,0.9238649155336979,0.8476844192501469,0.7301542710617437,0.5415615665892116,0.44769030731877113,0.34492769493881437,0.27956224978822797,0.22021431350673906
4270,6,1.1869761049913118e-05,1.776643991470337,7.239694221544943,1.9314027348736569,1.1114552824541843,1.0070505201163542,1.0996992892182584,0.9721437939011974,0.9080436186574182,0.8079831620405274,0.5796298259023032,0.49141305306976035,0.3815051404059626,0.2911984398350578,0.23570412467448146
4280,6,1.1869761049913118e-05,2.919339418411255,7.337856115544058,2.4646215159300877,1.3799086332183232,1.3104473162939723,1.4482767446791054,1.2733180229754697,1.1000187498205214,0.8164904242631122,0.7026607773242697,0.5897980403786615,0.44258476929323626,0.3511332326937704,0.2883966206757642
4290,6,1.1869761049913118e-05,2.830034017562866,7.825452769040588,2.2746470083510064,1.238959951692528,1.143632720373655,1.3497746057812445,1.2095786109808964,1.1062005728948576,0.9655335451433397,0.6984870612659126,0.5947793842507507,0.4477593691050554,0.33117769798490904,0.29880393824958096
4300,6,1.1869761049913118e-05,2.9483838081359863,7.889139441213025,2.530322771077306,1.1859321243855723,1.0718441024167158,1.2376453023428662,1.0839869206523216,0.9953163978840792,0.8418003754172377,0.6613607260014398,0.5495739653094452,0.416496919005463,0.3194222836205869,0.2673407127463655
4310,6,1.1869761049913118e-05,2.5496726036071777,7.659331668277749,2.225518080507078,1.2063852596528892,1.136620899809815,1.2333861955985075,1.0664332821513824,1.0180090505223118,0.7820713157915997,0.6249042248661251,0.5355054921963809,0.36940731853339187,0.34079509910951783,0.25825496102717266
4320,6,1.1869761049913118e-05,2.8009629249572754,6.4913893660327515,1.6703328857350022,0.9516021920641448,0.9717160010111812,1.0445423593461742,0.9022777500127598,0.8739038384746709,0.683741003162325,0.5342041668364057,0.4688284723838062,0.35873595973108025,0.2794494979751522,0.23714580960219653
4330,6,1.1869761049913118e-05,2.156445026397705,5.698259372730229,1.9374017121365505,1.0037348388763072,0.9113572488267254,1.0077228366630426,0.8945296509055094,0.8693191915232357,0.6835195095490416,0.542145952256469,0.459200249026791,0.349088648019601,0.2816523921270316,0.23231857298524058
4340,6,1.1869761049913118e-05,2.599886894226074,8.505113860350601,2.458908265212235,1.4464806084789223,1.3147442692400648,1.4517861714594569,1.2098326781876392,1.1750720732483304,0.8398047134564515,0.6838307872934092,0.5703401228561681,0.45105383227796236,0.34410141617151324,0.2881529194996519
4350,6,1.1869761049913118e-05,2.2284021377563477,7.081457711352302,2.169324535544219,1.1601594201926264,1.0354361393446807,1.1384156903383051,0.9809438773305053,1.0222179771516289,0.8348032995739574,0.6345269145722671,0.5487341666538827,0.3581368667038078,0.2805567362919635,0.2081742699014458
4360,6,1.1869761049913118e-05,1.6545809507369995,6.073350178375788,1.71148006857154,0.912112802348383,0.855213323629819,0.9167221314250492,0.8457332220225475,0.8013614270713516,0.6234452190214383,0.5288990901043987,0.43411771542017197,0.3483769196363538,0.2754401726831978,0.20276951611212396
4370,6,1.1869761049913118e-05,3.0943150520324707,6.247591217998695,1.8535231265457595,1.0487528814820681,0.9753848045496851,1.1429945654497593,1.003713120578343,0.9870971444804081,0.7401913890278019,0.5818932455548351,0.5144972709337112,0.37857725489416877,0.30401729528417143,0.22774766017215756
4380,6,1.1869761049913118e-05,3.22695255279541,6.049716574775549,1.9315282615825626,1.0373919640325648,0.9624852248549011,1.0725528409404266,0.9894492444058725,0.938939280549107,0.7417994430941607,0.5465194731405665,0.49972933413097437,0.35329768256443983,0.28519400692639313,0.2236038382351219
4390,6,1.1869761049913118e-05,3.3154900074005127,8.41977028552649,2.5165512518952493,1.382920775764351,1.2907796641311218,1.5256312692348506,1.3263270241886491,1.2148785591648594,0.9803860088798456,0.7448208156581316,0.624075039714185,0.46445201752047394,0.3832934245828964,0.3080885483061341
4400,6,1.1869761049913118e-05,3.4963245391845703,6.135215286743253,1.7837262768739541,0.9527961884446141,0.9042863689444665,0.9993786149867909,0.8976476199373926,0.8466731336964485,0.6880484515118025,0.5082050091063155,0.45208412146913185,0.32940962496064397,0.2528689442344183,0.2049990585459629
4410,6,1.1869761049913118e-05,3.1540300846099854,7.833784435699145,2.4527576845208157,1.3710063966104074,1.302232457289084,1.4758031374670804,1.224656953507198,1.1186549360937488,0.8841067990078035,0.699392277380443,0.6205396517550318,0.45953566515571254,0.3557308514912568,0.2799091170410273
4420,6,1.1869761049913118e-05,2.198441505432129,7.01438135004658,2.0700701071843395,1.2279166902189032,1.1633095229970765,1.235255303303107,1.0209983326559224,0.985235444200285,0.7245891585013644,0.59070644709972,0.5180171803479776,0.35053505725368017,0.297828990721518,0.21790252499440788
4430,6,1.1869761049913118e-05,2.8671154975891113,8.06202911306276,2.584305313601766,1.3753458433182797,1.3143812675995952,1.4270884691171586,1.2528862409652826,1.236354890491454,1.0450144513539614,0.7252488741630009,0.5992013823604273,0.4211011752434601,0.329162299058175,0.25440321469985916
4440,6,1.1869761049913118e-05,2.893439292907715,7.552187068491814,2.285105538945423,1.2012393505176149,1.1315593984383467,1.2029982155345094,1.0747413112680568,1.0571222629542107,0.8292090366270254,0.6492508283396712,0.5786836582225844,0.43320141110173094,0.3507749269463911,0.2632275310616386
4450,6,1.1869761049913118e-05,2.208937883377075,5.8428397343038805,2.0288404560771784,1.1198479707369722,1.0526353951478222,1.178881933748512,1.0361227403475004,0.9892999431945674,0.7229291995111382,0.5957828968970965,0.5070978954970234,0.3552192613771189,0.2938092221199536,0.21958065852031947
4460,6,1.1869761049913118e-05,2.2609620094299316,7.857428916463385,2.3600389652836946,1.2341260846740847,1.1500743787137844,1.2543550715772642,1.079190363644628,1.0398194168842738,0.8331374626373791,0.6780999912803147,0.569916846352193,0.40762522740559937,0.29817189815727113,0.2640819448789498
4470,6,1.1869761049913118e-05,2.81441330909729,7.705099464063605,2.0185456321009827,1.1647518551176164,1.099136366427202,1.202516856511956,1.12757293642587,1.0758379713103154,0.8476970416339528,0.7105586970626965,0.5920149946639305,0.43150678212902255,0.3867715595337459,0.2773481811842938
4480,6,1.1869761049913118e-05,3.0859081745147705,8.640463295908127,2.794288029792133,1.6465783323953205,1.583018420271099,1.671865960106046,1.4427798157590088,1.3505646045684112,1.1399751517077905,0.8638126748211289,0.7409945988515976,0.6089125911331089,0.4356775218755261,0.3244376397649549
4490,6,1.1869761049913118e-05,2.8506767749786377,6.085664354654572,1.8616138961545843,1.0417042787272663,1.0196771587805777,1.1645833825850243,1.0162909833040377,0.9486902858557025,0.7594434561817603,0.5873353213345794,0.4961568333110377,0.3767833850564347,0.2941511160388966,0.22788679717617868
4500,6,1.1869761049913118e-05,2.8113250732421875,6.6161848256645115,2.355603735998518,1.2181342600796834,1.1081402969305927,1.2546414091854592,1.029328650189592,0.9566918035009087,0.749455092144964,0.6001455961356551,0.49865894693780577,0.3459765942469334,0.29437258499132735,0.20693479195881795
4510,6,1.1869761049913118e-05,2.7455265522003174,6.66065763452831,2.152114935104708,1.1791278007947055,1.1348903394168532,1.2721049813570222,1.1530538087980595,1.0514078782726277,0.8526300270684487,0.7015958410054058,0.5593280017033813,0.380362024075933,0.31486961877064534,0.2489930430614318
4520,6,1.1869761049913118e-05,2.7190918922424316,6.414678017242376,2.0365176167577093,1.0988565112166981,1.0143069509478573,1.1659091706628548,1.0674016858058055,0.9766990088927351,0.7692930094886661,0.5849221353493504,0.5047327228303027,0.3932986646658976,0.31729286729544,0.24497833713319334
4530,6,1.1869761049913118e-05,1.6744619607925415,6.879228199449909,2.092977837635309,1.196642003885205,1.1694533045039393,1.2893398003132504,1.1737159260678383,1.08713393670971,0.8673507098384426,0.6647065003296242,0.5819839224753816,0.41214723080892257,0.31786419298396906,0.2551174309769634
4540,6,1.1869761049913118e-05,2.635070323944092,7.976579162978515,2.248832500169503,1.272580690713415,1.2564200388979923,1.4370348279512895,1.202698313224854,1.1083474743439683,0.8491038036769438,0.6490637295658555,0.5576687436725828,0.410774893831086,0.3147439564353962,0.2570479165983863
4550,6,1.1869761049913118e-05,2.654146671295166,8.5665954627606,2.69752708736211,1.3922982760003748,1.2020937498176376,1.3505877582202646,1.1849430288180651,1.1320269851320606,0.8993732587974219,0.7314516738606145,0.5961530985822417,0.4518216593454451,0.34556069102175885,0.28421812646214584
4560,6,1.1869761049913118e-05,2.4614059925079346,6.796432613946964,1.963663569493142,0.9932332764581652,0.970744446254781,1.0533953247518055,0.9405343125354313,0.9011726058215673,0.698287922797902,0.5469780250665357,0.4876944221113914,0.3580227397875643,0.2871137535923675,0.2273909200076815
4570,6,1.1869761049913118e-05,2.402806043624878,9.468715335782207,2.4418085811923493,1.3192990773139348,1.2725051670830105,1.3736536610846137,1.2105984747861314,1.2209463606614426,0.9304740178283294,0.7721070876658658,0.6711246164835258,0.500227842092619,0.3928358171777454,0.2686251836672197
4580,6,1.1869761049913118e-05,2.57362699508667,6.706123901826938,2.1305785890737123,1.1196793741043094,1.0488159896544342,1.1111779060227465,1.0130717679151695,0.977599421146833,0.8051565616854434,0.6331535416491795,0.5544709917120753,0.39711645482937824,0.3273040535815634,0.25506508611604245
4590,6,1.1869761049913118e-05,2.8575334548950195,7.782207055834122,1.7656855546268309,0.9358272545240146,0.8866716757853167,0.9537494695424867,0.8917974194287375,0.8483585726763944,0.6926768745492037,0.5161922817313755,0.4844225733987407,0.33403167491572094,0.29853900567622554,0.2228799718877619
4600,6,1.1869761049913118e-05,2.5826215744018555,7.757039244052993,2.583261880678901,1.296857652059828,1.1824328416337282,1.2884133429536189,1.1562083802070395,1.0999066932462758,0.8615502170290941,0.7067847737904157,0.5955937927993066,0.4339249764568239,0.3135694157731218,0.26610076283180706
4610,6,1.1869761049913118e-05,2.70870304107666,8.34892438672207,2.086266763207746,1.166003952614909,1.129692460121428,1.1969347748208954,1.1066281662820188,1.044778120572663,0.7767859624288519,0.6255137403894253,0.5416310931074342,0.39769493573389875,0.3235595593580719,0.2643413307572306
4620,6,1.1869761049913118e-05,2.5254883766174316,8.307450568745566,2.6968547153183144,1.3298844888924897,1.2302423775344213,1.3947487319972365,1.216065771785807,1.0961459309319863,0.8487058495935216,0.6845320971609995,0.5352528225372829,0.43503756291178675,0.34432880132429966,0.2768277527583453
4630,6,1.1869761049913118e-05,2.802121162414551,7.9768598153908465,2.7579087782888743,1.6200633328382907,1.5694234560794607,1.637514766689835,1.5832660120749404,1.4018026898884601,1.0948438105076659,0.8990843398629863,0.6605229165642361,0.5080925365191751,0.4180749784943647,0.30540917000957934
4640,6,1.1869761049913118e-05,2.412090539932251,5.796935969847785,1.8264492265674137,0.9715503570465351,0.9828902952664907,1.0727657453708879,0.9142241455074099,0.8669660348774877,0.6746348380538213,0.5215134212143436,0.4556968726208678,0.3392107512544052,0.2799064648443865,0.2298878649403428
4650,6,1.1869761049913118e-05,1.820347547531128,6.870638486599383,2.1817938585378993,1.1927035003341693,1.0373210641267716,1.1366186708040122,0.9800722129913053,0.9707175563600237,0.7751616157440323,0.5710403900819833,0.49398772406982033,0.36157367369898324,0.27144909509294973,0.26580674221601297
4660,6,1.1869761049913118e-05,2.6872262954711914,6.6159880498131685,2.14646410014569,1.1162358090209175,1.0876206525524368,1.1371446792049664,1.037893380784116,1.0087381577310546,0.7775922406477648,0.5621605909755496,0.4924467044564339,0.3606850797814859,0.2833084465863843,0.242539619719808
4670,6,1.1869761049913118e-05,2.315340042114258,8.573643557886818,3.133075577055847,1.584906524135783,1.544784842403242,1.657159212765028,1.446741608845588,1.3459730679829778,0.986413670391065,0.8283917037060594,0.6745289381558853,0.4726496622861927,0.42042475564282833,0.3254949433814546
4680,6,1.1869761049913118e-05,3.3015575408935547,6.2518994950802425,2.0494873920611605,0.9614158529387251,0.8851218257201752,0.9498086077003053,0.8682432108516557,0.8298183146060942,0.6582940963380728,0.5093484135046974,0.45446218291009466,0.34526715976244715,0.26795939755699966,0.21548747265505863
4690,6,1.1869761049913118e-05,2.5779619216918945,8.796802098700793,2.6843632089645397,1.3581483767269174,1.2119456841766336,1.3370073207933073,1.1110855499551808,1.059593645621189,0.8286490803188742,0.5984102129731075,0.4777884130283397,0.3696136169290272,0.28953508794196575,0.21700978870140794
4700,6,1.1869761049913118e-05,2.520070791244507,8.849628820543646,3.0350962451156196,1.5869169661972182,1.4903141233340536,1.4667795875669658,1.3791425479651407,1.2450616995985548,0.984138932836118,0.7290720360360029,0.6522493550440313,0.45552584627463616,0.39161261577269174,0.2912904668190938
4710,6,1.1869761049913118e-05,3.064502239227295,6.764070967828934,1.8202215537828823,1.0154251463657011,1.0158095411363746,1.1627437900696391,1.042307922893712,1.0515814897958473,0.8571948198566258,0.6693418771999853,0.5634597095705376,0.44050653167663023,0.32419214824327736,0.2366896924549638
4720,6,1.1869761049913118e-05,3.0853419303894043,7.775195350327523,1.86793827532558,0.971764907861805,0.9352295292971361,1.0419866964425455,0.942811016527535,0.9195333079265519,0.741364898781652,0.582162315445039,0.486987634353038,0.36541942296571917,0.3097338481047904,0.2308521195109165
4730,6,1.1869761049913118e-05,3.307626247406006,7.9616538155368595,2.2680111163332537,1.0964775762893566,1.0651225937665443,1.1985715055872843,1.0870768583204031,1.0083114668990552,0.7539415224334952,0.6292888600081559,0.5395867169814582,0.40642103075248565,0.3013060434590022,0.2637011935121882
4740,6,1.1869761049913118e-05,3.0480828285217285,8.877759514915562,2.45321865777612,1.1703815467152285,1.0645489008986804,1.1485539288320943,1.0195976213511377,0.9558947075620502,0.7309620097737108,0.611283503177307,0.5032270626824934,0.40245006984300996,0.31866865315782744,0.25992885924695697
4750,6,1.1869761049913118e-05,2.3642663955688477,5.793844595718919,1.6737564973239003,0.8653721516538938,0.8809090292917056,0.9679383089547966,0.8842705861997989,0.7985314921136641,0.6062626831121369,0.4658268078302683,0.3922249777666978,0.2811388401635962,0.2288488095178482,0.18704976445648408
4760,6,1.1869761049913118e-05,1.833228349685669,7.707013851320084,2.0457899701606124,1.1002571317198817,1.116181752118706,1.2472661969874514,1.0855970133261494,0.9717445513327172,0.7634686009761987,0.646045997207939,0.5462650671216757,0.40844032978812367,0.2995095826253973,0.24022640113743476
4770,6,1.1869761049913118e-05,2.3109803199768066,8.955551453978039,2.4878273423532415,1.3485376602332342,1.2810633304928403,1.4608541751513435,1.2574721350743363,1.1677244744763344,0.9459086592816653,0.7463256069512921,0.6494226383921567,0.5005373669350581,0.35046884387530164,0.3415203516580017
4780,6,1.1869761049913118e-05,3.0714008808135986,6.13906030317782,1.700938664173722,0.919461034505456,0.8881615401508514,1.0235808090361924,0.8735262797356037,0.8545043474762678,0.6835517789470924,0.5345752012187066,0.42876257863648287,0.34339883195052007,0.25435538552437226,0.20682644109568854
4790,6,1.1869761049913118e-05,2.470640182495117,5.434754029572495,1.719723145832118,0.9227609410145471,0.8711339713815851,0.9049086905858295,0.8047276035048779,0.7883339592657068,0.6261520269308651,0.4948184265985719,0.40034616967647474,0.30925095516405327,0.24491062982266748,0.1970109131254785
4800,6,1.1869761049913118e-05,2.290588855743408,6.453600089752449,2.260437670773657,1.1247259787181334,1.0562560380379624,1.1594815420079192,0.9889249944770165,0.9584649487543562,0.7885467168441839,0.5459188851488611,0.5018732442090061,0.373249706255752,0.27810002625358693,0.22343170335470583
4810,6,1.1869761049913118e-05,2.0402684211730957,6.25643167050571,1.8408447096656768,1.0137265572838923,0.9852727326618381,1.1125930103383967,0.9950520753382097,0.8980303026058991,0.739913890731082,0.5636421122008851,0.48583467113629275,0.36297142747223854,0.28754635129564654,0.23366004527653997
4820,6,1.1869761049913118e-05,2.7693424224853516,9.172537048348943,2.254726222518131,1.120622757236035,1.167495570352864,1.2629421078506375,1.0709986027520546,0.9463189078326791,0.7450779982512777,0.6075122396285323,0.5259973400994622,0.37577349104074326,0.2946343877552545,0.20767447049332435
4830,6,1.1869761049913118e-05,2.62105655670166,10.811667935946566,2.281178982307766,1.124009723286045,1.104973778628562,1.1283651928128158,0.9817705795656031,0.8421019857634969,0.6803645497673985,0.5522959544537609,0.44538137860754273,0.3626565121067082,0.2615270378475458,0.21911142683219018
4840,6,1.1869761049913118e-05,2.9256362915039062,8.89841337170193,2.4483070071210666,1.2865652981590845,1.1985893494210917,1.3338913346319188,1.1862600581698775,1.0593775302037096,0.829767534477522,0.6653800390467077,0.5630860008459543,0.3912740523018367,0.3169766868948123,0.2456825888074146
4850,6,1.1869761049913118e-05,2.5412275791168213,7.697526692002708,2.385341489647108,1.3035628648581723,1.2219416289076164,1.3728759736717813,1.169339267872677,1.173501405923933,0.8848242770115747,0.7203036141645879,0.6075398662488934,0.43935525639250356,0.3376544290947493,0.2584222387647171
4860,6,1.1869761049913118e-05,2.7181930541992188,7.469542798876978,2.3847563506749774,1.2246538803592484,1.250672523555171,1.4451750967077674,1.3560281249136565,1.2296933498217486,0.9691884978268428,0.709428773947259,0.6293216491847953,0.4442792181609049,0.3360974796404213,0.26039255999287714
4870,6,1.1869761049913118e-05,2.168851852416992,6.82307248887902,2.232957303899539,1.1615356730193045,1.0834305745664317,1.2132019410906603,1.0664922180338474,1.0850512333979199,0.8632712053452491,0.6452620977398951,0.5383292223246144,0.39270516076304496,0.32203093504079444,0.2594093318701647
4880,6,1.1869761049913118e-05,2.681865692138672,7.013186252708062,1.8959651214699393,1.0238212164310916,0.9789083859940961,1.0576727316677144,0.9125697821060368,0.9169397218035003,0.7520856358241199,0.5675745441163474,0.4752956186044434,0.3475262995715425,0.26928379905426375,0.20951653352932734
4890,6,1.1869761049913118e-05,3.0693936347961426,6.655703556486776,2.1593921484181435,1.0876477704431229,1.060543430905212,1.1660943844618001,1.0853250542080841,0.972485732548228,0.7277687540988594,0.6186892123287525,0.515941930782584,0.3789865092113359,0.27422004947940204,0.21519691808328917
4900,6,1.1869761049913118e-05,2.672579050064087,6.902476820244806,2.08223925754814,1.0961780146373419,1.037065826578637,1.2128995209366138,1.094318207015974,1.0661362450062577,0.7839742460963258,0.6065175750471955,0.4993450602166864,0.3806457631472145,0.2971419403389859,0.2280406015271794
4910,6,1.1869761049913118e-05,2.755255699157715,6.626032350105823,2.220124071846248,1.1218743081500795,1.1130352667545187,1.2148307233925395,1.0616124852154463,0.9964047476684575,0.8022427480060697,0.5797459002835981,0.4979495264116873,0.3857066467724543,0.2815212372440188,0.21312435578740863
4920,6,1.1869761049913118e-05,2.9253499507904053,6.6084722465909485,2.0548502400964006,1.0908944203675532,1.0284395249126128,1.1120168574216889,0.9416967058802199,0.9303031536390312,0.7832733365146128,0.5452312096789771,0.4882327408126498,0.39289892239249974,0.3060447990026695,0.22657521942188222
4930,7,1.1843177107789095e-05,2.834012508392334,6.787273065792527,2.2414944518180686,1.2160089564521601,1.1939654922546772,1.3136159375536858,1.0991636037496675,1.0475699909340028,0.8159449605665496,0.6261206995761935,0.526988586927173,0.3760286937817177,0.312607245202424,0.226361537338421
4940,7,1.1843177107789095e-05,3.034672260284424,8.41152585934919,2.0442555881389137,1.0595888272713625,0.9594808452562498,1.079532550843672,0.9631941814341312,0.8490351019237369,0.7036452483902916,0.5543883427852652,0.4658072938303501,0.3448179200830472,0.2647278703538607,0.22512183692570922
4950,7,1.1843177107789095e-05,2.9315738677978516,6.766070888575122,2.1075572439246986,1.0317542466805023,1.0180352826586798,1.0932510655724468,0.9502295060219448,0.90941141728919,0.7369169678676273,0.5821788365967154,0.5024664704097545,0.37954538690453987,0.31427969892935376,0.23518417631823935
4960,7,1.1843177107789095e-05,2.9196677207946777,8.726579408331727,2.9832513410630765,1.5291354039633234,1.497048857726307,1.5926324575416613,1.404912151868637,1.4116850163358792,1.106596686605911,0.7905744707696399,0.7031172285772207,0.5049350640973232,0.3808909107507466,0.3325689907618259
4970,7,1.1843177107789095e-05,1.7365375757217407,7.459866455329711,2.386713830422899,1.2954069422233732,1.1550811436765154,1.2435322082377536,1.101535770162973,1.0272169762150682,0.7979752369754843,0.6350295134642199,0.522387834446999,0.3943063958683711,0.31249728738608173,0.23178910112746948
4980,7,1.1843177107789095e-05,3.2784957885742188,8.002852785030761,2.215754080544247,1.2306059554830204,1.1173208939263883,1.2467936025356825,1.1055825042980456,1.0457361792341775,0.8084028252370711,0.6199754356126909,0.5163427806142775,0.38890043821159764,0.3222141807420936,0.236530603399857
4990,7,1.1843177107789095e-05,2.8245534896850586,6.780741170707404,2.0123072607401515,1.0841367389348529,1.0015296639556843,1.131294957416569,1.021537798881495,1.00016267880987,0.852675700890956,0.6133813533123391,0.5213593391909873,0.3786712018563996,0.29543487312669653,0.23993555570608222
5000,7,1.1843177107789095e-05,2.709794282913208,8.014268234734082,2.62809971900021,1.3859777918988339,1.351249675418071,1.5161733392938275,1.3070848791176841,1.2132868545977946,1.0305539312759164,0.7544796863004303,0.6007026711200516,0.45377248835470857,0.3747060117848157,0.27570593914434005
5010,7,1.1843177107789095e-05,2.798788547515869,6.896732857384793,1.8419704499815484,0.9723635310719685,0.9477077109103101,1.0552504710873336,0.9201600107972243,0.8943863443009628,0.7290020197086523,0.5657728237037233,0.4805228806395063,0.3397836742234258,0.27971559060975976,0.21398338426027422
5020,7,1.1843177107789095e-05,3.1766278743743896,5.7572186468024915,1.6161786614111353,0.8565626606200146,0.8025239614631478,0.8785696370859617,0.7778428241806501,0.7314366451504392,0.5707420880205184,0.47787757139498943,0.42371770059845637,0.3098158202242618,0.2563254207432659,0.20177344521989787
5030,7,1.1843177107789095e-05,2.3738303184509277,7.908883359104126,2.1726467149055284,1.1022234870173522,1.0441790321129771,1.154934400996388,1.0446608319127586,0.9675630550754375,0.7110254115589362,0.5766796266100045,0.4797832764367775,0.3695290460316483,0.2656539062998088,0.2226277632560227
5040,7,1.1843177107789095e-05,2.464036703109741,9.092304405908319,2.4929826617016184,1.2835089805387536,1.2041019684206147,1.293604964848817,1.1068896850925878,1.0648197323359878,0.9008516007949633,0.6782452979558485,0.6063354774264066,0.4359530020632996,0.35323474719955283,0.2537472205826869
5050,7,1.1843177107789095e-05,2.4322919845581055,10.066140259156484,2.726448019916805,1.411874049063295,1.2938147439172791,1.4538337491996438,1.265379874052223,1.2032391921454326,0.9566955999756288,0.7152693995836688,0.6302975956108638,0.5045248264857589,0.35778657028131167,0.30782294478712163
5060,7,1.1843177107789095e-05,2.684732675552368,7.409693589066793,2.137278779684923,1.150261634581974,1.0683405874398766,1.1483498776647958,0.9880473282417306,0.9642102868688717,0.726035016629742,0.6053716856693131,0.5348701379855756,0.39807306867116593,0.302482573655969,0.2407170205830022
5070,7,1.1843177107789095e-05,2.0673863887786865,6.7252689660681035,2.102902471010481,1.203314753041685,1.1783105195080505,1.271207247383559,1.1318136128204075,1.109821526611102,0.8715776376670271,0.7113780322975932,0.589239334289948,0.4298320351747879,0.3248311912294422,0.2593373506083586
5080,7,1.1843177107789095e-05,1.7260363101959229,8.290709845912195,2.5823404257374,1.4064727937438821,1.2921758288163943,1.3624469133897945,1.207315473076759,1.1637679972369022,0.9146154362008981,0.7425766215591058,0.6197121122467545,0.44981193950508835,0.36576690278547547,0.25347310777506227
5090,7,1.1843177107789095e-05,2.797487497329712,7.099362329715124,1.932069058260495,1.0510621272607792,0.9807796811197217,1.0340128380227345,0.8918889491622646,0.9169729341644822,0.7412006392830767,0.585684044509908,0.4798120369909901,0.32620813091199324,0.2820783026194882,0.20400449096512777
5100,7,1.1843177107789095e-05,1.2800688743591309,8.120501793769566,2.706270506559645,1.508930764384218,1.458290643340813,1.5870854825638316,1.3984390841423817,1.3542277568699566,1.064636554984776,0.8451846579864231,0.7030248386328588,0.5333324723228565,0.4094752480414019,0.3109992392314299
5110,7,1.1843177107789095e-05,2.2522056102752686,7.7514976530623265,2.3472263268987352,1.2668307879081395,1.1554621703438197,1.1770367893792641,1.0504529900015067,0.9592773546915754,0.7652388943299017,0.6294618463626029,0.514129426575954,0.3792988938370553,0.3112089495927719,0.23464828664112394
5120,7,1.1843177107789095e-05,3.3026819229125977,7.846906300540275,2.3611105482056036,1.2485800471112676,1.1476797481663779,1.2426273525395273,1.088691875191198,1.123756648189612,0.8643659440600774,0.6783335187801964,0.5700862160980821,0.4228668362283998,0.3374392344098152,0.26764498388126545
5130,7,1.1843177107789095e-05,2.0904502868652344,8.566182137386194,2.4107268370984563,1.3350387413570346,1.2261051156187526,1.331463378389632,1.1587070171363152,1.160381074521307,0.8598076868335306,0.677222328247781,0.5292612986704226,0.4202954118826183,0.3095445715350251,0.22351913245802366
5140,7,1.1843177107789095e-05,3.1176722049713135,8.742615047432615,2.609760337169608,1.3241035664870704,1.27055728827107,1.3827268231826582,1.2355893814833083,1.1465915046602004,0.926567103620961,0.6562829306790269,0.571206242675769,0.4044263815937381,0.3074669454735936,0.23548185902131655
5150,7,1.1843177107789095e-05,2.6599485874176025,8.575729968974748,2.6662586653539218,1.3414764490535978,1.279808420020226,1.379203491865063,1.2491738074487566,1.211960071417358,0.913286919853202,0.6934159502286903,0.6005591088683311,0.42477215244181493,0.346501737794665,0.25299466126492803
5160,7,1.1843177107789095e-05,3.3084218502044678,8.379224534538768,2.456308351152662,1.3035865122465469,1.1801508480209297,1.2117812453029067,1.0539148695585656,1.0145610853702898,0.7981021541712605,0.6427542818630878,0.5603749421485528,0.42581607667353893,0.3166359335405174,0.23252581044757764
5170,7,1.1843177107789095e-05,1.5110642910003662,7.649679948596695,2.470948224670085,1.3673569294986678,1.2324382354926369,1.3658866131176397,1.2558751337597192,1.2030059097587955,0.9156038116786764,0.7218929753900434,0.6177696404263044,0.4455623741875109,0.34260268067946237,0.27338858364063007
5180,7,1.1843177107789095e-05,2.504345178604126,6.731748537627933,2.1343749794339977,1.164646758142171,1.0834205019208665,1.1397252082249154,1.0228598886545333,1.0055516061908591,0.7904254540790777,0.5920970317429077,0.49555518656905506,0.3610088471721195,0.2980523986330149,0.21341567736369244
5190,7,1.1843177107789095e-05,3.058344841003418,6.629510463265438,2.2406848502726064,1.1960796794675561,1.139096184247786,1.2227455880881501,1.0277632479208814,1.0486585441788718,0.883704239579264,0.6737934433986666,0.5461049016340463,0.39616382966875485,0.3268630761035029,0.26124931385779204
5200,7,1.1843177107789095e-05,2.5373668670654297,8.294458298026592,2.673135630230328,1.4333666864963892,1.3964257082712104,1.4567487498498155,1.281935514511077,1.2797665454796816,1.0353453276239954,0.8268583019541196,0.649506702271179,0.4982388532745849,0.38353366007883866,0.30089696363970503
5210,7,1.1843177107789095e-05,3.6894149780273438,8.359017676788966,2.582978319102694,1.4437851852800112,1.3125622037559972,1.5147869998173362,1.312436522312266,1.343112120181141,1.005517968768203,0.820211987709594,0.6804557204945134,0.4606719701449471,0.3594547583432742,0.24269469231289068
5220,7,1.1843177107789095e-05,2.8838534355163574,6.575007930301013,2.1586254593364584,1.1654790075633628,1.0918245444663284,1.1399138471208652,1.0293785180023152,0.9367481062253866,0.8064124411637111,0.6417805323453916,0.5065517826643435,0.3848188251806483,0.3343747515106416,0.25408147004419324
5230,7,1.1843177107789095e-05,2.640894651412964,8.679000779602815,2.6243744711142285,1.3289041320632458,1.287767593971506,1.37055262189639,1.2020975978876054,1.2102541118780712,0.9365183670515287,0.7102659367773131,0.6051234571055344,0.42572988533330164,0.3376747632512687,0.24844075926468262
5240,7,1.1843177107789095e-05,2.2718658447265625,5.334985145747136,1.7367999638823635,0.8394667689792714,0.7783752720623456,0.8521203540147917,0.7912749347789335,0.7777730191970889,0.6086996727876789,0.4757331029505679,0.3982995549307794,0.29389450307920595,0.21177009473098138,0.18056509688388536
5250,7,1.1843177107789095e-05,2.4544897079467773,7.637679799715384,2.3257144362148297,1.2571467798566207,1.2007119404051694,1.2691279442287182,1.1060669165719894,1.0370398096897648,0.823339055063027,0.6459266022652937,0.5172311343745185,0.42344172696236176,0.3337528680341631,0.2608351325678237
5260,7,1.1843177107789095e-05,2.8573482036590576,7.7964605148303185,2.6905445130300296,1.4500779487540867,1.390775685102624,1.4517313008400472,1.3310176817720432,1.2097536352565088,0.9999307795495598,0.8111080650005482,0.6750896138447197,0.499771539591089,0.38967117317969746,0.29802627636071033
5270,7,1.1843177107789095e-05,2.6506667137145996,7.0676968300215295,2.1131733527299636,1.099084940647907,1.0912458663792677,1.2134628598098267,1.0445167445901655,1.0337567524350761,0.7863314519895822,0.6456873068547166,0.5457319773027505,0.37421330674665965,0.29753457246458515,0.22053109129861914
5280,7,1.1843177107789095e-05,2.798427104949951,6.858178859913135,2.344471147967299,1.2785590405747502,1.2083100547067012,1.319934513098956,1.099441054679482,1.1136995881901854,0.8581797198210197,0.6805054567669614,0.5912767179442772,0.41133068292583697,0.3092717577040328,0.23986401586943634
5290,7,1.1843177107789095e-05,2.540844440460205,6.564817105511841,2.1016444825402054,1.0478547370674576,1.0114592871822106,1.0990579465608634,0.9102558313229201,0.9257901757996823,0.7331193384681846,0.5558054003541494,0.4439844088144712,0.3491893106008379,0.27444741026677716,0.19923507533821821
5300,7,1.1843177107789095e-05,2.912318229675293,7.83839258727815,2.607069165002872,1.3836071003335286,1.3378390719712392,1.403710741322996,1.236777759728791,1.2966417713559961,1.0097465992588155,0.8245855680840415,0.6739436751902977,0.48029092979198446,0.37310334530519135,0.2795204287272949
5310,7,1.1843177107789095e-05,2.351644277572632,6.852064328185027,1.9755133908775222,0.9912085198313609,0.9867980691722246,1.027336007854394,0.8951874670354114,0.915445846657599,0.699490430039696,0.5141170992683242,0.4226563905463656,0.33864262703635106,0.2512959624811673,0.17531190930249896
5320,7,1.1843177107789095e-05,2.5776407718658447,8.441368967583426,2.9030849692285394,1.596961916505894,1.4877276337781538,1.6179524441880095,1.4802456380746232,1.4208122703308754,1.0868475550565575,0.8320789008175327,0.7354022324299625,0.5190900950724181,0.4333408055326253,0.3233521240738707
5330,7,1.1843177107789095e-05,2.825458288192749,7.895448756337601,2.7016360714924907,1.5394162703188297,1.4633801938648878,1.543297136383793,1.3759350820125753,1.2337177401115875,0.9785147847868092,0.7513192463072405,0.6646885870024606,0.4965757174252254,0.3708223993665447,0.3158665782497184
5340,7,1.1843177107789095e-05,2.5752389430999756,7.361635086927283,2.042359269368371,1.0728773906069968,1.0402270626516332,1.145304540364622,1.054467555050232,1.0507578348077797,0.7927083053406848,0.6293494220845255,0.5353473484660164,0.3954663788490644,0.3180208947209033,0.24027756368764472
5350,7,1.1843177107789095e-05,2.598783016204834,6.945850604284328,2.3906584835999487,1.225406031208486,1.1823361627781335,1.2679011456315352,1.1068017410276418,0.9933714201232913,0.7229657921643119,0.6111422132371727,0.5308659178939908,0.3859208351792105,0.34175138849111236,0.23695391547812
5360,7,1.1843177107789095e-05,3.103409767150879,7.772341101842329,2.4598265098544205,1.2310021737649406,1.1963588944314059,1.3685612984544806,1.1354650857072606,1.0125375907032772,0.8085853217387263,0.6232139777441614,0.5669907061855907,0.39382121020168365,0.3178639010042927,0.23301192422369205
5370,7,1.1843177107789095e-05,2.1409313678741455,7.109994828824668,2.1936692519028895,1.233655161281961,1.2315944246980877,1.2867746486363894,1.1360367356013676,1.0851829027178002,0.8257058947681267,0.6693529357255259,0.5466561138705974,0.41372154910779646,0.30927336424414426,0.23653269082427672
5380,7,1.1843177107789095e-05,3.2488250732421875,7.0280617373167305,2.118227252889036,1.1371318369799788,1.0642359833914465,1.1864215032797072,1.0713877987898566,1.0063535032722528,0.7549011317036035,0.6377029829920341,0.5175645543416214,0.3758143261125146,0.2846343218053778,0.2302022721776398
5390,7,1.1843177107789095e-05,2.7468461990356445,9.699395314507438,3.2112615996343292,1.671709865706205,1.623718444222816,1.6372838813252573,1.4999937974952446,1.467368708435745,1.019311939439604,0.8870869800292155,0.752295750861916,0.5590266614575687,0.3773838280894726,0.32669451756735074
5400,7,1.1843177107789095e-05,2.5214293003082275,7.703306181227424,2.642445749041669,1.3948663097741283,1.292506978629048,1.404720131837135,1.1999262942512898,1.1695010520675453,0.9099974470661264,0.7088701259192398,0.6024369757112336,0.42897969278433923,0.34769839224356114,0.2502515479044075
5410,7,1.1843177107789095e-05,3.293849229812622,7.824718624387129,2.4241443294148257,1.3348832134621451,1.2456416413280484,1.4774264691134074,1.2744484414815644,1.121514126458181,0.950461280338722,0.6912710572788564,0.5997848377635382,0.44321885011597534,0.31465202954638416,0.24683712632152818
5420,7,1.1843177107789095e-05,2.1707234382629395,6.478943734625186,1.906467359586845,1.0591289658174712,0.9909989056515561,1.1136399132900254,0.9835070961063456,0.9319319329659336,0.7234401602482443,0.5797693983799151,0.4860269609697949,0.3832791294980281,0.3055408026998435,0.2294917875937011
5430,7,1.1843177107789095e-05,2.57765531539917,8.562107489837885,2.540147000551726,1.3780565441907444,1.30924763040272,1.4236851640338068,1.2730356217583896,1.2153871963358072,0.977435407489487,0.7944236912942535,0.633740923549714,0.5031242956045238,0.3614374901407598,0.2812923345860915
5440,7,1.1843177107789095e-05,2.249307155609131,7.379208743291968,2.5902874185475735,1.3450842352275996,1.2401224990053596,1.3662076880630765,1.2537858182309392,1.1377755184153655,0.9267949874037397,0.720835777476767,0.5626703949951397,0.4497958623461289,0.3301929462504446,0.24304332640282628
5450,7,1.1843177107789095e-05,1.6555430889129639,7.260510897150671,2.0817064508518754,1.0936163466054427,1.0500679748581583,1.1601751787354575,0.9955584073443936,0.9666888304114495,0.7361400357437389,0.5535954277339589,0.4658780357447585,0.3373103715934465,0.2607037794780214,0.20014819460121008
5460,7,1.1843177107789095e-05,2.6218419075012207,10.356068841652402,3.3320636501377687,1.8629212498397287,1.7308485020980107,1.8189560185225604,1.5305835525509668,1.4552747947357665,1.1524838146002552,0.8701545627898918,0.6848524496388232,0.5495443561508452,0.4102065758904621,0.27822618167137153
5470,7,1.1843177107789095e-05,2.576813220977783,5.765857378554224,1.6958126042697625,0.8806515210243585,0.8385308554420242,0.9025677768642932,0.7886110254476633,0.7829686804127338,0.6507946126808041,0.48722291427576686,0.4272750303355182,0.3260576186127264,0.23710112216109305,0.16792927499968224
5480,7,1.1843177107789095e-05,2.7191922664642334,11.087819561175387,2.5359104056024706,1.3689459404967403,1.3196571394424161,1.3671346580136903,1.242513067599373,1.1046357154342923,0.8471105309598349,0.6743980383886661,0.612269516787668,0.43699144445073423,0.32189334982610635,0.2570167559222681
5490,7,1.1843177107789095e-05,2.0852203369140625,7.398748575879665,2.353832580107142,1.2763796857507061,1.2293308063517694,1.2935884724789022,1.0822662421406064,1.0562402174018912,0.8217520370317121,0.5952881067655132,0.4855112262822303,0.38303748625618556,0.278956260963522,0.20469037820605415
5500,7,1.1843177107789095e-05,3.007373094558716,7.2686330303478215,2.3745995357392022,1.3184495269782608,1.269792365607233,1.3723261865900789,1.2529264864407743,1.1504030755485268,0.9194078061336088,0.7283782273221885,0.6233659987423842,0.4451374469494851,0.3415090866334866,0.2626298909323286
5510,7,1.1843177107789095e-05,3.1541943550109863,7.387695961316092,2.4671313851225096,1.2442370086324077,1.2372464258575855,1.2740031476030178,1.0795081674295852,1.0345219656193072,0.7839415328216945,0.6410716730261997,0.5418411524600534,0.39818677686282605,0.28198173860755105,0.23272880436150398
5520,7,1.1843177107789095e-05,2.3285908699035645,7.304402057142122,2.4851244937718078,1.2756348640952917,1.230344869606828,1.252796381205668,1.142266413753789,1.0991198579922343,0.8401032209521914,0.6288355334314288,0.5584790999344308,0.41462286228173056,0.33158934215052,0.24406132940668715
5530,7,1.1843177107789095e-05,2.053039789199829,8.478738774570646,2.535634646472427,1.3529742956087083,1.2697061046439906,1.3541354221329043,1.1440935902389964,1.1832688892790415,0.9617364647464219,0.725260733509114,0.6103549652481594,0.430309858788708,0.30605230681366447,0.2525286502629023
5540,7,1.1843177107789095e-05,2.860414505004883,7.358709932877622,2.281524158886109,1.2733495698286472,1.1565936649007234,1.277177603824364,1.154931703103911,1.0474385492082376,0.8654101919741922,0.7030653132248473,0.5747265437962673,0.4259654619580656,0.32884138583226447,0.24773685643353266
5550,7,1.1843177107789095e-05,2.397472620010376,6.615296788512829,1.9702061402708864,1.086878685188595,1.0793945677833918,1.1468493445360775,0.986794308531671,0.8861606012161424,0.7029699390362493,0.5672135276361616,0.4737472625216075,0.351602312215268,0.2949964151706201,0.19704610166728184
5560,7,1.1843177107789095e-05,2.0446760654449463,7.37808832108691,2.595414648025186,1.4244542692897593,1.3478634981161877,1.3901332066983665,1.2532198764131761,1.2233354068582232,0.9564844654128369,0.7321279351124369,0.5952309917323125,0.4192591028297549,0.3290633237302909,0.23788713245934828
5570,7,1.1843177107789095e-05,2.4379353523254395,7.497467905391919,2.1368886477700255,1.0848094094169007,1.0771147542967228,1.1210088976949355,1.0112146600269707,0.9422522279741665,0.7341473938185562,0.5816027514567518,0.5306188012657727,0.3738680658125108,0.2809037686979123,0.24232678894022164
5580,7,1.1843177107789095e-05,3.4028868675231934,6.6622475035118836,2.3140395710775263,1.1910097946085356,1.1179773438196345,1.2529235303901063,1.1049623682672611,1.0982807306410292,0.8132097361936168,0.6777794946758254,0.5415716700893359,0.39288681799512976,0.32187016147137265,0.23872572552348245
5590,7,1.1843177107789095e-05,3.029167890548706,6.576219777214693,1.9978373651091428,1.128315763124272,1.0799107461896802,1.1269245304710358,0.9885568516316091,0.9127436216537502,0.7696893388212338,0.6069366978709227,0.5045617600468718,0.37854918321948827,0.30115950832913896,0.21626575287797697
5600,7,1.1843177107789095e-05,2.6543984413146973,9.144150969116437,2.9303407163172452,1.622893078315655,1.5483029267756014,1.5520668473027535,1.3361236137151344,1.322428985957474,0.9770942015689108,0.7660967873104754,0.6310637512433038,0.4595071028448455,0.3690526444656464,0.26976057761452343
5610,7,1.1843177107789095e-05,2.0224106311798096,6.958665066944874,2.329428941482683,1.2187038112204525,1.1358239834474873,1.181049885476087,1.0667957066321034,1.0207120084924595,0.7925318984344513,0.595122340397041,0.5112472370206826,0.35198694327674984,0.26750253427705295,0.208794701300122
5620,7,1.1843177107789095e-05,2.716904640197754,8.559628171160995,2.5589713752399024,1.2486530910806273,1.1184226649841378,1.1529759054989834,1.0266618476087848,0.9802890023515483,0.747604503450558,0.6116640743116523,0.5195003452208826,0.3816357908086786,0.2790925815470057,0.21724301135241947
5630,7,1.1843177107789095e-05,2.025662660598755,6.311289723455253,1.8217763794836623,0.9883048865223196,0.9935568534873114,1.0642476400130338,0.9367026866447692,0.8717395298734539,0.678969760319887,0.5080577223579278,0.45598779988560567,0.3268042566440235,0.24385235651208062,0.1916686215824898
5640,8,1.1798966893950997e-05,2.956714153289795,11.27038600565409,2.8603571280503104,1.5819499790213625,1.498179903008195,1.6043376290936426,1.3694471983616208,1.232641047058437,0.9932571360004789,0.7639564382770204,0.6406122604708384,0.4686547250209253,0.34827428554119244,0.25802695226211786
5650,8,1.1798966893950997e-05,2.4997434616088867,8.470358712745142,2.1915690416893696,1.0569024917792933,1.0661594326494734,1.0868962000648736,0.9046864057471068,0.8335886580977637,0.6647094356184636,0.5080701724248572,0.460853771910347,0.3259052455619558,0.2644265440107994,0.20605651826680457
5660,8,1.1798966893950997e-05,3.1938185691833496,7.715108225798067,2.409117655009591,1.2438294894185495,1.1927722617877983,1.243011443878542,1.0938930272937548,1.053508744683768,0.8234880245230426,0.6759276261802681,0.5458635759632652,0.43062938465724054,0.2914349615280747,0.24427922129175778
5670,8,1.1798966893950997e-05,2.2304370403289795,8.143630291687598,2.7141001741251825,1.4299417275637518,1.411926101928122,1.4153678394366518,1.257683174376085,1.2493426870382405,0.9340623532375845,0.6862143376723484,0.5359901326335655,0.3745958875736397,0.31041352347434537,0.23722944536903412
5680,8,1.1798966893950997e-05,1.6763660907745361,7.271022141119364,2.578630818951335,1.3224593802658977,1.3419495845587548,1.2933317320550684,1.2363945343490959,1.1052347582074513,0.8598075368644922,0.6740078029419765,0.5563626549154639,0.39694170578070537,0.305192292532695,0.24099062563152598
5690,8,1.1798966893950997e-05,2.8684911727905273,8.417282043542201,2.9575583743785265,1.4780536137074574,1.4293059642795114,1.5346465550393353,1.3404406466840983,1.3691603093987188,1.0535668304548316,0.8252285944629014,0.6816993326466658,0.4754103198660441,0.3823618287536119,0.30671055381723855
5700,8,1.1798966893950997e-05,2.5465989112854004,6.532339569816973,2.0703622909425667,1.1061648735372924,1.0588894734297984,1.1477506715394563,1.0052694180364734,0.9524187768097944,0.7281423282298505,0.5607342956805026,0.4731344095049275,0.339241746786744,0.2680067740797083,0.1908564400630315
5710,8,1.1798966893950997e-05,2.9324588775634766,7.942151663060266,2.359434190802146,1.2066259317881776,1.1511252824199323,1.2625321392088507,1.095288828831429,1.0887932923660546,0.8580684935730604,0.6513818707644873,0.5154358806063057,0.3945796821613398,0.29847304041199957,0.23097349079173032
5720,8,1.1798966893950997e-05,3.3642396926879883,7.828594340116124,2.9789146021082895,1.4652236243261398,1.3697245799017244,1.4560383241541175,1.2373836847250155,1.1465327463727468,0.8911676957062354,0.7237283126169256,0.6092498003818718,0.44478469002995125,0.3308078774669145,0.2412957403718949
5730,8,1.1798966893950997e-05,3.287905216217041,5.684587586571031,2.0627199169971053,1.048592899811128,1.0044098814150388,1.0615410360915793,0.9543386400933142,0.8498712039968053,0.7850157490865908,0.597048446795684,0.5137605150045041,0.3310919453504171,0.28593059017757944,0.21256984817227667
5740,8,1.1798966893950997e-05,2.436824321746826,7.569896230493715,2.3950160283049455,1.1671078734088112,1.0861790145609487,1.151769974488627,1.021590918002924,0.977420764997163,0.7925113404901278,0.6298415296517048,0.5279975179022484,0.4119268886189451,0.30842895051716,0.22565729014641245
5750,8,1.1798966893950997e-05,2.4887709617614746,7.046634045440456,2.186978306571521,1.1659842160866218,1.1082644048863068,1.232896631126529,1.0961653752916038,1.0584263804735818,0.780741617085712,0.6960188749105131,0.6112330728031983,0.38847217787525157,0.3204998503277029,0.22743587764534448
5760,8,1.1798966893950997e-05,2.39570951461792,8.687382264492147,2.853578904103935,1.5331259936244754,1.4242626942801258,1.5317138036859743,1.3728677768718323,1.3124832075034996,1.043484560004688,0.8564981106905245,0.6933158747953045,0.5374411845227984,0.42865752202076673,0.32115392042012475
5770,8,1.1798966893950997e-05,2.5112571716308594,6.489766609859285,1.9751892239548352,1.1202469392966012,1.1129527999551012,1.2287362463284512,1.0828221175371018,1.0632431010028591,0.8232486517592014,0.6181024566409313,0.573392115410203,0.37762195644636276,0.2946372887182346,0.2220270600946122
5780,8,1.1798966893950997e-05,2.1897640228271484,6.1036694087363905,1.7778216135520768,0.9071264652366322,0.834942840305457,0.9191809507641047,0.781998183748549,0.7432868657074835,0.5893092807848245,0.44072085023844004,0.3857433794448717,0.3017923037632592,0.23173159499521448,0.18922894582606398
5790,8,1.1798966893950997e-05,2.8693466186523438,8.913308699749122,2.4048893010999293,1.2806938880496872,1.2091230795937398,1.2420918343289093,1.1267744426062936,1.0523039455619008,0.8473926933645449,0.6815923009881742,0.5282488310323425,0.417835842428261,0.2854209488630632,0.242279156567611
5800,8,1.1798966893950997e-05,2.9967923164367676,8.390245945621558,2.7423839989025836,1.5022512435049877,1.3923080625408668,1.4359072580781103,1.3164062366132743,1.3355192011488197,0.9863588535852945,0.7542771682620921,0.637917479795379,0.44368593793173494,0.3548693140852599,0.25968587501646806
5810,8,1.1798966893950997e-05,2.379451274871826,9.543666117199049,3.07903023319428,1.6870383527588242,1.643504483614435,1.8225909337022461,1.422699362101523,1.3126872173541488,0.9921220798609672,0.7257591989876354,0.5913890516057422,0.4635820774961586,0.3600658339139899,0.261107775416351
5820,8,1.1798966893950997e-05,2.9500014781951904,6.796219679712218,2.0773290767377635,1.136899365696142,1.0941051100131889,1.2033851675167642,1.0006913913063364,0.9663222875866886,0.7776823837482686,0.6483793746862658,0.503223735018018,0.39656404719714966,0.28412321485700975,0.19001040739620487
5830,8,1.1798966893950997e-05,2.2810966968536377,8.98457819593335,2.378165046920734,1.3442693424022407,1.281492864001658,1.4142958038561226,1.2822666292919684,1.170207668556877,0.917827562077438,0.7479301662845923,0.6108201537517446,0.46536107016622497,0.35107974644662787,0.2614999812736506
5840,8,1.1798966893950997e-05,2.2421703338623047,6.338765583323783,1.838161923339873,0.9483797155055392,0.9040196253925457,0.9683833354119157,0.8885715527142194,0.8602738399111802,0.7735506888872692,0.5811379018406319,0.47612080124912504,0.36170974750350626,0.2779750991689991,0.20579375483282963
5850,8,1.1798966893950997e-05,2.2926745414733887,6.5037620689311,2.0925239463029417,1.073853580899962,1.022605430994822,1.1820043320842533,0.9923047769993629,0.8937007028944726,0.7150343526558283,0.5532299136268569,0.4464070961238751,0.3268681537018808,0.26676186998052936,0.2099070687440203
5860,8,1.1798966893950997e-05,3.1947927474975586,7.249530065655546,2.4356839549423723,1.3427452638878268,1.2901827492943645,1.3988969462645136,1.181731113651761,1.150729623196416,0.8975269023704106,0.7282692935163664,0.6225842475689445,0.4769259969656907,0.35221934710186975,0.2799807263389578
5870,8,1.1798966893950997e-05,3.139336585998535,6.274504898311372,1.7972643379859878,1.0684063951787466,1.0452452126338199,1.1141424499657535,0.9633254688262783,0.8646920910381204,0.7283164419936152,0.5208038234189308,0.465849197907592,0.31726623393168013,0.26689745722144786,0.20220557198668468
5880,8,1.1798966893950997e-05,1.4736263751983643,6.2290416303878455,1.8518446494764567,0.9998408415212032,0.9233110461095306,1.0547411591375855,0.8806242850798038,0.8685040901004488,0.6473328454718391,0.5262668259445594,0.4215171256899461,0.3310558987473532,0.24622473901308792,0.18396977464279074
5890,8,1.1798966893950997e-05,2.159095525741577,7.634974776175065,2.3843463344934386,1.1999289995426847,1.1339946766715807,1.2743400220857326,1.1356973103506356,1.0490200919881065,0.8385688885195027,0.6848794178207877,0.5676834359510431,0.41163914036194743,0.3087007654330666,0.22367547954380768
5900,8,1.1798966893950997e-05,3.2794322967529297,8.758077857739561,2.7353746799818617,1.4568546121140404,1.4905409247651853,1.7210622723477271,1.4595248086445496,1.2762636436931105,1.0015459901956083,0.7491738837673533,0.5795761900769771,0.4667604078505702,0.3685762389256982,0.2521605000278165
5910,8,1.1798966893950997e-05,1.8580663204193115,8.520940680613107,2.3597223515220906,1.2546179463952094,1.20053014953037,1.2933555773981655,1.140235981491321,1.1210555838096434,0.9380442891720583,0.6894218815434591,0.5481709014454235,0.4121965345348888,0.3143734300536411,0.2228289110364295
5920,8,1.1798966893950997e-05,2.619424343109131,6.628542407092069,2.251301511849885,1.1823493222160955,1.1630646401300335,1.2543094884669577,1.1091171427827848,1.0216919278799972,0.7809748700463839,0.5746328099262873,0.5250283649514221,0.3692367856289298,0.2978807448480424,0.21415189446898955
5930,8,1.1798966893950997e-05,2.3377933502197266,7.737383534046067,2.08303579558897,1.1338872162302458,1.1151613241272516,1.2151187214160097,1.1009056011891416,1.0259121578970023,0.8124865803636946,0.6653537214105263,0.5699265010652292,0.4077923318249496,0.3588393718146007,0.25128200620883545
5940,8,1.1798966893950997e-05,2.671300172805786,8.76093069563467,2.7071534018244106,1.4961994360404596,1.4489444340863527,1.6267184195043771,1.3736469379349243,1.2528767468763395,0.976432066618537,0.7326117270299731,0.6304962191595412,0.4635189421483951,0.35096370219824996,0.25551972886037033
5950,8,1.1798966893950997e-05,2.095437526702881,7.838133732426198,2.3052126544765947,1.2223423507366957,1.2148105510049887,1.2774493411878989,1.0461362271299732,1.0298378708143308,0.7978965642241435,0.6321986700785596,0.5292735328232189,0.35378543200577073,0.29360157136867726,0.2078047317189452
5960,8,1.1798966893950997e-05,3.004701852798462,6.582620688098964,1.9618136297595983,1.085716616088948,0.9942322236485569,1.0685220846520902,0.9571833954878031,0.9515475258670933,0.7596845962376404,0.5862361546493295,0.47928647242701466,0.3743467078392868,0.27101411786367213,0.20978922365751354
5970,8,1.1798966893950997e-05,1.5248315334320068,7.612565040007084,2.1923416011028416,1.174150858207102,1.1228355654656708,1.2219286103612321,1.0645427746899696,1.0060725913025417,0.8031015398513355,0.598135548543627,0.5515233034127042,0.40277708706838267,0.31583287534737287,0.23900842351500975
5980,8,1.1798966893950997e-05,2.7987895011901855,7.353654479906177,2.2878548817013105,1.2436076128306268,1.1720571142241232,1.265078068996589,1.084280248873703,1.003962019308152,0.8227366383998023,0.6100088841244823,0.5186921977668266,0.40437954223098305,0.32345173683702305,0.2376619901849551
5990,8,1.1798966893950997e-05,2.359445571899414,8.009129797054227,2.4771178310678907,1.4339117619048678,1.3367600763522316,1.4299834376191458,1.223096771852066,1.1880581584996277,0.967253587387917,0.7228287227835534,0.6129637905920725,0.45783268608557054,0.336333784576736,0.261404677493109
6000,8,1.1798966893950997e-05,2.5687828063964844,7.750184716581605,2.397711208134127,1.336295419631814,1.2152621710897844,1.3706011368848188,1.1792738910468192,1.0322762954288063,0.853031803339441,0.6769951698438512,0.5662918052724734,0.4049826681566775,0.3115058658173208,0.2217452836525742
6010,8,1.1798966893950997e-05,2.9052088260650635,6.494112466767347,2.0103574000009377,1.099961837029207,0.9639572373515343,0.9997369961682416,0.8991579751992995,0.8669209272518754,0.659555197226059,0.5460630703727931,0.4856464313100369,0.34893660861396975,0.2839327714080515,0.2145208744383438
6020,8,1.1798966893950997e-05,3.1513218879699707,7.635119966908056,2.3178305337213723,1.2688363716831397,1.1496196574625759,1.237908327553076,1.0550367577865816,1.0232434253121745,0.7646617246719655,0.5782043574205752,0.47158663294064324,0.33614778886880464,0.25168068868445087,0.19149477142474747
6030,8,1.1798966893950997e-05,2.6644539833068848,7.6319648993670395,2.358142471269015,1.3224782863836597,1.197366817839536,1.3360743433822635,1.172983931512012,1.1616667724711351,0.9126931130792613,0.7090823963646795,0.5550538557412437,0.44187849640403504,0.318899076028224,0.22001904814843337
6040,8,1.1798966893950997e-05,2.3117566108703613,6.54764497145527,2.0465794740441816,1.122290593198197,1.108387388660591,1.14063189503222,0.987383008316177,0.9739992912288288,0.7428121099684525,0.577655381145235,0.484284581559204,0.36819759810359304,0.29348105318559664,0.2145239403702713
6050,8,1.1798966893950997e-05,2.0791749954223633,6.051328918251477,1.9786998570199332,1.0861531294293736,1.0172424649432645,1.0663271582533602,0.960995183132064,0.9246670968890338,0.6936826836355343,0.5893924737517066,0.4547261157594286,0.3592227046282534,0.27572410548105364,0.21409915059480164
6060,8,1.1798966893950997e-05,1.9500054121017456,7.030199778389178,2.221301702843536,1.1369251703319088,1.1266776717795455,1.1591206543500234,1.0783859836298522,0.9900023585763613,0.7074050383906644,0.5808890781954716,0.5023598448544088,0.36065227820171625,0.29701537800205596,0.2200824939706622
6070,8,1.1798966893950997e-05,2.5217299461364746,8.304802307213778,2.5617892958512463,1.352086506938902,1.2973630899408362,1.4130215568382591,1.2456524775275781,1.1590203072181067,0.9691993591008811,0.733680665932459,0.5533219597890958,0.45450561052552946,0.354014755716837,0.2691317874022551
6080,8,1.1798966893950997e-05,3.041630506515503,7.164379016146119,2.090014628534797,1.1451723400677412,1.1278587206095594,1.1834385844512225,1.0777462506134685,1.0645215950006288,0.9081034858841749,0.6851062028350986,0.586131629632987,0.4048299998397048,0.33492720680064175,0.24405688878613613
6090,8,1.1798966893950997e-05,2.4254300594329834,7.148114709668951,2.2379276119691127,1.206613657112569,1.1162907626692726,1.1988074555701835,1.0611553238746667,1.0140918989294565,0.8179574470605968,0.6193658606086005,0.530745055055855,0.3794192139113727,0.2790496155367111,0.23467514195999314
6100,8,1.1798966893950997e-05,1.3431391716003418,8.322044669438284,2.5992588814124185,1.4606457884352333,1.3523242552849377,1.5196653791619161,1.3269661981283198,1.2040407077499884,0.9903267025007794,0.7369926295541597,0.6502878537853537,0.45523593036291604,0.30546202927573135,0.23976910845995686
6110,8,1.1798966893950997e-05,2.344027280807495,7.703256441671396,2.23856382372626,1.24425296106931,1.2035287962814634,1.3208496855259855,1.176510493900462,1.1184642542875025,0.8551300438790785,0.658602749641527,0.5195670650438977,0.3889589529128218,0.2928396840305198,0.2024743211076071
6120,8,1.1798966893950997e-05,2.3095829486846924,7.85319577142321,2.534576139603582,1.2769936041595875,1.2491576211090922,1.2837114614579301,1.1242515680869274,1.1038689686414318,0.8798041353001731,0.6655896606262438,0.539330142016608,0.418340917998432,0.31907008021889777,0.2271674198241312
6130,8,1.1798966893950997e-05,2.1632869243621826,7.566793655328172,2.319832200100557,1.1928331345757828,1.083486756275508,1.211007545232528,1.0965834261660672,1.0733279581666115,0.8094692381749152,0.6125272607762376,0.5140188557124346,0.3651609121036905,0.3117942661351437,0.20781399548545
6140,8,1.1798966893950997e-05,2.859546661376953,5.709440279978891,1.7269615865445014,0.9506874521097112,0.8904353119707978,0.9375102090869539,0.8366862897034395,0.8182299832783085,0.6030195882972764,0.46161577435329765,0.38330783471856356,0.27707802735673703,0.20442123562478504,0.15019724942216653
6150,8,1.1798966893950997e-05,2.8046793937683105,7.905521590336873,2.494632610310175,1.3359792180250494,1.2456086466945722,1.3353666035031182,1.166819816055986,1.1356477908326243,0.8803027827222653,0.6710016147445709,0.5516447359129807,0.42237459753117645,0.3143491953295549,0.2368563749924029
6160,8,1.1798966893950997e-05,2.974238157272339,7.953481849486563,2.3382242668366007,1.245162856278911,1.1022293015578006,1.2287624955336467,1.0464110801613815,0.9620829434418091,0.7788608909218722,0.5791641908424319,0.4518592829748252,0.35298973546677653,0.2743084524135196,0.21425427306430242
6170,8,1.1798966893950997e-05,3.0906152725219727,7.650464876514729,2.4684841939377002,1.3805497969057943,1.3881011452470127,1.4988260424406923,1.2907967520439136,1.162249229647367,0.9494535259365935,0.6997192201065175,0.596345238226531,0.41185729076053473,0.31462055494121854,0.23863916772554156
6180,8,1.1798966893950997e-05,2.9615931510925293,7.369051676355536,2.368159436413091,1.2972531269881644,1.1829600219672414,1.2990992772596013,1.135529316507181,1.079018287316485,0.8585411548233547,0.6273765790230759,0.5189157505953365,0.40563613260022907,0.2785456325185214,0.22199643495429677
6190,8,1.1798966893950997e-05,3.087340831756592,8.210323233268733,2.5538331183094405,1.3595110573853597,1.2788240370859363,1.296502839505249,1.1294653208985732,1.090793318892598,0.8324368688318617,0.6641627258971445,0.581776214723264,0.41475517950825985,0.3066459562860053,0.2309620696698608
6200,8,1.1798966893950997e-05,2.101454257965088,7.307039085798109,2.3540851421526,1.2361980125133258,1.1758438277537655,1.2678359354341122,1.2001451374470136,1.1053050683323544,0.8859097127730368,0.6178674154763183,0.5272467664220454,0.3702642755845503,0.2853955777260506,0.2280068817986073
6210,8,1.1798966893950997e-05,3.466925859451294,7.991550443088166,2.371806392204358,1.2246082513758798,1.1760946223332518,1.3048200743829952,1.1303182215071168,1.1635871462077818,0.8914203203182474,0.7104505224723914,0.6299719017326021,0.4656290025034493,0.3428777439295543,0.2677091237484591
6220,8,1.1798966893950997e-05,2.8957037925720215,6.364229290744763,1.9557298646359733,1.0464500202778515,0.9614085027404763,1.0852430546906682,0.9185974779540439,0.9013456097791244,0.7045771603467516,0.553032915884722,0.4654938727000337,0.31589041512000043,0.24944703039073748,0.20424346113819808
6230,8,1.1798966893950997e-05,2.617171287536621,7.382967922552588,2.3928274327601247,1.3614062000354974,1.2630650568064996,1.3555548726046966,1.1625758925154794,1.0723412508289172,0.8221738065900629,0.6351246846171907,0.556524929050053,0.40085266692614246,0.33098978912028876,0.23907710366007096
6240,8,1.1798966893950997e-05,2.272479772567749,7.109272480976975,2.2713165404292015,1.1508677413127366,1.075614313551717,1.1610896779128155,1.0581097319038046,1.015655530143438,0.7984444484530384,0.6009235723494245,0.5192454360871377,0.377405435465364,0.29033271576809017,0.2122388066107894
6250,8,1.1798966893950997e-05,2.7277660369873047,8.752375474470162,2.804113007292482,1.542602124409953,1.4140587255966939,1.5192871293741157,1.3568896054526092,1.357749321562629,1.0905911497108496,0.7542028339617746,0.687463658631552,0.45579639072763095,0.3649975297660844,0.3011915512123283
6260,8,1.1798966893950997e-05,2.9007742404937744,5.894476139335514,2.088260188609843,1.0806102754554008,0.9593773584019418,1.0643006439892568,0.858844673133047,0.7514621011761111,0.6193892307180697,0.45465783640901947,0.38677673349832803,0.28370076417556683,0.20170286270887877,0.15973929677092935
6270,8,1.1798966893950997e-05,2.812778949737549,6.7410654825912655,2.331738182278878,1.2107646643105998,1.1460492779664526,1.258737767646648,1.0745275431829144,0.9755494508248319,0.7488607855358832,0.6126806524123634,0.5171654489308514,0.36358749261477513,0.28271390205745406,0.23109320174377335
6280,8,1.1798966893950997e-05,2.483898162841797,7.44616974908136,2.3624867616466356,1.2668341812041548,1.1930107598484034,1.2919754000220616,1.1496723805130775,1.081012341043401,0.833565263205002,0.6637954087238448,0.5510885830208898,0.396751771236106,0.3214443913324537,0.23221367768276877
6290,8,1.1798966893950997e-05,2.2619471549987793,5.970177446529589,1.9033118157762285,0.9995573603359058,0.9570470966911386,1.00351577959185,0.8767866884330664,0.8641151062809427,0.6799733152257894,0.5255289421798842,0.41876102210383037,0.3038743660352075,0.24563965933970433,0.17585053075140997
6300,8,1.1798966893950997e-05,2.113912343978882,6.100853961666895,1.851376001938579,1.0232585423946075,0.9711774771529614,1.0446661627913778,0.9777473103945734,0.9373087375902226,0.7044920744858169,0.5713529544441451,0.46310396010627153,0.3539589104980093,0.2902489770000202,0.2272410791388731
6310,8,1.1798966893950997e-05,3.0848519802093506,6.853365261269641,2.5068039136725826,1.335934742029676,1.2789513851020773,1.3902857942627034,1.2538257859756279,1.1849260001713948,0.9139664563573685,0.6933931771034333,0.560359113980796,0.3844426110244131,0.3443006400526426,0.25384101685562593
6320,8,1.1798966893950997e-05,2.4379196166992188,6.627741228019187,2.0198310602141802,1.086087721548981,1.0064036329838528,1.098290656559756,0.9520889846720869,0.9420598404457396,0.752268818197565,0.5722618370220162,0.4414876290762113,0.3623976656885723,0.2649939995174838,0.198062996011018
6330,8,1.1798966893950997e-05,2.579784631729126,7.874221707598655,2.436845043183119,1.3295743593121736,1.2933887724102908,1.3757832650619906,1.161934474560518,1.1435603776297683,0.9310318411000759,0.6344531409763345,0.4857830694908679,0.3974185311026632,0.3126150437454546,0.23799144493321006
6340,9,1.1737274612927167e-05,3.221642255783081,9.220189847788111,2.97014711113233,1.4842350811876943,1.3944897673676981,1.4232236171243844,1.3010465533118605,1.2543047809845433,1.041039440557386,0.7331058207033537,0.5765189643544483,0.48672130501010474,0.3357794157528695,0.24031676250722578
6350,9,1.1737274612927167e-05,2.9908835887908936,8.984144712284158,2.55380615193405,1.352734780051625,1.2459159759951595,1.3172384154715104,1.135256418627861,1.0946680589911966,0.8849228263936261,0.6809415754211725,0.5650879348358538,0.39401395455317284,0.2905046956379183,0.22095640746703754
6360,9,1.1737274612927167e-05,1.970963954925537,6.741386440532763,1.9659745106637416,1.0306198918675218,0.9676154695021355,0.987978621127425,0.8902355915527879,0.859912955852598,0.669797696855594,0.4784841506065141,0.4168704568596583,0.30979463721716444,0.24162589699356837,0.17636265971518175
6370,9,1.1737274612927167e-05,2.071101427078247,7.475965790325838,2.4255827735783795,1.409595689255901,1.2394984122494908,1.3491506318318294,1.1802684127763232,1.169403635474513,0.8650280927412883,0.7287597561651338,0.5737171785040363,0.44204016492539866,0.31906566539323794,0.25571020360857066
6380,9,1.1737274612927167e-05,2.565633773803711,6.754591089102507,2.336981947194238,1.257621071502611,1.216644827732817,1.2689043918745184,1.0951006011052735,1.0237820566473528,0.807573928117321,0.6094009402203135,0.49520481596538035,0.3780898265487147,0.286928814965413,0.22118317010891758
6390,9,1.1737274612927167e-05,3.1258506774902344,6.857897709652258,2.273686505236911,1.1675224497327779,1.1418435158860516,1.1996694811674322,1.04406487519128,1.0137752860090086,0.8179165458504201,0.6230811205416257,0.477843336863879,0.3578126541651681,0.2722212869454009,0.20144423503184972
6400,9,1.1737274612927167e-05,2.043477773666382,5.92072493872581,1.9966764600332723,1.0696515421556234,1.0443530260480753,1.144036916878271,1.0476275486325104,1.0264743939197496,0.7602833249084122,0.5883169993527584,0.4924656020445531,0.36098170474639407,0.2851728180534749,0.2061578816369401
6410,9,1.1737274612927167e-05,1.915472388267517,7.262672069306559,2.435020951117936,1.3059069960885987,1.2990487516094633,1.3936370744515933,1.2286024535564048,1.133995305050181,0.8807308221731778,0.6917635193941579,0.5742328150477327,0.43753001074087433,0.3213755633034139,0.23524768161086415
6420,9,1.1737274612927167e-05,3.1319327354431152,6.5175075691593065,1.899590558423989,1.0166199330323424,0.9760766991379353,1.039535136060875,0.8571479346413268,0.9108043498852888,0.7106902844464218,0.5509926223537248,0.45143840681250064,0.31302670650732,0.2603964376376988,0.1957706757843663
6430,9,1.1737274612927167e-05,2.753525733947754,7.516628898675635,2.555057397042582,1.3369375540123287,1.2781843162670934,1.339397432891601,1.1712957946836484,1.1543274363034297,0.906005325703668,0.6933159867184329,0.5308755772702309,0.39530508490134925,0.3262482378888752,0.23445265455654946
6440,9,1.1737274612927167e-05,2.058915138244629,7.546517823222012,2.4855689133361087,1.2924627172862797,1.2091647177898572,1.2952572508423894,1.1444321605409489,1.0695360045004307,0.832998247891083,0.6790068675065368,0.5564988960250538,0.38082103109254345,0.3278553719453376,0.22408382973853033
6450,9,1.1737274612927167e-05,1.968494176864624,5.905211941791565,1.9532807818960987,1.1021331977122275,1.0512324094834824,1.2035877623087057,1.0560680889621012,1.0083319044750663,0.7570231915665673,0.6058656682609008,0.5328807346468784,0.35847162708608254,0.2905557302116709,0.2162075868855187
6460,9,1.1737274612927167e-05,3.049405574798584,6.077399242880964,1.9617108261430247,1.0699015724175467,1.0112776626122266,1.120979334486691,0.9395601899459937,0.909685143499892,0.6912671718459925,0.5646288947136177,0.44677928092932634,0.31742233962698896,0.2351043322989236,0.17926540108003816
6470,9,1.1737274612927167e-05,2.7832298278808594,8.006600930410569,2.6068110444902013,1.3055792181041024,1.2317673148756307,1.336277914482121,1.1823811392331933,1.1177350973383622,0.8814469052986382,0.6708403656820937,0.5938731450206406,0.4036675944411098,0.32068437766800306,0.23029622381648582
6480,9,1.1737274612927167e-05,3.0653438568115234,8.058247701371789,2.452688343453186,1.362774329453532,1.3159487911119712,1.4652291588406299,1.3154078255338002,1.3095366667792612,1.01657291285325,0.7406122764607388,0.6103446909398458,0.4318314513284582,0.30329541002998794,0.24253326974013728
6490,9,1.1737274612927167e-05,2.7587876319885254,8.317204363746868,2.7238423512683387,1.387723261176246,1.22055281648305,1.3362778948367653,1.1916217676448022,1.1418943736068417,0.9407089605628157,0.6795442291613302,0.5748098157251663,0.40045557974886464,0.3221198678026525,0.22896200945489997
6500,9,1.1737274612927167e-05,2.061939001083374,7.069826301529808,2.268994250773981,1.1573963978487496,1.1022718223446368,1.1579028523415567,1.0333501294265919,0.9909904791811484,0.7813584495686833,0.5870851667709147,0.5038953831713193,0.32281981954019084,0.29340692111980365,0.21047830807603782
6510,9,1.1737274612927167e-05,2.2206523418426514,6.901109997685121,2.474924283783581,1.435996553566275,1.3152138948129453,1.3954687812978106,1.24259593236104,1.1496444658241225,0.9062635475592004,0.6676140335705246,0.6000063369016726,0.4232731077728921,0.3142522809881684,0.234263202248244
6520,9,1.1737274612927167e-05,2.6154139041900635,6.936636413599935,2.108036725543485,1.2010725827872424,1.0647230633945364,1.1626666789331455,0.9752174749681449,0.9322082720992785,0.7528003705731983,0.5707215949255181,0.4800066928873416,0.3563850942194175,0.2618222513865808,0.17898722859363
6530,9,1.1737274612927167e-05,3.15571665763855,6.5491153243503115,2.2081649672070105,1.1337480956312733,1.051043086921988,1.11988885528741,0.962907043022907,0.9360736773298642,0.7103893716963042,0.5637260579083166,0.47447300939374704,0.3429031382626614,0.2717432812369725,0.1802136720241936
6540,9,1.1737274612927167e-05,2.5844202041625977,8.357586779337765,2.4334038839447465,1.2896084737348479,1.1928005454556534,1.2321250107361512,1.1058563536593782,1.0902230117805498,0.8537747097865307,0.6877420885992701,0.5418703948210035,0.3890424593359322,0.3151110916602194,0.23229066801705062
6550,9,1.1737274612927167e-05,2.3903489112854004,7.737617495648476,2.5092245076022284,1.299062867548219,1.2503950269228197,1.2973070713941472,1.1112003126297774,1.0452946703192922,0.8301830287694567,0.6691725566149404,0.5260074441938319,0.37434099984817387,0.2715293116823157,0.207598229025109
6560,9,1.1737274612927167e-05,2.7261924743652344,8.640863716080453,2.5908593155493134,1.4693578512849172,1.3625106584461937,1.4258445534835649,1.2861220375462705,1.2667339160969942,1.0201851486338374,0.7657284751478702,0.609761775827951,0.4613632889435819,0.3744177737042223,0.2702232976695817
6570,9,1.1737274612927167e-05,1.896186113357544,6.4578157294066365,2.14013728628596,1.1864180558064439,1.1464000480172292,1.1863997686118055,1.0682829943520655,1.019485473732729,0.8278634790775311,0.6439320740984205,0.5032535347242052,0.39674600212366984,0.29422355188121774,0.21882659466780793
6580,9,1.1737274612927167e-05,2.7797327041625977,6.563101883798206,2.249500048228607,1.206470436859277,1.1237229667430604,1.2199153480721054,1.0664685173919384,1.0273250913670682,0.8015752936100888,0.5972912390844217,0.495777554772889,0.3839705944256427,0.30066245312143924,0.22125631437529253
6590,9,1.1737274612927167e-05,1.624773383140564,6.202964253754655,1.8754661850332446,1.0495803375656516,1.0062867523273562,1.027672290366469,0.9343528463249289,0.8460623437789718,0.7072991784860218,0.5206589119108855,0.4958509391276031,0.35113450347540714,0.2835343422724754,0.20397769190793832
6600,9,1.1737274612927167e-05,2.482680082321167,6.478644030019943,1.9871149121180542,1.1135273793614047,1.062090872289484,1.1063178355206824,0.9507834794890434,0.9984520258056966,0.7684595578442449,0.5769750020456089,0.4827649757442859,0.3656447710116745,0.2829069825731663,0.18327955855631456
6610,9,1.1737274612927167e-05,3.1326746940612793,7.86250524506863,2.3733324879672324,1.2492129533565668,1.2169361152512905,1.2747234683917552,1.1138717917026388,1.0317492187289676,0.7936021351273438,0.6348512837093233,0.4976672850412064,0.3883818482990003,0.2979725007768865,0.21811456862499462
6620,9,1.1737274612927167e-05,3.209573745727539,6.168654811997628,2.3509153252729558,1.226362940940318,1.1129961787443219,1.1873121770377655,1.0435935389779174,1.0103268279997217,0.820995600306061,0.6186939263421002,0.4814930270767551,0.394086776771981,0.29244142247060967,0.22951982830583248
6630,9,1.1737274612927167e-05,2.8090288639068604,7.786041849181745,2.2518089243405806,1.188523406676829,1.1549454724676564,1.2082693491013135,1.1206041935215345,1.0940210081029624,0.8670430323928208,0.682586372391583,0.538970951332416,0.3989326029688025,0.3027317388679581,0.2316578201183672
6640,9,1.1737274612927167e-05,3.18005633354187,6.594396152709955,2.1662372222021022,1.1696190352656177,1.114701884763654,1.2405893246611497,1.0949363941805421,1.0365249594308203,0.8226938409167761,0.6264738497821671,0.551198500206506,0.3802441697275863,0.30020443352422893,0.21691435807107975
6650,9,1.1737274612927167e-05,2.848780870437622,6.514332060055952,1.9279324260636812,1.0283857529497336,0.9985765931805024,1.080480886105,0.9284848814502532,0.8628089265401419,0.6760119953762271,0.520414706009013,0.4298656663898821,0.3149778185083216,0.26253430390314236,0.18032480022046252
6660,9,1.1737274612927167e-05,2.439600706100464,10.195714828922393,2.8593480168113157,1.56010061626819,1.4929471895374307,1.6182129026613936,1.4306628044549274,1.2836558118419206,0.9704012889026009,0.7547786535707891,0.6497638533317376,0.4897451273352029,0.3403784428187544,0.271524773759103
6670,9,1.1737274612927167e-05,2.3934502601623535,6.257435798735134,1.9259265971211246,1.0424932568411214,0.9917645728841074,1.048560068775913,0.9064933312263106,0.8541079752760043,0.6591477129993986,0.5170110234960273,0.44808650213002493,0.33364049687334646,0.2542038861201459,0.18598352640822552
6680,9,1.1737274612927167e-05,3.2985143661499023,6.502056847707073,2.0347497608743113,1.0958981450255674,1.096608364760057,1.1520449253816671,1.0391529635324837,0.9462898836166748,0.7694747042844584,0.6124662872769385,0.49143853929366393,0.3453253843902086,0.26012146359950006,0.19686881707694642
6690,9,1.1737274612927167e-05,2.9955997467041016,7.31153250551534,2.2479573831364807,1.2131269416294803,1.1922231158367973,1.2668533069617094,1.126264185857318,1.036787225654562,0.896724897520019,0.6893943749432563,0.5934689229239598,0.38118780656819795,0.3281051354190775,0.2336861293777394
6700,9,1.1737274612927167e-05,2.5790228843688965,9.616886382175295,3.298017465737709,1.706380169461068,1.628877710595817,1.6742567818921392,1.457452432607133,1.369345812558921,1.0789523146627134,0.7690562442549538,0.6715648718307831,0.49330070030593237,0.37233193293952904,0.2847539327674717
6710,9,1.1737274612927167e-05,2.7658331394195557,5.942512862097811,1.823469935521102,0.9963336397283411,0.9202004841130239,0.9838384863174674,0.8809216777234977,0.8747512869315481,0.64948521301391,0.5498012994935308,0.4253452503237181,0.3394457639998059,0.265882125279335,0.18645881409985354
6720,9,1.1737274612927167e-05,3.007281541824341,6.736963832466442,2.2749184553631947,1.2217933384919384,1.145480723875805,1.2102857034491425,1.0792634070323193,1.0201809631485121,0.8053046780227227,0.6212577104066302,0.5164940489587811,0.37517656320318393,0.27052134003570183,0.20870769851754276
6730,9,1.1737274612927167e-05,1.852891445159912,7.273474898876178,2.385213816195065,1.2551461415928598,1.1879055367831066,1.2304408159188411,1.0819143510421796,0.9776562586601062,0.7890108386386117,0.6131804330562921,0.5100979450854868,0.3466352533144112,0.2998290339227959,0.21539436500327566
6740,9,1.1737274612927167e-05,3.026803493499756,6.6257019298753335,2.264633180047489,1.1794086371904138,1.1568368684652062,1.2481477548157522,1.0787814388561479,1.0074059576422238,0.8098359412936853,0.6228422467719934,0.5417337616505384,0.39890658530882844,0.3060359578032425,0.2278234044994758
6750,9,1.1737274612927167e-05,2.5148239135742188,8.96919674752492,2.3727165035860347,1.2939291590118671,1.2646490451450434,1.283913418094415,1.167504766638466,1.0701057412239996,0.8721477982662597,0.6966304719806303,0.58985916373614,0.46872414112709726,0.3339830849360137,0.23120678086287855
6760,9,1.1737274612927167e-05,2.067288398742676,7.147314262101735,2.3251596543549056,1.2012985182598452,1.0924960497107539,1.2052012008936932,1.0843967231514673,0.9920174407957781,0.7817705223234854,0.5921973176857886,0.497432273099884,0.36904464376132046,0.2801074718556711,0.2245041268604804
6770,9,1.1737274612927167e-05,2.0755505561828613,8.317639160497503,2.6559485145402073,1.4965035131293538,1.386841177845887,1.4874580043278227,1.2879219708752299,1.2083708316735007,0.9352285745596409,0.7559392076537573,0.6511340931344539,0.4903612837961964,0.37325807649494214,0.28740498448793356
6780,9,1.1737274612927167e-05,3.045724868774414,8.61680402947904,2.5295722423292406,1.3659943986069298,1.265028067285451,1.3465842584008463,1.25026029155205,1.151888515349874,0.8879040120318221,0.7289016195396887,0.5667435521144094,0.43366755159533693,0.3155957473090493,0.24513828680312322
6790,9,1.1737274612927167e-05,2.5119032859802246,6.062160306619439,1.7964847232414642,1.0168035321289306,0.9563849372560347,1.0192182592877848,0.9412271368628392,0.8517253750660926,0.6793182288738858,0.5071659030785405,0.4320210217784681,0.2974477369782318,0.2358087256159379,0.17671513413697204
6800,9,1.1737274612927167e-05,3.0111751556396484,8.406705547464496,2.2603359174827657,1.1844266760441335,1.1629428684073193,1.2568999130868719,1.114623468685294,1.0755464122110834,0.8771106140581392,0.6685776921239226,0.4983174297993851,0.4098332975889629,0.32361270440038153,0.2333449911287767
6810,9,1.1737274612927167e-05,2.260350465774536,7.321838929575069,2.4268394803067403,1.2155902082508558,1.1458876888780622,1.237355960839335,1.0356095325170116,0.960613179367515,0.7900937959490438,0.5869349896114985,0.4808230267788966,0.3592035113215815,0.2837627524057743,0.2162207171355436
6820,9,1.1737274612927167e-05,2.428851366043091,6.649363513536052,2.128098480072158,1.1215069623834653,1.0325744082368669,1.114042296301541,0.9985642808115379,0.9477644889633524,0.768697477331676,0.5930063757445911,0.5058041560318346,0.3393273956986306,0.2756286141517791,0.19596446341755352
6830,9,1.1737274612927167e-05,2.562556505203247,8.610759670907726,2.6987949171876577,1.4277499355088394,1.310266018354504,1.4449010774692437,1.3060438774429721,1.1910843644960245,0.9385167298524648,0.7395350395597294,0.5565648671448958,0.43038062229145174,0.3279487696242169,0.24644984092973746
6840,9,1.1737274612927167e-05,2.557332992553711,6.942103459194206,2.4619864916642413,1.3246666749733023,1.335540976261855,1.424342661169517,1.2171400676984347,1.1100801024505584,0.8932213444694984,0.7197327404807626,0.5893674449582335,0.4361675108448615,0.31795681137123316,0.20850063245863515
6850,9,1.1737274612927167e-05,2.2049410343170166,6.556411542457732,2.067037507385531,1.035898067873189,0.9863708146784346,1.0678643711452562,0.9544253556373367,0.9794924094500224,0.724576464214742,0.5694681655799654,0.4863151597509664,0.3438691456416966,0.24826580548152358,0.18769188627291714
6860,9,1.1737274612927167e-05,2.7930006980895996,7.376473497314651,2.2633322247470793,1.2171596102243598,1.1605044354300535,1.2418058289639207,1.0947063695122894,1.0551333837054133,0.801029388150129,0.602958170076342,0.5042281709378695,0.39630246578998346,0.27218886008088605,0.1971014417731421
6870,9,1.1737274612927167e-05,2.733541965484619,7.63707295391717,2.4674452198328574,1.349667144120734,1.2016590434276182,1.3750778263507273,1.2359851728888183,1.1384139227203138,0.9081961445722813,0.6340601897585457,0.5255415941933618,0.3568949753525707,0.29178328901341866,0.20394190571982196
6880,9,1.1737274612927167e-05,2.5293712615966797,8.675879760858658,2.680814383435956,1.4252972406548414,1.3696923301371329,1.4518441706698786,1.3093559009072624,1.1965966808257193,0.936277659113557,0.7044176279052518,0.5783502379069309,0.41140107225104794,0.30620143188625165,0.23063855526067592
6890,9,1.1737274612927167e-05,3.4093189239501953,6.781641824933315,2.0529762789008315,1.0759858290629798,1.0101460521538936,1.094797225327519,0.9768225669128596,0.9187456945233458,0.7292588079183434,0.549043797586744,0.43726980085720607,0.33921079792887715,0.23228675628719397,0.18198475283838195
6900,9,1.1737274612927167e-05,3.07204008102417,6.074192431258513,2.2980159086667564,1.150105596316899,1.0480385493899267,1.1492947623598826,0.9839185100893374,0.9125514306248386,0.7469067859968929,0.6095515027548742,0.48615855489537724,0.34489342767282727,0.2672036083331762,0.1929863634735463
6910,9,1.1737274612927167e-05,2.9064981937408447,7.101572816157766,2.0690974638447757,1.0701624880630882,1.1192666069669266,1.1532741358547587,1.0555478880747269,0.9873903592178744,0.7403432809421164,0.5828293237356995,0.5325429632956289,0.3829573911717539,0.2772446016961002,0.20118400930152705
6920,9,1.1737274612927167e-05,2.5866854190826416,6.633718425521106,2.6017631451184244,1.3770532613048454,1.2634953827876314,1.3716490519270002,1.1520650028456212,1.0386598480669913,0.8440303011538454,0.6247299115472387,0.5295118694706483,0.39122125967809085,0.2867453125621062,0.2199992924525841
6930,9,1.1737274612927167e-05,2.9644715785980225,7.129970217866164,2.287606450977946,1.2455847162305302,1.1337111005379452,1.257582140064624,1.0528446106729317,1.037840986477258,0.8227162926131316,0.6393920141946988,0.4756294289105378,0.3826436987320892,0.28610666190629275,0.22157650493835035
6940,9,1.1737274612927167e-05,2.676131010055542,7.381382683359985,2.4666027949721503,1.3501350872755826,1.2616836252597368,1.4672793145468097,1.2730815453294078,1.1942033058776877,0.9192382008011395,0.6419632390369532,0.5198626573636189,0.38445797278871163,0.2886348478753178,0.2175247859908572
6950,9,1.1737274612927167e-05,2.546541690826416,6.754459797632229,2.1905013509877986,1.229544784100818,1.152058967485621,1.2719886382026973,1.1096017717611468,1.087445538594948,0.8443590224821427,0.6448998597181881,0.570091417329265,0.3803422183640527,0.3120781452880672,0.21621049017243274
6960,9,1.1737274612927167e-05,3.0063490867614746,7.118909625904482,2.112285637605668,1.099428534313498,1.0656643244121848,1.169802588295115,1.0040587869836446,0.9490055768179104,0.8360021018058148,0.5873434779188459,0.4564858135096945,0.3576159768174639,0.2567089437201032,0.1939648062285694
6970,9,1.1737274612927167e-05,2.399970769882202,7.697817466300149,2.305334823025097,1.3287807263445048,1.309178421906843,1.383277166205737,1.1960707102722885,1.0943484366056055,0.8693267562016493,0.6723357883809725,0.5835218979442306,0.41075695506186066,0.3126127357738976,0.2342536376274756
6980,9,1.1737274612927167e-05,2.901238441467285,5.9915171344279194,2.05868395544754,1.1368364247542573,1.0625655919008585,1.1405209846418924,1.0379778178472103,1.0296767852902997,0.788734921031546,0.5792863326636091,0.45548397367378535,0.34609366186681023,0.25431763339344315,0.19922668333165167
6990,9,1.1737274612927167e-05,3.107543468475342,7.25485437790116,2.312042833134492,1.2519313515059123,1.2333690299968638,1.334772708545808,1.197689759449624,1.1930774668985415,0.9277714451250755,0.6618045472321654,0.5568102182232227,0.3933236131680237,0.3012977375982964,0.21203445847126934
7000,9,1.1737274612927167e-05,2.9459099769592285,7.092499504212071,2.218818231328625,1.2223191012227004,1.1743881972925516,1.251759133523397,1.0641435236356105,1.0625897213625826,0.8292569698634246,0.6297451547618726,0.5067138233994075,0.36359428079211764,0.31230006947602007,0.20486023529536979
7010,9,1.1737274612927167e-05,2.7707889080047607,8.771952323110384,2.2941724989439045,1.1799326660760345,1.0884936054409455,1.1543762584461041,1.0546116778208394,1.0124388433258413,0.7901554542180841,0.6266941799226167,0.511872333372156,0.3653701842583705,0.27233340816819196,0.20870542829492922
7020,9,1.1737274612927167e-05,2.985114574432373,10.038518257405917,2.688927625137837,1.4129043303937423,1.413356000625804,1.4708470179203466,1.3215591372666016,1.2681981641477607,0.9859652804904873,0.7952135861843276,0.5887295433370652,0.4671096913870035,0.34625593777940844,0.275649879244627
7030,9,1.1737274612927167e-05,1.7214373350143433,9.051160036867774,2.721006848759787,1.378589605833115,1.2747548741973063,1.3392822064014247,1.1729960515371682,1.1048371116890685,0.902270820923191,0.6915628905842721,0.5828608867484937,0.3947557419436102,0.3162809039283148,0.22478649611836204
7040,9,1.1737274612927167e-05,3.066213369369507,31.7019049434248,11.055029048125336,6.262534742053158,5.919005178587152,6.2151509628784805,5.26539142579459,4.141217914957826,2.9017605974457537,2.2002921255622323,1.6385002874039545,1.299141732841102,0.9209109753907342,0.7134500867493664
7050,10,1.1658301492115427e-05,3.1172287464141846,7.978227135398375,2.578828708854849,1.3995017502683385,1.3000270099331361,1.4039521109361877,1.2026313039111423,1.1470191324805339,0.9294941806836344,0.7005566659692664,0.5713852760865658,0.4086864948636309,0.32333096800736794,0.24808896295273428
7060,10,1.1658301492115427e-05,2.7880167961120605,8.559909095522958,2.764233537216933,1.5114928196540367,1.3983761198542817,1.497602159311403,1.3141617648112618,1.2253125848354887,1.0535198061028317,0.7820488227706159,0.581112362446424,0.4656886556464841,0.34509096182156895,0.23764016897843143
7070,10,1.1658301492115427e-05,3.4822449684143066,7.835815850824909,2.4300535103291026,1.3041733848235058,1.1992909992343515,1.3152525830538007,1.1208919365461791,1.1140899073822397,0.8650038245141832,0.6450667467558072,0.519189950424425,0.406275483204231,0.2931037624517206,0.22084785305433138
7080,10,1.1658301492115427e-05,1.788674235343933,7.806861022062943,2.9401758017147244,1.6367440102606416,1.515646176072742,1.6740142896509316,1.32844543544664,1.1929165878903543,1.00319319034526,0.7886625100520682,0.5853542475746986,0.48433717449779007,0.3547249565158897,0.23566770150637534
7090,10,1.1658301492115427e-05,2.0254781246185303,7.005700276683005,2.3234879157862682,1.2637988253650019,1.219395714093439,1.3208937111411045,1.1133205351203668,1.0658817175128468,0.8396326753408297,0.5924993319082716,0.5226009224743396,0.34549110917407533,0.27311353762046997,0.19617889699170274
7100,10,1.1658301492115427e-05,2.925609588623047,7.029748724683393,2.326187060735065,1.2843625413959396,1.205018060520834,1.267944894144889,1.1097014372274132,1.1335259778123856,0.8415962218515524,0.6229021426722644,0.45740596584630583,0.3448240963785703,0.2925408451454733,0.22016977306201058
7110,10,1.1658301492115427e-05,2.3008594512939453,9.110620245378703,2.6788029769636097,1.4416961076619614,1.3498514806999795,1.4745615766685825,1.3112370965846352,1.3016329526558321,0.9630774686197335,0.7197765196689546,0.6290623487629855,0.4542073599884497,0.3132527439838558,0.24919125032427616
7120,10,1.1658301492115427e-05,2.7794461250305176,6.68208715288704,2.3825876342628187,1.2365769631210908,1.2094985299476888,1.2776803599269193,1.1229931961582436,1.0781855885380311,0.8274771639648277,0.6311455110090785,0.4988541512857539,0.4005217998139655,0.28945714621657087,0.22165111999377377
7130,10,1.1658301492115427e-05,2.9249472618103027,7.845622586086741,2.4562487217373947,1.3893441970842828,1.270992841388514,1.3656484421887987,1.201299906028687,1.1003006790585819,0.9301329587308785,0.6775187885274789,0.5376280493340134,0.4316807523580085,0.3320952792053291,0.2221929376361844
7140,10,1.1658301492115427e-05,2.51517915725708,6.471346930930148,2.23885470315925,1.1714313791073958,1.1626201662105802,1.2090848475014346,1.1404632315759078,1.1040013973819387,0.9003199523300441,0.6674877733311925,0.546687436026415,0.40078916056299035,0.308612189845299,0.21366611247998218
7150,10,1.1658301492115427e-05,2.595032215118408,6.431690848784489,2.0616718011315305,1.1652819431972665,1.0827552667542082,1.1344158086399687,1.0492202788175264,0.9604147148134443,0.7260627204539971,0.5635052413210604,0.45730478961529025,0.35058734764925265,0.25066237999687596,0.20164738133333515
7160,10,1.1658301492115427e-05,2.5092196464538574,7.236310807981781,2.169716433333096,1.220087279588392,1.0982862878522024,1.2490269321727554,1.1331611417302991,1.0580786973990846,0.9635686219217848,0.6722001538593658,0.5667241831821568,0.404214183941361,0.2974255699083695,0.21724826665854363
7170,10,1.1658301492115427e-05,2.545930862426758,7.449136827822013,2.2940993502674223,1.2383961124830838,1.187730035203134,1.2954167758759576,1.1562884863529754,1.055839448754855,0.9474826654120756,0.7306326642787134,0.585961444618181,0.4275302284207358,0.3219744974163038,0.23068873370681772
7180,10,1.1658301492115427e-05,2.2303223609924316,7.648830652143475,2.6096090074030713,1.2728912810537387,1.1837595100243319,1.2285102797831267,1.1140208207910947,1.0569813230656797,0.8641186956887738,0.644025373345037,0.5307529217759022,0.38011567002702235,0.27712056328815987,0.21859706734578577
7190,10,1.1658301492115427e-05,1.7309231758117676,6.911857058375371,2.4090641333571865,1.2823651382054952,1.2576595304868583,1.3347172640959621,1.1333243241981334,1.123649758519247,0.8939091857021443,0.7106591333119782,0.5965252457486621,0.44710148585176535,0.3494830611956597,0.23330238338644407
7200,10,1.1658301492115427e-05,2.830049753189087,6.253757742616115,2.0622126875689184,1.1166318463330462,1.0657371298324185,1.1474769763003156,1.0361900243221247,0.9318266770191397,0.7453479869174049,0.5858475923229461,0.46509881460446817,0.38425727386580977,0.26696911425587944,0.21346870336260576
7210,10,1.1658301492115427e-05,1.6670043468475342,7.998885830458511,2.7421566547837033,1.4808977805913273,1.3680675634739654,1.5036057122199453,1.360097326002584,1.2985319078654143,1.0019668246505227,0.7696647509804526,0.6584888726012829,0.4592627878764058,0.3263581609050401,0.2417647483383418
7220,10,1.1658301492115427e-05,2.471142530441284,6.578319722107214,2.2776330054698612,1.1882323536486827,1.1402112716911657,1.2634420769909365,1.1375457077959474,1.098690453951074,0.8840154104574256,0.6745070762398225,0.545543968401112,0.4093486380205825,0.30701502743793235,0.22228292708928338
7230,10,1.1658301492115427e-05,2.0967888832092285,6.899219250436505,2.3720857410655007,1.276444724631166,1.2015122684378012,1.33946318078991,1.095151080203765,1.0655122312995002,0.8271129807288619,0.6542532628796259,0.5325788310858254,0.3993122474608426,0.28316626978705084,0.20546653638357543
7240,10,1.1658301492115427e-05,2.0361368656158447,6.8705785195969975,2.250040798414446,1.2237666031877905,1.1292753764777648,1.2549128386995463,1.1381390686697226,1.0490105013823454,0.7932754281635797,0.6022000637182658,0.5114587955808426,0.3658340530684927,0.28348124463398905,0.1965879935407432
7250,10,1.1658301492115427e-05,1.9024157524108887,8.15848663066509,2.614387947408411,1.2812689458686348,1.2337035700396468,1.3730897307278764,1.1911479349665166,1.158010673894896,0.8502362394817409,0.645447788643552,0.5340028145328612,0.42301159321704057,0.32297061315088965,0.21092465691216955
7260,10,1.1658301492115427e-05,2.652251958847046,7.24053908251015,2.726946904394837,1.4490261002850466,1.3157018227871886,1.4301993220419689,1.2823961478471955,1.1090142989717198,0.9308819823942371,0.7303449778100246,0.5855067385699518,0.4163577640430573,0.3271545201613935,0.2526769846666861
7270,10,1.1658301492115427e-05,2.4895882606506348,6.917313875856314,2.317756731419367,1.2720447794520353,1.2155663582460652,1.3239912827873535,1.1482747405943452,1.0345806063115983,0.8414069602506813,0.6244637207779372,0.554462200913755,0.4094308215347564,0.2945960964436989,0.23487550588244735
7280,10,1.1658301492115427e-05,2.8441848754882812,7.692409196110111,2.6388298353309843,1.3781579007532618,1.3112954311571452,1.4107770672472923,1.3140798292797369,1.2127082526420603,0.909394093289799,0.7115238464171144,0.604734628902956,0.4536496879854253,0.34070518917309933,0.22817709854898244
7290,10,1.1658301492115427e-05,2.836245536804199,7.241793423960159,2.4084483483327066,1.3195306458927591,1.2518746855035885,1.3564303821409054,1.2376569259576107,1.1574750921608312,0.874249943877213,0.7034628195025312,0.5410840606223702,0.41879681873307867,0.31146868051374826,0.23700719479487026
7300,10,1.1658301492115427e-05,2.7733190059661865,9.142790967796216,3.0031819429901194,1.5548172791483015,1.4666797248132342,1.53015234889732,1.3658296787705742,1.3065249251794246,0.9607862194538143,0.8412914132621849,0.690365557348111,0.5044911520555806,0.37245487280089307,0.2611278934304554
7310,10,1.1658301492115427e-05,2.426272392272949,8.678775450345421,2.8516743312056017,1.467609653099813,1.3140375281088699,1.4717350501558384,1.2981680425615996,1.2863679472830116,0.9829527376646156,0.7459270578925409,0.5587770996263794,0.44739306300382575,0.3214987247132082,0.23487171054776365
7320,10,1.1658301492115427e-05,2.2221436500549316,7.712751383741462,2.4734895040521554,1.2305096661698869,1.2251105803883278,1.3704064616583553,1.1949203029936832,1.1612557828780012,0.9377756225219483,0.6923367952760406,0.5522331504576127,0.45382822496008984,0.31244429530081186,0.22988512359233404
7330,10,1.1658301492115427e-05,2.3471765518188477,6.902719953626117,2.4129275259797067,1.3369529718154272,1.2092009060243718,1.3497316862323288,1.18848110599862,1.1594337315406527,0.9069757545134354,0.6540941729357151,0.5433426213257426,0.3778537827550297,0.2943004615401812,0.20583979239593894
7340,10,1.1658301492115427e-05,2.1803603172302246,8.03398159008135,2.4396240347830624,1.4016178284527403,1.2137595234900946,1.3740730867849047,1.2313895157344532,1.1346825238364495,0.8383944224764142,0.6491469858984059,0.5880682022310483,0.41487625281737706,0.3141196499065386,0.22302028659709083
7350,10,1.1658301492115427e-05,3.274364709854126,6.612400091435837,2.20054259993451,1.2121864085791116,1.1693329633907033,1.2875822954288687,1.0914095429879247,1.0917099071799683,0.7849157445268712,0.6420656092849114,0.532679445565489,0.3617470616613117,0.28898021002769453,0.2049539474292675
7360,10,1.1658301492115427e-05,2.3699698448181152,7.1026387716238455,2.187383893124247,1.1214322208250038,1.0441442927875615,1.1451039447098799,1.025200218321282,0.985626691036571,0.7647902079736931,0.5988431135636205,0.4742326447539622,0.3640343244959257,0.2662704877842213,0.21076005236536377
7370,10,1.1658301492115427e-05,1.9346752166748047,7.275789515931155,2.6383974571265423,1.4962284785212427,1.3798026004765878,1.5056230185842407,1.3242430259668792,1.2636875450284415,1.0236748705569463,0.7340578832203849,0.6618554905158703,0.4473572987733835,0.3140196964824948,0.23204974758331848
7380,10,1.1658301492115427e-05,2.070618152618408,6.9361888292151885,2.334081293556804,1.230630428247525,1.1460228382985373,1.2859628621382269,1.1357161269663603,1.0590778637600589,0.8440833303321987,0.6704868060895182,0.5701512586092835,0.44911616014154,0.3317822893461351,0.2617886179736622
7390,10,1.1658301492115427e-05,2.0108323097229004,7.475830576514833,2.6514572134417813,1.4997187872825843,1.364205888015686,1.5076297034589963,1.3189819716772622,1.3071246951761766,0.970207356123836,0.7444461056997261,0.6038493907588951,0.4245298698840919,0.3386813449972447,0.2387609371248701
7400,10,1.1658301492115427e-05,3.5928006172180176,7.797122595167801,2.2205731092112897,1.2560317349383223,1.1687273354188632,1.2149830779054689,1.0903661533608855,1.0296944675980089,0.816006372817633,0.6233461769559907,0.5282038427904086,0.35482489286343954,0.2951391181116338,0.20750930994996375
7410,10,1.1658301492115427e-05,2.3703370094299316,8.290463492274794,2.4519107699558047,1.3918832623790134,1.304679628906306,1.4245648303535476,1.2520643364927384,1.260229516421495,0.9921147860194897,0.7092204256076454,0.633033732861733,0.49214447619802926,0.3498722254355277,0.2574611586565707
7420,10,1.1658301492115427e-05,2.78304386138916,8.157129744084479,2.909703160463788,1.4978269286716,1.3788996552917177,1.4991556871116896,1.3678269671082308,1.290652718995731,1.0201838768767015,0.8015980611823738,0.6757015784470165,0.4923181004716911,0.355765227052399,0.2542777082560917
7430,10,1.1658301492115427e-05,2.509838819503784,7.0345664282340765,2.069331423842637,1.1779130824846173,1.1379569949398247,1.2005522522401082,1.1012202644973104,1.0453563249864541,0.851736979635647,0.6343091049519384,0.5350926185170501,0.4028096542997837,0.2962628112082685,0.223971495703911
7440,10,1.1658301492115427e-05,2.0923173427581787,7.97205978901642,2.1253404260260633,1.0970790446985126,1.0656199912900854,1.1573941629626814,1.044686230460902,0.9748365034854631,0.7618680010259721,0.5889587466645978,0.48778421699130486,0.3567706885775076,0.25813574395373456,0.18986009565226128
7450,10,1.1658301492115427e-05,3.224745273590088,9.324704060445265,2.773972522737841,1.495195867677883,1.3885748689087112,1.4999783170045284,1.3347019912695057,1.228335000965621,0.9667658348862388,0.7863012865324639,0.649892357034829,0.46280979077815315,0.31625097126139473,0.22028695619389327
7460,10,1.1658301492115427e-05,2.095651149749756,7.578878861775613,2.438777104440484,1.3802347387232703,1.295988207497481,1.3572611487639414,1.2611446440255667,1.1371053608872965,0.9482609904151886,0.7137633205166494,0.5884126975889071,0.42409809303322,0.31232650451412824,0.2366423778088103
7470,10,1.1658301492115427e-05,3.217719793319702,7.047323550452117,1.9479936876258979,1.1617209495491023,1.1173862608395646,1.2408573111061554,1.0565432999736037,0.9485250117018329,0.7532556912353369,0.6367998847101478,0.5031243550125714,0.37134137695131825,0.29891907157977665,0.21083676272226465
7480,10,1.1658301492115427e-05,3.1575961112976074,6.092133484325646,1.8489657442754563,0.9863580227678164,0.9397139168224408,1.0168058226997627,0.9093129236087173,0.8607143367084805,0.6713727834566636,0.5351911319580923,0.47663804495302875,0.3532182523250451,0.2556603249125444,0.18216023898397654
7490,10,1.1658301492115427e-05,2.4200944900512695,6.460356438247758,2.089071893453566,1.1223311466320258,1.0748223105242602,1.1526904963313642,1.0095125672212948,0.9989593751938047,0.8275335124814771,0.6350791483898274,0.5352718973297758,0.3676197899352143,0.26293348393155336,0.1935086742532492
7500,10,1.1658301492115427e-05,2.678572177886963,6.948262466115636,2.364701364410187,1.2317744715320504,1.2196029284937508,1.2874370561206145,1.1197366769965702,0.9976320778521321,0.7608976629293293,0.5968218042466268,0.5003931098350168,0.35875253863133205,0.2678898321973424,0.19132296834133683
7510,10,1.1658301492115427e-05,2.1311306953430176,6.611865805198508,2.158554793743931,1.128797070744285,1.1042856230437048,1.1658175826569974,1.0641920352032619,1.0331900544370223,0.8271115877612634,0.6330154888429662,0.5217780748122253,0.36860213592342916,0.2911512645840899,0.2116997348377536
7520,10,1.1658301492115427e-05,2.4986960887908936,7.1518404412289085,2.5120880283721347,1.2981401745467083,1.2351016145616025,1.3199878393229016,1.1667409830983095,1.0567483167043568,0.9181260735600606,0.6392309323006387,0.5530125341006715,0.38082324078782753,0.2992521826355204,0.20565899779545208
7530,10,1.1658301492115427e-05,2.51682186126709,7.174646888279981,2.3401872532080965,1.3138628785511541,1.2174583118768614,1.3499112199131744,1.1397029956657485,1.1380634319097518,0.8457475447799988,0.6578778562021995,0.5520227552977798,0.3966427683598009,0.3053904272620368,0.2130332718103767
7540,10,1.1658301492115427e-05,2.288928508758545,8.087763267087608,2.655288087104087,1.4125822145965152,1.2950186130289074,1.3386185099678618,1.1743539986323326,1.1641032487622416,0.8850218895213275,0.7237541177936679,0.5549602457773455,0.3620182449959938,0.2880827137514906,0.22786191471974954
7550,10,1.1658301492115427e-05,2.7145800590515137,7.363534514627803,2.413248817651234,1.2539406586765633,1.194876905585445,1.301048644080497,1.0923324733728967,1.021454067953344,0.8026472867886351,0.5811791870315904,0.493578125019312,0.3470129388923604,0.26877478866530363,0.19498095693485304
7560,10,1.1658301492115427e-05,2.3223319053649902,6.717870979046981,1.9891695927873383,1.1067120197420246,1.0068905781707447,1.152622343930443,1.0128722899821367,0.9548060902892244,0.8236936959441875,0.5813463738145529,0.5245988222984317,0.3627710932334793,0.2810437653497789,0.20151885993895496
7570,10,1.1658301492115427e-05,2.4611616134643555,7.116937129011082,2.6051499503792286,1.4112414959819606,1.369573840629753,1.4410664080776618,1.246887409189275,1.1729712274844124,0.9260075025608989,0.6353392676867126,0.5420176043785102,0.3865725907558911,0.28660725441936435,0.20300771496473707
7580,10,1.1658301492115427e-05,2.1327438354492188,9.327260755611123,2.5460333920538867,1.2784676869619165,1.2417237931057523,1.2793011949758353,1.1944061741719856,1.17476852410433,0.937056461334031,0.600405516003561,0.5411971434583054,0.38063904149955996,0.2610555328186904,0.18779235627233787
7590,10,1.1658301492115427e-05,2.752148151397705,6.834792702556637,2.170850003225468,1.1150123511853878,1.129230697250479,1.1690734112743357,1.038019348130681,0.9720977196831887,0.7820521376345816,0.5967762874813147,0.5044986299300438,0.34776609518027984,0.2780490854876364,0.19832983431243809
7600,10,1.1658301492115427e-05,3.4375171661376953,6.156064625915062,2.139627017439439,1.189747697852622,1.1223219161151659,1.1867075998555352,1.06790101002503,1.0361939957181514,0.809780437358778,0.6225974332156882,0.5274943585885585,0.3376254177856819,0.29780785562564144,0.2165470796296876
7610,10,1.1658301492115427e-05,2.051300525665283,7.527529182069266,2.582947723964322,1.3076396675613342,1.24087922516923,1.291122173982614,1.1300827273772847,0.9744178596883949,0.9122311728842181,0.7083584015688393,0.5905694415445512,0.41322686418764887,0.30967676613691375,0.20049922582685767
7620,10,1.1658301492115427e-05,2.642204761505127,6.510169325201685,2.0280026867202197,1.1324995841653809,1.0902548754991481,1.1533898244609773,1.009551160911255,0.9821183613464447,0.7760396697855713,0.5766157663606727,0.5249265184005941,0.35560154569504915,0.24306982044006212,0.20118590826229799
7630,10,1.1658301492115427e-05,2.449261426925659,6.879139676598201,2.4193137878836306,1.315443577477145,1.239376127755285,1.3479543947628503,1.1888778352257674,1.129642908524499,0.8920359947438463,0.7038973475951519,0.6393103650661242,0.44321486862603715,0.3222035040471739,0.2304322321467952
7640,10,1.1658301492115427e-05,2.7578980922698975,7.61256316119538,2.6542713356245504,1.3614820865289587,1.2741780455316256,1.2682785271998473,1.1683610571799656,1.07939295151922,0.822591405252268,0.6761307730828269,0.54060688336196,0.39997166108736204,0.2825603823334983,0.21783454633118582
7650,10,1.1658301492115427e-05,2.5825817584991455,7.386822501366107,2.450707313552396,1.3138711440560336,1.2936764123028128,1.355631399856928,1.1860166238212044,1.1616340321513887,0.9244659870063411,0.6612160827035057,0.5832368546757314,0.43851448746793115,0.31683608188104,0.22453219424599843
7660,10,1.1658301492115427e-05,3.038949489593506,6.525620419939427,2.139206222062884,1.1371276442414795,1.1355962651610116,1.219643711735314,1.0694688304808084,1.0012209284482636,0.805565679505463,0.6172586882374453,0.5119909736334172,0.3733824946269363,0.2672066285465668,0.20767657836979692
7670,10,1.1658301492115427e-05,3.4621872901916504,8.411208125440389,2.2844439624814536,1.2907982362226484,1.2574025736856058,1.346869434725465,1.1764460567433839,1.0932599685709457,0.8893666525465129,0.6718867182695197,0.567601824878474,0.3883572953762016,0.2889131175364595,0.20144375525401415
7680,10,1.1658301492115427e-05,2.562549591064453,6.96231129158407,2.01101630992064,1.0597764142986363,1.0391125043628031,1.0822549490909634,0.9779240937112986,0.9041888281748119,0.7542882600447106,0.5806875919710097,0.4450717932415757,0.31305446003333326,0.24288851884538412,0.17428243868623897
7690,10,1.1658301492115427e-05,2.451641082763672,10.83781537432436,3.157091467572044,1.717468933245784,1.6531846487516928,1.7436173368279178,1.5617374182935042,1.4427897188009329,1.2582759074909156,0.9891466066209166,0.8534062699618654,0.6026444942667681,0.4131939270361683,0.28693867561293585
7700,10,1.1658301492115427e-05,2.222815990447998,7.8103504176454095,2.449929395686033,1.3006816477425915,1.216113054889219,1.2929318051155145,1.1251303296998156,1.0610799408031149,0.8964837343228846,0.6600463058858913,0.5140562434336822,0.3827509154560056,0.3006688350311678,0.21559310504648677
7710,10,1.1658301492115427e-05,3.171034574508667,8.552961250231135,2.951495055650536,1.5101468049885425,1.386630849671622,1.4696255548792763,1.265717987257482,1.245271290003544,0.9890060622630069,0.7836455257821334,0.6066562867369443,0.47183640723389775,0.333153220383172,0.23733574930615228
7720,10,1.1658301492115427e-05,3.454113006591797,6.212472507657961,2.29675394322284,1.1522833922003446,1.0813671647431604,1.1497739379380012,1.0088054182166,0.9645534839924893,0.763209075959553,0.6127466825941981,0.5017150680507856,0.33558113518960925,0.26585047155807284,0.1934047920695848
7730,10,1.1658301492115427e-05,2.449458599090576,7.2265738404732,2.1125183010615194,1.0987320340041529,1.0734376610426066,1.0710791318812232,0.9418409436127164,0.9539983556545744,0.8301360070553502,0.5790172824165126,0.4585538014448506,0.32590075414785397,0.23298046069471076,0.17642267420220667
7740,10,1.1658301492115427e-05,2.718771457672119,7.639477194854265,2.8912441138975673,1.6015473645646472,1.4181017329948788,1.475762227567768,1.3086799702823593,1.2139592584990406,0.9518792385476655,0.7385532201890889,0.595328735306773,0.39940268572038357,0.3203587617323111,0.24358674974412242
7750,11,1.156230512542112e-05,2.2915401458740234,6.721920363702901,1.9183562644788437,1.0190961684195188,0.9784563469652379,1.0643020453220196,0.9593963626838821,0.8589496080902651,0.683003261495077,0.553279934867472,0.443390256289793,0.3156535364215984,0.238081730873131,0.15769489519083218
7760,11,1.156230512542112e-05,3.2938084602355957,7.726272426946922,2.627582288313636,1.430052304297719,1.3139952798636885,1.4300230665867681,1.292250676289844,1.181088554339095,0.9176508429113204,0.6892986456495523,0.5579462358261545,0.42196864859090916,0.30294901714828903,0.19202399606689208
7770,11,1.156230512542112e-05,2.577096939086914,10.030956477558433,3.3657671928606683,1.6853666410510466,1.5405864735211416,1.6086229362799698,1.4314992276277083,1.3135646023346725,0.9544231566981789,0.8176109577978189,0.657022641115101,0.47525874294904924,0.3611308011511343,0.2540101126786799
7780,11,1.156230512542112e-05,1.6551182270050049,6.0652645514723345,1.8839120578062232,0.9884227376911305,0.9589184677216833,1.0894507677598397,0.9291429976068161,0.821398683053746,0.6820849786390181,0.4853290349781094,0.3953403052507781,0.29466370364092215,0.21341362819419563,0.14437329344654357
7790,11,1.156230512542112e-05,2.0108959674835205,7.188352321586083,2.2982551830431395,1.1578800490493117,1.0920605246786004,1.1741124706926116,1.041966609307958,1.0022976163822899,0.8276355216891851,0.5978821744902393,0.48159014355471197,0.3816705574957459,0.2735897807653036,0.2090886205631857
7800,11,1.156230512542112e-05,2.2597031593322754,6.561349435984185,2.32160731732466,1.265721956049519,1.1681677326131146,1.2429337078576403,1.0855477692827131,1.006878828632238,0.8154461601122516,0.6155515511980811,0.5022739013937892,0.3825250589666147,0.27464354949511277,0.19912798881830177
7810,11,1.156230512542112e-05,3.0169920921325684,7.070104011119712,2.466239883919197,1.4150656332525187,1.3569093732218234,1.477042331474347,1.3272607252031836,1.1709264753458037,0.9028625515116939,0.723711276448753,0.6363411242876136,0.45837488147373373,0.31044144288816194,0.21970073645446583
7820,11,1.156230512542112e-05,1.9471442699432373,6.0981514228518,2.2741388623511822,1.1856148657846346,1.1600081431230624,1.2610736919482408,1.1379180394593509,1.0028773765597747,0.8138756090069883,0.623716918755073,0.5268566902398548,0.37748388764821383,0.27335085634313566,0.1999815682336314
7830,11,1.156230512542112e-05,2.8167665004730225,6.763721380960265,2.098940731191996,1.1570664301695088,1.0679294321852755,1.1602967471631584,1.016914928651259,0.9699617726938407,0.7950071678194854,0.6009882532993319,0.5275156744209326,0.3500099574447796,0.27109602297151575,0.21165168666575618
7840,11,1.156230512542112e-05,3.4101195335388184,6.413315611451713,1.9865730753601973,1.08915859205957,1.0879307533411495,1.2246747115335561,1.065480065373045,1.0029983811909302,0.8005155572977793,0.6252362508496647,0.5012253102626991,0.3557804891568779,0.24491023632792377,0.1808062754946174
7850,11,1.156230512542112e-05,2.639472723007202,8.418898874572447,3.0501178637114483,1.6172697090205093,1.5521259291911305,1.7036509138301246,1.4711850301415739,1.3042896859678534,1.0763344250893734,0.7885415789585484,0.6916185974805261,0.49065219640711066,0.3384237331446892,0.2331105287234964
7860,11,1.156230512542112e-05,2.1062822341918945,7.258864271267307,2.4814452420229602,1.4046344820884298,1.3194640851010995,1.3754152130496078,1.1991549712491576,1.1640679112091,0.9663243477180117,0.7018365885118908,0.6227692305932153,0.4083819250705439,0.2959618634056131,0.21715846178530596
7870,11,1.156230512542112e-05,1.4405072927474976,6.010981505132427,1.9994836776646856,1.0497346024281453,0.9863107769893437,1.0727894394710418,0.9784657108152469,0.9399131223058212,0.753546799780493,0.6129797966222655,0.47185560813346994,0.35178710760238935,0.2608336639624556,0.18938931526370856
7880,11,1.156230512542112e-05,1.8170585632324219,6.9267708701160045,2.5085828734285984,1.399216333705986,1.2852526419968653,1.3728551945973755,1.2300706836494324,1.1539897151613605,0.7952764304771526,0.7128229971384101,0.5613336596965246,0.3783411159220862,0.2847605610217211,0.21172714541822377
7890,11,1.156230512542112e-05,2.318265438079834,8.378970717772585,2.6270242835399507,1.408727591971685,1.370333568305251,1.4997721151802645,1.3612630543496973,1.2162963689697395,0.9092224654466219,0.7576265081397369,0.6044268668370564,0.4340018312979017,0.3070567887423166,0.20665559730209673
7900,11,1.156230512542112e-05,2.0242111682891846,7.39057285287589,2.4257196761087663,1.273924446941414,1.2159819629435353,1.3157635278565971,1.172933069813622,1.0667436551699778,0.8982313014906814,0.7173524717598695,0.5538161677795026,0.4337293466442807,0.3228039588072465,0.21186403372907964
7910,11,1.156230512542112e-05,2.5964455604553223,6.560054861854603,2.399289648703365,1.2469624314198726,1.1865645423340887,1.2507417638414164,1.1092486968510165,1.0694838200132422,0.8276412163653724,0.6584629613442929,0.5208660371151715,0.34833195279624757,0.2686860456520291,0.19065279283565428
7920,11,1.156230512542112e-05,2.6794986724853516,6.533588106761276,2.5099225404196392,1.3363242339762054,1.2612941465250902,1.3499768792267026,1.1766911034031973,1.1655073380671075,0.8831389348943282,0.66479777323864,0.5541282450488708,0.3996423894714058,0.2840046955287694,0.18477776419251252
7930,11,1.156230512542112e-05,2.7279090881347656,6.785749821616722,2.1477938576489892,1.126825386065545,1.085557726974044,1.0937016808664557,0.9939064607164055,0.9590527851718459,0.7375337489920962,0.5925794142063978,0.5038190412553603,0.3606715781606472,0.2730570593984001,0.20182482856421644
7940,11,1.156230512542112e-05,2.07967472076416,6.205059696755586,2.0839391354913377,1.0964450248617792,1.0284199006569203,1.0910995096958298,0.9204239221796876,0.8883788875908696,0.7199764397106577,0.5655299117993792,0.46674058140540164,0.3587690856199398,0.2664759217347772,0.1831698919600296
7950,11,1.156230512542112e-05,2.296719551086426,6.775138785491899,2.379037778179757,1.2873265301502872,1.2397323481008824,1.3536096152618102,1.1813310305030624,1.1025835111607383,0.90415392522181,0.665319724332762,0.5993338698694812,0.40509522804456194,0.29357082659562334,0.2051731423325977
7960,11,1.156230512542112e-05,2.203305959701538,8.055549428945056,2.403586761444704,1.2510304040293014,1.2444389679519245,1.3526223053130517,1.22359166901248,1.1119026565974999,0.9180273267754142,0.671009871188797,0.52913628148397,0.3904486840021773,0.2564999054115664,0.18288243641090043
7970,11,1.156230512542112e-05,2.4195609092712402,7.614612388203067,2.5096175509878598,1.4074167436031202,1.3699157927132066,1.4873867511456365,1.279424026659511,1.1966582571317588,0.983334270769699,0.7932318184237479,0.5483349729660366,0.4921349595855244,0.34749889756291735,0.2766284835773975
7980,11,1.156230512542112e-05,2.5356390476226807,7.605453921673316,2.326641790916956,1.2527961707087079,1.191548613417581,1.290673319108945,1.1642470498157307,1.0552587705794971,0.8742200974001751,0.6310068378389335,0.5340765577908534,0.3844774475170716,0.25734126112014766,0.2026459928813638
7990,11,1.156230512542112e-05,2.479515314102173,9.382951155180235,3.636206590084034,1.9097560154147777,1.7277025126720722,1.8982363967677658,1.6129355380580934,1.5538367883035542,1.2169405356584173,0.9262666606236468,0.7212519480549511,0.5568177557031675,0.3838942383712718,0.26132595958641375
8000,11,1.156230512542112e-05,1.7297589778900146,6.691988473517449,2.329788270030839,1.2374373542699413,1.1954822134926308,1.2518928806083347,1.1611608681901688,1.051751481562809,0.8574897582991152,0.5962704609195093,0.4870492369677461,0.38627213981280767,0.2868221920617717,0.18303877624743517
8010,11,1.156230512542112e-05,1.829298496246338,7.199342528906646,2.7504943858254487,1.422775702992276,1.3392789104691887,1.4071009285419127,1.2258056332578828,1.164493228319417,0.9343921971753183,0.6613867497435872,0.59358907390922,0.42598530130190343,0.3173379666769727,0.20542412183662798
8020,11,1.156230512542112e-05,2.1937782764434814,5.912905209103838,2.1192330330651035,1.1251020916437346,1.0607047472544295,1.1379510762910692,1.0133785221868215,0.9823030099263025,0.7949999366573373,0.6097360106994398,0.5061340014439292,0.37771554408115016,0.28152839663654383,0.18399133537612267
8030,11,1.156230512542112e-05,1.8353180885314941,5.393109982525508,1.8417269245396513,0.9791520065108476,0.9392447817125681,1.0280333792939698,0.8892983534204179,0.8477231742497913,0.6778516216662889,0.5471958213147498,0.44608254437866834,0.2984843540934201,0.23361728008794236,0.16212383493899832
8040,11,1.156230512542112e-05,2.6452908515930176,7.480895345926663,2.336406952546425,1.3272463552293365,1.2431075554272326,1.3163799696827907,1.166276825604787,1.1282499158219876,0.8761923014168268,0.665587126715609,0.5855721248067467,0.4217833430469705,0.3105147926949576,0.21999790507985914
8050,11,1.156230512542112e-05,2.619001865386963,7.16664864871535,2.3967168887749017,1.2419587880006366,1.211560286811218,1.3053831782769416,1.170245980115776,1.157317446897672,0.8900754048910033,0.7098323275489541,0.5879972814322396,0.433377718567897,0.32284414263122563,0.20642255843868756
8060,11,1.156230512542112e-05,1.7971552610397339,6.960869406150824,2.3945758687596355,1.2962988067307486,1.2013365816037818,1.2820679192818742,1.1238155511164518,1.0447579026246152,0.8182563626127811,0.6388643563751442,0.5121987416271734,0.36870803702449945,0.2620153338592327,0.2032302098352889
8070,11,1.156230512542112e-05,2.9890401363372803,6.862255844458078,2.2463173078114944,1.1650720872519065,1.1191527069029024,1.2451001288961132,1.0536475262623126,1.0432466983115594,0.8449976594811583,0.6369739359906943,0.5259137329326408,0.3533196038778225,0.26934280538180905,0.18205406890329115
8080,11,1.156230512542112e-05,2.351193428039551,9.86015009428413,3.5083354198475307,1.72393921095578,1.56517087508248,1.6285411561141898,1.4493848768982656,1.4221461690126984,1.1014851349193886,0.8103628372255401,0.6601983918610957,0.5175114318635318,0.36075174496245044,0.23893343165776115
8090,11,1.156230512542112e-05,2.024782180786133,7.088582477251459,2.3816220773329273,1.2966444566371433,1.2222820310721776,1.2850233505418185,1.1415824884081827,1.052929805839703,0.8719914976313817,0.6542091615086165,0.5403965096727636,0.33844434115711997,0.2769995361480797,0.1991596705624621
8100,11,1.156230512542112e-05,2.844017505645752,9.456520651695437,3.1836395239172157,1.756440825996387,1.6552317460402333,1.8011246340115343,1.6602841006689457,1.5605143654936384,1.236562373226717,0.9510627950757476,0.7263762904753863,0.5241828966211746,0.36949132282371205,0.2443925087880307
8110,11,1.156230512542112e-05,2.479022979736328,7.491966106770193,2.726479376842867,1.4738668190367756,1.3743808998729357,1.4230877377993452,1.2646036573485027,1.2735105841446257,0.9876299554154762,0.7082617942026255,0.5809091660438265,0.4395691228921931,0.31445398239406097,0.23698535165055545
8120,11,1.156230512542112e-05,2.5809876918792725,6.943310595664632,2.455189965305079,1.2647373379478704,1.1791752112602403,1.2933868236008583,1.0878670010391231,0.9589003000176952,0.7800674124611421,0.6184166188823738,0.5102178322687551,0.34887910734762706,0.24034267583269603,0.17050689118649395
8130,11,1.156230512542112e-05,2.974684000015259,6.288905247062447,2.017752859780542,1.0570073455952937,0.9928864903317117,1.1001197709647275,0.9737789955031337,0.9374611371368438,0.7275609981987091,0.5217763625657617,0.45232642897633024,0.31940948966544375,0.25200983826637174,0.17933733167146773
8140,11,1.156230512542112e-05,2.768360137939453,10.196836682562253,2.90194217057952,1.6163889978101986,1.4627353366114493,1.5531981496847311,1.3939198900595455,1.3981519691492492,1.1064356907928488,0.8189706665367149,0.6605699892281444,0.4726462224358326,0.36067556766261727,0.2597522471100489
8150,11,1.156230512542112e-05,2.8595845699310303,7.891426890391435,2.4977378301732904,1.4416851979042045,1.3802517189543744,1.41617810739407,1.233959950482895,1.1851150068773593,0.9611246990163437,0.7456109139676729,0.619597405595187,0.4232498242863572,0.30994846020566535,0.2171803723345277
8160,11,1.156230512542112e-05,2.8332395553588867,6.742596479011329,1.8893801868387556,1.0311716962228092,1.012261636674487,1.1005831760350273,0.9763372101940873,0.9574436755293878,0.7611497850233959,0.5758522260436084,0.4866145643811422,0.3688461456512579,0.2695883150622905,0.2014172669122582
8170,11,1.156230512542112e-05,3.290175676345825,7.696156074015021,2.4116449467193704,1.384171207629623,1.279197055643329,1.340281258183358,1.1783016409219382,1.1188317102899705,0.867289584632255,0.6740418646816613,0.5909353912792835,0.4124904389923226,0.31176076954149007,0.2199651249716185
8180,11,1.156230512542112e-05,3.2262892723083496,7.168395113619567,2.588618728258263,1.346049683677259,1.208786694766971,1.3238143768323738,1.135622354983155,1.0539876076897547,0.8476791062362289,0.6696212490027792,0.5374657292924802,0.41896223933877785,0.30896111734433646,0.2232192030092239
8190,11,1.156230512542112e-05,2.5142645835876465,7.103576909691128,2.322381915124124,1.2500723742882536,1.0881688575569313,1.1810562143384737,0.9949864193173802,0.940621477655313,0.761508204082975,0.5557473957222078,0.48380379254643807,0.34991927652538063,0.2552494876071802,0.17728860488219578
8200,11,1.156230512542112e-05,2.8401265144348145,5.805583514524396,2.112766038650238,1.1055235392641993,1.0381245467560312,1.1333135050111134,1.0171191773394415,0.9969638772382808,0.7969774910280077,0.5959203109391973,0.48112579752388446,0.33590858095648546,0.2581907320003455,0.18579390409767607
8210,11,1.156230512542112e-05,2.4137392044067383,7.335935562600461,2.6123548171434146,1.400943265135753,1.2624704692470803,1.3029492206905038,1.1988434904958423,1.17343828821883,0.9419327113144075,0.7282305250662962,0.5663497145493852,0.41813439924339735,0.3162297791799431,0.2244835048349273
8220,11,1.156230512542112e-05,3.4484786987304688,8.497558197660474,2.524668256692639,1.410102220553458,1.3611471158298836,1.4107712283648188,1.2353655628331703,1.0027244760287795,0.907678795129356,0.7190528622005496,0.5087607720377055,0.34160017895196426,0.2807178357707628,0.19264477112458173
8230,11,1.156230512542112e-05,2.835059881210327,6.44915131569659,2.2399616797157735,1.226627259330185,1.1124501431511502,1.2250760933019678,1.0545388223048164,1.0367658808751048,0.8076346139362172,0.6562359097031951,0.48769773477620243,0.372284746465254,0.26364107240402496,0.18795239405040995
8240,11,1.156230512542112e-05,2.7224817276000977,6.943598341744977,2.2615746588249253,1.2379249757945892,1.1557515724437413,1.2200630923368285,1.0924829354785395,0.9999345571100287,0.8226684936047081,0.6251122027386361,0.5053581479952406,0.3796692323108792,0.2571829468107461,0.19284048576974658
8250,11,1.156230512542112e-05,2.3961901664733887,6.586776011218557,2.327556678907703,1.2912980919246797,1.220052241892068,1.3458282837432232,1.1968547626333814,1.1500506987967685,0.9433609480892862,0.704433664915037,0.5629183872861381,0.3878974959568598,0.30127446564338395,0.21743099823325188
8260,11,1.156230512542112e-05,1.7306151390075684,6.748640494905051,2.081367949732141,1.1496011160268045,1.1165964782382902,1.152782303443673,1.04496503245333,0.9836358634664989,0.7749277767322101,0.6075937819430853,0.5294675261636418,0.38864969755969553,0.2824360613583657,0.21069909099070622
8270,11,1.156230512542112e-05,2.445651054382324,7.510867170934579,2.4239751546747725,1.2110162159740447,1.3109580903960396,1.328231076604476,1.125083647158594,1.1249223351575328,0.8958730663597093,0.6268032142776632,0.4935202672044783,0.30488606534026935,0.26149947731568035,0.17276692014950157
8280,11,1.156230512542112e-05,2.6145520210266113,5.891874076342012,2.0326331600353114,1.119135284013199,1.0799668741665172,1.1481007418335163,1.0141782780667632,0.9609048004354593,0.7704831965499936,0.5901553168144567,0.46064146432303954,0.31831704980332426,0.24307522620687572,0.16822539559746505
8290,11,1.156230512542112e-05,2.2934112548828125,9.240270537992432,2.739920897426742,1.5220914378204475,1.4502251091177425,1.6268038009990657,1.487153135262804,1.3532478060479733,0.9993798399853127,0.7690477897099356,0.6006392832323348,0.4207957475666628,0.31552597746229305,0.21066113504035874
8300,11,1.156230512542112e-05,2.722215414047241,6.457634405032361,2.302528808906372,1.2558724652658573,1.1882973617796393,1.1834981840115837,1.0430794431641828,0.9976476709494938,0.8058297525340078,0.5508095214536299,0.48463182230062085,0.3702129986303428,0.2453118251397477,0.17289443789015463
8310,11,1.156230512542112e-05,1.7891039848327637,6.938163693784313,2.4945063309940827,1.311006766461202,1.244949309587943,1.3310119254438868,1.1316478991438261,1.13887891923648,0.9061010089939193,0.6589223271156784,0.5090097214908189,0.4096111847124429,0.2851565396571209,0.2115225667361949
8320,11,1.156230512542112e-05,2.982053756713867,7.729935339232119,2.9317268075623493,1.4500778008342858,1.355116046682357,1.4535928826235065,1.2707673379239766,1.2019819552954858,1.0487100104969038,0.6661502355169306,0.5913883907223617,0.423290732414491,0.3190143721328922,0.22864468482086867
8330,11,1.156230512542112e-05,1.987252116203308,8.77664847139151,2.6344456296530954,1.385730454870374,1.3346890543368815,1.4503680635642997,1.28436275530761,1.282361183157289,0.9942988401781009,0.7439846058406151,0.57607911892436,0.4074589846931532,0.3547275651340768,0.24529367129127264
8340,11,1.156230512542112e-05,2.6883544921875,7.681101093271016,2.6523518796572865,1.378614129661501,1.2854033465365036,1.4306730207245772,1.2305949069694961,1.1739250205247114,0.9401842277866036,0.7345368017069833,0.559682844356567,0.42254631651561353,0.29607951438879654,0.22649740814196057
8350,11,1.156230512542112e-05,3.405761241912842,8.703834227445736,2.5550576142171977,1.400998757317316,1.3115182277419035,1.3889705969533193,1.1967315947543316,1.1917649473096854,0.977807274793275,0.7143528881758917,0.5642192502854053,0.43872570590221466,0.2945628684048549,0.19340660727157963
8360,11,1.156230512542112e-05,2.306462287902832,6.69331897752552,2.087698406951828,1.1119685023584385,1.0816313099760326,1.2013052664228068,1.0373071235449196,1.0136216727784089,0.7939233785033651,0.590551830187945,0.4512105825569098,0.33667891724491844,0.246971145948471,0.17812623794816312
8370,11,1.156230512542112e-05,2.4580793380737305,8.184998590297447,2.5088705687064152,1.3092991976890864,1.2641920117340653,1.3949945002457529,1.2443905524893344,1.1721204244643961,0.9436838967987846,0.7013143597773942,0.5879207889506071,0.4289860394240065,0.31968028452866115,0.22506865348144509
8380,11,1.156230512542112e-05,2.28554105758667,7.738837872312577,2.5207639507580852,1.3868675161265598,1.3024742747118256,1.4141897431938781,1.2049948033151572,1.1635182795217645,0.9150088917471685,0.7247060163472843,0.6111809690157127,0.42463664016621566,0.298706039122576,0.2076324902442529
8390,11,1.156230512542112e-05,1.0837328433990479,5.859848987620869,2.025183483180147,1.0526069396889906,1.0673304896414386,1.177635083858555,1.0311205840856774,1.031013236513727,0.7877519045437535,0.5721772895403916,0.4473062667498305,0.33813158068852567,0.25955953423101397,0.17689337101135533
8400,11,1.156230512542112e-05,2.685410499572754,6.441209052491591,2.04408691384959,1.1133142955271682,0.9884933922758227,1.110643422778624,1.099818302357168,1.0297500585986026,0.7999533112182905,0.5882394299981639,0.45443555597303487,0.34730426383867014,0.24409339538102742,0.17460181057627489
8410,11,1.156230512542112e-05,2.6327288150787354,7.776482591288359,2.5544734568715457,1.394150253629495,1.3043439195532416,1.4645605224742124,1.2352172655703435,1.173704159847184,0.8893036119364532,0.7014676988938033,0.5970577417239552,0.40567593929397827,0.31133765633675087,0.2223146094084415
8420,11,1.156230512542112e-05,1.68623685836792,6.400880662016318,2.240158564501405,1.2596148587010947,1.186913923212264,1.2893237521121927,1.1206345753458153,1.0861240361318405,0.8599719552782901,0.6502295015294685,0.5475181460060787,0.3597049322186378,0.28616057611988543,0.19573046822598122
8430,11,1.156230512542112e-05,1.3265674114227295,6.858309403422972,2.3909201638110935,1.3077115012600404,1.2420790186051969,1.3515135980909123,1.2261726725313447,1.1859782378838055,0.9097427235643403,0.6743238133704559,0.5514565619988431,0.37807988330707243,0.2767331743119819,0.19265460516939767
8440,11,1.156230512542112e-05,2.411628484725952,5.935378176496401,1.9193674137281735,1.0517866522920754,1.0216206816427624,1.0466094407057183,0.9974668412064657,0.9640932078634734,0.7434999081554288,0.5996718828532648,0.47643067860838373,0.3473644222658986,0.24852039908436782,0.17675531565285132
8450,12,1.144959863303934e-05,2.417649745941162,5.87617529722153,1.9846450293292244,1.084247394403098,1.0517210821427538,1.1597378640694425,1.022586846111039,0.9622861318916218,0.7663095030227981,0.5485803144726489,0.4500102794195386,0.3332270471849482,0.24078402318632453,0.16776179719778075
8460,12,1.144959863303934e-05,2.5549821853637695,8.62234021361745,2.7322152231757655,1.3467999552799652,1.2785357738981997,1.3827413629521932,1.2313695890763088,1.2141619060293078,0.9672131337517711,0.7004847877838087,0.5489350063623486,0.40125051949073576,0.3064619394550406,0.2192781550354779
8470,12,1.144959863303934e-05,2.1465911865234375,7.596523734198527,2.3313967331867724,1.1393070074046374,1.0895172608905332,1.1280756296813204,0.9764427554655698,0.9468117941621778,0.7640907936524557,0.5715191684585537,0.4756525159247494,0.3255318277760473,0.24427563064680285,0.18265340986560769
8480,12,1.144959863303934e-05,1.9887120723724365,6.626092835904405,1.9606494408805508,1.0390947246758762,1.0323752039773295,1.1127067797374013,1.0140943106807847,0.9774062424787159,0.7845996258077073,0.5456226876363305,0.47228934706115655,0.34082738282484,0.25679418397918496,0.1807633747890213
8490,12,1.144959863303934e-05,2.7235805988311768,7.404041226475331,2.5878109427771547,1.3408379692070174,1.229300391731514,1.316423418899846,1.1745803705361126,1.0825467566397986,0.8717117404389362,0.6653890793003167,0.5780310462013925,0.39418334957541173,0.24846078804375363,0.16685844797665286
8500,12,1.144959863303934e-05,1.7736811637878418,5.696667524868561,2.025233120628703,0.9987229844149339,0.9389612764532771,1.0058383186576139,0.9064803864077464,0.8726002829760474,0.6630638586041853,0.524710255832238,0.41694190426874783,0.3357990412548574,0.22629439357078374,0.14841849002331345
8510,12,1.144959863303934e-05,2.904825448989868,7.3814558283946505,2.2928912767291245,1.239935314208924,1.181969163564275,1.2629064391867169,1.1396770746310307,1.0722165888664685,0.9271701939919759,0.653573228898176,0.5313555432470932,0.3523563886277745,0.26316461117700424,0.19784387924351976
8520,12,1.144959863303934e-05,2.687979221343994,9.125716090162802,2.913922360637351,1.6667442341814398,1.509824741163529,1.6631334297538463,1.4587717453094993,1.3693404739500548,1.095224657811422,0.8852098335508929,0.6872897359145065,0.45666484329601315,0.34948116505328425,0.2423203858218662
8530,12,1.144959863303934e-05,2.836017608642578,6.948751017068558,2.4419403349101443,1.363577066499266,1.233927125084266,1.3375354699848285,1.1515818831551383,1.147350104006336,0.9482600207458435,0.7146444460409695,0.550983649848394,0.39658511328397855,0.27953427427791067,0.2116662087592269
8540,12,1.144959863303934e-05,1.5534948110580444,7.1414027559259745,2.3398476848112475,1.291234751063455,1.195286801161668,1.296523127186089,1.1119267563652928,1.0549909147789127,0.8461972469734211,0.6020132134287193,0.5074836217402678,0.3558882931373658,0.24456998604542352,0.18151418803858463
8550,12,1.144959863303934e-05,1.5967673063278198,7.507105385563639,2.430037166126471,1.3652298758225259,1.2588531360473956,1.4637775726925872,1.2951723899019305,1.2424631905358772,1.0049482806174876,0.7570556770586921,0.5755516916052943,0.4312582396347826,0.30101431604264633,0.22841289351722316
8560,12,1.144959863303934e-05,2.854884624481201,8.01191228063875,2.4926320598379945,1.247779860186101,1.1997039253030084,1.33876897481146,1.1192235272573152,1.096882014265118,0.846034465839556,0.6502874355077443,0.52226016943516,0.3795530579970652,0.2849811088688058,0.2283645854628168
8570,12,1.144959863303934e-05,2.6430141925811768,9.301269075985251,3.4309399619852017,1.7998934885328453,1.5581743641441808,1.6549777018717287,1.4647925194285354,1.368423098164907,1.1015090535025018,0.8057757518486377,0.6688339208960815,0.4659657546254419,0.3886294034762097,0.29587531098380065
8580,12,1.144959863303934e-05,2.0133073329925537,8.298599300868748,2.6432672904939207,1.4295962556498065,1.2875291795870432,1.3586804632836809,1.186449171627152,1.1079372482262608,0.9275580115423755,0.646025866946802,0.5081281535540361,0.36092896373026406,0.28289184363434267,0.1912729571958512
8590,12,1.144959863303934e-05,2.599454879760742,6.907406201980776,2.2268011573176736,1.1937089097226137,1.112510968760792,1.1975183929925854,1.0827264621995196,1.011694987287942,0.861901014372658,0.6704383212840974,0.5449111080068665,0.38622027025403877,0.2795442389976248,0.1949223569397995
8600,12,1.144959863303934e-05,3.0685782432556152,6.631253662883916,2.4384826074346933,1.3354772998592064,1.2186821699609764,1.3769860622173133,1.1981518502801414,1.1608285135732888,0.8820217345942523,0.65667513370152,0.5225056435725537,0.36566782217021987,0.27932793388063665,0.20459930836457993
8610,12,1.144959863303934e-05,1.7939207553863525,7.39461506623392,2.2066650893655617,1.2209426640805432,1.2070702834307907,1.3444831279847511,1.252789285154994,1.1383546294810456,0.8747135667111829,0.6732258232911604,0.5378886696648838,0.3868866202817626,0.2807447852789114,0.2011839743247854
8620,12,1.144959863303934e-05,2.4609501361846924,6.576634327482516,2.1579581699713444,1.1227074639144423,1.0882565585000739,1.1327942144319854,0.9941232749201584,0.9040425988485364,0.7438518065840984,0.584464532384208,0.48972209724877674,0.3782635760725898,0.25086305029322353,0.17956146853073202
8630,12,1.144959863303934e-05,2.093958854675293,7.964232091993964,2.7038759444271827,1.46769386905142,1.338833530581729,1.5012615654544583,1.3553265197360536,1.2198021992126085,0.9410114934015126,0.7331717046087597,0.600346683066462,0.44064599570750707,0.31296678930656363,0.2426816444150714
8640,12,1.144959863303934e-05,1.4257752895355225,6.188218667047078,2.141094546143655,1.1798584981433986,1.0712326405995165,1.144825793969059,1.0565207085926307,1.004367697239774,0.7654591455018286,0.6237521336829369,0.5164890453494609,0.3632227748797619,0.26039027518585206,0.17512094260112185
8650,12,1.144959863303934e-05,3.1639952659606934,7.733622076449835,2.2945592331339766,1.253775529120832,1.1836045255314107,1.3159318149798944,1.1890599324145632,1.1783976826267595,0.9184086274381011,0.7301097419856951,0.6101647309097645,0.40904199372644334,0.3098270220963847,0.2199879109777258
8660,12,1.144959863303934e-05,2.602623462677002,7.373753254102019,2.0831405982226165,1.0316135584815533,1.1184222779947615,1.2153018561137796,1.1056591928140147,1.078307118926577,0.8246259288613417,0.6091872343689727,0.5046876240793994,0.364374082463131,0.2780109689881156,0.19396206319357615
8670,12,1.144959863303934e-05,2.854959011077881,8.596786383784094,2.704201890625305,1.49507948924763,1.3920335319643968,1.495927234496808,1.3350036328626125,1.2661101700814064,1.02645574982946,0.8406875223012508,0.6919904396073563,0.48322842505644026,0.37639109123937936,0.2563014451166476
8680,12,1.144959863303934e-05,2.6154420375823975,6.360729306147535,2.1516028780323806,1.0240524485772848,0.9754915520817696,1.0517612105957097,0.9115542610927235,0.7736220492776493,0.645483243399125,0.481650417003665,0.4006478658107255,0.2709736444238551,0.20492056444167894,0.1476750826408838
8690,12,1.144959863303934e-05,3.1648545265197754,6.595400161664491,2.3046104700012373,1.2203782799388432,1.1598990861825613,1.2864131792523847,1.0997257545064385,1.012774688219787,0.7917796624827201,0.6336393941192766,0.5185350238242633,0.35850966790876015,0.2710289280704292,0.1919083203147384
8700,12,1.144959863303934e-05,3.476815700531006,7.596330181707549,2.78866326712671,1.4017798807562467,1.2849589717012535,1.383275438797638,1.180227851256598,1.163285849924825,0.9275863017320466,0.691334878236012,0.5602931093141625,0.40628874831729733,0.3064577847160105,0.20943971253686852
8710,12,1.144959863303934e-05,1.9616780281066895,6.39887982958412,2.1350482820580305,1.1682390905898212,1.0799004015817806,1.153043917701156,1.0520573803880073,0.9612779304589677,0.7621762378604302,0.5884276752656975,0.4917318481028748,0.3541338793804085,0.2548840131147024,0.18303745835598276
8720,12,1.144959863303934e-05,2.434582233428955,6.09796612089045,1.8939939686420277,1.0284338313604655,1.0485319715029877,1.101655486983106,0.9808844698948611,0.9319237915462891,0.7352258790663828,0.5610458952610605,0.4876231050055695,0.3528809587730714,0.2617708126655545,0.19144637785661184
8730,12,1.144959863303934e-05,2.112168550491333,8.694738762964942,2.6861303384571067,1.4481291831346215,1.3206528609009873,1.4456713247340007,1.2733064027546188,1.2313675440392282,0.9630693597260445,0.738301924795721,0.5849272587369787,0.4258908393329936,0.3105681888918921,0.1964457017794279
8740,12,1.144959863303934e-05,2.3438994884490967,7.83065412903733,2.948461656130815,1.5340685936041916,1.3871520247231686,1.4578379137136916,1.2129280717958697,1.1560678044261143,0.9194047073200756,0.6774880270610542,0.5200048325928321,0.4019061635169147,0.306285315163675,0.2199834726897871
8750,12,1.144959863303934e-05,2.417222023010254,6.608352795097342,2.2900517657396335,1.1746786487737872,1.0713709337677912,1.191232690727952,1.0740260841434919,1.0370828069205835,0.775381838566849,0.6078419027781847,0.5227936867413974,0.3374279477122737,0.29611934204652157,0.21415241762172318
8760,12,1.144959863303934e-05,2.005721092224121,6.530356186693269,2.094580609259745,1.1458545799542166,1.076648791125057,1.1419255664779389,1.0495447799068889,0.9679185268766411,0.8106615676446881,0.5773552634728151,0.49155199297232416,0.39183595398167775,0.2833603617002293,0.18598856732826052
8770,12,1.144959863303934e-05,2.481069803237915,7.296189709864584,2.531962151375458,1.4130681272974672,1.3215084250888212,1.4423627291865073,1.3009247174713214,1.2310114746923475,0.9379749922211894,0.7349125686878293,0.5501562226643777,0.39039175506104634,0.2803930972619862,0.1981818182551948
8780,12,1.144959863303934e-05,3.7434237003326416,8.641903421261546,2.9778385341641807,1.64059621235378,1.5371639613958594,1.6739143894766664,1.4660264711240203,1.4110531774781936,1.0970110422786619,0.7833980911877982,0.6994227169809556,0.47585302068871455,0.33338853895862347,0.2514178558215251
8790,12,1.144959863303934e-05,2.8216872215270996,6.372307427279287,2.1446419052581485,1.163292010961387,1.1368399341722752,1.2263884374833518,1.0736758869368193,0.9872289898681208,0.8184143138528007,0.6046574810673155,0.48683918975672563,0.3766058391194982,0.27682002561994146,0.1958209640648818
8800,12,1.144959863303934e-05,2.5512142181396484,7.822413146802171,2.467157693207932,1.3527646458052938,1.2835445815695514,1.3517520977545927,1.1852440449119657,1.1730478377704276,0.8576812391405486,0.6786038789964636,0.6145147357255492,0.43361442509896303,0.30674854148594954,0.22935818058682736
8810,12,1.144959863303934e-05,2.700251579284668,7.3568243187369085,2.2887472150426715,1.1960346370426325,1.189091964164069,1.3096213977512374,1.1426279255567526,1.1231081214237777,0.8644311151943246,0.6091899983290371,0.49486752390190825,0.37959341906370636,0.2632546394355434,0.1941637967464873
8820,12,1.144959863303934e-05,1.9842140674591064,8.55751974554048,2.8203443800286436,1.3445436930579384,1.2348264284845576,1.3672817405934974,1.1552219493390046,1.1150800122699212,0.8390903823023561,0.7161396443587703,0.5586935748712176,0.3669499048276547,0.25574876870470664,0.19856063363878007
8830,12,1.144959863303934e-05,2.7456347942352295,7.9571455492461585,2.686229099869297,1.425485744619102,1.3016215179361614,1.4546528317704828,1.23994586284612,1.2041912862031554,0.9158326698278948,0.7422509683706049,0.5754317986567351,0.40717525951958505,0.2620414571762663,0.20265889973670173
8840,12,1.144959863303934e-05,2.29119610786438,6.836985023966643,2.3076228135864083,1.2033694482981148,1.1384508139210474,1.2441172698189034,1.0878390401704645,0.9970324052539916,0.7956945143715474,0.6449957941658662,0.5321049627891397,0.3840061403459577,0.2677096331597612,0.19284546765712057
8850,12,1.144959863303934e-05,3.0578439235687256,6.781019667165461,2.363498309680402,1.2307268342728652,1.1798223440768438,1.293873401591459,1.135475213260679,1.0187679256546696,0.8473020515846162,0.655859092961073,0.5812876128371385,0.3932288316705134,0.2731660250099628,0.20167508986720986
8860,12,1.144959863303934e-05,2.615703582763672,6.946854542470795,2.185176914130999,1.197193424217516,1.1710014402351618,1.327321454361212,1.1701016778985376,1.0350512806593961,0.8814584080539706,0.6214521101097166,0.5378530652172976,0.3233794712589423,0.26280589788088093,0.19928236861748672
8870,12,1.144959863303934e-05,2.4113290309906006,6.683154148875808,2.229617092231016,1.2583521002421054,1.2352745797367,1.3704633460820836,1.1656920573628564,1.1115402084285253,0.8684249823993302,0.6646078205730775,0.5312750277733272,0.363060195089187,0.2843319374409807,0.20108445125381083
8880,12,1.144959863303934e-05,2.2268283367156982,7.432110673906645,2.3709815298662518,1.2978269473310384,1.2343763771070195,1.3866400872253586,1.136502858181147,1.1376984595825193,0.910338530538494,0.6804064759544289,0.56156525596101,0.41371855110611955,0.28792077928712473,0.23222949315970942
8890,12,1.144959863303934e-05,2.094276189804077,6.334043451096651,2.46888479244835,1.267075784050292,1.1718285855027366,1.2571621752454083,1.0639179279653659,1.005305466496099,0.814669824190007,0.5922629922375587,0.48692480553204404,0.3464696258897851,0.2601362533495786,0.18546401670179471
8900,12,1.144959863303934e-05,1.7877248525619507,8.652674014063768,2.8973869175147984,1.4766594995297329,1.4261577995075427,1.5747213075419457,1.3805868515846098,1.2839158984654924,0.9749692978921252,0.6775394080172044,0.6297906476371498,0.4300691196548988,0.31776829422779884,0.22786205400062917
8910,12,1.144959863303934e-05,2.7991371154785156,8.835560634200336,2.912588671233139,1.644492983425934,1.5494816211405849,1.6600884414772257,1.4484913093890168,1.3658204809314818,0.9925214079784602,0.8581954765410369,0.6445136461147762,0.4849300960192746,0.3539698827718976,0.2392451043305948
8920,12,1.144959863303934e-05,2.2142159938812256,6.656469150822291,2.2907464596827194,1.2422916197494323,1.1063159855760654,1.1516383961879288,1.0250312295970816,0.9795592093672502,0.7699846945330006,0.5546127340056066,0.49148341568200143,0.3381260614784328,0.24450557397402115,0.1810393977497365
8930,12,1.144959863303934e-05,1.7421295642852783,8.206910339452723,2.6822790711798308,1.4639357031654343,1.3309738242150195,1.5551506830380524,1.4375960412138495,1.133346136408278,0.8936546641793872,0.8743639796528894,0.6064170965068765,0.4354788672265599,0.28757444727992115,0.21216976471782822
8940,12,1.144959863303934e-05,2.4425268173217773,6.732431042954932,2.2542644645472456,1.2499378883564503,1.169802781495044,1.2597557099824517,1.15683082801212,1.0818850399405675,0.8295308654974514,0.6657970909406654,0.5852477738897717,0.37665402858266606,0.2929587475986469,0.22397494522879452
8950,12,1.144959863303934e-05,2.6661837100982666,6.278148847194043,2.1797403416543566,1.1348030763860262,1.011452738463641,1.098486792437057,0.972850600402058,0.929323745728927,0.774567011691301,0.5687260994916039,0.46275949818723866,0.3413427881528605,0.23936529466689252,0.18508170005221436
8960,12,1.144959863303934e-05,1.9006882905960083,8.710007028989885,2.7182404016332042,1.4523463197254185,1.3728786527778092,1.5179850589334518,1.4036976674869364,1.345685968960998,1.076513411967681,0.7883415891026085,0.6986372226511605,0.48633489433647586,0.3057135373524427,0.22396138660936143
8970,12,1.144959863303934e-05,2.539581298828125,7.344314489353166,2.522311843837757,1.3688721224950797,1.2699416607222889,1.407853579935218,1.1786143240656164,1.1035610068060107,0.9428442356410872,0.6843838078357781,0.5679282389035618,0.4398874508850837,0.3224010268817756,0.22081709333910338
8980,12,1.144959863303934e-05,2.809329032897949,6.276266922581121,2.210057399889002,1.2125665762618216,1.1473315294067428,1.241365411168379,1.1004996904571245,0.9346705395839733,0.816245316016964,0.6050988802978159,0.49360424258798347,0.34665849639634083,0.2587190448458942,0.1974147586565279
8990,12,1.144959863303934e-05,2.100764036178589,7.496548720050004,2.9906319026801342,1.5684472973289154,1.4283335528561394,1.5745761516799868,1.3698273273630455,1.2179283631318654,0.9565437941629189,0.7000703208003081,0.6004089447148814,0.41958454268310064,0.28851202897053546,0.1925652464518272
9000,12,1.144959863303934e-05,2.2728610038757324,7.134327609397824,2.4652810141870405,1.3958661340641503,1.301435619471628,1.461228445625224,1.2457426387753916,1.2009790980851158,0.9192347986344953,0.6828945072449687,0.6083230094249016,0.4178898538479974,0.29438931653482814,0.23836302912354843
9010,12,1.144959863303934e-05,2.697845220565796,8.322636377669506,2.3969725450665114,1.287793753799025,1.2620875294171552,1.4089081202707838,1.1747963986595882,1.130850338207446,0.862024523571646,0.6471765176704961,0.5690345088457802,0.37021118728905816,0.2805410712372985,0.19554942663238
9020,12,1.144959863303934e-05,2.4049124717712402,6.761221281772115,2.4224687241012215,1.2695960857038664,1.1234562826779173,1.2561907323460286,1.038513653270538,1.0598479615068535,0.8292491527762726,0.613521812675584,0.5269149062949814,0.3645315944514196,0.25916167471971263,0.18509068623780428
9030,12,1.144959863303934e-05,2.5473334789276123,7.017211462775174,2.546545925676931,1.4090456797254323,1.3269400771869644,1.4357020316362992,1.231239930665558,1.1278061729335818,0.9452734952057625,0.7217315461944406,0.5943700898827579,0.42267345132872397,0.3123673315386741,0.2199354475675369
9040,12,1.144959863303934e-05,2.144707679748535,7.436412788976144,2.188259023566187,1.2188066003524765,1.146159956574158,1.233110762814027,1.118690903830341,1.0942629851547914,0.8673686604031403,0.6799256504602257,0.5163809195168938,0.40275204623937866,0.32216814419689715,0.21621530394337574
9050,12,1.144959863303934e-05,3.1145076751708984,6.07980418306838,1.8799084436965228,1.0522001281056126,1.0116480688207716,1.0923980866658443,0.9110915020629414,0.9013612636716216,0.6834550267357112,0.5490445021317003,0.4484625387271139,0.3259509774350495,0.23688032745294052,0.16697327533055356
9060,12,1.144959863303934e-05,2.8994622230529785,6.769696538273437,2.2761503543717323,1.252094486148772,1.166507505713806,1.32021232550228,1.1507754328157673,1.0985513617999032,0.7940780723135966,0.641719587189757,0.5275843606446379,0.3704655256469419,0.2754026004448758,0.19684630842371906
9070,12,1.144959863303934e-05,2.539102077484131,7.4345499901803125,2.3766732955213823,1.3405467012171046,1.2920083513856249,1.3885370981662082,1.30847617656913,1.2089532827255345,0.9911469636200885,0.7289728665203276,0.602041352303268,0.3980622442839043,0.29216311731149663,0.21407267904863408
9080,12,1.144959863303934e-05,2.7717790603637695,7.273916072716449,2.4906497302491206,1.3211932733393963,1.2494269475414854,1.3251473875224373,1.1820045212338204,1.1579675113642303,0.8995103054069953,0.7081170376587258,0.5504761524832977,0.4007284794225081,0.2573766491527856,0.20953076675624369
9090,12,1.144959863303934e-05,3.0711441040039062,7.250235951252944,2.252671819968109,1.281992564136717,1.2252458131777453,1.3381607990189326,1.1154486502194396,1.102874930390021,0.8497459184574166,0.6643382845763517,0.5720767074351989,0.3749942409868203,0.27712226082682195,0.20595398190650813
9100,12,1.144959863303934e-05,3.0539801120758057,6.650356369267412,2.5737561895466294,1.415363968373564,1.3501595093861858,1.3613820416141038,1.249017822371001,1.1260472288908234,0.803444323653596,0.6763795559169731,0.5251090462526169,0.37511604420153666,0.2762520439676626,0.1985979710418785
9110,12,1.144959863303934e-05,2.5401699542999268,8.360061992593556,2.8091406922379574,1.5137598112735384,1.5169008088773996,1.6686799026395105,1.4740282823884967,1.3772925316850422,1.0355286480329136,0.837334802733881,0.6538497672108485,0.5128188007548127,0.35673794441109097,0.2546478653040362
9120,12,1.144959863303934e-05,2.6000497341156006,7.911562054422999,2.51746434271084,1.4203814158657906,1.3137203504152148,1.4320899202782225,1.2960294373176713,1.1920130647220086,0.9330639100532708,0.751342181535545,0.6333737747990293,0.45098496946301886,0.31247073707413436,0.23404709894966927
9130,12,1.144959863303934e-05,3.1616530418395996,6.754807861705786,2.633888017235905,1.2696550229377213,1.1895823587844874,1.2168421721800409,1.061855718045589,1.0282738157574163,0.7939997399436984,0.5985738631137062,0.5107806708632158,0.3559745408309792,0.2603328213925323,0.1835181859883577
9140,12,1.144959863303934e-05,2.9049386978149414,8.097249480388095,2.849370921237707,1.6338898031611642,1.535850039279577,1.6835770761058058,1.47160348593283,1.3746596855308628,1.0809504090376378,0.8289592100875937,0.6456969892865638,0.43892224523029466,0.3069261805605909,0.20579318045631992
9150,12,1.144959863303934e-05,2.059082508087158,7.924754504983114,2.5673666205377144,1.437730832361395,1.3008172564572513,1.362017086927668,1.2407119911129358,1.214617323123255,0.96616111811283,0.7296472439944949,0.5529401942539368,0.43239579382895377,0.2852147379614911,0.2118781560800857
9160,13,1.1320549640121938e-05,2.069782257080078,7.584183135884473,2.6054793224641193,1.3635318313265516,1.2636584485909073,1.3389702668522552,1.176120077917053,1.1206604360194696,0.8587284429657944,0.6740112202620685,0.5136957678967963,0.38427476172463215,0.2662487791514809,0.19555108551970776
9170,13,1.1320549640121938e-05,1.9705941677093506,7.713473904842127,2.5102390887883828,1.3942118629670148,1.342597860691601,1.3982445443717393,1.2378389376789034,1.161138219328007,0.9045426591753346,0.7326388839463566,0.5953219303698541,0.4232149562963365,0.319523413798123,0.21941963091971478
9180,13,1.1320549640121938e-05,3.031850576400757,8.606804063925379,2.6508653585154875,1.403093112310944,1.348334738510774,1.4435389210103593,1.2505902528544075,1.1422328885768858,0.9417903712869395,0.7108854200180341,0.6072217918912791,0.4395570157578553,0.2978431961805107,0.2427345109754678
9190,13,1.1320549640121938e-05,2.7667675018310547,8.006198632275666,2.615865567472024,1.4235967627316384,1.2759910630051143,1.4445073467004674,1.2482790534062569,1.1421524316518985,0.9239089585303791,0.7071706166167564,0.5632044442144609,0.4015274859704139,0.3057530371099366,0.2011450059418333
9200,13,1.1320549640121938e-05,2.2868142127990723,7.814378836504923,2.622456837758195,1.4275175977722991,1.3793084820560075,1.4463186820427483,1.2357769734158033,1.1335548919436051,0.9113752366118025,0.7022436655345498,0.5921931046302206,0.43534768145320685,0.3027632956789059,0.20768561449879452
9210,13,1.1320549640121938e-05,2.472618341445923,7.178214274319698,2.3491218259417175,1.2732789935228228,1.2060161234504863,1.2530637764667896,1.1724786616496432,1.1465798354863443,0.9130339934193352,0.6584914934767503,0.49562489893278167,0.38960285282100415,0.26306924809296245,0.19965878541317172
9220,13,1.1320549640121938e-05,1.735562801361084,7.092703515107766,2.281280379029794,1.2328413769096183,1.1793296432337417,1.2551157056630633,1.1629562082626053,1.1169307767440722,0.8059708182067725,0.6523600896993628,0.5361117693708582,0.3867671603864003,0.26268470552229944,0.1965052318446901
9230,13,1.1320549640121938e-05,2.456686496734619,6.941151312404155,2.399800651602657,1.367353325764724,1.3335760590477552,1.4702473437388957,1.3434641292584095,1.3282916106744287,0.9906337632589265,0.7714677262197963,0.6126838053079425,0.4236567950418949,0.3365568655065895,0.2322748963195651
9240,13,1.1320549640121938e-05,2.7429986000061035,7.9094413301819655,2.6453930102200913,1.4673009279906164,1.3928821505712363,1.469041533408592,1.2771505833529155,1.2479908402806787,0.9547967314006316,0.7724226580492788,0.7009004071316645,0.49161671158569015,0.3192582283151373,0.25137954817358615
9250,13,1.1320549640121938e-05,1.859287142753601,7.063570455299507,2.3089906449652586,1.2876849904348933,1.204986535794858,1.2592733886901808,1.1096514432231857,1.0545077021370801,0.7688517749399847,0.6353756133805885,0.5290984959660798,0.3558736217735098,0.2735206970137793,0.20789311035738592
9260,13,1.1320549640121938e-05,2.57796573638916,6.149061576650802,2.042028714444612,1.126293476882144,1.085937380093887,1.1560634056166752,0.9790889088164526,1.0075283858398438,0.775239166403404,0.6045465945954527,0.49040328202883277,0.3496288881477774,0.26861608132333764,0.1852053899261337
9270,13,1.1320549640121938e-05,2.947969913482666,8.715533116535427,2.638717088176977,1.4395833987845978,1.3810671869538602,1.4506321969440175,1.270133262727889,1.2425061081483793,0.9665892319630826,0.7650826092654971,0.6377315533818793,0.43085166778773426,0.3123148786949592,0.2213494472779952
9280,13,1.1320549640121938e-05,1.8478535413742065,7.967108357410438,2.765509803269229,1.4519828930985503,1.298784437825156,1.5099662176990223,1.3494254888069621,1.276733241250827,0.9654741128628462,0.6889617148739497,0.578431532365525,0.38520860540693475,0.2800732507207352,0.1882100051229884
9290,13,1.1320549640121938e-05,2.4853100776672363,6.917265632992725,2.314536453786132,1.292628367919149,1.2444909490672305,1.2070140334782413,1.1174245392110327,1.0714667863365712,0.8390574503083664,0.6711502245236821,0.49946661911440376,0.35619530572772856,0.2776047100501497,0.19651183698409594
9300,13,1.1320549640121938e-05,2.7042503356933594,8.154257318505625,2.573517187194481,1.4645745882064425,1.4210866971957317,1.4760041502595032,1.3428407915410643,1.3146311456644038,1.0707590200435266,0.7609926060486689,0.6414115539833255,0.44499875783866605,0.34131348128521793,0.2465443508955943
9310,13,1.1320549640121938e-05,2.499711275100708,6.424827349539201,2.419610606922653,1.313534854604483,1.2527470763852517,1.2346426404253865,1.12002116573196,1.0221124354167475,0.8318769145909297,0.6314809458533006,0.5522130207160486,0.37516657347703,0.2739775014387657,0.19662613956481712
9320,13,1.1320549640121938e-05,2.9217395782470703,6.514963025985247,2.0771749291716888,1.115168827680477,1.0732507680803973,1.1808630873017711,1.0540508174893168,1.0222743377390098,0.8036921390398212,0.6333049981152225,0.530523720333687,0.3595345146744033,0.27344152311761843,0.19872741326079885
9330,13,1.1320549640121938e-05,2.051652669906616,7.2252220129601445,2.114988741162187,1.1782909406055149,1.138417944573586,1.2137243363714358,1.0629802114157818,0.9928862097832267,0.8254304175464476,0.6647028413871368,0.508435197931591,0.3875306109482411,0.2870558269063147,0.19125034523478082
9340,13,1.1320549640121938e-05,2.529355049133301,5.668967446205487,1.9641693157351277,1.0516664354402734,1.0154956756495035,1.0601898182532492,0.8926371899444486,0.8394716165049951,0.6996916593011431,0.5664742118787832,0.43659733230854364,0.3375498552977904,0.24837578536217364,0.17122927018882356
9350,13,1.1320549640121938e-05,3.0385007858276367,7.323620079374864,2.2669995786071766,1.2624110984864778,1.2338680571187235,1.377020242759696,1.1857603045875629,1.0870027002974347,0.8677483054744961,0.67115692678704,0.5491228548337433,0.3683342201506184,0.26151464127841384,0.17584430842851806
9360,13,1.1320549640121938e-05,3.112112045288086,6.912732148621141,2.2999037592068863,1.260046566780741,1.19617520831802,1.2835409936981934,1.1041495966585833,0.9770162192011773,0.8093830347672778,0.6001918972336027,0.4865268560603773,0.33896674450380054,0.2688179764400185,0.17579946075661093
9370,13,1.1320549640121938e-05,1.7406055927276611,9.474873382423844,2.7858620890272694,1.4179810136847297,1.3973418032716223,1.4477288738116185,1.2510415260605756,1.2496530823379457,0.999378981937557,0.7419204210682164,0.609629389201852,0.4258844923581785,0.30056072738061135,0.20981069117019713
9380,13,1.1320549640121938e-05,1.7681111097335815,8.776956523160889,3.1369154417588216,1.5670137422456365,1.4448977749314675,1.5578215124420818,1.3567874824377755,1.324021003969104,0.9949860944176194,0.7735539962564117,0.6481268258619995,0.4239725170376092,0.3261335172253619,0.21132942108167363
9390,13,1.1320549640121938e-05,2.2841856479644775,5.924696155179851,1.9520511900774673,1.0260990448546792,1.0048471836698427,1.0484357145617762,0.9612755350570449,0.8904529977504051,0.7295754880496698,0.5568626967901009,0.45062197036987656,0.3268577700632982,0.24713799283340376,0.16903639395456652
9400,13,1.1320549640121938e-05,2.859281539916992,6.692599830599434,2.327527701877497,1.204120397384183,1.1432066651840855,1.2726984939042656,1.1129583715082705,1.0646023042205177,0.8600770448625631,0.6328928704834877,0.5296433368189581,0.3613222468669667,0.27740656201813313,0.18389951153492404
9410,13,1.1320549640121938e-05,2.546161651611328,7.766029248712706,2.2579362114520207,1.2000481464962067,1.091953181976913,1.1494413315547207,1.0399051847894722,0.9514468781785419,0.7481460359179894,0.5742997480829158,0.4766821049023271,0.34304142942274934,0.22181533907524112,0.15758187590559705
9420,13,1.1320549640121938e-05,2.718121290206909,6.437420729712607,2.27956435852799,1.2620895372561072,1.1790165014256948,1.2903478404368744,1.1840750191913507,1.0662135331988687,0.8807742584615633,0.6349992625397476,0.5299500405134134,0.382840232703106,0.2650933287090233,0.1859628987772191
9430,13,1.1320549640121938e-05,2.3244361877441406,6.400617827253954,2.0681775347078304,1.1112647768917288,1.050656651760547,1.1005441729969967,0.9508011629178301,0.9184680466356402,0.7248412628873181,0.5722617922673774,0.46372615533305866,0.3424974089343302,0.2523992840596244,0.1984843905476118
9440,13,1.1320549640121938e-05,2.520801544189453,6.436732144059183,2.1974404496473783,1.2147545329328915,1.2074062422106293,1.323648938111237,1.1857819552180473,1.0528962412375844,0.8254081201614548,0.6741382264166272,0.5221079412550695,0.38885446532934886,0.28040081436614583,0.18614397479841843
9450,13,1.1320549640121938e-05,1.7626277208328247,6.23495339752728,2.2109404519285927,1.1700171376407342,1.179987465436491,1.2442458749937708,1.1359814238678119,1.0736531378563459,0.8036335571914834,0.5936314384087891,0.46744088020920793,0.3251653495187071,0.23868570467980635,0.17057073728652974
9460,13,1.1320549640121938e-05,2.8263425827026367,7.3336965269617655,2.3860084375705495,1.316779180745906,1.3125289989802265,1.4364423598679679,1.26769026200026,1.1759324657130334,0.9269333871167657,0.7468284591193651,0.654242492842671,0.4642343939029619,0.29819023238616216,0.21993610041152384
9470,13,1.1320549640121938e-05,1.9181774854660034,7.207052858777288,2.5035372117971604,1.3912113978514564,1.3292016646655778,1.3833512399640693,1.264804592327731,1.1899851457655997,0.9651680263158594,0.74085398083047,0.5211107971402192,0.4359768056810217,0.30335576393362856,0.19383260103769595
9480,13,1.1320549640121938e-05,1.6693437099456787,8.388813063321479,2.698296034571088,1.49940199968412,1.4129499453688852,1.47679863231674,1.3619067535721587,1.2923632326708578,1.0302041362032721,0.7554496608766887,0.6973105552804437,0.4909688133291879,0.3470470191413839,0.2288940696188685
9490,13,1.1320549640121938e-05,2.880061149597168,7.426782730135004,2.397701973401343,1.3162796771439378,1.267949199970171,1.351070254916831,1.1945817082067696,1.1279569673000207,0.9223036891632372,0.6853890036955064,0.5832228126866917,0.4049294104415008,0.26626777935845797,0.18307600887057907
9500,13,1.1320549640121938e-05,3.604003429412842,8.299814778633229,2.906362508549147,1.5546654707983896,1.4110242204561159,1.5191847756055121,1.347652771146662,1.2867873671844436,1.0021359681197013,0.7617429149062183,0.6269988150825282,0.4668313173581824,0.338041241933565,0.24040681693256247
9510,13,1.1320549640121938e-05,2.2159924507141113,6.585818071370688,2.209433146730736,1.189329054568548,1.1136912859991148,1.2276295719933645,1.054581168880593,1.0844292341349873,0.8597234624917313,0.6301641891144352,0.5298836046953658,0.41397869555526334,0.3056327341547938,0.21692707580221687
9520,13,1.1320549640121938e-05,1.9269053936004639,7.111770544060293,2.2347251787184654,1.2610192140309708,1.1676227496292872,1.251194399638611,1.0826802189442233,1.0283297045189137,0.8104352544482744,0.6230581458280833,0.5063193454292546,0.38165607153900044,0.24740787681100018,0.1851593667111751
9530,13,1.1320549640121938e-05,2.3384974002838135,7.872115902399085,2.7776594238067775,1.5397029297014704,1.4303249090988286,1.5294788437771396,1.383893690481345,1.295710739289955,1.022040243795571,0.7423229742674883,0.6034710703361444,0.43229909366429603,0.33965992341067835,0.23755722720822145
9540,13,1.1320549640121938e-05,2.1859943866729736,6.923090495401308,2.121272481390546,1.2567484138426779,1.2378799438015746,1.4045789945736804,1.2519220542520588,1.1227042633004616,0.8320448180437552,0.6783225303392114,0.5410520151889404,0.40443767650191564,0.29725548060173157,0.1955403789730082
9550,13,1.1320549640121938e-05,2.8287301063537598,5.802092637061646,1.9740907194729096,1.0343554599430222,1.0695507826055128,1.0234044102422726,0.9542447295277882,0.886103379209673,0.7288419533745516,0.536745587934062,0.4893430609887264,0.32880067813388586,0.22390569247999628,0.16243950924932088
9560,13,1.1320549640121938e-05,2.1488335132598877,9.916094298035869,3.3714179099015804,1.7491992167087778,1.641025795366768,1.7471231833521224,1.5172988035507509,1.4352995345682145,1.1315842895068458,0.8498023494645226,0.694154857501353,0.45696427033044734,0.326773682814099,0.20631426434812217
9570,13,1.1320549640121938e-05,2.365490436553955,7.523319377857331,2.3935975534586182,1.3125427592498988,1.287790738196447,1.3795962918048104,1.2278509735846737,1.0887962319659739,0.8626257962278603,0.7285961593274131,0.6004026238421329,0.4144515163506939,0.29218954405814285,0.19836229563622917
9580,13,1.1320549640121938e-05,1.9876036643981934,7.586383401073144,2.6405481985628563,1.486052005497619,1.378966710959179,1.4149844478367226,1.2510526961832582,1.145333031252599,0.8985293668171727,0.7123913999631042,0.583518435032296,0.4141547002245141,0.28909079380603625,0.21590987410992046
9590,13,1.1320549640121938e-05,2.22482967376709,6.456158578765255,2.262085677621242,1.1652781204349156,1.1364318007049314,1.214786580565521,1.0473173659590063,0.9516946822105424,0.7139331694577363,0.5265824598813266,0.4735306424487293,0.3251266335736103,0.24185839033717538,0.16736751842243655
9600,13,1.1320549640121938e-05,1.7596189975738525,6.899016192405193,2.2811233923555565,1.2280422631878014,1.1409984663690498,1.2658145521118327,1.0969357661022792,1.0718400191748572,0.835163191805334,0.6560039220215407,0.561488966353476,0.38525111080373703,0.3153214897134058,0.22674819345075511
9610,13,1.1320549640121938e-05,2.2587976455688477,8.339253672001822,2.8578463293194356,1.5478053330488355,1.4152449016511222,1.505785200855606,1.3379517030522339,1.2677860414721698,0.9958024216021422,0.7251059631181292,0.591820016410497,0.4323948482555299,0.32395668143453504,0.23746422543868972
9620,13,1.1320549640121938e-05,1.6721563339233398,8.91358551211155,2.9213593995511165,1.781311277553221,1.5511204886138423,1.753169127344975,1.5971291996035772,1.4498291100939387,1.2737243413873758,0.9080623269537678,0.7186971604027749,0.5163105501178301,0.354159285897161,0.2565492150317059
9630,13,1.1320549640121938e-05,2.723017692565918,7.354708720078789,2.366889317504468,1.238520856715904,1.232786067156806,1.3086431951219981,1.2096692954672483,1.1212048689811487,0.8413647591429544,0.630944893587865,0.5276893285235563,0.3813611728256342,0.28049014023730684,0.19951977188776293
9640,13,1.1320549640121938e-05,2.888504981994629,7.256635313890771,2.4906033760164177,1.3593167597904807,1.338571186437774,1.3624865295835957,1.2270572847090766,1.1512395229199632,0.8998439921369671,0.68456046624779,0.6081536318497504,0.44926357792294025,0.3015467912893041,0.21847438322070245
9650,13,1.1320549640121938e-05,2.637141227722168,6.516863286234724,2.184496487905824,1.1979324754040264,1.142732205048039,1.1909348059778195,1.0629444452778618,0.9787578884262805,0.7947946985642742,0.6213690156953816,0.5060569847107922,0.3510554499534006,0.2567944469646203,0.17780520503405883
9660,13,1.1320549640121938e-05,2.3261513710021973,7.505522081908849,2.5529116987589338,1.3056804454270663,1.2623532248839626,1.3311047111684415,1.2248068303506883,1.1894812620723283,0.9010756745032888,0.6960851691502308,0.6201893572447869,0.441579635014051,0.3149812880198358,0.22763819264139235
9670,13,1.1320549640121938e-05,1.7494961023330688,5.960737335410446,1.949015971991102,1.1008123164056414,1.0140426887517038,1.1394065944293112,1.0066177982595044,0.9244811698099312,0.7101370100673916,0.5839925023183382,0.4723731393213132,0.34584570812233373,0.2444941233244828,0.18789998921087836
9680,13,1.1320549640121938e-05,2.673973560333252,9.824084210024752,3.2022414865786657,1.6127400401479448,1.5073626099468256,1.6343055960361867,1.4265202824972973,1.3467633347479053,0.9942800021480145,0.8004554059788572,0.6326790221262015,0.46155488356434593,0.34254191343883306,0.24240964441024576
9690,13,1.1320549640121938e-05,2.9975006580352783,7.645957662116302,2.3131122058893387,1.2713801225914447,1.1934713251727163,1.2971575148245469,1.1575553074747087,1.0972804287279443,0.8950298420787688,0.6528074478332928,0.5459602064159211,0.41473805846150513,0.3079023955267833,0.2166046256347355
9700,13,1.1320549640121938e-05,2.8559937477111816,5.328889844866759,1.7373068491721657,0.9918655433171866,0.9671178122048917,1.0173964595818814,0.9200535023302856,0.8726494364311183,0.6727415589860761,0.5336555029302872,0.44331525979246017,0.3047600096580455,0.22823334363477987,0.16600596410709775
9710,13,1.1320549640121938e-05,2.640955924987793,7.210453569190983,2.4775119624081356,1.264994440156134,1.1935706866566438,1.2654230944547398,1.0988657972135665,1.026423782081115,0.7818113996806546,0.5689777952682776,0.45914892448967937,0.3356504882508665,0.27498594829088496,0.18211255112670793
9720,13,1.1320549640121938e-05,3.089339256286621,6.7143096662471535,2.275676136231146,1.1919349053509565,1.0459680241922311,1.1044865918560558,0.9702668172481907,0.9085152258655504,0.6849393629167954,0.5530193340502494,0.43712841114167117,0.31300591408948225,0.2343069580491928,0.16442311744757931
9730,13,1.1320549640121938e-05,2.2417402267456055,6.679152612200799,2.067815528244684,1.1108208493296055,1.08032962863913,1.1262569801783853,1.019648561006443,0.96257326083642,0.7540423353117658,0.5803508398947531,0.4813059368400841,0.3342347383801522,0.23842189603596328,0.17064547263593235
9740,13,1.1320549640121938e-05,2.1282637119293213,7.588797240919914,2.290083839918175,1.234650971086919,1.1549777637744576,1.2062817129900507,1.067740984378132,1.0795869399404359,0.8159112718900943,0.6449938130081717,0.5486321661154682,0.3937094313301397,0.2733303939802789,0.19810482905750607
9750,13,1.1320549640121938e-05,1.8683127164840698,7.24491536077833,2.4304862923303845,1.3368798661943873,1.2810503460462588,1.273561036792731,1.1532009655241005,1.0943784241133476,0.7912836321068999,0.7037300625221442,0.5591281383632521,0.3983066391521059,0.2784198132203114,0.18913724987038205
9760,13,1.1320549640121938e-05,2.935386896133423,6.795567104163704,2.4444550058736954,1.2329668034627037,1.2000899611284268,1.2544113433362023,1.1148326967441777,1.1112055345037686,0.8124928994492494,0.6057206285846151,0.5027523658555668,0.3630398170071034,0.2640123850524907,0.18130900759538585
9770,13,1.1320549640121938e-05,2.3994007110595703,6.895237573823578,2.52051861545499,1.3380246827692062,1.2081251493139429,1.36220268705966,1.230939661965134,1.1233861535250278,0.8902635781067015,0.6946299890570233,0.5834702036362995,0.4265788661001083,0.2892513623032486,0.2364580115885678
9780,13,1.1320549640121938e-05,2.8586912155151367,7.153743823878881,2.580412538136865,1.4298317732544898,1.3329591111222547,1.4138646087042153,1.2610775555327594,1.130405457815714,0.8917518634018785,0.7103291091090465,0.5653129924879714,0.40283976620595646,0.29040525353796626,0.21119456744751444
9790,13,1.1320549640121938e-05,2.288519859313965,8.19209053133572,2.636374304733195,1.3888373791043045,1.3822918164979092,1.4894171943740173,1.264493208468489,1.1870744403159477,0.9158243641574433,0.7059390400251419,0.5969025448467052,0.4468296098460905,0.25072140898944956,0.198587676678229
9800,13,1.1320549640121938e-05,2.6357617378234863,7.205767570296986,2.482751434404871,1.3370226969775671,1.2627734779074755,1.3964509127182412,1.2473560125149545,1.075916719009673,0.8719264920119565,0.6645527944529508,0.5507103575325346,0.38922507566183134,0.26545064950262565,0.18155198804051578
9810,13,1.1320549640121938e-05,2.039558172225952,5.755015936913667,1.8181323222828363,1.055449027484756,1.037205748019737,1.0587921772597715,0.9017497020283997,0.941003575475559,0.7519636384407834,0.5483998946028205,0.453430712583781,0.33330787874005763,0.2377472709273452,0.17237337703716962
9820,13,1.1320549640121938e-05,2.370539665222168,6.925613929435616,2.146719626122558,1.2260127928326752,1.1544978032260305,1.2087046294717234,1.0550935377018626,1.0571857848817166,0.8585588607353261,0.63859817182554,0.5455797683478945,0.39322232990955697,0.2622238908827882,0.20962836688358238
9830,13,1.1320549640121938e-05,2.135054588317871,5.493038122512547,1.857053842768086,0.9479573382082901,0.8458637922028235,0.8899689222679991,0.779458127030204,0.7366739570498058,0.6256540688905833,0.45807605981708505,0.3972400046502663,0.2817696534430416,0.20219142451160468,0.14713897469896017
9840,13,1.1320549640121938e-05,2.760972738265991,6.588428825060702,2.2758637002947153,1.2417983289278054,1.2054344799507997,1.2568019085762723,1.081945757504214,1.0151983355969605,0.7663769871109863,0.5832248608686347,0.44078176594306806,0.3285638930922041,0.21263282028116265,0.16303035684738232
9850,13,1.1320549640121938e-05,2.921280860900879,6.041704997524149,2.1101176467604965,1.1020269148507755,1.0636232735099878,1.1037029792370767,0.9838792328662158,0.9337471691799518,0.7236752918143046,0.5557952792126761,0.4477453306349226,0.28844460570278363,0.2561044021076082,0.16562441198033329
9860,14,1.1175579077660684e-05,3.6108875274658203,7.7471800079547135,2.5117311662749717,1.4112134696545289,1.2903901759116,1.3265186486803955,1.211728038024384,1.1890704061964779,0.9199081908312876,0.6958636371765059,0.5555147088043716,0.38742032080181865,0.28166758422500054,0.2130178013754217
9870,14,1.1175579077660684e-05,3.0767998695373535,6.858293481908719,2.376058014145987,1.2085677738196747,1.1730056765861239,1.2037784769295201,1.1174430563472555,1.0454213542073463,0.7830992756293601,0.6187431194980225,0.5096367955473438,0.38070160329754466,0.26010690207207454,0.17981688550588798
9880,14,1.1175579077660684e-05,1.6296112537384033,6.315058826613731,2.184232901572146,1.246614307272612,1.2156265137846562,1.3349707281265366,1.195008311258352,1.1892494700582148,0.9379583789599393,0.6733572950150039,0.5579184111813132,0.3780782176391662,0.2600529472624183,0.18560309646015358
9890,14,1.1175579077660684e-05,1.8632357120513916,8.445520936074121,2.797683812556235,1.5928802594745628,1.502119864795905,1.646211163351676,1.4416195507812721,1.3479288485141936,1.0919376398477796,0.8465890044803331,0.6985752734774319,0.4572333692096988,0.3461790614004001,0.2391736061363197
9900,14,1.1175579077660684e-05,2.575289487838745,6.221311116698463,2.234870395314135,1.216749111392106,1.1881154631351187,1.2259794227874925,1.085028755165502,1.0042951200899881,0.7491383096987972,0.5753286522925665,0.5026529111580743,0.3592368101377763,0.2561010780305971,0.1843020455479934
9910,14,1.1175579077660684e-05,2.000483989715576,10.309436003842917,3.4420844233828407,1.7480054778852692,1.60723703384523,1.6745401921170449,1.4525006841226646,1.3896087872900524,1.093436627998743,0.8338659813724055,0.6975022772532068,0.527536883094611,0.3691961896873482,0.2397577257057463
9920,14,1.1175579077660684e-05,3.2129650115966797,5.270343544383713,1.890407192535967,1.0015712901285192,0.9888743434502424,1.0786140801111417,0.9208113935151779,0.8571396273838824,0.6707681479874651,0.5319818761735449,0.45325348641894664,0.32230242203926296,0.2231890779965067,0.15344097531016623
9930,14,1.1175579077660684e-05,1.815932035446167,6.159730050934471,2.0075614848593863,1.0962994488537678,1.0657930930354886,1.1208119708701334,0.9212830496773493,0.8423740150738327,0.666605838445438,0.5395231359783123,0.4438527512171044,0.29698502898696716,0.22518289332165745,0.15580498849434876
9940,14,1.1175579077660684e-05,2.432727336883545,7.218900058086264,2.5846270656958747,1.387656888217577,1.3478004224685738,1.425926265767884,1.318637841582529,1.1608807786137683,0.8846415197297841,0.6649156333763875,0.5606845557826443,0.38421002251529174,0.2996184524128681,0.19953416553356076
9950,14,1.1175579077660684e-05,1.8246643543243408,7.971841687544118,2.914353334300957,1.472738136145637,1.3730335100771207,1.474119578973877,1.239894552519012,1.1866401100021209,0.9404685214066405,0.7058597727087466,0.5738971109616728,0.4399232690501719,0.28938808859289183,0.20042198818050444
9960,14,1.1175579077660684e-05,2.2904646396636963,7.470463450737902,2.344416849381187,1.3660511368996864,1.335114548907803,1.5022220135447695,1.310251717592004,1.1910651593849744,1.0032373082834996,0.7511312487772895,0.6166136017777758,0.4302669298106651,0.275948605341281,0.21412129481164874
9970,14,1.1175579077660684e-05,2.4349002838134766,7.754975211569855,2.7044639100099044,1.4027636437820301,1.2976406897670043,1.3743744929240638,1.2473444542004,1.1082071708296335,0.9348553650665158,0.7141139879085452,0.6255093666774751,0.4365510000902545,0.34736846303799934,0.23563002538796032
9980,14,1.1175579077660684e-05,2.922027587890625,6.655272159646317,2.389892260440564,1.3453164608335781,1.2309937948979228,1.3147395552095789,1.1731435311126106,1.0797396342399592,0.8728254702747906,0.6676195604127877,0.5309163570679664,0.3838228947872511,0.2674088858467503,0.1794669369394778
9990,14,1.1175579077660684e-05,3.147423267364502,6.698740061652568,2.2908005643138925,1.2892571896949707,1.1797166350122932,1.2379360429710204,1.1478877355208876,1.0694512739155657,0.7904354537905561,0.559569119781701,0.5085185407808729,0.3730108249745653,0.2598939528814707,0.17526792615387862
10000,14,1.1175579077660684e-05,2.9718098640441895,9.378653444346053,2.961426786381676,1.5214189325130232,1.445181108697289,1.5044481784590098,1.3388399041523216,1.2539844919316,1.0345843961397294,0.7479783492703502,0.5973679388612685,0.41555518993101875,0.31201814350955526,0.21969464380669568
10010,14,1.1175579077660684e-05,1.8743466138839722,8.330709659929866,2.9915156198370076,1.6754413632894032,1.528102154308206,1.6372132371074641,1.3983603970604075,1.301928568686185,1.006730130603012,0.767802725704015,0.6190545967467663,0.40430138994114795,0.3157502109487091,0.22484850193913142
10020,14,1.1175579077660684e-05,2.0383050441741943,6.563536397476153,1.9972465895376421,1.0963350296052197,1.0421162660898227,1.1164611663064266,0.9796287134922176,0.9758557487562709,0.7490117620869333,0.5926088002018268,0.4835030468349355,0.33551726707246465,0.24877256499059044,0.1778780789640913
10030,14,1.1175579077660684e-05,2.8553619384765625,8.394698790311992,2.838235317397376,1.4769848971608672,1.4234456675050264,1.4890741577019209,1.3102786434931555,1.2424389242115974,1.0485167467783334,0.7968778027099228,0.642065991307198,0.45341484995977405,0.321866459466317,0.23907278072219268
10040,14,1.1175579077660684e-05,1.933006763458252,6.769799536755991,2.2583965791281666,1.2415169715925265,1.1573040714442375,1.2467599657548796,1.10275877268267,1.0166924723663657,0.7587797045322433,0.6110742278645174,0.5188887891503535,0.3850611185278869,0.2703050952040564,0.19020496560915376
10050,14,1.1175579077660684e-05,3.0759990215301514,7.807116467288597,2.5716868567169437,1.4536550955593424,1.3372667859510279,1.4263078581336677,1.290505247151535,1.1734874165748017,0.9689852312589814,0.7216391253489186,0.5935999987265281,0.39013556346536504,0.2803356495275707,0.19006585975238052
10060,14,1.1175579077660684e-05,1.8814220428466797,9.431572350852486,3.2191615068308277,1.7384405448708524,1.5916918816854628,1.6940576901337443,1.5382268432757846,1.4902930372562742,1.1659109370222238,0.8495489342199122,0.7659616162749634,0.5297444371180028,0.3715793467696796,0.27442818062248014
10070,14,1.1175579077660684e-05,1.6424412727355957,7.511545223874931,2.2797629747694987,1.3073572239221032,1.25914257302492,1.3962759594558285,1.238592582094821,1.1242772712740092,0.8963494070116261,0.6465212303847637,0.5127850448400937,0.32489379044445377,0.2637470732451795,0.19889014619271628
10080,14,1.1175579077660684e-05,1.9289469718933105,6.550544069285377,2.250887932423748,1.2328147850352373,1.1708993316438983,1.2374027820954914,1.1340733455589205,1.0053746760073752,0.8018854261069667,0.5910500940814839,0.4976010574397127,0.3661815151052894,0.26866467150060147,0.19436488094387183
10090,14,1.1175579077660684e-05,3.177090644836426,8.056824145917219,2.943828120434133,1.5874932019862424,1.505230402543206,1.5384289835419525,1.349639137962221,1.2560222249098798,0.9877143023581558,0.7910043962606634,0.6515878647216095,0.45641366955157203,0.3340347264273088,0.25998272236783887
10100,14,1.1175579077660684e-05,1.606708288192749,7.8440836197985035,2.252664226721732,1.233687381130873,1.1681942789295243,1.2192423953241671,1.0670939176801464,1.0132479001443322,0.8166763196771883,0.6580987580792249,0.5211028087708366,0.40389408995854376,0.26993188952911407,0.21896859899376336
10110,14,1.1175579077660684e-05,2.1348438262939453,7.582664668980129,2.5116885554136616,1.3939090848501965,1.2924353496783,1.385772844289072,1.1986593317612069,1.1544253275487018,0.8970656104578943,0.6746968253692347,0.538496086969996,0.4301152361634184,0.28732510057957367,0.2111013261907126
10120,14,1.1175579077660684e-05,1.6235707998275757,7.20358807073369,2.629692605440543,1.456316660006852,1.3676077728938127,1.5277458815175158,1.3214986328157292,1.193416809302324,0.9237369640032806,0.72254752409161,0.5932001798395361,0.43510946220322616,0.2921482065041012,0.18962761758663624
10130,14,1.1175579077660684e-05,2.8686609268188477,7.451257161113924,2.5652774119056727,1.462030586529318,1.3638486621549897,1.4883816940474734,1.3208642653145595,1.1919056559130055,0.9191385677378737,0.7334399008476786,0.583135130605408,0.45204054898322854,0.2939910824510337,0.23601157436077885
10140,14,1.1175579077660684e-05,3.0545878410339355,6.071250103831085,1.9902889614017714,1.0813296269903145,1.023266881999663,1.1345305930363643,1.0209739938986722,0.9655003330632059,0.7183308870048953,0.5807061969459728,0.46059205203363707,0.33905968459930974,0.22588596210327555,0.17465449885429774
10150,14,1.1175579077660684e-05,2.4530606269836426,6.975848601001203,2.1445615567052565,1.2295417832689588,1.1653660474145118,1.2340415873722128,1.0740468264358254,1.0507047274658856,0.8410621255301226,0.6208116059556799,0.5622904528867386,0.385489357522112,0.2635057143369985,0.19087284848068184
10160,14,1.1175579077660684e-05,2.480652332305908,7.899204243240075,2.6038349371242657,1.4146548718195262,1.3221481358118845,1.382862700490485,1.2371377013817837,1.2219141321793159,0.9746363508423093,0.7370510501344926,0.570276864166209,0.41543298018715247,0.29060290782933956,0.21541409297052244
10170,14,1.1175579077660684e-05,1.4425599575042725,6.718499108948859,2.1243734412141415,1.1834788488104029,1.1798324579780706,1.2158321120798359,1.0744406823630543,0.9745722889697522,0.7591271864933609,0.5964668947518055,0.514895733374392,0.35472088345052116,0.24547717331512045,0.18368531145869646
10180,14,1.1175579077660684e-05,2.7409372329711914,6.165074535887258,2.1696343468537154,1.1417928245390943,1.0992864875580235,1.2389746413402014,1.1231190101764728,1.0582125376998774,0.7794093200877903,0.6288901945343025,0.5164267824565285,0.35041448484922505,0.2509902952656461,0.17989704592669514
10190,14,1.1175579077660684e-05,2.3055338859558105,7.40720990311658,2.8052325888916623,1.4935223391540007,1.424949416425118,1.4693220481885747,1.2880631984210376,1.1883005415161385,0.9821299040017318,0.7476682686362119,0.6144543668840649,0.41314675604011086,0.3079528932546128,0.21134540921633033
10200,14,1.1175579077660684e-05,2.962092399597168,6.830348634111522,2.2658380581790603,1.2711931245756063,1.2031174750110154,1.409812826194917,1.1839949502090377,1.135951817638747,0.8761124310337705,0.683523102647681,0.5651661840388345,0.3987073568136408,0.27060538803285533,0.20147460516580293
10210,14,1.1175579077660684e-05,1.9938106536865234,6.370774293166245,2.141351896420123,1.155140523638921,1.0933604142626,1.1800553587177602,1.0485891199235977,0.9339932986748019,0.6800046508593792,0.6230288752642025,0.4718787986993082,0.3396031683771145,0.23564194490816834,0.15823110567604817
10220,14,1.1175579077660684e-05,2.8401806354522705,8.440893626656926,2.6628911703103095,1.5302655016173592,1.3707666264339637,1.5276305070181493,1.3524365109080927,1.2347489360406443,1.0083281216886388,0.7612858636889214,0.6242228631097734,0.42611809222529506,0.29567239043470533,0.21197377868699746
10230,14,1.1175579077660684e-05,2.791558265686035,7.312535836219683,2.4014187229674917,1.2815091023822633,1.2239803346023383,1.269039345062215,1.115285965515164,1.0675889897092978,0.8290130345383975,0.6273660841981508,0.5350146925915001,0.37828947943498087,0.2860967746996796,0.18779727910394922
10240,14,1.1175579077660684e-05,2.4357056617736816,6.566782715564352,2.567458610703068,1.4502329420295552,1.3023355191911197,1.3824031859429864,1.2064402783976682,1.066000401864755,0.9292181974440192,0.6771764819387281,0.5589472758148063,0.4034336801925241,0.2731302438788599,0.18456590554230035
10250,14,1.1175579077660684e-05,2.370974063873291,6.310239408299382,2.6353482595087265,1.3195455348568936,1.212146918550654,1.2783592627451028,1.123373128832627,1.0673712189382638,0.8447123125457845,0.6509590592496516,0.540857628513212,0.3773625720431122,0.2574575064249851,0.19473104819723655
10260,14,1.1175579077660684e-05,3.1642885208129883,6.853337388618308,2.276005794083235,1.2264752037794389,1.221318436445262,1.3159760948226138,1.1539122026671258,1.1091196042868343,0.9126080835111793,0.6550603394014204,0.5215095820070891,0.36211567708466363,0.2718402653023998,0.19689087960468346
10270,14,1.1175579077660684e-05,3.049997091293335,6.663158439932376,2.4719922961360203,1.3294362626699125,1.2359851522027163,1.3402387212299693,1.1791385356989037,1.1233860402197244,0.8878364674770198,0.670012247911586,0.5550006033390363,0.39902446151023957,0.3036321336433139,0.19860989453775663
10280,14,1.1175579077660684e-05,2.193497896194458,6.118545401212063,1.9368522620991038,1.0899431815804554,1.0852030951993523,1.1232383857966635,1.0265066418642705,0.9973488407644133,0.8076010210107557,0.6151899495575858,0.4939827697422057,0.36018772067465776,0.2743536917026812,0.1728611383328734
10290,14,1.1175579077660684e-05,1.8037409782409668,7.686781380373034,2.705429245773271,1.5421906180353877,1.4869413521449726,1.6335379427984682,1.4203405064022454,1.252071097653536,1.0173924232913547,0.7120877812711739,0.6293627218483285,0.4190638846971378,0.29420456270611095,0.22235202862319153
10300,14,1.1175579077660684e-05,2.5334854125976562,6.877320316767506,2.3908128349543927,1.287413483271877,1.1962411755591953,1.2439205035163938,1.062218031245854,1.0146090089211208,0.8229057794239258,0.5910611490833249,0.4966230187554532,0.3264973598054781,0.23583158545052182,0.17043427015191934
10310,14,1.1175579077660684e-05,2.571640729904175,6.342959738673759,2.128512317311012,1.178430529983822,1.0853926542245056,1.121211272491593,1.028518034376854,1.0369675799091367,0.7787383242897589,0.6110022794537123,0.4944818484535002,0.35905413754047694,0.2625569953977184,0.19629086769833942
10320,14,1.1175579077660684e-05,2.0061404705047607,10.001764583796426,2.8866276507471085,1.5443539443630092,1.4589429758749581,1.5366533046942858,1.3401267273476822,1.264767057929384,1.083025477339898,0.7551898773987981,0.6546304295630601,0.4189330750726205,0.29785406300511835,0.22938585053736563
10330,14,1.1175579077660684e-05,2.81733775138855,7.297736832538859,2.2683839810849946,1.244018793632444,1.1619117549252773,1.247717608131708,1.0947869168265774,1.107089764084782,0.8748730422676242,0.6691532832183714,0.5423977820007647,0.3613917966580822,0.29601212455244313,0.21584541950465447
10340,14,1.1175579077660684e-05,2.6746225357055664,7.1483326592936605,2.479026120063127,1.2812937973758933,1.2737255401460403,1.3749712813101767,1.2117354715079982,1.2216675614203825,0.9025727576252986,0.6513707195459489,0.5580885259475123,0.37986033606218167,0.28488506730750657,0.198212926180994
10350,14,1.1175579077660684e-05,1.7326165437698364,7.40344659232245,2.5451826956314454,1.365870768275529,1.2716334508220137,1.3799025773303673,1.1728881202604555,1.1278977135413766,0.9081896069665301,0.7260688079849311,0.555291906671637,0.4230884525989394,0.28723063152936007,0.20505243692027555
10360,14,1.1175579077660684e-05,2.750278949737549,7.576892906612799,2.5772191944582636,1.5380573044866814,1.4547797237516182,1.4379864137310343,1.2414030481930243,1.1183859531312366,0.9545159298102791,0.7359592757341464,0.5880237135058771,0.3930255750864188,0.3001529105123331,0.2202864162318664
10370,14,1.1175579077660684e-05,1.9223483800888062,8.791960619845758,3.0640408867826183,1.6866686393636674,1.548369754203414,1.6916955495944688,1.4615533067438473,1.3910968209293202,1.0742156460971855,0.8572365350904639,0.6817274298272683,0.49856391853628995,0.3234015003749114,0.25018632775230965
10380,14,1.1175579077660684e-05,2.1147408485412598,9.311794428824575,3.408092022863851,1.860356785924592,1.7518501013892018,1.9150853084286528,1.684570118482551,1.6036796525315864,1.2416373025123806,0.9676235762412227,0.7716047080110114,0.5289363817856296,0.3847218675637591,0.26320879477162545
10390,14,1.1175579077660684e-05,3.3043484687805176,6.342614206631025,2.224391620130354,1.165000945018369,1.0696245996503804,1.203671064825073,1.0128558305196986,1.0045732904483071,0.7720486641136979,0.577723768471457,0.4407081459461518,0.34436116629216457,0.270325113534218,0.19074859646470962
10400,14,1.1175579077660684e-05,3.039276599884033,7.639062929949538,2.5610620332922185,1.391483613210667,1.3424828306354106,1.4447395796090763,1.2539309113301296,1.1918393458874683,0.9237821809706743,0.6972485758805094,0.5690829020172603,0.4145367974766395,0.2972875683170909,0.19999667429801565
10410,14,1.1175579077660684e-05,2.8334646224975586,5.720129117842847,1.483501615114037,0.8157224088346713,0.8015053853885644,0.881605296786259,0.7751311540777259,0.748830279965209,0.6131307375970886,0.4830110180653608,0.3788134250142783,0.28008553227057775,0.2149290238163458,0.1644337199565102
10420,14,1.1175579077660684e-05,2.7034173011779785,8.690861914583532,2.8741973653551507,1.591933627211177,1.4723587368808173,1.6118744496561113,1.4448372103890832,1.4127488854429975,1.1592498104695477,0.9671174613462717,0.7368284211834563,0.5148743539296377,0.35880719312591014,0.25310075800611015
10430,14,1.1175579077660684e-05,2.8405301570892334,9.379987402461131,2.839014917879261,1.5782191038549067,1.5038659188665202,1.6535743215584098,1.4258443433456813,1.1295035204284,0.9822548112535328,0.7924332998918476,0.6304451400233342,0.3980999804268822,0.3071875068494464,0.21034427603682532
10440,14,1.1175579077660684e-05,1.8388019800186157,7.20461302089931,2.3439947343743497,1.3688092053825307,1.28459023892858,1.3875701878590316,1.1836664858408754,1.1785771665308398,0.8853807441323246,0.7166249284481796,0.5568860705105136,0.41673925528921113,0.27192051301143283,0.20096639614503436
10450,14,1.1175579077660684e-05,3.0352630615234375,7.536602641990829,2.552473528258658,1.2515361763838186,1.2096377242485572,1.2923795578174675,1.1529317462151276,1.083615556267186,0.8101830149894937,0.6330266468480124,0.5353180334481061,0.3715876870126908,0.2681825748611347,0.17686314074038548
10460,14,1.1175579077660684e-05,2.605926752090454,6.7372484702699635,2.0627859534485893,1.0818183386507443,1.02304016864926,1.06148536177308,0.9594990526910819,0.8976024382381229,0.7294004786129604,0.5586496116731426,0.4466376629273535,0.3420983405607503,0.23011592361755204,0.15572901296346736
10470,14,1.1175579077660684e-05,2.620070457458496,8.30776983194042,2.4924429102153463,1.2570442175190752,1.1998818122564916,1.2873787364961529,1.1463952088480327,1.0811691735205022,0.9021146274185705,0.6704633521857558,0.5513868943787389,0.3945943089753742,0.26103971179737406,0.20771100780172488
10480,14,1.1175579077660684e-05,2.9965853691101074,8.692466899069053,2.5406285113237845,1.344577399858389,1.3336578768266545,1.4559645012604028,1.2405836076995378,1.2591370796686514,1.0215294009860392,0.7753854377739576,0.6346749363589917,0.47773166727984634,0.32658719348081894,0.2289594415943613
10490,14,1.1175579077660684e-05,2.918161630630493,7.424745397156495,2.4342370128004087,1.3066364371321906,1.2609150777778106,1.3300650262349571,1.1962531191671364,1.0911657919129494,0.8449553164617644,0.6781583145487318,0.506479029804609,0.3761476928926156,0.26626352233658623,0.1827613370854991
10500,14,1.1175579077660684e-05,2.3322508335113525,10.031130529693268,3.062997930155941,1.8107442640697284,1.6942373400975854,1.8013887001464541,1.5690011115790823,1.5524747205741374,1.2298649359877172,0.9032543972007792,0.7579817256809356,0.561416408527216,0.38310054191620935,0.27489390900093097
10510,14,1.1175579077660684e-05,2.672898292541504,7.232978528143655,2.5882781614880455,1.471340698122345,1.3646709346164043,1.4665765249984424,1.2298344557847722,1.254157406839023,0.9807483599034751,0.7374779223281371,0.6319691323337766,0.45804582756148343,0.3244892199169631,0.20725959447630837
10520,14,1.1175579077660684e-05,2.029475212097168,7.7209107678745434,2.485344438844769,1.3640864076376698,1.1878555634458203,1.3668729659993182,1.2040925459947638,1.1447454079901345,0.8848808286400183,0.6408491804897408,0.5165313665681068,0.3581203889803145,0.25239878668951954,0.19831538371769672
10530,14,1.1175579077660684e-05,2.227710723876953,8.750549781506143,2.9591481349971986,1.6680573431466932,1.601013924689887,1.6462256909542239,1.3800687971882653,1.3474120815868587,1.0836672035824753,0.8157087817180814,0.6591367857712043,0.4654881846984684,0.3213152001003869,0.21747164068449562
10540,14,1.1175579077660684e-05,2.3788135051727295,7.066665955809609,2.377612116980509,1.3624770123862215,1.2448630076893108,1.2579246364087435,1.0887665325468308,1.0276128146018455,0.8523227444627,0.6735752995506836,0.5380571975004403,0.3651592920399311,0.2868967060316307,0.19513895359010655
10550,14,1.1175579077660684e-05,2.300264835357666,6.670163130873342,2.2581761736772816,1.253480403350667,1.1835778840666986,1.2429332932990447,1.045808858415149,0.9800922732908941,0.7961397583505633,0.6364907863661442,0.495584153380706,0.3643561592568143,0.24140900458961426,0.18494871152673834
10560,14,1.1175579077660684e-05,4.6577043533325195,13.328024103222669,4.598074214143854,2.545090809403919,2.615166712792659,2.6028740968488817,1.662328589579278,2.6073288358249704,1.9707230622245477,1.4292914307789175,1.1449959094759201,0.355300446469679,0.587651373730852,0.13820609155305486
10570,15,1.1015159809497865e-05,1.9019851684570312,7.069339314547088,2.4260600866263076,1.3358541651403648,1.2739178132103717,1.3737001304101093,1.2024826159144701,1.152933478170958,0.903740618866787,0.6839385788704309,0.5988865251037151,0.43494917295510027,0.2963423568304045,0.2040178927265964
10580,15,1.1015159809497865e-05,2.5917320251464844,7.720742707034804,2.794127874083312,1.4952043966546935,1.4096712154135331,1.49782947024428,1.3346824171229117,1.2050957025906812,0.9892189425722346,0.728333444304244,0.6301820257565232,0.43231136829021216,0.3165654470705714,0.2316679570104256
10590,15,1.1015159809497865e-05,2.780993938446045,8.319963354942775,2.4208058869690134,1.3065347050461895,1.2098972922089484,1.3003804938933525,1.146689483182033,1.1064315593660996,0.9195930677285941,0.7008915680486488,0.5712898364110233,0.39476991714726495,0.3022882874689896,0.20313608992230292
10600,15,1.1015159809497865e-05,2.771531105041504,9.018367815691958,3.1406902187214354,1.7162820776685845,1.6351388258676043,1.7061342749206012,1.4997260037002265,1.4916778854609958,1.1731081016815177,0.8753643233857812,0.7330226190000533,0.5296669571001067,0.370243721521038,0.26337124588811156
10610,15,1.1015159809497865e-05,3.378368854522705,7.584721952050012,2.599018295069807,1.4505128704744819,1.3288840797658232,1.4185636933524512,1.2578881008864875,1.1637465035761816,0.9305755177067286,0.6949571246009427,0.5859952376275565,0.4067641920771443,0.29963861272757797,0.20677831670688443
10620,15,1.1015159809497865e-05,1.590291142463684,6.692304256606709,2.359611203412937,1.3479789898129448,1.2564570134580706,1.3062868813273658,1.1781705218063248,1.1492608496016645,0.8775734960883727,0.6898495162067799,0.5156417315982766,0.3717209900276965,0.28114203484853656,0.1942797599866653
10630,15,1.1015159809497865e-05,2.154980182647705,7.439407753196658,2.5954142822669604,1.4598976118529992,1.274193374253864,1.387487866685676,1.192421689520547,1.148375772295542,0.902072899041323,0.6909874630387417,0.5717992296947737,0.4216108526634383,0.2934015343012237,0.1997129673025701
10640,15,1.1015159809497865e-05,2.953341245651245,7.743338342320267,2.6579988619319206,1.4996770386170826,1.3958007259915348,1.5296934810077114,1.2583505179723253,1.3099930124702053,1.0280149306026616,0.7312925652888758,0.6199164277901626,0.49358395210816963,0.33704212760265545,0.23567259412710248
10650,15,1.1015159809497865e-05,1.7245581150054932,8.769573173327565,2.5744286446262916,1.4376563228824342,1.3721953001017628,1.4251685726547052,1.2150607782211025,1.2708301980790935,0.9978988059328971,0.7180597192722159,0.5786831591696181,0.4118772516549495,0.28031683669240737,0.20150257950259007
10660,15,1.1015159809497865e-05,2.6985487937927246,7.999643448784436,2.5836964665383553,1.3911757963726055,1.2842644097842466,1.3711390336051217,1.150389498076996,1.1097820599480375,0.9892644148397515,0.7077815986289832,0.5545441568764012,0.3923273597653826,0.28239060414451445,0.17921578569511304
10670,15,1.1015159809497865e-05,2.865649700164795,7.363788281255932,2.641138711561112,1.3595510940285336,1.274115273693774,1.4003227791385509,1.2240848043851165,1.1118947877440148,0.9003200479829612,0.7017069711036072,0.5765045818248017,0.4083284915563299,0.2878649877339518,0.20223881525854936
10680,15,1.1015159809497865e-05,1.4696240425109863,7.777256937221728,2.8675785093464103,1.4938499834953136,1.4415609382862662,1.5304941124835476,1.2917890593452475,1.255803021089675,1.0125645270958412,0.7146783546492291,0.579389712996883,0.3978976202576249,0.27978028197725213,0.19371772006795157
10690,15,1.1015159809497865e-05,3.0271100997924805,6.348618340204486,2.2370507340086934,1.2164767092954045,1.155025341203645,1.2186300626876714,1.076677300490771,1.009859712745141,0.8182614332665363,0.6253057275414069,0.5284104247931406,0.3382320324513098,0.22225642930516676,0.16203543535088977
10700,15,1.1015159809497865e-05,2.673102378845215,6.370036029511159,2.3345862853265382,1.1977281196861014,1.1741520900524764,1.294919670120724,1.149743074778666,1.0846380469837749,0.9303005410647186,0.6985701621311049,0.5631094205314937,0.39033666788559873,0.2666577396117563,0.2110588433517647
10710,15,1.1015159809497865e-05,2.8815083503723145,6.513978477156126,2.189902812168225,1.170944424128128,1.0990234079084702,1.1982998279949355,1.0531688047709566,1.0406981456790643,0.878853782670594,0.6351980859489803,0.5268452491058541,0.36197365689637356,0.2598675612790349,0.1882851325055342
10720,15,1.1015159809497865e-05,2.797910213470459,8.163324459464308,2.425474760831344,1.2491351683063934,1.2252167305895942,1.3128853060208456,1.1078595998632152,1.0228191017574626,0.8840054209240135,0.6739109875786332,0.5492530589598688,0.3737930145388402,0.267334211746891,0.19609652114595305
10730,15,1.1015159809497865e-05,2.3762903213500977,7.919621187417372,3.1028736580386447,1.6925267285540804,1.5398728494368912,1.6707224897992847,1.4327976285485142,1.4073477488705324,1.116736320057335,0.8711969896429214,0.656842480055747,0.4828204635981586,0.3395316453786383,0.24164711085415314
10740,15,1.1015159809497865e-05,2.6314311027526855,6.28496556453601,2.0891768492568845,1.080476593589378,1.0169587414800279,1.052513880603414,0.938975648571733,0.8865817226361931,0.7074011077398066,0.5223210564058686,0.4406560205102014,0.32555452371358806,0.23034644905894616,0.16580356945846048
10750,15,1.1015159809497865e-05,2.814812183380127,7.915584779133767,2.563589624999677,1.3004849554175695,1.2020912227608644,1.226668045247904,1.0981396214621144,1.0621010084681362,0.817914806592731,0.6209970980115289,0.5078026026024317,0.35993826697344394,0.2571133432255653,0.17868526531168247
10760,15,1.1015159809497865e-05,1.6062862873077393,7.626257002252791,2.621538333853697,1.4688355442826246,1.3516132052455976,1.4901750946386139,1.321794189121896,1.1881422551311394,1.0219581824139823,0.7107780764671063,0.6292548119281213,0.4086172401753946,0.27373270009104683,0.1971877045740704
10770,15,1.1015159809497865e-05,2.0628836154937744,6.453119426763491,2.3767960796821592,1.303523047575467,1.2055080801008375,1.3353643037528307,1.1647008986554956,1.1445478163604923,0.8959508897869946,0.6677957489320735,0.5454391869515005,0.3626364432647761,0.26748589173476284,0.1777877393303087
10780,15,1.1015159809497865e-05,2.548572063446045,9.257701289362075,2.901528151286496,1.6037863045617815,1.4956750030447332,1.5775127129342517,1.4008659740391574,1.3013079458206283,1.0184278573850634,0.8368739829111653,0.7159271288254485,0.4887559166241343,0.3412983182853776,0.22534992844773974
10790,15,1.1015159809497865e-05,3.385010242462158,8.248993556908385,2.654140811427999,1.4267199747576214,1.3089613311487902,1.3563265422240676,1.2482848605005687,1.195276594321503,0.8854852393925061,0.7364939348026412,0.6054847854259253,0.45416086816503276,0.2885728402159543,0.19658233665361394
10800,15,1.1015159809497865e-05,2.6095738410949707,7.113414375852332,2.7297513323549696,1.5122871844589787,1.4480913818262227,1.5179970755309584,1.4180705886780718,1.302480612339867,1.0218916520717336,0.7609122100407454,0.5707963733828204,0.40909280355902544,0.3137139658405102,0.20453702581654062
10810,15,1.1015159809497865e-05,1.8504664897918701,8.920835378854141,2.9283767434215755,1.691121087441351,1.6662960788067587,1.9656145317500306,1.7003540587394586,1.485160358557218,1.2424501938698613,0.896369642830989,0.7370467381766846,0.510741804849149,0.3373200808213667,0.22361107499281674
10820,15,1.1015159809497865e-05,2.6919431686401367,5.720664196714261,2.093202229326976,1.0624167061330951,0.9955134059820152,1.057852367279094,0.9461808755307863,0.8946013557928487,0.7317385618658774,0.5619159786223932,0.43871764607520686,0.30452306185543315,0.22224751935015583,0.15062160984594147
10830,15,1.1015159809497865e-05,1.8601487874984741,9.271401146743635,3.2544666547002055,1.7052747200309073,1.6188779109361973,1.7285334500306981,1.5274043023549784,1.4143082997588756,1.1808371326321587,0.949003301838248,0.7534784128181747,0.5108774012438104,0.33950738517287643,0.2552998682439469
10840,15,1.1015159809497865e-05,1.8671150207519531,7.340039759488611,2.6286841846018145,1.4995612147286803,1.365751369127266,1.4648808800243371,1.2946985624396985,1.2101854368944474,1.0103338587920538,0.7580590850353759,0.5799048597034733,0.46147408655947747,0.31060240344758916,0.20443838735686715
10850,15,1.1015159809497865e-05,3.099768877029419,6.972424628376928,2.280141623825568,1.2486885166335968,1.139879827395905,1.2575298455061157,1.122613749636207,1.055492646067086,0.7889877003849561,0.6698362056736318,0.5457020680533197,0.37697561083302755,0.2680941883918108,0.19437394931696578
10860,15,1.1015159809497865e-05,2.427788734436035,7.249713232819898,2.3753505026923634,1.3022969982952644,1.2922120033002076,1.3453703384783358,1.1972955323994796,1.153280982428775,0.8680719805172886,0.6292837758901623,0.4995277676181504,0.37255406064954927,0.2576137618457182,0.17013186224764643
10870,15,1.1015159809497865e-05,2.0299644470214844,7.587162447813314,2.86373632734754,1.5624975609201528,1.5071637446760868,1.5760512816410621,1.3779611057068777,1.27768667658969,1.0392453904271275,0.7925083325593649,0.6251642953029233,0.45153251339655176,0.2933311413103229,0.21273664056822056
10880,15,1.1015159809497865e-05,2.390228271484375,5.707755046839011,2.1065890584825135,1.073503201610495,0.9858979684034226,1.0541026463403858,0.9256112665314695,0.9025907640415285,0.7318087227098037,0.5612865979298253,0.4728718467008351,0.3304352517631144,0.24324765442934299,0.17345682829293657
10890,15,1.1015159809497865e-05,2.004864454269409,8.351102602939731,2.75339206848099,1.5205072266746598,1.4758496237045045,1.6073399469434775,1.3250928534036543,1.2870569223299673,0.9763825651563747,0.8259452842238472,0.6651333263089927,0.42171893888553663,0.29284634077750493,0.19053376505662076
10900,15,1.1015159809497865e-05,2.5343189239501953,9.33756389184311,3.0842635304869206,1.704156209587294,1.6260279503425847,1.7162899204034636,1.5085690651031376,1.439165319746179,1.128064013418074,0.8549094472148545,0.6991741125110399,0.45861173440236536,0.31407444004291535,0.24115039852060394
10910,15,1.1015159809497865e-05,2.378912925720215,9.202996523117093,3.5272116461414926,1.8259337825588267,1.697381052225742,1.820117607400251,1.5812450078682645,1.6292985472795454,1.3184232703593302,0.943508868896103,0.7574670410886893,0.5256202043726425,0.3688330472660509,0.24735436204740618
10920,15,1.1015159809497865e-05,2.8274457454681396,7.622035749287426,2.3534806896360623,1.2720882014358088,1.1714954708857162,1.3424390276730362,1.1920821157593664,1.1444793172451646,0.9016401232936829,0.6684894150971512,0.5825919870094695,0.3892270279582894,0.2686103048427758,0.17791340741080475
10930,15,1.1015159809497865e-05,1.3711439371109009,7.271757575011657,2.4978335381637637,1.4235620752930893,1.3399767138926324,1.4080489551819138,1.2225817714422635,1.2295774241821087,0.9907262001349056,0.7364407654772201,0.6386692786268771,0.4365446517085353,0.2814064496129287,0.21019477272427953
10940,15,1.1015159809497865e-05,1.5838502645492554,8.526475507616228,2.8360809459306813,1.5872275645458105,1.4899412873266766,1.6526810287420082,1.4607938068928856,1.335149140691562,1.0455553732011753,0.8104592751995773,0.6829223549816668,0.44704635380669583,0.31961133870292785,0.22838418553955922
10950,15,1.1015159809497865e-05,1.433046817779541,5.476162197908427,1.8231044119444826,1.0420241616892887,0.9533003355314448,1.0196743111782889,0.9324732217154423,0.8972383588840437,0.7246353541515437,0.5363785782918762,0.45795900828310937,0.31914295065013404,0.2438157284147689,0.1815532524278017
10960,15,1.1015159809497865e-05,3.518099546432495,8.344608093305492,3.191843019090673,1.7252702976864536,1.506115554304484,1.6213292094693144,1.4563325597265118,1.3780989144856928,1.0894826963179736,0.8097585697668639,0.6907302380727872,0.49887251370906716,0.339734926502636,0.2055932146286758
10970,15,1.1015159809497865e-05,1.6515028476715088,7.284865149995578,2.5645929976592656,1.4132282373925031,1.3382089449368557,1.4267135344148503,1.2596964950916925,1.1736761995407565,0.9572803588363458,0.7399746773008576,0.5998539797441378,0.41629941783696867,0.282701745033119,0.19745290252410153
10980,15,1.1015159809497865e-05,2.8619141578674316,6.808223046920249,2.4345571668669157,1.3038004654020658,1.1872222092509712,1.2408039131925181,1.0937831428867566,1.0886283769060539,0.8482421618135955,0.6812683656433752,0.5685868342117449,0.3777012527528132,0.2761679498659571,0.16983938010927557
10990,15,1.1015159809497865e-05,1.2920068502426147,7.852244314215796,2.7058898970529404,1.4647349589401035,1.3125660274688284,1.346879123726688,1.2217284672580726,1.1220138534978,0.9034654358409059,0.7060071526795942,0.5665019656265322,0.4097262709047497,0.2756424496995985,0.1806377493618277
11000,15,1.1015159809497865e-05,2.736483097076416,8.013902487649945,2.604412857499054,1.509559044531845,1.494838119838946,1.5893666087732883,1.3120301775819254,1.2382510124013493,0.9321917372944575,0.716466693671736,0.5881974454762557,0.3933790818425039,0.2750142549338154,0.19437842325026314
11010,15,1.1015159809497865e-05,1.452527642250061,7.403327653424136,2.7401475425293538,1.5191684119201283,1.4245392068017992,1.484300134501754,1.2695580077102468,1.1897008564049594,0.8906151669521113,0.7414623055405707,0.5738168845509495,0.4343138193696265,0.30230420821039383,0.21743115360745752
11020,15,1.1015159809497865e-05,1.693497896194458,7.0546442324874,2.4564104240636615,1.3898903477075613,1.2068977741488853,1.3560356367018296,1.2169593839616215,1.1201749058751616,0.9223929665674536,0.6944638603793293,0.5904815721953217,0.3692611061704347,0.2790451042764576,0.19592736303439862
11030,15,1.1015159809497865e-05,1.8424222469329834,6.4034816530535945,2.3929494523353854,1.330115027859262,1.2160723347935942,1.335563627068002,1.2005466115900103,1.166425323505291,0.8689708335503168,0.6835601955825603,0.5746771212046595,0.3941067171867424,0.26249531397219034,0.21017137066590472
11040,15,1.1015159809497865e-05,2.928972005844116,6.98809530862006,2.2443231300229125,1.2686421808663877,1.1746724592931361,1.2765337433404533,1.1576671402850853,1.0434302446220498,0.8484813778125807,0.6698631975278009,0.560789345881557,0.3678856241315991,0.24783319285857328,0.20460122458651758
11050,15,1.1015159809497865e-05,3.2392807006835938,7.5524593059543905,2.7252215289422854,1.4656438573982593,1.367459216216108,1.438722276694853,1.280178723489024,1.123813838666663,0.956098094639789,0.7133433866784472,0.5865045758030883,0.42871280948398843,0.3117580611145169,0.22678737188327203
11060,15,1.1015159809497865e-05,1.4806828498840332,6.421655217951098,2.538269452259582,1.3379025274072722,1.2750530023551787,1.3576180182998288,1.2375630026021753,1.0690075875219853,0.8676629545593201,0.6970738977164261,0.5669486506146867,0.3679040022057738,0.2591002195628852,0.1801740506373844
11070,15,1.1015159809497865e-05,2.1343069076538086,8.194360629877547,2.500771344202349,1.3613730955127394,1.259219151932309,1.3669622371502403,1.1490518728585242,1.1776367534347723,0.9315615072209286,0.7164096223592457,0.587742181163479,0.4297017520977953,0.30280470401894,0.21726640047069057
11080,15,1.1015159809497865e-05,2.9678666591644287,6.262572614896739,2.2090854642329854,1.2043747632346378,1.0903051110257223,1.1997913094879424,1.0428010486858275,0.9896480848570612,0.8024511485432098,0.6248878029343526,0.534158326190216,0.3523107700677741,0.25867973077035017,0.1762127920378965
11090,15,1.1015159809497865e-05,2.861185073852539,5.799438122798348,1.7787317564349778,1.0333128729416192,0.9553244976815319,1.0658501340620479,0.9024730941944228,0.8374163475269801,0.6497293557563669,0.5235096894730162,0.4140629208170129,0.3021403622122715,0.21427556467166206,0.1464613675853339
11100,15,1.1015159809497865e-05,2.377656936645508,7.83677053244286,2.5763588175980354,1.383774910026124,1.3270550441959457,1.4401357095375593,1.258719873408871,1.1899167006876221,0.9900761840327719,0.7962813688953563,0.6313575008795038,0.43850473857460637,0.2847269000238116,0.2026225930923839
11110,15,1.1015159809497865e-05,1.905660629272461,7.060592476908379,2.652349938232151,1.5786132438611287,1.4435729535717767,1.4408576948322485,1.3164371942741901,1.2887054955392203,1.029700912244051,0.8065762295871268,0.6305540369113177,0.4660039427469518,0.3351229900576904,0.22120375650487267
11120,15,1.1015159809497865e-05,1.5976810455322266,7.044452323112947,2.3078212717031987,1.1773385387167008,1.098389022865354,1.1907667011888259,1.051521020671628,0.9596674278724207,0.7688210830302018,0.6200132645353422,0.49489091066301705,0.36834017917636847,0.25872539814898093,0.18627746958429295
11130,15,1.1015159809497865e-05,3.2692060470581055,7.2061614477374665,2.381360229533693,1.262016921834102,1.191036994499537,1.264699102297267,1.0716117571031922,0.9709299384661011,0.787091518094458,0.5808050627144357,0.4970291908837172,0.3524067676489764,0.23891222183902855,0.18935962840217188
11140,15,1.1015159809497865e-05,1.1625823974609375,7.804558915192287,2.340149382035554,1.2321024146187127,1.176138310292908,1.2133054786974018,1.1209458463745996,0.9902526538388479,0.8013842187146998,0.6140834271389375,0.5051496277181113,0.32919071740267086,0.2506294543190698,0.18473206736344178
11150,15,1.1015159809497865e-05,2.0032074451446533,6.446253382374485,2.2265277426395165,1.2532647303184932,1.2849911227948354,1.3661872037809086,1.2388746659518335,1.1975790238548925,0.9131009151000411,0.7235366455484318,0.5595223781020855,0.37387437566166065,0.28918318980373764,0.19232078801476132
11160,15,1.1015159809497865e-05,2.7372734546661377,7.476038605743813,2.3692404186466365,1.2951330260619918,1.2621806869441532,1.3538166296051832,1.1580335397699622,1.1282667331460972,0.8937933820982787,0.684969444232446,0.545092573354786,0.3747456448538306,0.2831628840087812,0.20949485629283474
11170,15,1.1015159809497865e-05,1.883551836013794,7.749409884296366,2.5646390849308904,1.422373516791638,1.4129864147933122,1.4689354794291642,1.3443814216420191,1.3169483918073555,1.0786907412612927,0.7711519457434256,0.5879873851656006,0.4454373274802377,0.3164331738672787,0.22355671313319475
11180,15,1.1015159809497865e-05,1.8708232641220093,7.584695515241765,2.3873196398968917,1.381713819920842,1.2985955713810846,1.413876892456502,1.2279387238740969,1.1099975553645287,0.8670788484412028,0.6522230870104351,0.5023169053766017,0.3722566253718529,0.24583722718227285,0.18047990707081005
11190,15,1.1015159809497865e-05,1.9537913799285889,12.90568022116525,4.050248434731352,1.9190778813906937,1.7402662581087647,1.7176545445344562,1.604958998349659,1.4901706090672033,1.1799081671377014,0.844437961265777,0.714870593037113,0.45973223759776316,0.34797096553279266,0.21479959768281703
11200,15,1.1015159809497865e-05,1.839767575263977,7.651628426425324,2.695506030812883,1.626884603080632,1.5123437396880701,1.6441948446195829,1.3774252654035601,1.3749545928509566,1.0429620462488016,0.825670730352377,0.6668776496314817,0.4468443335586576,0.3042500560023807,0.2003098789338921
11210,15,1.1015159809497865e-05,2.850709915161133,7.087093562585972,2.270631254298908,1.3011392134604487,1.2668728159298488,1.3429160687597947,1.2381847301598174,1.1263927362862092,0.9876739679356508,0.7178710112943357,0.5803026428461292,0.3919451570824577,0.2783578694081022,0.2167911509865258
11220,15,1.1015159809497865e-05,3.2190608978271484,6.492971198083527,2.391180631200949,1.2827488236878257,1.2364684069071223,1.3356459174405595,1.171253487363339,1.075970854232204,0.8654198078422451,0.7098775133463984,0.571199899051203,0.4241745304254184,0.2922405022004968,0.18491317554233686
11230,15,1.1015159809497865e-05,2.216169834136963,6.974448069457066,2.3829213447925843,1.3504804764425096,1.2593213560998393,1.37955012996764,1.2796339186069272,1.1415814446843835,0.9327788473470021,0.7588180086904702,0.572029129548143,0.3990468021893495,0.3323992903660294,0.21806797905621988
11240,15,1.1015159809497865e-05,3.0319571495056152,8.501487654765587,2.7624672013743568,1.4752202233647878,1.378343025706272,1.4010450837831205,1.2686863297329216,1.229476390250263,0.9663587883292633,0.8022322214017561,0.6485280598202519,0.4395704675098813,0.30136020737834385,0.1982301261249549
11250,15,1.1015159809497865e-05,1.784705638885498,7.737384597140761,2.559905171895874,1.3932886363611605,1.3286794280320495,1.4076834674781065,1.2202695793948413,1.0874201077696213,0.9481232016902349,0.7491513727525577,0.602690561328968,0.43051017823703186,0.27927517341283004,0.19623848231782498
11260,15,1.1015159809497865e-05,2.364872455596924,8.491480060212579,2.84814028783144,1.6230083621602296,1.4700208456844743,1.6391002919056712,1.4755395579670427,1.324262110943879,1.1817689721371574,0.7931107750580099,0.6269635739808458,0.4253945638013245,0.3145455396411085,0.2051421315353376
11270,16,1.0839815089942719e-05,2.528811454772949,7.223203561098997,2.527099294871369,1.3402839798382884,1.2149085422343746,1.3079286224743816,1.1286588801988207,1.0558709356451166,0.8157453945802335,0.6614285977797371,0.5279102611152038,0.3188090114889504,0.2740164422930571,0.18395685286718733
11280,16,1.0839815089942719e-05,2.3522799015045166,8.128865179345615,2.8192356948065354,1.396926443364939,1.313882640681044,1.3737918219072494,1.1997402550545488,1.1510149896941726,0.8738089924403006,0.6985975605199224,0.5711725737135586,0.3891705200332055,0.25338886848316294,0.18952635181740174
11290,16,1.0839815089942719e-05,2.493586301803589,7.59841053669457,2.438322857602604,1.4306741482620031,1.3568162105263128,1.4164815835696185,1.2325812999814623,1.1876833751430564,0.9500448944832506,0.7019335931023329,0.5792275469590437,0.3971308979304953,0.2779011947742557,0.1901767906583391
11300,16,1.0839815089942719e-05,1.7621185779571533,7.212012634191143,2.573426614039068,1.3759839906189115,1.322313187396509,1.367696245131293,1.2651743120900638,1.2231995425778588,1.0088343921049656,0.7970286939158095,0.5936839935124596,0.40755005662110216,0.2862885968267296,0.19536050074651468
11310,16,1.0839815089942719e-05,2.4682517051696777,8.665791202385327,2.6256949590937113,1.4802055914486232,1.3129840396267836,1.42386747124843,1.229280140106471,1.2268379918998478,0.984141091920731,0.7390050582447557,0.5740548256826041,0.4298575430050526,0.2877008794977048,0.2070621796711396
11320,16,1.0839815089942719e-05,2.2077527046203613,7.808131055934612,2.956923362502799,1.5390751012250552,1.4122314210770215,1.5153813019108544,1.309682123251307,1.2314586181369893,0.9641265360116851,0.738756266408741,0.6043185814295408,0.38046139543021196,0.29121921128369826,0.2090066473021104
11330,16,1.0839815089942719e-05,2.3752903938293457,8.256503235843311,2.924450604864694,1.6359074909394566,1.512013209505202,1.6078154220397525,1.353753202154142,1.2631719519092894,1.0323848355117653,0.8028676883445485,0.6358012073557597,0.47889229550402224,0.31384798148632764,0.25019244745356034
11340,16,1.0839815089942719e-05,2.397655963897705,7.145848955347844,2.4161699919124144,1.3342959967158647,1.2866477097195876,1.3336842712585921,1.1755307871187044,1.1383773583622905,0.8559419750540144,0.6679030090995659,0.5244444199276863,0.3753193604493128,0.2539163841921086,0.16898033066943274
11350,16,1.0839815089942719e-05,2.799433708190918,7.157974268334145,2.3950340190234414,1.3020106606493609,1.2047415718912176,1.3262776313907185,1.1337298669453582,1.0770149709798924,0.8798039501685083,0.6778235255000414,0.5244566358243894,0.3773793670799848,0.26449141035682255,0.18541666174022742
11360,16,1.0839815089942719e-05,2.356334686279297,5.292633483404403,2.0083540058911558,1.0687429286174903,1.0245988615530692,1.1075350708265905,0.9528442934382048,0.9142384858076705,0.6909393634849293,0.5157838897781098,0.3993106355011291,0.3062018445635519,0.21030056159370153,0.15207482672193934
11370,16,1.0839815089942719e-05,2.948446750640869,7.7531885684064346,2.5740314852478523,1.4507689880610788,1.3751663345437468,1.4002575709077032,1.3083989702990402,1.207746885972269,0.8948899609164682,0.6880818586412331,0.5933669480283493,0.41658990193087286,0.29647971786439725,0.2237898673211671
11380,16,1.0839815089942719e-05,2.5645430088043213,6.792532992345699,2.3867489278615768,1.2709196620622827,1.2992897450495693,1.328180599626626,1.1914172691378924,1.089169648272101,0.8788975948745356,0.6660556566076697,0.560036302429405,0.37818512081920125,0.2561862439296663,0.18368411115255748
11390,16,1.0839815089942719e-05,2.4849095344543457,8.286979507266276,2.603655295415585,1.4044402337854316,1.3893034799676471,1.3589288081226185,1.246918308323087,1.1645926213220748,0.9877104551360482,0.7264901234680454,0.5637148138184594,0.4075067389720658,0.27831817293011357,0.1887191438170991
11400,16,1.0839815089942719e-05,1.7634068727493286,7.54006766335201,2.7134640679699524,1.5634293004958906,1.483036074086636,1.4939322365255758,1.309531648249643,1.2403245403971053,0.9208250079471598,0.7551489601861997,0.629870816945241,0.4175969362579985,0.2939648516943801,0.2150856966503909
11410,16,1.0839815089942719e-05,3.0660228729248047,7.345760285599719,2.4630941655355003,1.4473122730472292,1.3107954199667757,1.4323004135583621,1.1900885740780283,1.1511498464167977,0.8691692047479932,0.6683590792033935,0.5761475568840729,0.36978446705606066,0.2660366143369508,0.18604483136930927
11420,16,1.0839815089942719e-05,1.9355647563934326,6.329166494602424,2.266494912604954,1.269944252912942,1.1444721149432673,1.2064945083563414,1.0923471441343098,1.0275526070858838,0.8692571896874339,0.6279465291725379,0.5640072784480155,0.388998775754269,0.27336782167432017,0.19193777762760852
11430,16,1.0839815089942719e-05,2.15449857711792,7.139393058510435,2.2346331977628715,1.259532442731966,1.1741169622836876,1.2981311908216675,1.1658077920132963,1.1308671700304889,0.8563361665011407,0.677256540726352,0.576092594171444,0.38347875106070056,0.283745607367445,0.19035368278630516
11440,16,1.0839815089942719e-05,1.6515346765518188,6.261335947227754,1.9968500738722412,1.1422753563584718,1.1035945819515374,1.155538198780538,1.0149517949382971,0.9967696285140755,0.7899407842514494,0.6220070893622374,0.49901592438950876,0.345344500413692,0.23082782029856838,0.17062143035557753
11450,16,1.0839815089942719e-05,2.8707447052001953,6.702300730764141,2.4064213637831506,1.34617404760948,1.1951518040968814,1.297016775564959,1.1579772944051336,1.1049183717527746,0.8446582055668657,0.6824337188271772,0.5077029282650747,0.3811533006560907,0.2694558655345015,0.18368290714975294
11460,16,1.0839815089942719e-05,2.8018760681152344,7.744401324165541,2.723009257141998,1.546254833003116,1.4232747345021997,1.475997271889949,1.3755434802218833,1.3273724776684863,1.0508074684183633,0.7747051724435252,0.6934446017963444,0.4452696853493899,0.3182089958347948,0.23562835029929324
11470,16,1.0839815089942719e-05,3.214609384536743,7.611231533740038,2.3527934266878945,1.3704308507567542,1.2709762668876734,1.3650396021193598,1.2094165293661083,1.1786582622860764,1.0060889119254384,0.7051466282025856,0.5798804684126165,0.38827714670391344,0.30266844373751917,0.2249782795306272
11480,16,1.0839815089942719e-05,2.8083324432373047,6.472311027393054,2.4664152599557907,1.3362061722906575,1.275069001871303,1.3461883974119522,1.1856855733269662,1.1805752190751968,0.8903911464284264,0.699747413364996,0.5680176157428412,0.41831653480889136,0.31532852986124354,0.2089074806102772
11490,16,1.0839815089942719e-05,2.10671067237854,8.633549750752572,3.3721343325973683,1.7292839944051237,1.4602225198287637,1.650876741847205,1.4625305346074406,1.3509425733242812,1.0452872147751946,0.8397285047511767,0.6791231342853782,0.47449145296939726,0.3407574835413544,0.2424356055394668
11500,16,1.0839815089942719e-05,1.5125133991241455,7.775542666412338,2.3747284956422554,1.2445155052932657,1.1672864449806961,1.2684625160874732,1.1204334919589771,1.0947543661052916,0.8282861209847413,0.6179627383454711,0.47862917836992397,0.35242582328332533,0.24971947840609582,0.18787048324741926
11510,16,1.0839815089942719e-05,2.361339569091797,7.747955986611171,2.590098403089866,1.4331679989740473,1.3556835224876738,1.4923527268252297,1.334434993063581,1.2345219669091958,1.0384056531532473,0.7381785861113535,0.595693825601276,0.39478559992175133,0.3013006372611695,0.2132110959012877
11520,16,1.0839815089942719e-05,3.047692060470581,7.4698311906587245,2.511392435179622,1.4100809819371254,1.3359322480492715,1.4924995249980801,1.2979018156651874,1.2203674615584628,0.9182920591139787,0.7409586797187925,0.607727232833694,0.4438437962013385,0.30059898525207607,0.21319803595224418
11530,16,1.0839815089942719e-05,2.30418062210083,6.531499376626611,2.4294144916994833,1.2590752761352715,1.1330278944338203,1.224143035373533,1.0877785893182776,1.0004976584507972,0.8521285545205811,0.6350765548403678,0.49917835049473386,0.3834407612772985,0.24509301331475852,0.1894361931350177
11540,16,1.0839815089942719e-05,2.119959592819214,7.436626550029565,2.9013616434803153,1.6255691708332065,1.465218149260981,1.5703614431205755,1.3905631831679746,1.2948838308326478,1.0439765945031891,0.7884371758374268,0.610788546897737,0.4302620878896818,0.3011122638902372,0.1979240437824207
11550,16,1.0839815089942719e-05,1.93112313747406,7.874903083115155,2.7055503940349412,1.5009614066143384,1.4273274382116319,1.493077826142044,1.3197608967228338,1.195493266695473,0.9668566885029533,0.7730456970321916,0.6298344988415677,0.39853969359379704,0.33521502768236283,0.2130496082509228
11560,16,1.0839815089942719e-05,2.4230265617370605,6.799334749183228,2.3186268789715556,1.26360431929817,1.1967823951782675,1.2962185435623679,1.153632651222995,1.0871468607423072,0.8252758957556632,0.6448721078691872,0.5257060068478546,0.36737701281811164,0.2695337534711874,0.1763274433886919
11570,16,1.0839815089942719e-05,1.1926021575927734,6.68029657903616,2.5756827973357774,1.4576882362572836,1.341856208832291,1.4199242853171434,1.225125174329276,1.1666035767074043,0.8920650970720201,0.6664169477112774,0.4963003678628787,0.3804121290761984,0.2694260146446615,0.18916020180296736
11580,16,1.0839815089942719e-05,1.5329244136810303,8.200486312328167,2.6572635802314264,1.5712797734276118,1.4963349073555812,1.574707387528638,1.3051337608822202,1.1822118084676543,0.9386513307383342,0.7389095238995537,0.5895498574199839,0.42265359986269385,0.3102039964388396,0.22624347535031267
11590,16,1.0839815089942719e-05,2.7960762977600098,7.11441864848477,2.5105616284653514,1.2561917138715757,1.1647342058845094,1.2287974505426857,1.09062172009418,1.0719238867402598,0.8114381635186895,0.6623347414117519,0.5317185072500943,0.3806809007658201,0.27193492168505157,0.19604247713219924
11600,16,1.0839815089942719e-05,2.177755355834961,6.769487341388526,2.3766667070826353,1.2938202807572246,1.2293198033747852,1.3167282958018245,1.18745265941522,1.0889565824248302,0.8534915674096539,0.6455469009961329,0.5452932604854471,0.3668543720411514,0.2733153126677709,0.1760214209191627
11610,16,1.0839815089942719e-05,2.3629486560821533,6.408601324862869,2.145371363911803,1.2029858275266703,1.1260757516846889,1.2322012713713322,1.1141167401927021,1.0605399162446618,0.8243506874038778,0.6481547403415238,0.5257949951567973,0.3423819083410994,0.25249282111508137,0.17372183326912316
11620,16,1.0839815089942719e-05,2.435772657394409,5.938742034715046,2.1542705844358294,1.2078704517133039,1.147392416668413,1.2277631243616862,1.0662035848022409,1.0104581243814617,0.8255656322522668,0.6185658582748201,0.5242052137471208,0.36417891172933814,0.2422761885712397,0.17845207289093304
11630,16,1.0839815089942719e-05,0.9588509798049927,6.919362671299413,2.7673803391631657,1.4686414272758848,1.4199114484327104,1.48033036138226,1.309302177456962,1.262632747508522,1.0020509958322166,0.7568631794952718,0.5927232578146927,0.4262925928529391,0.3047077217986844,0.2257342887756827
11640,16,1.0839815089942719e-05,1.942908763885498,6.008442131390017,2.143544881359428,1.1650195883306815,1.0472028929469759,1.1115931384703037,0.9898468356163918,0.9735996357772333,0.775699085112632,0.5602083957196794,0.5001584104984255,0.3459834761806064,0.23578755770434237,0.17103739993863726
11650,16,1.0839815089942719e-05,2.6153926849365234,7.314437087724627,2.442881677965574,1.3860184019613235,1.27638244827282,1.3788010787645932,1.2081518566776983,1.1864553214662101,0.8963944041970292,0.6841243392734749,0.5689859350353523,0.4003912079393618,0.3048081410926494,0.2061028622021327
11660,16,1.0839815089942719e-05,2.3153977394104004,10.178745852125404,3.2654971795264793,1.5511314452879985,1.4584689965922093,1.5605936747985631,1.3824939721875573,1.3659919154582325,1.044119164047937,0.821943902250444,0.7011363951327916,0.4364824534366319,0.31897438283914403,0.19830963280378974
11670,16,1.0839815089942719e-05,1.8906760215759277,9.875799831333765,3.5296055563312123,1.8394912444169964,1.7665349824947076,1.805443697547792,1.6474011160335245,1.494433261888065,1.2299165744013754,0.8917306990966878,0.727482563123558,0.5076102025406597,0.368595051779006,0.2394407389420378
11680,16,1.0839815089942719e-05,2.304931879043579,6.43557069160563,2.4264345512632515,1.2569048107019343,1.1420589213131904,1.1804537756689704,1.060806099141875,1.011291194000901,0.7987968973395281,0.6397299148915977,0.5208733030163202,0.338515024014288,0.27182739431190894,0.19506088516649783
11690,16,1.0839815089942719e-05,1.6284868717193604,6.88289655444872,2.465820317079525,1.3198236899378384,1.2767154895866073,1.357572679206557,1.2061612898827274,1.122356498986411,0.8650879988385262,0.6593273338063388,0.5056776030979863,0.3762070663330538,0.27543225545997857,0.19358812868144562
11700,16,1.0839815089942719e-05,2.1809911727905273,7.242271504368552,2.459000509685325,1.3696039776394886,1.3475676537024366,1.3788379289950363,1.251698251633215,1.1575632677377796,0.9195346240547501,0.7013738362699251,0.5422513247656028,0.4110743787663011,0.29691023966020175,0.20177377575943578
11710,16,1.0839815089942719e-05,2.5816760063171387,7.035398448719077,2.4105908664311078,1.3636813528773184,1.2771494239168388,1.3796915607384872,1.1603435780195197,1.1186821621176348,0.8859846713804037,0.5902872876161591,0.4913847887700344,0.3383883109506391,0.2416256172784789,0.16811459021783942
11720,16,1.0839815089942719e-05,1.6401104927062988,6.024483829672863,2.096246638729424,1.1850129199819108,1.1797171865388736,1.2054620834444454,1.0688176667556566,1.1042522131039827,0.8891024681212798,0.624408809125725,0.5083281561360508,0.3421566367519744,0.2223299012007206,0.1843071087366745
11730,16,1.0839815089942719e-05,1.9599089622497559,6.336984650816357,2.356595378841335,1.3156371582923392,1.2463786783792565,1.3235497947857005,1.1857530099678728,1.0884720233064595,0.8587106156228057,0.6652059733553435,0.5678695954381873,0.3779041506385826,0.2828915795838022,0.19790109165721415
11740,16,1.0839815089942719e-05,2.5620694160461426,6.936676506496835,2.3245726733525722,1.3144853204132787,1.243470362977937,1.2569446014020176,1.1851987020256571,1.1802762658903818,0.9069546296243588,0.6722340669035018,0.5150071965244367,0.3725145443387324,0.25547501684016,0.1739362732906344
11750,16,1.0839815089942719e-05,2.926314353942871,7.735767962369479,2.6127206911758623,1.481242272730425,1.375018810597695,1.5502791964302172,1.355646304794633,1.298776471820165,1.0017058090244007,0.7720757150759552,0.6873010047369548,0.4431271352512975,0.3174803001353638,0.22764730616045586
11760,16,1.0839815089942719e-05,2.202610969543457,6.735861296632473,2.249509500633274,1.2926323951903043,1.2677642476407425,1.3296856214183865,1.199533193171337,1.1242158978333587,0.8732039600352233,0.6918752239919355,0.5786280605296269,0.40976712746719457,0.2654266603104705,0.19734776447377853
11770,16,1.0839815089942719e-05,2.462292432785034,8.711184363350624,3.0640153869700337,1.6259822974411746,1.5057131379920836,1.5668144588057669,1.4312788778613663,1.39240612085927,1.1264562013533919,0.8709401155949587,0.7071135684120758,0.46404726338012214,0.313732783742127,0.22920758370370478
11780,16,1.0839815089942719e-05,2.9369688034057617,8.670651674324253,2.8968620324178938,1.5504026824321209,1.4320260486146401,1.5795480131170414,1.4016770721363094,1.3611448821420156,0.9963535379336328,0.7910647384982353,0.5972339234712339,0.48703811373204525,0.3308750006714702,0.2384250607181702
11790,16,1.0839815089942719e-05,3.0684173107147217,7.1546590368508225,2.5089462042152832,1.4455056727520708,1.3424893820892618,1.42985821002017,1.233327632912933,1.195756007271802,0.9380408368325267,0.7169322256889297,0.5580300984697432,0.416811490186356,0.26910653494901116,0.20251344867041063
11800,16,1.0839815089942719e-05,2.827336311340332,7.522665152579652,2.496095237294017,1.4098540554851573,1.3098812143140126,1.4267143768408193,1.304898024298651,1.2244364970644177,1.0106391346411903,0.7455455121954987,0.6346756935316739,0.43344545340852797,0.32674210211588145,0.22979327830433294
11810,16,1.0839815089942719e-05,3.343864917755127,6.08551724372228,1.9917838535819643,1.1398466758923542,1.1076148040274048,1.2057954602162768,1.037876345709551,1.04153903527432,0.8104433053845848,0.664701855693753,0.5605135949943687,0.3902562335818946,0.2899995689996093,0.21357620130929353
11820,16,1.0839815089942719e-05,2.4294028282165527,7.433342281246143,2.5513022636864546,1.4796332060377433,1.3972722750645612,1.545416337531204,1.2691990989823292,1.1914424683584535,0.8995834352837676,0.6906921192609538,0.5826940890553133,0.3956027556817539,0.2895499106426945,0.19177109761868197
11830,16,1.0839815089942719e-05,1.7754013538360596,8.11055181462507,2.924200426383773,1.6281556812204026,1.543575341294378,1.6456173622435186,1.5233952974547504,1.393909288840834,1.0520624666497078,0.8169243860136965,0.6294410557763364,0.44841652399889426,0.3017736631065173,0.19788118894485415
11840,16,1.0839815089942719e-05,2.1144018173217773,8.267052621283272,3.033118112415389,1.7067470869999837,1.5874112298591183,1.5937594249200646,1.4755384720116207,1.516746175951532,1.1562356340083315,0.8578552870035204,0.6695021487107662,0.49364909115921546,0.3230794286234953,0.23493756479873085
11850,16,1.0839815089942719e-05,2.6174564361572266,7.456079609616901,2.607404342926836,1.5100377409046615,1.3157362901200593,1.4702934109256436,1.3281160811977664,1.158390509106423,0.8688351160858769,0.7681245192054267,0.591857750022145,0.43751765906628387,0.2925750269555908,0.21942533429306044
11860,16,1.0839815089942719e-05,3.1325533390045166,8.13303648164729,2.8317259877415886,1.6252469595094887,1.491760956373198,1.5867674629647943,1.4375151822796985,1.278577298675194,1.0418180705572833,0.7914001016772073,0.6444158896660573,0.40608582247545416,0.3061418100223047,0.2002527402869831
11870,16,1.0839815089942719e-05,2.019951820373535,6.0645264867316,2.072148615366721,1.18029940186171,1.131386468497967,1.1636476304596353,1.0406140114755638,1.001085385012922,0.7466043778576,0.5442772691917646,0.4855822321760547,0.3378605762636851,0.25742101965694614,0.18740450992545662
11880,16,1.0839815089942719e-05,2.1711935997009277,6.467195823942078,2.425218643913132,1.3573636357889163,1.2853195353153246,1.3994057194262424,1.264747471181249,1.1897537679942551,0.9184037226802356,0.6579249794666461,0.5468457462291504,0.37863829160329193,0.2481001840533058,0.1961910637451388
11890,16,1.0839815089942719e-05,2.309375286102295,7.024589584814466,2.685049268679807,1.5002014321299983,1.4164871917844353,1.4836267800931435,1.324717667176118,1.2287963643687991,0.9615510955343338,0.7732209081152779,0.668484097398722,0.46354170728732796,0.3484949834487558,0.23230636635208946
11900,16,1.0839815089942719e-05,2.4093165397644043,6.745584066655651,2.5767187730748153,1.371060908084198,1.3130467640737546,1.3649697041890823,1.2242239721792545,1.124030149721612,0.9483240297315984,0.7247498633052437,0.5871977667325852,0.4266470920655447,0.3359576949118491,0.21800643478358392
11910,16,1.0839815089942719e-05,3.1052346229553223,7.254024581455978,2.294882432295576,1.2390587603417251,1.2291315006202437,1.318920460464488,1.152574824962826,1.1635222141423398,0.8740919691578379,0.5825011616319631,0.5330606716044018,0.37876944382360245,0.282592470361236,0.19542225326301113
11920,16,1.0839815089942719e-05,2.727168321609497,8.05330509653269,2.9014382901349975,1.4433148633252484,1.3065564068699376,1.4190094681478698,1.234165767617911,1.1792686015625806,0.9419127133261713,0.6884311438055061,0.5528701408333492,0.3846205437074174,0.2765098530982122,0.1851594546941139
11930,16,1.0839815089942719e-05,2.36798095703125,7.431570984514799,2.497027904927004,1.3634475622616218,1.262014204003413,1.409567229811629,1.2245792050291862,1.1690259822876938,0.9015884566224146,0.690077228159653,0.5406876235624595,0.4116222485220864,0.258505251673127,0.18449041281063344
11940,16,1.0839815089942719e-05,1.65595281124115,7.424172425003973,2.61006929257604,1.4596204541470381,1.3646418827895386,1.5344419469006405,1.3323682485856403,1.1947734378140804,0.8720357119347012,0.78128664453255,0.5909989526388012,0.4058612168818882,0.2917886280073486,0.1870177268318357
11950,16,1.0839815089942719e-05,2.755218744277954,10.47794369746554,3.3722566619632777,1.8419270751326735,1.6577929680608026,1.8589362093918358,1.6043309463671354,1.529274961191537,1.2477833362535178,0.8763581857562747,0.6791947485583323,0.46443311480249416,0.3370800057325894,0.24030309927463925
11960,16,1.0839815089942719e-05,2.1945648193359375,7.13151300569185,2.517967868314597,1.4539635749629727,1.3322250586908286,1.415319408848914,1.2151505130498979,1.1169276969885071,0.9228282808922567,0.7022747646207664,0.5883319915608407,0.42006740324245406,0.2911569740527092,0.20900626310686082
11970,17,1.0650116857024638e-05,2.893573760986328,7.798672392676082,3.0159722694786923,1.7034800262248004,1.5756989148952225,1.682709692075065,1.412453012250608,1.3741972493567554,1.009755496655881,0.8076982802327283,0.6543064760479623,0.461173917759427,0.3464382745958512,0.22949283223191586
11980,17,1.0650116857024638e-05,1.9172751903533936,6.828144464776135,2.384481030743298,1.36887623576096,1.268991128001908,1.3991248138378878,1.2258039768295288,1.10732882605908,0.9312910182887473,0.7215803871033285,0.5769679082791074,0.38985212325515983,0.29573957554967417,0.18942980655531577
11990,17,1.0650116857024638e-05,2.6446595191955566,8.914742755101008,2.930206850485613,1.5886742490686678,1.5187108324680547,1.5915319672461572,1.435013810189426,1.4177693098649509,1.084210851756703,0.8687581797562741,0.6722822144030987,0.4353055726734093,0.34144021797588214,0.22422255591686016
12000,17,1.0650116857024638e-05,1.88730788230896,7.08309907706958,2.2948572882228078,1.3993997500122624,1.3578144245796302,1.4328894338005977,1.2648864297546205,1.2148910830356765,0.9306843946778101,0.6908496726156069,0.5726972277555471,0.4246320045812564,0.3044134041534813,0.2258398654667822
12010,17,1.0650116857024638e-05,2.568784713745117,6.9392772269080805,2.4632470477714232,1.3697302150997186,1.280971784262974,1.353753224082738,1.1566850045411816,1.0707768571106868,0.8215109231203462,0.6580375576919663,0.5529322703519508,0.3733837281148887,0.26399585169062967,0.17312316006739434
12020,17,1.0650116857024638e-05,2.0231502056121826,7.57012547435327,2.5935367160834377,1.395052842233847,1.3853303022550258,1.4450995839161758,1.2313892164214015,1.1021409669931261,0.9890910278510934,0.7639069091849039,0.6014917558612732,0.38624253546909143,0.27780825401570164,0.21811104382899266
12030,17,1.0650116857024638e-05,2.619532346725464,7.967679460519977,2.59025951017922,1.400614770529128,1.3247880169425794,1.3610711297895062,1.1821275288919684,1.0561784935243423,0.8832574583933728,0.6636295370325641,0.5269640379956883,0.3725979220050969,0.25886605917135075,0.16972575420214106
12040,17,1.0650116857024638e-05,2.002293825149536,8.67230802637597,2.739350073390293,1.607655687849316,1.5850854294163153,1.6696206161119789,1.4813796080611228,1.3863576222687042,1.1016157846494132,0.9175875338808329,0.7221737964809598,0.4851113194241631,0.3151609981979275,0.22778098428257906
12050,17,1.0650116857024638e-05,2.1630096435546875,6.6377640417343144,2.354690813677255,1.2872784761525569,1.1770562148993409,1.2642604090254774,1.0947374091623403,1.103778039201787,0.8807159724431176,0.6793401336798061,0.5062130220401843,0.39872439412128097,0.27547432720152104,0.19247946589545903
12060,17,1.0650116857024638e-05,2.2044169902801514,7.069395503696475,2.303794952056387,1.251060947814558,1.2080163727952737,1.2506530763613002,1.0703018699944977,1.0727126341500943,0.8666255367886836,0.6772214738392535,0.5208000374517071,0.41498853147963893,0.26591408847709974,0.17795721947243032
12070,17,1.0650116857024638e-05,2.7448556423187256,7.687610424136961,2.4160111319644515,1.339348711298095,1.2802368615943185,1.3823794108123357,1.238036898378536,1.1828947748877345,0.9637088324053137,0.6920566936772958,0.5631806720923914,0.4044678442251601,0.3027855725838296,0.20401693530656903
12080,17,1.0650116857024638e-05,2.002943992614746,7.823883376224502,2.9324452433540946,1.569321526610788,1.4647393835359952,1.5308921916356326,1.4356510372916482,1.386851048066678,1.0326764280462526,0.8481637826369034,0.6632773211998051,0.4738659641473948,0.3272945875421684,0.23916061908576428
12090,17,1.0650116857024638e-05,3.071082592010498,10.950118291819441,4.007669473430438,2.1491494069457695,1.9831418429212235,1.9920688288477504,1.8099146640829127,1.726015450351907,1.3451187321646902,1.0523508475988193,0.8248504468281277,0.5913567016746555,0.415668256466646,0.28805593047918704
12100,17,1.0650116857024638e-05,2.063704490661621,7.030877474021633,2.6023234641958415,1.4909855335217637,1.4119342580203298,1.4490602709597407,1.3245823640818122,1.2325743514172869,0.94991776077008,0.7442282259019611,0.5764609948522847,0.3968333776475398,0.2858554468510809,0.20171427155350455
12110,17,1.0650116857024638e-05,3.300165891647339,7.671805378512043,2.8694246103104217,1.4547200361367445,1.3451819338598,1.4600520264036956,1.3538128544680126,1.2690399124545177,1.0242621293208054,0.7324200707055756,0.61541282152319,0.38775056579841277,0.2688329819103307,0.19510564277879064
12120,17,1.0650116857024638e-05,2.7701640129089355,7.016651030475392,2.516870183314074,1.3645734491615724,1.2557837150992168,1.346142002756824,1.1550165698084622,1.132011709288741,0.9534056760534485,0.6899854623147197,0.551077393065276,0.38051351529903393,0.277763617055968,0.18873758060041998
12130,17,1.0650116857024638e-05,2.805854320526123,7.202946593799852,2.663345255132302,1.346646195367615,1.2103102919702753,1.3609794778004447,1.187085791355451,1.0497998426292314,0.8733114863062157,0.6428283659718521,0.5256128675491274,0.3748800460952455,0.27284941870407664,0.1784041668540521
12140,17,1.0650116857024638e-05,2.333301544189453,7.215695350661727,2.51389823273601,1.3694242201647324,1.3456246311361346,1.4282599582039457,1.2652566217633026,1.2575830900947291,0.9061914360625222,0.7140068302357956,0.5238396090598701,0.3699450586277251,0.26378230385959894,0.18074992482834137
12150,17,1.0650116857024638e-05,2.4616851806640625,8.667850849235515,3.129430379671897,1.598960199015063,1.5420971819426605,1.5765128158208486,1.484977409664543,1.3608689767748658,1.025531403444198,0.8510753952398912,0.6267393749134028,0.46563717444753266,0.3281890640159814,0.22012485474573543
12160,17,1.0650116857024638e-05,2.0803322792053223,7.539350714148084,2.6336786462165716,1.4931099934811713,1.4097699459866007,1.4826002581813542,1.3009525128178336,1.2649727343873034,1.0274247315810472,0.801818384884148,0.6303973854234188,0.4489974581077735,0.3134430405571478,0.20558120158842674
12170,17,1.0650116857024638e-05,2.202638864517212,5.050459740356288,1.82105078114839,0.9992047598012409,0.9481141923583251,1.015676152406624,0.8952636038912432,0.8354513002419307,0.6773815772358595,0.5501272206332164,0.4294233231019,0.32424424503587806,0.22806861946949283,0.1543562252611506
12180,17,1.0650116857024638e-05,1.874560832977295,8.92661018547938,3.0288330417988845,1.6208813734643923,1.5250327139950481,1.593269488085989,1.401347824226245,1.3025633218525037,1.0220794948817467,0.8094849822104528,0.6516191227032848,0.45945380212541936,0.3355828915705874,0.20679972910792715
12190,17,1.0650116857024638e-05,2.0417227745056152,7.643422583711951,2.7607472349250775,1.5730202209417157,1.444689834987058,1.4864140439827906,1.3759109636557754,1.2548432612146723,0.9743896284988941,0.8221867556450475,0.6224146378672115,0.4389361859008155,0.30502444503049336,0.19827007333256721
12200,17,1.0650116857024638e-05,2.413529396057129,7.6676739990090335,2.6532602460235997,1.410424209624381,1.4396566990035162,1.4902216482993933,1.3078310958368855,1.309359841509098,0.9735093908539724,0.8039566496099694,0.6451629616526974,0.4446023059694418,0.3077454238228575,0.21908374670155248
12210,17,1.0650116857024638e-05,2.771338701248169,7.839125213340917,2.8081717032909443,1.5992023688330175,1.4903334926265983,1.629274141924268,1.3878047198950059,1.329183415309742,1.0310788668130666,0.8337301008954698,0.61497354029294,0.46862939421045946,0.32713643701894074,0.2386580007343383
12220,17,1.0650116857024638e-05,2.6133642196655273,6.660908899255978,2.3542525744624574,1.3017145873480087,1.2037708236190068,1.2675394415118806,1.122038860039484,1.042818556507067,0.8274382876714946,0.6464932577361269,0.47664973311631786,0.3804837519959671,0.3109075557321659,0.19321024025021585
12230,17,1.0650116857024638e-05,3.2312612533569336,7.247866353573923,2.3325527612203913,1.2975256012387102,1.183565189293168,1.2379937910973082,1.1166340760621751,1.0800976423470745,0.8330311948625999,0.6724016336348944,0.5502821957793272,0.3805303109779175,0.2800798602384826,0.20400095017114192
12240,17,1.0650116857024638e-05,1.6098862886428833,7.226283749852942,2.505079842602099,1.3840176692199584,1.3083118602601502,1.3227867355044856,1.1734916739190657,1.116044046626071,0.9191019557299512,0.6871618291879065,0.5904621839222758,0.3949752193421568,0.2790904689492325,0.2090190170500499
12250,17,1.0650116857024638e-05,2.835646152496338,6.503959455262756,2.4756743971126527,1.41144954313755,1.2840398721858663,1.3502526970072757,1.1845588582549231,1.1575793460290253,0.9428019557845965,0.7276375335700764,0.5258875228692595,0.3890446177578157,0.2759837844433656,0.19583405354278696
12260,17,1.0650116857024638e-05,2.255248785018921,7.336647506021146,2.80692074443151,1.489584530028088,1.4184122532360557,1.5075072902982312,1.3246279608133213,1.1692893473623718,0.9333471833864085,0.72117969901279,0.5645417706608914,0.40819940025417506,0.26451130889140084,0.18573227701583445
12270,17,1.0650116857024638e-05,2.747732162475586,6.514113332094955,2.2596698535230932,1.3461086826224742,1.2162573860609134,1.3607231642276734,1.1657642523306564,1.0517737429797287,0.8787087851635723,0.6709445184308442,0.4826977446414211,0.4103904792652135,0.25588253565268504,0.18099232281610025
12280,17,1.0650116857024638e-05,2.5083796977996826,6.075522231345889,2.2085307650832835,1.2489894045317689,1.1875510375370653,1.2504152724824462,1.0979973599054766,1.05715484644441,0.837228944835083,0.6141799705230734,0.5086847797076571,0.36328356731344497,0.25905535492380205,0.17968390128291942
12290,17,1.0650116857024638e-05,2.6215569972991943,6.697081044760278,2.3052158274398655,1.213538581815935,1.144107618120152,1.1971402496670744,1.0873392653252019,0.9816886198158399,0.908813253571449,0.6839175668758629,0.5530835517273397,0.3970666999248034,0.2750630730629307,0.18657149792932318
12300,17,1.0650116857024638e-05,1.8853414058685303,9.008061973775067,3.1799146041120876,1.80467721042858,1.712417094671829,1.7825406289005468,1.551487015698536,1.5019165842148072,1.1548094655153798,0.8859189838305663,0.6900078928292172,0.47202073754738577,0.31966002861467985,0.21772488717036365
12310,17,1.0650116857024638e-05,2.664213180541992,7.730886190042669,2.7245907574469603,1.5062099227080044,1.4201223682260995,1.502954336432725,1.3632517044345038,1.2605072328489355,0.9498564320016728,0.7222463979974199,0.6007054552209041,0.40955900033262266,0.30315086487458015,0.20032422576105158
12320,17,1.0650116857024638e-05,3.4823355674743652,6.658122209904108,2.3876171789422775,1.3034063999725545,1.237616213380435,1.3121847309973698,1.1708246162992877,1.121221349559268,0.8708224522599491,0.6643979904171778,0.5332420139204701,0.36668104777224014,0.23644015973289617,0.18087183211916516
12330,17,1.0650116857024638e-05,2.375136375427246,5.166490522802371,1.833870404211998,1.0067114418313257,0.9814330154064901,1.0355674297579125,0.9405491467463784,0.8836114394722775,0.7335461280630472,0.5638714883891845,0.47566127709316947,0.3150563636141155,0.24356575465554564,0.15726803168879136
12340,17,1.0650116857024638e-05,1.918311357498169,6.264171553211836,2.2330721526178223,1.2424619763835443,1.114959345494218,1.1900351932263522,1.040076486253933,0.9501595307690285,0.8156753160186374,0.6393012535911405,0.47221663861172963,0.364761597545113,0.24544318700590778,0.17003602605413218
12350,17,1.0650116857024638e-05,2.541215419769287,10.71899541753705,3.2681091823080277,1.8072432817374524,1.766952133702454,1.8421995939045037,1.667018747634904,1.5666243339921664,1.2622447072102334,0.9565554754965505,0.8028007144581628,0.5416817596946563,0.38785183320324085,0.24689554977231423
12360,17,1.0650116857024638e-05,2.4034481048583984,7.7465127252969035,2.8729014281850915,1.6478217883820836,1.5515738451189136,1.6952335064517934,1.4890690634670138,1.3456975270070606,1.0940398482388898,0.8458334951992076,0.7095592749095427,0.4774139256093571,0.3168676883231299,0.2529002935679881
12370,17,1.0650116857024638e-05,1.5563068389892578,6.444195189504916,2.286237136128165,1.310394598182313,1.2497615289410469,1.3209820212515075,1.1594630554005023,1.1234835695899505,0.8493080154666289,0.7258309720186955,0.5590440062116362,0.3504947585023773,0.23946967290981222,0.16105764553876556
12380,17,1.0650116857024638e-05,2.865478754043579,6.970456401186942,2.2998439148804164,1.2619679804524209,1.16423851618477,1.2263769334054457,1.0750050921495171,1.0993060511276458,0.853133544538556,0.6435218711067915,0.5185269192915212,0.37189322272297004,0.2546682171991599,0.20288910833592733
12390,17,1.0650116857024638e-05,2.2548389434814453,8.297416074436832,2.6687170701602043,1.5338565670462105,1.3920660179117004,1.5657549115038265,1.3815811862595406,1.290559928259777,0.9824745380840927,0.7529315505390489,0.6418971375317067,0.4493140390430623,0.2986498968823727,0.22072691146873757
12400,17,1.0650116857024638e-05,2.527345895767212,6.2853414683348205,2.201916636442608,1.2347939569339195,1.1454197404314768,1.2138715664434743,1.1158016182892028,1.0464455154947907,0.8060416874069465,0.6052311300675742,0.5231684110794872,0.3653930937964481,0.2497266236594667,0.18929510588371112
12410,17,1.0650116857024638e-05,1.8570797443389893,5.204421230722524,1.9154155455113226,1.0873634436632396,1.0061054982838329,1.093555653470608,0.9535414321177321,0.9284965067917157,0.7139638375636168,0.5427729711174495,0.424645363999789,0.3033639209354931,0.22712922757350693,0.15856732685191155
12420,17,1.0650116857024638e-05,1.489902377128601,8.286786529595068,2.433220418215275,1.4151941144807154,1.3683720840626667,1.4260158071741251,1.2343484663228812,1.1731486675718565,0.9165261276369329,0.7013424500973222,0.5927220849535827,0.40857543255497425,0.2963662435066599,0.20344598295197538
12430,17,1.0650116857024638e-05,2.639096975326538,7.56869308893436,2.7060379294011114,1.586552333796105,1.4328905017068072,1.512014969019392,1.323705663443341,1.2980488523561273,1.0083914017970994,0.7840396792043435,0.6321076146005634,0.4375938564837879,0.32069608498256097,0.22582774428501962
12440,17,1.0650116857024638e-05,2.3587534427642822,6.983469440812902,2.458502088916367,1.3644501986963324,1.2390396305474929,1.269142208506749,1.0956494140018938,1.0789630281382532,0.8799345236659534,0.6735291738648125,0.5038043877120254,0.3629556999885659,0.2848371430324866,0.196684743668133
12450,17,1.0650116857024638e-05,1.9116740226745605,7.422492816444752,2.4442822874086576,1.409012092135641,1.3130757769779244,1.4001787253669549,1.2112502478932088,1.154682622459549,0.8997340587018742,0.6840454402733105,0.570185090223295,0.4055203310894864,0.27431146942580775,0.19718549159354748
12460,17,1.0650116857024638e-05,1.9713711738586426,9.037173869082082,2.7740256954479166,1.4782151044525542,1.3787447865284754,1.405449563779966,1.2748741976854603,1.2450507866343485,0.9271673615857079,0.7577824022731222,0.6061666286668809,0.42840642966983866,0.2796604917185091,0.21228518019864204
12470,17,1.0650116857024638e-05,2.554372549057007,7.705378401320384,2.441682369413061,1.408881036252245,1.307516340854186,1.3627171253350239,1.2518295588919166,1.17133859868841,0.9192256591544624,0.7170197007826082,0.5513122953827954,0.41678301799656114,0.3039543679731281,0.22088666779413435
12480,17,1.0650116857024638e-05,2.9964075088500977,8.539653210847531,2.8303917530010856,1.5615091184528551,1.4109628375559968,1.5257381626641873,1.4527826660232057,1.3878731245188818,1.0870549817863377,0.8721214020208226,0.7040964406050568,0.4992587809047041,0.35761816009567815,0.23607547793934167
12490,17,1.0650116857024638e-05,2.0832486152648926,7.2575134920287105,2.6277936916205618,1.5014551212220857,1.3667655633487585,1.4488455186237161,1.2682924445340964,1.207802092246833,0.9600537847223234,0.7486346774641107,0.585154271333581,0.42585302410425296,0.2930345564872209,0.19990883874399173
12500,17,1.0650116857024638e-05,2.6558732986450195,6.92693386642171,2.4701589639343196,1.2993975014831212,1.2470917049229537,1.26082638122422,1.1314228829268966,1.1346750288892316,0.8737796622052645,0.6681282224107913,0.524402835079794,0.35806504669219663,0.28801212561087314,0.1919413740820036
12510,17,1.0650116857024638e-05,2.8549840450286865,6.461538101970366,2.3521713317162596,1.26037655899644,1.2106479790648774,1.2583863929274326,1.1353833528264097,1.1222706967447555,0.8701018248358076,0.6559007627602984,0.5116501805884014,0.3809491914365634,0.26268462043959023,0.18704609532680838
12520,17,1.0650116857024638e-05,2.949268102645874,7.004107011237544,2.333025859345656,1.2921336274143527,1.2411085027614268,1.34895759456899,1.1787025257336272,1.0800525936603254,0.8383779901274978,0.657517299750959,0.5398235296480537,0.3393563929530636,0.2738879389865984,0.18456167707014903
12530,17,1.0650116857024638e-05,3.0709426403045654,5.878337719014343,2.16323345228398,1.1903602360880337,1.0819162436655712,1.1351222303253603,0.9712286353797084,0.9425376708028212,0.7530564080425742,0.5662002168966133,0.4724681986480732,0.3404110910650914,0.23681295531562996,0.16591091278239609
12540,17,1.0650116857024638e-05,2.849785327911377,7.128820121665244,2.1586767924116548,1.2722376395483566,1.1604243235554874,1.1974178527683519,1.0777291465068723,0.9930289815769612,0.7537737795753242,0.620854408303835,0.4786177942554841,0.3620131380126772,0.2583013612467671,0.17024563815026475
12550,17,1.0650116857024638e-05,1.8253173828125,7.378177204896798,2.710856296999366,1.5075571540076316,1.3864533821082363,1.587692066911223,1.3733404484435021,1.301395518746352,0.9967649296153078,0.7653718265372318,0.6293396750031099,0.43448278042507815,0.31557329315235144,0.21698542888104325
12560,17,1.0650116857024638e-05,1.448744297027588,7.776947226621323,2.6772792557513716,1.4614290230779128,1.3822333566623792,1.4883201771709964,1.2703815124557134,1.2282779287563672,0.8941008801112414,0.7136307630348534,0.5929910311458739,0.417780148232811,0.26882025163570067,0.18451237920904848
12570,17,1.0650116857024638e-05,1.9169483184814453,6.77058852209971,2.4976322601823777,1.4011740494304237,1.3288009024822756,1.4433853146437916,1.2830582183349557,1.1952403796615554,0.9410328203394019,0.7506919120795198,0.5954389804245037,0.43078801463630334,0.2920669576849185,0.19199172590130123
12580,17,1.0650116857024638e-05,2.967665195465088,7.707506841287192,2.4373345971106426,1.3984129599239161,1.2839413692348152,1.3608898734015415,1.2180790909784707,1.1522682793349164,0.9217697345156957,0.6961197451187994,0.5852549353051861,0.41624114001531926,0.27902932357097676,0.200520203766348
12590,17,1.0650116857024638e-05,2.08955454826355,8.713680049429154,2.9388238648076674,1.7414921106744572,1.5981514026509858,1.6419351151734973,1.4096439290234901,1.3279105869108776,1.1400531857088454,0.8450022207793099,0.668983429079283,0.4740203427128869,0.3376702084743541,0.23377818750504986
12600,17,1.0650116857024638e-05,2.028059482574463,6.829539914826229,2.507986150501507,1.3977733752688883,1.2343217894943652,1.3684828182579574,1.2303569393078395,1.065413151726563,0.9290705438888996,0.7505301009644731,0.5904321489005184,0.3932946529346299,0.27024713384628035,0.19221004507853556
12610,17,1.0650116857024638e-05,1.72091543674469,7.1919607078324255,2.5824117698895117,1.456756472025685,1.3768762506380294,1.4760552941243927,1.282975659899497,1.2062140030646138,0.9602152351543686,0.7394287910718639,0.5487352243788992,0.4018003822797817,0.305448661170259,0.2015167730633293
12620,17,1.0650116857024638e-05,2.4758129119873047,6.3702483310743325,2.319303178028845,1.3887477055047632,1.345926234567774,1.4544822415613958,1.3158814359589495,1.1714959777326988,0.9032923784318595,0.6568154284945482,0.5759564625982547,0.3529863811626079,0.27843390565391135,0.20047877837302036
12630,17,1.0650116857024638e-05,2.124319314956665,8.152318055022418,3.0167730428132993,1.590357357751827,1.4010483638270699,1.5064127729459595,1.3144502249274954,1.1910147918385945,0.9534210837420737,0.695730398596202,0.6155982318095544,0.42063899501110913,0.26462982166243176,0.236713215762684
12640,17,1.0650116857024638e-05,1.8812681436538696,5.725566303638852,1.8815976697987993,1.0707422330482024,1.034475869956625,1.1682209687641274,1.0346922148562425,1.023790737204699,0.7858630718649005,0.5735845776677179,0.46456963914283794,0.3241840477790453,0.24614771680552483,0.17112237701643154
12650,17,1.0650116857024638e-05,2.909605026245117,8.056702599959273,3.1745392632102836,1.60755519334718,1.506817271492621,1.5754744522548232,1.3758782080636307,1.3331826759604568,1.0141194280260917,0.8168679000360007,0.6771814194128492,0.4846218949748326,0.3122752021258738,0.2596254710677969
12660,17,1.0650116857024638e-05,2.08560848236084,8.602129268488072,3.036863241483297,1.6682040659390398,1.560495798951503,1.6592375878414412,1.4898213951360475,1.3702385184067258,1.103458341260545,0.8532124376553536,0.687403643365855,0.4783225950609968,0.3397287022542962,0.24636415126655647
12670,17,1.0650116857024638e-05,2.592682361602783,6.577527219238432,2.2562152564092433,1.274843121735677,1.1971983559018546,1.2283026939111874,1.0405990429822427,1.0407162488453394,0.8530767802334741,0.6813008026561805,0.5663394957431049,0.41613252493587777,0.2904261713386653,0.2069116452259744
12680,18,1.044668386695019e-05,0.9849567413330078,8.267129405303578,3.1104261620770104,1.7363676947083801,1.6587154245546663,1.7051389350253292,1.5900223392464754,1.4053611984673116,1.2348850074586168,0.9020522585976941,0.7297166390931932,0.5020328904649991,0.36094818534952106,0.24880760915922429
12690,18,1.044668386695019e-05,2.8017337322235107,6.305464202112563,2.2301847640937504,1.2199155927401504,1.1224390713889412,1.1433085189661243,1.016515449422447,0.9894314239780178,0.7881350934205669,0.5937746595249686,0.4835899844263981,0.33631393701895645,0.23559806214844553,0.1731480415151238
12700,18,1.044668386695019e-05,2.523590326309204,6.365793934817495,2.3972468981242856,1.2971770069854698,1.2334164259373546,1.2973304949161342,1.1549502023182976,1.070578013509063,0.8518118950426726,0.6342052061606339,0.5187816178012682,0.33465546742408414,0.25120295261554243,0.17565841113694305
12710,18,1.044668386695019e-05,2.2822012901306152,7.038863802592775,2.45242480515671,1.3767499562032028,1.212531358400777,1.3554311057086665,1.1554272755745847,1.1014996235484846,0.8887941824457942,0.7068917309869188,0.5432766984046613,0.4287087663121547,0.2866021889537079,0.19407052419386508
12720,18,1.044668386695019e-05,2.608489990234375,5.1147884065009235,1.8852046977513344,0.9954889161239427,0.9408986297051757,1.0174018218827838,0.9222010972910348,0.9231576338204067,0.7148758895656134,0.5394857438485275,0.4402324477358521,0.3047091338195519,0.2234568216465163,0.16222897246893872
12730,18,1.044668386695019e-05,2.770801067352295,7.540867206956654,2.501499026594067,1.4219645012534643,1.3344574180490925,1.4113780710957107,1.2531970099022305,1.2660707651039114,0.9376791394139338,0.7384900441361227,0.6133417638689541,0.3946176347782447,0.2863084934157749,0.20105936752681336
12740,18,1.044668386695019e-05,2.733398914337158,6.044628504153391,2.0490859198652207,1.1861726793815837,1.1501344463246357,1.2350909982649885,1.078892547160683,1.0254810177109355,0.7527321997227167,0.6214645084707574,0.514613791996479,0.3622340115683944,0.27658859667627445,0.18465037820210886
12750,18,1.044668386695019e-05,3.1398048400878906,8.524843287908581,2.8478146284539094,1.5894831217388061,1.4784754201559196,1.518909120901081,1.2946800098025133,1.2990990540128484,1.0259549813396784,0.7319154858218093,0.6198747095993864,0.40806740692569393,0.3132897687965125,0.21686376066828714
12760,18,1.044668386695019e-05,1.8014960289001465,6.12843320401549,2.110579565710744,1.1752085878058807,1.1498088943217137,1.2602096880421962,1.1259025717584592,1.0630142023149636,0.7798773470185413,0.6337140735321063,0.5239343247916639,0.3539146984626176,0.24864317563238503,0.17788236900449836
12770,18,1.044668386695019e-05,2.2266221046447754,8.816212178137688,2.8920002585739346,1.6481163233698761,1.5243730987434063,1.6046563637948856,1.4077367024104843,1.438938582860784,1.1269839306637075,0.8241576024278726,0.6527797023041909,0.44080679014185437,0.322451555976591,0.23693860281161414
12780,18,1.044668386695019e-05,1.7274386882781982,8.837639619073547,2.7957725859920304,1.48101900076311,1.4005952714066556,1.4513098123842785,1.2766450178922042,1.263046441477098,0.9843152311136211,0.7361944098580271,0.605456990069636,0.41755888163995863,0.30062584974747314,0.20958211136488292
12790,18,1.044668386695019e-05,2.8106632232666016,5.869464310613456,2.0639088282593905,1.2645083285149024,1.1873131143167284,1.1922836678040687,1.082531306934446,0.9988596074738327,0.8294277892745697,0.5954039304277405,0.5016833605395051,0.3501769445386784,0.2729178867804614,0.18480243163560475
12800,18,1.044668386695019e-05,2.0363495349884033,7.99083135327086,2.757912530504109,1.5007799494996237,1.3910669921905856,1.5130229824054011,1.3181104823229255,1.2357274835335619,0.970118807844975,0.7919949538746144,0.670206807856681,0.43151399307018395,0.3313488301559536,0.22161595009957033
12810,18,1.044668386695019e-05,2.6784493923187256,7.978807946302002,2.550698310271655,1.3964229066802982,1.283421287737219,1.3854961057052795,1.2982400527955993,1.197136569941163,0.9925853864485652,0.7348008200021016,0.6277760307466007,0.4244278246142519,0.33643262273284114,0.23011052949951757
12820,18,1.044668386695019e-05,1.824073314666748,9.089422686795704,3.072657580698033,1.6120164783191964,1.486164444765859,1.6181705002384725,1.399390991932765,1.3890331367893454,1.0000775739278893,0.8088982682634503,0.6599298669430423,0.4497636207990668,0.32351319419661234,0.22184708414140997
12830,18,1.044668386695019e-05,2.6561241149902344,6.523733845110915,2.079947876972929,1.1619958114207445,1.166655463107197,1.251053040796666,1.1234407485639843,1.1034580676781327,0.8441317024864339,0.6117769605938765,0.5388358163595685,0.3789679084605825,0.27504264694357144,0.20854297400606853
12840,18,1.044668386695019e-05,1.783588171005249,7.454252647205099,2.695082088764294,1.5446515429846084,1.3783118624865347,1.5067759989896221,1.4171139745813042,1.2680000113409544,1.0486628332831993,0.7694700482135979,0.6359873550744469,0.4403997482447409,0.31665630036233966,0.20965753948915175
12850,18,1.044668386695019e-05,2.88020396232605,6.566464247495111,2.2855616899502893,1.2362252831952973,1.212639537503954,1.2801679426845969,1.0958333725718177,1.0684975664461491,0.8324952612570128,0.6820109885346917,0.5112235994749068,0.3872932372403453,0.2564982411862642,0.1725770021043276
12860,18,1.044668386695019e-05,1.5653057098388672,7.773934628171053,2.6194365676101,1.4418232051509725,1.3622362891966924,1.4965311305069597,1.3219106715700781,1.2807161551310333,1.0164218255095276,0.8017284964522365,0.6094335424771475,0.4208197211988724,0.3011259627958303,0.2050522754707426
12870,18,1.044668386695019e-05,2.2228801250457764,6.362016211940362,2.2528391106341257,1.2267858396730997,1.1253041316116172,1.2632713060473857,1.0945731842854345,1.027066445797085,0.8150838038317298,0.6235390599686087,0.48069531016480405,0.3499376492775481,0.24340459657636523,0.1688816589384746
12880,18,1.044668386695019e-05,2.7977256774902344,6.883868209500419,2.4210058742314247,1.3817041739922447,1.2760884511495432,1.4296544420227597,1.2836223414718944,1.2158374666555953,0.9902161923156736,0.7197792652142827,0.560735550344945,0.4152000799833949,0.2775301578046618,0.19827628408593737
12890,18,1.044668386695019e-05,2.9791054725646973,6.506588578535831,2.3817652453850036,1.2710376887534964,1.2046820071740079,1.2446060771109304,1.0970853500736748,1.0783445997492216,0.8314896388726992,0.673431634908314,0.5508008598399423,0.36858718185950107,0.26532216847607504,0.1876120918728446
12900,18,1.044668386695019e-05,1.5644598007202148,7.733528110356954,2.6814762730815622,1.4776473660794829,1.3896665143234939,1.5399085627494098,1.3239075939668954,1.2315285346584002,0.9661911256732363,0.7219349549081562,0.5781819215276549,0.4151837606497058,0.28449357885003346,0.19001218121231034
12910,18,1.044668386695019e-05,2.1787819862365723,8.367328098306059,2.7950457774915702,1.5735097301679835,1.5274450150487966,1.5099996211213071,1.4048176432233555,1.4109539740335748,1.1292759500105736,0.9287645114110897,0.6994419118367347,0.5243598238527071,0.3497661807896222,0.24808605846844642
12920,18,1.044668386695019e-05,3.1489787101745605,8.3242791736502,3.0272512614634843,1.6301845365507244,1.5940645254282837,1.6139649828462523,1.4027181265062747,1.3713027116758472,1.0678390253223153,0.8043186676117566,0.6155241174469961,0.4752802282197561,0.34354108480885104,0.22773773587907167
12930,18,1.044668386695019e-05,2.0177273750305176,6.893127779018538,2.6173293956412986,1.405084648686713,1.3229687511372188,1.3923813584861957,1.2797541741492775,1.1818522469962673,0.9111766624158821,0.7019440592408321,0.6186758373014469,0.4112567065796648,0.3025617644020903,0.2073484360851466
12940,18,1.044668386695019e-05,1.9284851551055908,7.245754573059793,2.7674173082054114,1.5877449039822005,1.4488222974522846,1.488978703347488,1.329887598060693,1.2637337980334054,0.9191555980844186,0.736753332050151,0.5751404649911627,0.39689893317890446,0.25582238793241696,0.1877316238621185
12950,18,1.044668386695019e-05,3.00779390335083,6.155661230420405,2.3615243902305854,1.2099042011831784,1.0952261881585166,1.1598489387626845,1.026575224737118,1.016634977740391,0.7926055235852808,0.6054526209004797,0.4917042670251519,0.3656225373109442,0.2681001092618939,0.19052466381879504
12960,18,1.044668386695019e-05,2.6131303310394287,6.574337177563864,2.219184401970718,1.2422508214094443,1.2082723825436452,1.2747201317712575,1.145644239763506,1.0715964325935992,0.8438704067782473,0.6772981487358458,0.5714917431917049,0.36634927526398936,0.2859350881127123,0.18581568085794367
12970,18,1.044668386695019e-05,2.935789108276367,8.24063843184262,2.6699455361296276,1.4633351816818179,1.3908228739078536,1.4214120120252212,1.2754309576524598,1.260865079801197,1.0149653573033188,0.7267818105616448,0.6162717870358942,0.43376059539514433,0.33555947085131865,0.22851997481610548
12980,18,1.044668386695019e-05,2.7267069816589355,7.16499828513419,2.2992561996821803,1.2939957352026692,1.2450296890728931,1.2832734423788161,1.2003358467261476,1.1013976459465424,0.8586788203397756,0.6710994190120273,0.5479199102979447,0.3785249670139482,0.26516110526545,0.19217400338842078
12990,18,1.044668386695019e-05,3.08491849899292,9.035436068993075,2.7627067555357097,1.5538573502542758,1.4829917035637163,1.5999040813945375,1.4247176613459482,1.2759358936556735,1.0831270972574198,0.854009871038754,0.6792935847888627,0.43842591335290004,0.31972230245913674,0.1948053163122482
13000,18,1.044668386695019e-05,2.625574827194214,7.19604619625221,2.4723369241677253,1.4335226085889843,1.3216404883199926,1.433722231656936,1.25623398972991,1.2341656729842085,0.9687146288720103,0.7259413988651904,0.5870617736588173,0.39103950751687017,0.2811701634780031,0.17721444983860993
13010,18,1.044668386695019e-05,2.979482650756836,6.975409474047244,2.6440761649825233,1.4474268530889953,1.4254186669527527,1.4901185486357151,1.3500236554327096,1.3330167978808327,1.0009974604844207,0.8510690790991425,0.666669116213948,0.44212705679799913,0.31022319452041697,0.2090944695900491
13020,18,1.044668386695019e-05,2.567835569381714,6.549791014025712,2.2657797670633277,1.2781347297800019,1.218701086625477,1.3185447923643276,1.1539219754595222,1.0894939521279838,0.8177039769051655,0.6469752047765218,0.49079480335488623,0.3802080242220889,0.2838087835295606,0.1745951969356204
13030,18,1.044668386695019e-05,2.4567136764526367,7.053491651443025,2.566113849380624,1.4684211037222,1.2909566488245514,1.4214148312862878,1.2679885468589047,1.23895698269693,0.8726332756325353,0.7306522069822159,0.5912629222527679,0.3725164743355372,0.28934105595978005,0.20964059973569496
13040,18,1.044668386695019e-05,2.4754929542541504,8.466811735976648,2.9009587432003063,1.7451863505153815,1.63767351653222,1.8240451003224138,1.5403119078838199,1.4099310854361415,1.0418603150091554,0.8263540971977934,0.6316070031167046,0.49988146340806094,0.3375682353981438,0.2277963476222172
13050,18,1.044668386695019e-05,2.424523115158081,7.4728046088869515,2.3489829860256357,1.2812397941517792,1.3105460565018336,1.441416422893969,1.1825664942873682,1.0819374020884371,0.8308536308256019,0.6427832322658398,0.5665242842025443,0.39255266493816543,0.2820131533583179,0.1989041899236816
13060,18,1.044668386695019e-05,1.3877942562103271,7.425128612657093,2.632641842502048,1.5243171799371096,1.4291488047125087,1.4152925497645974,1.3331145301154352,1.252521943733856,1.0158857117700324,0.7656070278672746,0.6243871391759627,0.4313360143787076,0.2872009784657704,0.19991075097778618
13070,18,1.044668386695019e-05,2.6996822357177734,6.345315470577327,2.275195060369115,1.1002851275196963,1.002654737389185,1.0375231085812449,0.9320784628698884,0.8652081995875913,0.6780724039431983,0.5227955357903238,0.43372642505785874,0.2876134007869405,0.21502640864916361,0.15653941966241922
13080,18,1.044668386695019e-05,1.5446274280548096,6.664490450243553,2.1953604543958476,1.2395646600863668,1.1881935640078867,1.2903003949298504,1.1172915413151168,1.078340747328345,0.8387721419543609,0.6468297374569132,0.5348823954880665,0.3578702620578445,0.2493708437887546,0.1730344459964953
13090,18,1.044668386695019e-05,2.1687164306640625,7.606817425928635,2.6390144288061275,1.4113089515675115,1.2552432903421147,1.4153735048694076,1.2117571258687851,1.1444183869182234,0.8714317091470023,0.7378098681398929,0.5898144690650702,0.3870385477153668,0.2940572379282047,0.2027097130612071
13100,18,1.044668386695019e-05,3.0903563499450684,8.057978034089638,3.174645493931654,1.7749461456545212,1.5850712919701946,1.777860571676184,1.4990717189892877,1.4579004335130346,1.1353688925658578,0.8329101545923353,0.7087420476484296,0.44332486604269256,0.33516713879369064,0.21927443142374595
13110,18,1.044668386695019e-05,2.8495101928710938,8.373019013667665,2.8238129512005776,1.4894306919426228,1.351922390236298,1.394652251988175,1.2888891465108576,1.2219215360890556,0.9236056841340026,0.7462082365116478,0.6147638730459494,0.4380546956114396,0.29264388097088173,0.19436110742257218
13120,18,1.044668386695019e-05,2.2689523696899414,7.161562861843243,2.112218397776949,1.1985072657218516,1.1247199391949612,1.1854738289145517,1.0383596765736949,1.041603771629312,0.7736396235323524,0.5987389032441264,0.5120683022730339,0.35733520917167677,0.24400111907610963,0.16804528882047712
13130,18,1.044668386695019e-05,1.8868803977966309,6.547654120715024,2.208739626258643,1.1671368075136341,1.119570434542214,1.1827503220044295,1.0685171637436985,1.0115573630610697,0.784295620481435,0.5916953896487593,0.4872433105744945,0.34843606063871885,0.23798454873543953,0.1589416139294976
13140,18,1.044668386695019e-05,2.5800113677978516,6.2237970217332546,2.0354429553745925,1.1719573029286534,1.112857234222899,1.2183867710348584,1.0958964139820542,1.0271600061036437,0.7434259975312829,0.6119379863132086,0.4917776777877949,0.35810799201239757,0.2431510087735567,0.1669042418048817
13150,18,1.044668386695019e-05,2.0853841304779053,7.683746072153571,2.6667181745600663,1.580722213913583,1.4919584417220628,1.5792457202586934,1.4640501506749848,1.3582246948753967,1.1182211149488432,0.7887474216217991,0.6595531810467954,0.4728072552351937,0.3137325896546686,0.20759255816914676
13160,18,1.044668386695019e-05,2.3468589782714844,8.714984494157362,2.9575033196376856,1.6558789303079449,1.5528045507421175,1.6223054912885067,1.451764801995021,1.4555093870820606,1.0559098644739653,0.8654907700010047,0.7028797225692032,0.5112192500699478,0.35599144949770806,0.22105252546173768
13170,18,1.044668386695019e-05,2.8005359172821045,6.393845667171023,2.190878903880193,1.2498357086392808,1.2171792552294072,1.3342956698829507,1.1849552528778222,1.1399232728399518,0.8920378043554432,0.6583885802921683,0.5414466565062652,0.3750389876376513,0.27496851951734674,0.19960775254801333
13180,18,1.044668386695019e-05,2.509732246398926,11.30134681920733,3.704139222528277,1.8606908191639844,1.648959157042271,1.8067286992191396,1.5239786703924882,1.3905039318468067,1.03420363032141,0.7427463134045137,0.6708969511129469,0.4766383642314458,0.3314747403073241,0.21315097466418864
13190,18,1.044668386695019e-05,1.1221134662628174,7.586484708110255,2.7177402036487415,1.4359904000035728,1.3747980059131655,1.5118923908057667,1.4035565506818324,1.255559712110391,1.0498042854873864,0.7715920464083932,0.6632978794277555,0.4343269737812126,0.3291632897126413,0.20411545019494173
13200,18,1.044668386695019e-05,2.590073585510254,7.5245575296949365,2.6814082641545998,1.4151955340174227,1.3028377804866282,1.4131048949040343,1.255179304783392,1.1987437403001524,0.9303547530572619,0.718787600998382,0.5990551169809115,0.41400780904305573,0.2813693898749783,0.19371524618054914
13210,18,1.044668386695019e-05,1.909975290298462,8.602193744984984,2.6342477434751763,1.465168222551773,1.4393695531822188,1.4838832626572405,1.294145521091314,1.2810458990639595,0.9554121139167064,0.703928741462888,0.5744333271003894,0.42022094796582743,0.27303836672915516,0.1827826013048085
13220,18,1.044668386695019e-05,1.8561373949050903,7.839555278670063,2.751812744464681,1.4788453652383244,1.294777160905791,1.503730389914771,1.2810989925920275,1.215272712021383,0.9106901170916291,0.7275124136953371,0.5979985133216802,0.4020444215439005,0.2970437177935422,0.2055815364375661
13230,18,1.044668386695019e-05,2.634617805480957,8.443643116055279,3.030858198495192,1.688797458720413,1.5478728961151302,1.5691399563179462,1.3737654531471828,1.3156312080453658,1.0106538618596466,0.7605810763628782,0.5916381709346958,0.43504385178648236,0.3063049425080653,0.20117522485803274
13240,18,1.044668386695019e-05,3.0952072143554688,5.769051740518745,1.9410118087427426,1.1170401286068594,1.0313236725052053,1.114462733244555,1.0137710647797173,0.9851178296182252,0.7979039340583681,0.6118547500947662,0.4553737110590613,0.3421355700469642,0.24867341917907412,0.16821984177575133
13250,18,1.044668386695019e-05,2.6899399757385254,8.062086366517779,2.780680611742546,1.5237292899780173,1.4463661934215801,1.5309076079978001,1.328061618918568,1.2708822771454198,1.0997445698474806,0.7865937046244112,0.637198606403194,0.4353031396312373,0.30670368871207776,0.19376102333826908
13260,18,1.044668386695019e-05,2.5845258235931396,7.689150490637814,2.732590106157128,1.5765546169994535,1.4821778326328265,1.5688332940063676,1.3956476545908165,1.3279738064477757,1.0580626108359235,0.7794163557500994,0.6720825330446817,0.4290925998495024,0.3225107985185973,0.23798971710768113
13270,18,1.044668386695019e-05,3.016688346862793,7.000951003128976,2.4364887269238586,1.3623882968345373,1.2988331597676965,1.326213753635332,1.272820501739117,1.2011713290479822,0.8856365445599685,0.6285793848955433,0.5498453964516229,0.39219146965593077,0.28669577577359,0.1932436958291615
13280,18,1.044668386695019e-05,2.4409327507019043,6.833624763137342,2.4427763882350453,1.3408166419037686,1.2957069626798916,1.3197062870917324,1.1818083667214527,1.09714463027261,0.9158671627798306,0.6746495612615206,0.5813193560302728,0.39065680379032247,0.25946088749689933,0.18392548739107334
13290,18,1.044668386695019e-05,2.160947799682617,6.4503975263467845,2.2597002308423817,1.2378425268216058,1.168273318555465,1.2293472363665872,1.110565413659794,1.0356373520620399,0.8201838721656731,0.6309967025679533,0.5063782880586735,0.3474551513359565,0.24183500011153888,0.16023188857952236
13300,18,1.044668386695019e-05,2.3331823348999023,6.256299835396265,2.4383880931845114,1.3287277272714917,1.1904507854258861,1.2519159805034676,1.1460722916155637,1.0555131531473547,0.8851727552572158,0.6140166565377461,0.4988150452082553,0.34676370024614367,0.24353758023738603,0.17243804941303192
13310,18,1.044668386695019e-05,1.9248929023742676,7.811055762537443,2.715847655462684,1.4426783238084941,1.3745053157352354,1.4806800463816263,1.3627384715030855,1.2599430911400806,0.9312674568251786,0.70818783815415,0.5714247255594652,0.38433888455151394,0.2678430174963964,0.17747980550529946
13320,18,1.044668386695019e-05,2.3648860454559326,6.415018173447398,2.0507911900083586,1.163645620322404,1.0903193421667545,1.1583864421171959,1.0548587288927613,1.0529506652109897,0.8165819504256899,0.6437839274581633,0.4939289708727276,0.3778267130605485,0.2628873341126141,0.1861058786634056
13330,18,1.044668386695019e-05,2.389995813369751,8.76150605432021,3.158899459873022,1.8693081381384742,1.6745704191964959,1.8143107516991654,1.67038717542617,1.5911831981761735,1.2050509159211682,0.9104606595553674,0.716439286646625,0.5050707129253725,0.37833846279903194,0.24675999593044495
13340,18,1.044668386695019e-05,1.7046499252319336,7.711227910889784,2.440592822130723,1.4060086347400547,1.2845585100455144,1.3598000078316856,1.183053358789051,1.1164009700816968,0.9109814689121424,0.7057045452236831,0.5933557858857972,0.40795190058147685,0.30245628045922635,0.22103081530547664
13350,18,1.044668386695019e-05,1.9425408840179443,7.145009052472637,2.6035010019900113,1.4743985458295281,1.3848354358950703,1.4684454648836893,1.2752340655940881,1.264575783817811,0.9682294850705895,0.7942577875700118,0.6361394858637962,0.4395076952189152,0.3164531519298824,0.2017658567881222
13360,18,1.044668386695019e-05,1.7003896236419678,7.2439573221096,2.3739314977434223,1.355578393140645,1.3133844808426787,1.4179443332314354,1.2712255859597898,1.196545513482233,0.9116877164983594,0.6852522929745319,0.5931412734070556,0.3846355878322838,0.29956657441907264,0.21847308973878637
13370,18,1.044668386695019e-05,2.592289924621582,6.314429517776991,2.405487390164175,1.312659631643313,1.1940159918627158,1.2773236910111918,1.1345613034525277,1.0520332506517356,0.8046992828080246,0.6180791595339812,0.49880868089146846,0.34610325810609816,0.23895564034767772,0.16087932237399424
13380,19,1.0230179675848991e-05,2.120713233947754,8.090523114617836,2.943733140875233,1.6155494802553838,1.5798494224828619,1.555505848405326,1.3238126533417076,1.2570765664815982,0.9739938826036258,0.7082303799266874,0.580924354846609,0.4172045766185971,0.2748195418905805,0.21124450382420168
13390,19,1.0230179675848991e-05,2.4862327575683594,6.011827931936143,2.225368841093773,1.246425986025417,1.137340793020333,1.227141464990414,1.1282342783591313,1.0100862295250683,0.7964897377103498,0.6362758997792257,0.5138739698362802,0.3439035361580127,0.25922580494000536,0.18283955604834157
13400,19,1.0230179675848991e-05,1.903273344039917,6.1385046865935085,2.478254595892427,1.3039758619126272,1.2660222089963555,1.2998111182027958,1.2104727151345642,0.9849723490510287,0.8822606632064055,0.6056185480203954,0.5171264942280526,0.3377177287649224,0.2737939180221751,0.18055706243578512
13410,19,1.0230179675848991e-05,3.065105438232422,8.413955425210235,2.8515394990055434,1.5320845395511458,1.5213186413032334,1.6310026754735285,1.462337912077872,1.393400384753226,1.0536334839070183,0.8038481579846743,0.6513184703026796,0.4501150987103608,0.3421696740798708,0.23143217230505111
13420,19,1.0230179675848991e-05,1.9284887313842773,8.081454981889811,2.7131809237386393,1.5419994314857357,1.4952308959907759,1.6043039650533402,1.4310597049861218,1.3398516580077031,1.0697745032404529,0.8001152404942315,0.6448940341521031,0.4685444178119854,0.3296673865957866,0.21597062548487955
13430,19,1.0230179675848991e-05,1.9094548225402832,7.8854160952067005,2.6909059679536953,1.6082461531622219,1.4973762590378896,1.6208611076887738,1.4329063766865828,1.3495332447610588,1.0588961665453804,0.8708402039301648,0.6950046645075324,0.5015357037547308,0.32259797533399037,0.23783161478507567
13440,19,1.0230179675848991e-05,2.132669448852539,6.549887504257543,2.195563157889124,1.2453656151767305,1.182869753448352,1.2559991579570677,1.0925629101542595,0.989763343145659,0.7917753141887481,0.6328858162439043,0.5117195032652297,0.3730492065904734,0.24700999280832664,0.19030236501485553
13450,19,1.0230179675848991e-05,1.0630358457565308,7.604730679501933,2.644232516933267,1.4927803684902798,1.3466024405608361,1.517399092790352,1.3507542279915858,1.2404500015308868,0.9919746105089865,0.802129655526013,0.6354406179498303,0.4389194220101024,0.31688266925882713,0.23293112105672217
13460,19,1.0230179675848991e-05,2.1204168796539307,7.3752436900504525,2.52427564070607,1.3882337123741848,1.3607147362333702,1.5070853441036096,1.3005944263865719,1.2613258035030899,0.9462245467305951,0.7561120241449795,0.6102823862570891,0.44036874364665585,0.2912990606275919,0.2108416614332921
13470,19,1.0230179675848991e-05,2.011876106262207,7.147399075388458,2.390222753748273,1.3516190006199849,1.2308995856435483,1.3306524413295626,1.185136438137971,1.0790996966167863,0.9152437779450155,0.663068272053305,0.5306112557416806,0.3742616230686432,0.2778257827483532,0.17657567077268063
13480,19,1.0230179675848991e-05,2.8295421600341797,7.551961405934805,2.4275087928873034,1.2992515257694572,1.2570617547202816,1.3237121838820667,1.1578314729028805,1.126008385942004,0.8708518462841484,0.6901345494538041,0.54342649114482,0.3893133397754539,0.26468519571326105,0.18931088951794275
13490,19,1.0230179675848991e-05,2.6986382007598877,8.516429192691858,2.3487965645924693,1.282909163134692,1.2656426512221712,1.322337601482378,1.1559323714356111,1.1133231058887307,0.8289125470962013,0.7018126736735569,0.5551731218712678,0.3786715272865394,0.2642847792739461,0.1821003587360731
13500,19,1.0230179675848991e-05,2.847646951675415,6.027113910562333,1.9973061170180808,1.086327962905253,1.0514310626123295,1.0972536954219805,1.037686110786303,0.9029579654936214,0.7574064805380762,0.5528172026905688,0.4441851954575768,0.2978111085812145,0.21572916151691446,0.15455427472972996
13510,19,1.0230179675848991e-05,2.2467384338378906,8.619745505559273,3.0584033138922155,1.7068618425678646,1.554379006295871,1.6945881147630997,1.490471797380451,1.2385109761100677,1.2731098533179657,0.8635323295753962,0.6727261128790217,0.45847334392874917,0.3094727630782353,0.2254480633148149
13520,19,1.0230179675848991e-05,3.136354923248291,11.089947792878604,3.652005609054503,1.9431166410710679,1.8992206903778337,2.0156871722591405,1.7822058096258762,1.6021121458996206,1.334763073720781,0.9746740237161333,0.7482336327333509,0.49648680517208404,0.36674020173166383,0.2491117996604759
13530,19,1.0230179675848991e-05,2.9159770011901855,5.8841482532756455,2.2218344096263976,1.2145857338855583,1.1667096074445948,1.2207150571955199,1.0513684475085494,1.0402552711126114,0.8426402884391523,0.6242466535019963,0.5269185289275311,0.35352610144676977,0.23093408372759108,0.15943887980361693
13540,19,1.0230179675848991e-05,2.2742621898651123,8.019373282119107,2.584491525713255,1.496979093521464,1.3762764726770085,1.5180528156016329,1.3208143132639483,1.2054376352824114,0.9729180241216856,0.7942426885769187,0.6179117990226088,0.46702647871234054,0.34114672203904084,0.2540638414526004
13550,19,1.0230179675848991e-05,2.4434149265289307,6.956819033442618,2.530805102066779,1.4400380102338972,1.3228702072031124,1.3982797592946659,1.199038704525739,1.1387408421947556,0.866626549389192,0.6113162727490516,0.5356623705293921,0.4269674358353716,0.30997865172370087,0.2337913398578351
13560,19,1.0230179675848991e-05,1.7353105545043945,8.491032043978587,2.62469058842261,1.4956067684537202,1.3801811258409191,1.498982275675722,1.284831541097851,1.2559651860751053,1.0191197354271735,0.745446530305994,0.6094992914141214,0.42390627868081404,0.3053768931465719,0.23535725293579904
13570,19,1.0230179675848991e-05,2.450418472290039,5.866564353700541,2.163111373114601,1.1897073987139433,1.087037789050623,1.126151210622284,0.9769368489224518,0.8970671652806652,0.7246527696223635,0.5866149870186973,0.44757584140542295,0.33491018481813234,0.2161397257560921,0.17544808209581952
13580,19,1.0230179675848991e-05,2.0440807342529297,10.239741507545459,3.7916807824962326,2.060027795168313,2.0250824674716994,2.1449215895055644,1.9458549845252406,1.8694329945717447,1.4032209520422867,1.0905131565363608,0.8725175337808152,0.5905362106106518,0.3970461065755969,0.27838821073089637
13590,19,1.0230179675848991e-05,2.162839651107788,7.350219260635101,2.6114410996941784,1.4737016332637527,1.3709923993812938,1.4821927745210264,1.3101850282281304,1.1783352207163784,1.0049872280628211,0.7266759192270424,0.6012678642557303,0.42452969713721145,0.2893590339844898,0.20354637178805152
13600,19,1.0230179675848991e-05,2.5164456367492676,7.227499483546505,2.8784381949767277,1.6290582932451505,1.4818475997223166,1.4811440702713012,1.3931749959038784,1.2601056061102391,0.9520912346865791,0.7241142408011488,0.6181232631572626,0.4583536450652135,0.309492784642338,0.20548754223388135
13610,19,1.0230179675848991e-05,2.7989611625671387,6.934793136037203,2.5515840407607895,1.3902479989732306,1.2433318908980915,1.2561859929094485,1.1640349867808746,1.1270593055757006,0.8867058330197811,0.6771891302529596,0.5542597661403744,0.3715701011124657,0.2843267441479795,0.20217370548270644
13620,19,1.0230179675848991e-05,3.142212390899658,6.572200922368274,2.3373595417445636,1.298037505423645,1.1871855596761673,1.3074795070769125,1.1308954438307142,1.0043508174055165,0.8271666670489778,0.7027265098021399,0.587165169943452,0.4036156215324134,0.28953220472960495,0.20157700580862978
13630,19,1.0230179675848991e-05,2.9825594425201416,7.014138783374833,2.3208216314768175,1.313162619368452,1.2215821681457892,1.296968383943054,1.1435779480905828,1.0573448502679195,0.9313857494541176,0.7310015531801438,0.5632396379308479,0.3952845986627525,0.29746924403816283,0.19922631477051345
13640,19,1.0230179675848991e-05,2.641664981842041,6.526869651599993,2.248714543885868,1.2259835495878069,1.1391438665647864,1.2002125836945274,1.077861672975355,1.0139534373080623,0.7828848414588838,0.6359852856434847,0.5041363414737595,0.3538172756378591,0.24462505251464933,0.16614215232579213
13650,19,1.0230179675848991e-05,2.2230424880981445,6.126456892455328,2.193393333594452,1.2947494684828498,1.2354021743821695,1.3351172242441118,1.1824090715556494,1.087966498063761,0.8431862114618035,0.6624813084968484,0.5404297480893459,0.366900619106379,0.256543646751513,0.17750591510992925
13660,19,1.0230179675848991e-05,2.873338222503662,7.466168199225973,2.7855221472706186,1.5293742080159873,1.3854233793270863,1.5578732767134107,1.4095466439831636,1.193797471838566,0.9984691201353005,0.7873897408775725,0.5929156804079345,0.45271969712536336,0.29480819273722936,0.21730227200397936
13670,19,1.0230179675848991e-05,2.7893924713134766,7.254137210717997,2.647820273881489,1.4371509100188138,1.3246239656515488,1.4415935098754646,1.2604421747848265,1.1760338496407234,0.9098067119755341,0.7351406930642825,0.6132935223003553,0.4201063293778022,0.298016869756481,0.20851385658210816
13680,19,1.0230179675848991e-05,3.4777283668518066,6.460281878060766,2.1639893290854975,1.1395247100430839,1.0314053492025608,1.1589518200467328,1.0424923196912979,0.9191603548879382,0.7172896127839489,0.5705686241889679,0.48431419498447753,0.3260930551394555,0.2346883172082057,0.16664669029617948
13690,19,1.0230179675848991e-05,1.4459080696105957,7.468386632452997,2.6065951333681046,1.554062394544122,1.4664978093581111,1.543561811810368,1.3373022683553375,1.2819124597775229,1.0434514488431026,0.7321739427475746,0.6168443194815691,0.4229440279641884,0.27489410761521427,0.17692813670046909
13700,19,1.0230179675848991e-05,1.6064294576644897,7.879359636712755,2.8512957847064775,1.659105605937993,1.53036932672971,1.623913037881075,1.4856825849184894,1.3617412701609704,1.0260983501171994,0.8501261346480135,0.7174785938952937,0.4861791597906855,0.3442773074352841,0.24007132734223263
13710,19,1.0230179675848991e-05,2.9085912704467773,6.713572731561797,2.459742136569163,1.387683582226968,1.335262475194263,1.3767959614943721,1.2842417288386887,1.2489032063369512,0.9551442730243475,0.6790429512410003,0.5595843956364718,0.4064381306445079,0.26129508615077973,0.20731991228144542
13720,19,1.0230179675848991e-05,2.1503777503967285,7.6734659074053635,2.5865363794052834,1.4676692597552536,1.3436677194198436,1.5222391571040794,1.3388103062226353,1.270546796970378,0.9297717351951352,0.7387939588722069,0.6219853988354147,0.4259549396542205,0.294949332648502,0.21588190627002218
13730,19,1.0230179675848991e-05,2.4057512283325195,8.737909287568256,2.808659884512457,1.5573625988997761,1.5933256269091862,1.6455720234901778,1.4719733689834495,1.4609124511026232,0.9812665807278086,0.8931061853948258,0.7554349235821387,0.5076014831239609,0.3451061283092281,0.23610165563172555
13740,19,1.0230179675848991e-05,3.2776694297790527,7.776023323944302,2.7008037682866055,1.5670600516085706,1.4814194344479215,1.576557943227921,1.4022734458044173,1.3720558106451062,1.1313674786338213,0.8371055952451771,0.7203802307563884,0.466687142927527,0.3408341786343792,0.2659799831918826
13750,19,1.0230179675848991e-05,1.7620106935501099,7.8757213860330015,2.7404460184011996,1.560099284069737,1.4110264422492613,1.5652033793934945,1.4010197642235682,1.274770014559594,1.0247709060721346,0.7671401055554373,0.62117497994404,0.45576665397796884,0.3074557325052421,0.2164827511448966
13760,19,1.0230179675848991e-05,2.583582878112793,6.796297042436935,2.4209596864846166,1.3569817510891249,1.2525954175065752,1.398210210600376,1.256865646104551,1.1669968931649914,0.9954785176127687,0.7267939651372709,0.634377930370351,0.4323343268003645,0.3023764848117684,0.21522766342283542
13770,19,1.0230179675848991e-05,3.1203625202178955,6.901776931184697,2.37068571488682,1.3542436833394738,1.2769101478090623,1.4227160800103633,1.2765184653388824,1.2221470203954246,0.9639216269474147,0.7383688666149498,0.5958706589227348,0.38721856062163784,0.3006369863203694,0.23020625512963697
13780,19,1.0230179675848991e-05,2.655318021774292,7.382618286154108,2.784825997782407,1.565831944395043,1.4447464309025044,1.5777896566341352,1.3989296161222904,1.154364079864982,1.0475915769834172,0.7811029682718192,0.6058860264068676,0.4270561652454909,0.28238739142899066,0.18848219033556435
13790,19,1.0230179675848991e-05,1.4910391569137573,7.7981931686506485,2.6871567454904337,1.5631904990194205,1.4574281237124675,1.6091514040271075,1.43513577952699,1.3196276512357399,1.045945632510161,0.8155489010401102,0.6864685992167844,0.4349088131366506,0.32431277282625276,0.23871279394086042
13800,19,1.0230179675848991e-05,2.738908052444458,9.715678851618433,3.1870899895636784,1.6922351496005779,1.550573047715631,1.5346668828186043,1.4974613220295947,1.4075371129810998,1.1377157156392799,0.8451391651118196,0.7065873771347543,0.4858683147217199,0.35197977339362574,0.23828126814552192
13810,19,1.0230179675848991e-05,2.5124197006225586,6.109784265649903,2.1331171418651884,1.197698778582002,1.1164645493710634,1.245881073735865,1.071292129377354,1.06891265509927,0.8053370610044568,0.6141762586810372,0.5068189967571294,0.3625970884394637,0.2421640673687425,0.17690706057626165
13820,19,1.0230179675848991e-05,2.8034539222717285,6.768572401199135,2.570798917225853,1.4295372760462353,1.2838519822064642,1.3537725293647325,1.1413692846293721,1.1026663174410192,0.8326377541310273,0.6056463724413099,0.48245024112427654,0.3615420030180173,0.24878359308103637,0.1790194465683408
13830,19,1.0230179675848991e-05,3.0878472328186035,7.950904362023797,2.7756940417142926,1.5770298259048159,1.462855843187338,1.496563142214675,1.411749094044773,1.3044217612863853,1.0688170565395543,0.7885931564591125,0.6100008279143665,0.441823893038056,0.2963863133589682,0.21522356110947563
13840,19,1.0230179675848991e-05,3.295053005218506,6.665372274321111,2.3740161145885645,1.341346474939473,1.2343186632476375,1.3253153185148905,1.1774196886630959,1.137870700152979,0.861690108117914,0.6519587493118941,0.5736631189418433,0.3887783703021757,0.291980908233794,0.2076452035431374
13850,19,1.0230179675848991e-05,2.4375014305114746,7.56870712075498,2.505399817645649,1.349205791632167,1.2512653561742166,1.3634142392804227,1.1409080063112818,1.193157865972745,0.9480539053193743,0.6894049453402173,0.5181232516370667,0.38110064991378184,0.252505604311886,0.1753062099291627
13860,19,1.0230179675848991e-05,2.650733470916748,6.23101768526338,2.1082838453881148,1.2045372987056073,1.157396185717507,1.2504743893223909,1.11805039600084,1.071796291715789,0.8619094668541546,0.6288277054304154,0.5079680646406358,0.3705086673822448,0.24912498936089592,0.17804940692927027
13870,19,1.0230179675848991e-05,2.20159912109375,6.766520029980289,2.314139109195575,1.2819079225538974,1.2358701593696686,1.3254373321465291,1.167111398394457,1.1355219847374123,0.877043498773246,0.6962594800571212,0.557337008677739,0.377445383937877,0.28788587631029355,0.2105901866014145
13880,19,1.0230179675848991e-05,2.2261533737182617,8.761608831755037,3.4214514496835706,1.8264057202699786,1.8365793827946768,1.9112647663844484,1.62960764833988,1.4611667498648042,1.1597057386070013,0.8738887824657571,0.6988492023032292,0.49463620939051745,0.33060486808600587,0.22455122328700983
13890,19,1.0230179675848991e-05,2.5226354598999023,7.7994240221252165,2.7277714865433818,1.5165084363835448,1.465268638501845,1.5166314316746325,1.351313891312984,1.3184172677976194,1.017532372065299,0.7625538058068712,0.6359301597131372,0.4524933986053357,0.3107916951107696,0.21878964959815925
13900,19,1.0230179675848991e-05,2.779470443725586,6.984035579895504,2.3604788544534903,1.3026443144740691,1.1791959388857103,1.2687730067906544,1.1450691771699544,1.067159561782616,0.8179152814383085,0.6499451371997779,0.5267940462359283,0.3435837961196082,0.24722607366091995,0.16283062968030024
13910,19,1.0230179675848991e-05,0.9704656600952148,10.103009808525982,3.675026821080276,2.0691212226665736,1.971594704058393,1.959103185709328,1.7226740788598969,1.6125287840728728,1.3213150825457425,1.0411036886265488,0.8004679275153401,0.6209290557363959,0.4453530082958946,0.26260486171154296
13920,19,1.0230179675848991e-05,3.0819711685180664,6.687577610970285,2.4350252459539576,1.3865689190618544,1.351729547520893,1.3994424758247455,1.2084650234360927,1.1923883647256361,0.9286516395148942,0.7203037816632826,0.6063530155665746,0.4532300525900273,0.2938645484911066,0.22480029420571607
13930,19,1.0230179675848991e-05,2.470355749130249,7.1643982910075765,2.4475643669849205,1.4033827752428896,1.321441148456679,1.485068597451495,1.2928074452450524,1.2042795584825798,0.9125287005265931,0.7008047562876365,0.5867244095240054,0.43310230221227153,0.2939128442851699,0.19504515475378587
13940,19,1.0230179675848991e-05,2.031008005142212,7.5586136738655725,2.602965432470873,1.5136497295590108,1.4245573925753192,1.4104755856422528,1.3495577301668975,1.2904889696505277,0.9672347046572831,0.7609512342589241,0.6096673039540106,0.43025112661013676,0.2770469463846771,0.20468134693528642
13950,19,1.0230179675848991e-05,2.6257171630859375,8.694949512697137,2.9248171929307425,1.5984152196379697,1.534264204482417,1.566778444554398,1.4053829973460539,1.3438625684788255,1.0808814284623467,0.8467995039685937,0.6712538977069226,0.48451197067390206,0.31817484855814776,0.23134759997483642
13960,19,1.0230179675848991e-05,1.3823957443237305,6.514430889726217,2.462713957338546,1.350531803588778,1.3421892469336334,1.4410364767553236,1.2515229546155346,1.1600130285829429,0.9437674937875362,0.7105187562702986,0.5594352659185611,0.39087510178861323,0.29250558470448257,0.201923983173573
13970,19,1.0230179675848991e-05,2.5617074966430664,8.6676725428161,2.8593631522698284,1.5914444149048266,1.4549675212977633,1.54440844304217,1.3574057706942753,1.2930800307970785,1.065427455908777,0.789718652050249,0.5963231500982556,0.4258690040158245,0.28193022701743653,0.18589422410741285
13980,19,1.0230179675848991e-05,1.6165152788162231,7.817490110802357,2.9736410580766997,1.644323969252985,1.5314012742099148,1.6076288933874372,1.468963318806212,1.3011926714969457,1.0000257430253214,0.7584018072813233,0.6141054054522636,0.4189263960387382,0.2881376974952385,0.19926397420987935
13990,19,1.0230179675848991e-05,2.922912359237671,8.392462343798648,2.855199413373905,1.5502769655993647,1.482017825897048,1.6127632822237474,1.4412265517127847,1.3241419842012696,1.0592775588652128,0.8409639930817481,0.6784171950320209,0.4354602528438711,0.32518826190335015,0.241142185553447
14000,19,1.0230179675848991e-05,2.7261712551116943,7.128870022337855,2.518699024371991,1.4121088223997067,1.2764379500698508,1.3376024211631015,1.1945861816835042,1.086627938771486,0.8787272505559269,0.6874572378725025,0.571363489900806,0.39515272073816055,0.27391929542288557,0.17733334602788595
14010,19,1.0230179675848991e-05,2.2614822387695312,9.197709551320598,3.2680216635252015,1.7668579231962098,1.6840000899615706,1.7728979254451758,1.6058201645090069,1.427284046926063,1.2302004064337448,0.909209817732878,0.6977362910406986,0.49212950333323524,0.3606566658659872,0.24866173256844337
14020,19,1.0230179675848991e-05,1.5207786560058594,7.252662115150291,2.4969439747185747,1.3530309175718087,1.292079481860591,1.400366820410889,1.231339429655533,1.2396757638967009,0.9329077578179057,0.7506782830108673,0.6358361505975848,0.4368754042856502,0.3016204335786357,0.2110450693642576
14030,19,1.0230179675848991e-05,1.726970911026001,9.66320720352711,3.1833737473772574,1.6922769157400661,1.5448733990854917,1.7093615506200608,1.4955869679220521,1.4635141069956892,1.0782796572509727,0.8060680226854527,0.6060270588188724,0.4264403560827357,0.2921528130003394,0.20929837150482888
14040,19,1.0230179675848991e-05,1.5305399894714355,8.412161920790908,2.9345641182022444,1.6788369756490982,1.5725870313349088,1.6480646898116196,1.4280942371294783,1.3737375696320855,1.0141097448781495,0.8250990735578532,0.6657121455143936,0.46652254318551034,0.322878552160194,0.2086521037447618
14050,19,1.0230179675848991e-05,1.9059340953826904,6.335259204467874,2.2875581380482597,1.4452428421587473,1.3208928153933888,1.3710572775643664,1.1823905381304682,1.1372759335267837,0.8698399847229171,0.6918167632664086,0.5630866258880008,0.3891175171766887,0.27951086639279443,0.18612868909604244
14060,19,1.0230179675848991e-05,2.3302249908447266,8.509902784460802,3.331830948728656,1.823837574577051,1.715794745869071,1.833703212922358,1.6428730594414862,1.5475829273409147,1.1572185459493065,0.9220048477901525,0.7485824309850198,0.4922711911770048,0.3222024580814891,0.2318517863624482
14070,19,1.0230179675848991e-05,2.824474573135376,9.249623005645066,2.9822413672342614,1.6153910769650053,1.5739919404834066,1.6564894743609784,1.3864349500455457,1.3477483479609471,1.0773718511431387,0.7893708307055266,0.6703851714426652,0.4702440739062645,0.3254841646375813,0.22901898751174768
14080,19,1.0230179675848991e-05,1.5167663097381592,25.654270490267557,9.225172980035396,5.362631375480481,5.171913573425195,5.20446722420517,4.7720226656327815,4.396065245981346,3.1842818149254835,2.4940047262782197,1.7538464094834634,1.0905784847449236,0.7418565730059054,0.49164969341561515
14090,20,1.0001310475391523e-05,2.3490374088287354,7.348433551328973,2.4454743660519487,1.3956758447909905,1.3495122127830876,1.4001346609461145,1.2082215713438655,1.0941401565139885,0.8060020658740072,0.6939826988863107,0.5566500025550644,0.3850989500274947,0.25016170012740097,0.17630925990911442
14100,20,1.0001310475391523e-05,1.5185704231262207,8.072713137576667,2.511446266502488,1.3885549787068647,1.270665737011437,1.3354189958347369,1.1543621477289214,1.0476745697657657,0.8501768067631994,0.6795370048510083,0.5216552065445533,0.3945896901744562,0.2747978389024022,0.1765405671639114
14110,20,1.0001310475391523e-05,1.5828971862792969,8.808068037321345,3.0353527007816656,1.7039076211085131,1.5332824638288254,1.6879262033106526,1.4435774591180746,1.327214189991623,1.0382995082914188,0.815925212224917,0.6713816438396427,0.4677203153437162,0.32724967244128517,0.23079289325382482
14120,20,1.0001310475391523e-05,1.9455782175064087,7.7154054075451475,2.720802154325364,1.442478096336304,1.3388972223392415,1.3925194546739845,1.235627195363592,1.1834677306503307,0.9127465060175793,0.7419452730072092,0.5617696950572934,0.3997978615622879,0.2707377565616555,0.1768179443874206
14130,20,1.0001310475391523e-05,2.1226749420166016,6.897332816829799,2.448631505479425,1.3642147909853108,1.263596742055984,1.2562043565424768,1.1967933626403415,1.0880574254955038,0.8445162541136217,0.6703981914224446,0.5632077478019368,0.380378948833231,0.27213590546278577,0.181390141659053
14140,20,1.0001310475391523e-05,1.8180279731750488,8.569193864690066,3.0659243915210816,1.726212646209141,1.666620302669138,1.600970216628053,1.5046863647964626,1.4116919498022822,1.1093754926695325,0.845956117418899,0.694240986954565,0.4637148209251536,0.32971854328027916,0.21331278665889486
14150,20,1.0001310475391523e-05,2.518584728240967,8.688275813603168,2.8026406982451877,1.4510658842437651,1.3372168918547072,1.3714755071837768,1.201846985019083,1.1952927854185496,0.9183601132143842,0.6654349750834385,0.6076325741642407,0.42734926995564415,0.2961922950420104,0.18265221241836607
14160,20,1.0001310475391523e-05,2.305140972137451,6.572126502981397,2.2813544570958975,1.2928972124306073,1.2556361052842202,1.3501484529163859,1.2047771630323878,1.161389039072253,0.907257134740609,0.7106520432380647,0.6747689928567703,0.42835641084994436,0.27043046255862796,0.17770996393206223
14170,20,1.0001310475391523e-05,2.761714458465576,6.115116422549188,2.2062318935933307,1.2152815923889333,1.1700946253634286,1.25897995680119,1.1308430799867173,1.0027660011736217,0.8593890732610568,0.6571097469088726,0.5179993024316957,0.36695117597196264,0.25935957145094557,0.1674859995689438
14180,20,1.0001310475391523e-05,1.0546084642410278,6.597635340585911,2.528903882806041,1.3527314522229306,1.2579408666988974,1.3355927357103579,1.2055834393217304,1.118469381787758,0.9369087990316386,0.663174666771345,0.5980566987195785,0.3997495790156902,0.2643391604992771,0.1937004262892506
14190,20,1.0001310475391523e-05,2.164689064025879,5.929352290152466,1.979424638589832,1.0651097632326954,1.0167924655530818,1.0764216148239922,0.9535781443207455,0.9693265326812155,0.775363663746773,0.6217871148979899,0.47232849368510066,0.3474808907191949,0.2412725554066751,0.16467757739409483
14200,20,1.0001310475391523e-05,1.978062391281128,7.257255195616606,2.6671601387376795,1.5580742812554509,1.4575651387726059,1.4630059753744256,1.3401573845595132,1.2790134137048124,1.0225002571581574,0.7441135960906917,0.6617213279237937,0.5116184588016559,0.3305228641152369,0.2200759537000332
14210,20,1.0001310475391523e-05,2.135361909866333,7.190184378480249,2.4924601926568495,1.410354928458843,1.2763075135100486,1.2943815583663452,1.1149657003921614,1.0597391323181198,0.8243011527008908,0.6410485912795121,0.5376950211957515,0.36101075396795257,0.2741465922288586,0.19450291789740218
14220,20,1.0001310475391523e-05,2.558119535446167,7.844987688451621,3.0584948842978856,1.6366702324870284,1.5132184790482552,1.5296284789304004,1.3053000426124641,1.2399384133965732,0.9906994859439262,0.7977415172404615,0.6148446742066702,0.4209936059848013,0.3042999898387956,0.20024977755338155
14230,20,1.0001310475391523e-05,2.793264389038086,7.8955486728596265,2.5963253104998265,1.4373183352676073,1.3646195553052045,1.404460724868592,1.2441651338703852,1.088496997221603,0.9104359020329171,0.693094880570101,0.5623057519299808,0.41982510361409187,0.2923222070506843,0.20222246499444055
14240,20,1.0001310475391523e-05,1.8771220445632935,8.023527099092238,2.647294871178877,1.4637619110564792,1.2496243137454262,1.3520660819060628,1.1809153662581247,1.1078287888239942,0.8629758478778912,0.6802900038539819,0.5817092535585673,0.3929636249269651,0.28503555958912125,0.19502853002525075
14250,20,1.0001310475391523e-05,2.653866767883301,8.307407540492552,2.7671763543061205,1.5986854312661933,1.4909736552485962,1.5475707182177874,1.3975497492536249,1.2490259909435952,1.016217272614854,0.810219356332974,0.6444188853823002,0.48447454460941347,0.3417791576721562,0.24045054902741134
14260,20,1.0001310475391523e-05,2.618046998977661,6.825697348485882,2.354651031387937,1.351781511602826,1.324288797055581,1.3643525815535849,1.1724444275713444,1.1413803494032444,0.8689756488335659,0.7277830809914535,0.5712904822095527,0.40363855223984957,0.268125740826612,0.18183034035164736
14270,20,1.0001310475391523e-05,2.914501667022705,6.579059239101423,2.252282016911814,1.251581259206567,1.172081470604248,1.326864101394183,1.1613595200326434,1.089624604161883,0.895587446963947,0.6746744725847572,0.5341426778458581,0.3740712772981971,0.27468938117093034,0.18823037654422448
14280,20,1.0001310475391523e-05,2.4522337913513184,6.381493085763759,2.145835547373787,1.1486104178340457,1.1125568993389496,1.2218123916183616,1.0552773222131622,1.0055607805051177,0.7965973854759053,0.6081111971397801,0.5251430359502552,0.362849220779943,0.25511233459575755,0.18521795906266608
14290,20,1.0001310475391523e-05,2.04779052734375,9.034046134213796,2.9709045551050353,1.6564256470504346,1.554461260193441,1.5901282352187414,1.5333220139652617,1.4410488223115583,1.038589844198855,0.8750887877978518,0.7365139040634073,0.49887886554018324,0.370510313488668,0.28483020387825325
14300,20,1.0001310475391523e-05,2.29762864112854,7.993125337108614,2.621663653594598,1.5116073144125668,1.3770338273240705,1.469447617776997,1.3180123637948993,1.2514096123743543,0.9748086226358477,0.706770190234511,0.6029538646336888,0.44646733320327603,0.3160148372127075,0.21952222306348787
14310,20,1.0001310475391523e-05,2.658040761947632,7.611966396758337,2.4944972111586523,1.3357042335232512,1.266946506432015,1.3441588222510872,1.2142293946550207,1.0890242070207707,0.8362652177008894,0.6497494145750321,0.5423297207584965,0.36355607876152835,0.2874324834323024,0.18734093608240945
14320,20,1.0001310475391523e-05,2.7553296089172363,8.158265178482273,2.8494440577232565,1.6117936373315547,1.5230660309081299,1.6360768051892476,1.4253596677885283,1.3091830051385205,1.0323773228491775,0.8427594156842051,0.6337175707152791,0.47844904565202406,0.32690494388689634,0.23322514129329872
14330,20,1.0001310475391523e-05,2.85383677482605,8.33964252322197,2.9582227300093193,1.6239774530303803,1.4771048181674693,1.518073632869409,1.3726194222393404,1.2985601616961384,0.9829682912224162,0.7819260229516398,0.5873772456141143,0.46172153794368787,0.32417545683500665,0.21605753908815495
14340,20,1.0001310475391523e-05,1.218583106994629,7.599551788241433,2.665419671953566,1.4883349592104043,1.404698715170825,1.474740632756951,1.3311079145533362,1.2802331249960552,1.0234970201045122,0.7847222004448873,0.6458434799761498,0.48310178805217224,0.32024730880993935,0.21743708863912456
14350,20,1.0001310475391523e-05,3.1320419311523438,7.304390326672153,2.489713946135578,1.5112887491056504,1.4232084843461412,1.5718273536214877,1.3941636932838504,1.2520367480236645,1.0419522270983868,0.7734018960166928,0.6188116245972634,0.4189107198062638,0.2955068776461541,0.1919270270637713
14360,20,1.0001310475391523e-05,2.0570998191833496,7.334436038676026,2.757784584116199,1.5482474751297666,1.4471482814211258,1.4730296275450643,1.3391786768546114,1.217367530459049,0.9143446135975345,0.7195069837471342,0.6278345818748885,0.3768938932684559,0.2987749769075229,0.19473626508568004
14370,20,1.0001310475391523e-05,1.627737045288086,7.565772108072113,2.7366449436784315,1.5372910648560099,1.4161722903690799,1.4646872048772113,1.269052926608269,1.273912055418914,0.9602067408173285,0.759973322705048,0.6078630198145256,0.4216207157663731,0.3096513281792437,0.19698919255806166
14380,20,1.0001310475391523e-05,1.6845190525054932,7.535892072852044,2.7712507783436124,1.5751923255395446,1.3520610778755078,1.674884024303513,1.5215731908268295,1.377460031561382,1.0568268899404967,0.7998382567464252,0.6586826237408683,0.4471551273742693,0.31626505088064877,0.23307868736559928
14390,20,1.0001310475391523e-05,2.434192657470703,6.221844314847068,2.11528962217736,1.1815885498728462,1.1390678637119556,1.1971399647649255,1.010217179859339,0.9611639308651414,0.7166124264278323,0.5972015614495957,0.5278805257542838,0.3474514981732198,0.2235567336251967,0.16450504617648062
14400,20,1.0001310475391523e-05,2.6926159858703613,5.889629498695303,1.992498469515928,1.0825960961124987,1.0002615371302308,1.0866394556405328,0.9809760550197806,0.9501770678974685,0.7550360990711247,0.5921268568717996,0.4741573489070279,0.3513743127041591,0.27422292808979293,0.17832631423296885
14410,20,1.0001310475391523e-05,1.854006052017212,6.5665290613955385,2.285117745393477,1.2588432268359784,1.1836624328196268,1.2328280391351387,1.0809093640177934,1.0321577675448022,0.8339343886560308,0.6125280519905081,0.5389728391098825,0.347736142468521,0.2606631967437096,0.18288761321714056
14420,20,1.0001310475391523e-05,2.3805596828460693,9.199664068810803,3.4851188856226947,1.9131189291622728,1.793335178079995,1.9005260848674372,1.5908075330884253,1.5129118578368497,1.1369757103637526,0.8880837481051129,0.7143970198267912,0.508027050317711,0.34441450958595693,0.2349736514561461
14430,20,1.0001310475391523e-05,1.9941672086715698,7.829418339681436,2.771344790512344,1.562028432909728,1.5050313574844576,1.560720742283227,1.378011061468496,1.3270028282486288,1.0461955629198925,0.8049230773065028,0.6630463945589904,0.47501151632943445,0.34812552125904894,0.21363449777839127
14440,20,1.0001310475391523e-05,2.912600517272949,5.7640050208732365,1.98175235546301,1.1645472414284814,1.1062571016785776,1.1790596728605132,1.0454118123168337,1.060054199394633,0.8309140333862719,0.6495882042039044,0.5252397401419807,0.37374874696134164,0.2575564897545779,0.19380905164227535
14450,20,1.0001310475391523e-05,1.7262070178985596,6.412122796377205,2.2112082801409043,1.2943922546381355,1.2230013394009707,1.3237947189420936,1.140774280245011,1.1561214219571625,0.91631898404671,0.6767074195411718,0.5639959001208306,0.42044972314525436,0.31661083754320535,0.21396172801216745
14460,20,1.0001310475391523e-05,2.569002389907837,7.932052501451984,2.5079413788972977,1.4747350783840518,1.3914181182231073,1.4267341140716618,1.2548251399933068,1.1832738370130653,0.9653071323774073,0.766811186306028,0.581574934221573,0.4338606692023599,0.28982362127981476,0.2038552814257238
14470,20,1.0001310475391523e-05,2.1577670574188232,6.63100075632567,2.4451770132703317,1.3216660981295647,1.2813344782580542,1.3492497963450263,1.2029677892030133,1.0737076204663178,0.9084400685398695,0.645703041650399,0.5636498344784242,0.36596351012533157,0.27760031498626897,0.1912500963354959
14480,20,1.0001310475391523e-05,2.063533067703247,8.149203077873254,2.877281989520017,1.6921621588487459,1.4397693127079991,1.589072985053929,1.3857984384833448,1.307436893867118,1.0075923891191092,0.8034064372166418,0.6885953358520307,0.48363894005411595,0.3385395203350514,0.21780049740920487
14490,20,1.0001310475391523e-05,2.769153118133545,8.367537381288331,2.727665227665861,1.500979534701865,1.3358726089865636,1.413605560645414,1.308332114555155,1.2545272143922728,1.0349346480094197,0.8253187895549718,0.7224077653133858,0.4783452994725232,0.30319273330786634,0.2125786782851042
14500,20,1.0001310475391523e-05,2.2925033569335938,6.953705570319757,2.540739710347405,1.3655340558682647,1.290488084620096,1.4363550167089278,1.230948474998331,1.1824964576544064,0.9507304430786315,0.724993658715681,0.6100264890995774,0.4193518619294438,0.2811291582250585,0.20003092878882442
14510,20,1.0001310475391523e-05,1.3722954988479614,7.150099638207715,2.5559677841193684,1.4612544200374753,1.3363677969769456,1.470833368956993,1.2971105952675157,1.2394882093823396,0.943580871733814,0.7626159997122128,0.622318257404962,0.39604929225546065,0.3106865775523204,0.20329815184438893
14520,20,1.0001310475391523e-05,2.221741199493408,6.87774423065915,2.3617944439619443,1.364570162937225,1.284834296195918,1.3796512738700137,1.246654628959179,1.1640288247262476,0.8985046565943648,0.6897291087926944,0.524924423098556,0.3858433437087595,0.28763102754523,0.186744097191182
14530,20,1.0001310475391523e-05,2.5925984382629395,7.379013965502326,2.6336048607332296,1.4452951590925032,1.2890271391272192,1.449399291826711,1.2471284274248766,1.137232650811291,0.9275876391747538,0.7093757737557069,0.5727833866669882,0.42503166933119474,0.2930446862179103,0.2207884715225628
14540,20,1.0001310475391523e-05,2.3357386589050293,8.008785464060796,2.74962238037376,1.4811916758726633,1.4219413897754967,1.4942219565966182,1.2939731550145164,1.2779639016011697,1.0177614577420395,0.7802768725271401,0.5938373615380759,0.4481640254055429,0.30710465080065946,0.20818810498533524
14550,20,1.0001310475391523e-05,1.1494731903076172,8.107674694369114,2.527161010401966,1.4571522726445227,1.381500124333559,1.4577000959409598,1.2676281006726562,1.2215276095285161,0.9997204462091814,0.7618212248401228,0.6234923422153884,0.43410072748014666,0.3307821530334108,0.21289162698965713
14560,20,1.0001310475391523e-05,1.8196086883544922,8.078398211182328,2.6597130121468626,1.4669307449709372,1.3191897338088616,1.3509035952920423,1.1901479508624184,1.1205074537346817,0.9055463624362403,0.7104731578660806,0.5583457946060624,0.3969068083309286,0.285920116730413,0.19092167259586107
14570,20,1.0001310475391523e-05,2.98525333404541,7.430613867673023,2.5670796424066813,1.3845162353305134,1.3326947075057824,1.3281224627242676,1.1680309505125934,1.115873012425734,0.9860651988013088,0.7247543820958854,0.5693575002348746,0.4091881224171778,0.2906483337857603,0.19897714460858948
14580,20,1.0001310475391523e-05,2.6812689304351807,7.175862983805116,2.529208849420899,1.4504046012956047,1.3779398695493845,1.4666494563170835,1.3006282830249538,1.218045088099781,0.9201256092726026,0.6650326247076971,0.5962248247492611,0.41685063077373385,0.28035347438958386,0.21060020613625322
14590,20,1.0001310475391523e-05,2.293545961380005,7.106280109577884,2.4715770037024933,1.3567306697489754,1.3111011496065172,1.3365186102676265,1.227796640052835,1.1363952509392803,0.8871807127354535,0.6814476317883336,0.5590489786124849,0.38880343723163524,0.2861594777373236,0.18408717268157732
14600,20,1.0001310475391523e-05,2.633028984069824,5.782037132759477,2.0181407940859937,1.0978754983722072,1.064503984072935,1.1455160591768903,1.0441575480285639,0.9739000272231819,0.7614262478620322,0.5544915938382601,0.4421088981138313,0.324716234676131,0.23995598478027624,0.16015391451557281
14610,20,1.0001310475391523e-05,1.5418763160705566,9.369992109165818,2.9519370480234084,1.6675458602210285,1.5095517273704737,1.664415213715873,1.5004917557913862,1.481677473662586,1.220013616837757,0.8153588772929595,0.637970006069592,0.4443983432744448,0.28830180573475034,0.18562821127788448
14620,20,1.0001310475391523e-05,2.57853627204895,7.092891063380973,2.4138410446382537,1.3952015849397825,1.340835952376714,1.4014588085156519,1.2457339299139427,1.1814730314789457,1.0385558106437012,0.7379066841300905,0.6198017076422789,0.44116405664405683,0.2927976991205869,0.21962575673017898
14630,20,1.0001310475391523e-05,1.3821208477020264,7.587750761684019,2.36899982884703,1.3228647724038651,1.1810538987450752,1.2869875994712459,1.1372981574576986,1.1017377780114588,0.7670302573357538,0.6345737896179617,0.6517173950134969,0.40732426326842236,0.2706354314419326,0.17263476883516585
14640,20,1.0001310475391523e-05,1.3130598068237305,7.21336431718844,2.6366076504516047,1.5167309001003986,1.3387474697183153,1.4746543244669938,1.3249606510334284,1.256619992821333,1.0134827234377306,0.781517638420701,0.6075308790721848,0.4163568699950046,0.31091663712954354,0.21193781126829406
14650,20,1.0001310475391523e-05,3.22585391998291,7.115690693406144,2.8062702808951623,1.4930568258000732,1.3780826247212907,1.4277557828139051,1.2442092285108517,1.211764990736414,0.9511306137535434,0.7538958348656725,0.6134780457100268,0.43330881532044724,0.30265063616719523,0.19422159484058057
14660,20,1.0001310475391523e-05,3.361088275909424,6.636979584338577,2.353885947699265,1.3146086024805568,1.2112540898562567,1.2718016220933586,1.165051197265495,1.0557229737066745,0.8493970034163187,0.6935699942988242,0.5500059768341276,0.3734790391459083,0.26926308533487825,0.17882700830093837
14670,20,1.0001310475391523e-05,2.7488961219787598,7.965390886040825,3.162282242262971,1.6752609361502206,1.5948758280654831,1.676783882751038,1.4678993111241927,1.333397693676257,1.0858064059155403,0.7997411034916877,0.6705680572960027,0.4440430505271194,0.33441467940779596,0.20423830820997077
14680,20,1.0001310475391523e-05,1.45229172706604,8.495896805100722,2.6135138177827058,1.4140518527920989,1.3477278337955092,1.3800124918345344,1.2467537837081883,1.2352683870958983,0.9624652386873018,0.768734226553588,0.6334619626725203,0.4336433206448138,0.3248920437594516,0.22139091643074268
14690,20,1.0001310475391523e-05,1.4032615423202515,8.328556481498161,3.3760546165266168,1.802951315653343,1.6649644303935183,1.7043628728988323,1.4934957827080235,1.3635396103514494,0.9630570705639042,0.8311803026837359,0.6784608412424081,0.4486055130200786,0.2975068225507686,0.19670655447854335
14700,20,1.0001310475391523e-05,2.926370620727539,7.298774338108915,2.666097381538169,1.4514693319780256,1.3913367082752817,1.48370769966944,1.2966678792004922,1.2234380021752143,1.016017122607418,0.7669829823751878,0.5652750192383673,0.428302751425433,0.31983644102330455,0.20752822533883378
14710,20,1.0001310475391523e-05,3.02838397026062,6.932862146148496,2.5593674149320065,1.3628982710330002,1.288074991279644,1.361519014219386,1.2151364866722063,1.0824663662174006,0.8573711942286593,0.7309585170545206,0.6088329146907054,0.4097909851453205,0.2960043370423927,0.19915855794719975
14720,20,1.0001310475391523e-05,1.873633861541748,7.254037819882174,2.5482795237751508,1.451223767696952,1.3502778395010873,1.4483471035895954,1.309039340811364,1.3012089582805921,1.0458464098938456,0.8113287178532789,0.6547795094411731,0.4662265725736773,0.3358418530379697,0.21589578290209072
14730,20,1.0001310475391523e-05,2.671933889389038,5.723532070197226,2.038620889637703,1.1090384248963205,1.1008124128004215,1.1656303281357068,1.0323794936586312,1.0323628668420075,0.7851144499532833,0.5895259225204401,0.4878924503961389,0.3491568780081632,0.23450095025266543,0.17969416246707542
14740,20,1.0001310475391523e-05,2.5379586219787598,8.484593464392102,3.0668498100742543,1.6367984246229892,1.5006320393313228,1.5601759285150198,1.3944295905103044,1.2976364914916148,1.0887068259931385,0.8479642100296352,0.6536946065286753,0.44403454754385474,0.3196854646586889,0.2258190039024918
14750,20,1.0001310475391523e-05,1.8390659093856812,6.712664337196293,2.370946511559408,1.3889167018797492,1.2926542221066772,1.437679929371457,1.2674289045527711,1.193033193353179,0.9447705161572673,0.7346748205837349,0.5601877346821831,0.43056174035294875,0.29677143788800875,0.18787962050187387
14760,20,1.0001310475391523e-05,2.5846309661865234,7.814983073823472,2.764920496452296,1.5436280188496432,1.5054701246442517,1.5946814292097042,1.4151092518511807,1.3351287101519143,0.9984544133498,0.7827711300213225,0.6414883622897821,0.40991606190891955,0.3034346806676764,0.2023607199457934
14770,20,1.0001310475391523e-05,1.7866251468658447,7.18492115527857,2.541127925325943,1.4325762694646649,1.3384760228738972,1.423642865840677,1.2800811703158153,1.163137111866231,0.8855262171235035,0.7362272200410429,0.5750918923251958,0.41526442065821106,0.27808090520361367,0.19771418356023754
14780,20,1.0001310475391523e-05,2.4512698650360107,5.830239438165416,2.146817334754261,1.1752409928704952,1.1381492678354428,1.1817227706084552,1.0399639965137157,0.9949452291526107,0.8167348358927036,0.6390686778499363,0.5060374456125435,0.35995076673145476,0.26051213809048723,0.1722354032889051
14790,21,9.760822789338696e-06,2.689409017562866,7.76763327788771,2.7198911671312844,1.5640815849990466,1.4399503019277364,1.5470792367524215,1.3222670634785214,1.2316427221969983,0.9948646416777127,0.7271008942396227,0.5765259659508075,0.3990123161033226,0.2976073946275104,0.19302553180705004
14800,21,9.760822789338696e-06,2.685215950012207,6.82913433970127,2.505769445679908,1.460224551981634,1.3101511235720078,1.424208083797156,1.2598889842644496,1.192582009985567,0.9442489556165281,0.7083015862241174,0.5576298442160872,0.36777513247528476,0.2458128895649037,0.18994495906635192
14810,21,9.760822789338696e-06,0.8222140073776245,6.865582090910199,2.4404042067748835,1.3961168991009592,1.3474256191606264,1.472746954527392,1.3241107467485462,1.2446516354401236,0.9643409178864366,0.7100560193421513,0.5608653317570279,0.4090807641991711,0.2857541262843784,0.2173448229891006
14820,21,9.760822789338696e-06,2.834346055984497,6.319411839412883,2.4444872165034983,1.360517537275823,1.2765820102595276,1.3257321257625339,1.1502301634813827,1.078044865507925,0.8282294639059785,0.6471526836709092,0.5016928115976672,0.34822348390073826,0.24964956063459282,0.18360528460276077
14830,21,9.760822789338696e-06,2.409533977508545,7.331823134501522,2.5691139038101425,1.4219166332348543,1.391172159811094,1.48941781899303,1.2747278319606377,1.196809112591849,0.9542939657905686,0.7111400777034886,0.6114377189061326,0.4171635926614386,0.3007277509987408,0.20865007651716305
14840,21,9.760822789338696e-06,2.164443016052246,6.691500844107256,2.3557877330408514,1.34141482539472,1.2882707618134055,1.3919407459943827,1.2255109279122136,1.2513584119332906,0.9734795733771682,0.7648610494432919,0.6287047116128859,0.44440534226149064,0.2951604994384335,0.21680084571616634
