step,epoch,lr,loss,grad_norm_global,grad_norm_encoder.blocks.0,grad_norm_encoder.blocks.1,grad_norm_encoder.blocks.2,grad_norm_encoder.blocks.3,grad_norm_encoder.blocks.4,grad_norm_encoder.blocks.5,grad_norm_encoder.blocks.6,grad_norm_encoder.blocks.7,grad_norm_encoder.blocks.8,grad_norm_encoder.blocks.9,grad_norm_encoder.blocks.10,grad_norm_encoder.blocks.11
10,0,2.375726401805878e-06,3.5901734828948975,7.46453491756752,1.2484317818402055,0.6995806735812966,0.6982103084784529,0.7721733002769874,0.7103526725413059,0.8424274694852253,0.8254156616525165,0.8308886639522471,0.8229576664339732,0.9032463667944005,0.8424517517526549,0.8691966507315773
20,0,2.375726401805878e-06,3.3963685035705566,6.936553210081256,0.8469432885000732,0.5333615203983676,0.5375935663732277,0.6046875515531543,0.5712079326653705,0.693679937377889,0.6335022934039422,0.6192823710712325,0.7223842252441831,0.7755598781449179,0.7284456224632703,0.7967834568538706
30,0,2.375726401805878e-06,3.425853967666626,6.9252891880778416,0.8177059382786047,0.4952478073469691,0.4750609855197623,0.5082126601717567,0.48544048717839816,0.6417612787706388,0.5530350075036262,0.5762023504908863,0.5970720992832816,0.6610699587281982,0.5806426354169816,0.6329253823076488
40,0,2.375726401805878e-06,3.28448486328125,6.828048326418739,0.8551821852145354,0.4926470490535344,0.4885313123820574,0.5243168925433,0.48771892656200866,0.5946202490435275,0.5290320230368173,0.5356578246934829,0.5774931906124185,0.561108496372412,0.5078722536010467,0.5552030760923106
50,0,2.375726401805878e-06,3.1310181617736816,6.630205134340311,0.9860726829582098,0.5020157640150359,0.4933113836017038,0.5280778172279303,0.4941913454121959,0.6424553537691118,0.5359804428010873,0.5539723274183113,0.72457203351522,0.5483980115936014,0.48416043543551246,0.5623340385386546
60,0,2.375726401805878e-06,3.5610978603363037,6.146672338837389,0.5988997533780878,0.35939936770481345,0.3478130647086875,0.37655941215140454,0.3909268612789987,0.47211048268061123,0.4637398154346526,0.4375653210451138,0.4723335096533728,0.525283774356522,0.41529437427498994,0.42579714348353903
70,0,2.375726401805878e-06,3.241509437561035,5.123137614404567,0.6790260177275707,0.3696483990458257,0.3579968719364578,0.38986891891191394,0.35603046275586986,0.4135157284667122,0.3392467712154019,0.3964606309723864,0.38257618239275487,0.34482992897961273,0.35312108439200474,0.4040687200920317
80,0,2.375726401805878e-06,3.2774386405944824,5.054842750458629,0.5398061077898778,0.2890902605434197,0.27992039804727903,0.32183059823573623,0.30621892297312564,0.34296192741162096,0.32291857970960236,0.32318354461149684,0.3522178316284986,0.37202383209766,0.34015834961242786,0.3756502290354599
90,0,2.375726401805878e-06,3.5083706378936768,6.827175526417275,0.8696309269007492,0.5128470239799204,0.4787833003174331,0.5432698060407071,0.49540023512261533,0.6260041532603573,0.5080257739118411,0.4621973549800474,0.49726486255803337,0.4948686343840505,0.445357159101869,0.5059333882881722
100,0,2.375726401805878e-06,3.52317476272583,6.408738465865809,0.6340736199598718,0.40697188770154746,0.39613349865398784,0.45107071005430577,0.4114552679048515,0.539355367497504,0.43129530227477,0.41451873244007187,0.4567415246434855,0.39388907262830253,0.3909390759957845,0.4251762679491121
110,0,2.375726401805878e-06,3.3909859657287598,5.995733221106144,0.8067982411739232,0.5115221138419075,0.4792750616076161,0.5391575010478961,0.5032701448314018,0.5440472164636165,0.48543593651246425,0.4976569719717015,0.4719977408844714,0.4421984751899251,0.4103509594193851,0.4284848991024744
120,0,2.375726401805878e-06,3.5486536026000977,6.783938025117115,1.4317787469479935,0.8069150750095134,0.7398688245320201,0.7866668319230435,0.7068703223557345,0.9208468354109826,0.6281138272425683,0.6014582545752696,0.6021304003341257,0.5329090417932555,0.5031371570120512,0.5352415358312156
130,0,2.375726401805878e-06,3.297271251678467,6.744142808846165,1.1425848846306914,0.6626262239603088,0.6324288181890079,0.6964280183372389,0.6197925933188919,0.7632462642214407,0.5641995284611956,0.6248263655251503,0.6310798542530287,0.5452973972190169,0.46900223769561034,0.46126546771248617
140,0,2.375726401805878e-06,3.317737102508545,7.01544270735849,1.6306417317574962,0.8725615137890027,0.8915756656439506,0.9922928764867979,0.8179710091669812,0.8611186612264639,0.7240622823967733,0.6720823244386815,0.6458289635029586,0.5251690872667094,0.4639945571698903,0.44307078547107587
150,0,2.375726401805878e-06,2.9891717433929443,8.317362091396324,1.527416163477403,0.7260768734366173,0.6221341777623184,0.6844640746755126,0.6575677110047641,0.8657941011089435,0.6546916509236744,0.6508459315036952,0.5196477293611429,0.4786562208254926,0.4808019730081657,0.4522368422744328
160,0,2.375726401805878e-06,2.991227865219116,6.022163342975706,0.9668992803185517,0.5810076678258977,0.5385390850802229,0.644973079228719,0.6303869714644564,0.7357278379892287,0.5598362179761023,0.5753651624120092,0.5188971586025383,0.4198484431770062,0.40002097251152,0.3946848236957433
170,0,2.375726401805878e-06,3.236684799194336,7.186483543269763,1.7028493264869577,0.942516478172104,0.9584695094516723,1.0017566258825565,0.8403576910604276,0.9481810521918269,0.72787173577365,0.6810592031003126,0.7071760494783352,0.6059348222532265,0.6100381558581249,0.51843146768988
180,0,2.375726401805878e-06,3.10964035987854,7.118470953043644,1.3056248325085031,0.6412753960779454,0.619748492645189,0.6998211575999942,0.5757111869932874,0.6500875596036457,0.5690391833106834,0.5659374390031969,0.5859917826517269,0.5391731207823555,0.466899044276586,0.4617209450442441
190,0,2.375726401805878e-06,2.7115426063537598,5.967748675253969,1.5251457746840742,0.8196461279033429,0.8490556452763082,0.9235445725585258,0.7430249526721968,0.7541003365616382,0.56393928381536,0.5325566855847487,0.5679410647604529,0.46957590608332206,0.39577956218891314,0.34964402214842366
200,0,2.375726401805878e-06,3.0954060554504395,8.827714690377368,1.5979782521606027,0.9797247732813341,0.9385595729961959,1.12093043126818,0.9370053528187542,1.2192254172967216,0.8098727634787873,0.7423042942093917,0.7066999110377516,0.5956177066352314,0.5614970355266865,0.564656354525377
210,0,2.375726401805878e-06,3.116417169570923,6.741122827599474,1.6394496205523843,0.7934693800992295,0.7879991342034227,0.8393087038802932,0.7330076902695722,0.6881752509787854,0.5950604262730541,0.5908366524533091,0.5845600928109633,0.4505466743128501,0.4150966125402486,0.3896120547272266
220,0,2.375726401805878e-06,3.2915024757385254,6.69919545874268,1.4546258540736567,0.8353263499282472,0.8083707653536718,0.884058706590391,0.7454808892797654,0.7375701677095519,0.6054361210756009,0.6585867331821359,0.609605813279386,0.530910838945706,0.46995619377583797,0.3954948316417098
230,0,2.375726401805878e-06,3.547511100769043,5.71598554611807,1.2492200762222123,0.7753346606748437,0.7387985426108886,0.76940896126004,0.6767989263501876,0.6832709235726617,0.5764042888188533,0.6131297304410809,0.6031906287716158,0.5031411003510342,0.4081091036417399,0.3954545636401495
240,0,2.375726401805878e-06,2.530690908432007,7.513500865650628,2.0857683428540548,1.132570843250337,1.087277375391165,1.1990185213067819,1.010005041848603,0.9821684287983634,0.80482514494679,0.751477461969629,0.8330118120197111,0.6603877754073016,0.5523762144640185,0.5188236788695227
250,0,2.375726401805878e-06,3.4476380348205566,9.784302791123377,3.4199171347892636,1.598012979313366,1.6300541136754838,1.7945802167104563,1.373129094729354,1.2493532134824719,1.0095556050214363,0.8536725710565749,0.9197515557284034,0.7423470567129148,0.5422773861063274,0.5015182104039614
260,0,2.375726401805878e-06,2.8314599990844727,7.422245698953515,2.4541799171582026,1.2498512863659859,1.2262599578802749,1.3455011435257764,1.05054786491091,0.9858103989478771,0.8604795334914415,0.8430086017566637,0.8449972435663624,0.6992355815851032,0.5707147822161606,0.4885346992008613
270,0,2.375726401805878e-06,2.9602394104003906,7.057153270812257,2.4365012296338726,1.2030339432506787,1.2074127081565016,1.4026215289873762,1.105636317417426,1.069139443377008,0.7486597253467577,0.7426178339234174,0.6574094958119641,0.569974449742295,0.5052086579815571,0.4005775070677198
280,0,2.375726401805878e-06,3.1834805011749268,6.819899042308957,1.8245213708511774,0.8955177793551357,0.8204754378077638,0.9853560835521463,0.7997764486642193,0.9542642076688137,0.7645024170655702,0.6554523745044685,0.7392421594616692,0.5831380740701984,0.47301128971844447,0.4381033731652571
290,0,2.375726401805878e-06,2.9949522018432617,6.84692739274165,1.6517912816782743,0.9201888215597053,0.8995353188030889,1.0698635056168342,0.9532915036999912,0.9777799968809787,0.7568824618598683,0.6116444743047245,0.6216640995668783,0.5382524946496063,0.5239658953761972,0.4403406031899146
300,0,2.375726401805878e-06,3.161911964416504,7.15898514985006,1.5719361632129405,0.9902546629435669,0.9729677570668988,1.06269350169215,0.9318348465300995,0.9968917672779289,0.8183606971257971,0.7443765706205584,0.7002008229568218,0.6059519237804298,0.6088313812154178,0.4879549633047407
310,0,2.375726401805878e-06,2.887983798980713,6.288215632693125,1.454305369762563,0.8005031488946682,0.7683470819110888,0.8789442865101686,0.788219607938428,0.9123605701431803,0.7059542654676538,0.6243447292625087,0.5912233878593813,0.48404083935429587,0.46695475787297663,0.3920272164769585
320,0,2.375726401805878e-06,2.91033673286438,6.648404579208566,1.8583702988205686,1.0726171713581225,1.0575079892492583,1.218587990278937,1.050512719558288,1.0596668394185293,0.8282342123268345,0.76948430296072,0.713897934645022,0.5862421076596599,0.49416507567661216,0.4700745220511934
330,0,2.375726401805878e-06,2.8608062267303467,6.720958383050429,2.0310945609428566,1.1486454014934746,1.155149041930052,1.3639768199814113,0.9962504622496298,0.9287493349303283,0.7568720890359361,0.76834193838262,0.6108416958388412,0.48040139278336547,0.464194525301152,0.39894968105960893
340,0,2.375726401805878e-06,2.964334011077881,7.987306825974279,1.9901127445728741,1.0738613604052856,1.0711317524044686,1.1041775921481016,0.8758569615608388,0.8220884602461828,0.6565934183834055,0.5888881229844091,0.5052767528267045,0.4766720764008594,0.4290114674200111,0.40711207247837233
350,0,2.375726401805878e-06,2.537100315093994,8.858444797812338,2.2905010755236628,1.1956987605426899,1.068058296171013,1.222727682080584,0.9935993951891615,1.0571713612215783,0.7685840266163592,0.7946977166633349,0.7895751374074729,0.640181098331141,0.5413741792870665,0.48814316280412606
360,0,2.375726401805878e-06,2.9355523586273193,8.53799116418059,1.955353341159006,1.185101354706337,1.1822911643527376,1.414403715428865,1.1502273418568618,1.1468025677095648,0.914770349064871,0.792061100213487,0.7867280229960414,0.6709107503770139,0.6569427798580217,0.5133439315324625
370,0,2.375726401805878e-06,2.967785596847534,8.827688298821451,3.06691650811836,1.8896161559955238,1.8059844190887802,1.9231930866430607,1.5995405571735453,1.5582988708305028,1.1398124637245328,1.0287027024949182,0.8199898339043504,0.7477508061117694,0.5996745586282103,0.5070840051720023
380,0,2.375726401805878e-06,2.711207389831543,7.397825263230509,2.5496754360832954,1.3124307848534364,1.1659133212199562,1.3521129343567797,1.0805416625986382,1.029595112387134,0.8471105437018357,0.7499548615886374,0.6775890422951144,0.5965590952271826,0.5282219585767038,0.42580224844805126
390,0,2.375726401805878e-06,2.764580726623535,6.9361881668591865,1.7765207883119543,0.9743821287327359,0.9599419549913846,1.0645510754364178,0.962163471761893,0.9817497843940542,0.7303939896533049,0.6501313701244221,0.5482444207179342,0.47845115709356856,0.4496111557158219,0.3939750281920116
400,0,2.375726401805878e-06,3.212682008743286,9.361051324880734,2.6534409545326962,1.572065290114561,1.5560428812534142,1.755336269535931,1.5253315305054485,1.5499608219456686,1.2320888552706266,1.1645722593919972,1.0433929309426178,0.8585816866774983,0.6823943052708179,0.6597048949226691
410,0,2.375726401805878e-06,2.956285238265991,7.515426125274134,2.2730299807957772,1.2453713915357905,1.1903185399895877,1.2929874832124826,1.0826301331890638,1.0660732099611283,0.8205487079018429,0.6838966043612477,0.6498914075715164,0.5785573126801654,0.5690139357046637,0.4532587512797622
420,0,2.375726401805878e-06,3.29683256149292,7.041006294498432,2.0422324694242464,1.2247563272215887,1.2675814710065576,1.4746228816466989,1.1638956757469503,1.15133041001895,0.8980689300214721,0.91114940756287,0.7554518177247997,0.6765819452816549,0.5627380356928119,0.48339250948069523
430,0,2.375726401805878e-06,2.65954852104187,6.400472790005459,1.7408253671287077,0.9818661776192036,0.9352380114488067,1.0631717019091873,0.9317495417950249,0.9678230528997642,0.7938727730919557,0.7572005352763805,0.6655312688004912,0.5954804415016717,0.5419255245592981,0.4478069620669699
440,0,2.375726401805878e-06,2.94204044342041,8.673597004331892,2.7448425197116757,1.459952221919362,1.405098642822029,1.4691572087926128,1.2904088090013313,1.3497911458199665,1.1107471027737885,0.9857277792608778,0.9124774052767654,0.7614044929108084,0.698686785791545,0.5789830218951892
450,0,2.375726401805878e-06,3.250197410583496,7.151997518989108,1.5897920208711431,0.985315349413646,0.9822868908307872,1.233494154291385,1.0544915439164713,1.0400163860434584,0.8713962525274095,0.7943705934378592,0.6895109929406017,0.6537249404796259,0.5321497688940567,0.44413534664773213
460,0,2.375726401805878e-06,2.956127882003784,7.4206486442406465,1.3785607890127871,0.8430212277580049,0.7895445720029465,0.9313476665400353,0.7994463624074176,0.8644465871039333,0.7674402387965701,0.7453204002128951,0.6503006706941381,0.6392506079237005,0.48534010062083394,0.4633807563632535
470,0,2.375726401805878e-06,3.096097946166992,7.945806484951266,2.618789652041597,1.2596183932009708,1.185293808192872,1.3287655770763276,1.065177156426029,1.0063768402318312,0.881231518668613,0.739664858938775,0.7270799740502055,0.6412913397392717,0.5790428098949447,0.5266549507111166
480,0,2.375726401805878e-06,3.2559127807617188,8.202217707143456,2.445594783968,1.2244206016663772,1.2874672753040592,1.5839436642288474,1.3490413964264827,1.3141728858923594,0.9944860962679026,0.8403745952827055,0.8018511610800453,0.7104533472199285,0.6510706863914362,0.4878008345978906
490,0,2.375726401805878e-06,3.480262279510498,8.350443706399613,2.677171285043679,1.3429909012654822,1.2199228222764216,1.386802401693397,1.092548779788065,1.1181933908671449,0.8797494008399922,0.7845830218118532,0.7003660300038136,0.6095333080952516,0.5463091552873744,0.43537500795770184
500,0,2.375726401805878e-06,3.4516639709472656,6.070751240986601,1.2597830008354542,0.6097096058264782,0.6338594369551526,0.7296356307856776,0.6602777064857532,0.7313077952284637,0.6372600904887576,0.5285077339668902,0.4777336823362907,0.43136982153241943,0.42372841418500207,0.35632222316919027
510,0,2.375726401805878e-06,3.1658434867858887,8.922387634289782,2.056600131905746,1.1957819473238664,1.2382785805504588,1.4894259758302832,1.2281610736022373,1.269981378571076,0.9489051466396943,0.8725365120093463,0.759223503466565,0.6512360074224839,0.5627855525829982,0.5409236004723776
520,0,2.375726401805878e-06,3.1320321559906006,8.117178865222023,2.2593189140196737,1.1600592328868322,1.1110501303724725,1.2271207171128946,1.0131424474117015,0.9352916695808584,0.9061197595666085,0.8441134879533094,0.7485181259730759,0.5826136581150628,0.5794938405853558,0.5029608202052054
530,0,2.375726401805878e-06,3.0395636558532715,7.013644210236847,1.9002745527998428,0.9809193570681464,0.9349059419490293,0.9897332591430039,0.889076507605111,0.8325918174639505,0.6818284133469962,0.6510960690348715,0.6063196361137678,0.5105963673155065,0.48048684471173203,0.4149878884814907
540,0,2.375726401805878e-06,3.2563672065734863,7.834002772905596,2.087834758081228,1.1207529476093467,1.0754631509264543,1.2382653098855394,0.996577380061802,0.9666049753052072,0.6876257927357631,0.6828928973565778,0.592574934052625,0.5439923853047021,0.46518632213342465,0.41285217952063996
550,0,2.375726401805878e-06,3.0859720706939697,7.719191869489391,1.631823801346371,0.8912796213251221,0.8700506705891162,0.9786995683011643,0.8337087696106993,0.8500593794662183,0.7007048638482765,0.6542053971989219,0.5769427011546575,0.4971739878649374,0.49250446435893735,0.4219895967363849
560,0,2.375726401805878e-06,3.1401753425598145,6.998434432610184,2.100446391387664,1.248275135321823,1.2105808761103969,1.4057110105554824,1.22782370879681,1.2333781255280696,0.9637186810098616,0.8298787566805326,0.8205916825664569,0.6867766893115044,0.6325583061413098,0.5566837588834295
570,0,2.375726401805878e-06,3.2376980781555176,6.930968010729473,1.547240630493958,0.8725316485823199,0.836283131125785,0.9600993473641463,0.8173021490951209,0.8966422462392114,0.7403859150608164,0.6999507630622769,0.6673218025862353,0.5210282746347495,0.5208374098893597,0.4195049497228904
580,0,2.375726401805878e-06,3.5512709617614746,8.941295484358296,3.0109314834649554,1.4907796345072808,1.3104534449421414,1.5637300949276216,1.2963902062456272,1.3149830512208318,1.0628915138519768,0.9500933124056183,0.8875504697977811,0.671963825294574,0.6314419783487755,0.5470499726095471
590,0,2.375726401805878e-06,2.82747745513916,8.715741035744891,2.9210335867395796,1.5133056715244995,1.531679371271599,1.7837958553960296,1.4271912740015669,1.3228965068895016,1.0274154617858688,0.9033983627313862,0.7450237547595602,0.5908849679392995,0.5496275798242919,0.5057159750328039
600,0,2.375726401805878e-06,2.9541208744049072,7.098204683470016,1.8840929319718938,0.9400013221339982,0.9795140949555655,1.0591739758186804,0.8593362218502523,0.8330081907850198,0.6162628630842014,0.6483352173588226,0.5519200076199615,0.5115434235645406,0.4594052377696735,0.39967607945804157
610,0,2.375726401805878e-06,3.1846489906311035,5.888099345793922,1.3735298126609532,0.7838750214513059,0.7516119723590469,0.9278282931121726,0.7689968854194811,0.7684106648193989,0.6516429704694081,0.5547271039214342,0.4814094654058784,0.4205957646609268,0.3912416154630413,0.3397622290442215
620,0,2.375726401805878e-06,3.3870763778686523,7.0801891882996015,1.819353721201111,1.0454431403721431,1.0577676132020246,1.3403227593625848,1.123192490539344,1.0726900382431848,0.845289546206653,0.8189857814390423,0.7223129949123934,0.5951694168106421,0.5614775332347752,0.5051059574134671
630,0,2.375726401805878e-06,2.9248757362365723,8.147446325238866,1.9564019969832935,1.1328863367910416,1.1648991998746594,1.3631075547145066,1.1271393853823688,1.1516820844927558,0.9275425165849298,0.8283396979720161,0.7446569757760162,0.63888066572189,0.6058116124006484,0.4543237148326223
640,0,2.375726401805878e-06,2.741103410720825,7.389308980497001,2.040568597113961,1.2386646969982205,1.169627775894668,1.2834853491966147,1.1224203604407745,1.1205968472880483,0.8731906313678381,0.8703468145279581,0.7846935927374544,0.6589925855765559,0.6048119164803507,0.4815289916226997
650,0,2.375726401805878e-06,3.191096782684326,6.469440757057905,1.5167565964732814,0.7905261945649866,0.7368797264531326,0.8977202331628886,0.7674130075120343,0.7620845885873936,0.6759074435537604,0.571718064201419,0.5316687670686996,0.43870378218602596,0.41028267409303143,0.3364831108457355
660,0,2.375726401805878e-06,3.0000667572021484,8.365147838243882,3.201874438240048,1.6882077682485128,1.6316959744055508,2.010956838928673,1.5625328047203253,1.3872682429255687,1.1194034890098254,0.9167171063198835,0.807588578169204,0.7138808925687583,0.66210835404989,0.49895613797291755
670,0,2.375726401805878e-06,2.6088366508483887,8.774782188116584,2.3956306849132094,1.395021674929298,1.4693923343824729,1.6881766169724335,1.3367322621984263,1.1063658087658843,0.9787703369475,0.8946942269339192,0.8086180191282352,0.6510278367918072,0.5501943552713445,0.5025578235651003
680,0,2.375726401805878e-06,3.0419421195983887,7.72967035672335,2.2673718489058303,1.2889825139327287,1.1988565765132646,1.4042032367530888,1.2813938905484876,1.32830651150435,1.1629730390717772,1.0625498455843725,0.9259043811331212,0.7741818303816659,0.6664786212016955,0.5425876015172177
690,0,2.375726401805878e-06,3.257706880569458,7.133915931579781,1.6662438287514312,0.9432440270060553,0.9238846330587858,1.0514607227408899,0.9134746253727979,0.9134231495488551,0.7231958203850631,0.7508078652607624,0.6943713221196878,0.5416982365506342,0.48279380752751494,0.46883294370659423
700,0,2.375726401805878e-06,2.4932808876037598,7.1664746119027125,2.4442449041527032,1.250599714232074,1.3476957564592866,1.6104660889783478,1.299082895752333,1.1475527512564996,0.9581054319750696,0.8091868824884794,0.6471996185029637,0.5822288635796523,0.47972523542827944,0.40037833771372916
710,1,4.751452803611756e-06,3.3093090057373047,8.23925795956176,2.5081944791550015,1.280660793702387,1.2543271482337748,1.3936210861398557,1.1811292449994746,1.178004848872733,0.9561177152871031,0.9715317160591217,0.7926957268831134,0.7683192607519134,0.6253577350134767,0.5566202897327891
720,1,4.751452803611756e-06,3.172614574432373,8.851510505096604,1.8158235508952945,1.0312805121032391,1.0397865056203126,1.221431480325555,1.0309190045084813,0.9897625153109172,0.9079535626440349,0.7456435044819493,0.6990038518159132,0.5585414233981031,0.47772422804841536,0.44701985628792795
730,1,4.751452803611756e-06,2.775660753250122,8.74400421918567,2.61229116085374,1.3145248238010165,1.353949637078629,1.4982517754222848,1.177571918465376,1.1173608487250166,0.9016760758848559,0.7909352423138236,0.8072998330735649,0.6403457684854227,0.5538459311100606,0.4252786921265557
740,1,4.751452803611756e-06,3.432969570159912,6.91801938959119,1.752446043905399,0.9414255256758188,0.9606510056680501,1.1382835461587262,0.969981669837565,0.9217454869309959,0.7376769963777745,0.6682618244970631,0.5966954499339993,0.4773303721740515,0.46110512304239065,0.3782851295193965
750,1,4.751452803611756e-06,2.923374652862549,9.648196022565333,3.243101462059329,1.663246734448257,1.5572247331035691,1.7889478479551737,1.3355575202041787,1.3291062325660774,0.9714813019943349,0.8834052077360941,0.7439390610215401,0.6838034300367628,0.6041166544277097,0.5396113689768308
760,1,4.751452803611756e-06,3.7008442878723145,8.42487394368828,2.3403137462444064,1.1579924665456582,1.0353024872154264,1.1684408448029115,1.0273740934153388,1.0557418707669526,0.8960926586763545,0.7855985864222511,0.6998615201657195,0.5631313778680489,0.53523131104857,0.44047062853643776
770,1,4.751452803611756e-06,3.1557488441467285,7.5581683185282,1.84288759329992,1.015942459799932,0.9858480931134574,1.3167370467375967,1.1520661618485304,1.0202484293458827,0.8394134260507564,0.735266770518722,0.653300081343496,0.5756605960593613,0.49182081338643335,0.4354551494543107
780,1,4.751452803611756e-06,3.324882984161377,8.256256443748509,2.4038964354194934,1.2767319079956743,1.176894889436539,1.3647179032128494,1.1364095992584222,1.0669645993648114,0.9711762720362946,0.825933395334487,0.7269420236506346,0.6491989490691151,0.5554395402074033,0.45068412689603854
790,1,4.751452803611756e-06,2.748582601547241,6.234835701919962,1.733860402768117,0.9042430380123706,0.9162771460824575,1.0605075193220033,0.9190492041739795,0.7643481552620317,0.6453411799257456,0.5703815426061568,0.4973085670217664,0.4685185754061279,0.37630825607933077,0.34277986438539615
800,1,4.751452803611756e-06,2.5136337280273438,7.714669590542762,2.583327870137385,1.4239234436790826,1.5065285866149103,1.7495519735471932,1.429733524752613,1.3643041374076679,1.0402412763645803,0.905186461304021,0.7696962212071989,0.6647109837251549,0.5742850142823274,0.4615844328655412
810,1,4.751452803611756e-06,3.546599864959717,6.395510143753138,1.6508852642824916,0.82646062848863,0.8068131909063312,0.9549983920337242,0.8590940227708422,0.8898436111205781,0.7526305224009483,0.6530667103322664,0.5591333928159921,0.4863703613900405,0.3914228679964096,0.3932926670314575
820,1,4.751452803611756e-06,3.253474473953247,7.86248183380579,1.999168723710495,0.9912656751032999,1.0043262652907972,1.103822059540984,0.9367553179580862,0.9460427111938243,0.7792252808189588,0.6573088617854356,0.5626037897533361,0.4757453745340323,0.40141233295060913,0.35008382389333087
830,1,4.751452803611756e-06,2.808948040008545,11.521545893715494,3.143668295455218,1.685870472467037,1.7981778744362746,2.185355414337436,1.7988205007990552,1.7302903663715883,1.388459236146683,1.132175803662024,0.9742818183828003,0.7626027375007973,0.6870789481760046,0.6343453037490433
840,1,4.751452803611756e-06,2.9960572719573975,6.575282014875052,1.9288398209648208,0.9223270013127671,0.8657588016111005,1.017404556444262,0.8675038505086881,0.872571587465813,0.6849243945656763,0.5784192185739219,0.5257360136728363,0.48381517742979735,0.38869777603830435,0.3458926547948072
850,1,4.751452803611756e-06,3.353625774383545,7.044223715411677,2.250150772910554,1.0957575993162738,1.0433012220151245,1.1545559256135998,0.9726141014814856,1.0336068205041247,0.7717573248961481,0.6469744940216576,0.6019562735503159,0.5563234075900377,0.45075931707546046,0.3652322995766081
860,1,4.751452803611756e-06,3.359739303588867,7.807478465923561,2.046387338934742,0.9849915009491134,0.9545706232842065,1.021761597347896,0.8616220053378072,0.8113914380349115,0.6790295433259315,0.6384797892913519,0.5215750110405679,0.44175647679157665,0.40277883407343573,0.3751940050747064
870,1,4.751452803611756e-06,2.893953323364258,9.020493251735891,2.2962484468549924,1.1876051727012868,1.1952489184994455,1.4171092208234215,1.1189630867661382,1.0636187463201785,0.8578635932678018,0.728607311927823,0.6554034884805849,0.5417672466440405,0.48216118064362906,0.4457075970859668
880,1,4.751452803611756e-06,3.242691993713379,8.814930755191641,2.40795120438202,1.2518319016253332,1.113894551730495,1.2134702738521512,1.0606190245514635,1.1241468093276115,0.9029971331567536,0.7789191896495116,0.7217088625974976,0.6119337508816046,0.5509926015357557,0.47805013622598397
890,1,4.751452803611756e-06,3.589482307434082,7.878582382668189,2.0452435530314084,1.0665999943962552,1.061489346248721,1.1146720843073632,0.997197419782622,1.0045125079630735,0.8299665186250155,0.754142128332073,0.7024877840275913,0.5818144695459927,0.4772262591232878,0.3909877505822579
900,1,4.751452803611756e-06,2.792572498321533,7.658853220112086,2.2063679992301846,1.100021964451081,1.0830824180557945,1.2460845263806448,1.0369045353358108,0.9071529174349324,0.75630511497045,0.7054992115334927,0.6581839368554105,0.5228921754616644,0.4483942999852191,0.4042375961385361
910,1,4.751452803611756e-06,3.162623405456543,5.957502237614097,1.600957291662453,0.7416934355563837,0.734707095195797,0.8712896539680064,0.705642311260237,0.7947672556556132,0.5906806041103678,0.5269047011568394,0.45338593841609665,0.392625172198887,0.37891271739440896,0.3248645269119288
920,1,4.751452803611756e-06,3.360908031463623,7.78048483509968,1.706081606069006,0.9736442082644753,0.9427670266312992,1.0733157053859608,0.9058099942616017,0.8963938991542889,0.7191840606079438,0.5884326077573924,0.5092216818923347,0.43714090854298726,0.4038842980527416,0.3634747260122685
930,1,4.751452803611756e-06,3.2673630714416504,7.831046640189056,2.128986580685437,1.0875243807042372,1.028709715020118,1.1528889303558822,1.008122686643989,1.039796786537254,0.8291241296416987,0.7214372385657917,0.6190882444035335,0.4975087290120424,0.41381933712738284,0.34220542302737705
940,1,4.751452803611756e-06,2.6776132583618164,7.404149021590371,2.353708839381194,1.2173093757695035,1.1700418275516469,1.3716003515138513,1.1334596832065424,1.167669424052124,1.0267332002631981,0.8319074331515024,0.6674621977141951,0.6599806052398951,0.5415408953658621,0.4381031816558789
950,1,4.751452803611756e-06,3.2185211181640625,8.53090280263898,2.1479197573771334,1.1750171172830464,1.0919200829643392,1.3169838254284048,1.1350191643116117,1.0993155929229563,0.8661783079118835,0.751941390273024,0.6565018986035744,0.5600770160955688,0.4347449187762808,0.4001710264394633
960,1,4.751452803611756e-06,2.634808301925659,7.161081038586933,2.615474282228524,1.2385804335687447,1.1489275357226518,1.1778542361889583,0.9552904730249272,0.9805281039216736,0.7506222443009543,0.6370213099160799,0.6005741175221606,0.5156188153036877,0.4340614833362708,0.3575907474529154
970,1,4.751452803611756e-06,2.849351167678833,8.661299664630507,2.386248735003414,1.36850326520112,1.2661220722034896,1.4021821263030647,1.2090455832802136,1.30249237597874,0.9754169349081734,0.8990494724512865,0.7217770144046255,0.6044037297691336,0.5086694307869011,0.3908960766613889
980,1,4.751452803611756e-06,2.607046604156494,6.732486909106088,1.770777500175196,0.9540227443947887,0.9104804440074726,1.1109566985619743,0.9372346052728249,1.0198823178067145,0.7922588467612023,0.6400572632768301,0.5423106762395594,0.45338321268369086,0.42738449387816396,0.3339314358561627
990,1,4.751452803611756e-06,3.5027599334716797,8.043030580005727,1.9564617174160563,1.1455142475858617,1.1510765371959095,1.4331882046658058,1.1419409877198543,1.1477560686834796,0.9096056799475861,0.7630720144312573,0.7453431642813768,0.6361339069982695,0.5318917461205606,0.4273127405177253
1000,1,4.751452803611756e-06,3.037496566772461,7.75663630660935,1.8636533780565288,1.0524208413305305,1.0156664802317479,1.2038438578315158,1.0140521697133669,1.0850196140639947,0.8792728922166777,0.8071078880913017,0.6545362343412536,0.5936199806201046,0.4884532112765059,0.40047925078270735
1010,1,4.751452803611756e-06,3.4368410110473633,8.341594188994746,2.2206330559283107,1.088181073022095,1.0429284237202954,1.2483799186447342,1.079840868433483,1.0403223807189224,0.8555666781773542,0.7893770977293576,0.7265420902497822,0.6078709940068481,0.481296379009146,0.46893277252281146
1020,1,4.751452803611756e-06,2.531700611114502,7.791136048290539,2.4325582014325766,1.23884235137222,1.2114149161225962,1.4750089159573614,1.244326902272654,1.3809429961407085,1.0447914292368286,0.8714019602397901,0.7552335251074539,0.6674291095459598,0.5577207228994951,0.4464589033467233
1030,1,4.751452803611756e-06,3.068321466445923,8.57350309590958,2.3015631575318527,1.157119387329458,1.1698862764176785,1.307586328188719,1.1322811564540265,1.2578440369404915,0.9662258205943882,0.8580805540025719,0.7186735062040153,0.6607946923933277,0.5649985197972098,0.45052499122890327
1040,1,4.751452803611756e-06,2.8221566677093506,8.523999926375197,2.7683242482873145,1.4564024100793953,1.5419673547178099,1.6041072480668952,1.3384845760469617,1.2399535978781755,0.9286268190015312,0.8145230602937279,0.6399324453634041,0.5724331558409191,0.49383609914174076,0.41648457841899733
1050,1,4.751452803611756e-06,2.6291849613189697,7.9105438603405265,2.366396544975817,1.1994700842277104,1.1295436824114211,1.3982734337315201,1.0880159597870562,1.094509579597378,1.0103927364041816,0.7823570658896201,0.7156224292274508,0.5898830672290641,0.47684387327425065,0.41603217885508215
1060,1,4.751452803611756e-06,2.9548838138580322,8.974693039180627,2.4811362803827715,1.3059149509907424,1.3750254601338305,1.5220791657174246,1.3383853628678857,1.2251428760506824,1.1048402192729956,0.8890755500269367,0.7766278447599444,0.6128873045160608,0.49868015636164775,0.41318680586999873
1070,1,4.751452803611756e-06,3.285890579223633,6.9698515939945445,1.8936695134117714,0.915770423440311,0.8590018109370463,1.0105307156397605,0.8544150046589115,0.9226783331727104,0.7476817828286813,0.6062918386545523,0.5524676058563178,0.47330443460207583,0.41295215651028777,0.33375074272481525
1080,1,4.751452803611756e-06,2.3424673080444336,8.730887510078801,2.1500755117900194,1.1442692535814902,1.1069776870313224,1.29676050548698,1.1472454473118892,1.127303696551268,0.8239379249018274,0.7395368761012004,0.6839867453127962,0.5341340905205423,0.41678294907901214,0.3896008281450252
1090,1,4.751452803611756e-06,2.403618812561035,8.171536141704719,2.3772421067704697,1.306598995414971,1.2839168903382987,1.5641047130906651,1.242931596345797,1.2799700108101857,1.0172965477066858,0.8595774450559586,0.7106218016454884,0.6197890317212367,0.496538075772889,0.44708772579374323
1100,1,4.751452803611756e-06,2.9420480728149414,7.755133727118264,1.7266078733637842,1.0034406471909163,1.019109913220042,1.182300293924765,1.0080393499473412,1.1266593954998063,0.8528040108133927,0.6755435394297142,0.6077416709357418,0.5098835931779157,0.44826096013111183,0.3578821277530833
1110,1,4.751452803611756e-06,3.2942469120025635,7.154031924178106,2.2834613216417297,1.1487044428174604,1.0905216597232115,1.2888249062494528,1.0276963434054605,1.1040167764812345,0.8550141154247748,0.6694341177739636,0.6007222693474579,0.4706158641669942,0.42291530390835774,0.357561771019423
1120,1,4.751452803611756e-06,2.960141658782959,7.187122128387594,2.3483784130374823,1.3983441027919703,1.3107565227325786,1.6113684990549757,1.4268655737506084,1.4557066676764596,1.0876523870250172,1.0221697612010934,0.8544179128143896,0.7685259368189822,0.6161005107155122,0.4762795949777587
1130,1,4.751452803611756e-06,3.393118381500244,7.681785421369223,2.1712747761501494,1.1590654866939238,1.1298862830098857,1.2981475634212332,1.0713052686874465,1.1007889948338352,0.9486676427376621,0.8156940614298264,0.7120619870661237,0.5423827483469289,0.5236661314994958,0.4050546100401095
1140,1,4.751452803611756e-06,2.7468385696411133,6.468552418332709,1.897831263668524,0.9683255668055869,0.9592232739821615,1.09878064424587,0.9145922238612819,0.9505598134172047,0.7390513544888767,0.6556307960836659,0.5775920643026006,0.47559813365720005,0.4091204687785957,0.32806034338416046
1150,1,4.751452803611756e-06,3.0333967208862305,9.636172409509753,3.0026625006523515,1.5236043703788007,1.4659884231412295,1.628152254067931,1.4765384900328693,1.4374372966112499,1.202773091442576,1.0737991422449717,0.8864806117607336,0.7595644596791313,0.6652178087707675,0.5952286700364451
1160,1,4.751452803611756e-06,3.025052309036255,7.898351930851573,2.2331527473687363,1.2522743338835702,1.1589380823862623,1.3437621052221531,1.105890191910519,1.0662429863026177,0.8534492828441756,0.7330143329801149,0.6730375145750525,0.5417480624678327,0.48483880901286497,0.38400442796152834
1170,1,4.751452803611756e-06,2.5745277404785156,7.505756355628388,2.0972804788664443,1.0063089364030615,0.947932756326713,1.173926749361718,0.9762811561044448,1.0335912319191962,0.8556976607969984,0.698070927083584,0.6391622041489329,0.46038154652959873,0.4712622800803742,0.37031464253105356
1180,1,4.751452803611756e-06,3.0967910289764404,8.86475610617025,2.65720833398554,1.2026926549199892,1.074316571940172,1.2113264653780709,1.066374776973132,1.1308703390230892,0.8948117722840554,0.7317021520657869,0.651887758208487,0.5394980032058375,0.5134652000966072,0.3880170973127558
1190,1,4.751452803611756e-06,2.0596437454223633,5.987152515838067,1.6260322764949549,0.9557560629772087,0.91694909825659,1.101656762667717,0.9583014715666575,0.9174838569934084,0.8125205270170921,0.6725529781952919,0.5511089237814046,0.4871164348692661,0.4040727994608197,0.3344506106150769
1200,1,4.751452803611756e-06,2.7044143676757812,6.9902753781673415,2.2889232771032795,1.248387497512576,1.188266932953022,1.370103748859576,1.1668944490350943,1.1822998478408338,0.8927882512939647,0.7745799372113468,0.6777007620530301,0.5585965246700811,0.46141396058296325,0.38356269878309096
1210,1,4.751452803611756e-06,2.746683120727539,6.803857327537238,2.076418683311334,1.2160851618112658,1.2580924027531988,1.365693647552548,1.085705067248381,1.260812983410693,1.0103575993983576,0.6795937187671846,0.5979043817316353,0.48427241713692154,0.4540236707748045,0.3657466668826099
1220,1,4.751452803611756e-06,2.887437582015991,7.754078810640194,2.0259649504328197,1.0964467209835014,1.0138300674377492,1.2170207713637733,1.0553956786792265,1.1576074745283982,0.8865017516277329,0.7481730071163489,0.6022772206420771,0.5212022408292051,0.4410791001844795,0.38194054161401025
1230,1,4.751452803611756e-06,2.892031192779541,7.544395829368222,1.9969887493395584,1.1373798144972165,1.044788763584264,1.2479792173353281,1.0592924819533482,1.079120135228393,0.8331848691254485,0.6562138312352398,0.5642524733079626,0.491471634612928,0.46701933177052807,0.3904972138392525
1240,1,4.751452803611756e-06,3.0917155742645264,7.90503234646362,2.3921142979665673,1.2868558469088707,1.2841348102088264,1.5280799308198247,1.3306828109979991,1.4505684760621356,1.1568283954213614,0.9155005793156135,0.7701982832765265,0.6180154298833602,0.5285632211657608,0.43699863556772156
1250,1,4.751452803611756e-06,2.114375591278076,10.997888465275233,3.010573123235967,1.557035400333474,1.6488697077697512,1.8901662016935248,1.5324489439231903,1.575732608378737,1.2993200866244086,0.9810661456357475,0.8493651408476146,0.719022578885723,0.5888195917526285,0.5062430370092877
1260,1,4.751452803611756e-06,2.554503917694092,7.106883777686165,1.9269818434867587,1.0817267280098375,1.0389147995982104,1.1939680997768982,1.0436584858991023,1.1086373951864699,0.8827467421139809,0.7921100554212949,0.6749420553453216,0.5456340989205846,0.5184033106064795,0.4631515705386473
1270,1,4.751452803611756e-06,3.1948091983795166,5.887265035866653,1.6339805230798456,0.8664507816590556,0.8411537654241237,0.9795066882132882,0.8472636884362829,0.916821701582165,0.6909810964625785,0.627973127204349,0.5165223753504037,0.42973732851153995,0.388659361017251,0.3101232945071865
1280,1,4.751452803611756e-06,2.4452085494995117,8.951381593668374,2.436818972809174,1.4258778796536176,1.3084663775714107,1.5108224900448415,1.2948410000968027,1.3225750142774626,1.0570002304983246,0.9027848598560034,0.82394036009922,0.7351922807776302,0.6080589612187417,0.5417022985598217
1290,1,4.751452803611756e-06,1.5718226432800293,7.0862731148455165,2.304395482600759,1.2350510276422573,1.1966506017083782,1.3045257962298542,1.1521404576123238,1.2369938379623355,0.9791422098618008,0.7499352293933614,0.6346102924292156,0.538281722381201,0.442900510129609,0.39463975840961374
1300,1,4.751452803611756e-06,3.140315532684326,7.425326218053619,1.7778784156555674,1.0383971588345786,1.014858677958379,1.2015215109238317,1.076744126188663,1.1420763656689177,0.9011833316623523,0.7654258842358869,0.6959166945667872,0.5869340834553965,0.49312991402327644,0.4328084231264832
1310,1,4.751452803611756e-06,3.2336645126342773,7.640008345938216,2.674816745580593,1.4193439152061826,1.2527037690126668,1.3421312877866027,1.1758517094528247,1.1575070197244193,0.9057583868522617,0.7675563545829385,0.6194125892329484,0.5059296097392456,0.47373356808985095,0.37506677920557724
1320,1,4.751452803611756e-06,2.4670023918151855,6.334469463303254,1.5893627687915033,0.8565062156281077,0.8266639111492587,0.9562277490064371,0.8286906015855844,0.9511117466539938,0.7642034201849867,0.6025586853433461,0.5321293488495805,0.4340458501711364,0.38380830295251966,0.3136598412501563
1330,1,4.751452803611756e-06,3.408402442932129,9.31683228222913,2.4562433294894515,1.4607398736688098,1.430191341498159,1.6699881486297121,1.395086632303286,1.284545454928568,1.0527640964877039,0.8741408426066812,0.7093715479792443,0.5940384603656286,0.5848141035894635,0.47939075844478624
1340,1,4.751452803611756e-06,2.9031853675842285,6.936151710823019,2.0780361824336406,1.1079540982921867,1.0630258780560669,1.2260389766234145,1.0769314377802677,1.124777003661997,0.870615122317231,0.7133953166254188,0.613730015453294,0.5393583747796856,0.4262715539882211,0.3490233777799641
1350,1,4.751452803611756e-06,2.4315409660339355,8.36359084566617,2.594749838850623,1.1900456663119208,1.1348653156089168,1.3061442676187556,1.139271992604032,0.9943443693625582,0.8453965244380354,0.7264965490638614,0.6231071693277005,0.5176227767792004,0.45282651080787495,0.3909756344150523
1360,1,4.751452803611756e-06,2.8676960468292236,7.307000174564386,2.3105088065777863,1.1211449863421596,1.0713657493080426,1.2344772026096023,1.0193453652472089,1.1068743109656325,0.8974423804210777,0.6249228955241366,0.5937871652309846,0.47675899165532476,0.3804478795139965,0.30124443553836927
1370,1,4.751452803611756e-06,2.5742266178131104,8.265654850483356,2.465964741195003,1.331564984506354,1.2948825449566244,1.4725095119827756,1.1981352921728283,1.2106880613891122,0.9264198442223143,0.7475625786028447,0.6919075655683234,0.56308214517065,0.47143093096499705,0.4120943669621968
1380,1,4.751452803611756e-06,2.969559907913208,6.955158409897201,2.124868077575362,1.1782026784711321,1.1658384719046815,1.4424226986544404,1.179877890341917,1.180583606947372,0.8878258336094567,0.683505779091675,0.5568677714961418,0.4381099357497383,0.3583225229474547,0.34890313557610747
1390,1,4.751452803611756e-06,3.167202949523926,8.782706965742605,2.950003926767485,1.5844780163608165,1.3788721089486138,1.7168985528850274,1.4734789866573064,1.5178616741283646,1.183718978450894,0.9943907214472694,0.8786616942870958,0.6544863561391565,0.5218432791237398,0.41606187033242975
1400,1,4.751452803611756e-06,2.5456275939941406,6.933322115553112,2.014055655159916,1.1638867204563506,1.092878425545706,1.2223675776563874,1.0730165984602744,1.0832653775204386,0.8483665542240888,0.69281088784399,0.623246207839469,0.49784265823939255,0.47192908729210115,0.3860118106775968
1410,2,7.127179205417633e-06,2.501248359680176,6.705738613363513,1.6274924003095332,0.8920368708410309,0.8776204319145509,1.0312474964748821,0.9079882772213881,1.0779097915942966,0.7993967057257182,0.6503395279626658,0.5584270536658075,0.45495812903875676,0.41789456231085836,0.3446633819656773
1420,2,7.127179205417633e-06,3.1968302726745605,9.466351901658486,2.567639508381715,1.3707892953447938,1.295766035771881,1.5611278052200794,1.330753947928448,1.466136624960259,1.113589033433219,0.8855425066990325,0.7886550104142697,0.6480288021997869,0.5318397852470425,0.42951323172888023
1430,2,7.127179205417633e-06,3.536543846130371,9.510181977653845,3.006073932193102,1.413927521515384,1.2980938115365332,1.5385556867768795,1.1697507353582905,1.2016301308767128,1.0039491883577027,0.816739685582287,0.6676950418853556,0.4929556435867834,0.44573527553117387,0.39286623719449376
1440,2,7.127179205417633e-06,2.6673784255981445,7.3484951088469055,1.995068203973742,1.0657782310947865,1.0286091677047136,1.2238348502265757,0.9939942798047784,0.963715977587597,0.7300258183028064,0.6559284090539118,0.5467906921776688,0.4613315893278027,0.4020433167324744,0.34287240833812754
1450,2,7.127179205417633e-06,3.030123710632324,7.215259928470297,1.888556412835747,1.0120154161534327,0.9664173210825534,1.1007218238801757,0.9757698935024635,1.0311293134076591,0.8116251169633657,0.6734546037729742,0.6130705471732152,0.4470631776049902,0.39445239739290777,0.3377144356513993
1460,2,7.127179205417633e-06,2.488409996032715,8.430444861938915,2.225629116827808,1.1294358699738565,1.1510726425795121,1.3565025085485003,1.087776769575845,1.0911877914907409,0.8221457182314837,0.6977899704868499,0.6031591986929599,0.46792747575640475,0.4114729612592415,0.3402211299898422
1470,2,7.127179205417633e-06,2.9594545364379883,7.928300344250013,2.443083092947064,1.3360519049534803,1.316535224640011,1.4870838923368326,1.2930565409472712,1.3510476944657952,1.0166510037656953,0.8969451744293899,0.7335238734387263,0.613737981397159,0.5426160217941665,0.4615080852317434
1480,2,7.127179205417633e-06,2.546738386154175,9.481003355496195,2.162834682515067,1.096677514980199,0.9736532883185316,1.1027734504978493,1.006826360733975,1.061706142762633,0.8240008193810089,0.6595007081127495,0.5693136475463633,0.48588187185913073,0.3949737667392665,0.34009266234073865
1490,2,7.127179205417633e-06,2.914576768875122,8.59650801574319,2.0458210328394464,1.1341702075007256,1.1323460776750165,1.2678582873117632,1.1067708185870273,1.1801280124008406,0.8660662098509104,0.7203480021986225,0.6045430680215976,0.4704427078806207,0.40872730721404926,0.30962852883014574
1500,2,7.127179205417633e-06,2.8673219680786133,8.258975481716977,2.951824144684996,1.4683768968882613,1.4493142334954086,1.619580175530225,1.3632824092799603,1.3190742944721736,1.004634200676578,0.8454076574518762,0.734626346809037,0.6538401808334915,0.5134983377765088,0.43001239927576496
1510,2,7.127179205417633e-06,2.7236571311950684,6.2611005791841725,2.185400732315388,1.159875775967329,1.0871622981825948,1.266237488386925,1.1022689044243423,1.2962695613799056,1.0498080748403593,0.75199256616366,0.6550104854189788,0.5509197840236985,0.4260377204273524,0.33272635748023577
1520,2,7.127179205417633e-06,2.8379368782043457,8.608445387184048,2.3982059731178924,1.3439088680455746,1.2828638654014497,1.426546477157761,1.229256776314171,1.2289965138072847,0.9441241778107394,0.8010943139641539,0.6914476428607993,0.5657966713362521,0.46135224060721386,0.41292264742169865
1530,2,7.127179205417633e-06,3.8328800201416016,8.804423493524295,1.9729088260324317,1.034112733472659,1.0330738762434055,1.1946401288982442,1.051630726225011,1.0202343471378976,0.7753726428433672,0.6453171602656369,0.5982974257951188,0.4806594068978527,0.40202423547169713,0.3398585318498781
1540,2,7.127179205417633e-06,2.8025460243225098,7.944669911142088,2.2230088768891156,1.2044485158908882,1.2772800245059377,1.7430031350026545,1.5060331711872712,1.2361904729098636,0.9028408959145274,0.7325139875802792,0.6163353990118662,0.5253009322956875,0.3954943166881734,0.38726576189312895
1550,2,7.127179205417633e-06,2.70280122756958,8.722535311578005,2.2958139767859436,1.2150564809903945,1.2052626143750995,1.3900069265393156,1.1777977991087312,1.165335671326894,0.9050610365555322,0.6938769410906717,0.6442903228964119,0.532667190156752,0.4613602968800786,0.3717941470394692
1560,2,7.127179205417633e-06,3.2030282020568848,9.790290361880956,3.1434173710087316,1.7382352591843737,1.6323042049459053,1.8595715375569093,1.5314779166260453,1.5243660060036028,1.1793753629506742,0.8769418665694504,0.7819344113813306,0.576128590716296,0.46478372298301646,0.38264492081974194
1570,2,7.127179205417633e-06,3.0020313262939453,7.566363948039767,2.2536105310279715,1.2312935100602742,1.206075125494075,1.3763670002629955,1.2399715816893133,1.3146578022197264,0.9636687189276829,0.7618517102114701,0.6271517922798004,0.5337522782755713,0.3869957477899928,0.3124238244750482
1580,2,7.127179205417633e-06,2.7672903537750244,9.035176758900107,2.561828085650934,1.2900685123631124,1.2204904654993178,1.4665634884939296,1.3025477752828152,1.293029053716878,0.9871048591105104,0.8150891931373783,0.6894096804196694,0.5783139078747485,0.4655350652618534,0.419417958978998
1590,2,7.127179205417633e-06,2.8278584480285645,7.160578715545133,2.320656541747596,1.1977407042100985,1.2099426688030495,1.3711119255178301,1.1955673329469376,1.2100354738071541,0.883326833598043,0.7364323078134922,0.6398681689433993,0.5214528446616876,0.4793980812220809,0.38494477284694906
1600,2,7.127179205417633e-06,2.512155055999756,8.159766400680823,1.7552920700771946,0.8824638741209127,0.8565888641777369,0.991483595007516,0.8779611046439162,0.9050185328906741,0.6475208599547291,0.6147910329147861,0.5048168412861012,0.39652077487023174,0.3493724209249494,0.2995282024013503
1610,2,7.127179205417633e-06,1.915764570236206,7.392814163089802,2.178712944016239,1.1717663197984778,1.2144820633875002,1.4464065760807843,1.1312519490856414,1.101551313807944,0.8317065754637375,0.7114962077445467,0.5995367552903004,0.45997848299001914,0.4190518181629257,0.34235215409555186
1620,2,7.127179205417633e-06,2.333913564682007,9.563575206503488,2.7870006169044705,1.3674364938030061,1.221584801463378,1.4356345006618483,1.1704970196597806,1.2006508885583702,0.9395861647178553,0.7921723855205756,0.662641528977128,0.5647927110217023,0.45423738515468826,0.37663025641859355
1630,2,7.127179205417633e-06,2.8116369247436523,8.2691961426515,2.255268235247371,1.2620888250928073,1.2110351726438007,1.4274744446533447,1.2596205634083473,1.252905484040638,0.967323651659832,0.8523622282960476,0.7315065680914504,0.5416581380899121,0.5050763690614858,0.40920838189382125
1640,2,7.127179205417633e-06,2.6257262229919434,6.620041259661746,1.8495122432034499,0.9659021383536807,0.9475302782777242,1.1019171396917615,0.9636417147949241,0.9553216785045977,0.742578322554411,0.5991282694966104,0.5446439139674845,0.4415044236166292,0.3741639507633747,0.3128356815835181
1650,2,7.127179205417633e-06,2.9229207038879395,7.7503971077749725,2.030108331224495,1.0612240307690002,0.979920849892642,1.0867642096809926,0.9808990076461638,0.9855891911890025,0.7752451010687684,0.6693407524474596,0.5888529314384158,0.4797743853793167,0.42144669234877924,0.3499016841314702
1660,2,7.127179205417633e-06,3.0725460052490234,8.384187054405741,2.3675430011863527,1.2865149643207479,1.2640661016635502,1.4607517896268851,1.2019877559048353,1.1959264634147835,0.8675804057337795,0.7208919927629812,0.6423980677933304,0.48392111070849786,0.4661000831012415,0.3233984420341854
1670,2,7.127179205417633e-06,2.7083868980407715,6.818957733208945,2.073498932409251,1.1443715770647278,1.0751428179735996,1.2053831732117903,1.007605970214861,0.9977038094233,0.7528435267087518,0.6544311336984393,0.5723380976501601,0.43615398662180777,0.40990938003940924,0.31822230249697286
1680,2,7.127179205417633e-06,3.117091178894043,6.894167497323328,2.234491183638666,1.1606615752573337,1.0552594305846943,1.182283220912432,1.0184423281974098,0.967277864236608,0.7441364947611395,0.6485631696747732,0.5740265781400471,0.4576060615529782,0.4157475778282921,0.35766210069218507
1690,2,7.127179205417633e-06,2.902684450149536,7.986781376954212,2.260077421711317,1.226606418345743,1.124826439837112,1.2733642838050938,1.0626811002777368,1.0784918581351306,0.9120260028622205,0.6632867394597592,0.5567144903574632,0.42884489862581643,0.3922970470992269,0.34849156740947207
1700,2,7.127179205417633e-06,3.4375739097595215,6.885173882912569,2.2405321688274404,1.0738001713820062,1.060635045320169,1.2324300578120786,1.0493218468654946,1.0416099727286454,0.7764374490780771,0.697268739231385,0.6023364688780373,0.4943855202008305,0.46555570431685744,0.3911724497552586
1710,2,7.127179205417633e-06,3.2520809173583984,6.228146613999817,2.0268716501869664,1.0953852051288877,1.0177308119498973,1.1968979438420613,0.9922529229019418,0.9659899216460083,0.7180482779293128,0.6317331633177695,0.49093042680985916,0.41022400570448286,0.3476415516715243,0.30412751544166783
1720,2,7.127179205417633e-06,3.0631871223449707,7.752975057587581,2.3083326019858847,1.3799315691660712,1.2189584513290634,1.3994308944093856,1.2081527321155943,1.1962258702491328,0.9348445824760623,0.7401840603252522,0.6411096582147832,0.5022350258450431,0.4581566747516816,0.3274346219852273
1730,2,7.127179205417633e-06,2.5360519886016846,8.662504806045632,2.2198268601139315,1.1898237153879003,1.1629608862757506,1.3658569570143464,1.1989514325081012,1.5041304455267404,1.2286244896178096,0.8241401292289162,0.7460118642595371,0.5488181276085384,0.48349157274018295,0.3882332265464286
1740,2,7.127179205417633e-06,3.1814913749694824,8.561901548396303,2.2050987726069295,1.1554877332292444,1.1606926821781767,1.435865584957295,1.272106419600518,1.3573121623750282,1.0248029439891029,0.7732474930551084,0.7319367397272868,0.6009031142312156,0.5027370263614247,0.3920650489624147
1750,2,7.127179205417633e-06,3.3675875663757324,7.272343803146509,2.176138491695524,1.1777158394900127,1.1683167430851125,1.299606491121373,1.1082775708343378,1.1420807870699037,0.8859247103665204,0.7272394179036984,0.654346446177358,0.5117661046091636,0.4290722157178179,0.3295064627293101
1760,2,7.127179205417633e-06,3.4064292907714844,10.586075236463122,3.3252504590127754,1.3800014405542944,1.300808008630417,1.514746965048533,1.2854177321652631,1.301342911601558,0.9758653668217413,0.7814252738363539,0.664207102644103,0.5119028349113487,0.4668676963352877,0.37731561715144807
1770,2,7.127179205417633e-06,2.9914307594299316,7.815831921451093,2.2434992405975733,1.2639355617216208,1.2342948757184398,1.4454290427400334,1.2634112203481653,1.319871319526369,0.9536431134955844,0.6953736923580549,0.6183115455513581,0.5022650648524527,0.4444778289352545,0.330823646691065
1780,2,7.127179205417633e-06,3.3602395057678223,6.949806961472727,1.8435174558322407,0.940550417252414,0.9650686242905194,1.1237138674968516,1.0014884206331582,1.016645830252264,0.795326182328685,0.5880515139101915,0.514205030263732,0.38939000623569864,0.36023780256669485,0.28743970131252716
1790,2,7.127179205417633e-06,2.3742122650146484,7.839285213909747,2.0972241499895077,1.1924355684120773,1.1408020342295424,1.3298212632582265,1.172817104789383,1.194153093042596,0.9644335105031576,0.805385941578247,0.7108680901652719,0.5657746550204567,0.48724283373676847,0.36710351827319215
1800,2,7.127179205417633e-06,2.130506992340088,8.041586689848085,2.174447481720528,1.2131737215709537,1.2058067849097274,1.3944066888863265,1.2702364180662051,1.26042784188125,0.9124028991690434,0.7377748659543043,0.6536752169340945,0.5291431989754315,0.4477056692510253,0.40844812006274583
1810,2,7.127179205417633e-06,2.1581602096557617,7.266080554073697,2.3029964097822684,1.2271828794501287,1.1293718696485107,1.3111588396215714,1.115478507680323,1.1543066103086193,0.9319941585717806,0.8006842860897456,0.6783241286832974,0.48352837022345124,0.45988282717475143,0.38319420736182686
1820,2,7.127179205417633e-06,2.791402578353882,8.651701990026297,2.1930390974654825,1.3575035180866712,1.2852741186225638,1.4922698069074436,1.2474002593838447,1.2731777802599538,1.0382040336713354,0.8038005113640689,0.6748358377447575,0.5235345714734623,0.45010554103128997,0.40222699518148325
1830,2,7.127179205417633e-06,2.5806498527526855,7.839650065171601,2.2918917303551978,1.38269866568092,1.3170352801744065,1.618120966077279,1.4167817078567333,1.337630709231187,1.140444435431202,0.8577641725124755,0.7082470237975595,0.54712269066054,0.49209171198715296,0.3834240003354629
1840,2,7.127179205417633e-06,2.6250174045562744,8.158526276991385,3.1617181883082823,1.9416360042153689,1.7416819390989655,1.865083860708122,1.4603956170490175,1.2262197355788653,0.8842676264774261,0.7820635958105064,0.6231486058617107,0.5225153540689036,0.46301824611695147,0.35724548189775657
1850,2,7.127179205417633e-06,3.20544695854187,6.274786217668352,1.4717309963464325,0.7974911473427256,0.7522881163923097,0.8875180349289145,0.7939730045238123,0.8370354419911658,0.6644637615246951,0.5796867686783614,0.5104914202692177,0.39328356293406336,0.3521864984323058,0.29152133376806855
1860,2,7.127179205417633e-06,3.011343002319336,7.950870755585536,1.5750506749488071,0.8531973652443964,0.8037332631941599,0.9079310532312794,0.8674636194372829,0.8612393823662768,0.6893595391344461,0.5489472731595096,0.5129364797460535,0.40270178365369297,0.35882510550224156,0.31767565703473427
1870,2,7.127179205417633e-06,2.685781955718994,8.14875141897142,2.3369659505942724,1.3911654215332383,1.3582040984230417,1.5223588882326073,1.2973708961416421,1.3789615585713255,1.0603779913724147,0.9265659040653926,0.792007110027157,0.6546122574399522,0.508274880095961,0.39328586348545885
1880,2,7.127179205417633e-06,2.8808820247650146,9.549554180261756,2.4832842269482986,1.286626905913589,1.0890142799571243,1.363376040078596,1.191767821742004,1.1337333513111778,1.0350466526944349,0.7091447700121295,0.6478017152529307,0.5480411311545528,0.47484606337706037,0.40787260896577127
1890,2,7.127179205417633e-06,3.1311140060424805,6.967187210281487,2.0021256335732516,1.0733006855324831,1.0330482356924346,1.1674869181491951,1.0170128033740815,0.9905708687385733,0.777700537237312,0.6558842994513391,0.5580572686443787,0.41317390985030816,0.387140980367519,0.3303746230106128
1900,2,7.127179205417633e-06,2.312008857727051,8.578963408074472,2.4055515122079347,1.170859160611614,1.187066584207276,1.4013155002233189,1.21446101883597,1.2895666320836616,0.9616989784960777,0.743428949714898,0.6737151645678476,0.5278092593239259,0.41862859517472445,0.34939871340742396
1910,2,7.127179205417633e-06,3.3146872520446777,6.9178387564976465,2.0877989797182446,1.1708251714303726,1.1239125699693426,1.3065958876071584,1.120449356557734,1.201796719745583,0.8751831362874144,0.7783331071731284,0.662644614085686,0.5049916300710002,0.4779976287313988,0.37611283021469766
1920,2,7.127179205417633e-06,2.8337011337280273,8.718135055690038,2.279336897609794,1.2734591033351312,1.1756209315736588,1.3505424833771793,1.2089794743375795,1.1363228563684966,0.832082478912403,0.7214021223372676,0.6158811467176928,0.46186897193721416,0.4139537310144464,0.30185379537991064
1930,2,7.127179205417633e-06,2.6852316856384277,9.782706474899522,2.8534320822067945,1.4468202930970329,1.3154398158256275,1.5106786775894303,1.290554088999345,1.3059686660854488,1.014900237156739,0.7116563100836043,0.665411382295078,0.5492482032026272,0.45387278610285336,0.3889557141976637
1940,2,7.127179205417633e-06,3.130537748336792,8.595983575734786,2.206189570745653,1.2229910947495704,1.1933414984722435,1.3843211552668735,1.3048253190371106,1.4632910057521435,1.2285292757855366,0.840475924630333,0.7998677996969054,0.6359274233664202,0.4945066044195279,0.40642973212634415
1950,2,7.127179205417633e-06,2.3837497234344482,6.566387881363986,2.0073480750229633,1.1297535573286765,1.0194178249865933,1.1052998107618695,0.9390540318519583,0.9200435497011167,0.7080706173226725,0.5637617976099333,0.5004579508854532,0.39206804395134615,0.343411975160456,0.31621643381226694
1960,2,7.127179205417633e-06,2.073995590209961,6.585075537289058,1.8482641512198734,1.058612934342641,1.0447759556212781,1.2509077906456578,1.0905426227772435,1.1143627112277743,0.8999496075125318,0.7366719085065492,0.6403037762553523,0.5181850201415091,0.42313766234889766,0.37904050686450264
1970,2,7.127179205417633e-06,2.22512149810791,6.97693866067494,1.9586842012996801,1.0000873795165857,0.8953082936575701,1.0245265626466056,0.9263025067520848,0.934213325072888,0.6805224600157195,0.5803623900746968,0.5005722662485016,0.39044258422821954,0.3484429853707777,0.29139848691320397
1980,2,7.127179205417633e-06,3.200303077697754,8.11748841493383,2.328916431650262,1.2329799652637201,1.040921178749588,1.4065851477137983,1.2817764444119313,1.170103769136088,0.9092140507289428,0.7263032651683191,0.6062458980257694,0.468766856945941,0.40613881318946365,0.28373260382162935
1990,2,7.127179205417633e-06,2.2277050018310547,8.052732751121694,2.3058253959627133,1.2734383498001407,1.2442740836829735,1.5437261490450462,1.4044793071648232,1.236290669799004,0.9621436229788417,0.6781328003507933,0.6309152673390576,0.47298655997828387,0.4049757998215165,0.34664032323135946
2000,2,7.127179205417633e-06,3.323044776916504,7.435852775598211,2.4556064015239185,1.2084041432839723,1.0870837013518249,1.2594336392696717,1.0761204702966434,1.0465669072960873,0.8037769314541054,0.706358014973459,0.5796713024103023,0.47305140694759595,0.44832216222242127,0.3700235112488171
2010,2,7.127179205417633e-06,2.4334678649902344,7.99656876695949,3.017041913286309,1.3874665160793138,1.3559185262744735,1.5262411293202547,1.30716897073377,1.3638537510795985,1.0487808119898985,0.8163436115819571,0.6575164399152886,0.49932933852521116,0.47766791040126183,0.3389010201804712
2020,2,7.127179205417633e-06,2.9840855598449707,8.685986539964707,2.381079163620414,1.2019592110396589,1.1705967051895312,1.2939318721001227,1.18869539000293,1.2612103327187894,0.9247954850824082,0.7196897105299866,0.5837846886576659,0.4598674146160807,0.4165984059435589,0.37046743382163533
2030,2,7.127179205417633e-06,2.9103074073791504,5.535005350063043,1.5135927211154339,0.8675346654216035,0.853775281355391,0.9737177578184255,0.8750957945876342,0.9109145192917317,0.6912563484997837,0.553092052659724,0.4442672763106869,0.3805692670511255,0.32328457329122096,0.26544445017773494
2040,2,7.127179205417633e-06,2.16206693649292,7.700721596703258,2.092319034101283,1.1907241440392742,1.1669625543129971,1.2921644642985954,1.189337283959158,1.0726590674732372,0.9301147867871492,0.7740135836885472,0.6212062314686398,0.5350636018077589,0.47618060728979617,0.40264837676897086
2050,2,7.127179205417633e-06,2.6052446365356445,8.011320621053807,2.2184832964326278,1.352081527985464,1.2802136766747918,1.550659461874622,1.3440732040394063,1.3085704194220305,1.07211005566159,0.9129349731814704,0.7248685197194371,0.5626803638165118,0.47194088943802254,0.39631712809317443
2060,2,7.127179205417633e-06,3.163032054901123,7.20536126524417,1.9581152375163877,0.961837445075446,1.0080730320000182,1.1875610216282595,1.0550501953541114,1.0637471234688403,0.7803858725638285,0.6781092266245569,0.6034770933938118,0.4732174182028476,0.4124194239327708,0.3217116035410205
2070,2,7.127179205417633e-06,3.5835564136505127,7.318988963525002,2.1232038737171424,1.2360539682745797,1.1235554273969983,1.2877371101180606,1.1098266044742853,1.0761545931651737,0.7949455254774102,0.6624267840259778,0.559614022624278,0.4238370182947995,0.3671844736151912,0.31777700271653253
2080,2,7.127179205417633e-06,3.2954864501953125,7.703054466411613,2.5587558501159653,1.260731074878323,1.259972988779927,1.4496778204839562,1.27406120251037,1.2343215775326966,0.9984137219485174,0.7701782229135893,0.6209900010144481,0.48542497627318293,0.39949653629796705,0.37327280855191824
2090,2,7.127179205417633e-06,2.6424479484558105,6.237510754507868,1.6402862314998363,0.9622257393358146,0.9388602596236015,1.10696747422585,0.9389174563812058,0.9605767155315967,0.7680096224426017,0.6183997236355057,0.5555520114925595,0.42301132847740114,0.4008070068994902,0.30877713674387136
2100,2,7.127179205417633e-06,3.250565528869629,9.24850222403588,2.6201702070279103,1.3310891087372891,1.2199270821941788,1.370182120336202,1.234958188536945,1.224247511408013,1.0085754008649377,0.7762458783250369,0.6250677991206264,0.5101600379321385,0.47178705915909885,0.38208863051980485
2110,2,7.127179205417633e-06,3.3292322158813477,7.189264470005306,2.163422638852037,1.0806975486839514,1.0064439507116554,1.1801949350977226,1.0338313306492382,1.0986544787071904,0.810248124847867,0.7177602820565406,0.6139766133936618,0.4689942363926821,0.3772904906436968,0.2953493874976921
2120,3,9.502905607223512e-06,2.2590317726135254,7.954432627976331,2.5022024824246447,1.3330656062687094,1.3660151452404767,1.556716691007964,1.3977506219323514,1.4045538798916246,1.082659737338514,0.8374932819283994,0.6940451036400854,0.5289003357843733,0.41701625547854754,0.33433444433151005
2130,3,9.502905607223512e-06,2.9725146293640137,6.352233247958591,1.5977121342883707,0.8286556677965226,0.8134689299033885,0.9084444014338922,0.8516528518239211,0.7845526959064829,0.5951961141687006,0.49820104567347906,0.42283065368371586,0.34672152117707006,0.3233746313997017,0.2530964847933077
2140,3,9.502905607223512e-06,3.025575637817383,8.01520715098346,1.9024779746226033,1.0490563403831283,1.0344605856014943,1.233069078275511,1.0444851378727031,1.2117283606161557,1.054880793037302,0.6907098544744724,0.5620390586281103,0.47522828420356605,0.40484589833424817,0.35650690746087904
2150,3,9.502905607223512e-06,3.296745777130127,7.2636495382424116,1.9802903614143799,1.0749283802684153,1.024519132571721,1.2285464380828073,1.088212186068013,1.167612022873868,0.8305842757475279,0.6933956183832221,0.5655455105666747,0.43650025667399406,0.4164484542722331,0.291843236110474
2160,3,9.502905607223512e-06,3.3271350860595703,7.051105766893123,1.9342400858025985,0.9905978786856934,0.9149814314222575,1.1308670974939867,0.97939257579373,0.97669409810686,0.7390756788191477,0.5758451158428998,0.5155248825084064,0.42488332371195403,0.39331899870709425,0.29877745486297497
2170,3,9.502905607223512e-06,2.1343894004821777,7.813695088504658,2.1509050172017607,1.2478016064927422,1.1937566426314927,1.3616562600756295,1.1720385363459398,1.2487178063938358,1.0021551006881741,0.7624517321450951,0.6711107850913717,0.5714259219838078,0.4423731683707536,0.3628699277172168
2180,3,9.502905607223512e-06,2.542100191116333,6.4187342297984795,1.4415619683443177,0.8006432415976295,0.7898053385424969,1.0303855782988385,0.8751498649079382,0.8598139374439674,0.665836169987469,0.5178903366455578,0.44472226114302416,0.3305626686456639,0.3129970493999132,0.23181874652749732
2190,3,9.502905607223512e-06,3.126296043395996,8.365016084534338,2.611627098135327,1.2455058300284956,1.144794331334621,1.3001020494500877,1.2327473285059478,1.258414518910802,0.954483579461325,0.7392094169737233,0.5897090393821808,0.49934279882492005,0.4133158100476969,0.36614681113337266
2200,3,9.502905607223512e-06,2.614175796508789,8.362417864776065,2.725626786140564,1.2334573546234797,1.20435261289415,1.4196707014195022,1.1558467319416836,1.1206442646118617,0.8625918978755104,0.7375673060535639,0.6826555477562237,0.4714403088175792,0.4354576208876833,0.39531880921026286
2210,3,9.502905607223512e-06,2.7713849544525146,7.540814418972814,1.9341477458269714,0.9928530698277422,0.9227202171093436,1.0152048077132132,0.8862204744725181,0.8770089140524132,0.7061715952792504,0.5817430538965005,0.4907464773723945,0.40364249295334537,0.36133383087134646,0.30652447715644054
2220,3,9.502905607223512e-06,3.464907169342041,7.801000749872121,2.278833543763947,1.245374694882701,1.1266763892681964,1.303222574592304,1.139791442096751,1.1071045141602638,0.8643251934546561,0.7226141280527241,0.6014209121401852,0.4600384161110617,0.3916362328180251,0.33107301000774675
2230,3,9.502905607223512e-06,2.5475049018859863,8.904994486656133,2.19095784037433,1.1665197467441988,1.1077196005729855,1.2736029466269605,1.16401596875656,1.143515490335357,0.8584018096312404,0.7412207793031497,0.6429144260565502,0.5137230625205255,0.4379334875943011,0.3472973720010181
2240,3,9.502905607223512e-06,2.7525181770324707,9.229978098520688,2.400434133607825,1.3481659094596574,1.308532289562497,1.5874744961453553,1.4092273965549398,1.314665399090366,1.040519814811424,0.8132090544070445,0.7169553916368409,0.518290695740655,0.4594039801455291,0.3440403273696709
2250,3,9.502905607223512e-06,2.650773525238037,7.077053165169279,2.1379887764750234,1.1893893357493297,1.157069939841865,1.2746273025198667,1.0973885269118817,1.1181286180231962,0.884825348598179,0.7222537127495064,0.6047317783508355,0.45402840628619046,0.4068733760530801,0.31446187629085876
2260,3,9.502905607223512e-06,2.225221633911133,7.38503674036621,1.703301988932367,0.9409118439584407,0.8982584033305585,0.9872512493843557,0.8768295849417767,0.8716102372892774,0.6783112686538177,0.5693630390064247,0.5103552131094791,0.41450356395091126,0.3549628430006659,0.28610473675639486
2270,3,9.502905607223512e-06,1.9826970100402832,7.5403849424320635,2.421632081032549,1.2445057905785817,1.1904875380251723,1.330293164654266,1.2324038870418026,1.531180904531588,1.2314009031960196,0.7836193847094095,0.60294913054263,0.5236580610767432,0.44277192601206933,0.3569558757077116
2280,3,9.502905607223512e-06,3.1848230361938477,7.5522437953753565,2.136131472773331,1.1153453848091979,1.0796772954802476,1.1960632418835264,1.1023511061179634,1.1976036659200995,0.9480046529132029,0.6952918493418567,0.6108196923843601,0.45595860691645584,0.43109101651992093,0.3344998449185237
2290,3,9.502905607223512e-06,3.4583001136779785,7.750812417932881,2.295052944318591,1.1387057839149046,1.1979999957643108,1.4438403818848995,1.2494493028825893,1.1363412897426222,0.909445665324536,0.7934869262125382,0.691831664958814,0.5074829548104829,0.44054913930446393,0.3672826651221002
2300,3,9.502905607223512e-06,2.3213953971862793,6.584923729767322,1.7155723236007436,0.9038034624066642,0.8815344850223426,1.00161056499348,0.9001704665752251,0.9058702695422701,0.7258744897849826,0.6109835988239822,0.5205029627714848,0.382428097774553,0.3847352689789377,0.2781504356942016
2310,3,9.502905607223512e-06,2.4100167751312256,8.719092150355522,1.9242970049386294,1.0755772342574594,0.9996247566725543,1.180613662036506,1.0322072148596282,1.0310926213292746,0.7823224346398041,0.6461592333191577,0.5567425313076353,0.44500699018000334,0.3864300820531928,0.3237350497570755
2320,3,9.502905607223512e-06,2.4840822219848633,6.8240750461772155,1.9337859620391975,1.042209206583653,0.9772275021845828,1.1075712785498204,0.9508502522118102,0.9544775297966712,0.6872355468441117,0.5596055549314043,0.5003055542055211,0.37492181347447745,0.34081310883856003,0.257374865587243
2330,3,9.502905607223512e-06,2.020435094833374,9.344853752814794,2.5052898587948675,1.4204645573243888,1.3418034090890487,1.6528256533117935,1.4209794763268226,1.3328255463381906,1.0826503724892298,0.8131521457109253,0.6979493673733778,0.5617513845452268,0.47613986723450596,0.39160914938199126
2340,3,9.502905607223512e-06,3.2278313636779785,8.404598252847299,1.9923839924557176,1.1007940224482857,1.0521480641593204,1.188945740124289,1.0473963364640166,0.9837871211510192,0.7462631295827796,0.6512823499269738,0.5828219392568752,0.45196217879368,0.33926683890929804,0.3152518829947166
2350,3,9.502905607223512e-06,2.400106191635132,8.534317567927324,2.4975453191135943,1.2968459420061857,1.1909980211336333,1.3744456915004784,1.2016693288878504,1.1189832810039633,0.9403849191682994,0.7424859427336129,0.6363219248694435,0.48271380759907107,0.42342048476310024,0.33482427614472543
2360,3,9.502905607223512e-06,2.9077606201171875,7.372851121856473,2.3003631045966055,1.1523259736110387,1.0634578095859055,1.2574286742245426,1.0608993991249414,1.0252672199513544,0.8273109602285025,0.6788123416211499,0.6009517262165966,0.45937478599754455,0.42028401204502186,0.33574655351693455
2370,3,9.502905607223512e-06,3.486539840698242,8.961902334443351,2.3664888740431738,1.17261847764682,1.1479337214377516,1.2400185193022084,1.0215308896251167,0.9019698002587545,0.6741343460877907,0.6018080208396946,0.5002826580983839,0.4264004824170424,0.34949947068312204,0.2755124442538982
2380,3,9.502905607223512e-06,2.7812328338623047,7.430427489263554,1.8030948124168082,0.9970781596453633,0.9382191022284313,1.045682893409228,0.9248135449548383,0.8682157222496367,0.6791549705279999,0.5497385189946589,0.5041711925812785,0.3912055312404598,0.36864309690101643,0.3120705903218381
2390,3,9.502905607223512e-06,2.7246527671813965,8.226842865398561,2.7151835722897832,1.3107169615506438,1.2604558318566754,1.4036139633387985,1.135809172983658,1.2324159879763936,0.9629462004127355,0.7016777737380726,0.6259787279011514,0.4698847466051508,0.3966793629430752,0.3641249003698146
2400,3,9.502905607223512e-06,1.8397879600524902,8.54013466478482,2.335874116415516,1.1904626485100358,1.1283289227063038,1.2945839789772822,1.1479507809940288,1.2009333908654907,0.9624072487144006,0.746213161080613,0.6353328274610406,0.48049904405213745,0.42758145153479543,0.3586840775018942
2410,3,9.502905607223512e-06,3.0708861351013184,8.241305792908449,2.2601989453994276,1.1244502952753914,1.0611625886220166,1.2735712046198309,1.1528869020786066,1.0982059813628895,0.8258674298565764,0.6438851780723933,0.559309500368702,0.3988746148955701,0.354440480245269,0.29921586040736203
2420,3,9.502905607223512e-06,2.5303685665130615,7.0282349710151415,2.102364772229119,1.042405279776409,0.9998386271942842,1.0597891372567068,0.9561829672068423,0.9563730679184174,0.7134687065511073,0.5632854652181447,0.4890694908643244,0.3993607437340662,0.340503418499298,0.270747500699694
2430,3,9.502905607223512e-06,2.6584622859954834,6.86150514467032,2.00098074584573,1.135627185931672,1.0445770164890533,1.2617660893167626,1.0744196508852042,1.1445776959897478,0.9287773563772086,0.7046183255718985,0.621552581023422,0.47955046827196013,0.4028170255915044,0.32314711954724135
2440,3,9.502905607223512e-06,2.972219467163086,7.957761121911154,1.9527465786381943,1.1087241585510803,1.0487476273781964,1.2194133277169281,1.0640996557457272,1.0655757220653657,0.8600644960527938,0.6704183013727536,0.571651988254997,0.4655621188560013,0.4181409971380586,0.3280461012307105
2450,3,9.502905607223512e-06,1.77877938747406,6.732478320409735,2.023924038924237,1.0899789804633306,1.0622316556270484,1.179599222242781,1.0876993427238977,1.0669842945512988,0.7876677751063534,0.6803584326977155,0.5650774972835286,0.4369090849066122,0.35269040618724307,0.2922390133980767
2460,3,9.502905607223512e-06,3.195075035095215,7.95295304161084,2.325895943153622,1.242375250212407,1.2147646984448495,1.353338238597332,1.3092795532776909,1.282472491444645,0.9692402003975517,0.766200897964324,0.690493205362006,0.5249690504367034,0.4555764314309226,0.37006612008359435
2470,3,9.502905607223512e-06,2.7540624141693115,6.536520759464333,1.7175169227028269,0.9330420729863748,0.8890837822685158,0.9894534767432299,0.8840085329516305,0.913319965577805,0.6569023563297738,0.553970811912229,0.48727605973672405,0.41371584681615475,0.31698672395467403,0.28909843549078107
2480,3,9.502905607223512e-06,3.1086373329162598,7.236008463842204,1.8194522269445692,1.0654495725384452,1.0358312683144082,1.1764597949813391,1.0253741395141682,1.033721267295239,0.836665410215607,0.6499833884915099,0.5616692123036146,0.4486381936518344,0.4135107338861805,0.3272760081150248
2490,3,9.502905607223512e-06,3.1896252632141113,7.098646914597722,2.159813768884375,1.1680443684034885,1.1458995522282267,1.3759934040721535,1.2114460640891602,1.1404774722168516,0.8349527557638642,0.6527179482788896,0.5694645816110759,0.42678991393916144,0.3886907709891273,0.2965746594129386
2500,3,9.502905607223512e-06,2.3951313495635986,7.09520479530914,2.114749777880846,1.1088107747008844,1.1109592455316453,1.293365688485525,1.0973789719409477,1.1554772333374517,0.8518491120183533,0.6732890437589839,0.5558088434985697,0.4243907997301866,0.34412760415612653,0.2916836377009284
2510,3,9.502905607223512e-06,2.8336968421936035,6.924234798804311,1.9555961544266147,0.9956211475713499,0.9096055476517195,1.0603036447762004,0.949409662139197,0.9178101316096946,0.7398387484921292,0.5659169188535791,0.5161614528841983,0.41877867426935056,0.3551768667225476,0.28345288708044714
2520,3,9.502905607223512e-06,3.1444106101989746,7.047058388526277,2.074921214388122,1.075437565259543,1.0064948790613035,1.1206351607935083,0.9657114251290214,0.9663822373390039,0.7809394612357365,0.6183433092987394,0.5383041353689295,0.4029330188968703,0.36260517895647293,0.2923096019532902
2530,3,9.502905607223512e-06,3.3055191040039062,7.366785501584471,1.9734661212043023,1.1297204772862386,1.127296664684344,1.3699500777478537,1.223644107861038,1.1816417183260155,0.9113912711243779,0.7020033936206507,0.6262675336089482,0.44437313758823876,0.3777672265504366,0.350847588232314
2540,3,9.502905607223512e-06,2.987086772918701,8.296985120501406,2.23505081032666,1.1048310691426708,1.054889294268351,1.187979650794366,1.1379611419756324,1.1880770635096098,0.9620249686865782,0.7410440521328258,0.631513044921352,0.4912464461391791,0.4063660315194622,0.3537948927386344
2550,3,9.502905607223512e-06,3.4854896068573,7.121525649291459,2.1115966330402545,1.1554227158254289,1.119767390429447,1.2632427022725465,1.1136001316093755,1.0647504106619048,0.8019923525374233,0.62324614969566,0.5426964399694489,0.41150319907884875,0.33193105222184655,0.28137536171086547
2560,3,9.502905607223512e-06,2.6227455139160156,7.140645907420541,2.2274113164801093,1.2729656861242056,1.1648251026475591,1.4015529858927487,1.1729187173689193,1.0578200213134634,0.8544680870693548,0.6787457848093872,0.5678304335535113,0.42503826624586616,0.3549143573865588,0.28792647429102947
2570,3,9.502905607223512e-06,2.235306739807129,7.508527645125787,2.3808423753181183,1.3137676910708314,1.2045416075744344,1.4085096276884461,1.2676298329033464,1.2205580298499832,0.9514610861383419,0.7434260183679413,0.6358065890366533,0.4560627408683536,0.4092130754502122,0.3104122600529113
2580,3,9.502905607223512e-06,2.7637126445770264,5.7141832399105095,1.4809425701158665,0.8858695578051914,0.8244517419923746,0.9508331177461299,0.8795691212744922,0.8872356435030161,0.6955738679113858,0.5825541029602747,0.49366315814928136,0.36273697360634277,0.32435278691874425,0.23171071526635534
2590,3,9.502905607223512e-06,1.9282798767089844,7.910040798496924,2.062236722843492,1.1577428705781072,1.1127586881889215,1.2553838246208917,1.114990312407879,1.1462366277614602,0.8856664336983182,0.6966636939134773,0.6038539797022551,0.5131925048789434,0.41329468163385963,0.30855928177467246
2600,3,9.502905607223512e-06,2.589475154876709,7.132055361759261,1.8851280144356497,1.002427289822612,0.9730417495152608,1.190573971919626,1.0355290193809856,1.026672300193376,0.7650430005110729,0.6095278378224318,0.5301880929511843,0.41071129131763123,0.3508328805146345,0.27552504467512096
2610,3,9.502905607223512e-06,2.0589957237243652,6.191136520469058,1.7947918604122193,0.9690866195161935,0.941571796001533,1.1021359874173446,0.9601859680310232,0.9518775520526341,0.839224479593222,0.6155562288687271,0.5428387175503205,0.43742276383163187,0.39156603529851464,0.28489495813617094
2620,3,9.502905607223512e-06,3.1395459175109863,7.12986019448322,2.176310845114614,1.2069949465483223,1.1653209543446945,1.448837725959503,1.2862478161949238,1.168919738329535,0.8727433720155208,0.7110450776612438,0.6096896777282323,0.4791521799232717,0.4162407752000563,0.28505311577960496
2630,3,9.502905607223512e-06,3.318589210510254,11.328168250179885,3.102915207866723,1.6619868400732785,1.6122386585882493,1.7529403052964778,1.5076209086553105,1.5906111792051663,1.251864695056318,0.8964061171055152,0.7726034431015892,0.6197038276006617,0.5315378700755986,0.41158329357509005
2640,3,9.502905607223512e-06,3.074798345565796,7.4260498858726605,2.0449467241222075,1.0713238743613256,0.9900861273130352,1.1074642623157622,0.9760884638877972,0.9357891786167531,0.7089474511110594,0.5679582040169858,0.5036208029877893,0.39387125233756237,0.34235329727891717,0.25438235218722477
2650,3,9.502905607223512e-06,3.0487680435180664,6.241556120678193,1.5878929465277354,0.8552779489002352,0.763424016681103,0.899605774047282,0.8372986193184933,0.9223438686427702,0.6828730822217456,0.5765694471606579,0.47857758563510105,0.3826503616043679,0.3283009798328811,0.27966377550723415
2660,3,9.502905607223512e-06,2.5404257774353027,5.406364385487616,1.5408046863733273,0.7905779316932758,0.7653218990603246,0.8688554777564248,0.784031627052922,0.7553787363839877,0.5925795485295726,0.49868178486611847,0.4231611902854763,0.3456427135369069,0.290776266413575,0.24349680874332857
2670,3,9.502905607223512e-06,3.268880844116211,6.670125022447813,1.5366534698867824,0.8023550104890913,0.7948539711144945,0.8671128307415045,0.7786908399735409,0.8351349931547338,0.7382661844224548,0.5214786922549487,0.48832397610770467,0.40182670404346377,0.35389531392249063,0.2581744926802156
2680,3,9.502905607223512e-06,3.164642572402954,8.288623229179457,2.2490036322490425,1.208024950870071,1.1737590331872774,1.3063562914458198,1.1841533434423712,1.0701311606603257,0.8186372010355484,0.6247265529658097,0.5479742687853256,0.3589093217414161,0.3643820165477033,0.29046055250214303
2690,3,9.502905607223512e-06,2.743953227996826,8.223132035205786,2.2332267518929516,1.2029128191738694,1.1771871236006823,1.4395123064847215,1.2886892380006152,1.2216720418463063,0.9876786297875212,0.7604125441231573,0.6463949897706449,0.4867414249467163,0.39410287845503894,0.32312288379268406
2700,3,9.502905607223512e-06,3.0979416370391846,8.528476725721069,2.6969680816672232,1.4106195002131148,1.2835060552071018,1.3974765381789462,1.2581727400495832,1.2211515894836893,0.9040979205362007,0.756088071022335,0.6630428805464593,0.5214771705666786,0.4477326692658959,0.3503891221392927
2710,3,9.502905607223512e-06,2.9755611419677734,7.634751870534848,2.179572261213665,1.096273557912928,1.0280637724346533,1.173048802213776,1.009831733624581,1.0668941752178942,0.8570851985846979,0.6615179780974264,0.5488938288509725,0.4298354806786838,0.34897308917886727,0.2935686536535692
2720,3,9.502905607223512e-06,2.0359606742858887,6.904532178393518,2.025280407035175,1.1160404390155536,1.0739990120170815,1.1550802473033663,1.0152251933594678,1.007277996382176,0.7553517109724215,0.6060757150248084,0.49587044012982673,0.37891985539922146,0.3356070337895941,0.27354678217418005
2730,3,9.502905607223512e-06,2.3605642318725586,7.03339166844522,2.4668834804148596,1.2464270946980336,1.1872641326130478,1.2969411375775792,1.0883876660117693,0.9801185136526697,0.7614328136526567,0.6501713255854038,0.5227582005708091,0.4295978630190808,0.3657868008200559,0.2843834169023921
2740,3,9.502905607223512e-06,1.9153125286102295,7.182845949811109,2.1326518383893798,1.0985865953313865,1.021017737817098,1.2064696388903449,1.0395469409148037,1.0413390205051098,0.7876059158750729,0.6473512403775643,0.5615176262308629,0.41513699408733273,0.35373709343988263,0.3161910802545448
2750,3,9.502905607223512e-06,2.247410297393799,6.943878084269878,1.9556118518749328,1.035990730452849,0.9507555101105892,1.052641222199467,0.9329884143853228,0.9629601904169737,0.7577441542063829,0.6229794236483717,0.5142441417315488,0.40479099077648995,0.40994220342625237,0.281780186684156
2760,3,9.502905607223512e-06,2.2286407947540283,7.516968335411668,2.2592975885115103,1.1508446989343977,1.0911027238906612,1.2050049833166723,1.0161766071065783,1.0312026138678063,0.8193064612652213,0.6418405886622159,0.5570060442323322,0.4624748703297421,0.39191094493932693,0.3119270748090684
2770,3,9.502905607223512e-06,3.455291986465454,8.075879875658806,2.484753297869155,1.3349916877358325,1.2226756164287926,1.3271633952429813,1.1678722522735272,1.1688283513059579,0.9405284533686227,0.7255607151215326,0.646006355274876,0.5387605472625814,0.42574185388186064,0.3672741424724008
2780,3,9.502905607223512e-06,2.355013847351074,10.96904049129225,3.2457577460690104,1.408951339755455,1.2638717645324766,1.365069694467187,1.1883858889158252,1.1395359732192845,0.8874717007562187,0.7128381598469666,0.6342411545651,0.49301381083288837,0.40210640339212267,0.31284079019237515
2790,3,9.502905607223512e-06,3.3080976009368896,4.643933341447609,1.3542788091307272,0.7568230741892068,0.6912537307477343,0.7561043469813521,0.6699495906136558,0.6502669559170963,0.5121101845330734,0.4137563097691371,0.35989069829668796,0.2749415843814422,0.22884085667051826,0.20860236939337756
2800,3,9.502905607223512e-06,3.310123920440674,7.789258031187442,2.3305814163945255,1.3358089163976206,1.2686675773219804,1.4337453052928457,1.292604116420304,1.248845597795273,0.9671336644853689,0.7405730846179491,0.6244118248810882,0.4751482644220259,0.3724137658973788,0.32163039815104144
2810,3,9.502905607223512e-06,2.105772018432617,8.585631535308654,1.7793142229748753,1.113192687360143,1.0453273817065825,1.148909714595471,1.0196811903442329,1.036514202806347,0.7736807387774217,0.6539135644713455,0.6150735689180571,0.5131910142725873,0.4088941310657956,0.34133744273238315
2820,4,1.1878632009029389e-05,3.096524238586426,8.557094335391072,2.2907883246866056,1.2514359154187524,1.097039896438291,1.2346404204666652,1.062179047690898,1.006879250515047,0.7470642027262258,0.6252508346900005,0.5011165075055837,0.4180894092854475,0.36187580281264803,0.3009492796821804
2830,4,1.1878632009029389e-05,3.0129141807556152,6.193481018733742,1.815499185538241,0.915955844483527,0.8596569561725554,0.9395034761613755,0.8385780613229126,0.8536580206890888,0.6606879507606145,0.5616612636408304,0.47405636639125365,0.36619302321367325,0.3280981407217934,0.31296201595052103
2840,4,1.1878632009029389e-05,3.3619613647460938,7.904813705553992,2.489347656661323,1.3996674038977028,1.313367676320839,1.5348496124761821,1.309885163456096,1.2486760845745215,0.9344866643814059,0.7628994221532679,0.6690610905453448,0.5318856625644374,0.4336508944487547,0.33637517063965483
2850,4,1.1878632009029389e-05,3.2102408409118652,7.10714986271351,2.1350022687856702,1.0379799502648808,1.0330508652509318,1.180336205742272,0.9817701108309653,0.9321497906218179,0.7341191120816576,0.6269070510403949,0.4851294042268756,0.42850532492667637,0.37460274844414737,0.27855116435798544
2860,4,1.1878632009029389e-05,2.8248095512390137,6.731737921616195,1.8407335628677888,0.9058632502304861,0.9499333594933341,1.0291058168176936,0.916072431723335,0.8904667457055925,0.6989597106053421,0.5686536219147936,0.4873725720551597,0.3662191359178441,0.29040371075622545,0.24568094818599653
2870,4,1.1878632009029389e-05,3.0008418560028076,5.854728511708641,1.4151483194216894,0.8075127403631355,0.7439988496101804,0.9115541722698595,0.823496333436311,0.7772718455483633,0.6424469947629134,0.5389160835023029,0.4556985809067235,0.3415395745508089,0.2932437576397215,0.23889217212514877
2880,4,1.1878632009029389e-05,2.3526036739349365,7.630470917165669,2.240886519013202,1.2743535338703667,1.223425044084497,1.4589328485477535,1.2997960591952349,1.2368721892096886,0.9146805532567879,0.7414407548060267,0.6309890467557998,0.49062551168051627,0.4457369906252684,0.3077343667703995
2890,4,1.1878632009029389e-05,3.028191328048706,6.228608244076168,1.5964151231704384,0.8719718107871759,0.8593726445634489,1.030150904433857,0.8905868065409177,0.8448495776416167,0.6549266148776497,0.5338325332196018,0.44435408490566647,0.36357108408551175,0.31048185247890375,0.22538290982959602
2900,4,1.1878632009029389e-05,2.220080614089966,8.673179735996861,2.398588687858657,1.2442913603781143,1.1916121571672744,1.2823783558093005,1.0876634000015093,1.0264408906757274,0.826785207625396,0.5956688576461112,0.5343483315050421,0.41252249874443847,0.35342384681681294,0.2905074084115545
2910,4,1.1878632009029389e-05,2.730618953704834,6.483259983301347,1.8587533939567242,1.0250390723987186,1.0153106765002469,1.1612105974776379,0.9833284811775775,0.956186207510386,0.7257672360800906,0.6209079254801072,0.545788170822561,0.4014232360945339,0.3385083504155717,0.2729540308829787
2920,4,1.1878632009029389e-05,2.8217756748199463,7.971070413506413,1.8918164551943226,0.9955699171601965,0.9752053312444138,1.104000523938258,1.0127616071624828,0.9877089475830457,0.7918428138568877,0.6615037653335194,0.5515170535443121,0.42619365089000094,0.3732143176038905,0.2858476242268805
2930,4,1.1878632009029389e-05,2.5378456115722656,6.6694515639211955,1.5315254007923735,0.8986240031092572,0.8348939691005498,0.9782449733215932,0.922662709977426,0.8438608629439037,0.6414178685733624,0.52033441317782,0.4313370174877338,0.3535468397408371,0.2737574709453849,0.23258082925177645
2940,4,1.1878632009029389e-05,3.259276866912842,6.925254540839575,2.491608812705206,1.2971598275780736,1.2035930097451366,1.2970251004051212,1.1961292480014918,1.1621679749810658,0.8835167816524494,0.7173604312420738,0.6107103102958756,0.4449086636789858,0.3979830625285513,0.302704185328367
2950,4,1.1878632009029389e-05,3.158442735671997,6.588948151374258,1.8173452521536793,0.8564291519787477,0.8443962939838584,0.9972745208467441,0.8803617695076875,0.8655018213662383,0.7283224717062253,0.5388962421630903,0.4494751103904477,0.35931148184913775,0.2946244395618342,0.2361148416943483
2960,4,1.1878632009029389e-05,3.1778106689453125,6.206116196424306,1.5933427914210878,0.8482993599480934,0.8399864839604708,0.9341338490720252,0.8054011188291997,0.8149426158501926,0.6529886810855026,0.5168450311047175,0.452964865234305,0.3690869224531849,0.3098830294508569,0.23428488844630058
2970,4,1.1878632009029389e-05,2.866694450378418,7.881288532121657,2.2978600055596816,1.2751620614624832,1.1934467433093576,1.3036261988185647,1.2058601735812988,1.203557416896661,0.9181079459596563,0.7769829258522266,0.6978121952079421,0.5229664965209864,0.43850076335894683,0.3577301103774996
2980,4,1.1878632009029389e-05,3.0211567878723145,9.451857737329515,2.658484585019519,1.5089884216963232,1.4571424734351504,1.6406688199513622,1.4279157363381998,1.397481687322251,1.1140612175887146,0.9047408234775477,0.8062249005294588,0.5676644171380051,0.49788340199490866,0.40909368799553225
2990,4,1.1878632009029389e-05,2.4227099418640137,10.462483733537876,3.2642217018166058,1.86293637787961,1.76485125444761,1.8245835244757624,1.65485127659158,1.6375905030329367,1.3494756880507786,0.8189382173455085,0.7085064520352262,0.542948490320856,0.45846181946096876,0.34083805511819415
3000,4,1.1878632009029389e-05,2.587794303894043,7.156813066509586,1.954822735404499,1.0991408297007348,1.0514878467487772,1.1176252354464067,0.995077578854966,0.9365041411287555,0.7206368632642784,0.5796475813798879,0.5002462653377188,0.3644642508480645,0.306884512912701,0.22994199996068715
3010,4,1.1878632009029389e-05,3.2637996673583984,7.658073944883433,2.3736375184048986,1.19706446391342,1.1188391397647466,1.2623176364034028,1.076410692723741,0.9873939339270824,0.7572369633510675,0.6249880683342551,0.5305779218038391,0.42792104125547764,0.3577249013922505,0.26715305959735014
3020,4,1.1878632009029389e-05,2.8877665996551514,8.044323568614882,1.977806681461972,1.1634500276584046,1.1148130751006626,1.2166606830111513,1.1074660655485857,1.0290138197251675,0.7981311565805629,0.648316095837242,0.528018036833996,0.4089406341442692,0.36528930835738693,0.3143520717052713
3030,4,1.1878632009029389e-05,2.4043140411376953,7.837195356114651,2.3557296147122493,1.2757734663633749,1.222637374153506,1.3505449618959418,1.1874766745887124,1.141646764730096,0.9708037223462341,0.7368631379892547,0.6011925943316773,0.45369328128083736,0.3975466510844881,0.323153848553961
3040,4,1.1878632009029389e-05,2.7619516849517822,8.609765266535083,2.7162063420341465,1.5057995727662044,1.4012830913378622,1.6527999221536867,1.3954016570322563,1.4429474523493167,1.0883119274270945,0.8058668898719131,0.769378131159499,0.5787557240865961,0.5285822824972745,0.3731367344872247
3050,4,1.1878632009029389e-05,2.2429513931274414,5.624354294970879,1.7559570047892303,0.9659917777031335,0.9176172185929904,1.0024234398903207,0.8783547657729194,0.8632271913531621,0.7225370531916012,0.5338711568464337,0.4453605841414701,0.35685419784183237,0.2821077085761033,0.2330792679689918
3060,4,1.1878632009029389e-05,2.2249410152435303,8.550279668774863,2.774272330311336,1.5672703395133392,1.5173290140971307,1.6470148755536638,1.4064984392503703,1.395459054433554,1.1339845418242107,0.9112805802681622,0.787998744052754,0.5870456697198871,0.49767979575934745,0.37231361340697755
3070,4,1.1878632009029389e-05,2.7885618209838867,8.314103447179765,2.453831121123761,1.3207136320212653,1.292579495360313,1.5003631989383113,1.2134239537648095,1.1842672389118505,0.8803634478177637,0.6899034087770375,0.5612199726190152,0.46732728553122593,0.3984903437286987,0.30918181051317806
3080,4,1.1878632009029389e-05,2.0074188709259033,7.978005253366225,2.1371718688639616,1.0758020869392217,0.9924127858031861,1.1538976611803502,1.0198202925251887,0.9294779131907823,0.7022150368430669,0.5532258889573851,0.46078001762580884,0.36465057117203337,0.2979280841334422,0.24787339169501896
3090,4,1.1878632009029389e-05,1.9929423332214355,7.916505787965756,2.2531201299712977,1.1921616612368435,1.149510710837091,1.2864335807255665,1.13804413416899,1.0933172663254562,0.8637552481119875,0.7180255872644714,0.5773464385879225,0.44937541733948,0.3747544028443353,0.3089409218537224
3100,4,1.1878632009029389e-05,2.854053020477295,7.1943199465187595,2.2365517795429435,1.1014932018327748,1.013247890945693,1.0445823535767134,0.955179462451606,0.8557160929784564,0.6801143238222851,0.5671560605803838,0.5081778699536378,0.360900665564803,0.3124018594709691,0.26228213745503826
3110,4,1.1878632009029389e-05,2.598634719848633,9.426676878494998,2.342976026592899,1.3633102067262108,1.2799785724650439,1.3840806880870864,1.2486776132590085,1.2841809315933794,0.9206574746063526,0.8067620061385734,0.6596086968839774,0.46026616358674544,0.39673077133802886,0.2898952868643512
3120,4,1.1878632009029389e-05,2.136718273162842,7.48356608957713,2.089481507529504,1.056330940994413,1.0202535278956377,1.122309012713097,0.9650482959535756,0.8946136954073503,0.7476295151926121,0.6076314946826766,0.5052953527353364,0.38622615497161294,0.3145957918521342,0.23605870604672793
3130,4,1.1878632009029389e-05,2.4835472106933594,6.4031948887284456,1.825255046299335,1.0088664351033672,0.9516547895996311,1.067350532347592,0.8921735587704671,0.8525683229967421,0.6835342483829456,0.5640021391750251,0.4777969345494991,0.36851304260086937,0.30169714012485693,0.26547797484179575
3140,4,1.1878632009029389e-05,2.258488893508911,7.914452240537151,2.2844417106842316,1.2679578012019723,1.2344286700808214,1.329888359934037,1.19506396069024,1.2041098426951236,0.9568794754163558,0.7399751262819998,0.6185354651837761,0.44094347551219915,0.3679501707155221,0.28594386185823983
3150,4,1.1878632009029389e-05,2.399547576904297,7.337270686034487,2.068369023655255,1.1234235284828353,1.0401648859607266,1.1579187110543396,0.9971119222998034,0.9820645681410842,0.800506034329306,0.6166389265422202,0.555068778753097,0.4176848398751221,0.3759542143079489,0.26683921930968385
3160,4,1.1878632009029389e-05,3.6823298931121826,6.854036704333785,1.9260055936062352,0.9896040616281401,0.945137868429989,1.0483947364417099,0.924552762895864,0.8855526826408286,0.7184706805633386,0.5530370949868105,0.4903169927137898,0.3753269843359214,0.30121165536189426,0.2518040629800774
3170,4,1.1878632009029389e-05,2.477869987487793,7.836836929660481,2.0685286888214494,1.1602633697910094,1.0623329934508772,1.1646462277669014,1.0099436291599062,1.0270224978768332,0.785559907248894,0.6235526873305502,0.5710467062145944,0.40072783346109786,0.3618786533519269,0.2585865866303162
3180,4,1.1878632009029389e-05,2.3751797676086426,7.740151812459098,1.9200079289675693,1.0469627380718574,0.9753170733009834,1.0573684013770444,0.9271160152147828,0.8670433018416002,0.6915774260467034,0.5864574105745061,0.517762169646826,0.37281170671775987,0.3326239733580094,0.2532486394933587
3190,4,1.1878632009029389e-05,2.1781792640686035,8.230171692488767,2.4361155548388944,1.357051236476214,1.2807891068482473,1.4088862983039705,1.2763984566963933,1.1729595902239829,0.9465660370662693,0.7835958810696595,0.6446195916887457,0.5254611611988933,0.43474566457838126,0.3467053847439106
3200,4,1.1878632009029389e-05,2.378483295440674,7.008782100053418,1.9422557635318725,1.0100945685965679,1.0043063860213,1.1040335696807297,0.9350826360248555,0.8511615990165163,0.6688344227515918,0.5308270766954645,0.4478673431388219,0.35923842474209366,0.3042301210256701,0.23418114689299593
3210,4,1.1878632009029389e-05,2.344298839569092,8.360511537014974,2.510521993986122,1.167674519488229,1.12236028047237,1.2790413399503915,1.0564452741338481,1.0989170356634446,0.8309835808445191,0.6158440648974218,0.5680736683929745,0.42335847798100223,0.3744649710160161,0.29732202903823546
3220,4,1.1878632009029389e-05,3.4265191555023193,7.715263559822733,2.100576391057355,1.084298212165499,1.0119580412686373,1.1179213676804638,1.0295513484630576,0.9874943118511235,0.7963615430183859,0.6589772903028724,0.5880783919727208,0.4000707849161838,0.3426845107305767,0.27680232918751413
3230,4,1.1878632009029389e-05,2.0887997150421143,6.7885305150287705,1.8460892848339017,0.9893265404903129,0.9479423223238286,1.1495427710937047,0.9779155248320827,0.920314439612726,0.7419917001679339,0.5760866239043625,0.47466664200033665,0.3560234071257856,0.31230099656056687,0.23414144897047093
3240,4,1.1878632009029389e-05,3.1843137741088867,7.520993147309446,1.8762985104154672,0.9708830004889133,0.9546464048699908,1.0842443159348376,0.8967203281034263,0.8515847449301568,0.7238016638844826,0.561355060646719,0.452507007811637,0.32068129486898755,0.2993181475325237,0.2214627276417819
3250,4,1.1878632009029389e-05,3.1585865020751953,7.640661691150479,2.081917857127138,1.0241533142523365,1.0599913077170946,1.2177558632280774,1.0759997949917661,1.025848027458621,0.8541745771410695,0.6455461263850826,0.5576035312242745,0.45409209027781094,0.3818541343330133,0.2814968839438406
3260,4,1.1878632009029389e-05,2.1867823600769043,8.71079992339869,1.9859172191216403,1.104076816522495,1.0360209748646119,1.1974524231742014,1.0975738777578563,1.0380112448100185,0.9196945255954043,0.6991884653458926,0.5887726198064942,0.44888149813996714,0.4094182199230604,0.309063525907923
3270,4,1.1878632009029389e-05,3.027822732925415,8.352568774825862,2.024950859495528,1.1176383393103393,1.0821356207416204,1.119319776111717,1.0419241974281024,0.951043361794514,0.7415681643147856,0.6010430971596795,0.509200296704061,0.40170633938554734,0.34456367160165785,0.2747895204884256
3280,4,1.1878632009029389e-05,2.5637431144714355,6.699540795697673,1.7722992215555768,0.9605037038193979,0.9268809595419544,1.0679066742684982,0.9642579142051736,0.9752997152520899,0.7296292504953265,0.6046314636824873,0.5573655787715688,0.40970869115555364,0.36611063002691385,0.3096130476964344
3290,4,1.1878632009029389e-05,2.4062559604644775,7.29977672042755,1.9697655770475153,1.0780581735365673,1.0159389818754665,1.1570455668520165,1.0252133234749674,0.9769933555063538,0.7950472168347748,0.6353618854674222,0.5228814272310747,0.3958330129270918,0.3524960131102328,0.2850775064888295
3300,4,1.1878632009029389e-05,2.7491564750671387,7.20350816853746,1.9119196659379005,1.0561370429367127,0.972639464699469,1.0859114529938678,0.9494030341800447,0.982183712348577,0.7732710339328209,0.5865746376503785,0.5327665171733206,0.38625113450173004,0.3427426499282778,0.25678532949142985
3310,4,1.1878632009029389e-05,2.6109838485717773,7.71985335478937,2.2647914291293056,1.1476955405941378,1.1030861715962623,1.2825589508642896,1.0518907611261619,1.0326937005824237,0.8283949935737489,0.6260902477924719,0.5795692011942155,0.4376317552285593,0.3826802697698181,0.3112292315767627
3320,4,1.1878632009029389e-05,3.112478256225586,6.000867512754236,1.7757351927514449,0.9946079452964749,0.9854928026995151,1.1162177399180233,0.9633196665805069,0.8795592657558006,0.700995818750571,0.548743353814195,0.47857617789126095,0.3476307479090786,0.31066107557878553,0.21119420579533454
3330,4,1.1878632009029389e-05,3.061145067214966,5.924449626386783,1.4027337668233524,0.6904854224010105,0.6510449832196,0.7143535613377086,0.6450862424421003,0.632008437011738,0.4899516739017332,0.39378997979367636,0.3489524372890979,0.2474577293255015,0.23180321519680278,0.18591299998918695
3340,4,1.1878632009029389e-05,2.658493995666504,7.0009551787329345,2.025600067450453,1.0584543306411265,0.998795898852468,1.1593619839393583,1.0114119275595157,0.9761414730737594,0.7478219661900162,0.599082027958929,0.520495816350385,0.3834029894179092,0.3394697659014547,0.2900128498781997
3350,4,1.1878632009029389e-05,2.075009822845459,7.314756614395836,2.27335061854052,1.2066052601709463,1.1364562655678128,1.2852088852132473,1.1392100842397086,1.080327949293455,0.7922597403457668,0.6319961394330224,0.5436750632728803,0.4053635011431095,0.34310293336235154,0.2795642579194616
3360,4,1.1878632009029389e-05,2.862778663635254,6.576538049747661,2.0942442256618437,1.1244370804652182,1.1129887047226945,1.319268716881022,1.127432601675119,1.0847779051679207,0.814930832312061,0.6726255121282035,0.538809137961965,0.43637855483082016,0.354096692304708,0.27397756942408963
3370,4,1.1878632009029389e-05,3.095236301422119,7.039180596593734,2.0052071465554793,1.042825472442057,1.028056653525281,1.135981957224597,0.9577919719032869,0.868433480966302,0.6818771077189406,0.5592141638640852,0.5107892077269163,0.37098791718241103,0.3204480202469053,0.2520248182543806
3380,4,1.1878632009029389e-05,2.514423370361328,7.866144103347407,2.2693020144373746,1.1968238349805904,1.114222952392375,1.3808522373464176,1.2224261801804852,1.1725486358138288,0.9233228830074496,0.7001859755353648,0.581218201105685,0.4968216915406022,0.42850893741347235,0.3102754054677651
3390,4,1.1878632009029389e-05,3.180354118347168,8.0850326388545,2.5120610678853708,1.196597526860017,1.1146435596465614,1.2985978165570449,1.1019351108743811,0.964682070075723,0.75791163577047,0.5770355325361944,0.4770810664183756,0.3652360990682495,0.3068840512901221,0.23796454540141165
3400,4,1.1878632009029389e-05,2.4273295402526855,8.326592582417348,2.5692841825216814,1.3769648199734592,1.3315372807017902,1.4442628738582088,1.2640763871235172,1.2170027015269094,0.9732198947041331,0.744933425705928,0.6012024470137356,0.47014126829946323,0.39846865775806367,0.31643359843922414
3410,4,1.1878632009029389e-05,2.2334251403808594,9.397487099510917,2.2815079965930964,1.3315933416999042,1.2562850365700324,1.4745249980863464,1.2011304283526854,1.1077175806533917,0.8908948999703895,0.6613624835816593,0.5993815571760549,0.46003233719172437,0.365273658508973,0.28631487447261433
3420,4,1.1878632009029389e-05,3.2776265144348145,8.07933046790686,2.715018315393253,1.4129363914088213,1.3383067284283414,1.5322996653400907,1.317736073037632,1.3175231738394977,0.9973801467631008,0.8016351230050982,0.6876911818374658,0.504852134025699,0.4223777763168515,0.33039830298368217
3430,4,1.1878632009029389e-05,3.1720399856567383,8.085215727370667,2.3769430526997612,1.2850820506510285,1.231082686630385,1.4026501307277517,1.1534625375474292,1.1636544998602254,0.967200283967148,0.6847086164747956,0.5674354592967367,0.4094882669064325,0.34006632354564353,0.28074322025535126
3440,4,1.1878632009029389e-05,2.6523427963256836,7.184878921388245,1.8240137086215906,0.9518874694361599,0.9203583870850176,0.9826814104882335,0.8850103837372825,0.8201675784795107,0.6580863953182897,0.5123638745871409,0.4616569536283411,0.33884062887006716,0.3024512759162598,0.23425427734961146
3450,4,1.1878632009029389e-05,3.0680298805236816,6.8296063642654765,2.0038169693232075,1.002617686265213,0.9637504134929532,1.0591762179269595,0.9520783839069785,0.895005917761021,0.7147868536722327,0.5672253120391472,0.5203628412239292,0.37674128862286027,0.31267478016380135,0.2236481670053908
3460,4,1.1878632009029389e-05,2.889206886291504,9.905947857903513,2.7014151245663878,1.5109901445895018,1.4813387283314177,1.6026407021041016,1.3870774235286032,1.4142842471791959,1.1476712996846097,0.894685813191699,0.7801516163872894,0.5422271555541149,0.45403145247594034,0.34369754288877447
3470,4,1.1878632009029389e-05,3.1618053913116455,6.988149032810854,1.8710474800313728,1.0016834906515506,0.9639891438413477,1.1049628417407107,0.9575137600379532,0.974435281786533,0.7659254019990724,0.5995658010926732,0.4601901610580398,0.3894657578945746,0.3219081508332272,0.2744108636700287
3480,4,1.1878632009029389e-05,2.8965988159179688,6.905504855933584,2.1221133195995123,1.0596935687664353,1.046529980346702,1.1542479539301773,1.0021450519246111,0.9494884457303876,0.8272273141003251,0.6604223623604649,0.5361327147331739,0.4469083530457894,0.37435062591559887,0.28880935597007873
3490,4,1.1878632009029389e-05,2.6616320610046387,6.174502524305886,1.8578614617735565,0.9604525687554916,0.9105768232576037,1.0055840608217776,0.8254495493514123,0.7385142498368147,0.6115937355074264,0.48289607918603433,0.4293522498474691,0.3423320390593296,0.2821719092748528,0.26702226478954283
3500,4,1.1878632009029389e-05,2.9349260330200195,6.301949596604795,1.746229738302009,0.9047361299566641,0.8660301417764174,1.0348647234552868,0.9265414213559663,0.8470938057569039,0.6720202171746399,0.52021290524658,0.4380248048570977,0.34231256277248284,0.27674063824319195,0.2399808157998307
3510,4,1.1878632009029389e-05,3.190237045288086,7.925337764919406,2.423224782003985,1.2754325065246184,1.2145333641883103,1.292458074795972,1.151508920113056,1.100904703400052,0.9018954238563042,0.7306896258428666,0.6187278936929582,0.4466039426257737,0.39403315084899465,0.31308044358202125
3520,4,1.1878632009029389e-05,3.8901658058166504,15.775777477825942,5.6255861091857104,2.9278801309718165,2.6739143933422587,2.8596803883647386,2.4227152736435142,2.074793793317876,1.6408426529619895,1.3560654927381353,1.1974305404415753,0.9338382854102428,0.7969298199794507,0.5580227787044457
3530,5,1.1878632009029389e-05,3.1935412883758545,7.027679579667763,1.963641654314985,1.1296596518195148,1.0187852208065007,1.0871559102511603,0.947472379521141,0.9530188669826841,0.7323164253916893,0.5996350699790478,0.49505021649095277,0.399067699196825,0.3305867278405562,0.24696681788187783
3540,5,1.1878632009029389e-05,3.097381353378296,7.558207648518636,2.315234396775255,1.2665343500343964,1.2696136242478102,1.395952831553134,1.1995234539057453,1.0212801283253903,0.8043464132626669,0.6651515405576787,0.5290491414741666,0.4167690300231472,0.3205119479963999,0.24679642512442962
3550,5,1.1878632009029389e-05,3.0112154483795166,7.365590765233109,2.0212507102691433,1.0687501889675122,1.0579280204425818,1.2187021382975785,1.0793447906383073,0.9882800574204775,0.7998641552776945,0.6198461709653421,0.5368980562556838,0.4056186600103118,0.3366066831796973,0.25123720901462393
3560,5,1.1878632009029389e-05,3.458275318145752,6.126121687669121,1.8577393805927533,0.9828403050449477,0.9952253976365846,1.0470195950942403,0.9159440868151969,0.7990189505783936,0.6181192308191407,0.5390850923054451,0.4256468395694454,0.36537469715104043,0.2778596610810046,0.2480193337583226
3570,5,1.1878632009029389e-05,3.0052807331085205,5.894805378204111,1.6391363608936989,0.8300321706417554,0.7451825528339676,0.8751397490012751,0.7847062064048365,0.7403801254414928,0.6048161146875994,0.4834914808259969,0.40504433669524276,0.28811414276091557,0.24827271031508982,0.19982094927312968
3580,5,1.1878632009029389e-05,3.1263163089752197,7.0027861116827035,1.852063916095763,1.0635949743821556,1.0903421437330099,1.1973160349438658,1.029779337828235,0.9926107926006453,0.6864132775295732,0.5875853952978115,0.4845801736929382,0.36228651441542603,0.29247112513734264,0.2424190677199559
3590,5,1.1878632009029389e-05,2.233748197555542,5.746438084645058,1.360708148100848,0.731291331267704,0.683538854397961,0.7649253729039281,0.7060737791640169,0.6515645288424224,0.5182638348869011,0.4462980720358735,0.3690001542522312,0.291644927232969,0.25642426032194005,0.21500664395084507
3600,5,1.1878632009029389e-05,2.8719260692596436,7.343720653899915,1.8322647247378878,0.9880639113954203,0.9314892498306285,1.0711254549803255,0.9468222089536438,0.8790954353035803,0.7271244165979001,0.5786345844129646,0.48999326399369997,0.3771064101393943,0.358864452257633,0.25020457117740946
3610,5,1.1878632009029389e-05,2.6977529525756836,5.700661420006679,1.8193695856904981,0.9874928987294309,0.9630261807368492,1.019424027481091,0.8998358531855878,0.8008171981718101,0.6118117953043573,0.5099433683054112,0.4253990406056423,0.328495328621385,0.276793723587831,0.23020442355172283
3620,5,1.1878632009029389e-05,2.0851526260375977,6.7279203211265335,2.1272853911652136,1.0976292457543428,1.0484927569202112,1.1442137911257289,1.0033984655436288,0.9403780494737144,0.7453787356847044,0.5827685998373462,0.4892623331226103,0.3663546053166123,0.3282477010538309,0.2598319891586892
3630,5,1.1878632009029389e-05,2.874508857727051,8.782413339469906,2.530348246756576,1.272416036547185,1.2286929681656193,1.3934693080810219,1.2592827361214398,1.1896195899685558,0.9047159771397333,0.6837584274945375,0.5865889592532304,0.42899031367505736,0.34899591173124983,0.2912041032669424
3640,5,1.1878632009029389e-05,3.1700241565704346,9.342835171429597,2.5310287797782722,1.296281038280912,1.1273226953367605,1.3069683502433225,1.1253711002792735,1.0434189204821431,0.8488366252363814,0.6590958046633564,0.5733550500645619,0.4572044282077877,0.37800760326658145,0.3062700290570805
3650,5,1.1878632009029389e-05,2.717540740966797,7.472337176793336,2.020462697841357,1.0997519040112813,1.040150861946261,1.1892112204709426,1.0151442353437976,0.9647022049572828,0.7674657192112039,0.6074471970551342,0.5364850751251118,0.36477615448688466,0.3207812147482274,0.2629346506319742
3660,5,1.1878632009029389e-05,2.4212584495544434,6.76558236638363,2.1666293209416456,1.1347185642591933,1.0450296116791584,1.0930176046189115,0.9816646520690874,0.9256048858883197,0.7810989566447895,0.5999601496457518,0.4988934813446274,0.3712687258421791,0.3263267174913738,0.2727066030751569
3670,5,1.1878632009029389e-05,2.2811412811279297,8.131019820029694,2.345768934608593,1.1974298568870327,1.1922440183018663,1.3223959169864679,1.1738032326810095,1.0345543950781284,0.8406923172814523,0.6706965276982202,0.5996075066396259,0.423899904261523,0.35152991200427763,0.26392165969477344
3680,5,1.1878632009029389e-05,2.3449320793151855,8.128081012098054,2.0669967738501405,1.1274831324851502,1.1344142359661482,1.2634242934028097,1.1840113590474992,1.1006712901043147,0.8727274300777821,0.6860995493278476,0.550717500147047,0.42558445632627395,0.3590795259138308,0.27617963611464946
3690,5,1.1878632009029389e-05,2.749849557876587,6.309301774200369,2.0494486490893307,1.1040755717342376,1.1062653482589848,1.1933393350989994,1.0441122445706772,0.9678275711678106,0.743727110114538,0.6091867639835622,0.5317138116598549,0.38765850574797556,0.32698085778247876,0.24467640926862827
3700,5,1.1878632009029389e-05,1.9093103408813477,6.938760736309933,1.843463148390942,0.9508880447878361,0.9045908321692369,1.029363237429964,0.9256642491732421,0.8915071269144677,0.7061677188055762,0.5700067004024129,0.4899994382242735,0.3485364142855699,0.32119164632674757,0.2563414854345785
3710,5,1.1878632009029389e-05,2.6273796558380127,8.707158869412055,2.304554625495492,1.2740359170085527,1.2384040751908485,1.3250184182001223,1.260994759101693,1.3059866062745358,0.9694241901782398,0.7531971933726133,0.639684900870443,0.4686705799936213,0.4270715721327283,0.3058941683084916
3720,5,1.1878632009029389e-05,3.12391996383667,7.398009029630241,2.075129965321283,1.1277269137786115,1.089901110657388,1.1865227914639664,1.0426004665690471,0.9789570106151402,0.7414853143540368,0.6325283569407557,0.5956245829895387,0.39355769077043556,0.3596199831137149,0.2671348749746754
3730,5,1.1878632009029389e-05,2.839174747467041,8.053933563822408,2.318274595546626,1.2210433932750657,1.2242345845770732,1.3544440642313818,1.1158085264789424,1.0856287092096237,0.8933522779318498,0.7467085914440191,0.627296669606297,0.44173214633484065,0.3672949805577895,0.28175743373036627
3740,5,1.1878632009029389e-05,2.2654240131378174,6.760441349627565,1.9535069373826173,1.0382363564737809,0.9799666940405719,1.0613998019868827,0.9548396537032592,0.8741477722533639,0.6769338279024272,0.5594695028500465,0.47786727955744845,0.3663222558040302,0.32208518387015944,0.23408339327744476
3750,5,1.1878632009029389e-05,2.6424360275268555,6.797687352733694,2.0725927514353653,1.0578983408751772,0.9748879044653393,1.0951620603595045,0.9429702896288162,0.9710954254279363,0.7098247037782071,0.5800907788452858,0.49978135448773264,0.3825914558366375,0.31338305761310803,0.24012274140973228
3760,5,1.1878632009029389e-05,2.288639545440674,6.6163070994073045,1.9968039371126123,1.0398244267631922,0.9830663314777329,1.0980413686668073,0.9309866350314555,0.9325871501527405,0.7034297471500257,0.5838382358034365,0.502154941472205,0.3571045946763415,0.3159745503734253,0.2368808630659558
3770,5,1.1878632009029389e-05,3.0764143466949463,5.974836634763794,1.6827967381838458,0.8801792838356158,0.837953198856839,0.9330698101903315,0.804312130737241,0.8064031846815886,0.6398541724104096,0.4795710876531727,0.40670600637985255,0.28689684710158175,0.24785344372145468,0.21290484500482731
3780,5,1.1878632009029389e-05,1.9634894132614136,9.118960817942105,2.769993139935891,1.4346654420106861,1.3633458566591117,1.417862922991696,1.2633655038425557,1.2246546649110817,0.9318730351009812,0.7526665354308854,0.6406653974779134,0.4594277140343007,0.4191191761740645,0.31545620903910837
3790,5,1.1878632009029389e-05,2.135744571685791,8.356631945226699,2.476783604171642,1.2691106655742412,1.1797964784327015,1.3879992900127112,1.2239438883570217,1.207137186289966,1.006662863226511,0.7117178447575621,0.5842987084311154,0.4394179462303138,0.3607787790536021,0.2971201254346218
3800,5,1.1878632009029389e-05,2.9357244968414307,7.385977474271509,2.2790367932341895,1.256141472100263,1.1348382727345254,1.3356276527622577,1.1330705624429722,1.0830373651304104,0.9147921727955283,0.7455020623340433,0.6375562247715456,0.4390945627863636,0.3772741019516991,0.2962798611747033
3810,5,1.1878632009029389e-05,1.6329692602157593,6.186768983875872,1.7592009127518948,0.949549375431955,0.8333226039528394,1.1121823232922727,0.9840993358573087,0.9125420337662803,0.6684886536559689,0.5381275295227175,0.44437248793924367,0.31874213526480627,0.27577397243302904,0.2058531859621984
3820,5,1.1878632009029389e-05,2.5742526054382324,8.44819003226998,2.693703266961837,1.4718522416507185,1.3777208212612875,1.5873805197745656,1.347615081306871,1.2815497737728339,1.0203617194430947,0.7262564633245966,0.5939743300062209,0.43503606099688724,0.38824258426758457,0.27547917584798065
3830,5,1.1878632009029389e-05,2.9156298637390137,6.5470505345691965,2.028670166112538,1.0921381332708069,1.030484800415064,1.185147117388879,1.0113854502046473,0.9040455649685527,0.7198978762895992,0.591850084666823,0.5118690059162185,0.3716976168337759,0.29501997099953703,0.23796022735719033
3840,5,1.1878632009029389e-05,2.4421210289001465,9.871481538880845,2.3801939244605554,1.3033220418544214,1.2410089074576793,1.4116188875723443,1.2660916023172073,1.2148090683100048,0.9040382306119946,0.7538617601992691,0.6275247572412188,0.46731448460632313,0.37246053216572994,0.29011525264110744
3850,5,1.1878632009029389e-05,2.559563159942627,6.2945611206674865,1.6104261447534762,0.8425332036213814,0.8165994017500033,0.8781628651434428,0.7919763263871864,0.7740347185014893,0.5950346936163652,0.4736841948886551,0.43030442230723526,0.31335111635101076,0.27698826508038155,0.21879756845440596
3860,5,1.1878632009029389e-05,2.3803653717041016,7.943504207964939,2.5546548229229864,1.2393003282006358,1.1527134154137821,1.2192849712976361,1.120856289930923,1.1522959246778173,0.9106385434483727,0.6492957358504275,0.591655074268072,0.41566378092303397,0.36030485525613964,0.2732982466044092
3870,5,1.1878632009029389e-05,3.125938892364502,8.547102209943487,2.7068380516366584,1.5140062001011023,1.349487151478483,1.4073190420446122,1.2376348407763869,1.3489495567270005,1.0417763729582532,0.7796154723923095,0.6813539122695215,0.46488339357672187,0.4147992009814115,0.36831204947990137
3880,5,1.1878632009029389e-05,2.7078640460968018,7.247631805946629,2.144015774878022,1.1675205098953378,1.1485671697306992,1.2186756713981064,1.036409860642859,1.0393138896558503,0.77289507909975,0.6556644273990189,0.5643012559555676,0.391253195419317,0.3692156162156016,0.2710702074885497
3890,5,1.1878632009029389e-05,2.742215871810913,6.317333413163096,1.8450801562878867,1.0487824132073273,1.0709331173585748,1.2112123704724735,1.0690002913900967,0.916772885127362,0.7767151078957003,0.6459884878338035,0.49100445393292586,0.40330270781900435,0.3265278102943605,0.23287921030459188
3900,5,1.1878632009029389e-05,3.170189619064331,7.627317623907095,2.339374320785905,1.2567502356033373,1.259088584665861,1.3950272907016912,1.2572341678254937,1.1681471551165459,0.8805482906504376,0.7520043393742617,0.614410650953307,0.45365753447748586,0.3492254496482359,0.2664578110716013
3910,5,1.1878632009029389e-05,2.302643060684204,7.418525998434227,2.377962938428482,1.2418066130267476,1.1082985126882807,1.2434680184407159,1.0661890764709898,1.0269222199988024,0.7806869001065001,0.6582095808632639,0.5306254099384264,0.39879903686237594,0.3454144077792688,0.25606272595242147
3920,5,1.1878632009029389e-05,2.985198974609375,6.674312743833633,1.944713747060466,1.0129990165694243,0.9432994526585334,1.017453869615347,0.9065026849338375,0.8569527263217237,0.6765844395205928,0.5297453610327354,0.44673729683517055,0.3524832189939298,0.29604743301083614,0.22256057950934144
3930,5,1.1878632009029389e-05,3.205644130706787,7.147018977041302,1.8958919676204509,1.0589233347992706,1.072032101007823,1.185873367497994,1.0098710840897827,0.9686575364057224,0.7942868584931588,0.6025413023070063,0.5155003118329984,0.3588179385435544,0.32532595899148964,0.2551585484142776
3940,5,1.1878632009029389e-05,3.1545825004577637,6.848424852606852,2.0450839063906163,1.0560209797571616,1.0196968867878382,1.0882831635288466,0.9573851101796196,0.925838474553407,0.7635930852521635,0.6098744556882738,0.494158518371756,0.3594506304271203,0.28842482956012244,0.22261984787248396
3950,5,1.1878632009029389e-05,2.312291145324707,7.115996492138488,1.7683049331586072,0.9218675743773549,0.9035776238195337,0.9731253634426272,0.8726444909555676,0.8433905279924462,0.6049363024653257,0.5098826830181282,0.4264268114076073,0.3197713014180582,0.27620003820793537,0.18501452304850213
3960,5,1.1878632009029389e-05,2.6858534812927246,7.888251486168931,2.5977058128732264,1.3652792442598018,1.3742677375930934,1.4751835100497155,1.2930824848633102,1.2756263465580708,1.007406568951757,0.8234549295913887,0.6638783088950777,0.5084296541600379,0.4278125900273791,0.30188542053754497
3970,5,1.1878632009029389e-05,2.727216958999634,7.8143531090941645,2.2068031117100895,1.1478185326529657,1.1139170242961827,1.3699826274215148,1.227486788279458,1.0690117089642501,0.8346319154143371,0.6492948048225085,0.4891289216475322,0.4221744055434312,0.33797807738085905,0.23463038096567224
3980,5,1.1878632009029389e-05,2.235992670059204,6.937057646754472,1.9511801075385802,0.9565275181367848,0.959789222367688,1.0348656171014767,0.9500791304464788,0.9067434798867361,0.6933835285168465,0.5535296593913634,0.485697630484727,0.3792492569423253,0.2962405639080282,0.2036123818852138
3990,5,1.1878632009029389e-05,2.2575550079345703,7.116917834330694,2.219982811539912,1.1720473294655924,1.1027841177398827,1.2163618375501961,1.0871643282111476,1.0428151242334531,0.8774722398427611,0.7029661807557639,0.5596837720265793,0.4616205031970911,0.39025335152238283,0.2982456975161737
4000,5,1.1878632009029389e-05,1.7598392963409424,7.374420362603035,2.1391168874320687,1.14376418125864,1.1116347018380557,1.202400633112073,1.0503162238917396,0.9661660950266855,0.7925149461837588,0.5640805484865663,0.48983068408433145,0.3758796694500971,0.2934834648650971,0.21517562690377923
4010,5,1.1878632009029389e-05,2.6620781421661377,8.833020080624081,2.666096745338061,1.4211724402400296,1.4581310337280866,1.628565568218456,1.4407793247462573,1.1991002743585673,1.0513666890102265,0.7986884918122811,0.611058314290671,0.4675325033760172,0.37833019069158813,0.2741219445497747
4020,5,1.1878632009029389e-05,2.987947463989258,7.268402971572414,1.9560939215291766,1.0191818918669697,1.031811718850681,1.13782672798437,1.0197493944420328,0.9822674360248049,0.7828137826712372,0.600757969434281,0.5167655993293939,0.38198271121970695,0.3396466249295695,0.2623679624137239
4030,5,1.1878632009029389e-05,2.9571118354797363,7.079879079735255,2.0238154237214285,1.0533991664039255,1.0603818305626016,1.1655600763159595,1.015832763642886,1.0380182770001567,0.7603601809809772,0.6010292614698307,0.5329112047145493,0.37907451441821316,0.31947645949229736,0.23796424751644185
4040,5,1.1878632009029389e-05,2.877354621887207,6.253336719808678,1.9178641267462064,1.0551535613367446,1.0115988647812042,1.1316934962440517,0.9610948323806274,0.9568407560361211,0.7987124730152101,0.6266240836903579,0.5508980185377021,0.4022772348597447,0.32325184907607324,0.2617961499640132
4050,5,1.1878632009029389e-05,2.92435622215271,7.416915530312759,1.9529833646768648,1.0713026397760994,1.0361607644963873,1.1424834001993696,0.9735272083265119,0.8879915210737954,0.6953953612885924,0.5402073936803954,0.4667703456589808,0.3494369877812216,0.3002021010986452,0.24163497842079448
4060,5,1.1878632009029389e-05,2.0398330688476562,6.592113845835647,2.1438714134407464,1.1879638665887464,1.1574325926128297,1.2626435887379759,1.0999445185471948,1.0159114999506957,0.7827990844328251,0.6176618180503687,0.47934851003198603,0.35851348165081537,0.29132038793168946,0.20416359659736025
4070,5,1.1878632009029389e-05,3.120433807373047,8.818365635750357,2.5740969752600393,1.4065656016851678,1.3388775706453762,1.4619064927104233,1.294213638487164,1.2827617599042267,0.9693087084554004,0.762318466998447,0.6816082460091091,0.48586062933946955,0.3954280053150473,0.2914975167923116
4080,5,1.1878632009029389e-05,1.9489068984985352,7.2203319226106295,2.181513849274107,1.1586307554169502,1.1117649110813554,1.2151723278920552,1.1647807141823554,1.0620092674342179,0.8636738943968038,0.6354124975518598,0.5532257010367905,0.42661328376003266,0.3509633782238321,0.2737089530773329
4090,5,1.1878632009029389e-05,2.4012908935546875,6.760914884307748,1.833244002098978,1.015747733305614,0.9446007294374211,1.1399071881396,1.0670770441973452,0.919964877385714,0.7212704230111492,0.5733406241408696,0.5226583697507536,0.35354005614033546,0.3166515127913178,0.2441943210322742
4100,5,1.1878632009029389e-05,2.570486068725586,6.4612812893079825,1.8349876871812436,0.9412365260248108,0.8626925070308462,0.9482298036947959,0.8446004867872239,0.8155732441965061,0.6407874978263847,0.48345924139378493,0.4491751155153613,0.316884922340789,0.28265931116801746,0.20298835064698484
4110,5,1.1878632009029389e-05,2.9121978282928467,7.154494642001264,2.1084464296530236,1.0618888916315947,0.9941435549328428,1.1181757498556175,0.9693712431486483,0.9028432254905754,0.7132562931657486,0.583846108149926,0.4950236802614907,0.3798398202411281,0.3007019938008571,0.22837713496888712
4120,5,1.1878632009029389e-05,2.306647777557373,7.858850731860484,2.0142028691357874,0.9978228890438302,0.9107238335666404,1.0011667520554652,0.9004491292440472,0.8931672655045578,0.7172218702045772,0.5622358772615603,0.4666466613881516,0.3614853384582276,0.26535572973814225,0.21854871038839985
4130,5,1.1878632009029389e-05,2.936849594116211,7.171392261999416,1.985485758877795,1.067190658486251,1.046432619577804,1.1531875624898587,1.0214945400201352,0.964298581334696,0.7915180479139643,0.6300111569467945,0.5384450912573893,0.4276909995221754,0.3368754477125636,0.26042847118613627
4140,5,1.1878632009029389e-05,2.505265712738037,6.80743814243928,2.265442511245011,1.1918298267349627,1.1384056309481427,1.2150081678212268,1.099849988268066,0.9923517532852537,0.7828916929225798,0.5492407613102114,0.48795159750359746,0.36993325180625886,0.29453292560610644,0.21095662768353202
4150,5,1.1878632009029389e-05,3.1240360736846924,6.914149233810172,1.8071270455727304,0.9622536136035329,0.9306647178068685,0.9779367976928234,0.8786677174768133,0.8239072103132372,0.6539197354756938,0.4982334042557026,0.4202448739884312,0.29711791434995893,0.23793876445413323,0.21028931099876114
4160,5,1.1878632009029389e-05,3.2265989780426025,7.2563280823010095,2.071902374029925,1.0600761100129257,1.0429745208633265,1.1192269741189618,0.9277672368663681,0.9736379379927417,0.7890532717472755,0.5619182942460317,0.4883660361915293,0.35663509392740955,0.28711712228920955,0.23755421825644468
4170,5,1.1878632009029389e-05,2.2797141075134277,6.518768744725681,1.9124438784384967,1.0150292597497224,1.0044179805504247,1.1249306426838175,0.9965896537379214,0.8934318358687242,0.6819556563617859,0.5251737275354853,0.4851372731719487,0.36181137686701925,0.27674418449560245,0.22506359460836692
4180,5,1.1878632009029389e-05,2.433317184448242,7.693229995842147,2.28422389512881,1.247179097317377,1.190073880214608,1.2629674585862873,1.1616893463038833,1.1511667916181751,0.903365265647565,0.709553024397769,0.6324207592428178,0.4728614223444595,0.368594438021715,0.30519569836830046
4190,5,1.1878632009029389e-05,2.2956299781799316,9.607432219674033,2.9065763489721883,1.5316234910572586,1.4705183410508287,1.5706298874198086,1.3685337884960913,1.3214005454434372,1.0151279720747357,0.7594007921539794,0.6581072888156434,0.476911260492723,0.39094623393848094,0.28943195595982535
4200,5,1.1878632009029389e-05,2.691514492034912,6.180239002252515,1.6671703965692821,0.8838616898172098,0.8608498100419504,0.9792028661361137,0.8334345531566851,0.8180845985881399,0.6166867835230231,0.503582146567395,0.4252630853802209,0.33119992023693573,0.28325202266924504,0.18961097673849128
4210,5,1.1878632009029389e-05,2.578497886657715,7.318744129220228,2.06388352680408,1.2665655810499759,1.1714125371155242,1.31562882105922,1.117036564317706,1.0611241405800793,0.8435665014708492,0.6533679238006787,0.5420727652381148,0.39932425884267175,0.334777741331116,0.24275347974253877
4220,5,1.1878632009029389e-05,3.15313720703125,8.751754352996235,2.7268741677262014,1.3632240041514025,1.369713302679282,1.4469883548753628,1.3280881554256014,1.167034710212624,0.9562864493075165,0.7177408400946259,0.6013465048197024,0.4188353054657541,0.3610016359412011,0.2731460938032962
4230,6,1.1869761049913118e-05,2.9757747650146484,6.634420921956252,1.9654324660642406,0.878624134234791,0.8216246620788566,0.9510492159087961,0.8056769521993458,0.8163409479956661,0.6560520625165733,0.47466879537116924,0.4236955042077473,0.31499631624185787,0.2795484530762745,0.2170906002251
4240,6,1.1869761049913118e-05,1.4649343490600586,8.27189354238814,2.669675167138758,1.4312447946448403,1.3030544303206375,1.5345856671880878,1.2990268587949354,1.1988696459650952,0.8943884686192638,0.7280409105062295,0.5594527849000572,0.45879291204659745,0.33608093156047925,0.26373086526828254
4250,6,1.1869761049913118e-05,2.207479476928711,7.591243920199083,2.144753061740379,1.173565655871806,1.1418287255772706,1.2359370347332892,1.0774609181597263,1.0866380938677063,0.8351555284343058,0.6631088922866291,0.5816827529898593,0.43929102129764636,0.34716530146333696,0.26964414164809875
4260,6,1.1869761049913118e-05,2.2208354473114014,7.0231667019409905,1.948421309627513,1.0414274516915056,1.0290949316185818,1.123895179797899,0.9343099428548665,0.9236626195875557,0.7557927231139792,0.5643524324560611,0.47487152895617757,0.34226991842127913,0.2830508223391456,0.21756884149130296
4270,6,1.1869761049913118e-05,2.90834903717041,8.006765221020823,2.0083752378311774,1.0642464018832596,1.0072577278054407,1.1103704325961612,1.0117097804968032,0.9086993781521076,0.7515724830702267,0.551260119066978,0.5060217259768619,0.38923476180696237,0.3156226477472722,0.22085983119591365
4280,6,1.1869761049913118e-05,3.0737881660461426,6.41583507733993,1.7255779924810903,0.9097160423850106,0.9092609345558967,0.9990279075324688,0.8837392975102841,0.8164275193213739,0.6900406691478248,0.5430209486739929,0.4536909671710197,0.3436484695170809,0.3077831109864216,0.2052150513587562
4290,6,1.1869761049913118e-05,3.2033777236938477,6.771235575242209,1.9691454676254947,1.0525886347346856,0.9991638633985417,1.1573169316470668,1.0247958575799567,0.8970602133818146,0.7253000721126005,0.5617057396331852,0.4571507408047988,0.3253557943992017,0.2754742448111077,0.2203499082968079
4300,6,1.1869761049913118e-05,3.1105523109436035,8.69157398713106,2.5440114922436132,1.363216092784705,1.3053889321973473,1.3290635784812996,1.1038147981141389,1.0773146491557477,0.8591584443648755,0.6922270409525088,0.5585596548584202,0.42187707130374963,0.34477654992874907,0.23223773781250254
4310,6,1.1869761049913118e-05,3.1256263256073,8.19833410708916,2.411063030915484,1.3461193673854421,1.3276949099344224,1.5194523767196912,1.2964624819195778,1.3150393530861113,1.0635416533640478,0.7825462402019502,0.6469352738021471,0.48528830445873444,0.38408978049475145,0.302511033909987
4320,6,1.1869761049913118e-05,2.925467014312744,6.425839285724024,1.838247957068214,0.9312358607708507,0.9320479534293715,1.023225438629536,0.9327362479954008,0.8439157713271854,0.6519535657641907,0.510087533385698,0.4574608613820541,0.32442806263134616,0.26299447591386366,0.2056270827143317
4330,6,1.1869761049913118e-05,3.0626087188720703,7.379460757379372,2.4110726410956675,1.2547834169139143,1.1092967139612009,1.3160550550460082,1.1501047489541203,1.0903924605039317,0.8425361336606437,0.6819056169977565,0.6046951913394523,0.42371004653136635,0.3228503303610377,0.26125208639404596
4340,6,1.1869761049913118e-05,2.8589963912963867,7.756973095108105,2.168122840089913,1.0959406007724253,1.0770117169782147,1.1806253789201788,1.0607027937624456,0.9619842133457116,0.7403314045306,0.6096642750190198,0.477073796487715,0.3483115700895863,0.29120683873324665,0.20977695518257466
4350,6,1.1869761049913118e-05,2.0676913261413574,7.268247039348554,2.3244750621608405,1.217873596931256,1.1762656592303964,1.3713889389255087,1.2652836729432924,1.2189709426656872,0.9509088256578702,0.7075019409561186,0.602115734318884,0.47566375194737043,0.3974319214659035,0.2725618401764074
4360,6,1.1869761049913118e-05,3.0978972911834717,8.080342913736352,2.502594971434195,1.2716936285902267,1.2237616271263598,1.3255249307852657,1.1312113740092493,1.041723615710441,0.9431417146434938,0.6905683320880032,0.5929485661939004,0.434398474193918,0.3469362481516137,0.2941722081301995
4370,6,1.1869761049913118e-05,2.5130138397216797,7.318797394893659,2.1659889018263034,1.053889608183301,0.9556119985277385,1.0604406524608923,0.9910895198724611,0.9716265070951362,0.7821645060827276,0.6261719987405131,0.5331565935138766,0.3675782954575263,0.3571607296776685,0.2537738222731842
4380,6,1.1869761049913118e-05,2.8376998901367188,6.980418345501275,2.1126564794024,1.091123720392117,1.058853217442361,1.1778485906431762,1.043950829511415,0.9658987289977042,0.7601710198892082,0.589763847528396,0.5137594389342842,0.39307439541712785,0.34889709252147644,0.2547873114788152
4390,6,1.1869761049913118e-05,3.653057336807251,7.675552205473507,2.3389608464223395,1.1598385258911057,1.142102832697903,1.2651366559592312,1.1091704614870497,0.9829246752479588,0.8252293343591453,0.6295218224026481,0.5601439581631558,0.40392942771004775,0.3295091131274432,0.28026228033527056
4400,6,1.1869761049913118e-05,2.3222718238830566,7.1165094364271875,1.967963985891281,1.0971286018417694,1.045667007756136,1.1277484862169096,1.0002731423524058,1.0550893658569835,0.8516192199962964,0.5989587771313214,0.5496355493103626,0.3853839824857355,0.30818115118416245,0.21432212069427178
4410,6,1.1869761049913118e-05,2.198221206665039,7.065638878967422,2.059015342487813,1.0688364648135043,0.9901628620831594,1.1535001897193977,1.0384826823824238,0.969192817664275,0.7655187989198863,0.6375162376734739,0.5279620390912753,0.353361432979452,0.3383412019591797,0.2597575941688301
4420,6,1.1869761049913118e-05,3.0457863807678223,7.921175643598109,2.564472979438002,1.349423145024601,1.3247779380959552,1.4382780991099957,1.2569702369798559,1.1742663666508617,0.8715138210324801,0.7233599631043436,0.6282097659874409,0.45317583514143567,0.364035245613596,0.2766368883736072
4430,6,1.1869761049913118e-05,2.8115696907043457,8.998299046196873,2.8048232371207353,1.3655378326702226,1.2225722081092292,1.3855065512081073,1.165846435898589,1.0617767531712752,0.808506240823096,0.7018560565562969,0.6077523658198387,0.46623865347802557,0.38543390298655894,0.301232059883452
4440,6,1.1869761049913118e-05,1.1652648448944092,5.732739217048385,1.736481986035566,0.8942480392796924,0.8899647879312644,1.011952736502207,0.8847070246048131,0.8515954516826648,0.6622829013161949,0.5119024776429318,0.45230145483261686,0.3198826768962746,0.2539532712570845,0.21173440991442835
4450,6,1.1869761049913118e-05,3.2207179069519043,6.548597785727707,1.9724999417063118,1.0453501249027226,0.9938003672450022,1.1757138075636884,1.0450897455873365,0.9486590856525121,0.8155029667885935,0.6284000807802713,0.5242220996048897,0.3632544194484415,0.3096491316123884,0.2198014469202496
4460,6,1.1869761049913118e-05,2.200523853302002,7.9010346248343675,2.4766512945981343,1.2362183694272242,1.2077549636857305,1.3164566383734237,1.1950446415077967,1.2024107802654402,0.9573503216226552,0.6931712349174511,0.6385007376397448,0.45736738975964714,0.3869586224341262,0.2822800258510218
4470,6,1.1869761049913118e-05,3.3094959259033203,7.312173643180303,2.29665577439956,1.2220323190295659,1.1440006221860104,1.2358829415134132,1.0487881421886296,1.0387297867810301,0.7860384205735317,0.6253338651861691,0.5136581482975048,0.3721823035237485,0.3372760559079194,0.23238971887932589
4480,6,1.1869761049913118e-05,3.233689546585083,7.409077815487559,2.308214029891388,1.2072173604142364,1.1102475539846415,1.3142876623433957,1.1711600320415827,1.0984426878423863,0.833853656690169,0.6214206118043468,0.5543852129037742,0.4041488148361038,0.3833320748313184,0.2782253714821212
4490,6,1.1869761049913118e-05,2.0423736572265625,7.765897659684821,2.5712258495031186,1.2610794201505866,1.1934193748097388,1.2998556937897352,1.2084930429877683,1.138926737140489,0.8331978960012592,0.7534768762612537,0.6123682176696357,0.44959281247810007,0.371709565264321,0.30427401729685627
4500,6,1.1869761049913118e-05,2.9105539321899414,8.183444267424758,2.0212826652084197,1.0774581160038255,1.0115708990662542,1.1630568344799461,1.0330283659509072,1.0121865757672004,0.8366804751699591,0.641078371611389,0.5571754516316539,0.397246913535332,0.3469713615102019,0.2447938679631715
4510,6,1.1869761049913118e-05,1.7783585786819458,7.230280601884516,2.2159532088125227,1.131344298242295,1.0509007164122741,1.2192265750396942,1.1048579390911242,1.0026189484604173,0.7693995549665767,0.559597329694455,0.5468896379198821,0.36291598009492076,0.3043564436679639,0.21317912214603088
4520,6,1.1869761049913118e-05,2.355674982070923,8.244341951197171,2.3650682390968636,1.176860425657881,1.1245210067872304,1.2031756752057534,1.0792465391582367,0.996245140020042,0.7985293965993104,0.6240481043165967,0.521125960463451,0.3740038479224352,0.2997333355197476,0.225039185584337
4530,6,1.1869761049913118e-05,3.2963626384735107,7.335052854795424,2.196972193529585,1.1432186846247576,1.0961500279511867,1.266931445772213,1.1084510063553616,1.0246907017120026,0.7843978194769944,0.638144622118691,0.5328496154082993,0.40668343968751175,0.32573376561945255,0.2705411507918814
4540,6,1.1869761049913118e-05,3.309662342071533,8.703632267873303,2.866692887366268,1.570052348416211,1.4863952050677254,1.6311898379778966,1.4618701446443347,1.263465628343631,1.0558068803039193,0.7094923777293978,0.6994652473397938,0.46102408358116215,0.36791856374585646,0.2673897965467121
4550,6,1.1869761049913118e-05,1.6901159286499023,5.795014062769692,1.624538991757641,0.8741980539909955,0.8116469673226663,0.8393121529820414,0.7675335354303917,0.7342397591229355,0.6106274613030334,0.48365083273746623,0.45310365539031183,0.30224342164583407,0.2623624398804362,0.17717462590820365
4560,6,1.1869761049913118e-05,2.464278221130371,7.306681102606311,2.3263741221460474,1.1952135911425634,1.1268990984474927,1.2105641931739552,1.1196338101704686,1.0459123374501058,0.8409851620259172,0.6246526230250989,0.5464888026019548,0.3898861819333745,0.3261684394333109,0.2486351077822491
4570,6,1.1869761049913118e-05,2.870168685913086,9.702254676290716,3.25548331732185,1.5101007730556144,1.440174054600967,1.6099695897919792,1.3197280923845949,1.2901817599490284,1.0092190928027123,0.7223370583539925,0.6406358736496199,0.4570194176721235,0.3997343671036342,0.2924152667409428
4580,6,1.1869761049913118e-05,2.911850929260254,6.208959736414269,1.8381675136799562,0.9590461920984664,0.9107065963624246,1.0133224379244068,0.9080811959710892,0.8559128397849269,0.7239358484808882,0.5316664815645205,0.4380016370510044,0.3299910810563715,0.26114119006885106,0.20851049612346073
4590,6,1.1869761049913118e-05,2.8123509883880615,7.217187095784004,2.2513691585200815,1.1449390640711459,1.0477163426106175,1.1707574342600429,1.0081184823941258,0.9361242762334252,0.7260284632728115,0.6094441561618673,0.5311081932482282,0.39410867957996587,0.2903958762586891,0.22912492584166444
4600,6,1.1869761049913118e-05,2.6012582778930664,6.216370677651332,1.8753214548729753,1.0196407062418638,0.9615366990654696,1.065567747469842,0.9242084888422097,0.8847283458760561,0.6793592352542583,0.5598300097081398,0.47084690418897723,0.3434152038818946,0.27848781349147506,0.20480366639595568
4610,6,1.1869761049913118e-05,3.0245304107666016,8.901523164809939,2.3388495443341655,1.3540427539065982,1.299349919934869,1.3804703927921695,1.1267873994800977,1.0476490325499332,0.8090402144444911,0.6442958456141789,0.5571536893760274,0.3657790523840298,0.3270898821083512,0.2323613494182828
4620,6,1.1869761049913118e-05,3.2447657585144043,6.521180144191879,2.181324377446514,1.1521878612371506,1.0977773008359852,1.1918798700043909,1.0610966053918838,1.022720413542378,0.7722433820110687,0.622992522091821,0.512010723793271,0.36184133904044097,0.30571147326174614,0.22934694799879524
4630,6,1.1869761049913118e-05,2.143226385116577,6.871650300338804,1.9890434806097654,1.0581586780490841,1.0269965416239455,1.1050177172587228,0.9813102581873135,0.9797054949428016,0.7694904529619434,0.5938185211191662,0.48681690616726075,0.3404517573544005,0.2863879922240878,0.22785317899415092
4640,6,1.1869761049913118e-05,2.0353634357452393,7.665649340748784,1.992812197938105,1.0814586166270002,1.0336181835737748,1.0938506136538286,0.9917068717250153,0.9354931600292614,0.6979790519046613,0.5759800175739811,0.5112119894995429,0.36474419344803743,0.28262398003540384,0.20880978283842624
4650,6,1.1869761049913118e-05,3.0597405433654785,6.472112778424635,1.7619653334474485,0.9776305833211899,0.923324879001672,0.992439254608953,0.8564451538459458,0.8424899330722128,0.6469134809370738,0.5009935275587484,0.4535664478751684,0.32664949041661734,0.2761035556526794,0.21209801795072186
4660,6,1.1869761049913118e-05,2.415255308151245,6.473459342391741,1.9340656286849403,1.0573829843579974,0.9972885941353696,1.165774360024066,1.0261959604063526,0.9318520889644493,0.7953307126007029,0.55601031553376,0.45016607526225094,0.3203808076693155,0.2606704554525389,0.21450515259685807
4670,6,1.1869761049913118e-05,2.3320016860961914,6.555969745431507,2.136119905573839,1.1018466156903763,1.0763672046545865,1.1583925323952065,1.0988519547506317,1.0714106566815005,0.8538516079485532,0.6328346209562974,0.5541854982539345,0.41306613828769106,0.34346648921472084,0.255502588570552
4680,6,1.1869761049913118e-05,2.856205463409424,8.091720598701203,2.4018743255305033,1.2979692905062437,1.2356985656958566,1.3379413732376249,1.1786316764228928,1.1648197816813641,0.940829092588852,0.7517008750360957,0.6036511559644143,0.42868535933504065,0.3710765790878302,0.2842912006012431
4690,6,1.1869761049913118e-05,2.243716239929199,7.080952926572552,2.3079845500013456,1.2852190824033145,1.202841452232185,1.2081939644111483,1.166192544172141,1.0317809914521776,0.7992592142208612,0.6565211414725637,0.5451714775105034,0.4114283604843662,0.33314475853509684,0.23887273775984977
4700,6,1.1869761049913118e-05,2.809014320373535,6.54262486677106,1.9752076685734674,1.1287259669509178,1.0609769688635908,1.1411290713981874,0.9626490326780441,0.8813634201011109,0.6652775610566408,0.5864499622528585,0.4806270076671734,0.3682256591033196,0.28108269078084397,0.22504669034734992
4710,6,1.1869761049913118e-05,3.0556538105010986,6.655032120677588,1.802773908638706,0.9484372359628022,0.9188997992677683,0.9959101863969209,0.896808296211634,0.8306382903092666,0.707807973172497,0.5178706395532472,0.4541107499703511,0.35163596334826536,0.27016693243307444,0.2050343942879949
4720,6,1.1869761049913118e-05,2.104886531829834,8.606580395430992,2.7448096105667656,1.5236508845088936,1.454134130329353,1.5421167808236687,1.4471611965291469,1.3699674138709037,1.0970895960953948,0.75985433209381,0.6445915421944505,0.46319623323870374,0.35572084877367144,0.25085516880082215
4730,6,1.1869761049913118e-05,3.154233455657959,6.824511452709649,1.9617571916155585,1.0602068193972414,1.0227151933773342,1.0707144552143764,0.9810337577476994,1.0019103053804834,0.7876770956552623,0.6011545830326012,0.5241541358558591,0.3935754401429865,0.32935733151970004,0.22689600896489323
4740,6,1.1869761049913118e-05,2.6498594284057617,6.703995665145085,2.0004810281939327,0.9881425663380301,0.9518125656458242,1.0482705883331274,0.9510693343608178,0.872532450100722,0.6852220489521272,0.5537650522989295,0.4500885617996864,0.33680939460908343,0.2997414244465057,0.2139630673615809
4750,6,1.1869761049913118e-05,2.345118522644043,6.715568357999295,1.8336702273000498,0.9758009544314882,0.9525430178857134,1.0057342669657232,0.8981667937395656,0.8662927743897251,0.68121444582909,0.5571487433582588,0.4640562789361078,0.3414898300886776,0.2949744153638446,0.2170078665436892
4760,6,1.1869761049913118e-05,2.1016182899475098,6.854121981130067,1.9395905904270254,1.126600230174243,1.059619737619966,1.2127603100082223,1.0973608475732648,0.9691036177358865,0.7569962293424708,0.5925633696260691,0.5025677414181637,0.33885512207371604,0.29555935614334783,0.20979026072725682
4770,6,1.1869761049913118e-05,2.8441343307495117,5.74098202605446,1.7728501700495531,1.010336648411946,0.9720268235214707,1.076815453020937,0.9283489902010941,0.9018981283214265,0.6708570179721329,0.5574439630402256,0.4461373938059077,0.32496837502013987,0.26937362861148245,0.20028176044653992
4780,6,1.1869761049913118e-05,2.2066380977630615,6.953492952862111,2.0558748669027214,1.1269576416052176,1.0140701836249348,1.137142426425445,0.9939313431397601,0.9611677647542975,0.7535890881589385,0.5370412289469714,0.49399878127933006,0.3493057279500848,0.28176306052667066,0.20650401460154968
4790,6,1.1869761049913118e-05,3.1968517303466797,6.50497127835081,2.204130651751485,1.053565771988749,1.0069603291032856,1.1129435230627651,0.9595612357651935,0.9064854176928915,0.679832445037606,0.5573029901488512,0.47693453668385094,0.331909436311812,0.27690874318768627,0.18704301822292443
4800,6,1.1869761049913118e-05,1.6180362701416016,7.496583733471261,2.4726706806202166,1.3465304396591604,1.2272734388782263,1.3491259939418485,1.1299432761237702,1.0537546414646708,0.9043508666515283,0.6524465507105341,0.5433656260191072,0.402661047491259,0.2927439476347321,0.2079225920612336
4810,6,1.1869761049913118e-05,3.319091320037842,8.64414459297919,2.5174837540618187,1.2851454670283944,1.1629316452096563,1.2326232849059666,1.0738640429886714,1.0346897506851407,0.7839197385373011,0.6858717727660189,0.6117112649151493,0.41983476221843613,0.35384602076478683,0.27254476694203095
4820,6,1.1869761049913118e-05,2.406312942504883,8.42857533667474,2.4731779244650105,1.3372921398181317,1.2738702320282147,1.3383504123605032,1.1568492248809545,1.1078495793312482,0.8421428527988549,0.7159307754785855,0.5556211299675223,0.43996086274637963,0.3427194548328765,0.2756424728096116
4830,6,1.1869761049913118e-05,2.30849289894104,7.565531884904838,2.294035790693313,1.24367738019852,1.2420773219024306,1.367264445025707,1.2316717420179841,1.1517123571297283,0.887388174514784,0.6908906260630243,0.6498924438233856,0.4388341094355188,0.3660057485498561,0.3011707896379773
4840,6,1.1869761049913118e-05,3.082209348678589,6.742808512560201,2.1078968270725706,1.1281180149465846,1.0865169314926486,1.171877907138437,1.0038939932127606,0.9232333509323116,0.6805094028910782,0.6201842031536856,0.5282504191136609,0.361541211363176,0.3048793999684588,0.23251390799562485
4850,6,1.1869761049913118e-05,2.3814234733581543,7.350200475945466,2.187258403425369,1.1532308440225059,1.035880705008595,1.1692491865800492,1.0147049490031892,0.9138351223070204,0.7490961722092292,0.5867194305466492,0.5029933535749559,0.41377712683196727,0.2983619607499711,0.223354060913033
4860,6,1.1869761049913118e-05,2.882540225982666,6.67045700382078,2.03336591988825,1.0224590298222458,0.9887493523257617,1.0992177663259335,0.9676485694119596,0.981010634216978,0.7602913659658922,0.6388310453814925,0.5305831161349037,0.3680124100486909,0.30289888677980253,0.21286593744111437
4870,6,1.1869761049913118e-05,2.7402687072753906,7.048781679915217,1.9614386165645026,1.0324725377455977,0.9602773450143542,1.0550598845620685,0.9248107164555499,0.875722595386832,0.6612430181687972,0.5500929722969792,0.4583129628804152,0.36076470497529106,0.29095920910765977,0.21685901104856048
4880,6,1.1869761049913118e-05,2.08203387260437,8.084035287586547,2.3829565744833574,1.30031249957712,1.315274148170036,1.5014858607627783,1.3103231280226908,1.1703060810053094,0.9157338378891406,0.7300006044811812,0.5931535842482238,0.458189702197533,0.401135897301788,0.29142293401251007
4890,6,1.1869761049913118e-05,2.529123306274414,8.047711120536942,2.4349483721498784,1.30744844985213,1.2520465228779172,1.3298231318426499,1.1607021257616608,1.1732169187421804,0.8950909862698679,0.6672598014573556,0.6333834018860905,0.45959824579564557,0.3396377248241524,0.2824742089652504
4900,6,1.1869761049913118e-05,3.803283929824829,7.705467021925708,2.451488526473081,1.2237651656853217,1.1674712115460826,1.2881588721341386,1.121936812797597,1.0622465375841073,0.7733413365652906,0.6727536400551625,0.5195035806218253,0.4457376100501255,0.3244400815386174,0.24993034362188604
4910,6,1.1869761049913118e-05,2.9532477855682373,7.203393783423879,2.302068220032426,1.3206040378639816,1.228203048493241,1.4296359050605005,1.1645222629148178,1.0783271425390955,0.8715983210137983,0.664249605578473,0.5874262396975157,0.4143497979222355,0.3332746554088552,0.26387554325615853
4920,6,1.1869761049913118e-05,2.93507719039917,6.657942088795554,1.9683228035801752,1.0572516800360898,0.9974009477660837,1.088946586705486,0.9449604311269058,0.9017082796397703,0.6936702950403808,0.5358322614461963,0.4359985439490072,0.3111491825147391,0.28373238728602956,0.2126287925797109
4930,7,1.1843177107789095e-05,2.4411494731903076,5.728285995058235,1.8713236835609817,0.9309692063628899,0.8894099637812286,0.9921110911045029,0.8717039356694279,0.8332421919296777,0.6429123597202774,0.47670661164634626,0.41096773183123586,0.3134587217859762,0.2387013910221493,0.19443020263376173
4940,7,1.1843177107789095e-05,2.381232976913452,9.183394670514152,2.740700698269646,1.4072935362589343,1.37380826006289,1.5181786309187009,1.3358569464253474,1.2789412879589066,0.8940930485794765,0.6950684585067081,0.638318386090622,0.4418938053817346,0.3373486188268727,0.23971777007943235
4950,7,1.1843177107789095e-05,3.4145374298095703,8.642972477825726,2.697041951411161,1.5479908941010596,1.3973115170992145,1.4613006997820315,1.2782631950161736,1.1999836378008228,0.9277525064381215,0.7067424381115769,0.6149488954963014,0.4640748267107199,0.3698378720589521,0.2687736588515318
4960,7,1.1843177107789095e-05,2.982623815536499,8.720961178485437,2.480909532310217,1.1096302929455237,1.0758032812808291,1.201266194774952,1.0637480850259966,1.0124086398264873,0.8096063199688086,0.6376237581012406,0.5198142502109251,0.3570374667006468,0.29515966586871595,0.21286181728640216
4970,7,1.1843177107789095e-05,2.7583088874816895,8.701780004460339,2.6015040926209285,1.4764398008497397,1.4770543040280855,1.733874705863059,1.5577522910204897,1.49557300988381,1.3465857869849123,0.7966277871451145,0.6623827429954162,0.4800971147667029,0.3741831707579393,0.2773106414935316
4980,7,1.1843177107789095e-05,3.197340965270996,7.378715110095579,2.3645873067343373,1.280606943665472,1.1864079708903106,1.3358736261596547,1.146152603348792,1.1003375564466615,0.8574379628504166,0.6429065378089839,0.5715311452715709,0.41397821872675533,0.34456498973474575,0.27051866987267376
4990,7,1.1843177107789095e-05,1.8706750869750977,8.919015589005967,2.895950555161961,1.4689564029408781,1.3986403542326469,1.489966738767356,1.3389348718847,1.245394890778293,0.9296682682716628,0.6858166828430856,0.6001368334279037,0.42155182187248774,0.3428523732560271,0.268984523664804
5000,7,1.1843177107789095e-05,1.974739670753479,6.878323399136442,2.3327415304565444,1.1424235027000111,1.1302954586025846,1.2372005120015013,1.0974032582020488,0.982188712650629,0.7605597878109516,0.5766721267168377,0.47558864521610306,0.364687178333259,0.2843292735560884,0.2014292017276185
5010,7,1.1843177107789095e-05,2.507122278213501,7.044370997167367,2.6049572694464014,1.3045887027874767,1.2159578792990793,1.2844572319304315,1.1052260148692732,1.0442330342482435,0.7911428327821085,0.6354317534062617,0.5396444568062131,0.3906681412244532,0.3173094930145943,0.24978556364878968
5020,7,1.1843177107789095e-05,3.0095624923706055,8.052266803315247,2.6063911012549887,1.3338575138226116,1.2800041337589398,1.3961906531651007,1.2640850494498177,1.2293988175631432,0.9593102024591015,0.7291763509058223,0.6134898413956227,0.4550641596716619,0.3384384114552908,0.2805093682528987
5030,7,1.1843177107789095e-05,2.6985244750976562,6.240716995530485,1.921513278940608,1.0405092665195312,1.0121496775212313,1.1026476301827475,0.9270042949629478,0.8627033216585006,0.7039924586053481,0.5374057292281906,0.4594293751665163,0.3340674595994683,0.2502550873746306,0.18294098142043674
5040,7,1.1843177107789095e-05,3.049290180206299,7.464550097575869,2.144656804146706,1.1565995744978246,1.0827850415621851,1.1948742535363361,1.0776171717871637,1.0739286425872963,0.8327059397960127,0.6666053499802076,0.6082314464792945,0.40975165775086464,0.35891827217335637,0.25561571385534815
5050,7,1.1843177107789095e-05,2.125321865081787,6.981680993295907,2.1588050894834514,1.1148667339547385,1.091742612059365,1.191522554799456,1.1043835617709985,1.056390567381787,0.8110628402510615,0.6097277019947412,0.5960156874661615,0.4092524274765465,0.3248085259687283,0.22889390801144183
5060,7,1.1843177107789095e-05,3.0069546699523926,6.747327287643415,1.9700611642487778,1.068687521781149,1.0269473053250868,1.0991988199864555,0.937286130034258,0.9085804798876448,0.6877565303819496,0.5473985305996757,0.4592981117819393,0.3216869549410856,0.2497723257004868,0.18761334011819414
5070,7,1.1843177107789095e-05,2.4099373817443848,7.55034796320617,2.2523310166343906,1.2368580274048917,1.166729460803886,1.2460574074764328,1.131360429424972,1.109896182749134,0.8181801128279398,0.6732099983962991,0.5888606225504988,0.4151842500038688,0.3169533633280523,0.22840713398040904
5080,7,1.1843177107789095e-05,2.5518088340759277,7.7922805305902845,2.167317286714881,1.104460193848283,1.0790025918116881,1.1431110506447404,1.0614244261677799,0.9775627324921345,0.7735085579653135,0.6259900858841668,0.4923256095310766,0.3500193245339441,0.30064139869899675,0.23361406772369175
5090,7,1.1843177107789095e-05,2.0702431201934814,7.183263856490982,1.8375361036630677,0.9059245125367715,0.8843955297809307,0.9495133296660744,0.8559226321249593,0.9213467552590624,0.725809059088732,0.5412527541900485,0.5069914602211251,0.3409169586669321,0.2802691009916575,0.1993079711852599
5100,7,1.1843177107789095e-05,2.9724621772766113,8.30895378931857,2.5332718036818003,1.2389885079478116,1.151213103505432,1.23809341155199,1.1188170809786016,1.0833907908095768,0.8332224023365777,0.6733443310268584,0.5576500452462289,0.38432831731268047,0.3153870381334488,0.22107021199609478
5110,7,1.1843177107789095e-05,2.6213650703430176,6.666779764344949,2.071724909050433,1.085565571291094,1.0068482172249076,1.0802653421475354,0.97237225647084,0.9811615673338022,0.7923432937456042,0.6051877349466087,0.505099687311721,0.38517978008195064,0.3253020090554263,0.2385373823171016
5120,7,1.1843177107789095e-05,2.589989423751831,8.689856919565846,2.051992661750393,1.1331774402271442,1.1175412685435,1.2043305464613823,1.042999226294186,0.9950931321579851,0.7868821541634162,0.6160531117599312,0.5030754405987174,0.3831613353196273,0.2975494155790761,0.2071713112960156
5130,7,1.1843177107789095e-05,2.8878071308135986,8.119239406952293,2.225632802956596,1.2124198490973075,1.176486075206876,1.2151632939693995,1.103407662981773,1.0766510538726868,0.8234239739426622,0.6465923019106987,0.573654552627776,0.4016562532428514,0.32142623013560934,0.23162458211501996
5140,7,1.1843177107789095e-05,3.1767187118530273,7.432614655004787,2.3497248555544386,1.2049450588937112,1.0748003182464492,1.174930247809441,1.0610958753250173,1.0439343701812622,0.8216347565293983,0.6435561730977022,0.568340023246843,0.41842259014980665,0.32077170599215865,0.26802541506318167
5150,7,1.1843177107789095e-05,3.2108240127563477,5.9150120501664745,1.733680346459907,0.9519413306728322,0.8909931822248164,0.9911229246919485,0.8634542455146741,0.8128235653405177,0.6629016474887178,0.5093101358568625,0.4731161300914744,0.3256776740032657,0.26243989533495365,0.2155556109034123
5160,7,1.1843177107789095e-05,2.4032273292541504,8.159550525023088,2.1972868690854512,1.2170032899393872,1.167050098609324,1.2362688486194553,1.110969681631966,1.0097875314868938,0.8009214837703438,0.6203404948317544,0.5025753192520289,0.3829817724389449,0.30314935348483946,0.2273521483845573
5170,7,1.1843177107789095e-05,3.050940990447998,7.233333954906458,2.267162947353664,1.3074340191237368,1.2302186576020229,1.3642539288273365,1.208994030143565,1.1388220393204151,0.8715298119513923,0.6843392759997423,0.6151611026501409,0.4385229372236614,0.3503297798221587,0.27371298793520654
5180,7,1.1843177107789095e-05,3.294015645980835,10.793035931045416,2.912976919723718,1.489294866233818,1.389824615609678,1.4247902689756395,1.240042408758824,1.2554353768842978,0.9291430930645862,0.7040104339147228,0.5776326251484488,0.43517333570167743,0.33861105109884143,0.26317507151974634
5190,7,1.1843177107789095e-05,2.7212681770324707,7.269409037510037,2.484158731932175,1.4006102239013951,1.3337940126098673,1.4752237352641087,1.2756826481890113,1.1537720653493295,0.9123576129765691,0.7184632370126001,0.6258723641647529,0.4475887524534486,0.33123794761459574,0.27211760913105437
5200,7,1.1843177107789095e-05,2.716658592224121,7.1501124108209035,2.2326332579363606,1.2802204403721535,1.2201698556531464,1.3341761537766712,1.1733288137383397,1.0593600307695759,0.8032792779421395,0.6327619689842435,0.5395233163016858,0.4073871464701494,0.30827761305304974,0.2174073042204608
5210,7,1.1843177107789095e-05,2.881425380706787,7.887906508327036,2.1943918285967947,1.1592669768476844,1.0620883195617816,1.158347578050543,1.056169508439282,0.9949390099750164,0.7680597003097918,0.5831426316038159,0.50313339629551,0.383009187316962,0.3078862267871544,0.22197189509625034
5220,7,1.1843177107789095e-05,2.5847959518432617,6.13565438326237,1.7742164640029243,1.0050905042745206,0.91235068908128,0.9881738088784292,0.8373085230424594,0.8021790237220797,0.6079833525050863,0.5006191374803772,0.430390552222563,0.3015851995129867,0.25930082142912136,0.18489207950995626
5230,7,1.1843177107789095e-05,2.7927563190460205,7.757000518183947,2.5012916060600925,1.3629065113061356,1.2372179844961797,1.3495170963290837,1.179859827113855,1.0639558239342668,0.8899024256572148,0.6768307398582429,0.6032077490432918,0.4033470729431524,0.35042760846922666,0.2586422170223797
5240,7,1.1843177107789095e-05,2.6891942024230957,7.189246995654293,2.443401013301793,1.2470781698330398,1.1385458375048383,1.2111331908476568,1.0532403349857238,0.9835935696885357,0.8250790077240273,0.6424901488910838,0.5365257693210702,0.3666986925808904,0.3116302153584708,0.217528343712861
5250,7,1.1843177107789095e-05,2.4614834785461426,7.906767974463262,2.539246739605786,1.3855023011801855,1.2930815136267664,1.3860849480973834,1.1246609348367373,1.0092782913538292,0.822786349479703,0.6719687057636295,0.5548064883077531,0.40199456504790626,0.313428876683307,0.21964374471597736
5260,7,1.1843177107789095e-05,3.3748230934143066,7.01056375012931,2.3276098636579827,1.1791933930788214,1.1005657710462409,1.2085580729716918,1.0335656234773205,0.9654727043629435,0.7580840509330338,0.6259344635953497,0.5215049035162158,0.37758520293125925,0.2949716110734802,0.2026304053505648
5270,7,1.1843177107789095e-05,2.3930838108062744,7.501943161034418,2.367597716611649,1.2530585606437266,1.1577438706470038,1.2730118443379048,1.0986973602486079,1.052130500870556,0.8116921021932185,0.6548873925694174,0.5671443023563282,0.40229095399596904,0.32786840411435525,0.24479398832931
5280,7,1.1843177107789095e-05,2.7998740673065186,6.881101972635359,2.2031980371413833,1.1992329971243005,1.1298538707772343,1.211320735365245,1.0909304829473798,1.004388665767826,0.7588210452698662,0.6336828396196991,0.5470450141124876,0.39038166698634846,0.307745486745157,0.24247310927212062
5290,7,1.1843177107789095e-05,2.904468536376953,7.852374353770737,2.5477951339134646,1.3533985522000653,1.2369064721541396,1.3793695929475698,1.2579729565987674,1.1296734782227513,0.8322818900630101,0.6715925896002561,0.5661465213570489,0.41950998795199107,0.3103879119547278,0.2153038590427324
5300,7,1.1843177107789095e-05,3.1991591453552246,7.1012560130105795,2.379374353432657,1.2689950182351473,1.2313283641226855,1.3103399145296921,1.171372693188751,1.1400714035069734,0.9419404451430359,0.7111570437076464,0.5576465742098904,0.3970133587333656,0.3240036479326581,0.25037476855137136
5310,7,1.1843177107789095e-05,2.4843509197235107,6.694931754917337,2.1340303066550623,1.113888901223868,1.0673712657963115,1.1558046277326008,1.0029013192562066,1.0002164063534977,0.8301685416891826,0.5996820661149702,0.5009724510842827,0.365952262829784,0.28918438413913106,0.20369284597225965
5320,7,1.1843177107789095e-05,3.2668070793151855,7.747481735933216,2.3335697959556305,1.2249734941957915,1.1507897986738846,1.256158882798553,1.1868837739539548,1.0262828256103933,0.8187635112981719,0.593477714318744,0.5209027700258879,0.3932013747562868,0.32159558779929637,0.21467294390748246
5330,7,1.1843177107789095e-05,2.403263568878174,6.252252966610504,1.8350626882454437,0.9747438494789398,0.8640987842777196,1.0021201360181353,0.8503357499682769,0.8065220475464019,0.6147694568710075,0.48564041482138287,0.3898495025721128,0.30912378418774683,0.2477756335440567,0.19427483161588815
5340,7,1.1843177107789095e-05,2.733126640319824,8.662277982784238,2.596310004038244,1.4193665371252238,1.3207318196300573,1.4824262449406809,1.3249433729461675,1.300543734178862,0.9753572829936391,0.7677402733810532,0.6559464562592241,0.4871028230704054,0.4002631967457672,0.28715438460762993
5350,7,1.1843177107789095e-05,3.06046199798584,6.775404644621415,2.24575498060503,1.194619099953026,1.1222068421461284,1.1444665907382878,1.0063667972710704,0.9810529068959492,0.8007408931222461,0.6355213034410803,0.5346242890665397,0.38959162384342305,0.29483045250307155,0.2345431158718068
5360,7,1.1843177107789095e-05,3.144427537918091,7.9847579864155716,2.344831769381807,1.300118526148536,1.2883385680484414,1.381814942394196,1.1839445285988979,1.1561450512041873,0.9406236614886294,0.7358344281665498,0.5902783683244095,0.4478330768184575,0.3372372571092555,0.22192805018091633
5370,7,1.1843177107789095e-05,2.7114505767822266,6.419933774888368,1.7319604269541404,0.9625377303434797,0.9139603858243791,0.9909299751168847,0.866759290393127,0.8693908777242361,0.7047190231272424,0.5556409459185037,0.4853092807608871,0.36962013213743206,0.271915889726152,0.1982845546998832
5380,7,1.1843177107789095e-05,2.47621750831604,7.716280405121529,2.584868396277351,1.3384040167054112,1.275438730358065,1.3959769680958638,1.222594469700658,1.1084627192191192,0.8808357682872392,0.6741468209488398,0.5670204311961141,0.428707806993056,0.320861821156934,0.25877288344507693
5390,7,1.1843177107789095e-05,3.0528266429901123,6.21632589102627,1.917033778998378,1.065969817768774,0.9965507473736049,1.0256646497184725,0.939530116942713,0.9577823658089254,0.7600595227023337,0.5621966514336658,0.4746912207035543,0.3651161237663886,0.29193383230824915,0.1998854881098253
5400,7,1.1843177107789095e-05,1.751049518585205,7.390055406723243,2.572965207090779,1.278235473241773,1.2736555049597382,1.3234834755872236,1.2356200053166984,1.1373937201565034,0.9607807101838254,0.6627041594228422,0.6236704311848472,0.4437478903901437,0.36148766217942996,0.2620500734077478
5410,7,1.1843177107789095e-05,1.8050023317337036,7.191696763286354,2.3867609313819638,1.2475701710645306,1.1930728762963996,1.3092434087823568,1.1197693159031519,0.9926385875920362,0.8462466796788221,0.6545806656858921,0.5583985718509692,0.4088172102807779,0.3216016456454687,0.241227003010886
5420,7,1.1843177107789095e-05,2.78070068359375,8.009032975357307,2.4211761737611446,1.3134900824035352,1.2386497143047006,1.3583557280223677,1.2303109101594154,1.165614034607864,0.9270978882491808,0.7615087607424718,0.6236957562110178,0.4721797160506368,0.3522695259422361,0.284333676886403
5430,7,1.1843177107789095e-05,2.8713455200195312,7.986526765947749,2.722123179099327,1.470618444091565,1.3610054144398436,1.5132395259534344,1.2944973361666754,1.2991427644578029,0.9743967941424604,0.7790915688871668,0.6746620196776476,0.45420579016565,0.33987621800835666,0.24684039788809156
5440,7,1.1843177107789095e-05,1.9172581434249878,8.082617629798511,2.766886310309704,1.467480001389537,1.3304316012968922,1.4363777663301245,1.3522094075219793,1.2429774815121881,0.9250789750149753,0.7705399896581245,0.6719028913951053,0.4537989115596687,0.3639907468759257,0.24068034975279515
5450,7,1.1843177107789095e-05,2.6935105323791504,7.393987943949883,2.154960491097154,1.0664754886859662,1.0307722291750503,1.0578704882311452,0.9461532014439252,0.9275411767160099,0.7042699545590704,0.5615352259181151,0.4719418842963448,0.3412205103737365,0.24479444960039798,0.22251916289528909
5460,7,1.1843177107789095e-05,3.1869144439697266,7.931257500750394,2.7052235653856154,1.4553663435972168,1.3478551876736313,1.5213277708479105,1.2855980182081583,1.3162611537082558,0.9145367167210373,0.8039583619577321,0.660402254416093,0.4560836161100493,0.34791855508457514,0.24088142372563512
5470,7,1.1843177107789095e-05,2.5971145629882812,8.132214852311574,2.8998552944083507,1.4054165121811852,1.3419251527046694,1.4571579724133947,1.252047827584625,1.1706989870501052,0.931172852952619,0.7023884106250707,0.6146632586029028,0.45647567342138495,0.3365409022258621,0.23895765733346835
5480,7,1.1843177107789095e-05,1.9815101623535156,7.75596611113824,2.263732356089635,1.2156854899226262,1.19047576605939,1.2364711334366227,1.1177917740202432,1.1127902311829752,0.8717609738900395,0.6585531691143649,0.5624582551244731,0.4151102893469609,0.3169436990863991,0.22493215119054116
5490,7,1.1843177107789095e-05,2.3789877891540527,6.984818910803683,2.3072971517030205,1.2642272724524164,1.1605402834609027,1.31578317993151,1.1801959726377391,1.1004181344065749,0.8757109386485232,0.6494946677435548,0.5569725998152966,0.4405769677460767,0.3113625590087509,0.2655200179536673
5500,7,1.1843177107789095e-05,2.249495506286621,8.36596519714733,2.4698771448963743,1.294150315837871,1.2279390678520365,1.3577365047282601,1.1434489528032383,1.0475173466471277,0.831320061610283,0.6598356217307594,0.5677681212467292,0.40561580703140454,0.3135836353835037,0.24588999526317099
5510,7,1.1843177107789095e-05,2.5446155071258545,7.123787089842589,2.2526499631765704,1.1687606650600335,1.1163425550214203,1.2546127597668355,1.0898009405532227,0.9863798419895123,0.8580223830563146,0.6414783408527133,0.5374423689604125,0.40607587470084844,0.31589595969374584,0.22434605968713572
5520,7,1.1843177107789095e-05,3.085588216781616,8.647642338461917,2.6497402943041286,1.4393541660399352,1.389226299217169,1.4493859735136732,1.2834617485422368,1.2998166061911949,0.9489867813259859,0.759538312624093,0.6336762226533279,0.44400168891078196,0.3558614055287029,0.24566977812305868
5530,7,1.1843177107789095e-05,2.845371961593628,7.623646126753698,2.3451284827361607,1.2692767407498609,1.1876106806306055,1.2967953237477587,1.1552783659572308,1.087793314921618,0.8394967239897266,0.7356724098879633,0.623552556969462,0.4166395716222695,0.33544603518422694,0.23478169507541924
5540,7,1.1843177107789095e-05,3.031935214996338,8.364769832321427,2.6164137254783055,1.4133229393876776,1.3327620722334306,1.499761608946583,1.3486228342527906,1.3558308768513554,0.9897645402599846,0.8211336335361189,0.6476135338000452,0.46030362749760434,0.382642351286314,0.27232724239059786
5550,7,1.1843177107789095e-05,2.564565658569336,6.198112908262934,2.118059237990067,1.1413425654449099,1.120051448715068,1.2142433127581138,1.06558807819776,0.9455706410260448,0.7444415571061008,0.6255315397095349,0.5304257930555714,0.3644785578106171,0.3052877506483525,0.22730620575731358
5560,7,1.1843177107789095e-05,2.1915037631988525,5.826077373323135,2.135176102574826,1.123432687514611,1.0412320507314499,1.1163778310002914,1.012448511947758,0.9338230896615182,0.7421047917509727,0.5693699476625456,0.4886091343253479,0.33651094673769955,0.2767958367505621,0.20518075210793582
5570,7,1.1843177107789095e-05,3.1504955291748047,7.516201297559871,2.07111175769172,1.1248517567150595,1.0739927858059792,1.1649230738190972,1.0072212732344286,0.9384284364076034,0.7751327559098333,0.6059206307564381,0.497831616514885,0.36137635893864517,0.29641044576986264,0.22217737977202445
5580,7,1.1843177107789095e-05,2.314413547515869,6.074604171943149,1.886281436042536,1.0958455114971508,1.0489281511842685,1.1456678154949969,0.9789517814031653,0.9323818844273757,0.7076192457043703,0.5459199554989133,0.47758060889730874,0.34475448492370003,0.28373696388296205,0.21234159533061767
5590,7,1.1843177107789095e-05,2.6539480686187744,7.027919199101163,2.2499279282089666,1.1682874899272526,1.1180765534056138,1.2409475249477542,1.0238871133495908,0.9967771874342228,0.8144298206217825,0.617937963420673,0.5213204101008763,0.3781502154565669,0.30246260861566543,0.20551007698324267
5600,7,1.1843177107789095e-05,2.915395736694336,6.5723411310413296,1.9865407354919398,1.0436344321911148,1.0057552900383429,1.1009334683327112,0.9436708490447606,0.8985234132018439,0.6778101805844943,0.5922662197653883,0.48157547162745173,0.36687450580529385,0.280862129026907,0.21600614978400956
5610,7,1.1843177107789095e-05,2.7006072998046875,6.589931139210513,2.117774265795237,1.1467987068860814,1.0550859101952121,1.2196158382675304,1.0826606656872533,1.0154108035818254,0.7963861620164764,0.6519680944311125,0.5227124222857422,0.3683311997358248,0.33188141110531355,0.2420711642596959
5620,7,1.1843177107789095e-05,2.3293070793151855,7.160959994503973,2.3569847735369254,1.2849181987287284,1.1538533709398937,1.2546824410325859,1.0584242243077377,0.9844156959300302,0.7884325572667402,0.6231999773391204,0.5442995774608699,0.38254041968550917,0.3218358889784271,0.23767511907165847
5630,7,1.1843177107789095e-05,1.9242134094238281,6.8590042110396645,1.853953013262852,1.0068640046527355,0.9429028029495573,1.068147367620768,0.908389214789075,0.887987043323331,0.7102745402534358,0.5295334404772452,0.46609150003580213,0.3221373058879063,0.28673793727556945,0.20117624207786514
5640,8,1.1798966893950997e-05,2.249143123626709,8.510965325154102,2.587568246177106,1.3743208309684602,1.210078518196893,1.387071298497379,1.1931987202667114,1.160012186776341,0.9320137536885729,0.7393830994094719,0.6081657034483997,0.4277869278906979,0.381485946172172,0.2816376325281578
5650,8,1.1798966893950997e-05,2.6033921241760254,7.121211292246214,2.154258771259039,1.188083143632121,1.0030781470537062,1.1294255485349058,0.9796078254957938,0.9247249633547684,0.7276862050678812,0.5564526339948599,0.5021352558192023,0.33936572323115277,0.27911593478572205,0.20344205512921024
5660,8,1.1798966893950997e-05,2.782662868499756,7.235692492878026,2.3162037374829425,1.3289137565206588,1.222098278598366,1.4158567725888955,1.1938183678503886,1.1073596313107064,0.9082642551647911,0.6211575406511375,0.6303069121567231,0.43909367476298133,0.3253809190370051,0.23739345996292516
5670,8,1.1798966893950997e-05,3.0860958099365234,6.814474406678313,2.163721235290182,1.0923179155053413,1.0672493257269753,1.211916197314599,1.0981591521932323,0.9903924626210718,0.7362872682569949,0.5918295550121229,0.4776618598271488,0.3539023097977272,0.2828812043992657,0.1913944185447411
5680,8,1.1798966893950997e-05,2.7787413597106934,6.599879586846712,2.3000800588614503,1.2059915984960774,1.2121224275171116,1.2941675557606793,1.1397352440815636,1.1371533382643115,0.8668956781666236,0.7430610263692595,0.6234832396070357,0.41732649299941743,0.3436153201094212,0.2340691663636148
5690,8,1.1798966893950997e-05,1.6720484495162964,7.9297098683514395,2.506935876324749,1.3553560596857146,1.2323901660309717,1.346355488939915,1.1683705845666823,1.08123340659634,0.8928019917802918,0.7111272610014123,0.5936998389672699,0.4332556460318127,0.3694148812273108,0.2390322565686874
5700,8,1.1798966893950997e-05,2.8676505088806152,7.569816655412816,2.36620561158653,1.271926938768828,1.222113661520581,1.3712158195484059,1.1872362598994506,1.058975524334501,0.8600682308435915,0.6549404760667861,0.5824453621936714,0.38964489907436356,0.2974854326536665,0.2237329898138913
5710,8,1.1798966893950997e-05,3.27779483795166,7.303229762599307,2.4051540050251083,1.301898755210833,1.2389219994996779,1.3635192796144175,1.2459552260574107,1.1221585205352784,0.8338802077114953,0.6615442070437567,0.5333687747797673,0.37366077614243703,0.32668559449851686,0.22868378812059528
5720,8,1.1798966893950997e-05,2.814432144165039,7.347523437424286,2.0216704621995683,1.1293041459639213,1.1465761888519013,1.3117064648678312,1.103305940162295,1.0167476285764268,0.7912046855770675,0.6391666819975241,0.5275829754254681,0.3619353514111433,0.3121009800978741,0.212205577164525
5730,8,1.1798966893950997e-05,2.8086605072021484,6.748912234023351,1.961505230851819,1.1303056576967216,1.0340685187358325,1.1573224571691176,1.019075943993539,0.9350366564000006,0.7076342666213176,0.5991954112628071,0.49898916487709577,0.3477460172058337,0.28170315435681464,0.2126915794878869
5740,8,1.1798966893950997e-05,3.109546661376953,8.492412229311746,2.9008183190459413,1.5201438044390627,1.3880802145650497,1.599970750364117,1.4494128444684118,1.2955948195086653,1.0171369631204779,0.759097521633652,0.6887470924121543,0.49277254677741206,0.3938076926756741,0.26434212938634083
5750,8,1.1798966893950997e-05,2.7064056396484375,9.565962211367758,2.728662450404037,1.3869318049488,1.2643046154503146,1.4450618766428833,1.25504506921957,1.1696811526733673,0.9183191905127918,0.6996844968166891,0.6016274590423305,0.41079151100090194,0.33220505001634487,0.2282865829991825
5760,8,1.1798966893950997e-05,2.234537363052368,8.237355539480086,2.7418481843847906,1.4022031958264958,1.282800892931187,1.4062559776295003,1.1898277033190412,1.1506879198902864,0.8905613092283935,0.7682599504871913,0.6153153991842583,0.4438151689026477,0.3191479965749361,0.23013731534162885
5770,8,1.1798966893950997e-05,3.503641128540039,6.470021088063403,1.8527604493421501,1.0732369247738989,1.0586466332575633,1.172941458343491,1.0271585838426518,1.0209495854183772,0.776135667938727,0.6274170304744203,0.5091678384017253,0.3700771724656061,0.3030801340218892,0.21570929129473274
5780,8,1.1798966893950997e-05,1.9259815216064453,6.775136709468107,2.220572237094828,1.178414916650375,1.204308457318683,1.3420224686392894,1.187495875410239,1.0937160273394413,0.8701875745358818,0.7129417784428707,0.5708112334712087,0.40546530802279956,0.3404160867515861,0.24342064414823258
5790,8,1.1798966893950997e-05,2.809340476989746,7.284544033402058,2.523265924273065,1.3043032852785885,1.2589223658769728,1.2905196678080921,1.0982936706415691,0.9920709544440226,0.7521206076113189,0.6451544742328531,0.5804414359229855,0.3922388949286162,0.3064176622419997,0.2359759562815902
5800,8,1.1798966893950997e-05,2.5572543144226074,6.766878381013303,2.0537479703141663,1.1523332610122705,1.0940141758492,1.1658497418105689,1.022985425256565,0.9701398128047165,0.7759701597022861,0.6143350225568126,0.5165716856001031,0.39046616960609887,0.26796560552673143,0.21997224959878797
5810,8,1.1798966893950997e-05,2.208312511444092,6.888369422263979,2.030844790734338,1.088661537267399,1.0161609936765972,1.0995474568674999,0.9480206476492212,0.880308263980909,0.7120382920189051,0.589743030916069,0.4794386808407087,0.34576033397457334,0.28501626061192514,0.19720005433194082
5820,8,1.1798966893950997e-05,2.723849296569824,7.048635387131236,1.9775606083726394,1.1021386171965106,1.067933361141381,1.1351486537707738,1.0073531916368814,0.9556497627024374,0.8006590546804018,0.629456007346381,0.5153787827058863,0.3375627059453394,0.2957518548378396,0.23738309733372306
5830,8,1.1798966893950997e-05,1.8400988578796387,7.0051686607696295,2.2518654741148145,1.2574643256770757,1.1693004881818676,1.282631618649075,1.1168247281976498,1.1097412779705953,0.8558356723417215,0.6563108904987046,0.5728017775707803,0.37479100584086095,0.31561943013435617,0.23186788029581515
5840,8,1.1798966893950997e-05,2.7572526931762695,6.798101131491166,1.9087941256718306,1.0015831093829208,0.943152755253984,1.0281733024751352,0.934248501177907,0.906459828665401,0.6810194391307444,0.5646435540576821,0.4803943483218883,0.3431262989320171,0.2818325199756669,0.2090184346165702
5850,8,1.1798966893950997e-05,2.526573419570923,7.590388711254297,2.591371119469779,1.3442203093660017,1.2524267242734823,1.3631869891259196,1.241958064071346,1.1890060959964854,0.8776074956070309,0.6472150516155967,0.5980506201841773,0.39224407923976473,0.3130810684586835,0.21544159880467392
5860,8,1.1798966893950997e-05,3.008697986602783,7.26035568225658,1.9893533096064875,1.0934500047101592,1.0732238042992988,1.182057454961527,1.055813720188661,1.0540478129355284,0.8934545256122415,0.6194055857742445,0.5444914793318545,0.38820107493244804,0.3115193263581119,0.21870649190776534
5870,8,1.1798966893950997e-05,3.0933172702789307,6.407898455985028,2.146003971747215,1.1147894739391984,1.0558097601352952,1.1140367611401119,1.0171257418952278,0.9770172340867987,0.7286465149890653,0.5994127778641274,0.46552590670099003,0.3668317093932135,0.30023173767022576,0.2129906421580888
5880,8,1.1798966893950997e-05,2.3632431030273438,6.144867193738322,1.8471024952315422,1.011739015412217,0.9540273193724885,1.0539452469716044,0.9828936409759012,0.9213967736544119,0.695761799075867,0.542002434059105,0.4498028625495336,0.35759389272405456,0.2806277693582603,0.2075709911728546
5890,8,1.1798966893950997e-05,2.7326340675354004,7.949771259357876,2.045115601797817,1.0949609816639556,1.077042465725754,1.1783474104912073,1.0031038491349686,1.0437621496189504,0.8035662269274992,0.6281897517858671,0.5020704279761835,0.36452909554267876,0.2940563564068075,0.22268643102032973
5900,8,1.1798966893950997e-05,3.0042457580566406,8.264098955693159,2.6939836860319093,1.4919427921992918,1.4121165679556194,1.5946457789686754,1.4138884251168438,1.3221454721495367,1.0008978020833696,0.842021340746977,0.6947109144491358,0.4713648452558561,0.3681772869590562,0.2553294222016235
5910,8,1.1798966893950997e-05,3.5330379009246826,6.868044404353165,2.179676605274505,1.1618619777199348,1.0219510302998518,1.127541779140253,0.9961053272584295,0.9139691358191879,0.7476127422826315,0.585758524770148,0.49786264493348054,0.3718075164128903,0.28943483655401514,0.2018101893403092
5920,8,1.1798966893950997e-05,2.4896421432495117,7.248184542718983,2.3309067812354565,1.3293020017041899,1.2868978491800451,1.373499221574095,1.1895387790756522,1.0883901959368953,0.8451632867681644,0.6344416140205045,0.5658859626577842,0.40247251900439174,0.3225297019644076,0.22951189907067382
5930,8,1.1798966893950997e-05,3.0330429077148438,7.101481988592609,2.465117798126337,1.3508739747621874,1.290643240037058,1.3658633916968634,1.194641621033661,1.1895122971403431,0.8818723942029644,0.6551759747645043,0.5423158056577276,0.4090727050353235,0.29364689770132835,0.21734307371867195
5940,8,1.1798966893950997e-05,1.9045798778533936,7.1589282404272545,2.2377749706825227,1.1690096873041143,1.1170084170770418,1.1747608055725072,1.0964697897462192,1.0393059820473727,0.8496242341795449,0.6636882761140825,0.5491743038805574,0.36135486369637354,0.2956287994796064,0.21772021717116172
5950,8,1.1798966893950997e-05,2.539302349090576,6.7940603914179745,2.125542821990619,1.1478789591016738,1.0418625047631322,1.1871224467439294,1.0160748363288175,0.9670023502248332,0.7446146565435972,0.5677056426256757,0.4749819800436211,0.3113874957287227,0.2561178393900141,0.1754262984831016
5960,8,1.1798966893950997e-05,2.931344985961914,7.64286928046085,2.23280221682419,1.2209768908359468,1.155092592564718,1.25893933866513,1.1064580549579985,1.0775348202647546,0.8294841081861365,0.6438587385950328,0.5649254706532761,0.36349716193108883,0.30894467192072367,0.19897338885645308
5970,8,1.1798966893950997e-05,2.6341819763183594,6.197126237185498,1.7437633316107126,0.996775474215015,0.96102649065679,1.0424734201628503,0.9435080470171595,0.8896703517593887,0.7022456338968238,0.5355942227982115,0.4584708790144558,0.34187012918536613,0.2595361813680384,0.1741047031986692
5980,8,1.1798966893950997e-05,2.3053834438323975,7.543535955077923,2.368133130289381,1.2583618315206255,1.2291755051597315,1.3064344169955004,1.175757362354357,1.0784853028495587,0.9088196047479572,0.6819126124083242,0.6738096741835886,0.440549444625144,0.32695464099513843,0.22907875640690237
5990,8,1.1798966893950997e-05,2.4735567569732666,7.126356361405435,2.438521294038877,1.299408848164031,1.2194626440462497,1.3905156264287635,1.2140068509144188,1.1187702252626435,0.8721555253994451,0.7346221535157528,0.5877283128711098,0.44631115659280113,0.33734085702113153,0.2489768754293334
6000,8,1.1798966893950997e-05,2.956486701965332,6.865454741433121,1.9446869971030092,1.045459530753273,0.9926791076409749,1.107834411866223,0.9422511677132633,0.8793284252368327,0.7068017641676687,0.5562494469581436,0.48168569456620464,0.32557607245087417,0.2656566819288575,0.21612963301148674
6010,8,1.1798966893950997e-05,2.6690189838409424,7.572899576947689,2.511498633564885,1.3821206164803805,1.3686780199482718,1.5449034000870274,1.3635587499921074,1.2278506702446719,0.9464837761548596,0.7123184620341345,0.5997743873869864,0.3956600614646316,0.33731386843582695,0.25052338920050193
6020,8,1.1798966893950997e-05,2.666524887084961,7.096339784742339,2.2054035274495614,1.2573163003811052,1.190365956131329,1.2913885225595643,1.0825376989400954,1.1190149165290257,0.8290994031451719,0.673603907094915,0.5509897350926362,0.3898837401339973,0.2882190051961101,0.19473498830840097
6030,8,1.1798966893950997e-05,2.712080478668213,7.752644378903929,2.416992949596439,1.3465409110868976,1.2266495389602623,1.3183496245381277,1.1712318500923098,1.1732464051972573,0.9461880719492847,0.7420255202601724,0.6867977975924358,0.45859604166641527,0.350094673298113,0.252302346088076
6040,8,1.1798966893950997e-05,2.0404980182647705,8.211019618380842,2.362450686894218,1.2564134739105361,1.1581436244165357,1.3930927455087097,1.130485519967836,1.051350300068014,0.768758838131904,0.6756211231714739,0.5508736007677094,0.3832219017573067,0.28723809342694334,0.21454106193517092
6050,8,1.1798966893950997e-05,2.0734376907348633,6.0805901098309425,2.1054534628598214,1.114215728240223,1.0467951071557933,1.1066293498797957,0.9676884120697079,0.9262084121876888,0.7548283322357284,0.5931501034189642,0.48976559840591305,0.3613712627515658,0.2621991691705704,0.1942369579317276
6060,8,1.1798966893950997e-05,2.4493517875671387,6.400844045112671,2.0148983699938245,1.1333565112755082,1.0643099704173975,1.1737350703782508,1.024393596722589,0.9629659786820307,0.7237323557464667,0.5777009632154452,0.4943399281022891,0.3630470717618599,0.26518915814957006,0.19200425885986677
6070,8,1.1798966893950997e-05,2.3465218544006348,7.759033190731766,2.1527847606111497,1.1178652822414135,1.0770241166115828,1.1624361902988363,1.001816260802757,0.9834872102462877,0.7274797165251198,0.5967546071336638,0.4883402245155589,0.3595054160676014,0.2943595613814846,0.1792039402445619
6080,8,1.1798966893950997e-05,2.1302547454833984,8.581487136240096,2.6903587225072143,1.535613882406377,1.3795907414824893,1.5802211228550769,1.3960914675971972,1.3679677713022755,1.0693958958463123,0.7970165652753577,0.7348253497464167,0.5098500958242712,0.43182032467961556,0.29275128672487977
6090,8,1.1798966893950997e-05,2.8456997871398926,6.250153668143048,2.0848491681177985,1.1506515441406147,1.049116470061653,1.183724370170531,1.0675948954447532,1.0490976288009126,0.7603356330132561,0.6316125567486516,0.542793324555168,0.4101510105852135,0.3148036107058497,0.25005414409077437
6100,8,1.1798966893950997e-05,2.5478177070617676,6.5919624494499764,2.2450863956758376,1.1914958121393986,1.1010441865335518,1.169324916902177,1.043976611480804,1.0100887549208617,0.7951241111150488,0.6224584989395977,0.4852108790918314,0.3653657001456895,0.29718366826055087,0.19139475175045034
6110,8,1.1798966893950997e-05,3.2713491916656494,6.778234492821288,2.1144309344123577,1.204717337668314,1.1484630561447555,1.2312145758382758,1.0703922667639594,1.041654371519499,0.787348336509556,0.6042754676706842,0.5591305957470971,0.36079930947051536,0.28523248541203394,0.21473450481185993
6120,8,1.1798966893950997e-05,2.6413865089416504,7.770172484876094,2.7859887585403373,1.5088950850601879,1.3896422704580254,1.5340858772029162,1.2982007036871386,1.269948816620058,0.9561798028341645,0.7423155849564725,0.6133472103639463,0.4387008287548497,0.3301481928154895,0.2355623321512353
6130,8,1.1798966893950997e-05,1.8127598762512207,6.6167861823366,2.115547226667958,1.1281778820461759,1.048567691211215,1.164506752103522,1.0195874054919578,0.9862603137841544,0.7480174765857257,0.5720396906903392,0.50536846560665,0.3636883647129965,0.2759940016303116,0.19642066455721077
6140,8,1.1798966893950997e-05,2.2103848457336426,8.334414536473984,2.77331207998787,1.4354615045808459,1.3741600857276821,1.4775354342351477,1.233149885899187,1.1643333279020236,0.9222033598622239,0.729389208110848,0.6022885401939125,0.4442915243835423,0.337472417712613,0.2233757478746821
6150,8,1.1798966893950997e-05,2.5492777824401855,6.287655401018188,2.0095854730193348,1.0498262439776807,0.9728975733778451,1.0634315714944675,0.911434421726793,0.8979326272921819,0.7112985245677764,0.5762781173853643,0.4599140904390603,0.3545048615115066,0.2710133086993263,0.17697868837593683
6160,8,1.1798966893950997e-05,3.1322503089904785,6.980632332514324,2.2683111825551436,1.2735805358123575,1.2418366894057198,1.3898187285523522,1.2477895372700838,1.1544796749677262,0.8722649505133253,0.7193790919826195,0.5564095981838486,0.4199172914687681,0.3077299781857683,0.21463480609767857
6170,8,1.1798966893950997e-05,2.2018346786499023,6.21563606800413,1.7717193216195952,1.0001455711591418,0.9710697832232391,1.0061239563681679,0.9581141319752975,0.9109630370083315,0.7918658664745704,0.5319695434914248,0.44711867221276536,0.3242523189429152,0.26074974048819144,0.1822896428080463
6180,8,1.1798966893950997e-05,2.4784107208251953,6.863572554839804,2.298482242591122,1.1960495434707965,1.13183251114058,1.2087858233636308,1.0122310136121,0.9572640982372624,0.7931765330039722,0.5903945249590056,0.4521473426776949,0.337387409501616,0.267078237696432,0.1941985228762675
6190,8,1.1798966893950997e-05,2.6339876651763916,8.658399787916922,3.0388888940523047,1.6164928880210994,1.5862824331245755,1.6844425658840774,1.4943225080800395,1.4824751068032993,1.1724191430008648,0.846177067926835,0.7135299565680582,0.49343191137566417,0.3415449999643302,0.2497564647321191
6200,8,1.1798966893950997e-05,2.2268919944763184,6.744751365993777,2.162374729323453,1.1937477644253556,1.1851460400172926,1.2489584121729844,1.0570933259869022,0.9912484995767036,0.8145425749612579,0.6264486933311479,0.49750278235658846,0.370266962348235,0.30640992096798464,0.216195113857772
6210,8,1.1798966893950997e-05,2.692756175994873,7.089500872693454,2.0580177501895207,1.1271310784751025,1.070548094630521,1.1808340720406154,1.1113056807176958,1.0174868973031572,0.86597726950068,0.6092518784904316,0.4946729971077029,0.34202690615727865,0.2684271726111956,0.19508212428458988
6220,8,1.1798966893950997e-05,2.704361915588379,5.351154422346626,1.746201771784968,0.9531220451989747,0.9315085499265836,0.9943393201204743,0.8629500978715072,0.8012949816659117,0.6388718975315031,0.5011145100476934,0.39883006707129043,0.2986257568979737,0.23093424349378153,0.1607583490774392
6230,8,1.1798966893950997e-05,3.1935973167419434,9.01307814464619,3.222609202220336,1.6701211460990006,1.5318136817968966,1.6640069957643053,1.4732274517199553,1.427335050940659,1.1368596101038757,0.9263059738482324,0.7667638698502746,0.49980838184698184,0.4307574755286931,0.3076374420407292
6240,8,1.1798966893950997e-05,2.686605453491211,5.461168220534241,1.613607772287049,0.864843832675192,0.836390092546812,0.8707681585091639,0.7193959496341811,0.700864975898572,0.5856230218445704,0.4653869151388979,0.3822050707672461,0.2889883974793276,0.23636725339156012,0.16476219252908686
6250,8,1.1798966893950997e-05,2.612581729888916,7.303881785713874,2.22372996299075,1.2086854760895467,1.1318804603682546,1.2189074823710988,1.091617028895656,1.0842324517255277,0.8512209099893002,0.6812273128300969,0.5673102197090553,0.38405664281012264,0.3192366949730062,0.23062711405614444
6260,8,1.1798966893950997e-05,2.423220157623291,7.266116230342009,2.3413343778688103,1.268095900187902,1.215330415649344,1.3078293863323691,1.08155558895752,1.0749546943507635,0.8162810265181537,0.6228853231791209,0.5067419785988347,0.3709723256932179,0.28166471271461063,0.22159261644616296
6270,8,1.1798966893950997e-05,2.963994026184082,7.482445696497905,2.2538688719478914,1.1922845773627537,1.1133949387478184,1.1504864077132466,0.9898312850872402,0.9965935965282345,0.7891868901144895,0.5960257409489139,0.5743004673865099,0.3953191499518646,0.31501762747446166,0.2312861020602496
6280,8,1.1798966893950997e-05,2.4742133617401123,6.13688184808655,1.9863322225660167,1.0367923329878463,1.0108062892693623,1.057750009734135,0.9316683418174725,0.8931105513521217,0.7000598217950781,0.5196318025202241,0.46801785711165467,0.31868967989526176,0.2808587088740416,0.20288347935788784
6290,8,1.1798966893950997e-05,3.2054553031921387,7.806032675032349,2.2801454628897004,1.241704983956622,1.1569810235861664,1.2824056480829105,1.0950768636722048,0.9990107873828176,0.8008480058370796,0.6651704036274324,0.5654844681419141,0.3933798770560802,0.31754981126947485,0.2451572741043345
6300,8,1.1798966893950997e-05,2.4526453018188477,6.808316222161713,2.4461416441362074,1.267338063973956,1.2050563500527962,1.3502918987938268,1.1040102989680445,1.0895700921821558,0.8154788648369078,0.6408172402483377,0.5696370914830826,0.36985523973576406,0.27870400970018144,0.21479766511916976
6310,8,1.1798966893950997e-05,2.3090500831604004,7.529962974901072,2.3074959823769934,1.221972024252447,1.207394174030039,1.3050912048481644,1.113181616404024,1.1032210685092256,0.8758711920368977,0.6861422992699305,0.5700155219078206,0.4121507558481973,0.32609160904513335,0.23076666526640094
6320,8,1.1798966893950997e-05,2.6845362186431885,7.973734558046312,2.613988548388145,1.4266402086273047,1.3082725642937392,1.430668376791604,1.192695111827915,1.1601031325036915,0.8861024454251607,0.6940394372408738,0.5702911221102572,0.46892812502931014,0.3431335647366895,0.2661894615005814
6330,8,1.1798966893950997e-05,3.314758062362671,6.194136856946548,1.8244472598162162,0.9418821265039449,0.8874739900597832,0.9750345767810148,0.8188857654783597,0.8133628013796285,0.6762386285266118,0.49364577258158915,0.40690632551656714,0.28577861128323806,0.22277823951961412,0.1754720895304427
6340,9,1.1737274612927167e-05,3.100128650665283,6.872434606778517,2.2129174247273724,1.1647478332787997,1.1040477867339527,1.1672058456049468,1.062722061345445,0.939563499967421,0.7267609473932034,0.5916045017019768,0.4924870421313368,0.3380706907096683,0.25195192576591563,0.1841257495116847
6350,9,1.1737274612927167e-05,3.2664549350738525,6.637986825918664,2.2267258324602737,1.1483542005776657,1.0476686409323108,1.1636684136001665,1.0121736304469549,0.9696094331845964,0.7287364414650339,0.6545730570950106,0.5240294061619473,0.3620185111679632,0.27529460652599336,0.2176625312765334
6360,9,1.1737274612927167e-05,2.6563704013824463,7.210838515018925,2.3622603556428308,1.279731840342448,1.1877630816661686,1.2488066272224623,1.0936255834082518,1.0321787086024352,0.8349369166743412,0.6655130903852382,0.5399582351701293,0.38670380046914754,0.3142588286670229,0.2182871901862377
6370,9,1.1737274612927167e-05,3.3520126342773438,9.95045117460486,2.402178163825847,1.278263602977815,1.2379672082789375,1.3695791447323924,1.197419249251753,1.198329615349667,0.9424739388245451,0.7480023240841427,0.6539711140427048,0.46446893089716523,0.40101419643706626,0.25642992532374753
6380,9,1.1737274612927167e-05,3.296004295349121,7.631434032758258,2.2570402351339625,1.132143588081134,1.0877072692057606,1.1313007492261677,0.9465048019158593,0.9349475212118983,0.7361035537036031,0.5400343281876726,0.4604712059629056,0.31541587200450955,0.23910059361455493,0.18211079995973986
6390,9,1.1737274612927167e-05,2.9509170055389404,8.27673031110568,2.5915505468527305,1.3111678848795862,1.1947354682299596,1.2370502233944978,1.0774642707132531,1.0216463961238251,0.7995486846892013,0.6496731691894921,0.5364820828925864,0.3851666409363659,0.29588297162691274,0.21325664396235064
6400,9,1.1737274612927167e-05,1.8990166187286377,7.742303070652209,2.6277156557038843,1.2976435023357873,1.1896888099305727,1.2865288045006822,1.1429836689279054,1.0500099139828967,0.8548123769401775,0.6757807057682451,0.5785890825282594,0.4463375097325085,0.3245908548116155,0.2365877123233488
6410,9,1.1737274612927167e-05,2.296670913696289,7.4064330270703715,2.5246316234289496,1.3072593456979644,1.2830817352384212,1.4013188690651306,1.1560848485909825,1.2069108952715732,0.89473460454639,0.77251188964326,0.6000264726850968,0.4319418593271725,0.32677025253369246,0.24332556818249998
6420,9,1.1737274612927167e-05,2.1767492294311523,7.417680760495178,2.2469992954483695,1.2743247923743897,1.2345821234051424,1.2805126694429716,1.119625626235126,1.0620665013020343,0.8363593299657366,0.6459287397777473,0.5427515757782109,0.412619216899811,0.33128417154243955,0.23415037667036695
6430,9,1.1737274612927167e-05,2.950946807861328,7.609110837729991,2.4106049615179788,1.3424546162587538,1.2908145294620512,1.3773341921896238,1.2148254187742178,1.2090070803769954,0.9847269138613147,0.7705772614161355,0.6291708534376044,0.4125884321253159,0.3320941214967722,0.25461023721456777
6440,9,1.1737274612927167e-05,1.783180594444275,6.587804498354994,2.1430460271906093,1.1985804702614264,1.1482322081203415,1.191237107395572,1.042571354668648,0.9619143436175507,0.79959885539127,0.5791012074853796,0.47795395466931634,0.3254828862983349,0.28970688229921315,0.20289505347178885
6450,9,1.1737274612927167e-05,2.7712464332580566,6.4967525976175615,2.2824366079934535,1.2477440763464023,1.1718999998336714,1.1922585247364244,1.1033640468615475,1.0837500654243777,0.8610625433692699,0.6893563660576996,0.6273019154175892,0.4096106601060849,0.3360319481186123,0.24847839684469017
6460,9,1.1737274612927167e-05,2.970219612121582,8.197343436943791,2.633848044624684,1.460448557379422,1.282790932279096,1.3315154987907185,1.1470685613663654,1.092005165194642,0.8807962438196156,0.7189628226404767,0.5844699159424402,0.4189150824674007,0.33103746732081063,0.24357660605432746
6470,9,1.1737274612927167e-05,1.9176478385925293,5.962943984137743,1.8332579919252292,1.0278993607733737,0.9884830454095519,1.0738029984986632,0.9739591088574513,0.889820403245133,0.6997968945749635,0.5456485174673604,0.4666477917721463,0.34845361075341963,0.2396390411132236,0.1887898493876452
6480,9,1.1737274612927167e-05,3.2577266693115234,9.213512478025285,2.6712845649817,1.4569906167633053,1.34073131429836,1.4227187029029742,1.2990126087095555,1.2955514777818247,1.0758364545576,0.8058749202585919,0.6424261682936838,0.4646103007685831,0.35279542650591855,0.25969649906658754
6490,9,1.1737274612927167e-05,2.3057947158813477,6.328709965045492,2.257323689927937,1.1829823918191187,1.0738729273840262,1.1581359859602234,1.0209828410800437,0.9487327098267787,0.7297564717940388,0.6006453958112131,0.4748561414321803,0.35973739680402705,0.2796039154401818,0.1893698346675819
6500,9,1.1737274612927167e-05,2.72983980178833,6.917173887605332,2.3081649848155665,1.261982066869839,1.2318410190845959,1.3296584572574994,1.2009350668387075,1.075380694614107,0.9331116650236894,0.7142707038127803,0.5914514304390294,0.3857003806020442,0.31126370478595905,0.23695810205684023
6510,9,1.1737274612927167e-05,2.263798236846924,5.491505577792279,1.9831392540342687,1.0446527315222494,0.9958783152537509,1.0555080853060188,0.9111920085462721,0.8816883977293468,0.7094111047695447,0.5364911164026832,0.43661751117819747,0.3175393886323721,0.2521654538841063,0.18947132863020924
6520,9,1.1737274612927167e-05,2.934648275375366,7.833112153658351,2.2307954436114525,1.1983869791766932,1.1432353200291807,1.1993527720610533,1.0643364290727821,1.0699831488783575,0.81742315519665,0.6299551701442948,0.4998125308065895,0.3792974697960333,0.26429622355459387,0.20955336039999858
6530,9,1.1737274612927167e-05,1.6928625106811523,5.626271440508363,1.8301823811137021,0.9901020950521859,0.8939660538344986,0.9688094192242789,0.8758724062945109,0.8321233870507417,0.6331084946571915,0.5201932301458844,0.44781786945758884,0.32465051888824065,0.2386964768406808,0.17650560487594424
6540,9,1.1737274612927167e-05,3.013317108154297,9.263416217425966,3.0491041105371215,1.742260684664085,1.619956326158585,1.7408957675356345,1.490946333006741,1.4042469758032288,1.0332176497484422,0.8547892384039132,0.7081156288362772,0.4972374863730791,0.34847179240492876,0.2587455105993852
6550,9,1.1737274612927167e-05,2.4818472862243652,5.9806993069058025,1.9688875504452252,1.039643032730369,1.0238950116876167,1.123886783447643,0.9838777683841305,0.9169611803491443,0.6768877483978102,0.5873342067778622,0.4652827049399298,0.3465744815167048,0.2872637789648943,0.1719212946310939
6560,9,1.1737274612927167e-05,2.5071887969970703,8.649089580129003,2.644351965058963,1.4794105866385057,1.4074630225725526,1.4560519433651298,1.3752633538517478,1.253180872995658,1.0127020320176818,0.7106323966576129,0.6228329488335411,0.44750110108087787,0.34535924497177617,0.22212381017808833
6570,9,1.1737274612927167e-05,2.5893216133117676,7.290340620021672,2.2401755251113915,1.2024563125720242,1.1135441543645423,1.1920283246428298,1.0698490677629602,1.0255552323943444,0.845213927538996,0.622912162148907,0.5518058810873306,0.3511701717605125,0.30402521748816763,0.21708858764433608
6580,9,1.1737274612927167e-05,2.746013641357422,6.240055239783529,2.3483312271232,1.2754478476894946,1.161642737475602,1.242308847641845,1.108711281420994,1.0155129537937122,0.8055657286130421,0.6189463468127623,0.5457525300316098,0.3720484087200669,0.29544082603819094,0.20812000423124163
6590,9,1.1737274612927167e-05,2.7424802780151367,8.54577910087987,2.7303878196988323,1.4298643724585178,1.459627647137119,1.5641481992944863,1.3307110115641183,1.2919905787480106,0.9991199350026417,0.7677495121175307,0.6600572663111616,0.44145237489692296,0.35169246019230493,0.2531653356139364
6600,9,1.1737274612927167e-05,3.6159653663635254,7.795568948294151,2.6320534055775235,1.5307164155836204,1.4248855792263588,1.5636329765488177,1.366396195720579,1.2439192141968114,0.9645055845147769,0.7449124901469769,0.651012501386822,0.40482429569982775,0.30810194700218824,0.23250117863766692
6610,9,1.1737274612927167e-05,2.478846549987793,7.775656998623528,2.539449472454356,1.3207119470696984,1.2046632136494109,1.4017387007337554,1.1986322199901553,1.0905524897064263,0.8574411964374565,0.6732221408604626,0.5517685442580789,0.37268150614554457,0.2576430749025871,0.22664363720334796
6620,9,1.1737274612927167e-05,1.9345489740371704,7.831740356519136,2.6686227684497537,1.4068140137089347,1.3350599288820395,1.3926837922308144,1.2500213959984308,1.1043833547022073,0.977932933038948,0.7217252099485081,0.557994726357377,0.4463523901225938,0.3363146026932346,0.2349156824629196
6630,9,1.1737274612927167e-05,2.2909374237060547,8.433884139806429,2.766098486232836,1.4260732210961435,1.4213083124411778,1.5016873904773245,1.3096583103343686,1.2531596678718409,0.9517658305495813,0.8361125950081838,0.688105457186401,0.4853466653525824,0.3546115903868948,0.26031758427186735
6640,9,1.1737274612927167e-05,2.524466037750244,6.3089913435918605,2.2483307618825057,1.1106023215662508,1.064691211328523,1.1318995600701918,0.9939159447422921,0.9102493015560508,0.6836913138508751,0.5646561531389197,0.47644112347101025,0.32410078505768836,0.27266391964935316,0.21429919839821515
6650,9,1.1737274612927167e-05,2.4470858573913574,7.69764561368546,2.007980182353034,1.0585786687902352,1.0379346201368662,1.0921551073333349,0.9820864912194813,0.9248606623720931,0.7523040547781078,0.6099228401084142,0.47613883851502364,0.359660261771281,0.2598770607087013,0.20324252703639253
6660,9,1.1737274612927167e-05,3.455629348754883,8.08110958499082,2.6586666074932634,1.4162348540551046,1.3493587951384005,1.3977318095686921,1.2301599023305667,1.1989553367482018,0.9599680349135142,0.7183031810270345,0.5881159031741269,0.4281881833282916,0.3488875872694223,0.22274582619957226
6670,9,1.1737274612927167e-05,2.5044333934783936,6.980690543305657,2.09015764012402,1.0571937803362037,1.0817329892905685,1.1442885273339032,1.0616603995622353,0.9342231480158344,0.7969630780419085,0.5634883575817983,0.4487782657042194,0.32249048556031046,0.25111615830269574,0.18357535092196428
6680,9,1.1737274612927167e-05,3.0064356327056885,7.147697250502681,2.2479477704097475,1.2696128311789856,1.2057720299049168,1.2674608983664923,1.1636508378731856,1.0707943243460667,0.8532942428729292,0.6858546362398977,0.577379959456988,0.370537204327105,0.3116968449805348,0.2155062703939898
6690,9,1.1737274612927167e-05,1.6255676746368408,8.635402940411085,2.5222588718760934,1.3325893135099967,1.2658384901086366,1.375764206195029,1.2799052269146407,1.193888685042143,0.9765299534887608,0.7207908756450259,0.5887041543272028,0.4188744578345857,0.3187901330895154,0.22702301511184952
6700,9,1.1737274612927167e-05,2.322014570236206,8.29156099583858,2.609167465226862,1.436182227557469,1.3564495627250506,1.4846595348126945,1.3483265682111063,1.2312562660887463,0.9934619431395683,0.74761991193702,0.6301135235196506,0.4256789711872818,0.3402858661975508,0.24537267066379745
6710,9,1.1737274612927167e-05,2.8300673961639404,8.146361839299336,2.5562523018021004,1.4265312732842594,1.3106062735243242,1.4147213696005427,1.300486962182474,1.2272599485677624,0.9515387020788101,0.7512245173961052,0.6072293472093423,0.3979060428666577,0.35905865408847687,0.24552141541009675
6720,9,1.1737274612927167e-05,2.25325608253479,7.226522696062645,2.152671712200824,1.1480858176233333,1.0703509250542702,1.1659096895301049,1.0392835946823333,0.9793508991034054,0.7577509728064075,0.628537738092111,0.5449413047396766,0.36223557432289877,0.27823413434697464,0.19867375993284628
6730,9,1.1737274612927167e-05,2.2387661933898926,6.872804135069982,2.423359805423051,1.3083652416146188,1.2237108356320865,1.3063371367172494,1.211718087079246,1.11340592214598,0.83465027872722,0.6054726134321656,0.525953695086391,0.3371615644045016,0.27482371716200116,0.21177730270598916
6740,9,1.1737274612927167e-05,3.0067408084869385,7.202168382694067,2.5711392523310495,1.3496169910460991,1.2945789972861632,1.3978765301930083,1.2434235000427778,1.2149176294116872,1.0057677698319112,0.7648021156594302,0.585573023260613,0.4396215416545522,0.3299107437991507,0.23794618493864753
6750,9,1.1737274612927167e-05,1.459144115447998,6.862908374508923,2.122280669515295,1.264670737380151,1.0912487327369447,1.1431852181154485,0.9924581753490244,0.9231549255337532,0.7344214202867891,0.5357333557246315,0.44904787509682287,0.3607187190498304,0.27883034322438127,0.1910701920640073
6760,9,1.1737274612927167e-05,2.2961509227752686,9.029756628698726,3.240073007627648,1.7898692768443596,1.6767015072089768,1.837541457847091,1.7156640126902971,1.5444821880512616,1.219993284857924,0.9148277317426504,0.7229522144725955,0.5285761096139266,0.41953394454845033,0.2855246890824295
6770,9,1.1737274612927167e-05,3.008852958679199,6.02611317688376,1.8715972111992265,0.996722098454934,0.943184588548738,1.0670478605733942,0.9546429374507919,0.9255787958084242,0.7366577377765298,0.5682925739949406,0.4928442373881414,0.3426656613179422,0.26559852277859153,0.2076875651296145
6780,9,1.1737274612927167e-05,2.279719352722168,6.428055551932482,1.9830351337627001,1.0862410945439274,1.0450304050629995,1.1378820501407765,1.0280053539515022,0.9514493669976137,0.7301390020034749,0.5636745863395306,0.506258905569326,0.35237273631492394,0.2766488607126587,0.21129630359624904
6790,9,1.1737274612927167e-05,3.063229560852051,5.694202394892627,1.8769956329146624,1.034737757781512,0.9833884341679141,1.1183123570652695,0.9842692913258886,0.9034928309009671,0.6833837110319976,0.5474917506917266,0.4509384005436006,0.32937048395600127,0.24711858029933628,0.1872851266864101
6800,9,1.1737274612927167e-05,2.3133840560913086,7.45276849503783,2.5673061185409636,1.3216238438269294,1.2627495731577865,1.3214747924095007,1.1563821798654028,1.0891057258217944,0.8268128259718824,0.6158491468956173,0.4886547405155784,0.34696700493723137,0.28548502683353005,0.20440129070631088
6810,9,1.1737274612927167e-05,1.735632300376892,6.6846910818872045,2.1959562039067753,1.2316993675645749,1.1775965741214975,1.313555671146929,1.1446235306078156,1.0553787275606592,0.8465016644239867,0.6727676598599965,0.5639654000339407,0.3704717751137681,0.286499970081882,0.2205233983776907
6820,9,1.1737274612927167e-05,2.7674245834350586,7.923498095027057,2.9179401321895675,1.5495575481020356,1.4831842503054364,1.505985469685963,1.3928729802409534,1.2974811763258398,0.9323487091568242,0.7202590606136283,0.5906767589907487,0.3981170100719069,0.322062770552675,0.22808088873472812
6830,9,1.1737274612927167e-05,2.2910163402557373,5.814451670018992,2.0858850271332483,1.171368263202799,1.0977179357464717,1.1405132518536178,0.9453746384630175,0.9572258312646847,0.7273965172287437,0.5673278569079914,0.4630685261652586,0.34384044146330695,0.25964486726140795,0.18235575542206048
6840,9,1.1737274612927167e-05,2.4659085273742676,7.3529460968993865,2.5157635929468927,1.2839245402221042,1.2208485793715942,1.3373354849589114,1.2202753508506612,1.1504366572951708,0.8450738130501511,0.7101272069031992,0.5825450824307976,0.39414902709577226,0.3033380932935365,0.23147094937282447
6850,9,1.1737274612927167e-05,2.2309932708740234,8.15074002678201,2.9325229247525106,1.5624519684606333,1.4376610934605467,1.523795674397653,1.3948635690962792,1.3008460435127058,1.0314332301803248,0.8137294553216787,0.6819295496503512,0.45040742049836996,0.35547078862344994,0.25642371912922846
6860,9,1.1737274612927167e-05,2.219970226287842,5.440159086937402,1.7030286841423745,0.9557995095078543,0.934834708724494,1.0411460491540319,0.9378500892902443,0.9056586739294006,0.6632171930901476,0.5269129675983794,0.44711252365723336,0.3009863402215846,0.22990161999347694,0.1603081837388097
6870,9,1.1737274612927167e-05,2.7989771366119385,6.239082029815089,2.0192670641923924,1.1161983151021493,1.0361511930105907,1.1463931427042124,1.0415998359549765,0.9913912930562296,0.8433901855336889,0.6143602685861834,0.5439310531525163,0.37276958540232846,0.27344009500827743,0.20813323690139346
6880,9,1.1737274612927167e-05,2.357398509979248,6.697417468340544,2.07494543305977,1.109505950050902,1.0784492045977743,1.1151506713578843,1.0061728591824672,0.9409290126108241,0.7849693091731648,0.6133378768285687,0.49455867805661596,0.36488366702787906,0.2903222671427942,0.21217816598650638
6890,9,1.1737274612927167e-05,2.5134778022766113,8.705675654157444,2.9773131111237694,1.6294616624159644,1.6172697162907546,1.7135256255406246,1.5604785499084672,1.4684498681122473,1.0752198482338695,0.8423990521012246,0.6856877698499361,0.45910378418164877,0.3803531448204697,0.28302134122934774
6900,9,1.1737274612927167e-05,2.258263349533081,7.926244250445602,2.6545922431547986,1.3563651336440226,1.2335511716351488,1.2887750204128314,1.0798123243042097,0.999090297326487,0.7937991129660027,0.6376991981884335,0.5455853570814004,0.3643309148106734,0.27855114789539975,0.20906982227125426
6910,9,1.1737274612927167e-05,2.7760448455810547,7.107308292036983,2.4298442487390832,1.2603490531715145,1.180369090112054,1.255485852205852,1.0997938224473722,1.08175825632008,0.8367632016401646,0.6412466946413667,0.5581287861292392,0.3919286092802269,0.3088310160420705,0.22443952975863846
6920,9,1.1737274612927167e-05,2.9668467044830322,6.966126830520844,2.0807289036591348,1.1191314960901306,1.0428203755601968,1.157092790187806,1.030029581561663,0.9773344620192137,0.7210069123897943,0.5443640392731014,0.48033417052048477,0.32656745328766135,0.26171239894239695,0.20460402113574447
6930,9,1.1737274612927167e-05,2.379086494445801,7.975265990856252,2.713824129987739,1.4141171417081921,1.354409179622726,1.4263413150861777,1.2997170181572888,1.256571180504966,0.9844665833764722,0.7163310669438078,0.6528773316101165,0.4626152337444871,0.35466185857513416,0.25507211941505425
6940,9,1.1737274612927167e-05,1.6746866703033447,7.833454716128035,2.7065990403650604,1.501424749564012,1.4072786400710051,1.5165868880379625,1.3185774958716117,1.2677213730992258,1.0470236151898211,0.7855771824031974,0.6581855803070046,0.4748562511217284,0.3348222244964943,0.2583604946737435
6950,9,1.1737274612927167e-05,2.430077314376831,6.957688315291908,2.2251883094187797,1.247663987736596,1.1445401516800515,1.2369733495703599,1.0886633452719108,0.9983252515873152,0.8298128847025671,0.6676674131031901,0.5384559954063095,0.35563503942149904,0.272988164561324,0.1911802144918246
6960,9,1.1737274612927167e-05,2.0894217491149902,9.018597277227123,2.2586048779912193,1.2635018503752966,1.1548455143179521,1.2022175680636393,1.0426447223025788,0.9518873513636694,0.7499638851670944,0.5660361337557873,0.5080518447126837,0.3481698042041946,0.2721092567921814,0.20549715607030178
6970,9,1.1737274612927167e-05,3.1887331008911133,8.35461229303513,2.8584388172539725,1.4772365885111198,1.3366098508008726,1.4723248035442005,1.262503111522757,1.1071052489426485,0.8751743891137826,0.6706053052859561,0.5278673123194205,0.40171049102755046,0.31714861924209165,0.2374797555959971
6980,9,1.1737274612927167e-05,2.3735134601593018,7.387784079253642,2.2947764036559186,1.3613455537098689,1.3146848117482899,1.4204758505645856,1.271642694364454,1.2168496764180436,0.9599605539504009,0.7286840209982831,0.5657373559511344,0.4014869763063981,0.3226620181836542,0.2175799365531433
6990,9,1.1737274612927167e-05,3.058065176010132,6.910584570088578,2.301323689912205,1.2003755868372206,1.1322777654608405,1.1873242074008505,1.0105403750067585,0.9716063799997539,0.8066510093106567,0.6122242949970642,0.5080200815304174,0.3648813512670974,0.28806509024217863,0.19649644449247503
7000,9,1.1737274612927167e-05,3.168361186981201,6.743727796093299,2.163807880385007,1.1449636356745363,1.057245629170677,1.1431644936167602,1.0100781430930683,0.9594184108498486,0.7561370272330221,0.6081150302160924,0.49937560497559397,0.3638174355490304,0.28859801603574886,0.20654134002552335
7010,9,1.1737274612927167e-05,3.078294277191162,7.3289460660253605,2.549258902651166,1.3125313020215255,1.3032917320488642,1.3668059666915995,1.2602866046544965,1.1404270165980914,0.9154188022486222,0.6773505663869518,0.5386513161020411,0.3904482723205737,0.3012698953652085,0.22783756724547793
7020,9,1.1737274612927167e-05,3.5407297611236572,7.368224589552569,2.209392089846864,1.2304126592133986,1.1753852255169264,1.2746206841831484,1.110945757372863,1.0597772906182386,0.8185559437810566,0.66499961736573,0.567056281815556,0.3641838228474309,0.30378558840166736,0.22841542621932787
7030,9,1.1737274612927167e-05,2.9652395248413086,7.667065409316117,2.6941517544185944,1.4000560097908827,1.2897408922185791,1.2784115760655193,1.1241755650964649,1.0333530897548433,0.8471970704842088,0.6094221874102671,0.5378766792776335,0.3672661037721903,0.267311783791691,0.2141500473346082
7040,9,1.1737274612927167e-05,0.4835476279258728,6.613084727081166,2.2213513963358493,1.1354898954780475,1.031042789105073,1.0646311949766274,0.9231692194528415,0.8945990165396165,0.7296281646592176,0.5823837459358945,0.49628607406503095,0.37690542975458824,0.28543617273020466,0.12088066888618865
7050,10,1.1658301492115427e-05,2.1491808891296387,8.64846017146742,2.9228990701722712,1.5000304887271145,1.4015681825438098,1.4375424050221342,1.3294430739758372,1.1869395611868072,0.9205280282945155,0.702420339687914,0.5787689419349786,0.4270990948219382,0.3401126933291577,0.22538816032155012
7060,10,1.1658301492115427e-05,2.8160643577575684,6.123960605121244,2.204877255589294,1.099369943528951,1.0443210601789223,1.1389783573107368,1.002718369688275,0.9140950887282354,0.7436014257810258,0.5330647060067302,0.4578672359994624,0.2976564663627775,0.25433091678872344,0.1881797367082537
7070,10,1.1658301492115427e-05,2.2747154235839844,6.890444474347674,2.313906215770516,1.3475380581792096,1.2433617496529599,1.2999951326895656,1.178713167116542,1.1254408576318469,0.844597980835225,0.6707904196623982,0.5522685375059272,0.3767595894430599,0.3056583679985555,0.19854270427982496
7080,10,1.1658301492115427e-05,2.900045394897461,6.435332858521345,2.174908557213683,1.1752756957566604,1.1195498278233418,1.17823364486957,1.0072302160332953,0.9310163696808752,0.7125260170447516,0.5488280853873031,0.4710243506784699,0.35943355937128346,0.2517671525333187,0.18092842288083355
7090,10,1.1658301492115427e-05,2.373067617416382,8.119037771087392,2.5676590951691596,1.3806701658714413,1.2819002151375598,1.4320885059445636,1.2582042768083443,1.138468411651709,0.9294956794842834,0.7214495773088746,0.6219271122510642,0.4518702936696611,0.3566232639455179,0.24518105173499694
7100,10,1.1658301492115427e-05,2.64841890335083,8.428408651415884,2.5615982613922634,1.3806151166413287,1.3200360471990846,1.4061015905938077,1.2383254387108371,1.1114754860381881,0.8722178707793288,0.702940162304384,0.6309863349269754,0.43058391702425813,0.3352485710684773,0.23635753260543332
7110,10,1.1658301492115427e-05,2.5836236476898193,8.283846067196805,2.5434632092141527,1.423025781528869,1.3517684344443242,1.4085400865565838,1.2522091356553628,1.1278219790090807,0.9593113824130464,0.7343451103424078,0.6093109506730536,0.44517118705938047,0.35359423556318154,0.24561481843968067
7120,10,1.1658301492115427e-05,3.336740493774414,6.882056337043948,2.110026550925245,1.0949885856216477,0.9910795155057107,1.0363757523259012,0.9018594083599277,0.8690073437593194,0.6877693996183135,0.5614879133555998,0.44448574163424237,0.32108216457799327,0.23369964065200524,0.1726799015786372
7130,10,1.1658301492115427e-05,2.150273561477661,7.243196130013252,2.384591683699169,1.281260595817555,1.2778987538900355,1.4017266907058488,1.2594834451306858,1.1652246005950204,0.9611159797026494,0.6922654548587863,0.5822440042973607,0.37694862564280296,0.3021317257525505,0.23643678929742212
7140,10,1.1658301492115427e-05,2.3315305709838867,7.672912779546829,2.4523409417779614,1.3363746354137245,1.2577511231185057,1.3410478336888503,1.1684315748077958,1.1421705204378623,0.9187269491045825,0.721472554439665,0.6236476039431119,0.4381023790241134,0.3226377034968539,0.24579187075385497
7150,10,1.1658301492115427e-05,2.6085565090179443,6.399315196860948,2.0546422224786505,1.1435221637961623,1.0849475678570615,1.1906524726659866,1.0212288218100385,1.0137162314774173,0.7717896146235019,0.6124455050872268,0.49462639205879444,0.35197216086830774,0.2838663481166668,0.19172882674406033
7160,10,1.1658301492115427e-05,2.872917652130127,7.028118159683655,2.3379077672728266,1.193579172493598,1.1447298730252535,1.2577492635049297,1.111088732920608,1.0067724023856155,0.8166671478846609,0.6291162072132032,0.5080289989207745,0.3769216361848708,0.30583216834960175,0.20543010278584023
7170,10,1.1658301492115427e-05,1.8502614498138428,7.337105069833807,2.291291160043242,1.2608176899885226,1.1916210315870754,1.2538115695419008,1.141331130199238,1.0923692355038173,0.8794850163493173,0.6581769725943379,0.5795137494744848,0.38790631466397224,0.326413886362489,0.22330070755253043
7180,10,1.1658301492115427e-05,2.020353317260742,7.99520990440967,2.421615150089962,1.2133310524428713,1.222244133159138,1.2760504703690412,1.1152873917190524,1.0272464794960707,0.862264400324563,0.7104346538575461,0.5603425488111841,0.42526954886026364,0.30525539058399864,0.24806790800660647
7190,10,1.1658301492115427e-05,2.183954954147339,10.413798045072431,3.1963578581945695,1.5968699863535578,1.4436789011033382,1.504860698511478,1.3258936863621598,1.2057667917463057,1.0353769537389323,0.7652051465200052,0.6690032536182614,0.4711056067554122,0.33886337744597983,0.240935819242194
7200,10,1.1658301492115427e-05,2.1245293617248535,6.565026604993394,2.2406905899685703,1.1254384388975553,1.0915958467056768,1.1445145956443352,0.9850452410561688,0.9563570640613565,0.759950305114506,0.5692378753439116,0.47698362628201396,0.3322981233479295,0.2899984793679749,0.19319515036190044
7210,10,1.1658301492115427e-05,2.783596992492676,5.9781276603170665,1.9345821188473042,1.0869358189817173,1.0460990222056177,1.1668957659459205,1.0281415579169617,0.9689467303827468,0.753270063205861,0.5901128105677422,0.48914015331667043,0.3391261406392443,0.25966998317897516,0.2004775933925022
7220,10,1.1658301492115427e-05,2.563596487045288,7.22123232205804,2.3072177938716334,1.217530093559481,1.1064594050026135,1.156133485423657,1.051416619741831,1.02759168109956,0.8310539595140447,0.6438446159059931,0.5363326074674798,0.38052989266496035,0.27824128008450116,0.22911416123273537
7230,10,1.1658301492115427e-05,2.833378314971924,9.380330403597979,2.6768729408642438,1.4797569788415605,1.4185563973299717,1.4760464228490355,1.3152299278199209,1.266896394787182,1.0112229714378744,0.7969271196173565,0.6599071875411419,0.5037321054642515,0.34494037588829407,0.2743099818185518
7240,10,1.1658301492115427e-05,2.351861000061035,6.865845115220115,2.2463697972097934,1.2367407105527686,1.189275882007577,1.2752880944317626,1.128468594409457,1.0524910177243627,0.8875882983848922,0.6721462630815093,0.5715705054848073,0.38852642601911086,0.31412717109590205,0.2228862242382343
7250,10,1.1658301492115427e-05,2.56288743019104,7.481563230243035,2.5563142424405734,1.3193522392916925,1.2317910767305087,1.3266752745299057,1.1648071744941422,1.0529560859910636,0.8444399289234676,0.693014824242994,0.5954198745745758,0.41166112747150974,0.3354820337125128,0.2271231454833479
7260,10,1.1658301492115427e-05,2.7750253677368164,9.267857409166087,3.033821353028001,1.640899269064086,1.5816107598424223,1.6930859905624487,1.483474120323002,1.409911046791502,1.03754099348969,0.902646730148046,0.693680014225002,0.4737145147454161,0.37822561085747597,0.2549275575374242
7270,10,1.1658301492115427e-05,2.117788314819336,6.154571721470253,2.086368454338773,1.050689195041536,0.9916442986071637,1.0331915395216495,0.906828539606859,0.8931281765719905,0.7028640398050792,0.5244603808944239,0.441991655969071,0.3048921293005681,0.24014817798887148,0.17220987266071694
7280,10,1.1658301492115427e-05,3.243511199951172,6.146567301775032,1.9036828957413345,1.0772966209899286,1.0760222713574377,1.167146313586863,1.0066516509963055,0.9383357764990782,0.6936934547553231,0.5787409181204938,0.4722954525397607,0.33387116123999594,0.2539722992704998,0.18560750665823875
7290,10,1.1658301492115427e-05,2.6967859268188477,9.130170359361053,3.252016265323472,1.736924339216525,1.6293204321143726,1.67231375419065,1.5148368812914856,1.3660011288041705,1.0729891985798574,0.8087233987849003,0.6361462715265365,0.4383617813716122,0.34504634354573804,0.2355367292702959
7300,10,1.1658301492115427e-05,2.8484911918640137,7.374021224684261,2.623251227933157,1.3619726212565266,1.3284490569525775,1.469444728281687,1.3314630946221822,1.2772826111800266,0.9774266192095631,0.7599944739215643,0.59488495883536,0.42312184563509575,0.3296414202881438,0.2533182695898111
7310,10,1.1658301492115427e-05,2.962665319442749,7.397926917246958,2.3483174580482955,1.285437286672491,1.27323922818035,1.285652069076219,1.194615986661189,1.1269076459062277,0.8773089093918601,0.7102658221624144,0.5702504607122576,0.38743539760905815,0.2968237078799424,0.22099316933364901
7320,10,1.1658301492115427e-05,2.9829225540161133,8.003290669776504,2.488622043518366,1.342112795567177,1.255231724210596,1.3536137508576322,1.194196408132566,1.1477603564692354,0.8800712205463328,0.7020640713312072,0.5676709888666274,0.3964167514430475,0.30874000268023843,0.201569250073829
7330,10,1.1658301492115427e-05,2.0443358421325684,9.170978233286771,2.6585718407052714,1.4668007942779424,1.4129016708460875,1.480264918927352,1.3329373120958286,1.242276618516192,0.9833432949542634,0.7319004047416463,0.6527996573681039,0.4570994685618161,0.3564196484696872,0.2583437377680489
7340,10,1.1658301492115427e-05,3.2612547874450684,8.055234451621644,2.4776924693341846,1.3512609207494526,1.2970661763798206,1.387774506545861,1.2126798438330189,1.2138133005281897,0.9446331485081745,0.7665729062816237,0.6331348264823755,0.4367481875648157,0.33077444641059583,0.2453908032348722
7350,10,1.1658301492115427e-05,1.8785650730133057,8.669151456329233,2.399489506202357,1.3133694910215357,1.2427352731774848,1.3048954216972986,1.1505467256021036,1.1265021106082813,0.8639402528439184,0.6864912654836,0.556257151736255,0.3930669907267887,0.281038020383456,0.21543115552838693
7360,10,1.1658301492115427e-05,2.728635311126709,7.343717200018811,2.5525581111849562,1.416304899760166,1.3507635482447766,1.4767158527179538,1.2391201771215248,1.2255324518384514,0.9190383776769935,0.7327917552430687,0.6333998149132753,0.44841381307836625,0.32120233096085793,0.2618998869662159
7370,10,1.1658301492115427e-05,2.3646397590637207,9.805598922371692,3.114469875260358,1.5729799190211138,1.46146633914869,1.5574518970118372,1.4002930192628467,1.3060564787948346,1.022205082680137,0.8049259650116655,0.759405123870903,0.5046483101524735,0.3729119178186981,0.2758119906681601
7380,10,1.1658301492115427e-05,2.1920127868652344,7.7102985250209635,2.3338268367643753,1.289759499949175,1.2208222677023897,1.2893316783845914,1.1315621410216283,1.0746484229313429,0.8564769133634528,0.6879461219610435,0.5804881983003923,0.39416106743770535,0.3181191041647269,0.21355223968076684
7390,10,1.1658301492115427e-05,2.289580821990967,7.728461925740071,2.507472841887264,1.380009164206702,1.3183695373982358,1.399354163707778,1.2218438359066734,1.2023914983061963,0.9418041342590406,0.7595740424725729,0.6372619475756067,0.4153377928626118,0.35031321073855043,0.26290484958386107
7400,10,1.1658301492115427e-05,2.517704963684082,9.074543938326357,3.0347793905245437,1.5369498148543512,1.4000210734128031,1.5853149390534387,1.4289050096517342,1.3542156595029147,1.0493117085114714,0.7501800379546077,0.6237164777355904,0.4514266016677852,0.34205511787673126,0.24903050269039634
7410,10,1.1658301492115427e-05,2.7539796829223633,5.803049451393103,1.765789016843655,1.005362307049037,0.9221629484459708,0.9688260516853,0.8967437766777996,0.842400251624177,0.6789322808624455,0.5403748026355712,0.4638101834835026,0.319154467538502,0.26365062413575296,0.17603324933697007
7420,10,1.1658301492115427e-05,3.283287525177002,6.976126798053074,2.179774407300611,1.1793100225647637,1.1307714631089423,1.1933827170870965,1.0300161053035914,0.995076893330159,0.8532074830265445,0.6579906802171082,0.5008036880658335,0.3777607005321647,0.30767246203392185,0.21441953501770003
7430,10,1.1658301492115427e-05,2.4062423706054688,6.655569539295732,1.9638138015675162,1.0602779858753406,1.0466927862544495,1.1243805664415496,0.9731958348124705,0.9658654482830071,0.7203314913628168,0.60630666516157,0.5003162244894299,0.3727898723431875,0.28420157686921643,0.19905319381608128
7440,10,1.1658301492115427e-05,2.388791084289551,8.486776675531631,2.7499144059217953,1.530319084030316,1.4454043971709798,1.615336938598423,1.4506463886595162,1.348654207862082,1.0124249251246116,0.7682350961620431,0.6488251223949422,0.4492717419633646,0.3406589218726106,0.22656244895388278
7450,10,1.1658301492115427e-05,2.7913131713867188,6.107197548539609,1.913349473197096,1.0037691372557633,0.946537592165952,1.021201261555434,0.8540278358675655,0.8474924115469278,0.6612950312031833,0.5390962944908325,0.4248345886335195,0.3243019281231768,0.24947618198012136,0.15954194728354862
7460,10,1.1658301492115427e-05,2.929027795791626,8.39593702304101,2.80238745258571,1.3874328513754968,1.3222289313168736,1.3954243755573843,1.2787749907860548,1.1314029893074455,0.9410605402622885,0.7263803633352146,0.6120991860216928,0.42304479580408555,0.3247520981270598,0.2240117039099147
7470,10,1.1658301492115427e-05,2.1996355056762695,6.847288243037337,2.199879138300579,1.1905221786293887,1.1466579829763968,1.2570608010664308,1.0890771603521114,1.0216485269986912,0.8079856788274856,0.7154033904959589,0.5790724524818874,0.41785659190245644,0.3206296926943679,0.22624320098637382
7480,10,1.1658301492115427e-05,1.547417402267456,9.026130879857666,3.386309572033685,1.8965161960937087,1.8222409192502858,1.9146301153798753,1.6348605766609263,1.5026628247541132,1.2506985243833146,0.8804867748973768,0.7547038778890885,0.5183584412266515,0.38952890042336313,0.29677686161785527
7490,10,1.1658301492115427e-05,2.6939454078674316,8.28433570877102,2.4961878129270363,1.4196003672625002,1.3252780330612335,1.3495569771224618,1.152993311121903,1.1235588879085956,0.9198342969757971,0.7130342784185518,0.5798458757247772,0.4170924280300394,0.3156807709439202,0.23421913604045022
7500,10,1.1658301492115427e-05,2.827810764312744,6.915131741435499,2.0722939164661147,1.1037220895992677,1.025553871156726,1.1181139157406061,0.9772567321812834,0.9090899153518488,0.7395446537695364,0.5854517855408498,0.481788163049046,0.3596869567090784,0.27312154902483066,0.19475142229986242
7510,10,1.1658301492115427e-05,2.9630839824676514,6.231396495819963,1.9300940755604534,1.1176706400055585,1.081799979785478,1.1673450077655705,1.0707986147290476,1.094021666238402,0.882375452880773,0.6925704946784432,0.5445951493720117,0.3836879460093599,0.31160089409126857,0.2144753143381272
7520,10,1.1658301492115427e-05,3.326641082763672,7.881763732520199,2.6256339622004212,1.33622163444906,1.2733370066946577,1.3234722389457478,1.106800694074502,1.1430730464580297,0.9079193030098105,0.6766236610579717,0.5473742357137483,0.39074909092987126,0.3083338465491577,0.19031656932504948
7530,10,1.1658301492115427e-05,3.203279495239258,6.962247206968386,2.2149517557857075,1.180427087342429,1.1516154007185624,1.2367879600003036,1.1280555387311189,1.0582836194210885,0.8826760525772968,0.6601171803964253,0.535584552626641,0.39794454506476484,0.2988513171061093,0.19143297986168983
7540,10,1.1658301492115427e-05,2.2472057342529297,8.870898177734865,2.750729987759257,1.498834493750142,1.430588152892862,1.601951731818217,1.4358899126928948,1.3636242797786025,1.0828767989140546,0.8710385345615135,0.6443099266295496,0.5205430337114468,0.36859701605701933,0.2350834640396824
7550,10,1.1658301492115427e-05,2.8385231494903564,8.26914347471467,2.2976420622234346,1.2024844812958497,1.2012579911267445,1.3232799645385735,1.204285848086367,1.0797758241796513,0.8445048890033215,0.6395074929372293,0.5043088740135505,0.3771617173070347,0.2817663792196979,0.19508007709154127
7560,10,1.1658301492115427e-05,3.151886463165283,7.023644107581524,2.30010456255666,1.226689659514847,1.1786655765171963,1.3037991922488308,1.151584730890985,1.1679700413169707,0.8732706711788271,0.690907010170127,0.5463962897326107,0.4221572713190267,0.3263826353087794,0.23263367958204453
7570,10,1.1658301492115427e-05,2.9329357147216797,9.051442203435315,2.6286264669286776,1.4282602271819589,1.3141241866742277,1.4831162609317237,1.2589410330439585,1.1406336886579411,0.9079266702452706,0.6877637633546881,0.5194057957996229,0.4340221977111639,0.34182330538641037,0.24005450602042633
7580,10,1.1658301492115427e-05,2.450664758682251,6.534489389411254,2.1028393741227878,1.1640417970776087,1.1291474481750503,1.2552872008056881,1.102292941850487,1.044999310805538,0.7399118963136522,0.651927009752692,0.5226732307076833,0.3746916845583609,0.29162800704291897,0.21377931479534223
7590,10,1.1658301492115427e-05,2.9188551902770996,6.621664188433073,2.254115282150644,1.212282832131179,1.1504485337304307,1.203518387736923,1.037380677803203,1.0870716823355826,0.7982874159064883,0.6263749211809363,0.5208346961610971,0.3785396980367067,0.28658349713001835,0.19061308244135994
7600,10,1.1658301492115427e-05,1.6929562091827393,7.055569623519673,2.377036750865848,1.3015126376205175,1.2338809602013938,1.341969862426265,1.137458716065778,0.981442232091539,0.7965799647489143,0.6250849039017199,0.4862587805471128,0.36637603956554227,0.26913439226885455,0.20155996003188772
7610,10,1.1658301492115427e-05,2.9287681579589844,7.1103322826454765,2.3519810985026575,1.1723811711460095,1.1363307238732583,1.2308131059553302,1.0901663402231985,1.045881105031089,0.8107415304051921,0.6380697353242196,0.4844576505308682,0.37223850470810493,0.28504223463727596,0.19526879800269775
7620,10,1.1658301492115427e-05,2.5293211936950684,6.835838175489762,2.787347473272634,1.4045860108474297,1.2755516874145603,1.4187265405584246,1.1357900045887386,1.1251443860908912,0.89338225799536,0.6810046377707907,0.49639433911192204,0.4053309821300369,0.29065887287908027,0.19725358941861992
7630,10,1.1658301492115427e-05,1.987241506576538,7.5305902066920405,2.3120064388550206,1.275841850168017,1.2561490191066678,1.3104939887569107,1.18146063570736,1.0732174092133169,0.8876487947410105,0.659959253663991,0.500272037977097,0.4046493349842342,0.31692938420558775,0.21318745581408474
7640,10,1.1658301492115427e-05,2.547227382659912,7.321975649323969,2.442679619257094,1.2694822559393628,1.1955236148868778,1.2091151672849765,1.119509279653777,1.0504885807232636,0.8579295235209385,0.6948250586074202,0.5403015830815915,0.41199505362905686,0.30918140413724365,0.21529518473992917
7650,10,1.1658301492115427e-05,2.553492546081543,9.568616620374524,3.0356783472683877,1.4483306776483102,1.3546593444497277,1.4727012590600885,1.3327940926401,1.2534519107904545,0.9483479471899465,0.736533207989076,0.6503482776256625,0.45351308004827806,0.3487112827735551,0.24971415533220714
7660,10,1.1658301492115427e-05,2.6472630500793457,7.26391036865779,2.3108016397113076,1.2122411362435412,1.1908303411753463,1.187982124880241,1.043174747237402,1.012590592200055,0.8258175236364218,0.5926838606497071,0.5061108754871785,0.35883835448716245,0.2734968969946323,0.18235951959239843
7670,10,1.1658301492115427e-05,2.086928367614746,6.66708706631416,2.1146183273755876,1.1793137523855302,1.1468728906097798,1.238644331440046,1.1507126297117471,1.0466367274198392,0.8639350885457147,0.6686585328965685,0.5518126478153862,0.3935241296199809,0.29609826460361227,0.21896709180619733
7680,10,1.1658301492115427e-05,3.245347023010254,7.1249924720789535,2.0161059022276673,1.152870444755881,1.0766235659722232,1.123077817042284,1.0399075102410194,0.9623682323916126,0.766478032152347,0.5680118738675497,0.4894533263478855,0.3820000551701529,0.27932471142095994,0.18621164380303784
7690,10,1.1658301492115427e-05,1.7715320587158203,7.227201005509809,2.6361867600885707,1.4090078391232104,1.331166126881284,1.4313104085117363,1.2586386422204594,1.1705732193571692,0.9461983490094168,0.6855518797447406,0.5922757733425914,0.41005567166038226,0.30235237029608486,0.20920917763182145
7700,10,1.1658301492115427e-05,2.3859004974365234,7.2598720021664285,2.3131853842293535,1.2059503642659846,1.2264709561761404,1.2170558376854066,1.096968397829728,1.0539520030068485,0.8478158162718463,0.6763286254522497,0.5312569141211928,0.3906595709569723,0.2831078952127703,0.2096179569665061
7710,10,1.1658301492115427e-05,2.6959967613220215,7.288563442773203,2.2500542826456136,1.1789406826822435,1.1457750440339827,1.2141502450554422,1.0811219651588968,0.9249765503671147,0.7444063331037194,0.5807200855664549,0.4862697026740785,0.3389223621610906,0.2585325955735027,0.201991350655797
7720,10,1.1658301492115427e-05,2.3973422050476074,7.098262916807073,2.33825024721118,1.2440760231046477,1.2126523712763926,1.273461058906452,1.13524231044682,1.1469998939551507,0.9000739162948107,0.7243587818069697,0.5753828955297605,0.4244971434623466,0.3368444890942739,0.22475427543117923
7730,10,1.1658301492115427e-05,2.697812080383301,7.5064012020291,2.3216667210925834,1.2833455240262766,1.2167674717117438,1.182334531075109,1.0816850041001058,1.0262943267991707,0.8215842204421558,0.6594107663968617,0.5445497489341035,0.35321863451431385,0.28127430267277354,0.20250335145240564
7740,10,1.1658301492115427e-05,2.504701614379883,6.285637492876806,1.8365547115589864,1.1055953766329958,1.0638793950772822,1.1269001670690078,0.9948700304073403,0.9751487475085957,0.7458845822583735,0.5905692196754565,0.5096211594383723,0.36929596215632987,0.31342749236765244,0.20200219984010107
7750,11,1.156230512542112e-05,2.4157071113586426,8.020728998009474,3.0098066184051344,1.5902846044610772,1.413480773531819,1.4388478918122878,1.2895186573542623,1.1945373399165575,1.042948568386383,0.8194242051019546,0.6824980315563006,0.45149335131382723,0.33561997372810354,0.23853907121068413
7760,11,1.156230512542112e-05,2.3131935596466064,6.153496328201042,2.099891483561743,1.1345322921322079,1.0845343852605815,1.1564519256733057,1.0113387092802744,0.9949242040873816,0.7675006674626876,0.6017409679265769,0.5007901196322099,0.36921086574189066,0.2981875073321864,0.20836334778271814
7770,11,1.156230512542112e-05,2.9254770278930664,7.030313599477373,1.9401634791854359,1.0731731246192824,1.0320342067042474,1.0563611634798347,0.9562847195695523,0.861875188963155,0.7069645327430114,0.5585352827031248,0.4332780392908682,0.3286161668510705,0.23637917881841403,0.17183351732077812
7780,11,1.156230512542112e-05,2.469468116760254,6.734274219252013,2.1490555497467416,1.1630253060849924,1.0903769541024293,1.1808002999252554,1.119144278249054,1.0243870221465743,0.8386987605908813,0.6463988721214214,0.5704276926405676,0.4147612762450751,0.3020299611185373,0.2130028007159313
7790,11,1.156230512542112e-05,2.129295587539673,10.078903714039178,3.251767067233328,1.6929223207172508,1.6204226366422405,1.6820460781673503,1.4636888965654604,1.2941661627574843,1.0176391505325648,0.859567879288281,0.6912413704229249,0.5287554391181007,0.4080973275008541,0.2723964452824654
7800,11,1.156230512542112e-05,1.6335258483886719,6.689515291229555,2.1953871354195633,1.129011650505782,1.0727715196441905,1.1460626041910134,1.0104400170197148,0.9673348026587842,0.8056568463139602,0.6256815284386725,0.5448422436517544,0.3778320033423848,0.2818899877525818,0.19181849563240005
7810,11,1.156230512542112e-05,2.4196085929870605,8.443465143908337,2.8467616751970723,1.4702098192539592,1.4032342842877514,1.4696258679340548,1.3022523798123062,1.2666376477960002,0.9200820265147841,0.729414462862259,0.6024230980213418,0.443162902275945,0.33271097450421055,0.24180187994613078
7820,11,1.156230512542112e-05,2.83101224899292,7.3816370290881315,2.847053698546754,1.4682026723730477,1.3387292921830656,1.3878828662469032,1.2388912045152776,1.1982716662248067,0.8875422635939813,0.6877242657329056,0.5935365748506873,0.3795141799746894,0.3085200797091645,0.2301089560138237
7830,11,1.156230512542112e-05,3.1769609451293945,6.627250128068909,2.0776662762519598,1.1756231903336216,1.1490211026520813,1.2044903025381197,1.0531733923425268,1.0043751609372917,0.780053605975413,0.577409486455011,0.5541664773289153,0.3665098483825074,0.28913038185204537,0.18522776187649573
7840,11,1.156230512542112e-05,2.596349000930786,7.027137957824413,2.7305493245273182,1.4339219795247293,1.4113364741548986,1.5640009433898536,1.3631569408952788,1.3414467400369394,1.0760564121480551,0.8428647741737145,0.652669831180545,0.46550230016924393,0.347664901999398,0.23708406202765844
7850,11,1.156230512542112e-05,3.024988889694214,7.435846793437413,2.6450361653939196,1.404731322238356,1.4159260148641581,1.4448258820389137,1.2890417939251633,1.1659008817484433,0.9811173983159341,0.7301007846697748,0.6090535703635638,0.4471511206382526,0.3355185575372412,0.20493109351839053
7860,11,1.156230512542112e-05,2.9767844676971436,6.790866964793382,2.3935815128444187,1.2377625890771378,1.1530037008746947,1.2358877008080196,1.0747396164744853,1.0530283423882316,0.8135968423102524,0.6381419072850518,0.5132866736997382,0.3791872554570176,0.29772896809871996,0.20785934646028723
7870,11,1.156230512542112e-05,2.410547971725464,6.3597520721270335,2.1124052933423836,1.1167021345001238,1.0635408921101799,1.1381931881907297,1.0282652552827105,0.9872996332077411,0.7749826448013951,0.5998163485637609,0.5214812173464829,0.34623552687757486,0.28084600381407426,0.19432574583534268
7880,11,1.156230512542112e-05,2.497918128967285,7.852423862140548,2.460773105360021,1.3591583071063589,1.2938865447869132,1.3463484435685975,1.1903463782191426,1.1286273732570817,0.8368472386089637,0.7317298459654552,0.5696787053953716,0.41518859444201217,0.3198103714807856,0.22429375765300186
7890,11,1.156230512542112e-05,2.5349998474121094,9.09131554709452,3.291781628233774,1.7314741746908773,1.6075663702981762,1.7241330999337448,1.495232145120622,1.4023383832887935,1.0329484866490615,0.827769108591784,0.6524172117448066,0.4945728813231495,0.36732507583445234,0.2455208082310421
7900,11,1.156230512542112e-05,2.6529126167297363,6.675378226499659,1.8830824991803314,1.054783235436286,1.04103890024176,1.1135894716675392,0.9876125202723163,0.925370933664244,0.7672102836342711,0.5909665104919231,0.5321370034940165,0.36660000664200665,0.28419123373870947,0.19778749369182122
7910,11,1.156230512542112e-05,2.920686721801758,6.6321697926310845,2.3418103354946496,1.209074634451752,1.1375417243574466,1.2597855412032604,1.0652388510010677,1.036873971239511,0.745723704168435,0.6063784045809517,0.5124021950722013,0.38008550264156893,0.27975868430382267,0.19753893378361276
7920,11,1.156230512542112e-05,3.4262795448303223,10.816463218292368,3.4108179769363334,1.6945268849235136,1.584370896116433,1.6787320671269104,1.412678261475272,1.3660180422295445,1.0741727080827712,0.815225895864604,0.6871892152288499,0.451398908397079,0.3509304873737399,0.2426896024329818
7930,11,1.156230512542112e-05,2.926208972930908,7.747508226624882,2.5111776700227937,1.345885444512176,1.250200585154309,1.3640959138197672,1.1797797777525996,1.1494633107068937,0.9118749588887651,0.7162420119524696,0.5809140165833604,0.4207273760871896,0.3363882617592456,0.2592674765871802
7940,11,1.156230512542112e-05,2.296783924102783,6.474911006489611,2.008686470130295,1.1149721654857678,1.073727843079516,1.1449251141591001,1.0700929839693907,0.9421483284112362,0.6819800064704823,0.603922388078571,0.5054253702082634,0.3514726635357004,0.27282031264918166,0.1768781189623046
7950,11,1.156230512542112e-05,3.058023691177368,6.404448977575533,2.2647947943920173,1.2329068763141626,1.1126097329089566,1.1712205041882726,1.0194621140967761,0.9851897252721609,0.7589373460741393,0.5936211956665612,0.5079951853141963,0.39385074207626436,0.27638688865700284,0.20336920945788828
7960,11,1.156230512542112e-05,3.0815038681030273,9.727038227465487,3.064541675670737,1.6319795851130252,1.5089766730056242,1.544827369208897,1.3948957822627173,1.3205310741723253,1.0172137755525499,0.828364165545802,0.6445466275496236,0.45619352786997297,0.3480996397623209,0.22342994918799194
7970,11,1.156230512542112e-05,3.12428617477417,7.480477852405677,2.3536713161602614,1.1953195781401775,1.1982567096683603,1.2233154511764333,1.1058978754461104,1.0485167825989272,0.8241907394238065,0.6397194826835447,0.532248813043465,0.3614164871354455,0.2672973783281083,0.19080455507691138
7980,11,1.156230512542112e-05,2.039278984069824,6.995154256769338,2.144095782810122,1.1382716682358645,1.073914747096595,1.1297780438890779,0.9970992471870764,0.9902749606770456,0.7431870302094795,0.5505973726436214,0.4987576362868197,0.33987801581028804,0.2470991042021988,0.18543587508351006
7990,11,1.156230512542112e-05,1.928256869316101,7.312672864787827,2.61778178913848,1.3268114672074565,1.2961342770541846,1.3297238816451415,1.1310925168999764,1.0045082890305923,0.7423466819360541,0.5822999404577984,0.4551422872751795,0.3560710738200621,0.2546322622037813,0.1800166825481841
8000,11,1.156230512542112e-05,1.9881799221038818,8.958344005674036,2.893179215613999,1.4719624415420123,1.4991193241530207,1.5724795806399943,1.375876933325113,1.2374496254991074,0.9967033002611316,0.7231830539816485,0.655214620243542,0.45365294629060454,0.3091502355645001,0.21074446008607456
8010,11,1.156230512542112e-05,3.345888137817383,7.156875676701224,2.489681017813172,1.3679615158275145,1.2559318219389561,1.30632811168062,1.143604553994905,1.1191081137307957,0.8191827172310064,0.6606550201084176,0.594266449635868,0.41173986067872476,0.2870544542957011,0.21046012712855636
8020,11,1.156230512542112e-05,2.753507137298584,7.854413813619192,2.5230899535957936,1.417019718088067,1.3671650957077002,1.4440171168438183,1.1977423155203764,1.170862772363518,0.8793730573223888,0.6847165287288547,0.5471364771133034,0.3595227308609432,0.2678788941772848,0.17247805859759077
8030,11,1.156230512542112e-05,3.4464335441589355,6.821434218385683,2.2905050443126136,1.1808956986032022,1.1409487073343578,1.22891752429094,1.0718862641695124,1.0326109076831618,0.7846278857445973,0.635634215527141,0.5144394098563035,0.37470595042706395,0.30447656577566085,0.2071444446193175
8040,11,1.156230512542112e-05,1.2334587574005127,9.950782877821311,2.9186282927972163,1.524211006231033,1.43636839546673,1.5158499971126513,1.3595041891981854,1.2811682035636653,1.0589562287388534,0.8178283063172478,0.6846864867065976,0.4872563761154587,0.36147837613945855,0.23683144270337964
8050,11,1.156230512542112e-05,2.73892879486084,8.142506857018022,2.2469620942033712,1.2617208606692905,1.2129252366642225,1.2418749685027919,1.1365877945981528,1.1082008652523583,0.8726242840678691,0.6530867914980825,0.5546337238902804,0.3792204164856246,0.3054005984822169,0.20415483908227025
8060,11,1.156230512542112e-05,1.8381037712097168,6.7875495746470005,2.0584766902889746,1.101082621862695,1.0406930190540626,1.0917109662792142,0.9580493584289355,0.8686658210547165,0.7185647966097395,0.5789679771669058,0.47210493865636544,0.3428321913251838,0.26085959150735033,0.19513181393906995
8070,11,1.156230512542112e-05,2.6592555046081543,6.180847433215359,2.22904277223941,1.2154658968316654,1.1696449443689463,1.2435015548894135,1.0834996974008073,1.0169545869529844,0.8421599437758956,0.6516274711362599,0.5560395758716432,0.37500684730239153,0.2678770712934894,0.20136038481115667
8080,11,1.156230512542112e-05,2.0781707763671875,8.729517420185601,2.512599160457283,1.3820074309043298,1.3379408623319826,1.42237705186152,1.2375904157116782,1.246182073140785,0.9491211990580749,0.7203532804474035,0.636788817795325,0.44236425162884263,0.32218827469153716,0.21443366727432409
8090,11,1.156230512542112e-05,2.4733431339263916,8.068409997232223,2.3620670217479507,1.2670243266289296,1.1638590058820382,1.2772505811246708,1.1564690225371712,1.1007777574869497,0.8686425815331776,0.6039271718334457,0.530084681696994,0.37679529147551066,0.27658307454075853,0.18471422884861674
8100,11,1.156230512542112e-05,2.8302841186523438,7.152253005372212,2.279714808324131,1.328386837444936,1.280192161827446,1.4160836310951062,1.2044248668131001,1.1640837425990498,0.8841831749082881,0.697628209483449,0.5541750550516347,0.43156573542744164,0.32058111146624135,0.22304233541160348
8110,11,1.156230512542112e-05,1.809219479560852,8.225815969694047,2.8102101645121143,1.5582441606057211,1.453427201678391,1.602469006278531,1.4124797136574314,1.3175331470285652,0.9931954372857679,0.7800357356238539,0.6445095697158153,0.4527267895300794,0.3277231159362163,0.21592002736963997
8120,11,1.156230512542112e-05,3.0830435752868652,6.241549090773994,1.9996509146069095,1.00743050136344,0.9450657048011971,0.9702584487273066,0.8898698469125038,0.8554556436479127,0.6795355310208966,0.5040318271797787,0.43239819680889896,0.3201906785135033,0.2416075900962954,0.1843014244474234
8130,11,1.156230512542112e-05,3.043854236602783,7.508189211464798,2.3580241769811336,1.2337249287772996,1.1794452599855798,1.2221340410199875,1.0572784887340771,0.9389648801388983,0.7561725541911813,0.5817187690361231,0.49274605604367727,0.34564064974601044,0.2531818953694668,0.17681084925521484
8140,11,1.156230512542112e-05,3.0581982135772705,6.286813888158794,2.105413234217982,1.1197655015867527,1.1114392765258791,1.1988887970495516,1.0272487646868138,0.981579319731957,0.8268762860627092,0.621012644326283,0.5331457142066641,0.3997063536772797,0.3010061095545682,0.20597333465927722
8150,11,1.156230512542112e-05,3.230952501296997,8.578347261211027,2.8611913440433105,1.4237616615716866,1.4173560880074296,1.4675129670549991,1.2968843826033893,1.2366892561357776,0.9738367513157349,0.7276366413507528,0.5936899958310196,0.4202244135552945,0.305800444058445,0.20893094503076262
8160,11,1.156230512542112e-05,3.3352413177490234,7.209235953273379,2.325476477007858,1.235462498866745,1.1372503036035584,1.1974691425538622,1.0437374099775893,1.0257683877959538,0.8279700059596724,0.6349584239216857,0.5199573702721084,0.34621918592299317,0.2826379201050319,0.17954773872930144
8170,11,1.156230512542112e-05,3.4267354011535645,5.239663761411295,1.8711501426258423,1.00352101304473,0.9108896093017358,1.0103030017832195,0.8600078352912346,0.8439592877229924,0.6376612239161663,0.5479793455739002,0.4433374184609814,0.32196873882150806,0.2465957385246512,0.16733413162891017
8180,11,1.156230512542112e-05,2.51479434967041,7.623829899487447,2.4777403128394533,1.3345223175321328,1.282714243732794,1.3747496157875132,1.2225558116792097,1.0577706565505482,0.9024512830796868,0.6322078223046582,0.5772637313522979,0.4630316129657111,0.3260749118817522,0.2289433913744916
8190,11,1.156230512542112e-05,2.51948881149292,8.70872286736396,2.813780777242329,1.6110166820000276,1.4901808233852467,1.633987994553948,1.3871831096080713,1.3454498964800357,1.0628931506838555,0.8697780867417135,0.6835993174290014,0.48025862044602863,0.3258175197276298,0.22468917157028803
8200,11,1.156230512542112e-05,2.3425817489624023,7.270552996828755,2.30346862256423,1.2583541337583726,1.169989586902182,1.218679530025113,1.078412347715628,0.9922068518803879,0.8262366472449858,0.6205129548771586,0.503103488053888,0.35653446954611906,0.2773316926128617,0.18999916274434578
8210,11,1.156230512542112e-05,2.6748361587524414,7.239110259465949,2.784083457357612,1.4264668758201189,1.346191615482393,1.4839588966307447,1.3476377047942043,1.2311419617642818,0.9575184630314346,0.73615260147878,0.6085016450713295,0.46812765776442383,0.34616005087432195,0.21603655754593884
8220,11,1.156230512542112e-05,2.769052267074585,7.797925304283454,2.6965678700968305,1.342857751756801,1.186593504076103,1.3045050591090654,1.1609750648470913,1.1081905614270398,0.8707320939384359,0.648684154760645,0.5629587511946372,0.37299225914340284,0.2799567751080116,0.1891210064475882
8230,11,1.156230512542112e-05,1.3805302381515503,7.983374871902749,2.8260685124873204,1.4981283085456774,1.450364685724001,1.5505686368050973,1.3662592266767177,1.2230904701772116,1.017710269970425,0.7744648040268095,0.6053104049674721,0.48615185101741554,0.3474266737269794,0.21594803321846692
8240,11,1.156230512542112e-05,2.190028190612793,5.560396619406736,2.0762430142867956,1.0949786448004641,1.0121026264181556,1.0964260051000374,0.988028815546071,0.8920902161892352,0.7477724278395653,0.5491149574518526,0.4459998976403454,0.33496724138398387,0.24523875719527743,0.16772990454484746
8250,11,1.156230512542112e-05,1.7491317987442017,6.745047575375553,2.2357207224449187,1.234547528889084,1.1708347095269025,1.2082892342013156,1.144303989357113,1.0411224154249428,0.7969092286930367,0.6718734610201709,0.5426560781840118,0.3504092857111922,0.2915797007311059,0.19563549805533292
8260,11,1.156230512542112e-05,3.043933391571045,6.044189038046925,1.8918195907260387,1.0645900836845463,1.0141946569953442,1.0809410151161327,0.9289469931152897,0.8910522137253938,0.7320394513500175,0.5394853331201626,0.47906798369390224,0.31911284272011875,0.25978868180984205,0.16941751554942994
8270,11,1.156230512542112e-05,2.510497570037842,5.723517560983975,1.852399174276188,0.9456793695505148,0.9438677212789676,0.9753560132475418,0.842232744410656,0.8317101699710701,0.64497602660982,0.5062742577610293,0.4077010129714194,0.29803128928295275,0.216678855347716,0.15741144568630905
8280,11,1.156230512542112e-05,2.9994020462036133,7.131333587951064,2.6037388021315535,1.3830675569542874,1.338050983861856,1.400851906020612,1.1844393175884398,1.1602442161969986,0.9156031557165619,0.694537153713146,0.5773246202942071,0.396961282697892,0.2724047134932327,0.1871372384745604
8290,11,1.156230512542112e-05,2.236910343170166,9.152464660279177,3.1132057752458926,1.532843885411976,1.446434774611237,1.6486608780949246,1.4131304212867997,1.3474628914673963,1.0353808060203553,0.8407922786130986,0.7176718657624324,0.49428742795312713,0.3538553776411551,0.26158926764200574
8300,11,1.156230512542112e-05,2.127364158630371,7.0930343868355195,2.227159674679453,1.2360832794907173,1.1887547801140284,1.2322599174993363,1.093858504687484,1.0591075525988978,0.8172854207107593,0.6147867089969246,0.5169146251387865,0.3600486707697785,0.26113555259622406,0.19580897753462712
8310,11,1.156230512542112e-05,1.878680944442749,8.21508899435297,2.9059642902786385,1.521129971390195,1.4452435210197454,1.445673499761909,1.3314266350402142,1.3018496430605384,1.0177809508828055,0.790019767415683,0.6745987655503798,0.468479549801443,0.369403918857468,0.27853947787145666
8320,11,1.156230512542112e-05,1.8151085376739502,7.244519876470263,2.348798706361716,1.289946570056861,1.1691178797578254,1.292039040406519,1.1122588289440938,1.0424514572302197,0.8426751632827834,0.6532631257831837,0.5485413678092381,0.3565229801658248,0.27294093677088194,0.18926334089172694
8330,11,1.156230512542112e-05,1.651733160018921,6.957590547144453,2.5504175820253754,1.319718825018163,1.3270541198419192,1.3387838723742005,1.1469860592618653,1.200347496473733,0.9391512216928223,0.7219696199769235,0.5715480061039211,0.4240945809250803,0.2835253527980151,0.20352000622993716
8340,11,1.156230512542112e-05,2.749481439590454,7.547485125967727,2.8593753771499935,1.5534275283366152,1.5036283741031404,1.60952934515588,1.3797275446323878,1.136557928671656,0.9903414105310074,0.7210333885770353,0.6103987993140827,0.4204761130218229,0.3119852428396973,0.21352190214760539
8350,11,1.156230512542112e-05,2.3741769790649414,7.769224158639129,2.6489906872870708,1.3828158950717684,1.3050420740920219,1.3768408619656272,1.2120776613086242,1.133436679717217,0.8987358106762223,0.708455623412608,0.5732540856871887,0.4082207865400665,0.307978114019889,0.22175546813852412
8360,11,1.156230512542112e-05,3.7978014945983887,8.118935713349623,2.264695841279545,1.2451549229443422,1.169614897846367,1.2699476275884416,1.118972021524028,1.0796495603182101,0.9044239482514078,0.6775404284973909,0.5535239740810474,0.3970680881920146,0.3138279674051897,0.22520184943872532
8370,11,1.156230512542112e-05,2.8306427001953125,6.966650235087349,2.2679878466798185,1.2154429257928738,1.119142156944945,1.2202229982654493,1.091379664200913,1.0073478926465134,0.8007215378576841,0.5901110009733505,0.516614813405954,0.356874793011671,0.2577943008700537,0.17699244347257687
8380,11,1.156230512542112e-05,2.4110801219940186,6.735925301162924,2.1408688705994248,1.2365033648431054,1.1424996029636265,1.2420221057337446,1.0944642234138497,1.1125450539163908,0.8867123619082652,0.6489625754401538,0.5774088014938009,0.3686026187346825,0.2851021973128593,0.20039804030312683
8390,11,1.156230512542112e-05,2.944479465484619,7.249446169953275,2.457978747734617,1.321893012478428,1.1901145037208696,1.3110060731008013,1.1860369450505408,1.1080076524972926,0.8609070041966641,0.6598900861497273,0.5759541827603177,0.40436744069168046,0.3211747503315496,0.22773251322936125
8400,11,1.156230512542112e-05,2.621854305267334,8.242065655909984,2.79783641214413,1.4478117701271107,1.3204469583003777,1.5048205937118069,1.3797978787721874,1.2916100462230449,1.041808090112272,0.8191942392876094,0.6466067359314946,0.5230567590287827,0.36972204755913324,0.25772994861670684
8410,11,1.156230512542112e-05,2.4717330932617188,7.719810962229887,2.5586714492872704,1.410034430882535,1.3065755254616602,1.3994231133091781,1.2096711782405323,1.2068910455720727,0.9590315379198151,0.6864315811536532,0.5948585821089445,0.4147607342685931,0.3182101811576414,0.20800584354358623
8420,11,1.156230512542112e-05,2.648677349090576,6.2611730167875095,2.1478695749874177,1.2138417754674315,1.1457587921565173,1.1399106313851062,1.009201836388509,0.9614969740843644,0.7409904142253845,0.5818941532900787,0.4644553198266684,0.3443079569108882,0.25525950562974914,0.18411141349594023
8430,11,1.156230512542112e-05,3.369389533996582,5.667888368258936,2.0784018396873445,1.179324851022302,1.1546587058983493,1.201776329847509,1.0500456043970876,1.043564464479216,0.8156238219613744,0.6228459278445547,0.5032965062837969,0.36200061293072544,0.27077154986135793,0.19563797132808272
8440,11,1.156230512542112e-05,2.661095380783081,6.140390202794987,2.1176187923682455,1.110444665927073,1.029271646586651,1.0788346646112796,0.9540709361338117,0.9528388386476047,0.7540310307026833,0.5809442114652447,0.48480654956677216,0.34962375390862704,0.2485621144613329,0.17503286050636022
8450,12,1.144959863303934e-05,2.9014177322387695,6.669282553467645,2.345341763089079,1.2510534252486538,1.1875935588429092,1.2684967051601783,1.1349018517023954,1.128251413910629,0.923268511381796,0.6819649782753798,0.5791844254595624,0.41783258627721465,0.3006766711998864,0.1934913285208287
8460,12,1.144959863303934e-05,2.3941798210144043,6.981258908477272,2.5912258035638125,1.3705908287772908,1.2769564986603743,1.4016305735342725,1.228889942497699,1.1764419225904976,0.9761485914659528,0.724623622368236,0.6376498974433468,0.44980790510753516,0.3284866174826262,0.2146697497780626
8470,12,1.144959863303934e-05,1.931217074394226,6.323590073874809,2.16370917070264,1.1553250718297308,1.0784562523243424,1.1463866161684673,1.0040583738072788,0.990016735627069,0.8034163667654428,0.6508621262977611,0.5193181673736605,0.4263723706278587,0.28146249381351407,0.19873637000274963
8480,12,1.144959863303934e-05,3.023954391479492,8.08331896459217,2.6724197456701506,1.4261536932953311,1.347169477228431,1.4453819923311322,1.2451837142651023,1.303345162758786,1.0497395930859665,0.7599214560743728,0.6276904102624902,0.4282225519291156,0.30754851401244027,0.21495549619994525
8490,12,1.144959863303934e-05,2.5760741233825684,7.190409878990861,2.231686671090653,1.200388424815591,1.1294616996672822,1.2649267801906057,1.1252680837591094,1.0432795227515266,0.8170736012690765,0.6290180040611857,0.5188430844356675,0.3775414005911405,0.277954892176938,0.20017803473028362
8500,12,1.144959863303934e-05,2.789862632751465,9.154486853048084,2.9017177617132095,1.4798260350280843,1.37864710011122,1.475299151724476,1.2719813528010733,1.2067562580602589,0.9574510901034522,0.7261674620249372,0.6104281314058498,0.4237082697515567,0.31384422945898166,0.2271169665311588
8510,12,1.144959863303934e-05,1.8124275207519531,9.93299935526899,3.1171001473381894,1.6079978510249684,1.5146762729399907,1.649721688603906,1.4902292957069359,1.4091865832407253,1.098987603782339,0.8254548512093465,0.7676715746501476,0.48112431689976715,0.3717846678923395,0.24491081294655231
8520,12,1.144959863303934e-05,2.3531079292297363,6.162250100382065,2.100558356287906,1.114283403128653,1.0476308282088937,1.0792309818291594,0.9336433204829275,0.8642024019260226,0.7068433189832632,0.5553919051579012,0.4583102805602115,0.3074805982275187,0.26123391476354185,0.19640621211006354
8530,12,1.144959863303934e-05,2.7110421657562256,6.889571168850132,2.135724524713352,1.1307198043117803,1.092932625224101,1.1738240447400905,0.9957212029012664,0.9321349734772802,0.7290006678501963,0.6023086106859712,0.4772565496671479,0.36255510572415584,0.2643322060542407,0.19865282783999172
8540,12,1.144959863303934e-05,2.9388082027435303,7.838910863170129,2.637282193059611,1.4068650703185543,1.309510613465011,1.4740526335900708,1.292004784607693,1.2005829781543444,0.9225823859126099,0.7172983759129451,0.5298997647320416,0.4049252927504724,0.29408977998837066,0.19995954488549925
8550,12,1.144959863303934e-05,3.4202535152435303,5.666956351669552,2.0338428195804306,1.0891275552851443,0.9948360838342363,1.1381651085144553,0.9628424012167592,0.9333937624942025,0.7168769803744325,0.5796233726588036,0.4798925702724601,0.3501900902645599,0.2755411375433473,0.18448429055497492
8560,12,1.144959863303934e-05,2.4115958213806152,5.63061104603556,1.8321807369096204,1.0181554821951473,0.9673963468673916,0.9967925018935976,0.9567557808493973,0.8595290752606599,0.6428300141594832,0.5390457619028474,0.42519559489966985,0.31139877222504103,0.22323516414184583,0.15378874374987492
8570,12,1.144959863303934e-05,2.3071298599243164,8.149692876312281,2.723755719163334,1.5164214723779306,1.36914540977363,1.5493919353096457,1.3491148328100855,1.3404904847839068,1.0255793847037888,0.7888740653737912,0.6431774656045951,0.4581989422502097,0.33917765745598166,0.23690336584262403
8580,12,1.144959863303934e-05,2.410889148712158,7.602542468976464,2.4389797990822997,1.3391628239831173,1.2775011824585727,1.3350726294029112,1.2083161096734403,1.0868409925413507,0.8573928073145062,0.7119619025423266,0.5858413209867623,0.39790537472335546,0.2929291149892219,0.1954824087261829
8590,12,1.144959863303934e-05,2.5687365531921387,6.353163084576783,2.1395434994397147,1.1512329257958251,1.0840658948182929,1.1931146285711414,1.0308463633148366,0.9796848415484323,0.7376105471536041,0.5956682894086697,0.49213164423318007,0.3524977310126111,0.27017666078046226,0.19409656982225065
8600,12,1.144959863303934e-05,2.1920700073242188,8.78972703215399,2.932921645886986,1.6484410859852585,1.5363530954348044,1.6219247129184495,1.4894693367662868,1.4326798079210532,1.0892511383066326,0.8177310606388999,0.6570345488532191,0.5090571443684546,0.3542932052108699,0.271440481193538
8610,12,1.144959863303934e-05,2.296942710876465,7.1913306148100435,2.598994887463681,1.4591067130721178,1.3131832753467096,1.4421169962464104,1.2827955448793817,1.209597665370482,1.0237756977001773,0.7639166418068728,0.6871844267850551,0.4664217420970203,0.33575370975975677,0.22424791189370924
8620,12,1.144959863303934e-05,3.117245674133301,8.347816302607484,2.442455504644816,1.3355685560933106,1.2724326664696306,1.2870917088398957,1.179025287257262,1.0899640795270529,0.8708824725703803,0.6841433752932001,0.5713468401617556,0.4082026372585009,0.29163842626995223,0.2115770112284601
8630,12,1.144959863303934e-05,2.7171123027801514,7.423683329802966,2.4284058093221677,1.323553656395325,1.2443285297283098,1.3927815005917323,1.2819335059263421,1.132128632850099,0.9714920987869794,0.7640090786374423,0.58758288883241,0.42637576080918443,0.3439688144077922,0.24353890092629732
8640,12,1.144959863303934e-05,2.4049201011657715,7.791066387624518,2.4818863898113444,1.274672071044551,1.2342354761262344,1.2073469586633934,1.137617537125467,1.1049188644997945,0.849331785316695,0.6480098891484022,0.5305595989560095,0.3786502568001221,0.29863827468947285,0.21102613596545094
8650,12,1.144959863303934e-05,2.003774881362915,6.367813158328888,2.089890909345238,1.182104962420401,1.1360400078015374,1.1875295026459813,1.023070087310969,0.9538206698690371,0.7784810040005167,0.5967254127413458,0.4772306973221718,0.3284595609743928,0.2569231341874926,0.1812365523086966
8660,12,1.144959863303934e-05,2.255074977874756,8.628212518515173,2.767394699056193,1.473467800165505,1.4548811713837215,1.5672187013474521,1.3736110814000897,1.3318802912409997,1.0492003873552918,0.7694980897107302,0.6262126402116253,0.45139118033132386,0.3289592294234111,0.23808735371455525
8670,12,1.144959863303934e-05,2.296858310699463,8.399124486816339,2.7203236451990462,1.5282548108856981,1.4163390021581734,1.570412294909604,1.3815357381327842,1.2656507308014393,1.0561641779682227,0.7092542491814035,0.7058357442269556,0.4791926003219689,0.33307151327408674,0.23473694387410768
8680,12,1.144959863303934e-05,3.2982311248779297,8.001573343777705,2.696290048793701,1.4431844115355295,1.3839035302315315,1.4717370745795157,1.308750202417422,1.2163467744002576,0.9872258862115847,0.7411229255945901,0.6025709678791378,0.4370342076697999,0.32247595866821555,0.2270236067475124
8690,12,1.144959863303934e-05,2.7416491508483887,5.857204121827327,2.134975328639363,1.1437894020282484,1.0919386096439603,1.2311943878951004,1.0926359971251078,0.9608888710257919,0.7272937280904257,0.6032389440650702,0.49126886265613673,0.33324062848673863,0.2480450172171708,0.19280535661863693
8700,12,1.144959863303934e-05,1.9950954914093018,8.030851550728526,2.9769311602726263,1.6084610115514069,1.504224305727535,1.6427183057586532,1.3991048173404659,1.281236204437511,0.9787312355329393,0.7294597103445432,0.5885190792940289,0.3958879109337009,0.3011875123085462,0.20769572073517534
8710,12,1.144959863303934e-05,2.7737693786621094,7.295872957894712,2.6357653411195963,1.4586709838454515,1.3511521224458514,1.4247135024260755,1.2850278559288448,1.2227854279478831,0.9603813852082287,0.7343485822528686,0.6370711876530336,0.4359762582024947,0.3091172713082481,0.21889561758440418
8720,12,1.144959863303934e-05,2.742645263671875,8.347356682896027,2.7656425281298547,1.592657958670021,1.4526085745465234,1.5985322755096607,1.4287159697446639,1.2678597183212323,0.9976912339454682,0.733697006016382,0.6225846610210098,0.4301830345108865,0.3232916075986869,0.22423882621708136
8730,12,1.144959863303934e-05,1.8119280338287354,7.386032178545988,2.4801849910205203,1.3848381793331468,1.287171782127878,1.3876094289240721,1.232321606616067,1.1030093585020793,0.899784280824076,0.654217273915109,0.56318367822255,0.4358203616933555,0.3205230632846096,0.20509339090206366
8740,12,1.144959863303934e-05,2.9900007247924805,5.992648605631532,1.9688792172175757,1.0532762273322935,1.0226661524492882,1.0687316839620402,0.9579627335432648,0.9407143127689938,0.7282326869070676,0.5687807929077807,0.4660755184523201,0.3486230922577422,0.2645896490340175,0.189214413347728
8750,12,1.144959863303934e-05,2.897263526916504,6.851438799245414,2.409724129463936,1.3135331212154444,1.2544053848863572,1.3469589345763824,1.1838795136642364,1.0472574534975796,0.8405369792540844,0.6473684409586974,0.47177434823679737,0.35442607478353355,0.24525482048382408,0.1674170743723752
8760,12,1.144959863303934e-05,2.169351816177368,7.596158194898479,2.5062748663445267,1.3008065121004768,1.2443777852080604,1.3148982624033225,1.2091126051374697,1.0959636305628504,0.879443817143252,0.6520641317019118,0.577661715568337,0.38777196449988577,0.29017894110327147,0.20329677803618218
8770,12,1.144959863303934e-05,1.4556471109390259,7.1352569945017965,2.31739797205539,1.2717266688065239,1.190529810266949,1.3184378232398057,1.1115722206433256,1.0642011391496466,0.822239071401047,0.6715737662719282,0.5099764768067935,0.3670471671143475,0.2760622269075111,0.1973538867554168
8780,12,1.144959863303934e-05,2.6105456352233887,8.239838927001003,2.780685317356385,1.5657871297318804,1.3981353002689652,1.4937099619558116,1.2586381052404045,1.3333455907747687,0.9405429160001422,0.865702451855024,0.6888188776867739,0.47851464298586044,0.33980367013123347,0.23144509295926466
8790,12,1.144959863303934e-05,1.9134571552276611,6.922444261298315,2.6743967695378115,1.3687595862091773,1.3124626115448843,1.422562401335604,1.2381501808049158,1.0952947300606395,0.8395682219685604,0.7374917670482802,0.6131191945693114,0.45652244997164315,0.3126371861655829,0.23770355205467494
8800,12,1.144959863303934e-05,2.9453907012939453,6.503370164259306,2.2663119081254006,1.1878427935111873,1.0687947348647817,1.2158606167201655,1.0271343837257332,1.019785153625012,0.7883743895180912,0.6135587257931517,0.4913032603551048,0.3553677538091643,0.26599264835371766,0.18408932051559426
8810,12,1.144959863303934e-05,2.933990478515625,7.57537254683903,2.408029204004371,1.3877655554252588,1.2790171913095028,1.3941695451058242,1.2295223326056268,1.1416930817381288,0.8620997725867673,0.7213372340591436,0.5798540767338118,0.3868489124847163,0.3024070038659895,0.20960969644868718
8820,12,1.144959863303934e-05,2.6478447914123535,7.366031645031277,2.5096290625673268,1.1409628052561467,0.9535520622323074,1.1153254943835542,1.0021322127758359,0.9707521853387441,0.7506713441440025,0.577131048824702,0.46725596547382187,0.3330176511194538,0.26385192427218074,0.1858323947236065
8830,12,1.144959863303934e-05,3.3413095474243164,7.229607820944151,2.3528084939814273,1.275096628445844,1.2616662219904304,1.3881132624290182,1.2063838691817463,1.1506389914512334,0.9038010152742356,0.6741131091774402,0.5830501973559997,0.4123931027222251,0.2777922284808816,0.2169770006268272
8840,12,1.144959863303934e-05,2.2038843631744385,6.94202834752487,2.2985472795353568,1.2815846823211325,1.1281162353082936,1.2947928104425712,1.1944401725929654,1.1112804663327573,0.8532211067901385,0.6665341428366897,0.526504955062164,0.36817757139490054,0.27473368780654644,0.191688500029527
8850,12,1.144959863303934e-05,3.08398175239563,7.850895488381391,2.7387918813703633,1.500607972301067,1.3289776078099838,1.5495732827021567,1.3888071981956,1.2721755492774336,0.978917321070847,0.7088530185371061,0.5810982451922305,0.3898180356428525,0.3028540404891733,0.2094317039644619
8860,12,1.144959863303934e-05,2.728710412979126,6.134328609431801,2.129898418638694,1.0732792378181524,1.0331385744349082,1.1268110917909686,0.9793008416145057,0.933698693182705,0.7908288382584893,0.5863828000422412,0.4597727410400358,0.3663190041823372,0.2599256611985229,0.18091724786855107
8870,12,1.144959863303934e-05,3.2597055435180664,6.390973438453661,2.383696681751666,1.2294881589248217,1.1099618216831082,1.1994742113777228,1.0576975293218716,1.0597573495474029,0.7950928094063684,0.6097633384173005,0.46472489246381876,0.3590938920220046,0.24736273855520272,0.18491511444753475
8880,12,1.144959863303934e-05,2.800194501876831,8.233257859241155,2.7895938000203127,1.5254788552955736,1.496643676896144,1.585388441737487,1.459825632214929,1.3133283918635978,0.9514547537564054,0.7506600127055175,0.6627538332433787,0.4383024091366457,0.3225206625580028,0.20842926449667412
8890,12,1.144959863303934e-05,3.1125502586364746,6.9076701769716236,2.234431485263646,1.1891023207323221,1.1573724735447128,1.21679035042656,1.127412558433218,1.1046745323448528,0.8833753399471712,0.6581129904649252,0.5569501211834906,0.3984953861991117,0.29284452339022893,0.18815509290579113
8900,12,1.144959863303934e-05,2.3298254013061523,8.72595688751523,2.8368343218238805,1.5868457169120271,1.4343782814380903,1.5350520501509064,1.3661341083184404,1.298523904371975,1.0546430990342968,0.7446971932058807,0.6465177902436295,0.4682746848493053,0.3104224803086,0.2284309030747701
8910,12,1.144959863303934e-05,2.859666347503662,7.958745417974717,2.5747167817398138,1.3443941773276122,1.266617165746404,1.354641532520238,1.2221724574620623,1.1747972637626294,0.9209701360625819,0.678129125510836,0.5872259832195955,0.42017968042132053,0.31405451906856313,0.24145181440963576
8920,12,1.144959863303934e-05,2.1656546592712402,7.993476237435349,2.7188483195307316,1.4891449038510398,1.4112508801340067,1.4929788207657235,1.307519428856348,1.2164657960102103,0.9860235944023843,0.730357349184681,0.6717716528344492,0.4207805840350395,0.31305268244687084,0.21269653371814942
8930,12,1.144959863303934e-05,2.6915650367736816,7.841966177725362,2.608527557245344,1.2677919531041684,1.1751699437350227,1.2425912679012885,1.1745173557450237,1.0647185913410144,0.8096933246336339,0.6479763123967477,0.5193881931720079,0.3774776462498899,0.26758175578061083,0.19446719444200208
8940,12,1.144959863303934e-05,2.0659754276275635,7.733663912073284,2.4392273241380136,1.3421587086996924,1.257127356209722,1.3195750676861902,1.216874065278538,1.1719469658663864,0.9344598058530736,0.7342256415002104,0.5676075187299193,0.4518827205894543,0.32755139831528635,0.22505889155746886
8950,12,1.144959863303934e-05,1.1348317861557007,7.205482897193908,2.360232803441298,1.3454607947499515,1.201799504072103,1.3025493643038764,1.1431008586158433,1.0214156327043753,0.8588839464772474,0.6317407516964525,0.5265701025283362,0.3637448854396146,0.2721340722026605,0.20735894156432064
8960,12,1.144959863303934e-05,2.124635934829712,6.632601570688452,2.14366781774203,1.1100940279344522,1.076404125169472,1.128437922214956,0.9837239429407263,0.9124150883751952,0.7227134993629342,0.5540742105799337,0.4665577842662055,0.32741831564682894,0.2610983347488776,0.18380317238058433
8970,12,1.144959863303934e-05,2.5644068717956543,6.560119619890286,1.9385486258409905,1.0813999958776226,0.9996524809596616,1.0759480387551916,0.9809199050275059,0.9852889463849402,0.8021864355265284,0.5763622562923176,0.49743607428155995,0.35025385336322146,0.2820981710453919,0.20110320715681906
8980,12,1.144959863303934e-05,2.527632474899292,8.276719090367758,2.620941176428426,1.3833933464806145,1.2735537913511359,1.4290743313400969,1.2590070026292712,1.1945843843670538,1.0171611153525004,0.6885968176156866,0.527373699828143,0.38386402154251315,0.30208295556872305,0.21009511905534803
8990,12,1.144959863303934e-05,2.3356072902679443,8.531721783668274,2.7565261818694644,1.5714917813048805,1.4315912393215091,1.5490846539851975,1.4036899563892276,1.2821611814152407,1.0215154075572825,0.8112126978430902,0.6815793451321319,0.4519618768321687,0.3467170385120114,0.2509350197412587
9000,12,1.144959863303934e-05,2.3134164810180664,7.775967364199608,2.663107077196776,1.3911086492772646,1.306877762611649,1.3609357130005943,1.2160711653242144,1.0966183379554946,0.8322992351836409,0.6513779804757843,0.5561812359978432,0.3840389813596551,0.30412634164096936,0.20704820809430255
9010,12,1.144959863303934e-05,2.574896812438965,6.962655854562946,2.305133415088692,1.1784581921654305,1.1478714087522135,1.2196403010656967,1.0285776565372315,0.9629878852716199,0.8245938980298009,0.6033107944982726,0.4982602838833647,0.32233373503763824,0.2528478449312009,0.17731927038756087
9020,12,1.144959863303934e-05,2.1585097312927246,6.086730999337399,2.1474352492894635,1.1294608383370042,1.0658045053380292,1.179355872884229,1.0364021760294169,0.924685615079886,0.7831373044276487,0.5758196958635999,0.5066224291241044,0.3276600831597452,0.26047349143376664,0.17076795592193178
9030,12,1.144959863303934e-05,2.9858341217041016,8.057347884181107,2.60903722536242,1.3593310040699238,1.2968987018980511,1.3347306825153813,1.1253829216825855,1.1553949861379214,0.8758085779041447,0.6994009740591134,0.5319515442547442,0.39648018136531443,0.29540436828057276,0.18654496299664763
9040,12,1.144959863303934e-05,2.0864691734313965,7.691079965987447,2.52593835747911,1.3549223385619082,1.3295613467112943,1.384255869701379,1.246466704690686,1.1707278266468897,0.880196068635184,0.7065842145781598,0.5947342359796245,0.41701535670065926,0.30313861524297697,0.18981860271749987
9050,12,1.144959863303934e-05,2.241234540939331,7.2162694756078185,2.48094195659009,1.368881014846551,1.2722847044382395,1.3798438873338599,1.2392642976938375,1.1611108641479058,0.9774379918760169,0.7457880416157662,0.6122508940186677,0.414775794499943,0.32165103987946997,0.228836405473328
9060,12,1.144959863303934e-05,2.841233968734741,7.940142189162248,2.5887308885047773,1.4356962965546107,1.341299658773517,1.5672154570819627,1.3825156677070618,1.2326821345209236,1.0081310059722213,0.7891072694162913,0.6273903582685671,0.4362180196764549,0.32321705335662665,0.2254727280893275
9070,12,1.144959863303934e-05,1.9713795185089111,7.090690222550887,2.2958212091300023,1.3239795858204186,1.1958707885189501,1.3218962507798362,1.1656200495196234,1.147570358040686,0.8637996459465388,0.7004210491700671,0.5812114500292442,0.3684750994534778,0.30335609219978454,0.21376855771795883
9080,12,1.144959863303934e-05,2.2855117321014404,9.779774921181687,2.932547045649955,1.531387591425881,1.3659186057282027,1.4228938486875597,1.338410679519377,1.363006474517328,1.021060077024898,0.7821028368381483,0.6455647823102588,0.46895959013357713,0.3032430084535742,0.22845695860254087
9090,12,1.144959863303934e-05,2.9087753295898438,8.371776308214333,3.115885092560686,1.5722981780729393,1.413893679565815,1.519498488371362,1.2602522697538794,1.2290767092491157,0.8793097383882545,0.7625666039357913,0.664462238038293,0.4321853741856815,0.32327998330400565,0.21749989846382387
9100,12,1.144959863303934e-05,2.857478141784668,7.841121908653918,2.572542202339464,1.4344056269775864,1.3634994957521787,1.4565928623980986,1.3207046201431478,1.2392489436822745,0.9750665128480883,0.7088766868744858,0.6280092250986197,0.42276922854552146,0.2967955544841142,0.2171253896131061
9110,12,1.144959863303934e-05,1.8001850843429565,6.96828066983767,2.4436101829751515,1.2430109681066166,1.1555255647671834,1.2148073928745937,1.118118995678148,1.0984922997237154,0.842500083684801,0.6360778357562473,0.5415797017919022,0.36406034864868875,0.2735140543568009,0.19522884455360626
9120,12,1.144959863303934e-05,2.1026813983917236,7.954804891486226,2.707265005163586,1.399520109411812,1.2647324728154974,1.3385999502074537,1.2029365163046382,1.1415214258695727,0.8973374329207028,0.6335434023107559,0.5575749949033715,0.42229631134532325,0.2978737704787573,0.22246541236625977
9130,12,1.144959863303934e-05,2.19296932220459,7.2655233916587685,2.2979091883231337,1.295746390527836,1.2204313996202902,1.3315439966073317,1.2018372415104426,1.1313236729466447,0.8420725337604482,0.6747672234258706,0.5853497860240737,0.3922337773662435,0.31496552129672445,0.2274056388669609
9140,12,1.144959863303934e-05,2.854295492172241,6.690893309771046,2.173984815358394,1.1323336787566831,1.1358479072023269,1.276863857272731,1.1076486560861363,0.959199810355573,0.8169018670150744,0.6056038037914576,0.5073120497120305,0.34391840277505037,0.2418023160484416,0.1756946971280888
9150,12,1.144959863303934e-05,2.091094493865967,6.695925854304183,2.249736622354514,1.2155672648446016,1.1723236050856873,1.2053065685786173,1.176302774980132,1.122544453418242,0.8818649173070638,0.6603234018027948,0.5629228759634975,0.38125596316581645,0.2800905777947696,0.20315795384181567
9160,13,1.1320549640121938e-05,2.780203342437744,7.623743586033002,2.445596536067877,1.3206687601252127,1.2388227345009066,1.2919708535915606,1.1440931194135662,1.053342346850068,0.849567300572382,0.6393568088716793,0.5712161711887872,0.4140092004139496,0.2973181330481127,0.2047066302775755
9170,13,1.1320549640121938e-05,1.8107411861419678,7.676631135162191,2.5647066258804823,1.4124711428681103,1.3050798984947702,1.412666027303863,1.2371512084167668,1.1554720273526142,0.9397696427291818,0.7045718562492069,0.5693182080562281,0.39546328061843355,0.29796399259419865,0.20262399161414282
9180,13,1.1320549640121938e-05,2.4703733921051025,6.263497358796528,1.9853937680768972,1.1285646106857015,1.0509636310050068,1.1394805744483307,1.0046044005896277,0.9315837777020569,0.7364384608645504,0.5669109374220993,0.47392448561037914,0.33808343937878016,0.24812032994675426,0.1639650452179687
9190,13,1.1320549640121938e-05,3.113863945007324,6.308076665662326,2.018333575636572,1.1781030475184406,1.1209622674754782,1.2040399973164226,1.0534020067472176,0.9978532079435454,0.8123305729229531,0.6342211420066659,0.5088298935040301,0.3347424035029869,0.26225047882594443,0.1804594477047361
9200,13,1.1320549640121938e-05,1.9465452432632446,6.577140180199633,2.4536429023674615,1.383768584535497,1.3381988335056367,1.529429250920385,1.2729874527835223,1.1876636533723806,0.8647564045516454,0.6805596927085757,0.5316411734541443,0.3674430580044499,0.2767295666007043,0.19200602334129133
9210,13,1.1320549640121938e-05,2.3889284133911133,5.494128549464517,1.9120680602927678,1.0208182560851795,1.025036555975615,1.115370668911011,0.9816720025946853,0.9174201789786564,0.6942068787985692,0.5229372241933552,0.4245421725187502,0.2988066492384556,0.23831402478327307,0.15131824420698753
9220,13,1.1320549640121938e-05,2.2264692783355713,7.991542646325196,2.6863307373631833,1.5269373049350154,1.432351484643565,1.5296995153526927,1.4387482441317008,1.1859100144077053,1.035975952871735,0.825805908507588,0.649688685767394,0.49076429265750243,0.3301276089012889,0.22259273843431102
9230,13,1.1320549640121938e-05,3.1963701248168945,9.37022896571292,3.134312123586896,1.7085470058514796,1.5805521121924,1.6899650619813635,1.42400337349672,1.3275559434716129,1.0301998839574624,0.8066501848230035,0.6545504610366532,0.4544058211613886,0.3474172938147091,0.2536192823393693
9240,13,1.1320549640121938e-05,2.684576988220215,6.506380771999429,2.3537186249785766,1.2307725833059755,1.1601458553900559,1.2860986980962454,1.1045113939152942,1.040328698477218,0.8451483792117305,0.6406784383496126,0.5671335032204354,0.37685261959859545,0.31515331714057826,0.21877030559834656
9250,13,1.1320549640121938e-05,2.705164909362793,10.832226149655638,3.4357779976714657,1.7614025097576174,1.6820486315326595,1.7422450839175696,1.618014437888018,1.538310597054525,1.1505203620316227,0.9146993472132713,0.7213864558379549,0.48973489480505694,0.3425968030243758,0.23283629868013475
9260,13,1.1320549640121938e-05,2.584287166595459,6.490734002631497,2.1715861202105557,1.203515614073449,1.1344673636314975,1.18321709956392,1.0597739571808384,1.0373687912823917,0.8006529261553047,0.602789885477184,0.5064904151793583,0.3415076366121843,0.254724611670896,0.18902869909716688
9270,13,1.1320549640121938e-05,2.562715530395508,9.797592858328684,2.8208706963120354,1.4222722554561416,1.3969541957091145,1.4405481645990068,1.365328814397899,1.2636073953510378,1.033694291468352,0.7624057695622072,0.6202180507601888,0.4253206556946813,0.34622965142497547,0.23244227399015044
9280,13,1.1320549640121938e-05,2.5911636352539062,6.754617726344097,2.0274759522513954,1.1295822985801234,1.0961711811852752,1.1590469171784457,1.064299387640657,0.9419085471130489,0.7840091733869856,0.5728357449230661,0.4953524826976464,0.3410823845691433,0.24531434611123112,0.1752664485943521
9290,13,1.1320549640121938e-05,1.463921308517456,6.649692226558596,2.4402306717478246,1.3502273212969722,1.2726453337512578,1.3464002626677478,1.1433601467785799,1.1172993318507909,0.8651930594257377,0.6635803562785549,0.5641863697686718,0.39752271657881,0.3057808858158128,0.23201058235396885
9300,13,1.1320549640121938e-05,1.4330909252166748,7.127669102162048,2.508033542659912,1.338102952874442,1.2431155773899791,1.3515742045745687,1.198705905278547,1.197410890439828,0.9877189423328999,0.7482509155111812,0.5959025353487062,0.41739049472295514,0.3183213895739902,0.21353019125510128
9310,13,1.1320549640121938e-05,2.037440776824951,10.145809808455567,2.7500621260703855,1.4973785606542147,1.4178604552880234,1.5861657462792311,1.3653510616036053,1.297051439065753,1.0727451986732999,0.7573121725305062,0.6406545640848119,0.43130522047823483,0.3094352079407736,0.23684878238597082
9320,13,1.1320549640121938e-05,2.328605890274048,6.152421989623443,2.0984568277813875,1.159432971722596,1.090647924006471,1.1623683053199285,0.9762484637273029,0.9585058975328664,0.7146701343635513,0.5874972969271042,0.4865815870830806,0.30848880039598425,0.24396344008182633,0.1773566068868371
9330,13,1.1320549640121938e-05,2.912026882171631,7.0214263198649975,2.5772959198972916,1.341321233650603,1.2327654766065663,1.333226703611823,1.1436834432468823,1.0655285199006943,0.8832401661805633,0.6514115983942849,0.5153379273414477,0.39036979714229064,0.27260126934124634,0.1922377444365481
9340,13,1.1320549640121938e-05,2.0381860733032227,6.122263829981718,1.9430623923415498,1.0941585305606576,1.053928284178027,1.17498042825013,1.0364198378287872,0.9954907129639965,0.766264617876475,0.5944904902023763,0.4675740879973593,0.33188089715544855,0.26052123308688374,0.18777273214853674
9350,13,1.1320549640121938e-05,2.4294815063476562,7.803474280126883,2.474425782484758,1.3118586101065504,1.236064461115572,1.3348661140867009,1.1319182520182896,1.0348764225069471,0.8854147095878108,0.6378312671441511,0.5796427425546742,0.3921382751276252,0.3059489964248267,0.2223906255982822
9360,13,1.1320549640121938e-05,2.566380500793457,7.249329397358008,2.295382825335336,1.2362272921809052,1.1255336552439463,1.2366899537204739,1.079929717723602,0.9486857022665143,0.8072797289146822,0.6406605829506463,0.5400451494586817,0.3840780870482873,0.2941669226896363,0.20874123924022914
9370,13,1.1320549640121938e-05,2.7751874923706055,6.197138992721313,2.2384119382752603,1.2227443652343073,1.1078345605333555,1.1876888433185788,1.0582875510493026,1.007854200535023,0.759191939289983,0.5811769743033901,0.5077432854930538,0.3593584479211958,0.24522338328046248,0.1775385090659739
9380,13,1.1320549640121938e-05,1.9765865802764893,8.164770038356234,2.8499845365002305,1.6188666270175935,1.4802107852994626,1.6095301083691689,1.3851865415518854,1.3018383227393093,1.0511703633799363,0.8017399242459573,0.63905812227979,0.4973005398178498,0.3783712957136745,0.26389209852216833
9390,13,1.1320549640121938e-05,2.6676697731018066,7.8370556708804235,2.627408450800272,1.4478573400134065,1.3014859654270563,1.4123146266598894,1.2219879735435786,1.113962995311869,0.8667730858379914,0.6567456589839664,0.5323448461409617,0.3498469775728493,0.2614340510426769,0.18382163506961413
9400,13,1.1320549640121938e-05,3.1625139713287354,7.182581089997656,3.0623610360779785,1.4808674179174508,1.3671896038294682,1.4259899563306315,1.2569748893877448,1.115628389334923,0.8603951910804175,0.6480183627707327,0.536818088795159,0.37639739995738936,0.28451660996676603,0.20758211136305812
9410,13,1.1320549640121938e-05,3.144141435623169,7.40947858344549,2.9240009905204065,1.5358984498858934,1.413003304448142,1.5310319230068226,1.2641033978629546,1.189055536823634,0.9775281783767157,0.7655277960828928,0.5761584342547087,0.45354449658953194,0.32439670986773717,0.22803501131351667
9420,13,1.1320549640121938e-05,2.9641027450561523,6.471060231020762,2.4729188900451073,1.3223112485310173,1.2010409321104916,1.3101872101166798,1.100982425977912,0.9857906579082012,0.7766492617793151,0.5984375863267878,0.4739112940402885,0.32540788113044816,0.25201134012188053,0.17502363994203443
9430,13,1.1320549640121938e-05,2.0253946781158447,7.179465456160919,2.5253126587545065,1.4070592278359662,1.3034084430792936,1.4112439001512447,1.2394050028541628,1.146105728710185,0.9125533600740888,0.6930138328014015,0.5947600204830699,0.43210680665670065,0.33394441704946315,0.2311522380099636
9440,13,1.1320549640121938e-05,1.8552331924438477,7.281859922375298,2.518076298347791,1.3898368777090238,1.3552817238740447,1.4408846845542704,1.3110497187270962,1.2609706901349662,0.9493977624697055,0.7078064698411506,0.6319998487095669,0.42907816841759194,0.31961023813766026,0.2140203603193655
9450,13,1.1320549640121938e-05,1.67197847366333,6.414773472571857,2.148131296366508,1.172340026481938,1.1330699963790418,1.191252234369993,1.0398142501003542,0.8928948739489104,0.7846833539924649,0.6220201048827108,0.5076070612502642,0.3491471446787658,0.24667765450079046,0.17526397246926537
9460,13,1.1320549640121938e-05,1.3751122951507568,6.591300010732965,1.9889517654046303,1.0519579507806132,1.0001456210794948,1.0809726533201178,0.9807816308744608,0.9190926145159094,0.7502529935111975,0.5539572073779747,0.4881022676839572,0.30162439953115383,0.2522075361530182,0.1794945387410949
9470,13,1.1320549640121938e-05,2.4307518005371094,9.049210236714522,3.2386783899637237,1.79343384968056,1.6324601108633663,1.7614134880843668,1.5375080253628588,1.3276617286913366,1.007940719483403,0.8113620280470899,0.6709633056474231,0.48490399823886005,0.3169882994996991,0.23254671036882985
9480,13,1.1320549640121938e-05,2.034802198410034,6.751548091963763,2.566586460607111,1.374006547634263,1.2111151196061853,1.2875965221338193,1.1061718091007045,1.1194749962576067,0.8379291369302065,0.6192281747015754,0.5377527210713704,0.402601309231378,0.3015548514021242,0.21336484058205854
9490,13,1.1320549640121938e-05,2.1573891639709473,7.175995884358487,2.4027430142004844,1.3285326410786125,1.2166422730696465,1.2899478939404814,1.1703989184949715,1.1147257364892864,0.8710175350862056,0.6817329408729814,0.5653590197315527,0.40229748576290386,0.2685350875651539,0.21444717578884423
9500,13,1.1320549640121938e-05,1.4932900667190552,5.837555302798675,2.096960890574889,1.1834469422533425,1.0491718486636243,1.1484974680815185,1.0537634736521237,0.9417898740938634,0.7577684518762846,0.5598755916228157,0.4685909514647927,0.3475794530271267,0.25361115428995606,0.17955174648892053
9510,13,1.1320549640121938e-05,1.6646039485931396,7.641920824457636,3.026549198205749,1.5969413192997168,1.5206641767861795,1.6188976246920823,1.4291301311019242,1.2989996934026309,1.0530232678189086,0.8119955628273726,0.6472018683361976,0.4939765973921971,0.37265363641248395,0.22584068751866715
9520,13,1.1320549640121938e-05,2.2031540870666504,6.485921218556867,2.296215894742605,1.2558373879472058,1.1577876642829825,1.2645822927835815,1.1095504549063748,1.0733626880732428,0.8255196753597202,0.6504259839238172,0.5210072524984307,0.3654273789418582,0.29037086306739934,0.1894535782655137
9530,13,1.1320549640121938e-05,1.9638093709945679,5.919846266520738,2.149307588012732,1.1758397084754177,1.1371439513560282,1.2202380105365216,1.0477302418738008,0.9151722562579998,0.7072898652910135,0.5976490949101829,0.4601049633964858,0.3291010508083185,0.2354463359993507,0.17360879949494845
9540,13,1.1320549640121938e-05,2.819122314453125,10.30099580072412,3.0209372813602653,1.5949565497828315,1.5156863183052887,1.6403181579226525,1.428007723884911,1.3205233484712318,0.9886319370033617,0.7577096283048915,0.6446659274180917,0.43546663898083365,0.32960583182802955,0.21554110329538026
9550,13,1.1320549640121938e-05,1.6957952976226807,6.828378014916702,2.2254148241834066,1.2113736165610334,1.0691319679222093,1.36709758171217,1.1627924884972518,1.1059841169267897,0.7516873839385959,0.5697355352557623,0.4861422355803976,0.3160899148387932,0.25355401654036513,0.16742878614983012
9560,13,1.1320549640121938e-05,1.5045490264892578,5.934415089564844,2.133102748238702,1.1411774372408676,1.0710749766368928,1.145955763018984,1.052527975024818,0.9566745903758388,0.7888234881895051,0.6148998689696823,0.49181066960148584,0.3409422733479014,0.2820731603209217,0.19412970284750414
9570,13,1.1320549640121938e-05,2.9304897785186768,8.432728647404888,2.825403858694178,1.515464094250508,1.4006747415375644,1.4771079247825627,1.3165693947384784,1.2531828581206714,0.9953035310816665,0.7476376758400983,0.5994423500855047,0.4155379229407362,0.31635812915176514,0.23015691475356095
9580,13,1.1320549640121938e-05,3.1599249839782715,7.513062998576533,2.6190867885181217,1.448159343134676,1.30644600976099,1.3977752069096088,1.2217093183200596,1.1202681587622412,0.9295110005685596,0.6969330777732307,0.6197822560899654,0.4049688817278565,0.3098275556832163,0.21069665480663974
9590,13,1.1320549640121938e-05,1.4625113010406494,7.511723623547007,2.9513451403498294,1.6642453539606072,1.4298270841087837,1.4236865109349468,1.2770911483018559,1.160973769021249,0.9059083047050849,0.7257559624559384,0.5505429194425564,0.3941381132859007,0.26637287445676444,0.19913035910021748
9600,13,1.1320549640121938e-05,2.5241899490356445,8.07636459130215,2.6672746778105556,1.486257364084517,1.3546213152160949,1.4420797203545548,1.291880481494203,1.2197736585420453,0.9324922948771599,0.7139541741192734,0.6372454118656848,0.44017517807780265,0.29281581406339063,0.20998579133912104
9610,13,1.1320549640121938e-05,2.1918907165527344,6.168431532382058,2.057334692191113,1.1820751711952415,1.0916238247635175,1.1326957890695903,1.0098685262537577,0.9740963273317979,0.7530910446738363,0.5959561800360812,0.4836728703456917,0.3364917491112422,0.24844964700605912,0.1676577483683412
9620,13,1.1320549640121938e-05,2.705764055252075,6.219583478071139,2.143853576759543,1.1620475828998913,1.0602360026450446,1.1508169928961867,0.9999245459676506,0.9757520854546876,0.7491905405458509,0.5858231413897639,0.47031946209276526,0.3567938257973898,0.2600002775292609,0.17651724513934752
9630,13,1.1320549640121938e-05,2.333332061767578,7.694128823941972,2.5251852386857077,1.412427481146252,1.304074911121705,1.4114799061917085,1.1903598516180272,1.1764881652385317,0.8964076350287594,0.66881767309533,0.5495298038868716,0.4114667380162065,0.2741304381565602,0.1980884145927657
9640,13,1.1320549640121938e-05,1.9969091415405273,8.578599176618289,3.128257450039858,1.7855861817337935,1.61162168956952,1.7307999245363423,1.5310434172542824,1.4370698830682607,1.1438913707829625,0.8365069830783146,0.6966647975303858,0.482839579087703,0.36224454869205225,0.25070871051800503
9650,13,1.1320549640121938e-05,2.5206503868103027,5.871669551223333,2.026200983961374,1.1175251720645025,1.0392819913408058,1.0973503161564115,0.994277672335774,0.9503285298646158,0.7712814678046876,0.5783092560354075,0.47480995233823414,0.33060326371966914,0.25499359180503767,0.17070603568579168
9660,13,1.1320549640121938e-05,1.3651244640350342,9.055092074939001,3.117740804991894,1.7265513695046848,1.5341979027572177,1.638829141022216,1.396821290085419,1.301325979806634,1.0279686531397183,0.7999792664713725,0.6681923645563523,0.4948262017548863,0.32725365772257065,0.256848848174718
9670,13,1.1320549640121938e-05,2.8482766151428223,7.841472506087433,2.675360558127382,1.4779808168173738,1.338936050940092,1.42298428470607,1.29449514720154,1.0698494065711248,0.9645298225289668,0.8084106608668377,0.599908265366065,0.44783499796475545,0.3522442618667301,0.2421418648186679
9680,13,1.1320549640121938e-05,2.909372329711914,8.657157036888979,2.8051473008752685,1.419139607119484,1.264767228281419,1.343142228298263,1.1844295790724504,1.1609269372507993,0.9180537193764673,0.6584526359937488,0.6019063744892952,0.4113596589778733,0.31649484178177656,0.2187757181584872
9690,13,1.1320549640121938e-05,2.2669332027435303,6.364060325932829,1.922278373413781,1.1189316188041254,1.06006546931978,1.1208480364656142,0.9830868934042122,0.9610354310291296,0.7866496750361256,0.5849090617015624,0.5030793192518885,0.34628758720394753,0.2564247185106239,0.18140067418016567
9700,13,1.1320549640121938e-05,2.7895188331604004,9.66410576277857,3.0934057265611323,1.6825601356339637,1.6175383185528807,1.640948258992567,1.4794843327475864,1.4438843713070681,1.1371405698986565,0.8608615804155648,0.6895590767050281,0.49800349970235025,0.33240578091834283,0.23717537680753015
9710,13,1.1320549640121938e-05,2.309363603591919,5.533694891915276,2.0389734619693445,1.0810766989697036,1.0317883425633638,1.117928358041694,0.9990462297677549,0.9418291200033452,0.7810734090071713,0.5635377832937333,0.427878770495775,0.35013449029454186,0.24998890199017795,0.18289568112433205
9720,13,1.1320549640121938e-05,2.92337965965271,8.985817270327816,2.993192730485524,1.7694471336102295,1.6361650874984168,1.7430005794786743,1.61012012924591,1.4778397776916425,1.135984800192914,0.8801522035967907,0.6894241808602787,0.5304073345590937,0.37783675743413825,0.27870897743409734
9730,13,1.1320549640121938e-05,2.7697975635528564,8.110399117501853,2.64379795225747,1.4873992344857763,1.386541314488565,1.4588303396894782,1.383979503954925,1.2989848182991546,0.977770486930842,0.7230658931039303,0.5987992749736336,0.44029609143256576,0.3010063787352432,0.21279494724743767
9740,13,1.1320549640121938e-05,2.7822060585021973,7.237557810237362,2.166264095505476,1.1863990370048227,1.1324586305555395,1.1867626130391207,1.0682515284637832,1.0466283530710705,0.7869004755856635,0.5540261429836164,0.5088126860194276,0.3757869014602667,0.27471278426124723,0.192480386428438
9750,13,1.1320549640121938e-05,2.2655868530273438,8.725557749671387,2.602733228726749,1.445386451805877,1.3111720561098177,1.4278117606667104,1.2635820008510776,1.1800874863414144,0.9264323044045589,0.666998912204154,0.5558272177227559,0.3846104173999355,0.2829886215346521,0.19352186155802809
9760,13,1.1320549640121938e-05,1.2466938495635986,9.74661766743507,2.7054306469403464,1.5713610220696252,1.5536333298272282,1.6454929240590355,1.4348596451782945,1.3265235933676902,1.0304461096776747,0.7395774207777277,0.6762604158093569,0.48334137249430736,0.3675898601093461,0.24591956936967807
9770,13,1.1320549640121938e-05,2.6405889987945557,8.498456199111743,2.299701304906268,1.2096626988987762,1.115694648967112,1.1765805919989023,1.0648046280908796,1.0149768875725793,0.8098465167433084,0.6447116255217117,0.5488847454478725,0.38423555078737104,0.294069886023729,0.19500468451264727
9780,13,1.1320549640121938e-05,1.9084346294403076,6.649600470598643,2.3024791739737838,1.276915888366562,1.2106389094818617,1.2370552306515534,1.1333789002674106,0.9947688689055189,0.7680290098477572,0.6285962879342416,0.5050234097487606,0.35390046603895536,0.27239449185300846,0.20431031228155233
9790,13,1.1320549640121938e-05,2.687265396118164,6.403071418481221,2.1865202663921686,1.2037948098042037,1.1330449133986131,1.1997751907305556,1.0842629143679987,1.0348840507584303,0.8843773480160947,0.6307925398612552,0.5445977070094652,0.3684392718148713,0.28603267848217223,0.18798400301504473
9800,13,1.1320549640121938e-05,2.4194674491882324,8.592585569331503,2.8823168663567342,1.5602667430880384,1.4895337866867384,1.537543803466246,1.3879322075507905,1.2817634464699925,1.0035261908960693,0.7734056199783962,0.6086928763059899,0.4507484785871495,0.33612341773119275,0.23836236765259444
9810,13,1.1320549640121938e-05,2.609821319580078,8.787340058789734,2.6915992592855345,1.367902444815573,1.2540557948923508,1.3723675389788086,1.2503355289319553,1.076331576486868,0.8921544152240174,0.6562040821616822,0.5243409964442374,0.3591774644531782,0.2525390059310427,0.19340782651330227
9820,13,1.1320549640121938e-05,1.855026364326477,6.24806957293596,2.2154683974354086,1.1693623411077758,1.0980887373673593,1.146259595590151,0.9743288245611245,0.940471072367354,0.80784636182567,0.6038502998110187,0.48622558309948116,0.3417977476481384,0.2578255662304483,0.17654667041592362
9830,13,1.1320549640121938e-05,2.308151960372925,7.217519044623157,2.7434816436043254,1.4678030251972887,1.4425364618419145,1.5154338828430518,1.3103015693241262,1.1783580328522891,0.9602082316041071,0.7246223336327691,0.571563338589137,0.4207709631193801,0.2996094534517135,0.1951894907559924
9840,13,1.1320549640121938e-05,3.1701722145080566,6.808483744940309,2.7841279636517124,1.4604513779470871,1.4013414742980104,1.4534433404961205,1.282009600703305,1.1231591943752486,0.8864150872060347,0.6780492470231941,0.5330470458293263,0.4021924032535444,0.30112071778610683,0.22151978262630798
9850,13,1.1320549640121938e-05,1.9892950057983398,8.652456645494233,2.8778040183945905,1.5230482422938596,1.5008865239005096,1.5600814409664947,1.348152845111642,1.2473221939815136,1.0265450488452201,0.7887445258819707,0.6606638533901649,0.46157438539724754,0.3911041837155377,0.2540719248935035
9860,14,1.1175579077660684e-05,2.579303741455078,5.993425350426884,2.148863469622497,1.1716465270199503,1.160272338963141,1.1989226146826726,1.0275740303911556,0.9768118758607744,0.7843718806740979,0.5779143619367098,0.4761439935509617,0.3627516112682029,0.26244819954433773,0.1763962655436689
9870,14,1.1175579077660684e-05,1.8149914741516113,7.5766710835370965,2.6978919823942724,1.3669121543957665,1.2944476436194614,1.3580329330528222,1.2002562050779304,1.1252860419101274,0.8932819965432505,0.6810178397726624,0.5745983079554868,0.4212043908443275,0.30506843274169476,0.20308578417144316
9880,14,1.1175579077660684e-05,2.0951218605041504,9.087284228307917,3.105242632831895,1.6459494806310586,1.6446722614650395,1.7372666024116576,1.5245597586143935,1.4150316043514721,1.1640009476137114,0.8534203315709493,0.6785983590187276,0.47826286793102063,0.3602067433948953,0.23705615699600316
9890,14,1.1175579077660684e-05,2.9748690128326416,8.157269630778295,2.645621987914841,1.5148407496693561,1.4187270879963187,1.580003621029273,1.404293597093034,1.254237998607299,1.0397216599515002,0.7864858206897177,0.695966215747971,0.4800330345988472,0.35583212572341516,0.25314878161210913
9900,14,1.1175579077660684e-05,1.7026631832122803,6.7741472859696055,2.385935668097429,1.3724652237360904,1.2890614871270363,1.391763584091189,1.2215055500060232,1.2200748459341877,0.991821757595245,0.7316217221093454,0.6170069506566123,0.4226783245919649,0.3060548696181437,0.22376602192958106
9910,14,1.1175579077660684e-05,2.9930849075317383,7.807962277830042,2.4999681625583454,1.3354721512603827,1.2394279996227187,1.2913573853274605,1.145501174299282,1.1320636264036696,0.8976507784101884,0.660290980045781,0.5518223780548991,0.4003578692178181,0.2783717217611498,0.18955169934048463
9920,14,1.1175579077660684e-05,2.082832098007202,8.433175297424974,2.7642374326707273,1.56479825240648,1.4788795435947122,1.6780323425516663,1.4811650793737554,1.3620981072726297,1.1812957870772285,0.8124603958586797,0.6684569722712231,0.47410769689504384,0.31011515956387015,0.20395245134640824
9930,14,1.1175579077660684e-05,2.2670867443084717,8.754725200422254,2.9311036509281063,1.5523801562626054,1.433490669440134,1.5547251501733133,1.3984775663800102,1.3316053184370427,1.0530049506164818,0.7893478795276021,0.6977046105341429,0.4761954580422357,0.3616515663670691,0.23815577025297383
9940,14,1.1175579077660684e-05,2.271493911743164,6.780456497875973,2.3671116220342183,1.2791542642125333,1.2385291815592017,1.3143140836126483,1.1447938871862227,1.0797441802936971,0.9005943771517578,0.6801841005077904,0.5460829023087082,0.4182915352475699,0.2848202960737527,0.19422285259057573
9950,14,1.1175579077660684e-05,2.108347177505493,8.484124318677555,2.9674176018178993,1.584957636636874,1.4521786769623373,1.569860519227523,1.4320124942367611,1.3339303554188098,1.1512639903370137,0.8374943321326839,0.6842012812307898,0.5182476112249222,0.3864527203001318,0.27039259799366455
9960,14,1.1175579077660684e-05,2.031235694885254,6.349075063188142,2.2056881097839405,1.1790038902451678,1.0792109296200156,1.1736075369630234,1.044847817740635,1.0041110246011828,0.7802187185780469,0.603174362360765,0.4749995372977342,0.38422521409674043,0.28500969884905186,0.19107634530301276
9970,14,1.1175579077660684e-05,1.899437427520752,7.127934663176649,2.135679587880948,1.1426657639265216,1.0486553862822912,1.0915948552355845,0.9964251401032029,0.9794844790232135,0.7185711872729923,0.5778411711269059,0.4416476974934353,0.35523947624429725,0.2626264126542242,0.1772522784475595
9980,14,1.1175579077660684e-05,1.5589747428894043,6.277065691556166,2.1531010696840416,1.175339643881251,1.1199434521319667,1.180410013445736,1.0205385998024303,1.0574970082279653,0.7871238057086978,0.6225621809341829,0.49836526301405165,0.33999914089703304,0.271902753918709,0.1895437870430222
9990,14,1.1175579077660684e-05,2.771550178527832,6.243310522985355,2.091403488231322,1.1625806971404111,1.0941748589262863,1.1507676624724776,1.0702283646962507,1.0047369460167352,0.8034703886671352,0.6172208430587451,0.5408596426775982,0.37187216872379,0.28021533803564236,0.18639047790688046
10000,14,1.1175579077660684e-05,2.211087942123413,11.122588106985113,3.172713093861838,1.7647223616430725,1.6995119781471475,1.8078674809398179,1.6034259968202982,1.4951576596739755,1.1929831663828359,0.8933985920274454,0.6946742103481678,0.5166142796817459,0.3496288679329617,0.24568421984480285
10010,14,1.1175579077660684e-05,3.1979122161865234,7.802878351798402,2.7497858676705658,1.5842863567387848,1.4631651484216575,1.5900353500334352,1.3804345886096223,1.3571733249429527,1.1053177765269642,0.8245334689110249,0.6565269809875621,0.47858982681675794,0.35347960457305516,0.23717756524892597
10020,14,1.1175579077660684e-05,3.117324113845825,6.075746732528387,1.9539126657964305,1.0816364098684619,1.0140597288727276,1.053528411233123,0.968530362862042,0.9430215744565841,0.7467925447016391,0.6098234526531365,0.49262276512041026,0.3371595886280208,0.2510902218807081,0.1810286384019627
10030,14,1.1175579077660684e-05,1.7794357538223267,6.398918586390334,1.9985703030728508,1.1596006252159994,1.0819025244314988,1.1708844749665723,1.0185118864511737,0.9897736478850627,0.7363887928502542,0.6035519906162513,0.4696677007122951,0.3262199212510352,0.25524084094226646,0.18573638354844813
10040,14,1.1175579077660684e-05,2.7340288162231445,6.76238240871714,2.3802101593022855,1.3318024345096624,1.318507668755603,1.4418869265411665,1.2733157072482038,1.1794809476784631,0.9743618802899655,0.7006650295751571,0.5594368060292787,0.4281001809673417,0.2878518449861223,0.20784900432399286
10050,14,1.1175579077660684e-05,1.6226375102996826,8.222633029833819,2.8922265466450243,1.5295884939216813,1.3985034582056155,1.4849813208817335,1.3578282026092585,1.2964128973395657,0.9809551355074584,0.7622132405891705,0.6364293117768791,0.4159475562787699,0.34161924683151784,0.20731892088029716
10060,14,1.1175579077660684e-05,2.406587839126587,8.015767691054057,2.7224908170178863,1.5007216072049685,1.4101918556481354,1.4390551429041698,1.377287891711612,1.2854361290845036,0.9934549272336928,0.7977196602518274,0.6604627178033379,0.42422130669641755,0.33850773612493584,0.23098677224972292
10070,14,1.1175579077660684e-05,2.297545909881592,6.42005202992189,2.2027899884196867,1.2183369819215843,1.209883465073367,1.2611729307716502,1.131741258915975,1.0278344776567307,0.8265396443100761,0.6771965403763183,0.5595943571069362,0.39900623043960487,0.28313025844396533,0.19552348585149137
10080,14,1.1175579077660684e-05,2.3049545288085938,7.013148936828993,2.344529707451743,1.2999968932528323,1.2565985148459482,1.3803382251816723,1.1780510108634024,1.078573889847369,0.8057819819220662,0.6968106563739105,0.5278791395617983,0.37063169989260747,0.321027000161816,0.20434887064758467
10090,14,1.1175579077660684e-05,2.0739247798919678,6.8727044687039625,2.1381079844180926,1.2352011485018812,1.2002482114264408,1.323441344006683,1.1607570930125204,1.0260654779936933,0.8148198760313037,0.6273036683205517,0.49336237146133444,0.35089598390283805,0.2930996845416305,0.19696908496577145
10100,14,1.1175579077660684e-05,2.346210479736328,7.8177617053863315,2.5345547519523786,1.31695192518366,1.2304988538563932,1.3395145736925849,1.1863766076662707,1.0980734688974927,0.8689271171975561,0.6187250922340741,0.5586714843138801,0.3960133194208531,0.27667195813241713,0.20238750222524698
10110,14,1.1175579077660684e-05,2.055802822113037,8.968508391761983,3.0044784307312153,1.5156163844159884,1.4447872735703544,1.4958473173523632,1.316440561974746,1.2941554007042397,1.0450924354449815,0.7962319855004812,0.6363907392508051,0.4568939197996243,0.33673896459912633,0.23201729637360785
10120,14,1.1175579077660684e-05,1.6720995903015137,6.835979629426828,2.4663212813997153,1.2938073145856601,1.2140926261457117,1.2896303268260372,1.0644237326689312,1.0465272355397848,0.8502828889485712,0.6596759309956994,0.5274708631434345,0.3434390992492411,0.2689416506287384,0.17558766665645856
10130,14,1.1175579077660684e-05,2.744174003601074,8.020410996572364,2.6480121763336038,1.434487166033662,1.2831678140693938,1.3421216419685709,1.1875549172783344,1.1107363811324682,0.8995160860644504,0.6637324231672795,0.5251970245688679,0.36601270049995804,0.2782932930140685,0.18897280427981963
10140,14,1.1175579077660684e-05,2.271519422531128,10.161218952127713,3.9963371496032667,2.22535831797876,1.9784825937483128,2.1374458444453786,1.8840924311835616,1.6792300678133258,1.315193055865965,0.9892640832064905,0.7414100962340993,0.5436357779802989,0.39189259962995626,0.2431452743572169
10150,14,1.1175579077660684e-05,3.0560483932495117,7.660914095367942,2.7783187318241773,1.39839260415141,1.3157639182187808,1.3462595889183702,1.2383932866450993,1.1489594353558026,0.8835475156532008,0.7104044148249427,0.5672187809793655,0.40385043284040956,0.2732917917100251,0.2024127258400712
10160,14,1.1175579077660684e-05,2.7976620197296143,6.418251792496868,2.2097086293377037,1.2049485567851066,1.1834338876858785,1.2731130587796584,1.130898518695025,1.0184468535177316,0.8128599319054018,0.5576774120468435,0.5195805281068249,0.3444618387935578,0.2425548995702937,0.17138635710193867
10170,14,1.1175579077660684e-05,2.8141188621520996,6.361020177463367,2.2736156726034142,1.2084987208068114,1.1834377769160724,1.31796638441778,1.1754264208142253,1.0675867600895752,0.8738674300799466,0.6126363675400526,0.5029607637976719,0.3604934142348758,0.2630830106463401,0.17782074207001233
10180,14,1.1175579077660684e-05,2.0961718559265137,8.847423483444171,2.8659629859122324,1.551916373497566,1.4936630442165266,1.6220051378895286,1.4208754724436086,1.2989598989975657,1.0650573338438036,0.8006924603974273,0.6265081810994922,0.43148026405450457,0.3226339368337059,0.21276488954307124
10190,14,1.1175579077660684e-05,1.4029133319854736,6.71467071608551,2.244613174925225,1.2996407835818407,1.2004455510634915,1.306934111638235,1.175447661434626,1.1074873992359069,0.9216634981110714,0.6581934818661904,0.5778153510450419,0.40161228166683677,0.31059592151173615,0.21872801233555528
10200,14,1.1175579077660684e-05,2.0489089488983154,7.431757989313274,2.6953604471262893,1.4596668264123993,1.337142851853544,1.5380596958487662,1.3375035094834569,1.2446578222925981,1.0214340633593617,0.7751274509280202,0.5887761631499207,0.4508330814460523,0.30386418444116736,0.23325262093173282
10210,14,1.1175579077660684e-05,2.305408477783203,7.437794302056553,2.7276513439010497,1.2975696524804972,1.2531901069035651,1.3847123354255768,1.2602294843900175,1.2272059029097737,0.9483002884858022,0.7575823730743647,0.5848711849475299,0.40384094955046435,0.2985847839345397,0.19536283532908993
10220,14,1.1175579077660684e-05,2.5353546142578125,6.0344731939870115,1.9818786909331825,1.173434902412221,1.104198781634425,1.1786096626602396,1.0359706758405247,0.9835973594250763,0.8202228144809552,0.6026065312771115,0.5033349666598882,0.3944367253184187,0.26662465487466425,0.17982146390866302
10230,14,1.1175579077660684e-05,2.1884822845458984,6.820447353514533,2.4923268251040844,1.3134546067129353,1.2571920766648317,1.3640993138597457,1.2144327493690028,1.0829346055117182,0.9055825034632168,0.6821602376751603,0.6094552817174446,0.41636530193867244,0.3032828623829574,0.20550650466758405
10240,14,1.1175579077660684e-05,2.3247132301330566,10.109327571051988,3.44178000801248,1.8781924878734026,1.7118176123954159,1.8441581270576783,1.640845616016914,1.4680519486572914,1.146483371887406,0.9031313723714492,0.7147916714352481,0.5038738332246441,0.35426719018043934,0.23642469259995474
10250,14,1.1175579077660684e-05,2.6135730743408203,8.042355239854226,2.8814388794673005,1.5979871307781977,1.4774992052661782,1.5675184335294463,1.4038826522158399,1.2928232785717395,0.9914613241026178,0.82014025709864,0.6594451455438332,0.482335026012717,0.3266620085632146,0.2164788604521267
10260,14,1.1175579077660684e-05,2.1689324378967285,7.6135991068399616,2.8397002996005454,1.55384265181316,1.3545197589228146,1.4819242750303774,1.3155363322037046,1.2472687307761385,0.9950362491728881,0.8159072568314826,0.6179470221538815,0.4692225736823868,0.3313800417979335,0.22983914559999272
10270,14,1.1175579077660684e-05,2.740633010864258,6.912386500928856,2.479690388697333,1.4665517502183376,1.3169287264128597,1.3879458542926133,1.2313488945728626,1.1462998805812803,0.8768666851605056,0.7039179576089586,0.5639816883129163,0.4089465773441687,0.28461970925839275,0.1865896945359684
10280,14,1.1175579077660684e-05,1.8181723356246948,8.150493180984007,2.7825221082960914,1.5082412497577131,1.3881058957994723,1.5575289599624587,1.3276737880468408,1.2475966700157446,0.9639202808905496,0.7844205873174888,0.6108167158047194,0.4529590719653683,0.3233538234252547,0.22395090513199792
10290,14,1.1175579077660684e-05,2.44016170501709,9.068620011056638,2.8996249643393432,1.6927597622631514,1.5801317419495162,1.731201329968937,1.5613284328474466,1.4073859656496244,1.1160427348075743,0.858034557627541,0.7237607848948481,0.47764532597190507,0.37594469784674817,0.2525464132418619
10300,14,1.1175579077660684e-05,2.0447444915771484,5.477657077693536,1.9650901505202185,1.0856331963958386,1.0234321143108949,1.0734280357753099,0.9686976977805483,0.9339000952251286,0.6907499436342414,0.5607516548536391,0.4532994435679095,0.33450992981397226,0.23802085712089688,0.18648180974259534
10310,14,1.1175579077660684e-05,2.815769910812378,8.178081988978926,2.6508798310715105,1.4963933779125123,1.3996408285907074,1.501338175803723,1.2842315077298103,1.3058359849472805,1.0291017775272122,0.7910001154158377,0.5892831883895971,0.42395210459617266,0.33552345973743875,0.2135518939313228
10320,14,1.1175579077660684e-05,2.284454107284546,8.413752298750238,2.527376462224554,1.349630541232648,1.2164136771046243,1.2888553174847246,1.153928229784297,1.0535550428076232,0.8621504549069742,0.6751320678852838,0.5720524668723451,0.42858811224418286,0.2983632375095565,0.21512273958821354
10330,14,1.1175579077660684e-05,2.12180233001709,8.69653501971973,2.640595744846668,1.4071416041446725,1.3368084207399111,1.3831862804594393,1.198013383014283,1.1219561487407377,0.9080580554805395,0.6658679472967204,0.5339155545046242,0.42881120333022626,0.32011942967278184,0.21159296919568235
10340,14,1.1175579077660684e-05,2.3998584747314453,8.528176276658089,2.595173766124183,1.2700573434291849,1.206666938281458,1.2022745741144956,1.083666646552213,0.997100194937191,0.7586056262731157,0.6189976417548825,0.47815314088279115,0.3669013379795844,0.26005083241319715,0.17590055725772058
10350,14,1.1175579077660684e-05,2.9546821117401123,7.72351284693802,2.5600350312195075,1.4937428957173413,1.4168384965988488,1.5055909242595793,1.2969550596389614,1.2258276240636319,0.9172438195352021,0.7685141908234586,0.6404872075341044,0.43528887752454026,0.311543189740971,0.22236837787168293
10360,14,1.1175579077660684e-05,2.3194360733032227,8.25370361403223,2.9798041806549627,1.6196871709794525,1.5167771263974286,1.534901713690572,1.420069289249783,1.328469504712545,1.035668704557536,0.8101806104210121,0.6376854500571104,0.4615721356152271,0.33504181523563736,0.22261639447822906
10370,14,1.1175579077660684e-05,2.870502471923828,7.091076999722836,2.3251245707113903,1.3401052505689524,1.234079692272283,1.2693069040045795,1.0910989875083077,1.0291800941389726,0.7961843317013906,0.6554023244768489,0.5416783514673749,0.3814107855561378,0.2913498343360442,0.1925262403162769
10380,14,1.1175579077660684e-05,2.661682605743408,5.885811095503028,2.1447551070243684,1.1482436731095784,1.1088047384018396,1.1862083056066177,1.0387612087924751,0.9383958796095808,0.7480519336645023,0.5719230764452063,0.47092494807743746,0.3189781131456884,0.24129176351935644,0.17515577392889098
10390,14,1.1175579077660684e-05,2.369234085083008,7.736616962135605,2.431364357911585,1.3550587599276605,1.3001473721017915,1.3838226925294066,1.218920260667276,1.152965390027441,0.8751820287851481,0.720163530849407,0.5856894565186789,0.44017180829412617,0.2998774731608484,0.21388928335174712
10400,14,1.1175579077660684e-05,2.1508564949035645,8.970439693787316,2.8440077397843884,1.4782920539867581,1.4160311329748771,1.4478113761691676,1.2871029977620576,1.202928892525328,1.0193702527359911,0.7841574305462798,0.6096151171848155,0.43565393730503876,0.3054637913223035,0.22425471886903287
10410,14,1.1175579077660684e-05,2.282986640930176,7.727691695012901,2.8055251142424615,1.4137332511997889,1.3235320898911487,1.3764747507928619,1.2121515841701922,1.17613409205625,0.9063128196330219,0.6990911132971566,0.5635024241242963,0.40321899056419475,0.2932751318207652,0.19582803045162994
10420,14,1.1175579077660684e-05,2.4702446460723877,7.11908958603375,2.524888060933631,1.4041739896534648,1.3106052741032783,1.389651383800962,1.2130724043329055,1.179456366440827,0.9065119826495406,0.6802685878921024,0.543045757787045,0.3590986661892382,0.2641839212316628,0.18999978662832182
10430,14,1.1175579077660684e-05,2.11407732963562,6.9254730240897056,2.4431893539106935,1.331205472238561,1.2546376838919584,1.3207662647407747,1.1515703123985692,1.0901374504868728,0.7888743035356949,0.6423378928623629,0.51026678657274,0.37398610410876326,0.2660774155385656,0.17637160759808684
10440,14,1.1175579077660684e-05,2.6568832397460938,7.10884068123857,2.5673765248824365,1.4208973821491897,1.3176586374555577,1.4777937816166884,1.350804504247765,1.2112835497193675,0.9940183949268366,0.7281854236604788,0.635313064286636,0.4386056557942293,0.33178732886826423,0.22185306331378687
10450,14,1.1175579077660684e-05,1.8062317371368408,7.053937372298899,2.26764688997335,1.2685011138149593,1.2149562787888897,1.313508560254456,1.1962817233819047,1.089742454876355,0.8606754739801191,0.6280631628347132,0.5385542100434003,0.3896866141740358,0.26642820702569625,0.1981385688869661
10460,14,1.1175579077660684e-05,2.584563732147217,9.04952935151615,3.0674987439620116,1.730412824298317,1.569502229264861,1.6994760458098264,1.4546189428506824,1.264757886890266,1.0068977608521268,0.8791751448088074,0.6754197993594224,0.45994840924138064,0.3459790212972137,0.22890477530443862
10470,14,1.1175579077660684e-05,2.0062942504882812,6.540670555276702,2.35224622454318,1.322123476217091,1.2592159620656855,1.3831652621789596,1.1836964615588865,1.0380288036281198,0.7552592504540158,0.6932775372954898,0.4856146118621723,0.36371778139664,0.31573740006916784,0.20591734342108606
10480,14,1.1175579077660684e-05,2.8823676109313965,6.265477380657322,2.044550152114744,1.0720500268010955,1.0048478978935214,1.0306192117555915,0.9674934082723244,0.9497153057253375,0.7364756186999124,0.5731618251594707,0.46369581790547876,0.33544665425740516,0.23779322118991764,0.15488272305260664
10490,14,1.1175579077660684e-05,0.7402870655059814,8.494188843865013,3.2090354387962168,1.7748284444713684,1.624033721867179,1.7914448431654717,1.5261425386612684,1.4974900721636304,1.1678727212626878,0.8700265340553867,0.6239010310410035,0.48256161488243693,0.36679532174683954,0.23016432566518197
10500,14,1.1175579077660684e-05,2.078338146209717,7.517192161445425,2.5863241519499196,1.4221864760915681,1.3411221476175466,1.400474737596097,1.195549042730939,1.1206371615588524,0.9067825384642585,0.671893802208372,0.586858313842788,0.4170315354356578,0.3054064542010053,0.2116785228326788
10510,14,1.1175579077660684e-05,1.9131572246551514,7.629373422360573,2.3800188485583154,1.3409056738901932,1.264960201301491,1.3060528257150146,1.1679961582712868,1.0442478996548337,0.8634112423427239,0.6305376862542846,0.4913069937946712,0.4143169035607026,0.2707995267575342,0.18616937802377367
10520,14,1.1175579077660684e-05,2.214592933654785,7.332585529790915,2.5001756648749702,1.3951736031894937,1.2912809099432332,1.3751391784375826,1.1600883126009616,0.9954555548364741,0.839683746128029,0.6610658748726588,0.5058800747417449,0.37826312052379174,0.2848650503716513,0.20135447262939946
10530,14,1.1175579077660684e-05,3.328449249267578,6.6062935632362105,2.067438783065921,1.1030916846125591,1.0125339130647222,1.1084768808173235,0.9827669400683179,0.9512648750337122,0.7443253704280155,0.574978933542362,0.46320005488713556,0.3345713837941299,0.23598874759699745,0.1834244313037986
10540,14,1.1175579077660684e-05,1.7023801803588867,6.778915059436939,2.6106552495428885,1.4675518959741014,1.4085288233294433,1.5189904290389096,1.283615860422366,1.1453016645109362,0.8773147479021339,0.7462602602533143,0.5937968873238197,0.39597405536205643,0.28986799209064895,0.1843328208259009
10550,14,1.1175579077660684e-05,2.875873565673828,8.410723685229366,3.286707631355622,1.6554345993127975,1.4913767800172117,1.5432322026919585,1.3694476606085466,1.2628074953052593,1.016617791717524,0.7727369520730557,0.6433000008211311,0.4563536487870865,0.3308576595966262,0.2112685343070274
10560,14,1.1175579077660684e-05,3.045320987701416,22.090989406504526,6.600869976101885,3.4358547887248587,3.1203914564322885,3.1173376212146566,2.2411478270577168,2.142087649871328,1.5978861964056503,1.1877141010295027,1.0132258919710946,0.742522991187134,0.23848887248065578,0.2804042916402203
10570,15,1.1015159809497865e-05,2.9350311756134033,6.715090358645283,2.271792231725201,1.2993170657088131,1.202938234959569,1.3243075773921156,1.168127719844675,1.0531249172991048,0.8429593540798284,0.6497860505273473,0.510016310634515,0.35492933077883193,0.2579815112080505,0.18836572996906287
10580,15,1.1015159809497865e-05,2.996845245361328,7.777923042585595,2.848938810786154,1.6004712568916533,1.4645397656056922,1.5309078314701379,1.3953158850466272,1.2299026280039131,0.9756984326182588,0.8023885671268066,0.6032945261655667,0.44778408441502765,0.33764866793216763,0.21345901065313555
10590,15,1.1015159809497865e-05,1.928941011428833,8.250677167995121,2.8667676125533323,1.5920241298439626,1.4489052971464849,1.5619846238905826,1.3741022951899133,1.2738267859455834,0.9845657569889922,0.8252804603694178,0.6201017683610901,0.4803466103431332,0.3144774070549119,0.25935983875909235
10600,15,1.1015159809497865e-05,2.239635467529297,6.710615273498938,2.495801431063918,1.401051169037539,1.3104455812972151,1.3829066767199936,1.1632836925154184,1.0929516653560376,0.8463091589158507,0.6447566311781497,0.5362683466109137,0.38043277320102675,0.2672638954513016,0.18177212320981098
10610,15,1.1015159809497865e-05,3.078770160675049,5.7587786676733925,2.217657896476785,1.1965415325197895,1.164315864422866,1.2175868709233346,1.0811893361431193,0.9888394034608122,0.7790950685537984,0.5741015823165264,0.4799081182163197,0.33155310565309176,0.2433748912370594,0.16729121229392963
10620,15,1.1015159809497865e-05,2.4803433418273926,7.57358153242536,2.7061652980807698,1.472850636267162,1.3399888231965544,1.4476069560945923,1.2508486375632615,1.1205800845064624,0.9110132150620934,0.6725858145521307,0.5650712962669485,0.4177649945729764,0.2973960868608957,0.20436960398203485
10630,15,1.1015159809497865e-05,1.350480318069458,6.985098033812343,2.4346917237395425,1.2677562197889756,1.2042368325014188,1.2888978456510656,1.1492275059775985,1.0947925278069381,0.8767421233585372,0.702816157485691,0.593690134520176,0.4098199946859266,0.284696718053635,0.18992898063097283
10640,15,1.1015159809497865e-05,3.039708137512207,7.409326750185736,2.5254599995665212,1.3526206176468727,1.2499805537402469,1.3229553117993318,1.1574710442958516,1.125726143294749,0.8847321696570003,0.6563137352693738,0.582962937292564,0.4090396269503837,0.30025006744120836,0.21340596127987746
10650,15,1.1015159809497865e-05,2.285670280456543,7.556266876377028,2.732749209172403,1.4664529261315893,1.4316804660035491,1.5382695100621109,1.3606713658824245,1.2518306623371762,1.0525056251952079,0.7624620276491186,0.6202677300315063,0.3966243714858649,0.3010139345501834,0.20486777878837986
10660,15,1.1015159809497865e-05,1.5379865169525146,7.340056150653505,2.3907082034830913,1.411824309168853,1.304606435186992,1.4767440595064942,1.2542606297512753,1.2050837624197168,0.9570552640755804,0.7387476568586695,0.5864688283616845,0.4451529207855463,0.3044692504636365,0.20698769923587365
10670,15,1.1015159809497865e-05,3.6928725242614746,7.632172388428626,2.6870430384091666,1.4600982267758498,1.327004102223261,1.4047138994206767,1.2023739399288393,1.1919035788149308,0.9573654301894585,0.7461453146957578,0.6504499407190966,0.41744682347842926,0.3213786526785249,0.2138478514932158
10680,15,1.1015159809497865e-05,1.624137043952942,6.14157997850071,1.8539124116082975,1.0281082970380933,0.9489716681488068,1.0161224248792982,0.9041492290164125,0.8447660261149512,0.6566495927789064,0.5148866733947377,0.4231321890484351,0.2897016064501729,0.22057573584478865,0.16506575416271688
10690,15,1.1015159809497865e-05,1.1087021827697754,6.241152829975828,2.206469732478843,1.2192814404313927,1.084584623041788,1.1807764121317719,1.0558940438192201,1.0433196649778036,0.8007782874982976,0.5921976451114169,0.5084926105359797,0.3527037704312849,0.2659049757250134,0.182520668567818
10700,15,1.1015159809497865e-05,1.5916740894317627,9.302562467612619,2.8476096692432313,1.4813591675121236,1.3656157709235468,1.4676836562592652,1.289418054059226,1.2304135988686977,0.9866377216402897,0.7444752718774845,0.5966309982068795,0.4203391345704324,0.307304641447974,0.2135297145635779
10710,15,1.1015159809497865e-05,2.8462910652160645,6.44856128355513,2.0158398560410564,1.2072650888854928,1.1119999767650903,1.1900374886413954,1.0025606003094971,0.9743654061098409,0.9138816513681923,0.6046912032768839,0.5295973350210096,0.372148460741705,0.29111773035832317,0.1802788699393683
10720,15,1.1015159809497865e-05,2.0526795387268066,9.357680517465901,3.25464450394126,1.6571101056841617,1.532049194871691,1.6022740570801184,1.3389190700012288,1.3202454622833315,1.027267074757711,0.7503529195124594,0.6630377677413127,0.4627606343872273,0.34073690375547605,0.23162229577619595
10730,15,1.1015159809497865e-05,2.7392470836639404,8.966810339783901,3.42706434450984,1.886854393124744,1.74656472795424,1.907525782209212,1.7231315418812083,1.593473396658064,1.2081932900355623,0.8746412236143282,0.7696496563433983,0.523611212160757,0.35662223728178577,0.21997530350031713
10740,15,1.1015159809497865e-05,3.0634853839874268,7.027642556274869,2.506840526821251,1.3074669395852156,1.2608830453289344,1.3579558146978365,1.196883347533305,1.1620906988489448,0.8728692933526574,0.6930506654128147,0.5682192898807956,0.40844669254891813,0.3153183274243316,0.21876210781881233
10750,15,1.1015159809497865e-05,2.736478328704834,6.28014205989916,2.2135547952570898,1.2442514518129497,1.1266497884462876,1.1535389224007484,1.0358436009329552,0.9974393894458773,0.8358624242826884,0.5981267144082237,0.49492030212980553,0.359753482317329,0.28412261469973876,0.18270709002847738
10760,15,1.1015159809497865e-05,2.4249062538146973,7.288433019420697,2.3163588194135865,1.265703729492128,1.2214047450507604,1.3092070825138256,1.1693434453305152,1.0889263350839924,0.8530678771013759,0.6563609588296474,0.5276195997120396,0.35703906269278357,0.2826348207651022,0.19393600537942868
10770,15,1.1015159809497865e-05,2.86031436920166,8.689909647949102,2.879639666238979,1.5739711106422558,1.5013829523913929,1.54468489441464,1.347328901486464,1.2106911117886126,1.0835124457002367,0.7491441950863067,0.6412414812292574,0.4442079624884019,0.3221750244903395,0.22365115066902197
10780,15,1.1015159809497865e-05,2.9147326946258545,6.915195397397948,2.3501130318450767,1.3124548497471882,1.2347474906288398,1.3295257781799381,1.1301258616989167,1.0922107346978243,0.854730615738745,0.674375933583454,0.5600377953408974,0.39067507132814816,0.27136632099329394,0.20169016211046234
10790,15,1.1015159809497865e-05,2.5153708457946777,7.31688707124386,2.4758764463839196,1.330331975053844,1.2835318070801136,1.3655001397588704,1.182664891787145,1.123494188603869,0.8942336869659447,0.661290645474038,0.541837573591509,0.3964963535817622,0.27370943290689936,0.20007543395083743
10800,15,1.1015159809497865e-05,3.15155029296875,8.29699493734218,2.8309652403017296,1.5407266975249974,1.4261519253148347,1.5699021226090772,1.4274746074745972,1.349922361643223,1.0777250874928832,0.807445509948155,0.6510137188893089,0.47621436254840543,0.32296876889989123,0.2402673539731266
10810,15,1.1015159809497865e-05,1.5259634256362915,7.035777106043016,2.016001669582017,1.132763136464378,1.0874606252531476,1.1759727563556475,1.0444987623877124,0.972327110521607,0.7245457395381282,0.5590420659809093,0.4813111853002497,0.3395727594634706,0.24954322685520022,0.1739327306303861
10820,15,1.1015159809497865e-05,3.0009334087371826,7.644918217831356,2.7411429574163733,1.528836344324219,1.4473111022875875,1.5013204647638083,1.3090318569282045,1.220663287502172,0.9490444169650136,0.7220543149975934,0.6400766890625592,0.4375280398105574,0.30269105360587734,0.19123787439672355
10830,15,1.1015159809497865e-05,1.755089521408081,5.823675734269186,2.2166224962367274,1.1559758726760434,1.1165264076040278,1.1759996433267723,1.0797774173847248,1.013467667565865,0.7916146781434225,0.6464656338620541,0.5553273683437703,0.38913951352541754,0.25126395235945503,0.1832271068712326
10840,15,1.1015159809497865e-05,2.5750014781951904,7.81505588247927,2.7433193692410955,1.5236464400321381,1.4405332379782683,1.4884300808122661,1.4056847487240427,1.1864186836608397,1.0170041434612567,0.7817973091198892,0.583201352275125,0.46071167073773445,0.3127149596201553,0.2081627216469741
10850,15,1.1015159809497865e-05,2.7854228019714355,8.610706383564358,3.1133646269568014,1.617831982100248,1.4638198926969737,1.5315301703300377,1.3190180478607025,1.302515638330722,0.9927525688672406,0.8042785281018583,0.670484081762093,0.4462586176841281,0.3396087568775467,0.21089704621169159
10860,15,1.1015159809497865e-05,1.9629591703414917,7.320802871656734,2.401192330993266,1.313833241621737,1.2661091133774354,1.306946433342453,1.1884172828555164,1.087015010956778,0.8595290256427609,0.6600827922977041,0.5816556076799252,0.41494843610677823,0.30119586197513293,0.22018209598443472
10870,15,1.1015159809497865e-05,2.664127826690674,7.647395419046378,2.56290350281824,1.358696890109161,1.2964675702324884,1.3638243991241181,1.2498387040580152,1.172795834573981,0.939007092698018,0.7638844682867058,0.6155121108034962,0.43287929410238185,0.32875842718439646,0.25241288468812706
10880,15,1.1015159809497865e-05,3.0983245372772217,6.677102284396102,2.3051983392440345,1.269237292557283,1.2312019242903336,1.3209455085803412,1.2392192167524732,1.1501543870937612,0.8739692043149241,0.687249173659926,0.5765343986534058,0.42311576229948344,0.3163208180312427,0.22498325124155802
10890,15,1.1015159809497865e-05,1.267625331878662,8.451769667037615,2.5993573832776256,1.4228659318513863,1.297809378365012,1.4010380918836913,1.235588245855978,1.1597641546740396,0.8770684072670506,0.738884890933297,0.6212674706849031,0.4189859971421923,0.2906663140413762,0.20031824177951427
10900,15,1.1015159809497865e-05,2.6213340759277344,9.01439711159122,2.9419084829577367,1.7548631501044922,1.6835413537631694,1.7727562387434064,1.587425678219395,1.425111723739375,1.1235620952383638,0.9197444959103147,0.7028181734347285,0.540452355568739,0.38320863642748976,0.2546192685059011
10910,15,1.1015159809497865e-05,2.3511886596679688,11.617862342894098,4.363985983140511,1.8465630302285554,1.6505852511514205,1.583558772114364,1.3621162896776327,1.2458551071584103,0.9041904385601646,0.7425314380585389,0.6018725050739328,0.44297028549391626,0.33454286589630317,0.21907731396006874
10920,15,1.1015159809497865e-05,1.4509323835372925,7.425216945374615,2.8055002751718017,1.5958383513023375,1.5063651563039018,1.6200685795243157,1.369534467604892,1.2519480693582274,0.9429928248599285,0.7856736421526187,0.6124975818501358,0.42752787568485373,0.30273046793839115,0.200340591238867
10930,15,1.1015159809497865e-05,1.7602448463439941,8.84534892531109,2.918786913235791,1.6095591643249922,1.5876350325060378,1.7144530149262833,1.4908671120698311,1.3078615072838435,1.1083576623153182,0.8286029505011921,0.6445891799505206,0.49692286720474754,0.36518065843974384,0.23061688468579064
10940,15,1.1015159809497865e-05,2.151442050933838,8.420937663742874,2.574083828343383,1.3655998341312865,1.2995139776919586,1.3899600330528326,1.2253153251675593,1.1450835428158057,0.8266519060440705,0.6971321225564883,0.5460423276335706,0.41631360220638214,0.29114686018210834,0.1908644052909611
10950,15,1.1015159809497865e-05,2.2851614952087402,9.075226932159927,3.288481999867538,1.560137305564934,1.493497133842185,1.5561974959044145,1.3710928127760753,1.3810239836909541,1.0320735302648392,0.8092310018361837,0.6236658299302178,0.45015132721437645,0.32057148521130485,0.22354111670629462
10960,15,1.1015159809497865e-05,2.5806424617767334,6.6969052421924005,2.268485013218828,1.2265424374748428,1.1642679366073696,1.2246783099310639,1.1098135813491004,1.0460351331208446,0.8545493777712527,0.6683117237852466,0.49689320831367123,0.3642774648037505,0.29336428499420486,0.1916534326064774
10970,15,1.1015159809497865e-05,3.2762327194213867,7.337696473388363,2.6738309475222577,1.4879057997612999,1.3874487209399107,1.4286034649795205,1.2340866333275038,1.134572448869953,0.8752375356822009,0.7135020186487621,0.5804214956024638,0.4360192258834673,0.31556675629046843,0.22230876713884043
10980,15,1.1015159809497865e-05,2.3918561935424805,7.017003128626171,2.444694688485327,1.258963120189846,1.1983973373569883,1.2452506833295076,1.0830871978445644,1.0229047564102278,0.8363562258093137,0.6788582371130416,0.5305145747473441,0.3792979089026544,0.2794303326175039,0.19060268223171214
10990,15,1.1015159809497865e-05,2.8422789573669434,6.266279558261482,2.315073076055283,1.3150539618053818,1.2117023434856402,1.2995249377907612,1.1966481312681931,1.0896897554942702,0.811689625336861,0.6558601254363372,0.5076894714978617,0.39117510765734165,0.27344966662056974,0.18737487295630748
11000,15,1.1015159809497865e-05,2.215341091156006,11.396713206265579,3.0666754539032093,1.710302853018648,1.5943668901069765,1.6649600125590522,1.5103410444164103,1.5173169230609032,1.1008529923892143,0.8917655098159847,0.7004593374944923,0.5311652311383903,0.42423433333958,0.3000132339840295
10,13,1.1320549640121938e-05,2.6321322917938232,8.621745349963003,2.6351253114090203,1.381726477153694,1.2853300554915519,1.4138808199370798,1.205305880345278,1.1590641529015493,0.8986683040555914,0.697069791242657,0.5768400603078796,0.40358600943176914,0.30796888996082106,0.2092967278943876
20,13,1.1320549640121938e-05,2.707535743713379,6.215414850915476,1.9847715228224478,1.1265464725700558,1.082028989391965,1.2004077583943404,1.0246869155312788,1.0016554274871727,0.780471822863979,0.5725178928639708,0.47309317789680067,0.34032733140841126,0.25964878935591307,0.1839862564336132
30,13,1.1320549640121938e-05,3.038780927658081,6.277004958628716,2.141055858860433,1.1537644012935924,1.0774526234243358,1.179979540919948,1.0770979362268187,1.0266194273082612,0.8090096622192605,0.654060021091229,0.5387724036789819,0.38179818209570177,0.26039242013482344,0.18573721173467644
40,13,1.1320549640121938e-05,2.2020926475524902,7.482081499676663,2.591287682869214,1.4696883512873136,1.386477768973841,1.4572012753723447,1.2918207862746436,1.208136784681822,0.9642024220798908,0.7630756229475814,0.6231294507063768,0.42664304475135156,0.34924768201743384,0.2198517602055912
50,13,1.1320549640121938e-05,1.405733346939087,6.485904511083852,2.3342895620024144,1.1977430644489384,1.168922623214062,1.2396593493598458,1.1127323773312956,1.0903711460631613,0.8243109573635146,0.637976711857318,0.5440346836705794,0.34980701209859033,0.2671604257601904,0.18562173350655606
60,13,1.1320549640121938e-05,2.700216293334961,7.1797725584598595,2.3492984488833786,1.2158859975337275,1.269261207607944,1.4015833242936513,1.171625299151399,1.1003888505686117,0.8622234392169787,0.6429830311790149,0.543376514639559,0.40674211128655213,0.28558046963881795,0.20683122636508622
70,13,1.1320549640121938e-05,2.381247043609619,6.192443398232897,2.248239704119855,1.1855522649979693,1.1820400765058967,1.233175352605384,1.0634811459449995,1.0323705988532643,0.7812345608288374,0.6059913061003347,0.4972402583371857,0.32147338117617175,0.2537168333073547,0.1696002906647945
80,13,1.1320549640121938e-05,3.0536997318267822,6.404916609094075,2.4629036646750366,1.29476945334545,1.2116961004974305,1.320850044660922,1.2029917766299842,1.1495577122636698,0.8493863058203984,0.6878041931422566,0.5912002979375126,0.41467245907002726,0.2997899943189527,0.18898290124637296
90,13,1.1320549640121938e-05,2.4256060123443604,8.384691361207198,2.8050294012312174,1.5309685368886348,1.3836751060517174,1.5445391175398206,1.4004119033640043,1.3205031780332588,1.011432368495402,0.7709602674779318,0.7136142777655948,0.4811214935626134,0.3661259843915588,0.25333069814341247
100,13,1.1320549640121938e-05,2.628781318664551,6.134525187256917,1.9640309428188825,1.090903862085513,1.0445369203545731,1.1337142812067535,0.9678694264260495,0.9791781873604983,0.7412436862992702,0.5902308330363638,0.4840247946631186,0.32031899543208053,0.25401395776489377,0.1775668460296363
110,13,1.1320549640121938e-05,1.9213075637817383,8.553801146341831,2.533066664900237,1.4266753401752197,1.2758838487269166,1.3550558006013014,1.2116401017234122,1.0938873789609727,0.8967067504156807,0.7369831546504438,0.5921284127309541,0.4196407527748581,0.3086204759232039,0.21922710421887662
120,13,1.1320549640121938e-05,1.9012501239776611,7.323011693987928,2.5520276215853617,1.3449518546388288,1.2809034747240864,1.347330428340066,1.2213693528664267,1.1151797599870221,0.873966693659507,0.7260195074711974,0.5673252179609377,0.411454369382355,0.3033629701441734,0.19713550274750985
130,13,1.1320549640121938e-05,2.246333599090576,8.730038832499135,2.922815875479743,1.5202381400631828,1.4240212537422474,1.4382656798704605,1.3084369511216802,1.2125666072722001,0.9316995663420999,0.6668718738692502,0.6160468559479836,0.4534564806564834,0.313219774732398,0.19363583748227087
140,13,1.1320549640121938e-05,2.0898492336273193,7.860310568187526,2.507373364381521,1.3061438067772217,1.284274777954891,1.3453085311788946,1.2225311126184866,1.1487035487841906,0.9187130041602938,0.6628652335448592,0.6079447736599956,0.4060115138334756,0.30119845019442026,0.21685665483987773
150,13,1.1320549640121938e-05,2.769010066986084,7.781988653123514,2.6027112235360765,1.3864276427013449,1.1562875017634149,1.2445551194286077,1.0980606974034672,1.0018006176256653,0.7823764950232573,0.5815426224073744,0.4965377179007589,0.34422411170047584,0.2649248153612364,0.1833005355507648
160,13,1.1320549640121938e-05,1.898413896560669,8.819339686877097,3.0089860451370813,1.4729635402194958,1.3815548344860136,1.4587101813137455,1.2992579218799574,1.2661876057271972,0.9940389298906024,0.7604925349178914,0.5818832220797246,0.4165133603966703,0.32165442451977133,0.19189092018691917
170,13,1.1320549640121938e-05,2.237567901611328,7.917970212673441,2.63030165157995,1.5247978160080509,1.457410049679659,1.4393140733852878,1.2937531615694786,1.2592357774679719,0.9820671392861545,0.7822042218522428,0.6395878647331986,0.4704311763547433,0.34123643493415545,0.22462052588975492
180,13,1.1320549640121938e-05,2.354935646057129,6.334193022381652,2.270788033911839,1.2183442578635526,1.1627954360387778,1.2650880300086218,1.1255452815514586,1.0931105644117949,0.8934695103408697,0.6535583320811705,0.5505764542109837,0.3771102730452629,0.26700017937047926,0.18668667631109995
190,13,1.1320549640121938e-05,2.2957520484924316,6.478433899918175,2.685499707728939,1.4275006644667296,1.3182113718252713,1.420046272653443,1.1403738744829486,1.0456705367392338,0.7995382666668558,0.6243441078842303,0.5512405873008872,0.38042350548525455,0.2604808099905224,0.17106779304619352
200,13,1.1320549640121938e-05,1.2775826454162598,7.1091701475663855,2.2605634266371037,1.291643388166818,1.2155546890411082,1.3517154959683482,1.163252094923329,1.1100480060420854,0.9164825153159972,0.7053258918434286,0.6458749403130987,0.41978128252982655,0.33161321880111183,0.2174817631861668
210,13,1.1320549640121938e-05,2.1790785789489746,8.165758068102027,2.334408157872284,1.2409834212296222,1.201941927023998,1.230430472791881,1.0869410705659694,1.0645092424626657,0.8064956408552281,0.6505926102554186,0.5417609833392388,0.3581232445892264,0.2689657511796435,0.18315139083392504
220,13,1.1320549640121938e-05,2.2753543853759766,8.859741525675737,2.5718292066690864,1.4231131353879616,1.3453809597515942,1.4149733711856836,1.2463623890024242,1.1428523898432792,0.918815615881318,0.7511453640254631,0.588076363942674,0.4410669041264426,0.3219730869633244,0.20834859983992374
230,13,1.1320549640121938e-05,3.044527769088745,4.899296186200967,1.742278750500557,0.9807547688415997,0.9464014054197906,0.9692247533184455,0.8457987244660786,0.7935813229211724,0.6135532921688109,0.4639755746126121,0.40364239955743086,0.27091531295278315,0.20128097349922955,0.14986453960303556
240,13,1.1320549640121938e-05,1.8020474910736084,7.735670327817933,2.8871097066910387,1.5636074097707395,1.3115073048910617,1.4282626895306751,1.273469057800092,1.1348541796201486,0.9408855571144997,0.7277823531234792,0.6527299502200634,0.43986165959278817,0.2998949448116311,0.22844661365395189
250,13,1.1320549640121938e-05,3.099738121032715,6.392241218674279,2.573075197237566,1.3699954790534485,1.2253019963344856,1.368066373828034,1.1671032146734968,1.1292720210318121,0.8729737935798327,0.635925151311165,0.5684224820938962,0.3954104325762785,0.2883148536823431,0.21818460969641282
260,13,1.1320549640121938e-05,2.2566275596618652,6.459434177145638,2.249364137297854,1.2672093026632483,1.2230036316025763,1.2760634073339312,1.1481698383022514,1.1288202399796081,0.8747774549957833,0.6649775401829655,0.4999175148724561,0.4005324284237017,0.2807034100491154,0.19776037370581329
270,13,1.1320549640121938e-05,2.1370158195495605,6.816847878359037,2.4143514917000326,1.278655034100863,1.3336848270244623,1.4288533826480927,1.2374265416199608,1.1566158747987083,0.8824088317572482,0.7137923194165466,0.5819784093964011,0.39974588212113654,0.2880587256147736,0.20121836272772625
280,13,1.1320549640121938e-05,2.5132455825805664,5.631233504035534,1.7335050675006924,0.9355450608674152,0.8959201870566357,0.9496149751524755,0.850597408177437,0.8229798643577091,0.6081298249371984,0.4884271129246787,0.4119286467420286,0.28160412922764255,0.21760967863404954,0.1610199593284073
290,13,1.1320549640121938e-05,2.050569534301758,6.708546246342782,2.3381630018495394,1.197825264746529,1.1143583850529506,1.1826696739713676,1.0565778421601606,1.0125498819990708,0.7788969605263414,0.5877299379030079,0.5118767574568152,0.3594925551058078,0.25499584095000477,0.18919123386078554
300,13,1.1320549640121938e-05,2.0724844932556152,8.216677539173874,2.788076321834561,1.5719176354166453,1.5474043337101568,1.6243367512601965,1.4499008047843136,1.3710433901869747,1.0881716151948841,0.82395362037841,0.6827268815306382,0.4929010913481986,0.35296112558758325,0.2392887425250357
310,13,1.1320549640121938e-05,2.330533981323242,8.011476505251126,2.81576972720757,1.4992150175347936,1.378546936568841,1.446455183661447,1.2917803840797422,1.2326351429128735,1.009673258507412,0.7567047208528481,0.647560858409507,0.4227386858888342,0.3165616947692127,0.21888741843164242
320,13,1.1320549640121938e-05,2.9801406860351562,6.871938702433394,2.5355034570196207,1.3290780885077111,1.2856059569810128,1.355172128611282,1.1699011945055917,1.11707197165426,0.869322849400923,0.7244305877541176,0.5893248758350067,0.3773818612936879,0.2837701355780202,0.20115925229871548
330,13,1.1320549640121938e-05,2.5758261680603027,6.925982230480762,2.4839002777092856,1.4085732032038631,1.3584757840869395,1.5346715848303918,1.285472709515584,1.1837838418439224,1.007270761080659,0.7687219365973115,0.6039889044612096,0.4177939577160283,0.30081836171639514,0.2067024897070603
340,13,1.1320549640121938e-05,2.665083646774292,6.829193884898728,2.2350261035269576,1.2059278224763255,1.0814780837706925,1.1490110636808497,1.035520460290875,1.013208963467203,0.7998810997836225,0.5956477230210023,0.4949210872616004,0.3669677625412426,0.2627500072170051,0.19056972167585837
350,13,1.1320549640121938e-05,1.7926793098449707,7.872203534644258,2.694648933371216,1.3721809614206062,1.3585311124384138,1.4024955708338747,1.227473855064873,1.209668063857587,0.9747823959346897,0.7478219808572852,0.6246044466328015,0.41214557276673863,0.31234247158193656,0.21080793538326872
360,13,1.1320549640121938e-05,2.278714656829834,9.340227106040087,3.1451981676083296,1.739327264396542,1.6799598518789132,1.655086578804918,1.3038798186666412,1.691233496352222,1.3801713607072266,0.896801958862824,0.7071664790291984,0.5020201780732468,0.37450047466912356,0.24561212302815907
370,13,1.1320549640121938e-05,2.017024040222168,7.442595648437485,2.6116086367979667,1.4614923127382278,1.3674690573146107,1.4498941716527627,1.2647992301943825,1.2488601946543434,0.963477006331573,0.685997474341242,0.5584449428922551,0.4279969220521867,0.283699381477891,0.20577067787759146
380,13,1.1320549640121938e-05,1.9378681182861328,5.836203357527802,2.154759179449167,1.1205114107249143,1.0502991440473757,1.166820264042247,1.0363316243669474,0.9407428809206493,0.7952575830895607,0.5921364111584684,0.4840243561736402,0.35198832937469043,0.26696917739982157,0.18479998989948207
390,13,1.1320549640121938e-05,2.299865245819092,8.441227150967167,2.729592150783789,1.41191725393471,1.3313335613194919,1.4024850466708,1.2317175848255777,1.192807008178883,0.8817272102006388,0.6994075406437104,0.6019789067377106,0.4115710667870925,0.2959438851456219,0.20726941145660766
400,13,1.1320549640121938e-05,2.6203980445861816,7.9449290274769195,2.550953517214928,1.2771791980676437,1.2691013445496324,1.3755066893135965,1.2192478320154827,1.1239572056482654,0.8885161073294672,0.6624238348659297,0.5653029969012581,0.4123969852218068,0.28608336528143974,0.223891834502967
410,13,1.1320549640121938e-05,2.3182177543640137,7.596785938073084,2.8157588477170905,1.5528079851789218,1.478874169367977,1.4838558990824664,1.3376695789030855,1.268928712843264,0.9934694144036768,0.7491531289321999,0.6486537915123086,0.44522008181874245,0.3283019199381918,0.23798984458380493
420,13,1.1320549640121938e-05,2.980534553527832,8.117509056428137,3.072510511097384,1.5357738278589415,1.4848959934906671,1.586854115931118,1.359578580798472,1.2937445589870187,0.9710848870881393,0.7582029549382716,0.6395942852979718,0.445100592635905,0.3088254241679528,0.21553850813172773
430,13,1.1320549640121938e-05,2.1773219108581543,9.202038094841912,3.201108459802931,1.7212982551064553,1.6392588063015125,1.634928459806268,1.4847383763352804,1.494408890422414,1.1432521705327696,0.8790891841162427,0.6666350883324557,0.47987618076940985,0.3464412832180059,0.23239183246610334
440,13,1.1320549640121938e-05,2.5395684242248535,8.06301507145076,3.0657110415894144,1.629080641282554,1.521014934173591,1.6126979114639848,1.4463700448744674,1.3850126574611514,1.0603305664075153,0.7831006767738747,0.6211022313210576,0.4284505669785129,0.3133915894625184,0.21524589943613964
450,13,1.1320549640121938e-05,2.5966901779174805,8.582717585095212,2.853913352519304,1.4570030083105299,1.4138767285839549,1.4946510291456239,1.3620864123315681,1.267838608750559,1.0125914288779396,0.7233254986032822,0.5849848278523391,0.44623819599551917,0.30955918621525513,0.21491540171532414
460,13,1.1320549640121938e-05,2.1723148822784424,8.999413503589299,2.675743168435672,1.4262649761092603,1.35153964693809,1.4120661467704603,1.2646580235244986,1.2132544338661386,0.99710197322133,0.7661092692466763,0.5931836764380396,0.38537165182666,0.29882371949217623,0.21949694832748268
470,13,1.1320549640121938e-05,2.7764792442321777,7.13134813829496,2.491000893553752,1.3431971718905225,1.306516401901617,1.3671347103187865,1.1967007204260327,1.1455104983263529,0.8849140889557492,0.6654370659278233,0.5375490197388203,0.3740486405741168,0.29051037592522677,0.19908297483895873
480,13,1.1320549640121938e-05,3.117743968963623,8.58888218000646,2.8364070029030315,1.4866474567692674,1.4033414665765058,1.4530079779112204,1.2408896079134712,1.3044514256333626,1.0105502502741261,0.7810534485727298,0.6696252739203178,0.4943472801084558,0.35760751958301434,0.24490917443745652
490,13,1.1320549640121938e-05,3.274367332458496,7.159407325820289,2.405011470113092,1.2314162409721616,1.1854193623185794,1.260685318734721,1.073603080714113,1.0129846431475868,0.8439831570313241,0.6859399472328124,0.5475034775930904,0.38218701137544286,0.275985487969046,0.17764654992311618
500,13,1.1320549640121938e-05,3.075146198272705,6.536782120641101,1.8855980616498536,1.015398280406349,0.9654869632166173,1.0443596630800667,0.9371316371747427,0.8994646667546207,0.6838442324308467,0.5245537112759789,0.45286875947850336,0.3312305951107421,0.24678451362259704,0.17236311454845515
510,13,1.1320549640121938e-05,2.763723373413086,7.949505212700461,2.703393461988229,1.4841748897779847,1.357491642909426,1.4261921721994448,1.2808086827586584,1.1925445678020417,0.9082464008586234,0.7127174020731168,0.5918122435286031,0.4412639865485918,0.3146441002010956,0.22331850306090406
520,13,1.1320549640121938e-05,2.937201738357544,8.832238719733798,2.727766852358435,1.533776949794057,1.432179188967386,1.4071083553822443,1.238590240120178,1.092063880036526,0.9874151091142592,0.7531301426139229,0.6138505129540447,0.4104767520517783,0.29878544008305663,0.2312276606018716
530,13,1.1320549640121938e-05,2.5246999263763428,6.933746940908433,2.3701973966314562,1.184863657684246,1.1244266147198243,1.176917144244673,1.0672141378778044,1.0028507288554123,0.7757557327818286,0.6498473843539236,0.5342044209855237,0.3699239625612332,0.2614882014129599,0.18746986091535353
540,13,1.1320549640121938e-05,3.1338629722595215,7.1163720506140455,2.4816364326292275,1.3842845385901021,1.2065807249156635,1.2987480266824347,1.1252580942845598,1.1127673080791756,0.8293303766763118,0.6788183503994293,0.5381390248856982,0.40525940389098597,0.2925970127745006,0.20622327044899263
550,13,1.1320549640121938e-05,3.1673123836517334,7.472133801851065,2.342703237108908,1.2777728825772292,1.164264582458063,1.2244444323737103,1.1101187707668214,1.0729106084112847,0.8826004383086142,0.6860838971925434,0.5541527662470832,0.39665349189975346,0.3108857494945388,0.21733933029450117
560,13,1.1320549640121938e-05,2.079195976257324,6.52092680787615,2.3923940755888626,1.2485458948302388,1.1832784479221208,1.2715181228553631,1.1335072914632436,1.1042305151424594,0.8298461938074103,0.6264531185518324,0.5362904488629765,0.38148465583674585,0.29391539259537797,0.20519214859859922
570,13,1.1320549640121938e-05,2.644010543823242,8.10108675176891,2.642103054005322,1.4820854825411223,1.339042478502346,1.4427991203851394,1.288647629434466,1.180375472492292,0.9511577316275192,0.7434047365734162,0.6306267453102395,0.4273845269778207,0.30930456271349016,0.21627231997876625
580,13,1.1320549640121938e-05,3.3625121116638184,8.285009993892324,2.922230433713639,1.619465758772505,1.5018918098881655,1.6182492763370604,1.355634920720264,1.399372838875436,1.118336335049413,0.804664763110883,0.6786057486662788,0.4403344182026757,0.31848765800235,0.25490925319628405
590,13,1.1320549640121938e-05,2.128293037414551,6.276781916985935,2.1531622125256202,1.2431416371270485,1.1712772389456314,1.2574243910129534,1.122946282396086,1.0519488509072432,0.840370337495923,0.6583200661984457,0.5240955753477933,0.33934443599747566,0.2929284734439899,0.18989778649545042
600,13,1.1320549640121938e-05,2.5535645484924316,7.507082245513399,2.443184910049718,1.3072411078795572,1.1885604831218288,1.245357254951216,1.1089265747227213,1.0853249623640573,0.7721363536069717,0.6226765237343682,0.5071768842827672,0.35967888632403555,0.2686144990585445,0.18112572930508322
610,13,1.1320549640121938e-05,2.825005531311035,7.011845638801658,2.2642634152019125,1.3131599030046863,1.2282655261233961,1.3355861251814347,1.0946220818840193,1.1233302614564757,0.8773729203032211,0.6515489686219919,0.5185422205854741,0.37718731811999523,0.2530664379596564,0.1679198398318252
620,13,1.1320549640121938e-05,3.2949347496032715,6.4706703098664775,2.3716686802292886,1.298576094977605,1.2897060925739803,1.3739705311106565,1.2183703931420413,1.138743601192834,0.8797358273909245,0.6913114129900617,0.5496859136036927,0.3840284883800247,0.2745757117635941,0.20922465731886908
630,13,1.1320549640121938e-05,2.526592493057251,8.797592735952616,3.057255129621887,1.684164928106645,1.5677849275686064,1.6732117879672415,1.4390891396716206,1.3746274887825913,1.126673134678245,0.8703801180481896,0.7045784795918865,0.4925767896993452,0.3641766142783652,0.22267059490784463
640,13,1.1320549640121938e-05,2.145188331604004,8.521723673685644,2.7063273752063637,1.4643790105669652,1.3889622671163029,1.4473750055652357,1.2810994569791248,1.2355822384083117,0.9463224488699911,0.8303012711525687,0.6401737815364852,0.4565444887137228,0.3206525372020984,0.21244626435102437
650,13,1.1320549640121938e-05,2.8504810333251953,6.020297373610538,1.8856296977406468,1.0221961674950115,0.9658548498963474,1.0226763153277403,0.8831843761204397,0.8950005460750498,0.7243917318111954,0.5284632652913012,0.46971845533866613,0.32914049099015696,0.25243218306975845,0.18167651455880096
660,13,1.1320549640121938e-05,2.5552890300750732,6.629416264476211,2.4417855190844664,1.3284680963366795,1.2222777817668817,1.2875546119922165,1.186114417558689,1.1244869072340977,0.904717882895077,0.6694153856039589,0.5811970734082691,0.42408224887371365,0.3161174501851006,0.20237155118871933
670,13,1.1320549640121938e-05,1.726271629333496,8.87355736637652,3.1076263626668177,1.6135077792638133,1.4734451338830286,1.6788886930993638,1.456836563788938,1.2474195005054405,1.0556072925876823,0.769698962853701,0.6691561522295244,0.4519652444232802,0.31818795257319105,0.22975533523461072
680,13,1.1320549640121938e-05,2.149188995361328,7.35574602413989,2.3617075205454756,1.2892537762370755,1.179242605172352,1.2732214892106175,1.1313392838244232,1.1143560228223337,0.9477784585315172,0.6485295008222556,0.5423120042317018,0.35533219126082466,0.2690565234570523,0.19213057988178564
690,13,1.1320549640121938e-05,2.8426241874694824,7.500536788794688,2.3731059674006114,1.3539703524602333,1.2776851609278623,1.3559861558872646,1.2058592086867141,1.1734224850980752,0.8995670003790339,0.7204493686738204,0.6064411874858208,0.4189317339441593,0.3145979834163595,0.23526231712441217
700,13,1.1320549640121938e-05,2.05564284324646,8.074008765197798,2.741078987700488,1.5258294930849567,1.4388635784483914,1.4532459340137138,1.2950154988252205,1.2050014461842247,0.9648754086415156,0.7138204519536498,0.60787244693799,0.434825533712343,0.304098907311435,0.2220854074567824
710,14,1.1175579077660684e-05,2.8592453002929688,7.336885201184748,2.55748093509479,1.3665740590659041,1.3385761582986075,1.4028993792305746,1.242539224154648,1.1723193813713568,0.9533803201088937,0.783753426123937,0.6095649305831267,0.4442709042944668,0.3336449743125267,0.23623479055279895
720,14,1.1175579077660684e-05,2.819563150405884,7.995699563198769,2.3164192610895107,1.3418381092414262,1.284117042124919,1.445345885968106,1.2923271009189843,1.1315522227882557,0.9966900126039016,0.7482973662250051,0.6020683464596153,0.4113223222871698,0.3088171774400286,0.23169763143351874
730,14,1.1175579077660684e-05,2.372741222381592,7.803480661216252,2.756793483305642,1.4615456234333422,1.3771255876792385,1.4607262684989692,1.256588043398038,1.1436817570719684,1.0032194748010592,0.7464669268895971,0.6335043342505646,0.44538432960059365,0.34107678507425976,0.23676819848328237
740,14,1.1175579077660684e-05,3.347907543182373,7.561070634526452,2.750556047954679,1.55651121804943,1.4663560868470538,1.502909917237408,1.3151802819165928,1.1704029980012087,0.9694588948737282,0.7425588203206105,0.6259217236096845,0.4227494926871717,0.3100167410844853,0.2120056740925593
750,14,1.1175579077660684e-05,2.761180877685547,7.31630572413546,2.624098574478673,1.3788394246088085,1.2912966456216068,1.354646321992572,1.2149213404319212,1.1432920467571017,0.891030471135126,0.6647177944465346,0.5751200016833681,0.3992107082339837,0.286932664175561,0.20771312862714705
760,14,1.1175579077660684e-05,2.7265512943267822,7.537109135036433,2.6208385142703152,1.4463000431954363,1.3441399913293783,1.4780152458676257,1.2252400795535556,1.2067630751272391,0.943539204617388,0.7217860203867541,0.6133851474055613,0.4083370352471467,0.2842843779430825,0.21978122627262953
770,14,1.1175579077660684e-05,2.8063786029815674,7.053901165697319,2.3506203293636876,1.3398869117997765,1.264375020700276,1.396923053075645,1.2103873424499214,1.2140885737757063,0.9290113718627866,0.7091647709941166,0.5884683641044197,0.4346414078764332,0.32991428660839023,0.2318006322140497
780,14,1.1175579077660684e-05,3.0226807594299316,8.746553349897031,3.1299762138071205,1.7714019952267583,1.6253945291238958,1.7818105627563592,1.470766133497331,1.3611643293855102,1.1344758098926362,0.8811561657711472,0.7217407606923293,0.5251981958897732,0.37145271144449254,0.2622834308115732
790,14,1.1175579077660684e-05,1.9811861515045166,7.866669349334208,2.6422431367213264,1.4316605233499193,1.4349190886763565,1.4938406990940944,1.3636264791941293,1.2022122398131485,0.9830664030259871,0.7430263057577859,0.5913610102357358,0.43149612342237237,0.30953183230765563,0.18609524206448425
800,14,1.1175579077660684e-05,1.9675934314727783,8.322873129944165,2.7264334935714287,1.4818221337628097,1.4260593745006578,1.500332465803731,1.3410902352878267,1.2471696887252917,1.0189144885793977,0.747245741184073,0.6004817497202495,0.43887431275268896,0.2981941511452091,0.1926734224191291
810,14,1.1175579077660684e-05,2.5287890434265137,5.8265979153608045,2.1310719092988055,1.197141666372939,1.1430647428947365,1.2703011054689852,1.11864487847098,0.9881410750028832,0.831822000689655,0.6267336142101777,0.5258315712175714,0.3544507858132111,0.25236557756574,0.19304223209887297
820,14,1.1175579077660684e-05,2.789520263671875,7.066700727071013,2.3969188541552766,1.2704751407628578,1.1202841841740543,1.196266573748087,1.0234269404679872,0.9476121723508242,0.8197184000886035,0.5968515526727574,0.4837426856427456,0.3786318803414716,0.2692762995713263,0.1938765461209901
830,14,1.1175579077660684e-05,2.189518928527832,7.630114047939488,2.5968083192968994,1.4409198425483412,1.3475609150454706,1.422343752481748,1.3167102914109567,1.2604116046617462,1.0521767113033806,0.7393818861782836,0.5714941977085878,0.4092377916217941,0.2942267858072846,0.20914478414709922
840,14,1.1175579077660684e-05,3.008197784423828,7.1323807524385,2.333298581590351,1.2845548187460172,1.190175640358411,1.2382610014714701,1.0921698351716846,1.0557388660498845,0.8284811068039974,0.6261986894763061,0.5066072782591133,0.38482325140303997,0.26044214670186533,0.1887983549920023
850,14,1.1175579077660684e-05,2.9568676948547363,5.646053377304704,1.9553337702253148,1.1537917390073376,1.0710085849247883,1.1128245380893027,0.9735934526859648,0.9002940616307891,0.7428411380202349,0.5604980983723411,0.5044529481942183,0.3557869651218002,0.25548596571062526,0.18285759947923882
860,14,1.1175579077660684e-05,3.012418746948242,6.491376351888308,2.067968347918556,1.2233988102726139,1.1175848693113526,1.2240437096750083,1.1045008953169244,1.015929734638745,0.7984818430700956,0.6238301799381241,0.5233024467185744,0.3664528697732063,0.28633047796754163,0.21018688123695334
870,14,1.1175579077660684e-05,2.1012001037597656,7.910268935186952,2.703133370531306,1.3841751189978684,1.2622509731966818,1.3241752797421416,1.1815538556529999,1.0959210872152616,0.8648329978774727,0.6644519705777439,0.5609268813893596,0.3932213347296504,0.3096490117578686,0.2316523438829232
880,14,1.1175579077660684e-05,2.757071018218994,9.266470704221899,3.048764710162789,1.6340387530712066,1.446645645930059,1.5132206144940352,1.3598358974447644,1.2676856218615171,1.0415849691357735,0.7605249375469265,0.6547972860162203,0.44090969444369393,0.3324921683537758,0.2368656690581529
890,14,1.1175579077660684e-05,3.215904474258423,6.533698627863377,2.496969421966399,1.3209681113188192,1.2284323845304135,1.2411901415184614,1.153887365485346,1.0772216552377483,0.8903607391969589,0.6732875210549143,0.5636882333147035,0.38117453300642645,0.28634558918888947,0.18954326265858956
900,14,1.1175579077660684e-05,2.13204288482666,7.501671365896309,2.735011799413511,1.54074396268796,1.4138102629187155,1.464217052511589,1.3124354551530315,1.2707549424461508,1.0349068806747446,0.8372161249376251,0.6915950856180987,0.4581271868021513,0.3555584176039512,0.2349198764686595
910,14,1.1175579077660684e-05,2.9180245399475098,5.400715579726403,2.02749645756464,1.0990255486739406,1.0083142396291938,1.0572497213750616,0.9696052582303243,0.9597002247984016,0.7567121785347803,0.6014952108475621,0.4901698315809205,0.3374046724257816,0.2566644201386998,0.17401906288846256
920,14,1.1175579077660684e-05,3.0574212074279785,8.138715302653699,2.783345847830954,1.5813770677903556,1.468971496510211,1.5333403149542582,1.3279271726256414,1.2355394050022277,1.010534136043722,0.7573131744014778,0.5911745742069593,0.4123176211928799,0.30210222290839017,0.21359425988547476
930,14,1.1175579077660684e-05,2.716362476348877,7.029508368859561,2.5628686503575655,1.32422361156085,1.2696312479837177,1.3094108235382733,1.1296322811878383,1.0708280841507678,0.8390647474930697,0.6391449148839867,0.5348210267909728,0.37696554024713824,0.28252613111727026,0.1897623814460086
940,14,1.1175579077660684e-05,1.9440251588821411,6.802207725366407,2.269002763643577,1.2558474699702156,1.1815628997602925,1.2691123643524616,1.1044289777586231,0.975753694199012,0.8373704873634623,0.6427169033527416,0.4762653886405782,0.3909812076362995,0.2704129275555338,0.20252280600775852
950,14,1.1175579077660684e-05,3.1686153411865234,7.328741060298579,2.2936677091963285,1.268858148980665,1.1827664786310896,1.258515050840673,1.117134535080945,1.109222050778603,0.8925863877534566,0.6967845800222595,0.5347620066313875,0.39385800114895586,0.2730259459903892,0.1883423579249735
960,14,1.1175579077660684e-05,2.152348279953003,8.473266706099578,3.388340833965997,1.7722663858333554,1.6023259518089161,1.7332159846953756,1.489027542932177,1.4152887830012273,1.1758079136176858,0.8030238123551315,0.6475906201965939,0.4859298490745095,0.33375553292229027,0.23460111677664786
970,14,1.1175579077660684e-05,2.4196321964263916,8.14607758032936,2.855980796192516,1.5558292862200254,1.4227351387996876,1.5679847698870495,1.4142780414963643,1.2945178246599616,0.9335906781034203,0.7642233720258104,0.5828420007917688,0.4360486665506038,0.3042695921667229,0.19336881208713078
980,14,1.1175579077660684e-05,2.363196849822998,7.169382107644694,2.595848284947638,1.5297211579578471,1.4758214603429618,1.491944815030712,1.3661961956452444,1.2698498208353184,0.9388209400200682,0.7295997741588993,0.5269311390218213,0.3465641593679864,0.25942366950849927,0.17912160125324753
990,14,1.1175579077660684e-05,3.2511954307556152,7.315749081495248,2.3431738426414253,1.3273270389143499,1.2822447848450602,1.40769086507063,1.2614805802997064,1.1619416950620811,0.9397244202973587,0.677213377916991,0.5792286604550285,0.42605319640303,0.31633402006422956,0.2213251047640395
1000,14,1.1175579077660684e-05,1.8788869380950928,7.652986360476797,2.555125204118254,1.452977750981154,1.3373628237633075,1.4136352291801402,1.2353257776856388,1.2594897053285152,1.0290699518280433,0.7580430597865969,0.57279866037415,0.37985186605742655,0.28046755725303163,0.18220332581651172
1010,14,1.1175579077660684e-05,3.4685144424438477,8.742830177381485,2.776039925042816,1.4505667664498065,1.39635521489006,1.4730598725202217,1.3022274283334423,1.1984173762800925,0.9334647993515383,0.7404717572567567,0.6259022888755569,0.44635545504899476,0.2965119807403136,0.22454790586270587
1020,14,1.1175579077660684e-05,1.8563709259033203,7.187928619164506,2.31047746397069,1.3786609486724808,1.298548160357547,1.44367484724595,1.309971245129637,1.2434461359815716,0.9977879546179003,0.7570740308050312,0.6291582131251069,0.47427305117946844,0.331497081618296,0.2271365596159182
1030,14,1.1175579077660684e-05,2.2978320121765137,6.946283224008438,2.3215548185557155,1.2948923748598802,1.2219944890853387,1.2539350387361532,1.1522169288736757,1.1020932154409562,0.9006681877479488,0.7029135417838649,0.6038822146082077,0.43463849529172766,0.3131240870528549,0.22219806070421905
1040,14,1.1175579077660684e-05,2.2596404552459717,7.404206280325699,2.5017065391000877,1.4080913815535117,1.3495329555198583,1.3750315977609144,1.2138313520160378,1.1262941853987898,0.839678346226594,0.7175579521839028,0.5519353287213572,0.40925191649991133,0.3054286872322225,0.20207097224778442
1050,14,1.1175579077660684e-05,1.721634864807129,6.772716475463952,2.2310367001039295,1.2086770945405814,1.1325070104390407,1.2499608525114927,1.0779028008837148,1.0468757768269916,0.8976529114330443,0.6701424358081235,0.538855378880345,0.39020557230147596,0.288672281159445,0.21066691344639663
1060,14,1.1175579077660684e-05,2.6713428497314453,7.1439904558634195,2.4551887500619736,1.358565297246645,1.2536332495765328,1.3616442804527829,1.1647059388484067,1.1006869417747176,0.8926976512346226,0.6407412158696245,0.53133433689799,0.3989683638923873,0.28351814926401325,0.19283670026520083
1070,14,1.1175579077660684e-05,3.1209161281585693,8.667419362820501,2.990815279694111,1.4628103440545435,1.3540420136306388,1.4263171186943218,1.2534580017317316,1.205035685733552,0.9792896027795693,0.742646458938151,0.6565202982361931,0.49285570686897107,0.32019216116593574,0.23984032781000464
1080,14,1.1175579077660684e-05,1.721095323562622,6.807856316826843,2.1898906650719643,1.2141235228049205,1.1351754184991156,1.2160982197225585,1.0683352307598022,0.9747772394669382,0.7588599217593625,0.6577511044662455,0.5273369134753968,0.36915445366162086,0.28082678938440275,0.18767745501359107
1090,14,1.1175579077660684e-05,1.4534156322479248,8.543492669839276,2.7824455425398114,1.4932995041895865,1.35176734919316,1.4484648879756772,1.276656202087791,1.228491555314158,0.9733696121202843,0.7508804493242182,0.6019137417296024,0.4580698136753733,0.32147449501132647,0.22803065923825078
1100,14,1.1175579077660684e-05,2.931323528289795,7.931773844894309,2.6191053799719146,1.4128793864402056,1.3538300116117192,1.3964980820419945,1.2531564619539504,1.2163090579291582,1.0061057560976072,0.7192290781307815,0.6047031875878817,0.42632030788826714,0.3223030108213608,0.199284009702486
1110,14,1.1175579077660684e-05,2.963986873626709,6.700856043850664,2.3397075975245776,1.3004388482508458,1.207964921426348,1.3129264127866913,1.1418406469780844,1.0791928012375394,0.8361328880470739,0.6094417719673666,0.5505312139088133,0.37073960675572337,0.2824166722585352,0.19265384849254488
1120,14,1.1175579077660684e-05,2.2895097732543945,6.800661932002644,2.2785679739794396,1.2704713073261884,1.1846351200539769,1.3310606158968332,1.1514566104583404,1.1006413544091707,0.8519381922850039,0.6857140700617024,0.5496915605084304,0.3954721142420846,0.283877458676403,0.20920434393020726
1130,14,1.1175579077660684e-05,3.03265643119812,6.920428473267881,2.393336311058356,1.2947060949052456,1.2217957546947238,1.342546361471207,1.1407983695660695,1.0286578853022563,0.8717254648540914,0.6786060448110489,0.5408380004435094,0.38442729172589796,0.28492549452660787,0.20055762656006557
1140,14,1.1175579077660684e-05,2.347604274749756,6.508528342770321,2.3561915484133955,1.2494418351595826,1.1606575856218897,1.277685997538608,1.0949769018443234,1.0154183901024485,0.7906757983540231,0.6152573119298628,0.5353022526123448,0.3904393391263184,0.27923269699365644,0.1866571364372916
1150,14,1.1175579077660684e-05,1.8888964653015137,8.122720752669995,2.873389308379244,1.6058775137675423,1.4461002352155397,1.5502354069972035,1.388995724560181,1.2695070469020928,1.027975323201724,0.8347645091166985,0.6489762581868961,0.46069324079743496,0.3537814124678033,0.2587090910537975
1160,14,1.1175579077660684e-05,2.7666804790496826,7.6697001078630835,2.5917124825053874,1.328567252731777,1.2500557934986551,1.3747613181376892,1.2125931807388792,1.1134111426415034,0.893488397950241,0.7060638776849825,0.5959613105395203,0.40090001447321927,0.29376363770333,0.19701323978885094
1170,14,1.1175579077660684e-05,1.667319655418396,8.114570590216275,2.697266773220007,1.4414456913500024,1.3444006115510143,1.4899109495912015,1.2788122406432698,1.15718158741916,0.9714596222843143,0.7541593985426338,0.5932843933400889,0.40955963134836687,0.3215041500469178,0.21727559681923964
1180,14,1.1175579077660684e-05,2.886338233947754,6.871683237327701,2.3588993168014563,1.2284305864009335,1.2061379244446075,1.2497755107403068,1.0994717533703333,1.0445031125914426,0.8587884959544112,0.6482787234044566,0.5327482777719625,0.3747876699606029,0.2913555595233204,0.20414647738467917
1190,14,1.1175579077660684e-05,1.6731492280960083,5.811715476394795,2.0576729666913463,1.1827078091250216,1.0658082738764514,1.1249976595968705,0.9746044789409403,0.8734859436248112,0.7208661338651973,0.5696710312683274,0.44136165775347946,0.32194013578392083,0.24139665839283048,0.16274940435897275
1200,14,1.1175579077660684e-05,2.2837586402893066,7.447084224354425,2.5796798157137966,1.447171355454683,1.3057597619402155,1.3767920074528437,1.2052648173306997,1.1548991471785055,0.8619433613269891,0.7375985096163,0.5911925450759146,0.41524854039044173,0.27885950095196077,0.20082784615069982
1210,14,1.1175579077660684e-05,2.020340919494629,7.40052761839371,2.5593914046457913,1.3429628795806638,1.2538344210962438,1.3892080936264446,1.1674485098775438,1.0904166123321948,0.9037453896374186,0.6347518249533838,0.4890185379763692,0.3610200418506779,0.2529601815138314,0.177917982701072
1220,14,1.1175579077660684e-05,2.6744508743286133,7.035371576626972,2.502023590912658,1.3964539472059354,1.285329485293401,1.3816051620486431,1.2226338432566102,1.1776309416711719,0.9140378407609673,0.689867381725623,0.548993145972578,0.42681044175876703,0.2869622489708242,0.21055683714833465
1230,14,1.1175579077660684e-05,2.3267855644226074,6.70192399858763,2.3292874133824033,1.3639235900341102,1.2766938009859028,1.4100517019715963,1.1936075133965587,1.0684767627046896,0.7993090361035157,0.5975724569601191,0.513531128634388,0.36951356814892666,0.2666372885092452,0.18454733975757956
1240,14,1.1175579077660684e-05,2.7297911643981934,7.25885439346483,2.257731374184726,1.2855032564050333,1.2327908019326697,1.306312266524034,1.164034403896531,1.1318981863983673,0.9023284582472048,0.6911529440631735,0.5706185863627665,0.3829876115903186,0.27661757010890986,0.20954285354494662
1250,14,1.1175579077660684e-05,1.8026883602142334,7.172341240441867,2.4608417207806563,1.3320596585314617,1.2654915187301363,1.3198651290417704,1.210902780193241,1.1597665571543363,0.9587021713940451,0.6888398443008006,0.5458399436098238,0.4038244119011835,0.2856674163389851,0.21297837809013478
1260,14,1.1175579077660684e-05,1.8886345624923706,8.064385726881712,2.4703472616215816,1.3538244781471713,1.2751044203992303,1.3089392177341976,1.1831157727074235,1.0768771291108759,0.9012151003116652,0.717704814929906,0.5782820527579613,0.3788416702905718,0.285600512782921,0.20325288213422862
1270,14,1.1175579077660684e-05,3.1040797233581543,5.970508651153007,2.0676396787302833,1.1795290580924611,1.102539706127027,1.1934846536316794,1.0463111955211195,0.9892278483999888,0.7714501199783037,0.5953270784326832,0.4840038055849458,0.3337037506129441,0.2397682118684923,0.18071636484897288
1280,14,1.1175579077660684e-05,1.9075860977172852,9.209321352318273,3.3900487651909725,1.8782612055100005,1.6879671321067584,1.8909156819138984,1.621305129585148,1.4497831395553726,1.1753335977754824,0.9277645102581972,0.7381964563555657,0.5201254416054039,0.3537738638993134,0.25205458093923444
1290,14,1.1175579077660684e-05,1.048189401626587,6.11306600996242,2.1135474438154036,1.1738255196121337,1.0863457994273218,1.133381047155792,1.0584935642576117,1.0024661796578518,0.867501466945828,0.6482662433392267,0.5410620868294134,0.3710826518266189,0.2689902103226506,0.18239533567028926
1300,14,1.1175579077660684e-05,2.6811270713806152,7.496677562306892,2.6870242637654322,1.5352287329589434,1.4750023133789942,1.5614907790131751,1.3757347198304664,1.261041410591917,0.965079233625961,0.76531637320709,0.6370045072720034,0.4492184424528852,0.30229594431135565,0.21746361949953982
1310,14,1.1175579077660684e-05,2.789588451385498,7.6998938058927315,2.9491056121154986,1.6609261606794696,1.4601705128418723,1.505154420357622,1.3599687013650332,1.1939966297521516,0.9731612835101091,0.81968921606261,0.6519936837699631,0.46596818078670993,0.33976560806208367,0.22947357982020344
1320,14,1.1175579077660684e-05,2.1860804557800293,5.784231791565145,2.096926063079389,1.1117056764830773,1.0228881155208973,1.0571410282923366,0.9035228684102818,0.9069906547472437,0.7370149485874804,0.5400159414253181,0.46894361987243166,0.33579047904116716,0.23683801469001514,0.16843150794110576
1330,14,1.1175579077660684e-05,2.9817047119140625,9.93270880112982,3.046077779710666,1.6615025071197338,1.6327248903719864,1.7034197856235334,1.513638004281652,1.3155989118683054,1.0779143100423865,0.8252518263928491,0.6896302611477295,0.4953722525018797,0.3673640865848973,0.25009862188352877
1340,14,1.1175579077660684e-05,2.7807788848876953,6.428638410034281,2.3359617616680683,1.1766359582705497,1.142836480588607,1.2102388330740415,1.086860695084213,0.9985664585740337,0.7949129076173359,0.559601224066086,0.48370180629067794,0.3779690299228217,0.25687788501825515,0.18083780654089768
1350,14,1.1175579077660684e-05,1.9844647645950317,5.68579869696046,2.191754758263273,1.2114927008108916,1.098959863567351,1.1494788549233492,1.0093924030643358,0.9368900772802011,0.7677725827122853,0.5949175983912363,0.4731631739884527,0.3302610403804394,0.27385683500714075,0.18491452904352346
1360,14,1.1175579077660684e-05,2.6305923461914062,6.915401364289793,2.1525616202769187,1.117064454492296,1.0800903002174953,1.1560834796021584,0.9934847369352885,0.9306571197995082,0.7149394904553518,0.5221867857706479,0.45770359108755165,0.2992028884434274,0.2230416570848503,0.15596624639759615
1370,14,1.1175579077660684e-05,1.9407482147216797,7.874552502858831,2.4666483953376774,1.2847779873149066,1.239919245875014,1.3284596235944806,1.1355984040259073,1.052780086650856,0.8845736572266114,0.6451477845138377,0.5638266893934512,0.38865809357539327,0.26631513828362335,0.20836912470828672
1380,14,1.1175579077660684e-05,3.1380224227905273,6.271353671351311,2.243114589820329,1.280999345969153,1.2696238089024443,1.2982321903170746,1.1766069419144831,1.1085586700254626,0.9043056188295753,0.6552069781264998,0.5302438497260744,0.3577253826710532,0.2620600445014566,0.1972623880650138
1390,14,1.1175579077660684e-05,2.363192558288574,7.301051673177792,2.5893201115908155,1.373740524221428,1.3219084769317064,1.4310957577518635,1.2860875950536166,1.174247495818754,0.8954107266270698,0.6574404049410691,0.5444813410741713,0.38909525962858255,0.26257474632413724,0.19096035349467208
1400,14,1.1175579077660684e-05,2.449801445007324,6.662101908718502,2.372184038509484,1.2323196223905797,1.1759692689576478,1.226083342345146,1.086437973746988,0.978104126226207,0.7670200458119256,0.5985868478727225,0.4939267367206706,0.35710234943565644,0.26843850361018445,0.18683435588194186
1410,15,1.1015159809497865e-05,1.417625904083252,6.945764773112137,2.4865694226251978,1.3388571536551934,1.3014679499153152,1.4247763423293167,1.2094462560492303,1.1538535111806656,0.9350922627960988,0.7211501924304615,0.583742975057316,0.4355041487067288,0.3156043580063376,0.21826263067749163
1420,15,1.1015159809497865e-05,2.592319965362549,6.441853256746828,2.0678362213187094,1.1813225083589605,1.0983721543882725,1.202898964630472,1.045448399043157,1.044993399316531,0.7669907179606463,0.5882727750351218,0.5206134802223422,0.3503784588069521,0.2540131601018457,0.18042537084641774
1430,15,1.1015159809497865e-05,3.28924298286438,7.730085534298207,2.654239482716172,1.4541997165485667,1.3915999655337958,1.4903425881665429,1.2524756732467306,1.2101113231207814,0.9324889331714447,0.7366052988175911,0.5995444550257781,0.37032474087781386,0.29862220870683365,0.20623447451210652
1440,15,1.1015159809497865e-05,2.2887253761291504,7.07034651844302,2.437664587034156,1.2653181663626714,1.2067152360914972,1.2962223259453975,1.1118005171401883,1.048642467473804,0.8356844848092086,0.6652312005185633,0.5332623085545637,0.3639055609135027,0.25695357913861067,0.18048482076977906
1450,15,1.1015159809497865e-05,2.5789880752563477,8.085821034177567,2.9688783459659605,1.559853805576081,1.4450003008485481,1.5354936960417502,1.2714015039205382,1.2974147268451357,0.9698431974913493,0.7655314660460132,0.6505124421968359,0.38352605883648394,0.3492164815375264,0.2175633251835249
1460,15,1.1015159809497865e-05,1.7286101579666138,6.195564652446734,2.2078078103375294,1.1967219361685433,1.0942618160278739,1.1355936213676343,0.9609791943465488,1.0022590173071548,0.7323525365154818,0.5618817409574932,0.4773672026971098,0.3326172585395065,0.2426190445477195,0.16593386955700748
1470,15,1.1015159809497865e-05,2.3504390716552734,6.933371545054961,2.5325613285471973,1.3906165879760632,1.395925981916499,1.4144842610257986,1.2668638835713628,1.1827659421584495,0.9475640463626701,0.7234531096121998,0.6381959036891779,0.4533569764842483,0.31803791721163654,0.22195679244678473
1480,15,1.1015159809497865e-05,1.7831647396087646,8.153271292101524,2.6956057426687745,1.4182735482842612,1.3071426392705918,1.4103151233607238,1.2381655003846013,1.1855486065774932,0.900305790575639,0.6778217308309009,0.5632234868560176,0.4205522204523163,0.29398816762182545,0.20795052472240605
1490,15,1.1015159809497865e-05,2.1701462268829346,7.092198349144384,2.2281944718839397,1.2509259203264806,1.2188426831312604,1.2312868860910782,1.1768833373544023,1.0935524049210326,0.8742689570451619,0.651437556499162,0.539995899642535,0.3856252839170842,0.27379830058997123,0.18918276085463145
1500,15,1.1015159809497865e-05,2.7348437309265137,7.918130136748881,3.407155044102462,1.7468478487044001,1.6960252030647027,1.874170026641772,1.6367590791580564,1.4676736115536613,1.1329465492029047,0.8466298090514048,0.6949495482604955,0.5090057336261534,0.3372045298320316,0.24679947418284112
1510,15,1.1015159809497865e-05,2.5078485012054443,7.813879618555741,2.8320157972070437,1.5162232781403946,1.377751234021616,1.5146125198378366,1.2744050395123647,1.2542344802712004,0.966322713502279,0.7167208642677426,0.5834884112124922,0.42021884461758796,0.2731616791775371,0.18651347003663388
1520,15,1.1015159809497865e-05,2.0313453674316406,6.596968114525967,2.446171323872922,1.3753545196168673,1.308633416245433,1.3860328066424026,1.2558187398609335,1.1779007137008988,0.9005060389753509,0.7291621120981099,0.6314093659380282,0.448135462863886,0.318788705155411,0.2356267784663801
1530,15,1.1015159809497865e-05,3.2885475158691406,6.9143225254253196,2.113879331265219,1.2631561132215126,1.214413347147654,1.285957703381532,1.158944472469814,1.0368303748468652,0.8430131877300274,0.684664518248313,0.5879397183220482,0.4320028305844882,0.3093530752132083,0.2109573806313297
1540,15,1.1015159809497865e-05,2.7010622024536133,7.408947041633711,2.644060079421475,1.4854072310389974,1.4372606205095952,1.5708374487397976,1.342731397079042,1.2654333725189089,0.9389470580886783,0.7376326173153874,0.6130220277218661,0.4577268885298022,0.30206862766926096,0.2578942436905332
1550,15,1.1015159809497865e-05,1.9725866317749023,9.052599962508456,3.41896354750584,1.770593795109457,1.6856813715208023,1.7339581603521097,1.5149096472045203,1.4434546517754545,1.1470663794052127,0.8294485954323023,0.7482465398356954,0.5216339784095603,0.3830603886001021,0.25037754431093173
1560,15,1.1015159809497865e-05,2.833350658416748,8.005179298068601,2.820090915362515,1.5487401543140058,1.4909784254840546,1.623098449000233,1.4361953692188105,1.3291453428138598,0.9621534983166738,0.7467797210851114,0.5973564282290198,0.424836089085034,0.2959697675693094,0.20061079952614078
1570,15,1.1015159809497865e-05,2.4823293685913086,6.782922743858634,2.118419216526234,1.1733025951298093,1.1291382498990583,1.1670280426719117,1.0705164495120412,1.0820611535544584,0.7804492125279159,0.602674612342114,0.4783877014801384,0.3483556933995946,0.2317898226960065,0.16745875004515512
1580,15,1.1015159809497865e-05,1.1057662963867188,8.041835460416099,2.883196829380316,1.4871027442804439,1.4066854618124067,1.4888361375498287,1.307185139918652,1.2584533125612358,0.998375330086457,0.7606941137494743,0.6400092344131916,0.4510803657845544,0.30876412269269726,0.21810557171498463
1590,15,1.1015159809497865e-05,2.498256206512451,9.201842031246631,2.8322165805298303,1.5375632938356396,1.4632839889502007,1.5397733347490794,1.3644634457628764,1.343436882281874,0.9715112337288087,0.8419792633979954,0.6382797913891872,0.4645552320399764,0.3042767087642827,0.20334194866454733
1600,15,1.1015159809497865e-05,1.7639048099517822,8.362660102458767,2.5926193363027448,1.436430249969694,1.378380196707852,1.473654579035182,1.2707940926811303,1.2085733251024389,0.8883576645337666,0.7344927535644244,0.5829956631721437,0.4206801742978212,0.29948861776663704,0.2034443185951159
1610,15,1.1015159809497865e-05,1.260643720626831,6.654203957739683,2.2130930956354087,1.2407356987145322,1.1486032855504096,1.1967341141352081,1.0425661715694647,1.0104654757742744,0.7942152821386868,0.590415825205997,0.5222844155620397,0.3497015684408066,0.2669473414807008,0.19035664435708852
1620,15,1.1015159809497865e-05,1.643966794013977,7.856060730065466,2.679755807008077,1.439498550746087,1.3447305057938075,1.4763238196905215,1.313169515982077,1.1771188357389322,0.9133596362050569,0.7329956188528202,0.6614588668587326,0.4249815546030841,0.3114560312860986,0.21476581021486263
1630,15,1.1015159809497865e-05,2.6759424209594727,9.57019270995206,3.399224508331907,1.8948542862092028,1.7242197027382575,1.8909028156334378,1.7234450336256084,1.617707958451586,1.1837082907780554,0.9591312307003647,0.7450280200999914,0.48294114613020284,0.37470615594964285,0.25146245182014304
1640,15,1.1015159809497865e-05,2.1808481216430664,7.662638712623498,2.733722151664236,1.471788553562068,1.3931106811217187,1.4945124059599968,1.3119569756773377,1.2713079873338422,0.984087058434976,0.7610425749419388,0.6289053199030754,0.42784282139968105,0.3153690604167023,0.21324298757946497
1650,15,1.1015159809497865e-05,2.5017714500427246,6.789614800445539,2.5711860686592733,1.3059111496793518,1.1642562513127193,1.2518362624312556,1.1195983281427855,1.0610956751136742,0.8185355592251152,0.6784347613728513,0.5570897592205589,0.4072703492806786,0.28905660099925534,0.19778839602257478
1660,15,1.1015159809497865e-05,2.6295418739318848,7.535321034029873,2.6652168445357964,1.4410262237453704,1.346285588412034,1.4092155749666029,1.226624948915801,1.1822656700346699,0.9499757729561498,0.7276841661484719,0.6000519962031791,0.42594512135695134,0.2999644501995288,0.1958764719045575
1670,15,1.1015159809497865e-05,2.4654970169067383,5.810906575662175,2.1373499793175665,1.181674559235002,1.1215987100080373,1.221466181324388,1.043097999156313,1.0123256316361848,0.7713261807857714,0.6036734370866201,0.4813159027219973,0.33871582274560236,0.2587361397229864,0.17704018649033598
1680,15,1.1015159809497865e-05,2.4387264251708984,7.403729662983228,2.5763941669423325,1.4672096426303516,1.359748711609403,1.4425499872627678,1.3118864634147658,1.2475376030104117,1.0017576752617197,0.7770673197932179,0.6770834384936734,0.43503528967273664,0.3168450238827743,0.22844726399218485
1690,15,1.1015159809497865e-05,2.3575797080993652,7.613868590917345,2.4425378750906357,1.4616719574712607,1.3827697060442012,1.4838224171840297,1.3446088253597304,1.2327069463368658,1.005463259525386,0.7332252719724262,0.663414086309005,0.4220992012713854,0.3600784345149446,0.2616882839008203
1700,15,1.1015159809497865e-05,2.766547679901123,7.881866271125779,2.790780893935992,1.4629569927094357,1.3905822856467898,1.4375458759345443,1.289206069863278,1.2355996973599332,0.9652728757846005,0.7380881808819838,0.585820413801974,0.37092443130898145,0.2937845854195447,0.210776749748064
1710,15,1.1015159809497865e-05,3.002394437789917,6.127204051423808,2.3453602486390066,1.285272845821694,1.229010858400541,1.2922237641750587,1.1412835083452206,1.0407189021025374,0.7659416025272096,0.6729381236546056,0.5601119913376458,0.3630354040698822,0.27440573081479436,0.18421735839874498
1720,15,1.1015159809497865e-05,3.0548200607299805,6.299667860230892,2.3745724560990276,1.3325304154854538,1.247581580215297,1.2603718256593384,1.1416996289482657,1.044030551746912,0.8699034527589693,0.6512900076466595,0.5506995787649606,0.37072770164556523,0.29724666580478787,0.181870081528022
1730,15,1.1015159809497865e-05,1.67007577419281,7.8024726879124,2.9641256657934587,1.634111074199113,1.5101456486761984,1.6142007762657322,1.385442143270292,1.3642649393110553,1.0438642502837379,0.8148740594771751,0.6620712821350807,0.4501226487678187,0.32488611407457346,0.21056978668319626
1740,15,1.1015159809497865e-05,2.782679796218872,7.732230233786124,2.7279055208606446,1.523007310098483,1.3728833163236858,1.518511627957491,1.3593840786305997,1.293903408901504,0.9507218709169888,0.7805331777090474,0.6424039431595495,0.4782027610402409,0.33638618696730743,0.23875382563329225
1750,15,1.1015159809497865e-05,2.966630458831787,6.160912556897025,2.1546412591199853,1.134783419462985,1.058328848110487,1.110108356095813,1.0008494370843826,0.9314387339231233,0.7511236547026413,0.5610593606605602,0.48472031244711355,0.361551411489939,0.26137181948300314,0.17517864662074342
1760,15,1.1015159809497865e-05,2.778599500656128,8.925228124540608,2.754422001331035,1.4692875721768366,1.3783965079337521,1.4383730895662743,1.3401792041101235,1.2834361873674318,1.0244672031371138,0.7824471988473022,0.6292703512532882,0.42076932880917395,0.32664581323335706,0.2024303837875996
1770,15,1.1015159809497865e-05,2.61665940284729,7.327791172372856,2.4423622548167807,1.3436848829468624,1.2893383506058438,1.3776033664660972,1.260408519181585,1.1873196975426072,0.9390994808735803,0.6737188731821453,0.5722881530652976,0.40260361743619316,0.2957449360534596,0.1934185762890618
1780,15,1.1015159809497865e-05,2.8160500526428223,5.726721341486551,2.02006158170191,1.1510771804209394,1.080131635307187,1.1098124572274919,0.9636653744851268,0.9214664889831645,0.7818912401033193,0.5343089851229832,0.4671629478398877,0.3244468484136076,0.2366572348329501,0.17519317323182104
1790,15,1.1015159809497865e-05,1.6303837299346924,7.985439261483836,2.6014354942582485,1.4492323473261306,1.3820998928158765,1.5039007885596887,1.2823696166645244,1.148858138094135,0.9253589609660744,0.7172107082443256,0.6211086205951137,0.4429702027571896,0.3171081928497374,0.20360265405054442
1800,15,1.1015159809497865e-05,1.5667064189910889,8.147652731389826,3.0275147024750964,1.7306068892498783,1.6503179729570152,1.7533123280449217,1.5767916630150038,1.33563845282492,1.0015172783938402,0.7793325296753926,0.6791543292271403,0.4847036622231927,0.3310643311196357,0.23586382298816422
1810,15,1.1015159809497865e-05,1.7964452505111694,6.23459102384653,2.187549383327674,1.2082285703783846,1.136272692362002,1.224968013861194,1.0348814243252282,1.0068316163852309,0.7984671337574973,0.6184252139048815,0.5228340440844141,0.3560482584857491,0.28355448193242294,0.20442591470009894
1820,15,1.1015159809497865e-05,2.0913686752319336,7.3050730114018085,2.584330250895775,1.4386278534285752,1.3242034082206207,1.4069693396340874,1.284679166082781,1.1777629846843034,0.9583790277547938,0.6740113616820773,0.5599963416279918,0.3608242497360122,0.287528218063513,0.20160349313185089
1830,15,1.1015159809497865e-05,2.383535623550415,7.95082978927732,2.822279224591917,1.6535640083737904,1.5498290969684703,1.6239961850456885,1.4525713057576057,1.2417442834384478,1.0405059659791138,0.8111914003652952,0.6505360376284262,0.45894902179471075,0.34653657112254294,0.2264206708335835
1840,15,1.1015159809497865e-05,2.162210702896118,6.971554355136117,2.521393162528832,1.3704805719098085,1.2719696944791685,1.361731001987812,1.211880055771928,1.1177247859675792,0.8853459980003692,0.6538034873725423,0.5439972196964161,0.37494808314710193,0.27892715896292986,0.19348595964418047
1850,15,1.1015159809497865e-05,3.1083178520202637,6.132595930088938,1.9476402653870672,1.0979630219082503,0.9906880616859537,1.064747156331963,0.95145998478873,0.8975007013973574,0.7512654169924884,0.5640594048227121,0.4516285370096305,0.3197976344114971,0.231828440856298,0.16667215856873213
1860,15,1.1015159809497865e-05,2.831115484237671,6.5670808565875864,2.2021412667588045,1.24332835805068,1.1447222868792826,1.175556329320491,1.0406561686416855,1.0390716773801796,0.8074277232192432,0.6057793976370869,0.5294252530254449,0.3869544924509499,0.26754845216867823,0.19298574225084097
1870,15,1.1015159809497865e-05,1.9694862365722656,7.2900287055529,2.8641540978849536,1.707064461449781,1.4903038813980671,1.6905456087401514,1.5104704937865803,1.4488061186795032,1.1273712162658909,0.8652234714691021,0.6790135051162862,0.5123189196047468,0.340985403981393,0.2410881125839713
1880,15,1.1015159809497865e-05,2.5835280418395996,7.6082560026282335,2.533259075370164,1.4628687661462716,1.2858714830344444,1.4091429333634016,1.23619083839383,1.2159154504537832,0.9163847205135196,0.69892787961392,0.5761226642697838,0.41846054022401646,0.3055443533367242,0.21261707886931625
1890,15,1.1015159809497865e-05,2.6312856674194336,6.781390830016569,2.305086031674384,1.3028181789371756,1.2333292924985586,1.2994895175398842,1.1788383146198953,1.0921362052443018,0.8040624929496962,0.663048731274205,0.53901975228268,0.3475573624098954,0.2530039080787697,0.18857512094582293
1900,15,1.1015159809497865e-05,1.8841066360473633,8.773730047376088,3.249878345431158,1.734772558427663,1.5372802158015955,1.6537648851761486,1.5091875207148366,1.4527998594328095,1.0353960698765499,0.8536356152331581,0.6966669931505037,0.4918134729770468,0.3366380769062215,0.2438674347255938
1910,15,1.1015159809497865e-05,1.8977992534637451,8.042467935440026,2.9364049364170164,1.5549421661763103,1.5093540762907582,1.65494125336435,1.4260344612781386,1.3816713208328453,1.034603945972987,0.8606209680724242,0.6890761171112564,0.4714382446565364,0.34023108189993495,0.2460532784518503
1920,15,1.1015159809497865e-05,2.706818103790283,8.979899784627259,2.8824453806323405,1.636763906545889,1.5233907944216873,1.6174080764565475,1.4548071055626755,1.401335065877268,1.065830826432777,0.8501569683685468,0.679837097645015,0.4900595411630184,0.3412395388603345,0.22029394090823826
1930,15,1.1015159809497865e-05,2.301583766937256,9.61589401055675,3.223707986117378,1.926438033296929,1.7722594009977055,1.9129799487124637,1.6294276238878498,1.591559044171082,1.2871536848751666,0.890147181984727,0.7695990822964073,0.5533529048431447,0.3579687195224654,0.2707308107967235
1940,15,1.1015159809497865e-05,3.103492498397827,8.555665786111675,2.6038911341560667,1.4073296960997144,1.3228685110500513,1.4533403425953653,1.2852403448052196,1.1767227026763887,0.945407038953339,0.692764857422108,0.6097023745121615,0.4427047184251542,0.2944023914930742,0.21932950428012649
1950,15,1.1015159809497865e-05,2.2558236122131348,9.18379567606289,3.31272293789047,1.63724899110232,1.5356936845091966,1.554060103859551,1.34297870116142,1.2686038422320742,1.0254011998383439,0.8092754396659825,0.6640227581753844,0.46773569751915745,0.3447717727927457,0.24589815498465115
1960,15,1.1015159809497865e-05,1.762253999710083,6.830798251690364,2.4453307361206535,1.3815177850933305,1.3149175926397225,1.4298831674581944,1.203397617256613,1.2015525844391601,0.9502288418489423,0.7439713170594892,0.6228054579286361,0.4364650803269643,0.31147090374753866,0.21689493079968014
1970,15,1.1015159809497865e-05,1.573452115058899,7.851075349100222,2.802021760306333,1.5214600976202535,1.420420681133204,1.4918406445613464,1.3429169846447022,1.3330822604104433,0.9803022539460667,0.8052069393276134,0.6731901985968624,0.45553498282172866,0.3302924560185548,0.22097260134124855
1980,15,1.1015159809497865e-05,2.609879970550537,8.100254985399086,2.9890608639315053,1.4834236836192114,1.312192206125297,1.3926525569025143,1.2136079895044305,1.1415042018857362,0.9010437563466357,0.6746711125086596,0.561047836109767,0.4039084373715927,0.2834332162669525,0.17814993680149255
1990,15,1.1015159809497865e-05,1.9434446096420288,7.18220143909028,2.432665180980852,1.3218323833760095,1.248488875450877,1.3420838277321159,1.1876487182215776,1.1634218966138525,0.8538449191667575,0.6499937634953981,0.5379634345566079,0.41323534114073673,0.26118177817752986,0.20832217661136865
2000,15,1.1015159809497865e-05,2.4195961952209473,7.50790809433312,2.667355485290606,1.3930156139561638,1.2985571185725384,1.42038789795142,1.2296252662967249,1.1900091239556476,0.9408498298842083,0.7677266702364715,0.550807849119372,0.45566112989573343,0.3338011625447645,0.21890678930053165
2010,15,1.1015159809497865e-05,1.9128684997558594,8.326955073286763,2.610315047877291,1.3896942027257164,1.4561815309130524,1.5241502957521749,1.2941878177910981,1.1823209924131803,0.9282066249783055,0.6655281047364521,0.5260536600624883,0.36269396744483273,0.26685444663004143,0.1794755213131808
2020,15,1.1015159809497865e-05,2.7364182472229004,5.391203752760189,1.8645234193055682,1.0323073001777374,1.025981586523834,1.0478585286516597,0.9265871807259124,0.8622784462233586,0.6731671433483818,0.4992705810934276,0.41881134449883917,0.2961268414910086,0.21328624041367564,0.15730199341579332
2030,15,1.1015159809497865e-05,3.061199903488159,6.443628269148188,2.31530145028105,1.2963573368293566,1.2167060569981605,1.2448958265004093,1.1305193940497242,1.1044998776054726,0.8544557856742,0.6728650910017251,0.5161206449086668,0.40546095792346976,0.2808740496054279,0.1846665128261487
2040,15,1.1015159809497865e-05,1.301802396774292,6.344231884178303,2.1847516790610357,1.2285693148900774,1.1548448220075467,1.2695842157259387,1.1173679128475735,1.0423714564287643,0.8853628252871276,0.688174183685472,0.5497986737964895,0.42633315564634283,0.2878971003501076,0.20027542672373713
2050,15,1.1015159809497865e-05,2.087573289871216,7.14196079240861,2.641272085497843,1.4541345329018203,1.3437570980021092,1.4770904798926368,1.298019790573124,1.2423159316468777,0.9579775477635637,0.7837171224934483,0.6263293847825788,0.43617680709540096,0.31455218004921615,0.21441848836864655
2060,15,1.1015159809497865e-05,2.867548942565918,6.393888211408611,2.3316630941048064,1.1171031317410154,1.1206263530619764,1.2221244575849377,1.053676344210979,1.0511239101454921,0.756523516375219,0.6095244656473146,0.5041376427369096,0.35082986524675996,0.2584052314684202,0.17419718317422936
2070,15,1.1015159809497865e-05,3.176530361175537,7.644241544589527,2.5929528033024813,1.484818730196359,1.3493425514626143,1.436871388630212,1.2574259030093384,1.2556989111653218,0.942270070465139,0.7227304533085868,0.5624576959140336,0.4021486543657532,0.27887459104335954,0.22093461536662645
2080,15,1.1015159809497865e-05,3.0583629608154297,9.111945307459843,3.372547813464297,1.6635450163465135,1.7930650168707432,1.9059748106984677,1.6363852840193647,1.5245174850209484,1.191110625926332,0.8641778338294737,0.7005269887207022,0.49415962630976873,0.37366273288313323,0.2733761674990509
2090,15,1.1015159809497865e-05,2.4722349643707275,6.503702888032176,2.143076258777354,1.2280383513276756,1.157944358511737,1.1982024204986386,1.1087016671985543,1.07573572007677,0.8890388556415794,0.6528383463304555,0.537568145280535,0.37057558915160216,0.2960929098330549,0.20635362153512812
2100,15,1.1015159809497865e-05,2.4475104808807373,9.18760839414685,2.926502531637786,1.594731746215916,1.5423936205451216,1.6442170346613159,1.4332502266617075,1.367329054256774,1.1037936554672432,0.8245719802319682,0.6144134646650842,0.45860634191504474,0.34711223671064867,0.2364616774208011
2110,15,1.1015159809497865e-05,3.187628746032715,6.858325482056918,2.168218733026691,1.245967192927669,1.1524280053084393,1.2177052435512266,1.0829328531550322,1.0827638910077249,0.8264625500469761,0.6472312506938198,0.5351996723974315,0.37753674086111233,0.2580945993132295,0.18581207879375683
2120,16,1.0839815089942719e-05,1.7935822010040283,8.539303472346171,2.7144673499058385,1.4758431752336048,1.3773378895873527,1.624857835306519,1.4161519711309802,1.264828719184406,0.9433068120342091,0.7253687846880166,0.5741556644707224,0.405636419105798,0.26075736579539965,0.19488895407258944
2130,16,1.0839815089942719e-05,2.516761541366577,6.358494224459835,2.4277758286695326,1.2530368773389289,1.1672901701113405,1.216878351534559,1.1186883865221249,1.0632703364457572,0.7847625443600418,0.6350594201304431,0.5181300904955813,0.3496196254802625,0.2580094608288117,0.18186181694907055
2140,16,1.0839815089942719e-05,2.6938984394073486,6.839128708718617,2.051657169893976,1.113630086286483,1.0384569067227745,1.079698272794653,0.9746009856847959,0.9255083194435662,0.7658189672325508,0.5873504563829973,0.4728001015917913,0.35510760026806887,0.24254090767487668,0.17103610584093684
2150,16,1.0839815089942719e-05,2.751535415649414,7.311971009200729,2.4830410343792417,1.4389583270989563,1.3246792202173405,1.4460610257869724,1.254703813757589,1.1892695735776877,0.9087479832128852,0.746486796366928,0.5995963955416145,0.4008017359722658,0.31402644362065224,0.19214539819254886
2160,16,1.0839815089942719e-05,2.8381924629211426,8.03835384377487,2.574976184274456,1.4674860737285262,1.359180363969296,1.4751353356114754,1.2683347378691825,1.2079065167002874,0.8836788153348165,0.7023201397363504,0.5191684984678384,0.41655987536490324,0.2907575207508502,0.19818390687791074
2170,16,1.0839815089942719e-05,1.8679834604263306,6.711079187679547,2.1276611641062892,1.2168542211860978,1.1264338033832593,1.1672730503666864,1.064195652527843,1.0123653786581968,0.8201096231789705,0.6435164277274499,0.5266421606194759,0.39658073289458223,0.28413291902631643,0.20550796438838487
2180,16,1.0839815089942719e-05,2.1351702213287354,6.364860116826824,2.315162560864149,1.3516000645732074,1.2855890647509678,1.4038233330823588,1.1803301926526844,1.0598415156704681,0.7679671108462652,0.6483803679627427,0.5211106358186197,0.32595899485907975,0.2698740841042298,0.1745910313741589
2190,16,1.0839815089942719e-05,3.074294090270996,6.9119687573326365,2.5358937920735087,1.3551732850672866,1.279162321813371,1.2972617994198292,1.1969686934448986,1.1578278249877532,0.8741681101992169,0.6992782490070305,0.517439121559055,0.4202728328355814,0.29582237616858603,0.21011285688689382
2200,16,1.0839815089942719e-05,2.3492588996887207,7.093839770394985,2.4828361305615863,1.372534492948417,1.2603385756025764,1.3442714713933315,1.1994203123291816,1.1365968649349567,0.9000796334001232,0.7434888254766776,0.6193356950619132,0.4177789152694006,0.32768276604828833,0.2280968013480034
2210,16,1.0839815089942719e-05,2.3247084617614746,8.63984222260464,2.527415926215581,1.4604357491342062,1.3998691245667514,1.494633067645393,1.292212279403369,1.215505724098774,1.0011520001214254,0.7365412349849295,0.6054816290327802,0.4302941473842023,0.2928353267702582,0.22695976696845602
2220,16,1.0839815089942719e-05,3.556288003921509,7.841459730774977,2.820159275473312,1.5658189217855507,1.4672712689764438,1.509524628138365,1.4247144673351353,1.3172204062987216,1.0324280922114266,0.7973279649896197,0.6386551781787297,0.4356045314943211,0.3148288250116778,0.21848673541177926
2230,16,1.0839815089942719e-05,2.0750932693481445,8.487623812570487,3.0966495517073676,1.8452797454265049,1.7047155611031293,1.8219996276207984,1.6309952262086078,1.5413843531802145,1.2384920713566276,0.9631555473043103,0.7605380385740464,0.5230189359577616,0.37857177118001245,0.2411115564386473
2240,16,1.0839815089942719e-05,2.6381545066833496,8.174329639775872,2.9296858911708545,1.6850773449111187,1.5440605990737104,1.6156752691239726,1.463833405531629,1.3164748128678156,1.1277726944796207,0.8113672366545898,0.6311453982116135,0.4407409027149643,0.34713816624871685,0.23133048533590478
2250,16,1.0839815089942719e-05,2.1162049770355225,6.120994129460143,2.1689773778040515,1.2738931809531173,1.1805967504954424,1.1344947564755055,1.0668809259052383,1.023353941512523,0.8338310222289242,0.6842774011085161,0.5477939405341591,0.3887035400255088,0.26633646672641825,0.19134706705862803
2260,16,1.0839815089942719e-05,1.5143232345581055,7.918010481520717,2.408284370802974,1.4075002835085908,1.3205956375092802,1.3489397607826825,1.1968548710139222,1.0702239278030476,0.8835322841176328,0.6906128541589862,0.5495303490606238,0.40565984324583326,0.2834373340356348,0.2118207043967015
2270,16,1.0839815089942719e-05,1.7084126472473145,7.1072102766734595,2.7574581882443483,1.552343621509539,1.4243975596362444,1.4999711759684635,1.3780977385678699,1.3073958545742512,1.0271408333982452,0.8178061170886584,0.6167533182283175,0.4813223222713897,0.3412766106715713,0.22050381045624748
2280,16,1.0839815089942719e-05,2.693030595779419,7.12311148771067,2.4985706357531705,1.4579087363731646,1.374368279389479,1.4992702587107138,1.3670071888277797,1.2880654595378964,1.0159884152373377,0.757307486204007,0.6841685932449917,0.4398419318162042,0.33691582830726946,0.21932130879947642
2290,16,1.0839815089942719e-05,3.019597053527832,7.362349691779838,2.997771294218698,1.397406894577204,1.373124879811956,1.515095251636486,1.2761396785036898,1.211604459026268,0.9945133430065684,0.7532589681518,0.6405438352807346,0.43901479894826234,0.31397632058028374,0.22499489973811507
2300,16,1.0839815089942719e-05,1.6849656105041504,6.605621726704469,2.250664884486747,1.281905125589902,1.1816580250440205,1.3016529213256336,1.1330068517751595,1.0819182403087784,0.8022298973484338,0.6981362799061511,0.5795226816684127,0.3846289749041525,0.2839371603086991,0.19325196795629707
2310,16,1.0839815089942719e-05,1.9631456136703491,8.20065294298421,2.6526243372351797,1.3097592013203077,1.2310416776219917,1.3363963967299533,1.1403619505985338,1.0464896767521419,0.8533162091980656,0.6586245470241984,0.533654515995066,0.402403254797531,0.29398607767851026,0.21719112874464716
2320,16,1.0839815089942719e-05,2.289546012878418,7.1757817377831605,2.4428073377741595,1.2730270695809134,1.2399941708805895,1.3023300865682441,1.1076492368232576,1.1164243367854472,0.8428689598827154,0.6683406617572499,0.5309780349374835,0.3890088504813674,0.28493449711661833,0.18319775749054246
2330,16,1.0839815089942719e-05,1.5546640157699585,7.216585835060855,2.5253801689499418,1.4334201027889286,1.391572522981383,1.5262064781864564,1.3024470527474974,1.2219380283578587,0.9417288725238335,0.6757984350301434,0.5928336396204621,0.41289564405381846,0.33008680132403734,0.2269473158176043
2340,16,1.0839815089942719e-05,2.7925455570220947,7.844753228877527,2.755741502076392,1.5294100912402466,1.3569957276923517,1.4373568190099553,1.2539749531477808,1.2264422072062346,0.9037216323630534,0.7909421771147228,0.6377042546172909,0.44098358004663957,0.2785632890787249,0.21601959862586104
2350,16,1.0839815089942719e-05,1.866155982017517,9.154571759099197,3.5161210153269775,1.8672427261911078,1.6488119821898077,1.7099639602799988,1.514587921071007,1.2963807407270953,1.1426487837776849,0.8809177627033411,0.74429237867441,0.5076759067127743,0.3339495567308742,0.24732882399484657
2360,16,1.0839815089942719e-05,2.6859524250030518,6.412454996006046,2.3929375113160445,1.3617877721255207,1.3030414204041534,1.413189404800858,1.2229700671718517,1.106109164832926,0.8787942649607291,0.6779401715080358,0.5677216075448663,0.4070173883522104,0.28759790943680863,0.21364837654693175
2370,16,1.0839815089942719e-05,2.7786731719970703,7.640817741001304,2.4197939441994625,1.342619964672152,1.2843219939993378,1.3215546037610313,1.134166314350309,1.035210817218545,0.768317322029528,0.6188896916184103,0.564996915133006,0.3785198739434638,0.2440340564493179,0.1747442644925809
2380,16,1.0839815089942719e-05,2.680089235305786,6.433663233857752,2.3292423470901222,1.3017638230980948,1.1860185421916254,1.252651926139917,1.1556073111021812,1.0515182526348945,0.8126667202172622,0.6347478731933083,0.5348507275281499,0.3862982660783011,0.27136615202877395,0.19869421971492743
2390,16,1.0839815089942719e-05,2.3093361854553223,7.157077735888799,2.6629283704846554,1.476180027142137,1.3474542702050496,1.3669754578398983,1.1827041378578877,1.2561566470432126,1.0017930020821646,0.750128358920503,0.6356311454163305,0.4458274410294229,0.3076887611941756,0.23908435770266756
2400,16,1.0839815089942719e-05,1.3257335424423218,6.7870082318240135,2.478892471001184,1.3605795951016726,1.264698671365972,1.3406173454930481,1.1484070398612942,1.1275669877784469,0.9005621597008207,0.6980277106831031,0.5575786809892833,0.38107565389782116,0.2814129939284237,0.20407350208115385
2410,16,1.0839815089942719e-05,2.3169384002685547,7.427002967072757,2.5259873167183042,1.4205533486074637,1.3114828590686223,1.4086359055881164,1.3158337548659493,1.1736659183225584,0.9263674214042171,0.7343697072945513,0.6125422729034149,0.3911843185962175,0.28627212635532795,0.22070967648509413
2420,16,1.0839815089942719e-05,2.1122663021087646,7.0438805844581545,2.629012410991217,1.371820110602803,1.3173304605323761,1.402913450408747,1.2135966717189393,1.1637423218202108,0.8999744724406185,0.6567142752122886,0.5054722380197355,0.38121997258151424,0.2616200085359215,0.17681872518584238
2430,16,1.0839815089942719e-05,1.9021117687225342,7.822730043489732,2.8865348592970097,1.6243938106611968,1.5454658254959095,1.7090497934218398,1.4128086536258235,1.4003567977085714,1.1135888917544936,0.8666202469143018,0.6649756637021792,0.4774612370570669,0.3239675547662048,0.23290807083955548
2440,16,1.0839815089942719e-05,2.353703260421753,7.829951066454657,2.5120350051968483,1.3919479812302862,1.2900275730331436,1.3875450939742435,1.2081771590727808,1.1584946374357274,0.9488566274814354,0.7684916441034304,0.6160703962968641,0.45874018666590455,0.34259174209817994,0.22850008460618182
2450,16,1.0839815089942719e-05,1.7202913761138916,9.184716614486776,3.413535520357834,1.8086800389568312,1.7372013072204706,1.7934376858439804,1.6284327292952931,1.5626172999873245,1.1603339665517367,0.9459364158255587,0.7466036768024975,0.49748876929899305,0.3471192541173731,0.24040997364665367
2460,16,1.0839815089942719e-05,2.8429484367370605,7.797124025230828,2.8749218399783065,1.616788906508991,1.5245504422126768,1.6158035128900081,1.4292447933699561,1.339441949385808,1.0483020110526258,0.7864221859944149,0.6435354914768077,0.44816839718224066,0.32741738930726055,0.2320255552575764
2470,16,1.0839815089942719e-05,2.4785585403442383,6.987931967440898,2.516625673932028,1.3682076141677295,1.237265167883852,1.2969005148233015,1.1503126045293133,1.127828482258763,0.939507164419823,0.6436117409801816,0.5216295824631823,0.4451141867589057,0.2986247863092574,0.20169403250250253
2480,16,1.0839815089942719e-05,2.8519887924194336,8.807395608432076,2.7495178506173037,1.5080508707839937,1.4551454186879946,1.5100945794672673,1.3614585453990062,1.27280812896601,1.085272321465537,0.7874414211740615,0.6259771136567476,0.4716368595605205,0.3475252117368539,0.22417609963603682
2490,16,1.0839815089942719e-05,2.6866936683654785,7.481955180665456,2.539704889523081,1.4302416365985082,1.35393445228969,1.469678024566954,1.3008674590978506,1.230730894820581,1.0380120198099825,0.7429953312037662,0.6390528984536894,0.4554763333298176,0.3420446639809608,0.20529620704965856
2500,16,1.0839815089942719e-05,2.223968982696533,5.485454302362852,1.9569074365882804,1.1117217993268251,1.0370917111365716,1.1108922036506415,0.9122888970370082,0.9713096428159433,0.7660415383871212,0.5549375752281909,0.46240183805041646,0.3395061923495552,0.2312195638851082,0.17783559916377117
2510,16,1.0839815089942719e-05,2.6350979804992676,7.834825908211645,2.4995469629992764,1.427592875408375,1.270824924933445,1.3665247843465262,1.2229061647533208,1.1670610729240987,0.8901861009727615,0.6781001046633536,0.5593792563849964,0.43321835936290143,0.3035257453281485,0.20235637000306794
2520,16,1.0839815089942719e-05,2.609832286834717,8.006767131706333,2.554464745293024,1.3739083878182288,1.347157070064669,1.4001969047354554,1.2181377053090008,1.1339141447006933,0.9792899104191611,0.7318547205468644,0.5954622809316205,0.40883678513175226,0.28569824038450814,0.19304204327621957
2530,16,1.0839815089942719e-05,2.98931884765625,5.8665892064082215,2.0657512312136523,1.1577910147735404,1.1250096328092394,1.2219620991143119,1.0871909532892159,1.011527466149662,0.7727984126932546,0.5677746551373164,0.46842580684072993,0.3166988670093421,0.2375562301461849,0.17734008661671352
2540,16,1.0839815089942719e-05,2.593506336212158,7.328658415898836,2.65386144408651,1.4265504612990343,1.308760134862293,1.4151042900739066,1.3194574214380976,1.191201806750754,1.0852716889108656,0.800893203529807,0.6500690637452082,0.4612464085336446,0.31791115550662663,0.22240105630306964
2550,16,1.0839815089942719e-05,3.1961450576782227,6.984647158691927,2.711816208151963,1.4900969146272203,1.3701250413347017,1.43674691097479,1.3135501850466815,1.221372116760015,0.9846990018833217,0.7417634382480123,0.629091991830966,0.43196883351758425,0.3085323927544668,0.22864749438217963
2560,16,1.0839815089942719e-05,2.176952838897705,6.445184347625609,2.5666250068242458,1.3638441147881402,1.2589701177545491,1.324238892469474,1.2049948276368863,1.0982681945562602,0.8629765705909465,0.6353719637773388,0.5420488292707513,0.3844951708197294,0.26969888444997375,0.19121340068337092
2570,16,1.0839815089942719e-05,2.0090653896331787,7.20805295304891,2.4485142064772996,1.3684950689853939,1.2686132256880416,1.3664776583759095,1.190115459823832,1.066813912028583,0.8829727793675533,0.7058196642495693,0.5900846769037139,0.39309703887742753,0.28299261962268457,0.18589178226440684
2580,16,1.0839815089942719e-05,2.356288194656372,8.574847619747757,3.173342198146352,1.7902965702193556,1.7075740102875314,1.9135333270628896,1.6916803616979164,1.5146248559165976,1.1709917148796998,0.8949743937060073,0.7211855494140968,0.4637884337657604,0.3514917083936365,0.2292746149231574
2590,16,1.0839815089942719e-05,1.1076700687408447,6.867963225056988,2.217642097492617,1.254499243632607,1.1952072763215118,1.2785602973645007,1.0964683758481084,1.1037658291251795,0.8459584297421259,0.6627109171482468,0.5384813749190321,0.3987008586721121,0.2707889087007433,0.19769688534024993
2600,16,1.0839815089942719e-05,2.1265387535095215,6.364305645848417,2.2899838722676202,1.2903577869060892,1.2434787824540923,1.3158654592835817,1.1437031191753835,1.1350720703719734,0.8634187782633209,0.6908153577896815,0.5783356797066078,0.3869549608861209,0.284441300227898,0.18774524870908704
2610,16,1.0839815089942719e-05,1.8120179176330566,6.8633236559036535,2.4359897222067364,1.3879897839681257,1.3205321773254415,1.4161397269143716,1.2510960991967124,1.2085000731662776,0.9489601517572854,0.72413527699451,0.5946614426221299,0.4448424093222601,0.3255398457390288,0.21551864718597977
2620,16,1.0839815089942719e-05,2.880788564682007,6.476736493681294,2.27928792818225,1.3252595496842838,1.2828266086848683,1.4005311440052624,1.211432319616838,1.1038436522239639,0.9001003087074289,0.7135232294693951,0.5885350009540762,0.3975473015034011,0.29283294250096337,0.19563196117722642
2630,16,1.0839815089942719e-05,2.407724380493164,8.381297389447745,2.898492263720167,1.5735715610874472,1.5607083655784262,1.6544412692893053,1.4368921823339893,1.4307090308125057,1.1327461178329825,0.8333835033333936,0.7154243341334675,0.4787777360805366,0.33961292923606357,0.2292761546134861
2640,16,1.0839815089942719e-05,2.480820894241333,7.408901785899936,2.3496055591600626,1.2955166735713417,1.2192173860027038,1.2688927385857898,1.1795538001181503,1.1542546322526612,0.8917228317681435,0.6763676652647083,0.5565469705385414,0.39410785826878847,0.30756914211456676,0.19611385404245385
2650,16,1.0839815089942719e-05,2.7227396965026855,6.389724378652909,2.383791758821167,1.3321780667645213,1.1877973426741686,1.348637118529476,1.1773085828149485,1.1534516999100222,0.8905576622522086,0.6937596832984801,0.5579769996250817,0.3889196325493585,0.28389326262331754,0.1902250800611807
2660,16,1.0839815089942719e-05,2.2639057636260986,7.519940856340356,2.5205352400423537,1.4430296475735989,1.3788585916537033,1.4139515617103315,1.2444282441208339,1.1891710299397054,0.9294797099196874,0.7119722114877293,0.5904734461998598,0.4312666904511378,0.26840181619405284,0.20285117341985245
2670,16,1.0839815089942719e-05,3.1783626079559326,6.768300198689976,2.4110497581047765,1.2687185072858758,1.2365340235879425,1.2632284906864797,1.1207325763285876,1.0931371976355295,0.9142504555684787,0.6784394902559185,0.595605244006535,0.4334979476874834,0.31907239383880115,0.21696881783284377
2680,16,1.0839815089942719e-05,2.760972499847412,6.734470950863859,2.3619292443028135,1.2409472840980729,1.1802509354806552,1.212953846675676,1.132524500158699,1.0066443893934593,0.8204095449726031,0.6203950094060448,0.5374675687890076,0.34386757644309995,0.281585270099543,0.18059906425612596
2690,16,1.0839815089942719e-05,2.3939788341522217,7.883677882449111,2.9733761507915952,1.6987017900217687,1.6033335038459862,1.7720899000454893,1.5558432458561229,1.4220706143306523,1.1560692258978191,0.9348523139011432,0.747589534835588,0.5175551529303986,0.3436103504729674,0.2538400589394554
2700,16,1.0839815089942719e-05,2.9908971786499023,7.400576511678512,2.467926611564931,1.381611035422512,1.356031627984704,1.4339698914722858,1.2335972969322666,1.1565447860243852,0.8788162583069253,0.7591695498760176,0.6168490848552928,0.41695399912223047,0.31071808221839625,0.21866635931671616
2710,16,1.0839815089942719e-05,2.1438252925872803,8.192970674457598,2.7935570337704507,1.645249765687317,1.4987381981564727,1.5600754278764186,1.338538301106655,1.286756757446003,1.0585272608208327,0.7878340982981419,0.6049630455599257,0.4404118761882688,0.31295994529017196,0.20874107777030562
2720,16,1.0839815089942719e-05,1.9527236223220825,7.862671398195146,2.7435695421550705,1.5588541512847318,1.4972223148238668,1.5748402361013802,1.384484325703871,1.2375447574115057,1.0234594775833554,0.8180214525461734,0.5915892703220273,0.41636119937981664,0.32210209741576296,0.2098635198622487
2730,16,1.0839815089942719e-05,2.096191883087158,7.01874867226461,2.495059529697905,1.4203539236048268,1.3480665037918693,1.4736864962288803,1.292526593275198,1.1195740259493498,0.8623849108101068,0.7480109184411811,0.5941467309342222,0.4340067681664547,0.30984693841333816,0.21597371578601657
2740,16,1.0839815089942719e-05,1.625342607498169,8.040986516158219,2.629232153277379,1.457859127150611,1.3669961000901025,1.4476494877110024,1.286669417788936,1.2645960793855011,0.9505851140156119,0.7050079490399135,0.603178260292707,0.38780520881830827,0.3066684620923303,0.22650784217791403
2750,16,1.0839815089942719e-05,1.9515029191970825,7.9902645898277855,2.7288073222192155,1.451019326682837,1.352094385681946,1.363287376220794,1.1997107148210957,1.1514351711371906,0.930852871706587,0.7357059958432056,0.5940686698856305,0.40776326719452005,0.3098725458822887,0.20898730914598937
2760,16,1.0839815089942719e-05,1.4755840301513672,7.14694838557377,2.032962619725389,1.1570872465155015,1.0851807235815893,1.1131369517634073,1.0161954015606054,0.9417957924250727,0.7922473474180363,0.6209217128856463,0.4952307207141803,0.36532786222386576,0.2806304655422795,0.20197508912004536
2770,16,1.0839815089942719e-05,2.973109245300293,8.865598436864266,3.518416919700697,1.8523979985270462,1.7092392562784293,1.8292341176949045,1.542935615422194,1.3707760339534714,1.0777814610969059,0.7944240898937356,0.7084530044227327,0.47924369951172063,0.3262705763944083,0.23243956447043596
2780,16,1.0839815089942719e-05,1.6418828964233398,9.00226996234821,3.2449698084135696,1.6715828587441743,1.5235883544659865,1.6444095522618405,1.473930714487522,1.4338093565330023,1.0918649997707048,0.8209239905200559,0.6860910100192333,0.5052870271336339,0.367144365787888,0.24667665980968811
2790,16,1.0839815089942719e-05,3.025362014770508,5.355097682151059,1.826827856217909,0.9998145936968926,0.9160645969132118,0.9722115047320953,0.8756343933596299,0.8110460113144385,0.642675325350838,0.4853711349454879,0.4140727906570958,0.29376358540864683,0.20055771156543217,0.14205755275456539
2800,16,1.0839815089942719e-05,3.024035930633545,7.225343094608364,2.5181500270921764,1.3699118173259677,1.309374820320079,1.3673843442397535,1.2254286057265575,1.1763941559685158,0.8879952522831133,0.6611786631752516,0.5585580522680205,0.4047258902606393,0.26667904984174473,0.18383192180911412
2810,16,1.0839815089942719e-05,1.7258296012878418,10.83406633242142,2.7720387495060974,1.581165650114544,1.4678976037531937,1.55240709603279,1.4976804705817977,1.3437597611889391,1.097262728383642,0.7696503750338608,0.6036236477867222,0.45635393315054446,0.3090504342944395,0.20999506974258822
2820,17,1.0650116857024638e-05,2.5842418670654297,6.5978830063688845,2.4408886745248024,1.3900609725504522,1.3211535524750724,1.3874487665008874,1.235640173231259,1.1975249550766967,0.9580233985245348,0.7413197394917638,0.563443484831515,0.41195058010363367,0.311442975698807,0.20678702471369229
2830,17,1.0650116857024638e-05,2.632948637008667,7.871838323200425,2.57899305963263,1.4781561041014366,1.4202511356384886,1.4992837979936857,1.3380572299699423,1.2384141379706923,1.038696439968925,0.7913515337277001,0.5867775021219284,0.4534452375742812,0.33159453628692653,0.23163165826346654
2840,17,1.0650116857024638e-05,1.583929181098938,7.825231456671194,2.7804405252344684,1.5173079618668477,1.4734054799926601,1.5998312901510718,1.3688509389396635,1.3408862731304325,1.0217559369399973,0.8476918354662983,0.7255266561432426,0.5307055720946757,0.3623929099682829,0.244264167924066
2850,17,1.0650116857024638e-05,2.5954549312591553,6.772738645610089,2.280965821289292,1.271221037070092,1.2463907855482435,1.352913430370126,1.1634967946930073,1.1826036844606826,0.9004548779044006,0.7104926219156913,0.5489671026710822,0.42082898331741675,0.29896280692019395,0.211502480356863
2860,17,1.0650116857024638e-05,2.5131049156188965,8.499246916939494,2.7768605172493905,1.4529339925538693,1.3313182603871883,1.4408650005360535,1.2753521004210253,1.238124484832055,0.9418695686314831,0.6954337000914655,0.5655317083998349,0.39065854584413295,0.26592168099871766,0.17490224066342863
2870,17,1.0650116857024638e-05,2.0320658683776855,7.306633577852322,2.1995531231634415,1.275884959870867,1.1485674049802703,1.2933817044911755,1.1434911240223202,1.0430327735040283,0.8524558903342253,0.653706706855875,0.5318913303693671,0.3790192054625439,0.2606550151991489,0.16693245699388373
2880,17,1.0650116857024638e-05,1.9116110801696777,9.992359500525179,3.764669432593901,2.1748879587333554,1.984624006364179,2.1986546002983585,1.891602766470361,1.73637284207141,1.356502850981798,1.067084204576041,0.8512222034905105,0.5852980800407644,0.383397563737953,0.23145016808989613
2890,17,1.0650116857024638e-05,2.503978729248047,6.243395860205821,2.3936580365006357,1.311787986827352,1.1967468235940482,1.2253958681867925,1.1097885121125786,1.0089610981958468,0.7683597134801429,0.6373169063195185,0.5095313909126616,0.38024163483900797,0.276672040544198,0.18544943113517157
2900,17,1.0650116857024638e-05,1.8499858379364014,9.069965779115929,3.455269222786321,1.7042839234004201,1.6392287406743289,1.7441073887863179,1.500826801461132,1.4283755432933831,1.1871359765417544,0.8015794436099811,0.6715917056195728,0.4554898094113174,0.3209400998590585,0.2159033856647632
2910,17,1.0650116857024638e-05,2.5396924018859863,8.48925310804554,2.921656288975634,1.6024413246465934,1.3789462850186722,1.5208416934082463,1.3336413354955683,1.371710016821416,1.0321697903341447,0.7946820785162741,0.6534520949848156,0.4585393690914589,0.30588957362073965,0.21945103021386492
2920,17,1.0650116857024638e-05,2.5300674438476562,10.120013043898984,3.7289953242093046,2.0573841373689703,1.9038550980436275,2.0421689150640616,1.7994062204926584,1.7348336292711402,1.3856068124175203,1.0727316838509933,0.8094706007665818,0.5796749368550189,0.4057062547560022,0.251271764323866
2930,17,1.0650116857024638e-05,2.0108489990234375,6.735285270476366,2.3548629424692646,1.3249679420579166,1.2202246581078244,1.2655733424148123,1.172301859872222,1.0428110569279176,0.9190349663469869,0.6800473389774679,0.5707563569800306,0.42177716967376405,0.27602172353083704,0.20015782760923564
2940,17,1.0650116857024638e-05,2.491563081741333,9.98275788744552,3.2322584230105065,1.8644084574809305,1.821103677666063,1.8448493963575832,1.6756464719307846,1.560550699949948,1.1741226596819057,0.9081903078920649,0.7267893567142847,0.47712719129749875,0.36321352396794154,0.23706433543810437
2950,17,1.0650116857024638e-05,2.65846586227417,8.32425543520868,2.7899285068161683,1.5622774284135872,1.5267168141401666,1.6697651809102265,1.3775605269084852,1.270397378871512,1.0197274614637404,0.7393450008290207,0.5895601132432057,0.42921089952061686,0.30597688310269056,0.20876021847236592
2960,17,1.0650116857024638e-05,3.0519638061523438,8.18316767526127,2.565897862238102,1.4807783987590084,1.427668904238129,1.5195923418856405,1.2935077753630986,1.2266075547316198,0.9874744438769497,0.7573169561236323,0.61650943617948,0.4410427210365228,0.3229919925654446,0.21738641277297877
2970,17,1.0650116857024638e-05,2.5941672325134277,6.6826235077201845,2.462726966691122,1.3418345691159572,1.2513013905583619,1.3152374646049918,1.1590726601848316,1.1117367860301914,0.8929075954571387,0.7147164343577108,0.5941555689125558,0.42061896869062054,0.3119103802880827,0.20973635342497354
2980,17,1.0650116857024638e-05,2.382769823074341,8.058032109318251,2.6371175569030343,1.5034865730019853,1.4171942642411202,1.4714374715489607,1.3284177012879868,1.2764430879162245,0.9590153723740572,0.7732195725151602,0.6436946836117668,0.4292835921260212,0.33226468775655327,0.23545569257554802
2990,17,1.0650116857024638e-05,1.8205726146697998,7.938029115883984,2.8763075249727708,1.6058957179945965,1.5467019584702875,1.679822749397418,1.4586999895417976,1.3403212314528459,1.1391355098587677,0.7994256950820302,0.6417210170793858,0.5066924923294099,0.3670565767547906,0.26211872001948244
3000,17,1.0650116857024638e-05,2.305178165435791,5.9901545567974095,2.068560788705959,1.1513123855387708,1.1045705144221878,1.1382105895522676,1.0345688596501104,0.9626071295244738,0.7641264721039899,0.5871892231030602,0.4838152514691356,0.336578088351776,0.24565756072179956,0.17623212605544494
3010,17,1.0650116857024638e-05,2.73262095451355,5.802130097817314,2.0670201179625085,1.0772984223220734,1.0956551772202947,1.1003856633263724,1.0258144355737278,0.9896335746405511,0.7390464105122586,0.5713851756288937,0.48407030816523555,0.35137708649505545,0.2637878327867389,0.18076026302365847
3020,17,1.0650116857024638e-05,2.1352028846740723,6.475189667305097,2.223963722642626,1.3087563148403785,1.2425155758170399,1.3188241107817729,1.221439619165243,1.1328358621207657,0.9048858052615689,0.7036081625118867,0.5644519892622566,0.38678651983461354,0.2662597470788879,0.19539632897685477
3030,17,1.0650116857024638e-05,1.7221311330795288,9.218053716212545,2.7872027453338,1.6207594866217394,1.5145194737483585,1.684250523164599,1.4801234581442362,1.4213222037041098,1.1313705797017481,0.8659931989187473,0.7043167200387487,0.4803081371947132,0.35337496154344006,0.2482083157117668
3040,17,1.0650116857024638e-05,2.5786361694335938,8.267134650933253,3.21616048036219,1.7434887627547195,1.6675528160488675,1.7175554082047413,1.4711882420174116,1.5129888432936498,1.112865196303134,0.9127656267802772,0.7257188236789707,0.46069610671213895,0.36270876022148396,0.2379173344074898
3050,17,1.0650116857024638e-05,1.880863904953003,7.643884009370831,2.6702205015294576,1.4989186368336198,1.4455106982131916,1.5095985384023975,1.2999903549892842,1.1784535991078062,0.9922740205974179,0.7270955793003061,0.496228664104112,0.4019204035698681,0.25414479922840544,0.18308394657746432
3060,17,1.0650116857024638e-05,1.4740724563598633,7.0857329007185585,2.564207338223914,1.4137530778028053,1.4130289210674762,1.4735405003416442,1.2982432514913442,1.2552760616981635,1.0655585898936248,0.7908252262342752,0.6243712427180285,0.43741073964934896,0.3204278636383791,0.2439771506876038
3070,17,1.0650116857024638e-05,1.9926081895828247,6.5689805213388475,2.5126940864462886,1.3611184532992717,1.2760320075048226,1.3655894044290626,1.2385605546573466,1.2225166530228857,0.9274499157967023,0.6753047094430797,0.5444673284125883,0.4096091767552573,0.2995365385300725,0.20365082543174964
3080,17,1.0650116857024638e-05,1.7647908926010132,6.433796886325093,2.1209051987088126,1.1531825839466914,1.1131951856834732,1.2028522982128376,1.0351609859436939,0.9411592292911656,0.7882554597677487,0.5883416664266429,0.4810761474105115,0.36387850350600504,0.264504593996448,0.18746789953976922
3090,17,1.0650116857024638e-05,1.6160023212432861,10.068590273944064,3.6212239243490485,2.0260974781812355,1.8828273426419102,2.004019300468749,1.7580209267086022,1.7046905757648922,1.2237299287182906,0.9265259964472523,0.6970146715986589,0.49800735864264734,0.3687042551041741,0.24236461843020055
3100,17,1.0650116857024638e-05,2.5630805492401123,7.155621360020101,2.763329312404951,1.454954659621092,1.3872887343916713,1.4379274908778283,1.2885799878071866,1.1978586770109503,0.9652422496966707,0.7363124382481049,0.5920661948935538,0.4095105880786531,0.2795680607311585,0.20627929580750318
3110,17,1.0650116857024638e-05,2.142310619354248,6.991810325406736,2.6369648384396167,1.5436192239559934,1.3959286060053189,1.4806776537283688,1.3248118835892901,1.2387501773860754,0.9150495759642193,0.7408428025104792,0.5797486449138513,0.38495303886720394,0.28973814588317814,0.18024489553082587
3120,17,1.0650116857024638e-05,1.9396641254425049,6.551854929876149,2.2881830825374063,1.2389293609318413,1.2278862348351554,1.2846966027423785,1.1761733630678148,1.0937829573596014,0.8853464977741147,0.6694083895536543,0.5617248011491797,0.375043251201448,0.27051705763836975,0.1850057398926954
3130,17,1.0650116857024638e-05,2.1806249618530273,7.313027759227901,2.4947157032543874,1.3666339433865864,1.3429816977949294,1.3718288141647095,1.1980534441698338,1.1263283244476787,0.8702155685190351,0.6806294178669752,0.5585712103275774,0.370925804722168,0.2663314608851211,0.18989848761306777
3140,17,1.0650116857024638e-05,1.618347406387329,7.459466316009666,2.7909497115420643,1.499670063569074,1.451922181626113,1.5158195736134252,1.4082006464862307,1.2707842034435068,1.017711246412632,0.8039049777287274,0.6084536841023229,0.4312901111231436,0.30650893947193036,0.20506911998623606
3150,17,1.0650116857024638e-05,1.864441156387329,8.752118903875488,2.9903998043224216,1.6857808735167408,1.6037372849799787,1.674900452257338,1.4690138776240047,1.3102277459433929,1.030160334995349,0.805986481582857,0.6829017243990047,0.49669331662288224,0.36002378248096695,0.24478770797044364
3160,17,1.0650116857024638e-05,3.210146188735962,7.197931112341044,2.347031391898731,1.219824995646742,1.1197976993393208,1.1909084588630487,1.0508782668710412,0.98034670911502,0.7578355904280772,0.5917443432413351,0.496084665209764,0.36625689288221863,0.24010022987524948,0.19454928472910757
3170,17,1.0650116857024638e-05,2.077765464782715,7.884520750756471,2.7569046751454103,1.5174660490747323,1.3189284036836706,1.4086959509263866,1.2071287326428404,1.1647220494129027,0.9069900196624883,0.7293539133925498,0.6048336582327989,0.42890701194434777,0.2882172154091207,0.1956976371276489
3180,17,1.0650116857024638e-05,1.5060465335845947,5.963981092524067,2.315556066298299,1.3015763995169651,1.2271639286086073,1.310089027954652,1.1583084729262243,1.0315415783701412,0.8399765439520801,0.6925111919243776,0.5839085772494765,0.3771748041803762,0.2736043209167645,0.1877999623800136
3190,17,1.0650116857024638e-05,1.6076406240463257,8.475216211089894,3.2125107106860424,1.8254381816491483,1.689454099449527,1.8092753328785605,1.5914563268715354,1.4746665380127952,1.173711288069029,0.8761447172191448,0.7629100893234998,0.4983338487452297,0.36283519891551386,0.264401991546616
3200,17,1.0650116857024638e-05,2.1148693561553955,6.417272621676636,2.142627845543306,1.2047747365777006,1.1619365918313702,1.2368356194332875,1.0854621797870845,0.9521266637354349,0.8075783255933829,0.6118130759324945,0.4933406344806679,0.34899699502341636,0.2597774346650604,0.17412305875474632
3210,17,1.0650116857024638e-05,2.0408852100372314,6.945557744761987,2.5488278611409574,1.40922479960455,1.30342267493705,1.3906610328221563,1.2141458264389067,1.2318875260108397,0.8929088739327149,0.7464030840575637,0.6078999985582093,0.4237151838493088,0.3171846044236948,0.19708737338744714
3220,17,1.0650116857024638e-05,3.3322739601135254,8.091089560492042,3.002573393467907,1.7181947406249873,1.566130226837255,1.6806094972157943,1.5399045978112362,1.4248071432174192,1.0584984557679704,0.8823073913604872,0.7005051256911097,0.4874436769831858,0.3592454557483095,0.23814426795479313
3230,17,1.0650116857024638e-05,1.7182631492614746,6.551321148153047,2.410831004038545,1.3536928490558653,1.251108055137887,1.2768869442643391,1.1687387869927401,1.1086664477497126,0.8419557835561065,0.7033895426928181,0.5588270183254154,0.39165654845795345,0.27873620919851155,0.18255763455240065
3240,17,1.0650116857024638e-05,2.7599472999572754,6.960818859556919,2.269196776984818,1.2713107220848057,1.1566673008346933,1.239977769536486,1.093630673520244,1.0270848845348877,0.8359322707466508,0.6697773564656,0.5385402218936006,0.37145230446764327,0.2803866279843058,0.18743995181623943
3250,17,1.0650116857024638e-05,2.8649723529815674,7.6851868732913395,2.9155758190928633,1.5294388834000572,1.4632218635695422,1.5070504306588082,1.3242394367380836,1.3087443511954928,1.0371719047434824,0.7631355191735559,0.6475445828837499,0.46204460063765723,0.32623765959708195,0.21392811617562912
3260,17,1.0650116857024638e-05,1.7089660167694092,7.533233794626361,2.8013021379489444,1.5479706923891035,1.4643401711250952,1.5433559234135086,1.4453518635392995,1.265642840806895,1.1257330791934346,0.8399884884300364,0.6629337183607074,0.49999051742737066,0.3552174949466108,0.24141687766393619
3270,17,1.0650116857024638e-05,2.772922992706299,7.553475840075211,2.680763921425921,1.4493024279869322,1.3267546368874286,1.2847088446637784,1.2489467928141715,1.1331458768358356,0.9173979891693862,0.7170451798659457,0.5632437131021829,0.4177621217210413,0.289612095128489,0.19768521501503342
3280,17,1.0650116857024638e-05,1.7637922763824463,6.733475966622655,2.2389135934072937,1.2297020075117133,1.1475161959526723,1.2574282278169737,1.090443052821787,1.0996333025637792,0.8403619890460156,0.6927321178415277,0.6018884286111139,0.3971413697713173,0.3001137876038268,0.21297703691477488
3290,17,1.0650116857024638e-05,2.0739850997924805,8.884926696602678,3.39973667037955,1.8901856212262922,1.6802527905743103,1.8126827168895339,1.539139015863265,1.4483387284132787,1.168227786272624,0.8535505664762896,0.7479178894417717,0.5278986728449118,0.343671992158192,0.252998686214751
3300,17,1.0650116857024638e-05,2.2180521488189697,8.035219846093385,2.6885117641167287,1.539021536559852,1.4342906482233941,1.5976294594549432,1.395660805983146,1.4222399269840127,1.088116638279953,0.8725612553334829,0.6670922178757366,0.45699153044675284,0.3653117943039698,0.2276042204812989
3310,17,1.0650116857024638e-05,2.7009098529815674,8.182253445505623,3.1403881898434274,1.523313118254018,1.382510470296261,1.4998886555357804,1.3285837322199594,1.24129062400731,0.9774788901610769,0.7338644498808917,0.6353515221440995,0.4246053974853202,0.3081224653166866,0.21931718179341061
3320,17,1.0650116857024638e-05,3.077479362487793,6.827140812618661,2.5014659650803077,1.3810711794790556,1.2924776821904467,1.3299979650809906,1.2055263844947746,1.161350629313025,0.8544936181550311,0.6627081989305295,0.5609497126974073,0.3986503173498685,0.28793342391143534,0.17756252196917469
3330,17,1.0650116857024638e-05,2.836571216583252,7.2367037024969285,2.5027150839042327,1.339676191713428,1.2642382498510067,1.3066262188610507,1.2255941196706153,1.1072996554491819,0.8566769540638096,0.6254842897442934,0.5621840789535977,0.39337591221781043,0.2944236475387858,0.19986256291398824
3340,17,1.0650116857024638e-05,1.983373761177063,7.6385250442214865,2.323844276285438,1.348959431705005,1.2694936482885613,1.4276297490740912,1.2491674075890513,1.1382511405696176,0.9334343506573913,0.7035797603669656,0.5519127453183895,0.39922439935930265,0.27814122501516175,0.20231498124825628
3350,17,1.0650116857024638e-05,1.8080776929855347,8.470276482161342,3.0186071629654223,1.65158553360605,1.5760092888893091,1.6815072603590648,1.5377921404174386,1.4758157490593937,1.1075979205524709,0.828366989962602,0.6753724409199131,0.48947678857139615,0.3307533985644038,0.23613762314760825
3360,17,1.0650116857024638e-05,2.13920259475708,6.400230166582156,2.406507814219409,1.3246488263322695,1.2885348666612169,1.4127960672701851,1.2559483250848347,1.1791101349846913,0.8916105756168288,0.6947565990950915,0.5493576507316801,0.44590614254844263,0.3010997671359769,0.19857614410048935
3370,17,1.0650116857024638e-05,2.771775960922241,6.637116884615932,2.292128236473245,1.2591366085568139,1.1796926626242872,1.2133055333283034,1.0865038345458746,1.0410139190672598,0.825689058871571,0.6398394320551186,0.5489573330647912,0.404329191371132,0.27691390663185517,0.19862122155804868
3380,17,1.0650116857024638e-05,1.6431909799575806,7.420135747718985,2.6193091656114267,1.4684891055682212,1.3653538858648055,1.4783284441537123,1.3049158494246351,1.2706200322549863,0.9528581606388328,0.7494943884118057,0.5901753162403154,0.4836623610390745,0.3635316033904054,0.24449965926035083
3390,17,1.0650116857024638e-05,2.4031620025634766,6.989696549639794,2.6184483020330767,1.4963500959415486,1.3879313707326044,1.4707104482989275,1.287781480420785,1.1952011837391223,0.8791604878023994,0.6769008441354719,0.5476666243364774,0.4059772104427695,0.30596083279916403,0.20143960862444038
3400,17,1.0650116857024638e-05,2.24731183052063,7.681372235852185,2.859320160147404,1.6332288811058282,1.5169374058548573,1.6286287726590305,1.4524270432277335,1.356935239707996,1.0714735512641684,0.8307030271594855,0.676150980642336,0.4811056544872202,0.33613153380866506,0.24101313522710485
3410,17,1.0650116857024638e-05,1.323091983795166,8.220695206272158,3.014041172196882,1.7213035737343834,1.5960566904941949,1.768129022347298,1.4744635022719192,1.3720204886030969,1.1205796673163642,0.8144788286418527,0.6734407510668254,0.4798496312738163,0.32869361424641824,0.2317612246861318
3420,17,1.0650116857024638e-05,3.0045342445373535,7.513451269894448,2.656732654350862,1.5262407153140163,1.4238577106722232,1.556025988144277,1.352109263507281,1.3510488880464009,0.991299560829562,0.7360072395621479,0.6025791117770862,0.42683192122728525,0.3049106046197294,0.20366647600290558
3430,17,1.0650116857024638e-05,3.1367249488830566,7.178088168162622,2.567920700293341,1.4232065768201854,1.3052311476396388,1.4324806972301245,1.2431802444470499,1.2145922386242913,0.9185323812478402,0.6827664609242158,0.6381408817363127,0.4221532123106237,0.29058730295341034,0.20137951693137596
3440,17,1.0650116857024638e-05,2.0777575969696045,8.02579385439533,2.7125908419484204,1.5144857914798344,1.3973208258223888,1.5026081069318242,1.3418919965853544,1.236972784609654,1.0048234253603203,0.7424819266120919,0.6410662292260939,0.43804207880450596,0.3157608946030094,0.21266498758730573
3450,17,1.0650116857024638e-05,2.9772443771362305,8.005564180112156,2.817274042346716,1.4506350091523563,1.3802472990082086,1.4334072622219087,1.2688378212239222,1.2108054577334808,0.922712706833817,0.727136168871244,0.618028827355522,0.42757712239830964,0.30970510089800696,0.19916635184077897
3460,17,1.0650116857024638e-05,2.526209831237793,7.735783465042152,2.5769561067387,1.5337612666728886,1.4857127758066184,1.5937868288900372,1.3808250245930072,1.3323012442629174,1.075334354588617,0.784139385550199,0.6733544266745394,0.4536969940636276,0.3170613691211192,0.23076858869977881
3470,17,1.0650116857024638e-05,3.045459508895874,8.87205936600536,2.752698857027849,1.4464133589831505,1.3742263230016993,1.4628256873620182,1.2464055758800836,1.272546678774672,0.9634891653536158,0.7598920653545008,0.5813496459416029,0.4344421028908315,0.300810913417016,0.21151636579581876
3480,17,1.0650116857024638e-05,2.473367691040039,9.098475872139431,3.4755287251113898,1.851596153746654,1.6926798341794242,1.845885657753225,1.5813913458702304,1.478727307100393,1.1185182094912143,0.8830443819062327,0.6619895352581527,0.522586132897933,0.3533499671941791,0.24461182468454518
3490,17,1.0650116857024638e-05,2.0542659759521484,7.650421305073679,2.885326493727334,1.503203981422222,1.3622264713133851,1.3635069814487724,1.1604633374169084,1.0580046527437998,0.8721978826229299,0.654319131284956,0.5612815310595317,0.39970609793963563,0.2855615842277594,0.2015599206870703
3500,17,1.0650116857024638e-05,2.5519068241119385,7.9467347917573665,2.8745723884292804,1.5718278896017495,1.3950165311741374,1.4926913289148571,1.3412863336498009,1.2991136205310303,0.9945083985773511,0.764143779955453,0.6293795955487513,0.4650178135932752,0.2949599371777484,0.2195147686940698
3510,17,1.0650116857024638e-05,2.68042254447937,8.511406834232197,2.808632794573941,1.4299161390082566,1.421181103501682,1.462714700623523,1.3085135995815713,1.2465201278846563,0.965069676175357,0.7506688892901567,0.5787266746088079,0.4262820146814215,0.31225748204490694,0.21969834125767687
3520,17,1.0650116857024638e-05,3.701618194580078,16.216922184597752,6.007270492182302,3.08478599836035,2.782907518867565,2.9505825154030947,2.6933941908464423,2.511480260123052,2.0602264272072643,1.4993340322399298,1.3023757164055298,1.0596420882894524,0.7849092747750571,0.6197202918318774
3530,18,1.044668386695019e-05,2.2957847118377686,7.458653994910609,2.5571673524592136,1.47747874905051,1.4229827914966287,1.4467065905824086,1.2675367640514477,1.2447859689364198,0.9443750243245798,0.7319447829851832,0.6076588637798782,0.474709218313619,0.3030191405451669,0.20416717521937783
3540,18,1.044668386695019e-05,2.0222151279449463,8.319288338058751,2.7986194777981344,1.422744285149832,1.3696482226085709,1.4906888422276585,1.2915317833006497,1.2159043309014899,0.9407760403917987,0.7368577263570104,0.588230242462527,0.4140982236678299,0.29590080710709826,0.19867886550732827
3550,18,1.044668386695019e-05,2.391446113586426,6.979268693133218,2.37683464857762,1.277998013597802,1.2744457461083523,1.373231498657741,1.1982468717018337,1.1592234998394806,0.9192440315095427,0.6905386343244312,0.5591994050780003,0.39121128049976983,0.2786123769747254,0.17843772377090805
3560,18,1.044668386695019e-05,3.2525081634521484,6.88848740491517,2.532631779804857,1.3951194386386974,1.298741427800466,1.3483189043172645,1.2103139584198206,1.1264124800721127,0.853112213505684,0.679731274069917,0.5603129793977838,0.40279868773616406,0.260410522445343,0.1905293828301019
3570,18,1.044668386695019e-05,2.7758007049560547,7.739442758276569,2.3758756970324773,1.311699212112237,1.1964614130934081,1.3239481597502702,1.134384501014479,1.1161007874660744,0.858342888793264,0.6984551693623822,0.587185656580839,0.3766486058568856,0.2671822323880009,0.1707930153587488
3580,18,1.044668386695019e-05,3.089167594909668,6.482674365439814,2.222112307975679,1.1976731178975124,1.2041845156517401,1.2794063916517218,1.1080054672538484,1.0525216207506494,0.7961559105634547,0.6407674275756973,0.5187165568417356,0.37186911545651596,0.27505583205086814,0.18672249826676776
3590,18,1.044668386695019e-05,2.3625497817993164,7.161513696650212,2.5854516654660404,1.4326139838381795,1.2751655088077691,1.3894881808368906,1.2071533100057001,1.1744077171149188,0.8647307730665954,0.6838219270656792,0.5433409860518635,0.40351704253466053,0.28088435079880236,0.19920729363595327
3600,18,1.044668386695019e-05,2.4780526161193848,6.840512744931586,2.434507535453533,1.391553375848744,1.3125228153864799,1.3938286943362945,1.256422037517499,1.1464552663924976,0.9222589501348054,0.708762642195001,0.5508798041933474,0.3838113571224354,0.30151270595846597,0.20021836403246024
3610,18,1.044668386695019e-05,2.2682433128356934,6.038733947630667,2.2842627720351536,1.2807195962979177,1.206086177019084,1.220772273942307,1.1092618645629013,0.992008717022947,0.7820995520473969,0.6091259902771918,0.4936949880328488,0.3478446990615044,0.2442200566804973,0.16920153697076418
3620,18,1.044668386695019e-05,1.4833844900131226,6.874172666740192,2.475293870925758,1.3911926973499553,1.2876850241791853,1.3719263611951147,1.2138328275254082,1.114648000566118,0.8371243935196583,0.70822317031807,0.5518468065236275,0.38773334533703385,0.294513000992416,0.20180412879168813
3630,18,1.044668386695019e-05,2.4131877422332764,8.717547144067389,3.0376581000089287,1.636104001322724,1.591555023871968,1.6237547726091908,1.5002629441672881,1.4354761841071852,1.1014459704415434,0.806396227378426,0.6889576336043124,0.4769503745293901,0.3325244554455784,0.22881669156929846
3640,18,1.044668386695019e-05,2.2944540977478027,8.530277094693094,2.964793952497505,1.6056909771364005,1.4686723260595307,1.6192089535788603,1.4373223062957905,1.3183819604303333,1.0602562036049756,0.8021399775219428,0.673572726137679,0.4939551536343609,0.35621356514615415,0.23461418069936116
3650,18,1.044668386695019e-05,2.2893741130828857,6.669351435804158,2.551184034386549,1.453262658498217,1.3919344663628634,1.4743897307428553,1.2911313471458188,1.1810410005614578,0.8424064544915483,0.6736854091106735,0.5761856192883106,0.38050044320294435,0.2736682484303624,0.19810916314483049
3660,18,1.044668386695019e-05,2.1878912448883057,6.248203934666502,2.2715478783128296,1.2840929187104686,1.2443445833767575,1.3262072842071018,1.1941850700896344,1.091980257333306,0.8101431521015962,0.6773689654485695,0.549535806987978,0.3635338835722103,0.28080907893538726,0.20414429815673663
3670,18,1.044668386695019e-05,2.0684032440185547,7.729963913013312,2.7930809747884093,1.4718223504132433,1.3629752163557407,1.3898865833484872,1.229569414976143,1.1013853696849714,0.8614608017488911,0.6868495411262103,0.5280735959518967,0.3925934666086756,0.3034700272569251,0.21673404755102388
3680,18,1.044668386695019e-05,2.0076682567596436,7.577032427878834,2.845702653808267,1.544163823291996,1.4827173637888993,1.4818289455679947,1.362504446313408,1.2861700717311704,0.989737610284824,0.7750740096188412,0.6201041077152882,0.4480284969071438,0.3256642524737888,0.23534837211116758
3690,18,1.044668386695019e-05,2.69844388961792,6.064104424566104,2.162229834213124,1.1917854381100117,1.20632477247761,1.3353826612156707,1.1729384852338205,1.0853069458816078,0.8413700759906916,0.6522212536363051,0.5553261174221406,0.38649056764790346,0.2891483810089987,0.20264521240891545
3700,18,1.044668386695019e-05,1.484606146812439,7.7835210411386155,2.5543058270039976,1.43852046423208,1.3536914913565792,1.3501952529677796,1.1748514324169128,1.165445123558853,0.8759157848676753,0.7156629425018947,0.5632078688379841,0.3835496876559843,0.26774674377731184,0.18017745453359932
3710,18,1.044668386695019e-05,2.2143309116363525,8.634042648552436,2.83154138661061,1.5270011326943758,1.3755711507919886,1.4042419593131532,1.2672872415987915,1.2170735668346069,0.9642224737172789,0.7567291414182673,0.6157736860274968,0.42352445028850333,0.3127431878972766,0.20721679263260026
3720,18,1.044668386695019e-05,2.7960269451141357,8.769538218646709,2.786502117832575,1.5892960499571742,1.516593302225571,1.4929279488981706,1.385500927997736,1.2824201890148834,0.9374516014788171,0.8009561392603912,0.6979037580712127,0.4663072136897866,0.33154162070789645,0.2271600645009883
3730,18,1.044668386695019e-05,2.569704294204712,8.557174788420499,3.017929846074566,1.7129591238096096,1.809497103069682,1.935922593943053,1.609962014211306,1.5372247119276874,1.205024078749607,0.9541862898290379,0.765818032739225,0.5081194148341768,0.38402871999970317,0.2608427618170279
3740,18,1.044668386695019e-05,1.472973108291626,8.419621512533542,2.8778951709753873,1.6092338127733172,1.5385969870261875,1.596550068858223,1.377616210457602,1.2897344155586028,0.9762978503027916,0.7817516523263994,0.6597104198603173,0.46942735690241355,0.33229840408575073,0.21506620762369022
3750,18,1.044668386695019e-05,2.115325927734375,5.762959642690532,2.3227901303677543,1.165364017277763,1.1086340201329397,1.1596210307359622,1.0093632164187651,1.0355603145491505,0.8034657449093819,0.638152397714398,0.5255172134843737,0.37002258440117164,0.2770734271588887,0.18711538887377185
3760,18,1.044668386695019e-05,1.7446869611740112,7.06034202188307,2.483766834002674,1.3904857990888126,1.3262036341514702,1.3474725312542037,1.1568119260172869,1.0939908676586938,0.8682095601513444,0.6772474572102485,0.5572717217002724,0.3784699868252841,0.28567568669453225,0.1891271599129874
3770,18,1.044668386695019e-05,2.6820883750915527,6.900296481776897,2.4106786050179068,1.3256316748374601,1.2659262584272357,1.3869592176688226,1.2057976225299158,1.1701398037629605,0.8774084143344829,0.6533700965966542,0.5466802418354262,0.36357604344844363,0.28256024505647226,0.20043810143447696
3780,18,1.044668386695019e-05,1.4533087015151978,7.40261087687062,2.7563494658443095,1.5589099709605032,1.4614425302384364,1.4895453368393319,1.3434669736431686,1.1917814860465707,0.9587971534895025,0.7801437478002303,0.6494595229007363,0.4396313176714051,0.31994734163649674,0.2183730934525736
3790,18,1.044668386695019e-05,1.3543729782104492,8.943058794630684,2.870225309769529,1.5963108981684093,1.4939556289351064,1.6214640354256649,1.4582512439562882,1.287126158776172,1.076687798366879,0.8269763695113094,0.639378620771151,0.4590647658988971,0.31579704312338985,0.21523511817182034
3800,18,1.044668386695019e-05,2.803027629852295,7.6550830178147455,2.5732977961099848,1.3536269595752215,1.1841956982669835,1.372321923334332,1.163612101524883,1.0547629239318461,0.8955956992660138,0.7104387763235427,0.5723078248643783,0.38492422651423913,0.26259291174211224,0.18937492113665605
3810,18,1.044668386695019e-05,1.2491166591644287,6.916497025457087,2.2545717207753224,1.2610619965188876,1.1236371227623012,1.2462831236699738,1.1109880033136799,1.0365082856321983,0.8018720819384106,0.622154861475235,0.5113879961084956,0.3425828297918548,0.2699007890822343,0.19197006474068318
3820,18,1.044668386695019e-05,2.4609975814819336,9.297362670058694,3.0323567227651522,1.728394058904245,1.6157172534554867,1.7000428180987983,1.5001689784199903,1.4761661344231503,1.1594625559507024,0.8876708188332713,0.7220727111218666,0.503873988321465,0.40787921760315493,0.2655470763183433
3830,18,1.044668386695019e-05,2.692068338394165,8.174196612220847,2.770186168006384,1.5334049374869956,1.4640954309024725,1.5510834298832754,1.3894258588005297,1.201770605071774,0.9863065038567976,0.7836054812862613,0.6483541697310453,0.4567613991308964,0.29377552025609976,0.2012782321657231
3840,18,1.044668386695019e-05,1.7670267820358276,7.906712484627233,2.7152975530185524,1.5895847025596939,1.536250144100951,1.6942150775749258,1.466989046734989,1.3407250786619351,1.0816885854997154,0.8946175919943341,0.7235995100364832,0.5339463794255421,0.3693018532711471,0.2620162674443692
3850,18,1.044668386695019e-05,2.259847640991211,6.088221645649096,2.112033893736502,1.2252624152628278,1.1812305577066298,1.27401036470932,1.1170843241023987,1.014944131793604,0.7504803556906089,0.5875581138197545,0.5099567750847569,0.37480667639324117,0.27551484850537317,0.1857092083910353
3860,18,1.044668386695019e-05,1.9087828397750854,6.551154122603638,2.4501846214607017,1.3397270054374624,1.2951286358612082,1.3873728100377465,1.2228544482058252,1.170320177802099,0.9089800013590692,0.7187295886067365,0.6084186036989244,0.3934193829306543,0.295980733295936,0.2183713114115345
3870,18,1.044668386695019e-05,2.8306427001953125,7.136615814370812,2.4331945820547976,1.3776989278045495,1.278303605696115,1.3474800984263282,1.168039043365104,1.2040964051644358,0.9124962723262582,0.7305351138040106,0.6075402080825925,0.4041251229538052,0.31403327932363573,0.23306781888586492
3880,18,1.044668386695019e-05,2.3017544746398926,6.748503564240083,2.313414174962824,1.2913049308886027,1.2257322062877138,1.2677962819689528,1.1296120688764655,1.093197058622997,0.8487042450602301,0.6708530058838743,0.5111401580035263,0.35546615039797924,0.2550702759702649,0.1880164604946366
3890,18,1.044668386695019e-05,2.0729193687438965,6.442700239186499,2.233710422151613,1.2499123928403542,1.172651658682155,1.310073425070034,1.1289621437355981,1.009516503468499,0.841877146113719,0.6631861477916033,0.5006749827122577,0.3720791063398242,0.2678726340399796,0.18189729166482116
3900,18,1.044668386695019e-05,2.6884522438049316,7.241542904380407,2.536915986599979,1.4248493426695414,1.4082642351754862,1.4763233673986358,1.3020060251452326,1.214516155045204,0.9329829071026284,0.7834019917101439,0.5981557807484873,0.425198017929826,0.27059701549574183,0.18662801268333754
3910,18,1.044668386695019e-05,1.8751559257507324,8.697747132887336,3.13652012366558,1.6250646393427035,1.4163216137159367,1.5833325410574293,1.3699369107274768,1.319789975117597,1.0839683998709224,0.8126531763220413,0.6704025154434152,0.45540989113007585,0.3296208227961114,0.21254281091944374
3920,18,1.044668386695019e-05,2.3376078605651855,8.135139329449954,2.4626746194029696,1.353787908915097,1.2830760824335607,1.3760933871073224,1.2089733265328984,1.0997113561870195,0.8796588387835689,0.7168779408939614,0.5952211338342887,0.44499853948160983,0.3171686858786428,0.20790074932888095
3930,18,1.044668386695019e-05,2.619174003601074,7.77552268953971,2.60225208051756,1.44895393759356,1.358323433610735,1.4396363905398235,1.2367056912320793,1.1953190511485203,0.9530348559794898,0.709837079189407,0.6099182884608567,0.3991018500636048,0.2957151550810612,0.20002303171121041
3940,18,1.044668386695019e-05,2.7216646671295166,7.449853493000279,2.491378773035234,1.4113246096772436,1.352288142682466,1.42065631092466,1.2144530596812446,1.1509856429774328,0.882404306176636,0.6836289617131559,0.5468096343119779,0.3950889888818819,0.26261618325472363,0.1804162681297377
3950,18,1.044668386695019e-05,1.8634990453720093,5.542663412076668,1.8665869373725705,1.087552397524549,1.0462156623980816,1.0949681833938858,0.9779040326392855,0.9015397060547573,0.6920834892666626,0.5510305730158636,0.4314632731665998,0.31558767025941636,0.23875332383591305,0.17150999485386167
3960,18,1.044668386695019e-05,2.2952880859375,7.810172448035608,2.825322625554417,1.573546532344055,1.501328407539575,1.5979595501769488,1.379432909482263,1.398333902655338,1.0263829693104938,0.8261365805419786,0.6768730785399371,0.46745736980997865,0.33578321908779946,0.23430475972970086
3970,18,1.044668386695019e-05,2.483741283416748,6.957056099794058,2.2948526643401315,1.209753459948395,1.15162986895011,1.2347579672068192,1.125145291349236,0.9919830022584925,0.8112222693778913,0.5876211928952688,0.5177896332808608,0.38205772045415637,0.25367369716182275,0.1734261046428657
3980,18,1.044668386695019e-05,1.5724008083343506,6.812153331946425,2.4745124120442017,1.3610414539201243,1.2929594532176434,1.3614419765270511,1.2234389392895624,1.1744236182652847,0.8915975183271049,0.7034774630016739,0.5651881178955506,0.39908894399579037,0.27496854921657377,0.19455368576164145
3990,18,1.044668386695019e-05,1.5090792179107666,6.442971199356501,2.4022065768122585,1.282599847372343,1.2241754149388684,1.32900331372828,1.1621673271636555,1.1065577062898058,0.9000750909656013,0.714176612069648,0.5132827705454347,0.40299651393520514,0.29729804320544684,0.20706150996027714
4000,18,1.044668386695019e-05,1.250213623046875,7.101215089495825,2.521987081317509,1.442531740575804,1.3938611217407406,1.525677947372438,1.3039426725772734,1.2266338648643247,0.9847273351858062,0.737324427396084,0.6034934003166124,0.43522206372197353,0.2966641883525088,0.2190464536660807
4010,18,1.044668386695019e-05,1.9547145366668701,9.159686498616528,3.2386639567724282,1.8546544513629195,1.7745812496215927,1.9926633765223156,1.6672464882726383,1.5341811177262537,1.3277053661151892,1.0030733915917023,0.7865131539593777,0.5144829365618854,0.3876279119452611,0.2483192621583497
4020,18,1.044668386695019e-05,2.7663016319274902,8.184087897955513,3.171075939643057,1.6926175875441103,1.5995946126662486,1.6820801731498436,1.5246396295364486,1.483157072672974,1.2641226521818267,0.8936447672536569,0.6973903455075435,0.5018524341397904,0.3631201789453991,0.2352870830513862
4030,18,1.044668386695019e-05,2.7780466079711914,5.8878076806346025,2.0407288266340373,1.1075553800166458,1.0637465200772591,1.087145152507297,0.9892134241002212,0.9726592373715311,0.7195402175324963,0.5798073211361907,0.4855576291992385,0.3354518018113406,0.2465240787037765,0.1757820914944981
4040,18,1.044668386695019e-05,2.35614275932312,10.877825024462664,3.244463918201414,1.6887079703977548,1.6030791403117357,1.6739442838843877,1.4078912491518458,1.340172542422653,1.1206769508530157,0.8557191100622366,0.7536791905075326,0.5142760950712656,0.37055388296449654,0.2393580108980064
4050,18,1.044668386695019e-05,2.6204657554626465,7.728521434131702,2.54661079842166,1.4193592940313329,1.2850348095363706,1.512321614384621,1.2773566144221065,1.1125215699343403,0.9212511197186449,0.6411659707030546,0.5584387828369817,0.37213168312163686,0.26366252556286185,0.19092068915482352
4060,18,1.044668386695019e-05,1.5381522178649902,9.045397173913228,2.7019173005230543,1.501026012366794,1.515008760518746,1.6118491525033525,1.342532122949462,1.2508264261644664,0.9416433789631595,0.6719845369087916,0.560836173297093,0.3781273606742648,0.2710568767305707,0.17275556677237539
4070,18,1.044668386695019e-05,2.491030216217041,8.527084584306802,2.970512391243845,1.6681691567464938,1.6328247847847834,1.740436731004948,1.5087640090130794,1.4495482000307534,1.1334534473531628,0.8403288097703584,0.7120851271667362,0.4564312255626616,0.32186699636949556,0.21798074827937514
4080,18,1.044668386695019e-05,1.7393227815628052,6.5069427460158025,2.1649798594107277,1.2486683804069516,1.2398602911776289,1.329020444102911,1.1889242133477131,1.2033663572698876,0.9020031346390961,0.6797380586854921,0.5830255882472725,0.41189476707318423,0.28676619841674683,0.20167719776340165
4090,18,1.044668386695019e-05,2.1149747371673584,7.018441586966104,2.4601721449335403,1.3695125190391852,1.313101957792055,1.4913419192193795,1.3451973860745006,1.256570256449555,0.96583003769615,0.7221439235579207,0.6562211730816215,0.4173801185571274,0.32415583262606823,0.2245648131232726
4100,18,1.044668386695019e-05,2.4051129817962646,7.321075126669144,2.3363522856549555,1.3353538954583688,1.2741021155674261,1.3985356557069506,1.2630815812579457,1.26016396689467,0.9126012389477299,0.6774005591266006,0.6032377121157723,0.388774651006735,0.2980791111172537,0.20762739818954737
4110,18,1.044668386695019e-05,2.571861505508423,8.755957813741302,2.4987154359104307,1.4071180604082127,1.3553037391834184,1.407237710096228,1.2301918298849517,1.149880059584659,1.0218008494608366,0.7462598547697832,0.6074157650799257,0.41486342220687933,0.2842154065598089,0.19718201555233364
4120,18,1.044668386695019e-05,2.1315250396728516,8.673295064835362,3.1990753048223355,1.738454672699363,1.5619598540038044,1.6069903568532828,1.3681955193937185,1.295384918694346,1.0201474348912876,0.7912305405518623,0.6370653338615013,0.4706701278536187,0.29522358676004157,0.20836826820134077
4130,18,1.044668386695019e-05,2.739151954650879,7.264903445932161,2.5562750039096094,1.3570271952194104,1.3049407432540208,1.4437134240188851,1.2740423149488584,1.173544566418698,0.9427387228295845,0.7453199227148571,0.6064303261678273,0.4336531755300403,0.29231938380100553,0.20695524055537623
4140,18,1.044668386695019e-05,2.4421777725219727,8.474145723421538,3.020093127200439,1.6665453152285903,1.6059046967217683,1.6888475421642424,1.4614339200593618,1.3764555196194244,1.0625753983234558,0.7627062136995049,0.6594070098123201,0.46964929858922777,0.3312141628161292,0.20801371309250014
4150,18,1.044668386695019e-05,2.6369760036468506,6.7362795441623975,2.5215764268647045,1.3635316688953139,1.3147478526689187,1.3638126783121876,1.2675613887846355,1.137364692393148,0.8502464568614901,0.6558607794855232,0.5248847389734331,0.38485134863388415,0.253415888558022,0.18560754837275592
4160,18,1.044668386695019e-05,2.9103755950927734,6.8641638770361135,2.3582672902826105,1.3185144762135088,1.2540469123214442,1.3161157389749338,1.0878857894153067,1.1170022600308949,0.8983813055264265,0.610337247185915,0.5111842007567905,0.37613453867962243,0.2686437795865545,0.18577434024721098
4170,18,1.044668386695019e-05,2.2316412925720215,6.799378755166175,2.1583056046827287,1.1502316876213137,1.1175914718310076,1.189470368442468,1.0615471280942048,0.9995455242032211,0.7479785233925373,0.5591650643165748,0.4901707963827915,0.34599907563825216,0.23933381423227057,0.1706222579777488
4180,18,1.044668386695019e-05,1.757424235343933,7.995914262898458,2.9258129257779664,1.6228375640251738,1.5962671282440508,1.696466071407304,1.465950489001924,1.4632514138092243,1.0252217143871862,0.763072304545742,0.679114642468691,0.4478497138381763,0.30288474508525726,0.21579570818470378
4190,18,1.044668386695019e-05,1.9557119607925415,9.206490064168477,2.8019864998005173,1.550498072449342,1.489296058452913,1.6217933616222153,1.4580199908797404,1.3304372561840674,1.06955148551309,0.7909787378147047,0.6588515189431698,0.4921452357943589,0.3355760792990158,0.24373063819854518
4200,18,1.044668386695019e-05,2.597193717956543,7.161043364204671,2.6812751654526847,1.4455560654969402,1.378232359403489,1.5088338263323193,1.2905551814236134,1.1928339370069245,0.9446180353841305,0.7121049124382903,0.547751500876644,0.42529197718007067,0.30369490607767163,0.20146844384740709
4210,18,1.044668386695019e-05,2.4685730934143066,6.376616784006213,2.217310712516261,1.3474990808795457,1.224387555475141,1.3051877468331643,1.1608318387649534,1.0993936339602164,0.8445964578067079,0.6473576984745283,0.5543563405257612,0.3846758878552308,0.2712804741520826,0.1924655758010026
4220,18,1.044668386695019e-05,2.858421802520752,8.51211723416072,3.05392065734222,1.8611586220617333,1.7092763667320965,1.8484477026923645,1.652373280737594,1.5116821129912703,1.2234067756021882,0.8696411284462524,0.6939549338687855,0.497863555767041,0.34116318529898987,0.2375140251846837
4230,19,1.0230179675848991e-05,2.744246244430542,9.149176543502499,3.1604770291039896,1.4866485996244572,1.305451822510895,1.3179704308304785,1.1633130275691654,1.2037192431982235,0.9272792495826853,0.6748095760767019,0.5819178700160773,0.3933667559028027,0.3151938480167545,0.21587662025849622
4240,19,1.0230179675848991e-05,1.1638504266738892,8.676811546973058,3.3385122971585317,1.7406905740259957,1.533324812088894,1.6116429173147062,1.3132446238719815,1.292086076158832,1.0223988244566429,0.8210710729299636,0.6307254565582678,0.4709451375427981,0.32567332224777606,0.2208435760730193
4250,19,1.0230179675848991e-05,1.440330147743225,7.781106138283995,2.7471484206597023,1.4983815265797107,1.4344920793922682,1.4731689467855025,1.3573104833383876,1.2477322047280586,0.9463626287031095,0.7262328039346798,0.6375285036458817,0.4500377697696782,0.3032663617663186,0.21090768443336308
4260,19,1.0230179675848991e-05,1.7086002826690674,6.393593817715252,2.437781537438413,1.4113114179204482,1.3431678454342855,1.4332535335287053,1.2243656855993115,1.1876112883353143,0.8941584439164623,0.6549135633054963,0.5650384494549248,0.38457946801390125,0.27273504359095085,0.19208262558356354
4270,19,1.0230179675848991e-05,2.6012892723083496,6.5500683289164465,2.163767340318053,1.2281053938719506,1.1384403442346678,1.2406796780233678,1.127815128599303,0.982711417188914,0.7895226197094968,0.5754002121426212,0.523149621296673,0.3503850298384169,0.2471955588403106,0.16953106107188307
4280,19,1.0230179675848991e-05,2.796767473220825,6.637310447162484,2.356290356985802,1.299090140656065,1.2910680376997634,1.2998664185893394,1.1470087620770437,1.101864673324832,0.8842421946186223,0.6804064343618824,0.5403670484630123,0.40749404600927663,0.29471494715072316,0.1809461383737518
4290,19,1.0230179675848991e-05,3.079472541809082,7.707340170073611,2.6593984779019757,1.4621427926405755,1.3479973045740472,1.4143580493501458,1.227686788322749,1.1738023428318949,0.9034325315952866,0.680501331089691,0.570053166842035,0.3914784927072158,0.2769185323748117,0.1979373612363657
4300,19,1.0230179675848991e-05,2.5924954414367676,8.874988762450819,2.50771584975151,1.3796949620134706,1.271915590558397,1.3539962621960395,1.1878878748201802,1.1486324693764514,0.8904266419769018,0.7218784644205479,0.5613280459323281,0.4168581993302246,0.3069334763964586,0.19431887355002678
4310,19,1.0230179675848991e-05,2.8214962482452393,7.435068643123823,2.5712052984317677,1.5240891945593238,1.5400160678806547,1.6733925841940165,1.4619061467866448,1.363756735611405,1.0096118344651843,0.800414040163661,0.6581611280757502,0.4571081750931419,0.3243866650291808,0.21600107020414958
4320,19,1.0230179675848991e-05,2.5457661151885986,6.9398057940159,2.314276278373615,1.2820941603336085,1.226887074082743,1.2709828516722428,1.1425301260907268,1.035852735628186,0.8254810442018339,0.6560488879643885,0.5530268611416217,0.37804873751741647,0.2741806049867104,0.19798784533878996
4330,19,1.0230179675848991e-05,2.8971447944641113,6.402087286523834,2.4442526982796067,1.3743559875316806,1.2233791336672821,1.3556564598989418,1.200426079244693,1.1272572891057933,0.8487312060480253,0.6569223000320625,0.5429874525380403,0.38850976049330305,0.2700140671975876,0.19577490381292903
4340,19,1.0230179675848991e-05,2.2349278926849365,6.425870858524247,2.247538500187264,1.245293620128653,1.1763158061092567,1.259337282524654,1.0946996647893317,0.9421120461858076,0.706262206951306,0.6101358500999968,0.4824461151641605,0.3264933589273817,0.24336126609202335,0.15988617461617097
4350,19,1.0230179675848991e-05,1.7755224704742432,7.906596894048633,2.9771684128619773,1.6869563872217699,1.528549149058422,1.6244856075672776,1.4525389693133404,1.3324004117982824,0.9962139695723186,0.7652499097919598,0.632138381469651,0.4517657715237251,0.3293674752552569,0.2019879169772522
4360,19,1.0230179675848991e-05,2.927635908126831,7.60599831395721,2.69669273445506,1.4943866887962065,1.3731426565353366,1.4778656310465155,1.2781329964162675,1.205550873309868,0.9644480097708623,0.7245550281961317,0.6032814297537498,0.4039448234952707,0.3006598044708202,0.2031484788388653
4370,19,1.0230179675848991e-05,1.8984994888305664,7.603111011783592,2.4525341244559797,1.366623606750387,1.2453100156364778,1.3447142475699405,1.2103435084222682,1.1250835734343694,0.8533345094910241,0.7106051658516568,0.573765420622648,0.3935132574196923,0.3236192546647363,0.20873261569923934
4380,19,1.0230179675848991e-05,2.4965734481811523,6.68806097118259,2.495323892709968,1.4462817939347699,1.3455747477518505,1.4499002791932991,1.272144930516657,1.222438836367417,0.9394705617448468,0.7282735239180045,0.6181839357627168,0.43588181873319304,0.34381952519501136,0.22027963897925046
4390,19,1.0230179675848991e-05,3.6072540283203125,7.241778085301212,2.799306913656192,1.5150755877576039,1.48439290240199,1.5999832759050128,1.425155114019089,1.2924497852904955,1.023516554844161,0.7995339183340768,0.6825191383587795,0.49646129230152386,0.3317809198474897,0.25464960673520376
4400,19,1.0230179675848991e-05,1.6774216890335083,6.548598317499099,2.5350106082040265,1.3443477074598211,1.281290796935331,1.4101762925591739,1.211835440534726,1.1765663702669873,0.8620455710905802,0.6427390609280761,0.5621919548537935,0.37951104102573396,0.2667597186957976,0.18048137694417374
4410,19,1.0230179675848991e-05,1.5890967845916748,6.854650956685225,2.2853482932284868,1.2705078289244927,1.1897974592723788,1.2730983071743527,1.1230172703173606,1.0679984405422989,0.7933277112498528,0.6412688434772664,0.5254201259089168,0.3628271798270242,0.28727128997011137,0.1973178555306055
4420,19,1.0230179675848991e-05,2.813044548034668,8.941880633745624,3.44282360076946,1.9135833944364478,1.8489641453682135,2.016716878834772,1.7403631090129055,1.5873288645381038,1.1859753191615356,0.9823955378962352,0.7593474668234631,0.505510737296294,0.35250333733844735,0.24269256388951232
4430,19,1.0230179675848991e-05,2.129619836807251,8.40172205476668,3.0156972178542687,1.6615940691205886,1.5103750775548124,1.6136074863995407,1.4120052051572038,1.3477015027170363,1.0407872617153422,0.7777038243480068,0.6778289282906549,0.4824941358385359,0.34317233537401287,0.2500423849428364
4440,19,1.0230179675848991e-05,0.8109163045883179,6.466247674572652,2.3177237827750723,1.2145801188711836,1.154437105268542,1.2006620660391054,1.0396996300442067,1.0652165444117132,0.8223651273147612,0.6378993162775699,0.5120601440843909,0.3536859471139724,0.24600419356577594,0.18967574720447
4450,19,1.0230179675848991e-05,2.702869176864624,7.5864899241906745,2.4510954032325807,1.368339763466738,1.3516178216682098,1.4468169945377871,1.2867019813494052,1.1993256814986428,0.9231636826120021,0.718949585819921,0.5548463980133539,0.38456518922983546,0.2689359514594136,0.18271978946348377
4460,19,1.0230179675848991e-05,2.3092188835144043,8.392408044308713,3.08298233398622,1.7335804644229653,1.7361651614719404,1.8251276304420365,1.6643887200812744,1.6091358787275734,1.1746630350619587,0.8798222748222095,0.7471359779211939,0.49274903774669,0.362293588967242,0.2352506548204475
4470,19,1.0230179675848991e-05,3.1679584980010986,7.146723577677383,2.6352969015115257,1.4852592841194043,1.3553528195693634,1.5048881078663439,1.2573936762304778,1.3050348819001103,0.9672726752096021,0.7570598379834487,0.6392117361262538,0.41832995933523726,0.31723501915471375,0.20169779949209743
4480,19,1.0230179675848991e-05,2.879762887954712,8.48166530360446,2.938288459512882,1.6804118377753516,1.5591101948529682,1.6881987565084218,1.531842328881402,1.4563723269410833,1.09263446885037,0.88195419375047,0.6951874464764778,0.4855110456800202,0.38083741119177517,0.2531635394041629
4490,19,1.0230179675848991e-05,1.8607630729675293,9.2604337238398,3.382530168873899,1.8339433735602486,1.7165016736878582,1.797189010356138,1.737528253270404,1.6020979258865116,1.2041630665959808,0.9383896052028954,0.6948445370501216,0.4878424109596544,0.3809787729152237,0.27299970932381024
4500,19,1.0230179675848991e-05,2.5036749839782715,6.940899078487131,2.666894496731732,1.4562908439585236,1.3269906330885588,1.4600655306951809,1.3658660830663063,1.212708834774566,1.0165121529895647,0.7635322070018761,0.6365048452105916,0.43742483607761756,0.3362736317904957,0.21092389233031986
4510,19,1.0230179675848991e-05,1.6355730295181274,6.785297694114682,2.2738135590165687,1.2031299388176664,1.149592260598852,1.237546102311874,1.1282366135702055,1.0478885547643326,0.8050110718810067,0.610086738307187,0.5607308414622758,0.38279762815743373,0.28098846651468873,0.18411990298843883
4520,19,1.0230179675848991e-05,1.9853136539459229,7.050408562535563,2.5845774513992077,1.4730785077976496,1.3850536303766465,1.564541151235608,1.331371425193194,1.2049580563777962,0.9548966300782532,0.7478891369409646,0.603849323867247,0.41049436686085916,0.3136427579889421,0.23721066538900665
4530,19,1.0230179675848991e-05,2.8274154663085938,8.237786406026697,2.817787211941505,1.6104145864735016,1.4823408933208446,1.5603273901157522,1.367271578238541,1.2565337352710089,0.9641689804994844,0.771927914278202,0.6340163074962624,0.4760065293065543,0.32676666009475647,0.22542247586874287
4540,19,1.0230179675848991e-05,2.8685860633850098,7.565382175549538,2.7725144336799485,1.593524456207878,1.5107102983317198,1.6167742628924735,1.453029995121938,1.3127375422955363,1.059977356356369,0.7746357856308651,0.7014922845735193,0.472167814275631,0.34733300478031454,0.22224611773635033
4550,19,1.0230179675848991e-05,1.2803930044174194,6.754715207805691,2.570882138208415,1.412165916210832,1.2641807902933373,1.310037901066592,1.1292730490588445,1.0281453808496086,0.7851524907838802,0.6356037129923109,0.5503707554088173,0.3499909567012642,0.25902590506262996,0.1830929408754762
4560,19,1.0230179675848991e-05,2.176281452178955,8.245855754923618,2.385522814852336,1.3313333088069832,1.2710873239143172,1.3429033071180323,1.1857852578784218,1.1275473133860203,0.9306298967078224,0.6783602922275291,0.5749169698074521,0.4007473980808371,0.30123277017914024,0.2264272874539396
4570,19,1.0230179675848991e-05,2.3054111003875732,8.150328760066015,2.8645770539522886,1.6442371744561224,1.5120471985392188,1.6644998200547338,1.420040488638549,1.4254439955184643,1.084762434935189,0.7992308332486169,0.6618082573849466,0.4371299265196449,0.3340238930631876,0.22350844646505502
4580,19,1.0230179675848991e-05,2.5010437965393066,7.145886096273569,2.292843404796601,1.3075597131258894,1.2231303327939373,1.3342618195145688,1.2088800990257744,1.1720533936598083,0.9697099904889146,0.7030913103113544,0.5450372174217272,0.3878026658472212,0.2679822713776429,0.19818659600001864
4590,19,1.0230179675848991e-05,2.409876823425293,7.180683669632757,2.4888665488169486,1.4367090900009138,1.2713856870283873,1.3377918412292706,1.1867843699625913,1.119535142982945,0.8435177505989581,0.6849933671151754,0.5535509724643046,0.38938638962106914,0.2655683998286039,0.19397555330727326
4600,19,1.0230179675848991e-05,2.7603607177734375,7.118797057777965,2.495799280391673,1.4215622018055567,1.2912960239432718,1.4124889148351623,1.2138962957482056,1.143011200016567,0.8830094888951934,0.7031297932474269,0.5537135835272986,0.39710314581713196,0.27651663679785216,0.18825269333490455
4610,19,1.0230179675848991e-05,2.553915023803711,7.579682947542461,2.577704744077956,1.4498516839239086,1.3724710887976224,1.463048168622838,1.2590492139149252,1.1497918168735972,0.8872577916163332,0.6923992693549155,0.5840244285644467,0.4066637334882377,0.3094476872995018,0.2055117032196402
4620,19,1.0230179675848991e-05,2.618227958679199,5.743066939634613,2.0335072831958727,1.1666591362188723,1.1584184549063279,1.2451420776483297,1.0691914449085607,0.9829484242038345,0.7435516997264365,0.6403791588110964,0.5000850712519466,0.3591936877910022,0.2622884229189273,0.1696816163055305
4630,19,1.0230179675848991e-05,1.579469084739685,6.441023657249389,2.271270488345612,1.2971689674009157,1.1591991751928035,1.2481007628367027,1.0922649868458456,1.0322000241846474,0.7908290600805891,0.6182271612598785,0.49908500371097425,0.3441653804161483,0.2581067443095029,0.18522186649867306
4640,19,1.0230179675848991e-05,1.2325351238250732,7.522942187128441,2.804237164804902,1.5686243120811298,1.4297551719812756,1.488276865414859,1.363173582499766,1.2750546844855426,0.943743663758282,0.7840126557148344,0.6335505500903615,0.4507233464584535,0.2968830430715852,0.19747666313558812
4650,19,1.0230179675848991e-05,2.679917573928833,7.275768448876782,2.6650900819713206,1.625804620553312,1.4129788358814135,1.4062845819620289,1.3727813765385573,1.2324300144549458,0.956549910924033,0.7121648664313153,0.6226645885021594,0.4405670695568583,0.30974332529335985,0.21388338697475215
4660,19,1.0230179675848991e-05,2.1786270141601562,6.737065151405304,2.32901204270042,1.2859020715902199,1.2015242543829776,1.3268812281635223,1.1772052971248366,1.054321563152736,0.8525663284323453,0.6512110415551462,0.5292902012962443,0.3719628300257607,0.24354215780204372,0.1820609248321586
4670,19,1.0230179675848991e-05,2.152592658996582,8.421981126083898,2.401455023130391,1.383673552121908,1.3058692065521278,1.382947821557428,1.2507069419038204,1.253782110694888,0.9813486754467835,0.6253092308154977,0.5618195752018308,0.3858661959296853,0.26383378100390453,0.17991740770927483
4680,19,1.0230179675848991e-05,2.678712844848633,8.949869058789872,3.1477485403040415,1.8341218745714039,1.6433650832902211,1.7291699901423139,1.5673824109948913,1.495852374893712,1.1845409618486433,0.9738026642936014,0.7183717908815438,0.5261195565274424,0.38115940853837155,0.25384064184793625
4690,19,1.0230179675848991e-05,2.0083084106445312,8.3421593690553,3.0161726541288987,1.6311716023712894,1.4730634659321493,1.457145579986933,1.5178735906552743,1.4112021701219706,1.0773275422135482,0.8278651933209387,0.6408164252841467,0.5059114632178964,0.3525789165425578,0.23097393839673774
4700,19,1.0230179675848991e-05,2.434713363647461,6.956828532595284,2.383842459514121,1.398781096027364,1.268595557985139,1.3262652573662532,1.187928080821855,1.1086273352578553,0.8732933920257939,0.6545155776146425,0.5228564556290725,0.39044561503088504,0.2707993420689343,0.20209737020967325
4710,19,1.0230179675848991e-05,2.823683738708496,6.583047225309006,2.3066264225472475,1.3561511724098483,1.2647569778712042,1.4000379349021324,1.2219861889502308,1.0637384966521488,0.9108019857345301,0.6419553885518319,0.5668947362853204,0.41884597901376813,0.2768749889837887,0.19580871212559106
4720,19,1.0230179675848991e-05,1.3337769508361816,10.823793542267431,3.862337882758913,1.857569084679234,1.7055264990656624,1.827753713715771,1.594385858495584,1.5076399564730205,1.2538448414725165,0.8942812919639023,0.6869383684594048,0.47962851570972054,0.3204760448005846,0.21512990998971596
4730,19,1.0230179675848991e-05,2.914234161376953,7.629873321783634,2.6325088167625226,1.402316467264988,1.3164908496854622,1.378927233313613,1.2341603468259632,1.1883166118799213,0.9251544870939841,0.7075534715892574,0.5662622811548856,0.41977554604007855,0.30629416617679545,0.1975136968492715
4740,19,1.0230179675848991e-05,2.5684361457824707,6.610829980796954,2.4871533914791404,1.4430253974667973,1.3871566033772897,1.451360857631739,1.3098653122199266,1.1914033282695575,0.9387878351334128,0.7181904517734624,0.5888977654148132,0.4350998563029004,0.3113817962776075,0.2002060614457277
4750,19,1.0230179675848991e-05,2.0499749183654785,7.963235657484603,2.7458274854959424,1.5142676417522123,1.4215811771397922,1.5205537172410797,1.3435426973240805,1.3002810245443244,0.9919052945434284,0.7582913958783277,0.611070558144343,0.4339096688761224,0.2914940403037699,0.21887505899713552
4760,19,1.0230179675848991e-05,1.2900744676589966,6.22441425355837,2.2564184927238005,1.2346070255826447,1.1837847172445821,1.2172208907287225,1.1010871695076165,0.9749871970501786,0.7347976921441702,0.6017975611490238,0.5125088604221767,0.3572436679342623,0.26425085769802664,0.17899207972751988
4770,19,1.0230179675848991e-05,2.58954119682312,7.492992779844031,2.6780188797666513,1.4802366401250147,1.3631271413794233,1.4466221522696154,1.2720770573489377,1.2561290918972532,0.9989539188263802,0.7439317215980923,0.5647678938074319,0.4139118163114525,0.3019298086188745,0.20174499752137498
4780,19,1.0230179675848991e-05,2.1406421661376953,8.008509949566658,2.749537462056568,1.5572719814396705,1.4458111789922752,1.5744655646521644,1.411382866850181,1.288148045872664,0.9844500577909325,0.7441241222796493,0.6356823261506995,0.43215296819827953,0.29074972540702115,0.19746197287779343
4790,19,1.0230179675848991e-05,3.026885509490967,8.471238682317816,2.916277458066193,1.5505165873909663,1.3198298124896224,1.421648616739648,1.2322615938393584,1.1663678145576422,0.8480927363891275,0.7212733257603479,0.6172884287062929,0.44034045977437686,0.29721368845779295,0.19702963504463805
4800,19,1.0230179675848991e-05,1.4318249225616455,7.231181043348924,2.754358542045242,1.5309344063474233,1.3417576071110096,1.469154533643947,1.2800493188542112,1.2049143794812474,0.9384166527718099,0.6885248628246327,0.5768595713018204,0.4098780110558309,0.26991352050799833,0.19891946963704224
4810,19,1.0230179675848991e-05,2.6563944816589355,8.648643004169845,2.993240883004363,1.7205257768875335,1.5413681128828969,1.669673921346738,1.4859050542271732,1.390153219895446,1.0727582354185854,0.8642945039279519,0.7181743298437714,0.4930414827660094,0.3443302162188236,0.24982146394346472
4820,19,1.0230179675848991e-05,1.975000023841858,9.11229018768947,3.0427204189211996,1.6347780416614144,1.5600438686468403,1.6497224309295424,1.471174066418762,1.3722764204339817,1.038431849014462,0.8146333033649952,0.6904698088541803,0.5076801752633378,0.340001987032932,0.24711289721751237
4830,19,1.0230179675848991e-05,1.8438427448272705,7.0615321824119635,2.630811196245062,1.4932091674485088,1.483348845390763,1.584527912576051,1.3714503972526897,1.2850443022115388,1.0002368189379283,0.7451537275908742,0.6808595382433554,0.4499534893270513,0.32059340770481937,0.23228232597405282
4840,19,1.0230179675848991e-05,2.6616721153259277,8.181758281563075,2.6189362744821834,1.4778616143669787,1.414633910929983,1.4927477145628727,1.3379956464265956,1.2076015358160561,0.8968362611646506,0.7882339964861367,0.645014347644234,0.4402053249452366,0.306084298864637,0.2131618779331301
4850,19,1.0230179675848991e-05,2.2663302421569824,9.533176153186206,3.1808700124078926,1.6858091401044994,1.6161949659333412,1.6873980807751627,1.437976843407127,1.3774880231180218,1.0338973915841276,0.7426606381260985,0.6686835141575569,0.4772086089421909,0.3080246015913032,0.21479781048107244
4860,19,1.0230179675848991e-05,2.0163025856018066,6.655004429193857,2.3349485549075917,1.2817734077499539,1.1931757955234574,1.3026423739257913,1.1465690557936885,1.09771058862938,0.8503391633655588,0.6937335332164052,0.5291507751927963,0.4165519925347629,0.2977301223367175,0.1955637038245804
4870,19,1.0230179675848991e-05,1.9493002891540527,5.927270066513366,2.0368696632889214,1.1599710207410125,1.0531866307606603,1.0948412763823945,0.9367827646036344,0.9523488605296038,0.7121209072391624,0.571079994602003,0.46369251799281447,0.3589759782943724,0.2625126944487849,0.19318734335665672
4880,19,1.0230179675848991e-05,1.5207160711288452,6.315216177100559,2.449068887811753,1.3554219508822392,1.3150235143412945,1.3772216337239507,1.228577213923517,1.2354545868232947,0.8877887163181944,0.7255622277105908,0.5841584358562883,0.42900542638894373,0.2922857770736364,0.19016078659176822
4890,19,1.0230179675848991e-05,1.861762285232544,7.501283829116499,2.6580142552690105,1.5027633464406926,1.3784406190890197,1.4412875161504295,1.2765832100622456,1.2607511547006662,0.9821686370313557,0.7031523593086882,0.6495269666097846,0.4198253673863631,0.28923577979249304,0.21139634822495243
4900,19,1.0230179675848991e-05,3.0285544395446777,7.144832406046167,2.642220920949218,1.4041691131604126,1.3220102766509418,1.383027259926192,1.2708028080843359,1.2136288582360137,0.9125052853841487,0.7141429611886241,0.549336490379843,0.41134396965654824,0.2749372144523025,0.18958473979850496
4910,19,1.0230179675848991e-05,2.6393134593963623,7.246629505615531,2.7776352449878323,1.4842749894089784,1.409562661660234,1.5281710430686295,1.2858641211358928,1.1517323188569468,0.9475438551442446,0.7045200871662507,0.5923666315897899,0.4209234725732284,0.2919467772900871,0.20103591017287312
4920,19,1.0230179675848991e-05,3.13710880279541,7.235160323018146,2.5319631291383566,1.4160799454188528,1.343264966646717,1.398349331326587,1.240109534109847,1.224888990282275,0.9182003850384504,0.7203464286625435,0.5516051852950402,0.4009702122775941,0.316846075644855,0.21210363177528813
4930,20,1.0001310475391523e-05,2.3580894470214844,6.492296981305053,2.4258322652385966,1.350432719594962,1.2143200465375046,1.2884003562176445,1.158492292359692,1.0987962215345257,0.7811841009424338,0.6149605104246211,0.5370550230110658,0.359086525605497,0.2561296516809773,0.17844590486117579
4940,20,1.0001310475391523e-05,1.501795768737793,6.318327564418839,2.2539844487042484,1.2123657297178012,1.1639781144157204,1.2267292263268594,1.1051612641092394,1.0583842470403402,0.7910153188454659,0.6109647979618247,0.5162741837718735,0.36460599352954337,0.24374232911299956,0.1622370286837629
4950,20,1.0001310475391523e-05,3.180906295776367,8.097751498565387,2.9998943161347094,1.7761059232423813,1.619496169335129,1.7648922750309441,1.5542183408435715,1.5004391562003856,1.0948003680023555,0.7682628062760162,0.6767442719019126,0.48323666414330646,0.3239430281989542,0.21222295239210476
4960,20,1.0001310475391523e-05,2.8711583614349365,6.74247921758765,2.2393237797552503,1.2280078099794158,1.1273281822518406,1.186884536526669,1.0292856167859805,0.9738560729114614,0.7903482247167442,0.6258826823814156,0.5270417489624103,0.37546274029486804,0.2771862404596994,0.18815568622351342
4970,20,1.0001310475391523e-05,2.508275032043457,7.41752822773111,2.75752728017054,1.6258843804625345,1.4956918593442499,1.5522488961407486,1.4173745134171978,1.4138311750051493,1.114014972896159,0.7811311433390381,0.6544210205703862,0.470194236911266,0.34057972623203464,0.22795588992256682
4980,20,1.0001310475391523e-05,2.8346056938171387,7.325495142574567,2.6240773400419672,1.5180132724092663,1.3465578189063316,1.4709038836069126,1.3229625149680877,1.2218352951451534,0.9167004421870614,0.6742213152032562,0.5534775635066884,0.38344965991591595,0.28848562007176676,0.20092710626200977
4990,20,1.0001310475391523e-05,1.5766241550445557,8.473310849340045,2.9688780930296734,1.640555652361902,1.4968712062738778,1.7061108020301698,1.4863000718601078,1.339284827821107,0.9965011445813081,0.7388072421915647,0.6244917489640129,0.44000826989411335,0.3268854827106127,0.24492413823589382
5000,20,1.0001310475391523e-05,1.5044054985046387,9.182271171393923,3.3131789308268864,1.6471961812423617,1.536840611636292,1.616283341043637,1.4063933297798583,1.2995362694513455,1.00390752636047,0.7567123283207355,0.6116948975840426,0.44126523317772576,0.3049943294269428,0.20756932386137164
5010,20,1.0001310475391523e-05,2.1056180000305176,6.601040487320304,2.490986153733866,1.3703547401234184,1.2794656874436061,1.350949220950611,1.164367942669554,1.0704296307624366,0.8146461494661777,0.6345173638436787,0.5175414350515424,0.35390078343636944,0.2543143045442965,0.1845759258062398
5020,20,1.0001310475391523e-05,2.7384192943573,8.762119082211303,3.1463603320332956,1.6590317102480492,1.552592351685368,1.617377966296105,1.4802355236402642,1.4217184675601955,1.1431894382049133,0.8554300394625651,0.6857378941108175,0.5154068691790724,0.35491124019755527,0.23702720493924145
5030,20,1.0001310475391523e-05,2.597965955734253,7.161541138912076,2.25256667962268,1.280939653784418,1.2306663460018639,1.31255424156728,1.1262586283159144,1.003034973353735,0.8537957364067138,0.6331798898489379,0.48072835111439755,0.35169707738828554,0.2517060378301782,0.16695077990107995
5040,20,1.0001310475391523e-05,2.5054924488067627,8.063519855288018,2.8456836616850985,1.5901789202449412,1.4858015290260087,1.5573403800662027,1.4212008262846136,1.365225003672329,1.0225913219471385,0.759175500592231,0.685849920525866,0.45735643684922556,0.3387335519867653,0.22454743843307254
5050,20,1.0001310475391523e-05,1.7687244415283203,6.5992060838358775,2.3625798813187466,1.253096322666776,1.2222508613546506,1.256988504783906,1.1424842318292234,1.0515749347805419,0.8559381671921056,0.6557375622412521,0.560727570553124,0.37213203491271357,0.2806253215581056,0.18450655076108316
5060,20,1.0001310475391523e-05,2.790248155593872,9.322836657006475,3.405381831205831,2.01503164713241,1.9250653804715714,1.8661344945837648,1.589808364181175,1.4937793117959446,1.175999805328234,0.8958907847825324,0.7355255580217183,0.48852785066573107,0.3300215799544496,0.25079897987967104
5070,20,1.0001310475391523e-05,2.030480146408081,7.830935789783875,2.694680738050829,1.5874588240772596,1.4860627247629405,1.6087873090963938,1.4058899582047417,1.3156814922822535,0.9961920643756862,0.8041562421370713,0.6832259605599316,0.4541474059116437,0.30274257482070366,0.22403611769608314
5080,20,1.0001310475391523e-05,2.3499510288238525,6.641260974249964,2.5218762257005327,1.3344780324559975,1.2191451665026123,1.213947253593759,1.1609811181820366,1.0905727759527866,0.855009475261713,0.7084683901833413,0.5730772027312089,0.3783664353913372,0.31106272418826963,0.21515989398644975
5090,20,1.0001310475391523e-05,1.5573534965515137,6.823846676695637,2.4493629333546862,1.400011888185732,1.3228590359526684,1.3564441862335088,1.1775047296212788,1.1750937528337553,0.9135694948466887,0.6889747968828517,0.5945535186029874,0.40501511748480173,0.2866109495098074,0.20922500030374028
5100,20,1.0001310475391523e-05,2.4424479007720947,9.028668522451182,3.262784571598447,1.713646755670667,1.550191754806791,1.6513620266672993,1.4594851304378171,1.4225484906662762,1.0930183671906268,0.799717560131564,0.6565914720007939,0.4541333535393283,0.324606773204129,0.2053275174818403
5110,20,1.0001310475391523e-05,2.533097982406616,7.053060252296377,2.4636306474330456,1.368183982367668,1.2660448650615193,1.2760501257668142,1.1918484946610337,1.1200054714311538,0.8687124257674463,0.6592736526357359,0.5483041498819713,0.39218610922570496,0.2723211778326123,0.19219130495396958
5120,20,1.0001310475391523e-05,2.402730941772461,7.006029045598235,2.5228939941653574,1.4134920011091427,1.3270278601155092,1.429523000709681,1.2354424188066953,1.1539510717482018,0.9219447343154494,0.7304079174905488,0.5562839351265234,0.43108672569120915,0.30562569444594523,0.19673752636088848
5130,20,1.0001310475391523e-05,2.526398181915283,10.954893250555097,3.9163333793336474,2.119263131197813,2.0152389122578116,2.096038573258549,1.8535903076128695,1.874832854389442,1.4187795532538106,1.0849280281149978,0.8734024714062173,0.5768942666982843,0.41339901550733127,0.24875817832425548
5140,20,1.0001310475391523e-05,2.4579546451568604,7.962542909337381,2.6162443288590573,1.4481595347807887,1.3461906788872104,1.467574940015925,1.2490903441586818,1.302872357684112,0.9876137920450254,0.7271628106269945,0.6253074610872243,0.4400589525591078,0.3133864512845945,0.2244665594813239
5150,20,1.0001310475391523e-05,2.905167818069458,6.571667037565283,2.235377283533444,1.2195285654263728,1.1367203862077695,1.216009197933168,1.0731676526525817,1.0439911779217623,0.8246393996847243,0.627499032713974,0.5618914264219464,0.3861216466474845,0.28014978234226134,0.19309669209333383
5160,20,1.0001310475391523e-05,2.1107044219970703,8.459737666373822,2.9936160974220742,1.6820388604439114,1.580739761851836,1.6260983455324947,1.4364527456041236,1.3676466816166282,1.0312413075840587,0.8539142523584569,0.6945307236208909,0.48344972346994836,0.34582160586029503,0.23873517735110272
5170,20,1.0001310475391523e-05,3.02229905128479,8.283699695511688,2.7661792604796105,1.5749656805266932,1.4894706323085205,1.6075993720327961,1.4298253625402937,1.2621600330118634,0.9735970141038004,0.7913157826289174,0.6496323093186677,0.4368860885734754,0.3083998149214783,0.21521217921282743
