step,epoch,lr,loss,grad_norm_global,grad_norm_encoder.blocks.0,grad_norm_encoder.blocks.1,grad_norm_encoder.blocks.2,grad_norm_encoder.blocks.3,grad_norm_encoder.blocks.4,grad_norm_encoder.blocks.5,grad_norm_encoder.blocks.6,grad_norm_encoder.blocks.7,grad_norm_encoder.blocks.8,grad_norm_encoder.blocks.9,grad_norm_encoder.blocks.10,grad_norm_encoder.blocks.11,M_max_abs_encoder.blocks.0.attn_router,M_off_diag_mass_encoder.blocks.0.attn_router,M_max_abs_encoder.blocks.0.mlp_router,M_off_diag_mass_encoder.blocks.0.mlp_router,M_max_abs_encoder.blocks.1.attn_router,M_off_diag_mass_encoder.blocks.1.attn_router,M_max_abs_encoder.blocks.1.mlp_router,M_off_diag_mass_encoder.blocks.1.mlp_router,M_max_abs_encoder.blocks.2.attn_router,M_off_diag_mass_encoder.blocks.2.attn_router,M_max_abs_encoder.blocks.2.mlp_router,M_off_diag_mass_encoder.blocks.2.mlp_router,M_max_abs_encoder.blocks.3.attn_router,M_off_diag_mass_encoder.blocks.3.attn_router,M_max_abs_encoder.blocks.3.mlp_router,M_off_diag_mass_encoder.blocks.3.mlp_router,M_max_abs_encoder.blocks.4.attn_router,M_off_diag_mass_encoder.blocks.4.attn_router,M_max_abs_encoder.blocks.4.mlp_router,M_off_diag_mass_encoder.blocks.4.mlp_router,M_max_abs_encoder.blocks.5.attn_router,M_off_diag_mass_encoder.blocks.5.attn_router,M_max_abs_encoder.blocks.5.mlp_router,M_off_diag_mass_encoder.blocks.5.mlp_router,M_max_abs_encoder.blocks.6.attn_router,M_off_diag_mass_encoder.blocks.6.attn_router,M_max_abs_encoder.blocks.6.mlp_router,M_off_diag_mass_encoder.blocks.6.mlp_router,M_max_abs_encoder.blocks.7.attn_router,M_off_diag_mass_encoder.blocks.7.attn_router,M_max_abs_encoder.blocks.7.mlp_router,M_off_diag_mass_encoder.blocks.7.mlp_router,M_max_abs_encoder.blocks.8.attn_router,M_off_diag_mass_encoder.blocks.8.attn_router,M_max_abs_encoder.blocks.8.mlp_router,M_off_diag_mass_encoder.blocks.8.mlp_router,M_max_abs_encoder.blocks.9.attn_router,M_off_diag_mass_encoder.blocks.9.attn_router,M_max_abs_encoder.blocks.9.mlp_router,M_off_diag_mass_encoder.blocks.9.mlp_router,M_max_abs_encoder.blocks.10.attn_router,M_off_diag_mass_encoder.blocks.10.attn_router,M_max_abs_encoder.blocks.10.mlp_router,M_off_diag_mass_encoder.blocks.10.mlp_router,M_max_abs_encoder.blocks.11.attn_router,M_off_diag_mass_encoder.blocks.11.attn_router,M_max_abs_encoder.blocks.11.mlp_router,M_off_diag_mass_encoder.blocks.11.mlp_router
10,0,2.375726401805878e-06,2.7190370559692383,6.906708758799947,1.1851243155900564,0.7156432378025265,0.69764037683928,0.8171329525141509,0.7860026475106068,0.9196126136364932,0.8514368348596938,0.8158932843557369,0.8738693727477185,0.8970639419534483,0.8162661113081411,0.8791898253390079,0.9998259544372559,0.0007160941604524851,0.999950110912323,0.0004761273739859462,0.999984622001648,0.0007069186540320516,1.0000386238098145,0.0004972676979377866,1.0000731945037842,0.000641313090454787,1.0001219511032104,0.0004917341284453869,1.0001411437988281,0.0004613658820744604,1.000154972076416,0.0007353158434852958,1.000168800354004,0.0007379184244200587,1.0002835988998413,0.001241382327862084,1.000147819519043,0.0010704228188842535,1.0002843141555786,0.0011293271090835333,1.0001641511917114,0.0009365792502649128,1.0003230571746826,0.0010431223781779408,1.00026535987854,0.001017700182273984,1.000300407409668,0.0011481494875624776,1.0002822875976562,0.0012794574722647667,1.0006448030471802,0.0014855391345918179,1.0006383657455444,0.0013720610877498984,1.000618815422058,0.001255339477211237,1.0005450248718262,0.0012635844759643078,1.0005406141281128,0.0012117645237594843,1.00057053565979,0.0011322483187541366,1.0005244016647339,0.0011069861939176917
20,0,2.375726401805878e-06,3.478555679321289,7.284407142373821,1.3278924703769317,0.7429858555027687,0.7118555092943609,0.8147383832822884,0.7359027273339916,0.7970750468854036,0.7413641199990406,0.8172246998823839,0.8658423199521641,0.7702658067531108,0.6983228289119299,0.7290886253079166,0.9999538064002991,0.0009868075139820576,0.9999991059303284,0.00017376393952872604,1.000327229499817,0.0018707154085859656,1.000363826751709,0.001706502865999937,1.000471591949463,0.0020363873336464167,1.0005766153335571,0.0020253686234354973,1.0004405975341797,0.0019329305505380034,1.0006991624832153,0.0019690573681145906,1.0006170272827148,0.00196896237321198,1.000878930091858,0.002584039466455579,1.0007134675979614,0.0021174526773393154,1.0008503198623657,0.00253892014734447,1.0006805658340454,0.002348858630284667,1.0008940696716309,0.002681171288713813,1.0008366107940674,0.0026809414848685265,1.0008540153503418,0.002987936604768038,1.0008232593536377,0.0031157457269728184,1.00139319896698,0.003159862942993641,1.0013679265975952,0.0029342363122850657,1.0012928247451782,0.0030823072884231806,1.0012551546096802,0.003170847659930587,1.0011364221572876,0.0029409120324999094,1.001197099685669,0.002866610186174512,1.00092613697052,0.0025093292351812124
10,0,2.375726401805878e-06,2.7180347442626953,6.906339588213971,1.1844312235634973,0.7156146796006474,0.6975833498508199,0.8173484494194313,0.7858347528989573,0.918953803380986,0.8510039966977476,0.8158966229285698,0.8735946224062917,0.896664592783429,0.8161655128323456,0.8791845225488559,0.9998266696929932,0.0007145336712710559,0.9999499320983887,0.000476676708785817,0.9999840259552002,0.0007081519579514861,1.000040054321289,0.0004996375646442175,1.0000733137130737,0.0006418043049052358,1.0001219511032104,0.0004926883266307414,1.000142216682434,0.00046497007133439183,1.0001556873321533,0.0007350377854891121,1.000169038772583,0.0007378616137430072,1.0002849102020264,0.0012423418229445815,1.0001479387283325,0.0010702767176553607,1.000285029411316,0.0011266147485002875,1.0001637935638428,0.0009377062669955194,1.0003223419189453,0.0010441138874739408,1.0002654790878296,0.0010192948393523693,1.0003002882003784,0.0011496162042021751,1.0002822875976562,0.0012800664408132434,1.0006446838378906,0.0014857721980661154,1.0006382465362549,0.0013724014861509204,1.000618815422058,0.0012564569478854537,1.000545859336853,0.0012653464218601584,1.0005407333374023,0.0012131405528634787,1.0005704164505005,0.001132398028858006,1.0005251169204712,0.001108645461499691
30,0,2.375726401805878e-06,3.0254769325256348,6.678952026275715,0.974488243037313,0.541445504862021,0.5255915955299834,0.5908621906235149,0.5621915666693312,0.660030260595717,0.569164992391632,0.5831852878261313,0.6209981310125494,0.5940602055484175,0.569619204045236,0.5817549369305016,1.0003081560134888,0.0009382338030263782,1.000211477279663,0.0008833755273371935,1.0005453824996948,0.0026103504933416843,1.0006076097488403,0.002604027511551976,1.0007394552230835,0.003136758226901293,1.0009108781814575,0.0032495094928890467,1.0007290840148926,0.0033525973558425903,1.0011812448501587,0.003487813286483288,1.0010710954666138,0.0035561753902584314,1.0013790130615234,0.0041539897210896015,1.0011703968048096,0.003821812802925706,1.0014309883117676,0.0044292863458395,1.0013031959533691,0.004262297414243221,1.0014429092407227,0.004661255516111851,1.0013824701309204,0.004715414717793465,1.001389980316162,0.005070651415735483,1.0013689994812012,0.005184762645512819,1.0020018815994263,0.005158451851457357,1.0019389390945435,0.004883141722530127,1.0017520189285278,0.004771202802658081,1.001814365386963,0.005003567319363356,1.0015071630477905,0.0044601778499782085,1.0014910697937012,0.004219830501824617,1.0010063648223877,0.0037081302143633366
20,0,2.375726401805878e-06,3.479688882827759,7.283033465397566,1.3273314887558378,0.7426763346215686,0.7115586487037421,0.8144841948527479,0.7356087480761623,0.7968388866730322,0.7408239213576172,0.8165409232089814,0.8651371031673464,0.7698916308559604,0.6980527950139679,0.7289145947677369,0.999952495098114,0.0009821769781410694,0.9999998211860657,0.00017355135059915483,1.00032639503479,0.001869962434284389,1.0003644227981567,0.0017114052316173911,1.0004719495773315,0.0020387195982038975,1.0005775690078735,0.0020290943793952465,1.000440239906311,0.0019374290714040399,1.0007001161575317,0.001972140045836568,1.0006191730499268,0.00197017565369606,1.0008809566497803,0.002588516566902399,1.0007132291793823,0.002118307165801525,1.0008519887924194,0.002537381835281849,1.0006799697875977,0.0023504458367824554,1.0008925199508667,0.0026832404546439648,1.0008360147476196,0.0026833764277398586,1.0008533000946045,0.0029882502276450396,1.0008236169815063,0.0031169578433036804,1.0013920068740845,0.0031606678385287523,1.0013670921325684,0.002937146695330739,1.0012925863265991,0.0030853876378387213,1.0012567043304443,0.0031734055373817682,1.0011370182037354,0.002944953739643097,1.0011969804763794,0.0028681252151727676,1.0009268522262573,0.0025131909642368555
40,0,2.375726401805878e-06,3.6816649436950684,6.1640464500973575,0.909852611595607,0.474596736908956,0.4627453396528066,0.5308554200246629,0.4860671640290021,0.5628532881057219,0.4910268655646229,0.541423745259723,0.554866249160239,0.5476004157908598,0.5195012340163903,0.5420813010698978,1.0004167556762695,0.0009485916816629469,1.0003337860107422,0.0012678626226261258,1.0005218982696533,0.0030641548801213503,1.000595211982727,0.003103464376181364,1.000771403312683,0.004016310442239046,1.0010077953338623,0.004144694190472364,1.0008347034454346,0.0041853757575154305,1.0014368295669556,0.00451236916705966,1.0013233423233032,0.0045856088399887085,1.0017225742340088,0.005231989547610283,1.0014662742614746,0.004986136686056852,1.0018001794815063,0.005659738089889288,1.0016714334487915,0.005607559345662594,1.0017480850219727,0.00602186843752861,1.001649022102356,0.0061143627390265465,1.0017333030700684,0.006593082100152969,1.0017188787460327,0.00672801723703742,1.0023226737976074,0.00659576803445816,1.0022867918014526,0.0064023747108876705,1.0019866228103638,0.006232480984181166,1.002064824104309,0.006490084808319807,1.0016757249832153,0.005948788486421108,1.0016273260116577,0.005869459826499224,1.0014725923538208,0.005282961763441563
30,0,2.375726401805878e-06,3.0242950916290283,6.678657524122697,0.9745008196556109,0.5414863265110352,0.5255745750525113,0.5907863660189923,0.5619854463537427,0.6600003493847255,0.569013114274848,0.5829792409131247,0.6206609961805969,0.5941423305485595,0.5695789409157785,0.5817494637002656,1.0003066062927246,0.0009334252099506557,1.0002126693725586,0.0008838580106385052,1.0005444288253784,0.002609046408906579,1.0006085634231567,0.002611859468743205,1.0007402896881104,0.003139851614832878,1.0009121894836426,0.003254919545724988,1.000728726387024,0.0033590691164135933,1.0011824369430542,0.0034896479919552803,1.0010735988616943,0.003558330936357379,1.0013813972473145,0.004159936681389809,1.00117027759552,0.003821829566732049,1.0014325380325317,0.004429135005921125,1.001301884651184,0.004261546768248081,1.0014411211013794,0.004663616884499788,1.0013811588287354,0.004716617055237293,1.0013890266418457,0.005071249790489674,1.0013689994812012,0.00518621364608407,1.001999855041504,0.005161983892321587,1.0019371509552002,0.0048872847110033035,1.0017516613006592,0.004776733927428722,1.0018157958984375,0.005008307751268148,1.0015074014663696,0.004467166028916836,1.0014901161193848,0.004224120173603296,1.0010071992874146,0.0037154615856707096
50,0,2.375726401805878e-06,3.416872024536133,6.3932072701232165,0.8212721972649181,0.5313144382300551,0.5131044811416905,0.597729910978165,0.5285868696348679,0.6100520047377689,0.5614071970530771,0.5103595244357128,0.5048545183944263,0.5387653839565759,0.5044829865141737,0.5334426143500574,1.0004807710647583,0.0013965959660708904,1.0001722574234009,0.0006116301519796252,1.000524640083313,0.003299236996099353,1.000594139099121,0.003214889904484153,1.0007866621017456,0.004194475244730711,1.0010840892791748,0.00435425853356719,1.0008128881454468,0.004494448658078909,1.0016846656799316,0.004999893717467785,1.0015332698822021,0.005003640428185463,1.001999855041504,0.005773714277893305,1.0017198324203491,0.005521266721189022,1.0022211074829102,0.006436186842620373,1.0020432472229004,0.006355282384902239,1.0021069049835205,0.006810514722019434,1.0019439458847046,0.006907345727086067,1.0021436214447021,0.007545342668890953,1.0020999908447266,0.007571121212095022,1.0027676820755005,0.007431808393448591,1.002738356590271,0.007120527792721987,1.002478003501892,0.007016926072537899,1.0025675296783447,0.00723526906222105,1.0020520687103271,0.0064484598115086555,1.0019111633300781,0.0063408371061086655,1.001447319984436,0.005383957177400589
40,0,2.375726401805878e-06,3.682253837585449,6.161662396189585,0.9091379444154081,0.47432392036616255,0.4623164634324905,0.5304668684998272,0.4857214126849427,0.5625193519879423,0.49076236856177713,0.5410022036177365,0.5544301799741836,0.5474649973201028,0.519490477185739,0.5420043714258553,1.0004150867462158,0.0009416345856152475,1.0003362894058228,0.0012713612522929907,1.0005208253860474,0.0030626310035586357,1.0005956888198853,0.0031142160296440125,1.0007719993591309,0.004020124673843384,1.0010088682174683,0.004152289591729641,1.0008381605148315,0.0041930191218853,1.0014370679855347,0.004514408763498068,1.0013245344161987,0.004589779768139124,1.0017242431640625,0.005241310223937035,1.0014654397964478,0.004986762534826994,1.0018011331558228,0.005662732291966677,1.0016697645187378,0.00560676958411932,1.0017460584640503,0.006026622839272022,1.0016474723815918,0.006115008145570755,1.0017316341400146,0.006595617160201073,1.0017186403274536,0.006730816792696714,1.0023199319839478,0.00660447683185339,1.002285122871399,0.006409757770597935,1.0019866228103638,0.006241119001060724,1.0020673274993896,0.006498528644442558,1.0016762018203735,0.005960096139460802,1.0016260147094727,0.005879051983356476,1.0014744997024536,0.00529108289629221
60,0,2.375726401805878e-06,3.4297332763671875,5.735344741919059,0.9944536555454295,0.6018651382483814,0.6363966654898926,0.7187438473125534,0.5784695585146238,0.6191155971455916,0.5330263767680926,0.5712889092556258,0.5529381615136432,0.5287705597793987,0.47542885900209025,0.5239529517577703,1.000583529472351,0.0014030999736860394,1.0001931190490723,0.0006060900632292032,1.000441312789917,0.002976188203319907,1.0005143880844116,0.0029760778415948153,1.0006446838378906,0.003753859084099531,1.0009394884109497,0.0041185724548995495,1.0006910562515259,0.004377746023237705,1.0015186071395874,0.005084442440420389,1.0013928413391113,0.005045185796916485,1.001916527748108,0.00607696920633316,1.001600742340088,0.005760028958320618,1.002426266670227,0.007088125683367252,1.002148151397705,0.006831778213381767,1.0023291110992432,0.0073083839379251,1.0021016597747803,0.00728730158880353,1.0023949146270752,0.008066809736192226,1.0022739171981812,0.007889076136052608,1.0030027627944946,0.007718474138528109,1.0029504299163818,0.007268731947988272,1.0027799606323242,0.0072496309876441956,1.0028668642044067,0.0075100199319422245,1.002171277999878,0.00641440786421299,1.0019186735153198,0.006199260707944632,1.0013859272003174,0.005419103894382715
50,0,2.375726401805878e-06,3.4153151512145996,6.392244324349758,0.8207888402241706,0.531263016536091,0.5129696601552596,0.5973774882777939,0.5285330420412997,0.6100455443836289,0.5613351308613029,0.5102204921730171,0.5048816851597858,0.5389367750665905,0.504537533247619,0.5334454721937567,1.000479817390442,0.001385561190545559,1.0001755952835083,0.0006178687908686697,1.000523328781128,0.0032983848359435797,1.0005940198898315,0.0032239865977317095,1.0007867813110352,0.00419987365603447,1.0010851621627808,0.004362193867564201,1.0008114576339722,0.004502324853092432,1.001684308052063,0.005003051832318306,1.001534342765808,0.005010457709431648,1.0020016431808472,0.00578734977170825,1.001719355583191,0.005525869783014059,1.0022226572036743,0.006441596895456314,1.0020418167114258,0.006355347111821175,1.0021052360534668,0.006816555745899677,1.0019429922103882,0.006909469608217478,1.0021421909332275,0.007548709399998188,1.002099871635437,0.007575460243970156,1.0027652978897095,0.007444617338478565,1.0027369260787964,0.007130423095077276,1.0024785995483398,0.0070282272063195705,1.002570390701294,0.007246687542647123,1.0020525455474854,0.006459574680775404,1.0019100904464722,0.006351066753268242,1.0014498233795166,0.0053955926559865475
70,0,2.375726401805878e-06,2.773266077041626,5.049614630028667,0.8021491525461136,0.47167719774224515,0.44755073154067,0.48825227850175223,0.4630094372081063,0.5501721233912665,0.47540544819166625,0.44115175184781524,0.4317626734749336,0.44957171670107143,0.40074181444785567,0.44013917148345316,1.0005829334259033,0.0018036431865766644,1.00007963180542,0.0001647774042794481,1.0003682374954224,0.0027955786790698767,1.000502109527588,0.002858084160834551,1.0005239248275757,0.0035604112781584263,1.0008567571640015,0.0038949104491621256,1.0005180835723877,0.003892854554578662,1.001369595527649,0.0047504897229373455,1.0011953115463257,0.004601393360644579,1.0019111633300781,0.005925176199525595,1.001495599746704,0.005434076767414808,1.0026627779006958,0.007321842014789581,1.002297282218933,0.007030560169368982,1.0025925636291504,0.007479877211153507,1.002305030822754,0.007447680924087763,1.0027098655700684,0.008397785015404224,1.0025410652160645,0.008103115484118462,1.0033273696899414,0.007944726385176182,1.0032572746276855,0.007399154361337423,1.003002405166626,0.0073701548390090466,1.0030897855758667,0.007691069971770048,1.002333164215088,0.006475110538303852,1.0020524263381958,0.006215544417500496,1.0013188123703003,0.005202149972319603
60,0,2.375726401805878e-06,3.430964946746826,5.736591671964838,0.9943690288465451,0.6021923241473303,0.6367813624856997,0.7189513109055615,0.5785441433533656,0.6189437399742796,0.5333646848709308,0.5716120002846907,0.5533734525958417,0.5292038728793091,0.4755648256453302,0.5240479143512817,1.0005828142166138,0.0013905742671340704,1.0001978874206543,0.0006189544219523668,1.000440001487732,0.0029770557302981615,1.0005133152008057,0.0029862066730856895,1.0006442070007324,0.003760701045393944,1.0009404420852661,0.004130353219807148,1.0006928443908691,0.004385609645396471,1.00151789188385,0.005091217812150717,1.0013946294784546,0.005056405905634165,1.0019179582595825,0.006095379125326872,1.0016003847122192,0.005768200848251581,1.002428412437439,0.007095926441252232,1.0021467208862305,0.006833049468696117,1.002327561378479,0.007315566763281822,1.0021001100540161,0.007290422450751066,1.002393364906311,0.008068490773439407,1.002273678779602,0.007893283851444721,1.0030001401901245,0.0077309878543019295,1.0029494762420654,0.007279393263161182,1.002780556678772,0.007258135825395584,1.0028694868087769,0.007521814666688442,1.002171277999878,0.006424291525036097,1.0019177198410034,0.006209525279700756,1.0013878345489502,0.005429590120911598
80,0,2.375726401805878e-06,3.506950855255127,5.500362617900733,0.8010357405529289,0.5243043635719495,0.5147339546089653,0.5395528272163245,0.5223944100304697,0.5921544159239789,0.48369512694290595,0.48926236067584006,0.4893485045256809,0.48298170624365605,0.4368561370727869,0.4468821179215592,1.0007457733154297,0.002109476365149021,1.0000265836715698,0.0004938110942021012,1.0002377033233643,0.002657257951796055,1.0004054307937622,0.0026420108042657375,1.0003072023391724,0.0031756930984556675,1.0006675720214844,0.0034154916647821665,1.000317096710205,0.003378461580723524,1.0012093782424927,0.004252468701452017,1.0010044574737549,0.0042120018042624,1.0019469261169434,0.005820496939122677,1.001434326171875,0.005246482323855162,1.0028648376464844,0.007592987269163132,1.0024521350860596,0.007319668307900429,1.0028830766677856,0.007908887229859829,1.0025641918182373,0.00798024795949459,1.0030500888824463,0.009092144668102264,1.0028375387191772,0.008783404715359211,1.003700852394104,0.008724140003323555,1.0036544799804688,0.008173979818820953,1.003255844116211,0.008026139810681343,1.003350853919983,0.008411061018705368,1.0024925470352173,0.006970573682337999,1.0022127628326416,0.006668205838650465,1.0013906955718994,0.005541007965803146
70,0,2.375726401805878e-06,2.7718398571014404,5.054438312199205,0.8024531682407497,0.472020042702789,0.44788592468796556,0.4887638783037374,0.46337215206447585,0.5503311568041891,0.4759177712986941,0.4416236704908806,0.43202959025718995,0.4496731104328871,0.40090591367323447,0.4403237304791867,1.000581979751587,0.001784968888387084,1.0000771284103394,0.0001680523855611682,1.0003670454025269,0.0027967761270701885,1.0005009174346924,0.0028656076174229383,1.0005228519439697,0.0035657472908496857,1.0008571147918701,0.0039059920236468315,1.0005183219909668,0.0038987635634839535,1.0013686418533325,0.004758702125400305,1.0011968612670898,0.004614597652107477,1.0019121170043945,0.0059448606334626675,1.0014950037002563,0.005442055407911539,1.002665638923645,0.00733068585395813,1.0022960901260376,0.007032619323581457,1.0025913715362549,0.007485483773052692,1.0023037195205688,0.007450694218277931,1.0027086734771729,0.008399461396038532,1.0025408267974854,0.008106626570224762,1.0033248662948608,0.007955619134008884,1.0032570362091064,0.007409200072288513,1.0030032396316528,0.007375651504844427,1.0030920505523682,0.007701361086219549,1.0023328065872192,0.0064830780029296875,1.0020519495010376,0.006223395932465792,1.0013200044631958,0.005209709517657757
90,0,2.375726401805878e-06,3.2881345748901367,7.267727712940158,1.6124103468847828,1.1078688669586707,1.086576377608376,1.2213389909804284,1.013397433453552,1.0679379618990692,0.8207238583359266,0.7923077918098227,0.7085310676444537,0.6410360726319501,0.5879602720143683,0.6370994180419441,1.000977635383606,0.002212716266512871,1.0000425577163696,0.0006167624960653484,1.000221610069275,0.002357605379074812,1.0004351139068604,0.002589218784123659,1.0002398490905762,0.002871396020054817,1.0006457567214966,0.003294257214292884,1.0002375841140747,0.0031306606251746416,1.0012493133544922,0.004195587709546089,1.0010268688201904,0.004076736979186535,1.0021486282348633,0.005936505272984505,1.0016067028045654,0.00539175933226943,1.0031243562698364,0.00814865343272686,1.0026535987854004,0.007754636462777853,1.0031015872955322,0.008432972244918346,1.002722978591919,0.008423136547207832,1.003245234489441,0.009602631442248821,1.0029935836791992,0.009172627702355385,1.0039952993392944,0.009428851306438446,1.0039458274841309,0.008760374039411545,1.0033513307571411,0.008498032577335835,1.0034081935882568,0.008840708062052727,1.0026558637619019,0.007671634200960398,1.0023859739303589,0.007374555803835392,1.0016331672668457,0.0064279246143996716
80,0,2.375726401805878e-06,3.5067222118377686,5.502858631646465,0.8009919450658479,0.5245333396389442,0.5149539481991774,0.5398412470766011,0.5226335736465894,0.5923243520462451,0.4839285931522783,0.4895018642587028,0.4895990147425926,0.4832772312247381,0.43702613258501977,0.4470238086469534,1.0007444620132446,0.002095590578392148,1.000022530555725,0.00048699701437726617,1.000237226486206,0.002656452124938369,1.0004045963287354,0.0026441265363246202,1.0003067255020142,0.0031783143058419228,1.0006681680679321,0.003423050744459033,1.0003224611282349,0.0033799444790929556,1.001207947731018,0.00425935722887516,1.0010054111480713,0.004223287105560303,1.0019475221633911,0.00583786703646183,1.0014334917068481,0.005252022296190262,1.002868413925171,0.007601260673254728,1.0024513006210327,0.0073199085891246796,1.0028823614120483,0.007911089807748795,1.0025631189346313,0.007982563227415085,1.0030491352081299,0.009093877859413624,1.002837061882019,0.008786014281213284,1.0036990642547607,0.008734948933124542,1.0036545991897583,0.008183015510439873,1.0032572746276855,0.008032098412513733,1.003353238105774,0.008421446196734905,1.0024930238723755,0.006979777477681637,1.0022127628326416,0.0066755726002156734,1.0013920068740845,0.005549607332795858
100,0,2.375726401805878e-06,3.6857821941375732,7.721139931153892,1.544600094729314,1.0156858998002212,1.00741700998888,1.053925728905135,0.884358495671218,1.0236999224661982,0.7865445584312492,0.7476649291456199,0.7174026317716337,0.6162029556983576,0.567577201604762,0.6173542616153328,1.0007644891738892,0.0015294873155653477,1.000301718711853,0.001047432655468583,1.000433325767517,0.0019446471706032753,1.0003687143325806,0.0028228480368852615,1.0004304647445679,0.0027323642279952765,1.00049889087677,0.0034122089855372906,1.0005121231079102,0.002939768834039569,1.0010390281677246,0.00415584072470665,1.0007954835891724,0.003945866134017706,1.0021337270736694,0.006180870812386274,1.0016084909439087,0.0058363573625683784,1.0032144784927368,0.008835743181407452,1.0027310848236084,0.008377744816243649,1.0030983686447144,0.00882029440253973,1.0026941299438477,0.008805896155536175,1.0033128261566162,0.010122183710336685,1.0030441284179688,0.009737696498632431,1.0040960311889648,0.010094420984387398,1.0039817094802856,0.009397424757480621,1.0033752918243408,0.009243522770702839,1.0034816265106201,0.009631358087062836,1.00300133228302,0.00905852485448122,1.0027437210083008,0.008791584521532059,1.0020952224731445,0.008009694516658783
90,0,2.375726401805878e-06,3.289228916168213,7.2630011425680365,1.6113840848226826,1.107326910505122,1.0858278205491119,1.2202954832288098,1.0128850561983567,1.0679062078676262,0.8205034986064831,0.7919700611063788,0.7081296021545896,0.6406891092331415,0.5877968576592473,0.6368186708116491,1.0009770393371582,0.0022015904542058706,1.000036358833313,0.000612083647865802,1.0002211332321167,0.002354053547605872,1.000434398651123,0.0025902490597218275,1.0002394914627075,0.0028739317785948515,1.0006464719772339,0.0033015517983585596,1.0002423524856567,0.003131261095404625,1.0012474060058594,0.004201892297714949,1.0010277032852173,0.004087753593921661,1.0021497011184692,0.005952558014541864,1.0016058683395386,0.005396017339080572,1.0031282901763916,0.008157244883477688,1.0026533603668213,0.0077558960765600204,1.0031012296676636,0.008434372022747993,1.0027225017547607,0.00842504482716322,1.003245234489441,0.009606095030903816,1.0029938220977783,0.009177470579743385,1.0039944648742676,0.009441777132451534,1.0039467811584473,0.008771061897277832,1.0033533573150635,0.008505855686962605,1.0034116506576538,0.008853108622133732,1.002657413482666,0.0076851611956954,1.0023866891860962,0.007386685814708471,1.0016350746154785,0.006437109317630529
110,0,2.375726401805878e-06,3.9512557983398438,9.053485272537777,2.108666705187892,1.1330943344294782,1.0604738904703022,1.1991922204157255,0.9836950716289672,1.1481794144815634,0.894205922755491,0.9164836994256523,0.8941952342293323,0.7286684541904056,0.6448890994531772,0.630661247697682,1.0008372068405151,0.002336542820557952,1.0007904767990112,0.002453464549034834,1.0009411573410034,0.0032134056091308594,1.0007795095443726,0.0037565322127193213,1.0008960962295532,0.003979150205850601,1.0009433031082153,0.004673829302191734,1.0009409189224243,0.004119847435504198,1.0011087656021118,0.005443997215479612,1.0012799501419067,0.005361388903111219,1.0022587776184082,0.007739783730357885,1.0017249584197998,0.007383040152490139,1.0036602020263672,0.010627922601997852,1.0030381679534912,0.010090543888509274,1.0033032894134521,0.010162987746298313,1.0028630495071411,0.01014859601855278,1.0034523010253906,0.011365833692252636,1.003137469291687,0.011020561680197716,1.004167914390564,0.01142530795186758,1.0040875673294067,0.010855188593268394,1.0034688711166382,0.01064032781869173,1.0036935806274414,0.011064463295042515,1.0031658411026,0.010626678355038166,1.0028570890426636,0.01036254595965147,1.0025196075439453,0.009521907195448875
100,0,2.375726401805878e-06,3.6846375465393066,7.7209288429865905,1.5438923388538768,1.0153240148591407,1.0072577420460678,1.0536434696444015,0.8841745080144559,1.0240047768411178,0.7865993197640623,0.7478959002910385,0.7176817132849098,0.6163507305416658,0.5676387632168686,0.6173466262848389,1.0007636547088623,0.0015292565803974867,1.0003060102462769,0.001059985370375216,1.0004355907440186,0.0019464180804789066,1.0003674030303955,0.0028358325362205505,1.0004392862319946,0.002744642784819007,1.0004981756210327,0.0034271185286343098,1.000517725944519,0.0029471851885318756,1.0010361671447754,0.00416607316583395,1.0008043050765991,0.003964525181800127,1.002133846282959,0.006199161987751722,1.0016075372695923,0.0058412104845047,1.003218650817871,0.00884760171175003,1.0027313232421875,0.008382313884794712,1.003097653388977,0.008822853676974773,1.0026932954788208,0.008807915262877941,1.003312349319458,0.01012731809169054,1.0030440092086792,0.009744967333972454,1.0040947198867798,0.0101117929443717,1.0039823055267334,0.009410304948687553,1.0033764839172363,0.00925204437226057,1.0034849643707275,0.009647919796407223,1.003003716468811,0.009076599963009357,1.0027446746826172,0.008810389786958694,1.0020959377288818,0.008019110187888145
120,0,2.375726401805878e-06,2.481694459915161,7.9366037126640485,1.7275961561750646,0.8744845404806214,0.8650617574539425,0.9636795085308807,0.8331081944479207,0.9378727632556165,0.7678132508566885,0.7830381078441038,0.6702626205210961,0.6422022611191323,0.5597861127120214,0.5982769319192116,1.001246690750122,0.004823029041290283,1.0014172792434692,0.004656664095818996,1.0015778541564941,0.00514083169400692,1.0013474225997925,0.005751784425228834,1.0014063119888306,0.006050934083759785,1.0014060735702515,0.006607986520975828,1.0013972520828247,0.005940889939665794,1.0015755891799927,0.007202126085758209,1.0017532110214233,0.007327065337449312,1.0027474164962769,0.009899799712002277,1.0021306276321411,0.00944755133241415,1.0041133165359497,0.012677331455051899,1.0034514665603638,0.012122967280447483,1.003829836845398,0.012460954487323761,1.003301978111267,0.012349643744528294,1.003893256187439,0.013660205528140068,1.0035661458969116,0.013365483842790127,1.0046924352645874,0.01397211104631424,1.00467050075531,0.013459091074764729,1.0040196180343628,0.01317665446549654,1.0043201446533203,0.013685870915651321,1.0037716627120972,0.013395105488598347,1.0034106969833374,0.013013137504458427,1.003208041191101,0.011731177568435669
110,0,2.375726401805878e-06,3.950305700302124,9.052631333058759,2.1095832574077664,1.1336370252769608,1.060933088448834,1.1998808051764749,0.9839392173931907,1.1484495361693194,0.8945769390619627,0.9167558665537009,0.8951435326285964,0.729400854604537,0.6452353821574071,0.6306346852986496,1.0008352994918823,0.0023664291948080063,1.0007970333099365,0.002473267028108239,1.0009459257125854,0.0032212543301284313,1.000789999961853,0.0037814511451870203,1.0009069442749023,0.00400081742554903,1.0009536743164062,0.004696238785982132,1.0009466409683228,0.004129116423428059,1.0011142492294312,0.005457731429487467,1.0012911558151245,0.00538518326357007,1.002258539199829,0.007761421147733927,1.0017237663269043,0.007388210389763117,1.0036641359329224,0.010642675682902336,1.0030373334884644,0.010095790028572083,1.0033015012741089,0.010166316293179989,1.0028607845306396,0.010149985551834106,1.0034501552581787,0.011368988081812859,1.0031358003616333,0.011027643457055092,1.0041660070419312,0.01144375465810299,1.0040866136550903,0.01086712907999754,1.0034687519073486,0.010648350231349468,1.003696084022522,0.011081531643867493,1.0031676292419434,0.010647415183484554,1.0028573274612427,0.010384367778897285,1.0025216341018677,0.00953154731541872
130,0,2.375726401805878e-06,3.6640686988830566,7.801959557394614,1.756475294620475,1.032456054052963,1.0173058709342042,1.1106677309416997,0.9459204676583058,0.9541282607691037,0.7126360026872816,0.7541127661116614,0.7391376959731462,0.6128196761726215,0.5597173795058981,0.5349146503317108,1.0013900995254517,0.004754551220685244,1.0011249780654907,0.003852147376164794,1.0013060569763184,0.0044915396720170975,1.0009942054748535,0.005209765397012234,1.0010937452316284,0.005289987660944462,1.0011094808578491,0.005983186420053244,1.001054048538208,0.004975578282028437,1.0012561082839966,0.006310575641691685,1.0014687776565552,0.006469737738370895,1.0027954578399658,0.009354212321341038,1.0020674467086792,0.008759330958127975,1.0043823719024658,0.012596526183187962,1.0036956071853638,0.012009898200631142,1.0040194988250732,0.012181238271296024,1.0033994913101196,0.01194305345416069,1.0041056871414185,0.013577922247350216,1.0037325620651245,0.013210411183536053,1.0050716400146484,0.014225618913769722,1.0050288438796997,0.01367806177586317,1.004293441772461,0.013324546627700329,1.0045442581176758,0.013945197686553001,1.0038467645645142,0.013392848894000053,1.0034843683242798,0.013109726831316948,1.0031821727752686,0.01173228770494461
120,0,2.375726401805878e-06,2.484025001525879,7.932713425869576,1.7270723622591957,0.8743081595146698,0.864634886827611,0.9635885523681357,0.8332286517228927,0.9380427841765306,0.7678510071136584,0.7829835372982266,0.6702415848834531,0.6424340960206099,0.5599266000106862,0.5984701178955029,1.0012608766555786,0.004865389782935381,1.0014233589172363,0.004676785785704851,1.0015844106674194,0.005157079081982374,1.0013574361801147,0.00578067684546113,1.0014187097549438,0.006079321727156639,1.0014182329177856,0.006638057064265013,1.001406192779541,0.005958746187388897,1.001583218574524,0.00722278980538249,1.0017659664154053,0.007355940528213978,1.0027488470077515,0.009930238127708435,1.002133846282959,0.009459689259529114,1.0041184425354004,0.01269609946757555,1.0034515857696533,0.012131311930716038,1.0038282871246338,0.012469575740396976,1.0033007860183716,0.012357468716800213,1.0038918256759644,0.013666019774973392,1.003564476966858,0.013380109332501888,1.0046913623809814,0.013997571542859077,1.0046703815460205,0.01347386185079813,1.004019856452942,0.01318634208291769,1.0043227672576904,0.01370684988796711,1.0037723779678345,0.013419575057923794,1.0034093856811523,0.013040253892540932,1.003212571144104,0.011743254959583282
140,0,2.375726401805878e-06,2.782757043838501,10.971382756461017,2.7405179545440626,1.0668552357857775,0.9998960308761263,1.0799303530089108,0.9170909397390136,0.8755850930423168,0.7492840229892639,0.7305616793275932,0.7352737314021804,0.5750252631545996,0.5278653961260263,0.5374455427759778,1.0015398263931274,0.0059647769667208195,1.0015125274658203,0.005426378455013037,1.0016804933547974,0.005385652184486389,1.0013447999954224,0.0061246189288794994,1.001402735710144,0.005675627384334803,1.001327395439148,0.0063316114246845245,1.00123929977417,0.004921490326523781,1.0014212131500244,0.006267067976295948,1.0016082525253296,0.006562809459865093,1.0026838779449463,0.009485187940299511,1.0020347833633423,0.008860066533088684,1.0045385360717773,0.013147873803973198,1.0037461519241333,0.012429582886397839,1.0041033029556274,0.012574760243296623,1.0034534931182861,0.012310650199651718,1.0041910409927368,0.01406683586537838,1.0038340091705322,0.013616353273391724,1.0054044723510742,0.014957185834646225,1.0053322315216064,0.01432233490049839,1.004579782485962,0.013736591674387455,1.0047614574432373,0.014367479830980301,1.0038890838623047,0.013336900621652603,1.0035114288330078,0.013042237609624863,1.003137469291687,0.01154401432722807
130,0,2.375726401805878e-06,3.6632635593414307,7.797120684804747,1.7544604144415126,1.031106820510648,1.015757608209251,1.1090994529188622,0.9444395134048634,0.9525897658494262,0.7115201198411527,0.7528957138133536,0.7377860445378059,0.6119507117480538,0.5589220224874323,0.5342498998166182,1.0013877153396606,0.004790124483406544,1.0011307001113892,0.003870697459205985,1.0013129711151123,0.004506699740886688,1.0010055303573608,0.005236487835645676,1.0011086463928223,0.005321057513356209,1.0011227130889893,0.006014434155076742,1.0010658502578735,0.004996174015104771,1.0012649297714233,0.006330425851047039,1.001482605934143,0.006498664151877165,1.0027985572814941,0.009386822581291199,1.0020701885223389,0.008777770213782787,1.0043880939483643,0.012615392915904522,1.0036952495574951,0.01201797928661108,1.0040169954299927,0.01218917965888977,1.0033982992172241,0.011951887980103493,1.0041040182113647,0.013579330407083035,1.0037299394607544,0.013226396404206753,1.0050697326660156,0.014249122701585293,1.0050286054611206,0.01368797942996025,1.0042922496795654,0.013329701498150826,1.0045465230941772,0.013961642980575562,1.003846287727356,0.01341584138572216,1.0034819841384888,0.013139591552317142,1.0031863451004028,0.011742118746042252
150,0,2.375726401805878e-06,2.8007748126983643,8.86399458327404,2.2709764925906963,1.3868326118400744,1.3711454461039037,1.518356396037399,1.261855088745179,1.3185040060688622,1.0149358587562265,0.9439901448169837,0.9337631794580407,0.7122039201527601,0.6438754157213274,0.5809487161702558,1.0017809867858887,0.006353698670864105,1.0012179613113403,0.004297463223338127,1.0014071464538574,0.004635543096810579,1.0009634494781494,0.00565027492120862,1.0010051727294922,0.005075958091765642,1.0009291172027588,0.005935779772698879,1.0008459091186523,0.004434784408658743,1.001031756401062,0.005910946521908045,1.0012195110321045,0.0061662024818360806,1.0029720067977905,0.009331091307103634,1.002103567123413,0.008636659942567348,1.0047532320022583,0.01317248772829771,1.0040110349655151,0.012433127500116825,1.004400372505188,0.012542556039988995,1.0037308931350708,0.012285779230296612,1.0044723749160767,0.01423557847738266,1.0040736198425293,0.013451185077428818,1.0056490898132324,0.014805522747337818,1.0055546760559082,0.014097128063440323,1.0048364400863647,0.013389033265411854,1.0049272775650024,0.013829274103045464,1.0039740800857544,0.012483845464885235,1.003528356552124,0.01199232880026102,1.0026593208312988,0.010148664936423302
140,0,2.375726401805878e-06,2.779575824737549,10.955041315117846,2.734461612136787,1.065285704677396,0.9984632173666071,1.0788174966361372,0.9155493162429166,0.8741592683721883,0.7482250161528486,0.7295682768078487,0.7342478295556535,0.574260343935379,0.52732781253039,0.5369556693461451,1.0015546083450317,0.006011609919369221,1.0015208721160889,0.005452376324683428,1.0016894340515137,0.005409131292253733,1.0013580322265625,0.0061571719124913216,1.0014207363128662,0.005716434679925442,1.0013433694839478,0.006367907859385014,1.001253366470337,0.004949844442307949,1.0014313459396362,0.006290188524872065,1.0016236305236816,0.006594288162887096,1.0026878118515015,0.009518677368760109,1.0020393133163452,0.008878398686647415,1.0045430660247803,0.013161873444914818,1.0037449598312378,0.012436199001967907,1.0041006803512573,0.012578664347529411,1.0034517049789429,0.012316855601966381,1.0041898488998413,0.014062033034861088,1.003831386566162,0.013631400652229786,1.0054014921188354,0.01497520413249731,1.00533127784729,0.014326667413115501,1.0045782327651978,0.013741164468228817,1.0047634840011597,0.014381377957761288,1.0038889646530151,0.013358904048800468,1.0035096406936646,0.013070216402411461,1.0031402111053467,0.011550188064575195
160,0,2.375726401805878e-06,3.3401851654052734,6.5524972247856095,1.2977947229654068,0.8689147513302807,0.8162051101986179,0.8829096866308738,0.77457012961872,0.7948041660509976,0.6576966217560026,0.6244308218850096,0.6402112642376856,0.49503415101649023,0.4699753520853895,0.4746215859479595,1.0014792680740356,0.005130802746862173,1.001140832901001,0.004272862337529659,1.0013364553451538,0.0044174110516905785,1.00082266330719,0.005641027819365263,1.0008530616760254,0.0049021290615201,1.0007505416870117,0.005958491936326027,1.0006558895111084,0.004302965942770243,1.0008174180984497,0.0057977959513664246,1.000996470451355,0.005991366226226091,1.003232717514038,0.009388520382344723,1.0023630857467651,0.008707559667527676,1.0050784349441528,0.01344949658960104,1.0042999982833862,0.012799151241779327,1.004681944847107,0.012504803948104382,1.0039620399475098,0.01227024756371975,1.004714012145996,0.014125063084065914,1.0042600631713867,0.013234229758381844,1.0058437585830688,0.014539960771799088,1.005807638168335,0.013910527341067791,1.0050607919692993,0.013156900182366371,1.0051807165145874,0.013665900565683842,1.0040459632873535,0.012024116702377796,1.0035499334335327,0.01165776327252388,1.0024582147598267,0.009762550704181194
150,0,2.375726401805878e-06,2.801063060760498,8.867634636133415,2.274144791068973,1.3891250415242768,1.3728793409192224,1.5205719614927256,1.2632721051615439,1.3193306430373861,1.0159065371725327,0.9448834727493096,0.9341776572347537,0.7127319699134728,0.6441959644656322,0.581171364437193,1.00177800655365,0.006392409093677998,1.0012286901474,0.004331291187554598,1.0014171600341797,0.004660614300519228,1.000977635383606,0.005680688191205263,1.0010257959365845,0.00511403102427721,1.0009474754333496,0.005967692006379366,1.0008604526519775,0.004452706780284643,1.0010418891906738,0.005923960357904434,1.0012352466583252,0.0061878059059381485,1.0029730796813965,0.009354117326438427,1.0021055936813354,0.008648768998682499,1.0047551393508911,0.01317734457552433,1.0040075778961182,0.012435014359652996,1.0043957233428955,0.012538541108369827,1.0037260055541992,0.012282239273190498,1.004469633102417,0.014223940670490265,1.0040689706802368,0.013461298309266567,1.0056442022323608,0.014816698618233204,1.0055516958236694,0.014095221646130085,1.0048331022262573,0.013389895670115948,1.0049282312393188,0.013838885352015495,1.0039734840393066,0.012504810467362404,1.003527045249939,0.012017491273581982,1.0026618242263794,0.010154054500162601
170,0,2.375726401805878e-06,2.9541475772857666,7.127778340217821,1.5372281262993215,0.8603338578069762,0.8420922706248206,0.9660672927250042,0.8466615716626092,0.8029554831352324,0.6712616401975342,0.6228844832587862,0.6101266684044979,0.5331520257887264,0.46801873137593264,0.4836728920024769,1.001186728477478,0.003448180854320526,1.0008045434951782,0.0032126810401678085,1.0009973049163818,0.003548640990629792,1.000522494316101,0.005017861258238554,1.0005614757537842,0.004151878412812948,1.0004849433898926,0.005274337250739336,1.000417709350586,0.003798644756898284,1.0006020069122314,0.005274420138448477,1.000817060470581,0.005422639660537243,1.0031459331512451,0.009321102872490883,1.0022920370101929,0.00858356710523367,1.0053110122680664,0.013794701546430588,1.004480242729187,0.013116512447595596,1.004976511001587,0.012822580523788929,1.0042012929916382,0.012677530758082867,1.0049850940704346,0.014617783948779106,1.0044939517974854,0.013778933323919773,1.006192922592163,0.01526360772550106,1.0062257051467896,0.014677640050649643,1.0053571462631226,0.013867720030248165,1.0055756568908691,0.014538398943841457,1.0043994188308716,0.01283830776810646,1.0039278268814087,0.012480895034968853,1.0025665760040283,0.010235272347927094
160,0,2.375726401805878e-06,3.3408286571502686,6.553399731996499,1.2984950081079945,0.8694401303118041,0.8167086653612515,0.8834489466907293,0.7750712047640766,0.795031127021193,0.6579062187858101,0.6246958350386022,0.6403547438147089,0.4951828806076947,0.4701922057642778,0.4747699894315026,1.001474380493164,0.005166378803551197,1.0011523962020874,0.004311122931540012,1.0013467073440552,0.004443793091922998,1.0008368492126465,0.005669790785759687,1.0008747577667236,0.0049362643621861935,1.0007697343826294,0.005985269322991371,1.0006701946258545,0.004312748089432716,1.0008271932601929,0.005804748274385929,1.0010120868682861,0.006006231065839529,1.0032315254211426,0.009402748197317123,1.0023634433746338,0.008715060539543629,1.0050784349441528,0.013448743149638176,1.004294991493225,0.012797028757631779,1.004676342010498,0.01249618735164404,1.0039557218551636,0.01225972268730402,1.0047109127044678,0.014110414311289787,1.0042550563812256,0.013239754363894463,1.005838394165039,0.01454733032733202,1.0058050155639648,0.013904866762459278,1.0050567388534546,0.013155201449990273,1.0051813125610352,0.013673237524926662,1.0040453672409058,0.012045659124851227,1.0035489797592163,0.01167962048202753,1.0024598836898804,0.00976579263806343
180,0,2.375726401805878e-06,3.5362377166748047,7.773128873902521,1.6231413106314752,1.0602219892484674,1.0099726376315017,1.1684213844530569,0.9486085270033908,1.0198810606966882,0.7775614572843077,0.7391768855809624,0.688286054319987,0.5707145107278737,0.507751022021965,0.5027081906019839,1.0009584426879883,0.0030246092937886715,1.0008635520935059,0.003519535530358553,1.0010502338409424,0.00364308780990541,1.000566840171814,0.005110823083668947,1.000596046447754,0.004073847085237503,1.0005125999450684,0.005295203998684883,1.0004655122756958,0.0037735318765044212,1.0006550550460815,0.005186360329389572,1.0008628368377686,0.005385226104408503,1.0031863451004028,0.009591321460902691,1.0022226572036743,0.008766715414822102,1.005547046661377,0.014338014647364616,1.0046435594558716,0.013573131524026394,1.0052449703216553,0.013320709578692913,1.0043761730194092,0.013118467293679714,1.005330204963684,0.015194694511592388,1.0048009157180786,0.014326123520731926,1.0064988136291504,0.015744971111416817,1.006591796875,0.015144542790949345,1.0056589841842651,0.014317958615720272,1.0057660341262817,0.014905931428074837,1.004563331604004,0.013158131390810013,1.004149317741394,0.012856881134212017,1.0026408433914185,0.0102765541523695
170,0,2.375726401805878e-06,2.9541001319885254,7.129121076659177,1.5376219640121307,0.8607773264652704,0.8423886786080936,0.9660551664019004,0.8467622101334601,0.8032252999732079,0.6711841131835703,0.622821101685125,0.6101555061656067,0.5330454832245163,0.4681855918017862,0.48383688629644855,1.0011814832687378,0.0034779401030391455,1.0008162260055542,0.0032512941397726536,1.0010061264038086,0.0035689545329660177,1.0005347728729248,0.005041076336055994,1.0005826950073242,0.0041761440224945545,1.0005041360855103,0.005293705966323614,1.0004295110702515,0.0037965800147503614,1.000610589981079,0.005274129565805197,1.0008302927017212,0.0054270620457828045,1.0031440258026123,0.009328661486506462,1.0022916793823242,0.008588634431362152,1.0053101778030396,0.013789807446300983,1.0044746398925781,0.013110036961734295,1.0049703121185303,0.012809695675969124,1.0041933059692383,0.012662641704082489,1.004981279373169,0.014600272290408611,1.0044885873794556,0.013780592009425163,1.0061874389648438,0.015265354886651039,1.0062217712402344,0.014666406437754631,1.0053521394729614,0.013863570056855679,1.0055752992630005,0.014541988261044025,1.0043972730636597,0.012854937463998795,1.0039266347885132,0.012495138682425022,1.0025622844696045,0.010229880921542645
190,0,2.375726401805878e-06,3.233829975128174,8.727762106011896,2.3650114515885567,1.3616248104499853,1.2872007961884053,1.3906187442048838,1.2238857680127497,1.2380394658268623,0.9179960424561003,0.8222950846514079,0.7596759936273246,0.6575179148828464,0.5476006633038442,0.5445832252115318,1.0008430480957031,0.003040064126253128,1.0011852979660034,0.004920403938740492,1.0013391971588135,0.004616045393049717,1.0008585453033447,0.005781982094049454,1.0008587837219238,0.004388538189232349,1.0007493495941162,0.005532402079552412,1.0006961822509766,0.0037805302999913692,1.0008769035339355,0.004982674960047007,1.0010749101638794,0.0050817374140024185,1.0028581619262695,0.009144431911408901,1.0018559694290161,0.008403616957366467,1.0053637027740479,0.014058629050850868,1.0044081211090088,0.013186321593821049,1.0051580667495728,0.013169363141059875,1.0041580200195312,0.012788359075784683,1.0053373575210571,0.014996319077908993,1.00478196144104,0.014068559743463993,1.006434440612793,0.015485847368836403,1.0064985752105713,0.014712373726069927,1.0056623220443726,0.014100964181125164,1.0056684017181396,0.01443262118846178,1.0044046640396118,0.0126713328063488,1.0039337873458862,0.012153273448348045,1.0025248527526855,0.009686905890703201
180,0,2.375726401805878e-06,3.534883975982666,7.775574172718042,1.6235803074052553,1.0604986747761087,1.0100734449007813,1.1681934887021383,0.9485341398165583,1.0197027504781921,0.7775124335282204,0.7393831715423905,0.688201270462995,0.5707735579065231,0.5078348426825063,0.5028949699707077,1.0009517669677734,0.003057251451537013,1.0008749961853027,0.0035590019542723894,1.0010582208633423,0.003664710558950901,1.000578761100769,0.005136407446116209,1.000617504119873,0.004099565092474222,1.0005313158035278,0.005316566210240126,1.0004761219024658,0.0037717842496931553,1.0006626844406128,0.005186600144952536,1.0008740425109863,0.005388291552662849,1.0031845569610596,0.009597478434443474,1.0022214651107788,0.008772380650043488,1.00554621219635,0.014333306811749935,1.004638433456421,0.013566950336098671,1.0052391290664673,0.013307850807905197,1.0043683052062988,0.013101410120725632,1.0053273439407349,0.015176719054579735,1.004795789718628,0.014326527714729309,1.0064942836761475,0.015743881464004517,1.0065871477127075,0.01513159740716219,1.0056538581848145,0.01431108359247446,1.0057655572891235,0.014907543547451496,1.0045602321624756,0.013172147795557976,1.0041470527648926,0.012864619493484497,1.0026353597640991,0.010265319608151913
200,0,2.375726401805878e-06,3.8016743659973145,8.840742793170257,2.5336621466802645,1.458894670807659,1.5508218368163447,1.799565338801867,1.299842257259795,1.298410237533046,1.0332144553704654,0.9742850601511462,0.8899678680112377,0.6808393027778585,0.6923666000935575,0.6208107214215585,1.0007363557815552,0.0025493712164461613,1.001173973083496,0.005337655544281006,1.0013009309768677,0.004775633104145527,1.0008174180984497,0.0059417858719825745,1.000759482383728,0.003961177077144384,1.0006756782531738,0.005019226111471653,1.0006599426269531,0.0034904296044260263,1.00083589553833,0.004611427430063486,1.001049518585205,0.00468720868229866,1.0027146339416504,0.008634675294160843,1.0018186569213867,0.007964637130498886,1.00542414188385,0.01405545137822628,1.0046261548995972,0.013287014327943325,1.005326747894287,0.01332902256399393,1.0043209791183472,0.012995208613574505,1.005478858947754,0.015146797522902489,1.0048727989196777,0.014131701551377773,1.0065237283706665,0.015568764880299568,1.0065836906433105,0.01475838478654623,1.0057529211044312,0.014105822890996933,1.0056719779968262,0.014322740025818348,1.0043388605117798,0.01246256660670042,1.0037508010864258,0.011776680126786232,1.0023828744888306,0.009467379190027714
190,0,2.375726401805878e-06,3.2312726974487305,8.724601403814216,2.3649566748786937,1.3614453092940764,1.2865973880631558,1.390769430232332,1.2238760538095508,1.2376983754100532,0.9180333372053806,0.8225828230047973,0.7594677039729211,0.6571844528610862,0.5472953839409521,0.5444619327708261,1.0008609294891357,0.0030971786472946405,1.0011987686157227,0.0049658892676234245,1.001348614692688,0.00464697927236557,1.0008717775344849,0.005817529745399952,1.0008814334869385,0.004429311957210302,1.0007686614990234,0.005564553197473288,1.0007082223892212,0.0037930335383862257,1.000885248184204,0.004993196576833725,1.0010868310928345,0.0050972988829016685,1.0028574466705322,0.009155657142400742,1.001855731010437,0.00841627735644579,1.0053619146347046,0.014057919383049011,1.0044031143188477,0.01318355742841959,1.0051524639129639,0.013159481808543205,1.0041496753692627,0.01277229655534029,1.005334734916687,0.01497893687337637,1.0047763586044312,0.01406931970268488,1.0064291954040527,0.01548447459936142,1.006493091583252,0.014698505401611328,1.0056570768356323,0.01409467775374651,1.005667805671692,0.014435176737606525,1.0044013261795044,0.012688962742686272,1.0039314031600952,0.012163135223090649,1.002518653869629,0.009677054360508919
210,0,2.375726401805878e-06,3.5272183418273926,9.084189474738226,2.8315385171969623,1.687190099049768,1.7257850720019974,2.1291821393685773,1.5980559409489234,1.639427433273241,1.1070747489040107,0.9503286157665152,0.8920864813989989,0.7464533231838942,0.6742673969159265,0.6021191796824215,1.0004726648330688,0.00165134621784091,1.000944972038269,0.004859821405261755,1.001082420349121,0.004031819757074118,1.0006258487701416,0.005472736898809671,1.0005959272384644,0.003534644143655896,1.0005708932876587,0.004792565945535898,1.0006182193756104,0.0036317985504865646,1.0008163452148438,0.005056557711213827,1.0010671615600586,0.005098593421280384,1.0031051635742188,0.009559113532304764,1.002183198928833,0.008749508298933506,1.0057692527770996,0.015188864432275295,1.004984974861145,0.014367131516337395,1.0058355331420898,0.014721030369400978,1.0047045946121216,0.014296453446149826,1.0058971643447876,0.01667453534901142,1.005263328552246,0.015674155205488205,1.0069960355758667,0.017162512987852097,1.0069726705551147,0.016093317419290543,1.0063021183013916,0.015528903342783451,1.0060607194900513,0.015563609078526497,1.0045502185821533,0.013421420939266682,1.0038762092590332,0.012631420977413654,1.0027645826339722,0.010665561072528362
200,0,2.375726401805878e-06,3.7995643615722656,8.843576133791428,2.533150796737188,1.4594835974651141,1.5509390114539778,1.799475313147813,1.3001511537117632,1.2993926547273205,1.0344053878492725,0.9754594303731702,0.8910903637843616,0.6815952855865653,0.6927205274563749,0.6212366025895146,1.0007563829421997,0.002617260906845331,1.0011875629425049,0.005381027236580849,1.0013114213943481,0.00480949692428112,1.0008294582366943,0.005979823414236307,1.0007822513580322,0.004003686830401421,1.0006940364837646,0.005050781182944775,1.000671625137329,0.003505687229335308,1.0008435249328613,0.004624141380190849,1.0010610818862915,0.004705957602709532,1.002714991569519,0.00864521972835064,1.0018199682235718,0.007979300804436207,1.0054219961166382,0.014057034626603127,1.0046223402023315,0.013283472508192062,1.0053210258483887,0.013319156132638454,1.0043120384216309,0.012977395206689835,1.005476951599121,0.015128481201827526,1.0048682689666748,0.014131348580121994,1.0065168142318726,0.015562490560114384,1.0065771341323853,0.014741630293428898,1.0057460069656372,0.014096085913479328,1.005670428276062,0.014324578456580639,1.0043349266052246,0.012478391639888287,1.0037481784820557,0.011787730269134045,1.0023763179779053,0.009456527419388294
220,0,2.375726401805878e-06,3.091771125793457,7.462231216882722,2.0682713227377074,1.2093494832540772,1.2465938067702587,1.364310833037195,1.131208345397386,1.104692233216636,0.8390421387418538,0.8471780911575273,0.7442782828292793,0.6266080680800112,0.5391065659869152,0.4730715203644915,1.0004748106002808,0.0016449042595922947,1.0009804964065552,0.004887572024017572,1.0011377334594727,0.004082787316292524,1.0007492303848267,0.005432615522295237,1.0007940530776978,0.0038928284775465727,1.0008186101913452,0.005116855259984732,1.0009137392044067,0.004380415193736553,1.001112461090088,0.005799475125968456,1.0013896226882935,0.005991348996758461,1.0033767223358154,0.010448485612869263,1.0025464296340942,0.009798413142561913,1.006064772605896,0.01622396521270275,1.005231261253357,0.015472442843019962,1.0059603452682495,0.015574689954519272,1.0048333406448364,0.015175523236393929,1.0059558153152466,0.01749495416879654,1.005276083946228,0.016471879556775093,1.007162094116211,0.018083781003952026,1.0070533752441406,0.01687094196677208,1.0064793825149536,0.016300823539495468,1.0062015056610107,0.016366953030228615,1.0045427083969116,0.013871126808226109,1.0038204193115234,0.01311227586120367,1.0028706789016724,0.011089843697845936
210,0,2.375726401805878e-06,3.524925470352173,9.080356887883978,2.8263432734802123,1.6850386034543527,1.7235617671971617,2.1267688482521896,1.5969852074460962,1.6390163116516905,1.107144117322154,0.9500723126739639,0.8921209155534835,0.7466538440178795,0.6741917712746265,0.6020056076607874,1.0004947185516357,0.0017252457328140736,1.000959038734436,0.004902363289147615,1.0010933876037598,0.004067863803356886,1.0006368160247803,0.005509334150701761,1.0006182193756104,0.003569801803678274,1.0005884170532227,0.004820342641323805,1.0006307363510132,0.0036441520787775517,1.0008230209350586,0.005062429700046778,1.001078486442566,0.005112302023917437,1.003104329109192,0.009567118249833584,1.0021839141845703,0.008764770813286304,1.0057659149169922,0.015190469101071358,1.0049805641174316,0.014363865368068218,1.005828857421875,0.014711551368236542,1.0046956539154053,0.014278678223490715,1.0058950185775757,0.01665494404733181,1.0052589178085327,0.01567528396844864,1.006988286972046,0.01715429313480854,1.0069655179977417,0.016074752435088158,1.006294846534729,0.01551683060824871,1.0060594081878662,0.01556621678173542,1.004544734954834,0.013434289954602718,1.0038723945617676,0.012640424072742462,1.0027573108673096,0.010651977732777596
230,0,2.375726401805878e-06,2.5849030017852783,9.054504690337021,2.3050500379237726,1.4643909758961653,1.5197300439902623,1.6989565441209515,1.3048619623344926,1.3959062610726625,0.9350480255698563,0.8518909250176917,0.6985088717347401,0.5938463550692119,0.5395424007438142,0.49365047852245697,1.000677466392517,0.0023519396781921387,1.0012387037277222,0.005383076146245003,1.0014214515686035,0.004810962826013565,1.0010662078857422,0.006000908091664314,1.0011613368988037,0.004741777200251818,1.0012242794036865,0.005882441531866789,1.0013386011123657,0.00520310876891017,1.0015664100646973,0.006580142304301262,1.0018731355667114,0.007034094072878361,1.0034807920455933,0.011377779766917229,1.0026718378067017,0.010978959500789642,1.0062825679779053,0.017365222796797752,1.005375862121582,0.01670514978468418,1.0059354305267334,0.016353394836187363,1.00477933883667,0.01591835543513298,1.006000280380249,0.018276123329997063,1.0052648782730103,0.017278019338846207,1.0072081089019775,0.018826384097337723,1.0070078372955322,0.017376819625496864,1.0064382553100586,0.016807634383440018,1.0062041282653809,0.01690591499209404,1.0044794082641602,0.014437555335462093,1.0037598609924316,0.013750060461461544,1.0031663179397583,0.011891125701367855
220,0,2.375726401805878e-06,3.0924644470214844,7.456695886195397,2.065200765668588,1.2084947438056406,1.2457962864433991,1.3638930142273253,1.1308767864907963,1.104154466066672,0.8386290351026474,0.8469907472062884,0.7443467860642279,0.6265821745042123,0.5390060356675059,0.47296019292811947,1.0004963874816895,0.0017188132042065263,1.000994086265564,0.004930783063173294,1.001147985458374,0.004119547549635172,1.0007585287094116,0.005471275188028812,1.0008150339126587,0.003931552637368441,1.0008337497711182,0.00514757726341486,1.000925898551941,0.004395604599267244,1.0011183023452759,0.005805495195090771,1.001399278640747,0.0060043055564165115,1.003374457359314,0.010456457734107971,1.0025478601455688,0.009814493358135223,1.0060607194900513,0.01622508466243744,1.005226492881775,0.015469241887331009,1.005953311920166,0.015564669854938984,1.0048245191574097,0.0151572460308671,1.005953073501587,0.01746966503560543,1.005271315574646,0.01647280715405941,1.0071520805358887,0.01806866191327572,1.0070444345474243,0.016849011182785034,1.0064704418182373,0.016285734251141548,1.006199598312378,0.016367243602871895,1.0045359134674072,0.01388061698526144,1.0038158893585205,0.013117307797074318,1.0028657913208008,0.011072706431150436
240,0,2.375726401805878e-06,3.4461426734924316,7.075527235973056,1.7359365169242196,1.1054206208475141,1.0925763859770323,1.2293109700212024,1.008140530778328,0.9899925343878463,0.8056037512368456,0.7037146369004695,0.6332599185113301,0.5968689758132654,0.5270807400983504,0.4811645723495323,1.0008492469787598,0.002980441553518176,1.0014524459838867,0.006144294980913401,1.0016443729400635,0.00544889597222209,1.0012775659561157,0.006503765005618334,1.001380205154419,0.0052754576317965984,1.0014322996139526,0.006362495478242636,1.0015242099761963,0.005480525083839893,1.0017694234848022,0.006784358993172646,1.002081036567688,0.007276351097971201,1.0032989978790283,0.011404218152165413,1.0026912689208984,0.011110653169453144,1.0063860416412354,0.017680559307336807,1.0053515434265137,0.01693897880613804,1.0059469938278198,0.016412580385804176,1.0046565532684326,0.015783386304974556,1.0059473514556885,0.018064042553305626,1.0051511526107788,0.017127379775047302,1.0071024894714355,0.018575405701994896,1.0067768096923828,0.01688714697957039,1.006157636642456,0.0161200650036335,1.005927324295044,0.016107693314552307,1.004207730293274,0.013792864046990871,1.0034565925598145,0.013045464642345905,1.0030345916748047,0.011459092609584332
230,0,2.375726401805878e-06,2.5827689170837402,9.051956067333386,2.3055101318719053,1.4644742120597545,1.5195860826895113,1.6994757599563246,1.3052754351197011,1.397322114125629,0.9351341700448047,0.8520377762379724,0.6986712914700316,0.5938180969980125,0.5394906487804868,0.4936295428957568,1.000698208808899,0.0024235136806964874,1.0012506246566772,0.005424234084784985,1.0014301538467407,0.004843685310333967,1.001072883605957,0.006038148421794176,1.001180648803711,0.004785736091434956,1.0012363195419312,0.005912629887461662,1.0013482570648193,0.005218625999987125,1.0015716552734375,0.006587839685380459,1.001880407333374,0.007050118874758482,1.003477931022644,0.011386546306312084,1.0026745796203613,0.010992745868861675,1.0062785148620605,0.017368104308843613,1.0053703784942627,0.016703108325600624,1.0059280395507812,0.0163445882499218,1.0047703981399536,0.01590016484260559,1.0059970617294312,0.018249014392495155,1.0052598714828491,0.017279695719480515,1.0071970224380493,0.018809746950864792,1.00699782371521,0.017355410382151604,1.0064289569854736,0.016791388392448425,1.0062013864517212,0.016905158758163452,1.0044723749160767,0.014449063688516617,1.003756046295166,0.013758172281086445,1.0031592845916748,0.011868652887642384
250,0,2.375726401805878e-06,1.8668184280395508,8.823311333851121,2.1693790218827034,1.2506115220114384,1.3019953147134125,1.5040327203174582,1.3592682350249383,1.5508502901691068,1.1097992949722382,1.0844580411849973,0.9292262056792194,0.8528864517398969,0.7143040190647532,0.6641013940182942,1.0012046098709106,0.0043070949614048,1.0018649101257324,0.007621883414685726,1.0020650625228882,0.006800859235227108,1.0016207695007324,0.0076813651248812675,1.0016971826553345,0.006434371694922447,1.0017142295837402,0.007357701659202576,1.001778483390808,0.006345358677208424,1.0020179748535156,0.007366847712546587,1.0023101568222046,0.007898074574768543,1.0032824277877808,0.011805502697825432,1.0028893947601318,0.011558471247553825,1.0064401626586914,0.018152548000216484,1.0053540468215942,0.017432022839784622,1.0059645175933838,0.01690552942454815,1.0045669078826904,0.016146665439009666,1.0060025453567505,0.018400948494672775,1.0052075386047363,0.01750444807112217,1.0071330070495605,0.01881764456629753,1.0068151950836182,0.017105916514992714,1.0063437223434448,0.016454657539725304,1.0060714483261108,0.01640396937727928,1.0043219327926636,0.014195406809449196,1.0035454034805298,0.013516592793166637,1.0031722784042358,0.011839617043733597
240,0,2.375726401805878e-06,3.446737766265869,7.072873938534003,1.7341674567364445,1.1047889736676104,1.0915121113522575,1.2287478159458767,1.0080415893437717,0.9901959613378069,0.8059169802973253,0.7039003479945294,0.6334630154974099,0.5970313761897981,0.5271462236499982,0.48123752606230336,1.0008703470230103,0.0030557888094335794,1.0014642477035522,0.006186082027852535,1.0016535520553589,0.005483318120241165,1.0012836456298828,0.006541253067553043,1.001401424407959,0.0053270962089300156,1.0014437437057495,0.006393452640622854,1.0015347003936768,0.005502241663634777,1.001777172088623,0.006798041518777609,1.0020880699157715,0.007298401556909084,1.0032951831817627,0.011415937915444374,1.0026988983154297,0.011124392040073872,1.0063821077346802,0.01768464408814907,1.0053455829620361,0.016941869631409645,1.00593900680542,0.01640787161886692,1.0046465396881104,0.015768418088555336,1.005944013595581,0.01803910918533802,1.0051450729370117,0.017131337895989418,1.0070912837982178,0.018560703843832016,1.0067665576934814,0.01686900109052658,1.0061479806900024,0.01610703207552433,1.005924105644226,0.016111008822917938,1.0042005777359009,0.013811315409839153,1.003454327583313,0.01306049432605505,1.0030276775360107,0.01143905520439148
260,0,2.375726401805878e-06,1.9472254514694214,10.167942489341042,3.5446997256946626,2.098975196528015,2.1697054498547805,2.4308946936276774,1.7388218756762526,1.8175018892591763,1.1728489383826393,1.0843600482644171,1.1209287775751815,0.8590938868387512,0.7206209988354841,0.6313733650479375,1.0010119676589966,0.003572512185201049,1.0016721487045288,0.006931972689926624,1.0018786191940308,0.006369231268763542,1.0014644861221313,0.007302619516849518,1.0015472173690796,0.005993081722408533,1.0015994310379028,0.006984652020037174,1.0016783475875854,0.0060008433647453785,1.0019596815109253,0.007165685296058655,1.0022865533828735,0.007817006669938564,1.0034503936767578,0.012131042778491974,1.0029629468917847,0.011911648325622082,1.0064594745635986,0.018374871462583542,1.0053472518920898,0.017627909779548645,1.0060288906097412,0.017266027629375458,1.0045802593231201,0.016459142789244652,1.0060780048370361,0.01870582066476345,1.0052870512008667,0.017756586894392967,1.0072575807571411,0.019086021929979324,1.006775140762329,0.016927238553762436,1.006252646446228,0.01617448404431343,1.0059489011764526,0.016019117087125778,1.0041035413742065,0.013776765204966068,1.0032625198364258,0.013101326301693916,1.0031709671020508,0.011594844982028008
250,0,2.375726401805878e-06,1.8707246780395508,8.821382851642195,2.1656786034386,1.2502846029677397,1.3017782321249194,1.5042197145346177,1.3594917196812628,1.550419904248213,1.1098619151616063,1.0848042827361726,0.9293251753026099,0.8528949943383117,0.7142167958514865,0.6641633819619348,1.0012261867523193,0.004385083448141813,1.0018763542175293,0.007662824355065823,1.0020753145217896,0.006837558466941118,1.0016282796859741,0.007719624321907759,1.0017203092575073,0.006489636842161417,1.0017279386520386,0.007394270971417427,1.0017900466918945,0.0063718464225530624,1.0020285844802856,0.007390359416604042,1.0023192167282104,0.007929705083370209,1.0032798051834106,0.011824811808764935,1.002898931503296,0.011584029532968998,1.006438970565796,0.018164845183491707,1.0053495168685913,0.017444834113121033,1.0059579610824585,0.016909297555685043,1.0045573711395264,0.01613791659474373,1.0060001611709595,0.018384398892521858,1.0052012205123901,0.017514614388346672,1.0071215629577637,0.01880691573023796,1.006805181503296,0.017092734575271606,1.0063347816467285,0.016446959227323532,1.0060676336288452,0.016412626951932907,1.004314661026001,0.014223087579011917,1.003544569015503,0.013537292368710041,1.0031660795211792,0.011821488849818707
270,0,2.375726401805878e-06,3.586576461791992,6.909739808742729,1.810661389479195,1.020540534355001,0.9077408790447657,1.0516095358356814,0.9825743687398293,1.0412354961957286,0.7979333223542048,0.7098145874010917,0.6514746136172351,0.5298772348571785,0.4849904859787949,0.43908554303462227,1.0005886554718018,0.002166128484532237,1.0012322664260864,0.005597278475761414,1.0014362335205078,0.005221612751483917,1.0009933710098267,0.006400248967111111,1.0010305643081665,0.004660408478230238,1.001109004020691,0.0056548574939370155,1.0012072324752808,0.004700700752437115,1.00150728225708,0.006011235062032938,1.0018590688705444,0.006661940831691027,1.0036083459854126,0.011683817952871323,1.0029363632202148,0.011366757564246655,1.0066425800323486,0.018047574907541275,1.0056207180023193,0.017294302582740784,1.0062452554702759,0.0169207863509655,1.0048470497131348,0.016293499618768692,1.0063778162002563,0.018813150003552437,1.0055880546569824,0.01791016012430191,1.0075222253799438,0.01922638900578022,1.0070282220840454,0.01707489602267742,1.0063220262527466,0.015992626547813416,1.0060688257217407,0.01598031260073185,1.0041117668151855,0.01337920781224966,1.003301739692688,0.012606224976480007,1.0029429197311401,0.010815517976880074
260,0,2.375726401805878e-06,1.9480684995651245,10.177296892795376,3.549631717223274,2.101512640702145,2.171354905012775,2.432735335158098,1.7397879908306115,1.817846959837559,1.1732107591375742,1.084595893313989,1.121214519122192,0.8592343024686153,0.7206790632196127,0.6315999331424462,1.001033902168274,0.003652652259916067,1.001684308052063,0.006976070813834667,1.0018888711929321,0.006405462510883808,1.0014723539352417,0.007341108750551939,1.001570701599121,0.006046606227755547,1.0016143321990967,0.007023408077657223,1.0016907453536987,0.0060277977026999,1.0019724369049072,0.00719508808106184,1.0022982358932495,0.007855776697397232,1.0034483671188354,0.012153972871601582,1.0029747486114502,0.011944434605538845,1.006459355354309,0.018389595672488213,1.0053437948226929,0.017645273357629776,1.0060232877731323,0.01727570779621601,1.0045713186264038,0.016455084085464478,1.0060758590698242,0.018693741410970688,1.005280613899231,0.017771393060684204,1.007245659828186,0.019077390432357788,1.0067651271820068,0.01691841334104538,1.0062434673309326,0.016170626506209373,1.005942940711975,0.016032420098781586,1.0040956735610962,0.01381504163146019,1.0032626390457153,0.013133351691067219,1.003166675567627,0.011584972031414509
280,0,2.375726401805878e-06,3.065685510635376,7.512813074447842,2.279946996521044,1.3388774267785444,1.4659713247698245,1.6395367451780518,1.2648789616569285,1.1426374039970182,0.8926445375590274,0.8222657271443455,0.6817872301717894,0.6371121775015911,0.5702040220071475,0.5108742593295382,1.0005110502243042,0.0018958647269755602,1.0011590719223022,0.0055328733287751675,1.001364827156067,0.0050046867690980434,1.0008630752563477,0.0063484045676887035,1.0008755922317505,0.004371772054582834,1.0009764432907104,0.005219218786805868,1.0010865926742554,0.00428789621219039,1.0013988018035889,0.005700406152755022,1.0017541646957397,0.006320629268884659,1.0037118196487427,0.011585685424506664,1.0030299425125122,0.011145747266709805,1.0067609548568726,0.01792527548968792,1.005722165107727,0.017147453501820564,1.006265640258789,0.0165714118629694,1.0048508644104004,0.015909969806671143,1.0064244270324707,0.0184925589710474,1.0055922269821167,0.017571603879332542,1.007473349571228,0.018660562112927437,1.0070382356643677,0.016574794426560402,1.0063031911849976,0.015523754060268402,1.0060572624206543,0.015621734783053398,1.004190444946289,0.012976376339793205,1.003355622291565,0.012112883850932121,1.0026769638061523,0.010046299546957016
270,0,2.375726401805878e-06,3.5868794918060303,6.90569695401826,1.8082315785001606,1.0195895982802246,0.9068309752847296,1.0511425213873677,0.9818328211640366,1.0406333716740954,0.7975580041737341,0.7092685433400236,0.6510980510193527,0.5297519898034901,0.4848875595696156,0.4390437135080322,1.0006097555160522,0.0022463637869805098,1.0012431144714355,0.005636867601424456,1.0014450550079346,0.005254351068288088,1.0010002851486206,0.006435224320739508,1.0010526180267334,0.004703281447291374,1.0011216402053833,0.005687038879841566,1.001218557357788,0.00472025852650404,1.001518964767456,0.006032932084053755,1.0018703937530518,0.006695006508380175,1.0036063194274902,0.011697911657392979,1.002940058708191,0.01139612402766943,1.006641149520874,0.018057309091091156,1.0056182146072388,0.017307501286268234,1.0062410831451416,0.016929199919104576,1.0048396587371826,0.016285443678498268,1.0063766241073608,0.018799440935254097,1.0055819749832153,0.017919812351465225,1.0075103044509888,0.019213654100894928,1.0070194005966187,0.017062950879335403,1.006313681602478,0.015985583886504173,1.0060615539550781,0.015989264473319054,1.0041028261184692,0.01341365184634924,1.003301978111267,0.012635614722967148,1.0029376745224,0.010804635472595692
290,0,2.375726401805878e-06,3.145174503326416,9.302578444389322,2.9691328396784598,1.574742924637879,1.6122564392505216,1.7700137117727983,1.4918073841286776,1.5039465804645837,1.1850816968604077,1.0597492377074091,0.9421874781631786,0.8229150752920699,0.6620594968579103,0.6176016291621299,1.000693440437317,0.002461389172822237,1.001352071762085,0.006257861852645874,1.0015592575073242,0.00559571897611022,1.0009853839874268,0.006891114637255669,1.000999093055725,0.004977933131158352,1.001089334487915,0.005622106604278088,1.0011755228042603,0.004532210063189268,1.001499891281128,0.005920518189668655,1.001847505569458,0.006558600813150406,1.0037177801132202,0.01182678434997797,1.0029929876327515,0.011417681351304054,1.0068883895874023,0.018435968086123466,1.005846381187439,0.01764814928174019,1.006425380706787,0.017027409747242928,1.0048834085464478,0.016238799318671227,1.0065771341323853,0.019007330760359764,1.005661129951477,0.018021997064352036,1.0074543952941895,0.018947826698422432,1.0070246458053589,0.016802668571472168,1.0064297914505005,0.015978414565324783,1.0060778856277466,0.015871582552790642,1.0043282508850098,0.013344635255634785,1.0035496950149536,0.012502736411988735,1.0026861429214478,0.01040136069059372
280,0,2.375726401805878e-06,3.0656678676605225,7.508451031640855,2.2791497606505935,1.338351130855127,1.4647679526740445,1.6390346729539806,1.2642696761025793,1.141749780689132,0.8918811528361759,0.8218034738460458,0.6814027869438618,0.6366925518187392,0.5697297161364714,0.5105994904817536,1.0005303621292114,0.0019691993948072195,1.0011683702468872,0.005566692445427179,1.0013724565505981,0.005032531917095184,1.000868320465088,0.006380115170031786,1.0008959770202637,0.004408305510878563,1.0009875297546387,0.00524801155552268,1.001096248626709,0.004301533568650484,1.0014091730117798,0.00571761280298233,1.0017656087875366,0.0063555254600942135,1.0037117004394531,0.011597570963203907,1.0030347108840942,0.01117729488760233,1.0067602396011353,0.01794039085507393,1.0057203769683838,0.017159804701805115,1.0062636137008667,0.016583111137151718,1.004845142364502,0.015903161838650703,1.006423830986023,0.01847989670932293,1.005586862564087,0.017581669613718987,1.0074610710144043,0.0186473298817873,1.0070291757583618,0.01656285673379898,1.0062947273254395,0.01551662664860487,1.006049394607544,0.015630297362804413,1.004179835319519,0.01300913654267788,1.003354549407959,0.01213853433728218,1.0026710033416748,0.010034765116870403
300,0,2.375726401805878e-06,2.2172141075134277,8.483781252694609,2.4972214309859275,1.3670133998324323,1.4127929249949494,1.5829303992670687,1.3046585952820713,1.4916039340141138,1.068709029254733,1.0490925727045148,0.904067697061249,0.7959706063797919,0.6878223080804408,0.6278214853093504,1.0010205507278442,0.003533625043928623,1.0017106533050537,0.007155905477702618,1.0019367933273315,0.006704598665237427,1.0013426542282104,0.00773950619623065,1.0013694763183594,0.006012212485074997,1.0014903545379639,0.006465482991188765,1.0015941858291626,0.005563105922192335,1.0019365549087524,0.006821284536272287,1.0022742748260498,0.007590489462018013,1.0035282373428345,0.012260367162525654,1.0029549598693848,0.012111671268939972,1.0067580938339233,0.018872329965233803,1.0056688785552979,0.018163196742534637,1.0064585208892822,0.0178367979824543,1.00481116771698,0.01699369214475155,1.0067325830459595,0.019937073811888695,1.005767822265625,0.018931539729237556,1.0076050758361816,0.019712038338184357,1.00709068775177,0.017414219677448273,1.0066269636154175,0.01657027192413807,1.0062229633331299,0.01621146872639656,1.004508137702942,0.01366175152361393,1.0036121606826782,0.01255752146244049,1.0026323795318604,0.01017996296286583
290,0,2.375726401805878e-06,3.147177219390869,9.305758494011288,2.969840524208614,1.5738688236440155,1.61130446510573,1.7694416093790468,1.4910722411476889,1.5032012892639357,1.1846409847490051,1.0593192356570467,0.9419634834609467,0.8229096081212993,0.6619686229556008,0.6176821263721999,1.0007139444351196,0.00253867544233799,1.0013632774353027,0.006296820938587189,1.0015695095062256,0.005630087573081255,1.0009926557540894,0.006927260663360357,1.0010207891464233,0.005020346026867628,1.0011026859283447,0.005657253786921501,1.0011860132217407,0.0045492094941437244,1.001512050628662,0.005940212868154049,1.0018612146377563,0.006600469816476107,1.0037167072296143,0.011836864985525608,1.0029966831207275,0.011452965438365936,1.0068858861923218,0.018455978482961655,1.0058425664901733,0.017659515142440796,1.0064218044281006,0.017039619386196136,1.0048750638961792,0.01622983254492283,1.006574034690857,0.01899043656885624,1.0056533813476562,0.018027542158961296,1.0074388980865479,0.018930215388536453,1.0070117712020874,0.01678692363202572,1.0064187049865723,0.015966147184371948,1.0060679912567139,0.01587606966495514,1.0043143033981323,0.013372473418712616,1.003546953201294,0.01252710074186325,1.0026781558990479,0.010383573360741138
310,0,2.375726401805878e-06,2.9196910858154297,8.585040551878997,2.5863110420675803,1.5645491003533532,1.703753788434499,1.9922029011292095,1.558692136801826,1.5234875453393095,1.208923604187176,1.062974751336048,1.0137291836591322,0.7842537547392261,0.694486176321712,0.6070974431881839,1.0006433725357056,0.0022424606140702963,1.0013601779937744,0.006029928103089333,1.0016058683395386,0.005619765259325504,1.0010390281677246,0.006854392122477293,1.0010937452316284,0.005163296591490507,1.0012390613555908,0.0057443189434707165,1.0013225078582764,0.004737981129437685,1.0016752481460571,0.0061445520259439945,1.001995325088501,0.006805227138102055,1.0035701990127563,0.011850472539663315,1.002800703048706,0.011625813320279121,1.007097601890564,0.018876472488045692,1.0058544874191284,0.01793537102639675,1.0066354274749756,0.01753515936434269,1.0049086809158325,0.016575142741203308,1.006883144378662,0.019643321633338928,1.0058892965316772,0.018617013469338417,1.0077357292175293,0.01946648210287094,1.0071799755096436,0.017098935320973396,1.006592035293579,0.016164876520633698,1.006134271621704,0.015797896310687065,1.0043590068817139,0.013195476494729519,1.003452181816101,0.012070990167558193,1.0024971961975098,0.009716836735606194
300,0,2.375726401805878e-06,2.2136895656585693,8.48475284652331,2.4971276223906123,1.3674543524225975,1.4128297474979983,1.5840437310315352,1.305309108002059,1.4917564435011346,1.0691418284773602,1.049620250194458,0.9046791465463585,0.7965119068257838,0.6882007837955116,0.6280134859028769,1.0010391473770142,0.0035998045932501554,1.0017201900482178,0.007189334370195866,1.0019451379776,0.006733625195920467,1.0013501644134521,0.007774744648486376,1.001389503479004,0.006056413985788822,1.001503825187683,0.006502736825495958,1.0016028881072998,0.005580596160143614,1.001948356628418,0.0068430714309215546,1.00228750705719,0.007635651621967554,1.0035275220870972,0.012269791215658188,1.0029652118682861,0.012146892957389355,1.0067564249038696,0.01889837719500065,1.00566565990448,0.018175678327679634,1.006454586982727,0.017848258838057518,1.004801630973816,0.016983479261398315,1.0067286491394043,0.019917787984013557,1.00575852394104,0.018934465944767,1.0075880289077759,0.01969151385128498,1.0070762634277344,0.017395487055182457,1.006614089012146,0.01655443012714386,1.006211757659912,0.01621214859187603,1.0044925212860107,0.01368237379938364,1.0036076307296753,0.012577936053276062,1.0026229619979858,0.010157590731978416
320,0,2.375726401805878e-06,2.9451537132263184,7.660696018961092,2.5875899624316543,1.3659695165699124,1.3494943975407137,1.4047634019659352,1.2156903777172459,1.2600958497155403,0.9575692980588701,0.8866723955858314,0.8043154941572266,0.7248918183728257,0.6372066129682733,0.5091780760656159,1.0007234811782837,0.002598085207864642,1.00147545337677,0.0063035935163497925,1.001732349395752,0.006012951955199242,1.0012834072113037,0.007078369613736868,1.0013571977615356,0.005578876938670874,1.001543402671814,0.006373864132910967,1.0016542673110962,0.00565284164622426,1.0020277500152588,0.006986095104366541,1.0023177862167358,0.007691720966249704,1.0034812688827515,0.012341739609837532,1.0030549764633179,0.012217097915709019,1.0071406364440918,0.019441967830061913,1.0058389902114868,0.018532680347561836,1.0065330266952515,0.01810954511165619,1.0047348737716675,0.017009714618325233,1.0068165063858032,0.02007405459880829,1.0057936906814575,0.019021617248654366,1.007739543914795,0.019945666193962097,1.007149577140808,0.017539024353027344,1.0064902305603027,0.016314787790179253,1.0061395168304443,0.016038687899708748,1.0043282508850098,0.013410860672593117,1.0035529136657715,0.012281759642064571,1.002554178237915,0.00982737634330988
310,0,2.375726401805878e-06,2.9192285537719727,8.583488511174174,2.5867163273827383,1.5642715432188639,1.702216686006233,1.9910647717473444,1.5579370709620768,1.5230071503168325,1.2084574493773368,1.0623989248163694,1.0130150460358665,0.7837988106043526,0.6948287459020587,0.6071255760524934,1.0006619691848755,0.002308557741343975,1.0013676881790161,0.006057187914848328,1.0016124248504639,0.005644680466502905,1.0010476112365723,0.006887749303132296,1.0011144876480103,0.00520486943423748,1.0012530088424683,0.005779271479696035,1.0013291835784912,0.004751286469399929,1.0016860961914062,0.006159869022667408,1.002007007598877,0.006845578551292419,1.0035688877105713,0.011856906116008759,1.0028046369552612,0.011655174195766449,1.007095217704773,0.018895918503403664,1.0058519840240479,0.017946353182196617,1.0066325664520264,0.017542032524943352,1.0048996210098267,0.016561757773160934,1.0068800449371338,0.019621770828962326,1.0058810710906982,0.01861775666475296,1.0077202320098877,0.01944662630558014,1.0071674585342407,0.017079556360840797,1.0065786838531494,0.016148172318935394,1.006122350692749,0.015796080231666565,1.0043435096740723,0.013213207945227623,1.0034486055374146,0.012090230360627174,1.0024869441986084,0.009693148545920849
330,0,2.375726401805878e-06,1.516847014427185,8.277191926242919,2.3292374516168066,1.3533704208221868,1.32195638142321,1.5419926097978123,1.3247791483490161,1.3776181866422519,1.1395416875446887,1.0690168482687332,0.9028819008515965,0.8353666365164919,0.6764457565905512,0.5654738324615087,1.0009230375289917,0.0033893538638949394,1.0017125606536865,0.00703869154676795,1.001979947090149,0.006731049157679081,1.0015381574630737,0.007706077769398689,1.0016040802001953,0.006208433769643307,1.001783847808838,0.007109595462679863,1.0018876791000366,0.006381303071975708,1.0022639036178589,0.007620456628501415,1.0025334358215332,0.008351005613803864,1.0035059452056885,0.012689465656876564,1.0032789707183838,0.012661300599575043,1.0071938037872314,0.019864626228809357,1.005829930305481,0.01903233677148819,1.0065269470214844,0.018442921340465546,1.0047284364700317,0.017297925427556038,1.0068415403366089,0.020293159410357475,1.005768060684204,0.019192563369870186,1.007806658744812,0.0201707873493433,1.00721275806427,0.01765586994588375,1.0064058303833008,0.016274524852633476,1.006005883216858,0.015914738178253174,1.0042003393173218,0.013321147300302982,1.0035094022750854,0.012370780110359192,1.0026222467422485,0.01000502984970808
320,0,2.375726401805878e-06,2.9454753398895264,7.657066862556785,2.5882290171421394,1.3652622301876534,1.3487140819987462,1.4036715701987466,1.2150067602835455,1.2599824664337225,0.9571335270119254,0.8861242088087689,0.8035387316824814,0.7243710293014113,0.6367116998051543,0.5088279228971149,1.0007379055023193,0.0026506807189434767,1.001478672027588,0.006322856526821852,1.0017342567443848,0.006027894094586372,1.0012881755828857,0.007104222662746906,1.0013748407363892,0.0056156893260777,1.0015555620193481,0.00640268437564373,1.0016577243804932,0.005658640991896391,1.0020344257354736,0.006991423200815916,1.0023258924484253,0.007725057192146778,1.003480076789856,0.012344672344624996,1.0030590295791626,0.01223811972886324,1.0071375370025635,0.019456403329968452,1.0058375597000122,0.01854214258491993,1.0065308809280396,0.018112048506736755,1.0047270059585571,0.01699427329003811,1.0068153142929077,0.02005295269191265,1.00578773021698,0.01902633160352707,1.0077255964279175,0.019930405542254448,1.0071402788162231,0.017524832859635353,1.006479024887085,0.01630382053554058,1.0061287879943848,0.01604267582297325,1.0043141841888428,0.013432282023131847,1.0035498142242432,0.012301717884838581,1.0025442838668823,0.009805760346353054
340,0,2.375726401805878e-06,3.1768527030944824,8.376977611725748,2.6127291610355337,1.421185637847619,1.4350571827212963,1.7052443291006505,1.3177241004208118,1.2875116149506047,0.9671955481074481,0.8564140156053391,0.8197258022942034,0.7029117870730496,0.5913309106445955,0.5269810993998112,1.001123309135437,0.004108513705432415,1.0019272565841675,0.007809184957295656,1.0022016763687134,0.007389338221400976,1.0017582178115845,0.008270226418972015,1.0018080472946167,0.00669484306126833,1.0020177364349365,0.007606354542076588,1.0021052360534668,0.0069129285402596,1.0025080442428589,0.008195452392101288,1.002793788909912,0.008952479809522629,1.0033873319625854,0.013167020864784718,1.0035666227340698,0.013270609080791473,1.0072561502456665,0.020369112491607666,1.0058177709579468,0.019429665058851242,1.0065124034881592,0.0190117247402668,1.0046916007995605,0.017751652747392654,1.0069352388381958,0.020761685445904732,1.0058525800704956,0.019643906503915787,1.0079476833343506,0.020565105602145195,1.0072449445724487,0.017751485109329224,1.0063822269439697,0.016278570517897606,1.005979061126709,0.015828605741262436,1.0041961669921875,0.013355922885239124,1.0033748149871826,0.012157412245869637,1.0026034116744995,0.010019505396485329
330,0,2.375726401805878e-06,1.5166929960250854,8.26470738752678,2.322970851552686,1.3507784531061975,1.3199330780979004,1.5393540266298944,1.3225373319825133,1.3765861686527523,1.1385262212539706,1.0679465983698841,0.9014632394425642,0.8345520653166053,0.6760814452375411,0.5649925048979791,1.0009366273880005,0.0034395691473037004,1.0017138719558716,0.007054597605019808,1.0019798278808594,0.00674140639603138,1.0015414953231812,0.007728306110948324,1.001620888710022,0.006243580486625433,1.0017955303192139,0.007133980747312307,1.0018895864486694,0.006382775492966175,1.0022696256637573,0.0076218280009925365,1.0025416612625122,0.008382854983210564,1.003503680229187,0.01269194670021534,1.0032823085784912,0.012679588049650192,1.0071874856948853,0.01987631991505623,1.0058280229568481,0.019038422033190727,1.0065240859985352,0.018443461507558823,1.0047202110290527,0.01728109084069729,1.0068398714065552,0.020271390676498413,1.0057622194290161,0.019197598099708557,1.0077916383743286,0.020155372098088264,1.0072033405303955,0.0176446083933115,1.0063939094543457,0.016266504302620888,1.0059939622879028,0.015919480472803116,1.0041857957839966,0.013342773541808128,1.0035059452056885,0.012388376519083977,1.0026122331619263,0.009982838295400143
350,0,2.375726401805878e-06,2.745079517364502,8.472976362383154,2.222073702353992,1.2014327903667115,1.1601391738177906,1.460028251600002,1.1331837476215236,1.2999273948419372,0.917935512744392,0.8693107306618831,0.9115349836801814,0.77388258483089,0.6583323045773877,0.5598096941466392,1.0013967752456665,0.005086100660264492,1.002220630645752,0.00863345991820097,1.0025103092193604,0.00833836104720831,1.0019898414611816,0.009060961194336414,1.0020524263381958,0.007609429769217968,1.0022560358047485,0.008422537706792355,1.0023322105407715,0.007647568825632334,1.002739667892456,0.00890852976590395,1.0030440092086792,0.009739324450492859,1.0035704374313354,0.014017351903021336,1.0038166046142578,0.014265854842960835,1.0077354907989502,0.021732689812779427,1.0062743425369263,0.020783981308341026,1.0068578720092773,0.02037566527724266,1.0049928426742554,0.019103847444057465,1.0073132514953613,0.0220454391092062,1.0062038898468018,0.02090904489159584,1.0082417726516724,0.02164394035935402,1.0074330568313599,0.018758507445454597,1.0065304040908813,0.01717926375567913,1.0061761140823364,0.01666104793548584,1.0043796300888062,0.014135394245386124,1.0036307573318481,0.012928363867104053,1.0027645826339722,0.010593757033348083
340,0,2.375726401805878e-06,3.1755752563476562,8.38461288215767,2.6142235136858116,1.420981854270243,1.435169592593277,1.7055193607795591,1.3174554976307058,1.2866650585921915,0.9669241127715676,0.8560393630777337,0.8192502802479348,0.7026082240273831,0.5910830044019907,0.5266452627406323,1.001136302947998,0.00415797159075737,1.0019279718399048,0.007824528031051159,1.0022015571594238,0.007398826535791159,1.001759648323059,0.008289694786071777,1.001822829246521,0.006728135049343109,1.0020270347595215,0.007625772152096033,1.0021036863327026,0.006910035386681557,1.002511978149414,0.008191377855837345,1.0027999877929688,0.008978177793323994,1.0033842325210571,0.013166268356144428,1.0035687685012817,0.013284629210829735,1.0072484016418457,0.020377324894070625,1.00581693649292,0.01943412981927395,1.0065107345581055,0.019011666998267174,1.0046831369400024,0.017737776041030884,1.0069334506988525,0.020740678533911705,1.0058467388153076,0.01964847557246685,1.0079326629638672,0.020549999549984932,1.0072349309921265,0.017742488533258438,1.0063687562942505,0.01627100631594658,1.0059646368026733,0.015831008553504944,1.0041807889938354,0.013379648327827454,1.0033713579177856,0.01217564381659031,1.002593755722046,0.00999719463288784
360,0,2.375726401805878e-06,4.583573818206787,8.252306655201858,2.2340820773677534,1.4378082413574327,1.5175238436141674,1.7600538087971727,1.2735181502533524,1.267395887109902,1.0662819358087448,0.8923895207835248,0.8418173009798053,0.7376413355441159,0.6434491424535193,0.5914699052735503,1.0016430616378784,0.005808162037283182,1.0025112628936768,0.0096963532269001,1.0028153657913208,0.009115303866565228,1.0023366212844849,0.009719089604914188,1.0024495124816895,0.008581498637795448,1.002652883529663,0.009543136693537235,1.0027190446853638,0.00868929736316204,1.0031214952468872,0.010244365781545639,1.003435492515564,0.011084102094173431,1.0039756298065186,0.015698499977588654,1.004248023033142,0.0159998070448637,1.008252501487732,0.023510703817009926,1.0066726207733154,0.02259155735373497,1.0072802305221558,0.022135352715849876,1.0053651332855225,0.020913999527692795,1.0077742338180542,0.023805053904652596,1.0066041946411133,0.022651446983218193,1.00857675075531,0.02320272848010063,1.0077252388000488,0.020188897848129272,1.0066982507705688,0.01848762296140194,1.0063575506210327,0.01765638403594494,1.0045568943023682,0.015144776552915573,1.0038304328918457,0.014018016867339611,1.0031006336212158,0.011839241720736027
350,0,2.375726401805878e-06,2.7403275966644287,8.470887853744687,2.223556269298133,1.201926468688785,1.1609195708375522,1.4601925178744866,1.1326905154667322,1.298733197694874,0.917474521985043,0.8690489736113258,0.9103883133104941,0.7737737117051735,0.6584432209117186,0.5596516570580614,1.0014095306396484,0.00513811782002449,1.0022212266921997,0.008647201582789421,1.0025105476379395,0.008348899893462658,1.0019927024841309,0.00908192340284586,1.0020662546157837,0.007644043304026127,1.0022647380828857,0.008441911078989506,1.0023306608200073,0.007646025158464909,1.002744436264038,0.00890581775456667,1.0030505657196045,0.009763852693140507,1.0035666227340698,0.014011187478899956,1.0038166046142578,0.014273297972977161,1.0077259540557861,0.02173510380089283,1.006272554397583,0.02078658901154995,1.0068559646606445,0.020375875756144524,1.0049829483032227,0.019086595624685287,1.007310152053833,0.022022413089871407,1.0061967372894287,0.02091285027563572,1.0082265138626099,0.02162732370197773,1.0074230432510376,0.018748871982097626,1.0065147876739502,0.017168231308460236,1.006157636642456,0.016659608110785484,1.004363775253296,0.014161255210638046,1.0036269426345825,0.012944870628416538,1.00275456905365,0.010570530779659748
370,0,2.375726401805878e-06,2.371516227722168,7.9523499052903235,1.9136661117349918,1.238807452040458,1.237427102224053,1.3747386653333342,1.13833459459719,1.205341613378562,1.0433355024039677,0.9801639188939888,0.8017608452861418,0.6934586764198285,0.6241088650139188,0.565883612175881,1.0016969442367554,0.0059667169116437435,1.0025802850723267,0.009689418599009514,1.0028908252716064,0.009431247599422932,1.0023999214172363,0.009947902522981167,1.0025112628936768,0.00881887972354889,1.0027389526367188,0.009736872278153896,1.0028358697891235,0.009061035700142384,1.0032559633255005,0.010648932307958603,1.0035940408706665,0.011552914045751095,1.0041637420654297,0.016328971832990646,1.0044081211090088,0.016654865816235542,1.0084081888198853,0.024462604895234108,1.0068715810775757,0.023614289239048958,1.0075116157531738,0.0231779795140028,1.005581021308899,0.02193273790180683,1.008022665977478,0.024880092591047287,1.0068398714065552,0.023751255124807358,1.008938193321228,0.024493632838129997,1.0080918073654175,0.021479059010744095,1.007152795791626,0.019826430827379227,1.0068583488464355,0.0187666118144989,1.0049077272415161,0.016019156202673912,1.0041662454605103,0.01493898592889309,1.003223180770874,0.012299164198338985
360,0,2.375726401805878e-06,4.590131759643555,8.256228285391638,2.235168922909535,1.4368433098262,1.5168207851712405,1.758728037057559,1.2726178924885727,1.2669386450412832,1.0661102410074905,0.8922964600521573,0.842010545934337,0.7376297788970538,0.6439128311426453,0.5919730040973565,1.0016534328460693,0.005849104840308428,1.0025101900100708,0.00970380287617445,1.0028144121170044,0.009119009599089622,1.0023393630981445,0.009735079482197762,1.0024638175964355,0.008615768514573574,1.0026620626449585,0.009561785496771336,1.0027199983596802,0.008691088296473026,1.0031272172927856,0.010245498269796371,1.0034443140029907,0.01111314445734024,1.0039713382720947,0.01569545827805996,1.0042493343353271,0.016010435298085213,1.0082437992095947,0.02351626381278038,1.0066720247268677,0.02259916253387928,1.0072784423828125,0.022141696885228157,1.0053550004959106,0.020899921655654907,1.007770299911499,0.023780643939971924,1.0065962076187134,0.022657152265310287,1.0085595846176147,0.02318374067544937,1.0077135562896729,0.02017909474670887,1.0066817998886108,0.018475251272320747,1.0063375234603882,0.01765289157629013,1.0045404434204102,0.015173343941569328,1.0038270950317383,0.014035874046385288,1.0030910968780518,0.011816679500043392
380,0,2.375726401805878e-06,2.572514772415161,8.215978272076391,3.2156778889132145,1.4325198077796195,1.359388611030642,1.4982337939221813,1.1764571883703256,1.2937180875940921,1.0294418987196905,0.9543331078773184,0.8180813286920434,0.7313163225893957,0.6672486905808932,0.5481480003341533,1.002083420753479,0.007261709775775671,1.0029863119125366,0.011260614730417728,1.0033060312271118,0.010732409544289112,1.0027846097946167,0.011140906251966953,1.0028674602508545,0.009856626391410828,1.0030786991119385,0.010794785805046558,1.0031732320785522,0.010078017599880695,1.003583550453186,0.011737017892301083,1.0039492845535278,0.012672281824052334,1.0045572519302368,0.01781962253153324,1.004797339439392,0.018158668652176857,1.008871078491211,0.02635400928556919,1.0072391033172607,0.02550576999783516,1.0079749822616577,0.025067951530218124,1.0059945583343506,0.02374960482120514,1.0084526538848877,0.026731254532933235,1.0072320699691772,0.025661852210760117,1.0093122720718384,0.026305852457880974,1.0084185600280762,0.023052603006362915,1.0074334144592285,0.02130405604839325,1.0072166919708252,0.020008407533168793,1.005242943763733,0.017320675775408745,1.0043731927871704,0.015952182933688164,1.0034791231155396,0.013239900581538677
370,0,2.375726401805878e-06,2.369035482406616,7.948118299482804,1.9125662733881779,1.237868000075794,1.236211365190668,1.3734456516253142,1.1374178424328676,1.2049439009618386,1.0431973784775879,0.9798078381312539,0.8012933208299748,0.6932836885134499,0.6241117320389952,0.5657164526092092,1.0017088651657104,0.006010018289089203,1.0025792121887207,0.009696041233837605,1.0028892755508423,0.00943412072956562,1.0024049282073975,0.00996916089206934,1.0025291442871094,0.00886139553040266,1.0027484893798828,0.009758632630109787,1.0028387308120728,0.00907003041356802,1.0032634735107422,0.010656672529876232,1.0036038160324097,0.011585542000830173,1.0041600465774536,0.01632769964635372,1.0044105052947998,0.01666807197034359,1.0083985328674316,0.02446775883436203,1.0068697929382324,0.023621749132871628,1.0075081586837769,0.02318788506090641,1.0055694580078125,0.021921994164586067,1.0080162286758423,0.0248553529381752,1.006829857826233,0.023757539689540863,1.0089179277420044,0.024472780525684357,1.008077621459961,0.021469350904226303,1.007136583328247,0.019814597442746162,1.0068387985229492,0.018763022497296333,1.004891037940979,0.016047721728682518,1.0041629076004028,0.014955881051719189,1.0032142400741577,0.012278426438570023
390,0,2.375726401805878e-06,2.8506476879119873,9.842318662239334,2.841123155691647,1.5879620845063562,1.509844937031547,1.822757738804272,1.5102267218164935,1.5445256306688417,1.185997558831214,1.1906380711638975,0.9830541017057675,0.8604678568939408,0.7568850812763172,0.5584920398123231,1.001888632774353,0.006586180999875069,1.0027750730514526,0.0105843935161829,1.0030786991119385,0.010135705582797527,1.0025148391723633,0.010633365251123905,1.002551794052124,0.009044947102665901,1.0027333498001099,0.009985224343836308,1.0028364658355713,0.009215719066560268,1.003250002861023,0.010879438370466232,1.0036298036575317,0.01178019680082798,1.0042411088943481,0.017154108732938766,1.004481554031372,0.01743813417851925,1.008962869644165,0.025910373777151108,1.0073868036270142,0.025088973343372345,1.0081448554992676,0.02467702329158783,1.006178617477417,0.023350868374109268,1.008551001548767,0.026467340067029,1.0073322057724,0.025501247495412827,1.0094879865646362,0.026302527636289597,1.008634328842163,0.022988054901361465,1.0075675249099731,0.021208027377724648,1.0072860717773438,0.01987043023109436,1.005259394645691,0.017084961757063866,1.0043675899505615,0.01570913754403591,1.0033732652664185,0.012822904624044895
380,0,2.375726401805878e-06,2.5701351165771484,8.239254747193248,3.2288948695196185,1.437520781944487,1.3641419984366818,1.5031471681716582,1.1792035873227393,1.2961679291350499,1.0309523973455141,0.9558445523841745,0.819129246715065,0.7325092984750445,0.6680253104066686,0.5484560367773955,1.0020912885665894,0.007289527449756861,1.0029810667037964,0.011253368109464645,1.003300428390503,0.01072301622480154,1.0027869939804077,0.011153415776789188,1.0028823614120483,0.009891444817185402,1.0030841827392578,0.010807481594383717,1.0031721591949463,0.010072972625494003,1.003587007522583,0.011736658401787281,1.0039551258087158,0.012694661505520344,1.0045485496520996,0.01781044341623783,1.0047967433929443,0.01816622167825699,1.008863091468811,0.026358041912317276,1.007238507270813,0.025508757680654526,1.0079715251922607,0.025076590478420258,1.0059831142425537,0.023739289492368698,1.0084465742111206,0.026706786826252937,1.0072219371795654,0.025671567767858505,1.009292483329773,0.026287807151675224,1.0084059238433838,0.02304847352206707,1.0074193477630615,0.021299755200743675,1.0072001218795776,0.020011093467473984,1.0052276849746704,0.017356187105178833,1.004370927810669,0.015973500907421112,1.003470540046692,0.013221396133303642
400,0,2.375726401805878e-06,3.5637102127075195,10.453511657238867,4.323906870944631,2.0416638644513303,1.886390136825619,2.1918374764209596,1.7317619572415879,1.6008296056115972,1.3045700287454887,1.1542509444923108,1.1211937937301684,0.9943777603862775,0.7439659943643722,0.6423305140669171,1.0022683143615723,0.007984161376953125,1.0031518936157227,0.011892342939972878,1.003438949584961,0.011486767791211605,1.002915620803833,0.011861257255077362,1.0029454231262207,0.010326435789465904,1.003129005432129,0.011193349026143551,1.0032458305358887,0.010559109970927238,1.0036603212356567,0.011976341716945171,1.0040335655212402,0.012897743843495846,1.0046186447143555,0.01755283586680889,1.0048500299453735,0.01807568036019802,1.0087734460830688,0.02632908523082733,1.0071979761123657,0.025662541389465332,1.0078201293945312,0.024837983772158623,1.0059049129486084,0.02358195371925831,1.0082991123199463,0.026593053713440895,1.007142424583435,0.025726469233632088,1.0094460248947144,0.02641480416059494,1.00861656665802,0.022917335852980614,1.0074224472045898,0.021016739308834076,1.0071107149124146,0.019738266244530678,1.0050216913223267,0.01684834249317646,1.0043365955352783,0.01584356464445591,1.0034537315368652,0.013060247525572777
390,0,2.375726401805878e-06,2.8490829467773438,9.852691343402547,2.844424665267995,1.58900501238859,1.510774947531906,1.823862137866416,1.510651931791326,1.5441124744854255,1.1860851934789542,1.190335982735535,0.9827448107505775,0.8596774400974365,0.7565405793818009,0.5583127673543463,1.001895546913147,0.006611189339309931,1.0027706623077393,0.010577241890132427,1.0030730962753296,0.010127603076398373,1.0025179386138916,0.010647461749613285,1.0025655031204224,0.009075336158275604,1.0027375221252441,0.009996823035180569,1.0028355121612549,0.009209162555634975,1.0032532215118408,0.01087938155978918,1.0036346912384033,0.011799163185060024,1.0042303800582886,0.01714192144572735,1.0044801235198975,0.01744467206299305,1.008954405784607,0.025915874168276787,1.0073870420455933,0.025091083720326424,1.0081418752670288,0.024684827774763107,1.0061668157577515,0.023341137915849686,1.0085448026657104,0.026444317772984505,1.007321834564209,0.025512367486953735,1.0094695091247559,0.026289066299796104,1.0086233615875244,0.02298872545361519,1.0075548887252808,0.02120840921998024,1.0072709321975708,0.019877443090081215,1.0052447319030762,0.01712135225534439,1.0043672323226929,0.015730775892734528,1.0033646821975708,0.01280466839671135
410,0,2.375726401805878e-06,3.2321786880493164,8.500939838382505,2.0949071538808446,1.2484048799101246,1.2026467709962405,1.3735785017779292,1.1930903174218503,1.1836438102749054,0.9569488544447521,0.8781012283963433,0.8051030949115608,0.6532034934973897,0.5526274566273638,0.5256171899666281,1.0021848678588867,0.007759555708616972,1.0030834674835205,0.011841938830912113,1.0033748149871826,0.011114116758108139,1.0028291940689087,0.011553668417036533,1.0028719902038574,0.010075931437313557,1.0030460357666016,0.010965460911393166,1.003150463104248,0.01019532885402441,1.0035574436187744,0.011776086874306202,1.003942847251892,0.01267840526998043,1.0045223236083984,0.01741691865026951,1.0047924518585205,0.01796087622642517,1.0088506937026978,0.026359515264630318,1.0072429180145264,0.02576630376279354,1.0077033042907715,0.024505287408828735,1.0058685541152954,0.023310774937272072,1.0082039833068848,0.026182595640420914,1.0071319341659546,0.025328828021883965,1.0096746683120728,0.026125352829694748,1.0088145732879639,0.022416427731513977,1.0073041915893555,0.020257629454135895,1.0069245100021362,0.018960218876600266,1.0048487186431885,0.016141248866915703,1.004315972328186,0.01573176681995392,1.0033961534500122,0.0129155982285738
400,0,2.375726401805878e-06,3.564441204071045,10.461615455172481,4.325253799325531,2.043701128398,1.8915963231036879,2.1965483312710186,1.7337801771593881,1.6010598810510985,1.30329668884623,1.1529641995228697,1.1204559693027027,0.994067563025911,0.7437101117072797,0.6419981121170202,1.0022753477096558,0.008011255413293839,1.003151774406433,0.011894484050571918,1.0034352540969849,0.01148182898759842,1.0029200315475464,0.011877856217324734,1.0029619932174683,0.010363134555518627,1.0031344890594482,0.011210800148546696,1.0032490491867065,0.010560059919953346,1.0036654472351074,0.011981731280684471,1.0040398836135864,0.012920521199703217,1.00460946559906,0.017539948225021362,1.0048503875732422,0.018087660893797874,1.008764386177063,0.02634270489215851,1.0071974992752075,0.025666704401373863,1.007817268371582,0.02485044114291668,1.0058925151824951,0.023578178137540817,1.0082919597625732,0.026574060320854187,1.0071310997009277,0.025743840262293816,1.0094281435012817,0.02640623226761818,1.0086058378219604,0.022924331948161125,1.0074113607406616,0.02102237194776535,1.0070966482162476,0.019750479608774185,1.0050075054168701,0.016890939325094223,1.004336953163147,0.015867579728364944,1.0034441947937012,0.01304104458540678
420,0,2.375726401805878e-06,3.332467555999756,8.876274344776636,2.303738064253912,1.367120245787171,1.2745335731036396,1.4648037825795344,1.2592375533557134,1.3539364189967549,1.0668371887532877,1.063159895933553,0.965752168967403,0.7967621559292049,0.632502824451131,0.5632273989776176,1.0021402835845947,0.007525824476033449,1.003092646598816,0.011613136157393456,1.0034269094467163,0.011242278851568699,1.0028046369552612,0.011577707715332508,1.0028486251831055,0.010117182508111,1.0030186176300049,0.010922330431640148,1.0031311511993408,0.010192959569394588,1.0035480260849,0.01168769970536232,1.003868579864502,0.012598034925758839,1.0044022798538208,0.017070870846509933,1.0046337842941284,0.01755065657198429,1.0088920593261719,0.0260795708745718,1.0072612762451172,0.025504156947135925,1.007724404335022,0.02405889704823494,1.0058386325836182,0.022749099880456924,1.0083287954330444,0.025875838473439217,1.0072579383850098,0.02504122070968151,1.0099692344665527,0.02590726502239704,1.009046196937561,0.021854855120182037,1.0073308944702148,0.019356485456228256,1.00678551197052,0.017710207030177116,1.0047005414962769,0.014840561896562576,1.0042370557785034,0.014728874899446964,1.002966046333313,0.011733867228031158
410,0,2.375726401805878e-06,3.234983205795288,8.488714549837583,2.0952543022716084,1.2485363936369027,1.2023140254538975,1.3725735402913424,1.191646661781408,1.183240653842415,0.9566843646963727,0.8780553515486431,0.8051914615240389,0.6531323976348732,0.5526492887876346,0.5255832076118895,1.0021945238113403,0.007794596254825592,1.0030878782272339,0.011853600852191448,1.0033748149871826,0.011117990128695965,1.0028364658355713,0.011576949618756771,1.0028910636901855,0.010122363455593586,1.0030546188354492,0.010994699783623219,1.0031588077545166,0.010209670290350914,1.0035654306411743,0.011787940748035908,1.0039517879486084,0.012705201283097267,1.004514455795288,0.017405057325959206,1.004794955253601,0.01797872595489025,1.0088404417037964,0.026372218504548073,1.0072399377822876,0.02576741948723793,1.0076977014541626,0.024516912177205086,1.0058530569076538,0.023302484303712845,1.0081931352615356,0.026159482076764107,1.0071173906326294,0.025340816006064415,1.0096540451049805,0.026109008118510246,1.008800983428955,0.022415030747652054,1.0072925090789795,0.020256156101822853,1.0069085359573364,0.01896592043340206,1.0048350095748901,0.016178933903574944,1.0043166875839233,0.015749964863061905,1.0033825635910034,0.012886431999504566
430,0,2.375726401805878e-06,2.816527843475342,10.747012321084854,4.392932505231151,2.265879576814891,2.0984696359813007,2.259365836847516,1.7553487261231109,1.7099221708748733,1.3708640633254745,1.24243379305656,1.0459856685030748,0.8869015035386009,0.7553179830720161,0.6127304056772309,1.0021891593933105,0.007602345198392868,1.0031789541244507,0.011706492863595486,1.0035440921783447,0.011367641389369965,1.002969741821289,0.011691697873175144,1.0030486583709717,0.010340940207242966,1.0032494068145752,0.011349976062774658,1.0033717155456543,0.010686392895877361,1.0038093328475952,0.012510446831583977,1.0041301250457764,0.013515063561499119,1.0046758651733398,0.01833833009004593,1.0049515962600708,0.01884576678276062,1.0093759298324585,0.027636883780360222,1.0077602863311768,0.027141740545630455,1.0080925226211548,0.025733567774295807,1.00619637966156,0.02452865056693554,1.008764624595642,0.027700521051883698,1.007741093635559,0.026833264157176018,1.0103286504745483,0.027290482074022293,1.0093358755111694,0.022917771711945534,1.0075956583023071,0.02012855000793934,1.0068955421447754,0.017979145050048828,1.0047541856765747,0.01487700641155243,1.0041500329971313,0.014486804604530334,1.002868890762329,0.011466997675597668
420,0,2.375726401805878e-06,3.3320119380950928,8.877849944279328,2.304659035666136,1.3673878106943145,1.2747817092117038,1.464555880555657,1.2594545466370668,1.354391028228258,1.0676079061433972,1.0638596646013436,0.9665548781976775,0.7972469131799234,0.6327011058727852,0.5634666530530845,1.0021514892578125,0.0075640203431248665,1.003098964691162,0.011628454551100731,1.0034291744232178,0.01125240232795477,1.002813458442688,0.011605448089540005,1.0028696060180664,0.010170524008572102,1.0030303001403809,0.010959150269627571,1.0031424760818481,0.01021642703562975,1.0035583972930908,0.011704878881573677,1.0038800239562988,0.012630626559257507,1.0043963193893433,0.017061453312635422,1.004637598991394,0.01757243275642395,1.0088798999786377,0.02609109878540039,1.007256269454956,0.02550503797829151,1.0077176094055176,0.024066781625151634,1.005821704864502,0.02273724600672722,1.008316159248352,0.025850361213088036,1.0072410106658936,0.02504887990653515,1.009947419166565,0.0258864164352417,1.0090302228927612,0.021846257150173187,1.0073189735412598,0.01934673637151718,1.0067672729492188,0.017708607017993927,1.0046855211257935,0.014868460595607758,1.004238486289978,0.01474042423069477,1.002949833869934,0.011697598733007908
440,0,2.375726401805878e-06,4.506381034851074,7.867146321815385,2.8032930251762345,1.3675307884392944,1.2104217792203704,1.417016412797161,1.2248997136640698,1.201001845169192,1.0404713902383202,1.0264540866091276,0.8722037603546996,0.7687676084153761,0.6677807653603377,0.566697460334212,1.0024440288543701,0.00846901535987854,1.0034445524215698,0.01268903911113739,1.003800392150879,0.012110925279557705,1.0032058954238892,0.012443599291145802,1.003265142440796,0.010988998226821423,1.0034691095352173,0.011958066374063492,1.0035902261734009,0.011280449107289314,1.0040230751037598,0.013227714225649834,1.0042988061904907,0.01422892790287733,1.004820466041565,0.01903253234922886,1.0051299333572388,0.01958499476313591,1.0096428394317627,0.02874801494181156,1.0079952478408813,0.028386980295181274,1.0084201097488403,0.027046600356698036,1.0065860748291016,0.02605137601494789,1.0092647075653076,0.029141586273908615,1.0082199573516846,0.02820606902241707,1.0107173919677734,0.028359921649098396,1.0096505880355835,0.023553935810923576,1.007947325706482,0.020746750757098198,1.007201910018921,0.018522458150982857,1.0049806833267212,0.015259121544659138,1.0043137073516846,0.01484358124434948,1.0028728246688843,0.01142844371497631
430,0,2.375726401805878e-06,2.816257953643799,10.749590840141153,4.3963630069896675,2.2676893029185194,2.1003757108689647,2.261102700698664,1.7569672187496677,1.7117736686225473,1.3729836050892177,1.2437864237316854,1.0478270332691533,0.8879676378179581,0.7565128373354418,0.6131994612263545,1.0021995306015015,0.007635690737515688,1.0031843185424805,0.011719116009771824,1.0035451650619507,0.011371713131666183,1.002977967262268,0.011717068962752819,1.0030690431594849,0.01039217971265316,1.003261685371399,0.011389955878257751,1.0033822059631348,0.010709310881793499,1.0038200616836548,0.01252682413905859,1.0041409730911255,0.013544819317758083,1.0046708583831787,0.018333973363041878,1.0049540996551514,0.018870361149311066,1.0093657970428467,0.027654504403471947,1.007756233215332,0.02714752033352852,1.0080865621566772,0.02574666030704975,1.0061806440353394,0.024523207917809486,1.0087542533874512,0.02768580988049507,1.0077255964279175,0.026849715039134026,1.010307788848877,0.02727753296494484,1.0093199014663696,0.02291732281446457,1.0075863599777222,0.020122310146689415,1.0068778991699219,0.017983328551054,1.0047392845153809,0.014908640645444393,1.0041531324386597,0.014501354657113552,1.0028527975082397,0.011431622318923473
450,0,2.375726401805878e-06,2.888765335083008,7.494025579008915,2.4051049155900643,1.502511181987823,1.5074693284684337,1.6192703834413682,1.288160692453856,1.3039132884778524,1.0711028789756276,0.9699340711103139,0.729164362184137,0.6074878288584066,0.5603733645976848,0.48674102757802085,1.002515435218811,0.008748950436711311,1.0035301446914673,0.013010397553443909,1.003867506980896,0.012377018108963966,1.0033066272735596,0.012750104069709778,1.0033693313598633,0.011349123902618885,1.003549575805664,0.012373131699860096,1.0036576986312866,0.011566272005438805,1.0040870904922485,0.013642067089676857,1.004357933998108,0.014599990099668503,1.0048948526382446,0.019708093255758286,1.0052577257156372,0.020369628444314003,1.0100488662719727,0.030078977346420288,1.0083646774291992,0.029780490323901176,1.0088753700256348,0.02860436961054802,1.007033109664917,0.027724657207727432,1.0098577737808228,0.03103814087808132,1.0087671279907227,0.02999771572649479,1.011205792427063,0.02995678409934044,1.010107159614563,0.024903809651732445,1.0081965923309326,0.02175687439739704,1.007429838180542,0.019321711733937263,1.0051864385604858,0.015989001840353012,1.0045311450958252,0.015646781772375107,1.0030488967895508,0.012053023092448711
440,0,2.375726401805878e-06,4.504607200622559,7.85212670004973,2.7950177482935814,1.3648317094021039,1.2075710140609677,1.4151234546247973,1.2237525754060181,1.199882335391895,1.0400878081261773,1.0257856880332132,0.8722541715930404,0.7682935248609757,0.667739325547869,0.5664397606074706,1.0024536848068237,0.008499635383486748,1.0034488439559937,0.012698641046881676,1.003800868988037,0.012111170217394829,1.0032126903533936,0.012464698404073715,1.0032849311828613,0.011037683114409447,1.0034815073013306,0.01199709065258503,1.0035995244979858,0.011299313977360725,1.0040327310562134,0.013241655193269253,1.004309058189392,0.014257708564400673,1.0048147439956665,0.01902795396745205,1.0051318407058716,0.019611334428191185,1.0096344947814941,0.028768278658390045,1.0079926252365112,0.028398560360074043,1.0084149837493896,0.02706337720155716,1.0065710544586182,0.02604910172522068,1.0092558860778809,0.02913120947778225,1.0082054138183594,0.028228310868144035,1.0106985569000244,0.028352677822113037,1.0096368789672852,0.023559145629405975,1.0079408884048462,0.020744238048791885,1.0071861743927002,0.018531780689954758,1.0049669742584229,0.015293342992663383,1.004316806793213,0.014861243776977062,1.00285804271698,0.011396386660635471
460,0,2.375726401805878e-06,2.8472580909729004,9.492840970017848,2.641273270757621,1.5153989530720304,1.4092842188933699,1.5241006586919719,1.3551578543003515,1.3896655248041416,1.0699030191902275,0.9787231783292043,0.8782800968065709,0.7833064399375227,0.6791645859306372,0.5339306718686817,1.00244140625,0.008563506416976452,1.0034241676330566,0.012821700423955917,1.0037155151367188,0.012167368084192276,1.0031291246414185,0.012554585002362728,1.0031498670578003,0.010922038927674294,1.0033190250396729,0.011788996867835522,1.0034328699111938,0.010991440154612064,1.0038663148880005,0.013057784177362919,1.004114031791687,0.013933592475950718,1.0046583414077759,0.019169677048921585,1.0049798488616943,0.01981581561267376,1.0100115537643433,0.029874363914132118,1.0083783864974976,0.029474636539816856,1.0089527368545532,0.028412576764822006,1.007086157798767,0.027330392971634865,1.0101475715637207,0.031160864979028702,1.0090787410736084,0.0301442202180624,1.0115424394607544,0.030366161838173866,1.010471224784851,0.025365516543388367,1.008463740348816,0.02204442024230957,1.0076700448989868,0.019566979259252548,1.0053938627243042,0.016055656597018242,1.004728078842163,0.01573295332491398,1.0029178857803345,0.011645861901342869
450,0,2.375726401805878e-06,2.890394449234009,7.475131949621432,2.3985770538340367,1.4985267885594404,1.5033065869425315,1.6151289579269883,1.2852723763371479,1.3020588094491425,1.0698139414287167,0.9686709649705241,0.7284851141339832,0.606797946924515,0.5600915750327786,0.48624576735486413,1.0025262832641602,0.00878219772130251,1.0035357475280762,0.013024390675127506,1.0038715600967407,0.012386077083647251,1.0033143758773804,0.012772900983691216,1.003391981124878,0.011406389065086842,1.0035637617111206,0.012415437027812004,1.003667950630188,0.011586534790694714,1.0040990114212036,0.013661466538906097,1.0043705701828003,0.014633964747190475,1.004891037940979,0.01970810629427433,1.005261778831482,0.020400622859597206,1.0100409984588623,0.03010571002960205,1.0083636045455933,0.029800986871123314,1.0088714361190796,0.02863062173128128,1.0070194005966187,0.027731018140912056,1.0098515748977661,0.0310386773198843,1.008754849433899,0.030033603310585022,1.0111898183822632,0.02996477298438549,1.0100958347320557,0.02491898275911808,1.0081902742385864,0.021762289106845856,1.0074139833450317,0.01933262310922146,1.0051727294921875,0.016027254983782768,1.0045329332351685,0.01566276326775551,1.0030344724655151,0.012023077346384525
470,0,2.375726401805878e-06,4.096550941467285,7.335620712362262,1.9794928507932072,1.2094404514160249,1.1553887305429962,1.3393883941183118,1.1063854195561718,1.0933080070412393,0.8806988117619334,0.8195012580709535,0.7192822282971079,0.6262985955875884,0.5519910316155131,0.4370574837973407,1.002027153968811,0.007262194529175758,1.0029544830322266,0.011692283675074577,1.003188133239746,0.010687584988772869,1.0026048421859741,0.011281849816441536,1.0025992393493652,0.00940023548901081,1.0027674436569214,0.010225025936961174,1.0028928518295288,0.009411984123289585,1.0033456087112427,0.011719956062734127,1.0036399364471436,0.01256127655506134,1.0043824911117554,0.018409883603453636,1.0045415163040161,0.01896069385111332,1.0101770162582397,0.029573235660791397,1.008568525314331,0.029094742611050606,1.0091688632965088,0.02830391936004162,1.0072356462478638,0.027167774736881256,1.0104106664657593,0.031438130885362625,1.0094060897827148,0.030615465715527534,1.0118801593780518,0.031011143699288368,1.010800838470459,0.026124633848667145,1.0089675188064575,0.02308422513306141,1.0083059072494507,0.020864317193627357,1.0058399438858032,0.016896802932024002,1.0048598051071167,0.01600801572203636,1.0029430389404297,0.011655321344733238
460,0,2.375726401805878e-06,2.848573923110962,9.489175787782955,2.6467329976494347,1.5193141212666093,1.4133969076763444,1.5290629597493584,1.35973574330399,1.393725308071993,1.0728975479364515,0.9811134232863414,0.880539536678766,0.7849914496852971,0.679831582750603,0.5343503905241082,1.0024502277374268,0.008589512668550014,1.0034276247024536,0.012830006889998913,1.003717303276062,0.012167624197900295,1.003135085105896,0.01256885938346386,1.0031720399856567,0.010975259356200695,1.0033317804336548,0.011821415275335312,1.0034418106079102,0.011004104278981686,1.0038782358169556,0.01307529304176569,1.0041254758834839,0.013964551500976086,1.004655361175537,0.019173383712768555,1.004984736442566,0.01984923705458641,1.0100034475326538,0.029903391376137733,1.0083783864974976,0.029500892385840416,1.0089504718780518,0.028443260118365288,1.0070743560791016,0.027343926951289177,1.0101443529129028,0.031172504648566246,1.009068250656128,0.030189042910933495,1.0115283727645874,0.030384698882699013,1.0104618072509766,0.025386787950992584,1.0084588527679443,0.022056590765714645,1.007654070854187,0.019583702087402344,1.0053826570510864,0.016099464148283005,1.00473153591156,0.015751777216792107,1.0029053688049316,0.011621596291661263
480,0,2.375726401805878e-06,3.199291229248047,10.078441636890492,3.0335227877552753,1.671819190407497,1.7006494951772875,2.0864437737539547,1.7076492567994797,1.5117954339594346,1.2205540204005159,0.9943326480986967,0.8540862980647813,0.7425658353246092,0.6508192651275567,0.5482404668882275,1.0013554096221924,0.004998779855668545,1.0022605657577515,0.009699438698589802,1.0024781227111816,0.008658675476908684,1.0018357038497925,0.009591554291546345,1.0017918348312378,0.007261011749505997,1.0019501447677612,0.00807006936520338,1.0021002292633057,0.007333178538829088,1.0025532245635986,0.009755768813192844,1.0028526782989502,0.010495723225176334,1.0044374465942383,0.016972796991467476,1.0038663148880005,0.01726595312356949,1.010353446006775,0.028592616319656372,1.008756399154663,0.027944033965468407,1.0093640089035034,0.0271025188267231,1.0073672533035278,0.025839578360319138,1.0103946924209595,0.030079379677772522,1.009355902671814,0.029290659353137016,1.0119951963424683,0.03001553937792778,1.0108954906463623,0.025157585740089417,1.0090984106063843,0.02224193513393402,1.0085264444351196,0.02051006816327572,1.0058319568634033,0.016014745458960533,1.0047756433486938,0.015085901133716106,1.002764344215393,0.010596089996397495
470,0,2.375726401805878e-06,4.097638130187988,7.353111674810795,1.9853252807843045,1.2126235277023707,1.1584851656908501,1.3427493258542784,1.1094213545075793,1.0961222630610097,0.8824298135441091,0.820975140164265,0.7207361974451794,0.6271352755843356,0.5521956393944802,0.4371197843636274,1.0020371675491333,0.007295587565749884,1.0029586553573608,0.011705240234732628,1.003190040588379,0.01069024670869112,1.002611756324768,0.01129894983023405,1.0026227235794067,0.009453465230762959,1.002781629562378,0.010255909524857998,1.0029031038284302,0.009424570947885513,1.0033594369888306,0.011742635630071163,1.0036520957946777,0.012591424398124218,1.004376769065857,0.01841604709625244,1.004550576210022,0.019001221284270287,1.0101675987243652,0.029599647969007492,1.0085666179656982,0.029123008251190186,1.0091650485992432,0.02833619900047779,1.0072238445281982,0.027188705280423164,1.0104070901870728,0.03145354613661766,1.0093953609466553,0.030661990866065025,1.0118659734725952,0.03103424236178398,1.0107909440994263,0.02614743262529373,1.0089640617370605,0.023103997111320496,1.0082906484603882,0.020887838676571846,1.0058317184448242,0.01694583147764206,1.0048655271530151,0.01603052392601967,1.002931833267212,0.011633021757006645
490,0,2.375726401805878e-06,2.743375539779663,9.25294468379485,2.4802607901168394,1.380638084849465,1.381037389447713,1.5285120522467743,1.2957428696685112,1.3665586550329323,1.081613556028898,1.0169193353516341,0.9167727748585258,0.7873556346874035,0.6633089328115186,0.6076429973671366,1.0011622905731201,0.004309078678488731,1.002090573310852,0.008949914947152138,1.0023269653320312,0.008098015561699867,1.001602292060852,0.009198525920510292,1.0015355348587036,0.006636172067373991,1.001692533493042,0.007376613561064005,1.001852035522461,0.006635679863393307,1.0023088455200195,0.009049223735928535,1.0026276111602783,0.009674844332039356,1.004152774810791,0.01620079018175602,1.0036323070526123,0.016393249854445457,1.0101286172866821,0.027716578915715218,1.0085766315460205,0.027006207033991814,1.0092475414276123,0.026099827140569687,1.007176160812378,0.02465672977268696,1.0101659297943115,0.028717510402202606,1.009111762046814,0.027762070298194885,1.0117628574371338,0.02866116724908352,1.0107262134552002,0.024066470563411713,1.0090066194534302,0.02134074456989765,1.008444905281067,0.019700853154063225,1.0058659315109253,0.015290052630007267,1.0047075748443604,0.014185835607349873,1.0027655363082886,0.009397725574672222
480,0,2.375726401805878e-06,3.2009034156799316,10.074980341401698,3.0330590035994978,1.6726187920444042,1.7018137887867075,2.088197523509042,1.7089102245903465,1.513223521372957,1.2217511702994193,0.9954241528275893,0.8550148266195109,0.7428520760541709,0.6509997989707058,0.5481520305320028,1.0013664960861206,0.005038031376898289,1.0022649765014648,0.009715629741549492,1.002480387687683,0.008663575164973736,1.0018436908721924,0.009609517641365528,1.0018150806427002,0.007307481486350298,1.0019640922546387,0.00809753779321909,1.0021122694015503,0.007345030549913645,1.002568244934082,0.009779918938875198,1.0028661489486694,0.010524681769311428,1.0044304132461548,0.016982339322566986,1.0038707256317139,0.01731017231941223,1.0103439092636108,0.028617285192012787,1.0087541341781616,0.027972416952252388,1.0093603134155273,0.027135981246829033,1.0073555707931519,0.025864332914352417,1.0103908777236938,0.030094819143414497,1.0093458890914917,0.02933453395962715,1.0119811296463013,0.030036408454179764,1.0108853578567505,0.02517404966056347,1.0090936422348022,0.022255783900618553,1.0085103511810303,0.020526761189103127,1.0058242082595825,0.016057167202234268,1.0047824382781982,0.015107125043869019,1.0027498006820679,0.010571077466011047
500,0,2.375726401805878e-06,3.3132176399230957,12.92163690180249,4.52553331482425,2.05671423239605,1.8873118923352774,2.245449836583637,1.775748847816448,1.933645659708944,1.4078259642854165,1.1561532981780664,0.9340850828494538,0.7379855553549279,0.6502639763228235,0.5721523196825465,1.0011870861053467,0.004295545630156994,1.0021040439605713,0.009194687008857727,1.0023258924484253,0.008137020282447338,1.0015907287597656,0.009333481080830097,1.00148606300354,0.0064674182794988155,1.0016566514968872,0.007210248149931431,1.001834750175476,0.006550703663378954,1.0023003816604614,0.00924613792449236,1.0026862621307373,0.009909085929393768,1.0043565034866333,0.01689569279551506,1.0039401054382324,0.01717398315668106,1.010352611541748,0.02840288169682026,1.0088735818862915,0.027783013880252838,1.009398102760315,0.026753494516015053,1.0073096752166748,0.025174112990498543,1.0102628469467163,0.029146576300263405,1.00920832157135,0.028105568140745163,1.0118763446807861,0.028991589322686195,1.0107656717300415,0.024361828342080116,1.0091853141784668,0.021721508353948593,1.0085275173187256,0.01993679441511631,1.0060023069381714,0.015450187027454376,1.004960298538208,0.01450162660330534,1.002646565437317,0.009130989201366901
490,0,2.375726401805878e-06,2.744014263153076,9.280191354247389,2.488904090260944,1.3838126570422755,1.3835015693713748,1.5314743899957763,1.2974445591375832,1.368163808813291,1.0824717584207018,1.0176728155583017,0.9178770106641961,0.7883799682961627,0.6640700984052991,0.60821413660283,1.0011742115020752,0.004351968877017498,1.0020956993103027,0.008969171904027462,1.0023289918899536,0.008103650994598866,1.001611590385437,0.009219803847372532,1.001560091972351,0.006682067643851042,1.001706838607788,0.007404356729239225,1.0018656253814697,0.006650781258940697,1.0023249387741089,0.009076077491044998,1.0026429891586304,0.0097087686881423,1.0041427612304688,0.016210230067372322,1.0036362409591675,0.016436997801065445,1.0101187229156494,0.02774147503077984,1.0085740089416504,0.02703421376645565,1.0092427730560303,0.026134932413697243,1.0071637630462646,0.024681342765688896,1.0101616382598877,0.028730662539601326,1.0091009140014648,0.02780132368206978,1.0117473602294922,0.02867838740348816,1.0107156038284302,0.024078557267785072,1.0090001821517944,0.02135070040822029,1.008428692817688,0.01971246302127838,1.0058590173721313,0.01532758492976427,1.004717230796814,0.014209172688424587,1.0027505159378052,0.00937248021364212
510,0,2.375726401805878e-06,3.08707857131958,10.019715173346892,3.0489118198964134,1.5946851998977307,1.5444393334376678,1.6893559419694322,1.4268123430171609,1.4978821156349293,1.1833864570890924,1.120528907041229,0.9731000270732326,0.8513228116087495,0.7158852420633094,0.6034467117848744,1.001315712928772,0.004778472241014242,1.0022321939468384,0.009688562713563442,1.0024465322494507,0.008687556721270084,1.0016978979110718,0.009773539379239082,1.0015672445297241,0.006801597308367491,1.001723051071167,0.007471710443496704,1.0018919706344604,0.006758841685950756,1.0023608207702637,0.00937722995877266,1.0027662515640259,0.010112538002431393,1.0042837858200073,0.017103560268878937,1.0038764476776123,0.017452826723456383,1.0104007720947266,0.028755031526088715,1.0088989734649658,0.028133630752563477,1.0093554258346558,0.026932818815112114,1.007232666015625,0.025339674204587936,1.0102773904800415,0.02935050241649151,1.0092304944992065,0.02831149846315384,1.0119507312774658,0.029255282133817673,1.0107468366622925,0.024501537904143333,1.0093376636505127,0.02204916626214981,1.0086725950241089,0.020299846306443214,1.0062260627746582,0.0158455278724432,1.005199909210205,0.014855080284178257,1.0027495622634888,0.0091486107558012
500,0,2.375726401805878e-06,3.312206268310547,12.933651482878908,4.530175742330353,2.05859984571371,1.8888030176283963,2.2473855723589438,1.7773599925936918,1.9341121270182615,1.4083711168847548,1.156473339535004,0.9345815377980494,0.7379601927032224,0.6504402325427816,0.5719581294369477,1.0011992454528809,0.004338647238910198,1.002109169960022,0.009213335812091827,1.0023276805877686,0.008139731362462044,1.0015995502471924,0.009354857727885246,1.0015113353729248,0.006513449363410473,1.0016722679138184,0.007241473067551851,1.0018497705459595,0.006570058409124613,1.0023173093795776,0.009276685304939747,1.0027029514312744,0.00994651485234499,1.004347801208496,0.01691461354494095,1.0039461851119995,0.017226362600922585,1.010345697402954,0.02844078838825226,1.0088738203048706,0.027824323624372482,1.0093973875045776,0.02680625207722187,1.007299542427063,0.02521548978984356,1.0102627277374268,0.029178841039538383,1.009201169013977,0.028162915259599686,1.0118656158447266,0.029026949778199196,1.010758876800537,0.024390799924731255,1.0091809034347534,0.02174507826566696,1.008514642715454,0.019958944991230965,1.0059970617294312,0.015496578067541122,1.0049728155136108,0.014535327441990376,1.0026328563690186,0.009118137881159782
520,0,2.375726401805878e-06,2.5638904571533203,10.429831478170822,2.868860957555783,1.8694385970533902,1.9745465959073594,2.2500951954003985,1.7519387482246773,1.7056895518942796,1.4262311521690156,1.2842326005692701,1.0464846484340646,0.8193745057781592,0.7577191339564595,0.6366520810456489,1.0014350414276123,0.005350986495614052,1.0023390054702759,0.01023686584085226,1.002533197402954,0.009139674715697765,1.0017544031143188,0.010177920572459698,1.0016144514083862,0.007236568722873926,1.0017144680023193,0.00796508602797985,1.0018391609191895,0.006760427728295326,1.002302885055542,0.009464262053370476,1.0027048587799072,0.01006375439465046,1.0042786598205566,0.017199262976646423,1.0038425922393799,0.0175253227353096,1.0105409622192383,0.02915782295167446,1.0089709758758545,0.02843174710869789,1.0094562768936157,0.027286970987915993,1.0072687864303589,0.025755712762475014,1.010391354560852,0.029831958934664726,1.0092971324920654,0.028857972472906113,1.012097954750061,0.02986348234117031,1.0108551979064941,0.024978552013635635,1.0093849897384644,0.0223905760794878,1.008756160736084,0.020654667168855667,1.0064234733581543,0.016317490488290787,1.0054250955581665,0.015324067324399948,1.002926230430603,0.009534414857625961
510,0,2.375726401805878e-06,3.0832741260528564,10.03092366505769,3.0533733679571666,1.5971056776173338,1.546810432941714,1.691004751832996,1.4282178246358306,1.499471114540573,1.1842222101642512,1.121423398519591,0.9740223686837037,0.8518397798553556,0.7164714978688405,0.6036901809166916,1.0013277530670166,0.004821560811251402,1.0022368431091309,0.009706590324640274,1.002445936203003,0.008685042150318623,1.0017051696777344,0.009794696234166622,1.0015921592712402,0.006849751342087984,1.0017390251159668,0.007505414541810751,1.001906156539917,0.006776404567062855,1.002376675605774,0.00940645206719637,1.002781867980957,0.010149548761546612,1.0042766332626343,0.017125211656093597,1.0038846731185913,0.017507491633296013,1.0103965997695923,0.028799017891287804,1.0089004039764404,0.02817973680794239,1.009356141090393,0.026990314945578575,1.0072224140167236,0.02538604475557804,1.0102790594100952,0.029387792572379112,1.0092250108718872,0.02837395668029785,1.0119431018829346,0.029298875480890274,1.0107425451278687,0.024537675082683563,1.009334683418274,0.022079087793827057,1.008661150932312,0.02032732032239437,1.0062211751937866,0.015896886587142944,1.0052136182785034,0.01489201094955206,1.0027353763580322,0.00913885235786438
530,0,2.375726401805878e-06,2.774515151977539,9.137599594325062,2.6067596419779955,1.5441676278969687,1.5314910813705558,1.7054128167049614,1.4881246940381996,1.6718703533891235,1.3527930365009102,1.2006190486655892,1.0021414270240094,0.9297438245244638,0.7811294668738481,0.5407198589228679,1.001661777496338,0.006165882106870413,1.0025913715362549,0.010915243066847324,1.0027989149093628,0.009930126368999481,1.0020277500152588,0.010778461582958698,1.0018956661224365,0.007987627759575844,1.0020126104354858,0.008588733151555061,1.0021417140960693,0.007462239358574152,1.0026174783706665,0.010068223811686039,1.0030148029327393,0.010812634602189064,1.004249095916748,0.017568370327353477,1.0039705038070679,0.018089983612298965,1.010607361793518,0.02968672290444374,1.009050726890564,0.029037833213806152,1.0093332529067993,0.027572516351938248,1.0070977210998535,0.02612311951816082,1.0102630853652954,0.029905643314123154,1.0091572999954224,0.028938760980963707,1.0120007991790771,0.029779713600873947,1.0106695890426636,0.024763427674770355,1.0092378854751587,0.022121692076325417,1.008629560470581,0.02020527608692646,1.0063685178756714,0.01601962000131607,1.0053194761276245,0.015018663369119167,1.0028406381607056,0.009339243173599243
520,0,2.375726401805878e-06,2.566147804260254,10.440034069814576,2.872608420844673,1.8717587688079593,1.977983797957869,2.2541420782273165,1.754634035801209,1.7081122552665589,1.4278117986391385,1.285135996045662,1.0474923981541855,0.8199462593882911,0.7584341185596576,0.6367451853490578,1.001447081565857,0.0053969696164131165,1.0023444890975952,0.010259539820253849,1.002531886100769,0.009136843495070934,1.0017614364624023,0.010200312361121178,1.001638650894165,0.007284820079803467,1.0017313957214355,0.008000112138688564,1.001853585243225,0.006777253467589617,1.002318263053894,0.009490287862718105,1.0027209520339966,0.010101993568241596,1.0042716264724731,0.017221646383404732,1.0038515329360962,0.017579825595021248,1.0105361938476562,0.02920411340892315,1.0089718103408813,0.02847929485142231,1.009456992149353,0.027345269918441772,1.007258415222168,0.025802545249462128,1.01039457321167,0.029869750142097473,1.0092918872833252,0.02892332524061203,1.0120915174484253,0.029910344630479813,1.0108518600463867,0.025015180930495262,1.0093828439712524,0.022423483431339264,1.0087456703186035,0.020683592185378075,1.00641930103302,0.016371803358197212,1.0054410696029663,0.01536131463944912,1.0029131174087524,0.009525076486170292
540,0,2.375726401805878e-06,3.051384925842285,9.297852549557343,2.8860014117666304,1.7053813316518718,1.6745314723888909,2.028137363747925,1.5318577868317178,1.4770577341521625,1.2159608381994564,1.0572677700481137,0.9195696844771359,0.7340494292815725,0.7139539078227193,0.5907514250996371,1.0019910335540771,0.007126663811504841,1.0029724836349487,0.011790696531534195,1.0032113790512085,0.010950537398457527,1.0024234056472778,0.0116744264960289,1.0023267269134521,0.009220647625625134,1.0024315118789673,0.0098689254373312,1.002559781074524,0.008764558471739292,1.0030512809753418,0.011554067954421043,1.0034581422805786,0.01236847322434187,1.0045483112335205,0.01925709843635559,1.004443645477295,0.01993999443948269,1.0110892057418823,0.03161075338721275,1.009511947631836,0.031086834147572517,1.0096657276153564,0.029460182413458824,1.007304310798645,0.02795964851975441,1.0106662511825562,0.03178057447075844,1.0095473527908325,0.030774343758821487,1.0122944116592407,0.03118622675538063,1.010945439338684,0.026055773720145226,1.009533405303955,0.023203833028674126,1.0089889764785767,0.021147888153791428,1.0067861080169678,0.016952114179730415,1.0056536197662354,0.015720974653959274,1.0028635263442993,0.009659643284976482
530,0,2.375726401805878e-06,2.774127960205078,9.152389922743504,2.6136162523589466,1.548890946988575,1.5365140511087167,1.7111813251026091,1.4934850007948495,1.676933941847767,1.3567114826943214,1.2040971863439844,1.0050550414890453,0.9321070363435001,0.7826934229935152,0.5410367440057463,1.0016732215881348,0.006209957413375378,1.0025960206985474,0.010935990139842033,1.0027973651885986,0.009925701655447483,1.0020333528518677,0.010800644755363464,1.0019187927246094,0.008037562482059002,1.002029299736023,0.00862570945173502,1.0021545886993408,0.007477180100977421,1.0026302337646484,0.010094909928739071,1.0030314922332764,0.010854125022888184,1.0042433738708496,0.017592640593647957,1.0039812326431274,0.01814703829586506,1.0106053352355957,0.029740232974290848,1.0090548992156982,0.029094824567437172,1.00933837890625,0.02764325775206089,1.0070909261703491,0.026184717193245888,1.010270595550537,0.029958052560687065,1.0091564655303955,0.029021671041846275,1.0119996070861816,0.02984604798257351,1.0106728076934814,0.02481911890208721,1.0092408657073975,0.02217005379498005,1.0086244344711304,0.020244603976607323,1.006366491317749,0.016081148758530617,1.0053379535675049,0.015060808509588242,1.0028268098831177,0.009337879717350006
550,0,2.375726401805878e-06,3.4100489616394043,8.480057196245077,2.082609092829528,1.1974086303297367,1.1305707202615396,1.3483179965281036,1.2077664019697734,1.2359171409902017,0.9901216035218044,0.9995644735085892,0.9007704848428745,0.7943399047081127,0.6551241561401345,0.5546547129873627,1.0019092559814453,0.006766901817172766,1.0028835535049438,0.011547332629561424,1.003115177154541,0.010642072185873985,1.0023021697998047,0.011434265412390232,1.0022109746932983,0.008979416452348232,1.0023019313812256,0.009435043670237064,1.0024172067642212,0.008198821917176247,1.002913236618042,0.011037677526473999,1.0033389329910278,0.01188085786998272,1.0045474767684937,0.019074006006121635,1.004346251487732,0.01970410719513893,1.011142611503601,0.031548671424388885,1.0095534324645996,0.030992569401860237,1.0095431804656982,0.029081501066684723,1.0071743726730347,0.02759934775531292,1.0107544660568237,0.03175235167145729,1.0095429420471191,0.03070819191634655,1.0122700929641724,0.030956389382481575,1.0108933448791504,0.025626493617892265,1.0094095468521118,0.022759130224585533,1.0089843273162842,0.02094707451760769,1.0067873001098633,0.01670520007610321,1.0056288242340088,0.015546265058219433,1.0029656887054443,0.009592772461473942
540,0,2.375726401805878e-06,3.0485401153564453,9.305461367023508,2.8890579247832617,1.7070967932243626,1.6766450631802048,2.0303500804160737,1.533286974891578,1.4789613782966795,1.2173872627593523,1.0585430569629815,0.9207913801116913,0.7350353272060369,0.7140881556066183,0.5906750734985888,1.0020012855529785,0.007166136056184769,1.0029761791229248,0.011810723692178726,1.0032105445861816,0.010947853326797485,1.002428412437439,0.0116963479667902,1.0023490190505981,0.00927172601222992,1.002447485923767,0.009905093349516392,1.0025721788406372,0.00877707451581955,1.0030635595321655,0.011584914289414883,1.003475546836853,0.012412735261023045,1.0045443773269653,0.019284535199403763,1.0044546127319336,0.020000580698251724,1.0110901594161987,0.03167146444320679,1.0095183849334717,0.031151631847023964,1.0096733570098877,0.029540935531258583,1.0072989463806152,0.028033003211021423,1.010676383972168,0.03183883801102638,1.0095481872558594,0.030865957960486412,1.0122952461242676,0.03126213327050209,1.0109502077102661,0.0261222030967474,1.0095372200012207,0.02326003834605217,1.0089854001998901,0.021193435415625572,1.0067832469940186,0.017018510028719902,1.0056730508804321,0.015766844153404236,1.002851128578186,0.00966272410005331
560,0,2.375726401805878e-06,2.2941088676452637,9.785159716250686,2.6813243474976645,1.5100980700515028,1.4486883431173458,1.7487432290760678,1.5390484422000652,1.6177553430450808,1.361825453886689,1.2470023993313868,1.0076496945567277,0.8558300942064392,0.7408217555391201,0.5906913370702171,1.0020383596420288,0.0071964873932302,1.003037452697754,0.011960484087467194,1.0032867193222046,0.011187114752829075,1.0024734735488892,0.011842221021652222,1.002397060394287,0.009619572199881077,1.0024734735488892,0.009900953620672226,1.0025752782821655,0.008609014563262463,1.0030760765075684,0.011261970736086369,1.0034724473953247,0.01222151704132557,1.004402756690979,0.019222069531679153,1.0044389963150024,0.01993991620838642,1.0110161304473877,0.03148997575044632,1.0094488859176636,0.031032444909214973,1.0094674825668335,0.029097601771354675,1.007127046585083,0.027695205062627792,1.0107542276382446,0.03187740221619606,1.009596347808838,0.030890176072716713,1.0124120712280273,0.03111991472542286,1.0111117362976074,0.02567347325384617,1.0095916986465454,0.022807691246271133,1.0092689990997314,0.021089604124426842,1.0069811344146729,0.016630524769425392,1.0056004524230957,0.015254323370754719,1.0029617547988892,0.009177343919873238
550,0,2.375726401805878e-06,3.4106550216674805,8.494195236213091,2.0874315583624785,1.1996894529788509,1.133694131069801,1.3533335563645088,1.2118251915138565,1.2395457580109779,0.9925304222732203,1.0021302820775326,0.9032497917946035,0.7957513487057574,0.6554431912305603,0.5545712957717281,1.001919150352478,0.00680344644933939,1.0028873682022095,0.011565441265702248,1.0031143426895142,0.010639321058988571,1.0023069381713867,0.01145495567470789,1.0022324323654175,0.009026462212204933,1.002315640449524,0.009465457871556282,1.0024278163909912,0.008206324651837349,1.002922534942627,0.011064899154007435,1.0033546686172485,0.01191909983754158,1.0045427083969116,0.01909777894616127,1.0043551921844482,0.019758474081754684,1.0111427307128906,0.03160510212182999,1.0095592737197876,0.031053952872753143,1.0095503330230713,0.02915818616747856,1.0071678161621094,0.02767079323530197,1.0107648372650146,0.03180794045329094,1.0095431804656982,0.030798660591244698,1.012272834777832,0.03103191964328289,1.010899305343628,0.025693442672491074,1.0094139575958252,0.022813765332102776,1.0089828968048096,0.020993683487176895,1.0067840814590454,0.0167705025523901,1.0056490898132324,0.015593144111335278,1.002955675125122,0.009600057266652584
570,0,2.375726401805878e-06,3.0501692295074463,7.9834245381579,2.597777996887132,1.47741145041519,1.3373495576106709,1.5748064198359166,1.3743495178340843,1.368611430750087,1.1132878012043517,1.0112138115915268,0.8559911179055937,0.7157199515500956,0.6010690356275742,0.5859011416864045,1.0022544860839844,0.007897843606770039,1.0032578706741333,0.01276483852416277,1.0035110712051392,0.011816497892141342,1.0026479959487915,0.012420739978551865,1.0025558471679688,0.01036262046545744,1.002584457397461,0.010421647690236568,1.002658724784851,0.008931390009820461,1.0031675100326538,0.011754223145544529,1.0035244226455688,0.012735618278384209,1.004565954208374,0.019877323880791664,1.0045143365859985,0.020689832046628,1.0113393068313599,0.03240644186735153,1.009777307510376,0.03203883767127991,1.0096745491027832,0.02986808679997921,1.007373332977295,0.028397340327501297,1.010915994644165,0.03254121169447899,1.0099008083343506,0.03172943368554115,1.0126922130584717,0.031845152378082275,1.0114331245422363,0.02640024945139885,1.0098795890808105,0.023560525849461555,1.0096303224563599,0.021869465708732605,1.007359266281128,0.01740492321550846,1.0060231685638428,0.016111429780721664,1.003024697303772,0.009464310482144356
560,0,2.375726401805878e-06,2.2942025661468506,9.78552229067947,2.6883846678707206,1.516120976900374,1.4543872959861426,1.7549336231499875,1.5456077490007458,1.6252695080144581,1.3675668355081843,1.2509870262350578,1.0109318947373818,0.856920167045043,0.7418412001562277,0.590998955740476,1.0020474195480347,0.007230118382722139,1.0030405521392822,0.011972852982580662,1.003285527229309,0.011184177361428738,1.0024783611297607,0.01185899879783392,1.0024185180664062,0.009666066616773605,1.0024865865707397,0.009930713102221489,1.0025858879089355,0.008616777136921883,1.0030837059020996,0.011289585381746292,1.0034866333007812,0.012258145026862621,1.0043952465057373,0.019244330003857613,1.0044479370117188,0.01999298296868801,1.01101553440094,0.031547293066978455,1.009454369544983,0.031094389036297798,1.0094749927520752,0.029176393523812294,1.0071204900741577,0.027768034487962723,1.0107665061950684,0.03193936496973038,1.009596347808838,0.030984526500105858,1.0124166011810303,0.031198402866721153,1.0111185312271118,0.025740258395671844,1.0095962285995483,0.02286062017083168,1.0092686414718628,0.021134665235877037,1.00697660446167,0.01668914221227169,1.0056209564208984,0.015300528146326542,1.002950668334961,0.009183757938444614
580,0,2.375726401805878e-06,3.001765489578247,8.332392176158688,2.42780110699496,1.5539278261835905,1.5205550958481426,1.743475584034962,1.4359452117139877,1.3823972308334052,1.0773175159292332,0.9441596666565611,0.854378765382354,0.7785128081467545,0.6646486360075183,0.5594203316518714,1.002455472946167,0.008513011038303375,1.003462314605713,0.013149150647222996,1.0037366151809692,0.012426936998963356,1.0028473138809204,0.012917153537273407,1.0027638673782349,0.011055870912969112,1.0027941465377808,0.01086848508566618,1.0028657913208008,0.009442798793315887,1.0033966302871704,0.012252691201865673,1.0037192106246948,0.013338734395802021,1.0045040845870972,0.02030099928379059,1.0047032833099365,0.02117891050875187,1.0113351345062256,0.03291446343064308,1.009779691696167,0.03254670649766922,1.0098378658294678,0.030610280111432076,1.0074739456176758,0.029106462374329567,1.011073112487793,0.03343280777335167,1.010042428970337,0.03265810385346413,1.0128430128097534,0.03275228291749954,1.0115522146224976,0.027209017425775528,1.0100483894348145,0.024441853165626526,1.0097970962524414,0.022668099030852318,1.0076929330825806,0.018514525145292282,1.006494402885437,0.017426058650016785,1.0031380653381348,0.01056438498198986
570,0,2.375726401805878e-06,3.0497539043426514,7.9945497597204564,2.604455026288704,1.480737079623662,1.3398578977198476,1.577487515530364,1.376543024414951,1.3702021163478515,1.1149266894450043,1.0122188081970698,0.8576107980777077,0.7165249191664523,0.6017831544391874,0.5862515933191603,1.0022659301757812,0.007938791066408157,1.0032647848129272,0.012786978855729103,1.0035134553909302,0.01182465348392725,1.0026553869247437,0.012441566213965416,1.0025814771652222,0.010418208315968513,1.0026016235351562,0.010462266393005848,1.0026732683181763,0.00895301066339016,1.0031801462173462,0.011797650717198849,1.003541111946106,0.012782839126884937,1.004557728767395,0.01991201378405094,1.0045279264450073,0.020758945494890213,1.0113425254821777,0.032481588423252106,1.009785532951355,0.0321170799434185,1.0096855163574219,0.029969675466418266,1.0073705911636353,0.02849368005990982,1.010933518409729,0.03262968733906746,1.0099059343338013,0.03184884041547775,1.0127023458480835,0.031946778297424316,1.0114428997039795,0.02648400142788887,1.0098878145217896,0.023626992478966713,1.0096336603164673,0.021928399801254272,1.0073575973510742,0.017475388944149017,1.006044626235962,0.016166573390364647,1.003013253211975,0.009479050524532795
590,0,2.375726401805878e-06,2.363892078399658,8.012990926837679,2.5655317646990596,1.3664375342942636,1.3955455332943465,1.6833058132530085,1.3599699501374494,1.3390956497282465,0.971619795140787,0.9095205085849877,0.7890600046456435,0.7334633843692733,0.6028539626030037,0.49089362793863894,1.0022938251495361,0.007945917546749115,1.0033401250839233,0.012480122037231922,1.003641963005066,0.011930796317756176,1.0028284788131714,0.012448395602405071,1.002817988395691,0.010846778750419617,1.0029107332229614,0.010942252352833748,1.0029770135879517,0.009567322209477425,1.003504991531372,0.012451672926545143,1.0038950443267822,0.013601470738649368,1.0046707391738892,0.020676003769040108,1.004974126815796,0.021573327481746674,1.0113105773925781,0.033289145678281784,1.0096688270568848,0.03294280543923378,1.0099040269851685,0.031097734346985817,1.0074656009674072,0.029491763561964035,1.011152982711792,0.03368653357028961,1.0100114345550537,0.03262823447585106,1.0127339363098145,0.032480981200933456,1.0113942623138428,0.026661762967705727,1.0099525451660156,0.02395430952310562,1.0096491575241089,0.022274915128946304,1.0076662302017212,0.018289417028427124,1.0066403150558472,0.017553752288222313,1.0030847787857056,0.010316992178559303
580,0,2.375726401805878e-06,2.998476982116699,8.333157719252355,2.432680400731661,1.5566428903487843,1.5224780045577961,1.746070302748756,1.4372466001883442,1.3853383826305268,1.0784713760783344,0.9445076934161631,0.854945889383353,0.778554923254454,0.6644317304301957,0.559211206211689,1.0024644136428833,0.008542899042367935,1.0034675598144531,0.01316478569060564,1.0037368535995483,0.012426469475030899,1.0028527975082397,0.012928716838359833,1.0027875900268555,0.01110402587801218,1.002812147140503,0.010906445793807507,1.0028785467147827,0.009462709538638592,1.0034098625183105,0.012298488058149815,1.003735065460205,0.013383413664996624,1.004494547843933,0.020336605608463287,1.004716396331787,0.021249128505587578,1.0113394260406494,0.03299598768353462,1.0097895860671997,0.03262963891029358,1.0098505020141602,0.030722765251994133,1.007473349571228,0.029214374721050262,1.0110929012298584,0.03353390470147133,1.010050892829895,0.032788634300231934,1.0128577947616577,0.03286920115351677,1.011564016342163,0.02730938047170639,1.0100593566894531,0.02452469989657402,1.0098044872283936,0.02274251915514469,1.0076936483383179,0.018600672483444214,1.0065171718597412,0.0174920242279768,1.0031286478042603,0.010594318620860577
600,0,2.375726401805878e-06,2.7125494480133057,7.955592030777775,2.3825357791436677,1.5472259409883276,1.5499801626440284,1.8256316594131687,1.5439788204749414,1.5103702990660992,1.2388314036255468,1.0742652052573833,0.9606698614872509,0.8399317720630758,0.6834753555515121,0.6036191149895338,1.002192497253418,0.007593029644340277,1.0032532215118408,0.012083846144378185,1.0035673379898071,0.011688715778291225,1.0028022527694702,0.012199394404888153,1.0028260946273804,0.010829576291143894,1.0029420852661133,0.010954518802464008,1.0030262470245361,0.00969010405242443,1.00356125831604,0.012468427419662476,1.0039961338043213,0.013613160699605942,1.0048115253448486,0.020658813416957855,1.0051239728927612,0.021636005491018295,1.0112271308898926,0.033474359661340714,1.0096138715744019,0.03319772332906723,1.0099745988845825,0.031332336366176605,1.0075002908706665,0.029690951108932495,1.0112909078598022,0.03391886129975319,1.01004958152771,0.03266485780477524,1.012803077697754,0.03247283771634102,1.011423110961914,0.026692310348153114,1.0099284648895264,0.023835977539420128,1.0095819234848022,0.022027937695384026,1.0076748132705688,0.01810039021074772,1.0067356824874878,0.017577964812517166,1.0030908584594727,0.010038943029940128
590,0,2.375726401805878e-06,2.370150089263916,8.032422515032197,2.572507131666393,1.3703044744464155,1.3997348061907926,1.688969611987767,1.3638768803574408,1.3417307362544586,0.9739969829088709,0.9119099982577356,0.7910992366190902,0.7348772156918696,0.6033781040673891,0.49133274157136775,1.002302646636963,0.007974926382303238,1.0033456087112427,0.012498852796852589,1.0036427974700928,0.011933408677577972,1.0028350353240967,0.012458769604563713,1.002842664718628,0.010896171443164349,1.0029319524765015,0.010984228923916817,1.0029908418655396,0.009593281894922256,1.0035191774368286,0.012495339848101139,1.003911018371582,0.013643676415085793,1.0046690702438354,0.020706018432974815,1.0049864053726196,0.02163781225681305,1.0113130807876587,0.03337027132511139,1.0096772909164429,0.03302040696144104,1.009914755821228,0.03120638243854046,1.0074658393859863,0.02959737367928028,1.0111709833145142,0.033782754093408585,1.010019302368164,0.032754525542259216,1.0127490758895874,0.0325922966003418,1.0114057064056396,0.026757217943668365,1.0099619626998901,0.02403361350297928,1.0096549987792969,0.022339504212141037,1.0076661109924316,0.018365591764450073,1.0066618919372559,0.01761467754840851,1.0030758380889893,0.010344118811190128
610,0,2.375726401805878e-06,3.255920886993408,9.836482530049228,3.1574728018136478,1.9454661349840172,1.7733007869897666,2.3287722525285237,1.9729964274239402,2.122402967331643,1.6770681522390674,1.5633653900876343,1.3673918870247568,1.060902136857502,0.7925833207476383,0.7233700658213676,1.0020660161972046,0.00716353440657258,1.0031415224075317,0.011738073080778122,1.0034586191177368,0.01151580922305584,1.0026707649230957,0.01204349659383297,1.0026737451553345,0.010670739226043224,1.0027638673782349,0.010580264963209629,1.0028109550476074,0.0090525196865201,1.003364086151123,0.0117252292111516,1.0037696361541748,0.01284195575863123,1.004597544670105,0.01989073120057583,1.0048948526382446,0.020851600915193558,1.0110557079315186,0.03293120861053467,1.0094746351242065,0.032625023275613785,1.010042667388916,0.03083467110991478,1.0075818300247192,0.02904801070690155,1.01145339012146,0.03355694189667702,1.0101426839828491,0.0322001576423645,1.0129528045654297,0.032252516597509384,1.011553406715393,0.026618601754307747,1.0100669860839844,0.023705055937170982,1.0095959901809692,0.021806051954627037,1.0077120065689087,0.01781809888780117,1.0068737268447876,0.017515435814857483,1.0032936334609985,0.009670822881162167
600,0,2.375726401805878e-06,2.7117652893066406,7.968194315229981,2.3859652107486524,1.550195809284959,1.5525584584432435,1.8290389482580611,1.5463706827426233,1.5138574532051787,1.241157929212433,1.0758049074658347,0.9624999090739786,0.8414833987997835,0.6840796608890959,0.6039037754452772,1.0022037029266357,0.007629145868122578,1.0032613277435303,0.012110873125493526,1.0035711526870728,0.011701371520757675,1.0028103590011597,0.012213117443025112,1.0028530359268188,0.010884197428822517,1.0029670000076294,0.011004047468304634,1.0030426979064941,0.009721524082124233,1.0035793781280518,0.012520043179392815,1.0040143728256226,0.013661326840519905,1.0048112869262695,0.020691199228167534,1.0051374435424805,0.021702107042074203,1.0112289190292358,0.03356116637587547,1.0096217393875122,0.033280812203884125,1.0099846124649048,0.031446266919374466,1.0075010061264038,0.029802817851305008,1.0113073587417603,0.034017935395240784,1.0100558996200562,0.0327918604016304,1.012817621231079,0.03258402273058891,1.0114341974258423,0.026789722964167595,1.0099369287490845,0.023916862905025482,1.009587049484253,0.02208845503628254,1.007674217224121,0.0181712806224823,1.0067576169967651,0.017639629542827606,1.0030806064605713,0.01006439607590437
620,0,2.375726401805878e-06,2.4310498237609863,13.224270347871554,4.167366282552559,2.149486711670386,2.05278693125175,2.349415167863145,2.007652734547387,2.0495281855006136,1.6743270937277355,1.4771172957378065,1.1942637676889098,1.0217982433737303,0.8136657031951358,0.6404752228950003,1.0019512176513672,0.006813691928982735,1.0030282735824585,0.011605562642216682,1.0033293962478638,0.011313173919916153,1.0025458335876465,0.011883378960192204,1.0025322437286377,0.010366104543209076,1.0026209354400635,0.010199855081737041,1.0026733875274658,0.008663030341267586,1.0032292604446411,0.011315817013382912,1.0036354064941406,0.012461487203836441,1.0044641494750977,0.019611487165093422,1.0048043727874756,0.020610498264431953,1.011182427406311,0.03302408382296562,1.0097359418869019,0.032749276608228683,1.010227918624878,0.031210895627737045,1.007824420928955,0.02956966683268547,1.0116373300552368,0.03422205150127411,1.0103120803833008,0.0327877402305603,1.0132302045822144,0.032981421798467636,1.0118658542633057,0.02755122445523739,1.0102753639221191,0.024342253804206848,1.0096083879470825,0.022058259695768356,1.0078648328781128,0.018249500542879105,1.0070853233337402,0.018007831647992134,1.0032446384429932,0.009796645492315292
610,0,2.375726401805878e-06,3.2532718181610107,9.839315667569359,3.1616800248367665,1.9473575892903177,1.7751531894288834,2.330894191090713,1.9746290919935072,2.126069755264095,1.6791349619153029,1.565668772038755,1.3686777644895638,1.0613489004250705,0.792774175197945,0.7231220758984653,1.0020804405212402,0.007208679802715778,1.0031529664993286,0.011774507351219654,1.0034645795822144,0.011536397971212864,1.0026806592941284,0.012062064372003078,1.0027034282684326,0.010729889385402203,1.002792239189148,0.010637590661644936,1.002827763557434,0.009086011908948421,1.0033836364746094,0.011783438734710217,1.0037903785705566,0.01289709284901619,1.0045984983444214,0.019928380846977234,1.0049101114273071,0.020921697840094566,1.0110574960708618,0.033021919429302216,1.009482502937317,0.03271247074007988,1.0100526809692383,0.03095010668039322,1.0075831413269043,0.029162628576159477,1.0114692449569702,0.03365827351808548,1.0101486444473267,0.032327912747859955,1.0129679441452026,0.032364122569561005,1.0115641355514526,0.026713743805885315,1.0100735425949097,0.023783795535564423,1.0096015930175781,0.02186441235244274,1.0077110528945923,0.017884034663438797,1.0068960189819336,0.01757688820362091,1.0032827854156494,0.009694294072687626
630,0,2.375726401805878e-06,3.6423072814941406,10.198337196042447,2.810272045531911,1.6379270106936556,1.6356330867491278,1.894042395455443,1.6751403938659595,1.6982251254802907,1.378034956159139,1.2177776390615644,1.0806776895376884,0.9033922243395577,0.8180487135434176,0.6450095397910469,1.0018893480300903,0.006653651129454374,1.0029667615890503,0.01170044019818306,1.0032527446746826,0.011184196919202805,1.0024830102920532,0.011826818808913231,1.0024528503417969,0.010253987275063992,1.0025287866592407,0.010064886882901192,1.0026037693023682,0.008555949665606022,1.0031715631484985,0.011468919925391674,1.0035663843154907,0.012607450596988201,1.0043891668319702,0.020034437999129295,1.0047826766967773,0.021184807643294334,1.0114613771438599,0.034139689058065414,1.0101898908615112,0.03401981666684151,1.0105735063552856,0.032338012009859085,1.0082052946090698,0.030864298343658447,1.0119123458862305,0.035460107028484344,1.0105421543121338,0.03395162895321846,1.0136189460754395,0.03418070822954178,1.0121359825134277,0.028333203867077827,1.0105305910110474,0.025014182552695274,1.0096744298934937,0.022375617176294327,1.00786292552948,0.018512895330786705,1.0070767402648926,0.018044374883174896,1.0031602382659912,0.009761211462318897
620,0,2.375726401805878e-06,2.4311375617980957,13.225918003973849,4.168992379417529,2.149748300985343,2.052689173574195,2.3509308716587483,2.007973651471889,2.0494282028815056,1.6753937461493158,1.4776243154775335,1.1948497832975484,1.0212213357112774,0.8129896448637346,0.6395095596649741,1.0019643306732178,0.0068543837405741215,1.0030391216278076,0.01163704413920641,1.0033338069915771,0.011324429884552956,1.0025545358657837,0.011894315481185913,1.002561092376709,0.0104169100522995,1.0026488304138184,0.010251173749566078,1.0026875734329224,0.00868774950504303,1.0032479763031006,0.011370960623025894,1.0036556720733643,0.012514780275523663,1.0044628381729126,0.019646957516670227,1.0048185586929321,0.02068127878010273,1.0111850500106812,0.03311298042535782,1.0097453594207764,0.032832033932209015,1.010237693786621,0.03132795915007591,1.0078271627426147,0.02968582883477211,1.0116522312164307,0.03432223200798035,1.0103175640106201,0.03291604295372963,1.0132445096969604,0.03309287503361702,1.0118738412857056,0.027646102011203766,1.010279655456543,0.02442092075943947,1.0096138715744019,0.022119909524917603,1.0078644752502441,0.018320338800549507,1.007110357284546,0.01807904802262783,1.003233551979065,0.00982567947357893
640,0,2.375726401805878e-06,2.991842746734619,11.65621769596111,3.89188939547806,1.966642057672601,1.8491636352613385,2.231568451370939,1.924470765539833,1.9636776322335774,1.575497402045294,1.393283451933813,1.1496533841515038,0.9069467583878276,0.8545130822262206,0.7328227294647703,1.0019999742507935,0.00698653282597661,1.003108024597168,0.011871946975588799,1.003430724143982,0.011498436331748962,1.0026315450668335,0.01211945153772831,1.0026087760925293,0.010731838643550873,1.0026837587356567,0.010417056269943714,1.002760648727417,0.008964256383478642,1.0033445358276367,0.012024621479213238,1.003726840019226,0.013106375932693481,1.004591703414917,0.020768722519278526,1.004975438117981,0.02198467031121254,1.0115605592727661,0.03496693819761276,1.01032292842865,0.034847479313611984,1.010758399963379,0.03288142755627632,1.008338212966919,0.03118397481739521,1.0118967294692993,0.035551123321056366,1.0105773210525513,0.03392621874809265,1.013712763786316,0.03417056053876877,1.0120739936828613,0.028077229857444763,1.0104968547821045,0.024691930040717125,1.009527564048767,0.021871423348784447,1.0077300071716309,0.018137173727154732,1.0069870948791504,0.017684675753116608,1.0033166408538818,0.009591265581548214
630,0,2.375726401805878e-06,3.6440165042877197,10.21358526842455,2.8128193695045,1.6390530852745708,1.636040832166812,1.8950868579368354,1.6753282439461572,1.696981633889395,1.3774724720053457,1.2175405095572334,1.0810324332307344,0.9032383300786527,0.8177650188347012,0.6446673611903351,1.0018980503082275,0.006677429191768169,1.0029733180999756,0.011717882938683033,1.0032528638839722,0.011179137043654919,1.002486228942871,0.011822585947811604,1.0024755001068115,0.010286849923431873,1.002549409866333,0.010095219127833843,1.0026110410690308,0.008559231646358967,1.0031845569610596,0.011509516276419163,1.003581166267395,0.01264653168618679,1.0043834447860718,0.020068256184458733,1.0047931671142578,0.021256936714053154,1.0114691257476807,0.03423226997256279,1.0102046728134155,0.03410672768950462,1.0105847120285034,0.03246274217963219,1.0082107782363892,0.030988574028015137,1.011930227279663,0.03557024896144867,1.0105507373809814,0.03409291058778763,1.013636827468872,0.03430557623505592,1.0121444463729858,0.028437858447432518,1.0105345249176025,0.025101181119680405,1.0096818208694458,0.022448761388659477,1.0078649520874023,0.01859709806740284,1.0071063041687012,0.018124468624591827,1.0031497478485107,0.009798846207559109
650,0,2.375726401805878e-06,4.331956386566162,8.260729315926536,2.525271472883392,1.515270080794578,1.4838602418177462,1.7517144323245175,1.526633883752446,1.5889629188665528,1.2225124480152536,1.1025712962969643,1.0160920475014024,0.866190972810447,0.6792360479275961,0.6643487649013903,1.0024654865264893,0.008594825863838196,1.0035747289657593,0.013521118089556694,1.0038938522338867,0.012960921972990036,1.0030910968780518,0.01346107292920351,1.0030449628829956,0.011994240805506706,1.0031023025512695,0.011766226962208748,1.0031664371490479,0.010214967653155327,1.0037589073181152,0.013290796428918839,1.004132866859436,0.01448378711938858,1.0050053596496582,0.02213498391211033,1.0053861141204834,0.023414896801114082,1.0118995904922485,0.03653053939342499,1.010698914527893,0.03649873286485672,1.0110838413238525,0.03425326570868492,1.0085746049880981,0.03237726166844368,1.0119916200637817,0.036278337240219116,1.0106245279312134,0.03445078805088997,1.01380455493927,0.03456101566553116,1.012071132659912,0.028202064335346222,1.0105254650115967,0.02475736476480961,1.0095471143722534,0.021908435970544815,1.0077626705169678,0.01822776533663273,1.0070253610610962,0.0177545715123415,1.003361701965332,0.009656009264290333
640,0,2.375726401805878e-06,2.990063190460205,11.647075212108483,3.896097062906452,1.9677530918910175,1.8498950124843627,2.2336036916529323,1.9249019450429354,1.9646362687245633,1.5754135903916517,1.3932784005192032,1.1495282216846066,0.9062611895788729,0.8533482944921502,0.7317509191958209,1.0020073652267456,0.007005706895142794,1.0031133890151978,0.011885972693562508,1.00342857837677,0.011487101204693317,1.0026330947875977,0.012110031209886074,1.0026280879974365,0.010757355950772762,1.0027018785476685,0.0104419756680727,1.0027657747268677,0.008961652405560017,1.0033539533615112,0.012058936059474945,1.003739356994629,0.013141400180757046,1.0045840740203857,0.02080187201499939,1.0049858093261719,0.022061051800847054,1.011573314666748,0.03506346791982651,1.010340929031372,0.03493962064385414,1.0107691287994385,0.03300755098462105,1.0083439350128174,0.03130851313471794,1.0119143724441528,0.03565801680088043,1.010585904121399,0.03406386822462082,1.0137299299240112,0.03429165482521057,1.012080430984497,0.028174523264169693,1.0104988813400269,0.02477269247174263,1.009534239768982,0.021942418068647385,1.0077309608459473,0.01821681670844555,1.0070165395736694,0.01776033639907837,1.0033059120178223,0.009626260958611965
660,0,2.375726401805878e-06,1.8017454147338867,8.37036166788274,2.260684259033418,1.2559997684802673,1.2212470282236811,1.4486895460602416,1.3449121792938943,1.3738744700755496,1.0440405571650864,0.9813673153361202,0.8677603646472701,0.737537760079904,0.6893148571433211,0.5740636065323617,1.002699375152588,0.00935564935207367,1.0038317441940308,0.01415409054607153,1.0041851997375488,0.013743984512984753,1.0033608675003052,0.014182588085532188,1.0033131837844849,0.012657729908823967,1.0033771991729736,0.012558653019368649,1.0034325122833252,0.010995102114975452,1.0040479898452759,0.014205602928996086,1.0044041872024536,0.015524890273809433,1.0053036212921143,0.023479031398892403,1.0057011842727661,0.024985220283269882,1.0124061107635498,0.038224589079618454,1.0112974643707275,0.038412224501371384,1.0116249322891235,0.03617030009627342,1.0090785026550293,0.034304700791835785,1.0123764276504517,0.03803553059697151,1.0110292434692383,0.03620493784546852,1.0141661167144775,0.036099765449762344,1.012373685836792,0.029502062126994133,1.01080322265625,0.025950593873858452,1.0097815990447998,0.022881461307406425,1.0078727006912231,0.01897083967924118,1.007027268409729,0.018131518736481667,1.003566861152649,0.01058822963386774
650,0,2.375726401805878e-06,4.3414201736450195,8.251853122204194,2.517994826880681,1.510970162842817,1.4758599573893882,1.7450063395614654,1.5235433396889957,1.5875923403801568,1.2215484355074826,1.1017838248188263,1.0157427619156543,0.8661067909292194,0.679136839966102,0.6634451752976468,1.0024707317352295,0.008606401272118092,1.0035778284072876,0.013526758179068565,1.0038882493972778,0.012939930893480778,1.0030900239944458,0.013446532189846039,1.0030618906021118,0.01201359461992979,1.0031180381774902,0.011785799637436867,1.0031697750091553,0.010205771774053574,1.0037652254104614,0.013317258097231388,1.0041449069976807,0.014516905881464481,1.0049958229064941,0.022158967331051826,1.0053958892822266,0.02348519302904606,1.0119125843048096,0.036623988300561905,1.0107159614562988,0.036588869988918304,1.0110923051834106,0.0343748964369297,1.008577823638916,0.032497674226760864,1.0120078325271606,0.036378469318151474,1.0106303691864014,0.03457953408360481,1.0138193368911743,0.03467508405447006,1.0120741128921509,0.028287936002016068,1.0105241537094116,0.024827266111969948,1.0095499753952026,0.0219692662358284,1.00775945186615,0.018297092989087105,1.0070515871047974,0.017820989713072777,1.003350019454956,0.009685676544904709
670,0,2.375726401805878e-06,1.7835650444030762,8.711166860553185,2.3086347454038343,1.4615280838294014,1.4890752219665395,1.8500765483006396,1.5274188085725895,1.461334638365677,1.1452223780894881,0.9709278418866459,0.8972415244349722,0.7581411892474266,0.6816793274579133,0.55348257854656,1.0029603242874146,0.01028463151305914,1.004166603088379,0.015154586173593998,1.004549503326416,0.014809763059020042,1.0036582946777344,0.015141315758228302,1.0035885572433472,0.013495340012013912,1.0036402940750122,0.01338174007833004,1.0036762952804565,0.01170325931161642,1.0042880773544312,0.014679089188575745,1.0046380758285522,0.01601114682853222,1.0055267810821533,0.02365974895656109,1.0058915615081787,0.0252476017922163,1.0123276710510254,0.03817007318139076,1.0112099647521973,0.03839551657438278,1.0115203857421875,0.03607441484928131,1.0089890956878662,0.034140683710575104,1.0123544931411743,0.03796340897679329,1.0110126733779907,0.03607747703790665,1.0141834020614624,0.03608471900224686,1.0124053955078125,0.029396122321486473,1.0108951330184937,0.025962674990296364,1.0098471641540527,0.022903161123394966,1.0080046653747559,0.01911747455596924,1.0071693658828735,0.018256181851029396,1.0035141706466675,0.010164274834096432
660,0,2.375726401805878e-06,1.804560661315918,8.376397885613507,2.263374671583891,1.2591828501446443,1.2243707926143617,1.4529166361342551,1.3492159589628396,1.3785775151661495,1.0476823318615465,0.9844231800324201,0.8703271209006551,0.7391576029535472,0.6907249718242424,0.5749970070092988,1.0027062892913818,0.009373990818858147,1.0038374662399292,0.014168611727654934,1.0041815042495728,0.01373365055769682,1.0033613443374634,0.014176932163536549,1.0033323764801025,0.012686586938798428,1.003395438194275,0.012588205747306347,1.0034370422363281,0.01099048089236021,1.0040534734725952,0.014228599146008492,1.004416584968567,0.015560010448098183,1.0052937269210815,0.02349228225648403,1.0057100057601929,0.025050446391105652,1.0124142169952393,0.03830907493829727,1.0113099813461304,0.03849300742149353,1.0116292238235474,0.036276668310165405,1.009078025817871,0.03441610932350159,1.012389898300171,0.03812834620475769,1.0110324621200562,0.03632666915655136,1.0141785144805908,0.0362112782895565,1.0123742818832397,0.029583696275949478,1.0108009576797485,0.026020850986242294,1.0097838640213013,0.022950131446123123,1.0078686475753784,0.019048094749450684,1.0070542097091675,0.01820465922355652,1.0035533905029297,0.010625772178173065
680,0,2.375726401805878e-06,1.238346815109253,8.700221040203047,2.676512263992668,1.4147106029886634,1.4394665349621998,1.6203490989268876,1.3707392060763237,1.4739458300780728,1.1217459249753556,0.9647522111472305,0.8649717273018991,0.7498342136850992,0.6983296666313087,0.5903225917869297,1.0028399229049683,0.010014320723712444,1.004061222076416,0.01491005439311266,1.0044124126434326,0.014700077474117279,1.0035481452941895,0.015022758394479752,1.0034689903259277,0.013237560167908669,1.003523588180542,0.013066918589174747,1.0035278797149658,0.011189672164618969,1.0041543245315552,0.014026776887476444,1.0045137405395508,0.015304425731301308,1.0054092407226562,0.02274404838681221,1.0056965351104736,0.024163248017430305,1.011955738067627,0.036832891404628754,1.0108120441436768,0.03680647164583206,1.0109976530075073,0.034277066588401794,1.0084377527236938,0.03209970146417618,1.0118398666381836,0.035930976271629333,1.0104860067367554,0.03399181365966797,1.0137141942977905,0.034252043813467026,1.0119705200195312,0.027690915390849113,1.010577917098999,0.024500759318470955,1.009582757949829,0.021795883774757385,1.0080640316009521,0.01863584853708744,1.0071371793746948,0.01777934469282627,1.0034745931625366,0.009223376400768757
670,0,2.375726401805878e-06,1.7797669172286987,8.715657931737596,2.315134829802867,1.4647702792488317,1.4921532901609886,1.853003131508137,1.5303749141859717,1.4623548602656413,1.147846051904756,0.9726363326534017,0.8992026752839887,0.7592355533318947,0.6820898143894294,0.5536188084794877,1.0029716491699219,0.010319534689188004,1.0041757822036743,0.015182334929704666,1.0045498609542847,0.014814556576311588,1.0036617517471313,0.015146554447710514,1.0036101341247559,0.01353463064879179,1.0036612749099731,0.013423416763544083,1.0036832094192505,0.011706224642693996,1.0042959451675415,0.014708174392580986,1.0046519041061401,0.016054540872573853,1.0055177211761475,0.023670172318816185,1.0059014558792114,0.025316614657640457,1.0123342275619507,0.03825921192765236,1.0112218856811523,0.03847842663526535,1.0115245580673218,0.036182861775159836,1.0089894533157349,0.034258756786584854,1.0123686790466309,0.03806581348180771,1.0110163688659668,0.036208342760801315,1.0141985416412354,0.03620927035808563,1.012407898902893,0.029488619416952133,1.010896921157837,0.026046408340334892,1.0098540782928467,0.02298840321600437,1.008003830909729,0.019206413999199867,1.0072003602981567,0.018341774120926857,1.0035011768341064,0.010210912674665451
690,0,2.375726401805878e-06,2.2888436317443848,10.153862890174123,3.24685406529104,1.7632895985383459,1.7003215417280286,1.9545618570173102,1.7958034394933158,1.6861727457592623,1.3431286489309722,1.190336648108194,1.043659268503312,0.8527503161981608,0.6925800178674277,0.5905454055064931,1.0026257038116455,0.009315059520304203,1.0038247108459473,0.0144468629732728,1.0041340589523315,0.014092023484408855,1.0032703876495361,0.014483225531876087,1.0031698942184448,0.01232824195176363,1.003227949142456,0.012319831177592278,1.0031964778900146,0.010184704326093197,1.0038342475891113,0.013208534568548203,1.0042110681533813,0.014487888664007187,1.0051265954971313,0.022280331701040268,1.0053846836090088,0.023646853864192963,1.0120022296905518,0.036402370780706406,1.0107531547546387,0.03622130677103996,1.011003017425537,0.03371492028236389,1.008479118347168,0.03156765550374985,1.0119720697402954,0.03565293923020363,1.0105602741241455,0.03387920930981636,1.0138323307037354,0.03432375192642212,1.0121442079544067,0.02793494053184986,1.0108730792999268,0.024988798424601555,1.0099331140518188,0.022402439266443253,1.0085231065750122,0.019454704597592354,1.0075715780258179,0.018569035455584526,1.0036463737487793,0.00949504878371954
680,0,2.375726401805878e-06,1.2413935661315918,8.71852573325728,2.6784226992472537,1.4158913475079649,1.440131844976108,1.6216398248449309,1.372450300105194,1.475300013118631,1.1225278403800043,0.965428753798286,0.86592151424869,0.7502406428842936,0.6980496110872433,0.5898903366214627,1.0028557777404785,0.010066940449178219,1.0040745735168457,0.01495370827615261,1.0044159889221191,0.014719877392053604,1.0035552978515625,0.015039782039821148,1.0034937858581543,0.013288755901157856,1.0035483837127686,0.013119857758283615,1.0035388469696045,0.011203829199075699,1.004164457321167,0.014061625115573406,1.0045301914215088,0.015355346724390984,1.0054020881652832,0.022749558091163635,1.005706787109375,0.024227749556303024,1.011959195137024,0.036913447082042694,1.010819911956787,0.03687964379787445,1.0109974145889282,0.03437107801437378,1.0084339380264282,0.03220266476273537,1.0118513107299805,0.03602248802781105,1.0104873180389404,0.03410891816020012,1.0137286186218262,0.03436685726046562,1.0119719505310059,0.027773069217801094,1.0105786323547363,0.02457454241812229,1.009590983390808,0.02187580242753029,1.0080631971359253,0.018711049109697342,1.0071688890457153,0.017859123647212982,1.0034626722335815,0.009257836267352104
700,0,2.375726401805878e-06,1.6991935968399048,8.050848842562708,2.693715874878446,1.2905325736974274,1.3040308489224932,1.5321964014266318,1.3081464085523065,1.4299045414636207,1.0798572379917732,0.9598420881067953,0.8330850870006135,0.7194917429639175,0.6370896642779458,0.5214650525884933,1.0024935007095337,0.008718708530068398,1.0037074089050293,0.014109994284808636,1.0040175914764404,0.01355020608752966,1.0031732320785522,0.014061706140637398,1.0030882358551025,0.011876348406076431,1.0031410455703735,0.012207511812448502,1.0031077861785889,0.009931260719895363,1.0037405490875244,0.013310725800693035,1.0041598081588745,0.014622047543525696,1.005117654800415,0.023014865815639496,1.0054181814193726,0.024507367983460426,1.012425422668457,0.03745047003030777,1.0111559629440308,0.03741542622447014,1.0113129615783691,0.03486394137144089,1.0088422298431396,0.0329718180000782,1.0124680995941162,0.03719049319624901,1.0110676288604736,0.03555256500840187,1.0142828226089478,0.0360959991812706,1.0126198530197144,0.030073344707489014,1.0114415884017944,0.02719663828611374,1.010538101196289,0.02420939691364765,1.0090588331222534,0.02105451561510563,1.0080915689468384,0.019906118512153625,1.0037058591842651,0.010424921289086342
690,0,2.375726401805878e-06,2.2899065017700195,10.168129765702888,3.259482791835925,1.7697193928650328,1.7061734420114607,1.960843483481739,1.8006237879353002,1.6903789621174399,1.3458576600125731,1.1917033598410904,1.0450294546832692,0.8535303577928549,0.6927569467491105,0.5904820273918122,1.0026423931121826,0.009369456209242344,1.0038385391235352,0.014493444003164768,1.0041370391845703,0.014111277647316456,1.0032768249511719,0.014500153250992298,1.00319504737854,0.012381750158965588,1.0032528638839722,0.012375526130199432,1.0032068490982056,0.010199238546192646,1.0038442611694336,0.013243292458355427,1.0042282342910767,0.014537813141942024,1.0051182508468628,0.022279972210526466,1.0053937435150146,0.023703910410404205,1.0120036602020264,0.036472540348768234,1.0107582807540894,0.036283671855926514,1.0109994411468506,0.03379496559500694,1.0084720849990845,0.031654465943574905,1.0119801759719849,0.03572877123951912,1.0105586051940918,0.033980488777160645,1.0138462781906128,0.03442813456058502,1.012143850326538,0.02800672873854637,1.0108691453933716,0.025050103664398193,1.0099387168884277,0.0224728025496006,1.0085194110870361,0.0195199865847826,1.0076004266738892,0.018646052107214928,1.003633975982666,0.009520935826003551
700,0,2.375726401805878e-06,1.6991972923278809,8.050864080407655,2.689633992809902,1.2909769438577976,1.3048189403598567,1.532944265630753,1.3092669750237038,1.4321179471968895,1.0809897688137657,0.9609702746837803,0.8340815998068493,0.7200466979571251,0.6375075672378789,0.5217337503312988,1.0025103092193604,0.008771644905209541,1.0037205219268799,0.014156508259475231,1.0040194988250732,0.013564766384661198,1.003178358078003,0.01407555490732193,1.003113031387329,0.011930333450436592,1.0031641721725464,0.012261005118489265,1.003116250038147,0.009938126429915428,1.0037496089935303,0.013343931175768375,1.004176139831543,0.014667857438325882,1.0051078796386719,0.02300889603793621,1.0054266452789307,0.02455948479473591,1.0124247074127197,0.03751465678215027,1.0111583471298218,0.03747515380382538,1.0113084316253662,0.034943487495183945,1.0088354349136353,0.03305882588028908,1.012475848197937,0.03726816549897194,1.0110669136047363,0.03565708175301552,1.0142974853515625,0.03620330989360809,1.0126203298568726,0.030155764892697334,1.0114381313323975,0.027267687022686005,1.0105441808700562,0.02428789623081684,1.0090538263320923,0.021128268912434578,1.008118987083435,0.019989678636193275,1.0036931037902832,0.010456392541527748
710,1,4.751452803611756e-06,3.2761688232421875,8.061735361180457,2.4057034447482057,1.3656517402754995,1.4128427761593016,1.7092202631798221,1.4317397465933197,1.3855220589032016,1.1520660844574997,1.0977932024243253,0.9327094769161827,0.7707638936977133,0.6863824819820229,0.4947264429261035,1.0020610094070435,0.007137985434383154,1.003282070159912,0.012497146613895893,1.0036312341690063,0.012222500517964363,1.0027841329574585,0.012833675369620323,1.0027315616607666,0.010639655403792858,1.0028163194656372,0.011251349002122879,1.0027647018432617,0.008886005729436874,1.003406047821045,0.012742261402308941,1.0038607120513916,0.014004590921103954,1.0048414468765259,0.022925976663827896,1.0051727294921875,0.024296781048178673,1.0126904249191284,0.037729643285274506,1.0115412473678589,0.03781929612159729,1.0115222930908203,0.035174865275621414,1.0089919567108154,0.0334579199552536,1.0126774311065674,0.03766555339097977,1.0113643407821655,0.036250121891498566,1.014696717262268,0.03729122877120972,1.0130869150161743,0.03190995752811432,1.0118647813796997,0.029047194868326187,1.0110925436019897,0.02639278769493103,1.0095453262329102,0.0230057742446661,1.0086593627929688,0.021654093638062477,1.0037990808486938,0.012064139358699322
720,1,4.751452803611756e-06,2.1598355770111084,9.502243325957895,3.1378778486124563,1.5601000776744205,1.487184355958621,1.6686704442098106,1.410859450168377,1.3820224261264051,1.0444257052665442,0.994733823558291,0.8500538918639888,0.7304911355352421,0.6178293012599975,0.5160668872094938,1.0016862154006958,0.005948223639279604,1.0028985738754272,0.011337002739310265,1.0032460689544678,0.011300678364932537,1.0023612976074219,0.012042678892612457,1.0022908449172974,0.009506660513579845,1.0023962259292603,0.009986895136535168,1.0022220611572266,0.007123724091798067,1.0028468370437622,0.011062834411859512,1.0032647848129272,0.012231134809553623,1.004523515701294,0.021356793120503426,1.004482388496399,0.02235657535493374,1.0125477313995361,0.036306075751781464,1.0114505290985107,0.03635248914361,1.0114374160766602,0.0331854447722435,1.0086244344711304,0.0309930257499218,1.0125524997711182,0.03542705997824669,1.01106858253479,0.03374624624848366,1.014620304107666,0.035159625113010406,1.0129992961883545,0.029832463711500168,1.011864423751831,0.027534037828445435,1.0109986066818237,0.02536206878721714,1.0090882778167725,0.021143322810530663,1.008429765701294,0.020359301939606667,1.0038667917251587,0.010923785157501698
710,1,4.751452803611756e-06,3.276352882385254,8.070604957626543,2.4045218420728376,1.364232029380875,1.4114178916228572,1.706868320634347,1.4303817516865343,1.3862354113028967,1.1528528240834899,1.0981436660004988,0.9325751617027057,0.770675475396219,0.685522075953421,0.494148245026021,1.0020731687545776,0.007173669058829546,1.003288745880127,0.012526832520961761,1.0036269426345825,0.012216727249324322,1.0027822256088257,0.012831672094762325,1.002751111984253,0.010677806101739407,1.0028326511383057,0.011287422850728035,1.0027687549591064,0.008879493921995163,1.0034101009368896,0.012766427360475063,1.0038728713989258,0.014039579778909683,1.0048258304595947,0.022912979125976562,1.0051791667938232,0.024347778409719467,1.012691855430603,0.03779074177145958,1.01154625415802,0.037882231175899506,1.0115227699279785,0.03526216745376587,1.0089893341064453,0.033552136272192,1.0126895904541016,0.037756841629743576,1.0113695859909058,0.036363497376441956,1.0147159099578857,0.03741537407040596,1.0130906105041504,0.03201375901699066,1.0118674039840698,0.029145488515496254,1.0111037492752075,0.026495790109038353,1.0095442533493042,0.02310676872730255,1.0086901187896729,0.02175569348037243,1.0037903785705566,0.012118590995669365
730,1,4.751452803611756e-06,3.130728244781494,10.388365519462258,2.986666463488349,1.6269489402458865,1.6964396475622945,2.0461938752112268,1.7067466387652137,1.6448232895629615,1.1694775711765553,1.0484098763808363,0.8955746236010889,0.7253185639203291,0.6418831926876587,0.5378455832797904,1.0017681121826172,0.006452774628996849,1.0029268264770508,0.011679599992930889,1.0032795667648315,0.011170159094035625,1.0024099349975586,0.011985729448497295,1.0023468732833862,0.009313486516475677,1.0024962425231934,0.009955239482223988,1.0021847486495972,0.00718693807721138,1.0028536319732666,0.011713114567101002,1.003312587738037,0.012910045683383942,1.0053975582122803,0.02322416380047798,1.0050685405731201,0.024148644879460335,1.0134637355804443,0.03894909843802452,1.0124551057815552,0.03943885490298271,1.0125569105148315,0.03651805222034454,1.009554147720337,0.034274205565452576,1.0136455297470093,0.03906596079468727,1.0120114088058472,0.03751160949468613,1.0155532360076904,0.03853841871023178,1.0138319730758667,0.03270731493830681,1.012513279914856,0.02989550679922104,1.011540412902832,0.027357378974556923,1.0093086957931519,0.022254424169659615,1.0088304281234741,0.021288855001330376,1.0040740966796875,0.011450622230768204
720,1,4.751452803611756e-06,2.159304618835449,9.512029987648345,3.14604996226423,1.5661822378796628,1.4933030233415436,1.6751490800220872,1.4150906125523675,1.3856049999918707,1.045265009742464,0.996707904595608,0.8510377965635969,0.7309457309978312,0.6178780241726237,0.5160119690101774,1.0016926527023315,0.00596308009698987,1.0028982162475586,0.011343997903168201,1.0032356977462769,0.011277361772954464,1.002353310585022,0.012022065930068493,1.002305269241333,0.009526984766125679,1.0024068355560303,0.0100086759775877,1.0022201538085938,0.007107064593583345,1.0028468370437622,0.011076351627707481,1.003269076347351,0.012245899066329002,1.0045068264007568,0.0213311854749918,1.0044820308685303,0.02239219844341278,1.012550711631775,0.036355677992105484,1.0114582777023315,0.036405954509973526,1.0114400386810303,0.03326154127717018,1.0086246728897095,0.031071066856384277,1.0125654935836792,0.0355086624622345,1.0110753774642944,0.03383999690413475,1.0146410465240479,0.03527510166168213,1.0130029916763306,0.029921390116214752,1.0118693113327026,0.027625709772109985,1.0110138654708862,0.025464661419391632,1.009090781211853,0.02123790979385376,1.0084623098373413,0.020456936210393906,1.0038584470748901,0.010968468151986599
740,1,4.751452803611756e-06,2.3822224140167236,8.450521971691225,3.3389391242642694,1.6809241077787254,1.5966914414106619,1.644622618828304,1.4021688030175363,1.319396269729611,1.0796090215303933,0.9525699758492616,0.799756158711629,0.6589559413967988,0.5805290645808441,0.464207621091356,1.0016447305679321,0.006146748550236225,1.0028455257415771,0.01107816118746996,1.003232717514038,0.010837791487574577,1.002374291419983,0.011645822785794735,1.0023502111434937,0.009101112373173237,1.0025393962860107,0.009833214804530144,1.0020798444747925,0.0071638524532318115,1.0027521848678589,0.011758592911064625,1.0031919479370117,0.01279987022280693,1.0058363676071167,0.023940060287714005,1.0057165622711182,0.02485363744199276,1.014134168624878,0.040237098932266235,1.0131185054779053,0.040780168026685715,1.0130709409713745,0.03759899362921715,1.0099982023239136,0.03522521257400513,1.0138472318649292,0.0398486964404583,1.0121614933013916,0.03837917372584343,1.0158761739730835,0.039620157331228256,1.0141571760177612,0.033767253160476685,1.01290762424469,0.031038513407111168,1.011879801750183,0.028118271380662918,1.009701132774353,0.023018736392259598,1.0091578960418701,0.021899890154600143,1.0041848421096802,0.011433225125074387
730,1,4.751452803611756e-06,3.1307764053344727,10.38431818462129,2.991435611791242,1.6301221191851585,1.6996784209209796,2.0501839754476876,1.7087203778097855,1.6466377789935303,1.1700332259202204,1.048314518281259,0.895843382897756,0.7250182152347863,0.6420477384671098,0.5379838004683141,1.0017733573913574,0.006469047628343105,1.0029242038726807,0.011682616546750069,1.0032652616500854,0.011138138361275196,1.0024014711380005,0.011958248913288116,1.002359390258789,0.009329509921371937,1.002507209777832,0.009977021254599094,1.0021817684173584,0.007182059809565544,1.002852439880371,0.01172715239226818,1.0033106803894043,0.012913553975522518,1.0053789615631104,0.023187005892395973,1.005072832107544,0.024172715842723846,1.0134676694869995,0.038996621966362,1.0124629735946655,0.03948551416397095,1.0125575065612793,0.03658629208803177,1.009554386138916,0.034340471029281616,1.0136579275131226,0.039137084037065506,1.0120173692703247,0.03760085627436638,1.01557457447052,0.038642093539237976,1.013834834098816,0.0327913872897625,1.012514591217041,0.029983965680003166,1.0115536451339722,0.027460485696792603,1.0093086957931519,0.02235133945941925,1.0088609457015991,0.02138560265302658,1.004062533378601,0.01148613728582859
750,1,4.751452803611756e-06,2.3716464042663574,9.779173693217365,2.6443507218834523,1.5762648686495486,1.508897031781752,1.811701228665607,1.4720099819154924,1.5660073483821952,1.2295601227762099,1.1488036395861747,0.9508561045280925,0.853219724517053,0.7454379464691891,0.6196152785185306,1.001599907875061,0.006210542283952236,1.0028574466705322,0.010559944435954094,1.003308653831482,0.010820912197232246,1.0023925304412842,0.011510622687637806,1.0024094581604004,0.009243179112672806,1.0026196241378784,0.00996660627424717,1.0020811557769775,0.007407411001622677,1.0027587413787842,0.012095012702047825,1.0032001733779907,0.013214820064604282,1.0060577392578125,0.02488875761628151,1.0060124397277832,0.02578824572265148,1.0147725343704224,0.04162053391337395,1.0137355327606201,0.04216059297323227,1.0134379863739014,0.038593731820583344,1.010430932044983,0.03637798875570297,1.0139944553375244,0.040747903287410736,1.0122936964035034,0.03937450796365738,1.016074776649475,0.04048961400985718,1.014264464378357,0.03460901603102684,1.013213038444519,0.032149821519851685,1.012322187423706,0.029441406950354576,1.009872555732727,0.023756155744194984,1.0094269514083862,0.022604797035455704,1.004325270652771,0.01170195173472166
740,1,4.751452803611756e-06,2.384258508682251,8.46384486011622,3.3502485765201766,1.6828467835430496,1.5980078201375072,1.6459362800271184,1.403081669211037,1.3215278000431994,1.0803707335851833,0.9536489017132845,0.8009322105759962,0.6601441562412622,0.5813862305398699,0.4646405097000226,1.0016460418701172,0.0061499737203121185,1.0028407573699951,0.011073949746787548,1.0032142400741577,0.010791738517582417,1.0023634433746338,0.011601675301790237,1.0023597478866577,0.009108033031225204,1.0025485754013062,0.009848717600107193,1.0020748376846313,0.007165790535509586,1.0027467012405396,0.01176883839070797,1.003186583518982,0.012796970084309578,1.0058164596557617,0.023895898833870888,1.0057176351547241,0.024868804961442947,1.0141360759735107,0.04027557745575905,1.0131256580352783,0.04081399366259575,1.0130693912506104,0.03766041621565819,1.0099968910217285,0.03528682142496109,1.0138612985610962,0.03992585465312004,1.012168288230896,0.03847328573465347,1.0158987045288086,0.03972383588552475,1.0141611099243164,0.033857349306344986,1.0129072666168213,0.031131824478507042,1.0118907690048218,0.028224090114235878,1.0097013711929321,0.02312428504228592,1.0091922283172607,0.022003386169672012,1.004170298576355,0.011460251174867153
760,1,4.751452803611756e-06,1.9179911613464355,9.930972035378533,2.9142446268393405,1.7534468502158078,1.6635409719252348,1.9019846316997917,1.645328586487085,1.4903374084784442,1.2530610562610864,1.183900843660432,0.9766468402253804,0.780499207898178,0.784295808006601,0.6780116303519318,1.001457691192627,0.005379449110478163,1.0025793313980103,0.009797915816307068,1.0030359029769897,0.010381375439465046,1.0019806623458862,0.011187444441020489,1.001954197883606,0.008762044832110405,1.0020794868469238,0.008823070675134659,1.001512050628662,0.00570672145113349,1.0022088289260864,0.0106233274564147,1.0025348663330078,0.0113479383289814,1.0056073665618896,0.023155659437179565,1.0054309368133545,0.023570051416754723,1.0144062042236328,0.03969443961977959,1.0134398937225342,0.039851170033216476,1.0131585597991943,0.03583737835288048,1.0101350545883179,0.033423420041799545,1.01365327835083,0.03795558586716652,1.0118815898895264,0.03637479618191719,1.0157850980758667,0.03785315155982971,1.013954520225525,0.03202742710709572,1.0131680965423584,0.030349180102348328,1.0123692750930786,0.028432060033082962,1.0097408294677734,0.022244034335017204,1.0091357231140137,0.021381637081503868,1.0045220851898193,0.010588820092380047
750,1,4.751452803611756e-06,2.3732993602752686,9.800027857494095,2.6556095002891773,1.5829791381247202,1.5153616118475346,1.8228862253394131,1.4830491421896432,1.5778564907608912,1.2362124951219526,1.1559055944153496,0.9556412308701757,0.8568320602884821,0.7480121929511022,0.6214462041611325,1.0015928745269775,0.006188156548887491,1.00285005569458,0.010544226504862309,1.0032860040664673,0.010759781114757061,1.0023775100708008,0.01145181618630886,1.002414345741272,0.009238296188414097,1.0026239156723022,0.009966959245502949,1.0020736455917358,0.007404708303511143,1.0027483701705933,0.012095816433429718,1.003190040588379,0.01320011168718338,1.006036639213562,0.024837711825966835,1.006011962890625,0.025791464373469353,1.0147722959518433,0.04164506494998932,1.0137416124343872,0.04218251630663872,1.0134363174438477,0.038650136440992355,1.010430097579956,0.036432091146707535,1.0140085220336914,0.04082319885492325,1.0123001337051392,0.039462000131607056,1.016099452972412,0.040597978979349136,1.0142710208892822,0.03470895066857338,1.013211727142334,0.032255228608846664,1.0123339891433716,0.029555778950452805,1.0098718404769897,0.02387305721640587,1.0094627141952515,0.022710725665092468,1.0043121576309204,0.011728758923709393
770,1,4.751452803611756e-06,2.532198905944824,12.217629513963304,3.612713002343587,1.8785046191066963,1.7784374479673686,1.9841919619858295,1.72223994487787,1.7404630660835287,1.27670244686523,1.1890447056543794,0.9598260520009877,0.8188742742427653,0.7138098676258017,0.6170205235686067,1.0009511709213257,0.0036502571310847998,1.002353310585022,0.009254960343241692,1.0027836561203003,0.009754263795912266,1.001854419708252,0.010721280239522457,1.001854419708252,0.00851481407880783,1.002002239227295,0.0083510372787714,1.0014991760253906,0.005661369301378727,1.0022170543670654,0.010532302781939507,1.0025725364685059,0.011013650335371494,1.0051748752593994,0.0226826760917902,1.005028247833252,0.022984784096479416,1.0143393278121948,0.039434075355529785,1.0134716033935547,0.03961305320262909,1.0130821466445923,0.03553471341729164,1.0100370645523071,0.0328930988907814,1.0137667655944824,0.03784923627972603,1.0118645429611206,0.03615286201238632,1.015963077545166,0.0379880890250206,1.0141428709030151,0.032266099005937576,1.0135048627853394,0.031054195016622543,1.0127652883529663,0.02923627197742462,1.0102012157440186,0.02321009337902069,1.0093055963516235,0.02173694223165512,1.004969835281372,0.01162703800946474
760,1,4.751452803611756e-06,1.9181220531463623,9.927705233167169,2.9090522996522052,1.750694702292949,1.6616292583642862,1.9012116915579653,1.6443039064909641,1.4895629478939432,1.2517319046314612,1.1829004267652263,0.9753159445814924,0.7788007633594647,0.7826347791494551,0.6761683945912285,1.0014554262161255,0.005374469328671694,1.002575397491455,0.009791774675250053,1.0030149221420288,0.010325686074793339,1.001969575881958,0.011135077103972435,1.0019620656967163,0.008761386387050152,1.0020875930786133,0.00883204210549593,1.001509666442871,0.0057218037545681,1.002203345298767,0.010643343441188335,1.0025290250778198,0.0113502973690629,1.005590558052063,0.02312861569225788,1.0054349899291992,0.023593131452798843,1.014407992362976,0.0397312268614769,1.01344895362854,0.039892733097076416,1.0131604671478271,0.03591180592775345,1.0101364850997925,0.033494941890239716,1.0136722326278687,0.03805151954293251,1.01189124584198,0.03647487610578537,1.0158140659332275,0.03798362985253334,1.0139654874801636,0.03214278072118759,1.0131696462631226,0.030466996133327484,1.012385368347168,0.02854904904961586,1.009749174118042,0.02237357571721077,1.009175419807434,0.021491341292858124,1.004514217376709,0.010623211041092873
780,1,4.751452803611756e-06,2.2409353256225586,8.835850242755187,2.832464069932733,1.350504091865632,1.2724710061793576,1.4084180325137274,1.2383740012525615,1.3560773357207652,1.0733819097333368,1.004449144087561,0.8692842959699175,0.7661782868337252,0.6780791807067863,0.5029073891825512,1.0006016492843628,0.0021027743350714445,1.0021088123321533,0.008943891152739525,1.0025025606155396,0.009017892181873322,1.0017406940460205,0.01011564675718546,1.0017783641815186,0.008299949578940868,1.0019450187683105,0.008046355098485947,1.001417875289917,0.005847308784723282,1.0021430253982544,0.010824755765497684,1.002474308013916,0.011138382367789745,1.0052404403686523,0.022765792906284332,1.005289912223816,0.0232559647411108,1.0147252082824707,0.040006812661886215,1.0139405727386475,0.040391549468040466,1.0132547616958618,0.03607024997472763,1.0103895664215088,0.03388272598385811,1.0142191648483276,0.0392453595995903,1.0122636556625366,0.037795521318912506,1.016325831413269,0.039457354694604874,1.0144399404525757,0.03373861312866211,1.0142734050750732,0.03331081569194794,1.013488531112671,0.031180011108517647,1.0109061002731323,0.025014499202370644,1.0099419355392456,0.02328645996749401,1.0055592060089111,0.013102326542139053
770,1,4.751452803611756e-06,2.5330262184143066,12.215987484504339,3.6226349224794516,1.8824849188863813,1.782866890790194,1.9890399559290892,1.7255951466834563,1.742384556847429,1.278207934178539,1.1908809245294316,0.9609316179866527,0.8187790712151178,0.7143276474950842,0.6171445707226308,1.0009546279907227,0.003677281318232417,1.0023566484451294,0.00926955509930849,1.0027681589126587,0.009714111685752869,1.001852035522461,0.010688657872378826,1.0018713474273682,0.008540022186934948,1.0020179748535156,0.008382824249565601,1.0015016794204712,0.005691755097359419,1.0022181272506714,0.010570784099400043,1.0025732517242432,0.011030497029423714,1.005155086517334,0.022670652717351913,1.0050281286239624,0.023020707070827484,1.014340877532959,0.039481524378061295,1.0134798288345337,0.039661653339862823,1.01308274269104,0.03561323136091232,1.0100362300872803,0.032962579280138016,1.0137887001037598,0.037947140634059906,1.011876106262207,0.03625084459781647,1.0159924030303955,0.03811855614185333,1.014155626296997,0.032385509461164474,1.0135047435760498,0.031170610338449478,1.01277756690979,0.0293449554592371,1.010206699371338,0.023337384685873985,1.0093384981155396,0.021837979555130005,1.0049604177474976,0.011663702316582203
790,1,4.751452803611756e-06,2.4927730560302734,10.286347283938754,3.0768664264268497,1.7635049145676607,1.755848518223217,1.9973932734385011,1.6777142504203848,1.6662858200530688,1.2317664125480081,1.0448155345046577,0.918118315160955,0.7725321925938198,0.65252724918954,0.5487846109847444,1.0006283521652222,0.0028004769701510668,1.0021493434906006,0.010517021641135216,1.002418041229248,0.010492547415196896,1.0016610622406006,0.01134725846350193,1.001574993133545,0.009335444308817387,1.001601219177246,0.00819399207830429,1.0012294054031372,0.00483365124091506,1.0020345449447632,0.010191777721047401,1.0023539066314697,0.010567940771579742,1.0045737028121948,0.021836470812559128,1.0046337842941284,0.022420326247811317,1.0143533945083618,0.03933011740446091,1.013542890548706,0.039595670998096466,1.0128726959228516,0.03493065387010574,1.0101196765899658,0.03289903700351715,1.0141971111297607,0.038646720349788666,1.0123076438903809,0.03734028711915016,1.016408085823059,0.03923569992184639,1.0147150754928589,0.03382435441017151,1.014792799949646,0.03402034938335419,1.0139614343643188,0.03199267014861107,1.0114895105361938,0.02599496766924858,1.0106412172317505,0.024612409994006157,1.0063670873641968,0.014344172552227974
780,1,4.751452803611756e-06,2.2390809059143066,8.861693437897241,2.8412993038647345,1.3546538268283639,1.2764100710046935,1.41202715055302,1.2413006149872152,1.358547805490797,1.0752493544029236,1.0051157088999527,0.870145379695104,0.7666384702605935,0.6782103727449641,0.5028399894756246,1.00059974193573,0.002111548325046897,1.0021071434020996,0.008943155407905579,1.00248122215271,0.008961777202785015,1.0017365217208862,0.010071102529764175,1.0017926692962646,0.008312135934829712,1.0019575357437134,0.008070150390267372,1.0014187097549438,0.0058829328045248985,1.0021413564682007,0.010861205868422985,1.002472996711731,0.011147214099764824,1.0052143335342407,0.022748447954654694,1.0052847862243652,0.023280519992113113,1.0147197246551514,0.04004274308681488,1.0139435529708862,0.04042421281337738,1.0132520198822021,0.03613243252038956,1.0103858709335327,0.03393077105283737,1.014238953590393,0.039322689175605774,1.0122714042663574,0.037875816226005554,1.0163533687591553,0.03957450017333031,1.0144546031951904,0.03385457396507263,1.0142706632614136,0.03342406824231148,1.0135027170181274,0.03128847852349281,1.0109132528305054,0.025147048756480217,1.009976863861084,0.0233982615172863,1.0055474042892456,0.013144787400960922
800,1,4.751452803611756e-06,1.5154812335968018,8.932375398978357,3.0622624218401735,1.5922373849603868,1.5595103020307937,1.9070995206508043,1.6396255772575827,1.5848087947372425,1.1783613668262636,1.0480666199494966,0.8782041195690619,0.7482480176702518,0.6219927711515455,0.5840204463761437,1.0006170272827148,0.003216484794393182,1.0021336078643799,0.011279327794909477,1.0023579597473145,0.010949227027595043,1.001571774482727,0.01182289607822895,1.0014413595199585,0.009406299330294132,1.0014444589614868,0.008374937810003757,1.0010634660720825,0.004257295746356249,1.001934289932251,0.010167131200432777,1.0022919178009033,0.010487130843102932,1.0044262409210205,0.022292999550700188,1.0044243335723877,0.022892404347658157,1.0144670009613037,0.04048401489853859,1.0136703252792358,0.0408795103430748,1.0128732919692993,0.03577033430337906,1.01026451587677,0.034010112285614014,1.0144414901733398,0.04029916226863861,1.0126038789749146,0.03931121528148651,1.0170458555221558,0.04176530987024307,1.0154659748077393,0.03678426146507263,1.0157753229141235,0.037561286240816116,1.015109658241272,0.03584223985671997,1.0127397775650024,0.029962820932269096,1.0117809772491455,0.02764838933944702,1.0070812702178955,0.016671236604452133
790,1,4.751452803611756e-06,2.490847110748291,10.298661733252713,3.078731581024316,1.7640307175964192,1.7568127416187156,1.9985135250450503,1.6789169005142561,1.6666502507975056,1.232548905881019,1.0446403922558414,0.9175673498308317,0.7718071306684483,0.6517734020808762,0.547841207868706,1.0006204843521118,0.002789196325466037,1.0021401643753052,0.0104952622205019,1.0023895502090454,0.010425607673823833,1.0016504526138306,0.011294106021523476,1.0015817880630493,0.009326576255261898,1.001607060432434,0.008196774870157242,1.0012288093566895,0.004853607155382633,1.0020297765731812,0.010223989374935627,1.0023508071899414,0.010573222301900387,1.004547119140625,0.021816734224557877,1.0046265125274658,0.022438503801822662,1.014344573020935,0.039361514151096344,1.0135459899902344,0.03962467238306999,1.012870192527771,0.03498552367091179,1.0101168155670166,0.032936275005340576,1.0142163038253784,0.038717687129974365,1.0123153924942017,0.03741186857223511,1.01643705368042,0.03935055807232857,1.0147337913513184,0.03393976390361786,1.0147897005081177,0.034134235233068466,1.0139766931533813,0.032100703567266464,1.0114984512329102,0.026124073192477226,1.0106794834136963,0.02473342791199684,1.0063532590866089,0.014388969168066978
810,1,4.751452803611756e-06,2.2897167205810547,9.900959384517654,3.071990030539595,1.6562029518432504,1.6280177857204903,1.9245138892926938,1.530293249086048,1.6041825935256535,1.1186735586682313,1.0432861662083996,0.9339326481567374,0.7773777927885113,0.6555776122060902,0.5418845932255062,1.0009804964065552,0.0035391063429415226,1.0025715827941895,0.012110267765820026,1.0028622150421143,0.011644810438156128,1.0020602941513062,0.012701581232249737,1.001950740814209,0.010116716846823692,1.001994252204895,0.009613683447241783,1.0015506744384766,0.005304198712110519,1.002434253692627,0.010965099558234215,1.0028183460235596,0.011541704647243023,1.0041462182998657,0.02284729853272438,1.0040665864944458,0.023522725328803062,1.014181137084961,0.040617719292640686,1.0134121179580688,0.041044145822525024,1.012631893157959,0.03579685837030411,1.0100666284561157,0.034009795635938644,1.014203667640686,0.04021231457591057,1.0124536752700806,0.03922690078616142,1.0170236825942993,0.04207644239068031,1.0156044960021973,0.03747255355119705,1.0161410570144653,0.03894779458642006,1.015424132347107,0.03719194605946541,1.0129965543746948,0.03130217641592026,1.0121077299118042,0.02874734066426754,1.00751793384552,0.018408235162496567
800,1,4.751452803611756e-06,1.5121634006500244,8.946099856916282,3.066285901150628,1.5927421465174167,1.558759665651373,1.9073800678533326,1.6404978909040513,1.581545240214081,1.1786628136152946,1.0485329780235488,0.8791652049308964,0.7488004974929183,0.6218253716420532,0.5838578789787308,1.0006113052368164,0.0032154375221580267,1.0021278858184814,0.01126531045883894,1.0023308992385864,0.010889990255236626,1.0015616416931152,0.01178174838423729,1.0014493465423584,0.009401565417647362,1.0014482736587524,0.00837612897157669,1.0010652542114258,0.004278904292732477,1.0019294023513794,0.010200459510087967,1.0022902488708496,0.010495281778275967,1.0044008493423462,0.022275511175394058,1.0044188499450684,0.022916074842214584,1.0144603252410889,0.04052257910370827,1.0136780738830566,0.040914081037044525,1.0128729343414307,0.0358351394534111,1.0102605819702148,0.03404924273490906,1.0144613981246948,0.040365368127822876,1.012612223625183,0.03938382863998413,1.0170748233795166,0.041881971061229706,1.0154865980148315,0.03690161183476448,1.0157687664031982,0.0376775823533535,1.0151234865188599,0.03595563396811485,1.0127460956573486,0.03009980358183384,1.0118199586868286,0.027781549841165543,1.0070672035217285,0.016726939007639885
820,1,4.751452803611756e-06,2.5353822708129883,8.901185167834377,2.9088784855032332,1.8094624709398082,1.707456556443518,1.869925850865695,1.642995116333264,1.5899303567304213,1.2749333833961054,1.1334073662205566,0.8928698596157211,0.74420813660949,0.6143333716175055,0.5846865198783635,1.0005903244018555,0.002060119528323412,1.0022246837615967,0.011258075013756752,1.0025286674499512,0.010413412936031818,1.0017383098602295,0.011763674207031727,1.001670479774475,0.008732812479138374,1.0017839670181274,0.009073643945157528,1.0013870000839233,0.004871792159974575,1.0022789239883423,0.01090478990226984,1.0027128458023071,0.011427481658756733,1.0042716264724731,0.02311364933848381,1.0040357112884521,0.023501500487327576,1.014306902885437,0.040669433772563934,1.0134109258651733,0.04085449501872063,1.0126429796218872,0.035282451659440994,1.0099338293075562,0.03309981897473335,1.0143353939056396,0.03970737010240555,1.012480616569519,0.038633618503808975,1.017156720161438,0.04198495298624039,1.0157475471496582,0.0374964214861393,1.016344428062439,0.03944581001996994,1.0154956579208374,0.03739295154809952,1.0130800008773804,0.03138637915253639,1.0121582746505737,0.028480328619480133,1.0075969696044922,0.017819419503211975
810,1,4.751452803611756e-06,2.2867774963378906,9.901652644289173,3.0676281558232845,1.6573482462537026,1.6298679960073073,1.925374021017395,1.5306416369230245,1.6060943768449005,1.1194992510799577,1.0435264640097668,0.9336300015737872,0.7767645181976511,0.6556554528254394,0.5420795767619722,1.0009863376617432,0.003578805597499013,1.0025776624679565,0.012140682898461819,1.0028482675552368,0.011611678637564182,1.0020625591278076,0.012690125964581966,1.0019664764404297,0.010143435560166836,1.0020029544830322,0.009652645327150822,1.0015603303909302,0.005335003137588501,1.0024348497390747,0.01101064495742321,1.002824068069458,0.011579454876482487,1.004125714302063,0.02284442074596882,1.004068374633789,0.02357626147568226,1.0141830444335938,0.040684718638658524,1.0134302377700806,0.0411076620221138,1.012636661529541,0.03589007258415222,1.0100648403167725,0.03407449275255203,1.0142289400100708,0.040301620960235596,1.0124667882919312,0.03932489454746246,1.017055869102478,0.04220769554376602,1.0156296491622925,0.0376017764210701,1.0161305665969849,0.03906404599547386,1.0154356956481934,0.0373041145503521,1.0129969120025635,0.03143519535660744,1.012144923210144,0.02887697145342827,1.0075026750564575,0.01845988631248474
830,1,4.751452803611756e-06,3.2322027683258057,13.354031721539103,4.835135856065882,2.4763873647023247,2.2284808003681076,2.467199789632297,2.1163465914549824,2.25406152154325,1.677860522186195,1.5589474672269665,1.191818049282868,0.9554100198886709,0.8618745650056437,0.6210074154781833,1.000437617301941,0.0015763338888064027,1.0020802021026611,0.011065424419939518,1.002373456954956,0.01013190858066082,1.0014798641204834,0.011796673759818077,1.0013686418533325,0.008418630808591843,1.0014417171478271,0.008597278036177158,1.0011260509490967,0.003984787967056036,1.0020654201507568,0.010568707250058651,1.0024840831756592,0.010925241746008396,1.0043569803237915,0.022854072973132133,1.004089593887329,0.022950991988182068,1.0144063234329224,0.04050862789154053,1.0135140419006348,0.04033159464597702,1.0128363370895386,0.03503470495343208,1.0099245309829712,0.0328441821038723,1.014660358428955,0.04011917859315872,1.012785792350769,0.038988228887319565,1.0176525115966797,0.042889486998319626,1.01613450050354,0.038193490356206894,1.01662278175354,0.04023515060544014,1.0156484842300415,0.03783433139324188,1.0136146545410156,0.03263881057500839,1.0125659704208374,0.02945907786488533,1.0078331232070923,0.018277643248438835
820,1,4.751452803611756e-06,2.5329885482788086,8.906040761682359,2.9091899273308277,1.808595660775008,1.7083111554837582,1.8721444968135912,1.6446837534384515,1.5912278950611818,1.2765545061616397,1.1340880088658227,0.8933423129016015,0.7439350377351349,0.6145209662522474,0.5846797768845272,1.0005959272384644,0.002097073709592223,1.0022298097610474,0.011285104788839817,1.0025159120559692,0.010377016849815845,1.0017410516738892,0.011751818470656872,1.0016862154006958,0.008764437399804592,1.0017913579940796,0.009115314111113548,1.0013976097106934,0.004913792014122009,1.0022780895233154,0.010951819829642773,1.0027183294296265,0.01146844495087862,1.0042492151260376,0.023111118003726006,1.0040347576141357,0.0235622338950634,1.0143110752105713,0.04074251279234886,1.0134329795837402,0.040924012660980225,1.012648344039917,0.03537852689623833,1.0099313259124756,0.03317148610949516,1.0143576860427856,0.03980094939470291,1.0124939680099487,0.038739945739507675,1.0171890258789062,0.0421174019575119,1.0157734155654907,0.037625428289175034,1.0163347721099854,0.039566412568092346,1.0155080556869507,0.03751163184642792,1.0130856037139893,0.03153613954782486,1.0121982097625732,0.02861521579325199,1.0075809955596924,0.01786443218588829
840,1,4.751452803611756e-06,3.2919178009033203,7.760738064747846,2.2279925622938235,1.1780434185927802,1.1850341393874702,1.3939485920598669,1.2039938043958125,1.272580351719197,1.0033911014502879,0.8358843024681816,0.672629485776415,0.5838714725436538,0.4751613861910056,0.4360769010210605,1.0002741813659668,0.0008423365652561188,1.0018576383590698,0.010121062397956848,1.0022276639938354,0.008797471411526203,1.001335620880127,0.011069591157138348,1.0012720823287964,0.007861863821744919,1.0014235973358154,0.008328845724463463,1.0012017488479614,0.0052710771560668945,1.002179741859436,0.012589707970619202,1.0027555227279663,0.013097920455038548,1.0053874254226685,0.026026517152786255,1.0051394701004028,0.026175279170274734,1.0158905982971191,0.04466642811894417,1.014847993850708,0.044875726103782654,1.0142762660980225,0.040662940591573715,1.0113824605941772,0.03952161595225334,1.0162142515182495,0.04714745655655861,1.0143074989318848,0.04677262529730797,1.0194271802902222,0.05082117021083832,1.0178184509277344,0.04653570055961609,1.018341302871704,0.04872012510895729,1.0173265933990479,0.04608085751533508,1.0153508186340332,0.04114322364330292,1.0141016244888306,0.03617091849446297,1.0078562498092651,0.022217782214283943
830,1,4.751452803611756e-06,3.234602928161621,13.388866043487784,4.826813191782382,2.4737507756225825,2.227025686932423,2.465580329490922,2.1140853554102734,2.250388863207727,1.6767470869978165,1.5563083068935901,1.1910231692647104,0.9557728092227317,0.8621261923928332,0.62061790993129,1.0004407167434692,0.0015997368609532714,1.0020798444747925,0.011075570248067379,1.0023553371429443,0.010086304508149624,1.0014747381210327,0.011778346262872219,1.0013782978057861,0.008440504781901836,1.001442551612854,0.008621240966022015,1.0011321306228638,0.00401232298463583,1.0020581483840942,0.010601796209812164,1.0024831295013428,0.010945391841232777,1.0043271780014038,0.022826513275504112,1.0040773153305054,0.02298610284924507,1.0144010782241821,0.04055378586053848,1.0135287046432495,0.04036740958690643,1.012837290763855,0.03509926795959473,1.0099183320999146,0.03287973627448082,1.0146770477294922,0.04017513245344162,1.0127933025360107,0.039056818932294846,1.0176843404769897,0.04299815371632576,1.016158938407898,0.03829897940158844,1.0166126489639282,0.04034508019685745,1.0156582593917847,0.037942949682474136,1.0136247873306274,0.03278764709830284,1.0126118659973145,0.029596401378512383,1.007820725440979,0.018319249153137207
850,1,4.751452803611756e-06,3.039490222930908,11.82073594947003,3.336495063769746,1.8151358756968279,1.5813096245936955,1.9664842057213519,1.708098005327629,1.7937327395424156,1.332901080163746,1.2322193520868863,1.0537142167446913,0.8669605985089974,0.7220864499473912,0.5424057549228137,1.0002567768096924,0.0005258406745269895,1.0017205476760864,0.009671943262219429,1.002090573310852,0.008568455465137959,1.0010160207748413,0.01136044505983591,1.0008553266525269,0.007494703866541386,1.000938892364502,0.0075388262048363686,1.0007824897766113,0.0037102133501321077,1.0017834901809692,0.011372750625014305,1.0023442506790161,0.011821229010820389,1.005083441734314,0.025091543793678284,1.0049355030059814,0.02536180056631565,1.0161223411560059,0.04470444470643997,1.0150386095046997,0.04477234557271004,1.014520287513733,0.040799159556627274,1.011688232421875,0.04013943672180176,1.0166884660720825,0.04813659191131592,1.014867901802063,0.04812636226415634,1.0203053951263428,0.05304085463285446,1.0187255144119263,0.04917620122432709,1.0192358493804932,0.051728181540966034,1.0181095600128174,0.04891626909375191,1.016286849975586,0.04444919154047966,1.0150601863861084,0.03938426822423935,1.0083250999450684,0.02500436268746853
840,1,4.751452803611756e-06,3.291048526763916,7.760152134789409,2.23004257346549,1.1792330984666939,1.1857261236520007,1.3963359950776215,1.205911326365923,1.2732151610047762,1.0042300468519816,0.8367554230604611,0.6726910728997901,0.5838772464522762,0.4752301947412569,0.4360339737709113,1.0002827644348145,0.0008599547436460853,1.001847505569458,0.010113110765814781,1.0022002458572388,0.008725103922188282,1.0013177394866943,0.011035542003810406,1.0012707710266113,0.007863489910960197,1.0014153718948364,0.008337999694049358,1.0011987686157227,0.005284728016704321,1.002163290977478,0.01260671578347683,1.0027449131011963,0.013094006106257439,1.0053532123565674,0.02598010189831257,1.005116581916809,0.026190483942627907,1.015878438949585,0.04468956217169762,1.0148571729660034,0.044886454939842224,1.0142751932144165,0.04071664810180664,1.0113765001296997,0.0395423024892807,1.016234040260315,0.04718802124261856,1.0143181085586548,0.04682837799191475,1.0194621086120605,0.050931308418512344,1.0178472995758057,0.04665248095989227,1.0183411836624146,0.04886062815785408,1.0173429250717163,0.04622193053364754,1.0153733491897583,0.0413341149687767,1.0141605138778687,0.0363285057246685,1.0078482627868652,0.022267447784543037
860,1,4.751452803611756e-06,3.778258800506592,11.067377892833036,3.271880607635421,1.684740095584816,1.6215810723869435,1.7810333704256287,1.4830248307600935,1.6258833322264967,1.3107109663731724,1.0528016173852555,0.9132179580201323,0.7113149989497912,0.6102930412911568,0.5514033902984494,1.0008145570755005,0.0017023775726556778,1.0015047788619995,0.008982361294329166,1.0019075870513916,0.007747901137918234,1.0008502006530762,0.010834407992661,1.0007110834121704,0.006717792246490717,1.0008585453033447,0.0070415521040558815,1.0006921291351318,0.004035502672195435,1.001720905303955,0.012040439993143082,1.0023411512374878,0.012319901958107948,1.005406379699707,0.025945739820599556,1.0050625801086426,0.02583031915128231,1.0165103673934937,0.04544704407453537,1.0152758359909058,0.04554321989417076,1.0148441791534424,0.04173290729522705,1.0118157863616943,0.041055645793676376,1.0168380737304688,0.048565614968538284,1.0149154663085938,0.048387717455625534,1.0205258131027222,0.05353599414229393,1.0190141201019287,0.04949822649359703,1.0195332765579224,0.051988065242767334,1.0182154178619385,0.048705630004405975,1.016279935836792,0.0437445268034935,1.0149829387664795,0.038620565086603165,1.0084335803985596,0.024593155831098557
850,1,4.751452803611756e-06,3.0476179122924805,11.792020851726353,3.3448367054752297,1.8169093954118505,1.581342880295981,1.9679197601662264,1.70684734246547,1.7900033155321526,1.330848003228112,1.2289911417092436,1.051430700778319,0.8652110489058504,0.7210980543791573,0.5415891803768235,1.0002676248550415,0.0005478699458763003,1.0017063617706299,0.009660033509135246,1.002058744430542,0.008487260900437832,1.0009928941726685,0.011329542845487595,1.0008490085601807,0.007499858271330595,1.0009262561798096,0.007544004824012518,1.000774621963501,0.003719824133440852,1.0017629861831665,0.011388370767235756,1.0023282766342163,0.011814126744866371,1.0050491094589233,0.02504456602036953,1.00491201877594,0.025370117276906967,1.0161057710647583,0.0447169691324234,1.015047550201416,0.044775497168302536,1.0145206451416016,0.040852949023246765,1.0116868019104004,0.04016309231519699,1.01671302318573,0.048185013234615326,1.0148835182189941,0.0481906495988369,1.0203428268432617,0.053164295852184296,1.0187604427337646,0.049315277487039566,1.019244909286499,0.05189990624785423,1.018133282661438,0.049095798283815384,1.016318678855896,0.044673264026641846,1.0151253938674927,0.039552126079797745,1.0083129405975342,0.025055816397070885
870,1,4.751452803611756e-06,1.8103373050689697,9.391093932111678,2.8080107581406355,1.362521712750706,1.2960192608870262,1.501867256499664,1.3191126102055533,1.3474368844927547,1.0032506891366868,0.8977254304114775,0.7854524351182702,0.615221439183714,0.5099200730105814,0.4514543190954547,1.001029133796692,0.0020873667672276497,1.0017796754837036,0.009350663051009178,1.002187967300415,0.008616645820438862,1.0011026859283447,0.011412330903112888,1.0009503364562988,0.007179174106568098,1.0010902881622314,0.007389651145786047,1.0008690357208252,0.004168787971138954,1.001914620399475,0.01217701006680727,1.0025842189788818,0.01255574356764555,1.0054348707199097,0.026456641033291817,1.0051169395446777,0.02631760761141777,1.0163928270339966,0.04563995450735092,1.0151722431182861,0.04590139538049698,1.0145885944366455,0.0419422946870327,1.0114684104919434,0.04118705540895462,1.0164930820465088,0.048505138605833054,1.0145272016525269,0.04837709665298462,1.0200964212417603,0.053445927798748016,1.0187443494796753,0.04994580149650574,1.0196717977523804,0.053505443036556244,1.0184584856033325,0.050886932760477066,1.0167332887649536,0.046784427016973495,1.0153151750564575,0.04108623415231705,1.0088200569152832,0.028254877775907516
860,1,4.751452803611756e-06,3.7766785621643066,11.148914083480516,3.2887536720517057,1.6919942547527147,1.627872072640208,1.7869628887885431,1.4857965808917781,1.6253467955284948,1.3102273321346913,1.0526047234335025,0.9134224757664239,0.7116679372739867,0.6113648088944162,0.5518158467040447,1.0008198022842407,0.0017141217831522226,1.001488208770752,0.008976193144917488,1.0018725395202637,0.0076658413745462894,1.000826358795166,0.010804149322211742,1.0007023811340332,0.006724372506141663,1.0008454322814941,0.007047276943922043,1.000683307647705,0.004056507255882025,1.0016967058181763,0.012053257785737514,1.002321481704712,0.01230670791119337,1.005369782447815,0.025899458676576614,1.005041480064392,0.025832582265138626,1.0164932012557983,0.045456163585186005,1.015288233757019,0.04554666578769684,1.0148463249206543,0.04178513213992119,1.0118144750595093,0.04107626527547836,1.0168590545654297,0.048605721443891525,1.0149282217025757,0.04843730479478836,1.020559310913086,0.05364450067281723,1.0190455913543701,0.04961676895618439,1.019538164138794,0.052139025181531906,1.018235683441162,0.048855677247047424,1.016308307647705,0.043937575072050095,1.015043020248413,0.03876180574297905,1.0084244012832642,0.0246542040258646
880,1,4.751452803611756e-06,2.066697120666504,10.051834906092019,3.179871766329961,1.9662162765745845,2.03513863287756,2.3148328477049445,1.9813500532189778,1.9213438274202197,1.5497966429940604,1.2742320943040382,1.0980465724941968,0.7835348940328127,0.7297895427580179,0.6100683832955769,1.0003644227981567,0.0014062452828511596,1.0022608041763306,0.010730831883847713,1.0026836395263672,0.010363919660449028,1.0016682147979736,0.012296588160097599,1.001543402671814,0.00841858796775341,1.0017279386520386,0.008115499280393124,1.0014597177505493,0.005117927677929401,1.0024701356887817,0.011975028552114964,1.0030546188354492,0.012427517212927341,1.0047895908355713,0.02568427473306656,1.0045629739761353,0.02556421421468258,1.0157968997955322,0.044452276080846786,1.0145177841186523,0.044887229800224304,1.0138165950775146,0.0401274710893631,1.0107253789901733,0.03928644582629204,1.0159465074539185,0.04655404016375542,1.0139515399932861,0.04637741297483444,1.019652009010315,0.051816925406455994,1.0184441804885864,0.048694901168346405,1.0195751190185547,0.05303378403186798,1.018565058708191,0.0512380413711071,1.0169529914855957,0.0477571077644825,1.015845775604248,0.04358329251408577,1.0092642307281494,0.0309889018535614
870,1,4.751452803611756e-06,1.8122669458389282,9.393433015740115,2.8022800443709586,1.3627563681318953,1.2958158973928582,1.5015904312542236,1.3189391894389915,1.3489183158049476,1.0029664863668335,0.8975384563786488,0.7854422236585652,0.6146985706675843,0.5098699278382153,0.451282228371707,1.0010218620300293,0.002071487484499812,1.0017586946487427,0.009345696307718754,1.0021475553512573,0.008526572957634926,1.0010755062103271,0.011373966932296753,1.0009369850158691,0.0071731992065906525,1.0010722875595093,0.007380166091024876,1.000856637954712,0.004185225814580917,1.0018833875656128,0.012187499552965164,1.0025585889816284,0.012541836127638817,1.005401849746704,0.026412300765514374,1.0051013231277466,0.02631797455251217,1.0163795948028564,0.04565369337797165,1.0151894092559814,0.045912787318229675,1.0145938396453857,0.04199881851673126,1.0114688873291016,0.04121629521250725,1.0165125131607056,0.04854694381356239,1.0145379304885864,0.04842309281229973,1.0201278924942017,0.05355580896139145,1.0187735557556152,0.05005832761526108,1.019673466682434,0.05364871025085449,1.0184739828109741,0.05101455748081207,1.0167597532272339,0.04695245996117592,1.0153721570968628,0.041203901171684265,1.0088117122650146,0.028305213898420334
890,1,4.751452803611756e-06,1.526998519897461,8.182033579912858,2.5626288570896567,1.3738780504125594,1.2758543114211383,1.6003968142398903,1.4040567701605986,1.5013821340769837,1.1977141405810312,0.9506939535748383,0.844519124581951,0.6714289767512269,0.5246376369231189,0.4418418502193616,1.0001100301742554,0.001489416230469942,1.0015902519226074,0.00880943238735199,1.002031922340393,0.008387843146920204,1.0009758472442627,0.011012814939022064,1.00084388256073,0.006934292148798704,1.001046895980835,0.006437570787966251,1.0008234977722168,0.004121821373701096,1.001794695854187,0.011252938769757748,1.0023772716522217,0.011404975317418575,1.0049155950546265,0.025076143443584442,1.0049386024475098,0.02508547157049179,1.0159285068511963,0.044217679649591446,1.0146417617797852,0.0447954498231411,1.0139288902282715,0.03999738395214081,1.0108495950698853,0.03941798582673073,1.016111969947815,0.04674642160534859,1.0141782760620117,0.046912919729948044,1.0196130275726318,0.05209750309586525,1.0185297727584839,0.04934588074684143,1.0197792053222656,0.054013997316360474,1.0187709331512451,0.05241716653108597,1.0173184871673584,0.0493951216340065,1.0162255764007568,0.0454576350748539,1.0090785026550293,0.031472790986299515
880,1,4.751452803611756e-06,2.0580708980560303,10.106520136183834,3.203690701114294,1.9755404893260726,2.04388170313594,2.3228178041815726,1.986304984512062,1.9259676819320626,1.5526972031082413,1.276271435913928,1.1005291599632057,0.7844067573082567,0.7307021467042414,0.6109154832393269,1.000349998474121,0.0013722444418817759,1.0022350549697876,0.010718854144215584,1.0026392936706543,0.010263129137456417,1.0016356706619263,0.012238417752087116,1.0015251636505127,0.00838563498109579,1.0017024278640747,0.008069454692304134,1.0014426708221436,0.005092085339128971,1.002434492111206,0.011973049491643906,1.003022313117981,0.012398483231663704,1.0047563314437866,0.025627877563238144,1.004548192024231,0.025550631806254387,1.0157852172851562,0.044462889432907104,1.0145364999771118,0.04488644748926163,1.0138238668441772,0.04017367959022522,1.0107253789901733,0.03930114582180977,1.0159636735916138,0.04658067226409912,1.0139586925506592,0.046402547508478165,1.0196813344955444,0.05190896615386009,1.0184730291366577,0.04878456890583038,1.019575834274292,0.05315496027469635,1.018576979637146,0.0513356477022171,1.0169790983200073,0.047890856862068176,1.0159006118774414,0.04368465021252632,1.0092582702636719,0.031038405373692513
900,1,4.751452803611756e-06,2.9942569732666016,8.551203433164385,2.4929958242476324,1.4787699629802111,1.3816111092070318,1.6356959280301087,1.4545114959768295,1.6358244424082138,1.2973439112019145,0.9446535793866581,0.7914146053661557,0.6647238611744594,0.5515853641672185,0.47654088648771814,0.9998635649681091,0.0021645361557602882,1.0014907121658325,0.007892127148807049,1.001968502998352,0.007801508065313101,1.0009045600891113,0.010633096098899841,1.000792145729065,0.006552488077431917,1.0010251998901367,0.006400200538337231,1.0008163452148438,0.004598633851855993,1.0018131732940674,0.012074890546500683,1.0024410486221313,0.012251202017068863,1.0052354335784912,0.026340018957853317,1.005344033241272,0.026494430378079414,1.016256332397461,0.04595508426427841,1.0150139331817627,0.04681329429149628,1.0143169164657593,0.04250161722302437,1.0112991333007812,0.04230146482586861,1.0166845321655273,0.04972264543175697,1.014796495437622,0.05028603971004486,1.0199847221374512,0.055085234344005585,1.0190399885177612,0.052603673189878464,1.020325779914856,0.05715033784508705,1.019141674041748,0.05512368306517601,1.0175530910491943,0.05181831121444702,1.0164098739624023,0.047118477523326874,1.009098768234253,0.03334569185972214
890,1,4.751452803611756e-06,1.5195024013519287,8.227032297449508,2.5850312660168098,1.38525899738099,1.2896853388133485,1.6190654018752266,1.4170429006023646,1.5122709586189176,1.2054857529852319,0.9563249618939701,0.8496327898718758,0.6750147933013142,0.5258207143473987,0.4432212175114505,1.00009024143219,0.0015069219516590238,1.0015645027160645,0.008808227255940437,1.001988172531128,0.008294542320072651,1.0009406805038452,0.010966132394969463,1.0008264780044556,0.006917482241988182,1.001021146774292,0.0064079249277710915,1.0008081197738647,0.00413569575175643,1.0017619132995605,0.011266810819506645,1.0023434162139893,0.011387129314243793,1.0048773288726807,0.025023140013217926,1.0049222707748413,0.025060879066586494,1.0159106254577637,0.044216323643922806,1.0146548748016357,0.04478306695818901,1.0139347314834595,0.04002837464213371,1.010848045349121,0.039416681975126266,1.0161253213882446,0.04674466326832771,1.0141788721084595,0.04690084978938103,1.0196391344070435,0.05215246230363846,1.0185543298721313,0.04939825460314751,1.0197809934616089,0.054117146879434586,1.018782615661621,0.05249800160527229,1.0173472166061401,0.0495096892118454,1.0162824392318726,0.04555169865489006,1.0090761184692383,0.03150280565023422
910,1,4.751452803611756e-06,2.002502679824829,10.709339536992008,3.719856649127372,2.0599787336334034,2.0189687388059663,2.1575229391160295,1.7553066971588533,1.769121285311704,1.3172308465358407,1.1160674549917484,0.9437012493916823,0.7891126955721482,0.6647227310169895,0.588363217214913,0.9994989037513733,0.00210409052670002,1.0015771389007568,0.009040189906954765,1.0019949674606323,0.008471381850540638,1.0009946823120117,0.011138468980789185,1.0008467435836792,0.006713174283504486,1.0010894536972046,0.006407580338418484,1.0008760690689087,0.004579360596835613,1.0018919706344604,0.01221458986401558,1.002510666847229,0.012255705893039703,1.004998803138733,0.026257598772644997,1.0052331686019897,0.02631356194615364,1.0161978006362915,0.046061594039201736,1.0150086879730225,0.04698960483074188,1.0141767263412476,0.042298004031181335,1.0112500190734863,0.04192762076854706,1.0166445970535278,0.04881495609879494,1.014749526977539,0.049196757376194,1.0198802947998047,0.05375552177429199,1.0189781188964844,0.051303889602422714,1.0203286409378052,0.0557645820081234,1.019038200378418,0.05310853570699692,1.0172457695007324,0.04902738332748413,1.0162854194641113,0.044698312878608704,1.0091015100479126,0.030152874067425728
900,1,4.751452803611756e-06,2.994396686553955,8.56044127049187,2.4990720756951954,1.480680569300892,1.3822106446688474,1.6353688932072505,1.4559639522025765,1.6372852467605872,1.2992509519640745,0.9451266292632214,0.7921683876539897,0.6644987320367929,0.5512782367957446,0.47595963425155263,0.9998483061790466,0.0021662642247974873,1.0014729499816895,0.007904098369181156,1.0019338130950928,0.007718546316027641,1.0008742809295654,0.010596374049782753,1.0007820129394531,0.006549236364662647,1.00100576877594,0.00638135289773345,1.0008087158203125,0.004622147884219885,1.0017874240875244,0.012086596339941025,1.0024142265319824,0.012237105518579483,1.005192518234253,0.02628288045525551,1.0053224563598633,0.02646174654364586,1.0162346363067627,0.04594484344124794,1.015019416809082,0.046783991158008575,1.0143163204193115,0.042507775127887726,1.011291742324829,0.04227244481444359,1.0166914463043213,0.04967969283461571,1.014787197113037,0.05022594332695007,1.0200024843215942,0.055089496076107025,1.0190582275390625,0.052607178688049316,1.0203242301940918,0.05720975622534752,1.0191466808319092,0.0551505945622921,1.0175763368606567,0.05187814682722092,1.0164657831192017,0.04718797653913498,1.0090954303741455,0.03334125131368637
920,1,4.751452803611756e-06,4.120845794677734,9.410112769478726,2.8442066578107847,1.6041655719491132,1.527124188970141,1.7490676527018345,1.4667220956039422,1.501226366348006,1.1876350930880777,1.0210245609882833,0.8791294039556203,0.757484347739111,0.6181670872992168,0.5168325805256702,0.99955153465271,0.0026846181135624647,1.0013477802276611,0.00857637356966734,1.0017776489257812,0.008006533607840538,1.0008172988891602,0.010706414468586445,1.0006784200668335,0.006182958371937275,1.0009616613388062,0.00578674441203475,1.0006601810455322,0.004638597369194031,1.0016517639160156,0.011960217729210854,1.0022776126861572,0.011699050664901733,1.0045682191848755,0.02593076601624489,1.0048362016677856,0.02579151839017868,1.0160678625106812,0.04575738683342934,1.0149860382080078,0.04664521664381027,1.0140687227249146,0.041715193539857864,1.0111923217773438,0.04145096614956856,1.0165915489196777,0.04838088899850845,1.0146920680999756,0.04878789559006691,1.019900918006897,0.053362637758255005,1.0189266204833984,0.050831422209739685,1.0203129053115845,0.05531014874577522,1.019007921218872,0.05260861665010452,1.01723313331604,0.048458997160196304,1.0162501335144043,0.04381990432739258,1.0088821649551392,0.02843436785042286
910,1,4.751452803611756e-06,2.0069048404693604,10.696114757079023,3.716813953467575,2.0599428777914586,2.020361153582362,2.161522443840235,1.7579816625805103,1.77396332969712,1.3190037533737258,1.1181620043449634,0.9459578946182714,0.7899272268309747,0.6668643053597435,0.5895968637918646,0.9995021224021912,0.002106769708916545,1.0015616416931152,0.009063034318387508,1.0019632577896118,0.008396686986088753,1.0009682178497314,0.011097199283540249,1.000841498374939,0.006707876455038786,1.0010753870010376,0.006381779909133911,1.0008753538131714,0.004607074428349733,1.0018694400787354,0.012223812751471996,1.002488136291504,0.012241018004715443,1.0049550533294678,0.026202481240034103,1.005205750465393,0.026273630559444427,1.0161705017089844,0.04604208096861839,1.0150082111358643,0.04693969711661339,1.0141726732254028,0.042288828641176224,1.0112390518188477,0.04188791289925575,1.016648292541504,0.04876433312892914,1.014736294746399,0.049129385501146317,1.0198912620544434,0.053745076060295105,1.018991231918335,0.05129473656415939,1.0203272104263306,0.05582719296216965,1.0190422534942627,0.053136248141527176,1.0172669887542725,0.04909071326255798,1.0163416862487793,0.044787127524614334,1.0090945959091187,0.030161235481500626
930,1,4.751452803611756e-06,2.8525118827819824,10.244987741940243,3.3596227339157325,1.8270551594483386,1.7861887771991356,2.226049145724663,1.798930742070507,1.7752709524602848,1.3868903963120722,1.0628706788616467,0.9051106466515562,0.7102867494429995,0.5804570097017079,0.5001717428403504,1.000062108039856,0.0033792867325246334,1.00111985206604,0.007705450989305973,1.0015934705734253,0.007230267394334078,1.0006881952285767,0.009953400120139122,1.0006030797958374,0.00561441108584404,1.000933289527893,0.00520793441683054,1.0005513429641724,0.005295169539749622,1.0015281438827515,0.012517103925347328,1.0021343231201172,0.01176348514854908,1.004631519317627,0.026676120236516,1.0047717094421387,0.026136144995689392,1.0164402723312378,0.04645407572388649,1.0153634548187256,0.04742014780640602,1.0143672227859497,0.04236698895692825,1.0113835334777832,0.041979361325502396,1.0169579982757568,0.04923516511917114,1.0149296522140503,0.049500320106744766,1.020308256149292,0.05456187576055527,1.0192532539367676,0.051853470504283905,1.020808219909668,0.0570201613008976,1.0194143056869507,0.054049380123615265,1.017680048942566,0.050002146512269974,1.0165245532989502,0.04465306177735329,1.0091880559921265,0.029419437050819397
920,1,4.751452803611756e-06,4.106316566467285,9.40511084923772,2.8425805910136064,1.6024730958635525,1.5259624468631956,1.746937638836112,1.465672013082022,1.4997779900934598,1.1870983268696296,1.0196342790084114,0.87887214518391,0.7578045816268212,0.6186132605173607,0.5163294287394873,0.9995401501655579,0.0026991884224116802,1.0013293027877808,0.008598587475717068,1.001743197441101,0.007922027260065079,1.0007909536361694,0.010659794323146343,1.0006725788116455,0.006173347122967243,1.0009433031082153,0.005756288301199675,1.0006548166275024,0.00468365428969264,1.0016231536865234,0.01197087299078703,1.0022495985031128,0.011684381403028965,1.004533052444458,0.025872625410556793,1.0048154592514038,0.02575180120766163,1.016045093536377,0.04573478177189827,1.0149903297424316,0.04658283665776253,1.014065146446228,0.041703980416059494,1.0111825466156006,0.041413553059101105,1.016594409942627,0.048327960073947906,1.0146805047988892,0.04872240871191025,1.0199048519134521,0.0533408597111702,1.0189323425292969,0.05080036073923111,1.0203064680099487,0.05534825474023819,1.0190074443817139,0.05260385200381279,1.0172487497329712,0.04849063605070114,1.0163054466247559,0.043890830129384995,1.0088707208633423,0.0284049641340971
940,1,4.751452803611756e-06,3.887927293777466,10.02911809773511,2.994657880926109,1.7156350443367179,1.7161673248728706,1.9983162350025723,1.7616240159021388,1.9333276000249473,1.3823721282479358,1.1754388969771534,0.9511875788660402,0.7608684533038664,0.6889706309285306,0.5770603716158802,1.0002762079238892,0.002733817556872964,1.0013095140457153,0.008447932079434395,1.0017832517623901,0.00781086552888155,1.0007718801498413,0.010797591879963875,1.0006495714187622,0.006265720352530479,1.0009418725967407,0.006051849573850632,1.0005171298980713,0.005382954608649015,1.0015681982040405,0.013251395896077156,1.0021848678588867,0.012670685537159443,1.004938006401062,0.027877675369381905,1.004922866821289,0.02754015102982521,1.0169618129730225,0.0480293333530426,1.0157493352890015,0.04904479905962944,1.0145920515060425,0.0435805581510067,1.0114800930023193,0.043128326535224915,1.0172451734542847,0.05037451907992363,1.0151958465576172,0.05064106360077858,1.020479440689087,0.05535738170146942,1.0193216800689697,0.05243488401174545,1.0207922458648682,0.05724336579442024,1.0192534923553467,0.05365883186459541,1.01798677444458,0.05054432898759842,1.0164989233016968,0.04435572773218155,1.0090856552124023,0.028720717877149582
930,1,4.751452803611756e-06,2.847102165222168,10.269201458336829,3.370774411076645,1.8305646292856652,1.7906035421767195,2.232361083953887,1.8019866935849174,1.7762485476709204,1.38694382220081,1.0652813746538201,0.9071784426826801,0.71170182336973,0.581972650669821,0.5018378568378892,1.0000369548797607,0.0033655804581940174,1.001109004020691,0.007747102994471788,1.0015687942504883,0.007173377554863691,1.0006736516952515,0.009920242242515087,1.0006083250045776,0.005621120799332857,1.0009266138076782,0.005206683650612831,1.000557541847229,0.0053565907292068005,1.0015106201171875,0.012537643313407898,1.002118468284607,0.011767064221203327,1.0045928955078125,0.026624612510204315,1.0047478675842285,0.026101838797330856,1.016411304473877,0.04642833396792412,1.0153638124465942,0.04735766351222992,1.0143615007400513,0.04236374795436859,1.0113742351531982,0.0419580452144146,1.0169599056243896,0.04919619485735893,1.0149210691452026,0.04945192113518715,1.020309329032898,0.05454675480723381,1.0192564725875854,0.05182617902755737,1.0207945108413696,0.05703969672322273,1.0194083452224731,0.054024726152420044,1.0176891088485718,0.050009001046419144,1.0165750980377197,0.04470277950167656,1.0091772079467773,0.029370613396167755
950,1,4.751452803611756e-06,1.9771924018859863,10.937440230286185,2.979052677327812,1.7178472743814357,1.5788323002043512,2.184570364064545,1.864999589460099,1.721272088750575,1.2200019441299277,0.9820586575952465,0.9008266638311091,0.7338842377299254,0.5909615134083526,0.46672490507809,1.0003786087036133,0.0014838023344054818,1.0017625093460083,0.00914010126143694,1.0022696256637573,0.008962784893810749,1.0012866258621216,0.011395031586289406,1.0011706352233887,0.00682662520557642,1.001508355140686,0.0069524613209068775,1.0010229349136353,0.005852218251675367,1.0021049976348877,0.013849515467882156,1.0027114152908325,0.013385924510657787,1.0051079988479614,0.028798669576644897,1.0051391124725342,0.02857482060790062,1.0171388387680054,0.049234408885240555,1.0156811475753784,0.050304777920246124,1.0145225524902344,0.04495794698596001,1.0114113092422485,0.04468980059027672,1.0173225402832031,0.05183795839548111,1.015363335609436,0.05245039984583855,1.0208028554916382,0.057387638837099075,1.019768238067627,0.05482231825590134,1.021075963973999,0.05950794741511345,1.0196870565414429,0.05640479922294617,1.018668293952942,0.05408100783824921,1.01747727394104,0.04851171374320984,1.0096091032028198,0.03245532885193825
940,1,4.751452803611756e-06,3.8920159339904785,10.035790011122238,2.9998388287318343,1.7191613355535083,1.7201082981545504,2.0043444807500923,1.7651472173249418,1.9351434360945363,1.3842409694317026,1.1767868978729217,0.9526014081634874,0.7613636023921173,0.6902352129616951,0.5776234139747352,1.0002264976501465,0.0026985041331499815,1.001299500465393,0.008509240113198757,1.001760482788086,0.007777923718094826,1.0007587671279907,0.010787270963191986,1.0006558895111084,0.006293507292866707,1.0009347200393677,0.006060650106519461,1.0005242824554443,0.005436555482447147,1.0015525817871094,0.01325784157961607,1.0021705627441406,0.012670314870774746,1.0048909187316895,0.02781444415450096,1.0048948526382446,0.02749662846326828,1.016926646232605,0.04799467697739601,1.0157485008239746,0.04898351430892944,1.014586329460144,0.04357796907424927,1.0114705562591553,0.043110139667987823,1.0172474384307861,0.05034725368022919,1.0151909589767456,0.05060529336333275,1.0204840898513794,0.05535421893000603,1.0193283557891846,0.05242098122835159,1.0207773447036743,0.05726839601993561,1.019248604774475,0.05364614725112915,1.0180001258850098,0.05056895315647125,1.0165539979934692,0.04443836957216263,1.009079098701477,0.02872028388082981
960,1,4.751452803611756e-06,2.129124164581299,8.384706635019738,2.830067077905886,1.5010333672764884,1.4703288179008251,1.7251929949564215,1.4237344760580113,1.35971750235676,1.043760005067418,0.9740972245256897,0.8288858958193848,0.6596998734261963,0.49260789584421955,0.509283658008264,1.0007542371749878,0.0015672487206757069,1.0021926164627075,0.010362881235778332,1.002703309059143,0.010096922516822815,1.0016677379608154,0.012367678806185722,1.0015509128570557,0.007884043268859386,1.001860499382019,0.00786577444523573,1.001281499862671,0.006185737904161215,1.0023550987243652,0.01414729654788971,1.0029411315917969,0.013929413631558418,1.0056461095809937,0.029723774641752243,1.005778193473816,0.02990955300629139,1.0175845623016357,0.050857529044151306,1.0159351825714111,0.052336353808641434,1.014494776725769,0.046715814620256424,1.0113904476165771,0.04655713215470314,1.017379641532898,0.05352809652686119,1.0155599117279053,0.05464078485965729,1.0210474729537964,0.059564076364040375,1.0202182531356812,0.057774145156145096,1.0214589834213257,0.06277261674404144,1.0201460123062134,0.06036411225795746,1.0192534923553467,0.05853100121021271,1.0181524753570557,0.05264914035797119,1.010111689567566,0.03750806674361229
950,1,4.751452803611756e-06,1.9764275550842285,11.001787662412713,3.0043651624825674,1.730962267483852,1.590801460252444,2.20104960879974,1.8761878750910694,1.728656635603539,1.2247829713683571,0.9855704332676585,0.9032463995572344,0.7346823462944355,0.5915676106650563,0.4675923590052744,1.0003178119659424,0.001401105197146535,1.001753568649292,0.009207711555063725,1.0022494792938232,0.008938301354646683,1.0012741088867188,0.011398938484489918,1.0011759996414185,0.006859241984784603,1.0014992952346802,0.006953763775527477,1.00102961063385,0.005870278924703598,1.0020883083343506,0.013822020031511784,1.0026952028274536,0.013365056365728378,1.005058765411377,0.028704863041639328,1.0051121711730957,0.028516821563243866,1.0170978307724,0.04918228089809418,1.0156738758087158,0.050229139626026154,1.0145145654678345,0.04493911936879158,1.0113999843597412,0.0446510873734951,1.0173227787017822,0.05179344490170479,1.0153579711914062,0.05239815637469292,1.0208044052124023,0.05735866352915764,1.0197722911834717,0.05477919429540634,1.021055817604065,0.059499356895685196,1.0196810960769653,0.05635379999876022,1.018676996231079,0.05405329540371895,1.0175268650054932,0.04855334013700485,1.009610652923584,0.03243577852845192
970,1,4.751452803611756e-06,1.5693764686584473,8.057940919459776,2.308964447190488,1.3432334459028088,1.327786473824423,1.563156157067848,1.3396310397021471,1.2937661255618191,0.9910857518029444,0.84367951651136,0.7281114534376352,0.5957456490855141,0.48512523033118216,0.4397389823198929,1.0012154579162598,0.004596355836838484,1.0032140016555786,0.013476954773068428,1.0037081241607666,0.013277322985231876,1.0026715993881226,0.014797323383390903,1.0025535821914673,0.010683182626962662,1.0028332471847534,0.01051281113177538,1.0022966861724854,0.007851740345358849,1.0034435987472534,0.015515772625803947,1.0040080547332764,0.01571715623140335,1.005985975265503,0.03148655593395233,1.0062005519866943,0.03220994397997856,1.0176893472671509,0.05282190442085266,1.015848994255066,0.05451169237494469,1.0143498182296753,0.04862712323665619,1.0112087726593018,0.04828355461359024,1.0174925327301025,0.05545530095696449,1.0156327486038208,0.05656515806913376,1.021314263343811,0.06179540976881981,1.020460605621338,0.06018901616334915,1.0216752290725708,0.06487924605607986,1.0203453302383423,0.062431059777736664,1.0195649862289429,0.06073635444045067,1.0183460712432861,0.05431462824344635,1.0107070207595825,0.040192700922489166
960,1,4.751452803611756e-06,2.138615131378174,8.407732627606697,2.8362931114841956,1.5039313453647418,1.473803721815234,1.7282921602934411,1.425347839772009,1.3619603240989826,1.045559149048511,0.9761701909579642,0.8302281051002015,0.6604694786585599,0.4939927719856561,0.5097429841877101,1.000698447227478,0.0014635525876656175,1.0021802186965942,0.01041177473962307,1.0026792287826538,0.010060874745249748,1.0016510486602783,0.012365134432911873,1.001550555229187,0.00790558010339737,1.001842975616455,0.007844210602343082,1.0012813806533813,0.006180146709084511,1.0023332834243774,0.014097979292273521,1.0029151439666748,0.01388875674456358,1.005597472190857,0.029607899487018585,1.0057505369186401,0.029834534972906113,1.0175392627716064,0.05079445615410805,1.0159248113632202,0.05225083976984024,1.0144881010055542,0.04668869078159332,1.011377215385437,0.046498965471982956,1.0173799991607666,0.053466878831386566,1.0155565738677979,0.05457383766770363,1.0210474729537964,0.059512894600629807,1.0202202796936035,0.05771109461784363,1.0214365720748901,0.062737375497818,1.0201419591903687,0.060294948518276215,1.0192646980285645,0.058472249656915665,1.0182017087936401,0.0526716411113739,1.010114073753357,0.03746006637811661
980,1,4.751452803611756e-06,2.642225742340088,8.627169346075574,2.8018423806200317,1.5762233853090597,1.539702288395674,1.6715557028269756,1.4029196179483818,1.350657084780448,0.9796405488062312,0.8601005742275325,0.7231983504266651,0.6162517588535332,0.5110752242033022,0.402813059747463,1.0011520385742188,0.0041044484823942184,1.0033116340637207,0.01368239801377058,1.0038280487060547,0.013803919777274132,1.0029537677764893,0.014989158138632774,1.002893090248108,0.011142516508698463,1.003279685974121,0.011277717538177967,1.002720832824707,0.009095556102693081,1.0038660764694214,0.01627933420240879,1.004440188407898,0.01649133674800396,1.0065879821777344,0.032455116510391235,1.0069937705993652,0.03364357352256775,1.0176903009414673,0.054895609617233276,1.0158611536026,0.05686317756772041,1.014527440071106,0.05164211615920067,1.0114473104476929,0.05171249434351921,1.0178072452545166,0.05908523499965668,1.0158520936965942,0.06043316051363945,1.0216058492660522,0.06558011472225189,1.0206043720245361,0.06402512639760971,1.0218936204910278,0.06857825070619583,1.0204707384109497,0.06616886705160141,1.0199394226074219,0.06503720581531525,1.0185561180114746,0.0579926036298275,1.0112576484680176,0.04577507823705673
970,1,4.751452803611756e-06,1.5740900039672852,8.057288821984287,2.301944089014331,1.3386797847357965,1.3237989170994824,1.5573398803726832,1.3344998591465898,1.291223323122254,0.988648270758887,0.8415240040194945,0.7262360024351284,0.593927621768645,0.4834584000442314,0.43871328405374077,1.001212477684021,0.0045507848262786865,1.0031930208206177,0.013486049138009548,1.003675103187561,0.013208216056227684,1.0026466846466064,0.014760644175112247,1.002543330192566,0.010668458417057991,1.0028071403503418,0.010455172508955002,1.0022835731506348,0.0078114792704582214,1.0034106969833374,0.015449061058461666,1.0039691925048828,0.01565694995224476,1.0059270858764648,0.03135877475142479,1.0061591863632202,0.03214241564273834,1.0176554918289185,0.05278417840600014,1.0158499479293823,0.05445826053619385,1.014353632926941,0.0486452691257,1.0112054347991943,0.048271358013153076,1.0175013542175293,0.05543212592601776,1.0156394243240356,0.05654322728514671,1.021321177482605,0.061784785240888596,1.0204658508300781,0.060175858438014984,1.0216552019119263,0.06488405913114548,1.0203479528427124,0.06240600347518921,1.0195814371109009,0.060710448771715164,1.0183961391448975,0.054363913834095,1.0107070207595825,0.0401858389377594
990,1,4.751452803611756e-06,2.5103859901428223,8.357677778345131,2.4037143447067724,1.4900388779736495,1.400509771522517,1.5985564188736814,1.4153702963875678,1.4024477255545158,1.0559896026822546,0.9571831119406004,0.7364278893664828,0.6304927537687021,0.4940899128532536,0.5191998387911194,1.0011404752731323,0.003955814056098461,1.0033981800079346,0.014172242023050785,1.003890037536621,0.014639909379184246,1.0030813217163086,0.015484334900975227,1.003036379814148,0.011809814721345901,1.0034213066101074,0.011703146621584892,1.0028847455978394,0.009514332748949528,1.0040349960327148,0.016567835584282875,1.004475712776184,0.01644018106162548,1.0066508054733276,0.03215339407324791,1.0071412324905396,0.03374342992901802,1.0172922611236572,0.05459607020020485,1.0156526565551758,0.0566108338534832,1.014454960823059,0.05156075954437256,1.0113351345062256,0.051702409982681274,1.0177621841430664,0.05926213786005974,1.015746831893921,0.06076023727655411,1.0214154720306396,0.06567350775003433,1.020262598991394,0.06418067961931229,1.0218536853790283,0.06898123770952225,1.0202759504318237,0.06658877432346344,1.0198699235916138,0.06580711901187897,1.0185160636901855,0.059672001749277115,1.011765956878662,0.04927399754524231
980,1,4.751452803611756e-06,2.641852855682373,8.66176769134881,2.8183630964847457,1.584311851603318,1.5470356885419407,1.6796898048463555,1.4095289501830468,1.3565446060217548,0.9830606766783144,0.8624736327298789,0.7246903716390901,0.617431491659011,0.5116868992483418,0.40339231612584475,1.001145362854004,0.004070088732987642,1.003279209136963,0.013649732805788517,1.0037825107574463,0.013690712861716747,1.0029151439666748,0.014916464686393738,1.0028681755065918,0.011084629222750664,1.0032387971878052,0.011171332560479641,1.0026887655258179,0.009011141024529934,1.0038143396377563,0.016177158802747726,1.004387378692627,0.016397111117839813,1.0065088272094727,0.03229488059878349,1.0069366693496704,0.03354768827557564,1.017662525177002,0.054826848208904266,1.0158672332763672,0.05677703022956848,1.0145342350006104,0.05162884294986725,1.011443853378296,0.05166909098625183,1.0178143978118896,0.05902237072587013,1.0158562660217285,0.06037072837352753,1.021607756614685,0.06553052365779877,1.020605444908142,0.06399110704660416,1.021870732307434,0.06856920570135117,1.020473599433899,0.06612610071897507,1.0199565887451172,0.0649891346693039,1.0186110734939575,0.05803307145833969,1.0112550258636475,0.04574458301067352
1000,1,4.751452803611756e-06,3.3545045852661133,9.888620378980502,2.5888627189685534,1.5756044748133504,1.5662373179248426,1.8381708752667079,1.6317764342504002,1.614208173318552,1.2893439333531285,1.0722010007840008,0.8719669722613781,0.6982238621392941,0.5998327522866289,0.48555331868462404,1.0005532503128052,0.001956248190253973,1.0028668642044067,0.01229324284940958,1.003402829170227,0.013311238959431648,1.0026869773864746,0.014128077775239944,1.0026869773864746,0.01034096535295248,1.0031547546386719,0.010601163841784,1.0025469064712524,0.008976314216852188,1.003648042678833,0.01603170670568943,1.0040640830993652,0.015597069635987282,1.0062488317489624,0.03161807730793953,1.0068713426589966,0.03313147649168968,1.0172529220581055,0.05448423698544502,1.0158321857452393,0.05662056803703308,1.0145989656448364,0.05209539085626602,1.0114681720733643,0.05241277813911438,1.017991304397583,0.060333557426929474,1.015883445739746,0.061933405697345734,1.0217243432998657,0.06708262860774994,1.0204561948776245,0.06548657268285751,1.0222593545913696,0.07091750204563141,1.020432710647583,0.06809414178133011,1.020486831665039,0.06857837736606598,1.0189791917800903,0.06303194165229797,1.0124547481536865,0.05268757790327072
990,1,4.751452803611756e-06,2.507946014404297,8.331496545864571,2.4010835098938106,1.4873119276464462,1.3982143001046605,1.5971349937558752,1.4134493114389253,1.4007870352778706,1.0550583194060275,0.9562241455410654,0.7360760844517288,0.6299496196281988,0.4943555565047507,0.5202560927172825,1.0011320114135742,0.003925014287233353,1.0033574104309082,0.014107677154242992,1.003836750984192,0.014503266662359238,1.0030372142791748,0.015390903688967228,1.0030063390731812,0.011730421334505081,1.0033715963363647,0.011564215645194054,1.0028399229049683,0.009402493014931679,1.003970980644226,0.016454987227916718,1.0044176578521729,0.01633561961352825,1.0065616369247437,0.03199215978384018,1.0070757865905762,0.03364669904112816,1.0172789096832275,0.05452871322631836,1.0156704187393188,0.056528929620981216,1.0144681930541992,0.05155191197991371,1.0113329887390137,0.05165577307343483,1.0177688598632812,0.05918410047888756,1.0157523155212402,0.06069030985236168,1.021414875984192,0.06560730934143066,1.0202618837356567,0.06414593011140823,1.021829605102539,0.06896413862705231,1.0202800035476685,0.0665367916226387,1.0198826789855957,0.06574323773384094,1.018569827079773,0.05968261510133743,1.0117592811584473,0.049208275973796844
1010,1,4.751452803611756e-06,3.1011977195739746,12.097991010213503,3.027163341487266,1.5371557019025661,1.5378703730280934,1.808244747281769,1.5286952234235196,1.4780759450252692,1.116394119823252,0.8901383783848497,0.776046568939776,0.6164092194471227,0.5452818521280934,0.45201902832342844,1.0006805658340454,0.0015840482665225863,1.0024995803833008,0.011379324831068516,1.0030248165130615,0.01187710091471672,1.0022802352905273,0.01306698378175497,1.0022248029708862,0.008572984486818314,1.0027247667312622,0.009298304095864296,1.002208948135376,0.008632265962660313,1.0032931566238403,0.016392115503549576,1.0037176609039307,0.015923436731100082,1.0059127807617188,0.03253624215722084,1.0066006183624268,0.03418884798884392,1.0179427862167358,0.05562680587172508,1.016440510749817,0.058203134685754776,1.015119194984436,0.05407926067709923,1.0120357275009155,0.054906100034713745,1.0185065269470215,0.06278159469366074,1.0164138078689575,0.06463261693716049,1.0222071409225464,0.06958930194377899,1.0209907293319702,0.06804953515529633,1.0227458477020264,0.07354769110679626,1.0208399295806885,0.07061183452606201,1.0210082530975342,0.07130749523639679,1.0193543434143066,0.06546962261199951,1.0130032300949097,0.05323974788188934
1000,1,4.751452803611756e-06,3.349843978881836,9.84162080881514,2.5860960614078343,1.5741448965818556,1.563007622071792,1.8369889933363037,1.6300054493176572,1.611801912252828,1.287978657329494,1.0719431432309618,0.8708152785442019,0.6983543299176419,0.5998062336372237,0.48606303692475644,1.0005483627319336,0.0019419058226048946,1.0028311014175415,0.012243369594216347,1.0033525228500366,0.013184971176087856,1.0026500225067139,0.014051510952413082,1.002663254737854,0.01027531735599041,1.0031111240386963,0.010474690236151218,1.0025107860565186,0.008895747363567352,1.0035932064056396,0.01593874767422676,1.0040161609649658,0.015513562597334385,1.0061705112457275,0.03146900236606598,1.006812572479248,0.03304379805922508,1.0172395706176758,0.054417382925748825,1.0158497095108032,0.0565323643386364,1.0146106481552124,0.052080780267715454,1.0114643573760986,0.05235885828733444,1.0179979801177979,0.060239795595407486,1.0158882141113281,0.061844613403081894,1.0217268466949463,0.06700681149959564,1.02045738697052,0.06543931365013123,1.0222376585006714,0.07087942212820053,1.020436406135559,0.0680072158575058,1.020493745803833,0.06848134845495224,1.0190309286117554,0.06300436705350876,1.0123847723007202,0.05260518193244934
1020,1,4.751452803611756e-06,3.0957584381103516,9.817043257988137,2.610970631359127,1.477490144048914,1.4070949218146933,1.8396266514752948,1.5786851107973041,1.5299780927512974,1.0598786287849191,0.9209036027262955,0.7722094026085813,0.6107110948368878,0.52272534033092,0.44815938178149367,1.0006763935089111,0.0015747431898489594,1.0024973154067993,0.011311925947666168,1.0029937028884888,0.012200566940009594,1.0021506547927856,0.013471841812133789,1.0020203590393066,0.008328552357852459,1.002502679824829,0.00876416265964508,1.002031922340393,0.007824747823178768,1.0030981302261353,0.015464281663298607,1.0034959316253662,0.014756448566913605,1.0055898427963257,0.03103822097182274,1.005977749824524,0.032339926809072495,1.0177456140518188,0.05328274890780449,1.0160541534423828,0.055424291640520096,1.015002965927124,0.05115382373332977,1.011865496635437,0.0518033467233181,1.018385410308838,0.059636082500219345,1.0163077116012573,0.06132817640900612,1.0222141742706299,0.0664239153265953,1.0210254192352295,0.06443920731544495,1.0224528312683105,0.06946158409118652,1.020524501800537,0.06612472236156464,1.0208247900009155,0.06708542257547379,1.0191872119903564,0.061476726084947586,1.0119786262512207,0.04911656677722931
1010,1,4.751452803611756e-06,3.0987234115600586,12.069427185135776,3.0247696758787983,1.534104478613883,1.5342031391922297,1.8048006175915174,1.5273197427538192,1.4781660349524004,1.1150181221974846,0.8899651072264836,0.7759507745785477,0.6172633885384113,0.5458872083091023,0.4522376167846385,1.000673532485962,0.0015722134849056602,1.0024651288986206,0.011337078176438808,1.0029734373092651,0.011758738197386265,1.0022470951080322,0.01300758495926857,1.0022032260894775,0.008516901172697544,1.0026860237121582,0.009187565185129642,1.002181887626648,0.008581412024796009,1.0032461881637573,0.016308892518281937,1.0036793947219849,0.015862001106142998,1.0058435201644897,0.03238741680979729,1.006547451019287,0.034104105085134506,1.0179256200790405,0.05554862692952156,1.0164538621902466,0.05809091404080391,1.0151277780532837,0.05404600128531456,1.0120294094085693,0.05482691153883934,1.0185081958770752,0.06266152113676071,1.0164152383804321,0.0645146369934082,1.0222103595733643,0.06948816776275635,1.020992636680603,0.0679677352309227,1.0227222442626953,0.07346322387456894,1.0208383798599243,0.07047714293003082,1.0210072994232178,0.07115743309259415,1.0193982124328613,0.06536918878555298,1.0129115581512451,0.05310380458831787
1030,1,4.751452803611756e-06,2.543083906173706,9.818656903938264,3.775058685331406,1.777066749429316,1.6826913002393886,2.004712750653689,1.6668355932566288,1.5260687716206491,1.1344584913971778,0.9885488963415316,0.7969610796602986,0.670436017769858,0.5341991984129137,0.49848357058504256,1.000833511352539,0.002251327969133854,1.0026657581329346,0.011840885505080223,1.0031505823135376,0.012492557987570763,1.0021635293960571,0.014063538052141666,1.0019453763961792,0.008301070891320705,1.002405047416687,0.008953181095421314,1.0019761323928833,0.007588258944451809,1.0030827522277832,0.015840480104088783,1.003553032875061,0.015126018784940243,1.0056076049804688,0.031145812943577766,1.0058902502059937,0.03237580880522728,1.0179660320281982,0.053369954228401184,1.0163025856018066,0.055394142866134644,1.0150277614593506,0.05106188729405403,1.0118690729141235,0.05167500674724579,1.0182976722717285,0.05940629914402962,1.0163064002990723,0.06119035184383392,1.0223290920257568,0.06647437065839767,1.021144986152649,0.06431158632040024,1.022498607635498,0.06901354342699051,1.0206116437911987,0.06564266979694366,1.020934820175171,0.06649232655763626,1.0194236040115356,0.0612017922103405,1.0115268230438232,0.04682888835668564
1020,1,4.751452803611756e-06,3.0959577560424805,9.80851781983633,2.597710343271967,1.4745794000721126,1.4050011717664244,1.834472589886882,1.5769274476127484,1.5260814600435477,1.0582506210734348,0.9192668823437584,0.7714504348824047,0.6098928555058817,0.522127873650269,0.44792096862791714,1.0006766319274902,0.001579197822138667,1.002463698387146,0.011263018473982811,1.0029433965682983,0.012083257548511028,1.0021215677261353,0.01341073028743267,1.002001166343689,0.008272009901702404,1.0024689435958862,0.008656417950987816,1.0020129680633545,0.007787340320646763,1.003059983253479,0.01539943553507328,1.0034691095352173,0.014721689745783806,1.0055339336395264,0.03091714344918728,1.005937099456787,0.03228867053985596,1.017732858657837,0.053227849304676056,1.0160712003707886,0.055341318249702454,1.0150164365768433,0.051164742559194565,1.0118660926818848,0.05176320672035217,1.0183894634246826,0.05955413356423378,1.0163122415542603,0.061252765357494354,1.0222233533859253,0.06636950373649597,1.0210328102111816,0.06439381837844849,1.0224312543869019,0.0694047138094902,1.0205248594284058,0.06602055579423904,1.020825982093811,0.06697219610214233,1.0192290544509888,0.061393920332193375,1.0119699239730835,0.04900450259447098
1040,1,4.751452803611756e-06,3.3061718940734863,11.131159090793924,4.006172457681884,2.053025077481376,1.9521797280275188,2.135027583839221,1.8970303642364297,1.991808527373842,1.3651024616961835,1.2467684835820285,1.0815280237424003,0.8263865718429809,0.6411151728889061,0.511233215670875,1.000730276107788,0.001594651723280549,1.0020513534545898,0.010293563827872276,1.0025148391723633,0.010901420377194881,1.0014244318008423,0.01314920000731945,1.001198649406433,0.007049012929201126,1.00160813331604,0.0073816473595798016,1.0011096000671387,0.0062136417254805565,1.0022220611572266,0.015345071442425251,1.0026683807373047,0.0138980932533741,1.0053313970565796,0.03032994270324707,1.0058552026748657,0.03124285116791725,1.0182546377182007,0.05278821662068367,1.0167173147201538,0.05465630814433098,1.0151649713516235,0.05031292885541916,1.011886715888977,0.051123153418302536,1.0182709693908691,0.059069205075502396,1.016348958015442,0.061123620718717575,1.0224699974060059,0.06687252223491669,1.02125084400177,0.06483736634254456,1.022585153579712,0.06963448971509933,1.0208783149719238,0.06663230806589127,1.0211247205734253,0.0673452764749527,1.019531488418579,0.061870355159044266,1.0114694833755493,0.047092538326978683
1030,1,4.751452803611756e-06,2.539092540740967,9.823937394608082,3.7839183194437105,1.7788599503985676,1.682653913090903,2.000798236912214,1.6629068342776063,1.523216438325031,1.1322643480853425,0.9868672695314964,0.7963976376791685,0.6696050913532963,0.5338170263570773,0.49706670535016,1.0008420944213867,0.0022479372564703226,1.002618432044983,0.011749820783734322,1.0030900239944458,0.012340119108557701,1.0021191835403442,0.01397502701729536,1.00191068649292,0.00820965226739645,1.0023589134216309,0.008816546760499477,1.0019437074661255,0.007522466592490673,1.003029704093933,0.015750320628285408,1.0035120248794556,0.015069791115820408,1.0055384635925293,0.03100174106657505,1.005837082862854,0.032309748232364655,1.017958402633667,0.05329974368214607,1.0163254737854004,0.05529669299721718,1.0150429010391235,0.0510539710521698,1.0118709802627563,0.0516137033700943,1.0183005332946777,0.05930282175540924,1.0163086652755737,0.061105240136384964,1.0223382711410522,0.06641247123479843,1.0211535692214966,0.06426207721233368,1.0224766731262207,0.06894958764314651,1.0206125974655151,0.06553981453180313,1.0209414958953857,0.06639712303876877,1.019469976425171,0.061143748462200165,1.0115207433700562,0.046720992773771286
1050,1,4.751452803611756e-06,2.2762298583984375,8.292163573752356,2.519540832317137,1.376795097039245,1.2721500112923851,1.5711181405681458,1.4105781107776372,1.3192298678986152,1.079185620035721,0.8370146990649961,0.7182740350290059,0.5869791219445329,0.5007716676797851,0.4147343374381985,1.0007869005203247,0.0037080186884850264,1.0013114213943481,0.008242711424827576,1.001802682876587,0.008506063371896744,1.000678539276123,0.011855633929371834,1.0004723072052002,0.005888039246201515,1.000882625579834,0.007130262441933155,1.0007495880126953,0.00736345024779439,1.0014742612838745,0.016890348866581917,1.001868486404419,0.01505865529179573,1.0062330961227417,0.03201613202691078,1.0066685676574707,0.033303696662187576,1.0191932916641235,0.05527108907699585,1.0177044868469238,0.057730838656425476,1.0159252882003784,0.053783804178237915,1.0125632286071777,0.054952770471572876,1.019017219543457,0.06338458508253098,1.0171974897384644,0.06586264073848724,1.023379921913147,0.07168084383010864,1.0220781564712524,0.06970282644033432,1.0234876871109009,0.07483106106519699,1.0217111110687256,0.07202564924955368,1.0219287872314453,0.07273893058300018,1.0201897621154785,0.06668627262115479,1.0125256776809692,0.05075965076684952
1040,1,4.751452803611756e-06,3.3132474422454834,11.211267531468836,4.022229653182917,2.0656741913533203,1.9637833929938282,2.1416133149956758,1.8997867418383552,1.994679910146013,1.3693729578238267,1.2524910869988966,1.0864237884037085,0.82966199173975,0.6429689360957636,0.5129741499954057,1.000741958618164,0.0016247447347268462,1.0020086765289307,0.010209702886641026,1.0024619102478027,0.010763275437057018,1.0013834238052368,0.013076321221888065,1.0011696815490723,0.0069856587797403336,1.001568078994751,0.0072760856710374355,1.0010842084884644,0.006200438365340233,1.0021743774414062,0.015279247425496578,1.0026357173919678,0.013879752717912197,1.00532066822052,0.030215846374630928,1.0058625936508179,0.03121034987270832,1.0182441473007202,0.05274287611246109,1.016744613647461,0.0545845627784729,1.0151796340942383,0.05031784623861313,1.01189124584198,0.05107904225587845,1.0182743072509766,0.05898403748869896,1.0163484811782837,0.06106233596801758,1.0224764347076416,0.06682261824607849,1.021257758140564,0.06481403112411499,1.0225611925125122,0.06958508491516113,1.0208799839019775,0.0665515661239624,1.021131157875061,0.06726113706827164,1.0195773839950562,0.06182095780968666,1.0114651918411255,0.046989668160676956
1060,1,4.751452803611756e-06,1.9224002361297607,8.142276407586644,2.677040387299775,1.3625206228051583,1.3629560788654154,1.6730805353114742,1.4779591952554965,1.3307667449863239,1.1784246947586698,0.9733687791784154,0.8028339283734572,0.6336676772813638,0.5091948323866037,0.4514485742168802,1.0007858276367188,0.005936824716627598,1.0006158351898193,0.007086010184139013,1.0011005401611328,0.0071348645724356174,1.0000197887420654,0.011044132523238659,0.9998430013656616,0.005351249594241381,1.0002930164337158,0.006566639523953199,1.00093674659729,0.007652404718101025,1.0008128881454468,0.01685411110520363,1.0011898279190063,0.01477209385484457,1.006595492362976,0.03224130719900131,1.0069736242294312,0.03373606503009796,1.019814372062683,0.05609253793954849,1.0181564092636108,0.058513566851615906,1.0163729190826416,0.05479028820991516,1.012992024421692,0.055836308747529984,1.0195585489273071,0.06462310254573822,1.0177165269851685,0.06700154393911362,1.0239489078521729,0.073008693754673,1.0225733518600464,0.0709153488278389,1.024164080619812,0.07658498734235764,1.0221478939056396,0.07329025119543076,1.0220381021499634,0.07314188778400421,1.0201867818832397,0.0667492151260376,1.0125465393066406,0.050712477415800095
1050,1,4.751452803611756e-06,2.2766451835632324,8.271014586916646,2.512149320137888,1.3731984522784464,1.2697615100275885,1.5659945741568324,1.4079495352578175,1.3167086604369735,1.0772130972088036,0.8359513021289083,0.717070397767608,0.5863155579266034,0.5003467597581768,0.41438865545892395,1.000809907913208,0.0037211724556982517,1.0012773275375366,0.008179917000234127,1.0017553567886353,0.008392776362597942,1.0006380081176758,0.01181795448064804,1.0004466772079468,0.005872593726962805,1.0008436441421509,0.007082030177116394,1.000754714012146,0.007398111280053854,1.0014255046844482,0.016845183447003365,1.001835584640503,0.015066487714648247,1.0062212944030762,0.031922779977321625,1.0066777467727661,0.0332862064242363,1.0191789865493774,0.0552356019616127,1.0177372694015503,0.05765950679779053,1.0159403085708618,0.05378295108675957,1.0125696659088135,0.05490845441818237,1.01902174949646,0.06329947710037231,1.017195701599121,0.06580914556980133,1.0233851671218872,0.0716392770409584,1.0220842361450195,0.06969158351421356,1.023460865020752,0.07477997243404388,1.0217148065567017,0.07196086645126343,1.0219367742538452,0.07266127318143845,1.0202404260635376,0.06664514541625977,1.012445330619812,0.05065228417515755
1070,1,4.751452803611756e-06,2.7222108840942383,10.974563783550858,3.8353032738097212,2.1185199068525127,2.0509436566487675,2.327589011870011,1.8501073317757297,1.735548841352495,1.3523745114287904,1.1572501631911751,0.9972848568555751,0.7555353813664526,0.6963109631344646,0.5075306784263534,1.0004245042800903,0.00525366747751832,1.0009291172027588,0.007146759890019894,1.0015026330947876,0.007390754763036966,1.000370979309082,0.011028544045984745,1.000219464302063,0.005339527036994696,1.0006605386734009,0.006760092452168465,1.0009723901748657,0.007964874617755413,1.0012062788009644,0.01760249212384224,1.001570463180542,0.01578369550406933,1.0067732334136963,0.03384590148925781,1.0071649551391602,0.035653065890073776,1.0201739072799683,0.05870828032493591,1.0185641050338745,0.06185174360871315,1.016879916191101,0.058877069503068924,1.0136057138442993,0.060261014848947525,1.0200674533843994,0.06882309913635254,1.0180728435516357,0.07124099880456924,1.0245234966278076,0.07743948698043823,1.0230927467346191,0.07550618052482605,1.0248593091964722,0.08145888894796371,1.0227497816085815,0.07827085256576538,1.0228146314620972,0.0784468948841095,1.0206488370895386,0.07147208601236343,1.014357328414917,0.05641328543424606
1060,1,4.751452803611756e-06,1.9200981855392456,8.1341148570955,2.67389052802678,1.3598321121319144,1.3601325154093336,1.6710705073105199,1.4764769844462198,1.330309959851987,1.1803898876310162,0.9741832878501178,0.8033488425989275,0.6342280026396847,0.5094347704932404,0.45216466634084623,1.0008080005645752,0.005932832136750221,1.0005861520767212,0.007049094885587692,1.0010555982589722,0.007046915125101805,0.9999765753746033,0.011032948270440102,0.9998153448104858,0.005371468141674995,1.000303030014038,0.006550596095621586,1.000943899154663,0.0077093723230063915,1.0007585287094116,0.016815854236483574,1.0011473894119263,0.014781526289880276,1.0065861940383911,0.03213061764836311,1.006986379623413,0.03369699418544769,1.0197947025299072,0.05602554604411125,1.018184781074524,0.05840044468641281,1.0163800716400146,0.0547262467443943,1.0129872560501099,0.05573580786585808,1.0195521116256714,0.0644742026925087,1.0177031755447388,0.06688407808542252,1.0239442586898804,0.072910837829113,1.0225725173950195,0.07085353881120682,1.0241247415542603,0.07646511495113373,1.0221437215805054,0.0731692984700203,1.0220403671264648,0.07301592826843262,1.0202341079711914,0.06668628007173538,1.0124582052230835,0.050592340528964996
1080,1,4.751452803611756e-06,3.8875420093536377,10.281229215237444,3.0304216863784323,1.7483644539425909,1.6720397708489498,2.0178180112006197,1.810502825181926,1.7441167229317307,1.4046355522247849,1.140494690869833,0.9616941470440225,0.7370542111779822,0.6654742495594023,0.6116116447176978,1.0006364583969116,0.006258179899305105,1.0006331205368042,0.0065909866243600845,1.0012304782867432,0.007227905560284853,0.9999047517776489,0.011442693881690502,0.9997119307518005,0.005729051306843758,1.000127911567688,0.006381375715136528,1.000673770904541,0.007626784034073353,1.0007290840148926,0.017083128914237022,1.0010061264038086,0.015165562741458416,1.0065373182296753,0.033521607518196106,1.006906270980835,0.035061147063970566,1.0202678442001343,0.05861367657780647,1.0185645818710327,0.06169368326663971,1.0172250270843506,0.05919557064771652,1.0140528678894043,0.06083684787154198,1.0204646587371826,0.06948616355657578,1.018328309059143,0.07196000218391418,1.0249395370483398,0.07898250967264175,1.0233467817306519,0.07732784003019333,1.025399088859558,0.08421404659748077,1.02324640750885,0.08127381652593613,1.0233105421066284,0.08185111731290817,1.0210514068603516,0.07492165267467499,1.015548586845398,0.060698002576828
1070,1,4.751452803611756e-06,2.724567413330078,10.958122652793374,3.8406931160240134,2.123219660132857,2.0551957399579117,2.33285315513282,1.8551964664395595,1.7387697155833381,1.3545301787856818,1.1590263023983502,0.9983781506246834,0.7563999956617901,0.697449166124476,0.5078958474970797,1.000427007675171,0.0052279275842010975,1.0009092092514038,0.0071236067451536655,1.001464605331421,0.007307651452720165,1.0003360509872437,0.01100839115679264,1.0002026557922363,0.005336683243513107,1.0006294250488281,0.006725960411131382,1.0009845495224,0.007997955195605755,1.001163363456726,0.017551586031913757,1.0015379190444946,0.015784991905093193,1.0067684650421143,0.03371928632259369,1.0071831941604614,0.03561119735240936,1.0201506614685059,0.05863001570105553,1.0185863971710205,0.06171458587050438,1.0168818235397339,0.058780886232852936,1.013594150543213,0.06013030558824539,1.0200532674789429,0.06862764060497284,1.0180515050888062,0.07106857746839523,1.0245106220245361,0.07728549093008041,1.0230872631072998,0.07539184391498566,1.024808406829834,0.08127043396234512,1.0227380990982056,0.0780813917517662,1.0228108167648315,0.07825517654418945,1.020693302154541,0.07135936617851257,1.0142549276351929,0.056234464049339294
1090,1,4.751452803611756e-06,3.863100528717041,9.890273789340904,3.4082511040252936,1.624519827084433,1.539912257955511,1.6829427880517667,1.4372573054779252,1.433666900758737,1.0813400283808368,0.8520509773200649,0.8256492511788259,0.6315147739543634,0.5423403278474133,0.47131839024556516,1.0011712312698364,0.007464251015335321,1.0002853870391846,0.00551306689158082,1.000907063484192,0.005898705217987299,0.9996147751808167,0.010818029753863811,0.9994242787361145,0.005393833387643099,1.0004520416259766,0.00689995801076293,1.001231074333191,0.009184950031340122,1.0005340576171875,0.018891235813498497,1.000838041305542,0.016395626589655876,1.0067434310913086,0.03491702675819397,1.0068970918655396,0.03612237796187401,1.0207104682922363,0.06034988909959793,1.0190246105194092,0.06383728981018066,1.0177637338638306,0.061833471059799194,1.0146411657333374,0.0639066994190216,1.0211377143859863,0.07266494631767273,1.0188626050949097,0.07525180280208588,1.0256774425506592,0.08286796510219574,1.0240505933761597,0.08149519562721252,1.0263949632644653,0.08900472521781921,1.0239816904067993,0.08587319403886795,1.0242170095443726,0.08737631142139435,1.0218466520309448,0.080248162150383,1.0170714855194092,0.06648985296487808
1080,1,4.751452803611756e-06,3.88838791847229,10.273953638286976,3.028133114311738,1.7479968202092755,1.6731344810635045,2.019162680291806,1.8122195123552758,1.7442370992080214,1.4042917809166333,1.1385318777712536,0.9607850756297618,0.7360189108457864,0.6654308792823658,0.6100410344396895,1.0006382465362549,0.0062065827660262585,1.0006238222122192,0.006591429468244314,1.0012019872665405,0.007171828765422106,0.9998816251754761,0.011425071395933628,0.9997068643569946,0.005722003523260355,1.000109314918518,0.006353872828185558,1.0006849765777588,0.00767130684107542,1.0006955862045288,0.01703968457877636,1.000983476638794,0.015171079896390438,1.0065315961837769,0.03338544815778732,1.0069233179092407,0.03501959145069122,1.0202414989471436,0.05853350833058357,1.018578290939331,0.06155763566493988,1.0172206163406372,0.05909451097249985,1.0140379667282104,0.06070543825626373,1.02044677734375,0.06928658485412598,1.0183050632476807,0.07177303731441498,1.0249278545379639,0.0788210928440094,1.0233442783355713,0.07720532268285751,1.0253429412841797,0.08399811387062073,1.0232295989990234,0.08104579895734787,1.0233004093170166,0.08162055909633636,1.0210940837860107,0.07478351145982742,1.0154467821121216,0.06049962714314461
1100,1,4.751452803611756e-06,4.237436294555664,9.20606459510069,2.8199764225564685,1.5679462805799884,1.5582797719829542,1.8126632518795172,1.5267750930635189,1.4883425818943452,1.0700458033434044,0.9385596109461715,0.7140493375645707,0.5986350030963965,0.4724685193847222,0.47351246302215505,1.00126314163208,0.009145477786660194,0.9996960163116455,0.006240572314709425,1.0002648830413818,0.005841252394020557,0.9990427494049072,0.012072202749550343,0.9985513091087341,0.007138154469430447,1.0002505779266357,0.007629747968167067,1.000876545906067,0.008992665447294712,0.9997645020484924,0.0178277138620615,1.0001626014709473,0.015348422341048717,1.0066214799880981,0.033724792301654816,1.006615400314331,0.03420257568359375,1.0206830501556396,0.058887582272291183,1.0190048217773438,0.061932582408189774,1.017687439918518,0.05938345938920975,1.0144340991973877,0.061037708073854446,1.0210089683532715,0.06971065700054169,1.0186679363250732,0.07203048467636108,1.0256638526916504,0.08007082343101501,1.0239694118499756,0.07840040326118469,1.0264451503753662,0.08631707727909088,1.0239070653915405,0.08301422744989395,1.0243511199951172,0.08506396412849426,1.0220462083816528,0.07822825759649277,1.0157955884933472,0.06361254304647446
1090,1,4.751452803611756e-06,3.869431257247925,9.870032102686993,3.4068028864476854,1.623283877628133,1.5392447370449733,1.6820538745135714,1.43713854502229,1.4307400420599385,1.0797980140286458,0.852492439557388,0.8256542868543965,0.6313888767455625,0.5427849682563817,0.47169282505081633,1.0011709928512573,0.00739776948466897,1.0002851486206055,0.0055050975643098354,1.0008877515792847,0.005868939217180014,0.9995988011360168,0.010799148119986057,0.9994277358055115,0.0053893402218818665,1.0004523992538452,0.006874857470393181,1.0012292861938477,0.009209604933857918,1.0005078315734863,0.018835674971342087,1.000825047492981,0.016389871016144753,1.0067274570465088,0.034773457795381546,1.0069055557250977,0.036083318293094635,1.020679235458374,0.060273874551057816,1.0190362930297852,0.06371919065713882,1.017755389213562,0.06174705922603607,1.0146249532699585,0.0638020858168602,1.0211182832717896,0.07248824089765549,1.0188381671905518,0.07509450614452362,1.0256682634353638,0.0827275887131691,1.0240507125854492,0.0813923329114914,1.026336669921875,0.08879978954792023,1.023961067199707,0.08564557880163193,1.0242009162902832,0.08712533116340637,1.0218781232833862,0.08008822798728943,1.016982078552246,0.066287100315094
1110,1,4.751452803611756e-06,3.7146105766296387,10.400170542697504,3.2646321345632283,1.7904009941626937,1.7684946939078845,1.9770559499873872,1.641649515081536,1.554103517689796,1.1366590410039148,0.9844314892567069,0.7946293783485753,0.6611012820369708,0.5455847482107293,0.48708127169731164,1.0012106895446777,0.007770072668790817,1.0000287294387817,0.007501304615288973,1.0005484819412231,0.007266249042004347,0.9990705251693726,0.013054748065769672,0.9986730813980103,0.0074266232550144196,0.9998729825019836,0.007797371596097946,1.0003291368484497,0.007972575724124908,1.000115156173706,0.017420338466763496,1.0006316900253296,0.015332696959376335,1.0063012838363647,0.03394854813814163,1.0061954259872437,0.034632954746484756,1.020504355430603,0.05922878161072731,1.0188454389572144,0.062423452734947205,1.0176169872283936,0.06006660684943199,1.0145020484924316,0.06195893883705139,1.0210480690002441,0.07049836963415146,1.0187641382217407,0.07308266311883926,1.025719165802002,0.08095511794090271,1.0241801738739014,0.07963299006223679,1.026745080947876,0.08790436387062073,1.0242514610290527,0.08481835573911667,1.02484929561615,0.08747746795415878,1.0225374698638916,0.08100135624408722,1.0165059566497803,0.0664835125207901
1100,1,4.751452803611756e-06,4.232171058654785,9.16828223426004,2.810971436873012,1.5644692748267701,1.5549869218553936,1.8079678314198533,1.5254077043192233,1.489685985682939,1.0690952981997741,0.9359988986467952,0.7125799278219204,0.5968380835965299,0.4719204448422375,0.4716473980031981,1.0012468099594116,0.009063906967639923,0.9997054934501648,0.006215421482920647,1.0002559423446655,0.005821999628096819,0.9990679621696472,0.012044801376760006,0.9985656142234802,0.007107268087565899,1.0002524852752686,0.007585090585052967,1.0008727312088013,0.009011911228299141,0.9997475743293762,0.01777973212301731,1.0001628398895264,0.01534432452172041,1.0066086053848267,0.03358902782201767,1.0066272020339966,0.0341825895011425,1.0206583738327026,0.05881999805569649,1.0190198421478271,0.061833564192056656,1.017673373222351,0.059307388961315155,1.01441490650177,0.06094317510724068,1.0209864377975464,0.06954678893089294,1.0186420679092407,0.071893610060215,1.0256540775299072,0.07994639873504639,1.0239671468734741,0.07831566035747528,1.0263863801956177,0.08611983060836792,1.0238866806030273,0.0828017145395279,1.024330496788025,0.08479660004377365,1.022071123123169,0.07806459069252014,1.015704870223999,0.06338529288768768
1120,1,4.751452803611756e-06,2.8268535137176514,11.146990622999672,3.0938978691266574,1.4662352052638414,1.4406207562212239,1.7575439693933095,1.5265489767376696,1.502924483903717,1.1116070160099658,0.9229049746014905,0.7622426859239408,0.5818334864336296,0.5055344792283037,0.4560192209265104,1.001595139503479,0.009673266671597958,0.9994481205940247,0.006825115531682968,0.9999691843986511,0.00649564852938056,0.999167799949646,0.013018691912293434,0.998123288154602,0.008027294650673866,1.0003045797348022,0.008490245789289474,1.000672459602356,0.00971144437789917,0.9995326995849609,0.01850128173828125,1.0000641345977783,0.015613483265042305,1.0064631700515747,0.03446369245648384,1.006220817565918,0.0345168299973011,1.0205376148223877,0.05893552303314209,1.0189043283462524,0.06209311634302139,1.0177348852157593,0.059709470719099045,1.0146546363830566,0.061795540153980255,1.0212024450302124,0.07063661515712738,1.0189589262008667,0.07336939871311188,1.0258289575576782,0.08105970919132233,1.0241589546203613,0.07948964089155197,1.0268239974975586,0.08813673257827759,1.024222731590271,0.08484935015439987,1.0244756937026978,0.08655416965484619,1.0221431255340576,0.07956898957490921,1.0162783861160278,0.06614670902490616
1110,1,4.751452803611756e-06,3.713143825531006,10.394267880327563,3.280435027471944,1.7974477355984744,1.7746438984855641,1.986960671631621,1.64852938916366,1.555043136816955,1.1377132222757163,0.9852769446780857,0.7939039974969785,0.6598239473356277,0.5444798357758744,0.4858089930799332,1.0011892318725586,0.00765276001766324,1.0000561475753784,0.007462183479219675,1.0005570650100708,0.007260314654558897,0.9990808367729187,0.013007069937884808,0.998708188533783,0.007361980155110359,0.9998638033866882,0.007707731798291206,1.0003129243850708,0.007943570613861084,1.0001201629638672,0.017353564500808716,1.000655174255371,0.015317970886826515,1.0062803030014038,0.033804602921009064,1.0062021017074585,0.034618280827999115,1.020475149154663,0.05915658175945282,1.0188580751419067,0.06232474371790886,1.0175999402999878,0.05999037250876427,1.014480710029602,0.06186246871948242,1.021022915840149,0.07032108306884766,1.018736481666565,0.07293623685836792,1.0257039070129395,0.08080615103244781,1.0241729021072388,0.07951781153678894,1.0266833305358887,0.08767899125814438,1.0242282152175903,0.08457263559103012,1.02482008934021,0.08715485781431198,1.0225496292114258,0.08077601343393326,1.0163984298706055,0.06619179993867874
1130,1,4.751452803611756e-06,2.850449562072754,10.781363717244266,2.8848817178797144,1.7095347020254652,1.5853695815301172,1.9082465466035976,1.68807656270072,1.743595795512162,1.1785251154643994,1.009452544269995,0.8529643467147405,0.7186899695546322,0.6006884519334492,0.49369552118111476,1.0016552209854126,0.011659090407192707,0.998996376991272,0.005974955391138792,0.9995901584625244,0.0061007835902273655,0.9989513158798218,0.012815398164093494,0.997755765914917,0.008408607915043831,1.0003299713134766,0.00852836575359106,1.000650405883789,0.010582862421870232,0.9991632699966431,0.01911640353500843,0.9995718598365784,0.015721267089247704,1.0060955286026,0.034188512712717056,1.005914568901062,0.03413841873407364,1.0205754041671753,0.058420293033123016,1.0190293788909912,0.06170514598488808,1.0178040266036987,0.05895722284913063,1.0147581100463867,0.061090175062417984,1.0212064981460571,0.07011394202709198,1.018957257270813,0.07298407703638077,1.0259685516357422,0.08108978718519211,1.0241779088974,0.07945391535758972,1.0271228551864624,0.08881399035453796,1.02445650100708,0.08564163744449615,1.024397850036621,0.0866142064332962,1.0222978591918945,0.07968880981206894,1.0160948038101196,0.06622888892889023
1120,1,4.751452803611756e-06,2.828491687774658,11.268811143037878,3.1127036794369176,1.4684604790587201,1.4435938398831036,1.7580582092550125,1.5281545121159301,1.5032472619764472,1.1141903934964348,0.9231678783176483,0.7628078425028728,0.5824130677298066,0.5060003009070586,0.45645716458579505,1.001587986946106,0.009521839208900928,0.9994871020317078,0.006758535280823708,0.9999905228614807,0.00648712320253253,0.9991779923439026,0.012956366874277592,0.9981720447540283,0.00792557094246149,1.0002938508987427,0.008377700112760067,1.0006544589996338,0.009654512628912926,0.9995512962341309,0.01842048205435276,1.0001039505004883,0.015589548274874687,1.0064374208450317,0.0343317873775959,1.0062251091003418,0.034520626068115234,1.0205093622207642,0.058885104954242706,1.018920660018921,0.06202459707856178,1.0177249908447266,0.05967191234230995,1.0146393775939941,0.06174301356077194,1.0211830139160156,0.07048928737640381,1.018937110900879,0.07325383275747299,1.025814414024353,0.08093017339706421,1.0241496562957764,0.07938544452190399,1.026764154434204,0.08792152255773544,1.0241971015930176,0.0846066102385521,1.0244483947753906,0.08623919636011124,1.022147536277771,0.07933243364095688,1.016173005104065,0.0658692717552185
1140,1,4.751452803611756e-06,2.8317911624908447,8.011449157791432,2.29554350140755,1.3730434668661822,1.227473220337806,1.5173569575191035,1.3714839593825294,1.459996669251534,0.9731413902922574,0.820694625616349,0.7059285939959793,0.5629953253409259,0.4928931782309999,0.40455795412378,1.0014580488204956,0.013873576186597347,0.998376190662384,0.00674385717138648,0.9989686012268066,0.00671224482357502,0.9988555908203125,0.013664253987371922,0.9972140789031982,0.010024333372712135,1.0003238916397095,0.009762589819729328,1.0007816553115845,0.012199405580759048,0.9984529614448547,0.020095350220799446,0.999360978603363,0.016201484948396683,1.0058799982070923,0.034052275121212006,1.005821704864502,0.03373130038380623,1.020661473274231,0.05821017920970917,1.019087314605713,0.061076197773218155,1.0178264379501343,0.058319054543972015,1.0149303674697876,0.06050516292452812,1.0214298963546753,0.06985028833150864,1.0191965103149414,0.07287929207086563,1.0260920524597168,0.08123330771923065,1.0242973566055298,0.07983627915382385,1.0274674892425537,0.08969053626060486,1.024603009223938,0.08632490783929825,1.0248157978057861,0.08771999925374985,1.0227547883987427,0.0807776227593422,1.0159660577774048,0.06612095981836319
1130,1,4.751452803611756e-06,2.8526763916015625,10.801265524207041,2.873816545781548,1.7051671302588234,1.5809977250502705,1.901663421723687,1.6827215951577867,1.7386120259534028,1.1746991060683718,1.0065656634092712,0.8507959037521551,0.7160601746474284,0.5990732723705808,0.4919607831754036,1.0016412734985352,0.011482449248433113,0.9990442395210266,0.005898588337004185,0.9996185302734375,0.006078232079744339,0.998969316482544,0.012740915641188622,0.9978167414665222,0.008273051120340824,1.0003316402435303,0.008403445594012737,1.0006424188613892,0.010509592480957508,0.9991931915283203,0.01902603730559349,0.9996191263198853,0.01569482684135437,1.0060780048370361,0.03407130017876625,1.005922794342041,0.03417174145579338,1.0205540657043457,0.058398984372615814,1.0190536975860596,0.06168115884065628,1.0178016424179077,0.05895855277776718,1.014747977256775,0.06107176095247269,1.021191120147705,0.0699906274676323,1.018939733505249,0.07289475947618484,1.025954008102417,0.08097843825817108,1.024167776107788,0.07936383038759232,1.0270638465881348,0.08860857784748077,1.0244337320327759,0.08540600538253784,1.0243712663650513,0.0863097533583641,1.0223002433776855,0.07945188879966736,1.0159908533096313,0.06596891582012177
1150,1,4.751452803611756e-06,3.3249545097351074,8.380383627492186,2.5174039055962525,1.434122897165732,1.4475100890422394,1.8806353960042266,1.5673769661519628,1.5778453581218268,1.1208157789514759,0.8619762460170082,0.7480988460074588,0.5863319016023548,0.48960758023526396,0.41584419355073965,1.0010887384414673,0.015251520089805126,0.9979877471923828,0.007946782745420933,0.9985595941543579,0.007596422918140888,0.9986718893051147,0.01466583926230669,0.9969902634620667,0.011419486254453659,1.0001548528671265,0.010790817439556122,1.0007251501083374,0.013481714762747288,0.9984802007675171,0.02068077027797699,0.9993764162063599,0.016522476449608803,1.0057625770568848,0.03372189402580261,1.0057899951934814,0.033101264387369156,1.0205439329147339,0.05718565732240677,1.0188994407653809,0.05949888005852699,1.0176270008087158,0.0563930869102478,1.0146554708480835,0.05836961418390274,1.0212782621383667,0.06822419911623001,1.0190653800964355,0.07144694775342941,1.0261119604110718,0.08029614388942719,1.0243302583694458,0.0791756883263588,1.0276414155960083,0.08945665508508682,1.0246833562850952,0.08604039996862411,1.0252922773361206,0.08836770057678223,1.0231187343597412,0.08135699480772018,1.0158097743988037,0.06618273258209229
1140,1,4.751452803611756e-06,2.8235912322998047,8.014062816399045,2.292728577531334,1.3723935953093973,1.2272137940682029,1.5160180801459278,1.3746131742252325,1.4544586421279566,0.9710764840649478,0.8195756690215742,0.7058170503486564,0.5623858851197222,0.49242039050857045,0.404267391485998,1.001443862915039,0.013723859563469887,0.9984157681465149,0.006655673962086439,0.9989892244338989,0.006667086388915777,0.9988792538642883,0.013603346422314644,0.9972016215324402,0.009912734851241112,1.0003310441970825,0.0096573606133461,1.0007773637771606,0.01214189175516367,0.9984691739082336,0.01999708078801632,0.9993634819984436,0.016166474670171738,1.0058577060699463,0.03392165154218674,1.0058238506317139,0.033759936690330505,1.0206345319747925,0.058172743767499924,1.0191094875335693,0.06103923171758652,1.017825961112976,0.05831112712621689,1.0149232149124146,0.060474518686532974,1.0214190483093262,0.06972992420196533,1.0191819667816162,0.07278676331043243,1.02608060836792,0.08111568540334702,1.0242886543273926,0.0797353982925415,1.0274100303649902,0.08947201818227768,1.0245832204818726,0.08607445657253265,1.0247882604599,0.0874122604727745,1.0227508544921875,0.080510213971138,1.015857219696045,0.06582576781511307
1160,1,4.751452803611756e-06,3.2333436012268066,10.818302715839506,3.0347615032396265,1.690034410539124,1.6679960488216925,1.9139179001519968,1.6653269708932545,1.6388725626591483,1.2748675897538293,1.0646656684532054,0.8848315640245363,0.7271074613165394,0.6089736743053399,0.5451430412416709,1.0008156299591064,0.014295270666480064,0.9982278943061829,0.008335172198712826,0.9987788200378418,0.008189667947590351,0.9983456134796143,0.015495944768190384,0.9966614246368408,0.011835886165499687,0.999896764755249,0.010661635547876358,1.000369906425476,0.012464520521461964,0.9983293414115906,0.019447773694992065,0.9990897178649902,0.015667058527469635,1.0054599046707153,0.032544199377298355,1.0054545402526855,0.031929370015859604,1.020226240158081,0.05587024614214897,1.01854407787323,0.057902853935956955,1.017105221748352,0.054067790508270264,1.0140318870544434,0.05570414289832115,1.0208567380905151,0.06584229320287704,1.018583059310913,0.06885693222284317,1.0258854627609253,0.07809093594551086,1.0240076780319214,0.07691412419080734,1.0273239612579346,0.08706753700971603,1.024332046508789,0.08352819830179214,1.025043249130249,0.08616231381893158,1.022860050201416,0.07892483472824097,1.0149109363555908,0.06363609433174133
1150,1,4.751452803611756e-06,3.32706618309021,8.348234444072782,2.5074669015664734,1.4311945986060044,1.4446803218424045,1.878002041960477,1.5646286690043125,1.570301248169786,1.114989715628817,0.8604149599706543,0.7475523168248365,0.5856261040663704,0.48929526744935037,0.4152918976036451,1.0010793209075928,0.015064609237015247,0.998038113117218,0.00784145388752222,0.9985891580581665,0.007537344470620155,0.9986947774887085,0.014621414244174957,0.9969698190689087,0.011312965303659439,1.0001558065414429,0.010687781497836113,1.0007139444351196,0.013415876775979996,0.9984502196311951,0.02056550234556198,0.999366044998169,0.016468916088342667,1.0057190656661987,0.03357839584350586,1.00576913356781,0.03312543407082558,1.0205055475234985,0.05714600905776024,1.0189120769500732,0.05946677178144455,1.0176256895065308,0.05641065165400505,1.0146512985229492,0.05836779624223709,1.02127206325531,0.06814533472061157,1.0190532207489014,0.07138515263795853,1.0261074304580688,0.08022040873765945,1.0243275165557861,0.07912283390760422,1.0275958776474,0.08929315954446793,1.0246779918670654,0.08585909008979797,1.0252773761749268,0.08812801539897919,1.0231218338012695,0.08114267140626907,1.0157204866409302,0.06594496220350266
1170,1,4.751452803611756e-06,0.9223434925079346,12.014735809379427,4.576267677213628,2.522930267447193,2.126187444901795,2.407368476047314,2.382012620169161,2.3887726499208295,1.8509311395945438,1.5086601098343695,1.246657531610148,0.9902745995517055,0.905675114113518,0.6803305617734787,1.0006719827651978,0.016421247273683548,0.9976381063461304,0.009545053355395794,0.9981895089149475,0.008976029232144356,0.9987578988075256,0.01611982472240925,0.9967836737632751,0.013043061830103397,0.9999366402626038,0.01155677530914545,1.0002695322036743,0.013583370484411716,0.998353123664856,0.019380195066332817,0.9990126490592957,0.015866393223404884,1.005178689956665,0.03173051029443741,1.0052050352096558,0.031145919114351273,1.019924521446228,0.05419698730111122,1.0181289911270142,0.055653754621744156,1.0164424180984497,0.050976257771253586,1.0133389234542847,0.05246884003281593,1.0203511714935303,0.06302442401647568,1.0181829929351807,0.06581742316484451,1.0254632234573364,0.07501129060983658,1.0235445499420166,0.07360703498125076,1.0271035432815552,0.08457662165164948,1.0241986513137817,0.08129630237817764,1.0249472856521606,0.08432547003030777,1.0229531526565552,0.07792489975690842,1.0142987966537476,0.06237095594406128
1160,1,4.751452803611756e-06,3.235165596008301,10.850554029877507,3.038238638056461,1.6899429070946335,1.668172165487699,1.9145541498728542,1.6640129548307852,1.639476590305006,1.27449228864291,1.0632130567453495,0.8845905025283572,0.7269999703233896,0.6087250629642421,0.544395771827085,1.0007997751235962,0.014069851487874985,0.9982913732528687,0.008227445185184479,0.9988240003585815,0.008140133693814278,0.9983611702919006,0.015447713434696198,0.9967311024665833,0.011712860316038132,0.9998899102210999,0.010516013950109482,1.0003504753112793,0.012354554608464241,0.9982853531837463,0.019288193434476852,0.999067485332489,0.015574311837553978,1.0053975582122803,0.032360538840293884,1.005415439605713,0.031914521008729935,1.0201733112335205,0.05579376593232155,1.0185422897338867,0.057831063866615295,1.0170958042144775,0.05405071750283241,1.0140219926834106,0.055662937462329865,1.020845890045166,0.06573797762393951,1.0185660123825073,0.06876462697982788,1.0258806943893433,0.07800066471099854,1.0240039825439453,0.07684457302093506,1.027280569076538,0.0869016945362091,1.0243315696716309,0.08335773646831512,1.0250273942947388,0.08591382205486298,1.0228631496429443,0.07871796190738678,1.0148193836212158,0.0633951798081398
1180,1,4.751452803611756e-06,2.7801766395568848,9.076959453150293,2.6163242886757114,1.5695926590387528,1.517090093816835,1.8062977364487152,1.601118839564531,1.817585787481503,1.4819423077528318,1.2198339732097874,1.0134162240510813,0.8355600793008982,0.5927542578993124,0.5984366215926813,1.000524878501892,0.015335028059780598,0.9978792071342468,0.01006372645497322,0.9983634352684021,0.00947636179625988,0.9984301328659058,0.01693781279027462,0.9963157176971436,0.01356219220906496,0.9994461536407471,0.011949143372476101,0.9998663663864136,0.013502614572644234,0.9981879591941833,0.01921217329800129,0.9989241361618042,0.015573622658848763,1.0049973726272583,0.031624771654605865,1.0050891637802124,0.03129196912050247,1.0200164318084717,0.05450090393424034,1.0180708169937134,0.05596962571144104,1.0163935422897339,0.05153665319085121,1.0132502317428589,0.05315084755420685,1.0205072164535522,0.06427198648452759,1.0182710886001587,0.0671088695526123,1.025706171989441,0.07671698182821274,1.0237276554107666,0.07560872286558151,1.0276238918304443,0.08728161454200745,1.0249733924865723,0.0848064199090004,1.0257946252822876,0.08816096931695938,1.024095892906189,0.08278816938400269,1.0154122114181519,0.06749749928712845
1170,1,4.751452803611756e-06,0.9171329140663147,12.009437540052634,4.601139172376467,2.539483982393842,2.136885179779977,2.4145699015349646,2.3882739976304945,2.3870554825293513,1.8506758907864547,1.510158200241162,1.2461209822092791,0.9899324488200437,0.9049759324386045,0.6802348671457263,1.0006413459777832,0.016163798049092293,0.9977109432220459,0.0094149773940444,0.9982426166534424,0.00890305731445551,0.9987752437591553,0.016052262857556343,0.9967545866966248,0.012887033633887768,0.9999352097511292,0.011383416131138802,1.0002541542053223,0.013437273912131786,0.9983125925064087,0.019185269251465797,0.998994767665863,0.015734953805804253,1.0051212310791016,0.031526271253824234,1.005173683166504,0.031120216473937035,1.0198854207992554,0.054131727665662766,1.0181387662887573,0.05560649186372757,1.0164437294006348,0.05097876116633415,1.0133339166641235,0.05244377255439758,1.0203442573547363,0.06293688714504242,1.018169641494751,0.06573407351970673,1.0254627466201782,0.07494404911994934,1.0235424041748047,0.0735529288649559,1.0270634889602661,0.08442762494087219,1.0241990089416504,0.08114287257194519,1.0249360799789429,0.08409392833709717,1.0229597091674805,0.07773975282907486,1.014209508895874,0.06212143227458
1190,1,4.751452803611756e-06,2.198697328567505,9.813746908419036,3.1268553779311894,1.5014530185295827,1.4586537556110872,1.648307383228418,1.3670920207393136,1.4803480794609047,0.9963171341058676,0.8645163761819922,0.7926471535689931,0.6037769284042112,0.4888889040514244,0.42201593010532806,1.000173568725586,0.015940962359309196,0.9977531433105469,0.010550128296017647,0.9982104301452637,0.010132336989045143,0.9982338547706604,0.017774099484086037,0.9960424304008484,0.014519093558192253,0.9990809559822083,0.012909536249935627,0.999544620513916,0.014371253550052643,0.9981240034103394,0.019610019400715828,0.9988418817520142,0.01568427123129368,1.0048781633377075,0.03161576762795448,1.004840612411499,0.030944110825657845,1.020148754119873,0.05449335649609566,1.0181530714035034,0.05582978203892708,1.01631760597229,0.051224637776613235,1.0130940675735474,0.05259357765316963,1.0204358100891113,0.06363417953252792,1.0180033445358276,0.0661020502448082,1.0255872011184692,0.07592208683490753,1.0235135555267334,0.0745847076177597,1.0277265310287476,0.08710495382547379,1.0250897407531738,0.08483637124300003,1.02628493309021,0.08899886906147003,1.024788737297058,0.08437686413526535,1.015425205230713,0.0686768963932991
1180,1,4.751452803611756e-06,2.787851333618164,9.12161383096481,2.6110467198770766,1.5699268484128959,1.517191394395352,1.8068945951826672,1.602821410883413,1.8153772833375168,1.4848350883455301,1.2208229501773162,1.0135165323699444,0.8357876586303945,0.5930495674388337,0.5984627577833659,1.000479817390442,0.015044596046209335,0.9979647397994995,0.009961738251149654,0.9984254837036133,0.009416049346327782,0.9984498620033264,0.016861088573932648,0.996290922164917,0.013386264443397522,0.9994560480117798,0.01175074465572834,0.9998589754104614,0.013316025026142597,0.9981523752212524,0.018985191360116005,0.9989114999771118,0.015418916940689087,1.0049419403076172,0.03140701353549957,1.0050597190856934,0.03126630187034607,1.0199772119522095,0.05443171039223671,1.0180848836898804,0.05592861771583557,1.0163979530334473,0.05153881758451462,1.0132454633712769,0.05312912538647652,1.0205005407333374,0.06418190151453018,1.0182570219039917,0.06702303141355515,1.0257049798965454,0.07664984464645386,1.0237207412719727,0.07554395496845245,1.027580976486206,0.08712441474199295,1.024971842765808,0.08464302122592926,1.0257890224456787,0.087930828332901,1.0241047143936157,0.08259694278240204,1.0153230428695679,0.0672357901930809
1200,1,4.751452803611756e-06,1.7855247259140015,9.059428821636198,2.9029388884342535,1.6722212371664325,1.644344037763663,1.8471766206947913,1.5846208064035971,1.6616091474826902,1.241331384492654,1.0198291968625792,0.8543523601637867,0.6976953767290868,0.6064307629297582,0.4524537311397107,0.9999362826347351,0.017072370275855064,0.9975069761276245,0.010687434114515781,0.9979718923568726,0.010788202285766602,0.99798983335495,0.018012722954154015,0.9957988858222961,0.014994248747825623,0.9988206624984741,0.013315807096660137,0.9994269013404846,0.015018731355667114,0.9981852769851685,0.01987301930785179,0.9989348649978638,0.01587853394448757,1.0046545267105103,0.031475868076086044,1.0045464038848877,0.03021444007754326,1.020179033279419,0.054109688848257065,1.0180641412734985,0.055077649652957916,1.0162831544876099,0.05066181346774101,1.0130358934402466,0.051992326974868774,1.02043616771698,0.06322324275970459,1.018009066581726,0.06570950150489807,1.0257627964019775,0.07548565417528152,1.023615837097168,0.07387186586856842,1.0278087854385376,0.08665678650140762,1.0251463651657104,0.08440417796373367,1.0265198945999146,0.0889674574136734,1.025280475616455,0.08518184721469879,1.0157204866409302,0.06880635023117065
1190,1,4.751452803611756e-06,2.2043583393096924,9.760161918470626,3.100925370938126,1.494536839892991,1.4534346498613095,1.6435540179779857,1.3645656642671045,1.478016493724648,0.994190611269189,0.8633598908214171,0.7925497742766161,0.6028389563401554,0.4881513062942242,0.4215111353361499,1.000136137008667,0.01564444601535797,0.9978418350219727,0.010434177704155445,0.9982768297195435,0.010060058906674385,0.9982523918151855,0.017693283036351204,0.9960194230079651,0.014326438307762146,0.9990944862365723,0.012703659012913704,0.9995386600494385,0.014170652255415916,0.998089611530304,0.019360346719622612,0.998824417591095,0.015500806272029877,1.0048139095306396,0.03137098625302315,1.0048015117645264,0.03089830093085766,1.0200985670089722,0.05440446361899376,1.0181556940078735,0.055770393460989,1.0163131952285767,0.05120266601443291,1.0130788087844849,0.05255422741174698,1.020422101020813,0.06353814154863358,1.0179846286773682,0.06601125001907349,1.0255837440490723,0.07584873586893082,1.023505687713623,0.07451869547367096,1.0276849269866943,0.08694792538881302,1.0250909328460693,0.08467914164066315,1.0262796878814697,0.0887666866183281,1.0247957706451416,0.0841669887304306,1.0153703689575195,0.06838557124137878
1210,1,4.751452803611756e-06,2.6792569160461426,10.896259484780343,3.003583738809083,1.8712241163087926,1.8125975017287812,2.1083355755526094,1.8497685697826103,1.9684921933548076,1.3169374148532988,1.124469542197944,0.9076172826868139,0.7544716640164548,0.6476167340567871,0.5361405248460542,1.0004329681396484,0.018550576642155647,0.9970420598983765,0.011414607055485249,0.9975188374519348,0.011137008666992188,0.9981511235237122,0.01868283934891224,0.9960021376609802,0.01614556834101677,0.9989785552024841,0.014819782227277756,0.999626100063324,0.01642005890607834,0.998731791973114,0.021136725321412086,0.9995241165161133,0.016966331750154495,1.00514554977417,0.03214878961443901,1.0048913955688477,0.030655309557914734,1.0206211805343628,0.054426006972789764,1.0183823108673096,0.05497611314058304,1.0167073011398315,0.050800472497940063,1.013304352760315,0.05165831744670868,1.0205144882202148,0.06264504790306091,1.0178762674331665,0.06466521322727203,1.0255717039108276,0.0740990936756134,1.0232017040252686,0.07180606573820114,1.0275647640228271,0.08476206660270691,1.024804711341858,0.08197016268968582,1.0261460542678833,0.08631955087184906,1.025044560432434,0.08300302177667618,1.01561439037323,0.06630788743495941
1200,1,4.751452803611756e-06,1.7942094802856445,9.005514665880202,2.880700233407877,1.6638832130044954,1.6372577544747067,1.8376880327386254,1.5796567756487794,1.656257001904441,1.23812264096489,1.018101337439905,0.8539876246720124,0.6961159934882775,0.6058119775516081,0.451851174083539,0.9999098777770996,0.0169295035302639,0.9975515007972717,0.010592878796160221,0.9979972839355469,0.01072843186557293,0.9980140328407288,0.01796310395002365,0.9957851767539978,0.014880397357046604,0.9988457560539246,0.013209058903157711,0.9994268417358398,0.014950779266655445,0.9981608390808105,0.019728299230337143,0.9989229440689087,0.015782147645950317,1.0045968294143677,0.03127284348011017,1.0045169591903687,0.03019064851105213,1.020143985748291,0.05403727665543556,1.0180811882019043,0.055027399212121964,1.0162901878356934,0.05065485090017319,1.0130283832550049,0.05197284743189812,1.0204342603683472,0.06315995752811432,1.0179989337921143,0.06565625220537186,1.0257632732391357,0.07544735074043274,1.0236111879348755,0.0738457515835762,1.0277800559997559,0.08656401187181473,1.0251632928848267,0.08431924879550934,1.0265281200408936,0.08880621194839478,1.0253024101257324,0.0850335955619812,1.0156790018081665,0.0685826912522316
1220,1,4.751452803611756e-06,3.000753164291382,10.183603658282184,2.9420457530655453,1.7830001677523428,1.6985281109725445,2.1206142918574105,1.76889384983797,1.7140884817059643,1.2730101930486084,1.0557644353897484,0.8971988673975954,0.743603850383048,0.5756784943100547,0.507353408565702,1.0005053281784058,0.018318792805075645,0.9970675706863403,0.01159889530390501,0.9975316524505615,0.01120133325457573,0.9981873631477356,0.019619429484009743,0.9958552122116089,0.01703159138560295,0.9990255236625671,0.015745172277092934,0.9994339346885681,0.016514644026756287,0.998641848564148,0.021186739206314087,0.9994181990623474,0.01715192012488842,1.0053271055221558,0.0326569639146328,1.005079984664917,0.031210117042064667,1.0207576751708984,0.0552237369120121,1.0186389684677124,0.055921949446201324,1.016958236694336,0.0519852377474308,1.0135084390640259,0.05287887156009674,1.0206876993179321,0.06418102979660034,1.0179868936538696,0.06628262996673584,1.0259277820587158,0.07609646022319794,1.0235366821289062,0.07407792657613754,1.0278819799423218,0.08684373646974564,1.0252172946929932,0.0842726081609726,1.0264654159545898,0.08818400651216507,1.025177240371704,0.08405566215515137,1.0151009559631348,0.06604475528001785
1210,1,4.751452803611756e-06,2.6785855293273926,10.572151521371348,2.9752928119313604,1.859363835083625,1.801013073647035,2.1043637436455263,1.8384283853346504,1.9652398085268203,1.3141811734831121,1.1201456318981518,0.9058825049262638,0.7511652325238644,0.6453022808407451,0.5354020765347308,1.0004266500473022,0.018480997532606125,0.9970653057098389,0.011346736922860146,0.9975227117538452,0.011107171885669231,0.9981626868247986,0.018696455284953117,0.9959867596626282,0.016116809099912643,0.9990086555480957,0.014814156107604504,0.9996347427368164,0.016440829262137413,0.9987221360206604,0.021056871861219406,0.9995142817497253,0.016939327120780945,1.005096673965454,0.031982678920030594,1.0048614740371704,0.03065715916454792,1.0205920934677124,0.05436006560921669,1.0184011459350586,0.054917287081480026,1.016723394393921,0.05079292505979538,1.0133060216903687,0.051637593656778336,1.0205212831497192,0.06259321421384811,1.01787531375885,0.0646228939294815,1.0255801677703857,0.07407493889331818,1.0232006311416626,0.07179492712020874,1.0275475978851318,0.0846957266330719,1.0248297452926636,0.08190011978149414,1.026164174079895,0.08618374168872833,1.025067925453186,0.08285828679800034,1.0155775547027588,0.06609489023685455
1230,1,4.751452803611756e-06,2.1034445762634277,10.485606195473816,2.6122714373992806,1.5062965002320423,1.4400994717666216,1.553076606386372,1.492958867501252,1.502105530950592,1.2265401637859055,0.9501742006217959,0.7862220770970996,0.6169341090685644,0.4922181304405327,0.41727099115822247,1.0006564855575562,0.018842151388525963,0.996882438659668,0.012091104872524738,0.9973663687705994,0.01166950911283493,0.9980676770210266,0.020546739920973778,0.9956172108650208,0.018108002841472626,0.9989098310470581,0.016774896532297134,0.9992199540138245,0.017504023388028145,0.9982057213783264,0.021838488057255745,0.9989293217658997,0.0177936814725399,1.0052330493927002,0.032961975783109665,1.0050013065338135,0.03147949278354645,1.0204432010650635,0.05560077354311943,1.0186457633972168,0.05659636855125427,1.017051339149475,0.05279064550995827,1.0136336088180542,0.05392087996006012,1.0207860469818115,0.06558489799499512,1.0181869268417358,0.0679904967546463,1.0265579223632812,0.07901787012815475,1.024269461631775,0.07761399447917938,1.028624415397644,0.09059786051511765,1.025991439819336,0.08843237161636353,1.0275005102157593,0.09283862262964249,1.026161551475525,0.0884755402803421,1.015777826309204,0.06952816247940063
1220,1,4.751452803611756e-06,2.9958629608154297,10.289214229462555,2.950146242239219,1.7877365623717092,1.7033683104419592,2.1181938529844606,1.77022652299003,1.7116674487554815,1.2743576611635359,1.0589378709496244,0.8995735658673732,0.7460396726051491,0.5774080581359263,0.5083938603151852,1.0005815029144287,0.01825678162276745,0.9970800280570984,0.011516518890857697,0.9975284934043884,0.011159013025462627,0.998212993144989,0.019649239256978035,0.9958610534667969,0.017030546441674232,0.9990754127502441,0.015769384801387787,0.9994722008705139,0.01654842495918274,0.9986553192138672,0.021155254915356636,0.9994259476661682,0.017162775620818138,1.0052993297576904,0.03252118080854416,1.0050662755966187,0.031212864443659782,1.0207457542419434,0.05518917739391327,1.0186681747436523,0.05590464919805527,1.0169892311096191,0.05201370641589165,1.0135270357131958,0.052910588681697845,1.0207034349441528,0.06417953222990036,1.018001675605774,0.06629890203475952,1.025941252708435,0.0761108547449112,1.0235345363616943,0.07409993559122086,1.0278756618499756,0.08682392537593842,1.0252567529678345,0.08424399793148041,1.0264948606491089,0.08809949457645416,1.025220513343811,0.0839863196015358,1.0150775909423828,0.06590825319290161
1240,1,4.751452803611756e-06,2.523374080657959,8.018302136553293,2.1730673644987037,1.215791912968292,1.1870903397592052,1.360965580825817,1.1985319658954636,1.2251695731248253,0.8898455881271371,0.8123750466597206,0.687935143725522,0.5681983320064378,0.46949254499706666,0.41457720538846166,1.0001660585403442,0.018629731610417366,0.9969948530197144,0.0121984938159585,0.9974760413169861,0.011974605731666088,0.9973787069320679,0.021519126370549202,0.994864284992218,0.019071834161877632,0.9983600378036499,0.01764155924320221,0.9986304640769958,0.018246976658701897,0.9976752400398254,0.02221112884581089,0.9983585476875305,0.018474092707037926,1.0049992799758911,0.03319352865219116,1.0047715902328491,0.03210245072841644,1.0202927589416504,0.056045014411211014,1.0186823606491089,0.05709075182676315,1.017160415649414,0.05333719402551651,1.013668417930603,0.054432567209005356,1.0210167169570923,0.06666591018438339,1.0185385942459106,0.06931925565004349,1.027182698249817,0.0812724232673645,1.0248521566390991,0.08008553087711334,1.029295802116394,0.0934058129787445,1.0264835357666016,0.09124346822500229,1.0282397270202637,0.09609215706586838,1.027052879333496,0.09183743596076965,1.0164984464645386,0.07167107611894608
1230,1,4.751452803611756e-06,2.101316452026367,10.679334617333605,2.662003198145492,1.523131884025666,1.4504352986437687,1.5652028244918414,1.5060511272553232,1.522396428306731,1.2443968559159442,0.9545255234608921,0.7910404981609874,0.6196827809167202,0.49397724214522465,0.41796673673958346,1.000795841217041,0.018690718337893486,0.9969152808189392,0.01195275317877531,0.9973880648612976,0.011566195636987686,0.9981163740158081,0.02054324746131897,0.9956399202346802,0.01805288717150688,0.9989745616912842,0.016729392111301422,0.9992825388908386,0.017475910484790802,0.9982275366783142,0.021781498566269875,0.9989527463912964,0.01775672286748886,1.0051918029785156,0.03280197083950043,1.0049726963043213,0.03143342211842537,1.020423412322998,0.055542200803756714,1.018674373626709,0.056578975170850754,1.0170772075653076,0.052795641124248505,1.0136477947235107,0.053941939026117325,1.0207924842834473,0.06556189805269241,1.0181926488876343,0.06798890233039856,1.026564359664917,0.07901854813098907,1.0242592096328735,0.07762851566076279,1.0286179780960083,0.0905822142958641,1.0260357856750488,0.08841957896947861,1.027529001235962,0.09276173263788223,1.0262150764465332,0.08842917531728745,1.0157196521759033,0.06941432505846024
1250,1,4.751452803611756e-06,2.0588645935058594,8.924571537322572,2.6088387346523834,1.4726977782590094,1.445008859598337,1.737130384631308,1.5897682941627957,1.6532554768374705,1.2096756673456608,0.9626647242080266,0.8164947207651927,0.6934338872563963,0.5467744014050091,0.5374312000773026,0.999919593334198,0.018323056399822235,0.9970710277557373,0.012621994130313396,0.9975504279136658,0.012121948413550854,0.9971488118171692,0.021537955850362778,0.9946104288101196,0.019014908000826836,0.9982498288154602,0.01721074804663658,0.9985952973365784,0.018195878714323044,0.9974732398986816,0.021939866244792938,0.9981118440628052,0.018299993127584457,1.0046937465667725,0.03274187073111534,1.0044766664505005,0.0314679816365242,1.0199710130691528,0.05500461533665657,1.0184653997421265,0.055791910737752914,1.0169419050216675,0.051819100975990295,1.0134307146072388,0.05286134034395218,1.0208481550216675,0.0653601884841919,1.01853346824646,0.0681704729795456,1.0272061824798584,0.08025571703910828,1.0248409509658813,0.07881250977516174,1.0292422771453857,0.09227612614631653,1.0263017416000366,0.08975639939308167,1.0283358097076416,0.09509114921092987,1.0270063877105713,0.0905052199959755,1.015825867652893,0.07061168551445007
1240,1,4.751452803611756e-06,2.516648292541504,7.967435723915104,2.16637338052262,1.210294492914521,1.181337139675172,1.3539898903913528,1.1935171265073001,1.222215511862798,0.8874258407190057,0.8086884291844,0.6848293577681374,0.5663546486680084,0.46934113456937465,0.4145576727225323,1.0003242492675781,0.01846236176788807,0.9970345497131348,0.01202760636806488,0.9975074529647827,0.011833088472485542,0.9974597692489624,0.0214521661400795,0.9949209094047546,0.01896008849143982,0.9984551072120667,0.017511487007141113,0.9987286925315857,0.01816692389547825,0.9977321028709412,0.022178929299116135,0.9984273910522461,0.018401386216282845,1.0049810409545898,0.03306404501199722,1.0047643184661865,0.03202826529741287,1.0202956199645996,0.05597767233848572,1.0187259912490845,0.05707308277487755,1.0171937942504883,0.053325820714235306,1.0136852264404297,0.05442599579691887,1.0210156440734863,0.06659315526485443,1.0185277462005615,0.06925179809331894,1.027169108390808,0.08119332045316696,1.0248239040374756,0.08001463115215302,1.0292736291885376,0.09329794347286224,1.0265108346939087,0.09114077687263489,1.0282516479492188,0.0959167554974556,1.027091145515442,0.0916908010840416,1.0164107084274292,0.07143980264663696
1260,1,4.751452803611756e-06,3.1054458618164062,10.190445548284222,3.265677830353089,1.6898691620026496,1.6549855168821952,1.9455564086313524,1.6308327060006143,1.7067894311964347,1.1968657720245446,1.019885037694639,0.8752714711695311,0.6528145708581141,0.5253948133754851,0.3955654612154955,0.9999098181724548,0.01579895243048668,0.9977044463157654,0.01244446448981762,0.9981176257133484,0.011046902276575565,0.9975082874298096,0.02084093540906906,0.9950514435768127,0.01796935498714447,0.998690664768219,0.01642962545156479,0.9989709258079529,0.01697327382862568,0.9980995059013367,0.021602269262075424,0.9986743927001953,0.018235644325613976,1.0052556991577148,0.03377710282802582,1.0049597024917603,0.03309669345617294,1.0208877325057983,0.05754433944821358,1.0194411277770996,0.0593438595533371,1.0176352262496948,0.05537271499633789,1.0139639377593994,0.056644365191459656,1.0213977098464966,0.06890611350536346,1.0190496444702148,0.07183567434549332,1.0280203819274902,0.08413758873939514,1.0257405042648315,0.08288009464740753,1.02998948097229,0.09601034224033356,1.0270390510559082,0.09355713427066803,1.028904914855957,0.09842462837696075,1.0273427963256836,0.09307217597961426,1.0167880058288574,0.072264663875103
1250,1,4.751452803611756e-06,2.062581777572632,8.84645916227536,2.597666515445196,1.4758492235057268,1.4473851889945866,1.736039810662826,1.5885239919954253,1.6530865912497017,1.2091610607343037,0.9609678768521948,0.8150444806992648,0.6923113197398556,0.545834510944612,0.5350973245802245,1.0000308752059937,0.01825445145368576,0.9970914125442505,0.012509689666330814,0.997560441493988,0.012053257785737514,0.9972178339958191,0.021500766277313232,0.9946480393409729,0.01895829103887081,0.9983295202255249,0.017112677916884422,0.9986802339553833,0.018167030066251755,0.9975200891494751,0.021925775334239006,0.9981682300567627,0.01824180968105793,1.0046700239181519,0.03259676694869995,1.0044692754745483,0.03135769069194794,1.019963026046753,0.05485769733786583,1.018502116203308,0.05566297471523285,1.0169639587402344,0.051686134189367294,1.0134413242340088,0.05272843316197395,1.0208446979522705,0.06518630683422089,1.0185179710388184,0.06799478083848953,1.0271859169006348,0.08007719367742538,1.0248057842254639,0.07864469289779663,1.0292056798934937,0.09206889569759369,1.0263164043426514,0.08956534415483475,1.028342843055725,0.09484932571649551,1.0270342826843262,0.09029962122440338,1.01571786403656,0.07033059000968933
1270,1,4.751452803611756e-06,2.297423839569092,9.701918330382595,3.063233590882902,1.7025674482877777,1.5436941367987727,1.7250194094238358,1.4630198089715512,1.4085465069733913,0.9645267895667753,0.8448964901245143,0.6983138064011456,0.5634001441267694,0.49677325450716403,0.404314556812078,0.9997662901878357,0.016847437247633934,0.9973567128181458,0.013663947582244873,0.9977197051048279,0.011480678804218769,0.9979782104492188,0.02134435996413231,0.9955174922943115,0.018496522679924965,0.9991176128387451,0.01702502928674221,0.9992983341217041,0.017779536545276642,0.9984955787658691,0.022253207862377167,0.9990016222000122,0.018610676750540733,1.005509853363037,0.03420476242899895,1.0049571990966797,0.03340147063136101,1.0212472677230835,0.057939138263463974,1.0198075771331787,0.05971379578113556,1.017868995666504,0.05555069074034691,1.0140630006790161,0.056544993072748184,1.0215845108032227,0.06905606389045715,1.0191287994384766,0.07177161425352097,1.028035044670105,0.08384258300065994,1.0257412195205688,0.08238565176725388,1.030066967010498,0.09572368860244751,1.0270310640335083,0.09309601038694382,1.0292291641235352,0.09871888905763626,1.0278337001800537,0.09394073486328125,1.016626000404358,0.0726279765367508
1260,1,4.751452803611756e-06,3.085127353668213,10.073541023750309,3.2420567665583726,1.6843337201747708,1.6467565242765683,1.9351450007743634,1.6234079671785686,1.7005173309480872,1.1926910684916436,1.0161512463430866,0.8738750384871887,0.6530543638731584,0.5252236253217014,0.392625073033013,0.9999588131904602,0.015773141756653786,0.9977192282676697,0.012370320968329906,0.9981192946434021,0.011017116717994213,0.9975709915161133,0.020829930901527405,0.9950798749923706,0.017953433096408844,0.9987653493881226,0.016352809965610504,0.9990493059158325,0.016955390572547913,0.9981475472450256,0.021549567580223083,0.9987285137176514,0.018160982057452202,1.0052471160888672,0.03361538052558899,1.0049760341644287,0.03299611434340477,1.020889401435852,0.0574076846241951,1.0194915533065796,0.05921540409326553,1.017667293548584,0.05525456741452217,1.0139857530593872,0.056538984179496765,1.0214122533798218,0.06877750903367996,1.0190553665161133,0.07172292470932007,1.028027892112732,0.08404085040092468,1.0257266759872437,0.08279746025800705,1.0299683809280396,0.0958900898694992,1.027065634727478,0.09346399456262589,1.0289392471313477,0.09831596165895462,1.027396321296692,0.09297934174537659,1.0167180299758911,0.0720907598733902
1280,1,4.751452803611756e-06,2.847377300262451,12.053925978079514,3.870039654321883,2.152816616959166,1.978426294197166,2.2870036312624595,1.9711574625839312,1.8781461920321043,1.3649091987673776,1.174976418416574,0.9871736518475872,0.7742164595869222,0.6328846289181986,0.5603263426793228,0.9995255470275879,0.015930140390992165,0.9976471662521362,0.013608253560960293,0.9979897141456604,0.01121451985090971,0.9980379343032837,0.020981404930353165,0.9955261945724487,0.017783211544156075,0.9990711808204651,0.016040310263633728,0.9992169737815857,0.01679915376007557,0.9983542561531067,0.02105742134153843,0.998841404914856,0.01771661825478077,1.0054240226745605,0.0335894413292408,1.0048532485961914,0.03319723904132843,1.0211598873138428,0.05773090571165085,1.019803762435913,0.059534139931201935,1.017725944519043,0.05514070764183998,1.013931393623352,0.056093379855155945,1.0215420722961426,0.06880325824022293,1.0191311836242676,0.07152298837900162,1.0280007123947144,0.08348483592271805,1.0256493091583252,0.08183528482913971,1.0300968885421753,0.09558175504207611,1.0269522666931152,0.09281853586435318,1.0294544696807861,0.09903242439031601,1.0278810262680054,0.09419693797826767,1.0166957378387451,0.07331205159425735
1270,1,4.751452803611756e-06,2.3036746978759766,9.732218876103776,3.083478329623097,1.7130293269770547,1.5500796216381758,1.7315266996953464,1.4677372358671916,1.4054349140764966,0.9650545004421884,0.8460809222551394,0.7000717769471215,0.5634485243992645,0.49596354168694434,0.40369088588888186,0.9997938275337219,0.016846662387251854,0.9973669052124023,0.013606571592390537,0.997718870639801,0.011480913497507572,0.9980174899101257,0.021319689229130745,0.9955254793167114,0.018457725644111633,0.9991670250892639,0.016925472766160965,0.9993533492088318,0.017742205411195755,0.9985292553901672,0.02217167057096958,0.9990449547767639,0.018506942316889763,1.0054928064346313,0.034030698239803314,1.004979133605957,0.03329536318778992,1.021239995956421,0.05779748782515526,1.0198533535003662,0.05957796424627304,1.0179104804992676,0.05545468255877495,1.0140929222106934,0.05647437646985054,1.0216091871261597,0.06896252185106277,1.0191363096237183,0.07169020175933838,1.0280473232269287,0.08378332853317261,1.02572500705719,0.08232247829437256,1.030045986175537,0.09562503546476364,1.0270516872406006,0.09302803128957748,1.0292643308639526,0.09864682704210281,1.0278939008712769,0.09389480203390121,1.0165746212005615,0.0725211352109909
1290,1,4.751452803611756e-06,2.1905932426452637,8.71876398766353,2.78205655731233,1.3925690790253087,1.2844575593962042,1.4526279157283661,1.2323176208667634,1.2108393543493299,0.8775068716785454,0.7792825576704656,0.6266310292878217,0.5779035249427135,0.48952955234426443,0.39614635717882285,0.9992213845252991,0.015183646231889725,0.9979729056358337,0.01300251204520464,0.9983408451080322,0.010243692435324192,0.9984189867973328,0.020157229155302048,0.9957257509231567,0.01663299649953842,0.9992185831069946,0.014823585748672485,0.9993778467178345,0.015759766101837158,0.9986663460731506,0.020568495616316795,0.9990653395652771,0.017270632088184357,1.0056931972503662,0.03414162993431091,1.0050604343414307,0.03436412289738655,1.0214455127716064,0.05914795398712158,1.020073413848877,0.061511360108852386,1.0179507732391357,0.05720922723412514,1.0142403841018677,0.05839838087558746,1.021895170211792,0.07095493376255035,1.0196791887283325,0.07393977791070938,1.0284627676010132,0.08551070094108582,1.0260326862335205,0.08366179466247559,1.0304312705993652,0.09721003472805023,1.0271365642547607,0.09409041702747345,1.0295355319976807,0.09991195052862167,1.027703881263733,0.09412141889333725,1.016790509223938,0.07379717379808426
1280,1,4.751452803611756e-06,2.8474152088165283,11.882711420343108,3.830185193258283,2.1330886304971206,1.9573497243357885,2.2712039526745063,1.959777031961619,1.869417660877861,1.3588803447111453,1.1705173176354045,0.9852193480299398,0.7737878778747912,0.6325004412697393,0.5596532116965638,0.9995584487915039,0.015926361083984375,0.9976530075073242,0.013569307513535023,0.9979856014251709,0.01121353730559349,0.9980923533439636,0.02095101587474346,0.9955551028251648,0.01773487590253353,0.9991421699523926,0.015918467193841934,0.9992930293083191,0.016746558248996735,0.998400866985321,0.020955903455615044,0.9988983869552612,0.017591385170817375,1.0054042339324951,0.03341076150536537,1.0048789978027344,0.03309257701039314,1.0211515426635742,0.05759767070412636,1.0198540687561035,0.05941375717520714,1.0177775621414185,0.055069416761398315,1.0139662027359009,0.05606180429458618,1.0215697288513184,0.06873554736375809,1.019139289855957,0.071467325091362,1.0280088186264038,0.08344066143035889,1.0256240367889404,0.0817779079079628,1.0300819873809814,0.09552468359470367,1.0269781351089478,0.09279783070087433,1.0294997692108154,0.09902243316173553,1.0279561281204224,0.09421651065349579,1.0166633129119873,0.07328829169273376
1300,1,4.751452803611756e-06,2.3533005714416504,10.326901469938093,2.7337913061315406,1.5911272566649544,1.4678004990621347,1.8365302151904124,1.5824525845764794,1.5540628194448014,1.2278073655616146,0.9905930224694065,0.8301266662728645,0.6739376465390299,0.5674518455084531,0.4671644593030031,0.999075174331665,0.015406652353703976,0.9979059100151062,0.013289012014865875,0.9982560276985168,0.010838844813406467,0.9981123208999634,0.019888052716851234,0.9955230355262756,0.01629728637635708,0.9990423321723938,0.014372882433235645,0.9993398785591125,0.015324236825108528,0.9984096884727478,0.02048419415950775,0.9990177154541016,0.017016123980283737,1.0057306289672852,0.03447460010647774,1.0051279067993164,0.03483957424759865,1.0215365886688232,0.05990497022867203,1.0202304124832153,0.06253799051046371,1.0181180238723755,0.05866136774420738,1.0144340991973877,0.05997536703944206,1.0220462083816528,0.07235484570264816,1.0199158191680908,0.07541313022375107,1.0287302732467651,0.08695657551288605,1.0262788534164429,0.08508246392011642,1.0306657552719116,0.09876157343387604,1.027571678161621,0.09600140899419785,1.030073642730713,0.10214509069919586,1.028335690498352,0.09673264622688293,1.017333984375,0.07680755108594894
1290,1,4.751452803611756e-06,2.186710834503174,8.779666949037825,2.781644520765393,1.3911911688211196,1.2841752710148613,1.4524960418110209,1.2350516011097035,1.2106756241649044,0.8772626913639281,0.7784263152353653,0.626721283943527,0.5766512251876511,0.4891922886986973,0.3960633591616044,0.9992483258247375,0.01514764130115509,0.9979796409606934,0.013009609654545784,0.9983354210853577,0.010277309454977512,0.9984818696975708,0.020168697461485863,0.9957529306411743,0.01663004420697689,0.9992982149124146,0.014733203686773777,0.999448835849762,0.015706270933151245,0.9987204074859619,0.020414618775248528,0.9991100430488586,0.017122460529208183,1.0056513547897339,0.03391994535923004,1.0050647258758545,0.034239958971738815,1.0214226245880127,0.05899270251393318,1.0201104879379272,0.06135738641023636,1.0179946422576904,0.057089999318122864,1.0142619609832764,0.058318741619586945,1.0219186544418335,0.070867158472538,1.0196795463562012,0.07386590540409088,1.0284678936004639,0.08546103537082672,1.0260043144226074,0.0836021900177002,1.0304230451583862,0.09716930985450745,1.027166724205017,0.0940997302532196,1.0296002626419067,0.09996363520622253,1.027801275253296,0.09421053528785706,1.0167702436447144,0.07383392006158829
1310,1,4.751452803611756e-06,3.8949902057647705,10.162490648445846,3.817523976513309,1.920960272185077,1.7124342992267725,1.8690349827625505,1.6869029050208553,1.8021615623022782,1.3468143831804924,1.0477380213724579,0.8290585286374498,0.7187531256771041,0.5765062523630246,0.4960416569651997,0.9993300437927246,0.015229498036205769,0.9979411363601685,0.013292187824845314,0.998275637626648,0.010297518223524094,0.998042106628418,0.020357301458716393,0.9956296682357788,0.016932953149080276,0.9993373155593872,0.015552317723631859,0.9997236728668213,0.01651010662317276,0.9984878301620483,0.02203361690044403,0.9992725253105164,0.018378403037786484,1.006127953529358,0.035969045013189316,1.0054476261138916,0.036248818039894104,1.0219007730484009,0.06194571033120155,1.0205137729644775,0.06497606635093689,1.0184919834136963,0.06140540540218353,1.0148743391036987,0.0628664568066597,1.02225923538208,0.07475870847702026,1.0200804471969604,0.07786809653043747,1.0289764404296875,0.08930106461048126,1.0265001058578491,0.08732473105192184,1.0312330722808838,0.10175614804029465,1.0280081033706665,0.09899107366800308,1.0304739475250244,0.10487262159585953,1.0286818742752075,0.09916113317012787,1.018071174621582,0.08033565431833267
1300,1,4.751452803611756e-06,2.348665952682495,10.060998556801081,2.7109145929225846,1.5845895685689866,1.4627171566357817,1.8328659622287882,1.5758119628235006,1.5512732080614364,1.2245641529136233,0.9881561582897508,0.8278874128290002,0.6735856668487555,0.5671496962793829,0.46659932640852014,0.9990862011909485,0.015346088446676731,0.9979187846183777,0.013322679325938225,0.9982523322105408,0.010907108895480633,0.9981744289398193,0.01991262286901474,0.995540201663971,0.01629575341939926,0.999118447303772,0.014259669929742813,0.999405026435852,0.015232410281896591,0.9984655380249023,0.020275015383958817,0.9990594387054443,0.016824182122945786,1.005687952041626,0.034207530319690704,1.005129337310791,0.03468366712331772,1.0215082168579102,0.05971092730760574,1.0202560424804688,0.06232390180230141,1.0181454420089722,0.0584615059196949,1.0144356489181519,0.05981075391173363,1.0220577716827393,0.07219460606575012,1.0199021100997925,0.07526328414678574,1.0287182331085205,0.08683028072118759,1.0262346267700195,0.08495043963193893,1.0306494235992432,0.0986640676856041,1.0275933742523193,0.09596287459135056,1.0301350355148315,0.10215960443019867,1.0284382104873657,0.09681787341833115,1.017305850982666,0.07681639492511749
1320,1,4.751452803611756e-06,3.492143154144287,8.830305748813513,2.8613331499830434,1.7234190935525413,1.6641145932134667,1.9699467086218243,1.6425959499876903,1.5242650468870218,1.180156536132238,1.0052674920348337,0.8565842358920697,0.6711622775721107,0.6008970749497184,0.4307988534512683,0.9995535016059875,0.01641952060163021,0.997565746307373,0.013771428726613522,0.9978652000427246,0.010855930857360363,0.9976848363876343,0.021368810907006264,0.9952021837234497,0.018464000895619392,0.9988914728164673,0.01708059199154377,0.9993919730186462,0.018395788967609406,0.9982324838638306,0.022936850786209106,0.9990620017051697,0.019264301285147667,1.0061619281768799,0.03598785772919655,1.005523443222046,0.03639255464076996,1.021812081336975,0.06105693429708481,1.0202877521514893,0.06367477774620056,1.0183364152908325,0.059755872935056686,1.0145959854125977,0.06095722317695618,1.021860957145691,0.07248734682798386,1.0196011066436768,0.07561812549829483,1.0287389755249023,0.0873253121972084,1.0262919664382935,0.08553683012723923,1.031136155128479,0.10011616349220276,1.0279005765914917,0.09739989787340164,1.0305975675582886,0.10370899736881256,1.028751015663147,0.0981377363204956,1.0176488161087036,0.07944010198116302
1310,1,4.751452803611756e-06,3.8901116847991943,10.164310676914107,3.8105532987674984,1.9223290889655087,1.7128961003858676,1.8666931491537848,1.6877071127441259,1.8025614314485776,1.3444637460522513,1.0437104166452138,0.8264709558311543,0.71581625351501,0.575529284609866,0.49409385214075485,0.9993683695793152,0.01512903906404972,0.9979584813117981,0.013354526832699776,0.9982725977897644,0.010392317548394203,0.9981062412261963,0.02035975456237793,0.9956353306770325,0.01690150424838066,0.9994046688079834,0.015396179631352425,0.9997783303260803,0.016373248770833015,0.9985253214836121,0.021769702434539795,0.9992992281913757,0.018135597929358482,1.00607430934906,0.03565585985779762,1.0054370164871216,0.036052998155355453,1.0218594074249268,0.061718013137578964,1.0205342769622803,0.0647163987159729,1.0185201168060303,0.06116222217679024,1.0148718357086182,0.06265377998352051,1.022270679473877,0.07456757128238678,1.0200670957565308,0.07768773287534714,1.0289589166641235,0.08913206309080124,1.0264497995376587,0.08714903146028519,1.031212568283081,0.10161910206079483,1.0280170440673828,0.0989152267575264,1.0305262804031372,0.10485461354255676,1.0287775993347168,0.09923016279935837,1.0180487632751465,0.08036995679140091
1330,1,4.751452803611756e-06,2.69728946685791,9.355779224906732,3.3060690810814686,1.6520273859913384,1.6538626722286713,1.9166108776822146,1.6865782137908505,1.655308712708974,1.2889011461252935,1.1160825779784829,0.8420387829914886,0.6866253808397176,0.5878038971196398,0.47272260045816566,0.9990719556808472,0.019368575885891914,0.9968021512031555,0.015083200298249722,0.9970591068267822,0.011791220866143703,0.9983775615692139,0.02260095626115799,0.9955230951309204,0.02028537727892399,0.9991989731788635,0.01912587694823742,0.9995009303092957,0.02051587961614132,0.998422384262085,0.02398102730512619,0.9992121458053589,0.020346589386463165,1.0064563751220703,0.03641720116138458,1.0055272579193115,0.03607872873544693,1.0220125913619995,0.06069537252187729,1.020136833190918,0.06286776065826416,1.0181655883789062,0.05861848592758179,1.014387845993042,0.05986127629876137,1.021858811378479,0.07156592607498169,1.0193493366241455,0.07440805435180664,1.0283719301223755,0.08566702157258987,1.025797963142395,0.08361239731311798,1.0306155681610107,0.09799733757972717,1.0274279117584229,0.09549666196107864,1.0303292274475098,0.10219694674015045,1.0287379026412964,0.0972142443060875,1.0170550346374512,0.07701226323843002
1320,1,4.751452803611756e-06,3.4831554889678955,8.85026055999683,2.8517261741940247,1.718287182357459,1.660640514301088,1.9648495891968611,1.640381381525444,1.5252737825031895,1.1809426260076223,1.006148457321229,0.8563292949174179,0.6722164816045038,0.6013976753255263,0.4304664688582894,0.9995906949043274,0.016317836940288544,0.9975815415382385,0.013822542503476143,0.9978651404380798,0.010954776778817177,0.9977452158927917,0.021374037489295006,0.9951996803283691,0.01843608357012272,0.998952329158783,0.01692870259284973,0.9994365572929382,0.018260058015584946,0.998259961605072,0.022653380408883095,0.9990782141685486,0.019005268812179565,1.0060975551605225,0.03565026819705963,1.0054999589920044,0.03615976497530937,1.0217485427856445,0.060779448598623276,1.020293951034546,0.06335052847862244,1.018356442451477,0.05945268273353577,1.0145779848098755,0.06065581738948822,1.0218586921691895,0.07221604883670807,1.0195727348327637,0.0753404051065445,1.0287086963653564,0.08706219494342804,1.0262246131896973,0.08525513857603073,1.0311049222946167,0.0998886302113533,1.0278922319412231,0.09722695499658585,1.0306370258331299,0.10360749065876007,1.0288314819335938,0.09813102334737778,1.017651081085205,0.07944227010011673
1340,1,4.751452803611756e-06,2.2952399253845215,8.564605863483065,2.4947297577538183,1.5032206866469013,1.5301002417855887,1.7714239348817293,1.4382906991092914,1.4550109653728187,1.090860639574213,0.9706240213483609,0.842410241954934,0.6868836889589304,0.5522375431972487,0.4393640932322272,0.9997079372406006,0.019398802891373634,0.9967415928840637,0.014956247061491013,0.9969815015792847,0.011971715837717056,0.9980578422546387,0.02274676412343979,0.9953364729881287,0.02052648738026619,0.9990869760513306,0.01951586827635765,0.9996001124382019,0.020933330059051514,0.9987790584564209,0.024551983922719955,0.9996891617774963,0.0206742063164711,1.0068124532699585,0.03728397935628891,1.005702018737793,0.03705578297376633,1.0227441787719727,0.0624963752925396,1.0205802917480469,0.06502686440944672,1.0185728073120117,0.0609455369412899,1.014618992805481,0.062256962060928345,1.02208411693573,0.07358238101005554,1.0194021463394165,0.07634492963552475,1.0284847021102905,0.08724860846996307,1.02595853805542,0.08524049818515778,1.0306733846664429,0.09923529624938965,1.027516484260559,0.0968928188085556,1.0304372310638428,0.10350554436445236,1.029063105583191,0.09855388104915619,1.0174981355667114,0.07650338113307953
1330,1,4.751452803611756e-06,2.6961066722869873,9.354360917645174,3.313748194273368,1.6507488199428895,1.6523383752384102,1.9174299890539797,1.6872905276265957,1.6531830260055975,1.289999797187586,1.1166855545958063,0.8437086070626648,0.6896224644528344,0.5898152049693307,0.47333006166215624,0.9991034865379333,0.01923360861837864,0.9968280792236328,0.015117781236767769,0.9970692992210388,0.011869663372635841,0.9984339475631714,0.02258278615772724,0.9955125451087952,0.020209601148962975,0.9992520809173584,0.01893949881196022,0.999538004398346,0.020343434065580368,0.9984470009803772,0.02368754707276821,0.999228298664093,0.02007453143596649,1.0063918828964233,0.036086443811655045,1.0055034160614014,0.03585592284798622,1.0219537019729614,0.060430727899074554,1.0201455354690552,0.06256422400474548,1.0181796550750732,0.05832585319876671,1.0143640041351318,0.059559524059295654,1.0218514204025269,0.07128358632326126,1.0193202495574951,0.0741158202290535,1.0283259153366089,0.0853547602891922,1.0257134437561035,0.0832732617855072,1.030569314956665,0.09770622104406357,1.0274101495742798,0.09526441246271133,1.0303505659103394,0.102015919983387,1.0287989377975464,0.09714368730783463,1.0169941186904907,0.07696574926376343
1350,1,4.751452803611756e-06,1.4320905208587646,8.924854144096614,2.8017718542837575,1.704860077263022,1.6842461047231443,1.9892089376554205,1.6538790211771122,1.5808071492978584,1.1703938445844784,0.9625213841655065,0.8512656667855327,0.6666271398543256,0.5144929777892996,0.47688268965205033,0.9998981952667236,0.02075168862938881,0.9963011145591736,0.016002828255295753,0.9964971542358398,0.012973959557712078,0.9979828596115112,0.023822849616408348,0.9951542019844055,0.021999897435307503,0.9987805485725403,0.021191544830799103,0.9994668364524841,0.022449789568781853,0.9986015558242798,0.02582457847893238,0.9996494650840759,0.021681291982531548,1.0067484378814697,0.03807095065712929,1.005545973777771,0.03780418634414673,1.0230940580368042,0.06353040039539337,1.020895004272461,0.06605831533670425,1.018854022026062,0.06203494966030121,1.0148898363113403,0.06337466090917587,1.0222535133361816,0.07441696524620056,1.0194664001464844,0.07708808779716492,1.0287293195724487,0.08803308755159378,1.0261814594268799,0.08588195592164993,1.0308070182800293,0.09961051493883133,1.027438759803772,0.096707284450531,1.0302098989486694,0.10283458232879639,1.0287578105926514,0.09726345539093018,1.0171364545822144,0.07454414665699005
1340,1,4.751452803611756e-06,2.2925877571105957,8.563348897925566,2.487995253414133,1.4969922235380475,1.5197430346825138,1.7636432472793053,1.4357468383946361,1.4555909159886626,1.090647369905294,0.9707699861374809,0.8416242865631917,0.6863551490461756,0.5526642294834013,0.4398618897093616,0.9997463822364807,0.019336862489581108,0.9967476725578308,0.015004998072981834,0.9969760179519653,0.012075004167854786,0.9981200695037842,0.022751430049538612,0.995341420173645,0.020480604842305183,0.999153733253479,0.019365062937140465,0.9996469020843506,0.02080870419740677,0.9988148212432861,0.024296220391988754,0.9997132420539856,0.020452145487070084,1.0067484378814697,0.036987125873565674,1.0056780576705933,0.0368674136698246,1.02268648147583,0.06225629523396492,1.0205988883972168,0.0647510513663292,1.018599033355713,0.060694627463817596,1.0146098136901855,0.06200725957751274,1.022096872329712,0.07335101068019867,1.0193939208984375,0.07611303776502609,1.0284545421600342,0.08698561787605286,1.0258885622024536,0.08494777232408524,1.0306382179260254,0.09898627549409866,1.0275099277496338,0.09670396149158478,1.0304569005966187,0.1033361628651619,1.0291155576705933,0.0984758660197258,1.0174390077590942,0.07646043598651886
1360,1,4.751452803611756e-06,2.398629665374756,10.753358829415367,3.595095329759098,1.8212762616434521,1.5136516068660455,1.8182332040964035,1.5733567579034275,1.4761949608760012,1.1950033303728511,0.9516982711819517,0.7802888723213025,0.6687497678741048,0.539892423619464,0.42902879192597315,0.9999346733093262,0.021768277511000633,0.9960163831710815,0.01663198694586754,0.9962074160575867,0.013414853252470493,0.9982101321220398,0.024017013609409332,0.9951743483543396,0.022482605651021004,0.9986608624458313,0.021760273724794388,0.999477207660675,0.023120511323213577,0.9985079169273376,0.026602832600474358,0.9998214840888977,0.022383393719792366,1.0068918466567993,0.03886343911290169,1.0056707859039307,0.038745246827602386,1.0234507322311401,0.065116286277771,1.021240234375,0.067935511469841,1.0192949771881104,0.06441174447536469,1.0153008699417114,0.06580277532339096,1.022645115852356,0.07669919729232788,1.0197820663452148,0.07939202338457108,1.0292513370513916,0.09061617404222488,1.026701807975769,0.08852875232696533,1.031476616859436,0.10256624221801758,1.0278996229171753,0.09951182454824448,1.0304582118988037,0.10517790913581848,1.0289639234542847,0.09932968765497208,1.0179780721664429,0.07742348313331604
1350,1,4.751452803611756e-06,1.4231231212615967,8.835923248414874,2.791560693877348,1.6972075147108345,1.6719443710133617,1.971829753288665,1.6470729356042877,1.5794965687350375,1.1703045525847633,0.963451867307114,0.8513170512487096,0.6666699857330505,0.5143869308123563,0.47565978500038236,0.9999276995658875,0.020715393126010895,0.9963039755821228,0.016031118109822273,0.9964916706085205,0.013060484081506729,0.9980499744415283,0.023804808035492897,0.9951699376106262,0.021930040791630745,0.998863935470581,0.02102797105908394,0.999525785446167,0.022327734157443047,0.9986457228660583,0.02557409554719925,0.9996785521507263,0.021474875509738922,1.0067007541656494,0.037798382341861725,1.005537509918213,0.037654437124729156,1.0230457782745361,0.06332837790250778,1.0209261178970337,0.06583130359649658,1.0188909769058228,0.061841387301683426,1.014891266822815,0.06319473683834076,1.0222853422164917,0.07425455749034882,1.0194780826568604,0.07694129645824432,1.0287106037139893,0.08783670514822006,1.0261225700378418,0.08565764129161835,1.0307822227478027,0.09943023324012756,1.027440071105957,0.0965864285826683,1.030239462852478,0.10274094343185425,1.0288180112838745,0.09723003208637238,1.0170953273773193,0.07455955445766449
1370,1,4.751452803611756e-06,2.7210559844970703,10.990897601332996,2.8706951076189395,1.6781338566869632,1.6386123118093974,2.0443237700236057,1.6631871886361165,1.7065703438071074,1.1933125488132006,1.0458329412923364,0.9152227678692295,0.7085780161884546,0.5634178337146404,0.4901626592816023,1.000158667564392,0.020945020020008087,0.9962610006332397,0.015905102714896202,0.996505856513977,0.012853228487074375,0.9980215430259705,0.022870341315865517,0.9949576258659363,0.021191401407122612,0.9982650876045227,0.020246239379048347,0.9992043972015381,0.022144297137856483,0.9983776807785034,0.026033611968159676,0.9997771978378296,0.021849481388926506,1.0067389011383057,0.03866274282336235,1.0055826902389526,0.038818154484033585,1.0233286619186401,0.06503014266490936,1.0212050676345825,0.06774874031543732,1.0194147825241089,0.06488692760467529,1.015406847000122,0.06619033217430115,1.0227655172348022,0.07711528986692429,1.0199471712112427,0.07984881103038788,1.029443383216858,0.09118431806564331,1.026926040649414,0.08922671526670456,1.0316921472549438,0.10332096368074417,1.0279345512390137,0.09991246461868286,1.0303252935409546,0.10519149899482727,1.0288580656051636,0.0991242304444313,1.0179431438446045,0.07842674106359482
1360,1,4.751452803611756e-06,2.404991626739502,10.788372474471634,3.61546826337147,1.8287262707931113,1.5206634887385988,1.8279686008449139,1.5815725997926,1.4890845101236878,1.205337259163819,0.9560188403457297,0.7818954075153945,0.6718865977753224,0.5418510908568309,0.431220859588292,0.9999454021453857,0.021787645295262337,0.9960019588470459,0.016716791316866875,0.9961799383163452,0.013557258062064648,0.9982671737670898,0.024037251248955727,0.9951840043067932,0.02244620956480503,0.9987449049949646,0.021644145250320435,0.9995370507240295,0.023051859810948372,0.998562753200531,0.026389341801404953,0.9998658299446106,0.022220002487301826,1.006858229637146,0.038611702620983124,1.00567626953125,0.038608379662036896,1.0234125852584839,0.06492435932159424,1.0212873220443726,0.06771288812160492,1.019339680671692,0.06422139704227448,1.0153026580810547,0.06562687456607819,1.0226722955703735,0.07653214037418365,1.019789218902588,0.07924844324588776,1.0292364358901978,0.09043125063180923,1.0266491174697876,0.08833348006010056,1.0314562320709229,0.1024174690246582,1.027909755706787,0.09942829608917236,1.030496597290039,0.10511920601129532,1.029030442237854,0.09932634234428406,1.0179486274719238,0.0774618536233902
1380,1,4.751452803611756e-06,2.5012857913970947,9.82321568856989,3.023813180360242,1.9141640294100877,1.8198712202871574,2.2141090802190373,1.8803187310989016,1.8467727881564522,1.3810803560426597,1.1239501761707207,0.9780815049322674,0.7476752927677536,0.5777353501633384,0.5550415455592793,1.0009080171585083,0.020376339554786682,0.996364951133728,0.01531810313463211,0.9966528415679932,0.012663483619689941,0.9977529644966125,0.022549372166395187,0.994720995426178,0.020855192095041275,0.9979826211929321,0.01969478651881218,0.9989714622497559,0.021604815497994423,0.9981394410133362,0.025417283177375793,0.9995930194854736,0.021224789321422577,1.0065590143203735,0.038427114486694336,1.0054508447647095,0.038641564548015594,1.0230158567428589,0.06448674201965332,1.020914912223816,0.06694122403860092,1.0192170143127441,0.06417521834373474,1.0152562856674194,0.06552241742610931,1.0226624011993408,0.07654289156198502,1.0198262929916382,0.07921170443296432,1.02926504611969,0.0905672088265419,1.026725172996521,0.08886002004146576,1.0318645238876343,0.10372135788202286,1.0280661582946777,0.10036654025316238,1.030694603919983,0.10613251477479935,1.029197096824646,0.10026634484529495,1.018180251121521,0.07912887632846832
1370,1,4.751452803611756e-06,2.7357518672943115,10.843239681471557,2.8658889564463053,1.675990409320142,1.631028639371959,2.0336900062376557,1.6599566500201957,1.7035456344118134,1.1941188444002924,1.0490938226376383,0.916838230678061,0.7091293486353284,0.5635858807405398,0.4904609260427152,1.0001438856124878,0.0210195891559124,0.9962338805198669,0.01603412628173828,0.9964629411697388,0.013027249835431576,0.9980883598327637,0.022916628047823906,0.9949766993522644,0.02117745205760002,0.9983601570129395,0.020153716206550598,0.999278724193573,0.02210414409637451,0.9984593987464905,0.025844257324934006,0.9998490214347839,0.02169927768409252,1.0067229270935059,0.0384213887155056,1.0056089162826538,0.03868585452437401,1.0233036279678345,0.06484975665807724,1.0212602615356445,0.06754372268915176,1.0194600820541382,0.06470976024866104,1.0154061317443848,0.06602180749177933,1.0227890014648438,0.07694801688194275,1.0199486017227173,0.07970825582742691,1.0294297933578491,0.09099914878606796,1.0268781185150146,0.0890454426407814,1.031674861907959,0.1031830757856369,1.0279477834701538,0.09983184933662415,1.0303699970245361,0.10514360666275024,1.0289322137832642,0.09914687275886536,1.0179177522659302,0.07847992330789566
1390,1,4.751452803611756e-06,3.7246146202087402,9.5401663211345,3.0340618101889723,1.9154438253231323,1.8671120645663521,2.3274473342517763,1.9930887579534877,1.8457100443413537,1.3255016158808748,1.151747278276177,1.0149343803614066,0.7531385309838033,0.5868458733495171,0.49075584793016835,1.0013203620910645,0.02106730081140995,0.9960837960243225,0.015927515923976898,0.9963545203208923,0.013586717657744884,0.9973898530006409,0.024053988978266716,0.9944205284118652,0.022525552660226822,0.9975932836532593,0.021346203982830048,0.9986215829849243,0.02269599214196205,0.9978821873664856,0.025722939521074295,0.9993159770965576,0.021647030487656593,1.0061858892440796,0.03785701468586922,1.0051863193511963,0.03817175701260567,1.0226494073867798,0.0634865090250969,1.0206164121627808,0.0657435953617096,1.0189478397369385,0.0628206878900528,1.0150022506713867,0.0641852393746376,1.022562026977539,0.07559353858232498,1.0198023319244385,0.07846706360578537,1.0293915271759033,0.09030202776193619,1.026880145072937,0.08897567540407181,1.0322588682174683,0.104653500020504,1.0284342765808105,0.10144277662038803,1.0311228036880493,0.10736890882253647,1.0295791625976562,0.10155368596315384,1.0184584856033325,0.07938645780086517
1380,1,4.751452803611756e-06,2.504756450653076,9.868929917389883,3.0353846596299165,1.9138420029217582,1.8135339119521137,2.2045856660512086,1.8737764730882647,1.8414007689245342,1.3795722768196435,1.121709305956686,0.9766032848689082,0.747358841047617,0.5776846613549084,0.555396973550458,1.000895380973816,0.020415542647242546,0.9963536262512207,0.015403921715915203,0.9966278076171875,0.012788024730980396,0.9978142976760864,0.022541426122188568,0.9947276711463928,0.020769750699400902,0.9980664849281311,0.019520869478583336,0.9990354180335999,0.02148822322487831,0.99821537733078,0.025175562128424644,0.9996619820594788,0.02102186344563961,1.006542444229126,0.03816879913210869,1.0054749250411987,0.038507722318172455,1.0229911804199219,0.06431830674409866,1.020972490310669,0.06675484031438828,1.0192592144012451,0.06400290131568909,1.0152496099472046,0.06534932553768158,1.0226778984069824,0.07635016739368439,1.0198159217834473,0.07902459800243378,1.0292372703552246,0.09032121300697327,1.026663899421692,0.08861420303583145,1.0318375825881958,0.10352997481822968,1.0280699729919434,0.10022430121898651,1.0307356119155884,0.10604241490364075,1.0292747020721436,0.10027353465557098,1.0181444883346558,0.07913539558649063
1400,1,4.751452803611756e-06,3.474391460418701,9.822513025205229,2.985261609071674,1.736000944761393,1.7007299953586144,2.1205024091832416,1.9623396123847217,1.881850513060748,1.4052158106423052,1.1812371309319931,0.9815337405703519,0.6761938743551723,0.5541018283415683,0.5107425891687621,1.0013686418533325,0.01944906637072563,0.9963894486427307,0.016133856028318405,0.996635377407074,0.014076828956604004,0.9966474771499634,0.0256322231143713,0.9937890768051147,0.023661397397518158,0.9969850182533264,0.022339848801493645,0.9981028437614441,0.022735891863703728,0.9972740411758423,0.024683753028512,0.9985715746879578,0.02087828516960144,1.0054712295532227,0.036060333251953125,1.0044996738433838,0.0361807607114315,1.021827220916748,0.06057381257414818,1.0197532176971436,0.06222444027662277,1.0180354118347168,0.05851895734667778,1.0141737461090088,0.059695616364479065,1.021872878074646,0.07152669131755829,1.0192458629608154,0.07452335953712463,1.029184103012085,0.08729184418916702,1.0268371105194092,0.08652414381504059,1.0321125984191895,0.10228632390499115,1.0282554626464844,0.09893840551376343,1.0309710502624512,0.10497963428497314,1.0294396877288818,0.09972415119409561,1.0176142454147339,0.07704531401395798
1390,1,4.751452803611756e-06,3.7247281074523926,9.549147002831257,3.023164761672638,1.910703756267261,1.862840557244367,2.3195539461881403,1.9898282887305958,1.8471749259547157,1.3284249678816142,1.1523230096100459,1.0166896935963867,0.7543935003324713,0.5884715643553844,0.49059486588635604,1.001320719718933,0.021069567650556564,0.9960867762565613,0.015957918018102646,0.9963485598564148,0.013651227578520775,0.9974490404129028,0.023972170427441597,0.9944266676902771,0.022368596866726875,0.9976766109466553,0.021104801446199417,0.9986850619316101,0.022514961659908295,0.9979522824287415,0.025456950068473816,0.9993860721588135,0.02142496407032013,1.006187081336975,0.03762508183717728,1.0052257776260376,0.038077689707279205,1.022630214691162,0.06337492167949677,1.020680546760559,0.06563618779182434,1.0189950466156006,0.06272256374359131,1.015005350112915,0.06410086154937744,1.022580862045288,0.07547476887702942,1.0198001861572266,0.07836555689573288,1.0293670892715454,0.09011825174093246,1.0268243551254272,0.08879714459180832,1.0322422981262207,0.10452906787395477,1.028448462486267,0.1013646274805069,1.031172275543213,0.10734926164150238,1.0296674966812134,0.10161542147397995,1.0184385776519775,0.07943367958068848
1400,1,4.751452803611756e-06,3.470757007598877,9.847429153610943,2.9748224938313363,1.730131605815318,1.694849948768799,2.112078828357447,1.966730038593899,1.8826654940818561,1.4034679621517054,1.179034627995041,0.9809970362384126,0.6755596162670074,0.5532731624743821,0.5093314987017055,1.0013693571090698,0.019484655931591988,0.9963850378990173,0.016163894906640053,0.9966225624084473,0.014155241660773754,0.996706485748291,0.025543978437781334,0.9937947988510132,0.023528484627604485,0.9970656037330627,0.02211282029747963,0.9981651306152344,0.022571761161088943,0.9973435997962952,0.02443581633269787,0.9986422061920166,0.020672911778092384,1.0054796934127808,0.035851702094078064,1.0045439004898071,0.03611355274915695,1.0218114852905273,0.06050558760762215,1.019821286201477,0.062167778611183167,1.0180909633636475,0.058468595147132874,1.014198660850525,0.0596793070435524,1.0219017267227173,0.07146985828876495,1.0192574262619019,0.07450424134731293,1.0291658639907837,0.08716681599617004,1.026785969734192,0.08640272915363312,1.0321053266525269,0.10220988839864731,1.0282840728759766,0.09891947358846664,1.0310229063034058,0.10500304400920868,1.0295360088348389,0.09983078390359879,1.0176016092300415,0.07716039568185806
1410,2,7.127179205417633e-06,1.4709663391113281,8.821242373287236,2.8994134114847547,1.8117721229794876,1.6618691081437293,1.988180396388679,1.7453864376448414,1.836971185343969,1.3527391056990279,1.1224094185065443,0.9656408608386451,0.7434644697047619,0.6012315280142807,0.47228720846752936,1.001124382019043,0.017850792035460472,0.9968913197517395,0.015592978335916996,0.9971145391464233,0.0131088150665164,0.9969524145126343,0.025543229654431343,0.9940931797027588,0.02312418445944786,0.9975042343139648,0.021786706522107124,0.9982927441596985,0.021443188190460205,0.9975036978721619,0.023271067067980766,0.9984375238418579,0.019352013245224953,1.0052721500396729,0.034950900822877884,1.004042625427246,0.034947190433740616,1.0215797424316406,0.05954434722661972,1.019336462020874,0.061287496238946915,1.0173259973526,0.05653057619929314,1.0135021209716797,0.05748138576745987,1.0212194919586182,0.0690499097108841,1.0186222791671753,0.07188203185796738,1.0285778045654297,0.0845961943268776,1.0263895988464355,0.0840466246008873,1.0317493677139282,0.09999252110719681,1.02806556224823,0.09687908738851547,1.0308170318603516,0.10315660387277603,1.0292800664901733,0.09827739745378494,1.0169999599456787,0.0743291899561882
1420,2,7.127179205417633e-06,2.7298288345336914,9.658828596704607,2.9282033674989494,1.5446572800300666,1.4380211563530059,1.7009484167701139,1.5277791612647367,1.5067292687998313,1.093285494175152,0.8512289873265851,0.7773467027386799,0.5888361638413083,0.5196610936746623,0.4341706050427047,1.0003139972686768,0.017876584082841873,0.9970630407333374,0.01581241749227047,0.9972121119499207,0.012440797872841358,0.9976055026054382,0.02604157291352749,0.994784414768219,0.023517295718193054,0.9984484910964966,0.022387448698282242,0.9989059567451477,0.021145956590771675,0.9981228113174438,0.022998234257102013,0.9987660646438599,0.019134923815727234,1.0055617094039917,0.034886348992586136,1.004118800163269,0.035024598240852356,1.0221019983291626,0.06035849452018738,1.0197330713272095,0.062262553721666336,1.0177580118179321,0.057531919330358505,1.0138099193572998,0.05822576582431793,1.0214619636535645,0.0696936547756195,1.0187307596206665,0.07227817922830582,1.0289326906204224,0.08519800752401352,1.026573896408081,0.08415547013282776,1.031664252281189,0.09937430173158646,1.027892827987671,0.0958915427327156,1.0312001705169678,0.10322313755750656,1.029609203338623,0.09838293492794037,1.0165390968322754,0.07364799827337265
1410,2,7.127179205417633e-06,1.4706506729125977,8.890210341258044,2.927757085666187,1.82535459534329,1.6756835750892025,2.0009384898545735,1.7539356036449345,1.8457098509619287,1.3520408285825423,1.1202688135088708,0.9654373537543683,0.7424975714659814,0.5997139510501246,0.47155388209118143,1.0011135339736938,0.01776362955570221,0.9969170689582825,0.015602425672113895,0.9971300363540649,0.01318547036498785,0.9969749450683594,0.025432707741856575,0.9940502643585205,0.0229650791734457,0.9975348114967346,0.02151579037308693,0.9983037114143372,0.021193956956267357,0.9975342154502869,0.02295294962823391,0.9984753727912903,0.019083989784121513,1.0052568912506104,0.0347125418484211,1.0040677785873413,0.03488416597247124,1.0215569734573364,0.05950232222676277,1.0194002389907837,0.061266619712114334,1.017381191253662,0.05651602894067764,1.0135366916656494,0.057508356869220734,1.0212544202804565,0.06902332603931427,1.0186423063278198,0.0718906819820404,1.0285483598709106,0.08446962386369705,1.026331901550293,0.08392878621816635,1.031732439994812,0.0999007448554039,1.0280884504318237,0.09685294330120087,1.030864953994751,0.10317350924015045,1.0293784141540527,0.09839745610952377,1.0169849395751953,0.074443019926548
1430,2,7.127179205417633e-06,0.9612665772438049,9.819053488144093,2.932747754634587,1.6645325216126774,1.5373035127449688,1.8109035212302786,1.5933572073564894,1.670390345855432,1.2935868419265724,0.9534203355958466,0.8159092968144269,0.6183001509047996,0.5028086159021076,0.4726670161467427,1.000088095664978,0.01899457350373268,0.9967751502990723,0.016645235940814018,0.9968821406364441,0.01289905421435833,0.9975752830505371,0.026748184114694595,0.9945989847183228,0.02459040656685829,0.9984251856803894,0.02361673302948475,0.9987128376960754,0.022472340613603592,0.9977043867111206,0.02439584955573082,0.9984920620918274,0.02064034715294838,1.005812406539917,0.035564813762903214,1.0043425559997559,0.03585127741098404,1.0224907398223877,0.06096626818180084,1.0202692747116089,0.06288359314203262,1.0180996656417847,0.058405421674251556,1.0141615867614746,0.05909852683544159,1.0218437910079956,0.07071787863969803,1.0190619230270386,0.07352180033922195,1.02911376953125,0.08613886684179306,1.026819109916687,0.0852702260017395,1.0319842100143433,0.10048311203718185,1.0281366109848022,0.09678324311971664,1.0317460298538208,0.10475144535303116,1.0303195714950562,0.10023725777864456,1.0166996717453003,0.07393273711204529
1420,2,7.127179205417633e-06,2.720642566680908,9.620495773521956,2.9327014880099593,1.5535440309497768,1.4509426451404426,1.708096256491135,1.530640031182732,1.509395831711542,1.094135625453755,0.8519180229674185,0.7767018358826789,0.5879331545564268,0.5194333175791565,0.43369068144107603,1.0002646446228027,0.017643388360738754,0.9971342086791992,0.015792373567819595,0.9972723126411438,0.012484576553106308,0.9975985288619995,0.0258584413677454,0.994700014591217,0.02326083928346634,0.9984309077262878,0.02200896479189396,0.9988709092140198,0.020757261663675308,0.9980981349945068,0.022594081237912178,0.9987584948539734,0.018783986568450928,1.0055198669433594,0.03462877497076988,1.0041263103485107,0.03498456999659538,1.0220683813095093,0.060342028737068176,1.0197813510894775,0.06227516010403633,1.0178049802780151,0.05754765868186951,1.0138496160507202,0.05828575789928436,1.0214992761611938,0.0696948990225792,1.018755555152893,0.07229969650506973,1.0288947820663452,0.08507070690393448,1.0265178680419922,0.08405721187591553,1.0316482782363892,0.09929812699556351,1.0279266834259033,0.09590505063533783,1.0312451124191284,0.1032518744468689,1.0297061204910278,0.0985138937830925,1.0165261030197144,0.07372015714645386
1440,2,7.127179205417633e-06,1.9828503131866455,10.10534884315015,2.9515208396510344,1.8699643267822865,1.8559938888689904,2.246539190776336,1.8538512423614153,2.0909967329202193,1.4526854164224805,1.1541058838335851,0.9871730475413365,0.7002490371146423,0.5796385328279144,0.44361078166118506,1.0006800889968872,0.021982289850711823,0.9959303140640259,0.01749436929821968,0.9960952997207642,0.013804933056235313,0.9980390667915344,0.0271330326795578,0.9952179789543152,0.025225484743714333,0.9989579916000366,0.024456126615405083,0.9994493126869202,0.023866858333349228,0.9985714554786682,0.026516832411289215,0.9995096325874329,0.02226359210908413,1.0073517560958862,0.037960235029459,1.0060241222381592,0.038094136863946915,1.0238600969314575,0.0647946372628212,1.0215588808059692,0.06742686778306961,1.0191959142684937,0.06322445720434189,1.0150094032287598,0.06394298374652863,1.022641897201538,0.07555484771728516,1.0197540521621704,0.07852775603532791,1.030017614364624,0.0911765918135643,1.027755856513977,0.09026002138853073,1.0329619646072388,0.10539327561855316,1.0290230512619019,0.10133806616067886,1.0326862335205078,0.10929770022630692,1.0312434434890747,0.10373116284608841,1.0175138711929321,0.07784812152385712
1430,2,7.127179205417633e-06,0.9719249606132507,9.821533062892927,2.9565556894628338,1.6734303744364198,1.5462149452584133,1.818572489244328,1.5995049867855013,1.6731445157642033,1.2930106460159196,0.9569136554436078,0.8181074008346322,0.6201957482806372,0.5031308839353174,0.47119563190769975,1.0000523328781128,0.018619852140545845,0.9968898296356201,0.01654508151113987,0.9969855546951294,0.012825471349060535,0.997576892375946,0.026457717642188072,0.9945065379142761,0.02422468177974224,0.9984023571014404,0.023116862401366234,0.9986703991889954,0.021971149370074272,0.9976550936698914,0.02391950413584709,0.9984660744667053,0.020203281193971634,1.005763292312622,0.03528044372797012,1.004335641860962,0.03579410910606384,1.0224709510803223,0.060950081795454025,1.0203044414520264,0.0629049688577652,1.018144130706787,0.05843859165906906,1.0141984224319458,0.05916350334882736,1.021882176399231,0.07073349505662918,1.019094467163086,0.07355259358882904,1.0290743112564087,0.08601606637239456,1.0267702341079712,0.08517885208129883,1.0319738388061523,0.10040506720542908,1.0281730890274048,0.09678969532251358,1.0317933559417725,0.1047656461596489,1.0304235219955444,0.10036218166351318,1.0166698694229126,0.07393749803304672
1450,2,7.127179205417633e-06,3.277827024459839,9.26803102927574,3.086694779685487,1.582457468183994,1.5119945524266787,1.6317314801323148,1.489933593691354,1.5310938594520251,1.1195185149521016,0.9141529706445389,0.7178595934772696,0.6130932320654049,0.4981139377128618,0.42541270071540455,1.0014723539352417,0.025304727256298065,0.994730532169342,0.020203091204166412,0.9954317212104797,0.01696404069662094,0.9984123110771179,0.028470296412706375,0.9959579706192017,0.026859648525714874,0.999431848526001,0.02620266191661358,1.0001541376113892,0.026080485433340073,0.999706506729126,0.028570743277668953,1.0007398128509521,0.02429536171257496,1.0082366466522217,0.04016227275133133,1.0069512128829956,0.03996926173567772,1.0248984098434448,0.06776241213083267,1.0227651596069336,0.07095049321651459,1.0203776359558105,0.06755826622247696,1.0163408517837524,0.06899614632129669,1.0241209268569946,0.08125022798776627,1.0212386846542358,0.08468490093946457,1.0315022468566895,0.09747914224863052,1.02886164188385,0.09627250581979752,1.0341535806655884,0.11160477250814438,1.0298583507537842,0.1072559654712677,1.0340338945388794,0.11601433902978897,1.0324761867523193,0.10914816707372665,1.0190846920013428,0.08235812932252884
1440,2,7.127179205417633e-06,1.9925761222839355,10.053186958298046,2.9249467550032793,1.8635497292101282,1.8606241750002812,2.24673908089697,1.8590043573898434,2.0965481404028026,1.454457754323831,1.1547009412007627,0.9890253335841203,0.7029873192541036,0.5823943842141146,0.44573531704131003,1.0006855726242065,0.02162393368780613,0.9960455894470215,0.017303703352808952,0.9962047934532166,0.013638945296406746,0.9980171918869019,0.026773516088724136,0.9950928092002869,0.02479199878871441,0.9989038705825806,0.02389337867498398,0.9993792176246643,0.02332746982574463,0.9984754323959351,0.026000823825597763,0.999431848526001,0.021792663261294365,1.007257103919983,0.03763696551322937,1.005968451499939,0.0379926860332489,1.0237910747528076,0.06470993906259537,1.02154541015625,0.06735989451408386,1.019212245941162,0.06316635757684708,1.0150337219238281,0.06392155587673187,1.0226695537567139,0.07549619674682617,1.0197819471359253,0.07849125564098358,1.0299735069274902,0.09100880473852158,1.0277005434036255,0.09012360870838165,1.0329525470733643,0.10528010129928589,1.029049038887024,0.101288340985775,1.032726526260376,0.1092676967382431,1.0313382148742676,0.10380815714597702,1.0174654722213745,0.07782306522130966
1460,2,7.127179205417633e-06,1.719890832901001,8.694919248858596,2.898991855167515,1.7074258404089915,1.5828296490085414,1.7326301165689928,1.452186633706823,1.372985689599116,1.0424116984899738,0.8774682692538541,0.7595197602880968,0.5638085892007846,0.5063609970249568,0.40511317231338795,1.0018388032913208,0.028230471536517143,0.9938472509384155,0.022281283512711525,0.9956337809562683,0.019285602495074272,0.9987533688545227,0.028611857444047928,0.9964263439178467,0.027186350896954536,0.9995260238647461,0.02621432952582836,1.0003759860992432,0.026325058192014694,1.000005841255188,0.028977828100323677,1.0014493465423584,0.02432136796414852,1.0085384845733643,0.041391175240278244,1.0073100328445435,0.04084939882159233,1.025280237197876,0.06985487788915634,1.0233806371688843,0.07339396327733994,1.020886778831482,0.0700443685054779,1.0167815685272217,0.07161974161863327,1.0248541831970215,0.08403493463993073,1.021957516670227,0.08770523965358734,1.032504916191101,0.10116966813802719,1.0295746326446533,0.0998913124203682,1.0350943803787231,0.11567234247922897,1.030634880065918,0.111197330057621,1.0353116989135742,0.12095827609300613,1.0336030721664429,0.11389195919036865,1.0203485488891602,0.08713914453983307
1450,2,7.127179205417633e-06,3.2785115242004395,9.096771330999047,3.068926595801675,1.5872149767416897,1.518340823206472,1.6282444044628417,1.483683458874527,1.5328540049873371,1.1197326031646717,0.9132737649006708,0.7147282323567251,0.6120871243523434,0.49550344414931524,0.4249825943192204,1.0015262365341187,0.025053905323147774,0.9948170781135559,0.020026177167892456,0.9953453540802002,0.016816409304738045,0.9983919858932495,0.028134658932685852,0.9958499073982239,0.026445601135492325,0.9993864893913269,0.02568765915930271,1.0000957250595093,0.02559426799416542,0.999618649482727,0.028106041252613068,1.0006680488586426,0.02388998493552208,1.0081599950790405,0.03990095108747482,1.0068995952606201,0.039920128881931305,1.0248433351516724,0.06773831695318222,1.0227586030960083,0.07095231115818024,1.020398497581482,0.06757040321826935,1.0163755416870117,0.06905516237020493,1.024179220199585,0.08129942417144775,1.0212982892990112,0.08478299528360367,1.0315051078796387,0.09747202694416046,1.028853416442871,0.09630477428436279,1.0342024564743042,0.11169232428073883,1.0299291610717773,0.10736626386642456,1.0341153144836426,0.116146519780159,1.0325961112976074,0.10935533791780472,1.0190702676773071,0.08248095214366913
1470,2,7.127179205417633e-06,2.389744281768799,8.433392887050273,2.4899933713410958,1.4024062873068937,1.297350572570912,1.53469720882496,1.3323715767369952,1.2979352302741698,0.963031782326053,0.8323765640670894,0.7191290390102361,0.5589496425024393,0.5088208255327772,0.4211986284836396,1.0017739534378052,0.03182290494441986,0.9929453730583191,0.024465620517730713,0.9958282709121704,0.02155899628996849,0.998999297618866,0.030155902728438377,0.996541440486908,0.029025116935372353,0.9995632767677307,0.027922775596380234,1.0003362894058228,0.028081312775611877,0.9998452663421631,0.029887530952692032,1.0012613534927368,0.024650081992149353,1.0081878900527954,0.04107484221458435,1.0069125890731812,0.039681535214185715,1.0248523950576782,0.06864993274211884,1.023023009300232,0.07192069292068481,1.0204927921295166,0.06783010810613632,1.016283631324768,0.06923196464776993,1.0248514413833618,0.08216948807239532,1.0218818187713623,0.08574505895376205,1.0326675176620483,0.09981634467840195,1.0297307968139648,0.09887918084859848,1.0353566408157349,0.11504977941513062,1.030704140663147,0.11029043048620224,1.0354608297348022,0.12016069144010544,1.0337892770767212,0.11340370774269104,1.019883394241333,0.08505573868751526
1460,2,7.127179205417633e-06,1.7001228332519531,8.615520165231603,2.9044867885981063,1.7196367341392242,1.5893258946654016,1.7395791351194296,1.4538430577815395,1.373732847614017,1.043097590303532,0.8784799500605637,0.7590046236875282,0.5655884599847477,0.5072935490173978,0.40475843052014276,1.0018703937530518,0.028057482093572617,0.9939223527908325,0.02212827280163765,0.9955732822418213,0.019150150939822197,0.9987658262252808,0.0282631516456604,0.996342658996582,0.026739398017525673,0.9995026588439941,0.025674328207969666,1.000329852104187,0.025791093707084656,0.9999407529830933,0.028500743210315704,1.001394271850586,0.023911623284220695,1.0084844827651978,0.04114293307065964,1.007277250289917,0.040811117738485336,1.0252398252487183,0.06984777748584747,1.0233724117279053,0.07338633388280869,1.0208804607391357,0.07001963257789612,1.0167906284332275,0.07161387801170349,1.0248886346817017,0.08400705456733704,1.0219933986663818,0.0877085030078888,1.0324970483779907,0.10108422487974167,1.0295567512512207,0.0998322144150734,1.0351343154907227,0.11568649113178253,1.03069007396698,0.11121111363172531,1.0353803634643555,0.12100063264369965,1.0337175130844116,0.11404740065336227,1.0203102827072144,0.08721144497394562
1480,2,7.127179205417633e-06,3.1254470348358154,11.114037521634753,3.32225659570105,1.742998837506431,1.7402252354978354,2.026744671730978,1.8362067602327696,1.8645357756085061,1.4958029471120917,1.263386758839739,1.007994111914456,0.7794091839423438,0.6591649510581923,0.47018241982910125,1.0018739700317383,0.03141195699572563,0.9929205775260925,0.024835793301463127,0.9952511787414551,0.02214949019253254,0.998564600944519,0.03074379824101925,0.9960228800773621,0.029506519436836243,0.9990679025650024,0.028108546510338783,0.9997888803482056,0.028051771223545074,0.998991072177887,0.02885844185948372,1.0002994537353516,0.023636024445295334,1.0071158409118652,0.039134349673986435,1.0057933330535889,0.03737431764602661,1.023783564567566,0.06538161635398865,1.0220180749893188,0.06787830591201782,1.0196049213409424,0.06310651451349258,1.0153329372406006,0.06414767354726791,1.0242913961410522,0.07784300297498703,1.0213266611099243,0.08136790245771408,1.0324761867523193,0.09633232653141022,1.029547929763794,0.09558141976594925,1.0351992845535278,0.11228044331073761,1.0303254127502441,0.1071489155292511,1.0353929996490479,0.11756686866283417,1.0335155725479126,0.11044386029243469,1.0184800624847412,0.08092071115970612
1470,2,7.127179205417633e-06,2.3608202934265137,8.391745017060925,2.4463307467681825,1.3868948436477528,1.287392398346265,1.5278321180150922,1.330778686543941,1.2977271342910546,0.9619446524769368,0.8312158778310008,0.719515629000788,0.5596197611562169,0.5088124322082085,0.421815883361364,1.0018351078033447,0.03171776980161667,0.9929879903793335,0.024399366229772568,0.9958138465881348,0.021489283069968224,0.9990590214729309,0.0298551544547081,0.9965096116065979,0.028641950339078903,0.9995819330215454,0.02745457924902439,1.0003364086151123,0.027625206857919693,0.9998412728309631,0.029486926272511482,1.0012696981430054,0.02429424785077572,1.0082019567489624,0.04083479568362236,1.0069395303726196,0.03964874520897865,1.024856686592102,0.06862332671880722,1.0230475664138794,0.0718909502029419,1.0204802751541138,0.06773116439580917,1.0162826776504517,0.06912980228662491,1.02488374710083,0.08205600082874298,1.0219184160232544,0.08564604073762894,1.0326508283615112,0.0996415764093399,1.0297054052352905,0.09872150421142578,1.0353739261627197,0.11491891741752625,1.0307281017303467,0.11014536768198013,1.0354892015457153,0.12003066390752792,1.0338892936706543,0.11346105486154556,1.0198084115982056,0.08504217863082886
1490,2,7.127179205417633e-06,2.505723476409912,8.629982445883604,2.044775602127535,1.207551355209874,1.1853984474167607,1.4464626522884145,1.261112056820519,1.4218252663384279,1.0136519591971789,0.8380449848462592,0.712832658867429,0.5363773746304312,0.4620853941676854,0.3768594345266569,1.0014930963516235,0.03223932161927223,0.9927223920822144,0.025773892179131508,0.9953992366790771,0.022816848009824753,0.9988407492637634,0.031491536647081375,0.99603271484375,0.030385252088308334,0.9990463852882385,0.0292507316917181,0.9997993111610413,0.029050784185528755,0.998996913433075,0.029812246561050415,1.0000627040863037,0.02488258294761181,1.0065391063690186,0.03946692869067192,1.005086898803711,0.03795390576124191,1.023693561553955,0.06561946123838425,1.0220868587493896,0.06847691535949707,1.0197538137435913,0.06378575414419174,1.015311598777771,0.06471412628889084,1.0244210958480835,0.07831147313117981,1.0214630365371704,0.08199197798967361,1.0325840711593628,0.0973212942481041,1.0298371315002441,0.0971931517124176,1.035538673400879,0.11432168632745743,1.0309817790985107,0.11001661419868469,1.0366594791412354,0.12183662503957748,1.0346183776855469,0.1142507940530777,1.01924467086792,0.08446512371301651
1480,2,7.127179205417633e-06,3.1130735874176025,11.109955734241924,3.3087625214233185,1.7374820563571762,1.7311240424158048,2.0081705176245035,1.8153353657171891,1.8483028802049046,1.4824860265758695,1.2428645585180524,0.9942522465010002,0.7683807228472118,0.6513798860865856,0.4628200935456018,1.0020124912261963,0.03124408796429634,0.9929491877555847,0.024798361584544182,0.9952788352966309,0.022113725543022156,0.9986706376075745,0.03044338896870613,0.9960547089576721,0.02912723459303379,0.999152660369873,0.027652762830257416,0.9998463988304138,0.027604615315794945,0.9990175366401672,0.028483422473073006,1.0003520250320435,0.023303406313061714,1.0071728229522705,0.038891568779945374,1.0058683156967163,0.03735936060547829,1.0238252878189087,0.06536607444286346,1.02207350730896,0.06789065897464752,1.019624948501587,0.06305176019668579,1.0153515338897705,0.06407016515731812,1.0243359804153442,0.0777629166841507,1.0213829278945923,0.08130962401628494,1.0324591398239136,0.09616982191801071,1.029518723487854,0.0954185277223587,1.0352102518081665,0.11212940514087677,1.0303431749343872,0.10699748247861862,1.0353916883468628,0.11739233136177063,1.0336055755615234,0.11051397770643234,1.0184270143508911,0.08096455037593842
1500,2,7.127179205417633e-06,2.8443284034729004,9.28979886964689,2.6465226488181623,1.4253640681608035,1.3564306911221014,1.5667810620812352,1.391048194024627,1.3660671967406404,0.990993006176791,0.8067615082873864,0.6881090907056759,0.5225502793579091,0.4700196533155389,0.40126300480659044,1.0006335973739624,0.03313079848885536,0.9927899837493896,0.02562537044286728,0.9952316880226135,0.022679613903164864,0.9985474348068237,0.031588759273290634,0.9958534836769104,0.030515875667333603,0.9989619851112366,0.0295081939548254,0.9997872710227966,0.028826681897044182,0.9990056157112122,0.030007971450686455,0.9998204112052917,0.025198979303240776,1.0066382884979248,0.03987456485629082,1.005069375038147,0.039109647274017334,1.0238029956817627,0.06648934632539749,1.0223181247711182,0.07002875208854675,1.0200586318969727,0.06516894698143005,1.0154616832733154,0.06573561578989029,1.0248500108718872,0.07960033416748047,1.021767020225525,0.08317295461893082,1.0324161052703857,0.09763336181640625,1.0296510457992554,0.09760428965091705,1.0359139442443848,0.11574088037014008,1.0314656496047974,0.1115216538310051,1.037086844444275,0.1234230324625969,1.0351855754852295,0.11597825586795807,1.0194886922836304,0.08619413524866104
1490,2,7.127179205417633e-06,2.50873064994812,8.719892822223114,2.0603730845126145,1.2146306803577378,1.1924900521486457,1.4530491053616876,1.2670088743900665,1.4308691230884523,1.0142765703179537,0.8376456348091416,0.7119801622095189,0.5356463913407579,0.4595273374587118,0.37575099992072664,1.001631259918213,0.03202466294169426,0.9927571415901184,0.02574400044977665,0.9954357743263245,0.0227946974337101,0.9989550113677979,0.031182626262307167,0.9960907101631165,0.0299972016364336,0.9991680979728699,0.028777504339814186,0.9999002814292908,0.02861827425658703,0.9990156888961792,0.02943391166627407,1.000126838684082,0.024556640535593033,1.0066146850585938,0.03920604661107063,1.0051816701889038,0.03792797401547432,1.0237386226654053,0.06554505974054337,1.0221227407455444,0.06839431822299957,1.0197721719741821,0.06363570690155029,1.015324592590332,0.06452710181474686,1.024440050125122,0.07811501622200012,1.0215132236480713,0.08181262761354446,1.0325355529785156,0.09700559079647064,1.0297781229019165,0.09686674922704697,1.0355305671691895,0.11402973532676697,1.0309909582138062,0.10976113379001617,1.0366069078445435,0.12147853523492813,1.0346715450286865,0.11420311033725739,1.0191709995269775,0.08445918560028076
1510,2,7.127179205417633e-06,2.611612319946289,12.109155396111293,3.5916273877926073,1.9420269663738132,1.949170003278214,2.216891434737967,1.88735601003425,1.8957915531690346,1.4419530647623102,1.2322210583674198,0.9956643676809617,0.7827649340934227,0.609843773698071,0.5426906719113683,1.0000780820846558,0.03211982920765877,0.9931337237358093,0.02534877508878708,0.9949584603309631,0.02237839065492153,0.998314619064331,0.031890396028757095,0.9954326748847961,0.030719511210918427,0.9984405636787415,0.02959577925503254,0.9994856715202332,0.028666261583566666,0.9985283613204956,0.02969815582036972,0.9994431734085083,0.025380117818713188,1.00648832321167,0.039592862129211426,1.0051740407943726,0.039672739803791046,1.0239965915679932,0.06680785119533539,1.0226333141326904,0.07052690535783768,1.0201901197433472,0.06545289605855942,1.0156328678131104,0.06613567471504211,1.025336742401123,0.08024337887763977,1.0221784114837646,0.08381956815719604,1.032883882522583,0.0981435477733612,1.0299512147903442,0.09766359627246857,1.0361018180847168,0.11551083624362946,1.031658411026001,0.11080951243638992,1.0366182327270508,0.12122538685798645,1.0349780321121216,0.11374210566282272,1.0187467336654663,0.08377418667078018
1500,2,7.127179205417633e-06,2.8558387756347656,9.370081807195861,2.69320114033144,1.4446553997506848,1.3696095556911534,1.5832091823417345,1.4029992683943107,1.3693863001774138,0.9962707650770838,0.8152773398506127,0.6930444280372623,0.5262492239601034,0.4731238997820643,0.4030645844632449,1.0007365942001343,0.033122468739748,0.9927861094474792,0.02568964473903179,0.9952789545059204,0.022752083837985992,0.9986661672592163,0.031321920454502106,0.9959537982940674,0.030202548950910568,0.9991270303726196,0.02910349704325199,0.9999386072158813,0.02847595326602459,0.9990675449371338,0.029714949429035187,0.9999361634254456,0.024954142048954964,1.0067681074142456,0.03964908793568611,1.005216121673584,0.03911680728197098,1.0238735675811768,0.06642282754182816,1.0223689079284668,0.06993937492370605,1.0200754404067993,0.06496846675872803,1.0154529809951782,0.0654679462313652,1.0248403549194336,0.07932242006063461,1.0218018293380737,0.08290839940309525,1.0323437452316284,0.09722016006708145,1.0295650959014893,0.09717921912670135,1.0358675718307495,0.11528636515140533,1.0314314365386963,0.11109333485364914,1.0369973182678223,0.12289589643478394,1.035202980041504,0.11578791588544846,1.0193737745285034,0.08606541901826859
1520,2,7.127179205417633e-06,3.639169692993164,9.813717402070226,2.66429611503138,1.4635673199353774,1.3340199836529265,1.460863990752349,1.3291603851546006,1.285007960610323,1.021002785368513,0.8331340001514546,0.6731626458918007,0.5211030567433198,0.43223852056929857,0.3740232583024297,1.000483751296997,0.034463975578546524,0.9924870133399963,0.026706453412771225,0.9955528974533081,0.023555269464850426,0.999074399471283,0.03334802761673927,0.9960779547691345,0.032806821167469025,0.9992744326591492,0.03195612505078316,1.0002418756484985,0.031627267599105835,0.9997257590293884,0.0338127575814724,1.00040864944458,0.02917334996163845,1.0078480243682861,0.043875839561223984,1.0066933631896973,0.04425439611077309,1.0260069370269775,0.07304583489894867,1.0246745347976685,0.07813776284456253,1.0215853452682495,0.07427048683166504,1.0173498392105103,0.07607069611549377,1.0273734331130981,0.0908937007188797,1.024245262145996,0.09514875710010529,1.0348459482192993,0.10955861210823059,1.0317491292953491,0.10908439755439758,1.037789225578308,0.12672628462314606,1.0332465171813965,0.12214016914367676,1.0382252931594849,0.1321435570716858,1.0363109111785889,0.1221531480550766,1.0217255353927612,0.09345546364784241
1510,2,7.127179205417633e-06,2.613018035888672,12.123838925574079,3.585974077392375,1.9327493563217877,1.9351082430338988,2.2016869209192,1.867909793584174,1.880454512657342,1.4332766800868288,1.2214140719060012,0.9889200496665266,0.7743245981762892,0.605013250217285,0.5377746429603711,1.0001105070114136,0.03233722969889641,0.9930875301361084,0.02554374188184738,0.9949915409088135,0.022581089287996292,0.9984143972396851,0.03170176222920418,0.9955257177352905,0.030522163957357407,0.9986008405685425,0.029312267899513245,0.9996286034584045,0.028435396030545235,0.998634397983551,0.029532212764024734,0.9995939135551453,0.025254327803850174,1.0066591501235962,0.03945516422390938,1.0053430795669556,0.03976403549313545,1.0240938663482666,0.0668155774474144,1.022708535194397,0.07054373621940613,1.02022385597229,0.06535268574953079,1.015629768371582,0.0659664049744606,1.0253385305404663,0.0800728127360344,1.022225260734558,0.08366717398166656,1.0328052043914795,0.09780387580394745,1.029857873916626,0.09732957929372787,1.0360463857650757,0.11506162583827972,1.031599760055542,0.11037447303533554,1.0365235805511475,0.12072373181581497,1.0349798202514648,0.11355038732290268,1.018723487854004,0.0836678147315979
1530,2,7.127179205417633e-06,2.771287441253662,9.01707511097785,2.8100919105811952,1.5497094537994225,1.4950048105275136,1.7871146487004477,1.4879314358879834,1.428806002115067,1.0200502811872436,0.8540869025868876,0.7294409944183398,0.5382281467195513,0.4692350021988214,0.39111449062426823,1.00082266330719,0.03512231260538101,0.9922574758529663,0.02726658806204796,0.9952093958854675,0.024294398725032806,0.9987711906433105,0.034307047724723816,0.9958058595657349,0.03371184691786766,0.9990332126617432,0.03279376029968262,1.0000755786895752,0.0325758270919323,0.9996241331100464,0.03480768948793411,1.000337839126587,0.029912790283560753,1.0080817937850952,0.04497846961021423,1.0070149898529053,0.04518553242087364,1.0265443325042725,0.07446563243865967,1.0254523754119873,0.07967710494995117,1.0223268270492554,0.07658469676971436,1.0180648565292358,0.07859949767589569,1.0282927751541138,0.0945049524307251,1.025054931640625,0.09892097115516663,1.035838007926941,0.11429636180400848,1.0326601266860962,0.11400370299816132,1.0386940240859985,0.13186536729335785,1.0344090461730957,0.1280180811882019,1.0396754741668701,0.13863904774188995,1.0378369092941284,0.1288900077342987,1.0236231088638306,0.09917271137237549
1520,2,7.127179205417633e-06,3.6595640182495117,9.717310779103215,2.651441518965739,1.4659415394430144,1.335176387525873,1.4624787803185957,1.32990661698352,1.2877436252543728,1.0245489951973235,0.8340529914116913,0.6766503435465544,0.522556738160219,0.43352750189406325,0.373031836288717,1.000458002090454,0.03481733426451683,0.9924108982086182,0.02702234871685505,0.9955213069915771,0.023875262588262558,0.9991085529327393,0.033265840262174606,0.9960957169532776,0.03272632509469986,0.9993587732315063,0.03182937577366829,1.000315546989441,0.031532783061265945,0.9997678995132446,0.033730559051036835,1.0004940032958984,0.02911217138171196,1.0079432725906372,0.04372444003820419,1.006791353225708,0.04434852674603462,1.0260486602783203,0.07305087894201279,1.024715781211853,0.0781305581331253,1.0216161012649536,0.07416100800037384,1.017350435256958,0.07590387016534805,1.0273879766464233,0.09076213836669922,1.0243209600448608,0.09507595002651215,1.0347851514816284,0.10929295420646667,1.0316743850708008,0.10883861035108566,1.037779450416565,0.12641431391239166,1.033220887184143,0.12183710187673569,1.0381735563278198,0.13178406655788422,1.036331057548523,0.12203750759363174,1.0216728448867798,0.09342861920595169
1540,2,7.127179205417633e-06,2.1564676761627197,11.05328815051258,2.9626426241693973,1.4428993075470737,1.3377697025835946,1.5379311863863316,1.2956614748444228,1.394887235867177,0.9945187081797978,0.8235581501134868,0.6667459959751925,0.5022948284598855,0.42608916892496407,0.3744658302606808,1.000825047492981,0.03762231767177582,0.9915064573287964,0.029499651864171028,0.9952220916748047,0.026604730635881424,0.9987249374389648,0.036219239234924316,0.9957087635993958,0.035838138312101364,0.9989714026451111,0.03477278724312782,1.0001155138015747,0.034781791269779205,0.9997768402099609,0.03620593249797821,1.000447154045105,0.03081466630101204,1.0080353021621704,0.04568617045879364,1.0070271492004395,0.045321352779865265,1.0269882678985596,0.07530226558446884,1.0258822441101074,0.08029019832611084,1.0223957300186157,0.07676949352025986,1.0179424285888672,0.07861355692148209,1.0279932022094727,0.09406568855047226,1.0246726274490356,0.0980178713798523,1.035526156425476,0.11352004110813141,1.032301664352417,0.11320408433675766,1.038619041442871,0.13176536560058594,1.0344349145889282,0.1281460076570511,1.0400943756103516,0.13986778259277344,1.0385054349899292,0.13145603239536285,1.0242785215377808,0.10162253677845001
1530,2,7.127179205417633e-06,2.7654104232788086,9.0061337140535,2.7936049118708866,1.552132215768429,1.497595724368652,1.7914435619153284,1.4897262609624264,1.429350721429115,1.0223309039492556,0.8554123441143145,0.7311024921906161,0.5399392477009307,0.46920846801579924,0.3923969625269523,1.0008046627044678,0.03536471724510193,0.9921997785568237,0.02757197618484497,0.9951362013816833,0.024603581055998802,0.9987597465515137,0.03431186452507973,0.9957696199417114,0.03368804231286049,0.9990826845169067,0.03274896368384361,1.0001029968261719,0.03250124305486679,0.9996364116668701,0.03471854701638222,1.0003999471664429,0.02985539101064205,1.0081449747085571,0.04480794072151184,1.0071052312850952,0.04528750106692314,1.026551604270935,0.07449465245008469,1.0254697799682617,0.07970979809761047,1.0223448276519775,0.07654359936714172,1.0180753469467163,0.07850778102874756,1.0283159017562866,0.09447155147790909,1.0251598358154297,0.09897016733884811,1.0358080863952637,0.11417189240455627,1.0326168537139893,0.11391546577215195,1.0387295484542847,0.13175508379936218,1.0344212055206299,0.1279081255197525,1.0396615266799927,0.13846617937088013,1.0378838777542114,0.12885239720344543,1.0235942602157593,0.09915808588266373
1550,2,7.127179205417633e-06,3.2852213382720947,9.122976610949955,2.432763326545529,1.3056090718275617,1.2495773986484444,1.5932481230451119,1.4517122324283587,1.6459205604664704,1.1150594234055864,0.8727898567139495,0.7272059980280093,0.518001544720519,0.4593997044596063,0.3159907112787084,1.0012131929397583,0.036166660487651825,0.991997480392456,0.027801094576716423,0.9952857494354248,0.02492268569767475,0.9987214207649231,0.03498655557632446,0.9956955313682556,0.03430260717868805,0.999133288860321,0.033041853457689285,1.0002853870391846,0.033425524830818176,0.9999063611030579,0.03519466519355774,1.000405192375183,0.02932092174887657,1.0079704523086548,0.04579547047615051,1.006865382194519,0.04460085183382034,1.0272198915481567,0.07513845711946487,1.0260937213897705,0.08035412430763245,1.0225098133087158,0.07609634846448898,1.0178481340408325,0.07783552259206772,1.0274320840835571,0.09171230345964432,1.0239994525909424,0.09496260434389114,1.0348206758499146,0.10993268340826035,1.0315028429031372,0.10927450656890869,1.0380988121032715,0.1282488852739334,1.0337932109832764,0.12440380454063416,1.039582371711731,0.13634932041168213,1.0381985902786255,0.12998679280281067,1.0238577127456665,0.10022733360528946
1540,2,7.127179205417633e-06,2.1525015830993652,11.162975380733313,3.016140517208032,1.4652564595444435,1.3579931704659236,1.5624014077016215,1.3148122493337036,1.414473050642915,1.0075476083456534,0.832098930516398,0.6720446159214032,0.5048582861573242,0.4271591059886321,0.3761636090090549,1.0008964538574219,0.03770238161087036,0.991472065448761,0.029716752469539642,0.9951120018959045,0.02683974802494049,0.9986788034439087,0.03622126206755638,0.9956408143043518,0.03577754646539688,0.9989981651306152,0.03469908609986305,1.0001168251037598,0.03464106470346451,0.9997847080230713,0.03608119860291481,1.0005168914794922,0.03073635883629322,1.0081101655960083,0.045504145324230194,1.0071333646774292,0.04542994871735573,1.0269888639450073,0.0753384679555893,1.0258868932724,0.08034998923540115,1.0224003791809082,0.07680097967386246,1.0179697275161743,0.07863420248031616,1.0280332565307617,0.0941743329167366,1.024802327156067,0.09824562817811966,1.0355275869369507,0.11359883099794388,1.0323008298873901,0.11337001621723175,1.0386943817138672,0.13192778825759888,1.0344828367233276,0.12831208109855652,1.0401254892349243,0.13997822999954224,1.038587212562561,0.13162070512771606,1.0243256092071533,0.10180771350860596
1560,2,7.127179205417633e-06,1.2069110870361328,9.743572140096962,2.844335094902236,1.4760435257998592,1.3408243965854272,1.594751049898962,1.346128089404947,1.3457108465853094,1.0278033029700602,0.8683724359192108,0.6738388944224752,0.5616052487564467,0.46299585958546724,0.39305154893072247,1.0009217262268066,0.03434097766876221,0.9928224086761475,0.025160927325487137,0.9951601028442383,0.02228577435016632,0.9985005259513855,0.032903604209423065,0.9955539107322693,0.03172202408313751,0.9988470673561096,0.030283452942967415,1.0000613927841187,0.030702274292707443,0.9992784857749939,0.03280239179730415,0.9998302459716797,0.027026847004890442,1.0074820518493652,0.04460665211081505,1.0063380002975464,0.04388780891895294,1.0272917747497559,0.0747591108083725,1.0259977579116821,0.08013535290956497,1.0229156017303467,0.0762300118803978,1.0180315971374512,0.07784516364336014,1.0276237726211548,0.091741643846035,1.0239828824996948,0.09492922574281693,1.034995675086975,0.11031843721866608,1.0317281484603882,0.11016714572906494,1.0383471250534058,0.12928618490695953,1.0343559980392456,0.12610448896884918,1.0400580167770386,0.13791248202323914,1.0387485027313232,0.13269180059432983,1.0245596170425415,0.1033465713262558
1550,2,7.127179205417633e-06,3.2888259887695312,9.134252708073126,2.4307437653434087,1.3061186143523051,1.2481598763199078,1.5977305387981282,1.4441651582348045,1.6222552908707866,1.109301053772281,0.8718247109456607,0.7251679736397608,0.5162461151741121,0.4565641804128045,0.31678325591271134,1.0013535022735596,0.03623807802796364,0.991952657699585,0.02803770825266838,0.9952062964439392,0.02516208216547966,0.9987227916717529,0.03502612188458443,0.9956709146499634,0.03429429233074188,0.999197244644165,0.033031266182661057,1.0003329515457153,0.033319901674985886,0.9999575614929199,0.035091087222099304,1.0005335807800293,0.029276249930262566,1.0081011056900024,0.045618996024131775,1.007021188735962,0.04473188519477844,1.0272493362426758,0.07513847202062607,1.0261139869689941,0.08036317676305771,1.0225061178207397,0.07603039592504501,1.0178650617599487,0.07774323225021362,1.027457594871521,0.09168125689029694,1.0241090059280396,0.095048688352108,1.0348224639892578,0.10990133136510849,1.0315133333206177,0.10934831202030182,1.0381780862808228,0.12833210825920105,1.0338494777679443,0.12450049817562103,1.039624571800232,0.13639983534812927,1.0382905006408691,0.13013000786304474,1.0238796472549438,0.10036593675613403
1570,2,7.127179205417633e-06,2.1146063804626465,8.192630230674201,2.5096533613910585,1.2647735156531101,1.169083446639159,1.4166003744994051,1.2178123386736999,1.2624579802559341,0.9338210388729575,0.6915057178736602,0.5744524836296937,0.4603702655616345,0.4105986779853045,0.32116166175550037,1.0005687475204468,0.02888205274939537,0.9945684671401978,0.020954927429556847,0.9953042268753052,0.017694739624857903,0.9986057877540588,0.028781842440366745,0.9956651926040649,0.026672054082155228,0.9988752603530884,0.024929450824856758,1.0001254081726074,0.025150926783680916,0.999061644077301,0.029125859960913658,0.9996440410614014,0.02371247112751007,1.0074163675308228,0.04448928311467171,1.0061924457550049,0.044674329459667206,1.0274649858474731,0.07697855681180954,1.0260114669799805,0.08308915048837662,1.0233935117721558,0.07993815094232559,1.018397331237793,0.0814286395907402,1.027921438217163,0.09510970860719681,1.0241490602493286,0.09816104918718338,1.0351482629776,0.11332006752490997,1.0318629741668701,0.11330351233482361,1.038448452949524,0.13187672197818756,1.034620761871338,0.12922324240207672,1.0403863191604614,0.14104102551937103,1.039247751235962,0.13639871776103973,1.0258957147598267,0.10758794099092484
1560,2,7.127179205417633e-06,1.208754062652588,9.89958838679727,2.865683059459833,1.4875961311989832,1.3491225132075502,1.6073038086331266,1.3540224382979273,1.3584978324309382,1.0316338600893817,0.8744768217785367,0.6787799461502934,0.5640303163936448,0.4644599609182329,0.39434324621745886,1.0010453462600708,0.03458007797598839,0.9927383661270142,0.025510258972644806,0.9950799345970154,0.022644225507974625,0.998519241809845,0.03302618861198425,0.995536744594574,0.0318274088203907,0.9989137053489685,0.030386891216039658,1.000112533569336,0.03072776459157467,0.9993173480033875,0.03278627246618271,0.9999539256095886,0.027058236300945282,1.007615566253662,0.0444822683930397,1.0064935684204102,0.04405190050601959,1.027328610420227,0.07477190345525742,1.026018500328064,0.08013590425252914,1.0229171514511108,0.07615745067596436,1.0180555582046509,0.07776420563459396,1.0276578664779663,0.09176012873649597,1.0241011381149292,0.09508129209280014,1.0350373983383179,0.11043163388967514,1.0317784547805786,0.11040909588336945,1.0384793281555176,0.12959469854831696,1.0344655513763428,0.12643493711948395,1.0401442050933838,0.13818570971488953,1.0388898849487305,0.13307435810565948,1.0246460437774658,0.10370992124080658
1580,2,7.127179205417633e-06,3.751718759536743,12.161617537699781,3.4905471533674977,2.0048891004686262,1.773550350805033,2.087554926872602,1.745070696617003,1.6892333534220738,1.2883541268397165,0.9965237561953171,0.9054149601643932,0.695848320541623,0.5694643303607332,0.44542766688057234,1.0008118152618408,0.026348179206252098,0.9953425526618958,0.018880829215049744,0.9956861138343811,0.016318822279572487,0.9983436465263367,0.02627049945294857,0.9952913522720337,0.02346225455403328,0.9985588788986206,0.020938513800501823,0.9997482299804688,0.02160591632127762,0.9984458684921265,0.0262199304997921,0.9990878701210022,0.020825792104005814,1.006773591041565,0.042757757008075714,1.0055066347122192,0.04256562888622284,1.0269988775253296,0.07521229237318039,1.0253247022628784,0.08065654337406158,1.0227192640304565,0.07736370712518692,1.0176339149475098,0.07853005081415176,1.027064561843872,0.09173651784658432,1.023375153541565,0.09456729143857956,1.0346434116363525,0.1101355254650116,1.0313864946365356,0.11010346561670303,1.038184642791748,0.12908606231212616,1.0344825983047485,0.12673629820346832,1.0402122735977173,0.13876228034496307,1.0394070148468018,0.1353537142276764,1.0250592231750488,0.10635809600353241
1570,2,7.127179205417633e-06,2.1165616512298584,8.240318452136872,2.510519578201453,1.2632000689743454,1.1714766932245357,1.4254102495811214,1.2276650746352196,1.2742435761889825,0.9426228769688627,0.6989744930231012,0.5796667635357037,0.4627072028760532,0.4127979183670718,0.3215019776115173,1.000688076019287,0.029097823426127434,0.994485080242157,0.021304935216903687,0.995236873626709,0.01806543581187725,0.9986372590065002,0.028842395171523094,0.9956381320953369,0.026731204241514206,0.998944878578186,0.024983445182442665,1.0001733303070068,0.025115225464105606,0.9990965127944946,0.029030388221144676,0.999752938747406,0.02368692308664322,1.007538080215454,0.04433625563979149,1.0063270330429077,0.044848911464214325,1.0274977684020996,0.07694565504789352,1.0260080099105835,0.08299141377210617,1.0233750343322754,0.07973991334438324,1.0183980464935303,0.08119580894708633,1.0279196500778198,0.09494338184595108,1.024230718612671,0.09812872111797333,1.035171389579773,0.11326006054878235,1.031903624534607,0.11338040977716446,1.038581371307373,0.1320742964744568,1.0347297191619873,0.12944649159908295,1.040475606918335,0.14121706783771515,1.0393962860107422,0.13667930662631989,1.0259244441986084,0.10772312432527542
1590,2,7.127179205417633e-06,2.8789448738098145,11.118013570470092,3.4899451518952715,1.735623450447896,1.7340544755782126,2.011352003126616,1.7670972068203445,1.7119601982815897,1.2079566742125418,0.9926661743467163,0.830777682937332,0.5948229800884934,0.5123225461102687,0.45713539162412,1.0000905990600586,0.02773638814687729,0.9950224757194519,0.02018357813358307,0.9953128099441528,0.017946990206837654,0.9980848431587219,0.027099745348095894,0.9948838353157043,0.024436132982373238,0.9981769323348999,0.02160327322781086,0.9991030097007751,0.022856444120407104,0.997649610042572,0.025730447843670845,0.9984972476959229,0.020213942974805832,1.005932331085205,0.040659695863723755,1.004729986190796,0.039803046733140945,1.0263723134994507,0.07154737412929535,1.0245615243911743,0.07600154727697372,1.0217734575271606,0.07217635214328766,1.0165313482284546,0.07303217053413391,1.026174545288086,0.08673810958862305,1.0224486589431763,0.08935801684856415,1.033623218536377,0.1049751564860344,1.0304781198501587,0.1050495132803917,1.037776231765747,0.1252857893705368,1.0343055725097656,0.12358521670103073,1.0401004552841187,0.13597364723682404,1.039422869682312,0.13345031440258026,1.023908257484436,0.10460048168897629
1580,2,7.127179205417633e-06,3.7440059185028076,12.059482814494991,3.4795778846571204,1.994617568325935,1.763872579976968,2.0866043187945396,1.746206933726939,1.689672519907016,1.2892194712401608,1.0028511490481915,0.911391118974144,0.701023083010171,0.5720212875411096,0.4497272626968654,1.0008931159973145,0.026599137112498283,0.9952594637870789,0.019219055771827698,0.9955750703811646,0.016635244712233543,0.9983918070793152,0.0262449998408556,0.9952771663665771,0.02344416454434395,0.9986514449119568,0.020922312512993813,0.9998162984848022,0.021514886990189552,0.9984893798828125,0.026117971166968346,0.9992004632949829,0.02079218067228794,1.0068747997283936,0.04258573055267334,1.0056157112121582,0.04272404685616493,1.0270195007324219,0.07513248920440674,1.0253055095672607,0.08049298077821732,1.0226860046386719,0.07708291709423065,1.01762056350708,0.0781964361667633,1.0270267724990845,0.09141000360250473,1.023419976234436,0.09436425566673279,1.0346368551254272,0.10988473147153854,1.0314005613327026,0.10998843610286713,1.0382797718048096,0.12908129394054413,1.0345674753189087,0.1267675906419754,1.0402722358703613,0.13873690366744995,1.0395344495773315,0.13548099994659424,1.0250318050384521,0.10628831386566162
1600,2,7.127179205417633e-06,4.416952133178711,9.959623229675653,2.8733748451402477,1.6309803741873277,1.59581962391898,1.9059252144245153,1.5892595058194678,1.6447491204496318,1.2005156737632905,0.9859924602022981,0.8648571340790376,0.6178972558249038,0.49081250730805476,0.42288320062525103,1.0003187656402588,0.0280284583568573,0.9951211810112,0.01921316795051098,0.9954950213432312,0.017200767993927002,0.9985891580581665,0.02535352297127247,0.9953160881996155,0.02244364470243454,0.9986653327941895,0.019505387172102928,0.9994519352912903,0.022279899567365646,0.9981594681739807,0.026039551943540573,0.9987919330596924,0.020056787878274918,1.0057852268218994,0.040762387216091156,1.0045892000198364,0.03912238031625748,1.0264966487884521,0.07147793471813202,1.024385690689087,0.07568205893039703,1.0216995477676392,0.07213496416807175,1.0162009000778198,0.07291385531425476,1.0262497663497925,0.08744961023330688,1.022541880607605,0.0903688594698906,1.0337334871292114,0.10612287372350693,1.0304722785949707,0.10612792521715164,1.0379167795181274,0.12618285417556763,1.0343241691589355,0.12433598935604095,1.0400385856628418,0.1364535093307495,1.0394316911697388,0.1339673548936844,1.0240848064422607,0.10610220581293106
1590,2,7.127179205417633e-06,2.871847152709961,11.147734857906551,3.493276025552754,1.7296601698682585,1.7271910724491653,1.9977891974272493,1.7541706820487906,1.6925118244339128,1.1969121102476437,0.9808375303832252,0.8220994722467938,0.5880809575307281,0.5065417332823596,0.45280731331573754,1.000179648399353,0.028122950345277786,0.9949033856391907,0.020566897466778755,0.9951637983322144,0.01825406774878502,0.9981710314750671,0.02706509828567505,0.994918704032898,0.024434419348835945,0.9983202815055847,0.021660106256604195,0.9992318749427795,0.02286197617650032,0.9977582693099976,0.025855926796793938,0.9986857771873474,0.020388849079608917,1.0061054229736328,0.04072229936718941,1.004916787147522,0.04016203060746193,1.0264472961425781,0.07168995589017868,1.0246249437332153,0.07614938914775848,1.0218154191970825,0.07226303219795227,1.0166070461273193,0.07309715449810028,1.026208758354187,0.08679065853357315,1.0225549936294556,0.08953583985567093,1.0336642265319824,0.10506252199411392,1.0305399894714355,0.1052924320101738,1.0379054546356201,0.1255822479724884,1.0344265699386597,0.12390818446874619,1.040189504623413,0.13620877265930176,1.0395663976669312,0.13372348248958588,1.0239418745040894,0.10460655391216278
1610,2,7.127179205417633e-06,2.750868082046509,9.37451973267871,2.8762886919601725,1.5601859265116165,1.534599328351867,1.8244566437400334,1.5770633538026906,1.5418592085976042,1.0557057004624215,0.9425786054911935,0.7803168882695013,0.5777439707286581,0.4618555503704516,0.365984818881973,1.000357747077942,0.029513098299503326,0.9947147369384766,0.02017161250114441,0.9958731532096863,0.017906131222844124,0.9992876052856445,0.024871593341231346,0.9960870742797852,0.02196332812309265,0.9997285008430481,0.01915908418595791,1.000485897064209,0.022959068417549133,0.9989119172096252,0.027555424720048904,0.9993360042572021,0.020981214940547943,1.0061547756195068,0.04173078387975693,1.0048960447311401,0.039737094193696976,1.026879906654358,0.07313724607229233,1.0246574878692627,0.07746899873018265,1.0221632719039917,0.07477547973394394,1.0166728496551514,0.07562339305877686,1.0269979238510132,0.09079819917678833,1.02335786819458,0.09402339160442352,1.034476637840271,0.11003800481557846,1.0311373472213745,0.11005596071481705,1.038795828819275,0.1302371323108673,1.0350054502487183,0.12821942567825317,1.040304183959961,0.13938133418560028,1.0395586490631104,0.1359332650899887,1.0249266624450684,0.10896999388933182
1600,2,7.127179205417633e-06,4.431126594543457,10.042800578993297,2.8919551127157774,1.6456046730325309,1.6080460675647308,1.921526136934795,1.6079372411844952,1.6720030495986253,1.2210267006906803,1.000605017100727,0.8764393569920808,0.6264949812654699,0.4956994039292841,0.42639959890402657,1.0004228353500366,0.02842104062438011,0.9949904084205627,0.01966291107237339,0.9953291416168213,0.017528479918837547,0.9986746907234192,0.025378238409757614,0.9953573346138,0.02253309264779091,0.9988145232200623,0.019677981734275818,0.9995904564857483,0.022415384650230408,0.998281717300415,0.026207251474261284,0.9989997744560242,0.020271746441721916,1.0059648752212524,0.04081963747739792,1.0047858953475952,0.03949339687824249,1.0265535116195679,0.0716065764427185,1.024449348449707,0.07581545412540436,1.0217444896697998,0.07221423089504242,1.0162885189056396,0.0729927197098732,1.0262815952301025,0.08746796101331711,1.0226446390151978,0.09050076454877853,1.033766269683838,0.10615897178649902,1.0305379629135132,0.10634101182222366,1.0380269289016724,0.12640543282032013,1.0344431400299072,0.12456853687763214,1.0401092767715454,0.13657209277153015,1.0395379066467285,0.13404135406017303,1.024048924446106,0.10594598948955536
1620,2,7.127179205417633e-06,3.1759510040283203,10.208388388763368,3.7256318824479644,2.0087517911318833,1.8526418002315956,1.9150461241228887,1.7348637207272535,1.661248316818064,1.2380497992546142,1.078923711000818,0.9349584458197931,0.7177163556465515,0.6248961955733594,0.5066191497928632,1.0003973245620728,0.030026277527213097,0.9944921731948853,0.021026501432061195,0.9953742027282715,0.018996762111783028,0.9988652467727661,0.026401428505778313,0.9957669973373413,0.02345144748687744,0.9997215867042542,0.020539605990052223,1.0004533529281616,0.023667842149734497,0.9987694621086121,0.028034713119268417,0.9989815950393677,0.02154117450118065,1.0062685012817383,0.04209771752357483,1.0051226615905762,0.04074602946639061,1.0269616842269897,0.07441720366477966,1.0249906778335571,0.07915281504392624,1.0226333141326904,0.07707048207521439,1.0172979831695557,0.07795610278844833,1.0273125171661377,0.09248034656047821,1.023784875869751,0.09586775302886963,1.034666657447815,0.11110344529151917,1.0313361883163452,0.11081044375896454,1.0389413833618164,0.1305866837501526,1.0350157022476196,0.1279735267162323,1.0404243469238281,0.13946448266506195,1.0396722555160522,0.13612152636051178,1.0248180627822876,0.10936589539051056
1610,2,7.127179205417633e-06,2.7691569328308105,9.423564504441263,2.9038947693457473,1.5637640390423324,1.5379339772138083,1.8294066636578659,1.5835057971239388,1.5542820494762228,1.0606053537186328,0.9459911222294798,0.7829070587695106,0.5793936333458424,0.462053326445703,0.36683879463465124,1.0003966093063354,0.029726726934313774,0.9946479797363281,0.020495064556598663,0.9958245754241943,0.01815696619451046,0.9993226528167725,0.024882664903998375,0.9960647821426392,0.022002434358000755,0.9998095035552979,0.019247159361839294,1.0005619525909424,0.022952942177653313,0.9989713430404663,0.027515701949596405,0.9994765520095825,0.02103259786963463,1.0062532424926758,0.04165682941675186,1.004995346069336,0.039999719709157944,1.026868224143982,0.07315760105848312,1.0246450901031494,0.07745596021413803,1.022143006324768,0.07469017058610916,1.016710638999939,0.07555248588323593,1.0269854068756104,0.09064458310604095,1.0234181880950928,0.09398054331541061,1.0344709157943726,0.10990870743989944,1.031171202659607,0.11011739075183868,1.0388890504837036,0.13032680749893188,1.0351159572601318,0.12832273542881012,1.0403773784637451,0.13940532505512238,1.0396616458892822,0.1359463632106781,1.0248652696609497,0.1087397038936615
1630,2,7.127179205417633e-06,3.408576011657715,13.292030677938149,3.9442210616944555,1.9861889325755102,1.7762428898501135,1.9815184358374482,1.7373911671797604,1.6866555377125407,1.2578751797360848,1.0442257394515846,0.8407932984825615,0.6815195682572149,0.5859048208918772,0.424025709629806,1.0012894868850708,0.029333483427762985,0.9946280717849731,0.020244108512997627,0.995555579662323,0.018090633675456047,0.9991639256477356,0.026276778429746628,0.995927095413208,0.0237681046128273,0.999871015548706,0.020823020488023758,1.0004544258117676,0.023742573335766792,0.9990397691726685,0.02805854007601738,0.9994404315948486,0.021556628867983818,1.0067274570465088,0.04338271543383598,1.0056244134902954,0.042047932744026184,1.0273295640945435,0.07655034214258194,1.025356650352478,0.08148033171892166,1.023057222366333,0.08028732985258102,1.0179485082626343,0.08153093606233597,1.0278412103652954,0.0958176776766777,1.0242291688919067,0.09923849254846573,1.0348361730575562,0.1136883795261383,1.0314748287200928,0.11365323513746262,1.039360523223877,0.13413117825984955,1.035436987876892,0.13161054253578186,1.0408014059066772,0.14323335886001587,1.0399668216705322,0.13959001004695892,1.0264531373977661,0.11292184144258499
1620,2,7.127179205417633e-06,3.1438159942626953,10.192053664170746,3.7495455138647444,2.0149288300675825,1.8573217852950776,1.915535612606997,1.735974109672338,1.662105745328887,1.2387839322127705,1.083738375951204,0.9389173513958199,0.7228475327077368,0.6288317368499456,0.5088784200209562,1.00038743019104,0.03025817684829235,0.9944332838058472,0.021328531205654144,0.9953232407569885,0.019214514642953873,0.9988972544670105,0.026362959295511246,0.9957347512245178,0.02347240410745144,0.999788761138916,0.020609380677342415,1.0005232095718384,0.02362801320850849,0.99880051612854,0.027963176369667053,0.9990886449813843,0.021574413403868675,1.0063011646270752,0.041962143033742905,1.0051499605178833,0.040959034115076065,1.026898980140686,0.07433027029037476,1.0249338150024414,0.07899818569421768,1.0225962400436401,0.07683863490819931,1.0173213481903076,0.0777365118265152,1.027268648147583,0.09214586764574051,1.0238124132156372,0.09564117342233658,1.0346206426620483,0.11076954007148743,1.0313409566879272,0.1106676384806633,1.038999080657959,0.13047681748867035,1.0351027250289917,0.1278689205646515,1.0404876470565796,0.13930314779281616,1.039719820022583,0.13586588203907013,1.0246875286102295,0.10898002982139587
1640,2,7.127179205417633e-06,2.09187650680542,11.225686786729653,4.185189992717048,1.880426988668969,1.757247835743712,2.216830170350909,1.85855116461852,1.729593682129228,1.2726094125848764,0.9603329031624801,0.8250836368872718,0.644237045382671,0.5531233446062094,0.4403481771037899,1.001750111579895,0.02841338701546192,0.994687557220459,0.020559946075081825,0.9956203699111938,0.01823217235505581,0.9992507100105286,0.02641475945711136,0.9960487484931946,0.023692768067121506,0.9998365044593811,0.02045327052474022,1.000562310218811,0.022620640695095062,0.9991888999938965,0.027329716831445694,0.999652624130249,0.02066064439713955,1.0067026615142822,0.042847488075494766,1.0056275129318237,0.04208838567137718,1.0275814533233643,0.07688309252262115,1.0254926681518555,0.08157790452241898,1.023270606994629,0.08040528744459152,1.0179917812347412,0.08103597909212112,1.027752161026001,0.09505681693553925,1.0240339040756226,0.09789536148309708,1.034440517425537,0.11161065101623535,1.0310072898864746,0.11120231449604034,1.038942575454712,0.13194097578525543,1.0349777936935425,0.12888967990875244,1.0407015085220337,0.14136089384555817,1.0398659706115723,0.1380269080400467,1.0257201194763184,0.11071880161762238
1630,2,7.127179205417633e-06,3.422194480895996,13.330302113001146,3.9855546823539174,2.000379257662477,1.787156650731034,1.9984595984975295,1.7508182533364456,1.7033084635237472,1.2696391781850598,1.0483714146587684,0.84439294160261,0.683266666521109,0.5861341932554371,0.42359486435520094,1.0013500452041626,0.02949669025838375,0.9945869445800781,0.02043529972434044,0.9954817295074463,0.018238436430692673,0.9991652369499207,0.026186292991042137,0.995860755443573,0.023714933544397354,0.9998999834060669,0.020794207230210304,1.0004990100860596,0.02354324609041214,0.9990354776382446,0.027882996946573257,0.999510645866394,0.02150544337928295,1.0067120790481567,0.0431700237095356,1.005600929260254,0.042274631559848785,1.0272420644760132,0.07645164430141449,1.0252629518508911,0.08129306882619858,1.0229820013046265,0.07998380810022354,1.0179383754730225,0.08122675865888596,1.0277535915374756,0.09536532312631607,1.0242098569869995,0.09887997806072235,1.0347262620925903,0.11318084597587585,1.0314176082611084,0.11330603808164597,1.039360523223877,0.1337946206331253,1.0354573726654053,0.13125260174274445,1.0408127307891846,0.14280028641223907,1.0399458408355713,0.13903197646141052,1.0262506008148193,0.1122908964753151
1650,2,7.127179205417633e-06,3.987065315246582,10.113403454669143,3.031329318944342,1.6953210225114586,1.6161976094424313,1.8716586765167502,1.637214193677391,1.6723894513890503,1.2066619174455682,0.9254471515711882,0.8213456854314882,0.6266365652849379,0.4998995801296218,0.44342395724195793,1.0009076595306396,0.02835790440440178,0.9948538541793823,0.021232493221759796,0.9958731532096863,0.017972158268094063,0.9995213150978088,0.027128592133522034,0.9962431192398071,0.024276910349726677,0.9999307990074158,0.021130330860614777,1.0008360147476196,0.0228005088865757,0.9994805455207825,0.02758266218006611,0.9998818635940552,0.021451730281114578,1.0069934129714966,0.043612219393253326,1.0057339668273926,0.04349970445036888,1.0284719467163086,0.07937271893024445,1.0261048078536987,0.08448927849531174,1.02341628074646,0.0826154351234436,1.0178784132003784,0.08300264179706573,1.0281201601028442,0.0972582995891571,1.0243251323699951,0.10004941374063492,1.034932017326355,0.11404801905155182,1.0315555334091187,0.11383750289678574,1.0392227172851562,0.13386818766593933,1.0352272987365723,0.13083034753799438,1.0409208536148071,0.1431773602962494,1.0400691032409668,0.13939037919044495,1.0261796712875366,0.11231189221143723
1640,2,7.127179205417633e-06,2.104452133178711,11.356854269357402,4.243431053310456,1.8979788539639246,1.7672830309343153,2.2489620670164405,1.8933125882811028,1.7465160159670985,1.2817034558801088,0.9658248243344083,0.8318489388317659,0.6497938410330194,0.557123214221809,0.4448626047299701,1.0018571615219116,0.0284131970256567,0.994686484336853,0.020632769912481308,0.9955283403396606,0.0182688906788826,0.9992369413375854,0.026226820424199104,0.9959415197372437,0.023513153195381165,0.9998152256011963,0.0202859565615654,1.0005617141723633,0.02224830538034439,0.9991589188575745,0.027088798582553864,0.9997002482414246,0.020563967525959015,1.006644606590271,0.04265272244811058,1.0055843591690063,0.042395081371068954,1.0274903774261475,0.07690948247909546,1.0253926515579224,0.08152736723423004,1.023207426071167,0.08027099817991257,1.0179951190948486,0.08092530816793442,1.0276917219161987,0.0947968065738678,1.024038314819336,0.09773753583431244,1.03434157371521,0.11128819733858109,1.030951738357544,0.11101996153593063,1.038949966430664,0.1317579448223114,1.0349985361099243,0.1286902278661728,1.040742039680481,0.1411319077014923,1.0398728847503662,0.13761186599731445,1.0255602598190308,0.1101870909333229
1660,2,7.127179205417633e-06,2.395754337310791,7.938388955208134,2.343798924386249,1.3174100695920914,1.3251707009871958,1.5498814334882622,1.345686404317112,1.5391416834608496,1.0489934848425029,0.8339545546787035,0.7612388597463117,0.5437579466556601,0.4675446111836626,0.3877839059559003,1.0001938343048096,0.026737447828054428,0.9955124855041504,0.020542720332741737,0.9958832859992981,0.016384556889533997,0.9995521903038025,0.027224896475672722,0.9961656332015991,0.023925241082906723,0.9999611377716064,0.020962053909897804,1.0008347034454346,0.022553402930498123,0.9997020363807678,0.028666211292147636,0.999981701374054,0.023015180602669716,1.0071990489959717,0.04553971812129021,1.0060384273529053,0.046199899166822433,1.0296472311019897,0.0836554542183876,1.0271472930908203,0.0897209495306015,1.0245496034622192,0.08844505995512009,1.0186541080474854,0.08866170793771744,1.0291165113449097,0.10303433984518051,1.0251851081848145,0.10581719130277634,1.0359379053115845,0.11988469213247299,1.0323675870895386,0.11917788535356522,1.0399068593978882,0.1384725421667099,1.035926342010498,0.13538914918899536,1.041884422302246,0.1480606496334076,1.040993332862854,0.14302301406860352,1.0270216464996338,0.11431995779275894
1650,2,7.127179205417633e-06,3.9763989448547363,10.202787669261818,3.0351661117441995,1.7006905438622018,1.6172048050223655,1.8784455798235558,1.641045196691008,1.6797298468357795,1.2194352578416776,0.9331531230237589,0.8267423168842795,0.632534263627899,0.503278386921962,0.44543376868321033,1.000949501991272,0.02858687750995159,0.9948093891143799,0.0213785283267498,0.9957607984542847,0.018091373145580292,0.9995076656341553,0.026987800374627113,0.9961369633674622,0.024180905893445015,0.9998939633369446,0.021106190979480743,1.000835657119751,0.022536873817443848,0.9994755983352661,0.027534911409020424,0.9999576807022095,0.021547831594944,1.0069987773895264,0.04366147890686989,1.0057803392410278,0.04404241591691971,1.0284734964370728,0.0797344446182251,1.0261088609695435,0.08480780571699142,1.0234681367874146,0.08289989829063416,1.0179678201675415,0.0833325907588005,1.0281590223312378,0.09743423759937286,1.024422287940979,0.10033483803272247,1.0349117517471313,0.11415807157754898,1.0315618515014648,0.11407200992107391,1.0392754077911377,0.13402928411960602,1.035283088684082,0.13096781075000763,1.0410090684890747,0.14329756796360016,1.040138602256775,0.13930940628051758,1.0261248350143433,0.11214855313301086
1670,2,7.127179205417633e-06,2.7407193183898926,9.116883912976553,3.1263691006145504,1.8316565747464295,1.7120138804711649,2.0031890707451545,1.7557357482463816,1.7498210668472518,1.337458036150976,0.9692669820322032,0.7806143289279759,0.698715689610834,0.5620382578811979,0.47379508774524004,1.000006914138794,0.02708117477595806,0.9956880211830139,0.01929769106209278,0.9958910942077637,0.015414209105074406,0.9992213249206543,0.027734581381082535,0.9958694577217102,0.02441735751926899,1.000033974647522,0.021437281742691994,1.0005919933319092,0.02333637699484825,0.9999685287475586,0.029778260737657547,1.0001007318496704,0.02433394268155098,1.0074231624603271,0.04688391089439392,1.0063328742980957,0.04774441942572594,1.030009150505066,0.08592580258846283,1.0274200439453125,0.09264647960662842,1.0250588655471802,0.0923771783709526,1.0196504592895508,0.09304696321487427,1.0297341346740723,0.10795208066701889,1.0258069038391113,0.11120126396417618,1.0368742942810059,0.12635451555252075,1.033267855644226,0.1259099692106247,1.0411063432693481,0.14572183787822723,1.036874771118164,0.14264482259750366,1.0431321859359741,0.1559152752161026,1.0420020818710327,0.1497364044189453,1.029502511024475,0.12139914929866791
1660,2,7.127179205417633e-06,2.377422332763672,8.071704120069375,2.38264725903644,1.3333557088195256,1.3362353194174608,1.5662819356530073,1.355726656360437,1.5430089348456644,1.054193566781866,0.8360252825166926,0.7626649081596012,0.5443509398124274,0.46811851902331403,0.3881815397108701,1.0002280473709106,0.027043845504522324,0.9954547882080078,0.020668303593993187,0.9957613945007324,0.016510948538780212,0.9995189905166626,0.027095016092061996,0.9960466027259827,0.02387050725519657,0.9999088048934937,0.0210102591663599,1.0008424520492554,0.022371258586645126,0.9997207522392273,0.028737960383296013,1.0000866651535034,0.023274701088666916,1.0072898864746094,0.04573148116469383,1.0061626434326172,0.04690445959568024,1.0296962261199951,0.08416681736707687,1.027201533317566,0.09018799662590027,1.0246341228485107,0.08887189626693726,1.0187592506408691,0.08915182948112488,1.0291855335235596,0.10333927720785141,1.025303602218628,0.10621470957994461,1.0359413623809814,0.12012449651956558,1.03240168094635,0.11957239359617233,1.0399874448776245,0.13881151378154755,1.0360157489776611,0.13573843240737915,1.042006492614746,0.14840012788772583,1.0411145687103271,0.14318984746932983,1.0270558595657349,0.11437900364398956
1680,2,7.127179205417633e-06,1.8345146179199219,9.036987198263978,2.9247600878423476,1.5626070496928868,1.4880891508822893,1.7330000423752745,1.4204067723977678,1.4146918869715959,1.0170164810842957,0.840368369592862,0.7039950281847923,0.5567591141492775,0.4277888002411291,0.3752441470091344,1.000209927558899,0.030585970729589462,0.9946330785751343,0.021454276517033577,0.9960883259773254,0.01754860393702984,0.9994677305221558,0.029343998059630394,0.9960259199142456,0.026822993531823158,1.0002729892730713,0.02416069805622101,1.0007933378219604,0.026844356209039688,1.0007010698318481,0.03274330496788025,1.000975489616394,0.02678370475769043,1.0078914165496826,0.04877669736742973,1.0071159601211548,0.04915684834122658,1.0304824113845825,0.08678662776947021,1.0278862714767456,0.09380323439836502,1.024971842765808,0.09296031296253204,1.019968867301941,0.09379098564386368,1.029736876487732,0.1086009070277214,1.0260341167449951,0.11203445494174957,1.03724205493927,0.12758202850818634,1.0337547063827515,0.12758852541446686,1.0414326190948486,0.14713338017463684,1.0372284650802612,0.14397527277469635,1.0434138774871826,0.1568831205368042,1.0422791242599487,0.1507822722196579,1.0295064449310303,0.12208325415849686
1670,2,7.127179205417633e-06,2.7264363765716553,9.249452834612166,3.226373041981881,1.8591228478986082,1.7295144381855714,2.029061552159438,1.7788874891801862,1.7693441456120675,1.3484948874746083,0.9784995349756103,0.7878562614049021,0.7037978666922273,0.566947008660455,0.47917600385462145,1.000064492225647,0.027553638443350792,0.9955796003341675,0.01947481371462345,0.9957809448242188,0.015618366189301014,0.9991888999938965,0.02772163599729538,0.9957579970359802,0.02452686056494713,0.9999894499778748,0.02164822816848755,1.0006167888641357,0.02330978959798813,0.99995356798172,0.02982158400118351,1.0001609325408936,0.02451738901436329,1.0074652433395386,0.046870894730091095,1.0063968896865845,0.048178788274526596,1.0300036668777466,0.08610326796770096,1.0274174213409424,0.09271567314863205,1.0250864028930664,0.09237343072891235,1.0197304487228394,0.0931025967001915,1.029754638671875,0.10783815383911133,1.0258697271347046,0.1111619845032692,1.036842703819275,0.12621141970157623,1.0332812070846558,0.1259661465883255,1.0411512851715088,0.1457383632659912,1.0369306802749634,0.14268377423286438,1.043217658996582,0.1559615284204483,1.0420968532562256,0.14969246089458466,1.0294663906097412,0.1212315708398819
1690,2,7.127179205417633e-06,1.828850269317627,9.488390594564748,3.618585554143256,1.7844110929797157,1.7296217043049877,1.998225882643627,1.6775792046315994,1.618095989648031,1.1324512206804667,0.9678612804760613,0.7550832110702707,0.6013127344946038,0.5205421314372148,0.430958014146169,1.0002561807632446,0.029878154397010803,0.9948545098304749,0.0208295788615942,0.9960205554962158,0.01693432591855526,0.99951171875,0.02831108681857586,0.9959925413131714,0.025925027206540108,1.0002301931381226,0.023176508024334908,1.0006906986236572,0.026625169441103935,1.000653862953186,0.032694295048713684,1.0011898279190063,0.026323052123188972,1.007672905921936,0.04805745929479599,1.0069265365600586,0.04779387637972832,1.030301809310913,0.08455140143632889,1.0277501344680786,0.09131556749343872,1.0244765281677246,0.08949074894189835,1.0189698934555054,0.0900341048836708,1.0290411710739136,0.10446351766586304,1.0254830121994019,0.10791867226362228,1.0369699001312256,0.12417647987604141,1.0334911346435547,0.12444441020488739,1.0411769151687622,0.14419621229171753,1.0371582508087158,0.1418178379535675,1.0432116985321045,0.15447571873664856,1.0422396659851074,0.14921215176582336,1.0286146402359009,0.1200946494936943
1680,2,7.127179205417633e-06,1.808496356010437,9.27892014925835,3.0271111054529976,1.5975800241378453,1.5194182969264043,1.7610340938569604,1.43822531773676,1.4169090160295585,1.0137425829016131,0.8439602259956019,0.7093241917678915,0.557648693636127,0.4313784444729709,0.3811735303049095,1.0002893209457397,0.031328894197940826,0.9944421052932739,0.021852707490324974,0.9960245490074158,0.017977455630898476,0.9994600415229797,0.02950926311314106,0.99593585729599,0.027152355760335922,1.000252366065979,0.0245999526232481,1.0008612871170044,0.027093298733234406,1.000718116760254,0.03294061869382858,1.001069188117981,0.027013663202524185,1.0079644918441772,0.0487530454993248,1.0072053670883179,0.04953956976532936,1.0304964780807495,0.08694329112768173,1.0278968811035156,0.09383109956979752,1.0250279903411865,0.0929262712597847,1.0200248956680298,0.09382888674736023,1.029784917831421,0.10847014933824539,1.0261240005493164,0.1119612604379654,1.0372289419174194,0.12740515172481537,1.0337815284729004,0.1275865137577057,1.0414789915084839,0.14707477390766144,1.0372835397720337,0.14391329884529114,1.0435253381729126,0.1568930596113205,1.0424004793167114,0.15078973770141602,1.029446005821228,0.12190018594264984
1700,2,7.127179205417633e-06,2.6625185012817383,7.783923076439454,2.1573341198004377,1.150359082368089,1.16243379659164,1.4242166254843882,1.219713712721975,1.2415812638554602,0.9149172888461857,0.7675653987284663,0.6267039894847384,0.45839122970126167,0.44396122108709396,0.3874253608423057,1.000848412513733,0.027962608262896538,0.9955195188522339,0.018568063154816628,0.9959560632705688,0.014410979114472866,0.999572217464447,0.025781674310564995,0.9961095452308655,0.02316761389374733,1.0002672672271729,0.020822931081056595,1.0007224082946777,0.024536585435271263,1.0008314847946167,0.03246384486556053,1.0012226104736328,0.026144085451960564,1.0077955722808838,0.04906019568443298,1.006935715675354,0.04960533231496811,1.0308094024658203,0.08763525635004044,1.0281676054000854,0.09504590183496475,1.0247018337249756,0.09301723539829254,1.0201730728149414,0.09374883025884628,1.0295393466949463,0.10832540690898895,1.0260319709777832,0.11229691654443741,1.0375579595565796,0.12857788801193237,1.0341899394989014,0.1296074539422989,1.0422141551971436,0.14978766441345215,1.0381163358688354,0.14793306589126587,1.0441970825195312,0.1604747325181961,1.0431472063064575,0.154763862490654,1.0303783416748047,0.125896617770195
1690,2,7.127179205417633e-06,1.838574767112732,9.559236959543107,3.6485287547470975,1.784458086232912,1.726470969749197,1.9979963007001513,1.676468573007403,1.615412907956909,1.1344834632297605,0.97193602961175,0.7629054152149728,0.606847319993356,0.5243697384843038,0.4308183425795067,1.0002814531326294,0.030939290300011635,0.994577169418335,0.021445253863930702,0.9959516525268555,0.017606869339942932,0.9995025992393494,0.028690246865153313,0.9959147572517395,0.02654940076172352,1.0002230405807495,0.02392973005771637,1.000807523727417,0.02720695547759533,1.0007026195526123,0.033115752041339874,1.0013190507888794,0.02672661282122135,1.0077909231185913,0.04807303845882416,1.0070644617080688,0.04819008335471153,1.0303233861923218,0.08463326096534729,1.0277693271636963,0.09123945236206055,1.0245616436004639,0.08936045318841934,1.0189948081970215,0.09001567959785461,1.0291059017181396,0.10424245148897171,1.0256012678146362,0.10776371508836746,1.036941647529602,0.12384603917598724,1.0334972143173218,0.1242610365152359,1.0411990880966187,0.14391736686229706,1.0371830463409424,0.141485795378685,1.0432822704315186,0.1542014181613922,1.0423402786254883,0.14906486868858337,1.0284831523895264,0.11974213272333145
1710,2,7.127179205417633e-06,3.7522926330566406,11.340204259267546,3.0500833927602238,1.60871084743755,1.5267014944809438,1.6666505827921498,1.3813519165003565,1.28195819682689,0.9214725271607442,0.8091556683165564,0.6635423672243135,0.5198674284704533,0.4865638451848316,0.3638262302774915,1.0009127855300903,0.028637751936912537,0.9953213334083557,0.01904762163758278,0.995661199092865,0.015700925141572952,0.9994238018989563,0.026291845366358757,0.9956608414649963,0.02368747815489769,0.9999055862426758,0.02051784284412861,1.000232219696045,0.02335076965391636,1.0002840757369995,0.030101142823696136,1.0004271268844604,0.02429906465113163,1.007017731666565,0.04681802913546562,1.006105899810791,0.046707633882761,1.0302129983901978,0.08382610231637955,1.0273677110671997,0.09011621028184891,1.0236214399337769,0.08675259351730347,1.0184170007705688,0.0873698890209198,1.028907060623169,0.1027618870139122,1.025534749031067,0.10668196529150009,1.0369004011154175,0.12294330447912216,1.0335044860839844,0.12383665889501572,1.041825532913208,0.14510688185691833,1.0374356508255005,0.14297042787075043,1.0436612367630005,0.15578097105026245,1.0424315929412842,0.15008793771266937,1.0288618803024292,0.1214686781167984
1700,2,7.127179205417633e-06,2.667206287384033,7.764998381231568,2.1617046180108046,1.1500528289964094,1.1568325996982243,1.4114360734475524,1.2028253740707306,1.220557855193795,0.9100764877515313,0.7617807470992618,0.6236960470835379,0.45762914658637543,0.4433909408807134,0.3825776726578099,1.0008678436279297,0.029006971046328545,0.9952474236488342,0.01913829706609249,0.9958859086036682,0.015062887221574783,0.9995714426040649,0.026110613718628883,0.9960552453994751,0.02379348687827587,1.0002914667129517,0.021559404209256172,1.0008835792541504,0.025183269754052162,1.0008970499038696,0.032949719578027725,1.00138521194458,0.026557566598057747,1.0079354047775269,0.049079958349466324,1.0070865154266357,0.049907464534044266,1.0308150053024292,0.0875728577375412,1.0281720161437988,0.0947803184390068,1.0247691869735718,0.09273740649223328,1.0201630592346191,0.09362877160310745,1.029598593711853,0.10798121243715286,1.02615225315094,0.11203578114509583,1.0375195741653442,0.12811279296875,1.0341819524765015,0.12925711274147034,1.042213797569275,0.14931106567382812,1.038090467453003,0.1473289132118225,1.0442150831222534,0.15992365777492523,1.0432096719741821,0.1544976681470871,1.030226469039917,0.12555529177188873
1720,2,7.127179205417633e-06,1.6241254806518555,9.452555456936002,3.043190135140519,1.877841781299723,1.7939543609594653,1.9222873395189521,1.7559592599299325,1.6736338564262727,1.2435552506068144,1.0112693131441222,0.8440832286771012,0.6569941191630236,0.5377912204975378,0.4375196682487408,1.000978708267212,0.02729160524904728,0.995638370513916,0.0188965555280447,0.9959144592285156,0.015123328194022179,0.9996674060821533,0.025267302989959717,0.9957709312438965,0.02235509641468525,1.000083327293396,0.019208744168281555,1.0002416372299194,0.02139296568930149,1.0001803636550903,0.029304366558790207,1.0000966787338257,0.023335937410593033,1.0065855979919434,0.04614025354385376,1.0057077407836914,0.04582800716161728,1.0302006006240845,0.0826529860496521,1.0270313024520874,0.08837881684303284,1.0234869718551636,0.08497586846351624,1.0177119970321655,0.08533727377653122,1.0288010835647583,0.10048618912696838,1.0252760648727417,0.10388391464948654,1.0368430614471436,0.12038591504096985,1.0333956480026245,0.12075477838516235,1.0416845083236694,0.14228053390979767,1.0370397567749023,0.13932260870933533,1.0432393550872803,0.15190871059894562,1.041927456855774,0.1460348516702652,1.0272445678710938,0.11832715570926666
1710,2,7.127179205417633e-06,3.736562728881836,11.407532271732064,3.093594695493791,1.6307267474354987,1.5467383706447078,1.6945940255526541,1.411384285472621,1.3046518038696158,0.9425727656083229,0.8208003758701086,0.6717147132883562,0.5245804754726834,0.48868308250099646,0.3681590508375443,1.0009363889694214,0.029527992010116577,0.9950979351997375,0.01950141042470932,0.9954874515533447,0.016201717779040337,0.9994118213653564,0.026429906487464905,0.9956026673316956,0.024078115820884705,0.9999231100082397,0.021002013236284256,1.0003840923309326,0.02384505420923233,1.0003125667572021,0.03050914779305458,1.0005545616149902,0.02461731992661953,1.0071035623550415,0.046709153801202774,1.0061933994293213,0.04677997902035713,1.0301506519317627,0.08347093313932419,1.0273280143737793,0.08950511366128922,1.023643970489502,0.08614512532949448,1.0183132886886597,0.086913101375103,1.0289192199707031,0.10209272801876068,1.0255976915359497,0.10609234869480133,1.036831259727478,0.1222190409898758,1.0334761142730713,0.12322793900966644,1.0417762994766235,0.14430424571037292,1.0373464822769165,0.1419963240623474,1.0436121225357056,0.15484213829040527,1.042441964149475,0.14955753087997437,1.0286215543746948,0.12092391401529312
1730,2,7.127179205417633e-06,3.502297878265381,10.894171026166369,3.3792403710680707,1.6576871049010184,1.615552956463056,1.8372700665987907,1.5822675444049823,1.605816358649427,1.1527598291818912,0.8891969633198542,0.7240159022811054,0.5817158541071417,0.4893344576588972,0.3909284417571358,1.0011012554168701,0.02719939313828945,0.9955254197120667,0.019694266840815544,0.9960324168205261,0.015443094074726105,0.9997686147689819,0.02531469613313675,0.995987057685852,0.022561147809028625,1.000348687171936,0.01984444633126259,1.0003210306167603,0.022334089502692223,1.0003957748413086,0.03002333454787731,1.0002696514129639,0.024331558495759964,1.0065104961395264,0.04664627090096474,1.0057144165039062,0.04677383229136467,1.0302045345306396,0.0830250158905983,1.026976466178894,0.08873941749334335,1.023664116859436,0.08584824204444885,1.0179389715194702,0.0860821083188057,1.0290483236312866,0.10166525095701218,1.0252493619918823,0.1049472987651825,1.037294864654541,0.12231504172086716,1.0337438583374023,0.12268856167793274,1.0418038368225098,0.14358381927013397,1.036893367767334,0.14029578864574432,1.0432783365249634,0.1529727578163147,1.0419032573699951,0.1469355672597885,1.0276844501495361,0.12135881930589676
1720,2,7.127179205417633e-06,1.6396386623382568,9.540942379051177,3.0443098298448876,1.8719597144314846,1.7941765090847248,1.926978190257388,1.7602031239597848,1.6773467152972623,1.2496351721946637,1.0153890922247857,0.8472009050642384,0.6564527566167796,0.5372164522831078,0.438516087416854,1.0010037422180176,0.02799230068922043,0.995465099811554,0.019285662099719048,0.9957262277603149,0.015532665885984898,0.999677300453186,0.025375019758939743,0.9957301616668701,0.02266412228345871,1.0001249313354492,0.019643062725663185,1.000420331954956,0.021829545497894287,1.000235676765442,0.02975180745124817,1.0002573728561401,0.023727521300315857,1.0066945552825928,0.04621472209692001,1.0058239698410034,0.04613205045461655,1.0301593542099,0.08256104588508606,1.0270215272903442,0.08808768540620804,1.0235310792922974,0.08471915125846863,1.0177299976348877,0.08526343107223511,1.0288527011871338,0.10020855069160461,1.0253829956054688,0.10370887070894241,1.0368382930755615,0.12010286748409271,1.0334333181381226,0.12060657143592834,1.041681170463562,0.14183583855628967,1.0369623899459839,0.13868071138858795,1.043236494064331,0.15134558081626892,1.0419666767120361,0.1457662135362625,1.0271037817001343,0.11799955368041992
1740,2,7.127179205417633e-06,2.519707679748535,8.711631431866174,2.5307763150340015,1.4394673635994502,1.4352749650669427,1.6410869081829254,1.4164278547595155,1.4327133512335288,1.0298333771342034,0.8355810367802171,0.736689732930353,0.5707248039915249,0.4565586125009199,0.40722098026218917,1.0004298686981201,0.02726108580827713,0.9956390857696533,0.020126624032855034,0.9958159923553467,0.0158613882958889,0.9991053342819214,0.025371788069605827,0.9950255751609802,0.02298686094582081,0.9993764162063599,0.019928600639104843,0.9993330836296082,0.021839795634150505,0.9995755553245544,0.028643401339650154,0.9993487000465393,0.0228520929813385,1.0056395530700684,0.04543185979127884,1.0050222873687744,0.04549137502908707,1.0295077562332153,0.08171679079532623,1.0263160467147827,0.08723713457584381,1.0233290195465088,0.0844818502664566,1.0177003145217896,0.08494137972593307,1.028853416442871,0.10087797045707703,1.024799108505249,0.10423190891742706,1.0372371673583984,0.12210497260093689,1.0337514877319336,0.12294843792915344,1.0414965152740479,0.1431688517332077,1.0368496179580688,0.14039362967014313,1.043474555015564,0.1535966545343399,1.0425033569335938,0.14859871566295624,1.027886152267456,0.12251583486795425
1730,2,7.127179205417633e-06,3.519205331802368,11.254769163618791,3.496892424606504,1.6946925438943672,1.6520241500519561,1.8786440305712222,1.606854204007535,1.6159159800467104,1.1583807468327696,0.8942177811375399,0.7296449379546781,0.5866988066548556,0.49418039923300416,0.3951010178944539,1.0010689496994019,0.02805326320230961,0.9953017830848694,0.02028520591557026,0.995927095413208,0.016039833426475525,0.9997726678848267,0.025754177942872047,0.9959388375282288,0.02320157364010811,1.0004072189331055,0.02065441384911537,1.0005196332931519,0.023080453276634216,1.000491976737976,0.030713055282831192,1.0004802942276,0.02498244121670723,1.006679654121399,0.04695463553071022,1.0059036016464233,0.047330934554338455,1.0302724838256836,0.08333387970924377,1.0270626544952393,0.08889085799455643,1.0237890481948853,0.0861034095287323,1.0181041955947876,0.08655282109975815,1.0291451215744019,0.1018512174487114,1.0254157781600952,0.1052544116973877,1.0373505353927612,0.12250906229019165,1.033849835395813,0.12302547693252563,1.0418784618377686,0.14364081621170044,1.0368902683258057,0.1401856392621994,1.0433474779129028,0.15290649235248566,1.0420091152191162,0.14698433876037598,1.0276349782943726,0.1212606430053711
1750,2,7.127179205417633e-06,1.6569137573242188,9.10338171768866,2.9308945806891558,1.5885279792879459,1.4423835902657476,1.5716042476444791,1.3365401000033301,1.2705630843748146,0.8940744027703719,0.7833073914810864,0.5882316783850298,0.42201701126536706,0.3835321686746602,0.3156723547966194,1.000494360923767,0.027604077011346817,0.9953497052192688,0.021703723818063736,0.995516300201416,0.017151053994894028,0.9991984367370605,0.026092028245329857,0.994975745677948,0.02403760887682438,0.999247133731842,0.02094445750117302,0.9992444515228271,0.02313663624227047,0.999362587928772,0.029071804136037827,0.9990422129631042,0.022859109565615654,1.0054391622543335,0.04571885988116264,1.0048227310180664,0.04562066122889519,1.0292692184448242,0.08224485069513321,1.0261098146438599,0.08818621933460236,1.0233656167984009,0.08578118681907654,1.0183043479919434,0.08672866225242615,1.0292177200317383,0.10370764136314392,1.0251046419143677,0.10746975243091583,1.0378739833831787,0.12606841325759888,1.0344353914260864,0.12741342186927795,1.0421361923217773,0.14764799177646637,1.0372768640518188,0.14480264484882355,1.043747067451477,0.15751829743385315,1.0426970720291138,0.1521315574645996,1.0295721292495728,0.12734608352184296
1740,2,7.127179205417633e-06,2.5279693603515625,8.706599253500809,2.515114803170413,1.451121268194816,1.453340233003447,1.6516900309752074,1.425836556819703,1.4365492161487239,1.0384649714757852,0.8394155135848784,0.7399756817632905,0.5725147605095272,0.46020797008841624,0.4082970657044641,1.0003827810287476,0.028138121590018272,0.9954100251197815,0.020676854997873306,0.9955537915229797,0.016403289511799812,0.9990928173065186,0.02586848847568035,0.9949443340301514,0.023634381592273712,0.9994236826896667,0.020790617913007736,0.9995278120040894,0.022562865167856216,0.9996858835220337,0.02936415746808052,0.9995847344398499,0.023573193699121475,1.005849003791809,0.045840974897146225,1.005251407623291,0.04620850458741188,1.0296047925949097,0.08218558132648468,1.0264452695846558,0.08759792894124985,1.0235117673873901,0.0849926546216011,1.0179274082183838,0.08565934002399445,1.0289859771728516,0.101291224360466,1.025010108947754,0.1047888994216919,1.037299394607544,0.12251350283622742,1.0338718891143799,0.12351565062999725,1.0416042804718018,0.14353623986244202,1.036902904510498,0.14067472517490387,1.0435707569122314,0.15385852754116058,1.042643427848816,0.14888785779476166,1.0279226303100586,0.12261667847633362
1760,2,7.127179205417633e-06,2.5926780700683594,8.707161707408538,2.615183146450734,1.5904319210008049,1.5466091542257028,1.823576200210107,1.517232623916812,1.4085893320757532,1.04001134623081,0.8766526043055969,0.6707936061651251,0.5179204297247139,0.4540108721651279,0.35202354071069025,1.001150369644165,0.02697320282459259,0.9951381087303162,0.02298087440431118,0.9952238202095032,0.01865972951054573,0.9992310404777527,0.027090102434158325,0.9947994947433472,0.025146247819066048,0.9993066191673279,0.02140129543840885,0.9992859959602356,0.023310018703341484,0.9992011189460754,0.028795847669243813,0.9989708065986633,0.0225838515907526,1.0054270029067993,0.046122148633003235,1.0047404766082764,0.04554988071322441,1.0293654203414917,0.08299699425697327,1.0262794494628906,0.08907856792211533,1.0233458280563354,0.08654330670833588,1.018644094467163,0.08756726235151291,1.029181718826294,0.1048443615436554,1.0250370502471924,0.10875532031059265,1.038064956665039,0.12805791199207306,1.0347650051116943,0.1299794763326645,1.0430020093917847,0.15151743590831757,1.0378369092941284,0.14844457805156708,1.04426109790802,0.16108497977256775,1.0431543588638306,0.15558139979839325,1.0308746099472046,0.13123074173927307
1750,2,7.127179205417633e-06,1.662658452987671,9.20147635443564,2.9454283875644327,1.5856217454017905,1.4429305483498498,1.5725214258896232,1.3447872486945858,1.2687924771407315,0.8970517615617799,0.7886394109963561,0.5933361741841974,0.4244720738713222,0.3848486280620611,0.3141138440522979,1.0004948377609253,0.028613023459911346,0.9950923919677734,0.022180352360010147,0.9952549338340759,0.017653580754995346,0.9992120265960693,0.02656732313334942,0.9949143528938293,0.024646732956171036,0.9993098378181458,0.021749349310994148,0.9994478225708008,0.023794060572981834,0.9994601011276245,0.02978517860174179,0.9992707371711731,0.023525267839431763,1.0056219100952148,0.04616512730717659,1.0050160884857178,0.046318355947732925,1.0293296575546265,0.08266550302505493,1.0262199640274048,0.08853307366371155,1.0235601663589478,0.08634497225284576,1.0185399055480957,0.08750424534082413,1.0293976068496704,0.10421597212553024,1.0253478288650513,0.10813602060079575,1.037964105606079,0.12661756575107574,1.0345854759216309,0.12811265885829926,1.0422524213790894,0.14815734326839447,1.0373613834381104,0.14525708556175232,1.0438929796218872,0.15799738466739655,1.0428756475448608,0.1526222676038742,1.0296649932861328,0.1277337670326233
1770,2,7.127179205417633e-06,2.0640652179718018,12.638802142353804,3.421325915885218,1.953601257896,1.9756228183639313,2.2804034285448376,1.8742380624073702,1.8711300774260633,1.4610433482287455,1.2813570059066084,0.994728462948045,0.7974693090842534,0.6260378611613732,0.5288502650413702,1.001670479774475,0.02467690221965313,0.9955439567565918,0.022477131336927414,0.9955630302429199,0.018499786034226418,0.9992393255233765,0.027002539485692978,0.9947112202644348,0.02455032244324684,0.9992703795433044,0.020450858399271965,0.999187171459198,0.02220606617629528,0.9989053010940552,0.027202807366847992,0.998773455619812,0.0215221606194973,1.0051956176757812,0.045156292617321014,1.0043118000030518,0.04427186772227287,1.0290637016296387,0.08098283410072327,1.0257865190505981,0.08628631383180618,1.0227396488189697,0.08335717022418976,1.0179075002670288,0.08413591980934143,1.0285322666168213,0.10170292109251022,1.0242602825164795,0.10537541657686234,1.0375957489013672,0.12538716197013855,1.0341918468475342,0.1273811012506485,1.043073058128357,0.15078817307949066,1.0377589464187622,0.14797261357307434,1.0443240404129028,0.16105015575885773,1.04326331615448,0.15615613758563995,1.0311212539672852,0.13234105706214905
1760,2,7.127179205417633e-06,2.5907979011535645,8.604420621287442,2.613901275263295,1.6020227484091267,1.556407402870716,1.8393946721034018,1.5260679983776946,1.411821952302081,1.0416951949587057,0.8764451464546837,0.6725444415065355,0.5207138757276251,0.4551818842163099,0.35269620128832513,1.0011696815490723,0.02842823602259159,0.9947786927223206,0.02352786809206009,0.9951133728027344,0.01926317997276783,0.9992464184761047,0.02769184112548828,0.994725227355957,0.025950055569410324,0.9993469715118408,0.022387787699699402,0.9994527697563171,0.024213086813688278,0.9992448687553406,0.029537703841924667,0.999153733253479,0.02323887310922146,1.0055530071258545,0.04647039994597435,1.0048831701278687,0.04607231914997101,1.0293985605239868,0.0832543671131134,1.0263447761535645,0.08923523128032684,1.0235073566436768,0.08693408221006393,1.0188276767730713,0.08818568289279938,1.029366135597229,0.10526540130376816,1.025275468826294,0.10932295024394989,1.0381711721420288,0.12858688831329346,1.0349291563034058,0.13064345717430115,1.0431392192840576,0.15206655859947205,1.0379414558410645,0.14892776310443878,1.0444165468215942,0.16160279512405396,1.0433509349822998,0.15613029897212982,1.0309935808181763,0.1316956728696823
1780,2,7.127179205417633e-06,3.0120205879211426,9.619687320818976,3.076318358643083,1.7481731620956742,1.6795168918482632,1.9244302495074839,1.7776039770362095,1.678566048168299,1.1804269559683718,1.030129075875246,0.8268054595682675,0.6519739646823461,0.5332917457108376,0.401527237720196,1.0020532608032227,0.027854586020112038,0.9943674206733704,0.025027940049767494,0.9954578280448914,0.02110542543232441,0.9996076822280884,0.03044915571808815,0.9949265718460083,0.02853391505777836,0.999582827091217,0.024971235543489456,0.9994098544120789,0.027341369539499283,0.9991502165794373,0.03068152815103531,0.9990335702896118,0.025194242596626282,1.0055062770843506,0.04650146886706352,1.0044537782669067,0.04547826200723648,1.0295740365982056,0.0814911425113678,1.026387095451355,0.08696924895048141,1.0232326984405518,0.08385688066482544,1.017910122871399,0.08492515236139297,1.028955101966858,0.10256920754909515,1.0246533155441284,0.10639031231403351,1.0380756855010986,0.12643462419509888,1.0344252586364746,0.1282813549041748,1.0433176755905151,0.15168209373950958,1.038066029548645,0.14914892613887787,1.044548511505127,0.16199856996536255,1.0435703992843628,0.15692614018917084,1.0312615633010864,0.130917027592659
1770,2,7.127179205417633e-06,2.0492324829101562,12.178518722548725,3.357696517037272,1.918622327897382,1.941534487620455,2.24499614909855,1.8478805249034653,1.85780952922139,1.4543573378370194,1.2582391531061834,0.9785496652462563,0.7811093016213451,0.612194698091881,0.5185045775610525,1.0017476081848145,0.02620789036154747,0.995178759098053,0.022860335186123848,0.9952370524406433,0.01892749033868313,0.9992856383323669,0.027386019006371498,0.9946516752243042,0.02518676035106182,0.9993083477020264,0.021265577524900436,0.9993534088134766,0.023027703166007996,0.9989223480224609,0.027892589569091797,0.9989343285560608,0.022142358124256134,1.0053311586380005,0.045500848442316055,1.0044716596603394,0.04481172934174538,1.0291286706924438,0.08121270686388016,1.025852084159851,0.08640063554048538,1.0228707790374756,0.08360002934932709,1.0180379152297974,0.08456292003393173,1.0286556482315063,0.10183674842119217,1.0244226455688477,0.10559884458780289,1.0376518964767456,0.12560045719146729,1.0343095064163208,0.1276858150959015,1.0431654453277588,0.15101048350334167,1.037819504737854,0.14808613061904907,1.0444867610931396,0.1613415628671646,1.043500304222107,0.156629741191864,1.0311634540557861,0.13259240984916687
1790,2,7.127179205417633e-06,3.264080286026001,9.359335108805078,2.7337060840024527,1.5539803798776826,1.5114438890349224,1.8077376965698047,1.5468420953143942,1.5957770340812234,1.153357422711207,0.9585828829677662,0.791628752517154,0.6251574333934904,0.4975012049782599,0.38691780603024806,1.0026087760925293,0.03351094573736191,0.9925767779350281,0.028686566278338432,0.9958915114402771,0.02477656491100788,1.000040054321289,0.03553500026464462,0.995219349861145,0.034502796828746796,1.0001870393753052,0.031525883823633194,0.9998485445976257,0.03420829772949219,0.9995251893997192,0.03619501739740372,0.9995325207710266,0.03045642003417015,1.0060019493103027,0.04928181692957878,1.0050358772277832,0.04758572205901146,1.0300984382629395,0.08235204219818115,1.0271728038787842,0.08809345215559006,1.0236812829971313,0.0847994014620781,1.0181509256362915,0.08634750545024872,1.0292240381240845,0.10350193083286285,1.024812936782837,0.10733912140130997,1.0383822917938232,0.12732183933258057,1.034752607345581,0.12944360077381134,1.0434043407440186,0.15221761167049408,1.0382766723632812,0.14998385310173035,1.044360637664795,0.16181790828704834,1.0436155796051025,0.15640199184417725,1.0310612916946411,0.12797486782073975
1780,2,7.127179205417633e-06,2.966432809829712,9.717719784833468,3.081567941969542,1.7581190849623671,1.687245253802961,1.9349272011281293,1.7897803429309138,1.6983370799291095,1.1961581605172988,1.0459301902059648,0.8372537679191632,0.6616786106009219,0.5377195332441266,0.40429142838643434,1.002147912979126,0.029409391805529594,0.9940117001533508,0.025486933067440987,0.9954290986061096,0.0215876754373312,0.9996906518936157,0.03075888566672802,0.9949060678482056,0.029046447947621346,0.9996346235275269,0.025606093928217888,0.9995825290679932,0.028023814782500267,0.999195396900177,0.03128621727228165,0.9992020726203918,0.025753268972039223,1.0056463479995728,0.04681400582194328,1.0046031475067139,0.045913152396678925,1.0296118259429932,0.08156944811344147,1.0264060497283936,0.08689596503973007,1.023298740386963,0.08381704986095428,1.0179482698440552,0.0850309282541275,1.0289978981018066,0.10230635106563568,1.0247302055358887,0.10617551952600479,1.038069248199463,0.12624529004096985,1.0344785451889038,0.1281568855047226,1.043346881866455,0.15149137377738953,1.038074016571045,0.1488501876592636,1.0446957349777222,0.16196846961975098,1.0438215732574463,0.1571599245071411,1.031176209449768,0.13073115050792694
1800,2,7.127179205417633e-06,4.458656311035156,9.77829406517022,3.8144795451702787,1.9721532459161348,1.8240269102768516,2.053421086980767,1.7103257930747318,1.5628747394913596,1.1507829565076384,0.9317956729396151,0.7710630229541083,0.5521316029728824,0.5537792945733386,0.40118560008973525,1.001742959022522,0.037092242389917374,0.9921091198921204,0.029595430940389633,0.9961075782775879,0.025644619017839432,1.000355839729309,0.03615867346525192,0.9954217076301575,0.035337310284376144,1.0004429817199707,0.03270810469985008,1.0001763105392456,0.03527914360165596,0.9999648332595825,0.03746169060468674,0.9999837279319763,0.03136368840932846,1.0061129331588745,0.0500776469707489,1.0051255226135254,0.048553138971328735,1.0302090644836426,0.08344177156686783,1.0272561311721802,0.08917636424303055,1.0236365795135498,0.08600546419620514,1.018667221069336,0.08765445649623871,1.0291721820831299,0.10477574169635773,1.0247018337249756,0.10854879766702652,1.03840172290802,0.1283227652311325,1.034595251083374,0.13027212023735046,1.0435874462127686,0.15355749428272247,1.0384469032287598,0.15140856802463531,1.0441566705703735,0.16213884949684143,1.0437219142913818,0.15629221498966217,1.0309686660766602,0.12630096077919006
1790,2,7.127179205417633e-06,3.296823024749756,9.248329663333367,2.7316398806499405,1.5539208255564856,1.5139538593434476,1.810886119426734,1.557732254551098,1.6229269874448584,1.1800327334528118,0.9640290611353786,0.7951011927780379,0.624523655398273,0.5012232648116963,0.38595344336756454,1.002627968788147,0.034879378974437714,0.992255687713623,0.02937440015375614,0.9958592057228088,0.025463737547397614,1.0001245737075806,0.035910915583372116,0.9951635599136353,0.03500710055232048,1.0001939535140991,0.03209899738430977,0.9999759197235107,0.03478710725903511,0.999565601348877,0.03671586886048317,0.9996998906135559,0.030968036502599716,1.006126046180725,0.049603093415498734,1.0051965713500977,0.04796251282095909,1.0301477909088135,0.08238653093576431,1.0271892547607422,0.08795877546072006,1.0237133502960205,0.08462535589933395,1.0181530714035034,0.08631952852010727,1.0292330980300903,0.1031123548746109,1.0248690843582153,0.10699699074029922,1.0383691787719727,0.12702147662639618,1.0347903966903687,0.12920249998569489,1.0434021949768066,0.15189597010612488,1.0382572412490845,0.14953848719596863,1.0444809198379517,0.16164717078208923,1.0438432693481445,0.15657837688922882,1.0309683084487915,0.12773913145065308
1810,2,7.127179205417633e-06,1.8758363723754883,9.423400175624478,2.818835389895313,1.4943840900888539,1.4905742224591734,1.6014850009744488,1.495015922783948,1.4400052580059144,1.0674583269718187,0.8931680962090224,0.7302438125655372,0.49760010317576275,0.5097443553944561,0.382534375604242,1.0010908842086792,0.03857316076755524,0.9919325113296509,0.03031959943473339,0.9952831864356995,0.026622658595442772,0.9997294545173645,0.03748555853962898,0.9947113990783691,0.03690338507294655,0.9997168779373169,0.03452941030263901,0.9994521737098694,0.035784926265478134,0.9993252754211426,0.03700501099228859,0.9993665814399719,0.03139325976371765,1.0056954622268677,0.04917873442173004,1.0044374465942383,0.04849972948431969,1.0302046537399292,0.08358889073133469,1.027063250541687,0.08931806683540344,1.0234074592590332,0.08587915450334549,1.0186865329742432,0.08750424534082413,1.0291979312896729,0.10536814481019974,1.0248291492462158,0.1092790812253952,1.0387461185455322,0.1291491538286209,1.034921646118164,0.13112914562225342,1.0441505908966064,0.15472163259983063,1.0389906167984009,0.15221796929836273,1.0439462661743164,0.16143488883972168,1.0437276363372803,0.15491503477096558,1.0303492546081543,0.12352658808231354
1800,2,7.127179205417633e-06,4.468600749969482,9.493353613198614,3.6979708549379366,1.9423088359734277,1.8006379858223327,2.039024457608616,1.7046518570813822,1.5542868360420827,1.1444165169454719,0.9213258338128454,0.7674139541615839,0.5503938885274203,0.5487541550044202,0.4000096226191858,1.0017837285995483,0.03798820823431015,0.9918804168701172,0.030124634504318237,0.9960834383964539,0.02616633102297783,1.0004504919052124,0.0363488532602787,0.9953715205192566,0.03560418263077736,1.0004348754882812,0.03303735703229904,1.0003002882003784,0.035554543137550354,1.0000499486923218,0.037745606154203415,1.0002119541168213,0.03165460005402565,1.0063215494155884,0.0503813736140728,1.0053802728652954,0.048980649560689926,1.0303634405136108,0.08366934955120087,1.0273699760437012,0.08930816501379013,1.023712158203125,0.08606879413127899,1.018723726272583,0.08784142136573792,1.0292210578918457,0.10456383228302002,1.0247914791107178,0.10836222022771835,1.038392186164856,0.12807735800743103,1.034627914428711,0.1300637125968933,1.0435798168182373,0.15324987471103668,1.0384175777435303,0.15095661580562592,1.0443084239959717,0.16205577552318573,1.0439765453338623,0.15657468140125275,1.0308974981307983,0.1261408030986786
1820,2,7.127179205417633e-06,2.682955741882324,7.791981031981835,2.461105603087732,1.3659096977675147,1.3298641538341602,1.5624566586454158,1.4058640187402722,1.4078948405386484,1.0064853113349967,0.8629257754667953,0.7054722936716769,0.566210720853457,0.44720299524086854,0.3629255838641342,1.0009024143218994,0.04379301518201828,0.9902429580688477,0.035263292491436005,0.9949831366539001,0.03188987076282501,0.9995610117912292,0.0424468070268631,0.9945289492607117,0.0427994430065155,0.9994480609893799,0.040359705686569214,0.999462902545929,0.041583456099033356,0.9992062449455261,0.040883179754018784,0.9994416236877441,0.035312216728925705,1.006333827972412,0.05075518786907196,1.0050557851791382,0.0499110147356987,1.0306718349456787,0.08462639153003693,1.027323842048645,0.09045616537332535,1.0238323211669922,0.08765681087970734,1.0191285610198975,0.0899890661239624,1.0295345783233643,0.1079278439283371,1.025497317314148,0.11240137368440628,1.0394483804702759,0.1321425437927246,1.0358107089996338,0.13435517251491547,1.044843316078186,0.15782654285430908,1.0396891832351685,0.15545213222503662,1.0439687967300415,0.16339336335659027,1.0438586473464966,0.15601502358913422,1.0308022499084473,0.12458702176809311
1810,2,7.127179205417633e-06,1.8652514219284058,9.19403295178449,2.7920773399587553,1.4917058654569788,1.4850983189793068,1.5999869038040464,1.4948592760803798,1.438381486604111,1.0672980953686249,0.8930213303958007,0.7332915691029191,0.4990385272609775,0.5103862869695311,0.3816128428381774,1.0010885000228882,0.03933262452483177,0.991744875907898,0.030755583196878433,0.9953140616416931,0.027017250657081604,0.9998696446418762,0.0375065840780735,0.9947353601455688,0.03696979209780693,0.9997622966766357,0.034704260528087616,0.9996532201766968,0.03588420897722244,0.9994964599609375,0.037146613001823425,0.999698281288147,0.03152474761009216,1.0060337781906128,0.04947061836719513,1.004806399345398,0.0489976741373539,1.0304700136184692,0.08403245359659195,1.0272469520568848,0.08968373388051987,1.0234863758087158,0.08610977232456207,1.018790602684021,0.08780843764543533,1.0292484760284424,0.10521890968084335,1.0249171257019043,0.10912423580884933,1.0387194156646729,0.1288440227508545,1.034937858581543,0.1308450996875763,1.0441234111785889,0.1543365716934204,1.0389364957809448,0.1516798436641693,1.0441011190414429,0.1613076627254486,1.0439817905426025,0.15518184006214142,1.0302565097808838,0.12335169315338135
1830,2,7.127179205417633e-06,3.624131202697754,8.27541453997405,3.0292025931112336,1.4558760739076146,1.3738738330252152,1.5672417377204193,1.4054315323174218,1.2474907866659228,0.9121607991173798,0.7912433475435696,0.6736014154362776,0.5032805282082232,0.40271209413086534,0.37703713995096194,1.0014866590499878,0.05031737685203552,0.988659143447876,0.03973953798413277,0.9953359961509705,0.03651464730501175,0.9996917843818665,0.045754916965961456,0.9948636889457703,0.04725845158100128,0.9996182322502136,0.04430782049894333,0.9997970461845398,0.04621809348464012,0.9993894696235657,0.0439654216170311,0.9996827244758606,0.038182392716407776,1.00704026222229,0.05166822299361229,1.0055522918701172,0.049777042120695114,1.0309077501296997,0.08392483741044998,1.0273338556289673,0.0888461098074913,1.0240274667739868,0.08647947758436203,1.0184792280197144,0.08887004852294922,1.0296460390090942,0.10731051117181778,1.0254186391830444,0.11158426105976105,1.0396170616149902,0.1319902390241623,1.0359474420547485,0.13405051827430725,1.0450743436813354,0.15795205533504486,1.0398941040039062,0.15544292330741882,1.0442233085632324,0.16365468502044678,1.0440963506698608,0.15638889372348785,1.030778408050537,0.12492281198501587
1820,2,7.127179205417633e-06,2.6705007553100586,7.807000264993386,2.486791695297344,1.366234363741764,1.3344692772833815,1.5579813724377982,1.3998397590033702,1.405357020411574,0.99975043014492,0.8597845173414437,0.7043378641850777,0.5641017589801129,0.4472349295704309,0.3623680236648215,1.000954031944275,0.04407598823308945,0.990166187286377,0.0354623943567276,0.995002269744873,0.032038614153862,0.9997040629386902,0.04216794669628143,0.9945647120475769,0.04251663759350777,0.9994955062866211,0.04015645012259483,0.9996761083602905,0.04132722690701485,0.999401330947876,0.04074085131287575,0.9997982978820801,0.035122353583574295,1.0066163539886475,0.05090957507491112,1.005385160446167,0.05030988156795502,1.0309120416641235,0.08509224653244019,1.0274754762649536,0.09086714684963226,1.0238492488861084,0.08789093792438507,1.0192537307739258,0.09027385711669922,1.0295428037643433,0.10772064328193665,1.0255612134933472,0.11220212280750275,1.0394233465194702,0.13181611895561218,1.0358240604400635,0.1340603083372116,1.0448198318481445,0.15749263763427734,1.0396418571472168,0.15496677160263062,1.0441361665725708,0.16330842673778534,1.0441490411758423,0.1563347578048706,1.0306928157806396,0.1244092732667923
1840,2,7.127179205417633e-06,3.534531593322754,10.446253624480763,3.492092672779921,2.0037786203915022,1.952202962289168,2.240469393950806,2.07441032782107,2.1999238595339614,1.4989213779138844,1.1662897497479048,0.9745986532130649,0.7268635105087506,0.572395398935366,0.5111241354976953,1.0021520853042603,0.05224558711051941,0.9893205761909485,0.04069753736257553,0.9957756996154785,0.03746204078197479,0.9996863603591919,0.04535916820168495,0.9949421882629395,0.047218821942806244,0.9996634125709534,0.043851833790540695,0.9999656081199646,0.046303145587444305,0.9992772340774536,0.04380519688129425,0.9995497465133667,0.03822487220168114,1.0072999000549316,0.051437631249427795,1.0056296586990356,0.04922466725111008,1.0310994386672974,0.08325852453708649,1.0273234844207764,0.08751443773508072,1.0240591764450073,0.08506940305233002,1.0178200006484985,0.0871393233537674,1.0296189785003662,0.10593345761299133,1.0251680612564087,0.10979662090539932,1.0394624471664429,0.13070067763328552,1.0358377695083618,0.13292662799358368,1.045164704322815,0.15739955008029938,1.0398962497711182,0.15481935441493988,1.0444293022155762,0.16345266997814178,1.04446542263031,0.156649649143219,1.0304607152938843,0.12434034794569016
1830,2,7.127179205417633e-06,3.61946177482605,8.268463917355426,3.036498072163799,1.4572952692956342,1.3675793161492962,1.5546440005888325,1.3987699539670453,1.2264850925391941,0.8928059253783709,0.7794095843523036,0.6678146767282704,0.5028080824782136,0.39884548797998953,0.37278581136462846,1.001533031463623,0.05004353076219559,0.9886042475700378,0.03965306654572487,0.9952690601348877,0.03640831261873245,0.9997546672821045,0.04519983008503914,0.9948216676712036,0.04665835201740265,0.9995732307434082,0.043759074062108994,0.9999150037765503,0.045643970370292664,0.9994744658470154,0.043534982949495316,0.9999524354934692,0.03768524155020714,1.007216453552246,0.05166059359908104,1.0057883262634277,0.0500451885163784,1.0310640335083008,0.0843418762087822,1.0274161100387573,0.08922351151704788,1.024017095565796,0.08672290295362473,1.0186282396316528,0.08917732536792755,1.0296441316604614,0.10711891204118729,1.0254828929901123,0.11142376810312271,1.0395570993423462,0.13161145150661469,1.035914421081543,0.13366423547267914,1.0449856519699097,0.15748000144958496,1.039788842201233,0.1548224538564682,1.0443483591079712,0.16343346238136292,1.044357419013977,0.1565384566783905,1.0306144952774048,0.12458688765764236
1850,2,7.127179205417633e-06,2.254363536834717,11.873663256308062,3.80589199275594,2.284466254464647,2.281014482698801,2.3498221034808373,2.103272396092361,2.055921632046407,1.5518107049980636,1.3802975866992102,1.0456383264458917,0.8181345250458852,0.6539526649467521,0.49706935953594134,1.0029377937316895,0.05002991110086441,0.9897210001945496,0.03920929878950119,0.9966350197792053,0.03582846745848656,1.0005524158477783,0.0439867340028286,0.9957457184791565,0.045820485800504684,1.0006966590881348,0.04247598350048065,1.0008423328399658,0.04489917680621147,0.9999179244041443,0.04296041280031204,0.999779224395752,0.03725589066743851,1.0077996253967285,0.05160083994269371,1.0057799816131592,0.04951442778110504,1.0315942764282227,0.08455661684274673,1.0274933576583862,0.08897797763347626,1.0245057344436646,0.08691582828760147,1.0182925462722778,0.08888567984104156,1.0299044847488403,0.10685074329376221,1.0251884460449219,0.11029072105884552,1.0396478176116943,0.1312316358089447,1.0359750986099243,0.1332208216190338,1.0450630187988281,0.1571202427148819,1.0399397611618042,0.15431848168373108,1.0441702604293823,0.16252149641513824,1.0441869497299194,0.15541519224643707,1.030128836631775,0.12307051569223404
1840,2,7.127179205417633e-06,3.5607500076293945,10.745351328427873,3.559558979813226,2.010559762893006,1.9655520940977473,2.2527069212264363,2.081955739401539,2.188134418016691,1.5004925613716162,1.1666782743451476,0.9739478570150466,0.7219861102374083,0.5710889112243939,0.5080875412529516,1.0022815465927124,0.0513945072889328,0.9892503023147583,0.0402546226978302,0.9957032203674316,0.037029609084129333,0.9997485876083374,0.04463539272546768,0.9948967099189758,0.0463990792632103,0.9995901584625244,0.04306633770465851,1.0000193119049072,0.045485902577638626,0.9992465376853943,0.043082524091005325,0.9996861815452576,0.037499550729990005,1.007365345954895,0.05116051807999611,1.0057282447814941,0.04921957477927208,1.0311323404312134,0.08331095427274704,1.0273081064224243,0.08744286000728607,1.0239769220352173,0.08480294048786163,1.0178039073944092,0.08691674470901489,1.0295534133911133,0.10523654520511627,1.0251580476760864,0.10909227281808853,1.0393311977386475,0.12980175018310547,1.035735011100769,0.13198034465312958,1.0450071096420288,0.15640392899513245,1.0397310256958008,0.15368999540805817,1.0444889068603516,0.16270175576210022,1.0446540117263794,0.15637467801570892,1.0301622152328491,0.12356392294168472
1860,2,7.127179205417633e-06,3.6023268699645996,8.746535583156195,2.726807034242942,1.429845156117268,1.4128995362815535,1.637691372679778,1.4529679401809548,1.4186341272240772,1.0733575782641263,0.8629238805009932,0.6909680765828742,0.527559430006608,0.4523820418439686,0.40411395016812246,1.0028772354125977,0.049376074224710464,0.9896472096443176,0.03831198811531067,0.9973049759864807,0.034689947962760925,1.0011879205703735,0.04311865568161011,0.996517539024353,0.04511958733201027,1.0015681982040405,0.04211542010307312,1.0015443563461304,0.04434845224022865,1.0011546611785889,0.04370730742812157,1.0005300045013428,0.03750874847173691,1.0091415643692017,0.05421631410717964,1.006770133972168,0.05268846079707146,1.0326558351516724,0.08966559916734695,1.0285896062850952,0.09597520530223846,1.025668978691101,0.09494947642087936,1.0207546949386597,0.09735310077667236,1.0309584140777588,0.11479674279689789,1.0263434648513794,0.11854852735996246,1.0403521060943604,0.13847896456718445,1.0368714332580566,0.1409507840871811,1.0457743406295776,0.16405941545963287,1.040648102760315,0.1612357497215271,1.0445282459259033,0.16865216195583344,1.044633150100708,0.1604185700416565,1.032218098640442,0.12914389371871948
1850,2,7.127179205417633e-06,2.264491081237793,12.013198172592457,3.7024577781459844,2.2593141227989353,2.257521549440338,2.344002218154428,2.107502268074406,2.063926048247693,1.5557509828899734,1.387353094334186,1.0541599797772712,0.8255921460689976,0.6539880070746776,0.494433389801774,1.003064751625061,0.04888119176030159,0.9895952343940735,0.03851823881268501,0.9965956807136536,0.035150740295648575,1.0006346702575684,0.04310023412108421,0.9957370162010193,0.04478307068347931,1.0006637573242188,0.041496697813272476,1.0009461641311646,0.043946851044893265,0.9998713731765747,0.04213802516460419,0.9998611211776733,0.03641720116138458,1.007819652557373,0.05129984766244888,1.0057883262634277,0.04948379471898079,1.0315828323364258,0.08459369838237762,1.0274721384048462,0.08893006294965744,1.0244375467300415,0.08671265840530396,1.0183011293411255,0.08873947709798813,1.0298537015914917,0.10628335922956467,1.025210976600647,0.1097206398844719,1.0395606756210327,0.13051161170005798,1.035896897315979,0.13243010640144348,1.0449846982955933,0.15639925003051758,1.0398361682891846,0.15345333516597748,1.044258952140808,0.16197437047958374,1.04439115524292,0.1553337723016739,1.0299139022827148,0.12252479046583176
1870,2,7.127179205417633e-06,3.0663809776306152,7.997874337421948,2.676166554444993,1.469820629108209,1.438955364151612,1.6912601700982732,1.517564483067947,1.5636390314567499,1.1032802390840748,0.8567858229419568,0.6320684345063777,0.539592118216312,0.42084720816609367,0.36036450458230485,1.0028330087661743,0.05020016059279442,0.9902318716049194,0.038377486169338226,0.9970916509628296,0.03493646904826164,1.0009982585906982,0.04251905158162117,0.9966200590133667,0.04511450231075287,1.0017651319503784,0.04203885421156883,1.0018060207366943,0.04405863210558891,1.0016684532165527,0.04349905252456665,1.0008885860443115,0.037886396050453186,1.0095946788787842,0.05448361858725548,1.0071736574172974,0.0529840849339962,1.0330322980880737,0.08988471329212189,1.0289180278778076,0.09642044454813004,1.02590012550354,0.09527933597564697,1.0207266807556152,0.09764412045478821,1.0310646295547485,0.11521192640066147,1.0264581441879272,0.11900899559259415,1.0404568910598755,0.13900883495807648,1.0368305444717407,0.14147157967090607,1.045806646347046,0.16485275328159332,1.0406489372253418,0.16204339265823364,1.044745922088623,0.16987822949886322,1.0449296236038208,0.16181722283363342,1.0325549840927124,0.13059602677822113
1860,2,7.127179205417633e-06,3.5888309478759766,8.701608181666765,2.6336698063642974,1.4185575914212878,1.4059653017687517,1.6330593847665402,1.4566141096154948,1.425318612825552,1.0816088385882725,0.8648962632472914,0.695748078937467,0.5322361011054554,0.45719419209902074,0.40503851444744116,1.0030431747436523,0.04845321178436279,0.9894101023674011,0.03809197247028351,0.9972236156463623,0.034482844173908234,1.0011965036392212,0.042798079550266266,0.996452271938324,0.04463636130094528,1.0015021562576294,0.04171505570411682,1.0016409158706665,0.04392336308956146,1.0010753870010376,0.04325740039348602,1.0005580186843872,0.037060998380184174,1.0091378688812256,0.05408169701695442,1.0067447423934937,0.05278312787413597,1.0326485633850098,0.08970969170331955,1.028585433959961,0.09590166807174683,1.0256062746047974,0.09471424669027328,1.0207417011260986,0.0971740186214447,1.030908465385437,0.11420870572328568,1.0263584852218628,0.11795021593570709,1.040258765220642,0.1377280056476593,1.036819577217102,0.14020395278930664,1.0457066297531128,0.1633901298046112,1.0405614376068115,0.1603977382183075,1.044637680053711,0.16812501847743988,1.0448483228683472,0.16034846007823944,1.0320051908493042,0.1287488490343094
1880,2,7.127179205417633e-06,2.4616661071777344,11.014272819289204,3.366367142725665,1.7969295261825184,1.8253009401905689,2.0453324951226075,1.8394114333184635,1.8124764959855226,1.2023120197904555,1.0756901005311106,0.8183211550584829,0.5687357522142349,0.45287740864653664,0.4457543622185728,1.001948356628418,0.054097454994916916,0.9902095794677734,0.04048941284418106,0.9968248009681702,0.03733346238732338,1.0007375478744507,0.04487279802560806,0.9964575171470642,0.047568026930093765,1.0016447305679321,0.044021572917699814,1.001632571220398,0.04586990922689438,1.0017355680465698,0.0435769259929657,1.0008701086044312,0.03874991461634636,1.0092532634735107,0.053202103823423386,1.0069516897201538,0.050788313150405884,1.0326910018920898,0.08657734841108322,1.0285048484802246,0.09182149171829224,1.0253896713256836,0.09012127667665482,1.0189180374145508,0.09219460189342499,1.0307259559631348,0.1104651615023613,1.0259679555892944,0.1139734536409378,1.03990638256073,0.13416069746017456,1.0362801551818848,0.13660527765750885,1.0453161001205444,0.16042907536029816,1.0400880575180054,0.15741117298603058,1.0451841354370117,0.16724754869937897,1.0453214645385742,0.1603882610797882,1.031322717666626,0.12740114331245422
1870,2,7.127179205417633e-06,3.1043167114257812,8.085235424702589,2.681057532727892,1.477518215384048,1.4455457313970257,1.703010700908914,1.5141736540255568,1.5678310082435176,1.1001624219248507,0.8571045524972387,0.6362070225742741,0.5423088955538525,0.4200175117781799,0.3629462412511084,1.0029878616333008,0.049575645476579666,0.9899899363517761,0.038392890244722366,0.9970062375068665,0.03496439382433891,1.0009843111038208,0.04242711141705513,0.996563196182251,0.044825129210948944,1.001744270324707,0.04182128235697746,1.0019744634628296,0.04386216774582863,1.001680612564087,0.04327156022191048,1.0009995698928833,0.037596192210912704,1.009659767150879,0.05451374500989914,1.0072367191314697,0.05322347953915596,1.0330677032470703,0.09002009779214859,1.028943419456482,0.09646052867174149,1.0258369445800781,0.09512148797512054,1.0207290649414062,0.09749781340360641,1.0310369729995728,0.11465231329202652,1.0264757871627808,0.11838855594396591,1.040340542793274,0.1381761133670807,1.0367581844329834,0.14063626527786255,1.045700192451477,0.16403959691524506,1.0405222177505493,0.16098149120807648,1.0448452234268188,0.16916193068027496,1.0451303720474243,0.16158023476600647,1.0322651863098145,0.13003207743167877
1890,2,7.127179205417633e-06,3.4943971633911133,8.943674761643756,2.8397823735305963,1.3872821300153653,1.307775990664429,1.4452764318682159,1.3444868671732915,1.2967466568487642,0.9788057471940621,0.7660164472447405,0.5976106617981417,0.47802167011680474,0.377627158619357,0.32875340648499135,1.0023860931396484,0.0553332157433033,0.9907569289207458,0.04114823043346405,0.9969363212585449,0.03825271502137184,1.000763177871704,0.04598574712872505,0.9965687394142151,0.04851895943284035,1.0016621351242065,0.04477212578058243,1.0016987323760986,0.04630083218216896,1.0018783807754517,0.043832167983055115,1.001114010810852,0.03943273797631264,1.009162187576294,0.053063977509737015,1.006861925125122,0.05056110769510269,1.0325595140457153,0.08494512736797333,1.0283502340316772,0.08978933095932007,1.025032639503479,0.08738260716199875,1.0178970098495483,0.08925455063581467,1.0301096439361572,0.1068648025393486,1.0253899097442627,0.11010461300611496,1.038974404335022,0.12948386371135712,1.0355647802352905,0.1322353482246399,1.0449837446212769,0.15700042247772217,1.0398591756820679,0.15433023869991302,1.0455739498138428,0.16537177562713623,1.0457910299301147,0.15987689793109894,1.0303819179534912,0.1255207508802414
1880,2,7.127179205417633e-06,2.4738709926605225,11.004112169362042,3.3087218283878608,1.7811806096450862,1.820540260893912,2.0391555585379826,1.837475619354582,1.8192694620179988,1.1984197957790872,1.0758721411070262,0.813330737329377,0.5642024068143552,0.4512776108936122,0.4423014593689629,1.0021151304244995,0.053116943687200546,0.9899317622184753,0.040265776216983795,0.9967657327651978,0.037109486758708954,1.0007860660552979,0.04455963894724846,0.9964779615402222,0.047016918659210205,1.0017279386520386,0.043581295758485794,1.0018954277038574,0.045453306287527084,1.0018987655639648,0.04330047592520714,1.0011510848999023,0.038390904664993286,1.0094258785247803,0.05332815647125244,1.007142424583435,0.05116897448897362,1.0328291654586792,0.08699870109558105,1.0286591053009033,0.09234899282455444,1.02540922164917,0.09047561883926392,1.019067406654358,0.09259134531021118,1.030806064605713,0.1104407086968422,1.0260729789733887,0.11388793587684631,1.0398645401000977,0.13383693993091583,1.0362857580184937,0.13628636300563812,1.04525625705719,0.16003552079200745,1.04000985622406,0.15675300359725952,1.0453052520751953,0.16686402261257172,1.0455070734024048,0.16028986871242523,1.0310992002487183,0.12702569365501404
1900,2,7.127179205417633e-06,2.8407678604125977,14.180383809534996,4.117432191541713,2.046652994861814,1.9744210211776718,2.234768068263744,1.8842316378146153,1.871137235048166,1.373323891711105,1.0531088762163996,0.8721415818761847,0.7027604804604347,0.5832317546509872,0.40484565733085526,1.0022138357162476,0.05842648074030876,0.9908302426338196,0.04373892396688461,0.9962786436080933,0.04095732793211937,1.0001096725463867,0.04880168288946152,0.9958476424217224,0.05114967003464699,1.0011004209518433,0.04724414646625519,1.0009465217590332,0.048608433455228806,1.0011347532272339,0.04517020657658577,1.0003840923309326,0.041021816432476044,1.0085813999176025,0.05313670635223389,1.0061441659927368,0.0498088039457798,1.031896948814392,0.08293263614177704,1.0275543928146362,0.08659566938877106,1.0244346857070923,0.0837274119257927,1.0171375274658203,0.08542639017105103,1.0297046899795532,0.10357432067394257,1.0249648094177246,0.10654611885547638,1.0386502742767334,0.126008540391922,1.0353013277053833,0.1287076622247696,1.0443364381790161,0.15305304527282715,1.0392482280731201,0.15041013062000275,1.045351266860962,0.16215528547763824,1.045326590538025,0.15675236284732819,1.0291883945465088,0.12102901935577393
1890,2,7.127179205417633e-06,3.462040424346924,9.076512633555684,2.7494924774997047,1.3401026485354224,1.2766400777245235,1.40721962557744,1.3033034975303914,1.252805836710543,0.946423785331132,0.7544057011886519,0.5905680663110807,0.47592836150242296,0.3796601504853363,0.32719678154059606,1.0024595260620117,0.05447370558977127,0.9904544949531555,0.04094197601079941,0.9968844652175903,0.03801944479346275,1.0008273124694824,0.04558039829134941,0.9966185688972473,0.04791703075170517,1.0017619132995605,0.044292714446783066,1.0019890069961548,0.04586153104901314,1.002073049545288,0.0435946099460125,1.0014313459396362,0.039073072373867035,1.0093847513198853,0.05324912443757057,1.0070853233337402,0.051012489944696426,1.032787561416626,0.08555009961128235,1.0285863876342773,0.09061314165592194,1.0251224040985107,0.08801686018705368,1.018114447593689,0.08995574712753296,1.0302720069885254,0.10713688284158707,1.0255589485168457,0.11030063033103943,1.0390039682388306,0.12944096326828003,1.0356756448745728,0.13222384452819824,1.0449682474136353,0.15682215988636017,1.0398269891738892,0.15386655926704407,1.045735239982605,0.16515904664993286,1.046011209487915,0.15988990664482117,1.0301743745803833,0.12513037025928497
1910,2,7.127179205417633e-06,4.172316074371338,11.211893734713485,2.9611593461058763,1.6451440938364876,1.5948014730651443,1.830426323944329,1.7209682997506741,1.5707083108882491,1.2579461404609305,1.0068716477676705,0.8621914332613317,0.6629216848720404,0.5379007016546988,0.3509436612731575,1.0023646354675293,0.0594729520380497,0.9907888770103455,0.04459154233336449,0.9959853291511536,0.041764430701732635,0.9997456669807434,0.049768827855587006,0.9952925443649292,0.05179162323474884,1.0007882118225098,0.04748992249369621,1.0006409883499146,0.04889911785721779,1.0007342100143433,0.0449962355196476,1.0000338554382324,0.04081037640571594,1.0085266828536987,0.052708305418491364,1.0062196254730225,0.04945533722639084,1.0320043563842773,0.08304985612630844,1.0278520584106445,0.08696410804986954,1.0243866443634033,0.0833304300904274,1.0168856382369995,0.08492492884397507,1.0296283960342407,0.103309266269207,1.0248736143112183,0.10608921945095062,1.0392396450042725,0.12664192914962769,1.0357263088226318,0.12902818620204926,1.0448787212371826,0.15411162376403809,1.0396438837051392,0.15119433403015137,1.0454095602035522,0.16228152811527252,1.0451419353485107,0.1562056839466095,1.0291056632995605,0.12065702676773071
1900,2,7.127179205417633e-06,2.8222389221191406,12.775410108639313,3.792542700119926,1.9385176250335925,1.9076337419266451,2.160442336639661,1.8358485897379597,1.8409089080168435,1.3309091836171092,1.0479428035068663,0.8619002070112272,0.7007754464582606,0.5756901503530371,0.4001151242476124,1.0022237300872803,0.05737520754337311,0.9904837012290955,0.04328909143805504,0.9962567687034607,0.04055121913552284,1.0002098083496094,0.04817597195506096,0.9959073662757874,0.05038363113999367,1.0011863708496094,0.04655655845999718,1.0012013912200928,0.04799093306064606,1.001255750656128,0.044721949845552444,1.000630259513855,0.04044977203011513,1.0087473392486572,0.05318986251950264,1.0063071250915527,0.05004175752401352,1.032058596611023,0.08338598161935806,1.0277190208435059,0.08721985667943954,1.0244956016540527,0.08420810103416443,1.0172053575515747,0.08600641787052155,1.0298607349395752,0.10377199202775955,1.0251102447509766,0.1066512018442154,1.0386347770690918,0.1258711963891983,1.035386562347412,0.12858563661575317,1.044257402420044,0.15266269445419312,1.0391424894332886,0.1496746689081192,1.045432686805725,0.1616314947605133,1.0455121994018555,0.1565137505531311,1.028882384300232,0.12017103284597397
1920,2,7.127179205417633e-06,2.1297707557678223,7.858716997751424,2.206356208817145,1.2304766952779316,1.172515064536596,1.5242428566897588,1.3850434783512764,1.261658039065972,0.8856861358847689,0.8286701227068392,0.6916662758324322,0.5227408400225805,0.4763981075700637,0.40680668819807375,1.0034018754959106,0.060691531747579575,0.9917538166046143,0.045741114765405655,0.9965960383415222,0.04270203411579132,1.000320553779602,0.051124654710292816,0.9957106113433838,0.05332614481449127,1.0014408826828003,0.04934541508555412,1.000972032546997,0.051405247300863266,1.001699447631836,0.04831995442509651,1.0008282661437988,0.04319602623581886,1.0091859102249146,0.05548468604683876,1.0068625211715698,0.05175863206386566,1.0326744318008423,0.08565446734428406,1.0284157991409302,0.09014839679002762,1.0253385305404663,0.08734285831451416,1.017851710319519,0.08937327563762665,1.0306572914123535,0.10856983810663223,1.0258824825286865,0.11177314072847366,1.040642499923706,0.13273636996746063,1.0369020700454712,0.13502074778079987,1.0456078052520752,0.15944039821624756,1.0402299165725708,0.15621916949748993,1.0462908744812012,0.16769006848335266,1.0456907749176025,0.16049614548683167,1.030884027481079,0.12618611752986908
1910,2,7.127179205417633e-06,4.205720901489258,10.7622853669629,2.9077074476901847,1.6472053823118689,1.5832563068626262,1.809827865206481,1.7176979713531573,1.5686069671684728,1.2524149328239362,1.008226852288097,0.8653852911274823,0.6687840238072534,0.5427494583894252,0.3545049209908698,1.0024198293685913,0.05786118283867836,0.9905202388763428,0.043603286147117615,0.996009349822998,0.04088108614087105,0.9998802542686462,0.04861712083220482,0.9954100251197815,0.05056406185030937,1.0008742809295654,0.04629678651690483,1.0008792877197266,0.04791148006916046,1.0007579326629639,0.044226422905921936,1.0001887083053589,0.03991780802607536,1.0086328983306885,0.05261261388659477,1.0063217878341675,0.0495121106505394,1.0320703983306885,0.08332805335521698,1.0279474258422852,0.08737874776124954,1.0243947505950928,0.08359350264072418,1.0169190168380737,0.08529119193553925,1.0297502279281616,0.10327762365341187,1.024945855140686,0.10590813308954239,1.0391234159469604,0.12617535889148712,1.0357006788253784,0.1285485178232193,1.0447156429290771,0.1533794105052948,1.0394426584243774,0.1500404179096222,1.0453661680221558,0.1612752228975296,1.0452231168746948,0.1554822474718094,1.0286495685577393,0.11943887919187546
1930,2,7.127179205417633e-06,2.762723445892334,7.893597506209719,2.987032311365055,1.5567396894578909,1.4882851501241963,1.7969301819654375,1.563030315396459,1.410945872326771,1.0174384981034161,0.8490662011015047,0.7165323151929608,0.5461194620779336,0.46087357498427894,0.3636520913275631,1.0030901432037354,0.06156294420361519,0.9914057850837708,0.04619254171848297,0.9961910247802734,0.04314541444182396,1.0000296831130981,0.05176327005028725,0.9953571557998657,0.053856849670410156,1.0011765956878662,0.04981492832303047,1.0007109642028809,0.05204038694500923,1.001356601715088,0.04905065894126892,1.0006163120269775,0.043709252029657364,1.008805513381958,0.05623302981257439,1.0067410469055176,0.05273899435997009,1.0327980518341064,0.08668015152215958,1.0285903215408325,0.09159112721681595,1.025537133216858,0.08885576575994492,1.0182995796203613,0.09120719134807587,1.0311236381530762,0.11054930835962296,1.0265079736709595,0.11418846249580383,1.0411653518676758,0.13470807671546936,1.0373573303222656,0.13695953786373138,1.0458616018295288,0.16112197935581207,1.040352463722229,0.1576196402311325,1.0464410781860352,0.16915170848369598,1.045874834060669,0.1620836853981018,1.0315799713134766,0.12806755304336548
1920,2,7.127179205417633e-06,2.2095513343811035,8.017430560966805,2.230894249857507,1.2304901394782273,1.1717642064607026,1.503477880309398,1.3687361836416243,1.2588271716103745,0.8972179200542637,0.8334281715053777,0.6962819746458795,0.5312056606822807,0.48473801095604446,0.41299807032236413,1.0033239126205444,0.05904681980609894,0.9913955330848694,0.04463103041052818,0.9966232776641846,0.04166734963655472,1.000468373298645,0.049839284271001816,0.9958722591400146,0.051930297166109085,1.0015777349472046,0.04797592759132385,1.0012511014938354,0.05029899999499321,1.0017554759979248,0.04742952063679695,1.0010206699371338,0.042222291231155396,1.009372591972351,0.05532783269882202,1.0070503950119019,0.05186062306165695,1.0327826738357544,0.0859733372926712,1.0285441875457764,0.0906214490532875,1.0253615379333496,0.08763198554515839,1.0179578065872192,0.08970524370670319,1.0307883024215698,0.10849347710609436,1.0259391069412231,0.11154303699731827,1.0405305624008179,0.13229168951511383,1.0368636846542358,0.1345340609550476,1.045433521270752,0.15870532393455505,1.0400439500808716,0.15508179366588593,1.0462874174118042,0.1667330116033554,1.0457639694213867,0.15969796478748322,1.0304210186004639,0.1250067502260208
1940,2,7.127179205417633e-06,3.707970380783081,11.942014749728802,3.962237757761657,2.194877318166858,2.069646200664757,2.238033164763026,2.010037476848471,1.9773477137665068,1.4381171334813516,1.2228768942910129,0.9484313668266804,0.6493729937298988,0.5982511706189562,0.46394805853358767,1.0026764869689941,0.06239033490419388,0.9911941289901733,0.04646570235490799,0.9955112934112549,0.04380406439304352,0.9994525909423828,0.05195821821689606,0.9945199489593506,0.05365830287337303,1.0003221035003662,0.04918145760893822,0.9999653100967407,0.05132198706269264,1.0005831718444824,0.04799984395503998,0.9999334812164307,0.043089609593153,1.007858157157898,0.05496137961745262,1.0059232711791992,0.05114152282476425,1.0319918394088745,0.08363786339759827,1.0277070999145508,0.08719523251056671,1.0246444940567017,0.08373351395130157,1.0170812606811523,0.08564554154872894,1.0304821729660034,0.10561233758926392,1.0258029699325562,0.1089787632226944,1.0407036542892456,0.13012699782848358,1.0369868278503418,0.13236993551254272,1.0456644296646118,0.15756085515022278,1.040191888809204,0.153949573636055,1.0458791255950928,0.1649070531129837,1.0455334186553955,0.15882156789302826,1.0302259922027588,0.12381196767091751
1930,2,7.127179205417633e-06,2.718575954437256,7.72515548322813,2.929052880362425,1.5367580047842206,1.4698723317367888,1.7714157623390914,1.5419630552140275,1.3970124161101656,1.0073694431626232,0.8479023174180315,0.7172723559698508,0.5473437776652461,0.4616294732295627,0.363583865811779,1.0029853582382202,0.059646982699632645,0.9910171031951904,0.044908300042152405,0.9961621761322021,0.04194865748286247,1.0001230239868164,0.0503784641623497,0.9954745769500732,0.052322547882795334,1.0012736320495605,0.048332009464502335,1.0009710788726807,0.05074094235897064,1.0013681650161743,0.04796049743890762,1.000808596611023,0.04258732870221138,1.0090208053588867,0.056017689406871796,1.0069711208343506,0.05296725407242775,1.0329761505126953,0.08724209666252136,1.0287950038909912,0.09241519123315811,1.0255990028381348,0.08947250247001648,1.0184853076934814,0.0918409526348114,1.0313063859939575,0.11079169064760208,1.0265971422195435,0.11427780985832214,1.0411396026611328,0.1347036212682724,1.0373878479003906,0.13692542910575867,1.045842170715332,0.16103079915046692,1.0403186082839966,0.1571682095527649,1.0465904474258423,0.168887659907341,1.0461066961288452,0.1619775891304016,1.0313137769699097,0.12753425538539886
1950,2,7.127179205417633e-06,0.9940323829650879,9.145218313140807,2.8845554795947934,1.5461796430197903,1.5406549611378704,1.7209313732105902,1.438746009799032,1.3236660080583273,1.0662232083326821,0.8410347539096498,0.6790412682546365,0.5204843915237728,0.4540463271177282,0.3529138596220629,1.002750277519226,0.05998678132891655,0.9908207654953003,0.044391218572854996,0.9959743618965149,0.0421035997569561,0.9997504353523254,0.049075473099946976,0.9947848320007324,0.050666458904743195,1.0006006956100464,0.04591350257396698,1.0003081560134888,0.04889663681387901,1.0005133152008057,0.04651159793138504,0.9998493194580078,0.040904201567173004,1.0077567100524902,0.05446884036064148,1.0056027173995972,0.05094171687960625,1.0320093631744385,0.08439870923757553,1.0276762247085571,0.08844682574272156,1.0247372388839722,0.08480282872915268,1.0171946287155151,0.08672308921813965,1.0307496786117554,0.10688670724630356,1.0258229970932007,0.11023777723312378,1.0408693552017212,0.13131073117256165,1.0372493267059326,0.1337197721004486,1.0460803508758545,0.15882697701454163,1.0403835773468018,0.15488989651203156,1.046071171760559,0.16575323045253754,1.0454941987991333,0.15916010737419128,1.0304442644119263,0.12470567971467972
1940,2,7.127179205417633e-06,3.717421770095825,11.72649945820657,3.8833821998484677,2.157413912458764,2.042804884880168,2.2069924640359426,1.998248128696382,1.9547765443719434,1.4252241063481352,1.2128057480247414,0.9511655912877449,0.648387092626443,0.6003119505827895,0.4647200007688106,1.002564549446106,0.06059945747256279,0.9908251166343689,0.04531475901603699,0.9954715967178345,0.04272689297795296,0.9995248913764954,0.05067615956068039,0.9946469664573669,0.052287507802248,1.0004100799560547,0.047875747084617615,1.000227451324463,0.05008474364876747,1.0005626678466797,0.04696523770689964,1.0001322031021118,0.04197712242603302,1.0080796480178833,0.05472132936120033,1.0061805248260498,0.05128457769751549,1.0322012901306152,0.08420047909021378,1.0279523134231567,0.08806581795215607,1.0247323513031006,0.08438508212566376,1.0171663761138916,0.08630599826574326,1.0306706428527832,0.10584945976734161,1.0258758068084717,0.10901769995689392,1.0406829118728638,0.13011525571346283,1.03699791431427,0.13231071829795837,1.045684814453125,0.15759006142616272,1.0401932001113892,0.15365277230739594,1.0460495948791504,0.16476483643054962,1.045763611793518,0.1587803065776825,1.0299769639968872,0.12335125356912613
1960,2,7.127179205417633e-06,1.479341983795166,7.645731719960033,2.495932408480573,1.3289849016634498,1.2985250458592907,1.4569282192973834,1.3785211389323855,1.2758946181909623,0.9591893100369906,0.7788816651567245,0.6473739101516978,0.5153839530766974,0.39196625895179615,0.3490462558877518,1.0031031370162964,0.05710136890411377,0.9903797507286072,0.0427163802087307,0.9960947632789612,0.04048127308487892,0.999835729598999,0.046929165720939636,0.994901180267334,0.0485837385058403,1.0006500482559204,0.04379313066601753,1.0004156827926636,0.04657064005732536,1.0006015300750732,0.04476979002356529,1.0000349283218384,0.03872641548514366,1.0078914165496826,0.05422743782401085,1.0057262182235718,0.051484763622283936,1.0324020385742188,0.0866856649518013,1.0281579494476318,0.09163787215948105,1.0256414413452148,0.08855774253606796,1.0182069540023804,0.0906553640961647,1.0315487384796143,0.1103522777557373,1.0263760089874268,0.11361632496118546,1.041562795639038,0.1346396952867508,1.0380496978759766,0.13720987737178802,1.0467475652694702,0.16195498406887054,1.0410218238830566,0.1581876575946808,1.046983242034912,0.16951990127563477,1.0463857650756836,0.16269637644290924,1.03142511844635,0.12729088962078094
1950,2,7.127179205417633e-06,0.9784367084503174,9.067120438136504,3.0368424266538456,1.5704793149293932,1.5667913847836192,1.7408438957006398,1.4490484387258602,1.3278267275117352,1.063408658094081,0.8413064825075857,0.6818449704275761,0.5231254953184973,0.453606396081894,0.35240860910402066,1.0026895999908447,0.05808703601360321,0.9904956817626953,0.043132565915584564,0.9958721399307251,0.04090195894241333,0.9997828602790833,0.04767772927880287,0.9948486089706421,0.049179308116436005,1.0005786418914795,0.044453300535678864,1.000446081161499,0.04755382984876633,1.000381350517273,0.04537249356508255,0.9999299049377441,0.03969572111964226,1.0078834295272827,0.054175879806280136,1.0057640075683594,0.0510118193924427,1.032110333442688,0.08477120101451874,1.0278143882751465,0.08905328810214996,1.0247387886047363,0.08518532663583755,1.0173181295394897,0.08713049441576004,1.0308533906936646,0.1068611666560173,1.0258020162582397,0.11000294238328934,1.0407956838607788,0.13105471432209015,1.037198543548584,0.13343098759651184,1.0460809469223022,0.15873099863529205,1.040385365486145,0.15452271699905396,1.0461523532867432,0.1653899997472763,1.0456805229187012,0.1589604914188385,1.0301599502563477,0.12413059175014496
1970,2,7.127179205417633e-06,0.18984892964363098,10.480646391542487,3.0985803727433847,1.7689152121839133,1.658514948193869,1.8848927228983283,1.679939083031478,1.7664820843759887,1.2934476187220592,0.9720744892280329,0.8401264507060202,0.6321781850056579,0.49450035946899695,0.43059310225762226,1.0028806924819946,0.05848216265439987,0.9901319742202759,0.04376930743455887,0.996459424495697,0.04140054062008858,1.000372052192688,0.0480160191655159,0.9953566789627075,0.04992109164595604,1.001203179359436,0.04535496234893799,1.0010186433792114,0.047112952917814255,1.0012210607528687,0.04503519833087921,1.0006215572357178,0.038747578859329224,1.0082812309265137,0.05514821782708168,1.006147861480713,0.052612483501434326,1.0329769849777222,0.08901042491197586,1.0288407802581787,0.09473468363285065,1.0262705087661743,0.09162960946559906,1.0191072225570679,0.09361489117145538,1.0319775342941284,0.11285869032144547,1.0268383026123047,0.11621515452861786,1.041956901550293,0.13693594932556152,1.0385324954986572,0.13966886699199677,1.0470343828201294,0.16385221481323242,1.0414706468582153,0.16019004583358765,1.0473732948303223,0.17139014601707458,1.0467623472213745,0.16419200599193573,1.0318377017974854,0.12701275944709778
1960,2,7.127179205417633e-06,1.4846545457839966,7.495911404936738,2.554683136094909,1.3391516368844714,1.2930166268680796,1.4777586085633267,1.4056484179473223,1.2862152744481137,0.9601563545595949,0.7876455230423114,0.6498211284356997,0.5206113407988665,0.3957678709266604,0.3509418544908449,1.003142237663269,0.054732125252485275,0.9901142120361328,0.041066814213991165,0.9960577487945557,0.03891800716519356,0.9999200105667114,0.045228611677885056,0.9949658513069153,0.046729348599910736,1.0006144046783447,0.041929882019758224,1.0005170106887817,0.04489228501915932,1.0004067420959473,0.04345247521996498,1.0000611543655396,0.037276919931173325,1.007906436920166,0.05382286757230759,1.005792498588562,0.051389843225479126,1.0323446989059448,0.08668599277734756,1.0281261205673218,0.09171923249959946,1.0254250764846802,0.08828835189342499,1.018162727355957,0.09034871309995651,1.0314733982086182,0.1096111461520195,1.026195764541626,0.11264266073703766,1.0413551330566406,0.13370627164840698,1.0378702878952026,0.1362583339214325,1.046660304069519,0.161324605345726,1.040990948677063,0.15741628408432007,1.0470104217529297,0.1687535047531128,1.0465255975723267,0.1622026413679123,1.0310313701629639,0.1264677792787552
1980,2,7.127179205417633e-06,1.5961909294128418,8.441273676270736,2.2640724337560374,1.305738129513082,1.2114006905834183,1.3738271884888158,1.232196099390171,1.1784427155066155,0.87140819542216,0.7107330434742637,0.6125246253021478,0.44962301105408353,0.3649959278250704,0.29569178099380433,1.00343918800354,0.05658610910177231,0.9907313585281372,0.04207606613636017,0.9968073964118958,0.03963252529501915,1.0006557703018188,0.04698089882731438,0.9956514835357666,0.049085453152656555,1.0015912055969238,0.04490520432591438,1.001386046409607,0.045770127326250076,1.0020829439163208,0.04457671195268631,1.0013151168823242,0.03807145357131958,1.0088759660720825,0.05642101168632507,1.0066436529159546,0.05469255894422531,1.0336686372756958,0.09256920963525772,1.0296647548675537,0.09955376386642456,1.0269614458084106,0.09663200378417969,1.020777702331543,0.0986320823431015,1.0326950550079346,0.11788775771856308,1.0275768041610718,0.12143553048372269,1.042846441268921,0.14217710494995117,1.0392756462097168,0.14454102516174316,1.0477955341339111,0.16841498017311096,1.0419989824295044,0.16423200070858002,1.0484919548034668,0.17651933431625366,1.0478535890579224,0.1687813252210617,1.032915472984314,0.13227230310440063
1970,2,7.127179205417633e-06,0.21061238646507263,11.25300224977899,3.2021933474185578,1.7980552884232535,1.6903733635371623,1.931421452155537,1.7095758809563426,1.7955384516690758,1.315616758583811,0.9884563820377815,0.8543162073584609,0.6405924454154904,0.5015545044646842,0.43204600838796464,1.0028048753738403,0.05613986402750015,0.9897266626358032,0.04212440550327301,0.9964765310287476,0.03977630287408829,1.0005003213882446,0.04634369909763336,0.9954788684844971,0.048025161027908325,1.0012142658233643,0.04345651715993881,1.0011461973190308,0.04536759853363037,1.0010138750076294,0.043676309287548065,1.00063955783844,0.03724368289113045,1.0082194805145264,0.05474486202001572,1.0061407089233398,0.052584208548069,1.0328365564346313,0.0890485867857933,1.0287467241287231,0.09482576698064804,1.0259920358657837,0.09140409529209137,1.0191044807434082,0.09335760027170181,1.0318903923034668,0.1121792271733284,1.026658058166504,0.11531173437833786,1.0417665243148804,0.1361013948917389,1.0383762121200562,0.13882774114608765,1.0469642877578735,0.16330114006996155,1.0414624214172363,0.159511998295784,1.047409176826477,0.17070135474205017,1.0469231605529785,0.16372816264629364,1.0314422845840454,0.12623433768749237
1990,2,7.127179205417633e-06,2.7586171627044678,9.084846683361299,2.850627730124036,1.6738971220529557,1.635665669003716,1.8740319914521681,1.6984773582619794,1.7644597681425938,1.2203090214515049,0.9566337471491918,0.7857241028663317,0.5432238375169691,0.4915852745920405,0.36588011124213066,1.0026490688323975,0.05586717650294304,0.9895398020744324,0.04182828217744827,0.9966700077056885,0.03910257667303085,1.0004277229309082,0.04700641334056854,0.9952276349067688,0.04819900915026665,1.0015209913253784,0.04406178370118141,1.0014175176620483,0.04408183693885803,1.0024664402008057,0.043287668377161026,1.0017236471176147,0.03687340393662453,1.0094531774520874,0.057112086564302444,1.007137656211853,0.05626782774925232,1.0346765518188477,0.09634898602962494,1.0305966138839722,0.10393320024013519,1.0276122093200684,0.10108036547899246,1.0221763849258423,0.10257897526025772,1.0328983068466187,0.12095200270414352,1.0275424718856812,0.12406464666128159,1.0428677797317505,0.14428827166557312,1.039036750793457,0.14603839814662933,1.0475164651870728,0.1692887842655182,1.0417331457138062,0.16501814126968384,1.0487183332443237,0.17804615199565887,1.0480360984802246,0.17018455266952515,1.0333787202835083,0.13427646458148956
1980,2,7.127179205417633e-06,1.6432150602340698,8.578716328512865,2.29280454058411,1.3153526120416796,1.2229239071034357,1.3836990450329787,1.2529992805321528,1.1954135077045906,0.8937463361090752,0.7267102266078445,0.6263703400110248,0.4606803831508252,0.3710075383662043,0.30043914709015734,1.0033743381500244,0.054304201155900955,0.9903931021690369,0.040427617728710175,0.9968181848526001,0.03793063387274742,1.0007890462875366,0.04517523571848869,0.9958272576332092,0.047138512134552,1.0016340017318726,0.042976025491952896,1.0015262365341187,0.04395551607012749,1.0019580125808716,0.04323691129684448,1.0013940334320068,0.03658973053097725,1.0088375806808472,0.05614973232150078,1.0066580772399902,0.05482955649495125,1.0335732698440552,0.092897430062294,1.02963387966156,0.09997577220201492,1.0267053842544556,0.09677329659461975,1.0208888053894043,0.09875423461198807,1.0326863527297974,0.117594413459301,1.027463674545288,0.12093208730220795,1.0427377223968506,0.1417563408613205,1.0391607284545898,0.14406965672969818,1.0477999448776245,0.16828511655330658,1.042056918144226,0.16397219896316528,1.0485950708389282,0.1762487292289734,1.0481070280075073,0.16873320937156677,1.0326510667800903,0.1319715678691864
2000,2,7.127179205417633e-06,2.6705222129821777,8.710507380690776,2.8195439646080516,1.4617623469134498,1.4368338609313354,1.5563620961845432,1.335743846032317,1.2915352026592393,0.9201590221126267,0.7567336820741071,0.6057801821707497,0.4563356967365249,0.41320450703892725,0.3442475766088815,1.002089262008667,0.05735624209046364,0.9891886711120605,0.04291431978344917,0.9960727691650391,0.04023270308971405,0.9997687339782715,0.04855614900588989,0.9942604899406433,0.049364183098077774,1.000854730606079,0.04507581517100334,1.0008752346038818,0.04467669874429703,1.0018935203552246,0.043293047696352005,1.0011273622512817,0.03669361025094986,1.0087554454803467,0.05664844065904617,1.0063999891281128,0.05535338446497917,1.0344282388687134,0.09604370594024658,1.0302335023880005,0.10332594811916351,1.0276741981506348,0.10161905735731125,1.0225180387496948,0.1034327894449234,1.0329316854476929,0.1220969632267952,1.027489185333252,0.12557390332221985,1.0431005954742432,0.14624594151973724,1.0392003059387207,0.14814229309558868,1.0476301908493042,0.17113636434078217,1.041799545288086,0.16714249551296234,1.048653483390808,0.1797446459531784,1.0481795072555542,0.1716194897890091,1.0340017080307007,0.13587313890457153
1990,2,7.127179205417633e-06,2.7421746253967285,9.066296064426705,2.8061913492376136,1.6495818951092707,1.61270416706907,1.8639481714435098,1.6809382002821338,1.7393901450411668,1.197304056765562,0.9396934720137831,0.7717211222000305,0.535732572462002,0.48449485825724337,0.3606358945511003,1.0026628971099854,0.05333542823791504,0.9891486763954163,0.0403003990650177,0.9966906905174255,0.037455663084983826,1.0006133317947388,0.045231956988573074,0.9954758286476135,0.04635808616876602,1.0016385316848755,0.042256250977516174,1.001625895500183,0.04233210161328316,1.0024712085723877,0.04205690324306488,1.001915693283081,0.03555692732334137,1.0094791650772095,0.057037439197301865,1.0072135925292969,0.056672852486371994,1.0346107482910156,0.09690798819065094,1.0306442975997925,0.10462187230587006,1.0273945331573486,0.10148430615663528,1.0223608016967773,0.10295237600803375,1.0329279899597168,0.12087120115756989,1.0274628400802612,0.12378719449043274,1.0427991151809692,0.14405633509159088,1.0389350652694702,0.1457144170999527,1.0475164651870728,0.16930292546749115,1.0417994260787964,0.1649278849363327,1.0488892793655396,0.17806832492351532,1.048382043838501,0.1704387217760086,1.0331740379333496,0.13420669734477997
2010,2,7.127179205417633e-06,2.265005111694336,9.657238195183012,2.8698219719381486,1.661526707558366,1.6396394246157122,1.79380736354096,1.6246623073081334,1.6497934157925567,1.1396791307238783,0.921323989380016,0.7748013776454337,0.5369091175447743,0.4665875336177766,0.34312266447652645,1.001274824142456,0.06318961828947067,0.9887738823890686,0.047820866107940674,0.9959944486618042,0.0449424684047699,0.999798595905304,0.053094640374183655,0.9941380023956299,0.054231300950050354,1.0008361339569092,0.04980360344052315,1.0008769035339355,0.04958391934633255,1.0016788244247437,0.046436410397291183,1.0006287097930908,0.03925605118274689,1.0079365968704224,0.056913334876298904,1.0055989027023315,0.05366979539394379,1.0337390899658203,0.09268379211425781,1.0293331146240234,0.09882030636072159,1.0269858837127686,0.09741298109292984,1.0212241411209106,0.09953279793262482,1.032706379890442,0.11874891817569733,1.0272982120513916,0.12262073904275894,1.0429986715316772,0.14375585317611694,1.039108157157898,0.14575128257274628,1.047344446182251,0.168741837143898,1.0416985750198364,0.1650964766740799,1.0489994287490845,0.17881369590759277,1.0484545230865479,0.17119048535823822,1.0335307121276855,0.13337698578834534
2000,2,7.127179205417633e-06,2.6829097270965576,8.565718297182112,2.7523025583668126,1.431306039792097,1.4063607549917831,1.5290837951963394,1.3199327579508642,1.2791202894712475,0.9131078844035383,0.7491690548883676,0.6015033196188917,0.45316578056367457,0.40943992621626124,0.3436421943418496,1.0021698474884033,0.0547502264380455,0.988722026348114,0.041578587144613266,0.9960916638374329,0.03877927362918854,0.9999600052833557,0.04701008275151253,0.994520366191864,0.04775445908308029,1.0010110139846802,0.04347177594900131,1.0011100769042969,0.04304900020360947,1.0019408464431763,0.04203047603368759,1.0013518333435059,0.03537241369485855,1.0087738037109375,0.05639459192752838,1.0064820051193237,0.05555197224020958,1.034324049949646,0.09626618772745132,1.0302387475967407,0.10361328721046448,1.027374267578125,0.10157106071710587,1.0225580930709839,0.10333827883005142,1.03288733959198,0.12152057886123657,1.0273512601852417,0.12483101338148117,1.0429918766021729,0.14559710025787354,1.0390772819519043,0.14743025600910187,1.0475656986236572,0.17072775959968567,1.0417991876602173,0.16659270226955414,1.0488414764404297,0.1794908493757248,1.0485481023788452,0.17168492078781128,1.0336719751358032,0.1353738009929657
2020,2,7.127179205417633e-06,2.954582691192627,8.278495663016805,2.6422567036979085,1.5714619801639786,1.5484669255551275,1.6459164523937793,1.476947096863239,1.4849052016962043,1.0663438153669849,0.812648921588713,0.6867005860090342,0.49653307074251096,0.433622395916298,0.3214627048352661,1.0017458200454712,0.06728415936231613,0.988666296005249,0.05217282101511955,0.9963153004646301,0.04890274628996849,1.0003005266189575,0.05656343325972557,0.9944047331809998,0.057842351496219635,1.0009411573410034,0.05327744781970978,1.0010888576507568,0.05325017869472504,1.0019294023513794,0.048748474568128586,1.0006663799285889,0.04179323837161064,1.0075490474700928,0.05733545497059822,1.0049469470977783,0.052135635167360306,1.0328460931777954,0.08797350525856018,1.0282752513885498,0.09251204878091812,1.0260473489761353,0.09039545804262161,1.0190140008926392,0.09224222600460052,1.0316580533981323,0.11144905537366867,1.0263594388961792,0.11535865068435669,1.0423208475112915,0.13740581274032593,1.0383940935134888,0.1393715888261795,1.0466517210006714,0.1631314903497696,1.0410763025283813,0.1595521867275238,1.0487713813781738,0.17420145869255066,1.0482808351516724,0.16785337030887604,1.0318692922592163,0.12778306007385254
2010,2,7.127179205417633e-06,2.233333110809326,10.027737054864282,2.9164307713102042,1.6760775035727766,1.6329583011387714,1.7937854352622133,1.6287709783018587,1.666995462662022,1.1546323531186096,0.9298093345212062,0.7864159940385921,0.5416198724976383,0.4707271182435587,0.3463864197203257,1.0013821125030518,0.06072831153869629,0.9882556796073914,0.046794284135103226,0.9959872364997864,0.043876584619283676,0.9999501705169678,0.052103761583566666,0.9943737983703613,0.053214434534311295,1.0009896755218506,0.04880616068840027,1.0010958909988403,0.0484636090695858,1.0017532110214233,0.04539741575717926,1.000875473022461,0.038169559091329575,1.0079693794250488,0.05653170868754387,1.0056931972503662,0.05378785356879234,1.0336604118347168,0.09290853887796402,1.0293935537338257,0.09917733818292618,1.026756763458252,0.09757993370294571,1.0213333368301392,0.09971161931753159,1.0327473878860474,0.11857134103775024,1.0272572040557861,0.12237738817930222,1.0430508852005005,0.14376991987228394,1.0391267538070679,0.14573869109153748,1.047426462173462,0.16902217268943787,1.0418109893798828,0.1651972085237503,1.0492051839828491,0.17901958525180817,1.0488417148590088,0.17159335315227509,1.0333398580551147,0.13323330879211426
2030,2,7.127179205417633e-06,3.8432981967926025,7.415568158249579,2.177107110887228,1.2687916007573776,1.2983017583466137,1.5397785698021296,1.364262651511684,1.4307932962865781,1.032556978686413,0.8318656120992259,0.6774057313171762,0.5116015255961244,0.4430409889956378,0.3298286156640746,1.0018386840820312,0.07003314793109894,0.9890221953392029,0.05388606712222099,0.9964843392372131,0.050718843936920166,1.0003772974014282,0.05749940872192383,0.9944289326667786,0.05881940945982933,1.000706434249878,0.05410022661089897,1.0009679794311523,0.05442711338400841,1.0017586946487427,0.04930921643972397,1.0006309747695923,0.042800284922122955,1.0073609352111816,0.0579647421836853,1.0045751333236694,0.05202773958444595,1.0325496196746826,0.08651795983314514,1.0279282331466675,0.09031513333320618,1.0258311033248901,0.08805783092975616,1.0182303190231323,0.08991292864084244,1.0312576293945312,0.10937749594449997,1.0259461402893066,0.11319462954998016,1.0417919158935547,0.13507011532783508,1.0379160642623901,0.13727957010269165,1.0463284254074097,0.16138982772827148,1.0408557653427124,0.15821543335914612,1.0490083694458008,0.1736827790737152,1.0484172105789185,0.167567640542984,1.0315905809402466,0.12662982940673828
2020,2,7.127179205417633e-06,2.903590202331543,8.071626898906354,2.5807442407325687,1.5429266891627438,1.5249634449932117,1.6228258287698536,1.4647796510440803,1.4710052510214469,1.0571873329556682,0.8091072366700872,0.683202296057735,0.4934543739939828,0.4280591990244955,0.314317409360042,1.001894235610962,0.06475067883729935,0.9881844520568848,0.05111631006002426,0.9962638020515442,0.04788584262132645,1.0004018545150757,0.05578186362981796,0.9946140050888062,0.05705114081501961,1.0010613203048706,0.052533529698848724,1.0013293027877808,0.05235334858298302,1.0019540786743164,0.04785972088575363,1.0008578300476074,0.040769606828689575,1.0075494050979614,0.05692891776561737,1.005049705505371,0.05224725976586342,1.0328458547592163,0.08840005844831467,1.0284349918365479,0.09322281181812286,1.0259571075439453,0.0910133421421051,1.0192495584487915,0.09288550913333893,1.031814455986023,0.11176803708076477,1.0264207124710083,0.11562839895486832,1.042470097541809,0.13792137801647186,1.0385034084320068,0.13984854519367218,1.0467957258224487,0.16381016373634338,1.0412205457687378,0.1600707620382309,1.0489305257797241,0.1746286004781723,1.0486663579940796,0.16855619847774506,1.0318117141723633,0.12808865308761597
2040,2,7.127179205417633e-06,3.951782464981079,10.848135976690406,3.7289943185222505,2.0061221619378427,1.9661148501121315,2.2891706432712615,1.974215423613414,1.6968046729038286,1.3111498269712452,1.040394547817312,0.8318955868115513,0.6071449336227327,0.5445251630065163,0.4065790193704154,1.001842975616455,0.07160979509353638,0.9892454147338867,0.05508840084075928,0.9963950514793396,0.05197417363524437,1.0003116130828857,0.05834914743900299,0.9943860769271851,0.059759363532066345,1.0006593465805054,0.05490250885486603,1.0011335611343384,0.055119939148426056,1.0018985271453857,0.04970240220427513,1.0007332563400269,0.04353548586368561,1.0074012279510498,0.05838356539607048,1.0045077800750732,0.051671866327524185,1.032611608505249,0.08580267429351807,1.0282162427902222,0.08924245834350586,1.0259124040603638,0.0869203731417656,1.017706036567688,0.08858931064605713,1.0310627222061157,0.10825660079717636,1.0256102085113525,0.11190121620893478,1.0416274070739746,0.1340191811323166,1.0376654863357544,0.13620249927043915,1.0465482473373413,0.1612890511751175,1.0409032106399536,0.15808527171611786,1.0493298768997192,0.17412514984607697,1.0487321615219116,0.16847890615463257,1.0317662954330444,0.12670370936393738
2030,2,7.127179205417633e-06,3.8290843963623047,7.593239505754337,2.1172143735969207,1.2494667958066072,1.2858955691890521,1.5472093906551043,1.3709917867871402,1.4415022225227387,1.029011812600097,0.8306906868024897,0.6780660038531091,0.5072379467423457,0.43852781209450614,0.3274775995171186,1.0019233226776123,0.06788912415504456,0.9885364174842834,0.05306008830666542,0.9964274764060974,0.049930401146411896,1.0004850625991821,0.056908879429101944,0.9946607947349548,0.058193475008010864,1.000859022140503,0.053521640598773956,1.0012569427490234,0.05371331423521042,1.001763105392456,0.048438094556331635,1.0007790327072144,0.04178915545344353,1.007315754890442,0.05740419775247574,1.0046547651290894,0.05196942761540413,1.0325678586959839,0.0868324562907219,1.0280593633651733,0.09089770168066025,1.0257586240768433,0.0885269045829773,1.0184019804000854,0.09035830944776535,1.0313961505889893,0.10946941375732422,1.0259429216384888,0.11314639449119568,1.04188072681427,0.1352328211069107,1.0379581451416016,0.13736650347709656,1.0464446544647217,0.16173990070819855,1.0409654378890991,0.15843325853347778,1.0490508079528809,0.17365194857120514,1.0487372875213623,0.1679290384054184,1.0314183235168457,0.12644365429878235
2050,2,7.127179205417633e-06,2.681696653366089,9.602667094019449,3.0037040630188416,1.7069022338854583,1.7892644307963779,1.9381978775553703,1.7718165007315199,1.779911033685672,1.2812509524345652,1.0925160326379406,0.8675477378941515,0.6541732638669678,0.5409631469374842,0.4074886093217368,1.0019298791885376,0.07051407545804977,0.9892823100090027,0.05406605452299118,0.9959210157394409,0.05103674158453941,0.9997597932815552,0.05764931067824364,0.9936213493347168,0.0585162416100502,0.9999396204948425,0.05316546559333801,1.000486135482788,0.05281427130103111,1.0009198188781738,0.04698200896382332,0.9997581839561462,0.041172996163368225,1.006472110748291,0.05653379112482071,1.0035526752471924,0.05031298100948334,1.0324065685272217,0.08544974029064178,1.0283046960830688,0.08922266960144043,1.0256617069244385,0.0865885391831398,1.0175268650054932,0.08813277631998062,1.0310333967208862,0.10784032940864563,1.0254123210906982,0.11124386638402939,1.041648030281067,0.1338270902633667,1.037666916847229,0.13606762886047363,1.0471677780151367,0.16243389248847961,1.04150390625,0.1593553125858307,1.0498675107955933,0.17547988891601562,1.049534559249878,0.17075395584106445,1.0321170091629028,0.12810640037059784
2040,2,7.127179205417633e-06,3.9189867973327637,10.985074508689774,3.760791991468198,2.0243731679562003,1.9863537701357967,2.310817730618718,2.0082818192209206,1.7098255771724182,1.3289758109892476,1.0456657347936722,0.8372890735360641,0.6067375211460514,0.5428828157072753,0.4012586851146327,1.0018495321273804,0.0698656439781189,0.9887726306915283,0.054515376687049866,0.996353805065155,0.05139321833848953,1.000448226928711,0.05785641074180603,0.99464350938797,0.05920710042119026,1.0008541345596313,0.05439018830657005,1.0014368295669556,0.054426949471235275,1.001915454864502,0.048766229301691055,1.0008411407470703,0.04244299978017807,1.0072920322418213,0.05774432420730591,1.0045433044433594,0.051546815782785416,1.0326424837112427,0.08612461388111115,1.0283381938934326,0.08982817828655243,1.0258857011795044,0.08743901550769806,1.0178742408752441,0.08905822038650513,1.031229019165039,0.1083519458770752,1.0256048440933228,0.11180061101913452,1.041707158088684,0.13408946990966797,1.0376944541931152,0.13616937398910522,1.0466266870498657,0.16143250465393066,1.0409833192825317,0.15811029076576233,1.0493959188461304,0.1740131825208664,1.0490636825561523,0.16873344779014587,1.0315110683441162,0.12625882029533386
2060,2,7.127179205417633e-06,2.0074782371520996,9.490733659090433,3.120129886851146,1.5722122782468004,1.5737849361795997,1.8046128442360916,1.540282514208901,1.4222774752742346,1.0671388887634075,0.8324911030242775,0.6681680541529386,0.5306721140772975,0.471483454626666,0.353761151580676,1.0025283098220825,0.07059569656848907,0.9899599552154541,0.05379761382937431,0.9964758157730103,0.05093814432621002,1.0001462697982788,0.057695161551237106,0.9939408302307129,0.05837375298142433,1.0002210140228271,0.053288642317056656,1.0008165836334229,0.05312328785657883,1.001147985458374,0.04819042235612869,1.0001418590545654,0.04187280684709549,1.0067754983901978,0.057655997574329376,1.0037592649459839,0.05121118202805519,1.032585620880127,0.08637850731611252,1.0286200046539307,0.09064735472202301,1.0260933637619019,0.0880909115076065,1.0177998542785645,0.08978241682052612,1.0315719842910767,0.10930950194597244,1.025903344154358,0.11263798177242279,1.0419418811798096,0.13498391211032867,1.0376598834991455,0.13666650652885437,1.0471956729888916,0.16308769583702087,1.0414515733718872,0.16014841198921204,1.050067663192749,0.17662854492664337,1.0496623516082764,0.17204104363918304,1.0326061248779297,0.13042257726192474
2050,2,7.127179205417633e-06,2.6672263145446777,9.278871229920743,2.8947860964388035,1.6626839890969263,1.739180470344314,1.8834995809368174,1.731700224967186,1.7144793868611927,1.2534851214681082,1.0668181787071456,0.846510872850379,0.64228461843043,0.5311489628914985,0.39755406901081286,1.0018020868301392,0.06860551238059998,0.9887546300888062,0.05321430787444115,0.995853841304779,0.05021010339260101,0.9998847246170044,0.056899506598711014,0.9938448667526245,0.05763819441199303,1.0001063346862793,0.05231788381934166,1.0007610321044922,0.051675744354724884,1.000878930091858,0.045645952224731445,0.9997571706771851,0.03968716412782669,1.0063307285308838,0.05575448274612427,1.0035587549209595,0.05016959086060524,1.0324188470840454,0.0859052985906601,1.0283849239349365,0.0900125801563263,1.0256569385528564,0.08736459165811539,1.0178040266036987,0.08890032768249512,1.031233549118042,0.10828942060470581,1.025447964668274,0.11153090745210648,1.0417377948760986,0.13420327007770538,1.0376956462860107,0.13631607592105865,1.0472216606140137,0.16274753212928772,1.0415526628494263,0.1595492959022522,1.0499192476272583,0.17556807398796082,1.049879789352417,0.17115478217601776,1.0319265127182007,0.12790724635124207
2070,2,7.127179205417633e-06,2.831757068634033,8.42624037387677,2.5355565655479517,1.5012095742387752,1.4526652428900395,1.679511535503205,1.460348926201376,1.3805916912381677,1.0214564558167338,0.7856918892868682,0.6807733972340732,0.4917514142599032,0.4216761422200637,0.3341819230999043,1.0033963918685913,0.07213160395622253,0.9902254939079285,0.055989913642406464,0.996258556842804,0.05297958478331566,0.9998118281364441,0.06048723682761192,0.9936497211456299,0.060978107154369354,1.0002425909042358,0.056202154606580734,1.0008028745651245,0.0562085397541523,1.0011186599731445,0.05159282311797142,1.0003048181533813,0.044817883521318436,1.006807565689087,0.06010304018855095,1.0037199258804321,0.05278174951672554,1.0325989723205566,0.08687643706798553,1.028800368309021,0.09119720011949539,1.0263783931732178,0.08865506201982498,1.017884612083435,0.09068936109542847,1.0318008661270142,0.11000482738018036,1.026291012763977,0.11347013711929321,1.0425270795822144,0.1363193541765213,1.038179874420166,0.13779236376285553,1.0474871397018433,0.16412460803985596,1.041812777519226,0.16111911833286285,1.0501407384872437,0.177103653550148,1.0497273206710815,0.17238755524158478,1.032664179801941,0.13096961379051208
2060,2,7.127179205417633e-06,2.023162841796875,10.244620723898935,3.298621063712791,1.6156872777038642,1.6170338267503541,1.8420834906609929,1.5719969658400108,1.4458544947475442,1.0782584015696381,0.8415890882525593,0.6721987218349473,0.536818500468531,0.4779260976534532,0.35405854389541414,1.0023314952850342,0.06886997073888779,0.9894207715988159,0.052969466894865036,0.9962549805641174,0.05008454620838165,1.0001651048660278,0.05694364756345749,0.9940674304962158,0.05749993026256561,1.0003008842468262,0.052444420754909515,1.0009905099868774,0.05194856598973274,1.001036524772644,0.0467870868742466,1.000043272972107,0.040311336517333984,1.0065691471099854,0.05678924173116684,1.003685474395752,0.051027812063694,1.032570719718933,0.08687291294336319,1.0286458730697632,0.09145987033843994,1.0260777473449707,0.08898651599884033,1.0181363821029663,0.09066181629896164,1.0317976474761963,0.10996690392494202,1.0259416103363037,0.1131587103009224,1.0419838428497314,0.1354803591966629,1.0377004146575928,0.13714441657066345,1.0473204851150513,0.16371563076972961,1.0415692329406738,0.16066917777061462,1.050186038017273,0.17706021666526794,1.0500693321228027,0.17263692617416382,1.0324547290802002,0.13035140931606293
2080,2,7.127179205417633e-06,3.5878632068634033,10.412727486319888,3.025054952019366,1.6932710370267623,1.60919247709166,1.8434804658295834,1.6669191030786377,1.5593793751772542,1.1851927732397287,0.9449931702751583,0.7913089494149651,0.5694151265582342,0.5107174981924404,0.4436988836510831,1.003774642944336,0.07267124950885773,0.9906832575798035,0.056107763200998306,0.9962446093559265,0.05298584699630737,0.9997571110725403,0.06076826527714729,0.9937553405761719,0.061047475785017014,1.0004504919052124,0.05642827972769737,1.0010141134262085,0.056809380650520325,1.0011711120605469,0.05268542468547821,1.0003198385238647,0.04564647004008293,1.0072526931762695,0.0615139864385128,1.0040780305862427,0.053780101239681244,1.0328601598739624,0.08794986456632614,1.0289969444274902,0.09263214468955994,1.0268052816390991,0.09057092666625977,1.0184059143066406,0.09270750731229782,1.0322953462600708,0.11211150884628296,1.0266642570495605,0.11548811942338943,1.042976975440979,0.13851790130138397,1.038379430770874,0.13951434195041656,1.0479474067687988,0.1661607027053833,1.041847586631775,0.16221924126148224,1.0495691299438477,0.1770269125699997,1.048970341682434,0.17080551385879517,1.032650113105774,0.1304032802581787
2070,2,7.127179205417633e-06,2.8884809017181396,8.692708902837687,2.612610528350691,1.5225811338041733,1.4687928837046544,1.6710396513271712,1.4574171497920088,1.3811679725478465,1.0297541835873174,0.7896288222456125,0.6850633987595428,0.4938998014374748,0.42343871814601125,0.33650781000539914,1.00319242477417,0.07045748084783554,0.9898046255111694,0.054922424256801605,0.9960042834281921,0.05191253870725632,0.9998364448547363,0.059493288397789,0.9938068389892578,0.0599159300327301,1.000339150428772,0.055143777281045914,1.0009899139404297,0.054844584316015244,1.001033902168274,0.04995308816432953,1.0002042055130005,0.043056681752204895,1.006576657295227,0.05899951606988907,1.0035754442214966,0.052423153072595596,1.032502293586731,0.08718665689229965,1.0287426710128784,0.09181606024503708,1.0263166427612305,0.0893903598189354,1.0181872844696045,0.0914330929517746,1.031976580619812,0.11049174517393112,1.0262763500213623,0.11382715404033661,1.0424851179122925,0.13661260902881622,1.0381724834442139,0.13814032077789307,1.0475925207138062,0.16465145349502563,1.0418968200683594,0.16154979169368744,1.0502680540084839,0.17754188179969788,1.0501506328582764,0.1730155646800995,1.032520055770874,0.1308431178331375
2090,2,7.127179205417633e-06,2.6381680965423584,10.877416817909145,3.136309181968773,1.8776776692845811,1.851889921540645,2.1646330135510023,1.8813335530892326,1.8645519728268705,1.3442437528567568,0.9847434492844291,0.8979955560808737,0.6401641182115282,0.5604126877114457,0.4341810947952513,1.0034286975860596,0.07233095169067383,0.9900801181793213,0.05595700815320015,0.995363712310791,0.052916042506694794,0.998806893825531,0.06180862709879875,0.9931192398071289,0.06168138235807419,1.0000139474868774,0.05700457841157913,1.0005394220352173,0.057099200785160065,1.0005754232406616,0.052442193031311035,0.9995142221450806,0.04574626311659813,1.007017731666565,0.06150595098733902,1.0038119554519653,0.05388753488659859,1.0328022241592407,0.08780643343925476,1.0286873579025269,0.09209052473306656,1.0267274379730225,0.0899505764245987,1.0182088613510132,0.09161630272865295,1.031936526298523,0.11103078722953796,1.0263659954071045,0.11446968466043472,1.0427849292755127,0.1376982182264328,1.0382100343704224,0.13873882591724396,1.0479445457458496,0.16581745445728302,1.0418519973754883,0.16208027303218842,1.050028920173645,0.17757470905780792,1.0494071245193481,0.171126589179039,1.0323513746261597,0.1292005330324173
2080,2,7.127179205417633e-06,3.639430522918701,10.048791768591386,2.998567562116209,1.6961184390664072,1.6205957633284163,1.8551658430374274,1.6847934056442448,1.580326903414949,1.1985926621604641,0.9442043089631365,0.7915266547957353,0.5788471972981121,0.5159599357149317,0.44698167069925726,1.00350821018219,0.07084225118160248,0.9902400374412537,0.0547611340880394,0.9960200786590576,0.05164623260498047,0.9997941851615906,0.05951714888215065,0.9939175844192505,0.05971888452768326,1.0005842447280884,0.05510932207107544,1.0012611150741577,0.055217962712049484,1.001152753829956,0.05091753602027893,1.0002851486206055,0.043752964586019516,1.0070518255233765,0.06037338823080063,1.0039339065551758,0.05349402129650116,1.032761573791504,0.08840401470661163,1.0289433002471924,0.09344930946826935,1.0267987251281738,0.09159056097269058,1.0187885761260986,0.09374167025089264,1.0325180292129517,0.1129036620259285,1.0266891717910767,0.1161721795797348,1.0429314374923706,0.13900801539421082,1.0383800268173218,0.14010511338710785,1.0480670928955078,0.16692054271697998,1.0419342517852783,0.16286832094192505,1.0497244596481323,0.17771674692630768,1.0494039058685303,0.171565443277359,1.032582402229309,0.1304425299167633
2100,2,7.127179205417633e-06,3.503787040710449,8.645659531034964,2.480650288288547,1.3895618138232835,1.2768852314396344,1.3888300593630976,1.2767664602160915,1.2701532282631107,0.9284303632151322,0.7662914795844951,0.6693652213015515,0.4368726241890592,0.40558399634214504,0.32613117227057814,1.0029455423355103,0.07153283059597015,0.9900032877922058,0.054586827754974365,0.9952459335327148,0.051721565425395966,0.9986732602119446,0.060915522277355194,0.9930188059806824,0.06050732359290123,0.9999663233757019,0.055891234427690506,1.0003235340118408,0.05600949004292488,1.0007662773132324,0.051961131393909454,0.9995270371437073,0.045408330857753754,1.0071055889129639,0.06154173985123634,1.0037156343460083,0.05402551591396332,1.0330737829208374,0.08823562413454056,1.0286742448806763,0.0926661342382431,1.0270180702209473,0.0907130166888237,1.0184193849563599,0.09250958263874054,1.0324456691741943,0.11260650306940079,1.0268640518188477,0.11623270809650421,1.0431240797042847,0.13905979692935944,1.0384037494659424,0.13996769487857819,1.0482994318008423,0.1671971082687378,1.0423508882522583,0.1638980358839035,1.051086187362671,0.18039102852344513,1.0503709316253662,0.1738506406545639,1.0328056812286377,0.13127277791500092
2090,2,7.127179205417633e-06,2.613433837890625,10.92558721028461,3.0936778786263126,1.8728903355831774,1.8555573395823244,2.1445222429907203,1.8604897491214012,1.837884912050113,1.3055565019269273,0.9601224916769303,0.873272606838535,0.6249647487782155,0.5529137201095273,0.42767317736703747,1.0030685663223267,0.0704324021935463,0.9894980192184448,0.05466743931174278,0.9951134324073792,0.05161501094698906,0.998822033405304,0.060710713267326355,0.9932783246040344,0.06051396206021309,1.0001493692398071,0.05587291717529297,1.0008453130722046,0.05564197897911072,1.000731110572815,0.05085476487874985,0.9996321797370911,0.044002681970596313,1.006917953491211,0.06052994728088379,1.0037873983383179,0.053829971700906754,1.0328686237335205,0.08872256428003311,1.028796672821045,0.09354427456855774,1.026891827583313,0.0916847214102745,1.0187774896621704,0.09337029606103897,1.0322633981704712,0.11245495826005936,1.0265065431594849,0.11578845232725143,1.0428372621536255,0.13872654736042023,1.038320779800415,0.13987332582473755,1.0481016635894775,0.16691604256629944,1.0419944524765015,0.1630367636680603,1.0501842498779297,0.17845691740512848,1.0498260259628296,0.17196881771087646,1.0323501825332642,0.1293511837720871
2110,2,7.127179205417633e-06,2.561735153198242,8.533618936854424,2.2827960922648476,1.3124396805552734,1.2688971438752252,1.4269088294608867,1.2829418735166016,1.324211407419158,0.9558069379417078,0.7632176564302597,0.6699509568317519,0.5161676379115235,0.46513020575383607,0.37937359639878465,1.0029797554016113,0.07162664085626602,0.9904646277427673,0.05391611531376839,0.9957530498504639,0.0513891875743866,0.9993190765380859,0.06076499819755554,0.9934377074241638,0.06010337546467781,1.0005756616592407,0.055394768714904785,1.0006577968597412,0.05577559024095535,1.0012329816818237,0.05180392041802406,0.9999305605888367,0.04553564637899399,1.0075613260269165,0.06141923367977142,1.0041289329528809,0.053983382880687714,1.0335661172866821,0.0881735160946846,1.02888023853302,0.09251025319099426,1.0268936157226562,0.09007072448730469,1.0181331634521484,0.09178813546895981,1.032433032989502,0.11220800131559372,1.026750922203064,0.11574842035770416,1.0427656173706055,0.13814833760261536,1.0381320714950562,0.13922832906246185,1.0481276512145996,0.16672925651073456,1.0424071550369263,0.16398057341575623,1.0513006448745728,0.1807597577571869,1.0505199432373047,0.17443877458572388,1.0329428911209106,0.13210700452327728
2100,2,7.127179205417633e-06,3.5423500537872314,8.841916797741165,2.4702695597640023,1.3968641487359015,1.283729682575402,1.4021794245177013,1.283095485120724,1.2744922789682196,0.952305294685034,0.767181737664668,0.6724016654301878,0.4370413789756926,0.4086417770534398,0.3261559368448544,1.0028456449508667,0.06941002607345581,0.9895970821380615,0.05327676236629486,0.9952380657196045,0.05038391053676605,0.9989140629768372,0.059851955622434616,0.9934657216072083,0.05936385691165924,1.0004115104675293,0.054801639169454575,1.0009291172027588,0.0546962171792984,1.0012178421020508,0.050562288612127304,0.9999309182167053,0.043777965009212494,1.007226586341858,0.06072555482387543,1.0038542747497559,0.05398479104042053,1.0331975221633911,0.08910073339939117,1.0288050174713135,0.09399997442960739,1.027167797088623,0.092290960252285,1.0189404487609863,0.0940394476056099,1.0326745510101318,0.11367261409759521,1.0268864631652832,0.11713395267724991,1.043074607849121,0.1397079974412918,1.0384522676467896,0.14078782498836517,1.0484161376953125,0.16801099479198456,1.042447805404663,0.1645633578300476,1.0511304140090942,0.18088266253471375,1.050788402557373,0.17456844449043274,1.0327303409576416,0.13115054368972778
2110,2,7.127179205417633e-06,2.5641469955444336,8.319985641972208,2.290103211423865,1.3183882297660814,1.274842198539686,1.4163501182302412,1.2720739298738244,1.3102894239564762,0.9599350501541395,0.7629814054572874,0.6673876348415964,0.5122648217399182,0.4630462322976816,0.3744283115923154,1.0029683113098145,0.06973817199468613,0.9901751279830933,0.05276280641555786,0.9958195090293884,0.05018354207277298,0.9996029138565063,0.05979861319065094,0.9939537644386292,0.059067077934741974,1.0010775327682495,0.0543961264193058,1.0013059377670288,0.05460674688220024,1.0017009973526,0.050506092607975006,1.0003300905227661,0.04403093829751015,1.0076473951339722,0.06060482934117317,1.004244089126587,0.05388404056429863,1.033610463142395,0.08865650743246078,1.0289584398269653,0.09335359930992126,1.0269196033477783,0.09103107452392578,1.018474817276001,0.0926925390958786,1.0325859785079956,0.11278451979160309,1.0267329216003418,0.11623143404722214,1.0427483320236206,0.1386142373085022,1.0382822751998901,0.1400556117296219,1.0482980012893677,0.1675630509853363,1.0425784587860107,0.1647932082414627,1.0514482259750366,0.18145868182182312,1.0511105060577393,0.17562808096408844,1.0329363346099854,0.13223600387573242
2120,3,9.502905607223512e-06,3.613494396209717,10.320908531391419,2.872454418434182,1.6332166166370272,1.5540716805110975,1.8956829329107296,1.7868404824566053,1.54262067493645,1.1859809670662955,1.0447193559248706,0.8529105877016422,0.6435650854445851,0.515456715005167,0.4006861693269113,1.0044286251068115,0.06908159703016281,0.9912828207015991,0.052546050399541855,0.9966175556182861,0.0502820760011673,1.000148892402649,0.05947696790099144,0.9937000870704651,0.058459632098674774,1.0008227825164795,0.053430311381816864,1.0006296634674072,0.05375322327017784,1.0015313625335693,0.04966352507472038,1.0000948905944824,0.04334629699587822,1.0076335668563843,0.060370951890945435,1.0042736530303955,0.05273794010281563,1.0341018438339233,0.08825992792844772,1.0292421579360962,0.09249765425920486,1.0264394283294678,0.0887269526720047,1.0178461074829102,0.09008140116930008,1.032060980796814,0.11060258001089096,1.0263230800628662,0.11397501081228256,1.0425927639007568,0.13654068112373352,1.0380555391311646,0.13759568333625793,1.0480774641036987,0.1652906835079193,1.0429189205169678,0.16319149732589722,1.0512462854385376,0.17937874794006348,1.0505151748657227,0.1738530546426773,1.032572627067566,0.1302090287208557
2130,3,9.502905607223512e-06,3.402726650238037,11.223750833783829,2.667896499727054,1.441361999334642,1.4274426895495411,1.6071472820119133,1.4413072085212002,1.480244262873852,1.0880544813645012,0.8441775343375999,0.7062479084055441,0.496255509025236,0.45708840635785875,0.35641535129971896,1.0049145221710205,0.06849128007888794,0.9926862716674805,0.05057505890727043,0.9962694048881531,0.04877514764666557,0.9996873736381531,0.05719178915023804,0.9932421445846558,0.05595683678984642,1.0001906156539917,0.05085013806819916,1.0001745223999023,0.051577866077423096,1.0012887716293335,0.04809093847870827,0.9999116659164429,0.041864875704050064,1.0078099966049194,0.05970462039113045,1.0045017004013062,0.052390772849321365,1.0343862771987915,0.08858191221952438,1.0295735597610474,0.09292906522750854,1.026228427886963,0.08850773423910141,1.017763376235962,0.08963537961244583,1.031754493713379,0.10998561233282089,1.0262855291366577,0.11339853703975677,1.0427149534225464,0.13615335524082184,1.038106918334961,0.13702994585037231,1.04788339138031,0.16444987058639526,1.0426061153411865,0.16172721982002258,1.0517994165420532,0.1794862598180771,1.050793170928955,0.1739695966243744,1.0322654247283936,0.12832492589950562
2120,3,9.502905607223512e-06,3.602128744125366,10.380282894114762,2.8227072712688157,1.6176138936231865,1.530002621700393,1.8623441872215067,1.7490882438318534,1.534736275496465,1.1743970696324255,1.0314866729604464,0.8392952963023786,0.6347057864349547,0.5048318156307103,0.387797968869562,1.004436731338501,0.06715385615825653,0.9910005927085876,0.051238764077425,0.996665358543396,0.04889589548110962,1.000434160232544,0.05806493014097214,0.994208037853241,0.056902237236499786,1.0012922286987305,0.05184473469853401,1.0012086629867554,0.05197436735033989,1.0019047260284424,0.0478806234896183,1.0003758668899536,0.041378483176231384,1.0076138973236084,0.05943038687109947,1.0043588876724243,0.05238093063235283,1.034100890159607,0.08847676217556,1.029285192489624,0.0930020660161972,1.026357650756836,0.08921822160482407,1.0180449485778809,0.09049930423498154,1.0321435928344727,0.11072535067796707,1.026257038116455,0.11399081349372864,1.0425437688827515,0.13665275275707245,1.0381801128387451,0.13814304769039154,1.0482474565505981,0.16592144966125488,1.0430673360824585,0.16387329995632172,1.0514535903930664,0.18010158836841583,1.0511753559112549,0.1752520352602005,1.0325992107391357,0.13049793243408203
2140,3,9.502905607223512e-06,2.7703208923339844,10.875244202796438,3.408698527614451,1.8283888737945917,1.8305796578086104,1.9192863958083937,1.6279061565123254,1.6433483786381569,1.1904450356403948,0.9261985499900249,0.7643280913042947,0.5370966806311982,0.4345151462894021,0.37851511923304415,1.004313588142395,0.07002297788858414,0.9928466081619263,0.04988417774438858,0.9963008165359497,0.04795415326952934,0.9998330473899841,0.05600956827402115,0.9935314655303955,0.05514029785990715,1.00034499168396,0.05038248747587204,1.0005406141281128,0.050876833498477936,1.0020885467529297,0.048095960170030594,1.0005472898483276,0.041761528700590134,1.0083578824996948,0.0596642829477787,1.0049235820770264,0.05280732735991478,1.034896969795227,0.08930233120918274,1.029857873916626,0.09395524114370346,1.025875210762024,0.08877520263195038,1.0178613662719727,0.08943817764520645,1.0312062501907349,0.1095237135887146,1.0259554386138916,0.11305619031190872,1.0424118041992188,0.13559596240520477,1.0379277467727661,0.1367710530757904,1.0475809574127197,0.16407285630702972,1.042272686958313,0.16157083213329315,1.0523045063018799,0.1806972473859787,1.0511449575424194,0.17582494020462036,1.032945990562439,0.1300613284111023
2130,3,9.502905607223512e-06,3.3730862140655518,10.98259895438275,2.6239094350934664,1.4121715524154188,1.4097733584139545,1.5846503741228186,1.4336187201149468,1.4473143858968245,1.080688718295437,0.8396993835837592,0.7067008307118252,0.4958643252983385,0.44967106703921106,0.3560493843394416,1.0049148797988892,0.06641977280378342,0.9922987818717957,0.049206651747226715,0.9962277412414551,0.04731360822916031,0.9998698234558105,0.055600810796022415,0.9936414361000061,0.054137345403432846,1.000511884689331,0.048983655869960785,1.0006335973739624,0.04944126307964325,1.0015987157821655,0.04602755606174469,1.0001636743545532,0.03963249549269676,1.0077887773513794,0.058804742991924286,1.0046840906143188,0.052029695361852646,1.0345414876937866,0.0890628769993782,1.0297216176986694,0.09376025199890137,1.0262608528137207,0.08925788104534149,1.0179996490478516,0.0902789980173111,1.0318762063980103,0.11015001684427261,1.0261659622192383,0.11332833021879196,1.0426050424575806,0.13606560230255127,1.0382074117660522,0.13735808432102203,1.048039436340332,0.16486483812332153,1.0427253246307373,0.16231344640254974,1.05195152759552,0.1800779402256012,1.0514343976974487,0.17548228800296783,1.0323622226715088,0.12892179191112518
2150,3,9.502905607223512e-06,2.001110553741455,9.316580619362302,3.6194343143560697,1.6271328839000476,1.7115223863269085,1.8173874942390404,1.533906162319931,1.531326495157376,1.0873955237508388,0.8618139917370428,0.8084155480548243,0.5638057343899625,0.46466482499964923,0.37169069538830646,1.003757119178772,0.07158462703227997,0.9922658205032349,0.05028345435857773,0.9971915483474731,0.04755055904388428,1.000989556312561,0.054670706391334534,0.9950147271156311,0.053930167108774185,1.0015795230865479,0.049586594104766846,1.002425193786621,0.049855224788188934,1.0042530298233032,0.048941291868686676,1.002925992012024,0.04208414629101753,1.010043740272522,0.06141207367181778,1.006671667098999,0.05538823828101158,1.0363038778305054,0.09370604902505875,1.0311455726623535,0.09982601553201675,1.0268741846084595,0.094615638256073,1.0194793939590454,0.09506887197494507,1.0318143367767334,0.11382489651441574,1.0267025232315063,0.11734851449728012,1.0427801609039307,0.13882584869861603,1.0381648540496826,0.13957703113555908,1.0482618808746338,0.16747966408729553,1.0430504083633423,0.16509008407592773,1.0530505180358887,0.18402467668056488,1.0521751642227173,0.1795361489057541,1.0338424444198608,0.13310950994491577
2140,3,9.502905607223512e-06,2.757561683654785,10.94575798348953,3.539510854951755,1.873216361297811,1.8863747394239263,1.996874006578835,1.674096399196342,1.6458178397390657,1.184867285091895,0.9326893129347021,0.7703337684949393,0.5396774315654532,0.43796240604376485,0.37626024538333747,1.0042705535888672,0.06790435314178467,0.9921964406967163,0.04869728535413742,0.9960501194000244,0.046617794781923294,0.9997912049293518,0.05455327406525612,0.9936618208885193,0.0533989742398262,1.0003535747528076,0.04853345826268196,1.0007591247558594,0.048570308834314346,1.0020883083343506,0.04557977244257927,1.000531554222107,0.039268676191568375,1.0080879926681519,0.05841245874762535,1.0049092769622803,0.052118830382823944,1.0349407196044922,0.08934401720762253,1.0298367738723755,0.0941692590713501,1.0257806777954102,0.08873632550239563,1.017866849899292,0.08921299874782562,1.031129002571106,0.10876765102148056,1.02562415599823,0.112033911049366,1.0420423746109009,0.1344592422246933,1.0378143787384033,0.13605183362960815,1.0475258827209473,0.16343718767166138,1.0422002077102661,0.16115829348564148,1.052257776260376,0.18027234077453613,1.0515601634979248,0.17651383578777313,1.0328168869018555,0.13008005917072296
2160,3,9.502905607223512e-06,3.144620895385742,7.3117474719256395,2.2678543256788193,1.1845541271274032,1.177514605009007,1.3309964821361338,1.193643815682261,1.1672847601905196,0.8304468793217552,0.7362270475558063,0.5997041790710811,0.465087639301791,0.3854585479441002,0.29356394372241673,1.0038567781448364,0.07148414105176926,0.9915483593940735,0.050955209881067276,0.997730016708374,0.047405846416950226,1.00167977809906,0.05454852432012558,0.9961377382278442,0.05320987477898598,1.0028250217437744,0.04900216683745384,1.003814458847046,0.048961836844682693,1.0061641931533813,0.05022489279508591,1.0047433376312256,0.04262552037835121,1.011928915977478,0.06352948397397995,1.0084983110427856,0.0591777004301548,1.038671851158142,0.10099031031131744,1.033150315284729,0.10909110307693481,1.0286569595336914,0.10429642349481583,1.0220366716384888,0.10441946238279343,1.033243179321289,0.12255068123340607,1.0280706882476807,0.12592551112174988,1.0440468788146973,0.14659838378429413,1.039349913597107,0.1474049687385559,1.0497912168502808,0.17521068453788757,1.0443854331970215,0.17244814336299896,1.0538204908370972,0.18999923765659332,1.0532796382904053,0.18479213118553162,1.0357205867767334,0.13760797679424286
2150,3,9.502905607223512e-06,1.9597198963165283,9.087486753614845,3.4738950295764233,1.6086029006039149,1.675629509068942,1.7904771899289607,1.5367920466532352,1.5132015899109568,1.0857416386150782,0.8781032433180799,0.8093707804135121,0.5674776879447904,0.46893243572866755,0.3699247343761338,1.0037237405776978,0.068907231092453,0.991632878780365,0.04856492951512337,0.997151792049408,0.04581231251358986,1.0011358261108398,0.05278069153428078,0.9953542351722717,0.05169421434402466,1.001766562461853,0.0472806915640831,1.0028460025787354,0.04706363007426262,1.0044041872024536,0.0462060272693634,1.0030444860458374,0.039462801069021225,1.0099774599075317,0.0603804774582386,1.0067763328552246,0.05516089126467705,1.0364049673080444,0.094234399497509,1.0311108827590942,0.10057475417852402,1.026745319366455,0.09498152136802673,1.0196640491485596,0.09517062455415726,1.0316705703735352,0.11329575628042221,1.0263437032699585,0.11656856536865234,1.0423544645309448,0.13783954083919525,1.0380091667175293,0.13897821307182312,1.048170804977417,0.1669018715620041,1.0430299043655396,0.16490468382835388,1.0530741214752197,0.18388237059116364,1.052683711051941,0.18069759011268616,1.033860445022583,0.13396188616752625
2170,3,9.502905607223512e-06,3.3439855575561523,8.822531276808373,2.7367847127388907,1.3448700203249475,1.3466465298037646,1.5748257964500618,1.3609958383331042,1.2201505454589827,0.961148518423511,0.7759327776103405,0.6290909310948802,0.47369840188694723,0.381749183680095,0.3120354584311048,1.0033214092254639,0.07826542854309082,0.9914197325706482,0.05669669806957245,0.9976806044578552,0.05263189598917961,1.0016670227050781,0.06007009744644165,0.9962357878684998,0.058761853724718094,1.0026755332946777,0.05440257489681244,1.003759503364563,0.05400467664003372,1.0065076351165771,0.053902916610240936,1.0049445629119873,0.04611940309405327,1.012270450592041,0.06526508182287216,1.0087549686431885,0.06071554124355316,1.0395289659500122,0.103833869099617,1.0338962078094482,0.11260353773832321,1.0297749042510986,0.1087789312005043,1.023216724395752,0.10916454344987869,1.034316062927246,0.1276284009218216,1.028991937637329,0.13117927312850952,1.0450583696365356,0.15210212767124176,1.0402175188064575,0.1530999392271042,1.0507553815841675,0.18077172338962555,1.0453022718429565,0.17804494500160217,1.0543228387832642,0.19460530579090118,1.0541434288024902,0.18883350491523743,1.0370556116104126,0.14147275686264038
2160,3,9.502905607223512e-06,3.1325645446777344,7.630762213465738,2.370285342741636,1.2255836561468878,1.1955517188985627,1.3425151763604461,1.1998856708364467,1.1653943719634152,0.8281251715733777,0.7369076503780481,0.6082062364680949,0.46622094581944784,0.38827272516403505,0.2944442983655075,1.0038655996322632,0.06821354478597641,0.9910152554512024,0.048830918967723846,0.9975868463516235,0.045394886285066605,1.0017129182815552,0.052427999675273895,0.9963253736495972,0.05079095438122749,1.0028207302093506,0.046510837972164154,1.004075288772583,0.0460437536239624,1.0062134265899658,0.04763304442167282,1.0047634840011597,0.04033038392663002,1.0119600296020508,0.06312600523233414,1.0086381435394287,0.059879060834646225,1.0388174057006836,0.10227182507514954,1.0331320762634277,0.11065752804279327,1.0284836292266846,0.10536237061023712,1.022464394569397,0.10521869361400604,1.0331486463546753,0.12273330241441727,1.027801752090454,0.12598353624343872,1.0437026023864746,0.14635100960731506,1.0392420291900635,0.14758291840553284,1.0498651266098022,0.17557017505168915,1.0446521043777466,0.17343658208847046,1.0541144609451294,0.19108885526657104,1.0540426969528198,0.18718750774860382,1.0361515283584595,0.1398252695798874
2180,3,9.502905607223512e-06,1.499800682067871,9.648935853796692,2.850100903935306,1.712648947426177,1.7231139444529806,1.7666004210761668,1.487372137798684,1.4084785598868312,0.9912015823304541,0.7781099085020737,0.6443410533179862,0.5008236619818078,0.433138553832821,0.36120746908517465,1.0030163526535034,0.07992320507764816,0.9908640384674072,0.058207329362630844,0.997814416885376,0.053677890449762344,1.0017123222351074,0.06157104671001434,0.9960430264472961,0.06023376062512398,1.002387285232544,0.05586735159158707,1.0037415027618408,0.05529817193746567,1.0064092874526978,0.05449651554226875,1.0050593614578247,0.047257572412490845,1.012818694114685,0.06634453684091568,1.0094763040542603,0.06293493509292603,1.0407743453979492,0.10817563533782959,1.035410761833191,0.11852146685123444,1.0314197540283203,0.11541420221328735,1.0247997045516968,0.11602626740932465,1.035578966140747,0.1337110698223114,1.0301337242126465,0.1371583342552185,1.0462366342544556,0.15793131291866302,1.0411975383758545,0.1585453897714615,1.0517983436584473,0.18592208623886108,1.046308994293213,0.18309664726257324,1.054625153541565,0.1980721652507782,1.0547598600387573,0.191669762134552,1.0378905534744263,0.14502106606960297
2170,3,9.502905607223512e-06,3.3131463527679443,8.716302360700872,2.6805866558972444,1.3149775701270408,1.3142273428081632,1.5445144841520826,1.3317991349364655,1.1987850410655123,0.9470031728038473,0.7729880256804008,0.6286083498222359,0.47935899808678684,0.3845684405587203,0.3104697892613231,1.0035083293914795,0.07446885854005814,0.9909910559654236,0.05414135009050369,0.9975048303604126,0.05031054466962814,1.001583456993103,0.05752420425415039,0.9962547421455383,0.05591266229748726,1.0025089979171753,0.05141506344079971,1.0038517713546753,0.050605613738298416,1.006384253501892,0.05069458857178688,1.0048208236694336,0.043159473687410355,1.012063980102539,0.06430943310260773,1.0086673498153687,0.06076965108513832,1.0394384860992432,0.10422930121421814,1.0336278676986694,0.11298481374979019,1.0292668342590332,0.10849643498659134,1.0232974290847778,0.10855824500322342,1.0338523387908936,0.12634354829788208,1.0283690690994263,0.12979815900325775,1.044494390487671,0.15067176520824432,1.039894700050354,0.15216057002544403,1.0507322549819946,0.1802881360054016,1.0454707145690918,0.17827872931957245,1.0546702146530151,0.19527526199817657,1.054887056350708,0.19077295064926147,1.0372488498687744,0.14285625517368317
2190,3,9.502905607223512e-06,2.051959991455078,9.54670890603909,3.0023581675842403,1.5068191222328364,1.6252123257905207,1.7996763569749687,1.5297608978539723,1.2992922403360707,0.9042481343637774,0.775989651065246,0.6057237295048946,0.4763671843995626,0.4003559550365615,0.32758258990791617,1.0029782056808472,0.07684493809938431,0.9898862838745117,0.055837057530879974,0.9967829585075378,0.051805268973112106,1.0007776021957397,0.059430692344903946,0.9947567582130432,0.057720620185136795,1.0013054609298706,0.05284125357866287,1.002714991569519,0.05231061577796936,1.0052796602249146,0.05093124508857727,1.004027009010315,0.044900670647621155,1.0119200944900513,0.06436160951852798,1.0085043907165527,0.0601772665977478,1.0399703979492188,0.104868583381176,1.0348079204559326,0.1146412193775177,1.0308568477630615,0.1110430359840393,1.023419737815857,0.11151794344186783,1.0346202850341797,0.12856000661849976,1.0290900468826294,0.1319250911474228,1.0454552173614502,0.153141587972641,1.0405269861221313,0.15396583080291748,1.051313042640686,0.18200255930423737,1.045639157295227,0.1794629544019699,1.0535367727279663,0.19346393644809723,1.054093837738037,0.18776537477970123,1.036515235900879,0.14023195207118988
2180,3,9.502905607223512e-06,1.5604673624038696,9.406429407176635,2.8861950547595923,1.7038121417910332,1.7160578530333996,1.767112192631898,1.4965526508720086,1.4056193662268517,0.9837635053558454,0.7772625850674331,0.6479404350567024,0.5061058082960792,0.43076125827836065,0.35831614859451,1.0031611919403076,0.07590946555137634,0.9904758930206299,0.05533701553940773,0.9976454973220825,0.05109542980790138,1.0016000270843506,0.05873868986964226,0.9959750771522522,0.05720869079232216,1.002148985862732,0.052812594920396805,1.0037128925323486,0.0518847331404686,1.0062721967697144,0.05156286060810089,1.0049364566802979,0.04445520043373108,1.0125041007995605,0.06559266895055771,1.009292721748352,0.06321106851100922,1.0406471490859985,0.10873048007488251,1.035161018371582,0.11904647946357727,1.0308576822280884,0.11521019786596298,1.0249507427215576,0.11553391069173813,1.035049319267273,0.13250036537647247,1.029420256614685,0.13590916991233826,1.0456287860870361,0.15663151443004608,1.0409221649169922,0.15789417922496796,1.0517500638961792,0.18561729788780212,1.0464738607406616,0.18361908197402954,1.05503249168396,0.199086993932724,1.0555106401443481,0.19360388815402985,1.0380902290344238,0.14606314897537231
2200,3,9.502905607223512e-06,1.0121904611587524,7.701577713417322,2.5096204470790364,1.2766939595167113,1.2362857249069723,1.4098304343460204,1.2445139153443108,1.1968636719371755,0.8391080501666207,0.7341584441070054,0.6085790968999664,0.4440013090506848,0.3605407646767255,0.2844252724071884,1.0022023916244507,0.0735117718577385,0.989068865776062,0.05206451937556267,0.9959318041801453,0.04836999997496605,1.000355839729309,0.05564923584461212,0.9938217997550964,0.05351691693067551,1.0005570650100708,0.04799869284033775,1.001867651939392,0.047590818256139755,1.0041496753692627,0.046857237815856934,1.0028761625289917,0.041477084159851074,1.0107594728469849,0.06266134232282639,1.007236361503601,0.0584789514541626,1.0390552282333374,0.10383675992488861,1.0338380336761475,0.11357195675373077,1.029921293258667,0.10927937179803848,1.0232733488082886,0.1099986657500267,1.0342711210250854,0.1277204155921936,1.0288480520248413,0.1317591369152069,1.0458248853683472,0.15433630347251892,1.0408345460891724,0.15542912483215332,1.0517215728759766,0.1840122938156128,1.046116828918457,0.18220417201519012,1.0541127920150757,0.1964239478111267,1.054993748664856,0.1914985328912735,1.0376032590866089,0.14341692626476288
2190,3,9.502905607223512e-06,1.9941918849945068,9.528353728103307,2.973685727215402,1.4985264675611591,1.6089837038400194,1.7828359874293926,1.5234710609521176,1.28501606334338,0.8826678631864467,0.7614161866249304,0.5996945932833442,0.4641739553250477,0.3964020935865031,0.32008633392912667,1.0028924942016602,0.07340798527002335,0.9894618988037109,0.05339108780026436,0.9966917634010315,0.049568820744752884,1.000776767730713,0.05698284134268761,0.9948050379753113,0.05509965121746063,1.001147985458374,0.050265416502952576,1.0027282238006592,0.04925878718495369,1.0053192377090454,0.04842022806406021,1.0040825605392456,0.042495980858802795,1.0117360353469849,0.06398972123861313,1.0084521770477295,0.06101999804377556,1.0400944948196411,0.10653308779001236,1.0348881483078003,0.11668861657381058,1.0305912494659424,0.11238913983106613,1.0239970684051514,0.11254976689815521,1.0343623161315918,0.12889191508293152,1.0285931825637817,0.1322248876094818,1.0450533628463745,0.15324416756629944,1.0404635667800903,0.15472781658172607,1.0513287782669067,0.18275821208953857,1.045861840248108,0.18105767667293549,1.0540882349014282,0.19558951258659363,1.0549705028533936,0.1904585361480713,1.037003993988037,0.14203521609306335
2210,3,9.502905607223512e-06,3.4476232528686523,8.548509921081955,2.6088883644653293,1.3916196878773268,1.33863859446246,1.577692582647483,1.3911513648931488,1.221610097000265,0.8995451850959936,0.742376047814005,0.621054312799947,0.4515904700556864,0.38753288338307446,0.30291151830025453,1.0025297403335571,0.07046627253293991,0.9884876012802124,0.05012105405330658,0.9960964322090149,0.04642500728368759,1.0007073879241943,0.05381050705909729,0.9938316941261292,0.05123181268572807,1.0007634162902832,0.04543979838490486,1.001725673675537,0.04524354636669159,1.0038334131240845,0.04526608809828758,1.0024100542068481,0.0397077240049839,1.0099953413009644,0.062284331768751144,1.0064505338668823,0.05792968347668648,1.0383689403533936,0.1029929518699646,1.033351182937622,0.11262388527393341,1.0295827388763428,0.10786964744329453,1.022916316986084,0.10845661163330078,1.0340267419815063,0.1261846125125885,1.02829110622406,0.1296987682580948,1.0451428890228271,0.15170073509216309,1.0401268005371094,0.15231993794441223,1.051659345626831,0.18214325606822968,1.046028733253479,0.18013229966163635,1.0541813373565674,0.19459256529808044,1.0552023649215698,0.19037248194217682,1.0366206169128418,0.14022700488567352
2200,3,9.502905607223512e-06,1.1015938520431519,8.188100565473192,2.5521656068554743,1.4322723887932187,1.3663651167809958,1.5270831004203025,1.3031073160721482,1.1999146630994995,0.8366601960187265,0.7246562647445364,0.605652111550024,0.44408138304614,0.36967307595858856,0.28333661370315305,1.0019731521606445,0.07060638070106506,0.9885693192481995,0.05008145049214363,0.9957849383354187,0.04653949663043022,1.0003368854522705,0.05365081876516342,0.9938642382621765,0.051387105137109756,1.0004531145095825,0.04592142999172211,1.0019477605819702,0.045013897120952606,1.0043772459030151,0.04495060443878174,1.0030826330184937,0.039664532989263535,1.010709285736084,0.06265309453010559,1.0073143243789673,0.05958624556660652,1.0393818616867065,0.1058211475610733,1.0341291427612305,0.11603926867246628,1.0298916101455688,0.11116006970405579,1.0239593982696533,0.11155270040035248,1.034104585647583,0.12849920988082886,1.0284512042999268,0.132497638463974,1.0455942153930664,0.15495328605175018,1.0409574508666992,0.15671706199645996,1.0517232418060303,0.18496422469615936,1.0462743043899536,0.18381689488887787,1.0545352697372437,0.19837355613708496,1.0556843280792236,0.19367779791355133,1.038021445274353,0.14496351778507233
2220,3,9.502905607223512e-06,2.589951515197754,9.080937172157645,3.5739792607366474,1.8261596076336237,1.5509143990071377,1.6881826706016498,1.4665378046630166,1.347284684748853,0.9849901187166396,0.7989525053545597,0.6870306863842215,0.4661321140805067,0.41004457981071013,0.3694908089212427,1.0028438568115234,0.07140913605690002,0.9892531633377075,0.050906166434288025,0.996798574924469,0.04682999849319458,1.001420497894287,0.054255515336990356,0.9945580959320068,0.051567431539297104,1.0015982389450073,0.0459429956972599,1.00223970413208,0.04560229927301407,1.0046437978744507,0.045624446123838425,1.003050684928894,0.04015856236219406,1.0102097988128662,0.06288449466228485,1.0062041282653809,0.058454643934965134,1.0380669832229614,0.10281834006309509,1.03305983543396,0.11235018819570541,1.0290476083755493,0.10732927918434143,1.0228835344314575,0.10790115594863892,1.0339901447296143,0.1265079528093338,1.0279570817947388,0.12976576387882233,1.0451875925064087,0.15196849405765533,1.039862871170044,0.15196169912815094,1.0515925884246826,0.181796133518219,1.0455809831619263,0.1790117621421814,1.0537184476852417,0.1931806057691574,1.054510235786438,0.18849503993988037,1.0363664627075195,0.13758203387260437
2210,3,9.502905607223512e-06,3.5338640213012695,8.570671647961676,2.564755772186569,1.3705366756881756,1.3237248006846285,1.5448415791762247,1.3736259749615396,1.1978231182198944,0.8790945605247483,0.7390010971982979,0.6237403593592895,0.45774732677415203,0.3913304664852872,0.30803176011836253,1.0024077892303467,0.0676933154463768,0.9880098104476929,0.048325713723897934,0.9958860278129578,0.044844549149274826,1.0005923509597778,0.05196324735879898,0.9938001036643982,0.049237050116062164,1.0005918741226196,0.04337170347571373,1.0017927885055542,0.04262927919626236,1.0039434432983398,0.043263088911771774,1.0024656057357788,0.03780246153473854,1.009806752204895,0.062207989394664764,1.0064477920532227,0.05869252234697342,1.03866446018219,0.10473565012216568,1.0335538387298584,0.11474796384572983,1.0294828414916992,0.10948527604341507,1.023503065109253,0.10975707322359085,1.0338581800460815,0.12683093547821045,1.027954339981079,0.13034451007843018,1.0450690984725952,0.15239465236663818,1.0403815507888794,0.15369154512882233,1.0517809391021729,0.18324628472328186,1.0462582111358643,0.18183089792728424,1.0545639991760254,0.19639909267425537,1.0559492111206055,0.1926857978105545,1.037032961845398,0.14175458252429962
2230,3,9.502905607223512e-06,3.294325828552246,7.916260549413441,2.5140114385076195,1.4175754550662842,1.4372498406854344,1.7012070333683733,1.463492711035074,1.358149609158025,0.9023310241124822,0.8045136122142683,0.6371878115857706,0.48339486157309025,0.40308441324077265,0.2965529088154915,1.0037550926208496,0.06908257305622101,0.9893180727958679,0.04942578822374344,0.9973139762878418,0.04554744064807892,1.0019516944885254,0.05289061367511749,0.9952435493469238,0.05013057962059975,1.0019842386245728,0.044474367052316666,1.0026551485061646,0.044058822095394135,1.005315899848938,0.04457329586148262,1.003529667854309,0.03955930098891258,1.0102720260620117,0.062273938208818436,1.0059542655944824,0.058013204485177994,1.0376348495483398,0.10163947194814682,1.0323617458343506,0.11085184663534164,1.0282950401306152,0.10519618541002274,1.0222324132919312,0.10578768700361252,1.0335978269577026,0.12463707476854324,1.027459740638733,0.1276705116033554,1.0453543663024902,0.15085116028785706,1.0401273965835571,0.15103137493133545,1.051849365234375,0.18109707534313202,1.0458614826202393,0.17834819853305817,1.0535391569137573,0.19183865189552307,1.054063081741333,0.18683522939682007,1.0358961820602417,0.1349366158246994
2220,3,9.502905607223512e-06,2.6412134170532227,8.862713152937712,3.332039810639123,1.7291271953834306,1.4945654625820954,1.633077124115847,1.4314585483342934,1.3381731805539756,0.9693357064624673,0.8010815965654497,0.6943465140019485,0.4761759536993291,0.4092002623144949,0.37077048789735345,1.0028549432754517,0.06843890994787216,0.9888309836387634,0.04892788082361221,0.9964889287948608,0.04520455375313759,1.0011932849884033,0.05202745273709297,0.994353175163269,0.04922182112932205,1.0012651681900024,0.04332011193037033,1.0021307468414307,0.04246000573039055,1.0042479038238525,0.04296540468931198,1.002684235572815,0.03754193335771561,1.009634256362915,0.062196869403123856,1.005916953086853,0.058424774557352066,1.038155198097229,0.10381007194519043,1.0330694913864136,0.11354576051235199,1.0287011861801147,0.10787275433540344,1.0231523513793945,0.1081428974866867,1.033653736114502,0.1261463314294815,1.0274823904037476,0.12943145632743835,1.0450607538223267,0.15174639225006104,1.0400789976119995,0.15244804322719574,1.0516941547393799,0.18211473524570465,1.0457552671432495,0.17983883619308472,1.0540860891342163,0.19428254663944244,1.055235505104065,0.1904146373271942,1.036539077758789,0.13855084776878357
2240,3,9.502905607223512e-06,3.3726558685302734,7.210586720668514,2.3502341160661255,1.2051105306925207,1.1595465815824082,1.336265362834928,1.1719352703043895,1.1569976040702246,0.8679782609817419,0.671946299239277,0.5397500927165927,0.39929871308706355,0.33106280948789385,0.2835923407021811,1.0037134885787964,0.07077766209840775,0.990362823009491,0.049391355365514755,0.9975866675376892,0.045537617057561874,1.002192735671997,0.05097891390323639,0.9954329133033752,0.048450570553541183,1.0017114877700806,0.04225075989961624,1.0025917291641235,0.04228826239705086,1.0049023628234863,0.04220675304532051,1.002964973449707,0.03738565742969513,1.0094548463821411,0.05965099483728409,1.0048167705535889,0.055016208440065384,1.0366227626800537,0.0969584733247757,1.0312473773956299,0.10485765337944031,1.0272955894470215,0.09871014207601547,1.0202395915985107,0.0991634801030159,1.0329642295837402,0.11901950091123581,1.0267091989517212,0.12188751995563507,1.0451276302337646,0.1465824842453003,1.0398306846618652,0.1467185914516449,1.0518290996551514,0.17788134515285492,1.0456876754760742,0.17517749965190887,1.053092122077942,0.18831674754619598,1.0532469749450684,0.18315868079662323,1.0347157716751099,0.1306435912847519
2230,3,9.502905607223512e-06,3.276096820831299,8.471849105583697,2.511237033717957,1.4551877662834938,1.479485816852591,1.7366546231397215,1.5028451214207796,1.374837830955639,0.9262300620539221,0.8311455128948236,0.6664613973181642,0.5046683488988001,0.42520589200870496,0.30622936706003845,1.0039312839508057,0.06643769890069962,0.9891760349273682,0.04750974476337433,0.9970290660858154,0.044064365327358246,1.0016794204711914,0.05088027939200401,0.9949644804000854,0.04798692837357521,1.001627802848816,0.04203660041093826,1.0024045705795288,0.04117415100336075,1.0046818256378174,0.0419987253844738,1.0028841495513916,0.03700435906648636,1.0094727277755737,0.061267074197530746,1.0054856538772583,0.0574604794383049,1.0374326705932617,0.10157856345176697,1.0321227312088013,0.11082357913255692,1.027601957321167,0.10434316098690033,1.0221483707427979,0.10468871146440506,1.0329656600952148,0.12299551069736481,1.0267517566680908,0.12615540623664856,1.0449775457382202,0.1494324803352356,1.0401674509048462,0.15041875839233398,1.051786184310913,0.1804276406764984,1.0458729267120361,0.17833556234836578,1.053926944732666,0.19247573614120483,1.0547658205032349,0.18855588138103485,1.0359416007995605,0.1356911063194275
2250,3,9.502905607223512e-06,2.7908782958984375,9.022241512298267,3.034701559193887,1.7084595300443677,1.543388577530434,1.8540613908142818,1.5270843638386933,1.6731938550921839,1.1618661315472987,0.8618771384280545,0.7319109431088922,0.5082428178111245,0.4128269024154502,0.3703474424166719,1.0037763118743896,0.07049360871315002,0.9914970993995667,0.04764632135629654,0.9965277314186096,0.044522300362586975,1.0010457038879395,0.04895299673080444,0.9945301413536072,0.04619878530502319,1.0006227493286133,0.03911001607775688,1.001847743988037,0.03962891548871994,1.004004716873169,0.04021969065070152,1.0022385120391846,0.03545038774609566,1.008907437324524,0.05866827815771103,1.0042078495025635,0.054586149752140045,1.0364725589752197,0.09713499248027802,1.0310049057006836,0.10492375493049622,1.0273363590240479,0.0989583432674408,1.020375370979309,0.09961167722940445,1.033245325088501,0.11999338865280151,1.026915192604065,0.12290347367525101,1.0455061197280884,0.14799049496650696,1.0400757789611816,0.14812517166137695,1.0520579814910889,0.17913414537906647,1.0457690954208374,0.17635926604270935,1.053345799446106,0.18980737030506134,1.0532299280166626,0.18425127863883972,1.0353487730026245,0.13293522596359253
2240,3,9.502905607223512e-06,3.4110143184661865,6.598557310709341,2.2295305552731626,1.159025107950294,1.1278627303579205,1.2896295325253975,1.1314127406543089,1.1259510661480396,0.851956359726613,0.6571020818452448,0.5383569761088592,0.3910737387137665,0.33044318145467094,0.28116082167347095,1.0035239458084106,0.06969728320837021,0.9902411103248596,0.04841811582446098,0.9971708655357361,0.04480070248246193,1.0017666816711426,0.05015742406249046,0.9949747323989868,0.04758177325129509,1.0012478828430176,0.04135013744235039,1.0021523237228394,0.040718309581279755,1.0042179822921753,0.040393050760030746,1.0022389888763428,0.03559010103344917,1.0085442066192627,0.058815766125917435,1.0042431354522705,0.05441294610500336,1.036352276802063,0.09682597219944,1.0309251546859741,0.10473605245351791,1.026559591293335,0.09782971441745758,1.020222544670105,0.09824992716312408,1.0324023962020874,0.11749818921089172,1.0260292291641235,0.12048832327127457,1.0447477102279663,0.1451612412929535,1.039842963218689,0.14604313671588898,1.0516319274902344,0.17692671716213226,1.0455223321914673,0.1747855544090271,1.0534600019454956,0.18879182636737823,1.053954005241394,0.1847371906042099,1.0346397161483765,0.13119232654571533
2260,3,9.502905607223512e-06,2.3501627445220947,9.64566980305009,3.509349395568603,1.8126629400527572,1.721031636540103,2.0314666912394705,1.7056225790573727,1.8741449010858018,1.1551973602866312,0.9183701044328743,0.7908061045916206,0.563778703852128,0.47534571867683845,0.34172752126740663,1.0031590461730957,0.07239943742752075,0.9909108281135559,0.04937952384352684,0.996088981628418,0.04584099352359772,1.0005285739898682,0.049506209790706635,0.9942604899406433,0.04692205786705017,1.000272512435913,0.039633333683013916,1.001844882965088,0.03984794020652771,1.0040537118911743,0.04107426851987839,1.002357006072998,0.03588689863681793,1.009362816810608,0.05939663574099541,1.004599928855896,0.056459687650203705,1.0370252132415771,0.09945665299892426,1.031423568725586,0.10753902792930603,1.0274696350097656,0.10135354101657867,1.0210663080215454,0.1019863486289978,1.033787727355957,0.12259553372859955,1.0272386074066162,0.12520715594291687,1.0459426641464233,0.1504274159669876,1.0403149127960205,0.15033133327960968,1.0523536205291748,0.18106721341609955,1.0460429191589355,0.17830318212509155,1.0536900758743286,0.19187986850738525,1.053784966468811,0.18675018846988678,1.036139726638794,0.13600264489650726
2250,3,9.502905607223512e-06,2.8679709434509277,9.800681051156655,3.312063445244892,1.761270309407447,1.5772730959143666,1.8913916347663047,1.549161020269678,1.673994379081036,1.1590939011401102,0.8703357989674659,0.726873863136463,0.5084392005464649,0.4169355630428644,0.36389179777752356,1.0033965110778809,0.07041670382022858,0.9912785887718201,0.04753819853067398,0.9959886074066162,0.04445824772119522,1.0004842281341553,0.0488528273999691,0.9939507842063904,0.04615429788827896,1.000009536743164,0.03927285969257355,1.0012998580932617,0.03903926536440849,1.0031439065933228,0.039119355380535126,1.001365303993225,0.03424319624900818,1.0077754259109497,0.058076199144124985,1.0034531354904175,0.05388941243290901,1.0361508131027222,0.09713433682918549,1.0305869579315186,0.10478415340185165,1.0266914367675781,0.09830651432275772,1.020421028137207,0.09887455403804779,1.0327879190444946,0.11849763244390488,1.0262565612792969,0.12139999866485596,1.045214056968689,0.146564319729805,1.040129542350769,0.14728732407093048,1.0517785549163818,0.17772707343101501,1.0453823804855347,0.17513372004032135,1.0534504652023315,0.1893041580915451,1.0536649227142334,0.18452106416225433,1.0348200798034668,0.13215592503547668
2270,3,9.502905607223512e-06,3.579484701156616,8.854995113869958,2.840849893465002,1.4424574837176714,1.442196449020382,1.5031829397520713,1.3135321366784776,1.404183293058428,1.0168373839391915,0.815562773757744,0.6737614499013908,0.46101184554223806,0.40990988803096073,0.3097404570125844,1.0030767917633057,0.07412190735340118,0.9916460514068604,0.04991236329078674,0.9964089393615723,0.04615122452378273,1.0008283853530884,0.04984394088387489,0.9945716261863708,0.04813320189714432,1.000436544418335,0.04121120646595955,1.0021713972091675,0.0418730229139328,1.004709243774414,0.0435296855866909,1.003063678741455,0.0379607193171978,1.009865403175354,0.061353374272584915,1.005385160446167,0.058424629271030426,1.0378038883209229,0.1021285206079483,1.0322537422180176,0.11060662567615509,1.0279122591018677,0.10413156449794769,1.0218946933746338,0.10506901144981384,1.0344659090042114,0.12584364414215088,1.0278162956237793,0.1282573938369751,1.0461541414260864,0.15240401029586792,1.0403962135314941,0.1518351286649704,1.0521893501281738,0.18144559860229492,1.045907735824585,0.17836743593215942,1.0536091327667236,0.1919710636138916,1.053788185119629,0.1863439381122589,1.0358270406723022,0.13469059765338898
2260,3,9.502905607223512e-06,2.3922154903411865,9.102669785599764,3.300159543096517,1.7190301961589773,1.6216969234514433,1.9211695446385428,1.6293399565724573,1.7806273840296327,1.1292256810118466,0.9153225686343243,0.7953447606733853,0.5650009288204644,0.4835811090009169,0.3457188147807279,1.002837061882019,0.07394996285438538,0.9904299378395081,0.05131806433200836,0.9954590201377869,0.04743355140089989,0.9998663067817688,0.05095990374684334,0.9935343265533447,0.04862574487924576,0.9994641542434692,0.041624244302511215,1.0011934041976929,0.04127464443445206,1.0030521154403687,0.04117708280682564,1.0014222860336304,0.035794697701931,1.0082958936691284,0.05906952917575836,1.0039565563201904,0.05570868030190468,1.0368268489837646,0.09938208013772964,1.0310808420181274,0.10727833211421967,1.0269341468811035,0.10062089562416077,1.0210373401641846,0.10107393562793732,1.0332982540130615,0.12063481658697128,1.0265544652938843,0.12321238219738007,1.0455607175827026,0.1484220176935196,1.040263295173645,0.1488019824028015,1.051982045173645,0.17894618213176727,1.0455394983291626,0.17615658044815063,1.0535510778427124,0.19022449851036072,1.0538948774337769,0.18560342490673065,1.0351566076278687,0.1338224858045578
2280,3,9.502905607223512e-06,1.0140116214752197,8.336215170002987,2.2222741259111434,1.2539069939459095,1.2149506326340307,1.4451120373604216,1.2613658923411284,1.2208250289890317,0.7990235856714984,0.6700024632285722,0.6062846816852123,0.4036438353048627,0.3473499640582108,0.2953905810866496,1.0044026374816895,0.07409253716468811,0.991729199886322,0.05117711424827576,0.9962126612663269,0.04720634967088699,1.0007712841033936,0.051374826580286026,0.9942463636398315,0.049789175391197205,1.0002954006195068,0.043361417949199677,1.0018606185913086,0.0429392084479332,1.0045874118804932,0.044482599943876266,1.0030128955841064,0.03918430581688881,1.0093976259231567,0.06175830960273743,1.0051299333572388,0.058039385825395584,1.037501335144043,0.1011238619685173,1.0321134328842163,0.10941312462091446,1.0277824401855469,0.1028774082660675,1.0214933156967163,0.10427667200565338,1.0346951484680176,0.12610562145709991,1.0279226303100586,0.12865079939365387,1.0465261936187744,0.15336236357688904,1.0407428741455078,0.1532920002937317,1.0520901679992676,0.18197177350521088,1.0459041595458984,0.17941182851791382,1.0533291101455688,0.1925019472837448,1.0540939569473267,0.188217893242836,1.0365328788757324,0.13550929725170135
2270,3,9.502905607223512e-06,3.5810940265655518,9.408945818151219,2.892219507092527,1.5168197372348389,1.5175874182907207,1.617823052073314,1.438156833732087,1.5069370563969535,1.095544445840728,0.888731567177977,0.7319902538101161,0.49390021106548626,0.4407875348555039,0.3310880914547356,1.003272294998169,0.0759686827659607,0.9912056922912598,0.05280705913901329,0.996060311794281,0.04855195805430412,1.0004851818084717,0.05216093361377716,0.9941308498382568,0.05051937699317932,0.9998726844787598,0.04379875957965851,1.0017199516296387,0.043982796370983124,1.003878116607666,0.04416032135486603,1.0022841691970825,0.03834863007068634,1.0090289115905762,0.061259448528289795,1.0048584938049316,0.05779439955949783,1.0376898050308228,0.10196366906166077,1.0320143699645996,0.11034052073955536,1.0274850130081177,0.10337234288454056,1.0218279361724854,0.10407570004463196,1.0339820384979248,0.12372767180204391,1.027190923690796,0.12623560428619385,1.0457751750946045,0.15050020813941956,1.0403755903244019,0.15051069855690002,1.0519369840621948,0.17978087067604065,1.0455257892608643,0.1767958551645279,1.053669810295105,0.19106633961200714,1.0541743040084839,0.18619027733802795,1.0351073741912842,0.1331368088722229
2290,3,9.502905607223512e-06,2.910832405090332,9.36566636980176,2.5194602332056917,1.4402788828246584,1.363400366824173,1.4967725836349801,1.2775052096062278,1.316058666277489,0.8992403876625683,0.7376429345256086,0.6299712734516737,0.44742552181396195,0.3633827631556056,0.30916313585079414,1.0051108598709106,0.07878104597330093,0.9909567832946777,0.05748549848794937,0.9958962202072144,0.05287358537316322,1.0007208585739136,0.057127248495817184,0.9938943386077881,0.05537024140357971,1.0000168085098267,0.04958506301045418,1.001405119895935,0.048755429685115814,1.0045310258865356,0.04818745702505112,1.0028384923934937,0.043001480400562286,1.009168028831482,0.06322082132101059,1.0049076080322266,0.05790889263153076,1.0374095439910889,0.09942718595266342,1.0323607921600342,0.1075650304555893,1.028080940246582,0.10151848196983337,1.0207455158233643,0.10326449573040009,1.034971833229065,0.12593889236450195,1.02803373336792,0.12866991758346558,1.0469106435775757,0.153934046626091,1.0412737131118774,0.15440377593040466,1.0518419742584229,0.1817222386598587,1.0457193851470947,0.17935948073863983,1.0534757375717163,0.19299674034118652,1.0542997121810913,0.18852069973945618,1.0364705324172974,0.13412216305732727
2280,3,9.502905607223512e-06,1.0588781833648682,8.432314017814951,2.2121115175123487,1.242176264012375,1.1978117150410172,1.4207693995213417,1.236228240785674,1.2017267977166477,0.7929114763792464,0.6615336405084875,0.6022491170835137,0.40125835289276324,0.34561732225287506,0.29282954238347786,1.0043243169784546,0.07574906200170517,0.9911882281303406,0.05371170490980148,0.9958919286727905,0.04926484078168869,1.0005626678466797,0.05331249535083771,0.9939886331558228,0.05170568823814392,0.9997819662094116,0.04539010301232338,1.0014735460281372,0.04449382424354553,1.0040030479431152,0.04467282071709633,1.0024317502975464,0.039294928312301636,1.008742332458496,0.061724621802568436,1.0047121047973633,0.05768616124987602,1.0373643636703491,0.10125119984149933,1.0319286584854126,0.10965531319379807,1.0274360179901123,0.10264891386032104,1.0216574668884277,0.10385708510875702,1.0342621803283691,0.12459425628185272,1.0273298025131226,0.1273411363363266,1.04607355594635,0.1519910991191864,1.040703296661377,0.1526312530040741,1.0519083738327026,0.18111805617809296,1.0456182956695557,0.1788216531276703,1.0536468029022217,0.19282853603363037,1.0547466278076172,0.18926919996738434,1.0362272262573242,0.13526655733585358
2300,3,9.502905607223512e-06,2.832268238067627,9.204692160393444,2.8376320997726765,1.4819144888605125,1.4391441463671142,1.6795171980505503,1.4225373340782013,1.391601627332794,0.951739141640613,0.8235233507872207,0.7127863694729792,0.5190561202739573,0.4101087290383841,0.3003942141738042,1.0037156343460083,0.0843629539012909,0.9908105731010437,0.06051957979798317,0.9954209327697754,0.055369336158037186,1.0006390810012817,0.05886925011873245,0.9936834573745728,0.05738597363233566,0.9996761083602905,0.05183420702815056,1.0011483430862427,0.05094178393483162,1.004418969154358,0.05011468753218651,1.0024335384368896,0.04511968791484833,1.0088262557983398,0.06438148021697998,1.0046204328536987,0.058597881346940994,1.0375604629516602,0.1001502126455307,1.0327836275100708,0.1086663007736206,1.0289528369903564,0.10349158197641373,1.020978569984436,0.10508320480585098,1.0356101989746094,0.12775565683841705,1.0283976793289185,0.13005806505680084,1.0476609468460083,0.15612192451953888,1.0419714450836182,0.15654608607292175,1.0520507097244263,0.18299993872642517,1.0456502437591553,0.17991675436496735,1.0535197257995605,0.1936539262533188,1.0546637773513794,0.18904736638069153,1.0364142656326294,0.13324347138404846
2290,3,9.502905607223512e-06,2.924593925476074,10.488610307141558,2.794606671534063,1.5691609527553292,1.4757738409240855,1.611940116539683,1.3789806299222864,1.3761561675133693,0.9632222566814521,0.7975344601538175,0.68807086230655,0.4847224338179821,0.3974924801435196,0.3329106774520727,1.0048357248306274,0.08070684969425201,0.990416407585144,0.06007258966565132,0.9955153465270996,0.05498548597097397,1.0005100965499878,0.059035949409008026,0.993724524974823,0.05733218789100647,0.9995359778404236,0.05152180790901184,1.0010929107666016,0.0501323938369751,1.0040658712387085,0.04808869585394859,1.0024186372756958,0.04278622195124626,1.0086276531219482,0.06291677057743073,1.004517912864685,0.057196542620658875,1.0370205640792847,0.0988987535238266,1.0319032669067383,0.10693690925836563,1.0274901390075684,0.10025320202112198,1.0206937789916992,0.1017470434308052,1.0343588590621948,0.12346486747264862,1.027167797088623,0.1262952834367752,1.0460840463638306,0.15138404071331024,1.0408474206924438,0.1524946242570877,1.0513967275619507,0.17980995774269104,1.0452083349227905,0.17784705758094788,1.0537041425704956,0.19266709685325623,1.0547529458999634,0.18893976509571075,1.0359973907470703,0.13362327218055725
2310,3,9.502905607223512e-06,2.796267509460449,9.00118928736537,2.4307317029175963,1.2836075562928264,1.2156497008212226,1.4041178619718082,1.23007575783387,1.1918303966749957,0.8345314063193705,0.6628534196026784,0.527221854839572,0.37780198436334406,0.3145418138718013,0.2535874013732064,1.0036007165908813,0.08937404304742813,0.9914242625236511,0.06422794610261917,0.9954677224159241,0.058623481541872025,1.0011969804763794,0.06237085536122322,0.9938570857048035,0.061433449387550354,1.000029444694519,0.05605165287852287,1.0011718273162842,0.055215440690517426,1.0044962167739868,0.05361993610858917,1.0021657943725586,0.04806949198246002,1.008705973625183,0.06668523699045181,1.0043799877166748,0.060204338282346725,1.0375070571899414,0.10175644606351852,1.03273606300354,0.11068098992109299,1.0292980670928955,0.10604815930128098,1.0217818021774292,0.10771661251783371,1.035973072052002,0.13044442236423492,1.028864860534668,0.13287916779518127,1.0482852458953857,0.15902495384216309,1.0425074100494385,0.15952973067760468,1.0529217720031738,0.1867046058177948,1.0462212562561035,0.18310241401195526,1.0540345907211304,0.19675837457180023,1.0553950071334839,0.19229088723659515,1.0373530387878418,0.13706454634666443
2300,3,9.502905607223512e-06,2.8071908950805664,8.850239131162338,2.6716713360684654,1.4389024490724716,1.425124912021313,1.6720414721849937,1.4312655007803134,1.3938452936970265,0.9686990349705105,0.8161405863741613,0.7096910176151532,0.5209007571632635,0.4042262963281937,0.29418669509262635,1.0034204721450806,0.08603490144014359,0.9900786876678467,0.06316272914409637,0.9951708316802979,0.05748976022005081,1.0005745887756348,0.06078625097870827,0.9936366677284241,0.05931686609983444,0.9994245171546936,0.0538623072206974,1.0009121894836426,0.05244551599025726,1.0040873289108276,0.0504448302090168,1.002004623413086,0.04508132115006447,1.008232593536377,0.0644604042172432,1.0041162967681885,0.0581270232796669,1.036934494972229,0.09919395297765732,1.0320675373077393,0.10754051059484482,1.0281612873077393,0.10167013108730316,1.020830512046814,0.10309329628944397,1.0348092317581177,0.12483956664800644,1.0273998975753784,0.12735441327095032,1.046821117401123,0.1535310000181198,1.0415465831756592,0.1546081006526947,1.0516421794891357,0.18126043677330017,1.0451500415802002,0.178748220205307,1.0539597272872925,0.19403201341629028,1.055243968963623,0.19009502232074738,1.0361300706863403,0.13366778194904327
2320,3,9.502905607223512e-06,2.65118670463562,7.150100147678122,2.3345387229126575,1.3811770041159004,1.3065292778538546,1.4478546350553712,1.2986291487451358,1.3510548239965867,0.9978776021425694,0.7192523889260076,0.5846607493832245,0.4401713866962693,0.34068659505324345,0.2811391360237987,1.0036793947219849,0.09148574620485306,0.9910755753517151,0.06649533659219742,0.9961302280426025,0.06090095266699791,1.0019868612289429,0.06528891623020172,0.9947965145111084,0.06441522389650345,1.0011476278305054,0.05996941030025482,1.0021055936813354,0.05951574072241783,1.0056320428848267,0.05891473591327667,1.0029257535934448,0.052447229623794556,1.0099345445632935,0.070319265127182,1.0053160190582275,0.06370189785957336,1.0382753610610962,0.10481104999780655,1.033372163772583,0.11472275853157043,1.029976487159729,0.11052702367305756,1.023155927658081,0.11256241798400879,1.0368045568466187,0.13568760454654694,1.0297656059265137,0.1385553926229477,1.049049735069275,0.1641661673784256,1.0432751178741455,0.1651805341243744,1.0540330410003662,0.19290141761302948,1.0473884344100952,0.1897468864917755,1.0555610656738281,0.20400370657444,1.0568662881851196,0.19874592125415802,1.039352536201477,0.14326956868171692
2310,3,9.502905607223512e-06,2.8298301696777344,8.74153464887744,2.433587573042889,1.280838791112948,1.2339315303215808,1.4174971368516662,1.22581130591922,1.168710535156603,0.8077896074696007,0.6629513279273163,0.543460891645971,0.38919051804885657,0.31817109399990695,0.2498043165842348,1.0034077167510986,0.09116320312023163,0.9905208945274353,0.06745609641075134,0.9954719543457031,0.06114703416824341,1.0012744665145874,0.06491069495677948,0.9939365983009338,0.06401275098323822,1.0000561475753784,0.05881793051958084,1.0011951923370361,0.05755988135933876,1.0044206380844116,0.0550568625330925,1.0018723011016846,0.048763521015644073,1.008374571800232,0.06756599992513657,1.0040643215179443,0.06069418787956238,1.0372165441513062,0.102048359811306,1.0323370695114136,0.11109809577465057,1.028914213180542,0.1060839295387268,1.02212655544281,0.10764976590871811,1.0353649854660034,0.12912705540657043,1.0279830694198608,0.1316869705915451,1.0475455522537231,0.15781132876873016,1.0422395467758179,0.1589629203081131,1.0528005361557007,0.1867273896932602,1.0460233688354492,0.18371042609214783,1.0550061464309692,0.1993028223514557,1.0564779043197632,0.19513441622257233,1.0375425815582275,0.13921476900577545
2330,3,9.502905607223512e-06,3.955648422241211,9.398620294023525,2.9095650615076103,1.5925568428484231,1.4977605197534913,1.6314110970146238,1.5070538344334623,1.5051150588950009,1.0830597431655247,0.84628224094837,0.6856886036999735,0.4876605319895148,0.4051415286605454,0.31169613344829206,1.004013180732727,0.08711976557970047,0.9910328984260559,0.062279779464006424,0.9964720010757446,0.057466428726911545,1.0023592710494995,0.06178182363510132,0.9948864579200745,0.06036036089062691,1.001454472541809,0.055983271449804306,1.0020859241485596,0.05581580847501755,1.0054177045822144,0.05701231211423874,1.002666711807251,0.05065196380019188,1.00944185256958,0.06937689334154129,1.0046699047088623,0.062431126832962036,1.0377018451690674,0.10213816910982132,1.032686471939087,0.1113685742020607,1.0290120840072632,0.10667501389980316,1.0221174955368042,0.1084478348493576,1.035775899887085,0.13063308596611023,1.0286831855773926,0.13309629261493683,1.0479190349578857,0.15819720923900604,1.0419515371322632,0.1587173491716385,1.0527578592300415,0.18647660315036774,1.04621160030365,0.18350522220134735,1.0553025007247925,0.1993592530488968,1.0567175149917603,0.1957806497812271,1.0376429557800293,0.13872408866882324
2320,3,9.502905607223512e-06,2.7582123279571533,6.864741401237219,2.217472925283641,1.2889786893984443,1.2301927852743741,1.365031894390268,1.2227697692361494,1.3200099966760368,0.9641713147075586,0.6839817782343635,0.5572006023138385,0.42616424999051145,0.335189607198335,0.2737439482710095,1.003645658493042,0.09334731847047806,0.9902912378311157,0.07008357346057892,0.9962940812110901,0.06371519714593887,1.002172827720642,0.0680636316537857,0.9949963092803955,0.0672355443239212,1.0014241933822632,0.06279527395963669,1.0023176670074463,0.06190227344632149,1.0056592226028442,0.060152873396873474,1.0026981830596924,0.05299575626850128,1.009549617767334,0.07119428366422653,1.0049517154693604,0.06450759619474411,1.0381879806518555,0.1057078167796135,1.0332460403442383,0.11597087979316711,1.0299580097198486,0.11156650632619858,1.0236525535583496,0.11354754120111465,1.0363723039627075,0.13519985973834991,1.029186487197876,0.138151153922081,1.0484037399291992,0.16349491477012634,1.0430763959884644,0.1650306135416031,1.0539919137954712,0.19344176352024078,1.0471829175949097,0.19077660143375397,1.056696891784668,0.2072320431470871,1.0582271814346313,0.20237630605697632,1.0396969318389893,0.14554302394390106
2340,3,9.502905607223512e-06,1.8191858530044556,9.391276318324165,2.737451879777656,1.5506429234125712,1.479304940214898,1.6747187666483585,1.4500375231909666,1.4484379544439216,0.9505140835196119,0.795903435138653,0.6380833267850806,0.4527841934405391,0.3762106693312362,0.2905872894168083,1.0042240619659424,0.08612639456987381,0.9914589524269104,0.060655657202005386,0.9969193935394287,0.05580985173583031,1.0030218362808228,0.060217227786779404,0.9953752160072327,0.05883711576461792,1.0021997690200806,0.054623767733573914,1.0023361444473267,0.05439982935786247,1.0055830478668213,0.05720951035618782,1.0026724338531494,0.0504763126373291,1.009173035621643,0.06940891593694687,1.0043376684188843,0.06210843101143837,1.0373915433883667,0.10069302469491959,1.031941533088684,0.10918321460485458,1.028067946434021,0.10395000874996185,1.0214155912399292,0.10501305013895035,1.034582257270813,0.12623123824596405,1.027563214302063,0.12844645977020264,1.0467616319656372,0.1531992107629776,1.0407116413116455,0.15352380275726318,1.0520946979522705,0.18244799971580505,1.0458215475082397,0.1801138073205948,1.0549335479736328,0.1961302012205124,1.0568145513534546,0.19478698074817657,1.0368285179138184,0.1365632265806198
2330,3,9.502905607223512e-06,3.9883921146392822,8.679087025947918,2.768475379574611,1.470869390369683,1.3816693875309323,1.4896945475133263,1.4000397620466694,1.3778225225412453,1.0223910804219598,0.8075236027921812,0.6560688348199613,0.4734245567014566,0.39580714941807765,0.2961255761552395,1.0043480396270752,0.08906356245279312,0.9905330538749695,0.06624805182218552,0.996781587600708,0.06060929223895073,1.002639889717102,0.06485600769519806,0.9953253269195557,0.06345496326684952,1.0019513368606567,0.05906548723578453,1.0026568174362183,0.05844859406352043,1.0056135654449463,0.05819646641612053,1.0027236938476562,0.05130934715270996,1.0093885660171509,0.07051478326320648,1.0046992301940918,0.06361564993858337,1.0381488800048828,0.10395511239767075,1.0330936908721924,0.11380928754806519,1.029409408569336,0.10888654738664627,1.0227919816970825,0.11050448566675186,1.0354951620101929,0.13092994689941406,1.0280563831329346,0.13337405025959015,1.0474222898483276,0.15805654227733612,1.0418192148208618,0.15890885889530182,1.0526947975158691,0.1870611011981964,1.0458792448043823,0.18440544605255127,1.05622136592865,0.20222048461437225,1.058000087738037,0.1992150992155075,1.0379619598388672,0.14069952070713043
2350,3,9.502905607223512e-06,2.069502830505371,7.929458261603222,2.453136368413889,1.4474683999055822,1.455515652816324,1.6692722468504027,1.3829604681440553,1.3925749239484815,0.8811163324908554,0.8086730942706879,0.6599262651085508,0.4853310229330749,0.39058446831268123,0.3413136022594686,1.0039002895355225,0.08325808495283127,0.9907212853431702,0.05782462656497955,0.9964607357978821,0.05312888324260712,1.002805233001709,0.05728429928421974,0.9948111176490784,0.05531006306409836,1.001678228378296,0.05048663914203644,1.0017586946487427,0.04997889697551727,1.0058294534683228,0.05368660017848015,1.0027762651443481,0.0473475307226181,1.0093536376953125,0.06749239563941956,1.004549264907837,0.06204785779118538,1.0376068353652954,0.1019814983010292,1.0320632457733154,0.11108800768852234,1.0280762910842896,0.10545121133327484,1.021774172782898,0.10617546737194061,1.0349369049072266,0.12768785655498505,1.02799391746521,0.13016286492347717,1.0467990636825562,0.1543799787759781,1.0406280755996704,0.154684916138649,1.0529072284698486,0.18474158644676208,1.0468308925628662,0.18309971690177917,1.0554890632629395,0.1985359489917755,1.0575828552246094,0.1979573518037796,1.037780523300171,0.13932771980762482
2340,3,9.502905607223512e-06,1.795654296875,8.749562912113143,2.6494582655051824,1.5225317493027049,1.465772152617847,1.6600531785935444,1.4124845957745933,1.398182433164676,0.9221663842466108,0.7650999293577605,0.6109181565326947,0.4439158247333314,0.3615968196964131,0.2833944478329264,1.0046465396881104,0.08768558502197266,0.9908737540245056,0.06461366266012192,0.997190535068512,0.05901318043470383,1.0032899379730225,0.06339807063341141,0.9957869052886963,0.06189602613449097,1.0026166439056396,0.05743977800011635,1.0029722452163696,0.056621991097927094,1.0058403015136719,0.05776439979672432,1.0028494596481323,0.050759587436914444,1.0093698501586914,0.07047680020332336,1.004715919494629,0.06341655552387238,1.0381640195846558,0.10312230885028839,1.0327098369598389,0.11238893866539001,1.0287712812423706,0.10695064812898636,1.0223182439804077,0.1078341081738472,1.0344377756118774,0.1274079829454422,1.0270730257034302,0.12956386804580688,1.046439290046692,0.1537770926952362,1.0407049655914307,0.1543760895729065,1.0521694421768188,0.18352583050727844,1.0454782247543335,0.18121066689491272,1.056091070175171,0.1996566653251648,1.0582116842269897,0.1985968053340912,1.037197470664978,0.13885217905044556
2360,3,9.502905607223512e-06,4.010669708251953,7.191903530134865,2.4019657284037894,1.3093590826722836,1.3472251616458422,1.5434756926566116,1.399332418520146,1.3266647073945252,0.9877720172336776,0.8256987165227565,0.6240208307164917,0.47714816950360045,0.4288483185395686,0.34902502851042777,1.0037031173706055,0.08311456441879272,0.9900777339935303,0.05723155662417412,0.9968481063842773,0.0530962198972702,1.0028471946716309,0.05711856484413147,0.9947879314422607,0.0549294613301754,1.0014324188232422,0.049228690564632416,1.0017132759094238,0.0489177480340004,1.0056594610214233,0.05217272788286209,1.0027984380722046,0.04665061831474304,1.0096642971038818,0.06591004878282547,1.004783034324646,0.06129271909594536,1.0375542640686035,0.1007777750492096,1.0321154594421387,0.10964120179414749,1.027672290802002,0.10301762819290161,1.0208930969238281,0.10330761224031448,1.0345287322998047,0.12446219474077225,1.0273873805999756,0.1266174465417862,1.0457758903503418,0.14989295601844788,1.039717197418213,0.14999347925186157,1.05226469039917,0.18033070862293243,1.0465260744094849,0.17909586429595947,1.0547070503234863,0.19374319911003113,1.0573185682296753,0.19504167139530182,1.0363646745681763,0.13445307314395905
2350,3,9.502905607223512e-06,2.098834991455078,8.372682829818338,2.58027028285313,1.5252915564134184,1.5642607585527983,1.800770274933208,1.4720745294230573,1.4405050803175705,0.9187402618974772,0.8444215655943272,0.691391325555147,0.5091436141420045,0.40713359046133496,0.3398615139357801,1.0035009384155273,0.08434788137674332,0.9897552132606506,0.0604592002928257,0.9964015483856201,0.05527448654174805,1.0027661323547363,0.05965840071439743,0.9949499368667603,0.05756521597504616,1.0017861127853394,0.052217576652765274,1.002123236656189,0.05078441649675369,1.0057700872421265,0.05291289836168289,1.0026218891143799,0.04675759747624397,1.0092318058013916,0.06810720264911652,1.004788875579834,0.06326097995042801,1.0382479429244995,0.1043180450797081,1.0327136516571045,0.11415035277605057,1.0286387205123901,0.1082601547241211,1.0227071046829224,0.10889792442321777,1.0347728729248047,0.12895624339580536,1.0275357961654663,0.1314505785703659,1.0465484857559204,0.15514233708381653,1.040772557258606,0.15583743155002594,1.053170084953308,0.18630148470401764,1.0465625524520874,0.18437360227108002,1.0566332340240479,0.20204433798789978,1.0590276718139648,0.20178818702697754,1.0380936861038208,0.14171312749385834
2370,3,9.502905607223512e-06,2.1236860752105713,8.237141799266059,2.777862989219068,1.478350692680348,1.4734500436538809,1.6193387655036982,1.3843788971912159,1.3806631865646097,0.9371262779450715,0.7724292228601704,0.6548799538324767,0.44666782428189106,0.39469923918515726,0.3093736231355214,1.0032111406326294,0.08330997824668884,0.9896599054336548,0.056773725897073746,0.9968554973602295,0.052511729300022125,1.0025184154510498,0.056848425418138504,0.994318425655365,0.05464302748441696,1.0008883476257324,0.048335567116737366,1.0013184547424316,0.04811062663793564,1.0050780773162842,0.051065027713775635,1.0023881196975708,0.04679097235202789,1.0097033977508545,0.06536058336496353,1.0043553113937378,0.061828967183828354,1.0371910333633423,0.10088978707790375,1.0318511724472046,0.11014195531606674,1.0278666019439697,0.10380996018648148,1.0210683345794678,0.10425961762666702,1.0349386930465698,0.12591320276260376,1.0276120901107788,0.128088116645813,1.046001672744751,0.15158723294734955,1.0400527715682983,0.15201567113399506,1.053123950958252,0.18347400426864624,1.0470398664474487,0.18245041370391846,1.054892659187317,0.19636797904968262,1.057762861251831,0.1978970617055893,1.0375455617904663,0.13803043961524963
2360,3,9.502905607223512e-06,3.963789701461792,6.568672898344529,2.2000039549880896,1.220012228104005,1.247903335599992,1.4466336675052804,1.3015412659418713,1.2245121279180042,0.898807011289213,0.7856107405369872,0.6011190106432428,0.4537054280859761,0.40039835639284027,0.3108603226501383,1.0031843185424805,0.0831434354186058,0.9890550374984741,0.05843662843108177,0.9971393942832947,0.05385138839483261,1.0032182931900024,0.05814734846353531,0.9952760934829712,0.055909235030412674,1.0017470121383667,0.04989658668637276,1.0021469593048096,0.04865104705095291,1.005415678024292,0.05073666572570801,1.0024045705795288,0.04533293470740318,1.0093485116958618,0.06621982902288437,1.0049426555633545,0.062307585030794144,1.0379340648651123,0.10275014489889145,1.0325186252593994,0.1123722717165947,1.0280011892318726,0.10550785064697266,1.0218127965927124,0.10592518746852875,1.034274935722351,0.1255957931280136,1.02693510055542,0.12795628607273102,1.0455734729766846,0.150814950466156,1.0400015115737915,0.15151359140872955,1.0527313947677612,0.18248166143894196,1.0464187860488892,0.18096362054347992,1.0561890602111816,0.19822917878627777,1.0589854717254639,0.1998474895954132,1.0369110107421875,0.13826501369476318
2380,3,9.502905607223512e-06,2.624675989151001,7.641581889788138,2.4495799856025786,1.2757838097197918,1.1990142330811482,1.4302752060461505,1.183150982851129,1.149857447475462,0.8348083963083661,0.6837080024194592,0.5543255076862675,0.3893435778640192,0.34343666552556135,0.26584824796945605,1.0029009580612183,0.0812329575419426,0.9888948202133179,0.05527002736926079,0.9968385100364685,0.050593212246894836,1.0024439096450806,0.0565904900431633,0.9938638806343079,0.0538899227976799,1.0007046461105347,0.04701419547200203,1.0007866621017456,0.046475812792778015,1.0042064189910889,0.04912291094660759,1.001662254333496,0.045896925032138824,1.009695053100586,0.06510614603757858,1.004223108291626,0.06265225261449814,1.0375432968139648,0.102292999625206,1.032158613204956,0.11182961612939835,1.0281566381454468,0.1054484024643898,1.0214320421218872,0.10593651235103607,1.0351746082305908,0.12726257741451263,1.0279027223587036,0.12942683696746826,1.0465425252914429,0.1530577838420868,1.0404565334320068,0.1532403528690338,1.0533465147018433,0.18469497561454773,1.0470291376113892,0.18350718915462494,1.0550782680511475,0.1974530816078186,1.0577932596206665,0.19808772206306458,1.0377165079116821,0.13797685503959656
2370,3,9.502905607223512e-06,2.0834081172943115,8.505236430539,2.7449931635420133,1.5130071361997919,1.5170975604264305,1.6488926857818051,1.4473777634389575,1.4231944655140127,0.9722667292513552,0.781837276214355,0.6737276158795935,0.46822994889069725,0.40734542895646975,0.31085716696208837,1.003218412399292,0.08306099474430084,0.9890052080154419,0.05798640847206116,0.9974358081817627,0.053287237882614136,1.0032540559768677,0.057807452976703644,0.9950823187828064,0.05586737021803856,1.0013114213943481,0.04936143383383751,1.0018219947814941,0.04832151532173157,1.0048691034317017,0.05023510381579399,1.001906156539917,0.04569190740585327,1.0094022750854492,0.06586804240942001,1.0044947862625122,0.06305906176567078,1.0376124382019043,0.10298968106508255,1.032292127609253,0.11300348490476608,1.0282001495361328,0.10637326538562775,1.0219929218292236,0.10699956119060516,1.0346999168395996,0.12702876329421997,1.0271536111831665,0.12929846346378326,1.045835018157959,0.15230968594551086,1.040230393409729,0.15307219326496124,1.0533380508422852,0.1847309172153473,1.0467132329940796,0.1832560896873474,1.0561223030090332,0.19968029856681824,1.0591617822647095,0.20170187950134277,1.0377882719039917,0.14081987738609314
2390,3,9.502905607223512e-06,2.2293243408203125,10.282409208220033,2.836879307654368,1.5202025461861313,1.4595486201470096,1.7155007414321917,1.5454639635312108,1.5251707894621225,1.023542419252598,0.8665439500757173,0.6197866072157487,0.4964556027455353,0.4178335297347463,0.31824626655913013,1.0041316747665405,0.07752487063407898,0.9894924759864807,0.052734293043613434,0.996975302696228,0.04863137751817703,1.0026345252990723,0.05470120906829834,0.9941296577453613,0.051714275032281876,1.001124620437622,0.043807245790958405,1.000862956047058,0.04305135831236839,1.0040491819381714,0.045347440987825394,1.0016851425170898,0.04342122748494148,1.0095851421356201,0.06289315223693848,1.0038506984710693,0.06101565062999725,1.037335991859436,0.10035961866378784,1.0319712162017822,0.10959749668836594,1.027746558189392,0.10277795046567917,1.0205254554748535,0.10297822952270508,1.0344665050506592,0.12435851246118546,1.027166724205017,0.12624451518058777,1.0460867881774902,0.15033094584941864,1.0398166179656982,0.15033939480781555,1.0528720617294312,0.1825733780860901,1.0462727546691895,0.18135575950145721,1.0545287132263184,0.1954970359802246,1.0572726726531982,0.19668936729431152,1.0375158786773682,0.1370684802532196
2380,3,9.502905607223512e-06,2.753857135772705,7.773335791099303,2.4900765418939903,1.3011673387222007,1.1976934791472371,1.4256868623593917,1.2135033272047235,1.1965362045270485,0.8400888502418027,0.6781094497694158,0.5559094549806458,0.3849562539404546,0.3406473551035213,0.26097103740572375,1.0033806562423706,0.08061522245407104,0.9883825778961182,0.056680746376514435,0.9974283576011658,0.05169606953859329,1.0032609701156616,0.05791511759161949,0.9945231676101685,0.05573499947786331,1.0010439157485962,0.048658087849617004,1.0012381076812744,0.04732828959822655,1.0041372776031494,0.04853587970137596,1.0012365579605103,0.04473961144685745,1.0094231367111206,0.06555959582328796,1.0042903423309326,0.06369337439537048,1.0378284454345703,0.10405020415782928,1.032424807548523,0.11419345438480377,1.0283828973770142,0.10745587199926376,1.0222009420394897,0.10805600136518478,1.0348409414291382,0.1278989166021347,1.0272525548934937,0.13009926676750183,1.0463215112686157,0.15334098041057587,1.0404359102249146,0.15368959307670593,1.0533443689346313,0.1851176917552948,1.0465599298477173,0.1835889220237732,1.0559879541397095,0.19969123601913452,1.0590465068817139,0.2011798769235611,1.0377092361450195,0.13971073925495148
2400,3,9.502905607223512e-06,3.045405626296997,7.942098571202079,2.3544712261820226,1.357009342764775,1.3235086740843678,1.4932549688909247,1.289036058527197,1.2370735356349405,0.8766972415557864,0.7198210636227445,0.5943971993109995,0.4521868351924366,0.3988410729733233,0.3007067074558705,1.0060304403305054,0.07731371372938156,0.9911298155784607,0.05286343768239021,0.9979902505874634,0.04913228377699852,1.0035686492919922,0.05490174889564514,0.9952194690704346,0.051919132471084595,1.0021674633026123,0.04428894817829132,1.0020380020141602,0.04406266659498215,1.0051283836364746,0.04668092355132103,1.0028810501098633,0.04474437236785889,1.0108238458633423,0.06470491737127304,1.0047523975372314,0.06347506493330002,1.0383846759796143,0.10346277058124542,1.033219575881958,0.11361975222826004,1.0284076929092407,0.10674209892749786,1.0215911865234375,0.10673624277114868,1.0351803302764893,0.1283007562160492,1.0276753902435303,0.13015271723270416,1.046839714050293,0.15426838397979736,1.0405446290969849,0.15441644191741943,1.0539196729660034,0.1870337724685669,1.0469881296157837,0.1853741556406021,1.0551400184631348,0.19932220876216888,1.057625651359558,0.1987813115119934,1.038428544998169,0.13963881134986877
2390,3,9.502905607223512e-06,2.1201841831207275,9.842117750537263,2.7733056128701907,1.4705027856770725,1.4218102663466181,1.6833342826765743,1.5090551178140892,1.4956879106250178,1.009578950039486,0.8406328021475273,0.6127523320621912,0.472363861549635,0.3979098722884873,0.318328100583127,1.004381537437439,0.07694609463214874,0.9888509511947632,0.05418796464800835,0.9974445104598999,0.0496680848300457,1.003316879272461,0.0560290589928627,0.9945530295372009,0.05369902029633522,1.0013443231582642,0.045813679695129395,1.001262903213501,0.04444047436118126,1.0038609504699707,0.04532816633582115,1.0012036561965942,0.04255901277065277,1.0091578960418701,0.06350275129079819,1.0037535429000854,0.06195411831140518,1.0374802350997925,0.10202083736658096,1.0320923328399658,0.11188247799873352,1.0280530452728271,0.10487862676382065,1.0213485956192017,0.10536649823188782,1.0342868566513062,0.12554414570331573,1.0265635251998901,0.1274571418762207,1.0458091497421265,0.1510515660047531,1.0397220849990845,0.15124915540218353,1.052968978881836,0.18374285101890564,1.0459216833114624,0.18236017227172852,1.055427074432373,0.1982625126838684,1.0587214231491089,0.20005740225315094,1.0374754667282104,0.1385795623064041
2410,3,9.502905607223512e-06,2.2372982501983643,8.880643427516285,2.723389863467887,1.4436466387864257,1.4443138945095118,1.6579968921797403,1.4552081044013712,1.4076560316978475,0.9090413585876252,0.7559975229314307,0.6280725334664506,0.49100803789754144,0.39347908765336503,0.3075871014683076,1.0053553581237793,0.08429829031229019,0.9916759729385376,0.057187605649232864,0.9985107183456421,0.053080637007951736,1.0042140483856201,0.057497553527355194,0.9958948493003845,0.054311711341142654,1.0028988122940063,0.04687057435512543,1.0030770301818848,0.04742131754755974,1.006154179573059,0.049357954412698746,1.003757119178772,0.04641621932387352,1.0113630294799805,0.06641826033592224,1.005092740058899,0.06481783092021942,1.039068579673767,0.10565581172704697,1.0337140560150146,0.11591296643018723,1.0289831161499023,0.10927075892686844,1.022254467010498,0.10927123576402664,1.0355379581451416,0.13093942403793335,1.0279561281204224,0.13282060623168945,1.047536849975586,0.15759623050689697,1.0412052869796753,0.15808597207069397,1.0549440383911133,0.19130636751651764,1.0478371381759644,0.18961621820926666,1.0558021068572998,0.2032313495874405,1.0582706928253174,0.202065572142601,1.039650321006775,0.14299608767032623
2400,3,9.502905607223512e-06,3.0974903106689453,8.341847879539172,2.3946659288652445,1.3822781516991889,1.3338747695694093,1.502415746202245,1.281701908267805,1.2321459088555224,0.8759175059843805,0.7293572558008252,0.5984924127993033,0.44662295898444865,0.38404722559110493,0.29363626149614586,1.0060200691223145,0.07831896841526031,0.9905725121498108,0.055489152669906616,0.9980778694152832,0.05122710019350052,1.0038414001464844,0.05738043412566185,0.9954243898391724,0.05509377643465996,1.00236177444458,0.04754308983683586,1.0023493766784668,0.04660419002175331,1.0048531293869019,0.047337401658296585,1.0024563074111938,0.04472685605287552,1.010584831237793,0.06524517387151718,1.0049161911010742,0.06438445299863815,1.0388611555099487,0.10522384941577911,1.0335307121276855,0.11595169454813004,1.0287787914276123,0.10878514498472214,1.0223642587661743,0.10906700789928436,1.0351717472076416,0.12962159514427185,1.027205467224121,0.13152527809143066,1.046526312828064,0.15500326454639435,1.0404125452041626,0.15517616271972656,1.0537452697753906,0.1876526176929474,1.0463502407073975,0.1858079731464386,1.0557359457015991,0.2012452781200409,1.058950662612915,0.20128445327281952,1.0381191968917847,0.13996027410030365
2420,3,9.502905607223512e-06,3.638334274291992,12.266493340408108,3.776829739183729,1.827684289914825,1.7364192331847987,2.0021105654034113,1.5688376089904699,1.5218624757442243,1.0737245922756695,0.8579460423515198,0.6492670813289417,0.4783100284157934,0.407291315363056,0.3126896603111967,1.0047938823699951,0.08992704749107361,0.991076648235321,0.06162969022989273,0.9983764886856079,0.0571184903383255,1.003986120223999,0.06164437532424927,0.9958637952804565,0.058619722723960876,1.0031471252441406,0.05157144367694855,1.0035130977630615,0.05216166004538536,1.0068715810775757,0.053364530205726624,1.004334568977356,0.04945218563079834,1.0122456550598145,0.0692329853773117,1.0060362815856934,0.06831228733062744,1.0404062271118164,0.1108577698469162,1.0349526405334473,0.12184327095746994,1.029731273651123,0.11496775597333908,1.024002194404602,0.11460907757282257,1.0364458560943604,0.13666079938411713,1.0289897918701172,0.13838891685009003,1.0482385158538818,0.1626516431570053,1.041606068611145,0.16271314024925232,1.0552488565444946,0.19510678946971893,1.0479778051376343,0.19312913715839386,1.0558743476867676,0.20635026693344116,1.0580778121948242,0.2036251574754715,1.0406047105789185,0.14690904319286346
2410,3,9.502905607223512e-06,2.2958645820617676,9.488762291388085,2.9334072766016526,1.4978167181593192,1.5188489738843916,1.7673799298234725,1.5548627113300058,1.4799002419402758,0.9619690703901898,0.7807335450108982,0.6398852975636949,0.5073377847649403,0.4045382045655809,0.31231419724998966,1.0048573017120361,0.08724714070558548,0.9907359480857849,0.06124608591198921,0.9983464479446411,0.05631615221500397,1.0042692422866821,0.06100667268037796,0.9960237741470337,0.058629099279642105,1.0032083988189697,0.05123995989561081,1.0033737421035767,0.05089760199189186,1.0057988166809082,0.050581805408000946,1.0033142566680908,0.047024212777614594,1.0111690759658813,0.06740865111351013,1.005403757095337,0.0662093311548233,1.039597749710083,0.10794532299041748,1.0342044830322266,0.11904773116111755,1.0295543670654297,0.11224041879177094,1.023376703262329,0.11283311992883682,1.0358613729476929,0.1335114687681198,1.0283162593841553,0.13559561967849731,1.047554850578308,0.1597617119550705,1.0414321422576904,0.1602558195590973,1.0548441410064697,0.1927662491798401,1.047256588935852,0.19082005321979523,1.0563488006591797,0.20564401149749756,1.0595579147338867,0.2044651061296463,1.03941810131073,0.14330370724201202
2430,3,9.502905607223512e-06,2.6261909008026123,8.143051585796098,2.5170685958425776,1.5034370193476798,1.470916090263674,1.6777842306138195,1.380762250341841,1.3296985857339443,0.8624972984602607,0.7690663390817024,0.6505375722698646,0.47988286374362443,0.4039776832366116,0.3189579371994212,1.0053374767303467,0.0936407670378685,0.991232693195343,0.0656990259885788,0.997474193572998,0.06100247800350189,1.0029375553131104,0.06520914286375046,0.9947862029075623,0.06243796646595001,1.0019724369049072,0.054902154952287674,1.0020745992660522,0.0559304803609848,1.005811333656311,0.054621465504169464,1.0029441118240356,0.05040554702281952,1.0110418796539307,0.06881895661354065,1.004645824432373,0.06628331542015076,1.039333701133728,0.10779845714569092,1.0340876579284668,0.11842268705368042,1.028908133506775,0.11131472885608673,1.0230807065963745,0.1112028956413269,1.0364352464675903,0.13481181859970093,1.0286915302276611,0.13707642257213593,1.0481237173080444,0.1613791435956955,1.041498064994812,0.16173861920833588,1.055193305015564,0.19420906901359558,1.0481019020080566,0.19252608716487885,1.0565168857574463,0.2068600356578827,1.0587784051895142,0.20524366199970245,1.0403937101364136,0.14805369079113007
2420,3,9.502905607223512e-06,3.6723222732543945,10.921285663622626,3.7873898600841844,1.9028132267921507,1.7961960567305093,2.011436540673356,1.6212391684766334,1.5430917144499512,1.0971148171459952,0.8604702291807316,0.6507555913462405,0.4708961645596279,0.4065053642931528,0.31000280631934735,1.0044411420822144,0.09159960597753525,0.990501880645752,0.06437986344099045,0.998521089553833,0.05938704311847687,1.0043079853057861,0.06399302184581757,0.9964895844459534,0.061810851097106934,1.0039010047912598,0.0551162026822567,1.0041544437408447,0.05500854551792145,1.006767749786377,0.05497131124138832,1.0042182207107544,0.050216205418109894,1.0123999118804932,0.07131030410528183,1.006752371788025,0.07130841910839081,1.0412169694900513,0.11489003151655197,1.0359876155853271,0.12730959057807922,1.0308616161346436,0.12050072103738785,1.0258255004882812,0.12093959003686905,1.0371530055999756,0.14134645462036133,1.0306369066238403,0.14340364933013916,1.0487900972366333,0.16698646545410156,1.0424410104751587,0.16711512207984924,1.0556221008300781,0.1984652727842331,1.0479135513305664,0.19614526629447937,1.0566654205322266,0.210171177983284,1.0594362020492554,0.20641300082206726,1.040583848953247,0.1474265456199646
2440,3,9.502905607223512e-06,3.556185722351074,10.057717831838604,2.816646638749068,1.5826754860794274,1.633870249860364,1.8420085563321424,1.5647781469189521,1.4921674575597916,1.0424807965469225,0.8959434077833728,0.7327321493612097,0.5456679282928254,0.46892996143926563,0.3805611787152547,1.0053598880767822,0.09391917288303375,0.9906227588653564,0.06629415601491928,0.9964012503623962,0.06142297014594078,1.0021237134933472,0.06469760835170746,0.9939191341400146,0.06175253540277481,1.0010392665863037,0.053793974220752716,1.0011411905288696,0.054825250059366226,1.0053157806396484,0.052828993648290634,1.0026129484176636,0.04886245355010033,1.0103868246078491,0.06738993525505066,1.0038270950317383,0.06330029666423798,1.0385522842407227,0.10420215874910355,1.0333361625671387,0.11402811110019684,1.0278891324996948,0.10635672509670258,1.02168607711792,0.10618970543146133,1.035754919052124,0.13011611998081207,1.0280760526657104,0.1321846842765808,1.0477217435836792,0.15706174075603485,1.041101336479187,0.15726986527442932,1.0550073385238647,0.19055670499801636,1.0481438636779785,0.188877671957016,1.0559296607971191,0.20229113101959229,1.0583555698394775,0.20192575454711914,1.0388123989105225,0.1436532586812973
2430,3,9.502905607223512e-06,2.655271530151367,8.713258639408302,2.7552527151738726,1.7070212189334677,1.5929282479490667,1.7988430012244696,1.4705052813486603,1.3910184392110871,0.9056324073633125,0.7970438252516218,0.6744142000060286,0.48795438373598127,0.40734517298998113,0.3316720183389511,1.0049748420715332,0.09547968953847885,0.9904626607894897,0.0686277374625206,0.997312605381012,0.06357309967279434,1.0029900074005127,0.06745544821023941,0.9952148199081421,0.06560372561216354,1.0024795532226562,0.05811754986643791,1.002411961555481,0.05831947550177574,1.0054905414581299,0.055260758846998215,1.0025289058685303,0.050449855625629425,1.0110373497009277,0.06947608292102814,1.0051597356796265,0.0671440064907074,1.0397695302963257,0.10891415923833847,1.0347084999084473,0.12035757303237915,1.0294657945632935,0.11283456534147263,1.0236746072769165,0.11348499357700348,1.0365355014801025,0.13545715808868408,1.028792381286621,0.1380225569009781,1.048435091972351,0.16233251988887787,1.042193055152893,0.16289527714252472,1.0555323362350464,0.1950438916683197,1.0480129718780518,0.19322548806667328,1.057123064994812,0.20829904079437256,1.0598227977752686,0.20604868233203888,1.0395780801773071,0.1457950323820114
2450,3,9.502905607223512e-06,1.4195634126663208,9.565172148122693,3.1569378945409245,1.7011548979512876,1.6862677057545858,1.8384521845446025,1.6275262258065368,1.6389665617530107,1.185203070834184,0.9954316645564993,0.7866057686723599,0.5964949250405601,0.4686962189499862,0.39550485913401406,1.0050715208053589,0.09342443943023682,0.9902724623680115,0.06551022827625275,0.9958978295326233,0.06032082438468933,1.0013587474822998,0.06429101526737213,0.9935724139213562,0.06091773882508278,1.0010827779769897,0.052991580218076706,1.0011876821517944,0.0537174791097641,1.0048871040344238,0.05164481699466705,1.0024499893188477,0.04817643389105797,1.0098850727081299,0.06692291796207428,1.0031230449676514,0.06258881092071533,1.0377895832061768,0.10322407633066177,1.0324310064315796,0.11248873919248581,1.0274096727371216,0.10485008358955383,1.0214529037475586,0.10467132180929184,1.0355055332183838,0.12877807021141052,1.0275702476501465,0.1307423710823059,1.0475267171859741,0.15604938566684723,1.0405855178833008,0.15602070093154907,1.055195927619934,0.19059421122074127,1.0479347705841064,0.1884235292673111,1.0559433698654175,0.2023112028837204,1.0584133863449097,0.20230171084403992,1.0388710498809814,0.14452455937862396
2440,3,9.502905607223512e-06,3.586427688598633,10.234551301932106,3.131306276998576,1.7949518945062932,1.8312645902732823,2.0636979810811416,1.707442499148471,1.6281313611942445,1.151582490217887,0.9522268496251713,0.7766942079820913,0.5600517256204369,0.47533452531293435,0.39550855283866576,1.0044852495193481,0.09708451479673386,0.9896348118782043,0.06967679411172867,0.996300995349884,0.06451013684272766,1.0022759437561035,0.06712672859430313,0.9942106604576111,0.06540444493293762,1.0014327764511108,0.057298414409160614,1.00126051902771,0.05751442909240723,1.0047874450683594,0.05348344147205353,1.0020060539245605,0.049015481024980545,1.0101059675216675,0.06768906861543655,1.004120111465454,0.06345831602811813,1.0386601686477661,0.10419749468564987,1.0336215496063232,0.11448468267917633,1.028122901916504,0.10620677471160889,1.021827220916748,0.10685624927282333,1.0356277227401733,0.12945643067359924,1.027913212776184,0.13194359838962555,1.048116683959961,0.1573118418455124,1.0418802499771118,0.15782120823860168,1.0554420948028564,0.19102057814598083,1.0480318069458008,0.1891067922115326,1.0567586421966553,0.2037951946258545,1.059451699256897,0.20291846990585327,1.038026213645935,0.14151009917259216
2460,3,9.502905607223512e-06,3.870656728744507,7.952752075906853,2.6210880237905503,1.3818663813953511,1.2585733077986774,1.562262964416782,1.329021061356578,1.2658802106341593,0.9595460225154129,0.8139904141745027,0.6766794488650085,0.5075999802631781,0.41042996484740735,0.3360833629765195,1.0063323974609375,0.09304293245077133,0.9903396368026733,0.06729970872402191,0.9972506761550903,0.06134095415472984,1.0025620460510254,0.06615076959133148,0.9947993159294128,0.06245443969964981,1.002633810043335,0.05531324818730354,1.0026776790618896,0.056356266140937805,1.0058748722076416,0.05470944568514824,1.0035308599472046,0.050253283232450485,1.0105162858963013,0.06854163855314255,1.0037862062454224,0.06351619958877563,1.0374795198440552,0.10299956053495407,1.0320212841033936,0.11228679120540619,1.0272718667984009,0.10527630895376205,1.0217764377593994,0.10559707880020142,1.0354641675949097,0.1294841766357422,1.0274934768676758,0.1317843198776245,1.0476738214492798,0.15750867128372192,1.0407049655914307,0.1578996479511261,1.0552126169204712,0.19220973551273346,1.0480685234069824,0.19079604744911194,1.0564519166946411,0.20527957379817963,1.0591273307800293,0.20542748272418976,1.039993166923523,0.1469377726316452
2450,3,9.502905607223512e-06,1.3393380641937256,10.002839503806157,3.084447636007614,1.6438506948560772,1.6280142091191177,1.803841851041589,1.5618883194688087,1.5694980816883113,1.1260024732385117,0.9732794700028641,0.7731511957591264,0.5763433520923098,0.4472205868663049,0.37828354298769334,1.0046277046203613,0.09494860470294952,0.9894135594367981,0.06788278371095657,0.9958661794662476,0.06258367747068405,1.0016825199127197,0.06548431515693665,0.993853747844696,0.06347882002592087,1.0013796091079712,0.05537383258342743,1.0011476278305054,0.055583979934453964,1.0042908191680908,0.05180590599775314,1.0016287565231323,0.04753096029162407,1.00925874710083,0.06682531535625458,1.0029932260513306,0.06188530847430229,1.037211537361145,0.10144923627376556,1.0322318077087402,0.11078980565071106,1.0273953676223755,0.10266154259443283,1.020969033241272,0.10336362570524216,1.0352814197540283,0.12656648457050323,1.027279019355774,0.12884674966335297,1.047817349433899,0.15492497384548187,1.0412349700927734,0.1551419347524643,1.0555826425552368,0.1898850053548813,1.047641396522522,0.18713955581188202,1.0567054748535156,0.2025456577539444,1.0592643022537231,0.202274888753891,1.0377715826034546,0.14168107509613037
2470,3,9.502905607223512e-06,3.262035846710205,10.336315016094376,2.916341003509049,1.55828721239255,1.4417314172935767,1.6398847904428775,1.4306389776471933,1.4520885422099439,1.0025289637197674,0.9191030412986294,0.7296226846166838,0.581418274932453,0.48184773908513234,0.40426942605054944,1.0062376260757446,0.09502437710762024,0.9906110763549805,0.06833073496818542,0.9973183870315552,0.06220852956175804,1.0027445554733276,0.0671544298529625,0.9947724938392639,0.06404983252286911,1.0025615692138672,0.05688071995973587,1.0025428533554077,0.05810465291142464,1.0063915252685547,0.05610887333750725,1.0035641193389893,0.0514659620821476,1.0106903314590454,0.06872130185365677,1.003935694694519,0.06290032714605331,1.0369845628738403,0.10088743269443512,1.0315660238265991,0.10996221005916595,1.0266022682189941,0.103078693151474,1.0211743116378784,0.10388576984405518,1.0356179475784302,0.12899039685726166,1.027813196182251,0.1317358911037445,1.0477200746536255,0.15747512876987457,1.0408557653427124,0.15830408036708832,1.0550466775894165,0.19214153289794922,1.0479965209960938,0.19136552512645721,1.0562028884887695,0.20545855164527893,1.0592315196990967,0.20561951398849487,1.0400830507278442,0.1464257538318634
2460,3,9.502905607223512e-06,3.870205879211426,7.874826021710296,2.51611669411047,1.3413624203930288,1.2548581331193964,1.5291853605351637,1.3299546996576834,1.2475618160536068,0.9619416058440661,0.8004411242220246,0.672842118706573,0.5003175359057973,0.4154326760296573,0.3463850561476894,1.006126046180725,0.09309401363134384,0.9899938106536865,0.06789456307888031,0.9970293045043945,0.062022726982831955,1.0029022693634033,0.06538552045822144,0.9950973987579346,0.06317003816366196,1.0028151273727417,0.05605488643050194,1.0024347305297852,0.05670681223273277,1.0052162408828735,0.05382393300533295,1.0023345947265625,0.048643678426742554,1.0094517469406128,0.06807438284158707,1.0031156539916992,0.06215166300535202,1.036320686340332,0.10025206208229065,1.031352162361145,0.10923612117767334,1.0270112752914429,0.10206647962331772,1.0210413932800293,0.10337090492248535,1.0353609323501587,0.127003014087677,1.027242660522461,0.1295914202928543,1.0480483770370483,0.15621450543403625,1.0413453578948975,0.15681146085262299,1.0557612180709839,0.19177423417568207,1.0479670763015747,0.18962329626083374,1.0571682453155518,0.2052243947982788,1.0597628355026245,0.20490384101867676,1.0388849973678589,0.14380115270614624
2480,3,9.502905607223512e-06,3.6710610389709473,7.503826917658654,2.3273749114527997,1.4640058074632178,1.3818008693809993,1.5412652017988324,1.2787642631137957,1.285742569979429,0.9377695559983624,0.7209426845497363,0.5986743139672273,0.45416052492823444,0.3694581005434395,0.2758368471060363,1.0065579414367676,0.09720463305711746,0.990276038646698,0.07112812995910645,0.9975888729095459,0.0647876113653183,1.003173828125,0.06968223303556442,0.994792640209198,0.06726514548063278,1.002321720123291,0.06047807261347771,1.00240159034729,0.06187896430492401,1.0068916082382202,0.05951254442334175,1.0039225816726685,0.05418802425265312,1.0107473134994507,0.07033900171518326,1.0041497945785522,0.0635613352060318,1.0372360944747925,0.1007070392370224,1.0318039655685425,0.10992436856031418,1.0266371965408325,0.10300546884536743,1.0209625959396362,0.10407967120409012,1.0359036922454834,0.1291239857673645,1.0279886722564697,0.13192211091518402,1.0479270219802856,0.15755267441272736,1.040998935699463,0.1584414392709732,1.0553843975067139,0.19254045188426971,1.0481103658676147,0.1916712522506714,1.0555874109268188,0.20428819954395294,1.0588754415512085,0.20441749691963196,1.0398166179656982,0.14479944109916687
2470,3,9.502905607223512e-06,3.2140541076660156,11.289032036918423,2.6833763461503293,1.4397962843318624,1.369191565156572,1.5609013091646373,1.3914874526356942,1.3920502611507586,0.9761581667442879,0.8846121564239386,0.7071302608358696,0.5570005619205872,0.4688105932040131,0.3903791505882884,1.0061701536178589,0.09541051089763641,0.9905276298522949,0.06931384652853012,0.9973085522651672,0.06312962621450424,1.003337025642395,0.06698588281869888,0.9954126477241516,0.06527788192033768,1.003186583518982,0.05849674716591835,1.0027036666870117,0.059312526136636734,1.0061436891555786,0.05624771490693092,1.0026805400848389,0.050795670598745346,1.0100148916244507,0.06910937279462814,1.0035511255264282,0.062230441719293594,1.0360711812973022,0.09902601689100266,1.0308982133865356,0.10769493877887726,1.0264880657196045,0.10097859054803848,1.0207937955856323,0.10280753672122955,1.0358011722564697,0.12786470353603363,1.0277785062789917,0.1309022754430771,1.0484669208526611,0.15770377218723297,1.04170823097229,0.15858329832553864,1.0558066368103027,0.19297616183757782,1.048086166381836,0.19115887582302094,1.0569239854812622,0.2061246931552887,1.0598912239074707,0.20584042370319366,1.0394247770309448,0.14442984759807587
