video_name,predicted_class
video_1000,32
video_100051,32
video_100065,1
video_100078,16
video_100121,20
video_100164,31
video_100187,15
video_100195,14
video_100218,10
video_100219,16
video_100237,31
video_100249,26
video_100288,31
video_100315,26
video_100347,1
video_100445,31
video_100461,20
video_100490,14
video_100530,1
video_100557,28
video_100566,5
video_100581,31
video_100599,25
video_10064,32
video_100656,1
video_100766,1
video_10077,26
video_100827,14
video_100837,31
video_100865,30
video_100879,31
video_100889,14
video_10090,15
video_100934,15
video_101005,26
video_101012,30
video_101046,26
video_101051,15
video_101062,14
video_101174,31
video_101183,1
video_101229,31
video_101240,30
video_10125,15
video_101261,14
video_101298,22
video_101370,31
video_101401,21
video_101481,14
video_101514,31
video_101532,31
video_101559,14
video_101631,15
video_101665,26
video_101697,15
video_101722,26
video_101797,2
video_101814,26
video_101828,31
video_101854,14
video_101907,31
video_101908,14
video_101913,14
video_101922,15
video_101937,31
video_101978,31
video_101988,28
video_102053,20
video_102145,5
video_102185,31
video_10221,31
video_102257,32
video_102285,28
video_102323,26
video_102327,16
video_102333,31
video_102350,15
video_102367,16
video_102379,28
video_102396,31
video_102397,31
video_102471,31
video_102482,15
video_102495,1
video_10257,26
video_102598,29
video_102607,3
video_102636,1
video_102649,31
video_102695,15
video_102703,21
video_102747,14
video_10275,31
video_102769,14
video_102770,3
video_102799,31
video_102811,31
video_102832,1
video_102833,26
video_102871,13
video_102920,14
video_10294,15
video_102950,30
video_102977,3
video_102991,16
video_102996,31
video_103017,31
video_103028,30
video_103043,16
video_103045,30
video_103064,32
video_103120,14
video_103152,26
video_103155,15
video_103189,26
video_103288,12
video_103305,16
video_10331,14
video_103381,5
video_103439,20
video_103447,14
video_103491,16
video_103495,26
video_103511,31
video_103525,30
video_103534,26
video_103593,14
video_103684,31
video_103777,15
video_103789,15
video_10381,26
video_103815,31
video_103896,31
video_103914,12
video_103917,1
video_103923,2
video_103949,31
video_103960,31
video_103999,15
video_104062,32
video_104089,15
video_104098,14
video_104180,31
video_104201,15
video_104205,31
video_104233,26
video_104277,31
video_104331,31
video_104339,15
video_104363,31
video_10438,20
video_104386,31
video_104410,20
video_104414,26
video_104416,16
video_104424,31
video_10448,28
video_104482,3
video_104488,31
video_104516,15
video_104523,14
video_10455,14
video_104560,15
video_104592,15
video_104598,20
video_104602,15
video_104636,31
video_10465,15
video_104660,14
video_104734,15
video_104737,26
video_104755,31
video_104758,16
video_104762,30
video_104876,31
video_104880,15
video_104892,31
video_1049,31
video_104943,15
video_105004,31
video_105058,31
video_105082,26
video_105133,31
video_105141,32
video_105154,31
video_105187,14
video_105204,26
video_105280,3
video_105337,15
video_105364,31
video_105485,1
video_105550,28
video_105554,16
video_105563,26
video_10565,14
video_105653,30
video_105657,31
video_105670,5
video_105674,30
video_105738,15
video_10581,5
video_105855,14
video_105876,14
video_105904,1
video_105907,26
video_105933,15
video_105980,1
video_106008,31
video_10602,31
video_106065,30
video_106066,31
video_106121,30
video_106128,22
video_106153,1
video_106158,23
video_106201,32
video_106205,26
video_106226,1
video_106234,32
video_106299,31
video_106385,14
video_106464,1
video_106569,15
video_106589,31
video_106649,26
video_106690,15
video_106695,26
video_106768,32
video_106793,1
video_106868,1
video_106893,30
video_106897,31
video_106938,14
video_106969,31
video_106981,14
video_106982,31
video_10701,1
video_107027,16
video_107049,5
video_10705,30
video_107055,14
video_107056,31
video_107093,3
video_107124,1
video_107193,30
video_107200,31
video_107210,16
video_107220,15
video_107227,31
video_107241,5
video_107290,31
video_107311,1
video_10737,14
video_107379,16
video_10741,26
video_107428,31
video_107516,20
video_107540,30
video_107541,31
video_107552,16
video_107562,16
video_107653,16
video_107665,31
video_107684,16
video_107734,1
video_107746,15
video_107764,16
video_107807,14
video_107832,15
video_107841,31
video_107842,15
video_107904,28
video_107980,23
video_107991,32
video_107994,5
video_108009,5
video_108043,31
video_108059,15
video_108060,12
video_108078,25
video_108131,15
video_108194,25
video_108207,30
video_108214,16
video_108269,28
video_108298,14
video_108340,5
video_108354,20
video_108356,25
video_108370,5
video_108405,28
video_108428,15
video_10850,30
video_108511,16
video_10852,15
video_108534,28
video_108586,1
video_108594,14
video_1086,15
video_108605,26
video_108634,26
video_108639,31
video_108689,30
video_108692,5
video_10872,15
video_108751,21
video_108775,1
video_10879,1
video_108805,1
video_10886,5
video_108882,31
video_108893,1
video_108990,31
video_109000,15
video_109069,5
video_10910,16
video_109115,14
video_109117,14
video_109182,31
video_109199,31
video_10926,4
video_109275,1
video_109301,16
video_109323,1
video_10933,16
video_109345,31
video_109368,15
video_109372,1
video_109427,1
video_109438,31
video_109473,31
video_109556,31
video_109559,15
video_109585,12
video_109674,31
video_109691,14
video_109749,15
video_109762,25
video_109769,14
video_109779,25
video_109849,15
video_109896,1
video_109942,26
video_109974,14
video_109996,3
video_11,2
video_11000,31
video_110045,15
video_110088,1
video_110097,26
video_11014,31
video_110144,16
video_110227,31
video_110265,15
video_110277,32
video_110306,30
video_11033,16
video_110357,26
video_110415,23
video_110429,31
video_110466,16
video_110538,1
video_11062,26
video_110636,5
video_110644,1
video_11065,1
video_110652,32
video_110729,14
video_110739,1
video_110771,16
video_110787,15
video_110810,15
video_110831,31
video_110834,31
video_110914,28
video_110960,26
video_110981,1
video_110984,15
video_11102,15
video_111051,5
video_111096,31
video_11110,15
video_111126,30
video_111133,1
video_111136,20
video_111139,31
video_111399,14
video_111462,28
video_111481,32
video_111485,26
video_111498,1
video_111571,15
video_111572,31
video_111577,26
video_111611,14
video_111617,31
video_111622,31
video_111669,14
video_111685,14
video_111715,5
video_111734,14
video_111760,31
video_111776,31
video_111779,21
video_111782,14
video_111865,15
video_111916,14
video_111917,5
video_111951,31
video_111956,1
video_111980,31
video_111982,30
video_11202,21
video_112036,14
video_11205,31
video_112062,15
video_11207,31
video_11208,16
video_11211,1
video_112115,28
video_112127,1
video_112138,14
video_112145,15
video_112190,15
video_112203,31
video_112219,16
video_112242,1
video_112249,32
video_112323,14
video_112355,31
video_112359,16
video_112384,28
video_112398,1
video_112439,16
video_112446,31
video_112473,15
video_112520,31
video_112526,28
video_112562,31
video_1126,31
video_112623,31
video_112625,26
video_112634,1
video_112652,14
video_112693,28
video_112700,14
video_112729,14
video_112875,32
video_112887,3
video_112888,1
video_112914,1
video_112950,26
video_112960,31
video_112973,10
video_113032,26
video_113037,14
video_113039,31
video_113118,31
video_113150,1
video_113183,1
video_1132,31
video_113218,1
video_113255,15
video_113256,14
video_113299,31
video_113310,15
video_113400,14
video_113452,1
video_113518,14
video_113546,32
video_113560,1
video_113605,16
video_113665,14
video_113671,1
video_113754,14
video_113819,25
video_113835,15
video_113841,15
video_113891,31
video_113900,15
video_113956,26
video_113967,31
video_113985,16
video_114021,10
video_11403,31
video_114051,16
video_114167,31
video_114189,1
video_114197,1
video_114208,30
video_114223,14
video_114259,22
video_114288,31
video_114292,20
video_114302,31
video_114353,15
video_114369,14
video_114388,31
video_114391,15
video_114395,26
video_114420,31
video_114464,15
video_114483,15
video_114498,31
video_114519,16
video_114531,10
video_114559,1
video_114587,31
video_114598,15
video_114604,14
video_114623,14
video_114643,28
video_114684,26
video_114713,30
video_114801,26
video_114831,26
video_114882,30
video_11489,31
video_114919,26
video_114936,15
video_114952,15
video_114963,31
video_114970,1
video_114984,31
video_115029,15
video_115065,31
video_115077,16
video_115179,12
video_115199,1
video_115298,23
video_115317,28
video_115318,31
video_115328,1
video_11534,30
video_115340,31
video_11535,12
video_115363,1
video_115366,31
video_115388,15
video_115415,15
video_115442,3
video_115466,31
video_11547,1
video_115476,16
video_11549,16
video_115537,16
video_115558,31
video_115598,5
video_115603,14
video_115695,15
video_115696,14
video_115760,14
video_115769,30
video_115785,14
video_115787,10
video_11579,15
video_115798,15
video_115801,31
video_11583,1
video_115838,3
video_115941,1
video_116039,5
video_116089,1
video_116101,31
video_11611,30
video_116187,14
video_116215,28
video_116225,31
video_11630,15
video_116408,31
video_116409,15
video_116426,14
video_11645,1
video_116505,16
video_116542,31
video_116556,31
video_11656,14
video_116577,23
video_116587,31
video_116599,14
video_116628,1
video_116649,26
video_116678,31
video_116703,16
video_116752,15
video_11685,14
video_116890,14
video_1169,30
video_116908,5
video_116937,20
video_116994,26
video_11701,15
video_117122,14
video_117176,16
video_117181,1
video_117259,30
video_117275,15
video_117365,14
video_117405,28
video_11743,15
video_117476,31
video_117496,14
video_117503,15
video_117522,31
video_117529,15
video_117542,1
video_117545,32
video_117580,16
video_117607,0
video_117632,32
video_117657,20
video_11767,5
video_117709,1
video_117737,31
video_117783,1
video_117795,31
video_117812,16
video_117834,16
video_11784,31
video_11803,14
video_118034,28
video_118050,23
video_118060,32
video_118063,15
video_118081,16
video_118098,31
video_118127,16
video_118147,31
video_11815,1
video_118157,14
video_118198,8
video_118200,5
video_118215,1
video_118226,32
video_118249,30
video_118263,31
video_118330,4
video_118334,31
video_118337,23
video_118351,16
video_118390,15
video_118453,15
video_118513,14
video_118519,15
video_118522,5
video_118534,5
video_118548,25
video_118599,1
video_118630,31
video_118659,15
video_118665,16
video_118669,15
video_118683,30
video_118754,15
video_118765,20
video_118823,15
video_11886,30
video_118866,31
video_118883,31
video_118916,14
video_118928,14
video_118951,16
video_118952,32
video_119006,10
video_11901,4
video_119011,15
video_119036,31
video_119093,16
video_11912,16
video_119127,12
video_119150,5
video_11919,26
video_119202,30
video_119221,32
video_119226,15
video_119248,31
video_119290,23
video_119299,1
video_119309,16
video_119315,15
video_119363,28
video_119385,15
video_119389,31
video_119393,22
video_119399,31
video_11941,1
video_119490,15
video_11950,31
video_119574,20
video_119577,31
video_119583,3
video_119586,14
video_119591,30
video_119618,28
video_119665,14
video_11972,15
video_119725,15
video_119738,31
video_119741,30
video_119788,16
video_119804,28
video_119876,30
video_119893,14
video_119967,30
video_11997,32
video_119996,15
video_120039,14
video_120075,14
video_120104,14
video_120118,31
video_120170,28
video_120194,31
video_120234,16
video_120236,15
video_120251,16
video_120257,15
video_120281,28
video_120304,31
video_120325,1
video_120326,31
video_120327,5
video_12036,28
video_120390,30
video_120428,31
video_12044,15
video_120449,15
video_120451,3
video_120513,14
video_120634,31
video_120717,1
video_120732,23
video_120746,14
video_120778,31
video_120792,31
video_120814,26
video_120836,31
video_12091,31
video_120958,30
video_121018,23
video_121019,32
video_121050,20
video_121082,28
video_121102,1
video_121182,14
video_121186,28
video_121207,14
video_121219,14
video_121250,16
video_121275,14
video_121278,31
video_121292,32
video_121296,15
video_121298,15
video_121307,16
video_12131,15
video_121325,10
video_121326,31
video_121380,31
video_12141,30
video_12142,31
video_121493,32
video_121514,5
video_121522,16
video_121532,14
video_121539,31
video_121550,4
video_12157,14
video_121635,30
video_121695,14
video_12170,4
video_121702,16
video_121720,15
video_121758,14
video_121771,31
video_121777,31
video_121788,31
video_121789,26
video_121820,31
video_121900,31
video_121901,31
video_122044,15
video_122080,20
video_122086,15
video_122105,15
video_122168,1
video_12217,14
video_12218,26
video_122204,31
video_122209,1
video_122217,14
video_12234,31
video_12236,28
video_122415,3
video_122422,3
video_122504,30
video_122516,31
video_12256,31
video_122572,3
video_122574,15
video_122599,11
video_12262,15
video_122649,31
video_122651,3
video_122662,31
video_122688,31
video_122710,28
video_122797,23
video_12283,12
video_122845,1
video_122846,31
video_122860,32
video_122917,1
video_123008,31
video_12302,5
video_123077,3
video_12308,26
video_123082,15
video_123090,26
video_123093,30
video_123123,14
video_123128,15
video_123138,30
video_123222,12
video_123223,14
video_123234,32
video_123242,30
video_123244,31
video_123256,31
video_12328,31
video_123313,28
video_123343,14
video_123402,28
video_123408,16
video_123435,30
video_123443,31
video_123483,20
video_123495,26
video_123545,1
video_123561,31
video_123599,31
video_12360,31
video_123643,30
video_123707,31
video_123717,4
video_123726,31
video_123732,31
video_123788,32
video_12381,31
video_123857,32
video_12393,30
video_123963,31
video_123971,31
video_124002,31
video_124018,1
video_124021,1
video_124033,30
video_124034,14
video_124077,4
video_124091,31
video_12411,31
video_124190,28
video_124252,3
video_124281,21
video_124313,15
video_124345,31
video_124366,1
video_124375,32
video_124380,4
video_12446,14
video_124469,15
video_124481,31
video_124482,15
video_124589,15
video_124592,1
video_1246,26
video_124612,14
video_12466,1
video_124723,14
video_124724,16
video_124736,26
video_124751,30
video_124818,31
video_124826,14
video_124923,30
video_124933,31
video_124980,1
video_124999,30
video_125008,2
video_125019,28
video_125028,1
video_125094,12
video_125164,31
video_125179,32
video_125203,15
video_125275,30
video_125362,15
video_125460,31
video_125492,26
video_125504,20
video_125539,31
video_125554,31
video_125561,14
video_125596,15
video_125612,32
video_125613,32
video_125665,31
video_125666,14
video_125759,30
video_125843,16
video_125876,31
video_12590,15
video_125917,31
video_126002,14
video_126005,14
video_126016,31
video_126037,28
video_126088,26
video_126118,15
video_126190,31
video_126192,30
video_126275,30
video_126354,1
video_126366,25
video_126372,15
video_126388,15
video_126391,10
video_12641,5
video_126422,5
video_126493,31
video_126527,31
video_126536,31
video_126544,15
video_126568,14
video_126579,20
video_126636,12
video_12664,4
video_126651,26
video_126714,31
video_126778,15
video_126785,14
video_126802,15
video_12683,31
video_126869,31
video_126888,31
video_126911,15
video_12694,16
video_126969,3
video_126976,14
video_126984,31
video_127095,30
video_12712,30
video_127127,26
video_127130,1
video_127302,31
video_127355,1
video_127445,31
video_127502,28
video_127541,31
video_127547,15
video_127558,28
video_1276,14
video_127614,14
video_127731,31
video_127735,31
video_127745,31
video_127808,28
video_127820,14
video_127845,16
video_127892,28
video_127898,14
video_127922,31
video_12797,30
video_127979,31
video_128000,2
video_128010,30
video_128040,1
video_128111,3
video_128134,26
video_128190,16
video_128195,31
video_128244,1
video_128274,15
video_128329,26
video_128331,28
video_128358,1
video_128366,15
video_128370,5
video_128392,14
video_128409,31
video_128414,14
video_128459,15
video_128484,15
video_128580,31
video_128590,30
video_128605,15
video_128668,15
video_128686,31
video_128689,31
video_128705,16
video_128711,14
video_128716,15
video_128723,31
video_128729,14
video_128730,26
video_128761,31
video_128770,3
video_128799,30
video_128826,15
video_128895,26
video_128901,0
video_128911,30
video_128961,31
video_128964,31
video_128973,31
video_128977,14
video_129001,1
video_12901,1
video_129059,15
video_12908,15
video_12909,15
video_129096,5
video_129128,1
video_129136,26
video_129148,15
video_129171,14
video_12918,30
video_129283,1
video_129297,31
video_1293,1
video_129370,31
video_129377,31
video_12939,31
video_129400,16
video_129401,31
video_12941,1
video_129420,31
video_129423,31
video_129451,15
video_129493,3
video_129513,26
video_129536,14
video_129546,15
video_129553,16
video_12957,14
video_129595,20
video_129597,31
video_129662,1
video_129666,5
video_12970,14
video_129708,5
video_129748,31
video_129750,26
video_129761,15
video_129772,14
video_129810,14
video_12982,30
video_129896,16
video_12991,14
video_129936,14
video_129973,1
video_13,14
video_13002,2
video_130035,1
video_13009,16
video_130148,1
video_130160,15
video_130219,15
video_130253,14
video_130265,28
video_130276,15
video_130280,5
video_130297,26
video_130314,23
video_130324,14
video_13035,28
video_130358,26
video_130360,32
video_130403,30
video_130410,5
video_130415,30
video_130447,31
video_130459,31
video_130489,32
video_13049,12
video_130495,1
video_130513,31
video_13052,1
video_130558,14
video_130565,14
video_130675,14
video_130716,15
video_130723,30
video_130766,26
video_130796,31
video_130806,31
video_130847,15
video_130864,15
video_130894,26
video_130938,16
video_130940,26
video_13104,5
video_131067,31
video_131070,14
video_131191,31
video_131201,28
video_131204,1
video_131238,1
video_131274,31
video_131286,30
video_131323,23
video_131334,31
video_131357,15
video_131364,14
video_131380,31
video_131395,26
video_13146,30
video_131463,31
video_131524,30
video_131560,16
video_131588,23
video_131680,1
video_131698,31
video_131758,30
video_131794,5
video_131814,31
video_131832,31
video_131899,31
video_131906,28
video_13193,26
video_13195,1
video_131971,31
video_132052,31
video_132056,15
video_132090,32
video_132163,31
video_132201,31
video_132228,14
video_132256,5
video_132291,14
video_132295,1
video_132357,23
video_132368,5
video_132386,1
video_132439,14
video_132445,15
video_132446,1
video_132457,32
video_132474,14
video_132537,1
video_132540,21
video_132564,10
video_132576,5
video_132586,14
video_132607,15
video_132639,31
video_132687,10
video_132709,28
video_132775,20
video_132797,3
video_132809,15
video_132831,16
video_132849,1
video_132867,30
video_13295,31
video_132985,31
video_132988,15
video_133012,10
video_133062,1
video_133075,14
video_133086,12
video_133100,21
video_133122,14
video_133128,31
video_133135,15
video_133213,1
video_133221,31
video_133228,26
video_133233,30
video_133237,15
video_133247,15
video_13330,31
video_133309,31
video_133357,31
video_133374,31
video_133379,26
video_133398,26
video_133412,20
video_133446,14
video_133464,26
video_13347,15
video_133584,15
video_133594,15
video_133633,10
video_133645,30
video_133647,31
video_133658,16
video_133685,15
video_1337,28
video_133705,23
video_133786,31
video_133818,31
video_133855,3
video_133889,32
video_13389,32
video_133895,16
video_133896,16
video_133922,28
video_133926,14
video_133956,15
video_133974,26
video_133987,31
video_134103,30
video_134112,1
video_134135,20
video_134160,32
video_134163,14
video_134202,1
video_13422,31
video_134302,1
video_134315,1
video_134327,14
video_134359,28
video_134382,31
video_134384,1
video_134395,14
video_134411,14
video_134412,1
video_134455,1
video_134495,31
video_134502,31
video_134542,26
video_134616,28
video_134619,15
video_134623,15
video_134634,31
video_134636,11
video_134643,31
video_134674,14
video_134693,31
video_134696,16
video_134705,15
video_134725,1
video_134743,10
video_134745,15
video_134771,14
video_134788,20
video_134850,32
video_134857,31
video_134858,15
video_134882,31
video_134902,31
video_134910,20
video_134912,31
video_134923,14
video_134933,3
video_134943,15
video_134965,3
video_134995,31
video_135013,31
video_135018,10
video_135037,8
video_135079,31
video_135110,1
video_135129,31
video_135189,30
video_1352,2
video_135216,3
video_135218,14
video_135220,1
video_135231,14
video_135251,15
video_135345,16
video_135366,31
video_135371,32
video_135378,3
video_135397,3
video_135408,15
video_135471,16
video_135505,15
video_135560,15
video_135576,30
video_135592,31
video_135599,31
video_135640,32
video_135681,31
video_135752,31
video_135793,26
video_135797,2
video_135804,16
video_135834,5
video_135872,23
video_135892,31
video_136013,31
video_136033,32
video_136038,14
video_136075,14
video_136083,1
video_136099,31
video_136105,3
video_13611,30
video_136117,11
video_136119,15
video_136124,31
video_13615,5
video_136203,30
video_136217,31
video_136234,31
video_136299,1
video_136316,14
video_136333,1
video_136373,20
video_136388,5
video_136430,15
video_136450,31
video_136496,31
video_136512,32
video_136525,26
video_136544,31
video_136587,14
video_136588,23
video_136674,26
video_136703,31
video_13673,0
video_136751,31
video_136752,15
video_136754,1
video_136786,15
video_136792,26
video_136796,26
video_136801,32
video_136806,4
video_13682,1
video_136847,15
video_136889,8
video_136912,14
video_136913,31
video_136915,14
video_136956,25
video_136979,15
video_136980,31
video_137036,26
video_137097,1
video_137106,10
video_13713,31
video_137158,30
video_137167,31
video_137196,26
video_137226,26
video_137289,32
video_137300,31
video_137332,26
video_137355,14
video_137366,14
video_13737,31
video_137419,1
video_137420,31
video_137463,31
video_137466,15
video_137485,31
video_137493,1
video_137524,30
video_137532,3
video_137566,15
video_137605,30
video_137615,15
video_137628,31
video_137691,28
video_137694,14
video_137738,31
video_137774,4
video_137903,1
video_137975,28
video_138039,31
video_138040,15
video_138111,14
video_138172,15
video_138234,1
video_138328,15
video_138334,31
video_138349,26
video_138401,6
video_138402,26
video_13846,31
video_138503,4
video_138511,32
video_138556,14
video_138632,12
video_138635,31
video_138641,26
video_13865,26
video_13866,1
video_138708,15
video_138776,31
video_138779,30
video_138812,30
video_138846,12
video_138851,30
video_138898,15
video_138900,31
video_138930,14
video_138940,15
video_138943,26
video_139022,31
video_139071,15
video_139078,31
video_139234,30
video_139347,26
video_139399,1
video_139403,1
video_139418,31
video_139469,31
video_139526,16
video_13957,16
video_1396,15
video_139616,31
video_139667,21
video_139668,15
video_139792,1
video_139809,32
video_139839,26
video_13987,26
video_139894,1
video_139973,15
video_139982,30
video_14000,15
video_140010,31
video_140029,21
video_140090,14
video_140107,15
video_140126,1
video_140127,31
video_140149,14
video_14015,1
video_140160,16
video_140168,26
video_140176,1
video_140182,3
video_140188,31
video_140195,1
video_140226,15
video_140251,26
video_140257,14
video_140277,31
video_140382,16
video_140457,26
video_140475,26
video_140519,14
video_140551,5
video_14058,16
video_140595,14
video_140601,20
video_140624,16
video_140676,31
video_140693,30
video_140708,31
video_140714,31
video_140764,16
video_140839,1
video_140852,30
video_140855,16
video_140869,31
video_140873,15
video_140960,31
video_14099,12
video_141000,15
video_141011,15
video_141014,26
video_141020,1
video_141033,15
video_141034,26
video_14104,30
video_141053,30
video_141079,4
video_14109,31
video_141157,4
video_141183,1
video_141258,26
video_141265,31
video_141339,31
video_141359,15
video_141393,32
video_141430,3
video_141490,15
video_141491,31
video_141518,15
video_141571,1
video_141639,30
video_14165,32
video_141654,15
video_14168,15
video_141681,1
video_141694,26
video_14174,32
video_141760,32
video_141877,16
video_141914,1
video_141931,1
video_141942,32
video_141946,30
video_141949,16
video_141985,5
video_1420,28
video_142031,14
video_142036,23
video_142057,14
video_142067,31
video_142080,16
video_142081,31
video_1421,15
video_142119,30
video_142243,26
video_142275,14
video_142311,14
video_142313,15
video_142328,32
video_142334,3
video_14237,1
video_142445,23
video_142453,5
video_142458,3
video_14246,26
video_142467,31
video_14259,1
video_142671,12
video_142756,31
video_142759,14
video_142809,15
video_142812,28
video_14284,26
video_142865,1
video_142867,21
video_142896,15
video_142899,3
video_142910,14
video_142956,28
video_14296,31
video_142988,31
video_143003,31
video_143057,26
video_143064,1
video_143068,31
video_143070,1
video_143127,31
video_143171,26
video_143172,30
video_143190,31
video_143213,20
video_143256,30
video_143347,1
video_143441,15
video_143461,30
video_143526,31
video_143547,3
video_143647,31
video_1437,31
video_143726,14
video_143735,28
video_143750,15
video_143789,4
video_143794,31
video_143798,31
video_143852,26
video_143876,3
video_143914,28
video_14392,14
video_143933,31
video_143945,16
video_143956,1
video_143965,31
video_143992,31
video_144005,28
video_144029,1
video_144048,32
video_144053,14
video_144069,23
video_144083,16
video_14414,5
video_144149,4
video_144170,1
video_144179,10
video_144184,31
video_144237,31
video_144286,31
video_144301,14
video_144333,31
video_144340,1
video_144370,1
video_144376,15
video_144394,15
video_144413,30
video_144438,25
video_144483,15
video_144491,30
video_144561,31
video_144569,15
video_14459,5
video_144632,14
video_144704,30
video_144741,31
video_144751,31
video_144777,31
video_144806,15
video_144847,31
video_14494,15
video_14495,31
video_144972,3
video_144983,31
video_145034,1
video_145077,20
video_145079,15
video_145135,31
video_145244,26
video_145248,30
video_145251,15
video_145291,14
video_1453,31
video_145356,14
video_145404,31
video_145405,15
video_145422,15
video_145477,1
video_145483,5
video_145495,31
video_1455,31
video_145539,26
video_145585,5
video_145603,15
video_145604,26
video_145650,15
video_145676,5
video_145693,26
video_145702,31
video_145800,12
video_145804,32
video_145871,31
video_145927,4
video_145997,31
video_146068,16
video_14608,31
video_146085,5
video_146166,16
video_146186,31
video_146200,31
video_14621,31
video_146233,32
video_146237,30
video_146267,14
video_14627,16
video_146293,14
video_146313,31
video_146323,31
video_146327,31
video_146372,16
video_146377,26
video_146382,15
video_146413,32
video_14642,31
video_146424,31
video_146425,1
video_146553,15
video_146555,5
video_146573,1
video_146592,14
video_146630,1
video_146634,31
video_1467,26
video_146733,15
video_146765,30
video_146778,26
video_14678,16
video_146788,28
video_146803,28
video_146862,1
video_146882,15
video_146924,14
video_146950,5
video_147005,1
video_147017,31
video_147026,25
video_1471,31
video_147174,1
video_147187,15
video_147194,1
video_147200,31
video_147290,31
video_147305,1
video_147327,31
video_147414,31
video_147423,1
video_147521,15
video_147610,30
video_147644,1
video_147663,25
video_147693,15
video_147704,26
video_147764,16
video_147911,1
video_147948,14
video_147951,32
video_147972,31
video_147996,31
video_148054,14
video_148065,31
video_148068,26
video_148202,1
video_148242,31
video_148245,16
video_148251,30
video_148252,31
video_148271,30
video_148305,16
video_148399,15
video_148465,15
video_148478,26
video_148527,31
video_148633,15
video_14864,26
video_148663,31
video_148674,31
video_148676,14
video_148759,31
video_148824,31
video_148825,30
video_148846,1
video_148857,15
video_148877,30
video_148922,15
video_148929,5
video_148934,31
video_148956,16
video_148959,30
video_149053,31
video_14907,1
video_149091,26
video_149093,15
video_149106,31
video_149125,15
video_149146,12
video_14921,15
video_149215,15
video_149226,14
video_149251,1
video_149253,14
video_149326,30
video_149340,32
video_149342,14
video_149375,26
video_149407,5
video_14943,31
video_149433,30
video_14945,5
video_149539,28
video_149602,31
video_149609,30
video_149620,1
video_149686,14
video_149690,16
video_149691,12
video_149727,30
video_149730,15
video_149746,31
video_149776,12
video_149794,32
video_149815,31
video_149850,1
video_149867,14
video_149885,15
video_149889,14
video_149933,1
video_149955,16
video_149957,16
video_149962,15
video_149982,31
video_15001,1
video_150049,14
video_150053,31
video_150114,16
video_150115,28
video_15013,20
video_150142,23
video_150152,14
video_150196,26
video_150210,16
video_150219,1
video_150231,14
video_150276,30
video_150322,31
video_150361,32
video_150372,15
video_150385,16
video_150425,20
video_150432,5
video_150446,3
video_150454,31
video_150478,31
video_150488,30
video_150546,1
video_150578,28
video_150619,31
video_150675,5
video_150679,1
video_150696,26
video_150718,1
video_150725,31
video_150727,15
video_150746,1
video_150865,15
video_150897,31
video_150908,1
video_150954,14
video_151075,10
video_151076,14
video_15109,14
video_151113,31
video_151163,31
video_151191,14
video_151209,4
video_151245,5
video_151251,31
video_151315,26
video_151325,16
video_151347,31
video_151410,3
video_151440,31
video_151470,30
video_151494,26
video_151502,8
video_151525,5
video_151557,31
video_151621,5
video_15167,26
video_151703,26
video_15171,26
video_151713,31
video_151748,14
video_151794,10
video_151817,30
video_151826,14
video_151840,31
video_151850,20
video_151890,14
video_151898,30
video_151918,31
video_151920,31
video_151966,5
video_151969,5
video_151971,14
video_151988,31
video_152014,30
video_152067,28
video_152082,16
video_152126,15
video_15214,15
video_152191,31
video_152311,31
video_152330,31
video_152332,26
video_152347,31
video_152388,26
video_152411,1
video_152433,28
video_152435,15
video_152498,31
video_152521,1
video_152568,31
video_152590,32
video_15260,31
video_152661,31
video_152764,14
video_152765,30
video_152848,1
video_152897,1
video_152901,1
video_152913,14
video_152930,26
video_15295,1
video_152962,31
video_153002,30
video_153016,14
video_153050,32
video_153093,2
video_153150,26
video_153156,32
video_153176,14
video_153206,1
video_153318,30
video_153334,30
video_153403,1
video_153406,15
video_153408,31
video_153436,31
video_153456,30
video_153472,14
video_153475,1
video_153488,31
video_15353,31
video_153616,31
video_15362,5
video_153674,15
video_153681,31
video_153737,16
video_153808,31
video_153833,14
video_153857,15
video_153933,30
video_153956,5
video_153987,16
video_153993,11
video_154021,31
video_15405,20
video_154075,31
video_154086,26
video_154102,31
video_154125,32
video_154134,1
video_154184,26
video_154235,1
video_154248,14
video_154284,31
video_15433,31
video_154408,16
video_154466,10
video_154495,15
video_154522,31
video_154538,1
video_154659,15
video_15471,32
video_154719,14
video_154725,28
video_154853,26
video_154878,30
video_154893,26
video_154901,31
video_155,31
video_15501,1
video_15502,5
video_155035,16
video_155036,1
video_155047,3
video_155074,5
video_155107,31
video_155115,31
video_155122,30
video_155219,14
video_155253,28
video_155263,32
video_155281,28
video_155318,26
video_155320,2
video_155349,31
video_15536,12
video_155393,16
video_155428,16
video_15548,3
video_155484,26
video_155507,1
video_155630,15
video_155662,1
video_155667,16
video_155698,16
video_155799,15
video_155800,26
video_155865,26
video_155867,16
video_155871,31
video_155888,14
video_155912,14
video_155944,28
video_156014,26
video_156049,14
video_156081,20
video_156111,14
video_156128,14
video_156143,31
video_156179,28
video_156215,31
video_156237,1
video_156263,20
video_156277,20
video_156314,1
video_156328,32
video_15638,5
video_156388,1
video_156389,14
video_156399,23
video_156416,31
video_156442,31
video_156448,30
video_156452,1
video_156467,31
video_156510,5
video_156513,1
video_156551,12
video_156667,31
video_156700,15
video_15671,30
video_156787,1
video_156811,14
video_156848,12
video_156861,15
video_156878,1
video_156932,1
video_156961,15
video_157007,16
video_157079,26
video_157103,10
video_157135,1
video_157153,14
video_157163,31
video_157189,30
video_157194,15
video_157295,20
video_157383,31
video_15740,31
video_157485,5
video_157558,20
video_15756,1
video_157612,26
video_157624,16
video_157677,31
video_157688,30
video_157727,20
video_157776,28
video_157791,31
video_157833,26
video_15789,31
video_158047,10
video_158139,12
video_158154,16
video_158184,26
video_158191,14
video_158202,1
video_158212,28
video_158215,20
video_158263,1
video_158302,15
video_158326,15
video_158328,31
video_158348,14
video_158350,26
video_158377,30
video_158385,14
video_158387,14
video_158424,28
video_158440,30
video_158497,31
video_158505,26
video_158566,31
video_158607,14
video_158637,1
video_158649,14
video_158657,14
video_158666,32
video_158676,14
video_158678,1
video_158712,26
video_158718,30
video_158743,16
video_158766,28
video_158780,31
video_15880,31
video_158819,1
video_158826,16
video_158836,16
video_158859,5
video_158866,26
video_15891,31
video_158998,31
video_159009,15
video_159087,1
video_159092,30
video_159139,15
video_159150,20
video_159156,30
video_159171,1
video_159173,30
video_159178,14
video_159186,16
video_159199,22
video_159218,1
video_159227,31
video_159261,15
video_159274,15
video_159292,1
video_159323,14
video_159388,1
video_159522,31
video_159545,31
video_159550,4
video_159561,31
video_159616,31
video_159633,1
video_15964,10
video_159839,26
video_159853,26
video_159861,31
video_159887,31
video_159940,1
video_159944,15
video_159955,31
video_159974,32
video_159978,31
video_159984,15
video_159985,16
video_15999,32
video_160064,31
video_16010,14
video_160118,31
video_16012,5
video_160123,28
video_160177,30
video_16018,31
video_160188,30
video_160242,26
video_160244,1
video_160248,28
video_160340,31
video_16036,15
video_160395,31
video_160516,15
video_160527,26
video_160579,15
video_160609,31
video_16061,1
video_160614,14
video_16063,31
video_160642,14
video_160654,14
video_160670,16
video_160722,31
video_160733,26
video_160740,31
video_160829,16
video_160847,31
video_160854,31
video_16086,15
video_160861,14
video_160869,15
video_160882,3
video_160889,31
video_160903,16
video_160960,31
video_16097,30
video_161019,20
video_16106,1
video_161080,32
video_161118,32
video_161122,31
video_161135,1
video_161136,31
video_161153,31
video_161198,16
video_1612,15
video_161226,12
video_161230,31
video_161261,1
video_161262,30
video_161272,1
video_161348,30
video_161391,15
video_161402,25
video_161413,16
video_161425,31
video_161445,31
video_161478,31
video_16151,16
video_161545,32
video_161565,3
video_161570,31
video_161590,31
video_161606,14
video_161612,15
video_161629,1
video_161707,26
video_161726,21
video_16177,20
video_161789,15
video_161803,15
video_161804,31
video_161827,3
video_161966,23
video_161994,26
video_162,3
video_162006,31
video_162060,30
video_162110,15
video_162157,26
video_162170,32
video_162195,14
video_162210,3
video_162216,4
video_16222,28
video_162230,26
video_162260,31
video_162279,15
video_162286,15
video_16229,14
video_162342,30
video_162355,30
video_162365,12
video_162389,26
video_162423,14
video_162434,5
video_16247,31
video_162567,32
video_162568,30
video_162577,3
video_162612,3
video_162660,31
video_162708,26
video_162725,5
video_162733,15
video_162741,31
video_162778,15
video_162815,16
video_162816,15
video_162837,15
video_162840,31
video_162847,16
video_162886,14
video_162919,31
video_162930,26
video_162935,16
video_162950,30
video_16297,30
video_163045,31
video_163102,30
video_16316,22
video_163178,31
video_163184,31
video_163209,31
video_163211,14
video_16322,15
video_163239,16
video_163274,15
video_163276,32
video_163287,15
video_163325,30
video_163356,31
video_163367,5
video_163415,14
video_163437,31
video_163451,14
video_163452,30
video_163455,31
video_163464,16
video_16347,20
video_1635,31
video_16356,10
video_163582,22
video_16360,31
video_163640,16
video_163722,31
video_163744,1
video_163812,5
video_163818,31
video_163866,15
video_163873,14
video_163882,31
video_163924,5
video_164015,15
video_164020,26
video_164033,16
video_164035,32
video_164052,30
video_164075,26
video_164091,16
video_164120,1
video_164136,14
video_16415,31
video_164268,14
video_164311,31
video_164312,14
video_164316,14
video_164333,14
video_164341,30
video_164345,30
video_164350,23
video_164409,23
video_164434,31
video_164477,31
video_164489,31
video_164506,14
video_164526,15
video_164575,1
video_164580,26
video_164591,3
video_16461,31
video_16462,30
video_16464,26
video_164689,16
video_164702,23
video_164704,31
video_16472,26
video_164738,14
video_164752,15
video_164782,5
video_164789,31
video_164822,31
video_164833,15
video_164879,15
video_164888,16
video_164899,16
video_16491,15
video_164922,5
video_164944,26
video_164949,15
video_164958,28
video_164962,31
video_164988,31
video_164992,31
video_165020,26
video_165063,31
video_165084,28
video_165089,28
video_165111,23
video_165247,15
video_16530,32
video_165314,16
video_165321,15
video_165392,26
video_165394,32
video_165439,26
video_165456,14
video_16546,15
video_165472,14
video_165473,28
video_165493,31
video_165563,5
video_165602,31
video_165633,15
video_16564,1
video_165654,31
video_165661,1
video_165721,31
video_165722,15
video_165758,14
video_165773,16
video_165777,14
video_165783,30
video_165839,30
video_165864,26
video_16590,31
video_165904,23
video_16592,1
video_165926,15
video_16594,15
video_165944,15
video_165958,32
video_16598,31
video_166051,10
video_166066,15
video_166117,26
video_166146,22
video_166155,28
video_166167,31
video_166189,16
video_166268,16
video_166279,16
video_166284,31
video_166310,32
video_166313,3
video_166391,15
video_166429,5
video_166473,15
video_166510,31
video_166516,1
video_166528,32
video_166533,1
video_166545,21
video_166594,26
video_166623,31
video_166679,14
video_166740,23
video_166747,15
video_166822,1
video_166918,15
video_16692,16
video_166928,28
video_166930,15
video_166998,5
video_167016,31
video_167087,1
video_167125,23
video_167217,1
video_167234,15
video_1673,26
video_167305,1
video_16731,26
video_167368,15
video_167375,1
video_167402,31
video_167429,32
video_167454,15
video_167467,31
video_167481,1
video_167600,15
video_167619,23
video_167673,15
video_167692,15
video_167696,4
video_167712,14
video_167724,15
video_167742,1
video_167752,1
video_167755,26
video_167757,15
video_167774,14
video_167817,1
video_167824,31
video_167902,16
video_167955,26
video_167978,1
video_168012,5
video_168026,30
video_168064,20
video_168095,23
video_1681,31
video_168139,1
video_168158,28
video_168302,28
video_168328,3
video_168399,1
video_168422,20
video_168472,31
video_168490,31
video_168665,15
video_168686,16
video_168695,32
video_168739,15
video_168759,32
video_168767,15
video_16877,1
video_168817,31
video_168830,15
video_16885,26
video_168869,3
video_168886,16
video_168895,3
video_168901,31
video_168909,14
video_168920,30
video_168925,16
video_168955,30
video_168979,14
video_16898,16
video_169008,15
video_169077,26
video_169109,15
video_169140,1
video_16915,31
video_169182,15
video_169243,1
video_169252,28
video_169282,3
video_169290,31
video_169304,15
video_169320,15
video_169340,15
video_169341,15
video_169345,31
video_169366,28
video_169407,15
video_16941,15
video_169427,30
video_169455,16
video_169486,28
video_169557,1
video_169596,1
video_16964,26
video_169680,28
video_169722,15
video_169741,3
video_169744,14
video_169752,31
video_16976,15
video_169762,31
video_169798,15
video_169823,20
video_169869,1
video_169902,31
video_169979,1
video_169988,14
video_170048,31
video_170059,26
video_170060,30
video_170072,16
video_170102,31
video_170117,32
video_170133,31
video_170201,5
video_17022,2
video_17025,22
video_170311,16
video_170348,12
video_170370,1
video_17041,12
video_170448,31
video_170473,26
video_170477,28
video_170545,16
video_170582,21
video_170589,14
video_170620,31
video_170669,3
video_170695,30
video_170697,15
video_170745,31
video_170755,3
video_17078,1
video_170825,32
video_170978,20
video_171009,31
video_171090,16
video_171120,4
video_171143,31
video_171171,4
video_171176,31
video_171197,15
video_171247,15
video_171265,20
video_171266,15
video_171314,14
video_171385,32
video_171425,16
video_171530,1
video_171532,31
video_171561,1
video_17165,1
video_171654,1
video_1717,14
video_171700,32
video_171714,31
video_171727,31
video_171735,3
video_17175,15
video_171773,20
video_171799,14
video_171840,14
video_171857,32
video_171858,32
video_171860,1
video_171902,31
video_171916,14
video_171928,15
video_171930,14
video_171943,31
video_171978,15
video_171990,16
video_172005,14
video_172016,5
video_172035,25
video_172048,31
video_172053,15
video_172065,15
video_172071,26
video_172085,1
video_172126,26
video_172137,32
video_172148,14
video_172153,26
video_172178,14
video_172210,15
video_17222,32
video_172278,16
video_172298,31
video_172311,14
video_172324,15
video_172376,31
video_172396,31
video_172441,14
video_172484,14
video_172534,31
video_172562,31
video_172593,15
video_17260,26
video_172615,5
video_17263,30
video_172659,31
video_172668,31
video_172691,26
video_172723,15
video_172806,1
video_172825,15
video_172850,30
video_172862,15
video_172875,15
video_172894,1
video_172950,14
video_172996,30
video_173004,1
video_173032,14
video_173054,16
video_17313,1
video_173138,31
video_173141,5
video_173165,14
video_17318,31
video_173213,14
video_173217,15
video_173223,16
video_173236,20
video_173271,12
video_173332,1
video_173334,31
video_173356,26
video_173381,31
video_173445,14
video_173473,15
video_173482,14
video_173493,21
video_173517,26
video_173518,14
video_17352,16
video_173543,3
video_17355,31
video_173560,15
video_17357,31
video_173583,28
video_173589,31
video_17359,22
video_173608,26
video_173636,15
video_173672,31
video_173822,1
video_173826,20
video_173830,1
video_173868,32
video_173891,14
video_173899,5
video_173935,12
video_173958,15
video_173961,31
video_173973,1
video_173976,1
video_174018,31
video_17402,26
video_174029,31
video_17403,5
video_174059,1
video_174107,32
video_17412,5
video_174161,15
video_174177,28
video_174201,31
video_174266,15
video_174278,14
video_174321,23
video_174357,3
video_174359,16
video_174368,14
video_174383,31
video_174391,31
video_174403,26
video_174408,14
video_174413,14
video_1745,30
video_174528,26
video_174601,1
video_174602,16
video_174661,31
video_174697,15
video_174701,14
video_174727,14
video_17477,26
video_174833,31
video_174848,1
video_174849,31
video_174883,14
video_174888,31
video_174910,1
video_174916,30
video_174937,15
video_174944,15
video_174968,26
video_17499,1
video_174998,3
video_175001,1
video_175042,15
video_175047,1
video_175102,15
video_175106,31
video_175134,31
video_175226,1
video_175241,1
video_175249,26
video_175262,26
video_175310,31
video_175316,32
video_175333,30
video_175351,31
video_175368,4
video_175411,0
video_175424,31
video_175433,15
video_175485,15
video_175504,26
video_175514,28
video_175523,14
video_175530,15
video_175611,15
video_175651,23
video_175773,15
video_175784,31
video_175787,1
video_175820,20
video_175893,1
video_175898,31
video_175906,31
video_175928,23
video_175943,12
video_175950,31
video_17596,1
video_176002,15
video_176044,14
video_176084,12
video_176100,32
video_17613,15
video_176138,26
video_176184,28
video_176210,1
video_176260,4
video_176279,31
video_176376,31
video_176380,16
video_176387,31
video_176394,15
video_176427,28
video_176430,10
video_176490,2
video_176526,1
video_176536,14
video_176575,15
video_176636,31
video_176646,16
video_176658,16
video_176693,14
video_17671,26
video_176751,31
video_176752,2
video_176783,26
video_176796,20
video_176812,1
video_17687,16
video_176886,32
video_176900,14
video_176985,28
video_177022,16
video_17706,16
video_177062,32
video_177121,30
video_17718,3
video_177208,10
video_177210,14
video_177232,1
video_177391,16
video_177458,1
video_177477,1
video_177504,30
video_177511,31
video_177520,1
video_177529,30
video_17755,31
video_17756,14
video_177566,31
video_177588,14
video_177605,15
video_177613,25
video_177670,26
video_177681,31
video_177692,31
video_177706,15
video_177732,14
video_177781,14
video_177792,14
video_177828,28
video_177856,14
video_177892,15
video_177914,15
video_177942,30
video_177983,31
video_178016,3
video_178030,14
video_178031,5
video_178040,15
video_178078,30
video_178092,3
video_178096,3
video_178140,14
video_178175,14
video_178180,1
video_178184,25
video_178196,30
video_178286,30
video_178303,31
video_178328,5
video_178365,26
video_178394,31
video_178412,31
video_178414,31
video_178460,14
video_178469,15
video_178498,15
video_178504,15
video_178505,26
video_178524,31
video_178532,31
video_178537,14
video_178553,31
video_178607,31
video_178614,26
video_178619,30
video_17862,15
video_178707,31
video_17871,14
video_178766,1
video_178811,26
video_178826,28
video_178881,28
video_178898,30
video_178930,31
video_178981,14
video_178997,30
video_179008,28
video_179020,31
video_179036,32
video_179052,5
video_179056,26
video_179109,31
video_179146,32
video_179236,26
video_179241,14
video_179242,31
video_179250,1
video_179258,26
video_179275,32
video_179287,26
video_179290,16
video_179291,5
video_179333,15
video_179348,26
video_179372,4
video_179374,30
video_179417,30
video_179486,16
video_179587,15
video_179591,14
video_179632,1
video_179658,31
video_179707,21
video_17975,31
video_179752,3
video_179760,3
video_179784,14
video_179826,31
video_179878,14
video_17988,10
video_179911,14
video_179919,14
video_179955,14
video_179966,30
video_179980,1
video_179984,15
video_180003,16
video_180014,28
video_180060,28
video_180064,14
video_180107,28
video_180150,14
video_180157,1
video_180181,14
video_180184,14
video_180202,15
video_180232,14
video_180282,16
video_1803,1
video_180314,30
video_180335,31
video_180415,26
video_180427,4
video_180433,5
video_180437,31
video_180441,31
video_18045,14
video_180469,26
video_180477,30
video_180506,21
video_180539,30
video_180546,14
video_180579,26
video_180748,14
video_180762,16
video_180800,26
video_180808,15
video_180813,31
video_180821,15
video_18085,30
video_180875,30
video_180926,31
video_180943,15
video_180961,31
video_180994,31
video_181005,26
video_181047,14
video_181113,31
video_181176,15
video_181201,20
video_181218,26
video_181221,30
video_18128,31
video_181308,30
video_181333,32
video_181355,31
video_181361,14
video_181395,14
video_181453,28
video_181469,30
video_181472,28
video_18149,1
video_181525,14
video_181562,1
video_181675,26
video_181700,20
video_181723,15
video_181743,1
video_181771,31
video_181780,1
video_181843,31
video_181855,32
video_181884,1
video_182010,14
video_18211,15
video_182116,15
video_182145,1
video_182213,1
video_182234,28
video_182289,15
video_18229,14
video_182308,26
video_182310,26
video_182334,14
video_182356,15
video_182409,14
video_182412,3
video_182449,16
video_182469,20
video_182499,11
video_182500,31
video_182541,28
video_182612,31
video_182624,26
video_182746,23
video_182765,31
video_182822,14
video_182872,15
video_182883,14
video_182901,1
video_182927,26
video_182931,30
video_182956,23
video_182984,31
video_182992,26
video_18304,23
video_183071,15
video_183084,31
video_183088,26
video_183127,15
video_183161,26
video_18317,31
video_18319,16
video_183213,26
video_183220,30
video_18326,30
video_183325,5
video_183360,20
video_183369,31
video_183383,14
video_183395,26
video_183419,12
video_183441,15
video_183445,14
video_183446,26
video_183476,12
video_183481,16
video_183509,31
video_183561,31
video_183562,31
video_183587,28
video_183617,16
video_183634,28
video_183647,12
video_183665,31
video_183704,1
video_183780,31
video_183785,1
video_183819,30
video_183822,15
video_183842,31
video_183857,15
video_183871,31
video_183886,14
video_183895,3
video_183896,31
video_183903,1
video_183907,31
video_183910,15
video_183918,28
video_183994,30
video_184055,15
video_184071,31
video_184076,15
video_184105,3
video_184151,14
video_184156,14
video_184217,16
video_184250,1
video_184259,30
video_184260,25
video_184299,16
video_184352,30
video_184363,5
video_184367,31
video_184542,31
video_184576,16
video_184586,26
video_184594,31
video_18464,16
video_184664,14
video_184729,5
video_184738,28
video_18474,31
video_184752,31
video_184777,31
video_184787,30
video_184839,15
video_184885,31
video_184912,1
video_184915,31
video_185172,31
video_185179,30
video_185222,1
video_185238,31
video_185254,28
video_185273,31
video_185347,5
video_185412,14
video_185433,31
video_185450,1
video_185452,1
video_18546,16
video_18549,14
video_185505,16
video_185524,14
video_185564,31
video_185623,31
video_185678,1
video_185694,31
video_185744,1
video_185750,20
video_185783,5
video_185812,15
video_185850,14
video_185859,15
video_185869,32
video_185874,30
video_185898,10
video_185911,31
video_185971,15
video_186010,32
video_186028,14
video_186047,1
video_186051,28
video_186134,31
video_186147,14
video_186174,4
video_186178,26
video_186199,1
video_186257,31
video_186306,31
video_186308,15
video_186359,20
video_186363,1
video_186377,15
video_186420,1
video_186429,31
video_18644,32
video_186486,25
video_186490,30
video_186497,5
video_186561,14
video_186581,5
video_186611,14
video_186637,30
video_186657,26
video_186812,15
video_186832,26
video_186840,28
video_186869,31
video_186981,1
video_186983,5
video_186997,15
video_187008,15
video_187019,10
video_18703,20
video_187092,14
video_187119,30
video_187123,1
video_187154,26
video_187205,10
video_187208,1
video_187259,30
video_187266,14
video_187267,31
video_187313,31
video_187333,31
video_187339,5
video_187348,1
video_187364,3
video_187367,16
video_187436,32
video_187461,4
video_187538,1
video_187545,15
video_187548,15
video_187570,4
video_18758,30
video_18762,14
video_18765,30
video_187650,5
video_187652,14
video_187725,31
video_187736,14
video_187763,31
video_187811,14
video_187826,31
video_187837,15
video_187865,31
video_187929,15
video_187945,15
video_187972,14
video_188023,31
video_188045,14
video_188098,31
video_188128,1
video_188135,5
video_188205,31
video_188210,31
video_18835,15
video_188354,15
video_188370,14
video_188380,12
video_188389,14
video_188414,1
video_188448,15
video_188456,14
video_188520,30
video_188545,15
video_188554,14
video_188565,12
video_18858,26
video_188645,31
video_188690,21
video_188736,14
video_188738,31
video_188750,31
video_188753,1
video_188807,16
video_188812,16
video_188822,1
video_18892,16
video_189004,31
video_189163,14
video_189179,1
video_189181,30
video_189253,15
video_189263,1
video_189288,1
video_189293,28
video_189299,20
video_189339,31
video_189378,26
video_189384,15
video_189415,4
video_189431,31
video_189549,31
video_189573,3
video_189612,1
video_189637,12
video_189648,15
video_189709,14
video_189724,1
video_189754,31
video_18978,32
video_18982,32
video_189826,15
video_18987,5
video_1899,15
video_189912,26
video_189922,31
video_189958,14
video_19002,14
video_190047,22
video_19008,16
video_1901,14
video_190116,14
video_190150,14
video_190160,31
video_190206,16
video_190216,31
video_190231,31
video_190240,10
video_190277,31
video_19028,31
video_190291,28
video_190308,31
video_190315,30
video_190328,1
video_190355,26
video_19037,32
video_190390,1
video_1904,28
video_190402,15
video_190418,31
video_190433,3
video_190526,1
video_190548,3
video_190550,26
video_190588,1
video_190618,31
video_190633,16
video_190635,26
video_190637,31
video_190653,1
video_190656,14
video_190736,31
video_190772,31
video_190798,21
video_190802,1
video_190813,5
video_190843,31
video_190867,15
video_190929,14
video_190979,20
video_19103,28
video_191051,15
video_191094,14
video_191103,15
video_191116,5
video_191126,31
video_191216,5
video_191252,31
video_191274,32
video_19128,23
video_191317,31
video_191372,1
video_191374,2
video_191387,30
video_1914,15
video_191478,31
video_191554,28
video_191617,4
video_191633,32
video_191655,28
video_191672,31
video_191679,5
video_191755,14
video_191794,28
video_191823,23
video_191830,14
video_19188,15
video_191886,30
video_191943,31
video_191994,30
video_192031,20
video_192042,15
video_192080,32
video_192139,15
video_192163,4
video_192176,14
video_19218,14
video_192221,14
video_192227,14
video_19224,32
video_192246,31
video_192284,1
video_192295,26
video_192340,26
video_192402,14
video_192404,14
video_192429,5
video_192444,14
video_192448,31
video_192464,30
video_192479,31
video_192497,14
video_192502,15
video_192590,1
video_192620,15
video_192646,15
video_192656,26
video_192681,30
video_192713,1
video_192742,15
video_192804,15
video_192890,15
video_192891,14
video_192911,30
video_19297,15
video_193022,31
video_193027,12
video_193039,14
video_193044,14
video_193058,30
video_193081,14
video_193094,14
video_193118,3
video_193126,31
video_19315,26
video_193158,26
video_193227,31
video_193245,32
video_193330,26
video_193339,5
video_193346,31
video_193393,31
video_193395,1
video_193427,31
video_193446,28
video_193467,15
video_193481,16
video_193539,16
video_193561,32
video_193631,14
video_19366,32
video_193665,26
video_193812,15
video_193823,31
video_193836,14
video_193881,15
video_193893,14
video_193915,31
video_193982,1
video_193990,1
video_193995,31
video_193999,14
video_194146,16
video_194177,31
video_194193,15
video_19422,16
video_19423,1
video_194259,31
video_194261,31
video_194302,16
video_194305,30
video_194362,14
video_194365,31
video_194510,1
video_194515,31
video_194572,31
video_194626,26
video_194636,31
video_194661,1
video_194665,14
video_194690,15
video_194694,3
video_1947,14
video_19470,16
video_194701,1
video_194707,20
video_194738,5
video_194752,31
video_194770,31
video_194813,10
video_194871,15
video_194910,31
video_194968,31
video_195030,31
video_195054,14
video_195069,31
video_195070,20
video_195079,32
video_195095,3
video_195137,31
video_195170,31
video_19527,31
video_19529,15
video_195291,30
video_195325,15
video_19533,28
video_195346,30
video_195361,15
video_195377,31
video_195426,31
video_195436,31
video_195512,5
video_19554,1
video_195556,32
video_195659,14
video_195687,15
video_195712,1
video_195822,1
video_195856,30
video_195862,31
video_195892,28
video_195944,23
video_195947,15
video_195973,28
video_195978,16
video_196014,31
video_196029,14
video_196071,30
video_196073,1
video_196280,28
video_196322,26
video_196338,14
video_196339,1
video_196348,31
video_196371,31
video_19638,10
video_196439,4
video_19649,32
video_196513,30
video_196518,26
video_196551,15
video_196601,15
video_196619,26
video_196634,31
video_196667,20
video_196704,14
video_196711,28
video_196727,1
video_196739,32
video_196813,15
video_196850,14
video_196873,2
video_196914,15
video_196922,14
video_197033,31
video_197035,31
video_197078,22
video_197150,2
video_197212,1
video_197218,30
video_197246,31
video_19726,14
video_197285,28
video_197304,26
video_197305,31
video_197307,15
video_197326,26
video_197460,31
video_197467,15
video_197521,31
video_197550,15
video_197567,4
video_197570,14
video_197632,31
video_197637,14
video_197638,26
video_197722,31
video_197731,14
video_197753,1
video_197781,26
video_197804,15
video_197827,15
video_197863,21
video_197893,1
video_197909,31
video_197916,1
video_19793,14
video_197932,26
video_198061,15
video_19808,31
video_198097,31
video_198135,3
video_198137,32
video_198196,14
video_19820,30
video_198255,31
video_198274,31
video_19829,28
video_198292,30
video_198305,31
video_19835,26
video_198354,31
video_198355,1
video_198358,15
video_198363,15
video_198373,16
video_198396,28
video_198398,1
video_198411,32
video_198425,16
video_198480,14
video_198532,5
video_198555,20
video_198558,1
video_198568,20
video_198627,26
video_198632,1
video_198636,26
video_198658,31
video_198721,14
video_19873,31
video_198818,5
video_198830,1
video_198895,26
video_198910,26
video_198917,14
video_198958,31
video_198960,31
video_198983,28
video_199026,32
video_199033,31
video_199053,31
video_199083,14
video_199084,15
video_199139,31
video_19914,31
video_199195,14
video_199216,26
video_199265,14
video_19930,15
video_199323,31
video_199349,14
video_199379,16
video_199407,20
video_199529,15
video_199586,31
video_199613,14
video_199686,14
video_199718,14
video_199731,30
video_199852,31
video_199859,5
video_199860,31
video_199891,16
video_1999,25
video_199914,20
video_199938,16
video_199943,14
video_199952,1
video_199954,15
video_199969,3
video_200048,10
video_200070,1
video_200135,16
video_200150,26
video_200156,28
video_200157,31
video_200171,16
video_200177,15
video_200209,31
video_200216,14
video_200228,14
video_200236,31
video_200291,12
video_200321,31
video_200326,1
video_200327,31
video_200348,31
video_200352,20
video_200385,15
video_200411,31
video_200440,30
video_200442,26
video_200463,3
video_200582,12
video_200595,14
video_200622,31
video_200624,25
video_200693,30
video_200703,31
video_200786,15
video_200802,15
video_200850,28
video_200874,15
video_200965,4
video_200969,28
video_20098,28
video_201042,31
video_201079,30
video_201095,16
video_201114,28
video_201126,14
video_201139,31
video_201153,26
video_201174,1
video_201199,32
video_201213,32
video_201222,20
video_201256,31
video_201267,26
video_201277,1
video_201291,1
video_201295,30
video_201326,31
video_201407,14
video_201444,26
video_201451,31
video_201457,21
video_201500,31
video_201503,31
video_201519,32
video_20155,14
video_201639,14
video_201652,26
video_201723,1
video_201733,1
video_201820,1
video_201856,31
video_20186,31
video_201873,14
video_201891,31
video_201905,31
video_201912,32
video_201932,15
video_201948,31
video_201955,28
video_201969,16
video_202005,1
video_202007,14
video_202035,31
video_202044,31
video_202097,23
video_202136,26
video_202161,15
video_202191,14
video_202193,5
video_202215,31
video_202223,31
video_20225,14
video_20227,0
video_202311,15
video_202387,10
video_202393,31
video_202452,1
video_2025,3
video_202515,30
video_202534,31
video_202577,26
video_202578,14
video_202593,31
video_202635,28
video_202639,15
video_202648,1
video_202666,31
video_202700,31
video_202706,31
video_202710,14
video_202739,31
video_20274,31
video_202745,1
video_202798,23
video_202894,31
video_202922,1
video_202932,32
video_202937,23
video_20297,31
video_202971,1
video_202976,28
video_20301,31
video_203022,23
video_20303,31
video_203069,31
video_203155,14
video_203178,14
video_203241,15
video_203245,28
video_203261,1
video_203264,14
video_203321,16
video_203329,31
video_203365,1
video_203386,1
video_203388,16
video_203390,21
video_203443,14
video_203446,30
video_203458,15
video_203480,1
video_203484,14
video_203486,28
video_203494,16
video_203515,26
video_203526,30
video_203557,32
video_203572,31
video_203606,31
video_203607,31
video_203674,1
video_203675,5
video_20369,15
video_203738,1
video_203812,14
video_203831,26
video_203876,12
video_203889,26
video_20392,15
video_203962,1
video_203964,15
video_203984,14
video_203987,31
video_203998,31
video_204002,31
video_204004,15
video_204020,14
video_204066,32
video_204077,15
video_204078,14
video_204091,1
video_204102,31
video_204117,31
video_204179,14
video_204195,16
video_204252,12
video_204283,1
video_204320,31
video_204363,14
video_204460,31
video_204461,31
video_204467,1
video_204510,14
video_20453,1
video_204538,12
video_20465,16
video_204653,31
video_204688,5
video_204699,31
video_204730,5
video_204745,1
video_204834,32
video_204903,3
video_204930,1
video_204975,1
video_204989,16
video_205019,26
video_205043,15
video_205052,1
video_205055,31
video_205080,31
video_205153,1
video_205157,31
video_205176,14
video_205224,30
video_205322,16
video_20541,31
video_205431,15
video_205536,15
video_205549,15
video_205579,22
video_205599,31
video_205628,26
video_205647,23
video_20566,15
video_205675,31
video_205699,26
video_205709,1
video_205711,26
video_205712,31
video_205755,15
video_205772,3
video_205808,5
video_205823,30
video_205836,31
video_205845,31
video_205879,30
video_205895,26
video_205907,32
video_205925,32
video_205929,31
video_205947,1
video_206018,31
video_206032,26
video_206087,1
video_20614,14
video_206140,14
video_206173,31
video_206196,32
video_20624,1
video_20625,26
video_206271,14
video_206277,1
video_206278,1
video_206301,14
video_20634,15
video_206352,1
video_206363,31
video_206386,31
video_206431,31
video_206458,31
video_206461,14
video_206464,30
video_206472,31
video_206543,16
video_206547,3
video_206712,1
video_206718,16
video_206777,13
video_206778,12
video_206802,15
video_206901,31
video_206908,14
video_206959,26
video_206976,31
video_2070,31
video_207006,31
video_207057,31
video_207091,15
video_207092,15
video_207203,28
video_207218,26
video_207219,26
video_207253,14
video_207293,21
video_207294,31
video_207324,12
video_20734,14
video_207371,31
video_207381,31
video_207415,30
video_207434,15
video_207463,31
video_207485,14
video_207538,31
video_207562,14
video_207631,26
video_207675,31
video_2077,31
video_207711,31
video_207743,14
video_207758,1
video_207764,31
video_207787,14
video_207788,15
video_20779,1
video_207878,32
video_207957,25
video_207958,4
video_207964,14
video_207965,31
video_207978,16
video_208,26
video_208008,15
video_20804,31
video_208053,10
video_208082,16
video_208089,14
video_208120,31
video_208140,1
video_208153,31
video_208159,26
video_208161,15
video_208164,31
video_208170,3
video_208183,14
video_208187,16
video_208239,31
video_208241,3
video_208293,26
video_208317,31
video_208319,26
video_208358,15
video_208378,26
video_208477,4
video_208480,12
video_208489,30
video_208498,31
video_208549,31
video_208583,31
video_208593,31
video_208624,12
video_208704,23
video_208756,12
video_20883,31
video_208849,1
video_208906,30
video_208986,1
video_209119,30
video_209135,26
video_209181,14
video_209211,20
video_209242,31
video_209303,30
video_209318,5
video_209333,14
video_209340,10
video_20935,20
video_209377,20
video_209390,31
video_209391,15
video_209456,3
video_209489,16
video_209527,14
video_209570,30
video_209591,26
video_209638,31
video_20966,32
video_209685,10
video_209707,14
video_209747,4
video_209793,31
video_209803,31
video_209815,16
video_209816,15
video_209822,32
video_209850,31
video_209881,28
video_209922,23
video_209927,16
video_20996,31
video_209991,15
video_210006,26
video_210015,15
video_210016,21
video_210027,11
video_210034,16
video_210086,14
video_21010,4
video_210102,15
video_210112,16
video_210148,32
video_210170,14
video_210197,14
video_210363,16
video_210377,14
video_210379,14
video_21039,5
video_210416,31
video_210420,15
video_210475,31
video_21048,31
video_210532,5
video_210540,1
video_210547,14
video_210571,20
video_21060,31
video_210622,31
video_210685,15
video_210708,32
video_210717,30
video_210792,1
video_210813,31
video_210820,1
video_210893,14
video_21092,20
video_210936,5
video_211021,16
video_211026,30
video_21103,12
video_211063,1
video_21109,5
video_211105,28
video_211147,20
video_211174,28
video_211177,30
video_211192,14
video_211214,31
video_211302,31
video_211327,26
video_211332,1
video_211388,30
video_211395,31
video_211405,31
video_211422,14
video_211576,16
video_211594,31
video_211733,31
video_211746,31
video_21188,15
video_21189,26
video_2119,15
video_211907,5
video_21196,1
video_211976,30
video_211988,3
video_212045,1
video_212077,15
video_212087,15
video_212093,5
video_212103,1
video_212108,26
video_212159,1
video_212193,4
video_212255,26
video_21227,31
video_212285,5
video_212298,28
video_212339,28
video_212385,31
video_212397,21
video_212402,15
video_21242,30
video_212433,32
video_212435,1
video_212439,30
video_212513,30
video_212641,28
video_212663,15
video_212675,1
video_212772,31
video_212849,1
video_212875,2
video_212886,14
video_212933,31
video_212962,5
video_212968,32
video_213015,15
video_213016,2
video_213054,28
video_213186,14
video_213223,31
video_21323,14
video_213248,3
video_213282,16
video_213285,14
video_213287,1
video_213303,30
video_213374,31
video_213375,1
video_213419,31
video_213445,26
video_213482,16
video_213489,10
video_213492,30
video_213494,15
video_213507,25
video_21352,31
video_213540,14
video_21356,31
video_213570,32
video_213596,31
video_213654,31
video_213706,16
video_213736,31
video_213769,23
video_213771,31
video_213789,14
video_213818,15
video_213820,14
video_213849,26
video_213852,1
video_213979,31
video_214057,14
video_214075,30
video_214079,20
video_214096,28
video_21410,15
video_21413,30
video_214143,15
video_214156,31
video_214259,31
video_214282,12
video_214298,14
video_21430,31
video_214326,32
video_21441,14
video_214474,16
video_214499,14
video_214514,15
video_214542,14
video_214547,1
video_21455,26
video_214560,5
video_214591,32
video_214627,14
video_214645,31
video_214665,31
video_214672,1
video_214683,31
video_214713,26
video_214758,31
video_214780,30
video_214812,31
video_214868,16
video_214908,15
video_21498,10
video_214986,1
video_215001,15
video_215013,26
video_215031,31
video_215037,26
video_215038,31
video_215040,15
video_215043,14
video_215073,28
video_215084,32
video_215130,31
video_21516,10
video_215175,30
video_215201,31
video_21521,5
video_215260,31
video_215267,16
video_21533,4
video_215372,5
video_215415,3
video_215420,31
video_215423,32
video_215443,15
video_215455,31
video_215483,32
video_215510,3
video_21554,31
video_215544,26
video_215567,13
video_215617,14
video_215620,28
video_21567,4
video_21577,16
video_215802,32
video_21582,14
video_215846,20
video_215877,14
video_215908,26
video_215933,14
video_215940,15
video_215982,14
video_216011,15
video_216029,31
video_216056,15
video_216061,26
video_216080,12
video_216083,1
video_216084,10
video_216228,20
video_21628,20
video_21634,15
video_216371,32
video_216490,15
video_216495,28
video_216502,14
video_216522,14
video_216581,31
video_216644,5
video_216695,14
video_216702,14
video_21671,15
video_216710,1
video_216721,25
video_216766,5
video_216805,31
video_216812,31
video_216824,26
video_216892,23
video_216916,5
video_216919,12
video_216944,31
video_216955,26
video_216957,31
video_216976,4
video_217007,1
video_217008,1
video_217010,32
video_217032,1
video_217046,31
video_21710,30
video_217101,31
video_217113,1
video_217148,25
video_217169,31
video_217175,15
video_217206,28
video_217318,15
video_217319,14
video_217323,15
video_217375,28
video_217407,31
video_217474,26
video_217532,5
video_217538,30
video_217561,15
video_217599,14
video_217654,1
video_217658,15
video_217708,16
video_217767,26
video_217773,15
video_2178,12
video_217881,31
video_217882,1
video_217884,15
video_217951,31
video_217962,31
video_218024,5
video_218160,32
video_218176,14
video_218241,32
video_21825,15
video_218279,21
video_218297,15
video_218322,16
video_218351,26
video_21836,16
video_21842,16
video_21846,12
video_218488,15
video_218519,14
video_218540,31
video_218545,31
video_218546,14
video_218600,14
video_218653,31
video_218688,31
video_218724,31
video_218734,14
video_218754,30
video_218786,1
video_218840,31
video_218855,28
video_218933,16
video_218975,31
video_218982,14
video_2190,5
video_219025,12
video_219040,15
video_219041,14
video_219061,15
video_219082,20
video_219098,5
video_219142,28
video_219143,28
video_219246,15
video_219265,26
video_219273,15
video_21929,14
video_219417,1
video_219469,14
video_219472,8
video_219496,26
video_219582,28
video_219624,1
video_219632,26
video_219686,15
video_219702,31
video_219707,31
video_219723,16
video_21980,15
video_219809,3
video_219826,30
video_219855,1
video_219862,14
video_219879,31
video_219885,30
video_219903,14
video_219945,14
video_219987,14
video_219988,31
video_22000,28
video_220002,31
video_220017,5
video_220066,14
video_220141,3
video_220180,28
video_220211,26
video_220221,8
video_220283,14
video_220348,26
video_220370,15
video_220477,15
video_220508,14
video_220549,15
video_220586,15
video_220623,12
video_22068,15
video_22069,32
video_220696,31
video_220746,14
video_220747,32
video_220770,31
video_220812,31
video_220846,23
video_22096,31
video_22120,31
video_22142,26
video_22153,28
video_22247,31
video_22248,31
video_22289,20
video_22322,14
video_22328,15
video_2238,3
video_22403,32
video_22441,23
video_22442,31
video_22445,1
video_22507,26
video_22547,30
video_22605,14
video_22626,1
video_22640,15
video_22716,1
video_22718,15
video_22749,31
video_2275,31
video_22760,31
video_22766,15
video_22770,26
video_22866,1
video_22891,26
video_22907,1
video_22945,14
video_23006,31
video_23028,1
video_23049,31
video_23056,10
video_23060,1
video_23203,1
video_23236,26
video_23237,16
video_23251,31
video_23288,31
video_23321,1
video_23405,14
video_23418,1
video_23419,31
video_23456,26
video_23467,14
video_23489,28
video_23502,15
video_23555,31
video_23557,31
video_23627,15
video_23631,31
video_23693,14
video_23725,14
video_23779,26
video_23790,32
video_23815,15
video_23824,32
video_23902,15
video_23939,31
video_23962,10
video_23964,3
video_24092,31
video_24101,10
video_24161,1
video_24214,1
video_24225,28
video_24251,16
video_24351,15
video_2439,31
video_24390,15
video_24439,14
video_24453,26
video_24510,16
video_24538,1
video_24540,31
video_24570,31
video_24607,15
video_2464,14
video_24690,25
video_24694,26
video_24713,14
video_24722,31
video_24757,1
video_24771,26
video_24810,30
video_2484,15
video_24841,31
video_24869,20
video_24901,4
video_24916,31
video_24936,31
video_2495,30
video_24953,21
video_24956,31
video_25016,16
video_25030,30
video_25054,12
video_25056,31
video_25154,31
video_2518,15
video_25263,8
video_25325,3
video_25362,31
video_25369,5
video_25390,31
video_25391,14
video_25417,15
video_25459,4
video_25460,5
video_25553,32
video_2557,5
video_25698,14
video_257,14
video_25749,14
video_25766,15
video_25767,31
video_25778,14
video_25780,14
video_25826,31
video_25856,30
video_25862,16
video_25930,14
video_25934,1
video_25936,14
video_2596,14
video_26015,31
video_26059,31
video_26069,15
video_2607,5
video_26070,14
video_26074,15
video_26100,15
video_26143,31
video_26153,31
video_26168,26
video_26194,16
video_26197,14
video_26219,31
video_26318,31
video_26363,31
video_26388,31
video_26452,15
video_2647,14
video_2651,5
video_26515,31
video_26523,31
video_26540,32
video_26566,30
video_26613,1
video_26662,31
video_26666,1
video_26686,31
video_2672,31
video_26798,31
video_26840,15
video_26882,26
video_26930,14
video_26964,31
video_2703,32
video_27075,14
video_27090,4
video_27159,5
video_2716,15
video_27182,12
video_27200,28
video_27227,14
video_27250,1
video_27261,14
video_27271,1
video_27276,21
video_27288,5
video_27289,14
video_27328,30
video_27338,14
video_27378,15
video_27385,30
video_27406,16
video_27408,31
video_27435,16
video_27443,16
video_27468,1
video_27498,30
video_2762,28
video_27671,26
video_27676,26
video_27686,31
video_27694,1
video_27696,14
video_27717,31
video_27743,15
video_27751,31
video_27764,16
video_27782,28
video_27805,15
video_27866,31
video_27871,31
video_27885,14
video_27888,32
video_27915,30
video_27931,15
video_27934,16
video_27956,12
video_27983,26
video_28001,14
video_28023,14
video_28117,31
video_28150,28
video_28171,3
video_28242,14
video_28273,15
video_28286,28
video_28291,16
video_2832,31
video_28323,16
video_28355,31
video_28367,31
video_28412,31
video_28441,16
video_28454,14
video_28506,30
video_28511,31
video_28625,21
video_28632,28
video_28637,14
video_2865,1
video_28662,1
video_28677,31
video_28680,16
video_28692,31
video_28695,1
video_28696,15
video_28726,8
video_28737,5
video_28780,1
video_28784,25
video_2881,31
video_28833,31
video_28837,28
video_28945,31
video_28950,32
video_29010,1
video_29032,31
video_29035,23
video_2905,30
video_29058,31
video_29090,1
video_29147,20
video_29158,23
video_29168,14
video_29203,1
video_29207,1
video_29248,31
video_29271,1
video_2928,30
video_29286,31
video_29388,3
video_29436,15
video_2964,14
video_29669,23
video_29685,1
video_29688,10
video_29706,1
video_29723,16
video_2973,26
video_29733,31
video_2976,15
video_29772,5
video_29786,1
video_29817,15
video_29844,26
video_29868,30
video_29877,31
video_29880,31
video_29901,31
video_29935,31
video_29940,14
video_29946,28
video_29965,31
video_30043,15
video_30044,1
video_30076,10
video_30088,14
video_30093,15
video_30101,15
video_30139,26
video_30142,14
video_30158,14
video_30164,14
video_30184,14
video_3019,16
video_30204,30
video_30232,23
video_30255,31
video_30326,28
video_30338,31
video_30342,15
video_30343,15
video_30374,31
video_30408,31
video_30425,15
video_30466,1
video_30523,31
video_30527,14
video_30528,15
video_30541,1
video_30551,3
video_30598,30
video_30643,30
video_30679,30
video_3068,20
video_3069,14
video_30732,28
video_30857,5
video_30863,30
video_30864,31
video_30865,15
video_30870,3
video_30879,14
video_30888,14
video_30924,14
video_30958,14
video_30980,3
video_30982,5
video_30996,20
video_31046,1
video_31096,5
video_31102,31
video_3117,14
video_31217,1
video_31240,14
video_31253,14
video_31283,3
video_31334,30
video_31336,16
video_31396,15
video_31446,1
video_31465,1
video_31466,31
video_31490,31
video_31505,30
video_31507,2
video_31549,6
video_31564,31
video_31611,16
video_31670,14
video_31675,5
video_31699,3
video_31743,15
video_31802,31
video_31876,31
video_31881,14
video_3189,26
video_31925,5
video_31975,14
video_32007,14
video_32150,5
video_32177,31
video_3222,15
video_32238,15
video_32255,31
video_32276,25
video_32285,31
video_32322,15
video_32393,31
video_32411,3
video_32440,20
video_32462,14
video_32473,14
video_32485,14
video_32495,26
video_32530,16
video_32535,30
video_32669,31
video_3273,31
video_32748,10
video_32798,15
video_3288,31
video_32905,32
video_32935,26
video_32936,31
video_32997,20
video_32999,15
video_33027,1
video_33077,30
video_33125,31
video_33165,12
video_33179,20
video_33214,31
video_3325,14
video_33268,1
video_33275,14
video_33318,15
video_33336,15
video_33376,31
video_33403,3
video_33410,14
video_3342,16
video_33424,1
video_33428,31
video_33460,1
video_33510,32
video_33524,32
video_33589,32
video_33596,23
video_33673,26
video_33716,31
video_33840,32
video_33850,26
video_33874,14
video_33907,26
video_3391,26
video_33912,1
video_33920,26
video_33947,5
video_33970,15
video_33979,31
video_34021,31
video_34025,31
video_3410,14
video_34115,31
video_34160,14
video_34167,31
video_34226,1
video_34227,26
video_34237,31
video_34239,30
video_34259,31
video_34321,1
video_3434,14
video_34353,15
video_34390,31
video_34397,26
video_34407,14
video_34474,1
video_34476,3
video_34513,15
video_34519,13
video_34588,32
video_3459,26
video_34591,15
video_34595,31
video_34644,16
video_34696,23
video_34711,2
video_34721,31
video_34723,16
video_3473,16
video_34734,16
video_34823,31
video_34834,12
video_34883,26
video_34964,14
video_34981,14
video_34991,16
video_35000,30
video_35045,31
video_35082,1
video_35141,14
video_35166,31
video_35182,26
video_3519,15
video_35195,31
video_35275,10
video_35358,5
video_35361,3
video_35447,30
video_35452,4
video_35460,30
video_35461,1
video_35495,28
video_355,16
video_35524,31
video_35546,5
video_35590,26
video_35647,15
video_35658,10
video_35705,15
video_35753,15
video_35854,28
video_35918,14
video_35928,30
video_35932,32
video_35942,14
video_35969,31
video_35972,14
video_35973,32
video_35984,1
video_36050,3
video_36115,14
video_36171,14
video_36313,31
video_3639,21
video_36447,31
video_36463,26
video_36472,16
video_36489,31
video_36531,10
video_36624,30
video_36638,25
video_36666,14
video_36707,31
video_36740,15
video_36756,26
video_36757,26
video_36780,26
video_36811,15
video_36817,1
video_36821,16
video_36853,15
video_36884,30
video_36902,31
video_36959,15
video_36969,31
video_37034,16
video_37041,14
video_37298,1
video_37310,31
video_37343,1
video_37384,31
video_37409,31
video_37482,25
video_3753,31
video_37547,31
video_3756,10
video_37600,31
video_37614,15
video_37628,12
video_37671,31
video_37695,30
video_37699,26
video_37711,10
video_37758,5
video_37760,4
video_37840,28
video_37852,14
video_37866,14
video_37874,14
video_37877,1
video_37961,31
video_3798,5
video_37993,1
video_37999,20
video_38067,14
video_38077,26
video_38078,31
video_38107,23
video_38126,3
video_38129,31
video_38132,15
video_38227,15
video_3824,31
video_38268,14
video_38294,10
video_38319,16
video_38320,15
video_38330,31
video_38334,14
video_38354,22
video_38360,22
video_3841,30
video_38468,30
video_38478,31
video_38480,15
video_38492,31
video_38536,1
video_38544,31
video_38582,1
video_38618,31
video_3864,31
video_38647,15
video_38652,31
video_38663,15
video_38670,31
video_38706,30
video_38739,15
video_38773,10
video_38790,28
video_38809,4
video_38812,26
video_38818,15
video_38858,31
video_38938,14
video_39058,31
video_39059,20
video_39069,26
video_39072,1
video_39114,15
video_39115,31
video_39116,15
video_39121,28
video_39149,16
video_39188,1
video_39226,31
video_39253,1
video_3926,5
video_39272,31
video_39279,5
video_39304,31
video_39340,30
video_39341,31
video_39373,0
video_39419,1
video_39428,16
video_39442,1
video_39545,31
video_3956,1
video_39571,1
video_39582,15
video_39609,14
video_39633,15
video_39649,31
video_39677,14
video_3975,28
video_3980,30
video_3981,14
video_39821,15
video_39953,1
video_400,1
video_4000,26
video_40017,25
video_40060,1
video_401,1
video_40100,14
video_40160,31
video_40188,15
video_4022,26
video_40248,30
video_40289,14
video_40300,30
video_40325,28
video_40362,32
video_40364,14
video_40429,32
video_40436,32
video_40490,26
video_40497,14
video_40508,1
video_40546,28
video_40552,16
video_40572,20
video_40687,32
video_40692,1
video_407,31
video_40762,14
video_40763,31
video_40765,15
video_40829,5
video_4085,26
video_40866,20
video_40892,4
video_40900,15
video_40943,6
video_40975,14
video_40988,12
video_41018,16
video_41092,26
video_41122,31
video_41146,15
video_41152,31
video_41164,31
video_41249,28
video_41251,30
video_41258,10
video_4127,15
video_41281,31
video_41283,15
video_41317,32
video_41451,32
video_41461,16
video_4148,15
video_41484,15
video_4149,3
video_41525,30
video_41532,28
video_41533,15
video_41562,14
video_4157,32
video_41589,32
video_41606,31
video_41751,1
video_41763,30
video_41770,31
video_41808,28
video_41905,28
video_41976,16
video_4200,20
video_42023,1
video_42099,16
video_42177,31
video_42221,14
video_42261,1
video_42270,14
video_42288,15
video_4229,31
video_42307,5
video_42364,31
video_42386,14
video_42460,26
video_42476,26
video_42525,31
video_42622,1
video_42646,31
video_42703,31
video_42711,16
video_42719,15
video_42724,28
video_42726,26
video_42757,31
video_42779,1
video_43,20
video_43003,30
video_43028,31
video_43029,4
video_43030,30
video_4304,30
video_4306,16
video_4307,14
video_43114,14
video_4315,31
video_43242,15
video_43244,28
video_43250,14
video_43339,31
video_43388,1
video_43394,20
video_43399,5
video_43402,31
video_43427,14
video_43452,26
video_43457,31
video_43485,31
video_4350,23
video_43622,12
video_43649,1
video_43667,14
video_43670,31
video_43746,1
video_43753,1
video_43762,30
video_43789,16
video_438,16
video_43897,10
video_4390,12
video_43903,15
video_43921,31
video_43947,5
video_43974,15
video_43997,16
video_43998,30
video_44001,14
video_44011,1
video_44013,26
video_44030,31
video_44062,15
video_4408,15
video_44120,28
video_44124,1
video_44178,15
video_44216,31
video_44272,15
video_4428,30
video_44384,14
video_44406,1
video_44417,28
video_4449,14
video_44490,4
video_4450,1
video_44535,26
video_44541,31
video_44569,15
video_44584,1
video_44642,26
video_44646,10
video_44654,1
video_44678,14
video_44761,14
video_44764,31
video_44779,15
video_44783,30
video_44790,14
video_44791,30
video_44805,5
video_44874,15
video_4489,1
video_44920,5
video_44944,14
video_45003,30
video_45029,28
video_45071,22
video_45101,10
video_45117,31
video_45173,15
video_45218,31
video_45245,32
video_45271,30
video_45280,28
video_45289,15
video_45296,31
video_45359,30
video_45360,26
video_45380,16
video_45407,1
video_45439,31
video_45498,31
video_45555,32
video_45576,31
video_45591,1
video_45601,14
video_4568,15
video_45798,31
video_45804,15
video_45810,31
video_45831,1
video_45832,10
video_45875,26
video_4588,15
video_45881,31
video_45924,32
video_46019,14
video_46023,26
video_46024,15
video_46047,31
video_46070,1
video_46093,1
video_46133,31
video_46152,15
video_46198,14
video_4626,26
video_46286,14
video_46340,31
video_46347,26
video_46393,31
video_46495,4
video_46499,14
video_46502,14
video_46503,16
video_46565,28
video_46570,31
video_46615,31
video_46635,28
video_46652,28
video_46656,28
video_46664,15
video_4671,31
video_46758,14
video_46759,15
video_46773,31
video_46821,30
video_46857,15
video_4688,14
video_46896,20
video_46931,31
video_46956,15
video_46959,5
video_46981,31
video_47012,16
video_47020,16
video_47048,30
video_47053,14
video_47084,26
video_47103,4
video_47178,14
video_47201,31
video_47202,15
video_47213,14
video_47228,14
video_47231,3
video_47250,31
video_47275,1
video_47287,1
video_47334,1
video_4735,26
video_47418,26
video_47448,1
video_47449,15
video_47516,3
video_47525,31
video_47543,31
video_47591,1
video_47617,1
video_47705,22
video_47719,31
video_47745,26
video_47790,1
video_47807,10
video_47874,31
video_47876,30
video_47933,31
video_47948,31
video_47967,15
video_47968,14
video_47970,16
video_47974,31
video_48000,31
video_48043,3
video_48054,1
video_48079,31
video_48116,15
video_48124,16
video_48139,14
video_48174,28
video_48232,16
video_48245,31
video_48247,14
video_48260,14
video_48285,26
video_48287,1
video_48330,30
video_48338,31
video_48365,14
video_48374,15
video_4842,23
video_48447,31
video_48463,1
video_48471,14
video_48496,1
video_48529,15
video_48543,14
video_48546,31
video_48557,31
video_48571,32
video_48576,31
video_48616,31
video_48683,26
video_48719,15
video_48729,14
video_4873,1
video_48804,31
video_48834,1
video_48925,26
video_49011,31
video_4905,15
video_49067,20
video_4915,26
video_49218,31
video_4928,16
video_49296,31
video_49328,31
video_49361,14
video_4950,1
video_49512,14
video_49513,15
video_49531,31
video_49535,10
video_49575,31
video_49618,14
video_49621,14
video_49628,14
video_49685,16
video_49732,15
video_49736,26
video_498,31
video_4988,15
video_49928,30
video_50049,26
video_50057,31
video_50058,1
video_50060,1
video_50062,16
video_50101,31
video_5011,31
video_50119,31
video_50130,3
video_50145,15
video_50161,30
video_50176,31
video_50209,31
video_50248,14
video_50255,1
video_50287,31
video_50314,26
video_50357,5
video_50407,6
video_50442,31
video_5061,31
video_50611,31
video_50622,31
video_50684,20
video_50685,1
video_50687,26
video_50714,26
video_50761,31
video_50768,32
video_50778,14
video_50801,15
video_50809,14
video_50813,16
video_50819,3
video_50827,15
video_50861,31
video_50898,15
video_50948,31
video_50960,5
video_50979,32
video_51001,31
video_51006,1
video_51086,31
video_51154,31
video_51161,31
video_51182,15
video_51235,15
video_51293,10
video_51326,1
video_51341,15
video_51344,31
video_51377,16
video_51447,4
video_51471,23
video_51603,26
video_51612,16
video_51643,16
video_51665,1
video_51667,15
video_51680,16
video_51699,21
video_51735,15
video_51827,28
video_51840,26
video_5185,15
video_51878,26
video_51887,30
video_51894,15
video_51964,16
video_51980,15
video_51987,15
video_52006,1
video_52011,16
video_52012,15
video_52021,31
video_52030,1
video_52033,10
video_5204,20
video_52045,25
video_52110,28
video_52116,20
video_52123,16
video_52126,31
video_52177,32
video_52227,14
video_52282,1
video_52291,14
video_52389,5
video_52429,10
video_52434,25
video_52459,20
video_52471,31
video_52473,31
video_52476,1
video_52588,15
video_5274,1
video_5290,15
video_52959,20
video_52964,23
video_52988,30
video_53118,20
video_5312,31
video_53228,4
video_53265,31
video_5329,31
video_5332,14
video_53328,31
video_53383,5
video_53389,15
video_53400,20
video_53428,30
video_53439,15
video_53449,15
video_53450,30
video_53486,31
video_53513,15
video_53516,15
video_53517,31
video_53563,16
video_5359,31
video_53632,15
video_53669,31
video_53704,14
video_53732,14
video_53767,26
video_53831,30
video_5386,1
video_53876,5
video_53892,16
video_53894,3
video_53910,14
video_53914,5
video_53991,28
video_54035,14
video_54055,15
video_54151,30
video_5418,30
video_54197,26
video_54255,12
video_54317,14
video_54345,3
video_54369,26
video_54381,15
video_54395,15
video_54408,28
video_54411,31
video_54448,1
video_54498,1
video_54532,14
video_54760,31
video_54774,4
video_54902,30
video_54910,14
video_54927,16
video_54948,14
video_5496,28
video_550,32
video_55005,1
video_55021,26
video_5506,31
video_55215,31
video_55223,26
video_55237,14
video_55249,28
video_55277,28
video_55279,31
video_55298,28
video_55312,26
video_55324,12
video_55327,10
video_55344,30
video_55514,28
video_55517,30
video_55547,1
video_5557,1
video_55593,1
video_55630,31
video_55692,31
video_55746,14
video_55751,14
video_55772,31
video_55785,14
video_55816,23
video_55822,14
video_5583,14
video_55830,16
video_5584,14
video_55843,14
video_55845,31
video_55853,15
video_5586,31
video_55876,31
video_55887,31
video_55892,5
video_5592,14
video_56009,15
video_5601,31
video_56016,30
video_5607,14
video_56082,26
video_56096,26
video_56139,29
video_56153,16
video_56172,31
video_56174,14
video_56176,4
video_5619,31
video_56198,5
video_56209,1
video_56217,31
video_56218,16
video_56242,14
video_56246,14
video_56253,1
video_56338,14
video_56358,32
video_56365,14
video_56375,14
video_56377,26
video_56390,14
video_56416,14
video_56448,1
video_56450,31
video_56459,5
video_56460,4
video_56474,14
video_56556,16
video_56574,14
video_56600,1
video_56662,16
video_56665,14
video_56745,30
video_56746,28
video_56753,1
video_56756,4
video_5683,15
video_56878,31
video_56921,16
video_56998,1
video_57008,1
video_57058,23
video_57064,31
video_57101,14
video_57117,15
video_57166,16
video_57168,31
video_57171,14
video_57187,14
video_57253,12
video_57275,20
video_57308,14
video_5731,30
video_57349,14
video_57361,31
video_57376,14
video_57416,16
video_57422,14
video_57443,15
video_57538,31
video_57568,1
video_57584,26
video_57591,15
video_57616,23
video_57623,31
video_5763,32
video_57632,5
video_57648,30
video_5768,31
video_57700,31
video_57769,31
video_57789,20
video_57817,31
video_57839,31
video_5784,20
video_57893,28
video_57954,16
video_57968,31
video_57987,4
video_58087,26
video_5809,31
video_58103,15
video_58117,16
video_58153,15
video_58219,31
video_58318,32
video_58333,26
video_58334,15
video_58364,1
video_58421,26
video_58454,26
video_58516,30
video_58518,3
video_58529,31
video_58534,15
video_58670,26
video_58701,12
video_58719,1
video_58731,25
video_58743,15
video_58746,31
video_58798,31
video_58799,31
video_588,20
video_58882,16
video_58885,5
video_58998,15
video_59000,23
video_59016,16
video_59025,26
video_59032,14
video_59118,31
video_59119,31
video_59155,31
video_59157,14
video_5917,31
video_59178,31
video_59196,5
video_59228,30
video_59251,31
video_59265,14
video_59292,30
video_59314,31
video_59317,15
video_59346,14
video_59394,16
video_59402,14
video_59463,14
video_59496,14
video_59518,14
video_59519,14
video_59561,31
video_596,30
video_59604,31
video_59608,4
video_59609,28
video_59653,1
video_59677,5
video_59747,1
video_59877,31
video_59914,5
video_59928,31
video_59963,14
video_59980,28
video_59997,31
video_60054,15
video_60061,31
video_60080,1
video_60146,1
video_60161,14
video_60190,31
video_60211,15
video_6027,1
video_60319,1
video_60369,1
video_60390,1
video_604,15
video_60405,1
video_60427,1
video_60429,16
video_607,15
video_60773,1
video_60783,15
video_60840,30
video_60858,26
video_60876,30
video_60926,26
video_61026,20
video_61035,1
video_61048,1
video_61049,14
video_61066,32
video_61100,1
video_61120,23
video_61161,1
video_61197,31
video_61200,26
video_61209,26
video_61249,14
video_61280,31
video_61302,1
video_61332,1
video_61340,26
video_61350,23
video_61368,15
video_61376,14
video_61432,31
video_61555,1
video_61556,30
video_61571,26
video_6158,14
video_61581,15
video_61582,14
video_6160,14
video_61663,14
video_61689,15
video_61732,15
video_61793,30
video_61848,14
video_61872,26
video_61971,31
video_62014,14
video_62020,14
video_62034,31
video_6204,16
video_62040,31
video_62046,26
video_62139,15
video_62172,31
video_62342,31
video_6235,14
video_62363,14
video_62390,31
video_62400,14
video_62405,1
video_6250,14
video_62520,14
video_62574,30
video_62585,15
video_62635,31
video_62749,26
video_62847,30
video_62851,14
video_62876,30
video_6289,1
video_62917,14
video_62975,16
video_62988,26
video_62997,14
video_63028,31
video_63052,1
video_63066,26
video_63074,26
video_63075,30
video_63079,30
video_63144,31
video_63149,31
video_63169,31
video_6324,23
video_63329,31
video_63339,32
video_63505,1
video_63507,15
video_63511,23
video_63513,15
video_63574,15
video_63576,16
video_63583,16
video_63592,5
video_63601,28
video_63602,26
video_63603,14
video_63627,26
video_63649,31
video_63690,14
video_63701,1
video_6372,1
video_63727,31
video_63748,14
video_63768,31
video_63799,14
video_63835,15
video_63845,31
video_63856,14
video_63865,32
video_63868,28
video_63958,31
video_63968,1
video_63994,31
video_64000,31
video_64004,26
video_64010,3
video_64093,31
video_64183,5
video_64200,31
video_64242,31
video_64247,31
video_64275,26
video_64283,14
video_64318,28
video_64354,14
video_64364,32
video_64468,15
video_64536,30
video_64579,14
video_64653,15
video_64659,14
video_64670,32
video_64676,14
video_64698,31
video_64772,14
video_64782,28
video_64844,14
video_64866,31
video_6487,31
video_64891,31
video_64896,16
video_64936,32
video_64939,31
video_64946,5
video_64954,23
video_64984,4
video_65057,15
video_65079,31
video_65103,3
video_65136,31
video_65190,31
video_65236,2
video_65242,16
video_65243,16
video_65246,5
video_6528,14
video_65288,15
video_65305,14
video_65332,14
video_65353,31
video_65392,20
video_65427,1
video_65438,13
video_65447,28
video_65451,15
video_65452,1
video_65474,14
video_65528,15
video_6558,16
video_65587,31
video_656,31
video_65624,31
video_65686,31
video_65750,14
video_65773,26
video_65774,30
video_65782,31
video_65786,3
video_65791,5
video_65795,31
video_65840,3
video_65938,1
video_6595,30
video_66001,31
video_66023,1
video_66053,15
video_66075,14
video_66133,1
video_66148,3
video_6615,26
video_66151,26
video_66177,28
video_66210,31
video_66249,20
video_66265,15
video_66275,15
video_66330,31
video_66350,5
video_66375,28
video_66441,1
video_66483,30
video_66515,1
video_66537,15
video_66553,31
video_66567,14
video_66697,1
video_66709,31
video_66718,14
video_6672,32
video_66762,26
video_66805,14
video_66830,15
video_66862,15
video_66910,15
video_66933,1
video_66959,1
video_66980,28
video_66984,14
video_67027,16
video_67086,13
video_67105,16
video_67172,30
video_67204,12
video_67256,15
video_67258,31
video_6727,14
video_67290,20
video_67330,30
video_67364,15
video_67374,16
video_67383,31
video_67429,31
video_67473,16
video_67484,15
video_67497,14
video_675,32
video_67509,1
video_67518,15
video_67568,12
video_67614,14
video_67625,28
video_67686,15
video_67690,14
video_67701,31
video_67705,1
video_67713,31
video_67731,31
video_67765,31
video_67773,14
video_67803,5
video_6783,16
video_67857,28
video_6786,30
video_67861,31
video_67892,15
video_67998,31
video_68002,31
video_68018,15
video_68052,14
video_68055,30
video_68092,5
video_68104,15
video_6811,30
video_68113,15
video_68141,14
video_68190,4
video_68286,31
video_68320,10
video_68337,31
video_68347,15
video_6843,1
video_6850,1
video_68532,23
video_68535,30
video_6859,31
video_68590,30
video_68596,30
video_68603,1
video_68651,31
video_68675,31
video_68813,1
video_68875,14
video_68998,30
video_69014,3
video_69017,26
video_69030,20
video_69100,31
video_69124,12
video_69134,31
video_69200,14
video_69278,1
video_6931,14
video_69341,4
video_69343,30
video_69382,14
video_69447,14
video_69509,16
video_69511,31
video_69540,30
video_69549,1
video_69576,26
video_69585,15
video_69588,26
video_6963,31
video_69632,26
video_69640,21
video_69651,31
video_69658,30
video_69670,31
video_69684,25
video_69691,23
video_69724,20
video_69738,23
video_69764,30
video_69788,30
video_69842,1
video_69855,31
video_69922,31
video_70012,30
video_70035,31
video_70109,28
video_70113,14
video_70152,1
video_70182,30
video_70197,14
video_7022,3
video_70224,1
video_70237,31
video_70293,31
video_70295,28
video_70319,5
video_70322,14
video_7033,1
video_7035,31
video_70353,1
video_70399,14
video_704,14
video_70460,14
video_70490,16
video_70526,1
video_70605,26
video_70623,16
video_70640,15
video_70698,1
video_70705,31
video_7071,5
video_70715,4
video_70748,26
video_70866,1
video_70893,31
video_70895,26
video_70914,26
video_70933,32
video_70939,15
video_70958,14
video_7102,31
video_71056,30
video_71084,31
video_71123,15
video_7115,15
video_71197,20
video_71258,1
video_71276,26
video_71294,31
video_71310,31
video_71331,26
video_71349,14
video_71367,31
video_71401,1
video_71404,15
video_7141,31
video_71414,14
video_71459,31
video_71569,16
video_71628,32
video_71638,14
video_71663,31
video_71673,15
video_71825,3
video_71828,26
video_71866,26
video_71946,31
video_72000,14
video_72017,15
video_72039,26
video_72071,14
video_72090,1
video_72111,31
video_72133,16
video_72161,30
video_72191,1
video_7235,31
video_72405,14
video_72578,15
video_72591,31
video_72597,14
video_72621,15
video_72650,31
video_72683,1
video_72713,26
video_72732,16
video_72740,1
video_72752,31
video_72762,32
video_72771,14
video_72781,31
video_72881,31
video_72933,1
video_7294,14
video_72984,16
video_730,30
video_73004,31
video_73013,31
video_73015,16
video_73041,26
video_73050,31
video_73077,14
video_73079,1
video_73084,31
video_73162,13
video_73178,16
video_73203,16
video_73230,1
video_73251,15
video_73254,16
video_7328,14
video_73280,1
video_73304,26
video_73389,1
video_73400,31
video_73443,15
video_7346,15
video_73533,16
video_73562,31
video_7357,32
video_73614,30
video_73626,31
video_73645,31
video_73648,26
video_73659,26
video_73694,31
video_73704,5
video_73731,30
video_73748,5
video_73768,20
video_73772,31
video_73783,1
video_73910,14
video_73956,1
video_7397,30
video_7400,1
video_74011,1
video_74030,31
video_74040,15
video_74043,14
video_7409,30
video_74093,28
video_74159,31
video_74161,25
video_74174,1
video_74212,15
video_74215,4
video_74223,14
video_74244,3
video_74361,30
video_74368,15
video_74373,25
video_74410,14
video_74417,10
video_74490,31
video_74501,26
video_74502,31
video_74553,1
video_74597,1
video_74609,31
video_74622,31
video_74646,15
video_74677,1
video_7468,31
video_74693,15
video_74700,31
video_74722,14
video_74780,30
video_74781,1
video_74784,28
video_74806,31
video_74867,5
video_74903,31
video_74958,26
video_74974,31
video_75041,30
video_75059,16
video_75070,1
video_7511,15
video_75128,32
video_75133,14
video_75144,31
video_75182,31
video_75222,14
video_7524,4
video_75286,32
video_75300,31
video_75329,31
video_75363,15
video_75365,31
video_75406,31
video_75427,31
video_75448,28
video_75507,1
video_75534,14
video_75616,28
video_75694,15
video_75711,31
video_75726,31
video_75729,16
video_75765,10
video_75799,15
video_75813,28
video_75853,14
video_75862,14
video_75956,31
video_75968,5
video_76001,1
video_76018,30
video_76052,30
video_76067,31
video_76085,15
video_76092,32
video_76205,28
video_76236,1
video_76248,14
video_76251,15
video_76279,5
video_76348,16
video_76350,31
video_7641,26
video_76481,15
video_76486,14
video_76539,31
video_7656,14
video_76586,23
video_7666,1
video_76674,15
video_76717,15
video_76778,16
video_76783,31
video_76826,23
video_7684,14
video_76898,26
video_76909,21
video_76927,31
video_76947,1
video_76958,31
video_76960,14
video_76997,31
video_77034,14
video_77040,15
video_77102,31
video_77156,28
video_77160,16
video_77189,26
video_77232,15
video_77251,10
video_7735,1
video_77352,10
video_77372,31
video_77385,26
video_774,28
video_77411,15
video_77423,16
video_77430,30
video_77448,31
video_7745,1
video_77464,31
video_77498,26
video_77504,20
video_77540,31
video_77613,15
video_77645,31
video_77658,32
video_77663,14
video_7768,16
video_77747,31
video_77776,15
video_77830,22
video_77836,31
video_77837,28
video_77838,30
video_77845,31
video_77910,28
video_77920,28
video_77952,26
video_77969,16
video_77985,32
video_77996,26
video_78005,14
video_78016,26
video_78033,15
video_78079,1
video_78130,31
video_78163,16
video_78182,12
video_78186,31
video_78210,1
video_78228,10
video_78349,15
video_78366,31
video_78411,30
video_78412,10
video_78440,4
video_78442,5
video_78514,32
video_78525,14
video_78547,32
video_78562,31
video_78653,28
video_78668,16
video_78686,28
video_78702,14
video_78703,26
video_78715,16
video_78785,16
video_78824,31
video_78832,3
video_78860,15
video_78920,15
video_78923,14
video_78924,14
video_78962,30
video_78965,15
video_78972,30
video_78976,14
video_79009,31
video_79046,1
video_79081,1
video_79095,5
video_79142,5
video_79176,26
video_79183,14
video_79238,1
video_79245,31
video_79278,30
video_7930,31
video_79326,3
video_79346,16
video_79348,10
video_79359,15
video_79360,5
video_79367,31
video_79391,14
video_79394,14
video_79409,31
video_79450,31
video_79461,23
video_79475,28
video_7948,32
video_79494,16
video_79527,1
video_79568,31
video_79573,31
video_79580,26
video_79622,28
video_79657,31
video_79691,31
video_79722,1
video_79727,26
video_79745,26
video_79756,14
video_79772,10
video_79853,31
video_79881,26
video_79929,31
video_7995,31
video_80017,31
video_80018,16
video_80056,15
video_80137,31
video_80164,31
video_80192,30
video_80314,32
video_80355,28
video_80381,16
video_80467,20
video_80493,26
video_80499,28
video_80516,31
video_80541,25
video_80546,15
video_80616,12
video_80682,32
video_80719,15
video_80809,32
video_8081,28
video_80827,1
video_80830,30
video_80832,14
video_80887,3
video_80903,1
video_80914,20
video_8093,26
video_80942,14
video_80949,14
video_81015,1
video_81077,31
video_81125,31
video_81174,31
video_81178,15
video_81197,15
video_8125,10
video_81288,5
video_81302,14
video_81331,30
video_81344,16
video_81349,26
video_81362,3
video_81364,31
video_81451,14
video_81458,30
video_81491,31
video_8150,11
video_81504,26
video_81535,30
video_81557,1
video_81560,1
video_81581,31
video_81663,31
video_81768,31
video_81770,15
video_81779,31
video_81808,14
video_81831,14
video_81903,14
video_81917,15
video_81936,31
video_81963,14
video_81995,1
video_81997,30
video_82044,20
video_82084,15
video_82127,28
video_82232,16
video_82233,31
video_82254,31
video_82258,31
video_8226,14
video_82315,26
video_8241,5
video_8243,31
video_82462,30
video_82473,14
video_82490,26
video_82495,31
video_82565,26
video_82569,28
video_82600,15
video_82629,1
video_82716,14
video_82728,30
video_82730,15
video_82731,31
video_82759,31
video_82832,32
video_82857,1
video_82925,31
video_82932,26
video_83062,30
video_8311,14
video_83148,31
video_83173,31
video_83231,30
video_83326,31
video_83328,14
video_83337,15
video_83357,31
video_83408,26
video_83497,1
video_83534,15
video_83575,30
video_83596,15
video_83631,31
video_83643,28
video_83647,1
video_8365,15
video_83670,5
video_83672,15
video_83721,31
video_8373,10
video_83738,14
video_83771,4
video_83782,15
video_83808,14
video_83849,32
video_83889,32
video_83927,26
video_8396,22
video_84010,14
video_84022,28
video_84033,32
video_84084,31
video_84096,30
video_84183,31
video_84193,14
video_8423,14
video_84319,32
video_84411,14
video_84470,31
video_84525,1
video_84566,1
video_84583,15
video_8459,15
video_84591,16
video_84624,15
video_84630,26
video_84648,3
video_84798,5
video_84850,30
video_84852,31
video_84922,14
video_85126,15
video_85183,14
video_85228,16
video_85271,1
video_85272,1
video_85278,26
video_85325,3
video_85343,31
video_85383,5
video_85439,14
video_85449,31
video_85471,31
video_85550,12
video_85552,14
video_85566,31
video_85613,15
video_85627,15
video_85633,5
video_85666,4
video_8567,15
video_85672,5
video_85714,26
video_8573,31
video_85737,3
video_8574,28
video_85751,13
video_85824,31
video_85849,4
video_85850,26
video_85904,1
video_85933,16
video_85987,32
video_86020,1
video_86023,14
video_86034,1
video_86077,31
video_86123,32
video_86151,12
video_86160,15
video_86176,31
video_86254,15
video_86262,5
video_86349,15
video_86386,31
video_8639,31
video_86441,31
video_86478,15
video_86482,31
video_86517,15
video_86552,1
video_866,14
video_86606,21
video_86682,15
video_86712,1
video_86786,16
video_86853,31
video_86865,15
video_86918,3
video_86950,1
video_86973,15
video_86985,24
video_87007,31
video_87046,1
video_87086,30
video_87103,12
video_87113,16
video_87176,31
video_87184,15
video_87277,31
video_87346,32
video_87371,30
video_87391,15
video_87400,31
video_87417,3
video_87431,14
video_87439,5
video_87511,1
video_87573,31
video_87597,21
video_87611,31
video_87614,16
video_87649,23
video_8766,1
video_87667,15
video_87703,31
video_87736,31
video_87780,31
video_87794,14
video_8788,31
video_87908,15
video_87940,30
video_87950,30
video_88016,1
video_8804,14
video_88104,31
video_88136,31
video_88168,1
video_8817,16
video_88176,15
video_88184,31
video_88216,30
video_88224,28
video_88236,16
video_88248,15
video_88391,30
video_88408,16
video_88425,26
video_88455,31
video_88558,31
video_88629,28
video_88674,31
video_88696,16
video_88725,14
video_88727,31
video_88751,1
video_88824,28
video_88831,12
video_88932,15
video_88966,31
video_89029,15
video_89041,1
video_89042,14
video_8907,4
video_89125,26
video_8917,14
video_89186,26
video_89219,14
video_89326,16
video_89345,16
video_89413,16
video_89418,1
video_89441,16
video_89472,31
video_89484,31
video_89516,15
video_89518,1
video_89644,15
video_89664,15
video_89795,5
video_89869,14
video_89885,31
video_89910,31
video_8993,1
video_89941,31
video_89946,20
video_90017,4
video_90020,25
video_9004,14
video_90060,31
video_90072,32
video_90100,31
video_90108,26
video_90176,14
video_90185,15
video_90193,31
video_90245,3
video_90295,31
video_90314,16
video_90343,26
video_90354,30
video_90363,16
video_90389,15
video_90390,4
video_90469,15
video_90499,26
video_90515,14
video_90546,1
video_90606,14
video_9066,14
video_90700,2
video_90716,15
video_90731,14
video_90732,26
video_90750,16
video_90760,31
video_90842,16
video_9089,16
video_90923,1
video_90934,14
video_90950,14
video_91027,28
video_91065,31
video_9112,31
video_91121,15
video_91143,5
video_91167,5
video_91243,4
video_91260,30
video_9146,23
video_91487,10
video_9149,28
video_91493,30
video_91501,30
video_91502,21
video_91525,26
video_91550,31
video_91593,14
video_91598,5
video_91620,32
video_91635,14
video_9164,28
video_91651,32
video_91666,31
video_91679,16
video_91686,1
video_91740,31
video_91813,23
video_91845,31
video_9192,30
video_91925,31
video_91928,5
video_91979,3
video_91982,15
video_92015,1
video_92016,31
video_9204,14
video_92054,26
video_92083,1
video_92084,15
video_92106,1
video_92111,15
video_92138,1
video_92170,5
video_92205,32
video_92218,16
video_9224,28
video_923,31
video_92309,31
video_92323,14
video_92332,14
video_92425,31
video_92445,30
video_92513,31
video_92563,15
video_92564,15
video_92582,31
video_92599,1
video_92761,31
video_92766,1
video_92784,30
video_92815,31
video_92876,31
video_92917,26
video_92954,31
video_93016,30
video_93065,32
video_93106,31
video_93120,1
video_93136,12
video_93148,5
video_93150,32
video_93173,4
video_9324,31
video_93240,31
video_93289,1
video_93336,31
video_93468,15
video_93477,1
video_93479,15
video_93480,15
video_93488,14
video_93516,31
video_93578,31
video_93703,26
video_93729,14
video_93778,30
video_93791,14
video_93841,23
video_93855,31
video_93887,14
video_93928,28
video_93954,31
video_93968,31
video_94012,31
video_94080,5
video_94084,15
video_94086,15
video_94091,3
video_94094,31
video_94130,31
video_94163,21
video_94164,31
video_9420,3
video_94219,30
video_94266,30
video_94270,20
video_943,1
video_94308,16
video_94321,14
video_94379,31
video_9438,31
video_94414,30
video_94440,14
video_94450,31
video_94476,5
video_94489,1
video_94510,15
video_94536,14
video_94564,15
video_9457,23
video_94584,30
video_94593,15
video_94619,5
video_94631,26
video_94680,28
video_94697,31
video_94768,31
video_94772,30
video_94782,5
video_9486,1
video_94864,26
video_94913,1
video_94952,14
video_94973,23
video_95016,26
video_95066,15
video_9507,15
video_95144,4
video_95183,5
video_95207,1
video_95223,28
video_95235,1
video_95247,26
video_95259,16
video_95266,5
video_95292,28
video_95297,15
video_95314,32
video_95316,15
video_9532,26
video_95331,1
video_95373,31
video_95401,26
video_95410,16
video_95417,14
video_9547,14
video_95510,16
video_9562,15
video_95630,30
video_95687,31
video_9573,14
video_95735,8
video_95799,31
video_95806,15
video_95810,14
video_95823,14
video_95832,15
video_95850,14
video_95854,31
video_95871,31
video_95887,31
video_95988,15
video_95994,1
video_96046,15
video_9607,16
video_96121,30
video_96131,1
video_96176,31
video_96194,14
video_96235,15
video_96262,30
video_96264,15
video_96269,21
video_96301,1
video_96304,21
video_96335,15
video_96351,16
video_96352,31
video_96403,1
video_96418,12
video_96432,14
video_96435,30
video_96439,20
video_96470,1
video_965,1
video_96501,32
video_96504,26
video_9651,6
video_96514,30
video_96630,1
video_96631,22
video_96637,15
video_96668,16
video_96673,1
video_96680,16
video_967,14
video_9673,32
video_96757,1
video_96761,31
video_96791,14
video_96896,31
video_97004,3
video_97011,31
video_9702,15
video_97026,30
video_97079,15
video_971,14
video_97107,1
video_97167,28
video_97188,31
video_97212,25
video_9724,31
video_97246,1
video_97249,30
video_97286,31
video_97317,14
video_97319,32
video_97328,8
video_97338,14
video_97404,28
video_97411,16
video_97500,26
video_97508,31
video_97514,26
video_97528,14
video_9755,31
video_97627,20
video_97648,31
video_97664,16
video_97758,31
video_97785,1
video_97787,14
video_97864,31
video_97867,16
video_97890,31
video_97956,26
video_97962,30
video_97989,2
video_97990,16
video_98004,15
video_98006,30
video_98064,12
video_98112,1
video_98115,31
video_98138,1
video_98180,20
video_98189,14
video_98289,31
video_98319,1
video_98372,1
video_98373,15
video_98387,26
video_984,31
video_98406,28
video_98424,15
video_98427,32
video_98461,31
video_98471,16
video_98496,15
video_98502,14
video_98504,14
video_98515,26
video_98556,30
video_98565,14
video_98673,16
video_98693,15
video_98711,20
video_98737,15
video_98752,14
video_98762,14
video_98779,25
video_98798,31
video_98807,15
video_98808,24
video_98826,15
video_98856,15
video_98911,3
video_98921,14
video_98950,14
video_98988,31
video_98990,31
video_99015,25
video_99017,31
video_99044,31
video_99058,31
video_9909,31
video_99121,14
video_99153,16
video_99171,31
video_9918,14
video_99188,31
video_99220,20
video_99228,31
video_99230,15
video_99254,31
video_99305,14
video_99315,15
video_99317,5
video_99328,1
video_99335,28
video_99379,12
video_9941,15
video_99412,15
video_99485,31
video_99503,31
video_99532,16
video_9957,1
video_99570,10
video_99591,30
video_99594,31
video_99595,32
video_99603,15
video_99607,15
video_99619,31
video_99701,16
video_99717,31
video_99789,30
video_99805,26
video_99867,14
video_99870,16
video_99886,30
video_99942,30
video_99953,12
