video_name,predicted_class
video_1000,9
video_100051,8
video_100065,30
video_100078,14
video_100121,23
video_100164,18
video_100187,0
video_100195,30
video_100218,10
video_100219,0
video_100237,25
video_100249,0
video_100288,4
video_100315,5
video_100347,7
video_100445,3
video_100461,9
video_100490,23
video_100530,23
video_100557,23
video_100566,10
video_100581,14
video_100599,32
video_10064,20
video_100656,14
video_100766,17
video_10077,0
video_100827,4
video_100837,31
video_100865,1
video_100879,31
video_100889,22
video_10090,6
video_100934,22
video_101005,9
video_101012,1
video_101046,5
video_101051,4
video_101062,22
video_101174,0
video_101183,6
video_101229,30
video_101240,23
video_10125,9
video_101261,1
video_101298,4
video_101370,4
video_101401,31
video_101481,18
video_101514,12
video_101532,24
video_101559,30
video_101631,8
video_101665,0
video_101697,24
video_101722,0
video_101797,7
video_101814,14
video_101828,10
video_101854,24
video_101907,18
video_101908,30
video_101913,0
video_101922,31
video_101937,10
video_101978,18
video_101988,12
video_102053,1
video_102145,5
video_102185,9
video_10221,10
video_102257,14
video_102285,13
video_102323,5
video_102327,14
video_102333,0
video_102350,12
video_102367,7
video_102379,5
video_102396,9
video_102397,3
video_102471,12
video_102482,29
video_102495,23
video_10257,13
video_102598,14
video_102607,3
video_102636,4
video_102649,31
video_102695,9
video_102703,10
video_102747,0
video_10275,10
video_102769,5
video_102770,3
video_102799,1
video_102811,29
video_102832,29
video_102833,7
video_102871,29
video_102920,30
video_10294,28
video_102950,2
video_102977,29
video_102991,18
video_102996,29
video_103017,4
video_103028,13
video_103043,14
video_103045,7
video_103064,18
video_103120,23
video_103152,5
video_103155,4
video_103189,0
video_103288,3
video_103305,19
video_10331,9
video_103381,10
video_103439,4
video_103447,4
video_103491,19
video_103495,4
video_103511,9
video_103525,1
video_103534,10
video_103593,6
video_103684,3
video_103777,4
video_103789,23
video_10381,9
video_103815,3
video_103896,31
video_103914,9
video_103917,23
video_103923,30
video_103949,3
video_103960,18
video_103999,31
video_104062,11
video_104089,5
video_104098,8
video_104180,30
video_104201,4
video_104205,15
video_104233,14
video_104277,3
video_104331,1
video_104339,22
video_104363,23
video_10438,18
video_104386,22
video_104410,18
video_104414,8
video_104416,11
video_104424,8
video_10448,4
video_104482,30
video_104488,13
video_104516,29
video_104523,1
video_10455,10
video_104560,31
video_104592,10
video_104598,29
video_104602,28
video_104636,17
video_10465,24
video_104660,30
video_104734,4
video_104737,4
video_104755,28
video_104758,14
video_104762,4
video_104876,0
video_104880,31
video_104892,4
video_1049,12
video_104943,28
video_105004,32
video_105058,31
video_105082,32
video_105133,24
video_105141,20
video_105154,3
video_105187,4
video_105204,4
video_105280,9
video_105337,2
video_105364,15
video_105485,6
video_105550,5
video_105554,14
video_105563,5
video_10565,22
video_105653,23
video_105657,30
video_105670,9
video_105674,29
video_105738,28
video_10581,0
video_105855,22
video_105876,32
video_105904,17
video_105907,5
video_105933,28
video_105980,6
video_106008,1
video_10602,3
video_106065,5
video_106066,1
video_106121,29
video_106128,22
video_106153,10
video_106158,9
video_106201,10
video_106205,4
video_106226,17
video_106234,30
video_106299,32
video_106385,8
video_106464,6
video_106569,1
video_106589,15
video_106649,10
video_106690,6
video_106695,31
video_106768,30
video_106793,30
video_106868,23
video_106893,12
video_106897,21
video_106938,4
video_106969,4
video_106981,22
video_106982,29
video_10701,31
video_107027,19
video_107049,0
video_10705,21
video_107055,8
video_107056,1
video_107093,8
video_107124,23
video_107193,25
video_107200,32
video_107210,9
video_107220,7
video_107227,24
video_107241,0
video_107290,30
video_107311,6
video_10737,4
video_107379,6
video_10741,30
video_107428,1
video_107516,1
video_107540,12
video_107541,32
video_107552,1
video_107562,19
video_107653,29
video_107665,15
video_107684,14
video_107734,6
video_107746,1
video_107764,17
video_107807,1
video_107832,30
video_107841,14
video_107842,16
video_107904,21
video_107980,18
video_107991,32
video_107994,30
video_108009,9
video_108043,15
video_108059,14
video_108060,4
video_108078,19
video_108131,28
video_108194,23
video_108207,12
video_108214,9
video_108269,30
video_108298,12
video_108340,10
video_108354,1
video_108356,17
video_108370,0
video_108405,12
video_108428,31
video_10850,4
video_108511,18
video_10852,28
video_108534,28
video_108586,11
video_108594,16
video_1086,23
video_108605,22
video_108634,32
video_108639,20
video_108689,14
video_108692,1
video_10872,29
video_108751,8
video_108775,6
video_10879,11
video_108805,6
video_10886,24
video_108882,17
video_108893,1
video_108990,30
video_109000,23
video_109069,0
video_10910,4
video_109115,22
video_109117,17
video_109182,32
video_109199,31
video_10926,23
video_109275,18
video_109301,6
video_109323,23
video_10933,18
video_109345,1
video_109368,1
video_109372,21
video_109427,22
video_109438,10
video_109473,13
video_109556,3
video_109559,5
video_109585,9
video_109674,31
video_109691,12
video_109749,2
video_109762,23
video_109769,0
video_109779,23
video_109849,7
video_109896,28
video_109942,10
video_109974,22
video_109996,1
video_11,30
video_11000,3
video_110045,28
video_110088,6
video_110097,3
video_11014,24
video_110144,9
video_110227,8
video_110265,22
video_110277,9
video_110306,15
video_11033,9
video_110357,10
video_110415,9
video_110429,1
video_110466,19
video_110538,23
video_11062,5
video_110636,9
video_110644,29
video_11065,7
video_110652,9
video_110729,16
video_110739,7
video_110771,19
video_110787,5
video_110810,14
video_110831,1
video_110834,30
video_110914,22
video_110960,21
video_110981,18
video_110984,31
video_11102,12
video_111051,29
video_111096,28
video_11110,31
video_111126,4
video_111133,29
video_111136,29
video_111139,32
video_111399,31
video_111462,5
video_111481,28
video_111485,9
video_111498,30
video_111571,1
video_111572,19
video_111577,0
video_111611,20
video_111617,23
video_111622,14
video_111669,22
video_111685,9
video_111715,30
video_111734,30
video_111760,30
video_111776,24
video_111779,28
video_111782,31
video_111865,23
video_111916,14
video_111917,9
video_111951,5
video_111956,7
video_111980,10
video_111982,18
video_11202,14
video_112036,8
video_11205,7
video_112062,29
video_11207,30
video_11208,18
video_11211,7
video_112115,0
video_112127,21
video_112138,28
video_112145,0
video_112190,29
video_112203,4
video_112219,14
video_112242,9
video_112249,18
video_112323,1
video_112355,7
video_112359,18
video_112384,31
video_112398,32
video_112439,19
video_112446,20
video_112473,31
video_112520,3
video_112526,25
video_112562,4
video_1126,4
video_112623,25
video_112625,4
video_112634,5
video_112652,31
video_112693,16
video_112700,12
video_112729,30
video_112875,19
video_112887,3
video_112888,18
video_112914,6
video_112950,5
video_112960,10
video_112973,10
video_113032,14
video_113037,15
video_113039,31
video_113118,32
video_113150,13
video_113183,6
video_1132,6
video_113218,29
video_113255,28
video_113256,9
video_113299,0
video_113310,1
video_113400,2
video_113452,19
video_113518,5
video_113546,6
video_113560,1
video_113605,14
video_113665,29
video_113671,23
video_113754,30
video_113819,28
video_113835,29
video_113841,22
video_113891,9
video_113900,29
video_113956,5
video_113967,31
video_113985,19
video_114021,0
video_11403,4
video_114051,32
video_114167,30
video_114189,6
video_114197,9
video_114208,1
video_114223,22
video_114259,23
video_114288,30
video_114292,23
video_114302,10
video_114353,7
video_114369,30
video_114388,31
video_114391,12
video_114395,28
video_114420,30
video_114464,1
video_114483,12
video_114498,19
video_114519,18
video_114531,28
video_114559,1
video_114587,4
video_114598,23
video_114604,6
video_114623,30
video_114643,4
video_114684,14
video_114713,24
video_114801,31
video_114831,4
video_114882,2
video_11489,7
video_114919,5
video_114936,28
video_114952,28
video_114963,3
video_114970,23
video_114984,31
video_115029,28
video_115065,30
video_115077,32
video_115179,29
video_115199,23
video_115298,30
video_115317,5
video_115318,22
video_115328,9
video_11534,12
video_115340,1
video_11535,9
video_115363,4
video_115366,9
video_115388,12
video_115415,30
video_115442,31
video_115466,29
video_11547,7
video_115476,28
video_11549,28
video_115537,11
video_115558,0
video_115598,31
video_115603,10
video_115695,4
video_115696,12
video_115760,7
video_115769,5
video_115785,14
video_115787,29
video_11579,2
video_115798,0
video_115801,22
video_11583,18
video_115838,14
video_115941,4
video_116039,8
video_116089,25
video_116101,32
video_11611,9
video_116187,1
video_116215,10
video_116225,12
video_11630,32
video_116408,3
video_116409,10
video_116426,16
video_11645,6
video_116505,4
video_116542,8
video_116556,3
video_11656,7
video_116577,28
video_116587,30
video_116599,9
video_116628,4
video_116649,12
video_116678,7
video_116703,4
video_116752,7
video_11685,7
video_116890,1
video_1169,7
video_116908,23
video_116937,18
video_116994,9
video_11701,7
video_117122,4
video_117176,1
video_117181,14
video_117259,21
video_117275,4
video_117365,8
video_117405,15
video_11743,29
video_117476,20
video_117496,12
video_117503,19
video_117522,1
video_117529,5
video_117542,18
video_117545,8
video_117580,30
video_117607,1
video_117632,11
video_117657,4
video_11767,0
video_117709,6
video_117737,29
video_117783,6
video_117795,32
video_117812,31
video_117834,18
video_11784,20
video_11803,12
video_118034,2
video_118050,18
video_118060,18
video_118063,3
video_118081,30
video_118098,29
video_118127,19
video_118147,3
video_11815,6
video_118157,1
video_118198,31
video_118200,9
video_118215,21
video_118226,19
video_118249,12
video_118263,10
video_118330,7
video_118334,32
video_118337,10
video_118351,29
video_118390,12
video_118453,31
video_118513,7
video_118519,13
video_118522,14
video_118534,5
video_118548,23
video_118599,4
video_118630,4
video_118659,6
video_118665,4
video_118669,10
video_118683,4
video_118754,13
video_118765,18
video_118823,0
video_11886,0
video_118866,10
video_118883,0
video_118916,28
video_118928,12
video_118951,9
video_118952,30
video_119006,18
video_11901,12
video_119011,28
video_119036,24
video_119093,28
video_11912,18
video_119127,9
video_119150,0
video_11919,17
video_119202,12
video_119221,10
video_119226,17
video_119248,29
video_119290,9
video_119299,9
video_119309,3
video_119315,12
video_119363,12
video_119385,2
video_119389,10
video_119393,30
video_119399,3
video_11941,7
video_119490,3
video_11950,2
video_119574,23
video_119577,8
video_119583,8
video_119586,22
video_119591,21
video_119618,4
video_119665,4
video_11972,1
video_119725,10
video_119738,15
video_119741,12
video_119788,29
video_119804,24
video_119876,26
video_119893,22
video_119967,25
video_11997,9
video_119996,1
video_120039,4
video_120075,22
video_120104,31
video_120118,4
video_120170,29
video_120194,4
video_120234,28
video_120236,1
video_120251,19
video_120257,10
video_120281,23
video_120304,24
video_120325,20
video_120326,15
video_120327,22
video_12036,30
video_120390,2
video_120428,25
video_12044,29
video_120449,29
video_120451,14
video_120513,1
video_120634,32
video_120717,20
video_120732,3
video_120746,14
video_120778,32
video_120792,28
video_120814,5
video_120836,0
video_12091,20
video_120958,30
video_121018,9
video_121019,30
video_121050,8
video_121082,12
video_121102,29
video_121182,30
video_121186,31
video_121207,12
video_121219,3
video_121250,20
video_121275,4
video_121278,28
video_121292,9
video_121296,4
video_121298,23
video_121307,32
video_12131,31
video_121325,0
video_121326,8
video_121380,20
video_12141,4
video_12142,12
video_121493,24
video_121514,31
video_121522,31
video_121532,12
video_121539,23
video_121550,23
video_12157,13
video_121635,29
video_121695,28
video_12170,22
video_121702,18
video_121720,30
video_121758,4
video_121771,24
video_121777,6
video_121788,0
video_121789,5
video_121820,17
video_121900,30
video_121901,4
video_122044,29
video_122080,23
video_122086,28
video_122105,7
video_122168,14
video_12217,30
video_12218,1
video_122204,13
video_122209,23
video_122217,5
video_12234,20
video_12236,10
video_122415,25
video_122422,31
video_122504,12
video_122516,1
video_12256,10
video_122572,8
video_122574,21
video_122599,29
video_12262,12
video_122649,21
video_122651,32
video_122662,7
video_122688,3
video_122710,15
video_122797,32
video_12283,9
video_122845,6
video_122846,30
video_122860,30
video_122917,1
video_123008,28
video_12302,30
video_123077,1
video_12308,29
video_123082,8
video_123090,5
video_123093,1
video_123123,24
video_123128,28
video_123138,7
video_123222,8
video_123223,12
video_123234,30
video_123242,10
video_123244,4
video_123256,32
video_12328,10
video_123313,12
video_123343,28
video_123402,31
video_123408,18
video_123435,12
video_123443,12
video_123483,10
video_123495,31
video_123545,3
video_123561,18
video_123599,23
video_12360,32
video_123643,15
video_123707,28
video_123717,15
video_123726,10
video_123732,7
video_123788,10
video_12381,4
video_123857,30
video_12393,5
video_123963,24
video_123971,31
video_124002,30
video_124018,23
video_124021,11
video_124033,2
video_124034,8
video_124077,31
video_124091,6
video_12411,5
video_124190,12
video_124252,3
video_124281,9
video_124313,12
video_124345,30
video_124366,9
video_124375,9
video_124380,15
video_12446,24
video_124469,28
video_124481,1
video_124482,4
video_124589,9
video_124592,17
video_1246,31
video_124612,29
video_12466,14
video_124723,12
video_124724,19
video_124736,3
video_124751,2
video_124818,31
video_124826,18
video_124923,13
video_124933,18
video_124980,1
video_124999,13
video_125008,19
video_125019,12
video_125028,30
video_125094,9
video_125164,0
video_125179,19
video_125203,25
video_125275,12
video_125362,10
video_125460,4
video_125492,7
video_125504,18
video_125539,8
video_125554,3
video_125561,32
video_125596,30
video_125612,18
video_125613,30
video_125665,3
video_125666,24
video_125759,23
video_125843,28
video_125876,23
video_12590,5
video_125917,1
video_126002,1
video_126005,16
video_126016,30
video_126037,12
video_126088,0
video_126118,22
video_126190,32
video_126192,21
video_126275,19
video_126354,7
video_126366,18
video_126372,19
video_126388,10
video_126391,10
video_12641,2
video_126422,9
video_126493,31
video_126527,24
video_126536,3
video_126544,30
video_126568,12
video_126579,7
video_126636,8
video_12664,9
video_126651,32
video_126714,22
video_126778,6
video_126785,12
video_126802,29
video_12683,14
video_126869,3
video_126888,10
video_126911,9
video_12694,6
video_126969,0
video_126976,30
video_126984,17
video_127095,12
video_12712,30
video_127127,5
video_127130,18
video_127302,3
video_127355,10
video_127445,30
video_127502,0
video_127541,0
video_127547,8
video_127558,8
video_1276,18
video_127614,30
video_127731,9
video_127735,31
video_127745,18
video_127808,30
video_127820,14
video_127845,18
video_127892,24
video_127898,12
video_127922,32
video_12797,22
video_127979,31
video_128000,14
video_128010,12
video_128040,8
video_128111,4
video_128134,4
video_128190,31
video_128195,32
video_128244,19
video_128274,2
video_128329,3
video_128331,4
video_128358,6
video_128366,2
video_128370,0
video_128392,30
video_128409,30
video_128414,16
video_128459,12
video_128484,0
video_128580,29
video_128590,12
video_128605,29
video_128668,2
video_128686,1
video_128689,28
video_128705,10
video_128711,28
video_128716,1
video_128723,28
video_128729,9
video_128730,10
video_128761,23
video_128770,3
video_128799,12
video_128826,0
video_128895,5
video_128901,30
video_128911,12
video_128961,10
video_128964,20
video_128973,22
video_128977,22
video_129001,5
video_12901,18
video_129059,23
video_12908,16
video_12909,7
video_129096,22
video_129128,18
video_129136,24
video_129148,30
video_129171,8
video_12918,12
video_129283,14
video_129297,9
video_1293,18
video_129370,18
video_129377,24
video_12939,0
video_129400,18
video_129401,31
video_12941,18
video_129420,15
video_129423,29
video_129451,3
video_129493,31
video_129513,14
video_129536,4
video_129546,2
video_129553,18
video_12957,30
video_129595,17
video_129597,7
video_129662,6
video_129666,5
video_12970,28
video_129708,30
video_129748,23
video_129750,30
video_129761,15
video_129772,28
video_129810,30
video_12982,5
video_129896,7
video_12991,22
video_129936,30
video_129973,23
video_13,2
video_13002,18
video_130035,29
video_13009,6
video_130148,4
video_130160,5
video_130219,28
video_130253,15
video_130265,5
video_130276,8
video_130280,14
video_130297,31
video_130314,9
video_130324,3
video_13035,12
video_130358,7
video_130360,9
video_130403,28
video_130410,14
video_130415,5
video_130447,0
video_130459,31
video_130489,14
video_13049,1
video_130495,7
video_130513,18
video_13052,7
video_130558,16
video_130565,2
video_130675,8
video_130716,4
video_130723,12
video_130766,32
video_130796,30
video_130806,12
video_130847,1
video_130864,29
video_130894,18
video_130938,6
video_130940,29
video_13104,28
video_131067,32
video_131070,12
video_131191,20
video_131201,4
video_131204,20
video_131238,23
video_131274,28
video_131286,24
video_131323,3
video_131334,4
video_131357,8
video_131364,28
video_131380,31
video_131395,0
video_13146,22
video_131463,3
video_131524,28
video_131560,6
video_131588,9
video_131680,8
video_131698,5
video_131758,12
video_131794,9
video_131814,16
video_131832,21
video_131899,30
video_131906,2
video_13193,32
video_13195,3
video_131971,30
video_132052,12
video_132056,10
video_132090,28
video_132163,10
video_132201,5
video_132228,16
video_132256,9
video_132291,4
video_132295,1
video_132357,3
video_132368,30
video_132386,0
video_132439,13
video_132445,2
video_132446,14
video_132457,30
video_132474,12
video_132537,1
video_132540,14
video_132564,5
video_132576,30
video_132586,30
video_132607,28
video_132639,24
video_132687,5
video_132709,23
video_132775,17
video_132797,8
video_132809,1
video_132831,7
video_132849,29
video_132867,12
video_13295,21
video_132985,23
video_132988,1
video_133012,10
video_133062,30
video_133075,30
video_133086,9
video_133100,31
video_133122,31
video_133128,28
video_133135,5
video_133213,7
video_133221,16
video_133228,32
video_133233,17
video_133237,30
video_133247,31
video_13330,10
video_133309,22
video_133357,5
video_133374,10
video_133379,30
video_133398,12
video_133412,29
video_133446,0
video_133464,9
video_13347,5
video_133584,29
video_133594,30
video_133633,23
video_133645,4
video_133647,29
video_133658,18
video_133685,28
video_1337,24
video_133705,9
video_133786,30
video_133818,22
video_133855,17
video_133889,30
video_13389,14
video_133895,14
video_133896,14
video_133922,5
video_133926,9
video_133956,29
video_133974,8
video_133987,3
video_134103,21
video_134112,30
video_134135,1
video_134160,30
video_134163,9
video_134202,4
video_13422,3
video_134302,14
video_134315,21
video_134327,12
video_134359,12
video_134382,9
video_134384,30
video_134395,16
video_134411,22
video_134412,7
video_134455,6
video_134495,17
video_134502,1
video_134542,1
video_134616,12
video_134619,18
video_134623,1
video_134634,1
video_134636,4
video_134643,19
video_134674,0
video_134693,29
video_134696,6
video_134705,28
video_134725,9
video_134743,10
video_134745,4
video_134771,17
video_134788,4
video_134850,19
video_134857,4
video_134858,28
video_134882,14
video_134902,0
video_134910,4
video_134912,0
video_134923,12
video_134933,3
video_134943,8
video_134965,8
video_134995,32
video_135013,31
video_135018,10
video_135037,28
video_135079,12
video_135110,6
video_135129,30
video_135189,10
video_1352,1
video_135216,14
video_135218,0
video_135220,11
video_135231,30
video_135251,30
video_135345,30
video_135366,9
video_135371,0
video_135378,32
video_135397,30
video_135408,16
video_135471,30
video_135505,29
video_135560,10
video_135576,5
video_135592,31
video_135599,31
video_135640,11
video_135681,1
video_135752,18
video_135793,5
video_135797,0
video_135804,6
video_135834,9
video_135872,7
video_135892,32
video_136013,22
video_136033,9
video_136038,0
video_136075,30
video_136083,7
video_136099,3
video_136105,32
video_13611,28
video_136117,9
video_136119,14
video_136124,30
video_13615,8
video_136203,5
video_136217,31
video_136234,2
video_136299,29
video_136316,22
video_136333,6
video_136373,18
video_136388,9
video_136430,12
video_136450,28
video_136496,30
video_136512,14
video_136525,28
video_136544,3
video_136587,28
video_136588,9
video_136674,5
video_136703,4
video_13673,31
video_136751,3
video_136752,21
video_136754,24
video_136786,25
video_136792,9
video_136796,3
video_136801,9
video_136806,30
video_13682,4
video_136847,28
video_136889,30
video_136912,12
video_136913,4
video_136915,1
video_136956,4
video_136979,28
video_136980,31
video_137036,5
video_137097,19
video_137106,25
video_13713,3
video_137158,2
video_137167,0
video_137196,7
video_137226,9
video_137289,22
video_137300,3
video_137332,29
video_137355,0
video_137366,1
video_13737,2
video_137419,20
video_137420,0
video_137463,1
video_137466,5
video_137485,10
video_137493,4
video_137524,12
video_137532,14
video_137566,30
video_137605,12
video_137615,28
video_137628,9
video_137691,23
video_137694,28
video_137738,3
video_137774,3
video_137903,6
video_137975,12
video_138039,28
video_138040,30
video_138111,8
video_138172,31
video_138234,7
video_138328,8
video_138334,32
video_138349,5
video_138401,23
video_138402,0
video_13846,31
video_138503,13
video_138511,18
video_138556,16
video_138632,9
video_138635,1
video_138641,5
video_13865,3
video_13866,30
video_138708,31
video_138776,7
video_138779,28
video_138812,2
video_138846,9
video_138851,12
video_138898,23
video_138900,30
video_138930,12
video_138940,5
video_138943,1
video_139022,2
video_139071,29
video_139078,7
video_139234,1
video_139347,12
video_139399,13
video_139403,11
video_139418,31
video_139469,1
video_139526,14
video_13957,4
video_1396,8
video_139616,0
video_139667,9
video_139668,29
video_139792,29
video_139809,5
video_139839,5
video_13987,30
video_139894,14
video_139973,7
video_139982,22
video_14000,2
video_140010,6
video_140029,7
video_140090,15
video_140107,14
video_140126,9
video_140127,29
video_140149,18
video_14015,20
video_140160,19
video_140168,9
video_140176,15
video_140182,31
video_140188,3
video_140195,6
video_140226,28
video_140251,32
video_140257,16
video_140277,23
video_140382,6
video_140457,17
video_140475,13
video_140519,30
video_140551,30
video_14058,10
video_140595,10
video_140601,29
video_140624,19
video_140676,11
video_140693,22
video_140708,32
video_140714,24
video_140764,18
video_140839,18
video_140852,12
video_140855,23
video_140869,18
video_140873,7
video_140960,31
video_14099,21
video_141000,20
video_141011,30
video_141014,4
video_141020,11
video_141033,28
video_141034,28
video_14104,5
video_141053,24
video_141079,12
video_14109,29
video_141157,25
video_141183,4
video_141258,0
video_141265,19
video_141339,30
video_141359,1
video_141393,18
video_141430,8
video_141490,31
video_141491,0
video_141518,5
video_141571,15
video_141639,29
video_14165,9
video_141654,31
video_14168,1
video_141681,23
video_141694,0
video_14174,11
video_141760,11
video_141877,18
video_141914,4
video_141931,19
video_141942,14
video_141946,9
video_141949,29
video_141985,5
video_1420,9
video_142031,30
video_142036,32
video_142057,15
video_142067,7
video_142080,0
video_142081,2
video_1421,7
video_142119,12
video_142243,5
video_142275,8
video_142311,9
video_142313,13
video_142328,19
video_142334,10
video_14237,7
video_142445,8
video_142453,4
video_142458,14
video_14246,5
video_142467,5
video_14259,6
video_142671,9
video_142756,10
video_142759,8
video_142809,17
video_142812,23
video_14284,5
video_142865,7
video_142867,6
video_142896,4
video_142899,3
video_142910,12
video_142956,29
video_14296,31
video_142988,3
video_143003,32
video_143057,5
video_143064,30
video_143068,4
video_143070,29
video_143127,23
video_143171,14
video_143172,12
video_143190,10
video_143213,23
video_143256,0
video_143347,23
video_143441,32
video_143461,22
video_143526,6
video_143547,32
video_143647,2
video_1437,7
video_143726,17
video_143735,17
video_143750,28
video_143789,14
video_143794,30
video_143798,32
video_143852,3
video_143876,7
video_143914,12
video_14392,16
video_143933,0
video_143945,18
video_143956,8
video_143965,25
video_143992,19
video_144005,12
video_144029,23
video_144048,14
video_144053,4
video_144069,9
video_144083,29
video_14414,4
video_144149,23
video_144170,3
video_144179,10
video_144184,20
video_144237,4
video_144286,1
video_144301,12
video_144333,24
video_144340,6
video_144370,7
video_144376,28
video_144394,1
video_144413,1
video_144438,19
video_144483,9
video_144491,0
video_144561,2
video_144569,8
video_14459,10
video_144632,22
video_144704,22
video_144741,3
video_144751,3
video_144777,1
video_144806,2
video_144847,22
video_14494,8
video_14495,31
video_144972,8
video_144983,1
video_145034,13
video_145077,29
video_145079,8
video_145135,32
video_145244,4
video_145248,5
video_145251,5
video_145291,22
video_1453,2
video_145356,22
video_145404,1
video_145405,23
video_145422,5
video_145477,6
video_145483,10
video_145495,32
video_1455,1
video_145539,30
video_145585,8
video_145603,10
video_145604,23
video_145650,31
video_145676,0
video_145693,5
video_145702,3
video_145800,9
video_145804,19
video_145871,19
video_145927,22
video_145997,32
video_146068,30
video_14608,1
video_146085,30
video_146166,18
video_146186,19
video_146200,30
video_14621,17
video_146233,14
video_146237,0
video_146267,22
video_14627,14
video_146293,1
video_146313,1
video_146323,32
video_146327,32
video_146372,29
video_146377,5
video_146382,1
video_146413,18
video_14642,30
video_146424,17
video_146425,23
video_146553,1
video_146555,8
video_146573,8
video_146592,23
video_146630,7
video_146634,30
video_1467,5
video_146733,30
video_146765,3
video_146778,1
video_14678,18
video_146788,29
video_146803,29
video_146862,8
video_146882,4
video_146924,19
video_146950,9
video_147005,9
video_147017,6
video_147026,23
video_1471,1
video_147174,29
video_147187,31
video_147194,10
video_147200,10
video_147290,29
video_147305,14
video_147327,2
video_147414,30
video_147423,15
video_147521,30
video_147610,12
video_147644,30
video_147663,23
video_147693,12
video_147704,31
video_147764,21
video_147911,30
video_147948,17
video_147951,19
video_147972,1
video_147996,24
video_148054,22
video_148065,10
video_148068,10
video_148202,6
video_148242,3
video_148245,22
video_148251,1
video_148252,22
video_148271,20
video_148305,18
video_148399,13
video_148465,5
video_148478,4
video_148527,31
video_148633,30
video_14864,17
video_148663,23
video_148674,17
video_148676,7
video_148759,0
video_148824,9
video_148825,12
video_148846,12
video_148857,12
video_148877,15
video_148922,6
video_148929,5
video_148934,20
video_148956,9
video_148959,1
video_149053,18
video_14907,22
video_149091,24
video_149093,29
video_149106,30
video_149125,4
video_149146,29
video_14921,29
video_149215,4
video_149226,0
video_149251,4
video_149253,22
video_149326,13
video_149340,14
video_149342,8
video_149375,5
video_149407,29
video_14943,10
video_149433,2
video_14945,9
video_149539,13
video_149602,4
video_149609,14
video_149620,31
video_149686,30
video_149690,29
video_149691,9
video_149727,20
video_149730,17
video_149746,0
video_149776,30
video_149794,9
video_149815,1
video_149850,23
video_149867,22
video_149885,28
video_149889,20
video_149933,6
video_149955,6
video_149957,22
video_149962,4
video_149982,30
video_15001,14
video_150049,0
video_150053,32
video_150114,1
video_150115,24
video_15013,32
video_150142,32
video_150152,12
video_150196,3
video_150210,6
video_150219,6
video_150231,31
video_150276,29
video_150322,1
video_150361,18
video_150372,31
video_150385,1
video_150425,1
video_150432,25
video_150446,14
video_150454,22
video_150478,10
video_150488,21
video_150546,6
video_150578,7
video_150619,11
video_150675,28
video_150679,32
video_150696,0
video_150718,4
video_150725,30
video_150727,31
video_150746,6
video_150865,29
video_150897,3
video_150908,6
video_150954,30
video_151075,0
video_151076,8
video_15109,3
video_151113,18
video_151163,3
video_151191,24
video_151209,4
video_151245,25
video_151251,24
video_151315,2
video_151325,6
video_151347,3
video_151410,1
video_151440,22
video_151470,20
video_151494,30
video_151502,32
video_151525,18
video_151557,8
video_151621,5
video_15167,0
video_151703,13
video_15171,3
video_151713,12
video_151748,9
video_151794,10
video_151817,10
video_151826,24
video_151840,30
video_151850,17
video_151890,4
video_151898,0
video_151918,24
video_151920,31
video_151966,2
video_151969,31
video_151971,1
video_151988,30
video_152014,29
video_152067,31
video_152082,18
video_152126,10
video_15214,22
video_152191,31
video_152311,3
video_152330,9
video_152332,9
video_152347,25
video_152388,13
video_152411,6
video_152433,24
video_152435,10
video_152498,32
video_152521,6
video_152568,18
video_152590,30
video_15260,7
video_152661,22
video_152764,14
video_152765,29
video_152848,7
video_152897,19
video_152901,6
video_152913,31
video_152930,31
video_15295,0
video_152962,1
video_153002,22
video_153016,0
video_153050,9
video_153093,9
video_153150,11
video_153156,30
video_153176,22
video_153206,14
video_153318,0
video_153334,15
video_153403,1
video_153406,22
video_153408,0
video_153436,25
video_153456,12
video_153472,30
video_153475,19
video_153488,7
video_15353,6
video_153616,4
video_15362,11
video_153674,29
video_153681,23
video_153737,6
video_153808,24
video_153833,18
video_153857,30
video_153933,31
video_153956,31
video_153987,31
video_153993,29
video_154021,30
video_15405,29
video_154075,0
video_154086,3
video_154102,9
video_154125,18
video_154134,2
video_154184,19
video_154235,14
video_154248,22
video_154284,10
video_15433,30
video_154408,4
video_154466,10
video_154495,22
video_154522,31
video_154538,23
video_154659,31
video_15471,19
video_154719,9
video_154725,4
video_154853,5
video_154878,4
video_154893,31
video_154901,10
video_155,5
video_15501,7
video_15502,18
video_155035,8
video_155036,18
video_155047,8
video_155074,8
video_155107,32
video_155115,6
video_155122,2
video_155219,22
video_155253,12
video_155263,1
video_155281,29
video_155318,28
video_155320,16
video_155349,29
video_15536,9
video_155393,0
video_155428,10
video_15548,8
video_155484,2
video_155507,20
video_155630,30
video_155662,23
video_155667,7
video_155698,1
video_155799,29
video_155800,5
video_155865,9
video_155867,30
video_155871,2
video_155888,18
video_155912,1
video_155944,12
video_156014,5
video_156049,19
video_156081,10
video_156111,31
video_156128,28
video_156143,20
video_156179,29
video_156215,22
video_156237,29
video_156263,17
video_156277,1
video_156314,23
video_156328,30
video_15638,31
video_156388,23
video_156389,8
video_156399,18
video_156416,4
video_156442,4
video_156448,12
video_156452,6
video_156467,28
video_156510,9
video_156513,7
video_156551,21
video_156667,3
video_156700,2
video_15671,28
video_156787,17
video_156811,30
video_156848,9
video_156861,1
video_156878,11
video_156932,10
video_156961,31
video_157007,6
video_157079,0
video_157103,0
video_157135,28
video_157153,22
video_157163,3
video_157189,6
video_157194,29
video_157295,25
video_157383,3
video_15740,1
video_157485,8
video_157558,23
video_15756,30
video_157612,32
video_157624,19
video_157677,1
video_157688,29
video_157727,6
video_157776,23
video_157791,7
video_157833,5
video_15789,29
video_158047,4
video_158139,9
video_158154,18
video_158184,21
video_158191,12
video_158202,5
video_158212,4
video_158215,1
video_158263,8
video_158302,21
video_158326,14
video_158328,0
video_158348,31
video_158350,0
video_158377,24
video_158385,18
video_158387,4
video_158424,12
video_158440,22
video_158497,14
video_158505,0
video_158566,31
video_158607,3
video_158637,23
video_158649,12
video_158657,7
video_158666,8
video_158676,9
video_158678,7
video_158712,24
video_158718,9
video_158743,18
video_158766,23
video_158780,15
video_15880,6
video_158819,13
video_158826,19
video_158836,18
video_158859,10
video_158866,29
video_15891,13
video_158998,6
video_159009,28
video_159087,23
video_159092,30
video_159139,29
video_159150,9
video_159156,30
video_159171,20
video_159173,22
video_159178,31
video_159186,10
video_159199,4
video_159218,18
video_159227,10
video_159261,21
video_159274,1
video_159292,6
video_159323,9
video_159388,25
video_159522,31
video_159545,3
video_159550,12
video_159561,29
video_159616,22
video_159633,6
video_15964,2
video_159839,0
video_159853,5
video_159861,14
video_159887,3
video_159940,30
video_159944,5
video_159955,1
video_159974,11
video_159978,14
video_159984,4
video_159985,18
video_15999,18
video_160064,3
video_16010,4
video_160118,4
video_16012,0
video_160123,1
video_160177,24
video_16018,29
video_160188,23
video_160242,10
video_160244,7
video_160248,4
video_160340,3
video_16036,28
video_160395,3
video_160516,8
video_160527,7
video_160579,12
video_160609,24
video_16061,29
video_160614,31
video_16063,24
video_160642,30
video_160654,0
video_160670,28
video_160722,3
video_160733,5
video_160740,18
video_160829,10
video_160847,31
video_160854,9
video_16086,29
video_160861,30
video_160869,26
video_160882,6
video_160889,32
video_160903,0
video_160960,8
video_16097,30
video_161019,1
video_16106,23
video_161080,9
video_161118,30
video_161122,32
video_161135,4
video_161136,3
video_161153,4
video_161198,19
video_1612,13
video_161226,9
video_161230,19
video_161261,6
video_161262,15
video_161272,31
video_161348,22
video_161391,1
video_161402,23
video_161413,10
video_161425,32
video_161445,28
video_161478,23
video_16151,14
video_161545,30
video_161565,14
video_161570,23
video_161590,30
video_161606,30
video_161612,1
video_161629,18
video_161707,5
video_161726,6
video_16177,21
video_161789,5
video_161803,6
video_161804,18
video_161827,32
video_161966,30
video_161994,4
video_162,31
video_162006,15
video_162060,21
video_162110,1
video_162157,7
video_162170,30
video_162195,14
video_162210,30
video_162216,23
video_16222,31
video_162230,15
video_162260,30
video_162279,30
video_162286,1
video_16229,23
video_162342,20
video_162355,12
video_162365,9
video_162389,18
video_162423,30
video_162434,29
video_16247,10
video_162567,9
video_162568,30
video_162577,19
video_162612,3
video_162660,31
video_162708,7
video_162725,10
video_162733,14
video_162741,24
video_162778,23
video_162815,18
video_162816,28
video_162837,31
video_162840,1
video_162847,6
video_162886,7
video_162919,0
video_162930,11
video_162935,10
video_162950,25
video_16297,0
video_163045,13
video_163102,29
video_16316,12
video_163178,5
video_163184,32
video_163209,3
video_163211,16
video_16322,2
video_163239,18
video_163274,30
video_163276,14
video_163287,12
video_163325,13
video_163356,9
video_163367,30
video_163415,22
video_163437,2
video_163451,22
video_163452,13
video_163455,8
video_163464,19
video_16347,18
video_1635,20
video_16356,10
video_163582,14
video_16360,30
video_163640,18
video_163722,17
video_163744,4
video_163812,10
video_163818,15
video_163866,8
video_163873,30
video_163882,24
video_163924,10
video_164015,12
video_164020,3
video_164033,7
video_164035,31
video_164052,28
video_164075,11
video_164091,22
video_164120,9
video_164136,31
video_16415,30
video_164268,9
video_164311,3
video_164312,0
video_164316,30
video_164333,22
video_164341,1
video_164345,10
video_164350,9
video_164409,9
video_164434,3
video_164477,1
video_164489,32
video_164506,4
video_164526,21
video_164575,7
video_164580,3
video_164591,3
video_16461,31
video_16462,2
video_16464,10
video_164689,9
video_164702,30
video_164704,16
video_16472,13
video_164738,22
video_164752,28
video_164782,8
video_164789,24
video_164822,1
video_164833,14
video_164879,30
video_164888,11
video_164899,29
video_16491,18
video_164922,9
video_164944,5
video_164949,31
video_164958,29
video_164962,5
video_164988,4
video_164992,31
video_165020,14
video_165063,31
video_165084,23
video_165089,4
video_165111,9
video_165247,13
video_16530,9
video_165314,31
video_165321,10
video_165392,5
video_165394,5
video_165439,0
video_165456,12
video_16546,19
video_165472,20
video_165473,29
video_165493,20
video_165563,20
video_165602,10
video_165633,0
video_16564,15
video_165654,3
video_165661,23
video_165721,10
video_165722,13
video_165758,12
video_165773,19
video_165777,4
video_165783,30
video_165839,12
video_165864,5
video_16590,30
video_165904,18
video_16592,23
video_165926,12
video_16594,10
video_165944,0
video_165958,14
video_16598,28
video_166051,12
video_166066,29
video_166117,2
video_166146,23
video_166155,23
video_166167,31
video_166189,6
video_166268,19
video_166279,29
video_166284,4
video_166310,30
video_166313,5
video_166391,28
video_166429,28
video_166473,5
video_166510,0
video_166516,18
video_166528,18
video_166533,8
video_166545,14
video_166594,5
video_166623,30
video_166679,29
video_166740,10
video_166747,1
video_166822,6
video_166918,2
video_16692,11
video_166928,12
video_166930,5
video_166998,9
video_167016,3
video_167087,18
video_167125,18
video_167217,23
video_167234,9
video_1673,7
video_167305,30
video_16731,17
video_167368,22
video_167375,6
video_167402,32
video_167429,30
video_167454,7
video_167467,29
video_167481,6
video_167600,31
video_167619,9
video_167673,7
video_167692,29
video_167696,12
video_167712,12
video_167724,8
video_167742,17
video_167752,20
video_167755,3
video_167757,10
video_167774,8
video_167817,17
video_167824,10
video_167902,19
video_167955,4
video_167978,6
video_168012,14
video_168026,14
video_168064,25
video_168095,32
video_1681,29
video_168139,6
video_168158,30
video_168302,8
video_168328,1
video_168399,6
video_168422,18
video_168472,30
video_168490,3
video_168665,29
video_168686,6
video_168695,18
video_168739,5
video_168759,30
video_168767,29
video_16877,1
video_168817,30
video_168830,1
video_16885,7
video_168869,18
video_168886,11
video_168895,25
video_168901,1
video_168909,22
video_168920,12
video_168925,8
video_168955,12
video_168979,8
video_16898,28
video_169008,8
video_169077,14
video_169109,29
video_169140,19
video_16915,31
video_169182,2
video_169243,18
video_169252,13
video_169282,3
video_169290,0
video_169304,9
video_169320,6
video_169340,8
video_169341,5
video_169345,22
video_169366,0
video_169407,8
video_16941,22
video_169427,13
video_169455,6
video_169486,15
video_169557,29
video_169596,23
video_16964,9
video_169680,30
video_169722,29
video_169741,4
video_169744,6
video_169752,8
video_16976,7
video_169762,14
video_169798,13
video_169823,29
video_169869,23
video_169902,31
video_169979,6
video_169988,12
video_170048,32
video_170059,5
video_170060,24
video_170072,18
video_170102,1
video_170117,14
video_170133,4
video_170201,2
video_17022,9
video_17025,22
video_170311,5
video_170348,9
video_170370,30
video_17041,9
video_170448,8
video_170473,5
video_170477,17
video_170545,19
video_170582,31
video_170589,12
video_170620,22
video_170669,3
video_170695,9
video_170697,9
video_170745,8
video_170755,31
video_17078,23
video_170825,10
video_170978,21
video_171009,10
video_171090,9
video_171120,10
video_171143,15
video_171171,12
video_171176,4
video_171197,8
video_171247,31
video_171265,7
video_171266,1
video_171314,28
video_171385,24
video_171425,21
video_171530,8
video_171532,19
video_171561,11
video_17165,19
video_171654,9
video_1717,22
video_171700,30
video_171714,17
video_171727,30
video_171735,25
video_17175,11
video_171773,8
video_171799,12
video_171840,19
video_171857,30
video_171858,14
video_171860,6
video_171902,1
video_171916,20
video_171928,5
video_171930,12
video_171943,1
video_171978,22
video_171990,6
video_172005,12
video_172016,28
video_172035,23
video_172048,28
video_172053,31
video_172065,14
video_172071,18
video_172085,14
video_172126,0
video_172137,9
video_172148,12
video_172153,30
video_172178,30
video_172210,5
video_17222,18
video_172278,18
video_172298,8
video_172311,31
video_172324,5
video_172376,20
video_172396,6
video_172441,30
video_172484,10
video_172534,30
video_172562,0
video_172593,1
video_17260,7
video_172615,5
video_17263,25
video_172659,32
video_172668,1
video_172691,5
video_172723,12
video_172806,7
video_172825,9
video_172850,30
video_172862,9
video_172875,8
video_172894,29
video_172950,8
video_172996,2
video_173004,23
video_173032,18
video_173054,9
video_17313,1
video_173138,9
video_173141,29
video_173165,18
video_17318,3
video_173213,16
video_173217,2
video_173223,14
video_173236,29
video_173271,9
video_173332,1
video_173334,3
video_173356,30
video_173381,1
video_173445,31
video_173473,20
video_173482,28
video_173493,4
video_173517,7
video_173518,3
video_17352,19
video_173543,11
video_17355,31
video_173560,12
video_17357,23
video_173583,29
video_173589,1
video_17359,13
video_173608,5
video_173636,9
video_173672,9
video_173822,23
video_173826,9
video_173830,7
video_173868,30
video_173891,28
video_173899,24
video_173935,9
video_173958,11
video_173961,30
video_173973,8
video_173976,7
video_174018,12
video_17402,29
video_174029,0
video_17403,4
video_174059,6
video_174107,30
video_17412,11
video_174161,4
video_174177,17
video_174201,3
video_174266,8
video_174278,30
video_174321,30
video_174357,6
video_174359,5
video_174368,21
video_174383,17
video_174391,29
video_174403,7
video_174408,31
video_174413,23
video_1745,12
video_174528,10
video_174601,6
video_174602,18
video_174661,29
video_174697,1
video_174701,17
video_174727,12
video_17477,9
video_174833,1
video_174848,1
video_174849,30
video_174883,28
video_174888,1
video_174910,31
video_174916,12
video_174937,4
video_174944,16
video_174968,5
video_17499,23
video_174998,8
video_175001,14
video_175042,3
video_175047,30
video_175102,28
video_175106,1
video_175134,4
video_175226,10
video_175241,4
video_175249,5
video_175262,9
video_175310,28
video_175316,19
video_175333,2
video_175351,0
video_175368,30
video_175411,24
video_175424,32
video_175433,5
video_175485,11
video_175504,0
video_175514,2
video_175523,7
video_175530,0
video_175611,31
video_175651,9
video_175773,8
video_175784,30
video_175787,18
video_175820,29
video_175893,8
video_175898,31
video_175906,31
video_175928,30
video_175943,9
video_175950,30
video_17596,30
video_176002,14
video_176044,4
video_176084,29
video_176100,9
video_17613,30
video_176138,4
video_176184,29
video_176210,30
video_176260,12
video_176279,12
video_176376,31
video_176380,18
video_176387,18
video_176394,29
video_176427,30
video_176430,31
video_176490,28
video_176526,8
video_176536,15
video_176575,12
video_176636,3
video_176646,18
video_176658,18
video_176693,3
video_17671,10
video_176751,18
video_176752,20
video_176783,30
video_176796,1
video_176812,29
video_17687,6
video_176886,30
video_176900,22
video_176985,25
video_177022,7
video_17706,10
video_177062,14
video_177121,2
video_17718,8
video_177208,8
video_177210,14
video_177232,6
video_177391,6
video_177458,30
video_177477,21
video_177504,12
video_177511,24
video_177520,14
video_177529,12
video_17755,3
video_17756,28
video_177566,24
video_177588,28
video_177605,29
video_177613,31
video_177670,4
video_177681,31
video_177692,3
video_177706,2
video_177732,16
video_177781,0
video_177792,28
video_177828,29
video_177856,22
video_177892,1
video_177914,1
video_177942,29
video_177983,20
video_178016,14
video_178030,30
video_178031,0
video_178040,10
video_178078,32
video_178092,9
video_178096,24
video_178140,32
video_178175,12
video_178180,7
video_178184,9
video_178196,29
video_178286,12
video_178303,30
video_178328,5
video_178365,9
video_178394,14
video_178412,14
video_178414,32
video_178460,7
video_178469,1
video_178498,5
video_178504,10
video_178505,30
video_178524,1
video_178532,10
video_178537,8
video_178553,30
video_178607,30
video_178614,12
video_178619,23
video_17862,5
video_178707,4
video_17871,30
video_178766,17
video_178811,0
video_178826,29
video_178881,12
video_178898,30
video_178930,0
video_178981,22
video_178997,29
video_179008,5
video_179020,32
video_179036,8
video_179052,10
video_179056,23
video_179109,32
video_179146,1
video_179236,30
video_179241,4
video_179242,31
video_179250,30
video_179258,5
video_179275,18
video_179287,5
video_179290,14
video_179291,9
video_179333,13
video_179348,5
video_179372,22
video_179374,4
video_179417,12
video_179486,9
video_179587,1
video_179591,8
video_179632,19
video_179658,12
video_179707,14
video_17975,31
video_179752,29
video_179760,1
video_179784,22
video_179826,22
video_179878,16
video_17988,10
video_179911,22
video_179919,0
video_179955,12
video_179966,30
video_179980,4
video_179984,7
video_180003,9
video_180014,14
video_180060,0
video_180064,20
video_180107,13
video_180150,22
video_180157,6
video_180181,12
video_180184,30
video_180202,4
video_180232,12
video_180282,30
video_1803,6
video_180314,1
video_180335,29
video_180415,32
video_180427,15
video_180433,25
video_180437,1
video_180441,29
video_18045,31
video_180469,32
video_180477,12
video_180506,14
video_180539,12
video_180546,12
video_180579,29
video_180748,13
video_180762,19
video_180800,10
video_180808,18
video_180813,22
video_180821,9
video_18085,0
video_180875,24
video_180926,4
video_180943,25
video_180961,1
video_180994,24
video_181005,29
video_181047,22
video_181113,7
video_181176,11
video_181201,19
video_181218,4
video_181221,7
video_18128,32
video_181308,13
video_181333,19
video_181355,32
video_181361,2
video_181395,29
video_181453,28
video_181469,28
video_181472,24
video_18149,25
video_181525,30
video_181562,7
video_181675,3
video_181700,3
video_181723,10
video_181743,1
video_181771,10
video_181780,30
video_181843,3
video_181855,14
video_181884,21
video_182010,0
video_18211,8
video_182116,14
video_182145,30
video_182213,6
video_182234,2
video_182289,12
video_18229,12
video_182308,30
video_182310,1
video_182334,12
video_182356,25
video_182409,30
video_182412,1
video_182449,18
video_182469,7
video_182499,29
video_182500,10
video_182541,3
video_182612,31
video_182624,29
video_182746,9
video_182765,1
video_182822,10
video_182872,14
video_182883,8
video_182901,6
video_182927,32
video_182931,12
video_182956,9
video_182984,4
video_182992,2
video_18304,9
video_183071,30
video_183084,30
video_183088,4
video_183127,1
video_183161,5
video_18317,22
video_18319,7
video_183213,5
video_183220,2
video_18326,16
video_183325,14
video_183360,19
video_183369,18
video_183383,16
video_183395,0
video_183419,31
video_183441,29
video_183445,9
video_183446,15
video_183476,9
video_183481,18
video_183509,31
video_183561,12
video_183562,4
video_183587,1
video_183617,29
video_183634,10
video_183647,9
video_183665,31
video_183704,1
video_183780,30
video_183785,4
video_183819,21
video_183822,31
video_183842,12
video_183857,4
video_183871,7
video_183886,30
video_183895,4
video_183896,32
video_183903,7
video_183907,0
video_183910,8
video_183918,32
video_183994,0
video_184055,12
video_184071,9
video_184076,9
video_184105,29
video_184151,23
video_184156,4
video_184217,3
video_184250,9
video_184259,7
video_184260,23
video_184299,9
video_184352,21
video_184363,9
video_184367,8
video_184542,32
video_184576,14
video_184586,5
video_184594,24
video_18464,7
video_184664,29
video_184729,20
video_184738,29
video_18474,6
video_184752,2
video_184777,30
video_184787,0
video_184839,29
video_184885,17
video_184912,30
video_184915,4
video_185172,8
video_185179,12
video_185222,7
video_185238,25
video_185254,4
video_185273,32
video_185347,10
video_185412,29
video_185433,10
video_185450,14
video_185452,23
video_18546,9
video_18549,31
video_185505,6
video_185524,15
video_185564,1
video_185623,31
video_185678,7
video_185694,31
video_185744,14
video_185750,29
video_185783,15
video_185812,30
video_185850,12
video_185859,24
video_185869,0
video_185874,20
video_185898,23
video_185911,0
video_185971,23
video_186010,5
video_186028,22
video_186047,6
video_186051,23
video_186134,31
video_186147,30
video_186174,7
video_186178,10
video_186199,6
video_186257,10
video_186306,7
video_186308,31
video_186359,6
video_186363,9
video_186377,6
video_186420,19
video_186429,16
video_18644,14
video_186486,20
video_186490,30
video_186497,9
video_186561,22
video_186581,31
video_186611,8
video_186637,12
video_186657,17
video_186812,14
video_186832,30
video_186840,22
video_186869,6
video_186981,21
video_186983,9
video_186997,12
video_187008,1
video_187019,8
video_18703,19
video_187092,5
video_187119,4
video_187123,0
video_187154,9
video_187205,4
video_187208,6
video_187259,0
video_187266,17
video_187267,3
video_187313,22
video_187333,3
video_187339,0
video_187348,1
video_187364,18
video_187367,8
video_187436,19
video_187461,4
video_187538,6
video_187545,9
video_187548,28
video_187570,29
video_18758,1
video_18762,20
video_18765,12
video_187650,10
video_187652,12
video_187725,31
video_187736,8
video_187763,29
video_187811,8
video_187826,10
video_187837,1
video_187865,20
video_187929,12
video_187945,13
video_187972,12
video_188023,3
video_188045,12
video_188098,21
video_188128,21
video_188135,30
video_188205,4
video_188210,3
video_18835,4
video_188354,25
video_188370,24
video_188380,29
video_188389,25
video_188414,6
video_188448,30
video_188456,22
video_188520,18
video_188545,31
video_188554,12
video_188565,9
video_18858,8
video_188645,31
video_188690,9
video_188736,1
video_188738,20
video_188750,0
video_188753,7
video_188807,6
video_188812,5
video_188822,25
video_18892,7
video_189004,32
video_189163,28
video_189179,19
video_189181,10
video_189253,3
video_189263,22
video_189288,18
video_189293,22
video_189299,11
video_189339,10
video_189378,1
video_189384,5
video_189415,7
video_189431,10
video_189549,22
video_189573,9
video_189612,18
video_189637,5
video_189648,1
video_189709,9
video_189724,7
video_189754,3
video_18978,30
video_18982,14
video_189826,29
video_18987,28
video_1899,22
video_189912,17
video_189922,10
video_189958,28
video_19002,29
video_190047,21
video_19008,18
video_1901,28
video_190116,30
video_190150,24
video_190160,32
video_190206,14
video_190216,31
video_190231,1
video_190240,19
video_190277,9
video_19028,9
video_190291,30
video_190308,8
video_190315,29
video_190328,8
video_190355,11
video_19037,9
video_190390,18
video_1904,22
video_190402,21
video_190418,20
video_190433,21
video_190526,9
video_190548,3
video_190550,7
video_190588,7
video_190618,6
video_190633,14
video_190635,7
video_190637,23
video_190653,7
video_190656,0
video_190736,4
video_190772,11
video_190798,30
video_190802,4
video_190813,9
video_190843,31
video_190867,5
video_190929,28
video_190979,7
video_19103,16
video_191051,12
video_191094,7
video_191103,8
video_191116,9
video_191126,0
video_191216,8
video_191252,32
video_191274,30
video_19128,31
video_191317,4
video_191372,6
video_191374,29
video_191387,1
video_1914,8
video_191478,1
video_191554,5
video_191617,29
video_191633,18
video_191655,12
video_191672,23
video_191679,19
video_191755,17
video_191794,13
video_191823,9
video_191830,31
video_19188,1
video_191886,24
video_191943,15
video_191994,0
video_192031,23
video_192042,5
video_192080,30
video_192139,11
video_192163,18
video_192176,28
video_19218,22
video_192221,20
video_192227,6
video_19224,14
video_192246,15
video_192284,1
video_192295,5
video_192340,5
video_192402,9
video_192404,9
video_192429,30
video_192444,28
video_192448,17
video_192464,29
video_192479,30
video_192497,4
video_192502,28
video_192590,32
video_192620,12
video_192646,28
video_192656,29
video_192681,22
video_192713,14
video_192742,31
video_192804,29
video_192890,22
video_192891,22
video_192911,12
video_19297,1
video_193022,2
video_193027,9
video_193039,18
video_193044,24
video_193058,5
video_193081,2
video_193094,22
video_193118,3
video_193126,1
video_19315,5
video_193158,5
video_193227,7
video_193245,9
video_193330,2
video_193339,14
video_193346,1
video_193393,17
video_193395,23
video_193427,3
video_193446,6
video_193467,1
video_193481,6
video_193539,5
video_193561,30
video_193631,16
video_19366,19
video_193665,22
video_193812,29
video_193823,3
video_193836,4
video_193881,5
video_193893,4
video_193915,30
video_193982,11
video_193990,6
video_193995,9
video_193999,29
video_194146,6
video_194177,3
video_194193,31
video_19422,18
video_19423,6
video_194259,32
video_194261,18
video_194302,18
video_194305,24
video_194362,30
video_194365,3
video_194510,7
video_194515,32
video_194572,30
video_194626,3
video_194636,32
video_194661,6
video_194665,15
video_194690,9
video_194694,3
video_1947,28
video_19470,21
video_194701,23
video_194707,6
video_194738,28
video_194752,4
video_194770,1
video_194813,0
video_194871,30
video_194910,3
video_194968,6
video_195030,10
video_195054,1
video_195069,1
video_195070,29
video_195079,18
video_195095,30
video_195137,14
video_195170,23
video_19527,11
video_19529,6
video_195291,28
video_195325,1
video_19533,15
video_195346,24
video_195361,1
video_195377,3
video_195426,9
video_195436,3
video_195512,9
video_19554,6
video_195556,30
video_195659,18
video_195687,1
video_195712,30
video_195822,18
video_195856,1
video_195862,5
video_195892,30
video_195944,11
video_195947,12
video_195973,12
video_195978,3
video_196014,32
video_196029,12
video_196071,4
video_196073,25
video_196280,12
video_196322,7
video_196338,22
video_196339,29
video_196348,20
video_196371,31
video_19638,4
video_196439,13
video_19649,28
video_196513,23
video_196518,5
video_196551,4
video_196601,4
video_196619,0
video_196634,30
video_196667,14
video_196704,3
video_196711,2
video_196727,6
video_196739,9
video_196813,29
video_196850,12
video_196873,1
video_196914,1
video_196922,10
video_197033,24
video_197035,3
video_197078,15
video_197150,20
video_197212,6
video_197218,14
video_197246,7
video_19726,6
video_197285,4
video_197304,7
video_197305,29
video_197307,28
video_197326,32
video_197460,4
video_197467,21
video_197521,0
video_197550,28
video_197567,10
video_197570,14
video_197632,0
video_197637,12
video_197638,0
video_197722,3
video_197731,30
video_197753,1
video_197781,9
video_197804,7
video_197827,28
video_197863,9
video_197893,3
video_197909,30
video_197916,4
video_19793,25
video_197932,5
video_198061,9
video_19808,24
video_198097,30
video_198135,9
video_198137,14
video_198196,4
video_19820,13
video_198255,17
video_198274,31
video_19829,17
video_198292,0
video_198305,28
video_19835,12
video_198354,32
video_198355,4
video_198358,28
video_198363,12
video_198373,7
video_198396,30
video_198398,23
video_198411,30
video_198425,6
video_198480,2
video_198532,2
video_198555,1
video_198558,28
video_198568,9
video_198627,5
video_198632,14
video_198636,5
video_198658,22
video_198721,19
video_19873,30
video_198818,2
video_198830,5
video_198895,9
video_198910,1
video_198917,12
video_198958,14
video_198960,4
video_198983,10
video_199026,14
video_199033,8
video_199053,25
video_199083,0
video_199084,29
video_199139,20
video_19914,10
video_199195,22
video_199216,0
video_199265,8
video_19930,1
video_199323,0
video_199349,12
video_199379,29
video_199407,29
video_199529,9
video_199586,7
video_199613,30
video_199686,24
video_199718,22
video_199731,2
video_199852,3
video_199859,0
video_199860,30
video_199891,5
video_1999,7
video_199914,6
video_199938,28
video_199943,16
video_199952,11
video_199954,29
video_199969,18
video_200048,22
video_200070,23
video_200135,29
video_200150,0
video_200156,13
video_200157,12
video_200171,18
video_200177,9
video_200209,9
video_200216,14
video_200228,22
video_200236,0
video_200291,9
video_200321,4
video_200326,7
video_200327,1
video_200348,7
video_200352,21
video_200385,29
video_200411,0
video_200440,14
video_200442,31
video_200463,24
video_200582,9
video_200595,28
video_200622,28
video_200624,23
video_200693,21
video_200703,3
video_200786,7
video_200802,31
video_200850,5
video_200874,28
video_200965,17
video_200969,4
video_20098,12
video_201042,0
video_201079,30
video_201095,6
video_201114,23
video_201126,28
video_201139,32
video_201153,5
video_201174,29
video_201199,8
video_201213,8
video_201222,19
video_201256,9
video_201267,3
video_201277,29
video_201291,19
video_201295,12
video_201326,18
video_201407,20
video_201444,1
video_201451,2
video_201457,31
video_201500,31
video_201503,4
video_201519,9
video_20155,30
video_201639,30
video_201652,4
video_201723,9
video_201733,23
video_201820,5
video_201856,23
video_20186,1
video_201873,9
video_201891,20
video_201905,32
video_201912,19
video_201932,28
video_201948,3
video_201955,12
video_201969,19
video_202005,6
video_202007,30
video_202035,20
video_202044,2
video_202097,4
video_202136,9
video_202161,12
video_202191,22
video_202193,31
video_202215,1
video_202223,3
video_20225,8
video_20227,4
video_202311,22
video_202387,0
video_202393,10
video_202452,11
video_2025,32
video_202515,24
video_202534,31
video_202577,29
video_202578,8
video_202593,32
video_202635,23
video_202639,23
video_202648,6
video_202666,3
video_202700,31
video_202706,4
video_202710,2
video_202739,32
video_20274,4
video_202745,4
video_202798,31
video_202894,5
video_202922,7
video_202932,14
video_202937,29
video_20297,32
video_202971,30
video_202976,17
video_20301,2
video_203022,9
video_20303,1
video_203069,3
video_203155,9
video_203178,22
video_203241,29
video_203245,29
video_203261,7
video_203264,22
video_203321,18
video_203329,31
video_203365,11
video_203386,9
video_203388,19
video_203390,0
video_203443,20
video_203446,29
video_203458,14
video_203480,22
video_203484,25
video_203486,10
video_203494,8
video_203515,1
video_203526,24
video_203557,23
video_203572,8
video_203606,1
video_203607,31
video_203674,17
video_203675,10
video_20369,8
video_203738,20
video_203812,10
video_203831,24
video_203876,32
video_203889,5
video_20392,2
video_203962,30
video_203964,23
video_203984,28
video_203987,29
video_203998,22
video_204002,10
video_204004,8
video_204020,3
video_204066,18
video_204077,19
video_204078,28
video_204091,6
video_204102,25
video_204117,3
video_204179,7
video_204195,18
video_204252,30
video_204283,24
video_204320,14
video_204363,12
video_204460,0
video_204461,0
video_204467,10
video_204510,21
video_20453,22
video_204538,30
video_20465,7
video_204653,24
video_204688,9
video_204699,3
video_204730,8
video_204745,5
video_204834,30
video_204903,14
video_204930,29
video_204975,14
video_204989,5
video_205019,0
video_205043,8
video_205052,23
video_205055,31
video_205080,3
video_205153,6
video_205157,31
video_205176,3
video_205224,1
video_205322,18
video_20541,32
video_205431,2
video_205536,4
video_205549,31
video_205579,30
video_205599,30
video_205628,7
video_205647,30
video_20566,28
video_205675,31
video_205699,14
video_205709,6
video_205711,3
video_205712,4
video_205755,4
video_205772,29
video_205808,4
video_205823,23
video_205836,4
video_205845,8
video_205879,1
video_205895,29
video_205907,5
video_205925,18
video_205929,3
video_205947,9
video_206018,3
video_206032,20
video_206087,7
video_20614,31
video_206140,9
video_206173,25
video_206196,14
video_20624,30
video_20625,5
video_206271,31
video_206277,32
video_206278,23
video_206301,4
video_20634,31
video_206352,9
video_206363,30
video_206386,10
video_206431,0
video_206458,10
video_206461,9
video_206464,16
video_206472,4
video_206543,31
video_206547,25
video_206712,7
video_206718,19
video_206777,8
video_206778,18
video_206802,1
video_206901,10
video_206908,12
video_206959,1
video_206976,30
video_2070,29
video_207006,21
video_207057,20
video_207091,29
video_207092,31
video_207203,23
video_207218,5
video_207219,25
video_207253,0
video_207293,14
video_207294,32
video_207324,29
video_20734,16
video_207371,22
video_207381,1
video_207415,24
video_207434,29
video_207463,12
video_207485,1
video_207538,30
video_207562,12
video_207631,3
video_207675,16
video_2077,29
video_207711,12
video_207743,9
video_207758,14
video_207764,4
video_207787,10
video_207788,4
video_20779,10
video_207878,30
video_207957,23
video_207958,15
video_207964,24
video_207965,1
video_207978,6
video_208,1
video_208008,10
video_20804,22
video_208053,3
video_208082,8
video_208089,22
video_208120,1
video_208140,30
video_208153,3
video_208159,5
video_208161,14
video_208164,30
video_208170,14
video_208183,12
video_208187,8
video_208239,4
video_208241,10
video_208293,1
video_208317,1
video_208319,6
video_208358,3
video_208378,0
video_208477,30
video_208480,29
video_208489,22
video_208498,29
video_208549,24
video_208583,7
video_208593,31
video_208624,23
video_208704,30
video_208756,9
video_20883,2
video_208849,21
video_208906,4
video_208986,6
video_209119,5
video_209135,32
video_209181,7
video_209211,1
video_209242,12
video_209303,17
video_209318,9
video_209333,10
video_209340,8
video_20935,4
video_209377,24
video_209390,23
video_209391,18
video_209456,9
video_209489,19
video_209527,24
video_209570,12
video_209591,24
video_209638,28
video_20966,14
video_209685,5
video_209707,28
video_209747,7
video_209793,24
video_209803,22
video_209815,14
video_209816,16
video_209822,14
video_209850,9
video_209881,12
video_209922,30
video_209927,6
video_20996,10
video_209991,12
video_210006,29
video_210015,4
video_210016,4
video_210027,10
video_210034,3
video_210086,12
video_21010,13
video_210102,14
video_210112,19
video_210148,30
video_210170,6
video_210197,12
video_210363,8
video_210377,22
video_210379,28
video_21039,9
video_210416,7
video_210420,31
video_210475,9
video_21048,30
video_210532,10
video_210540,30
video_210547,1
video_210571,4
video_21060,31
video_210622,20
video_210685,2
video_210708,9
video_210717,21
video_210792,11
video_210813,12
video_210820,7
video_210893,29
video_21092,7
video_210936,5
video_211021,18
video_211026,21
video_21103,9
video_211063,7
video_21109,0
video_211105,12
video_211147,30
video_211174,13
video_211177,5
video_211192,14
video_211214,3
video_211302,0
video_211327,10
video_211332,29
video_211388,25
video_211395,2
video_211405,1
video_211422,15
video_211576,30
video_211594,10
video_211733,7
video_211746,9
video_21188,8
video_21189,5
video_2119,14
video_211907,8
video_21196,1
video_211976,1
video_211988,1
video_212045,11
video_212077,14
video_212087,4
video_212093,18
video_212103,4
video_212108,5
video_212159,6
video_212193,1
video_212255,8
video_21227,12
video_212285,7
video_212298,12
video_212339,2
video_212385,3
video_212397,6
video_212402,5
video_21242,30
video_212433,20
video_212435,8
video_212439,26
video_212513,29
video_212641,30
video_212663,28
video_212675,18
video_212772,22
video_212849,24
video_212875,1
video_212886,4
video_212933,22
video_212962,0
video_212968,14
video_213015,9
video_213016,1
video_213054,10
video_213186,12
video_213223,5
video_21323,12
video_213248,19
video_213282,19
video_213285,12
video_213287,6
video_213303,30
video_213374,7
video_213375,4
video_213419,3
video_213445,6
video_213482,18
video_213489,10
video_213492,12
video_213494,29
video_213507,14
video_21352,1
video_213540,0
video_21356,3
video_213570,1
video_213596,1
video_213654,31
video_213706,19
video_213736,31
video_213769,8
video_213771,23
video_213789,16
video_213818,28
video_213820,16
video_213849,32
video_213852,8
video_213979,30
video_214057,8
video_214075,29
video_214079,1
video_214096,12
video_21410,1
video_21413,32
video_214143,32
video_214156,24
video_214259,24
video_214282,9
video_214298,31
video_21430,10
video_214326,18
video_21441,30
video_214474,14
video_214499,19
video_214514,6
video_214542,7
video_214547,29
video_21455,14
video_214560,29
video_214591,14
video_214627,32
video_214645,14
video_214665,3
video_214672,14
video_214683,23
video_214713,31
video_214758,12
video_214780,1
video_214812,30
video_214868,18
video_214908,5
video_21498,0
video_214986,4
video_215001,28
video_215013,5
video_215031,31
video_215037,17
video_215038,1
video_215040,23
video_215043,17
video_215073,4
video_215084,30
video_215130,31
video_21516,10
video_215175,0
video_215201,3
video_21521,12
video_215260,3
video_215267,30
video_21533,11
video_215372,0
video_215415,10
video_215420,0
video_215423,30
video_215443,12
video_215455,3
video_215483,18
video_215510,9
video_21554,13
video_215544,9
video_215567,8
video_215617,16
video_215620,12
video_21567,23
video_21577,5
video_215802,18
video_21582,14
video_215846,9
video_215877,12
video_215908,30
video_215933,19
video_215940,20
video_215982,20
video_216011,25
video_216029,9
video_216056,12
video_216061,5
video_216080,9
video_216083,4
video_216084,10
video_216228,7
video_21628,25
video_21634,29
video_216371,14
video_216490,1
video_216495,30
video_216502,30
video_216522,22
video_216581,2
video_216644,14
video_216695,12
video_216702,7
video_21671,9
video_216710,6
video_216721,14
video_216766,5
video_216805,8
video_216812,1
video_216824,31
video_216892,5
video_216916,28
video_216919,19
video_216944,31
video_216955,0
video_216957,17
video_216976,15
video_217007,6
video_217008,8
video_217010,14
video_217032,7
video_217046,32
video_21710,6
video_217101,0
video_217113,15
video_217148,23
video_217169,10
video_217175,5
video_217206,12
video_217318,1
video_217319,0
video_217323,7
video_217375,4
video_217407,6
video_217474,5
video_217532,28
video_217538,12
video_217561,12
video_217599,3
video_217654,29
video_217658,12
video_217708,6
video_217767,11
video_217773,23
video_2178,8
video_217881,32
video_217882,1
video_217884,1
video_217951,3
video_217962,24
video_218024,22
video_218160,9
video_218176,7
video_218241,6
video_21825,10
video_218279,14
video_218297,1
video_218322,14
video_218351,29
video_21836,14
video_21842,2
video_21846,7
video_218488,28
video_218519,30
video_218540,19
video_218545,1
video_218546,7
video_218600,1
video_218653,30
video_218688,5
video_218724,14
video_218734,12
video_218754,12
video_218786,12
video_218840,31
video_218855,1
video_218933,14
video_218975,10
video_218982,29
video_2190,30
video_219025,8
video_219040,14
video_219041,18
video_219061,4
video_219082,4
video_219098,11
video_219142,4
video_219143,12
video_219246,13
video_219265,0
video_219273,9
video_21929,15
video_219417,8
video_219469,12
video_219472,25
video_219496,7
video_219582,12
video_219624,7
video_219632,5
video_219686,5
video_219702,21
video_219707,30
video_219723,25
video_21980,24
video_219809,8
video_219826,18
video_219855,6
video_219862,2
video_219879,30
video_219885,12
video_219903,12
video_219945,8
video_219987,18
video_219988,18
video_22000,4
video_220002,9
video_220017,2
video_220066,14
video_220141,32
video_220180,12
video_220211,11
video_220221,31
video_220283,31
video_220348,4
video_220370,31
video_220477,31
video_220508,22
video_220549,11
video_220586,10
video_220623,9
video_22068,25
video_22069,14
video_220696,31
video_220746,20
video_220747,30
video_220770,7
video_220812,7
video_220846,4
video_22096,31
video_22120,1
video_22142,5
video_22153,10
video_22247,22
video_22248,22
video_22289,18
video_22322,9
video_22328,14
video_2238,17
video_22403,9
video_22441,6
video_22442,17
video_22445,7
video_22507,10
video_22547,7
video_22605,10
video_22626,23
video_22640,8
video_22716,6
video_22718,6
video_22749,31
video_2275,1
video_22760,29
video_22766,31
video_22770,4
video_22866,4
video_22891,0
video_22907,7
video_22945,7
video_23006,28
video_23028,0
video_23049,12
video_23056,10
video_23060,1
video_23203,1
video_23236,5
video_23237,31
video_23251,1
video_23288,30
video_23321,30
video_23405,19
video_23418,29
video_23419,30
video_23456,5
video_23467,9
video_23489,12
video_23502,9
video_23555,8
video_23557,3
video_23627,28
video_23631,1
video_23693,31
video_23725,22
video_23779,30
video_23790,14
video_23815,6
video_23824,30
video_23902,29
video_23939,0
video_23962,18
video_23964,8
video_24092,4
video_24101,0
video_24161,6
video_24214,7
video_24225,1
video_24251,19
video_24351,5
video_2439,14
video_24390,18
video_24439,29
video_24453,5
video_24510,4
video_24538,1
video_24540,22
video_24570,10
video_24607,1
video_2464,28
video_24690,31
video_24694,25
video_24713,8
video_24722,0
video_24757,7
video_24771,24
video_24810,25
video_2484,9
video_24841,7
video_24869,23
video_24901,29
video_24916,4
video_24936,1
video_2495,1
video_24953,7
video_24956,32
video_25016,31
video_25030,2
video_25054,29
video_25056,3
video_25154,3
video_2518,1
video_25263,31
video_25325,3
video_25362,32
video_25369,9
video_25390,22
video_25391,22
video_25417,12
video_25459,7
video_25460,9
video_25553,30
video_2557,31
video_25698,22
video_257,4
video_25749,28
video_25766,19
video_25767,9
video_25778,4
video_25780,22
video_25826,31
video_25856,0
video_25862,14
video_25930,10
video_25934,23
video_25936,22
video_2596,12
video_26015,8
video_26059,13
video_26069,31
video_2607,29
video_26070,12
video_26074,12
video_26100,14
video_26143,12
video_26153,29
video_26168,11
video_26194,8
video_26197,12
video_26219,14
video_26318,12
video_26363,31
video_26388,25
video_26452,14
video_2647,2
video_2651,28
video_26515,4
video_26523,30
video_26540,30
video_26566,29
video_26613,29
video_26662,31
video_26666,14
video_26686,20
video_2672,23
video_26798,3
video_26840,28
video_26882,11
video_26930,8
video_26964,32
video_2703,14
video_27075,3
video_27090,12
video_27159,18
video_2716,4
video_27182,9
video_27200,12
video_27227,15
video_27250,30
video_27261,10
video_27271,8
video_27276,19
video_27288,10
video_27289,22
video_27328,22
video_27338,9
video_27378,24
video_27385,12
video_27406,17
video_27408,3
video_27435,30
video_27443,7
video_27468,19
video_27498,30
video_2762,12
video_27671,1
video_27676,10
video_27686,1
video_27694,29
video_27696,30
video_27717,3
video_27743,1
video_27751,28
video_27764,29
video_27782,12
video_27805,1
video_27866,3
video_27871,3
video_27885,29
video_27888,30
video_27915,0
video_27931,28
video_27934,31
video_27956,9
video_27983,3
video_28001,0
video_28023,7
video_28117,3
video_28150,28
video_28171,1
video_28242,8
video_28273,28
video_28286,9
video_28291,10
video_2832,6
video_28323,31
video_28355,31
video_28367,0
video_28412,30
video_28441,19
video_28454,1
video_28506,12
video_28511,3
video_28625,9
video_28632,12
video_28637,30
video_2865,6
video_28662,1
video_28677,9
video_28680,7
video_28692,1
video_28695,29
video_28696,12
video_28726,30
video_28737,9
video_28780,5
video_28784,21
video_2881,10
video_28833,18
video_28837,29
video_28945,21
video_28950,19
video_29010,7
video_29032,4
video_29035,19
video_2905,15
video_29058,22
video_29090,21
video_29147,25
video_29158,30
video_29168,22
video_29203,21
video_29207,19
video_29248,3
video_29271,29
video_2928,2
video_29286,31
video_29388,1
video_29436,0
video_2964,31
video_29669,23
video_29685,4
video_29688,10
video_29706,9
video_29723,28
video_2973,13
video_29733,30
video_2976,22
video_29772,9
video_29786,11
video_29817,5
video_29844,7
video_29868,1
video_29877,32
video_29880,0
video_29901,1
video_29935,31
video_29940,13
video_29946,23
video_29965,0
video_30043,4
video_30044,8
video_30076,9
video_30088,8
video_30093,24
video_30101,12
video_30139,31
video_30142,11
video_30158,16
video_30164,30
video_30184,7
video_3019,1
video_30204,3
video_30232,9
video_30255,14
video_30326,4
video_30338,32
video_30342,18
video_30343,5
video_30374,9
video_30408,0
video_30425,29
video_30466,4
video_30523,22
video_30527,31
video_30528,25
video_30541,6
video_30551,14
video_30598,12
video_30643,20
video_30679,31
video_3068,31
video_3069,2
video_30732,29
video_30857,0
video_30863,1
video_30864,10
video_30865,28
video_30870,3
video_30879,18
video_30888,7
video_30924,4
video_30958,9
video_30980,30
video_30982,22
video_30996,23
video_31046,6
video_31096,31
video_31102,30
video_3117,12
video_31217,19
video_31240,30
video_31253,0
video_31283,29
video_31334,12
video_31336,30
video_31396,28
video_31446,18
video_31465,29
video_31466,10
video_31490,4
video_31505,12
video_31507,19
video_31549,17
video_31564,13
video_31611,32
video_31670,22
video_31675,16
video_31699,29
video_31743,5
video_31802,4
video_31876,29
video_31881,30
video_3189,1
video_31925,30
video_31975,12
video_32007,0
video_32150,0
video_32177,29
video_3222,18
video_32238,12
video_32255,4
video_32276,28
video_32285,7
video_32322,22
video_32393,31
video_32411,3
video_32440,10
video_32462,9
video_32473,29
video_32485,12
video_32495,22
video_32530,7
video_32535,12
video_32669,32
video_3273,7
video_32748,19
video_32798,2
video_3288,10
video_32905,8
video_32935,31
video_32936,1
video_32997,29
video_32999,14
video_33027,8
video_33077,21
video_33125,29
video_33165,30
video_33179,18
video_33214,5
video_3325,12
video_33268,29
video_33275,1
video_33318,24
video_33336,25
video_33376,1
video_33403,0
video_33410,22
video_3342,29
video_33424,25
video_33428,14
video_33460,6
video_33510,8
video_33524,14
video_33589,18
video_33596,8
video_33673,29
video_33716,17
video_33840,14
video_33850,5
video_33874,0
video_33907,5
video_3391,17
video_33912,30
video_33920,12
video_33947,9
video_33970,9
video_33979,30
video_34021,6
video_34025,1
video_3410,30
video_34115,9
video_34160,22
video_34167,3
video_34226,6
video_34227,14
video_34237,22
video_34239,28
video_34259,11
video_34321,8
video_3434,12
video_34353,22
video_34390,0
video_34397,7
video_34407,12
video_34474,0
video_34476,29
video_34513,0
video_34519,8
video_34588,21
video_3459,29
video_34591,8
video_34595,15
video_34644,18
video_34696,9
video_34711,0
video_34721,15
video_34723,29
video_3473,8
video_34734,18
video_34823,30
video_34834,24
video_34883,4
video_34964,28
video_34981,1
video_34991,29
video_35000,12
video_35045,21
video_35082,9
video_35141,24
video_35166,17
video_35182,18
video_3519,6
video_35195,7
video_35275,4
video_35358,0
video_35361,31
video_35447,8
video_35452,0
video_35460,24
video_35461,19
video_35495,29
video_355,32
video_35524,23
video_35546,30
video_35590,5
video_35647,3
video_35658,31
video_35705,5
video_35753,1
video_35854,13
video_35918,30
video_35928,23
video_35932,28
video_35942,10
video_35969,5
video_35972,12
video_35973,30
video_35984,9
video_36050,7
video_36115,30
video_36171,22
video_36313,3
video_3639,8
video_36447,1
video_36463,9
video_36472,18
video_36489,20
video_36531,28
video_36624,22
video_36638,23
video_36666,8
video_36707,30
video_36740,1
video_36756,12
video_36757,5
video_36780,31
video_36811,30
video_36817,14
video_36821,18
video_36853,4
video_36884,4
video_36902,9
video_36959,30
video_36969,31
video_37034,18
video_37041,6
video_37298,4
video_37310,6
video_37343,29
video_37384,20
video_37409,10
video_37482,23
video_3753,4
video_37547,29
video_3756,9
video_37600,31
video_37614,6
video_37628,3
video_37671,5
video_37695,21
video_37699,12
video_37711,12
video_37758,28
video_37760,3
video_37840,32
video_37852,18
video_37866,0
video_37874,22
video_37877,4
video_37961,21
video_3798,29
video_37993,11
video_37999,29
video_38067,23
video_38077,7
video_38078,10
video_38107,32
video_38126,14
video_38129,3
video_38132,5
video_38227,4
video_3824,1
video_38268,12
video_38294,0
video_38319,18
video_38320,8
video_38330,7
video_38334,9
video_38354,12
video_38360,30
video_3841,22
video_38468,22
video_38478,3
video_38480,8
video_38492,20
video_38536,7
video_38544,4
video_38582,8
video_38618,3
video_3864,4
video_38647,4
video_38652,8
video_38663,8
video_38670,5
video_38706,24
video_38739,29
video_38773,13
video_38790,30
video_38809,28
video_38812,7
video_38818,7
video_38858,11
video_38938,28
video_39058,2
video_39059,1
video_39069,29
video_39072,30
video_39114,29
video_39115,24
video_39116,28
video_39121,15
video_39149,31
video_39188,5
video_39226,30
video_39253,19
video_3926,24
video_39272,30
video_39279,9
video_39304,4
video_39340,1
video_39341,23
video_39373,31
video_39419,6
video_39428,6
video_39442,29
video_39545,18
video_3956,7
video_39571,17
video_39582,8
video_39609,4
video_39633,10
video_39649,10
video_39677,2
video_3975,5
video_3980,15
video_3981,20
video_39821,25
video_39953,31
video_400,22
video_4000,5
video_40017,19
video_40060,8
video_401,6
video_40100,29
video_40160,32
video_40188,30
video_4022,22
video_40248,2
video_40289,9
video_40300,24
video_40325,12
video_40362,5
video_40364,13
video_40429,30
video_40436,9
video_40490,1
video_40497,7
video_40508,29
video_40546,30
video_40552,14
video_40572,9
video_40687,9
video_40692,21
video_407,10
video_40762,22
video_40763,12
video_40765,19
video_40829,23
video_4085,5
video_40866,23
video_40892,13
video_40900,22
video_40943,18
video_40975,12
video_40988,9
video_41018,19
video_41092,5
video_41122,7
video_41146,7
video_41152,10
video_41164,30
video_41249,12
video_41251,29
video_41258,23
video_4127,29
video_41281,3
video_41283,5
video_41317,14
video_41451,30
video_41461,18
video_4148,29
video_41484,5
video_4149,3
video_41525,20
video_41532,4
video_41533,22
video_41562,18
video_4157,9
video_41589,18
video_41606,30
video_41751,4
video_41763,23
video_41770,28
video_41808,1
video_41905,8
video_41976,5
video_4200,10
video_42023,6
video_42099,14
video_42177,10
video_42221,12
video_42261,6
video_42270,19
video_42288,21
video_4229,30
video_42307,4
video_42364,5
video_42386,22
video_42460,12
video_42476,5
video_42525,29
video_42622,6
video_42646,32
video_42703,32
video_42711,28
video_42719,4
video_42724,12
video_42726,17
video_42757,3
video_42779,17
video_43,7
video_43003,9
video_43028,17
video_43029,15
video_43030,14
video_4304,7
video_4306,7
video_4307,18
video_43114,4
video_4315,3
video_43242,6
video_43244,18
video_43250,15
video_43339,1
video_43388,6
video_43394,18
video_43399,8
video_43402,21
video_43427,24
video_43452,30
video_43457,0
video_43485,21
video_4350,10
video_43622,24
video_43649,0
video_43667,30
video_43670,20
video_43746,23
video_43753,8
video_43762,2
video_43789,12
video_438,6
video_43897,8
video_4390,9
video_43903,28
video_43921,10
video_43947,9
video_43974,6
video_43997,29
video_43998,8
video_44001,30
video_44011,29
video_44013,32
video_44030,29
video_44062,31
video_4408,6
video_44120,30
video_44124,14
video_44178,30
video_44216,0
video_44272,5
video_4428,22
video_44384,21
video_44406,0
video_44417,23
video_4449,20
video_44490,19
video_4450,8
video_44535,32
video_44541,32
video_44569,23
video_44584,7
video_44642,0
video_44646,0
video_44654,30
video_44678,30
video_44761,30
video_44764,6
video_44779,14
video_44783,30
video_44790,8
video_44791,23
video_44805,9
video_44874,12
video_4489,4
video_44920,8
video_44944,0
video_45003,12
video_45029,25
video_45071,31
video_45101,22
video_45117,8
video_45173,5
video_45218,28
video_45245,30
video_45271,20
video_45280,23
video_45289,29
video_45296,1
video_45359,20
video_45360,9
video_45380,18
video_45407,24
video_45439,2
video_45498,9
video_45555,30
video_45576,29
video_45591,14
video_45601,16
video_4568,25
video_45798,9
video_45804,25
video_45810,0
video_45831,6
video_45832,28
video_45875,19
video_4588,21
video_45881,31
video_45924,14
video_46019,6
video_46023,29
video_46024,5
video_46047,32
video_46070,14
video_46093,21
video_46133,20
video_46152,10
video_46198,1
video_4626,7
video_46286,26
video_46340,30
video_46347,24
video_46393,4
video_46495,10
video_46499,30
video_46502,23
video_46503,23
video_46565,12
video_46570,0
video_46615,31
video_46635,0
video_46652,2
video_46656,25
video_46664,29
video_4671,22
video_46758,30
video_46759,32
video_46773,3
video_46821,22
video_46857,23
video_4688,16
video_46896,23
video_46931,3
video_46956,5
video_46959,20
video_46981,12
video_47012,6
video_47020,4
video_47048,12
video_47053,5
video_47084,29
video_47103,7
video_47178,23
video_47201,19
video_47202,6
video_47213,22
video_47228,22
video_47231,31
video_47250,10
video_47275,30
video_47287,1
video_47334,18
video_4735,5
video_47418,29
video_47448,30
video_47449,9
video_47516,5
video_47525,5
video_47543,10
video_47591,8
video_47617,7
video_47705,1
video_47719,15
video_47745,0
video_47790,19
video_47807,16
video_47874,1
video_47876,25
video_47933,0
video_47948,14
video_47967,9
video_47968,3
video_47970,1
video_47974,1
video_48000,28
video_48043,29
video_48054,7
video_48079,10
video_48116,0
video_48124,18
video_48139,17
video_48174,12
video_48232,7
video_48245,21
video_48247,16
video_48260,12
video_48285,12
video_48287,21
video_48330,30
video_48338,29
video_48365,20
video_48374,8
video_4842,30
video_48447,16
video_48463,32
video_48471,9
video_48496,6
video_48529,6
video_48543,8
video_48546,29
video_48557,17
video_48571,14
video_48576,13
video_48616,3
video_48683,2
video_48719,9
video_48729,9
video_4873,25
video_48804,11
video_48834,23
video_48925,1
video_49011,31
video_4905,29
video_49067,6
video_4915,7
video_49218,24
video_4928,19
video_49296,8
video_49328,4
video_49361,30
video_4950,7
video_49512,30
video_49513,13
video_49531,3
video_49535,8
video_49575,31
video_49618,0
video_49621,0
video_49628,30
video_49685,31
video_49732,24
video_49736,5
video_498,32
video_4988,4
video_49928,12
video_50049,29
video_50057,0
video_50058,29
video_50060,4
video_50062,14
video_50101,3
video_5011,11
video_50119,10
video_50130,14
video_50145,23
video_50161,20
video_50176,31
video_50209,20
video_50248,18
video_50255,30
video_50287,10
video_50314,5
video_50357,9
video_50407,29
video_50442,6
video_5061,21
video_50611,29
video_50622,1
video_50684,9
video_50685,30
video_50687,3
video_50714,0
video_50761,1
video_50768,30
video_50778,12
video_50801,31
video_50809,4
video_50813,30
video_50819,17
video_50827,10
video_50861,5
video_50898,5
video_50948,14
video_50960,32
video_50979,31
video_51001,19
video_51006,6
video_51086,3
video_51154,12
video_51161,31
video_51182,1
video_51235,4
video_51293,9
video_51326,11
video_51341,30
video_51344,22
video_51377,6
video_51447,2
video_51471,8
video_51603,4
video_51612,14
video_51643,31
video_51665,6
video_51667,5
video_51680,29
video_51699,6
video_51735,0
video_51827,30
video_51840,8
video_5185,13
video_51878,32
video_51887,29
video_51894,1
video_51964,18
video_51980,32
video_51987,12
video_52006,5
video_52011,0
video_52012,14
video_52021,30
video_52030,14
video_52033,1
video_5204,12
video_52045,23
video_52110,23
video_52116,17
video_52123,6
video_52126,10
video_52177,1
video_52227,12
video_52282,30
video_52291,30
video_52389,0
video_52429,29
video_52434,23
video_52459,21
video_52471,1
video_52473,22
video_52476,19
video_52588,2
video_5274,19
video_5290,23
video_52959,18
video_52964,29
video_52988,30
video_53118,23
video_5312,4
video_53228,12
video_53265,32
video_5329,31
video_5332,30
video_53328,23
video_53383,8
video_53389,28
video_53400,4
video_53428,2
video_53439,12
video_53449,8
video_53450,22
video_53486,3
video_53513,30
video_53516,4
video_53517,3
video_53563,18
video_5359,14
video_53632,2
video_53669,30
video_53704,32
video_53732,12
video_53767,32
video_53831,12
video_5386,6
video_53876,1
video_53892,18
video_53894,3
video_53910,0
video_53914,30
video_53991,3
video_54035,22
video_54055,11
video_54151,8
video_5418,28
video_54197,29
video_54255,9
video_54317,28
video_54345,21
video_54369,0
video_54381,29
video_54395,21
video_54408,12
video_54411,1
video_54448,1
video_54498,14
video_54532,17
video_54760,30
video_54774,22
video_54902,12
video_54910,10
video_54927,19
video_54948,12
video_5496,1
video_550,11
video_55005,7
video_55021,1
video_5506,4
video_55215,21
video_55223,5
video_55237,12
video_55249,30
video_55277,4
video_55279,3
video_55298,4
video_55312,9
video_55324,8
video_55327,22
video_55344,2
video_55514,4
video_55517,2
video_55547,32
video_5557,21
video_55593,30
video_55630,20
video_55692,10
video_55746,18
video_55751,22
video_55772,12
video_55785,30
video_55816,9
video_55822,12
video_5583,8
video_55830,28
video_5584,1
video_55843,20
video_55845,10
video_55853,28
video_5586,28
video_55876,25
video_55887,2
video_55892,30
video_5592,24
video_56009,0
video_5601,3
video_56016,1
video_5607,24
video_56082,29
video_56096,10
video_56139,29
video_56153,31
video_56172,17
video_56174,12
video_56176,20
video_5619,8
video_56198,10
video_56209,7
video_56217,3
video_56218,10
video_56242,9
video_56246,16
video_56253,8
video_56338,28
video_56358,30
video_56365,11
video_56375,14
video_56377,3
video_56390,30
video_56416,30
video_56448,18
video_56450,2
video_56459,5
video_56460,3
video_56474,22
video_56556,6
video_56574,28
video_56600,32
video_56662,11
video_56665,32
video_56745,23
video_56746,10
video_56753,7
video_56756,12
video_5683,0
video_56878,9
video_56921,31
video_56998,8
video_57008,3
video_57058,8
video_57064,3
video_57101,10
video_57117,1
video_57166,5
video_57168,4
video_57171,31
video_57187,4
video_57253,9
video_57275,8
video_57308,15
video_5731,29
video_57349,13
video_57361,32
video_57376,20
video_57416,31
video_57422,30
video_57443,8
video_57538,31
video_57568,30
video_57584,5
video_57591,28
video_57616,31
video_57623,1
video_5763,18
video_57632,28
video_57648,22
video_5768,24
video_57700,30
video_57769,32
video_57789,29
video_57817,10
video_57839,4
video_5784,17
video_57893,12
video_57954,14
video_57968,30
video_57987,12
video_58087,1
video_5809,4
video_58103,4
video_58117,31
video_58153,12
video_58219,4
video_58318,18
video_58333,1
video_58334,25
video_58364,7
video_58421,4
video_58454,9
video_58516,5
video_58518,32
video_58529,3
video_58534,18
video_58670,5
video_58701,9
video_58719,21
video_58731,23
video_58743,1
video_58746,0
video_58798,29
video_58799,4
video_588,8
video_58882,18
video_58885,9
video_58998,9
video_59000,9
video_59016,6
video_59025,8
video_59032,8
video_59118,30
video_59119,29
video_59155,24
video_59157,10
video_5917,32
video_59178,29
video_59196,23
video_59228,22
video_59251,0
video_59265,12
video_59292,30
video_59314,1
video_59317,12
video_59346,31
video_59394,21
video_59402,5
video_59463,23
video_59496,12
video_59518,30
video_59519,12
video_59561,1
video_596,0
video_59604,30
video_59608,15
video_59609,17
video_59653,1
video_59677,5
video_59747,21
video_59877,28
video_59914,10
video_59928,10
video_59963,12
video_59980,9
video_59997,2
video_60054,12
video_60061,24
video_60080,0
video_60146,14
video_60161,29
video_60190,0
video_60211,23
video_6027,29
video_60319,30
video_60369,19
video_60390,9
video_604,1
video_60405,7
video_60427,4
video_60429,19
video_607,4
video_60773,23
video_60783,29
video_60840,6
video_60858,17
video_60876,28
video_60926,14
video_61026,1
video_61035,6
video_61048,20
video_61049,22
video_61066,30
video_61100,17
video_61120,1
video_61161,19
video_61197,14
video_61200,5
video_61209,5
video_61249,0
video_61280,7
video_61302,7
video_61332,11
video_61340,1
video_61350,21
video_61368,5
video_61376,12
video_61432,18
video_61555,21
video_61556,2
video_61571,0
video_6158,28
video_61581,10
video_61582,12
video_6160,9
video_61663,9
video_61689,29
video_61732,6
video_61793,5
video_61848,12
video_61872,5
video_61971,24
video_62014,15
video_62020,10
video_62034,10
video_6204,19
video_62040,8
video_62046,30
video_62139,19
video_62172,1
video_62342,29
video_6235,28
video_62363,14
video_62390,24
video_62400,30
video_62405,29
video_6250,18
video_62520,8
video_62574,12
video_62585,1
video_62635,3
video_62749,7
video_62847,23
video_62851,23
video_62876,12
video_6289,11
video_62917,14
video_62975,1
video_62988,25
video_62997,1
video_63028,1
video_63052,7
video_63066,0
video_63074,1
video_63075,15
video_63079,18
video_63144,3
video_63149,24
video_63169,0
video_6324,18
video_63329,32
video_63339,18
video_63505,6
video_63507,14
video_63511,31
video_63513,1
video_63574,13
video_63576,18
video_63583,5
video_63592,9
video_63601,4
video_63602,4
video_63603,9
video_63627,1
video_63649,28
video_63690,23
video_63701,9
video_6372,30
video_63727,23
video_63748,9
video_63768,31
video_63799,1
video_63835,15
video_63845,4
video_63856,12
video_63865,9
video_63868,23
video_63958,31
video_63968,7
video_63994,10
video_64000,11
video_64004,5
video_64010,1
video_64093,3
video_64183,5
video_64200,32
video_64242,23
video_64247,1
video_64275,4
video_64283,1
video_64318,2
video_64354,30
video_64364,30
video_64468,5
video_64536,11
video_64579,8
video_64653,4
video_64659,30
video_64670,19
video_64676,24
video_64698,8
video_64772,12
video_64782,13
video_64844,12
video_64866,12
video_6487,6
video_64891,5
video_64896,5
video_64936,30
video_64939,20
video_64946,31
video_64954,8
video_64984,7
video_65057,8
video_65079,3
video_65103,25
video_65136,4
video_65190,31
video_65236,23
video_65242,1
video_65243,7
video_65246,10
video_6528,30
video_65288,23
video_65305,15
video_65332,30
video_65353,3
video_65392,9
video_65427,12
video_65438,8
video_65447,19
video_65451,28
video_65452,6
video_65474,6
video_65528,28
video_6558,29
video_65587,9
video_656,1
video_65624,1
video_65686,12
video_65750,9
video_65773,4
video_65774,29
video_65782,10
video_65786,31
video_65791,0
video_65795,2
video_65840,14
video_65938,12
video_6595,20
video_66001,9
video_66023,7
video_66053,31
video_66075,3
video_66133,4
video_66148,29
video_6615,3
video_66151,5
video_66177,4
video_66210,4
video_66249,4
video_66265,21
video_66275,14
video_66330,32
video_66350,5
video_66375,5
video_66441,15
video_66483,21
video_66515,7
video_66537,22
video_66553,6
video_66567,12
video_66697,14
video_66709,1
video_66718,22
video_6672,18
video_66762,2
video_66805,30
video_66830,23
video_66862,12
video_66910,14
video_66933,6
video_66959,10
video_66980,23
video_66984,30
video_67027,18
video_67086,8
video_67105,1
video_67172,7
video_67204,9
video_67256,21
video_67258,20
video_6727,6
video_67290,29
video_67330,2
video_67364,23
video_67374,6
video_67383,4
video_67429,0
video_67473,23
video_67484,2
video_67497,7
video_675,30
video_67509,17
video_67518,28
video_67568,9
video_67614,12
video_67625,29
video_67686,31
video_67690,19
video_67701,20
video_67705,23
video_67713,12
video_67731,31
video_67765,9
video_67773,24
video_67803,25
video_6783,19
video_67857,0
video_6786,28
video_67861,30
video_67892,28
video_67998,3
video_68002,5
video_68018,1
video_68052,12
video_68055,25
video_68092,14
video_68104,8
video_6811,1
video_68113,6
video_68141,14
video_68190,15
video_68286,19
video_68320,2
video_68337,31
video_68347,8
video_6843,4
video_6850,7
video_68532,32
video_68535,5
video_6859,30
video_68590,20
video_68596,0
video_68603,20
video_68651,10
video_68675,30
video_68813,23
video_68875,13
video_68998,30
video_69014,1
video_69017,5
video_69030,6
video_69100,22
video_69124,3
video_69134,26
video_69200,7
video_69278,13
video_6931,30
video_69341,14
video_69343,9
video_69382,2
video_69447,7
video_69509,22
video_69511,30
video_69540,22
video_69549,6
video_69576,17
video_69585,29
video_69588,10
video_6963,1
video_69632,0
video_69640,5
video_69651,17
video_69658,4
video_69670,29
video_69684,1
video_69691,3
video_69724,29
video_69738,9
video_69764,9
video_69788,14
video_69842,6
video_69855,4
video_69922,9
video_70012,20
video_70035,3
video_70109,20
video_70113,31
video_70152,4
video_70182,12
video_70197,8
video_7022,1
video_70224,6
video_70237,3
video_70293,14
video_70295,12
video_70319,3
video_70322,12
video_7033,7
video_7035,10
video_70353,4
video_70399,7
video_704,22
video_70460,13
video_70490,10
video_70526,5
video_70605,3
video_70623,3
video_70640,1
video_70698,8
video_70705,30
video_7071,4
video_70715,3
video_70748,0
video_70866,10
video_70893,1
video_70895,4
video_70914,7
video_70933,30
video_70939,2
video_70958,3
video_7102,28
video_71056,12
video_71084,3
video_71123,19
video_7115,1
video_71197,11
video_71258,1
video_71276,7
video_71294,3
video_71310,22
video_71331,10
video_71349,28
video_71367,22
video_71401,7
video_71404,31
video_7141,10
video_71414,31
video_71459,1
video_71569,10
video_71628,8
video_71638,7
video_71663,12
video_71673,25
video_71825,31
video_71828,1
video_71866,5
video_71946,24
video_72000,1
video_72017,20
video_72039,5
video_72071,7
video_72090,14
video_72111,30
video_72133,4
video_72161,12
video_72191,30
video_7235,17
video_72405,12
video_72578,19
video_72591,31
video_72597,22
video_72621,22
video_72650,30
video_72683,18
video_72713,10
video_72732,19
video_72740,7
video_72752,0
video_72762,18
video_72771,31
video_72781,30
video_72881,0
video_72933,8
video_7294,4
video_72984,6
video_730,2
video_73004,3
video_73013,28
video_73015,19
video_73041,4
video_73050,3
video_73077,23
video_73079,15
video_73084,30
video_73162,8
video_73178,14
video_73203,2
video_73230,29
video_73251,31
video_73254,6
video_7328,9
video_73280,7
video_73304,5
video_73389,6
video_73400,10
video_73443,6
video_7346,1
video_73533,6
video_73562,31
video_7357,18
video_73614,13
video_73626,3
video_73645,31
video_73648,7
video_73659,0
video_73694,22
video_73704,0
video_73731,22
video_73748,9
video_73768,6
video_73772,8
video_73783,19
video_73910,28
video_73956,1
video_7397,30
video_7400,19
video_74011,6
video_74030,1
video_74040,24
video_74043,22
video_7409,12
video_74093,30
video_74159,30
video_74161,23
video_74174,7
video_74212,7
video_74215,7
video_74223,30
video_74244,9
video_74361,15
video_74368,28
video_74373,18
video_74410,22
video_74417,18
video_74490,0
video_74501,5
video_74502,20
video_74553,6
video_74597,7
video_74609,1
video_74622,4
video_74646,9
video_74677,23
video_7468,0
video_74693,8
video_74700,31
video_74722,10
video_74780,13
video_74781,19
video_74784,10
video_74806,20
video_74867,14
video_74903,23
video_74958,32
video_74974,1
video_75041,12
video_75059,29
video_75070,6
video_7511,29
video_75128,11
video_75133,8
video_75144,20
video_75182,4
video_75222,0
video_7524,12
video_75286,18
video_75300,3
video_75329,1
video_75363,23
video_75365,18
video_75406,3
video_75427,24
video_75448,12
video_75507,30
video_75534,10
video_75616,12
video_75694,31
video_75711,23
video_75726,22
video_75729,28
video_75765,7
video_75799,8
video_75813,16
video_75853,28
video_75862,9
video_75956,30
video_75968,28
video_76001,14
video_76018,30
video_76052,12
video_76067,10
video_76085,30
video_76092,30
video_76205,6
video_76236,7
video_76248,4
video_76251,8
video_76279,0
video_76348,22
video_76350,31
video_7641,5
video_76481,23
video_76486,28
video_76539,3
video_7656,31
video_76586,17
video_7666,6
video_76674,5
video_76717,1
video_76778,31
video_76783,31
video_76826,30
video_7684,30
video_76898,7
video_76909,16
video_76927,30
video_76947,14
video_76958,1
video_76960,6
video_76997,9
video_77034,10
video_77040,31
video_77102,22
video_77156,6
video_77160,6
video_77189,5
video_77232,28
video_77251,10
video_7735,6
video_77352,10
video_77372,21
video_77385,32
video_774,9
video_77411,14
video_77423,1
video_77430,21
video_77448,31
video_7745,21
video_77464,3
video_77498,9
video_77504,25
video_77540,18
video_77613,2
video_77645,3
video_77658,10
video_77663,9
video_7768,18
video_77747,1
video_77776,28
video_77830,7
video_77836,25
video_77837,4
video_77838,5
video_77845,32
video_77910,25
video_77920,30
video_77952,1
video_77969,3
video_77985,14
video_77996,17
video_78005,24
video_78016,29
video_78033,20
video_78079,7
video_78130,10
video_78163,6
video_78182,9
video_78186,20
video_78210,7
video_78228,5
video_78349,13
video_78366,20
video_78411,8
video_78412,23
video_78440,7
video_78442,10
video_78514,9
video_78525,20
video_78547,29
video_78562,31
video_78653,5
video_78668,30
video_78686,13
video_78702,9
video_78703,2
video_78715,19
video_78785,14
video_78824,29
video_78832,10
video_78860,10
video_78920,8
video_78923,30
video_78924,26
video_78962,0
video_78965,2
video_78972,12
video_78976,24
video_79009,3
video_79046,23
video_79081,6
video_79095,9
video_79142,12
video_79176,1
video_79183,4
video_79238,4
video_79245,8
video_79278,29
video_7930,1
video_79326,29
video_79346,18
video_79348,18
video_79359,9
video_79360,18
video_79367,6
video_79391,22
video_79394,0
video_79409,2
video_79450,31
video_79461,9
video_79475,22
video_7948,4
video_79494,9
video_79527,6
video_79568,18
video_79573,10
video_79580,3
video_79622,12
video_79657,23
video_79691,9
video_79722,6
video_79727,32
video_79745,7
video_79756,30
video_79772,23
video_79853,22
video_79881,17
video_79929,32
video_7995,24
video_80017,9
video_80018,22
video_80056,14
video_80137,22
video_80164,30
video_80192,22
video_80314,30
video_80355,21
video_80381,7
video_80467,6
video_80493,13
video_80499,23
video_80516,32
video_80541,14
video_80546,1
video_80616,9
video_80682,9
video_80719,22
video_80809,30
video_8081,21
video_80827,19
video_80830,29
video_80832,22
video_80887,31
video_80903,29
video_80914,29
video_8093,3
video_80942,30
video_80949,28
video_81015,5
video_81077,20
video_81125,29
video_81174,10
video_81178,25
video_81197,28
video_8125,18
video_81288,29
video_81302,30
video_81331,21
video_81344,29
video_81349,5
video_81362,9
video_81364,11
video_81451,7
video_81458,15
video_81491,21
video_8150,17
video_81504,3
video_81535,26
video_81557,30
video_81560,9
video_81581,18
video_81663,15
video_81768,1
video_81770,8
video_81779,9
video_81808,24
video_81831,12
video_81903,29
video_81917,31
video_81936,32
video_81963,8
video_81995,23
video_81997,20
video_82044,29
video_82084,23
video_82127,12
video_82232,29
video_82233,20
video_82254,11
video_82258,32
video_8226,0
video_82315,5
video_8241,9
video_8243,10
video_82462,4
video_82473,8
video_82490,32
video_82495,30
video_82565,2
video_82569,2
video_82600,2
video_82629,6
video_82716,20
video_82728,21
video_82730,6
video_82731,32
video_82759,18
video_82832,11
video_82857,6
video_82925,0
video_82932,25
video_83062,21
video_8311,0
video_83148,32
video_83173,24
video_83231,5
video_83326,21
video_83328,23
video_83337,8
video_83357,32
video_83408,4
video_83497,4
video_83534,31
video_83575,2
video_83596,1
video_83631,10
video_83643,17
video_83647,14
video_8365,1
video_83670,10
video_83672,30
video_83721,17
video_8373,23
video_83738,30
video_83771,31
video_83782,30
video_83808,22
video_83849,30
video_83889,14
video_83927,14
video_8396,31
video_84010,12
video_84022,4
video_84033,8
video_84084,1
video_84096,29
video_84183,1
video_84193,9
video_8423,28
video_84319,9
video_84411,22
video_84470,30
video_84525,9
video_84566,5
video_84583,31
video_8459,1
video_84591,24
video_84624,2
video_84630,5
video_84648,29
video_84798,0
video_84850,8
video_84852,0
video_84922,10
video_85126,1
video_85183,9
video_85228,4
video_85271,7
video_85272,6
video_85278,4
video_85325,1
video_85343,1
video_85383,32
video_85439,22
video_85449,12
video_85471,31
video_85550,9
video_85552,24
video_85566,1
video_85613,8
video_85627,8
video_85633,0
video_85666,13
video_8567,6
video_85672,25
video_85714,28
video_8573,1
video_85737,6
video_8574,30
video_85751,8
video_85824,3
video_85849,24
video_85850,8
video_85904,23
video_85933,6
video_85987,23
video_86020,29
video_86023,12
video_86034,11
video_86077,31
video_86123,18
video_86151,32
video_86160,4
video_86176,9
video_86254,3
video_86262,8
video_86349,31
video_86386,9
video_8639,12
video_86441,18
video_86478,2
video_86482,31
video_86517,6
video_86552,9
video_866,19
video_86606,28
video_86682,2
video_86712,24
video_86786,19
video_86853,29
video_86865,1
video_86918,32
video_86950,25
video_86973,4
video_86985,6
video_87007,4
video_87046,19
video_87086,2
video_87103,29
video_87113,28
video_87176,31
video_87184,12
video_87277,3
video_87346,19
video_87371,29
video_87391,28
video_87400,1
video_87417,30
video_87431,28
video_87439,2
video_87511,1
video_87573,30
video_87597,28
video_87611,10
video_87614,10
video_87649,30
video_8766,6
video_87667,25
video_87703,20
video_87736,29
video_87780,17
video_87794,9
video_8788,28
video_87908,23
video_87940,12
video_87950,1
video_88016,14
video_8804,0
video_88104,29
video_88136,10
video_88168,30
video_8817,18
video_88176,8
video_88184,25
video_88216,23
video_88224,18
video_88236,29
video_88248,30
video_88391,20
video_88408,31
video_88425,1
video_88455,29
video_88558,30
video_88629,12
video_88674,30
video_88696,6
video_88725,12
video_88727,18
video_88751,14
video_88824,15
video_88831,8
video_88932,9
video_88966,0
video_89029,29
video_89041,23
video_89042,31
video_8907,12
video_89125,23
video_8917,16
video_89186,15
video_89219,31
video_89326,1
video_89345,18
video_89413,28
video_89418,30
video_89441,30
video_89472,3
video_89484,10
video_89516,2
video_89518,6
video_89644,18
video_89664,12
video_89795,9
video_89869,19
video_89885,13
video_89910,28
video_8993,5
video_89941,15
video_89946,17
video_90017,1
video_90020,24
video_9004,28
video_90060,30
video_90072,30
video_90100,0
video_90108,9
video_90176,12
video_90185,1
video_90193,32
video_90245,30
video_90295,4
video_90314,30
video_90343,11
video_90354,0
video_90363,19
video_90389,14
video_90390,12
video_90469,12
video_90499,7
video_90515,20
video_90546,30
video_90606,7
video_9066,8
video_90700,28
video_90716,9
video_90731,4
video_90732,4
video_90750,20
video_90760,18
video_90842,18
video_9089,18
video_90923,7
video_90934,29
video_90950,16
video_91027,8
video_91065,25
video_9112,28
video_91121,9
video_91143,28
video_91167,15
video_91243,7
video_91260,5
video_9146,9
video_91487,19
video_9149,6
video_91493,12
video_91501,2
video_91502,4
video_91525,24
video_91550,10
video_91593,12
video_91598,31
video_91620,1
video_91635,12
video_9164,4
video_91651,30
video_91666,12
video_91679,14
video_91686,11
video_91740,31
video_91813,9
video_91845,4
video_9192,14
video_91925,12
video_91928,8
video_91979,25
video_91982,8
video_92015,29
video_92016,20
video_9204,7
video_92054,0
video_92083,1
video_92084,30
video_92106,6
video_92111,2
video_92138,5
video_92170,8
video_92205,14
video_92218,3
video_9224,10
video_923,29
video_92309,0
video_92323,22
video_92332,0
video_92425,31
video_92445,12
video_92513,6
video_92563,8
video_92564,10
video_92582,6
video_92599,19
video_92761,3
video_92766,22
video_92784,2
video_92815,31
video_92876,7
video_92917,5
video_92954,15
video_93016,10
video_93065,18
video_93106,22
video_93120,20
video_93136,9
video_93148,9
video_93150,10
video_93173,1
video_9324,32
video_93240,15
video_93289,11
video_93336,0
video_93468,31
video_93477,7
video_93479,4
video_93480,28
video_93488,16
video_93516,32
video_93578,23
video_93703,2
video_93729,12
video_93778,15
video_93791,28
video_93841,10
video_93855,4
video_93887,24
video_93928,13
video_93954,6
video_93968,10
video_94012,32
video_94080,6
video_94084,31
video_94086,18
video_94091,21
video_94094,0
video_94130,0
video_94163,1
video_94164,3
video_9420,29
video_94219,18
video_94266,30
video_94270,6
video_943,32
video_94308,29
video_94321,4
video_94379,4
video_9438,22
video_94414,29
video_94440,30
video_94450,9
video_94476,9
video_94489,23
video_94510,5
video_94536,19
video_94564,12
video_9457,4
video_94584,21
video_94593,2
video_94619,30
video_94631,10
video_94680,22
video_94697,1
video_94768,1
video_94772,12
video_94782,8
video_9486,19
video_94864,4
video_94913,21
video_94952,9
video_94973,31
video_95016,29
video_95066,2
video_9507,14
video_95144,7
video_95183,29
video_95207,5
video_95223,8
video_95235,30
video_95247,8
video_95259,14
video_95266,31
video_95292,0
video_95297,29
video_95314,19
video_95316,31
video_9532,5
video_95331,18
video_95373,2
video_95401,1
video_95410,19
video_95417,16
video_9547,10
video_95510,18
video_9562,4
video_95630,29
video_95687,14
video_9573,30
video_95735,1
video_95799,1
video_95806,24
video_95810,22
video_95823,10
video_95832,1
video_95850,20
video_95854,24
video_95871,10
video_95887,20
video_95988,8
video_95994,4
video_96046,21
video_9607,32
video_96121,2
video_96131,30
video_96176,7
video_96194,7
video_96235,29
video_96262,30
video_96264,2
video_96269,28
video_96301,8
video_96304,11
video_96335,29
video_96351,31
video_96352,18
video_96403,30
video_96418,9
video_96432,6
video_96435,24
video_96439,1
video_96470,29
video_965,4
video_96501,31
video_96504,10
video_9651,31
video_96514,20
video_96630,12
video_96631,30
video_96637,28
video_96668,14
video_96673,23
video_96680,19
video_967,7
video_9673,18
video_96757,29
video_96761,31
video_96791,4
video_96896,7
video_97004,9
video_97011,29
video_9702,30
video_97026,12
video_97079,31
video_971,24
video_97107,7
video_97167,23
video_97188,8
video_97212,19
video_9724,31
video_97246,13
video_97249,22
video_97286,7
video_97317,22
video_97319,18
video_97328,20
video_97338,1
video_97404,9
video_97411,31
video_97500,12
video_97508,8
video_97514,4
video_97528,12
video_9755,17
video_97627,23
video_97648,1
video_97664,2
video_97758,14
video_97785,6
video_97787,24
video_97864,5
video_97867,14
video_97890,15
video_97956,10
video_97962,9
video_97989,21
video_97990,1
video_98004,14
video_98006,7
video_98064,23
video_98112,18
video_98115,8
video_98138,9
video_98180,9
video_98189,32
video_98289,24
video_98319,7
video_98372,11
video_98373,31
video_98387,2
video_984,4
video_98406,23
video_98424,31
video_98427,8
video_98461,9
video_98471,31
video_98496,13
video_98502,6
video_98504,30
video_98515,29
video_98556,29
video_98565,7
video_98673,4
video_98693,8
video_98711,1
video_98737,29
video_98752,14
video_98762,7
video_98779,11
video_98798,30
video_98807,1
video_98808,9
video_98826,8
video_98856,31
video_98911,29
video_98921,12
video_98950,2
video_98988,30
video_98990,10
video_99015,23
video_99017,18
video_99044,2
video_99058,12
video_9909,4
video_99121,6
video_99153,4
video_99171,32
video_9918,12
video_99188,3
video_99220,17
video_99228,30
video_99230,12
video_99254,25
video_99305,6
video_99315,10
video_99317,10
video_99328,14
video_99335,12
video_99379,9
video_9941,29
video_99412,1
video_99485,7
video_99503,10
video_99532,31
video_9957,29
video_99570,8
video_99591,2
video_99594,32
video_99595,30
video_99603,30
video_99607,12
video_99619,18
video_99701,29
video_99717,12
video_99789,4
video_99805,9
video_99867,1
video_99870,8
video_99886,10
video_99942,12
video_99953,9
