video_name,predicted_class
video_1000,14
video_100051,18
video_100065,7
video_100078,14
video_100121,23
video_100164,0
video_100187,4
video_100195,2
video_100218,10
video_100219,14
video_100237,5
video_100249,2
video_100288,4
video_100315,25
video_100347,7
video_100445,1
video_100461,7
video_100490,2
video_100530,7
video_100557,15
video_100566,22
video_100581,14
video_100599,23
video_10064,14
video_100656,25
video_100766,5
video_10077,0
video_100827,26
video_100837,14
video_100865,22
video_100879,10
video_100889,14
video_10090,28
video_100934,12
video_101005,29
video_101012,15
video_101046,5
video_101051,11
video_101062,22
video_101174,14
video_101183,14
video_101229,14
video_101240,16
video_10125,8
video_101261,5
video_101298,25
video_101370,5
video_101401,14
video_101481,25
video_101514,12
video_101532,4
video_101559,10
video_101631,8
video_101665,12
video_101697,0
video_101722,5
video_101797,7
video_101814,14
video_101828,24
video_101854,16
video_101907,6
video_101908,31
video_101913,16
video_101922,3
video_101937,3
video_101978,10
video_101988,12
video_102053,21
video_102145,5
video_102185,5
video_10221,10
video_102257,14
video_102285,13
video_102323,5
video_102327,14
video_102333,4
video_102350,12
video_102367,7
video_102379,5
video_102396,3
video_102397,31
video_102471,25
video_102482,30
video_102495,7
video_10257,12
video_102598,28
video_102607,3
video_102636,5
video_102649,14
video_102695,5
video_102703,16
video_102747,4
video_10275,5
video_102769,5
video_102770,3
video_102799,4
video_102811,0
video_102832,24
video_102833,14
video_102871,8
video_102920,11
video_10294,22
video_102950,14
video_102977,28
video_102991,19
video_102996,3
video_103017,4
video_103028,13
video_103043,14
video_103045,23
video_103064,18
video_103120,23
video_103152,5
video_103155,2
video_103189,5
video_103288,2
video_103305,5
video_10331,9
video_103381,16
video_103439,4
video_103447,16
video_103491,14
video_103495,25
video_103511,23
video_103525,25
video_103534,12
video_103593,6
video_103684,1
video_103777,5
video_103789,6
video_10381,2
video_103815,3
video_103896,31
video_103914,9
video_103917,23
video_103923,17
video_103949,3
video_103960,14
video_103999,2
video_104062,14
video_104089,25
video_104098,14
video_104180,31
video_104201,4
video_104205,12
video_104233,14
video_104277,3
video_104331,1
video_104339,22
video_104363,7
video_10438,4
video_104386,4
video_104410,7
video_104414,8
video_104416,14
video_104424,3
video_10448,28
video_104482,10
video_104488,13
video_104516,29
video_104523,6
video_10455,24
video_104560,31
video_104592,22
video_104598,31
video_104602,22
video_104636,5
video_10465,1
video_104660,14
video_104734,8
video_104737,1
video_104755,22
video_104758,5
video_104762,24
video_104876,0
video_104880,14
video_104892,28
video_1049,12
video_104943,22
video_105004,32
video_105058,14
video_105082,1
video_105133,32
video_105141,14
video_105154,3
video_105187,17
video_105204,9
video_105280,4
video_105337,25
video_105364,0
video_105485,6
video_105550,4
video_105554,14
video_105563,5
video_10565,28
video_105653,2
video_105657,5
video_105670,0
video_105674,29
video_105738,12
video_10581,4
video_105855,16
video_105876,4
video_105904,32
video_105907,5
video_105933,5
video_105980,4
video_106008,1
video_10602,10
video_106065,5
video_106066,4
video_106121,17
video_106128,9
video_106153,0
video_106158,14
video_106201,14
video_106205,31
video_106226,13
video_106234,2
video_106299,5
video_106385,32
video_106464,23
video_106569,1
video_106589,15
video_106649,10
video_106690,6
video_106695,3
video_106768,14
video_106793,4
video_106868,4
video_106893,15
video_106897,21
video_106938,19
video_106969,28
video_106981,26
video_106982,4
video_10701,32
video_107027,14
video_107049,5
video_10705,4
video_107055,8
video_107056,26
video_107093,8
video_107124,7
video_107193,12
video_107200,32
video_107210,29
video_107220,7
video_107227,0
video_107241,0
video_107290,8
video_107311,6
video_10737,9
video_107379,19
video_10741,4
video_107428,32
video_107516,1
video_107540,15
video_107541,20
video_107552,6
video_107562,5
video_107653,29
video_107665,15
video_107684,14
video_107734,23
video_107746,4
video_107764,3
video_107807,1
video_107832,20
video_107841,14
video_107842,5
video_107904,4
video_107980,5
video_107991,14
video_107994,4
video_108009,9
video_108043,6
video_108059,20
video_108060,9
video_108078,23
video_108131,22
video_108194,23
video_108207,24
video_108214,8
video_108269,13
video_108298,12
video_108340,0
video_108354,1
video_108356,8
video_108370,14
video_108405,12
video_108428,14
video_10850,4
video_108511,7
video_10852,14
video_108534,25
video_108586,28
video_108594,4
video_1086,8
video_108605,0
video_108634,4
video_108639,20
video_108689,5
video_108692,24
video_10872,7
video_108751,14
video_108775,6
video_10879,14
video_108805,6
video_10886,14
video_108882,5
video_108893,1
video_108990,31
video_109000,11
video_109069,11
video_10910,26
video_109115,16
video_109117,28
video_109182,32
video_109199,31
video_10926,26
video_109275,5
video_109301,19
video_109323,7
video_10933,14
video_109345,9
video_109368,1
video_109372,25
video_109427,14
video_109438,10
video_109473,1
video_109556,3
video_109559,5
video_109585,9
video_109674,25
video_109691,12
video_109749,28
video_109762,23
video_109769,16
video_109779,7
video_109849,7
video_109896,10
video_109942,4
video_109974,16
video_109996,1
video_11,14
video_11000,3
video_110045,8
video_110088,6
video_110097,14
video_11014,0
video_110144,14
video_110227,4
video_110265,22
video_110277,18
video_110306,15
video_11033,24
video_110357,28
video_110415,5
video_110429,1
video_110466,19
video_110538,4
video_11062,14
video_110636,9
video_110644,29
video_11065,7
video_110652,9
video_110729,16
video_110739,7
video_110771,0
video_110787,5
video_110810,7
video_110831,24
video_110834,14
video_110914,13
video_110960,25
video_110981,14
video_110984,14
video_11102,4
video_111051,10
video_111096,5
video_11110,14
video_111126,12
video_111133,18
video_111136,29
video_111139,3
video_111399,17
video_111462,12
video_111481,0
video_111485,5
video_111498,22
video_111571,4
video_111572,22
video_111577,4
video_111611,25
video_111617,7
video_111622,0
video_111669,15
video_111685,0
video_111715,9
video_111734,15
video_111760,5
video_111776,16
video_111779,22
video_111782,24
video_111865,7
video_111916,14
video_111917,9
video_111951,5
video_111956,23
video_111980,12
video_111982,15
video_11202,14
video_112036,0
video_11205,7
video_112062,4
video_11207,5
video_11208,19
video_11211,23
video_112115,12
video_112127,1
video_112138,28
video_112145,0
video_112190,19
video_112203,4
video_112219,14
video_112242,11
video_112249,3
video_112323,31
video_112355,7
video_112359,19
video_112384,22
video_112398,28
video_112439,19
video_112446,20
video_112473,32
video_112520,3
video_112526,0
video_112562,4
video_1126,10
video_112623,5
video_112625,16
video_112634,23
video_112652,3
video_112693,4
video_112700,12
video_112729,15
video_112875,14
video_112887,3
video_112888,4
video_112914,4
video_112950,5
video_112960,25
video_112973,10
video_113032,7
video_113037,16
video_113039,31
video_113118,31
video_113150,26
video_113183,23
video_1132,22
video_113218,5
video_113255,28
video_113256,22
video_113299,0
video_113310,25
video_113400,8
video_113452,18
video_113518,9
video_113546,14
video_113560,4
video_113605,14
video_113665,4
video_113671,23
video_113754,14
video_113819,4
video_113835,24
video_113841,32
video_113891,14
video_113900,13
video_113956,17
video_113967,14
video_113985,5
video_114021,0
video_11403,0
video_114051,3
video_114167,11
video_114189,6
video_114197,4
video_114208,25
video_114223,12
video_114259,26
video_114288,15
video_114292,23
video_114302,0
video_114353,4
video_114369,14
video_114388,5
video_114391,12
video_114395,5
video_114420,5
video_114464,1
video_114483,2
video_114498,4
video_114519,14
video_114531,10
video_114559,4
video_114587,4
video_114598,4
video_114604,14
video_114623,14
video_114643,4
video_114684,3
video_114713,15
video_114801,5
video_114831,7
video_114882,26
video_11489,5
video_114919,5
video_114936,14
video_114952,16
video_114963,3
video_114970,7
video_114984,32
video_115029,28
video_115065,4
video_115077,32
video_115179,9
video_115199,25
video_115298,5
video_115317,5
video_115318,4
video_115328,4
video_11534,12
video_115340,4
video_11535,9
video_115363,7
video_115366,31
video_115388,6
video_115415,22
video_115442,3
video_115466,16
video_11547,7
video_115476,18
video_11549,10
video_115537,14
video_115558,4
video_115598,11
video_115603,0
video_115695,29
video_115696,12
video_115760,7
video_115769,5
video_115785,14
video_115787,26
video_11579,31
video_115798,28
video_115801,4
video_11583,5
video_115838,14
video_115941,5
video_116039,8
video_116089,8
video_116101,3
video_11611,22
video_116187,1
video_116215,12
video_116225,15
video_11630,3
video_116408,3
video_116409,0
video_116426,16
video_11645,4
video_116505,7
video_116542,0
video_116556,3
video_11656,4
video_116577,1
video_116587,5
video_116599,2
video_116628,4
video_116649,15
video_116678,7
video_116703,32
video_116752,29
video_11685,23
video_116890,14
video_1169,7
video_116908,23
video_116937,14
video_116994,5
video_11701,23
video_117122,5
video_117176,14
video_117181,14
video_117259,21
video_117275,6
video_117365,4
video_117405,13
video_11743,29
video_117476,23
video_117496,12
video_117503,4
video_117522,4
video_117529,25
video_117542,16
video_117545,14
video_117580,3
video_117607,9
video_117632,14
video_117657,4
video_11767,14
video_117709,14
video_117737,9
video_117783,6
video_117795,32
video_117812,4
video_117834,18
video_11784,24
video_11803,13
video_118034,2
video_118050,14
video_118060,14
video_118063,8
video_118081,30
video_118098,32
video_118127,19
video_118147,3
video_11815,6
video_118157,1
video_118198,31
video_118200,10
video_118215,1
video_118226,14
video_118249,12
video_118263,4
video_118330,7
video_118334,3
video_118337,14
video_118351,4
video_118390,5
video_118453,14
video_118513,7
video_118519,12
video_118522,25
video_118534,4
video_118548,4
video_118599,4
video_118630,4
video_118659,6
video_118665,17
video_118669,14
video_118683,26
video_118754,13
video_118765,19
video_118823,22
video_11886,11
video_118866,9
video_118883,0
video_118916,10
video_118928,12
video_118951,14
video_118952,1
video_119006,18
video_11901,12
video_119011,22
video_119036,14
video_119093,22
video_11912,19
video_119127,9
video_119150,28
video_11919,17
video_119202,25
video_119221,30
video_119226,5
video_119248,8
video_119290,9
video_119299,11
video_119309,9
video_119315,12
video_119363,2
video_119385,12
video_119389,0
video_119393,30
video_119399,32
video_11941,4
video_119490,14
video_11950,21
video_119574,23
video_119577,7
video_119583,17
video_119586,14
video_119591,21
video_119618,4
video_119665,5
video_11972,1
video_119725,28
video_119738,1
video_119741,25
video_119788,7
video_119804,1
video_119876,7
video_119893,22
video_119967,2
video_11997,5
video_119996,1
video_120039,2
video_120075,22
video_120104,1
video_120118,1
video_120170,16
video_120194,14
video_120234,0
video_120236,1
video_120251,5
video_120257,28
video_120281,23
video_120304,24
video_120325,23
video_120326,15
video_120327,4
video_12036,4
video_120390,25
video_120428,4
video_12044,25
video_120449,1
video_120451,14
video_120513,22
video_120634,5
video_120717,14
video_120732,3
video_120746,14
video_120778,3
video_120792,7
video_120814,5
video_120836,0
video_12091,26
video_120958,5
video_121018,5
video_121019,5
video_121050,7
video_121082,12
video_121102,4
video_121182,11
video_121186,16
video_121207,14
video_121219,14
video_121250,25
video_121275,2
video_121278,14
video_121292,5
video_121296,32
video_121298,4
video_121307,14
video_12131,4
video_121325,10
video_121326,5
video_121380,20
video_12141,17
video_12142,12
video_121493,14
video_121514,5
video_121522,25
video_121532,12
video_121539,5
video_121550,23
video_12157,15
video_121635,24
video_121695,14
video_12170,12
video_121702,19
video_121720,1
video_121758,5
video_121771,14
video_121777,6
video_121788,32
video_121789,4
video_121820,0
video_121900,14
video_121901,28
video_122044,29
video_122080,4
video_122086,14
video_122105,7
video_122168,4
video_12217,14
video_12218,1
video_122204,5
video_122209,7
video_122217,0
video_12234,25
video_12236,12
video_122415,25
video_122422,31
video_122504,12
video_122516,2
video_12256,14
video_122572,8
video_122574,7
video_122599,29
video_12262,12
video_122649,4
video_122651,32
video_122662,20
video_122688,3
video_122710,26
video_122797,32
video_12283,9
video_122845,23
video_122846,25
video_122860,5
video_122917,14
video_123008,22
video_12302,15
video_123077,25
video_12308,5
video_123082,5
video_123090,13
video_123093,4
video_123123,16
video_123128,6
video_123138,21
video_123222,9
video_123223,12
video_123234,4
video_123242,5
video_123244,4
video_123256,32
video_12328,32
video_123313,11
video_123343,22
video_123402,4
video_123408,18
video_123435,15
video_123443,14
video_123483,10
video_123495,3
video_123545,23
video_123561,4
video_123599,2
video_12360,32
video_123643,15
video_123707,22
video_123717,13
video_123726,10
video_123732,32
video_123788,10
video_12381,10
video_123857,28
video_12393,5
video_123963,2
video_123971,14
video_124002,21
video_124018,23
video_124021,7
video_124033,13
video_124034,4
video_124077,32
video_124091,14
video_12411,17
video_124190,15
video_124252,3
video_124281,28
video_124313,4
video_124345,14
video_124366,5
video_124375,14
video_124380,15
video_12446,17
video_124469,22
video_124481,7
video_124482,22
video_124589,14
video_124592,31
video_1246,14
video_124612,17
video_12466,14
video_124723,12
video_124724,18
video_124736,5
video_124751,15
video_124818,3
video_124826,12
video_124923,13
video_124933,14
video_124980,14
video_124999,12
video_125008,19
video_125019,12
video_125028,14
video_125094,19
video_125164,5
video_125179,14
video_125203,24
video_125275,12
video_125362,0
video_125460,23
video_125492,7
video_125504,14
video_125539,10
video_125554,3
video_125561,14
video_125596,5
video_125612,14
video_125613,9
video_125665,3
video_125666,30
video_125759,23
video_125843,14
video_125876,7
video_12590,5
video_125917,6
video_126002,14
video_126005,22
video_126016,22
video_126037,12
video_126088,3
video_126118,14
video_126190,32
video_126192,4
video_126275,9
video_126354,7
video_126366,7
video_126372,4
video_126388,23
video_126391,10
video_12641,14
video_126422,10
video_126493,25
video_126527,4
video_126536,1
video_126544,15
video_126568,12
video_126579,7
video_126636,9
video_12664,8
video_126651,4
video_126714,4
video_126778,6
video_126785,12
video_126802,7
video_12683,0
video_126869,3
video_126888,1
video_126911,11
video_12694,18
video_126969,14
video_126976,25
video_126984,14
video_127095,15
video_12712,15
video_127127,5
video_127130,14
video_127302,32
video_127355,0
video_127445,4
video_127502,22
video_127541,24
video_127547,29
video_127558,9
video_1276,0
video_127614,5
video_127731,5
video_127735,14
video_127745,31
video_127808,5
video_127820,14
video_127845,14
video_127892,0
video_127898,15
video_127922,32
video_12797,4
video_127979,32
video_128000,14
video_128010,12
video_128040,23
video_128111,4
video_128134,28
video_128190,14
video_128195,32
video_128244,19
video_128274,12
video_128329,5
video_128331,15
video_128358,6
video_128366,12
video_128370,28
video_128392,11
video_128409,5
video_128414,22
video_128459,16
video_128484,14
video_128580,32
video_128590,4
video_128605,2
video_128668,15
video_128686,1
video_128689,0
video_128705,14
video_128711,14
video_128716,25
video_128723,14
video_128729,14
video_128730,32
video_128761,6
video_128770,3
video_128799,16
video_128826,22
video_128895,10
video_128901,1
video_128911,2
video_128961,0
video_128964,4
video_128973,20
video_128977,12
video_129001,5
video_12901,6
video_129059,4
video_12908,2
video_12909,7
video_129096,14
video_129128,23
video_129136,25
video_129148,25
video_129171,10
video_12918,12
video_129283,4
video_129297,22
video_1293,19
video_129370,10
video_129377,2
video_12939,5
video_129400,18
video_129401,4
video_12941,19
video_129420,5
video_129423,12
video_129451,17
video_129493,32
video_129513,14
video_129536,4
video_129546,5
video_129553,6
video_12957,5
video_129595,29
video_129597,7
video_129662,9
video_129666,5
video_12970,10
video_129708,10
video_129748,22
video_129750,5
video_129761,15
video_129772,22
video_129810,5
video_12982,12
video_129896,7
video_12991,15
video_129936,0
video_129973,7
video_13,2
video_13002,4
video_130035,11
video_13009,6
video_130148,14
video_130160,5
video_130219,25
video_130253,15
video_130265,1
video_130276,5
video_130280,20
video_130297,5
video_130314,5
video_130324,3
video_13035,5
video_130358,7
video_130360,14
video_130403,14
video_130410,14
video_130415,5
video_130447,14
video_130459,7
video_130489,14
video_13049,9
video_130495,23
video_130513,5
video_13052,7
video_130558,0
video_130565,2
video_130675,5
video_130716,25
video_130723,22
video_130766,5
video_130796,14
video_130806,15
video_130847,1
video_130864,29
video_130894,22
video_130938,7
video_130940,17
video_13104,22
video_131067,3
video_131070,15
video_131191,20
video_131201,4
video_131204,5
video_131238,4
video_131274,14
video_131286,4
video_131323,5
video_131334,14
video_131357,22
video_131364,10
video_131380,32
video_131395,4
video_13146,16
video_131463,3
video_131524,16
video_131560,6
video_131588,9
video_131680,14
video_131698,23
video_131758,12
video_131794,26
video_131814,22
video_131832,25
video_131899,32
video_131906,28
video_13193,0
video_13195,29
video_131971,4
video_132052,15
video_132056,0
video_132090,14
video_132163,11
video_132201,8
video_132228,16
video_132256,5
video_132291,28
video_132295,7
video_132357,3
video_132368,9
video_132386,0
video_132439,13
video_132445,2
video_132446,14
video_132457,11
video_132474,12
video_132537,1
video_132540,14
video_132564,18
video_132576,12
video_132586,14
video_132607,14
video_132639,31
video_132687,25
video_132709,4
video_132775,2
video_132797,14
video_132809,5
video_132831,14
video_132849,18
video_132867,12
video_13295,4
video_132985,23
video_132988,5
video_133012,10
video_133062,4
video_133075,11
video_133086,9
video_133100,5
video_133122,10
video_133128,2
video_133135,6
video_133213,7
video_133221,24
video_133228,14
video_133233,5
video_133237,14
video_133247,14
video_13330,14
video_133309,4
video_133357,14
video_133374,31
video_133379,9
video_133398,5
video_133412,4
video_133446,12
video_133464,10
video_13347,12
video_133584,29
video_133594,15
video_133633,4
video_133645,25
video_133647,3
video_133658,19
video_133685,22
video_1337,4
video_133705,5
video_133786,30
video_133818,12
video_133855,14
video_133889,4
video_13389,14
video_133895,6
video_133896,22
video_133922,4
video_133926,16
video_133956,25
video_133974,0
video_133987,3
video_134103,21
video_134112,14
video_134135,19
video_134160,30
video_134163,10
video_134202,4
video_13422,5
video_134302,11
video_134315,9
video_134327,13
video_134359,12
video_134382,4
video_134384,5
video_134395,4
video_134411,22
video_134412,7
video_134455,14
video_134495,8
video_134502,1
video_134542,5
video_134616,13
video_134619,7
video_134623,1
video_134634,32
video_134636,10
video_134643,6
video_134674,0
video_134693,6
video_134696,0
video_134705,4
video_134725,9
video_134743,0
video_134745,29
video_134771,16
video_134788,5
video_134850,19
video_134857,4
video_134858,28
video_134882,14
video_134902,26
video_134910,5
video_134912,0
video_134923,12
video_134933,3
video_134943,7
video_134965,8
video_134995,32
video_135013,20
video_135018,10
video_135037,14
video_135079,12
video_135110,6
video_135129,14
video_135189,12
video_1352,1
video_135216,14
video_135218,31
video_135220,5
video_135231,12
video_135251,5
video_135345,7
video_135366,4
video_135371,14
video_135378,32
video_135397,32
video_135408,14
video_135471,14
video_135505,1
video_135560,14
video_135576,12
video_135592,3
video_135599,4
video_135640,14
video_135681,1
video_135752,9
video_135793,5
video_135797,23
video_135804,4
video_135834,11
video_135872,7
video_135892,32
video_136013,4
video_136033,14
video_136038,0
video_136075,15
video_136083,7
video_136099,3
video_136105,32
video_13611,2
video_136117,0
video_136119,14
video_136124,4
video_13615,14
video_136203,5
video_136217,31
video_136234,25
video_136299,5
video_136316,2
video_136333,6
video_136373,4
video_136388,24
video_136430,2
video_136450,14
video_136496,30
video_136512,14
video_136525,0
video_136544,3
video_136587,14
video_136588,7
video_136674,5
video_136703,12
video_13673,2
video_136751,3
video_136752,21
video_136754,7
video_136786,5
video_136792,9
video_136796,1
video_136801,14
video_136806,1
video_13682,14
video_136847,16
video_136889,14
video_136912,12
video_136913,24
video_136915,30
video_136956,7
video_136979,25
video_136980,3
video_137036,5
video_137097,8
video_137106,12
video_13713,3
video_137158,2
video_137167,4
video_137196,7
video_137226,11
video_137289,14
video_137300,3
video_137332,17
video_137355,12
video_137366,23
video_13737,16
video_137419,4
video_137420,28
video_137463,12
video_137466,5
video_137485,5
video_137493,7
video_137524,4
video_137532,11
video_137566,14
video_137605,14
video_137615,22
video_137628,5
video_137691,26
video_137694,15
video_137738,5
video_137774,11
video_137903,6
video_137975,22
video_138039,16
video_138040,15
video_138111,0
video_138172,25
video_138234,7
video_138328,6
video_138334,32
video_138349,5
video_138401,7
video_138402,1
video_13846,26
video_138503,12
video_138511,1
video_138556,28
video_138632,9
video_138635,10
video_138641,20
video_13865,5
video_13866,14
video_138708,17
video_138776,7
video_138779,14
video_138812,2
video_138846,9
video_138851,12
video_138898,7
video_138900,4
video_138930,16
video_138940,2
video_138943,25
video_139022,5
video_139071,26
video_139078,25
video_139234,21
video_139347,12
video_139399,6
video_139403,14
video_139418,32
video_139469,10
video_139526,7
video_13957,5
video_1396,8
video_139616,10
video_139667,10
video_139668,9
video_139792,5
video_139809,5
video_139839,7
video_13987,28
video_139894,7
video_139973,29
video_139982,1
video_14000,2
video_140010,7
video_140029,7
video_140090,5
video_140107,14
video_140126,4
video_140127,1
video_140149,16
video_14015,7
video_140160,14
video_140168,9
video_140176,4
video_140182,3
video_140188,32
video_140195,23
video_140226,22
video_140251,14
video_140257,15
video_140277,4
video_140382,6
video_140457,5
video_140475,7
video_140519,14
video_140551,12
video_14058,7
video_140595,10
video_140601,9
video_140624,18
video_140676,14
video_140693,4
video_140708,4
video_140714,25
video_140764,5
video_140839,5
video_140852,4
video_140855,14
video_140869,32
video_140873,7
video_140960,10
video_14099,4
video_141000,5
video_141011,10
video_141014,4
video_141020,4
video_141033,28
video_141034,1
video_14104,14
video_141053,4
video_141079,12
video_14109,18
video_141157,0
video_141183,23
video_141258,5
video_141265,14
video_141339,5
video_141359,1
video_141393,3
video_141430,30
video_141490,4
video_141491,1
video_141518,4
video_141571,15
video_141639,5
video_14165,14
video_141654,31
video_14168,21
video_141681,4
video_141694,5
video_14174,14
video_141760,14
video_141877,18
video_141914,5
video_141931,32
video_141942,14
video_141946,12
video_141949,25
video_141985,3
video_1420,17
video_142031,11
video_142036,0
video_142057,5
video_142067,7
video_142080,19
video_142081,2
video_1421,25
video_142119,25
video_142243,14
video_142275,10
video_142311,0
video_142313,13
video_142328,14
video_142334,25
video_14237,7
video_142445,14
video_142453,28
video_142458,14
video_14246,25
video_142467,5
video_14259,5
video_142671,9
video_142756,4
video_142759,22
video_142809,31
video_142812,4
video_14284,5
video_142865,7
video_142867,7
video_142896,5
video_142899,3
video_142910,12
video_142956,4
video_14296,25
video_142988,3
video_143003,32
video_143057,12
video_143064,6
video_143068,4
video_143070,5
video_143127,4
video_143171,1
video_143172,5
video_143190,14
video_143213,23
video_143256,4
video_143347,7
video_143441,14
video_143461,24
video_143526,6
video_143547,5
video_143647,4
video_1437,7
video_143726,22
video_143735,17
video_143750,14
video_143789,22
video_143794,31
video_143798,32
video_143852,5
video_143876,7
video_143914,12
video_14392,22
video_143933,3
video_143945,18
video_143956,26
video_143965,25
video_143992,23
video_144005,12
video_144029,23
video_144048,14
video_144053,5
video_144069,4
video_144083,4
video_14414,4
video_144149,23
video_144170,4
video_144179,10
video_144184,32
video_144237,14
video_144286,1
video_144301,12
video_144333,32
video_144340,7
video_144370,7
video_144376,25
video_144394,4
video_144413,2
video_144438,14
video_144483,7
video_144491,12
video_144561,31
video_144569,14
video_14459,3
video_144632,12
video_144704,2
video_144741,14
video_144751,3
video_144777,5
video_144806,2
video_144847,4
video_14494,5
video_14495,14
video_144972,8
video_144983,20
video_145034,23
video_145077,14
video_145079,4
video_145135,0
video_145244,4
video_145248,5
video_145251,5
video_145291,16
video_1453,28
video_145356,7
video_145404,32
video_145405,23
video_145422,5
video_145477,23
video_145483,14
video_145495,3
video_1455,1
video_145539,32
video_145585,4
video_145603,5
video_145604,4
video_145650,4
video_145676,22
video_145693,5
video_145702,31
video_145800,9
video_145804,19
video_145871,23
video_145927,23
video_145997,14
video_146068,14
video_14608,1
video_146085,11
video_146166,6
video_146186,0
video_146200,24
video_14621,32
video_146233,14
video_146237,0
video_146267,22
video_14627,14
video_146293,5
video_146313,5
video_146323,14
video_146327,32
video_146372,29
video_146377,2
video_146382,1
video_146413,5
video_14642,11
video_146424,5
video_146425,5
video_146553,1
video_146555,14
video_146573,8
video_146592,4
video_146630,7
video_146634,5
video_1467,4
video_146733,7
video_146765,10
video_146778,5
video_14678,4
video_146788,5
video_146803,4
video_146862,23
video_146882,2
video_146924,0
video_146950,14
video_147005,14
video_147017,14
video_147026,23
video_1471,1
video_147174,6
video_147187,14
video_147194,28
video_147200,10
video_147290,25
video_147305,14
video_147327,14
video_147414,30
video_147423,13
video_147521,26
video_147610,4
video_147644,14
video_147663,23
video_147693,4
video_147704,14
video_147764,4
video_147911,14
video_147948,2
video_147951,18
video_147972,4
video_147996,4
video_148054,2
video_148065,0
video_148068,14
video_148202,6
video_148242,32
video_148245,14
video_148251,4
video_148252,14
video_148271,29
video_148305,19
video_148399,13
video_148465,5
video_148478,32
video_148527,32
video_148633,12
video_14864,29
video_148663,20
video_148674,5
video_148676,7
video_148759,3
video_148824,16
video_148825,12
video_148846,4
video_148857,12
video_148877,12
video_148922,6
video_148929,5
video_148934,16
video_148956,14
video_148959,25
video_149053,5
video_14907,9
video_149091,0
video_149093,1
video_149106,15
video_149125,20
video_149146,9
video_14921,31
video_149215,1
video_149226,30
video_149251,20
video_149253,12
video_149326,12
video_149340,14
video_149342,8
video_149375,5
video_149407,5
video_14943,14
video_149433,12
video_14945,5
video_149539,13
video_149602,26
video_149609,14
video_149620,5
video_149686,15
video_149690,25
video_149691,9
video_149727,20
video_149730,5
video_149746,32
video_149776,11
video_149794,11
video_149815,28
video_149850,6
video_149867,16
video_149885,14
video_149889,12
video_149933,6
video_149955,18
video_149957,16
video_149962,4
video_149982,12
video_15001,14
video_150049,22
video_150053,5
video_150114,14
video_150115,22
video_15013,19
video_150142,3
video_150152,12
video_150196,4
video_150210,22
video_150219,6
video_150231,32
video_150276,29
video_150322,31
video_150361,19
video_150372,31
video_150385,1
video_150425,25
video_150432,5
video_150446,1
video_150454,2
video_150478,0
video_150488,21
video_150546,6
video_150578,13
video_150619,30
video_150675,28
video_150679,14
video_150696,22
video_150718,14
video_150725,4
video_150727,5
video_150746,23
video_150865,4
video_150897,4
video_150908,6
video_150954,14
video_151075,0
video_151076,2
video_15109,14
video_151113,4
video_151163,3
video_151191,4
video_151209,7
video_151245,0
video_151251,4
video_151315,8
video_151325,18
video_151347,32
video_151410,17
video_151440,22
video_151470,11
video_151494,29
video_151502,1
video_151525,14
video_151557,0
video_151621,10
video_15167,5
video_151703,5
video_15171,24
video_151713,14
video_151748,7
video_151794,0
video_151817,10
video_151826,16
video_151840,11
video_151850,5
video_151890,21
video_151898,2
video_151918,17
video_151920,14
video_151966,0
video_151969,14
video_151971,14
video_151988,22
video_152014,29
video_152067,12
video_152082,7
video_152126,10
video_15214,14
video_152191,3
video_152311,5
video_152330,4
video_152332,5
video_152347,22
video_152388,4
video_152411,23
video_152433,24
video_152435,30
video_152498,3
video_152521,7
video_152568,14
video_152590,10
video_15260,5
video_152661,14
video_152764,17
video_152765,29
video_152848,7
video_152897,14
video_152901,6
video_152913,0
video_152930,1
video_15295,0
video_152962,15
video_153002,12
video_153016,5
video_153050,14
video_153093,4
video_153150,28
video_153156,3
video_153176,2
video_153206,14
video_153318,4
video_153334,15
video_153403,14
video_153406,25
video_153408,21
video_153436,25
video_153456,12
video_153472,4
video_153475,19
video_153488,7
video_15353,7
video_153616,28
video_15362,14
video_153674,1
video_153681,22
video_153737,19
video_153808,1
video_153833,5
video_153857,11
video_153933,4
video_153956,14
video_153987,24
video_153993,10
video_154021,16
video_15405,17
video_154075,20
video_154086,7
video_154102,17
video_154125,14
video_154134,25
video_154184,7
video_154235,0
video_154248,2
video_154284,11
video_15433,10
video_154408,14
video_154466,10
video_154495,25
video_154522,32
video_154538,4
video_154659,31
video_15471,11
video_154719,14
video_154725,4
video_154853,5
video_154878,22
video_154893,5
video_154901,7
video_155,32
video_15501,7
video_15502,5
video_155035,14
video_155036,18
video_155047,14
video_155074,22
video_155107,32
video_155115,0
video_155122,17
video_155219,0
video_155253,22
video_155263,14
video_155281,29
video_155318,14
video_155320,14
video_155349,0
video_15536,16
video_155393,0
video_155428,22
video_15548,8
video_155484,17
video_155507,4
video_155630,9
video_155662,23
video_155667,7
video_155698,1
video_155799,13
video_155800,14
video_155865,12
video_155867,26
video_155871,12
video_155888,4
video_155912,28
video_155944,15
video_156014,5
video_156049,23
video_156081,0
video_156111,16
video_156128,14
video_156143,1
video_156179,29
video_156215,4
video_156237,4
video_156263,29
video_156277,1
video_156314,7
video_156328,15
video_15638,25
video_156388,4
video_156389,22
video_156399,3
video_156416,5
video_156442,4
video_156448,12
video_156452,23
video_156467,24
video_156510,14
video_156513,7
video_156551,4
video_156667,14
video_156700,26
video_15671,4
video_156787,5
video_156811,30
video_156848,9
video_156861,1
video_156878,4
video_156932,4
video_156961,14
video_157007,5
video_157079,4
video_157103,0
video_157135,23
video_157153,12
video_157163,3
video_157189,5
video_157194,4
video_157295,0
video_157383,3
video_15740,5
video_157485,9
video_157558,23
video_15756,11
video_157612,32
video_157624,19
video_157677,7
video_157688,4
video_157727,6
video_157776,31
video_157791,0
video_157833,5
video_15789,14
video_158047,4
video_158139,9
video_158154,32
video_158184,25
video_158191,12
video_158202,5
video_158212,11
video_158215,1
video_158263,14
video_158302,21
video_158326,17
video_158328,10
video_158348,31
video_158350,29
video_158377,17
video_158385,7
video_158387,4
video_158424,12
video_158440,24
video_158497,5
video_158505,22
video_158566,31
video_158607,3
video_158637,7
video_158649,12
video_158657,23
video_158666,5
video_158676,1
video_158678,7
video_158712,14
video_158718,22
video_158743,18
video_158766,4
video_158780,11
video_15880,11
video_158819,13
video_158826,18
video_158836,4
video_158859,0
video_158866,5
video_15891,32
video_158998,2
video_159009,22
video_159087,23
video_159092,11
video_159139,6
video_159150,9
video_159156,1
video_159171,20
video_159173,29
video_159178,31
video_159186,0
video_159199,4
video_159218,14
video_159227,32
video_159261,8
video_159274,1
video_159292,4
video_159323,10
video_159388,23
video_159522,14
video_159545,32
video_159550,15
video_159561,4
video_159616,4
video_159633,14
video_15964,25
video_159839,0
video_159853,5
video_159861,4
video_159887,3
video_159940,7
video_159944,14
video_159955,1
video_159974,14
video_159978,4
video_159984,4
video_159985,14
video_15999,14
video_160064,3
video_16010,12
video_160118,4
video_16012,28
video_160123,21
video_160177,4
video_16018,4
video_160188,15
video_160242,4
video_160244,14
video_160248,4
video_160340,32
video_16036,28
video_160395,24
video_160516,22
video_160527,7
video_160579,12
video_160609,4
video_16061,5
video_160614,31
video_16063,4
video_160642,11
video_160654,16
video_160670,22
video_160722,3
video_160733,5
video_160740,20
video_160829,10
video_160847,4
video_160854,11
video_16086,31
video_160861,11
video_160869,26
video_160882,6
video_160889,3
video_160903,14
video_160960,4
video_16097,25
video_161019,21
video_16106,7
video_161080,14
video_161118,5
video_161122,32
video_161135,4
video_161136,3
video_161153,4
video_161198,19
video_1612,12
video_161226,9
video_161230,5
video_161261,7
video_161262,15
video_161272,31
video_161348,15
video_161391,1
video_161402,23
video_161413,1
video_161425,16
video_161445,22
video_161478,26
video_16151,14
video_161545,30
video_161565,14
video_161570,12
video_161590,10
video_161606,14
video_161612,25
video_161629,4
video_161707,5
video_161726,6
video_16177,23
video_161789,5
video_161803,5
video_161804,29
video_161827,32
video_161966,4
video_161994,14
video_162,3
video_162006,15
video_162060,5
video_162110,12
video_162157,7
video_162170,15
video_162195,14
video_162210,32
video_162216,23
video_16222,16
video_162230,16
video_162260,14
video_162279,14
video_162286,4
video_16229,31
video_162342,4
video_162355,15
video_162365,9
video_162389,31
video_162423,4
video_162434,1
video_16247,22
video_162567,14
video_162568,5
video_162577,3
video_162612,3
video_162660,3
video_162708,7
video_162725,8
video_162733,16
video_162741,4
video_162778,4
video_162815,19
video_162816,22
video_162837,25
video_162840,31
video_162847,6
video_162886,7
video_162919,4
video_162930,25
video_162935,14
video_162950,25
video_16297,16
video_163045,15
video_163102,17
video_16316,12
video_163178,2
video_163184,3
video_163209,32
video_163211,2
video_16322,22
video_163239,18
video_163274,15
video_163276,14
video_163287,12
video_163325,15
video_163356,5
video_163367,10
video_163415,2
video_163437,4
video_163451,2
video_163452,12
video_163455,14
video_163464,18
video_16347,19
video_1635,4
video_16356,0
video_163582,14
video_16360,3
video_163640,19
video_163722,5
video_163744,14
video_163812,0
video_163818,4
video_163866,8
video_163873,14
video_163882,4
video_163924,10
video_164015,14
video_164020,31
video_164033,7
video_164035,14
video_164052,14
video_164075,10
video_164091,14
video_164120,9
video_164136,14
video_16415,15
video_164268,9
video_164311,32
video_164312,0
video_164316,9
video_164333,22
video_164341,4
video_164345,12
video_164350,9
video_164409,31
video_164434,32
video_164477,5
video_164489,3
video_164506,12
video_164526,25
video_164575,7
video_164580,31
video_164591,3
video_16461,3
video_16462,2
video_16464,24
video_164689,7
video_164702,14
video_164704,24
video_16472,8
video_164738,28
video_164752,16
video_164782,1
video_164789,2
video_164822,1
video_164833,14
video_164879,30
video_164888,14
video_164899,7
video_16491,3
video_164922,14
video_164944,5
video_164949,14
video_164958,5
video_164962,5
video_164988,4
video_164992,31
video_165020,1
video_165063,14
video_165084,4
video_165089,5
video_165111,5
video_165247,2
video_16530,14
video_165314,3
video_165321,22
video_165392,5
video_165394,18
video_165439,3
video_165456,15
video_16546,5
video_165472,25
video_165473,4
video_165493,20
video_165563,8
video_165602,0
video_165633,2
video_16564,30
video_165654,3
video_165661,23
video_165721,5
video_165722,5
video_165758,12
video_165773,19
video_165777,5
video_165783,4
video_165839,12
video_165864,5
video_16590,4
video_165904,9
video_16592,23
video_165926,12
video_16594,14
video_165944,20
video_165958,14
video_16598,16
video_166051,10
video_166066,31
video_166117,22
video_166146,4
video_166155,13
video_166167,1
video_166189,18
video_166268,18
video_166279,8
video_166284,4
video_166310,19
video_166313,5
video_166391,14
video_166429,22
video_166473,5
video_166510,7
video_166516,14
video_166528,14
video_166533,7
video_166545,14
video_166594,5
video_166623,11
video_166679,22
video_166740,32
video_166747,5
video_166822,6
video_166918,2
video_16692,14
video_166928,12
video_166930,5
video_166998,14
video_167016,0
video_167087,7
video_167125,14
video_167217,4
video_167234,4
video_1673,7
video_167305,4
video_16731,14
video_167368,14
video_167375,6
video_167402,1
video_167429,1
video_167454,7
video_167467,4
video_167481,4
video_167600,7
video_167619,9
video_167673,7
video_167692,29
video_167696,15
video_167712,12
video_167724,8
video_167742,7
video_167752,4
video_167755,1
video_167757,10
video_167774,4
video_167817,5
video_167824,5
video_167902,6
video_167955,10
video_167978,6
video_168012,14
video_168026,14
video_168064,26
video_168095,24
video_1681,3
video_168139,4
video_168158,4
video_168302,14
video_168328,1
video_168399,19
video_168422,18
video_168472,15
video_168490,1
video_168665,5
video_168686,6
video_168695,30
video_168739,5
video_168759,11
video_168767,4
video_16877,18
video_168817,5
video_168830,5
video_16885,7
video_168869,5
video_168886,14
video_168895,3
video_168901,1
video_168909,4
video_168920,22
video_168925,14
video_168955,15
video_168979,10
video_16898,0
video_169008,29
video_169077,14
video_169109,29
video_169140,4
video_16915,3
video_169182,2
video_169243,20
video_169252,5
video_169282,3
video_169290,16
video_169304,30
video_169320,5
video_169340,5
video_169341,5
video_169345,22
video_169366,16
video_169407,25
video_16941,25
video_169427,13
video_169455,19
video_169486,5
video_169557,29
video_169596,7
video_16964,5
video_169680,5
video_169722,29
video_169741,25
video_169744,4
video_169752,3
video_16976,7
video_169762,23
video_169798,29
video_169823,4
video_169869,23
video_169902,3
video_169979,4
video_169988,15
video_170048,32
video_170059,5
video_170060,16
video_170072,19
video_170102,10
video_170117,14
video_170133,3
video_170201,16
video_17022,5
video_17025,31
video_170311,5
video_170348,14
video_170370,14
video_17041,16
video_170448,5
video_170473,5
video_170477,29
video_170545,14
video_170582,14
video_170589,14
video_170620,10
video_170669,32
video_170695,25
video_170697,22
video_170745,4
video_170755,31
video_17078,11
video_170825,14
video_170978,4
video_171009,6
video_171090,4
video_171120,4
video_171143,10
video_171171,20
video_171176,4
video_171197,8
video_171247,10
video_171265,7
video_171266,1
video_171314,11
video_171385,4
video_171425,21
video_171530,4
video_171532,19
video_171561,11
video_17165,19
video_171654,4
video_1717,16
video_171700,13
video_171714,5
video_171727,10
video_171735,25
video_17175,6
video_171773,29
video_171799,12
video_171840,10
video_171857,14
video_171858,14
video_171860,7
video_171902,4
video_171916,9
video_171928,5
video_171930,12
video_171943,5
video_171978,12
video_171990,6
video_172005,2
video_172016,5
video_172035,23
video_172048,2
video_172053,25
video_172065,5
video_172071,3
video_172085,11
video_172126,5
video_172137,14
video_172148,12
video_172153,29
video_172178,11
video_172210,5
video_17222,14
video_172278,19
video_172298,15
video_172311,4
video_172324,5
video_172376,14
video_172396,32
video_172441,5
video_172484,10
video_172534,4
video_172562,0
video_172593,1
video_17260,7
video_172615,5
video_17263,9
video_172659,32
video_172668,9
video_172691,2
video_172723,12
video_172806,7
video_172825,5
video_172850,9
video_172862,28
video_172875,8
video_172894,5
video_172950,9
video_172996,14
video_173004,4
video_173032,11
video_173054,14
video_17313,4
video_173138,32
video_173141,5
video_173165,4
video_17318,3
video_173213,22
video_173217,12
video_173223,14
video_173236,4
video_173271,9
video_173332,22
video_173334,3
video_173356,5
video_173381,1
video_173445,31
video_173473,12
video_173482,0
video_173493,4
video_173517,7
video_173518,3
video_17352,7
video_173543,4
video_17355,14
video_173560,7
video_17357,16
video_173583,29
video_173589,1
video_17359,13
video_173608,5
video_173636,14
video_173672,20
video_173822,25
video_173826,9
video_173830,23
video_173868,5
video_173891,22
video_173899,5
video_173935,9
video_173958,14
video_173961,1
video_173973,14
video_173976,23
video_174018,4
video_17402,7
video_174029,14
video_17403,7
video_174059,6
video_174107,14
video_17412,14
video_174161,5
video_174177,5
video_174201,3
video_174266,14
video_174278,4
video_174321,14
video_174357,25
video_174359,5
video_174368,10
video_174383,24
video_174391,3
video_174403,7
video_174408,5
video_174413,7
video_1745,13
video_174528,12
video_174601,6
video_174602,18
video_174661,4
video_174697,1
video_174701,5
video_174727,12
video_17477,5
video_174833,24
video_174848,4
video_174849,0
video_174883,2
video_174888,4
video_174910,4
video_174916,12
video_174937,25
video_174944,5
video_174968,5
video_17499,16
video_174998,8
video_175001,14
video_175042,6
video_175047,4
video_175102,14
video_175106,1
video_175134,2
video_175226,22
video_175241,4
video_175249,5
video_175262,2
video_175310,25
video_175316,14
video_175333,5
video_175351,17
video_175368,30
video_175411,20
video_175424,4
video_175433,5
video_175485,25
video_175504,16
video_175514,2
video_175523,7
video_175530,2
video_175611,22
video_175651,9
video_175773,14
video_175784,10
video_175787,14
video_175820,17
video_175893,5
video_175898,31
video_175906,3
video_175928,11
video_175943,5
video_175950,25
video_17596,5
video_176002,4
video_176044,22
video_176084,9
video_176100,14
video_17613,14
video_176138,0
video_176184,29
video_176210,14
video_176260,12
video_176279,15
video_176376,4
video_176380,18
video_176387,9
video_176394,5
video_176427,30
video_176430,14
video_176490,24
video_176526,14
video_176536,2
video_176575,12
video_176636,31
video_176646,14
video_176658,19
video_176693,3
video_17671,4
video_176751,24
video_176752,4
video_176783,11
video_176796,1
video_176812,17
video_17687,6
video_176886,5
video_176900,14
video_176985,12
video_177022,5
video_17706,14
video_177062,5
video_177121,28
video_17718,32
video_177208,28
video_177210,3
video_177232,23
video_177391,6
video_177458,14
video_177477,4
video_177504,12
video_177511,5
video_177520,14
video_177529,12
video_17755,5
video_17756,22
video_177566,24
video_177588,15
video_177605,31
video_177613,14
video_177670,5
video_177681,18
video_177692,32
video_177706,14
video_177732,4
video_177781,22
video_177792,28
video_177828,29
video_177856,22
video_177892,21
video_177914,1
video_177942,4
video_177983,20
video_178016,14
video_178030,14
video_178031,4
video_178040,22
video_178078,5
video_178092,9
video_178096,32
video_178140,4
video_178175,14
video_178180,10
video_178184,23
video_178196,17
video_178286,25
video_178303,5
video_178328,3
video_178365,5
video_178394,22
video_178412,15
video_178414,10
video_178460,7
video_178469,4
video_178498,4
video_178504,22
video_178505,9
video_178524,1
video_178532,3
video_178537,5
video_178553,3
video_178607,14
video_178614,5
video_178619,4
video_17862,14
video_178707,4
video_17871,30
video_178766,4
video_178811,22
video_178826,8
video_178881,12
video_178898,2
video_178930,3
video_178981,22
video_178997,4
video_179008,13
video_179020,10
video_179036,14
video_179052,0
video_179056,13
video_179109,16
video_179146,14
video_179236,5
video_179241,4
video_179242,31
video_179250,14
video_179258,5
video_179275,18
video_179287,4
video_179290,14
video_179291,5
video_179333,2
video_179348,5
video_179372,7
video_179374,25
video_179417,12
video_179486,18
video_179587,1
video_179591,0
video_179632,14
video_179658,0
video_179707,14
video_17975,1
video_179752,25
video_179760,1
video_179784,2
video_179826,10
video_179878,4
video_17988,4
video_179911,12
video_179919,4
video_179955,16
video_179966,15
video_179980,23
video_179984,7
video_180003,14
video_180014,22
video_180060,15
video_180064,23
video_180107,13
video_180150,16
video_180157,6
video_180181,13
video_180184,3
video_180202,29
video_180232,12
video_180282,14
video_1803,5
video_180314,25
video_180335,17
video_180415,32
video_180427,15
video_180433,25
video_180437,1
video_180441,22
video_18045,26
video_180469,5
video_180477,12
video_180506,23
video_180539,13
video_180546,12
video_180579,9
video_180748,13
video_180762,18
video_180800,22
video_180808,14
video_180813,13
video_180821,14
video_18085,26
video_180875,4
video_180926,4
video_180943,25
video_180961,5
video_180994,5
video_181005,4
video_181047,16
video_181113,7
video_181176,22
video_181201,0
video_181218,9
video_181221,7
video_18128,3
video_181308,5
video_181333,19
video_181355,32
video_181361,16
video_181395,2
video_181453,6
video_181469,22
video_181472,4
video_18149,18
video_181525,11
video_181562,7
video_181675,3
video_181700,10
video_181723,12
video_181743,0
video_181771,10
video_181780,11
video_181843,3
video_181855,14
video_181884,4
video_182010,22
video_18211,4
video_182116,25
video_182145,11
video_182213,4
video_182234,12
video_182289,5
video_18229,12
video_182308,29
video_182310,14
video_182334,22
video_182356,7
video_182409,15
video_182412,25
video_182449,23
video_182469,7
video_182499,29
video_182500,16
video_182541,15
video_182612,4
video_182624,4
video_182746,17
video_182765,1
video_182822,0
video_182872,10
video_182883,14
video_182901,23
video_182927,11
video_182931,23
video_182956,9
video_182984,4
video_182992,1
video_18304,9
video_183071,4
video_183084,15
video_183088,5
video_183127,1
video_183161,5
video_18317,22
video_18319,7
video_183213,5
video_183220,28
video_18326,2
video_183325,14
video_183360,23
video_183369,7
video_183383,16
video_183395,23
video_183419,9
video_183441,4
video_183445,5
video_183446,12
video_183476,11
video_183481,20
video_183509,5
video_183561,15
video_183562,4
video_183587,5
video_183617,17
video_183634,9
video_183647,9
video_183665,18
video_183704,14
video_183780,1
video_183785,17
video_183819,21
video_183822,4
video_183842,28
video_183857,4
video_183871,28
video_183886,11
video_183895,4
video_183896,32
video_183903,7
video_183907,7
video_183910,5
video_183918,14
video_183994,10
video_184055,25
video_184071,6
video_184076,11
video_184105,17
video_184151,4
video_184156,31
video_184217,1
video_184250,4
video_184259,16
video_184260,23
video_184299,22
video_184352,6
video_184363,14
video_184367,5
video_184542,32
video_184576,23
video_184586,5
video_184594,0
video_18464,18
video_184664,10
video_184729,11
video_184738,5
video_18474,32
video_184752,26
video_184777,24
video_184787,17
video_184839,7
video_184885,4
video_184912,4
video_184915,16
video_185172,31
video_185179,12
video_185222,7
video_185238,0
video_185254,3
video_185273,3
video_185347,22
video_185412,29
video_185433,10
video_185450,14
video_185452,14
video_18546,18
video_18549,14
video_185505,23
video_185524,15
video_185564,1
video_185623,3
video_185678,7
video_185694,24
video_185744,14
video_185750,25
video_185783,5
video_185812,5
video_185850,26
video_185859,4
video_185869,14
video_185874,11
video_185898,0
video_185911,9
video_185971,25
video_186010,5
video_186028,16
video_186047,6
video_186051,23
video_186134,3
video_186147,14
video_186174,7
video_186178,0
video_186199,6
video_186257,3
video_186306,14
video_186308,29
video_186359,6
video_186363,14
video_186377,6
video_186420,18
video_186429,24
video_18644,9
video_186486,26
video_186490,11
video_186497,28
video_186561,16
video_186581,22
video_186611,5
video_186637,12
video_186657,4
video_186812,10
video_186832,5
video_186840,26
video_186869,14
video_186981,5
video_186983,8
video_186997,12
video_187008,1
video_187019,5
video_18703,1
video_187092,5
video_187119,2
video_187123,0
video_187154,31
video_187205,15
video_187208,4
video_187259,2
video_187266,9
video_187267,3
video_187313,5
video_187333,3
video_187339,14
video_187348,1
video_187364,3
video_187367,14
video_187436,19
video_187461,4
video_187538,7
video_187545,6
video_187548,28
video_187570,17
video_18758,7
video_18762,2
video_18765,12
video_187650,23
video_187652,12
video_187725,31
video_187736,4
video_187763,4
video_187811,8
video_187826,10
video_187837,1
video_187865,20
video_187929,12
video_187945,13
video_187972,12
video_188023,1
video_188045,10
video_188098,7
video_188128,7
video_188135,5
video_188205,4
video_188210,3
video_18835,6
video_188354,0
video_188370,4
video_188380,5
video_188389,22
video_188414,6
video_188448,14
video_188456,22
video_188520,18
video_188545,23
video_188554,12
video_188565,9
video_18858,29
video_188645,4
video_188690,14
video_188736,21
video_188738,26
video_188750,14
video_188753,7
video_188807,5
video_188812,5
video_188822,25
video_18892,7
video_189004,32
video_189163,14
video_189179,7
video_189181,22
video_189253,5
video_189263,4
video_189288,4
video_189293,15
video_189299,4
video_189339,10
video_189378,1
video_189384,5
video_189415,7
video_189431,1
video_189549,14
video_189573,8
video_189612,7
video_189637,5
video_189648,31
video_189709,14
video_189724,4
video_189754,3
video_18978,30
video_18982,14
video_189826,31
video_18987,22
video_1899,14
video_189912,5
video_189922,10
video_189958,10
video_19002,14
video_190047,8
video_19008,18
video_1901,14
video_190116,5
video_190150,22
video_190160,3
video_190206,14
video_190216,3
video_190231,1
video_190240,5
video_190277,9
video_19028,22
video_190291,5
video_190308,32
video_190315,2
video_190328,8
video_190355,4
video_19037,25
video_190390,18
video_1904,12
video_190402,4
video_190418,31
video_190433,4
video_190526,14
video_190548,3
video_190550,7
video_190588,23
video_190618,14
video_190633,7
video_190635,7
video_190637,6
video_190653,7
video_190656,0
video_190736,32
video_190772,10
video_190798,6
video_190802,4
video_190813,5
video_190843,3
video_190867,7
video_190929,22
video_190979,4
video_19103,24
video_191051,12
video_191094,5
video_191103,8
video_191116,8
video_191126,4
video_191216,8
video_191252,32
video_191274,14
video_19128,14
video_191317,4
video_191372,7
video_191374,14
video_191387,26
video_1914,0
video_191478,4
video_191554,22
video_191617,14
video_191633,19
video_191655,22
video_191672,4
video_191679,29
video_191755,9
video_191794,12
video_191823,9
video_191830,31
video_19188,1
video_191886,5
video_191943,12
video_191994,14
video_192031,23
video_192042,14
video_192080,14
video_192139,0
video_192163,7
video_192176,21
video_19218,13
video_192221,4
video_192227,7
video_19224,14
video_192246,12
video_192284,1
video_192295,5
video_192340,5
video_192402,10
video_192404,15
video_192429,5
video_192444,22
video_192448,17
video_192464,24
video_192479,28
video_192497,9
video_192502,14
video_192590,22
video_192620,12
video_192646,22
video_192656,5
video_192681,4
video_192713,14
video_192742,31
video_192804,29
video_192890,22
video_192891,2
video_192911,2
video_19297,4
video_193022,5
video_193027,4
video_193039,26
video_193044,16
video_193058,5
video_193081,4
video_193094,29
video_193118,3
video_193126,1
video_19315,12
video_193158,5
video_193227,7
video_193245,9
video_193330,2
video_193339,14
video_193346,1
video_193393,5
video_193395,23
video_193427,3
video_193446,23
video_193467,1
video_193481,7
video_193539,6
video_193561,14
video_193631,22
video_19366,14
video_193665,25
video_193812,29
video_193823,32
video_193836,6
video_193881,28
video_193893,14
video_193915,5
video_193982,14
video_193990,6
video_193995,24
video_193999,22
video_194146,18
video_194177,22
video_194193,14
video_19422,14
video_19423,6
video_194259,32
video_194261,3
video_194302,18
video_194305,12
video_194362,28
video_194365,32
video_194510,7
video_194515,14
video_194572,14
video_194626,3
video_194636,32
video_194661,7
video_194665,12
video_194690,23
video_194694,3
video_1947,17
video_19470,14
video_194701,7
video_194707,0
video_194738,14
video_194752,3
video_194770,14
video_194813,0
video_194871,14
video_194910,3
video_194968,8
video_195030,32
video_195054,1
video_195069,4
video_195070,29
video_195079,19
video_195095,5
video_195137,32
video_195170,4
video_19527,7
video_19529,23
video_195291,28
video_195325,1
video_19533,13
video_195346,4
video_195361,1
video_195377,5
video_195426,14
video_195436,0
video_195512,4
video_19554,6
video_195556,14
video_195659,22
video_195687,1
video_195712,15
video_195822,23
video_195856,15
video_195862,1
video_195892,9
video_195944,22
video_195947,4
video_195973,12
video_195978,3
video_196014,5
video_196029,12
video_196071,2
video_196073,5
video_196280,12
video_196322,7
video_196338,22
video_196339,29
video_196348,7
video_196371,5
video_19638,4
video_196439,13
video_19649,10
video_196513,18
video_196518,5
video_196551,25
video_196601,5
video_196619,5
video_196634,17
video_196667,14
video_196704,22
video_196711,12
video_196727,32
video_196739,14
video_196813,17
video_196850,12
video_196873,2
video_196914,25
video_196922,0
video_197033,16
video_197035,5
video_197078,15
video_197150,18
video_197212,6
video_197218,4
video_197246,7
video_19726,4
video_197285,4
video_197304,7
video_197305,9
video_197307,0
video_197326,3
video_197460,0
video_197467,25
video_197521,20
video_197550,14
video_197567,12
video_197570,14
video_197632,7
video_197637,4
video_197638,11
video_197722,31
video_197731,31
video_197753,1
video_197781,4
video_197804,23
video_197827,22
video_197863,14
video_197893,5
video_197909,4
video_197916,7
video_19793,4
video_197932,25
video_198061,5
video_19808,4
video_198097,14
video_198135,8
video_198137,14
video_198196,18
video_19820,13
video_198255,2
video_198274,3
video_19829,17
video_198292,24
video_198305,14
video_19835,13
video_198354,4
video_198355,4
video_198358,14
video_198363,7
video_198373,7
video_198396,5
video_198398,23
video_198411,10
video_198425,18
video_198480,16
video_198532,14
video_198555,1
video_198558,17
video_198568,0
video_198627,5
video_198632,14
video_198636,5
video_198658,12
video_198721,0
video_19873,5
video_198818,2
video_198830,5
video_198895,5
video_198910,4
video_198917,14
video_198958,16
video_198960,4
video_198983,21
video_199026,14
video_199033,3
video_199053,4
video_199083,5
video_199084,29
video_199139,20
video_19914,3
video_199195,22
video_199216,24
video_199265,8
video_19930,1
video_199323,5
video_199349,12
video_199379,12
video_199407,8
video_199529,4
video_199586,7
video_199613,15
video_199686,4
video_199718,22
video_199731,14
video_199852,22
video_199859,22
video_199860,11
video_199891,18
video_1999,7
video_199914,6
video_199938,14
video_199943,16
video_199952,14
video_199954,7
video_199969,7
video_200048,31
video_200070,23
video_200135,14
video_200150,3
video_200156,15
video_200157,14
video_200171,14
video_200177,9
video_200209,32
video_200216,3
video_200228,22
video_200236,32
video_200291,9
video_200321,31
video_200326,4
video_200327,4
video_200348,16
video_200352,14
video_200385,29
video_200411,14
video_200440,14
video_200442,14
video_200463,2
video_200582,9
video_200595,22
video_200622,22
video_200624,23
video_200693,16
video_200703,3
video_200786,7
video_200802,14
video_200850,15
video_200874,28
video_200965,29
video_200969,4
video_20098,12
video_201042,16
video_201079,11
video_201095,19
video_201114,8
video_201126,0
video_201139,32
video_201153,25
video_201174,29
video_201199,21
video_201213,14
video_201222,14
video_201256,13
video_201267,3
video_201277,4
video_201291,19
video_201295,12
video_201326,16
video_201407,10
video_201444,14
video_201451,12
video_201457,14
video_201500,32
video_201503,22
video_201519,5
video_20155,11
video_201639,11
video_201652,4
video_201723,9
video_201733,23
video_201820,32
video_201856,7
video_20186,1
video_201873,16
video_201891,32
video_201905,4
video_201912,18
video_201932,14
video_201948,4
video_201955,12
video_201969,14
video_202005,6
video_202007,14
video_202035,4
video_202044,10
video_202097,4
video_202136,6
video_202161,5
video_202191,12
video_202193,25
video_202215,1
video_202223,32
video_20225,14
video_20227,24
video_202311,22
video_202387,0
video_202393,32
video_202452,14
video_2025,3
video_202515,4
video_202534,3
video_202577,9
video_202578,10
video_202593,1
video_202635,4
video_202639,21
video_202648,23
video_202666,3
video_202700,4
video_202706,28
video_202710,2
video_202739,32
video_20274,10
video_202745,23
video_202798,17
video_202894,14
video_202922,7
video_202932,14
video_202937,29
video_20297,31
video_202971,22
video_202976,5
video_20301,22
video_203022,9
video_20303,17
video_203069,32
video_203155,11
video_203178,4
video_203241,23
video_203245,29
video_203261,4
video_203264,2
video_203321,4
video_203329,3
video_203365,14
video_203386,14
video_203388,14
video_203390,16
video_203443,4
video_203446,4
video_203458,4
video_203480,4
video_203484,12
video_203486,8
video_203494,18
video_203515,4
video_203526,22
video_203557,3
video_203572,10
video_203606,1
video_203607,14
video_203674,14
video_203675,0
video_20369,5
video_203738,9
video_203812,0
video_203831,25
video_203876,5
video_203889,5
video_20392,4
video_203962,11
video_203964,5
video_203984,28
video_203987,3
video_203998,26
video_204002,11
video_204004,8
video_204020,7
video_204066,18
video_204077,14
video_204078,12
video_204091,6
video_204102,25
video_204117,3
video_204179,7
video_204195,18
video_204252,5
video_204283,23
video_204320,7
video_204363,12
video_204460,4
video_204461,32
video_204467,4
video_204510,1
video_20453,4
video_204538,9
video_20465,7
video_204653,4
video_204688,32
video_204699,3
video_204730,3
video_204745,5
video_204834,14
video_204903,3
video_204930,14
video_204975,4
video_204989,5
video_205019,5
video_205043,14
video_205052,7
video_205055,0
video_205080,3
video_205153,6
video_205157,31
video_205176,5
video_205224,16
video_205322,19
video_20541,32
video_205431,14
video_205536,23
video_205549,9
video_205579,5
video_205599,4
video_205628,29
video_205647,14
video_20566,22
video_205675,28
video_205699,5
video_205709,6
video_205711,31
video_205712,4
video_205755,4
video_205772,5
video_205808,16
video_205823,4
video_205836,32
video_205845,8
video_205879,12
video_205895,11
video_205907,5
video_205925,14
video_205929,3
video_205947,14
video_206018,3
video_206032,6
video_206087,7
video_20614,31
video_206140,14
video_206173,15
video_206196,14
video_20624,14
video_20625,5
video_206271,14
video_206277,5
video_206278,23
video_206301,4
video_20634,4
video_206352,29
video_206363,14
video_206386,1
video_206431,6
video_206458,25
video_206461,6
video_206464,22
video_206472,28
video_206543,29
video_206547,5
video_206712,7
video_206718,19
video_206777,8
video_206778,5
video_206802,22
video_206901,23
video_206908,12
video_206959,5
video_206976,30
video_2070,32
video_207006,21
video_207057,4
video_207091,1
video_207092,14
video_207203,12
video_207218,5
video_207219,9
video_207253,4
video_207293,14
video_207294,14
video_207324,5
video_20734,16
video_207371,4
video_207381,1
video_207415,2
video_207434,14
video_207463,1
video_207485,4
video_207538,30
video_207562,12
video_207631,4
video_207675,26
video_2077,32
video_207711,12
video_207743,0
video_207758,14
video_207764,10
video_207787,10
video_207788,11
video_20779,19
video_207878,4
video_207957,23
video_207958,15
video_207964,4
video_207965,14
video_207978,6
video_208,7
video_208008,29
video_20804,5
video_208053,0
video_208082,14
video_208089,2
video_208120,1
video_208140,11
video_208153,7
video_208159,25
video_208161,1
video_208164,16
video_208170,7
video_208183,12
video_208187,5
video_208239,14
video_208241,4
video_208293,25
video_208317,1
video_208319,6
video_208358,3
video_208378,1
video_208477,5
video_208480,29
video_208489,14
video_208498,11
video_208549,4
video_208583,7
video_208593,3
video_208624,7
video_208704,11
video_208756,9
video_20883,1
video_208849,4
video_208906,29
video_208986,23
video_209119,4
video_209135,1
video_209181,7
video_209211,1
video_209242,12
video_209303,7
video_209318,5
video_209333,11
video_209340,13
video_20935,10
video_209377,5
video_209390,7
video_209391,24
video_209456,5
video_209489,19
video_209527,4
video_209570,12
video_209591,4
video_209638,22
video_20966,14
video_209685,10
video_209707,2
video_209747,7
video_209793,24
video_209803,4
video_209815,14
video_209816,13
video_209822,14
video_209850,4
video_209881,15
video_209922,11
video_209927,21
video_20996,10
video_209991,16
video_210006,5
video_210015,14
video_210016,4
video_210027,10
video_210034,3
video_210086,12
video_21010,13
video_210102,32
video_210112,14
video_210148,28
video_210170,23
video_210197,2
video_210363,14
video_210377,0
video_210379,28
video_21039,10
video_210416,7
video_210420,32
video_210475,32
video_21048,1
video_210532,11
video_210540,14
video_210547,4
video_210571,9
video_21060,32
video_210622,25
video_210685,2
video_210708,14
video_210717,4
video_210792,5
video_210813,12
video_210820,4
video_210893,9
video_21092,7
video_210936,5
video_211021,19
video_211026,8
video_21103,9
video_211063,7
video_21109,4
video_211105,12
video_211147,14
video_211174,15
video_211177,17
video_211192,14
video_211214,3
video_211302,32
video_211327,0
video_211332,9
video_211388,1
video_211395,32
video_211405,1
video_211422,12
video_211576,15
video_211594,14
video_211733,19
video_211746,32
video_21188,8
video_21189,5
video_2119,14
video_211907,14
video_21196,1
video_211976,12
video_211988,25
video_212045,14
video_212077,17
video_212087,4
video_212093,0
video_212103,26
video_212108,14
video_212159,23
video_212193,5
video_212255,14
video_21227,14
video_212285,4
video_212298,13
video_212339,5
video_212385,4
video_212397,6
video_212402,5
video_21242,15
video_212433,18
video_212435,14
video_212439,22
video_212513,28
video_212641,25
video_212663,14
video_212675,18
video_212772,0
video_212849,24
video_212875,4
video_212886,4
video_212933,7
video_212962,0
video_212968,14
video_213015,9
video_213016,7
video_213054,5
video_213186,16
video_213223,26
video_21323,12
video_213248,17
video_213282,4
video_213285,26
video_213287,6
video_213303,12
video_213374,7
video_213375,4
video_213419,3
video_213445,2
video_213482,4
video_213489,28
video_213492,15
video_213494,4
video_213507,22
video_21352,1
video_213540,11
video_21356,3
video_213570,1
video_213596,32
video_213654,14
video_213706,14
video_213736,3
video_213769,11
video_213771,4
video_213789,2
video_213818,9
video_213820,15
video_213849,0
video_213852,11
video_213979,4
video_214057,11
video_214075,12
video_214079,1
video_214096,2
video_21410,25
video_21413,28
video_214143,3
video_214156,22
video_214259,14
video_214282,9
video_214298,4
video_21430,3
video_214326,7
video_21441,11
video_214474,14
video_214499,6
video_214514,6
video_214542,7
video_214547,4
video_21455,0
video_214560,14
video_214591,14
video_214627,7
video_214645,20
video_214665,14
video_214672,14
video_214683,26
video_214713,25
video_214758,5
video_214780,4
video_214812,6
video_214868,19
video_214908,5
video_21498,0
video_214986,4
video_215001,22
video_215013,5
video_215031,1
video_215037,2
video_215038,4
video_215040,1
video_215043,5
video_215073,5
video_215084,14
video_215130,6
video_21516,10
video_215175,4
video_215201,1
video_21521,5
video_215260,3
video_215267,14
video_21533,7
video_215372,0
video_215415,11
video_215420,3
video_215423,14
video_215443,14
video_215455,3
video_215483,18
video_215510,3
video_21554,5
video_215544,6
video_215567,8
video_215617,22
video_215620,12
video_21567,23
video_21577,18
video_215802,28
video_21582,25
video_215846,17
video_215877,4
video_215908,5
video_215933,23
video_215940,11
video_215982,16
video_216011,25
video_216029,4
video_216056,13
video_216061,1
video_216080,9
video_216083,7
video_216084,8
video_216228,7
video_21628,31
video_21634,29
video_216371,14
video_216490,7
video_216495,26
video_216502,30
video_216522,9
video_216581,4
video_216644,0
video_216695,12
video_216702,23
video_21671,11
video_216710,23
video_216721,23
video_216766,14
video_216805,4
video_216812,31
video_216824,3
video_216892,9
video_216916,0
video_216919,14
video_216944,14
video_216955,0
video_216957,32
video_216976,13
video_217007,25
video_217008,19
video_217010,14
video_217032,7
video_217046,4
video_21710,16
video_217101,20
video_217113,13
video_217148,7
video_217169,10
video_217175,5
video_217206,15
video_217318,12
video_217319,28
video_217323,17
video_217375,2
video_217407,23
video_217474,5
video_217532,14
video_217538,22
video_217561,12
video_217599,22
video_217654,17
video_217658,12
video_217708,14
video_217767,7
video_217773,1
video_2178,9
video_217881,3
video_217882,4
video_217884,1
video_217951,3
video_217962,2
video_218024,1
video_218160,32
video_218176,7
video_218241,5
video_21825,1
video_218279,14
video_218297,1
video_218322,6
video_218351,15
video_21836,14
video_21842,4
video_21846,7
video_218488,5
video_218519,14
video_218540,3
video_218545,2
video_218546,7
video_218600,25
video_218653,4
video_218688,0
video_218724,14
video_218734,12
video_218754,13
video_218786,20
video_218840,14
video_218855,4
video_218933,14
video_218975,14
video_218982,12
video_2190,8
video_219025,5
video_219040,14
video_219041,28
video_219061,2
video_219082,5
video_219098,10
video_219142,11
video_219143,12
video_219246,12
video_219265,14
video_219273,9
video_21929,15
video_219417,14
video_219469,12
video_219472,29
video_219496,14
video_219582,12
video_219624,7
video_219632,5
video_219686,5
video_219702,4
video_219707,5
video_219723,5
video_21980,5
video_219809,4
video_219826,3
video_219855,6
video_219862,2
video_219879,9
video_219885,12
video_219903,22
video_219945,29
video_219987,8
video_219988,0
video_22000,4
video_220002,25
video_220017,10
video_220066,14
video_220141,32
video_220180,15
video_220211,25
video_220221,5
video_220283,2
video_220348,5
video_220370,4
video_220477,23
video_220508,22
video_220549,14
video_220586,28
video_220623,9
video_22068,25
video_22069,14
video_220696,7
video_220746,24
video_220747,14
video_220770,7
video_220812,15
video_220846,4
video_22096,32
video_22120,24
video_22142,5
video_22153,5
video_22247,12
video_22248,4
video_22289,19
video_22322,9
video_22328,3
video_2238,8
video_22403,14
video_22441,5
video_22442,5
video_22445,4
video_22507,10
video_22547,7
video_22605,10
video_22626,4
video_22640,8
video_22716,23
video_22718,7
video_22749,3
video_2275,3
video_22760,32
video_22766,24
video_22770,4
video_22866,23
video_22891,29
video_22907,15
video_22945,7
video_23006,32
video_23028,4
video_23049,12
video_23056,0
video_23060,1
video_23203,25
video_23236,12
video_23237,14
video_23251,14
video_23288,14
video_23321,7
video_23405,7
video_23418,18
video_23419,14
video_23456,5
video_23467,17
video_23489,12
video_23502,3
video_23555,16
video_23557,3
video_23627,22
video_23631,28
video_23693,24
video_23725,22
video_23779,5
video_23790,14
video_23815,14
video_23824,15
video_23902,29
video_23939,5
video_23962,14
video_23964,8
video_24092,28
video_24101,0
video_24161,28
video_24214,7
video_24225,17
video_24251,7
video_24351,5
video_2439,3
video_24390,14
video_24439,5
video_24453,5
video_24510,14
video_24538,14
video_24540,3
video_24570,31
video_24607,1
video_2464,14
video_24690,14
video_24694,25
video_24713,31
video_24722,5
video_24757,7
video_24771,5
video_24810,11
video_2484,4
video_24841,5
video_24869,17
video_24901,1
video_24916,4
video_24936,3
video_2495,4
video_24953,14
video_24956,32
video_25016,14
video_25030,4
video_25054,4
video_25056,22
video_25154,32
video_2518,1
video_25263,31
video_25325,3
video_25362,10
video_25369,11
video_25390,22
video_25391,18
video_25417,6
video_25459,7
video_25460,28
video_25553,14
video_2557,14
video_25698,4
video_257,31
video_25749,28
video_25766,31
video_25767,23
video_25778,14
video_25780,15
video_25826,3
video_25856,2
video_25862,14
video_25930,10
video_25934,4
video_25936,28
video_2596,15
video_26015,10
video_26059,13
video_26069,31
video_2607,10
video_26070,12
video_26074,25
video_26100,4
video_26143,15
video_26153,28
video_26168,11
video_26194,14
video_26197,12
video_26219,10
video_26318,4
video_26363,14
video_26388,10
video_26452,20
video_2647,15
video_2651,14
video_26515,4
video_26523,3
video_26540,11
video_26566,14
video_26613,29
video_26662,14
video_26666,14
video_26686,4
video_2672,4
video_26798,32
video_26840,22
video_26882,14
video_26930,16
video_26964,32
video_2703,14
video_27075,22
video_27090,13
video_27159,9
video_2716,12
video_27182,5
video_27200,12
video_27227,15
video_27250,14
video_27261,10
video_27271,5
video_27276,7
video_27288,0
video_27289,15
video_27328,22
video_27338,22
video_27378,14
video_27385,13
video_27406,7
video_27408,3
video_27435,14
video_27443,7
video_27468,4
video_27498,25
video_2762,12
video_27671,6
video_27676,28
video_27686,6
video_27694,15
video_27696,14
video_27717,3
video_27743,1
video_27751,22
video_27764,25
video_27782,2
video_27805,4
video_27866,3
video_27871,4
video_27885,7
video_27888,11
video_27915,4
video_27931,14
video_27934,14
video_27956,9
video_27983,32
video_28001,2
video_28023,0
video_28117,14
video_28150,0
video_28171,5
video_28242,5
video_28273,22
video_28286,5
video_28291,14
video_2832,6
video_28323,31
video_28355,5
video_28367,15
video_28412,3
video_28441,18
video_28454,14
video_28506,12
video_28511,3
video_28625,14
video_28632,12
video_28637,5
video_2865,23
video_28662,1
video_28677,3
video_28680,7
video_28692,29
video_28695,4
video_28696,12
video_28726,30
video_28737,0
video_28780,7
video_28784,14
video_2881,12
video_28833,5
video_28837,5
video_28945,14
video_28950,5
video_29010,7
video_29032,3
video_29035,14
video_2905,20
video_29058,7
video_29090,21
video_29147,17
video_29158,11
video_29168,12
video_29203,23
video_29207,19
video_29248,3
video_29271,7
video_2928,22
video_29286,14
video_29388,14
video_29436,5
video_2964,3
video_29669,4
video_29685,4
video_29688,0
video_29706,14
video_29723,5
video_2973,5
video_29733,11
video_2976,28
video_29772,11
video_29786,14
video_29817,5
video_29844,3
video_29868,1
video_29877,4
video_29880,3
video_29901,4
video_29935,5
video_29940,13
video_29946,4
video_29965,4
video_30043,0
video_30044,5
video_30076,25
video_30088,6
video_30093,31
video_30101,5
video_30139,4
video_30142,14
video_30158,22
video_30164,14
video_30184,7
video_3019,14
video_30204,2
video_30232,5
video_30255,24
video_30326,4
video_30338,10
video_30342,20
video_30343,5
video_30374,14
video_30408,4
video_30425,4
video_30466,31
video_30523,5
video_30527,3
video_30528,25
video_30541,6
video_30551,25
video_30598,12
video_30643,14
video_30679,29
video_3068,4
video_3069,2
video_30732,29
video_30857,14
video_30863,24
video_30864,14
video_30865,16
video_30870,3
video_30879,1
video_30888,7
video_30924,1
video_30958,7
video_30980,30
video_30982,2
video_30996,4
video_31046,6
video_31096,28
video_31102,9
video_3117,12
video_31217,6
video_31240,4
video_31253,22
video_31283,4
video_31334,15
video_31336,18
video_31396,28
video_31446,21
video_31465,5
video_31466,10
video_31490,25
video_31505,15
video_31507,7
video_31549,17
video_31564,15
video_31611,32
video_31670,13
video_31675,10
video_31699,1
video_31743,5
video_31802,4
video_31876,0
video_31881,15
video_3189,14
video_31925,11
video_31975,12
video_32007,0
video_32150,22
video_32177,3
video_3222,10
video_32238,10
video_32255,4
video_32276,14
video_32285,28
video_32322,2
video_32393,0
video_32411,4
video_32440,0
video_32462,31
video_32473,4
video_32485,12
video_32495,10
video_32530,7
video_32535,12
video_32669,32
video_3273,7
video_32748,4
video_32798,12
video_3288,5
video_32905,14
video_32935,4
video_32936,4
video_32997,21
video_32999,14
video_33027,4
video_33077,0
video_33125,24
video_33165,25
video_33179,4
video_33214,3
video_3325,14
video_33268,7
video_33275,4
video_33318,29
video_33336,5
video_33376,5
video_33403,0
video_33410,16
video_3342,15
video_33424,5
video_33428,24
video_33460,23
video_33510,8
video_33524,14
video_33589,19
video_33596,3
video_33673,4
video_33716,2
video_33840,14
video_33850,14
video_33874,16
video_33907,4
video_3391,5
video_33912,14
video_33920,24
video_33947,9
video_33970,10
video_33979,32
video_34021,6
video_34025,4
video_3410,11
video_34115,28
video_34160,22
video_34167,2
video_34226,20
video_34227,9
video_34237,4
video_34239,5
video_34259,10
video_34321,6
video_3434,12
video_34353,5
video_34390,5
video_34397,7
video_34407,15
video_34474,14
video_34476,31
video_34513,14
video_34519,8
video_34588,21
video_3459,5
video_34591,5
video_34595,6
video_34644,14
video_34696,5
video_34711,24
video_34721,5
video_34723,14
video_3473,14
video_34734,18
video_34823,11
video_34834,9
video_34883,0
video_34964,22
video_34981,13
video_34991,7
video_35000,12
video_35045,21
video_35082,11
video_35141,4
video_35166,4
video_35182,6
video_3519,6
video_35195,11
video_35275,8
video_35358,22
video_35361,14
video_35447,14
video_35452,25
video_35460,16
video_35461,14
video_35495,29
video_355,5
video_35524,1
video_35546,4
video_35590,5
video_35647,22
video_35658,10
video_35705,5
video_35753,1
video_35854,12
video_35918,15
video_35928,21
video_35932,9
video_35942,9
video_35969,4
video_35972,12
video_35973,14
video_35984,11
video_36050,7
video_36115,14
video_36171,22
video_36313,5
video_3639,14
video_36447,32
video_36463,9
video_36472,14
video_36489,14
video_36531,0
video_36624,4
video_36638,23
video_36666,4
video_36707,10
video_36740,1
video_36756,0
video_36757,5
video_36780,14
video_36811,5
video_36817,14
video_36821,18
video_36853,2
video_36884,4
video_36902,32
video_36959,19
video_36969,10
video_37034,18
video_37041,0
video_37298,23
video_37310,7
video_37343,5
video_37384,14
video_37409,4
video_37482,23
video_3753,11
video_37547,5
video_3756,8
video_37600,14
video_37614,6
video_37628,4
video_37671,5
video_37695,1
video_37699,22
video_37711,12
video_37758,4
video_37760,3
video_37840,15
video_37852,28
video_37866,0
video_37874,22
video_37877,1
video_37961,23
video_3798,5
video_37993,1
video_37999,17
video_38067,14
video_38077,7
video_38078,28
video_38107,6
video_38126,7
video_38129,3
video_38132,5
video_38227,17
video_3824,1
video_38268,12
video_38294,25
video_38319,19
video_38320,4
video_38330,7
video_38334,4
video_38354,12
video_38360,5
video_3841,2
video_38468,12
video_38478,10
video_38480,25
video_38492,25
video_38536,4
video_38544,4
video_38582,5
video_38618,5
video_3864,0
video_38647,4
video_38652,14
video_38663,25
video_38670,25
video_38706,4
video_38739,29
video_38773,12
video_38790,19
video_38809,13
video_38812,7
video_38818,7
video_38858,4
video_38938,28
video_39058,12
video_39059,25
video_39069,29
video_39072,6
video_39114,25
video_39115,4
video_39116,7
video_39121,12
video_39149,7
video_39188,5
video_39226,11
video_39253,14
video_3926,4
video_39272,4
video_39279,9
video_39304,4
video_39340,4
video_39341,21
video_39373,14
video_39419,23
video_39428,6
video_39442,4
video_39545,7
video_3956,7
video_39571,22
video_39582,24
video_39609,8
video_39633,2
video_39649,3
video_39677,2
video_3975,5
video_3980,13
video_3981,24
video_39821,5
video_39953,21
video_400,7
video_4000,5
video_40017,4
video_40060,5
video_401,6
video_40100,17
video_40160,1
video_40188,28
video_4022,13
video_40248,2
video_40289,22
video_40300,26
video_40325,12
video_40362,5
video_40364,13
video_40429,5
video_40436,10
video_40490,14
video_40497,7
video_40508,5
video_40546,4
video_40552,29
video_40572,14
video_40687,8
video_40692,8
video_407,22
video_40762,22
video_40763,15
video_40765,14
video_40829,23
video_4085,0
video_40866,23
video_40892,13
video_40900,2
video_40943,4
video_40975,12
video_40988,9
video_41018,18
video_41092,5
video_41122,5
video_41146,7
video_41152,14
video_41164,14
video_41249,12
video_41251,2
video_41258,25
video_4127,4
video_41281,32
video_41283,5
video_41317,14
video_41451,5
video_41461,19
video_4148,7
video_41484,22
video_4149,3
video_41525,5
video_41532,4
video_41533,10
video_41562,14
video_4157,14
video_41589,18
video_41606,14
video_41751,4
video_41763,12
video_41770,14
video_41808,30
video_41905,4
video_41976,14
video_4200,10
video_42023,6
video_42099,14
video_42177,16
video_42221,15
video_42261,6
video_42270,15
video_42288,12
video_4229,11
video_42307,9
video_42364,5
video_42386,2
video_42460,4
video_42476,4
video_42525,22
video_42622,6
video_42646,3
video_42703,3
video_42711,22
video_42719,17
video_42724,12
video_42726,5
video_42757,22
video_42779,14
video_43,7
video_43003,4
video_43028,5
video_43029,15
video_43030,22
video_4304,7
video_4306,7
video_4307,4
video_43114,10
video_4315,22
video_43242,19
video_43244,26
video_43250,13
video_43339,11
video_43388,6
video_43394,6
video_43399,22
video_43402,4
video_43427,4
video_43452,5
video_43457,1
video_43485,21
video_4350,17
video_43622,17
video_43649,5
video_43667,14
video_43670,17
video_43746,26
video_43753,23
video_43762,12
video_43789,4
video_438,5
video_43897,10
video_4390,9
video_43903,12
video_43921,4
video_43947,25
video_43974,6
video_43997,1
video_43998,4
video_44001,15
video_44011,4
video_44013,32
video_44030,4
video_44062,31
video_4408,7
video_44120,15
video_44124,4
video_44178,5
video_44216,4
video_44272,5
video_4428,15
video_44384,21
video_44406,4
video_44417,23
video_4449,2
video_44490,31
video_4450,6
video_44535,3
video_44541,32
video_44569,4
video_44584,19
video_44642,14
video_44646,0
video_44654,14
video_44678,11
video_44761,11
video_44764,22
video_44779,4
video_44783,30
video_44790,22
video_44791,25
video_44805,14
video_44874,14
video_4489,7
video_44920,14
video_44944,0
video_45003,5
video_45029,13
video_45071,28
video_45101,22
video_45117,10
video_45173,5
video_45218,0
video_45245,14
video_45271,24
video_45280,26
video_45289,4
video_45296,1
video_45359,17
video_45360,5
video_45380,18
video_45407,23
video_45439,25
video_45498,22
video_45555,14
video_45576,16
video_45591,14
video_45601,22
video_4568,4
video_45798,4
video_45804,12
video_45810,12
video_45831,4
video_45832,0
video_45875,5
video_4588,5
video_45881,2
video_45924,1
video_46019,11
video_46023,5
video_46024,5
video_46047,29
video_46070,5
video_46093,4
video_46133,4
video_46152,14
video_46198,2
video_4626,7
video_46286,26
video_46340,11
video_46347,0
video_46393,4
video_46495,16
video_46499,14
video_46502,14
video_46503,4
video_46565,12
video_46570,12
video_46615,31
video_46635,2
video_46652,12
video_46656,5
video_46664,25
video_4671,4
video_46758,11
video_46759,15
video_46773,3
video_46821,26
video_46857,23
video_4688,1
video_46896,23
video_46931,3
video_46956,5
video_46959,9
video_46981,28
video_47012,18
video_47020,23
video_47048,13
video_47053,5
video_47084,10
video_47103,7
video_47178,6
video_47201,31
video_47202,6
video_47213,16
video_47228,22
video_47231,3
video_47250,5
video_47275,1
video_47287,1
video_47334,6
video_4735,5
video_47418,17
video_47448,11
video_47449,4
video_47516,8
video_47525,3
video_47543,5
video_47591,14
video_47617,7
video_47705,5
video_47719,15
video_47745,4
video_47790,4
video_47807,20
video_47874,5
video_47876,5
video_47933,14
video_47948,28
video_47967,28
video_47968,31
video_47970,19
video_47974,1
video_48000,32
video_48043,25
video_48054,7
video_48079,10
video_48116,2
video_48124,18
video_48139,4
video_48174,31
video_48232,7
video_48245,25
video_48247,22
video_48260,12
video_48285,5
video_48287,4
video_48330,12
video_48338,14
video_48365,16
video_48374,8
video_4842,15
video_48447,0
video_48463,5
video_48471,28
video_48496,6
video_48529,6
video_48543,14
video_48546,4
video_48557,3
video_48571,14
video_48576,5
video_48616,3
video_48683,2
video_48719,3
video_48729,10
video_4873,4
video_48804,7
video_48834,7
video_48925,25
video_49011,10
video_4905,29
video_49067,6
video_4915,7
video_49218,2
video_4928,18
video_49296,11
video_49328,23
video_49361,4
video_4950,7
video_49512,11
video_49513,5
video_49531,3
video_49535,10
video_49575,5
video_49618,10
video_49621,12
video_49628,15
video_49685,14
video_49732,1
video_49736,2
video_498,30
video_4988,1
video_49928,12
video_50049,5
video_50057,28
video_50058,23
video_50060,23
video_50062,14
video_50101,32
video_5011,7
video_50119,10
video_50130,3
video_50145,4
video_50161,2
video_50176,14
video_50209,0
video_50248,10
video_50255,11
video_50287,10
video_50314,5
video_50357,4
video_50407,29
video_50442,23
video_5061,14
video_50611,29
video_50622,1
video_50684,24
video_50685,5
video_50687,1
video_50714,0
video_50761,24
video_50768,11
video_50778,12
video_50801,3
video_50809,5
video_50813,14
video_50819,29
video_50827,28
video_50861,4
video_50898,2
video_50948,32
video_50960,14
video_50979,14
video_51001,7
video_51006,7
video_51086,0
video_51154,0
video_51161,14
video_51182,1
video_51235,0
video_51293,8
video_51326,24
video_51341,11
video_51344,20
video_51377,6
video_51447,16
video_51471,8
video_51603,5
video_51612,14
video_51643,25
video_51665,6
video_51667,16
video_51680,4
video_51699,23
video_51735,1
video_51827,5
video_51840,9
video_5185,0
video_51878,22
video_51887,24
video_51894,1
video_51964,14
video_51980,0
video_51987,13
video_52006,5
video_52011,4
video_52012,12
video_52021,15
video_52030,14
video_52033,25
video_5204,13
video_52045,4
video_52110,1
video_52116,5
video_52123,18
video_52126,24
video_52177,5
video_52227,12
video_52282,9
video_52291,4
video_52389,10
video_52429,2
video_52434,7
video_52459,4
video_52471,1
video_52473,2
video_52476,14
video_52588,2
video_5274,9
video_5290,4
video_52959,18
video_52964,5
video_52988,4
video_53118,17
video_5312,14
video_53228,12
video_53265,5
video_5329,32
video_5332,14
video_53328,23
video_53383,14
video_53389,22
video_53400,10
video_53428,12
video_53439,22
video_53449,7
video_53450,2
video_53486,3
video_53513,5
video_53516,4
video_53517,3
video_53563,18
video_5359,22
video_53632,2
video_53669,5
video_53704,1
video_53732,12
video_53767,3
video_53831,15
video_5386,6
video_53876,5
video_53892,14
video_53894,5
video_53910,22
video_53914,3
video_53991,4
video_54035,22
video_54055,4
video_54151,8
video_5418,17
video_54197,5
video_54255,9
video_54317,16
video_54345,4
video_54369,22
video_54381,9
video_54395,1
video_54408,14
video_54411,26
video_54448,25
video_54498,14
video_54532,10
video_54760,5
video_54774,10
video_54902,15
video_54910,0
video_54927,19
video_54948,12
video_5496,24
video_550,14
video_55005,7
video_55021,1
video_5506,4
video_55215,26
video_55223,5
video_55237,26
video_55249,2
video_55277,10
video_55279,3
video_55298,23
video_55312,9
video_55324,8
video_55327,2
video_55344,2
video_55514,4
video_55517,10
video_55547,10
video_5557,7
video_55593,15
video_55630,7
video_55692,22
video_55746,20
video_55751,16
video_55772,4
video_55785,5
video_55816,9
video_55822,2
video_5583,4
video_55830,14
video_5584,22
video_55843,4
video_55845,16
video_55853,14
video_5586,4
video_55876,32
video_55887,25
video_55892,5
video_5592,9
video_56009,5
video_5601,3
video_56016,14
video_5607,22
video_56082,32
video_56096,5
video_56139,5
video_56153,23
video_56172,6
video_56174,12
video_56176,20
video_5619,1
video_56198,10
video_56209,26
video_56217,3
video_56218,32
video_56242,9
video_56246,16
video_56253,6
video_56338,28
video_56358,5
video_56365,5
video_56375,14
video_56377,5
video_56390,15
video_56416,4
video_56448,14
video_56450,22
video_56459,0
video_56460,12
video_56474,22
video_56556,19
video_56574,22
video_56600,7
video_56662,5
video_56665,5
video_56745,5
video_56746,6
video_56753,7
video_56756,15
video_5683,1
video_56878,6
video_56921,32
video_56998,1
video_57008,1
video_57058,9
video_57064,3
video_57101,28
video_57117,32
video_57166,5
video_57168,4
video_57171,4
video_57187,14
video_57253,9
video_57275,4
video_57308,15
video_5731,29
video_57349,12
video_57361,22
video_57376,22
video_57416,14
video_57422,5
video_57443,10
video_57538,14
video_57568,11
video_57584,31
video_57591,10
video_57616,14
video_57623,1
video_5763,5
video_57632,14
video_57648,24
video_5768,14
video_57700,14
video_57769,4
video_57789,9
video_57817,4
video_57839,7
video_5784,14
video_57893,12
video_57954,3
video_57968,24
video_57987,15
video_58087,14
video_5809,7
video_58103,2
video_58117,25
video_58153,14
video_58219,14
video_58318,19
video_58333,5
video_58334,25
video_58364,30
video_58421,0
video_58454,15
video_58516,5
video_58518,32
video_58529,3
video_58534,26
video_58670,5
video_58701,9
video_58719,14
video_58731,7
video_58743,1
video_58746,5
video_58798,17
video_58799,25
video_588,4
video_58882,18
video_58885,14
video_58998,5
video_59000,7
video_59016,18
video_59025,4
video_59032,14
video_59118,14
video_59119,24
video_59155,4
video_59157,32
video_5917,5
video_59178,5
video_59196,9
video_59228,20
video_59251,10
video_59265,12
video_59292,5
video_59314,26
video_59317,5
video_59346,14
video_59394,21
video_59402,15
video_59463,23
video_59496,12
video_59518,11
video_59519,12
video_59561,24
video_596,4
video_59604,3
video_59608,13
video_59609,11
video_59653,25
video_59677,5
video_59747,21
video_59877,4
video_59914,10
video_59928,10
video_59963,13
video_59980,5
video_59997,2
video_60054,12
video_60061,4
video_60080,18
video_60146,5
video_60161,25
video_60190,5
video_60211,4
video_6027,29
video_60319,14
video_60369,14
video_60390,11
video_604,1
video_60405,4
video_60427,13
video_60429,7
video_607,1
video_60773,23
video_60783,5
video_60840,2
video_60858,4
video_60876,1
video_60926,14
video_61026,1
video_61035,14
video_61048,23
video_61049,16
video_61066,14
video_61100,9
video_61120,3
video_61161,24
video_61197,14
video_61200,5
video_61209,22
video_61249,0
video_61280,7
video_61302,7
video_61332,14
video_61340,1
video_61350,4
video_61368,5
video_61376,15
video_61432,14
video_61555,21
video_61556,4
video_61571,5
video_6158,22
video_61581,0
video_61582,12
video_6160,14
video_61663,13
video_61689,2
video_61732,7
video_61793,0
video_61848,12
video_61872,5
video_61971,20
video_62014,12
video_62020,14
video_62034,15
video_6204,18
video_62040,4
video_62046,25
video_62139,8
video_62172,3
video_62342,11
video_6235,3
video_62363,0
video_62390,31
video_62400,14
video_62405,29
video_6250,24
video_62520,4
video_62574,12
video_62585,1
video_62635,3
video_62749,7
video_62847,22
video_62851,23
video_62876,12
video_6289,14
video_62917,0
video_62975,4
video_62988,3
video_62997,2
video_63028,1
video_63052,4
video_63066,11
video_63074,25
video_63075,15
video_63079,4
video_63144,3
video_63149,4
video_63169,5
video_6324,14
video_63329,32
video_63339,31
video_63505,7
video_63507,1
video_63511,14
video_63513,7
video_63574,13
video_63576,18
video_63583,6
video_63592,5
video_63601,12
video_63602,7
video_63603,4
video_63627,1
video_63649,2
video_63690,4
video_63701,5
video_6372,14
video_63727,25
video_63748,11
video_63768,5
video_63799,23
video_63835,12
video_63845,32
video_63856,25
video_63865,11
video_63868,5
video_63958,3
video_63968,2
video_63994,14
video_64000,14
video_64004,4
video_64010,25
video_64093,3
video_64183,5
video_64200,12
video_64242,23
video_64247,1
video_64275,4
video_64283,22
video_64318,5
video_64354,15
video_64364,14
video_64468,5
video_64536,2
video_64579,8
video_64653,4
video_64659,11
video_64670,14
video_64676,24
video_64698,32
video_64772,12
video_64782,13
video_64844,12
video_64866,15
video_6487,28
video_64891,5
video_64896,18
video_64936,14
video_64939,12
video_64946,3
video_64954,9
video_64984,7
video_65057,8
video_65079,3
video_65103,23
video_65136,0
video_65190,0
video_65236,19
video_65242,1
video_65243,6
video_65246,10
video_6528,10
video_65288,4
video_65305,16
video_65332,14
video_65353,3
video_65392,10
video_65427,12
video_65438,8
video_65447,32
video_65451,4
video_65452,5
video_65474,6
video_65528,14
video_6558,6
video_65587,3
video_656,1
video_65624,1
video_65686,12
video_65750,4
video_65773,3
video_65774,5
video_65782,10
video_65786,25
video_65791,14
video_65795,9
video_65840,9
video_65938,7
video_6595,25
video_66001,14
video_66023,7
video_66053,29
video_66075,3
video_66133,23
video_66148,16
video_6615,3
video_66151,5
video_66177,4
video_66210,14
video_66249,5
video_66265,4
video_66275,5
video_66330,32
video_66350,4
video_66375,5
video_66441,8
video_66483,2
video_66515,32
video_66537,4
video_66553,14
video_66567,25
video_66697,14
video_66709,4
video_66718,15
video_6672,18
video_66762,5
video_66805,15
video_66830,12
video_66862,12
video_66910,14
video_66933,6
video_66959,0
video_66980,23
video_66984,11
video_67027,19
video_67086,8
video_67105,14
video_67172,4
video_67204,9
video_67256,26
video_67258,20
video_6727,6
video_67290,25
video_67330,15
video_67364,23
video_67374,25
video_67383,4
video_67429,0
video_67473,5
video_67484,2
video_67497,7
video_675,14
video_67509,17
video_67518,22
video_67568,9
video_67614,12
video_67625,9
video_67686,14
video_67690,9
video_67701,20
video_67705,23
video_67713,23
video_67731,28
video_67765,28
video_67773,9
video_67803,5
video_6783,32
video_67857,16
video_6786,20
video_67861,5
video_67892,14
video_67998,3
video_68002,2
video_68018,1
video_68052,15
video_68055,26
video_68092,31
video_68104,8
video_6811,1
video_68113,6
video_68141,14
video_68190,0
video_68286,14
video_68320,2
video_68337,31
video_68347,7
video_6843,23
video_6850,14
video_68532,32
video_68535,5
video_6859,32
video_68590,4
video_68596,4
video_68603,7
video_68651,14
video_68675,5
video_68813,1
video_68875,13
video_68998,4
video_69014,25
video_69017,9
video_69030,6
video_69100,24
video_69124,15
video_69134,3
video_69200,7
video_69278,13
video_6931,26
video_69341,14
video_69343,14
video_69382,22
video_69447,7
video_69509,14
video_69511,4
video_69540,22
video_69549,23
video_69576,2
video_69585,29
video_69588,4
video_6963,1
video_69632,25
video_69640,28
video_69651,10
video_69658,24
video_69670,3
video_69684,4
video_69691,3
video_69724,29
video_69738,5
video_69764,17
video_69788,29
video_69842,6
video_69855,4
video_69922,32
video_70012,12
video_70035,3
video_70109,24
video_70113,0
video_70152,11
video_70182,15
video_70197,9
video_7022,23
video_70224,20
video_70237,3
video_70293,0
video_70295,15
video_70319,0
video_70322,12
video_7033,7
video_7035,5
video_70353,6
video_70399,7
video_704,22
video_70460,13
video_70490,22
video_70526,5
video_70605,5
video_70623,3
video_70640,25
video_70698,7
video_70705,22
video_7071,14
video_70715,3
video_70748,4
video_70866,14
video_70893,31
video_70895,4
video_70914,7
video_70933,5
video_70939,2
video_70958,22
video_7102,28
video_71056,12
video_71084,3
video_71123,28
video_7115,23
video_71197,6
video_71258,2
video_71276,7
video_71294,3
video_71310,31
video_71331,17
video_71349,22
video_71367,0
video_71401,7
video_71404,14
video_7141,14
video_71414,14
video_71459,7
video_71569,19
video_71628,8
video_71638,23
video_71663,13
video_71673,4
video_71825,3
video_71828,5
video_71866,17
video_71946,5
video_72000,11
video_72017,2
video_72039,5
video_72071,4
video_72090,14
video_72111,5
video_72133,6
video_72161,15
video_72191,4
video_7235,14
video_72405,30
video_72578,6
video_72591,32
video_72597,26
video_72621,10
video_72650,14
video_72683,18
video_72713,5
video_72732,18
video_72740,4
video_72752,14
video_72762,14
video_72771,22
video_72781,11
video_72881,4
video_72933,7
video_7294,4
video_72984,7
video_730,14
video_73004,5
video_73013,0
video_73015,18
video_73041,14
video_73050,3
video_73077,23
video_73079,15
video_73084,4
video_73162,8
video_73178,14
video_73203,2
video_73230,26
video_73251,14
video_73254,5
video_7328,10
video_73280,7
video_73304,9
video_73389,6
video_73400,5
video_73443,6
video_7346,2
video_73533,18
video_73562,3
video_7357,19
video_73614,2
video_73626,3
video_73645,5
video_73648,7
video_73659,7
video_73694,16
video_73704,10
video_73731,2
video_73748,9
video_73768,6
video_73772,8
video_73783,19
video_73910,22
video_73956,25
video_7397,14
video_7400,19
video_74011,11
video_74030,4
video_74040,5
video_74043,2
video_7409,5
video_74093,15
video_74159,3
video_74161,23
video_74174,7
video_74212,5
video_74215,7
video_74223,4
video_74244,14
video_74361,12
video_74368,2
video_74373,14
video_74410,22
video_74417,0
video_74490,4
video_74501,9
video_74502,16
video_74553,6
video_74597,7
video_74609,1
video_74622,2
video_74646,5
video_74677,26
video_7468,24
video_74693,6
video_74700,3
video_74722,22
video_74780,5
video_74781,18
video_74784,10
video_74806,24
video_74867,14
video_74903,4
video_74958,4
video_74974,24
video_75041,15
video_75059,5
video_75070,6
video_7511,29
video_75128,11
video_75133,10
video_75144,7
video_75182,4
video_75222,16
video_7524,20
video_75286,18
video_75300,3
video_75329,31
video_75363,22
video_75365,4
video_75406,10
video_75427,24
video_75448,12
video_75507,5
video_75534,13
video_75616,13
video_75694,3
video_75711,15
video_75726,21
video_75729,22
video_75765,10
video_75799,8
video_75813,16
video_75853,8
video_75862,1
video_75956,5
video_75968,4
video_76001,14
video_76018,14
video_76052,12
video_76067,24
video_76085,29
video_76092,14
video_76205,22
video_76236,7
video_76248,17
video_76251,17
video_76279,14
video_76348,22
video_76350,14
video_7641,5
video_76481,23
video_76486,10
video_76539,3
video_7656,14
video_76586,9
video_7666,6
video_76674,12
video_76717,1
video_76778,4
video_76783,14
video_76826,11
video_7684,14
video_76898,7
video_76909,3
video_76927,5
video_76947,14
video_76958,1
video_76960,5
video_76997,21
video_77034,0
video_77040,5
video_77102,5
video_77156,4
video_77160,18
video_77189,5
video_77232,14
video_77251,0
video_7735,23
video_77352,10
video_77372,31
video_77385,31
video_774,16
video_77411,25
video_77423,1
video_77430,2
video_77448,3
video_7745,1
video_77464,3
video_77498,10
video_77504,25
video_77540,10
video_77613,25
video_77645,3
video_77658,22
video_77663,21
video_7768,14
video_77747,1
video_77776,28
video_77830,7
video_77836,24
video_77837,4
video_77838,5
video_77845,5
video_77910,1
video_77920,5
video_77952,4
video_77969,14
video_77985,14
video_77996,13
video_78005,10
video_78016,17
video_78033,23
video_78079,7
video_78130,10
video_78163,6
video_78182,5
video_78186,14
video_78210,22
video_78228,5
video_78349,12
video_78366,4
video_78411,17
video_78412,31
video_78440,7
video_78442,10
video_78514,9
video_78525,4
video_78547,5
video_78562,31
video_78653,5
video_78668,5
video_78686,12
video_78702,4
video_78703,5
video_78715,19
video_78785,14
video_78824,5
video_78832,4
video_78860,22
video_78920,11
video_78923,15
video_78924,0
video_78962,28
video_78965,5
video_78972,12
video_78976,13
video_79009,4
video_79046,7
video_79081,6
video_79095,9
video_79142,14
video_79176,25
video_79183,12
video_79238,14
video_79245,4
video_79278,22
video_7930,1
video_79326,24
video_79346,7
video_79348,18
video_79359,5
video_79360,7
video_79367,6
video_79391,16
video_79394,18
video_79409,31
video_79450,32
video_79461,11
video_79475,14
video_7948,9
video_79494,14
video_79527,6
video_79568,5
video_79573,0
video_79580,17
video_79622,26
video_79657,14
video_79691,1
video_79722,6
video_79727,4
video_79745,7
video_79756,22
video_79772,19
video_79853,0
video_79881,15
video_79929,32
video_7995,4
video_80017,25
video_80018,11
video_80056,14
video_80137,24
video_80164,5
video_80192,26
video_80314,7
video_80355,21
video_80381,5
video_80467,6
video_80493,12
video_80499,4
video_80516,3
video_80541,14
video_80546,28
video_80616,9
video_80682,4
video_80719,22
video_80809,10
video_8081,22
video_80827,19
video_80830,11
video_80832,2
video_80887,3
video_80903,4
video_80914,29
video_8093,1
video_80942,4
video_80949,22
video_81015,14
video_81077,24
video_81125,1
video_81174,5
video_81178,5
video_81197,22
video_8125,0
video_81288,5
video_81302,14
video_81331,21
video_81344,32
video_81349,25
video_81362,14
video_81364,14
video_81451,7
video_81458,12
video_81491,1
video_8150,4
video_81504,0
video_81535,15
video_81557,15
video_81560,14
video_81581,9
video_81663,1
video_81768,1
video_81770,8
video_81779,7
video_81808,16
video_81831,12
video_81903,28
video_81917,1
video_81936,32
video_81963,8
video_81995,4
video_81997,17
video_82044,29
video_82084,23
video_82127,2
video_82232,25
video_82233,4
video_82254,32
video_82258,14
video_8226,22
video_82315,5
video_8241,9
video_8243,0
video_82462,12
video_82473,8
video_82490,3
video_82495,14
video_82565,5
video_82569,12
video_82600,2
video_82629,6
video_82716,8
video_82728,21
video_82730,6
video_82731,10
video_82759,32
video_82832,14
video_82857,6
video_82925,10
video_82932,12
video_83062,17
video_8311,0
video_83148,4
video_83173,4
video_83231,12
video_83326,1
video_83328,23
video_83337,4
video_83357,3
video_83408,10
video_83497,25
video_83534,31
video_83575,5
video_83596,4
video_83631,3
video_83643,5
video_83647,14
video_8365,1
video_83670,10
video_83672,5
video_83721,3
video_8373,12
video_83738,4
video_83771,15
video_83782,25
video_83808,25
video_83849,14
video_83889,14
video_83927,14
video_8396,31
video_84010,12
video_84022,4
video_84033,8
video_84084,4
video_84096,29
video_84183,1
video_84193,9
video_8423,11
video_84319,18
video_84411,15
video_84470,4
video_84525,14
video_84566,23
video_84583,7
video_8459,25
video_84591,14
video_84624,2
video_84630,5
video_84648,25
video_84798,5
video_84850,17
video_84852,3
video_84922,14
video_85126,1
video_85183,4
video_85228,19
video_85271,7
video_85272,7
video_85278,4
video_85325,25
video_85343,1
video_85383,5
video_85439,24
video_85449,15
video_85471,14
video_85550,5
video_85552,1
video_85566,7
video_85613,8
video_85627,8
video_85633,0
video_85666,13
video_8567,6
video_85672,4
video_85714,7
video_8573,2
video_85737,3
video_8574,4
video_85751,8
video_85824,10
video_85849,13
video_85850,5
video_85904,6
video_85933,6
video_85987,18
video_86020,4
video_86023,15
video_86034,1
video_86077,24
video_86123,19
video_86151,17
video_86160,25
video_86176,4
video_86254,16
video_86262,14
video_86349,14
video_86386,24
video_8639,23
video_86441,24
video_86478,4
video_86482,31
video_86517,28
video_86552,0
video_866,14
video_86606,10
video_86682,2
video_86712,14
video_86786,4
video_86853,3
video_86865,1
video_86918,32
video_86950,25
video_86973,31
video_86985,23
video_87007,10
video_87046,9
video_87086,17
video_87103,24
video_87113,14
video_87176,14
video_87184,13
video_87277,3
video_87346,14
video_87371,21
video_87391,28
video_87400,1
video_87417,4
video_87431,31
video_87439,25
video_87511,1
video_87573,12
video_87597,14
video_87611,10
video_87614,14
video_87649,9
video_8766,6
video_87667,25
video_87703,4
video_87736,3
video_87780,3
video_87794,16
video_8788,14
video_87908,23
video_87940,12
video_87950,4
video_88016,14
video_8804,22
video_88104,21
video_88136,4
video_88168,5
video_8817,18
video_88176,8
video_88184,4
video_88216,7
video_88224,11
video_88236,14
video_88248,5
video_88391,12
video_88408,3
video_88425,32
video_88455,14
video_88558,15
video_88629,12
video_88674,22
video_88696,18
video_88725,12
video_88727,32
video_88751,14
video_88824,15
video_88831,9
video_88932,28
video_88966,14
video_89029,17
video_89041,23
video_89042,14
video_8907,15
video_89125,25
video_8917,20
video_89186,16
video_89219,3
video_89326,21
video_89345,4
video_89413,22
video_89418,9
video_89441,7
video_89472,3
video_89484,32
video_89516,2
video_89518,7
video_89644,4
video_89664,28
video_89795,14
video_89869,22
video_89885,15
video_89910,0
video_8993,14
video_89941,12
video_89946,4
video_90017,7
video_90020,20
video_9004,14
video_90060,14
video_90072,14
video_90100,0
video_90108,5
video_90176,12
video_90185,4
video_90193,3
video_90245,16
video_90295,28
video_90314,18
video_90343,11
video_90354,17
video_90363,19
video_90389,14
video_90390,12
video_90469,13
video_90499,7
video_90515,16
video_90546,9
video_90606,7
video_9066,3
video_90700,22
video_90716,5
video_90731,21
video_90732,20
video_90750,14
video_90760,4
video_90842,14
video_9089,19
video_90923,4
video_90934,14
video_90950,4
video_91027,5
video_91065,4
video_9112,10
video_91121,11
video_91143,14
video_91167,0
video_91243,25
video_91260,2
video_9146,4
video_91487,0
video_9149,6
video_91493,22
video_91501,12
video_91502,14
video_91525,0
video_91550,4
video_91593,12
video_91598,3
video_91620,14
video_91635,7
video_9164,23
video_91651,5
video_91666,12
video_91679,14
video_91686,14
video_91740,4
video_91813,9
video_91845,1
video_9192,0
video_91925,25
video_91928,14
video_91979,25
video_91982,11
video_92015,29
video_92016,5
video_9204,7
video_92054,4
video_92083,7
video_92084,11
video_92106,23
video_92111,2
video_92138,5
video_92170,10
video_92205,14
video_92218,3
video_9224,0
video_923,28
video_92309,9
video_92323,2
video_92332,15
video_92425,25
video_92445,12
video_92513,14
video_92563,8
video_92564,22
video_92582,6
video_92599,7
video_92761,3
video_92766,23
video_92784,12
video_92815,14
video_92876,7
video_92917,14
video_92954,12
video_93016,4
video_93065,5
video_93106,32
video_93120,4
video_93136,9
video_93148,14
video_93150,4
video_93173,23
video_9324,32
video_93240,3
video_93289,11
video_93336,25
video_93468,25
video_93477,7
video_93479,13
video_93480,28
video_93488,23
video_93516,24
video_93578,4
video_93703,28
video_93729,15
video_93778,15
video_93791,10
video_93841,14
video_93855,0
video_93887,9
video_93928,26
video_93954,6
video_93968,10
video_94012,4
video_94080,9
video_94084,4
video_94086,19
video_94091,4
video_94094,0
video_94130,3
video_94163,14
video_94164,3
video_9420,25
video_94219,32
video_94266,30
video_94270,6
video_943,5
video_94308,3
video_94321,7
video_94379,4
video_9438,32
video_94414,29
video_94440,14
video_94450,16
video_94476,9
video_94489,7
video_94510,5
video_94536,7
video_94564,16
video_9457,14
video_94584,21
video_94593,2
video_94619,22
video_94631,5
video_94680,4
video_94697,4
video_94768,4
video_94772,15
video_94782,14
video_9486,14
video_94864,4
video_94913,21
video_94952,14
video_94973,11
video_95016,17
video_95066,2
video_9507,25
video_95144,7
video_95183,9
video_95207,5
video_95223,12
video_95235,14
video_95247,14
video_95259,14
video_95266,14
video_95292,4
video_95297,5
video_95314,18
video_95316,31
video_9532,1
video_95331,14
video_95373,14
video_95401,1
video_95410,29
video_95417,14
video_9547,0
video_95510,19
video_9562,29
video_95630,29
video_95687,4
video_9573,14
video_95735,16
video_95799,5
video_95806,31
video_95810,2
video_95823,0
video_95832,1
video_95850,22
video_95854,22
video_95871,5
video_95887,20
video_95988,15
video_95994,14
video_96046,31
video_9607,14
video_96121,5
video_96131,4
video_96176,7
video_96194,7
video_96235,29
video_96262,15
video_96264,15
video_96269,22
video_96301,8
video_96304,14
video_96335,14
video_96351,4
video_96352,0
video_96403,11
video_96418,11
video_96432,32
video_96435,16
video_96439,1
video_96470,4
video_965,4
video_96501,5
video_96504,3
video_9651,17
video_96514,28
video_96630,13
video_96631,5
video_96637,14
video_96668,14
video_96673,4
video_96680,18
video_967,7
video_9673,19
video_96757,29
video_96761,25
video_96791,4
video_96896,7
video_97004,16
video_97011,0
video_9702,14
video_97026,13
video_97079,25
video_971,15
video_97107,7
video_97167,23
video_97188,3
video_97212,23
video_9724,5
video_97246,5
video_97249,25
video_97286,4
video_97317,16
video_97319,19
video_97328,20
video_97338,4
video_97404,1
video_97411,14
video_97500,14
video_97508,2
video_97514,14
video_97528,13
video_9755,10
video_97627,4
video_97648,1
video_97664,19
video_97758,4
video_97785,23
video_97787,17
video_97864,5
video_97867,14
video_97890,12
video_97956,3
video_97962,29
video_97989,7
video_97990,31
video_98004,22
video_98006,7
video_98064,4
video_98112,19
video_98115,5
video_98138,4
video_98180,9
video_98189,4
video_98289,5
video_98319,7
video_98372,14
video_98373,5
video_98387,2
video_984,1
video_98406,4
video_98424,14
video_98427,4
video_98461,14
video_98471,25
video_98496,14
video_98502,23
video_98504,5
video_98515,12
video_98556,12
video_98565,7
video_98673,4
video_98693,14
video_98711,1
video_98737,7
video_98752,14
video_98762,7
video_98779,14
video_98798,32
video_98807,1
video_98808,9
video_98826,8
video_98856,26
video_98911,7
video_98921,12
video_98950,0
video_98988,11
video_98990,14
video_99015,23
video_99017,4
video_99044,2
video_99058,12
video_9909,31
video_99121,4
video_99153,4
video_99171,13
video_9918,12
video_99188,17
video_99220,8
video_99228,4
video_99230,13
video_99254,11
video_99305,1
video_99315,13
video_99317,0
video_99328,7
video_99335,15
video_99379,5
video_9941,5
video_99412,1
video_99485,7
video_99503,32
video_99532,7
video_9957,23
video_99570,19
video_99591,5
video_99594,32
video_99595,14
video_99603,11
video_99607,12
video_99619,32
video_99701,4
video_99717,12
video_99789,15
video_99805,5
video_99867,24
video_99870,6
video_99886,5
video_99942,12
video_99953,9
