video_name,predicted_class
video_1000,1
video_100051,18
video_100065,7
video_100078,22
video_100121,23
video_100164,18
video_100187,5
video_100195,31
video_100218,9
video_100219,30
video_100237,31
video_100249,5
video_100288,12
video_100315,5
video_100347,23
video_100445,23
video_100461,9
video_100490,28
video_100530,23
video_100557,7
video_100566,10
video_100581,28
video_100599,1
video_10064,30
video_100656,29
video_100766,29
video_10077,12
video_100827,1
video_100837,31
video_100865,3
video_100879,31
video_100889,22
video_10090,30
video_100934,5
video_101005,29
video_101012,22
video_101046,1
video_101051,12
video_101062,3
video_101174,9
video_101183,23
video_101229,30
video_101240,21
video_10125,8
video_101261,4
video_101298,31
video_101370,4
video_101401,28
video_101481,23
video_101514,12
video_101532,24
video_101559,9
video_101631,8
video_101665,5
video_101697,31
video_101722,5
video_101797,7
video_101814,32
video_101828,22
video_101854,31
video_101907,30
video_101908,28
video_101913,31
video_101922,31
video_101937,3
video_101978,18
video_101988,22
video_102053,1
video_102145,31
video_102185,9
video_10221,3
video_102257,8
video_102285,9
video_102323,5
video_102327,14
video_102333,19
video_102350,12
video_102367,7
video_102379,5
video_102396,23
video_102397,5
video_102471,12
video_102482,30
video_102495,23
video_10257,12
video_102598,1
video_102607,3
video_102636,7
video_102649,31
video_102695,29
video_102703,28
video_102747,28
video_10275,12
video_102769,22
video_102770,32
video_102799,1
video_102811,5
video_102832,30
video_102833,1
video_102871,31
video_102920,14
video_10294,28
video_102950,12
video_102977,7
video_102991,19
video_102996,31
video_103017,23
video_103028,12
video_103043,1
video_103045,7
video_103064,9
video_103120,23
video_103152,5
video_103155,4
video_103189,5
video_103288,7
video_103305,30
video_10331,8
video_103381,9
video_103439,19
video_103447,22
video_103491,19
video_103495,7
video_103511,23
video_103525,1
video_103534,5
video_103593,23
video_103684,1
video_103777,8
video_103789,7
video_10381,2
video_103815,3
video_103896,16
video_103914,9
video_103917,23
video_103923,24
video_103949,31
video_103960,18
video_103999,12
video_104062,31
video_104089,1
video_104098,14
video_104180,9
video_104201,12
video_104205,12
video_104233,14
video_104277,31
video_104331,1
video_104339,14
video_104363,23
video_10438,18
video_104386,20
video_104410,19
video_104414,4
video_104416,14
video_104424,8
video_10448,3
video_104482,12
video_104488,2
video_104516,9
video_104523,22
video_10455,2
video_104560,31
video_104592,22
video_104598,29
video_104602,5
video_104636,30
video_10465,1
video_104660,30
video_104734,23
video_104737,5
video_104755,9
video_104758,9
video_104762,9
video_104876,8
video_104880,22
video_104892,30
video_1049,22
video_104943,28
video_105004,32
video_105058,31
video_105082,30
video_105133,31
video_105141,14
video_105154,31
video_105187,8
video_105204,23
video_105280,31
video_105337,5
video_105364,9
video_105485,31
video_105550,18
video_105554,31
video_105563,31
video_10565,8
video_105653,9
video_105657,8
video_105670,9
video_105674,9
video_105738,30
video_10581,30
video_105855,22
video_105876,28
video_105904,3
video_105907,5
video_105933,6
video_105980,30
video_106008,1
video_10602,32
video_106065,5
video_106066,1
video_106121,29
video_106128,31
video_106153,9
video_106158,18
video_106201,14
video_106205,4
video_106226,12
video_106234,30
video_106299,4
video_106385,8
video_106464,19
video_106569,1
video_106589,30
video_106649,5
video_106690,7
video_106695,4
video_106768,21
video_106793,10
video_106868,23
video_106893,12
video_106897,1
video_106938,0
video_106969,10
video_106981,22
video_106982,31
video_10701,31
video_107027,14
video_107049,0
video_10705,22
video_107055,20
video_107056,1
video_107093,8
video_107124,23
video_107193,29
video_107200,32
video_107210,29
video_107220,23
video_107227,28
video_107241,0
video_107290,30
video_107311,6
video_10737,9
video_107379,7
video_10741,4
video_107428,22
video_107516,1
video_107540,12
video_107541,20
video_107552,10
video_107562,5
video_107653,29
video_107665,12
video_107684,8
video_107734,23
video_107746,21
video_107764,31
video_107807,23
video_107832,9
video_107841,4
video_107842,22
video_107904,8
video_107980,30
video_107991,9
video_107994,10
video_108009,9
video_108043,22
video_108059,12
video_108060,9
video_108078,18
video_108131,22
video_108194,31
video_108207,4
video_108214,31
video_108269,30
video_108298,12
video_108340,10
video_108354,1
video_108356,8
video_108370,4
video_108405,25
video_108428,31
video_10850,0
video_108511,18
video_10852,28
video_108534,28
video_108586,6
video_108594,22
video_1086,19
video_108605,0
video_108634,9
video_108639,2
video_108689,5
video_108692,31
video_10872,3
video_108751,8
video_108775,19
video_10879,14
video_108805,19
video_10886,20
video_108882,9
video_108893,1
video_108990,32
video_109000,23
video_109069,30
video_10910,18
video_109115,3
video_109117,23
video_109182,30
video_109199,31
video_10926,23
video_109275,18
video_109301,5
video_109323,23
video_10933,19
video_109345,19
video_109368,1
video_109372,29
video_109427,23
video_109438,30
video_109473,18
video_109556,31
video_109559,5
video_109585,9
video_109674,31
video_109691,12
video_109749,8
video_109762,23
video_109769,8
video_109779,23
video_109849,7
video_109896,12
video_109942,12
video_109974,16
video_109996,14
video_11,1
video_11000,3
video_110045,9
video_110088,6
video_110097,25
video_11014,22
video_110144,14
video_110227,4
video_110265,20
video_110277,18
video_110306,30
video_11033,29
video_110357,5
video_110415,9
video_110429,9
video_110466,19
video_110538,23
video_11062,31
video_110636,1
video_110644,29
video_11065,7
video_110652,9
video_110729,23
video_110739,7
video_110771,19
video_110787,5
video_110810,6
video_110831,1
video_110834,31
video_110914,4
video_110960,1
video_110981,18
video_110984,31
video_11102,7
video_111051,9
video_111096,17
video_11110,31
video_111126,31
video_111133,8
video_111136,29
video_111139,31
video_111399,9
video_111462,5
video_111481,14
video_111485,9
video_111498,7
video_111571,1
video_111572,22
video_111577,31
video_111611,22
video_111617,4
video_111622,10
video_111669,31
video_111685,9
video_111715,9
video_111734,30
video_111760,30
video_111776,22
video_111779,22
video_111782,32
video_111865,4
video_111916,23
video_111917,21
video_111951,4
video_111956,1
video_111980,5
video_111982,9
video_11202,30
video_112036,8
video_11205,31
video_112062,19
video_11207,9
video_11208,19
video_11211,23
video_112115,5
video_112127,30
video_112138,20
video_112145,10
video_112190,3
video_112203,23
video_112219,19
video_112242,9
video_112249,30
video_112323,1
video_112355,7
video_112359,30
video_112384,3
video_112398,6
video_112439,19
video_112446,16
video_112473,31
video_112520,31
video_112526,5
video_112562,23
video_1126,9
video_112623,5
video_112625,5
video_112634,19
video_112652,31
video_112693,22
video_112700,22
video_112729,30
video_112875,19
video_112887,3
video_112888,17
video_112914,19
video_112950,8
video_112960,22
video_112973,31
video_113032,23
video_113037,2
video_113039,31
video_113118,3
video_113150,19
video_113183,31
video_1132,30
video_113218,25
video_113255,9
video_113256,9
video_113299,12
video_113310,28
video_113400,12
video_113452,18
video_113518,30
video_113546,23
video_113560,8
video_113605,8
video_113665,30
video_113671,23
video_113754,9
video_113819,21
video_113835,31
video_113841,31
video_113891,9
video_113900,29
video_113956,31
video_113967,31
video_113985,18
video_114021,10
video_11403,12
video_114051,9
video_114167,19
video_114189,19
video_114197,8
video_114208,1
video_114223,2
video_114259,23
video_114288,12
video_114292,1
video_114302,18
video_114353,29
video_114369,23
video_114388,9
video_114391,23
video_114395,6
video_114420,30
video_114464,9
video_114483,22
video_114498,8
video_114519,18
video_114531,2
video_114559,30
video_114587,4
video_114598,4
video_114604,18
video_114623,14
video_114643,14
video_114684,32
video_114713,20
video_114801,31
video_114831,14
video_114882,2
video_11489,7
video_114919,5
video_114936,9
video_114952,31
video_114963,3
video_114970,23
video_114984,3
video_115029,1
video_115065,30
video_115077,30
video_115179,9
video_115199,23
video_115298,5
video_115317,5
video_115318,1
video_115328,4
video_11534,22
video_115340,1
video_11535,9
video_115363,23
video_115366,29
video_115388,12
video_115415,19
video_115442,30
video_115466,22
video_11547,22
video_115476,18
video_11549,18
video_115537,18
video_115558,31
video_115598,20
video_115603,10
video_115695,28
video_115696,20
video_115760,7
video_115769,8
video_115785,28
video_115787,12
video_11579,5
video_115798,12
video_115801,29
video_11583,8
video_115838,14
video_115941,6
video_116039,9
video_116089,8
video_116101,32
video_11611,9
video_116187,31
video_116215,22
video_116225,12
video_11630,31
video_116408,3
video_116409,10
video_116426,22
video_11645,9
video_116505,7
video_116542,31
video_116556,31
video_11656,22
video_116577,30
video_116587,22
video_116599,23
video_116628,8
video_116649,5
video_116678,7
video_116703,18
video_116752,29
video_11685,7
video_116890,9
video_1169,7
video_116908,20
video_116937,31
video_116994,9
video_11701,23
video_117122,8
video_117176,1
video_117181,23
video_117259,21
video_117275,1
video_117365,31
video_117405,12
video_11743,22
video_117476,20
video_117496,31
video_117503,31
video_117522,9
video_117529,5
video_117542,8
video_117545,8
video_117580,3
video_117607,9
video_117632,31
video_117657,31
video_11767,22
video_117709,23
video_117737,1
video_117783,31
video_117795,18
video_117812,31
video_117834,18
video_11784,31
video_11803,12
video_118034,12
video_118050,19
video_118060,19
video_118063,30
video_118081,30
video_118098,3
video_118127,6
video_118147,31
video_11815,10
video_118157,31
video_118198,23
video_118200,32
video_118215,1
video_118226,19
video_118249,12
video_118263,23
video_118330,7
video_118334,29
video_118337,18
video_118351,1
video_118390,5
video_118453,4
video_118513,7
video_118519,12
video_118522,23
video_118534,10
video_118548,23
video_118599,30
video_118630,22
video_118659,30
video_118665,19
video_118669,4
video_118683,1
video_118754,5
video_118765,19
video_118823,22
video_11886,12
video_118866,28
video_118883,12
video_118916,31
video_118928,20
video_118951,9
video_118952,31
video_119006,10
video_11901,2
video_119011,12
video_119036,28
video_119093,28
video_11912,19
video_119127,9
video_119150,30
video_11919,28
video_119202,12
video_119221,5
video_119226,7
video_119248,9
video_119290,29
video_119299,19
video_119309,3
video_119315,29
video_119363,2
video_119385,28
video_119389,10
video_119393,30
video_119399,22
video_11941,30
video_119490,31
video_11950,9
video_119574,22
video_119577,24
video_119583,8
video_119586,31
video_119591,12
video_119618,23
video_119665,12
video_11972,1
video_119725,1
video_119738,12
video_119741,12
video_119788,29
video_119804,1
video_119876,21
video_119893,25
video_119967,22
video_11997,1
video_119996,1
video_120039,30
video_120075,8
video_120104,31
video_120118,1
video_120170,31
video_120194,30
video_120234,28
video_120236,1
video_120251,19
video_120257,9
video_120281,23
video_120304,23
video_120325,12
video_120326,30
video_120327,19
video_12036,30
video_120390,22
video_120428,30
video_12044,29
video_120449,29
video_120451,14
video_120513,22
video_120634,22
video_120717,12
video_120732,31
video_120746,14
video_120778,6
video_120792,28
video_120814,5
video_120836,9
video_12091,31
video_120958,30
video_121018,31
video_121019,30
video_121050,31
video_121082,5
video_121102,29
video_121182,30
video_121186,30
video_121207,22
video_121219,31
video_121250,2
video_121275,20
video_121278,14
video_121292,30
video_121296,31
video_121298,4
video_121307,19
video_12131,8
video_121325,3
video_121326,9
video_121380,20
video_12141,12
video_12142,12
video_121493,19
video_121514,7
video_121522,31
video_121532,12
video_121539,31
video_121550,23
video_12157,12
video_121635,8
video_121695,30
video_12170,12
video_121702,19
video_121720,30
video_121758,31
video_121771,22
video_121777,10
video_121788,32
video_121789,5
video_121820,12
video_121900,5
video_121901,31
video_122044,7
video_122080,21
video_122086,28
video_122105,7
video_122168,19
video_12217,30
video_12218,1
video_122204,23
video_122209,23
video_122217,23
video_12234,1
video_12236,22
video_122415,1
video_122422,28
video_122504,7
video_122516,20
video_12256,28
video_122572,8
video_122574,21
video_122599,9
video_12262,2
video_122649,28
video_122651,3
video_122662,18
video_122688,3
video_122710,12
video_122797,14
video_12283,1
video_122845,23
video_122846,9
video_122860,21
video_122917,1
video_123008,28
video_12302,8
video_123077,1
video_12308,9
video_123082,29
video_123090,9
video_123093,16
video_123123,24
video_123128,1
video_123138,21
video_123222,8
video_123223,12
video_123234,30
video_123242,5
video_123244,23
video_123256,32
video_12328,32
video_123313,22
video_123343,0
video_123402,31
video_123408,18
video_123435,12
video_123443,4
video_123483,31
video_123495,32
video_123545,29
video_123561,30
video_123599,31
video_12360,1
video_123643,30
video_123707,28
video_123717,31
video_123726,10
video_123732,31
video_123788,9
video_12381,22
video_123857,14
video_12393,2
video_123963,12
video_123971,31
video_124002,30
video_124018,23
video_124021,30
video_124033,12
video_124034,9
video_124077,31
video_124091,7
video_12411,31
video_124190,5
video_124252,3
video_124281,22
video_124313,12
video_124345,14
video_124366,30
video_124375,14
video_124380,31
video_12446,20
video_124469,5
video_124481,1
video_124482,4
video_124589,9
video_124592,9
video_1246,3
video_124612,1
video_12466,19
video_124723,12
video_124724,18
video_124736,3
video_124751,12
video_124818,31
video_124826,31
video_124923,5
video_124933,19
video_124980,18
video_124999,12
video_125008,19
video_125019,22
video_125028,21
video_125094,19
video_125164,8
video_125179,18
video_125203,4
video_125275,31
video_125362,5
video_125460,4
video_125492,7
video_125504,6
video_125539,8
video_125554,3
video_125561,22
video_125596,6
video_125612,28
video_125613,30
video_125665,31
video_125666,17
video_125759,12
video_125843,9
video_125876,23
video_12590,5
video_125917,1
video_126002,1
video_126005,8
video_126016,30
video_126037,12
video_126088,5
video_126118,28
video_126190,32
video_126192,31
video_126275,14
video_126354,7
video_126366,19
video_126372,1
video_126388,19
video_126391,9
video_12641,31
video_126422,9
video_126493,31
video_126527,31
video_126536,3
video_126544,30
video_126568,22
video_126579,7
video_126636,31
video_12664,9
video_126651,5
video_126714,23
video_126778,14
video_126785,12
video_126802,7
video_12683,30
video_126869,1
video_126888,12
video_126911,9
video_12694,18
video_126969,10
video_126976,28
video_126984,31
video_127095,22
video_12712,23
video_127127,6
video_127130,19
video_127302,32
video_127355,18
video_127445,18
video_127502,22
video_127541,1
video_127547,9
video_127558,22
video_1276,10
video_127614,30
video_127731,31
video_127735,31
video_127745,32
video_127808,9
video_127820,19
video_127845,31
video_127892,31
video_127898,12
video_127922,32
video_12797,20
video_127979,31
video_128000,22
video_128010,12
video_128040,31
video_128111,6
video_128134,2
video_128190,18
video_128195,3
video_128244,19
video_128274,5
video_128329,14
video_128331,4
video_128358,6
video_128366,12
video_128370,25
video_128392,20
video_128409,30
video_128414,16
video_128459,5
video_128484,8
video_128580,18
video_128590,12
video_128605,29
video_128668,4
video_128686,1
video_128689,31
video_128705,18
video_128711,23
video_128716,1
video_128723,22
video_128729,9
video_128730,31
video_128761,31
video_128770,3
video_128799,20
video_128826,8
video_128895,5
video_128901,28
video_128911,12
video_128961,5
video_128964,23
video_128973,24
video_128977,31
video_129001,6
video_12901,23
video_129059,14
video_12908,22
video_12909,7
video_129096,22
video_129128,19
video_129136,20
video_129148,12
video_129171,10
video_12918,12
video_129283,14
video_129297,31
video_1293,19
video_129370,31
video_129377,20
video_12939,2
video_129400,18
video_129401,31
video_12941,7
video_129420,19
video_129423,1
video_129451,31
video_129493,30
video_129513,31
video_129536,31
video_129546,12
video_129553,18
video_12957,30
video_129595,29
video_129597,7
video_129662,14
video_129666,9
video_12970,30
video_129708,18
video_129748,1
video_129750,30
video_129761,22
video_129772,28
video_129810,30
video_12982,9
video_129896,23
video_12991,18
video_129936,9
video_129973,23
video_13,22
video_13002,18
video_130035,29
video_13009,6
video_130148,31
video_130160,5
video_130219,20
video_130253,19
video_130265,31
video_130276,12
video_130280,14
video_130297,31
video_130314,9
video_130324,31
video_13035,31
video_130358,7
video_130360,8
video_130403,12
video_130410,9
video_130415,2
video_130447,23
video_130459,31
video_130489,31
video_13049,1
video_130495,23
video_130513,32
video_13052,7
video_130558,16
video_130565,2
video_130675,8
video_130716,12
video_130723,22
video_130766,5
video_130796,9
video_130806,12
video_130847,1
video_130864,29
video_130894,22
video_130938,19
video_130940,9
video_13104,28
video_131067,32
video_131070,12
video_131191,20
video_131201,4
video_131204,30
video_131238,23
video_131274,24
video_131286,20
video_131323,30
video_131334,2
video_131357,28
video_131364,19
video_131380,31
video_131395,5
video_13146,20
video_131463,3
video_131524,4
video_131560,19
video_131588,31
video_131680,18
video_131698,29
video_131758,2
video_131794,22
video_131814,16
video_131832,25
video_131899,28
video_131906,18
video_13193,4
video_13195,9
video_131971,22
video_132052,20
video_132056,12
video_132090,18
video_132163,30
video_132201,9
video_132228,20
video_132256,30
video_132291,2
video_132295,1
video_132357,3
video_132368,9
video_132386,30
video_132439,31
video_132445,8
video_132446,1
video_132457,30
video_132474,12
video_132537,1
video_132540,4
video_132564,18
video_132576,8
video_132586,31
video_132607,28
video_132639,12
video_132687,7
video_132709,1
video_132775,29
video_132797,8
video_132809,22
video_132831,22
video_132849,29
video_132867,12
video_13295,1
video_132985,23
video_132988,9
video_133012,9
video_133062,9
video_133075,28
video_133086,9
video_133100,9
video_133122,31
video_133128,22
video_133135,30
video_133213,7
video_133221,31
video_133228,5
video_133233,31
video_133237,7
video_133247,31
video_13330,28
video_133309,8
video_133357,9
video_133374,23
video_133379,28
video_133398,12
video_133412,29
video_133446,22
video_133464,5
video_13347,23
video_133584,29
video_133594,22
video_133633,23
video_133645,4
video_133647,31
video_133658,19
video_133685,19
video_1337,22
video_133705,9
video_133786,30
video_133818,23
video_133855,31
video_133889,30
video_13389,14
video_133895,9
video_133896,31
video_133922,5
video_133926,18
video_133956,29
video_133974,8
video_133987,3
video_134103,8
video_134112,31
video_134135,31
video_134160,30
video_134163,9
video_134202,8
video_13422,1
video_134302,14
video_134315,30
video_134327,12
video_134359,12
video_134382,8
video_134384,30
video_134395,20
video_134411,10
video_134412,7
video_134455,14
video_134495,0
video_134502,1
video_134542,8
video_134616,12
video_134619,23
video_134623,1
video_134634,3
video_134636,5
video_134643,4
video_134674,5
video_134693,9
video_134696,19
video_134705,28
video_134725,9
video_134743,10
video_134745,8
video_134771,30
video_134788,9
video_134850,19
video_134857,31
video_134858,9
video_134882,28
video_134902,22
video_134910,22
video_134912,8
video_134923,20
video_134933,32
video_134943,10
video_134965,8
video_134995,3
video_135013,22
video_135018,0
video_135037,8
video_135079,12
video_135110,23
video_135129,31
video_135189,22
video_1352,21
video_135216,14
video_135218,9
video_135220,8
video_135231,31
video_135251,30
video_135345,7
video_135366,31
video_135371,8
video_135378,31
video_135397,31
video_135408,28
video_135471,30
video_135505,31
video_135560,28
video_135576,5
video_135592,19
video_135599,31
video_135640,14
video_135681,24
video_135752,19
video_135793,5
video_135797,21
video_135804,18
video_135834,30
video_135872,7
video_135892,32
video_136013,12
video_136033,9
video_136038,28
video_136075,30
video_136083,7
video_136099,9
video_136105,32
video_13611,20
video_136117,9
video_136119,18
video_136124,30
video_13615,28
video_136203,5
video_136217,31
video_136234,2
video_136299,23
video_136316,28
video_136333,6
video_136373,8
video_136388,3
video_136430,22
video_136450,10
video_136496,30
video_136512,14
video_136525,8
video_136544,3
video_136587,28
video_136588,9
video_136674,29
video_136703,12
video_13673,9
video_136751,24
video_136752,1
video_136754,5
video_136786,5
video_136792,9
video_136796,5
video_136801,9
video_136806,30
video_13682,8
video_136847,1
video_136889,30
video_136912,12
video_136913,14
video_136915,31
video_136956,19
video_136979,25
video_136980,31
video_137036,5
video_137097,19
video_137106,12
video_13713,1
video_137158,20
video_137167,8
video_137196,12
video_137226,9
video_137289,24
video_137300,32
video_137332,9
video_137355,2
video_137366,31
video_13737,9
video_137419,12
video_137420,30
video_137463,32
video_137466,5
video_137485,0
video_137493,7
video_137524,22
video_137532,14
video_137566,30
video_137605,29
video_137615,28
video_137628,9
video_137691,23
video_137694,24
video_137738,31
video_137774,23
video_137903,23
video_137975,12
video_138039,9
video_138040,22
video_138111,1
video_138172,31
video_138234,7
video_138328,8
video_138334,31
video_138349,5
video_138401,23
video_138402,5
video_13846,20
video_138503,12
video_138511,14
video_138556,22
video_138632,9
video_138635,5
video_138641,5
video_13865,3
video_13866,18
video_138708,29
video_138776,7
video_138779,5
video_138812,28
video_138846,9
video_138851,12
video_138898,12
video_138900,6
video_138930,23
video_138940,5
video_138943,1
video_139022,2
video_139071,31
video_139078,7
video_139234,8
video_139347,12
video_139399,12
video_139403,23
video_139418,9
video_139469,32
video_139526,28
video_13957,5
video_1396,8
video_139616,22
video_139667,9
video_139668,29
video_139792,29
video_139809,30
video_139839,31
video_13987,10
video_139894,9
video_139973,12
video_139982,1
video_14000,17
video_140010,31
video_140029,18
video_140090,4
video_140107,31
video_140126,9
video_140127,29
video_140149,18
video_14015,7
video_140160,18
video_140168,31
video_140176,30
video_140182,23
video_140188,7
video_140195,19
video_140226,28
video_140251,5
video_140257,28
video_140277,23
video_140382,21
video_140457,5
video_140475,7
video_140519,14
video_140551,9
video_14058,1
video_140595,1
video_140601,21
video_140624,18
video_140676,31
video_140693,29
video_140708,1
video_140714,12
video_140764,31
video_140839,8
video_140852,12
video_140855,5
video_140869,6
video_140873,7
video_140960,31
video_14099,21
video_141000,30
video_141011,31
video_141014,20
video_141020,31
video_141033,14
video_141034,30
video_14104,7
video_141053,19
video_141079,12
video_14109,31
video_141157,30
video_141183,31
video_141258,28
video_141265,23
video_141339,4
video_141359,1
video_141393,19
video_141430,6
video_141490,31
video_141491,22
video_141518,5
video_141571,30
video_141639,29
video_14165,31
video_141654,31
video_14168,31
video_141681,30
video_141694,5
video_14174,30
video_141760,14
video_141877,18
video_141914,0
video_141931,30
video_141942,14
video_141946,28
video_141949,29
video_141985,30
video_1420,31
video_142031,19
video_142036,9
video_142057,30
video_142067,23
video_142080,6
video_142081,9
video_1421,7
video_142119,2
video_142243,31
video_142275,8
video_142311,31
video_142313,2
video_142328,19
video_142334,0
video_14237,7
video_142445,8
video_142453,0
video_142458,29
video_14246,22
video_142467,5
video_14259,7
video_142671,9
video_142756,8
video_142759,16
video_142809,30
video_142812,9
video_14284,5
video_142865,8
video_142867,6
video_142896,12
video_142899,6
video_142910,12
video_142956,29
video_14296,31
video_142988,3
video_143003,32
video_143057,5
video_143064,19
video_143068,16
video_143070,9
video_143127,9
video_143171,10
video_143172,5
video_143190,10
video_143213,23
video_143256,12
video_143347,23
video_143441,9
video_143461,12
video_143526,6
video_143547,31
video_143647,12
video_1437,7
video_143726,31
video_143735,17
video_143750,9
video_143789,22
video_143794,9
video_143798,31
video_143852,5
video_143876,7
video_143914,12
video_14392,20
video_143933,10
video_143945,18
video_143956,4
video_143965,31
video_143992,31
video_144005,12
video_144029,12
video_144048,14
video_144053,23
video_144069,9
video_144083,29
video_14414,31
video_144149,23
video_144170,4
video_144179,9
video_144184,24
video_144237,22
video_144286,1
video_144301,12
video_144333,19
video_144340,6
video_144370,7
video_144376,32
video_144394,1
video_144413,1
video_144438,19
video_144483,6
video_144491,22
video_144561,22
video_144569,31
video_14459,8
video_144632,14
video_144704,22
video_144741,3
video_144751,3
video_144777,22
video_144806,2
video_144847,19
video_14494,7
video_14495,31
video_144972,22
video_144983,28
video_145034,7
video_145077,29
video_145079,18
video_145135,5
video_145244,23
video_145248,5
video_145251,5
video_145291,16
video_1453,20
video_145356,28
video_145404,7
video_145405,19
video_145422,5
video_145477,31
video_145483,9
video_145495,1
video_1455,1
video_145539,3
video_145585,1
video_145603,6
video_145604,1
video_145650,29
video_145676,16
video_145693,5
video_145702,1
video_145800,9
video_145804,30
video_145871,7
video_145927,4
video_145997,31
video_146068,30
video_14608,1
video_146085,30
video_146166,18
video_146186,19
video_146200,16
video_14621,5
video_146233,14
video_146237,10
video_146267,22
video_14627,19
video_146293,30
video_146313,32
video_146323,3
video_146327,31
video_146372,29
video_146377,0
video_146382,1
video_146413,19
video_14642,31
video_146424,17
video_146425,30
video_146553,22
video_146555,28
video_146573,8
video_146592,22
video_146630,7
video_146634,30
video_1467,24
video_146733,23
video_146765,18
video_146778,1
video_14678,14
video_146788,5
video_146803,9
video_146862,23
video_146882,8
video_146924,8
video_146950,20
video_147005,14
video_147017,31
video_147026,23
video_1471,1
video_147174,29
video_147187,31
video_147194,22
video_147200,20
video_147290,31
video_147305,19
video_147327,5
video_147414,30
video_147423,12
video_147521,12
video_147610,23
video_147644,9
video_147663,23
video_147693,12
video_147704,22
video_147764,21
video_147911,9
video_147948,31
video_147951,18
video_147972,1
video_147996,3
video_148054,9
video_148065,10
video_148068,31
video_148202,17
video_148242,30
video_148245,10
video_148251,29
video_148252,22
video_148271,19
video_148305,19
video_148399,8
video_148465,5
video_148478,23
video_148527,32
video_148633,30
video_14864,29
video_148663,31
video_148674,8
video_148676,7
video_148759,31
video_148824,8
video_148825,12
video_148846,23
video_148857,7
video_148877,2
video_148922,18
video_148929,5
video_148934,12
video_148956,31
video_148959,25
video_149053,19
video_14907,23
video_149091,6
video_149093,29
video_149106,30
video_149125,30
video_149146,9
video_14921,29
video_149215,1
video_149226,29
video_149251,8
video_149253,2
video_149326,12
video_149340,14
video_149342,9
video_149375,5
video_149407,5
video_14943,22
video_149433,12
video_14945,19
video_149539,5
video_149602,28
video_149609,14
video_149620,8
video_149686,22
video_149690,29
video_149691,9
video_149727,23
video_149730,30
video_149746,9
video_149776,30
video_149794,9
video_149815,22
video_149850,23
video_149867,16
video_149885,8
video_149889,28
video_149933,6
video_149955,18
video_149957,28
video_149962,10
video_149982,10
video_15001,14
video_150049,17
video_150053,32
video_150114,21
video_150115,29
video_15013,3
video_150142,30
video_150152,22
video_150196,5
video_150210,1
video_150219,30
video_150231,22
video_150276,29
video_150322,21
video_150361,19
video_150372,31
video_150385,1
video_150425,1
video_150432,30
video_150446,14
video_150454,22
video_150478,0
video_150488,14
video_150546,19
video_150578,7
video_150619,9
video_150675,18
video_150679,30
video_150696,19
video_150718,31
video_150725,22
video_150727,31
video_150746,14
video_150865,7
video_150897,23
video_150908,4
video_150954,28
video_151075,9
video_151076,2
video_15109,22
video_151113,7
video_151163,17
video_151191,24
video_151209,7
video_151245,22
video_151251,28
video_151315,22
video_151325,18
video_151347,9
video_151410,31
video_151440,9
video_151470,23
video_151494,7
video_151502,3
video_151525,19
video_151557,8
video_151621,5
video_15167,25
video_151703,7
video_15171,32
video_151713,12
video_151748,8
video_151794,22
video_151817,9
video_151826,20
video_151840,30
video_151850,30
video_151890,0
video_151898,9
video_151918,9
video_151920,31
video_151966,9
video_151969,31
video_151971,1
video_151988,28
video_152014,23
video_152067,12
video_152082,18
video_152126,28
video_15214,18
video_152191,31
video_152311,30
video_152330,30
video_152332,30
video_152347,30
video_152388,5
video_152411,22
video_152433,31
video_152435,8
video_152498,31
video_152521,1
video_152568,18
video_152590,8
video_15260,32
video_152661,9
video_152764,9
video_152765,29
video_152848,7
video_152897,14
video_152901,19
video_152913,12
video_152930,14
video_15295,0
video_152962,5
video_153002,25
video_153016,31
video_153050,14
video_153093,21
video_153150,30
video_153156,30
video_153176,1
video_153206,20
video_153318,22
video_153334,12
video_153403,30
video_153406,28
video_153408,1
video_153436,1
video_153456,22
video_153472,31
video_153475,19
video_153488,18
video_15353,6
video_153616,9
video_15362,10
video_153674,1
video_153681,23
video_153737,19
video_153808,1
video_153833,8
video_153857,30
video_153933,31
video_153956,1
video_153987,29
video_153993,19
video_154021,30
video_15405,4
video_154075,31
video_154086,7
video_154102,9
video_154125,23
video_154134,12
video_154184,7
video_154235,18
video_154248,22
video_154284,30
video_15433,31
video_154408,31
video_154466,6
video_154495,25
video_154522,28
video_154538,14
video_154659,31
video_15471,18
video_154719,9
video_154725,12
video_154853,6
video_154878,19
video_154893,31
video_154901,1
video_155,17
video_15501,23
video_15502,8
video_155035,18
video_155036,18
video_155047,8
video_155074,8
video_155107,31
video_155115,8
video_155122,2
video_155219,22
video_155253,12
video_155263,18
video_155281,9
video_155318,18
video_155320,19
video_155349,30
video_15536,9
video_155393,19
video_155428,19
video_15548,8
video_155484,8
video_155507,30
video_155630,9
video_155662,23
video_155667,7
video_155698,31
video_155799,31
video_155800,1
video_155865,5
video_155867,18
video_155871,12
video_155888,14
video_155912,30
video_155944,28
video_156014,5
video_156049,8
video_156081,9
video_156111,9
video_156128,23
video_156143,9
video_156179,32
video_156215,12
video_156237,18
video_156263,31
video_156277,1
video_156314,23
video_156328,30
video_15638,31
video_156388,20
video_156389,28
video_156399,31
video_156416,8
video_156442,12
video_156448,12
video_156452,5
video_156467,14
video_156510,29
video_156513,7
video_156551,29
video_156667,31
video_156700,12
video_15671,19
video_156787,9
video_156811,30
video_156848,9
video_156861,1
video_156878,18
video_156932,9
video_156961,24
video_157007,18
video_157079,5
video_157103,10
video_157135,8
video_157153,2
video_157163,5
video_157189,25
video_157194,29
video_157295,31
video_157383,3
video_15740,31
video_157485,1
video_157558,19
video_15756,7
video_157612,29
video_157624,19
video_157677,9
video_157688,23
video_157727,6
video_157776,23
video_157791,6
video_157833,12
video_15789,24
video_158047,3
video_158139,8
video_158154,31
video_158184,1
video_158191,28
video_158202,2
video_158212,23
video_158215,1
video_158263,23
video_158302,29
video_158326,22
video_158328,2
video_158348,9
video_158350,12
video_158377,3
video_158385,6
video_158387,20
video_158424,12
video_158440,1
video_158497,22
video_158505,22
video_158566,9
video_158607,9
video_158637,7
video_158649,16
video_158657,31
video_158666,9
video_158676,9
video_158678,7
video_158712,7
video_158718,22
video_158743,30
video_158766,23
video_158780,30
video_15880,31
video_158819,30
video_158826,18
video_158836,18
video_158859,0
video_158866,9
video_15891,32
video_158998,30
video_159009,28
video_159087,23
video_159092,30
video_159139,12
video_159150,8
video_159156,1
video_159171,23
video_159173,4
video_159178,30
video_159186,10
video_159199,23
video_159218,9
video_159227,22
video_159261,8
video_159274,1
video_159292,18
video_159323,22
video_159388,18
video_159522,31
video_159545,31
video_159550,12
video_159561,1
video_159616,9
video_159633,19
video_15964,12
video_159839,2
video_159853,5
video_159861,31
video_159887,31
video_159940,8
video_159944,5
video_159955,1
video_159974,14
video_159978,17
video_159984,4
video_159985,1
video_15999,31
video_160064,3
video_16010,31
video_160118,30
video_16012,5
video_160123,21
video_160177,20
video_16018,23
video_160188,31
video_160242,31
video_160244,1
video_160248,14
video_160340,31
video_16036,4
video_160395,10
video_160516,8
video_160527,7
video_160579,23
video_160609,20
video_16061,29
video_160614,31
video_16063,1
video_160642,30
video_160654,16
video_160670,20
video_160722,31
video_160733,4
video_160740,1
video_160829,9
video_160847,31
video_160854,8
video_16086,29
video_160861,30
video_160869,1
video_160882,4
video_160889,28
video_160903,9
video_160960,22
video_16097,6
video_161019,10
video_16106,23
video_161080,9
video_161118,30
video_161122,32
video_161135,14
video_161136,3
video_161153,12
video_161198,31
video_1612,12
video_161226,8
video_161230,23
video_161261,7
video_161262,31
video_161272,1
video_161348,22
video_161391,1
video_161402,31
video_161413,9
video_161425,28
video_161445,1
video_161478,23
video_16151,14
video_161545,30
video_161565,14
video_161570,23
video_161590,18
video_161606,14
video_161612,1
video_161629,19
video_161707,5
video_161726,28
video_16177,31
video_161789,8
video_161803,6
video_161804,22
video_161827,30
video_161966,9
video_161994,7
video_162,31
video_162006,31
video_162060,1
video_162110,29
video_162157,7
video_162170,30
video_162195,22
video_162210,18
video_162216,23
video_16222,31
video_162230,22
video_162260,31
video_162279,9
video_162286,2
video_16229,31
video_162342,22
video_162355,7
video_162365,9
video_162389,9
video_162423,20
video_162434,9
video_16247,20
video_162567,30
video_162568,2
video_162577,8
video_162612,30
video_162660,3
video_162708,7
video_162725,10
video_162733,4
video_162741,1
video_162778,23
video_162815,7
video_162816,1
video_162837,18
video_162840,23
video_162847,7
video_162886,7
video_162919,18
video_162930,25
video_162935,1
video_162950,9
video_16297,10
video_163045,29
video_163102,29
video_16316,31
video_163178,5
video_163184,31
video_163209,32
video_163211,28
video_16322,28
video_163239,18
video_163274,30
video_163276,8
video_163287,12
video_163325,12
video_163356,30
video_163367,22
video_163415,22
video_163437,12
video_163451,12
video_163452,12
video_163455,10
video_163464,18
video_16347,19
video_1635,20
video_16356,10
video_163582,31
video_16360,31
video_163640,19
video_163722,18
video_163744,14
video_163812,0
video_163818,12
video_163866,8
video_163873,30
video_163882,30
video_163924,22
video_164015,22
video_164020,4
video_164033,18
video_164035,28
video_164052,9
video_164075,9
video_164091,14
video_164120,9
video_164136,31
video_16415,30
video_164268,9
video_164311,1
video_164312,31
video_164316,30
video_164333,20
video_164341,20
video_164345,5
video_164350,9
video_164409,9
video_164434,3
video_164477,9
video_164489,8
video_164506,31
video_164526,1
video_164575,7
video_164580,5
video_164591,3
video_16461,31
video_16462,22
video_16464,5
video_164689,9
video_164702,31
video_164704,4
video_16472,8
video_164738,31
video_164752,12
video_164782,8
video_164789,28
video_164822,1
video_164833,28
video_164879,14
video_164888,28
video_164899,8
video_16491,3
video_164922,9
video_164944,14
video_164949,6
video_164958,29
video_164962,19
video_164988,6
video_164992,31
video_165020,5
video_165063,8
video_165084,23
video_165089,30
video_165111,14
video_165247,12
video_16530,28
video_165314,31
video_165321,8
video_165392,5
video_165394,18
video_165439,5
video_165456,22
video_16546,31
video_165472,0
video_165473,22
video_165493,20
video_165563,32
video_165602,14
video_165633,8
video_16564,23
video_165654,8
video_165661,23
video_165721,1
video_165722,4
video_165758,12
video_165773,19
video_165777,28
video_165783,0
video_165839,12
video_165864,5
video_16590,12
video_165904,9
video_16592,7
video_165926,2
video_16594,31
video_165944,22
video_165958,28
video_16598,22
video_166051,13
video_166066,21
video_166117,2
video_166146,31
video_166155,23
video_166167,12
video_166189,18
video_166268,31
video_166279,8
video_166284,4
video_166310,8
video_166313,29
video_166391,8
video_166429,9
video_166473,5
video_166510,30
video_166516,18
video_166528,19
video_166533,7
video_166545,14
video_166594,30
video_166623,22
video_166679,3
video_166740,10
video_166747,5
video_166822,8
video_166918,31
video_16692,7
video_166928,12
video_166930,5
video_166998,9
video_167016,31
video_167087,18
video_167125,28
video_167217,1
video_167234,12
video_1673,7
video_167305,7
video_16731,14
video_167368,4
video_167375,6
video_167402,1
video_167429,30
video_167454,4
video_167467,19
video_167481,18
video_167600,18
video_167619,9
video_167673,7
video_167692,29
video_167696,22
video_167712,22
video_167724,8
video_167742,6
video_167752,23
video_167755,32
video_167757,28
video_167774,20
video_167817,5
video_167824,30
video_167902,18
video_167955,5
video_167978,6
video_168012,30
video_168026,9
video_168064,29
video_168095,32
video_1681,31
video_168139,19
video_168158,30
video_168302,23
video_168328,31
video_168399,6
video_168422,18
video_168472,14
video_168490,5
video_168665,31
video_168686,23
video_168695,30
video_168739,7
video_168759,30
video_168767,21
video_16877,8
video_168817,14
video_168830,1
video_16885,7
video_168869,18
video_168886,14
video_168895,8
video_168901,8
video_168909,8
video_168920,28
video_168925,31
video_168955,31
video_168979,3
video_16898,10
video_169008,22
video_169077,5
video_169109,29
video_169140,19
video_16915,3
video_169182,12
video_169243,23
video_169252,12
video_169282,6
video_169290,12
video_169304,5
video_169320,30
video_169340,29
video_169341,7
video_169345,24
video_169366,5
video_169407,28
video_16941,31
video_169427,29
video_169455,19
video_169486,8
video_169557,29
video_169596,23
video_16964,9
video_169680,8
video_169722,30
video_169741,22
video_169744,20
video_169752,30
video_16976,7
video_169762,23
video_169798,12
video_169823,29
video_169869,23
video_169902,3
video_169979,6
video_169988,22
video_170048,31
video_170059,5
video_170060,30
video_170072,19
video_170102,31
video_170117,14
video_170133,31
video_170201,24
video_17022,9
video_17025,31
video_170311,9
video_170348,9
video_170370,14
video_17041,9
video_170448,19
video_170473,5
video_170477,10
video_170545,19
video_170582,9
video_170589,22
video_170620,12
video_170669,32
video_170695,9
video_170697,8
video_170745,5
video_170755,8
video_17078,23
video_170825,9
video_170978,23
video_171009,28
video_171090,30
video_171120,18
video_171143,3
video_171171,22
video_171176,22
video_171197,16
video_171247,22
video_171265,7
video_171266,1
video_171314,19
video_171385,30
video_171425,1
video_171530,22
video_171532,31
video_171561,1
video_17165,19
video_171654,19
video_1717,22
video_171700,30
video_171714,12
video_171727,9
video_171735,29
video_17175,4
video_171773,29
video_171799,12
video_171840,28
video_171857,30
video_171858,18
video_171860,7
video_171902,1
video_171916,9
video_171928,5
video_171930,30
video_171943,30
video_171978,5
video_171990,4
video_172005,22
video_172016,30
video_172035,23
video_172048,22
video_172053,29
video_172065,25
video_172071,7
video_172085,9
video_172126,5
video_172137,14
video_172148,22
video_172153,7
video_172178,17
video_172210,5
video_17222,18
video_172278,19
video_172298,12
video_172311,31
video_172324,5
video_172376,12
video_172396,6
video_172441,30
video_172484,9
video_172534,23
video_172562,10
video_172593,1
video_17260,7
video_172615,5
video_17263,29
video_172659,6
video_172668,1
video_172691,12
video_172723,12
video_172806,7
video_172825,31
video_172850,30
video_172862,20
video_172875,8
video_172894,29
video_172950,3
video_172996,5
video_173004,9
video_173032,31
video_173054,9
video_17313,1
video_173138,9
video_173141,10
video_173165,8
video_17318,32
video_173213,16
video_173217,12
video_173223,14
video_173236,1
video_173271,9
video_173332,29
video_173334,31
video_173356,29
video_173381,31
video_173445,18
video_173473,28
video_173482,31
video_173493,18
video_173517,7
video_173518,3
video_17352,19
video_173543,12
video_17355,18
video_173560,7
video_17357,23
video_173583,29
video_173589,1
video_17359,12
video_173608,31
video_173636,14
video_173672,10
video_173822,1
video_173826,31
video_173830,7
video_173868,30
video_173891,28
video_173899,29
video_173935,9
video_173958,28
video_173961,3
video_173973,14
video_173976,23
video_174018,12
video_17402,10
video_174029,12
video_17403,12
video_174059,23
video_174107,30
video_17412,9
video_174161,5
video_174177,4
video_174201,32
video_174266,31
video_174278,14
video_174321,30
video_174357,29
video_174359,19
video_174368,21
video_174383,2
video_174391,31
video_174403,7
video_174408,21
video_174413,7
video_1745,12
video_174528,5
video_174601,6
video_174602,18
video_174661,9
video_174697,1
video_174701,29
video_174727,12
video_17477,5
video_174833,32
video_174848,21
video_174849,30
video_174883,9
video_174888,23
video_174910,31
video_174916,12
video_174937,28
video_174944,8
video_174968,6
video_17499,14
video_174998,20
video_175001,14
video_175042,7
video_175047,14
video_175102,28
video_175106,31
video_175134,1
video_175226,14
video_175241,18
video_175249,18
video_175262,7
video_175310,0
video_175316,19
video_175333,12
video_175351,22
video_175368,9
video_175411,20
video_175424,32
video_175433,6
video_175485,7
video_175504,5
video_175514,2
video_175523,7
video_175530,29
video_175611,28
video_175651,9
video_175773,8
video_175784,31
video_175787,14
video_175820,29
video_175893,30
video_175898,29
video_175906,31
video_175928,30
video_175943,9
video_175950,23
video_17596,6
video_176002,12
video_176044,9
video_176084,9
video_176100,31
video_17613,28
video_176138,5
video_176184,31
video_176210,14
video_176260,12
video_176279,12
video_176376,9
video_176380,18
video_176387,19
video_176394,1
video_176427,23
video_176430,9
video_176490,31
video_176526,21
video_176536,12
video_176575,28
video_176636,17
video_176646,19
video_176658,19
video_176693,3
video_17671,5
video_176751,12
video_176752,23
video_176783,6
video_176796,1
video_176812,3
video_17687,6
video_176886,30
video_176900,2
video_176985,12
video_177022,29
video_17706,14
video_177062,9
video_177121,7
video_17718,32
video_177208,9
video_177210,1
video_177232,5
video_177391,12
video_177458,30
video_177477,6
video_177504,31
video_177511,28
video_177520,14
video_177529,12
video_17755,31
video_17756,31
video_177566,21
video_177588,30
video_177605,7
video_177613,31
video_177670,5
video_177681,31
video_177692,30
video_177706,30
video_177732,12
video_177781,22
video_177792,1
video_177828,9
video_177856,20
video_177892,1
video_177914,1
video_177942,18
video_177983,9
video_178016,1
video_178030,9
video_178031,8
video_178040,5
video_178078,7
video_178092,9
video_178096,31
video_178140,4
video_178175,23
video_178180,19
video_178184,23
video_178196,31
video_178286,12
video_178303,9
video_178328,9
video_178365,9
video_178394,14
video_178412,9
video_178414,1
video_178460,7
video_178469,14
video_178498,12
video_178504,12
video_178505,30
video_178524,1
video_178532,1
video_178537,8
video_178553,3
video_178607,23
video_178614,5
video_178619,23
video_17862,19
video_178707,22
video_17871,30
video_178766,23
video_178811,5
video_178826,31
video_178881,12
video_178898,8
video_178930,0
video_178981,19
video_178997,1
video_179008,5
video_179020,22
video_179036,8
video_179052,8
video_179056,19
video_179109,22
video_179146,1
video_179236,5
video_179241,20
video_179242,31
video_179250,8
video_179258,5
video_179275,18
video_179287,29
video_179290,9
video_179291,31
video_179333,1
video_179348,5
video_179372,7
video_179374,31
video_179417,8
video_179486,9
video_179587,29
video_179591,8
video_179632,21
video_179658,14
video_179707,29
video_17975,1
video_179752,29
video_179760,1
video_179784,22
video_179826,22
video_179878,20
video_17988,9
video_179911,22
video_179919,2
video_179955,22
video_179966,7
video_179980,23
video_179984,7
video_180003,28
video_180014,12
video_180060,14
video_180064,23
video_180107,12
video_180150,30
video_180157,6
video_180181,20
video_180184,1
video_180202,9
video_180232,4
video_180282,19
video_1803,19
video_180314,25
video_180335,19
video_180415,5
video_180427,12
video_180433,0
video_180437,1
video_180441,29
video_18045,22
video_180469,6
video_180477,12
video_180506,8
video_180539,12
video_180546,12
video_180579,9
video_180748,12
video_180762,18
video_180800,23
video_180808,28
video_180813,12
video_180821,4
video_18085,29
video_180875,23
video_180926,28
video_180943,1
video_180961,6
video_180994,12
video_181005,29
video_181047,28
video_181113,7
video_181176,6
video_181201,19
video_181218,7
video_181221,23
video_18128,1
video_181308,4
video_181333,19
video_181355,32
video_181361,31
video_181395,31
video_181453,23
video_181469,31
video_181472,8
video_18149,18
video_181525,23
video_181562,31
video_181675,30
video_181700,3
video_181723,12
video_181743,1
video_181771,1
video_181780,30
video_181843,3
video_181855,31
video_181884,24
video_182010,19
video_18211,30
video_182116,9
video_182145,30
video_182213,31
video_182234,12
video_182289,12
video_18229,19
video_182308,5
video_182310,7
video_182334,22
video_182356,28
video_182409,30
video_182412,1
video_182449,23
video_182469,7
video_182499,31
video_182500,30
video_182541,30
video_182612,30
video_182624,31
video_182746,9
video_182765,1
video_182822,12
video_182872,19
video_182883,30
video_182901,23
video_182927,6
video_182931,9
video_182956,30
video_182984,30
video_182992,5
video_18304,30
video_183071,30
video_183084,22
video_183088,9
video_183127,1
video_183161,31
video_18317,20
video_18319,7
video_183213,5
video_183220,22
video_18326,16
video_183325,14
video_183360,18
video_183369,19
video_183383,16
video_183395,12
video_183419,31
video_183441,25
video_183445,9
video_183446,9
video_183476,9
video_183481,31
video_183509,22
video_183561,4
video_183562,29
video_183587,22
video_183617,29
video_183634,9
video_183647,31
video_183665,31
video_183704,1
video_183780,30
video_183785,30
video_183819,21
video_183822,31
video_183842,22
video_183857,4
video_183871,2
video_183886,30
video_183895,22
video_183896,31
video_183903,19
video_183907,12
video_183910,29
video_183918,20
video_183994,5
video_184055,12
video_184071,9
video_184076,6
video_184105,23
video_184151,9
video_184156,1
video_184217,29
video_184250,30
video_184259,9
video_184260,6
video_184299,9
video_184352,21
video_184363,18
video_184367,5
video_184542,31
video_184576,18
video_184586,5
video_184594,28
video_18464,31
video_184664,9
video_184729,22
video_184738,30
video_18474,32
video_184752,28
video_184777,30
video_184787,8
video_184839,7
video_184885,18
video_184912,14
video_184915,22
video_185172,31
video_185179,12
video_185222,23
video_185238,30
video_185254,28
video_185273,30
video_185347,28
video_185412,30
video_185433,22
video_185450,21
video_185452,23
video_18546,18
video_18549,31
video_185505,14
video_185524,2
video_185564,1
video_185623,29
video_185678,19
video_185694,14
video_185744,31
video_185750,30
video_185783,12
video_185812,10
video_185850,12
video_185859,1
video_185869,23
video_185874,9
video_185898,10
video_185911,22
video_185971,18
video_186010,5
video_186028,31
video_186047,30
video_186051,23
video_186134,31
video_186147,14
video_186174,7
video_186178,5
video_186199,6
video_186257,31
video_186306,7
video_186308,1
video_186359,28
video_186363,9
video_186377,12
video_186420,18
video_186429,16
video_18644,9
video_186486,29
video_186490,30
video_186497,9
video_186561,22
video_186581,31
video_186611,1
video_186637,28
video_186657,31
video_186812,23
video_186832,30
video_186840,22
video_186869,21
video_186981,19
video_186983,3
video_186997,12
video_187008,1
video_187019,8
video_18703,19
video_187092,19
video_187119,4
video_187123,10
video_187154,9
video_187205,32
video_187208,23
video_187259,15
video_187266,3
video_187267,8
video_187313,31
video_187333,31
video_187339,9
video_187348,1
video_187364,1
video_187367,18
video_187436,8
video_187461,31
video_187538,7
video_187545,6
video_187548,20
video_187570,30
video_18758,8
video_18762,20
video_18765,12
video_187650,3
video_187652,20
video_187725,31
video_187736,8
video_187763,12
video_187811,9
video_187826,5
video_187837,4
video_187865,20
video_187929,12
video_187945,12
video_187972,22
video_188023,3
video_188045,31
video_188098,21
video_188128,30
video_188135,1
video_188205,14
video_188210,1
video_18835,6
video_188354,5
video_188370,16
video_188380,7
video_188389,19
video_188414,19
video_188448,18
video_188456,31
video_188520,29
video_188545,9
video_188554,22
video_188565,9
video_18858,5
video_188645,31
video_188690,2
video_188736,1
video_188738,25
video_188750,0
video_188753,7
video_188807,18
video_188812,18
video_188822,31
video_18892,7
video_189004,31
video_189163,22
video_189179,18
video_189181,28
video_189253,1
video_189263,1
video_189288,19
video_189293,12
video_189299,9
video_189339,31
video_189378,30
video_189384,5
video_189415,7
video_189431,10
video_189549,22
video_189573,30
video_189612,7
video_189637,30
video_189648,23
video_189709,22
video_189724,23
video_189754,3
video_18978,30
video_18982,21
video_189826,9
video_18987,1
video_1899,29
video_189912,18
video_189922,12
video_189958,1
video_19002,5
video_190047,23
video_19008,18
video_1901,28
video_190116,31
video_190150,28
video_190160,32
video_190206,14
video_190216,31
video_190231,9
video_190240,0
video_190277,8
video_19028,9
video_190291,29
video_190308,30
video_190315,25
video_190328,31
video_190355,10
video_19037,1
video_190390,18
video_1904,5
video_190402,23
video_190418,30
video_190433,18
video_190526,9
video_190548,30
video_190550,7
video_190588,7
video_190618,7
video_190633,14
video_190635,7
video_190637,28
video_190653,7
video_190656,28
video_190736,29
video_190772,22
video_190798,18
video_190802,30
video_190813,30
video_190843,31
video_190867,12
video_190929,22
video_190979,7
video_19103,28
video_191051,12
video_191094,9
video_191103,8
video_191116,31
video_191126,21
video_191216,8
video_191252,9
video_191274,20
video_19128,9
video_191317,23
video_191372,6
video_191374,29
video_191387,1
video_1914,31
video_191478,30
video_191554,28
video_191617,29
video_191633,19
video_191655,31
video_191672,23
video_191679,19
video_191755,2
video_191794,12
video_191823,2
video_191830,3
video_19188,1
video_191886,22
video_191943,22
video_191994,12
video_192031,23
video_192042,5
video_192080,30
video_192139,1
video_192163,7
video_192176,23
video_19218,22
video_192221,8
video_192227,11
video_19224,1
video_192246,4
video_192284,1
video_192295,5
video_192340,5
video_192402,20
video_192404,20
video_192429,9
video_192444,28
video_192448,17
video_192464,23
video_192479,23
video_192497,8
video_192502,28
video_192590,4
video_192620,12
video_192646,28
video_192656,30
video_192681,2
video_192713,14
video_192742,31
video_192804,31
video_192890,0
video_192891,22
video_192911,12
video_19297,9
video_193022,18
video_193027,1
video_193039,31
video_193044,24
video_193058,5
video_193081,28
video_193094,8
video_193118,32
video_193126,1
video_19315,18
video_193158,5
video_193227,7
video_193245,30
video_193330,2
video_193339,28
video_193346,1
video_193393,30
video_193395,23
video_193427,8
video_193446,23
video_193467,1
video_193481,7
video_193539,12
video_193561,14
video_193631,24
video_19366,19
video_193665,12
video_193812,29
video_193823,10
video_193836,8
video_193881,5
video_193893,9
video_193915,18
video_193982,14
video_193990,6
video_193995,31
video_193999,19
video_194146,18
video_194177,29
video_194193,12
video_19422,31
video_19423,19
video_194259,31
video_194261,31
video_194302,18
video_194305,20
video_194362,22
video_194365,0
video_194510,7
video_194515,31
video_194572,19
video_194626,5
video_194636,9
video_194661,18
video_194665,12
video_194690,9
video_194694,3
video_1947,31
video_19470,14
video_194701,31
video_194707,6
video_194738,20
video_194752,5
video_194770,30
video_194813,0
video_194871,30
video_194910,30
video_194968,19
video_195030,3
video_195054,30
video_195069,31
video_195070,29
video_195079,19
video_195095,31
video_195137,0
video_195170,2
video_19527,9
video_19529,31
video_195291,8
video_195325,1
video_19533,23
video_195346,25
video_195361,1
video_195377,31
video_195426,23
video_195436,31
video_195512,29
video_19554,7
video_195556,28
video_195659,18
video_195687,1
video_195712,31
video_195822,23
video_195856,22
video_195862,1
video_195892,30
video_195944,20
video_195947,1
video_195973,5
video_195978,31
video_196014,10
video_196029,12
video_196071,25
video_196073,18
video_196280,12
video_196322,4
video_196338,1
video_196339,29
video_196348,7
video_196371,19
video_19638,23
video_196439,12
video_19649,8
video_196513,18
video_196518,5
video_196551,23
video_196601,18
video_196619,5
video_196634,4
video_196667,18
video_196704,7
video_196711,12
video_196727,23
video_196739,23
video_196813,9
video_196850,28
video_196873,1
video_196914,1
video_196922,0
video_197033,22
video_197035,31
video_197078,12
video_197150,18
video_197212,6
video_197218,20
video_197246,12
video_19726,18
video_197285,4
video_197304,7
video_197305,17
video_197307,31
video_197326,30
video_197460,12
video_197467,1
video_197521,6
video_197550,16
video_197567,30
video_197570,31
video_197632,7
video_197637,2
video_197638,5
video_197722,31
video_197731,19
video_197753,1
video_197781,9
video_197804,4
video_197827,28
video_197863,9
video_197893,7
video_197909,8
video_197916,7
video_19793,19
video_197932,5
video_198061,30
video_19808,31
video_198097,32
video_198135,9
video_198137,21
video_198196,18
video_19820,10
video_198255,5
video_198274,23
video_19829,29
video_198292,12
video_198305,28
video_19835,5
video_198354,30
video_198355,21
video_198358,28
video_198363,5
video_198373,7
video_198396,30
video_198398,23
video_198411,4
video_198425,1
video_198480,20
video_198532,14
video_198555,8
video_198558,1
video_198568,9
video_198627,7
video_198632,23
video_198636,9
video_198658,22
video_198721,14
video_19873,30
video_198818,25
video_198830,9
video_198895,9
video_198910,18
video_198917,23
video_198958,12
video_198960,8
video_198983,14
video_199026,14
video_199033,22
video_199053,12
video_199083,22
video_199084,17
video_199139,22
video_19914,32
video_199195,23
video_199216,5
video_199265,8
video_19930,1
video_199323,12
video_199349,23
video_199379,29
video_199407,22
video_199529,10
video_199586,7
video_199613,30
video_199686,22
video_199718,1
video_199731,9
video_199852,31
video_199859,0
video_199860,19
video_199891,18
video_1999,31
video_199914,6
video_199938,8
video_199943,22
video_199952,14
video_199954,21
video_199969,18
video_200048,19
video_200070,23
video_200135,19
video_200150,31
video_200156,12
video_200157,12
video_200171,14
video_200177,29
video_200209,3
video_200216,14
video_200228,2
video_200236,32
video_200291,9
video_200321,4
video_200326,18
video_200327,31
video_200348,31
video_200352,1
video_200385,29
video_200411,31
video_200440,8
video_200442,7
video_200463,23
video_200582,30
video_200595,14
video_200622,20
video_200624,23
video_200693,8
video_200703,31
video_200786,7
video_200802,31
video_200850,6
video_200874,28
video_200965,4
video_200969,12
video_20098,22
video_201042,22
video_201079,30
video_201095,19
video_201114,22
video_201126,28
video_201139,32
video_201153,5
video_201174,29
video_201199,21
video_201213,31
video_201222,19
video_201256,9
video_201267,5
video_201277,23
video_201291,19
video_201295,12
video_201326,28
video_201407,8
video_201444,1
video_201451,31
video_201457,1
video_201500,31
video_201503,22
video_201519,9
video_20155,30
video_201639,31
video_201652,4
video_201723,9
video_201733,23
video_201820,30
video_201856,7
video_20186,1
video_201873,9
video_201891,3
video_201905,3
video_201912,18
video_201932,28
video_201948,9
video_201955,12
video_201969,18
video_202005,23
video_202007,14
video_202035,10
video_202044,28
video_202097,9
video_202136,31
video_202161,23
video_202191,28
video_202193,31
video_202215,1
video_202223,30
video_20225,19
video_20227,3
video_202311,12
video_202387,31
video_202393,22
video_202452,14
video_2025,31
video_202515,5
video_202534,31
video_202577,30
video_202578,31
video_202593,9
video_202635,23
video_202639,31
video_202648,5
video_202666,3
video_202700,31
video_202706,30
video_202710,2
video_202739,32
video_20274,28
video_202745,23
video_202798,31
video_202894,31
video_202922,7
video_202932,14
video_202937,29
video_20297,9
video_202971,5
video_202976,9
video_20301,2
video_203022,9
video_20303,31
video_203069,3
video_203155,9
video_203178,23
video_203241,31
video_203245,10
video_203261,7
video_203264,20
video_203321,18
video_203329,3
video_203365,1
video_203386,9
video_203388,19
video_203390,9
video_203443,20
video_203446,29
video_203458,14
video_203480,12
video_203484,22
video_203486,19
video_203494,20
video_203515,1
video_203526,22
video_203557,1
video_203572,8
video_203606,10
video_203607,3
video_203674,7
video_203675,9
video_20369,8
video_203738,8
video_203812,9
video_203831,8
video_203876,30
video_203889,5
video_20392,4
video_203962,30
video_203964,8
video_203984,9
video_203987,5
video_203998,19
video_204002,22
video_204004,8
video_204020,7
video_204066,18
video_204077,31
video_204078,28
video_204091,30
video_204102,25
video_204117,31
video_204179,7
video_204195,18
video_204252,30
video_204283,23
video_204320,23
video_204363,22
video_204460,1
video_204461,31
video_204467,30
video_204510,8
video_20453,31
video_204538,18
video_20465,7
video_204653,22
video_204688,3
video_204699,18
video_204730,14
video_204745,5
video_204834,14
video_204903,1
video_204930,14
video_204975,14
video_204989,5
video_205019,5
video_205043,8
video_205052,8
video_205055,8
video_205080,3
video_205153,19
video_205157,31
video_205176,8
video_205224,31
video_205322,19
video_20541,30
video_205431,5
video_205536,23
video_205549,28
video_205579,30
video_205599,30
video_205628,31
video_205647,30
video_20566,9
video_205675,31
video_205699,5
video_205709,6
video_205711,32
video_205712,7
video_205755,8
video_205772,22
video_205808,23
video_205823,8
video_205836,3
video_205845,28
video_205879,22
video_205895,30
video_205907,18
video_205925,18
video_205929,19
video_205947,14
video_206018,3
video_206032,9
video_206087,7
video_20614,1
video_206140,9
video_206173,31
video_206196,9
video_20624,30
video_20625,5
video_206271,31
video_206277,29
video_206278,23
video_206301,23
video_20634,31
video_206352,30
video_206363,30
video_206386,30
video_206431,7
video_206458,25
video_206461,31
video_206464,28
video_206472,6
video_206543,31
video_206547,8
video_206712,7
video_206718,19
video_206777,8
video_206778,5
video_206802,9
video_206901,23
video_206908,31
video_206959,21
video_206976,30
video_2070,23
video_207006,21
video_207057,20
video_207091,31
video_207092,31
video_207203,12
video_207218,22
video_207219,30
video_207253,23
video_207293,14
video_207294,9
video_207324,29
video_20734,22
video_207371,7
video_207381,1
video_207415,20
video_207434,31
video_207463,9
video_207485,31
video_207538,8
video_207562,23
video_207631,7
video_207675,20
video_2077,30
video_207711,5
video_207743,10
video_207758,14
video_207764,5
video_207787,8
video_207788,31
video_20779,30
video_207878,30
video_207957,23
video_207958,31
video_207964,20
video_207965,29
video_207978,21
video_208,31
video_208008,4
video_20804,5
video_208053,3
video_208082,8
video_208089,1
video_208120,1
video_208140,30
video_208153,7
video_208159,1
video_208161,28
video_208164,1
video_208170,8
video_208183,20
video_208187,8
video_208239,1
video_208241,23
video_208293,1
video_208317,29
video_208319,4
video_208358,31
video_208378,22
video_208477,30
video_208480,29
video_208489,12
video_208498,9
video_208549,20
video_208583,7
video_208593,31
video_208624,20
video_208704,30
video_208756,9
video_20883,2
video_208849,14
video_208906,7
video_208986,30
video_209119,12
video_209135,30
video_209181,7
video_209211,1
video_209242,12
video_209303,7
video_209318,28
video_209333,7
video_209340,8
video_20935,8
video_209377,23
video_209390,1
video_209391,22
video_209456,30
video_209489,19
video_209527,29
video_209570,22
video_209591,8
video_209638,22
video_20966,28
video_209685,8
video_209707,20
video_209747,4
video_209793,30
video_209803,22
video_209815,14
video_209816,8
video_209822,14
video_209850,8
video_209881,12
video_209922,9
video_209927,18
video_20996,10
video_209991,7
video_210006,5
video_210015,5
video_210016,24
video_210027,9
video_210034,3
video_210086,20
video_21010,15
video_210102,5
video_210112,18
video_210148,9
video_210170,31
video_210197,22
video_210363,22
video_210377,22
video_210379,18
video_21039,31
video_210416,7
video_210420,31
video_210475,9
video_21048,29
video_210532,30
video_210540,8
video_210547,1
video_210571,18
video_21060,31
video_210622,12
video_210685,0
video_210708,9
video_210717,21
video_210792,6
video_210813,31
video_210820,0
video_210893,22
video_21092,7
video_210936,5
video_211021,19
video_211026,31
video_21103,9
video_211063,7
video_21109,22
video_211105,12
video_211147,14
video_211174,12
video_211177,22
video_211192,14
video_211214,3
video_211302,8
video_211327,5
video_211332,29
video_211388,9
video_211395,12
video_211405,30
video_211422,18
video_211576,18
video_211594,22
video_211733,16
video_211746,9
video_21188,8
video_21189,5
video_2119,19
video_211907,22
video_21196,1
video_211976,7
video_211988,1
video_212045,14
video_212077,9
video_212087,1
video_212093,22
video_212103,21
video_212108,5
video_212159,6
video_212193,3
video_212255,9
video_21227,12
video_212285,9
video_212298,22
video_212339,5
video_212385,3
video_212397,12
video_212402,5
video_21242,30
video_212433,30
video_212435,14
video_212439,8
video_212513,22
video_212641,2
video_212663,14
video_212675,18
video_212772,24
video_212849,23
video_212875,1
video_212886,8
video_212933,9
video_212962,9
video_212968,14
video_213015,10
video_213016,21
video_213054,19
video_213186,12
video_213223,12
video_21323,22
video_213248,9
video_213282,19
video_213285,12
video_213287,6
video_213303,30
video_213374,7
video_213375,23
video_213419,3
video_213445,22
video_213482,18
video_213489,9
video_213492,12
video_213494,29
video_213507,1
video_21352,3
video_213540,31
video_21356,31
video_213570,14
video_213596,1
video_213654,6
video_213706,18
video_213736,31
video_213769,8
video_213771,8
video_213789,3
video_213818,9
video_213820,20
video_213849,5
video_213852,8
video_213979,23
video_214057,28
video_214075,31
video_214079,1
video_214096,22
video_21410,1
video_21413,20
video_214143,3
video_214156,22
video_214259,20
video_214282,9
video_214298,9
video_21430,31
video_214326,6
video_21441,30
video_214474,31
video_214499,23
video_214514,18
video_214542,7
video_214547,29
video_21455,5
video_214560,6
video_214591,9
video_214627,6
video_214645,22
video_214665,23
video_214672,14
video_214683,31
video_214713,31
video_214758,5
video_214780,31
video_214812,31
video_214868,30
video_214908,5
video_21498,10
video_214986,23
video_215001,9
video_215013,5
video_215031,1
video_215037,12
video_215038,25
video_215040,1
video_215043,30
video_215073,30
video_215084,30
video_215130,31
video_21516,10
video_215175,18
video_215201,14
video_21521,5
video_215260,3
video_215267,31
video_21533,7
video_215372,10
video_215415,9
video_215420,22
video_215423,30
video_215443,30
video_215455,3
video_215483,6
video_215510,32
video_21554,30
video_215544,9
video_215567,8
video_215617,22
video_215620,4
video_21567,23
video_21577,28
video_215802,19
video_21582,2
video_215846,9
video_215877,12
video_215908,5
video_215933,23
video_215940,9
video_215982,20
video_216011,29
video_216029,18
video_216056,12
video_216061,5
video_216080,30
video_216083,7
video_216084,8
video_216228,7
video_21628,8
video_21634,29
video_216371,1
video_216490,1
video_216495,12
video_216502,30
video_216522,30
video_216581,12
video_216644,12
video_216695,12
video_216702,7
video_21671,30
video_216710,6
video_216721,23
video_216766,23
video_216805,21
video_216812,1
video_216824,31
video_216892,30
video_216916,19
video_216919,21
video_216944,31
video_216955,8
video_216957,5
video_216976,23
video_217007,1
video_217008,19
video_217010,14
video_217032,7
video_217046,3
video_21710,2
video_217101,30
video_217113,12
video_217148,23
video_217169,28
video_217175,5
video_217206,12
video_217318,1
video_217319,18
video_217323,20
video_217375,20
video_217407,23
video_217474,5
video_217532,28
video_217538,22
video_217561,12
video_217599,28
video_217654,22
video_217658,12
video_217708,24
video_217767,7
video_217773,31
video_2178,9
video_217881,10
video_217882,31
video_217884,1
video_217951,3
video_217962,2
video_218024,22
video_218160,18
video_218176,7
video_218241,9
video_21825,10
video_218279,14
video_218297,14
video_218322,6
video_218351,29
video_21836,23
video_21842,1
video_21846,9
video_218488,6
video_218519,14
video_218540,32
video_218545,22
video_218546,7
video_218600,1
video_218653,14
video_218688,4
video_218724,28
video_218734,12
video_218754,17
video_218786,23
video_218840,18
video_218855,23
video_218933,14
video_218975,29
video_218982,31
video_2190,32
video_219025,30
video_219040,14
video_219041,22
video_219061,22
video_219082,6
video_219098,9
video_219142,22
video_219143,12
video_219246,12
video_219265,7
video_219273,31
video_21929,20
video_219417,8
video_219469,12
video_219472,29
video_219496,5
video_219582,12
video_219624,7
video_219632,31
video_219686,5
video_219702,8
video_219707,12
video_219723,10
video_21980,8
video_219809,8
video_219826,9
video_219855,6
video_219862,22
video_219879,30
video_219885,12
video_219903,22
video_219945,29
video_219987,8
video_219988,22
video_22000,22
video_220002,4
video_220017,5
video_220066,28
video_220141,32
video_220180,12
video_220211,23
video_220221,31
video_220283,31
video_220348,5
video_220370,31
video_220477,31
video_220508,1
video_220549,14
video_220586,12
video_220623,30
video_22068,31
video_22069,9
video_220696,9
video_220746,9
video_220747,5
video_220770,7
video_220812,7
video_220846,14
video_22096,31
video_22120,1
video_22142,5
video_22153,18
video_22247,12
video_22248,24
video_22289,19
video_22322,9
video_22328,19
video_2238,9
video_22403,18
video_22441,1
video_22442,17
video_22445,7
video_22507,30
video_22547,7
video_22605,3
video_22626,23
video_22640,8
video_22716,23
video_22718,5
video_22749,31
video_2275,31
video_22760,9
video_22766,31
video_22770,30
video_22866,9
video_22891,10
video_22907,28
video_22945,23
video_23006,14
video_23028,14
video_23049,22
video_23056,9
video_23060,17
video_23203,1
video_23236,5
video_23237,23
video_23251,31
video_23288,30
video_23321,23
video_23405,7
video_23418,18
video_23419,14
video_23456,5
video_23467,30
video_23489,31
video_23502,10
video_23555,30
video_23557,31
video_23627,30
video_23631,23
video_23693,31
video_23725,20
video_23779,30
video_23790,14
video_23815,12
video_23824,30
video_23902,31
video_23939,2
video_23962,12
video_23964,9
video_24092,1
video_24101,1
video_24161,9
video_24214,7
video_24225,8
video_24251,18
video_24351,5
video_2439,31
video_24390,9
video_24439,9
video_24453,5
video_24510,18
video_24538,20
video_24540,4
video_24570,2
video_24607,31
video_2464,30
video_24690,31
video_24694,2
video_24713,19
video_24722,22
video_24757,23
video_24771,7
video_24810,19
video_2484,9
video_24841,7
video_24869,31
video_24901,18
video_24916,8
video_24936,31
video_2495,21
video_24953,1
video_24956,31
video_25016,31
video_25030,21
video_25054,5
video_25056,12
video_25154,30
video_2518,1
video_25263,1
video_25325,31
video_25362,31
video_25369,9
video_25390,30
video_25391,12
video_25417,6
video_25459,7
video_25460,9
video_25553,30
video_2557,31
video_25698,23
video_257,1
video_25749,9
video_25766,31
video_25767,23
video_25778,6
video_25780,2
video_25826,31
video_25856,8
video_25862,31
video_25930,18
video_25934,4
video_25936,18
video_2596,31
video_26015,1
video_26059,2
video_26069,31
video_2607,9
video_26070,12
video_26074,9
video_26100,10
video_26143,2
video_26153,29
video_26168,9
video_26194,30
video_26197,16
video_26219,14
video_26318,22
video_26363,31
video_26388,5
video_26452,22
video_2647,2
video_2651,22
video_26515,23
video_26523,31
video_26540,30
video_26566,29
video_26613,9
video_26662,31
video_26666,14
video_26686,23
video_2672,22
video_26798,18
video_26840,14
video_26882,9
video_26930,22
video_26964,31
video_2703,18
video_27075,7
video_27090,12
video_27159,20
video_2716,31
video_27182,9
video_27200,12
video_27227,31
video_27250,30
video_27261,9
video_27271,5
video_27276,1
video_27288,0
video_27289,22
video_27328,28
video_27338,9
video_27378,20
video_27385,23
video_27406,19
video_27408,3
video_27435,23
video_27443,23
video_27468,8
video_27498,5
video_2762,12
video_27671,5
video_27676,9
video_27686,23
video_27694,29
video_27696,14
video_27717,31
video_27743,30
video_27751,20
video_27764,29
video_27782,2
video_27805,1
video_27866,3
video_27871,10
video_27885,9
video_27888,30
video_27915,29
video_27931,28
video_27934,31
video_27956,1
video_27983,31
video_28001,30
video_28023,7
video_28117,31
video_28150,22
video_28171,0
video_28242,8
video_28273,9
video_28286,2
video_28291,31
video_2832,22
video_28323,29
video_28355,22
video_28367,2
video_28412,30
video_28441,18
video_28454,1
video_28506,13
video_28511,9
video_28625,28
video_28632,23
video_28637,30
video_2865,2
video_28662,21
video_28677,0
video_28680,19
video_28692,24
video_28695,29
video_28696,6
video_28726,30
video_28737,31
video_28780,7
video_28784,5
video_2881,23
video_28833,0
video_28837,29
video_28945,21
video_28950,18
video_29010,23
video_29032,31
video_29035,14
video_2905,2
video_29058,22
video_29090,21
video_29147,14
video_29158,30
video_29168,22
video_29203,14
video_29207,30
video_29248,21
video_29271,9
video_2928,22
video_29286,23
video_29388,1
video_29436,1
video_2964,31
video_29669,8
video_29685,23
video_29688,9
video_29706,9
video_29723,3
video_2973,17
video_29733,30
video_2976,18
video_29772,9
video_29786,9
video_29817,5
video_29844,7
video_29868,1
video_29877,9
video_29880,8
video_29901,9
video_29935,31
video_29940,12
video_29946,23
video_29965,0
video_30043,29
video_30044,8
video_30076,22
video_30088,7
video_30093,21
video_30101,12
video_30139,31
video_30142,14
video_30158,31
video_30164,30
video_30184,7
video_3019,31
video_30204,29
video_30232,9
video_30255,30
video_30326,4
video_30338,23
video_30342,9
video_30343,29
video_30374,12
video_30408,23
video_30425,23
video_30466,1
video_30523,10
video_30527,31
video_30528,31
video_30541,19
video_30551,29
video_30598,12
video_30643,22
video_30679,12
video_3068,29
video_3069,31
video_30732,31
video_30857,14
video_30863,1
video_30864,22
video_30865,18
video_30870,9
video_30879,18
video_30888,19
video_30924,8
video_30958,23
video_30980,31
video_30982,22
video_30996,23
video_31046,23
video_31096,22
video_31102,31
video_3117,22
video_31217,29
video_31240,22
video_31253,2
video_31283,17
video_31334,22
video_31336,9
video_31396,28
video_31446,7
video_31465,9
video_31466,8
video_31490,0
video_31505,12
video_31507,18
video_31549,30
video_31564,22
video_31611,1
video_31670,12
video_31675,7
video_31699,1
video_31743,5
video_31802,23
video_31876,5
video_31881,30
video_3189,1
video_31925,9
video_31975,28
video_32007,20
video_32150,5
video_32177,9
video_3222,23
video_32238,12
video_32255,22
video_32276,20
video_32285,22
video_32322,28
video_32393,31
video_32411,29
video_32440,8
video_32462,30
video_32473,29
video_32485,20
video_32495,18
video_32530,7
video_32535,12
video_32669,31
video_3273,7
video_32748,8
video_32798,2
video_3288,9
video_32905,30
video_32935,12
video_32936,14
video_32997,29
video_32999,19
video_33027,8
video_33077,28
video_33125,12
video_33165,1
video_33179,18
video_33214,32
video_3325,31
video_33268,14
video_33275,1
video_33318,3
video_33336,4
video_33376,30
video_33403,30
video_33410,22
video_3342,29
video_33424,9
video_33428,30
video_33460,4
video_33510,8
video_33524,28
video_33589,19
video_33596,8
video_33673,10
video_33716,2
video_33840,20
video_33850,5
video_33874,28
video_33907,4
video_3391,6
video_33912,14
video_33920,4
video_33947,9
video_33970,29
video_33979,32
video_34021,4
video_34025,4
video_3410,30
video_34115,9
video_34160,20
video_34167,24
video_34226,1
video_34227,30
video_34237,30
video_34239,10
video_34259,22
video_34321,8
video_3434,23
video_34353,31
video_34390,10
video_34397,7
video_34407,22
video_34474,8
video_34476,9
video_34513,12
video_34519,8
video_34588,14
video_3459,5
video_34591,5
video_34595,22
video_34644,14
video_34696,9
video_34711,18
video_34721,23
video_34723,9
video_3473,31
video_34734,18
video_34823,30
video_34834,8
video_34883,23
video_34964,28
video_34981,14
video_34991,3
video_35000,2
video_35045,1
video_35082,9
video_35141,24
video_35166,30
video_35182,9
video_3519,12
video_35195,7
video_35275,23
video_35358,4
video_35361,31
video_35447,19
video_35452,25
video_35460,19
video_35461,23
video_35495,29
video_355,30
video_35524,31
video_35546,30
video_35590,5
video_35647,5
video_35658,10
video_35705,29
video_35753,1
video_35854,1
video_35918,9
video_35928,23
video_35932,19
video_35942,9
video_35969,22
video_35972,12
video_35973,30
video_35984,30
video_36050,7
video_36115,28
video_36171,22
video_36313,31
video_3639,6
video_36447,1
video_36463,9
video_36472,19
video_36489,1
video_36531,28
video_36624,2
video_36638,7
video_36666,8
video_36707,28
video_36740,1
video_36756,9
video_36757,5
video_36780,7
video_36811,5
video_36817,23
video_36821,9
video_36853,12
video_36884,23
video_36902,10
video_36959,30
video_36969,3
video_37034,18
video_37041,7
video_37298,23
video_37310,32
video_37343,18
video_37384,20
video_37409,18
video_37482,23
video_3753,9
video_37547,17
video_3756,30
video_37600,31
video_37614,4
video_37628,24
video_37671,9
video_37695,31
video_37699,12
video_37711,28
video_37758,8
video_37760,31
video_37840,8
video_37852,9
video_37866,9
video_37874,20
video_37877,1
video_37961,19
video_3798,5
video_37993,1
video_37999,31
video_38067,4
video_38077,7
video_38078,8
video_38107,8
video_38126,14
video_38129,3
video_38132,5
video_38227,9
video_3824,1
video_38268,12
video_38294,28
video_38319,19
video_38320,31
video_38330,7
video_38334,28
video_38354,12
video_38360,31
video_3841,12
video_38468,12
video_38478,3
video_38480,29
video_38492,1
video_38536,4
video_38544,30
video_38582,9
video_38618,31
video_3864,31
video_38647,8
video_38652,19
video_38663,1
video_38670,1
video_38706,20
video_38739,29
video_38773,12
video_38790,8
video_38809,30
video_38812,7
video_38818,7
video_38858,31
video_38938,28
video_39058,2
video_39059,21
video_39069,5
video_39072,9
video_39114,31
video_39115,20
video_39116,6
video_39121,20
video_39149,31
video_39188,2
video_39226,30
video_39253,14
video_3926,22
video_39272,30
video_39279,9
video_39304,23
video_39340,12
video_39341,22
video_39373,10
video_39419,23
video_39428,1
video_39442,20
video_39545,23
video_3956,7
video_39571,4
video_39582,28
video_39609,1
video_39633,28
video_39649,3
video_39677,2
video_3975,12
video_3980,12
video_3981,20
video_39821,29
video_39953,9
video_400,7
video_4000,5
video_40017,31
video_40060,8
video_401,1
video_40100,30
video_40160,32
video_40188,28
video_4022,7
video_40248,21
video_40289,8
video_40300,25
video_40325,4
video_40362,8
video_40364,12
video_40429,18
video_40436,9
video_40490,1
video_40497,18
video_40508,29
video_40546,30
video_40552,7
video_40572,31
video_40687,9
video_40692,29
video_407,0
video_40762,22
video_40763,12
video_40765,18
video_40829,23
video_4085,29
video_40866,23
video_40892,12
video_40900,20
video_40943,18
video_40975,22
video_40988,9
video_41018,18
video_41092,5
video_41122,8
video_41146,7
video_41152,12
video_41164,32
video_41249,12
video_41251,23
video_41258,23
video_4127,29
video_41281,5
video_41283,5
video_41317,31
video_41451,30
video_41461,19
video_4148,1
video_41484,4
video_4149,32
video_41525,22
video_41532,6
video_41533,12
video_41562,18
video_4157,9
video_41589,18
video_41606,30
video_41751,31
video_41763,22
video_41770,5
video_41808,12
video_41905,8
video_41976,23
video_4200,31
video_42023,30
video_42099,12
video_42177,12
video_42221,20
video_42261,6
video_42270,9
video_42288,25
video_4229,30
video_42307,23
video_42364,32
video_42386,17
video_42460,5
video_42476,23
video_42525,31
video_42622,19
video_42646,17
video_42703,31
video_42711,14
video_42719,30
video_42724,12
video_42726,4
video_42757,10
video_42779,17
video_43,19
video_43003,29
video_43028,23
video_43029,12
video_43030,20
video_4304,12
video_4306,19
video_4307,8
video_43114,31
video_4315,8
video_43242,25
video_43244,2
video_43250,12
video_43339,23
video_43388,6
video_43394,18
video_43399,28
video_43402,8
video_43427,8
video_43452,21
video_43457,28
video_43485,12
video_4350,9
video_43622,31
video_43649,22
video_43667,31
video_43670,30
video_43746,18
video_43753,30
video_43762,22
video_43789,12
video_438,6
video_43897,9
video_4390,9
video_43903,30
video_43921,30
video_43947,9
video_43974,23
video_43997,3
video_43998,12
video_44001,19
video_44011,23
video_44013,8
video_44030,23
video_44062,1
video_4408,14
video_44120,31
video_44124,14
video_44178,23
video_44216,5
video_44272,5
video_4428,22
video_44384,14
video_44406,29
video_44417,23
video_4449,18
video_44490,31
video_4450,7
video_44535,10
video_44541,32
video_44569,23
video_44584,29
video_44642,18
video_44646,0
video_44654,30
video_44678,9
video_44761,30
video_44764,30
video_44779,9
video_44783,30
video_44790,28
video_44791,7
video_44805,9
video_44874,7
video_4489,7
video_44920,8
video_44944,22
video_45003,2
video_45029,18
video_45071,31
video_45101,0
video_45117,1
video_45173,5
video_45218,10
video_45245,30
video_45271,20
video_45280,20
video_45289,9
video_45296,1
video_45359,31
video_45360,9
video_45380,18
video_45407,7
video_45439,20
video_45498,24
video_45555,30
video_45576,9
video_45591,19
video_45601,28
video_4568,29
video_45798,29
video_45804,5
video_45810,5
video_45831,23
video_45832,22
video_45875,2
video_4588,29
video_45881,31
video_45924,8
video_46019,14
video_46023,30
video_46024,30
video_46047,32
video_46070,30
video_46093,29
video_46133,31
video_46152,7
video_46198,22
video_4626,7
video_46286,23
video_46340,31
video_46347,28
video_46393,23
video_46495,7
video_46499,29
video_46502,23
video_46503,23
video_46565,10
video_46570,22
video_46615,31
video_46635,8
video_46652,12
video_46656,5
video_46664,29
video_4671,18
video_46758,14
video_46759,5
video_46773,3
video_46821,7
video_46857,31
video_4688,3
video_46896,23
video_46931,32
video_46956,8
video_46959,9
video_46981,12
video_47012,18
video_47020,1
video_47048,12
video_47053,4
video_47084,7
video_47103,7
video_47178,23
video_47201,31
video_47202,6
video_47213,8
video_47228,16
video_47231,31
video_47250,22
video_47275,30
video_47287,1
video_47334,14
video_4735,5
video_47418,31
video_47448,31
video_47449,1
video_47516,9
video_47525,18
video_47543,0
video_47591,31
video_47617,7
video_47705,30
video_47719,5
video_47745,31
video_47790,18
video_47807,31
video_47874,30
video_47876,5
video_47933,18
video_47948,31
video_47967,2
video_47968,3
video_47970,5
video_47974,31
video_48000,22
video_48043,29
video_48054,7
video_48079,12
video_48116,13
video_48124,18
video_48139,23
video_48174,2
video_48232,7
video_48245,8
video_48247,22
video_48260,2
video_48285,5
video_48287,1
video_48330,7
video_48338,29
video_48365,22
video_48374,9
video_4842,21
video_48447,8
video_48463,5
video_48471,18
video_48496,19
video_48529,22
video_48543,28
video_48546,31
video_48557,7
video_48571,30
video_48576,31
video_48616,5
video_48683,12
video_48719,3
video_48729,9
video_4873,29
video_48804,7
video_48834,4
video_48925,28
video_49011,9
video_4905,29
video_49067,7
video_4915,7
video_49218,16
video_4928,18
video_49296,29
video_49328,23
video_49361,21
video_4950,7
video_49512,30
video_49513,2
video_49531,31
video_49535,10
video_49575,28
video_49618,18
video_49621,22
video_49628,30
video_49685,28
video_49732,31
video_49736,5
video_498,31
video_4988,23
video_49928,2
video_50049,7
video_50057,4
video_50058,31
video_50060,23
video_50062,14
video_50101,3
video_5011,7
video_50119,5
video_50130,1
video_50145,17
video_50161,20
video_50176,31
video_50209,16
video_50248,19
video_50255,9
video_50287,19
video_50314,12
video_50357,9
video_50407,29
video_50442,6
video_5061,23
video_50611,1
video_50622,3
video_50684,31
video_50685,14
video_50687,5
video_50714,0
video_50761,23
video_50768,14
video_50778,22
video_50801,32
video_50809,2
video_50813,14
video_50819,30
video_50827,20
video_50861,31
video_50898,4
video_50948,31
video_50960,8
video_50979,28
video_51001,9
video_51006,23
video_51086,31
video_51154,22
video_51161,31
video_51182,1
video_51235,9
video_51293,1
video_51326,23
video_51341,30
video_51344,25
video_51377,6
video_51447,4
video_51471,18
video_51603,5
video_51612,14
video_51643,31
video_51665,19
video_51667,5
video_51680,29
video_51699,6
video_51735,10
video_51827,5
video_51840,31
video_5185,6
video_51878,12
video_51887,19
video_51894,1
video_51964,19
video_51980,14
video_51987,8
video_52006,19
video_52011,19
video_52012,31
video_52021,30
video_52030,14
video_52033,9
video_5204,18
video_52045,23
video_52110,1
video_52116,1
video_52123,18
video_52126,31
video_52177,9
video_52227,31
video_52282,30
video_52291,30
video_52389,9
video_52429,31
video_52434,23
video_52459,21
video_52471,1
video_52473,25
video_52476,19
video_52588,12
video_5274,10
video_5290,23
video_52959,18
video_52964,1
video_52988,5
video_53118,23
video_5312,31
video_53228,12
video_53265,3
video_5329,31
video_5332,30
video_53328,23
video_53383,8
video_53389,8
video_53400,9
video_53428,2
video_53439,29
video_53449,28
video_53450,22
video_53486,3
video_53513,30
video_53516,9
video_53517,32
video_53563,18
video_5359,28
video_53632,12
video_53669,9
video_53704,31
video_53732,12
video_53767,6
video_53831,12
video_5386,7
video_53876,1
video_53892,19
video_53894,32
video_53910,23
video_53914,14
video_53991,5
video_54035,28
video_54055,4
video_54151,21
video_5418,7
video_54197,29
video_54255,9
video_54317,16
video_54345,8
video_54369,22
video_54381,31
video_54395,1
video_54408,2
video_54411,1
video_54448,19
video_54498,14
video_54532,32
video_54760,4
video_54774,9
video_54902,12
video_54910,0
video_54927,14
video_54948,22
video_5496,31
video_550,1
video_55005,7
video_55021,31
video_5506,4
video_55215,25
video_55223,5
video_55237,12
video_55249,19
video_55277,9
video_55279,3
video_55298,23
video_55312,9
video_55324,8
video_55327,9
video_55344,2
video_55514,4
video_55517,28
video_55547,10
video_5557,8
video_55593,9
video_55630,7
video_55692,4
video_55746,1
video_55751,16
video_55772,9
video_55785,23
video_55816,9
video_55822,22
video_5583,8
video_55830,16
video_5584,1
video_55843,24
video_55845,10
video_55853,28
video_5586,30
video_55876,22
video_55887,2
video_55892,31
video_5592,4
video_56009,8
video_5601,18
video_56016,7
video_5607,16
video_56082,7
video_56096,5
video_56139,1
video_56153,31
video_56172,30
video_56174,12
video_56176,20
video_5619,3
video_56198,0
video_56209,7
video_56217,32
video_56218,9
video_56242,9
video_56246,16
video_56253,8
video_56338,24
video_56358,30
video_56365,1
video_56375,28
video_56377,5
video_56390,30
video_56416,30
video_56448,18
video_56450,22
video_56459,8
video_56460,23
video_56474,22
video_56556,6
video_56574,28
video_56600,1
video_56662,25
video_56665,18
video_56745,0
video_56746,14
video_56753,28
video_56756,12
video_5683,1
video_56878,9
video_56921,30
video_56998,9
video_57008,29
video_57058,18
video_57064,31
video_57101,12
video_57117,1
video_57166,5
video_57168,17
video_57171,31
video_57187,30
video_57253,9
video_57275,10
video_57308,22
video_5731,31
video_57349,12
video_57361,3
video_57376,8
video_57416,31
video_57422,30
video_57443,4
video_57538,18
video_57568,30
video_57584,5
video_57591,30
video_57616,31
video_57623,1
video_5763,8
video_57632,23
video_57648,5
video_5768,31
video_57700,9
video_57769,30
video_57789,29
video_57817,24
video_57839,7
video_5784,30
video_57893,12
video_57954,29
video_57968,22
video_57987,30
video_58087,7
video_5809,7
video_58103,5
video_58117,31
video_58153,4
video_58219,22
video_58318,19
video_58333,3
video_58334,31
video_58364,23
video_58421,5
video_58454,12
video_58516,5
video_58518,31
video_58529,31
video_58534,19
video_58670,5
video_58701,9
video_58719,1
video_58731,23
video_58743,9
video_58746,12
video_58798,32
video_58799,31
video_588,1
video_58882,18
video_58885,22
video_58998,9
video_59000,9
video_59016,18
video_59025,6
video_59032,8
video_59118,30
video_59119,18
video_59155,23
video_59157,3
video_5917,30
video_59178,30
video_59196,31
video_59228,21
video_59251,2
video_59265,31
video_59292,10
video_59314,23
video_59317,29
video_59346,31
video_59394,29
video_59402,5
video_59463,23
video_59496,2
video_59518,30
video_59519,22
video_59561,28
video_596,12
video_59604,18
video_59608,30
video_59609,1
video_59653,1
video_59677,9
video_59747,23
video_59877,1
video_59914,9
video_59928,12
video_59963,22
video_59980,9
video_59997,2
video_60054,12
video_60061,8
video_60080,18
video_60146,30
video_60161,31
video_60190,9
video_60211,23
video_6027,29
video_60319,20
video_60369,30
video_60390,18
video_604,1
video_60405,1
video_60427,12
video_60429,18
video_607,1
video_60773,31
video_60783,25
video_60840,12
video_60858,5
video_60876,1
video_60926,12
video_61026,1
video_61035,18
video_61048,5
video_61049,22
video_61066,30
video_61100,18
video_61120,31
video_61161,9
video_61197,18
video_61200,5
video_61209,5
video_61249,1
video_61280,23
video_61302,7
video_61332,5
video_61340,1
video_61350,1
video_61368,12
video_61376,12
video_61432,18
video_61555,21
video_61556,21
video_61571,31
video_6158,28
video_61581,23
video_61582,12
video_6160,24
video_61663,31
video_61689,29
video_61732,18
video_61793,28
video_61848,12
video_61872,5
video_61971,2
video_62014,12
video_62020,22
video_62034,10
video_6204,18
video_62040,9
video_62046,20
video_62139,8
video_62172,1
video_62342,30
video_6235,23
video_62363,14
video_62390,9
video_62400,31
video_62405,29
video_6250,9
video_62520,9
video_62574,20
video_62585,1
video_62635,3
video_62749,7
video_62847,28
video_62851,23
video_62876,2
video_6289,22
video_62917,10
video_62975,1
video_62988,5
video_62997,1
video_63028,1
video_63052,12
video_63066,0
video_63074,31
video_63075,30
video_63079,9
video_63144,31
video_63149,28
video_63169,10
video_6324,18
video_63329,32
video_63339,18
video_63505,6
video_63507,1
video_63511,9
video_63513,18
video_63574,18
video_63576,18
video_63583,10
video_63592,30
video_63601,4
video_63602,14
video_63603,9
video_63627,5
video_63649,31
video_63690,31
video_63701,18
video_6372,28
video_63727,4
video_63748,9
video_63768,30
video_63799,23
video_63835,12
video_63845,31
video_63856,12
video_63865,30
video_63868,29
video_63958,30
video_63968,25
video_63994,9
video_64000,31
video_64004,25
video_64010,1
video_64093,31
video_64183,5
video_64200,30
video_64242,23
video_64247,28
video_64275,4
video_64283,22
video_64318,31
video_64354,28
video_64364,30
video_64468,5
video_64536,8
video_64579,8
video_64653,23
video_64659,30
video_64670,19
video_64676,31
video_64698,2
video_64772,12
video_64782,2
video_64844,23
video_64866,12
video_6487,9
video_64891,30
video_64896,31
video_64936,30
video_64939,31
video_64946,31
video_64954,30
video_64984,7
video_65057,8
video_65079,29
video_65103,25
video_65136,6
video_65190,31
video_65236,1
video_65242,1
video_65243,19
video_65246,28
video_6528,5
video_65288,8
video_65305,4
video_65332,31
video_65353,32
video_65392,30
video_65427,4
video_65438,8
video_65447,22
video_65451,1
video_65452,14
video_65474,23
video_65528,31
video_6558,29
video_65587,31
video_656,29
video_65624,1
video_65686,12
video_65750,10
video_65773,7
video_65774,29
video_65782,30
video_65786,24
video_65791,8
video_65795,9
video_65840,8
video_65938,4
video_6595,21
video_66001,1
video_66023,7
video_66053,22
video_66075,31
video_66133,7
video_66148,17
video_6615,30
video_66151,5
video_66177,21
video_66210,22
video_66249,8
video_66265,1
video_66275,14
video_66330,3
video_66350,5
video_66375,5
video_66441,8
video_66483,7
video_66515,19
video_66537,22
video_66553,8
video_66567,12
video_66697,9
video_66709,1
video_66718,31
video_6672,18
video_66762,7
video_66805,30
video_66830,7
video_66862,12
video_66910,9
video_66933,6
video_66959,10
video_66980,23
video_66984,30
video_67027,22
video_67086,8
video_67105,7
video_67172,12
video_67204,9
video_67256,12
video_67258,28
video_6727,12
video_67290,29
video_67330,30
video_67364,31
video_67374,19
video_67383,31
video_67429,31
video_67473,8
video_67484,25
video_67497,23
video_675,1
video_67509,9
video_67518,8
video_67568,30
video_67614,31
video_67625,23
video_67686,22
video_67690,8
video_67701,23
video_67705,23
video_67713,12
video_67731,31
video_67765,22
video_67773,9
video_67803,0
video_6783,18
video_67857,22
video_6786,20
video_67861,8
video_67892,28
video_67998,32
video_68002,4
video_68018,1
video_68052,20
video_68055,29
video_68092,24
video_68104,8
video_6811,1
video_68113,14
video_68141,14
video_68190,22
video_68286,8
video_68320,23
video_68337,31
video_68347,31
video_6843,7
video_6850,23
video_68532,8
video_68535,5
video_6859,1
video_68590,22
video_68596,12
video_68603,23
video_68651,22
video_68675,30
video_68813,1
video_68875,12
video_68998,30
video_69014,5
video_69017,5
video_69030,9
video_69100,12
video_69124,19
video_69134,10
video_69200,7
video_69278,5
video_6931,1
video_69341,31
video_69343,7
video_69382,20
video_69447,7
video_69509,31
video_69511,12
video_69540,12
video_69549,6
video_69576,23
video_69585,30
video_69588,22
video_6963,1
video_69632,31
video_69640,22
video_69651,23
video_69658,25
video_69670,5
video_69684,21
video_69691,9
video_69724,31
video_69738,9
video_69764,6
video_69788,5
video_69842,6
video_69855,14
video_69922,30
video_70012,9
video_70035,3
video_70109,19
video_70113,22
video_70152,29
video_70182,1
video_70197,20
video_7022,1
video_70224,19
video_70237,4
video_70293,31
video_70295,12
video_70319,23
video_70322,28
video_7033,7
video_7035,8
video_70353,6
video_70399,7
video_704,22
video_70460,12
video_70490,19
video_70526,22
video_70605,32
video_70623,31
video_70640,1
video_70698,7
video_70705,22
video_7071,14
video_70715,3
video_70748,4
video_70866,14
video_70893,1
video_70895,12
video_70914,7
video_70933,31
video_70939,2
video_70958,7
video_7102,28
video_71056,12
video_71084,3
video_71123,28
video_7115,1
video_71197,1
video_71258,1
video_71276,7
video_71294,22
video_71310,10
video_71331,9
video_71349,1
video_71367,2
video_71401,7
video_71404,19
video_7141,22
video_71414,9
video_71459,23
video_71569,29
video_71628,8
video_71638,7
video_71663,17
video_71673,20
video_71825,32
video_71828,10
video_71866,12
video_71946,9
video_72000,9
video_72017,23
video_72039,5
video_72071,12
video_72090,7
video_72111,30
video_72133,9
video_72161,12
video_72191,30
video_7235,29
video_72405,28
video_72578,6
video_72591,31
video_72597,20
video_72621,23
video_72650,30
video_72683,18
video_72713,9
video_72732,18
video_72740,7
video_72752,22
video_72762,32
video_72771,31
video_72781,22
video_72881,10
video_72933,25
video_7294,8
video_72984,18
video_730,22
video_73004,10
video_73013,28
video_73015,18
video_73041,1
video_73050,3
video_73077,23
video_73079,30
video_73084,19
video_73162,8
video_73178,14
video_73203,23
video_73230,6
video_73251,28
video_73254,19
video_7328,21
video_73280,18
video_73304,9
video_73389,19
video_73400,30
video_73443,6
video_7346,31
video_73533,6
video_73562,31
video_7357,18
video_73614,12
video_73626,22
video_73645,31
video_73648,7
video_73659,0
video_73694,0
video_73704,29
video_73731,8
video_73748,9
video_73768,6
video_73772,8
video_73783,19
video_73910,19
video_73956,31
video_7397,5
video_7400,5
video_74011,7
video_74030,1
video_74040,29
video_74043,22
video_7409,5
video_74093,8
video_74159,32
video_74161,23
video_74174,23
video_74212,29
video_74215,31
video_74223,18
video_74244,23
video_74361,18
video_74368,31
video_74373,18
video_74410,31
video_74417,9
video_74490,3
video_74501,5
video_74502,22
video_74553,31
video_74597,7
video_74609,1
video_74622,24
video_74646,9
video_74677,23
video_7468,12
video_74693,23
video_74700,3
video_74722,9
video_74780,5
video_74781,7
video_74784,10
video_74806,22
video_74867,31
video_74903,22
video_74958,6
video_74974,1
video_75041,20
video_75059,5
video_75070,6
video_7511,29
video_75128,30
video_75133,8
video_75144,9
video_75182,23
video_75222,22
video_7524,9
video_75286,18
video_75300,31
video_75329,31
video_75363,25
video_75365,31
video_75406,3
video_75427,30
video_75448,23
video_75507,7
video_75534,30
video_75616,12
video_75694,31
video_75711,20
video_75726,14
video_75729,28
video_75765,10
video_75799,8
video_75813,22
video_75853,28
video_75862,1
video_75956,30
video_75968,28
video_76001,14
video_76018,10
video_76052,12
video_76067,1
video_76085,29
video_76092,30
video_76205,6
video_76236,7
video_76248,7
video_76251,8
video_76279,9
video_76348,28
video_76350,31
video_7641,5
video_76481,23
video_76486,9
video_76539,3
video_7656,31
video_76586,14
video_7666,6
video_76674,12
video_76717,1
video_76778,8
video_76783,31
video_76826,1
video_7684,9
video_76898,7
video_76909,31
video_76927,31
video_76947,8
video_76958,1
video_76960,31
video_76997,9
video_77034,31
video_77040,29
video_77102,0
video_77156,18
video_77160,18
video_77189,5
video_77232,28
video_77251,3
video_7735,23
video_77352,10
video_77372,21
video_77385,22
video_774,9
video_77411,12
video_77423,1
video_77430,1
video_77448,31
video_7745,1
video_77464,32
video_77498,5
video_77504,1
video_77540,18
video_77613,12
video_77645,32
video_77658,19
video_77663,12
video_7768,30
video_77747,1
video_77776,20
video_77830,7
video_77836,30
video_77837,21
video_77838,31
video_77845,31
video_77910,1
video_77920,30
video_77952,1
video_77969,9
video_77985,30
video_77996,31
video_78005,12
video_78016,17
video_78033,19
video_78079,7
video_78130,31
video_78163,6
video_78182,9
video_78186,30
video_78210,7
video_78228,6
video_78349,29
video_78366,31
video_78411,9
video_78412,8
video_78440,7
video_78442,10
video_78514,9
video_78525,14
video_78547,29
video_78562,18
video_78653,0
video_78668,30
video_78686,18
video_78702,22
video_78703,8
video_78715,19
video_78785,9
video_78824,29
video_78832,14
video_78860,4
video_78920,1
video_78923,30
video_78924,23
video_78962,22
video_78965,2
video_78972,14
video_78976,21
video_79009,29
video_79046,1
video_79081,6
video_79095,9
video_79142,12
video_79176,5
video_79183,12
video_79238,32
video_79245,8
video_79278,22
video_7930,1
video_79326,30
video_79346,18
video_79348,18
video_79359,5
video_79360,28
video_79367,7
video_79391,31
video_79394,14
video_79409,8
video_79450,31
video_79461,9
video_79475,23
video_7948,8
video_79494,18
video_79527,31
video_79568,22
video_79573,10
video_79580,30
video_79622,12
video_79657,9
video_79691,1
video_79722,6
video_79727,29
video_79745,7
video_79756,30
video_79772,23
video_79853,28
video_79881,17
video_79929,21
video_7995,31
video_80017,4
video_80018,12
video_80056,8
video_80137,16
video_80164,30
video_80192,20
video_80314,14
video_80355,8
video_80381,18
video_80467,6
video_80493,5
video_80499,30
video_80516,28
video_80541,23
video_80546,31
video_80616,9
video_80682,14
video_80719,16
video_80809,30
video_8081,18
video_80827,19
video_80830,9
video_80832,22
video_80887,31
video_80903,8
video_80914,8
video_8093,5
video_80942,22
video_80949,16
video_81015,12
video_81077,1
video_81125,1
video_81174,9
video_81178,8
video_81197,22
video_8125,9
video_81288,5
video_81302,31
video_81331,1
video_81344,31
video_81349,5
video_81362,18
video_81364,10
video_81451,7
video_81458,18
video_81491,1
video_8150,29
video_81504,5
video_81535,21
video_81557,30
video_81560,30
video_81581,30
video_81663,20
video_81768,1
video_81770,8
video_81779,1
video_81808,22
video_81831,12
video_81903,23
video_81917,9
video_81936,30
video_81963,8
video_81995,1
video_81997,20
video_82044,29
video_82084,23
video_82127,2
video_82232,1
video_82233,28
video_82254,5
video_82258,20
video_8226,22
video_82315,5
video_8241,0
video_8243,20
video_82462,8
video_82473,8
video_82490,12
video_82495,30
video_82565,6
video_82569,2
video_82600,8
video_82629,9
video_82716,9
video_82728,1
video_82730,30
video_82731,32
video_82759,31
video_82832,18
video_82857,8
video_82925,22
video_82932,31
video_83062,22
video_8311,0
video_83148,18
video_83173,12
video_83231,12
video_83326,1
video_83328,9
video_83337,29
video_83357,22
video_83408,28
video_83497,19
video_83534,31
video_83575,22
video_83596,30
video_83631,31
video_83643,9
video_83647,14
video_8365,1
video_83670,23
video_83672,6
video_83721,10
video_8373,28
video_83738,30
video_83771,12
video_83782,12
video_83808,20
video_83849,14
video_83889,14
video_83927,1
video_8396,31
video_84010,12
video_84022,5
video_84033,8
video_84084,1
video_84096,29
video_84183,1
video_84193,22
video_8423,30
video_84319,9
video_84411,24
video_84470,10
video_84525,14
video_84566,23
video_84583,31
video_8459,25
video_84591,19
video_84624,12
video_84630,0
video_84648,29
video_84798,0
video_84850,9
video_84852,31
video_84922,1
video_85126,1
video_85183,9
video_85228,3
video_85271,7
video_85272,14
video_85278,23
video_85325,1
video_85343,14
video_85383,31
video_85439,28
video_85449,4
video_85471,22
video_85550,29
video_85552,23
video_85566,22
video_85613,19
video_85627,8
video_85633,10
video_85666,12
video_8567,31
video_85672,10
video_85714,0
video_8573,31
video_85737,3
video_8574,30
video_85751,8
video_85824,31
video_85849,22
video_85850,5
video_85904,23
video_85933,23
video_85987,8
video_86020,30
video_86023,22
video_86034,21
video_86077,4
video_86123,19
video_86151,30
video_86160,1
video_86176,31
video_86254,2
video_86262,28
video_86349,22
video_86386,30
video_8639,5
video_86441,31
video_86478,23
video_86482,9
video_86517,19
video_86552,19
video_866,30
video_86606,9
video_86682,2
video_86712,23
video_86786,31
video_86853,31
video_86865,1
video_86918,32
video_86950,23
video_86973,4
video_86985,31
video_87007,31
video_87046,8
video_87086,12
video_87103,29
video_87113,14
video_87176,31
video_87184,12
video_87277,9
video_87346,19
video_87371,23
video_87391,4
video_87400,1
video_87417,31
video_87431,28
video_87439,2
video_87511,1
video_87573,4
video_87597,28
video_87611,31
video_87614,14
video_87649,9
video_8766,6
video_87667,23
video_87703,20
video_87736,18
video_87780,7
video_87794,30
video_8788,3
video_87908,23
video_87940,29
video_87950,21
video_88016,19
video_8804,28
video_88104,30
video_88136,12
video_88168,30
video_8817,18
video_88176,8
video_88184,30
video_88216,23
video_88224,9
video_88236,29
video_88248,30
video_88391,12
video_88408,29
video_88425,30
video_88455,29
video_88558,9
video_88629,12
video_88674,31
video_88696,18
video_88725,12
video_88727,18
video_88751,21
video_88824,12
video_88831,8
video_88932,28
video_88966,21
video_89029,18
video_89041,1
video_89042,22
video_8907,22
video_89125,31
video_8917,24
video_89186,2
video_89219,31
video_89326,1
video_89345,18
video_89413,22
video_89418,30
video_89441,30
video_89472,3
video_89484,28
video_89516,2
video_89518,19
video_89644,7
video_89664,20
video_89795,23
video_89869,31
video_89885,2
video_89910,22
video_8993,9
video_89941,0
video_89946,29
video_90017,7
video_90020,24
video_9004,28
video_90060,30
video_90072,30
video_90100,5
video_90108,5
video_90176,28
video_90185,22
video_90193,3
video_90245,23
video_90295,22
video_90314,18
video_90343,29
video_90354,30
video_90363,19
video_90389,14
video_90390,12
video_90469,2
video_90499,7
video_90515,21
video_90546,7
video_90606,12
video_9066,8
video_90700,28
video_90716,4
video_90731,14
video_90732,2
video_90750,12
video_90760,32
video_90842,19
video_9089,19
video_90923,9
video_90934,31
video_90950,22
video_91027,5
video_91065,31
video_9112,31
video_91121,30
video_91143,30
video_91167,19
video_91243,1
video_91260,12
video_9146,9
video_91487,19
video_9149,15
video_91493,22
video_91501,12
video_91502,28
video_91525,6
video_91550,0
video_91593,12
video_91598,31
video_91620,1
video_91635,18
video_9164,23
video_91651,30
video_91666,31
video_91679,9
video_91686,23
video_91740,31
video_91813,9
video_91845,28
video_9192,28
video_91925,16
video_91928,8
video_91979,29
video_91982,8
video_92015,29
video_92016,31
video_9204,7
video_92054,5
video_92083,7
video_92084,5
video_92106,23
video_92111,29
video_92138,6
video_92170,9
video_92205,31
video_92218,3
video_9224,10
video_923,31
video_92309,20
video_92323,22
video_92332,12
video_92425,31
video_92445,12
video_92513,20
video_92563,8
video_92564,16
video_92582,6
video_92599,6
video_92761,31
video_92766,31
video_92784,12
video_92815,31
video_92876,7
video_92917,5
video_92954,5
video_93016,1
video_93065,9
video_93106,18
video_93120,8
video_93136,9
video_93148,9
video_93150,9
video_93173,29
video_9324,32
video_93240,3
video_93289,32
video_93336,5
video_93468,29
video_93477,7
video_93479,9
video_93480,9
video_93488,23
video_93516,8
video_93578,23
video_93703,5
video_93729,22
video_93778,5
video_93791,9
video_93841,18
video_93855,5
video_93887,18
video_93928,12
video_93954,12
video_93968,5
video_94012,7
video_94080,8
video_94084,31
video_94086,19
video_94091,8
video_94094,23
video_94130,31
video_94163,1
video_94164,8
video_9420,29
video_94219,6
video_94266,30
video_94270,25
video_943,18
video_94308,3
video_94321,9
video_94379,28
video_9438,22
video_94414,9
video_94440,30
video_94450,9
video_94476,9
video_94489,23
video_94510,31
video_94536,23
video_94564,12
video_9457,9
video_94584,23
video_94593,2
video_94619,9
video_94631,4
video_94680,22
video_94697,1
video_94768,31
video_94772,19
video_94782,30
video_9486,14
video_94864,7
video_94913,31
video_94952,9
video_94973,30
video_95016,31
video_95066,2
video_9507,1
video_95144,7
video_95183,9
video_95207,29
video_95223,31
video_95235,1
video_95247,9
video_95259,23
video_95266,30
video_95292,31
video_95297,9
video_95314,31
video_95316,31
video_9532,5
video_95331,18
video_95373,31
video_95401,5
video_95410,7
video_95417,28
video_9547,12
video_95510,19
video_9562,4
video_95630,12
video_95687,4
video_9573,22
video_95735,31
video_95799,30
video_95806,1
video_95810,9
video_95823,0
video_95832,1
video_95850,31
video_95854,14
video_95871,12
video_95887,31
video_95988,8
video_95994,30
video_96046,1
video_9607,28
video_96121,7
video_96131,30
video_96176,12
video_96194,7
video_96235,31
video_96262,30
video_96264,12
video_96269,22
video_96301,8
video_96304,24
video_96335,12
video_96351,31
video_96352,12
video_96403,29
video_96418,9
video_96432,31
video_96435,20
video_96439,31
video_96470,31
video_965,4
video_96501,31
video_96504,30
video_9651,31
video_96514,22
video_96630,7
video_96631,30
video_96637,20
video_96668,31
video_96673,23
video_96680,18
video_967,7
video_9673,19
video_96757,17
video_96761,31
video_96791,31
video_96896,7
video_97004,14
video_97011,4
video_9702,28
video_97026,12
video_97079,31
video_971,12
video_97107,7
video_97167,23
video_97188,8
video_97212,31
video_9724,22
video_97246,30
video_97249,12
video_97286,23
video_97317,1
video_97319,19
video_97328,8
video_97338,2
video_97404,9
video_97411,28
video_97500,5
video_97508,31
video_97514,28
video_97528,12
video_9755,8
video_97627,21
video_97648,1
video_97664,12
video_97758,14
video_97785,5
video_97787,8
video_97864,30
video_97867,12
video_97890,12
video_97956,29
video_97962,23
video_97989,7
video_97990,1
video_98004,31
video_98006,7
video_98064,29
video_98112,19
video_98115,29
video_98138,18
video_98180,19
video_98189,4
video_98289,0
video_98319,22
video_98372,1
video_98373,10
video_98387,29
video_984,32
video_98406,20
video_98424,31
video_98427,8
video_98461,31
video_98471,31
video_98496,22
video_98502,23
video_98504,9
video_98515,29
video_98556,5
video_98565,7
video_98673,28
video_98693,22
video_98711,1
video_98737,1
video_98752,28
video_98762,7
video_98779,1
video_98798,14
video_98807,9
video_98808,9
video_98826,8
video_98856,9
video_98911,29
video_98921,22
video_98950,5
video_98988,30
video_98990,30
video_99015,23
video_99017,30
video_99044,2
video_99058,22
video_9909,20
video_99121,14
video_99153,7
video_99171,12
video_9918,18
video_99188,31
video_99220,31
video_99228,23
video_99230,30
video_99254,14
video_99305,8
video_99315,9
video_99317,28
video_99328,19
video_99335,14
video_99379,9
video_9941,29
video_99412,1
video_99485,7
video_99503,9
video_99532,31
video_9957,31
video_99570,31
video_99591,23
video_99594,32
video_99595,30
video_99603,30
video_99607,12
video_99619,24
video_99701,29
video_99717,12
video_99789,12
video_99805,30
video_99867,31
video_99870,18
video_99886,5
video_99942,1
video_99953,9
