video_name,predicted_class
video_1000,9
video_100051,18
video_100065,7
video_100078,30
video_100121,23
video_100164,10
video_100187,8
video_100195,30
video_100218,10
video_100219,30
video_100237,31
video_100249,10
video_100288,4
video_100315,5
video_100347,7
video_100445,4
video_100461,9
video_100490,0
video_100530,23
video_100557,13
video_100566,10
video_100581,18
video_100599,24
video_10064,30
video_100656,29
video_100766,17
video_10077,28
video_100827,1
video_100837,31
video_100865,22
video_100879,10
video_100889,22
video_10090,28
video_100934,2
video_101005,29
video_101012,1
video_101046,5
video_101051,4
video_101062,22
video_101174,32
video_101183,8
video_101229,30
video_101240,21
video_10125,8
video_101261,29
video_101298,22
video_101370,4
video_101401,28
video_101481,19
video_101514,22
video_101532,24
video_101559,30
video_101631,8
video_101665,12
video_101697,5
video_101722,25
video_101797,7
video_101814,9
video_101828,10
video_101854,31
video_101907,7
video_101908,31
video_101913,30
video_101922,31
video_101937,32
video_101978,28
video_101988,12
video_102053,1
video_102145,5
video_102185,9
video_10221,32
video_102257,14
video_102285,13
video_102323,5
video_102327,8
video_102333,19
video_102350,12
video_102367,7
video_102379,5
video_102396,23
video_102397,3
video_102471,12
video_102482,29
video_102495,23
video_10257,13
video_102598,28
video_102607,3
video_102636,12
video_102649,31
video_102695,4
video_102703,28
video_102747,0
video_10275,32
video_102769,8
video_102770,3
video_102799,1
video_102811,10
video_102832,30
video_102833,7
video_102871,8
video_102920,30
video_10294,28
video_102950,2
video_102977,7
video_102991,19
video_102996,31
video_103017,4
video_103028,12
video_103043,31
video_103045,7
video_103064,30
video_103120,23
video_103152,5
video_103155,2
video_103189,30
video_103288,22
video_103305,31
video_10331,30
video_103381,10
video_103439,4
video_103447,22
video_103491,19
video_103495,1
video_103511,23
video_103525,1
video_103534,12
video_103593,6
video_103684,32
video_103777,15
video_103789,6
video_10381,2
video_103815,3
video_103896,31
video_103914,9
video_103917,23
video_103923,29
video_103949,3
video_103960,28
video_103999,22
video_104062,14
video_104089,1
video_104098,8
video_104180,32
video_104201,4
video_104205,12
video_104233,14
video_104277,32
video_104331,1
video_104339,28
video_104363,23
video_10438,18
video_104386,24
video_104410,19
video_104414,8
video_104416,14
video_104424,3
video_10448,32
video_104482,30
video_104488,4
video_104516,29
video_104523,22
video_10455,10
video_104560,31
video_104592,28
video_104598,29
video_104602,28
video_104636,30
video_10465,1
video_104660,30
video_104734,4
video_104737,2
video_104755,32
video_104758,30
video_104762,4
video_104876,22
video_104880,31
video_104892,28
video_1049,12
video_104943,28
video_105004,32
video_105058,31
video_105082,1
video_105133,3
video_105141,9
video_105154,31
video_105187,24
video_105204,9
video_105280,31
video_105337,25
video_105364,9
video_105485,6
video_105550,4
video_105554,14
video_105563,5
video_10565,28
video_105653,2
video_105657,30
video_105670,10
video_105674,29
video_105738,28
video_10581,1
video_105855,22
video_105876,0
video_105904,17
video_105907,5
video_105933,30
video_105980,6
video_106008,1
video_10602,3
video_106065,5
video_106066,1
video_106121,29
video_106128,30
video_106153,10
video_106158,18
video_106201,30
video_106205,10
video_106226,17
video_106234,30
video_106299,10
video_106385,8
video_106464,6
video_106569,1
video_106589,15
video_106649,5
video_106690,6
video_106695,31
video_106768,14
video_106793,30
video_106868,14
video_106893,2
video_106897,21
video_106938,4
video_106969,29
video_106981,22
video_106982,4
video_10701,32
video_107027,18
video_107049,10
video_10705,29
video_107055,8
video_107056,1
video_107093,8
video_107124,23
video_107193,12
video_107200,32
video_107210,29
video_107220,7
video_107227,28
video_107241,10
video_107290,29
video_107311,6
video_10737,9
video_107379,6
video_10741,4
video_107428,32
video_107516,1
video_107540,12
video_107541,19
video_107552,6
video_107562,6
video_107653,29
video_107665,12
video_107684,14
video_107734,6
video_107746,1
video_107764,3
video_107807,1
video_107832,5
video_107841,31
video_107842,4
video_107904,24
video_107980,18
video_107991,9
video_107994,30
video_108009,9
video_108043,13
video_108059,14
video_108060,21
video_108078,18
video_108131,28
video_108194,23
video_108207,29
video_108214,8
video_108269,30
video_108298,12
video_108340,0
video_108354,1
video_108356,24
video_108370,28
video_108405,26
video_108428,31
video_10850,0
video_108511,18
video_10852,28
video_108534,25
video_108586,14
video_108594,22
video_1086,23
video_108605,4
video_108634,7
video_108639,20
video_108689,21
video_108692,29
video_10872,29
video_108751,8
video_108775,6
video_10879,14
video_108805,6
video_10886,19
video_108882,32
video_108893,1
video_108990,32
video_109000,21
video_109069,30
video_10910,28
video_109115,4
video_109117,17
video_109182,30
video_109199,31
video_10926,23
video_109275,17
video_109301,6
video_109323,23
video_10933,19
video_109345,20
video_109368,1
video_109372,1
video_109427,7
video_109438,20
video_109473,10
video_109556,3
video_109559,5
video_109585,9
video_109674,31
video_109691,12
video_109749,8
video_109762,23
video_109769,0
video_109779,23
video_109849,7
video_109896,12
video_109942,22
video_109974,16
video_109996,1
video_11,28
video_11000,3
video_110045,21
video_110088,6
video_110097,32
video_11014,0
video_110144,14
video_110227,8
video_110265,16
video_110277,18
video_110306,30
video_11033,5
video_110357,5
video_110415,22
video_110429,1
video_110466,19
video_110538,23
video_11062,31
video_110636,9
video_110644,29
video_11065,7
video_110652,9
video_110729,22
video_110739,7
video_110771,9
video_110787,5
video_110810,6
video_110831,23
video_110834,30
video_110914,13
video_110960,1
video_110981,18
video_110984,31
video_11102,10
video_111051,17
video_111096,30
video_11110,31
video_111126,22
video_111133,1
video_111136,29
video_111139,32
video_111399,31
video_111462,12
video_111481,24
video_111485,9
video_111498,7
video_111571,1
video_111572,28
video_111577,4
video_111611,12
video_111617,23
video_111622,10
video_111669,22
video_111685,0
video_111715,9
video_111734,30
video_111760,30
video_111776,32
video_111779,28
video_111782,6
video_111865,23
video_111916,21
video_111917,9
video_111951,5
video_111956,23
video_111980,30
video_111982,13
video_11202,14
video_112036,25
video_11205,7
video_112062,29
video_11207,14
video_11208,19
video_11211,7
video_112115,12
video_112127,30
video_112138,30
video_112145,28
video_112190,19
video_112203,24
video_112219,19
video_112242,9
video_112249,31
video_112323,31
video_112355,7
video_112359,19
video_112384,31
video_112398,6
video_112439,19
video_112446,20
video_112473,31
video_112520,31
video_112526,31
video_112562,23
video_1126,4
video_112623,31
video_112625,30
video_112634,24
video_112652,1
video_112693,20
video_112700,12
video_112729,30
video_112875,8
video_112887,3
video_112888,19
video_112914,6
video_112950,18
video_112960,0
video_112973,8
video_113032,6
video_113037,12
video_113039,32
video_113118,32
video_113150,13
video_113183,6
video_1132,6
video_113218,9
video_113255,28
video_113256,28
video_113299,10
video_113310,25
video_113400,22
video_113452,18
video_113518,9
video_113546,31
video_113560,1
video_113605,14
video_113665,1
video_113671,23
video_113754,8
video_113819,24
video_113835,29
video_113841,22
video_113891,9
video_113900,7
video_113956,4
video_113967,31
video_113985,18
video_114021,10
video_11403,4
video_114051,31
video_114167,10
video_114189,6
video_114197,22
video_114208,21
video_114223,2
video_114259,23
video_114288,12
video_114292,23
video_114302,10
video_114353,23
video_114369,14
video_114388,14
video_114391,12
video_114395,5
video_114420,30
video_114464,1
video_114483,22
video_114498,19
video_114519,18
video_114531,0
video_114559,1
video_114587,1
video_114598,24
video_114604,14
video_114623,14
video_114643,4
video_114684,5
video_114713,20
video_114801,31
video_114831,5
video_114882,2
video_11489,0
video_114919,5
video_114936,14
video_114952,28
video_114963,3
video_114970,23
video_114984,3
video_115029,28
video_115065,30
video_115077,32
video_115179,9
video_115199,23
video_115298,8
video_115317,4
video_115318,1
video_115328,7
video_11534,12
video_115340,1
video_11535,9
video_115363,23
video_115366,20
video_115388,6
video_115415,28
video_115442,30
video_115466,22
video_11547,4
video_115476,18
video_11549,28
video_115537,28
video_115558,31
video_115598,30
video_115603,0
video_115695,8
video_115696,12
video_115760,7
video_115769,5
video_115785,30
video_115787,22
video_11579,4
video_115798,28
video_115801,22
video_11583,9
video_115838,14
video_115941,25
video_116039,30
video_116089,8
video_116101,32
video_11611,24
video_116187,1
video_116215,30
video_116225,12
video_11630,32
video_116408,3
video_116409,10
video_116426,22
video_11645,10
video_116505,7
video_116542,8
video_116556,3
video_11656,7
video_116577,30
video_116587,30
video_116599,9
video_116628,6
video_116649,10
video_116678,6
video_116703,28
video_116752,7
video_11685,7
video_116890,28
video_1169,7
video_116908,23
video_116937,1
video_116994,9
video_11701,23
video_117122,8
video_117176,9
video_117181,23
video_117259,21
video_117275,23
video_117365,31
video_117405,15
video_11743,17
video_117476,1
video_117496,12
video_117503,19
video_117522,20
video_117529,25
video_117542,28
video_117545,8
video_117580,19
video_117607,31
video_117632,14
video_117657,8
video_11767,10
video_117709,4
video_117737,8
video_117783,6
video_117795,18
video_117812,31
video_117834,18
video_11784,24
video_11803,13
video_118034,2
video_118050,19
video_118060,19
video_118063,3
video_118081,30
video_118098,9
video_118127,6
video_118147,3
video_11815,6
video_118157,4
video_118198,25
video_118200,9
video_118215,21
video_118226,19
video_118249,12
video_118263,9
video_118330,7
video_118334,32
video_118337,30
video_118351,1
video_118390,5
video_118453,31
video_118513,7
video_118519,12
video_118522,28
video_118534,0
video_118548,23
video_118599,4
video_118630,8
video_118659,6
video_118665,4
video_118669,14
video_118683,4
video_118754,13
video_118765,19
video_118823,22
video_11886,9
video_118866,8
video_118883,0
video_118916,10
video_118928,12
video_118951,30
video_118952,30
video_119006,18
video_11901,12
video_119011,28
video_119036,10
video_119093,28
video_11912,19
video_119127,9
video_119150,10
video_11919,29
video_119202,12
video_119221,4
video_119226,22
video_119248,9
video_119290,30
video_119299,9
video_119309,8
video_119315,12
video_119363,12
video_119385,12
video_119389,0
video_119393,30
video_119399,32
video_11941,20
video_119490,3
video_11950,1
video_119574,23
video_119577,23
video_119583,8
video_119586,30
video_119591,21
video_119618,4
video_119665,5
video_11972,1
video_119725,28
video_119738,26
video_119741,12
video_119788,18
video_119804,24
video_119876,21
video_119893,23
video_119967,6
video_11997,9
video_119996,1
video_120039,28
video_120075,22
video_120104,31
video_120118,4
video_120170,29
video_120194,14
video_120234,10
video_120236,1
video_120251,19
video_120257,28
video_120281,23
video_120304,3
video_120325,23
video_120326,15
video_120327,28
video_12036,30
video_120390,12
video_120428,3
video_12044,31
video_120449,3
video_120451,30
video_120513,1
video_120634,3
video_120717,23
video_120732,3
video_120746,30
video_120778,3
video_120792,6
video_120814,5
video_120836,10
video_12091,1
video_120958,30
video_121018,9
video_121019,30
video_121050,8
video_121082,5
video_121102,29
video_121182,30
video_121186,24
video_121207,30
video_121219,3
video_121250,31
video_121275,24
video_121278,31
video_121292,24
video_121296,7
video_121298,23
video_121307,19
video_12131,31
video_121325,10
video_121326,8
video_121380,20
video_12141,29
video_12142,12
video_121493,19
video_121514,0
video_121522,31
video_121532,12
video_121539,31
video_121550,23
video_12157,13
video_121635,8
video_121695,28
video_12170,13
video_121702,19
video_121720,30
video_121758,31
video_121771,31
video_121777,6
video_121788,8
video_121789,5
video_121820,10
video_121900,30
video_121901,17
video_122044,29
video_122080,4
video_122086,28
video_122105,7
video_122168,7
video_12217,30
video_12218,1
video_122204,5
video_122209,23
video_122217,24
video_12234,23
video_12236,30
video_122415,21
video_122422,31
video_122504,12
video_122516,2
video_12256,10
video_122572,8
video_122574,21
video_122599,29
video_12262,12
video_122649,28
video_122651,32
video_122662,3
video_122688,3
video_122710,13
video_122797,32
video_12283,9
video_122845,23
video_122846,10
video_122860,30
video_122917,1
video_123008,28
video_12302,30
video_123077,1
video_12308,5
video_123082,8
video_123090,5
video_123093,22
video_123123,22
video_123128,29
video_123138,21
video_123222,8
video_123223,12
video_123234,30
video_123242,2
video_123244,4
video_123256,32
video_12328,32
video_123313,30
video_123343,22
video_123402,31
video_123408,32
video_123435,15
video_123443,4
video_123483,10
video_123495,31
video_123545,7
video_123561,25
video_123599,22
video_12360,8
video_123643,12
video_123707,28
video_123717,13
video_123726,28
video_123732,25
video_123788,10
video_12381,4
video_123857,30
video_12393,24
video_123963,2
video_123971,31
video_124002,21
video_124018,23
video_124021,14
video_124033,12
video_124034,9
video_124077,3
video_124091,6
video_12411,5
video_124190,12
video_124252,3
video_124281,8
video_124313,12
video_124345,28
video_124366,30
video_124375,9
video_124380,13
video_12446,20
video_124469,28
video_124481,1
video_124482,12
video_124589,9
video_124592,32
video_1246,31
video_124612,4
video_12466,14
video_124723,12
video_124724,18
video_124736,32
video_124751,12
video_124818,3
video_124826,20
video_124923,13
video_124933,19
video_124980,14
video_124999,12
video_125008,19
video_125019,12
video_125028,30
video_125094,9
video_125164,15
video_125179,18
video_125203,29
video_125275,12
video_125362,7
video_125460,6
video_125492,7
video_125504,30
video_125539,8
video_125554,3
video_125561,32
video_125596,9
video_125612,18
video_125613,30
video_125665,3
video_125666,30
video_125759,23
video_125843,28
video_125876,23
video_12590,5
video_125917,10
video_126002,28
video_126005,16
video_126016,22
video_126037,12
video_126088,17
video_126118,28
video_126190,32
video_126192,21
video_126275,31
video_126354,7
video_126366,19
video_126372,1
video_126388,23
video_126391,10
video_12641,5
video_126422,29
video_126493,11
video_126527,24
video_126536,3
video_126544,30
video_126568,12
video_126579,7
video_126636,32
video_12664,9
video_126651,3
video_126714,23
video_126778,28
video_126785,12
video_126802,29
video_12683,10
video_126869,3
video_126888,13
video_126911,8
video_12694,18
video_126969,0
video_126976,30
video_126984,31
video_127095,12
video_12712,15
video_127127,5
video_127130,19
video_127302,32
video_127355,10
video_127445,30
video_127502,0
video_127541,19
video_127547,8
video_127558,10
video_1276,1
video_127614,30
video_127731,9
video_127735,31
video_127745,32
video_127808,30
video_127820,14
video_127845,31
video_127892,31
video_127898,12
video_127922,32
video_12797,1
video_127979,32
video_128000,28
video_128010,12
video_128040,6
video_128111,4
video_128134,28
video_128190,31
video_128195,32
video_128244,19
video_128274,2
video_128329,32
video_128331,4
video_128358,6
video_128366,12
video_128370,28
video_128392,6
video_128409,30
video_128414,16
video_128459,2
video_128484,31
video_128580,31
video_128590,12
video_128605,29
video_128668,12
video_128686,1
video_128689,28
video_128705,28
video_128711,28
video_128716,1
video_128723,7
video_128729,31
video_128730,32
video_128761,7
video_128770,3
video_128799,12
video_128826,28
video_128895,5
video_128901,30
video_128911,12
video_128961,10
video_128964,4
video_128973,20
video_128977,12
video_129001,5
video_12901,6
video_129059,23
video_12908,28
video_12909,7
video_129096,3
video_129128,23
video_129136,1
video_129148,12
video_129171,10
video_12918,12
video_129283,30
video_129297,24
video_1293,19
video_129370,10
video_129377,2
video_12939,10
video_129400,18
video_129401,31
video_12941,19
video_129420,15
video_129423,1
video_129451,31
video_129493,4
video_129513,14
video_129536,31
video_129546,2
video_129553,18
video_12957,30
video_129595,29
video_129597,7
video_129662,24
video_129666,5
video_12970,30
video_129708,18
video_129748,24
video_129750,30
video_129761,9
video_129772,28
video_129810,30
video_12982,4
video_129896,4
video_12991,22
video_129936,31
video_129973,23
video_13,22
video_13002,18
video_130035,29
video_13009,6
video_130148,7
video_130160,5
video_130219,1
video_130253,15
video_130265,5
video_130276,8
video_130280,28
video_130297,31
video_130314,31
video_130324,31
video_13035,5
video_130358,7
video_130360,28
video_130403,28
video_130410,28
video_130415,5
video_130447,23
video_130459,31
video_130489,14
video_13049,30
video_130495,1
video_130513,32
video_13052,7
video_130558,16
video_130565,2
video_130675,8
video_130716,25
video_130723,12
video_130766,9
video_130796,15
video_130806,12
video_130847,1
video_130864,29
video_130894,6
video_130938,19
video_130940,29
video_13104,28
video_131067,32
video_131070,12
video_131191,20
video_131201,4
video_131204,30
video_131238,23
video_131274,31
video_131286,8
video_131323,9
video_131334,6
video_131357,8
video_131364,28
video_131380,31
video_131395,17
video_13146,22
video_131463,3
video_131524,28
video_131560,6
video_131588,9
video_131680,8
video_131698,30
video_131758,12
video_131794,9
video_131814,24
video_131832,21
video_131899,32
video_131906,5
video_13193,28
video_13195,29
video_131971,4
video_132052,12
video_132056,22
video_132090,9
video_132163,30
video_132201,28
video_132228,2
video_132256,9
video_132291,31
video_132295,1
video_132357,3
video_132368,30
video_132386,12
video_132439,13
video_132445,2
video_132446,14
video_132457,30
video_132474,12
video_132537,21
video_132540,28
video_132564,18
video_132576,30
video_132586,30
video_132607,28
video_132639,7
video_132687,5
video_132709,23
video_132775,29
video_132797,8
video_132809,31
video_132831,14
video_132849,29
video_132867,12
video_13295,4
video_132985,23
video_132988,30
video_133012,10
video_133062,23
video_133075,31
video_133086,9
video_133100,4
video_133122,31
video_133128,22
video_133135,6
video_133213,7
video_133221,24
video_133228,5
video_133233,30
video_133237,19
video_133247,31
video_13330,31
video_133309,4
video_133357,5
video_133374,32
video_133379,9
video_133398,12
video_133412,9
video_133446,22
video_133464,5
video_13347,6
video_133584,25
video_133594,30
video_133633,23
video_133645,1
video_133647,31
video_133658,19
video_133685,28
video_1337,4
video_133705,9
video_133786,30
video_133818,12
video_133855,32
video_133889,30
video_13389,14
video_133895,5
video_133896,14
video_133922,4
video_133926,9
video_133956,29
video_133974,10
video_133987,3
video_134103,21
video_134112,5
video_134135,31
video_134160,30
video_134163,31
video_134202,21
video_13422,3
video_134302,30
video_134315,21
video_134327,12
video_134359,12
video_134382,22
video_134384,30
video_134395,24
video_134411,22
video_134412,7
video_134455,14
video_134495,9
video_134502,1
video_134542,8
video_134616,12
video_134619,23
video_134623,1
video_134634,1
video_134636,10
video_134643,10
video_134674,0
video_134693,20
video_134696,6
video_134705,19
video_134725,9
video_134743,0
video_134745,8
video_134771,9
video_134788,7
video_134850,19
video_134857,4
video_134858,28
video_134882,9
video_134902,30
video_134910,4
video_134912,0
video_134923,12
video_134933,3
video_134943,6
video_134965,8
video_134995,32
video_135013,12
video_135018,0
video_135037,28
video_135079,26
video_135110,6
video_135129,31
video_135189,12
video_1352,21
video_135216,14
video_135218,8
video_135220,14
video_135231,22
video_135251,30
video_135345,7
video_135366,25
video_135371,14
video_135378,32
video_135397,3
video_135408,28
video_135471,30
video_135505,31
video_135560,28
video_135576,5
video_135592,31
video_135599,14
video_135640,30
video_135681,1
video_135752,19
video_135793,5
video_135797,0
video_135804,18
video_135834,9
video_135872,7
video_135892,32
video_136013,4
video_136033,19
video_136038,28
video_136075,30
video_136083,7
video_136099,32
video_136105,32
video_13611,28
video_136117,12
video_136119,14
video_136124,9
video_13615,8
video_136203,5
video_136217,31
video_136234,4
video_136299,25
video_136316,16
video_136333,6
video_136373,19
video_136388,20
video_136430,2
video_136450,6
video_136496,30
video_136512,14
video_136525,0
video_136544,3
video_136587,28
video_136588,9
video_136674,5
video_136703,7
video_13673,22
video_136751,0
video_136752,21
video_136754,6
video_136786,5
video_136792,9
video_136796,5
video_136801,9
video_136806,30
video_13682,4
video_136847,28
video_136889,30
video_136912,12
video_136913,30
video_136915,1
video_136956,23
video_136979,25
video_136980,31
video_137036,5
video_137097,19
video_137106,4
video_13713,3
video_137158,22
video_137167,20
video_137196,7
video_137226,9
video_137289,30
video_137300,3
video_137332,29
video_137355,2
video_137366,23
video_13737,2
video_137419,30
video_137420,32
video_137463,23
video_137466,5
video_137485,1
video_137493,7
video_137524,12
video_137532,9
video_137566,14
video_137605,12
video_137615,28
video_137628,9
video_137691,23
video_137694,30
video_137738,3
video_137774,3
video_137903,6
video_137975,22
video_138039,20
video_138040,15
video_138111,8
video_138172,31
video_138234,7
video_138328,6
video_138334,32
video_138349,5
video_138401,23
video_138402,2
video_13846,20
video_138503,13
video_138511,30
video_138556,31
video_138632,9
video_138635,31
video_138641,2
video_13865,3
video_13866,11
video_138708,31
video_138776,7
video_138779,28
video_138812,2
video_138846,9
video_138851,12
video_138898,23
video_138900,4
video_138930,0
video_138940,5
video_138943,1
video_139022,12
video_139071,7
video_139078,7
video_139234,21
video_139347,12
video_139399,6
video_139403,14
video_139418,31
video_139469,32
video_139526,6
video_13957,8
video_1396,8
video_139616,4
video_139667,9
video_139668,30
video_139792,17
video_139809,30
video_139839,7
video_13987,32
video_139894,20
video_139973,2
video_139982,1
video_14000,29
video_140010,7
video_140029,23
video_140090,13
video_140107,31
video_140126,9
video_140127,31
video_140149,0
video_14015,7
video_140160,18
video_140168,30
video_140176,30
video_140182,3
video_140188,31
video_140195,6
video_140226,28
video_140251,5
video_140257,12
video_140277,23
video_140382,6
video_140457,4
video_140475,7
video_140519,8
video_140551,4
video_14058,4
video_140595,9
video_140601,29
video_140624,18
video_140676,14
video_140693,2
video_140708,1
video_140714,25
video_140764,18
video_140839,19
video_140852,20
video_140855,14
video_140869,6
video_140873,7
video_140960,31
video_14099,21
video_141000,9
video_141011,1
video_141014,8
video_141020,9
video_141033,28
video_141034,0
video_14104,7
video_141053,24
video_141079,12
video_14109,31
video_141157,28
video_141183,6
video_141258,28
video_141265,18
video_141339,10
video_141359,1
video_141393,19
video_141430,8
video_141490,31
video_141491,1
video_141518,5
video_141571,15
video_141639,2
video_14165,14
video_141654,31
video_14168,24
video_141681,10
video_141694,5
video_14174,30
video_141760,14
video_141877,18
video_141914,6
video_141931,6
video_141942,9
video_141946,9
video_141949,29
video_141985,8
video_1420,30
video_142031,30
video_142036,32
video_142057,15
video_142067,7
video_142080,14
video_142081,16
video_1421,29
video_142119,22
video_142243,4
video_142275,8
video_142311,22
video_142313,13
video_142328,19
video_142334,25
video_14237,23
video_142445,8
video_142453,9
video_142458,19
video_14246,31
video_142467,30
video_14259,6
video_142671,9
video_142756,10
video_142759,22
video_142809,8
video_142812,23
video_14284,5
video_142865,7
video_142867,6
video_142896,30
video_142899,31
video_142910,12
video_142956,29
video_14296,1
video_142988,3
video_143003,32
video_143057,5
video_143064,6
video_143068,24
video_143070,29
video_143127,23
video_143171,32
video_143172,28
video_143190,30
video_143213,23
video_143256,0
video_143347,23
video_143441,32
video_143461,20
video_143526,6
video_143547,32
video_143647,12
video_1437,7
video_143726,22
video_143735,29
video_143750,28
video_143789,28
video_143794,31
video_143798,32
video_143852,5
video_143876,7
video_143914,12
video_14392,22
video_143933,10
video_143945,18
video_143956,4
video_143965,25
video_143992,18
video_144005,12
video_144029,22
video_144048,14
video_144053,4
video_144069,10
video_144083,29
video_14414,31
video_144149,23
video_144170,14
video_144179,10
video_144184,32
video_144237,29
video_144286,1
video_144301,12
video_144333,24
video_144340,6
video_144370,7
video_144376,22
video_144394,1
video_144413,1
video_144438,19
video_144483,5
video_144491,23
video_144561,20
video_144569,28
video_14459,9
video_144632,22
video_144704,25
video_144741,32
video_144751,3
video_144777,30
video_144806,2
video_144847,14
video_14494,4
video_14495,31
video_144972,8
video_144983,2
video_145034,6
video_145077,14
video_145079,28
video_145135,28
video_145244,3
video_145248,5
video_145251,5
video_145291,28
video_1453,14
video_145356,22
video_145404,31
video_145405,23
video_145422,29
video_145477,6
video_145483,19
video_145495,3
video_1455,1
video_145539,32
video_145585,8
video_145603,5
video_145604,23
video_145650,9
video_145676,22
video_145693,5
video_145702,31
video_145800,9
video_145804,19
video_145871,6
video_145927,6
video_145997,32
video_146068,14
video_14608,1
video_146085,30
video_146166,18
video_146186,19
video_146200,24
video_14621,32
video_146233,14
video_146237,0
video_146267,22
video_14627,19
video_146293,30
video_146313,32
video_146323,32
video_146327,32
video_146372,29
video_146377,5
video_146382,1
video_146413,19
video_14642,30
video_146424,7
video_146425,6
video_146553,1
video_146555,8
video_146573,8
video_146592,23
video_146630,7
video_146634,5
video_1467,5
video_146733,4
video_146765,10
video_146778,4
video_14678,4
video_146788,17
video_146803,29
video_146862,23
video_146882,4
video_146924,28
video_146950,22
video_147005,9
video_147017,31
video_147026,23
video_1471,1
video_147174,7
video_147187,31
video_147194,32
video_147200,10
video_147290,25
video_147305,19
video_147327,4
video_147414,30
video_147423,13
video_147521,4
video_147610,12
video_147644,30
video_147663,23
video_147693,12
video_147704,31
video_147764,14
video_147911,9
video_147948,9
video_147951,18
video_147972,1
video_147996,22
video_148054,22
video_148065,0
video_148068,9
video_148202,6
video_148242,30
video_148245,8
video_148251,20
video_148252,10
video_148271,8
video_148305,19
video_148399,8
video_148465,22
video_148478,4
video_148527,32
video_148633,30
video_14864,29
video_148663,1
video_148674,32
video_148676,7
video_148759,3
video_148824,22
video_148825,12
video_148846,29
video_148857,12
video_148877,12
video_148922,6
video_148929,5
video_148934,22
video_148956,19
video_148959,25
video_149053,3
video_14907,6
video_149091,10
video_149093,3
video_149106,30
video_149125,6
video_149146,9
video_14921,29
video_149215,1
video_149226,22
video_149251,19
video_149253,12
video_149326,2
video_149340,14
video_149342,8
video_149375,8
video_149407,10
video_14943,30
video_149433,12
video_14945,30
video_149539,13
video_149602,4
video_149609,14
video_149620,1
video_149686,30
video_149690,29
video_149691,9
video_149727,20
video_149730,30
video_149746,32
video_149776,30
video_149794,30
video_149815,22
video_149850,6
video_149867,22
video_149885,28
video_149889,12
video_149933,6
video_149955,18
video_149957,30
video_149962,4
video_149982,5
video_15001,14
video_150049,22
video_150053,3
video_150114,14
video_150115,24
video_15013,0
video_150142,32
video_150152,12
video_150196,4
video_150210,8
video_150219,6
video_150231,9
video_150276,17
video_150322,1
video_150361,19
video_150372,31
video_150385,1
video_150425,1
video_150432,8
video_150446,14
video_150454,22
video_150478,0
video_150488,21
video_150546,6
video_150578,13
video_150619,30
video_150675,8
video_150679,30
video_150696,28
video_150718,14
video_150725,30
video_150727,3
video_150746,6
video_150865,22
video_150897,6
video_150908,6
video_150954,30
video_151075,0
video_151076,20
video_15109,30
video_151113,19
video_151163,32
video_151191,24
video_151209,7
video_151245,10
video_151251,28
video_151315,24
video_151325,18
video_151347,3
video_151410,29
video_151440,22
video_151470,21
video_151494,4
video_151502,32
video_151525,8
video_151557,8
video_151621,10
video_15167,5
video_151703,1
video_15171,3
video_151713,25
video_151748,9
video_151794,10
video_151817,10
video_151826,16
video_151840,30
video_151850,29
video_151890,21
video_151898,12
video_151918,24
video_151920,3
video_151966,31
video_151969,31
video_151971,31
video_151988,22
video_152014,29
video_152067,12
video_152082,18
video_152126,31
video_15214,28
video_152191,3
video_152311,32
video_152330,23
video_152332,5
video_152347,15
video_152388,5
video_152411,6
video_152433,29
video_152435,28
video_152498,3
video_152521,6
video_152568,18
video_152590,30
video_15260,29
video_152661,22
video_152764,23
video_152765,29
video_152848,7
video_152897,14
video_152901,6
video_152913,31
video_152930,31
video_15295,10
video_152962,1
video_153002,22
video_153016,0
video_153050,8
video_153093,24
video_153150,14
video_153156,31
video_153176,22
video_153206,14
video_153318,22
video_153334,12
video_153403,30
video_153406,24
video_153408,1
video_153436,32
video_153456,12
video_153472,30
video_153475,19
video_153488,7
video_15353,7
video_153616,10
video_15362,9
video_153674,1
video_153681,23
video_153737,6
video_153808,30
video_153833,8
video_153857,30
video_153933,31
video_153956,8
video_153987,3
video_153993,8
video_154021,10
video_15405,4
video_154075,20
video_154086,7
video_154102,22
video_154125,18
video_154134,11
video_154184,4
video_154235,3
video_154248,22
video_154284,19
video_15433,32
video_154408,30
video_154466,10
video_154495,25
video_154522,32
video_154538,23
video_154659,31
video_15471,18
video_154719,0
video_154725,22
video_154853,5
video_154878,24
video_154893,5
video_154901,14
video_155,25
video_15501,7
video_15502,19
video_155035,14
video_155036,18
video_155047,8
video_155074,28
video_155107,32
video_155115,8
video_155122,20
video_155219,22
video_155253,22
video_155263,10
video_155281,29
video_155318,14
video_155320,28
video_155349,29
video_15536,9
video_155393,0
video_155428,19
video_15548,8
video_155484,22
video_155507,4
video_155630,8
video_155662,6
video_155667,7
video_155698,3
video_155799,5
video_155800,1
video_155865,13
video_155867,24
video_155871,2
video_155888,30
video_155912,31
video_155944,12
video_156014,5
video_156049,10
video_156081,10
video_156111,9
video_156128,14
video_156143,17
video_156179,29
video_156215,20
video_156237,4
video_156263,3
video_156277,1
video_156314,6
video_156328,30
video_15638,31
video_156388,4
video_156389,22
video_156399,32
video_156416,9
video_156442,22
video_156448,12
video_156452,6
video_156467,24
video_156510,29
video_156513,7
video_156551,21
video_156667,31
video_156700,12
video_15671,24
video_156787,6
video_156811,30
video_156848,9
video_156861,1
video_156878,30
video_156932,30
video_156961,31
video_157007,6
video_157079,5
video_157103,0
video_157135,25
video_157153,12
video_157163,3
video_157189,21
video_157194,29
video_157295,31
video_157383,3
video_15740,31
video_157485,9
video_157558,23
video_15756,29
video_157612,32
video_157624,19
video_157677,1
video_157688,29
video_157727,6
video_157776,24
video_157791,0
video_157833,5
video_15789,31
video_158047,4
video_158139,9
video_158154,19
video_158184,1
video_158191,12
video_158202,5
video_158212,4
video_158215,1
video_158263,20
video_158302,21
video_158326,24
video_158328,5
video_158348,31
video_158350,29
video_158377,23
video_158385,22
video_158387,6
video_158424,12
video_158440,24
video_158497,32
video_158505,10
video_158566,31
video_158607,10
video_158637,7
video_158649,12
video_158657,7
video_158666,8
video_158676,1
video_158678,7
video_158712,14
video_158718,22
video_158743,30
video_158766,23
video_158780,15
video_15880,28
video_158819,15
video_158826,18
video_158836,18
video_158859,0
video_158866,9
video_15891,13
video_158998,10
video_159009,28
video_159087,4
video_159092,30
video_159139,14
video_159150,9
video_159156,30
video_159171,20
video_159173,22
video_159178,9
video_159186,10
video_159199,4
video_159218,19
video_159227,10
video_159261,8
video_159274,1
video_159292,1
video_159323,9
video_159388,23
video_159522,31
video_159545,3
video_159550,12
video_159561,29
video_159616,9
video_159633,6
video_15964,2
video_159839,3
video_159853,5
video_159861,14
video_159887,31
video_159940,8
video_159944,8
video_159955,1
video_159974,14
video_159978,31
video_159984,8
video_159985,14
video_15999,18
video_160064,3
video_16010,24
video_160118,30
video_16012,28
video_160123,21
video_160177,22
video_16018,29
video_160188,29
video_160242,5
video_160244,14
video_160248,28
video_160340,3
video_16036,28
video_160395,10
video_160516,28
video_160527,7
video_160579,23
video_160609,24
video_16061,29
video_160614,31
video_16063,24
video_160642,30
video_160654,16
video_160670,28
video_160722,3
video_160733,4
video_160740,20
video_160829,31
video_160847,32
video_160854,30
video_16086,29
video_160861,30
video_160869,1
video_160882,6
video_160889,32
video_160903,23
video_160960,2
video_16097,12
video_161019,1
video_16106,7
video_161080,9
video_161118,30
video_161122,32
video_161135,4
video_161136,3
video_161153,12
video_161198,19
video_1612,12
video_161226,9
video_161230,6
video_161261,21
video_161262,15
video_161272,31
video_161348,23
video_161391,1
video_161402,23
video_161413,9
video_161425,22
video_161445,28
video_161478,23
video_16151,14
video_161545,30
video_161565,14
video_161570,23
video_161590,30
video_161606,14
video_161612,1
video_161629,6
video_161707,5
video_161726,6
video_16177,21
video_161789,10
video_161803,22
video_161804,19
video_161827,32
video_161966,30
video_161994,14
video_162,31
video_162006,15
video_162060,21
video_162110,31
video_162157,7
video_162170,30
video_162195,14
video_162210,30
video_162216,23
video_16222,22
video_162230,28
video_162260,30
video_162279,28
video_162286,1
video_16229,31
video_162342,20
video_162355,12
video_162365,9
video_162389,1
video_162423,30
video_162434,1
video_16247,22
video_162567,30
video_162568,5
video_162577,3
video_162612,32
video_162660,3
video_162708,7
video_162725,4
video_162733,22
video_162741,24
video_162778,23
video_162815,19
video_162816,28
video_162837,3
video_162840,31
video_162847,6
video_162886,7
video_162919,25
video_162930,11
video_162935,14
video_162950,25
video_16297,28
video_163045,4
video_163102,29
video_16316,12
video_163178,12
video_163184,31
video_163209,32
video_163211,22
video_16322,28
video_163239,18
video_163274,10
video_163276,14
video_163287,12
video_163325,13
video_163356,10
video_163367,9
video_163415,22
video_163437,20
video_163451,22
video_163452,12
video_163455,28
video_163464,18
video_16347,19
video_1635,4
video_16356,10
video_163582,14
video_16360,30
video_163640,19
video_163722,17
video_163744,4
video_163812,10
video_163818,4
video_163866,2
video_163873,30
video_163882,24
video_163924,10
video_164015,9
video_164020,29
video_164033,18
video_164035,28
video_164052,28
video_164075,9
video_164091,14
video_164120,9
video_164136,31
video_16415,12
video_164268,9
video_164311,1
video_164312,0
video_164316,30
video_164333,22
video_164341,20
video_164345,10
video_164350,9
video_164409,9
video_164434,32
video_164477,20
video_164489,3
video_164506,12
video_164526,1
video_164575,7
video_164580,5
video_164591,3
video_16461,31
video_16462,2
video_16464,3
video_164689,6
video_164702,30
video_164704,30
video_16472,13
video_164738,22
video_164752,28
video_164782,8
video_164789,28
video_164822,1
video_164833,28
video_164879,30
video_164888,14
video_164899,31
video_16491,32
video_164922,28
video_164944,5
video_164949,31
video_164958,29
video_164962,8
video_164988,4
video_164992,31
video_165020,2
video_165063,32
video_165084,23
video_165089,6
video_165111,9
video_165247,2
video_16530,18
video_165314,31
video_165321,28
video_165392,8
video_165394,18
video_165439,3
video_165456,12
video_16546,30
video_165472,25
video_165473,31
video_165493,20
video_165563,32
video_165602,10
video_165633,8
video_16564,30
video_165654,3
video_165661,23
video_165721,4
video_165722,21
video_165758,12
video_165773,19
video_165777,4
video_165783,29
video_165839,12
video_165864,5
video_16590,30
video_165904,30
video_16592,23
video_165926,12
video_16594,31
video_165944,8
video_165958,10
video_16598,32
video_166051,13
video_166066,1
video_166117,2
video_166146,22
video_166155,15
video_166167,31
video_166189,18
video_166268,18
video_166279,25
video_166284,4
video_166310,23
video_166313,25
video_166391,28
video_166429,28
video_166473,5
video_166510,6
video_166516,14
video_166528,19
video_166533,7
video_166545,14
video_166594,5
video_166623,20
video_166679,24
video_166740,22
video_166747,5
video_166822,6
video_166918,2
video_16692,11
video_166928,12
video_166930,5
video_166998,9
video_167016,3
video_167087,18
video_167125,28
video_167217,23
video_167234,5
video_1673,7
video_167305,4
video_16731,14
video_167368,1
video_167375,6
video_167402,1
video_167429,30
video_167454,7
video_167467,29
video_167481,6
video_167600,9
video_167619,9
video_167673,7
video_167692,29
video_167696,13
video_167712,12
video_167724,8
video_167742,6
video_167752,4
video_167755,32
video_167757,28
video_167774,20
video_167817,7
video_167824,30
video_167902,18
video_167955,5
video_167978,6
video_168012,30
video_168026,14
video_168064,25
video_168095,32
video_1681,29
video_168139,6
video_168158,30
video_168302,4
video_168328,1
video_168399,6
video_168422,18
video_168472,22
video_168490,3
video_168665,31
video_168686,6
video_168695,30
video_168739,24
video_168759,30
video_168767,4
video_16877,1
video_168817,30
video_168830,1
video_16885,7
video_168869,14
video_168886,14
video_168895,24
video_168901,21
video_168909,15
video_168920,28
video_168925,19
video_168955,12
video_168979,28
video_16898,28
video_169008,4
video_169077,31
video_169109,29
video_169140,19
video_16915,3
video_169182,2
video_169243,6
video_169252,8
video_169282,32
video_169290,22
video_169304,29
video_169320,30
video_169340,5
video_169341,5
video_169345,22
video_169366,8
video_169407,3
video_16941,2
video_169427,15
video_169455,6
video_169486,8
video_169557,31
video_169596,23
video_16964,5
video_169680,8
video_169722,29
video_169741,11
video_169744,20
video_169752,3
video_16976,7
video_169762,23
video_169798,29
video_169823,29
video_169869,23
video_169902,3
video_169979,6
video_169988,12
video_170048,32
video_170059,5
video_170060,24
video_170072,19
video_170102,10
video_170117,14
video_170133,31
video_170201,28
video_17022,5
video_17025,31
video_170311,19
video_170348,31
video_170370,30
video_17041,9
video_170448,30
video_170473,5
video_170477,17
video_170545,19
video_170582,14
video_170589,12
video_170620,22
video_170669,3
video_170695,25
video_170697,28
video_170745,30
video_170755,3
video_17078,23
video_170825,14
video_170978,21
video_171009,20
video_171090,30
video_171120,0
video_171143,4
video_171171,29
video_171176,4
video_171197,8
video_171247,10
video_171265,19
video_171266,1
video_171314,23
video_171385,9
video_171425,21
video_171530,30
video_171532,18
video_171561,11
video_17165,19
video_171654,19
video_1717,22
video_171700,30
video_171714,32
video_171727,9
video_171735,29
video_17175,6
video_171773,8
video_171799,12
video_171840,4
video_171857,30
video_171858,14
video_171860,23
video_171902,1
video_171916,9
video_171928,5
video_171930,12
video_171943,3
video_171978,12
video_171990,6
video_172005,30
video_172016,2
video_172035,23
video_172048,28
video_172053,29
video_172065,6
video_172071,7
video_172085,14
video_172126,5
video_172137,9
video_172148,12
video_172153,0
video_172178,9
video_172210,4
video_17222,18
video_172278,19
video_172298,4
video_172311,31
video_172324,5
video_172376,10
video_172396,3
video_172441,30
video_172484,10
video_172534,23
video_172562,10
video_172593,1
video_17260,7
video_172615,5
video_17263,25
video_172659,32
video_172668,1
video_172691,7
video_172723,12
video_172806,7
video_172825,19
video_172850,30
video_172862,28
video_172875,8
video_172894,29
video_172950,9
video_172996,2
video_173004,29
video_173032,30
video_173054,9
video_17313,1
video_173138,32
video_173141,29
video_173165,24
video_17318,3
video_173213,16
video_173217,12
video_173223,8
video_173236,25
video_173271,9
video_173332,1
video_173334,3
video_173356,30
video_173381,1
video_173445,31
video_173473,12
video_173482,28
video_173493,23
video_173517,7
video_173518,31
video_17352,19
video_173543,14
video_17355,31
video_173560,7
video_17357,23
video_173583,17
video_173589,1
video_17359,12
video_173608,5
video_173636,9
video_173672,20
video_173822,1
video_173826,9
video_173830,7
video_173868,30
video_173891,28
video_173899,31
video_173935,9
video_173958,14
video_173961,1
video_173973,14
video_173976,20
video_174018,20
video_17402,7
video_174029,0
video_17403,8
video_174059,6
video_174107,30
video_17412,14
video_174161,7
video_174177,13
video_174201,3
video_174266,9
video_174278,30
video_174321,30
video_174357,25
video_174359,10
video_174368,1
video_174383,22
video_174391,3
video_174403,7
video_174408,8
video_174413,7
video_1745,12
video_174528,15
video_174601,6
video_174602,18
video_174661,22
video_174697,1
video_174701,9
video_174727,12
video_17477,5
video_174833,32
video_174848,1
video_174849,31
video_174883,22
video_174888,23
video_174910,24
video_174916,12
video_174937,0
video_174944,28
video_174968,29
video_17499,22
video_174998,8
video_175001,11
video_175042,6
video_175047,30
video_175102,28
video_175106,1
video_175134,2
video_175226,30
video_175241,4
video_175249,8
video_175262,1
video_175310,22
video_175316,19
video_175333,12
video_175351,3
video_175368,22
video_175411,24
video_175424,32
video_175433,4
video_175485,25
video_175504,7
video_175514,2
video_175523,7
video_175530,2
video_175611,28
video_175651,8
video_175773,28
video_175784,1
video_175787,11
video_175820,25
video_175893,30
video_175898,19
video_175906,3
video_175928,11
video_175943,9
video_175950,18
video_17596,9
video_176002,9
video_176044,22
video_176084,9
video_176100,32
video_17613,30
video_176138,5
video_176184,29
video_176210,14
video_176260,12
video_176279,12
video_176376,31
video_176380,18
video_176387,19
video_176394,9
video_176427,30
video_176430,9
video_176490,29
video_176526,14
video_176536,2
video_176575,12
video_176636,32
video_176646,19
video_176658,19
video_176693,3
video_17671,10
video_176751,1
video_176752,20
video_176783,30
video_176796,1
video_176812,24
video_17687,6
video_176886,30
video_176900,28
video_176985,25
video_177022,3
video_17706,14
video_177062,22
video_177121,8
video_17718,3
video_177208,17
video_177210,14
video_177232,6
video_177391,4
video_177458,30
video_177477,29
video_177504,12
video_177511,6
video_177520,14
video_177529,12
video_17755,8
video_17756,22
video_177566,1
video_177588,30
video_177605,9
video_177613,31
video_177670,2
video_177681,31
video_177692,32
video_177706,28
video_177732,22
video_177781,8
video_177792,28
video_177828,29
video_177856,22
video_177892,1
video_177914,1
video_177942,17
video_177983,19
video_178016,14
video_178030,30
video_178031,4
video_178040,28
video_178078,6
video_178092,9
video_178096,3
video_178140,31
video_178175,30
video_178180,19
video_178184,23
video_178196,3
video_178286,13
video_178303,9
video_178328,9
video_178365,9
video_178394,32
video_178412,30
video_178414,10
video_178460,7
video_178469,1
video_178498,5
video_178504,28
video_178505,30
video_178524,1
video_178532,3
video_178537,8
video_178553,32
video_178607,18
video_178614,5
video_178619,23
video_17862,31
video_178707,22
video_17871,30
video_178766,23
video_178811,2
video_178826,32
video_178881,12
video_178898,4
video_178930,3
video_178981,22
video_178997,4
video_179008,5
video_179020,28
video_179036,8
video_179052,10
video_179056,23
video_179109,15
video_179146,1
video_179236,10
video_179241,23
video_179242,31
video_179250,14
video_179258,5
video_179275,18
video_179287,5
video_179290,14
video_179291,9
video_179333,21
video_179348,5
video_179372,7
video_179374,4
video_179417,12
video_179486,9
video_179587,1
video_179591,10
video_179632,8
video_179658,28
video_179707,1
video_17975,1
video_179752,25
video_179760,1
video_179784,22
video_179826,22
video_179878,22
video_17988,10
video_179911,12
video_179919,22
video_179955,12
video_179966,30
video_179980,6
video_179984,7
video_180003,9
video_180014,22
video_180060,31
video_180064,20
video_180107,13
video_180150,3
video_180157,6
video_180181,13
video_180184,30
video_180202,29
video_180232,12
video_180282,19
video_1803,6
video_180314,4
video_180335,1
video_180415,3
video_180427,12
video_180433,22
video_180437,1
video_180441,29
video_18045,1
video_180469,3
video_180477,12
video_180506,6
video_180539,12
video_180546,12
video_180579,29
video_180748,13
video_180762,18
video_180800,28
video_180808,30
video_180813,32
video_180821,9
video_18085,21
video_180875,29
video_180926,10
video_180943,1
video_180961,32
video_180994,8
video_181005,29
video_181047,24
video_181113,7
video_181176,4
video_181201,19
video_181218,10
video_181221,23
video_18128,32
video_181308,12
video_181333,19
video_181355,32
video_181361,22
video_181395,4
video_181453,23
video_181469,28
video_181472,24
video_18149,25
video_181525,3
video_181562,7
video_181675,3
video_181700,8
video_181723,12
video_181743,11
video_181771,8
video_181780,30
video_181843,3
video_181855,9
video_181884,25
video_182010,22
video_18211,8
video_182116,23
video_182145,30
video_182213,30
video_182234,12
video_182289,8
video_18229,15
video_182308,32
video_182310,4
video_182334,22
video_182356,25
video_182409,30
video_182412,1
video_182449,19
video_182469,7
video_182499,29
video_182500,28
video_182541,3
video_182612,30
video_182624,9
video_182746,9
video_182765,1
video_182822,10
video_182872,31
video_182883,31
video_182901,6
video_182927,11
video_182931,29
video_182956,30
video_182984,30
video_182992,31
video_18304,9
video_183071,30
video_183084,15
video_183088,31
video_183127,1
video_183161,5
video_18317,22
video_18319,7
video_183213,5
video_183220,21
video_18326,22
video_183325,14
video_183360,18
video_183369,19
video_183383,22
video_183395,4
video_183419,24
video_183441,25
video_183445,9
video_183446,13
video_183476,9
video_183481,18
video_183509,31
video_183561,12
video_183562,0
video_183587,30
video_183617,29
video_183634,9
video_183647,9
video_183665,31
video_183704,1
video_183780,30
video_183785,3
video_183819,21
video_183822,31
video_183842,28
video_183857,4
video_183871,22
video_183886,30
video_183895,24
video_183896,3
video_183903,7
video_183907,12
video_183910,8
video_183918,32
video_183994,0
video_184055,12
video_184071,8
video_184076,30
video_184105,4
video_184151,22
video_184156,31
video_184217,18
video_184250,20
video_184259,21
video_184260,23
video_184299,11
video_184352,21
video_184363,8
video_184367,8
video_184542,32
video_184576,6
video_184586,5
video_184594,24
video_18464,29
video_184664,0
video_184729,31
video_184738,29
video_18474,32
video_184752,22
video_184777,21
video_184787,8
video_184839,7
video_184885,29
video_184912,4
video_184915,4
video_185172,25
video_185179,12
video_185222,7
video_185238,32
video_185254,3
video_185273,3
video_185347,28
video_185412,9
video_185433,8
video_185450,14
video_185452,6
video_18546,9
video_18549,31
video_185505,6
video_185524,12
video_185564,1
video_185623,3
video_185678,7
video_185694,24
video_185744,14
video_185750,1
video_185783,10
video_185812,32
video_185850,12
video_185859,8
video_185869,31
video_185874,30
video_185898,0
video_185911,22
video_185971,8
video_186010,19
video_186028,22
video_186047,6
video_186051,23
video_186134,31
video_186147,14
video_186174,7
video_186178,10
video_186199,6
video_186257,3
video_186306,7
video_186308,24
video_186359,6
video_186363,9
video_186377,6
video_186420,18
video_186429,24
video_18644,14
video_186486,20
video_186490,30
video_186497,9
video_186561,22
video_186581,31
video_186611,8
video_186637,12
video_186657,4
video_186812,4
video_186832,15
video_186840,9
video_186869,23
video_186981,31
video_186983,8
video_186997,12
video_187008,1
video_187019,8
video_18703,19
video_187092,28
video_187119,1
video_187123,0
video_187154,31
video_187205,4
video_187208,6
video_187259,22
video_187266,4
video_187267,3
video_187313,9
video_187333,3
video_187339,23
video_187348,1
video_187364,30
video_187367,23
video_187436,19
video_187461,12
video_187538,7
video_187545,6
video_187548,28
video_187570,9
video_18758,1
video_18762,20
video_18765,12
video_187650,0
video_187652,12
video_187725,31
video_187736,8
video_187763,30
video_187811,8
video_187826,10
video_187837,1
video_187865,1
video_187929,12
video_187945,13
video_187972,12
video_188023,3
video_188045,22
video_188098,1
video_188128,21
video_188135,9
video_188205,4
video_188210,3
video_18835,6
video_188354,5
video_188370,24
video_188380,3
video_188389,19
video_188414,6
video_188448,2
video_188456,22
video_188520,18
video_188545,23
video_188554,22
video_188565,9
video_18858,8
video_188645,31
video_188690,28
video_188736,1
video_188738,2
video_188750,0
video_188753,7
video_188807,6
video_188812,18
video_188822,1
video_18892,6
video_189004,3
video_189163,28
video_189179,7
video_189181,28
video_189253,30
video_189263,23
video_189288,6
video_189293,12
video_189299,9
video_189339,10
video_189378,14
video_189384,8
video_189415,7
video_189431,28
video_189549,31
video_189573,30
video_189612,7
video_189637,22
video_189648,4
video_189709,30
video_189724,1
video_189754,3
video_18978,30
video_18982,14
video_189826,31
video_18987,28
video_1899,29
video_189912,17
video_189922,10
video_189958,30
video_19002,22
video_190047,22
video_19008,18
video_1901,28
video_190116,30
video_190150,24
video_190160,32
video_190206,14
video_190216,31
video_190231,1
video_190240,0
video_190277,30
video_19028,9
video_190291,8
video_190308,32
video_190315,2
video_190328,24
video_190355,10
video_19037,11
video_190390,18
video_1904,2
video_190402,7
video_190418,0
video_190433,18
video_190526,14
video_190548,3
video_190550,7
video_190588,7
video_190618,4
video_190633,14
video_190635,7
video_190637,8
video_190653,7
video_190656,22
video_190736,32
video_190772,10
video_190798,6
video_190802,4
video_190813,9
video_190843,31
video_190867,6
video_190929,28
video_190979,23
video_19103,22
video_191051,12
video_191094,9
video_191103,8
video_191116,9
video_191126,3
video_191216,8
video_191252,32
video_191274,18
video_19128,9
video_191317,4
video_191372,6
video_191374,9
video_191387,20
video_1914,31
video_191478,1
video_191554,10
video_191617,29
video_191633,19
video_191655,22
video_191672,23
video_191679,9
video_191755,5
video_191794,12
video_191823,9
video_191830,3
video_19188,21
video_191886,24
video_191943,15
video_191994,2
video_192031,23
video_192042,25
video_192080,30
video_192139,1
video_192163,7
video_192176,28
video_19218,24
video_192221,20
video_192227,6
video_19224,14
video_192246,12
video_192284,1
video_192295,5
video_192340,5
video_192402,9
video_192404,20
video_192429,9
video_192444,28
video_192448,17
video_192464,29
video_192479,31
video_192497,22
video_192502,28
video_192590,30
video_192620,12
video_192646,28
video_192656,30
video_192681,22
video_192713,14
video_192742,31
video_192804,29
video_192890,28
video_192891,22
video_192911,12
video_19297,1
video_193022,2
video_193027,9
video_193039,22
video_193044,24
video_193058,5
video_193081,23
video_193094,0
video_193118,3
video_193126,1
video_19315,5
video_193158,5
video_193227,7
video_193245,9
video_193330,2
video_193339,14
video_193346,1
video_193393,30
video_193395,23
video_193427,3
video_193446,23
video_193467,1
video_193481,6
video_193539,10
video_193561,14
video_193631,22
video_19366,19
video_193665,31
video_193812,29
video_193823,32
video_193836,30
video_193881,28
video_193893,0
video_193915,4
video_193982,30
video_193990,6
video_193995,9
video_193999,22
video_194146,18
video_194177,3
video_194193,14
video_19422,18
video_19423,6
video_194259,32
video_194261,32
video_194302,18
video_194305,24
video_194362,32
video_194365,32
video_194510,7
video_194515,31
video_194572,30
video_194626,32
video_194636,32
video_194661,6
video_194665,12
video_194690,9
video_194694,3
video_1947,28
video_19470,14
video_194701,23
video_194707,6
video_194738,28
video_194752,4
video_194770,28
video_194813,0
video_194871,30
video_194910,32
video_194968,6
video_195030,32
video_195054,1
video_195069,4
video_195070,29
video_195079,19
video_195095,29
video_195137,32
video_195170,4
video_19527,9
video_19529,23
video_195291,4
video_195325,1
video_19533,15
video_195346,23
video_195361,1
video_195377,3
video_195426,8
video_195436,31
video_195512,14
video_19554,6
video_195556,30
video_195659,22
video_195687,1
video_195712,30
video_195822,18
video_195856,12
video_195862,1
video_195892,9
video_195944,24
video_195947,12
video_195973,13
video_195978,31
video_196014,10
video_196029,12
video_196071,4
video_196073,8
video_196280,12
video_196322,7
video_196338,22
video_196339,29
video_196348,7
video_196371,3
video_19638,23
video_196439,13
video_19649,28
video_196513,29
video_196518,5
video_196551,4
video_196601,29
video_196619,25
video_196634,24
video_196667,29
video_196704,24
video_196711,12
video_196727,4
video_196739,19
video_196813,29
video_196850,12
video_196873,2
video_196914,21
video_196922,0
video_197033,22
video_197035,31
video_197078,15
video_197150,18
video_197212,6
video_197218,24
video_197246,7
video_19726,22
video_197285,4
video_197304,7
video_197305,29
video_197307,28
video_197326,32
video_197460,28
video_197467,1
video_197521,10
video_197550,6
video_197567,30
video_197570,31
video_197632,7
video_197637,12
video_197638,30
video_197722,3
video_197731,30
video_197753,1
video_197781,4
video_197804,23
video_197827,28
video_197863,19
video_197893,7
video_197909,0
video_197916,7
video_19793,6
video_197932,5
video_198061,9
video_19808,24
video_198097,1
video_198135,25
video_198137,14
video_198196,18
video_19820,13
video_198255,25
video_198274,31
video_19829,17
video_198292,23
video_198305,6
video_19835,13
video_198354,32
video_198355,1
video_198358,28
video_198363,6
video_198373,6
video_198396,30
video_198398,23
video_198411,30
video_198425,6
video_198480,24
video_198532,14
video_198555,8
video_198558,29
video_198568,10
video_198627,5
video_198632,11
video_198636,9
video_198658,22
video_198721,10
video_19873,17
video_198818,0
video_198830,5
video_198895,9
video_198910,14
video_198917,14
video_198958,14
video_198960,4
video_198983,21
video_199026,14
video_199033,22
video_199053,25
video_199083,22
video_199084,29
video_199139,20
video_19914,32
video_199195,22
video_199216,10
video_199265,8
video_19930,1
video_199323,0
video_199349,12
video_199379,17
video_199407,25
video_199529,29
video_199586,7
video_199613,30
video_199686,4
video_199718,22
video_199731,2
video_199852,3
video_199859,28
video_199860,30
video_199891,18
video_1999,7
video_199914,6
video_199938,23
video_199943,22
video_199952,14
video_199954,31
video_199969,7
video_200048,22
video_200070,23
video_200135,19
video_200150,3
video_200156,13
video_200157,12
video_200171,8
video_200177,29
video_200209,9
video_200216,28
video_200228,20
video_200236,10
video_200291,9
video_200321,4
video_200326,7
video_200327,1
video_200348,7
video_200352,1
video_200385,29
video_200411,31
video_200440,14
video_200442,5
video_200463,25
video_200582,30
video_200595,28
video_200622,28
video_200624,23
video_200693,21
video_200703,3
video_200786,7
video_200802,31
video_200850,13
video_200874,28
video_200965,24
video_200969,4
video_20098,12
video_201042,22
video_201079,30
video_201095,6
video_201114,23
video_201126,30
video_201139,32
video_201153,5
video_201174,29
video_201199,8
video_201213,8
video_201222,19
video_201256,9
video_201267,32
video_201277,4
video_201291,19
video_201295,12
video_201326,28
video_201407,0
video_201444,1
video_201451,2
video_201457,14
video_201500,31
video_201503,24
video_201519,18
video_20155,30
video_201639,30
video_201652,8
video_201723,9
video_201733,23
video_201820,32
video_201856,7
video_20186,1
video_201873,22
video_201891,32
video_201905,3
video_201912,18
video_201932,28
video_201948,24
video_201955,12
video_201969,18
video_202005,6
video_202007,30
video_202035,30
video_202044,28
video_202097,9
video_202136,31
video_202161,31
video_202191,22
video_202193,31
video_202215,1
video_202223,3
video_20225,8
video_20227,30
video_202311,28
video_202387,0
video_202393,32
video_202452,14
video_2025,32
video_202515,22
video_202534,31
video_202577,29
video_202578,8
video_202593,1
video_202635,23
video_202639,9
video_202648,6
video_202666,3
video_202700,31
video_202706,1
video_202710,2
video_202739,32
video_20274,10
video_202745,4
video_202798,29
video_202894,7
video_202922,7
video_202932,14
video_202937,17
video_20297,32
video_202971,30
video_202976,5
video_20301,22
video_203022,9
video_20303,29
video_203069,3
video_203155,30
video_203178,22
video_203241,31
video_203245,10
video_203261,7
video_203264,22
video_203321,6
video_203329,3
video_203365,14
video_203386,9
video_203388,19
video_203390,22
video_203443,20
video_203446,24
video_203458,14
video_203480,23
video_203484,12
video_203486,23
video_203494,0
video_203515,1
video_203526,28
video_203557,32
video_203572,8
video_203606,1
video_203607,3
video_203674,14
video_203675,9
video_20369,8
video_203738,30
video_203812,10
video_203831,8
video_203876,3
video_203889,5
video_20392,8
video_203962,30
video_203964,8
video_203984,28
video_203987,9
video_203998,22
video_204002,30
video_204004,8
video_204020,7
video_204066,18
video_204077,18
video_204078,22
video_204091,6
video_204102,25
video_204117,3
video_204179,7
video_204195,18
video_204252,30
video_204283,24
video_204320,6
video_204363,12
video_204460,20
video_204461,3
video_204467,30
video_204510,10
video_20453,23
video_204538,29
video_20465,7
video_204653,22
video_204688,10
video_204699,32
video_204730,30
video_204745,5
video_204834,14
video_204903,14
video_204930,7
video_204975,14
video_204989,5
video_205019,30
video_205043,8
video_205052,23
video_205055,0
video_205080,3
video_205153,6
video_205157,3
video_205176,24
video_205224,1
video_205322,19
video_20541,32
video_205431,5
video_205536,23
video_205549,9
video_205579,30
video_205599,30
video_205628,4
video_205647,30
video_20566,22
video_205675,3
video_205699,5
video_205709,6
video_205711,32
video_205712,7
video_205755,1
video_205772,24
video_205808,28
video_205823,1
video_205836,4
video_205845,8
video_205879,1
video_205895,17
video_205907,30
video_205925,18
video_205929,32
video_205947,30
video_206018,3
video_206032,2
video_206087,7
video_20614,31
video_206140,9
video_206173,30
video_206196,14
video_20624,14
video_20625,5
video_206271,31
video_206277,32
video_206278,23
video_206301,4
video_20634,31
video_206352,30
video_206363,30
video_206386,10
video_206431,7
video_206458,28
video_206461,6
video_206464,28
video_206472,28
video_206543,31
video_206547,30
video_206712,7
video_206718,19
video_206777,8
video_206778,19
video_206802,22
video_206901,4
video_206908,12
video_206959,8
video_206976,30
video_2070,29
video_207006,21
video_207057,1
video_207091,1
video_207092,31
video_207203,12
video_207218,4
video_207219,4
video_207253,22
video_207293,14
video_207294,32
video_207324,7
video_20734,22
video_207371,22
video_207381,1
video_207415,20
video_207434,31
video_207463,1
video_207485,22
video_207538,31
video_207562,12
video_207631,4
video_207675,23
video_2077,4
video_207711,12
video_207743,9
video_207758,30
video_207764,5
video_207787,10
video_207788,31
video_20779,19
video_207878,30
video_207957,23
video_207958,15
video_207964,0
video_207965,31
video_207978,6
video_208,1
video_208008,30
video_20804,5
video_208053,0
video_208082,28
video_208089,22
video_208120,1
video_208140,30
video_208153,3
video_208159,25
video_208161,31
video_208164,1
video_208170,8
video_208183,12
video_208187,8
video_208239,1
video_208241,25
video_208293,1
video_208317,1
video_208319,6
video_208358,31
video_208378,22
video_208477,30
video_208480,29
video_208489,22
video_208498,9
video_208549,24
video_208583,7
video_208593,32
video_208624,23
video_208704,9
video_208756,9
video_20883,22
video_208849,21
video_208906,10
video_208986,6
video_209119,12
video_209135,32
video_209181,7
video_209211,1
video_209242,12
video_209303,29
video_209318,30
video_209333,10
video_209340,9
video_20935,6
video_209377,24
video_209390,23
video_209391,8
video_209456,19
video_209489,19
video_209527,2
video_209570,12
video_209591,4
video_209638,28
video_20966,14
video_209685,10
video_209707,28
video_209747,7
video_209793,24
video_209803,22
video_209815,14
video_209816,22
video_209822,14
video_209850,4
video_209881,12
video_209922,30
video_209927,6
video_20996,10
video_209991,7
video_210006,5
video_210015,5
video_210016,4
video_210027,10
video_210034,3
video_210086,12
video_21010,13
video_210102,5
video_210112,18
video_210148,9
video_210170,7
video_210197,22
video_210363,14
video_210377,24
video_210379,28
video_21039,9
video_210416,7
video_210420,32
video_210475,30
video_21048,32
video_210532,30
video_210540,8
video_210547,30
video_210571,6
video_21060,3
video_210622,23
video_210685,2
video_210708,9
video_210717,9
video_210792,4
video_210813,12
video_210820,10
video_210893,30
video_21092,7
video_210936,5
video_211021,19
video_211026,21
video_21103,9
video_211063,7
video_21109,4
video_211105,12
video_211147,21
video_211174,13
video_211177,28
video_211192,14
video_211214,3
video_211302,10
video_211327,10
video_211332,29
video_211388,1
video_211395,3
video_211405,1
video_211422,15
video_211576,30
video_211594,31
video_211733,19
video_211746,32
video_21188,8
video_21189,5
video_2119,14
video_211907,8
video_21196,1
video_211976,2
video_211988,1
video_212045,14
video_212077,8
video_212087,1
video_212093,0
video_212103,21
video_212108,12
video_212159,6
video_212193,21
video_212255,9
video_21227,30
video_212285,9
video_212298,12
video_212339,5
video_212385,28
video_212397,6
video_212402,5
video_21242,30
video_212433,23
video_212435,8
video_212439,6
video_212513,24
video_212641,25
video_212663,28
video_212675,18
video_212772,10
video_212849,24
video_212875,1
video_212886,29
video_212933,22
video_212962,0
video_212968,14
video_213015,8
video_213016,21
video_213054,8
video_213186,12
video_213223,21
video_21323,12
video_213248,30
video_213282,8
video_213285,12
video_213287,6
video_213303,23
video_213374,7
video_213375,4
video_213419,3
video_213445,22
video_213482,18
video_213489,28
video_213492,12
video_213494,29
video_213507,1
video_21352,1
video_213540,28
video_21356,3
video_213570,1
video_213596,1
video_213654,31
video_213706,18
video_213736,31
video_213769,8
video_213771,20
video_213789,16
video_213818,10
video_213820,12
video_213849,32
video_213852,8
video_213979,4
video_214057,19
video_214075,29
video_214079,1
video_214096,22
video_21410,1
video_21413,12
video_214143,32
video_214156,20
video_214259,11
video_214282,8
video_214298,9
video_21430,31
video_214326,18
video_21441,30
video_214474,14
video_214499,6
video_214514,6
video_214542,7
video_214547,29
video_21455,3
video_214560,19
video_214591,14
video_214627,9
video_214645,4
video_214665,30
video_214672,14
video_214683,23
video_214713,1
video_214758,7
video_214780,1
video_214812,32
video_214868,19
video_214908,5
video_21498,0
video_214986,6
video_215001,28
video_215013,5
video_215031,1
video_215037,2
video_215038,25
video_215040,1
video_215043,5
video_215073,8
video_215084,14
video_215130,31
video_21516,10
video_215175,4
video_215201,31
video_21521,0
video_215260,3
video_215267,19
video_21533,7
video_215372,0
video_215415,10
video_215420,3
video_215423,8
video_215443,14
video_215455,3
video_215483,18
video_215510,32
video_21554,3
video_215544,9
video_215567,8
video_215617,16
video_215620,12
video_21567,23
video_21577,18
video_215802,19
video_21582,30
video_215846,17
video_215877,12
video_215908,6
video_215933,0
video_215940,9
video_215982,1
video_216011,8
video_216029,19
video_216056,13
video_216061,5
video_216080,30
video_216083,7
video_216084,8
video_216228,7
video_21628,32
video_21634,29
video_216371,11
video_216490,1
video_216495,22
video_216502,30
video_216522,22
video_216581,22
video_216644,10
video_216695,12
video_216702,7
video_21671,30
video_216710,6
video_216721,23
video_216766,0
video_216805,21
video_216812,1
video_216824,3
video_216892,5
video_216916,19
video_216919,18
video_216944,31
video_216955,10
video_216957,32
video_216976,15
video_217007,1
video_217008,19
video_217010,14
video_217032,7
video_217046,4
video_21710,20
video_217101,19
video_217113,15
video_217148,23
video_217169,10
video_217175,5
video_217206,12
video_217318,28
video_217319,28
video_217323,2
video_217375,22
video_217407,6
video_217474,5
video_217532,28
video_217538,13
video_217561,12
video_217599,22
video_217654,25
video_217658,13
video_217708,23
video_217767,7
video_217773,23
video_2178,9
video_217881,32
video_217882,1
video_217884,1
video_217951,31
video_217962,24
video_218024,22
video_218160,8
video_218176,7
video_218241,9
video_21825,10
video_218279,14
video_218297,1
video_218322,6
video_218351,13
video_21836,14
video_21842,3
video_21846,9
video_218488,30
video_218519,30
video_218540,32
video_218545,4
video_218546,7
video_218600,25
video_218653,30
video_218688,6
video_218724,28
video_218734,12
video_218754,12
video_218786,25
video_218840,18
video_218855,22
video_218933,14
video_218975,9
video_218982,8
video_2190,9
video_219025,8
video_219040,14
video_219041,22
video_219061,2
video_219082,5
video_219098,10
video_219142,29
video_219143,12
video_219246,25
video_219265,0
video_219273,9
video_21929,12
video_219417,8
video_219469,12
video_219472,29
video_219496,5
video_219582,12
video_219624,7
video_219632,5
video_219686,5
video_219702,22
video_219707,7
video_219723,5
video_21980,8
video_219809,8
video_219826,14
video_219855,6
video_219862,24
video_219879,30
video_219885,12
video_219903,22
video_219945,29
video_219987,22
video_219988,10
video_22000,23
video_220002,4
video_220017,10
video_220066,30
video_220141,32
video_220180,12
video_220211,9
video_220221,31
video_220283,2
video_220348,4
video_220370,31
video_220477,31
video_220508,28
video_220549,14
video_220586,28
video_220623,9
video_22068,25
video_22069,14
video_220696,31
video_220746,22
video_220747,19
video_220770,7
video_220812,15
video_220846,9
video_22096,31
video_22120,1
video_22142,5
video_22153,8
video_22247,12
video_22248,0
video_22289,19
video_22322,9
video_22328,8
video_2238,29
video_22403,9
video_22441,8
video_22442,30
video_22445,7
video_22507,4
video_22547,7
video_22605,10
video_22626,23
video_22640,8
video_22716,6
video_22718,9
video_22749,3
video_2275,3
video_22760,3
video_22766,31
video_22770,4
video_22866,23
video_22891,10
video_22907,6
video_22945,7
video_23006,10
video_23028,1
video_23049,13
video_23056,5
video_23060,1
video_23203,1
video_23236,12
video_23237,31
video_23251,1
video_23288,30
video_23321,7
video_23405,7
video_23418,18
video_23419,30
video_23456,5
video_23467,9
video_23489,12
video_23502,8
video_23555,22
video_23557,3
video_23627,28
video_23631,30
video_23693,4
video_23725,22
video_23779,5
video_23790,14
video_23815,10
video_23824,30
video_23902,29
video_23939,2
video_23962,18
video_23964,8
video_24092,29
video_24101,0
video_24161,19
video_24214,7
video_24225,3
video_24251,18
video_24351,28
video_2439,14
video_24390,9
video_24439,29
video_24453,5
video_24510,28
video_24538,11
video_24540,6
video_24570,28
video_24607,1
video_2464,28
video_24690,31
video_24694,25
video_24713,10
video_24722,21
video_24757,7
video_24771,5
video_24810,24
video_2484,9
video_24841,4
video_24869,24
video_24901,3
video_24916,4
video_24936,32
video_2495,1
video_24953,7
video_24956,32
video_25016,31
video_25030,8
video_25054,1
video_25056,4
video_25154,32
video_2518,1
video_25263,31
video_25325,32
video_25362,32
video_25369,30
video_25390,24
video_25391,5
video_25417,6
video_25459,7
video_25460,9
video_25553,30
video_2557,3
video_25698,22
video_257,1
video_25749,28
video_25766,31
video_25767,23
video_25778,6
video_25780,22
video_25826,31
video_25856,2
video_25862,14
video_25930,28
video_25934,4
video_25936,28
video_2596,12
video_26015,32
video_26059,12
video_26069,31
video_2607,10
video_26070,12
video_26074,29
video_26100,4
video_26143,2
video_26153,29
video_26168,11
video_26194,14
video_26197,12
video_26219,31
video_26318,0
video_26363,31
video_26388,5
video_26452,28
video_2647,2
video_2651,10
video_26515,4
video_26523,3
video_26540,30
video_26566,29
video_26613,29
video_26662,31
video_26666,30
video_26686,25
video_2672,24
video_26798,3
video_26840,28
video_26882,9
video_26930,8
video_26964,32
video_2703,1
video_27075,22
video_27090,13
video_27159,9
video_2716,12
video_27182,9
video_27200,12
video_27227,15
video_27250,30
video_27261,10
video_27271,8
video_27276,6
video_27288,0
video_27289,22
video_27328,22
video_27338,22
video_27378,20
video_27385,12
video_27406,6
video_27408,3
video_27435,30
video_27443,7
video_27468,9
video_27498,25
video_2762,12
video_27671,10
video_27676,9
video_27686,30
video_27694,13
video_27696,30
video_27717,3
video_27743,1
video_27751,28
video_27764,29
video_27782,2
video_27805,1
video_27866,3
video_27871,4
video_27885,9
video_27888,30
video_27915,29
video_27931,28
video_27934,31
video_27956,9
video_27983,8
video_28001,0
video_28023,7
video_28117,31
video_28150,10
video_28171,1
video_28242,8
video_28273,28
video_28286,5
video_28291,14
video_2832,6
video_28323,31
video_28355,31
video_28367,0
video_28412,3
video_28441,18
video_28454,1
video_28506,12
video_28511,31
video_28625,14
video_28632,12
video_28637,30
video_2865,6
video_28662,1
video_28677,28
video_28680,7
video_28692,28
video_28695,25
video_28696,13
video_28726,8
video_28737,9
video_28780,6
video_28784,1
video_2881,9
video_28833,9
video_28837,25
video_28945,21
video_28950,18
video_29010,7
video_29032,32
video_29035,14
video_2905,2
video_29058,7
video_29090,1
video_29147,24
video_29158,30
video_29168,12
video_29203,23
video_29207,30
video_29248,3
video_29271,6
video_2928,28
video_29286,31
video_29388,14
video_29436,5
video_2964,3
video_29669,20
video_29685,23
video_29688,10
video_29706,9
video_29723,19
video_2973,5
video_29733,30
video_2976,28
video_29772,9
video_29786,14
video_29817,5
video_29844,7
video_29868,1
video_29877,8
video_29880,4
video_29901,1
video_29935,9
video_29940,12
video_29946,12
video_29965,0
video_30043,4
video_30044,8
video_30076,22
video_30088,7
video_30093,4
video_30101,1
video_30139,31
video_30142,30
video_30158,22
video_30164,30
video_30184,7
video_3019,28
video_30204,29
video_30232,8
video_30255,14
video_30326,4
video_30338,22
video_30342,20
video_30343,7
video_30374,29
video_30408,0
video_30425,4
video_30466,1
video_30523,8
video_30527,3
video_30528,25
video_30541,6
video_30551,1
video_30598,12
video_30643,22
video_30679,4
video_3068,31
video_3069,22
video_30732,31
video_30857,14
video_30863,9
video_30864,10
video_30865,28
video_30870,3
video_30879,9
video_30888,7
video_30924,0
video_30958,6
video_30980,30
video_30982,22
video_30996,23
video_31046,6
video_31096,8
video_31102,30
video_3117,12
video_31217,6
video_31240,30
video_31253,22
video_31283,29
video_31334,12
video_31336,30
video_31396,28
video_31446,21
video_31465,9
video_31466,28
video_31490,22
video_31505,12
video_31507,7
video_31549,3
video_31564,2
video_31611,32
video_31670,12
video_31675,28
video_31699,31
video_31743,5
video_31802,4
video_31876,5
video_31881,30
video_3189,1
video_31925,3
video_31975,12
video_32007,0
video_32150,9
video_32177,32
video_3222,14
video_32238,12
video_32255,4
video_32276,28
video_32285,22
video_32322,2
video_32393,3
video_32411,19
video_32440,10
video_32462,31
video_32473,4
video_32485,12
video_32495,6
video_32530,7
video_32535,12
video_32669,32
video_3273,7
video_32748,18
video_32798,12
video_3288,10
video_32905,14
video_32935,29
video_32936,1
video_32997,29
video_32999,14
video_33027,8
video_33077,2
video_33125,2
video_33165,1
video_33179,18
video_33214,3
video_3325,9
video_33268,1
video_33275,1
video_33318,31
video_33336,5
video_33376,30
video_33403,0
video_33410,22
video_3342,24
video_33424,25
video_33428,31
video_33460,4
video_33510,8
video_33524,30
video_33589,19
video_33596,8
video_33673,29
video_33716,20
video_33840,14
video_33850,5
video_33874,30
video_33907,7
video_3391,5
video_33912,14
video_33920,5
video_33947,9
video_33970,9
video_33979,30
video_34021,6
video_34025,3
video_3410,30
video_34115,32
video_34160,22
video_34167,3
video_34226,6
video_34227,29
video_34237,22
video_34239,30
video_34259,28
video_34321,22
video_3434,23
video_34353,24
video_34390,10
video_34397,7
video_34407,12
video_34474,19
video_34476,9
video_34513,28
video_34519,8
video_34588,21
video_3459,5
video_34591,5
video_34595,12
video_34644,14
video_34696,8
video_34711,23
video_34721,13
video_34723,29
video_3473,18
video_34734,18
video_34823,30
video_34834,3
video_34883,9
video_34964,28
video_34981,1
video_34991,31
video_35000,12
video_35045,21
video_35082,30
video_35141,24
video_35166,31
video_35182,8
video_3519,6
video_35195,11
video_35275,29
video_35358,10
video_35361,31
video_35447,22
video_35452,31
video_35460,20
video_35461,14
video_35495,29
video_355,29
video_35524,31
video_35546,30
video_35590,31
video_35647,23
video_35658,10
video_35705,5
video_35753,1
video_35854,12
video_35918,30
video_35928,1
video_35932,8
video_35942,9
video_35969,17
video_35972,12
video_35973,30
video_35984,30
video_36050,7
video_36115,30
video_36171,22
video_36313,3
video_3639,18
video_36447,1
video_36463,9
video_36472,19
video_36489,30
video_36531,28
video_36624,22
video_36638,23
video_36666,8
video_36707,10
video_36740,1
video_36756,10
video_36757,5
video_36780,5
video_36811,5
video_36817,22
video_36821,18
video_36853,12
video_36884,4
video_36902,22
video_36959,10
video_36969,31
video_37034,18
video_37041,0
video_37298,6
video_37310,31
video_37343,9
video_37384,12
video_37409,14
video_37482,5
video_3753,10
video_37547,7
video_3756,8
video_37600,32
video_37614,28
video_37628,24
video_37671,5
video_37695,28
video_37699,13
video_37711,12
video_37758,8
video_37760,3
video_37840,8
video_37852,31
video_37866,0
video_37874,22
video_37877,4
video_37961,23
video_3798,10
video_37993,11
video_37999,24
video_38067,9
video_38077,7
video_38078,32
video_38107,32
video_38126,14
video_38129,32
video_38132,5
video_38227,29
video_3824,1
video_38268,12
video_38294,0
video_38319,19
video_38320,29
video_38330,7
video_38334,1
video_38354,12
video_38360,30
video_3841,22
video_38468,12
video_38478,3
video_38480,1
video_38492,24
video_38536,29
video_38544,4
video_38582,6
video_38618,3
video_3864,28
video_38647,17
video_38652,14
video_38663,1
video_38670,25
video_38706,20
video_38739,29
video_38773,13
video_38790,30
video_38809,22
video_38812,7
video_38818,7
video_38858,25
video_38938,28
video_39058,22
video_39059,1
video_39069,29
video_39072,9
video_39114,29
video_39115,24
video_39116,28
video_39121,12
video_39149,19
video_39188,5
video_39226,30
video_39253,19
video_3926,22
video_39272,30
video_39279,9
video_39304,4
video_39340,0
video_39341,21
video_39373,0
video_39419,6
video_39428,6
video_39442,20
video_39545,23
video_3956,7
video_39571,4
video_39582,9
video_39609,9
video_39633,10
video_39649,10
video_39677,2
video_3975,5
video_3980,12
video_3981,20
video_39821,25
video_39953,3
video_400,23
video_4000,5
video_40017,19
video_40060,8
video_401,6
video_40100,9
video_40160,21
video_40188,30
video_4022,4
video_40248,2
video_40289,22
video_40300,2
video_40325,12
video_40362,5
video_40364,13
video_40429,31
video_40436,14
video_40490,1
video_40497,7
video_40508,29
video_40546,30
video_40552,28
video_40572,19
video_40687,9
video_40692,8
video_407,0
video_40762,22
video_40763,4
video_40765,14
video_40829,23
video_4085,19
video_40866,8
video_40892,13
video_40900,22
video_40943,29
video_40975,12
video_40988,29
video_41018,18
video_41092,5
video_41122,8
video_41146,7
video_41152,14
video_41164,32
video_41249,12
video_41251,23
video_41258,23
video_4127,23
video_41281,29
video_41283,5
video_41317,9
video_41451,30
video_41461,19
video_4148,1
video_41484,28
video_4149,3
video_41525,9
video_41532,29
video_41533,8
video_41562,18
video_4157,11
video_41589,18
video_41606,30
video_41751,4
video_41763,4
video_41770,14
video_41808,22
video_41905,17
video_41976,7
video_4200,10
video_42023,6
video_42099,14
video_42177,4
video_42221,12
video_42261,6
video_42270,9
video_42288,21
video_4229,30
video_42307,28
video_42364,29
video_42386,22
video_42460,5
video_42476,4
video_42525,29
video_42622,6
video_42646,32
video_42703,31
video_42711,28
video_42719,32
video_42724,12
video_42726,25
video_42757,0
video_42779,17
video_43,7
video_43003,9
video_43028,29
video_43029,15
video_43030,4
video_4304,7
video_4306,7
video_4307,4
video_43114,10
video_4315,7
video_43242,6
video_43244,7
video_43250,15
video_43339,9
video_43388,6
video_43394,6
video_43399,28
video_43402,1
video_43427,22
video_43452,5
video_43457,22
video_43485,12
video_4350,9
video_43622,29
video_43649,0
video_43667,30
video_43670,8
video_43746,23
video_43753,8
video_43762,2
video_43789,4
video_438,6
video_43897,10
video_4390,9
video_43903,28
video_43921,30
video_43947,9
video_43974,6
video_43997,19
video_43998,12
video_44001,19
video_44011,23
video_44013,32
video_44030,8
video_44062,31
video_4408,6
video_44120,30
video_44124,14
video_44178,4
video_44216,0
video_44272,5
video_4428,22
video_44384,23
video_44406,29
video_44417,23
video_4449,24
video_44490,29
video_4450,6
video_44535,32
video_44541,32
video_44569,23
video_44584,29
video_44642,18
video_44646,0
video_44654,14
video_44678,30
video_44761,30
video_44764,22
video_44779,14
video_44783,30
video_44790,20
video_44791,25
video_44805,9
video_44874,0
video_4489,7
video_44920,20
video_44944,16
video_45003,2
video_45029,13
video_45071,31
video_45101,22
video_45117,8
video_45173,5
video_45218,10
video_45245,30
video_45271,20
video_45280,12
video_45289,23
video_45296,1
video_45359,24
video_45360,9
video_45380,18
video_45407,23
video_45439,12
video_45498,28
video_45555,14
video_45576,22
video_45591,14
video_45601,16
video_4568,25
video_45798,9
video_45804,25
video_45810,2
video_45831,6
video_45832,28
video_45875,9
video_4588,24
video_45881,22
video_45924,8
video_46019,30
video_46023,10
video_46024,5
video_46047,4
video_46070,30
video_46093,18
video_46133,14
video_46152,19
video_46198,30
video_4626,7
video_46286,4
video_46340,30
video_46347,10
video_46393,4
video_46495,13
video_46499,30
video_46502,30
video_46503,23
video_46565,12
video_46570,12
video_46615,31
video_46635,2
video_46652,12
video_46656,31
video_46664,29
video_4671,22
video_46758,30
video_46759,1
video_46773,3
video_46821,25
video_46857,23
video_4688,28
video_46896,23
video_46931,3
video_46956,5
video_46959,10
video_46981,10
video_47012,18
video_47020,1
video_47048,12
video_47053,0
video_47084,31
video_47103,7
video_47178,6
video_47201,29
video_47202,6
video_47213,22
video_47228,16
video_47231,31
video_47250,28
video_47275,30
video_47287,1
video_47334,9
video_4735,5
video_47418,17
video_47448,30
video_47449,1
video_47516,4
video_47525,32
video_47543,10
video_47591,8
video_47617,7
video_47705,1
video_47719,30
video_47745,32
video_47790,18
video_47807,8
video_47874,30
video_47876,5
video_47933,14
video_47948,32
video_47967,28
video_47968,31
video_47970,19
video_47974,1
video_48000,32
video_48043,25
video_48054,7
video_48079,10
video_48116,2
video_48124,18
video_48139,20
video_48174,2
video_48232,7
video_48245,8
video_48247,16
video_48260,12
video_48285,4
video_48287,9
video_48330,12
video_48338,31
video_48365,20
video_48374,14
video_4842,30
video_48447,24
video_48463,5
video_48471,28
video_48496,6
video_48529,6
video_48543,8
video_48546,23
video_48557,3
video_48571,8
video_48576,5
video_48616,32
video_48683,28
video_48719,3
video_48729,10
video_4873,8
video_48804,7
video_48834,7
video_48925,1
video_49011,31
video_4905,29
video_49067,6
video_4915,7
video_49218,22
video_4928,18
video_49296,32
video_49328,19
video_49361,30
video_4950,7
video_49512,30
video_49513,5
video_49531,32
video_49535,10
video_49575,31
video_49618,8
video_49621,12
video_49628,30
video_49685,14
video_49732,29
video_49736,5
video_498,4
video_4988,1
video_49928,12
video_50049,5
video_50057,32
video_50058,24
video_50060,9
video_50062,28
video_50101,3
video_5011,7
video_50119,10
video_50130,3
video_50145,23
video_50161,24
video_50176,31
video_50209,10
video_50248,8
video_50255,30
video_50287,10
video_50314,5
video_50357,9
video_50407,29
video_50442,6
video_5061,14
video_50611,1
video_50622,1
video_50684,1
video_50685,24
video_50687,5
video_50714,10
video_50761,22
video_50768,19
video_50778,12
video_50801,31
video_50809,4
video_50813,30
video_50819,29
video_50827,28
video_50861,29
video_50898,25
video_50948,31
video_50960,32
video_50979,14
video_51001,6
video_51006,6
video_51086,3
video_51154,28
video_51161,31
video_51182,1
video_51235,4
video_51293,22
video_51326,30
video_51341,30
video_51344,25
video_51377,6
video_51447,0
video_51471,8
video_51603,5
video_51612,14
video_51643,29
video_51665,6
video_51667,22
video_51680,29
video_51699,6
video_51735,1
video_51827,30
video_51840,8
video_5185,9
video_51878,10
video_51887,29
video_51894,1
video_51964,19
video_51980,4
video_51987,13
video_52006,17
video_52011,19
video_52012,5
video_52021,9
video_52030,8
video_52033,9
video_5204,15
video_52045,23
video_52110,1
video_52116,29
video_52123,6
video_52126,8
video_52177,9
video_52227,12
video_52282,30
video_52291,30
video_52389,10
video_52429,0
video_52434,23
video_52459,21
video_52471,1
video_52473,24
video_52476,19
video_52588,2
video_5274,23
video_5290,23
video_52959,18
video_52964,29
video_52988,6
video_53118,19
video_5312,8
video_53228,12
video_53265,32
video_5329,32
video_5332,30
video_53328,23
video_53383,8
video_53389,28
video_53400,6
video_53428,12
video_53439,29
video_53449,6
video_53450,22
video_53486,3
video_53513,30
video_53516,28
video_53517,32
video_53563,18
video_5359,28
video_53632,12
video_53669,9
video_53704,31
video_53732,12
video_53767,3
video_53831,12
video_5386,6
video_53876,1
video_53892,19
video_53894,3
video_53910,22
video_53914,8
video_53991,0
video_54035,3
video_54055,7
video_54151,21
video_5418,9
video_54197,9
video_54255,9
video_54317,28
video_54345,21
video_54369,28
video_54381,9
video_54395,21
video_54408,2
video_54411,1
video_54448,1
video_54498,14
video_54532,9
video_54760,30
video_54774,28
video_54902,12
video_54910,0
video_54927,6
video_54948,12
video_5496,24
video_550,11
video_55005,7
video_55021,1
video_5506,4
video_55215,29
video_55223,5
video_55237,13
video_55249,3
video_55277,17
video_55279,3
video_55298,4
video_55312,9
video_55324,8
video_55327,22
video_55344,1
video_55514,4
video_55517,28
video_55547,7
video_5557,21
video_55593,30
video_55630,7
video_55692,32
video_55746,12
video_55751,22
video_55772,21
video_55785,9
video_55816,9
video_55822,12
video_5583,8
video_55830,28
video_5584,22
video_55843,24
video_55845,1
video_55853,28
video_5586,28
video_55876,11
video_55887,1
video_55892,30
video_5592,24
video_56009,8
video_5601,3
video_56016,29
video_5607,22
video_56082,4
video_56096,3
video_56139,1
video_56153,31
video_56172,6
video_56174,12
video_56176,20
video_5619,31
video_56198,10
video_56209,4
video_56217,3
video_56218,32
video_56242,9
video_56246,22
video_56253,4
video_56338,28
video_56358,30
video_56365,9
video_56375,30
video_56377,5
video_56390,22
video_56416,30
video_56448,18
video_56450,22
video_56459,5
video_56460,12
video_56474,22
video_56556,19
video_56574,22
video_56600,6
video_56662,6
video_56665,32
video_56745,4
video_56746,6
video_56753,13
video_56756,12
video_5683,28
video_56878,2
video_56921,31
video_56998,1
video_57008,32
video_57058,9
video_57064,3
video_57101,0
video_57117,1
video_57166,19
video_57168,4
video_57171,4
video_57187,30
video_57253,9
video_57275,8
video_57308,15
video_5731,29
video_57349,12
video_57361,3
video_57376,22
video_57416,31
video_57422,30
video_57443,28
video_57538,31
video_57568,30
video_57584,5
video_57591,10
video_57616,31
video_57623,1
video_5763,8
video_57632,23
video_57648,20
video_5768,31
video_57700,30
video_57769,32
video_57789,9
video_57817,22
video_57839,7
video_5784,31
video_57893,12
video_57954,31
video_57968,30
video_57987,4
video_58087,1
video_5809,7
video_58103,14
video_58117,29
video_58153,12
video_58219,4
video_58318,19
video_58333,3
video_58334,25
video_58364,7
video_58421,5
video_58454,12
video_58516,5
video_58518,32
video_58529,3
video_58534,19
video_58670,5
video_58701,9
video_58719,19
video_58731,23
video_58743,1
video_58746,30
video_58798,9
video_58799,9
video_588,30
video_58882,19
video_58885,9
video_58998,9
video_59000,9
video_59016,6
video_59025,4
video_59032,19
video_59118,30
video_59119,31
video_59155,22
video_59157,3
video_5917,30
video_59178,30
video_59196,5
video_59228,30
video_59251,10
video_59265,12
video_59292,29
video_59314,23
video_59317,9
video_59346,31
video_59394,21
video_59402,2
video_59463,20
video_59496,12
video_59518,30
video_59519,12
video_59561,1
video_596,29
video_59604,31
video_59608,15
video_59609,21
video_59653,25
video_59677,9
video_59747,22
video_59877,24
video_59914,0
video_59928,10
video_59963,12
video_59980,9
video_59997,2
video_60054,12
video_60061,0
video_60080,18
video_60146,30
video_60161,23
video_60190,32
video_60211,23
video_6027,29
video_60319,30
video_60369,19
video_60390,30
video_604,1
video_60405,11
video_60427,13
video_60429,18
video_607,1
video_60773,6
video_60783,5
video_60840,28
video_60858,29
video_60876,4
video_60926,29
video_61026,1
video_61035,23
video_61048,6
video_61049,22
video_61066,30
video_61100,17
video_61120,3
video_61161,21
video_61197,13
video_61200,5
video_61209,22
video_61249,22
video_61280,7
video_61302,7
video_61332,5
video_61340,1
video_61350,21
video_61368,5
video_61376,12
video_61432,18
video_61555,21
video_61556,6
video_61571,5
video_6158,28
video_61581,28
video_61582,12
video_6160,9
video_61663,2
video_61689,29
video_61732,7
video_61793,0
video_61848,12
video_61872,5
video_61971,1
video_62014,12
video_62020,28
video_62034,10
video_6204,18
video_62040,8
video_62046,1
video_62139,24
video_62172,31
video_62342,29
video_6235,14
video_62363,31
video_62390,24
video_62400,30
video_62405,29
video_6250,11
video_62520,9
video_62574,12
video_62585,1
video_62635,3
video_62749,7
video_62847,24
video_62851,23
video_62876,12
video_6289,14
video_62917,14
video_62975,11
video_62988,3
video_62997,1
video_63028,1
video_63052,18
video_63066,17
video_63074,23
video_63075,15
video_63079,1
video_63144,31
video_63149,24
video_63169,32
video_6324,32
video_63329,32
video_63339,10
video_63505,6
video_63507,11
video_63511,31
video_63513,1
video_63574,12
video_63576,18
video_63583,6
video_63592,9
video_63601,22
video_63602,1
video_63603,9
video_63627,1
video_63649,0
video_63690,23
video_63701,9
video_6372,30
video_63727,0
video_63748,9
video_63768,32
video_63799,22
video_63835,13
video_63845,32
video_63856,12
video_63865,30
video_63868,30
video_63958,31
video_63968,7
video_63994,8
video_64000,28
video_64004,25
video_64010,1
video_64093,3
video_64183,10
video_64200,12
video_64242,23
video_64247,1
video_64275,4
video_64283,22
video_64318,5
video_64354,30
video_64364,31
video_64468,5
video_64536,0
video_64579,8
video_64653,4
video_64659,30
video_64670,19
video_64676,24
video_64698,0
video_64772,22
video_64782,13
video_64844,12
video_64866,12
video_6487,28
video_64891,5
video_64896,18
video_64936,30
video_64939,12
video_64946,3
video_64954,8
video_64984,7
video_65057,8
video_65079,25
video_65103,25
video_65136,4
video_65190,31
video_65236,1
video_65242,1
video_65243,6
video_65246,10
video_6528,30
video_65288,24
video_65305,9
video_65332,31
video_65353,32
video_65392,31
video_65427,12
video_65438,8
video_65447,22
video_65451,1
video_65452,30
video_65474,6
video_65528,31
video_6558,29
video_65587,9
video_656,1
video_65624,30
video_65686,12
video_65750,30
video_65773,22
video_65774,25
video_65782,29
video_65786,24
video_65791,14
video_65795,10
video_65840,14
video_65938,7
video_6595,8
video_66001,31
video_66023,7
video_66053,22
video_66075,3
video_66133,6
video_66148,1
video_6615,32
video_66151,5
video_66177,4
video_66210,10
video_66249,4
video_66265,1
video_66275,30
video_66330,32
video_66350,24
video_66375,5
video_66441,8
video_66483,29
video_66515,3
video_66537,22
video_66553,24
video_66567,12
video_66697,30
video_66709,1
video_66718,4
video_6672,18
video_66762,2
video_66805,30
video_66830,23
video_66862,12
video_66910,28
video_66933,6
video_66959,10
video_66980,23
video_66984,30
video_67027,19
video_67086,8
video_67105,1
video_67172,7
video_67204,9
video_67256,1
video_67258,20
video_6727,22
video_67290,29
video_67330,15
video_67364,23
video_67374,6
video_67383,4
video_67429,31
video_67473,30
video_67484,25
video_67497,22
video_675,30
video_67509,8
video_67518,28
video_67568,9
video_67614,12
video_67625,10
video_67686,31
video_67690,10
video_67701,20
video_67705,23
video_67713,12
video_67731,31
video_67765,8
video_67773,24
video_67803,8
video_6783,31
video_67857,22
video_6786,12
video_67861,30
video_67892,28
video_67998,32
video_68002,4
video_68018,1
video_68052,12
video_68055,7
video_68092,1
video_68104,8
video_6811,1
video_68113,6
video_68141,14
video_68190,22
video_68286,14
video_68320,22
video_68337,31
video_68347,6
video_6843,6
video_6850,23
video_68532,32
video_68535,5
video_6859,31
video_68590,21
video_68596,0
video_68603,23
video_68651,10
video_68675,30
video_68813,1
video_68875,13
video_68998,30
video_69014,1
video_69017,5
video_69030,6
video_69100,22
video_69124,9
video_69134,32
video_69200,7
video_69278,13
video_6931,9
video_69341,14
video_69343,10
video_69382,22
video_69447,7
video_69509,25
video_69511,20
video_69540,22
video_69549,6
video_69576,17
video_69585,29
video_69588,4
video_6963,1
video_69632,25
video_69640,28
video_69651,5
video_69658,4
video_69670,32
video_69684,1
video_69691,9
video_69724,29
video_69738,9
video_69764,9
video_69788,25
video_69842,6
video_69855,4
video_69922,1
video_70012,20
video_70035,3
video_70109,24
video_70113,30
video_70152,10
video_70182,12
video_70197,20
video_7022,29
video_70224,6
video_70237,32
video_70293,10
video_70295,12
video_70319,8
video_70322,22
video_7033,7
video_7035,10
video_70353,6
video_70399,7
video_704,0
video_70460,12
video_70490,1
video_70526,30
video_70605,32
video_70623,3
video_70640,1
video_70698,7
video_70705,24
video_7071,14
video_70715,4
video_70748,7
video_70866,14
video_70893,31
video_70895,9
video_70914,7
video_70933,30
video_70939,2
video_70958,22
video_7102,28
video_71056,12
video_71084,3
video_71123,28
video_7115,24
video_71197,14
video_71258,1
video_71276,7
video_71294,10
video_71310,17
video_71331,17
video_71349,28
video_71367,1
video_71401,7
video_71404,31
video_7141,10
video_71414,29
video_71459,7
video_71569,19
video_71628,8
video_71638,7
video_71663,13
video_71673,14
video_71825,31
video_71828,32
video_71866,25
video_71946,30
video_72000,9
video_72017,23
video_72039,5
video_72071,22
video_72090,18
video_72111,30
video_72133,31
video_72161,12
video_72191,30
video_7235,25
video_72405,30
video_72578,6
video_72591,31
video_72597,22
video_72621,4
video_72650,30
video_72683,18
video_72713,29
video_72732,18
video_72740,7
video_72752,28
video_72762,19
video_72771,22
video_72781,30
video_72881,10
video_72933,8
video_7294,4
video_72984,6
video_730,8
video_73004,3
video_73013,0
video_73015,18
video_73041,14
video_73050,3
video_73077,23
video_73079,15
video_73084,19
video_73162,8
video_73178,14
video_73203,4
video_73230,12
video_73251,31
video_73254,10
video_7328,10
video_73280,22
video_73304,30
video_73389,6
video_73400,30
video_73443,6
video_7346,4
video_73533,6
video_73562,3
video_7357,19
video_73614,13
video_73626,3
video_73645,9
video_73648,7
video_73659,10
video_73694,22
video_73704,0
video_73731,22
video_73748,9
video_73768,6
video_73772,8
video_73783,19
video_73910,22
video_73956,1
video_7397,29
video_7400,19
video_74011,7
video_74030,1
video_74040,29
video_74043,22
video_7409,12
video_74093,15
video_74159,1
video_74161,23
video_74174,7
video_74212,5
video_74215,7
video_74223,30
video_74244,9
video_74361,13
video_74368,28
video_74373,18
video_74410,28
video_74417,0
video_74490,22
video_74501,5
video_74502,22
video_74553,6
video_74597,7
video_74609,1
video_74622,4
video_74646,9
video_74677,23
video_7468,0
video_74693,6
video_74700,3
video_74722,22
video_74780,7
video_74781,18
video_74784,10
video_74806,20
video_74867,14
video_74903,20
video_74958,30
video_74974,24
video_75041,22
video_75059,29
video_75070,6
video_7511,29
video_75128,30
video_75133,8
video_75144,3
video_75182,4
video_75222,0
video_7524,24
video_75286,18
video_75300,3
video_75329,3
video_75363,23
video_75365,31
video_75406,31
video_75427,30
video_75448,12
video_75507,7
video_75534,31
video_75616,12
video_75694,31
video_75711,12
video_75726,21
video_75729,4
video_75765,32
video_75799,8
video_75813,16
video_75853,28
video_75862,28
video_75956,23
video_75968,14
video_76001,14
video_76018,22
video_76052,12
video_76067,8
video_76085,29
video_76092,30
video_76205,6
video_76236,7
video_76248,15
video_76251,8
video_76279,9
video_76348,22
video_76350,31
video_7641,5
video_76481,23
video_76486,10
video_76539,31
video_7656,1
video_76586,17
video_7666,6
video_76674,12
video_76717,1
video_76778,9
video_76783,31
video_76826,30
video_7684,30
video_76898,7
video_76909,3
video_76927,30
video_76947,14
video_76958,1
video_76960,30
video_76997,9
video_77034,10
video_77040,8
video_77102,5
video_77156,6
video_77160,18
video_77189,5
video_77232,28
video_77251,10
video_7735,6
video_77352,10
video_77372,21
video_77385,31
video_774,9
video_77411,12
video_77423,1
video_77430,1
video_77448,3
video_7745,28
video_77464,3
video_77498,0
video_77504,25
video_77540,28
video_77613,2
video_77645,3
video_77658,18
video_77663,21
video_7768,30
video_77747,1
video_77776,28
video_77830,7
video_77836,30
video_77837,4
video_77838,5
video_77845,31
video_77910,0
video_77920,19
video_77952,1
video_77969,14
video_77985,30
video_77996,31
video_78005,4
video_78016,29
video_78033,6
video_78079,7
video_78130,10
video_78163,6
video_78182,9
video_78186,8
video_78210,7
video_78228,5
video_78349,2
video_78366,20
video_78411,17
video_78412,23
video_78440,7
video_78442,0
video_78514,9
video_78525,22
video_78547,3
video_78562,31
video_78653,13
video_78668,30
video_78686,13
video_78702,9
video_78703,2
video_78715,9
video_78785,14
video_78824,29
video_78832,14
video_78860,28
video_78920,1
video_78923,30
video_78924,7
video_78962,28
video_78965,2
video_78972,13
video_78976,13
video_79009,4
video_79046,1
video_79081,6
video_79095,9
video_79142,28
video_79176,31
video_79183,12
video_79238,11
video_79245,22
video_79278,24
video_7930,1
video_79326,25
video_79346,18
video_79348,18
video_79359,5
video_79360,28
video_79367,6
video_79391,22
video_79394,4
video_79409,28
video_79450,31
video_79461,9
video_79475,28
video_7948,8
video_79494,9
video_79527,6
video_79568,4
video_79573,0
video_79580,32
video_79622,12
video_79657,22
video_79691,8
video_79722,6
video_79727,4
video_79745,7
video_79756,30
video_79772,19
video_79853,22
video_79881,8
video_79929,32
video_7995,24
video_80017,4
video_80018,22
video_80056,29
video_80137,24
video_80164,15
video_80192,21
video_80314,6
video_80355,21
video_80381,7
video_80467,6
video_80493,10
video_80499,25
video_80516,10
video_80541,14
video_80546,28
video_80616,9
video_80682,28
video_80719,22
video_80809,30
video_8081,24
video_80827,19
video_80830,9
video_80832,22
video_80887,31
video_80903,8
video_80914,29
video_8093,5
video_80942,30
video_80949,28
video_81015,14
video_81077,24
video_81125,31
video_81174,32
video_81178,8
video_81197,28
video_8125,19
video_81288,5
video_81302,30
video_81331,21
video_81344,29
video_81349,5
video_81362,18
video_81364,3
video_81451,7
video_81458,12
video_81491,21
video_8150,29
video_81504,4
video_81535,2
video_81557,30
video_81560,31
video_81581,19
video_81663,1
video_81768,1
video_81770,8
video_81779,25
video_81808,22
video_81831,12
video_81903,28
video_81917,14
video_81936,32
video_81963,8
video_81995,1
video_81997,24
video_82044,29
video_82084,23
video_82127,22
video_82232,1
video_82233,4
video_82254,3
video_82258,32
video_8226,22
video_82315,5
video_8241,9
video_8243,10
video_82462,8
video_82473,8
video_82490,9
video_82495,10
video_82565,32
video_82569,12
video_82600,2
video_82629,6
video_82716,29
video_82728,21
video_82730,6
video_82731,32
video_82759,31
video_82832,18
video_82857,6
video_82925,28
video_82932,25
video_83062,21
video_8311,0
video_83148,32
video_83173,20
video_83231,7
video_83326,21
video_83328,9
video_83337,8
video_83357,3
video_83408,28
video_83497,4
video_83534,31
video_83575,8
video_83596,1
video_83631,14
video_83643,17
video_83647,14
video_8365,1
video_83670,20
video_83672,9
video_83721,8
video_8373,12
video_83738,30
video_83771,29
video_83782,4
video_83808,31
video_83849,14
video_83889,14
video_83927,14
video_8396,31
video_84010,12
video_84022,4
video_84033,8
video_84084,1
video_84096,29
video_84183,1
video_84193,9
video_8423,30
video_84319,18
video_84411,30
video_84470,30
video_84525,9
video_84566,23
video_84583,31
video_8459,25
video_84591,19
video_84624,2
video_84630,30
video_84648,21
video_84798,9
video_84850,29
video_84852,32
video_84922,10
video_85126,1
video_85183,22
video_85228,19
video_85271,7
video_85272,6
video_85278,17
video_85325,1
video_85343,1
video_85383,32
video_85439,24
video_85449,5
video_85471,31
video_85550,14
video_85552,1
video_85566,20
video_85613,8
video_85627,8
video_85633,0
video_85666,13
video_8567,6
video_85672,10
video_85714,31
video_8573,24
video_85737,3
video_8574,30
video_85751,8
video_85824,9
video_85849,13
video_85850,8
video_85904,6
video_85933,6
video_85987,18
video_86020,7
video_86023,12
video_86034,30
video_86077,24
video_86123,9
video_86151,22
video_86160,6
video_86176,32
video_86254,28
video_86262,10
video_86349,28
video_86386,30
video_8639,31
video_86441,32
video_86478,4
video_86482,10
video_86517,28
video_86552,19
video_866,19
video_86606,28
video_86682,2
video_86712,7
video_86786,19
video_86853,10
video_86865,1
video_86918,32
video_86950,25
video_86973,1
video_86985,6
video_87007,24
video_87046,9
video_87086,29
video_87103,24
video_87113,28
video_87176,31
video_87184,2
video_87277,32
video_87346,19
video_87371,29
video_87391,28
video_87400,1
video_87417,30
video_87431,31
video_87439,22
video_87511,1
video_87573,30
video_87597,28
video_87611,10
video_87614,10
video_87649,30
video_8766,6
video_87667,1
video_87703,22
video_87736,3
video_87780,3
video_87794,9
video_8788,3
video_87908,23
video_87940,12
video_87950,1
video_88016,14
video_8804,22
video_88104,4
video_88136,30
video_88168,30
video_8817,18
video_88176,8
video_88184,29
video_88216,23
video_88224,9
video_88236,29
video_88248,9
video_88391,2
video_88408,3
video_88425,3
video_88455,29
video_88558,30
video_88629,12
video_88674,30
video_88696,6
video_88725,12
video_88727,18
video_88751,11
video_88824,13
video_88831,9
video_88932,28
video_88966,2
video_89029,29
video_89041,6
video_89042,31
video_8907,29
video_89125,23
video_8917,22
video_89186,22
video_89219,31
video_89326,3
video_89345,18
video_89413,28
video_89418,30
video_89441,6
video_89472,3
video_89484,10
video_89516,2
video_89518,6
video_89644,4
video_89664,20
video_89795,28
video_89869,28
video_89885,12
video_89910,28
video_8993,19
video_89941,12
video_89946,17
video_90017,7
video_90020,20
video_9004,28
video_90060,30
video_90072,30
video_90100,5
video_90108,5
video_90176,12
video_90185,31
video_90193,32
video_90245,25
video_90295,31
video_90314,18
video_90343,30
video_90354,24
video_90363,19
video_90389,11
video_90390,12
video_90469,13
video_90499,7
video_90515,4
video_90546,29
video_90606,7
video_9066,8
video_90700,28
video_90716,29
video_90731,9
video_90732,2
video_90750,20
video_90760,4
video_90842,14
video_9089,19
video_90923,21
video_90934,30
video_90950,20
video_91027,10
video_91065,25
video_9112,28
video_91121,9
video_91143,30
video_91167,15
video_91243,18
video_91260,2
video_9146,9
video_91487,19
video_9149,6
video_91493,12
video_91501,10
video_91502,31
video_91525,10
video_91550,10
video_91593,12
video_91598,31
video_91620,29
video_91635,0
video_9164,4
video_91651,30
video_91666,12
video_91679,31
video_91686,14
video_91740,31
video_91813,9
video_91845,28
video_9192,28
video_91925,24
video_91928,8
video_91979,25
video_91982,8
video_92015,29
video_92016,18
video_9204,7
video_92054,10
video_92083,7
video_92084,28
video_92106,6
video_92111,12
video_92138,5
video_92170,28
video_92205,14
video_92218,3
video_9224,10
video_923,4
video_92309,22
video_92323,20
video_92332,12
video_92425,31
video_92445,12
video_92513,6
video_92563,8
video_92564,22
video_92582,6
video_92599,18
video_92761,31
video_92766,22
video_92784,2
video_92815,31
video_92876,7
video_92917,5
video_92954,8
video_93016,22
video_93065,18
video_93106,3
video_93120,23
video_93136,9
video_93148,9
video_93150,8
video_93173,3
video_9324,32
video_93240,3
video_93289,30
video_93336,25
video_93468,29
video_93477,7
video_93479,31
video_93480,28
video_93488,6
video_93516,1
video_93578,7
video_93703,2
video_93729,12
video_93778,13
video_93791,28
video_93841,9
video_93855,0
video_93887,9
video_93928,13
video_93954,6
video_93968,10
video_94012,4
video_94080,8
video_94084,31
video_94086,19
video_94091,8
video_94094,0
video_94130,0
video_94163,1
video_94164,3
video_9420,29
video_94219,4
video_94266,30
video_94270,6
video_943,3
video_94308,3
video_94321,28
video_94379,1
video_9438,32
video_94414,29
video_94440,30
video_94450,22
video_94476,10
video_94489,23
video_94510,5
video_94536,7
video_94564,12
video_9457,1
video_94584,21
video_94593,2
video_94619,10
video_94631,3
video_94680,4
video_94697,31
video_94768,31
video_94772,12
video_94782,0
video_9486,6
video_94864,4
video_94913,21
video_94952,8
video_94973,30
video_95016,29
video_95066,2
video_9507,1
video_95144,7
video_95183,22
video_95207,5
video_95223,12
video_95235,30
video_95247,8
video_95259,19
video_95266,30
video_95292,0
video_95297,9
video_95314,18
video_95316,31
video_9532,7
video_95331,18
video_95373,2
video_95401,1
video_95410,18
video_95417,28
video_9547,10
video_95510,19
video_9562,24
video_95630,29
video_95687,6
video_9573,30
video_95735,1
video_95799,31
video_95806,31
video_95810,22
video_95823,0
video_95832,1
video_95850,8
video_95854,24
video_95871,32
video_95887,20
video_95988,8
video_95994,24
video_96046,21
video_9607,14
video_96121,29
video_96131,9
video_96176,7
video_96194,7
video_96235,8
video_96262,30
video_96264,2
video_96269,28
video_96301,8
video_96304,14
video_96335,4
video_96351,29
video_96352,7
video_96403,30
video_96418,9
video_96432,3
video_96435,15
video_96439,1
video_96470,24
video_965,6
video_96501,8
video_96504,10
video_9651,31
video_96514,7
video_96630,23
video_96631,30
video_96637,19
video_96668,5
video_96673,23
video_96680,18
video_967,7
video_9673,19
video_96757,17
video_96761,31
video_96791,30
video_96896,7
video_97004,9
video_97011,30
video_9702,30
video_97026,12
video_97079,25
video_971,12
video_97107,7
video_97167,23
video_97188,8
video_97212,23
video_9724,22
video_97246,19
video_97249,31
video_97286,4
video_97317,22
video_97319,19
video_97328,20
video_97338,24
video_97404,9
video_97411,31
video_97500,10
video_97508,23
video_97514,14
video_97528,12
video_9755,17
video_97627,21
video_97648,1
video_97664,19
video_97758,14
video_97785,6
video_97787,24
video_97864,32
video_97867,14
video_97890,13
video_97956,32
video_97962,24
video_97989,7
video_97990,31
video_98004,18
video_98006,21
video_98064,21
video_98112,19
video_98115,8
video_98138,9
video_98180,8
video_98189,32
video_98289,3
video_98319,7
video_98372,14
video_98373,31
video_98387,2
video_984,32
video_98406,22
video_98424,30
video_98427,8
video_98461,19
video_98471,31
video_98496,8
video_98502,22
video_98504,30
video_98515,12
video_98556,8
video_98565,7
video_98673,3
video_98693,22
video_98711,1
video_98737,31
video_98752,22
video_98762,7
video_98779,14
video_98798,32
video_98807,1
video_98808,9
video_98826,8
video_98856,31
video_98911,8
video_98921,12
video_98950,22
video_98988,30
video_98990,31
video_99015,23
video_99017,30
video_99044,20
video_99058,10
video_9909,7
video_99121,22
video_99153,7
video_99171,4
video_9918,12
video_99188,22
video_99220,8
video_99228,30
video_99230,8
video_99254,3
video_99305,1
video_99315,12
video_99317,10
video_99328,6
video_99335,12
video_99379,9
video_9941,29
video_99412,1
video_99485,7
video_99503,32
video_99532,8
video_9957,31
video_99570,3
video_99591,22
video_99594,32
video_99595,30
video_99603,9
video_99607,12
video_99619,32
video_99701,29
video_99717,12
video_99789,12
video_99805,4
video_99867,24
video_99870,6
video_99886,12
video_99942,12
video_99953,9
