video_name,predicted_class
video_1000,9
video_100051,6
video_100065,23
video_100078,30
video_100121,23
video_100164,8
video_100187,3
video_100195,30
video_100218,28
video_100219,30
video_100237,32
video_100249,10
video_100288,4
video_100315,5
video_100347,7
video_100445,4
video_100461,9
video_100490,22
video_100530,23
video_100557,29
video_100566,10
video_100581,18
video_100599,23
video_10064,14
video_100656,1
video_100766,29
video_10077,5
video_100827,1
video_100837,31
video_100865,24
video_100879,14
video_100889,11
video_10090,28
video_100934,5
video_101005,10
video_101012,22
video_101046,5
video_101051,4
video_101062,30
video_101174,3
video_101183,8
video_101229,30
video_101240,20
video_10125,29
video_101261,4
video_101298,25
video_101370,4
video_101401,28
video_101481,4
video_101514,12
video_101532,24
video_101559,10
video_101631,8
video_101665,9
video_101697,4
video_101722,3
video_101797,7
video_101814,7
video_101828,30
video_101854,29
video_101907,4
video_101908,30
video_101913,30
video_101922,31
video_101937,3
video_101978,18
video_101988,12
video_102053,1
video_102145,30
video_102185,24
video_10221,10
video_102257,14
video_102285,12
video_102323,5
video_102327,14
video_102333,5
video_102350,12
video_102367,7
video_102379,5
video_102396,4
video_102397,1
video_102471,4
video_102482,10
video_102495,23
video_10257,12
video_102598,28
video_102607,3
video_102636,4
video_102649,31
video_102695,29
video_102703,28
video_102747,28
video_10275,32
video_102769,2
video_102770,3
video_102799,1
video_102811,4
video_102832,30
video_102833,5
video_102871,8
video_102920,30
video_10294,28
video_102950,28
video_102977,4
video_102991,19
video_102996,19
video_103017,10
video_103028,4
video_103043,11
video_103045,7
video_103064,9
video_103120,4
video_103152,5
video_103155,2
video_103189,30
video_103288,3
video_103305,19
video_10331,10
video_103381,31
video_103439,4
video_103447,16
video_103491,14
video_103495,4
video_103511,32
video_103525,22
video_103534,10
video_103593,28
video_103684,3
video_103777,30
video_103789,6
video_10381,9
video_103815,3
video_103896,3
video_103914,9
video_103917,23
video_103923,19
video_103949,3
video_103960,10
video_103999,22
video_104062,14
video_104089,1
video_104098,28
video_104180,32
video_104201,1
video_104205,15
video_104233,14
video_104277,3
video_104331,1
video_104339,28
video_104363,23
video_10438,9
video_104386,24
video_104410,19
video_104414,8
video_104416,14
video_104424,8
video_10448,4
video_104482,30
video_104488,4
video_104516,29
video_104523,22
video_10455,12
video_104560,9
video_104592,28
video_104598,29
video_104602,28
video_104636,30
video_10465,1
video_104660,30
video_104734,6
video_104737,4
video_104755,28
video_104758,10
video_104762,2
video_104876,10
video_104880,28
video_104892,32
video_1049,22
video_104943,28
video_105004,4
video_105058,31
video_105082,32
video_105133,4
video_105141,30
video_105154,31
video_105187,22
video_105204,6
video_105280,32
video_105337,25
video_105364,32
video_105485,6
video_105550,4
video_105554,32
video_105563,5
video_10565,30
video_105653,9
video_105657,30
video_105670,10
video_105674,24
video_105738,22
video_10581,4
video_105855,22
video_105876,10
video_105904,23
video_105907,5
video_105933,30
video_105980,6
video_106008,1
video_10602,30
video_106065,5
video_106066,1
video_106121,29
video_106128,30
video_106153,10
video_106158,9
video_106201,30
video_106205,12
video_106226,5
video_106234,24
video_106299,4
video_106385,2
video_106464,6
video_106569,1
video_106589,15
video_106649,5
video_106690,6
video_106695,3
video_106768,30
video_106793,30
video_106868,18
video_106893,22
video_106897,21
video_106938,10
video_106969,4
video_106981,22
video_106982,4
video_10701,14
video_107027,14
video_107049,29
video_10705,20
video_107055,8
video_107056,1
video_107093,8
video_107124,23
video_107193,29
video_107200,32
video_107210,29
video_107220,4
video_107227,14
video_107241,10
video_107290,8
video_107311,6
video_10737,9
video_107379,6
video_10741,30
video_107428,31
video_107516,1
video_107540,25
video_107541,20
video_107552,6
video_107562,6
video_107653,29
video_107665,15
video_107684,8
video_107734,6
video_107746,1
video_107764,3
video_107807,3
video_107832,22
video_107841,22
video_107842,8
video_107904,8
video_107980,30
video_107991,24
video_107994,30
video_108009,9
video_108043,4
video_108059,5
video_108060,4
video_108078,18
video_108131,28
video_108194,23
video_108207,4
video_108214,4
video_108269,30
video_108298,2
video_108340,10
video_108354,1
video_108356,29
video_108370,4
video_108405,12
video_108428,31
video_10850,4
video_108511,18
video_10852,10
video_108534,25
video_108586,14
video_108594,20
video_1086,4
video_108605,0
video_108634,10
video_108639,2
video_108689,9
video_108692,4
video_10872,3
video_108751,8
video_108775,6
video_10879,11
video_108805,6
video_10886,8
video_108882,9
video_108893,1
video_108990,30
video_109000,21
video_109069,30
video_10910,28
video_109115,29
video_109117,8
video_109182,32
video_109199,3
video_10926,23
video_109275,24
video_109301,6
video_109323,23
video_10933,32
video_109345,29
video_109368,1
video_109372,21
video_109427,21
video_109438,24
video_109473,32
video_109556,3
video_109559,5
video_109585,9
video_109674,31
video_109691,12
video_109749,28
video_109762,23
video_109769,8
video_109779,23
video_109849,10
video_109896,6
video_109942,3
video_109974,22
video_109996,1
video_11,1
video_11000,3
video_110045,20
video_110088,6
video_110097,32
video_11014,28
video_110144,24
video_110227,3
video_110265,4
video_110277,9
video_110306,9
video_11033,4
video_110357,5
video_110415,32
video_110429,1
video_110466,19
video_110538,20
video_11062,31
video_110636,9
video_110644,17
video_11065,7
video_110652,14
video_110729,28
video_110739,7
video_110771,19
video_110787,5
video_110810,6
video_110831,1
video_110834,30
video_110914,32
video_110960,1
video_110981,18
video_110984,9
video_11102,12
video_111051,9
video_111096,30
video_11110,19
video_111126,22
video_111133,29
video_111136,29
video_111139,32
video_111399,14
video_111462,2
video_111481,14
video_111485,9
video_111498,29
video_111571,1
video_111572,22
video_111577,4
video_111611,12
video_111617,4
video_111622,10
video_111669,22
video_111685,10
video_111715,9
video_111734,30
video_111760,30
video_111776,10
video_111779,4
video_111782,9
video_111865,23
video_111916,4
video_111917,9
video_111951,4
video_111956,12
video_111980,10
video_111982,12
video_11202,4
video_112036,10
video_11205,7
video_112062,29
video_11207,18
video_11208,19
video_11211,7
video_112115,2
video_112127,14
video_112138,22
video_112145,0
video_112190,4
video_112203,4
video_112219,19
video_112242,17
video_112249,30
video_112323,9
video_112355,7
video_112359,19
video_112384,1
video_112398,30
video_112439,19
video_112446,16
video_112473,32
video_112520,32
video_112526,4
video_112562,30
video_1126,4
video_112623,25
video_112625,4
video_112634,5
video_112652,3
video_112693,20
video_112700,12
video_112729,29
video_112875,14
video_112887,3
video_112888,3
video_112914,6
video_112950,5
video_112960,4
video_112973,8
video_113032,6
video_113037,4
video_113039,31
video_113118,22
video_113150,4
video_113183,6
video_1132,30
video_113218,9
video_113255,28
video_113256,9
video_113299,4
video_113310,20
video_113400,2
video_113452,18
video_113518,30
video_113546,18
video_113560,1
video_113605,14
video_113665,17
video_113671,23
video_113754,10
video_113819,21
video_113835,29
video_113841,22
video_113891,11
video_113900,29
video_113956,5
video_113967,31
video_113985,18
video_114021,0
video_11403,4
video_114051,30
video_114167,14
video_114189,6
video_114197,9
video_114208,1
video_114223,2
video_114259,4
video_114288,30
video_114292,1
video_114302,10
video_114353,4
video_114369,19
video_114388,24
video_114391,4
video_114395,5
video_114420,4
video_114464,1
video_114483,2
video_114498,8
video_114519,18
video_114531,28
video_114559,30
video_114587,4
video_114598,4
video_114604,14
video_114623,14
video_114643,2
video_114684,32
video_114713,2
video_114801,29
video_114831,6
video_114882,2
video_11489,0
video_114919,5
video_114936,28
video_114952,2
video_114963,3
video_114970,23
video_114984,3
video_115029,28
video_115065,30
video_115077,30
video_115179,9
video_115199,23
video_115298,29
video_115317,5
video_115318,32
video_115328,12
video_11534,12
video_115340,1
video_11535,29
video_115363,6
video_115366,4
video_115388,6
video_115415,30
video_115442,30
video_115466,22
video_11547,7
video_115476,6
video_11549,18
video_115537,10
video_115558,24
video_115598,30
video_115603,10
video_115695,4
video_115696,20
video_115760,7
video_115769,5
video_115785,30
video_115787,7
video_11579,4
video_115798,22
video_115801,3
video_11583,6
video_115838,14
video_115941,18
video_116039,29
video_116089,4
video_116101,32
video_11611,24
video_116187,28
video_116215,30
video_116225,12
video_11630,32
video_116408,3
video_116409,4
video_116426,22
video_11645,4
video_116505,7
video_116542,4
video_116556,3
video_11656,28
video_116577,30
video_116587,23
video_116599,18
video_116628,6
video_116649,4
video_116678,11
video_116703,3
video_116752,29
video_11685,7
video_116890,14
video_1169,7
video_116908,24
video_116937,19
video_116994,9
video_11701,23
video_117122,4
video_117176,9
video_117181,4
video_117259,21
video_117275,4
video_117365,3
video_117405,29
video_11743,29
video_117476,20
video_117496,12
video_117503,19
video_117522,10
video_117529,25
video_117542,8
video_117545,4
video_117580,29
video_117607,30
video_117632,21
video_117657,30
video_11767,10
video_117709,4
video_117737,10
video_117783,6
video_117795,11
video_117812,7
video_117834,18
video_11784,24
video_11803,13
video_118034,12
video_118050,19
video_118060,19
video_118063,17
video_118081,30
video_118098,17
video_118127,6
video_118147,3
video_11815,25
video_118157,28
video_118198,31
video_118200,9
video_118215,1
video_118226,19
video_118249,12
video_118263,4
video_118330,7
video_118334,2
video_118337,14
video_118351,1
video_118390,5
video_118453,31
video_118513,7
video_118519,12
video_118522,6
video_118534,3
video_118548,23
video_118599,4
video_118630,2
video_118659,6
video_118665,3
video_118669,10
video_118683,20
video_118754,5
video_118765,6
video_118823,22
video_11886,9
video_118866,9
video_118883,0
video_118916,9
video_118928,2
video_118951,30
video_118952,30
video_119006,9
video_11901,10
video_119011,28
video_119036,22
video_119093,28
video_11912,19
video_119127,9
video_119150,10
video_11919,16
video_119202,12
video_119221,22
video_119226,7
video_119248,29
video_119290,31
video_119299,9
video_119309,8
video_119315,29
video_119363,22
video_119385,2
video_119389,0
video_119393,30
video_119399,10
video_11941,4
video_119490,30
video_11950,1
video_119574,4
video_119577,4
video_119583,8
video_119586,22
video_119591,21
video_119618,4
video_119665,2
video_11972,9
video_119725,28
video_119738,4
video_119741,12
video_119788,29
video_119804,9
video_119876,21
video_119893,6
video_119967,28
video_11997,9
video_119996,1
video_120039,30
video_120075,28
video_120104,31
video_120118,4
video_120170,29
video_120194,24
video_120234,14
video_120236,4
video_120251,6
video_120257,28
video_120281,6
video_120304,24
video_120325,22
video_120326,15
video_120327,10
video_12036,30
video_120390,2
video_120428,30
video_12044,29
video_120449,29
video_120451,14
video_120513,22
video_120634,32
video_120717,12
video_120732,32
video_120746,28
video_120778,3
video_120792,4
video_120814,5
video_120836,9
video_12091,4
video_120958,30
video_121018,9
video_121019,30
video_121050,29
video_121082,12
video_121102,29
video_121182,30
video_121186,24
video_121207,10
video_121219,3
video_121250,4
video_121275,22
video_121278,10
video_121292,6
video_121296,9
video_121298,23
video_121307,28
video_12131,14
video_121325,10
video_121326,20
video_121380,30
video_12141,29
video_12142,26
video_121493,14
video_121514,4
video_121522,2
video_121532,12
video_121539,31
video_121550,4
video_12157,12
video_121635,8
video_121695,30
video_12170,12
video_121702,19
video_121720,3
video_121758,31
video_121771,22
video_121777,6
video_121788,28
video_121789,5
video_121820,10
video_121900,30
video_121901,24
video_122044,29
video_122080,4
video_122086,28
video_122105,7
video_122168,19
video_12217,30
video_12218,1
video_122204,5
video_122209,23
video_122217,4
video_12234,23
video_12236,30
video_122415,29
video_122422,31
video_122504,12
video_122516,2
video_12256,28
video_122572,8
video_122574,21
video_122599,29
video_12262,12
video_122649,3
video_122651,3
video_122662,3
video_122688,3
video_122710,10
video_122797,30
video_12283,9
video_122845,6
video_122846,30
video_122860,30
video_122917,11
video_123008,28
video_12302,9
video_123077,4
video_12308,9
video_123082,29
video_123090,9
video_123093,22
video_123123,24
video_123128,4
video_123138,21
video_123222,8
video_123223,12
video_123234,30
video_123242,0
video_123244,4
video_123256,32
video_12328,32
video_123313,30
video_123343,28
video_123402,10
video_123408,29
video_123435,2
video_123443,4
video_123483,10
video_123495,3
video_123545,32
video_123561,10
video_123599,22
video_12360,32
video_123643,4
video_123707,30
video_123717,13
video_123726,10
video_123732,31
video_123788,30
video_12381,28
video_123857,30
video_12393,5
video_123963,2
video_123971,31
video_124002,30
video_124018,21
video_124021,29
video_124033,2
video_124034,9
video_124077,3
video_124091,18
video_12411,5
video_124190,2
video_124252,3
video_124281,28
video_124313,10
video_124345,6
video_124366,9
video_124375,30
video_124380,13
video_12446,20
video_124469,28
video_124481,24
video_124482,29
video_124589,5
video_124592,9
video_1246,29
video_124612,8
video_12466,14
video_124723,12
video_124724,18
video_124736,31
video_124751,22
video_124818,32
video_124826,20
video_124923,5
video_124933,22
video_124980,14
video_124999,12
video_125008,19
video_125019,12
video_125028,30
video_125094,9
video_125164,0
video_125179,18
video_125203,1
video_125275,12
video_125362,17
video_125460,4
video_125492,7
video_125504,9
video_125539,8
video_125554,3
video_125561,10
video_125596,17
video_125612,28
video_125613,30
video_125665,3
video_125666,29
video_125759,4
video_125843,28
video_125876,23
video_12590,5
video_125917,28
video_126002,30
video_126005,4
video_126016,32
video_126037,12
video_126088,9
video_126118,28
video_126190,32
video_126192,1
video_126275,29
video_126354,7
video_126366,19
video_126372,1
video_126388,6
video_126391,10
video_12641,22
video_126422,4
video_126493,31
video_126527,3
video_126536,3
video_126544,2
video_126568,12
video_126579,4
video_126636,9
video_12664,4
video_126651,5
video_126714,4
video_126778,9
video_126785,21
video_126802,4
video_12683,30
video_126869,9
video_126888,5
video_126911,8
video_12694,18
video_126969,30
video_126976,30
video_126984,30
video_127095,12
video_12712,30
video_127127,5
video_127130,19
video_127302,2
video_127355,30
video_127445,30
video_127502,2
video_127541,19
video_127547,17
video_127558,4
video_1276,4
video_127614,29
video_127731,8
video_127735,31
video_127745,6
video_127808,30
video_127820,6
video_127845,18
video_127892,24
video_127898,22
video_127922,32
video_12797,1
video_127979,3
video_128000,22
video_128010,12
video_128040,4
video_128111,4
video_128134,9
video_128190,31
video_128195,30
video_128244,19
video_128274,2
video_128329,9
video_128331,4
video_128358,6
video_128366,12
video_128370,6
video_128392,30
video_128409,10
video_128414,31
video_128459,4
video_128484,10
video_128580,17
video_128590,2
video_128605,29
video_128668,10
video_128686,1
video_128689,28
video_128705,14
video_128711,5
video_128716,1
video_128723,10
video_128729,9
video_128730,9
video_128761,6
video_128770,24
video_128799,22
video_128826,28
video_128895,5
video_128901,14
video_128911,2
video_128961,10
video_128964,4
video_128973,20
video_128977,22
video_129001,4
video_12901,6
video_129059,31
video_12908,23
video_12909,7
video_129096,22
video_129128,21
video_129136,1
video_129148,12
video_129171,4
video_12918,12
video_129283,14
video_129297,9
video_1293,19
video_129370,32
video_129377,4
video_12939,10
video_129400,18
video_129401,25
video_12941,19
video_129420,15
video_129423,30
video_129451,4
video_129493,3
video_129513,14
video_129536,29
video_129546,8
video_129553,18
video_12957,30
video_129595,29
video_129597,7
video_129662,11
video_129666,8
video_12970,30
video_129708,10
video_129748,24
video_129750,30
video_129761,30
video_129772,14
video_129810,30
video_12982,4
video_129896,4
video_12991,22
video_129936,10
video_129973,6
video_13,22
video_13002,24
video_130035,29
video_13009,6
video_130148,7
video_130160,2
video_130219,1
video_130253,13
video_130265,5
video_130276,8
video_130280,4
video_130297,31
video_130314,29
video_130324,31
video_13035,5
video_130358,7
video_130360,8
video_130403,2
video_130410,28
video_130415,5
video_130447,3
video_130459,31
video_130489,14
video_13049,32
video_130495,7
video_130513,4
video_13052,7
video_130558,22
video_130565,2
video_130675,4
video_130716,25
video_130723,22
video_130766,5
video_130796,30
video_130806,12
video_130847,1
video_130864,29
video_130894,32
video_130938,19
video_130940,14
video_13104,28
video_131067,3
video_131070,12
video_131191,20
video_131201,4
video_131204,30
video_131238,20
video_131274,31
video_131286,28
video_131323,30
video_131334,14
video_131357,8
video_131364,10
video_131380,32
video_131395,5
video_13146,22
video_131463,3
video_131524,28
video_131560,4
video_131588,9
video_131680,8
video_131698,32
video_131758,12
video_131794,9
video_131814,24
video_131832,21
video_131899,30
video_131906,10
video_13193,10
video_13195,29
video_131971,4
video_132052,12
video_132056,28
video_132090,14
video_132163,30
video_132201,10
video_132228,22
video_132256,9
video_132291,32
video_132295,14
video_132357,3
video_132368,30
video_132386,4
video_132439,13
video_132445,4
video_132446,9
video_132457,30
video_132474,12
video_132537,1
video_132540,22
video_132564,18
video_132576,15
video_132586,30
video_132607,28
video_132639,7
video_132687,5
video_132709,21
video_132775,29
video_132797,8
video_132809,0
video_132831,14
video_132849,29
video_132867,4
video_13295,24
video_132985,23
video_132988,9
video_133012,10
video_133062,23
video_133075,30
video_133086,9
video_133100,31
video_133122,31
video_133128,22
video_133135,32
video_133213,23
video_133221,22
video_133228,5
video_133233,9
video_133237,31
video_133247,31
video_13330,10
video_133309,4
video_133357,5
video_133374,9
video_133379,30
video_133398,5
video_133412,9
video_133446,22
video_133464,4
video_13347,4
video_133584,29
video_133594,20
video_133633,4
video_133645,2
video_133647,29
video_133658,19
video_133685,28
video_1337,4
video_133705,9
video_133786,30
video_133818,22
video_133855,8
video_133889,30
video_13389,14
video_133895,6
video_133896,32
video_133922,4
video_133926,22
video_133956,31
video_133974,10
video_133987,32
video_134103,21
video_134112,30
video_134135,4
video_134160,30
video_134163,9
video_134202,23
video_13422,3
video_134302,30
video_134315,30
video_134327,12
video_134359,12
video_134382,21
video_134384,28
video_134395,24
video_134411,22
video_134412,7
video_134455,24
video_134495,17
video_134502,29
video_134542,8
video_134616,12
video_134619,14
video_134623,1
video_134634,31
video_134636,10
video_134643,6
video_134674,10
video_134693,22
video_134696,6
video_134705,28
video_134725,9
video_134743,30
video_134745,8
video_134771,32
video_134788,4
video_134850,19
video_134857,4
video_134858,28
video_134882,4
video_134902,30
video_134910,4
video_134912,0
video_134923,12
video_134933,3
video_134943,4
video_134965,8
video_134995,1
video_135013,12
video_135018,10
video_135037,22
video_135079,15
video_135110,6
video_135129,31
video_135189,15
video_1352,21
video_135216,14
video_135218,5
video_135220,6
video_135231,12
video_135251,29
video_135345,7
video_135366,14
video_135371,24
video_135378,32
video_135397,9
video_135408,28
video_135471,30
video_135505,31
video_135560,28
video_135576,10
video_135592,31
video_135599,14
video_135640,30
video_135681,1
video_135752,28
video_135793,5
video_135797,3
video_135804,6
video_135834,30
video_135872,7
video_135892,32
video_136013,4
video_136033,14
video_136038,28
video_136075,30
video_136083,7
video_136099,32
video_136105,32
video_13611,12
video_136117,0
video_136119,14
video_136124,10
video_13615,24
video_136203,4
video_136217,3
video_136234,4
video_136299,29
video_136316,22
video_136333,6
video_136373,19
video_136388,9
video_136430,2
video_136450,9
video_136496,30
video_136512,14
video_136525,32
video_136544,3
video_136587,28
video_136588,9
video_136674,29
video_136703,2
video_13673,9
video_136751,30
video_136752,1
video_136754,6
video_136786,25
video_136792,9
video_136796,5
video_136801,9
video_136806,30
video_13682,4
video_136847,28
video_136889,30
video_136912,12
video_136913,30
video_136915,1
video_136956,7
video_136979,25
video_136980,32
video_137036,5
video_137097,29
video_137106,2
video_13713,3
video_137158,22
video_137167,14
video_137196,4
video_137226,22
video_137289,10
video_137300,3
video_137332,9
video_137355,29
video_137366,31
video_13737,22
video_137419,30
video_137420,10
video_137463,3
video_137466,5
video_137485,10
video_137493,7
video_137524,23
video_137532,14
video_137566,32
video_137605,4
video_137615,28
video_137628,9
video_137691,23
video_137694,30
video_137738,3
video_137774,3
video_137903,6
video_137975,22
video_138039,30
video_138040,22
video_138111,28
video_138172,31
video_138234,7
video_138328,10
video_138334,32
video_138349,5
video_138401,23
video_138402,4
video_13846,4
video_138503,12
video_138511,19
video_138556,22
video_138632,9
video_138635,5
video_138641,5
video_13865,3
video_13866,14
video_138708,31
video_138776,4
video_138779,2
video_138812,22
video_138846,9
video_138851,29
video_138898,7
video_138900,3
video_138930,31
video_138940,4
video_138943,1
video_139022,4
video_139071,4
video_139078,7
video_139234,21
video_139347,5
video_139399,6
video_139403,14
video_139418,9
video_139469,32
video_139526,14
video_13957,10
video_1396,8
video_139616,10
video_139667,10
video_139668,9
video_139792,29
video_139809,10
video_139839,4
video_13987,10
video_139894,30
video_139973,29
video_139982,12
video_14000,2
video_140010,10
video_140029,4
video_140090,10
video_140107,4
video_140126,9
video_140127,31
video_140149,18
video_14015,6
video_140160,18
video_140168,17
video_140176,22
video_140182,4
video_140188,3
video_140195,6
video_140226,28
video_140251,10
video_140257,22
video_140277,23
video_140382,6
video_140457,3
video_140475,7
video_140519,6
video_140551,30
video_14058,9
video_140595,10
video_140601,21
video_140624,18
video_140676,10
video_140693,29
video_140708,1
video_140714,22
video_140764,18
video_140839,8
video_140852,7
video_140855,14
video_140869,29
video_140873,7
video_140960,31
video_14099,21
video_141000,32
video_141011,9
video_141014,2
video_141020,14
video_141033,28
video_141034,32
video_14104,2
video_141053,24
video_141079,29
video_14109,31
video_141157,30
video_141183,6
video_141258,32
video_141265,18
video_141339,30
video_141359,1
video_141393,21
video_141430,8
video_141490,4
video_141491,3
video_141518,2
video_141571,15
video_141639,9
video_14165,14
video_141654,31
video_14168,1
video_141681,29
video_141694,5
video_14174,30
video_141760,14
video_141877,6
video_141914,32
video_141931,6
video_141942,14
video_141946,1
video_141949,29
video_141985,8
video_1420,9
video_142031,18
video_142036,14
video_142057,30
video_142067,23
video_142080,6
video_142081,22
video_1421,29
video_142119,12
video_142243,32
video_142275,10
video_142311,1
video_142313,2
video_142328,6
video_142334,10
video_14237,7
video_142445,8
video_142453,9
video_142458,4
video_14246,3
video_142467,5
video_14259,6
video_142671,9
video_142756,9
video_142759,28
video_142809,31
video_142812,4
video_14284,5
video_142865,6
video_142867,6
video_142896,5
video_142899,32
video_142910,22
video_142956,29
video_14296,25
video_142988,3
video_143003,32
video_143057,5
video_143064,19
video_143068,24
video_143070,29
video_143127,23
video_143171,32
video_143172,5
video_143190,32
video_143213,23
video_143256,4
video_143347,23
video_143441,32
video_143461,9
video_143526,4
video_143547,9
video_143647,22
video_1437,7
video_143726,24
video_143735,29
video_143750,28
video_143789,28
video_143794,31
video_143798,32
video_143852,5
video_143876,4
video_143914,12
video_14392,6
video_143933,10
video_143945,18
video_143956,4
video_143965,25
video_143992,3
video_144005,12
video_144029,23
video_144048,14
video_144053,4
video_144069,32
video_144083,29
video_14414,31
video_144149,23
video_144170,23
video_144179,10
video_144184,24
video_144237,4
video_144286,1
video_144301,12
video_144333,24
video_144340,4
video_144370,6
video_144376,4
video_144394,25
video_144413,1
video_144438,19
video_144483,9
video_144491,20
video_144561,22
video_144569,28
video_14459,31
video_144632,4
video_144704,25
video_144741,6
video_144751,3
video_144777,24
video_144806,2
video_144847,4
video_14494,5
video_14495,32
video_144972,8
video_144983,1
video_145034,4
video_145077,14
video_145079,6
video_145135,3
video_145244,3
video_145248,2
video_145251,5
video_145291,22
video_1453,24
video_145356,28
video_145404,3
video_145405,19
video_145422,5
video_145477,6
video_145483,30
video_145495,3
video_1455,1
video_145539,32
video_145585,10
video_145603,9
video_145604,14
video_145650,9
video_145676,0
video_145693,5
video_145702,1
video_145800,9
video_145804,19
video_145871,17
video_145927,23
video_145997,30
video_146068,30
video_14608,1
video_146085,30
video_146166,18
video_146186,10
video_146200,28
video_14621,32
video_146233,14
video_146237,9
video_146267,22
video_14627,19
video_146293,1
video_146313,32
video_146323,3
video_146327,32
video_146372,29
video_146377,0
video_146382,1
video_146413,30
video_14642,30
video_146424,6
video_146425,4
video_146553,29
video_146555,10
video_146573,8
video_146592,6
video_146630,7
video_146634,30
video_1467,10
video_146733,4
video_146765,0
video_146778,1
video_14678,4
video_146788,29
video_146803,29
video_146862,4
video_146882,4
video_146924,10
video_146950,28
video_147005,30
video_147017,30
video_147026,23
video_1471,1
video_147174,29
video_147187,31
video_147194,32
video_147200,0
video_147290,25
video_147305,4
video_147327,32
video_147414,29
video_147423,13
video_147521,4
video_147610,12
video_147644,30
video_147663,23
video_147693,4
video_147704,31
video_147764,11
video_147911,30
video_147948,9
video_147951,18
video_147972,1
video_147996,10
video_148054,22
video_148065,4
video_148068,3
video_148202,6
video_148242,30
video_148245,9
video_148251,20
video_148252,10
video_148271,29
video_148305,19
video_148399,4
video_148465,3
video_148478,1
video_148527,32
video_148633,30
video_14864,29
video_148663,4
video_148674,32
video_148676,7
video_148759,32
video_148824,30
video_148825,15
video_148846,4
video_148857,12
video_148877,20
video_148922,6
video_148929,5
video_148934,22
video_148956,19
video_148959,22
video_149053,32
video_14907,6
video_149091,5
video_149093,29
video_149106,30
video_149125,6
video_149146,9
video_14921,4
video_149215,1
video_149226,10
video_149251,4
video_149253,12
video_149326,22
video_149340,32
video_149342,28
video_149375,5
video_149407,10
video_14943,30
video_149433,12
video_14945,30
video_149539,5
video_149602,4
video_149609,10
video_149620,29
video_149686,30
video_149690,29
video_149691,30
video_149727,1
video_149730,6
video_149746,32
video_149776,30
video_149794,30
video_149815,10
video_149850,7
video_149867,22
video_149885,6
video_149889,28
video_149933,6
video_149955,31
video_149957,30
video_149962,4
video_149982,10
video_15001,14
video_150049,22
video_150053,24
video_150114,21
video_150115,24
video_15013,10
video_150142,30
video_150152,22
video_150196,4
video_150210,30
video_150219,6
video_150231,2
video_150276,29
video_150322,21
video_150361,19
video_150372,31
video_150385,1
video_150425,1
video_150432,8
video_150446,5
video_150454,28
video_150478,0
video_150488,21
video_150546,6
video_150578,6
video_150619,7
video_150675,4
video_150679,30
video_150696,10
video_150718,6
video_150725,30
video_150727,31
video_150746,6
video_150865,4
video_150897,4
video_150908,6
video_150954,30
video_151075,0
video_151076,2
video_15109,30
video_151113,4
video_151163,3
video_151191,24
video_151209,7
video_151245,13
video_151251,2
video_151315,22
video_151325,18
video_151347,3
video_151410,17
video_151440,4
video_151470,23
video_151494,4
video_151502,31
video_151525,28
video_151557,15
video_151621,10
video_15167,4
video_151703,2
video_15171,24
video_151713,12
video_151748,9
video_151794,10
video_151817,10
video_151826,16
video_151840,30
video_151850,29
video_151890,0
video_151898,29
video_151918,14
video_151920,29
video_151966,4
video_151969,31
video_151971,30
video_151988,22
video_152014,23
video_152067,12
video_152082,18
video_152126,30
video_15214,14
video_152191,8
video_152311,32
video_152330,15
video_152332,5
video_152347,30
video_152388,10
video_152411,20
video_152433,22
video_152435,10
video_152498,3
video_152521,30
video_152568,18
video_152590,30
video_15260,3
video_152661,30
video_152764,21
video_152765,29
video_152848,7
video_152897,14
video_152901,30
video_152913,31
video_152930,31
video_15295,8
video_152962,4
video_153002,25
video_153016,17
video_153050,14
video_153093,1
video_153150,4
video_153156,30
video_153176,22
video_153206,22
video_153318,22
video_153334,15
video_153403,19
video_153406,4
video_153408,29
video_153436,1
video_153456,22
video_153472,30
video_153475,19
video_153488,18
video_15353,7
video_153616,1
video_15362,1
video_153674,1
video_153681,24
video_153737,6
video_153808,32
video_153833,8
video_153857,30
video_153933,31
video_153956,3
video_153987,24
video_153993,8
video_154021,28
video_15405,32
video_154075,24
video_154086,4
video_154102,24
video_154125,23
video_154134,1
video_154184,7
video_154235,4
video_154248,22
video_154284,11
video_15433,10
video_154408,4
video_154466,10
video_154495,25
video_154522,4
video_154538,23
video_154659,31
video_15471,30
video_154719,10
video_154725,4
video_154853,5
video_154878,24
video_154893,5
video_154901,1
video_155,25
video_15501,7
video_15502,10
video_155035,8
video_155036,18
video_155047,8
video_155074,28
video_155107,32
video_155115,9
video_155122,24
video_155219,24
video_155253,22
video_155263,4
video_155281,29
video_155318,10
video_155320,22
video_155349,17
video_15536,9
video_155393,19
video_155428,29
video_15548,8
video_155484,22
video_155507,4
video_155630,19
video_155662,6
video_155667,6
video_155698,1
video_155799,12
video_155800,4
video_155865,3
video_155867,30
video_155871,22
video_155888,30
video_155912,30
video_155944,12
video_156014,3
video_156049,28
video_156081,10
video_156111,29
video_156128,28
video_156143,30
video_156179,29
video_156215,22
video_156237,7
video_156263,29
video_156277,1
video_156314,6
video_156328,30
video_15638,4
video_156388,1
video_156389,28
video_156399,32
video_156416,17
video_156442,22
video_156448,12
video_156452,6
video_156467,6
video_156510,29
video_156513,7
video_156551,21
video_156667,3
video_156700,4
video_15671,10
video_156787,6
video_156811,30
video_156848,9
video_156861,1
video_156878,28
video_156932,29
video_156961,31
video_157007,6
video_157079,5
video_157103,0
video_157135,2
video_157153,12
video_157163,3
video_157189,29
video_157194,29
video_157295,24
video_157383,3
video_15740,25
video_157485,24
video_157558,19
video_15756,29
video_157612,32
video_157624,19
video_157677,4
video_157688,3
video_157727,6
video_157776,4
video_157791,4
video_157833,5
video_15789,1
video_158047,4
video_158139,9
video_158154,32
video_158184,1
video_158191,12
video_158202,5
video_158212,32
video_158215,1
video_158263,4
video_158302,21
video_158326,24
video_158328,10
video_158348,31
video_158350,5
video_158377,29
video_158385,19
video_158387,4
video_158424,12
video_158440,30
video_158497,3
video_158505,32
video_158566,31
video_158607,0
video_158637,6
video_158649,22
video_158657,7
video_158666,4
video_158676,9
video_158678,7
video_158712,1
video_158718,28
video_158743,30
video_158766,23
video_158780,15
video_15880,30
video_158819,30
video_158826,4
video_158836,18
video_158859,0
video_158866,9
video_15891,32
video_158998,22
video_159009,28
video_159087,5
video_159092,29
video_159139,6
video_159150,9
video_159156,30
video_159171,20
video_159173,6
video_159178,4
video_159186,10
video_159199,4
video_159218,14
video_159227,10
video_159261,8
video_159274,1
video_159292,21
video_159323,9
video_159388,23
video_159522,31
video_159545,3
video_159550,12
video_159561,4
video_159616,10
video_159633,14
video_15964,2
video_159839,4
video_159853,5
video_159861,22
video_159887,31
video_159940,25
video_159944,6
video_159955,1
video_159974,14
video_159978,15
video_159984,2
video_159985,6
video_15999,18
video_160064,3
video_16010,4
video_160118,14
video_16012,6
video_160123,21
video_160177,20
video_16018,4
video_160188,4
video_160242,5
video_160244,14
video_160248,14
video_160340,3
video_16036,28
video_160395,20
video_160516,8
video_160527,7
video_160579,23
video_160609,24
video_16061,29
video_160614,31
video_16063,24
video_160642,30
video_160654,24
video_160670,11
video_160722,3
video_160733,4
video_160740,19
video_160829,10
video_160847,32
video_160854,11
video_16086,29
video_160861,30
video_160869,4
video_160882,6
video_160889,30
video_160903,10
video_160960,24
video_16097,4
video_161019,1
video_16106,4
video_161080,30
video_161118,30
video_161122,32
video_161135,4
video_161136,0
video_161153,4
video_161198,19
video_1612,13
video_161226,30
video_161230,29
video_161261,19
video_161262,15
video_161272,31
video_161348,28
video_161391,1
video_161402,4
video_161413,9
video_161425,28
video_161445,28
video_161478,23
video_16151,14
video_161545,30
video_161565,14
video_161570,4
video_161590,30
video_161606,6
video_161612,1
video_161629,19
video_161707,25
video_161726,6
video_16177,21
video_161789,29
video_161803,8
video_161804,4
video_161827,32
video_161966,30
video_161994,10
video_162,3
video_162006,15
video_162060,29
video_162110,1
video_162157,7
video_162170,30
video_162195,22
video_162210,30
video_162216,23
video_16222,31
video_162230,30
video_162260,28
video_162279,7
video_162286,4
video_16229,31
video_162342,22
video_162355,7
video_162365,9
video_162389,29
video_162423,17
video_162434,29
video_16247,22
video_162567,30
video_162568,5
video_162577,3
video_162612,3
video_162660,3
video_162708,7
video_162725,10
video_162733,3
video_162741,3
video_162778,23
video_162815,1
video_162816,28
video_162837,31
video_162840,29
video_162847,6
video_162886,7
video_162919,4
video_162930,1
video_162935,4
video_162950,0
video_16297,10
video_163045,9
video_163102,29
video_16316,12
video_163178,2
video_163184,32
video_163209,32
video_163211,22
video_16322,30
video_163239,18
video_163274,30
video_163276,14
video_163287,12
video_163325,13
video_163356,10
video_163367,9
video_163415,28
video_163437,20
video_163451,22
video_163452,2
video_163455,4
video_163464,10
video_16347,19
video_1635,4
video_16356,10
video_163582,14
video_16360,19
video_163640,19
video_163722,30
video_163744,19
video_163812,9
video_163818,4
video_163866,8
video_163873,30
video_163882,6
video_163924,10
video_164015,31
video_164020,3
video_164033,18
video_164035,28
video_164052,28
video_164075,4
video_164091,14
video_164120,9
video_164136,31
video_16415,30
video_164268,9
video_164311,4
video_164312,0
video_164316,30
video_164333,16
video_164341,20
video_164345,5
video_164350,11
video_164409,30
video_164434,32
video_164477,10
video_164489,3
video_164506,12
video_164526,21
video_164575,7
video_164580,5
video_164591,3
video_16461,31
video_16462,4
video_16464,30
video_164689,9
video_164702,30
video_164704,30
video_16472,8
video_164738,30
video_164752,12
video_164782,28
video_164789,28
video_164822,1
video_164833,5
video_164879,30
video_164888,4
video_164899,31
video_16491,3
video_164922,10
video_164944,5
video_164949,31
video_164958,29
video_164962,6
video_164988,31
video_164992,3
video_165020,14
video_165063,11
video_165084,4
video_165089,10
video_165111,6
video_165247,2
video_16530,28
video_165314,31
video_165321,28
video_165392,5
video_165394,18
video_165439,3
video_165456,12
video_16546,4
video_165472,25
video_165473,29
video_165493,20
video_165563,32
video_165602,14
video_165633,10
video_16564,18
video_165654,28
video_165661,23
video_165721,9
video_165722,29
video_165758,12
video_165773,19
video_165777,29
video_165783,29
video_165839,12
video_165864,5
video_16590,4
video_165904,9
video_16592,7
video_165926,12
video_16594,3
video_165944,8
video_165958,0
video_16598,3
video_166051,9
video_166066,22
video_166117,22
video_166146,4
video_166155,23
video_166167,12
video_166189,18
video_166268,18
video_166279,29
video_166284,4
video_166310,4
video_166313,25
video_166391,24
video_166429,9
video_166473,5
video_166510,3
video_166516,6
video_166528,14
video_166533,7
video_166545,14
video_166594,5
video_166623,24
video_166679,24
video_166740,10
video_166747,5
video_166822,6
video_166918,2
video_16692,14
video_166928,12
video_166930,5
video_166998,9
video_167016,3
video_167087,18
video_167125,14
video_167217,23
video_167234,4
video_1673,7
video_167305,23
video_16731,1
video_167368,4
video_167375,30
video_167402,9
video_167429,30
video_167454,7
video_167467,19
video_167481,6
video_167600,9
video_167619,9
video_167673,7
video_167692,29
video_167696,4
video_167712,12
video_167724,8
video_167742,6
video_167752,6
video_167755,3
video_167757,14
video_167774,9
video_167817,7
video_167824,30
video_167902,18
video_167955,29
video_167978,4
video_168012,28
video_168026,20
video_168064,25
video_168095,32
video_1681,29
video_168139,6
video_168158,30
video_168302,8
video_168328,1
video_168399,6
video_168422,18
video_168472,13
video_168490,3
video_168665,31
video_168686,6
video_168695,4
video_168739,8
video_168759,30
video_168767,30
video_16877,20
video_168817,10
video_168830,1
video_16885,7
video_168869,30
video_168886,14
video_168895,3
video_168901,22
video_168909,30
video_168920,12
video_168925,28
video_168955,12
video_168979,28
video_16898,0
video_169008,22
video_169077,30
video_169109,29
video_169140,19
video_16915,32
video_169182,2
video_169243,6
video_169252,5
video_169282,32
video_169290,22
video_169304,4
video_169320,29
video_169340,4
video_169341,25
video_169345,24
video_169366,5
video_169407,21
video_16941,29
video_169427,24
video_169455,19
video_169486,30
video_169557,29
video_169596,23
video_16964,9
video_169680,30
video_169722,30
video_169741,9
video_169744,22
video_169752,30
video_16976,7
video_169762,14
video_169798,29
video_169823,29
video_169869,23
video_169902,3
video_169979,6
video_169988,12
video_170048,32
video_170059,5
video_170060,9
video_170072,19
video_170102,28
video_170117,14
video_170133,3
video_170201,4
video_17022,9
video_17025,28
video_170311,5
video_170348,9
video_170370,30
video_17041,29
video_170448,30
video_170473,8
video_170477,17
video_170545,19
video_170582,14
video_170589,22
video_170620,3
video_170669,3
video_170695,25
video_170697,28
video_170745,30
video_170755,31
video_17078,3
video_170825,8
video_170978,1
video_171009,24
video_171090,29
video_171120,7
video_171143,4
video_171171,28
video_171176,4
video_171197,8
video_171247,30
video_171265,19
video_171266,1
video_171314,30
video_171385,28
video_171425,21
video_171530,8
video_171532,0
video_171561,9
video_17165,19
video_171654,14
video_1717,28
video_171700,30
video_171714,3
video_171727,3
video_171735,1
video_17175,4
video_171773,8
video_171799,12
video_171840,4
video_171857,30
video_171858,14
video_171860,6
video_171902,32
video_171916,4
video_171928,5
video_171930,19
video_171943,29
video_171978,29
video_171990,6
video_172005,30
video_172016,8
video_172035,23
video_172048,10
video_172053,31
video_172065,25
video_172071,9
video_172085,9
video_172126,5
video_172137,14
video_172148,2
video_172153,5
video_172178,30
video_172210,4
video_17222,18
video_172278,5
video_172298,12
video_172311,31
video_172324,30
video_172376,14
video_172396,9
video_172441,30
video_172484,10
video_172534,4
video_172562,10
video_172593,1
video_17260,7
video_172615,8
video_17263,25
video_172659,30
video_172668,10
video_172691,9
video_172723,4
video_172806,7
video_172825,10
video_172850,30
video_172862,28
video_172875,8
video_172894,29
video_172950,10
video_172996,4
video_173004,8
video_173032,10
video_173054,19
video_17313,1
video_173138,17
video_173141,5
video_173165,23
video_17318,3
video_173213,22
video_173217,12
video_173223,19
video_173236,29
video_173271,9
video_173332,30
video_173334,32
video_173356,32
video_173381,1
video_173445,3
video_173473,20
video_173482,22
video_173493,4
video_173517,7
video_173518,30
video_17352,6
video_173543,4
video_17355,6
video_173560,1
video_17357,23
video_173583,29
video_173589,1
video_17359,13
video_173608,5
video_173636,9
video_173672,10
video_173822,1
video_173826,9
video_173830,7
video_173868,30
video_173891,28
video_173899,22
video_173935,9
video_173958,14
video_173961,9
video_173973,14
video_173976,6
video_174018,2
video_17402,29
video_174029,0
video_17403,28
video_174059,6
video_174107,30
video_17412,14
video_174161,12
video_174177,17
video_174201,3
video_174266,9
video_174278,31
video_174321,30
video_174357,4
video_174359,6
video_174368,21
video_174383,3
video_174391,31
video_174403,7
video_174408,6
video_174413,7
video_1745,12
video_174528,5
video_174601,6
video_174602,18
video_174661,9
video_174697,1
video_174701,10
video_174727,12
video_17477,4
video_174833,4
video_174848,22
video_174849,31
video_174883,16
video_174888,7
video_174910,31
video_174916,22
video_174937,5
video_174944,30
video_174968,4
video_17499,14
video_174998,8
video_175001,14
video_175042,6
video_175047,30
video_175102,28
video_175106,31
video_175134,2
video_175226,14
video_175241,30
video_175249,5
video_175262,3
video_175310,10
video_175316,19
video_175333,28
video_175351,3
video_175368,30
video_175411,31
video_175424,32
video_175433,6
video_175485,25
video_175504,0
video_175514,22
video_175523,7
video_175530,2
video_175611,28
video_175651,30
video_175773,28
video_175784,1
video_175787,14
video_175820,29
video_175893,30
video_175898,29
video_175906,31
video_175928,6
video_175943,9
video_175950,4
video_17596,4
video_176002,32
video_176044,6
video_176084,29
video_176100,23
video_17613,30
video_176138,32
video_176184,29
video_176210,4
video_176260,13
video_176279,12
video_176376,10
video_176380,18
video_176387,28
video_176394,5
video_176427,30
video_176430,18
video_176490,31
video_176526,4
video_176536,15
video_176575,12
video_176636,3
video_176646,19
video_176658,30
video_176693,3
video_17671,5
video_176751,30
video_176752,1
video_176783,30
video_176796,1
video_176812,29
video_17687,6
video_176886,30
video_176900,22
video_176985,25
video_177022,31
video_17706,30
video_177062,4
video_177121,7
video_17718,31
video_177208,10
video_177210,1
video_177232,6
video_177391,4
video_177458,30
video_177477,4
video_177504,12
video_177511,9
video_177520,14
video_177529,23
video_17755,3
video_17756,30
video_177566,1
video_177588,10
video_177605,22
video_177613,31
video_177670,3
video_177681,31
video_177692,3
video_177706,4
video_177732,20
video_177781,28
video_177792,28
video_177828,29
video_177856,16
video_177892,29
video_177914,1
video_177942,17
video_177983,28
video_178016,14
video_178030,3
video_178031,4
video_178040,28
video_178078,3
video_178092,9
video_178096,3
video_178140,32
video_178175,30
video_178180,19
video_178184,7
video_178196,29
video_178286,10
video_178303,30
video_178328,3
video_178365,30
video_178394,30
video_178412,30
video_178414,10
video_178460,7
video_178469,1
video_178498,4
video_178504,4
video_178505,32
video_178524,21
video_178532,19
video_178537,9
video_178553,3
video_178607,28
video_178614,5
video_178619,20
video_17862,5
video_178707,4
video_17871,30
video_178766,20
video_178811,9
video_178826,32
video_178881,12
video_178898,2
video_178930,3
video_178981,22
video_178997,20
video_179008,4
video_179020,10
video_179036,8
video_179052,30
video_179056,23
video_179109,9
video_179146,1
video_179236,10
video_179241,23
video_179242,1
video_179250,30
video_179258,5
video_179275,18
video_179287,5
video_179290,9
video_179291,9
video_179333,3
video_179348,5
video_179372,7
video_179374,4
video_179417,12
video_179486,14
video_179587,1
video_179591,10
video_179632,28
video_179658,17
video_179707,1
video_17975,1
video_179752,25
video_179760,1
video_179784,22
video_179826,4
video_179878,4
video_17988,29
video_179911,22
video_179919,10
video_179955,22
video_179966,30
video_179980,30
video_179984,29
video_180003,9
video_180014,22
video_180060,30
video_180064,4
video_180107,13
video_180150,24
video_180157,6
video_180181,7
video_180184,3
video_180202,31
video_180232,12
video_180282,8
video_1803,6
video_180314,2
video_180335,29
video_180415,32
video_180427,30
video_180433,0
video_180437,1
video_180441,29
video_18045,31
video_180469,4
video_180477,12
video_180506,6
video_180539,28
video_180546,4
video_180579,30
video_180748,12
video_180762,18
video_180800,1
video_180808,28
video_180813,12
video_180821,4
video_18085,29
video_180875,8
video_180926,24
video_180943,25
video_180961,32
video_180994,0
video_181005,29
video_181047,22
video_181113,7
video_181176,4
video_181201,10
video_181218,29
video_181221,20
video_18128,3
video_181308,4
video_181333,19
video_181355,32
video_181361,22
video_181395,3
video_181453,18
video_181469,28
video_181472,24
video_18149,25
video_181525,4
video_181562,7
video_181675,5
video_181700,10
video_181723,4
video_181743,6
video_181771,9
video_181780,30
video_181843,3
video_181855,9
video_181884,22
video_182010,16
video_18211,10
video_182116,25
video_182145,30
video_182213,32
video_182234,2
video_182289,12
video_18229,9
video_182308,30
video_182310,6
video_182334,22
video_182356,28
video_182409,30
video_182412,11
video_182449,19
video_182469,7
video_182499,25
video_182500,28
video_182541,30
video_182612,30
video_182624,9
video_182746,9
video_182765,1
video_182822,9
video_182872,19
video_182883,30
video_182901,7
video_182927,30
video_182931,29
video_182956,30
video_182984,25
video_182992,4
video_18304,30
video_183071,30
video_183084,30
video_183088,31
video_183127,1
video_183161,5
video_18317,22
video_18319,7
video_183213,5
video_183220,22
video_18326,22
video_183325,14
video_183360,18
video_183369,14
video_183383,22
video_183395,7
video_183419,9
video_183441,25
video_183445,31
video_183446,9
video_183476,9
video_183481,30
video_183509,31
video_183561,24
video_183562,0
video_183587,22
video_183617,29
video_183634,9
video_183647,9
video_183665,31
video_183704,21
video_183780,30
video_183785,29
video_183819,21
video_183822,29
video_183842,1
video_183857,4
video_183871,30
video_183886,30
video_183895,10
video_183896,3
video_183903,6
video_183907,5
video_183910,29
video_183918,32
video_183994,25
video_184055,24
video_184071,19
video_184076,30
video_184105,25
video_184151,22
video_184156,1
video_184217,3
video_184250,4
video_184259,20
video_184260,23
video_184299,9
video_184352,21
video_184363,28
video_184367,30
video_184542,32
video_184576,14
video_184586,5
video_184594,16
video_18464,20
video_184664,0
video_184729,10
video_184738,30
video_18474,30
video_184752,4
video_184777,0
video_184787,29
video_184839,7
video_184885,1
video_184912,29
video_184915,20
video_185172,3
video_185179,12
video_185222,23
video_185238,32
video_185254,32
video_185273,9
video_185347,10
video_185412,30
video_185433,10
video_185450,14
video_185452,23
video_18546,18
video_18549,31
video_185505,6
video_185524,15
video_185564,1
video_185623,3
video_185678,19
video_185694,5
video_185744,28
video_185750,1
video_185783,4
video_185812,32
video_185850,12
video_185859,24
video_185869,30
video_185874,29
video_185898,0
video_185911,0
video_185971,4
video_186010,6
video_186028,19
video_186047,6
video_186051,4
video_186134,32
video_186147,30
video_186174,7
video_186178,4
video_186199,6
video_186257,3
video_186306,8
video_186308,4
video_186359,6
video_186363,29
video_186377,6
video_186420,18
video_186429,30
video_18644,9
video_186486,29
video_186490,30
video_186497,9
video_186561,22
video_186581,31
video_186611,8
video_186637,12
video_186657,4
video_186812,4
video_186832,30
video_186840,9
video_186869,4
video_186981,29
video_186983,9
video_186997,10
video_187008,1
video_187019,8
video_18703,19
video_187092,4
video_187119,22
video_187123,29
video_187154,9
video_187205,4
video_187208,6
video_187259,24
video_187266,4
video_187267,3
video_187313,4
video_187333,3
video_187339,29
video_187348,1
video_187364,3
video_187367,10
video_187436,19
video_187461,4
video_187538,7
video_187545,6
video_187548,28
video_187570,9
video_18758,22
video_18762,20
video_18765,12
video_187650,10
video_187652,12
video_187725,30
video_187736,5
video_187763,2
video_187811,8
video_187826,10
video_187837,3
video_187865,24
video_187929,28
video_187945,13
video_187972,12
video_188023,3
video_188045,22
video_188098,1
video_188128,21
video_188135,30
video_188205,14
video_188210,3
video_18835,4
video_188354,5
video_188370,24
video_188380,3
video_188389,10
video_188414,6
video_188448,18
video_188456,22
video_188520,2
video_188545,4
video_188554,22
video_188565,9
video_18858,8
video_188645,31
video_188690,28
video_188736,1
video_188738,12
video_188750,10
video_188753,7
video_188807,18
video_188812,18
video_188822,1
video_18892,6
video_189004,32
video_189163,28
video_189179,18
video_189181,24
video_189253,30
video_189263,7
video_189288,30
video_189293,22
video_189299,9
video_189339,32
video_189378,32
video_189384,3
video_189415,7
video_189431,9
video_189549,22
video_189573,9
video_189612,7
video_189637,8
video_189648,29
video_189709,22
video_189724,4
video_189754,3
video_18978,30
video_18982,14
video_189826,31
video_18987,28
video_1899,4
video_189912,5
video_189922,10
video_189958,28
video_19002,22
video_190047,4
video_19008,18
video_1901,28
video_190116,30
video_190150,24
video_190160,32
video_190206,14
video_190216,31
video_190231,1
video_190240,0
video_190277,28
video_19028,22
video_190291,4
video_190308,32
video_190315,2
video_190328,8
video_190355,10
video_19037,11
video_190390,18
video_1904,10
video_190402,23
video_190418,0
video_190433,25
video_190526,9
video_190548,3
video_190550,7
video_190588,7
video_190618,9
video_190633,14
video_190635,7
video_190637,0
video_190653,7
video_190656,0
video_190736,10
video_190772,10
video_190798,32
video_190802,5
video_190813,4
video_190843,24
video_190867,25
video_190929,28
video_190979,23
video_19103,22
video_191051,12
video_191094,29
video_191103,8
video_191116,9
video_191126,10
video_191216,9
video_191252,28
video_191274,30
video_19128,14
video_191317,4
video_191372,6
video_191374,29
video_191387,22
video_1914,31
video_191478,16
video_191554,10
video_191617,4
video_191633,19
video_191655,22
video_191672,23
video_191679,9
video_191755,13
video_191794,13
video_191823,32
video_191830,3
video_19188,1
video_191886,24
video_191943,30
video_191994,2
video_192031,6
video_192042,21
video_192080,30
video_192139,9
video_192163,7
video_192176,28
video_19218,4
video_192221,23
video_192227,9
video_19224,14
video_192246,12
video_192284,1
video_192295,5
video_192340,25
video_192402,30
video_192404,22
video_192429,9
video_192444,30
video_192448,29
video_192464,29
video_192479,4
video_192497,28
video_192502,14
video_192590,7
video_192620,2
video_192646,28
video_192656,9
video_192681,22
video_192713,14
video_192742,31
video_192804,29
video_192890,28
video_192891,22
video_192911,22
video_19297,1
video_193022,2
video_193027,9
video_193039,23
video_193044,24
video_193058,5
video_193081,30
video_193094,8
video_193118,3
video_193126,1
video_19315,5
video_193158,5
video_193227,7
video_193245,30
video_193330,2
video_193339,28
video_193346,9
video_193393,30
video_193395,19
video_193427,30
video_193446,23
video_193467,1
video_193481,6
video_193539,6
video_193561,30
video_193631,22
video_19366,19
video_193665,25
video_193812,29
video_193823,30
video_193836,4
video_193881,28
video_193893,10
video_193915,18
video_193982,14
video_193990,6
video_193995,30
video_193999,30
video_194146,6
video_194177,30
video_194193,4
video_19422,18
video_19423,6
video_194259,32
video_194261,32
video_194302,18
video_194305,20
video_194362,3
video_194365,3
video_194510,7
video_194515,31
video_194572,30
video_194626,3
video_194636,3
video_194661,18
video_194665,12
video_194690,4
video_194694,3
video_1947,28
video_19470,4
video_194701,6
video_194707,10
video_194738,28
video_194752,4
video_194770,30
video_194813,0
video_194871,30
video_194910,3
video_194968,28
video_195030,32
video_195054,1
video_195069,3
video_195070,29
video_195079,19
video_195095,17
video_195137,28
video_195170,4
video_19527,9
video_19529,4
video_195291,28
video_195325,21
video_19533,15
video_195346,4
video_195361,1
video_195377,3
video_195426,4
video_195436,4
video_195512,24
video_19554,6
video_195556,30
video_195659,28
video_195687,1
video_195712,30
video_195822,4
video_195856,4
video_195862,1
video_195892,30
video_195944,24
video_195947,1
video_195973,12
video_195978,31
video_196014,4
video_196029,12
video_196071,4
video_196073,8
video_196280,22
video_196322,7
video_196338,16
video_196339,29
video_196348,7
video_196371,3
video_19638,4
video_196439,13
video_19649,28
video_196513,29
video_196518,5
video_196551,4
video_196601,15
video_196619,5
video_196634,30
video_196667,17
video_196704,23
video_196711,12
video_196727,29
video_196739,19
video_196813,8
video_196850,22
video_196873,1
video_196914,21
video_196922,0
video_197033,22
video_197035,3
video_197078,12
video_197150,20
video_197212,6
video_197218,24
video_197246,7
video_19726,10
video_197285,4
video_197304,7
video_197305,29
video_197307,28
video_197326,32
video_197460,2
video_197467,1
video_197521,24
video_197550,8
video_197567,30
video_197570,31
video_197632,7
video_197637,2
video_197638,30
video_197722,3
video_197731,30
video_197753,1
video_197781,29
video_197804,4
video_197827,28
video_197863,28
video_197893,7
video_197909,19
video_197916,7
video_19793,10
video_197932,5
video_198061,9
video_19808,22
video_198097,29
video_198135,9
video_198137,14
video_198196,18
video_19820,8
video_198255,25
video_198274,4
video_19829,17
video_198292,12
video_198305,6
video_19835,5
video_198354,30
video_198355,1
video_198358,28
video_198363,5
video_198373,18
video_198396,30
video_198398,23
video_198411,10
video_198425,6
video_198480,24
video_198532,14
video_198555,8
video_198558,3
video_198568,10
video_198627,3
video_198632,14
video_198636,9
video_198658,22
video_198721,10
video_19873,2
video_198818,2
video_198830,5
video_198895,9
video_198910,4
video_198917,24
video_198958,7
video_198960,4
video_198983,21
video_199026,14
video_199033,8
video_199053,12
video_199083,28
video_199084,10
video_199139,22
video_19914,32
video_199195,28
video_199216,30
video_199265,8
video_19930,1
video_199323,28
video_199349,12
video_199379,29
video_199407,29
video_199529,9
video_199586,4
video_199613,30
video_199686,14
video_199718,22
video_199731,2
video_199852,31
video_199859,2
video_199860,30
video_199891,18
video_1999,7
video_199914,6
video_199938,32
video_199943,22
video_199952,14
video_199954,11
video_199969,7
video_200048,28
video_200070,23
video_200135,19
video_200150,3
video_200156,13
video_200157,4
video_200171,30
video_200177,29
video_200209,8
video_200216,28
video_200228,22
video_200236,10
video_200291,9
video_200321,4
video_200326,9
video_200327,1
video_200348,7
video_200352,1
video_200385,29
video_200411,31
video_200440,30
video_200442,5
video_200463,25
video_200582,9
video_200595,28
video_200622,30
video_200624,19
video_200693,15
video_200703,3
video_200786,7
video_200802,31
video_200850,4
video_200874,28
video_200965,1
video_200969,4
video_20098,4
video_201042,4
video_201079,30
video_201095,6
video_201114,4
video_201126,9
video_201139,3
video_201153,24
video_201174,24
video_201199,18
video_201213,8
video_201222,19
video_201256,9
video_201267,3
video_201277,4
video_201291,19
video_201295,12
video_201326,10
video_201407,10
video_201444,1
video_201451,14
video_201457,22
video_201500,32
video_201503,20
video_201519,19
video_20155,30
video_201639,30
video_201652,10
video_201723,9
video_201733,6
video_201820,32
video_201856,4
video_20186,1
video_201873,28
video_201891,32
video_201905,1
video_201912,18
video_201932,28
video_201948,32
video_201955,12
video_201969,18
video_202005,6
video_202007,30
video_202035,21
video_202044,4
video_202097,29
video_202136,9
video_202161,12
video_202191,22
video_202193,25
video_202215,1
video_202223,3
video_20225,8
video_20227,4
video_202311,2
video_202387,3
video_202393,30
video_202452,6
video_2025,32
video_202515,24
video_202534,32
video_202577,9
video_202578,5
video_202593,1
video_202635,20
video_202639,22
video_202648,6
video_202666,3
video_202700,20
video_202706,4
video_202710,2
video_202739,32
video_20274,0
video_202745,4
video_202798,29
video_202894,5
video_202922,7
video_202932,14
video_202937,17
video_20297,32
video_202971,5
video_202976,5
video_20301,6
video_203022,9
video_20303,9
video_203069,32
video_203155,9
video_203178,22
video_203241,31
video_203245,29
video_203261,7
video_203264,16
video_203321,4
video_203329,3
video_203365,11
video_203386,9
video_203388,19
video_203390,10
video_203443,22
video_203446,24
video_203458,6
video_203480,23
video_203484,2
video_203486,28
video_203494,0
video_203515,1
video_203526,22
video_203557,32
video_203572,10
video_203606,29
video_203607,31
video_203674,7
video_203675,10
video_20369,8
video_203738,5
video_203812,10
video_203831,8
video_203876,3
video_203889,5
video_20392,2
video_203962,30
video_203964,8
video_203984,28
video_203987,10
video_203998,4
video_204002,10
video_204004,8
video_204020,7
video_204066,18
video_204077,14
video_204078,10
video_204091,6
video_204102,25
video_204117,3
video_204179,7
video_204195,18
video_204252,9
video_204283,29
video_204320,6
video_204363,4
video_204460,0
video_204461,31
video_204467,30
video_204510,8
video_20453,20
video_204538,9
video_20465,7
video_204653,10
video_204688,3
video_204699,3
video_204730,22
video_204745,6
video_204834,14
video_204903,14
video_204930,11
video_204975,14
video_204989,5
video_205019,30
video_205043,28
video_205052,9
video_205055,4
video_205080,3
video_205153,4
video_205157,31
video_205176,6
video_205224,4
video_205322,19
video_20541,32
video_205431,4
video_205536,4
video_205549,9
video_205579,30
video_205599,30
video_205628,5
video_205647,30
video_20566,28
video_205675,4
video_205699,5
video_205709,6
video_205711,32
video_205712,2
video_205755,4
video_205772,29
video_205808,4
video_205823,29
video_205836,30
video_205845,2
video_205879,22
video_205895,30
video_205907,9
video_205925,14
video_205929,3
video_205947,6
video_206018,3
video_206032,2
video_206087,7
video_20614,30
video_206140,9
video_206173,4
video_206196,14
video_20624,30
video_20625,5
video_206271,31
video_206277,3
video_206278,23
video_206301,4
video_20634,31
video_206352,9
video_206363,30
video_206386,17
video_206431,7
video_206458,30
video_206461,22
video_206464,28
video_206472,6
video_206543,3
video_206547,30
video_206712,7
video_206718,19
video_206777,8
video_206778,5
video_206802,22
video_206901,0
video_206908,12
video_206959,5
video_206976,32
video_2070,29
video_207006,21
video_207057,20
video_207091,30
video_207092,14
video_207203,12
video_207218,10
video_207219,9
video_207253,7
video_207293,14
video_207294,32
video_207324,17
video_20734,28
video_207371,4
video_207381,1
video_207415,2
video_207434,31
video_207463,1
video_207485,4
video_207538,10
video_207562,12
video_207631,32
video_207675,30
video_2077,4
video_207711,10
video_207743,10
video_207758,30
video_207764,5
video_207787,10
video_207788,31
video_20779,17
video_207878,30
video_207957,23
video_207958,15
video_207964,16
video_207965,31
video_207978,6
video_208,1
video_208008,4
video_20804,5
video_208053,0
video_208082,28
video_208089,22
video_208120,1
video_208140,30
video_208153,3
video_208159,11
video_208161,30
video_208164,3
video_208170,8
video_208183,2
video_208187,6
video_208239,1
video_208241,10
video_208293,1
video_208317,1
video_208319,4
video_208358,3
video_208378,3
video_208477,30
video_208480,29
video_208489,5
video_208498,9
video_208549,24
video_208583,7
video_208593,3
video_208624,20
video_208704,30
video_208756,9
video_20883,24
video_208849,21
video_208906,10
video_208986,14
video_209119,1
video_209135,4
video_209181,7
video_209211,1
video_209242,12
video_209303,29
video_209318,10
video_209333,4
video_209340,22
video_20935,10
video_209377,5
video_209390,7
video_209391,10
video_209456,4
video_209489,19
video_209527,22
video_209570,30
video_209591,4
video_209638,10
video_20966,14
video_209685,10
video_209707,20
video_209747,7
video_209793,22
video_209803,22
video_209815,30
video_209816,28
video_209822,14
video_209850,1
video_209881,12
video_209922,30
video_209927,4
video_20996,29
video_209991,2
video_210006,5
video_210015,4
video_210016,28
video_210027,29
video_210034,3
video_210086,12
video_21010,13
video_210102,32
video_210112,18
video_210148,30
video_210170,23
video_210197,24
video_210363,32
video_210377,4
video_210379,28
video_21039,9
video_210416,7
video_210420,9
video_210475,15
video_21048,17
video_210532,30
video_210540,6
video_210547,9
video_210571,4
video_21060,3
video_210622,23
video_210685,10
video_210708,14
video_210717,30
video_210792,30
video_210813,12
video_210820,29
video_210893,22
video_21092,7
video_210936,5
video_211021,19
video_211026,24
video_21103,29
video_211063,7
video_21109,4
video_211105,12
video_211147,14
video_211174,2
video_211177,29
video_211192,30
video_211214,3
video_211302,10
video_211327,10
video_211332,29
video_211388,1
video_211395,9
video_211405,1
video_211422,18
video_211576,30
video_211594,10
video_211733,12
video_211746,3
video_21188,8
video_21189,5
video_2119,14
video_211907,14
video_21196,11
video_211976,23
video_211988,1
video_212045,14
video_212077,5
video_212087,1
video_212093,4
video_212103,1
video_212108,4
video_212159,6
video_212193,3
video_212255,9
video_21227,22
video_212285,9
video_212298,28
video_212339,5
video_212385,2
video_212397,4
video_212402,5
video_21242,30
video_212433,10
video_212435,9
video_212439,4
video_212513,1
video_212641,22
video_212663,14
video_212675,18
video_212772,2
video_212849,4
video_212875,1
video_212886,29
video_212933,4
video_212962,0
video_212968,6
video_213015,8
video_213016,21
video_213054,10
video_213186,4
video_213223,12
video_21323,12
video_213248,23
video_213282,8
video_213285,12
video_213287,4
video_213303,30
video_213374,10
video_213375,4
video_213419,3
video_213445,32
video_213482,18
video_213489,28
video_213492,4
video_213494,9
video_213507,4
video_21352,1
video_213540,30
video_21356,3
video_213570,3
video_213596,1
video_213654,23
video_213706,18
video_213736,31
video_213769,8
video_213771,24
video_213789,22
video_213818,10
video_213820,12
video_213849,32
video_213852,4
video_213979,4
video_214057,30
video_214075,29
video_214079,1
video_214096,22
video_21410,20
video_21413,0
video_214143,3
video_214156,24
video_214259,1
video_214282,9
video_214298,30
video_21430,31
video_214326,18
video_21441,30
video_214474,14
video_214499,23
video_214514,6
video_214542,7
video_214547,9
video_21455,10
video_214560,30
video_214591,9
video_214627,6
video_214645,4
video_214665,30
video_214672,11
video_214683,28
video_214713,31
video_214758,29
video_214780,31
video_214812,32
video_214868,19
video_214908,5
video_21498,0
video_214986,6
video_215001,28
video_215013,5
video_215031,1
video_215037,2
video_215038,4
video_215040,1
video_215043,5
video_215073,30
video_215084,4
video_215130,4
video_21516,0
video_215175,4
video_215201,4
video_21521,5
video_215260,3
video_215267,19
video_21533,7
video_215372,0
video_215415,10
video_215420,3
video_215423,14
video_215443,29
video_215455,3
video_215483,18
video_215510,32
video_21554,5
video_215544,9
video_215567,8
video_215617,28
video_215620,4
video_21567,23
video_21577,20
video_215802,19
video_21582,14
video_215846,30
video_215877,28
video_215908,4
video_215933,10
video_215940,22
video_215982,31
video_216011,29
video_216029,10
video_216056,12
video_216061,4
video_216080,9
video_216083,7
video_216084,8
video_216228,7
video_21628,8
video_21634,29
video_216371,30
video_216490,9
video_216495,12
video_216502,30
video_216522,30
video_216581,12
video_216644,14
video_216695,12
video_216702,7
video_21671,9
video_216710,6
video_216721,18
video_216766,10
video_216805,21
video_216812,30
video_216824,30
video_216892,30
video_216916,6
video_216919,21
video_216944,29
video_216955,10
video_216957,3
video_216976,15
video_217007,6
video_217008,8
video_217010,14
video_217032,7
video_217046,4
video_21710,2
video_217101,30
video_217113,15
video_217148,23
video_217169,10
video_217175,5
video_217206,12
video_217318,1
video_217319,28
video_217323,14
video_217375,4
video_217407,23
video_217474,5
video_217532,22
video_217538,24
video_217561,12
video_217599,10
video_217654,29
video_217658,32
video_217708,4
video_217767,7
video_217773,1
video_2178,9
video_217881,17
video_217882,1
video_217884,1
video_217951,3
video_217962,3
video_218024,9
video_218160,18
video_218176,7
video_218241,30
video_21825,10
video_218279,14
video_218297,14
video_218322,6
video_218351,4
video_21836,14
video_21842,9
video_21846,7
video_218488,17
video_218519,30
video_218540,9
video_218545,24
video_218546,7
video_218600,5
video_218653,30
video_218688,5
video_218724,14
video_218734,22
video_218754,22
video_218786,30
video_218840,28
video_218855,1
video_218933,14
video_218975,10
video_218982,29
video_2190,9
video_219025,8
video_219040,17
video_219041,22
video_219061,4
video_219082,5
video_219098,30
video_219142,24
video_219143,12
video_219246,25
video_219265,10
video_219273,9
video_21929,2
video_219417,8
video_219469,12
video_219472,1
video_219496,30
video_219582,12
video_219624,7
video_219632,5
video_219686,5
video_219702,21
video_219707,7
video_219723,5
video_21980,8
video_219809,8
video_219826,9
video_219855,6
video_219862,4
video_219879,30
video_219885,12
video_219903,22
video_219945,8
video_219987,14
video_219988,10
video_22000,22
video_220002,4
video_220017,29
video_220066,30
video_220141,32
video_220180,12
video_220211,29
video_220221,31
video_220283,22
video_220348,4
video_220370,4
video_220477,31
video_220508,28
video_220549,14
video_220586,28
video_220623,30
video_22068,29
video_22069,10
video_220696,9
video_220746,4
video_220747,5
video_220770,7
video_220812,30
video_220846,32
video_22096,31
video_22120,1
video_22142,5
video_22153,8
video_22247,12
video_22248,0
video_22289,19
video_22322,6
video_22328,8
video_2238,17
video_22403,18
video_22441,5
video_22442,32
video_22445,7
video_22507,4
video_22547,29
video_22605,9
video_22626,4
video_22640,8
video_22716,23
video_22718,6
video_22749,3
video_2275,3
video_22760,3
video_22766,31
video_22770,4
video_22866,23
video_22891,0
video_22907,30
video_22945,7
video_23006,32
video_23028,0
video_23049,29
video_23056,10
video_23060,30
video_23203,1
video_23236,12
video_23237,28
video_23251,1
video_23288,30
video_23321,6
video_23405,7
video_23418,18
video_23419,30
video_23456,5
video_23467,9
video_23489,22
video_23502,29
video_23555,29
video_23557,24
video_23627,28
video_23631,3
video_23693,4
video_23725,16
video_23779,8
video_23790,14
video_23815,10
video_23824,30
video_23902,31
video_23939,2
video_23962,18
video_23964,8
video_24092,10
video_24101,0
video_24161,6
video_24214,7
video_24225,29
video_24251,18
video_24351,5
video_2439,9
video_24390,14
video_24439,9
video_24453,5
video_24510,28
video_24538,4
video_24540,0
video_24570,10
video_24607,4
video_2464,30
video_24690,24
video_24694,25
video_24713,19
video_24722,1
video_24757,3
video_24771,5
video_24810,24
video_2484,28
video_24841,4
video_24869,24
video_24901,1
video_24916,4
video_24936,9
video_2495,1
video_24953,7
video_24956,30
video_25016,19
video_25030,14
video_25054,9
video_25056,4
video_25154,10
video_2518,1
video_25263,29
video_25325,3
video_25362,32
video_25369,9
video_25390,14
video_25391,2
video_25417,6
video_25459,29
video_25460,11
video_25553,30
video_2557,9
video_25698,22
video_257,1
video_25749,9
video_25766,1
video_25767,4
video_25778,6
video_25780,22
video_25826,31
video_25856,22
video_25862,14
video_25930,0
video_25934,4
video_25936,29
video_2596,12
video_26015,32
video_26059,4
video_26069,31
video_2607,10
video_26070,12
video_26074,12
video_26100,4
video_26143,14
video_26153,4
video_26168,14
video_26194,14
video_26197,12
video_26219,30
video_26318,19
video_26363,31
video_26388,30
video_26452,10
video_2647,2
video_2651,28
video_26515,4
video_26523,3
video_26540,30
video_26566,29
video_26613,29
video_26662,31
video_26666,14
video_26686,20
video_2672,20
video_26798,32
video_26840,28
video_26882,9
video_26930,23
video_26964,3
video_2703,9
video_27075,11
video_27090,12
video_27159,28
video_2716,4
video_27182,17
video_27200,4
video_27227,15
video_27250,30
video_27261,10
video_27271,8
video_27276,11
video_27288,0
video_27289,16
video_27328,22
video_27338,10
video_27378,20
video_27385,29
video_27406,6
video_27408,3
video_27435,30
video_27443,14
video_27468,9
video_27498,29
video_2762,12
video_27671,4
video_27676,17
video_27686,4
video_27694,15
video_27696,14
video_27717,3
video_27743,1
video_27751,28
video_27764,31
video_27782,2
video_27805,1
video_27866,3
video_27871,3
video_27885,29
video_27888,30
video_27915,29
video_27931,28
video_27934,31
video_27956,9
video_27983,9
video_28001,3
video_28023,7
video_28117,4
video_28150,32
video_28171,24
video_28242,8
video_28273,28
video_28286,13
video_28291,14
video_2832,14
video_28323,31
video_28355,3
video_28367,10
video_28412,3
video_28441,18
video_28454,28
video_28506,24
video_28511,31
video_28625,3
video_28632,12
video_28637,30
video_2865,6
video_28662,1
video_28677,30
video_28680,19
video_28692,22
video_28695,8
video_28696,12
video_28726,30
video_28737,9
video_28780,7
video_28784,1
video_2881,32
video_28833,32
video_28837,29
video_28945,29
video_28950,4
video_29010,7
video_29032,3
video_29035,14
video_2905,20
video_29058,7
video_29090,21
video_29147,29
video_29158,30
video_29168,22
video_29203,4
video_29207,19
video_29248,3
video_29271,6
video_2928,28
video_29286,23
video_29388,4
video_29436,5
video_2964,3
video_29669,8
video_29685,4
video_29688,10
video_29706,9
video_29723,3
video_2973,5
video_29733,30
video_2976,1
video_29772,14
video_29786,30
video_29817,5
video_29844,3
video_29868,1
video_29877,29
video_29880,3
video_29901,1
video_29935,29
video_29940,13
video_29946,4
video_29965,25
video_30043,32
video_30044,8
video_30076,22
video_30088,6
video_30093,4
video_30101,2
video_30139,2
video_30142,30
video_30158,22
video_30164,30
video_30184,7
video_3019,10
video_30204,29
video_30232,9
video_30255,30
video_30326,4
video_30338,1
video_30342,28
video_30343,5
video_30374,22
video_30408,0
video_30425,4
video_30466,30
video_30523,4
video_30527,31
video_30528,25
video_30541,6
video_30551,1
video_30598,12
video_30643,1
video_30679,22
video_3068,29
video_3069,2
video_30732,24
video_30857,10
video_30863,28
video_30864,10
video_30865,10
video_30870,24
video_30879,9
video_30888,7
video_30924,20
video_30958,4
video_30980,30
video_30982,22
video_30996,23
video_31046,6
video_31096,10
video_31102,30
video_3117,22
video_31217,18
video_31240,30
video_31253,2
video_31283,17
video_31334,22
video_31336,18
video_31396,16
video_31446,7
video_31465,29
video_31466,28
video_31490,10
video_31505,12
video_31507,18
video_31549,17
video_31564,2
video_31611,32
video_31670,4
video_31675,7
video_31699,1
video_31743,5
video_31802,4
video_31876,3
video_31881,30
video_3189,1
video_31925,29
video_31975,12
video_32007,0
video_32150,9
video_32177,31
video_3222,6
video_32238,28
video_32255,18
video_32276,24
video_32285,4
video_32322,10
video_32393,31
video_32411,1
video_32440,10
video_32462,31
video_32473,4
video_32485,4
video_32495,10
video_32530,4
video_32535,29
video_32669,32
video_3273,7
video_32748,18
video_32798,12
video_3288,10
video_32905,8
video_32935,29
video_32936,30
video_32997,3
video_32999,31
video_33027,8
video_33077,2
video_33125,22
video_33165,1
video_33179,18
video_33214,3
video_3325,9
video_33268,6
video_33275,30
video_33318,31
video_33336,25
video_33376,30
video_33403,30
video_33410,22
video_3342,4
video_33424,9
video_33428,14
video_33460,1
video_33510,8
video_33524,28
video_33589,19
video_33596,6
video_33673,29
video_33716,2
video_33840,14
video_33850,0
video_33874,28
video_33907,29
video_3391,5
video_33912,14
video_33920,32
video_33947,9
video_33970,29
video_33979,30
video_34021,4
video_34025,3
video_3410,30
video_34115,1
video_34160,16
video_34167,24
video_34226,6
video_34227,9
video_34237,30
video_34239,30
video_34259,10
video_34321,8
video_3434,4
video_34353,31
video_34390,4
video_34397,7
video_34407,12
video_34474,15
video_34476,29
video_34513,28
video_34519,8
video_34588,21
video_3459,5
video_34591,4
video_34595,4
video_34644,14
video_34696,9
video_34711,30
video_34721,4
video_34723,29
video_3473,30
video_34734,18
video_34823,30
video_34834,9
video_34883,4
video_34964,28
video_34981,2
video_34991,31
video_35000,12
video_35045,21
video_35082,30
video_35141,24
video_35166,9
video_35182,5
video_3519,6
video_35195,11
video_35275,4
video_35358,10
video_35361,31
video_35447,29
video_35452,25
video_35460,1
video_35461,20
video_35495,29
video_355,4
video_35524,31
video_35546,30
video_35590,5
video_35647,4
video_35658,10
video_35705,5
video_35753,1
video_35854,29
video_35918,30
video_35928,12
video_35932,28
video_35942,28
video_35969,4
video_35972,4
video_35973,30
video_35984,9
video_36050,6
video_36115,30
video_36171,23
video_36313,3
video_3639,14
video_36447,9
video_36463,30
video_36472,19
video_36489,20
video_36531,10
video_36624,20
video_36638,7
video_36666,8
video_36707,30
video_36740,1
video_36756,32
video_36757,5
video_36780,5
video_36811,6
video_36817,3
video_36821,18
video_36853,12
video_36884,21
video_36902,28
video_36959,9
video_36969,3
video_37034,6
video_37041,3
video_37298,4
video_37310,31
video_37343,29
video_37384,10
video_37409,18
video_37482,4
video_3753,3
video_37547,9
video_3756,30
video_37600,32
video_37614,6
video_37628,24
video_37671,9
video_37695,22
video_37699,4
video_37711,12
video_37758,8
video_37760,3
video_37840,32
video_37852,32
video_37866,0
video_37874,16
video_37877,1
video_37961,23
video_3798,32
video_37993,11
video_37999,29
video_38067,14
video_38077,7
video_38078,30
video_38107,32
video_38126,9
video_38129,4
video_38132,5
video_38227,29
video_3824,1
video_38268,12
video_38294,23
video_38319,19
video_38320,29
video_38330,7
video_38334,4
video_38354,12
video_38360,30
video_3841,4
video_38468,24
video_38478,22
video_38480,1
video_38492,22
video_38536,7
video_38544,4
video_38582,11
video_38618,3
video_3864,10
video_38647,21
video_38652,10
video_38663,25
video_38670,12
video_38706,24
video_38739,29
video_38773,22
video_38790,8
video_38809,30
video_38812,7
video_38818,7
video_38858,32
video_38938,30
video_39058,2
video_39059,21
video_39069,29
video_39072,6
video_39114,29
video_39115,32
video_39116,18
video_39121,12
video_39149,3
video_39188,2
video_39226,30
video_39253,14
video_3926,28
video_39272,30
video_39279,28
video_39304,4
video_39340,22
video_39341,0
video_39373,31
video_39419,6
video_39428,6
video_39442,14
video_39545,23
video_3956,7
video_39571,4
video_39582,28
video_39609,24
video_39633,28
video_39649,10
video_39677,2
video_3975,5
video_3980,15
video_3981,20
video_39821,25
video_39953,32
video_400,29
video_4000,5
video_40017,19
video_40060,8
video_401,6
video_40100,30
video_40160,3
video_40188,10
video_4022,7
video_40248,4
video_40289,28
video_40300,25
video_40325,12
video_40362,5
video_40364,13
video_40429,30
video_40436,10
video_40490,5
video_40497,6
video_40508,29
video_40546,30
video_40552,8
video_40572,19
video_40687,19
video_40692,25
video_407,10
video_40762,22
video_40763,4
video_40765,31
video_40829,30
video_4085,5
video_40866,8
video_40892,13
video_40900,28
video_40943,18
video_40975,12
video_40988,9
video_41018,18
video_41092,5
video_41122,8
video_41146,10
video_41152,14
video_41164,31
video_41249,12
video_41251,4
video_41258,25
video_4127,4
video_41281,29
video_41283,5
video_41317,28
video_41451,30
video_41461,19
video_4148,2
video_41484,28
video_4149,3
video_41525,29
video_41532,30
video_41533,4
video_41562,30
video_4157,9
video_41589,18
video_41606,30
video_41751,4
video_41763,29
video_41770,12
video_41808,13
video_41905,17
video_41976,7
video_4200,10
video_42023,6
video_42099,14
video_42177,4
video_42221,12
video_42261,6
video_42270,31
video_42288,1
video_4229,30
video_42307,4
video_42364,32
video_42386,24
video_42460,4
video_42476,9
video_42525,22
video_42622,6
video_42646,17
video_42703,31
video_42711,14
video_42719,9
video_42724,12
video_42726,4
video_42757,3
video_42779,7
video_43,7
video_43003,9
video_43028,1
video_43029,12
video_43030,24
video_4304,7
video_4306,7
video_4307,4
video_43114,10
video_4315,14
video_43242,6
video_43244,18
video_43250,13
video_43339,3
video_43388,8
video_43394,6
video_43399,28
video_43402,10
video_43427,20
video_43452,25
video_43457,10
video_43485,4
video_4350,9
video_43622,29
video_43649,0
video_43667,28
video_43670,4
video_43746,23
video_43753,20
video_43762,22
video_43789,4
video_438,19
video_43897,8
video_4390,9
video_43903,22
video_43921,2
video_43947,4
video_43974,7
video_43997,3
video_43998,4
video_44001,30
video_44011,20
video_44013,32
video_44030,18
video_44062,31
video_4408,4
video_44120,15
video_44124,1
video_44178,4
video_44216,8
video_44272,5
video_4428,0
video_44384,10
video_44406,29
video_44417,23
video_4449,24
video_44490,19
video_4450,6
video_44535,10
video_44541,32
video_44569,23
video_44584,29
video_44642,9
video_44646,0
video_44654,14
video_44678,30
video_44761,30
video_44764,30
video_44779,20
video_44783,30
video_44790,16
video_44791,29
video_44805,9
video_44874,9
video_4489,7
video_44920,28
video_44944,10
video_45003,9
video_45029,13
video_45071,24
video_45101,28
video_45117,8
video_45173,5
video_45218,28
video_45245,30
video_45271,24
video_45280,12
video_45289,23
video_45296,24
video_45359,4
video_45360,9
video_45380,18
video_45407,4
video_45439,12
video_45498,22
video_45555,30
video_45576,22
video_45591,14
video_45601,24
video_4568,29
video_45798,9
video_45804,29
video_45810,12
video_45831,4
video_45832,8
video_45875,5
video_4588,19
video_45881,22
video_45924,14
video_46019,22
video_46023,8
video_46024,10
video_46047,4
video_46070,30
video_46093,29
video_46133,10
video_46152,6
video_46198,30
video_4626,7
video_46286,6
video_46340,30
video_46347,9
video_46393,17
video_46495,9
video_46499,11
video_46502,22
video_46503,14
video_46565,10
video_46570,4
video_46615,31
video_46635,22
video_46652,12
video_46656,5
video_46664,29
video_4671,30
video_46758,30
video_46759,30
video_46773,3
video_46821,4
video_46857,23
video_4688,28
video_46896,23
video_46931,3
video_46956,5
video_46959,32
video_46981,28
video_47012,6
video_47020,14
video_47048,12
video_47053,4
video_47084,3
video_47103,7
video_47178,23
video_47201,3
video_47202,10
video_47213,22
video_47228,22
video_47231,3
video_47250,10
video_47275,30
video_47287,1
video_47334,6
video_4735,5
video_47418,24
video_47448,30
video_47449,1
video_47516,4
video_47525,10
video_47543,4
video_47591,14
video_47617,4
video_47705,30
video_47719,30
video_47745,10
video_47790,3
video_47807,24
video_47874,30
video_47876,25
video_47933,32
video_47948,30
video_47967,28
video_47968,3
video_47970,5
video_47974,1
video_48000,2
video_48043,29
video_48054,7
video_48079,10
video_48116,10
video_48124,18
video_48139,23
video_48174,12
video_48232,7
video_48245,21
video_48247,16
video_48260,12
video_48285,10
video_48287,30
video_48330,12
video_48338,3
video_48365,24
video_48374,29
video_4842,30
video_48447,24
video_48463,3
video_48471,28
video_48496,6
video_48529,6
video_48543,28
video_48546,3
video_48557,3
video_48571,14
video_48576,22
video_48616,32
video_48683,28
video_48719,9
video_48729,10
video_4873,29
video_48804,7
video_48834,29
video_48925,4
video_49011,32
video_4905,29
video_49067,4
video_4915,7
video_49218,22
video_4928,18
video_49296,32
video_49328,23
video_49361,30
video_4950,7
video_49512,30
video_49513,5
video_49531,32
video_49535,10
video_49575,31
video_49618,30
video_49621,3
video_49628,30
video_49685,30
video_49732,3
video_49736,5
video_498,30
video_4988,4
video_49928,12
video_50049,5
video_50057,28
video_50058,29
video_50060,6
video_50062,28
video_50101,3
video_5011,7
video_50119,10
video_50130,3
video_50145,23
video_50161,4
video_50176,9
video_50209,10
video_50248,10
video_50255,30
video_50287,14
video_50314,4
video_50357,9
video_50407,29
video_50442,6
video_5061,4
video_50611,1
video_50622,1
video_50684,4
video_50685,8
video_50687,3
video_50714,30
video_50761,1
video_50768,14
video_50778,12
video_50801,4
video_50809,8
video_50813,30
video_50819,29
video_50827,28
video_50861,25
video_50898,11
video_50948,30
video_50960,9
video_50979,14
video_51001,14
video_51006,7
video_51086,24
video_51154,30
video_51161,31
video_51182,31
video_51235,4
video_51293,9
video_51326,21
video_51341,30
video_51344,22
video_51377,6
video_51447,4
video_51471,18
video_51603,5
video_51612,24
video_51643,31
video_51665,19
video_51667,9
video_51680,29
video_51699,6
video_51735,1
video_51827,5
video_51840,8
video_5185,32
video_51878,10
video_51887,29
video_51894,1
video_51964,19
video_51980,28
video_51987,2
video_52006,19
video_52011,19
video_52012,4
video_52021,30
video_52030,21
video_52033,10
video_5204,9
video_52045,23
video_52110,1
video_52116,29
video_52123,6
video_52126,19
video_52177,30
video_52227,12
video_52282,30
video_52291,30
video_52389,9
video_52429,29
video_52434,23
video_52459,21
video_52471,1
video_52473,20
video_52476,19
video_52588,2
video_5274,30
video_5290,23
video_52959,18
video_52964,9
video_52988,28
video_53118,29
video_5312,4
video_53228,12
video_53265,3
video_5329,32
video_5332,30
video_53328,23
video_53383,8
video_53389,28
video_53400,10
video_53428,12
video_53439,2
video_53449,5
video_53450,22
video_53486,3
video_53513,30
video_53516,0
video_53517,3
video_53563,18
video_5359,28
video_53632,12
video_53669,32
video_53704,31
video_53732,12
video_53767,32
video_53831,12
video_5386,14
video_53876,24
video_53892,19
video_53894,3
video_53910,24
video_53914,6
video_53991,10
video_54035,29
video_54055,29
video_54151,8
video_5418,7
video_54197,9
video_54255,9
video_54317,28
video_54345,1
video_54369,30
video_54381,22
video_54395,1
video_54408,19
video_54411,1
video_54448,19
video_54498,14
video_54532,10
video_54760,17
video_54774,1
video_54902,12
video_54910,10
video_54927,6
video_54948,4
video_5496,24
video_550,14
video_55005,7
video_55021,9
video_5506,4
video_55215,20
video_55223,5
video_55237,12
video_55249,30
video_55277,17
video_55279,3
video_55298,20
video_55312,9
video_55324,8
video_55327,28
video_55344,2
video_55514,4
video_55517,28
video_55547,6
video_5557,30
video_55593,30
video_55630,4
video_55692,3
video_55746,4
video_55751,22
video_55772,30
video_55785,9
video_55816,9
video_55822,12
video_5583,8
video_55830,28
video_5584,22
video_55843,24
video_55845,4
video_55853,28
video_5586,4
video_55876,28
video_55887,20
video_55892,9
video_5592,24
video_56009,8
video_5601,3
video_56016,23
video_5607,4
video_56082,9
video_56096,5
video_56139,28
video_56153,24
video_56172,32
video_56174,12
video_56176,22
video_5619,9
video_56198,10
video_56209,4
video_56217,3
video_56218,32
video_56242,30
video_56246,22
video_56253,29
video_56338,28
video_56358,30
video_56365,9
video_56375,30
video_56377,5
video_56390,4
video_56416,30
video_56448,28
video_56450,22
video_56459,8
video_56460,12
video_56474,22
video_56556,6
video_56574,28
video_56600,6
video_56662,6
video_56665,32
video_56745,29
video_56746,6
video_56753,7
video_56756,12
video_5683,1
video_56878,10
video_56921,32
video_56998,1
video_57008,19
video_57058,9
video_57064,3
video_57101,4
video_57117,29
video_57166,6
video_57168,4
video_57171,31
video_57187,30
video_57253,9
video_57275,30
video_57308,15
video_5731,29
video_57349,12
video_57361,3
video_57376,28
video_57416,31
video_57422,30
video_57443,22
video_57538,9
video_57568,30
video_57584,5
video_57591,10
video_57616,31
video_57623,1
video_5763,18
video_57632,28
video_57648,4
video_5768,1
video_57700,30
video_57769,32
video_57789,9
video_57817,10
video_57839,7
video_5784,17
video_57893,12
video_57954,32
video_57968,22
video_57987,12
video_58087,14
video_5809,4
video_58103,2
video_58117,29
video_58153,22
video_58219,8
video_58318,19
video_58333,3
video_58334,4
video_58364,7
video_58421,4
video_58454,9
video_58516,5
video_58518,32
video_58529,32
video_58534,4
video_58670,5
video_58701,9
video_58719,19
video_58731,23
video_58743,1
video_58746,22
video_58798,30
video_58799,9
video_588,29
video_58882,29
video_58885,9
video_58998,4
video_59000,9
video_59016,6
video_59025,24
video_59032,19
video_59118,30
video_59119,32
video_59155,31
video_59157,10
video_5917,32
video_59178,30
video_59196,30
video_59228,21
video_59251,28
video_59265,12
video_59292,4
video_59314,23
video_59317,9
video_59346,31
video_59394,21
video_59402,4
video_59463,31
video_59496,12
video_59518,14
video_59519,12
video_59561,4
video_596,29
video_59604,31
video_59608,15
video_59609,21
video_59653,1
video_59677,0
video_59747,21
video_59877,24
video_59914,10
video_59928,2
video_59963,12
video_59980,9
video_59997,22
video_60054,4
video_60061,16
video_60080,6
video_60146,9
video_60161,23
video_60190,3
video_60211,23
video_6027,4
video_60319,14
video_60369,14
video_60390,30
video_604,1
video_60405,1
video_60427,13
video_60429,18
video_607,1
video_60773,6
video_60783,5
video_60840,28
video_60858,29
video_60876,24
video_60926,25
video_61026,1
video_61035,18
video_61048,4
video_61049,4
video_61066,14
video_61100,17
video_61120,3
video_61161,21
video_61197,24
video_61200,5
video_61209,4
video_61249,22
video_61280,7
video_61302,7
video_61332,4
video_61340,1
video_61350,10
video_61368,5
video_61376,22
video_61432,18
video_61555,21
video_61556,23
video_61571,5
video_6158,28
video_61581,28
video_61582,12
video_6160,14
video_61663,13
video_61689,29
video_61732,10
video_61793,4
video_61848,12
video_61872,5
video_61971,1
video_62014,22
video_62020,14
video_62034,30
video_6204,18
video_62040,17
video_62046,22
video_62139,5
video_62172,31
video_62342,29
video_6235,22
video_62363,30
video_62390,24
video_62400,30
video_62405,29
video_6250,14
video_62520,9
video_62574,22
video_62585,1
video_62635,3
video_62749,7
video_62847,24
video_62851,23
video_62876,12
video_6289,24
video_62917,6
video_62975,20
video_62988,5
video_62997,22
video_63028,32
video_63052,9
video_63066,4
video_63074,7
video_63075,30
video_63079,19
video_63144,5
video_63149,28
video_63169,0
video_6324,9
video_63329,32
video_63339,18
video_63505,6
video_63507,32
video_63511,1
video_63513,1
video_63574,13
video_63576,18
video_63583,5
video_63592,9
video_63601,23
video_63602,4
video_63603,9
video_63627,4
video_63649,24
video_63690,23
video_63701,9
video_6372,30
video_63727,4
video_63748,30
video_63768,30
video_63799,22
video_63835,15
video_63845,3
video_63856,12
video_63865,30
video_63868,30
video_63958,30
video_63968,21
video_63994,30
video_64000,5
video_64004,5
video_64010,1
video_64093,3
video_64183,10
video_64200,30
video_64242,18
video_64247,19
video_64275,4
video_64283,22
video_64318,2
video_64354,30
video_64364,32
video_64468,5
video_64536,4
video_64579,24
video_64653,4
video_64659,30
video_64670,19
video_64676,24
video_64698,4
video_64772,10
video_64782,13
video_64844,12
video_64866,22
video_6487,19
video_64891,10
video_64896,5
video_64936,30
video_64939,31
video_64946,6
video_64954,30
video_64984,23
video_65057,8
video_65079,24
video_65103,25
video_65136,4
video_65190,31
video_65236,1
video_65242,1
video_65243,6
video_65246,30
video_6528,30
video_65288,4
video_65305,4
video_65332,28
video_65353,3
video_65392,17
video_65427,24
video_65438,8
video_65447,19
video_65451,1
video_65452,30
video_65474,6
video_65528,16
video_6558,29
video_65587,32
video_656,1
video_65624,3
video_65686,12
video_65750,2
video_65773,28
video_65774,29
video_65782,22
video_65786,3
video_65791,10
video_65795,28
video_65840,8
video_65938,2
video_6595,22
video_66001,29
video_66023,7
video_66053,10
video_66075,4
video_66133,6
video_66148,24
video_6615,10
video_66151,5
video_66177,4
video_66210,31
video_66249,17
video_66265,1
video_66275,8
video_66330,32
video_66350,24
video_66375,3
video_66441,8
video_66483,7
video_66515,3
video_66537,28
video_66553,4
video_66567,12
video_66697,30
video_66709,1
video_66718,12
video_6672,18
video_66762,29
video_66805,30
video_66830,7
video_66862,2
video_66910,28
video_66933,6
video_66959,9
video_66980,23
video_66984,30
video_67027,32
video_67086,8
video_67105,3
video_67172,7
video_67204,9
video_67256,2
video_67258,24
video_6727,12
video_67290,1
video_67330,30
video_67364,23
video_67374,6
video_67383,6
video_67429,10
video_67473,6
video_67484,25
video_67497,23
video_675,30
video_67509,29
video_67518,28
video_67568,9
video_67614,12
video_67625,30
video_67686,31
video_67690,28
video_67701,20
video_67705,6
video_67713,4
video_67731,3
video_67765,30
video_67773,22
video_67803,32
video_6783,32
video_67857,2
video_6786,12
video_67861,30
video_67892,28
video_67998,32
video_68002,3
video_68018,1
video_68052,12
video_68055,29
video_68092,24
video_68104,8
video_6811,1
video_68113,4
video_68141,9
video_68190,30
video_68286,24
video_68320,22
video_68337,31
video_68347,4
video_6843,7
video_6850,7
video_68532,19
video_68535,5
video_6859,32
video_68590,22
video_68596,4
video_68603,20
video_68651,14
video_68675,4
video_68813,11
video_68875,13
video_68998,30
video_69014,1
video_69017,5
video_69030,6
video_69100,10
video_69124,32
video_69134,10
video_69200,7
video_69278,5
video_6931,19
video_69341,14
video_69343,29
video_69382,24
video_69447,7
video_69509,29
video_69511,12
video_69540,2
video_69549,6
video_69576,7
video_69585,29
video_69588,4
video_6963,1
video_69632,24
video_69640,4
video_69651,10
video_69658,12
video_69670,22
video_69684,21
video_69691,3
video_69724,29
video_69738,9
video_69764,10
video_69788,4
video_69842,6
video_69855,4
video_69922,4
video_70012,29
video_70035,3
video_70109,28
video_70113,0
video_70152,10
video_70182,20
video_70197,8
video_7022,29
video_70224,6
video_70237,4
video_70293,14
video_70295,12
video_70319,9
video_70322,12
video_7033,7
video_7035,10
video_70353,6
video_70399,7
video_704,16
video_70460,10
video_70490,31
video_70526,30
video_70605,10
video_70623,3
video_70640,4
video_70698,29
video_70705,30
video_7071,28
video_70715,17
video_70748,23
video_70866,14
video_70893,3
video_70895,4
video_70914,7
video_70933,30
video_70939,2
video_70958,24
video_7102,28
video_71056,12
video_71084,3
video_71123,28
video_7115,24
video_71197,11
video_71258,1
video_71276,6
video_71294,3
video_71310,1
video_71331,4
video_71349,28
video_71367,3
video_71401,4
video_71404,32
video_7141,28
video_71414,9
video_71459,4
video_71569,7
video_71628,8
video_71638,7
video_71663,5
video_71673,4
video_71825,4
video_71828,10
video_71866,4
video_71946,30
video_72000,9
video_72017,4
video_72039,5
video_72071,7
video_72090,21
video_72111,30
video_72133,17
video_72161,12
video_72191,30
video_7235,4
video_72405,30
video_72578,4
video_72591,31
video_72597,20
video_72621,28
video_72650,30
video_72683,4
video_72713,8
video_72732,18
video_72740,4
video_72752,28
video_72762,29
video_72771,9
video_72781,30
video_72881,10
video_72933,4
video_7294,4
video_72984,6
video_730,22
video_73004,10
video_73013,20
video_73015,18
video_73041,28
video_73050,3
video_73077,19
video_73079,15
video_73084,19
video_73162,8
video_73178,29
video_73203,4
video_73230,7
video_73251,31
video_73254,6
video_7328,9
video_73280,18
video_73304,30
video_73389,6
video_73400,32
video_73443,6
video_7346,4
video_73533,6
video_73562,3
video_7357,30
video_73614,23
video_73626,30
video_73645,9
video_73648,7
video_73659,5
video_73694,29
video_73704,10
video_73731,22
video_73748,9
video_73768,6
video_73772,8
video_73783,6
video_73910,16
video_73956,1
video_7397,29
video_7400,19
video_74011,6
video_74030,1
video_74040,29
video_74043,22
video_7409,5
video_74093,15
video_74159,32
video_74161,23
video_74174,7
video_74212,5
video_74215,7
video_74223,18
video_74244,11
video_74361,4
video_74368,28
video_74373,18
video_74410,28
video_74417,10
video_74490,3
video_74501,4
video_74502,4
video_74553,6
video_74597,30
video_74609,1
video_74622,4
video_74646,9
video_74677,23
video_7468,4
video_74693,25
video_74700,3
video_74722,28
video_74780,9
video_74781,18
video_74784,4
video_74806,30
video_74867,29
video_74903,4
video_74958,30
video_74974,24
video_75041,12
video_75059,5
video_75070,6
video_7511,29
video_75128,11
video_75133,8
video_75144,9
video_75182,4
video_75222,28
video_7524,3
video_75286,18
video_75300,3
video_75329,3
video_75363,23
video_75365,3
video_75406,3
video_75427,1
video_75448,22
video_75507,7
video_75534,30
video_75616,2
video_75694,31
video_75711,12
video_75726,4
video_75729,28
video_75765,10
video_75799,8
video_75813,16
video_75853,28
video_75862,22
video_75956,30
video_75968,14
video_76001,14
video_76018,4
video_76052,12
video_76067,1
video_76085,29
video_76092,30
video_76205,4
video_76236,7
video_76248,7
video_76251,3
video_76279,28
video_76348,14
video_76350,31
video_7641,5
video_76481,3
video_76486,8
video_76539,31
video_7656,22
video_76586,9
video_7666,6
video_76674,4
video_76717,1
video_76778,9
video_76783,31
video_76826,30
video_7684,30
video_76898,7
video_76909,3
video_76927,30
video_76947,6
video_76958,1
video_76960,30
video_76997,4
video_77034,10
video_77040,24
video_77102,10
video_77156,6
video_77160,6
video_77189,5
video_77232,28
video_77251,10
video_7735,4
video_77352,10
video_77372,3
video_77385,4
video_774,30
video_77411,10
video_77423,28
video_77430,21
video_77448,3
video_7745,7
video_77464,3
video_77498,2
video_77504,1
video_77540,22
video_77613,12
video_77645,3
video_77658,3
video_77663,10
video_7768,30
video_77747,28
video_77776,28
video_77830,7
video_77836,30
video_77837,4
video_77838,29
video_77845,29
video_77910,1
video_77920,30
video_77952,1
video_77969,16
video_77985,4
video_77996,13
video_78005,12
video_78016,29
video_78033,4
video_78079,7
video_78130,3
video_78163,6
video_78182,9
video_78186,30
video_78210,19
video_78228,4
video_78349,2
video_78366,23
video_78411,29
video_78412,9
video_78440,7
video_78442,0
video_78514,9
video_78525,4
video_78547,19
video_78562,31
video_78653,4
video_78668,30
video_78686,10
video_78702,20
video_78703,8
video_78715,19
video_78785,14
video_78824,29
video_78832,4
video_78860,28
video_78920,8
video_78923,30
video_78924,7
video_78962,28
video_78965,2
video_78972,24
video_78976,13
video_79009,29
video_79046,1
video_79081,6
video_79095,20
video_79142,28
video_79176,5
video_79183,12
video_79238,30
video_79245,8
video_79278,22
video_7930,1
video_79326,4
video_79346,18
video_79348,18
video_79359,9
video_79360,28
video_79367,6
video_79391,22
video_79394,4
video_79409,28
video_79450,2
video_79461,9
video_79475,22
video_7948,4
video_79494,14
video_79527,6
video_79568,4
video_79573,0
video_79580,5
video_79622,12
video_79657,24
video_79691,25
video_79722,6
video_79727,3
video_79745,7
video_79756,30
video_79772,28
video_79853,10
video_79881,5
video_79929,32
video_7995,3
video_80017,4
video_80018,0
video_80056,28
video_80137,24
video_80164,17
video_80192,23
video_80314,30
video_80355,2
video_80381,6
video_80467,6
video_80493,3
video_80499,23
video_80516,3
video_80541,6
video_80546,28
video_80616,9
video_80682,14
video_80719,22
video_80809,30
video_8081,4
video_80827,30
video_80830,17
video_80832,22
video_80887,3
video_80903,8
video_80914,29
video_8093,5
video_80942,30
video_80949,28
video_81015,14
video_81077,20
video_81125,4
video_81174,4
video_81178,8
video_81197,28
video_8125,10
video_81288,8
video_81302,30
video_81331,1
video_81344,29
video_81349,5
video_81362,9
video_81364,30
video_81451,7
video_81458,22
video_81491,10
video_8150,29
video_81504,3
video_81535,12
video_81557,30
video_81560,4
video_81581,2
video_81663,30
video_81768,1
video_81770,8
video_81779,22
video_81808,10
video_81831,12
video_81903,17
video_81917,29
video_81936,30
video_81963,8
video_81995,28
video_81997,16
video_82044,29
video_82084,23
video_82127,12
video_82232,21
video_82233,28
video_82254,32
video_82258,32
video_8226,22
video_82315,5
video_8241,9
video_8243,14
video_82462,4
video_82473,8
video_82490,9
video_82495,30
video_82565,4
video_82569,12
video_82600,2
video_82629,6
video_82716,8
video_82728,29
video_82730,18
video_82731,30
video_82759,18
video_82832,18
video_82857,6
video_82925,4
video_82932,2
video_83062,24
video_8311,0
video_83148,32
video_83173,24
video_83231,29
video_83326,21
video_83328,20
video_83337,4
video_83357,3
video_83408,10
video_83497,31
video_83534,31
video_83575,29
video_83596,30
video_83631,29
video_83643,17
video_83647,14
video_8365,1
video_83670,15
video_83672,9
video_83721,3
video_8373,28
video_83738,30
video_83771,2
video_83782,4
video_83808,23
video_83849,14
video_83889,14
video_83927,29
video_8396,31
video_84010,12
video_84022,4
video_84033,8
video_84084,4
video_84096,29
video_84183,1
video_84193,30
video_8423,30
video_84319,18
video_84411,22
video_84470,28
video_84525,9
video_84566,6
video_84583,4
video_8459,23
video_84591,5
video_84624,2
video_84630,31
video_84648,29
video_84798,4
video_84850,7
video_84852,30
video_84922,28
video_85126,1
video_85183,9
video_85228,9
video_85271,7
video_85272,11
video_85278,4
video_85325,25
video_85343,10
video_85383,8
video_85439,28
video_85449,5
video_85471,31
video_85550,17
video_85552,22
video_85566,4
video_85613,8
video_85627,8
video_85633,10
video_85666,15
video_8567,32
video_85672,22
video_85714,24
video_8573,4
video_85737,3
video_8574,30
video_85751,8
video_85824,30
video_85849,24
video_85850,10
video_85904,6
video_85933,6
video_85987,6
video_86020,20
video_86023,28
video_86034,30
video_86077,3
video_86123,19
video_86151,9
video_86160,1
video_86176,32
video_86254,28
video_86262,28
video_86349,31
video_86386,30
video_8639,4
video_86441,19
video_86478,4
video_86482,10
video_86517,6
video_86552,19
video_866,10
video_86606,28
video_86682,4
video_86712,11
video_86786,19
video_86853,3
video_86865,1
video_86918,32
video_86950,25
video_86973,3
video_86985,6
video_87007,4
video_87046,10
video_87086,10
video_87103,29
video_87113,28
video_87176,31
video_87184,2
video_87277,32
video_87346,19
video_87371,23
video_87391,14
video_87400,1
video_87417,14
video_87431,30
video_87439,24
video_87511,1
video_87573,30
video_87597,28
video_87611,10
video_87614,14
video_87649,30
video_8766,6
video_87667,1
video_87703,20
video_87736,3
video_87780,3
video_87794,22
video_8788,24
video_87908,4
video_87940,12
video_87950,1
video_88016,14
video_8804,24
video_88104,4
video_88136,30
video_88168,30
video_8817,18
video_88176,8
video_88184,8
video_88216,23
video_88224,18
video_88236,29
video_88248,30
video_88391,15
video_88408,3
video_88425,32
video_88455,29
video_88558,30
video_88629,12
video_88674,9
video_88696,6
video_88725,12
video_88727,18
video_88751,21
video_88824,15
video_88831,9
video_88932,28
video_88966,28
video_89029,18
video_89041,8
video_89042,22
video_8907,10
video_89125,23
video_8917,16
video_89186,30
video_89219,9
video_89326,1
video_89345,17
video_89413,14
video_89418,30
video_89441,6
video_89472,10
video_89484,10
video_89516,2
video_89518,6
video_89644,4
video_89664,30
video_89795,28
video_89869,22
video_89885,2
video_89910,3
video_8993,4
video_89941,10
video_89946,17
video_90017,7
video_90020,24
video_9004,28
video_90060,30
video_90072,30
video_90100,10
video_90108,5
video_90176,12
video_90185,22
video_90193,32
video_90245,0
video_90295,15
video_90314,18
video_90343,32
video_90354,24
video_90363,19
video_90389,29
video_90390,2
video_90469,24
video_90499,7
video_90515,4
video_90546,29
video_90606,7
video_9066,8
video_90700,28
video_90716,4
video_90731,10
video_90732,5
video_90750,30
video_90760,6
video_90842,14
video_9089,19
video_90923,6
video_90934,30
video_90950,22
video_91027,10
video_91065,20
video_9112,10
video_91121,9
video_91143,30
video_91167,9
video_91243,29
video_91260,1
video_9146,9
video_91487,10
video_9149,4
video_91493,22
video_91501,8
video_91502,28
video_91525,4
video_91550,21
video_91593,12
video_91598,31
video_91620,1
video_91635,3
video_9164,4
video_91651,32
video_91666,12
video_91679,31
video_91686,23
video_91740,31
video_91813,11
video_91845,4
video_9192,24
video_91925,22
video_91928,8
video_91979,2
video_91982,8
video_92015,29
video_92016,4
video_9204,7
video_92054,10
video_92083,6
video_92084,30
video_92106,6
video_92111,2
video_92138,5
video_92170,10
video_92205,14
video_92218,3
video_9224,10
video_923,4
video_92309,22
video_92323,20
video_92332,22
video_92425,31
video_92445,22
video_92513,20
video_92563,8
video_92564,10
video_92582,6
video_92599,7
video_92761,31
video_92766,24
video_92784,12
video_92815,31
video_92876,7
video_92917,2
video_92954,2
video_93016,1
video_93065,25
video_93106,32
video_93120,4
video_93136,9
video_93148,9
video_93150,9
video_93173,24
video_9324,32
video_93240,32
video_93289,30
video_93336,25
video_93468,29
video_93477,7
video_93479,24
video_93480,28
video_93488,28
video_93516,10
video_93578,10
video_93703,5
video_93729,22
video_93778,15
video_93791,10
video_93841,31
video_93855,0
video_93887,30
video_93928,4
video_93954,6
video_93968,10
video_94012,1
video_94080,8
video_94084,31
video_94086,19
video_94091,21
video_94094,21
video_94130,3
video_94163,1
video_94164,3
video_9420,25
video_94219,4
video_94266,30
video_94270,6
video_943,32
video_94308,3
video_94321,11
video_94379,4
video_9438,10
video_94414,7
video_94440,30
video_94450,9
video_94476,9
video_94489,23
video_94510,5
video_94536,7
video_94564,10
video_9457,4
video_94584,20
video_94593,2
video_94619,22
video_94631,3
video_94680,4
video_94697,20
video_94768,24
video_94772,30
video_94782,4
video_9486,14
video_94864,23
video_94913,21
video_94952,19
video_94973,30
video_95016,9
video_95066,4
video_9507,4
video_95144,7
video_95183,22
video_95207,2
video_95223,30
video_95235,30
video_95247,32
video_95259,4
video_95266,11
video_95292,4
video_95297,9
video_95314,18
video_95316,1
video_9532,5
video_95331,18
video_95373,10
video_95401,29
video_95410,4
video_95417,28
video_9547,10
video_95510,19
video_9562,4
video_95630,29
video_95687,4
video_9573,4
video_95735,1
video_95799,11
video_95806,31
video_95810,22
video_95823,10
video_95832,1
video_95850,31
video_95854,24
video_95871,32
video_95887,20
video_95988,8
video_95994,24
video_96046,21
video_9607,14
video_96121,7
video_96131,9
video_96176,7
video_96194,7
video_96235,29
video_96262,30
video_96264,5
video_96269,28
video_96301,8
video_96304,28
video_96335,4
video_96351,31
video_96352,12
video_96403,30
video_96418,17
video_96432,24
video_96435,22
video_96439,1
video_96470,29
video_965,6
video_96501,31
video_96504,10
video_9651,29
video_96514,20
video_96630,12
video_96631,30
video_96637,28
video_96668,5
video_96673,23
video_96680,18
video_967,7
video_9673,19
video_96757,17
video_96761,31
video_96791,22
video_96896,7
video_97004,4
video_97011,1
video_9702,28
video_97026,12
video_97079,12
video_971,4
video_97107,7
video_97167,23
video_97188,8
video_97212,19
video_9724,4
video_97246,9
video_97249,12
video_97286,4
video_97317,22
video_97319,19
video_97328,20
video_97338,22
video_97404,9
video_97411,24
video_97500,4
video_97508,4
video_97514,0
video_97528,13
video_9755,17
video_97627,30
video_97648,1
video_97664,6
video_97758,30
video_97785,26
video_97787,16
video_97864,30
video_97867,28
video_97890,29
video_97956,5
video_97962,20
video_97989,7
video_97990,31
video_98004,14
video_98006,7
video_98064,29
video_98112,14
video_98115,8
video_98138,1
video_98180,4
video_98189,32
video_98289,32
video_98319,7
video_98372,11
video_98373,31
video_98387,2
video_984,3
video_98406,4
video_98424,28
video_98427,8
video_98461,31
video_98471,31
video_98496,2
video_98502,23
video_98504,30
video_98515,4
video_98556,29
video_98565,7
video_98673,4
video_98693,29
video_98711,1
video_98737,1
video_98752,14
video_98762,7
video_98779,28
video_98798,32
video_98807,1
video_98808,9
video_98826,8
video_98856,31
video_98911,8
video_98921,12
video_98950,12
video_98988,9
video_98990,14
video_99015,23
video_99017,6
video_99044,20
video_99058,23
video_9909,7
video_99121,4
video_99153,7
video_99171,4
video_9918,12
video_99188,7
video_99220,25
video_99228,30
video_99230,4
video_99254,32
video_99305,8
video_99315,15
video_99317,10
video_99328,19
video_99335,12
video_99379,29
video_9941,29
video_99412,1
video_99485,7
video_99503,32
video_99532,10
video_9957,31
video_99570,10
video_99591,12
video_99594,32
video_99595,30
video_99603,30
video_99607,12
video_99619,3
video_99701,1
video_99717,12
video_99789,4
video_99805,9
video_99867,24
video_99870,6
video_99886,4
video_99942,1
video_99953,9
