[gate] 2026-05-24T16:35:57+02:00 HF search: dinov3/ssv2 video classifiers
[gate] matches: (none)
[gate] Path B: facebook/dinov2-large + attentive probe (see experiment_24052026.md)
model:
  name: dinov3_video
  pretrained: true
  num_classes: ${num_classes}
  hf_repo: facebook/dinov2-large
  head_type: attentive
  head_num_heads: 8
  head_num_queries: 1
  head_dropout: 0.0
  lora_enabled: true
  lora_r: 16
  lora_alpha: 32
  lora_dropout: 0.05
  lora_target_modules:
  - query
  - key
  - value
  - dense
  freeze_backbone: true
  attn_implementation: sdpa
dataset:
  root: ${hydra:runtime.cwd}/data
  train_dir: ${dataset.root}/train
  val_dir: ${dataset.root}/val
  test_dir: ${dataset.root}/test
  augmented_dirs: []
  test_manifest: null
  submission_output: ${hydra:runtime.cwd}/submissions/track_a.csv
  num_frames: 16
  frame_upsample_mode: cycle
  val_ratio: 0.2
  use_official_val: true
  include_val_in_train: false
  official_val_holdout_ratio: 0.0
  seed: ${seed}
  use_extra: false
  train_extra_dir: ${dataset.root}/train_extra
  max_samples: null
  max_samples_per_class: null
  image_size: 224
  time_reversal_prob: 0.0
  temporal_reversal_augment:
    enabled: false
    prob: 0.5
  class_boosting:
    enabled: false
training:
  batch_size: 4
  lr: 0.0005
  epochs: 15
  num_workers: 2
  checkpoint_path: checkpoints/track_b/dinov3_attnprobe_lora16f.pt
  resume_from: null
  lora_lr: 0.0001
  lora_lr_ratio: 0.25
  motion_lr: null
  motion_lr_ratio: null
  resume_apply_cfg_lr: false
  amp: true
  device: cuda
  optimizer: adamw
  momentum: 0.9
  nesterov: false
  weight_decay: 0.05
  scheduler_cosine: true
  warmup_epochs: 1
  min_lr: 1.0e-05
  label_smoothing: 0.1
  videomix_alpha: 0.0
  videomix_prob: 1.0
  videomix_mode: cube_cutmix
  videomix_mixup_alpha: null
  videomix_cutmix_alpha: null
  videomix_switch_prob: 0.5
  layer_decay: null
  repeated_aug: 1
  grad_accum_steps: 1
  amp_dtype: float16
  scheduler: none
  sgdr_T0: 30
  sgdr_save_snapshots: false
  early_stopping_enabled: false
  early_stopping_patience: 10
  early_stopping_min_delta: 0.0
  log_interval_steps: 50
  ema_enabled: true
  ema_decay: 0.999
  eval_every_n_epochs: 1
  eval_ema: true
  save_last_checkpoint: true
  last_checkpoint_path: null
  resume_reset_scheduler: false
  continuation_warmup_epochs: 0
  continuation_rewarm_lr: false
  continuation_peak_lr_ratio: 0.4
  tta: false
  tta_flip: false
  tta_temporal_shift: 0
  tta_scales:
  - 0.875
  - 1.0
  - 1.125
  tta_logit_adjust: 0.0
  class_balance_sampler: none
  class_balance_loss: none
  class_balance_beta: 0.999
  wandb:
    enabled: false
    project: null
    entity: null
    name: null
    run_name: null
    tags: []
    mode: null
    log_interval_epochs: 1
augment:
  name: none
  random_horizontal_flip: false
  random_crop: false
  crop_padding: 0
  color_jitter: false
  color_jitter_brightness: 0.0
  color_jitter_contrast: 0.0
  color_jitter_saturation: 0.0
  color_jitter_hue: 0.0
  random_grayscale: false
  random_grayscale_prob: 0.0
  gaussian_blur: false
  gaussian_blur_prob: 0.0
  gaussian_blur_radius_min: 0.1
  gaussian_blur_radius_max: 2.0
pretrain:
  epochs: 100
  batch_size: 64
  lr: 0.0005
  weight_decay: 0.04
  log_interval_steps: 50
  checkpoint_path: ${hydra:runtime.cwd}/ssl_trunk.pt
  max_frames: null
  image_size: 224
  local_image_size: 96
  num_local_views: 6
  out_dim: 4096
  hidden_dim: 2048
  bottleneck_dim: 256
  n_layers: 3
  teacher_temp: 0.04
  student_temp: 0.1
  center_momentum: 0.9
  teacher_momentum_base: 0.996
  teacher_momentum_final: 1.0
test:
  num_segment: 1
  num_crop: 1
  flip_tta: false
track:
  name: a
  description: 'Closed-world track: train from scratch.'
num_classes: 33
seed: 42

[cuda] cache emptied (run-start). Free: 20.05 / 23.54 GiB
[data] use_official_val=true: train=44993 (train_dir=44993), val=6745 (from /Data/thomas.turkieh/smth2smth/data/val)
[2026-05-24 16:36:05,248][httpx][INFO] - HTTP Request: HEAD https://huggingface.co/facebook/dinov2-large/resolve/main/config.json "HTTP/1.1 307 Temporary Redirect"
[2026-05-24 16:36:05,261][httpx][INFO] - HTTP Request: HEAD https://huggingface.co/api/resolve-cache/models/facebook/dinov2-large/47b73eefe95e8d44ec3623f8890bd894b6ea2d6c/config.json "HTTP/1.1 200 OK"
[2026-05-24 16:36:05,278][httpx][INFO] - HTTP Request: GET https://huggingface.co/api/resolve-cache/models/facebook/dinov2-large/47b73eefe95e8d44ec3623f8890bd894b6ea2d6c/config.json "HTTP/1.1 200 OK"
[2026-05-24 16:36:05,387][httpx][INFO] - HTTP Request: HEAD https://huggingface.co/facebook/dinov2-large/resolve/main/adapter_config.json "HTTP/1.1 404 Not Found"
Warning: You are sending unauthenticated requests to the HF Hub. Please set a HF_TOKEN to enable higher rate limits and faster downloads.
[2026-05-24 16:36:05,387][huggingface_hub.utils._http][WARNING] - Warning: You are sending unauthenticated requests to the HF Hub. Please set a HF_TOKEN to enable higher rate limits and faster downloads.
[2026-05-24 16:36:05,595][httpx][INFO] - HTTP Request: HEAD https://huggingface.co/facebook/dinov2-large/resolve/main/config.json "HTTP/1.1 307 Temporary Redirect"
[2026-05-24 16:36:05,615][httpx][INFO] - HTTP Request: HEAD https://huggingface.co/api/resolve-cache/models/facebook/dinov2-large/47b73eefe95e8d44ec3623f8890bd894b6ea2d6c/config.json "HTTP/1.1 200 OK"
[2026-05-24 16:36:05,743][httpx][INFO] - HTTP Request: HEAD https://huggingface.co/facebook/dinov2-large/resolve/main/model.safetensors "HTTP/1.1 302 Found"
[2026-05-24 16:36:05,868][httpx][INFO] - HTTP Request: GET https://huggingface.co/api/models/facebook/dinov2-large/xet-read-token/47b73eefe95e8d44ec3623f8890bd894b6ea2d6c "HTTP/1.1 200 OK"
Loading weights:   0%|          | 0/439 [00:00<?, ?it/s]Loading weights: 100%|██████████| 439/439 [00:00<00:00, 13466.58it/s]
[model] freeze_backbone ignored (only supported for video_mae_vit).
[optim] two param groups: head lr=0.0005 (n=9), lora lr=0.0001 (n=192)
[optim] trainable 7,381,025 / total 311,749,665 params (2.37%)
[amp] mixed-precision (torch.float16 + GradScaler) enabled.
[ema] enabled (decay=0.999); will eval both live and EMA each epoch.
    [16:37:33] step 50/11249 | avg train loss 3.8609 top1 0.1000 top5 0.2650
    [16:38:44] step 100/11249 | avg train loss 3.6187 top1 0.1325 top5 0.3375
    [16:39:55] step 150/11249 | avg train loss 3.4784 top1 0.1433 top5 0.3850
    [16:41:06] step 200/11249 | avg train loss 3.3991 top1 0.1512 top5 0.3937
    [16:42:17] step 250/11249 | avg train loss 3.3186 top1 0.1610 top5 0.4180
    [16:43:28] step 300/11249 | avg train loss 3.2541 top1 0.1667 top5 0.4467
    [16:44:39] step 350/11249 | avg train loss 3.1962 top1 0.1757 top5 0.4714
    [16:45:51] step 400/11249 | avg train loss 3.1485 top1 0.1825 top5 0.4881
    [16:47:02] step 450/11249 | avg train loss 3.1036 top1 0.1894 top5 0.5044
    [16:48:13] step 500/11249 | avg train loss 3.0598 top1 0.1970 top5 0.5230
    [16:49:24] step 550/11249 | avg train loss 3.0193 top1 0.2073 top5 0.5400
    [16:50:35] step 600/11249 | avg train loss 2.9873 top1 0.2150 top5 0.5546
    [16:51:46] step 650/11249 | avg train loss 2.9458 top1 0.2227 top5 0.5708
    [16:52:57] step 700/11249 | avg train loss 2.9189 top1 0.2293 top5 0.5804
    [16:54:09] step 750/11249 | avg train loss 2.8964 top1 0.2327 top5 0.5900
    [16:55:20] step 800/11249 | avg train loss 2.8673 top1 0.2434 top5 0.5991
    [16:56:31] step 850/11249 | avg train loss 2.8553 top1 0.2450 top5 0.6053
    [16:57:42] step 900/11249 | avg train loss 2.8325 top1 0.2506 top5 0.6122
    [16:58:53] step 950/11249 | avg train loss 2.8093 top1 0.2561 top5 0.6189
    [17:00:04] step 1000/11249 | avg train loss 2.7934 top1 0.2622 top5 0.6248
    [17:01:15] step 1050/11249 | avg train loss 2.7735 top1 0.2674 top5 0.6329
    [17:02:27] step 1100/11249 | avg train loss 2.7491 top1 0.2750 top5 0.6411
    [17:03:38] step 1150/11249 | avg train loss 2.7330 top1 0.2804 top5 0.6474
    [17:04:49] step 1200/11249 | avg train loss 2.7183 top1 0.2848 top5 0.6531
    [17:06:00] step 1250/11249 | avg train loss 2.7052 top1 0.2906 top5 0.6584
    [17:07:12] step 1300/11249 | avg train loss 2.6826 top1 0.2963 top5 0.6656
    [17:08:22] step 1350/11249 | avg train loss 2.6705 top1 0.3000 top5 0.6687
    [17:09:33] step 1400/11249 | avg train loss 2.6550 top1 0.3041 top5 0.6745
    [17:10:44] step 1450/11249 | avg train loss 2.6369 top1 0.3100 top5 0.6800
    [17:11:56] step 1500/11249 | avg train loss 2.6276 top1 0.3132 top5 0.6850
    [17:13:07] step 1550/11249 | avg train loss 2.6113 top1 0.3203 top5 0.6900
    [17:14:18] step 1600/11249 | avg train loss 2.6006 top1 0.3242 top5 0.6939
    [17:15:29] step 1650/11249 | avg train loss 2.5935 top1 0.3258 top5 0.6961
    [17:16:40] step 1700/11249 | avg train loss 2.5868 top1 0.3275 top5 0.6984
    [17:17:51] step 1750/11249 | avg train loss 2.5746 top1 0.3313 top5 0.7027
    [17:19:02] step 1800/11249 | avg train loss 2.5585 top1 0.3358 top5 0.7078
    [17:20:14] step 1850/11249 | avg train loss 2.5445 top1 0.3400 top5 0.7122
    [17:21:25] step 1900/11249 | avg train loss 2.5316 top1 0.3441 top5 0.7167
    [17:22:36] step 1950/11249 | avg train loss 2.5175 top1 0.3479 top5 0.7206
    [17:23:47] step 2000/11249 | avg train loss 2.5115 top1 0.3506 top5 0.7221
    [17:24:58] step 2050/11249 | avg train loss 2.5013 top1 0.3537 top5 0.7259
    [17:26:09] step 2100/11249 | avg train loss 2.4936 top1 0.3558 top5 0.7279
    [17:27:20] step 2150/11249 | avg train loss 2.4856 top1 0.3586 top5 0.7298
    [17:28:31] step 2200/11249 | avg train loss 2.4821 top1 0.3601 top5 0.7312
    [17:29:42] step 2250/11249 | avg train loss 2.4768 top1 0.3613 top5 0.7332
    [17:30:54] step 2300/11249 | avg train loss 2.4687 top1 0.3636 top5 0.7360
    [17:32:05] step 2350/11249 | avg train loss 2.4617 top1 0.3662 top5 0.7374
    [17:33:16] step 2400/11249 | avg train loss 2.4528 top1 0.3691 top5 0.7403
    [17:34:27] step 2450/11249 | avg train loss 2.4457 top1 0.3714 top5 0.7419
    [17:35:38] step 2500/11249 | avg train loss 2.4381 top1 0.3742 top5 0.7440
    [17:36:50] step 2550/11249 | avg train loss 2.4290 top1 0.3766 top5 0.7468
    [17:38:00] step 2600/11249 | avg train loss 2.4217 top1 0.3788 top5 0.7490
    [17:39:11] step 2650/11249 | avg train loss 2.4148 top1 0.3809 top5 0.7509
    [17:40:23] step 2700/11249 | avg train loss 2.4056 top1 0.3841 top5 0.7536
    [17:41:33] step 2750/11249 | avg train loss 2.3981 top1 0.3863 top5 0.7560
    [17:42:45] step 2800/11249 | avg train loss 2.3908 top1 0.3879 top5 0.7587
    [17:43:56] step 2850/11249 | avg train loss 2.3853 top1 0.3898 top5 0.7597
    [17:45:07] step 2900/11249 | avg train loss 2.3823 top1 0.3916 top5 0.7604
    [17:46:18] step 2950/11249 | avg train loss 2.3773 top1 0.3927 top5 0.7619
    [17:47:29] step 3000/11249 | avg train loss 2.3682 top1 0.3955 top5 0.7648
    [17:48:40] step 3050/11249 | avg train loss 2.3618 top1 0.3976 top5 0.7666
    [17:49:51] step 3100/11249 | avg train loss 2.3580 top1 0.3991 top5 0.7684
    [17:51:03] step 3150/11249 | avg train loss 2.3516 top1 0.4012 top5 0.7703
    [17:52:14] step 3200/11249 | avg train loss 2.3470 top1 0.4024 top5 0.7714
    [17:53:25] step 3250/11249 | avg train loss 2.3415 top1 0.4044 top5 0.7726
    [17:54:36] step 3300/11249 | avg train loss 2.3360 top1 0.4061 top5 0.7744
    [17:55:47] step 3350/11249 | avg train loss 2.3318 top1 0.4075 top5 0.7758
    [17:56:58] step 3400/11249 | avg train loss 2.3280 top1 0.4087 top5 0.7772
    [17:58:09] step 3450/11249 | avg train loss 2.3216 top1 0.4112 top5 0.7794
    [17:59:20] step 3500/11249 | avg train loss 2.3164 top1 0.4126 top5 0.7810
    [18:00:32] step 3550/11249 | avg train loss 2.3137 top1 0.4127 top5 0.7818
    [18:01:43] step 3600/11249 | avg train loss 2.3077 top1 0.4150 top5 0.7833
    [18:02:54] step 3650/11249 | avg train loss 2.3034 top1 0.4167 top5 0.7842
    [18:04:05] step 3700/11249 | avg train loss 2.2997 top1 0.4179 top5 0.7851
    [18:05:16] step 3750/11249 | avg train loss 2.2961 top1 0.4189 top5 0.7864
    [18:06:28] step 3800/11249 | avg train loss 2.2928 top1 0.4202 top5 0.7873
    [18:07:39] step 3850/11249 | avg train loss 2.2874 top1 0.4223 top5 0.7885
    [18:08:49] step 3900/11249 | avg train loss 2.2821 top1 0.4245 top5 0.7900
    [18:10:00] step 3950/11249 | avg train loss 2.2772 top1 0.4265 top5 0.7910
    [18:11:11] step 4000/11249 | avg train loss 2.2722 top1 0.4280 top5 0.7924
    [18:12:22] step 4050/11249 | avg train loss 2.2687 top1 0.4288 top5 0.7932
    [18:13:34] step 4100/11249 | avg train loss 2.2651 top1 0.4298 top5 0.7943
    [18:14:45] step 4150/11249 | avg train loss 2.2612 top1 0.4307 top5 0.7952
    [18:15:56] step 4200/11249 | avg train loss 2.2558 top1 0.4326 top5 0.7967
    [18:17:07] step 4250/11249 | avg train loss 2.2538 top1 0.4332 top5 0.7974
    [18:18:18] step 4300/11249 | avg train loss 2.2505 top1 0.4342 top5 0.7983
    [18:19:29] step 4350/11249 | avg train loss 2.2472 top1 0.4353 top5 0.7991
    [18:20:40] step 4400/11249 | avg train loss 2.2433 top1 0.4361 top5 0.8002
    [18:21:51] step 4450/11249 | avg train loss 2.2404 top1 0.4371 top5 0.8011
    [18:23:02] step 4500/11249 | avg train loss 2.2385 top1 0.4376 top5 0.8017
    [18:24:14] step 4550/11249 | avg train loss 2.2362 top1 0.4384 top5 0.8026
    [18:25:25] step 4600/11249 | avg train loss 2.2333 top1 0.4397 top5 0.8031
    [18:26:36] step 4650/11249 | avg train loss 2.2303 top1 0.4404 top5 0.8040
    [18:27:47] step 4700/11249 | avg train loss 2.2270 top1 0.4415 top5 0.8051
    [18:28:58] step 4750/11249 | avg train loss 2.2225 top1 0.4434 top5 0.8060
    [18:30:09] step 4800/11249 | avg train loss 2.2189 top1 0.4449 top5 0.8067
    [18:31:20] step 4850/11249 | avg train loss 2.2175 top1 0.4453 top5 0.8072
    [18:32:32] step 4900/11249 | avg train loss 2.2148 top1 0.4461 top5 0.8079
    [18:33:43] step 4950/11249 | avg train loss 2.2119 top1 0.4471 top5 0.8083
    [18:34:54] step 5000/11249 | avg train loss 2.2087 top1 0.4482 top5 0.8090
    [18:36:05] step 5050/11249 | avg train loss 2.2063 top1 0.4492 top5 0.8098
    [18:37:17] step 5100/11249 | avg train loss 2.2028 top1 0.4503 top5 0.8103
    [18:38:27] step 5150/11249 | avg train loss 2.1995 top1 0.4517 top5 0.8110
    [18:39:39] step 5200/11249 | avg train loss 2.1968 top1 0.4526 top5 0.8117
    [18:40:50] step 5250/11249 | avg train loss 2.1928 top1 0.4540 top5 0.8128
    [18:42:01] step 5300/11249 | avg train loss 2.1910 top1 0.4545 top5 0.8133
    [18:43:12] step 5350/11249 | avg train loss 2.1880 top1 0.4555 top5 0.8141
    [18:44:23] step 5400/11249 | avg train loss 2.1850 top1 0.4567 top5 0.8148
    [18:45:34] step 5450/11249 | avg train loss 2.1837 top1 0.4572 top5 0.8152
    [18:46:45] step 5500/11249 | avg train loss 2.1815 top1 0.4581 top5 0.8159
    [18:47:57] step 5550/11249 | avg train loss 2.1778 top1 0.4595 top5 0.8168
    [18:49:08] step 5600/11249 | avg train loss 2.1761 top1 0.4600 top5 0.8172
    [18:50:19] step 5650/11249 | avg train loss 2.1736 top1 0.4607 top5 0.8177
    [18:51:30] step 5700/11249 | avg train loss 2.1723 top1 0.4609 top5 0.8179
    [18:52:41] step 5750/11249 | avg train loss 2.1708 top1 0.4611 top5 0.8185
    [18:53:52] step 5800/11249 | avg train loss 2.1675 top1 0.4622 top5 0.8194
    [18:55:04] step 5850/11249 | avg train loss 2.1653 top1 0.4630 top5 0.8201
    [18:56:15] step 5900/11249 | avg train loss 2.1622 top1 0.4640 top5 0.8206
    [18:57:26] step 5950/11249 | avg train loss 2.1609 top1 0.4643 top5 0.8207
    [18:58:37] step 6000/11249 | avg train loss 2.1584 top1 0.4652 top5 0.8214
    [18:59:48] step 6050/11249 | avg train loss 2.1557 top1 0.4657 top5 0.8220
    [19:01:00] step 6100/11249 | avg train loss 2.1533 top1 0.4664 top5 0.8225
    [19:02:11] step 6150/11249 | avg train loss 2.1503 top1 0.4672 top5 0.8230
    [19:03:22] step 6200/11249 | avg train loss 2.1471 top1 0.4681 top5 0.8238
    [19:04:33] step 6250/11249 | avg train loss 2.1450 top1 0.4688 top5 0.8243
    [19:05:44] step 6300/11249 | avg train loss 2.1434 top1 0.4692 top5 0.8248
    [19:06:56] step 6350/11249 | avg train loss 2.1401 top1 0.4705 top5 0.8255
    [19:08:07] step 6400/11249 | avg train loss 2.1373 top1 0.4717 top5 0.8261
    [19:09:16] step 6450/11249 | avg train loss 2.1355 top1 0.4721 top5 0.8265
    [19:10:28] step 6500/11249 | avg train loss 2.1324 top1 0.4734 top5 0.8273
    [19:11:39] step 6550/11249 | avg train loss 2.1298 top1 0.4746 top5 0.8279
    [19:12:50] step 6600/11249 | avg train loss 2.1281 top1 0.4753 top5 0.8284
    [19:14:01] step 6650/11249 | avg train loss 2.1257 top1 0.4763 top5 0.8288
    [19:15:13] step 6700/11249 | avg train loss 2.1240 top1 0.4770 top5 0.8291
    [19:16:24] step 6750/11249 | avg train loss 2.1214 top1 0.4781 top5 0.8298
    [19:17:35] step 6800/11249 | avg train loss 2.1193 top1 0.4788 top5 0.8302
    [19:18:46] step 6850/11249 | avg train loss 2.1177 top1 0.4796 top5 0.8305
    [19:19:57] step 6900/11249 | avg train loss 2.1158 top1 0.4803 top5 0.8310
    [19:21:08] step 6950/11249 | avg train loss 2.1137 top1 0.4812 top5 0.8313
    [19:22:19] step 7000/11249 | avg train loss 2.1120 top1 0.4819 top5 0.8317
    [19:23:31] step 7050/11249 | avg train loss 2.1094 top1 0.4828 top5 0.8323
    [19:24:42] step 7100/11249 | avg train loss 2.1078 top1 0.4834 top5 0.8327
    [19:25:53] step 7150/11249 | avg train loss 2.1055 top1 0.4842 top5 0.8331
    [19:27:04] step 7200/11249 | avg train loss 2.1041 top1 0.4845 top5 0.8333
    [19:28:15] step 7250/11249 | avg train loss 2.1018 top1 0.4852 top5 0.8338
    [19:29:26] step 7300/11249 | avg train loss 2.1000 top1 0.4859 top5 0.8341
    [19:30:38] step 7350/11249 | avg train loss 2.0980 top1 0.4866 top5 0.8346
    [19:31:49] step 7400/11249 | avg train loss 2.0950 top1 0.4877 top5 0.8350
    [19:33:00] step 7450/11249 | avg train loss 2.0924 top1 0.4885 top5 0.8356
    [19:34:11] step 7500/11249 | avg train loss 2.0896 top1 0.4898 top5 0.8361
    [19:35:22] step 7550/11249 | avg train loss 2.0881 top1 0.4903 top5 0.8366
    [19:36:33] step 7600/11249 | avg train loss 2.0856 top1 0.4911 top5 0.8371
    [19:37:45] step 7650/11249 | avg train loss 2.0836 top1 0.4917 top5 0.8375
    [19:38:55] step 7700/11249 | avg train loss 2.0823 top1 0.4921 top5 0.8379
    [19:40:06] step 7750/11249 | avg train loss 2.0803 top1 0.4927 top5 0.8384
    [19:41:17] step 7800/11249 | avg train loss 2.0785 top1 0.4934 top5 0.8386
    [19:42:28] step 7850/11249 | avg train loss 2.0759 top1 0.4943 top5 0.8390
    [19:43:39] step 7900/11249 | avg train loss 2.0746 top1 0.4950 top5 0.8393
    [19:44:51] step 7950/11249 | avg train loss 2.0729 top1 0.4956 top5 0.8396
    [19:46:02] step 8000/11249 | avg train loss 2.0710 top1 0.4963 top5 0.8401
    [19:47:13] step 8050/11249 | avg train loss 2.0693 top1 0.4969 top5 0.8405
    [19:48:24] step 8100/11249 | avg train loss 2.0687 top1 0.4971 top5 0.8408
    [19:49:35] step 8150/11249 | avg train loss 2.0664 top1 0.4981 top5 0.8411
    [19:50:46] step 8200/11249 | avg train loss 2.0651 top1 0.4984 top5 0.8415
    [19:51:57] step 8250/11249 | avg train loss 2.0632 top1 0.4988 top5 0.8418
    [19:53:08] step 8300/11249 | avg train loss 2.0619 top1 0.4993 top5 0.8422
    [19:54:20] step 8350/11249 | avg train loss 2.0601 top1 0.5001 top5 0.8425
    [19:55:31] step 8400/11249 | avg train loss 2.0593 top1 0.5004 top5 0.8426
    [19:56:42] step 8450/11249 | avg train loss 2.0579 top1 0.5008 top5 0.8428
    [19:57:53] step 8500/11249 | avg train loss 2.0561 top1 0.5013 top5 0.8431
    [19:59:04] step 8550/11249 | avg train loss 2.0538 top1 0.5022 top5 0.8435
    [20:00:15] step 8600/11249 | avg train loss 2.0523 top1 0.5028 top5 0.8438
    [20:01:26] step 8650/11249 | avg train loss 2.0504 top1 0.5034 top5 0.8441
    [20:02:38] step 8700/11249 | avg train loss 2.0483 top1 0.5042 top5 0.8445
    [20:03:49] step 8750/11249 | avg train loss 2.0465 top1 0.5048 top5 0.8450
    [20:05:00] step 8800/11249 | avg train loss 2.0447 top1 0.5055 top5 0.8455
    [20:06:11] step 8850/11249 | avg train loss 2.0422 top1 0.5063 top5 0.8461
    [20:07:22] step 8900/11249 | avg train loss 2.0407 top1 0.5068 top5 0.8465
    [20:08:34] step 8950/11249 | avg train loss 2.0388 top1 0.5075 top5 0.8469
    [20:09:43] step 9000/11249 | avg train loss 2.0373 top1 0.5079 top5 0.8473
    [20:10:54] step 9050/11249 | avg train loss 2.0356 top1 0.5083 top5 0.8477
    [20:12:05] step 9100/11249 | avg train loss 2.0338 top1 0.5090 top5 0.8480
    [20:13:16] step 9150/11249 | avg train loss 2.0324 top1 0.5095 top5 0.8483
    [20:14:28] step 9200/11249 | avg train loss 2.0311 top1 0.5101 top5 0.8484
    [20:15:39] step 9250/11249 | avg train loss 2.0294 top1 0.5108 top5 0.8487
    [20:16:50] step 9300/11249 | avg train loss 2.0275 top1 0.5114 top5 0.8491
    [20:18:01] step 9350/11249 | avg train loss 2.0263 top1 0.5117 top5 0.8494
    [20:19:12] step 9400/11249 | avg train loss 2.0252 top1 0.5119 top5 0.8497
    [20:20:23] step 9450/11249 | avg train loss 2.0234 top1 0.5126 top5 0.8501
    [20:21:34] step 9500/11249 | avg train loss 2.0227 top1 0.5128 top5 0.8503
    [20:22:46] step 9550/11249 | avg train loss 2.0215 top1 0.5132 top5 0.8504
    [20:23:57] step 9600/11249 | avg train loss 2.0196 top1 0.5138 top5 0.8509
    [20:25:08] step 9650/11249 | avg train loss 2.0179 top1 0.5145 top5 0.8512
    [20:26:19] step 9700/11249 | avg train loss 2.0159 top1 0.5151 top5 0.8515
    [20:27:30] step 9750/11249 | avg train loss 2.0151 top1 0.5153 top5 0.8517
    [20:28:41] step 9800/11249 | avg train loss 2.0128 top1 0.5162 top5 0.8522
    [20:29:52] step 9850/11249 | avg train loss 2.0104 top1 0.5172 top5 0.8526
    [20:31:03] step 9900/11249 | avg train loss 2.0099 top1 0.5172 top5 0.8527
    [20:32:14] step 9950/11249 | avg train loss 2.0085 top1 0.5176 top5 0.8530
    [20:33:26] step 10000/11249 | avg train loss 2.0070 top1 0.5181 top5 0.8533
    [20:34:37] step 10050/11249 | avg train loss 2.0061 top1 0.5183 top5 0.8535
    [20:35:48] step 10100/11249 | avg train loss 2.0050 top1 0.5187 top5 0.8537
    [20:36:59] step 10150/11249 | avg train loss 2.0039 top1 0.5191 top5 0.8538
    [20:38:11] step 10200/11249 | avg train loss 2.0022 top1 0.5197 top5 0.8542
    [20:39:21] step 10250/11249 | avg train loss 2.0008 top1 0.5202 top5 0.8544
    [20:40:32] step 10300/11249 | avg train loss 2.0005 top1 0.5202 top5 0.8545
    [20:41:43] step 10350/11249 | avg train loss 1.9985 top1 0.5210 top5 0.8548
    [20:42:54] step 10400/11249 | avg train loss 1.9974 top1 0.5214 top5 0.8551
    [20:44:06] step 10450/11249 | avg train loss 1.9966 top1 0.5217 top5 0.8552
    [20:45:17] step 10500/11249 | avg train loss 1.9958 top1 0.5220 top5 0.8553
    [20:46:28] step 10550/11249 | avg train loss 1.9950 top1 0.5222 top5 0.8554
    [20:47:39] step 10600/11249 | avg train loss 1.9939 top1 0.5227 top5 0.8557
    [20:48:50] step 10650/11249 | avg train loss 1.9926 top1 0.5229 top5 0.8561
    [20:50:01] step 10700/11249 | avg train loss 1.9911 top1 0.5232 top5 0.8565
    [20:51:12] step 10750/11249 | avg train loss 1.9895 top1 0.5236 top5 0.8568
    [20:52:24] step 10800/11249 | avg train loss 1.9879 top1 0.5241 top5 0.8572
    [20:53:35] step 10850/11249 | avg train loss 1.9864 top1 0.5247 top5 0.8575
    [20:54:46] step 10900/11249 | avg train loss 1.9850 top1 0.5253 top5 0.8577
    [20:55:57] step 10950/11249 | avg train loss 1.9838 top1 0.5255 top5 0.8580
    [20:57:08] step 11000/11249 | avg train loss 1.9822 top1 0.5260 top5 0.8583
    [20:58:19] step 11050/11249 | avg train loss 1.9801 top1 0.5268 top5 0.8588
    [20:59:30] step 11100/11249 | avg train loss 1.9790 top1 0.5273 top5 0.8590
    [21:00:41] step 11150/11249 | avg train loss 1.9779 top1 0.5276 top5 0.8591
    [21:01:53] step 11200/11249 | avg train loss 1.9763 top1 0.5281 top5 0.8595
    [21:03:01] step 11249/11249 | avg train loss 1.9756 top1 0.5285 top5 0.8595
[2026-05-24T21:36:41] Epoch 1/15 | train loss 1.9756 top1 0.5285 | val loss 1.6282 top1 0.5228 top5 0.8559 | ema val top1 0.5803 top5 0.8873
  Saved new best checkpoint (ema): /Data/thomas.turkieh/smth2smth/checkpoints/track_b/dinov3_attnprobe_lora16f.pt (val top1=0.5803)
    [21:37:54] step 50/11249 | avg train loss 1.5132 top1 0.7200 top5 0.9350
    [21:39:05] step 100/11249 | avg train loss 1.5433 top1 0.6950 top5 0.9425
    [21:40:14] step 150/11249 | avg train loss 1.5462 top1 0.6867 top5 0.9367
    [21:41:26] step 200/11249 | avg train loss 1.5620 top1 0.6813 top5 0.9375
    [21:42:37] step 250/11249 | avg train loss 1.5665 top1 0.6760 top5 0.9390
    [21:43:48] step 300/11249 | avg train loss 1.5752 top1 0.6742 top5 0.9350
    [21:44:59] step 350/11249 | avg train loss 1.5786 top1 0.6714 top5 0.9321
    [21:46:10] step 400/11249 | avg train loss 1.5758 top1 0.6719 top5 0.9344
    [21:47:21] step 450/11249 | avg train loss 1.5695 top1 0.6678 top5 0.9350
    [21:48:33] step 500/11249 | avg train loss 1.5714 top1 0.6655 top5 0.9345
    [21:49:44] step 550/11249 | avg train loss 1.5723 top1 0.6645 top5 0.9355
    [21:50:55] step 600/11249 | avg train loss 1.5705 top1 0.6671 top5 0.9337
    [21:52:06] step 650/11249 | avg train loss 1.5749 top1 0.6638 top5 0.9319
    [21:53:17] step 700/11249 | avg train loss 1.5731 top1 0.6639 top5 0.9346
    [21:54:28] step 750/11249 | avg train loss 1.5757 top1 0.6647 top5 0.9343
    [21:55:39] step 800/11249 | avg train loss 1.5782 top1 0.6634 top5 0.9347
    [21:56:51] step 850/11249 | avg train loss 1.5821 top1 0.6624 top5 0.9350
    [21:58:02] step 900/11249 | avg train loss 1.5823 top1 0.6633 top5 0.9356
    [21:59:13] step 950/11249 | avg train loss 1.5813 top1 0.6632 top5 0.9361
    [22:00:24] step 1000/11249 | avg train loss 1.5815 top1 0.6630 top5 0.9360
    [22:01:35] step 1050/11249 | avg train loss 1.5836 top1 0.6626 top5 0.9360
    [22:02:46] step 1100/11249 | avg train loss 1.5855 top1 0.6614 top5 0.9364
    [22:03:57] step 1150/11249 | avg train loss 1.5780 top1 0.6641 top5 0.9372
    [22:05:09] step 1200/11249 | avg train loss 1.5799 top1 0.6646 top5 0.9369
    [22:06:20] step 1250/11249 | avg train loss 1.5793 top1 0.6646 top5 0.9370
    [22:07:31] step 1300/11249 | avg train loss 1.5807 top1 0.6642 top5 0.9367
    [22:08:42] step 1350/11249 | avg train loss 1.5790 top1 0.6652 top5 0.9367
    [22:09:54] step 1400/11249 | avg train loss 1.5760 top1 0.6668 top5 0.9364
    [22:11:04] step 1450/11249 | avg train loss 1.5768 top1 0.6669 top5 0.9362
    [22:12:15] step 1500/11249 | avg train loss 1.5789 top1 0.6658 top5 0.9353
    [22:13:27] step 1550/11249 | avg train loss 1.5743 top1 0.6685 top5 0.9368
    [22:14:38] step 1600/11249 | avg train loss 1.5753 top1 0.6686 top5 0.9363
    [22:15:49] step 1650/11249 | avg train loss 1.5754 top1 0.6691 top5 0.9361
    [22:17:00] step 1700/11249 | avg train loss 1.5728 top1 0.6706 top5 0.9362
    [22:18:11] step 1750/11249 | avg train loss 1.5714 top1 0.6713 top5 0.9367
    [22:19:22] step 1800/11249 | avg train loss 1.5707 top1 0.6710 top5 0.9369
    [22:20:34] step 1850/11249 | avg train loss 1.5731 top1 0.6704 top5 0.9370
    [22:21:45] step 1900/11249 | avg train loss 1.5711 top1 0.6716 top5 0.9378
    [22:22:56] step 1950/11249 | avg train loss 1.5740 top1 0.6713 top5 0.9369
    [22:24:07] step 2000/11249 | avg train loss 1.5775 top1 0.6701 top5 0.9361
    [22:25:19] step 2050/11249 | avg train loss 1.5731 top1 0.6720 top5 0.9370
    [22:26:30] step 2100/11249 | avg train loss 1.5753 top1 0.6712 top5 0.9362
    [22:27:40] step 2150/11249 | avg train loss 1.5744 top1 0.6721 top5 0.9364
    [22:28:52] step 2200/11249 | avg train loss 1.5753 top1 0.6718 top5 0.9361
    [22:30:03] step 2250/11249 | avg train loss 1.5741 top1 0.6716 top5 0.9364
    [22:31:14] step 2300/11249 | avg train loss 1.5742 top1 0.6718 top5 0.9362
    [22:32:26] step 2350/11249 | avg train loss 1.5774 top1 0.6702 top5 0.9359
    [22:33:37] step 2400/11249 | avg train loss 1.5768 top1 0.6707 top5 0.9360
    [22:34:48] step 2450/11249 | avg train loss 1.5788 top1 0.6696 top5 0.9354
    [22:35:59] step 2500/11249 | avg train loss 1.5802 top1 0.6686 top5 0.9350
    [22:37:10] step 2550/11249 | avg train loss 1.5841 top1 0.6675 top5 0.9339
    [22:38:21] step 2600/11249 | avg train loss 1.5826 top1 0.6683 top5 0.9341
    [22:39:33] step 2650/11249 | avg train loss 1.5838 top1 0.6676 top5 0.9337
    [22:40:42] step 2700/11249 | avg train loss 1.5828 top1 0.6677 top5 0.9343
    [22:41:53] step 2750/11249 | avg train loss 1.5823 top1 0.6683 top5 0.9341
    [22:43:05] step 2800/11249 | avg train loss 1.5837 top1 0.6684 top5 0.9338
    [22:44:16] step 2850/11249 | avg train loss 1.5818 top1 0.6693 top5 0.9341
    [22:45:27] step 2900/11249 | avg train loss 1.5820 top1 0.6694 top5 0.9341
    [22:46:38] step 2950/11249 | avg train loss 1.5816 top1 0.6697 top5 0.9345
    [22:47:49] step 3000/11249 | avg train loss 1.5788 top1 0.6707 top5 0.9346
    [22:49:00] step 3050/11249 | avg train loss 1.5800 top1 0.6703 top5 0.9342
    [22:50:11] step 3100/11249 | avg train loss 1.5810 top1 0.6691 top5 0.9344
    [22:51:23] step 3150/11249 | avg train loss 1.5804 top1 0.6690 top5 0.9346
    [22:52:34] step 3200/11249 | avg train loss 1.5806 top1 0.6687 top5 0.9346
    [22:53:45] step 3250/11249 | avg train loss 1.5814 top1 0.6685 top5 0.9342
    [22:54:56] step 3300/11249 | avg train loss 1.5801 top1 0.6688 top5 0.9344
    [22:56:07] step 3350/11249 | avg train loss 1.5803 top1 0.6681 top5 0.9344
    [22:57:19] step 3400/11249 | avg train loss 1.5805 top1 0.6679 top5 0.9340
    [22:58:30] step 3450/11249 | avg train loss 1.5819 top1 0.6678 top5 0.9339
    [22:59:41] step 3500/11249 | avg train loss 1.5823 top1 0.6675 top5 0.9340
    [23:00:52] step 3550/11249 | avg train loss 1.5811 top1 0.6677 top5 0.9342
    [23:02:03] step 3600/11249 | avg train loss 1.5815 top1 0.6675 top5 0.9342
    [23:03:15] step 3650/11249 | avg train loss 1.5812 top1 0.6677 top5 0.9338
    [23:04:26] step 3700/11249 | avg train loss 1.5800 top1 0.6681 top5 0.9341
    [23:05:37] step 3750/11249 | avg train loss 1.5804 top1 0.6682 top5 0.9341
    [23:06:48] step 3800/11249 | avg train loss 1.5804 top1 0.6684 top5 0.9338
    [23:07:59] step 3850/11249 | avg train loss 1.5798 top1 0.6683 top5 0.9339
    [23:09:10] step 3900/11249 | avg train loss 1.5801 top1 0.6684 top5 0.9338
    [23:10:22] step 3950/11249 | avg train loss 1.5793 top1 0.6685 top5 0.9341
    [23:11:32] step 4000/11249 | avg train loss 1.5804 top1 0.6676 top5 0.9342
    [23:12:43] step 4050/11249 | avg train loss 1.5801 top1 0.6672 top5 0.9344
    [23:13:55] step 4100/11249 | avg train loss 1.5792 top1 0.6671 top5 0.9348
    [23:15:06] step 4150/11249 | avg train loss 1.5790 top1 0.6669 top5 0.9348
    [23:16:17] step 4200/11249 | avg train loss 1.5785 top1 0.6670 top5 0.9345
    [23:17:28] step 4250/11249 | avg train loss 1.5787 top1 0.6669 top5 0.9347
    [23:18:40] step 4300/11249 | avg train loss 1.5786 top1 0.6668 top5 0.9345
    [23:19:51] step 4350/11249 | avg train loss 1.5794 top1 0.6668 top5 0.9344
    [23:21:02] step 4400/11249 | avg train loss 1.5783 top1 0.6672 top5 0.9344
    [23:22:13] step 4450/11249 | avg train loss 1.5792 top1 0.6666 top5 0.9343
    [23:23:24] step 4500/11249 | avg train loss 1.5801 top1 0.6667 top5 0.9339
    [23:24:36] step 4550/11249 | avg train loss 1.5798 top1 0.6669 top5 0.9336
    [23:25:47] step 4600/11249 | avg train loss 1.5793 top1 0.6669 top5 0.9336
    [23:26:58] step 4650/11249 | avg train loss 1.5789 top1 0.6670 top5 0.9339
    [23:28:09] step 4700/11249 | avg train loss 1.5775 top1 0.6674 top5 0.9340
    [23:29:20] step 4750/11249 | avg train loss 1.5769 top1 0.6675 top5 0.9341
    [23:30:32] step 4800/11249 | avg train loss 1.5764 top1 0.6680 top5 0.9340
    [23:31:43] step 4850/11249 | avg train loss 1.5768 top1 0.6677 top5 0.9339
    [23:32:54] step 4900/11249 | avg train loss 1.5772 top1 0.6679 top5 0.9335
    [23:34:05] step 4950/11249 | avg train loss 1.5781 top1 0.6673 top5 0.9336
    [23:35:16] step 5000/11249 | avg train loss 1.5786 top1 0.6671 top5 0.9336
    [23:36:28] step 5050/11249 | avg train loss 1.5780 top1 0.6674 top5 0.9336
    [23:37:39] step 5100/11249 | avg train loss 1.5782 top1 0.6673 top5 0.9335
    [23:38:50] step 5150/11249 | avg train loss 1.5789 top1 0.6671 top5 0.9333
    [23:40:01] step 5200/11249 | avg train loss 1.5792 top1 0.6670 top5 0.9332
    [23:41:13] step 5250/11249 | avg train loss 1.5793 top1 0.6670 top5 0.9333
    [23:42:23] step 5300/11249 | avg train loss 1.5792 top1 0.6669 top5 0.9334
    [23:43:35] step 5350/11249 | avg train loss 1.5793 top1 0.6669 top5 0.9333
    [23:44:46] step 5400/11249 | avg train loss 1.5791 top1 0.6665 top5 0.9336
    [23:45:57] step 5450/11249 | avg train loss 1.5783 top1 0.6667 top5 0.9336
    [23:47:08] step 5500/11249 | avg train loss 1.5791 top1 0.6661 top5 0.9335
    [23:48:19] step 5550/11249 | avg train loss 1.5779 top1 0.6666 top5 0.9338
    [23:49:30] step 5600/11249 | avg train loss 1.5770 top1 0.6671 top5 0.9339
    [23:50:42] step 5650/11249 | avg train loss 1.5759 top1 0.6671 top5 0.9339
    [23:51:53] step 5700/11249 | avg train loss 1.5759 top1 0.6671 top5 0.9340
    [23:53:04] step 5750/11249 | avg train loss 1.5756 top1 0.6674 top5 0.9340
    [23:54:15] step 5800/11249 | avg train loss 1.5753 top1 0.6674 top5 0.9342
    [23:55:26] step 5850/11249 | avg train loss 1.5754 top1 0.6671 top5 0.9344
    [23:56:38] step 5900/11249 | avg train loss 1.5750 top1 0.6669 top5 0.9343
    [23:57:49] step 5950/11249 | avg train loss 1.5745 top1 0.6670 top5 0.9344
    [23:59:00] step 6000/11249 | avg train loss 1.5744 top1 0.6672 top5 0.9345
    [00:00:11] step 6050/11249 | avg train loss 1.5741 top1 0.6677 top5 0.9343
    [00:01:22] step 6100/11249 | avg train loss 1.5743 top1 0.6676 top5 0.9343
    [00:02:33] step 6150/11249 | avg train loss 1.5749 top1 0.6673 top5 0.9341
    [00:03:44] step 6200/11249 | avg train loss 1.5744 top1 0.6676 top5 0.9340
    [00:04:56] step 6250/11249 | avg train loss 1.5745 top1 0.6676 top5 0.9340
    [00:06:07] step 6300/11249 | avg train loss 1.5751 top1 0.6675 top5 0.9338
    [00:07:18] step 6350/11249 | avg train loss 1.5748 top1 0.6676 top5 0.9337
    [00:08:29] step 6400/11249 | avg train loss 1.5741 top1 0.6679 top5 0.9338
    [00:09:40] step 6450/11249 | avg train loss 1.5742 top1 0.6678 top5 0.9336
    [00:10:52] step 6500/11249 | avg train loss 1.5730 top1 0.6686 top5 0.9339
    [00:12:02] step 6550/11249 | avg train loss 1.5728 top1 0.6687 top5 0.9339
    [00:13:14] step 6600/11249 | avg train loss 1.5727 top1 0.6686 top5 0.9339
    [00:14:25] step 6650/11249 | avg train loss 1.5732 top1 0.6686 top5 0.9337
    [00:15:36] step 6700/11249 | avg train loss 1.5734 top1 0.6685 top5 0.9336
    [00:16:47] step 6750/11249 | avg train loss 1.5735 top1 0.6685 top5 0.9335
    [00:17:59] step 6800/11249 | avg train loss 1.5731 top1 0.6687 top5 0.9335
    [00:19:10] step 6850/11249 | avg train loss 1.5720 top1 0.6690 top5 0.9337
    [00:20:21] step 6900/11249 | avg train loss 1.5719 top1 0.6691 top5 0.9336
    [00:21:32] step 6950/11249 | avg train loss 1.5721 top1 0.6691 top5 0.9335
    [00:22:43] step 7000/11249 | avg train loss 1.5724 top1 0.6688 top5 0.9335
    [00:23:54] step 7050/11249 | avg train loss 1.5716 top1 0.6688 top5 0.9338
    [00:25:05] step 7100/11249 | avg train loss 1.5716 top1 0.6686 top5 0.9338
    [00:26:17] step 7150/11249 | avg train loss 1.5710 top1 0.6689 top5 0.9339
    [00:27:28] step 7200/11249 | avg train loss 1.5712 top1 0.6684 top5 0.9341
    [00:28:39] step 7250/11249 | avg train loss 1.5708 top1 0.6685 top5 0.9343
    [00:29:50] step 7300/11249 | avg train loss 1.5707 top1 0.6687 top5 0.9341
    [00:31:01] step 7350/11249 | avg train loss 1.5705 top1 0.6689 top5 0.9341
    [00:32:13] step 7400/11249 | avg train loss 1.5702 top1 0.6690 top5 0.9341

[resume] 2026-05-25T10:04:59+02:00 host=sole expt=track_b_dinov3_attnprobe_lora16f resume_from=checkpoints/track_b/dinov3_attnprobe_lora16f.last.pt
model:
  name: dinov3_video
  pretrained: true
  num_classes: ${num_classes}
  hf_repo: facebook/dinov2-large
  head_type: attentive
  head_num_heads: 8
  head_num_queries: 1
  head_dropout: 0.0
  lora_enabled: true
  lora_r: 16
  lora_alpha: 32
  lora_dropout: 0.05
  lora_target_modules:
  - query
  - key
  - value
  - dense
  freeze_backbone: true
  attn_implementation: sdpa
dataset:
  root: ${hydra:runtime.cwd}/data
  train_dir: ${dataset.root}/train
  val_dir: ${dataset.root}/val
  test_dir: ${dataset.root}/test
  augmented_dirs: []
  test_manifest: null
  submission_output: ${hydra:runtime.cwd}/submissions/track_a.csv
  num_frames: 16
  frame_upsample_mode: cycle
  val_ratio: 0.2
  use_official_val: true
  include_val_in_train: false
  official_val_holdout_ratio: 0.0
  seed: ${seed}
  use_extra: false
  train_extra_dir: ${dataset.root}/train_extra
  max_samples: null
  max_samples_per_class: null
  image_size: 224
  time_reversal_prob: 0.0
  temporal_reversal_augment:
    enabled: false
    prob: 0.5
  class_boosting:
    enabled: false
training:
  batch_size: 4
  lr: 0.0005
  epochs: 15
  num_workers: 2
  checkpoint_path: checkpoints/track_b/dinov3_attnprobe_lora16f.pt
  resume_from: checkpoints/track_b/dinov3_attnprobe_lora16f.last.pt
  lora_lr: 0.0001
  lora_lr_ratio: 0.25
  motion_lr: null
  motion_lr_ratio: null
  resume_apply_cfg_lr: false
  amp: true
  device: cuda
  optimizer: adamw
  momentum: 0.9
  nesterov: false
  weight_decay: 0.05
  scheduler_cosine: true
  warmup_epochs: 1
  min_lr: 1.0e-05
  label_smoothing: 0.1
  videomix_alpha: 0.0
  videomix_prob: 1.0
  videomix_mode: cube_cutmix
  videomix_mixup_alpha: null
  videomix_cutmix_alpha: null
  videomix_switch_prob: 0.5
  layer_decay: null
  repeated_aug: 1
  grad_accum_steps: 1
  amp_dtype: float16
  scheduler: none
  sgdr_T0: 30
  sgdr_save_snapshots: false
  early_stopping_enabled: false
  early_stopping_patience: 10
  early_stopping_min_delta: 0.0
  log_interval_steps: 50
  ema_enabled: true
  ema_decay: 0.999
  eval_every_n_epochs: 1
  eval_ema: true
  save_last_checkpoint: true
  last_checkpoint_path: null
  resume_reset_scheduler: false
  continuation_warmup_epochs: 0
  continuation_rewarm_lr: false
  continuation_peak_lr_ratio: 0.4
  tta: false
  tta_flip: false
  tta_temporal_shift: 0
  tta_scales:
  - 0.875
  - 1.0
  - 1.125
  tta_logit_adjust: 0.0
  class_balance_sampler: none
  class_balance_loss: none
  class_balance_beta: 0.999
  wandb:
    enabled: false
    project: null
    entity: null
    name: null
    run_name: null
    tags: []
    mode: null
    log_interval_epochs: 1
augment:
  name: none
  random_horizontal_flip: false
  random_crop: false
  crop_padding: 0
  color_jitter: false
  color_jitter_brightness: 0.0
  color_jitter_contrast: 0.0
  color_jitter_saturation: 0.0
  color_jitter_hue: 0.0
  random_grayscale: false
  random_grayscale_prob: 0.0
  gaussian_blur: false
  gaussian_blur_prob: 0.0
  gaussian_blur_radius_min: 0.1
  gaussian_blur_radius_max: 2.0
pretrain:
  epochs: 100
  batch_size: 64
  lr: 0.0005
  weight_decay: 0.04
  log_interval_steps: 50
  checkpoint_path: ${hydra:runtime.cwd}/ssl_trunk.pt
  max_frames: null
  image_size: 224
  local_image_size: 96
  num_local_views: 6
  out_dim: 4096
  hidden_dim: 2048
  bottleneck_dim: 256
  n_layers: 3
  teacher_temp: 0.04
  student_temp: 0.1
  center_momentum: 0.9
  teacher_momentum_base: 0.996
  teacher_momentum_final: 1.0
test:
  num_segment: 1
  num_crop: 1
  flip_tta: false
track:
  name: a
  description: 'Closed-world track: train from scratch.'
num_classes: 33
seed: 42

[cuda] cache emptied (run-start). Free: 19.41 / 23.54 GiB
[data] use_official_val=true: train=44993 (train_dir=44993), val=6745 (from /Data/thomas.turkieh/smth2smth/data/val)
[2026-05-25 10:05:05,295][httpx][INFO] - HTTP Request: HEAD https://huggingface.co/facebook/dinov2-large/resolve/main/config.json "HTTP/1.1 307 Temporary Redirect"
[2026-05-25 10:05:05,419][httpx][INFO] - HTTP Request: HEAD https://huggingface.co/api/resolve-cache/models/facebook/dinov2-large/47b73eefe95e8d44ec3623f8890bd894b6ea2d6c/config.json "HTTP/1.1 200 OK"
[2026-05-25 10:05:05,569][httpx][INFO] - HTTP Request: GET https://huggingface.co/api/resolve-cache/models/facebook/dinov2-large/47b73eefe95e8d44ec3623f8890bd894b6ea2d6c/config.json "HTTP/1.1 200 OK"
[2026-05-25 10:05:05,686][httpx][INFO] - HTTP Request: HEAD https://huggingface.co/facebook/dinov2-large/resolve/main/adapter_config.json "HTTP/1.1 404 Not Found"
[2026-05-25 10:05:05,866][httpx][INFO] - HTTP Request: HEAD https://huggingface.co/facebook/dinov2-large/resolve/main/config.json "HTTP/1.1 307 Temporary Redirect"
[2026-05-25 10:05:05,874][httpx][INFO] - HTTP Request: HEAD https://huggingface.co/api/resolve-cache/models/facebook/dinov2-large/47b73eefe95e8d44ec3623f8890bd894b6ea2d6c/config.json "HTTP/1.1 200 OK"
[2026-05-25 10:05:05,983][httpx][INFO] - HTTP Request: HEAD https://huggingface.co/facebook/dinov2-large/resolve/main/model.safetensors "HTTP/1.1 302 Found"
[2026-05-25 10:05:06,087][httpx][INFO] - HTTP Request: GET https://huggingface.co/api/models/facebook/dinov2-large/xet-read-token/47b73eefe95e8d44ec3623f8890bd894b6ea2d6c "HTTP/1.1 200 OK"
Loading weights:   0%|          | 0/439 [00:00<?, ?it/s]Loading weights: 100%|██████████| 439/439 [00:00<00:00, 14116.93it/s]
[model] freeze_backbone ignored (only supported for video_mae_vit).
[optim] two param groups: head lr=0.0005 (n=9), lora lr=0.0001 (n=192)
[optim] trainable 7,381,025 / total 311,749,665 params (2.37%)
[amp] mixed-precision (torch.float16 + GradScaler) enabled.
[ema] enabled (decay=0.999); will eval both live and EMA each epoch.
Resuming from checkpoint: /Data/thomas.turkieh/smth2smth/checkpoints/track_b/dinov3_attnprobe_lora16f.last.pt
  Resumed at epoch 1/15; best val top1 so far = 0.5803
  Optimizer state restored from checkpoint.
  Cosine scheduler state restored; resumed LR=0.0005
  GradScaler state restored from checkpoint.
  LR after resume: head=0.0005, lora=0.0001 (cosine will step after each train epoch).
    [10:06:52] step 50/11249 | avg train loss 1.7587 top1 0.6050 top5 0.9300
    [10:08:02] step 100/11249 | avg train loss 1.6800 top1 0.6325 top5 0.9375
    [10:09:12] step 150/11249 | avg train loss 1.6959 top1 0.6300 top5 0.9217
    [10:10:22] step 200/11249 | avg train loss 1.6700 top1 0.6425 top5 0.9275
    [10:11:31] step 250/11249 | avg train loss 1.6610 top1 0.6440 top5 0.9280
    [10:12:41] step 300/11249 | avg train loss 1.6765 top1 0.6408 top5 0.9233
    [10:13:50] step 350/11249 | avg train loss 1.6755 top1 0.6379 top5 0.9236
    [10:15:00] step 400/11249 | avg train loss 1.6783 top1 0.6350 top5 0.9219
    [10:16:09] step 450/11249 | avg train loss 1.6829 top1 0.6350 top5 0.9211
    [10:17:19] step 500/11249 | avg train loss 1.6810 top1 0.6325 top5 0.9225
    [10:18:29] step 550/11249 | avg train loss 1.6738 top1 0.6373 top5 0.9255
    [10:19:38] step 600/11249 | avg train loss 1.6852 top1 0.6350 top5 0.9213
    [10:20:48] step 650/11249 | avg train loss 1.6789 top1 0.6369 top5 0.9235
    [10:21:57] step 700/11249 | avg train loss 1.6791 top1 0.6354 top5 0.9243
    [10:23:07] step 750/11249 | avg train loss 1.6863 top1 0.6327 top5 0.9237
    [10:24:17] step 800/11249 | avg train loss 1.6803 top1 0.6366 top5 0.9234
    [10:25:26] step 850/11249 | avg train loss 1.6882 top1 0.6309 top5 0.9221
    [10:26:36] step 900/11249 | avg train loss 1.6886 top1 0.6292 top5 0.9222
    [10:27:45] step 950/11249 | avg train loss 1.6861 top1 0.6292 top5 0.9226
    [10:28:55] step 1000/11249 | avg train loss 1.6914 top1 0.6262 top5 0.9215
    [10:30:05] step 1050/11249 | avg train loss 1.6909 top1 0.6260 top5 0.9210
    [10:31:14] step 1100/11249 | avg train loss 1.6879 top1 0.6273 top5 0.9207
    [10:32:23] step 1150/11249 | avg train loss 1.6851 top1 0.6293 top5 0.9209
    [10:33:32] step 1200/11249 | avg train loss 1.6865 top1 0.6283 top5 0.9217
    [10:34:41] step 1250/11249 | avg train loss 1.6879 top1 0.6278 top5 0.9214
    [10:35:51] step 1300/11249 | avg train loss 1.6852 top1 0.6285 top5 0.9223
    [10:37:00] step 1350/11249 | avg train loss 1.6839 top1 0.6276 top5 0.9230
    [10:38:10] step 1400/11249 | avg train loss 1.6782 top1 0.6298 top5 0.9243
    [10:39:19] step 1450/11249 | avg train loss 1.6756 top1 0.6312 top5 0.9247
    [10:40:29] step 1500/11249 | avg train loss 1.6788 top1 0.6302 top5 0.9242
    [10:41:39] step 1550/11249 | avg train loss 1.6731 top1 0.6331 top5 0.9245
    [10:42:48] step 1600/11249 | avg train loss 1.6718 top1 0.6334 top5 0.9248
    [10:43:58] step 1650/11249 | avg train loss 1.6755 top1 0.6329 top5 0.9230
    [10:45:07] step 1700/11249 | avg train loss 1.6777 top1 0.6322 top5 0.9222
    [10:46:17] step 1750/11249 | avg train loss 1.6778 top1 0.6316 top5 0.9219
    [10:47:27] step 1800/11249 | avg train loss 1.6745 top1 0.6333 top5 0.9221
    [10:48:36] step 1850/11249 | avg train loss 1.6688 top1 0.6362 top5 0.9222
    [10:49:46] step 1900/11249 | avg train loss 1.6678 top1 0.6367 top5 0.9222
    [10:50:55] step 1950/11249 | avg train loss 1.6631 top1 0.6385 top5 0.9228
    [10:52:05] step 2000/11249 | avg train loss 1.6638 top1 0.6395 top5 0.9224
    [10:53:14] step 2050/11249 | avg train loss 1.6626 top1 0.6402 top5 0.9230
    [10:54:24] step 2100/11249 | avg train loss 1.6597 top1 0.6414 top5 0.9232
    [10:55:34] step 2150/11249 | avg train loss 1.6591 top1 0.6416 top5 0.9229
    [10:56:43] step 2200/11249 | avg train loss 1.6622 top1 0.6400 top5 0.9225
    [10:57:53] step 2250/11249 | avg train loss 1.6650 top1 0.6394 top5 0.9219
    [10:59:03] step 2300/11249 | avg train loss 1.6615 top1 0.6409 top5 0.9221
    [11:00:12] step 2350/11249 | avg train loss 1.6615 top1 0.6411 top5 0.9222
    [11:01:22] step 2400/11249 | avg train loss 1.6603 top1 0.6415 top5 0.9222
    [11:02:32] step 2450/11249 | avg train loss 1.6611 top1 0.6407 top5 0.9223
    [11:03:41] step 2500/11249 | avg train loss 1.6597 top1 0.6419 top5 0.9222
    [11:04:48] step 2550/11249 | avg train loss 1.6574 top1 0.6417 top5 0.9228
    [11:05:58] step 2600/11249 | avg train loss 1.6558 top1 0.6421 top5 0.9231
    [11:07:08] step 2650/11249 | avg train loss 1.6545 top1 0.6428 top5 0.9231
    [11:08:18] step 2700/11249 | avg train loss 1.6521 top1 0.6438 top5 0.9233
    [11:09:27] step 2750/11249 | avg train loss 1.6495 top1 0.6443 top5 0.9241
    [11:10:37] step 2800/11249 | avg train loss 1.6473 top1 0.6451 top5 0.9245
    [11:11:47] step 2850/11249 | avg train loss 1.6464 top1 0.6455 top5 0.9245
    [11:12:57] step 2900/11249 | avg train loss 1.6491 top1 0.6445 top5 0.9240
    [11:14:06] step 2950/11249 | avg train loss 1.6488 top1 0.6442 top5 0.9242
    [11:15:16] step 3000/11249 | avg train loss 1.6456 top1 0.6452 top5 0.9248
    [11:16:26] step 3050/11249 | avg train loss 1.6430 top1 0.6465 top5 0.9252
    [11:17:36] step 3100/11249 | avg train loss 1.6422 top1 0.6471 top5 0.9252
    [11:18:45] step 3150/11249 | avg train loss 1.6398 top1 0.6481 top5 0.9255
    [11:19:55] step 3200/11249 | avg train loss 1.6404 top1 0.6477 top5 0.9251
    [11:21:05] step 3250/11249 | avg train loss 1.6401 top1 0.6481 top5 0.9250
    [11:22:14] step 3300/11249 | avg train loss 1.6392 top1 0.6483 top5 0.9255
    [11:23:24] step 3350/11249 | avg train loss 1.6381 top1 0.6487 top5 0.9259
    [11:24:34] step 3400/11249 | avg train loss 1.6388 top1 0.6479 top5 0.9258
    [11:25:44] step 3450/11249 | avg train loss 1.6367 top1 0.6484 top5 0.9261
    [11:26:53] step 3500/11249 | avg train loss 1.6343 top1 0.6491 top5 0.9264
    [11:28:03] step 3550/11249 | avg train loss 1.6348 top1 0.6489 top5 0.9266
    [11:29:13] step 3600/11249 | avg train loss 1.6330 top1 0.6497 top5 0.9269
    [11:30:23] step 3650/11249 | avg train loss 1.6333 top1 0.6495 top5 0.9270
    [11:31:32] step 3700/11249 | avg train loss 1.6330 top1 0.6496 top5 0.9268
    [11:32:42] step 3750/11249 | avg train loss 1.6317 top1 0.6497 top5 0.9271
    [11:33:51] step 3800/11249 | avg train loss 1.6321 top1 0.6499 top5 0.9272
    [11:34:59] step 3850/11249 | avg train loss 1.6303 top1 0.6507 top5 0.9274
    [11:36:09] step 3900/11249 | avg train loss 1.6290 top1 0.6513 top5 0.9275
    [11:37:18] step 3950/11249 | avg train loss 1.6268 top1 0.6525 top5 0.9276
    [11:38:28] step 4000/11249 | avg train loss 1.6259 top1 0.6527 top5 0.9278
    [11:39:38] step 4050/11249 | avg train loss 1.6244 top1 0.6528 top5 0.9280
    [11:40:47] step 4100/11249 | avg train loss 1.6233 top1 0.6534 top5 0.9280
    [11:41:57] step 4150/11249 | avg train loss 1.6226 top1 0.6534 top5 0.9285
    [11:43:07] step 4200/11249 | avg train loss 1.6202 top1 0.6542 top5 0.9289
    [11:44:17] step 4250/11249 | avg train loss 1.6214 top1 0.6537 top5 0.9289
    [11:45:27] step 4300/11249 | avg train loss 1.6207 top1 0.6539 top5 0.9290
    [11:46:36] step 4350/11249 | avg train loss 1.6202 top1 0.6543 top5 0.9287
    [11:47:46] step 4400/11249 | avg train loss 1.6189 top1 0.6547 top5 0.9290
    [11:48:56] step 4450/11249 | avg train loss 1.6185 top1 0.6549 top5 0.9293
    [11:50:06] step 4500/11249 | avg train loss 1.6189 top1 0.6546 top5 0.9293
    [11:51:15] step 4550/11249 | avg train loss 1.6196 top1 0.6543 top5 0.9294
    [11:52:25] step 4600/11249 | avg train loss 1.6201 top1 0.6540 top5 0.9293
    [11:53:35] step 4650/11249 | avg train loss 1.6201 top1 0.6542 top5 0.9292
    [11:54:45] step 4700/11249 | avg train loss 1.6193 top1 0.6546 top5 0.9295
    [11:55:54] step 4750/11249 | avg train loss 1.6174 top1 0.6550 top5 0.9298
    [11:57:04] step 4800/11249 | avg train loss 1.6152 top1 0.6560 top5 0.9302
    [11:58:14] step 4850/11249 | avg train loss 1.6161 top1 0.6555 top5 0.9299
    [11:59:24] step 4900/11249 | avg train loss 1.6159 top1 0.6558 top5 0.9299
    [12:00:34] step 4950/11249 | avg train loss 1.6157 top1 0.6559 top5 0.9298
    [12:01:43] step 5000/11249 | avg train loss 1.6149 top1 0.6560 top5 0.9297
    [12:02:53] step 5050/11249 | avg train loss 1.6144 top1 0.6563 top5 0.9297
    [12:04:03] step 5100/11249 | avg train loss 1.6133 top1 0.6565 top5 0.9298
    [12:05:12] step 5150/11249 | avg train loss 1.6126 top1 0.6567 top5 0.9298
    [12:06:21] step 5200/11249 | avg train loss 1.6119 top1 0.6572 top5 0.9297
    [12:07:31] step 5250/11249 | avg train loss 1.6110 top1 0.6577 top5 0.9298
    [12:08:41] step 5300/11249 | avg train loss 1.6112 top1 0.6577 top5 0.9297
    [12:09:50] step 5350/11249 | avg train loss 1.6100 top1 0.6583 top5 0.9300
    [12:11:00] step 5400/11249 | avg train loss 1.6097 top1 0.6584 top5 0.9302
    [12:12:10] step 5450/11249 | avg train loss 1.6102 top1 0.6581 top5 0.9301
    [12:13:20] step 5500/11249 | avg train loss 1.6099 top1 0.6582 top5 0.9301
    [12:14:29] step 5550/11249 | avg train loss 1.6081 top1 0.6591 top5 0.9303
    [12:15:39] step 5600/11249 | avg train loss 1.6081 top1 0.6588 top5 0.9304
    [12:16:49] step 5650/11249 | avg train loss 1.6075 top1 0.6590 top5 0.9305
    [12:17:59] step 5700/11249 | avg train loss 1.6072 top1 0.6590 top5 0.9306
    [12:19:08] step 5750/11249 | avg train loss 1.6072 top1 0.6588 top5 0.9307
    [12:20:18] step 5800/11249 | avg train loss 1.6058 top1 0.6594 top5 0.9310
    [12:21:28] step 5850/11249 | avg train loss 1.6052 top1 0.6591 top5 0.9312
    [12:22:38] step 5900/11249 | avg train loss 1.6041 top1 0.6594 top5 0.9312
    [12:23:48] step 5950/11249 | avg train loss 1.6045 top1 0.6595 top5 0.9311
    [12:24:58] step 6000/11249 | avg train loss 1.6035 top1 0.6599 top5 0.9312
    [12:26:07] step 6050/11249 | avg train loss 1.6023 top1 0.6603 top5 0.9312
    [12:27:17] step 6100/11249 | avg train loss 1.6015 top1 0.6607 top5 0.9311
    [12:28:27] step 6150/11249 | avg train loss 1.6001 top1 0.6613 top5 0.9314
    [12:29:36] step 6200/11249 | avg train loss 1.5983 top1 0.6619 top5 0.9316
    [12:30:46] step 6250/11249 | avg train loss 1.5976 top1 0.6621 top5 0.9317
    [12:31:56] step 6300/11249 | avg train loss 1.5974 top1 0.6618 top5 0.9316
    [12:33:06] step 6350/11249 | avg train loss 1.5963 top1 0.6623 top5 0.9316
    [12:34:16] step 6400/11249 | avg train loss 1.5949 top1 0.6628 top5 0.9318
    [12:35:25] step 6450/11249 | avg train loss 1.5947 top1 0.6629 top5 0.9317
    [12:36:35] step 6500/11249 | avg train loss 1.5936 top1 0.6634 top5 0.9317
    [12:37:43] step 6550/11249 | avg train loss 1.5924 top1 0.6640 top5 0.9319
    [12:38:53] step 6600/11249 | avg train loss 1.5913 top1 0.6644 top5 0.9321
    [12:40:03] step 6650/11249 | avg train loss 1.5903 top1 0.6647 top5 0.9323
    [12:41:12] step 6700/11249 | avg train loss 1.5902 top1 0.6649 top5 0.9324
    [12:42:22] step 6750/11249 | avg train loss 1.5887 top1 0.6654 top5 0.9326
    [12:43:32] step 6800/11249 | avg train loss 1.5889 top1 0.6653 top5 0.9326
    [12:44:42] step 6850/11249 | avg train loss 1.5882 top1 0.6658 top5 0.9326
    [12:45:51] step 6900/11249 | avg train loss 1.5879 top1 0.6660 top5 0.9328
    [12:47:01] step 6950/11249 | avg train loss 1.5872 top1 0.6664 top5 0.9328
    [12:48:11] step 7000/11249 | avg train loss 1.5870 top1 0.6665 top5 0.9329
    [12:49:21] step 7050/11249 | avg train loss 1.5866 top1 0.6665 top5 0.9330
    [12:50:30] step 7100/11249 | avg train loss 1.5864 top1 0.6665 top5 0.9331
    [12:51:40] step 7150/11249 | avg train loss 1.5855 top1 0.6667 top5 0.9331
    [12:52:50] step 7200/11249 | avg train loss 1.5850 top1 0.6670 top5 0.9331
    [12:54:00] step 7250/11249 | avg train loss 1.5840 top1 0.6674 top5 0.9332
    [12:55:10] step 7300/11249 | avg train loss 1.5834 top1 0.6678 top5 0.9333
    [12:56:19] step 7350/11249 | avg train loss 1.5828 top1 0.6680 top5 0.9334
    [12:57:29] step 7400/11249 | avg train loss 1.5817 top1 0.6683 top5 0.9335
    [12:58:39] step 7450/11249 | avg train loss 1.5804 top1 0.6689 top5 0.9338
    [12:59:48] step 7500/11249 | avg train loss 1.5791 top1 0.6695 top5 0.9340
    [13:00:58] step 7550/11249 | avg train loss 1.5786 top1 0.6696 top5 0.9341
    [13:02:08] step 7600/11249 | avg train loss 1.5775 top1 0.6699 top5 0.9342
    [13:03:18] step 7650/11249 | avg train loss 1.5766 top1 0.6701 top5 0.9344
    [13:04:28] step 7700/11249 | avg train loss 1.5760 top1 0.6704 top5 0.9344
    [13:05:37] step 7750/11249 | avg train loss 1.5755 top1 0.6707 top5 0.9344
    [13:06:47] step 7800/11249 | avg train loss 1.5745 top1 0.6710 top5 0.9345
    [13:07:57] step 7850/11249 | avg train loss 1.5732 top1 0.6713 top5 0.9347
    [13:09:05] step 7900/11249 | avg train loss 1.5729 top1 0.6714 top5 0.9348
    [13:10:15] step 7950/11249 | avg train loss 1.5722 top1 0.6716 top5 0.9349
    [13:11:25] step 8000/11249 | avg train loss 1.5712 top1 0.6719 top5 0.9351
    [13:12:35] step 8050/11249 | avg train loss 1.5708 top1 0.6721 top5 0.9352
    [13:13:44] step 8100/11249 | avg train loss 1.5708 top1 0.6722 top5 0.9352
    [13:14:54] step 8150/11249 | avg train loss 1.5697 top1 0.6725 top5 0.9353
    [13:16:04] step 8200/11249 | avg train loss 1.5694 top1 0.6725 top5 0.9354
    [13:17:14] step 8250/11249 | avg train loss 1.5689 top1 0.6726 top5 0.9355
    [13:18:24] step 8300/11249 | avg train loss 1.5686 top1 0.6728 top5 0.9355
    [13:19:33] step 8350/11249 | avg train loss 1.5677 top1 0.6731 top5 0.9355
    [13:20:43] step 8400/11249 | avg train loss 1.5682 top1 0.6728 top5 0.9354
    [13:21:53] step 8450/11249 | avg train loss 1.5683 top1 0.6728 top5 0.9353
    [13:23:03] step 8500/11249 | avg train loss 1.5677 top1 0.6729 top5 0.9354
    [13:24:12] step 8550/11249 | avg train loss 1.5667 top1 0.6734 top5 0.9356
    [13:25:22] step 8600/11249 | avg train loss 1.5664 top1 0.6733 top5 0.9357
    [13:26:32] step 8650/11249 | avg train loss 1.5660 top1 0.6734 top5 0.9358
    [13:27:42] step 8700/11249 | avg train loss 1.5650 top1 0.6739 top5 0.9358
    [13:28:51] step 8750/11249 | avg train loss 1.5642 top1 0.6739 top5 0.9359
    [13:30:01] step 8800/11249 | avg train loss 1.5634 top1 0.6743 top5 0.9362
    [13:31:11] step 8850/11249 | avg train loss 1.5622 top1 0.6746 top5 0.9363
    [13:32:21] step 8900/11249 | avg train loss 1.5616 top1 0.6748 top5 0.9365
    [13:33:31] step 8950/11249 | avg train loss 1.5607 top1 0.6751 top5 0.9366
    [13:34:41] step 9000/11249 | avg train loss 1.5605 top1 0.6751 top5 0.9366
    [13:35:50] step 9050/11249 | avg train loss 1.5598 top1 0.6753 top5 0.9367
    [13:37:00] step 9100/11249 | avg train loss 1.5590 top1 0.6756 top5 0.9367
    [13:38:10] step 9150/11249 | avg train loss 1.5589 top1 0.6755 top5 0.9367
    [13:39:19] step 9200/11249 | avg train loss 1.5584 top1 0.6757 top5 0.9367
    [13:40:28] step 9250/11249 | avg train loss 1.5577 top1 0.6759 top5 0.9367
    [13:41:38] step 9300/11249 | avg train loss 1.5570 top1 0.6759 top5 0.9369
    [13:42:48] step 9350/11249 | avg train loss 1.5569 top1 0.6757 top5 0.9369
    [13:43:57] step 9400/11249 | avg train loss 1.5568 top1 0.6756 top5 0.9370
    [13:45:07] step 9450/11249 | avg train loss 1.5562 top1 0.6757 top5 0.9371
    [13:46:17] step 9500/11249 | avg train loss 1.5563 top1 0.6757 top5 0.9371
    [13:47:26] step 9550/11249 | avg train loss 1.5560 top1 0.6759 top5 0.9370
    [13:48:36] step 9600/11249 | avg train loss 1.5552 top1 0.6762 top5 0.9371
    [13:49:46] step 9650/11249 | avg train loss 1.5547 top1 0.6765 top5 0.9372
    [13:50:56] step 9700/11249 | avg train loss 1.5537 top1 0.6769 top5 0.9373
    [13:52:06] step 9750/11249 | avg train loss 1.5536 top1 0.6769 top5 0.9372
    [13:53:16] step 9800/11249 | avg train loss 1.5524 top1 0.6776 top5 0.9374
    [13:54:25] step 9850/11249 | avg train loss 1.5511 top1 0.6781 top5 0.9376
    [13:55:35] step 9900/11249 | avg train loss 1.5513 top1 0.6779 top5 0.9376
    [13:56:45] step 9950/11249 | avg train loss 1.5507 top1 0.6782 top5 0.9377
    [13:57:55] step 10000/11249 | avg train loss 1.5501 top1 0.6783 top5 0.9377
    [13:59:05] step 10050/11249 | avg train loss 1.5495 top1 0.6784 top5 0.9377
    [14:00:14] step 10100/11249 | avg train loss 1.5494 top1 0.6786 top5 0.9376
    [14:01:24] step 10150/11249 | avg train loss 1.5490 top1 0.6787 top5 0.9375
    [14:02:34] step 10200/11249 | avg train loss 1.5483 top1 0.6790 top5 0.9377
    [14:03:44] step 10250/11249 | avg train loss 1.5479 top1 0.6792 top5 0.9377
    [14:04:53] step 10300/11249 | avg train loss 1.5480 top1 0.6793 top5 0.9377
    [14:06:03] step 10350/11249 | avg train loss 1.5470 top1 0.6797 top5 0.9378
    [14:07:13] step 10400/11249 | avg train loss 1.5469 top1 0.6797 top5 0.9377
    [14:08:23] step 10450/11249 | avg train loss 1.5468 top1 0.6797 top5 0.9377
    [14:09:32] step 10500/11249 | avg train loss 1.5465 top1 0.6797 top5 0.9376
    [14:10:40] step 10550/11249 | avg train loss 1.5462 top1 0.6799 top5 0.9377
    [14:11:50] step 10600/11249 | avg train loss 1.5461 top1 0.6800 top5 0.9378
    [14:12:59] step 10650/11249 | avg train loss 1.5458 top1 0.6798 top5 0.9378
    [14:14:09] step 10700/11249 | avg train loss 1.5452 top1 0.6799 top5 0.9379
    [14:15:19] step 10750/11249 | avg train loss 1.5445 top1 0.6802 top5 0.9379
    [14:16:29] step 10800/11249 | avg train loss 1.5436 top1 0.6805 top5 0.9381
    [14:17:39] step 10850/11249 | avg train loss 1.5431 top1 0.6807 top5 0.9381
    [14:18:49] step 10900/11249 | avg train loss 1.5426 top1 0.6810 top5 0.9381
    [14:19:59] step 10950/11249 | avg train loss 1.5419 top1 0.6811 top5 0.9382
    [14:21:08] step 11000/11249 | avg train loss 1.5411 top1 0.6815 top5 0.9384
    [14:22:18] step 11050/11249 | avg train loss 1.5398 top1 0.6820 top5 0.9386
    [14:23:28] step 11100/11249 | avg train loss 1.5395 top1 0.6821 top5 0.9386
    [14:24:38] step 11150/11249 | avg train loss 1.5391 top1 0.6823 top5 0.9386
    [14:25:47] step 11200/11249 | avg train loss 1.5383 top1 0.6826 top5 0.9387
    [14:26:55] step 11249/11249 | avg train loss 1.5382 top1 0.6827 top5 0.9387
Epoch 2/15 | train loss 1.5382 top1 0.6827 | val loss 1.6268 top1 0.5352 top5 0.8569 | ema val top1 0.5964 top5 0.8870
  Saved new best checkpoint (ema): /Data/thomas.turkieh/smth2smth/checkpoints/track_b/dinov3_attnprobe_lora16f.pt (val top1=0.5964)
    [15:00:53] step 50/11249 | avg train loss 1.3423 top1 0.7700 top5 0.9650
    [15:02:03] step 100/11249 | avg train loss 1.3355 top1 0.7575 top5 0.9625
    [15:03:12] step 150/11249 | avg train loss 1.3186 top1 0.7583 top5 0.9683
    [15:04:22] step 200/11249 | avg train loss 1.3177 top1 0.7538 top5 0.9762
    [15:05:32] step 250/11249 | avg train loss 1.3169 top1 0.7580 top5 0.9770
    [15:06:42] step 300/11249 | avg train loss 1.3304 top1 0.7500 top5 0.9733
    [15:07:52] step 350/11249 | avg train loss 1.3339 top1 0.7479 top5 0.9729
    [15:09:02] step 400/11249 | avg train loss 1.3329 top1 0.7500 top5 0.9738
    [15:10:11] step 450/11249 | avg train loss 1.3298 top1 0.7489 top5 0.9733
    [15:11:21] step 500/11249 | avg train loss 1.3349 top1 0.7460 top5 0.9730
    [15:12:31] step 550/11249 | avg train loss 1.3382 top1 0.7455 top5 0.9714
    [15:13:39] step 600/11249 | avg train loss 1.3423 top1 0.7438 top5 0.9696
    [15:14:49] step 650/11249 | avg train loss 1.3393 top1 0.7450 top5 0.9700
    [15:15:59] step 700/11249 | avg train loss 1.3335 top1 0.7475 top5 0.9696
    [15:17:09] step 750/11249 | avg train loss 1.3395 top1 0.7473 top5 0.9680
    [15:18:18] step 800/11249 | avg train loss 1.3383 top1 0.7469 top5 0.9681
    [15:19:28] step 850/11249 | avg train loss 1.3398 top1 0.7488 top5 0.9679
    [15:20:38] step 900/11249 | avg train loss 1.3417 top1 0.7483 top5 0.9678
    [15:21:48] step 950/11249 | avg train loss 1.3404 top1 0.7482 top5 0.9682
    [15:22:58] step 1000/11249 | avg train loss 1.3408 top1 0.7488 top5 0.9667
    [15:24:07] step 1050/11249 | avg train loss 1.3416 top1 0.7474 top5 0.9671
    [15:25:17] step 1100/11249 | avg train loss 1.3426 top1 0.7468 top5 0.9680
    [15:26:27] step 1150/11249 | avg train loss 1.3381 top1 0.7487 top5 0.9689
    [15:27:37] step 1200/11249 | avg train loss 1.3397 top1 0.7481 top5 0.9683
    [15:28:47] step 1250/11249 | avg train loss 1.3389 top1 0.7478 top5 0.9682
    [15:29:56] step 1300/11249 | avg train loss 1.3388 top1 0.7492 top5 0.9679
    [15:31:06] step 1350/11249 | avg train loss 1.3362 top1 0.7504 top5 0.9681
    [15:32:16] step 1400/11249 | avg train loss 1.3327 top1 0.7530 top5 0.9686
    [15:33:26] step 1450/11249 | avg train loss 1.3307 top1 0.7534 top5 0.9686
    [15:34:35] step 1500/11249 | avg train loss 1.3346 top1 0.7512 top5 0.9685
    [15:35:45] step 1550/11249 | avg train loss 1.3309 top1 0.7529 top5 0.9687
    [15:36:54] step 1600/11249 | avg train loss 1.3307 top1 0.7539 top5 0.9680
    [15:38:04] step 1650/11249 | avg train loss 1.3316 top1 0.7538 top5 0.9679
    [15:39:14] step 1700/11249 | avg train loss 1.3291 top1 0.7554 top5 0.9681
    [15:40:24] step 1750/11249 | avg train loss 1.3299 top1 0.7550 top5 0.9686
    [15:41:33] step 1800/11249 | avg train loss 1.3294 top1 0.7550 top5 0.9689
    [15:42:43] step 1850/11249 | avg train loss 1.3319 top1 0.7534 top5 0.9682
    [15:43:52] step 1900/11249 | avg train loss 1.3304 top1 0.7539 top5 0.9686
    [15:45:00] step 1950/11249 | avg train loss 1.3331 top1 0.7531 top5 0.9682
    [15:46:10] step 2000/11249 | avg train loss 1.3354 top1 0.7524 top5 0.9680
    [15:47:20] step 2050/11249 | avg train loss 1.3331 top1 0.7532 top5 0.9685
    [15:48:29] step 2100/11249 | avg train loss 1.3350 top1 0.7524 top5 0.9682
    [15:49:39] step 2150/11249 | avg train loss 1.3345 top1 0.7528 top5 0.9681
    [15:50:49] step 2200/11249 | avg train loss 1.3363 top1 0.7526 top5 0.9676
    [15:51:59] step 2250/11249 | avg train loss 1.3367 top1 0.7527 top5 0.9674
    [15:53:08] step 2300/11249 | avg train loss 1.3367 top1 0.7527 top5 0.9675
    [15:54:18] step 2350/11249 | avg train loss 1.3391 top1 0.7511 top5 0.9676
    [15:55:28] step 2400/11249 | avg train loss 1.3392 top1 0.7515 top5 0.9676
    [15:56:37] step 2450/11249 | avg train loss 1.3416 top1 0.7505 top5 0.9673
    [15:57:47] step 2500/11249 | avg train loss 1.3444 top1 0.7491 top5 0.9670
    [15:58:57] step 2550/11249 | avg train loss 1.3481 top1 0.7475 top5 0.9664
    [16:00:06] step 2600/11249 | avg train loss 1.3472 top1 0.7477 top5 0.9664
    [16:01:16] step 2650/11249 | avg train loss 1.3489 top1 0.7469 top5 0.9663
    [16:02:26] step 2700/11249 | avg train loss 1.3478 top1 0.7476 top5 0.9664
    [16:03:35] step 2750/11249 | avg train loss 1.3479 top1 0.7483 top5 0.9661
    [16:04:45] step 2800/11249 | avg train loss 1.3489 top1 0.7481 top5 0.9662
    [16:05:55] step 2850/11249 | avg train loss 1.3473 top1 0.7485 top5 0.9664
    [16:07:04] step 2900/11249 | avg train loss 1.3469 top1 0.7484 top5 0.9665
    [16:08:14] step 2950/11249 | avg train loss 1.3472 top1 0.7480 top5 0.9663
    [16:09:24] step 3000/11249 | avg train loss 1.3457 top1 0.7488 top5 0.9660
    [16:10:33] step 3050/11249 | avg train loss 1.3472 top1 0.7488 top5 0.9655
    [16:11:43] step 3100/11249 | avg train loss 1.3484 top1 0.7481 top5 0.9654
    [16:12:52] step 3150/11249 | avg train loss 1.3484 top1 0.7479 top5 0.9655
    [16:14:02] step 3200/11249 | avg train loss 1.3492 top1 0.7474 top5 0.9655
    [16:15:11] step 3250/11249 | avg train loss 1.3496 top1 0.7470 top5 0.9655
    [16:16:20] step 3300/11249 | avg train loss 1.3484 top1 0.7473 top5 0.9656
    [16:17:29] step 3350/11249 | avg train loss 1.3491 top1 0.7469 top5 0.9657
    [16:18:39] step 3400/11249 | avg train loss 1.3496 top1 0.7470 top5 0.9657
    [16:19:48] step 3450/11249 | avg train loss 1.3510 top1 0.7470 top5 0.9653
    [16:20:58] step 3500/11249 | avg train loss 1.3528 top1 0.7464 top5 0.9651
    [16:22:08] step 3550/11249 | avg train loss 1.3520 top1 0.7470 top5 0.9653
    [16:23:17] step 3600/11249 | avg train loss 1.3529 top1 0.7467 top5 0.9653
    [16:24:27] step 3650/11249 | avg train loss 1.3536 top1 0.7470 top5 0.9651
    [16:25:36] step 3700/11249 | avg train loss 1.3529 top1 0.7473 top5 0.9652
    [16:26:46] step 3750/11249 | avg train loss 1.3536 top1 0.7474 top5 0.9651
    [16:27:56] step 3800/11249 | avg train loss 1.3534 top1 0.7477 top5 0.9650
    [16:29:05] step 3850/11249 | avg train loss 1.3530 top1 0.7475 top5 0.9650
    [16:30:15] step 3900/11249 | avg train loss 1.3526 top1 0.7474 top5 0.9651
    [16:31:25] step 3950/11249 | avg train loss 1.3526 top1 0.7473 top5 0.9649
    [16:32:34] step 4000/11249 | avg train loss 1.3537 top1 0.7464 top5 0.9650
    [16:33:44] step 4050/11249 | avg train loss 1.3535 top1 0.7460 top5 0.9651
    [16:34:53] step 4100/11249 | avg train loss 1.3530 top1 0.7465 top5 0.9652
    [16:36:03] step 4150/11249 | avg train loss 1.3523 top1 0.7466 top5 0.9655
    [16:37:13] step 4200/11249 | avg train loss 1.3524 top1 0.7468 top5 0.9653
    [16:38:22] step 4250/11249 | avg train loss 1.3531 top1 0.7463 top5 0.9654
    [16:39:32] step 4300/11249 | avg train loss 1.3535 top1 0.7461 top5 0.9651
    [16:40:42] step 4350/11249 | avg train loss 1.3549 top1 0.7456 top5 0.9648
    [16:41:51] step 4400/11249 | avg train loss 1.3551 top1 0.7454 top5 0.9647
    [16:43:01] step 4450/11249 | avg train loss 1.3559 top1 0.7447 top5 0.9647
    [16:44:10] step 4500/11249 | avg train loss 1.3574 top1 0.7443 top5 0.9645
    [16:45:20] step 4550/11249 | avg train loss 1.3578 top1 0.7447 top5 0.9642
    [16:46:28] step 4600/11249 | avg train loss 1.3582 top1 0.7445 top5 0.9642
    [16:47:38] step 4650/11249 | avg train loss 1.3581 top1 0.7444 top5 0.9642
    [16:48:47] step 4700/11249 | avg train loss 1.3574 top1 0.7447 top5 0.9643
    [16:49:57] step 4750/11249 | avg train loss 1.3571 top1 0.7449 top5 0.9641
    [16:51:07] step 4800/11249 | avg train loss 1.3572 top1 0.7448 top5 0.9640
    [16:52:16] step 4850/11249 | avg train loss 1.3576 top1 0.7450 top5 0.9639
    [16:53:26] step 4900/11249 | avg train loss 1.3578 top1 0.7449 top5 0.9639
    [16:54:36] step 4950/11249 | avg train loss 1.3591 top1 0.7441 top5 0.9638
    [16:55:45] step 5000/11249 | avg train loss 1.3595 top1 0.7442 top5 0.9638
    [16:56:55] step 5050/11249 | avg train loss 1.3592 top1 0.7444 top5 0.9638
    [16:58:05] step 5100/11249 | avg train loss 1.3595 top1 0.7445 top5 0.9636
    [16:59:14] step 5150/11249 | avg train loss 1.3603 top1 0.7442 top5 0.9635
    [17:00:24] step 5200/11249 | avg train loss 1.3613 top1 0.7434 top5 0.9633
    [17:01:33] step 5250/11249 | avg train loss 1.3618 top1 0.7430 top5 0.9633
    [17:02:43] step 5300/11249 | avg train loss 1.3624 top1 0.7428 top5 0.9634
    [17:03:52] step 5350/11249 | avg train loss 1.3630 top1 0.7428 top5 0.9633
    [17:05:02] step 5400/11249 | avg train loss 1.3627 top1 0.7427 top5 0.9633
    [17:06:12] step 5450/11249 | avg train loss 1.3621 top1 0.7428 top5 0.9635
    [17:07:21] step 5500/11249 | avg train loss 1.3623 top1 0.7429 top5 0.9635
    [17:08:31] step 5550/11249 | avg train loss 1.3617 top1 0.7431 top5 0.9638
    [17:09:41] step 5600/11249 | avg train loss 1.3611 top1 0.7433 top5 0.9637
    [17:10:50] step 5650/11249 | avg train loss 1.3606 top1 0.7438 top5 0.9636
    [17:12:00] step 5700/11249 | avg train loss 1.3615 top1 0.7434 top5 0.9634
    [17:13:10] step 5750/11249 | avg train loss 1.3615 top1 0.7434 top5 0.9633
    [17:14:19] step 5800/11249 | avg train loss 1.3615 top1 0.7432 top5 0.9634
    [17:15:28] step 5850/11249 | avg train loss 1.3615 top1 0.7432 top5 0.9634
    [17:16:38] step 5900/11249 | avg train loss 1.3621 top1 0.7427 top5 0.9633
    [17:17:45] step 5950/11249 | avg train loss 1.3617 top1 0.7429 top5 0.9633
    [17:18:55] step 6000/11249 | avg train loss 1.3615 top1 0.7427 top5 0.9633
    [17:20:05] step 6050/11249 | avg train loss 1.3608 top1 0.7431 top5 0.9632
    [17:21:14] step 6100/11249 | avg train loss 1.3616 top1 0.7427 top5 0.9632
    [17:22:24] step 6150/11249 | avg train loss 1.3620 top1 0.7426 top5 0.9631
    [17:23:34] step 6200/11249 | avg train loss 1.3622 top1 0.7425 top5 0.9629
    [17:24:43] step 6250/11249 | avg train loss 1.3623 top1 0.7424 top5 0.9628
    [17:25:53] step 6300/11249 | avg train loss 1.3630 top1 0.7421 top5 0.9627
    [17:27:02] step 6350/11249 | avg train loss 1.3633 top1 0.7422 top5 0.9624
    [17:28:12] step 6400/11249 | avg train loss 1.3626 top1 0.7424 top5 0.9625
    [17:29:22] step 6450/11249 | avg train loss 1.3635 top1 0.7424 top5 0.9624
    [17:30:31] step 6500/11249 | avg train loss 1.3626 top1 0.7429 top5 0.9626
    [17:31:41] step 6550/11249 | avg train loss 1.3629 top1 0.7427 top5 0.9625
    [17:32:50] step 6600/11249 | avg train loss 1.3630 top1 0.7427 top5 0.9625
    [17:34:00] step 6650/11249 | avg train loss 1.3638 top1 0.7426 top5 0.9623
    [17:35:09] step 6700/11249 | avg train loss 1.3641 top1 0.7425 top5 0.9624
    [17:36:19] step 6750/11249 | avg train loss 1.3643 top1 0.7426 top5 0.9622
    [17:37:29] step 6800/11249 | avg train loss 1.3640 top1 0.7425 top5 0.9623
    [17:38:38] step 6850/11249 | avg train loss 1.3629 top1 0.7428 top5 0.9624
    [17:39:48] step 6900/11249 | avg train loss 1.3629 top1 0.7428 top5 0.9624
    [17:40:58] step 6950/11249 | avg train loss 1.3633 top1 0.7429 top5 0.9621
    [17:42:07] step 7000/11249 | avg train loss 1.3636 top1 0.7427 top5 0.9619
    [17:43:16] step 7050/11249 | avg train loss 1.3632 top1 0.7426 top5 0.9620
    [17:44:26] step 7100/11249 | avg train loss 1.3631 top1 0.7424 top5 0.9621
    [17:45:36] step 7150/11249 | avg train loss 1.3626 top1 0.7426 top5 0.9619
    [17:46:45] step 7200/11249 | avg train loss 1.3631 top1 0.7425 top5 0.9619
    [17:47:55] step 7250/11249 | avg train loss 1.3630 top1 0.7422 top5 0.9622
    [17:49:02] step 7300/11249 | avg train loss 1.3626 top1 0.7425 top5 0.9623
    [17:50:12] step 7350/11249 | avg train loss 1.3623 top1 0.7427 top5 0.9622
    [17:51:22] step 7400/11249 | avg train loss 1.3622 top1 0.7427 top5 0.9622
    [17:52:31] step 7450/11249 | avg train loss 1.3624 top1 0.7428 top5 0.9620
    [17:53:41] step 7500/11249 | avg train loss 1.3627 top1 0.7427 top5 0.9620
    [17:54:50] step 7550/11249 | avg train loss 1.3620 top1 0.7431 top5 0.9622
    [17:56:00] step 7600/11249 | avg train loss 1.3630 top1 0.7428 top5 0.9621
    [17:57:10] step 7650/11249 | avg train loss 1.3633 top1 0.7426 top5 0.9620
    [17:58:19] step 7700/11249 | avg train loss 1.3635 top1 0.7428 top5 0.9620
    [17:59:29] step 7750/11249 | avg train loss 1.3641 top1 0.7425 top5 0.9620
    [18:00:38] step 7800/11249 | avg train loss 1.3651 top1 0.7421 top5 0.9618
    [18:01:48] step 7850/11249 | avg train loss 1.3650 top1 0.7421 top5 0.9618
    [18:02:58] step 7900/11249 | avg train loss 1.3653 top1 0.7420 top5 0.9618
    [18:04:07] step 7950/11249 | avg train loss 1.3649 top1 0.7421 top5 0.9619
    [18:05:17] step 8000/11249 | avg train loss 1.3650 top1 0.7421 top5 0.9619
    [18:06:27] step 8050/11249 | avg train loss 1.3647 top1 0.7419 top5 0.9619
    [18:07:36] step 8100/11249 | avg train loss 1.3644 top1 0.7419 top5 0.9620
    [18:08:46] step 8150/11249 | avg train loss 1.3648 top1 0.7419 top5 0.9619
    [18:09:55] step 8200/11249 | avg train loss 1.3644 top1 0.7420 top5 0.9620
    [18:11:05] step 8250/11249 | avg train loss 1.3641 top1 0.7422 top5 0.9619
    [18:12:15] step 8300/11249 | avg train loss 1.3637 top1 0.7423 top5 0.9619
    [18:13:24] step 8350/11249 | avg train loss 1.3633 top1 0.7425 top5 0.9619
    [18:14:34] step 8400/11249 | avg train loss 1.3635 top1 0.7426 top5 0.9618
    [18:15:44] step 8450/11249 | avg train loss 1.3647 top1 0.7423 top5 0.9617
    [18:16:53] step 8500/11249 | avg train loss 1.3642 top1 0.7429 top5 0.9616
    [18:18:03] step 8550/11249 | avg train loss 1.3644 top1 0.7428 top5 0.9616
    [18:19:13] step 8600/11249 | avg train loss 1.3640 top1 0.7427 top5 0.9615
    [18:20:20] step 8650/11249 | avg train loss 1.3640 top1 0.7427 top5 0.9615
    [18:21:30] step 8700/11249 | avg train loss 1.3642 top1 0.7426 top5 0.9615
    [18:22:39] step 8750/11249 | avg train loss 1.3638 top1 0.7427 top5 0.9615
    [18:23:49] step 8800/11249 | avg train loss 1.3639 top1 0.7426 top5 0.9615
    [18:24:59] step 8850/11249 | avg train loss 1.3639 top1 0.7426 top5 0.9616
    [18:26:08] step 8900/11249 | avg train loss 1.3648 top1 0.7423 top5 0.9613
    [18:27:18] step 8950/11249 | avg train loss 1.3650 top1 0.7423 top5 0.9612
    [18:28:28] step 9000/11249 | avg train loss 1.3646 top1 0.7428 top5 0.9612
    [18:29:37] step 9050/11249 | avg train loss 1.3637 top1 0.7430 top5 0.9613
    [18:30:47] step 9100/11249 | avg train loss 1.3640 top1 0.7430 top5 0.9613
    [18:31:57] step 9150/11249 | avg train loss 1.3643 top1 0.7429 top5 0.9613
    [18:33:06] step 9200/11249 | avg train loss 1.3642 top1 0.7428 top5 0.9614
    [18:34:16] step 9250/11249 | avg train loss 1.3644 top1 0.7426 top5 0.9613
    [18:35:25] step 9300/11249 | avg train loss 1.3646 top1 0.7426 top5 0.9613
    [18:36:35] step 9350/11249 | avg train loss 1.3650 top1 0.7424 top5 0.9613
    [18:37:45] step 9400/11249 | avg train loss 1.3652 top1 0.7426 top5 0.9611
    [18:38:54] step 9450/11249 | avg train loss 1.3653 top1 0.7425 top5 0.9611
    [18:40:04] step 9500/11249 | avg train loss 1.3649 top1 0.7427 top5 0.9612
    [18:41:13] step 9550/11249 | avg train loss 1.3651 top1 0.7427 top5 0.9612
    [18:42:23] step 9600/11249 | avg train loss 1.3651 top1 0.7427 top5 0.9612
    [18:43:32] step 9650/11249 | avg train loss 1.3649 top1 0.7430 top5 0.9613
    [18:44:42] step 9700/11249 | avg train loss 1.3649 top1 0.7430 top5 0.9612
    [18:45:52] step 9750/11249 | avg train loss 1.3647 top1 0.7431 top5 0.9612
    [18:47:01] step 9800/11249 | avg train loss 1.3646 top1 0.7432 top5 0.9611
    [18:48:11] step 9850/11249 | avg train loss 1.3646 top1 0.7433 top5 0.9611
    [18:49:21] step 9900/11249 | avg train loss 1.3642 top1 0.7435 top5 0.9611
    [18:50:30] step 9950/11249 | avg train loss 1.3643 top1 0.7435 top5 0.9612
    [18:51:38] step 10000/11249 | avg train loss 1.3644 top1 0.7435 top5 0.9611
    [18:52:48] step 10050/11249 | avg train loss 1.3649 top1 0.7433 top5 0.9610
    [18:53:58] step 10100/11249 | avg train loss 1.3648 top1 0.7433 top5 0.9611
    [18:55:07] step 10150/11249 | avg train loss 1.3651 top1 0.7430 top5 0.9611
    [18:56:17] step 10200/11249 | avg train loss 1.3654 top1 0.7428 top5 0.9611
    [18:57:27] step 10250/11249 | avg train loss 1.3653 top1 0.7427 top5 0.9612
    [18:58:36] step 10300/11249 | avg train loss 1.3660 top1 0.7423 top5 0.9612
    [18:59:46] step 10350/11249 | avg train loss 1.3661 top1 0.7424 top5 0.9613
    [19:00:55] step 10400/11249 | avg train loss 1.3662 top1 0.7424 top5 0.9613
    [19:02:05] step 10450/11249 | avg train loss 1.3663 top1 0.7423 top5 0.9612
    [19:03:15] step 10500/11249 | avg train loss 1.3661 top1 0.7425 top5 0.9613
    [19:04:24] step 10550/11249 | avg train loss 1.3661 top1 0.7424 top5 0.9613
    [19:05:34] step 10600/11249 | avg train loss 1.3664 top1 0.7425 top5 0.9612
    [19:06:43] step 10650/11249 | avg train loss 1.3670 top1 0.7423 top5 0.9611
    [19:07:53] step 10700/11249 | avg train loss 1.3670 top1 0.7420 top5 0.9611
    [19:09:03] step 10750/11249 | avg train loss 1.3671 top1 0.7419 top5 0.9611
    [19:10:13] step 10800/11249 | avg train loss 1.3669 top1 0.7420 top5 0.9611
    [19:11:22] step 10850/11249 | avg train loss 1.3664 top1 0.7421 top5 0.9612
    [19:12:32] step 10900/11249 | avg train loss 1.3667 top1 0.7421 top5 0.9611
    [19:13:41] step 10950/11249 | avg train loss 1.3666 top1 0.7421 top5 0.9611
    [19:14:51] step 11000/11249 | avg train loss 1.3668 top1 0.7421 top5 0.9611
    [19:16:01] step 11050/11249 | avg train loss 1.3671 top1 0.7419 top5 0.9610
    [19:17:11] step 11100/11249 | avg train loss 1.3668 top1 0.7419 top5 0.9610
    [19:18:20] step 11150/11249 | avg train loss 1.3668 top1 0.7420 top5 0.9610
    [19:19:30] step 11200/11249 | avg train loss 1.3677 top1 0.7418 top5 0.9608
    [19:20:37] step 11249/11249 | avg train loss 1.3681 top1 0.7418 top5 0.9607
Epoch 3/15 | train loss 1.3681 top1 0.7418 | val loss 1.4995 top1 0.5709 top5 0.8732 | ema val top1 0.5970 top5 0.8915
  Saved new best checkpoint (ema): /Data/thomas.turkieh/smth2smth/checkpoints/track_b/dinov3_attnprobe_lora16f.pt (val top1=0.5970)
    [19:54:26] step 50/11249 | avg train loss 1.1872 top1 0.8350 top5 0.9800
    [19:55:35] step 100/11249 | avg train loss 1.1887 top1 0.8050 top5 0.9875
    [19:56:45] step 150/11249 | avg train loss 1.1518 top1 0.8233 top5 0.9900
    [19:57:54] step 200/11249 | avg train loss 1.1619 top1 0.8213 top5 0.9900
    [19:59:04] step 250/11249 | avg train loss 1.1523 top1 0.8230 top5 0.9900
    [20:00:14] step 300/11249 | avg train loss 1.1416 top1 0.8308 top5 0.9892
    [20:01:23] step 350/11249 | avg train loss 1.1427 top1 0.8293 top5 0.9886
    [20:02:33] step 400/11249 | avg train loss 1.1574 top1 0.8244 top5 0.9869
    [20:03:43] step 450/11249 | avg train loss 1.1515 top1 0.8294 top5 0.9872
    [20:04:52] step 500/11249 | avg train loss 1.1495 top1 0.8280 top5 0.9875
    [20:06:02] step 550/11249 | avg train loss 1.1468 top1 0.8273 top5 0.9877
    [20:07:11] step 600/11249 | avg train loss 1.1470 top1 0.8283 top5 0.9883
    [20:08:21] step 650/11249 | avg train loss 1.1535 top1 0.8258 top5 0.9858
    [20:09:31] step 700/11249 | avg train loss 1.1536 top1 0.8243 top5 0.9857
    [20:10:40] step 750/11249 | avg train loss 1.1478 top1 0.8270 top5 0.9860
    [20:11:50] step 800/11249 | avg train loss 1.1478 top1 0.8281 top5 0.9853
    [20:12:59] step 850/11249 | avg train loss 1.1502 top1 0.8256 top5 0.9856
    [20:14:09] step 900/11249 | avg train loss 1.1547 top1 0.8250 top5 0.9853
    [20:15:19] step 950/11249 | avg train loss 1.1544 top1 0.8255 top5 0.9858
    [20:16:28] step 1000/11249 | avg train loss 1.1530 top1 0.8243 top5 0.9855
    [20:17:38] step 1050/11249 | avg train loss 1.1555 top1 0.8236 top5 0.9848
    [20:18:47] step 1100/11249 | avg train loss 1.1588 top1 0.8223 top5 0.9841
    [20:19:57] step 1150/11249 | avg train loss 1.1578 top1 0.8222 top5 0.9843
    [20:21:07] step 1200/11249 | avg train loss 1.1579 top1 0.8215 top5 0.9848
    [20:22:16] step 1250/11249 | avg train loss 1.1608 top1 0.8202 top5 0.9840
    [20:23:25] step 1300/11249 | avg train loss 1.1637 top1 0.8185 top5 0.9840
    [20:24:34] step 1350/11249 | avg train loss 1.1633 top1 0.8187 top5 0.9841
    [20:25:43] step 1400/11249 | avg train loss 1.1648 top1 0.8179 top5 0.9839
    [20:26:53] step 1450/11249 | avg train loss 1.1643 top1 0.8190 top5 0.9838
    [20:28:03] step 1500/11249 | avg train loss 1.1689 top1 0.8168 top5 0.9832
    [20:29:12] step 1550/11249 | avg train loss 1.1675 top1 0.8182 top5 0.9832
    [20:30:22] step 1600/11249 | avg train loss 1.1690 top1 0.8172 top5 0.9828
    [20:31:31] step 1650/11249 | avg train loss 1.1702 top1 0.8164 top5 0.9830
    [20:32:41] step 1700/11249 | avg train loss 1.1740 top1 0.8134 top5 0.9829
    [20:33:51] step 1750/11249 | avg train loss 1.1733 top1 0.8144 top5 0.9826
    [20:35:00] step 1800/11249 | avg train loss 1.1757 top1 0.8135 top5 0.9824
    [20:36:10] step 1850/11249 | avg train loss 1.1759 top1 0.8132 top5 0.9820
    [20:37:19] step 1900/11249 | avg train loss 1.1764 top1 0.8133 top5 0.9818
    [20:38:29] step 1950/11249 | avg train loss 1.1773 top1 0.8131 top5 0.9815
    [20:39:39] step 2000/11249 | avg train loss 1.1780 top1 0.8131 top5 0.9815
    [20:40:48] step 2050/11249 | avg train loss 1.1767 top1 0.8139 top5 0.9816
    [20:41:58] step 2100/11249 | avg train loss 1.1757 top1 0.8144 top5 0.9817
    [20:43:07] step 2150/11249 | avg train loss 1.1736 top1 0.8153 top5 0.9820
    [20:44:17] step 2200/11249 | avg train loss 1.1740 top1 0.8150 top5 0.9819
    [20:45:27] step 2250/11249 | avg train loss 1.1747 top1 0.8141 top5 0.9818
    [20:46:36] step 2300/11249 | avg train loss 1.1762 top1 0.8138 top5 0.9817
    [20:47:46] step 2350/11249 | avg train loss 1.1748 top1 0.8138 top5 0.9819
    [20:48:56] step 2400/11249 | avg train loss 1.1758 top1 0.8135 top5 0.9820
    [20:50:05] step 2450/11249 | avg train loss 1.1765 top1 0.8133 top5 0.9820
    [20:51:15] step 2500/11249 | avg train loss 1.1781 top1 0.8125 top5 0.9820
    [20:52:24] step 2550/11249 | avg train loss 1.1765 top1 0.8130 top5 0.9819
    [20:53:33] step 2600/11249 | avg train loss 1.1785 top1 0.8125 top5 0.9815
    [20:54:43] step 2650/11249 | avg train loss 1.1793 top1 0.8124 top5 0.9815
    [20:55:51] step 2700/11249 | avg train loss 1.1810 top1 0.8117 top5 0.9816
    [20:57:01] step 2750/11249 | avg train loss 1.1813 top1 0.8116 top5 0.9817
    [20:58:10] step 2800/11249 | avg train loss 1.1796 top1 0.8131 top5 0.9815
    [20:59:20] step 2850/11249 | avg train loss 1.1813 top1 0.8118 top5 0.9815
    [21:00:29] step 2900/11249 | avg train loss 1.1815 top1 0.8122 top5 0.9812
    [21:01:39] step 2950/11249 | avg train loss 1.1806 top1 0.8127 top5 0.9814
    [21:02:49] step 3000/11249 | avg train loss 1.1821 top1 0.8117 top5 0.9813
    [21:03:58] step 3050/11249 | avg train loss 1.1816 top1 0.8115 top5 0.9814
    [21:05:08] step 3100/11249 | avg train loss 1.1824 top1 0.8113 top5 0.9812
    [21:06:17] step 3150/11249 | avg train loss 1.1812 top1 0.8113 top5 0.9813
    [21:07:27] step 3200/11249 | avg train loss 1.1814 top1 0.8110 top5 0.9813
    [21:08:37] step 3250/11249 | avg train loss 1.1817 top1 0.8106 top5 0.9812
    [21:09:46] step 3300/11249 | avg train loss 1.1842 top1 0.8092 top5 0.9811
    [21:10:56] step 3350/11249 | avg train loss 1.1837 top1 0.8101 top5 0.9811
    [21:12:05] step 3400/11249 | avg train loss 1.1848 top1 0.8096 top5 0.9811
    [21:13:15] step 3450/11249 | avg train loss 1.1848 top1 0.8096 top5 0.9811
    [21:14:25] step 3500/11249 | avg train loss 1.1845 top1 0.8096 top5 0.9810
    [21:15:34] step 3550/11249 | avg train loss 1.1857 top1 0.8092 top5 0.9809
    [21:16:44] step 3600/11249 | avg train loss 1.1855 top1 0.8092 top5 0.9810
    [21:17:54] step 3650/11249 | avg train loss 1.1861 top1 0.8093 top5 0.9808
    [21:19:03] step 3700/11249 | avg train loss 1.1857 top1 0.8093 top5 0.9808
    [21:20:13] step 3750/11249 | avg train loss 1.1865 top1 0.8091 top5 0.9807
    [21:21:22] step 3800/11249 | avg train loss 1.1866 top1 0.8093 top5 0.9805
    [21:22:32] step 3850/11249 | avg train loss 1.1871 top1 0.8091 top5 0.9803
    [21:23:41] step 3900/11249 | avg train loss 1.1882 top1 0.8090 top5 0.9801
    [21:24:51] step 3950/11249 | avg train loss 1.1894 top1 0.8085 top5 0.9798
    [21:26:00] step 4000/11249 | avg train loss 1.1889 top1 0.8085 top5 0.9798
    [21:27:08] step 4050/11249 | avg train loss 1.1902 top1 0.8080 top5 0.9796
    [21:28:18] step 4100/11249 | avg train loss 1.1904 top1 0.8079 top5 0.9798
    [21:29:28] step 4150/11249 | avg train loss 1.1906 top1 0.8075 top5 0.9798
    [21:30:37] step 4200/11249 | avg train loss 1.1906 top1 0.8074 top5 0.9798
    [21:31:47] step 4250/11249 | avg train loss 1.1899 top1 0.8074 top5 0.9800
    [21:32:57] step 4300/11249 | avg train loss 1.1905 top1 0.8068 top5 0.9801
    [21:34:06] step 4350/11249 | avg train loss 1.1915 top1 0.8061 top5 0.9801
    [21:35:16] step 4400/11249 | avg train loss 1.1920 top1 0.8057 top5 0.9801
    [21:36:25] step 4450/11249 | avg train loss 1.1919 top1 0.8058 top5 0.9800
    [21:37:35] step 4500/11249 | avg train loss 1.1931 top1 0.8055 top5 0.9799
    [21:38:44] step 4550/11249 | avg train loss 1.1943 top1 0.8051 top5 0.9798
    [21:39:54] step 4600/11249 | avg train loss 1.1953 top1 0.8050 top5 0.9795
    [21:41:03] step 4650/11249 | avg train loss 1.1958 top1 0.8045 top5 0.9796
    [21:42:13] step 4700/11249 | avg train loss 1.1955 top1 0.8045 top5 0.9797
    [21:43:23] step 4750/11249 | avg train loss 1.1959 top1 0.8043 top5 0.9797
    [21:44:32] step 4800/11249 | avg train loss 1.1953 top1 0.8041 top5 0.9797
    [21:45:42] step 4850/11249 | avg train loss 1.1969 top1 0.8035 top5 0.9795
    [21:46:51] step 4900/11249 | avg train loss 1.1980 top1 0.8033 top5 0.9794
    [21:48:01] step 4950/11249 | avg train loss 1.1980 top1 0.8032 top5 0.9795
    [21:49:11] step 5000/11249 | avg train loss 1.1985 top1 0.8032 top5 0.9794
    [21:50:20] step 5050/11249 | avg train loss 1.1990 top1 0.8032 top5 0.9794
    [21:51:30] step 5100/11249 | avg train loss 1.1981 top1 0.8037 top5 0.9794
    [21:52:40] step 5150/11249 | avg train loss 1.1987 top1 0.8035 top5 0.9794
    [21:53:49] step 5200/11249 | avg train loss 1.1991 top1 0.8035 top5 0.9794
    [21:54:59] step 5250/11249 | avg train loss 1.2000 top1 0.8031 top5 0.9793
    [21:56:08] step 5300/11249 | avg train loss 1.2002 top1 0.8031 top5 0.9792
    [21:57:17] step 5350/11249 | avg train loss 1.2019 top1 0.8024 top5 0.9788
    [21:58:25] step 5400/11249 | avg train loss 1.2024 top1 0.8021 top5 0.9787
    [21:59:34] step 5450/11249 | avg train loss 1.2028 top1 0.8020 top5 0.9786
    [22:00:44] step 5500/11249 | avg train loss 1.2045 top1 0.8011 top5 0.9784
    [22:01:54] step 5550/11249 | avg train loss 1.2048 top1 0.8009 top5 0.9783
    [22:03:03] step 5600/11249 | avg train loss 1.2043 top1 0.8009 top5 0.9784
    [22:04:13] step 5650/11249 | avg train loss 1.2044 top1 0.8008 top5 0.9784
    [22:05:22] step 5700/11249 | avg train loss 1.2039 top1 0.8012 top5 0.9784
    [22:06:32] step 5750/11249 | avg train loss 1.2048 top1 0.8008 top5 0.9783
    [22:07:42] step 5800/11249 | avg train loss 1.2051 top1 0.8009 top5 0.9782
    [22:08:51] step 5850/11249 | avg train loss 1.2049 top1 0.8010 top5 0.9783
    [22:10:01] step 5900/11249 | avg train loss 1.2051 top1 0.8009 top5 0.9783
    [22:11:11] step 5950/11249 | avg train loss 1.2048 top1 0.8013 top5 0.9782
    [22:12:20] step 6000/11249 | avg train loss 1.2047 top1 0.8011 top5 0.9783
    [22:13:30] step 6050/11249 | avg train loss 1.2041 top1 0.8014 top5 0.9783
    [22:14:39] step 6100/11249 | avg train loss 1.2047 top1 0.8014 top5 0.9782
    [22:15:49] step 6150/11249 | avg train loss 1.2048 top1 0.8013 top5 0.9782
    [22:16:59] step 6200/11249 | avg train loss 1.2054 top1 0.8008 top5 0.9781
    [22:18:08] step 6250/11249 | avg train loss 1.2062 top1 0.8005 top5 0.9780
    [22:19:18] step 6300/11249 | avg train loss 1.2067 top1 0.8005 top5 0.9780
    [22:20:27] step 6350/11249 | avg train loss 1.2070 top1 0.8006 top5 0.9780
    [22:21:37] step 6400/11249 | avg train loss 1.2069 top1 0.8008 top5 0.9779
    [22:22:47] step 6450/11249 | avg train loss 1.2074 top1 0.8004 top5 0.9779
    [22:23:56] step 6500/11249 | avg train loss 1.2082 top1 0.8002 top5 0.9777
    [22:25:06] step 6550/11249 | avg train loss 1.2085 top1 0.8001 top5 0.9777
    [22:26:15] step 6600/11249 | avg train loss 1.2091 top1 0.7998 top5 0.9776
    [22:27:24] step 6650/11249 | avg train loss 1.2094 top1 0.7995 top5 0.9777
    [22:28:34] step 6700/11249 | avg train loss 1.2093 top1 0.7998 top5 0.9777
    [22:29:41] step 6750/11249 | avg train loss 1.2099 top1 0.7998 top5 0.9776
    [22:30:51] step 6800/11249 | avg train loss 1.2101 top1 0.7997 top5 0.9776
    [22:32:01] step 6850/11249 | avg train loss 1.2103 top1 0.7996 top5 0.9775
    [22:33:10] step 6900/11249 | avg train loss 1.2104 top1 0.7995 top5 0.9774
    [22:34:20] step 6950/11249 | avg train loss 1.2103 top1 0.7995 top5 0.9774
    [22:35:29] step 7000/11249 | avg train loss 1.2107 top1 0.7995 top5 0.9774
    [22:36:39] step 7050/11249 | avg train loss 1.2106 top1 0.7994 top5 0.9774
    [22:37:49] step 7100/11249 | avg train loss 1.2110 top1 0.7994 top5 0.9773
    [22:38:58] step 7150/11249 | avg train loss 1.2115 top1 0.7991 top5 0.9772
    [22:40:08] step 7200/11249 | avg train loss 1.2107 top1 0.7995 top5 0.9773
    [22:41:18] step 7250/11249 | avg train loss 1.2118 top1 0.7991 top5 0.9773
    [22:42:27] step 7300/11249 | avg train loss 1.2127 top1 0.7986 top5 0.9773
    [22:43:37] step 7350/11249 | avg train loss 1.2132 top1 0.7985 top5 0.9772
    [22:44:47] step 7400/11249 | avg train loss 1.2129 top1 0.7987 top5 0.9773
    [22:45:56] step 7450/11249 | avg train loss 1.2126 top1 0.7990 top5 0.9773
    [22:47:06] step 7500/11249 | avg train loss 1.2124 top1 0.7993 top5 0.9773
    [22:48:16] step 7550/11249 | avg train loss 1.2125 top1 0.7993 top5 0.9773
    [22:49:26] step 7600/11249 | avg train loss 1.2127 top1 0.7991 top5 0.9773
    [22:50:35] step 7650/11249 | avg train loss 1.2122 top1 0.7992 top5 0.9773
    [22:51:45] step 7700/11249 | avg train loss 1.2122 top1 0.7993 top5 0.9774
    [22:52:55] step 7750/11249 | avg train loss 1.2123 top1 0.7990 top5 0.9775
    [22:54:05] step 7800/11249 | avg train loss 1.2122 top1 0.7990 top5 0.9774
    [22:55:15] step 7850/11249 | avg train loss 1.2125 top1 0.7988 top5 0.9774
    [22:56:25] step 7900/11249 | avg train loss 1.2128 top1 0.7985 top5 0.9773
    [22:57:34] step 7950/11249 | avg train loss 1.2126 top1 0.7986 top5 0.9773
    [22:58:44] step 8000/11249 | avg train loss 1.2138 top1 0.7981 top5 0.9772
    [22:59:53] step 8050/11249 | avg train loss 1.2141 top1 0.7980 top5 0.9773
    [23:01:02] step 8100/11249 | avg train loss 1.2141 top1 0.7979 top5 0.9774
    [23:02:12] step 8150/11249 | avg train loss 1.2144 top1 0.7978 top5 0.9775
    [23:03:22] step 8200/11249 | avg train loss 1.2147 top1 0.7978 top5 0.9773
    [23:04:32] step 8250/11249 | avg train loss 1.2145 top1 0.7980 top5 0.9774
    [23:05:41] step 8300/11249 | avg train loss 1.2145 top1 0.7978 top5 0.9774
    [23:06:51] step 8350/11249 | avg train loss 1.2146 top1 0.7978 top5 0.9775
    [23:08:01] step 8400/11249 | avg train loss 1.2147 top1 0.7977 top5 0.9775
    [23:09:11] step 8450/11249 | avg train loss 1.2157 top1 0.7972 top5 0.9772
    [23:10:21] step 8500/11249 | avg train loss 1.2151 top1 0.7976 top5 0.9774
    [23:11:30] step 8550/11249 | avg train loss 1.2152 top1 0.7975 top5 0.9773
    [23:12:40] step 8600/11249 | avg train loss 1.2159 top1 0.7973 top5 0.9772
    [23:13:50] step 8650/11249 | avg train loss 1.2164 top1 0.7969 top5 0.9772
    [23:15:00] step 8700/11249 | avg train loss 1.2163 top1 0.7970 top5 0.9772
    [23:16:10] step 8750/11249 | avg train loss 1.2158 top1 0.7973 top5 0.9773
    [23:17:19] step 8800/11249 | avg train loss 1.2162 top1 0.7970 top5 0.9772
    [23:18:29] step 8850/11249 | avg train loss 1.2164 top1 0.7968 top5 0.9772
    [23:19:39] step 8900/11249 | avg train loss 1.2159 top1 0.7968 top5 0.9773
    [23:20:49] step 8950/11249 | avg train loss 1.2157 top1 0.7969 top5 0.9772
    [23:21:58] step 9000/11249 | avg train loss 1.2160 top1 0.7966 top5 0.9773
    [23:23:08] step 9050/11249 | avg train loss 1.2163 top1 0.7965 top5 0.9772
    [23:24:18] step 9100/11249 | avg train loss 1.2164 top1 0.7965 top5 0.9772
    [23:25:28] step 9150/11249 | avg train loss 1.2162 top1 0.7966 top5 0.9771
    [23:26:38] step 9200/11249 | avg train loss 1.2159 top1 0.7967 top5 0.9771
    [23:27:48] step 9250/11249 | avg train loss 1.2161 top1 0.7967 top5 0.9770
    [23:28:57] step 9300/11249 | avg train loss 1.2167 top1 0.7965 top5 0.9769
    [23:30:07] step 9350/11249 | avg train loss 1.2166 top1 0.7964 top5 0.9769
    [23:31:16] step 9400/11249 | avg train loss 1.2168 top1 0.7965 top5 0.9769
    [23:32:26] step 9450/11249 | avg train loss 1.2173 top1 0.7964 top5 0.9768
    [23:33:35] step 9500/11249 | avg train loss 1.2176 top1 0.7963 top5 0.9768
    [23:34:45] step 9550/11249 | avg train loss 1.2176 top1 0.7964 top5 0.9768
    [23:35:55] step 9600/11249 | avg train loss 1.2176 top1 0.7965 top5 0.9768
    [23:37:05] step 9650/11249 | avg train loss 1.2182 top1 0.7963 top5 0.9768
    [23:38:14] step 9700/11249 | avg train loss 1.2184 top1 0.7962 top5 0.9769
    [23:39:24] step 9750/11249 | avg train loss 1.2183 top1 0.7963 top5 0.9769
    [23:40:34] step 9800/11249 | avg train loss 1.2182 top1 0.7963 top5 0.9770
    [23:41:44] step 9850/11249 | avg train loss 1.2183 top1 0.7963 top5 0.9770
    [23:42:54] step 9900/11249 | avg train loss 1.2185 top1 0.7962 top5 0.9769
    [23:44:03] step 9950/11249 | avg train loss 1.2182 top1 0.7963 top5 0.9769
    [23:45:13] step 10000/11249 | avg train loss 1.2187 top1 0.7962 top5 0.9768
    [23:46:23] step 10050/11249 | avg train loss 1.2188 top1 0.7962 top5 0.9767
    [23:47:33] step 10100/11249 | avg train loss 1.2189 top1 0.7962 top5 0.9767
    [23:48:43] step 10150/11249 | avg train loss 1.2191 top1 0.7959 top5 0.9768
    [23:49:53] step 10200/11249 | avg train loss 1.2197 top1 0.7957 top5 0.9767
    [23:51:03] step 10250/11249 | avg train loss 1.2198 top1 0.7956 top5 0.9767
    [23:52:13] step 10300/11249 | avg train loss 1.2206 top1 0.7952 top5 0.9766
    [23:53:22] step 10350/11249 | avg train loss 1.2212 top1 0.7947 top5 0.9765
    [23:54:32] step 10400/11249 | avg train loss 1.2213 top1 0.7945 top5 0.9765
    [23:55:42] step 10450/11249 | avg train loss 1.2217 top1 0.7944 top5 0.9766
    [23:56:52] step 10500/11249 | avg train loss 1.2219 top1 0.7944 top5 0.9766
    [23:58:02] step 10550/11249 | avg train loss 1.2217 top1 0.7943 top5 0.9766
    [23:59:12] step 10600/11249 | avg train loss 1.2222 top1 0.7942 top5 0.9766
    [00:00:21] step 10650/11249 | avg train loss 1.2224 top1 0.7941 top5 0.9766
    [00:01:31] step 10700/11249 | avg train loss 1.2221 top1 0.7943 top5 0.9767
    [00:02:39] step 10750/11249 | avg train loss 1.2223 top1 0.7943 top5 0.9767
    [00:03:49] step 10800/11249 | avg train loss 1.2225 top1 0.7944 top5 0.9766
    [00:04:59] step 10850/11249 | avg train loss 1.2231 top1 0.7941 top5 0.9765
    [00:06:08] step 10900/11249 | avg train loss 1.2230 top1 0.7941 top5 0.9765
    [00:07:18] step 10950/11249 | avg train loss 1.2234 top1 0.7939 top5 0.9764
    [00:08:28] step 11000/11249 | avg train loss 1.2233 top1 0.7940 top5 0.9764
    [00:09:38] step 11050/11249 | avg train loss 1.2237 top1 0.7937 top5 0.9764
    [00:10:48] step 11100/11249 | avg train loss 1.2240 top1 0.7935 top5 0.9764
    [00:11:58] step 11150/11249 | avg train loss 1.2238 top1 0.7937 top5 0.9764
    [00:13:08] step 11200/11249 | avg train loss 1.2240 top1 0.7935 top5 0.9764
    [00:14:15] step 11249/11249 | avg train loss 1.2242 top1 0.7935 top5 0.9763

[resume] 2026-05-26T11:10:29+02:00 host=sole expt=track_b_dinov3_attnprobe_lora16f resume_from=checkpoints/track_b/dinov3_attnprobe_lora16f.last.pt extras=none
model:
  name: dinov3_video
  pretrained: true
  num_classes: ${num_classes}
  hf_repo: facebook/dinov2-large
  head_type: attentive
  head_num_heads: 8
  head_num_queries: 1
  head_dropout: 0.0
  lora_enabled: true
  lora_r: 16
  lora_alpha: 32
  lora_dropout: 0.05
  lora_target_modules:
  - query
  - key
  - value
  - dense
  freeze_backbone: true
  attn_implementation: sdpa
dataset:
  root: ${hydra:runtime.cwd}/data
  train_dir: ${dataset.root}/train
  val_dir: ${dataset.root}/val
  test_dir: ${dataset.root}/test
  augmented_dirs: []
  test_manifest: null
  submission_output: ${hydra:runtime.cwd}/submissions/track_a.csv
  num_frames: 16
  frame_upsample_mode: cycle
  val_ratio: 0.2
  use_official_val: true
  include_val_in_train: false
  official_val_holdout_ratio: 0.0
  seed: ${seed}
  use_extra: false
  train_extra_dir: ${dataset.root}/train_extra
  max_samples: null
  max_samples_per_class: null
  image_size: 224
  time_reversal_prob: 0.0
  temporal_reversal_augment:
    enabled: false
    prob: 0.5
  class_boosting:
    enabled: false
training:
  batch_size: 4
  lr: 0.0005
  epochs: 15
  num_workers: 2
  checkpoint_path: checkpoints/track_b/dinov3_attnprobe_lora16f.pt
  resume_from: checkpoints/track_b/dinov3_attnprobe_lora16f.last.pt
  lora_lr: 0.0001
  lora_lr_ratio: 0.25
  motion_lr: null
  motion_lr_ratio: null
  resume_apply_cfg_lr: false
  amp: true
  device: cuda
  optimizer: adamw
  momentum: 0.9
  nesterov: false
  weight_decay: 0.05
  scheduler_cosine: true
  warmup_epochs: 1
  min_lr: 1.0e-05
  label_smoothing: 0.1
  videomix_alpha: 0.0
  videomix_prob: 1.0
  videomix_mode: cube_cutmix
  videomix_mixup_alpha: null
  videomix_cutmix_alpha: null
  videomix_switch_prob: 0.5
  layer_decay: null
  repeated_aug: 1
  grad_accum_steps: 1
  amp_dtype: float16
  scheduler: none
  sgdr_T0: 30
  sgdr_save_snapshots: false
  early_stopping_enabled: false
  early_stopping_patience: 10
  early_stopping_min_delta: 0.0
  log_interval_steps: 50
  ema_enabled: true
  ema_decay: 0.999
  eval_every_n_epochs: 1
  eval_ema: true
  save_last_checkpoint: true
  last_checkpoint_path: null
  resume_reset_scheduler: false
  continuation_warmup_epochs: 0
  continuation_rewarm_lr: false
  continuation_peak_lr_ratio: 0.4
  tta: false
  tta_flip: false
  tta_temporal_shift: 0
  tta_scales:
  - 0.875
  - 1.0
  - 1.125
  tta_logit_adjust: 0.0
  class_balance_sampler: none
  class_balance_loss: none
  class_balance_beta: 0.999
  wandb:
    enabled: false
    project: null
    entity: null
    name: null
    run_name: null
    tags: []
    mode: null
    log_interval_epochs: 1
augment:
  name: none
  random_horizontal_flip: false
  random_crop: false
  crop_padding: 0
  color_jitter: false
  color_jitter_brightness: 0.0
  color_jitter_contrast: 0.0
  color_jitter_saturation: 0.0
  color_jitter_hue: 0.0
  random_grayscale: false
  random_grayscale_prob: 0.0
  gaussian_blur: false
  gaussian_blur_prob: 0.0
  gaussian_blur_radius_min: 0.1
  gaussian_blur_radius_max: 2.0
pretrain:
  epochs: 100
  batch_size: 64
  lr: 0.0005
  weight_decay: 0.04
  log_interval_steps: 50
  checkpoint_path: ${hydra:runtime.cwd}/ssl_trunk.pt
  max_frames: null
  image_size: 224
  local_image_size: 96
  num_local_views: 6
  out_dim: 4096
  hidden_dim: 2048
  bottleneck_dim: 256
  n_layers: 3
  teacher_temp: 0.04
  student_temp: 0.1
  center_momentum: 0.9
  teacher_momentum_base: 0.996
  teacher_momentum_final: 1.0
test:
  num_segment: 1
  num_crop: 1
  flip_tta: false
track:
  name: a
  description: 'Closed-world track: train from scratch.'
num_classes: 33
seed: 42

[cuda] cache emptied (run-start). Free: 23.18 / 23.54 GiB
[data] use_official_val=true: train=44993 (train_dir=44993), val=6745 (from /Data/thomas.turkieh/smth2smth/data/val)
[2026-05-26 11:10:36,491][httpx][INFO] - HTTP Request: HEAD https://huggingface.co/facebook/dinov2-large/resolve/main/config.json "HTTP/1.1 307 Temporary Redirect"
[2026-05-26 11:10:36,496][httpx][INFO] - HTTP Request: HEAD https://huggingface.co/api/resolve-cache/models/facebook/dinov2-large/47b73eefe95e8d44ec3623f8890bd894b6ea2d6c/config.json "HTTP/1.1 200 OK"
[2026-05-26 11:10:36,683][httpx][INFO] - HTTP Request: HEAD https://huggingface.co/facebook/dinov2-large/resolve/main/config.json "HTTP/1.1 307 Temporary Redirect"
[2026-05-26 11:10:36,688][httpx][INFO] - HTTP Request: HEAD https://huggingface.co/api/resolve-cache/models/facebook/dinov2-large/47b73eefe95e8d44ec3623f8890bd894b6ea2d6c/config.json "HTTP/1.1 200 OK"
Loading weights:   0%|          | 0/439 [00:00<?, ?it/s]Loading weights: 100%|██████████| 439/439 [00:00<00:00, 8891.39it/s]
[model] freeze_backbone ignored (only supported for video_mae_vit).
[optim] two param groups: head lr=0.0005 (n=9), lora lr=0.0001 (n=192)
[optim] trainable 7,381,025 / total 311,749,665 params (2.37%)
[amp] mixed-precision (torch.float16 + GradScaler) enabled.
[ema] enabled (decay=0.999); will eval both live and EMA each epoch.
Resuming from checkpoint: /Data/thomas.turkieh/smth2smth/checkpoints/track_b/dinov3_attnprobe_lora16f.last.pt
  Resumed at epoch 3/15; best val top1 so far = 0.5970
  Optimizer state restored from checkpoint.
  Cosine scheduler state restored; resumed LR=0.000475737
  GradScaler state restored from checkpoint.
  LR after resume: head=0.000475737, lora=9.55436e-05 (cosine will step after each train epoch).
    [11:11:11] step 50/11249 | avg train loss 1.2281 top1 0.7900 top5 0.9900
    [11:11:45] step 100/11249 | avg train loss 1.2343 top1 0.8000 top5 0.9750
    [11:12:18] step 150/11249 | avg train loss 1.2498 top1 0.8017 top5 0.9767
    [11:12:52] step 200/11249 | avg train loss 1.2224 top1 0.8113 top5 0.9775
    [11:13:26] step 250/11249 | avg train loss 1.2193 top1 0.8100 top5 0.9780
    [11:13:59] step 300/11249 | avg train loss 1.2168 top1 0.8100 top5 0.9767
    [11:14:33] step 350/11249 | avg train loss 1.2083 top1 0.8100 top5 0.9779
    [11:15:07] step 400/11249 | avg train loss 1.2058 top1 0.8125 top5 0.9762
    [11:15:40] step 450/11249 | avg train loss 1.2053 top1 0.8083 top5 0.9767
    [11:16:14] step 500/11249 | avg train loss 1.1931 top1 0.8140 top5 0.9785
    [11:16:48] step 550/11249 | avg train loss 1.1909 top1 0.8182 top5 0.9795
    [11:17:22] step 600/11249 | avg train loss 1.2012 top1 0.8154 top5 0.9775
    [11:17:55] step 650/11249 | avg train loss 1.1970 top1 0.8158 top5 0.9785
    [11:18:29] step 700/11249 | avg train loss 1.2013 top1 0.8121 top5 0.9786
    [11:19:02] step 750/11249 | avg train loss 1.2044 top1 0.8097 top5 0.9790
    [11:19:36] step 800/11249 | avg train loss 1.2024 top1 0.8122 top5 0.9781
    [11:20:10] step 850/11249 | avg train loss 1.2084 top1 0.8076 top5 0.9782
    [11:20:43] step 900/11249 | avg train loss 1.2101 top1 0.8058 top5 0.9792
    [11:21:17] step 950/11249 | avg train loss 1.2075 top1 0.8071 top5 0.9795
    [11:21:51] step 1000/11249 | avg train loss 1.2101 top1 0.8063 top5 0.9798
    [11:22:24] step 1050/11249 | avg train loss 1.2091 top1 0.8060 top5 0.9800
    [11:22:58] step 1100/11249 | avg train loss 1.2083 top1 0.8059 top5 0.9798
    [11:23:32] step 1150/11249 | avg train loss 1.2084 top1 0.8065 top5 0.9798
    [11:24:05] step 1200/11249 | avg train loss 1.2085 top1 0.8056 top5 0.9798
    [11:24:39] step 1250/11249 | avg train loss 1.2105 top1 0.8044 top5 0.9796
    [11:25:12] step 1300/11249 | avg train loss 1.2096 top1 0.8037 top5 0.9802
    [11:25:46] step 1350/11249 | avg train loss 1.2098 top1 0.8019 top5 0.9802
    [11:26:20] step 1400/11249 | avg train loss 1.2078 top1 0.8029 top5 0.9802
    [11:26:53] step 1450/11249 | avg train loss 1.2070 top1 0.8024 top5 0.9802
    [11:27:27] step 1500/11249 | avg train loss 1.2090 top1 0.8017 top5 0.9798
    [11:28:01] step 1550/11249 | avg train loss 1.2069 top1 0.8026 top5 0.9800
    [11:28:34] step 1600/11249 | avg train loss 1.2066 top1 0.8028 top5 0.9798
    [11:29:08] step 1650/11249 | avg train loss 1.2089 top1 0.8020 top5 0.9797
    [11:29:42] step 1700/11249 | avg train loss 1.2114 top1 0.8013 top5 0.9791
    [11:30:15] step 1750/11249 | avg train loss 1.2120 top1 0.8014 top5 0.9789
    [11:30:49] step 1800/11249 | avg train loss 1.2114 top1 0.8021 top5 0.9790
    [11:31:22] step 1850/11249 | avg train loss 1.2073 top1 0.8038 top5 0.9795
    [11:31:56] step 1900/11249 | avg train loss 1.2062 top1 0.8050 top5 0.9795
    [11:32:30] step 1950/11249 | avg train loss 1.2050 top1 0.8051 top5 0.9794
    [11:33:03] step 2000/11249 | avg train loss 1.2054 top1 0.8057 top5 0.9789
    [11:33:37] step 2050/11249 | avg train loss 1.2062 top1 0.8055 top5 0.9789
    [11:34:11] step 2100/11249 | avg train loss 1.2063 top1 0.8051 top5 0.9789
    [11:34:44] step 2150/11249 | avg train loss 1.2061 top1 0.8055 top5 0.9790
    [11:35:18] step 2200/11249 | avg train loss 1.2072 top1 0.8050 top5 0.9788
    [11:35:52] step 2250/11249 | avg train loss 1.2095 top1 0.8040 top5 0.9786
    [11:36:25] step 2300/11249 | avg train loss 1.2083 top1 0.8049 top5 0.9785
    [11:36:59] step 2350/11249 | avg train loss 1.2092 top1 0.8044 top5 0.9787
    [11:37:33] step 2400/11249 | avg train loss 1.2099 top1 0.8039 top5 0.9784
    [11:38:06] step 2450/11249 | avg train loss 1.2126 top1 0.8032 top5 0.9780
    [11:38:40] step 2500/11249 | avg train loss 1.2131 top1 0.8028 top5 0.9779
    [11:39:13] step 2550/11249 | avg train loss 1.2119 top1 0.8032 top5 0.9779
    [11:39:47] step 2600/11249 | avg train loss 1.2122 top1 0.8026 top5 0.9780
    [11:40:21] step 2650/11249 | avg train loss 1.2122 top1 0.8023 top5 0.9778
    [11:40:54] step 2700/11249 | avg train loss 1.2102 top1 0.8032 top5 0.9781
    [11:41:28] step 2750/11249 | avg train loss 1.2096 top1 0.8033 top5 0.9783
    [11:42:02] step 2800/11249 | avg train loss 1.2080 top1 0.8037 top5 0.9784
    [11:42:35] step 2850/11249 | avg train loss 1.2084 top1 0.8032 top5 0.9784
    [11:43:09] step 2900/11249 | avg train loss 1.2112 top1 0.8021 top5 0.9782
    [11:43:43] step 2950/11249 | avg train loss 1.2117 top1 0.8019 top5 0.9785
    [11:44:16] step 3000/11249 | avg train loss 1.2102 top1 0.8023 top5 0.9787
    [11:44:50] step 3050/11249 | avg train loss 1.2094 top1 0.8025 top5 0.9788
    [11:45:23] step 3100/11249 | avg train loss 1.2102 top1 0.8025 top5 0.9786
    [11:45:57] step 3150/11249 | avg train loss 1.2099 top1 0.8025 top5 0.9787
    [11:46:31] step 3200/11249 | avg train loss 1.2102 top1 0.8023 top5 0.9784
    [11:47:04] step 3250/11249 | avg train loss 1.2101 top1 0.8023 top5 0.9783
    [11:47:38] step 3300/11249 | avg train loss 1.2100 top1 0.8021 top5 0.9784
    [11:48:12] step 3350/11249 | avg train loss 1.2096 top1 0.8020 top5 0.9787
    [11:48:45] step 3400/11249 | avg train loss 1.2096 top1 0.8019 top5 0.9788
    [11:49:19] step 3450/11249 | avg train loss 1.2088 top1 0.8019 top5 0.9790
    [11:49:53] step 3500/11249 | avg train loss 1.2082 top1 0.8022 top5 0.9790
    [11:50:26] step 3550/11249 | avg train loss 1.2084 top1 0.8020 top5 0.9789
    [11:51:00] step 3600/11249 | avg train loss 1.2069 top1 0.8027 top5 0.9790
    [11:51:34] step 3650/11249 | avg train loss 1.2076 top1 0.8023 top5 0.9790
    [11:52:07] step 3700/11249 | avg train loss 1.2078 top1 0.8026 top5 0.9789
    [11:52:41] step 3750/11249 | avg train loss 1.2076 top1 0.8023 top5 0.9789
    [11:53:15] step 3800/11249 | avg train loss 1.2084 top1 0.8021 top5 0.9788
    [11:53:48] step 3850/11249 | avg train loss 1.2080 top1 0.8027 top5 0.9787
    [11:54:22] step 3900/11249 | avg train loss 1.2081 top1 0.8029 top5 0.9785
    [11:54:55] step 3950/11249 | avg train loss 1.2072 top1 0.8033 top5 0.9785
    [11:55:29] step 4000/11249 | avg train loss 1.2076 top1 0.8032 top5 0.9786
    [11:56:03] step 4050/11249 | avg train loss 1.2072 top1 0.8033 top5 0.9785
    [11:56:36] step 4100/11249 | avg train loss 1.2077 top1 0.8033 top5 0.9782
    [11:57:10] step 4150/11249 | avg train loss 1.2072 top1 0.8033 top5 0.9784
    [11:57:44] step 4200/11249 | avg train loss 1.2066 top1 0.8032 top5 0.9785
    [11:58:17] step 4250/11249 | avg train loss 1.2072 top1 0.8027 top5 0.9785
    [11:58:51] step 4300/11249 | avg train loss 1.2064 top1 0.8033 top5 0.9786
    [11:59:25] step 4350/11249 | avg train loss 1.2069 top1 0.8029 top5 0.9786
    [11:59:58] step 4400/11249 | avg train loss 1.2072 top1 0.8028 top5 0.9788
    [12:00:32] step 4450/11249 | avg train loss 1.2075 top1 0.8024 top5 0.9789
    [12:01:06] step 4500/11249 | avg train loss 1.2081 top1 0.8019 top5 0.9789
    [12:01:39] step 4550/11249 | avg train loss 1.2083 top1 0.8019 top5 0.9790
    [12:02:13] step 4600/11249 | avg train loss 1.2089 top1 0.8021 top5 0.9788
    [12:02:47] step 4650/11249 | avg train loss 1.2096 top1 0.8017 top5 0.9788
    [12:03:20] step 4700/11249 | avg train loss 1.2097 top1 0.8017 top5 0.9788
    [12:03:54] step 4750/11249 | avg train loss 1.2089 top1 0.8021 top5 0.9790
    [12:04:28] step 4800/11249 | avg train loss 1.2088 top1 0.8021 top5 0.9790
    [12:05:01] step 4850/11249 | avg train loss 1.2094 top1 0.8017 top5 0.9789
    [12:05:35] step 4900/11249 | avg train loss 1.2096 top1 0.8015 top5 0.9789
    [12:06:09] step 4950/11249 | avg train loss 1.2095 top1 0.8016 top5 0.9790
    [12:06:42] step 5000/11249 | avg train loss 1.2088 top1 0.8019 top5 0.9790
    [12:07:16] step 5050/11249 | avg train loss 1.2087 top1 0.8018 top5 0.9790
    [12:07:50] step 5100/11249 | avg train loss 1.2087 top1 0.8018 top5 0.9791
    [12:08:23] step 5150/11249 | avg train loss 1.2090 top1 0.8016 top5 0.9791
    [12:08:57] step 5200/11249 | avg train loss 1.2086 top1 0.8014 top5 0.9792
    [12:09:31] step 5250/11249 | avg train loss 1.2079 top1 0.8017 top5 0.9792
    [12:10:04] step 5300/11249 | avg train loss 1.2081 top1 0.8015 top5 0.9793
    [12:10:38] step 5350/11249 | avg train loss 1.2083 top1 0.8015 top5 0.9793
    [12:11:12] step 5400/11249 | avg train loss 1.2085 top1 0.8012 top5 0.9793
    [12:11:45] step 5450/11249 | avg train loss 1.2089 top1 0.8010 top5 0.9792
    [12:12:19] step 5500/11249 | avg train loss 1.2090 top1 0.8011 top5 0.9791
    [12:12:53] step 5550/11249 | avg train loss 1.2081 top1 0.8017 top5 0.9791
    [12:13:26] step 5600/11249 | avg train loss 1.2086 top1 0.8013 top5 0.9791
    [12:14:00] step 5650/11249 | avg train loss 1.2094 top1 0.8011 top5 0.9790
    [12:14:34] step 5700/11249 | avg train loss 1.2095 top1 0.8010 top5 0.9791
    [12:15:07] step 5750/11249 | avg train loss 1.2096 top1 0.8012 top5 0.9790
    [12:15:41] step 5800/11249 | avg train loss 1.2095 top1 0.8009 top5 0.9791
    [12:16:14] step 5850/11249 | avg train loss 1.2091 top1 0.8009 top5 0.9791
    [12:16:48] step 5900/11249 | avg train loss 1.2089 top1 0.8011 top5 0.9791
    [12:17:22] step 5950/11249 | avg train loss 1.2095 top1 0.8007 top5 0.9791
    [12:17:55] step 6000/11249 | avg train loss 1.2085 top1 0.8013 top5 0.9792
    [12:18:29] step 6050/11249 | avg train loss 1.2082 top1 0.8014 top5 0.9791
    [12:19:03] step 6100/11249 | avg train loss 1.2083 top1 0.8014 top5 0.9790
    [12:19:36] step 6150/11249 | avg train loss 1.2080 top1 0.8014 top5 0.9789
    [12:20:10] step 6200/11249 | avg train loss 1.2069 top1 0.8018 top5 0.9790
    [12:20:44] step 6250/11249 | avg train loss 1.2072 top1 0.8018 top5 0.9789
    [12:21:17] step 6300/11249 | avg train loss 1.2073 top1 0.8015 top5 0.9788
    [12:21:51] step 6350/11249 | avg train loss 1.2072 top1 0.8014 top5 0.9788
    [12:22:25] step 6400/11249 | avg train loss 1.2063 top1 0.8016 top5 0.9789
    [12:22:58] step 6450/11249 | avg train loss 1.2067 top1 0.8014 top5 0.9788
    [12:23:32] step 6500/11249 | avg train loss 1.2061 top1 0.8015 top5 0.9788
    [12:24:06] step 6550/11249 | avg train loss 1.2060 top1 0.8016 top5 0.9788
    [12:24:39] step 6600/11249 | avg train loss 1.2057 top1 0.8019 top5 0.9789
    [12:25:13] step 6650/11249 | avg train loss 1.2049 top1 0.8023 top5 0.9790
    [12:25:46] step 6700/11249 | avg train loss 1.2057 top1 0.8019 top5 0.9788
    [12:26:20] step 6750/11249 | avg train loss 1.2048 top1 0.8022 top5 0.9789
    [12:26:54] step 6800/11249 | avg train loss 1.2048 top1 0.8025 top5 0.9789
    [12:27:27] step 6850/11249 | avg train loss 1.2045 top1 0.8027 top5 0.9788
    [12:28:01] step 6900/11249 | avg train loss 1.2044 top1 0.8027 top5 0.9789
    [12:28:35] step 6950/11249 | avg train loss 1.2044 top1 0.8027 top5 0.9788
    [12:29:08] step 7000/11249 | avg train loss 1.2043 top1 0.8029 top5 0.9789
    [12:29:42] step 7050/11249 | avg train loss 1.2045 top1 0.8028 top5 0.9789
    [12:30:16] step 7100/11249 | avg train loss 1.2052 top1 0.8026 top5 0.9787
    [12:30:49] step 7150/11249 | avg train loss 1.2055 top1 0.8027 top5 0.9786
    [12:31:23] step 7200/11249 | avg train loss 1.2056 top1 0.8028 top5 0.9786
    [12:31:57] step 7250/11249 | avg train loss 1.2056 top1 0.8028 top5 0.9787
    [12:32:30] step 7300/11249 | avg train loss 1.2057 top1 0.8027 top5 0.9787
    [12:33:04] step 7350/11249 | avg train loss 1.2055 top1 0.8027 top5 0.9787
    [12:33:38] step 7400/11249 | avg train loss 1.2053 top1 0.8026 top5 0.9786
    [12:34:11] step 7450/11249 | avg train loss 1.2049 top1 0.8028 top5 0.9787
    [12:34:45] step 7500/11249 | avg train loss 1.2047 top1 0.8030 top5 0.9787
    [12:35:18] step 7550/11249 | avg train loss 1.2050 top1 0.8029 top5 0.9787
    [12:35:52] step 7600/11249 | avg train loss 1.2046 top1 0.8029 top5 0.9788
    [12:36:26] step 7650/11249 | avg train loss 1.2043 top1 0.8031 top5 0.9787
    [12:36:59] step 7700/11249 | avg train loss 1.2045 top1 0.8032 top5 0.9787
    [12:37:33] step 7750/11249 | avg train loss 1.2049 top1 0.8030 top5 0.9786
    [12:38:07] step 7800/11249 | avg train loss 1.2047 top1 0.8033 top5 0.9786
    [12:38:40] step 7850/11249 | avg train loss 1.2040 top1 0.8035 top5 0.9786
    [12:39:14] step 7900/11249 | avg train loss 1.2039 top1 0.8037 top5 0.9786
    [12:39:48] step 7950/11249 | avg train loss 1.2039 top1 0.8036 top5 0.9786
    [12:40:21] step 8000/11249 | avg train loss 1.2034 top1 0.8039 top5 0.9786
    [12:40:55] step 8050/11249 | avg train loss 1.2036 top1 0.8038 top5 0.9786
    [12:41:29] step 8100/11249 | avg train loss 1.2037 top1 0.8038 top5 0.9786
    [12:42:02] step 8150/11249 | avg train loss 1.2031 top1 0.8040 top5 0.9786
    [12:42:36] step 8200/11249 | avg train loss 1.2030 top1 0.8041 top5 0.9787
    [12:43:10] step 8250/11249 | avg train loss 1.2029 top1 0.8041 top5 0.9787
    [12:43:43] step 8300/11249 | avg train loss 1.2034 top1 0.8038 top5 0.9787
    [12:44:17] step 8350/11249 | avg train loss 1.2031 top1 0.8040 top5 0.9787
    [12:44:51] step 8400/11249 | avg train loss 1.2044 top1 0.8034 top5 0.9785
    [12:45:24] step 8450/11249 | avg train loss 1.2046 top1 0.8034 top5 0.9785
    [12:45:58] step 8500/11249 | avg train loss 1.2045 top1 0.8034 top5 0.9784
    [12:46:32] step 8550/11249 | avg train loss 1.2040 top1 0.8037 top5 0.9785
    [12:47:05] step 8600/11249 | avg train loss 1.2041 top1 0.8036 top5 0.9785
    [12:47:39] step 8650/11249 | avg train loss 1.2040 top1 0.8038 top5 0.9785
    [12:48:13] step 8700/11249 | avg train loss 1.2036 top1 0.8039 top5 0.9785
    [12:48:46] step 8750/11249 | avg train loss 1.2035 top1 0.8039 top5 0.9785
    [12:49:20] step 8800/11249 | avg train loss 1.2033 top1 0.8040 top5 0.9786
    [12:49:54] step 8850/11249 | avg train loss 1.2029 top1 0.8040 top5 0.9786
    [12:50:27] step 8900/11249 | avg train loss 1.2029 top1 0.8040 top5 0.9787
    [12:51:01] step 8950/11249 | avg train loss 1.2026 top1 0.8042 top5 0.9787
    [12:51:35] step 9000/11249 | avg train loss 1.2029 top1 0.8041 top5 0.9788
    [12:52:08] step 9050/11249 | avg train loss 1.2028 top1 0.8041 top5 0.9788
    [12:52:42] step 9100/11249 | avg train loss 1.2025 top1 0.8042 top5 0.9789
    [12:53:16] step 9150/11249 | avg train loss 1.2025 top1 0.8042 top5 0.9789
    [12:53:49] step 9200/11249 | avg train loss 1.2023 top1 0.8043 top5 0.9790
    [12:54:23] step 9250/11249 | avg train loss 1.2021 top1 0.8045 top5 0.9789
    [12:54:56] step 9300/11249 | avg train loss 1.2020 top1 0.8047 top5 0.9790
    [12:55:30] step 9350/11249 | avg train loss 1.2020 top1 0.8045 top5 0.9791
    [12:56:04] step 9400/11249 | avg train loss 1.2019 top1 0.8045 top5 0.9791
    [12:56:37] step 9450/11249 | avg train loss 1.2018 top1 0.8047 top5 0.9791
    [12:57:11] step 9500/11249 | avg train loss 1.2022 top1 0.8044 top5 0.9791
    [12:57:45] step 9550/11249 | avg train loss 1.2027 top1 0.8041 top5 0.9790
    [12:58:18] step 9600/11249 | avg train loss 1.2025 top1 0.8042 top5 0.9791
    [12:58:52] step 9650/11249 | avg train loss 1.2024 top1 0.8044 top5 0.9790
    [12:59:26] step 9700/11249 | avg train loss 1.2022 top1 0.8044 top5 0.9790
    [12:59:59] step 9750/11249 | avg train loss 1.2026 top1 0.8041 top5 0.9790
    [13:00:33] step 9800/11249 | avg train loss 1.2020 top1 0.8045 top5 0.9791
    [13:01:07] step 9850/11249 | avg train loss 1.2015 top1 0.8046 top5 0.9792
    [13:01:40] step 9900/11249 | avg train loss 1.2019 top1 0.8043 top5 0.9791
    [13:02:14] step 9950/11249 | avg train loss 1.2016 top1 0.8044 top5 0.9792
    [13:02:48] step 10000/11249 | avg train loss 1.2012 top1 0.8046 top5 0.9793
    [13:03:21] step 10050/11249 | avg train loss 1.2008 top1 0.8047 top5 0.9793
    [13:03:55] step 10100/11249 | avg train loss 1.2010 top1 0.8046 top5 0.9792
    [13:04:28] step 10150/11249 | avg train loss 1.2010 top1 0.8046 top5 0.9792
    [13:05:02] step 10200/11249 | avg train loss 1.2008 top1 0.8047 top5 0.9792
    [13:05:36] step 10250/11249 | avg train loss 1.2006 top1 0.8047 top5 0.9791
    [13:06:09] step 10300/11249 | avg train loss 1.2009 top1 0.8046 top5 0.9791
    [13:06:43] step 10350/11249 | avg train loss 1.2005 top1 0.8048 top5 0.9791
    [13:07:17] step 10400/11249 | avg train loss 1.2007 top1 0.8047 top5 0.9791
    [13:07:50] step 10450/11249 | avg train loss 1.2011 top1 0.8046 top5 0.9790
    [13:08:24] step 10500/11249 | avg train loss 1.2007 top1 0.8048 top5 0.9790
    [13:08:58] step 10550/11249 | avg train loss 1.2009 top1 0.8049 top5 0.9790
    [13:09:31] step 10600/11249 | avg train loss 1.2008 top1 0.8048 top5 0.9790
    [13:10:05] step 10650/11249 | avg train loss 1.2010 top1 0.8048 top5 0.9790
    [13:10:39] step 10700/11249 | avg train loss 1.2009 top1 0.8048 top5 0.9790
    [13:11:12] step 10750/11249 | avg train loss 1.2009 top1 0.8047 top5 0.9790
    [13:11:46] step 10800/11249 | avg train loss 1.2007 top1 0.8048 top5 0.9790
    [13:12:20] step 10850/11249 | avg train loss 1.2005 top1 0.8050 top5 0.9791
    [13:12:53] step 10900/11249 | avg train loss 1.2006 top1 0.8048 top5 0.9790
    [13:13:27] step 10950/11249 | avg train loss 1.2006 top1 0.8046 top5 0.9791
    [13:14:01] step 11000/11249 | avg train loss 1.2005 top1 0.8047 top5 0.9791
    [13:14:34] step 11050/11249 | avg train loss 1.1998 top1 0.8050 top5 0.9791
    [13:15:08] step 11100/11249 | avg train loss 1.2001 top1 0.8049 top5 0.9791
    [13:15:42] step 11150/11249 | avg train loss 1.2002 top1 0.8049 top5 0.9791
    [13:16:15] step 11200/11249 | avg train loss 1.2001 top1 0.8049 top5 0.9791
    [13:16:48] step 11249/11249 | avg train loss 1.2005 top1 0.8049 top5 0.9791
Epoch 4/15 | train loss 1.2005 top1 0.8049 | val loss 1.6215 top1 0.5474 top5 0.8590 | ema val top1 0.5994 top5 0.8824
  Saved new best checkpoint (ema): /Data/thomas.turkieh/smth2smth/checkpoints/track_b/dinov3_attnprobe_lora16f.pt (val top1=0.5994)
    [13:33:16] step 50/11249 | avg train loss 1.0780 top1 0.8600 top5 0.9950
    [13:33:49] step 100/11249 | avg train loss 1.0681 top1 0.8625 top5 0.9950
    [13:34:23] step 150/11249 | avg train loss 1.0622 top1 0.8617 top5 0.9933
    [13:34:57] step 200/11249 | avg train loss 1.0597 top1 0.8600 top5 0.9950
    [13:35:30] step 250/11249 | avg train loss 1.0515 top1 0.8630 top5 0.9960
    [13:36:04] step 300/11249 | avg train loss 1.0544 top1 0.8575 top5 0.9950
    [13:36:38] step 350/11249 | avg train loss 1.0619 top1 0.8550 top5 0.9936
    [13:37:11] step 400/11249 | avg train loss 1.0589 top1 0.8525 top5 0.9938
    [13:37:45] step 450/11249 | avg train loss 1.0543 top1 0.8567 top5 0.9939
    [13:38:19] step 500/11249 | avg train loss 1.0556 top1 0.8570 top5 0.9940
    [13:38:52] step 550/11249 | avg train loss 1.0587 top1 0.8559 top5 0.9932
    [13:39:26] step 600/11249 | avg train loss 1.0640 top1 0.8538 top5 0.9925
    [13:40:00] step 650/11249 | avg train loss 1.0646 top1 0.8538 top5 0.9927
    [13:40:33] step 700/11249 | avg train loss 1.0617 top1 0.8546 top5 0.9932
    [13:41:07] step 750/11249 | avg train loss 1.0655 top1 0.8547 top5 0.9927
    [13:41:41] step 800/11249 | avg train loss 1.0646 top1 0.8538 top5 0.9928
    [13:42:14] step 850/11249 | avg train loss 1.0668 top1 0.8532 top5 0.9924
    [13:42:48] step 900/11249 | avg train loss 1.0695 top1 0.8536 top5 0.9917
    [13:43:22] step 950/11249 | avg train loss 1.0695 top1 0.8532 top5 0.9921
    [13:43:55] step 1000/11249 | avg train loss 1.0674 top1 0.8552 top5 0.9922
    [13:44:29] step 1050/11249 | avg train loss 1.0680 top1 0.8545 top5 0.9924
    [13:45:03] step 1100/11249 | avg train loss 1.0684 top1 0.8532 top5 0.9927
    [13:45:36] step 1150/11249 | avg train loss 1.0639 top1 0.8554 top5 0.9930
    [13:46:10] step 1200/11249 | avg train loss 1.0665 top1 0.8540 top5 0.9927
    [13:46:43] step 1250/11249 | avg train loss 1.0659 top1 0.8542 top5 0.9926
    [13:47:17] step 1300/11249 | avg train loss 1.0689 top1 0.8537 top5 0.9923
    [13:47:51] step 1350/11249 | avg train loss 1.0684 top1 0.8543 top5 0.9922
    [13:48:24] step 1400/11249 | avg train loss 1.0680 top1 0.8550 top5 0.9921
    [13:48:58] step 1450/11249 | avg train loss 1.0660 top1 0.8559 top5 0.9924
    [13:49:32] step 1500/11249 | avg train loss 1.0677 top1 0.8542 top5 0.9923
    [13:50:05] step 1550/11249 | avg train loss 1.0656 top1 0.8550 top5 0.9926
    [13:50:39] step 1600/11249 | avg train loss 1.0639 top1 0.8564 top5 0.9928
    [13:51:13] step 1650/11249 | avg train loss 1.0637 top1 0.8568 top5 0.9927
    [13:51:46] step 1700/11249 | avg train loss 1.0610 top1 0.8581 top5 0.9928
    [13:52:20] step 1750/11249 | avg train loss 1.0612 top1 0.8580 top5 0.9927
    [13:52:54] step 1800/11249 | avg train loss 1.0589 top1 0.8588 top5 0.9929
    [13:53:27] step 1850/11249 | avg train loss 1.0595 top1 0.8589 top5 0.9927
    [13:54:01] step 1900/11249 | avg train loss 1.0582 top1 0.8599 top5 0.9928
    [13:54:35] step 1950/11249 | avg train loss 1.0590 top1 0.8597 top5 0.9926
    [13:55:08] step 2000/11249 | avg train loss 1.0592 top1 0.8602 top5 0.9925
    [13:55:42] step 2050/11249 | avg train loss 1.0563 top1 0.8616 top5 0.9927
    [13:56:16] step 2100/11249 | avg train loss 1.0583 top1 0.8605 top5 0.9926
    [13:56:49] step 2150/11249 | avg train loss 1.0588 top1 0.8606 top5 0.9926
    [13:57:23] step 2200/11249 | avg train loss 1.0600 top1 0.8598 top5 0.9924
    [13:57:57] step 2250/11249 | avg train loss 1.0602 top1 0.8600 top5 0.9923
    [13:58:30] step 2300/11249 | avg train loss 1.0605 top1 0.8599 top5 0.9921
    [13:59:04] step 2350/11249 | avg train loss 1.0621 top1 0.8591 top5 0.9922
    [13:59:38] step 2400/11249 | avg train loss 1.0619 top1 0.8592 top5 0.9922
    [14:00:12] step 2450/11249 | avg train loss 1.0637 top1 0.8582 top5 0.9920
    [14:00:45] step 2500/11249 | avg train loss 1.0659 top1 0.8569 top5 0.9920
    [14:01:19] step 2550/11249 | avg train loss 1.0681 top1 0.8561 top5 0.9916
    [14:01:52] step 2600/11249 | avg train loss 1.0672 top1 0.8565 top5 0.9915
    [14:02:26] step 2650/11249 | avg train loss 1.0678 top1 0.8562 top5 0.9916
    [14:03:00] step 2700/11249 | avg train loss 1.0672 top1 0.8566 top5 0.9914
    [14:03:33] step 2750/11249 | avg train loss 1.0684 top1 0.8565 top5 0.9912
    [14:04:07] step 2800/11249 | avg train loss 1.0692 top1 0.8562 top5 0.9911
    [14:04:41] step 2850/11249 | avg train loss 1.0700 top1 0.8561 top5 0.9910
    [14:05:14] step 2900/11249 | avg train loss 1.0701 top1 0.8562 top5 0.9909
    [14:05:48] step 2950/11249 | avg train loss 1.0695 top1 0.8561 top5 0.9909
    [14:06:22] step 3000/11249 | avg train loss 1.0696 top1 0.8562 top5 0.9910
    [14:06:55] step 3050/11249 | avg train loss 1.0710 top1 0.8557 top5 0.9908
    [14:07:29] step 3100/11249 | avg train loss 1.0718 top1 0.8553 top5 0.9908
    [14:08:03] step 3150/11249 | avg train loss 1.0723 top1 0.8547 top5 0.9910
    [14:08:36] step 3200/11249 | avg train loss 1.0726 top1 0.8543 top5 0.9909
    [14:09:10] step 3250/11249 | avg train loss 1.0741 top1 0.8533 top5 0.9908
    [14:09:44] step 3300/11249 | avg train loss 1.0736 top1 0.8535 top5 0.9909
    [14:10:17] step 3350/11249 | avg train loss 1.0741 top1 0.8536 top5 0.9908
    [14:10:51] step 3400/11249 | avg train loss 1.0743 top1 0.8538 top5 0.9907
    [14:11:25] step 3450/11249 | avg train loss 1.0748 top1 0.8537 top5 0.9908
    [14:11:58] step 3500/11249 | avg train loss 1.0757 top1 0.8536 top5 0.9906
    [14:12:32] step 3550/11249 | avg train loss 1.0755 top1 0.8538 top5 0.9906
    [14:13:05] step 3600/11249 | avg train loss 1.0757 top1 0.8538 top5 0.9906
    [14:13:39] step 3650/11249 | avg train loss 1.0763 top1 0.8538 top5 0.9906
    [14:14:13] step 3700/11249 | avg train loss 1.0758 top1 0.8539 top5 0.9906
    [14:14:46] step 3750/11249 | avg train loss 1.0759 top1 0.8539 top5 0.9906
    [14:15:20] step 3800/11249 | avg train loss 1.0762 top1 0.8543 top5 0.9903
    [14:15:54] step 3850/11249 | avg train loss 1.0761 top1 0.8542 top5 0.9903
    [14:16:27] step 3900/11249 | avg train loss 1.0765 top1 0.8538 top5 0.9902
    [14:17:01] step 3950/11249 | avg train loss 1.0767 top1 0.8535 top5 0.9901
    [14:17:35] step 4000/11249 | avg train loss 1.0779 top1 0.8526 top5 0.9900
    [14:18:08] step 4050/11249 | avg train loss 1.0778 top1 0.8528 top5 0.9901
    [14:18:42] step 4100/11249 | avg train loss 1.0772 top1 0.8533 top5 0.9902
    [14:19:15] step 4150/11249 | avg train loss 1.0768 top1 0.8535 top5 0.9902
    [14:19:49] step 4200/11249 | avg train loss 1.0768 top1 0.8535 top5 0.9902
    [14:20:23] step 4250/11249 | avg train loss 1.0774 top1 0.8533 top5 0.9903
    [14:20:56] step 4300/11249 | avg train loss 1.0779 top1 0.8528 top5 0.9903
    [14:21:30] step 4350/11249 | avg train loss 1.0791 top1 0.8524 top5 0.9902
    [14:22:04] step 4400/11249 | avg train loss 1.0794 top1 0.8524 top5 0.9902
    [14:22:37] step 4450/11249 | avg train loss 1.0800 top1 0.8522 top5 0.9901
    [14:23:11] step 4500/11249 | avg train loss 1.0816 top1 0.8517 top5 0.9899
    [14:23:44] step 4550/11249 | avg train loss 1.0826 top1 0.8513 top5 0.9897
    [14:24:18] step 4600/11249 | avg train loss 1.0831 top1 0.8510 top5 0.9897
    [14:24:52] step 4650/11249 | avg train loss 1.0832 top1 0.8510 top5 0.9898
    [14:25:25] step 4700/11249 | avg train loss 1.0828 top1 0.8511 top5 0.9898
    [14:25:59] step 4750/11249 | avg train loss 1.0828 top1 0.8511 top5 0.9898
    [14:26:32] step 4800/11249 | avg train loss 1.0830 top1 0.8509 top5 0.9898
    [14:27:06] step 4850/11249 | avg train loss 1.0835 top1 0.8507 top5 0.9898
    [14:27:40] step 4900/11249 | avg train loss 1.0836 top1 0.8509 top5 0.9897
    [14:28:13] step 4950/11249 | avg train loss 1.0850 top1 0.8501 top5 0.9897
    [14:28:47] step 5000/11249 | avg train loss 1.0853 top1 0.8498 top5 0.9898
    [14:29:21] step 5050/11249 | avg train loss 1.0852 top1 0.8498 top5 0.9898
    [14:29:54] step 5100/11249 | avg train loss 1.0858 top1 0.8496 top5 0.9897
    [14:30:28] step 5150/11249 | avg train loss 1.0865 top1 0.8494 top5 0.9896
    [14:31:01] step 5200/11249 | avg train loss 1.0868 top1 0.8491 top5 0.9896
    [14:31:35] step 5250/11249 | avg train loss 1.0873 top1 0.8488 top5 0.9896
    [14:32:09] step 5300/11249 | avg train loss 1.0878 top1 0.8486 top5 0.9896
    [14:32:42] step 5350/11249 | avg train loss 1.0884 top1 0.8481 top5 0.9895
    [14:33:16] step 5400/11249 | avg train loss 1.0887 top1 0.8480 top5 0.9895
    [14:33:50] step 5450/11249 | avg train loss 1.0882 top1 0.8482 top5 0.9895
    [14:34:23] step 5500/11249 | avg train loss 1.0885 top1 0.8481 top5 0.9895
    [14:34:57] step 5550/11249 | avg train loss 1.0888 top1 0.8479 top5 0.9895
    [14:35:30] step 5600/11249 | avg train loss 1.0884 top1 0.8480 top5 0.9896
    [14:36:04] step 5650/11249 | avg train loss 1.0882 top1 0.8483 top5 0.9896
    [14:36:38] step 5700/11249 | avg train loss 1.0888 top1 0.8479 top5 0.9896
    [14:37:11] step 5750/11249 | avg train loss 1.0890 top1 0.8481 top5 0.9896
    [14:37:45] step 5800/11249 | avg train loss 1.0893 top1 0.8480 top5 0.9897
    [14:38:18] step 5850/11249 | avg train loss 1.0892 top1 0.8483 top5 0.9896
    [14:38:52] step 5900/11249 | avg train loss 1.0896 top1 0.8481 top5 0.9896
    [14:39:26] step 5950/11249 | avg train loss 1.0897 top1 0.8482 top5 0.9895
    [14:39:59] step 6000/11249 | avg train loss 1.0895 top1 0.8482 top5 0.9895
    [14:40:33] step 6050/11249 | avg train loss 1.0891 top1 0.8484 top5 0.9895
    [14:41:07] step 6100/11249 | avg train loss 1.0895 top1 0.8484 top5 0.9895
    [14:41:40] step 6150/11249 | avg train loss 1.0893 top1 0.8481 top5 0.9895
    [14:42:14] step 6200/11249 | avg train loss 1.0895 top1 0.8482 top5 0.9893
    [14:42:47] step 6250/11249 | avg train loss 1.0896 top1 0.8482 top5 0.9893
    [14:43:21] step 6300/11249 | avg train loss 1.0899 top1 0.8481 top5 0.9891
    [14:43:55] step 6350/11249 | avg train loss 1.0904 top1 0.8480 top5 0.9891
    [14:44:28] step 6400/11249 | avg train loss 1.0901 top1 0.8480 top5 0.9891
    [14:45:02] step 6450/11249 | avg train loss 1.0902 top1 0.8480 top5 0.9890
    [14:45:36] step 6500/11249 | avg train loss 1.0896 top1 0.8484 top5 0.9890
    [14:46:09] step 6550/11249 | avg train loss 1.0897 top1 0.8485 top5 0.9891
    [14:46:43] step 6600/11249 | avg train loss 1.0901 top1 0.8482 top5 0.9891
    [14:47:17] step 6650/11249 | avg train loss 1.0910 top1 0.8477 top5 0.9890
    [14:47:50] step 6700/11249 | avg train loss 1.0909 top1 0.8479 top5 0.9890
    [14:48:24] step 6750/11249 | avg train loss 1.0911 top1 0.8479 top5 0.9889
    [14:48:57] step 6800/11249 | avg train loss 1.0909 top1 0.8480 top5 0.9889
    [14:49:31] step 6850/11249 | avg train loss 1.0901 top1 0.8482 top5 0.9889
    [14:50:05] step 6900/11249 | avg train loss 1.0902 top1 0.8481 top5 0.9889
    [14:50:38] step 6950/11249 | avg train loss 1.0907 top1 0.8479 top5 0.9887
    [14:51:12] step 7000/11249 | avg train loss 1.0905 top1 0.8479 top5 0.9888
    [14:51:46] step 7050/11249 | avg train loss 1.0904 top1 0.8478 top5 0.9888
    [14:52:19] step 7100/11249 | avg train loss 1.0904 top1 0.8478 top5 0.9888
    [14:52:53] step 7150/11249 | avg train loss 1.0902 top1 0.8480 top5 0.9888
    [14:53:26] step 7200/11249 | avg train loss 1.0905 top1 0.8478 top5 0.9887
    [14:54:00] step 7250/11249 | avg train loss 1.0902 top1 0.8479 top5 0.9888
    [14:54:34] step 7300/11249 | avg train loss 1.0903 top1 0.8478 top5 0.9888
    [14:55:07] step 7350/11249 | avg train loss 1.0901 top1 0.8480 top5 0.9888
    [14:55:41] step 7400/11249 | avg train loss 1.0904 top1 0.8479 top5 0.9888
    [14:56:15] step 7450/11249 | avg train loss 1.0907 top1 0.8476 top5 0.9887
    [14:56:48] step 7500/11249 | avg train loss 1.0909 top1 0.8476 top5 0.9886
    [14:57:22] step 7550/11249 | avg train loss 1.0906 top1 0.8478 top5 0.9887
    [14:57:56] step 7600/11249 | avg train loss 1.0913 top1 0.8475 top5 0.9887
    [14:58:29] step 7650/11249 | avg train loss 1.0921 top1 0.8471 top5 0.9886
    [14:59:03] step 7700/11249 | avg train loss 1.0923 top1 0.8471 top5 0.9886
    [14:59:36] step 7750/11249 | avg train loss 1.0930 top1 0.8468 top5 0.9885
    [15:00:10] step 7800/11249 | avg train loss 1.0940 top1 0.8464 top5 0.9885
    [15:00:44] step 7850/11249 | avg train loss 1.0942 top1 0.8462 top5 0.9884
    [15:01:17] step 7900/11249 | avg train loss 1.0943 top1 0.8461 top5 0.9884
    [15:01:51] step 7950/11249 | avg train loss 1.0942 top1 0.8463 top5 0.9884
    [15:02:25] step 8000/11249 | avg train loss 1.0944 top1 0.8461 top5 0.9883
    [15:02:58] step 8050/11249 | avg train loss 1.0944 top1 0.8461 top5 0.9884
    [15:03:32] step 8100/11249 | avg train loss 1.0944 top1 0.8460 top5 0.9884
    [15:04:06] step 8150/11249 | avg train loss 1.0945 top1 0.8459 top5 0.9885
    [15:04:39] step 8200/11249 | avg train loss 1.0944 top1 0.8459 top5 0.9884
    [15:05:13] step 8250/11249 | avg train loss 1.0943 top1 0.8460 top5 0.9884
    [15:05:47] step 8300/11249 | avg train loss 1.0940 top1 0.8462 top5 0.9884
    [15:06:20] step 8350/11249 | avg train loss 1.0939 top1 0.8463 top5 0.9884
    [15:06:54] step 8400/11249 | avg train loss 1.0941 top1 0.8464 top5 0.9884
    [15:07:28] step 8450/11249 | avg train loss 1.0948 top1 0.8462 top5 0.9884
    [15:08:01] step 8500/11249 | avg train loss 1.0945 top1 0.8464 top5 0.9883
    [15:08:35] step 8550/11249 | avg train loss 1.0946 top1 0.8464 top5 0.9883
    [15:09:09] step 8600/11249 | avg train loss 1.0942 top1 0.8466 top5 0.9883
    [15:09:42] step 8650/11249 | avg train loss 1.0941 top1 0.8468 top5 0.9883
    [15:10:16] step 8700/11249 | avg train loss 1.0943 top1 0.8465 top5 0.9883
    [15:10:49] step 8750/11249 | avg train loss 1.0943 top1 0.8465 top5 0.9883
    [15:11:23] step 8800/11249 | avg train loss 1.0946 top1 0.8464 top5 0.9882
    [15:11:57] step 8850/11249 | avg train loss 1.0944 top1 0.8465 top5 0.9881
    [15:12:30] step 8900/11249 | avg train loss 1.0953 top1 0.8462 top5 0.9879
    [15:13:04] step 8950/11249 | avg train loss 1.0956 top1 0.8463 top5 0.9879
    [15:13:38] step 9000/11249 | avg train loss 1.0958 top1 0.8461 top5 0.9879
    [15:14:11] step 9050/11249 | avg train loss 1.0955 top1 0.8463 top5 0.9879
    [15:14:45] step 9100/11249 | avg train loss 1.0958 top1 0.8461 top5 0.9879
    [15:15:19] step 9150/11249 | avg train loss 1.0965 top1 0.8456 top5 0.9879
    [15:15:52] step 9200/11249 | avg train loss 1.0968 top1 0.8456 top5 0.9878
    [15:16:26] step 9250/11249 | avg train loss 1.0973 top1 0.8453 top5 0.9878
    [15:16:59] step 9300/11249 | avg train loss 1.0976 top1 0.8452 top5 0.9877
    [15:17:33] step 9350/11249 | avg train loss 1.0979 top1 0.8450 top5 0.9878
    [15:18:07] step 9400/11249 | avg train loss 1.0981 top1 0.8450 top5 0.9877
    [15:18:40] step 9450/11249 | avg train loss 1.0986 top1 0.8448 top5 0.9877
    [15:19:14] step 9500/11249 | avg train loss 1.0984 top1 0.8449 top5 0.9877
    [15:19:48] step 9550/11249 | avg train loss 1.0987 top1 0.8447 top5 0.9877
    [15:20:21] step 9600/11249 | avg train loss 1.0990 top1 0.8445 top5 0.9877
    [15:20:55] step 9650/11249 | avg train loss 1.0991 top1 0.8446 top5 0.9877
    [15:21:29] step 9700/11249 | avg train loss 1.0993 top1 0.8446 top5 0.9877
    [15:22:02] step 9750/11249 | avg train loss 1.0990 top1 0.8448 top5 0.9877
    [15:22:36] step 9800/11249 | avg train loss 1.0992 top1 0.8447 top5 0.9876
    [15:23:09] step 9850/11249 | avg train loss 1.0996 top1 0.8446 top5 0.9875
    [15:23:43] step 9900/11249 | avg train loss 1.0997 top1 0.8445 top5 0.9874
    [15:24:17] step 9950/11249 | avg train loss 1.0999 top1 0.8443 top5 0.9874
    [15:24:50] step 10000/11249 | avg train loss 1.1002 top1 0.8442 top5 0.9874
    [15:25:24] step 10050/11249 | avg train loss 1.1012 top1 0.8439 top5 0.9872
    [15:25:58] step 10100/11249 | avg train loss 1.1014 top1 0.8438 top5 0.9872
    [15:26:31] step 10150/11249 | avg train loss 1.1020 top1 0.8435 top5 0.9871
    [15:27:05] step 10200/11249 | avg train loss 1.1025 top1 0.8433 top5 0.9870
    [15:27:38] step 10250/11249 | avg train loss 1.1026 top1 0.8431 top5 0.9870
    [15:28:12] step 10300/11249 | avg train loss 1.1032 top1 0.8427 top5 0.9871
    [15:28:46] step 10350/11249 | avg train loss 1.1037 top1 0.8426 top5 0.9870
    [15:29:19] step 10400/11249 | avg train loss 1.1040 top1 0.8425 top5 0.9869
    [15:29:53] step 10450/11249 | avg train loss 1.1041 top1 0.8425 top5 0.9869
    [15:30:26] step 10500/11249 | avg train loss 1.1043 top1 0.8425 top5 0.9870
    [15:31:00] step 10550/11249 | avg train loss 1.1040 top1 0.8425 top5 0.9870
    [15:31:34] step 10600/11249 | avg train loss 1.1045 top1 0.8423 top5 0.9869
    [15:32:07] step 10650/11249 | avg train loss 1.1049 top1 0.8422 top5 0.9869
    [15:32:41] step 10700/11249 | avg train loss 1.1051 top1 0.8420 top5 0.9869
    [15:33:15] step 10750/11249 | avg train loss 1.1052 top1 0.8419 top5 0.9869
    [15:33:48] step 10800/11249 | avg train loss 1.1053 top1 0.8419 top5 0.9868
    [15:34:22] step 10850/11249 | avg train loss 1.1051 top1 0.8420 top5 0.9868
    [15:34:55] step 10900/11249 | avg train loss 1.1057 top1 0.8418 top5 0.9868
    [15:35:29] step 10950/11249 | avg train loss 1.1059 top1 0.8418 top5 0.9867
    [15:36:03] step 11000/11249 | avg train loss 1.1064 top1 0.8416 top5 0.9867
    [15:36:36] step 11050/11249 | avg train loss 1.1066 top1 0.8417 top5 0.9867
    [15:37:10] step 11100/11249 | avg train loss 1.1066 top1 0.8416 top5 0.9867
    [15:37:44] step 11150/11249 | avg train loss 1.1068 top1 0.8416 top5 0.9866
    [15:38:17] step 11200/11249 | avg train loss 1.1072 top1 0.8415 top5 0.9865
    [15:38:50] step 11249/11249 | avg train loss 1.1076 top1 0.8413 top5 0.9865
Epoch 5/15 | train loss 1.1076 top1 0.8413 | val loss 1.6077 top1 0.5600 top5 0.8510 | ema val top1 0.5918 top5 0.8761
    [15:55:16] step 50/11249 | avg train loss 1.0144 top1 0.9150 top5 0.9950
    [15:55:50] step 100/11249 | avg train loss 1.0016 top1 0.8975 top5 0.9975
    [15:56:23] step 150/11249 | avg train loss 0.9747 top1 0.9067 top5 0.9983
    [15:56:57] step 200/11249 | avg train loss 0.9943 top1 0.8888 top5 0.9975
    [15:57:31] step 250/11249 | avg train loss 0.9924 top1 0.8900 top5 0.9960
    [15:58:04] step 300/11249 | avg train loss 0.9851 top1 0.8958 top5 0.9958
    [15:58:38] step 350/11249 | avg train loss 0.9842 top1 0.8943 top5 0.9957
    [15:59:11] step 400/11249 | avg train loss 0.9869 top1 0.8931 top5 0.9956
    [15:59:45] step 450/11249 | avg train loss 0.9846 top1 0.8933 top5 0.9961
    [16:00:19] step 500/11249 | avg train loss 0.9809 top1 0.8955 top5 0.9965
    [16:00:52] step 550/11249 | avg train loss 0.9820 top1 0.8950 top5 0.9955
    [16:01:26] step 600/11249 | avg train loss 0.9819 top1 0.8942 top5 0.9954
    [16:02:00] step 650/11249 | avg train loss 0.9867 top1 0.8904 top5 0.9946
    [16:02:33] step 700/11249 | avg train loss 0.9873 top1 0.8900 top5 0.9946
    [16:03:07] step 750/11249 | avg train loss 0.9836 top1 0.8910 top5 0.9950
    [16:03:40] step 800/11249 | avg train loss 0.9839 top1 0.8916 top5 0.9950
    [16:04:14] step 850/11249 | avg train loss 0.9834 top1 0.8921 top5 0.9953
    [16:04:48] step 900/11249 | avg train loss 0.9829 top1 0.8917 top5 0.9956
    [16:05:21] step 950/11249 | avg train loss 0.9813 top1 0.8934 top5 0.9958
    [16:05:55] step 1000/11249 | avg train loss 0.9804 top1 0.8945 top5 0.9960
    [16:06:29] step 1050/11249 | avg train loss 0.9810 top1 0.8938 top5 0.9962
    [16:07:02] step 1100/11249 | avg train loss 0.9815 top1 0.8934 top5 0.9964
    [16:07:36] step 1150/11249 | avg train loss 0.9794 top1 0.8941 top5 0.9965
    [16:08:09] step 1200/11249 | avg train loss 0.9799 top1 0.8944 top5 0.9967
    [16:08:43] step 1250/11249 | avg train loss 0.9792 top1 0.8946 top5 0.9966
    [16:09:17] step 1300/11249 | avg train loss 0.9803 top1 0.8946 top5 0.9965
    [16:09:50] step 1350/11249 | avg train loss 0.9789 top1 0.8961 top5 0.9967
    [16:10:24] step 1400/11249 | avg train loss 0.9791 top1 0.8961 top5 0.9968
    [16:10:58] step 1450/11249 | avg train loss 0.9789 top1 0.8953 top5 0.9969
    [16:11:31] step 1500/11249 | avg train loss 0.9803 top1 0.8947 top5 0.9970
    [16:12:05] step 1550/11249 | avg train loss 0.9789 top1 0.8947 top5 0.9971
    [16:12:39] step 1600/11249 | avg train loss 0.9811 top1 0.8934 top5 0.9967
    [16:13:12] step 1650/11249 | avg train loss 0.9808 top1 0.8941 top5 0.9967
    [16:13:46] step 1700/11249 | avg train loss 0.9837 top1 0.8929 top5 0.9968
    [16:14:19] step 1750/11249 | avg train loss 0.9851 top1 0.8923 top5 0.9969
    [16:14:53] step 1800/11249 | avg train loss 0.9849 top1 0.8924 top5 0.9969
    [16:15:27] step 1850/11249 | avg train loss 0.9853 top1 0.8922 top5 0.9969
    [16:16:00] step 1900/11249 | avg train loss 0.9849 top1 0.8924 top5 0.9970
    [16:16:34] step 1950/11249 | avg train loss 0.9847 top1 0.8923 top5 0.9969
    [16:17:08] step 2000/11249 | avg train loss 0.9843 top1 0.8924 top5 0.9970
    [16:17:41] step 2050/11249 | avg train loss 0.9842 top1 0.8926 top5 0.9970
    [16:18:15] step 2100/11249 | avg train loss 0.9844 top1 0.8927 top5 0.9968
    [16:18:48] step 2150/11249 | avg train loss 0.9830 top1 0.8930 top5 0.9969
    [16:19:22] step 2200/11249 | avg train loss 0.9836 top1 0.8931 top5 0.9966
    [16:19:56] step 2250/11249 | avg train loss 0.9853 top1 0.8921 top5 0.9963
    [16:20:29] step 2300/11249 | avg train loss 0.9863 top1 0.8924 top5 0.9963
    [16:21:03] step 2350/11249 | avg train loss 0.9853 top1 0.8922 top5 0.9964
    [16:21:37] step 2400/11249 | avg train loss 0.9854 top1 0.8919 top5 0.9962
    [16:22:10] step 2450/11249 | avg train loss 0.9859 top1 0.8918 top5 0.9963
    [16:22:44] step 2500/11249 | avg train loss 0.9870 top1 0.8916 top5 0.9961
    [16:23:18] step 2550/11249 | avg train loss 0.9871 top1 0.8914 top5 0.9962
    [16:23:51] step 2600/11249 | avg train loss 0.9881 top1 0.8907 top5 0.9962
    [16:24:25] step 2650/11249 | avg train loss 0.9891 top1 0.8901 top5 0.9962
    [16:24:59] step 2700/11249 | avg train loss 0.9902 top1 0.8894 top5 0.9962
    [16:25:32] step 2750/11249 | avg train loss 0.9907 top1 0.8894 top5 0.9962
    [16:26:06] step 2800/11249 | avg train loss 0.9905 top1 0.8896 top5 0.9962
    [16:26:39] step 2850/11249 | avg train loss 0.9914 top1 0.8891 top5 0.9961
    [16:27:13] step 2900/11249 | avg train loss 0.9918 top1 0.8895 top5 0.9959
    [16:27:47] step 2950/11249 | avg train loss 0.9912 top1 0.8896 top5 0.9959
    [16:28:20] step 3000/11249 | avg train loss 0.9923 top1 0.8891 top5 0.9959
    [16:28:54] step 3050/11249 | avg train loss 0.9918 top1 0.8892 top5 0.9960
    [16:29:27] step 3100/11249 | avg train loss 0.9930 top1 0.8889 top5 0.9960
    [16:30:01] step 3150/11249 | avg train loss 0.9924 top1 0.8887 top5 0.9960
    [16:30:35] step 3200/11249 | avg train loss 0.9925 top1 0.8884 top5 0.9959
    [16:31:08] step 3250/11249 | avg train loss 0.9928 top1 0.8882 top5 0.9959
    [16:31:42] step 3300/11249 | avg train loss 0.9942 top1 0.8874 top5 0.9958
    [16:32:16] step 3350/11249 | avg train loss 0.9939 top1 0.8876 top5 0.9956
    [16:32:49] step 3400/11249 | avg train loss 0.9951 top1 0.8872 top5 0.9956
    [16:33:23] step 3450/11249 | avg train loss 0.9952 top1 0.8872 top5 0.9954
    [16:33:56] step 3500/11249 | avg train loss 0.9944 top1 0.8874 top5 0.9955
    [16:34:30] step 3550/11249 | avg train loss 0.9951 top1 0.8874 top5 0.9954
    [16:35:04] step 3600/11249 | avg train loss 0.9947 top1 0.8876 top5 0.9954
    [16:35:37] step 3650/11249 | avg train loss 0.9944 top1 0.8881 top5 0.9954
    [16:36:11] step 3700/11249 | avg train loss 0.9945 top1 0.8879 top5 0.9954
    [16:36:45] step 3750/11249 | avg train loss 0.9947 top1 0.8877 top5 0.9953
    [16:37:18] step 3800/11249 | avg train loss 0.9944 top1 0.8876 top5 0.9953
    [16:37:52] step 3850/11249 | avg train loss 0.9939 top1 0.8879 top5 0.9953
    [16:38:25] step 3900/11249 | avg train loss 0.9939 top1 0.8880 top5 0.9953
    [16:38:59] step 3950/11249 | avg train loss 0.9951 top1 0.8878 top5 0.9952
    [16:39:33] step 4000/11249 | avg train loss 0.9953 top1 0.8878 top5 0.9952
    [16:40:06] step 4050/11249 | avg train loss 0.9965 top1 0.8873 top5 0.9951
    [16:40:40] step 4100/11249 | avg train loss 0.9964 top1 0.8877 top5 0.9952
    [16:41:13] step 4150/11249 | avg train loss 0.9968 top1 0.8873 top5 0.9951
    [16:41:47] step 4200/11249 | avg train loss 0.9977 top1 0.8868 top5 0.9951
    [16:42:21] step 4250/11249 | avg train loss 0.9979 top1 0.8866 top5 0.9951
    [16:42:54] step 4300/11249 | avg train loss 0.9979 top1 0.8868 top5 0.9951
    [16:43:28] step 4350/11249 | avg train loss 0.9986 top1 0.8863 top5 0.9950
    [16:44:02] step 4400/11249 | avg train loss 0.9995 top1 0.8857 top5 0.9951
    [16:44:35] step 4450/11249 | avg train loss 0.9992 top1 0.8860 top5 0.9951
    [16:45:09] step 4500/11249 | avg train loss 0.9996 top1 0.8858 top5 0.9951
    [16:45:43] step 4550/11249 | avg train loss 1.0005 top1 0.8853 top5 0.9951
    [16:46:16] step 4600/11249 | avg train loss 1.0024 top1 0.8846 top5 0.9949
    [16:46:50] step 4650/11249 | avg train loss 1.0032 top1 0.8841 top5 0.9949
    [16:47:23] step 4700/11249 | avg train loss 1.0029 top1 0.8844 top5 0.9950
    [16:47:57] step 4750/11249 | avg train loss 1.0027 top1 0.8843 top5 0.9949
    [16:48:31] step 4800/11249 | avg train loss 1.0025 top1 0.8842 top5 0.9950
    [16:49:04] step 4850/11249 | avg train loss 1.0027 top1 0.8841 top5 0.9950
    [16:49:38] step 4900/11249 | avg train loss 1.0030 top1 0.8839 top5 0.9949
    [16:50:12] step 4950/11249 | avg train loss 1.0034 top1 0.8837 top5 0.9949
    [16:50:45] step 5000/11249 | avg train loss 1.0040 top1 0.8835 top5 0.9949
    [16:51:19] step 5050/11249 | avg train loss 1.0043 top1 0.8833 top5 0.9949
    [16:51:52] step 5100/11249 | avg train loss 1.0043 top1 0.8835 top5 0.9949
    [16:52:26] step 5150/11249 | avg train loss 1.0045 top1 0.8835 top5 0.9949
    [16:53:00] step 5200/11249 | avg train loss 1.0046 top1 0.8838 top5 0.9948
    [16:53:33] step 5250/11249 | avg train loss 1.0052 top1 0.8834 top5 0.9948
    [16:54:07] step 5300/11249 | avg train loss 1.0056 top1 0.8833 top5 0.9948
    [16:54:41] step 5350/11249 | avg train loss 1.0068 top1 0.8828 top5 0.9947
    [16:55:14] step 5400/11249 | avg train loss 1.0069 top1 0.8826 top5 0.9946
    [16:55:48] step 5450/11249 | avg train loss 1.0070 top1 0.8828 top5 0.9946
    [16:56:22] step 5500/11249 | avg train loss 1.0077 top1 0.8825 top5 0.9945
    [16:56:55] step 5550/11249 | avg train loss 1.0078 top1 0.8825 top5 0.9943
    [16:57:29] step 5600/11249 | avg train loss 1.0073 top1 0.8825 top5 0.9943
    [16:58:03] step 5650/11249 | avg train loss 1.0073 top1 0.8827 top5 0.9943
    [16:58:36] step 5700/11249 | avg train loss 1.0074 top1 0.8827 top5 0.9943
    [16:59:10] step 5750/11249 | avg train loss 1.0076 top1 0.8824 top5 0.9943
    [16:59:43] step 5800/11249 | avg train loss 1.0080 top1 0.8823 top5 0.9944
    [17:00:17] step 5850/11249 | avg train loss 1.0080 top1 0.8824 top5 0.9944
    [17:00:51] step 5900/11249 | avg train loss 1.0081 top1 0.8823 top5 0.9944
    [17:01:24] step 5950/11249 | avg train loss 1.0079 top1 0.8825 top5 0.9945
    [17:01:58] step 6000/11249 | avg train loss 1.0076 top1 0.8825 top5 0.9945
    [17:02:32] step 6050/11249 | avg train loss 1.0073 top1 0.8827 top5 0.9945
    [17:03:05] step 6100/11249 | avg train loss 1.0076 top1 0.8825 top5 0.9946
    [17:03:39] step 6150/11249 | avg train loss 1.0075 top1 0.8826 top5 0.9946
    [17:04:12] step 6200/11249 | avg train loss 1.0078 top1 0.8824 top5 0.9946
    [17:04:46] step 6250/11249 | avg train loss 1.0082 top1 0.8823 top5 0.9946
    [17:05:20] step 6300/11249 | avg train loss 1.0083 top1 0.8823 top5 0.9946
    [17:05:53] step 6350/11249 | avg train loss 1.0087 top1 0.8822 top5 0.9946
    [17:06:27] step 6400/11249 | avg train loss 1.0087 top1 0.8825 top5 0.9945
    [17:07:01] step 6450/11249 | avg train loss 1.0093 top1 0.8821 top5 0.9945
    [17:07:34] step 6500/11249 | avg train loss 1.0102 top1 0.8818 top5 0.9945
    [17:08:08] step 6550/11249 | avg train loss 1.0105 top1 0.8817 top5 0.9945
    [17:08:42] step 6600/11249 | avg train loss 1.0111 top1 0.8813 top5 0.9945
    [17:09:15] step 6650/11249 | avg train loss 1.0114 top1 0.8811 top5 0.9945
    [17:09:49] step 6700/11249 | avg train loss 1.0117 top1 0.8810 top5 0.9945
    [17:10:23] step 6750/11249 | avg train loss 1.0123 top1 0.8807 top5 0.9945
    [17:10:56] step 6800/11249 | avg train loss 1.0125 top1 0.8805 top5 0.9945
    [17:11:30] step 6850/11249 | avg train loss 1.0131 top1 0.8803 top5 0.9944
    [17:12:03] step 6900/11249 | avg train loss 1.0132 top1 0.8803 top5 0.9943
    [17:12:37] step 6950/11249 | avg train loss 1.0135 top1 0.8803 top5 0.9944
    [17:13:11] step 7000/11249 | avg train loss 1.0139 top1 0.8800 top5 0.9944
    [17:13:44] step 7050/11249 | avg train loss 1.0140 top1 0.8799 top5 0.9944
    [17:14:18] step 7100/11249 | avg train loss 1.0141 top1 0.8798 top5 0.9944
    [17:14:52] step 7150/11249 | avg train loss 1.0148 top1 0.8795 top5 0.9943
    [17:15:25] step 7200/11249 | avg train loss 1.0145 top1 0.8797 top5 0.9943
    [17:15:59] step 7250/11249 | avg train loss 1.0154 top1 0.8793 top5 0.9943
    [17:16:33] step 7300/11249 | avg train loss 1.0159 top1 0.8792 top5 0.9943
    [17:17:06] step 7350/11249 | avg train loss 1.0163 top1 0.8789 top5 0.9943
    [17:17:40] step 7400/11249 | avg train loss 1.0166 top1 0.8788 top5 0.9943
    [17:18:14] step 7450/11249 | avg train loss 1.0163 top1 0.8790 top5 0.9943
    [17:18:47] step 7500/11249 | avg train loss 1.0161 top1 0.8791 top5 0.9943
    [17:19:21] step 7550/11249 | avg train loss 1.0162 top1 0.8791 top5 0.9943
    [17:19:54] step 7600/11249 | avg train loss 1.0164 top1 0.8791 top5 0.9943
    [17:20:28] step 7650/11249 | avg train loss 1.0162 top1 0.8792 top5 0.9943
    [17:21:02] step 7700/11249 | avg train loss 1.0160 top1 0.8793 top5 0.9944
    [17:21:35] step 7750/11249 | avg train loss 1.0161 top1 0.8792 top5 0.9944
    [17:22:09] step 7800/11249 | avg train loss 1.0164 top1 0.8792 top5 0.9944
    [17:22:43] step 7850/11249 | avg train loss 1.0172 top1 0.8788 top5 0.9943
    [17:23:16] step 7900/11249 | avg train loss 1.0171 top1 0.8789 top5 0.9943
    [17:23:50] step 7950/11249 | avg train loss 1.0172 top1 0.8789 top5 0.9943
    [17:24:24] step 8000/11249 | avg train loss 1.0178 top1 0.8787 top5 0.9942
    [17:24:57] step 8050/11249 | avg train loss 1.0182 top1 0.8785 top5 0.9942
    [17:25:31] step 8100/11249 | avg train loss 1.0184 top1 0.8782 top5 0.9942
    [17:26:04] step 8150/11249 | avg train loss 1.0186 top1 0.8781 top5 0.9941
    [17:26:38] step 8200/11249 | avg train loss 1.0189 top1 0.8779 top5 0.9941
    [17:27:12] step 8250/11249 | avg train loss 1.0189 top1 0.8781 top5 0.9942
    [17:27:46] step 8300/11249 | avg train loss 1.0191 top1 0.8779 top5 0.9942
    [17:28:19] step 8350/11249 | avg train loss 1.0191 top1 0.8779 top5 0.9941
    [17:28:53] step 8400/11249 | avg train loss 1.0190 top1 0.8780 top5 0.9942
    [17:29:26] step 8450/11249 | avg train loss 1.0196 top1 0.8778 top5 0.9942
    [17:30:00] step 8500/11249 | avg train loss 1.0196 top1 0.8779 top5 0.9941
    [17:30:34] step 8550/11249 | avg train loss 1.0198 top1 0.8778 top5 0.9941
    [17:31:07] step 8600/11249 | avg train loss 1.0197 top1 0.8777 top5 0.9941
    [17:31:41] step 8650/11249 | avg train loss 1.0199 top1 0.8776 top5 0.9940
    [17:32:15] step 8700/11249 | avg train loss 1.0197 top1 0.8777 top5 0.9940
    [17:32:48] step 8750/11249 | avg train loss 1.0196 top1 0.8778 top5 0.9940
    [17:33:22] step 8800/11249 | avg train loss 1.0195 top1 0.8779 top5 0.9939
    [17:33:56] step 8850/11249 | avg train loss 1.0198 top1 0.8777 top5 0.9939
    [17:34:29] step 8900/11249 | avg train loss 1.0193 top1 0.8779 top5 0.9939
    [17:35:03] step 8950/11249 | avg train loss 1.0193 top1 0.8780 top5 0.9939
    [17:35:37] step 9000/11249 | avg train loss 1.0194 top1 0.8779 top5 0.9939
    [17:36:10] step 9050/11249 | avg train loss 1.0195 top1 0.8779 top5 0.9938
    [17:36:44] step 9100/11249 | avg train loss 1.0196 top1 0.8779 top5 0.9937
    [17:37:17] step 9150/11249 | avg train loss 1.0197 top1 0.8778 top5 0.9937
    [17:37:51] step 9200/11249 | avg train loss 1.0198 top1 0.8779 top5 0.9937
    [17:38:25] step 9250/11249 | avg train loss 1.0201 top1 0.8777 top5 0.9936
    [17:38:58] step 9300/11249 | avg train loss 1.0206 top1 0.8775 top5 0.9935
    [17:39:32] step 9350/11249 | avg train loss 1.0202 top1 0.8775 top5 0.9936
    [17:40:06] step 9400/11249 | avg train loss 1.0203 top1 0.8774 top5 0.9936
    [17:40:39] step 9450/11249 | avg train loss 1.0208 top1 0.8771 top5 0.9935
    [17:41:13] step 9500/11249 | avg train loss 1.0213 top1 0.8769 top5 0.9935
    [17:41:47] step 9550/11249 | avg train loss 1.0216 top1 0.8767 top5 0.9935
    [17:42:20] step 9600/11249 | avg train loss 1.0216 top1 0.8768 top5 0.9935
    [17:42:54] step 9650/11249 | avg train loss 1.0220 top1 0.8767 top5 0.9935
    [17:43:27] step 9700/11249 | avg train loss 1.0226 top1 0.8764 top5 0.9935
    [17:44:01] step 9750/11249 | avg train loss 1.0229 top1 0.8762 top5 0.9935
    [17:44:35] step 9800/11249 | avg train loss 1.0226 top1 0.8764 top5 0.9934
    [17:45:08] step 9850/11249 | avg train loss 1.0229 top1 0.8762 top5 0.9935
    [17:45:42] step 9900/11249 | avg train loss 1.0232 top1 0.8761 top5 0.9934
    [17:46:16] step 9950/11249 | avg train loss 1.0231 top1 0.8761 top5 0.9934
    [17:46:49] step 10000/11249 | avg train loss 1.0234 top1 0.8759 top5 0.9933
    [17:47:23] step 10050/11249 | avg train loss 1.0237 top1 0.8757 top5 0.9933
    [17:47:57] step 10100/11249 | avg train loss 1.0240 top1 0.8755 top5 0.9933
    [17:48:30] step 10150/11249 | avg train loss 1.0241 top1 0.8754 top5 0.9933
    [17:49:04] step 10200/11249 | avg train loss 1.0244 top1 0.8753 top5 0.9933
    [17:49:37] step 10250/11249 | avg train loss 1.0246 top1 0.8752 top5 0.9933
    [17:50:11] step 10300/11249 | avg train loss 1.0251 top1 0.8750 top5 0.9933
    [17:50:45] step 10350/11249 | avg train loss 1.0255 top1 0.8747 top5 0.9933
    [17:51:18] step 10400/11249 | avg train loss 1.0257 top1 0.8744 top5 0.9933
    [17:51:52] step 10450/11249 | avg train loss 1.0261 top1 0.8742 top5 0.9932
    [17:52:26] step 10500/11249 | avg train loss 1.0263 top1 0.8741 top5 0.9932
    [17:52:59] step 10550/11249 | avg train loss 1.0263 top1 0.8740 top5 0.9932
    [17:53:33] step 10600/11249 | avg train loss 1.0265 top1 0.8739 top5 0.9931
    [17:54:07] step 10650/11249 | avg train loss 1.0269 top1 0.8738 top5 0.9931
    [17:54:40] step 10700/11249 | avg train loss 1.0269 top1 0.8738 top5 0.9931
    [17:55:14] step 10750/11249 | avg train loss 1.0271 top1 0.8738 top5 0.9931
    [17:55:48] step 10800/11249 | avg train loss 1.0273 top1 0.8738 top5 0.9931
    [17:56:21] step 10850/11249 | avg train loss 1.0279 top1 0.8733 top5 0.9930
    [17:56:55] step 10900/11249 | avg train loss 1.0278 top1 0.8734 top5 0.9931
    [17:57:28] step 10950/11249 | avg train loss 1.0283 top1 0.8732 top5 0.9931
    [17:58:02] step 11000/11249 | avg train loss 1.0285 top1 0.8732 top5 0.9930
    [17:58:36] step 11050/11249 | avg train loss 1.0287 top1 0.8731 top5 0.9931
    [17:59:10] step 11100/11249 | avg train loss 1.0291 top1 0.8729 top5 0.9931
    [17:59:43] step 11150/11249 | avg train loss 1.0292 top1 0.8729 top5 0.9931
    [18:00:17] step 11200/11249 | avg train loss 1.0295 top1 0.8726 top5 0.9931
    [18:00:49] step 11249/11249 | avg train loss 1.0298 top1 0.8725 top5 0.9931
Epoch 6/15 | train loss 1.0298 top1 0.8725 | val loss 1.6393 top1 0.5668 top5 0.8467 | ema val top1 0.5837 top5 0.8692
    [18:17:15] step 50/11249 | avg train loss 0.9316 top1 0.9100 top5 1.0000
    [18:17:49] step 100/11249 | avg train loss 0.9207 top1 0.9075 top5 1.0000
    [18:18:23] step 150/11249 | avg train loss 0.9168 top1 0.9150 top5 1.0000
    [18:18:56] step 200/11249 | avg train loss 0.9064 top1 0.9200 top5 0.9988
    [18:19:30] step 250/11249 | avg train loss 0.9135 top1 0.9180 top5 0.9980
    [18:20:04] step 300/11249 | avg train loss 0.9131 top1 0.9225 top5 0.9983
    [18:20:37] step 350/11249 | avg train loss 0.9185 top1 0.9243 top5 0.9979
    [18:21:11] step 400/11249 | avg train loss 0.9140 top1 0.9275 top5 0.9975
    [18:21:45] step 450/11249 | avg train loss 0.9088 top1 0.9306 top5 0.9972
    [18:22:18] step 500/11249 | avg train loss 0.9057 top1 0.9315 top5 0.9975
    [18:22:52] step 550/11249 | avg train loss 0.9069 top1 0.9318 top5 0.9973
    [18:23:26] step 600/11249 | avg train loss 0.9084 top1 0.9300 top5 0.9967
    [18:23:59] step 650/11249 | avg train loss 0.9069 top1 0.9304 top5 0.9969
    [18:24:33] step 700/11249 | avg train loss 0.9035 top1 0.9314 top5 0.9971
    [18:25:07] step 750/11249 | avg train loss 0.9004 top1 0.9323 top5 0.9973
    [18:25:40] step 800/11249 | avg train loss 0.9010 top1 0.9306 top5 0.9975
    [18:26:14] step 850/11249 | avg train loss 0.9015 top1 0.9303 top5 0.9976
    [18:26:48] step 900/11249 | avg train loss 0.9011 top1 0.9308 top5 0.9978
    [18:27:21] step 950/11249 | avg train loss 0.9009 top1 0.9311 top5 0.9979
    [18:27:55] step 1000/11249 | avg train loss 0.9009 top1 0.9307 top5 0.9980
    [18:28:29] step 1050/11249 | avg train loss 0.8998 top1 0.9312 top5 0.9979
    [18:29:02] step 1100/11249 | avg train loss 0.8987 top1 0.9314 top5 0.9980
    [18:29:36] step 1150/11249 | avg train loss 0.8997 top1 0.9313 top5 0.9978
    [18:30:10] step 1200/11249 | avg train loss 0.9011 top1 0.9306 top5 0.9979
    [18:30:43] step 1250/11249 | avg train loss 0.8991 top1 0.9320 top5 0.9978
    [18:31:17] step 1300/11249 | avg train loss 0.8992 top1 0.9313 top5 0.9979
    [18:31:50] step 1350/11249 | avg train loss 0.8994 top1 0.9309 top5 0.9980
    [18:32:24] step 1400/11249 | avg train loss 0.8984 top1 0.9314 top5 0.9980
    [18:32:58] step 1450/11249 | avg train loss 0.8967 top1 0.9324 top5 0.9981
    [18:33:31] step 1500/11249 | avg train loss 0.8965 top1 0.9317 top5 0.9980
    [18:34:05] step 1550/11249 | avg train loss 0.8962 top1 0.9321 top5 0.9981
    [18:34:39] step 1600/11249 | avg train loss 0.8948 top1 0.9331 top5 0.9981
    [18:35:12] step 1650/11249 | avg train loss 0.8938 top1 0.9338 top5 0.9982
    [18:35:46] step 1700/11249 | avg train loss 0.8943 top1 0.9334 top5 0.9982
    [18:36:20] step 1750/11249 | avg train loss 0.8947 top1 0.9333 top5 0.9983
    [18:36:53] step 1800/11249 | avg train loss 0.8948 top1 0.9332 top5 0.9983
    [18:37:27] step 1850/11249 | avg train loss 0.8945 top1 0.9336 top5 0.9982
    [18:38:01] step 1900/11249 | avg train loss 0.8946 top1 0.9333 top5 0.9983
    [18:38:34] step 1950/11249 | avg train loss 0.8948 top1 0.9328 top5 0.9983
    [18:39:08] step 2000/11249 | avg train loss 0.8966 top1 0.9323 top5 0.9982
    [18:39:42] step 2050/11249 | avg train loss 0.8983 top1 0.9307 top5 0.9982
    [18:40:15] step 2100/11249 | avg train loss 0.8984 top1 0.9304 top5 0.9982
    [18:40:49] step 2150/11249 | avg train loss 0.8995 top1 0.9297 top5 0.9983
    [18:41:23] step 2200/11249 | avg train loss 0.9007 top1 0.9295 top5 0.9983
    [18:41:56] step 2250/11249 | avg train loss 0.9016 top1 0.9294 top5 0.9983
    [18:42:30] step 2300/11249 | avg train loss 0.9024 top1 0.9288 top5 0.9984
    [18:43:03] step 2350/11249 | avg train loss 0.9028 top1 0.9284 top5 0.9983
    [18:43:37] step 2400/11249 | avg train loss 0.9033 top1 0.9279 top5 0.9983
    [18:44:11] step 2450/11249 | avg train loss 0.9032 top1 0.9282 top5 0.9984
    [18:44:44] step 2500/11249 | avg train loss 0.9047 top1 0.9276 top5 0.9982
    [18:45:18] step 2550/11249 | avg train loss 0.9053 top1 0.9276 top5 0.9981
    [18:45:52] step 2600/11249 | avg train loss 0.9050 top1 0.9278 top5 0.9982
    [18:46:26] step 2650/11249 | avg train loss 0.9052 top1 0.9275 top5 0.9982
    [18:46:59] step 2700/11249 | avg train loss 0.9050 top1 0.9277 top5 0.9982
    [18:47:33] step 2750/11249 | avg train loss 0.9048 top1 0.9276 top5 0.9983
    [18:48:07] step 2800/11249 | avg train loss 0.9050 top1 0.9277 top5 0.9983
    [18:48:40] step 2850/11249 | avg train loss 0.9051 top1 0.9277 top5 0.9983
    [18:49:14] step 2900/11249 | avg train loss 0.9058 top1 0.9275 top5 0.9983
    [18:49:48] step 2950/11249 | avg train loss 0.9054 top1 0.9276 top5 0.9983
    [18:50:21] step 3000/11249 | avg train loss 0.9053 top1 0.9275 top5 0.9983
    [18:50:55] step 3050/11249 | avg train loss 0.9054 top1 0.9275 top5 0.9983
    [18:51:29] step 3100/11249 | avg train loss 0.9064 top1 0.9268 top5 0.9981
    [18:52:02] step 3150/11249 | avg train loss 0.9077 top1 0.9263 top5 0.9982
    [18:52:36] step 3200/11249 | avg train loss 0.9075 top1 0.9265 top5 0.9982
    [18:53:10] step 3250/11249 | avg train loss 0.9083 top1 0.9263 top5 0.9981
    [18:53:43] step 3300/11249 | avg train loss 0.9094 top1 0.9258 top5 0.9981
    [18:54:17] step 3350/11249 | avg train loss 0.9093 top1 0.9255 top5 0.9981
    [18:54:51] step 3400/11249 | avg train loss 0.9097 top1 0.9252 top5 0.9982
    [18:55:24] step 3450/11249 | avg train loss 0.9096 top1 0.9253 top5 0.9982
    [18:55:58] step 3500/11249 | avg train loss 0.9097 top1 0.9250 top5 0.9982
    [18:56:32] step 3550/11249 | avg train loss 0.9097 top1 0.9250 top5 0.9982
    [18:57:05] step 3600/11249 | avg train loss 0.9104 top1 0.9250 top5 0.9981
    [18:57:39] step 3650/11249 | avg train loss 0.9105 top1 0.9249 top5 0.9982
    [18:58:13] step 3700/11249 | avg train loss 0.9108 top1 0.9249 top5 0.9982
    [18:58:46] step 3750/11249 | avg train loss 0.9114 top1 0.9245 top5 0.9981
    [18:59:20] step 3800/11249 | avg train loss 0.9111 top1 0.9247 top5 0.9981
    [18:59:54] step 3850/11249 | avg train loss 0.9107 top1 0.9248 top5 0.9981
    [19:00:27] step 3900/11249 | avg train loss 0.9108 top1 0.9249 top5 0.9980
    [19:01:01] step 3950/11249 | avg train loss 0.9102 top1 0.9251 top5 0.9980
    [19:01:35] step 4000/11249 | avg train loss 0.9114 top1 0.9246 top5 0.9980
    [19:02:08] step 4050/11249 | avg train loss 0.9115 top1 0.9246 top5 0.9980
    [19:02:42] step 4100/11249 | avg train loss 0.9121 top1 0.9244 top5 0.9980
    [19:03:16] step 4150/11249 | avg train loss 0.9124 top1 0.9244 top5 0.9981
    [19:03:49] step 4200/11249 | avg train loss 0.9131 top1 0.9241 top5 0.9980
    [19:04:23] step 4250/11249 | avg train loss 0.9130 top1 0.9241 top5 0.9979
    [19:04:56] step 4300/11249 | avg train loss 0.9133 top1 0.9239 top5 0.9979
    [19:05:30] step 4350/11249 | avg train loss 0.9136 top1 0.9239 top5 0.9979
    [19:06:04] step 4400/11249 | avg train loss 0.9136 top1 0.9240 top5 0.9978
    [19:06:37] step 4450/11249 | avg train loss 0.9135 top1 0.9240 top5 0.9979
    [19:07:11] step 4500/11249 | avg train loss 0.9140 top1 0.9238 top5 0.9979
    [19:07:45] step 4550/11249 | avg train loss 0.9141 top1 0.9238 top5 0.9979
    [19:08:18] step 4600/11249 | avg train loss 0.9146 top1 0.9235 top5 0.9979
    [19:08:52] step 4650/11249 | avg train loss 0.9152 top1 0.9231 top5 0.9979
    [19:09:26] step 4700/11249 | avg train loss 0.9151 top1 0.9232 top5 0.9979
    [19:09:59] step 4750/11249 | avg train loss 0.9150 top1 0.9232 top5 0.9979
    [19:10:33] step 4800/11249 | avg train loss 0.9155 top1 0.9231 top5 0.9979
    [19:11:07] step 4850/11249 | avg train loss 0.9158 top1 0.9231 top5 0.9979
    [19:11:40] step 4900/11249 | avg train loss 0.9160 top1 0.9230 top5 0.9979
    [19:12:14] step 4950/11249 | avg train loss 0.9166 top1 0.9227 top5 0.9979
    [19:12:48] step 5000/11249 | avg train loss 0.9170 top1 0.9224 top5 0.9979
    [19:13:21] step 5050/11249 | avg train loss 0.9172 top1 0.9223 top5 0.9979
    [19:13:55] step 5100/11249 | avg train loss 0.9175 top1 0.9221 top5 0.9979
    [19:14:29] step 5150/11249 | avg train loss 0.9177 top1 0.9221 top5 0.9979
    [19:15:02] step 5200/11249 | avg train loss 0.9176 top1 0.9221 top5 0.9979
    [19:15:36] step 5250/11249 | avg train loss 0.9175 top1 0.9220 top5 0.9980
    [19:16:10] step 5300/11249 | avg train loss 0.9177 top1 0.9219 top5 0.9980
    [19:16:43] step 5350/11249 | avg train loss 0.9177 top1 0.9218 top5 0.9980
    [19:17:17] step 5400/11249 | avg train loss 0.9178 top1 0.9218 top5 0.9980
    [19:17:51] step 5450/11249 | avg train loss 0.9183 top1 0.9218 top5 0.9979
    [19:18:25] step 5500/11249 | avg train loss 0.9187 top1 0.9217 top5 0.9979
    [19:18:58] step 5550/11249 | avg train loss 0.9188 top1 0.9218 top5 0.9979
    [19:19:32] step 5600/11249 | avg train loss 0.9192 top1 0.9216 top5 0.9979
    [19:20:06] step 5650/11249 | avg train loss 0.9200 top1 0.9212 top5 0.9979
    [19:20:39] step 5700/11249 | avg train loss 0.9202 top1 0.9211 top5 0.9979
    [19:21:13] step 5750/11249 | avg train loss 0.9209 top1 0.9208 top5 0.9979
    [19:21:47] step 5800/11249 | avg train loss 0.9209 top1 0.9209 top5 0.9979
    [19:22:20] step 5850/11249 | avg train loss 0.9213 top1 0.9206 top5 0.9979
    [19:22:54] step 5900/11249 | avg train loss 0.9213 top1 0.9206 top5 0.9979
    [19:23:28] step 5950/11249 | avg train loss 0.9216 top1 0.9205 top5 0.9979
    [19:24:01] step 6000/11249 | avg train loss 0.9216 top1 0.9205 top5 0.9979
    [19:24:35] step 6050/11249 | avg train loss 0.9218 top1 0.9202 top5 0.9979
    [19:25:08] step 6100/11249 | avg train loss 0.9224 top1 0.9199 top5 0.9979
    [19:25:42] step 6150/11249 | avg train loss 0.9228 top1 0.9196 top5 0.9978
    [19:26:16] step 6200/11249 | avg train loss 0.9228 top1 0.9194 top5 0.9978
    [19:26:49] step 6250/11249 | avg train loss 0.9236 top1 0.9191 top5 0.9977
    [19:27:23] step 6300/11249 | avg train loss 0.9242 top1 0.9188 top5 0.9977
    [19:27:57] step 6350/11249 | avg train loss 0.9240 top1 0.9190 top5 0.9977
    [19:28:30] step 6400/11249 | avg train loss 0.9240 top1 0.9191 top5 0.9977
    [19:29:04] step 6450/11249 | avg train loss 0.9242 top1 0.9190 top5 0.9978
    [19:29:38] step 6500/11249 | avg train loss 0.9241 top1 0.9190 top5 0.9978
    [19:30:11] step 6550/11249 | avg train loss 0.9249 top1 0.9187 top5 0.9977
    [19:30:45] step 6600/11249 | avg train loss 0.9251 top1 0.9185 top5 0.9977
    [19:31:19] step 6650/11249 | avg train loss 0.9255 top1 0.9183 top5 0.9976
    [19:31:52] step 6700/11249 | avg train loss 0.9255 top1 0.9181 top5 0.9976
    [19:32:26] step 6750/11249 | avg train loss 0.9257 top1 0.9180 top5 0.9977
    [19:33:00] step 6800/11249 | avg train loss 0.9258 top1 0.9181 top5 0.9976
    [19:33:33] step 6850/11249 | avg train loss 0.9262 top1 0.9178 top5 0.9977
    [19:34:07] step 6900/11249 | avg train loss 0.9263 top1 0.9178 top5 0.9977
    [19:34:41] step 6950/11249 | avg train loss 0.9261 top1 0.9179 top5 0.9977
    [19:35:14] step 7000/11249 | avg train loss 0.9260 top1 0.9179 top5 0.9977
    [19:35:48] step 7050/11249 | avg train loss 0.9262 top1 0.9179 top5 0.9977
    [19:36:22] step 7100/11249 | avg train loss 0.9265 top1 0.9176 top5 0.9976
    [19:36:55] step 7150/11249 | avg train loss 0.9263 top1 0.9178 top5 0.9977
    [19:37:29] step 7200/11249 | avg train loss 0.9266 top1 0.9175 top5 0.9976
    [19:38:03] step 7250/11249 | avg train loss 0.9268 top1 0.9174 top5 0.9976
    [19:38:36] step 7300/11249 | avg train loss 0.9271 top1 0.9172 top5 0.9976
    [19:39:10] step 7350/11249 | avg train loss 0.9270 top1 0.9172 top5 0.9977
    [19:39:44] step 7400/11249 | avg train loss 0.9276 top1 0.9170 top5 0.9976
    [19:40:17] step 7450/11249 | avg train loss 0.9279 top1 0.9169 top5 0.9977
    [19:40:51] step 7500/11249 | avg train loss 0.9277 top1 0.9169 top5 0.9977
    [19:41:25] step 7550/11249 | avg train loss 0.9283 top1 0.9168 top5 0.9976
    [19:41:58] step 7600/11249 | avg train loss 0.9284 top1 0.9167 top5 0.9976
    [19:42:32] step 7650/11249 | avg train loss 0.9284 top1 0.9167 top5 0.9976
    [19:43:06] step 7700/11249 | avg train loss 0.9287 top1 0.9165 top5 0.9976
    [19:43:39] step 7750/11249 | avg train loss 0.9289 top1 0.9163 top5 0.9976
    [19:44:13] step 7800/11249 | avg train loss 0.9287 top1 0.9164 top5 0.9977
    [19:44:47] step 7850/11249 | avg train loss 0.9288 top1 0.9162 top5 0.9977
    [19:45:20] step 7900/11249 | avg train loss 0.9297 top1 0.9161 top5 0.9976
    [19:45:54] step 7950/11249 | avg train loss 0.9298 top1 0.9160 top5 0.9976
    [19:46:28] step 8000/11249 | avg train loss 0.9299 top1 0.9161 top5 0.9976
    [19:47:01] step 8050/11249 | avg train loss 0.9299 top1 0.9161 top5 0.9976
    [19:47:35] step 8100/11249 | avg train loss 0.9300 top1 0.9160 top5 0.9976
    [19:48:08] step 8150/11249 | avg train loss 0.9304 top1 0.9161 top5 0.9976
    [19:48:42] step 8200/11249 | avg train loss 0.9308 top1 0.9159 top5 0.9976
    [19:49:16] step 8250/11249 | avg train loss 0.9313 top1 0.9157 top5 0.9976
    [19:49:50] step 8300/11249 | avg train loss 0.9316 top1 0.9155 top5 0.9976
    [19:50:23] step 8350/11249 | avg train loss 0.9319 top1 0.9155 top5 0.9976
    [19:50:57] step 8400/11249 | avg train loss 0.9320 top1 0.9155 top5 0.9976
    [19:51:31] step 8450/11249 | avg train loss 0.9319 top1 0.9155 top5 0.9975
    [19:52:04] step 8500/11249 | avg train loss 0.9319 top1 0.9156 top5 0.9975
    [19:52:38] step 8550/11249 | avg train loss 0.9318 top1 0.9156 top5 0.9975
    [19:53:12] step 8600/11249 | avg train loss 0.9321 top1 0.9153 top5 0.9975
    [19:53:45] step 8650/11249 | avg train loss 0.9323 top1 0.9151 top5 0.9975
    [19:54:19] step 8700/11249 | avg train loss 0.9326 top1 0.9149 top5 0.9975
    [19:54:53] step 8750/11249 | avg train loss 0.9326 top1 0.9150 top5 0.9975
    [19:55:26] step 8800/11249 | avg train loss 0.9328 top1 0.9149 top5 0.9975
    [19:56:00] step 8850/11249 | avg train loss 0.9331 top1 0.9147 top5 0.9975
    [19:56:34] step 8900/11249 | avg train loss 0.9334 top1 0.9146 top5 0.9975
    [19:57:07] step 8950/11249 | avg train loss 0.9336 top1 0.9145 top5 0.9975
    [19:57:41] step 9000/11249 | avg train loss 0.9338 top1 0.9144 top5 0.9974
    [19:58:15] step 9050/11249 | avg train loss 0.9340 top1 0.9143 top5 0.9974
    [19:58:48] step 9100/11249 | avg train loss 0.9343 top1 0.9142 top5 0.9974
    [19:59:22] step 9150/11249 | avg train loss 0.9344 top1 0.9142 top5 0.9974
    [19:59:56] step 9200/11249 | avg train loss 0.9352 top1 0.9137 top5 0.9974
    [20:00:29] step 9250/11249 | avg train loss 0.9351 top1 0.9138 top5 0.9974
    [20:01:03] step 9300/11249 | avg train loss 0.9355 top1 0.9137 top5 0.9973
    [20:01:37] step 9350/11249 | avg train loss 0.9358 top1 0.9137 top5 0.9973
    [20:02:10] step 9400/11249 | avg train loss 0.9359 top1 0.9136 top5 0.9973
    [20:02:44] step 9450/11249 | avg train loss 0.9362 top1 0.9134 top5 0.9974
    [20:03:18] step 9500/11249 | avg train loss 0.9362 top1 0.9135 top5 0.9974
    [20:03:51] step 9550/11249 | avg train loss 0.9361 top1 0.9135 top5 0.9973
    [20:04:25] step 9600/11249 | avg train loss 0.9360 top1 0.9134 top5 0.9973
    [20:04:58] step 9650/11249 | avg train loss 0.9359 top1 0.9135 top5 0.9974
    [20:05:32] step 9700/11249 | avg train loss 0.9361 top1 0.9135 top5 0.9973
    [20:06:06] step 9750/11249 | avg train loss 0.9361 top1 0.9135 top5 0.9974
    [20:06:39] step 9800/11249 | avg train loss 0.9362 top1 0.9134 top5 0.9974
    [20:07:13] step 9850/11249 | avg train loss 0.9362 top1 0.9134 top5 0.9974
    [20:07:47] step 9900/11249 | avg train loss 0.9364 top1 0.9132 top5 0.9974
    [20:08:21] step 9950/11249 | avg train loss 0.9368 top1 0.9131 top5 0.9974
    [20:08:54] step 10000/11249 | avg train loss 0.9372 top1 0.9129 top5 0.9973
    [20:09:28] step 10050/11249 | avg train loss 0.9373 top1 0.9127 top5 0.9973
    [20:10:02] step 10100/11249 | avg train loss 0.9379 top1 0.9125 top5 0.9973
    [20:10:35] step 10150/11249 | avg train loss 0.9381 top1 0.9124 top5 0.9973
    [20:11:09] step 10200/11249 | avg train loss 0.9384 top1 0.9124 top5 0.9972
    [20:11:43] step 10250/11249 | avg train loss 0.9385 top1 0.9124 top5 0.9972
    [20:12:16] step 10300/11249 | avg train loss 0.9385 top1 0.9123 top5 0.9972
    [20:12:50] step 10350/11249 | avg train loss 0.9387 top1 0.9122 top5 0.9972
    [20:13:23] step 10400/11249 | avg train loss 0.9386 top1 0.9122 top5 0.9972
    [20:13:57] step 10450/11249 | avg train loss 0.9389 top1 0.9122 top5 0.9972
    [20:14:31] step 10500/11249 | avg train loss 0.9391 top1 0.9121 top5 0.9972
    [20:15:04] step 10550/11249 | avg train loss 0.9393 top1 0.9121 top5 0.9972
    [20:15:38] step 10600/11249 | avg train loss 0.9396 top1 0.9119 top5 0.9972
    [20:16:12] step 10650/11249 | avg train loss 0.9399 top1 0.9118 top5 0.9972
    [20:16:45] step 10700/11249 | avg train loss 0.9402 top1 0.9116 top5 0.9972
    [20:17:19] step 10750/11249 | avg train loss 0.9401 top1 0.9117 top5 0.9972
    [20:17:53] step 10800/11249 | avg train loss 0.9402 top1 0.9116 top5 0.9972
    [20:18:26] step 10850/11249 | avg train loss 0.9403 top1 0.9116 top5 0.9972
    [20:19:00] step 10900/11249 | avg train loss 0.9407 top1 0.9114 top5 0.9972
    [20:19:34] step 10950/11249 | avg train loss 0.9409 top1 0.9113 top5 0.9971
    [20:20:07] step 11000/11249 | avg train loss 0.9409 top1 0.9113 top5 0.9972
    [20:20:41] step 11050/11249 | avg train loss 0.9408 top1 0.9113 top5 0.9971
    [20:21:15] step 11100/11249 | avg train loss 0.9415 top1 0.9111 top5 0.9971
    [20:21:49] step 11150/11249 | avg train loss 0.9417 top1 0.9111 top5 0.9971
    [20:22:22] step 11200/11249 | avg train loss 0.9419 top1 0.9111 top5 0.9970
    [20:22:55] step 11249/11249 | avg train loss 0.9421 top1 0.9111 top5 0.9970
Epoch 7/15 | train loss 0.9421 top1 0.9111 | val loss 1.6569 top1 0.5613 top5 0.8461 | ema val top1 0.5874 top5 0.8629
    [20:39:21] step 50/11249 | avg train loss 0.8781 top1 0.9350 top5 1.0000
    [20:39:55] step 100/11249 | avg train loss 0.8730 top1 0.9425 top5 0.9975
    [20:40:29] step 150/11249 | avg train loss 0.8669 top1 0.9467 top5 0.9983
    [20:41:02] step 200/11249 | avg train loss 0.8658 top1 0.9487 top5 0.9988
    [20:41:36] step 250/11249 | avg train loss 0.8657 top1 0.9460 top5 0.9990
    [20:42:09] step 300/11249 | avg train loss 0.8605 top1 0.9500 top5 0.9992
    [20:42:43] step 350/11249 | avg train loss 0.8581 top1 0.9507 top5 0.9993
    [20:43:17] step 400/11249 | avg train loss 0.8561 top1 0.9519 top5 0.9994
    [20:43:50] step 450/11249 | avg train loss 0.8534 top1 0.9539 top5 0.9994
    [20:44:24] step 500/11249 | avg train loss 0.8517 top1 0.9550 top5 0.9995
    [20:44:58] step 550/11249 | avg train loss 0.8499 top1 0.9577 top5 0.9995
    [20:45:31] step 600/11249 | avg train loss 0.8477 top1 0.9596 top5 0.9996
    [20:46:05] step 650/11249 | avg train loss 0.8481 top1 0.9581 top5 0.9996
    [20:46:39] step 700/11249 | avg train loss 0.8478 top1 0.9593 top5 0.9993
    [20:47:12] step 750/11249 | avg train loss 0.8451 top1 0.9600 top5 0.9993
    [20:47:46] step 800/11249 | avg train loss 0.8457 top1 0.9584 top5 0.9994
    [20:48:20] step 850/11249 | avg train loss 0.8445 top1 0.9582 top5 0.9994
    [20:48:53] step 900/11249 | avg train loss 0.8462 top1 0.9578 top5 0.9994
    [20:49:27] step 950/11249 | avg train loss 0.8459 top1 0.9576 top5 0.9995
    [20:50:01] step 1000/11249 | avg train loss 0.8453 top1 0.9577 top5 0.9995
    [20:50:34] step 1050/11249 | avg train loss 0.8444 top1 0.9581 top5 0.9995
    [20:51:08] step 1100/11249 | avg train loss 0.8443 top1 0.9582 top5 0.9995
    [20:51:42] step 1150/11249 | avg train loss 0.8451 top1 0.9578 top5 0.9993
    [20:52:15] step 1200/11249 | avg train loss 0.8436 top1 0.9581 top5 0.9994
    [20:52:49] step 1250/11249 | avg train loss 0.8424 top1 0.9588 top5 0.9994
    [20:53:22] step 1300/11249 | avg train loss 0.8419 top1 0.9588 top5 0.9994
    [20:53:56] step 1350/11249 | avg train loss 0.8402 top1 0.9596 top5 0.9994
    [20:54:30] step 1400/11249 | avg train loss 0.8387 top1 0.9600 top5 0.9995
    [20:55:03] step 1450/11249 | avg train loss 0.8388 top1 0.9591 top5 0.9995
    [20:55:37] step 1500/11249 | avg train loss 0.8388 top1 0.9588 top5 0.9993
    [20:56:11] step 1550/11249 | avg train loss 0.8380 top1 0.9594 top5 0.9994
    [20:56:44] step 1600/11249 | avg train loss 0.8385 top1 0.9592 top5 0.9992
    [20:57:18] step 1650/11249 | avg train loss 0.8392 top1 0.9591 top5 0.9992
    [20:57:52] step 1700/11249 | avg train loss 0.8391 top1 0.9591 top5 0.9993
    [20:58:25] step 1750/11249 | avg train loss 0.8387 top1 0.9593 top5 0.9993
    [20:58:59] step 1800/11249 | avg train loss 0.8385 top1 0.9594 top5 0.9992
    [20:59:32] step 1850/11249 | avg train loss 0.8380 top1 0.9599 top5 0.9992
    [21:00:06] step 1900/11249 | avg train loss 0.8369 top1 0.9600 top5 0.9992
    [21:00:40] step 1950/11249 | avg train loss 0.8368 top1 0.9597 top5 0.9992
    [21:01:13] step 2000/11249 | avg train loss 0.8365 top1 0.9596 top5 0.9992
    [21:01:47] step 2050/11249 | avg train loss 0.8362 top1 0.9595 top5 0.9993
    [21:02:21] step 2100/11249 | avg train loss 0.8371 top1 0.9592 top5 0.9993
    [21:02:54] step 2150/11249 | avg train loss 0.8374 top1 0.9586 top5 0.9993
    [21:03:28] step 2200/11249 | avg train loss 0.8372 top1 0.9587 top5 0.9993
    [21:04:02] step 2250/11249 | avg train loss 0.8367 top1 0.9592 top5 0.9993
    [21:04:35] step 2300/11249 | avg train loss 0.8367 top1 0.9592 top5 0.9993
    [21:05:09] step 2350/11249 | avg train loss 0.8370 top1 0.9588 top5 0.9994
    [21:05:42] step 2400/11249 | avg train loss 0.8367 top1 0.9589 top5 0.9994
    [21:06:16] step 2450/11249 | avg train loss 0.8375 top1 0.9585 top5 0.9993
    [21:06:50] step 2500/11249 | avg train loss 0.8382 top1 0.9581 top5 0.9993
    [21:07:23] step 2550/11249 | avg train loss 0.8380 top1 0.9583 top5 0.9993
    [21:07:57] step 2600/11249 | avg train loss 0.8379 top1 0.9583 top5 0.9993
    [21:08:31] step 2650/11249 | avg train loss 0.8374 top1 0.9586 top5 0.9993
    [21:09:04] step 2700/11249 | avg train loss 0.8378 top1 0.9581 top5 0.9994
    [21:09:38] step 2750/11249 | avg train loss 0.8385 top1 0.9582 top5 0.9993
    [21:10:12] step 2800/11249 | avg train loss 0.8400 top1 0.9572 top5 0.9993
    [21:10:46] step 2850/11249 | avg train loss 0.8401 top1 0.9572 top5 0.9993
    [21:11:19] step 2900/11249 | avg train loss 0.8403 top1 0.9570 top5 0.9993
    [21:11:53] step 2950/11249 | avg train loss 0.8402 top1 0.9570 top5 0.9993
    [21:12:26] step 3000/11249 | avg train loss 0.8403 top1 0.9571 top5 0.9993
    [21:13:00] step 3050/11249 | avg train loss 0.8406 top1 0.9568 top5 0.9993
    [21:13:34] step 3100/11249 | avg train loss 0.8420 top1 0.9560 top5 0.9994
    [21:14:07] step 3150/11249 | avg train loss 0.8430 top1 0.9554 top5 0.9994
    [21:14:41] step 3200/11249 | avg train loss 0.8439 top1 0.9552 top5 0.9994
    [21:15:15] step 3250/11249 | avg train loss 0.8443 top1 0.9551 top5 0.9994
    [21:15:48] step 3300/11249 | avg train loss 0.8453 top1 0.9547 top5 0.9993
    [21:16:22] step 3350/11249 | avg train loss 0.8458 top1 0.9543 top5 0.9993
    [21:16:56] step 3400/11249 | avg train loss 0.8459 top1 0.9543 top5 0.9993
    [21:17:29] step 3450/11249 | avg train loss 0.8462 top1 0.9541 top5 0.9993
    [21:18:03] step 3500/11249 | avg train loss 0.8462 top1 0.9540 top5 0.9994
    [21:18:37] step 3550/11249 | avg train loss 0.8468 top1 0.9535 top5 0.9993
    [21:19:10] step 3600/11249 | avg train loss 0.8467 top1 0.9536 top5 0.9993
    [21:19:44] step 3650/11249 | avg train loss 0.8469 top1 0.9536 top5 0.9993
    [21:20:18] step 3700/11249 | avg train loss 0.8476 top1 0.9533 top5 0.9993
    [21:20:51] step 3750/11249 | avg train loss 0.8479 top1 0.9536 top5 0.9992
    [21:21:25] step 3800/11249 | avg train loss 0.8479 top1 0.9537 top5 0.9992
    [21:21:58] step 3850/11249 | avg train loss 0.8478 top1 0.9539 top5 0.9992
    [21:22:32] step 3900/11249 | avg train loss 0.8482 top1 0.9537 top5 0.9992
    [21:23:06] step 3950/11249 | avg train loss 0.8482 top1 0.9537 top5 0.9992
    [21:23:39] step 4000/11249 | avg train loss 0.8481 top1 0.9537 top5 0.9992
    [21:24:13] step 4050/11249 | avg train loss 0.8480 top1 0.9539 top5 0.9993
    [21:24:47] step 4100/11249 | avg train loss 0.8481 top1 0.9538 top5 0.9993
    [21:25:20] step 4150/11249 | avg train loss 0.8488 top1 0.9536 top5 0.9993
    [21:25:54] step 4200/11249 | avg train loss 0.8485 top1 0.9538 top5 0.9993
    [21:26:28] step 4250/11249 | avg train loss 0.8483 top1 0.9538 top5 0.9992
    [21:27:01] step 4300/11249 | avg train loss 0.8483 top1 0.9537 top5 0.9992
    [21:27:35] step 4350/11249 | avg train loss 0.8483 top1 0.9537 top5 0.9992
    [21:28:09] step 4400/11249 | avg train loss 0.8479 top1 0.9538 top5 0.9992
    [21:28:42] step 4450/11249 | avg train loss 0.8478 top1 0.9538 top5 0.9992
    [21:29:16] step 4500/11249 | avg train loss 0.8480 top1 0.9537 top5 0.9992
    [21:29:49] step 4550/11249 | avg train loss 0.8484 top1 0.9537 top5 0.9992
    [21:30:23] step 4600/11249 | avg train loss 0.8482 top1 0.9538 top5 0.9992
    [21:30:57] step 4650/11249 | avg train loss 0.8481 top1 0.9538 top5 0.9992
    [21:31:30] step 4700/11249 | avg train loss 0.8482 top1 0.9537 top5 0.9993
    [21:32:04] step 4750/11249 | avg train loss 0.8485 top1 0.9535 top5 0.9993
    [21:32:38] step 4800/11249 | avg train loss 0.8483 top1 0.9536 top5 0.9993
    [21:33:11] step 4850/11249 | avg train loss 0.8484 top1 0.9534 top5 0.9993
    [21:33:45] step 4900/11249 | avg train loss 0.8486 top1 0.9532 top5 0.9993
    [21:34:19] step 4950/11249 | avg train loss 0.8494 top1 0.9525 top5 0.9992
    [21:34:52] step 5000/11249 | avg train loss 0.8496 top1 0.9523 top5 0.9992
    [21:35:26] step 5050/11249 | avg train loss 0.8495 top1 0.9523 top5 0.9993
    [21:36:00] step 5100/11249 | avg train loss 0.8497 top1 0.9522 top5 0.9993
    [21:36:33] step 5150/11249 | avg train loss 0.8503 top1 0.9519 top5 0.9993
    [21:37:07] step 5200/11249 | avg train loss 0.8506 top1 0.9517 top5 0.9993
    [21:37:41] step 5250/11249 | avg train loss 0.8514 top1 0.9513 top5 0.9993
    [21:38:14] step 5300/11249 | avg train loss 0.8518 top1 0.9510 top5 0.9992
    [21:38:48] step 5350/11249 | avg train loss 0.8523 top1 0.9508 top5 0.9993
    [21:39:22] step 5400/11249 | avg train loss 0.8521 top1 0.9510 top5 0.9993
    [21:39:55] step 5450/11249 | avg train loss 0.8524 top1 0.9509 top5 0.9993
    [21:40:29] step 5500/11249 | avg train loss 0.8524 top1 0.9509 top5 0.9993
    [21:41:02] step 5550/11249 | avg train loss 0.8527 top1 0.9508 top5 0.9993
    [21:41:36] step 5600/11249 | avg train loss 0.8533 top1 0.9504 top5 0.9992
    [21:42:10] step 5650/11249 | avg train loss 0.8534 top1 0.9503 top5 0.9992
    [21:42:44] step 5700/11249 | avg train loss 0.8541 top1 0.9498 top5 0.9992
    [21:43:17] step 5750/11249 | avg train loss 0.8543 top1 0.9497 top5 0.9991
    [21:43:51] step 5800/11249 | avg train loss 0.8543 top1 0.9497 top5 0.9991
    [21:44:25] step 5850/11249 | avg train loss 0.8543 top1 0.9497 top5 0.9991
    [21:44:58] step 5900/11249 | avg train loss 0.8544 top1 0.9495 top5 0.9991
    [21:45:32] step 5950/11249 | avg train loss 0.8547 top1 0.9494 top5 0.9991
    [21:46:05] step 6000/11249 | avg train loss 0.8551 top1 0.9491 top5 0.9991
    [21:46:39] step 6050/11249 | avg train loss 0.8553 top1 0.9489 top5 0.9991
    [21:47:13] step 6100/11249 | avg train loss 0.8556 top1 0.9488 top5 0.9991
    [21:47:46] step 6150/11249 | avg train loss 0.8560 top1 0.9486 top5 0.9991
    [21:48:20] step 6200/11249 | avg train loss 0.8560 top1 0.9486 top5 0.9991
    [21:48:54] step 6250/11249 | avg train loss 0.8562 top1 0.9486 top5 0.9991
    [21:49:27] step 6300/11249 | avg train loss 0.8563 top1 0.9486 top5 0.9991
    [21:50:01] step 6350/11249 | avg train loss 0.8561 top1 0.9487 top5 0.9991
    [21:50:34] step 6400/11249 | avg train loss 0.8561 top1 0.9487 top5 0.9991
    [21:51:08] step 6450/11249 | avg train loss 0.8562 top1 0.9487 top5 0.9991
    [21:51:42] step 6500/11249 | avg train loss 0.8564 top1 0.9485 top5 0.9991
    [21:52:15] step 6550/11249 | avg train loss 0.8563 top1 0.9485 top5 0.9991
    [21:52:49] step 6600/11249 | avg train loss 0.8572 top1 0.9482 top5 0.9991
    [21:53:22] step 6650/11249 | avg train loss 0.8573 top1 0.9480 top5 0.9991
    [21:53:56] step 6700/11249 | avg train loss 0.8572 top1 0.9481 top5 0.9991
    [21:54:30] step 6750/11249 | avg train loss 0.8573 top1 0.9480 top5 0.9991
    [21:55:03] step 6800/11249 | avg train loss 0.8574 top1 0.9480 top5 0.9991
    [21:55:37] step 6850/11249 | avg train loss 0.8574 top1 0.9480 top5 0.9991
    [21:56:10] step 6900/11249 | avg train loss 0.8575 top1 0.9479 top5 0.9991
    [21:56:44] step 6950/11249 | avg train loss 0.8574 top1 0.9480 top5 0.9991
    [21:57:18] step 7000/11249 | avg train loss 0.8576 top1 0.9479 top5 0.9991
    [21:57:51] step 7050/11249 | avg train loss 0.8577 top1 0.9479 top5 0.9991
    [21:58:25] step 7100/11249 | avg train loss 0.8577 top1 0.9479 top5 0.9991
    [21:58:59] step 7150/11249 | avg train loss 0.8577 top1 0.9479 top5 0.9991
    [21:59:32] step 7200/11249 | avg train loss 0.8579 top1 0.9478 top5 0.9991
    [22:00:06] step 7250/11249 | avg train loss 0.8581 top1 0.9478 top5 0.9991
    [22:00:39] step 7300/11249 | avg train loss 0.8582 top1 0.9478 top5 0.9991
    [22:01:13] step 7350/11249 | avg train loss 0.8582 top1 0.9477 top5 0.9991
    [22:01:47] step 7400/11249 | avg train loss 0.8583 top1 0.9477 top5 0.9991
    [22:02:20] step 7450/11249 | avg train loss 0.8582 top1 0.9476 top5 0.9991
    [22:02:54] step 7500/11249 | avg train loss 0.8581 top1 0.9477 top5 0.9991
    [22:03:27] step 7550/11249 | avg train loss 0.8584 top1 0.9475 top5 0.9991
    [22:04:01] step 7600/11249 | avg train loss 0.8589 top1 0.9473 top5 0.9990
    [22:04:35] step 7650/11249 | avg train loss 0.8592 top1 0.9472 top5 0.9990
    [22:05:08] step 7700/11249 | avg train loss 0.8594 top1 0.9471 top5 0.9990
    [22:05:42] step 7750/11249 | avg train loss 0.8594 top1 0.9471 top5 0.9990
    [22:06:15] step 7800/11249 | avg train loss 0.8597 top1 0.9470 top5 0.9990
    [22:06:49] step 7850/11249 | avg train loss 0.8601 top1 0.9468 top5 0.9990
    [22:07:23] step 7900/11249 | avg train loss 0.8602 top1 0.9468 top5 0.9990
    [22:07:56] step 7950/11249 | avg train loss 0.8602 top1 0.9468 top5 0.9990
    [22:08:30] step 8000/11249 | avg train loss 0.8600 top1 0.9467 top5 0.9990
    [22:09:03] step 8050/11249 | avg train loss 0.8602 top1 0.9467 top5 0.9990
    [22:09:37] step 8100/11249 | avg train loss 0.8601 top1 0.9469 top5 0.9990
    [22:10:11] step 8150/11249 | avg train loss 0.8601 top1 0.9469 top5 0.9990
    [22:10:44] step 8200/11249 | avg train loss 0.8605 top1 0.9466 top5 0.9990
    [22:11:18] step 8250/11249 | avg train loss 0.8605 top1 0.9466 top5 0.9990
    [22:11:51] step 8300/11249 | avg train loss 0.8606 top1 0.9465 top5 0.9990
    [22:12:25] step 8350/11249 | avg train loss 0.8606 top1 0.9465 top5 0.9990
    [22:12:59] step 8400/11249 | avg train loss 0.8612 top1 0.9461 top5 0.9990
    [22:13:33] step 8450/11249 | avg train loss 0.8613 top1 0.9461 top5 0.9990
    [22:14:06] step 8500/11249 | avg train loss 0.8612 top1 0.9461 top5 0.9990
    [22:14:40] step 8550/11249 | avg train loss 0.8610 top1 0.9462 top5 0.9990
    [22:15:13] step 8600/11249 | avg train loss 0.8613 top1 0.9461 top5 0.9990
    [22:15:47] step 8650/11249 | avg train loss 0.8615 top1 0.9460 top5 0.9990
    [22:16:21] step 8700/11249 | avg train loss 0.8615 top1 0.9460 top5 0.9990
    [22:16:54] step 8750/11249 | avg train loss 0.8618 top1 0.9459 top5 0.9990
    [22:17:28] step 8800/11249 | avg train loss 0.8617 top1 0.9460 top5 0.9990
    [22:18:01] step 8850/11249 | avg train loss 0.8619 top1 0.9459 top5 0.9990
    [22:18:35] step 8900/11249 | avg train loss 0.8621 top1 0.9459 top5 0.9990
    [22:19:09] step 8950/11249 | avg train loss 0.8621 top1 0.9460 top5 0.9990
    [22:19:42] step 9000/11249 | avg train loss 0.8621 top1 0.9460 top5 0.9990
    [22:20:16] step 9050/11249 | avg train loss 0.8623 top1 0.9460 top5 0.9990
    [22:20:50] step 9100/11249 | avg train loss 0.8624 top1 0.9458 top5 0.9990
    [22:21:23] step 9150/11249 | avg train loss 0.8624 top1 0.9458 top5 0.9990
    [22:21:57] step 9200/11249 | avg train loss 0.8625 top1 0.9457 top5 0.9990
    [22:22:30] step 9250/11249 | avg train loss 0.8627 top1 0.9455 top5 0.9990
    [22:23:04] step 9300/11249 | avg train loss 0.8630 top1 0.9453 top5 0.9990
    [22:23:38] step 9350/11249 | avg train loss 0.8634 top1 0.9450 top5 0.9990
    [22:24:11] step 9400/11249 | avg train loss 0.8636 top1 0.9450 top5 0.9990
    [22:24:45] step 9450/11249 | avg train loss 0.8637 top1 0.9449 top5 0.9990
    [22:25:18] step 9500/11249 | avg train loss 0.8638 top1 0.9449 top5 0.9990
    [22:25:52] step 9550/11249 | avg train loss 0.8638 top1 0.9449 top5 0.9990
    [22:26:26] step 9600/11249 | avg train loss 0.8639 top1 0.9449 top5 0.9990
    [22:26:59] step 9650/11249 | avg train loss 0.8640 top1 0.9448 top5 0.9990
    [22:27:33] step 9700/11249 | avg train loss 0.8644 top1 0.9446 top5 0.9990
    [22:28:07] step 9750/11249 | avg train loss 0.8644 top1 0.9446 top5 0.9990
    [22:28:40] step 9800/11249 | avg train loss 0.8645 top1 0.9445 top5 0.9990
    [22:29:14] step 9850/11249 | avg train loss 0.8648 top1 0.9444 top5 0.9990
    [22:29:47] step 9900/11249 | avg train loss 0.8649 top1 0.9443 top5 0.9990
    [22:30:21] step 9950/11249 | avg train loss 0.8651 top1 0.9443 top5 0.9990
    [22:30:55] step 10000/11249 | avg train loss 0.8654 top1 0.9442 top5 0.9990
    [22:31:28] step 10050/11249 | avg train loss 0.8656 top1 0.9441 top5 0.9990
    [22:32:02] step 10100/11249 | avg train loss 0.8660 top1 0.9439 top5 0.9990
    [22:32:35] step 10150/11249 | avg train loss 0.8661 top1 0.9439 top5 0.9990
    [22:33:09] step 10200/11249 | avg train loss 0.8661 top1 0.9439 top5 0.9990
    [22:33:43] step 10250/11249 | avg train loss 0.8663 top1 0.9438 top5 0.9990
    [22:34:16] step 10300/11249 | avg train loss 0.8665 top1 0.9437 top5 0.9990
    [22:34:50] step 10350/11249 | avg train loss 0.8669 top1 0.9436 top5 0.9990
    [22:35:24] step 10400/11249 | avg train loss 0.8671 top1 0.9435 top5 0.9990
    [22:35:57] step 10450/11249 | avg train loss 0.8674 top1 0.9433 top5 0.9990
    [22:36:31] step 10500/11249 | avg train loss 0.8673 top1 0.9435 top5 0.9990
    [22:37:05] step 10550/11249 | avg train loss 0.8675 top1 0.9433 top5 0.9990
    [22:37:38] step 10600/11249 | avg train loss 0.8673 top1 0.9434 top5 0.9990
    [22:38:12] step 10650/11249 | avg train loss 0.8672 top1 0.9434 top5 0.9990
    [22:38:45] step 10700/11249 | avg train loss 0.8674 top1 0.9433 top5 0.9990
    [22:39:19] step 10750/11249 | avg train loss 0.8675 top1 0.9432 top5 0.9990
    [22:39:53] step 10800/11249 | avg train loss 0.8673 top1 0.9433 top5 0.9990
    [22:40:26] step 10850/11249 | avg train loss 0.8674 top1 0.9432 top5 0.9990
    [22:41:00] step 10900/11249 | avg train loss 0.8675 top1 0.9431 top5 0.9990
    [22:41:34] step 10950/11249 | avg train loss 0.8678 top1 0.9429 top5 0.9990
    [22:42:07] step 11000/11249 | avg train loss 0.8681 top1 0.9429 top5 0.9990
    [22:42:41] step 11050/11249 | avg train loss 0.8683 top1 0.9429 top5 0.9990
    [22:43:15] step 11100/11249 | avg train loss 0.8683 top1 0.9429 top5 0.9990
    [22:43:48] step 11150/11249 | avg train loss 0.8684 top1 0.9428 top5 0.9990
    [22:44:22] step 11200/11249 | avg train loss 0.8686 top1 0.9428 top5 0.9990
    [22:44:55] step 11249/11249 | avg train loss 0.8689 top1 0.9426 top5 0.9990
Epoch 8/15 | train loss 0.8689 top1 0.9426 | val loss 1.6641 top1 0.5703 top5 0.8418 | ema val top1 0.5794 top5 0.8516
    [23:01:22] step 50/11249 | avg train loss 0.7786 top1 0.9800 top5 1.0000
    [23:01:55] step 100/11249 | avg train loss 0.8066 top1 0.9700 top5 1.0000
    [23:02:29] step 150/11249 | avg train loss 0.7979 top1 0.9767 top5 1.0000
    [23:03:03] step 200/11249 | avg train loss 0.7950 top1 0.9762 top5 1.0000
    [23:03:36] step 250/11249 | avg train loss 0.7929 top1 0.9790 top5 1.0000
    [23:04:10] step 300/11249 | avg train loss 0.7918 top1 0.9783 top5 1.0000
    [23:04:44] step 350/11249 | avg train loss 0.7923 top1 0.9771 top5 1.0000
    [23:05:17] step 400/11249 | avg train loss 0.7916 top1 0.9769 top5 1.0000
    [23:05:51] step 450/11249 | avg train loss 0.7916 top1 0.9767 top5 1.0000
    [23:06:25] step 500/11249 | avg train loss 0.7895 top1 0.9775 top5 1.0000
    [23:06:58] step 550/11249 | avg train loss 0.7904 top1 0.9768 top5 1.0000
    [23:07:32] step 600/11249 | avg train loss 0.7916 top1 0.9762 top5 1.0000
    [23:08:06] step 650/11249 | avg train loss 0.7923 top1 0.9765 top5 1.0000
    [23:08:40] step 700/11249 | avg train loss 0.7923 top1 0.9757 top5 0.9996
    [23:09:13] step 750/11249 | avg train loss 0.7950 top1 0.9750 top5 0.9997
    [23:09:47] step 800/11249 | avg train loss 0.7977 top1 0.9741 top5 0.9997
    [23:10:21] step 850/11249 | avg train loss 0.7985 top1 0.9738 top5 0.9997
    [23:10:54] step 900/11249 | avg train loss 0.7981 top1 0.9736 top5 0.9997
    [23:11:28] step 950/11249 | avg train loss 0.7976 top1 0.9734 top5 0.9997
    [23:12:02] step 1000/11249 | avg train loss 0.7990 top1 0.9730 top5 0.9998
    [23:12:35] step 1050/11249 | avg train loss 0.7985 top1 0.9729 top5 0.9998
    [23:13:09] step 1100/11249 | avg train loss 0.7977 top1 0.9734 top5 0.9998
    [23:13:43] step 1150/11249 | avg train loss 0.7980 top1 0.9737 top5 0.9998
    [23:14:16] step 1200/11249 | avg train loss 0.7967 top1 0.9742 top5 0.9998
    [23:14:50] step 1250/11249 | avg train loss 0.7965 top1 0.9736 top5 0.9998
    [23:15:24] step 1300/11249 | avg train loss 0.7968 top1 0.9729 top5 0.9998
    [23:15:58] step 1350/11249 | avg train loss 0.7984 top1 0.9720 top5 0.9998
    [23:16:31] step 1400/11249 | avg train loss 0.7982 top1 0.9727 top5 0.9998
    [23:17:05] step 1450/11249 | avg train loss 0.7985 top1 0.9728 top5 0.9998
    [23:17:39] step 1500/11249 | avg train loss 0.7989 top1 0.9723 top5 0.9998
    [23:18:12] step 1550/11249 | avg train loss 0.7993 top1 0.9718 top5 0.9998
    [23:18:46] step 1600/11249 | avg train loss 0.7995 top1 0.9716 top5 0.9998
    [23:19:20] step 1650/11249 | avg train loss 0.7986 top1 0.9720 top5 0.9998
    [23:19:54] step 1700/11249 | avg train loss 0.7975 top1 0.9725 top5 0.9999
    [23:20:27] step 1750/11249 | avg train loss 0.7977 top1 0.9726 top5 0.9999
    [23:21:01] step 1800/11249 | avg train loss 0.7974 top1 0.9725 top5 0.9999
    [23:21:35] step 1850/11249 | avg train loss 0.7969 top1 0.9726 top5 0.9999
    [23:22:08] step 1900/11249 | avg train loss 0.7972 top1 0.9726 top5 0.9999
    [23:22:42] step 1950/11249 | avg train loss 0.7969 top1 0.9728 top5 0.9999
    [23:23:16] step 2000/11249 | avg train loss 0.7974 top1 0.9725 top5 0.9998
    [23:23:49] step 2050/11249 | avg train loss 0.7970 top1 0.9726 top5 0.9998
    [23:24:23] step 2100/11249 | avg train loss 0.7963 top1 0.9729 top5 0.9998
    [23:24:57] step 2150/11249 | avg train loss 0.7963 top1 0.9728 top5 0.9998
    [23:25:31] step 2200/11249 | avg train loss 0.7957 top1 0.9731 top5 0.9998
    [23:26:04] step 2250/11249 | avg train loss 0.7960 top1 0.9731 top5 0.9998
    [23:26:38] step 2300/11249 | avg train loss 0.7954 top1 0.9734 top5 0.9998
    [23:27:12] step 2350/11249 | avg train loss 0.7956 top1 0.9736 top5 0.9998
    [23:27:45] step 2400/11249 | avg train loss 0.7950 top1 0.9740 top5 0.9998
    [23:28:19] step 2450/11249 | avg train loss 0.7953 top1 0.9737 top5 0.9998
    [23:28:53] step 2500/11249 | avg train loss 0.7953 top1 0.9735 top5 0.9998
    [23:29:27] step 2550/11249 | avg train loss 0.7953 top1 0.9734 top5 0.9998
    [23:30:00] step 2600/11249 | avg train loss 0.7949 top1 0.9735 top5 0.9998
    [23:30:34] step 2650/11249 | avg train loss 0.7947 top1 0.9737 top5 0.9998
    [23:31:08] step 2700/11249 | avg train loss 0.7945 top1 0.9738 top5 0.9998
    [23:31:42] step 2750/11249 | avg train loss 0.7946 top1 0.9739 top5 0.9998
    [23:32:15] step 2800/11249 | avg train loss 0.7944 top1 0.9739 top5 0.9998
    [23:32:49] step 2850/11249 | avg train loss 0.7949 top1 0.9736 top5 0.9998
    [23:33:23] step 2900/11249 | avg train loss 0.7949 top1 0.9737 top5 0.9998
    [23:33:57] step 2950/11249 | avg train loss 0.7948 top1 0.9736 top5 0.9998
    [23:34:30] step 3000/11249 | avg train loss 0.7952 top1 0.9734 top5 0.9998
    [23:35:04] step 3050/11249 | avg train loss 0.7958 top1 0.9734 top5 0.9998
    [23:35:38] step 3100/11249 | avg train loss 0.7959 top1 0.9733 top5 0.9998
    [23:36:12] step 3150/11249 | avg train loss 0.7958 top1 0.9733 top5 0.9998
    [23:36:45] step 3200/11249 | avg train loss 0.7960 top1 0.9732 top5 0.9998
    [23:37:19] step 3250/11249 | avg train loss 0.7958 top1 0.9733 top5 0.9998
    [23:37:53] step 3300/11249 | avg train loss 0.7962 top1 0.9730 top5 0.9998
    [23:38:26] step 3350/11249 | avg train loss 0.7961 top1 0.9731 top5 0.9999
    [23:39:00] step 3400/11249 | avg train loss 0.7964 top1 0.9731 top5 0.9999
    [23:39:34] step 3450/11249 | avg train loss 0.7964 top1 0.9733 top5 0.9999
    [23:40:08] step 3500/11249 | avg train loss 0.7966 top1 0.9730 top5 0.9999
    [23:40:41] step 3550/11249 | avg train loss 0.7965 top1 0.9730 top5 0.9999
    [23:41:15] step 3600/11249 | avg train loss 0.7966 top1 0.9731 top5 0.9999
    [23:41:49] step 3650/11249 | avg train loss 0.7970 top1 0.9727 top5 0.9999
    [23:42:23] step 3700/11249 | avg train loss 0.7971 top1 0.9725 top5 0.9999
    [23:42:56] step 3750/11249 | avg train loss 0.7965 top1 0.9728 top5 0.9999
    [23:43:30] step 3800/11249 | avg train loss 0.7962 top1 0.9728 top5 0.9999
    [23:44:04] step 3850/11249 | avg train loss 0.7966 top1 0.9727 top5 0.9999
    [23:44:38] step 3900/11249 | avg train loss 0.7968 top1 0.9727 top5 0.9999
    [23:45:11] step 3950/11249 | avg train loss 0.7969 top1 0.9727 top5 0.9999
    [23:45:45] step 4000/11249 | avg train loss 0.7968 top1 0.9729 top5 0.9999
    [23:46:19] step 4050/11249 | avg train loss 0.7965 top1 0.9731 top5 0.9999
    [23:46:52] step 4100/11249 | avg train loss 0.7970 top1 0.9727 top5 0.9999
    [23:47:26] step 4150/11249 | avg train loss 0.7971 top1 0.9727 top5 0.9999
    [23:48:00] step 4200/11249 | avg train loss 0.7970 top1 0.9727 top5 0.9999
    [23:48:34] step 4250/11249 | avg train loss 0.7970 top1 0.9726 top5 0.9999
    [23:49:07] step 4300/11249 | avg train loss 0.7969 top1 0.9727 top5 0.9999
    [23:49:41] step 4350/11249 | avg train loss 0.7969 top1 0.9726 top5 0.9999
    [23:50:15] step 4400/11249 | avg train loss 0.7970 top1 0.9726 top5 0.9999
    [23:50:48] step 4450/11249 | avg train loss 0.7970 top1 0.9726 top5 0.9999
    [23:51:22] step 4500/11249 | avg train loss 0.7973 top1 0.9724 top5 0.9999
    [23:51:56] step 4550/11249 | avg train loss 0.7973 top1 0.9725 top5 0.9999
    [23:52:30] step 4600/11249 | avg train loss 0.7974 top1 0.9724 top5 0.9999
    [23:53:03] step 4650/11249 | avg train loss 0.7972 top1 0.9724 top5 0.9999
    [23:53:37] step 4700/11249 | avg train loss 0.7974 top1 0.9722 top5 0.9999
    [23:54:11] step 4750/11249 | avg train loss 0.7979 top1 0.9719 top5 0.9999
    [23:54:45] step 4800/11249 | avg train loss 0.7976 top1 0.9720 top5 0.9999
    [23:55:18] step 4850/11249 | avg train loss 0.7978 top1 0.9720 top5 0.9999
    [23:55:52] step 4900/11249 | avg train loss 0.7979 top1 0.9720 top5 0.9999
    [23:56:26] step 4950/11249 | avg train loss 0.7981 top1 0.9719 top5 0.9999
    [23:56:59] step 5000/11249 | avg train loss 0.7983 top1 0.9718 top5 0.9999
    [23:57:33] step 5050/11249 | avg train loss 0.7984 top1 0.9718 top5 0.9999
    [23:58:07] step 5100/11249 | avg train loss 0.7985 top1 0.9717 top5 0.9999
    [23:58:41] step 5150/11249 | avg train loss 0.7987 top1 0.9716 top5 0.9999
    [23:59:14] step 5200/11249 | avg train loss 0.7988 top1 0.9715 top5 0.9999
    [23:59:48] step 5250/11249 | avg train loss 0.7992 top1 0.9711 top5 0.9999
    [00:00:22] step 5300/11249 | avg train loss 0.7996 top1 0.9708 top5 0.9999
    [00:00:56] step 5350/11249 | avg train loss 0.7995 top1 0.9709 top5 0.9999
    [00:01:29] step 5400/11249 | avg train loss 0.7996 top1 0.9709 top5 0.9999
    [00:02:03] step 5450/11249 | avg train loss 0.7994 top1 0.9709 top5 0.9999
    [00:02:37] step 5500/11249 | avg train loss 0.7995 top1 0.9711 top5 0.9999
    [00:03:11] step 5550/11249 | avg train loss 0.7996 top1 0.9711 top5 0.9999
    [00:03:44] step 5600/11249 | avg train loss 0.8001 top1 0.9708 top5 0.9999
    [00:04:18] step 5650/11249 | avg train loss 0.8002 top1 0.9706 top5 0.9999
    [00:04:52] step 5700/11249 | avg train loss 0.8006 top1 0.9705 top5 0.9999
    [00:05:26] step 5750/11249 | avg train loss 0.8006 top1 0.9705 top5 0.9999
    [00:05:59] step 5800/11249 | avg train loss 0.8007 top1 0.9705 top5 0.9999
    [00:06:33] step 5850/11249 | avg train loss 0.8007 top1 0.9706 top5 0.9999
    [00:07:07] step 5900/11249 | avg train loss 0.8011 top1 0.9705 top5 0.9999
    [00:07:41] step 5950/11249 | avg train loss 0.8011 top1 0.9705 top5 0.9999
    [00:08:14] step 6000/11249 | avg train loss 0.8010 top1 0.9705 top5 0.9999
    [00:08:48] step 6050/11249 | avg train loss 0.8011 top1 0.9704 top5 0.9999
    [00:09:22] step 6100/11249 | avg train loss 0.8011 top1 0.9705 top5 0.9999
    [00:09:56] step 6150/11249 | avg train loss 0.8013 top1 0.9703 top5 0.9999
    [00:10:29] step 6200/11249 | avg train loss 0.8014 top1 0.9702 top5 0.9999
    [00:11:03] step 6250/11249 | avg train loss 0.8017 top1 0.9700 top5 0.9999
    [00:11:37] step 6300/11249 | avg train loss 0.8016 top1 0.9700 top5 0.9999
    [00:12:10] step 6350/11249 | avg train loss 0.8016 top1 0.9699 top5 0.9999
    [00:12:44] step 6400/11249 | avg train loss 0.8020 top1 0.9697 top5 0.9999
    [00:13:18] step 6450/11249 | avg train loss 0.8020 top1 0.9698 top5 0.9999
    [00:13:52] step 6500/11249 | avg train loss 0.8017 top1 0.9699 top5 0.9999
    [00:14:25] step 6550/11249 | avg train loss 0.8022 top1 0.9696 top5 0.9999
    [00:14:59] step 6600/11249 | avg train loss 0.8022 top1 0.9695 top5 0.9999
    [00:15:33] step 6650/11249 | avg train loss 0.8020 top1 0.9696 top5 0.9999
    [00:16:06] step 6700/11249 | avg train loss 0.8018 top1 0.9697 top5 0.9999
    [00:16:40] step 6750/11249 | avg train loss 0.8019 top1 0.9697 top5 0.9999
    [00:17:14] step 6800/11249 | avg train loss 0.8020 top1 0.9697 top5 0.9999
    [00:17:48] step 6850/11249 | avg train loss 0.8020 top1 0.9697 top5 0.9999
    [00:18:21] step 6900/11249 | avg train loss 0.8022 top1 0.9697 top5 0.9999
    [00:18:55] step 6950/11249 | avg train loss 0.8022 top1 0.9697 top5 0.9999
    [00:19:29] step 7000/11249 | avg train loss 0.8022 top1 0.9697 top5 0.9999
    [00:20:03] step 7050/11249 | avg train loss 0.8023 top1 0.9696 top5 0.9999
    [00:20:36] step 7100/11249 | avg train loss 0.8026 top1 0.9696 top5 0.9999
    [00:21:10] step 7150/11249 | avg train loss 0.8027 top1 0.9695 top5 0.9999
    [00:21:44] step 7200/11249 | avg train loss 0.8029 top1 0.9693 top5 0.9999
    [00:22:17] step 7250/11249 | avg train loss 0.8028 top1 0.9694 top5 0.9999
    [00:22:51] step 7300/11249 | avg train loss 0.8031 top1 0.9690 top5 0.9999
    [00:23:25] step 7350/11249 | avg train loss 0.8033 top1 0.9689 top5 0.9999
    [00:23:58] step 7400/11249 | avg train loss 0.8032 top1 0.9690 top5 0.9999
    [00:24:32] step 7450/11249 | avg train loss 0.8034 top1 0.9691 top5 0.9999
    [00:25:06] step 7500/11249 | avg train loss 0.8032 top1 0.9692 top5 0.9999
    [00:25:40] step 7550/11249 | avg train loss 0.8032 top1 0.9692 top5 0.9999
    [00:26:13] step 7600/11249 | avg train loss 0.8034 top1 0.9690 top5 0.9999
    [00:26:47] step 7650/11249 | avg train loss 0.8034 top1 0.9691 top5 0.9999
    [00:27:21] step 7700/11249 | avg train loss 0.8034 top1 0.9691 top5 0.9999
    [00:27:55] step 7750/11249 | avg train loss 0.8036 top1 0.9690 top5 0.9999
    [00:28:28] step 7800/11249 | avg train loss 0.8036 top1 0.9691 top5 0.9999
    [00:29:02] step 7850/11249 | avg train loss 0.8038 top1 0.9689 top5 0.9999
    [00:29:36] step 7900/11249 | avg train loss 0.8039 top1 0.9689 top5 0.9999
    [00:30:09] step 7950/11249 | avg train loss 0.8040 top1 0.9687 top5 0.9999
    [00:30:43] step 8000/11249 | avg train loss 0.8040 top1 0.9687 top5 0.9999
    [00:31:17] step 8050/11249 | avg train loss 0.8041 top1 0.9687 top5 0.9999
    [00:31:50] step 8100/11249 | avg train loss 0.8042 top1 0.9686 top5 0.9999
    [00:32:24] step 8150/11249 | avg train loss 0.8042 top1 0.9685 top5 0.9999
    [00:32:58] step 8200/11249 | avg train loss 0.8044 top1 0.9684 top5 0.9999

[resume] 2026-05-27T14:56:57+02:00 host=sole expt=track_b_dinov3_attnprobe_lora16f resume_from=checkpoints/track_b/dinov3_attnprobe_lora16f.last.pt extras=none
model:
  name: dinov3_video
  pretrained: true
  num_classes: ${num_classes}
  hf_repo: facebook/dinov2-large
  head_type: attentive
  head_num_heads: 8
  head_num_queries: 1
  head_dropout: 0.0
  lora_enabled: true
  lora_r: 16
  lora_alpha: 32
  lora_dropout: 0.05
  lora_target_modules:
  - query
  - key
  - value
  - dense
  freeze_backbone: true
  attn_implementation: sdpa
dataset:
  root: ${hydra:runtime.cwd}/data
  train_dir: ${dataset.root}/train
  val_dir: ${dataset.root}/val
  test_dir: ${dataset.root}/test
  augmented_dirs: []
  test_manifest: null
  submission_output: ${hydra:runtime.cwd}/submissions/track_a.csv
  num_frames: 16
  frame_upsample_mode: cycle
  val_ratio: 0.2
  use_official_val: true
  include_val_in_train: false
  official_val_holdout_ratio: 0.0
  seed: ${seed}
  use_extra: false
  train_extra_dir: ${dataset.root}/train_extra
  max_samples: null
  max_samples_per_class: null
  image_size: 224
  time_reversal_prob: 0.0
  temporal_reversal_augment:
    enabled: false
    prob: 0.5
  class_boosting:
    enabled: false
training:
  batch_size: 4
  lr: 0.0005
  epochs: 15
  num_workers: 2
  checkpoint_path: checkpoints/track_b/dinov3_attnprobe_lora16f.pt
  resume_from: checkpoints/track_b/dinov3_attnprobe_lora16f.last.pt
  lora_lr: 0.0001
  lora_lr_ratio: 0.25
  motion_lr: null
  motion_lr_ratio: null
  resume_apply_cfg_lr: false
  amp: true
  device: cuda
  optimizer: adamw
  momentum: 0.9
  nesterov: false
  weight_decay: 0.05
  scheduler_cosine: true
  warmup_epochs: 1
  min_lr: 1.0e-05
  label_smoothing: 0.1
  videomix_alpha: 0.0
  videomix_prob: 1.0
  videomix_mode: cube_cutmix
  videomix_mixup_alpha: null
  videomix_cutmix_alpha: null
  videomix_switch_prob: 0.5
  layer_decay: null
  repeated_aug: 1
  grad_accum_steps: 1
  amp_dtype: float16
  scheduler: none
  sgdr_T0: 30
  sgdr_save_snapshots: false
  early_stopping_enabled: false
  early_stopping_patience: 10
  early_stopping_min_delta: 0.0
  log_interval_steps: 50
  ema_enabled: true
  ema_decay: 0.999
  eval_every_n_epochs: 1
  eval_ema: true
  save_last_checkpoint: true
  last_checkpoint_path: null
  resume_reset_scheduler: false
  continuation_warmup_epochs: 0
  continuation_rewarm_lr: false
  continuation_peak_lr_ratio: 0.4
  tta: false
  tta_flip: false
  tta_temporal_shift: 0
  tta_scales:
  - 0.875
  - 1.0
  - 1.125
  tta_logit_adjust: 0.0
  class_balance_sampler: none
  class_balance_loss: none
  class_balance_beta: 0.999
  wandb:
    enabled: false
    project: null
    entity: null
    name: null
    run_name: null
    tags: []
    mode: null
    log_interval_epochs: 1
augment:
  name: none
  random_horizontal_flip: false
  random_crop: false
  crop_padding: 0
  color_jitter: false
  color_jitter_brightness: 0.0
  color_jitter_contrast: 0.0
  color_jitter_saturation: 0.0
  color_jitter_hue: 0.0
  random_grayscale: false
  random_grayscale_prob: 0.0
  gaussian_blur: false
  gaussian_blur_prob: 0.0
  gaussian_blur_radius_min: 0.1
  gaussian_blur_radius_max: 2.0
pretrain:
  epochs: 100
  batch_size: 64
  lr: 0.0005
  weight_decay: 0.04
  log_interval_steps: 50
  checkpoint_path: ${hydra:runtime.cwd}/ssl_trunk.pt
  max_frames: null
  image_size: 224
  local_image_size: 96
  num_local_views: 6
  out_dim: 4096
  hidden_dim: 2048
  bottleneck_dim: 256
  n_layers: 3
  teacher_temp: 0.04
  student_temp: 0.1
  center_momentum: 0.9
  teacher_momentum_base: 0.996
  teacher_momentum_final: 1.0
test:
  num_segment: 1
  num_crop: 1
  flip_tta: false
track:
  name: a
  description: 'Closed-world track: train from scratch.'
num_classes: 33
seed: 42

[cuda] cache emptied (run-start). Free: 23.15 / 23.54 GiB
[data] use_official_val=true: train=44993 (train_dir=44993), val=6745 (from /Data/thomas.turkieh/smth2smth/data/val)
[2026-05-27 14:57:04,037][httpx][INFO] - HTTP Request: HEAD https://huggingface.co/facebook/dinov2-large/resolve/main/config.json "HTTP/1.1 307 Temporary Redirect"
[2026-05-27 14:57:04,044][httpx][INFO] - HTTP Request: HEAD https://huggingface.co/api/resolve-cache/models/facebook/dinov2-large/47b73eefe95e8d44ec3623f8890bd894b6ea2d6c/config.json "HTTP/1.1 200 OK"
[2026-05-27 14:57:04,213][httpx][INFO] - HTTP Request: HEAD https://huggingface.co/facebook/dinov2-large/resolve/main/config.json "HTTP/1.1 307 Temporary Redirect"
[2026-05-27 14:57:04,219][httpx][INFO] - HTTP Request: HEAD https://huggingface.co/api/resolve-cache/models/facebook/dinov2-large/47b73eefe95e8d44ec3623f8890bd894b6ea2d6c/config.json "HTTP/1.1 200 OK"
Loading weights:   0%|          | 0/439 [00:00<?, ?it/s]Loading weights: 100%|██████████| 439/439 [00:00<00:00, 16717.05it/s]
[model] freeze_backbone ignored (only supported for video_mae_vit).
[optim] two param groups: head lr=0.0005 (n=9), lora lr=0.0001 (n=192)
[optim] trainable 7,381,025 / total 311,749,665 params (2.37%)
[amp] mixed-precision (torch.float16 + GradScaler) enabled.
[ema] enabled (decay=0.999); will eval both live and EMA each epoch.
Resuming from checkpoint: /Data/thomas.turkieh/smth2smth/checkpoints/track_b/dinov3_attnprobe_lora16f.last.pt
  Resumed at epoch 8/15; best val top1 so far = 0.5994
  Optimizer state restored from checkpoint.
  Cosine scheduler state restored; resumed LR=0.000255
  GradScaler state restored from checkpoint.
  LR after resume: head=0.000255, lora=5.5e-05 (cosine will step after each train epoch).
    [14:57:39] step 50/11249 | avg train loss 0.8282 top1 0.9500 top5 1.0000
    [14:58:12] step 100/11249 | avg train loss 0.8091 top1 0.9650 top5 1.0000
    [14:58:46] step 150/11249 | avg train loss 0.8096 top1 0.9667 top5 1.0000
    [14:59:20] step 200/11249 | avg train loss 0.7990 top1 0.9738 top5 1.0000
    [14:59:53] step 250/11249 | avg train loss 0.8009 top1 0.9720 top5 1.0000
    [15:00:27] step 300/11249 | avg train loss 0.8024 top1 0.9708 top5 1.0000
    [15:01:01] step 350/11249 | avg train loss 0.8004 top1 0.9721 top5 1.0000
    [15:01:34] step 400/11249 | avg train loss 0.8000 top1 0.9731 top5 1.0000
    [15:02:08] step 450/11249 | avg train loss 0.7995 top1 0.9733 top5 1.0000
    [15:02:42] step 500/11249 | avg train loss 0.8006 top1 0.9730 top5 1.0000
    [15:03:15] step 550/11249 | avg train loss 0.8000 top1 0.9727 top5 1.0000
    [15:03:49] step 600/11249 | avg train loss 0.8038 top1 0.9721 top5 1.0000
    [15:04:23] step 650/11249 | avg train loss 0.8029 top1 0.9719 top5 1.0000
    [15:04:56] step 700/11249 | avg train loss 0.8032 top1 0.9721 top5 1.0000
    [15:05:30] step 750/11249 | avg train loss 0.8045 top1 0.9720 top5 1.0000
    [15:06:04] step 800/11249 | avg train loss 0.8032 top1 0.9725 top5 1.0000
    [15:06:37] step 850/11249 | avg train loss 0.8042 top1 0.9715 top5 1.0000
    [15:07:11] step 900/11249 | avg train loss 0.8019 top1 0.9728 top5 1.0000
    [15:07:44] step 950/11249 | avg train loss 0.8013 top1 0.9734 top5 1.0000
    [15:08:18] step 1000/11249 | avg train loss 0.8004 top1 0.9742 top5 1.0000
    [15:08:52] step 1050/11249 | avg train loss 0.7990 top1 0.9750 top5 1.0000
    [15:09:25] step 1100/11249 | avg train loss 0.7983 top1 0.9750 top5 1.0000
    [15:09:59] step 1150/11249 | avg train loss 0.7994 top1 0.9746 top5 1.0000
    [15:10:33] step 1200/11249 | avg train loss 0.7994 top1 0.9744 top5 1.0000
    [15:11:06] step 1250/11249 | avg train loss 0.7993 top1 0.9746 top5 1.0000
    [15:11:40] step 1300/11249 | avg train loss 0.7976 top1 0.9750 top5 1.0000
    [15:12:14] step 1350/11249 | avg train loss 0.7970 top1 0.9752 top5 1.0000
    [15:12:47] step 1400/11249 | avg train loss 0.7956 top1 0.9759 top5 1.0000
    [15:13:21] step 1450/11249 | avg train loss 0.7945 top1 0.9764 top5 1.0000
    [15:13:55] step 1500/11249 | avg train loss 0.7945 top1 0.9768 top5 1.0000
    [15:14:28] step 1550/11249 | avg train loss 0.7938 top1 0.9771 top5 1.0000
    [15:15:02] step 1600/11249 | avg train loss 0.7932 top1 0.9772 top5 1.0000
    [15:15:36] step 1650/11249 | avg train loss 0.7939 top1 0.9768 top5 1.0000
    [15:16:09] step 1700/11249 | avg train loss 0.7945 top1 0.9762 top5 1.0000
    [15:16:43] step 1750/11249 | avg train loss 0.7947 top1 0.9760 top5 1.0000
    [15:17:17] step 1800/11249 | avg train loss 0.7943 top1 0.9760 top5 1.0000
    [15:17:50] step 1850/11249 | avg train loss 0.7935 top1 0.9765 top5 1.0000
    [15:18:24] step 1900/11249 | avg train loss 0.7926 top1 0.9767 top5 1.0000
    [15:18:57] step 1950/11249 | avg train loss 0.7934 top1 0.9763 top5 1.0000
    [15:19:31] step 2000/11249 | avg train loss 0.7931 top1 0.9764 top5 1.0000
    [15:20:05] step 2050/11249 | avg train loss 0.7930 top1 0.9761 top5 1.0000
    [15:20:38] step 2100/11249 | avg train loss 0.7929 top1 0.9761 top5 1.0000
    [15:21:12] step 2150/11249 | avg train loss 0.7932 top1 0.9757 top5 1.0000
    [15:21:46] step 2200/11249 | avg train loss 0.7930 top1 0.9758 top5 1.0000
    [15:22:19] step 2250/11249 | avg train loss 0.7928 top1 0.9760 top5 0.9999
    [15:22:53] step 2300/11249 | avg train loss 0.7926 top1 0.9762 top5 0.9999
    [15:23:27] step 2350/11249 | avg train loss 0.7931 top1 0.9757 top5 0.9999
    [15:24:01] step 2400/11249 | avg train loss 0.7938 top1 0.9753 top5 0.9999
    [15:24:34] step 2450/11249 | avg train loss 0.7942 top1 0.9753 top5 0.9998
    [15:25:08] step 2500/11249 | avg train loss 0.7942 top1 0.9753 top5 0.9998
    [15:25:42] step 2550/11249 | avg train loss 0.7940 top1 0.9755 top5 0.9998
    [15:26:15] step 2600/11249 | avg train loss 0.7943 top1 0.9753 top5 0.9997
    [15:26:49] step 2650/11249 | avg train loss 0.7949 top1 0.9751 top5 0.9996
    [15:27:22] step 2700/11249 | avg train loss 0.7948 top1 0.9754 top5 0.9996
    [15:27:56] step 2750/11249 | avg train loss 0.7945 top1 0.9756 top5 0.9996
    [15:28:30] step 2800/11249 | avg train loss 0.7941 top1 0.9759 top5 0.9996
    [15:29:03] step 2850/11249 | avg train loss 0.7941 top1 0.9760 top5 0.9996
    [15:29:37] step 2900/11249 | avg train loss 0.7940 top1 0.9758 top5 0.9997
    [15:30:11] step 2950/11249 | avg train loss 0.7941 top1 0.9755 top5 0.9997
    [15:30:44] step 3000/11249 | avg train loss 0.7936 top1 0.9757 top5 0.9997
    [15:31:18] step 3050/11249 | avg train loss 0.7933 top1 0.9758 top5 0.9997
    [15:31:52] step 3100/11249 | avg train loss 0.7932 top1 0.9759 top5 0.9997
    [15:32:25] step 3150/11249 | avg train loss 0.7931 top1 0.9760 top5 0.9997
    [15:32:59] step 3200/11249 | avg train loss 0.7934 top1 0.9756 top5 0.9997
    [15:33:33] step 3250/11249 | avg train loss 0.7934 top1 0.9755 top5 0.9997
    [15:34:06] step 3300/11249 | avg train loss 0.7930 top1 0.9757 top5 0.9997
    [15:34:40] step 3350/11249 | avg train loss 0.7927 top1 0.9758 top5 0.9997
    [15:35:13] step 3400/11249 | avg train loss 0.7928 top1 0.9757 top5 0.9997
    [15:35:47] step 3450/11249 | avg train loss 0.7928 top1 0.9757 top5 0.9997
    [15:36:21] step 3500/11249 | avg train loss 0.7928 top1 0.9755 top5 0.9997
    [15:36:54] step 3550/11249 | avg train loss 0.7931 top1 0.9755 top5 0.9997
    [15:37:28] step 3600/11249 | avg train loss 0.7932 top1 0.9753 top5 0.9997
    [15:38:02] step 3650/11249 | avg train loss 0.7935 top1 0.9750 top5 0.9997
    [15:38:35] step 3700/11249 | avg train loss 0.7938 top1 0.9749 top5 0.9997
    [15:39:09] step 3750/11249 | avg train loss 0.7940 top1 0.9748 top5 0.9997
    [15:39:43] step 3800/11249 | avg train loss 0.7941 top1 0.9747 top5 0.9997
    [15:40:16] step 3850/11249 | avg train loss 0.7939 top1 0.9749 top5 0.9997
    [15:40:50] step 3900/11249 | avg train loss 0.7940 top1 0.9749 top5 0.9997
    [15:41:23] step 3950/11249 | avg train loss 0.7937 top1 0.9751 top5 0.9997
    [15:41:57] step 4000/11249 | avg train loss 0.7939 top1 0.9749 top5 0.9998
    [15:42:31] step 4050/11249 | avg train loss 0.7943 top1 0.9749 top5 0.9998
    [15:43:04] step 4100/11249 | avg train loss 0.7943 top1 0.9747 top5 0.9998
    [15:43:38] step 4150/11249 | avg train loss 0.7947 top1 0.9745 top5 0.9998
    [15:44:12] step 4200/11249 | avg train loss 0.7949 top1 0.9743 top5 0.9998
    [15:44:45] step 4250/11249 | avg train loss 0.7954 top1 0.9740 top5 0.9998
    [15:45:19] step 4300/11249 | avg train loss 0.7954 top1 0.9740 top5 0.9998
    [15:45:53] step 4350/11249 | avg train loss 0.7956 top1 0.9739 top5 0.9998
    [15:46:26] step 4400/11249 | avg train loss 0.7958 top1 0.9738 top5 0.9998
    [15:47:00] step 4450/11249 | avg train loss 0.7960 top1 0.9738 top5 0.9997
    [15:47:33] step 4500/11249 | avg train loss 0.7961 top1 0.9736 top5 0.9997
    [15:48:07] step 4550/11249 | avg train loss 0.7960 top1 0.9737 top5 0.9997
    [15:48:41] step 4600/11249 | avg train loss 0.7961 top1 0.9738 top5 0.9997
    [15:49:14] step 4650/11249 | avg train loss 0.7961 top1 0.9738 top5 0.9997
    [15:49:48] step 4700/11249 | avg train loss 0.7962 top1 0.9737 top5 0.9997
    [15:50:22] step 4750/11249 | avg train loss 0.7960 top1 0.9737 top5 0.9997
    [15:50:55] step 4800/11249 | avg train loss 0.7959 top1 0.9738 top5 0.9997
    [15:51:29] step 4850/11249 | avg train loss 0.7959 top1 0.9738 top5 0.9997
    [15:52:03] step 4900/11249 | avg train loss 0.7961 top1 0.9738 top5 0.9997
    [15:52:36] step 4950/11249 | avg train loss 0.7959 top1 0.9739 top5 0.9997
    [15:53:10] step 5000/11249 | avg train loss 0.7958 top1 0.9739 top5 0.9998
    [15:53:44] step 5050/11249 | avg train loss 0.7963 top1 0.9736 top5 0.9998
    [15:54:17] step 5100/11249 | avg train loss 0.7967 top1 0.9733 top5 0.9997
    [15:54:51] step 5150/11249 | avg train loss 0.7968 top1 0.9732 top5 0.9997
    [15:55:25] step 5200/11249 | avg train loss 0.7967 top1 0.9732 top5 0.9997
    [15:55:58] step 5250/11249 | avg train loss 0.7967 top1 0.9732 top5 0.9997
    [15:56:32] step 5300/11249 | avg train loss 0.7967 top1 0.9733 top5 0.9997
    [15:57:06] step 5350/11249 | avg train loss 0.7967 top1 0.9734 top5 0.9997
    [15:57:39] step 5400/11249 | avg train loss 0.7973 top1 0.9731 top5 0.9997
    [15:58:13] step 5450/11249 | avg train loss 0.7979 top1 0.9731 top5 0.9997
    [15:58:47] step 5500/11249 | avg train loss 0.7981 top1 0.9730 top5 0.9997
    [15:59:20] step 5550/11249 | avg train loss 0.7980 top1 0.9730 top5 0.9997
    [15:59:54] step 5600/11249 | avg train loss 0.7981 top1 0.9730 top5 0.9997
    [16:00:27] step 5650/11249 | avg train loss 0.7980 top1 0.9731 top5 0.9997
    [16:01:01] step 5700/11249 | avg train loss 0.7982 top1 0.9731 top5 0.9997
    [16:01:35] step 5750/11249 | avg train loss 0.7983 top1 0.9731 top5 0.9997
    [16:02:08] step 5800/11249 | avg train loss 0.7983 top1 0.9731 top5 0.9997
    [16:02:42] step 5850/11249 | avg train loss 0.7985 top1 0.9730 top5 0.9997
    [16:03:16] step 5900/11249 | avg train loss 0.7987 top1 0.9728 top5 0.9997
    [16:03:49] step 5950/11249 | avg train loss 0.7987 top1 0.9729 top5 0.9997
    [16:04:23] step 6000/11249 | avg train loss 0.7989 top1 0.9728 top5 0.9997
    [16:04:57] step 6050/11249 | avg train loss 0.7988 top1 0.9728 top5 0.9997
    [16:05:30] step 6100/11249 | avg train loss 0.7988 top1 0.9729 top5 0.9997
    [16:06:04] step 6150/11249 | avg train loss 0.7992 top1 0.9728 top5 0.9997
    [16:06:38] step 6200/11249 | avg train loss 0.7991 top1 0.9728 top5 0.9997
    [16:07:11] step 6250/11249 | avg train loss 0.7993 top1 0.9727 top5 0.9997
    [16:07:45] step 6300/11249 | avg train loss 0.7995 top1 0.9726 top5 0.9997
    [16:08:19] step 6350/11249 | avg train loss 0.7993 top1 0.9728 top5 0.9997
    [16:08:52] step 6400/11249 | avg train loss 0.7992 top1 0.9727 top5 0.9997
    [16:09:26] step 6450/11249 | avg train loss 0.7995 top1 0.9727 top5 0.9997
    [16:10:00] step 6500/11249 | avg train loss 0.7993 top1 0.9727 top5 0.9997
    [16:10:33] step 6550/11249 | avg train loss 0.7993 top1 0.9726 top5 0.9997
    [16:11:07] step 6600/11249 | avg train loss 0.7992 top1 0.9726 top5 0.9997
    [16:11:41] step 6650/11249 | avg train loss 0.7991 top1 0.9727 top5 0.9997
    [16:12:14] step 6700/11249 | avg train loss 0.7992 top1 0.9727 top5 0.9997
    [16:12:48] step 6750/11249 | avg train loss 0.7992 top1 0.9727 top5 0.9997
    [16:13:22] step 6800/11249 | avg train loss 0.7992 top1 0.9728 top5 0.9997
    [16:13:55] step 6850/11249 | avg train loss 0.7992 top1 0.9728 top5 0.9997
    [16:14:29] step 6900/11249 | avg train loss 0.7992 top1 0.9729 top5 0.9997
    [16:15:03] step 6950/11249 | avg train loss 0.7994 top1 0.9729 top5 0.9997
    [16:15:36] step 7000/11249 | avg train loss 0.7995 top1 0.9728 top5 0.9997
    [16:16:10] step 7050/11249 | avg train loss 0.7997 top1 0.9728 top5 0.9997
    [16:16:44] step 7100/11249 | avg train loss 0.8000 top1 0.9727 top5 0.9997
    [16:17:17] step 7150/11249 | avg train loss 0.8000 top1 0.9727 top5 0.9997
    [16:17:51] step 7200/11249 | avg train loss 0.8001 top1 0.9727 top5 0.9997
    [16:18:25] step 7250/11249 | avg train loss 0.8000 top1 0.9727 top5 0.9997
    [16:18:58] step 7300/11249 | avg train loss 0.8001 top1 0.9726 top5 0.9997
    [16:19:32] step 7350/11249 | avg train loss 0.8003 top1 0.9725 top5 0.9997
    [16:20:06] step 7400/11249 | avg train loss 0.8004 top1 0.9725 top5 0.9997
    [16:20:39] step 7450/11249 | avg train loss 0.8004 top1 0.9724 top5 0.9997
    [16:21:13] step 7500/11249 | avg train loss 0.8006 top1 0.9724 top5 0.9997
    [16:21:47] step 7550/11249 | avg train loss 0.8011 top1 0.9722 top5 0.9997
    [16:22:20] step 7600/11249 | avg train loss 0.8011 top1 0.9723 top5 0.9997
    [16:22:54] step 7650/11249 | avg train loss 0.8011 top1 0.9722 top5 0.9997
    [16:23:28] step 7700/11249 | avg train loss 0.8012 top1 0.9721 top5 0.9997
    [16:24:01] step 7750/11249 | avg train loss 0.8013 top1 0.9721 top5 0.9997
    [16:24:35] step 7800/11249 | avg train loss 0.8013 top1 0.9721 top5 0.9997
    [16:25:08] step 7850/11249 | avg train loss 0.8013 top1 0.9720 top5 0.9997
    [16:25:42] step 7900/11249 | avg train loss 0.8013 top1 0.9719 top5 0.9997
    [16:26:16] step 7950/11249 | avg train loss 0.8013 top1 0.9720 top5 0.9997
    [16:26:49] step 8000/11249 | avg train loss 0.8013 top1 0.9720 top5 0.9997
    [16:27:23] step 8050/11249 | avg train loss 0.8013 top1 0.9720 top5 0.9997
    [16:27:57] step 8100/11249 | avg train loss 0.8014 top1 0.9719 top5 0.9997
    [16:28:31] step 8150/11249 | avg train loss 0.8014 top1 0.9719 top5 0.9997
    [16:29:04] step 8200/11249 | avg train loss 0.8015 top1 0.9719 top5 0.9997
    [16:29:38] step 8250/11249 | avg train loss 0.8016 top1 0.9718 top5 0.9997
    [16:30:12] step 8300/11249 | avg train loss 0.8017 top1 0.9717 top5 0.9997
    [16:30:45] step 8350/11249 | avg train loss 0.8018 top1 0.9717 top5 0.9997
    [16:31:19] step 8400/11249 | avg train loss 0.8020 top1 0.9717 top5 0.9997
    [16:31:53] step 8450/11249 | avg train loss 0.8022 top1 0.9716 top5 0.9997
    [16:32:26] step 8500/11249 | avg train loss 0.8024 top1 0.9714 top5 0.9997
    [16:33:00] step 8550/11249 | avg train loss 0.8022 top1 0.9716 top5 0.9997
    [16:33:34] step 8600/11249 | avg train loss 0.8024 top1 0.9715 top5 0.9997
    [16:34:07] step 8650/11249 | avg train loss 0.8028 top1 0.9713 top5 0.9997
    [16:34:41] step 8700/11249 | avg train loss 0.8028 top1 0.9712 top5 0.9997
    [16:35:15] step 8750/11249 | avg train loss 0.8029 top1 0.9711 top5 0.9997
    [16:35:48] step 8800/11249 | avg train loss 0.8030 top1 0.9711 top5 0.9997
    [16:36:22] step 8850/11249 | avg train loss 0.8029 top1 0.9711 top5 0.9997
    [16:36:56] step 8900/11249 | avg train loss 0.8030 top1 0.9711 top5 0.9997
    [16:37:29] step 8950/11249 | avg train loss 0.8029 top1 0.9711 top5 0.9997
    [16:38:03] step 9000/11249 | avg train loss 0.8034 top1 0.9708 top5 0.9998
    [16:38:37] step 9050/11249 | avg train loss 0.8035 top1 0.9707 top5 0.9998
    [16:39:10] step 9100/11249 | avg train loss 0.8035 top1 0.9706 top5 0.9998
    [16:39:44] step 9150/11249 | avg train loss 0.8035 top1 0.9705 top5 0.9998
    [16:40:18] step 9200/11249 | avg train loss 0.8037 top1 0.9705 top5 0.9998
    [16:40:51] step 9250/11249 | avg train loss 0.8037 top1 0.9704 top5 0.9997
    [16:41:25] step 9300/11249 | avg train loss 0.8038 top1 0.9703 top5 0.9997
    [16:41:59] step 9350/11249 | avg train loss 0.8040 top1 0.9702 top5 0.9997
    [16:42:32] step 9400/11249 | avg train loss 0.8041 top1 0.9701 top5 0.9997
    [16:43:06] step 9450/11249 | avg train loss 0.8041 top1 0.9701 top5 0.9997
    [16:43:40] step 9500/11249 | avg train loss 0.8043 top1 0.9699 top5 0.9997
    [16:44:13] step 9550/11249 | avg train loss 0.8046 top1 0.9698 top5 0.9997
    [16:44:47] step 9600/11249 | avg train loss 0.8046 top1 0.9698 top5 0.9997
    [16:45:21] step 9650/11249 | avg train loss 0.8048 top1 0.9697 top5 0.9997
    [16:45:54] step 9700/11249 | avg train loss 0.8048 top1 0.9697 top5 0.9997
    [16:46:28] step 9750/11249 | avg train loss 0.8053 top1 0.9695 top5 0.9997
    [16:47:02] step 9800/11249 | avg train loss 0.8052 top1 0.9695 top5 0.9997
    [16:47:35] step 9850/11249 | avg train loss 0.8053 top1 0.9695 top5 0.9997
    [16:48:09] step 9900/11249 | avg train loss 0.8054 top1 0.9694 top5 0.9997
    [16:48:43] step 9950/11249 | avg train loss 0.8055 top1 0.9694 top5 0.9997
    [16:49:16] step 10000/11249 | avg train loss 0.8054 top1 0.9695 top5 0.9998
    [16:49:50] step 10050/11249 | avg train loss 0.8056 top1 0.9694 top5 0.9998
    [16:50:24] step 10100/11249 | avg train loss 0.8057 top1 0.9692 top5 0.9998
    [16:50:57] step 10150/11249 | avg train loss 0.8059 top1 0.9692 top5 0.9997
    [16:51:31] step 10200/11249 | avg train loss 0.8060 top1 0.9692 top5 0.9997
    [16:52:05] step 10250/11249 | avg train loss 0.8061 top1 0.9691 top5 0.9997
    [16:52:38] step 10300/11249 | avg train loss 0.8061 top1 0.9691 top5 0.9997
    [16:53:12] step 10350/11249 | avg train loss 0.8060 top1 0.9691 top5 0.9997
    [16:53:46] step 10400/11249 | avg train loss 0.8062 top1 0.9691 top5 0.9997
    [16:54:19] step 10450/11249 | avg train loss 0.8062 top1 0.9691 top5 0.9997
    [16:54:53] step 10500/11249 | avg train loss 0.8061 top1 0.9692 top5 0.9997
    [16:55:26] step 10550/11249 | avg train loss 0.8060 top1 0.9692 top5 0.9997
    [16:56:00] step 10600/11249 | avg train loss 0.8059 top1 0.9692 top5 0.9997
    [16:56:34] step 10650/11249 | avg train loss 0.8062 top1 0.9692 top5 0.9997
    [16:57:07] step 10700/11249 | avg train loss 0.8062 top1 0.9691 top5 0.9997
    [16:57:41] step 10750/11249 | avg train loss 0.8063 top1 0.9690 top5 0.9997
    [16:58:15] step 10800/11249 | avg train loss 0.8065 top1 0.9690 top5 0.9997
    [16:58:48] step 10850/11249 | avg train loss 0.8065 top1 0.9690 top5 0.9997
    [16:59:22] step 10900/11249 | avg train loss 0.8067 top1 0.9689 top5 0.9997
    [16:59:56] step 10950/11249 | avg train loss 0.8068 top1 0.9689 top5 0.9997
    [17:00:30] step 11000/11249 | avg train loss 0.8068 top1 0.9689 top5 0.9998
    [17:01:03] step 11050/11249 | avg train loss 0.8067 top1 0.9689 top5 0.9998
    [17:01:37] step 11100/11249 | avg train loss 0.8070 top1 0.9687 top5 0.9998
    [17:02:11] step 11150/11249 | avg train loss 0.8071 top1 0.9687 top5 0.9998
    [17:02:44] step 11200/11249 | avg train loss 0.8073 top1 0.9686 top5 0.9998
    [17:03:17] step 11249/11249 | avg train loss 0.8074 top1 0.9686 top5 0.9997
Epoch 9/15 | train loss 0.8074 top1 0.9686 | val loss 1.7329 top1 0.5589 top5 0.8366 | ema val top1 0.5772 top5 0.8458
    [17:19:44] step 50/11249 | avg train loss 0.7963 top1 0.9800 top5 1.0000
    [17:20:18] step 100/11249 | avg train loss 0.7690 top1 0.9900 top5 1.0000
    [17:20:52] step 150/11249 | avg train loss 0.7661 top1 0.9867 top5 1.0000
    [17:21:25] step 200/11249 | avg train loss 0.7679 top1 0.9838 top5 1.0000
    [17:21:59] step 250/11249 | avg train loss 0.7624 top1 0.9870 top5 1.0000
    [17:22:33] step 300/11249 | avg train loss 0.7591 top1 0.9875 top5 1.0000
    [17:23:06] step 350/11249 | avg train loss 0.7600 top1 0.9864 top5 1.0000
    [17:23:40] step 400/11249 | avg train loss 0.7588 top1 0.9875 top5 1.0000
    [17:24:14] step 450/11249 | avg train loss 0.7590 top1 0.9856 top5 1.0000
    [17:24:47] step 500/11249 | avg train loss 0.7568 top1 0.9865 top5 1.0000
    [17:25:21] step 550/11249 | avg train loss 0.7572 top1 0.9868 top5 1.0000
    [17:25:55] step 600/11249 | avg train loss 0.7569 top1 0.9871 top5 1.0000
    [17:26:28] step 650/11249 | avg train loss 0.7564 top1 0.9873 top5 1.0000
    [17:27:02] step 700/11249 | avg train loss 0.7552 top1 0.9879 top5 1.0000
    [17:27:36] step 750/11249 | avg train loss 0.7555 top1 0.9880 top5 1.0000
    [17:28:09] step 800/11249 | avg train loss 0.7557 top1 0.9875 top5 1.0000
    [17:28:43] step 850/11249 | avg train loss 0.7577 top1 0.9868 top5 1.0000
    [17:29:17] step 900/11249 | avg train loss 0.7584 top1 0.9867 top5 1.0000
    [17:29:50] step 950/11249 | avg train loss 0.7577 top1 0.9868 top5 1.0000
    [17:30:24] step 1000/11249 | avg train loss 0.7572 top1 0.9872 top5 1.0000
    [17:30:58] step 1050/11249 | avg train loss 0.7580 top1 0.9864 top5 1.0000
    [17:31:31] step 1100/11249 | avg train loss 0.7576 top1 0.9864 top5 1.0000
    [17:32:05] step 1150/11249 | avg train loss 0.7568 top1 0.9867 top5 1.0000
    [17:32:39] step 1200/11249 | avg train loss 0.7562 top1 0.9869 top5 1.0000
    [17:33:12] step 1250/11249 | avg train loss 0.7553 top1 0.9874 top5 1.0000
    [17:33:46] step 1300/11249 | avg train loss 0.7565 top1 0.9865 top5 1.0000
    [17:34:20] step 1350/11249 | avg train loss 0.7560 top1 0.9863 top5 1.0000
    [17:34:53] step 1400/11249 | avg train loss 0.7553 top1 0.9864 top5 1.0000
    [17:35:27] step 1450/11249 | avg train loss 0.7550 top1 0.9867 top5 1.0000
    [17:36:01] step 1500/11249 | avg train loss 0.7541 top1 0.9872 top5 1.0000
    [17:36:34] step 1550/11249 | avg train loss 0.7543 top1 0.9871 top5 1.0000
    [17:37:08] step 1600/11249 | avg train loss 0.7539 top1 0.9870 top5 1.0000
    [17:37:42] step 1650/11249 | avg train loss 0.7535 top1 0.9874 top5 1.0000
    [17:38:16] step 1700/11249 | avg train loss 0.7526 top1 0.9878 top5 1.0000
    [17:38:49] step 1750/11249 | avg train loss 0.7528 top1 0.9877 top5 1.0000
    [17:39:23] step 1800/11249 | avg train loss 0.7524 top1 0.9878 top5 1.0000
    [17:39:57] step 1850/11249 | avg train loss 0.7527 top1 0.9877 top5 1.0000
    [17:40:30] step 1900/11249 | avg train loss 0.7524 top1 0.9880 top5 1.0000
    [17:41:04] step 1950/11249 | avg train loss 0.7521 top1 0.9881 top5 1.0000
    [17:41:38] step 2000/11249 | avg train loss 0.7517 top1 0.9881 top5 1.0000
    [17:42:11] step 2050/11249 | avg train loss 0.7514 top1 0.9883 top5 1.0000
    [17:42:45] step 2100/11249 | avg train loss 0.7517 top1 0.9883 top5 1.0000
    [17:43:19] step 2150/11249 | avg train loss 0.7514 top1 0.9885 top5 1.0000
    [17:43:52] step 2200/11249 | avg train loss 0.7518 top1 0.9886 top5 1.0000
    [17:44:26] step 2250/11249 | avg train loss 0.7516 top1 0.9886 top5 1.0000
    [17:45:00] step 2300/11249 | avg train loss 0.7513 top1 0.9887 top5 1.0000
    [17:45:33] step 2350/11249 | avg train loss 0.7519 top1 0.9884 top5 1.0000
    [17:46:07] step 2400/11249 | avg train loss 0.7519 top1 0.9884 top5 1.0000
    [17:46:41] step 2450/11249 | avg train loss 0.7522 top1 0.9885 top5 1.0000
    [17:47:15] step 2500/11249 | avg train loss 0.7523 top1 0.9884 top5 1.0000
    [17:47:48] step 2550/11249 | avg train loss 0.7527 top1 0.9884 top5 1.0000
    [17:48:22] step 2600/11249 | avg train loss 0.7523 top1 0.9886 top5 1.0000
    [17:48:56] step 2650/11249 | avg train loss 0.7520 top1 0.9888 top5 1.0000
    [17:49:29] step 2700/11249 | avg train loss 0.7521 top1 0.9888 top5 1.0000
    [17:50:03] step 2750/11249 | avg train loss 0.7521 top1 0.9889 top5 1.0000
    [17:50:37] step 2800/11249 | avg train loss 0.7518 top1 0.9891 top5 1.0000
    [17:51:10] step 2850/11249 | avg train loss 0.7518 top1 0.9892 top5 1.0000
    [17:51:44] step 2900/11249 | avg train loss 0.7516 top1 0.9892 top5 1.0000
    [17:52:18] step 2950/11249 | avg train loss 0.7515 top1 0.9893 top5 1.0000
    [17:52:52] step 3000/11249 | avg train loss 0.7510 top1 0.9895 top5 1.0000
    [17:53:25] step 3050/11249 | avg train loss 0.7511 top1 0.9893 top5 1.0000
    [17:53:59] step 3100/11249 | avg train loss 0.7511 top1 0.9893 top5 1.0000
    [17:54:33] step 3150/11249 | avg train loss 0.7511 top1 0.9893 top5 1.0000
    [17:55:06] step 3200/11249 | avg train loss 0.7515 top1 0.9892 top5 1.0000
    [17:55:40] step 3250/11249 | avg train loss 0.7519 top1 0.9892 top5 1.0000
    [17:56:14] step 3300/11249 | avg train loss 0.7519 top1 0.9891 top5 1.0000
    [17:56:47] step 3350/11249 | avg train loss 0.7525 top1 0.9887 top5 1.0000
    [17:57:21] step 3400/11249 | avg train loss 0.7529 top1 0.9885 top5 1.0000
    [17:57:55] step 3450/11249 | avg train loss 0.7532 top1 0.9884 top5 1.0000
    [17:58:28] step 3500/11249 | avg train loss 0.7535 top1 0.9884 top5 1.0000
    [17:59:02] step 3550/11249 | avg train loss 0.7537 top1 0.9883 top5 1.0000
    [17:59:36] step 3600/11249 | avg train loss 0.7536 top1 0.9883 top5 1.0000
    [18:00:09] step 3650/11249 | avg train loss 0.7542 top1 0.9881 top5 1.0000
    [18:00:43] step 3700/11249 | avg train loss 0.7542 top1 0.9880 top5 1.0000
    [18:01:17] step 3750/11249 | avg train loss 0.7547 top1 0.9878 top5 1.0000
    [18:01:50] step 3800/11249 | avg train loss 0.7550 top1 0.9878 top5 1.0000
    [18:02:24] step 3850/11249 | avg train loss 0.7551 top1 0.9877 top5 1.0000
    [18:02:58] step 3900/11249 | avg train loss 0.7552 top1 0.9875 top5 1.0000
    [18:03:32] step 3950/11249 | avg train loss 0.7555 top1 0.9873 top5 1.0000
    [18:04:05] step 4000/11249 | avg train loss 0.7558 top1 0.9872 top5 1.0000
    [18:04:39] step 4050/11249 | avg train loss 0.7561 top1 0.9872 top5 1.0000
    [18:05:12] step 4100/11249 | avg train loss 0.7563 top1 0.9871 top5 0.9999
    [18:05:46] step 4150/11249 | avg train loss 0.7563 top1 0.9870 top5 0.9999
    [18:06:20] step 4200/11249 | avg train loss 0.7563 top1 0.9870 top5 0.9999
    [18:06:53] step 4250/11249 | avg train loss 0.7565 top1 0.9869 top5 0.9999
    [18:07:27] step 4300/11249 | avg train loss 0.7568 top1 0.9866 top5 0.9999
    [18:08:01] step 4350/11249 | avg train loss 0.7570 top1 0.9864 top5 0.9999
    [18:08:34] step 4400/11249 | avg train loss 0.7571 top1 0.9864 top5 0.9999
    [18:09:08] step 4450/11249 | avg train loss 0.7573 top1 0.9865 top5 0.9999
    [18:09:42] step 4500/11249 | avg train loss 0.7573 top1 0.9865 top5 0.9999
    [18:10:15] step 4550/11249 | avg train loss 0.7575 top1 0.9864 top5 0.9999
    [18:10:49] step 4600/11249 | avg train loss 0.7576 top1 0.9864 top5 0.9999
    [18:11:23] step 4650/11249 | avg train loss 0.7576 top1 0.9864 top5 0.9999
    [18:11:56] step 4700/11249 | avg train loss 0.7576 top1 0.9864 top5 0.9999
    [18:12:30] step 4750/11249 | avg train loss 0.7575 top1 0.9864 top5 0.9999
    [18:13:04] step 4800/11249 | avg train loss 0.7576 top1 0.9864 top5 0.9999
    [18:13:37] step 4850/11249 | avg train loss 0.7579 top1 0.9862 top5 0.9999
    [18:14:11] step 4900/11249 | avg train loss 0.7579 top1 0.9862 top5 0.9999
    [18:14:45] step 4950/11249 | avg train loss 0.7581 top1 0.9862 top5 0.9999
    [18:15:18] step 5000/11249 | avg train loss 0.7583 top1 0.9862 top5 0.9999
    [18:15:52] step 5050/11249 | avg train loss 0.7585 top1 0.9862 top5 0.9999
    [18:16:26] step 5100/11249 | avg train loss 0.7586 top1 0.9861 top5 0.9999
    [18:16:59] step 5150/11249 | avg train loss 0.7588 top1 0.9859 top5 0.9999
    [18:17:33] step 5200/11249 | avg train loss 0.7591 top1 0.9858 top5 0.9999
    [18:18:07] step 5250/11249 | avg train loss 0.7590 top1 0.9859 top5 0.9999
    [18:18:40] step 5300/11249 | avg train loss 0.7592 top1 0.9858 top5 0.9999
    [18:19:14] step 5350/11249 | avg train loss 0.7593 top1 0.9857 top5 0.9999
    [18:19:48] step 5400/11249 | avg train loss 0.7595 top1 0.9857 top5 0.9999
    [18:20:21] step 5450/11249 | avg train loss 0.7595 top1 0.9857 top5 0.9999
    [18:20:55] step 5500/11249 | avg train loss 0.7596 top1 0.9856 top5 0.9999
    [18:21:29] step 5550/11249 | avg train loss 0.7598 top1 0.9855 top5 0.9999
    [18:22:02] step 5600/11249 | avg train loss 0.7598 top1 0.9855 top5 0.9999
    [18:22:36] step 5650/11249 | avg train loss 0.7599 top1 0.9856 top5 0.9999
    [18:23:09] step 5700/11249 | avg train loss 0.7600 top1 0.9855 top5 0.9999
    [18:23:43] step 5750/11249 | avg train loss 0.7599 top1 0.9854 top5 0.9999
    [18:24:17] step 5800/11249 | avg train loss 0.7599 top1 0.9854 top5 0.9999
    [18:24:50] step 5850/11249 | avg train loss 0.7599 top1 0.9855 top5 0.9999
    [18:25:24] step 5900/11249 | avg train loss 0.7598 top1 0.9855 top5 0.9999
    [18:25:58] step 5950/11249 | avg train loss 0.7598 top1 0.9855 top5 0.9999
    [18:26:31] step 6000/11249 | avg train loss 0.7597 top1 0.9855 top5 0.9999
    [18:27:05] step 6050/11249 | avg train loss 0.7597 top1 0.9856 top5 0.9999
    [18:27:39] step 6100/11249 | avg train loss 0.7598 top1 0.9856 top5 0.9999
    [18:28:12] step 6150/11249 | avg train loss 0.7599 top1 0.9856 top5 0.9999
    [18:28:46] step 6200/11249 | avg train loss 0.7598 top1 0.9856 top5 0.9999
    [18:29:20] step 6250/11249 | avg train loss 0.7601 top1 0.9854 top5 0.9999
    [18:29:53] step 6300/11249 | avg train loss 0.7600 top1 0.9854 top5 0.9999
    [18:30:27] step 6350/11249 | avg train loss 0.7599 top1 0.9855 top5 0.9999
    [18:31:01] step 6400/11249 | avg train loss 0.7598 top1 0.9855 top5 0.9999
    [18:31:34] step 6450/11249 | avg train loss 0.7598 top1 0.9855 top5 0.9999
    [18:32:08] step 6500/11249 | avg train loss 0.7597 top1 0.9855 top5 0.9999
    [18:32:42] step 6550/11249 | avg train loss 0.7596 top1 0.9855 top5 0.9999
    [18:33:15] step 6600/11249 | avg train loss 0.7595 top1 0.9855 top5 0.9999
    [18:33:49] step 6650/11249 | avg train loss 0.7595 top1 0.9856 top5 0.9999
    [18:34:23] step 6700/11249 | avg train loss 0.7595 top1 0.9856 top5 0.9999
    [18:34:56] step 6750/11249 | avg train loss 0.7595 top1 0.9857 top5 0.9999
    [18:35:30] step 6800/11249 | avg train loss 0.7596 top1 0.9856 top5 0.9999
    [18:36:04] step 6850/11249 | avg train loss 0.7595 top1 0.9856 top5 0.9999
    [18:36:37] step 6900/11249 | avg train loss 0.7597 top1 0.9855 top5 0.9999
    [18:37:11] step 6950/11249 | avg train loss 0.7598 top1 0.9855 top5 0.9999
    [18:37:44] step 7000/11249 | avg train loss 0.7598 top1 0.9855 top5 0.9999
    [18:38:18] step 7050/11249 | avg train loss 0.7598 top1 0.9855 top5 0.9999
    [18:38:52] step 7100/11249 | avg train loss 0.7598 top1 0.9855 top5 0.9999
    [18:39:25] step 7150/11249 | avg train loss 0.7599 top1 0.9853 top5 0.9999
    [18:39:59] step 7200/11249 | avg train loss 0.7600 top1 0.9851 top5 0.9999
    [18:40:33] step 7250/11249 | avg train loss 0.7600 top1 0.9851 top5 0.9999
    [18:41:06] step 7300/11249 | avg train loss 0.7600 top1 0.9851 top5 0.9999
    [18:41:40] step 7350/11249 | avg train loss 0.7598 top1 0.9852 top5 0.9999
    [18:42:14] step 7400/11249 | avg train loss 0.7599 top1 0.9852 top5 0.9999
    [18:42:47] step 7450/11249 | avg train loss 0.7599 top1 0.9851 top5 0.9999
    [18:43:21] step 7500/11249 | avg train loss 0.7599 top1 0.9851 top5 0.9999
    [18:43:55] step 7550/11249 | avg train loss 0.7598 top1 0.9852 top5 0.9999
    [18:44:28] step 7600/11249 | avg train loss 0.7599 top1 0.9851 top5 0.9999
    [18:45:02] step 7650/11249 | avg train loss 0.7600 top1 0.9851 top5 0.9999
    [18:45:36] step 7700/11249 | avg train loss 0.7599 top1 0.9852 top5 0.9999
    [18:46:09] step 7750/11249 | avg train loss 0.7599 top1 0.9852 top5 0.9999
    [18:46:43] step 7800/11249 | avg train loss 0.7602 top1 0.9852 top5 0.9999
    [18:47:17] step 7850/11249 | avg train loss 0.7601 top1 0.9852 top5 0.9999
    [18:47:50] step 7900/11249 | avg train loss 0.7600 top1 0.9852 top5 0.9999
    [18:48:24] step 7950/11249 | avg train loss 0.7602 top1 0.9852 top5 0.9999
    [18:48:58] step 8000/11249 | avg train loss 0.7602 top1 0.9851 top5 0.9999
    [18:49:31] step 8050/11249 | avg train loss 0.7603 top1 0.9851 top5 0.9999
    [18:50:05] step 8100/11249 | avg train loss 0.7605 top1 0.9850 top5 0.9999
    [18:50:39] step 8150/11249 | avg train loss 0.7606 top1 0.9849 top5 0.9999
    [18:51:12] step 8200/11249 | avg train loss 0.7606 top1 0.9850 top5 0.9999
    [18:51:46] step 8250/11249 | avg train loss 0.7607 top1 0.9849 top5 0.9999
    [18:52:20] step 8300/11249 | avg train loss 0.7607 top1 0.9849 top5 0.9999
    [18:52:53] step 8350/11249 | avg train loss 0.7608 top1 0.9849 top5 0.9999
    [18:53:27] step 8400/11249 | avg train loss 0.7611 top1 0.9847 top5 0.9999
    [18:54:01] step 8450/11249 | avg train loss 0.7611 top1 0.9846 top5 0.9999
    [18:54:34] step 8500/11249 | avg train loss 0.7610 top1 0.9847 top5 0.9999
    [18:55:08] step 8550/11249 | avg train loss 0.7610 top1 0.9847 top5 0.9999
    [18:55:42] step 8600/11249 | avg train loss 0.7609 top1 0.9847 top5 0.9999
    [18:56:15] step 8650/11249 | avg train loss 0.7611 top1 0.9847 top5 0.9999
    [18:56:49] step 8700/11249 | avg train loss 0.7613 top1 0.9847 top5 0.9999
    [18:57:23] step 8750/11249 | avg train loss 0.7615 top1 0.9846 top5 0.9999
    [18:57:56] step 8800/11249 | avg train loss 0.7616 top1 0.9845 top5 0.9999
    [18:58:30] step 8850/11249 | avg train loss 0.7616 top1 0.9845 top5 0.9999
    [18:59:04] step 8900/11249 | avg train loss 0.7617 top1 0.9846 top5 0.9999
    [18:59:37] step 8950/11249 | avg train loss 0.7617 top1 0.9846 top5 0.9999
    [19:00:11] step 9000/11249 | avg train loss 0.7618 top1 0.9846 top5 0.9999
    [19:00:45] step 9050/11249 | avg train loss 0.7617 top1 0.9846 top5 0.9999
    [19:01:18] step 9100/11249 | avg train loss 0.7619 top1 0.9846 top5 0.9999
    [19:01:52] step 9150/11249 | avg train loss 0.7618 top1 0.9846 top5 0.9999
    [19:02:26] step 9200/11249 | avg train loss 0.7619 top1 0.9846 top5 0.9999
    [19:02:59] step 9250/11249 | avg train loss 0.7620 top1 0.9845 top5 0.9999
    [19:03:33] step 9300/11249 | avg train loss 0.7621 top1 0.9845 top5 0.9999
    [19:04:07] step 9350/11249 | avg train loss 0.7622 top1 0.9844 top5 0.9999
    [19:04:40] step 9400/11249 | avg train loss 0.7623 top1 0.9844 top5 0.9999
    [19:05:14] step 9450/11249 | avg train loss 0.7624 top1 0.9843 top5 0.9999
    [19:05:48] step 9500/11249 | avg train loss 0.7624 top1 0.9843 top5 0.9999
    [19:06:21] step 9550/11249 | avg train loss 0.7624 top1 0.9843 top5 0.9999
    [19:06:55] step 9600/11249 | avg train loss 0.7626 top1 0.9843 top5 0.9999
    [19:07:29] step 9650/11249 | avg train loss 0.7627 top1 0.9843 top5 0.9999
    [19:08:02] step 9700/11249 | avg train loss 0.7626 top1 0.9844 top5 0.9999
    [19:08:36] step 9750/11249 | avg train loss 0.7625 top1 0.9844 top5 0.9999
    [19:09:10] step 9800/11249 | avg train loss 0.7626 top1 0.9844 top5 0.9999
    [19:09:43] step 9850/11249 | avg train loss 0.7626 top1 0.9844 top5 0.9999
    [19:10:17] step 9900/11249 | avg train loss 0.7626 top1 0.9844 top5 0.9999
    [19:10:51] step 9950/11249 | avg train loss 0.7626 top1 0.9844 top5 0.9999
    [19:11:24] step 10000/11249 | avg train loss 0.7627 top1 0.9843 top5 0.9999
    [19:11:58] step 10050/11249 | avg train loss 0.7629 top1 0.9843 top5 0.9999
    [19:12:32] step 10100/11249 | avg train loss 0.7629 top1 0.9843 top5 0.9999
    [19:13:05] step 10150/11249 | avg train loss 0.7629 top1 0.9843 top5 0.9999
    [19:13:39] step 10200/11249 | avg train loss 0.7629 top1 0.9843 top5 0.9999
    [19:14:13] step 10250/11249 | avg train loss 0.7629 top1 0.9843 top5 0.9999
    [19:14:46] step 10300/11249 | avg train loss 0.7629 top1 0.9843 top5 0.9999
    [19:15:20] step 10350/11249 | avg train loss 0.7630 top1 0.9842 top5 0.9999
    [19:15:54] step 10400/11249 | avg train loss 0.7630 top1 0.9843 top5 0.9999
    [19:16:27] step 10450/11249 | avg train loss 0.7629 top1 0.9843 top5 0.9999
    [19:17:01] step 10500/11249 | avg train loss 0.7629 top1 0.9843 top5 0.9999
    [19:17:35] step 10550/11249 | avg train loss 0.7628 top1 0.9843 top5 0.9999
    [19:18:08] step 10600/11249 | avg train loss 0.7631 top1 0.9842 top5 0.9999
    [19:18:42] step 10650/11249 | avg train loss 0.7631 top1 0.9842 top5 0.9999
    [19:19:16] step 10700/11249 | avg train loss 0.7632 top1 0.9842 top5 0.9999
    [19:19:49] step 10750/11249 | avg train loss 0.7634 top1 0.9840 top5 0.9999
    [19:20:23] step 10800/11249 | avg train loss 0.7636 top1 0.9839 top5 0.9999
    [19:20:57] step 10850/11249 | avg train loss 0.7635 top1 0.9840 top5 0.9999
    [19:21:30] step 10900/11249 | avg train loss 0.7635 top1 0.9840 top5 0.9999
    [19:22:04] step 10950/11249 | avg train loss 0.7637 top1 0.9839 top5 0.9999
    [19:22:38] step 11000/11249 | avg train loss 0.7637 top1 0.9840 top5 0.9999
    [19:23:11] step 11050/11249 | avg train loss 0.7639 top1 0.9839 top5 0.9999
    [19:23:45] step 11100/11249 | avg train loss 0.7639 top1 0.9840 top5 0.9999
    [19:24:19] step 11150/11249 | avg train loss 0.7640 top1 0.9839 top5 0.9999
    [19:24:52] step 11200/11249 | avg train loss 0.7641 top1 0.9839 top5 0.9998
    [19:25:25] step 11249/11249 | avg train loss 0.7642 top1 0.9839 top5 0.9998
Epoch 10/15 | train loss 0.7642 top1 0.9839 | val loss 1.7572 top1 0.5684 top5 0.8188 | ema val top1 0.5772 top5 0.8345
    [19:41:52] step 50/11249 | avg train loss 0.7501 top1 0.9850 top5 1.0000
    [19:42:26] step 100/11249 | avg train loss 0.7427 top1 0.9900 top5 1.0000
    [19:43:00] step 150/11249 | avg train loss 0.7372 top1 0.9933 top5 1.0000
    [19:43:33] step 200/11249 | avg train loss 0.7423 top1 0.9912 top5 1.0000
    [19:44:07] step 250/11249 | avg train loss 0.7388 top1 0.9920 top5 1.0000
    [19:44:41] step 300/11249 | avg train loss 0.7361 top1 0.9933 top5 1.0000
    [19:45:14] step 350/11249 | avg train loss 0.7357 top1 0.9936 top5 1.0000
    [19:45:48] step 400/11249 | avg train loss 0.7363 top1 0.9931 top5 1.0000
    [19:46:22] step 450/11249 | avg train loss 0.7355 top1 0.9933 top5 1.0000
    [19:46:55] step 500/11249 | avg train loss 0.7347 top1 0.9935 top5 1.0000
    [19:47:29] step 550/11249 | avg train loss 0.7333 top1 0.9941 top5 1.0000
    [19:48:03] step 600/11249 | avg train loss 0.7327 top1 0.9942 top5 1.0000
    [19:48:36] step 650/11249 | avg train loss 0.7318 top1 0.9946 top5 1.0000
    [19:49:10] step 700/11249 | avg train loss 0.7310 top1 0.9950 top5 1.0000
    [19:49:44] step 750/11249 | avg train loss 0.7304 top1 0.9953 top5 1.0000
    [19:50:17] step 800/11249 | avg train loss 0.7309 top1 0.9947 top5 1.0000
    [19:50:51] step 850/11249 | avg train loss 0.7303 top1 0.9950 top5 1.0000
    [19:51:25] step 900/11249 | avg train loss 0.7317 top1 0.9944 top5 1.0000
    [19:51:58] step 950/11249 | avg train loss 0.7314 top1 0.9942 top5 1.0000
    [19:52:32] step 1000/11249 | avg train loss 0.7313 top1 0.9942 top5 1.0000
    [19:53:06] step 1050/11249 | avg train loss 0.7309 top1 0.9943 top5 1.0000
    [19:53:39] step 1100/11249 | avg train loss 0.7306 top1 0.9945 top5 1.0000
    [19:54:13] step 1150/11249 | avg train loss 0.7300 top1 0.9948 top5 1.0000
    [19:54:47] step 1200/11249 | avg train loss 0.7301 top1 0.9948 top5 1.0000
    [19:55:20] step 1250/11249 | avg train loss 0.7300 top1 0.9950 top5 1.0000
    [19:55:54] step 1300/11249 | avg train loss 0.7295 top1 0.9952 top5 1.0000
    [19:56:28] step 1350/11249 | avg train loss 0.7290 top1 0.9954 top5 1.0000
    [19:57:01] step 1400/11249 | avg train loss 0.7287 top1 0.9955 top5 1.0000
    [19:57:35] step 1450/11249 | avg train loss 0.7284 top1 0.9955 top5 1.0000
    [19:58:09] step 1500/11249 | avg train loss 0.7284 top1 0.9955 top5 1.0000
    [19:58:42] step 1550/11249 | avg train loss 0.7286 top1 0.9953 top5 1.0000
    [19:59:16] step 1600/11249 | avg train loss 0.7286 top1 0.9952 top5 1.0000
    [19:59:50] step 1650/11249 | avg train loss 0.7285 top1 0.9952 top5 1.0000
    [20:00:23] step 1700/11249 | avg train loss 0.7286 top1 0.9950 top5 1.0000
    [20:00:57] step 1750/11249 | avg train loss 0.7285 top1 0.9949 top5 1.0000
    [20:01:31] step 1800/11249 | avg train loss 0.7282 top1 0.9950 top5 1.0000
    [20:02:05] step 1850/11249 | avg train loss 0.7282 top1 0.9950 top5 1.0000
    [20:02:38] step 1900/11249 | avg train loss 0.7280 top1 0.9950 top5 1.0000
    [20:03:12] step 1950/11249 | avg train loss 0.7278 top1 0.9951 top5 1.0000
    [20:03:46] step 2000/11249 | avg train loss 0.7276 top1 0.9951 top5 1.0000
    [20:04:19] step 2050/11249 | avg train loss 0.7277 top1 0.9950 top5 1.0000
    [20:04:53] step 2100/11249 | avg train loss 0.7275 top1 0.9951 top5 1.0000
    [20:05:27] step 2150/11249 | avg train loss 0.7272 top1 0.9952 top5 1.0000
    [20:06:00] step 2200/11249 | avg train loss 0.7276 top1 0.9951 top5 1.0000
    [20:06:34] step 2250/11249 | avg train loss 0.7275 top1 0.9952 top5 1.0000
    [20:07:08] step 2300/11249 | avg train loss 0.7277 top1 0.9952 top5 1.0000
    [20:07:41] step 2350/11249 | avg train loss 0.7280 top1 0.9949 top5 1.0000
    [20:08:15] step 2400/11249 | avg train loss 0.7280 top1 0.9948 top5 1.0000
    [20:08:49] step 2450/11249 | avg train loss 0.7281 top1 0.9948 top5 1.0000
    [20:09:23] step 2500/11249 | avg train loss 0.7279 top1 0.9949 top5 1.0000
    [20:09:56] step 2550/11249 | avg train loss 0.7276 top1 0.9950 top5 1.0000
    [20:10:30] step 2600/11249 | avg train loss 0.7273 top1 0.9951 top5 1.0000
    [20:11:04] step 2650/11249 | avg train loss 0.7278 top1 0.9950 top5 0.9999
    [20:11:37] step 2700/11249 | avg train loss 0.7279 top1 0.9949 top5 0.9999
    [20:12:11] step 2750/11249 | avg train loss 0.7279 top1 0.9950 top5 0.9999
    [20:12:45] step 2800/11249 | avg train loss 0.7276 top1 0.9951 top5 0.9999
    [20:13:18] step 2850/11249 | avg train loss 0.7274 top1 0.9952 top5 0.9999
    [20:13:52] step 2900/11249 | avg train loss 0.7274 top1 0.9951 top5 0.9999
    [20:14:26] step 2950/11249 | avg train loss 0.7274 top1 0.9950 top5 0.9999
    [20:14:59] step 3000/11249 | avg train loss 0.7273 top1 0.9951 top5 0.9999
    [20:15:33] step 3050/11249 | avg train loss 0.7272 top1 0.9951 top5 0.9999
    [20:16:07] step 3100/11249 | avg train loss 0.7274 top1 0.9951 top5 0.9999
    [20:16:40] step 3150/11249 | avg train loss 0.7274 top1 0.9950 top5 0.9999
    [20:17:14] step 3200/11249 | avg train loss 0.7275 top1 0.9949 top5 0.9999
    [20:17:48] step 3250/11249 | avg train loss 0.7277 top1 0.9948 top5 0.9999
    [20:18:21] step 3300/11249 | avg train loss 0.7280 top1 0.9947 top5 0.9999
    [20:18:55] step 3350/11249 | avg train loss 0.7280 top1 0.9947 top5 0.9999
    [20:19:29] step 3400/11249 | avg train loss 0.7283 top1 0.9945 top5 0.9999
    [20:20:02] step 3450/11249 | avg train loss 0.7282 top1 0.9945 top5 0.9999
    [20:20:36] step 3500/11249 | avg train loss 0.7282 top1 0.9945 top5 0.9999
    [20:21:10] step 3550/11249 | avg train loss 0.7285 top1 0.9942 top5 0.9999
    [20:21:43] step 3600/11249 | avg train loss 0.7284 top1 0.9943 top5 0.9999
    [20:22:17] step 3650/11249 | avg train loss 0.7284 top1 0.9943 top5 0.9999
    [20:22:51] step 3700/11249 | avg train loss 0.7284 top1 0.9943 top5 0.9999
    [20:23:24] step 3750/11249 | avg train loss 0.7285 top1 0.9943 top5 0.9999
    [20:23:58] step 3800/11249 | avg train loss 0.7285 top1 0.9943 top5 0.9999
    [20:24:32] step 3850/11249 | avg train loss 0.7284 top1 0.9944 top5 0.9999
    [20:25:06] step 3900/11249 | avg train loss 0.7284 top1 0.9943 top5 0.9999
    [20:25:39] step 3950/11249 | avg train loss 0.7285 top1 0.9943 top5 0.9999
    [20:26:13] step 4000/11249 | avg train loss 0.7285 top1 0.9943 top5 0.9999
    [20:26:47] step 4050/11249 | avg train loss 0.7285 top1 0.9943 top5 0.9999
    [20:27:20] step 4100/11249 | avg train loss 0.7284 top1 0.9943 top5 0.9999
    [20:27:54] step 4150/11249 | avg train loss 0.7284 top1 0.9943 top5 0.9999
    [20:28:28] step 4200/11249 | avg train loss 0.7285 top1 0.9943 top5 0.9999
    [20:29:01] step 4250/11249 | avg train loss 0.7286 top1 0.9942 top5 0.9999
    [20:29:35] step 4300/11249 | avg train loss 0.7287 top1 0.9941 top5 0.9999
    [20:30:09] step 4350/11249 | avg train loss 0.7286 top1 0.9941 top5 0.9999
    [20:30:42] step 4400/11249 | avg train loss 0.7286 top1 0.9942 top5 0.9999
    [20:31:16] step 4450/11249 | avg train loss 0.7286 top1 0.9942 top5 0.9999
    [20:31:50] step 4500/11249 | avg train loss 0.7286 top1 0.9942 top5 0.9999
    [20:32:23] step 4550/11249 | avg train loss 0.7286 top1 0.9942 top5 0.9999
    [20:32:57] step 4600/11249 | avg train loss 0.7288 top1 0.9941 top5 0.9999
    [20:33:31] step 4650/11249 | avg train loss 0.7288 top1 0.9941 top5 0.9999
    [20:34:04] step 4700/11249 | avg train loss 0.7287 top1 0.9941 top5 0.9999
    [20:34:38] step 4750/11249 | avg train loss 0.7286 top1 0.9941 top5 0.9999
    [20:35:12] step 4800/11249 | avg train loss 0.7284 top1 0.9942 top5 0.9999
    [20:35:45] step 4850/11249 | avg train loss 0.7283 top1 0.9942 top5 0.9999
    [20:36:19] step 4900/11249 | avg train loss 0.7283 top1 0.9942 top5 0.9999
    [20:36:52] step 4950/11249 | avg train loss 0.7283 top1 0.9942 top5 0.9999
    [20:37:26] step 5000/11249 | avg train loss 0.7284 top1 0.9942 top5 1.0000
    [20:38:00] step 5050/11249 | avg train loss 0.7283 top1 0.9943 top5 1.0000
    [20:38:33] step 5100/11249 | avg train loss 0.7282 top1 0.9943 top5 1.0000
    [20:39:07] step 5150/11249 | avg train loss 0.7282 top1 0.9943 top5 1.0000
    [20:39:41] step 5200/11249 | avg train loss 0.7283 top1 0.9943 top5 1.0000
    [20:40:14] step 5250/11249 | avg train loss 0.7287 top1 0.9941 top5 1.0000
    [20:40:48] step 5300/11249 | avg train loss 0.7288 top1 0.9941 top5 1.0000
    [20:41:22] step 5350/11249 | avg train loss 0.7288 top1 0.9941 top5 1.0000
    [20:41:56] step 5400/11249 | avg train loss 0.7289 top1 0.9941 top5 1.0000
    [20:42:29] step 5450/11249 | avg train loss 0.7290 top1 0.9940 top5 1.0000
    [20:43:03] step 5500/11249 | avg train loss 0.7290 top1 0.9941 top5 1.0000
    [20:43:37] step 5550/11249 | avg train loss 0.7292 top1 0.9941 top5 1.0000
    [20:44:10] step 5600/11249 | avg train loss 0.7291 top1 0.9941 top5 1.0000
    [20:44:44] step 5650/11249 | avg train loss 0.7290 top1 0.9942 top5 1.0000
    [20:45:18] step 5700/11249 | avg train loss 0.7291 top1 0.9942 top5 1.0000
    [20:45:51] step 5750/11249 | avg train loss 0.7291 top1 0.9942 top5 1.0000
    [20:46:25] step 5800/11249 | avg train loss 0.7292 top1 0.9941 top5 1.0000
    [20:46:59] step 5850/11249 | avg train loss 0.7292 top1 0.9941 top5 1.0000
    [20:47:32] step 5900/11249 | avg train loss 0.7293 top1 0.9941 top5 1.0000
    [20:48:06] step 5950/11249 | avg train loss 0.7292 top1 0.9941 top5 1.0000
    [20:48:40] step 6000/11249 | avg train loss 0.7292 top1 0.9942 top5 1.0000
    [20:49:13] step 6050/11249 | avg train loss 0.7290 top1 0.9942 top5 1.0000
    [20:49:47] step 6100/11249 | avg train loss 0.7292 top1 0.9942 top5 1.0000
    [20:50:20] step 6150/11249 | avg train loss 0.7291 top1 0.9942 top5 1.0000
    [20:50:54] step 6200/11249 | avg train loss 0.7293 top1 0.9941 top5 1.0000
    [20:51:28] step 6250/11249 | avg train loss 0.7293 top1 0.9941 top5 1.0000
    [20:52:01] step 6300/11249 | avg train loss 0.7295 top1 0.9940 top5 1.0000
    [20:52:35] step 6350/11249 | avg train loss 0.7296 top1 0.9940 top5 1.0000
    [20:53:09] step 6400/11249 | avg train loss 0.7296 top1 0.9940 top5 1.0000
    [20:53:42] step 6450/11249 | avg train loss 0.7295 top1 0.9940 top5 1.0000
    [20:54:16] step 6500/11249 | avg train loss 0.7298 top1 0.9939 top5 1.0000
    [20:54:50] step 6550/11249 | avg train loss 0.7298 top1 0.9939 top5 1.0000
    [20:55:23] step 6600/11249 | avg train loss 0.7298 top1 0.9939 top5 1.0000
    [20:55:57] step 6650/11249 | avg train loss 0.7297 top1 0.9940 top5 1.0000
    [20:56:31] step 6700/11249 | avg train loss 0.7297 top1 0.9940 top5 1.0000
    [20:57:04] step 6750/11249 | avg train loss 0.7296 top1 0.9941 top5 1.0000
    [20:57:38] step 6800/11249 | avg train loss 0.7296 top1 0.9941 top5 1.0000
    [20:58:12] step 6850/11249 | avg train loss 0.7295 top1 0.9941 top5 1.0000
    [20:58:45] step 6900/11249 | avg train loss 0.7294 top1 0.9942 top5 1.0000
    [20:59:19] step 6950/11249 | avg train loss 0.7295 top1 0.9941 top5 1.0000
    [20:59:53] step 7000/11249 | avg train loss 0.7295 top1 0.9941 top5 1.0000
    [21:00:26] step 7050/11249 | avg train loss 0.7296 top1 0.9941 top5 1.0000
    [21:01:00] step 7100/11249 | avg train loss 0.7296 top1 0.9940 top5 1.0000
    [21:01:34] step 7150/11249 | avg train loss 0.7297 top1 0.9940 top5 1.0000
    [21:02:07] step 7200/11249 | avg train loss 0.7298 top1 0.9940 top5 1.0000
    [21:02:41] step 7250/11249 | avg train loss 0.7299 top1 0.9940 top5 1.0000
    [21:03:15] step 7300/11249 | avg train loss 0.7301 top1 0.9939 top5 0.9999
    [21:03:48] step 7350/11249 | avg train loss 0.7302 top1 0.9939 top5 0.9999
    [21:04:22] step 7400/11249 | avg train loss 0.7301 top1 0.9939 top5 0.9999
    [21:04:56] step 7450/11249 | avg train loss 0.7300 top1 0.9940 top5 0.9999
    [21:05:29] step 7500/11249 | avg train loss 0.7300 top1 0.9940 top5 0.9999
    [21:06:03] step 7550/11249 | avg train loss 0.7301 top1 0.9938 top5 0.9999
    [21:06:37] step 7600/11249 | avg train loss 0.7301 top1 0.9939 top5 0.9999
    [21:07:10] step 7650/11249 | avg train loss 0.7300 top1 0.9939 top5 0.9999
    [21:07:44] step 7700/11249 | avg train loss 0.7300 top1 0.9939 top5 0.9999
    [21:08:18] step 7750/11249 | avg train loss 0.7300 top1 0.9938 top5 0.9999
    [21:08:51] step 7800/11249 | avg train loss 0.7300 top1 0.9938 top5 0.9999
    [21:09:25] step 7850/11249 | avg train loss 0.7300 top1 0.9938 top5 0.9999
    [21:09:59] step 7900/11249 | avg train loss 0.7300 top1 0.9938 top5 0.9999
    [21:10:32] step 7950/11249 | avg train loss 0.7300 top1 0.9938 top5 0.9999
    [21:11:06] step 8000/11249 | avg train loss 0.7301 top1 0.9938 top5 0.9999
    [21:11:40] step 8050/11249 | avg train loss 0.7301 top1 0.9939 top5 0.9999
    [21:12:13] step 8100/11249 | avg train loss 0.7301 top1 0.9938 top5 0.9999
    [21:12:47] step 8150/11249 | avg train loss 0.7301 top1 0.9938 top5 0.9999
    [21:13:21] step 8200/11249 | avg train loss 0.7301 top1 0.9938 top5 0.9999
    [21:13:54] step 8250/11249 | avg train loss 0.7301 top1 0.9938 top5 0.9999
    [21:14:28] step 8300/11249 | avg train loss 0.7301 top1 0.9939 top5 0.9999
    [21:15:02] step 8350/11249 | avg train loss 0.7301 top1 0.9938 top5 0.9999
    [21:15:35] step 8400/11249 | avg train loss 0.7302 top1 0.9938 top5 0.9999
    [21:16:09] step 8450/11249 | avg train loss 0.7302 top1 0.9938 top5 0.9999
    [21:16:43] step 8500/11249 | avg train loss 0.7301 top1 0.9939 top5 0.9999
    [21:17:16] step 8550/11249 | avg train loss 0.7300 top1 0.9939 top5 0.9999
    [21:17:50] step 8600/11249 | avg train loss 0.7301 top1 0.9939 top5 0.9999
    [21:18:24] step 8650/11249 | avg train loss 0.7301 top1 0.9938 top5 0.9999
    [21:18:57] step 8700/11249 | avg train loss 0.7302 top1 0.9938 top5 0.9999
    [21:19:31] step 8750/11249 | avg train loss 0.7302 top1 0.9937 top5 0.9999
    [21:20:05] step 8800/11249 | avg train loss 0.7302 top1 0.9938 top5 0.9999
    [21:20:38] step 8850/11249 | avg train loss 0.7302 top1 0.9938 top5 0.9999
    [21:21:12] step 8900/11249 | avg train loss 0.7301 top1 0.9938 top5 0.9999
    [21:21:46] step 8950/11249 | avg train loss 0.7301 top1 0.9938 top5 0.9999
    [21:22:19] step 9000/11249 | avg train loss 0.7301 top1 0.9938 top5 0.9999
    [21:22:53] step 9050/11249 | avg train loss 0.7302 top1 0.9938 top5 0.9999
    [21:23:27] step 9100/11249 | avg train loss 0.7302 top1 0.9938 top5 0.9999
    [21:24:00] step 9150/11249 | avg train loss 0.7302 top1 0.9938 top5 0.9999
    [21:24:34] step 9200/11249 | avg train loss 0.7302 top1 0.9938 top5 0.9999
    [21:25:07] step 9250/11249 | avg train loss 0.7301 top1 0.9939 top5 0.9999
    [21:25:41] step 9300/11249 | avg train loss 0.7301 top1 0.9938 top5 0.9999
    [21:26:15] step 9350/11249 | avg train loss 0.7302 top1 0.9938 top5 0.9999
    [21:26:48] step 9400/11249 | avg train loss 0.7302 top1 0.9938 top5 0.9999
    [21:27:22] step 9450/11249 | avg train loss 0.7302 top1 0.9938 top5 0.9999
    [21:27:56] step 9500/11249 | avg train loss 0.7304 top1 0.9937 top5 0.9999
    [21:28:29] step 9550/11249 | avg train loss 0.7304 top1 0.9937 top5 0.9999
    [21:29:03] step 9600/11249 | avg train loss 0.7304 top1 0.9937 top5 0.9999
    [21:29:37] step 9650/11249 | avg train loss 0.7305 top1 0.9937 top5 0.9999
    [21:30:10] step 9700/11249 | avg train loss 0.7306 top1 0.9937 top5 0.9999
    [21:30:44] step 9750/11249 | avg train loss 0.7306 top1 0.9937 top5 0.9999
    [21:31:18] step 9800/11249 | avg train loss 0.7305 top1 0.9937 top5 0.9999
    [21:31:51] step 9850/11249 | avg train loss 0.7306 top1 0.9936 top5 0.9999
    [21:32:25] step 9900/11249 | avg train loss 0.7307 top1 0.9936 top5 0.9999
    [21:32:59] step 9950/11249 | avg train loss 0.7307 top1 0.9937 top5 0.9999
    [21:33:32] step 10000/11249 | avg train loss 0.7308 top1 0.9936 top5 0.9999
    [21:34:06] step 10050/11249 | avg train loss 0.7308 top1 0.9936 top5 0.9999
    [21:34:39] step 10100/11249 | avg train loss 0.7309 top1 0.9935 top5 0.9999
    [21:35:13] step 10150/11249 | avg train loss 0.7310 top1 0.9935 top5 0.9999
    [21:35:47] step 10200/11249 | avg train loss 0.7310 top1 0.9935 top5 0.9999
    [21:36:20] step 10250/11249 | avg train loss 0.7310 top1 0.9935 top5 0.9999
    [21:36:54] step 10300/11249 | avg train loss 0.7311 top1 0.9934 top5 0.9999
    [21:37:28] step 10350/11249 | avg train loss 0.7312 top1 0.9934 top5 0.9999
    [21:38:01] step 10400/11249 | avg train loss 0.7313 top1 0.9933 top5 0.9999
    [21:38:35] step 10450/11249 | avg train loss 0.7313 top1 0.9933 top5 0.9999
    [21:39:09] step 10500/11249 | avg train loss 0.7314 top1 0.9933 top5 0.9999
    [21:39:42] step 10550/11249 | avg train loss 0.7314 top1 0.9933 top5 0.9999
    [21:40:17] step 10600/11249 | avg train loss 0.7314 top1 0.9932 top5 0.9999
    [21:40:51] step 10650/11249 | avg train loss 0.7315 top1 0.9932 top5 0.9999
    [21:41:24] step 10700/11249 | avg train loss 0.7315 top1 0.9932 top5 0.9999
    [21:41:58] step 10750/11249 | avg train loss 0.7315 top1 0.9932 top5 0.9999
    [21:42:32] step 10800/11249 | avg train loss 0.7315 top1 0.9932 top5 0.9999
    [21:43:05] step 10850/11249 | avg train loss 0.7315 top1 0.9933 top5 0.9999
    [21:43:39] step 10900/11249 | avg train loss 0.7315 top1 0.9933 top5 0.9999
    [21:44:13] step 10950/11249 | avg train loss 0.7316 top1 0.9933 top5 0.9999
    [21:44:46] step 11000/11249 | avg train loss 0.7316 top1 0.9933 top5 0.9999
    [21:45:20] step 11050/11249 | avg train loss 0.7316 top1 0.9933 top5 0.9999
    [21:45:54] step 11100/11249 | avg train loss 0.7317 top1 0.9932 top5 0.9999
    [21:46:27] step 11150/11249 | avg train loss 0.7317 top1 0.9932 top5 0.9999
    [21:47:01] step 11200/11249 | avg train loss 0.7317 top1 0.9933 top5 0.9999
    [21:47:34] step 11249/11249 | avg train loss 0.7317 top1 0.9932 top5 0.9999
Epoch 11/15 | train loss 0.7317 top1 0.9932 | val loss 1.7447 top1 0.5680 top5 0.8212 | ema val top1 0.5764 top5 0.8276
    [22:04:29] step 50/11249 | avg train loss 0.7116 top1 1.0000 top5 1.0000
    [22:05:03] step 100/11249 | avg train loss 0.7099 top1 1.0000 top5 1.0000
    [22:05:37] step 150/11249 | avg train loss 0.7100 top1 1.0000 top5 1.0000
    [22:06:10] step 200/11249 | avg train loss 0.7084 top1 1.0000 top5 1.0000
    [22:06:44] step 250/11249 | avg train loss 0.7083 top1 1.0000 top5 1.0000
    [22:07:18] step 300/11249 | avg train loss 0.7073 top1 1.0000 top5 1.0000
    [22:07:51] step 350/11249 | avg train loss 0.7077 top1 1.0000 top5 1.0000
    [22:08:25] step 400/11249 | avg train loss 0.7071 top1 1.0000 top5 1.0000
    [22:08:59] step 450/11249 | avg train loss 0.7067 top1 1.0000 top5 1.0000
    [22:09:32] step 500/11249 | avg train loss 0.7069 top1 0.9995 top5 1.0000
    [22:10:06] step 550/11249 | avg train loss 0.7066 top1 0.9995 top5 1.0000
    [22:10:40] step 600/11249 | avg train loss 0.7081 top1 0.9988 top5 1.0000
    [22:11:13] step 650/11249 | avg train loss 0.7078 top1 0.9988 top5 1.0000
    [22:11:47] step 700/11249 | avg train loss 0.7081 top1 0.9986 top5 1.0000
    [22:12:21] step 750/11249 | avg train loss 0.7080 top1 0.9987 top5 1.0000
    [22:12:54] step 800/11249 | avg train loss 0.7083 top1 0.9984 top5 1.0000
    [22:13:28] step 850/11249 | avg train loss 0.7082 top1 0.9985 top5 1.0000
    [22:14:02] step 900/11249 | avg train loss 0.7079 top1 0.9986 top5 1.0000
    [22:15:53] step 950/11249 | avg train loss 0.7078 top1 0.9987 top5 1.0000
    [22:18:52] step 1000/11249 | avg train loss 0.7086 top1 0.9982 top5 1.0000
    [22:21:52] step 1050/11249 | avg train loss 0.7086 top1 0.9981 top5 1.0000
    [22:24:52] step 1100/11249 | avg train loss 0.7088 top1 0.9982 top5 1.0000
    [22:27:52] step 1150/11249 | avg train loss 0.7085 top1 0.9983 top5 1.0000
    [22:30:51] step 1200/11249 | avg train loss 0.7085 top1 0.9983 top5 1.0000
    [22:33:51] step 1250/11249 | avg train loss 0.7084 top1 0.9982 top5 1.0000
    [22:36:51] step 1300/11249 | avg train loss 0.7082 top1 0.9983 top5 1.0000
    [22:39:51] step 1350/11249 | avg train loss 0.7081 top1 0.9983 top5 1.0000
    [22:42:50] step 1400/11249 | avg train loss 0.7079 top1 0.9984 top5 1.0000
    [22:45:50] step 1450/11249 | avg train loss 0.7077 top1 0.9984 top5 1.0000
    [22:48:50] step 1500/11249 | avg train loss 0.7079 top1 0.9983 top5 1.0000
    [22:51:50] step 1550/11249 | avg train loss 0.7078 top1 0.9984 top5 1.0000
    [22:54:49] step 1600/11249 | avg train loss 0.7077 top1 0.9984 top5 1.0000
    [22:57:49] step 1650/11249 | avg train loss 0.7076 top1 0.9983 top5 1.0000
    [23:00:49] step 1700/11249 | avg train loss 0.7076 top1 0.9982 top5 1.0000
    [23:03:49] step 1750/11249 | avg train loss 0.7075 top1 0.9983 top5 1.0000
    [23:06:49] step 1800/11249 | avg train loss 0.7075 top1 0.9982 top5 1.0000
    [23:09:48] step 1850/11249 | avg train loss 0.7074 top1 0.9982 top5 1.0000
    [23:12:48] step 1900/11249 | avg train loss 0.7078 top1 0.9982 top5 1.0000
    [23:15:48] step 1950/11249 | avg train loss 0.7081 top1 0.9981 top5 1.0000
    [23:18:48] step 2000/11249 | avg train loss 0.7081 top1 0.9981 top5 1.0000
    [23:21:47] step 2050/11249 | avg train loss 0.7081 top1 0.9980 top5 1.0000
    [23:24:47] step 2100/11249 | avg train loss 0.7080 top1 0.9981 top5 1.0000
    [23:27:47] step 2150/11249 | avg train loss 0.7080 top1 0.9981 top5 1.0000
    [23:30:47] step 2200/11249 | avg train loss 0.7078 top1 0.9982 top5 1.0000
    [23:33:46] step 2250/11249 | avg train loss 0.7079 top1 0.9980 top5 1.0000
    [23:36:46] step 2300/11249 | avg train loss 0.7078 top1 0.9980 top5 1.0000
    [23:39:46] step 2350/11249 | avg train loss 0.7078 top1 0.9981 top5 1.0000
    [23:42:46] step 2400/11249 | avg train loss 0.7082 top1 0.9979 top5 1.0000
    [23:45:46] step 2450/11249 | avg train loss 0.7082 top1 0.9980 top5 1.0000
    [23:48:45] step 2500/11249 | avg train loss 0.7082 top1 0.9980 top5 1.0000
    [23:51:45] step 2550/11249 | avg train loss 0.7081 top1 0.9980 top5 1.0000
    [23:54:45] step 2600/11249 | avg train loss 0.7079 top1 0.9981 top5 1.0000
