model:
  name: vjepa2_ssv2ft
  pretrained: true
  num_classes: ${num_classes}
  hf_repo: facebook/vjepa2-vitl-fpc16-256-ssv2
  head_type: attentive
  head_num_heads: 8
  head_num_queries: 1
  head_dropout: 0.0
  lora_enabled: true
  lora_r: 16
  lora_alpha: 32
  lora_dropout: 0.05
  lora_target_modules:
  - query
  - key
  - value
  - proj
  - fc1
  - fc2
  freeze_backbone: true
  attn_implementation: sdpa
  init_head_from_ssv2: true
  dora_enabled: false
dataset:
  root: ${hydra:runtime.cwd}/data
  train_dir: ${dataset.root}/train
  val_dir: ${dataset.root}/val
  test_dir: ${dataset.root}/test
  augmented_dirs: []
  test_manifest: null
  submission_output: ${hydra:runtime.cwd}/submissions/track_a.csv
  num_frames: 16
  val_ratio: 0.2
  use_official_val: true
  include_val_in_train: false
  official_val_holdout_ratio: 0.0
  seed: ${seed}
  use_extra: false
  train_extra_dir: ${dataset.root}/train_extra
  max_samples: null
  max_samples_per_class: null
  image_size: 256
  time_reversal_prob: 0.0
  temporal_reversal_augment:
    enabled: false
    prob: 0.5
  class_boosting:
    enabled: false
training:
  batch_size: 4
  lr: 0.0005
  epochs: 15
  num_workers: 2
  checkpoint_path: checkpoints/track_b/ssv2ft_lora16_mlp.pt
  resume_from: null
  lora_lr: 0.0001
  lora_lr_ratio: 0.25
  motion_lr: null
  motion_lr_ratio: null
  resume_apply_cfg_lr: false
  amp: true
  device: cuda
  optimizer: adamw
  momentum: 0.9
  nesterov: false
  weight_decay: 0.05
  scheduler_cosine: true
  warmup_epochs: 1
  min_lr: 1.0e-05
  label_smoothing: 0.1
  videomix_alpha: 0.0
  videomix_prob: 1.0
  videomix_mode: cube_cutmix
  videomix_mixup_alpha: null
  videomix_cutmix_alpha: null
  videomix_switch_prob: 0.5
  layer_decay: null
  repeated_aug: 1
  grad_accum_steps: 1
  amp_dtype: float16
  scheduler: none
  sgdr_T0: 30
  sgdr_save_snapshots: false
  early_stopping_enabled: false
  early_stopping_patience: 10
  early_stopping_min_delta: 0.0
  log_interval_steps: 50
  ema_enabled: true
  ema_decay: 0.999
  eval_every_n_epochs: 1
  eval_ema: true
  save_last_checkpoint: true
  last_checkpoint_path: null
  resume_reset_scheduler: false
  continuation_warmup_epochs: 0
  continuation_rewarm_lr: false
  continuation_peak_lr_ratio: 0.4
  tta: false
  tta_flip: false
  tta_temporal_shift: 0
  tta_scales:
  - 0.875
  - 1.0
  - 1.125
  tta_logit_adjust: 0.0
  class_balance_sampler: none
  class_balance_loss: none
  class_balance_beta: 0.999
augment:
  name: none
  random_horizontal_flip: false
  random_crop: false
  crop_padding: 0
  color_jitter: false
  color_jitter_brightness: 0.0
  color_jitter_contrast: 0.0
  color_jitter_saturation: 0.0
  color_jitter_hue: 0.0
  random_grayscale: false
  random_grayscale_prob: 0.0
  gaussian_blur: false
  gaussian_blur_prob: 0.0
  gaussian_blur_radius_min: 0.1
  gaussian_blur_radius_max: 2.0
pretrain:
  epochs: 100
  batch_size: 64
  lr: 0.0005
  weight_decay: 0.04
  log_interval_steps: 50
  checkpoint_path: ${hydra:runtime.cwd}/ssl_trunk.pt
  max_frames: null
  image_size: 224
  local_image_size: 96
  num_local_views: 6
  out_dim: 4096
  hidden_dim: 2048
  bottleneck_dim: 256
  n_layers: 3
  teacher_temp: 0.04
  student_temp: 0.1
  center_momentum: 0.9
  teacher_momentum_base: 0.996
  teacher_momentum_final: 1.0
test:
  num_segment: 2
  num_crop: 3
  flip_tta: false
track:
  name: a
  description: 'Closed-world track: train from scratch.'
num_classes: 33
seed: 42

[cuda] cache emptied (run-start). Free: 23.15 / 23.54 GiB
[data] use_official_val=true: train=44993 (train_dir=44993), val=6745 (from /Data/thomas.turkieh/smth2smth/data/val)
[2026-05-22 12:31:44,901][httpx][INFO] - HTTP Request: HEAD https://huggingface.co/facebook/vjepa2-vitl-fpc16-256-ssv2/resolve/main/config.json "HTTP/1.1 307 Temporary Redirect"
Warning: You are sending unauthenticated requests to the HF Hub. Please set a HF_TOKEN to enable higher rate limits and faster downloads.
[2026-05-22 12:31:44,902][huggingface_hub.utils._http][WARNING] - Warning: You are sending unauthenticated requests to the HF Hub. Please set a HF_TOKEN to enable higher rate limits and faster downloads.
[2026-05-22 12:31:44,915][httpx][INFO] - HTTP Request: HEAD https://huggingface.co/api/resolve-cache/models/facebook/vjepa2-vitl-fpc16-256-ssv2/4aa02df83918538fc21cfaf576382fa20e489a80/config.json "HTTP/1.1 200 OK"
[2026-05-22 12:31:44,956][httpx][INFO] - HTTP Request: GET https://huggingface.co/api/resolve-cache/models/facebook/vjepa2-vitl-fpc16-256-ssv2/4aa02df83918538fc21cfaf576382fa20e489a80/config.json "HTTP/1.1 200 OK"
[2026-05-22 12:31:45,073][httpx][INFO] - HTTP Request: HEAD https://huggingface.co/facebook/vjepa2-vitl-fpc16-256-ssv2/resolve/main/adapter_config.json "HTTP/1.1 404 Not Found"
[2026-05-22 12:31:45,187][httpx][INFO] - HTTP Request: HEAD https://huggingface.co/facebook/vjepa2-vitl-fpc16-256-ssv2/resolve/main/config.json "HTTP/1.1 307 Temporary Redirect"
[2026-05-22 12:31:45,195][httpx][INFO] - HTTP Request: HEAD https://huggingface.co/api/resolve-cache/models/facebook/vjepa2-vitl-fpc16-256-ssv2/4aa02df83918538fc21cfaf576382fa20e489a80/config.json "HTTP/1.1 200 OK"
[2026-05-22 12:31:45,317][httpx][INFO] - HTTP Request: HEAD https://huggingface.co/facebook/vjepa2-vitl-fpc16-256-ssv2/resolve/main/model.safetensors "HTTP/1.1 302 Found"
[2026-05-22 12:31:45,442][httpx][INFO] - HTTP Request: GET https://huggingface.co/api/models/facebook/vjepa2-vitl-fpc16-256-ssv2/xet-read-token/4aa02df83918538fc21cfaf576382fa20e489a80 "HTTP/1.1 200 OK"
Error executing job with overrides: ['experiment=track_b_vjepa2_lora16_mlp']
Traceback (most recent call last):
  File "/Data/thomas.turkieh/smth2smth/src/smth2smth/pipelines/train.py", line 1360, in main
    run(cfg)
  File "/Data/thomas.turkieh/smth2smth/src/smth2smth/pipelines/train.py", line 653, in run
    model = build_model(cfg).to(device)
            ^^^^^^^^^^^^^^^^
  File "/Data/thomas.turkieh/smth2smth/src/smth2smth/shared/models/registry.py", line 68, in build_model
    return MODEL_REGISTRY[name](cfg)
           ^^^^^^^^^^^^^^^^^^^^^^^^^
  File "/Data/thomas.turkieh/smth2smth/src/smth2smth/track_b/vjepa2.py", line 801, in build_vjepa2_ssv2ft
    return VJEPA2SSv2FTProbe(
           ^^^^^^^^^^^^^^^^^^
  File "/Data/thomas.turkieh/smth2smth/src/smth2smth/track_b/vjepa2.py", line 705, in __init__
    model = VJEPA2ForVideoClassification.from_pretrained(self.hf_repo, **load_kwargs)
            ^^^^^^^^^^^^^^^^^^^^^^^^^^^^^^^^^^^^^^^^^^^^^^^^^^^^^^^^^^^^^^^^^^^^^^^^^
  File "/Data/thomas.turkieh/smth2smth/.venv/lib/python3.12/site-packages/transformers/modeling_utils.py", line 4153, in from_pretrained
    checkpoint_files, sharded_metadata = _get_resolved_checkpoint_files(
                                         ^^^^^^^^^^^^^^^^^^^^^^^^^^^^^^^
  File "/Data/thomas.turkieh/smth2smth/.venv/lib/python3.12/site-packages/transformers/modeling_utils.py", line 678, in _get_resolved_checkpoint_files
    resolved_archive_file = cached_file(pretrained_model_name_or_path, filename, **cached_file_kwargs)
                            ^^^^^^^^^^^^^^^^^^^^^^^^^^^^^^^^^^^^^^^^^^^^^^^^^^^^^^^^^^^^^^^^^^^^^^^^^^
  File "/Data/thomas.turkieh/smth2smth/.venv/lib/python3.12/site-packages/transformers/utils/hub.py", line 278, in cached_file
    file = cached_files(path_or_repo_id=path_or_repo_id, filenames=[filename], **kwargs)
           ^^^^^^^^^^^^^^^^^^^^^^^^^^^^^^^^^^^^^^^^^^^^^^^^^^^^^^^^^^^^^^^^^^^^^^^^^^^^^
  File "/Data/thomas.turkieh/smth2smth/.venv/lib/python3.12/site-packages/transformers/utils/hub.py", line 512, in cached_files
    raise e
  File "/Data/thomas.turkieh/smth2smth/.venv/lib/python3.12/site-packages/transformers/utils/hub.py", line 422, in cached_files
    hf_hub_download(
  File "/Data/thomas.turkieh/smth2smth/.venv/lib/python3.12/site-packages/huggingface_hub/utils/_validators.py", line 88, in _inner_fn
    return fn(*args, **kwargs)
           ^^^^^^^^^^^^^^^^^^^
  File "/Data/thomas.turkieh/smth2smth/.venv/lib/python3.12/site-packages/huggingface_hub/file_download.py", line 997, in hf_hub_download
    return _hf_hub_download_to_cache_dir(
           ^^^^^^^^^^^^^^^^^^^^^^^^^^^^^^
  File "/Data/thomas.turkieh/smth2smth/.venv/lib/python3.12/site-packages/huggingface_hub/file_download.py", line 1216, in _hf_hub_download_to_cache_dir
    _download_to_tmp_and_move(
  File "/Data/thomas.turkieh/smth2smth/.venv/lib/python3.12/site-packages/huggingface_hub/file_download.py", line 1828, in _download_to_tmp_and_move
    with incomplete_path.open("ab") as f:
         ^^^^^^^^^^^^^^^^^^^^^^^^^^
OSError: [Errno 122] Disk quota exceeded

Set the environment variable HYDRA_FULL_ERROR=1 for a complete stack trace.
model:
  name: vjepa2_ssv2ft
  pretrained: true
  num_classes: ${num_classes}
  hf_repo: facebook/vjepa2-vitl-fpc16-256-ssv2
  head_type: attentive
  head_num_heads: 8
  head_num_queries: 1
  head_dropout: 0.0
  lora_enabled: true
  lora_r: 16
  lora_alpha: 32
  lora_dropout: 0.05
  lora_target_modules:
  - query
  - key
  - value
  - proj
  - fc1
  - fc2
  freeze_backbone: true
  attn_implementation: sdpa
  init_head_from_ssv2: true
  dora_enabled: false
dataset:
  root: ${hydra:runtime.cwd}/data
  train_dir: ${dataset.root}/train
  val_dir: ${dataset.root}/val
  test_dir: ${dataset.root}/test
  augmented_dirs: []
  test_manifest: null
  submission_output: ${hydra:runtime.cwd}/submissions/track_a.csv
  num_frames: 16
  val_ratio: 0.2
  use_official_val: true
  include_val_in_train: false
  official_val_holdout_ratio: 0.0
  seed: ${seed}
  use_extra: false
  train_extra_dir: ${dataset.root}/train_extra
  max_samples: null
  max_samples_per_class: null
  image_size: 256
  time_reversal_prob: 0.0
  temporal_reversal_augment:
    enabled: false
    prob: 0.5
  class_boosting:
    enabled: false
training:
  batch_size: 4
  lr: 0.0005
  epochs: 15
  num_workers: 2
  checkpoint_path: checkpoints/track_b/ssv2ft_lora16_mlp.pt
  resume_from: null
  lora_lr: 0.0001
  lora_lr_ratio: 0.25
  motion_lr: null
  motion_lr_ratio: null
  resume_apply_cfg_lr: false
  amp: true
  device: cuda
  optimizer: adamw
  momentum: 0.9
  nesterov: false
  weight_decay: 0.05
  scheduler_cosine: true
  warmup_epochs: 1
  min_lr: 1.0e-05
  label_smoothing: 0.1
  videomix_alpha: 0.0
  videomix_prob: 1.0
  videomix_mode: cube_cutmix
  videomix_mixup_alpha: null
  videomix_cutmix_alpha: null
  videomix_switch_prob: 0.5
  layer_decay: null
  repeated_aug: 1
  grad_accum_steps: 1
  amp_dtype: float16
  scheduler: none
  sgdr_T0: 30
  sgdr_save_snapshots: false
  early_stopping_enabled: false
  early_stopping_patience: 10
  early_stopping_min_delta: 0.0
  log_interval_steps: 50
  ema_enabled: true
  ema_decay: 0.999
  eval_every_n_epochs: 1
  eval_ema: true
  save_last_checkpoint: true
  last_checkpoint_path: null
  resume_reset_scheduler: false
  continuation_warmup_epochs: 0
  continuation_rewarm_lr: false
  continuation_peak_lr_ratio: 0.4
  tta: false
  tta_flip: false
  tta_temporal_shift: 0
  tta_scales:
  - 0.875
  - 1.0
  - 1.125
  tta_logit_adjust: 0.0
  class_balance_sampler: none
  class_balance_loss: none
  class_balance_beta: 0.999
augment:
  name: none
  random_horizontal_flip: false
  random_crop: false
  crop_padding: 0
  color_jitter: false
  color_jitter_brightness: 0.0
  color_jitter_contrast: 0.0
  color_jitter_saturation: 0.0
  color_jitter_hue: 0.0
  random_grayscale: false
  random_grayscale_prob: 0.0
  gaussian_blur: false
  gaussian_blur_prob: 0.0
  gaussian_blur_radius_min: 0.1
  gaussian_blur_radius_max: 2.0
pretrain:
  epochs: 100
  batch_size: 64
  lr: 0.0005
  weight_decay: 0.04
  log_interval_steps: 50
  checkpoint_path: ${hydra:runtime.cwd}/ssl_trunk.pt
  max_frames: null
  image_size: 224
  local_image_size: 96
  num_local_views: 6
  out_dim: 4096
  hidden_dim: 2048
  bottleneck_dim: 256
  n_layers: 3
  teacher_temp: 0.04
  student_temp: 0.1
  center_momentum: 0.9
  teacher_momentum_base: 0.996
  teacher_momentum_final: 1.0
test:
  num_segment: 2
  num_crop: 3
  flip_tta: false
track:
  name: a
  description: 'Closed-world track: train from scratch.'
num_classes: 33
seed: 42

[cuda] cache emptied (run-start). Free: 23.15 / 23.54 GiB
[data] use_official_val=true: train=44993 (train_dir=44993), val=6745 (from /Data/thomas.turkieh/smth2smth/data/val)
[2026-05-22 12:56:52,990][httpx][INFO] - HTTP Request: HEAD https://huggingface.co/facebook/vjepa2-vitl-fpc16-256-ssv2/resolve/main/config.json "HTTP/1.1 307 Temporary Redirect"
Warning: You are sending unauthenticated requests to the HF Hub. Please set a HF_TOKEN to enable higher rate limits and faster downloads.
[2026-05-22 12:56:52,991][huggingface_hub.utils._http][WARNING] - Warning: You are sending unauthenticated requests to the HF Hub. Please set a HF_TOKEN to enable higher rate limits and faster downloads.
[2026-05-22 12:56:52,995][httpx][INFO] - HTTP Request: HEAD https://huggingface.co/api/resolve-cache/models/facebook/vjepa2-vitl-fpc16-256-ssv2/4aa02df83918538fc21cfaf576382fa20e489a80/config.json "HTTP/1.1 200 OK"
[2026-05-22 12:56:53,000][httpx][INFO] - HTTP Request: GET https://huggingface.co/api/resolve-cache/models/facebook/vjepa2-vitl-fpc16-256-ssv2/4aa02df83918538fc21cfaf576382fa20e489a80/config.json "HTTP/1.1 200 OK"
[2026-05-22 12:56:53,101][httpx][INFO] - HTTP Request: HEAD https://huggingface.co/facebook/vjepa2-vitl-fpc16-256-ssv2/resolve/main/adapter_config.json "HTTP/1.1 404 Not Found"
[2026-05-22 12:56:53,205][httpx][INFO] - HTTP Request: HEAD https://huggingface.co/facebook/vjepa2-vitl-fpc16-256-ssv2/resolve/main/config.json "HTTP/1.1 307 Temporary Redirect"
[2026-05-22 12:56:53,212][httpx][INFO] - HTTP Request: HEAD https://huggingface.co/api/resolve-cache/models/facebook/vjepa2-vitl-fpc16-256-ssv2/4aa02df83918538fc21cfaf576382fa20e489a80/config.json "HTTP/1.1 200 OK"
[2026-05-22 12:56:53,318][httpx][INFO] - HTTP Request: HEAD https://huggingface.co/facebook/vjepa2-vitl-fpc16-256-ssv2/resolve/main/model.safetensors "HTTP/1.1 302 Found"
[2026-05-22 12:56:53,417][httpx][INFO] - HTTP Request: GET https://huggingface.co/api/models/facebook/vjepa2-vitl-fpc16-256-ssv2/xet-read-token/4aa02df83918538fc21cfaf576382fa20e489a80 "HTTP/1.1 200 OK"
Loading weights:   0%|          | 0/652 [00:00<?, ?it/s]Loading weights: 100%|██████████| 652/652 [00:00<00:00, 11132.77it/s]
[map] prefix-matched our class 015 ('015_Pretending_to_pour_something_out_of_something_but_something_') to SSv2 idx 70 ('Pretending to pour [something] out of [something], but [something] is empty')
[ssv2ft] head-slice: resolved 32/33 local class indices (32 folder matches)
[model] freeze_backbone ignored (only supported for video_mae_vit).
[optim] two param groups: head lr=0.0005 (n=65), lora lr=0.0001 (n=436)
[optim] trainable 57,838,625 / total 383,809,953 params (15.07%)
[amp] mixed-precision (torch.float16 + GradScaler) enabled.
[ema] enabled (decay=0.999); will eval both live and EMA each epoch.
    [12:58:10] step 50/11249 | avg train loss 2.4191 top1 0.5100 top5 0.7600
    [12:58:42] step 100/11249 | avg train loss 2.2575 top1 0.5275 top5 0.8075
    [12:59:15] step 150/11249 | avg train loss 2.1941 top1 0.5383 top5 0.8150
    [12:59:48] step 200/11249 | avg train loss 2.1140 top1 0.5513 top5 0.8337
    [13:00:21] step 250/11249 | avg train loss 2.0943 top1 0.5450 top5 0.8410
    [13:00:54] step 300/11249 | avg train loss 2.0411 top1 0.5592 top5 0.8517
    [13:01:26] step 350/11249 | avg train loss 2.0027 top1 0.5664 top5 0.8621
    [13:01:59] step 400/11249 | avg train loss 1.9889 top1 0.5675 top5 0.8631
    [13:02:32] step 450/11249 | avg train loss 1.9780 top1 0.5722 top5 0.8667
    [13:03:04] step 500/11249 | avg train loss 1.9408 top1 0.5790 top5 0.8720
    [13:03:37] step 550/11249 | avg train loss 1.9279 top1 0.5823 top5 0.8736
    [13:04:10] step 600/11249 | avg train loss 1.9201 top1 0.5850 top5 0.8758
    [13:04:43] step 650/11249 | avg train loss 1.8985 top1 0.5935 top5 0.8781
    [13:05:15] step 700/11249 | avg train loss 1.8874 top1 0.5957 top5 0.8789
    [13:05:48] step 750/11249 | avg train loss 1.8671 top1 0.6033 top5 0.8810
    [13:06:21] step 800/11249 | avg train loss 1.8548 top1 0.6066 top5 0.8838
    [13:06:53] step 850/11249 | avg train loss 1.8382 top1 0.6100 top5 0.8871
    [13:07:26] step 900/11249 | avg train loss 1.8214 top1 0.6147 top5 0.8889
    [13:07:59] step 950/11249 | avg train loss 1.8130 top1 0.6195 top5 0.8892
    [13:08:31] step 1000/11249 | avg train loss 1.8122 top1 0.6198 top5 0.8888
    [13:09:04] step 1050/11249 | avg train loss 1.8036 top1 0.6238 top5 0.8902
    [13:09:37] step 1100/11249 | avg train loss 1.7941 top1 0.6270 top5 0.8923
    [13:10:09] step 1150/11249 | avg train loss 1.7839 top1 0.6298 top5 0.8937
    [13:10:42] step 1200/11249 | avg train loss 1.7843 top1 0.6294 top5 0.8919
    [13:11:15] step 1250/11249 | avg train loss 1.7733 top1 0.6334 top5 0.8928
    [13:11:47] step 1300/11249 | avg train loss 1.7700 top1 0.6333 top5 0.8938
    [13:12:20] step 1350/11249 | avg train loss 1.7658 top1 0.6331 top5 0.8950
    [13:12:53] step 1400/11249 | avg train loss 1.7629 top1 0.6339 top5 0.8950
    [13:13:26] step 1450/11249 | avg train loss 1.7535 top1 0.6383 top5 0.8969
    [13:13:58] step 1500/11249 | avg train loss 1.7425 top1 0.6410 top5 0.8983
    [13:14:31] step 1550/11249 | avg train loss 1.7532 top1 0.6384 top5 0.8945
    [13:15:04] step 1600/11249 | avg train loss 1.8180 top1 0.6202 top5 0.8734
    [13:15:36] step 1650/11249 | avg train loss 1.8728 top1 0.6023 top5 0.8535
    [13:16:09] step 1700/11249 | avg train loss 1.9197 top1 0.5859 top5 0.8354
    [13:16:42] step 1750/11249 | avg train loss 1.9625 top1 0.5711 top5 0.8183
    [13:17:14] step 1800/11249 | avg train loss 2.0024 top1 0.5567 top5 0.8046
    [13:17:47] step 1850/11249 | avg train loss 2.0396 top1 0.5441 top5 0.7914
    [13:18:19] step 1900/11249 | avg train loss 2.0746 top1 0.5316 top5 0.7788
    [13:18:52] step 1950/11249 | avg train loss 2.1026 top1 0.5206 top5 0.7694
    [13:19:25] step 2000/11249 | avg train loss 2.1343 top1 0.5114 top5 0.7598
    [13:19:57] step 2050/11249 | avg train loss 2.1527 top1 0.5059 top5 0.7561
    [13:20:30] step 2100/11249 | avg train loss 2.1576 top1 0.5039 top5 0.7558
    [13:21:03] step 2150/11249 | avg train loss 2.1549 top1 0.5058 top5 0.7578
    [13:21:36] step 2200/11249 | avg train loss 2.1516 top1 0.5069 top5 0.7600
    [13:22:08] step 2250/11249 | avg train loss 2.1484 top1 0.5072 top5 0.7624
    [13:22:41] step 2300/11249 | avg train loss 2.1446 top1 0.5085 top5 0.7646
    [13:23:14] step 2350/11249 | avg train loss 2.1355 top1 0.5115 top5 0.7674
    [13:23:46] step 2400/11249 | avg train loss 2.1261 top1 0.5140 top5 0.7706
    [13:24:19] step 2450/11249 | avg train loss 2.1155 top1 0.5171 top5 0.7744
    [13:24:52] step 2500/11249 | avg train loss 2.1063 top1 0.5193 top5 0.7774
    [13:25:24] step 2550/11249 | avg train loss 2.0975 top1 0.5223 top5 0.7799
    [13:25:57] step 2600/11249 | avg train loss 2.0900 top1 0.5246 top5 0.7823
    [13:26:30] step 2650/11249 | avg train loss 2.0820 top1 0.5265 top5 0.7849
    [13:27:02] step 2700/11249 | avg train loss 2.0735 top1 0.5295 top5 0.7874
    [13:27:35] step 2750/11249 | avg train loss 2.0654 top1 0.5323 top5 0.7898
    [13:28:08] step 2800/11249 | avg train loss 2.0568 top1 0.5346 top5 0.7921
    [13:28:41] step 2850/11249 | avg train loss 2.0480 top1 0.5368 top5 0.7949
    [13:29:13] step 2900/11249 | avg train loss 2.0410 top1 0.5386 top5 0.7968
    [13:29:46] step 2950/11249 | avg train loss 2.0326 top1 0.5415 top5 0.7992
    [13:30:18] step 3000/11249 | avg train loss 2.0260 top1 0.5433 top5 0.8013
    [13:30:51] step 3050/11249 | avg train loss 2.0209 top1 0.5451 top5 0.8032
    [13:31:24] step 3100/11249 | avg train loss 2.0126 top1 0.5470 top5 0.8055
    [13:31:56] step 3150/11249 | avg train loss 2.0064 top1 0.5487 top5 0.8075
    [13:32:29] step 3200/11249 | avg train loss 1.9987 top1 0.5515 top5 0.8096
    [13:33:02] step 3250/11249 | avg train loss 1.9937 top1 0.5530 top5 0.8111
    [13:33:35] step 3300/11249 | avg train loss 1.9883 top1 0.5547 top5 0.8127
    [13:34:07] step 3350/11249 | avg train loss 1.9815 top1 0.5573 top5 0.8142
    [13:34:40] step 3400/11249 | avg train loss 1.9756 top1 0.5596 top5 0.8159
    [13:35:13] step 3450/11249 | avg train loss 1.9708 top1 0.5609 top5 0.8172
    [13:35:45] step 3500/11249 | avg train loss 1.9646 top1 0.5629 top5 0.8191
    [13:36:18] step 3550/11249 | avg train loss 1.9591 top1 0.5649 top5 0.8204
    [13:36:51] step 3600/11249 | avg train loss 1.9534 top1 0.5665 top5 0.8219
    [13:37:24] step 3650/11249 | avg train loss 1.9476 top1 0.5681 top5 0.8233
    [13:37:56] step 3700/11249 | avg train loss 1.9426 top1 0.5693 top5 0.8245
    [13:38:29] step 3750/11249 | avg train loss 1.9410 top1 0.5699 top5 0.8251
    [13:39:02] step 3800/11249 | avg train loss 1.9371 top1 0.5711 top5 0.8260
    [13:39:34] step 3850/11249 | avg train loss 1.9325 top1 0.5723 top5 0.8275
    [13:40:07] step 3900/11249 | avg train loss 1.9281 top1 0.5735 top5 0.8288
    [13:40:40] step 3950/11249 | avg train loss 1.9241 top1 0.5746 top5 0.8299
    [13:41:12] step 4000/11249 | avg train loss 1.9207 top1 0.5754 top5 0.8311
    [13:41:45] step 4050/11249 | avg train loss 1.9153 top1 0.5767 top5 0.8327
    [13:42:18] step 4100/11249 | avg train loss 1.9115 top1 0.5777 top5 0.8341
    [13:42:50] step 4150/11249 | avg train loss 1.9068 top1 0.5789 top5 0.8354
    [13:43:23] step 4200/11249 | avg train loss 1.9033 top1 0.5795 top5 0.8365
    [13:43:56] step 4250/11249 | avg train loss 1.8982 top1 0.5811 top5 0.8379
    [13:44:29] step 4300/11249 | avg train loss 1.8933 top1 0.5826 top5 0.8390
    [13:45:01] step 4350/11249 | avg train loss 1.8898 top1 0.5836 top5 0.8399
    [13:45:34] step 4400/11249 | avg train loss 1.8861 top1 0.5849 top5 0.8407
    [13:46:07] step 4450/11249 | avg train loss 1.8823 top1 0.5859 top5 0.8418
    [13:46:39] step 4500/11249 | avg train loss 1.8787 top1 0.5870 top5 0.8427
    [13:47:12] step 4550/11249 | avg train loss 1.8752 top1 0.5880 top5 0.8437
    [13:47:44] step 4600/11249 | avg train loss 1.8716 top1 0.5893 top5 0.8444
    [13:48:17] step 4650/11249 | avg train loss 1.8692 top1 0.5901 top5 0.8448
    [13:48:50] step 4700/11249 | avg train loss 1.8862 top1 0.5843 top5 0.8385
    [13:49:23] step 4750/11249 | avg train loss 1.9026 top1 0.5788 top5 0.8322
    [13:49:55] step 4800/11249 | avg train loss 1.9179 top1 0.5734 top5 0.8272
    [13:50:28] step 4850/11249 | avg train loss 1.9331 top1 0.5681 top5 0.8219
    [13:51:00] step 4900/11249 | avg train loss 1.9477 top1 0.5630 top5 0.8163
    [13:51:33] step 4950/11249 | avg train loss 1.9609 top1 0.5584 top5 0.8123
    [13:52:06] step 5000/11249 | avg train loss 1.9742 top1 0.5536 top5 0.8077
    [13:52:38] step 5050/11249 | avg train loss 1.9867 top1 0.5492 top5 0.8037
    [13:53:11] step 5100/11249 | avg train loss 1.9980 top1 0.5450 top5 0.8004
    [13:53:44] step 5150/11249 | avg train loss 2.0080 top1 0.5415 top5 0.7978
    [13:54:16] step 5200/11249 | avg train loss 2.0190 top1 0.5376 top5 0.7942
    [13:54:49] step 5250/11249 | avg train loss 2.0295 top1 0.5342 top5 0.7911
    [13:55:22] step 5300/11249 | avg train loss 2.0383 top1 0.5305 top5 0.7890
    [13:55:54] step 5350/11249 | avg train loss 2.0472 top1 0.5270 top5 0.7864
    [13:56:27] step 5400/11249 | avg train loss 2.0564 top1 0.5236 top5 0.7839
    [13:57:00] step 5450/11249 | avg train loss 2.0650 top1 0.5206 top5 0.7815
    [13:57:32] step 5500/11249 | avg train loss 2.0718 top1 0.5176 top5 0.7800
    [13:58:05] step 5550/11249 | avg train loss 2.0798 top1 0.5144 top5 0.7781
    [13:58:38] step 5600/11249 | avg train loss 2.0871 top1 0.5112 top5 0.7762
    [13:59:10] step 5650/11249 | avg train loss 2.0951 top1 0.5077 top5 0.7744
    [13:59:43] step 5700/11249 | avg train loss 2.1025 top1 0.5043 top5 0.7725
    [14:00:16] step 5750/11249 | avg train loss 2.1089 top1 0.5014 top5 0.7708
    [14:00:48] step 5800/11249 | avg train loss 2.1162 top1 0.4985 top5 0.7691
    [14:01:21] step 5850/11249 | avg train loss 2.1226 top1 0.4959 top5 0.7677
    [14:01:54] step 5900/11249 | avg train loss 2.1281 top1 0.4936 top5 0.7667
    [14:02:26] step 5950/11249 | avg train loss 2.1335 top1 0.4911 top5 0.7658
    [14:02:59] step 6000/11249 | avg train loss 2.1393 top1 0.4886 top5 0.7649
    [14:03:32] step 6050/11249 | avg train loss 2.1448 top1 0.4866 top5 0.7639
    [14:04:04] step 6100/11249 | avg train loss 2.1499 top1 0.4847 top5 0.7631
    [14:04:37] step 6150/11249 | avg train loss 2.1545 top1 0.4829 top5 0.7622
    [14:05:10] step 6200/11249 | avg train loss 2.1591 top1 0.4810 top5 0.7613
    [14:05:42] step 6250/11249 | avg train loss 2.1634 top1 0.4788 top5 0.7608
    [14:06:15] step 6300/11249 | avg train loss 2.1680 top1 0.4768 top5 0.7602
    [14:06:48] step 6350/11249 | avg train loss 2.1719 top1 0.4749 top5 0.7595
    [14:07:20] step 6400/11249 | avg train loss 2.1749 top1 0.4733 top5 0.7592
    [14:07:53] step 6450/11249 | avg train loss 2.1789 top1 0.4714 top5 0.7588
    [14:08:26] step 6500/11249 | avg train loss 2.1822 top1 0.4699 top5 0.7587
    [14:08:59] step 6550/11249 | avg train loss 2.1854 top1 0.4682 top5 0.7582
    [14:09:31] step 6600/11249 | avg train loss 2.1880 top1 0.4666 top5 0.7582
    [14:10:04] step 6650/11249 | avg train loss 2.1910 top1 0.4652 top5 0.7578
    [14:10:36] step 6700/11249 | avg train loss 2.1941 top1 0.4635 top5 0.7576
    [14:11:09] step 6750/11249 | avg train loss 2.1955 top1 0.4626 top5 0.7578
    [14:11:42] step 6800/11249 | avg train loss 2.1974 top1 0.4613 top5 0.7582
    [14:12:14] step 6850/11249 | avg train loss 2.1996 top1 0.4602 top5 0.7582
    [14:12:47] step 6900/11249 | avg train loss 2.2007 top1 0.4593 top5 0.7586
    [14:13:20] step 6950/11249 | avg train loss 2.2024 top1 0.4587 top5 0.7587
    [14:13:53] step 7000/11249 | avg train loss 2.2041 top1 0.4577 top5 0.7586
    [14:14:25] step 7050/11249 | avg train loss 2.2047 top1 0.4571 top5 0.7589
    [14:14:58] step 7100/11249 | avg train loss 2.2062 top1 0.4565 top5 0.7589
    [14:15:30] step 7150/11249 | avg train loss 2.2073 top1 0.4560 top5 0.7593
    [14:16:03] step 7200/11249 | avg train loss 2.2068 top1 0.4561 top5 0.7597
    [14:16:36] step 7250/11249 | avg train loss 2.2071 top1 0.4558 top5 0.7599
    [14:17:09] step 7300/11249 | avg train loss 2.2082 top1 0.4551 top5 0.7602
    [14:17:41] step 7350/11249 | avg train loss 2.2073 top1 0.4553 top5 0.7608
    [14:18:14] step 7400/11249 | avg train loss 2.2075 top1 0.4548 top5 0.7615
    [14:18:47] step 7450/11249 | avg train loss 2.2076 top1 0.4546 top5 0.7620
    [14:19:19] step 7500/11249 | avg train loss 2.2077 top1 0.4545 top5 0.7625
    [14:19:52] step 7550/11249 | avg train loss 2.2082 top1 0.4541 top5 0.7627
    [14:20:24] step 7600/11249 | avg train loss 2.2081 top1 0.4542 top5 0.7629
    [14:20:57] step 7650/11249 | avg train loss 2.2072 top1 0.4542 top5 0.7634
    [14:21:30] step 7700/11249 | avg train loss 2.2069 top1 0.4544 top5 0.7639
    [14:22:03] step 7750/11249 | avg train loss 2.2065 top1 0.4547 top5 0.7643
    [14:22:35] step 7800/11249 | avg train loss 2.2070 top1 0.4545 top5 0.7643
    [14:23:08] step 7850/11249 | avg train loss 2.2060 top1 0.4546 top5 0.7647
    [14:23:41] step 7900/11249 | avg train loss 2.2056 top1 0.4548 top5 0.7649
    [14:24:13] step 7950/11249 | avg train loss 2.2042 top1 0.4552 top5 0.7657
    [14:24:46] step 8000/11249 | avg train loss 2.2035 top1 0.4555 top5 0.7663
    [14:25:19] step 8050/11249 | avg train loss 2.2027 top1 0.4561 top5 0.7668
    [14:25:51] step 8100/11249 | avg train loss 2.2013 top1 0.4566 top5 0.7671
    [14:26:24] step 8150/11249 | avg train loss 2.2001 top1 0.4572 top5 0.7678
    [14:26:57] step 8200/11249 | avg train loss 2.1990 top1 0.4576 top5 0.7681
    [14:27:29] step 8250/11249 | avg train loss 2.1982 top1 0.4580 top5 0.7687
    [14:28:02] step 8300/11249 | avg train loss 2.1964 top1 0.4588 top5 0.7693
    [14:28:35] step 8350/11249 | avg train loss 2.1952 top1 0.4593 top5 0.7700
    [14:29:07] step 8400/11249 | avg train loss 2.1945 top1 0.4595 top5 0.7704
    [14:29:40] step 8450/11249 | avg train loss 2.1947 top1 0.4596 top5 0.7704
    [14:30:13] step 8500/11249 | avg train loss 2.1931 top1 0.4600 top5 0.7708
    [14:30:45] step 8550/11249 | avg train loss 2.1922 top1 0.4603 top5 0.7713
    [14:31:18] step 8600/11249 | avg train loss 2.1902 top1 0.4610 top5 0.7720
    [14:31:50] step 8650/11249 | avg train loss 2.1887 top1 0.4615 top5 0.7725
    [14:32:23] step 8700/11249 | avg train loss 2.1872 top1 0.4620 top5 0.7730
    [14:32:56] step 8750/11249 | avg train loss 2.1855 top1 0.4627 top5 0.7737
    [14:33:28] step 8800/11249 | avg train loss 2.1840 top1 0.4632 top5 0.7742
    [14:34:01] step 8850/11249 | avg train loss 2.1829 top1 0.4636 top5 0.7747
    [14:34:34] step 8900/11249 | avg train loss 2.1811 top1 0.4642 top5 0.7753
    [14:35:06] step 8950/11249 | avg train loss 2.1792 top1 0.4647 top5 0.7757
    [14:35:39] step 9000/11249 | avg train loss 2.1780 top1 0.4651 top5 0.7764
    [14:36:11] step 9050/11249 | avg train loss 2.1767 top1 0.4656 top5 0.7771
    [14:36:44] step 9100/11249 | avg train loss 2.1753 top1 0.4660 top5 0.7776
    [14:37:17] step 9150/11249 | avg train loss 2.1739 top1 0.4665 top5 0.7781
    [14:37:49] step 9200/11249 | avg train loss 2.1725 top1 0.4669 top5 0.7786
    [14:38:22] step 9250/11249 | avg train loss 2.1701 top1 0.4678 top5 0.7793
    [14:38:55] step 9300/11249 | avg train loss 2.1686 top1 0.4683 top5 0.7798
    [14:39:27] step 9350/11249 | avg train loss 2.1671 top1 0.4689 top5 0.7802
    [14:40:00] step 9400/11249 | avg train loss 2.1659 top1 0.4693 top5 0.7807
    [14:40:32] step 9450/11249 | avg train loss 2.1646 top1 0.4698 top5 0.7811
    [14:41:05] step 9500/11249 | avg train loss 2.1637 top1 0.4700 top5 0.7816
    [14:41:38] step 9550/11249 | avg train loss 2.1621 top1 0.4706 top5 0.7821
    [14:42:10] step 9600/11249 | avg train loss 2.1601 top1 0.4713 top5 0.7828
    [14:42:43] step 9650/11249 | avg train loss 2.1587 top1 0.4718 top5 0.7833
    [14:43:16] step 9700/11249 | avg train loss 2.1567 top1 0.4726 top5 0.7841
    [14:43:48] step 9750/11249 | avg train loss 2.1544 top1 0.4732 top5 0.7847
    [14:44:21] step 9800/11249 | avg train loss 2.1526 top1 0.4741 top5 0.7852
    [14:44:53] step 9850/11249 | avg train loss 2.1510 top1 0.4748 top5 0.7856
    [14:45:26] step 9900/11249 | avg train loss 2.1487 top1 0.4757 top5 0.7863
    [14:45:59] step 9950/11249 | avg train loss 2.1469 top1 0.4766 top5 0.7868
    [14:46:31] step 10000/11249 | avg train loss 2.1451 top1 0.4771 top5 0.7873
    [14:47:04] step 10050/11249 | avg train loss 2.1434 top1 0.4778 top5 0.7877
    [14:47:37] step 10100/11249 | avg train loss 2.1411 top1 0.4786 top5 0.7882
    [14:48:09] step 10150/11249 | avg train loss 2.1390 top1 0.4794 top5 0.7888
    [14:48:42] step 10200/11249 | avg train loss 2.1378 top1 0.4797 top5 0.7891
    [14:49:15] step 10250/11249 | avg train loss 2.1361 top1 0.4803 top5 0.7896
    [14:49:47] step 10300/11249 | avg train loss 2.1346 top1 0.4809 top5 0.7900
    [14:50:20] step 10350/11249 | avg train loss 2.1324 top1 0.4816 top5 0.7905
    [14:50:53] step 10400/11249 | avg train loss 2.1304 top1 0.4823 top5 0.7911
    [14:51:25] step 10450/11249 | avg train loss 2.1289 top1 0.4829 top5 0.7915
    [14:51:58] step 10500/11249 | avg train loss 2.1272 top1 0.4835 top5 0.7919
    [14:52:30] step 10550/11249 | avg train loss 2.1253 top1 0.4844 top5 0.7924
    [14:53:03] step 10600/11249 | avg train loss 2.1241 top1 0.4846 top5 0.7929
    [14:53:36] step 10650/11249 | avg train loss 2.1220 top1 0.4854 top5 0.7933
    [14:54:08] step 10700/11249 | avg train loss 2.1193 top1 0.4864 top5 0.7939
    [14:54:41] step 10750/11249 | avg train loss 2.1180 top1 0.4868 top5 0.7944
    [14:55:14] step 10800/11249 | avg train loss 2.1162 top1 0.4873 top5 0.7950
    [14:55:46] step 10850/11249 | avg train loss 2.1149 top1 0.4878 top5 0.7954
    [14:56:19] step 10900/11249 | avg train loss 2.1124 top1 0.4886 top5 0.7961
    [14:56:52] step 10950/11249 | avg train loss 2.1109 top1 0.4891 top5 0.7965
    [14:57:24] step 11000/11249 | avg train loss 2.1094 top1 0.4897 top5 0.7969
    [14:57:57] step 11050/11249 | avg train loss 2.1083 top1 0.4900 top5 0.7972
    [14:58:30] step 11100/11249 | avg train loss 2.1061 top1 0.4909 top5 0.7977
    [14:59:02] step 11150/11249 | avg train loss 2.1043 top1 0.4916 top5 0.7982
    [14:59:35] step 11200/11249 | avg train loss 2.1031 top1 0.4922 top5 0.7984
    [15:00:06] step 11249/11249 | avg train loss 2.1014 top1 0.4927 top5 0.7989
[2026-05-22T15:13:52] Epoch 1/15 | train loss 2.1014 top1 0.4927 | val loss 1.5680 top1 0.5414 top5 0.8638 | ema val top1 0.5890 top5 0.8719
  Saved new best checkpoint (ema): /Data/thomas.turkieh/smth2smth/checkpoints/track_b/ssv2ft_lora16_mlp.pt (val top1=0.5890)
    [15:14:26] step 50/11249 | avg train loss 1.6139 top1 0.6500 top5 0.9250
    [15:14:59] step 100/11249 | avg train loss 1.6404 top1 0.6450 top5 0.9125
    [15:15:32] step 150/11249 | avg train loss 1.6068 top1 0.6517 top5 0.9233
    [15:16:05] step 200/11249 | avg train loss 1.6392 top1 0.6362 top5 0.9163
    [15:16:37] step 250/11249 | avg train loss 1.6357 top1 0.6450 top5 0.9130
    [15:17:10] step 300/11249 | avg train loss 1.6450 top1 0.6492 top5 0.9108
    [15:17:42] step 350/11249 | avg train loss 1.6257 top1 0.6550 top5 0.9157
    [15:18:15] step 400/11249 | avg train loss 1.6395 top1 0.6525 top5 0.9125
    [15:18:48] step 450/11249 | avg train loss 1.6459 top1 0.6544 top5 0.9094
    [15:19:20] step 500/11249 | avg train loss 1.6401 top1 0.6535 top5 0.9110
    [15:19:53] step 550/11249 | avg train loss 1.6237 top1 0.6600 top5 0.9136
    [15:20:26] step 600/11249 | avg train loss 1.6372 top1 0.6546 top5 0.9117
    [15:20:58] step 650/11249 | avg train loss 1.6436 top1 0.6538 top5 0.9096
    [15:21:31] step 700/11249 | avg train loss 1.6385 top1 0.6539 top5 0.9114
    [15:22:04] step 750/11249 | avg train loss 1.6492 top1 0.6517 top5 0.9107
    [15:22:36] step 800/11249 | avg train loss 1.6534 top1 0.6500 top5 0.9100
    [15:23:09] step 850/11249 | avg train loss 1.6519 top1 0.6500 top5 0.9100
    [15:23:42] step 900/11249 | avg train loss 1.6529 top1 0.6519 top5 0.9100
    [15:24:14] step 950/11249 | avg train loss 1.6562 top1 0.6508 top5 0.9097
    [15:24:47] step 1000/11249 | avg train loss 1.6545 top1 0.6525 top5 0.9095
    [15:25:20] step 1050/11249 | avg train loss 1.6526 top1 0.6531 top5 0.9102
    [15:25:52] step 1100/11249 | avg train loss 1.6517 top1 0.6550 top5 0.9100
    [15:26:25] step 1150/11249 | avg train loss 1.6569 top1 0.6533 top5 0.9089
    [15:26:57] step 1200/11249 | avg train loss 1.6542 top1 0.6544 top5 0.9094
    [15:27:30] step 1250/11249 | avg train loss 1.6536 top1 0.6528 top5 0.9102
    [15:28:03] step 1300/11249 | avg train loss 1.6546 top1 0.6519 top5 0.9102
    [15:28:36] step 1350/11249 | avg train loss 1.6478 top1 0.6546 top5 0.9106
    [15:29:08] step 1400/11249 | avg train loss 1.6471 top1 0.6552 top5 0.9109
    [15:29:41] step 1450/11249 | avg train loss 1.6433 top1 0.6574 top5 0.9110
    [15:30:14] step 1500/11249 | avg train loss 1.6406 top1 0.6578 top5 0.9122
    [15:30:46] step 1550/11249 | avg train loss 1.6412 top1 0.6579 top5 0.9124
    [15:31:19] step 1600/11249 | avg train loss 1.6457 top1 0.6573 top5 0.9111
    [15:31:52] step 1650/11249 | avg train loss 1.6451 top1 0.6570 top5 0.9111
    [15:32:24] step 1700/11249 | avg train loss 1.6446 top1 0.6562 top5 0.9118
    [15:32:57] step 1750/11249 | avg train loss 1.6482 top1 0.6544 top5 0.9107
    [15:33:30] step 1800/11249 | avg train loss 1.6447 top1 0.6558 top5 0.9115
    [15:34:02] step 1850/11249 | avg train loss 1.6415 top1 0.6570 top5 0.9114
    [15:34:35] step 1900/11249 | avg train loss 1.6377 top1 0.6575 top5 0.9128
    [15:35:08] step 1950/11249 | avg train loss 1.6333 top1 0.6585 top5 0.9138
    [15:35:40] step 2000/11249 | avg train loss 1.6316 top1 0.6595 top5 0.9137
    [15:36:13] step 2050/11249 | avg train loss 1.6306 top1 0.6601 top5 0.9135
    [15:36:46] step 2100/11249 | avg train loss 1.6319 top1 0.6601 top5 0.9131
    [15:37:18] step 2150/11249 | avg train loss 1.6310 top1 0.6595 top5 0.9130
    [15:37:51] step 2200/11249 | avg train loss 1.6286 top1 0.6606 top5 0.9131
    [15:38:24] step 2250/11249 | avg train loss 1.6294 top1 0.6596 top5 0.9136
    [15:38:56] step 2300/11249 | avg train loss 1.6278 top1 0.6603 top5 0.9141
    [15:39:29] step 2350/11249 | avg train loss 1.6261 top1 0.6607 top5 0.9146
    [15:40:02] step 2400/11249 | avg train loss 1.6255 top1 0.6618 top5 0.9142
    [15:40:34] step 2450/11249 | avg train loss 1.6251 top1 0.6616 top5 0.9138
    [15:41:07] step 2500/11249 | avg train loss 1.6243 top1 0.6615 top5 0.9142
    [15:41:40] step 2550/11249 | avg train loss 1.6236 top1 0.6625 top5 0.9139
    [15:42:12] step 2600/11249 | avg train loss 1.6258 top1 0.6616 top5 0.9137
    [15:42:45] step 2650/11249 | avg train loss 1.6246 top1 0.6621 top5 0.9139
    [15:43:18] step 2700/11249 | avg train loss 1.6238 top1 0.6625 top5 0.9139
    [15:43:50] step 2750/11249 | avg train loss 1.6237 top1 0.6623 top5 0.9134
    [15:44:23] step 2800/11249 | avg train loss 1.6230 top1 0.6623 top5 0.9134
    [15:44:56] step 2850/11249 | avg train loss 1.6238 top1 0.6627 top5 0.9126
    [15:45:28] step 2900/11249 | avg train loss 1.6231 top1 0.6637 top5 0.9125
    [15:46:01] step 2950/11249 | avg train loss 1.6220 top1 0.6637 top5 0.9130
    [15:46:34] step 3000/11249 | avg train loss 1.6216 top1 0.6639 top5 0.9124
    [15:47:06] step 3050/11249 | avg train loss 1.6205 top1 0.6643 top5 0.9125
    [15:47:39] step 3100/11249 | avg train loss 1.6200 top1 0.6650 top5 0.9126
    [15:48:12] step 3150/11249 | avg train loss 1.6196 top1 0.6648 top5 0.9127
    [15:48:44] step 3200/11249 | avg train loss 1.6187 top1 0.6652 top5 0.9126
    [15:49:17] step 3250/11249 | avg train loss 1.6156 top1 0.6665 top5 0.9131
    [15:49:50] step 3300/11249 | avg train loss 1.6156 top1 0.6660 top5 0.9134
    [15:50:22] step 3350/11249 | avg train loss 1.6161 top1 0.6659 top5 0.9135
    [15:50:55] step 3400/11249 | avg train loss 1.6189 top1 0.6646 top5 0.9129
    [15:51:28] step 3450/11249 | avg train loss 1.6217 top1 0.6631 top5 0.9125
    [15:52:00] step 3500/11249 | avg train loss 1.6266 top1 0.6616 top5 0.9114
    [15:52:33] step 3550/11249 | avg train loss 1.6304 top1 0.6606 top5 0.9111
    [15:53:06] step 3600/11249 | avg train loss 1.6308 top1 0.6603 top5 0.9112
    [15:53:38] step 3650/11249 | avg train loss 1.6312 top1 0.6597 top5 0.9113
    [15:54:11] step 3700/11249 | avg train loss 1.6310 top1 0.6597 top5 0.9113
    [15:54:44] step 3750/11249 | avg train loss 1.6315 top1 0.6599 top5 0.9109
    [15:55:16] step 3800/11249 | avg train loss 1.6312 top1 0.6599 top5 0.9113
    [15:55:49] step 3850/11249 | avg train loss 1.6312 top1 0.6598 top5 0.9111
    [15:56:22] step 3900/11249 | avg train loss 1.6310 top1 0.6599 top5 0.9110
    [15:56:54] step 3950/11249 | avg train loss 1.6296 top1 0.6602 top5 0.9111
    [15:57:27] step 4000/11249 | avg train loss 1.6301 top1 0.6598 top5 0.9110
    [15:58:00] step 4050/11249 | avg train loss 1.6312 top1 0.6598 top5 0.9109
    [15:58:32] step 4100/11249 | avg train loss 1.6314 top1 0.6597 top5 0.9110
    [15:59:05] step 4150/11249 | avg train loss 1.6329 top1 0.6592 top5 0.9108
    [15:59:38] step 4200/11249 | avg train loss 1.6326 top1 0.6592 top5 0.9109
    [16:00:10] step 4250/11249 | avg train loss 1.6333 top1 0.6592 top5 0.9108
    [16:00:43] step 4300/11249 | avg train loss 1.6347 top1 0.6589 top5 0.9108
    [16:01:16] step 4350/11249 | avg train loss 1.6344 top1 0.6590 top5 0.9106
    [16:01:48] step 4400/11249 | avg train loss 1.6331 top1 0.6595 top5 0.9107
    [16:02:21] step 4450/11249 | avg train loss 1.6326 top1 0.6595 top5 0.9110
    [16:02:54] step 4500/11249 | avg train loss 1.6306 top1 0.6601 top5 0.9113
    [16:03:26] step 4550/11249 | avg train loss 1.6291 top1 0.6606 top5 0.9115
    [16:03:59] step 4600/11249 | avg train loss 1.6280 top1 0.6610 top5 0.9115
    [16:04:32] step 4650/11249 | avg train loss 1.6264 top1 0.6616 top5 0.9118
    [16:05:04] step 4700/11249 | avg train loss 1.6247 top1 0.6621 top5 0.9121
    [16:05:37] step 4750/11249 | avg train loss 1.6242 top1 0.6622 top5 0.9125
    [16:06:10] step 4800/11249 | avg train loss 1.6235 top1 0.6623 top5 0.9124
    [16:06:42] step 4850/11249 | avg train loss 1.6219 top1 0.6629 top5 0.9126
    [16:07:15] step 4900/11249 | avg train loss 1.6196 top1 0.6634 top5 0.9132
    [16:07:48] step 4950/11249 | avg train loss 1.6191 top1 0.6637 top5 0.9133
    [16:08:20] step 5000/11249 | avg train loss 1.6196 top1 0.6635 top5 0.9133
    [16:08:53] step 5050/11249 | avg train loss 1.6194 top1 0.6637 top5 0.9133
    [16:09:26] step 5100/11249 | avg train loss 1.6185 top1 0.6641 top5 0.9135
    [16:09:58] step 5150/11249 | avg train loss 1.6177 top1 0.6639 top5 0.9136
    [16:10:31] step 5200/11249 | avg train loss 1.6169 top1 0.6640 top5 0.9138
    [16:11:04] step 5250/11249 | avg train loss 1.6163 top1 0.6643 top5 0.9140
    [16:11:36] step 5300/11249 | avg train loss 1.6150 top1 0.6644 top5 0.9144
    [16:12:09] step 5350/11249 | avg train loss 1.6133 top1 0.6651 top5 0.9146
    [16:12:42] step 5400/11249 | avg train loss 1.6123 top1 0.6656 top5 0.9147
    [16:13:14] step 5450/11249 | avg train loss 1.6127 top1 0.6656 top5 0.9146
    [16:13:47] step 5500/11249 | avg train loss 1.6119 top1 0.6659 top5 0.9148
    [16:14:19] step 5550/11249 | avg train loss 1.6117 top1 0.6659 top5 0.9149
    [16:14:52] step 5600/11249 | avg train loss 1.6106 top1 0.6663 top5 0.9151
    [16:15:25] step 5650/11249 | avg train loss 1.6095 top1 0.6667 top5 0.9152
    [16:15:58] step 5700/11249 | avg train loss 1.6071 top1 0.6672 top5 0.9156
    [16:16:30] step 5750/11249 | avg train loss 1.6049 top1 0.6681 top5 0.9158
    [16:17:03] step 5800/11249 | avg train loss 1.6045 top1 0.6678 top5 0.9159
    [16:17:35] step 5850/11249 | avg train loss 1.6044 top1 0.6679 top5 0.9160
    [16:18:08] step 5900/11249 | avg train loss 1.6036 top1 0.6686 top5 0.9161
    [16:18:41] step 5950/11249 | avg train loss 1.6033 top1 0.6691 top5 0.9161
    [16:19:13] step 6000/11249 | avg train loss 1.6024 top1 0.6692 top5 0.9161
    [16:19:46] step 6050/11249 | avg train loss 1.6019 top1 0.6693 top5 0.9162
    [16:20:19] step 6100/11249 | avg train loss 1.6026 top1 0.6691 top5 0.9162
    [16:20:51] step 6150/11249 | avg train loss 1.6020 top1 0.6695 top5 0.9164
    [16:21:24] step 6200/11249 | avg train loss 1.6012 top1 0.6698 top5 0.9165
    [16:21:57] step 6250/11249 | avg train loss 1.6011 top1 0.6697 top5 0.9163
    [16:22:29] step 6300/11249 | avg train loss 1.5998 top1 0.6702 top5 0.9164
    [16:23:02] step 6350/11249 | avg train loss 1.5986 top1 0.6707 top5 0.9165
    [16:23:35] step 6400/11249 | avg train loss 1.5998 top1 0.6705 top5 0.9163
    [16:24:07] step 6450/11249 | avg train loss 1.5991 top1 0.6708 top5 0.9163
    [16:24:40] step 6500/11249 | avg train loss 1.5991 top1 0.6708 top5 0.9165
    [16:25:13] step 6550/11249 | avg train loss 1.5986 top1 0.6706 top5 0.9166
    [16:25:45] step 6600/11249 | avg train loss 1.5987 top1 0.6708 top5 0.9164
    [16:26:18] step 6650/11249 | avg train loss 1.5987 top1 0.6709 top5 0.9163
    [16:26:50] step 6700/11249 | avg train loss 1.5979 top1 0.6712 top5 0.9164
    [16:27:23] step 6750/11249 | avg train loss 1.5970 top1 0.6713 top5 0.9165
    [16:27:56] step 6800/11249 | avg train loss 1.5964 top1 0.6713 top5 0.9165
    [16:28:29] step 6850/11249 | avg train loss 1.5961 top1 0.6715 top5 0.9165
    [16:29:01] step 6900/11249 | avg train loss 1.5958 top1 0.6716 top5 0.9166
    [16:29:34] step 6950/11249 | avg train loss 1.5947 top1 0.6720 top5 0.9167
    [16:30:07] step 7000/11249 | avg train loss 1.5936 top1 0.6726 top5 0.9170
    [16:30:39] step 7050/11249 | avg train loss 1.5925 top1 0.6730 top5 0.9172
    [16:31:12] step 7100/11249 | avg train loss 1.5912 top1 0.6736 top5 0.9175
    [16:31:44] step 7150/11249 | avg train loss 1.5908 top1 0.6738 top5 0.9174
    [16:32:17] step 7200/11249 | avg train loss 1.5912 top1 0.6736 top5 0.9174
    [16:32:50] step 7250/11249 | avg train loss 1.5907 top1 0.6738 top5 0.9174
    [16:33:22] step 7300/11249 | avg train loss 1.5902 top1 0.6741 top5 0.9176
    [16:33:55] step 7350/11249 | avg train loss 1.5894 top1 0.6747 top5 0.9176
    [16:34:28] step 7400/11249 | avg train loss 1.5887 top1 0.6749 top5 0.9177
    [16:35:01] step 7450/11249 | avg train loss 1.5885 top1 0.6750 top5 0.9176
    [16:35:33] step 7500/11249 | avg train loss 1.5878 top1 0.6752 top5 0.9177
    [16:36:06] step 7550/11249 | avg train loss 1.5879 top1 0.6753 top5 0.9177
    [16:36:38] step 7600/11249 | avg train loss 1.5878 top1 0.6754 top5 0.9178
    [16:37:11] step 7650/11249 | avg train loss 1.5861 top1 0.6759 top5 0.9180
    [16:37:44] step 7700/11249 | avg train loss 1.5853 top1 0.6762 top5 0.9181
    [16:38:16] step 7750/11249 | avg train loss 1.5855 top1 0.6762 top5 0.9180
    [16:38:49] step 7800/11249 | avg train loss 1.5852 top1 0.6763 top5 0.9178
    [16:39:22] step 7850/11249 | avg train loss 1.5846 top1 0.6762 top5 0.9179
    [16:39:55] step 7900/11249 | avg train loss 1.5835 top1 0.6766 top5 0.9180
    [16:40:27] step 7950/11249 | avg train loss 1.5822 top1 0.6770 top5 0.9182
    [16:41:00] step 8000/11249 | avg train loss 1.5815 top1 0.6771 top5 0.9183
    [16:41:32] step 8050/11249 | avg train loss 1.5813 top1 0.6770 top5 0.9183
    [16:42:05] step 8100/11249 | avg train loss 1.5810 top1 0.6768 top5 0.9182
    [16:42:38] step 8150/11249 | avg train loss 1.5809 top1 0.6768 top5 0.9183
    [16:43:10] step 8200/11249 | avg train loss 1.5810 top1 0.6768 top5 0.9183
    [16:43:43] step 8250/11249 | avg train loss 1.5799 top1 0.6773 top5 0.9184
    [16:44:16] step 8300/11249 | avg train loss 1.5801 top1 0.6773 top5 0.9181
    [16:44:48] step 8350/11249 | avg train loss 1.5788 top1 0.6778 top5 0.9184
    [16:45:21] step 8400/11249 | avg train loss 1.5790 top1 0.6777 top5 0.9182
    [16:45:54] step 8450/11249 | avg train loss 1.5788 top1 0.6776 top5 0.9183
    [16:46:26] step 8500/11249 | avg train loss 1.5782 top1 0.6777 top5 0.9184
    [16:46:59] step 8550/11249 | avg train loss 1.5784 top1 0.6777 top5 0.9183
    [16:47:32] step 8600/11249 | avg train loss 1.5776 top1 0.6780 top5 0.9183
    [16:48:04] step 8650/11249 | avg train loss 1.5779 top1 0.6778 top5 0.9184
    [16:48:37] step 8700/11249 | avg train loss 1.5776 top1 0.6779 top5 0.9184
    [16:49:10] step 8750/11249 | avg train loss 1.5768 top1 0.6783 top5 0.9186
    [16:49:42] step 8800/11249 | avg train loss 1.5762 top1 0.6786 top5 0.9187
    [16:50:15] step 8850/11249 | avg train loss 1.5753 top1 0.6790 top5 0.9188
    [16:50:48] step 8900/11249 | avg train loss 1.5746 top1 0.6792 top5 0.9188
    [16:51:20] step 8950/11249 | avg train loss 1.5747 top1 0.6795 top5 0.9189
    [16:51:53] step 9000/11249 | avg train loss 1.5744 top1 0.6797 top5 0.9189
    [16:52:26] step 9050/11249 | avg train loss 1.5737 top1 0.6799 top5 0.9191
    [16:52:58] step 9100/11249 | avg train loss 1.5734 top1 0.6800 top5 0.9191
    [16:53:31] step 9150/11249 | avg train loss 1.5736 top1 0.6800 top5 0.9190
    [16:54:04] step 9200/11249 | avg train loss 1.5719 top1 0.6807 top5 0.9191
    [16:54:36] step 9250/11249 | avg train loss 1.5708 top1 0.6813 top5 0.9190
    [16:55:09] step 9300/11249 | avg train loss 1.5704 top1 0.6813 top5 0.9191
    [16:55:42] step 9350/11249 | avg train loss 1.5703 top1 0.6812 top5 0.9193
    [16:56:14] step 9400/11249 | avg train loss 1.5696 top1 0.6815 top5 0.9194
    [16:56:47] step 9450/11249 | avg train loss 1.5690 top1 0.6818 top5 0.9194
    [16:57:20] step 9500/11249 | avg train loss 1.5693 top1 0.6815 top5 0.9195
    [16:57:52] step 9550/11249 | avg train loss 1.5685 top1 0.6818 top5 0.9196
    [16:58:25] step 9600/11249 | avg train loss 1.5683 top1 0.6819 top5 0.9196
    [16:58:58] step 9650/11249 | avg train loss 1.5677 top1 0.6821 top5 0.9197
    [16:59:30] step 9700/11249 | avg train loss 1.5681 top1 0.6820 top5 0.9196
    [17:00:03] step 9750/11249 | avg train loss 1.5680 top1 0.6820 top5 0.9195
    [17:00:36] step 9800/11249 | avg train loss 1.5678 top1 0.6822 top5 0.9196
    [17:01:08] step 9850/11249 | avg train loss 1.5666 top1 0.6825 top5 0.9198
    [17:01:41] step 9900/11249 | avg train loss 1.5661 top1 0.6828 top5 0.9199
    [17:02:13] step 9950/11249 | avg train loss 1.5653 top1 0.6831 top5 0.9199
    [17:02:46] step 10000/11249 | avg train loss 1.5641 top1 0.6834 top5 0.9201
    [17:03:19] step 10050/11249 | avg train loss 1.5640 top1 0.6835 top5 0.9201
    [17:03:52] step 10100/11249 | avg train loss 1.5632 top1 0.6840 top5 0.9201
    [17:04:24] step 10150/11249 | avg train loss 1.5622 top1 0.6842 top5 0.9202
    [17:04:57] step 10200/11249 | avg train loss 1.5617 top1 0.6845 top5 0.9204
    [17:05:30] step 10250/11249 | avg train loss 1.5605 top1 0.6850 top5 0.9205
    [17:06:02] step 10300/11249 | avg train loss 1.5606 top1 0.6850 top5 0.9205
    [17:06:35] step 10350/11249 | avg train loss 1.5604 top1 0.6850 top5 0.9205
    [17:07:07] step 10400/11249 | avg train loss 1.5601 top1 0.6850 top5 0.9206
    [17:07:40] step 10450/11249 | avg train loss 1.5593 top1 0.6852 top5 0.9208
    [17:08:13] step 10500/11249 | avg train loss 1.5590 top1 0.6853 top5 0.9208
    [17:08:45] step 10550/11249 | avg train loss 1.5585 top1 0.6854 top5 0.9208
    [17:09:18] step 10600/11249 | avg train loss 1.5580 top1 0.6855 top5 0.9209
    [17:09:51] step 10650/11249 | avg train loss 1.5572 top1 0.6859 top5 0.9209
    [17:10:23] step 10700/11249 | avg train loss 1.5572 top1 0.6860 top5 0.9208
    [17:10:56] step 10750/11249 | avg train loss 1.5566 top1 0.6863 top5 0.9210
    [17:11:29] step 10800/11249 | avg train loss 1.5570 top1 0.6862 top5 0.9209
    [17:12:01] step 10850/11249 | avg train loss 1.5567 top1 0.6863 top5 0.9210
    [17:12:34] step 10900/11249 | avg train loss 1.5560 top1 0.6866 top5 0.9211
    [17:13:07] step 10950/11249 | avg train loss 1.5561 top1 0.6866 top5 0.9210
    [17:13:39] step 11000/11249 | avg train loss 1.5549 top1 0.6871 top5 0.9211
    [17:14:12] step 11050/11249 | avg train loss 1.5542 top1 0.6874 top5 0.9212
    [17:14:45] step 11100/11249 | avg train loss 1.5538 top1 0.6875 top5 0.9214
    [17:15:17] step 11150/11249 | avg train loss 1.5533 top1 0.6878 top5 0.9214
    [17:15:50] step 11200/11249 | avg train loss 1.5523 top1 0.6880 top5 0.9216
    [17:16:22] step 11249/11249 | avg train loss 1.5522 top1 0.6880 top5 0.9217
Epoch 2/15 | train loss 1.5522 top1 0.6880 | val loss 1.3370 top1 0.6360 top5 0.8829 | ema val top1 0.6735 top5 0.9102
  Saved new best checkpoint (ema): /Data/thomas.turkieh/smth2smth/checkpoints/track_b/ssv2ft_lora16_mlp.pt (val top1=0.6735)
    [17:30:42] step 50/11249 | avg train loss 1.3295 top1 0.7950 top5 0.9400
    [17:31:15] step 100/11249 | avg train loss 1.3047 top1 0.7925 top5 0.9475
    [17:31:48] step 150/11249 | avg train loss 1.3446 top1 0.7767 top5 0.9533
    [17:32:20] step 200/11249 | avg train loss 1.3229 top1 0.7750 top5 0.9575
    [17:32:53] step 250/11249 | avg train loss 1.3573 top1 0.7630 top5 0.9510
    [17:33:26] step 300/11249 | avg train loss 1.3821 top1 0.7533 top5 0.9475
    [17:33:58] step 350/11249 | avg train loss 1.4016 top1 0.7493 top5 0.9400
    [17:34:31] step 400/11249 | avg train loss 1.3840 top1 0.7569 top5 0.9413
    [17:35:04] step 450/11249 | avg train loss 1.3853 top1 0.7578 top5 0.9439
    [17:35:37] step 500/11249 | avg train loss 1.3799 top1 0.7540 top5 0.9445
    [17:36:09] step 550/11249 | avg train loss 1.3740 top1 0.7532 top5 0.9464
    [17:36:42] step 600/11249 | avg train loss 1.3639 top1 0.7579 top5 0.9483
    [17:37:15] step 650/11249 | avg train loss 1.3666 top1 0.7550 top5 0.9465
    [17:37:47] step 700/11249 | avg train loss 1.3681 top1 0.7529 top5 0.9464
    [17:38:20] step 750/11249 | avg train loss 1.3648 top1 0.7530 top5 0.9473
    [17:38:53] step 800/11249 | avg train loss 1.3629 top1 0.7531 top5 0.9475
    [17:39:25] step 850/11249 | avg train loss 1.3557 top1 0.7541 top5 0.9482
    [17:39:58] step 900/11249 | avg train loss 1.3551 top1 0.7556 top5 0.9483
    [17:40:31] step 950/11249 | avg train loss 1.3571 top1 0.7545 top5 0.9484
    [17:41:03] step 1000/11249 | avg train loss 1.3628 top1 0.7525 top5 0.9477
    [17:41:36] step 1050/11249 | avg train loss 1.3655 top1 0.7514 top5 0.9467
    [17:42:09] step 1100/11249 | avg train loss 1.3669 top1 0.7514 top5 0.9470
    [17:42:41] step 1150/11249 | avg train loss 1.3702 top1 0.7498 top5 0.9461
    [17:43:14] step 1200/11249 | avg train loss 1.3675 top1 0.7494 top5 0.9471
    [17:43:47] step 1250/11249 | avg train loss 1.3705 top1 0.7470 top5 0.9478
    [17:44:19] step 1300/11249 | avg train loss 1.3742 top1 0.7456 top5 0.9471
    [17:44:52] step 1350/11249 | avg train loss 1.3716 top1 0.7457 top5 0.9476
    [17:45:25] step 1400/11249 | avg train loss 1.3756 top1 0.7443 top5 0.9466
    [17:45:57] step 1450/11249 | avg train loss 1.3795 top1 0.7429 top5 0.9459
    [17:46:30] step 1500/11249 | avg train loss 1.3782 top1 0.7437 top5 0.9457
    [17:47:03] step 1550/11249 | avg train loss 1.3789 top1 0.7445 top5 0.9458
    [17:47:36] step 1600/11249 | avg train loss 1.3816 top1 0.7442 top5 0.9458
    [17:48:08] step 1650/11249 | avg train loss 1.3799 top1 0.7456 top5 0.9458
    [17:48:41] step 1700/11249 | avg train loss 1.3790 top1 0.7465 top5 0.9456
    [17:49:13] step 1750/11249 | avg train loss 1.3821 top1 0.7447 top5 0.9457
    [17:49:46] step 1800/11249 | avg train loss 1.3844 top1 0.7447 top5 0.9449
    [17:50:19] step 1850/11249 | avg train loss 1.3849 top1 0.7449 top5 0.9446
    [17:50:51] step 1900/11249 | avg train loss 1.3840 top1 0.7451 top5 0.9443
    [17:51:24] step 1950/11249 | avg train loss 1.3824 top1 0.7451 top5 0.9451
    [17:51:57] step 2000/11249 | avg train loss 1.3820 top1 0.7455 top5 0.9453
    [17:52:29] step 2050/11249 | avg train loss 1.3884 top1 0.7428 top5 0.9446
    [17:53:02] step 2100/11249 | avg train loss 1.3885 top1 0.7437 top5 0.9449
    [17:53:35] step 2150/11249 | avg train loss 1.3904 top1 0.7431 top5 0.9444
    [17:54:07] step 2200/11249 | avg train loss 1.3901 top1 0.7431 top5 0.9450
    [17:54:40] step 2250/11249 | avg train loss 1.3905 top1 0.7424 top5 0.9448
    [17:55:13] step 2300/11249 | avg train loss 1.3909 top1 0.7418 top5 0.9448
    [17:55:45] step 2350/11249 | avg train loss 1.3887 top1 0.7418 top5 0.9456
    [17:56:18] step 2400/11249 | avg train loss 1.3888 top1 0.7424 top5 0.9453
    [17:56:51] step 2450/11249 | avg train loss 1.3886 top1 0.7431 top5 0.9449
    [17:57:23] step 2500/11249 | avg train loss 1.3866 top1 0.7436 top5 0.9450
    [17:57:56] step 2550/11249 | avg train loss 1.3874 top1 0.7434 top5 0.9448
    [17:58:29] step 2600/11249 | avg train loss 1.3895 top1 0.7430 top5 0.9444
    [17:59:02] step 2650/11249 | avg train loss 1.3906 top1 0.7429 top5 0.9442
    [17:59:34] step 2700/11249 | avg train loss 1.3903 top1 0.7431 top5 0.9442
    [18:00:07] step 2750/11249 | avg train loss 1.3887 top1 0.7432 top5 0.9445
    [18:00:39] step 2800/11249 | avg train loss 1.3867 top1 0.7436 top5 0.9448
    [18:01:12] step 2850/11249 | avg train loss 1.3878 top1 0.7431 top5 0.9447
    [18:01:45] step 2900/11249 | avg train loss 1.3853 top1 0.7441 top5 0.9450
    [18:02:17] step 2950/11249 | avg train loss 1.3852 top1 0.7436 top5 0.9449
    [18:02:50] step 3000/11249 | avg train loss 1.3847 top1 0.7434 top5 0.9451
    [18:03:23] step 3050/11249 | avg train loss 1.3843 top1 0.7431 top5 0.9452
    [18:03:55] step 3100/11249 | avg train loss 1.3856 top1 0.7429 top5 0.9451
    [18:04:28] step 3150/11249 | avg train loss 1.3880 top1 0.7421 top5 0.9444
    [18:05:01] step 3200/11249 | avg train loss 1.3879 top1 0.7417 top5 0.9445
    [18:05:34] step 3250/11249 | avg train loss 1.3856 top1 0.7426 top5 0.9448
    [18:06:06] step 3300/11249 | avg train loss 1.3836 top1 0.7435 top5 0.9450
    [18:06:39] step 3350/11249 | avg train loss 1.3830 top1 0.7435 top5 0.9453
    [18:07:11] step 3400/11249 | avg train loss 1.3827 top1 0.7438 top5 0.9453
    [18:07:44] step 3450/11249 | avg train loss 1.3815 top1 0.7446 top5 0.9454
    [18:08:17] step 3500/11249 | avg train loss 1.3798 top1 0.7454 top5 0.9456
    [18:08:49] step 3550/11249 | avg train loss 1.3801 top1 0.7451 top5 0.9456
    [18:09:22] step 3600/11249 | avg train loss 1.3793 top1 0.7453 top5 0.9458
    [18:09:55] step 3650/11249 | avg train loss 1.3781 top1 0.7460 top5 0.9460
    [18:10:27] step 3700/11249 | avg train loss 1.3759 top1 0.7467 top5 0.9464
    [18:11:00] step 3750/11249 | avg train loss 1.3758 top1 0.7471 top5 0.9460
    [18:11:33] step 3800/11249 | avg train loss 1.3758 top1 0.7474 top5 0.9459
    [18:12:06] step 3850/11249 | avg train loss 1.3762 top1 0.7469 top5 0.9456
    [18:12:38] step 3900/11249 | avg train loss 1.3752 top1 0.7470 top5 0.9457
    [18:13:11] step 3950/11249 | avg train loss 1.3761 top1 0.7470 top5 0.9455
    [18:13:44] step 4000/11249 | avg train loss 1.3762 top1 0.7466 top5 0.9455
    [18:14:16] step 4050/11249 | avg train loss 1.3758 top1 0.7466 top5 0.9457
    [18:14:49] step 4100/11249 | avg train loss 1.3768 top1 0.7463 top5 0.9458
    [18:15:22] step 4150/11249 | avg train loss 1.3760 top1 0.7463 top5 0.9458
    [18:15:54] step 4200/11249 | avg train loss 1.3757 top1 0.7463 top5 0.9461
    [18:16:27] step 4250/11249 | avg train loss 1.3744 top1 0.7467 top5 0.9463
    [18:17:00] step 4300/11249 | avg train loss 1.3744 top1 0.7469 top5 0.9461
    [18:17:32] step 4350/11249 | avg train loss 1.3734 top1 0.7474 top5 0.9463
    [18:18:05] step 4400/11249 | avg train loss 1.3733 top1 0.7474 top5 0.9465
    [18:18:38] step 4450/11249 | avg train loss 1.3743 top1 0.7471 top5 0.9459
    [18:19:10] step 4500/11249 | avg train loss 1.3729 top1 0.7476 top5 0.9461
    [18:19:43] step 4550/11249 | avg train loss 1.3725 top1 0.7476 top5 0.9462
    [18:20:16] step 4600/11249 | avg train loss 1.3725 top1 0.7479 top5 0.9461
    [18:20:48] step 4650/11249 | avg train loss 1.3718 top1 0.7485 top5 0.9462
    [18:21:21] step 4700/11249 | avg train loss 1.3724 top1 0.7484 top5 0.9461
    [18:21:54] step 4750/11249 | avg train loss 1.3731 top1 0.7483 top5 0.9459
    [18:22:26] step 4800/11249 | avg train loss 1.3726 top1 0.7483 top5 0.9460
    [18:22:59] step 4850/11249 | avg train loss 1.3730 top1 0.7484 top5 0.9459
    [18:23:32] step 4900/11249 | avg train loss 1.3722 top1 0.7486 top5 0.9461
    [18:24:05] step 4950/11249 | avg train loss 1.3711 top1 0.7492 top5 0.9463
    [18:24:37] step 5000/11249 | avg train loss 1.3718 top1 0.7489 top5 0.9462
    [18:25:10] step 5050/11249 | avg train loss 1.3708 top1 0.7492 top5 0.9464
    [18:25:43] step 5100/11249 | avg train loss 1.3710 top1 0.7492 top5 0.9464
    [18:26:15] step 5150/11249 | avg train loss 1.3710 top1 0.7492 top5 0.9463
    [18:26:48] step 5200/11249 | avg train loss 1.3701 top1 0.7494 top5 0.9464
    [18:27:20] step 5250/11249 | avg train loss 1.3704 top1 0.7492 top5 0.9465
    [18:27:53] step 5300/11249 | avg train loss 1.3708 top1 0.7493 top5 0.9465
    [18:28:26] step 5350/11249 | avg train loss 1.3717 top1 0.7491 top5 0.9463
    [18:28:59] step 5400/11249 | avg train loss 1.3716 top1 0.7494 top5 0.9462
    [18:29:31] step 5450/11249 | avg train loss 1.3705 top1 0.7500 top5 0.9464
    [18:30:04] step 5500/11249 | avg train loss 1.3702 top1 0.7502 top5 0.9463
    [18:30:37] step 5550/11249 | avg train loss 1.3694 top1 0.7504 top5 0.9466
    [18:31:09] step 5600/11249 | avg train loss 1.3700 top1 0.7500 top5 0.9466
    [18:31:42] step 5650/11249 | avg train loss 1.3701 top1 0.7500 top5 0.9465
    [18:32:15] step 5700/11249 | avg train loss 1.3709 top1 0.7496 top5 0.9465
    [18:32:47] step 5750/11249 | avg train loss 1.3702 top1 0.7499 top5 0.9466
    [18:33:20] step 5800/11249 | avg train loss 1.3694 top1 0.7502 top5 0.9468
    [18:33:53] step 5850/11249 | avg train loss 1.3699 top1 0.7498 top5 0.9469
    [18:34:25] step 5900/11249 | avg train loss 1.3696 top1 0.7498 top5 0.9469
    [18:34:58] step 5950/11249 | avg train loss 1.3702 top1 0.7496 top5 0.9469
    [18:35:31] step 6000/11249 | avg train loss 1.3702 top1 0.7495 top5 0.9470
    [18:36:03] step 6050/11249 | avg train loss 1.3719 top1 0.7488 top5 0.9470
    [18:36:36] step 6100/11249 | avg train loss 1.3713 top1 0.7488 top5 0.9470
    [18:37:09] step 6150/11249 | avg train loss 1.3723 top1 0.7483 top5 0.9470
    [18:37:41] step 6200/11249 | avg train loss 1.3724 top1 0.7483 top5 0.9471
    [18:38:14] step 6250/11249 | avg train loss 1.3720 top1 0.7486 top5 0.9472
    [18:38:47] step 6300/11249 | avg train loss 1.3715 top1 0.7488 top5 0.9472
    [18:39:19] step 6350/11249 | avg train loss 1.3701 top1 0.7493 top5 0.9473
    [18:39:52] step 6400/11249 | avg train loss 1.3703 top1 0.7492 top5 0.9473
    [18:40:25] step 6450/11249 | avg train loss 1.3693 top1 0.7495 top5 0.9474
    [18:40:57] step 6500/11249 | avg train loss 1.3688 top1 0.7497 top5 0.9474
    [18:41:30] step 6550/11249 | avg train loss 1.3684 top1 0.7498 top5 0.9476
    [18:42:03] step 6600/11249 | avg train loss 1.3686 top1 0.7498 top5 0.9474
    [18:42:35] step 6650/11249 | avg train loss 1.3685 top1 0.7498 top5 0.9474
    [18:43:08] step 6700/11249 | avg train loss 1.3681 top1 0.7499 top5 0.9475
    [18:43:41] step 6750/11249 | avg train loss 1.3684 top1 0.7500 top5 0.9476
    [18:44:13] step 6800/11249 | avg train loss 1.3671 top1 0.7504 top5 0.9477
    [18:44:46] step 6850/11249 | avg train loss 1.3656 top1 0.7508 top5 0.9477
    [18:45:19] step 6900/11249 | avg train loss 1.3660 top1 0.7507 top5 0.9474
    [18:45:51] step 6950/11249 | avg train loss 1.3656 top1 0.7508 top5 0.9474
    [18:46:24] step 7000/11249 | avg train loss 1.3649 top1 0.7511 top5 0.9475
    [18:46:57] step 7050/11249 | avg train loss 1.3644 top1 0.7515 top5 0.9475
    [18:47:29] step 7100/11249 | avg train loss 1.3645 top1 0.7512 top5 0.9475
    [18:48:02] step 7150/11249 | avg train loss 1.3650 top1 0.7512 top5 0.9474
    [18:48:35] step 7200/11249 | avg train loss 1.3657 top1 0.7509 top5 0.9472
    [18:49:07] step 7250/11249 | avg train loss 1.3664 top1 0.7506 top5 0.9470
    [18:49:40] step 7300/11249 | avg train loss 1.3669 top1 0.7505 top5 0.9470
    [18:50:13] step 7350/11249 | avg train loss 1.3658 top1 0.7509 top5 0.9470
    [18:50:45] step 7400/11249 | avg train loss 1.3660 top1 0.7510 top5 0.9470
    [18:51:18] step 7450/11249 | avg train loss 1.3661 top1 0.7511 top5 0.9468
    [18:51:51] step 7500/11249 | avg train loss 1.3661 top1 0.7509 top5 0.9469
    [18:52:23] step 7550/11249 | avg train loss 1.3660 top1 0.7511 top5 0.9469
    [18:52:56] step 7600/11249 | avg train loss 1.3655 top1 0.7514 top5 0.9468
    [18:53:29] step 7650/11249 | avg train loss 1.3648 top1 0.7516 top5 0.9469
    [18:54:01] step 7700/11249 | avg train loss 1.3646 top1 0.7518 top5 0.9470
    [18:54:56] step 7750/11249 | avg train loss 1.3639 top1 0.7520 top5 0.9472
    [18:56:03] step 7800/11249 | avg train loss 1.3630 top1 0.7523 top5 0.9472
    [18:57:11] step 7850/11249 | avg train loss 1.3626 top1 0.7526 top5 0.9473
    [18:58:19] step 7900/11249 | avg train loss 1.3622 top1 0.7529 top5 0.9473
    [18:59:26] step 7950/11249 | avg train loss 1.3621 top1 0.7530 top5 0.9473
    [19:00:34] step 8000/11249 | avg train loss 1.3622 top1 0.7528 top5 0.9473
    [19:01:41] step 8050/11249 | avg train loss 1.3629 top1 0.7526 top5 0.9473
    [19:02:48] step 8100/11249 | avg train loss 1.3639 top1 0.7522 top5 0.9471
    [19:03:56] step 8150/11249 | avg train loss 1.3631 top1 0.7526 top5 0.9472
    [19:05:04] step 8200/11249 | avg train loss 1.3634 top1 0.7525 top5 0.9471
    [19:06:11] step 8250/11249 | avg train loss 1.3639 top1 0.7523 top5 0.9470
    [19:07:19] step 8300/11249 | avg train loss 1.3634 top1 0.7524 top5 0.9471
    [19:08:27] step 8350/11249 | avg train loss 1.3636 top1 0.7524 top5 0.9470
    [19:09:33] step 8400/11249 | avg train loss 1.3642 top1 0.7521 top5 0.9469
    [19:10:41] step 8450/11249 | avg train loss 1.3638 top1 0.7524 top5 0.9471
    [19:11:48] step 8500/11249 | avg train loss 1.3639 top1 0.7522 top5 0.9471
    [19:12:56] step 8550/11249 | avg train loss 1.3648 top1 0.7520 top5 0.9470
    [19:14:04] step 8600/11249 | avg train loss 1.3642 top1 0.7520 top5 0.9470
    [19:15:11] step 8650/11249 | avg train loss 1.3647 top1 0.7517 top5 0.9471
    [19:16:19] step 8700/11249 | avg train loss 1.3644 top1 0.7518 top5 0.9472
    [19:17:26] step 8750/11249 | avg train loss 1.3652 top1 0.7517 top5 0.9470
    [19:18:34] step 8800/11249 | avg train loss 1.3653 top1 0.7516 top5 0.9470
    [19:19:41] step 8850/11249 | avg train loss 1.3654 top1 0.7517 top5 0.9470
    [19:20:49] step 8900/11249 | avg train loss 1.3659 top1 0.7516 top5 0.9470
    [19:21:57] step 8950/11249 | avg train loss 1.3669 top1 0.7513 top5 0.9468
    [19:23:04] step 9000/11249 | avg train loss 1.3675 top1 0.7510 top5 0.9467
    [19:24:12] step 9050/11249 | avg train loss 1.3672 top1 0.7510 top5 0.9467
    [19:25:18] step 9100/11249 | avg train loss 1.3671 top1 0.7511 top5 0.9467
    [19:26:26] step 9150/11249 | avg train loss 1.3669 top1 0.7512 top5 0.9468
    [19:27:34] step 9200/11249 | avg train loss 1.3668 top1 0.7514 top5 0.9468
    [19:28:42] step 9250/11249 | avg train loss 1.3671 top1 0.7514 top5 0.9467
    [19:29:49] step 9300/11249 | avg train loss 1.3675 top1 0.7512 top5 0.9466
    [19:30:57] step 9350/11249 | avg train loss 1.3681 top1 0.7510 top5 0.9464
    [19:32:04] step 9400/11249 | avg train loss 1.3684 top1 0.7510 top5 0.9463
    [19:33:11] step 9450/11249 | avg train loss 1.3681 top1 0.7512 top5 0.9462
    [19:34:19] step 9500/11249 | avg train loss 1.3685 top1 0.7511 top5 0.9461
    [19:35:27] step 9550/11249 | avg train loss 1.3692 top1 0.7508 top5 0.9461
    [19:36:34] step 9600/11249 | avg train loss 1.3690 top1 0.7508 top5 0.9463
    [19:37:42] step 9650/11249 | avg train loss 1.3696 top1 0.7506 top5 0.9462
    [19:38:50] step 9700/11249 | avg train loss 1.3691 top1 0.7508 top5 0.9463
    [19:39:56] step 9750/11249 | avg train loss 1.3695 top1 0.7508 top5 0.9461
    [19:41:04] step 9800/11249 | avg train loss 1.3696 top1 0.7507 top5 0.9462
    [19:42:12] step 9850/11249 | avg train loss 1.3696 top1 0.7507 top5 0.9462
    [19:43:20] step 9900/11249 | avg train loss 1.3698 top1 0.7507 top5 0.9463
    [19:44:27] step 9950/11249 | avg train loss 1.3698 top1 0.7507 top5 0.9462
    [19:45:35] step 10000/11249 | avg train loss 1.3701 top1 0.7506 top5 0.9461
    [19:46:42] step 10050/11249 | avg train loss 1.3698 top1 0.7508 top5 0.9461
    [19:47:49] step 10100/11249 | avg train loss 1.3700 top1 0.7507 top5 0.9460
    [19:48:57] step 10150/11249 | avg train loss 1.3704 top1 0.7506 top5 0.9460
    [19:50:05] step 10200/11249 | avg train loss 1.3695 top1 0.7507 top5 0.9462
    [19:51:12] step 10250/11249 | avg train loss 1.3696 top1 0.7506 top5 0.9462
    [19:52:20] step 10300/11249 | avg train loss 1.3692 top1 0.7506 top5 0.9462
    [19:53:28] step 10350/11249 | avg train loss 1.3695 top1 0.7506 top5 0.9461
    [19:54:35] step 10400/11249 | avg train loss 1.3688 top1 0.7508 top5 0.9462
    [19:55:42] step 10450/11249 | avg train loss 1.3690 top1 0.7508 top5 0.9461
    [19:56:50] step 10500/11249 | avg train loss 1.3691 top1 0.7507 top5 0.9461
    [19:57:57] step 10550/11249 | avg train loss 1.3693 top1 0.7507 top5 0.9462
    [19:59:05] step 10600/11249 | avg train loss 1.3701 top1 0.7504 top5 0.9461
    [20:00:13] step 10650/11249 | avg train loss 1.3697 top1 0.7504 top5 0.9462
    [20:01:20] step 10700/11249 | avg train loss 1.3696 top1 0.7504 top5 0.9463
    [20:02:28] step 10750/11249 | avg train loss 1.3699 top1 0.7503 top5 0.9462
    [20:03:35] step 10800/11249 | avg train loss 1.3695 top1 0.7506 top5 0.9463
    [20:04:42] step 10850/11249 | avg train loss 1.3695 top1 0.7506 top5 0.9463
    [20:05:50] step 10900/11249 | avg train loss 1.3688 top1 0.7508 top5 0.9463
    [20:06:58] step 10950/11249 | avg train loss 1.3688 top1 0.7508 top5 0.9464
    [20:08:05] step 11000/11249 | avg train loss 1.3687 top1 0.7509 top5 0.9464
    [20:09:13] step 11050/11249 | avg train loss 1.3686 top1 0.7511 top5 0.9464
    [20:10:20] step 11100/11249 | avg train loss 1.3686 top1 0.7511 top5 0.9464
    [20:11:27] step 11150/11249 | avg train loss 1.3684 top1 0.7511 top5 0.9464
    [20:12:35] step 11200/11249 | avg train loss 1.3683 top1 0.7510 top5 0.9464
    [20:13:40] step 11249/11249 | avg train loss 1.3678 top1 0.7513 top5 0.9465
Epoch 3/15 | train loss 1.3678 top1 0.7513 | val loss 1.2922 top1 0.6592 top5 0.8915 | ema val top1 0.6913 top5 0.9156
  Saved new best checkpoint (ema): /Data/thomas.turkieh/smth2smth/checkpoints/track_b/ssv2ft_lora16_mlp.pt (val top1=0.6913)
    [20:43:25] step 50/11249 | avg train loss 1.2189 top1 0.8250 top5 0.9600
    [20:44:32] step 100/11249 | avg train loss 1.2100 top1 0.8175 top5 0.9650
    [20:45:40] step 150/11249 | avg train loss 1.2228 top1 0.8050 top5 0.9633
    [20:46:48] step 200/11249 | avg train loss 1.2084 top1 0.8100 top5 0.9700
    [20:47:55] step 250/11249 | avg train loss 1.2033 top1 0.8120 top5 0.9690
    [20:49:02] step 300/11249 | avg train loss 1.2264 top1 0.8017 top5 0.9675
    [20:50:10] step 350/11249 | avg train loss 1.2344 top1 0.7993 top5 0.9657
    [20:51:17] step 400/11249 | avg train loss 1.2382 top1 0.7981 top5 0.9637
    [20:52:25] step 450/11249 | avg train loss 1.2302 top1 0.8017 top5 0.9650
    [20:53:33] step 500/11249 | avg train loss 1.2243 top1 0.8035 top5 0.9650
    [20:54:41] step 550/11249 | avg train loss 1.2298 top1 0.8018 top5 0.9632
    [20:55:48] step 600/11249 | avg train loss 1.2226 top1 0.8008 top5 0.9642
    [20:56:55] step 650/11249 | avg train loss 1.2157 top1 0.8046 top5 0.9650
    [20:58:03] step 700/11249 | avg train loss 1.2197 top1 0.8039 top5 0.9643
    [20:59:10] step 750/11249 | avg train loss 1.2239 top1 0.8027 top5 0.9633
    [21:00:18] step 800/11249 | avg train loss 1.2277 top1 0.8022 top5 0.9625
    [21:01:26] step 850/11249 | avg train loss 1.2359 top1 0.7979 top5 0.9621
    [21:02:33] step 900/11249 | avg train loss 1.2428 top1 0.7950 top5 0.9617
    [21:03:41] step 950/11249 | avg train loss 1.2465 top1 0.7947 top5 0.9611
    [21:04:48] step 1000/11249 | avg train loss 1.2491 top1 0.7933 top5 0.9605
    [21:05:55] step 1050/11249 | avg train loss 1.2496 top1 0.7929 top5 0.9607
    [21:07:03] step 1100/11249 | avg train loss 1.2541 top1 0.7914 top5 0.9593
    [21:08:11] step 1150/11249 | avg train loss 1.2598 top1 0.7896 top5 0.9585
    [21:09:18] step 1200/11249 | avg train loss 1.2620 top1 0.7885 top5 0.9579
    [21:10:26] step 1250/11249 | avg train loss 1.2613 top1 0.7892 top5 0.9578
    [21:11:33] step 1300/11249 | avg train loss 1.2648 top1 0.7883 top5 0.9585
    [21:12:40] step 1350/11249 | avg train loss 1.2606 top1 0.7894 top5 0.9591
    [21:13:48] step 1400/11249 | avg train loss 1.2608 top1 0.7898 top5 0.9584
    [21:14:56] step 1450/11249 | avg train loss 1.2627 top1 0.7902 top5 0.9581
    [21:16:03] step 1500/11249 | avg train loss 1.2599 top1 0.7917 top5 0.9583
    [21:17:11] step 1550/11249 | avg train loss 1.2576 top1 0.7918 top5 0.9584
    [21:18:18] step 1600/11249 | avg train loss 1.2602 top1 0.7905 top5 0.9581
    [21:19:25] step 1650/11249 | avg train loss 1.2645 top1 0.7892 top5 0.9571
    [21:20:33] step 1700/11249 | avg train loss 1.2643 top1 0.7903 top5 0.9575
    [21:21:41] step 1750/11249 | avg train loss 1.2665 top1 0.7894 top5 0.9569
    [21:22:49] step 1800/11249 | avg train loss 1.2690 top1 0.7885 top5 0.9563
    [21:23:56] step 1850/11249 | avg train loss 1.2669 top1 0.7896 top5 0.9569
    [21:25:04] step 1900/11249 | avg train loss 1.2668 top1 0.7904 top5 0.9566
    [21:26:11] step 1950/11249 | avg train loss 1.2694 top1 0.7895 top5 0.9558
    [21:27:18] step 2000/11249 | avg train loss 1.2670 top1 0.7910 top5 0.9560
    [21:28:26] step 2050/11249 | avg train loss 1.2661 top1 0.7912 top5 0.9561
    [21:29:34] step 2100/11249 | avg train loss 1.2634 top1 0.7920 top5 0.9568
    [21:30:41] step 2150/11249 | avg train loss 1.2610 top1 0.7924 top5 0.9569
    [21:31:49] step 2200/11249 | avg train loss 1.2654 top1 0.7905 top5 0.9565
    [21:32:57] step 2250/11249 | avg train loss 1.2667 top1 0.7903 top5 0.9561
    [21:34:04] step 2300/11249 | avg train loss 1.2664 top1 0.7903 top5 0.9561
    [21:35:11] step 2350/11249 | avg train loss 1.2652 top1 0.7904 top5 0.9564
    [21:36:19] step 2400/11249 | avg train loss 1.2631 top1 0.7915 top5 0.9564
    [21:37:27] step 2450/11249 | avg train loss 1.2617 top1 0.7918 top5 0.9565
    [21:38:34] step 2500/11249 | avg train loss 1.2608 top1 0.7917 top5 0.9570
    [21:39:42] step 2550/11249 | avg train loss 1.2601 top1 0.7914 top5 0.9571
    [21:40:50] step 2600/11249 | avg train loss 1.2581 top1 0.7924 top5 0.9572
    [21:41:56] step 2650/11249 | avg train loss 1.2594 top1 0.7925 top5 0.9569
    [21:43:04] step 2700/11249 | avg train loss 1.2615 top1 0.7910 top5 0.9572
    [21:44:11] step 2750/11249 | avg train loss 1.2619 top1 0.7906 top5 0.9575
    [21:45:19] step 2800/11249 | avg train loss 1.2599 top1 0.7913 top5 0.9577
    [21:46:27] step 2850/11249 | avg train loss 1.2587 top1 0.7918 top5 0.9577
    [21:47:34] step 2900/11249 | avg train loss 1.2598 top1 0.7918 top5 0.9576
    [21:48:42] step 2950/11249 | avg train loss 1.2604 top1 0.7917 top5 0.9575
    [21:49:37] step 3000/11249 | avg train loss 1.2600 top1 0.7914 top5 0.9576
    [21:50:09] step 3050/11249 | avg train loss 1.2601 top1 0.7906 top5 0.9580
    [21:50:42] step 3100/11249 | avg train loss 1.2583 top1 0.7912 top5 0.9581
    [21:51:15] step 3150/11249 | avg train loss 1.2588 top1 0.7910 top5 0.9581
    [21:51:47] step 3200/11249 | avg train loss 1.2563 top1 0.7917 top5 0.9586
    [21:52:20] step 3250/11249 | avg train loss 1.2563 top1 0.7918 top5 0.9584
    [21:52:53] step 3300/11249 | avg train loss 1.2555 top1 0.7919 top5 0.9583
    [21:53:25] step 3350/11249 | avg train loss 1.2551 top1 0.7915 top5 0.9584
    [21:53:58] step 3400/11249 | avg train loss 1.2558 top1 0.7913 top5 0.9582
    [21:54:31] step 3450/11249 | avg train loss 1.2537 top1 0.7925 top5 0.9583
    [21:55:03] step 3500/11249 | avg train loss 1.2526 top1 0.7931 top5 0.9584
    [21:55:36] step 3550/11249 | avg train loss 1.2504 top1 0.7937 top5 0.9587
    [21:56:09] step 3600/11249 | avg train loss 1.2507 top1 0.7937 top5 0.9588
    [21:56:42] step 3650/11249 | avg train loss 1.2508 top1 0.7939 top5 0.9587
    [21:57:14] step 3700/11249 | avg train loss 1.2519 top1 0.7939 top5 0.9584
    [21:57:47] step 3750/11249 | avg train loss 1.2531 top1 0.7931 top5 0.9585
    [21:58:20] step 3800/11249 | avg train loss 1.2540 top1 0.7925 top5 0.9584
    [21:58:52] step 3850/11249 | avg train loss 1.2531 top1 0.7922 top5 0.9586
    [21:59:25] step 3900/11249 | avg train loss 1.2529 top1 0.7918 top5 0.9588
    [21:59:58] step 3950/11249 | avg train loss 1.2527 top1 0.7919 top5 0.9590
    [22:00:30] step 4000/11249 | avg train loss 1.2512 top1 0.7924 top5 0.9591
    [22:01:03] step 4050/11249 | avg train loss 1.2525 top1 0.7918 top5 0.9591
    [22:01:36] step 4100/11249 | avg train loss 1.2525 top1 0.7917 top5 0.9593
    [22:02:08] step 4150/11249 | avg train loss 1.2533 top1 0.7916 top5 0.9590
    [22:02:41] step 4200/11249 | avg train loss 1.2530 top1 0.7920 top5 0.9588
    [22:03:14] step 4250/11249 | avg train loss 1.2527 top1 0.7921 top5 0.9588
    [22:03:46] step 4300/11249 | avg train loss 1.2519 top1 0.7922 top5 0.9590
    [22:04:19] step 4350/11249 | avg train loss 1.2522 top1 0.7924 top5 0.9591
    [22:04:52] step 4400/11249 | avg train loss 1.2520 top1 0.7924 top5 0.9592
    [22:05:24] step 4450/11249 | avg train loss 1.2538 top1 0.7919 top5 0.9590
    [22:05:57] step 4500/11249 | avg train loss 1.2537 top1 0.7919 top5 0.9592
    [22:06:30] step 4550/11249 | avg train loss 1.2544 top1 0.7918 top5 0.9590
    [22:07:02] step 4600/11249 | avg train loss 1.2540 top1 0.7922 top5 0.9590
    [22:07:35] step 4650/11249 | avg train loss 1.2536 top1 0.7925 top5 0.9592
    [22:08:08] step 4700/11249 | avg train loss 1.2527 top1 0.7930 top5 0.9593
    [22:08:40] step 4750/11249 | avg train loss 1.2526 top1 0.7931 top5 0.9595
    [22:09:13] step 4800/11249 | avg train loss 1.2518 top1 0.7932 top5 0.9596
    [22:09:46] step 4850/11249 | avg train loss 1.2507 top1 0.7935 top5 0.9596
    [22:10:18] step 4900/11249 | avg train loss 1.2500 top1 0.7936 top5 0.9598
    [22:10:51] step 4950/11249 | avg train loss 1.2501 top1 0.7933 top5 0.9599
    [22:11:23] step 5000/11249 | avg train loss 1.2496 top1 0.7935 top5 0.9600
    [22:11:56] step 5050/11249 | avg train loss 1.2502 top1 0.7935 top5 0.9599
    [22:12:29] step 5100/11249 | avg train loss 1.2497 top1 0.7934 top5 0.9600
    [22:13:01] step 5150/11249 | avg train loss 1.2504 top1 0.7933 top5 0.9601
    [22:13:34] step 5200/11249 | avg train loss 1.2498 top1 0.7936 top5 0.9601
    [22:14:07] step 5250/11249 | avg train loss 1.2505 top1 0.7936 top5 0.9602
    [22:14:39] step 5300/11249 | avg train loss 1.2502 top1 0.7938 top5 0.9601
    [22:15:12] step 5350/11249 | avg train loss 1.2496 top1 0.7939 top5 0.9601
    [22:15:45] step 5400/11249 | avg train loss 1.2501 top1 0.7939 top5 0.9600
    [22:16:17] step 5450/11249 | avg train loss 1.2490 top1 0.7944 top5 0.9601
    [22:16:50] step 5500/11249 | avg train loss 1.2508 top1 0.7940 top5 0.9597
    [22:17:23] step 5550/11249 | avg train loss 1.2510 top1 0.7936 top5 0.9597
    [22:17:55] step 5600/11249 | avg train loss 1.2505 top1 0.7942 top5 0.9596
    [22:18:28] step 5650/11249 | avg train loss 1.2510 top1 0.7940 top5 0.9595
    [22:19:01] step 5700/11249 | avg train loss 1.2522 top1 0.7934 top5 0.9593
    [22:19:33] step 5750/11249 | avg train loss 1.2522 top1 0.7930 top5 0.9593
    [22:20:06] step 5800/11249 | avg train loss 1.2525 top1 0.7930 top5 0.9594
    [22:20:39] step 5850/11249 | avg train loss 1.2521 top1 0.7930 top5 0.9594
    [22:21:11] step 5900/11249 | avg train loss 1.2519 top1 0.7933 top5 0.9594
    [22:21:44] step 5950/11249 | avg train loss 1.2515 top1 0.7933 top5 0.9596
    [22:22:17] step 6000/11249 | avg train loss 1.2516 top1 0.7933 top5 0.9596
    [22:22:49] step 6050/11249 | avg train loss 1.2517 top1 0.7932 top5 0.9596
    [22:23:22] step 6100/11249 | avg train loss 1.2505 top1 0.7935 top5 0.9598
    [22:23:55] step 6150/11249 | avg train loss 1.2511 top1 0.7933 top5 0.9596
    [22:24:27] step 6200/11249 | avg train loss 1.2508 top1 0.7935 top5 0.9597
    [22:25:00] step 6250/11249 | avg train loss 1.2508 top1 0.7936 top5 0.9598
    [22:25:33] step 6300/11249 | avg train loss 1.2510 top1 0.7933 top5 0.9598
    [22:26:05] step 6350/11249 | avg train loss 1.2519 top1 0.7927 top5 0.9596
    [22:26:38] step 6400/11249 | avg train loss 1.2524 top1 0.7924 top5 0.9597
    [22:27:11] step 6450/11249 | avg train loss 1.2517 top1 0.7926 top5 0.9599
    [22:27:43] step 6500/11249 | avg train loss 1.2520 top1 0.7924 top5 0.9601
    [22:28:16] step 6550/11249 | avg train loss 1.2517 top1 0.7926 top5 0.9600
    [22:28:49] step 6600/11249 | avg train loss 1.2512 top1 0.7927 top5 0.9602
    [22:29:21] step 6650/11249 | avg train loss 1.2506 top1 0.7929 top5 0.9603
    [22:29:54] step 6700/11249 | avg train loss 1.2496 top1 0.7933 top5 0.9603
    [22:30:27] step 6750/11249 | avg train loss 1.2491 top1 0.7937 top5 0.9603
    [22:30:59] step 6800/11249 | avg train loss 1.2494 top1 0.7935 top5 0.9602
    [22:31:32] step 6850/11249 | avg train loss 1.2499 top1 0.7934 top5 0.9601
    [22:32:05] step 6900/11249 | avg train loss 1.2499 top1 0.7933 top5 0.9601
    [22:32:37] step 6950/11249 | avg train loss 1.2504 top1 0.7932 top5 0.9600
    [22:33:10] step 7000/11249 | avg train loss 1.2497 top1 0.7937 top5 0.9600
    [22:33:43] step 7050/11249 | avg train loss 1.2496 top1 0.7935 top5 0.9601
    [22:34:15] step 7100/11249 | avg train loss 1.2504 top1 0.7933 top5 0.9599
    [22:34:48] step 7150/11249 | avg train loss 1.2511 top1 0.7931 top5 0.9598
    [22:35:21] step 7200/11249 | avg train loss 1.2513 top1 0.7931 top5 0.9598
    [22:35:53] step 7250/11249 | avg train loss 1.2518 top1 0.7930 top5 0.9598
    [22:36:26] step 7300/11249 | avg train loss 1.2524 top1 0.7927 top5 0.9597
    [22:36:59] step 7350/11249 | avg train loss 1.2518 top1 0.7928 top5 0.9596
    [22:37:31] step 7400/11249 | avg train loss 1.2514 top1 0.7929 top5 0.9597
    [22:38:04] step 7450/11249 | avg train loss 1.2514 top1 0.7928 top5 0.9598
    [22:38:37] step 7500/11249 | avg train loss 1.2521 top1 0.7924 top5 0.9597
    [22:39:09] step 7550/11249 | avg train loss 1.2520 top1 0.7923 top5 0.9598
    [22:39:42] step 7600/11249 | avg train loss 1.2516 top1 0.7922 top5 0.9600
    [22:40:15] step 7650/11249 | avg train loss 1.2511 top1 0.7923 top5 0.9601
    [22:40:47] step 7700/11249 | avg train loss 1.2510 top1 0.7922 top5 0.9600
    [22:41:20] step 7750/11249 | avg train loss 1.2513 top1 0.7920 top5 0.9600
    [22:41:53] step 7800/11249 | avg train loss 1.2510 top1 0.7922 top5 0.9601
    [22:42:25] step 7850/11249 | avg train loss 1.2503 top1 0.7925 top5 0.9602
    [22:42:58] step 7900/11249 | avg train loss 1.2510 top1 0.7923 top5 0.9601
    [22:43:31] step 7950/11249 | avg train loss 1.2508 top1 0.7924 top5 0.9601
    [22:44:04] step 8000/11249 | avg train loss 1.2505 top1 0.7924 top5 0.9600
    [22:44:36] step 8050/11249 | avg train loss 1.2503 top1 0.7925 top5 0.9601
    [22:45:09] step 8100/11249 | avg train loss 1.2506 top1 0.7922 top5 0.9600
    [22:45:42] step 8150/11249 | avg train loss 1.2502 top1 0.7923 top5 0.9600
    [22:46:14] step 8200/11249 | avg train loss 1.2495 top1 0.7926 top5 0.9601
    [22:46:47] step 8250/11249 | avg train loss 1.2498 top1 0.7925 top5 0.9600
    [22:47:20] step 8300/11249 | avg train loss 1.2496 top1 0.7927 top5 0.9601
    [22:47:52] step 8350/11249 | avg train loss 1.2497 top1 0.7927 top5 0.9601
    [22:48:25] step 8400/11249 | avg train loss 1.2499 top1 0.7926 top5 0.9601
    [22:48:58] step 8450/11249 | avg train loss 1.2500 top1 0.7924 top5 0.9601
    [22:49:31] step 8500/11249 | avg train loss 1.2503 top1 0.7921 top5 0.9601
    [22:50:03] step 8550/11249 | avg train loss 1.2503 top1 0.7920 top5 0.9602
    [22:50:36] step 8600/11249 | avg train loss 1.2503 top1 0.7922 top5 0.9601
    [22:51:09] step 8650/11249 | avg train loss 1.2498 top1 0.7922 top5 0.9602
    [22:51:41] step 8700/11249 | avg train loss 1.2504 top1 0.7922 top5 0.9600
    [22:52:14] step 8750/11249 | avg train loss 1.2503 top1 0.7921 top5 0.9600
    [22:52:47] step 8800/11249 | avg train loss 1.2504 top1 0.7922 top5 0.9600
    [22:53:19] step 8850/11249 | avg train loss 1.2503 top1 0.7922 top5 0.9600
    [22:53:52] step 8900/11249 | avg train loss 1.2502 top1 0.7921 top5 0.9600
    [22:54:25] step 8950/11249 | avg train loss 1.2499 top1 0.7922 top5 0.9600
    [22:54:57] step 9000/11249 | avg train loss 1.2496 top1 0.7923 top5 0.9601
    [22:55:30] step 9050/11249 | avg train loss 1.2492 top1 0.7925 top5 0.9601
    [22:56:03] step 9100/11249 | avg train loss 1.2496 top1 0.7923 top5 0.9602
    [22:56:35] step 9150/11249 | avg train loss 1.2493 top1 0.7923 top5 0.9601
    [22:57:08] step 9200/11249 | avg train loss 1.2488 top1 0.7924 top5 0.9601
    [22:57:41] step 9250/11249 | avg train loss 1.2487 top1 0.7925 top5 0.9600
    [22:58:13] step 9300/11249 | avg train loss 1.2482 top1 0.7927 top5 0.9600
    [22:58:46] step 9350/11249 | avg train loss 1.2485 top1 0.7926 top5 0.9599
    [22:59:19] step 9400/11249 | avg train loss 1.2476 top1 0.7930 top5 0.9600
    [22:59:51] step 9450/11249 | avg train loss 1.2470 top1 0.7932 top5 0.9601
    [23:00:24] step 9500/11249 | avg train loss 1.2468 top1 0.7932 top5 0.9600
    [23:00:57] step 9550/11249 | avg train loss 1.2467 top1 0.7933 top5 0.9601
    [23:01:30] step 9600/11249 | avg train loss 1.2464 top1 0.7935 top5 0.9601
    [23:02:02] step 9650/11249 | avg train loss 1.2467 top1 0.7934 top5 0.9601
    [23:02:35] step 9700/11249 | avg train loss 1.2466 top1 0.7934 top5 0.9601
    [23:03:08] step 9750/11249 | avg train loss 1.2472 top1 0.7931 top5 0.9600
    [23:03:40] step 9800/11249 | avg train loss 1.2471 top1 0.7932 top5 0.9601
    [23:04:13] step 9850/11249 | avg train loss 1.2469 top1 0.7933 top5 0.9601
    [23:04:46] step 9900/11249 | avg train loss 1.2468 top1 0.7933 top5 0.9601
    [23:05:18] step 9950/11249 | avg train loss 1.2462 top1 0.7935 top5 0.9603
    [23:05:51] step 10000/11249 | avg train loss 1.2457 top1 0.7936 top5 0.9604
    [23:06:24] step 10050/11249 | avg train loss 1.2459 top1 0.7935 top5 0.9602
    [23:06:56] step 10100/11249 | avg train loss 1.2460 top1 0.7936 top5 0.9602
    [23:07:29] step 10150/11249 | avg train loss 1.2456 top1 0.7937 top5 0.9602
    [23:08:02] step 10200/11249 | avg train loss 1.2451 top1 0.7939 top5 0.9603
    [23:08:35] step 10250/11249 | avg train loss 1.2453 top1 0.7938 top5 0.9604
    [23:09:07] step 10300/11249 | avg train loss 1.2456 top1 0.7937 top5 0.9603
    [23:09:40] step 10350/11249 | avg train loss 1.2454 top1 0.7937 top5 0.9603
    [23:10:13] step 10400/11249 | avg train loss 1.2452 top1 0.7938 top5 0.9603
    [23:10:45] step 10450/11249 | avg train loss 1.2450 top1 0.7940 top5 0.9604
    [23:11:18] step 10500/11249 | avg train loss 1.2446 top1 0.7942 top5 0.9604
    [23:11:51] step 10550/11249 | avg train loss 1.2453 top1 0.7941 top5 0.9603
    [23:12:23] step 10600/11249 | avg train loss 1.2457 top1 0.7940 top5 0.9602
    [23:12:56] step 10650/11249 | avg train loss 1.2458 top1 0.7939 top5 0.9602
    [23:13:29] step 10700/11249 | avg train loss 1.2464 top1 0.7938 top5 0.9601
    [23:14:02] step 10750/11249 | avg train loss 1.2464 top1 0.7937 top5 0.9601
    [23:14:34] step 10800/11249 | avg train loss 1.2466 top1 0.7937 top5 0.9601
    [23:15:07] step 10850/11249 | avg train loss 1.2459 top1 0.7940 top5 0.9602
    [23:15:40] step 10900/11249 | avg train loss 1.2463 top1 0.7939 top5 0.9602
    [23:16:12] step 10950/11249 | avg train loss 1.2460 top1 0.7939 top5 0.9602
    [23:16:45] step 11000/11249 | avg train loss 1.2461 top1 0.7940 top5 0.9602
    [23:17:18] step 11050/11249 | avg train loss 1.2463 top1 0.7940 top5 0.9601
    [23:17:50] step 11100/11249 | avg train loss 1.2471 top1 0.7938 top5 0.9600
    [23:18:23] step 11150/11249 | avg train loss 1.2469 top1 0.7937 top5 0.9600
    [23:18:56] step 11200/11249 | avg train loss 1.2471 top1 0.7935 top5 0.9600
    [23:19:27] step 11249/11249 | avg train loss 1.2474 top1 0.7934 top5 0.9599
Epoch 4/15 | train loss 1.2474 top1 0.7934 | val loss 1.3650 top1 0.6463 top5 0.8716 | ema val top1 0.7016 top5 0.9143
  Saved new best checkpoint (ema): /Data/thomas.turkieh/smth2smth/checkpoints/track_b/ssv2ft_lora16_mlp.pt (val top1=0.7016)
    [23:33:50] step 50/11249 | avg train loss 1.2373 top1 0.8100 top5 0.9650
    [23:34:22] step 100/11249 | avg train loss 1.1281 top1 0.8350 top5 0.9800
    [23:34:55] step 150/11249 | avg train loss 1.1513 top1 0.8250 top5 0.9783
    [23:35:28] step 200/11249 | avg train loss 1.1151 top1 0.8375 top5 0.9838
    [23:36:00] step 250/11249 | avg train loss 1.1253 top1 0.8290 top5 0.9800
    [23:36:33] step 300/11249 | avg train loss 1.1064 top1 0.8400 top5 0.9792
    [23:37:06] step 350/11249 | avg train loss 1.1069 top1 0.8371 top5 0.9764
    [23:37:39] step 400/11249 | avg train loss 1.1160 top1 0.8375 top5 0.9725
    [23:38:11] step 450/11249 | avg train loss 1.1169 top1 0.8356 top5 0.9733
    [23:38:44] step 500/11249 | avg train loss 1.1191 top1 0.8330 top5 0.9740
    [23:39:17] step 550/11249 | avg train loss 1.1196 top1 0.8327 top5 0.9741
    [23:39:49] step 600/11249 | avg train loss 1.1110 top1 0.8375 top5 0.9746
    [23:40:22] step 650/11249 | avg train loss 1.1083 top1 0.8377 top5 0.9758
    [23:40:55] step 700/11249 | avg train loss 1.1058 top1 0.8386 top5 0.9764
    [23:41:28] step 750/11249 | avg train loss 1.1115 top1 0.8377 top5 0.9753
    [23:42:00] step 800/11249 | avg train loss 1.1110 top1 0.8381 top5 0.9756
    [23:42:33] step 850/11249 | avg train loss 1.1120 top1 0.8388 top5 0.9750
    [23:43:06] step 900/11249 | avg train loss 1.1103 top1 0.8403 top5 0.9750
    [23:43:38] step 950/11249 | avg train loss 1.1152 top1 0.8397 top5 0.9739
    [23:44:11] step 1000/11249 | avg train loss 1.1184 top1 0.8380 top5 0.9730
    [23:44:44] step 1050/11249 | avg train loss 1.1242 top1 0.8352 top5 0.9726
    [23:45:17] step 1100/11249 | avg train loss 1.1244 top1 0.8355 top5 0.9720
    [23:45:49] step 1150/11249 | avg train loss 1.1207 top1 0.8370 top5 0.9726
    [23:46:22] step 1200/11249 | avg train loss 1.1187 top1 0.8375 top5 0.9727
    [23:46:55] step 1250/11249 | avg train loss 1.1214 top1 0.8374 top5 0.9720
    [23:47:28] step 1300/11249 | avg train loss 1.1211 top1 0.8371 top5 0.9723
    [23:48:00] step 1350/11249 | avg train loss 1.1150 top1 0.8394 top5 0.9731
    [23:48:33] step 1400/11249 | avg train loss 1.1193 top1 0.8384 top5 0.9723
    [23:49:06] step 1450/11249 | avg train loss 1.1183 top1 0.8383 top5 0.9729
    [23:49:38] step 1500/11249 | avg train loss 1.1149 top1 0.8392 top5 0.9732
    [23:50:11] step 1550/11249 | avg train loss 1.1172 top1 0.8381 top5 0.9731
    [23:50:44] step 1600/11249 | avg train loss 1.1176 top1 0.8378 top5 0.9734
    [23:51:16] step 1650/11249 | avg train loss 1.1196 top1 0.8368 top5 0.9732
    [23:51:49] step 1700/11249 | avg train loss 1.1225 top1 0.8360 top5 0.9729
    [23:52:22] step 1750/11249 | avg train loss 1.1238 top1 0.8364 top5 0.9724
    [23:52:54] step 1800/11249 | avg train loss 1.1237 top1 0.8368 top5 0.9728
    [23:53:27] step 1850/11249 | avg train loss 1.1235 top1 0.8373 top5 0.9727
    [23:54:00] step 1900/11249 | avg train loss 1.1233 top1 0.8374 top5 0.9729
    [23:54:32] step 1950/11249 | avg train loss 1.1237 top1 0.8377 top5 0.9727
    [23:55:05] step 2000/11249 | avg train loss 1.1263 top1 0.8367 top5 0.9724
    [23:55:38] step 2050/11249 | avg train loss 1.1272 top1 0.8362 top5 0.9727
    [23:56:11] step 2100/11249 | avg train loss 1.1260 top1 0.8364 top5 0.9729
    [23:56:43] step 2150/11249 | avg train loss 1.1252 top1 0.8364 top5 0.9729
    [23:57:16] step 2200/11249 | avg train loss 1.1279 top1 0.8352 top5 0.9725
    [23:57:49] step 2250/11249 | avg train loss 1.1266 top1 0.8356 top5 0.9729
    [23:58:21] step 2300/11249 | avg train loss 1.1285 top1 0.8347 top5 0.9725
    [23:58:54] step 2350/11249 | avg train loss 1.1284 top1 0.8347 top5 0.9728
    [23:59:27] step 2400/11249 | avg train loss 1.1299 top1 0.8337 top5 0.9727
    [23:59:59] step 2450/11249 | avg train loss 1.1290 top1 0.8342 top5 0.9728
    [00:00:32] step 2500/11249 | avg train loss 1.1287 top1 0.8340 top5 0.9729
    [00:01:05] step 2550/11249 | avg train loss 1.1300 top1 0.8328 top5 0.9730
    [00:01:37] step 2600/11249 | avg train loss 1.1289 top1 0.8334 top5 0.9732
    [00:02:10] step 2650/11249 | avg train loss 1.1304 top1 0.8327 top5 0.9727
    [00:02:43] step 2700/11249 | avg train loss 1.1325 top1 0.8321 top5 0.9722
    [00:03:15] step 2750/11249 | avg train loss 1.1330 top1 0.8318 top5 0.9719
    [00:03:48] step 2800/11249 | avg train loss 1.1318 top1 0.8323 top5 0.9720
    [00:04:21] step 2850/11249 | avg train loss 1.1332 top1 0.8318 top5 0.9718
    [00:04:53] step 2900/11249 | avg train loss 1.1321 top1 0.8324 top5 0.9722
    [00:05:26] step 2950/11249 | avg train loss 1.1318 top1 0.8328 top5 0.9724
    [00:05:59] step 3000/11249 | avg train loss 1.1306 top1 0.8330 top5 0.9726
    [00:06:32] step 3050/11249 | avg train loss 1.1320 top1 0.8321 top5 0.9725
    [00:07:04] step 3100/11249 | avg train loss 1.1335 top1 0.8315 top5 0.9726
    [00:07:37] step 3150/11249 | avg train loss 1.1345 top1 0.8310 top5 0.9728
    [00:08:10] step 3200/11249 | avg train loss 1.1331 top1 0.8316 top5 0.9729
    [00:08:42] step 3250/11249 | avg train loss 1.1329 top1 0.8316 top5 0.9730
    [00:09:15] step 3300/11249 | avg train loss 1.1320 top1 0.8322 top5 0.9731
    [00:09:48] step 3350/11249 | avg train loss 1.1328 top1 0.8319 top5 0.9731
    [00:10:20] step 3400/11249 | avg train loss 1.1329 top1 0.8323 top5 0.9731
    [00:10:53] step 3450/11249 | avg train loss 1.1322 top1 0.8325 top5 0.9733
    [00:11:26] step 3500/11249 | avg train loss 1.1342 top1 0.8323 top5 0.9730
    [00:11:58] step 3550/11249 | avg train loss 1.1339 top1 0.8323 top5 0.9730
    [00:12:31] step 3600/11249 | avg train loss 1.1336 top1 0.8323 top5 0.9731
    [00:13:04] step 3650/11249 | avg train loss 1.1328 top1 0.8325 top5 0.9732
    [00:13:36] step 3700/11249 | avg train loss 1.1323 top1 0.8328 top5 0.9730
    [00:14:09] step 3750/11249 | avg train loss 1.1332 top1 0.8328 top5 0.9727
    [00:14:42] step 3800/11249 | avg train loss 1.1339 top1 0.8324 top5 0.9728
    [00:15:14] step 3850/11249 | avg train loss 1.1337 top1 0.8325 top5 0.9729
    [00:15:47] step 3900/11249 | avg train loss 1.1344 top1 0.8321 top5 0.9729
    [00:16:20] step 3950/11249 | avg train loss 1.1342 top1 0.8323 top5 0.9730
    [00:16:52] step 4000/11249 | avg train loss 1.1352 top1 0.8319 top5 0.9731
    [00:17:25] step 4050/11249 | avg train loss 1.1359 top1 0.8316 top5 0.9730
    [00:17:58] step 4100/11249 | avg train loss 1.1359 top1 0.8314 top5 0.9727
    [00:18:31] step 4150/11249 | avg train loss 1.1348 top1 0.8320 top5 0.9728
    [00:19:03] step 4200/11249 | avg train loss 1.1342 top1 0.8322 top5 0.9729
    [00:19:36] step 4250/11249 | avg train loss 1.1359 top1 0.8318 top5 0.9727
    [00:20:09] step 4300/11249 | avg train loss 1.1356 top1 0.8321 top5 0.9728
    [00:20:41] step 4350/11249 | avg train loss 1.1350 top1 0.8325 top5 0.9729
    [00:21:14] step 4400/11249 | avg train loss 1.1349 top1 0.8326 top5 0.9730
    [00:21:47] step 4450/11249 | avg train loss 1.1355 top1 0.8323 top5 0.9730
    [00:22:19] step 4500/11249 | avg train loss 1.1355 top1 0.8318 top5 0.9730
    [00:22:52] step 4550/11249 | avg train loss 1.1353 top1 0.8320 top5 0.9729
    [00:23:25] step 4600/11249 | avg train loss 1.1352 top1 0.8321 top5 0.9729
    [00:23:58] step 4650/11249 | avg train loss 1.1348 top1 0.8324 top5 0.9731
    [00:24:30] step 4700/11249 | avg train loss 1.1346 top1 0.8327 top5 0.9731
    [00:25:03] step 4750/11249 | avg train loss 1.1344 top1 0.8327 top5 0.9730
    [00:25:36] step 4800/11249 | avg train loss 1.1343 top1 0.8329 top5 0.9728
    [00:26:08] step 4850/11249 | avg train loss 1.1344 top1 0.8328 top5 0.9728
    [00:26:41] step 4900/11249 | avg train loss 1.1339 top1 0.8328 top5 0.9730
    [00:27:14] step 4950/11249 | avg train loss 1.1336 top1 0.8332 top5 0.9730
    [00:27:46] step 5000/11249 | avg train loss 1.1328 top1 0.8331 top5 0.9732
    [00:28:19] step 5050/11249 | avg train loss 1.1327 top1 0.8330 top5 0.9734
    [00:28:52] step 5100/11249 | avg train loss 1.1328 top1 0.8329 top5 0.9735
    [00:29:24] step 5150/11249 | avg train loss 1.1333 top1 0.8329 top5 0.9734
    [00:29:57] step 5200/11249 | avg train loss 1.1346 top1 0.8322 top5 0.9734
    [00:30:30] step 5250/11249 | avg train loss 1.1349 top1 0.8322 top5 0.9734
    [00:31:03] step 5300/11249 | avg train loss 1.1348 top1 0.8321 top5 0.9734
    [00:31:35] step 5350/11249 | avg train loss 1.1347 top1 0.8321 top5 0.9735
    [00:32:08] step 5400/11249 | avg train loss 1.1336 top1 0.8325 top5 0.9737
    [00:32:41] step 5450/11249 | avg train loss 1.1340 top1 0.8323 top5 0.9735
    [00:33:13] step 5500/11249 | avg train loss 1.1349 top1 0.8321 top5 0.9732
    [00:33:46] step 5550/11249 | avg train loss 1.1342 top1 0.8323 top5 0.9732
    [00:34:19] step 5600/11249 | avg train loss 1.1344 top1 0.8319 top5 0.9732
    [00:34:51] step 5650/11249 | avg train loss 1.1341 top1 0.8321 top5 0.9733
    [00:35:24] step 5700/11249 | avg train loss 1.1347 top1 0.8316 top5 0.9733
    [00:35:57] step 5750/11249 | avg train loss 1.1353 top1 0.8313 top5 0.9733
    [00:36:29] step 5800/11249 | avg train loss 1.1354 top1 0.8313 top5 0.9730
    [00:37:02] step 5850/11249 | avg train loss 1.1348 top1 0.8314 top5 0.9731
    [00:37:35] step 5900/11249 | avg train loss 1.1342 top1 0.8316 top5 0.9731
    [00:38:07] step 5950/11249 | avg train loss 1.1349 top1 0.8312 top5 0.9731
    [00:38:40] step 6000/11249 | avg train loss 1.1353 top1 0.8309 top5 0.9729
    [00:39:13] step 6050/11249 | avg train loss 1.1359 top1 0.8308 top5 0.9728
    [00:39:45] step 6100/11249 | avg train loss 1.1362 top1 0.8306 top5 0.9728
    [00:40:18] step 6150/11249 | avg train loss 1.1360 top1 0.8308 top5 0.9729
    [00:40:51] step 6200/11249 | avg train loss 1.1368 top1 0.8307 top5 0.9727
    [00:41:24] step 6250/11249 | avg train loss 1.1363 top1 0.8308 top5 0.9727
    [00:41:56] step 6300/11249 | avg train loss 1.1370 top1 0.8304 top5 0.9726
    [00:42:29] step 6350/11249 | avg train loss 1.1377 top1 0.8302 top5 0.9725
    [00:43:02] step 6400/11249 | avg train loss 1.1382 top1 0.8300 top5 0.9725
    [00:43:34] step 6450/11249 | avg train loss 1.1382 top1 0.8297 top5 0.9725
    [00:44:07] step 6500/11249 | avg train loss 1.1382 top1 0.8295 top5 0.9725
    [00:44:40] step 6550/11249 | avg train loss 1.1388 top1 0.8292 top5 0.9725
    [00:45:12] step 6600/11249 | avg train loss 1.1395 top1 0.8291 top5 0.9723
    [00:45:45] step 6650/11249 | avg train loss 1.1393 top1 0.8291 top5 0.9723
    [00:46:18] step 6700/11249 | avg train loss 1.1392 top1 0.8291 top5 0.9723
    [00:46:50] step 6750/11249 | avg train loss 1.1394 top1 0.8291 top5 0.9722
    [00:47:23] step 6800/11249 | avg train loss 1.1403 top1 0.8289 top5 0.9721
    [00:47:56] step 6850/11249 | avg train loss 1.1405 top1 0.8289 top5 0.9721
    [00:48:28] step 6900/11249 | avg train loss 1.1406 top1 0.8289 top5 0.9720
    [00:49:01] step 6950/11249 | avg train loss 1.1416 top1 0.8286 top5 0.9718
    [00:49:34] step 7000/11249 | avg train loss 1.1418 top1 0.8285 top5 0.9717
    [00:50:07] step 7050/11249 | avg train loss 1.1421 top1 0.8283 top5 0.9716
    [00:50:39] step 7100/11249 | avg train loss 1.1415 top1 0.8286 top5 0.9717
    [00:51:12] step 7150/11249 | avg train loss 1.1418 top1 0.8285 top5 0.9717
    [00:51:45] step 7200/11249 | avg train loss 1.1423 top1 0.8282 top5 0.9717
    [00:52:18] step 7250/11249 | avg train loss 1.1424 top1 0.8282 top5 0.9717
    [00:52:50] step 7300/11249 | avg train loss 1.1424 top1 0.8283 top5 0.9716
    [00:53:23] step 7350/11249 | avg train loss 1.1428 top1 0.8281 top5 0.9714
    [00:53:56] step 7400/11249 | avg train loss 1.1423 top1 0.8284 top5 0.9714
    [00:54:28] step 7450/11249 | avg train loss 1.1422 top1 0.8286 top5 0.9714
    [00:55:01] step 7500/11249 | avg train loss 1.1421 top1 0.8287 top5 0.9714
    [00:55:34] step 7550/11249 | avg train loss 1.1427 top1 0.8286 top5 0.9713
    [00:56:06] step 7600/11249 | avg train loss 1.1422 top1 0.8287 top5 0.9714
    [00:56:39] step 7650/11249 | avg train loss 1.1421 top1 0.8288 top5 0.9714
    [00:57:12] step 7700/11249 | avg train loss 1.1411 top1 0.8291 top5 0.9715
    [00:57:45] step 7750/11249 | avg train loss 1.1414 top1 0.8288 top5 0.9715
    [00:58:17] step 7800/11249 | avg train loss 1.1410 top1 0.8289 top5 0.9714
    [00:58:50] step 7850/11249 | avg train loss 1.1406 top1 0.8290 top5 0.9715
    [00:59:23] step 7900/11249 | avg train loss 1.1411 top1 0.8291 top5 0.9713
    [00:59:55] step 7950/11249 | avg train loss 1.1414 top1 0.8292 top5 0.9713
    [01:00:28] step 8000/11249 | avg train loss 1.1422 top1 0.8290 top5 0.9711
    [01:01:01] step 8050/11249 | avg train loss 1.1424 top1 0.8289 top5 0.9711
    [01:01:33] step 8100/11249 | avg train loss 1.1425 top1 0.8290 top5 0.9710
    [01:02:06] step 8150/11249 | avg train loss 1.1430 top1 0.8287 top5 0.9710
    [01:02:39] step 8200/11249 | avg train loss 1.1431 top1 0.8286 top5 0.9709
    [01:03:12] step 8250/11249 | avg train loss 1.1434 top1 0.8287 top5 0.9707
    [01:03:44] step 8300/11249 | avg train loss 1.1441 top1 0.8284 top5 0.9706
    [01:04:17] step 8350/11249 | avg train loss 1.1437 top1 0.8286 top5 0.9706
    [01:04:50] step 8400/11249 | avg train loss 1.1433 top1 0.8287 top5 0.9706
    [01:05:23] step 8450/11249 | avg train loss 1.1431 top1 0.8289 top5 0.9707
    [01:05:55] step 8500/11249 | avg train loss 1.1430 top1 0.8289 top5 0.9706
    [01:06:28] step 8550/11249 | avg train loss 1.1427 top1 0.8289 top5 0.9707
    [01:07:01] step 8600/11249 | avg train loss 1.1434 top1 0.8287 top5 0.9706
    [01:07:33] step 8650/11249 | avg train loss 1.1438 top1 0.8286 top5 0.9706
    [01:08:06] step 8700/11249 | avg train loss 1.1442 top1 0.8283 top5 0.9705
    [01:08:39] step 8750/11249 | avg train loss 1.1443 top1 0.8283 top5 0.9707
    [01:09:11] step 8800/11249 | avg train loss 1.1454 top1 0.8279 top5 0.9706
    [01:09:44] step 8850/11249 | avg train loss 1.1454 top1 0.8279 top5 0.9706
    [01:10:17] step 8900/11249 | avg train loss 1.1454 top1 0.8279 top5 0.9706
    [01:10:50] step 8950/11249 | avg train loss 1.1454 top1 0.8279 top5 0.9707
    [01:11:22] step 9000/11249 | avg train loss 1.1459 top1 0.8278 top5 0.9706
    [01:11:55] step 9050/11249 | avg train loss 1.1466 top1 0.8274 top5 0.9705
    [01:12:28] step 9100/11249 | avg train loss 1.1464 top1 0.8275 top5 0.9706
    [01:13:00] step 9150/11249 | avg train loss 1.1461 top1 0.8277 top5 0.9706
    [01:13:33] step 9200/11249 | avg train loss 1.1461 top1 0.8277 top5 0.9706
    [01:14:06] step 9250/11249 | avg train loss 1.1463 top1 0.8277 top5 0.9706
    [01:14:39] step 9300/11249 | avg train loss 1.1466 top1 0.8276 top5 0.9705
    [01:15:11] step 9350/11249 | avg train loss 1.1469 top1 0.8276 top5 0.9704
    [01:15:44] step 9400/11249 | avg train loss 1.1471 top1 0.8276 top5 0.9704
    [01:16:17] step 9450/11249 | avg train loss 1.1470 top1 0.8276 top5 0.9704
    [01:16:50] step 9500/11249 | avg train loss 1.1469 top1 0.8277 top5 0.9704
    [01:17:22] step 9550/11249 | avg train loss 1.1473 top1 0.8275 top5 0.9705
    [01:17:55] step 9600/11249 | avg train loss 1.1476 top1 0.8274 top5 0.9705
    [01:18:28] step 9650/11249 | avg train loss 1.1480 top1 0.8270 top5 0.9704
    [01:19:00] step 9700/11249 | avg train loss 1.1481 top1 0.8270 top5 0.9704
    [01:19:33] step 9750/11249 | avg train loss 1.1486 top1 0.8269 top5 0.9704
    [01:20:06] step 9800/11249 | avg train loss 1.1487 top1 0.8269 top5 0.9705
    [01:20:38] step 9850/11249 | avg train loss 1.1480 top1 0.8270 top5 0.9705
    [01:21:11] step 9900/11249 | avg train loss 1.1485 top1 0.8269 top5 0.9704
    [01:21:44] step 9950/11249 | avg train loss 1.1494 top1 0.8266 top5 0.9703
    [01:22:17] step 10000/11249 | avg train loss 1.1488 top1 0.8267 top5 0.9704
    [01:22:49] step 10050/11249 | avg train loss 1.1493 top1 0.8265 top5 0.9703
    [01:23:22] step 10100/11249 | avg train loss 1.1494 top1 0.8264 top5 0.9703
    [01:23:55] step 10150/11249 | avg train loss 1.1487 top1 0.8266 top5 0.9704
    [01:24:27] step 10200/11249 | avg train loss 1.1487 top1 0.8267 top5 0.9704
    [01:25:00] step 10250/11249 | avg train loss 1.1484 top1 0.8268 top5 0.9705
    [01:25:33] step 10300/11249 | avg train loss 1.1486 top1 0.8268 top5 0.9704
    [01:26:06] step 10350/11249 | avg train loss 1.1484 top1 0.8268 top5 0.9704
    [01:26:38] step 10400/11249 | avg train loss 1.1488 top1 0.8265 top5 0.9704
    [01:27:11] step 10450/11249 | avg train loss 1.1495 top1 0.8262 top5 0.9702
    [01:27:44] step 10500/11249 | avg train loss 1.1492 top1 0.8264 top5 0.9703
    [01:28:17] step 10550/11249 | avg train loss 1.1495 top1 0.8263 top5 0.9702
    [01:28:49] step 10600/11249 | avg train loss 1.1494 top1 0.8264 top5 0.9702
    [01:29:22] step 10650/11249 | avg train loss 1.1497 top1 0.8263 top5 0.9701
    [01:29:55] step 10700/11249 | avg train loss 1.1495 top1 0.8264 top5 0.9701
    [01:30:27] step 10750/11249 | avg train loss 1.1501 top1 0.8261 top5 0.9701
    [01:31:00] step 10800/11249 | avg train loss 1.1498 top1 0.8262 top5 0.9701
    [01:31:33] step 10850/11249 | avg train loss 1.1496 top1 0.8261 top5 0.9702
    [01:32:05] step 10900/11249 | avg train loss 1.1493 top1 0.8263 top5 0.9702
    [01:32:38] step 10950/11249 | avg train loss 1.1489 top1 0.8265 top5 0.9702
    [01:33:11] step 11000/11249 | avg train loss 1.1487 top1 0.8265 top5 0.9703
    [01:33:44] step 11050/11249 | avg train loss 1.1488 top1 0.8264 top5 0.9703
    [01:34:16] step 11100/11249 | avg train loss 1.1492 top1 0.8264 top5 0.9702
    [01:34:49] step 11150/11249 | avg train loss 1.1495 top1 0.8263 top5 0.9702
    [01:35:22] step 11200/11249 | avg train loss 1.1494 top1 0.8264 top5 0.9701
    [01:35:53] step 11249/11249 | avg train loss 1.1492 top1 0.8264 top5 0.9702
Epoch 5/15 | train loss 1.1492 top1 0.8264 | val loss 1.2142 top1 0.6799 top5 0.9045 | ema val top1 0.6961 top5 0.9131
    [01:50:15] step 50/11249 | avg train loss 0.9833 top1 0.8850 top5 0.9900
    [01:50:48] step 100/11249 | avg train loss 1.0300 top1 0.8700 top5 0.9750
    [01:51:21] step 150/11249 | avg train loss 1.0781 top1 0.8533 top5 0.9733
    [01:51:54] step 200/11249 | avg train loss 1.0840 top1 0.8488 top5 0.9712
    [01:52:27] step 250/11249 | avg train loss 1.0734 top1 0.8480 top5 0.9730
    [01:52:59] step 300/11249 | avg train loss 1.0639 top1 0.8508 top5 0.9775
    [01:53:32] step 350/11249 | avg train loss 1.0588 top1 0.8521 top5 0.9771
    [01:54:05] step 400/11249 | avg train loss 1.0578 top1 0.8550 top5 0.9769
    [01:54:37] step 450/11249 | avg train loss 1.0446 top1 0.8600 top5 0.9783
    [01:55:10] step 500/11249 | avg train loss 1.0481 top1 0.8585 top5 0.9780
    [01:55:43] step 550/11249 | avg train loss 1.0544 top1 0.8559 top5 0.9782
    [01:56:16] step 600/11249 | avg train loss 1.0609 top1 0.8521 top5 0.9783
    [01:56:48] step 650/11249 | avg train loss 1.0553 top1 0.8527 top5 0.9796
    [01:57:21] step 700/11249 | avg train loss 1.0599 top1 0.8511 top5 0.9793
    [01:57:54] step 750/11249 | avg train loss 1.0595 top1 0.8513 top5 0.9797
    [01:58:26] step 800/11249 | avg train loss 1.0545 top1 0.8531 top5 0.9794
    [01:58:59] step 850/11249 | avg train loss 1.0497 top1 0.8556 top5 0.9797
    [01:59:32] step 900/11249 | avg train loss 1.0451 top1 0.8569 top5 0.9806
    [02:00:05] step 950/11249 | avg train loss 1.0524 top1 0.8555 top5 0.9797
    [02:00:37] step 1000/11249 | avg train loss 1.0531 top1 0.8565 top5 0.9792
    [02:01:10] step 1050/11249 | avg train loss 1.0621 top1 0.8531 top5 0.9788
    [02:01:43] step 1100/11249 | avg train loss 1.0610 top1 0.8536 top5 0.9789
    [02:02:16] step 1150/11249 | avg train loss 1.0556 top1 0.8557 top5 0.9796
    [02:02:48] step 1200/11249 | avg train loss 1.0546 top1 0.8565 top5 0.9794
    [02:03:21] step 1250/11249 | avg train loss 1.0523 top1 0.8572 top5 0.9796
    [02:03:54] step 1300/11249 | avg train loss 1.0521 top1 0.8581 top5 0.9788
    [02:04:26] step 1350/11249 | avg train loss 1.0582 top1 0.8559 top5 0.9791
    [02:04:59] step 1400/11249 | avg train loss 1.0585 top1 0.8557 top5 0.9793
    [02:05:32] step 1450/11249 | avg train loss 1.0565 top1 0.8567 top5 0.9797
    [02:06:04] step 1500/11249 | avg train loss 1.0567 top1 0.8575 top5 0.9790
    [02:06:37] step 1550/11249 | avg train loss 1.0575 top1 0.8573 top5 0.9794
    [02:07:10] step 1600/11249 | avg train loss 1.0586 top1 0.8567 top5 0.9795
    [02:07:43] step 1650/11249 | avg train loss 1.0572 top1 0.8579 top5 0.9794
    [02:08:15] step 1700/11249 | avg train loss 1.0600 top1 0.8572 top5 0.9787
    [02:08:48] step 1750/11249 | avg train loss 1.0614 top1 0.8576 top5 0.9787
    [02:09:21] step 1800/11249 | avg train loss 1.0612 top1 0.8579 top5 0.9788
    [02:09:53] step 1850/11249 | avg train loss 1.0594 top1 0.8589 top5 0.9789
    [02:10:26] step 1900/11249 | avg train loss 1.0611 top1 0.8584 top5 0.9788
    [02:10:59] step 1950/11249 | avg train loss 1.0617 top1 0.8587 top5 0.9783
    [02:11:32] step 2000/11249 | avg train loss 1.0593 top1 0.8596 top5 0.9784
    [02:12:04] step 2050/11249 | avg train loss 1.0592 top1 0.8598 top5 0.9784
    [02:12:37] step 2100/11249 | avg train loss 1.0572 top1 0.8606 top5 0.9787
    [02:13:10] step 2150/11249 | avg train loss 1.0591 top1 0.8599 top5 0.9781
    [02:13:43] step 2200/11249 | avg train loss 1.0584 top1 0.8598 top5 0.9783
    [02:14:15] step 2250/11249 | avg train loss 1.0595 top1 0.8594 top5 0.9781
    [02:14:48] step 2300/11249 | avg train loss 1.0606 top1 0.8597 top5 0.9779
    [02:15:21] step 2350/11249 | avg train loss 1.0574 top1 0.8609 top5 0.9783
    [02:15:53] step 2400/11249 | avg train loss 1.0598 top1 0.8598 top5 0.9778
    [02:16:26] step 2450/11249 | avg train loss 1.0591 top1 0.8599 top5 0.9780
    [02:16:59] step 2500/11249 | avg train loss 1.0571 top1 0.8606 top5 0.9782
    [02:17:32] step 2550/11249 | avg train loss 1.0554 top1 0.8612 top5 0.9784
    [02:18:04] step 2600/11249 | avg train loss 1.0551 top1 0.8612 top5 0.9788
    [02:18:37] step 2650/11249 | avg train loss 1.0568 top1 0.8600 top5 0.9787
    [02:19:10] step 2700/11249 | avg train loss 1.0556 top1 0.8602 top5 0.9789
    [02:19:42] step 2750/11249 | avg train loss 1.0548 top1 0.8605 top5 0.9788
    [02:20:15] step 2800/11249 | avg train loss 1.0545 top1 0.8602 top5 0.9788
    [02:20:48] step 2850/11249 | avg train loss 1.0561 top1 0.8594 top5 0.9789
    [02:21:21] step 2900/11249 | avg train loss 1.0560 top1 0.8595 top5 0.9791
    [02:21:53] step 2950/11249 | avg train loss 1.0555 top1 0.8596 top5 0.9791
    [02:22:26] step 3000/11249 | avg train loss 1.0549 top1 0.8601 top5 0.9792
    [02:22:59] step 3050/11249 | avg train loss 1.0566 top1 0.8596 top5 0.9790
    [02:23:31] step 3100/11249 | avg train loss 1.0572 top1 0.8594 top5 0.9792
    [02:24:04] step 3150/11249 | avg train loss 1.0572 top1 0.8593 top5 0.9793
    [02:24:37] step 3200/11249 | avg train loss 1.0572 top1 0.8595 top5 0.9791
    [02:25:10] step 3250/11249 | avg train loss 1.0575 top1 0.8596 top5 0.9788
    [02:25:42] step 3300/11249 | avg train loss 1.0570 top1 0.8598 top5 0.9790
    [02:26:15] step 3350/11249 | avg train loss 1.0581 top1 0.8591 top5 0.9789
    [02:26:48] step 3400/11249 | avg train loss 1.0577 top1 0.8591 top5 0.9788
    [02:27:21] step 3450/11249 | avg train loss 1.0583 top1 0.8588 top5 0.9787
    [02:27:53] step 3500/11249 | avg train loss 1.0598 top1 0.8584 top5 0.9785
    [02:28:26] step 3550/11249 | avg train loss 1.0590 top1 0.8587 top5 0.9787
    [02:28:59] step 3600/11249 | avg train loss 1.0604 top1 0.8580 top5 0.9788
    [02:29:31] step 3650/11249 | avg train loss 1.0590 top1 0.8586 top5 0.9788
    [02:30:04] step 3700/11249 | avg train loss 1.0595 top1 0.8582 top5 0.9787
    [02:30:37] step 3750/11249 | avg train loss 1.0607 top1 0.8579 top5 0.9787
    [02:31:10] step 3800/11249 | avg train loss 1.0623 top1 0.8576 top5 0.9784
    [02:31:42] step 3850/11249 | avg train loss 1.0623 top1 0.8575 top5 0.9784
    [02:32:15] step 3900/11249 | avg train loss 1.0620 top1 0.8578 top5 0.9785
    [02:32:48] step 3950/11249 | avg train loss 1.0628 top1 0.8573 top5 0.9785
    [02:33:20] step 4000/11249 | avg train loss 1.0619 top1 0.8574 top5 0.9787
    [02:33:53] step 4050/11249 | avg train loss 1.0606 top1 0.8578 top5 0.9788
    [02:34:26] step 4100/11249 | avg train loss 1.0615 top1 0.8573 top5 0.9788
    [02:34:58] step 4150/11249 | avg train loss 1.0621 top1 0.8572 top5 0.9788
    [02:35:31] step 4200/11249 | avg train loss 1.0621 top1 0.8570 top5 0.9788
    [02:36:04] step 4250/11249 | avg train loss 1.0619 top1 0.8568 top5 0.9789
    [02:36:37] step 4300/11249 | avg train loss 1.0626 top1 0.8568 top5 0.9788
    [02:37:09] step 4350/11249 | avg train loss 1.0614 top1 0.8570 top5 0.9790
    [02:37:42] step 4400/11249 | avg train loss 1.0608 top1 0.8572 top5 0.9789
    [02:38:15] step 4450/11249 | avg train loss 1.0605 top1 0.8574 top5 0.9789
    [02:38:48] step 4500/11249 | avg train loss 1.0607 top1 0.8573 top5 0.9789
    [02:39:20] step 4550/11249 | avg train loss 1.0607 top1 0.8574 top5 0.9788
    [02:39:53] step 4600/11249 | avg train loss 1.0607 top1 0.8575 top5 0.9787
    [02:40:26] step 4650/11249 | avg train loss 1.0599 top1 0.8580 top5 0.9787
    [02:40:58] step 4700/11249 | avg train loss 1.0597 top1 0.8580 top5 0.9785
    [02:41:31] step 4750/11249 | avg train loss 1.0596 top1 0.8580 top5 0.9785
    [02:42:04] step 4800/11249 | avg train loss 1.0603 top1 0.8580 top5 0.9785
    [02:42:37] step 4850/11249 | avg train loss 1.0590 top1 0.8585 top5 0.9786
    [02:43:09] step 4900/11249 | avg train loss 1.0593 top1 0.8584 top5 0.9786
    [02:43:42] step 4950/11249 | avg train loss 1.0595 top1 0.8580 top5 0.9785
    [02:44:15] step 5000/11249 | avg train loss 1.0608 top1 0.8574 top5 0.9784
    [02:44:47] step 5050/11249 | avg train loss 1.0611 top1 0.8575 top5 0.9783
    [02:45:20] step 5100/11249 | avg train loss 1.0610 top1 0.8575 top5 0.9783
    [02:45:53] step 5150/11249 | avg train loss 1.0608 top1 0.8576 top5 0.9784
    [02:46:25] step 5200/11249 | avg train loss 1.0617 top1 0.8572 top5 0.9784
    [02:46:58] step 5250/11249 | avg train loss 1.0628 top1 0.8567 top5 0.9783
    [02:47:31] step 5300/11249 | avg train loss 1.0628 top1 0.8567 top5 0.9783
    [02:48:04] step 5350/11249 | avg train loss 1.0626 top1 0.8570 top5 0.9783
    [02:48:36] step 5400/11249 | avg train loss 1.0629 top1 0.8567 top5 0.9783
    [02:49:09] step 5450/11249 | avg train loss 1.0631 top1 0.8567 top5 0.9784
    [02:49:42] step 5500/11249 | avg train loss 1.0639 top1 0.8561 top5 0.9785
    [02:50:15] step 5550/11249 | avg train loss 1.0639 top1 0.8564 top5 0.9783
    [02:50:47] step 5600/11249 | avg train loss 1.0632 top1 0.8566 top5 0.9784
    [02:51:20] step 5650/11249 | avg train loss 1.0623 top1 0.8569 top5 0.9785
    [02:51:53] step 5700/11249 | avg train loss 1.0620 top1 0.8570 top5 0.9783
    [02:52:25] step 5750/11249 | avg train loss 1.0621 top1 0.8571 top5 0.9784
    [02:52:58] step 5800/11249 | avg train loss 1.0632 top1 0.8569 top5 0.9783
    [02:53:31] step 5850/11249 | avg train loss 1.0628 top1 0.8569 top5 0.9784
    [02:54:04] step 5900/11249 | avg train loss 1.0634 top1 0.8567 top5 0.9784
    [02:54:36] step 5950/11249 | avg train loss 1.0630 top1 0.8568 top5 0.9784
    [02:55:09] step 6000/11249 | avg train loss 1.0634 top1 0.8565 top5 0.9783
    [02:55:42] step 6050/11249 | avg train loss 1.0630 top1 0.8567 top5 0.9783
    [02:56:14] step 6100/11249 | avg train loss 1.0635 top1 0.8565 top5 0.9782
    [02:56:47] step 6150/11249 | avg train loss 1.0635 top1 0.8565 top5 0.9781
    [02:57:20] step 6200/11249 | avg train loss 1.0639 top1 0.8564 top5 0.9781
    [02:57:52] step 6250/11249 | avg train loss 1.0646 top1 0.8560 top5 0.9780
    [02:58:25] step 6300/11249 | avg train loss 1.0648 top1 0.8561 top5 0.9781
    [02:58:58] step 6350/11249 | avg train loss 1.0641 top1 0.8563 top5 0.9780
    [02:59:31] step 6400/11249 | avg train loss 1.0640 top1 0.8562 top5 0.9780
    [03:00:04] step 6450/11249 | avg train loss 1.0648 top1 0.8560 top5 0.9779
    [03:00:36] step 6500/11249 | avg train loss 1.0649 top1 0.8559 top5 0.9780
    [03:01:09] step 6550/11249 | avg train loss 1.0645 top1 0.8561 top5 0.9781
    [03:01:42] step 6600/11249 | avg train loss 1.0647 top1 0.8559 top5 0.9780
    [03:02:14] step 6650/11249 | avg train loss 1.0646 top1 0.8562 top5 0.9780
    [03:02:47] step 6700/11249 | avg train loss 1.0653 top1 0.8560 top5 0.9779
    [03:03:20] step 6750/11249 | avg train loss 1.0652 top1 0.8562 top5 0.9777
    [03:03:53] step 6800/11249 | avg train loss 1.0652 top1 0.8562 top5 0.9777
    [03:04:25] step 6850/11249 | avg train loss 1.0656 top1 0.8562 top5 0.9777
    [03:04:58] step 6900/11249 | avg train loss 1.0656 top1 0.8563 top5 0.9777
    [03:05:31] step 6950/11249 | avg train loss 1.0659 top1 0.8561 top5 0.9776
    [03:06:03] step 7000/11249 | avg train loss 1.0658 top1 0.8561 top5 0.9777
    [03:06:36] step 7050/11249 | avg train loss 1.0660 top1 0.8560 top5 0.9777
    [03:07:09] step 7100/11249 | avg train loss 1.0658 top1 0.8561 top5 0.9778
    [03:07:41] step 7150/11249 | avg train loss 1.0667 top1 0.8557 top5 0.9778
    [03:08:14] step 7200/11249 | avg train loss 1.0668 top1 0.8556 top5 0.9778
    [03:08:47] step 7250/11249 | avg train loss 1.0667 top1 0.8558 top5 0.9778
    [03:09:20] step 7300/11249 | avg train loss 1.0673 top1 0.8557 top5 0.9777
    [03:09:53] step 7350/11249 | avg train loss 1.0669 top1 0.8559 top5 0.9778
    [03:10:25] step 7400/11249 | avg train loss 1.0671 top1 0.8557 top5 0.9777
    [03:10:58] step 7450/11249 | avg train loss 1.0670 top1 0.8556 top5 0.9777
    [03:11:31] step 7500/11249 | avg train loss 1.0670 top1 0.8556 top5 0.9777
    [03:12:03] step 7550/11249 | avg train loss 1.0668 top1 0.8558 top5 0.9777
    [03:12:36] step 7600/11249 | avg train loss 1.0667 top1 0.8559 top5 0.9777
    [03:13:09] step 7650/11249 | avg train loss 1.0675 top1 0.8556 top5 0.9776
    [03:13:42] step 7700/11249 | avg train loss 1.0679 top1 0.8556 top5 0.9775
    [03:14:14] step 7750/11249 | avg train loss 1.0685 top1 0.8552 top5 0.9775
    [03:14:47] step 7800/11249 | avg train loss 1.0678 top1 0.8554 top5 0.9776
    [03:15:20] step 7850/11249 | avg train loss 1.0686 top1 0.8552 top5 0.9775
    [03:15:52] step 7900/11249 | avg train loss 1.0677 top1 0.8556 top5 0.9775
    [03:16:25] step 7950/11249 | avg train loss 1.0680 top1 0.8555 top5 0.9775
    [03:16:58] step 8000/11249 | avg train loss 1.0672 top1 0.8558 top5 0.9775
    [03:17:31] step 8050/11249 | avg train loss 1.0679 top1 0.8556 top5 0.9772
    [03:18:03] step 8100/11249 | avg train loss 1.0678 top1 0.8557 top5 0.9773
    [03:18:36] step 8150/11249 | avg train loss 1.0678 top1 0.8556 top5 0.9772
    [03:19:09] step 8200/11249 | avg train loss 1.0680 top1 0.8553 top5 0.9773
    [03:19:41] step 8250/11249 | avg train loss 1.0685 top1 0.8550 top5 0.9772
    [03:20:14] step 8300/11249 | avg train loss 1.0687 top1 0.8548 top5 0.9773
    [03:20:47] step 8350/11249 | avg train loss 1.0694 top1 0.8545 top5 0.9772
    [03:21:20] step 8400/11249 | avg train loss 1.0697 top1 0.8543 top5 0.9771
    [03:21:53] step 8450/11249 | avg train loss 1.0696 top1 0.8544 top5 0.9772
    [03:22:25] step 8500/11249 | avg train loss 1.0692 top1 0.8546 top5 0.9772
    [03:22:58] step 8550/11249 | avg train loss 1.0699 top1 0.8544 top5 0.9771
    [03:23:31] step 8600/11249 | avg train loss 1.0711 top1 0.8542 top5 0.9769
    [03:24:03] step 8650/11249 | avg train loss 1.0717 top1 0.8540 top5 0.9768
    [03:24:36] step 8700/11249 | avg train loss 1.0713 top1 0.8543 top5 0.9769
    [03:25:09] step 8750/11249 | avg train loss 1.0715 top1 0.8543 top5 0.9769
    [03:25:41] step 8800/11249 | avg train loss 1.0717 top1 0.8543 top5 0.9768
    [03:26:14] step 8850/11249 | avg train loss 1.0711 top1 0.8546 top5 0.9769
    [03:26:47] step 8900/11249 | avg train loss 1.0709 top1 0.8547 top5 0.9769
    [03:27:20] step 8950/11249 | avg train loss 1.0709 top1 0.8547 top5 0.9769
    [03:27:52] step 9000/11249 | avg train loss 1.0711 top1 0.8547 top5 0.9769
    [03:28:25] step 9050/11249 | avg train loss 1.0708 top1 0.8548 top5 0.9769
    [03:28:58] step 9100/11249 | avg train loss 1.0709 top1 0.8548 top5 0.9768
    [03:29:30] step 9150/11249 | avg train loss 1.0710 top1 0.8547 top5 0.9769
    [03:30:03] step 9200/11249 | avg train loss 1.0709 top1 0.8547 top5 0.9768
    [03:30:36] step 9250/11249 | avg train loss 1.0710 top1 0.8548 top5 0.9768
    [03:31:09] step 9300/11249 | avg train loss 1.0709 top1 0.8548 top5 0.9768
    [03:31:41] step 9350/11249 | avg train loss 1.0704 top1 0.8550 top5 0.9769
    [03:32:14] step 9400/11249 | avg train loss 1.0702 top1 0.8552 top5 0.9770
    [03:32:47] step 9450/11249 | avg train loss 1.0703 top1 0.8553 top5 0.9769
    [03:33:20] step 9500/11249 | avg train loss 1.0699 top1 0.8555 top5 0.9769
    [03:33:52] step 9550/11249 | avg train loss 1.0700 top1 0.8556 top5 0.9769
    [03:34:25] step 9600/11249 | avg train loss 1.0700 top1 0.8555 top5 0.9770
    [03:34:58] step 9650/11249 | avg train loss 1.0704 top1 0.8555 top5 0.9769
    [03:35:30] step 9700/11249 | avg train loss 1.0705 top1 0.8554 top5 0.9769
    [03:36:03] step 9750/11249 | avg train loss 1.0707 top1 0.8554 top5 0.9769
    [03:36:36] step 9800/11249 | avg train loss 1.0700 top1 0.8555 top5 0.9770
    [03:37:09] step 9850/11249 | avg train loss 1.0703 top1 0.8554 top5 0.9770
    [03:37:41] step 9900/11249 | avg train loss 1.0708 top1 0.8553 top5 0.9769
    [03:38:14] step 9950/11249 | avg train loss 1.0710 top1 0.8552 top5 0.9769
    [03:38:47] step 10000/11249 | avg train loss 1.0712 top1 0.8550 top5 0.9769
    [03:39:19] step 10050/11249 | avg train loss 1.0710 top1 0.8551 top5 0.9769
    [03:39:52] step 10100/11249 | avg train loss 1.0715 top1 0.8550 top5 0.9768
    [03:40:25] step 10150/11249 | avg train loss 1.0719 top1 0.8549 top5 0.9768
    [03:40:57] step 10200/11249 | avg train loss 1.0723 top1 0.8547 top5 0.9768
    [03:41:30] step 10250/11249 | avg train loss 1.0725 top1 0.8547 top5 0.9767
    [03:42:03] step 10300/11249 | avg train loss 1.0724 top1 0.8546 top5 0.9767
    [03:42:36] step 10350/11249 | avg train loss 1.0722 top1 0.8548 top5 0.9767
    [03:43:08] step 10400/11249 | avg train loss 1.0717 top1 0.8549 top5 0.9767
    [03:43:41] step 10450/11249 | avg train loss 1.0716 top1 0.8550 top5 0.9767
    [03:44:14] step 10500/11249 | avg train loss 1.0716 top1 0.8550 top5 0.9767
    [03:44:47] step 10550/11249 | avg train loss 1.0718 top1 0.8549 top5 0.9767
    [03:45:19] step 10600/11249 | avg train loss 1.0719 top1 0.8549 top5 0.9767
    [03:45:52] step 10650/11249 | avg train loss 1.0714 top1 0.8550 top5 0.9767
    [03:46:25] step 10700/11249 | avg train loss 1.0714 top1 0.8550 top5 0.9767
    [03:46:57] step 10750/11249 | avg train loss 1.0713 top1 0.8552 top5 0.9767
    [03:47:30] step 10800/11249 | avg train loss 1.0713 top1 0.8551 top5 0.9767
    [03:48:03] step 10850/11249 | avg train loss 1.0713 top1 0.8552 top5 0.9768
    [03:48:36] step 10900/11249 | avg train loss 1.0715 top1 0.8552 top5 0.9768
    [03:49:08] step 10950/11249 | avg train loss 1.0714 top1 0.8552 top5 0.9768
    [03:49:41] step 11000/11249 | avg train loss 1.0716 top1 0.8550 top5 0.9767
    [03:50:14] step 11050/11249 | avg train loss 1.0717 top1 0.8550 top5 0.9767
    [03:50:46] step 11100/11249 | avg train loss 1.0718 top1 0.8550 top5 0.9767
    [03:51:19] step 11150/11249 | avg train loss 1.0717 top1 0.8552 top5 0.9767
    [03:51:52] step 11200/11249 | avg train loss 1.0720 top1 0.8551 top5 0.9767
    [03:52:23] step 11249/11249 | avg train loss 1.0716 top1 0.8553 top5 0.9768
Epoch 6/15 | train loss 1.0716 top1 0.8553 | val loss 1.2626 top1 0.6783 top5 0.8918 | ema val top1 0.6986 top5 0.9116
    [04:06:45] step 50/11249 | avg train loss 0.9481 top1 0.8800 top5 0.9850
    [04:07:18] step 100/11249 | avg train loss 0.9369 top1 0.8975 top5 0.9875
    [04:07:51] step 150/11249 | avg train loss 0.9410 top1 0.9000 top5 0.9867
    [04:08:24] step 200/11249 | avg train loss 0.9401 top1 0.8962 top5 0.9875
    [04:08:56] step 250/11249 | avg train loss 0.9387 top1 0.8940 top5 0.9890
    [04:09:29] step 300/11249 | avg train loss 0.9370 top1 0.8942 top5 0.9908
    [04:10:02] step 350/11249 | avg train loss 0.9382 top1 0.8914 top5 0.9921
    [04:10:35] step 400/11249 | avg train loss 0.9321 top1 0.8950 top5 0.9925
    [04:11:07] step 450/11249 | avg train loss 0.9448 top1 0.8917 top5 0.9917
    [04:11:40] step 500/11249 | avg train loss 0.9418 top1 0.8930 top5 0.9920
    [04:12:13] step 550/11249 | avg train loss 0.9348 top1 0.8986 top5 0.9923
    [04:12:46] step 600/11249 | avg train loss 0.9421 top1 0.8971 top5 0.9912
    [04:13:18] step 650/11249 | avg train loss 0.9520 top1 0.8942 top5 0.9896
    [04:13:51] step 700/11249 | avg train loss 0.9564 top1 0.8939 top5 0.9886
    [04:14:24] step 750/11249 | avg train loss 0.9558 top1 0.8957 top5 0.9890
    [04:14:56] step 800/11249 | avg train loss 0.9533 top1 0.8966 top5 0.9888
    [04:15:29] step 850/11249 | avg train loss 0.9573 top1 0.8950 top5 0.9885
    [04:16:02] step 900/11249 | avg train loss 0.9563 top1 0.8950 top5 0.9883
    [04:16:35] step 950/11249 | avg train loss 0.9558 top1 0.8945 top5 0.9889
    [04:17:07] step 1000/11249 | avg train loss 0.9612 top1 0.8932 top5 0.9875
    [04:17:40] step 1050/11249 | avg train loss 0.9602 top1 0.8943 top5 0.9879
    [04:18:13] step 1100/11249 | avg train loss 0.9644 top1 0.8927 top5 0.9875
    [04:18:45] step 1150/11249 | avg train loss 0.9661 top1 0.8930 top5 0.9870
    [04:19:18] step 1200/11249 | avg train loss 0.9644 top1 0.8942 top5 0.9865
    [04:19:51] step 1250/11249 | avg train loss 0.9651 top1 0.8946 top5 0.9866
    [04:20:24] step 1300/11249 | avg train loss 0.9672 top1 0.8938 top5 0.9863
    [04:20:57] step 1350/11249 | avg train loss 0.9690 top1 0.8935 top5 0.9856
    [04:21:29] step 1400/11249 | avg train loss 0.9676 top1 0.8939 top5 0.9859
    [04:22:02] step 1450/11249 | avg train loss 0.9677 top1 0.8940 top5 0.9859
    [04:22:35] step 1500/11249 | avg train loss 0.9719 top1 0.8938 top5 0.9857
    [04:23:07] step 1550/11249 | avg train loss 0.9716 top1 0.8934 top5 0.9858
    [04:23:40] step 1600/11249 | avg train loss 0.9738 top1 0.8928 top5 0.9853
    [04:24:13] step 1650/11249 | avg train loss 0.9758 top1 0.8920 top5 0.9853
    [04:24:46] step 1700/11249 | avg train loss 0.9780 top1 0.8913 top5 0.9851
    [04:25:18] step 1750/11249 | avg train loss 0.9754 top1 0.8921 top5 0.9851
    [04:25:51] step 1800/11249 | avg train loss 0.9755 top1 0.8918 top5 0.9853
    [04:26:24] step 1850/11249 | avg train loss 0.9778 top1 0.8912 top5 0.9850
    [04:26:56] step 1900/11249 | avg train loss 0.9785 top1 0.8909 top5 0.9849
    [04:27:29] step 1950/11249 | avg train loss 0.9788 top1 0.8908 top5 0.9849
    [04:28:02] step 2000/11249 | avg train loss 0.9806 top1 0.8901 top5 0.9849
    [04:28:35] step 2050/11249 | avg train loss 0.9806 top1 0.8898 top5 0.9850
    [04:29:07] step 2100/11249 | avg train loss 0.9824 top1 0.8887 top5 0.9850
    [04:29:40] step 2150/11249 | avg train loss 0.9827 top1 0.8886 top5 0.9850
    [04:30:13] step 2200/11249 | avg train loss 0.9824 top1 0.8889 top5 0.9850
    [04:30:46] step 2250/11249 | avg train loss 0.9833 top1 0.8889 top5 0.9849
    [04:31:18] step 2300/11249 | avg train loss 0.9839 top1 0.8885 top5 0.9846
    [04:31:51] step 2350/11249 | avg train loss 0.9829 top1 0.8887 top5 0.9847
    [04:32:24] step 2400/11249 | avg train loss 0.9836 top1 0.8886 top5 0.9846
    [04:32:57] step 2450/11249 | avg train loss 0.9859 top1 0.8879 top5 0.9843
    [04:33:29] step 2500/11249 | avg train loss 0.9859 top1 0.8877 top5 0.9842
    [04:34:02] step 2550/11249 | avg train loss 0.9846 top1 0.8881 top5 0.9844
    [04:34:35] step 2600/11249 | avg train loss 0.9859 top1 0.8880 top5 0.9843
    [04:35:08] step 2650/11249 | avg train loss 0.9864 top1 0.8878 top5 0.9842
    [04:35:40] step 2700/11249 | avg train loss 0.9868 top1 0.8878 top5 0.9843
    [04:36:13] step 2750/11249 | avg train loss 0.9869 top1 0.8878 top5 0.9841
    [04:36:46] step 2800/11249 | avg train loss 0.9909 top1 0.8863 top5 0.9838
    [04:37:18] step 2850/11249 | avg train loss 0.9906 top1 0.8867 top5 0.9839
    [04:37:51] step 2900/11249 | avg train loss 0.9888 top1 0.8872 top5 0.9841
    [04:38:24] step 2950/11249 | avg train loss 0.9881 top1 0.8872 top5 0.9842
    [04:38:57] step 3000/11249 | avg train loss 0.9887 top1 0.8868 top5 0.9842
    [04:39:29] step 3050/11249 | avg train loss 0.9890 top1 0.8861 top5 0.9843
    [04:40:02] step 3100/11249 | avg train loss 0.9888 top1 0.8860 top5 0.9843
    [04:40:35] step 3150/11249 | avg train loss 0.9891 top1 0.8859 top5 0.9841
    [04:41:08] step 3200/11249 | avg train loss 0.9890 top1 0.8863 top5 0.9839
    [04:41:40] step 3250/11249 | avg train loss 0.9884 top1 0.8865 top5 0.9839
    [04:42:13] step 3300/11249 | avg train loss 0.9884 top1 0.8865 top5 0.9839
    [04:42:46] step 3350/11249 | avg train loss 0.9881 top1 0.8863 top5 0.9839
    [04:43:19] step 3400/11249 | avg train loss 0.9872 top1 0.8864 top5 0.9840
    [04:43:51] step 3450/11249 | avg train loss 0.9864 top1 0.8866 top5 0.9841
    [04:44:24] step 3500/11249 | avg train loss 0.9877 top1 0.8861 top5 0.9841
    [04:44:57] step 3550/11249 | avg train loss 0.9881 top1 0.8860 top5 0.9841
    [04:45:30] step 3600/11249 | avg train loss 0.9877 top1 0.8860 top5 0.9842
    [04:46:02] step 3650/11249 | avg train loss 0.9880 top1 0.8855 top5 0.9840
    [04:46:35] step 3700/11249 | avg train loss 0.9877 top1 0.8855 top5 0.9841
    [04:47:08] step 3750/11249 | avg train loss 0.9887 top1 0.8851 top5 0.9841
    [04:47:41] step 3800/11249 | avg train loss 0.9894 top1 0.8852 top5 0.9839
    [04:48:13] step 3850/11249 | avg train loss 0.9890 top1 0.8852 top5 0.9839
    [04:48:46] step 3900/11249 | avg train loss 0.9895 top1 0.8847 top5 0.9840
    [04:49:19] step 3950/11249 | avg train loss 0.9898 top1 0.8847 top5 0.9839
    [04:49:51] step 4000/11249 | avg train loss 0.9894 top1 0.8846 top5 0.9839
    [04:50:24] step 4050/11249 | avg train loss 0.9892 top1 0.8846 top5 0.9838
    [04:50:57] step 4100/11249 | avg train loss 0.9891 top1 0.8849 top5 0.9838
    [04:51:30] step 4150/11249 | avg train loss 0.9894 top1 0.8850 top5 0.9837
    [04:52:02] step 4200/11249 | avg train loss 0.9892 top1 0.8852 top5 0.9836
    [04:52:35] step 4250/11249 | avg train loss 0.9896 top1 0.8846 top5 0.9835
    [04:53:08] step 4300/11249 | avg train loss 0.9924 top1 0.8840 top5 0.9829
    [04:53:41] step 4350/11249 | avg train loss 0.9925 top1 0.8839 top5 0.9829
    [04:54:13] step 4400/11249 | avg train loss 0.9923 top1 0.8840 top5 0.9830
    [04:54:46] step 4450/11249 | avg train loss 0.9923 top1 0.8842 top5 0.9830
    [04:55:19] step 4500/11249 | avg train loss 0.9929 top1 0.8841 top5 0.9828
    [04:55:52] step 4550/11249 | avg train loss 0.9927 top1 0.8843 top5 0.9827
    [04:56:24] step 4600/11249 | avg train loss 0.9919 top1 0.8846 top5 0.9829
    [04:56:57] step 4650/11249 | avg train loss 0.9912 top1 0.8848 top5 0.9831
    [04:57:30] step 4700/11249 | avg train loss 0.9912 top1 0.8846 top5 0.9830
    [04:58:02] step 4750/11249 | avg train loss 0.9910 top1 0.8845 top5 0.9832
    [04:58:35] step 4800/11249 | avg train loss 0.9909 top1 0.8843 top5 0.9833
    [04:59:08] step 4850/11249 | avg train loss 0.9910 top1 0.8844 top5 0.9833
    [04:59:41] step 4900/11249 | avg train loss 0.9916 top1 0.8842 top5 0.9833
    [05:00:13] step 4950/11249 | avg train loss 0.9921 top1 0.8836 top5 0.9832
    [05:00:46] step 5000/11249 | avg train loss 0.9919 top1 0.8838 top5 0.9832
    [05:01:19] step 5050/11249 | avg train loss 0.9913 top1 0.8840 top5 0.9832
    [05:01:51] step 5100/11249 | avg train loss 0.9897 top1 0.8846 top5 0.9833
    [05:02:24] step 5150/11249 | avg train loss 0.9901 top1 0.8844 top5 0.9833
    [05:02:57] step 5200/11249 | avg train loss 0.9899 top1 0.8846 top5 0.9833
    [05:03:30] step 5250/11249 | avg train loss 0.9896 top1 0.8847 top5 0.9833
    [05:04:02] step 5300/11249 | avg train loss 0.9897 top1 0.8845 top5 0.9833
    [05:04:35] step 5350/11249 | avg train loss 0.9893 top1 0.8847 top5 0.9833
    [05:05:08] step 5400/11249 | avg train loss 0.9896 top1 0.8845 top5 0.9832
    [05:05:41] step 5450/11249 | avg train loss 0.9906 top1 0.8841 top5 0.9831
    [05:06:13] step 5500/11249 | avg train loss 0.9910 top1 0.8840 top5 0.9831
    [05:06:46] step 5550/11249 | avg train loss 0.9904 top1 0.8842 top5 0.9832
    [05:07:19] step 5600/11249 | avg train loss 0.9906 top1 0.8842 top5 0.9833
    [05:07:51] step 5650/11249 | avg train loss 0.9906 top1 0.8840 top5 0.9835
    [05:08:24] step 5700/11249 | avg train loss 0.9905 top1 0.8841 top5 0.9835
    [05:08:57] step 5750/11249 | avg train loss 0.9903 top1 0.8843 top5 0.9835
    [05:09:30] step 5800/11249 | avg train loss 0.9896 top1 0.8846 top5 0.9836
    [05:10:02] step 5850/11249 | avg train loss 0.9894 top1 0.8846 top5 0.9836
    [05:10:35] step 5900/11249 | avg train loss 0.9896 top1 0.8845 top5 0.9836
    [05:11:08] step 5950/11249 | avg train loss 0.9898 top1 0.8844 top5 0.9837
    [05:11:40] step 6000/11249 | avg train loss 0.9896 top1 0.8846 top5 0.9837
    [05:12:13] step 6050/11249 | avg train loss 0.9904 top1 0.8842 top5 0.9836
    [05:12:46] step 6100/11249 | avg train loss 0.9905 top1 0.8840 top5 0.9835
    [05:13:18] step 6150/11249 | avg train loss 0.9909 top1 0.8836 top5 0.9836
    [05:13:51] step 6200/11249 | avg train loss 0.9911 top1 0.8837 top5 0.9835
    [05:14:24] step 6250/11249 | avg train loss 0.9913 top1 0.8835 top5 0.9835
    [05:14:57] step 6300/11249 | avg train loss 0.9917 top1 0.8833 top5 0.9835
    [05:15:29] step 6350/11249 | avg train loss 0.9923 top1 0.8831 top5 0.9833
    [05:16:02] step 6400/11249 | avg train loss 0.9925 top1 0.8830 top5 0.9834
    [05:16:35] step 6450/11249 | avg train loss 0.9924 top1 0.8831 top5 0.9834
    [05:17:08] step 6500/11249 | avg train loss 0.9928 top1 0.8830 top5 0.9834
    [05:17:40] step 6550/11249 | avg train loss 0.9927 top1 0.8830 top5 0.9834
    [05:18:13] step 6600/11249 | avg train loss 0.9933 top1 0.8828 top5 0.9833
    [05:18:46] step 6650/11249 | avg train loss 0.9932 top1 0.8829 top5 0.9833
    [05:19:18] step 6700/11249 | avg train loss 0.9931 top1 0.8829 top5 0.9834
    [05:19:51] step 6750/11249 | avg train loss 0.9928 top1 0.8830 top5 0.9834
    [05:20:24] step 6800/11249 | avg train loss 0.9934 top1 0.8827 top5 0.9834
    [05:20:57] step 6850/11249 | avg train loss 0.9937 top1 0.8826 top5 0.9834
    [05:21:29] step 6900/11249 | avg train loss 0.9936 top1 0.8828 top5 0.9834
    [05:22:02] step 6950/11249 | avg train loss 0.9942 top1 0.8826 top5 0.9833
    [05:22:35] step 7000/11249 | avg train loss 0.9948 top1 0.8824 top5 0.9831
    [05:23:07] step 7050/11249 | avg train loss 0.9946 top1 0.8825 top5 0.9832
    [05:23:40] step 7100/11249 | avg train loss 0.9946 top1 0.8825 top5 0.9832
    [05:24:13] step 7150/11249 | avg train loss 0.9946 top1 0.8825 top5 0.9831
    [05:24:46] step 7200/11249 | avg train loss 0.9947 top1 0.8825 top5 0.9832
    [05:25:18] step 7250/11249 | avg train loss 0.9951 top1 0.8823 top5 0.9832
    [05:25:51] step 7300/11249 | avg train loss 0.9955 top1 0.8824 top5 0.9832
    [05:26:24] step 7350/11249 | avg train loss 0.9952 top1 0.8826 top5 0.9832
    [05:26:56] step 7400/11249 | avg train loss 0.9949 top1 0.8827 top5 0.9832
    [05:27:29] step 7450/11249 | avg train loss 0.9949 top1 0.8827 top5 0.9832
    [05:28:02] step 7500/11249 | avg train loss 0.9948 top1 0.8826 top5 0.9832
    [05:28:35] step 7550/11249 | avg train loss 0.9950 top1 0.8826 top5 0.9831
    [05:29:07] step 7600/11249 | avg train loss 0.9954 top1 0.8826 top5 0.9831
    [05:29:40] step 7650/11249 | avg train loss 0.9955 top1 0.8825 top5 0.9831
    [05:30:13] step 7700/11249 | avg train loss 0.9951 top1 0.8827 top5 0.9832
    [05:30:46] step 7750/11249 | avg train loss 0.9957 top1 0.8823 top5 0.9832
    [05:31:18] step 7800/11249 | avg train loss 0.9957 top1 0.8822 top5 0.9832
    [05:31:51] step 7850/11249 | avg train loss 0.9952 top1 0.8825 top5 0.9832
    [05:32:24] step 7900/11249 | avg train loss 0.9947 top1 0.8827 top5 0.9833
    [05:32:56] step 7950/11249 | avg train loss 0.9949 top1 0.8826 top5 0.9832
    [05:33:29] step 8000/11249 | avg train loss 0.9948 top1 0.8826 top5 0.9832
    [05:34:02] step 8050/11249 | avg train loss 0.9954 top1 0.8825 top5 0.9831
    [05:34:35] step 8100/11249 | avg train loss 0.9956 top1 0.8824 top5 0.9830
    [05:35:07] step 8150/11249 | avg train loss 0.9951 top1 0.8825 top5 0.9830
    [05:35:40] step 8200/11249 | avg train loss 0.9950 top1 0.8825 top5 0.9830
    [05:36:13] step 8250/11249 | avg train loss 0.9951 top1 0.8825 top5 0.9830
    [05:36:45] step 8300/11249 | avg train loss 0.9954 top1 0.8823 top5 0.9830
    [05:37:18] step 8350/11249 | avg train loss 0.9954 top1 0.8822 top5 0.9830
    [05:37:51] step 8400/11249 | avg train loss 0.9953 top1 0.8821 top5 0.9831
    [05:38:24] step 8450/11249 | avg train loss 0.9959 top1 0.8819 top5 0.9831
    [05:38:57] step 8500/11249 | avg train loss 0.9965 top1 0.8819 top5 0.9831
    [05:39:29] step 8550/11249 | avg train loss 0.9965 top1 0.8820 top5 0.9831
    [05:40:02] step 8600/11249 | avg train loss 0.9967 top1 0.8820 top5 0.9830
    [05:40:35] step 8650/11249 | avg train loss 0.9969 top1 0.8819 top5 0.9830
    [05:41:07] step 8700/11249 | avg train loss 0.9967 top1 0.8820 top5 0.9830
    [05:41:40] step 8750/11249 | avg train loss 0.9964 top1 0.8821 top5 0.9831
    [05:42:13] step 8800/11249 | avg train loss 0.9963 top1 0.8821 top5 0.9831
    [05:42:46] step 8850/11249 | avg train loss 0.9960 top1 0.8821 top5 0.9831
    [05:43:18] step 8900/11249 | avg train loss 0.9964 top1 0.8819 top5 0.9832
    [05:43:51] step 8950/11249 | avg train loss 0.9971 top1 0.8816 top5 0.9831
    [05:44:24] step 9000/11249 | avg train loss 0.9971 top1 0.8815 top5 0.9831
    [05:44:57] step 9050/11249 | avg train loss 0.9977 top1 0.8813 top5 0.9831
    [05:45:29] step 9100/11249 | avg train loss 0.9977 top1 0.8814 top5 0.9830
    [05:46:02] step 9150/11249 | avg train loss 0.9979 top1 0.8813 top5 0.9830
    [05:46:35] step 9200/11249 | avg train loss 0.9980 top1 0.8814 top5 0.9829
    [05:47:07] step 9250/11249 | avg train loss 0.9980 top1 0.8814 top5 0.9829
    [05:47:40] step 9300/11249 | avg train loss 0.9983 top1 0.8811 top5 0.9828
    [05:48:13] step 9350/11249 | avg train loss 0.9980 top1 0.8812 top5 0.9828
    [05:48:46] step 9400/11249 | avg train loss 0.9981 top1 0.8810 top5 0.9828
    [05:49:18] step 9450/11249 | avg train loss 0.9982 top1 0.8810 top5 0.9829
    [05:49:51] step 9500/11249 | avg train loss 0.9982 top1 0.8810 top5 0.9828
    [05:50:24] step 9550/11249 | avg train loss 0.9982 top1 0.8808 top5 0.9829
    [05:50:57] step 9600/11249 | avg train loss 0.9984 top1 0.8808 top5 0.9828
    [05:51:29] step 9650/11249 | avg train loss 0.9990 top1 0.8804 top5 0.9827
    [05:52:02] step 9700/11249 | avg train loss 0.9988 top1 0.8805 top5 0.9828
    [05:52:35] step 9750/11249 | avg train loss 0.9988 top1 0.8805 top5 0.9828
    [05:53:07] step 9800/11249 | avg train loss 0.9989 top1 0.8805 top5 0.9828
    [05:53:40] step 9850/11249 | avg train loss 0.9989 top1 0.8804 top5 0.9828
    [05:54:13] step 9900/11249 | avg train loss 0.9990 top1 0.8804 top5 0.9829
    [05:54:45] step 9950/11249 | avg train loss 0.9987 top1 0.8806 top5 0.9829
    [05:55:18] step 10000/11249 | avg train loss 0.9985 top1 0.8807 top5 0.9829
    [05:55:51] step 10050/11249 | avg train loss 0.9984 top1 0.8807 top5 0.9829
    [05:56:24] step 10100/11249 | avg train loss 0.9982 top1 0.8808 top5 0.9829
    [05:56:56] step 10150/11249 | avg train loss 0.9987 top1 0.8806 top5 0.9829
    [05:57:29] step 10200/11249 | avg train loss 0.9988 top1 0.8806 top5 0.9829
    [05:58:02] step 10250/11249 | avg train loss 0.9991 top1 0.8804 top5 0.9829
    [05:58:34] step 10300/11249 | avg train loss 0.9994 top1 0.8804 top5 0.9828
    [05:59:07] step 10350/11249 | avg train loss 0.9995 top1 0.8804 top5 0.9828
    [05:59:40] step 10400/11249 | avg train loss 0.9998 top1 0.8802 top5 0.9828
    [06:00:12] step 10450/11249 | avg train loss 0.9997 top1 0.8803 top5 0.9828
    [06:00:45] step 10500/11249 | avg train loss 1.0001 top1 0.8801 top5 0.9828
    [06:01:18] step 10550/11249 | avg train loss 1.0004 top1 0.8800 top5 0.9827
    [06:01:51] step 10600/11249 | avg train loss 1.0003 top1 0.8800 top5 0.9827
    [06:02:23] step 10650/11249 | avg train loss 0.9999 top1 0.8802 top5 0.9827
    [06:02:56] step 10700/11249 | avg train loss 1.0002 top1 0.8800 top5 0.9828
    [06:03:29] step 10750/11249 | avg train loss 1.0004 top1 0.8800 top5 0.9827
    [06:04:02] step 10800/11249 | avg train loss 1.0008 top1 0.8797 top5 0.9828
    [06:04:34] step 10850/11249 | avg train loss 1.0009 top1 0.8797 top5 0.9827
    [06:05:07] step 10900/11249 | avg train loss 1.0006 top1 0.8798 top5 0.9827
    [06:05:40] step 10950/11249 | avg train loss 1.0000 top1 0.8800 top5 0.9828
    [06:06:12] step 11000/11249 | avg train loss 0.9999 top1 0.8801 top5 0.9827
    [06:06:45] step 11050/11249 | avg train loss 1.0001 top1 0.8801 top5 0.9827
    [06:07:18] step 11100/11249 | avg train loss 0.9998 top1 0.8802 top5 0.9827
    [06:07:50] step 11150/11249 | avg train loss 0.9999 top1 0.8802 top5 0.9827
    [06:08:23] step 11200/11249 | avg train loss 0.9996 top1 0.8803 top5 0.9827
    [06:08:55] step 11249/11249 | avg train loss 1.0001 top1 0.8801 top5 0.9827
Epoch 7/15 | train loss 1.0001 top1 0.8801 | val loss 1.2682 top1 0.6777 top5 0.8897 | ema val top1 0.7036 top5 0.9112
  Saved new best checkpoint (ema): /Data/thomas.turkieh/smth2smth/checkpoints/track_b/ssv2ft_lora16_mlp.pt (val top1=0.7036)
    [06:23:18] step 50/11249 | avg train loss 0.9628 top1 0.8800 top5 0.9850
    [06:23:51] step 100/11249 | avg train loss 0.9210 top1 0.9075 top5 0.9825
    [06:24:24] step 150/11249 | avg train loss 0.9122 top1 0.9050 top5 0.9867
    [06:24:57] step 200/11249 | avg train loss 0.8972 top1 0.9100 top5 0.9888
    [06:25:29] step 250/11249 | avg train loss 0.9095 top1 0.9070 top5 0.9870
    [06:26:02] step 300/11249 | avg train loss 0.9051 top1 0.9075 top5 0.9883
    [06:26:35] step 350/11249 | avg train loss 0.9057 top1 0.9107 top5 0.9886
    [06:27:08] step 400/11249 | avg train loss 0.9087 top1 0.9125 top5 0.9888
    [06:27:40] step 450/11249 | avg train loss 0.9146 top1 0.9111 top5 0.9878
    [06:28:13] step 500/11249 | avg train loss 0.9178 top1 0.9095 top5 0.9875
    [06:28:46] step 550/11249 | avg train loss 0.9211 top1 0.9082 top5 0.9868
    [06:29:19] step 600/11249 | avg train loss 0.9209 top1 0.9071 top5 0.9875
    [06:29:51] step 650/11249 | avg train loss 0.9227 top1 0.9069 top5 0.9873
    [06:30:24] step 700/11249 | avg train loss 0.9192 top1 0.9089 top5 0.9882
    [06:30:57] step 750/11249 | avg train loss 0.9130 top1 0.9117 top5 0.9890
    [06:31:30] step 800/11249 | avg train loss 0.9118 top1 0.9113 top5 0.9894
    [06:32:02] step 850/11249 | avg train loss 0.9128 top1 0.9088 top5 0.9891
    [06:32:35] step 900/11249 | avg train loss 0.9112 top1 0.9097 top5 0.9897
    [06:33:08] step 950/11249 | avg train loss 0.9132 top1 0.9100 top5 0.9892
    [06:33:41] step 1000/11249 | avg train loss 0.9152 top1 0.9095 top5 0.9892
    [06:34:13] step 1050/11249 | avg train loss 0.9132 top1 0.9107 top5 0.9895
    [06:34:46] step 1100/11249 | avg train loss 0.9119 top1 0.9114 top5 0.9893
    [06:35:19] step 1150/11249 | avg train loss 0.9091 top1 0.9133 top5 0.9893
    [06:35:52] step 1200/11249 | avg train loss 0.9064 top1 0.9142 top5 0.9896
    [06:36:24] step 1250/11249 | avg train loss 0.9064 top1 0.9136 top5 0.9896
    [06:36:57] step 1300/11249 | avg train loss 0.9073 top1 0.9133 top5 0.9892
    [06:37:30] step 1350/11249 | avg train loss 0.9092 top1 0.9124 top5 0.9894
    [06:38:03] step 1400/11249 | avg train loss 0.9106 top1 0.9123 top5 0.9895
    [06:38:35] step 1450/11249 | avg train loss 0.9098 top1 0.9129 top5 0.9895
    [06:39:08] step 1500/11249 | avg train loss 0.9118 top1 0.9130 top5 0.9887
    [06:39:41] step 1550/11249 | avg train loss 0.9114 top1 0.9137 top5 0.9884
    [06:40:14] step 1600/11249 | avg train loss 0.9128 top1 0.9128 top5 0.9884
    [06:40:46] step 1650/11249 | avg train loss 0.9134 top1 0.9126 top5 0.9886
    [06:41:19] step 1700/11249 | avg train loss 0.9145 top1 0.9124 top5 0.9885
    [06:41:52] step 1750/11249 | avg train loss 0.9135 top1 0.9129 top5 0.9886
    [06:42:24] step 1800/11249 | avg train loss 0.9122 top1 0.9136 top5 0.9888
    [06:42:57] step 1850/11249 | avg train loss 0.9130 top1 0.9131 top5 0.9889
    [06:43:30] step 1900/11249 | avg train loss 0.9123 top1 0.9132 top5 0.9892
    [06:44:03] step 1950/11249 | avg train loss 0.9132 top1 0.9127 top5 0.9888
    [06:44:36] step 2000/11249 | avg train loss 0.9140 top1 0.9124 top5 0.9890
    [06:45:08] step 2050/11249 | avg train loss 0.9158 top1 0.9116 top5 0.9890
    [06:45:41] step 2100/11249 | avg train loss 0.9173 top1 0.9110 top5 0.9892
    [06:46:14] step 2150/11249 | avg train loss 0.9188 top1 0.9103 top5 0.9888
    [06:46:47] step 2200/11249 | avg train loss 0.9176 top1 0.9102 top5 0.9890
    [06:47:19] step 2250/11249 | avg train loss 0.9173 top1 0.9101 top5 0.9891
    [06:47:52] step 2300/11249 | avg train loss 0.9189 top1 0.9091 top5 0.9886
    [06:48:25] step 2350/11249 | avg train loss 0.9191 top1 0.9088 top5 0.9885
    [06:48:58] step 2400/11249 | avg train loss 0.9194 top1 0.9089 top5 0.9886
    [06:49:30] step 2450/11249 | avg train loss 0.9197 top1 0.9088 top5 0.9887
    [06:50:03] step 2500/11249 | avg train loss 0.9217 top1 0.9084 top5 0.9885
    [06:50:36] step 2550/11249 | avg train loss 0.9225 top1 0.9080 top5 0.9886
    [06:51:09] step 2600/11249 | avg train loss 0.9224 top1 0.9080 top5 0.9887
    [06:51:41] step 2650/11249 | avg train loss 0.9225 top1 0.9078 top5 0.9888
    [06:52:14] step 2700/11249 | avg train loss 0.9225 top1 0.9081 top5 0.9888
    [06:52:47] step 2750/11249 | avg train loss 0.9210 top1 0.9086 top5 0.9888
    [06:53:19] step 2800/11249 | avg train loss 0.9207 top1 0.9090 top5 0.9889
    [06:53:52] step 2850/11249 | avg train loss 0.9190 top1 0.9096 top5 0.9891
    [06:54:25] step 2900/11249 | avg train loss 0.9182 top1 0.9103 top5 0.9891
    [06:54:58] step 2950/11249 | avg train loss 0.9182 top1 0.9099 top5 0.9893
    [06:55:31] step 3000/11249 | avg train loss 0.9187 top1 0.9098 top5 0.9893
    [06:56:03] step 3050/11249 | avg train loss 0.9187 top1 0.9099 top5 0.9893
    [06:56:36] step 3100/11249 | avg train loss 0.9200 top1 0.9093 top5 0.9890
    [06:57:09] step 3150/11249 | avg train loss 0.9219 top1 0.9085 top5 0.9890
    [06:57:42] step 3200/11249 | avg train loss 0.9215 top1 0.9086 top5 0.9888
    [06:58:14] step 3250/11249 | avg train loss 0.9205 top1 0.9086 top5 0.9889
    [06:58:47] step 3300/11249 | avg train loss 0.9218 top1 0.9082 top5 0.9889
    [06:59:20] step 3350/11249 | avg train loss 0.9224 top1 0.9077 top5 0.9889
    [06:59:52] step 3400/11249 | avg train loss 0.9234 top1 0.9073 top5 0.9888
    [07:00:25] step 3450/11249 | avg train loss 0.9238 top1 0.9073 top5 0.9888
    [07:00:58] step 3500/11249 | avg train loss 0.9256 top1 0.9068 top5 0.9886
    [07:01:31] step 3550/11249 | avg train loss 0.9265 top1 0.9063 top5 0.9886
    [07:02:04] step 3600/11249 | avg train loss 0.9250 top1 0.9069 top5 0.9887
    [07:02:36] step 3650/11249 | avg train loss 0.9241 top1 0.9073 top5 0.9887
    [07:03:09] step 3700/11249 | avg train loss 0.9253 top1 0.9068 top5 0.9885
    [07:03:42] step 3750/11249 | avg train loss 0.9248 top1 0.9069 top5 0.9885
    [07:04:15] step 3800/11249 | avg train loss 0.9239 top1 0.9069 top5 0.9886
    [07:04:47] step 3850/11249 | avg train loss 0.9239 top1 0.9069 top5 0.9885
    [07:05:20] step 3900/11249 | avg train loss 0.9230 top1 0.9073 top5 0.9885
    [07:05:53] step 3950/11249 | avg train loss 0.9233 top1 0.9072 top5 0.9885
    [07:06:25] step 4000/11249 | avg train loss 0.9245 top1 0.9067 top5 0.9884
    [07:06:58] step 4050/11249 | avg train loss 0.9249 top1 0.9068 top5 0.9883
    [07:07:31] step 4100/11249 | avg train loss 0.9243 top1 0.9068 top5 0.9884
    [07:08:04] step 4150/11249 | avg train loss 0.9242 top1 0.9066 top5 0.9885
    [07:08:37] step 4200/11249 | avg train loss 0.9258 top1 0.9062 top5 0.9883
    [07:09:09] step 4250/11249 | avg train loss 0.9260 top1 0.9062 top5 0.9882
    [07:09:42] step 4300/11249 | avg train loss 0.9260 top1 0.9062 top5 0.9882
    [07:10:15] step 4350/11249 | avg train loss 0.9266 top1 0.9059 top5 0.9880
    [07:10:47] step 4400/11249 | avg train loss 0.9275 top1 0.9059 top5 0.9878
    [07:11:20] step 4450/11249 | avg train loss 0.9274 top1 0.9058 top5 0.9880
    [07:11:53] step 4500/11249 | avg train loss 0.9274 top1 0.9058 top5 0.9880
    [07:12:26] step 4550/11249 | avg train loss 0.9274 top1 0.9059 top5 0.9881
    [07:12:58] step 4600/11249 | avg train loss 0.9272 top1 0.9060 top5 0.9880
    [07:13:31] step 4650/11249 | avg train loss 0.9267 top1 0.9062 top5 0.9881
    [07:14:04] step 4700/11249 | avg train loss 0.9271 top1 0.9058 top5 0.9881
    [07:14:37] step 4750/11249 | avg train loss 0.9270 top1 0.9058 top5 0.9882
    [07:15:09] step 4800/11249 | avg train loss 0.9275 top1 0.9057 top5 0.9881
    [07:15:42] step 4850/11249 | avg train loss 0.9267 top1 0.9060 top5 0.9882
    [07:16:15] step 4900/11249 | avg train loss 0.9263 top1 0.9059 top5 0.9883
    [07:16:47] step 4950/11249 | avg train loss 0.9264 top1 0.9057 top5 0.9883
    [07:17:20] step 5000/11249 | avg train loss 0.9272 top1 0.9054 top5 0.9882
    [07:17:53] step 5050/11249 | avg train loss 0.9272 top1 0.9054 top5 0.9883
    [07:18:26] step 5100/11249 | avg train loss 0.9270 top1 0.9054 top5 0.9884
    [07:18:58] step 5150/11249 | avg train loss 0.9263 top1 0.9057 top5 0.9884
    [07:19:31] step 5200/11249 | avg train loss 0.9259 top1 0.9058 top5 0.9885
    [07:20:04] step 5250/11249 | avg train loss 0.9254 top1 0.9059 top5 0.9885
    [07:20:37] step 5300/11249 | avg train loss 0.9265 top1 0.9057 top5 0.9884
    [07:21:09] step 5350/11249 | avg train loss 0.9270 top1 0.9057 top5 0.9884
    [07:21:42] step 5400/11249 | avg train loss 0.9272 top1 0.9057 top5 0.9883
    [07:22:15] step 5450/11249 | avg train loss 0.9282 top1 0.9055 top5 0.9880
    [07:22:47] step 5500/11249 | avg train loss 0.9281 top1 0.9055 top5 0.9881
    [07:23:20] step 5550/11249 | avg train loss 0.9280 top1 0.9056 top5 0.9882
    [07:23:53] step 5600/11249 | avg train loss 0.9280 top1 0.9056 top5 0.9881
    [07:24:25] step 5650/11249 | avg train loss 0.9275 top1 0.9058 top5 0.9881
    [07:24:58] step 5700/11249 | avg train loss 0.9272 top1 0.9057 top5 0.9881
    [07:25:31] step 5750/11249 | avg train loss 0.9275 top1 0.9059 top5 0.9880
    [07:26:04] step 5800/11249 | avg train loss 0.9268 top1 0.9060 top5 0.9881
    [07:26:37] step 5850/11249 | avg train loss 0.9272 top1 0.9058 top5 0.9881
    [07:27:09] step 5900/11249 | avg train loss 0.9273 top1 0.9056 top5 0.9882
    [07:27:42] step 5950/11249 | avg train loss 0.9264 top1 0.9060 top5 0.9883
    [07:28:15] step 6000/11249 | avg train loss 0.9255 top1 0.9064 top5 0.9883
    [07:28:47] step 6050/11249 | avg train loss 0.9255 top1 0.9062 top5 0.9883
    [07:29:20] step 6100/11249 | avg train loss 0.9252 top1 0.9064 top5 0.9884
    [07:29:53] step 6150/11249 | avg train loss 0.9253 top1 0.9065 top5 0.9884
    [07:30:25] step 6200/11249 | avg train loss 0.9252 top1 0.9065 top5 0.9884
    [07:30:58] step 6250/11249 | avg train loss 0.9256 top1 0.9064 top5 0.9884
    [07:31:31] step 6300/11249 | avg train loss 0.9255 top1 0.9065 top5 0.9884
    [07:32:04] step 6350/11249 | avg train loss 0.9250 top1 0.9066 top5 0.9884
    [07:32:37] step 6400/11249 | avg train loss 0.9250 top1 0.9066 top5 0.9885
    [07:33:09] step 6450/11249 | avg train loss 0.9249 top1 0.9066 top5 0.9884
    [07:33:42] step 6500/11249 | avg train loss 0.9250 top1 0.9066 top5 0.9884
    [07:34:15] step 6550/11249 | avg train loss 0.9251 top1 0.9067 top5 0.9884
    [07:34:47] step 6600/11249 | avg train loss 0.9249 top1 0.9068 top5 0.9885
    [07:35:20] step 6650/11249 | avg train loss 0.9256 top1 0.9064 top5 0.9885
    [07:35:53] step 6700/11249 | avg train loss 0.9252 top1 0.9065 top5 0.9885
    [07:36:25] step 6750/11249 | avg train loss 0.9253 top1 0.9065 top5 0.9885
    [07:36:58] step 6800/11249 | avg train loss 0.9257 top1 0.9062 top5 0.9884
    [07:37:31] step 6850/11249 | avg train loss 0.9258 top1 0.9062 top5 0.9884
    [07:38:04] step 6900/11249 | avg train loss 0.9254 top1 0.9064 top5 0.9884
    [07:38:37] step 6950/11249 | avg train loss 0.9255 top1 0.9064 top5 0.9885
    [07:39:09] step 7000/11249 | avg train loss 0.9256 top1 0.9062 top5 0.9886
    [07:39:42] step 7050/11249 | avg train loss 0.9255 top1 0.9062 top5 0.9885
    [07:40:15] step 7100/11249 | avg train loss 0.9259 top1 0.9061 top5 0.9886
    [07:40:47] step 7150/11249 | avg train loss 0.9264 top1 0.9058 top5 0.9885
    [07:41:20] step 7200/11249 | avg train loss 0.9267 top1 0.9056 top5 0.9885
    [07:41:53] step 7250/11249 | avg train loss 0.9276 top1 0.9054 top5 0.9884
    [07:42:26] step 7300/11249 | avg train loss 0.9275 top1 0.9055 top5 0.9885
    [07:42:58] step 7350/11249 | avg train loss 0.9284 top1 0.9051 top5 0.9884
    [07:43:31] step 7400/11249 | avg train loss 0.9283 top1 0.9050 top5 0.9885
    [07:44:04] step 7450/11249 | avg train loss 0.9285 top1 0.9048 top5 0.9885
    [07:44:37] step 7500/11249 | avg train loss 0.9284 top1 0.9048 top5 0.9885
    [07:45:09] step 7550/11249 | avg train loss 0.9287 top1 0.9045 top5 0.9885
    [07:45:42] step 7600/11249 | avg train loss 0.9287 top1 0.9045 top5 0.9885
    [07:46:15] step 7650/11249 | avg train loss 0.9289 top1 0.9042 top5 0.9885
    [07:46:47] step 7700/11249 | avg train loss 0.9290 top1 0.9041 top5 0.9884
    [07:47:20] step 7750/11249 | avg train loss 0.9296 top1 0.9040 top5 0.9885
    [07:47:53] step 7800/11249 | avg train loss 0.9300 top1 0.9039 top5 0.9884
    [07:48:26] step 7850/11249 | avg train loss 0.9306 top1 0.9038 top5 0.9883
    [07:48:59] step 7900/11249 | avg train loss 0.9310 top1 0.9036 top5 0.9882
    [07:49:31] step 7950/11249 | avg train loss 0.9309 top1 0.9036 top5 0.9882
    [07:50:04] step 8000/11249 | avg train loss 0.9309 top1 0.9035 top5 0.9882
    [07:50:37] step 8050/11249 | avg train loss 0.9311 top1 0.9034 top5 0.9883
    [07:51:10] step 8100/11249 | avg train loss 0.9310 top1 0.9034 top5 0.9883
    [07:51:42] step 8150/11249 | avg train loss 0.9306 top1 0.9034 top5 0.9884
    [07:52:15] step 8200/11249 | avg train loss 0.9311 top1 0.9031 top5 0.9883
    [07:52:48] step 8250/11249 | avg train loss 0.9309 top1 0.9032 top5 0.9883
    [07:53:20] step 8300/11249 | avg train loss 0.9313 top1 0.9031 top5 0.9883
    [07:53:53] step 8350/11249 | avg train loss 0.9316 top1 0.9030 top5 0.9882
    [07:54:26] step 8400/11249 | avg train loss 0.9315 top1 0.9029 top5 0.9883
    [07:54:59] step 8450/11249 | avg train loss 0.9314 top1 0.9030 top5 0.9883
    [07:55:32] step 8500/11249 | avg train loss 0.9317 top1 0.9029 top5 0.9882
    [07:56:04] step 8550/11249 | avg train loss 0.9318 top1 0.9029 top5 0.9882
    [07:56:37] step 8600/11249 | avg train loss 0.9317 top1 0.9030 top5 0.9882
    [07:57:10] step 8650/11249 | avg train loss 0.9320 top1 0.9029 top5 0.9882
    [07:57:42] step 8700/11249 | avg train loss 0.9319 top1 0.9030 top5 0.9882
    [07:58:15] step 8750/11249 | avg train loss 0.9323 top1 0.9030 top5 0.9881
    [07:58:48] step 8800/11249 | avg train loss 0.9322 top1 0.9031 top5 0.9882
    [07:59:21] step 8850/11249 | avg train loss 0.9320 top1 0.9032 top5 0.9882
    [07:59:53] step 8900/11249 | avg train loss 0.9323 top1 0.9031 top5 0.9883
    [08:00:26] step 8950/11249 | avg train loss 0.9321 top1 0.9032 top5 0.9883
    [08:00:59] step 9000/11249 | avg train loss 0.9319 top1 0.9032 top5 0.9883
    [08:01:32] step 9050/11249 | avg train loss 0.9317 top1 0.9032 top5 0.9884
    [08:02:04] step 9100/11249 | avg train loss 0.9322 top1 0.9032 top5 0.9883
    [08:02:37] step 9150/11249 | avg train loss 0.9322 top1 0.9030 top5 0.9883
    [08:03:10] step 9200/11249 | avg train loss 0.9325 top1 0.9029 top5 0.9882
    [08:03:43] step 9250/11249 | avg train loss 0.9322 top1 0.9029 top5 0.9882
    [08:04:15] step 9300/11249 | avg train loss 0.9321 top1 0.9030 top5 0.9883
    [08:04:48] step 9350/11249 | avg train loss 0.9318 top1 0.9031 top5 0.9883
    [08:05:21] step 9400/11249 | avg train loss 0.9323 top1 0.9030 top5 0.9883
    [08:05:53] step 9450/11249 | avg train loss 0.9323 top1 0.9028 top5 0.9883
    [08:06:26] step 9500/11249 | avg train loss 0.9319 top1 0.9029 top5 0.9883
    [08:06:59] step 9550/11249 | avg train loss 0.9320 top1 0.9028 top5 0.9884
    [08:07:32] step 9600/11249 | avg train loss 0.9319 top1 0.9028 top5 0.9884
    [08:08:04] step 9650/11249 | avg train loss 0.9319 top1 0.9028 top5 0.9884
    [08:08:37] step 9700/11249 | avg train loss 0.9318 top1 0.9028 top5 0.9884
    [08:09:10] step 9750/11249 | avg train loss 0.9321 top1 0.9027 top5 0.9884
    [08:09:43] step 9800/11249 | avg train loss 0.9319 top1 0.9029 top5 0.9884
    [08:10:15] step 9850/11249 | avg train loss 0.9322 top1 0.9027 top5 0.9884
    [08:10:48] step 9900/11249 | avg train loss 0.9328 top1 0.9026 top5 0.9884
    [08:11:21] step 9950/11249 | avg train loss 0.9325 top1 0.9027 top5 0.9884
    [08:11:54] step 10000/11249 | avg train loss 0.9329 top1 0.9027 top5 0.9883
    [08:12:26] step 10050/11249 | avg train loss 0.9330 top1 0.9027 top5 0.9884
    [08:12:59] step 10100/11249 | avg train loss 0.9332 top1 0.9026 top5 0.9884
    [08:13:32] step 10150/11249 | avg train loss 0.9331 top1 0.9027 top5 0.9884
    [08:14:05] step 10200/11249 | avg train loss 0.9334 top1 0.9026 top5 0.9883
    [08:14:37] step 10250/11249 | avg train loss 0.9337 top1 0.9025 top5 0.9883
    [08:15:10] step 10300/11249 | avg train loss 0.9339 top1 0.9025 top5 0.9883
    [08:15:43] step 10350/11249 | avg train loss 0.9340 top1 0.9023 top5 0.9884
    [08:16:15] step 10400/11249 | avg train loss 0.9340 top1 0.9023 top5 0.9884
    [08:16:48] step 10450/11249 | avg train loss 0.9337 top1 0.9025 top5 0.9884
    [08:17:21] step 10500/11249 | avg train loss 0.9334 top1 0.9025 top5 0.9884
    [08:17:54] step 10550/11249 | avg train loss 0.9342 top1 0.9023 top5 0.9884
    [08:18:26] step 10600/11249 | avg train loss 0.9342 top1 0.9023 top5 0.9884
    [08:18:59] step 10650/11249 | avg train loss 0.9344 top1 0.9023 top5 0.9884
    [08:19:32] step 10700/11249 | avg train loss 0.9349 top1 0.9021 top5 0.9883
    [08:20:05] step 10750/11249 | avg train loss 0.9349 top1 0.9021 top5 0.9883
    [08:20:37] step 10800/11249 | avg train loss 0.9348 top1 0.9021 top5 0.9884
    [08:21:10] step 10850/11249 | avg train loss 0.9348 top1 0.9021 top5 0.9883
    [08:21:43] step 10900/11249 | avg train loss 0.9346 top1 0.9022 top5 0.9883
    [08:22:16] step 10950/11249 | avg train loss 0.9347 top1 0.9022 top5 0.9883
    [08:22:48] step 11000/11249 | avg train loss 0.9350 top1 0.9020 top5 0.9882
    [08:23:21] step 11050/11249 | avg train loss 0.9353 top1 0.9019 top5 0.9882
    [08:23:54] step 11100/11249 | avg train loss 0.9353 top1 0.9020 top5 0.9882
    [08:24:26] step 11150/11249 | avg train loss 0.9353 top1 0.9020 top5 0.9881
    [08:24:59] step 11200/11249 | avg train loss 0.9359 top1 0.9018 top5 0.9881
    [08:25:31] step 11249/11249 | avg train loss 0.9360 top1 0.9018 top5 0.9881
Epoch 8/15 | train loss 0.9360 top1 0.9018 | val loss 1.3460 top1 0.6611 top5 0.8752 | ema val top1 0.6987 top5 0.9023
    [08:39:53] step 50/11249 | avg train loss 0.9082 top1 0.9250 top5 0.9850
    [08:40:26] step 100/11249 | avg train loss 0.8991 top1 0.9150 top5 0.9925
    [08:40:59] step 150/11249 | avg train loss 0.8779 top1 0.9233 top5 0.9933
    [08:41:31] step 200/11249 | avg train loss 0.8719 top1 0.9287 top5 0.9950
    [08:42:04] step 250/11249 | avg train loss 0.8578 top1 0.9360 top5 0.9960
    [08:42:37] step 300/11249 | avg train loss 0.8580 top1 0.9333 top5 0.9967
    [08:43:10] step 350/11249 | avg train loss 0.8653 top1 0.9307 top5 0.9943
    [08:43:42] step 400/11249 | avg train loss 0.8622 top1 0.9325 top5 0.9938
    [08:44:15] step 450/11249 | avg train loss 0.8542 top1 0.9350 top5 0.9944
    [08:44:48] step 500/11249 | avg train loss 0.8482 top1 0.9375 top5 0.9945
    [08:45:21] step 550/11249 | avg train loss 0.8496 top1 0.9368 top5 0.9936
    [08:45:53] step 600/11249 | avg train loss 0.8479 top1 0.9379 top5 0.9933
    [08:46:26] step 650/11249 | avg train loss 0.8508 top1 0.9362 top5 0.9927
    [08:46:59] step 700/11249 | avg train loss 0.8498 top1 0.9371 top5 0.9925
    [08:47:32] step 750/11249 | avg train loss 0.8498 top1 0.9377 top5 0.9930
    [08:48:04] step 800/11249 | avg train loss 0.8494 top1 0.9366 top5 0.9931
    [08:48:37] step 850/11249 | avg train loss 0.8537 top1 0.9353 top5 0.9921
    [08:49:10] step 900/11249 | avg train loss 0.8543 top1 0.9358 top5 0.9919
    [08:49:43] step 950/11249 | avg train loss 0.8521 top1 0.9355 top5 0.9924
    [08:50:15] step 1000/11249 | avg train loss 0.8549 top1 0.9337 top5 0.9922
    [08:50:48] step 1050/11249 | avg train loss 0.8547 top1 0.9336 top5 0.9921
    [08:51:21] step 1100/11249 | avg train loss 0.8553 top1 0.9336 top5 0.9923
    [08:51:54] step 1150/11249 | avg train loss 0.8573 top1 0.9330 top5 0.9920
    [08:52:26] step 1200/11249 | avg train loss 0.8593 top1 0.9323 top5 0.9912
    [08:52:59] step 1250/11249 | avg train loss 0.8578 top1 0.9324 top5 0.9914
    [08:53:32] step 1300/11249 | avg train loss 0.8564 top1 0.9333 top5 0.9913
    [08:54:05] step 1350/11249 | avg train loss 0.8586 top1 0.9324 top5 0.9911
    [08:54:37] step 1400/11249 | avg train loss 0.8596 top1 0.9323 top5 0.9912
    [08:55:10] step 1450/11249 | avg train loss 0.8589 top1 0.9324 top5 0.9916
    [08:55:43] step 1500/11249 | avg train loss 0.8603 top1 0.9323 top5 0.9917
    [08:56:16] step 1550/11249 | avg train loss 0.8605 top1 0.9324 top5 0.9915
    [08:56:49] step 1600/11249 | avg train loss 0.8613 top1 0.9317 top5 0.9917
    [08:57:21] step 1650/11249 | avg train loss 0.8617 top1 0.9317 top5 0.9917
    [08:57:54] step 1700/11249 | avg train loss 0.8639 top1 0.9304 top5 0.9918
    [08:58:27] step 1750/11249 | avg train loss 0.8634 top1 0.9304 top5 0.9916
    [08:58:59] step 1800/11249 | avg train loss 0.8628 top1 0.9304 top5 0.9917
    [08:59:32] step 1850/11249 | avg train loss 0.8643 top1 0.9300 top5 0.9914
    [09:00:05] step 1900/11249 | avg train loss 0.8653 top1 0.9292 top5 0.9914
    [09:00:38] step 1950/11249 | avg train loss 0.8667 top1 0.9290 top5 0.9914
    [09:01:10] step 2000/11249 | avg train loss 0.8665 top1 0.9289 top5 0.9915
    [09:01:43] step 2050/11249 | avg train loss 0.8672 top1 0.9290 top5 0.9913
    [09:02:16] step 2100/11249 | avg train loss 0.8694 top1 0.9286 top5 0.9911
    [09:02:49] step 2150/11249 | avg train loss 0.8703 top1 0.9281 top5 0.9910
    [09:03:22] step 2200/11249 | avg train loss 0.8720 top1 0.9278 top5 0.9911
    [09:03:54] step 2250/11249 | avg train loss 0.8707 top1 0.9282 top5 0.9913
    [09:04:27] step 2300/11249 | avg train loss 0.8699 top1 0.9283 top5 0.9913
    [09:05:00] step 2350/11249 | avg train loss 0.8697 top1 0.9279 top5 0.9914
    [09:05:33] step 2400/11249 | avg train loss 0.8695 top1 0.9278 top5 0.9915
    [09:06:05] step 2450/11249 | avg train loss 0.8702 top1 0.9278 top5 0.9915
    [09:06:38] step 2500/11249 | avg train loss 0.8702 top1 0.9274 top5 0.9917
    [09:07:11] step 2550/11249 | avg train loss 0.8704 top1 0.9270 top5 0.9918
    [09:07:43] step 2600/11249 | avg train loss 0.8709 top1 0.9271 top5 0.9918
    [09:08:16] step 2650/11249 | avg train loss 0.8703 top1 0.9276 top5 0.9919
    [09:08:49] step 2700/11249 | avg train loss 0.8696 top1 0.9276 top5 0.9920
    [09:09:22] step 2750/11249 | avg train loss 0.8689 top1 0.9277 top5 0.9920
    [09:09:54] step 2800/11249 | avg train loss 0.8682 top1 0.9282 top5 0.9921
    [09:10:27] step 2850/11249 | avg train loss 0.8681 top1 0.9282 top5 0.9922
    [09:11:00] step 2900/11249 | avg train loss 0.8683 top1 0.9281 top5 0.9922
    [09:11:33] step 2950/11249 | avg train loss 0.8680 top1 0.9284 top5 0.9923
    [09:12:05] step 3000/11249 | avg train loss 0.8695 top1 0.9280 top5 0.9922
    [09:12:38] step 3050/11249 | avg train loss 0.8694 top1 0.9279 top5 0.9922
    [09:13:11] step 3100/11249 | avg train loss 0.8697 top1 0.9277 top5 0.9923
    [09:13:44] step 3150/11249 | avg train loss 0.8700 top1 0.9278 top5 0.9923
    [09:14:16] step 3200/11249 | avg train loss 0.8702 top1 0.9275 top5 0.9924
    [09:14:49] step 3250/11249 | avg train loss 0.8705 top1 0.9275 top5 0.9924
    [09:15:22] step 3300/11249 | avg train loss 0.8716 top1 0.9271 top5 0.9923
    [09:15:55] step 3350/11249 | avg train loss 0.8714 top1 0.9269 top5 0.9924
    [09:16:27] step 3400/11249 | avg train loss 0.8707 top1 0.9271 top5 0.9925
    [09:17:00] step 3450/11249 | avg train loss 0.8710 top1 0.9266 top5 0.9925
    [09:17:33] step 3500/11249 | avg train loss 0.8721 top1 0.9261 top5 0.9925
    [09:18:06] step 3550/11249 | avg train loss 0.8721 top1 0.9263 top5 0.9924
    [09:18:38] step 3600/11249 | avg train loss 0.8731 top1 0.9261 top5 0.9922
    [09:19:11] step 3650/11249 | avg train loss 0.8739 top1 0.9260 top5 0.9921
    [09:19:44] step 3700/11249 | avg train loss 0.8739 top1 0.9262 top5 0.9920
    [09:20:16] step 3750/11249 | avg train loss 0.8745 top1 0.9259 top5 0.9920
    [09:20:49] step 3800/11249 | avg train loss 0.8752 top1 0.9255 top5 0.9920
    [09:21:22] step 3850/11249 | avg train loss 0.8748 top1 0.9258 top5 0.9920
    [09:21:55] step 3900/11249 | avg train loss 0.8743 top1 0.9262 top5 0.9920
    [09:22:28] step 3950/11249 | avg train loss 0.8744 top1 0.9259 top5 0.9919
    [09:23:00] step 4000/11249 | avg train loss 0.8741 top1 0.9263 top5 0.9919
    [09:23:33] step 4050/11249 | avg train loss 0.8739 top1 0.9264 top5 0.9919
    [09:24:06] step 4100/11249 | avg train loss 0.8738 top1 0.9265 top5 0.9920
    [09:24:38] step 4150/11249 | avg train loss 0.8733 top1 0.9268 top5 0.9920
    [09:25:11] step 4200/11249 | avg train loss 0.8736 top1 0.9264 top5 0.9920
    [09:25:44] step 4250/11249 | avg train loss 0.8734 top1 0.9265 top5 0.9920
    [09:26:17] step 4300/11249 | avg train loss 0.8737 top1 0.9263 top5 0.9920
    [09:26:49] step 4350/11249 | avg train loss 0.8739 top1 0.9263 top5 0.9921
    [09:27:22] step 4400/11249 | avg train loss 0.8738 top1 0.9264 top5 0.9921
    [09:27:55] step 4450/11249 | avg train loss 0.8742 top1 0.9263 top5 0.9920
    [09:28:28] step 4500/11249 | avg train loss 0.8748 top1 0.9263 top5 0.9919
    [09:29:00] step 4550/11249 | avg train loss 0.8752 top1 0.9263 top5 0.9919
    [09:29:33] step 4600/11249 | avg train loss 0.8746 top1 0.9265 top5 0.9919
    [09:30:06] step 4650/11249 | avg train loss 0.8750 top1 0.9266 top5 0.9917
    [09:30:39] step 4700/11249 | avg train loss 0.8757 top1 0.9262 top5 0.9917
    [09:31:11] step 4750/11249 | avg train loss 0.8754 top1 0.9263 top5 0.9917
    [09:31:44] step 4800/11249 | avg train loss 0.8760 top1 0.9260 top5 0.9917
    [09:32:17] step 4850/11249 | avg train loss 0.8759 top1 0.9262 top5 0.9916
    [09:32:50] step 4900/11249 | avg train loss 0.8763 top1 0.9260 top5 0.9916
    [09:33:22] step 4950/11249 | avg train loss 0.8757 top1 0.9262 top5 0.9917
    [09:33:55] step 5000/11249 | avg train loss 0.8754 top1 0.9264 top5 0.9918
    [09:34:28] step 5050/11249 | avg train loss 0.8757 top1 0.9262 top5 0.9917
    [09:35:01] step 5100/11249 | avg train loss 0.8767 top1 0.9259 top5 0.9917
    [09:35:33] step 5150/11249 | avg train loss 0.8768 top1 0.9258 top5 0.9917
    [09:36:06] step 5200/11249 | avg train loss 0.8773 top1 0.9257 top5 0.9917
    [09:36:39] step 5250/11249 | avg train loss 0.8769 top1 0.9258 top5 0.9918
    [09:37:11] step 5300/11249 | avg train loss 0.8769 top1 0.9257 top5 0.9918
    [09:37:44] step 5350/11249 | avg train loss 0.8773 top1 0.9255 top5 0.9918
    [09:38:17] step 5400/11249 | avg train loss 0.8766 top1 0.9257 top5 0.9919
    [09:38:50] step 5450/11249 | avg train loss 0.8765 top1 0.9258 top5 0.9919
    [09:39:22] step 5500/11249 | avg train loss 0.8773 top1 0.9255 top5 0.9919
    [09:39:55] step 5550/11249 | avg train loss 0.8774 top1 0.9255 top5 0.9919
    [09:40:28] step 5600/11249 | avg train loss 0.8770 top1 0.9259 top5 0.9920
    [09:41:00] step 5650/11249 | avg train loss 0.8767 top1 0.9260 top5 0.9920
    [09:41:33] step 5700/11249 | avg train loss 0.8765 top1 0.9260 top5 0.9920
    [09:42:06] step 5750/11249 | avg train loss 0.8773 top1 0.9257 top5 0.9920
    [09:42:39] step 5800/11249 | avg train loss 0.8770 top1 0.9256 top5 0.9920
    [09:43:11] step 5850/11249 | avg train loss 0.8771 top1 0.9256 top5 0.9921
    [09:43:44] step 5900/11249 | avg train loss 0.8770 top1 0.9258 top5 0.9921
    [09:44:17] step 5950/11249 | avg train loss 0.8772 top1 0.9257 top5 0.9921
    [09:44:50] step 6000/11249 | avg train loss 0.8773 top1 0.9257 top5 0.9920
    [09:45:22] step 6050/11249 | avg train loss 0.8772 top1 0.9256 top5 0.9921
    [09:45:55] step 6100/11249 | avg train loss 0.8768 top1 0.9256 top5 0.9921
    [09:46:28] step 6150/11249 | avg train loss 0.8770 top1 0.9255 top5 0.9921
    [09:47:00] step 6200/11249 | avg train loss 0.8768 top1 0.9254 top5 0.9921
    [09:47:33] step 6250/11249 | avg train loss 0.8767 top1 0.9254 top5 0.9921
    [09:48:06] step 6300/11249 | avg train loss 0.8771 top1 0.9252 top5 0.9921
    [09:48:39] step 6350/11249 | avg train loss 0.8769 top1 0.9253 top5 0.9921
    [09:49:11] step 6400/11249 | avg train loss 0.8774 top1 0.9252 top5 0.9920
    [09:49:44] step 6450/11249 | avg train loss 0.8779 top1 0.9249 top5 0.9919
    [09:50:17] step 6500/11249 | avg train loss 0.8779 top1 0.9250 top5 0.9920
    [09:50:49] step 6550/11249 | avg train loss 0.8785 top1 0.9245 top5 0.9919
    [09:51:22] step 6600/11249 | avg train loss 0.8784 top1 0.9245 top5 0.9920
    [09:51:55] step 6650/11249 | avg train loss 0.8787 top1 0.9243 top5 0.9919
    [09:52:28] step 6700/11249 | avg train loss 0.8785 top1 0.9243 top5 0.9919
    [09:53:01] step 6750/11249 | avg train loss 0.8783 top1 0.9244 top5 0.9919
    [09:53:33] step 6800/11249 | avg train loss 0.8788 top1 0.9242 top5 0.9918
    [09:54:06] step 6850/11249 | avg train loss 0.8791 top1 0.9239 top5 0.9919
    [09:54:39] step 6900/11249 | avg train loss 0.8788 top1 0.9240 top5 0.9918
    [09:55:11] step 6950/11249 | avg train loss 0.8783 top1 0.9242 top5 0.9919
    [09:55:44] step 7000/11249 | avg train loss 0.8787 top1 0.9242 top5 0.9918
    [09:56:17] step 7050/11249 | avg train loss 0.8786 top1 0.9242 top5 0.9918
    [09:56:49] step 7100/11249 | avg train loss 0.8785 top1 0.9241 top5 0.9918
    [09:57:22] step 7150/11249 | avg train loss 0.8782 top1 0.9242 top5 0.9918
    [09:57:55] step 7200/11249 | avg train loss 0.8785 top1 0.9241 top5 0.9918
    [09:58:28] step 7250/11249 | avg train loss 0.8783 top1 0.9242 top5 0.9919
    [09:59:01] step 7300/11249 | avg train loss 0.8780 top1 0.9243 top5 0.9919
    [09:59:33] step 7350/11249 | avg train loss 0.8780 top1 0.9243 top5 0.9919
    [10:00:06] step 7400/11249 | avg train loss 0.8779 top1 0.9243 top5 0.9919
    [10:00:39] step 7450/11249 | avg train loss 0.8774 top1 0.9245 top5 0.9919
    [10:01:11] step 7500/11249 | avg train loss 0.8773 top1 0.9246 top5 0.9919
    [10:01:44] step 7550/11249 | avg train loss 0.8771 top1 0.9247 top5 0.9919
    [10:02:17] step 7600/11249 | avg train loss 0.8773 top1 0.9246 top5 0.9920
    [10:02:49] step 7650/11249 | avg train loss 0.8773 top1 0.9247 top5 0.9920
    [10:03:22] step 7700/11249 | avg train loss 0.8773 top1 0.9246 top5 0.9919
    [10:03:55] step 7750/11249 | avg train loss 0.8769 top1 0.9248 top5 0.9920
    [10:04:28] step 7800/11249 | avg train loss 0.8772 top1 0.9247 top5 0.9920
    [10:05:00] step 7850/11249 | avg train loss 0.8768 top1 0.9247 top5 0.9920
    [10:05:33] step 7900/11249 | avg train loss 0.8771 top1 0.9246 top5 0.9919
    [10:06:06] step 7950/11249 | avg train loss 0.8774 top1 0.9244 top5 0.9919
    [10:06:38] step 8000/11249 | avg train loss 0.8775 top1 0.9244 top5 0.9919
    [10:07:11] step 8050/11249 | avg train loss 0.8775 top1 0.9243 top5 0.9919
    [10:07:44] step 8100/11249 | avg train loss 0.8772 top1 0.9244 top5 0.9919
    [10:08:16] step 8150/11249 | avg train loss 0.8771 top1 0.9243 top5 0.9920
    [10:08:49] step 8200/11249 | avg train loss 0.8772 top1 0.9244 top5 0.9920
    [10:09:22] step 8250/11249 | avg train loss 0.8771 top1 0.9244 top5 0.9920
    [10:09:55] step 8300/11249 | avg train loss 0.8771 top1 0.9243 top5 0.9920
    [10:10:27] step 8350/11249 | avg train loss 0.8773 top1 0.9242 top5 0.9920
    [10:11:00] step 8400/11249 | avg train loss 0.8771 top1 0.9243 top5 0.9921
    [10:11:33] step 8450/11249 | avg train loss 0.8768 top1 0.9243 top5 0.9921
    [10:12:06] step 8500/11249 | avg train loss 0.8766 top1 0.9244 top5 0.9922
    [10:12:38] step 8550/11249 | avg train loss 0.8763 top1 0.9244 top5 0.9922
    [10:13:11] step 8600/11249 | avg train loss 0.8761 top1 0.9246 top5 0.9922
    [10:13:44] step 8650/11249 | avg train loss 0.8758 top1 0.9247 top5 0.9923
    [10:14:16] step 8700/11249 | avg train loss 0.8754 top1 0.9249 top5 0.9923
    [10:14:49] step 8750/11249 | avg train loss 0.8757 top1 0.9249 top5 0.9923
    [10:15:22] step 8800/11249 | avg train loss 0.8757 top1 0.9248 top5 0.9923
    [10:15:55] step 8850/11249 | avg train loss 0.8761 top1 0.9245 top5 0.9922
    [10:16:27] step 8900/11249 | avg train loss 0.8761 top1 0.9246 top5 0.9922
    [10:17:00] step 8950/11249 | avg train loss 0.8764 top1 0.9244 top5 0.9922
    [10:17:33] step 9000/11249 | avg train loss 0.8765 top1 0.9244 top5 0.9922
    [10:18:05] step 9050/11249 | avg train loss 0.8768 top1 0.9242 top5 0.9922
    [10:18:38] step 9100/11249 | avg train loss 0.8770 top1 0.9240 top5 0.9922
    [10:19:11] step 9150/11249 | avg train loss 0.8768 top1 0.9240 top5 0.9922
    [10:19:43] step 9200/11249 | avg train loss 0.8769 top1 0.9240 top5 0.9922
    [10:20:16] step 9250/11249 | avg train loss 0.8767 top1 0.9241 top5 0.9922
    [10:20:49] step 9300/11249 | avg train loss 0.8768 top1 0.9241 top5 0.9922
    [10:21:22] step 9350/11249 | avg train loss 0.8768 top1 0.9240 top5 0.9922
    [10:21:54] step 9400/11249 | avg train loss 0.8767 top1 0.9240 top5 0.9922
    [10:22:27] step 9450/11249 | avg train loss 0.8768 top1 0.9240 top5 0.9922
    [10:23:00] step 9500/11249 | avg train loss 0.8767 top1 0.9241 top5 0.9922
    [10:23:33] step 9550/11249 | avg train loss 0.8767 top1 0.9240 top5 0.9922
    [10:24:05] step 9600/11249 | avg train loss 0.8769 top1 0.9240 top5 0.9922
    [10:24:38] step 9650/11249 | avg train loss 0.8768 top1 0.9239 top5 0.9922
    [10:25:11] step 9700/11249 | avg train loss 0.8764 top1 0.9241 top5 0.9922
    [10:25:43] step 9750/11249 | avg train loss 0.8764 top1 0.9240 top5 0.9923
    [10:26:16] step 9800/11249 | avg train loss 0.8762 top1 0.9240 top5 0.9922
    [10:26:49] step 9850/11249 | avg train loss 0.8766 top1 0.9239 top5 0.9921
    [10:27:22] step 9900/11249 | avg train loss 0.8766 top1 0.9238 top5 0.9921
    [10:27:54] step 9950/11249 | avg train loss 0.8771 top1 0.9236 top5 0.9921
    [10:28:27] step 10000/11249 | avg train loss 0.8775 top1 0.9235 top5 0.9921
    [10:29:00] step 10050/11249 | avg train loss 0.8776 top1 0.9235 top5 0.9920
    [10:29:32] step 10100/11249 | avg train loss 0.8778 top1 0.9235 top5 0.9920
    [10:30:05] step 10150/11249 | avg train loss 0.8777 top1 0.9236 top5 0.9920
    [10:30:38] step 10200/11249 | avg train loss 0.8777 top1 0.9236 top5 0.9920
    [10:31:11] step 10250/11249 | avg train loss 0.8775 top1 0.9237 top5 0.9920
    [10:31:43] step 10300/11249 | avg train loss 0.8776 top1 0.9237 top5 0.9921
    [10:32:16] step 10350/11249 | avg train loss 0.8776 top1 0.9237 top5 0.9921
    [10:32:49] step 10400/11249 | avg train loss 0.8777 top1 0.9237 top5 0.9921
    [10:33:22] step 10450/11249 | avg train loss 0.8779 top1 0.9237 top5 0.9921
    [10:33:54] step 10500/11249 | avg train loss 0.8777 top1 0.9237 top5 0.9921
    [10:34:27] step 10550/11249 | avg train loss 0.8781 top1 0.9236 top5 0.9921
    [10:35:00] step 10600/11249 | avg train loss 0.8777 top1 0.9238 top5 0.9921
    [10:35:32] step 10650/11249 | avg train loss 0.8778 top1 0.9238 top5 0.9921
    [10:36:05] step 10700/11249 | avg train loss 0.8782 top1 0.9237 top5 0.9920
    [10:36:38] step 10750/11249 | avg train loss 0.8784 top1 0.9237 top5 0.9920
    [10:37:10] step 10800/11249 | avg train loss 0.8787 top1 0.9236 top5 0.9920
    [10:37:43] step 10850/11249 | avg train loss 0.8786 top1 0.9237 top5 0.9920
    [10:38:16] step 10900/11249 | avg train loss 0.8787 top1 0.9237 top5 0.9920
    [10:38:48] step 10950/11249 | avg train loss 0.8791 top1 0.9235 top5 0.9920
    [10:39:21] step 11000/11249 | avg train loss 0.8790 top1 0.9235 top5 0.9920
    [10:39:54] step 11050/11249 | avg train loss 0.8788 top1 0.9236 top5 0.9920
    [10:40:27] step 11100/11249 | avg train loss 0.8787 top1 0.9236 top5 0.9920
    [10:40:59] step 11150/11249 | avg train loss 0.8786 top1 0.9237 top5 0.9921
    [10:41:32] step 11200/11249 | avg train loss 0.8783 top1 0.9238 top5 0.9921
    [10:42:04] step 11249/11249 | avg train loss 0.8783 top1 0.9238 top5 0.9921
Epoch 9/15 | train loss 0.8783 top1 0.9238 | val loss 1.2990 top1 0.6811 top5 0.8821 | ema val top1 0.6955 top5 0.8958
    [10:56:26] step 50/11249 | avg train loss 0.8047 top1 0.9650 top5 0.9900
    [10:56:58] step 100/11249 | avg train loss 0.8523 top1 0.9450 top5 0.9850
    [10:57:31] step 150/11249 | avg train loss 0.8345 top1 0.9500 top5 0.9900
    [10:58:04] step 200/11249 | avg train loss 0.8272 top1 0.9487 top5 0.9925
    [10:58:37] step 250/11249 | avg train loss 0.8201 top1 0.9490 top5 0.9920
    [10:59:09] step 300/11249 | avg train loss 0.8260 top1 0.9450 top5 0.9917
    [10:59:42] step 350/11249 | avg train loss 0.8257 top1 0.9450 top5 0.9914
    [11:00:15] step 400/11249 | avg train loss 0.8221 top1 0.9450 top5 0.9919
    [11:00:48] step 450/11249 | avg train loss 0.8242 top1 0.9439 top5 0.9922
    [11:01:20] step 500/11249 | avg train loss 0.8237 top1 0.9430 top5 0.9925
    [11:01:53] step 550/11249 | avg train loss 0.8243 top1 0.9441 top5 0.9918
    [11:02:26] step 600/11249 | avg train loss 0.8253 top1 0.9454 top5 0.9921
    [11:02:59] step 650/11249 | avg train loss 0.8244 top1 0.9458 top5 0.9927
    [11:03:31] step 700/11249 | avg train loss 0.8218 top1 0.9464 top5 0.9929
    [11:04:04] step 750/11249 | avg train loss 0.8200 top1 0.9473 top5 0.9930
    [11:04:37] step 800/11249 | avg train loss 0.8231 top1 0.9463 top5 0.9925
    [11:05:10] step 850/11249 | avg train loss 0.8253 top1 0.9441 top5 0.9926
    [11:05:42] step 900/11249 | avg train loss 0.8224 top1 0.9456 top5 0.9931
    [11:06:15] step 950/11249 | avg train loss 0.8191 top1 0.9471 top5 0.9932
    [11:06:48] step 1000/11249 | avg train loss 0.8159 top1 0.9483 top5 0.9932
    [11:07:21] step 1050/11249 | avg train loss 0.8164 top1 0.9474 top5 0.9931
    [11:07:53] step 1100/11249 | avg train loss 0.8138 top1 0.9484 top5 0.9934
    [11:08:26] step 1150/11249 | avg train loss 0.8139 top1 0.9489 top5 0.9933
    [11:08:59] step 1200/11249 | avg train loss 0.8123 top1 0.9494 top5 0.9935
    [11:09:32] step 1250/11249 | avg train loss 0.8129 top1 0.9490 top5 0.9934
    [11:10:04] step 1300/11249 | avg train loss 0.8128 top1 0.9490 top5 0.9935
    [11:10:37] step 1350/11249 | avg train loss 0.8105 top1 0.9500 top5 0.9937
    [11:11:10] step 1400/11249 | avg train loss 0.8092 top1 0.9504 top5 0.9939
    [11:11:43] step 1450/11249 | avg train loss 0.8090 top1 0.9507 top5 0.9938
    [11:12:15] step 1500/11249 | avg train loss 0.8089 top1 0.9508 top5 0.9938
    [11:12:48] step 1550/11249 | avg train loss 0.8076 top1 0.9508 top5 0.9940
    [11:13:21] step 1600/11249 | avg train loss 0.8077 top1 0.9508 top5 0.9942
    [11:13:54] step 1650/11249 | avg train loss 0.8077 top1 0.9511 top5 0.9944
    [11:14:26] step 1700/11249 | avg train loss 0.8083 top1 0.9516 top5 0.9941
    [11:14:59] step 1750/11249 | avg train loss 0.8093 top1 0.9510 top5 0.9943
    [11:15:32] step 1800/11249 | avg train loss 0.8101 top1 0.9510 top5 0.9943
    [11:16:04] step 1850/11249 | avg train loss 0.8104 top1 0.9508 top5 0.9942
    [11:16:37] step 1900/11249 | avg train loss 0.8115 top1 0.9503 top5 0.9942
    [11:17:10] step 1950/11249 | avg train loss 0.8098 top1 0.9512 top5 0.9944
    [11:17:43] step 2000/11249 | avg train loss 0.8117 top1 0.9503 top5 0.9942
    [11:18:16] step 2050/11249 | avg train loss 0.8122 top1 0.9499 top5 0.9943
    [11:18:48] step 2100/11249 | avg train loss 0.8111 top1 0.9506 top5 0.9943
    [11:19:21] step 2150/11249 | avg train loss 0.8125 top1 0.9500 top5 0.9943
    [11:19:54] step 2200/11249 | avg train loss 0.8118 top1 0.9502 top5 0.9943
    [11:20:26] step 2250/11249 | avg train loss 0.8123 top1 0.9497 top5 0.9943
    [11:20:59] step 2300/11249 | avg train loss 0.8112 top1 0.9501 top5 0.9945
    [11:21:32] step 2350/11249 | avg train loss 0.8119 top1 0.9497 top5 0.9945
    [11:22:05] step 2400/11249 | avg train loss 0.8116 top1 0.9499 top5 0.9946
    [11:22:37] step 2450/11249 | avg train loss 0.8112 top1 0.9500 top5 0.9945
    [11:23:10] step 2500/11249 | avg train loss 0.8136 top1 0.9492 top5 0.9945
    [11:23:43] step 2550/11249 | avg train loss 0.8150 top1 0.9487 top5 0.9944
    [11:24:16] step 2600/11249 | avg train loss 0.8151 top1 0.9488 top5 0.9943
    [11:24:48] step 2650/11249 | avg train loss 0.8151 top1 0.9490 top5 0.9943
    [11:25:21] step 2700/11249 | avg train loss 0.8145 top1 0.9492 top5 0.9943
    [11:25:54] step 2750/11249 | avg train loss 0.8141 top1 0.9495 top5 0.9944
    [11:26:27] step 2800/11249 | avg train loss 0.8140 top1 0.9495 top5 0.9943
    [11:26:59] step 2850/11249 | avg train loss 0.8127 top1 0.9502 top5 0.9944
    [11:27:32] step 2900/11249 | avg train loss 0.8124 top1 0.9503 top5 0.9944
    [11:28:05] step 2950/11249 | avg train loss 0.8120 top1 0.9504 top5 0.9944
    [11:28:37] step 3000/11249 | avg train loss 0.8113 top1 0.9506 top5 0.9945
    [11:29:10] step 3050/11249 | avg train loss 0.8121 top1 0.9507 top5 0.9943
    [11:29:43] step 3100/11249 | avg train loss 0.8132 top1 0.9500 top5 0.9944
    [11:30:16] step 3150/11249 | avg train loss 0.8131 top1 0.9500 top5 0.9944
    [11:30:48] step 3200/11249 | avg train loss 0.8129 top1 0.9502 top5 0.9944
    [11:31:21] step 3250/11249 | avg train loss 0.8124 top1 0.9505 top5 0.9944
    [11:31:54] step 3300/11249 | avg train loss 0.8131 top1 0.9504 top5 0.9942
    [11:32:27] step 3350/11249 | avg train loss 0.8132 top1 0.9505 top5 0.9942
    [11:32:59] step 3400/11249 | avg train loss 0.8128 top1 0.9507 top5 0.9942
    [11:33:32] step 3450/11249 | avg train loss 0.8136 top1 0.9503 top5 0.9942
    [11:34:05] step 3500/11249 | avg train loss 0.8129 top1 0.9506 top5 0.9943
    [11:34:37] step 3550/11249 | avg train loss 0.8128 top1 0.9504 top5 0.9944
    [11:35:10] step 3600/11249 | avg train loss 0.8137 top1 0.9497 top5 0.9943
    [11:35:43] step 3650/11249 | avg train loss 0.8139 top1 0.9497 top5 0.9943
    [11:36:16] step 3700/11249 | avg train loss 0.8136 top1 0.9498 top5 0.9943
    [11:36:48] step 3750/11249 | avg train loss 0.8135 top1 0.9499 top5 0.9944
    [11:37:21] step 3800/11249 | avg train loss 0.8134 top1 0.9499 top5 0.9945
    [11:37:54] step 3850/11249 | avg train loss 0.8140 top1 0.9498 top5 0.9944
    [11:38:27] step 3900/11249 | avg train loss 0.8138 top1 0.9499 top5 0.9944
    [11:38:59] step 3950/11249 | avg train loss 0.8129 top1 0.9501 top5 0.9945
    [11:39:32] step 4000/11249 | avg train loss 0.8137 top1 0.9500 top5 0.9944
    [11:40:05] step 4050/11249 | avg train loss 0.8129 top1 0.9502 top5 0.9944
    [11:40:37] step 4100/11249 | avg train loss 0.8131 top1 0.9502 top5 0.9945
    [11:41:10] step 4150/11249 | avg train loss 0.8134 top1 0.9501 top5 0.9945
    [11:41:43] step 4200/11249 | avg train loss 0.8143 top1 0.9498 top5 0.9944
    [11:42:16] step 4250/11249 | avg train loss 0.8139 top1 0.9499 top5 0.9945
    [11:42:48] step 4300/11249 | avg train loss 0.8133 top1 0.9501 top5 0.9945
    [11:43:21] step 4350/11249 | avg train loss 0.8136 top1 0.9499 top5 0.9946
    [11:43:54] step 4400/11249 | avg train loss 0.8143 top1 0.9495 top5 0.9946
    [11:44:27] step 4450/11249 | avg train loss 0.8142 top1 0.9494 top5 0.9947
    [11:44:59] step 4500/11249 | avg train loss 0.8143 top1 0.9493 top5 0.9947
    [11:45:32] step 4550/11249 | avg train loss 0.8142 top1 0.9494 top5 0.9946
    [11:46:05] step 4600/11249 | avg train loss 0.8141 top1 0.9495 top5 0.9946
    [11:46:37] step 4650/11249 | avg train loss 0.8139 top1 0.9495 top5 0.9946
    [11:47:10] step 4700/11249 | avg train loss 0.8141 top1 0.9495 top5 0.9946
    [11:47:43] step 4750/11249 | avg train loss 0.8139 top1 0.9495 top5 0.9947
    [11:48:16] step 4800/11249 | avg train loss 0.8134 top1 0.9496 top5 0.9947
    [11:48:48] step 4850/11249 | avg train loss 0.8137 top1 0.9494 top5 0.9947
    [11:49:21] step 4900/11249 | avg train loss 0.8143 top1 0.9491 top5 0.9947
    [11:49:54] step 4950/11249 | avg train loss 0.8147 top1 0.9490 top5 0.9946
    [11:50:26] step 5000/11249 | avg train loss 0.8144 top1 0.9490 top5 0.9947
    [11:50:59] step 5050/11249 | avg train loss 0.8146 top1 0.9488 top5 0.9947
    [11:51:32] step 5100/11249 | avg train loss 0.8147 top1 0.9490 top5 0.9946
    [11:52:05] step 5150/11249 | avg train loss 0.8157 top1 0.9486 top5 0.9946
    [11:52:37] step 5200/11249 | avg train loss 0.8161 top1 0.9483 top5 0.9946
    [11:53:10] step 5250/11249 | avg train loss 0.8164 top1 0.9481 top5 0.9946
    [11:53:43] step 5300/11249 | avg train loss 0.8163 top1 0.9482 top5 0.9946
    [11:54:16] step 5350/11249 | avg train loss 0.8162 top1 0.9481 top5 0.9946
    [11:54:48] step 5400/11249 | avg train loss 0.8165 top1 0.9481 top5 0.9946
    [11:55:21] step 5450/11249 | avg train loss 0.8166 top1 0.9481 top5 0.9946
    [11:55:54] step 5500/11249 | avg train loss 0.8165 top1 0.9481 top5 0.9946
    [11:56:26] step 5550/11249 | avg train loss 0.8159 top1 0.9484 top5 0.9946
    [11:56:59] step 5600/11249 | avg train loss 0.8157 top1 0.9486 top5 0.9946
    [11:57:32] step 5650/11249 | avg train loss 0.8162 top1 0.9484 top5 0.9946
    [11:58:04] step 5700/11249 | avg train loss 0.8163 top1 0.9483 top5 0.9946
    [11:58:37] step 5750/11249 | avg train loss 0.8165 top1 0.9483 top5 0.9946
    [11:59:10] step 5800/11249 | avg train loss 0.8166 top1 0.9484 top5 0.9946
    [11:59:43] step 5850/11249 | avg train loss 0.8171 top1 0.9481 top5 0.9946
    [12:00:16] step 5900/11249 | avg train loss 0.8172 top1 0.9480 top5 0.9946
    [12:00:48] step 5950/11249 | avg train loss 0.8171 top1 0.9480 top5 0.9946
    [12:01:21] step 6000/11249 | avg train loss 0.8167 top1 0.9481 top5 0.9946
    [12:01:54] step 6050/11249 | avg train loss 0.8166 top1 0.9482 top5 0.9946
    [12:02:26] step 6100/11249 | avg train loss 0.8165 top1 0.9481 top5 0.9946
    [12:02:59] step 6150/11249 | avg train loss 0.8170 top1 0.9478 top5 0.9945
    [12:03:32] step 6200/11249 | avg train loss 0.8171 top1 0.9477 top5 0.9945
    [12:04:04] step 6250/11249 | avg train loss 0.8168 top1 0.9478 top5 0.9945
    [12:04:37] step 6300/11249 | avg train loss 0.8170 top1 0.9478 top5 0.9944
    [12:05:10] step 6350/11249 | avg train loss 0.8173 top1 0.9477 top5 0.9944
    [12:05:43] step 6400/11249 | avg train loss 0.8176 top1 0.9476 top5 0.9945
    [12:06:16] step 6450/11249 | avg train loss 0.8177 top1 0.9475 top5 0.9945
    [12:06:48] step 6500/11249 | avg train loss 0.8177 top1 0.9474 top5 0.9945
    [12:07:21] step 6550/11249 | avg train loss 0.8171 top1 0.9476 top5 0.9945
    [12:07:54] step 6600/11249 | avg train loss 0.8177 top1 0.9475 top5 0.9944
    [12:08:26] step 6650/11249 | avg train loss 0.8176 top1 0.9474 top5 0.9944
    [12:08:59] step 6700/11249 | avg train loss 0.8172 top1 0.9476 top5 0.9944
    [12:09:32] step 6750/11249 | avg train loss 0.8176 top1 0.9475 top5 0.9944
    [12:10:05] step 6800/11249 | avg train loss 0.8173 top1 0.9475 top5 0.9945
    [12:10:37] step 6850/11249 | avg train loss 0.8174 top1 0.9473 top5 0.9945
    [12:11:10] step 6900/11249 | avg train loss 0.8178 top1 0.9471 top5 0.9944
    [12:11:43] step 6950/11249 | avg train loss 0.8180 top1 0.9471 top5 0.9944
    [12:12:16] step 7000/11249 | avg train loss 0.8179 top1 0.9471 top5 0.9943
    [12:12:48] step 7050/11249 | avg train loss 0.8183 top1 0.9469 top5 0.9943
    [12:13:21] step 7100/11249 | avg train loss 0.8186 top1 0.9468 top5 0.9943
    [12:13:54] step 7150/11249 | avg train loss 0.8185 top1 0.9469 top5 0.9943
    [12:14:27] step 7200/11249 | avg train loss 0.8186 top1 0.9467 top5 0.9943
    [12:14:59] step 7250/11249 | avg train loss 0.8186 top1 0.9467 top5 0.9943
    [12:15:32] step 7300/11249 | avg train loss 0.8192 top1 0.9464 top5 0.9943
    [12:16:05] step 7350/11249 | avg train loss 0.8193 top1 0.9464 top5 0.9943
    [12:16:37] step 7400/11249 | avg train loss 0.8192 top1 0.9464 top5 0.9944
    [12:17:10] step 7450/11249 | avg train loss 0.8190 top1 0.9464 top5 0.9944
    [12:17:43] step 7500/11249 | avg train loss 0.8188 top1 0.9465 top5 0.9944
    [12:18:16] step 7550/11249 | avg train loss 0.8185 top1 0.9466 top5 0.9944
    [12:18:48] step 7600/11249 | avg train loss 0.8185 top1 0.9465 top5 0.9944
    [12:19:21] step 7650/11249 | avg train loss 0.8183 top1 0.9465 top5 0.9944
    [12:19:54] step 7700/11249 | avg train loss 0.8183 top1 0.9465 top5 0.9945
    [12:20:27] step 7750/11249 | avg train loss 0.8187 top1 0.9465 top5 0.9945
    [12:20:59] step 7800/11249 | avg train loss 0.8190 top1 0.9463 top5 0.9944
    [12:21:32] step 7850/11249 | avg train loss 0.8191 top1 0.9462 top5 0.9944
    [12:22:05] step 7900/11249 | avg train loss 0.8190 top1 0.9463 top5 0.9944
    [12:22:38] step 7950/11249 | avg train loss 0.8191 top1 0.9462 top5 0.9944
    [12:23:11] step 8000/11249 | avg train loss 0.8188 top1 0.9462 top5 0.9945
    [12:23:43] step 8050/11249 | avg train loss 0.8190 top1 0.9461 top5 0.9945
    [12:24:16] step 8100/11249 | avg train loss 0.8191 top1 0.9461 top5 0.9945
    [12:24:49] step 8150/11249 | avg train loss 0.8189 top1 0.9462 top5 0.9945
    [12:25:21] step 8200/11249 | avg train loss 0.8189 top1 0.9462 top5 0.9945
    [12:25:54] step 8250/11249 | avg train loss 0.8192 top1 0.9460 top5 0.9945
    [12:26:27] step 8300/11249 | avg train loss 0.8190 top1 0.9461 top5 0.9944
    [12:27:00] step 8350/11249 | avg train loss 0.8190 top1 0.9461 top5 0.9944
    [12:27:32] step 8400/11249 | avg train loss 0.8191 top1 0.9462 top5 0.9944
    [12:28:05] step 8450/11249 | avg train loss 0.8189 top1 0.9462 top5 0.9944
    [12:28:38] step 8500/11249 | avg train loss 0.8189 top1 0.9462 top5 0.9944
    [12:29:11] step 8550/11249 | avg train loss 0.8193 top1 0.9461 top5 0.9944
    [12:29:43] step 8600/11249 | avg train loss 0.8192 top1 0.9460 top5 0.9944
    [12:30:16] step 8650/11249 | avg train loss 0.8189 top1 0.9461 top5 0.9945
    [12:30:49] step 8700/11249 | avg train loss 0.8186 top1 0.9462 top5 0.9945
    [12:31:22] step 8750/11249 | avg train loss 0.8184 top1 0.9462 top5 0.9945
    [12:31:54] step 8800/11249 | avg train loss 0.8184 top1 0.9462 top5 0.9945
    [12:32:27] step 8850/11249 | avg train loss 0.8189 top1 0.9461 top5 0.9944
    [12:33:00] step 8900/11249 | avg train loss 0.8191 top1 0.9460 top5 0.9944
    [12:33:32] step 8950/11249 | avg train loss 0.8193 top1 0.9459 top5 0.9943
    [12:34:05] step 9000/11249 | avg train loss 0.8193 top1 0.9461 top5 0.9943
    [12:34:38] step 9050/11249 | avg train loss 0.8197 top1 0.9459 top5 0.9943
    [12:35:11] step 9100/11249 | avg train loss 0.8196 top1 0.9459 top5 0.9943
    [12:35:44] step 9150/11249 | avg train loss 0.8194 top1 0.9460 top5 0.9943
    [12:36:16] step 9200/11249 | avg train loss 0.8194 top1 0.9460 top5 0.9943
    [12:36:49] step 9250/11249 | avg train loss 0.8194 top1 0.9460 top5 0.9943
    [12:37:22] step 9300/11249 | avg train loss 0.8198 top1 0.9458 top5 0.9942
    [12:37:54] step 9350/11249 | avg train loss 0.8199 top1 0.9458 top5 0.9943
    [12:38:27] step 9400/11249 | avg train loss 0.8201 top1 0.9458 top5 0.9943
    [12:39:00] step 9450/11249 | avg train loss 0.8201 top1 0.9458 top5 0.9943
    [12:39:33] step 9500/11249 | avg train loss 0.8199 top1 0.9460 top5 0.9943
    [12:40:05] step 9550/11249 | avg train loss 0.8201 top1 0.9459 top5 0.9943
    [12:40:38] step 9600/11249 | avg train loss 0.8203 top1 0.9459 top5 0.9942
    [12:41:11] step 9650/11249 | avg train loss 0.8202 top1 0.9459 top5 0.9942
    [12:41:44] step 9700/11249 | avg train loss 0.8203 top1 0.9457 top5 0.9943
    [12:42:16] step 9750/11249 | avg train loss 0.8205 top1 0.9457 top5 0.9942
    [12:42:49] step 9800/11249 | avg train loss 0.8208 top1 0.9457 top5 0.9941
    [12:43:22] step 9850/11249 | avg train loss 0.8206 top1 0.9458 top5 0.9942
    [12:43:55] step 9900/11249 | avg train loss 0.8207 top1 0.9457 top5 0.9941
    [12:44:27] step 9950/11249 | avg train loss 0.8209 top1 0.9457 top5 0.9941
    [12:45:00] step 10000/11249 | avg train loss 0.8208 top1 0.9457 top5 0.9940
    [12:45:33] step 10050/11249 | avg train loss 0.8209 top1 0.9457 top5 0.9941
    [12:46:05] step 10100/11249 | avg train loss 0.8211 top1 0.9456 top5 0.9940
    [12:46:38] step 10150/11249 | avg train loss 0.8213 top1 0.9454 top5 0.9940
    [12:47:11] step 10200/11249 | avg train loss 0.8214 top1 0.9454 top5 0.9940
    [12:47:44] step 10250/11249 | avg train loss 0.8212 top1 0.9456 top5 0.9941
    [12:48:16] step 10300/11249 | avg train loss 0.8211 top1 0.9456 top5 0.9941
    [12:48:49] step 10350/11249 | avg train loss 0.8213 top1 0.9456 top5 0.9941
    [12:49:22] step 10400/11249 | avg train loss 0.8214 top1 0.9456 top5 0.9940
    [12:49:55] step 10450/11249 | avg train loss 0.8213 top1 0.9456 top5 0.9941
    [12:50:27] step 10500/11249 | avg train loss 0.8213 top1 0.9456 top5 0.9941
    [12:51:00] step 10550/11249 | avg train loss 0.8213 top1 0.9455 top5 0.9941
    [12:51:33] step 10600/11249 | avg train loss 0.8214 top1 0.9455 top5 0.9941
    [12:52:06] step 10650/11249 | avg train loss 0.8216 top1 0.9454 top5 0.9941
    [12:52:38] step 10700/11249 | avg train loss 0.8217 top1 0.9454 top5 0.9941
    [12:53:11] step 10750/11249 | avg train loss 0.8216 top1 0.9455 top5 0.9941
    [12:53:44] step 10800/11249 | avg train loss 0.8215 top1 0.9455 top5 0.9941
    [12:54:17] step 10850/11249 | avg train loss 0.8216 top1 0.9454 top5 0.9941
    [12:54:49] step 10900/11249 | avg train loss 0.8214 top1 0.9455 top5 0.9942
    [12:55:22] step 10950/11249 | avg train loss 0.8216 top1 0.9455 top5 0.9941
    [12:55:55] step 11000/11249 | avg train loss 0.8216 top1 0.9456 top5 0.9941
    [12:56:27] step 11050/11249 | avg train loss 0.8220 top1 0.9455 top5 0.9941
    [12:57:00] step 11100/11249 | avg train loss 0.8222 top1 0.9454 top5 0.9941
    [12:57:33] step 11150/11249 | avg train loss 0.8221 top1 0.9454 top5 0.9941
    [12:58:06] step 11200/11249 | avg train loss 0.8221 top1 0.9454 top5 0.9941
    [12:58:37] step 11249/11249 | avg train loss 0.8223 top1 0.9454 top5 0.9941
Epoch 10/15 | train loss 0.8223 top1 0.9454 | val loss 1.3328 top1 0.6808 top5 0.8830 | ema val top1 0.6921 top5 0.8906
    [13:13:00] step 50/11249 | avg train loss 0.7829 top1 0.9750 top5 0.9950
    [13:13:33] step 100/11249 | avg train loss 0.7538 top1 0.9775 top5 0.9975
    [13:14:06] step 150/11249 | avg train loss 0.7714 top1 0.9683 top5 0.9950
    [13:14:39] step 200/11249 | avg train loss 0.7721 top1 0.9675 top5 0.9962
    [13:15:11] step 250/11249 | avg train loss 0.7736 top1 0.9670 top5 0.9960
    [13:15:44] step 300/11249 | avg train loss 0.7646 top1 0.9692 top5 0.9967
    [13:16:17] step 350/11249 | avg train loss 0.7606 top1 0.9707 top5 0.9971
    [13:16:50] step 400/11249 | avg train loss 0.7650 top1 0.9706 top5 0.9962
    [13:17:22] step 450/11249 | avg train loss 0.7676 top1 0.9700 top5 0.9961
    [13:17:55] step 500/11249 | avg train loss 0.7651 top1 0.9710 top5 0.9965
    [13:18:28] step 550/11249 | avg train loss 0.7665 top1 0.9714 top5 0.9959
    [13:19:01] step 600/11249 | avg train loss 0.7646 top1 0.9717 top5 0.9958
    [13:19:34] step 650/11249 | avg train loss 0.7616 top1 0.9727 top5 0.9962
    [13:20:07] step 700/11249 | avg train loss 0.7594 top1 0.9736 top5 0.9964
    [13:20:39] step 750/11249 | avg train loss 0.7606 top1 0.9723 top5 0.9963
    [13:21:12] step 800/11249 | avg train loss 0.7602 top1 0.9722 top5 0.9962
    [13:21:45] step 850/11249 | avg train loss 0.7603 top1 0.9724 top5 0.9965
    [13:22:18] step 900/11249 | avg train loss 0.7628 top1 0.9714 top5 0.9964
    [13:22:51] step 950/11249 | avg train loss 0.7628 top1 0.9713 top5 0.9963
    [13:23:23] step 1000/11249 | avg train loss 0.7649 top1 0.9702 top5 0.9965
    [13:23:56] step 1050/11249 | avg train loss 0.7662 top1 0.9695 top5 0.9964
    [13:24:29] step 1100/11249 | avg train loss 0.7701 top1 0.9680 top5 0.9961
    [13:25:02] step 1150/11249 | avg train loss 0.7683 top1 0.9689 top5 0.9963
    [13:25:35] step 1200/11249 | avg train loss 0.7667 top1 0.9694 top5 0.9965
    [13:26:08] step 1250/11249 | avg train loss 0.7670 top1 0.9694 top5 0.9964
    [13:26:40] step 1300/11249 | avg train loss 0.7681 top1 0.9692 top5 0.9965
    [13:27:13] step 1350/11249 | avg train loss 0.7681 top1 0.9691 top5 0.9967
    [13:27:46] step 1400/11249 | avg train loss 0.7678 top1 0.9693 top5 0.9968
    [13:28:19] step 1450/11249 | avg train loss 0.7666 top1 0.9695 top5 0.9969
    [13:28:52] step 1500/11249 | avg train loss 0.7671 top1 0.9693 top5 0.9968
    [13:29:24] step 1550/11249 | avg train loss 0.7696 top1 0.9687 top5 0.9966
    [13:29:57] step 1600/11249 | avg train loss 0.7696 top1 0.9683 top5 0.9967
    [13:30:30] step 1650/11249 | avg train loss 0.7704 top1 0.9682 top5 0.9965
    [13:31:03] step 1700/11249 | avg train loss 0.7693 top1 0.9684 top5 0.9966
    [13:31:36] step 1750/11249 | avg train loss 0.7685 top1 0.9684 top5 0.9967
    [13:32:08] step 1800/11249 | avg train loss 0.7694 top1 0.9682 top5 0.9967
    [13:32:41] step 1850/11249 | avg train loss 0.7688 top1 0.9684 top5 0.9968
    [13:33:14] step 1900/11249 | avg train loss 0.7679 top1 0.9687 top5 0.9968
    [13:33:47] step 1950/11249 | avg train loss 0.7676 top1 0.9688 top5 0.9968
    [13:34:20] step 2000/11249 | avg train loss 0.7675 top1 0.9688 top5 0.9968
    [13:34:52] step 2050/11249 | avg train loss 0.7673 top1 0.9687 top5 0.9968
    [13:35:25] step 2100/11249 | avg train loss 0.7677 top1 0.9685 top5 0.9969
    [13:35:58] step 2150/11249 | avg train loss 0.7681 top1 0.9683 top5 0.9969
    [13:36:31] step 2200/11249 | avg train loss 0.7698 top1 0.9675 top5 0.9967
    [13:37:04] step 2250/11249 | avg train loss 0.7694 top1 0.9679 top5 0.9968
    [13:37:36] step 2300/11249 | avg train loss 0.7691 top1 0.9679 top5 0.9967
    [13:38:09] step 2350/11249 | avg train loss 0.7690 top1 0.9678 top5 0.9968
    [13:38:42] step 2400/11249 | avg train loss 0.7687 top1 0.9678 top5 0.9968
    [13:39:15] step 2450/11249 | avg train loss 0.7688 top1 0.9678 top5 0.9968
    [13:39:48] step 2500/11249 | avg train loss 0.7681 top1 0.9680 top5 0.9968
    [13:40:20] step 2550/11249 | avg train loss 0.7675 top1 0.9683 top5 0.9968
    [13:40:53] step 2600/11249 | avg train loss 0.7677 top1 0.9685 top5 0.9966
    [13:41:26] step 2650/11249 | avg train loss 0.7680 top1 0.9683 top5 0.9966
    [13:41:59] step 2700/11249 | avg train loss 0.7685 top1 0.9681 top5 0.9965
    [13:42:31] step 2750/11249 | avg train loss 0.7687 top1 0.9678 top5 0.9965
    [13:43:04] step 2800/11249 | avg train loss 0.7687 top1 0.9678 top5 0.9966
    [13:43:37] step 2850/11249 | avg train loss 0.7690 top1 0.9676 top5 0.9966
    [13:44:10] step 2900/11249 | avg train loss 0.7691 top1 0.9678 top5 0.9966
    [13:44:43] step 2950/11249 | avg train loss 0.7694 top1 0.9677 top5 0.9966
    [13:45:16] step 3000/11249 | avg train loss 0.7699 top1 0.9673 top5 0.9967
    [13:45:48] step 3050/11249 | avg train loss 0.7695 top1 0.9673 top5 0.9967
    [13:46:21] step 3100/11249 | avg train loss 0.7696 top1 0.9672 top5 0.9968
    [13:46:54] step 3150/11249 | avg train loss 0.7690 top1 0.9675 top5 0.9968
    [13:47:27] step 3200/11249 | avg train loss 0.7690 top1 0.9673 top5 0.9969
    [13:48:00] step 3250/11249 | avg train loss 0.7688 top1 0.9673 top5 0.9969
    [13:48:33] step 3300/11249 | avg train loss 0.7685 top1 0.9676 top5 0.9970
    [13:49:06] step 3350/11249 | avg train loss 0.7684 top1 0.9675 top5 0.9969
    [13:49:38] step 3400/11249 | avg train loss 0.7696 top1 0.9668 top5 0.9969
    [13:50:11] step 3450/11249 | avg train loss 0.7698 top1 0.9667 top5 0.9970
    [13:50:44] step 3500/11249 | avg train loss 0.7698 top1 0.9666 top5 0.9970
    [13:51:17] step 3550/11249 | avg train loss 0.7701 top1 0.9666 top5 0.9969
    [13:51:50] step 3600/11249 | avg train loss 0.7704 top1 0.9664 top5 0.9969
    [13:52:23] step 3650/11249 | avg train loss 0.7705 top1 0.9662 top5 0.9969
    [13:52:56] step 3700/11249 | avg train loss 0.7713 top1 0.9659 top5 0.9967
    [13:53:28] step 3750/11249 | avg train loss 0.7719 top1 0.9657 top5 0.9967
    [13:54:01] step 3800/11249 | avg train loss 0.7724 top1 0.9655 top5 0.9966
    [13:54:34] step 3850/11249 | avg train loss 0.7726 top1 0.9654 top5 0.9966
    [13:55:07] step 3900/11249 | avg train loss 0.7721 top1 0.9654 top5 0.9967
    [13:55:40] step 3950/11249 | avg train loss 0.7726 top1 0.9653 top5 0.9967
    [13:56:13] step 4000/11249 | avg train loss 0.7723 top1 0.9654 top5 0.9968
    [13:56:46] step 4050/11249 | avg train loss 0.7724 top1 0.9653 top5 0.9968
    [13:57:19] step 4100/11249 | avg train loss 0.7723 top1 0.9655 top5 0.9968
    [13:57:51] step 4150/11249 | avg train loss 0.7721 top1 0.9655 top5 0.9968
    [13:58:24] step 4200/11249 | avg train loss 0.7716 top1 0.9658 top5 0.9968
    [13:58:57] step 4250/11249 | avg train loss 0.7719 top1 0.9656 top5 0.9968
    [13:59:30] step 4300/11249 | avg train loss 0.7714 top1 0.9658 top5 0.9969
    [14:00:03] step 4350/11249 | avg train loss 0.7715 top1 0.9658 top5 0.9968
    [14:00:36] step 4400/11249 | avg train loss 0.7717 top1 0.9657 top5 0.9968
    [14:01:09] step 4450/11249 | avg train loss 0.7714 top1 0.9659 top5 0.9969
    [14:01:42] step 4500/11249 | avg train loss 0.7714 top1 0.9658 top5 0.9968
    [14:02:15] step 4550/11249 | avg train loss 0.7718 top1 0.9657 top5 0.9968
    [14:02:47] step 4600/11249 | avg train loss 0.7715 top1 0.9658 top5 0.9967
    [14:03:20] step 4650/11249 | avg train loss 0.7716 top1 0.9659 top5 0.9967
    [14:03:53] step 4700/11249 | avg train loss 0.7714 top1 0.9661 top5 0.9968
    [14:04:26] step 4750/11249 | avg train loss 0.7717 top1 0.9658 top5 0.9967
    [14:04:59] step 4800/11249 | avg train loss 0.7716 top1 0.9660 top5 0.9967
    [14:05:32] step 4850/11249 | avg train loss 0.7720 top1 0.9659 top5 0.9967
    [14:06:05] step 4900/11249 | avg train loss 0.7721 top1 0.9657 top5 0.9967
    [14:06:37] step 4950/11249 | avg train loss 0.7719 top1 0.9657 top5 0.9967
    [14:07:10] step 5000/11249 | avg train loss 0.7720 top1 0.9656 top5 0.9967
    [14:07:43] step 5050/11249 | avg train loss 0.7725 top1 0.9654 top5 0.9966
    [14:08:16] step 5100/11249 | avg train loss 0.7725 top1 0.9654 top5 0.9967
    [14:08:49] step 5150/11249 | avg train loss 0.7725 top1 0.9652 top5 0.9967
    [14:09:22] step 5200/11249 | avg train loss 0.7726 top1 0.9653 top5 0.9967
    [14:09:55] step 5250/11249 | avg train loss 0.7728 top1 0.9652 top5 0.9967
    [14:10:28] step 5300/11249 | avg train loss 0.7730 top1 0.9651 top5 0.9967
    [14:11:01] step 5350/11249 | avg train loss 0.7728 top1 0.9653 top5 0.9967
    [14:11:33] step 5400/11249 | avg train loss 0.7725 top1 0.9654 top5 0.9968
    [14:12:06] step 5450/11249 | avg train loss 0.7727 top1 0.9654 top5 0.9968
    [14:12:39] step 5500/11249 | avg train loss 0.7729 top1 0.9654 top5 0.9967
    [14:13:12] step 5550/11249 | avg train loss 0.7733 top1 0.9654 top5 0.9967
    [14:13:45] step 5600/11249 | avg train loss 0.7733 top1 0.9654 top5 0.9967
    [14:14:18] step 5650/11249 | avg train loss 0.7737 top1 0.9653 top5 0.9967
    [14:14:51] step 5700/11249 | avg train loss 0.7738 top1 0.9652 top5 0.9967
    [14:15:24] step 5750/11249 | avg train loss 0.7739 top1 0.9651 top5 0.9967
    [14:15:57] step 5800/11249 | avg train loss 0.7740 top1 0.9652 top5 0.9966
    [14:16:29] step 5850/11249 | avg train loss 0.7735 top1 0.9653 top5 0.9967
    [14:17:02] step 5900/11249 | avg train loss 0.7735 top1 0.9653 top5 0.9967
    [14:17:35] step 5950/11249 | avg train loss 0.7736 top1 0.9653 top5 0.9967
    [14:18:08] step 6000/11249 | avg train loss 0.7739 top1 0.9653 top5 0.9967
    [14:18:41] step 6050/11249 | avg train loss 0.7742 top1 0.9652 top5 0.9967
    [14:19:14] step 6100/11249 | avg train loss 0.7745 top1 0.9650 top5 0.9966
    [14:19:47] step 6150/11249 | avg train loss 0.7749 top1 0.9649 top5 0.9966
    [14:20:20] step 6200/11249 | avg train loss 0.7748 top1 0.9649 top5 0.9966
    [14:20:53] step 6250/11249 | avg train loss 0.7746 top1 0.9650 top5 0.9966
    [14:21:25] step 6300/11249 | avg train loss 0.7744 top1 0.9651 top5 0.9966
    [14:21:58] step 6350/11249 | avg train loss 0.7747 top1 0.9650 top5 0.9965
    [14:22:31] step 6400/11249 | avg train loss 0.7746 top1 0.9650 top5 0.9965
    [14:23:04] step 6450/11249 | avg train loss 0.7745 top1 0.9651 top5 0.9965
    [14:23:37] step 6500/11249 | avg train loss 0.7744 top1 0.9652 top5 0.9965
    [14:24:10] step 6550/11249 | avg train loss 0.7740 top1 0.9653 top5 0.9966
    [14:24:43] step 6600/11249 | avg train loss 0.7738 top1 0.9653 top5 0.9966
    [14:25:16] step 6650/11249 | avg train loss 0.7735 top1 0.9654 top5 0.9966
    [14:25:48] step 6700/11249 | avg train loss 0.7738 top1 0.9653 top5 0.9965
    [14:26:21] step 6750/11249 | avg train loss 0.7739 top1 0.9652 top5 0.9965
    [14:26:54] step 6800/11249 | avg train loss 0.7740 top1 0.9652 top5 0.9965
    [14:27:27] step 6850/11249 | avg train loss 0.7740 top1 0.9651 top5 0.9965
    [14:28:00] step 6900/11249 | avg train loss 0.7742 top1 0.9651 top5 0.9965
    [14:28:33] step 6950/11249 | avg train loss 0.7742 top1 0.9651 top5 0.9964
    [14:29:06] step 7000/11249 | avg train loss 0.7741 top1 0.9651 top5 0.9965
    [14:29:38] step 7050/11249 | avg train loss 0.7742 top1 0.9651 top5 0.9965
    [14:30:11] step 7100/11249 | avg train loss 0.7743 top1 0.9651 top5 0.9965
    [14:30:44] step 7150/11249 | avg train loss 0.7740 top1 0.9652 top5 0.9965
    [14:31:17] step 7200/11249 | avg train loss 0.7742 top1 0.9651 top5 0.9965
    [14:31:50] step 7250/11249 | avg train loss 0.7742 top1 0.9652 top5 0.9965
    [14:32:23] step 7300/11249 | avg train loss 0.7739 top1 0.9652 top5 0.9965
    [14:32:56] step 7350/11249 | avg train loss 0.7739 top1 0.9652 top5 0.9966
    [14:33:28] step 7400/11249 | avg train loss 0.7739 top1 0.9652 top5 0.9966
    [14:34:01] step 7450/11249 | avg train loss 0.7735 top1 0.9654 top5 0.9966
    [14:34:34] step 7500/11249 | avg train loss 0.7737 top1 0.9652 top5 0.9966
    [14:35:07] step 7550/11249 | avg train loss 0.7737 top1 0.9652 top5 0.9967
    [14:35:40] step 7600/11249 | avg train loss 0.7739 top1 0.9650 top5 0.9966
    [14:36:13] step 7650/11249 | avg train loss 0.7736 top1 0.9652 top5 0.9967
    [14:36:46] step 7700/11249 | avg train loss 0.7739 top1 0.9651 top5 0.9966
    [14:37:19] step 7750/11249 | avg train loss 0.7738 top1 0.9650 top5 0.9966
    [14:37:51] step 7800/11249 | avg train loss 0.7739 top1 0.9651 top5 0.9966
    [14:38:24] step 7850/11249 | avg train loss 0.7738 top1 0.9652 top5 0.9966
    [14:38:57] step 7900/11249 | avg train loss 0.7736 top1 0.9652 top5 0.9966
    [14:39:30] step 7950/11249 | avg train loss 0.7737 top1 0.9652 top5 0.9965
    [14:40:03] step 8000/11249 | avg train loss 0.7737 top1 0.9652 top5 0.9966
    [14:40:36] step 8050/11249 | avg train loss 0.7742 top1 0.9649 top5 0.9966
    [14:41:08] step 8100/11249 | avg train loss 0.7742 top1 0.9650 top5 0.9965
    [14:41:41] step 8150/11249 | avg train loss 0.7745 top1 0.9648 top5 0.9965
    [14:42:14] step 8200/11249 | avg train loss 0.7745 top1 0.9648 top5 0.9965
    [14:42:47] step 8250/11249 | avg train loss 0.7746 top1 0.9649 top5 0.9965
    [14:43:20] step 8300/11249 | avg train loss 0.7745 top1 0.9649 top5 0.9965
    [14:43:53] step 8350/11249 | avg train loss 0.7745 top1 0.9649 top5 0.9965
    [14:44:26] step 8400/11249 | avg train loss 0.7751 top1 0.9647 top5 0.9965
    [14:44:59] step 8450/11249 | avg train loss 0.7752 top1 0.9647 top5 0.9964
    [14:45:31] step 8500/11249 | avg train loss 0.7751 top1 0.9648 top5 0.9965
    [14:46:04] step 8550/11249 | avg train loss 0.7752 top1 0.9647 top5 0.9965
    [14:46:37] step 8600/11249 | avg train loss 0.7753 top1 0.9648 top5 0.9965
    [14:47:10] step 8650/11249 | avg train loss 0.7754 top1 0.9647 top5 0.9965
    [14:47:43] step 8700/11249 | avg train loss 0.7757 top1 0.9646 top5 0.9965
    [14:48:16] step 8750/11249 | avg train loss 0.7758 top1 0.9645 top5 0.9965
    [14:48:49] step 8800/11249 | avg train loss 0.7758 top1 0.9645 top5 0.9965
    [14:49:22] step 8850/11249 | avg train loss 0.7760 top1 0.9645 top5 0.9965
    [14:49:54] step 8900/11249 | avg train loss 0.7761 top1 0.9644 top5 0.9965
    [14:50:27] step 8950/11249 | avg train loss 0.7759 top1 0.9645 top5 0.9965
    [14:51:00] step 9000/11249 | avg train loss 0.7762 top1 0.9644 top5 0.9965
    [14:51:33] step 9050/11249 | avg train loss 0.7763 top1 0.9643 top5 0.9965
    [14:52:06] step 9100/11249 | avg train loss 0.7765 top1 0.9643 top5 0.9965
    [14:52:38] step 9150/11249 | avg train loss 0.7766 top1 0.9642 top5 0.9965
    [14:53:11] step 9200/11249 | avg train loss 0.7767 top1 0.9641 top5 0.9965
    [14:53:44] step 9250/11249 | avg train loss 0.7767 top1 0.9641 top5 0.9965
    [14:54:17] step 9300/11249 | avg train loss 0.7768 top1 0.9641 top5 0.9966
    [14:54:50] step 9350/11249 | avg train loss 0.7766 top1 0.9641 top5 0.9966
    [14:55:23] step 9400/11249 | avg train loss 0.7765 top1 0.9641 top5 0.9966
    [14:55:56] step 9450/11249 | avg train loss 0.7764 top1 0.9642 top5 0.9966
    [14:56:28] step 9500/11249 | avg train loss 0.7764 top1 0.9642 top5 0.9966
    [14:57:01] step 9550/11249 | avg train loss 0.7764 top1 0.9642 top5 0.9965
    [14:57:34] step 9600/11249 | avg train loss 0.7764 top1 0.9642 top5 0.9965
    [14:58:07] step 9650/11249 | avg train loss 0.7765 top1 0.9642 top5 0.9965
    [14:58:40] step 9700/11249 | avg train loss 0.7764 top1 0.9643 top5 0.9965
    [14:59:12] step 9750/11249 | avg train loss 0.7764 top1 0.9643 top5 0.9966
    [14:59:45] step 9800/11249 | avg train loss 0.7765 top1 0.9642 top5 0.9965
    [15:00:18] step 9850/11249 | avg train loss 0.7765 top1 0.9642 top5 0.9965
    [15:00:51] step 9900/11249 | avg train loss 0.7767 top1 0.9641 top5 0.9964
    [15:01:24] step 9950/11249 | avg train loss 0.7767 top1 0.9641 top5 0.9964
    [15:01:57] step 10000/11249 | avg train loss 0.7769 top1 0.9639 top5 0.9964
    [15:02:29] step 10050/11249 | avg train loss 0.7767 top1 0.9640 top5 0.9965
    [15:03:02] step 10100/11249 | avg train loss 0.7768 top1 0.9640 top5 0.9965
    [15:03:35] step 10150/11249 | avg train loss 0.7767 top1 0.9640 top5 0.9965
    [15:04:08] step 10200/11249 | avg train loss 0.7771 top1 0.9639 top5 0.9964
    [15:04:41] step 10250/11249 | avg train loss 0.7771 top1 0.9639 top5 0.9964
    [15:05:13] step 10300/11249 | avg train loss 0.7773 top1 0.9638 top5 0.9964
    [15:05:46] step 10350/11249 | avg train loss 0.7772 top1 0.9639 top5 0.9964
    [15:06:19] step 10400/11249 | avg train loss 0.7774 top1 0.9639 top5 0.9964
    [15:06:52] step 10450/11249 | avg train loss 0.7773 top1 0.9639 top5 0.9964
    [15:07:25] step 10500/11249 | avg train loss 0.7772 top1 0.9640 top5 0.9964
    [15:07:58] step 10550/11249 | avg train loss 0.7774 top1 0.9639 top5 0.9963
    [15:08:30] step 10600/11249 | avg train loss 0.7773 top1 0.9639 top5 0.9963
    [15:09:03] step 10650/11249 | avg train loss 0.7772 top1 0.9639 top5 0.9963
    [15:09:36] step 10700/11249 | avg train loss 0.7773 top1 0.9639 top5 0.9963
    [15:10:09] step 10750/11249 | avg train loss 0.7774 top1 0.9638 top5 0.9963
    [15:10:42] step 10800/11249 | avg train loss 0.7772 top1 0.9638 top5 0.9963
    [15:11:15] step 10850/11249 | avg train loss 0.7775 top1 0.9637 top5 0.9963
    [15:11:47] step 10900/11249 | avg train loss 0.7776 top1 0.9636 top5 0.9963
    [15:12:20] step 10950/11249 | avg train loss 0.7778 top1 0.9635 top5 0.9963
    [15:12:53] step 11000/11249 | avg train loss 0.7775 top1 0.9636 top5 0.9963
    [15:13:26] step 11050/11249 | avg train loss 0.7775 top1 0.9636 top5 0.9964
    [15:13:59] step 11100/11249 | avg train loss 0.7777 top1 0.9636 top5 0.9964
    [15:14:32] step 11150/11249 | avg train loss 0.7777 top1 0.9636 top5 0.9964
    [15:15:05] step 11200/11249 | avg train loss 0.7779 top1 0.9635 top5 0.9964
    [15:15:36] step 11249/11249 | avg train loss 0.7779 top1 0.9634 top5 0.9964
Epoch 11/15 | train loss 0.7779 top1 0.9634 | val loss 1.4255 top1 0.6725 top5 0.8692 | ema val top1 0.6965 top5 0.8852
    [15:30:01] step 50/11249 | avg train loss 0.7577 top1 0.9800 top5 1.0000
    [15:30:34] step 100/11249 | avg train loss 0.7388 top1 0.9850 top5 1.0000
    [15:31:07] step 150/11249 | avg train loss 0.7463 top1 0.9833 top5 0.9967
    [15:31:40] step 200/11249 | avg train loss 0.7412 top1 0.9838 top5 0.9975
    [15:32:13] step 250/11249 | avg train loss 0.7422 top1 0.9830 top5 0.9970
    [15:32:45] step 300/11249 | avg train loss 0.7422 top1 0.9842 top5 0.9975
    [15:33:19] step 350/11249 | avg train loss 0.7423 top1 0.9821 top5 0.9971
    [15:33:51] step 400/11249 | avg train loss 0.7452 top1 0.9819 top5 0.9969
    [15:34:24] step 450/11249 | avg train loss 0.7417 top1 0.9822 top5 0.9972
    [15:34:57] step 500/11249 | avg train loss 0.7460 top1 0.9815 top5 0.9970
    [15:35:30] step 550/11249 | avg train loss 0.7460 top1 0.9809 top5 0.9968
    [15:36:03] step 600/11249 | avg train loss 0.7442 top1 0.9812 top5 0.9971
    [15:36:35] step 650/11249 | avg train loss 0.7423 top1 0.9815 top5 0.9969
    [15:37:08] step 700/11249 | avg train loss 0.7419 top1 0.9818 top5 0.9971
    [15:37:41] step 750/11249 | avg train loss 0.7405 top1 0.9820 top5 0.9973
    [15:38:14] step 800/11249 | avg train loss 0.7441 top1 0.9809 top5 0.9972
    [15:38:47] step 850/11249 | avg train loss 0.7441 top1 0.9809 top5 0.9968
    [15:39:20] step 900/11249 | avg train loss 0.7435 top1 0.9811 top5 0.9969
    [15:39:53] step 950/11249 | avg train loss 0.7415 top1 0.9816 top5 0.9971
    [15:40:25] step 1000/11249 | avg train loss 0.7398 top1 0.9822 top5 0.9972
    [15:40:58] step 1050/11249 | avg train loss 0.7401 top1 0.9817 top5 0.9971
    [15:41:31] step 1100/11249 | avg train loss 0.7405 top1 0.9811 top5 0.9968
    [15:42:04] step 1150/11249 | avg train loss 0.7408 top1 0.9811 top5 0.9970
    [15:42:37] step 1200/11249 | avg train loss 0.7393 top1 0.9815 top5 0.9971
    [15:43:09] step 1250/11249 | avg train loss 0.7390 top1 0.9814 top5 0.9970
    [15:43:42] step 1300/11249 | avg train loss 0.7393 top1 0.9813 top5 0.9969
    [15:44:15] step 1350/11249 | avg train loss 0.7391 top1 0.9811 top5 0.9970
    [15:44:48] step 1400/11249 | avg train loss 0.7383 top1 0.9812 top5 0.9971
    [15:45:21] step 1450/11249 | avg train loss 0.7378 top1 0.9812 top5 0.9972
    [15:45:54] step 1500/11249 | avg train loss 0.7394 top1 0.9803 top5 0.9973
    [15:46:27] step 1550/11249 | avg train loss 0.7396 top1 0.9805 top5 0.9971
    [15:46:59] step 1600/11249 | avg train loss 0.7403 top1 0.9800 top5 0.9972
    [15:47:32] step 1650/11249 | avg train loss 0.7405 top1 0.9798 top5 0.9973
    [15:48:05] step 1700/11249 | avg train loss 0.7402 top1 0.9799 top5 0.9972
    [15:48:38] step 1750/11249 | avg train loss 0.7401 top1 0.9799 top5 0.9970
    [15:49:11] step 1800/11249 | avg train loss 0.7407 top1 0.9796 top5 0.9969
    [15:49:44] step 1850/11249 | avg train loss 0.7420 top1 0.9792 top5 0.9969
    [15:50:16] step 1900/11249 | avg train loss 0.7416 top1 0.9793 top5 0.9968
    [15:50:49] step 1950/11249 | avg train loss 0.7420 top1 0.9792 top5 0.9968
    [15:51:22] step 2000/11249 | avg train loss 0.7427 top1 0.9791 top5 0.9968
    [15:51:55] step 2050/11249 | avg train loss 0.7433 top1 0.9788 top5 0.9968
    [15:52:28] step 2100/11249 | avg train loss 0.7429 top1 0.9786 top5 0.9969
    [15:53:01] step 2150/11249 | avg train loss 0.7428 top1 0.9787 top5 0.9969
    [15:53:34] step 2200/11249 | avg train loss 0.7429 top1 0.9788 top5 0.9968
    [15:54:06] step 2250/11249 | avg train loss 0.7427 top1 0.9788 top5 0.9969
    [15:54:39] step 2300/11249 | avg train loss 0.7432 top1 0.9786 top5 0.9968
    [15:55:12] step 2350/11249 | avg train loss 0.7435 top1 0.9784 top5 0.9969
    [15:55:45] step 2400/11249 | avg train loss 0.7435 top1 0.9785 top5 0.9970
    [15:56:18] step 2450/11249 | avg train loss 0.7433 top1 0.9787 top5 0.9970
    [15:56:51] step 2500/11249 | avg train loss 0.7431 top1 0.9787 top5 0.9971
    [15:57:24] step 2550/11249 | avg train loss 0.7438 top1 0.9783 top5 0.9971
    [15:57:57] step 2600/11249 | avg train loss 0.7434 top1 0.9786 top5 0.9971
    [15:58:29] step 2650/11249 | avg train loss 0.7434 top1 0.9785 top5 0.9971
    [15:59:02] step 2700/11249 | avg train loss 0.7435 top1 0.9785 top5 0.9970
    [15:59:35] step 2750/11249 | avg train loss 0.7435 top1 0.9786 top5 0.9970
    [16:00:08] step 2800/11249 | avg train loss 0.7431 top1 0.9787 top5 0.9971
    [16:00:41] step 2850/11249 | avg train loss 0.7429 top1 0.9787 top5 0.9971
    [16:01:14] step 2900/11249 | avg train loss 0.7439 top1 0.9784 top5 0.9969
    [16:01:47] step 2950/11249 | avg train loss 0.7436 top1 0.9785 top5 0.9969
    [16:02:19] step 3000/11249 | avg train loss 0.7432 top1 0.9787 top5 0.9970
    [16:02:52] step 3050/11249 | avg train loss 0.7433 top1 0.9787 top5 0.9970
    [16:03:25] step 3100/11249 | avg train loss 0.7433 top1 0.9788 top5 0.9970
    [16:03:58] step 3150/11249 | avg train loss 0.7432 top1 0.9787 top5 0.9970
    [16:04:31] step 3200/11249 | avg train loss 0.7432 top1 0.9787 top5 0.9970
    [16:05:04] step 3250/11249 | avg train loss 0.7432 top1 0.9786 top5 0.9971
    [16:05:37] step 3300/11249 | avg train loss 0.7430 top1 0.9786 top5 0.9970
    [16:06:09] step 3350/11249 | avg train loss 0.7425 top1 0.9786 top5 0.9971
    [16:06:42] step 3400/11249 | avg train loss 0.7423 top1 0.9786 top5 0.9971
    [16:07:15] step 3450/11249 | avg train loss 0.7422 top1 0.9786 top5 0.9971
    [16:07:48] step 3500/11249 | avg train loss 0.7424 top1 0.9784 top5 0.9971
    [16:08:21] step 3550/11249 | avg train loss 0.7422 top1 0.9785 top5 0.9972
    [16:08:54] step 3600/11249 | avg train loss 0.7431 top1 0.9782 top5 0.9972
    [16:09:26] step 3650/11249 | avg train loss 0.7432 top1 0.9782 top5 0.9971
    [16:10:00] step 3700/11249 | avg train loss 0.7434 top1 0.9778 top5 0.9971
    [16:10:32] step 3750/11249 | avg train loss 0.7430 top1 0.9780 top5 0.9971
    [16:11:05] step 3800/11249 | avg train loss 0.7428 top1 0.9781 top5 0.9971
    [16:11:38] step 3850/11249 | avg train loss 0.7430 top1 0.9779 top5 0.9971
    [16:12:11] step 3900/11249 | avg train loss 0.7425 top1 0.9781 top5 0.9971
    [16:12:44] step 3950/11249 | avg train loss 0.7422 top1 0.9782 top5 0.9972
    [16:13:17] step 4000/11249 | avg train loss 0.7419 top1 0.9783 top5 0.9972
    [16:13:49] step 4050/11249 | avg train loss 0.7414 top1 0.9785 top5 0.9972
    [16:14:22] step 4100/11249 | avg train loss 0.7412 top1 0.9785 top5 0.9972
    [16:14:55] step 4150/11249 | avg train loss 0.7411 top1 0.9786 top5 0.9972
    [16:15:28] step 4200/11249 | avg train loss 0.7411 top1 0.9786 top5 0.9973
    [16:16:01] step 4250/11249 | avg train loss 0.7406 top1 0.9788 top5 0.9973
    [16:16:34] step 4300/11249 | avg train loss 0.7403 top1 0.9789 top5 0.9973
    [16:17:07] step 4350/11249 | avg train loss 0.7403 top1 0.9790 top5 0.9974
    [16:17:39] step 4400/11249 | avg train loss 0.7401 top1 0.9791 top5 0.9974
    [16:18:12] step 4450/11249 | avg train loss 0.7398 top1 0.9792 top5 0.9974
    [16:18:45] step 4500/11249 | avg train loss 0.7396 top1 0.9792 top5 0.9974
    [16:19:18] step 4550/11249 | avg train loss 0.7397 top1 0.9792 top5 0.9974
    [16:19:51] step 4600/11249 | avg train loss 0.7398 top1 0.9790 top5 0.9974
    [16:20:24] step 4650/11249 | avg train loss 0.7394 top1 0.9792 top5 0.9974
    [16:20:56] step 4700/11249 | avg train loss 0.7392 top1 0.9793 top5 0.9974
    [16:21:29] step 4750/11249 | avg train loss 0.7391 top1 0.9792 top5 0.9975
    [16:22:02] step 4800/11249 | avg train loss 0.7392 top1 0.9791 top5 0.9975
    [16:22:35] step 4850/11249 | avg train loss 0.7398 top1 0.9790 top5 0.9974
    [16:23:08] step 4900/11249 | avg train loss 0.7402 top1 0.9788 top5 0.9974
    [16:23:41] step 4950/11249 | avg train loss 0.7403 top1 0.9788 top5 0.9974
    [16:24:14] step 5000/11249 | avg train loss 0.7408 top1 0.9787 top5 0.9973
    [16:24:46] step 5050/11249 | avg train loss 0.7407 top1 0.9787 top5 0.9973
    [16:25:19] step 5100/11249 | avg train loss 0.7411 top1 0.9786 top5 0.9973
    [16:25:52] step 5150/11249 | avg train loss 0.7412 top1 0.9786 top5 0.9973
    [16:26:25] step 5200/11249 | avg train loss 0.7410 top1 0.9787 top5 0.9973
    [16:26:58] step 5250/11249 | avg train loss 0.7408 top1 0.9787 top5 0.9973
    [16:27:31] step 5300/11249 | avg train loss 0.7405 top1 0.9788 top5 0.9974
    [16:28:04] step 5350/11249 | avg train loss 0.7404 top1 0.9787 top5 0.9974
    [16:28:36] step 5400/11249 | avg train loss 0.7402 top1 0.9788 top5 0.9974
    [16:29:09] step 5450/11249 | avg train loss 0.7403 top1 0.9788 top5 0.9974
    [16:29:42] step 5500/11249 | avg train loss 0.7402 top1 0.9787 top5 0.9975
    [16:30:15] step 5550/11249 | avg train loss 0.7399 top1 0.9788 top5 0.9975
    [16:30:48] step 5600/11249 | avg train loss 0.7398 top1 0.9788 top5 0.9975
    [16:31:21] step 5650/11249 | avg train loss 0.7399 top1 0.9788 top5 0.9975
    [16:31:53] step 5700/11249 | avg train loss 0.7399 top1 0.9788 top5 0.9975
    [16:32:26] step 5750/11249 | avg train loss 0.7404 top1 0.9785 top5 0.9974
    [16:32:59] step 5800/11249 | avg train loss 0.7403 top1 0.9786 top5 0.9974
    [16:33:32] step 5850/11249 | avg train loss 0.7403 top1 0.9787 top5 0.9974
    [16:34:05] step 5900/11249 | avg train loss 0.7402 top1 0.9786 top5 0.9974
    [16:34:38] step 5950/11249 | avg train loss 0.7401 top1 0.9787 top5 0.9974
    [16:35:11] step 6000/11249 | avg train loss 0.7398 top1 0.9788 top5 0.9975
    [16:35:43] step 6050/11249 | avg train loss 0.7398 top1 0.9788 top5 0.9974
    [16:36:16] step 6100/11249 | avg train loss 0.7400 top1 0.9787 top5 0.9975
    [16:36:49] step 6150/11249 | avg train loss 0.7400 top1 0.9788 top5 0.9974
    [16:37:22] step 6200/11249 | avg train loss 0.7399 top1 0.9788 top5 0.9975
    [16:37:55] step 6250/11249 | avg train loss 0.7398 top1 0.9788 top5 0.9974
    [16:38:28] step 6300/11249 | avg train loss 0.7397 top1 0.9788 top5 0.9975
    [16:39:00] step 6350/11249 | avg train loss 0.7396 top1 0.9789 top5 0.9975
    [16:39:33] step 6400/11249 | avg train loss 0.7398 top1 0.9788 top5 0.9975
    [16:40:06] step 6450/11249 | avg train loss 0.7401 top1 0.9785 top5 0.9974
    [16:40:39] step 6500/11249 | avg train loss 0.7404 top1 0.9783 top5 0.9975
    [16:41:12] step 6550/11249 | avg train loss 0.7401 top1 0.9784 top5 0.9975
    [16:41:45] step 6600/11249 | avg train loss 0.7401 top1 0.9784 top5 0.9975
    [16:42:18] step 6650/11249 | avg train loss 0.7398 top1 0.9785 top5 0.9975
    [16:42:50] step 6700/11249 | avg train loss 0.7397 top1 0.9784 top5 0.9975
    [16:43:23] step 6750/11249 | avg train loss 0.7402 top1 0.9784 top5 0.9975
    [16:43:56] step 6800/11249 | avg train loss 0.7401 top1 0.9784 top5 0.9975
    [16:44:29] step 6850/11249 | avg train loss 0.7399 top1 0.9784 top5 0.9975
    [16:45:02] step 6900/11249 | avg train loss 0.7401 top1 0.9784 top5 0.9975
    [16:45:35] step 6950/11249 | avg train loss 0.7400 top1 0.9785 top5 0.9975
    [16:46:08] step 7000/11249 | avg train loss 0.7402 top1 0.9784 top5 0.9975
    [16:46:40] step 7050/11249 | avg train loss 0.7404 top1 0.9784 top5 0.9975
    [16:47:13] step 7100/11249 | avg train loss 0.7406 top1 0.9784 top5 0.9975
    [16:47:46] step 7150/11249 | avg train loss 0.7406 top1 0.9783 top5 0.9975
    [16:48:19] step 7200/11249 | avg train loss 0.7405 top1 0.9784 top5 0.9975
    [16:48:52] step 7250/11249 | avg train loss 0.7404 top1 0.9784 top5 0.9975
    [16:49:25] step 7300/11249 | avg train loss 0.7408 top1 0.9782 top5 0.9975
    [16:49:57] step 7350/11249 | avg train loss 0.7407 top1 0.9782 top5 0.9976
    [16:50:30] step 7400/11249 | avg train loss 0.7405 top1 0.9782 top5 0.9976
    [16:51:03] step 7450/11249 | avg train loss 0.7403 top1 0.9783 top5 0.9976
    [16:51:36] step 7500/11249 | avg train loss 0.7405 top1 0.9782 top5 0.9976
    [16:52:09] step 7550/11249 | avg train loss 0.7406 top1 0.9782 top5 0.9976
    [16:52:42] step 7600/11249 | avg train loss 0.7405 top1 0.9783 top5 0.9976
    [16:53:14] step 7650/11249 | avg train loss 0.7404 top1 0.9783 top5 0.9976
    [16:53:47] step 7700/11249 | avg train loss 0.7404 top1 0.9783 top5 0.9976
    [16:54:20] step 7750/11249 | avg train loss 0.7406 top1 0.9782 top5 0.9976
    [16:54:53] step 7800/11249 | avg train loss 0.7406 top1 0.9782 top5 0.9976
    [16:55:26] step 7850/11249 | avg train loss 0.7407 top1 0.9782 top5 0.9976
    [16:55:59] step 7900/11249 | avg train loss 0.7408 top1 0.9782 top5 0.9976
    [16:56:31] step 7950/11249 | avg train loss 0.7408 top1 0.9781 top5 0.9976
    [16:57:04] step 8000/11249 | avg train loss 0.7409 top1 0.9781 top5 0.9976
    [16:57:37] step 8050/11249 | avg train loss 0.7408 top1 0.9781 top5 0.9976
    [16:58:10] step 8100/11249 | avg train loss 0.7408 top1 0.9781 top5 0.9976
    [16:58:43] step 8150/11249 | avg train loss 0.7409 top1 0.9780 top5 0.9976
    [16:59:16] step 8200/11249 | avg train loss 0.7408 top1 0.9780 top5 0.9976
    [16:59:49] step 8250/11249 | avg train loss 0.7408 top1 0.9780 top5 0.9976
    [17:00:21] step 8300/11249 | avg train loss 0.7408 top1 0.9780 top5 0.9977
    [17:00:54] step 8350/11249 | avg train loss 0.7407 top1 0.9780 top5 0.9977
    [17:01:27] step 8400/11249 | avg train loss 0.7408 top1 0.9780 top5 0.9976
    [17:02:00] step 8450/11249 | avg train loss 0.7406 top1 0.9781 top5 0.9977
    [17:02:33] step 8500/11249 | avg train loss 0.7404 top1 0.9781 top5 0.9976
    [17:03:06] step 8550/11249 | avg train loss 0.7405 top1 0.9782 top5 0.9977
    [17:03:38] step 8600/11249 | avg train loss 0.7402 top1 0.9783 top5 0.9977
    [17:04:11] step 8650/11249 | avg train loss 0.7403 top1 0.9783 top5 0.9977
    [17:04:44] step 8700/11249 | avg train loss 0.7403 top1 0.9782 top5 0.9977
    [17:05:17] step 8750/11249 | avg train loss 0.7404 top1 0.9782 top5 0.9977
    [17:05:50] step 8800/11249 | avg train loss 0.7405 top1 0.9782 top5 0.9977
    [17:06:23] step 8850/11249 | avg train loss 0.7405 top1 0.9782 top5 0.9977
    [17:06:56] step 8900/11249 | avg train loss 0.7406 top1 0.9781 top5 0.9977
    [17:07:28] step 8950/11249 | avg train loss 0.7406 top1 0.9781 top5 0.9977
    [17:08:01] step 9000/11249 | avg train loss 0.7406 top1 0.9781 top5 0.9977
    [17:08:34] step 9050/11249 | avg train loss 0.7405 top1 0.9782 top5 0.9977
    [17:09:07] step 9100/11249 | avg train loss 0.7406 top1 0.9781 top5 0.9977
    [17:09:40] step 9150/11249 | avg train loss 0.7408 top1 0.9780 top5 0.9977
    [17:10:13] step 9200/11249 | avg train loss 0.7410 top1 0.9780 top5 0.9977
    [17:10:46] step 9250/11249 | avg train loss 0.7410 top1 0.9779 top5 0.9977
    [17:11:19] step 9300/11249 | avg train loss 0.7411 top1 0.9778 top5 0.9977
    [17:11:51] step 9350/11249 | avg train loss 0.7410 top1 0.9779 top5 0.9978
    [17:12:24] step 9400/11249 | avg train loss 0.7410 top1 0.9779 top5 0.9977
    [17:12:57] step 9450/11249 | avg train loss 0.7410 top1 0.9779 top5 0.9977
    [17:13:30] step 9500/11249 | avg train loss 0.7410 top1 0.9779 top5 0.9977
    [17:14:03] step 9550/11249 | avg train loss 0.7413 top1 0.9777 top5 0.9977
    [17:14:36] step 9600/11249 | avg train loss 0.7414 top1 0.9777 top5 0.9977
    [17:15:08] step 9650/11249 | avg train loss 0.7415 top1 0.9776 top5 0.9977
    [17:15:41] step 9700/11249 | avg train loss 0.7414 top1 0.9776 top5 0.9977
    [17:16:14] step 9750/11249 | avg train loss 0.7412 top1 0.9777 top5 0.9977
    [17:16:47] step 9800/11249 | avg train loss 0.7416 top1 0.9775 top5 0.9977
    [17:17:20] step 9850/11249 | avg train loss 0.7419 top1 0.9775 top5 0.9977
    [17:17:53] step 9900/11249 | avg train loss 0.7420 top1 0.9774 top5 0.9977
    [17:18:26] step 9950/11249 | avg train loss 0.7420 top1 0.9774 top5 0.9977
    [17:18:58] step 10000/11249 | avg train loss 0.7421 top1 0.9774 top5 0.9977
    [17:19:31] step 10050/11249 | avg train loss 0.7423 top1 0.9773 top5 0.9976
    [17:20:04] step 10100/11249 | avg train loss 0.7424 top1 0.9774 top5 0.9976
    [17:20:37] step 10150/11249 | avg train loss 0.7423 top1 0.9774 top5 0.9976
    [17:21:10] step 10200/11249 | avg train loss 0.7423 top1 0.9774 top5 0.9976
    [17:21:43] step 10250/11249 | avg train loss 0.7424 top1 0.9774 top5 0.9976
    [17:22:16] step 10300/11249 | avg train loss 0.7425 top1 0.9774 top5 0.9976
    [17:22:48] step 10350/11249 | avg train loss 0.7426 top1 0.9774 top5 0.9976
    [17:23:21] step 10400/11249 | avg train loss 0.7428 top1 0.9773 top5 0.9975
    [17:23:54] step 10450/11249 | avg train loss 0.7426 top1 0.9773 top5 0.9976
    [17:24:27] step 10500/11249 | avg train loss 0.7425 top1 0.9774 top5 0.9976
    [17:25:00] step 10550/11249 | avg train loss 0.7423 top1 0.9774 top5 0.9976
    [17:25:33] step 10600/11249 | avg train loss 0.7422 top1 0.9775 top5 0.9976
    [17:26:05] step 10650/11249 | avg train loss 0.7421 top1 0.9775 top5 0.9976
    [17:26:38] step 10700/11249 | avg train loss 0.7422 top1 0.9775 top5 0.9976
    [17:27:11] step 10750/11249 | avg train loss 0.7424 top1 0.9773 top5 0.9976
    [17:27:44] step 10800/11249 | avg train loss 0.7426 top1 0.9773 top5 0.9975
    [17:28:17] step 10850/11249 | avg train loss 0.7428 top1 0.9773 top5 0.9975
    [17:28:50] step 10900/11249 | avg train loss 0.7428 top1 0.9773 top5 0.9975
    [17:29:23] step 10950/11249 | avg train loss 0.7426 top1 0.9774 top5 0.9975
    [17:29:56] step 11000/11249 | avg train loss 0.7426 top1 0.9774 top5 0.9975
    [17:30:28] step 11050/11249 | avg train loss 0.7424 top1 0.9775 top5 0.9975
    [17:31:01] step 11100/11249 | avg train loss 0.7424 top1 0.9775 top5 0.9975
    [17:31:34] step 11150/11249 | avg train loss 0.7422 top1 0.9776 top5 0.9975
    [17:32:07] step 11200/11249 | avg train loss 0.7421 top1 0.9775 top5 0.9975
    [17:32:39] step 11249/11249 | avg train loss 0.7421 top1 0.9775 top5 0.9975
Epoch 12/15 | train loss 0.7421 top1 0.9775 | val loss 1.3915 top1 0.6838 top5 0.8713 | ema val top1 0.6894 top5 0.8746
    [17:47:04] step 50/11249 | avg train loss 0.7200 top1 0.9850 top5 1.0000
    [17:47:37] step 100/11249 | avg train loss 0.7175 top1 0.9850 top5 0.9975
    [17:48:10] step 150/11249 | avg train loss 0.7203 top1 0.9850 top5 0.9983
    [17:48:43] step 200/11249 | avg train loss 0.7156 top1 0.9850 top5 0.9988
    [17:49:16] step 250/11249 | avg train loss 0.7144 top1 0.9860 top5 0.9990
    [17:49:49] step 300/11249 | avg train loss 0.7135 top1 0.9875 top5 0.9992
    [17:50:22] step 350/11249 | avg train loss 0.7170 top1 0.9857 top5 0.9993
    [17:50:55] step 400/11249 | avg train loss 0.7140 top1 0.9869 top5 0.9994
    [17:51:28] step 450/11249 | avg train loss 0.7156 top1 0.9867 top5 0.9994
    [17:52:00] step 500/11249 | avg train loss 0.7147 top1 0.9875 top5 0.9990
    [17:52:33] step 550/11249 | avg train loss 0.7148 top1 0.9877 top5 0.9991
    [17:53:06] step 600/11249 | avg train loss 0.7127 top1 0.9888 top5 0.9992
    [17:53:39] step 650/11249 | avg train loss 0.7154 top1 0.9873 top5 0.9988
    [17:54:12] step 700/11249 | avg train loss 0.7164 top1 0.9864 top5 0.9986
    [17:54:45] step 750/11249 | avg train loss 0.7165 top1 0.9867 top5 0.9987
    [17:55:18] step 800/11249 | avg train loss 0.7152 top1 0.9872 top5 0.9988
    [17:55:51] step 850/11249 | avg train loss 0.7160 top1 0.9871 top5 0.9988
    [17:56:24] step 900/11249 | avg train loss 0.7154 top1 0.9875 top5 0.9986
    [17:56:56] step 950/11249 | avg train loss 0.7154 top1 0.9871 top5 0.9987
    [17:57:29] step 1000/11249 | avg train loss 0.7137 top1 0.9878 top5 0.9988
    [17:58:02] step 1050/11249 | avg train loss 0.7144 top1 0.9876 top5 0.9986
    [17:58:35] step 1100/11249 | avg train loss 0.7152 top1 0.9873 top5 0.9986
    [17:59:08] step 1150/11249 | avg train loss 0.7148 top1 0.9872 top5 0.9987
    [17:59:41] step 1200/11249 | avg train loss 0.7136 top1 0.9877 top5 0.9988
    [18:00:14] step 1250/11249 | avg train loss 0.7146 top1 0.9874 top5 0.9988
    [18:00:47] step 1300/11249 | avg train loss 0.7151 top1 0.9875 top5 0.9988
    [18:01:19] step 1350/11249 | avg train loss 0.7147 top1 0.9878 top5 0.9989
    [18:01:52] step 1400/11249 | avg train loss 0.7148 top1 0.9875 top5 0.9989
    [18:02:25] step 1450/11249 | avg train loss 0.7150 top1 0.9874 top5 0.9990
    [18:02:58] step 1500/11249 | avg train loss 0.7141 top1 0.9877 top5 0.9990
    [18:03:31] step 1550/11249 | avg train loss 0.7140 top1 0.9877 top5 0.9989
    [18:04:04] step 1600/11249 | avg train loss 0.7137 top1 0.9875 top5 0.9989
    [18:04:37] step 1650/11249 | avg train loss 0.7132 top1 0.9877 top5 0.9989
    [18:05:09] step 1700/11249 | avg train loss 0.7126 top1 0.9881 top5 0.9990
    [18:05:42] step 1750/11249 | avg train loss 0.7124 top1 0.9880 top5 0.9990
    [18:06:15] step 1800/11249 | avg train loss 0.7126 top1 0.9881 top5 0.9989
    [18:06:48] step 1850/11249 | avg train loss 0.7120 top1 0.9884 top5 0.9989
    [18:07:21] step 1900/11249 | avg train loss 0.7127 top1 0.9882 top5 0.9988
    [18:07:54] step 1950/11249 | avg train loss 0.7121 top1 0.9885 top5 0.9988
    [18:08:27] step 2000/11249 | avg train loss 0.7127 top1 0.9881 top5 0.9989
    [18:09:00] step 2050/11249 | avg train loss 0.7121 top1 0.9884 top5 0.9989
    [18:09:33] step 2100/11249 | avg train loss 0.7123 top1 0.9885 top5 0.9988
    [18:10:05] step 2150/11249 | avg train loss 0.7118 top1 0.9886 top5 0.9988
    [18:10:38] step 2200/11249 | avg train loss 0.7124 top1 0.9884 top5 0.9988
    [18:11:11] step 2250/11249 | avg train loss 0.7123 top1 0.9884 top5 0.9987
    [18:11:44] step 2300/11249 | avg train loss 0.7126 top1 0.9884 top5 0.9987
    [18:12:17] step 2350/11249 | avg train loss 0.7129 top1 0.9882 top5 0.9986
    [18:12:50] step 2400/11249 | avg train loss 0.7124 top1 0.9884 top5 0.9986
    [18:13:23] step 2450/11249 | avg train loss 0.7129 top1 0.9883 top5 0.9987
    [18:13:56] step 2500/11249 | avg train loss 0.7134 top1 0.9880 top5 0.9987
    [18:14:29] step 2550/11249 | avg train loss 0.7131 top1 0.9881 top5 0.9987
    [18:15:01] step 2600/11249 | avg train loss 0.7135 top1 0.9881 top5 0.9988
    [18:15:34] step 2650/11249 | avg train loss 0.7135 top1 0.9880 top5 0.9987
    [18:16:07] step 2700/11249 | avg train loss 0.7141 top1 0.9878 top5 0.9985
    [18:16:40] step 2750/11249 | avg train loss 0.7146 top1 0.9875 top5 0.9985
    [18:17:13] step 2800/11249 | avg train loss 0.7147 top1 0.9874 top5 0.9986
    [18:17:46] step 2850/11249 | avg train loss 0.7143 top1 0.9875 top5 0.9986
    [18:18:19] step 2900/11249 | avg train loss 0.7142 top1 0.9876 top5 0.9986
    [18:18:52] step 2950/11249 | avg train loss 0.7149 top1 0.9872 top5 0.9986
    [18:19:24] step 3000/11249 | avg train loss 0.7159 top1 0.9868 top5 0.9986
    [18:19:57] step 3050/11249 | avg train loss 0.7155 top1 0.9869 top5 0.9986
    [18:20:30] step 3100/11249 | avg train loss 0.7156 top1 0.9868 top5 0.9986
    [18:21:03] step 3150/11249 | avg train loss 0.7156 top1 0.9868 top5 0.9987
    [18:21:36] step 3200/11249 | avg train loss 0.7152 top1 0.9870 top5 0.9987
    [18:22:09] step 3250/11249 | avg train loss 0.7152 top1 0.9870 top5 0.9987
    [18:22:41] step 3300/11249 | avg train loss 0.7148 top1 0.9870 top5 0.9987
    [18:23:14] step 3350/11249 | avg train loss 0.7144 top1 0.9872 top5 0.9987
    [18:23:47] step 3400/11249 | avg train loss 0.7143 top1 0.9872 top5 0.9988
    [18:24:20] step 3450/11249 | avg train loss 0.7146 top1 0.9871 top5 0.9986
    [18:24:53] step 3500/11249 | avg train loss 0.7141 top1 0.9873 top5 0.9986
    [18:25:26] step 3550/11249 | avg train loss 0.7139 top1 0.9874 top5 0.9987
    [18:25:59] step 3600/11249 | avg train loss 0.7139 top1 0.9872 top5 0.9987
    [18:26:31] step 3650/11249 | avg train loss 0.7136 top1 0.9873 top5 0.9987
    [18:27:04] step 3700/11249 | avg train loss 0.7138 top1 0.9874 top5 0.9986
    [18:27:37] step 3750/11249 | avg train loss 0.7136 top1 0.9875 top5 0.9986
    [18:28:10] step 3800/11249 | avg train loss 0.7139 top1 0.9873 top5 0.9986
    [18:28:43] step 3850/11249 | avg train loss 0.7143 top1 0.9872 top5 0.9986
    [18:29:16] step 3900/11249 | avg train loss 0.7143 top1 0.9872 top5 0.9986
    [18:29:48] step 3950/11249 | avg train loss 0.7145 top1 0.9872 top5 0.9985
    [18:30:22] step 4000/11249 | avg train loss 0.7143 top1 0.9872 top5 0.9986
    [18:30:54] step 4050/11249 | avg train loss 0.7146 top1 0.9870 top5 0.9985
    [18:31:27] step 4100/11249 | avg train loss 0.7143 top1 0.9871 top5 0.9985
    [18:32:00] step 4150/11249 | avg train loss 0.7142 top1 0.9871 top5 0.9986
    [18:32:33] step 4200/11249 | avg train loss 0.7145 top1 0.9870 top5 0.9986
    [18:33:06] step 4250/11249 | avg train loss 0.7142 top1 0.9871 top5 0.9986
    [18:33:39] step 4300/11249 | avg train loss 0.7145 top1 0.9870 top5 0.9985
    [18:34:11] step 4350/11249 | avg train loss 0.7143 top1 0.9871 top5 0.9986
    [18:34:44] step 4400/11249 | avg train loss 0.7143 top1 0.9872 top5 0.9985
    [18:35:17] step 4450/11249 | avg train loss 0.7146 top1 0.9871 top5 0.9984
    [18:35:50] step 4500/11249 | avg train loss 0.7144 top1 0.9871 top5 0.9984
    [18:36:23] step 4550/11249 | avg train loss 0.7148 top1 0.9869 top5 0.9985
    [18:36:56] step 4600/11249 | avg train loss 0.7148 top1 0.9868 top5 0.9985
    [18:37:29] step 4650/11249 | avg train loss 0.7147 top1 0.9869 top5 0.9985
    [18:38:01] step 4700/11249 | avg train loss 0.7147 top1 0.9870 top5 0.9985
    [18:38:34] step 4750/11249 | avg train loss 0.7144 top1 0.9871 top5 0.9985
    [18:39:07] step 4800/11249 | avg train loss 0.7142 top1 0.9872 top5 0.9985
    [18:39:40] step 4850/11249 | avg train loss 0.7140 top1 0.9874 top5 0.9986
    [18:40:13] step 4900/11249 | avg train loss 0.7137 top1 0.9874 top5 0.9986
    [18:40:45] step 4950/11249 | avg train loss 0.7139 top1 0.9874 top5 0.9986
    [18:41:18] step 5000/11249 | avg train loss 0.7140 top1 0.9873 top5 0.9986
    [18:41:51] step 5050/11249 | avg train loss 0.7139 top1 0.9873 top5 0.9986
    [18:42:24] step 5100/11249 | avg train loss 0.7140 top1 0.9874 top5 0.9986
    [18:42:57] step 5150/11249 | avg train loss 0.7139 top1 0.9873 top5 0.9986
    [18:43:30] step 5200/11249 | avg train loss 0.7142 top1 0.9873 top5 0.9986
    [18:44:03] step 5250/11249 | avg train loss 0.7144 top1 0.9872 top5 0.9986
    [18:44:35] step 5300/11249 | avg train loss 0.7146 top1 0.9872 top5 0.9985
    [18:45:08] step 5350/11249 | avg train loss 0.7144 top1 0.9872 top5 0.9986
    [18:45:41] step 5400/11249 | avg train loss 0.7144 top1 0.9872 top5 0.9985
    [18:46:14] step 5450/11249 | avg train loss 0.7145 top1 0.9872 top5 0.9985
    [18:46:47] step 5500/11249 | avg train loss 0.7144 top1 0.9872 top5 0.9985
    [18:47:20] step 5550/11249 | avg train loss 0.7143 top1 0.9872 top5 0.9986
    [18:47:52] step 5600/11249 | avg train loss 0.7141 top1 0.9873 top5 0.9986
    [18:48:26] step 5650/11249 | avg train loss 0.7139 top1 0.9873 top5 0.9986
    [18:48:58] step 5700/11249 | avg train loss 0.7139 top1 0.9873 top5 0.9986
    [18:49:31] step 5750/11249 | avg train loss 0.7139 top1 0.9873 top5 0.9985
    [18:50:04] step 5800/11249 | avg train loss 0.7139 top1 0.9873 top5 0.9985
    [18:50:37] step 5850/11249 | avg train loss 0.7141 top1 0.9872 top5 0.9985
    [18:51:10] step 5900/11249 | avg train loss 0.7143 top1 0.9872 top5 0.9986
    [18:51:42] step 5950/11249 | avg train loss 0.7140 top1 0.9873 top5 0.9986
    [18:52:15] step 6000/11249 | avg train loss 0.7140 top1 0.9873 top5 0.9986
    [18:52:48] step 6050/11249 | avg train loss 0.7140 top1 0.9874 top5 0.9986
    [18:53:21] step 6100/11249 | avg train loss 0.7138 top1 0.9875 top5 0.9986
    [18:53:54] step 6150/11249 | avg train loss 0.7138 top1 0.9875 top5 0.9985
    [18:54:27] step 6200/11249 | avg train loss 0.7139 top1 0.9875 top5 0.9985
    [18:55:00] step 6250/11249 | avg train loss 0.7139 top1 0.9875 top5 0.9985
    [18:55:32] step 6300/11249 | avg train loss 0.7137 top1 0.9875 top5 0.9985
    [18:56:05] step 6350/11249 | avg train loss 0.7137 top1 0.9876 top5 0.9985
    [18:56:38] step 6400/11249 | avg train loss 0.7136 top1 0.9876 top5 0.9984
    [18:57:11] step 6450/11249 | avg train loss 0.7135 top1 0.9876 top5 0.9984
    [18:57:44] step 6500/11249 | avg train loss 0.7135 top1 0.9877 top5 0.9985
    [18:58:17] step 6550/11249 | avg train loss 0.7137 top1 0.9875 top5 0.9984
    [18:58:49] step 6600/11249 | avg train loss 0.7136 top1 0.9875 top5 0.9984
    [18:59:22] step 6650/11249 | avg train loss 0.7138 top1 0.9874 top5 0.9984
    [18:59:55] step 6700/11249 | avg train loss 0.7138 top1 0.9875 top5 0.9984
    [19:00:28] step 6750/11249 | avg train loss 0.7138 top1 0.9875 top5 0.9984
    [19:01:01] step 6800/11249 | avg train loss 0.7138 top1 0.9875 top5 0.9984
    [19:01:34] step 6850/11249 | avg train loss 0.7140 top1 0.9874 top5 0.9984
    [19:02:06] step 6900/11249 | avg train loss 0.7147 top1 0.9872 top5 0.9984
    [19:02:39] step 6950/11249 | avg train loss 0.7148 top1 0.9872 top5 0.9984
    [19:03:12] step 7000/11249 | avg train loss 0.7147 top1 0.9872 top5 0.9984
    [19:03:45] step 7050/11249 | avg train loss 0.7147 top1 0.9873 top5 0.9984
    [19:04:18] step 7100/11249 | avg train loss 0.7148 top1 0.9872 top5 0.9985
    [19:04:51] step 7150/11249 | avg train loss 0.7146 top1 0.9872 top5 0.9985
    [19:05:23] step 7200/11249 | avg train loss 0.7148 top1 0.9872 top5 0.9985
    [19:05:56] step 7250/11249 | avg train loss 0.7150 top1 0.9871 top5 0.9984
    [19:06:29] step 7300/11249 | avg train loss 0.7148 top1 0.9872 top5 0.9985
    [19:07:02] step 7350/11249 | avg train loss 0.7148 top1 0.9871 top5 0.9984
    [19:07:35] step 7400/11249 | avg train loss 0.7149 top1 0.9871 top5 0.9984
    [19:08:08] step 7450/11249 | avg train loss 0.7149 top1 0.9871 top5 0.9984
    [19:08:41] step 7500/11249 | avg train loss 0.7148 top1 0.9872 top5 0.9984
    [19:09:13] step 7550/11249 | avg train loss 0.7146 top1 0.9872 top5 0.9984
    [19:09:46] step 7600/11249 | avg train loss 0.7145 top1 0.9872 top5 0.9985
    [19:10:19] step 7650/11249 | avg train loss 0.7144 top1 0.9873 top5 0.9985
    [19:10:52] step 7700/11249 | avg train loss 0.7144 top1 0.9873 top5 0.9985
    [19:11:25] step 7750/11249 | avg train loss 0.7145 top1 0.9872 top5 0.9985
    [19:11:57] step 7800/11249 | avg train loss 0.7144 top1 0.9872 top5 0.9985
    [19:12:30] step 7850/11249 | avg train loss 0.7143 top1 0.9872 top5 0.9985
    [19:13:03] step 7900/11249 | avg train loss 0.7142 top1 0.9873 top5 0.9985
    [19:13:36] step 7950/11249 | avg train loss 0.7140 top1 0.9873 top5 0.9985
    [19:14:09] step 8000/11249 | avg train loss 0.7139 top1 0.9874 top5 0.9985
    [19:14:42] step 8050/11249 | avg train loss 0.7138 top1 0.9874 top5 0.9985
    [19:15:15] step 8100/11249 | avg train loss 0.7137 top1 0.9874 top5 0.9985
    [19:15:47] step 8150/11249 | avg train loss 0.7137 top1 0.9874 top5 0.9986
    [19:16:20] step 8200/11249 | avg train loss 0.7138 top1 0.9874 top5 0.9985
    [19:16:53] step 8250/11249 | avg train loss 0.7138 top1 0.9874 top5 0.9985
    [19:17:26] step 8300/11249 | avg train loss 0.7140 top1 0.9874 top5 0.9986
    [19:17:59] step 8350/11249 | avg train loss 0.7139 top1 0.9874 top5 0.9986
    [19:18:32] step 8400/11249 | avg train loss 0.7140 top1 0.9874 top5 0.9986
    [19:19:05] step 8450/11249 | avg train loss 0.7142 top1 0.9873 top5 0.9986
    [19:19:37] step 8500/11249 | avg train loss 0.7142 top1 0.9873 top5 0.9986
    [19:20:10] step 8550/11249 | avg train loss 0.7142 top1 0.9873 top5 0.9986
    [19:20:43] step 8600/11249 | avg train loss 0.7142 top1 0.9874 top5 0.9986
    [19:21:16] step 8650/11249 | avg train loss 0.7141 top1 0.9874 top5 0.9986
    [19:21:49] step 8700/11249 | avg train loss 0.7140 top1 0.9874 top5 0.9986
    [19:22:22] step 8750/11249 | avg train loss 0.7139 top1 0.9874 top5 0.9986
    [19:22:54] step 8800/11249 | avg train loss 0.7141 top1 0.9873 top5 0.9986
    [19:23:27] step 8850/11249 | avg train loss 0.7143 top1 0.9873 top5 0.9986
    [19:24:00] step 8900/11249 | avg train loss 0.7143 top1 0.9873 top5 0.9986
    [19:24:33] step 8950/11249 | avg train loss 0.7143 top1 0.9873 top5 0.9986
    [19:25:06] step 9000/11249 | avg train loss 0.7143 top1 0.9873 top5 0.9986
    [19:25:39] step 9050/11249 | avg train loss 0.7145 top1 0.9872 top5 0.9986
    [19:26:11] step 9100/11249 | avg train loss 0.7147 top1 0.9872 top5 0.9986
    [19:26:44] step 9150/11249 | avg train loss 0.7146 top1 0.9872 top5 0.9986
    [19:27:17] step 9200/11249 | avg train loss 0.7148 top1 0.9872 top5 0.9986
    [19:27:50] step 9250/11249 | avg train loss 0.7150 top1 0.9871 top5 0.9986
    [19:28:23] step 9300/11249 | avg train loss 0.7151 top1 0.9871 top5 0.9986
    [19:28:55] step 9350/11249 | avg train loss 0.7150 top1 0.9871 top5 0.9986
    [19:29:28] step 9400/11249 | avg train loss 0.7150 top1 0.9872 top5 0.9986
    [19:30:01] step 9450/11249 | avg train loss 0.7150 top1 0.9872 top5 0.9986
    [19:30:34] step 9500/11249 | avg train loss 0.7151 top1 0.9872 top5 0.9986
    [19:31:07] step 9550/11249 | avg train loss 0.7150 top1 0.9872 top5 0.9986
    [19:31:40] step 9600/11249 | avg train loss 0.7151 top1 0.9871 top5 0.9986
    [19:32:12] step 9650/11249 | avg train loss 0.7150 top1 0.9872 top5 0.9986
    [19:32:45] step 9700/11249 | avg train loss 0.7151 top1 0.9871 top5 0.9986
    [19:33:18] step 9750/11249 | avg train loss 0.7150 top1 0.9871 top5 0.9986
    [19:33:51] step 9800/11249 | avg train loss 0.7150 top1 0.9871 top5 0.9986
    [19:34:24] step 9850/11249 | avg train loss 0.7152 top1 0.9871 top5 0.9986
    [19:34:56] step 9900/11249 | avg train loss 0.7151 top1 0.9871 top5 0.9986
    [19:35:29] step 9950/11249 | avg train loss 0.7151 top1 0.9872 top5 0.9986
    [19:36:02] step 10000/11249 | avg train loss 0.7153 top1 0.9871 top5 0.9986
    [19:36:35] step 10050/11249 | avg train loss 0.7154 top1 0.9871 top5 0.9986
    [19:37:08] step 10100/11249 | avg train loss 0.7153 top1 0.9871 top5 0.9986
    [19:37:41] step 10150/11249 | avg train loss 0.7152 top1 0.9871 top5 0.9986
    [19:38:14] step 10200/11249 | avg train loss 0.7152 top1 0.9872 top5 0.9986
    [19:38:46] step 10250/11249 | avg train loss 0.7151 top1 0.9872 top5 0.9986
    [19:39:19] step 10300/11249 | avg train loss 0.7150 top1 0.9873 top5 0.9986
    [19:39:52] step 10350/11249 | avg train loss 0.7153 top1 0.9872 top5 0.9986
    [19:40:25] step 10400/11249 | avg train loss 0.7152 top1 0.9872 top5 0.9986
    [19:40:58] step 10450/11249 | avg train loss 0.7154 top1 0.9871 top5 0.9986
    [19:41:30] step 10500/11249 | avg train loss 0.7155 top1 0.9871 top5 0.9985
    [19:42:03] step 10550/11249 | avg train loss 0.7157 top1 0.9871 top5 0.9986
    [19:42:36] step 10600/11249 | avg train loss 0.7157 top1 0.9871 top5 0.9985
    [19:43:09] step 10650/11249 | avg train loss 0.7159 top1 0.9870 top5 0.9985
    [19:43:42] step 10700/11249 | avg train loss 0.7162 top1 0.9869 top5 0.9985
    [19:44:15] step 10750/11249 | avg train loss 0.7163 top1 0.9869 top5 0.9985
    [19:44:47] step 10800/11249 | avg train loss 0.7164 top1 0.9869 top5 0.9985
    [19:45:20] step 10850/11249 | avg train loss 0.7163 top1 0.9869 top5 0.9985
    [19:45:53] step 10900/11249 | avg train loss 0.7164 top1 0.9869 top5 0.9985
    [19:46:26] step 10950/11249 | avg train loss 0.7164 top1 0.9869 top5 0.9985
    [19:46:59] step 11000/11249 | avg train loss 0.7164 top1 0.9869 top5 0.9985
    [19:47:32] step 11050/11249 | avg train loss 0.7165 top1 0.9868 top5 0.9985
    [19:48:04] step 11100/11249 | avg train loss 0.7165 top1 0.9868 top5 0.9985
    [19:48:37] step 11150/11249 | avg train loss 0.7165 top1 0.9868 top5 0.9985
    [19:49:10] step 11200/11249 | avg train loss 0.7164 top1 0.9868 top5 0.9985
    [19:49:42] step 11249/11249 | avg train loss 0.7163 top1 0.9868 top5 0.9985
Epoch 13/15 | train loss 0.7163 top1 0.9868 | val loss 1.4241 top1 0.6814 top5 0.8629 | ema val top1 0.6844 top5 0.8695
    [20:04:08] step 50/11249 | avg train loss 0.6831 top1 1.0000 top5 1.0000
    [20:04:40] step 100/11249 | avg train loss 0.6830 top1 1.0000 top5 1.0000
    [20:05:13] step 150/11249 | avg train loss 0.6958 top1 0.9967 top5 0.9967
    [20:05:46] step 200/11249 | avg train loss 0.6934 top1 0.9962 top5 0.9975
    [20:06:19] step 250/11249 | avg train loss 0.6952 top1 0.9960 top5 0.9980
    [20:06:52] step 300/11249 | avg train loss 0.6984 top1 0.9950 top5 0.9975
    [20:07:25] step 350/11249 | avg train loss 0.6985 top1 0.9943 top5 0.9979
    [20:07:57] step 400/11249 | avg train loss 0.7012 top1 0.9931 top5 0.9969
    [20:08:30] step 450/11249 | avg train loss 0.7018 top1 0.9928 top5 0.9972
    [20:09:03] step 500/11249 | avg train loss 0.7020 top1 0.9930 top5 0.9970
    [20:09:36] step 550/11249 | avg train loss 0.7001 top1 0.9936 top5 0.9973
    [20:10:09] step 600/11249 | avg train loss 0.7008 top1 0.9929 top5 0.9975
    [20:10:42] step 650/11249 | avg train loss 0.7020 top1 0.9923 top5 0.9977
    [20:11:15] step 700/11249 | avg train loss 0.7010 top1 0.9921 top5 0.9979
    [20:11:48] step 750/11249 | avg train loss 0.7009 top1 0.9923 top5 0.9980
    [20:12:20] step 800/11249 | avg train loss 0.6995 top1 0.9928 top5 0.9981
    [20:12:53] step 850/11249 | avg train loss 0.6990 top1 0.9929 top5 0.9982
    [20:13:26] step 900/11249 | avg train loss 0.6991 top1 0.9931 top5 0.9981
    [20:13:59] step 950/11249 | avg train loss 0.6995 top1 0.9929 top5 0.9982
    [20:14:32] step 1000/11249 | avg train loss 0.6994 top1 0.9928 top5 0.9982
    [20:15:05] step 1050/11249 | avg train loss 0.6985 top1 0.9931 top5 0.9983
    [20:15:38] step 1100/11249 | avg train loss 0.6997 top1 0.9925 top5 0.9984
    [20:16:10] step 1150/11249 | avg train loss 0.6989 top1 0.9928 top5 0.9985
    [20:16:43] step 1200/11249 | avg train loss 0.6982 top1 0.9931 top5 0.9985
    [20:17:16] step 1250/11249 | avg train loss 0.6981 top1 0.9932 top5 0.9986
    [20:17:49] step 1300/11249 | avg train loss 0.6990 top1 0.9929 top5 0.9985
    [20:18:22] step 1350/11249 | avg train loss 0.6984 top1 0.9931 top5 0.9985
    [20:18:55] step 1400/11249 | avg train loss 0.6989 top1 0.9930 top5 0.9986
    [20:19:27] step 1450/11249 | avg train loss 0.6983 top1 0.9933 top5 0.9986
    [20:20:00] step 1500/11249 | avg train loss 0.6976 top1 0.9935 top5 0.9987
    [20:20:33] step 1550/11249 | avg train loss 0.6972 top1 0.9934 top5 0.9987
    [20:21:06] step 1600/11249 | avg train loss 0.6989 top1 0.9930 top5 0.9986
    [20:21:39] step 1650/11249 | avg train loss 0.6983 top1 0.9932 top5 0.9986
    [20:22:12] step 1700/11249 | avg train loss 0.6986 top1 0.9931 top5 0.9987
    [20:22:45] step 1750/11249 | avg train loss 0.6990 top1 0.9930 top5 0.9987
    [20:23:18] step 1800/11249 | avg train loss 0.6998 top1 0.9926 top5 0.9986
    [20:23:50] step 1850/11249 | avg train loss 0.6994 top1 0.9928 top5 0.9986
    [20:24:23] step 1900/11249 | avg train loss 0.7003 top1 0.9926 top5 0.9987
    [20:24:56] step 1950/11249 | avg train loss 0.6999 top1 0.9928 top5 0.9987
    [20:25:29] step 2000/11249 | avg train loss 0.7002 top1 0.9928 top5 0.9988
    [20:26:02] step 2050/11249 | avg train loss 0.7001 top1 0.9928 top5 0.9988
    [20:26:35] step 2100/11249 | avg train loss 0.7005 top1 0.9926 top5 0.9988
    [20:27:08] step 2150/11249 | avg train loss 0.7007 top1 0.9927 top5 0.9988
    [20:27:41] step 2200/11249 | avg train loss 0.7006 top1 0.9927 top5 0.9989
    [20:28:13] step 2250/11249 | avg train loss 0.7005 top1 0.9928 top5 0.9989
    [20:28:46] step 2300/11249 | avg train loss 0.7006 top1 0.9928 top5 0.9989
    [20:29:19] step 2350/11249 | avg train loss 0.7006 top1 0.9929 top5 0.9989
    [20:29:52] step 2400/11249 | avg train loss 0.7011 top1 0.9928 top5 0.9990
    [20:30:25] step 2450/11249 | avg train loss 0.7014 top1 0.9929 top5 0.9990
    [20:30:58] step 2500/11249 | avg train loss 0.7015 top1 0.9928 top5 0.9990
    [20:31:31] step 2550/11249 | avg train loss 0.7011 top1 0.9929 top5 0.9990
    [20:32:03] step 2600/11249 | avg train loss 0.7009 top1 0.9931 top5 0.9990
    [20:32:36] step 2650/11249 | avg train loss 0.7011 top1 0.9930 top5 0.9991
    [20:33:09] step 2700/11249 | avg train loss 0.7016 top1 0.9930 top5 0.9991
    [20:33:42] step 2750/11249 | avg train loss 0.7023 top1 0.9928 top5 0.9990
    [20:34:15] step 2800/11249 | avg train loss 0.7020 top1 0.9929 top5 0.9990
    [20:34:48] step 2850/11249 | avg train loss 0.7021 top1 0.9929 top5 0.9990
    [20:35:21] step 2900/11249 | avg train loss 0.7021 top1 0.9928 top5 0.9991
    [20:35:54] step 2950/11249 | avg train loss 0.7018 top1 0.9930 top5 0.9991
    [20:36:26] step 3000/11249 | avg train loss 0.7019 top1 0.9929 top5 0.9991
    [20:36:59] step 3050/11249 | avg train loss 0.7018 top1 0.9929 top5 0.9991
    [20:37:32] step 3100/11249 | avg train loss 0.7015 top1 0.9929 top5 0.9991
    [20:38:05] step 3150/11249 | avg train loss 0.7015 top1 0.9929 top5 0.9991
    [20:38:38] step 3200/11249 | avg train loss 0.7013 top1 0.9930 top5 0.9991
    [20:39:11] step 3250/11249 | avg train loss 0.7010 top1 0.9931 top5 0.9992
    [20:39:44] step 3300/11249 | avg train loss 0.7008 top1 0.9930 top5 0.9992
    [20:40:16] step 3350/11249 | avg train loss 0.7005 top1 0.9931 top5 0.9992
    [20:40:49] step 3400/11249 | avg train loss 0.7004 top1 0.9932 top5 0.9992
    [20:41:22] step 3450/11249 | avg train loss 0.7004 top1 0.9930 top5 0.9992
    [20:41:55] step 3500/11249 | avg train loss 0.7001 top1 0.9931 top5 0.9992
    [20:42:28] step 3550/11249 | avg train loss 0.7001 top1 0.9931 top5 0.9992
    [20:43:01] step 3600/11249 | avg train loss 0.7000 top1 0.9931 top5 0.9992
    [20:43:33] step 3650/11249 | avg train loss 0.6998 top1 0.9932 top5 0.9992
    [20:44:06] step 3700/11249 | avg train loss 0.6996 top1 0.9932 top5 0.9993
    [20:44:39] step 3750/11249 | avg train loss 0.6995 top1 0.9932 top5 0.9993
    [20:45:12] step 3800/11249 | avg train loss 0.6994 top1 0.9932 top5 0.9993
    [20:45:45] step 3850/11249 | avg train loss 0.6991 top1 0.9933 top5 0.9993
    [20:46:18] step 3900/11249 | avg train loss 0.6992 top1 0.9933 top5 0.9992
    [20:46:51] step 3950/11249 | avg train loss 0.6993 top1 0.9932 top5 0.9992
    [20:47:23] step 4000/11249 | avg train loss 0.6993 top1 0.9931 top5 0.9992
    [20:47:56] step 4050/11249 | avg train loss 0.6996 top1 0.9931 top5 0.9992
    [20:48:29] step 4100/11249 | avg train loss 0.6994 top1 0.9932 top5 0.9992
    [20:49:02] step 4150/11249 | avg train loss 0.6993 top1 0.9933 top5 0.9992
    [20:49:35] step 4200/11249 | avg train loss 0.6994 top1 0.9932 top5 0.9992
    [20:50:08] step 4250/11249 | avg train loss 0.6994 top1 0.9932 top5 0.9992
    [20:50:40] step 4300/11249 | avg train loss 0.6992 top1 0.9933 top5 0.9992
    [20:51:13] step 4350/11249 | avg train loss 0.6989 top1 0.9933 top5 0.9993
    [20:51:46] step 4400/11249 | avg train loss 0.6988 top1 0.9934 top5 0.9993
    [20:52:19] step 4450/11249 | avg train loss 0.6988 top1 0.9934 top5 0.9992
    [20:52:52] step 4500/11249 | avg train loss 0.6986 top1 0.9934 top5 0.9992
    [20:53:25] step 4550/11249 | avg train loss 0.6988 top1 0.9934 top5 0.9992
    [20:53:58] step 4600/11249 | avg train loss 0.6987 top1 0.9934 top5 0.9992
    [20:54:30] step 4650/11249 | avg train loss 0.6990 top1 0.9934 top5 0.9992
    [20:55:03] step 4700/11249 | avg train loss 0.6990 top1 0.9933 top5 0.9992
    [20:55:36] step 4750/11249 | avg train loss 0.6992 top1 0.9933 top5 0.9992
    [20:56:09] step 4800/11249 | avg train loss 0.6990 top1 0.9933 top5 0.9992
    [20:56:42] step 4850/11249 | avg train loss 0.6995 top1 0.9932 top5 0.9992
    [20:57:15] step 4900/11249 | avg train loss 0.6997 top1 0.9931 top5 0.9992
    [20:57:48] step 4950/11249 | avg train loss 0.6996 top1 0.9930 top5 0.9992
    [20:58:20] step 5000/11249 | avg train loss 0.6996 top1 0.9929 top5 0.9992
    [20:58:53] step 5050/11249 | avg train loss 0.6996 top1 0.9929 top5 0.9992
    [20:59:26] step 5100/11249 | avg train loss 0.6994 top1 0.9930 top5 0.9992
    [20:59:59] step 5150/11249 | avg train loss 0.6996 top1 0.9930 top5 0.9992
    [21:00:32] step 5200/11249 | avg train loss 0.6995 top1 0.9929 top5 0.9992
    [21:01:04] step 5250/11249 | avg train loss 0.6994 top1 0.9930 top5 0.9992
    [21:01:37] step 5300/11249 | avg train loss 0.6992 top1 0.9930 top5 0.9992
    [21:02:10] step 5350/11249 | avg train loss 0.6991 top1 0.9931 top5 0.9992
    [21:02:43] step 5400/11249 | avg train loss 0.6990 top1 0.9931 top5 0.9992
    [21:03:16] step 5450/11249 | avg train loss 0.6988 top1 0.9932 top5 0.9992
    [21:03:49] step 5500/11249 | avg train loss 0.6990 top1 0.9931 top5 0.9992
    [21:04:22] step 5550/11249 | avg train loss 0.6988 top1 0.9932 top5 0.9992
    [21:04:54] step 5600/11249 | avg train loss 0.6987 top1 0.9932 top5 0.9992
    [21:05:27] step 5650/11249 | avg train loss 0.6987 top1 0.9932 top5 0.9992
    [21:06:00] step 5700/11249 | avg train loss 0.6987 top1 0.9932 top5 0.9993
    [21:06:33] step 5750/11249 | avg train loss 0.6986 top1 0.9932 top5 0.9993
    [21:07:06] step 5800/11249 | avg train loss 0.6990 top1 0.9931 top5 0.9993
    [21:07:39] step 5850/11249 | avg train loss 0.6992 top1 0.9930 top5 0.9993
    [21:08:11] step 5900/11249 | avg train loss 0.6992 top1 0.9930 top5 0.9993
    [21:08:44] step 5950/11249 | avg train loss 0.6996 top1 0.9929 top5 0.9992
    [21:09:17] step 6000/11249 | avg train loss 0.7004 top1 0.9927 top5 0.9992
    [21:09:50] step 6050/11249 | avg train loss 0.7003 top1 0.9928 top5 0.9992
    [21:10:23] step 6100/11249 | avg train loss 0.7003 top1 0.9928 top5 0.9992
    [21:10:56] step 6150/11249 | avg train loss 0.7001 top1 0.9928 top5 0.9992
    [21:11:29] step 6200/11249 | avg train loss 0.7002 top1 0.9928 top5 0.9992
    [21:12:01] step 6250/11249 | avg train loss 0.7005 top1 0.9927 top5 0.9992
    [21:12:34] step 6300/11249 | avg train loss 0.7006 top1 0.9926 top5 0.9992
    [21:13:07] step 6350/11249 | avg train loss 0.7010 top1 0.9925 top5 0.9992
    [21:13:40] step 6400/11249 | avg train loss 0.7012 top1 0.9925 top5 0.9991
    [21:14:13] step 6450/11249 | avg train loss 0.7012 top1 0.9925 top5 0.9991
    [21:14:46] step 6500/11249 | avg train loss 0.7010 top1 0.9925 top5 0.9992
    [21:15:19] step 6550/11249 | avg train loss 0.7010 top1 0.9925 top5 0.9992
    [21:15:51] step 6600/11249 | avg train loss 0.7009 top1 0.9925 top5 0.9992
    [21:16:24] step 6650/11249 | avg train loss 0.7008 top1 0.9926 top5 0.9992
    [21:16:57] step 6700/11249 | avg train loss 0.7010 top1 0.9925 top5 0.9992
    [21:17:30] step 6750/11249 | avg train loss 0.7009 top1 0.9925 top5 0.9992
    [21:18:03] step 6800/11249 | avg train loss 0.7007 top1 0.9926 top5 0.9992
    [21:18:36] step 6850/11249 | avg train loss 0.7006 top1 0.9926 top5 0.9992
    [21:19:08] step 6900/11249 | avg train loss 0.7005 top1 0.9927 top5 0.9992
    [21:19:41] step 6950/11249 | avg train loss 0.7005 top1 0.9927 top5 0.9992
    [21:20:14] step 7000/11249 | avg train loss 0.7008 top1 0.9926 top5 0.9992
    [21:20:47] step 7050/11249 | avg train loss 0.7007 top1 0.9926 top5 0.9992
    [21:21:20] step 7100/11249 | avg train loss 0.7005 top1 0.9926 top5 0.9992
    [21:21:53] step 7150/11249 | avg train loss 0.7005 top1 0.9926 top5 0.9992
    [21:22:26] step 7200/11249 | avg train loss 0.7007 top1 0.9925 top5 0.9992
    [21:22:58] step 7250/11249 | avg train loss 0.7006 top1 0.9925 top5 0.9992
    [21:23:31] step 7300/11249 | avg train loss 0.7009 top1 0.9924 top5 0.9992
    [21:24:04] step 7350/11249 | avg train loss 0.7009 top1 0.9923 top5 0.9992
    [21:24:37] step 7400/11249 | avg train loss 0.7007 top1 0.9924 top5 0.9992
    [21:25:10] step 7450/11249 | avg train loss 0.7008 top1 0.9924 top5 0.9992
    [21:25:42] step 7500/11249 | avg train loss 0.7007 top1 0.9924 top5 0.9992
    [21:26:15] step 7550/11249 | avg train loss 0.7006 top1 0.9925 top5 0.9992
    [21:26:48] step 7600/11249 | avg train loss 0.7006 top1 0.9925 top5 0.9992
    [21:27:21] step 7650/11249 | avg train loss 0.7007 top1 0.9925 top5 0.9992
    [21:27:54] step 7700/11249 | avg train loss 0.7007 top1 0.9924 top5 0.9992
    [21:28:27] step 7750/11249 | avg train loss 0.7006 top1 0.9925 top5 0.9992
    [21:29:00] step 7800/11249 | avg train loss 0.7006 top1 0.9925 top5 0.9992
    [21:29:32] step 7850/11249 | avg train loss 0.7006 top1 0.9925 top5 0.9991
    [21:30:05] step 7900/11249 | avg train loss 0.7007 top1 0.9924 top5 0.9991
    [21:30:38] step 7950/11249 | avg train loss 0.7006 top1 0.9925 top5 0.9992
    [21:31:11] step 8000/11249 | avg train loss 0.7006 top1 0.9925 top5 0.9992
    [21:31:44] step 8050/11249 | avg train loss 0.7006 top1 0.9925 top5 0.9992
    [21:32:16] step 8100/11249 | avg train loss 0.7007 top1 0.9924 top5 0.9992
    [21:32:49] step 8150/11249 | avg train loss 0.7007 top1 0.9925 top5 0.9992
    [21:33:22] step 8200/11249 | avg train loss 0.7008 top1 0.9924 top5 0.9991
    [21:33:55] step 8250/11249 | avg train loss 0.7007 top1 0.9924 top5 0.9992
    [21:34:28] step 8300/11249 | avg train loss 0.7006 top1 0.9925 top5 0.9992
    [21:35:01] step 8350/11249 | avg train loss 0.7006 top1 0.9924 top5 0.9992
    [21:35:33] step 8400/11249 | avg train loss 0.7006 top1 0.9924 top5 0.9992
    [21:36:06] step 8450/11249 | avg train loss 0.7007 top1 0.9924 top5 0.9992
    [21:36:39] step 8500/11249 | avg train loss 0.7010 top1 0.9923 top5 0.9991
    [21:37:12] step 8550/11249 | avg train loss 0.7010 top1 0.9924 top5 0.9992
    [21:37:45] step 8600/11249 | avg train loss 0.7009 top1 0.9924 top5 0.9992
    [21:38:17] step 8650/11249 | avg train loss 0.7009 top1 0.9924 top5 0.9992
    [21:38:50] step 8700/11249 | avg train loss 0.7009 top1 0.9924 top5 0.9991
    [21:39:23] step 8750/11249 | avg train loss 0.7011 top1 0.9923 top5 0.9991
    [21:39:56] step 8800/11249 | avg train loss 0.7011 top1 0.9923 top5 0.9991
    [21:40:29] step 8850/11249 | avg train loss 0.7010 top1 0.9924 top5 0.9992
    [21:41:02] step 8900/11249 | avg train loss 0.7009 top1 0.9924 top5 0.9992
    [21:41:35] step 8950/11249 | avg train loss 0.7008 top1 0.9924 top5 0.9992
    [21:42:07] step 9000/11249 | avg train loss 0.7008 top1 0.9924 top5 0.9992
    [21:42:40] step 9050/11249 | avg train loss 0.7007 top1 0.9924 top5 0.9992
    [21:43:13] step 9100/11249 | avg train loss 0.7007 top1 0.9924 top5 0.9992
    [21:43:46] step 9150/11249 | avg train loss 0.7008 top1 0.9923 top5 0.9992
    [21:44:19] step 9200/11249 | avg train loss 0.7009 top1 0.9923 top5 0.9992
    [21:44:51] step 9250/11249 | avg train loss 0.7010 top1 0.9923 top5 0.9992
    [21:45:24] step 9300/11249 | avg train loss 0.7009 top1 0.9923 top5 0.9992
    [21:45:57] step 9350/11249 | avg train loss 0.7010 top1 0.9923 top5 0.9992
    [21:46:30] step 9400/11249 | avg train loss 0.7009 top1 0.9923 top5 0.9992
    [21:47:03] step 9450/11249 | avg train loss 0.7008 top1 0.9924 top5 0.9992
    [21:47:36] step 9500/11249 | avg train loss 0.7007 top1 0.9924 top5 0.9992
    [21:48:08] step 9550/11249 | avg train loss 0.7007 top1 0.9924 top5 0.9992
    [21:48:41] step 9600/11249 | avg train loss 0.7006 top1 0.9924 top5 0.9992
    [21:49:14] step 9650/11249 | avg train loss 0.7006 top1 0.9924 top5 0.9992
    [21:49:47] step 9700/11249 | avg train loss 0.7006 top1 0.9924 top5 0.9992
    [21:50:20] step 9750/11249 | avg train loss 0.7006 top1 0.9924 top5 0.9992
    [21:50:53] step 9800/11249 | avg train loss 0.7005 top1 0.9924 top5 0.9992
    [21:51:26] step 9850/11249 | avg train loss 0.7006 top1 0.9924 top5 0.9992
    [21:51:58] step 9900/11249 | avg train loss 0.7005 top1 0.9924 top5 0.9992
    [21:52:31] step 9950/11249 | avg train loss 0.7005 top1 0.9924 top5 0.9992
    [21:53:04] step 10000/11249 | avg train loss 0.7005 top1 0.9924 top5 0.9992
    [21:53:37] step 10050/11249 | avg train loss 0.7005 top1 0.9924 top5 0.9992
    [21:54:10] step 10100/11249 | avg train loss 0.7005 top1 0.9924 top5 0.9992
    [21:54:43] step 10150/11249 | avg train loss 0.7003 top1 0.9924 top5 0.9992
    [21:55:15] step 10200/11249 | avg train loss 0.7003 top1 0.9924 top5 0.9992
    [21:55:48] step 10250/11249 | avg train loss 0.7005 top1 0.9924 top5 0.9992
    [21:56:21] step 10300/11249 | avg train loss 0.7006 top1 0.9924 top5 0.9992
    [21:56:54] step 10350/11249 | avg train loss 0.7005 top1 0.9923 top5 0.9992
    [21:57:27] step 10400/11249 | avg train loss 0.7008 top1 0.9923 top5 0.9992
    [21:58:00] step 10450/11249 | avg train loss 0.7008 top1 0.9922 top5 0.9992
    [21:58:33] step 10500/11249 | avg train loss 0.7007 top1 0.9923 top5 0.9992
    [21:59:05] step 10550/11249 | avg train loss 0.7006 top1 0.9923 top5 0.9992
    [21:59:38] step 10600/11249 | avg train loss 0.7006 top1 0.9923 top5 0.9992
    [22:00:11] step 10650/11249 | avg train loss 0.7007 top1 0.9923 top5 0.9992
    [22:00:44] step 10700/11249 | avg train loss 0.7009 top1 0.9922 top5 0.9992
    [22:01:17] step 10750/11249 | avg train loss 0.7008 top1 0.9922 top5 0.9992
    [22:01:50] step 10800/11249 | avg train loss 0.7008 top1 0.9922 top5 0.9992
    [22:02:22] step 10850/11249 | avg train loss 0.7010 top1 0.9921 top5 0.9991
    [22:02:55] step 10900/11249 | avg train loss 0.7011 top1 0.9921 top5 0.9991
    [22:03:28] step 10950/11249 | avg train loss 0.7012 top1 0.9921 top5 0.9991
    [22:04:01] step 11000/11249 | avg train loss 0.7012 top1 0.9921 top5 0.9991
    [22:04:34] step 11050/11249 | avg train loss 0.7012 top1 0.9921 top5 0.9991
    [22:05:07] step 11100/11249 | avg train loss 0.7012 top1 0.9920 top5 0.9991
    [22:05:39] step 11150/11249 | avg train loss 0.7011 top1 0.9921 top5 0.9991
    [22:06:12] step 11200/11249 | avg train loss 0.7012 top1 0.9920 top5 0.9991
    [22:06:44] step 11249/11249 | avg train loss 0.7013 top1 0.9920 top5 0.9990
Epoch 14/15 | train loss 0.7013 top1 0.9920 | val loss 1.4222 top1 0.6870 top5 0.8626 | ema val top1 0.6894 top5 0.8651
    [22:21:09] step 50/11249 | avg train loss 0.6829 top1 0.9950 top5 1.0000
    [22:21:42] step 100/11249 | avg train loss 0.6898 top1 0.9950 top5 0.9975
    [22:22:15] step 150/11249 | avg train loss 0.7003 top1 0.9933 top5 0.9983
    [22:22:48] step 200/11249 | avg train loss 0.6949 top1 0.9950 top5 0.9988
    [22:23:21] step 250/11249 | avg train loss 0.6924 top1 0.9960 top5 0.9990
    [22:23:54] step 300/11249 | avg train loss 0.6917 top1 0.9958 top5 0.9992
    [22:24:27] step 350/11249 | avg train loss 0.6915 top1 0.9957 top5 0.9993
    [22:24:59] step 400/11249 | avg train loss 0.6920 top1 0.9950 top5 0.9994
    [22:25:32] step 450/11249 | avg train loss 0.6909 top1 0.9956 top5 0.9994
    [22:26:05] step 500/11249 | avg train loss 0.6914 top1 0.9950 top5 0.9995
    [22:26:38] step 550/11249 | avg train loss 0.6903 top1 0.9955 top5 0.9995
    [22:27:11] step 600/11249 | avg train loss 0.6892 top1 0.9958 top5 0.9996
    [22:27:44] step 650/11249 | avg train loss 0.6884 top1 0.9962 top5 0.9996
    [22:28:16] step 700/11249 | avg train loss 0.6893 top1 0.9957 top5 0.9996
    [22:28:49] step 750/11249 | avg train loss 0.6909 top1 0.9953 top5 0.9997
    [22:29:22] step 800/11249 | avg train loss 0.6905 top1 0.9953 top5 0.9997
    [22:29:55] step 850/11249 | avg train loss 0.6934 top1 0.9941 top5 0.9997
    [22:30:28] step 900/11249 | avg train loss 0.6928 top1 0.9944 top5 0.9997
    [22:31:01] step 950/11249 | avg train loss 0.6927 top1 0.9945 top5 0.9997
    [22:31:34] step 1000/11249 | avg train loss 0.6919 top1 0.9948 top5 0.9998
    [22:32:06] step 1050/11249 | avg train loss 0.6913 top1 0.9950 top5 0.9998
    [22:32:39] step 1100/11249 | avg train loss 0.6908 top1 0.9952 top5 0.9998
    [22:33:12] step 1150/11249 | avg train loss 0.6902 top1 0.9954 top5 0.9998
    [22:33:45] step 1200/11249 | avg train loss 0.6907 top1 0.9952 top5 0.9996
    [22:34:18] step 1250/11249 | avg train loss 0.6905 top1 0.9952 top5 0.9996
    [22:34:51] step 1300/11249 | avg train loss 0.6906 top1 0.9952 top5 0.9996
    [22:35:24] step 1350/11249 | avg train loss 0.6911 top1 0.9950 top5 0.9996
    [22:35:56] step 1400/11249 | avg train loss 0.6907 top1 0.9952 top5 0.9996
    [22:36:29] step 1450/11249 | avg train loss 0.6905 top1 0.9952 top5 0.9997
    [22:37:02] step 1500/11249 | avg train loss 0.6903 top1 0.9953 top5 0.9997
    [22:37:35] step 1550/11249 | avg train loss 0.6901 top1 0.9955 top5 0.9997
    [22:38:08] step 1600/11249 | avg train loss 0.6902 top1 0.9953 top5 0.9997
    [22:38:41] step 1650/11249 | avg train loss 0.6905 top1 0.9953 top5 0.9997
    [22:39:13] step 1700/11249 | avg train loss 0.6908 top1 0.9953 top5 0.9997
    [22:39:46] step 1750/11249 | avg train loss 0.6905 top1 0.9953 top5 0.9997
    [22:40:19] step 1800/11249 | avg train loss 0.6906 top1 0.9953 top5 0.9997
    [22:40:52] step 1850/11249 | avg train loss 0.6904 top1 0.9953 top5 0.9997
    [22:41:25] step 1900/11249 | avg train loss 0.6906 top1 0.9953 top5 0.9997
    [22:41:58] step 1950/11249 | avg train loss 0.6906 top1 0.9953 top5 0.9997
    [22:42:31] step 2000/11249 | avg train loss 0.6905 top1 0.9952 top5 0.9998
    [22:43:04] step 2050/11249 | avg train loss 0.6907 top1 0.9952 top5 0.9996
    [22:43:36] step 2100/11249 | avg train loss 0.6905 top1 0.9954 top5 0.9996
    [22:44:09] step 2150/11249 | avg train loss 0.6902 top1 0.9955 top5 0.9997
    [22:44:42] step 2200/11249 | avg train loss 0.6901 top1 0.9955 top5 0.9997
    [22:45:15] step 2250/11249 | avg train loss 0.6898 top1 0.9956 top5 0.9997
    [22:45:48] step 2300/11249 | avg train loss 0.6904 top1 0.9954 top5 0.9996
    [22:46:21] step 2350/11249 | avg train loss 0.6901 top1 0.9955 top5 0.9996
    [22:46:53] step 2400/11249 | avg train loss 0.6899 top1 0.9956 top5 0.9996
    [22:47:27] step 2450/11249 | avg train loss 0.6901 top1 0.9956 top5 0.9996
    [22:47:59] step 2500/11249 | avg train loss 0.6899 top1 0.9957 top5 0.9996
    [22:48:32] step 2550/11249 | avg train loss 0.6898 top1 0.9957 top5 0.9996
    [22:49:05] step 2600/11249 | avg train loss 0.6896 top1 0.9958 top5 0.9996
    [22:49:38] step 2650/11249 | avg train loss 0.6898 top1 0.9958 top5 0.9996
    [22:50:11] step 2700/11249 | avg train loss 0.6901 top1 0.9956 top5 0.9996
    [22:50:44] step 2750/11249 | avg train loss 0.6902 top1 0.9956 top5 0.9995
    [22:51:17] step 2800/11249 | avg train loss 0.6900 top1 0.9957 top5 0.9996
    [22:51:49] step 2850/11249 | avg train loss 0.6900 top1 0.9957 top5 0.9996
    [22:52:22] step 2900/11249 | avg train loss 0.6899 top1 0.9957 top5 0.9996
    [22:52:55] step 2950/11249 | avg train loss 0.6897 top1 0.9958 top5 0.9996
    [22:53:28] step 3000/11249 | avg train loss 0.6896 top1 0.9958 top5 0.9996
    [22:54:01] step 3050/11249 | avg train loss 0.6895 top1 0.9958 top5 0.9996
    [22:54:34] step 3100/11249 | avg train loss 0.6895 top1 0.9958 top5 0.9996
    [22:55:07] step 3150/11249 | avg train loss 0.6898 top1 0.9957 top5 0.9996
    [22:55:40] step 3200/11249 | avg train loss 0.6898 top1 0.9957 top5 0.9995
    [22:56:12] step 3250/11249 | avg train loss 0.6901 top1 0.9956 top5 0.9995
    [22:56:45] step 3300/11249 | avg train loss 0.6899 top1 0.9957 top5 0.9995
    [22:57:18] step 3350/11249 | avg train loss 0.6897 top1 0.9957 top5 0.9996
    [22:57:51] step 3400/11249 | avg train loss 0.6898 top1 0.9957 top5 0.9996
    [22:58:24] step 3450/11249 | avg train loss 0.6906 top1 0.9954 top5 0.9995
    [22:58:57] step 3500/11249 | avg train loss 0.6904 top1 0.9954 top5 0.9995
    [22:59:30] step 3550/11249 | avg train loss 0.6903 top1 0.9955 top5 0.9995
    [23:00:03] step 3600/11249 | avg train loss 0.6902 top1 0.9956 top5 0.9995
    [23:00:35] step 3650/11249 | avg train loss 0.6900 top1 0.9956 top5 0.9995
    [23:01:08] step 3700/11249 | avg train loss 0.6901 top1 0.9955 top5 0.9995
    [23:01:41] step 3750/11249 | avg train loss 0.6902 top1 0.9955 top5 0.9995
    [23:02:14] step 3800/11249 | avg train loss 0.6900 top1 0.9956 top5 0.9995
    [23:02:47] step 3850/11249 | avg train loss 0.6904 top1 0.9955 top5 0.9995
    [23:03:20] step 3900/11249 | avg train loss 0.6904 top1 0.9955 top5 0.9995
    [23:03:53] step 3950/11249 | avg train loss 0.6905 top1 0.9955 top5 0.9995
    [23:04:26] step 4000/11249 | avg train loss 0.6903 top1 0.9956 top5 0.9995
    [23:04:58] step 4050/11249 | avg train loss 0.6903 top1 0.9956 top5 0.9995
    [23:05:31] step 4100/11249 | avg train loss 0.6902 top1 0.9957 top5 0.9995
    [23:06:04] step 4150/11249 | avg train loss 0.6902 top1 0.9957 top5 0.9995
    [23:06:37] step 4200/11249 | avg train loss 0.6901 top1 0.9957 top5 0.9995
    [23:07:10] step 4250/11249 | avg train loss 0.6900 top1 0.9958 top5 0.9995
    [23:07:43] step 4300/11249 | avg train loss 0.6900 top1 0.9958 top5 0.9995
    [23:08:16] step 4350/11249 | avg train loss 0.6899 top1 0.9958 top5 0.9995
    [23:08:49] step 4400/11249 | avg train loss 0.6900 top1 0.9958 top5 0.9995
    [23:09:21] step 4450/11249 | avg train loss 0.6900 top1 0.9958 top5 0.9996
    [23:09:54] step 4500/11249 | avg train loss 0.6903 top1 0.9957 top5 0.9995
    [23:10:27] step 4550/11249 | avg train loss 0.6905 top1 0.9957 top5 0.9995
    [23:11:00] step 4600/11249 | avg train loss 0.6903 top1 0.9957 top5 0.9995
    [23:11:33] step 4650/11249 | avg train loss 0.6902 top1 0.9958 top5 0.9995
    [23:12:06] step 4700/11249 | avg train loss 0.6903 top1 0.9957 top5 0.9995
    [23:12:39] step 4750/11249 | avg train loss 0.6902 top1 0.9958 top5 0.9995
    [23:13:12] step 4800/11249 | avg train loss 0.6900 top1 0.9958 top5 0.9995
    [23:13:44] step 4850/11249 | avg train loss 0.6899 top1 0.9959 top5 0.9995
    [23:14:17] step 4900/11249 | avg train loss 0.6898 top1 0.9959 top5 0.9995
    [23:14:50] step 4950/11249 | avg train loss 0.6898 top1 0.9959 top5 0.9994
    [23:15:23] step 5000/11249 | avg train loss 0.6897 top1 0.9959 top5 0.9994
    [23:15:56] step 5050/11249 | avg train loss 0.6896 top1 0.9959 top5 0.9995
    [23:16:29] step 5100/11249 | avg train loss 0.6899 top1 0.9959 top5 0.9994
    [23:17:01] step 5150/11249 | avg train loss 0.6898 top1 0.9959 top5 0.9994
    [23:17:35] step 5200/11249 | avg train loss 0.6897 top1 0.9960 top5 0.9994
    [23:18:07] step 5250/11249 | avg train loss 0.6896 top1 0.9960 top5 0.9994
    [23:18:40] step 5300/11249 | avg train loss 0.6897 top1 0.9960 top5 0.9994
    [23:19:13] step 5350/11249 | avg train loss 0.6897 top1 0.9959 top5 0.9994
    [23:19:46] step 5400/11249 | avg train loss 0.6896 top1 0.9960 top5 0.9994
    [23:20:19] step 5450/11249 | avg train loss 0.6896 top1 0.9960 top5 0.9994
    [23:20:52] step 5500/11249 | avg train loss 0.6895 top1 0.9960 top5 0.9995
    [23:21:24] step 5550/11249 | avg train loss 0.6896 top1 0.9960 top5 0.9994
    [23:21:57] step 5600/11249 | avg train loss 0.6895 top1 0.9960 top5 0.9994
    [23:22:30] step 5650/11249 | avg train loss 0.6894 top1 0.9960 top5 0.9994
    [23:23:03] step 5700/11249 | avg train loss 0.6894 top1 0.9960 top5 0.9994
    [23:23:36] step 5750/11249 | avg train loss 0.6895 top1 0.9960 top5 0.9994
    [23:24:09] step 5800/11249 | avg train loss 0.6894 top1 0.9959 top5 0.9994
    [23:24:42] step 5850/11249 | avg train loss 0.6896 top1 0.9959 top5 0.9994
    [23:25:14] step 5900/11249 | avg train loss 0.6896 top1 0.9959 top5 0.9994
    [23:25:47] step 5950/11249 | avg train loss 0.6896 top1 0.9959 top5 0.9994
    [23:26:20] step 6000/11249 | avg train loss 0.6896 top1 0.9959 top5 0.9994
    [23:26:53] step 6050/11249 | avg train loss 0.6896 top1 0.9959 top5 0.9994
    [23:27:26] step 6100/11249 | avg train loss 0.6899 top1 0.9958 top5 0.9993
    [23:27:59] step 6150/11249 | avg train loss 0.6899 top1 0.9958 top5 0.9993
    [23:28:31] step 6200/11249 | avg train loss 0.6898 top1 0.9958 top5 0.9994
    [23:29:04] step 6250/11249 | avg train loss 0.6897 top1 0.9959 top5 0.9994
    [23:29:37] step 6300/11249 | avg train loss 0.6897 top1 0.9959 top5 0.9994
    [23:30:10] step 6350/11249 | avg train loss 0.6898 top1 0.9958 top5 0.9993
    [23:30:43] step 6400/11249 | avg train loss 0.6899 top1 0.9958 top5 0.9993
    [23:31:16] step 6450/11249 | avg train loss 0.6898 top1 0.9958 top5 0.9993
    [23:31:49] step 6500/11249 | avg train loss 0.6900 top1 0.9958 top5 0.9993
    [23:32:21] step 6550/11249 | avg train loss 0.6901 top1 0.9958 top5 0.9993
    [23:32:54] step 6600/11249 | avg train loss 0.6900 top1 0.9958 top5 0.9993
    [23:33:27] step 6650/11249 | avg train loss 0.6901 top1 0.9958 top5 0.9993
    [23:34:00] step 6700/11249 | avg train loss 0.6902 top1 0.9958 top5 0.9993
    [23:34:33] step 6750/11249 | avg train loss 0.6901 top1 0.9958 top5 0.9993
    [23:35:06] step 6800/11249 | avg train loss 0.6900 top1 0.9958 top5 0.9993
    [23:35:39] step 6850/11249 | avg train loss 0.6899 top1 0.9958 top5 0.9993
    [23:36:11] step 6900/11249 | avg train loss 0.6900 top1 0.9958 top5 0.9993
    [23:36:44] step 6950/11249 | avg train loss 0.6902 top1 0.9958 top5 0.9993
    [23:37:17] step 7000/11249 | avg train loss 0.6901 top1 0.9958 top5 0.9993
    [23:37:50] step 7050/11249 | avg train loss 0.6902 top1 0.9958 top5 0.9993
    [23:38:23] step 7100/11249 | avg train loss 0.6903 top1 0.9958 top5 0.9993
    [23:38:55] step 7150/11249 | avg train loss 0.6902 top1 0.9958 top5 0.9993
    [23:39:28] step 7200/11249 | avg train loss 0.6902 top1 0.9958 top5 0.9993
    [23:40:01] step 7250/11249 | avg train loss 0.6903 top1 0.9958 top5 0.9993
    [23:40:34] step 7300/11249 | avg train loss 0.6903 top1 0.9958 top5 0.9993
    [23:41:07] step 7350/11249 | avg train loss 0.6902 top1 0.9958 top5 0.9993
    [23:41:40] step 7400/11249 | avg train loss 0.6902 top1 0.9958 top5 0.9993
    [23:42:13] step 7450/11249 | avg train loss 0.6902 top1 0.9958 top5 0.9993
    [23:42:45] step 7500/11249 | avg train loss 0.6902 top1 0.9958 top5 0.9993
    [23:43:18] step 7550/11249 | avg train loss 0.6901 top1 0.9958 top5 0.9993
    [23:43:51] step 7600/11249 | avg train loss 0.6901 top1 0.9958 top5 0.9993
    [23:44:24] step 7650/11249 | avg train loss 0.6902 top1 0.9957 top5 0.9993
    [23:44:57] step 7700/11249 | avg train loss 0.6901 top1 0.9957 top5 0.9994
    [23:45:30] step 7750/11249 | avg train loss 0.6901 top1 0.9958 top5 0.9994
    [23:46:02] step 7800/11249 | avg train loss 0.6902 top1 0.9957 top5 0.9994
    [23:46:35] step 7850/11249 | avg train loss 0.6903 top1 0.9957 top5 0.9994
    [23:47:08] step 7900/11249 | avg train loss 0.6903 top1 0.9957 top5 0.9994
    [23:47:41] step 7950/11249 | avg train loss 0.6903 top1 0.9957 top5 0.9994
    [23:48:14] step 8000/11249 | avg train loss 0.6904 top1 0.9957 top5 0.9994
    [23:48:47] step 8050/11249 | avg train loss 0.6904 top1 0.9957 top5 0.9994
    [23:49:20] step 8100/11249 | avg train loss 0.6903 top1 0.9957 top5 0.9994
    [23:49:53] step 8150/11249 | avg train loss 0.6903 top1 0.9957 top5 0.9994
    [23:50:25] step 8200/11249 | avg train loss 0.6903 top1 0.9957 top5 0.9994
    [23:50:58] step 8250/11249 | avg train loss 0.6903 top1 0.9957 top5 0.9994
    [23:51:31] step 8300/11249 | avg train loss 0.6903 top1 0.9957 top5 0.9994
    [23:52:04] step 8350/11249 | avg train loss 0.6903 top1 0.9957 top5 0.9994
    [23:52:37] step 8400/11249 | avg train loss 0.6903 top1 0.9957 top5 0.9994
    [23:53:10] step 8450/11249 | avg train loss 0.6903 top1 0.9957 top5 0.9994
    [23:53:42] step 8500/11249 | avg train loss 0.6904 top1 0.9957 top5 0.9994
    [23:54:15] step 8550/11249 | avg train loss 0.6903 top1 0.9957 top5 0.9994
    [23:54:48] step 8600/11249 | avg train loss 0.6904 top1 0.9956 top5 0.9994
    [23:55:21] step 8650/11249 | avg train loss 0.6904 top1 0.9956 top5 0.9994
    [23:55:54] step 8700/11249 | avg train loss 0.6903 top1 0.9957 top5 0.9994
    [23:56:27] step 8750/11249 | avg train loss 0.6904 top1 0.9955 top5 0.9994
    [23:57:00] step 8800/11249 | avg train loss 0.6904 top1 0.9956 top5 0.9994
    [23:57:32] step 8850/11249 | avg train loss 0.6904 top1 0.9956 top5 0.9994
    [23:58:05] step 8900/11249 | avg train loss 0.6904 top1 0.9956 top5 0.9994
    [23:58:38] step 8950/11249 | avg train loss 0.6903 top1 0.9956 top5 0.9994
    [23:59:11] step 9000/11249 | avg train loss 0.6904 top1 0.9956 top5 0.9994
    [23:59:44] step 9050/11249 | avg train loss 0.6904 top1 0.9956 top5 0.9994
    [00:00:17] step 9100/11249 | avg train loss 0.6903 top1 0.9956 top5 0.9994
    [00:00:50] step 9150/11249 | avg train loss 0.6904 top1 0.9955 top5 0.9994
    [00:01:22] step 9200/11249 | avg train loss 0.6905 top1 0.9955 top5 0.9994
    [00:01:55] step 9250/11249 | avg train loss 0.6905 top1 0.9955 top5 0.9994
    [00:02:28] step 9300/11249 | avg train loss 0.6906 top1 0.9955 top5 0.9994
    [00:03:01] step 9350/11249 | avg train loss 0.6906 top1 0.9955 top5 0.9994
    [00:03:34] step 9400/11249 | avg train loss 0.6906 top1 0.9954 top5 0.9994
    [00:04:07] step 9450/11249 | avg train loss 0.6907 top1 0.9954 top5 0.9994
    [00:04:39] step 9500/11249 | avg train loss 0.6906 top1 0.9954 top5 0.9994
    [00:05:12] step 9550/11249 | avg train loss 0.6906 top1 0.9954 top5 0.9994
    [00:05:45] step 9600/11249 | avg train loss 0.6908 top1 0.9954 top5 0.9994
    [00:06:18] step 9650/11249 | avg train loss 0.6907 top1 0.9954 top5 0.9994
    [00:06:51] step 9700/11249 | avg train loss 0.6908 top1 0.9953 top5 0.9994
    [00:07:24] step 9750/11249 | avg train loss 0.6909 top1 0.9953 top5 0.9994
    [00:07:56] step 9800/11249 | avg train loss 0.6908 top1 0.9953 top5 0.9994
    [00:08:29] step 9850/11249 | avg train loss 0.6909 top1 0.9953 top5 0.9994
    [00:09:02] step 9900/11249 | avg train loss 0.6908 top1 0.9953 top5 0.9994
    [00:09:35] step 9950/11249 | avg train loss 0.6908 top1 0.9954 top5 0.9994
    [00:10:08] step 10000/11249 | avg train loss 0.6908 top1 0.9953 top5 0.9994
    [00:10:41] step 10050/11249 | avg train loss 0.6908 top1 0.9953 top5 0.9995
    [00:11:13] step 10100/11249 | avg train loss 0.6908 top1 0.9953 top5 0.9995
    [00:11:46] step 10150/11249 | avg train loss 0.6908 top1 0.9953 top5 0.9995
    [00:12:19] step 10200/11249 | avg train loss 0.6907 top1 0.9953 top5 0.9995
    [00:12:52] step 10250/11249 | avg train loss 0.6908 top1 0.9953 top5 0.9994
    [00:13:25] step 10300/11249 | avg train loss 0.6908 top1 0.9953 top5 0.9994
    [00:13:58] step 10350/11249 | avg train loss 0.6909 top1 0.9952 top5 0.9994
    [00:14:31] step 10400/11249 | avg train loss 0.6910 top1 0.9952 top5 0.9994
    [00:15:03] step 10450/11249 | avg train loss 0.6910 top1 0.9952 top5 0.9994
    [00:15:36] step 10500/11249 | avg train loss 0.6910 top1 0.9952 top5 0.9994
    [00:16:09] step 10550/11249 | avg train loss 0.6912 top1 0.9952 top5 0.9994
    [00:16:42] step 10600/11249 | avg train loss 0.6912 top1 0.9951 top5 0.9994
    [00:17:15] step 10650/11249 | avg train loss 0.6911 top1 0.9952 top5 0.9994
    [00:17:48] step 10700/11249 | avg train loss 0.6911 top1 0.9952 top5 0.9994
    [00:18:21] step 10750/11249 | avg train loss 0.6912 top1 0.9951 top5 0.9994
    [00:18:53] step 10800/11249 | avg train loss 0.6912 top1 0.9952 top5 0.9994
    [00:19:26] step 10850/11249 | avg train loss 0.6911 top1 0.9952 top5 0.9994
    [00:19:59] step 10900/11249 | avg train loss 0.6913 top1 0.9951 top5 0.9994
    [00:20:32] step 10950/11249 | avg train loss 0.6915 top1 0.9951 top5 0.9994
    [00:21:05] step 11000/11249 | avg train loss 0.6915 top1 0.9950 top5 0.9993
    [00:21:38] step 11050/11249 | avg train loss 0.6915 top1 0.9951 top5 0.9993
    [00:22:10] step 11100/11249 | avg train loss 0.6915 top1 0.9950 top5 0.9993
    [00:22:43] step 11150/11249 | avg train loss 0.6914 top1 0.9950 top5 0.9993
    [00:23:16] step 11200/11249 | avg train loss 0.6914 top1 0.9951 top5 0.9994
    [00:23:48] step 11249/11249 | avg train loss 0.6913 top1 0.9951 top5 0.9994
[2026-05-24T00:37:39] Epoch 15/15 | train loss 0.6913 top1 0.9951 | val loss 1.4286 top1 0.6897 top5 0.8603 | ema val top1 0.6894 top5 0.8609
[cuda] cache emptied (run-end). Free: 19.65 / 23.54 GiB
Done. Best val top1: 0.7036. Checkpoint: /Data/thomas.turkieh/smth2smth/checkpoints/track_b/ssv2ft_lora16_mlp.pt
