model:
  name: vjepa2_ssv2ft
  pretrained: true
  num_classes: ${num_classes}
  hf_repo: facebook/vjepa2-vitl-fpc16-256-ssv2
  head_type: attentive
  head_num_heads: 8
  head_num_queries: 1
  head_dropout: 0.0
  lora_enabled: true
  lora_r: 16
  lora_alpha: 32
  lora_dropout: 0.05
  lora_target_modules: null
  freeze_backbone: true
  attn_implementation: sdpa
  init_head_from_ssv2: true
dataset:
  root: ${hydra:runtime.cwd}/data
  train_dir: ${dataset.root}/train
  val_dir: ${dataset.root}/val
  test_dir: ${dataset.root}/test
  augmented_dirs: []
  test_manifest: null
  submission_output: ${hydra:runtime.cwd}/submissions/track_a.csv
  num_frames: 16
  val_ratio: 0.2
  use_official_val: true
  include_val_in_train: false
  official_val_holdout_ratio: 0.0
  seed: ${seed}
  use_extra: false
  train_extra_dir: ${dataset.root}/train_extra
  max_samples: null
  max_samples_per_class: null
  image_size: 256
  time_reversal_prob: 0.0
  temporal_reversal_augment:
    enabled: false
    prob: 0.5
  class_boosting:
    enabled: false
training:
  batch_size: 4
  lr: 0.0005
  epochs: 15
  num_workers: 2
  checkpoint_path: checkpoints/track_b/ssv2ft_lora16f.pt
  resume_from: null
  lora_lr: 0.0001
  lora_lr_ratio: 0.25
  motion_lr: null
  motion_lr_ratio: null
  resume_apply_cfg_lr: false
  amp: true
  device: cuda
  optimizer: adamw
  momentum: 0.9
  nesterov: false
  weight_decay: 0.05
  scheduler_cosine: true
  warmup_epochs: 1
  min_lr: 1.0e-05
  label_smoothing: 0.1
  videomix_alpha: 0.0
  videomix_prob: 1.0
  videomix_mode: cube_cutmix
  videomix_mixup_alpha: null
  videomix_cutmix_alpha: null
  videomix_switch_prob: 0.5
  layer_decay: null
  repeated_aug: 1
  grad_accum_steps: 1
  amp_dtype: float16
  scheduler: none
  sgdr_T0: 30
  sgdr_save_snapshots: false
  early_stopping_enabled: false
  early_stopping_patience: 10
  early_stopping_min_delta: 0.0
  log_interval_steps: 50
  ema_enabled: true
  ema_decay: 0.999
  eval_every_n_epochs: 1
  eval_ema: true
  save_last_checkpoint: true
  last_checkpoint_path: null
  resume_reset_scheduler: false
  continuation_warmup_epochs: 0
  continuation_rewarm_lr: false
  continuation_peak_lr_ratio: 0.4
  tta: false
  tta_flip: false
  tta_temporal_shift: 0
  tta_scales:
  - 0.875
  - 1.0
  - 1.125
  tta_logit_adjust: 0.0
  class_balance_sampler: none
  class_balance_loss: none
  class_balance_beta: 0.999
augment:
  name: none
  random_horizontal_flip: false
  random_crop: false
  crop_padding: 0
  color_jitter: false
  color_jitter_brightness: 0.0
  color_jitter_contrast: 0.0
  color_jitter_saturation: 0.0
  color_jitter_hue: 0.0
  random_grayscale: false
  random_grayscale_prob: 0.0
  gaussian_blur: false
  gaussian_blur_prob: 0.0
  gaussian_blur_radius_min: 0.1
  gaussian_blur_radius_max: 2.0
pretrain:
  epochs: 100
  batch_size: 64
  lr: 0.0005
  weight_decay: 0.04
  log_interval_steps: 50
  checkpoint_path: ${hydra:runtime.cwd}/ssl_trunk.pt
  max_frames: null
  image_size: 224
  local_image_size: 96
  num_local_views: 6
  out_dim: 4096
  hidden_dim: 2048
  bottleneck_dim: 256
  n_layers: 3
  teacher_temp: 0.04
  student_temp: 0.1
  center_momentum: 0.9
  teacher_momentum_base: 0.996
  teacher_momentum_final: 1.0
test:
  num_segment: 2
  num_crop: 3
  flip_tta: false
track:
  name: a
  description: 'Closed-world track: train from scratch.'
num_classes: 33
seed: 42

[cuda] cache emptied (run-start). Free: 23.26 / 23.55 GiB
[data] use_official_val=true: train=44993 (train_dir=44993), val=6745 (from /Data/thomas.turkieh/smth2smth/data/val)
[2026-05-22 12:31:47,639][httpx][INFO] - HTTP Request: HEAD https://huggingface.co/facebook/vjepa2-vitl-fpc16-256-ssv2/resolve/main/config.json "HTTP/1.1 307 Temporary Redirect"
[2026-05-22 12:31:47,661][httpx][INFO] - HTTP Request: HEAD https://huggingface.co/api/resolve-cache/models/facebook/vjepa2-vitl-fpc16-256-ssv2/4aa02df83918538fc21cfaf576382fa20e489a80/config.json "HTTP/1.1 200 OK"
[2026-05-22 12:31:47,797][httpx][INFO] - HTTP Request: HEAD https://huggingface.co/facebook/vjepa2-vitl-fpc16-256-ssv2/resolve/main/config.json "HTTP/1.1 307 Temporary Redirect"
Warning: You are sending unauthenticated requests to the HF Hub. Please set a HF_TOKEN to enable higher rate limits and faster downloads.
[2026-05-22 12:31:47,798][huggingface_hub.utils._http][WARNING] - Warning: You are sending unauthenticated requests to the HF Hub. Please set a HF_TOKEN to enable higher rate limits and faster downloads.
[2026-05-22 12:31:47,818][httpx][INFO] - HTTP Request: HEAD https://huggingface.co/api/resolve-cache/models/facebook/vjepa2-vitl-fpc16-256-ssv2/4aa02df83918538fc21cfaf576382fa20e489a80/config.json "HTTP/1.1 200 OK"
[2026-05-22 12:31:47,956][httpx][INFO] - HTTP Request: HEAD https://huggingface.co/facebook/vjepa2-vitl-fpc16-256-ssv2/resolve/main/model.safetensors "HTTP/1.1 302 Found"
[2026-05-22 12:32:20,538][httpx][INFO] - HTTP Request: GET https://huggingface.co/api/models/facebook/vjepa2-vitl-fpc16-256-ssv2/xet-read-token/4aa02df83918538fc21cfaf576382fa20e489a80 "HTTP/1.1 200 OK"
Error executing job with overrides: ['experiment=track_b_vjepa2_ssv2ft_lora16f']
Traceback (most recent call last):
  File "/Data/thomas.turkieh/smth2smth/src/smth2smth/pipelines/train.py", line 1360, in main
    run(cfg)
  File "/Data/thomas.turkieh/smth2smth/src/smth2smth/pipelines/train.py", line 653, in run
    model = build_model(cfg).to(device)
            ^^^^^^^^^^^^^^^^
  File "/Data/thomas.turkieh/smth2smth/src/smth2smth/shared/models/registry.py", line 68, in build_model
    return MODEL_REGISTRY[name](cfg)
           ^^^^^^^^^^^^^^^^^^^^^^^^^
  File "/Data/thomas.turkieh/smth2smth/src/smth2smth/track_b/vjepa2.py", line 801, in build_vjepa2_ssv2ft
    return VJEPA2SSv2FTProbe(
           ^^^^^^^^^^^^^^^^^^
  File "/Data/thomas.turkieh/smth2smth/src/smth2smth/track_b/vjepa2.py", line 705, in __init__
    model = VJEPA2ForVideoClassification.from_pretrained(self.hf_repo, **load_kwargs)
            ^^^^^^^^^^^^^^^^^^^^^^^^^^^^^^^^^^^^^^^^^^^^^^^^^^^^^^^^^^^^^^^^^^^^^^^^^
  File "/Data/thomas.turkieh/smth2smth/.venv/lib/python3.12/site-packages/transformers/modeling_utils.py", line 4153, in from_pretrained
    checkpoint_files, sharded_metadata = _get_resolved_checkpoint_files(
                                         ^^^^^^^^^^^^^^^^^^^^^^^^^^^^^^^
  File "/Data/thomas.turkieh/smth2smth/.venv/lib/python3.12/site-packages/transformers/modeling_utils.py", line 678, in _get_resolved_checkpoint_files
    resolved_archive_file = cached_file(pretrained_model_name_or_path, filename, **cached_file_kwargs)
                            ^^^^^^^^^^^^^^^^^^^^^^^^^^^^^^^^^^^^^^^^^^^^^^^^^^^^^^^^^^^^^^^^^^^^^^^^^^
  File "/Data/thomas.turkieh/smth2smth/.venv/lib/python3.12/site-packages/transformers/utils/hub.py", line 278, in cached_file
    file = cached_files(path_or_repo_id=path_or_repo_id, filenames=[filename], **kwargs)
           ^^^^^^^^^^^^^^^^^^^^^^^^^^^^^^^^^^^^^^^^^^^^^^^^^^^^^^^^^^^^^^^^^^^^^^^^^^^^^
  File "/Data/thomas.turkieh/smth2smth/.venv/lib/python3.12/site-packages/transformers/utils/hub.py", line 512, in cached_files
    raise e
  File "/Data/thomas.turkieh/smth2smth/.venv/lib/python3.12/site-packages/transformers/utils/hub.py", line 422, in cached_files
    hf_hub_download(
  File "/Data/thomas.turkieh/smth2smth/.venv/lib/python3.12/site-packages/huggingface_hub/utils/_validators.py", line 88, in _inner_fn
    return fn(*args, **kwargs)
           ^^^^^^^^^^^^^^^^^^^
  File "/Data/thomas.turkieh/smth2smth/.venv/lib/python3.12/site-packages/huggingface_hub/file_download.py", line 997, in hf_hub_download
    return _hf_hub_download_to_cache_dir(
           ^^^^^^^^^^^^^^^^^^^^^^^^^^^^^^
  File "/Data/thomas.turkieh/smth2smth/.venv/lib/python3.12/site-packages/huggingface_hub/file_download.py", line 1216, in _hf_hub_download_to_cache_dir
    _download_to_tmp_and_move(
  File "/Data/thomas.turkieh/smth2smth/.venv/lib/python3.12/site-packages/huggingface_hub/file_download.py", line 1828, in _download_to_tmp_and_move
    with incomplete_path.open("ab") as f:
         ^^^^^^^^^^^^^^^^^^^^^^^^^^
OSError: [Errno 122] Disk quota exceeded

Set the environment variable HYDRA_FULL_ERROR=1 for a complete stack trace.
model:
  name: vjepa2_ssv2ft
  pretrained: true
  num_classes: ${num_classes}
  hf_repo: facebook/vjepa2-vitl-fpc16-256-ssv2
  head_type: attentive
  head_num_heads: 8
  head_num_queries: 1
  head_dropout: 0.0
  lora_enabled: true
  lora_r: 16
  lora_alpha: 32
  lora_dropout: 0.05
  lora_target_modules: null
  freeze_backbone: true
  attn_implementation: sdpa
  init_head_from_ssv2: true
dataset:
  root: ${hydra:runtime.cwd}/data
  train_dir: ${dataset.root}/train
  val_dir: ${dataset.root}/val
  test_dir: ${dataset.root}/test
  augmented_dirs: []
  test_manifest: null
  submission_output: ${hydra:runtime.cwd}/submissions/track_a.csv
  num_frames: 16
  val_ratio: 0.2
  use_official_val: true
  include_val_in_train: false
  official_val_holdout_ratio: 0.0
  seed: ${seed}
  use_extra: false
  train_extra_dir: ${dataset.root}/train_extra
  max_samples: null
  max_samples_per_class: null
  image_size: 256
  time_reversal_prob: 0.0
  temporal_reversal_augment:
    enabled: false
    prob: 0.5
  class_boosting:
    enabled: false
training:
  batch_size: 4
  lr: 0.0005
  epochs: 15
  num_workers: 2
  checkpoint_path: checkpoints/track_b/ssv2ft_lora16f.pt
  resume_from: null
  lora_lr: 0.0001
  lora_lr_ratio: 0.25
  motion_lr: null
  motion_lr_ratio: null
  resume_apply_cfg_lr: false
  amp: true
  device: cuda
  optimizer: adamw
  momentum: 0.9
  nesterov: false
  weight_decay: 0.05
  scheduler_cosine: true
  warmup_epochs: 1
  min_lr: 1.0e-05
  label_smoothing: 0.1
  videomix_alpha: 0.0
  videomix_prob: 1.0
  videomix_mode: cube_cutmix
  videomix_mixup_alpha: null
  videomix_cutmix_alpha: null
  videomix_switch_prob: 0.5
  layer_decay: null
  repeated_aug: 1
  grad_accum_steps: 1
  amp_dtype: float16
  scheduler: none
  sgdr_T0: 30
  sgdr_save_snapshots: false
  early_stopping_enabled: false
  early_stopping_patience: 10
  early_stopping_min_delta: 0.0
  log_interval_steps: 50
  ema_enabled: true
  ema_decay: 0.999
  eval_every_n_epochs: 1
  eval_ema: true
  save_last_checkpoint: true
  last_checkpoint_path: null
  resume_reset_scheduler: false
  continuation_warmup_epochs: 0
  continuation_rewarm_lr: false
  continuation_peak_lr_ratio: 0.4
  tta: false
  tta_flip: false
  tta_temporal_shift: 0
  tta_scales:
  - 0.875
  - 1.0
  - 1.125
  tta_logit_adjust: 0.0
  class_balance_sampler: none
  class_balance_loss: none
  class_balance_beta: 0.999
augment:
  name: none
  random_horizontal_flip: false
  random_crop: false
  crop_padding: 0
  color_jitter: false
  color_jitter_brightness: 0.0
  color_jitter_contrast: 0.0
  color_jitter_saturation: 0.0
  color_jitter_hue: 0.0
  random_grayscale: false
  random_grayscale_prob: 0.0
  gaussian_blur: false
  gaussian_blur_prob: 0.0
  gaussian_blur_radius_min: 0.1
  gaussian_blur_radius_max: 2.0
pretrain:
  epochs: 100
  batch_size: 64
  lr: 0.0005
  weight_decay: 0.04
  log_interval_steps: 50
  checkpoint_path: ${hydra:runtime.cwd}/ssl_trunk.pt
  max_frames: null
  image_size: 224
  local_image_size: 96
  num_local_views: 6
  out_dim: 4096
  hidden_dim: 2048
  bottleneck_dim: 256
  n_layers: 3
  teacher_temp: 0.04
  student_temp: 0.1
  center_momentum: 0.9
  teacher_momentum_base: 0.996
  teacher_momentum_final: 1.0
test:
  num_segment: 2
  num_crop: 3
  flip_tta: false
track:
  name: a
  description: 'Closed-world track: train from scratch.'
num_classes: 33
seed: 42

[cuda] cache emptied (run-start). Free: 23.26 / 23.55 GiB
[data] use_official_val=true: train=44993 (train_dir=44993), val=6745 (from /Data/thomas.turkieh/smth2smth/data/val)
[2026-05-22 12:57:43,015][httpx][INFO] - HTTP Request: HEAD https://huggingface.co/facebook/vjepa2-vitl-fpc16-256-ssv2/resolve/main/config.json "HTTP/1.1 307 Temporary Redirect"
[2026-05-22 12:57:43,044][httpx][INFO] - HTTP Request: HEAD https://huggingface.co/api/resolve-cache/models/facebook/vjepa2-vitl-fpc16-256-ssv2/4aa02df83918538fc21cfaf576382fa20e489a80/config.json "HTTP/1.1 200 OK"
[2026-05-22 12:57:43,074][httpx][INFO] - HTTP Request: GET https://huggingface.co/api/resolve-cache/models/facebook/vjepa2-vitl-fpc16-256-ssv2/4aa02df83918538fc21cfaf576382fa20e489a80/config.json "HTTP/1.1 200 OK"
[2026-05-22 12:57:43,201][httpx][INFO] - HTTP Request: HEAD https://huggingface.co/facebook/vjepa2-vitl-fpc16-256-ssv2/resolve/main/adapter_config.json "HTTP/1.1 404 Not Found"
Warning: You are sending unauthenticated requests to the HF Hub. Please set a HF_TOKEN to enable higher rate limits and faster downloads.
[2026-05-22 12:57:43,201][huggingface_hub.utils._http][WARNING] - Warning: You are sending unauthenticated requests to the HF Hub. Please set a HF_TOKEN to enable higher rate limits and faster downloads.
[2026-05-22 12:57:43,326][httpx][INFO] - HTTP Request: HEAD https://huggingface.co/facebook/vjepa2-vitl-fpc16-256-ssv2/resolve/main/config.json "HTTP/1.1 307 Temporary Redirect"
[2026-05-22 12:57:43,356][httpx][INFO] - HTTP Request: HEAD https://huggingface.co/api/resolve-cache/models/facebook/vjepa2-vitl-fpc16-256-ssv2/4aa02df83918538fc21cfaf576382fa20e489a80/config.json "HTTP/1.1 200 OK"
[2026-05-22 12:57:43,490][httpx][INFO] - HTTP Request: HEAD https://huggingface.co/facebook/vjepa2-vitl-fpc16-256-ssv2/resolve/main/model.safetensors "HTTP/1.1 302 Found"
[2026-05-22 12:57:43,654][httpx][INFO] - HTTP Request: GET https://huggingface.co/api/models/facebook/vjepa2-vitl-fpc16-256-ssv2/xet-read-token/4aa02df83918538fc21cfaf576382fa20e489a80 "HTTP/1.1 200 OK"
Loading weights:   0%|          | 0/652 [00:00<?, ?it/s]Loading weights: 100%|██████████| 652/652 [00:00<00:00, 10715.35it/s]
[map] prefix-matched our class 015 ('015_Pretending_to_pour_something_out_of_something_but_something_') to SSv2 idx 70 ('Pretending to pour [something] out of [something], but [something] is empty')
[ssv2ft] head-slice: resolved 32/33 local class indices (32 folder matches)
[model] freeze_backbone ignored (only supported for video_mae_vit).
[optim] two param groups: head lr=0.0005 (n=65), lora lr=0.0001 (n=292)
[optim] trainable 53,169,185 / total 379,140,513 params (14.02%)
[amp] mixed-precision (torch.float16 + GradScaler) enabled.
[ema] enabled (decay=0.999); will eval both live and EMA each epoch.
    [13:00:23] step 50/11249 | avg train loss 2.6478 top1 0.4650 top5 0.7900
    [13:00:50] step 100/11249 | avg train loss 2.3749 top1 0.5025 top5 0.8100
    [13:01:19] step 150/11249 | avg train loss 2.2425 top1 0.5233 top5 0.8300
    [13:01:47] step 200/11249 | avg train loss 2.1827 top1 0.5413 top5 0.8313
    [13:02:15] step 250/11249 | avg train loss 2.1381 top1 0.5520 top5 0.8420
    [13:02:43] step 300/11249 | avg train loss 2.1186 top1 0.5525 top5 0.8433
    [13:03:11] step 350/11249 | avg train loss 2.0711 top1 0.5621 top5 0.8507
    [13:03:39] step 400/11249 | avg train loss 2.0509 top1 0.5606 top5 0.8562
    [13:04:07] step 450/11249 | avg train loss 2.0242 top1 0.5656 top5 0.8622
    [13:04:35] step 500/11249 | avg train loss 1.9882 top1 0.5755 top5 0.8660
    [13:05:04] step 550/11249 | avg train loss 1.9555 top1 0.5855 top5 0.8714
    [13:05:32] step 600/11249 | avg train loss 1.9331 top1 0.5921 top5 0.8754
    [13:06:00] step 650/11249 | avg train loss 1.9108 top1 0.5981 top5 0.8792
    [13:06:28] step 700/11249 | avg train loss 1.8940 top1 0.6014 top5 0.8821
    [13:06:56] step 750/11249 | avg train loss 1.8808 top1 0.6030 top5 0.8830
    [13:07:24] step 800/11249 | avg train loss 1.8716 top1 0.6075 top5 0.8838
    [13:07:52] step 850/11249 | avg train loss 1.8604 top1 0.6112 top5 0.8844
    [13:08:21] step 900/11249 | avg train loss 1.8523 top1 0.6133 top5 0.8864
    [13:08:49] step 950/11249 | avg train loss 1.8393 top1 0.6168 top5 0.8887
    [13:09:17] step 1000/11249 | avg train loss 1.8309 top1 0.6192 top5 0.8902
    [13:09:45] step 1050/11249 | avg train loss 1.8165 top1 0.6240 top5 0.8919
    [13:10:13] step 1100/11249 | avg train loss 1.8105 top1 0.6245 top5 0.8923
    [13:10:42] step 1150/11249 | avg train loss 1.7948 top1 0.6280 top5 0.8941
    [13:11:10] step 1200/11249 | avg train loss 1.7833 top1 0.6317 top5 0.8965
    [13:11:38] step 1250/11249 | avg train loss 1.7733 top1 0.6338 top5 0.8970
    [13:12:06] step 1300/11249 | avg train loss 1.7660 top1 0.6362 top5 0.8979
    [13:12:34] step 1350/11249 | avg train loss 1.7581 top1 0.6381 top5 0.8991
    [13:13:02] step 1400/11249 | avg train loss 1.7515 top1 0.6398 top5 0.9004
    [13:13:30] step 1450/11249 | avg train loss 1.7458 top1 0.6414 top5 0.9010
    [13:13:59] step 1500/11249 | avg train loss 1.7430 top1 0.6417 top5 0.9018
    [13:14:27] step 1550/11249 | avg train loss 1.7378 top1 0.6431 top5 0.9024
    [13:14:55] step 1600/11249 | avg train loss 1.7322 top1 0.6450 top5 0.9031
    [13:15:23] step 1650/11249 | avg train loss 1.7272 top1 0.6462 top5 0.9038
    [13:15:51] step 1700/11249 | avg train loss 1.7236 top1 0.6475 top5 0.9047
    [13:16:19] step 1750/11249 | avg train loss 1.7199 top1 0.6493 top5 0.9056
    [13:16:47] step 1800/11249 | avg train loss 1.7156 top1 0.6510 top5 0.9067
    [13:17:16] step 1850/11249 | avg train loss 1.7129 top1 0.6518 top5 0.9070
    [13:17:44] step 1900/11249 | avg train loss 1.7061 top1 0.6539 top5 0.9079
    [13:18:12] step 1950/11249 | avg train loss 1.7003 top1 0.6554 top5 0.9083
    [13:18:40] step 2000/11249 | avg train loss 1.6975 top1 0.6562 top5 0.9086
    [13:19:08] step 2050/11249 | avg train loss 1.6925 top1 0.6580 top5 0.9101
    [13:19:36] step 2100/11249 | avg train loss 1.6870 top1 0.6590 top5 0.9107
    [13:20:05] step 2150/11249 | avg train loss 1.6834 top1 0.6602 top5 0.9108
    [13:20:33] step 2200/11249 | avg train loss 1.6802 top1 0.6609 top5 0.9111
    [13:21:01] step 2250/11249 | avg train loss 1.6804 top1 0.6604 top5 0.9106
    [13:21:29] step 2300/11249 | avg train loss 1.6804 top1 0.6607 top5 0.9109
    [13:21:57] step 2350/11249 | avg train loss 1.6787 top1 0.6612 top5 0.9114
    [13:22:25] step 2400/11249 | avg train loss 1.6767 top1 0.6617 top5 0.9116
    [13:22:54] step 2450/11249 | avg train loss 1.6719 top1 0.6634 top5 0.9124
    [13:23:22] step 2500/11249 | avg train loss 1.6695 top1 0.6643 top5 0.9126
    [13:23:50] step 2550/11249 | avg train loss 1.6666 top1 0.6646 top5 0.9133
    [13:24:18] step 2600/11249 | avg train loss 1.6659 top1 0.6647 top5 0.9134
    [13:24:46] step 2650/11249 | avg train loss 1.6650 top1 0.6646 top5 0.9141
    [13:25:14] step 2700/11249 | avg train loss 1.6627 top1 0.6656 top5 0.9140
    [13:25:42] step 2750/11249 | avg train loss 1.6614 top1 0.6661 top5 0.9139
    [13:26:11] step 2800/11249 | avg train loss 1.6611 top1 0.6659 top5 0.9138
    [13:26:39] step 2850/11249 | avg train loss 1.6585 top1 0.6662 top5 0.9144
    [13:27:07] step 2900/11249 | avg train loss 1.6552 top1 0.6672 top5 0.9149
    [13:27:35] step 2950/11249 | avg train loss 1.6534 top1 0.6672 top5 0.9153
    [13:28:03] step 3000/11249 | avg train loss 1.6511 top1 0.6676 top5 0.9158
    [13:28:31] step 3050/11249 | avg train loss 1.6493 top1 0.6680 top5 0.9163
    [13:28:59] step 3100/11249 | avg train loss 1.6458 top1 0.6688 top5 0.9169
    [13:29:28] step 3150/11249 | avg train loss 1.6431 top1 0.6702 top5 0.9169
    [13:29:56] step 3200/11249 | avg train loss 1.6403 top1 0.6709 top5 0.9174
    [13:30:24] step 3250/11249 | avg train loss 1.6403 top1 0.6708 top5 0.9175
    [13:30:52] step 3300/11249 | avg train loss 1.6387 top1 0.6711 top5 0.9177
    [13:31:20] step 3350/11249 | avg train loss 1.6377 top1 0.6712 top5 0.9179
    [13:31:48] step 3400/11249 | avg train loss 1.6370 top1 0.6713 top5 0.9179
    [13:32:17] step 3450/11249 | avg train loss 1.6355 top1 0.6716 top5 0.9180
    [13:32:45] step 3500/11249 | avg train loss 1.6316 top1 0.6728 top5 0.9186
    [13:33:13] step 3550/11249 | avg train loss 1.6297 top1 0.6733 top5 0.9186
    [13:33:41] step 3600/11249 | avg train loss 1.6292 top1 0.6734 top5 0.9187
    [13:34:09] step 3650/11249 | avg train loss 1.6292 top1 0.6734 top5 0.9190
    [13:34:37] step 3700/11249 | avg train loss 1.6274 top1 0.6739 top5 0.9195
    [13:35:05] step 3750/11249 | avg train loss 1.6239 top1 0.6750 top5 0.9198
    [13:35:34] step 3800/11249 | avg train loss 1.6228 top1 0.6753 top5 0.9201
    [13:36:02] step 3850/11249 | avg train loss 1.6211 top1 0.6761 top5 0.9203
    [13:36:30] step 3900/11249 | avg train loss 1.6188 top1 0.6769 top5 0.9206
    [13:36:58] step 3950/11249 | avg train loss 1.6170 top1 0.6775 top5 0.9207
    [13:37:26] step 4000/11249 | avg train loss 1.6154 top1 0.6776 top5 0.9210
    [13:37:54] step 4050/11249 | avg train loss 1.6143 top1 0.6781 top5 0.9210
    [13:38:22] step 4100/11249 | avg train loss 1.6127 top1 0.6785 top5 0.9210
    [13:38:51] step 4150/11249 | avg train loss 1.6117 top1 0.6788 top5 0.9213
    [13:39:19] step 4200/11249 | avg train loss 1.6122 top1 0.6783 top5 0.9210
    [13:39:47] step 4250/11249 | avg train loss 1.6105 top1 0.6791 top5 0.9211
    [13:40:15] step 4300/11249 | avg train loss 1.6094 top1 0.6792 top5 0.9211
    [13:40:43] step 4350/11249 | avg train loss 1.6063 top1 0.6802 top5 0.9214
    [13:41:12] step 4400/11249 | avg train loss 1.6061 top1 0.6803 top5 0.9213
    [13:41:40] step 4450/11249 | avg train loss 1.6057 top1 0.6806 top5 0.9213
    [13:42:08] step 4500/11249 | avg train loss 1.6041 top1 0.6808 top5 0.9217
    [13:42:36] step 4550/11249 | avg train loss 1.6031 top1 0.6812 top5 0.9219
    [13:43:04] step 4600/11249 | avg train loss 1.6029 top1 0.6812 top5 0.9218
    [13:43:32] step 4650/11249 | avg train loss 1.6023 top1 0.6815 top5 0.9216
    [13:44:00] step 4700/11249 | avg train loss 1.6005 top1 0.6816 top5 0.9219
    [13:44:29] step 4750/11249 | avg train loss 1.5988 top1 0.6821 top5 0.9221
    [13:44:57] step 4800/11249 | avg train loss 1.5973 top1 0.6822 top5 0.9223
    [13:45:25] step 4850/11249 | avg train loss 1.5960 top1 0.6827 top5 0.9225
    [13:45:53] step 4900/11249 | avg train loss 1.5960 top1 0.6823 top5 0.9224
    [13:46:21] step 4950/11249 | avg train loss 1.5963 top1 0.6820 top5 0.9223
    [13:46:49] step 5000/11249 | avg train loss 1.5956 top1 0.6818 top5 0.9226
    [13:47:17] step 5050/11249 | avg train loss 1.5931 top1 0.6829 top5 0.9228
    [13:47:46] step 5100/11249 | avg train loss 1.5911 top1 0.6835 top5 0.9232
    [13:48:14] step 5150/11249 | avg train loss 1.5899 top1 0.6840 top5 0.9235
    [13:48:42] step 5200/11249 | avg train loss 1.5874 top1 0.6846 top5 0.9239
    [13:49:10] step 5250/11249 | avg train loss 1.5855 top1 0.6852 top5 0.9240
    [13:49:38] step 5300/11249 | avg train loss 1.5852 top1 0.6851 top5 0.9241
    [13:50:06] step 5350/11249 | avg train loss 1.5850 top1 0.6851 top5 0.9245
    [13:50:35] step 5400/11249 | avg train loss 1.5842 top1 0.6849 top5 0.9248
    [13:51:03] step 5450/11249 | avg train loss 1.5824 top1 0.6853 top5 0.9252
    [13:51:31] step 5500/11249 | avg train loss 1.5810 top1 0.6858 top5 0.9257
    [13:51:59] step 5550/11249 | avg train loss 1.5795 top1 0.6862 top5 0.9260
    [13:52:27] step 5600/11249 | avg train loss 1.5777 top1 0.6870 top5 0.9262
    [13:52:55] step 5650/11249 | avg train loss 1.5779 top1 0.6873 top5 0.9260
    [13:53:24] step 5700/11249 | avg train loss 1.5764 top1 0.6879 top5 0.9260
    [13:53:52] step 5750/11249 | avg train loss 1.5760 top1 0.6880 top5 0.9262
    [13:54:20] step 5800/11249 | avg train loss 1.5744 top1 0.6885 top5 0.9265
    [13:54:48] step 5850/11249 | avg train loss 1.5733 top1 0.6885 top5 0.9267
    [13:55:16] step 5900/11249 | avg train loss 1.5725 top1 0.6887 top5 0.9267
    [13:55:44] step 5950/11249 | avg train loss 1.5708 top1 0.6891 top5 0.9268
    [13:56:12] step 6000/11249 | avg train loss 1.5704 top1 0.6893 top5 0.9268
    [13:56:41] step 6050/11249 | avg train loss 1.5689 top1 0.6898 top5 0.9271
    [13:57:09] step 6100/11249 | avg train loss 1.5675 top1 0.6901 top5 0.9271
    [13:57:37] step 6150/11249 | avg train loss 1.5662 top1 0.6907 top5 0.9273
    [13:58:05] step 6200/11249 | avg train loss 1.5663 top1 0.6903 top5 0.9274
    [13:58:33] step 6250/11249 | avg train loss 1.5651 top1 0.6908 top5 0.9276
    [13:59:01] step 6300/11249 | avg train loss 1.5642 top1 0.6914 top5 0.9275
    [13:59:30] step 6350/11249 | avg train loss 1.5629 top1 0.6920 top5 0.9277
    [13:59:58] step 6400/11249 | avg train loss 1.5620 top1 0.6924 top5 0.9277
    [14:00:26] step 6450/11249 | avg train loss 1.5618 top1 0.6923 top5 0.9278
    [14:00:54] step 6500/11249 | avg train loss 1.5606 top1 0.6927 top5 0.9277
    [14:01:22] step 6550/11249 | avg train loss 1.5596 top1 0.6934 top5 0.9278
    [14:01:51] step 6600/11249 | avg train loss 1.5599 top1 0.6933 top5 0.9278
    [14:02:19] step 6650/11249 | avg train loss 1.5599 top1 0.6932 top5 0.9278
    [14:02:47] step 6700/11249 | avg train loss 1.5588 top1 0.6934 top5 0.9279
    [14:03:15] step 6750/11249 | avg train loss 1.5579 top1 0.6935 top5 0.9282
    [14:03:43] step 6800/11249 | avg train loss 1.5573 top1 0.6936 top5 0.9282
    [14:04:11] step 6850/11249 | avg train loss 1.5562 top1 0.6940 top5 0.9283
    [14:04:39] step 6900/11249 | avg train loss 1.5554 top1 0.6942 top5 0.9285
    [14:05:08] step 6950/11249 | avg train loss 1.5549 top1 0.6941 top5 0.9285
    [14:05:36] step 7000/11249 | avg train loss 1.5547 top1 0.6941 top5 0.9287
    [14:06:04] step 7050/11249 | avg train loss 1.5533 top1 0.6949 top5 0.9288
    [14:06:32] step 7100/11249 | avg train loss 1.5528 top1 0.6950 top5 0.9290
    [14:07:00] step 7150/11249 | avg train loss 1.5518 top1 0.6951 top5 0.9293
    [14:07:28] step 7200/11249 | avg train loss 1.5506 top1 0.6954 top5 0.9293
    [14:07:57] step 7250/11249 | avg train loss 1.5500 top1 0.6953 top5 0.9296
    [14:08:25] step 7300/11249 | avg train loss 1.5499 top1 0.6952 top5 0.9297
    [14:08:53] step 7350/11249 | avg train loss 1.5493 top1 0.6954 top5 0.9298
    [14:09:21] step 7400/11249 | avg train loss 1.5483 top1 0.6957 top5 0.9300
    [14:09:49] step 7450/11249 | avg train loss 1.5469 top1 0.6963 top5 0.9300
    [14:10:17] step 7500/11249 | avg train loss 1.5468 top1 0.6963 top5 0.9299
    [14:10:45] step 7550/11249 | avg train loss 1.5454 top1 0.6967 top5 0.9300
    [14:11:14] step 7600/11249 | avg train loss 1.5451 top1 0.6964 top5 0.9302
    [14:11:42] step 7650/11249 | avg train loss 1.5440 top1 0.6965 top5 0.9305
    [14:12:10] step 7700/11249 | avg train loss 1.5443 top1 0.6966 top5 0.9305
    [14:12:38] step 7750/11249 | avg train loss 1.5441 top1 0.6965 top5 0.9307
    [14:13:06] step 7800/11249 | avg train loss 1.5439 top1 0.6963 top5 0.9308
    [14:13:34] step 7850/11249 | avg train loss 1.5435 top1 0.6962 top5 0.9309
    [14:14:03] step 7900/11249 | avg train loss 1.5425 top1 0.6965 top5 0.9311
    [14:14:31] step 7950/11249 | avg train loss 1.5417 top1 0.6966 top5 0.9312
    [14:14:59] step 8000/11249 | avg train loss 1.5412 top1 0.6967 top5 0.9313
    [14:15:27] step 8050/11249 | avg train loss 1.5407 top1 0.6970 top5 0.9313
    [14:15:55] step 8100/11249 | avg train loss 1.5401 top1 0.6972 top5 0.9315
    [14:16:23] step 8150/11249 | avg train loss 1.5401 top1 0.6972 top5 0.9315
    [14:16:51] step 8200/11249 | avg train loss 1.5400 top1 0.6970 top5 0.9316
    [14:17:19] step 8250/11249 | avg train loss 1.5397 top1 0.6971 top5 0.9316
    [14:17:48] step 8300/11249 | avg train loss 1.5398 top1 0.6970 top5 0.9317
    [14:18:16] step 8350/11249 | avg train loss 1.5390 top1 0.6971 top5 0.9317
    [14:18:44] step 8400/11249 | avg train loss 1.5381 top1 0.6975 top5 0.9318
    [14:19:12] step 8450/11249 | avg train loss 1.5375 top1 0.6977 top5 0.9318
    [14:19:40] step 8500/11249 | avg train loss 1.5361 top1 0.6982 top5 0.9320
    [14:20:08] step 8550/11249 | avg train loss 1.5359 top1 0.6983 top5 0.9320
    [14:20:36] step 8600/11249 | avg train loss 1.5351 top1 0.6986 top5 0.9320
    [14:21:04] step 8650/11249 | avg train loss 1.5339 top1 0.6990 top5 0.9322
    [14:21:33] step 8700/11249 | avg train loss 1.5331 top1 0.6992 top5 0.9322
    [14:22:01] step 8750/11249 | avg train loss 1.5324 top1 0.6996 top5 0.9323
    [14:22:29] step 8800/11249 | avg train loss 1.5316 top1 0.6999 top5 0.9326
    [14:22:57] step 8850/11249 | avg train loss 1.5314 top1 0.6999 top5 0.9326
    [14:23:25] step 8900/11249 | avg train loss 1.5305 top1 0.7002 top5 0.9328
    [14:23:53] step 8950/11249 | avg train loss 1.5303 top1 0.7002 top5 0.9328
    [14:24:21] step 9000/11249 | avg train loss 1.5297 top1 0.7005 top5 0.9329
    [14:24:50] step 9050/11249 | avg train loss 1.5289 top1 0.7006 top5 0.9330
    [14:25:18] step 9100/11249 | avg train loss 1.5281 top1 0.7007 top5 0.9331
    [14:25:46] step 9150/11249 | avg train loss 1.5279 top1 0.7007 top5 0.9332
    [14:26:14] step 9200/11249 | avg train loss 1.5268 top1 0.7010 top5 0.9333
    [14:26:42] step 9250/11249 | avg train loss 1.5258 top1 0.7015 top5 0.9333
    [14:27:10] step 9300/11249 | avg train loss 1.5255 top1 0.7016 top5 0.9335
    [14:27:38] step 9350/11249 | avg train loss 1.5251 top1 0.7017 top5 0.9335
    [14:28:06] step 9400/11249 | avg train loss 1.5244 top1 0.7019 top5 0.9337
    [14:28:35] step 9450/11249 | avg train loss 1.5233 top1 0.7023 top5 0.9338
    [14:29:03] step 9500/11249 | avg train loss 1.5228 top1 0.7024 top5 0.9338
    [14:29:31] step 9550/11249 | avg train loss 1.5220 top1 0.7028 top5 0.9341
    [14:29:59] step 9600/11249 | avg train loss 1.5203 top1 0.7033 top5 0.9342
    [14:30:27] step 9650/11249 | avg train loss 1.5199 top1 0.7035 top5 0.9342
    [14:30:55] step 9700/11249 | avg train loss 1.5187 top1 0.7038 top5 0.9345
    [14:31:23] step 9750/11249 | avg train loss 1.5183 top1 0.7039 top5 0.9346
    [14:31:51] step 9800/11249 | avg train loss 1.5177 top1 0.7042 top5 0.9346
    [14:32:20] step 9850/11249 | avg train loss 1.5169 top1 0.7045 top5 0.9347
    [14:32:48] step 9900/11249 | avg train loss 1.5166 top1 0.7047 top5 0.9347
    [14:33:16] step 9950/11249 | avg train loss 1.5161 top1 0.7048 top5 0.9349
    [14:33:44] step 10000/11249 | avg train loss 1.5164 top1 0.7047 top5 0.9347
    [14:34:12] step 10050/11249 | avg train loss 1.5157 top1 0.7050 top5 0.9350
    [14:34:40] step 10100/11249 | avg train loss 1.5152 top1 0.7052 top5 0.9350
    [14:35:08] step 10150/11249 | avg train loss 1.5146 top1 0.7052 top5 0.9351
    [14:35:36] step 10200/11249 | avg train loss 1.5141 top1 0.7055 top5 0.9352
    [14:36:05] step 10250/11249 | avg train loss 1.5139 top1 0.7057 top5 0.9352
    [14:36:33] step 10300/11249 | avg train loss 1.5135 top1 0.7058 top5 0.9353
    [14:37:01] step 10350/11249 | avg train loss 1.5139 top1 0.7059 top5 0.9351
    [14:37:29] step 10400/11249 | avg train loss 1.5138 top1 0.7061 top5 0.9350
    [14:37:57] step 10450/11249 | avg train loss 1.5138 top1 0.7060 top5 0.9351
    [14:38:25] step 10500/11249 | avg train loss 1.5131 top1 0.7062 top5 0.9351
    [14:38:53] step 10550/11249 | avg train loss 1.5131 top1 0.7062 top5 0.9351
    [14:39:21] step 10600/11249 | avg train loss 1.5128 top1 0.7063 top5 0.9352
    [14:39:49] step 10650/11249 | avg train loss 1.5123 top1 0.7065 top5 0.9352
    [14:40:17] step 10700/11249 | avg train loss 1.5115 top1 0.7068 top5 0.9353
    [14:40:46] step 10750/11249 | avg train loss 1.5104 top1 0.7071 top5 0.9355
    [14:41:14] step 10800/11249 | avg train loss 1.5104 top1 0.7070 top5 0.9356
    [14:41:42] step 10850/11249 | avg train loss 1.5101 top1 0.7070 top5 0.9357
    [14:42:10] step 10900/11249 | avg train loss 1.5096 top1 0.7073 top5 0.9357
    [14:42:38] step 10950/11249 | avg train loss 1.5089 top1 0.7074 top5 0.9357
    [14:43:06] step 11000/11249 | avg train loss 1.5083 top1 0.7076 top5 0.9357
    [14:43:34] step 11050/11249 | avg train loss 1.5080 top1 0.7078 top5 0.9358
    [14:44:02] step 11100/11249 | avg train loss 1.5076 top1 0.7077 top5 0.9359
    [14:44:31] step 11150/11249 | avg train loss 1.5074 top1 0.7078 top5 0.9359
    [14:44:59] step 11200/11249 | avg train loss 1.5069 top1 0.7080 top5 0.9360
    [14:45:26] step 11249/11249 | avg train loss 1.5067 top1 0.7082 top5 0.9361
[2026-05-22T14:57:35] Epoch 1/15 | train loss 1.5067 top1 0.7082 | val loss 1.2169 top1 0.6649 top5 0.9152 | ema val top1 0.6995 top5 0.9263
  Saved new best checkpoint (ema): /Data/thomas.turkieh/smth2smth/checkpoints/track_b/ssv2ft_lora16f.pt (val top1=0.6995)
    [14:58:05] step 50/11249 | avg train loss 1.2952 top1 0.8000 top5 0.9350
    [14:58:34] step 100/11249 | avg train loss 1.2880 top1 0.7900 top5 0.9450
    [14:59:02] step 150/11249 | avg train loss 1.3144 top1 0.7783 top5 0.9433
    [14:59:30] step 200/11249 | avg train loss 1.3308 top1 0.7725 top5 0.9475
    [14:59:58] step 250/11249 | avg train loss 1.3311 top1 0.7680 top5 0.9490
    [15:00:26] step 300/11249 | avg train loss 1.3214 top1 0.7658 top5 0.9517
    [15:00:54] step 350/11249 | avg train loss 1.3112 top1 0.7671 top5 0.9521
    [15:01:22] step 400/11249 | avg train loss 1.3059 top1 0.7638 top5 0.9563
    [15:01:50] step 450/11249 | avg train loss 1.2962 top1 0.7650 top5 0.9589
    [15:02:19] step 500/11249 | avg train loss 1.2937 top1 0.7650 top5 0.9595
    [15:02:47] step 550/11249 | avg train loss 1.2919 top1 0.7659 top5 0.9582
    [15:03:15] step 600/11249 | avg train loss 1.2996 top1 0.7650 top5 0.9583
    [15:03:43] step 650/11249 | avg train loss 1.2994 top1 0.7665 top5 0.9585
    [15:04:11] step 700/11249 | avg train loss 1.2985 top1 0.7671 top5 0.9589
    [15:04:39] step 750/11249 | avg train loss 1.3019 top1 0.7680 top5 0.9570
    [15:05:07] step 800/11249 | avg train loss 1.3014 top1 0.7688 top5 0.9581
    [15:05:36] step 850/11249 | avg train loss 1.2974 top1 0.7700 top5 0.9585
    [15:06:04] step 900/11249 | avg train loss 1.2896 top1 0.7736 top5 0.9594
    [15:06:32] step 950/11249 | avg train loss 1.2921 top1 0.7711 top5 0.9603
    [15:07:00] step 1000/11249 | avg train loss 1.2898 top1 0.7728 top5 0.9610
    [15:07:28] step 1050/11249 | avg train loss 1.2953 top1 0.7712 top5 0.9607
    [15:07:56] step 1100/11249 | avg train loss 1.2959 top1 0.7700 top5 0.9611
    [15:08:24] step 1150/11249 | avg train loss 1.3013 top1 0.7693 top5 0.9600
    [15:08:52] step 1200/11249 | avg train loss 1.2991 top1 0.7702 top5 0.9596
    [15:09:21] step 1250/11249 | avg train loss 1.3002 top1 0.7704 top5 0.9600
    [15:09:49] step 1300/11249 | avg train loss 1.3024 top1 0.7696 top5 0.9604
    [15:10:17] step 1350/11249 | avg train loss 1.3037 top1 0.7707 top5 0.9602
    [15:10:45] step 1400/11249 | avg train loss 1.3032 top1 0.7720 top5 0.9598
    [15:11:13] step 1450/11249 | avg train loss 1.3018 top1 0.7717 top5 0.9600
    [15:11:41] step 1500/11249 | avg train loss 1.3002 top1 0.7722 top5 0.9600
    [15:12:09] step 1550/11249 | avg train loss 1.3038 top1 0.7702 top5 0.9602
    [15:12:37] step 1600/11249 | avg train loss 1.3055 top1 0.7697 top5 0.9594
    [15:13:06] step 1650/11249 | avg train loss 1.3055 top1 0.7692 top5 0.9597
    [15:13:34] step 1700/11249 | avg train loss 1.3031 top1 0.7700 top5 0.9599
    [15:14:02] step 1750/11249 | avg train loss 1.3001 top1 0.7706 top5 0.9599
    [15:14:30] step 1800/11249 | avg train loss 1.2978 top1 0.7715 top5 0.9603
    [15:14:58] step 1850/11249 | avg train loss 1.2980 top1 0.7715 top5 0.9608
    [15:15:26] step 1900/11249 | avg train loss 1.2965 top1 0.7722 top5 0.9612
    [15:15:54] step 1950/11249 | avg train loss 1.2963 top1 0.7731 top5 0.9608
    [15:16:22] step 2000/11249 | avg train loss 1.2950 top1 0.7736 top5 0.9605
    [15:16:51] step 2050/11249 | avg train loss 1.2938 top1 0.7738 top5 0.9605
    [15:17:19] step 2100/11249 | avg train loss 1.2936 top1 0.7738 top5 0.9606
    [15:17:47] step 2150/11249 | avg train loss 1.2935 top1 0.7744 top5 0.9602
    [15:18:15] step 2200/11249 | avg train loss 1.2967 top1 0.7728 top5 0.9593
    [15:18:43] step 2250/11249 | avg train loss 1.2945 top1 0.7739 top5 0.9593
    [15:19:11] step 2300/11249 | avg train loss 1.2951 top1 0.7740 top5 0.9595
    [15:19:40] step 2350/11249 | avg train loss 1.2958 top1 0.7741 top5 0.9593
    [15:20:08] step 2400/11249 | avg train loss 1.2969 top1 0.7739 top5 0.9593
    [15:20:36] step 2450/11249 | avg train loss 1.2982 top1 0.7736 top5 0.9592
    [15:21:04] step 2500/11249 | avg train loss 1.3015 top1 0.7722 top5 0.9586
    [15:21:32] step 2550/11249 | avg train loss 1.3011 top1 0.7723 top5 0.9588
    [15:22:00] step 2600/11249 | avg train loss 1.2977 top1 0.7732 top5 0.9591
    [15:22:28] step 2650/11249 | avg train loss 1.2973 top1 0.7731 top5 0.9592
    [15:22:57] step 2700/11249 | avg train loss 1.2987 top1 0.7724 top5 0.9592
    [15:23:25] step 2750/11249 | avg train loss 1.2980 top1 0.7726 top5 0.9592
    [15:23:53] step 2800/11249 | avg train loss 1.2955 top1 0.7731 top5 0.9595
    [15:24:21] step 2850/11249 | avg train loss 1.2963 top1 0.7726 top5 0.9591
    [15:24:49] step 2900/11249 | avg train loss 1.2951 top1 0.7733 top5 0.9591
    [15:25:17] step 2950/11249 | avg train loss 1.2948 top1 0.7734 top5 0.9593
    [15:25:46] step 3000/11249 | avg train loss 1.2956 top1 0.7730 top5 0.9597
    [15:26:14] step 3050/11249 | avg train loss 1.2978 top1 0.7726 top5 0.9596
    [15:26:42] step 3100/11249 | avg train loss 1.2973 top1 0.7732 top5 0.9597
    [15:27:10] step 3150/11249 | avg train loss 1.2970 top1 0.7735 top5 0.9597
    [15:27:38] step 3200/11249 | avg train loss 1.2959 top1 0.7735 top5 0.9599
    [15:28:06] step 3250/11249 | avg train loss 1.2968 top1 0.7733 top5 0.9598
    [15:28:34] step 3300/11249 | avg train loss 1.2958 top1 0.7742 top5 0.9595
    [15:29:03] step 3350/11249 | avg train loss 1.2963 top1 0.7739 top5 0.9597
    [15:29:31] step 3400/11249 | avg train loss 1.2964 top1 0.7741 top5 0.9596
    [15:29:59] step 3450/11249 | avg train loss 1.2959 top1 0.7737 top5 0.9599
    [15:30:27] step 3500/11249 | avg train loss 1.2948 top1 0.7741 top5 0.9600
    [15:30:55] step 3550/11249 | avg train loss 1.2943 top1 0.7742 top5 0.9600
    [15:31:23] step 3600/11249 | avg train loss 1.2932 top1 0.7747 top5 0.9601
    [15:31:51] step 3650/11249 | avg train loss 1.2938 top1 0.7744 top5 0.9599
    [15:32:20] step 3700/11249 | avg train loss 1.2965 top1 0.7736 top5 0.9598
    [15:32:48] step 3750/11249 | avg train loss 1.2964 top1 0.7734 top5 0.9599
    [15:33:16] step 3800/11249 | avg train loss 1.2960 top1 0.7736 top5 0.9600
    [15:33:44] step 3850/11249 | avg train loss 1.2971 top1 0.7732 top5 0.9596
    [15:34:12] step 3900/11249 | avg train loss 1.2983 top1 0.7728 top5 0.9595
    [15:34:40] step 3950/11249 | avg train loss 1.2990 top1 0.7720 top5 0.9598
    [15:35:09] step 4000/11249 | avg train loss 1.2997 top1 0.7721 top5 0.9597
    [15:35:37] step 4050/11249 | avg train loss 1.3005 top1 0.7717 top5 0.9598
    [15:36:05] step 4100/11249 | avg train loss 1.3016 top1 0.7713 top5 0.9596
    [15:36:33] step 4150/11249 | avg train loss 1.3026 top1 0.7708 top5 0.9597
    [15:37:01] step 4200/11249 | avg train loss 1.3025 top1 0.7712 top5 0.9596
    [15:37:30] step 4250/11249 | avg train loss 1.3026 top1 0.7714 top5 0.9595
    [15:37:58] step 4300/11249 | avg train loss 1.3023 top1 0.7715 top5 0.9598
    [15:38:26] step 4350/11249 | avg train loss 1.3014 top1 0.7717 top5 0.9601
    [15:38:54] step 4400/11249 | avg train loss 1.3010 top1 0.7718 top5 0.9599
    [15:39:23] step 4450/11249 | avg train loss 1.3013 top1 0.7715 top5 0.9600
    [15:39:51] step 4500/11249 | avg train loss 1.3036 top1 0.7707 top5 0.9598
    [15:40:19] step 4550/11249 | avg train loss 1.3037 top1 0.7706 top5 0.9598
    [15:40:47] step 4600/11249 | avg train loss 1.3028 top1 0.7710 top5 0.9597
    [15:41:16] step 4650/11249 | avg train loss 1.3017 top1 0.7714 top5 0.9599
    [15:41:44] step 4700/11249 | avg train loss 1.3020 top1 0.7714 top5 0.9597
    [15:42:12] step 4750/11249 | avg train loss 1.3026 top1 0.7714 top5 0.9595
    [15:42:40] step 4800/11249 | avg train loss 1.3037 top1 0.7708 top5 0.9596
    [15:43:08] step 4850/11249 | avg train loss 1.3038 top1 0.7707 top5 0.9595
    [15:43:37] step 4900/11249 | avg train loss 1.3035 top1 0.7706 top5 0.9594
    [15:44:05] step 4950/11249 | avg train loss 1.3042 top1 0.7702 top5 0.9591
    [15:44:33] step 5000/11249 | avg train loss 1.3055 top1 0.7699 top5 0.9589
    [15:45:01] step 5050/11249 | avg train loss 1.3060 top1 0.7697 top5 0.9589
    [15:45:29] step 5100/11249 | avg train loss 1.3058 top1 0.7698 top5 0.9588
    [15:45:58] step 5150/11249 | avg train loss 1.3051 top1 0.7701 top5 0.9590
    [15:46:26] step 5200/11249 | avg train loss 1.3056 top1 0.7700 top5 0.9590
    [15:46:54] step 5250/11249 | avg train loss 1.3051 top1 0.7704 top5 0.9590
    [15:47:23] step 5300/11249 | avg train loss 1.3058 top1 0.7701 top5 0.9591
    [15:47:51] step 5350/11249 | avg train loss 1.3059 top1 0.7702 top5 0.9590
    [15:48:19] step 5400/11249 | avg train loss 1.3057 top1 0.7702 top5 0.9591
    [15:48:47] step 5450/11249 | avg train loss 1.3060 top1 0.7703 top5 0.9591
    [15:49:15] step 5500/11249 | avg train loss 1.3060 top1 0.7703 top5 0.9591
    [15:49:44] step 5550/11249 | avg train loss 1.3055 top1 0.7704 top5 0.9592
    [15:50:12] step 5600/11249 | avg train loss 1.3061 top1 0.7700 top5 0.9591
    [15:50:40] step 5650/11249 | avg train loss 1.3056 top1 0.7700 top5 0.9589
    [15:51:08] step 5700/11249 | avg train loss 1.3062 top1 0.7699 top5 0.9588
    [15:51:36] step 5750/11249 | avg train loss 1.3057 top1 0.7702 top5 0.9588
    [15:52:05] step 5800/11249 | avg train loss 1.3043 top1 0.7707 top5 0.9589
    [15:52:33] step 5850/11249 | avg train loss 1.3042 top1 0.7710 top5 0.9590
    [15:53:01] step 5900/11249 | avg train loss 1.3037 top1 0.7711 top5 0.9590
    [15:53:29] step 5950/11249 | avg train loss 1.3036 top1 0.7711 top5 0.9589
    [15:53:57] step 6000/11249 | avg train loss 1.3029 top1 0.7712 top5 0.9590
    [15:54:26] step 6050/11249 | avg train loss 1.3018 top1 0.7716 top5 0.9592
    [15:54:54] step 6100/11249 | avg train loss 1.3025 top1 0.7714 top5 0.9592
    [15:55:22] step 6150/11249 | avg train loss 1.3022 top1 0.7714 top5 0.9593
    [15:55:50] step 6200/11249 | avg train loss 1.3017 top1 0.7717 top5 0.9594
    [15:56:18] step 6250/11249 | avg train loss 1.3018 top1 0.7719 top5 0.9593
    [15:56:47] step 6300/11249 | avg train loss 1.3023 top1 0.7718 top5 0.9594
    [15:57:15] step 6350/11249 | avg train loss 1.3024 top1 0.7719 top5 0.9594
    [15:57:43] step 6400/11249 | avg train loss 1.3014 top1 0.7722 top5 0.9593
    [15:58:11] step 6450/11249 | avg train loss 1.3014 top1 0.7723 top5 0.9591
    [15:58:40] step 6500/11249 | avg train loss 1.3022 top1 0.7722 top5 0.9589
    [15:59:08] step 6550/11249 | avg train loss 1.3016 top1 0.7724 top5 0.9590
    [15:59:36] step 6600/11249 | avg train loss 1.3015 top1 0.7726 top5 0.9590
    [16:00:04] step 6650/11249 | avg train loss 1.3021 top1 0.7725 top5 0.9590
    [16:00:33] step 6700/11249 | avg train loss 1.3018 top1 0.7727 top5 0.9591
    [16:01:01] step 6750/11249 | avg train loss 1.3016 top1 0.7730 top5 0.9591
    [16:01:29] step 6800/11249 | avg train loss 1.3010 top1 0.7732 top5 0.9592
    [16:01:57] step 6850/11249 | avg train loss 1.3005 top1 0.7730 top5 0.9593
    [16:02:25] step 6900/11249 | avg train loss 1.3005 top1 0.7729 top5 0.9592
    [16:02:54] step 6950/11249 | avg train loss 1.3001 top1 0.7730 top5 0.9592
    [16:03:22] step 7000/11249 | avg train loss 1.3004 top1 0.7731 top5 0.9593
    [16:03:50] step 7050/11249 | avg train loss 1.3003 top1 0.7732 top5 0.9592
    [16:04:18] step 7100/11249 | avg train loss 1.3003 top1 0.7732 top5 0.9591
    [16:04:46] step 7150/11249 | avg train loss 1.2998 top1 0.7733 top5 0.9591
    [16:05:15] step 7200/11249 | avg train loss 1.2998 top1 0.7734 top5 0.9591
    [16:05:43] step 7250/11249 | avg train loss 1.2994 top1 0.7733 top5 0.9592
    [16:06:11] step 7300/11249 | avg train loss 1.2993 top1 0.7733 top5 0.9592
    [16:06:39] step 7350/11249 | avg train loss 1.3004 top1 0.7730 top5 0.9592
    [16:07:07] step 7400/11249 | avg train loss 1.3006 top1 0.7728 top5 0.9592
    [16:07:36] step 7450/11249 | avg train loss 1.3007 top1 0.7729 top5 0.9592
    [16:08:04] step 7500/11249 | avg train loss 1.3006 top1 0.7730 top5 0.9591
    [16:08:32] step 7550/11249 | avg train loss 1.3011 top1 0.7728 top5 0.9590
    [16:09:00] step 7600/11249 | avg train loss 1.3014 top1 0.7728 top5 0.9589
    [16:09:29] step 7650/11249 | avg train loss 1.3012 top1 0.7730 top5 0.9589
    [16:09:57] step 7700/11249 | avg train loss 1.3009 top1 0.7730 top5 0.9590
    [16:10:25] step 7750/11249 | avg train loss 1.3006 top1 0.7731 top5 0.9588
    [16:10:53] step 7800/11249 | avg train loss 1.3000 top1 0.7730 top5 0.9590
    [16:11:21] step 7850/11249 | avg train loss 1.3000 top1 0.7730 top5 0.9590
    [16:11:50] step 7900/11249 | avg train loss 1.3007 top1 0.7727 top5 0.9588
    [16:12:18] step 7950/11249 | avg train loss 1.3007 top1 0.7726 top5 0.9588
    [16:12:46] step 8000/11249 | avg train loss 1.3007 top1 0.7727 top5 0.9588
    [16:13:14] step 8050/11249 | avg train loss 1.3000 top1 0.7729 top5 0.9589
    [16:13:42] step 8100/11249 | avg train loss 1.3004 top1 0.7727 top5 0.9588
    [16:14:11] step 8150/11249 | avg train loss 1.3003 top1 0.7727 top5 0.9590
    [16:14:39] step 8200/11249 | avg train loss 1.3000 top1 0.7727 top5 0.9590
    [16:15:07] step 8250/11249 | avg train loss 1.2999 top1 0.7728 top5 0.9590
    [16:15:35] step 8300/11249 | avg train loss 1.3002 top1 0.7727 top5 0.9589
    [16:16:03] step 8350/11249 | avg train loss 1.2998 top1 0.7728 top5 0.9590
    [16:16:32] step 8400/11249 | avg train loss 1.2994 top1 0.7729 top5 0.9590
    [16:17:00] step 8450/11249 | avg train loss 1.2995 top1 0.7728 top5 0.9591
    [16:17:28] step 8500/11249 | avg train loss 1.2994 top1 0.7728 top5 0.9592
    [16:17:56] step 8550/11249 | avg train loss 1.2993 top1 0.7728 top5 0.9593
    [16:18:24] step 8600/11249 | avg train loss 1.2993 top1 0.7728 top5 0.9594
    [16:18:53] step 8650/11249 | avg train loss 1.2995 top1 0.7728 top5 0.9593
    [16:19:21] step 8700/11249 | avg train loss 1.2998 top1 0.7727 top5 0.9594
    [16:19:49] step 8750/11249 | avg train loss 1.2995 top1 0.7729 top5 0.9594
    [16:20:17] step 8800/11249 | avg train loss 1.2991 top1 0.7730 top5 0.9594
    [16:20:46] step 8850/11249 | avg train loss 1.2990 top1 0.7730 top5 0.9594
    [16:21:14] step 8900/11249 | avg train loss 1.2990 top1 0.7731 top5 0.9594
    [16:21:42] step 8950/11249 | avg train loss 1.2991 top1 0.7730 top5 0.9594
    [16:22:10] step 9000/11249 | avg train loss 1.2997 top1 0.7729 top5 0.9594
    [16:22:39] step 9050/11249 | avg train loss 1.2997 top1 0.7730 top5 0.9595
    [16:23:07] step 9100/11249 | avg train loss 1.2995 top1 0.7731 top5 0.9595
    [16:23:35] step 9150/11249 | avg train loss 1.2987 top1 0.7734 top5 0.9596
    [16:24:03] step 9200/11249 | avg train loss 1.2987 top1 0.7734 top5 0.9595
    [16:24:31] step 9250/11249 | avg train loss 1.2985 top1 0.7735 top5 0.9596
    [16:25:00] step 9300/11249 | avg train loss 1.2983 top1 0.7735 top5 0.9597
    [16:25:28] step 9350/11249 | avg train loss 1.2988 top1 0.7733 top5 0.9596
    [16:25:56] step 9400/11249 | avg train loss 1.2992 top1 0.7731 top5 0.9596
    [16:26:24] step 9450/11249 | avg train loss 1.2994 top1 0.7731 top5 0.9595
    [16:26:52] step 9500/11249 | avg train loss 1.2994 top1 0.7732 top5 0.9596
    [16:27:21] step 9550/11249 | avg train loss 1.2991 top1 0.7732 top5 0.9597
    [16:27:49] step 9600/11249 | avg train loss 1.2988 top1 0.7735 top5 0.9597
    [16:28:17] step 9650/11249 | avg train loss 1.2984 top1 0.7736 top5 0.9597
    [16:28:45] step 9700/11249 | avg train loss 1.2978 top1 0.7739 top5 0.9598
    [16:29:13] step 9750/11249 | avg train loss 1.2974 top1 0.7740 top5 0.9599
    [16:29:42] step 9800/11249 | avg train loss 1.2966 top1 0.7744 top5 0.9600
    [16:30:10] step 9850/11249 | avg train loss 1.2963 top1 0.7744 top5 0.9601
    [16:30:38] step 9900/11249 | avg train loss 1.2965 top1 0.7745 top5 0.9600
    [16:31:07] step 9950/11249 | avg train loss 1.2965 top1 0.7745 top5 0.9600
    [16:31:35] step 10000/11249 | avg train loss 1.2962 top1 0.7746 top5 0.9600
    [16:32:03] step 10050/11249 | avg train loss 1.2961 top1 0.7747 top5 0.9600
    [16:32:31] step 10100/11249 | avg train loss 1.2964 top1 0.7746 top5 0.9600
    [16:32:59] step 10150/11249 | avg train loss 1.2961 top1 0.7747 top5 0.9601
    [16:33:28] step 10200/11249 | avg train loss 1.2962 top1 0.7746 top5 0.9602
    [16:33:56] step 10250/11249 | avg train loss 1.2961 top1 0.7744 top5 0.9602
    [16:34:24] step 10300/11249 | avg train loss 1.2956 top1 0.7746 top5 0.9603
    [16:34:52] step 10350/11249 | avg train loss 1.2952 top1 0.7747 top5 0.9603
    [16:35:20] step 10400/11249 | avg train loss 1.2945 top1 0.7748 top5 0.9604
    [16:35:49] step 10450/11249 | avg train loss 1.2943 top1 0.7749 top5 0.9604
    [16:36:17] step 10500/11249 | avg train loss 1.2939 top1 0.7750 top5 0.9604
    [16:36:45] step 10550/11249 | avg train loss 1.2933 top1 0.7751 top5 0.9604
    [16:37:13] step 10600/11249 | avg train loss 1.2934 top1 0.7753 top5 0.9603
    [16:37:42] step 10650/11249 | avg train loss 1.2938 top1 0.7751 top5 0.9603
    [16:38:10] step 10700/11249 | avg train loss 1.2933 top1 0.7753 top5 0.9603
    [16:38:38] step 10750/11249 | avg train loss 1.2931 top1 0.7753 top5 0.9603
    [16:39:06] step 10800/11249 | avg train loss 1.2928 top1 0.7752 top5 0.9604
    [16:39:34] step 10850/11249 | avg train loss 1.2933 top1 0.7749 top5 0.9603
    [16:40:03] step 10900/11249 | avg train loss 1.2940 top1 0.7746 top5 0.9603
    [16:40:31] step 10950/11249 | avg train loss 1.2936 top1 0.7747 top5 0.9603
    [16:40:59] step 11000/11249 | avg train loss 1.2934 top1 0.7748 top5 0.9603
    [16:41:27] step 11050/11249 | avg train loss 1.2932 top1 0.7749 top5 0.9604
    [16:41:55] step 11100/11249 | avg train loss 1.2931 top1 0.7750 top5 0.9605
    [16:42:24] step 11150/11249 | avg train loss 1.2928 top1 0.7753 top5 0.9605
    [16:42:52] step 11200/11249 | avg train loss 1.2928 top1 0.7753 top5 0.9606
    [16:43:19] step 11249/11249 | avg train loss 1.2936 top1 0.7750 top5 0.9605
Epoch 2/15 | train loss 1.2936 top1 0.7750 | val loss 1.1918 top1 0.6755 top5 0.9195 | ema val top1 0.7125 top5 0.9334
  Saved new best checkpoint (ema): /Data/thomas.turkieh/smth2smth/checkpoints/track_b/ssv2ft_lora16f.pt (val top1=0.7125)
    [16:57:42] step 50/11249 | avg train loss 1.2401 top1 0.8000 top5 0.9550
    [16:58:24] step 100/11249 | avg train loss 1.2305 top1 0.7975 top5 0.9600
    [16:59:06] step 150/11249 | avg train loss 1.2244 top1 0.8067 top5 0.9617
    [16:59:47] step 200/11249 | avg train loss 1.2125 top1 0.8037 top5 0.9663
    [17:00:29] step 250/11249 | avg train loss 1.2116 top1 0.8040 top5 0.9660
    [17:01:11] step 300/11249 | avg train loss 1.2129 top1 0.8050 top5 0.9658
    [17:01:53] step 350/11249 | avg train loss 1.2113 top1 0.8050 top5 0.9657
    [17:02:34] step 400/11249 | avg train loss 1.2000 top1 0.8075 top5 0.9663
    [17:03:16] step 450/11249 | avg train loss 1.2024 top1 0.8089 top5 0.9661
    [17:03:58] step 500/11249 | avg train loss 1.1980 top1 0.8130 top5 0.9670
    [17:04:40] step 550/11249 | avg train loss 1.1993 top1 0.8109 top5 0.9677
    [17:05:21] step 600/11249 | avg train loss 1.2050 top1 0.8104 top5 0.9688
    [17:06:03] step 650/11249 | avg train loss 1.2013 top1 0.8142 top5 0.9688
    [17:06:45] step 700/11249 | avg train loss 1.1984 top1 0.8143 top5 0.9704
    [17:07:27] step 750/11249 | avg train loss 1.1966 top1 0.8130 top5 0.9703
    [17:08:08] step 800/11249 | avg train loss 1.1882 top1 0.8153 top5 0.9712
    [17:08:50] step 850/11249 | avg train loss 1.1878 top1 0.8138 top5 0.9715
    [17:09:35] step 900/11249 | avg train loss 1.1897 top1 0.8125 top5 0.9711
    [17:10:17] step 950/11249 | avg train loss 1.1962 top1 0.8097 top5 0.9713
    [17:10:59] step 1000/11249 | avg train loss 1.1976 top1 0.8085 top5 0.9718
    [17:11:41] step 1050/11249 | avg train loss 1.1927 top1 0.8100 top5 0.9729
    [17:12:22] step 1100/11249 | avg train loss 1.1997 top1 0.8070 top5 0.9716
    [17:13:04] step 1150/11249 | avg train loss 1.1986 top1 0.8059 top5 0.9720
    [17:13:46] step 1200/11249 | avg train loss 1.1998 top1 0.8054 top5 0.9715
    [17:14:28] step 1250/11249 | avg train loss 1.2012 top1 0.8044 top5 0.9722
    [17:15:09] step 1300/11249 | avg train loss 1.1979 top1 0.8056 top5 0.9725
    [17:15:51] step 1350/11249 | avg train loss 1.2031 top1 0.8030 top5 0.9715
    [17:16:33] step 1400/11249 | avg train loss 1.2011 top1 0.8045 top5 0.9714
    [17:17:15] step 1450/11249 | avg train loss 1.2000 top1 0.8043 top5 0.9716
    [17:17:57] step 1500/11249 | avg train loss 1.2016 top1 0.8032 top5 0.9717
    [17:18:39] step 1550/11249 | avg train loss 1.2064 top1 0.8002 top5 0.9719
    [17:19:20] step 1600/11249 | avg train loss 1.2066 top1 0.8000 top5 0.9722
    [17:20:02] step 1650/11249 | avg train loss 1.2072 top1 0.8002 top5 0.9718
    [17:20:44] step 1700/11249 | avg train loss 1.2054 top1 0.8012 top5 0.9718
    [17:21:25] step 1750/11249 | avg train loss 1.2006 top1 0.8034 top5 0.9724
    [17:22:07] step 1800/11249 | avg train loss 1.2009 top1 0.8033 top5 0.9728
    [17:22:49] step 1850/11249 | avg train loss 1.2024 top1 0.8034 top5 0.9726
    [17:23:31] step 1900/11249 | avg train loss 1.2008 top1 0.8047 top5 0.9726
    [17:24:12] step 1950/11249 | avg train loss 1.2011 top1 0.8042 top5 0.9727
    [17:24:54] step 2000/11249 | avg train loss 1.2021 top1 0.8037 top5 0.9726
    [17:25:36] step 2050/11249 | avg train loss 1.2033 top1 0.8038 top5 0.9724
    [17:26:22] step 2100/11249 | avg train loss 1.2018 top1 0.8040 top5 0.9724
    [17:27:03] step 2150/11249 | avg train loss 1.2010 top1 0.8044 top5 0.9724
    [17:27:45] step 2200/11249 | avg train loss 1.1995 top1 0.8053 top5 0.9725
    [17:28:27] step 2250/11249 | avg train loss 1.1998 top1 0.8054 top5 0.9719
    [17:29:09] step 2300/11249 | avg train loss 1.2000 top1 0.8054 top5 0.9720
    [17:29:50] step 2350/11249 | avg train loss 1.2029 top1 0.8047 top5 0.9717
    [17:30:32] step 2400/11249 | avg train loss 1.2036 top1 0.8046 top5 0.9718
    [17:31:14] step 2450/11249 | avg train loss 1.2016 top1 0.8050 top5 0.9722
    [17:31:55] step 2500/11249 | avg train loss 1.2034 top1 0.8041 top5 0.9719
    [17:32:37] step 2550/11249 | avg train loss 1.2037 top1 0.8041 top5 0.9720
    [17:33:19] step 2600/11249 | avg train loss 1.2017 top1 0.8050 top5 0.9722
    [17:34:01] step 2650/11249 | avg train loss 1.2020 top1 0.8053 top5 0.9721
    [17:34:42] step 2700/11249 | avg train loss 1.2011 top1 0.8061 top5 0.9723
    [17:35:24] step 2750/11249 | avg train loss 1.2004 top1 0.8066 top5 0.9725
    [17:36:06] step 2800/11249 | avg train loss 1.1999 top1 0.8065 top5 0.9726
    [17:36:47] step 2850/11249 | avg train loss 1.1971 top1 0.8078 top5 0.9729
    [17:37:29] step 2900/11249 | avg train loss 1.1988 top1 0.8071 top5 0.9726
    [17:38:11] step 2950/11249 | avg train loss 1.1999 top1 0.8064 top5 0.9725
    [17:38:52] step 3000/11249 | avg train loss 1.1982 top1 0.8073 top5 0.9726
    [17:39:34] step 3050/11249 | avg train loss 1.1979 top1 0.8069 top5 0.9725
    [17:40:16] step 3100/11249 | avg train loss 1.1993 top1 0.8061 top5 0.9723
    [17:40:58] step 3150/11249 | avg train loss 1.2008 top1 0.8059 top5 0.9721
    [17:41:39] step 3200/11249 | avg train loss 1.2008 top1 0.8057 top5 0.9719
    [17:42:21] step 3250/11249 | avg train loss 1.2017 top1 0.8056 top5 0.9717
    [17:43:07] step 3300/11249 | avg train loss 1.2021 top1 0.8056 top5 0.9717
    [17:43:49] step 3350/11249 | avg train loss 1.2009 top1 0.8061 top5 0.9719
    [17:44:30] step 3400/11249 | avg train loss 1.1992 top1 0.8068 top5 0.9721
    [17:45:12] step 3450/11249 | avg train loss 1.1983 top1 0.8072 top5 0.9723
    [17:45:54] step 3500/11249 | avg train loss 1.1970 top1 0.8079 top5 0.9724
    [17:46:35] step 3550/11249 | avg train loss 1.1963 top1 0.8080 top5 0.9725
    [17:47:17] step 3600/11249 | avg train loss 1.1966 top1 0.8080 top5 0.9724
    [17:47:59] step 3650/11249 | avg train loss 1.1950 top1 0.8084 top5 0.9727
    [17:48:41] step 3700/11249 | avg train loss 1.1939 top1 0.8086 top5 0.9728
    [17:49:22] step 3750/11249 | avg train loss 1.1942 top1 0.8081 top5 0.9728
    [17:50:04] step 3800/11249 | avg train loss 1.1941 top1 0.8082 top5 0.9726
    [17:50:46] step 3850/11249 | avg train loss 1.1943 top1 0.8082 top5 0.9726
    [17:51:28] step 3900/11249 | avg train loss 1.1937 top1 0.8083 top5 0.9726
    [17:52:09] step 3950/11249 | avg train loss 1.1942 top1 0.8079 top5 0.9726
    [17:52:51] step 4000/11249 | avg train loss 1.1942 top1 0.8082 top5 0.9728
    [17:53:33] step 4050/11249 | avg train loss 1.1943 top1 0.8080 top5 0.9730
    [17:54:14] step 4100/11249 | avg train loss 1.1932 top1 0.8082 top5 0.9731
    [17:54:56] step 4150/11249 | avg train loss 1.1934 top1 0.8078 top5 0.9733
    [17:55:38] step 4200/11249 | avg train loss 1.1934 top1 0.8077 top5 0.9734
    [17:56:20] step 4250/11249 | avg train loss 1.1947 top1 0.8072 top5 0.9734
    [17:57:01] step 4300/11249 | avg train loss 1.1950 top1 0.8069 top5 0.9733
    [17:57:43] step 4350/11249 | avg train loss 1.1944 top1 0.8069 top5 0.9733
    [17:58:25] step 4400/11249 | avg train loss 1.1950 top1 0.8061 top5 0.9734
    [17:59:06] step 4450/11249 | avg train loss 1.1952 top1 0.8062 top5 0.9733
    [17:59:49] step 4500/11249 | avg train loss 1.1949 top1 0.8062 top5 0.9733
    [18:00:35] step 4550/11249 | avg train loss 1.1957 top1 0.8058 top5 0.9732
    [18:01:16] step 4600/11249 | avg train loss 1.1960 top1 0.8057 top5 0.9732
    [18:01:58] step 4650/11249 | avg train loss 1.1950 top1 0.8060 top5 0.9734
    [18:02:40] step 4700/11249 | avg train loss 1.1953 top1 0.8059 top5 0.9734
    [18:03:22] step 4750/11249 | avg train loss 1.1943 top1 0.8065 top5 0.9734
    [18:04:03] step 4800/11249 | avg train loss 1.1946 top1 0.8065 top5 0.9733
    [18:04:45] step 4850/11249 | avg train loss 1.1944 top1 0.8065 top5 0.9732
    [18:05:27] step 4900/11249 | avg train loss 1.1954 top1 0.8060 top5 0.9730
    [18:06:08] step 4950/11249 | avg train loss 1.1942 top1 0.8065 top5 0.9732
    [18:06:50] step 5000/11249 | avg train loss 1.1937 top1 0.8065 top5 0.9733
    [18:07:32] step 5050/11249 | avg train loss 1.1947 top1 0.8063 top5 0.9733
    [18:08:13] step 5100/11249 | avg train loss 1.1940 top1 0.8064 top5 0.9735
    [18:08:55] step 5150/11249 | avg train loss 1.1948 top1 0.8061 top5 0.9734
    [18:09:37] step 5200/11249 | avg train loss 1.1940 top1 0.8064 top5 0.9736
    [18:10:18] step 5250/11249 | avg train loss 1.1930 top1 0.8067 top5 0.9738
    [18:11:00] step 5300/11249 | avg train loss 1.1934 top1 0.8067 top5 0.9736
    [18:11:42] step 5350/11249 | avg train loss 1.1935 top1 0.8069 top5 0.9736
    [18:12:24] step 5400/11249 | avg train loss 1.1940 top1 0.8068 top5 0.9735
    [18:13:05] step 5450/11249 | avg train loss 1.1936 top1 0.8072 top5 0.9734
    [18:13:47] step 5500/11249 | avg train loss 1.1935 top1 0.8071 top5 0.9736
    [18:14:29] step 5550/11249 | avg train loss 1.1938 top1 0.8068 top5 0.9737
    [18:15:10] step 5600/11249 | avg train loss 1.1941 top1 0.8066 top5 0.9737
    [18:15:52] step 5650/11249 | avg train loss 1.1936 top1 0.8069 top5 0.9736
    [18:16:34] step 5700/11249 | avg train loss 1.1938 top1 0.8067 top5 0.9737
    [18:17:20] step 5750/11249 | avg train loss 1.1930 top1 0.8070 top5 0.9737
    [18:18:01] step 5800/11249 | avg train loss 1.1924 top1 0.8071 top5 0.9738
    [18:18:43] step 5850/11249 | avg train loss 1.1926 top1 0.8067 top5 0.9738
    [18:19:25] step 5900/11249 | avg train loss 1.1928 top1 0.8066 top5 0.9738
    [18:20:06] step 5950/11249 | avg train loss 1.1930 top1 0.8068 top5 0.9739
    [18:20:48] step 6000/11249 | avg train loss 1.1930 top1 0.8069 top5 0.9739
    [18:21:30] step 6050/11249 | avg train loss 1.1922 top1 0.8072 top5 0.9739
    [18:22:12] step 6100/11249 | avg train loss 1.1927 top1 0.8070 top5 0.9737
    [18:22:53] step 6150/11249 | avg train loss 1.1919 top1 0.8072 top5 0.9736
    [18:23:35] step 6200/11249 | avg train loss 1.1918 top1 0.8073 top5 0.9736
    [18:24:17] step 6250/11249 | avg train loss 1.1920 top1 0.8074 top5 0.9737
    [18:24:59] step 6300/11249 | avg train loss 1.1921 top1 0.8074 top5 0.9735
    [18:25:40] step 6350/11249 | avg train loss 1.1916 top1 0.8074 top5 0.9737
    [18:26:22] step 6400/11249 | avg train loss 1.1914 top1 0.8075 top5 0.9737
    [18:27:04] step 6450/11249 | avg train loss 1.1906 top1 0.8079 top5 0.9736
    [18:27:46] step 6500/11249 | avg train loss 1.1908 top1 0.8079 top5 0.9736
    [18:28:27] step 6550/11249 | avg train loss 1.1904 top1 0.8081 top5 0.9736
    [18:29:09] step 6600/11249 | avg train loss 1.1905 top1 0.8079 top5 0.9736
    [18:29:51] step 6650/11249 | avg train loss 1.1900 top1 0.8080 top5 0.9735
    [18:30:32] step 6700/11249 | avg train loss 1.1893 top1 0.8083 top5 0.9736
    [18:31:14] step 6750/11249 | avg train loss 1.1903 top1 0.8079 top5 0.9733
    [18:31:56] step 6800/11249 | avg train loss 1.1907 top1 0.8077 top5 0.9732
    [18:32:38] step 6850/11249 | avg train loss 1.1902 top1 0.8078 top5 0.9732
    [18:33:19] step 6900/11249 | avg train loss 1.1908 top1 0.8076 top5 0.9732
    [18:34:05] step 6950/11249 | avg train loss 1.1900 top1 0.8078 top5 0.9733
    [18:34:47] step 7000/11249 | avg train loss 1.1897 top1 0.8078 top5 0.9734
    [18:35:29] step 7050/11249 | avg train loss 1.1898 top1 0.8078 top5 0.9734
    [18:36:10] step 7100/11249 | avg train loss 1.1898 top1 0.8077 top5 0.9734
    [18:36:52] step 7150/11249 | avg train loss 1.1907 top1 0.8073 top5 0.9733
    [18:37:34] step 7200/11249 | avg train loss 1.1915 top1 0.8070 top5 0.9731
    [18:38:16] step 7250/11249 | avg train loss 1.1921 top1 0.8068 top5 0.9730
    [18:38:57] step 7300/11249 | avg train loss 1.1923 top1 0.8066 top5 0.9730
    [18:39:33] step 7350/11249 | avg train loss 1.1924 top1 0.8064 top5 0.9729
    [18:40:01] step 7400/11249 | avg train loss 1.1923 top1 0.8064 top5 0.9728
    [18:40:29] step 7450/11249 | avg train loss 1.1923 top1 0.8066 top5 0.9728
    [18:40:58] step 7500/11249 | avg train loss 1.1925 top1 0.8066 top5 0.9726
    [18:41:26] step 7550/11249 | avg train loss 1.1929 top1 0.8064 top5 0.9725
    [18:41:54] step 7600/11249 | avg train loss 1.1924 top1 0.8066 top5 0.9726
    [18:42:22] step 7650/11249 | avg train loss 1.1928 top1 0.8065 top5 0.9725
    [18:42:50] step 7700/11249 | avg train loss 1.1934 top1 0.8064 top5 0.9724
    [18:43:19] step 7750/11249 | avg train loss 1.1938 top1 0.8064 top5 0.9724
    [18:43:47] step 7800/11249 | avg train loss 1.1936 top1 0.8063 top5 0.9724
    [18:44:15] step 7850/11249 | avg train loss 1.1933 top1 0.8064 top5 0.9724
    [18:44:43] step 7900/11249 | avg train loss 1.1931 top1 0.8066 top5 0.9724
    [18:45:11] step 7950/11249 | avg train loss 1.1926 top1 0.8068 top5 0.9724
    [18:45:39] step 8000/11249 | avg train loss 1.1928 top1 0.8067 top5 0.9723
    [18:46:08] step 8050/11249 | avg train loss 1.1928 top1 0.8068 top5 0.9724
    [18:46:36] step 8100/11249 | avg train loss 1.1930 top1 0.8065 top5 0.9724
    [18:47:04] step 8150/11249 | avg train loss 1.1930 top1 0.8064 top5 0.9724
    [18:47:32] step 8200/11249 | avg train loss 1.1931 top1 0.8064 top5 0.9723
    [18:48:00] step 8250/11249 | avg train loss 1.1931 top1 0.8064 top5 0.9723
    [18:48:29] step 8300/11249 | avg train loss 1.1931 top1 0.8065 top5 0.9723
    [18:48:57] step 8350/11249 | avg train loss 1.1928 top1 0.8067 top5 0.9723
    [18:49:25] step 8400/11249 | avg train loss 1.1929 top1 0.8068 top5 0.9722
    [18:49:53] step 8450/11249 | avg train loss 1.1930 top1 0.8067 top5 0.9721
    [18:50:22] step 8500/11249 | avg train loss 1.1931 top1 0.8068 top5 0.9721
    [18:50:50] step 8550/11249 | avg train loss 1.1931 top1 0.8068 top5 0.9721
    [18:51:18] step 8600/11249 | avg train loss 1.1926 top1 0.8070 top5 0.9722
    [18:51:46] step 8650/11249 | avg train loss 1.1926 top1 0.8070 top5 0.9721
    [18:52:14] step 8700/11249 | avg train loss 1.1930 top1 0.8069 top5 0.9720
    [18:52:42] step 8750/11249 | avg train loss 1.1928 top1 0.8069 top5 0.9721
    [18:53:11] step 8800/11249 | avg train loss 1.1937 top1 0.8067 top5 0.9719
    [18:53:39] step 8850/11249 | avg train loss 1.1935 top1 0.8068 top5 0.9720
    [18:54:07] step 8900/11249 | avg train loss 1.1940 top1 0.8067 top5 0.9720
    [18:54:35] step 8950/11249 | avg train loss 1.1936 top1 0.8069 top5 0.9721
    [18:55:03] step 9000/11249 | avg train loss 1.1939 top1 0.8065 top5 0.9720
    [18:55:32] step 9050/11249 | avg train loss 1.1942 top1 0.8065 top5 0.9719
    [18:56:00] step 9100/11249 | avg train loss 1.1944 top1 0.8062 top5 0.9719
    [18:56:28] step 9150/11249 | avg train loss 1.1941 top1 0.8065 top5 0.9719
    [18:56:56] step 9200/11249 | avg train loss 1.1943 top1 0.8064 top5 0.9717
    [18:57:25] step 9250/11249 | avg train loss 1.1942 top1 0.8064 top5 0.9717
    [18:57:53] step 9300/11249 | avg train loss 1.1945 top1 0.8062 top5 0.9716
    [18:58:21] step 9350/11249 | avg train loss 1.1939 top1 0.8065 top5 0.9717
    [18:58:49] step 9400/11249 | avg train loss 1.1937 top1 0.8065 top5 0.9716
    [18:59:17] step 9450/11249 | avg train loss 1.1936 top1 0.8067 top5 0.9716
    [18:59:46] step 9500/11249 | avg train loss 1.1936 top1 0.8065 top5 0.9716
    [19:00:14] step 9550/11249 | avg train loss 1.1940 top1 0.8065 top5 0.9715
    [19:00:42] step 9600/11249 | avg train loss 1.1938 top1 0.8065 top5 0.9716
    [19:01:10] step 9650/11249 | avg train loss 1.1942 top1 0.8065 top5 0.9715
    [19:01:38] step 9700/11249 | avg train loss 1.1945 top1 0.8063 top5 0.9714
    [19:02:07] step 9750/11249 | avg train loss 1.1951 top1 0.8061 top5 0.9714
    [19:02:35] step 9800/11249 | avg train loss 1.1950 top1 0.8063 top5 0.9714
    [19:03:03] step 9850/11249 | avg train loss 1.1948 top1 0.8064 top5 0.9713
    [19:03:31] step 9900/11249 | avg train loss 1.1948 top1 0.8063 top5 0.9713
    [19:03:59] step 9950/11249 | avg train loss 1.1948 top1 0.8063 top5 0.9714
    [19:04:28] step 10000/11249 | avg train loss 1.1947 top1 0.8063 top5 0.9714
    [19:04:56] step 10050/11249 | avg train loss 1.1946 top1 0.8063 top5 0.9714
    [19:05:24] step 10100/11249 | avg train loss 1.1946 top1 0.8063 top5 0.9715
    [19:05:52] step 10150/11249 | avg train loss 1.1946 top1 0.8064 top5 0.9714
    [19:06:20] step 10200/11249 | avg train loss 1.1944 top1 0.8064 top5 0.9714
    [19:06:49] step 10250/11249 | avg train loss 1.1943 top1 0.8064 top5 0.9714
    [19:07:17] step 10300/11249 | avg train loss 1.1942 top1 0.8064 top5 0.9714
    [19:07:45] step 10350/11249 | avg train loss 1.1944 top1 0.8063 top5 0.9714
    [19:08:13] step 10400/11249 | avg train loss 1.1944 top1 0.8063 top5 0.9713
    [19:08:41] step 10450/11249 | avg train loss 1.1942 top1 0.8064 top5 0.9714
    [19:09:10] step 10500/11249 | avg train loss 1.1938 top1 0.8066 top5 0.9715
    [19:09:38] step 10550/11249 | avg train loss 1.1941 top1 0.8064 top5 0.9714
    [19:10:06] step 10600/11249 | avg train loss 1.1936 top1 0.8065 top5 0.9715
    [19:10:34] step 10650/11249 | avg train loss 1.1941 top1 0.8064 top5 0.9714
    [19:11:03] step 10700/11249 | avg train loss 1.1937 top1 0.8065 top5 0.9715
    [19:11:31] step 10750/11249 | avg train loss 1.1937 top1 0.8064 top5 0.9716
    [19:11:59] step 10800/11249 | avg train loss 1.1938 top1 0.8063 top5 0.9716
    [19:12:27] step 10850/11249 | avg train loss 1.1940 top1 0.8062 top5 0.9715
    [19:12:55] step 10900/11249 | avg train loss 1.1938 top1 0.8062 top5 0.9716
    [19:13:24] step 10950/11249 | avg train loss 1.1936 top1 0.8063 top5 0.9716
    [19:13:52] step 11000/11249 | avg train loss 1.1940 top1 0.8061 top5 0.9715
    [19:14:20] step 11050/11249 | avg train loss 1.1945 top1 0.8059 top5 0.9714
    [19:14:48] step 11100/11249 | avg train loss 1.1942 top1 0.8059 top5 0.9714
    [19:15:17] step 11150/11249 | avg train loss 1.1947 top1 0.8058 top5 0.9714
    [19:15:45] step 11200/11249 | avg train loss 1.1948 top1 0.8057 top5 0.9714
    [19:16:12] step 11249/11249 | avg train loss 1.1947 top1 0.8057 top5 0.9714
Epoch 3/15 | train loss 1.1947 top1 0.8057 | val loss 1.1913 top1 0.6732 top5 0.9140 | ema val top1 0.7165 top5 0.9308
  Saved new best checkpoint (ema): /Data/thomas.turkieh/smth2smth/checkpoints/track_b/ssv2ft_lora16f.pt (val top1=0.7165)
    [19:28:54] step 50/11249 | avg train loss 1.1842 top1 0.7950 top5 0.9800
    [19:29:23] step 100/11249 | avg train loss 1.1570 top1 0.8075 top5 0.9750
    [19:29:51] step 150/11249 | avg train loss 1.1357 top1 0.8183 top5 0.9833
    [19:30:19] step 200/11249 | avg train loss 1.1070 top1 0.8300 top5 0.9862
    [19:30:48] step 250/11249 | avg train loss 1.0919 top1 0.8380 top5 0.9830
    [19:31:16] step 300/11249 | avg train loss 1.1076 top1 0.8342 top5 0.9842
    [19:31:44] step 350/11249 | avg train loss 1.1067 top1 0.8350 top5 0.9821
    [19:32:12] step 400/11249 | avg train loss 1.1145 top1 0.8300 top5 0.9825
    [19:32:41] step 450/11249 | avg train loss 1.1149 top1 0.8317 top5 0.9828
    [19:33:09] step 500/11249 | avg train loss 1.1141 top1 0.8315 top5 0.9815
    [19:33:37] step 550/11249 | avg train loss 1.1085 top1 0.8341 top5 0.9823
    [19:34:05] step 600/11249 | avg train loss 1.1072 top1 0.8337 top5 0.9821
    [19:34:33] step 650/11249 | avg train loss 1.0975 top1 0.8385 top5 0.9827
    [19:35:02] step 700/11249 | avg train loss 1.1025 top1 0.8371 top5 0.9836
    [19:35:30] step 750/11249 | avg train loss 1.1032 top1 0.8377 top5 0.9837
    [19:35:58] step 800/11249 | avg train loss 1.1058 top1 0.8366 top5 0.9828
    [19:36:26] step 850/11249 | avg train loss 1.1044 top1 0.8365 top5 0.9829
    [19:36:54] step 900/11249 | avg train loss 1.1032 top1 0.8369 top5 0.9836
    [19:37:23] step 950/11249 | avg train loss 1.1059 top1 0.8374 top5 0.9826
    [19:37:51] step 1000/11249 | avg train loss 1.1037 top1 0.8390 top5 0.9828
    [19:38:19] step 1050/11249 | avg train loss 1.1035 top1 0.8400 top5 0.9819
    [19:38:47] step 1100/11249 | avg train loss 1.1034 top1 0.8405 top5 0.9823
    [19:39:15] step 1150/11249 | avg train loss 1.1017 top1 0.8409 top5 0.9826
    [19:39:44] step 1200/11249 | avg train loss 1.1058 top1 0.8377 top5 0.9823
    [19:40:12] step 1250/11249 | avg train loss 1.1056 top1 0.8380 top5 0.9826
    [19:40:40] step 1300/11249 | avg train loss 1.1032 top1 0.8394 top5 0.9827
    [19:41:08] step 1350/11249 | avg train loss 1.1066 top1 0.8370 top5 0.9822
    [19:41:37] step 1400/11249 | avg train loss 1.1042 top1 0.8377 top5 0.9827
    [19:42:05] step 1450/11249 | avg train loss 1.1061 top1 0.8378 top5 0.9829
    [19:42:33] step 1500/11249 | avg train loss 1.1049 top1 0.8387 top5 0.9830
    [19:43:01] step 1550/11249 | avg train loss 1.1016 top1 0.8406 top5 0.9832
    [19:43:29] step 1600/11249 | avg train loss 1.1024 top1 0.8397 top5 0.9833
    [19:43:58] step 1650/11249 | avg train loss 1.0994 top1 0.8406 top5 0.9833
    [19:44:26] step 1700/11249 | avg train loss 1.0997 top1 0.8401 top5 0.9835
    [19:44:54] step 1750/11249 | avg train loss 1.1032 top1 0.8389 top5 0.9834
    [19:45:22] step 1800/11249 | avg train loss 1.1032 top1 0.8392 top5 0.9836
    [19:45:50] step 1850/11249 | avg train loss 1.1036 top1 0.8395 top5 0.9836
    [19:46:19] step 1900/11249 | avg train loss 1.1013 top1 0.8407 top5 0.9836
    [19:46:47] step 1950/11249 | avg train loss 1.1005 top1 0.8415 top5 0.9835
    [19:47:15] step 2000/11249 | avg train loss 1.0980 top1 0.8425 top5 0.9831
    [19:47:43] step 2050/11249 | avg train loss 1.0991 top1 0.8423 top5 0.9828
    [19:48:11] step 2100/11249 | avg train loss 1.1006 top1 0.8415 top5 0.9829
    [19:48:40] step 2150/11249 | avg train loss 1.0998 top1 0.8420 top5 0.9830
    [19:49:08] step 2200/11249 | avg train loss 1.1018 top1 0.8414 top5 0.9825
    [19:49:36] step 2250/11249 | avg train loss 1.1024 top1 0.8417 top5 0.9823
    [19:50:04] step 2300/11249 | avg train loss 1.1012 top1 0.8421 top5 0.9820
    [19:50:32] step 2350/11249 | avg train loss 1.1008 top1 0.8423 top5 0.9819
    [19:51:01] step 2400/11249 | avg train loss 1.1001 top1 0.8429 top5 0.9817
    [19:51:29] step 2450/11249 | avg train loss 1.1032 top1 0.8424 top5 0.9813
    [19:51:57] step 2500/11249 | avg train loss 1.1051 top1 0.8416 top5 0.9810
    [19:52:25] step 2550/11249 | avg train loss 1.1057 top1 0.8414 top5 0.9812
    [19:52:54] step 2600/11249 | avg train loss 1.1061 top1 0.8413 top5 0.9814
    [19:53:22] step 2650/11249 | avg train loss 1.1064 top1 0.8412 top5 0.9813
    [19:53:50] step 2700/11249 | avg train loss 1.1069 top1 0.8405 top5 0.9814
    [19:54:18] step 2750/11249 | avg train loss 1.1073 top1 0.8405 top5 0.9814
    [19:54:46] step 2800/11249 | avg train loss 1.1079 top1 0.8405 top5 0.9815
    [19:55:15] step 2850/11249 | avg train loss 1.1098 top1 0.8397 top5 0.9811
    [19:55:43] step 2900/11249 | avg train loss 1.1092 top1 0.8400 top5 0.9812
    [19:56:11] step 2950/11249 | avg train loss 1.1081 top1 0.8406 top5 0.9813
    [19:56:39] step 3000/11249 | avg train loss 1.1067 top1 0.8412 top5 0.9814
    [19:57:07] step 3050/11249 | avg train loss 1.1081 top1 0.8402 top5 0.9814
    [19:57:36] step 3100/11249 | avg train loss 1.1074 top1 0.8403 top5 0.9815
    [19:58:04] step 3150/11249 | avg train loss 1.1076 top1 0.8404 top5 0.9815
    [19:58:32] step 3200/11249 | avg train loss 1.1084 top1 0.8402 top5 0.9814
    [19:59:00] step 3250/11249 | avg train loss 1.1099 top1 0.8400 top5 0.9813
    [19:59:29] step 3300/11249 | avg train loss 1.1089 top1 0.8403 top5 0.9814
    [19:59:57] step 3350/11249 | avg train loss 1.1100 top1 0.8395 top5 0.9813
    [20:00:25] step 3400/11249 | avg train loss 1.1100 top1 0.8393 top5 0.9813
    [20:00:53] step 3450/11249 | avg train loss 1.1108 top1 0.8388 top5 0.9812
    [20:01:21] step 3500/11249 | avg train loss 1.1107 top1 0.8386 top5 0.9812
    [20:01:50] step 3550/11249 | avg train loss 1.1108 top1 0.8389 top5 0.9812
    [20:02:18] step 3600/11249 | avg train loss 1.1100 top1 0.8394 top5 0.9814
    [20:02:46] step 3650/11249 | avg train loss 1.1093 top1 0.8397 top5 0.9814
    [20:03:14] step 3700/11249 | avg train loss 1.1095 top1 0.8396 top5 0.9814
    [20:03:42] step 3750/11249 | avg train loss 1.1085 top1 0.8397 top5 0.9816
    [20:04:11] step 3800/11249 | avg train loss 1.1085 top1 0.8398 top5 0.9815
    [20:04:39] step 3850/11249 | avg train loss 1.1087 top1 0.8395 top5 0.9815
    [20:05:07] step 3900/11249 | avg train loss 1.1073 top1 0.8401 top5 0.9816
    [20:05:35] step 3950/11249 | avg train loss 1.1062 top1 0.8403 top5 0.9818
    [20:06:04] step 4000/11249 | avg train loss 1.1057 top1 0.8406 top5 0.9819
    [20:06:32] step 4050/11249 | avg train loss 1.1044 top1 0.8414 top5 0.9820
    [20:07:00] step 4100/11249 | avg train loss 1.1054 top1 0.8412 top5 0.9818
    [20:07:28] step 4150/11249 | avg train loss 1.1053 top1 0.8412 top5 0.9817
    [20:07:56] step 4200/11249 | avg train loss 1.1054 top1 0.8411 top5 0.9815
    [20:08:25] step 4250/11249 | avg train loss 1.1063 top1 0.8407 top5 0.9814
    [20:08:53] step 4300/11249 | avg train loss 1.1061 top1 0.8408 top5 0.9815
    [20:09:21] step 4350/11249 | avg train loss 1.1061 top1 0.8405 top5 0.9816
    [20:09:49] step 4400/11249 | avg train loss 1.1057 top1 0.8406 top5 0.9815
    [20:10:17] step 4450/11249 | avg train loss 1.1050 top1 0.8410 top5 0.9815
    [20:10:46] step 4500/11249 | avg train loss 1.1047 top1 0.8412 top5 0.9815
    [20:11:14] step 4550/11249 | avg train loss 1.1054 top1 0.8412 top5 0.9813
    [20:11:42] step 4600/11249 | avg train loss 1.1049 top1 0.8414 top5 0.9813
    [20:12:10] step 4650/11249 | avg train loss 1.1049 top1 0.8416 top5 0.9813
    [20:12:39] step 4700/11249 | avg train loss 1.1042 top1 0.8418 top5 0.9814
    [20:13:07] step 4750/11249 | avg train loss 1.1040 top1 0.8418 top5 0.9814
    [20:13:35] step 4800/11249 | avg train loss 1.1049 top1 0.8417 top5 0.9815
    [20:14:03] step 4850/11249 | avg train loss 1.1056 top1 0.8414 top5 0.9815
    [20:14:31] step 4900/11249 | avg train loss 1.1066 top1 0.8408 top5 0.9814
    [20:15:00] step 4950/11249 | avg train loss 1.1074 top1 0.8407 top5 0.9812
    [20:15:28] step 5000/11249 | avg train loss 1.1078 top1 0.8407 top5 0.9810
    [20:15:56] step 5050/11249 | avg train loss 1.1072 top1 0.8408 top5 0.9811
    [20:16:24] step 5100/11249 | avg train loss 1.1071 top1 0.8410 top5 0.9812
    [20:16:52] step 5150/11249 | avg train loss 1.1080 top1 0.8405 top5 0.9811
    [20:17:21] step 5200/11249 | avg train loss 1.1086 top1 0.8402 top5 0.9812
    [20:17:49] step 5250/11249 | avg train loss 1.1080 top1 0.8404 top5 0.9812
    [20:18:17] step 5300/11249 | avg train loss 1.1088 top1 0.8399 top5 0.9812
    [20:18:45] step 5350/11249 | avg train loss 1.1093 top1 0.8401 top5 0.9812
    [20:19:13] step 5400/11249 | avg train loss 1.1101 top1 0.8394 top5 0.9810
    [20:19:42] step 5450/11249 | avg train loss 1.1103 top1 0.8392 top5 0.9811
    [20:20:10] step 5500/11249 | avg train loss 1.1101 top1 0.8390 top5 0.9812
    [20:20:38] step 5550/11249 | avg train loss 1.1102 top1 0.8390 top5 0.9811
    [20:21:06] step 5600/11249 | avg train loss 1.1111 top1 0.8385 top5 0.9810
    [20:21:34] step 5650/11249 | avg train loss 1.1107 top1 0.8387 top5 0.9810
    [20:22:03] step 5700/11249 | avg train loss 1.1094 top1 0.8391 top5 0.9811
    [20:22:31] step 5750/11249 | avg train loss 1.1094 top1 0.8390 top5 0.9811
    [20:22:59] step 5800/11249 | avg train loss 1.1088 top1 0.8392 top5 0.9812
    [20:23:27] step 5850/11249 | avg train loss 1.1089 top1 0.8391 top5 0.9811
    [20:23:55] step 5900/11249 | avg train loss 1.1092 top1 0.8389 top5 0.9811
    [20:24:24] step 5950/11249 | avg train loss 1.1096 top1 0.8388 top5 0.9811
    [20:24:52] step 6000/11249 | avg train loss 1.1102 top1 0.8386 top5 0.9812
    [20:25:20] step 6050/11249 | avg train loss 1.1107 top1 0.8383 top5 0.9811
    [20:25:48] step 6100/11249 | avg train loss 1.1105 top1 0.8384 top5 0.9812
    [20:26:16] step 6150/11249 | avg train loss 1.1107 top1 0.8383 top5 0.9812
    [20:26:45] step 6200/11249 | avg train loss 1.1106 top1 0.8383 top5 0.9811
    [20:27:13] step 6250/11249 | avg train loss 1.1108 top1 0.8380 top5 0.9811
    [20:27:41] step 6300/11249 | avg train loss 1.1106 top1 0.8380 top5 0.9810
    [20:28:09] step 6350/11249 | avg train loss 1.1116 top1 0.8377 top5 0.9809
    [20:28:38] step 6400/11249 | avg train loss 1.1124 top1 0.8375 top5 0.9808
    [20:29:06] step 6450/11249 | avg train loss 1.1128 top1 0.8372 top5 0.9807
    [20:29:34] step 6500/11249 | avg train loss 1.1130 top1 0.8372 top5 0.9807
    [20:30:02] step 6550/11249 | avg train loss 1.1137 top1 0.8370 top5 0.9806
    [20:30:30] step 6600/11249 | avg train loss 1.1130 top1 0.8372 top5 0.9807
    [20:30:59] step 6650/11249 | avg train loss 1.1126 top1 0.8373 top5 0.9808
    [20:31:27] step 6700/11249 | avg train loss 1.1124 top1 0.8372 top5 0.9808
    [20:31:55] step 6750/11249 | avg train loss 1.1126 top1 0.8372 top5 0.9807
    [20:32:23] step 6800/11249 | avg train loss 1.1132 top1 0.8370 top5 0.9807
    [20:32:51] step 6850/11249 | avg train loss 1.1141 top1 0.8366 top5 0.9807
    [20:33:20] step 6900/11249 | avg train loss 1.1145 top1 0.8362 top5 0.9806
    [20:33:48] step 6950/11249 | avg train loss 1.1150 top1 0.8362 top5 0.9807
    [20:34:16] step 7000/11249 | avg train loss 1.1146 top1 0.8363 top5 0.9806
    [20:34:44] step 7050/11249 | avg train loss 1.1144 top1 0.8364 top5 0.9806
    [20:35:12] step 7100/11249 | avg train loss 1.1142 top1 0.8363 top5 0.9807
    [20:35:41] step 7150/11249 | avg train loss 1.1147 top1 0.8359 top5 0.9805
    [20:36:09] step 7200/11249 | avg train loss 1.1145 top1 0.8360 top5 0.9806
    [20:36:37] step 7250/11249 | avg train loss 1.1144 top1 0.8359 top5 0.9806
    [20:37:05] step 7300/11249 | avg train loss 1.1146 top1 0.8360 top5 0.9804
    [20:37:33] step 7350/11249 | avg train loss 1.1140 top1 0.8362 top5 0.9806
    [20:38:02] step 7400/11249 | avg train loss 1.1137 top1 0.8363 top5 0.9806
    [20:38:30] step 7450/11249 | avg train loss 1.1132 top1 0.8366 top5 0.9805
    [20:38:58] step 7500/11249 | avg train loss 1.1129 top1 0.8367 top5 0.9806
    [20:39:26] step 7550/11249 | avg train loss 1.1124 top1 0.8370 top5 0.9806
    [20:39:54] step 7600/11249 | avg train loss 1.1125 top1 0.8369 top5 0.9806
    [20:40:23] step 7650/11249 | avg train loss 1.1123 top1 0.8369 top5 0.9807
    [20:40:51] step 7700/11249 | avg train loss 1.1122 top1 0.8370 top5 0.9806
    [20:41:19] step 7750/11249 | avg train loss 1.1128 top1 0.8368 top5 0.9806
    [20:41:47] step 7800/11249 | avg train loss 1.1130 top1 0.8367 top5 0.9804
    [20:42:15] step 7850/11249 | avg train loss 1.1132 top1 0.8364 top5 0.9805
    [20:42:43] step 7900/11249 | avg train loss 1.1136 top1 0.8363 top5 0.9803
    [20:43:12] step 7950/11249 | avg train loss 1.1143 top1 0.8362 top5 0.9803
    [20:43:40] step 8000/11249 | avg train loss 1.1147 top1 0.8361 top5 0.9802
    [20:44:08] step 8050/11249 | avg train loss 1.1142 top1 0.8363 top5 0.9802
    [20:44:36] step 8100/11249 | avg train loss 1.1138 top1 0.8364 top5 0.9803
    [20:45:04] step 8150/11249 | avg train loss 1.1135 top1 0.8364 top5 0.9803
    [20:45:33] step 8200/11249 | avg train loss 1.1143 top1 0.8362 top5 0.9802
    [20:46:01] step 8250/11249 | avg train loss 1.1137 top1 0.8365 top5 0.9803
    [20:46:29] step 8300/11249 | avg train loss 1.1140 top1 0.8364 top5 0.9802
    [20:46:57] step 8350/11249 | avg train loss 1.1135 top1 0.8363 top5 0.9803
    [20:47:25] step 8400/11249 | avg train loss 1.1130 top1 0.8366 top5 0.9804
    [20:47:54] step 8450/11249 | avg train loss 1.1123 top1 0.8367 top5 0.9805
    [20:48:22] step 8500/11249 | avg train loss 1.1125 top1 0.8368 top5 0.9804
    [20:48:50] step 8550/11249 | avg train loss 1.1128 top1 0.8368 top5 0.9804
    [20:49:18] step 8600/11249 | avg train loss 1.1126 top1 0.8369 top5 0.9804
    [20:49:46] step 8650/11249 | avg train loss 1.1122 top1 0.8370 top5 0.9805
    [20:50:15] step 8700/11249 | avg train loss 1.1122 top1 0.8370 top5 0.9804
    [20:50:43] step 8750/11249 | avg train loss 1.1120 top1 0.8369 top5 0.9805
    [20:51:11] step 8800/11249 | avg train loss 1.1120 top1 0.8369 top5 0.9805
    [20:51:39] step 8850/11249 | avg train loss 1.1123 top1 0.8370 top5 0.9804
    [20:52:07] step 8900/11249 | avg train loss 1.1126 top1 0.8368 top5 0.9804
    [20:52:36] step 8950/11249 | avg train loss 1.1123 top1 0.8370 top5 0.9804
    [20:53:04] step 9000/11249 | avg train loss 1.1118 top1 0.8372 top5 0.9805
    [20:53:32] step 9050/11249 | avg train loss 1.1116 top1 0.8372 top5 0.9805
    [20:54:00] step 9100/11249 | avg train loss 1.1111 top1 0.8374 top5 0.9805
    [20:54:28] step 9150/11249 | avg train loss 1.1110 top1 0.8374 top5 0.9805
    [20:54:56] step 9200/11249 | avg train loss 1.1111 top1 0.8372 top5 0.9806
    [20:55:25] step 9250/11249 | avg train loss 1.1117 top1 0.8372 top5 0.9805
    [20:55:53] step 9300/11249 | avg train loss 1.1115 top1 0.8373 top5 0.9805
    [20:56:21] step 9350/11249 | avg train loss 1.1119 top1 0.8373 top5 0.9805
    [20:56:49] step 9400/11249 | avg train loss 1.1118 top1 0.8374 top5 0.9805
    [20:57:18] step 9450/11249 | avg train loss 1.1116 top1 0.8374 top5 0.9805
    [20:57:46] step 9500/11249 | avg train loss 1.1125 top1 0.8370 top5 0.9804
    [20:58:14] step 9550/11249 | avg train loss 1.1123 top1 0.8371 top5 0.9804
    [20:58:42] step 9600/11249 | avg train loss 1.1123 top1 0.8372 top5 0.9804
    [20:59:10] step 9650/11249 | avg train loss 1.1120 top1 0.8373 top5 0.9804
    [20:59:38] step 9700/11249 | avg train loss 1.1124 top1 0.8371 top5 0.9804
    [21:00:07] step 9750/11249 | avg train loss 1.1120 top1 0.8372 top5 0.9804
    [21:00:35] step 9800/11249 | avg train loss 1.1121 top1 0.8370 top5 0.9805
    [21:01:03] step 9850/11249 | avg train loss 1.1127 top1 0.8368 top5 0.9804
    [21:01:31] step 9900/11249 | avg train loss 1.1129 top1 0.8369 top5 0.9804
    [21:01:59] step 9950/11249 | avg train loss 1.1134 top1 0.8367 top5 0.9803
    [21:02:28] step 10000/11249 | avg train loss 1.1131 top1 0.8368 top5 0.9804
    [21:02:56] step 10050/11249 | avg train loss 1.1133 top1 0.8367 top5 0.9803
    [21:03:24] step 10100/11249 | avg train loss 1.1133 top1 0.8368 top5 0.9803
    [21:03:52] step 10150/11249 | avg train loss 1.1132 top1 0.8368 top5 0.9803
    [21:04:20] step 10200/11249 | avg train loss 1.1134 top1 0.8366 top5 0.9803
    [21:04:48] step 10250/11249 | avg train loss 1.1136 top1 0.8367 top5 0.9803
    [21:05:17] step 10300/11249 | avg train loss 1.1133 top1 0.8368 top5 0.9803
    [21:05:45] step 10350/11249 | avg train loss 1.1129 top1 0.8370 top5 0.9804
    [21:06:13] step 10400/11249 | avg train loss 1.1125 top1 0.8372 top5 0.9804
    [21:06:41] step 10450/11249 | avg train loss 1.1127 top1 0.8370 top5 0.9804
    [21:07:09] step 10500/11249 | avg train loss 1.1126 top1 0.8372 top5 0.9804
    [21:07:38] step 10550/11249 | avg train loss 1.1119 top1 0.8374 top5 0.9804
    [21:08:06] step 10600/11249 | avg train loss 1.1120 top1 0.8374 top5 0.9805
    [21:08:34] step 10650/11249 | avg train loss 1.1118 top1 0.8375 top5 0.9805
    [21:09:02] step 10700/11249 | avg train loss 1.1124 top1 0.8372 top5 0.9803
    [21:09:31] step 10750/11249 | avg train loss 1.1122 top1 0.8373 top5 0.9803
    [21:09:59] step 10800/11249 | avg train loss 1.1123 top1 0.8372 top5 0.9803
    [21:10:27] step 10850/11249 | avg train loss 1.1126 top1 0.8372 top5 0.9802
    [21:10:55] step 10900/11249 | avg train loss 1.1128 top1 0.8370 top5 0.9801
    [21:11:23] step 10950/11249 | avg train loss 1.1131 top1 0.8371 top5 0.9800
    [21:11:51] step 11000/11249 | avg train loss 1.1132 top1 0.8370 top5 0.9800
    [21:12:20] step 11050/11249 | avg train loss 1.1132 top1 0.8369 top5 0.9800
    [21:12:48] step 11100/11249 | avg train loss 1.1137 top1 0.8368 top5 0.9799
    [21:13:16] step 11150/11249 | avg train loss 1.1135 top1 0.8367 top5 0.9800
    [21:13:44] step 11200/11249 | avg train loss 1.1133 top1 0.8368 top5 0.9800
    [21:14:11] step 11249/11249 | avg train loss 1.1135 top1 0.8367 top5 0.9800
Epoch 4/15 | train loss 1.1135 top1 0.8367 | val loss 1.1439 top1 0.6897 top5 0.9156 | ema val top1 0.7191 top5 0.9259
  Saved new best checkpoint (ema): /Data/thomas.turkieh/smth2smth/checkpoints/track_b/ssv2ft_lora16f.pt (val top1=0.7191)
    [21:26:54] step 50/11249 | avg train loss 1.0912 top1 0.8500 top5 0.9750
    [21:27:22] step 100/11249 | avg train loss 1.0805 top1 0.8400 top5 0.9775
    [21:27:50] step 150/11249 | avg train loss 1.0435 top1 0.8533 top5 0.9817
    [21:28:18] step 200/11249 | avg train loss 1.0325 top1 0.8600 top5 0.9850
    [21:28:46] step 250/11249 | avg train loss 1.0338 top1 0.8580 top5 0.9860
    [21:29:15] step 300/11249 | avg train loss 1.0227 top1 0.8675 top5 0.9875
    [21:29:43] step 350/11249 | avg train loss 1.0319 top1 0.8614 top5 0.9857
    [21:30:11] step 400/11249 | avg train loss 1.0268 top1 0.8650 top5 0.9850
    [21:30:39] step 450/11249 | avg train loss 1.0316 top1 0.8644 top5 0.9839
    [21:31:08] step 500/11249 | avg train loss 1.0289 top1 0.8640 top5 0.9850
    [21:31:36] step 550/11249 | avg train loss 1.0221 top1 0.8650 top5 0.9864
    [21:32:04] step 600/11249 | avg train loss 1.0144 top1 0.8679 top5 0.9875
    [21:32:32] step 650/11249 | avg train loss 1.0192 top1 0.8685 top5 0.9877
    [21:33:00] step 700/11249 | avg train loss 1.0217 top1 0.8696 top5 0.9882
    [21:33:29] step 750/11249 | avg train loss 1.0284 top1 0.8663 top5 0.9887
    [21:33:57] step 800/11249 | avg train loss 1.0253 top1 0.8684 top5 0.9891
    [21:34:25] step 850/11249 | avg train loss 1.0267 top1 0.8685 top5 0.9885
    [21:34:53] step 900/11249 | avg train loss 1.0222 top1 0.8700 top5 0.9886
    [21:35:21] step 950/11249 | avg train loss 1.0205 top1 0.8708 top5 0.9887
    [21:35:49] step 1000/11249 | avg train loss 1.0217 top1 0.8702 top5 0.9882
    [21:36:18] step 1050/11249 | avg train loss 1.0182 top1 0.8714 top5 0.9883
    [21:36:46] step 1100/11249 | avg train loss 1.0205 top1 0.8702 top5 0.9877
    [21:37:14] step 1150/11249 | avg train loss 1.0191 top1 0.8711 top5 0.9880
    [21:37:42] step 1200/11249 | avg train loss 1.0179 top1 0.8721 top5 0.9879
    [21:38:10] step 1250/11249 | avg train loss 1.0220 top1 0.8700 top5 0.9878
    [21:38:39] step 1300/11249 | avg train loss 1.0213 top1 0.8700 top5 0.9879
    [21:39:07] step 1350/11249 | avg train loss 1.0214 top1 0.8698 top5 0.9876
    [21:39:35] step 1400/11249 | avg train loss 1.0220 top1 0.8691 top5 0.9875
    [21:40:03] step 1450/11249 | avg train loss 1.0225 top1 0.8691 top5 0.9874
    [21:40:32] step 1500/11249 | avg train loss 1.0255 top1 0.8680 top5 0.9872
    [21:41:00] step 1550/11249 | avg train loss 1.0246 top1 0.8690 top5 0.9871
    [21:41:28] step 1600/11249 | avg train loss 1.0271 top1 0.8686 top5 0.9867
    [21:41:56] step 1650/11249 | avg train loss 1.0273 top1 0.8683 top5 0.9867
    [21:42:24] step 1700/11249 | avg train loss 1.0276 top1 0.8685 top5 0.9866
    [21:42:53] step 1750/11249 | avg train loss 1.0278 top1 0.8683 top5 0.9866
    [21:43:21] step 1800/11249 | avg train loss 1.0280 top1 0.8682 top5 0.9864
    [21:43:49] step 1850/11249 | avg train loss 1.0269 top1 0.8689 top5 0.9865
    [21:44:17] step 1900/11249 | avg train loss 1.0242 top1 0.8697 top5 0.9868
    [21:44:45] step 1950/11249 | avg train loss 1.0220 top1 0.8710 top5 0.9871
    [21:45:14] step 2000/11249 | avg train loss 1.0198 top1 0.8714 top5 0.9872
    [21:45:42] step 2050/11249 | avg train loss 1.0210 top1 0.8704 top5 0.9872
    [21:46:10] step 2100/11249 | avg train loss 1.0250 top1 0.8681 top5 0.9869
    [21:46:38] step 2150/11249 | avg train loss 1.0261 top1 0.8673 top5 0.9871
    [21:47:06] step 2200/11249 | avg train loss 1.0252 top1 0.8676 top5 0.9873
    [21:47:35] step 2250/11249 | avg train loss 1.0255 top1 0.8672 top5 0.9870
    [21:48:03] step 2300/11249 | avg train loss 1.0255 top1 0.8671 top5 0.9872
    [21:48:31] step 2350/11249 | avg train loss 1.0263 top1 0.8663 top5 0.9870
    [21:48:59] step 2400/11249 | avg train loss 1.0260 top1 0.8662 top5 0.9870
    [21:49:27] step 2450/11249 | avg train loss 1.0269 top1 0.8660 top5 0.9866
    [21:49:56] step 2500/11249 | avg train loss 1.0281 top1 0.8651 top5 0.9868
    [21:50:24] step 2550/11249 | avg train loss 1.0279 top1 0.8654 top5 0.9867
    [21:50:52] step 2600/11249 | avg train loss 1.0285 top1 0.8653 top5 0.9866
    [21:51:20] step 2650/11249 | avg train loss 1.0290 top1 0.8653 top5 0.9867
    [21:51:48] step 2700/11249 | avg train loss 1.0296 top1 0.8654 top5 0.9866
    [21:52:16] step 2750/11249 | avg train loss 1.0296 top1 0.8659 top5 0.9865
    [21:52:45] step 2800/11249 | avg train loss 1.0299 top1 0.8660 top5 0.9865
    [21:53:13] step 2850/11249 | avg train loss 1.0286 top1 0.8666 top5 0.9867
    [21:53:41] step 2900/11249 | avg train loss 1.0273 top1 0.8672 top5 0.9867
    [21:54:21] step 2950/11249 | avg train loss 1.0259 top1 0.8680 top5 0.9868
    [21:55:02] step 3000/11249 | avg train loss 1.0259 top1 0.8675 top5 0.9868
    [21:55:43] step 3050/11249 | avg train loss 1.0245 top1 0.8680 top5 0.9870
    [21:56:25] step 3100/11249 | avg train loss 1.0261 top1 0.8672 top5 0.9868
    [21:57:06] step 3150/11249 | avg train loss 1.0258 top1 0.8672 top5 0.9867
    [21:57:48] step 3200/11249 | avg train loss 1.0258 top1 0.8672 top5 0.9869
    [21:58:29] step 3250/11249 | avg train loss 1.0246 top1 0.8678 top5 0.9869
    [21:59:11] step 3300/11249 | avg train loss 1.0259 top1 0.8675 top5 0.9870
    [21:59:52] step 3350/11249 | avg train loss 1.0267 top1 0.8675 top5 0.9868
    [22:00:33] step 3400/11249 | avg train loss 1.0268 top1 0.8676 top5 0.9867
    [22:01:15] step 3450/11249 | avg train loss 1.0263 top1 0.8678 top5 0.9867
    [22:01:56] step 3500/11249 | avg train loss 1.0263 top1 0.8677 top5 0.9867
    [22:02:38] step 3550/11249 | avg train loss 1.0270 top1 0.8674 top5 0.9868
    [22:03:19] step 3600/11249 | avg train loss 1.0267 top1 0.8675 top5 0.9869
    [22:04:01] step 3650/11249 | avg train loss 1.0267 top1 0.8675 top5 0.9868
    [22:04:42] step 3700/11249 | avg train loss 1.0275 top1 0.8674 top5 0.9868
    [22:05:24] step 3750/11249 | avg train loss 1.0274 top1 0.8675 top5 0.9868
    [22:06:05] step 3800/11249 | avg train loss 1.0261 top1 0.8680 top5 0.9869
    [22:06:47] step 3850/11249 | avg train loss 1.0271 top1 0.8677 top5 0.9869
    [22:07:28] step 3900/11249 | avg train loss 1.0270 top1 0.8681 top5 0.9869
    [22:08:09] step 3950/11249 | avg train loss 1.0270 top1 0.8681 top5 0.9869
    [22:08:51] step 4000/11249 | avg train loss 1.0271 top1 0.8678 top5 0.9869
    [22:09:32] step 4050/11249 | avg train loss 1.0272 top1 0.8677 top5 0.9869
    [22:10:14] step 4100/11249 | avg train loss 1.0273 top1 0.8674 top5 0.9869
    [22:10:55] step 4150/11249 | avg train loss 1.0281 top1 0.8670 top5 0.9867
    [22:11:36] step 4200/11249 | avg train loss 1.0288 top1 0.8664 top5 0.9866
    [22:12:18] step 4250/11249 | avg train loss 1.0286 top1 0.8662 top5 0.9866
    [22:12:59] step 4300/11249 | avg train loss 1.0289 top1 0.8664 top5 0.9864
    [22:13:41] step 4350/11249 | avg train loss 1.0291 top1 0.8661 top5 0.9864
    [22:14:22] step 4400/11249 | avg train loss 1.0284 top1 0.8668 top5 0.9865
    [22:15:04] step 4450/11249 | avg train loss 1.0290 top1 0.8665 top5 0.9863
    [22:15:45] step 4500/11249 | avg train loss 1.0284 top1 0.8669 top5 0.9863
    [22:16:26] step 4550/11249 | avg train loss 1.0280 top1 0.8673 top5 0.9863
    [22:17:08] step 4600/11249 | avg train loss 1.0290 top1 0.8672 top5 0.9862
    [22:17:49] step 4650/11249 | avg train loss 1.0295 top1 0.8672 top5 0.9862
    [22:18:31] step 4700/11249 | avg train loss 1.0309 top1 0.8666 top5 0.9861
    [22:19:12] step 4750/11249 | avg train loss 1.0309 top1 0.8668 top5 0.9861
    [22:19:54] step 4800/11249 | avg train loss 1.0313 top1 0.8666 top5 0.9860
    [22:20:35] step 4850/11249 | avg train loss 1.0321 top1 0.8663 top5 0.9860
    [22:21:16] step 4900/11249 | avg train loss 1.0311 top1 0.8665 top5 0.9861
    [22:21:58] step 4950/11249 | avg train loss 1.0321 top1 0.8662 top5 0.9861
    [22:22:39] step 5000/11249 | avg train loss 1.0315 top1 0.8663 top5 0.9861
    [22:23:21] step 5050/11249 | avg train loss 1.0320 top1 0.8659 top5 0.9862
    [22:24:02] step 5100/11249 | avg train loss 1.0321 top1 0.8658 top5 0.9864
    [22:24:44] step 5150/11249 | avg train loss 1.0329 top1 0.8654 top5 0.9863
    [22:25:29] step 5200/11249 | avg train loss 1.0332 top1 0.8652 top5 0.9862
    [22:26:11] step 5250/11249 | avg train loss 1.0328 top1 0.8654 top5 0.9863
    [22:26:52] step 5300/11249 | avg train loss 1.0329 top1 0.8654 top5 0.9863
    [22:27:33] step 5350/11249 | avg train loss 1.0335 top1 0.8652 top5 0.9863
    [22:28:15] step 5400/11249 | avg train loss 1.0338 top1 0.8649 top5 0.9863
    [22:28:56] step 5450/11249 | avg train loss 1.0341 top1 0.8647 top5 0.9864
    [22:29:38] step 5500/11249 | avg train loss 1.0349 top1 0.8645 top5 0.9864
    [22:30:19] step 5550/11249 | avg train loss 1.0349 top1 0.8643 top5 0.9864
    [22:31:00] step 5600/11249 | avg train loss 1.0357 top1 0.8639 top5 0.9863
    [22:31:42] step 5650/11249 | avg train loss 1.0358 top1 0.8638 top5 0.9863
    [22:32:23] step 5700/11249 | avg train loss 1.0356 top1 0.8640 top5 0.9862
    [22:33:05] step 5750/11249 | avg train loss 1.0363 top1 0.8640 top5 0.9860
    [22:33:46] step 5800/11249 | avg train loss 1.0375 top1 0.8638 top5 0.9857
    [22:34:28] step 5850/11249 | avg train loss 1.0371 top1 0.8638 top5 0.9856
    [22:35:09] step 5900/11249 | avg train loss 1.0371 top1 0.8638 top5 0.9856
    [22:35:51] step 5950/11249 | avg train loss 1.0378 top1 0.8636 top5 0.9855
    [22:36:32] step 6000/11249 | avg train loss 1.0377 top1 0.8637 top5 0.9855
    [22:37:14] step 6050/11249 | avg train loss 1.0379 top1 0.8636 top5 0.9855
    [22:37:55] step 6100/11249 | avg train loss 1.0374 top1 0.8639 top5 0.9855
    [22:38:36] step 6150/11249 | avg train loss 1.0383 top1 0.8636 top5 0.9854
    [22:39:18] step 6200/11249 | avg train loss 1.0389 top1 0.8634 top5 0.9852
    [22:39:59] step 6250/11249 | avg train loss 1.0383 top1 0.8637 top5 0.9853
    [22:40:41] step 6300/11249 | avg train loss 1.0381 top1 0.8636 top5 0.9854
    [22:41:22] step 6350/11249 | avg train loss 1.0381 top1 0.8635 top5 0.9854
    [22:42:04] step 6400/11249 | avg train loss 1.0379 top1 0.8636 top5 0.9853
    [22:42:45] step 6450/11249 | avg train loss 1.0384 top1 0.8631 top5 0.9853
    [22:43:26] step 6500/11249 | avg train loss 1.0392 top1 0.8629 top5 0.9852
    [22:44:08] step 6550/11249 | avg train loss 1.0391 top1 0.8628 top5 0.9852
    [22:44:49] step 6600/11249 | avg train loss 1.0392 top1 0.8628 top5 0.9852
    [22:45:31] step 6650/11249 | avg train loss 1.0389 top1 0.8630 top5 0.9852
    [22:46:12] step 6700/11249 | avg train loss 1.0390 top1 0.8629 top5 0.9853
    [22:46:54] step 6750/11249 | avg train loss 1.0384 top1 0.8631 top5 0.9853
    [22:47:35] step 6800/11249 | avg train loss 1.0378 top1 0.8632 top5 0.9854
    [22:48:16] step 6850/11249 | avg train loss 1.0383 top1 0.8631 top5 0.9853
    [22:48:58] step 6900/11249 | avg train loss 1.0389 top1 0.8630 top5 0.9852
    [22:49:39] step 6950/11249 | avg train loss 1.0388 top1 0.8630 top5 0.9852
    [22:50:21] step 7000/11249 | avg train loss 1.0396 top1 0.8628 top5 0.9851
    [22:51:02] step 7050/11249 | avg train loss 1.0394 top1 0.8629 top5 0.9851
    [22:51:43] step 7100/11249 | avg train loss 1.0400 top1 0.8624 top5 0.9851
    [22:52:25] step 7150/11249 | avg train loss 1.0402 top1 0.8623 top5 0.9850
    [22:53:06] step 7200/11249 | avg train loss 1.0403 top1 0.8621 top5 0.9851
    [22:53:48] step 7250/11249 | avg train loss 1.0408 top1 0.8619 top5 0.9851
    [22:54:29] step 7300/11249 | avg train loss 1.0412 top1 0.8618 top5 0.9850
    [22:55:11] step 7350/11249 | avg train loss 1.0421 top1 0.8615 top5 0.9850
    [22:55:52] step 7400/11249 | avg train loss 1.0430 top1 0.8614 top5 0.9849
    [22:56:37] step 7450/11249 | avg train loss 1.0440 top1 0.8610 top5 0.9849
    [22:57:19] step 7500/11249 | avg train loss 1.0446 top1 0.8609 top5 0.9849
    [22:58:01] step 7550/11249 | avg train loss 1.0449 top1 0.8609 top5 0.9848
    [22:58:42] step 7600/11249 | avg train loss 1.0443 top1 0.8610 top5 0.9849
    [22:59:24] step 7650/11249 | avg train loss 1.0445 top1 0.8610 top5 0.9849
    [23:00:05] step 7700/11249 | avg train loss 1.0441 top1 0.8611 top5 0.9849
    [23:00:46] step 7750/11249 | avg train loss 1.0445 top1 0.8609 top5 0.9848
    [23:01:28] step 7800/11249 | avg train loss 1.0449 top1 0.8607 top5 0.9848
    [23:02:09] step 7850/11249 | avg train loss 1.0448 top1 0.8607 top5 0.9847
    [23:02:51] step 7900/11249 | avg train loss 1.0449 top1 0.8605 top5 0.9848
    [23:03:32] step 7950/11249 | avg train loss 1.0450 top1 0.8604 top5 0.9847
    [23:04:14] step 8000/11249 | avg train loss 1.0454 top1 0.8604 top5 0.9848
    [23:04:55] step 8050/11249 | avg train loss 1.0452 top1 0.8604 top5 0.9848
    [23:05:36] step 8100/11249 | avg train loss 1.0458 top1 0.8604 top5 0.9848
    [23:06:18] step 8150/11249 | avg train loss 1.0458 top1 0.8604 top5 0.9848
    [23:07:00] step 8200/11249 | avg train loss 1.0462 top1 0.8604 top5 0.9848
    [23:07:41] step 8250/11249 | avg train loss 1.0463 top1 0.8605 top5 0.9847
    [23:08:23] step 8300/11249 | avg train loss 1.0468 top1 0.8604 top5 0.9847
    [23:09:04] step 8350/11249 | avg train loss 1.0470 top1 0.8605 top5 0.9846
    [23:09:45] step 8400/11249 | avg train loss 1.0466 top1 0.8606 top5 0.9847
    [23:10:27] step 8450/11249 | avg train loss 1.0462 top1 0.8608 top5 0.9847
    [23:11:08] step 8500/11249 | avg train loss 1.0458 top1 0.8610 top5 0.9848
    [23:11:50] step 8550/11249 | avg train loss 1.0464 top1 0.8605 top5 0.9848
    [23:12:31] step 8600/11249 | avg train loss 1.0462 top1 0.8606 top5 0.9848
    [23:13:13] step 8650/11249 | avg train loss 1.0463 top1 0.8607 top5 0.9848
    [23:13:54] step 8700/11249 | avg train loss 1.0461 top1 0.8607 top5 0.9847
    [23:14:36] step 8750/11249 | avg train loss 1.0466 top1 0.8606 top5 0.9847
    [23:15:17] step 8800/11249 | avg train loss 1.0472 top1 0.8603 top5 0.9846
    [23:15:58] step 8850/11249 | avg train loss 1.0475 top1 0.8602 top5 0.9846
    [23:16:40] step 8900/11249 | avg train loss 1.0478 top1 0.8599 top5 0.9846
    [23:17:21] step 8950/11249 | avg train loss 1.0475 top1 0.8601 top5 0.9846
    [23:18:03] step 9000/11249 | avg train loss 1.0476 top1 0.8601 top5 0.9845
    [23:18:44] step 9050/11249 | avg train loss 1.0476 top1 0.8600 top5 0.9845
    [23:19:26] step 9100/11249 | avg train loss 1.0477 top1 0.8601 top5 0.9845
    [23:20:07] step 9150/11249 | avg train loss 1.0478 top1 0.8600 top5 0.9845
    [23:20:49] step 9200/11249 | avg train loss 1.0476 top1 0.8601 top5 0.9845
    [23:21:30] step 9250/11249 | avg train loss 1.0474 top1 0.8602 top5 0.9844
    [23:22:12] step 9300/11249 | avg train loss 1.0473 top1 0.8602 top5 0.9845
    [23:22:53] step 9350/11249 | avg train loss 1.0465 top1 0.8604 top5 0.9846
    [23:23:35] step 9400/11249 | avg train loss 1.0470 top1 0.8603 top5 0.9846
    [23:24:16] step 9450/11249 | avg train loss 1.0471 top1 0.8603 top5 0.9846
    [23:24:58] step 9500/11249 | avg train loss 1.0472 top1 0.8604 top5 0.9845
    [23:25:39] step 9550/11249 | avg train loss 1.0466 top1 0.8605 top5 0.9846
    [23:26:20] step 9600/11249 | avg train loss 1.0470 top1 0.8604 top5 0.9846
    [23:27:02] step 9650/11249 | avg train loss 1.0470 top1 0.8606 top5 0.9846
    [23:27:44] step 9700/11249 | avg train loss 1.0477 top1 0.8604 top5 0.9845
    [23:28:29] step 9750/11249 | avg train loss 1.0473 top1 0.8606 top5 0.9846
    [23:29:11] step 9800/11249 | avg train loss 1.0479 top1 0.8604 top5 0.9845
    [23:29:52] step 9850/11249 | avg train loss 1.0476 top1 0.8605 top5 0.9845
    [23:30:34] step 9900/11249 | avg train loss 1.0475 top1 0.8605 top5 0.9845
    [23:31:15] step 9950/11249 | avg train loss 1.0471 top1 0.8607 top5 0.9845
    [23:31:57] step 10000/11249 | avg train loss 1.0477 top1 0.8603 top5 0.9845
    [23:32:38] step 10050/11249 | avg train loss 1.0480 top1 0.8602 top5 0.9845
    [23:33:20] step 10100/11249 | avg train loss 1.0480 top1 0.8602 top5 0.9845
    [23:34:01] step 10150/11249 | avg train loss 1.0479 top1 0.8604 top5 0.9845
    [23:34:42] step 10200/11249 | avg train loss 1.0480 top1 0.8602 top5 0.9846
    [23:35:24] step 10250/11249 | avg train loss 1.0482 top1 0.8601 top5 0.9846
    [23:36:05] step 10300/11249 | avg train loss 1.0485 top1 0.8600 top5 0.9846
    [23:36:47] step 10350/11249 | avg train loss 1.0487 top1 0.8599 top5 0.9846
    [23:37:28] step 10400/11249 | avg train loss 1.0490 top1 0.8599 top5 0.9847
    [23:38:10] step 10450/11249 | avg train loss 1.0491 top1 0.8599 top5 0.9846
    [23:38:51] step 10500/11249 | avg train loss 1.0489 top1 0.8599 top5 0.9846
    [23:39:33] step 10550/11249 | avg train loss 1.0484 top1 0.8600 top5 0.9847
    [23:40:14] step 10600/11249 | avg train loss 1.0486 top1 0.8599 top5 0.9846
    [23:40:56] step 10650/11249 | avg train loss 1.0483 top1 0.8600 top5 0.9846
    [23:41:37] step 10700/11249 | avg train loss 1.0482 top1 0.8600 top5 0.9847
    [23:42:19] step 10750/11249 | avg train loss 1.0480 top1 0.8601 top5 0.9847
    [23:43:00] step 10800/11249 | avg train loss 1.0483 top1 0.8599 top5 0.9847
    [23:43:42] step 10850/11249 | avg train loss 1.0483 top1 0.8598 top5 0.9847
    [23:44:23] step 10900/11249 | avg train loss 1.0483 top1 0.8599 top5 0.9847
    [23:45:05] step 10950/11249 | avg train loss 1.0483 top1 0.8598 top5 0.9847
    [23:45:46] step 11000/11249 | avg train loss 1.0487 top1 0.8597 top5 0.9847
    [23:46:28] step 11050/11249 | avg train loss 1.0489 top1 0.8598 top5 0.9846
    [23:47:09] step 11100/11249 | avg train loss 1.0489 top1 0.8598 top5 0.9846
    [23:47:51] step 11150/11249 | avg train loss 1.0492 top1 0.8597 top5 0.9846
    [23:48:32] step 11200/11249 | avg train loss 1.0498 top1 0.8595 top5 0.9845
    [23:49:12] step 11249/11249 | avg train loss 1.0502 top1 0.8594 top5 0.9845
Epoch 5/15 | train loss 1.0502 top1 0.8594 | val loss 1.2009 top1 0.6775 top5 0.9116 | ema val top1 0.7167 top5 0.9275
    [00:08:32] step 50/11249 | avg train loss 0.9508 top1 0.8850 top5 1.0000
    [00:09:13] step 100/11249 | avg train loss 1.0011 top1 0.8675 top5 0.9850
    [00:09:55] step 150/11249 | avg train loss 0.9759 top1 0.8833 top5 0.9883
    [00:10:36] step 200/11249 | avg train loss 0.9771 top1 0.8862 top5 0.9888
    [00:11:18] step 250/11249 | avg train loss 0.9759 top1 0.8870 top5 0.9900
    [00:11:59] step 300/11249 | avg train loss 0.9592 top1 0.8933 top5 0.9908
    [00:12:41] step 350/11249 | avg train loss 0.9586 top1 0.8921 top5 0.9914
    [00:13:23] step 400/11249 | avg train loss 0.9619 top1 0.8900 top5 0.9919
    [00:14:04] step 450/11249 | avg train loss 0.9687 top1 0.8883 top5 0.9911
    [00:14:46] step 500/11249 | avg train loss 0.9679 top1 0.8895 top5 0.9915
    [00:15:27] step 550/11249 | avg train loss 0.9688 top1 0.8886 top5 0.9905
    [00:16:09] step 600/11249 | avg train loss 0.9744 top1 0.8854 top5 0.9904
    [00:16:50] step 650/11249 | avg train loss 0.9763 top1 0.8854 top5 0.9904
    [00:17:32] step 700/11249 | avg train loss 0.9792 top1 0.8850 top5 0.9896
    [00:18:13] step 750/11249 | avg train loss 0.9726 top1 0.8863 top5 0.9903
    [00:18:55] step 800/11249 | avg train loss 0.9731 top1 0.8844 top5 0.9906
    [00:19:36] step 850/11249 | avg train loss 0.9709 top1 0.8847 top5 0.9909
    [00:20:18] step 900/11249 | avg train loss 0.9695 top1 0.8861 top5 0.9908
    [00:20:59] step 950/11249 | avg train loss 0.9728 top1 0.8861 top5 0.9908
    [00:21:40] step 1000/11249 | avg train loss 0.9714 top1 0.8878 top5 0.9905
    [00:22:22] step 1050/11249 | avg train loss 0.9696 top1 0.8893 top5 0.9905
    [00:23:03] step 1100/11249 | avg train loss 0.9687 top1 0.8902 top5 0.9902
    [00:23:45] step 1150/11249 | avg train loss 0.9669 top1 0.8911 top5 0.9904
    [00:24:26] step 1200/11249 | avg train loss 0.9671 top1 0.8908 top5 0.9900
    [00:25:08] step 1250/11249 | avg train loss 0.9663 top1 0.8900 top5 0.9904
    [00:25:49] step 1300/11249 | avg train loss 0.9628 top1 0.8912 top5 0.9908
    [00:26:31] step 1350/11249 | avg train loss 0.9637 top1 0.8906 top5 0.9907
    [00:27:12] step 1400/11249 | avg train loss 0.9623 top1 0.8904 top5 0.9907
    [00:27:54] step 1450/11249 | avg train loss 0.9606 top1 0.8912 top5 0.9909
    [00:28:35] step 1500/11249 | avg train loss 0.9601 top1 0.8920 top5 0.9912
    [00:29:17] step 1550/11249 | avg train loss 0.9619 top1 0.8913 top5 0.9906
    [00:30:02] step 1600/11249 | avg train loss 0.9607 top1 0.8922 top5 0.9906
    [00:30:44] step 1650/11249 | avg train loss 0.9610 top1 0.8918 top5 0.9906
    [00:31:25] step 1700/11249 | avg train loss 0.9624 top1 0.8909 top5 0.9904
    [00:32:07] step 1750/11249 | avg train loss 0.9633 top1 0.8899 top5 0.9903
    [00:32:48] step 1800/11249 | avg train loss 0.9627 top1 0.8906 top5 0.9906
    [00:33:30] step 1850/11249 | avg train loss 0.9617 top1 0.8911 top5 0.9907
    [00:34:12] step 1900/11249 | avg train loss 0.9615 top1 0.8913 top5 0.9907
    [00:34:53] step 1950/11249 | avg train loss 0.9609 top1 0.8914 top5 0.9908
    [00:35:35] step 2000/11249 | avg train loss 0.9608 top1 0.8916 top5 0.9910
    [00:36:16] step 2050/11249 | avg train loss 0.9607 top1 0.8915 top5 0.9912
    [00:36:58] step 2100/11249 | avg train loss 0.9609 top1 0.8914 top5 0.9912
    [00:37:39] step 2150/11249 | avg train loss 0.9629 top1 0.8903 top5 0.9910
    [00:38:20] step 2200/11249 | avg train loss 0.9614 top1 0.8908 top5 0.9912
    [00:39:02] step 2250/11249 | avg train loss 0.9645 top1 0.8893 top5 0.9912
    [00:39:43] step 2300/11249 | avg train loss 0.9633 top1 0.8900 top5 0.9913
    [00:40:25] step 2350/11249 | avg train loss 0.9631 top1 0.8900 top5 0.9913
    [00:41:06] step 2400/11249 | avg train loss 0.9639 top1 0.8895 top5 0.9914
    [00:41:48] step 2450/11249 | avg train loss 0.9647 top1 0.8892 top5 0.9914
    [00:42:29] step 2500/11249 | avg train loss 0.9655 top1 0.8894 top5 0.9915
    [00:43:11] step 2550/11249 | avg train loss 0.9645 top1 0.8895 top5 0.9915
    [00:43:52] step 2600/11249 | avg train loss 0.9641 top1 0.8897 top5 0.9915
    [00:44:34] step 2650/11249 | avg train loss 0.9650 top1 0.8892 top5 0.9916
    [00:45:16] step 2700/11249 | avg train loss 0.9646 top1 0.8894 top5 0.9918
    [00:45:57] step 2750/11249 | avg train loss 0.9653 top1 0.8889 top5 0.9917
    [00:46:38] step 2800/11249 | avg train loss 0.9648 top1 0.8890 top5 0.9918
    [00:47:20] step 2850/11249 | avg train loss 0.9634 top1 0.8894 top5 0.9919
    [00:48:01] step 2900/11249 | avg train loss 0.9635 top1 0.8893 top5 0.9919
    [00:48:43] step 2950/11249 | avg train loss 0.9633 top1 0.8892 top5 0.9919
    [00:49:24] step 3000/11249 | avg train loss 0.9626 top1 0.8892 top5 0.9920
    [00:50:06] step 3050/11249 | avg train loss 0.9640 top1 0.8887 top5 0.9918
    [00:50:47] step 3100/11249 | avg train loss 0.9645 top1 0.8885 top5 0.9919
    [00:51:29] step 3150/11249 | avg train loss 0.9644 top1 0.8883 top5 0.9917
    [00:52:10] step 3200/11249 | avg train loss 0.9654 top1 0.8877 top5 0.9915
    [00:52:52] step 3250/11249 | avg train loss 0.9649 top1 0.8879 top5 0.9915
    [00:53:33] step 3300/11249 | avg train loss 0.9656 top1 0.8873 top5 0.9917
    [00:54:15] step 3350/11249 | avg train loss 0.9660 top1 0.8873 top5 0.9917
    [00:54:56] step 3400/11249 | avg train loss 0.9661 top1 0.8875 top5 0.9917
    [00:55:38] step 3450/11249 | avg train loss 0.9672 top1 0.8872 top5 0.9917
    [00:56:19] step 3500/11249 | avg train loss 0.9672 top1 0.8872 top5 0.9918
    [00:57:01] step 3550/11249 | avg train loss 0.9674 top1 0.8870 top5 0.9918
    [00:57:42] step 3600/11249 | avg train loss 0.9673 top1 0.8870 top5 0.9917
    [00:58:24] step 3650/11249 | avg train loss 0.9672 top1 0.8870 top5 0.9918
    [00:59:06] step 3700/11249 | avg train loss 0.9666 top1 0.8872 top5 0.9919
    [00:59:47] step 3750/11249 | avg train loss 0.9668 top1 0.8873 top5 0.9919
    [01:00:28] step 3800/11249 | avg train loss 0.9664 top1 0.8874 top5 0.9918
    [01:01:11] step 3850/11249 | avg train loss 0.9666 top1 0.8875 top5 0.9919
    [01:01:56] step 3900/11249 | avg train loss 0.9665 top1 0.8873 top5 0.9919
    [01:02:37] step 3950/11249 | avg train loss 0.9660 top1 0.8875 top5 0.9919
    [01:03:19] step 4000/11249 | avg train loss 0.9665 top1 0.8871 top5 0.9919
    [01:04:00] step 4050/11249 | avg train loss 0.9666 top1 0.8871 top5 0.9920
    [01:04:42] step 4100/11249 | avg train loss 0.9668 top1 0.8871 top5 0.9919
    [01:05:23] step 4150/11249 | avg train loss 0.9666 top1 0.8871 top5 0.9919
    [01:06:05] step 4200/11249 | avg train loss 0.9673 top1 0.8869 top5 0.9918
    [01:06:46] step 4250/11249 | avg train loss 0.9675 top1 0.8869 top5 0.9917
    [01:07:28] step 4300/11249 | avg train loss 0.9681 top1 0.8869 top5 0.9916
    [01:08:09] step 4350/11249 | avg train loss 0.9692 top1 0.8866 top5 0.9916
    [01:08:51] step 4400/11249 | avg train loss 0.9702 top1 0.8862 top5 0.9914
    [01:09:32] step 4450/11249 | avg train loss 0.9705 top1 0.8862 top5 0.9914
    [01:10:14] step 4500/11249 | avg train loss 0.9708 top1 0.8864 top5 0.9913
    [01:10:55] step 4550/11249 | avg train loss 0.9701 top1 0.8864 top5 0.9913
    [01:11:37] step 4600/11249 | avg train loss 0.9710 top1 0.8859 top5 0.9911
    [01:12:18] step 4650/11249 | avg train loss 0.9705 top1 0.8860 top5 0.9912
    [01:13:00] step 4700/11249 | avg train loss 0.9707 top1 0.8858 top5 0.9913
    [01:13:41] step 4750/11249 | avg train loss 0.9715 top1 0.8854 top5 0.9913
    [01:14:23] step 4800/11249 | avg train loss 0.9734 top1 0.8849 top5 0.9909
    [01:15:04] step 4850/11249 | avg train loss 0.9739 top1 0.8848 top5 0.9909
    [01:15:46] step 4900/11249 | avg train loss 0.9749 top1 0.8845 top5 0.9908
    [01:16:28] step 4950/11249 | avg train loss 0.9749 top1 0.8845 top5 0.9908
    [01:17:09] step 5000/11249 | avg train loss 0.9747 top1 0.8846 top5 0.9908
    [01:17:51] step 5050/11249 | avg train loss 0.9750 top1 0.8844 top5 0.9907
    [01:18:32] step 5100/11249 | avg train loss 0.9753 top1 0.8844 top5 0.9907
    [01:19:14] step 5150/11249 | avg train loss 0.9747 top1 0.8848 top5 0.9907
    [01:19:55] step 5200/11249 | avg train loss 0.9750 top1 0.8847 top5 0.9907
    [01:20:37] step 5250/11249 | avg train loss 0.9757 top1 0.8846 top5 0.9907
    [01:21:18] step 5300/11249 | avg train loss 0.9759 top1 0.8843 top5 0.9908
    [01:22:00] step 5350/11249 | avg train loss 0.9762 top1 0.8842 top5 0.9907
    [01:22:41] step 5400/11249 | avg train loss 0.9763 top1 0.8842 top5 0.9907
    [01:23:23] step 5450/11249 | avg train loss 0.9764 top1 0.8841 top5 0.9908
    [01:24:04] step 5500/11249 | avg train loss 0.9762 top1 0.8842 top5 0.9908
    [01:24:46] step 5550/11249 | avg train loss 0.9765 top1 0.8843 top5 0.9906
    [01:25:27] step 5600/11249 | avg train loss 0.9773 top1 0.8840 top5 0.9906
    [01:26:09] step 5650/11249 | avg train loss 0.9770 top1 0.8840 top5 0.9906
    [01:26:50] step 5700/11249 | avg train loss 0.9771 top1 0.8838 top5 0.9907
    [01:27:32] step 5750/11249 | avg train loss 0.9779 top1 0.8833 top5 0.9907
    [01:28:13] step 5800/11249 | avg train loss 0.9777 top1 0.8836 top5 0.9906
    [01:28:55] step 5850/11249 | avg train loss 0.9769 top1 0.8840 top5 0.9907
    [01:29:36] step 5900/11249 | avg train loss 0.9770 top1 0.8839 top5 0.9907
    [01:30:18] step 5950/11249 | avg train loss 0.9772 top1 0.8838 top5 0.9907
    [01:30:59] step 6000/11249 | avg train loss 0.9772 top1 0.8837 top5 0.9907
    [01:31:41] step 6050/11249 | avg train loss 0.9774 top1 0.8838 top5 0.9907
    [01:32:22] step 6100/11249 | avg train loss 0.9770 top1 0.8840 top5 0.9907
    [01:33:08] step 6150/11249 | avg train loss 0.9769 top1 0.8841 top5 0.9907
    [01:33:50] step 6200/11249 | avg train loss 0.9774 top1 0.8839 top5 0.9906
    [01:34:31] step 6250/11249 | avg train loss 0.9772 top1 0.8840 top5 0.9906
    [01:35:13] step 6300/11249 | avg train loss 0.9770 top1 0.8842 top5 0.9906
    [01:35:54] step 6350/11249 | avg train loss 0.9773 top1 0.8841 top5 0.9905
    [01:36:36] step 6400/11249 | avg train loss 0.9776 top1 0.8839 top5 0.9905
    [01:37:17] step 6450/11249 | avg train loss 0.9776 top1 0.8838 top5 0.9905
    [01:37:59] step 6500/11249 | avg train loss 0.9775 top1 0.8837 top5 0.9905
    [01:38:40] step 6550/11249 | avg train loss 0.9773 top1 0.8838 top5 0.9905
    [01:39:22] step 6600/11249 | avg train loss 0.9770 top1 0.8840 top5 0.9905
    [01:40:03] step 6650/11249 | avg train loss 0.9774 top1 0.8838 top5 0.9905
    [01:40:45] step 6700/11249 | avg train loss 0.9772 top1 0.8840 top5 0.9905
    [01:41:26] step 6750/11249 | avg train loss 0.9772 top1 0.8839 top5 0.9905
    [01:42:08] step 6800/11249 | avg train loss 0.9776 top1 0.8840 top5 0.9904
    [01:42:50] step 6850/11249 | avg train loss 0.9778 top1 0.8840 top5 0.9904
    [01:43:31] step 6900/11249 | avg train loss 0.9778 top1 0.8841 top5 0.9904
    [01:44:13] step 6950/11249 | avg train loss 0.9779 top1 0.8841 top5 0.9904
    [01:44:54] step 7000/11249 | avg train loss 0.9777 top1 0.8842 top5 0.9904
    [01:45:36] step 7050/11249 | avg train loss 0.9774 top1 0.8845 top5 0.9904
    [01:46:17] step 7100/11249 | avg train loss 0.9775 top1 0.8844 top5 0.9904
    [01:46:59] step 7150/11249 | avg train loss 0.9779 top1 0.8843 top5 0.9903
    [01:47:40] step 7200/11249 | avg train loss 0.9784 top1 0.8841 top5 0.9903
    [01:48:22] step 7250/11249 | avg train loss 0.9782 top1 0.8843 top5 0.9903
    [01:49:04] step 7300/11249 | avg train loss 0.9787 top1 0.8839 top5 0.9903
    [01:49:45] step 7350/11249 | avg train loss 0.9787 top1 0.8841 top5 0.9903
    [01:50:27] step 7400/11249 | avg train loss 0.9790 top1 0.8842 top5 0.9903
    [01:51:08] step 7450/11249 | avg train loss 0.9788 top1 0.8841 top5 0.9902
    [01:51:50] step 7500/11249 | avg train loss 0.9795 top1 0.8837 top5 0.9902
    [01:52:31] step 7550/11249 | avg train loss 0.9796 top1 0.8837 top5 0.9902
    [01:53:13] step 7600/11249 | avg train loss 0.9795 top1 0.8838 top5 0.9902
    [01:53:54] step 7650/11249 | avg train loss 0.9799 top1 0.8836 top5 0.9902
    [01:54:36] step 7700/11249 | avg train loss 0.9801 top1 0.8836 top5 0.9902
    [01:55:17] step 7750/11249 | avg train loss 0.9797 top1 0.8838 top5 0.9903
    [01:55:59] step 7800/11249 | avg train loss 0.9795 top1 0.8837 top5 0.9903
    [01:56:41] step 7850/11249 | avg train loss 0.9793 top1 0.8837 top5 0.9904
    [01:57:22] step 7900/11249 | avg train loss 0.9792 top1 0.8838 top5 0.9904
    [01:58:04] step 7950/11249 | avg train loss 0.9794 top1 0.8837 top5 0.9904
    [01:58:45] step 8000/11249 | avg train loss 0.9803 top1 0.8833 top5 0.9903
    [01:59:27] step 8050/11249 | avg train loss 0.9805 top1 0.8832 top5 0.9903
    [02:00:08] step 8100/11249 | avg train loss 0.9810 top1 0.8830 top5 0.9903
    [02:00:50] step 8150/11249 | avg train loss 0.9815 top1 0.8828 top5 0.9902
    [02:01:31] step 8200/11249 | avg train loss 0.9816 top1 0.8827 top5 0.9903
    [02:02:13] step 8250/11249 | avg train loss 0.9817 top1 0.8826 top5 0.9903
    [02:02:55] step 8300/11249 | avg train loss 0.9815 top1 0.8827 top5 0.9903
    [02:03:36] step 8350/11249 | avg train loss 0.9814 top1 0.8829 top5 0.9903
    [02:04:18] step 8400/11249 | avg train loss 0.9819 top1 0.8827 top5 0.9902
    [02:05:03] step 8450/11249 | avg train loss 0.9830 top1 0.8822 top5 0.9902
    [02:05:45] step 8500/11249 | avg train loss 0.9836 top1 0.8820 top5 0.9901
    [02:06:26] step 8550/11249 | avg train loss 0.9838 top1 0.8820 top5 0.9901
    [02:07:08] step 8600/11249 | avg train loss 0.9834 top1 0.8822 top5 0.9901
    [02:07:49] step 8650/11249 | avg train loss 0.9829 top1 0.8825 top5 0.9901
    [02:08:31] step 8700/11249 | avg train loss 0.9828 top1 0.8826 top5 0.9901
    [02:09:12] step 8750/11249 | avg train loss 0.9830 top1 0.8825 top5 0.9901
    [02:09:54] step 8800/11249 | avg train loss 0.9830 top1 0.8824 top5 0.9901
    [02:10:36] step 8850/11249 | avg train loss 0.9829 top1 0.8824 top5 0.9901
    [02:11:17] step 8900/11249 | avg train loss 0.9826 top1 0.8826 top5 0.9901
    [02:11:59] step 8950/11249 | avg train loss 0.9825 top1 0.8824 top5 0.9901
    [02:12:40] step 9000/11249 | avg train loss 0.9830 top1 0.8823 top5 0.9900
    [02:13:22] step 9050/11249 | avg train loss 0.9827 top1 0.8824 top5 0.9900
    [02:14:03] step 9100/11249 | avg train loss 0.9822 top1 0.8826 top5 0.9901
    [02:14:45] step 9150/11249 | avg train loss 0.9818 top1 0.8827 top5 0.9901
    [02:15:26] step 9200/11249 | avg train loss 0.9818 top1 0.8827 top5 0.9901
    [02:16:08] step 9250/11249 | avg train loss 0.9822 top1 0.8825 top5 0.9901
    [02:16:49] step 9300/11249 | avg train loss 0.9825 top1 0.8823 top5 0.9901
    [02:17:31] step 9350/11249 | avg train loss 0.9823 top1 0.8826 top5 0.9901
    [02:18:12] step 9400/11249 | avg train loss 0.9829 top1 0.8824 top5 0.9900
    [02:18:54] step 9450/11249 | avg train loss 0.9832 top1 0.8822 top5 0.9899
    [02:19:35] step 9500/11249 | avg train loss 0.9835 top1 0.8820 top5 0.9899
    [02:20:17] step 9550/11249 | avg train loss 0.9837 top1 0.8817 top5 0.9899
    [02:20:59] step 9600/11249 | avg train loss 0.9838 top1 0.8817 top5 0.9899
    [02:21:40] step 9650/11249 | avg train loss 0.9840 top1 0.8816 top5 0.9898
    [02:22:22] step 9700/11249 | avg train loss 0.9838 top1 0.8818 top5 0.9898
    [02:23:03] step 9750/11249 | avg train loss 0.9843 top1 0.8816 top5 0.9897
    [02:23:45] step 9800/11249 | avg train loss 0.9844 top1 0.8816 top5 0.9896
    [02:24:26] step 9850/11249 | avg train loss 0.9844 top1 0.8815 top5 0.9897
    [02:25:08] step 9900/11249 | avg train loss 0.9846 top1 0.8816 top5 0.9896
    [02:25:49] step 9950/11249 | avg train loss 0.9848 top1 0.8815 top5 0.9896
    [02:26:31] step 10000/11249 | avg train loss 0.9847 top1 0.8816 top5 0.9896
    [02:27:12] step 10050/11249 | avg train loss 0.9844 top1 0.8817 top5 0.9896
    [02:27:54] step 10100/11249 | avg train loss 0.9851 top1 0.8814 top5 0.9895
    [02:28:35] step 10150/11249 | avg train loss 0.9847 top1 0.8817 top5 0.9895
    [02:29:17] step 10200/11249 | avg train loss 0.9849 top1 0.8817 top5 0.9895
    [02:29:58] step 10250/11249 | avg train loss 0.9849 top1 0.8818 top5 0.9895
    [02:30:40] step 10300/11249 | avg train loss 0.9852 top1 0.8817 top5 0.9895
    [02:31:21] step 10350/11249 | avg train loss 0.9855 top1 0.8816 top5 0.9894
    [02:32:03] step 10400/11249 | avg train loss 0.9861 top1 0.8813 top5 0.9893
    [02:32:44] step 10450/11249 | avg train loss 0.9862 top1 0.8812 top5 0.9893
    [02:33:26] step 10500/11249 | avg train loss 0.9860 top1 0.8813 top5 0.9893
    [02:34:07] step 10550/11249 | avg train loss 0.9861 top1 0.8812 top5 0.9893
    [02:34:49] step 10600/11249 | avg train loss 0.9858 top1 0.8814 top5 0.9893
    [02:35:30] step 10650/11249 | avg train loss 0.9859 top1 0.8813 top5 0.9893
    [02:36:16] step 10700/11249 | avg train loss 0.9860 top1 0.8812 top5 0.9893
    [02:36:58] step 10750/11249 | avg train loss 0.9860 top1 0.8812 top5 0.9893
    [02:37:39] step 10800/11249 | avg train loss 0.9858 top1 0.8813 top5 0.9892
    [02:38:21] step 10850/11249 | avg train loss 0.9858 top1 0.8814 top5 0.9892
    [02:39:02] step 10900/11249 | avg train loss 0.9856 top1 0.8815 top5 0.9892
    [02:39:44] step 10950/11249 | avg train loss 0.9855 top1 0.8815 top5 0.9892
    [02:40:25] step 11000/11249 | avg train loss 0.9857 top1 0.8815 top5 0.9890
    [02:41:07] step 11050/11249 | avg train loss 0.9860 top1 0.8815 top5 0.9890
    [02:41:48] step 11100/11249 | avg train loss 0.9859 top1 0.8816 top5 0.9890
    [02:42:30] step 11150/11249 | avg train loss 0.9863 top1 0.8815 top5 0.9890
    [02:43:12] step 11200/11249 | avg train loss 0.9863 top1 0.8815 top5 0.9890
    [02:43:52] step 11249/11249 | avg train loss 0.9860 top1 0.8817 top5 0.9890
Epoch 6/15 | train loss 0.9860 top1 0.8817 | val loss 1.1544 top1 0.6879 top5 0.9119 | ema val top1 0.7186 top5 0.9236
    [03:03:10] step 50/11249 | avg train loss 0.8933 top1 0.9050 top5 0.9950
    [03:03:52] step 100/11249 | avg train loss 0.9168 top1 0.9075 top5 0.9900
    [03:04:34] step 150/11249 | avg train loss 0.8885 top1 0.9200 top5 0.9917
    [03:05:15] step 200/11249 | avg train loss 0.8751 top1 0.9250 top5 0.9938
    [03:05:58] step 250/11249 | avg train loss 0.8833 top1 0.9180 top5 0.9940
    [03:06:43] step 300/11249 | avg train loss 0.8840 top1 0.9183 top5 0.9950
    [03:07:24] step 350/11249 | avg train loss 0.8911 top1 0.9171 top5 0.9950
    [03:08:06] step 400/11249 | avg train loss 0.8954 top1 0.9137 top5 0.9956
    [03:08:47] step 450/11249 | avg train loss 0.8919 top1 0.9144 top5 0.9961
    [03:09:29] step 500/11249 | avg train loss 0.8972 top1 0.9145 top5 0.9950
    [03:10:10] step 550/11249 | avg train loss 0.9026 top1 0.9114 top5 0.9945
    [03:10:52] step 600/11249 | avg train loss 0.9029 top1 0.9125 top5 0.9946
    [03:11:33] step 650/11249 | avg train loss 0.9010 top1 0.9135 top5 0.9942
    [03:12:15] step 700/11249 | avg train loss 0.9088 top1 0.9089 top5 0.9936
    [03:12:57] step 750/11249 | avg train loss 0.9081 top1 0.9097 top5 0.9940
    [03:13:38] step 800/11249 | avg train loss 0.9069 top1 0.9097 top5 0.9941
    [03:14:20] step 850/11249 | avg train loss 0.9008 top1 0.9121 top5 0.9944
    [03:15:01] step 900/11249 | avg train loss 0.9014 top1 0.9125 top5 0.9947
    [03:15:43] step 950/11249 | avg train loss 0.8992 top1 0.9142 top5 0.9950
    [03:16:24] step 1000/11249 | avg train loss 0.8988 top1 0.9147 top5 0.9950
    [03:17:06] step 1050/11249 | avg train loss 0.8947 top1 0.9167 top5 0.9950
    [03:17:47] step 1100/11249 | avg train loss 0.8960 top1 0.9168 top5 0.9945
    [03:18:29] step 1150/11249 | avg train loss 0.8956 top1 0.9178 top5 0.9948
    [03:19:10] step 1200/11249 | avg train loss 0.8933 top1 0.9179 top5 0.9948
    [03:19:52] step 1250/11249 | avg train loss 0.8952 top1 0.9170 top5 0.9948
    [03:20:33] step 1300/11249 | avg train loss 0.8967 top1 0.9165 top5 0.9944
    [03:21:15] step 1350/11249 | avg train loss 0.8948 top1 0.9181 top5 0.9946
    [03:21:56] step 1400/11249 | avg train loss 0.8932 top1 0.9187 top5 0.9948
    [03:22:38] step 1450/11249 | avg train loss 0.8935 top1 0.9186 top5 0.9950
    [03:23:19] step 1500/11249 | avg train loss 0.8946 top1 0.9175 top5 0.9950
    [03:24:01] step 1550/11249 | avg train loss 0.8963 top1 0.9169 top5 0.9948
    [03:24:42] step 1600/11249 | avg train loss 0.8987 top1 0.9156 top5 0.9945
    [03:25:24] step 1650/11249 | avg train loss 0.8984 top1 0.9153 top5 0.9942
    [03:26:05] step 1700/11249 | avg train loss 0.8980 top1 0.9154 top5 0.9944
    [03:26:47] step 1750/11249 | avg train loss 0.8979 top1 0.9154 top5 0.9944
    [03:27:28] step 1800/11249 | avg train loss 0.8971 top1 0.9157 top5 0.9944
    [03:28:10] step 1850/11249 | avg train loss 0.8986 top1 0.9150 top5 0.9943
    [03:28:52] step 1900/11249 | avg train loss 0.8972 top1 0.9155 top5 0.9945
    [03:29:33] step 1950/11249 | avg train loss 0.8965 top1 0.9160 top5 0.9945
    [03:30:15] step 2000/11249 | avg train loss 0.8962 top1 0.9163 top5 0.9945
    [03:30:56] step 2050/11249 | avg train loss 0.8979 top1 0.9155 top5 0.9946
    [03:31:38] step 2100/11249 | avg train loss 0.8995 top1 0.9146 top5 0.9948
    [03:32:19] step 2150/11249 | avg train loss 0.8995 top1 0.9145 top5 0.9949
    [03:33:01] step 2200/11249 | avg train loss 0.8993 top1 0.9150 top5 0.9949
    [03:33:42] step 2250/11249 | avg train loss 0.9005 top1 0.9144 top5 0.9950
    [03:34:24] step 2300/11249 | avg train loss 0.8997 top1 0.9145 top5 0.9951
    [03:35:05] step 2350/11249 | avg train loss 0.9001 top1 0.9138 top5 0.9952
    [03:35:47] step 2400/11249 | avg train loss 0.8995 top1 0.9142 top5 0.9951
    [03:36:28] step 2450/11249 | avg train loss 0.8992 top1 0.9141 top5 0.9951
    [03:37:10] step 2500/11249 | avg train loss 0.8999 top1 0.9140 top5 0.9951
    [03:37:56] step 2550/11249 | avg train loss 0.8995 top1 0.9141 top5 0.9949
    [03:38:37] step 2600/11249 | avg train loss 0.8999 top1 0.9138 top5 0.9950
    [03:39:19] step 2650/11249 | avg train loss 0.8989 top1 0.9140 top5 0.9951
    [03:40:00] step 2700/11249 | avg train loss 0.8993 top1 0.9140 top5 0.9950
    [03:40:42] step 2750/11249 | avg train loss 0.9013 top1 0.9135 top5 0.9948
    [03:41:23] step 2800/11249 | avg train loss 0.9019 top1 0.9135 top5 0.9949
    [03:42:05] step 2850/11249 | avg train loss 0.9013 top1 0.9136 top5 0.9950
    [03:42:46] step 2900/11249 | avg train loss 0.9017 top1 0.9136 top5 0.9951
    [03:43:28] step 2950/11249 | avg train loss 0.9006 top1 0.9139 top5 0.9952
    [03:44:09] step 3000/11249 | avg train loss 0.9001 top1 0.9144 top5 0.9952
    [03:44:51] step 3050/11249 | avg train loss 0.8998 top1 0.9145 top5 0.9952
    [03:45:33] step 3100/11249 | avg train loss 0.8998 top1 0.9145 top5 0.9952
    [03:46:14] step 3150/11249 | avg train loss 0.9007 top1 0.9141 top5 0.9950
    [03:46:56] step 3200/11249 | avg train loss 0.9006 top1 0.9142 top5 0.9949
    [03:47:37] step 3250/11249 | avg train loss 0.9012 top1 0.9139 top5 0.9950
    [03:48:19] step 3300/11249 | avg train loss 0.9015 top1 0.9134 top5 0.9950
    [03:49:00] step 3350/11249 | avg train loss 0.9016 top1 0.9134 top5 0.9949
    [03:49:42] step 3400/11249 | avg train loss 0.9009 top1 0.9137 top5 0.9950
    [03:50:23] step 3450/11249 | avg train loss 0.9014 top1 0.9133 top5 0.9951
    [03:51:05] step 3500/11249 | avg train loss 0.9019 top1 0.9131 top5 0.9951
    [03:51:46] step 3550/11249 | avg train loss 0.9017 top1 0.9133 top5 0.9951
    [03:52:28] step 3600/11249 | avg train loss 0.9020 top1 0.9135 top5 0.9950
    [03:53:09] step 3650/11249 | avg train loss 0.9027 top1 0.9130 top5 0.9951
    [03:53:51] step 3700/11249 | avg train loss 0.9020 top1 0.9134 top5 0.9951
    [03:54:33] step 3750/11249 | avg train loss 0.9018 top1 0.9133 top5 0.9951
    [03:55:14] step 3800/11249 | avg train loss 0.9028 top1 0.9130 top5 0.9949
    [03:55:56] step 3850/11249 | avg train loss 0.9037 top1 0.9125 top5 0.9949
    [03:56:37] step 3900/11249 | avg train loss 0.9036 top1 0.9127 top5 0.9949
    [03:57:19] step 3950/11249 | avg train loss 0.9036 top1 0.9126 top5 0.9949
    [03:58:00] step 4000/11249 | avg train loss 0.9033 top1 0.9126 top5 0.9949
    [03:58:42] step 4050/11249 | avg train loss 0.9035 top1 0.9124 top5 0.9948
    [03:59:23] step 4100/11249 | avg train loss 0.9034 top1 0.9126 top5 0.9949
    [04:00:05] step 4150/11249 | avg train loss 0.9035 top1 0.9124 top5 0.9949
    [04:00:46] step 4200/11249 | avg train loss 0.9038 top1 0.9124 top5 0.9949
    [04:01:28] step 4250/11249 | avg train loss 0.9046 top1 0.9121 top5 0.9947
    [04:02:09] step 4300/11249 | avg train loss 0.9053 top1 0.9119 top5 0.9947
    [04:02:51] step 4350/11249 | avg train loss 0.9058 top1 0.9114 top5 0.9947
    [04:03:33] step 4400/11249 | avg train loss 0.9070 top1 0.9107 top5 0.9945
    [04:04:14] step 4450/11249 | avg train loss 0.9072 top1 0.9107 top5 0.9945
    [04:04:56] step 4500/11249 | avg train loss 0.9082 top1 0.9103 top5 0.9943
    [04:05:37] step 4550/11249 | avg train loss 0.9078 top1 0.9103 top5 0.9943
    [04:06:19] step 4600/11249 | avg train loss 0.9085 top1 0.9101 top5 0.9942
    [04:07:00] step 4650/11249 | avg train loss 0.9093 top1 0.9097 top5 0.9942
    [04:07:42] step 4700/11249 | avg train loss 0.9084 top1 0.9102 top5 0.9943
    [04:08:23] step 4750/11249 | avg train loss 0.9077 top1 0.9104 top5 0.9943
    [04:09:06] step 4800/11249 | avg train loss 0.9074 top1 0.9104 top5 0.9943
    [04:09:51] step 4850/11249 | avg train loss 0.9074 top1 0.9103 top5 0.9943
    [04:10:32] step 4900/11249 | avg train loss 0.9080 top1 0.9103 top5 0.9942
    [04:11:14] step 4950/11249 | avg train loss 0.9076 top1 0.9105 top5 0.9942
    [04:11:55] step 5000/11249 | avg train loss 0.9077 top1 0.9104 top5 0.9941
    [04:12:37] step 5050/11249 | avg train loss 0.9085 top1 0.9101 top5 0.9941
    [04:13:18] step 5100/11249 | avg train loss 0.9089 top1 0.9100 top5 0.9941
    [04:14:00] step 5150/11249 | avg train loss 0.9091 top1 0.9099 top5 0.9941
    [04:14:41] step 5200/11249 | avg train loss 0.9093 top1 0.9097 top5 0.9942
    [04:15:23] step 5250/11249 | avg train loss 0.9101 top1 0.9094 top5 0.9941
    [04:16:04] step 5300/11249 | avg train loss 0.9110 top1 0.9092 top5 0.9941
    [04:16:46] step 5350/11249 | avg train loss 0.9110 top1 0.9091 top5 0.9941
    [04:17:27] step 5400/11249 | avg train loss 0.9113 top1 0.9087 top5 0.9942
    [04:18:09] step 5450/11249 | avg train loss 0.9111 top1 0.9088 top5 0.9942
    [04:18:50] step 5500/11249 | avg train loss 0.9109 top1 0.9090 top5 0.9942
    [04:19:32] step 5550/11249 | avg train loss 0.9110 top1 0.9090 top5 0.9941
    [04:20:13] step 5600/11249 | avg train loss 0.9111 top1 0.9091 top5 0.9941
    [04:20:55] step 5650/11249 | avg train loss 0.9113 top1 0.9089 top5 0.9942
    [04:21:36] step 5700/11249 | avg train loss 0.9117 top1 0.9088 top5 0.9942
    [04:22:18] step 5750/11249 | avg train loss 0.9112 top1 0.9090 top5 0.9942
    [04:22:59] step 5800/11249 | avg train loss 0.9113 top1 0.9088 top5 0.9942
    [04:23:41] step 5850/11249 | avg train loss 0.9113 top1 0.9088 top5 0.9942
    [04:24:23] step 5900/11249 | avg train loss 0.9124 top1 0.9084 top5 0.9941
    [04:25:04] step 5950/11249 | avg train loss 0.9120 top1 0.9086 top5 0.9942
    [04:25:46] step 6000/11249 | avg train loss 0.9118 top1 0.9087 top5 0.9942
    [04:26:27] step 6050/11249 | avg train loss 0.9121 top1 0.9086 top5 0.9942
    [04:27:09] step 6100/11249 | avg train loss 0.9118 top1 0.9086 top5 0.9942
    [04:27:50] step 6150/11249 | avg train loss 0.9124 top1 0.9085 top5 0.9942
    [04:28:32] step 6200/11249 | avg train loss 0.9124 top1 0.9086 top5 0.9941
    [04:29:13] step 6250/11249 | avg train loss 0.9125 top1 0.9087 top5 0.9941
    [04:29:55] step 6300/11249 | avg train loss 0.9120 top1 0.9090 top5 0.9941
    [04:30:36] step 6350/11249 | avg train loss 0.9122 top1 0.9089 top5 0.9941
    [04:31:18] step 6400/11249 | avg train loss 0.9126 top1 0.9088 top5 0.9941
    [04:31:59] step 6450/11249 | avg train loss 0.9132 top1 0.9087 top5 0.9941
    [04:32:41] step 6500/11249 | avg train loss 0.9131 top1 0.9086 top5 0.9942
    [04:33:22] step 6550/11249 | avg train loss 0.9128 top1 0.9087 top5 0.9942
    [04:34:04] step 6600/11249 | avg train loss 0.9129 top1 0.9085 top5 0.9941
    [04:34:45] step 6650/11249 | avg train loss 0.9136 top1 0.9083 top5 0.9939
    [04:35:27] step 6700/11249 | avg train loss 0.9134 top1 0.9085 top5 0.9940
    [04:36:08] step 6750/11249 | avg train loss 0.9137 top1 0.9086 top5 0.9939
    [04:36:50] step 6800/11249 | avg train loss 0.9137 top1 0.9087 top5 0.9939
    [04:37:31] step 6850/11249 | avg train loss 0.9137 top1 0.9087 top5 0.9939
    [04:38:13] step 6900/11249 | avg train loss 0.9137 top1 0.9087 top5 0.9939
    [04:38:55] step 6950/11249 | avg train loss 0.9136 top1 0.9089 top5 0.9939
    [04:39:36] step 7000/11249 | avg train loss 0.9137 top1 0.9089 top5 0.9938
    [04:40:18] step 7050/11249 | avg train loss 0.9135 top1 0.9088 top5 0.9938
    [04:41:03] step 7100/11249 | avg train loss 0.9137 top1 0.9088 top5 0.9938
    [04:41:45] step 7150/11249 | avg train loss 0.9142 top1 0.9085 top5 0.9938
    [04:42:26] step 7200/11249 | avg train loss 0.9146 top1 0.9082 top5 0.9938
    [04:43:08] step 7250/11249 | avg train loss 0.9148 top1 0.9082 top5 0.9937
    [04:43:49] step 7300/11249 | avg train loss 0.9146 top1 0.9082 top5 0.9937
    [04:44:31] step 7350/11249 | avg train loss 0.9143 top1 0.9083 top5 0.9936
    [04:45:12] step 7400/11249 | avg train loss 0.9142 top1 0.9084 top5 0.9936
    [04:45:54] step 7450/11249 | avg train loss 0.9145 top1 0.9082 top5 0.9937
    [04:46:36] step 7500/11249 | avg train loss 0.9147 top1 0.9082 top5 0.9937
    [04:47:17] step 7550/11249 | avg train loss 0.9146 top1 0.9081 top5 0.9936
    [04:47:59] step 7600/11249 | avg train loss 0.9145 top1 0.9082 top5 0.9937
    [04:48:40] step 7650/11249 | avg train loss 0.9146 top1 0.9081 top5 0.9937
    [04:49:22] step 7700/11249 | avg train loss 0.9151 top1 0.9079 top5 0.9937
    [04:50:03] step 7750/11249 | avg train loss 0.9150 top1 0.9080 top5 0.9936
    [04:50:45] step 7800/11249 | avg train loss 0.9150 top1 0.9080 top5 0.9937
    [04:51:26] step 7850/11249 | avg train loss 0.9147 top1 0.9081 top5 0.9937
    [04:52:08] step 7900/11249 | avg train loss 0.9145 top1 0.9082 top5 0.9937
    [04:52:49] step 7950/11249 | avg train loss 0.9148 top1 0.9080 top5 0.9936
    [04:53:31] step 8000/11249 | avg train loss 0.9145 top1 0.9080 top5 0.9936
    [04:54:12] step 8050/11249 | avg train loss 0.9151 top1 0.9078 top5 0.9936
    [04:54:54] step 8100/11249 | avg train loss 0.9152 top1 0.9077 top5 0.9936
    [04:55:35] step 8150/11249 | avg train loss 0.9157 top1 0.9075 top5 0.9936
    [04:56:17] step 8200/11249 | avg train loss 0.9155 top1 0.9075 top5 0.9936
    [04:56:59] step 8250/11249 | avg train loss 0.9153 top1 0.9075 top5 0.9936
    [04:57:40] step 8300/11249 | avg train loss 0.9160 top1 0.9072 top5 0.9937
    [04:58:22] step 8350/11249 | avg train loss 0.9161 top1 0.9071 top5 0.9937
    [04:59:03] step 8400/11249 | avg train loss 0.9163 top1 0.9070 top5 0.9936
    [04:59:45] step 8450/11249 | avg train loss 0.9159 top1 0.9070 top5 0.9936
    [05:00:26] step 8500/11249 | avg train loss 0.9162 top1 0.9070 top5 0.9936
    [05:01:08] step 8550/11249 | avg train loss 0.9165 top1 0.9070 top5 0.9936
    [05:01:50] step 8600/11249 | avg train loss 0.9165 top1 0.9070 top5 0.9935
    [05:02:31] step 8650/11249 | avg train loss 0.9165 top1 0.9070 top5 0.9936
    [05:03:13] step 8700/11249 | avg train loss 0.9163 top1 0.9071 top5 0.9936
    [05:03:54] step 8750/11249 | avg train loss 0.9160 top1 0.9073 top5 0.9936
    [05:04:36] step 8800/11249 | avg train loss 0.9161 top1 0.9072 top5 0.9936
    [05:05:17] step 8850/11249 | avg train loss 0.9165 top1 0.9071 top5 0.9935
    [05:05:59] step 8900/11249 | avg train loss 0.9168 top1 0.9071 top5 0.9936
    [05:06:41] step 8950/11249 | avg train loss 0.9170 top1 0.9070 top5 0.9936
    [05:07:22] step 9000/11249 | avg train loss 0.9170 top1 0.9069 top5 0.9936
    [05:08:04] step 9050/11249 | avg train loss 0.9170 top1 0.9070 top5 0.9936
    [05:08:45] step 9100/11249 | avg train loss 0.9166 top1 0.9072 top5 0.9936
    [05:09:27] step 9150/11249 | avg train loss 0.9167 top1 0.9072 top5 0.9936
    [05:10:08] step 9200/11249 | avg train loss 0.9169 top1 0.9071 top5 0.9935
    [05:10:50] step 9250/11249 | avg train loss 0.9168 top1 0.9072 top5 0.9935
    [05:11:31] step 9300/11249 | avg train loss 0.9168 top1 0.9073 top5 0.9935
    [05:12:14] step 9350/11249 | avg train loss 0.9170 top1 0.9072 top5 0.9936
    [05:12:59] step 9400/11249 | avg train loss 0.9171 top1 0.9072 top5 0.9936
    [05:13:40] step 9450/11249 | avg train loss 0.9169 top1 0.9072 top5 0.9936
    [05:14:22] step 9500/11249 | avg train loss 0.9175 top1 0.9071 top5 0.9935
    [05:15:03] step 9550/11249 | avg train loss 0.9179 top1 0.9069 top5 0.9934
    [05:15:45] step 9600/11249 | avg train loss 0.9178 top1 0.9070 top5 0.9934
    [05:16:26] step 9650/11249 | avg train loss 0.9179 top1 0.9069 top5 0.9934
    [05:17:08] step 9700/11249 | avg train loss 0.9181 top1 0.9069 top5 0.9934
    [05:17:50] step 9750/11249 | avg train loss 0.9182 top1 0.9067 top5 0.9934
    [05:18:31] step 9800/11249 | avg train loss 0.9189 top1 0.9065 top5 0.9933
    [05:19:13] step 9850/11249 | avg train loss 0.9191 top1 0.9063 top5 0.9934
    [05:19:54] step 9900/11249 | avg train loss 0.9196 top1 0.9062 top5 0.9933
    [05:20:36] step 9950/11249 | avg train loss 0.9198 top1 0.9061 top5 0.9933
    [05:21:17] step 10000/11249 | avg train loss 0.9202 top1 0.9060 top5 0.9932
    [05:21:59] step 10050/11249 | avg train loss 0.9205 top1 0.9059 top5 0.9932
    [05:22:40] step 10100/11249 | avg train loss 0.9209 top1 0.9058 top5 0.9932
    [05:23:22] step 10150/11249 | avg train loss 0.9212 top1 0.9057 top5 0.9932
    [05:24:04] step 10200/11249 | avg train loss 0.9212 top1 0.9057 top5 0.9932
    [05:24:45] step 10250/11249 | avg train loss 0.9214 top1 0.9056 top5 0.9931
    [05:25:27] step 10300/11249 | avg train loss 0.9214 top1 0.9056 top5 0.9931
    [05:26:08] step 10350/11249 | avg train loss 0.9213 top1 0.9056 top5 0.9931
    [05:26:50] step 10400/11249 | avg train loss 0.9211 top1 0.9057 top5 0.9931
    [05:27:31] step 10450/11249 | avg train loss 0.9213 top1 0.9055 top5 0.9931
    [05:28:13] step 10500/11249 | avg train loss 0.9216 top1 0.9054 top5 0.9931
    [05:28:54] step 10550/11249 | avg train loss 0.9219 top1 0.9053 top5 0.9931
    [05:29:36] step 10600/11249 | avg train loss 0.9222 top1 0.9052 top5 0.9930
    [05:30:17] step 10650/11249 | avg train loss 0.9225 top1 0.9051 top5 0.9930
    [05:30:59] step 10700/11249 | avg train loss 0.9224 top1 0.9051 top5 0.9931
    [05:31:40] step 10750/11249 | avg train loss 0.9225 top1 0.9051 top5 0.9930
    [05:32:22] step 10800/11249 | avg train loss 0.9227 top1 0.9050 top5 0.9930
    [05:33:03] step 10850/11249 | avg train loss 0.9229 top1 0.9049 top5 0.9931
    [05:33:45] step 10900/11249 | avg train loss 0.9233 top1 0.9048 top5 0.9931
    [05:34:26] step 10950/11249 | avg train loss 0.9238 top1 0.9045 top5 0.9931
    [05:35:08] step 11000/11249 | avg train loss 0.9240 top1 0.9044 top5 0.9930
    [05:35:50] step 11050/11249 | avg train loss 0.9242 top1 0.9044 top5 0.9931
    [05:36:31] step 11100/11249 | avg train loss 0.9245 top1 0.9042 top5 0.9931
    [05:37:13] step 11150/11249 | avg train loss 0.9249 top1 0.9042 top5 0.9930
    [05:37:54] step 11200/11249 | avg train loss 0.9249 top1 0.9043 top5 0.9930
    [05:38:34] step 11249/11249 | avg train loss 0.9254 top1 0.9040 top5 0.9930
Epoch 7/15 | train loss 0.9254 top1 0.9040 | val loss 1.2348 top1 0.6777 top5 0.8961 | ema val top1 0.7116 top5 0.9179
    [05:57:57] step 50/11249 | avg train loss 0.8412 top1 0.9550 top5 0.9950
    [05:58:38] step 100/11249 | avg train loss 0.8184 top1 0.9600 top5 0.9975
    [05:59:20] step 150/11249 | avg train loss 0.8340 top1 0.9467 top5 0.9967
    [06:00:01] step 200/11249 | avg train loss 0.8293 top1 0.9475 top5 0.9962
    [06:00:43] step 250/11249 | avg train loss 0.8399 top1 0.9440 top5 0.9960
    [06:01:24] step 300/11249 | avg train loss 0.8412 top1 0.9433 top5 0.9958
    [06:02:06] step 350/11249 | avg train loss 0.8397 top1 0.9429 top5 0.9964
    [06:02:47] step 400/11249 | avg train loss 0.8362 top1 0.9444 top5 0.9969
    [06:03:29] step 450/11249 | avg train loss 0.8344 top1 0.9467 top5 0.9972
    [06:04:10] step 500/11249 | avg train loss 0.8307 top1 0.9470 top5 0.9975
    [06:04:52] step 550/11249 | avg train loss 0.8266 top1 0.9500 top5 0.9977
    [06:05:33] step 600/11249 | avg train loss 0.8266 top1 0.9492 top5 0.9979
    [06:06:15] step 650/11249 | avg train loss 0.8280 top1 0.9473 top5 0.9981
    [06:06:56] step 700/11249 | avg train loss 0.8330 top1 0.9446 top5 0.9975
    [06:07:38] step 750/11249 | avg train loss 0.8333 top1 0.9440 top5 0.9977
    [06:08:20] step 800/11249 | avg train loss 0.8341 top1 0.9437 top5 0.9975
    [06:09:01] step 850/11249 | avg train loss 0.8335 top1 0.9441 top5 0.9974
    [06:09:43] step 900/11249 | avg train loss 0.8322 top1 0.9456 top5 0.9975
    [06:10:24] step 950/11249 | avg train loss 0.8289 top1 0.9466 top5 0.9976
    [06:11:06] step 1000/11249 | avg train loss 0.8323 top1 0.9453 top5 0.9975
    [06:11:47] step 1050/11249 | avg train loss 0.8318 top1 0.9460 top5 0.9976
    [06:12:29] step 1100/11249 | avg train loss 0.8305 top1 0.9461 top5 0.9975
    [06:13:10] step 1150/11249 | avg train loss 0.8316 top1 0.9457 top5 0.9976
    [06:13:52] step 1200/11249 | avg train loss 0.8337 top1 0.9446 top5 0.9977
    [06:14:38] step 1250/11249 | avg train loss 0.8340 top1 0.9440 top5 0.9976
    [06:15:20] step 1300/11249 | avg train loss 0.8343 top1 0.9440 top5 0.9977
    [06:16:01] step 1350/11249 | avg train loss 0.8360 top1 0.9424 top5 0.9978
    [06:16:43] step 1400/11249 | avg train loss 0.8355 top1 0.9429 top5 0.9979
    [06:17:25] step 1450/11249 | avg train loss 0.8351 top1 0.9428 top5 0.9976
    [06:18:06] step 1500/11249 | avg train loss 0.8353 top1 0.9430 top5 0.9977
    [06:18:48] step 1550/11249 | avg train loss 0.8360 top1 0.9431 top5 0.9976
    [06:19:29] step 1600/11249 | avg train loss 0.8356 top1 0.9428 top5 0.9977
    [06:20:11] step 1650/11249 | avg train loss 0.8370 top1 0.9420 top5 0.9976
    [06:20:52] step 1700/11249 | avg train loss 0.8362 top1 0.9422 top5 0.9975
    [06:21:34] step 1750/11249 | avg train loss 0.8378 top1 0.9414 top5 0.9974
    [06:22:15] step 1800/11249 | avg train loss 0.8372 top1 0.9419 top5 0.9975
    [06:22:57] step 1850/11249 | avg train loss 0.8391 top1 0.9408 top5 0.9974
    [06:23:39] step 1900/11249 | avg train loss 0.8396 top1 0.9408 top5 0.9972
    [06:24:20] step 1950/11249 | avg train loss 0.8418 top1 0.9394 top5 0.9971
    [06:25:02] step 2000/11249 | avg train loss 0.8410 top1 0.9400 top5 0.9971
    [06:25:43] step 2050/11249 | avg train loss 0.8410 top1 0.9402 top5 0.9971
    [06:26:25] step 2100/11249 | avg train loss 0.8425 top1 0.9396 top5 0.9971
    [06:27:06] step 2150/11249 | avg train loss 0.8432 top1 0.9392 top5 0.9972
    [06:27:48] step 2200/11249 | avg train loss 0.8435 top1 0.9390 top5 0.9973
    [06:28:30] step 2250/11249 | avg train loss 0.8428 top1 0.9393 top5 0.9973
    [06:29:11] step 2300/11249 | avg train loss 0.8422 top1 0.9396 top5 0.9973
    [06:29:53] step 2350/11249 | avg train loss 0.8417 top1 0.9397 top5 0.9973
    [06:30:34] step 2400/11249 | avg train loss 0.8425 top1 0.9392 top5 0.9973
    [06:31:16] step 2450/11249 | avg train loss 0.8424 top1 0.9391 top5 0.9972
    [06:31:57] step 2500/11249 | avg train loss 0.8434 top1 0.9382 top5 0.9973
    [06:32:39] step 2550/11249 | avg train loss 0.8438 top1 0.9378 top5 0.9973
    [06:33:20] step 2600/11249 | avg train loss 0.8444 top1 0.9377 top5 0.9972
    [06:34:02] step 2650/11249 | avg train loss 0.8443 top1 0.9374 top5 0.9972
    [06:34:43] step 2700/11249 | avg train loss 0.8444 top1 0.9373 top5 0.9971
    [06:35:25] step 2750/11249 | avg train loss 0.8445 top1 0.9371 top5 0.9971
    [06:36:06] step 2800/11249 | avg train loss 0.8457 top1 0.9366 top5 0.9971
    [06:36:48] step 2850/11249 | avg train loss 0.8455 top1 0.9369 top5 0.9970
    [06:37:29] step 2900/11249 | avg train loss 0.8456 top1 0.9370 top5 0.9971
    [06:38:11] step 2950/11249 | avg train loss 0.8463 top1 0.9369 top5 0.9970
    [06:38:52] step 3000/11249 | avg train loss 0.8465 top1 0.9370 top5 0.9971
    [06:39:34] step 3050/11249 | avg train loss 0.8469 top1 0.9369 top5 0.9971
    [06:40:16] step 3100/11249 | avg train loss 0.8484 top1 0.9363 top5 0.9970
    [06:40:57] step 3150/11249 | avg train loss 0.8484 top1 0.9364 top5 0.9970
    [06:41:39] step 3200/11249 | avg train loss 0.8482 top1 0.9362 top5 0.9970
    [06:42:20] step 3250/11249 | avg train loss 0.8481 top1 0.9364 top5 0.9970
    [06:43:02] step 3300/11249 | avg train loss 0.8491 top1 0.9360 top5 0.9970
    [06:43:43] step 3350/11249 | avg train loss 0.8508 top1 0.9351 top5 0.9969
    [06:44:25] step 3400/11249 | avg train loss 0.8504 top1 0.9353 top5 0.9969
    [06:45:06] step 3450/11249 | avg train loss 0.8501 top1 0.9354 top5 0.9970
    [06:45:52] step 3500/11249 | avg train loss 0.8507 top1 0.9351 top5 0.9969
    [06:46:33] step 3550/11249 | avg train loss 0.8506 top1 0.9351 top5 0.9969
    [06:47:15] step 3600/11249 | avg train loss 0.8508 top1 0.9352 top5 0.9967
    [06:47:56] step 3650/11249 | avg train loss 0.8501 top1 0.9356 top5 0.9968
    [06:48:38] step 3700/11249 | avg train loss 0.8500 top1 0.9355 top5 0.9968
    [06:49:20] step 3750/11249 | avg train loss 0.8501 top1 0.9353 top5 0.9968
    [06:50:01] step 3800/11249 | avg train loss 0.8503 top1 0.9352 top5 0.9968
    [06:50:43] step 3850/11249 | avg train loss 0.8498 top1 0.9353 top5 0.9968
    [06:51:24] step 3900/11249 | avg train loss 0.8494 top1 0.9355 top5 0.9969
    [06:52:06] step 3950/11249 | avg train loss 0.8503 top1 0.9353 top5 0.9969
    [06:52:47] step 4000/11249 | avg train loss 0.8504 top1 0.9352 top5 0.9969
    [06:53:29] step 4050/11249 | avg train loss 0.8504 top1 0.9350 top5 0.9970
    [06:54:10] step 4100/11249 | avg train loss 0.8502 top1 0.9352 top5 0.9970
    [06:54:52] step 4150/11249 | avg train loss 0.8511 top1 0.9351 top5 0.9968
    [06:55:33] step 4200/11249 | avg train loss 0.8516 top1 0.9348 top5 0.9968
    [06:56:15] step 4250/11249 | avg train loss 0.8516 top1 0.9348 top5 0.9967
    [06:56:57] step 4300/11249 | avg train loss 0.8515 top1 0.9349 top5 0.9967
    [06:57:38] step 4350/11249 | avg train loss 0.8517 top1 0.9347 top5 0.9967
    [06:58:20] step 4400/11249 | avg train loss 0.8511 top1 0.9349 top5 0.9967
    [06:59:01] step 4450/11249 | avg train loss 0.8518 top1 0.9345 top5 0.9966
    [06:59:43] step 4500/11249 | avg train loss 0.8515 top1 0.9344 top5 0.9967
    [07:00:24] step 4550/11249 | avg train loss 0.8514 top1 0.9345 top5 0.9966
    [07:01:06] step 4600/11249 | avg train loss 0.8518 top1 0.9341 top5 0.9967
    [07:01:47] step 4650/11249 | avg train loss 0.8518 top1 0.9341 top5 0.9967
    [07:02:29] step 4700/11249 | avg train loss 0.8522 top1 0.9340 top5 0.9968
    [07:03:10] step 4750/11249 | avg train loss 0.8526 top1 0.9337 top5 0.9967
    [07:03:52] step 4800/11249 | avg train loss 0.8531 top1 0.9334 top5 0.9967
    [07:04:33] step 4850/11249 | avg train loss 0.8530 top1 0.9334 top5 0.9966
    [07:05:15] step 4900/11249 | avg train loss 0.8526 top1 0.9337 top5 0.9966
    [07:05:56] step 4950/11249 | avg train loss 0.8535 top1 0.9332 top5 0.9966
    [07:06:38] step 5000/11249 | avg train loss 0.8532 top1 0.9335 top5 0.9966
    [07:07:20] step 5050/11249 | avg train loss 0.8537 top1 0.9331 top5 0.9966
    [07:08:01] step 5100/11249 | avg train loss 0.8540 top1 0.9329 top5 0.9966
    [07:08:43] step 5150/11249 | avg train loss 0.8540 top1 0.9328 top5 0.9967
    [07:09:24] step 5200/11249 | avg train loss 0.8539 top1 0.9326 top5 0.9967
    [07:10:06] step 5250/11249 | avg train loss 0.8546 top1 0.9322 top5 0.9966
    [07:10:47] step 5300/11249 | avg train loss 0.8550 top1 0.9318 top5 0.9967
    [07:11:29] step 5350/11249 | avg train loss 0.8546 top1 0.9320 top5 0.9967
    [07:12:10] step 5400/11249 | avg train loss 0.8557 top1 0.9316 top5 0.9966
    [07:12:52] step 5450/11249 | avg train loss 0.8556 top1 0.9316 top5 0.9966
    [07:13:33] step 5500/11249 | avg train loss 0.8556 top1 0.9318 top5 0.9966
    [07:14:15] step 5550/11249 | avg train loss 0.8554 top1 0.9320 top5 0.9966
    [07:14:56] step 5600/11249 | avg train loss 0.8551 top1 0.9321 top5 0.9966
    [07:15:38] step 5650/11249 | avg train loss 0.8556 top1 0.9321 top5 0.9966
    [07:16:19] step 5700/11249 | avg train loss 0.8555 top1 0.9319 top5 0.9967
    [07:17:00] step 5750/11249 | avg train loss 0.8553 top1 0.9319 top5 0.9967
    [07:17:47] step 5800/11249 | avg train loss 0.8545 top1 0.9323 top5 0.9967
    [07:18:28] step 5850/11249 | avg train loss 0.8544 top1 0.9324 top5 0.9967
    [07:19:10] step 5900/11249 | avg train loss 0.8542 top1 0.9324 top5 0.9967
    [07:19:51] step 5950/11249 | avg train loss 0.8542 top1 0.9324 top5 0.9967
    [07:20:33] step 6000/11249 | avg train loss 0.8546 top1 0.9324 top5 0.9967
    [07:21:15] step 6050/11249 | avg train loss 0.8549 top1 0.9322 top5 0.9967
    [07:21:56] step 6100/11249 | avg train loss 0.8553 top1 0.9319 top5 0.9968
    [07:22:38] step 6150/11249 | avg train loss 0.8555 top1 0.9318 top5 0.9967
    [07:23:19] step 6200/11249 | avg train loss 0.8554 top1 0.9318 top5 0.9968
    [07:24:01] step 6250/11249 | avg train loss 0.8550 top1 0.9320 top5 0.9968
    [07:24:42] step 6300/11249 | avg train loss 0.8547 top1 0.9319 top5 0.9968
    [07:25:24] step 6350/11249 | avg train loss 0.8553 top1 0.9316 top5 0.9968
    [07:26:05] step 6400/11249 | avg train loss 0.8556 top1 0.9315 top5 0.9967
    [07:26:47] step 6450/11249 | avg train loss 0.8562 top1 0.9312 top5 0.9967
    [07:27:28] step 6500/11249 | avg train loss 0.8563 top1 0.9312 top5 0.9967
    [07:28:10] step 6550/11249 | avg train loss 0.8565 top1 0.9310 top5 0.9967
    [07:28:51] step 6600/11249 | avg train loss 0.8565 top1 0.9309 top5 0.9967
    [07:29:33] step 6650/11249 | avg train loss 0.8568 top1 0.9308 top5 0.9967
    [07:30:14] step 6700/11249 | avg train loss 0.8567 top1 0.9307 top5 0.9967
    [07:30:56] step 6750/11249 | avg train loss 0.8574 top1 0.9304 top5 0.9967
    [07:31:38] step 6800/11249 | avg train loss 0.8575 top1 0.9304 top5 0.9966
    [07:32:19] step 6850/11249 | avg train loss 0.8580 top1 0.9302 top5 0.9966
    [07:33:01] step 6900/11249 | avg train loss 0.8583 top1 0.9302 top5 0.9966
    [07:33:42] step 6950/11249 | avg train loss 0.8591 top1 0.9298 top5 0.9965
    [07:34:24] step 7000/11249 | avg train loss 0.8590 top1 0.9299 top5 0.9965
    [07:35:05] step 7050/11249 | avg train loss 0.8593 top1 0.9299 top5 0.9965
    [07:35:47] step 7100/11249 | avg train loss 0.8599 top1 0.9297 top5 0.9964
    [07:36:28] step 7150/11249 | avg train loss 0.8603 top1 0.9296 top5 0.9964
    [07:37:10] step 7200/11249 | avg train loss 0.8605 top1 0.9296 top5 0.9963
    [07:37:52] step 7250/11249 | avg train loss 0.8609 top1 0.9295 top5 0.9963
    [07:38:33] step 7300/11249 | avg train loss 0.8607 top1 0.9295 top5 0.9963
    [07:39:15] step 7350/11249 | avg train loss 0.8604 top1 0.9295 top5 0.9963
    [07:39:56] step 7400/11249 | avg train loss 0.8606 top1 0.9293 top5 0.9964
    [07:40:38] step 7450/11249 | avg train loss 0.8606 top1 0.9292 top5 0.9964
    [07:41:19] step 7500/11249 | avg train loss 0.8613 top1 0.9290 top5 0.9963
    [07:42:01] step 7550/11249 | avg train loss 0.8618 top1 0.9288 top5 0.9963
    [07:42:42] step 7600/11249 | avg train loss 0.8619 top1 0.9288 top5 0.9963
    [07:43:24] step 7650/11249 | avg train loss 0.8620 top1 0.9286 top5 0.9963
    [07:44:05] step 7700/11249 | avg train loss 0.8624 top1 0.9284 top5 0.9963
    [07:44:47] step 7750/11249 | avg train loss 0.8626 top1 0.9284 top5 0.9963
    [07:45:28] step 7800/11249 | avg train loss 0.8623 top1 0.9285 top5 0.9963
    [07:46:10] step 7850/11249 | avg train loss 0.8625 top1 0.9284 top5 0.9963
    [07:46:51] step 7900/11249 | avg train loss 0.8623 top1 0.9284 top5 0.9963
    [07:47:33] step 7950/11249 | avg train loss 0.8625 top1 0.9284 top5 0.9963
    [07:48:14] step 8000/11249 | avg train loss 0.8627 top1 0.9283 top5 0.9962
    [07:49:00] step 8050/11249 | avg train loss 0.8627 top1 0.9283 top5 0.9963
    [07:49:42] step 8100/11249 | avg train loss 0.8625 top1 0.9284 top5 0.9963
    [07:50:23] step 8150/11249 | avg train loss 0.8622 top1 0.9285 top5 0.9963
    [07:51:05] step 8200/11249 | avg train loss 0.8627 top1 0.9283 top5 0.9963
    [07:51:46] step 8250/11249 | avg train loss 0.8631 top1 0.9282 top5 0.9963
    [07:52:28] step 8300/11249 | avg train loss 0.8629 top1 0.9282 top5 0.9963
    [07:53:10] step 8350/11249 | avg train loss 0.8630 top1 0.9281 top5 0.9963
    [07:53:51] step 8400/11249 | avg train loss 0.8629 top1 0.9281 top5 0.9963
    [07:54:33] step 8450/11249 | avg train loss 0.8627 top1 0.9281 top5 0.9964
    [07:55:14] step 8500/11249 | avg train loss 0.8632 top1 0.9279 top5 0.9964
    [07:55:56] step 8550/11249 | avg train loss 0.8628 top1 0.9280 top5 0.9964
    [07:56:37] step 8600/11249 | avg train loss 0.8630 top1 0.9279 top5 0.9964
    [07:57:19] step 8650/11249 | avg train loss 0.8628 top1 0.9279 top5 0.9964
    [07:58:00] step 8700/11249 | avg train loss 0.8627 top1 0.9280 top5 0.9964
    [07:58:42] step 8750/11249 | avg train loss 0.8625 top1 0.9282 top5 0.9963
    [07:59:23] step 8800/11249 | avg train loss 0.8627 top1 0.9282 top5 0.9964
    [08:00:05] step 8850/11249 | avg train loss 0.8630 top1 0.9281 top5 0.9963
    [08:00:46] step 8900/11249 | avg train loss 0.8630 top1 0.9281 top5 0.9963
    [08:01:28] step 8950/11249 | avg train loss 0.8627 top1 0.9282 top5 0.9963
    [08:02:09] step 9000/11249 | avg train loss 0.8629 top1 0.9282 top5 0.9964
    [08:02:51] step 9050/11249 | avg train loss 0.8629 top1 0.9281 top5 0.9964
    [08:03:32] step 9100/11249 | avg train loss 0.8630 top1 0.9280 top5 0.9963
    [08:04:14] step 9150/11249 | avg train loss 0.8630 top1 0.9280 top5 0.9963
    [08:04:55] step 9200/11249 | avg train loss 0.8634 top1 0.9278 top5 0.9962
    [08:05:37] step 9250/11249 | avg train loss 0.8630 top1 0.9280 top5 0.9963
    [08:06:18] step 9300/11249 | avg train loss 0.8636 top1 0.9278 top5 0.9963
    [08:07:00] step 9350/11249 | avg train loss 0.8647 top1 0.9274 top5 0.9961
    [08:07:41] step 9400/11249 | avg train loss 0.8647 top1 0.9273 top5 0.9961
    [08:08:23] step 9450/11249 | avg train loss 0.8650 top1 0.9271 top5 0.9961
    [08:09:04] step 9500/11249 | avg train loss 0.8648 top1 0.9272 top5 0.9962
    [08:09:46] step 9550/11249 | avg train loss 0.8650 top1 0.9271 top5 0.9961
    [08:10:27] step 9600/11249 | avg train loss 0.8653 top1 0.9271 top5 0.9961
    [08:11:09] step 9650/11249 | avg train loss 0.8655 top1 0.9270 top5 0.9961
    [08:11:51] step 9700/11249 | avg train loss 0.8653 top1 0.9270 top5 0.9961
    [08:12:32] step 9750/11249 | avg train loss 0.8656 top1 0.9269 top5 0.9961
    [08:13:14] step 9800/11249 | avg train loss 0.8659 top1 0.9268 top5 0.9961
    [08:13:55] step 9850/11249 | avg train loss 0.8658 top1 0.9268 top5 0.9961
    [08:14:37] step 9900/11249 | avg train loss 0.8660 top1 0.9267 top5 0.9961
    [08:15:18] step 9950/11249 | avg train loss 0.8661 top1 0.9266 top5 0.9961
    [08:16:00] step 10000/11249 | avg train loss 0.8660 top1 0.9266 top5 0.9961
    [08:16:41] step 10050/11249 | avg train loss 0.8661 top1 0.9266 top5 0.9961
    [08:17:23] step 10100/11249 | avg train loss 0.8659 top1 0.9267 top5 0.9961
    [08:18:04] step 10150/11249 | avg train loss 0.8661 top1 0.9266 top5 0.9961
    [08:18:46] step 10200/11249 | avg train loss 0.8660 top1 0.9266 top5 0.9961
    [08:19:27] step 10250/11249 | avg train loss 0.8661 top1 0.9265 top5 0.9961
    [08:20:08] step 10300/11249 | avg train loss 0.8661 top1 0.9265 top5 0.9961
    [08:20:55] step 10350/11249 | avg train loss 0.8660 top1 0.9265 top5 0.9961
    [08:21:36] step 10400/11249 | avg train loss 0.8661 top1 0.9264 top5 0.9961
    [08:22:18] step 10450/11249 | avg train loss 0.8659 top1 0.9265 top5 0.9961
    [08:22:59] step 10500/11249 | avg train loss 0.8661 top1 0.9264 top5 0.9961
    [08:23:41] step 10550/11249 | avg train loss 0.8662 top1 0.9263 top5 0.9961
    [08:24:22] step 10600/11249 | avg train loss 0.8666 top1 0.9262 top5 0.9961
    [08:25:04] step 10650/11249 | avg train loss 0.8664 top1 0.9263 top5 0.9961
    [08:25:45] step 10700/11249 | avg train loss 0.8663 top1 0.9263 top5 0.9961
    [08:26:27] step 10750/11249 | avg train loss 0.8662 top1 0.9264 top5 0.9961
    [08:27:08] step 10800/11249 | avg train loss 0.8666 top1 0.9262 top5 0.9961
    [08:27:50] step 10850/11249 | avg train loss 0.8671 top1 0.9260 top5 0.9961
    [08:28:31] step 10900/11249 | avg train loss 0.8670 top1 0.9260 top5 0.9961
    [08:29:13] step 10950/11249 | avg train loss 0.8672 top1 0.9258 top5 0.9960
    [08:29:54] step 11000/11249 | avg train loss 0.8675 top1 0.9257 top5 0.9960
    [08:30:36] step 11050/11249 | avg train loss 0.8677 top1 0.9257 top5 0.9960
    [08:31:18] step 11100/11249 | avg train loss 0.8681 top1 0.9256 top5 0.9960
    [08:31:59] step 11150/11249 | avg train loss 0.8685 top1 0.9254 top5 0.9960
    [08:32:41] step 11200/11249 | avg train loss 0.8690 top1 0.9252 top5 0.9960
    [08:33:21] step 11249/11249 | avg train loss 0.8691 top1 0.9251 top5 0.9960
Epoch 8/15 | train loss 0.8691 top1 0.9251 | val loss 1.2171 top1 0.6866 top5 0.9035 | ema val top1 0.7051 top5 0.9097
    [08:52:42] step 50/11249 | avg train loss 0.8066 top1 0.9450 top5 1.0000
    [08:53:23] step 100/11249 | avg train loss 0.8331 top1 0.9275 top5 1.0000
    [08:54:05] step 150/11249 | avg train loss 0.8400 top1 0.9333 top5 0.9983
    [08:54:47] step 200/11249 | avg train loss 0.8307 top1 0.9387 top5 0.9988
    [08:55:28] step 250/11249 | avg train loss 0.8310 top1 0.9420 top5 0.9990
    [08:56:10] step 300/11249 | avg train loss 0.8222 top1 0.9475 top5 0.9992
    [08:56:51] step 350/11249 | avg train loss 0.8157 top1 0.9500 top5 0.9993
    [08:57:33] step 400/11249 | avg train loss 0.8193 top1 0.9494 top5 0.9994
    [08:58:14] step 450/11249 | avg train loss 0.8193 top1 0.9478 top5 0.9994
    [08:58:56] step 500/11249 | avg train loss 0.8162 top1 0.9475 top5 0.9995
    [08:59:38] step 550/11249 | avg train loss 0.8102 top1 0.9500 top5 0.9995
    [09:00:19] step 600/11249 | avg train loss 0.8122 top1 0.9483 top5 0.9996
    [09:01:01] step 650/11249 | avg train loss 0.8126 top1 0.9473 top5 0.9996
    [09:01:42] step 700/11249 | avg train loss 0.8104 top1 0.9482 top5 0.9996
    [09:02:23] step 750/11249 | avg train loss 0.8093 top1 0.9477 top5 0.9997
    [09:03:05] step 800/11249 | avg train loss 0.8078 top1 0.9481 top5 0.9997
    [09:03:46] step 850/11249 | avg train loss 0.8074 top1 0.9485 top5 0.9997
    [09:04:28] step 900/11249 | avg train loss 0.8052 top1 0.9494 top5 0.9997
    [09:05:09] step 950/11249 | avg train loss 0.8032 top1 0.9497 top5 0.9997
    [09:05:51] step 1000/11249 | avg train loss 0.8031 top1 0.9505 top5 0.9998
    [09:06:33] step 1050/11249 | avg train loss 0.8020 top1 0.9500 top5 0.9998
    [09:07:14] step 1100/11249 | avg train loss 0.8002 top1 0.9511 top5 0.9998
    [09:07:56] step 1150/11249 | avg train loss 0.8009 top1 0.9509 top5 0.9998
    [09:08:37] step 1200/11249 | avg train loss 0.8004 top1 0.9506 top5 0.9998
    [09:09:19] step 1250/11249 | avg train loss 0.7998 top1 0.9506 top5 0.9998
    [09:10:00] step 1300/11249 | avg train loss 0.8005 top1 0.9504 top5 0.9998
    [09:10:42] step 1350/11249 | avg train loss 0.8008 top1 0.9504 top5 0.9998
    [09:11:23] step 1400/11249 | avg train loss 0.8016 top1 0.9505 top5 0.9998
    [09:12:05] step 1450/11249 | avg train loss 0.8038 top1 0.9497 top5 0.9997
    [09:12:46] step 1500/11249 | avg train loss 0.8033 top1 0.9502 top5 0.9997
    [09:13:28] step 1550/11249 | avg train loss 0.8012 top1 0.9513 top5 0.9997
    [09:14:09] step 1600/11249 | avg train loss 0.8004 top1 0.9519 top5 0.9997
    [09:14:51] step 1650/11249 | avg train loss 0.7993 top1 0.9524 top5 0.9997
    [09:15:32] step 1700/11249 | avg train loss 0.7990 top1 0.9521 top5 0.9997
    [09:16:14] step 1750/11249 | avg train loss 0.7989 top1 0.9524 top5 0.9997
    [09:16:55] step 1800/11249 | avg train loss 0.7992 top1 0.9524 top5 0.9997
    [09:17:37] step 1850/11249 | avg train loss 0.8007 top1 0.9524 top5 0.9997
    [09:18:18] step 1900/11249 | avg train loss 0.8005 top1 0.9526 top5 0.9997
    [09:19:00] step 1950/11249 | avg train loss 0.8007 top1 0.9531 top5 0.9996
    [09:19:41] step 2000/11249 | avg train loss 0.8007 top1 0.9531 top5 0.9996
    [09:20:23] step 2050/11249 | avg train loss 0.8009 top1 0.9529 top5 0.9995
    [09:21:04] step 2100/11249 | avg train loss 0.8015 top1 0.9527 top5 0.9995
    [09:21:46] step 2150/11249 | avg train loss 0.8019 top1 0.9526 top5 0.9995
    [09:22:31] step 2200/11249 | avg train loss 0.8028 top1 0.9523 top5 0.9995
    [09:23:13] step 2250/11249 | avg train loss 0.8031 top1 0.9520 top5 0.9996
    [09:23:54] step 2300/11249 | avg train loss 0.8028 top1 0.9520 top5 0.9996
    [09:24:36] step 2350/11249 | avg train loss 0.8031 top1 0.9520 top5 0.9995
    [09:25:17] step 2400/11249 | avg train loss 0.8034 top1 0.9523 top5 0.9992
    [09:25:59] step 2450/11249 | avg train loss 0.8024 top1 0.9528 top5 0.9992
    [09:26:41] step 2500/11249 | avg train loss 0.8023 top1 0.9525 top5 0.9992
    [09:27:22] step 2550/11249 | avg train loss 0.8022 top1 0.9526 top5 0.9992
    [09:28:04] step 2600/11249 | avg train loss 0.8020 top1 0.9530 top5 0.9991
    [09:28:45] step 2650/11249 | avg train loss 0.8029 top1 0.9523 top5 0.9992
    [09:29:27] step 2700/11249 | avg train loss 0.8024 top1 0.9526 top5 0.9992
    [09:30:08] step 2750/11249 | avg train loss 0.8023 top1 0.9527 top5 0.9991
    [09:30:50] step 2800/11249 | avg train loss 0.8029 top1 0.9527 top5 0.9989
    [09:31:31] step 2850/11249 | avg train loss 0.8028 top1 0.9528 top5 0.9989
    [09:32:13] step 2900/11249 | avg train loss 0.8033 top1 0.9526 top5 0.9989
    [09:32:54] step 2950/11249 | avg train loss 0.8033 top1 0.9527 top5 0.9989
    [09:33:36] step 3000/11249 | avg train loss 0.8030 top1 0.9527 top5 0.9989
    [09:34:17] step 3050/11249 | avg train loss 0.8029 top1 0.9529 top5 0.9989
    [09:34:59] step 3100/11249 | avg train loss 0.8032 top1 0.9528 top5 0.9990
    [09:35:40] step 3150/11249 | avg train loss 0.8031 top1 0.9529 top5 0.9989
    [09:36:22] step 3200/11249 | avg train loss 0.8033 top1 0.9528 top5 0.9988
    [09:37:03] step 3250/11249 | avg train loss 0.8040 top1 0.9525 top5 0.9987
    [09:37:45] step 3300/11249 | avg train loss 0.8042 top1 0.9523 top5 0.9987
    [09:38:27] step 3350/11249 | avg train loss 0.8050 top1 0.9518 top5 0.9987
    [09:39:08] step 3400/11249 | avg train loss 0.8050 top1 0.9516 top5 0.9988
    [09:39:50] step 3450/11249 | avg train loss 0.8047 top1 0.9518 top5 0.9988
    [09:40:31] step 3500/11249 | avg train loss 0.8058 top1 0.9517 top5 0.9987
    [09:41:13] step 3550/11249 | avg train loss 0.8064 top1 0.9513 top5 0.9987
    [09:41:54] step 3600/11249 | avg train loss 0.8069 top1 0.9510 top5 0.9987
    [09:42:36] step 3650/11249 | avg train loss 0.8070 top1 0.9510 top5 0.9987
    [09:43:17] step 3700/11249 | avg train loss 0.8071 top1 0.9508 top5 0.9986
    [09:43:59] step 3750/11249 | avg train loss 0.8066 top1 0.9511 top5 0.9987
    [09:44:40] step 3800/11249 | avg train loss 0.8073 top1 0.9508 top5 0.9986
    [09:45:22] step 3850/11249 | avg train loss 0.8073 top1 0.9508 top5 0.9986
    [09:46:03] step 3900/11249 | avg train loss 0.8071 top1 0.9509 top5 0.9986
    [09:46:45] step 3950/11249 | avg train loss 0.8076 top1 0.9508 top5 0.9986
    [09:47:26] step 4000/11249 | avg train loss 0.8073 top1 0.9509 top5 0.9986
    [09:48:08] step 4050/11249 | avg train loss 0.8073 top1 0.9510 top5 0.9985
    [09:48:49] step 4100/11249 | avg train loss 0.8075 top1 0.9510 top5 0.9985
    [09:49:31] step 4150/11249 | avg train loss 0.8074 top1 0.9511 top5 0.9986
    [09:50:12] step 4200/11249 | avg train loss 0.8080 top1 0.9510 top5 0.9985
    [09:50:54] step 4250/11249 | avg train loss 0.8075 top1 0.9509 top5 0.9985
    [09:51:35] step 4300/11249 | avg train loss 0.8075 top1 0.9510 top5 0.9984
    [09:52:17] step 4350/11249 | avg train loss 0.8077 top1 0.9507 top5 0.9984
    [09:52:58] step 4400/11249 | avg train loss 0.8071 top1 0.9510 top5 0.9985
    [09:53:44] step 4450/11249 | avg train loss 0.8078 top1 0.9506 top5 0.9985
    [09:54:26] step 4500/11249 | avg train loss 0.8078 top1 0.9505 top5 0.9985
    [09:55:07] step 4550/11249 | avg train loss 0.8075 top1 0.9506 top5 0.9985
    [09:55:49] step 4600/11249 | avg train loss 0.8076 top1 0.9505 top5 0.9984
    [09:56:30] step 4650/11249 | avg train loss 0.8074 top1 0.9506 top5 0.9984
    [09:57:12] step 4700/11249 | avg train loss 0.8078 top1 0.9503 top5 0.9984
    [09:57:53] step 4750/11249 | avg train loss 0.8075 top1 0.9505 top5 0.9984
    [09:58:35] step 4800/11249 | avg train loss 0.8076 top1 0.9506 top5 0.9984
    [09:59:16] step 4850/11249 | avg train loss 0.8080 top1 0.9504 top5 0.9984
    [09:59:58] step 4900/11249 | avg train loss 0.8080 top1 0.9506 top5 0.9984
    [10:00:39] step 4950/11249 | avg train loss 0.8085 top1 0.9506 top5 0.9984
    [10:01:21] step 5000/11249 | avg train loss 0.8087 top1 0.9505 top5 0.9984
    [10:02:02] step 5050/11249 | avg train loss 0.8087 top1 0.9504 top5 0.9985
    [10:02:44] step 5100/11249 | avg train loss 0.8088 top1 0.9502 top5 0.9985
    [10:03:25] step 5150/11249 | avg train loss 0.8088 top1 0.9501 top5 0.9985
    [10:04:07] step 5200/11249 | avg train loss 0.8094 top1 0.9498 top5 0.9985
    [10:04:48] step 5250/11249 | avg train loss 0.8095 top1 0.9497 top5 0.9985
    [10:05:30] step 5300/11249 | avg train loss 0.8096 top1 0.9497 top5 0.9984
    [10:06:11] step 5350/11249 | avg train loss 0.8093 top1 0.9497 top5 0.9985
    [10:06:53] step 5400/11249 | avg train loss 0.8090 top1 0.9499 top5 0.9984
    [10:07:34] step 5450/11249 | avg train loss 0.8092 top1 0.9499 top5 0.9984
    [10:08:16] step 5500/11249 | avg train loss 0.8093 top1 0.9499 top5 0.9983
    [10:08:57] step 5550/11249 | avg train loss 0.8095 top1 0.9500 top5 0.9982
    [10:09:39] step 5600/11249 | avg train loss 0.8100 top1 0.9498 top5 0.9983
    [10:10:20] step 5650/11249 | avg train loss 0.8098 top1 0.9499 top5 0.9983
    [10:11:02] step 5700/11249 | avg train loss 0.8093 top1 0.9500 top5 0.9983
    [10:11:43] step 5750/11249 | avg train loss 0.8098 top1 0.9498 top5 0.9983
    [10:12:25] step 5800/11249 | avg train loss 0.8102 top1 0.9496 top5 0.9983
    [10:13:06] step 5850/11249 | avg train loss 0.8107 top1 0.9493 top5 0.9983
    [10:13:48] step 5900/11249 | avg train loss 0.8109 top1 0.9492 top5 0.9983
    [10:14:29] step 5950/11249 | avg train loss 0.8109 top1 0.9492 top5 0.9983
    [10:15:11] step 6000/11249 | avg train loss 0.8117 top1 0.9488 top5 0.9982
    [10:15:52] step 6050/11249 | avg train loss 0.8116 top1 0.9488 top5 0.9982
    [10:16:34] step 6100/11249 | avg train loss 0.8118 top1 0.9488 top5 0.9982
    [10:17:15] step 6150/11249 | avg train loss 0.8117 top1 0.9489 top5 0.9983
    [10:17:57] step 6200/11249 | avg train loss 0.8121 top1 0.9487 top5 0.9983
    [10:18:38] step 6250/11249 | avg train loss 0.8124 top1 0.9485 top5 0.9983
    [10:19:20] step 6300/11249 | avg train loss 0.8124 top1 0.9486 top5 0.9983
    [10:20:01] step 6350/11249 | avg train loss 0.8125 top1 0.9486 top5 0.9983
    [10:20:43] step 6400/11249 | avg train loss 0.8124 top1 0.9486 top5 0.9983
    [10:21:24] step 6450/11249 | avg train loss 0.8127 top1 0.9485 top5 0.9983
    [10:22:05] step 6500/11249 | avg train loss 0.8122 top1 0.9487 top5 0.9983
    [10:22:47] step 6550/11249 | avg train loss 0.8126 top1 0.9486 top5 0.9983
    [10:23:28] step 6600/11249 | avg train loss 0.8128 top1 0.9484 top5 0.9983
    [10:24:10] step 6650/11249 | avg train loss 0.8129 top1 0.9485 top5 0.9982
    [10:24:51] step 6700/11249 | avg train loss 0.8134 top1 0.9482 top5 0.9982
    [10:25:37] step 6750/11249 | avg train loss 0.8132 top1 0.9484 top5 0.9983
    [10:26:19] step 6800/11249 | avg train loss 0.8136 top1 0.9482 top5 0.9982
    [10:27:00] step 6850/11249 | avg train loss 0.8137 top1 0.9482 top5 0.9982
    [10:27:42] step 6900/11249 | avg train loss 0.8134 top1 0.9483 top5 0.9982
    [10:28:23] step 6950/11249 | avg train loss 0.8136 top1 0.9483 top5 0.9982
    [10:29:05] step 7000/11249 | avg train loss 0.8136 top1 0.9483 top5 0.9982
    [10:29:46] step 7050/11249 | avg train loss 0.8136 top1 0.9482 top5 0.9983
    [10:30:28] step 7100/11249 | avg train loss 0.8136 top1 0.9483 top5 0.9982
    [10:31:09] step 7150/11249 | avg train loss 0.8135 top1 0.9483 top5 0.9983
    [10:31:51] step 7200/11249 | avg train loss 0.8135 top1 0.9482 top5 0.9983
    [10:32:32] step 7250/11249 | avg train loss 0.8133 top1 0.9483 top5 0.9983
    [10:33:14] step 7300/11249 | avg train loss 0.8135 top1 0.9481 top5 0.9983
    [10:33:55] step 7350/11249 | avg train loss 0.8135 top1 0.9481 top5 0.9983
    [10:34:37] step 7400/11249 | avg train loss 0.8137 top1 0.9480 top5 0.9983
    [10:35:18] step 7450/11249 | avg train loss 0.8136 top1 0.9481 top5 0.9983
    [10:35:59] step 7500/11249 | avg train loss 0.8134 top1 0.9482 top5 0.9983
    [10:36:41] step 7550/11249 | avg train loss 0.8132 top1 0.9482 top5 0.9983
    [10:37:22] step 7600/11249 | avg train loss 0.8135 top1 0.9481 top5 0.9983
    [10:38:04] step 7650/11249 | avg train loss 0.8140 top1 0.9478 top5 0.9983
    [10:38:45] step 7700/11249 | avg train loss 0.8137 top1 0.9479 top5 0.9983
    [10:39:27] step 7750/11249 | avg train loss 0.8137 top1 0.9479 top5 0.9983
    [10:40:08] step 7800/11249 | avg train loss 0.8136 top1 0.9480 top5 0.9983
    [10:40:50] step 7850/11249 | avg train loss 0.8138 top1 0.9479 top5 0.9983
    [10:41:32] step 7900/11249 | avg train loss 0.8137 top1 0.9479 top5 0.9983
    [10:42:13] step 7950/11249 | avg train loss 0.8141 top1 0.9479 top5 0.9982
    [10:42:55] step 8000/11249 | avg train loss 0.8143 top1 0.9479 top5 0.9982
    [10:43:36] step 8050/11249 | avg train loss 0.8145 top1 0.9477 top5 0.9982
    [10:44:18] step 8100/11249 | avg train loss 0.8149 top1 0.9474 top5 0.9982
    [10:44:59] step 8150/11249 | avg train loss 0.8147 top1 0.9475 top5 0.9982
    [10:45:41] step 8200/11249 | avg train loss 0.8149 top1 0.9474 top5 0.9982
    [10:46:22] step 8250/11249 | avg train loss 0.8149 top1 0.9475 top5 0.9982
    [10:47:04] step 8300/11249 | avg train loss 0.8152 top1 0.9473 top5 0.9982
    [10:47:45] step 8350/11249 | avg train loss 0.8154 top1 0.9472 top5 0.9982
    [10:48:27] step 8400/11249 | avg train loss 0.8157 top1 0.9471 top5 0.9982
    [10:49:08] step 8450/11249 | avg train loss 0.8157 top1 0.9470 top5 0.9982
    [10:49:50] step 8500/11249 | avg train loss 0.8159 top1 0.9470 top5 0.9982
    [10:50:31] step 8550/11249 | avg train loss 0.8159 top1 0.9471 top5 0.9982
    [10:51:13] step 8600/11249 | avg train loss 0.8159 top1 0.9471 top5 0.9982
    [10:51:54] step 8650/11249 | avg train loss 0.8162 top1 0.9470 top5 0.9982
    [10:52:36] step 8700/11249 | avg train loss 0.8162 top1 0.9470 top5 0.9982
    [10:53:17] step 8750/11249 | avg train loss 0.8165 top1 0.9468 top5 0.9982
    [10:53:59] step 8800/11249 | avg train loss 0.8166 top1 0.9468 top5 0.9982
    [10:54:40] step 8850/11249 | avg train loss 0.8167 top1 0.9468 top5 0.9981
    [10:55:22] step 8900/11249 | avg train loss 0.8169 top1 0.9467 top5 0.9981
    [10:56:03] step 8950/11249 | avg train loss 0.8170 top1 0.9466 top5 0.9982
    [10:56:49] step 9000/11249 | avg train loss 0.8170 top1 0.9467 top5 0.9982
    [10:57:31] step 9050/11249 | avg train loss 0.8170 top1 0.9467 top5 0.9982
    [10:58:12] step 9100/11249 | avg train loss 0.8167 top1 0.9468 top5 0.9982
    [10:58:54] step 9150/11249 | avg train loss 0.8170 top1 0.9467 top5 0.9982
    [10:59:35] step 9200/11249 | avg train loss 0.8169 top1 0.9467 top5 0.9982
    [11:00:17] step 9250/11249 | avg train loss 0.8167 top1 0.9468 top5 0.9982
    [11:00:58] step 9300/11249 | avg train loss 0.8169 top1 0.9466 top5 0.9982
    [11:01:40] step 9350/11249 | avg train loss 0.8171 top1 0.9464 top5 0.9982
    [11:02:21] step 9400/11249 | avg train loss 0.8172 top1 0.9464 top5 0.9982
    [11:03:03] step 9450/11249 | avg train loss 0.8171 top1 0.9464 top5 0.9982
    [11:03:44] step 9500/11249 | avg train loss 0.8169 top1 0.9465 top5 0.9982
    [11:04:26] step 9550/11249 | avg train loss 0.8166 top1 0.9466 top5 0.9982
    [11:05:07] step 9600/11249 | avg train loss 0.8166 top1 0.9466 top5 0.9982
    [11:05:49] step 9650/11249 | avg train loss 0.8165 top1 0.9467 top5 0.9982
    [11:06:30] step 9700/11249 | avg train loss 0.8164 top1 0.9468 top5 0.9982
    [11:07:12] step 9750/11249 | avg train loss 0.8165 top1 0.9466 top5 0.9982
    [11:07:53] step 9800/11249 | avg train loss 0.8170 top1 0.9466 top5 0.9982
    [11:08:35] step 9850/11249 | avg train loss 0.8170 top1 0.9466 top5 0.9982
    [11:09:16] step 9900/11249 | avg train loss 0.8170 top1 0.9465 top5 0.9982
    [11:09:58] step 9950/11249 | avg train loss 0.8174 top1 0.9464 top5 0.9981
    [11:10:39] step 10000/11249 | avg train loss 0.8175 top1 0.9464 top5 0.9981
    [11:11:21] step 10050/11249 | avg train loss 0.8176 top1 0.9464 top5 0.9981
    [11:12:02] step 10100/11249 | avg train loss 0.8176 top1 0.9464 top5 0.9981
    [11:12:44] step 10150/11249 | avg train loss 0.8178 top1 0.9463 top5 0.9982
    [11:13:25] step 10200/11249 | avg train loss 0.8179 top1 0.9463 top5 0.9981
    [11:14:07] step 10250/11249 | avg train loss 0.8181 top1 0.9462 top5 0.9981
    [11:14:48] step 10300/11249 | avg train loss 0.8187 top1 0.9459 top5 0.9981
    [11:15:30] step 10350/11249 | avg train loss 0.8187 top1 0.9459 top5 0.9981
    [11:16:11] step 10400/11249 | avg train loss 0.8186 top1 0.9460 top5 0.9981
    [11:16:53] step 10450/11249 | avg train loss 0.8185 top1 0.9459 top5 0.9981
    [11:17:34] step 10500/11249 | avg train loss 0.8184 top1 0.9460 top5 0.9981
    [11:18:16] step 10550/11249 | avg train loss 0.8183 top1 0.9460 top5 0.9981
    [11:18:57] step 10600/11249 | avg train loss 0.8184 top1 0.9459 top5 0.9981
    [11:19:39] step 10650/11249 | avg train loss 0.8184 top1 0.9459 top5 0.9981
    [11:20:20] step 10700/11249 | avg train loss 0.8186 top1 0.9458 top5 0.9981
    [11:21:02] step 10750/11249 | avg train loss 0.8190 top1 0.9456 top5 0.9980
    [11:21:43] step 10800/11249 | avg train loss 0.8188 top1 0.9456 top5 0.9981
    [11:22:25] step 10850/11249 | avg train loss 0.8188 top1 0.9456 top5 0.9980
    [11:23:06] step 10900/11249 | avg train loss 0.8190 top1 0.9456 top5 0.9981
    [11:23:48] step 10950/11249 | avg train loss 0.8191 top1 0.9455 top5 0.9980
    [11:24:29] step 11000/11249 | avg train loss 0.8192 top1 0.9454 top5 0.9980
    [11:25:11] step 11050/11249 | avg train loss 0.8193 top1 0.9454 top5 0.9980
    [11:25:52] step 11100/11249 | avg train loss 0.8193 top1 0.9454 top5 0.9980
    [11:26:34] step 11150/11249 | avg train loss 0.8190 top1 0.9454 top5 0.9980
    [11:27:15] step 11200/11249 | avg train loss 0.8193 top1 0.9453 top5 0.9980
    [11:27:55] step 11249/11249 | avg train loss 0.8193 top1 0.9453 top5 0.9980
Epoch 9/15 | train loss 0.8193 top1 0.9453 | val loss 1.2563 top1 0.6864 top5 0.8910 | ema val top1 0.7011 top5 0.9056
    [11:47:16] step 50/11249 | avg train loss 0.7424 top1 0.9800 top5 1.0000
    [11:47:58] step 100/11249 | avg train loss 0.7422 top1 0.9825 top5 1.0000
    [11:48:39] step 150/11249 | avg train loss 0.7545 top1 0.9750 top5 1.0000
    [11:49:21] step 200/11249 | avg train loss 0.7488 top1 0.9775 top5 1.0000
    [11:50:02] step 250/11249 | avg train loss 0.7553 top1 0.9760 top5 1.0000
    [11:50:44] step 300/11249 | avg train loss 0.7579 top1 0.9742 top5 0.9992
    [11:51:25] step 350/11249 | avg train loss 0.7662 top1 0.9693 top5 0.9993
    [11:52:07] step 400/11249 | avg train loss 0.7689 top1 0.9681 top5 0.9994
    [11:52:48] step 450/11249 | avg train loss 0.7664 top1 0.9689 top5 0.9994
    [11:53:30] step 500/11249 | avg train loss 0.7660 top1 0.9685 top5 0.9995
    [11:54:11] step 550/11249 | avg train loss 0.7665 top1 0.9673 top5 0.9995
    [11:54:53] step 600/11249 | avg train loss 0.7640 top1 0.9683 top5 0.9996
    [11:55:34] step 650/11249 | avg train loss 0.7667 top1 0.9673 top5 0.9992
    [11:56:16] step 700/11249 | avg train loss 0.7668 top1 0.9671 top5 0.9993
    [11:56:57] step 750/11249 | avg train loss 0.7653 top1 0.9683 top5 0.9993
    [11:57:39] step 800/11249 | avg train loss 0.7648 top1 0.9688 top5 0.9994
    [11:58:24] step 850/11249 | avg train loss 0.7649 top1 0.9682 top5 0.9994
    [11:59:06] step 900/11249 | avg train loss 0.7653 top1 0.9678 top5 0.9992
    [11:59:48] step 950/11249 | avg train loss 0.7629 top1 0.9689 top5 0.9992
    [12:00:29] step 1000/11249 | avg train loss 0.7643 top1 0.9688 top5 0.9990
    [12:01:11] step 1050/11249 | avg train loss 0.7622 top1 0.9698 top5 0.9990
    [12:01:52] step 1100/11249 | avg train loss 0.7625 top1 0.9695 top5 0.9991
    [12:02:34] step 1150/11249 | avg train loss 0.7612 top1 0.9704 top5 0.9991
    [12:03:15] step 1200/11249 | avg train loss 0.7592 top1 0.9712 top5 0.9992
    [12:03:57] step 1250/11249 | avg train loss 0.7580 top1 0.9716 top5 0.9992
    [12:04:39] step 1300/11249 | avg train loss 0.7586 top1 0.9712 top5 0.9992
    [12:05:20] step 1350/11249 | avg train loss 0.7592 top1 0.9707 top5 0.9993
    [12:06:02] step 1400/11249 | avg train loss 0.7597 top1 0.9704 top5 0.9993
    [12:06:43] step 1450/11249 | avg train loss 0.7588 top1 0.9712 top5 0.9993
    [12:07:25] step 1500/11249 | avg train loss 0.7593 top1 0.9708 top5 0.9993
    [12:08:06] step 1550/11249 | avg train loss 0.7579 top1 0.9715 top5 0.9994
    [12:08:48] step 1600/11249 | avg train loss 0.7603 top1 0.9705 top5 0.9994
    [12:09:29] step 1650/11249 | avg train loss 0.7596 top1 0.9706 top5 0.9994
    [12:10:11] step 1700/11249 | avg train loss 0.7607 top1 0.9700 top5 0.9993
    [12:10:53] step 1750/11249 | avg train loss 0.7604 top1 0.9703 top5 0.9993
    [12:11:34] step 1800/11249 | avg train loss 0.7614 top1 0.9700 top5 0.9993
    [12:12:16] step 1850/11249 | avg train loss 0.7617 top1 0.9699 top5 0.9993
    [12:12:57] step 1900/11249 | avg train loss 0.7617 top1 0.9699 top5 0.9993
    [12:13:39] step 1950/11249 | avg train loss 0.7618 top1 0.9699 top5 0.9994
    [12:14:20] step 2000/11249 | avg train loss 0.7620 top1 0.9698 top5 0.9994
    [12:15:02] step 2050/11249 | avg train loss 0.7619 top1 0.9696 top5 0.9994
    [12:15:44] step 2100/11249 | avg train loss 0.7619 top1 0.9694 top5 0.9994
    [12:16:25] step 2150/11249 | avg train loss 0.7621 top1 0.9693 top5 0.9994
    [12:17:07] step 2200/11249 | avg train loss 0.7625 top1 0.9693 top5 0.9994
    [12:17:48] step 2250/11249 | avg train loss 0.7626 top1 0.9693 top5 0.9994
    [12:18:30] step 2300/11249 | avg train loss 0.7625 top1 0.9691 top5 0.9995
    [12:19:11] step 2350/11249 | avg train loss 0.7621 top1 0.9693 top5 0.9995
    [12:19:53] step 2400/11249 | avg train loss 0.7628 top1 0.9689 top5 0.9994
    [12:20:35] step 2450/11249 | avg train loss 0.7625 top1 0.9690 top5 0.9994
    [12:21:16] step 2500/11249 | avg train loss 0.7626 top1 0.9690 top5 0.9994
    [12:21:58] step 2550/11249 | avg train loss 0.7627 top1 0.9686 top5 0.9994
    [12:22:40] step 2600/11249 | avg train loss 0.7630 top1 0.9684 top5 0.9994
    [12:23:21] step 2650/11249 | avg train loss 0.7629 top1 0.9685 top5 0.9994
    [12:24:03] step 2700/11249 | avg train loss 0.7629 top1 0.9684 top5 0.9994
    [12:24:44] step 2750/11249 | avg train loss 0.7630 top1 0.9686 top5 0.9995
    [12:25:26] step 2800/11249 | avg train loss 0.7625 top1 0.9688 top5 0.9995
    [12:26:07] step 2850/11249 | avg train loss 0.7636 top1 0.9685 top5 0.9994
    [12:26:49] step 2900/11249 | avg train loss 0.7631 top1 0.9688 top5 0.9994
    [12:27:31] step 2950/11249 | avg train loss 0.7623 top1 0.9692 top5 0.9994
    [12:28:12] step 3000/11249 | avg train loss 0.7625 top1 0.9689 top5 0.9994
    [12:28:54] step 3050/11249 | avg train loss 0.7626 top1 0.9688 top5 0.9994
    [12:29:35] step 3100/11249 | avg train loss 0.7627 top1 0.9688 top5 0.9994
    [12:30:21] step 3150/11249 | avg train loss 0.7628 top1 0.9689 top5 0.9993
    [12:31:03] step 3200/11249 | avg train loss 0.7625 top1 0.9689 top5 0.9993
    [12:31:44] step 3250/11249 | avg train loss 0.7635 top1 0.9685 top5 0.9993
    [12:32:26] step 3300/11249 | avg train loss 0.7638 top1 0.9683 top5 0.9993
    [12:33:08] step 3350/11249 | avg train loss 0.7635 top1 0.9683 top5 0.9993
    [12:33:49] step 3400/11249 | avg train loss 0.7639 top1 0.9679 top5 0.9993
    [12:34:31] step 3450/11249 | avg train loss 0.7639 top1 0.9680 top5 0.9993
    [12:35:12] step 3500/11249 | avg train loss 0.7640 top1 0.9679 top5 0.9993
    [12:35:54] step 3550/11249 | avg train loss 0.7638 top1 0.9679 top5 0.9993
    [12:36:36] step 3600/11249 | avg train loss 0.7640 top1 0.9680 top5 0.9993
    [12:37:17] step 3650/11249 | avg train loss 0.7642 top1 0.9678 top5 0.9993
    [12:37:59] step 3700/11249 | avg train loss 0.7644 top1 0.9676 top5 0.9993
    [12:38:40] step 3750/11249 | avg train loss 0.7648 top1 0.9677 top5 0.9993
    [12:39:22] step 3800/11249 | avg train loss 0.7648 top1 0.9675 top5 0.9993
    [12:40:03] step 3850/11249 | avg train loss 0.7646 top1 0.9675 top5 0.9994
    [12:40:45] step 3900/11249 | avg train loss 0.7644 top1 0.9676 top5 0.9994
    [12:41:27] step 3950/11249 | avg train loss 0.7649 top1 0.9673 top5 0.9994
    [12:42:08] step 4000/11249 | avg train loss 0.7653 top1 0.9670 top5 0.9994
    [12:42:50] step 4050/11249 | avg train loss 0.7657 top1 0.9667 top5 0.9994
    [12:43:31] step 4100/11249 | avg train loss 0.7656 top1 0.9667 top5 0.9994
    [12:44:13] step 4150/11249 | avg train loss 0.7656 top1 0.9668 top5 0.9994
    [12:44:55] step 4200/11249 | avg train loss 0.7663 top1 0.9664 top5 0.9994
    [12:45:36] step 4250/11249 | avg train loss 0.7661 top1 0.9665 top5 0.9994
    [12:46:18] step 4300/11249 | avg train loss 0.7666 top1 0.9663 top5 0.9994
    [12:46:59] step 4350/11249 | avg train loss 0.7667 top1 0.9661 top5 0.9994
    [12:47:41] step 4400/11249 | avg train loss 0.7670 top1 0.9660 top5 0.9994
    [12:48:22] step 4450/11249 | avg train loss 0.7666 top1 0.9662 top5 0.9994
    [12:49:04] step 4500/11249 | avg train loss 0.7670 top1 0.9660 top5 0.9994
    [12:49:45] step 4550/11249 | avg train loss 0.7671 top1 0.9659 top5 0.9995
    [12:50:27] step 4600/11249 | avg train loss 0.7675 top1 0.9658 top5 0.9994
    [12:51:09] step 4650/11249 | avg train loss 0.7677 top1 0.9658 top5 0.9994
    [12:51:50] step 4700/11249 | avg train loss 0.7684 top1 0.9655 top5 0.9994
    [12:52:32] step 4750/11249 | avg train loss 0.7684 top1 0.9656 top5 0.9994
    [12:53:14] step 4800/11249 | avg train loss 0.7681 top1 0.9657 top5 0.9994
    [12:53:55] step 4850/11249 | avg train loss 0.7678 top1 0.9658 top5 0.9994
    [12:54:37] step 4900/11249 | avg train loss 0.7676 top1 0.9658 top5 0.9994
    [12:55:18] step 4950/11249 | avg train loss 0.7676 top1 0.9658 top5 0.9994
    [12:56:00] step 5000/11249 | avg train loss 0.7675 top1 0.9658 top5 0.9994
    [12:56:41] step 5050/11249 | avg train loss 0.7672 top1 0.9659 top5 0.9995
    [12:57:23] step 5100/11249 | avg train loss 0.7676 top1 0.9657 top5 0.9995
    [12:58:05] step 5150/11249 | avg train loss 0.7674 top1 0.9658 top5 0.9995
    [12:58:46] step 5200/11249 | avg train loss 0.7676 top1 0.9656 top5 0.9995
    [12:59:28] step 5250/11249 | avg train loss 0.7677 top1 0.9656 top5 0.9994
    [13:00:09] step 5300/11249 | avg train loss 0.7682 top1 0.9654 top5 0.9994
    [13:00:51] step 5350/11249 | avg train loss 0.7682 top1 0.9655 top5 0.9994
    [13:01:36] step 5400/11249 | avg train loss 0.7683 top1 0.9654 top5 0.9994
    [13:02:18] step 5450/11249 | avg train loss 0.7685 top1 0.9653 top5 0.9994
    [13:03:00] step 5500/11249 | avg train loss 0.7686 top1 0.9652 top5 0.9995
    [13:03:42] step 5550/11249 | avg train loss 0.7685 top1 0.9652 top5 0.9995
    [13:04:23] step 5600/11249 | avg train loss 0.7681 top1 0.9654 top5 0.9995
    [13:05:05] step 5650/11249 | avg train loss 0.7680 top1 0.9654 top5 0.9995
    [13:05:46] step 5700/11249 | avg train loss 0.7684 top1 0.9652 top5 0.9994
    [13:06:28] step 5750/11249 | avg train loss 0.7688 top1 0.9650 top5 0.9993
    [13:07:09] step 5800/11249 | avg train loss 0.7689 top1 0.9651 top5 0.9993
    [13:07:51] step 5850/11249 | avg train loss 0.7687 top1 0.9652 top5 0.9993
    [13:08:33] step 5900/11249 | avg train loss 0.7688 top1 0.9653 top5 0.9993
    [13:09:14] step 5950/11249 | avg train loss 0.7691 top1 0.9651 top5 0.9992
    [13:09:56] step 6000/11249 | avg train loss 0.7690 top1 0.9652 top5 0.9992
    [13:10:38] step 6050/11249 | avg train loss 0.7693 top1 0.9650 top5 0.9993
    [13:11:19] step 6100/11249 | avg train loss 0.7692 top1 0.9650 top5 0.9993
    [13:12:01] step 6150/11249 | avg train loss 0.7693 top1 0.9651 top5 0.9993
    [13:12:43] step 6200/11249 | avg train loss 0.7693 top1 0.9651 top5 0.9993
    [13:13:24] step 6250/11249 | avg train loss 0.7693 top1 0.9651 top5 0.9993
    [13:14:06] step 6300/11249 | avg train loss 0.7694 top1 0.9648 top5 0.9993
    [13:14:48] step 6350/11249 | avg train loss 0.7696 top1 0.9648 top5 0.9993
    [13:15:30] step 6400/11249 | avg train loss 0.7696 top1 0.9648 top5 0.9993
    [13:16:11] step 6450/11249 | avg train loss 0.7697 top1 0.9648 top5 0.9993
    [13:16:53] step 6500/11249 | avg train loss 0.7697 top1 0.9648 top5 0.9993
    [13:17:35] step 6550/11249 | avg train loss 0.7700 top1 0.9646 top5 0.9993
    [13:18:16] step 6600/11249 | avg train loss 0.7704 top1 0.9644 top5 0.9993
    [13:18:58] step 6650/11249 | avg train loss 0.7706 top1 0.9643 top5 0.9992
    [13:19:40] step 6700/11249 | avg train loss 0.7706 top1 0.9643 top5 0.9993
    [13:20:21] step 6750/11249 | avg train loss 0.7709 top1 0.9642 top5 0.9993
    [13:21:03] step 6800/11249 | avg train loss 0.7708 top1 0.9643 top5 0.9993
    [13:21:45] step 6850/11249 | avg train loss 0.7709 top1 0.9642 top5 0.9993
    [13:22:27] step 6900/11249 | avg train loss 0.7709 top1 0.9642 top5 0.9993
    [13:23:08] step 6950/11249 | avg train loss 0.7708 top1 0.9642 top5 0.9993
    [13:23:50] step 7000/11249 | avg train loss 0.7706 top1 0.9643 top5 0.9993
    [13:24:32] step 7050/11249 | avg train loss 0.7707 top1 0.9643 top5 0.9993
    [13:25:14] step 7100/11249 | avg train loss 0.7707 top1 0.9643 top5 0.9993
    [13:25:55] step 7150/11249 | avg train loss 0.7706 top1 0.9643 top5 0.9993
    [13:26:37] step 7200/11249 | avg train loss 0.7707 top1 0.9643 top5 0.9993
    [13:27:19] step 7250/11249 | avg train loss 0.7709 top1 0.9643 top5 0.9993
    [13:28:00] step 7300/11249 | avg train loss 0.7711 top1 0.9641 top5 0.9993
    [13:28:42] step 7350/11249 | avg train loss 0.7712 top1 0.9642 top5 0.9993
    [13:29:24] step 7400/11249 | avg train loss 0.7715 top1 0.9641 top5 0.9992
    [13:30:05] step 7450/11249 | avg train loss 0.7714 top1 0.9642 top5 0.9992
    [13:30:47] step 7500/11249 | avg train loss 0.7712 top1 0.9643 top5 0.9992
    [13:31:29] step 7550/11249 | avg train loss 0.7710 top1 0.9643 top5 0.9992
    [13:32:10] step 7600/11249 | avg train loss 0.7711 top1 0.9642 top5 0.9992
    [13:32:52] step 7650/11249 | avg train loss 0.7711 top1 0.9642 top5 0.9992
    [13:33:38] step 7700/11249 | avg train loss 0.7712 top1 0.9643 top5 0.9993
    [13:34:20] step 7750/11249 | avg train loss 0.7711 top1 0.9643 top5 0.9993
    [13:35:01] step 7800/11249 | avg train loss 0.7712 top1 0.9643 top5 0.9993
    [13:35:43] step 7850/11249 | avg train loss 0.7712 top1 0.9643 top5 0.9993
    [13:36:25] step 7900/11249 | avg train loss 0.7716 top1 0.9641 top5 0.9993
    [13:37:06] step 7950/11249 | avg train loss 0.7718 top1 0.9641 top5 0.9992
    [13:37:48] step 8000/11249 | avg train loss 0.7718 top1 0.9641 top5 0.9992
    [13:38:30] step 8050/11249 | avg train loss 0.7720 top1 0.9641 top5 0.9992
    [13:39:12] step 8100/11249 | avg train loss 0.7719 top1 0.9641 top5 0.9992
    [13:39:53] step 8150/11249 | avg train loss 0.7719 top1 0.9640 top5 0.9992
    [13:40:35] step 8200/11249 | avg train loss 0.7722 top1 0.9639 top5 0.9992
    [13:41:17] step 8250/11249 | avg train loss 0.7721 top1 0.9640 top5 0.9992
    [13:41:59] step 8300/11249 | avg train loss 0.7720 top1 0.9640 top5 0.9992
    [13:42:40] step 8350/11249 | avg train loss 0.7719 top1 0.9640 top5 0.9993
    [13:43:22] step 8400/11249 | avg train loss 0.7721 top1 0.9640 top5 0.9993
    [13:44:04] step 8450/11249 | avg train loss 0.7723 top1 0.9639 top5 0.9993
    [13:44:46] step 8500/11249 | avg train loss 0.7721 top1 0.9640 top5 0.9993
    [13:45:27] step 8550/11249 | avg train loss 0.7723 top1 0.9639 top5 0.9993
    [13:46:09] step 8600/11249 | avg train loss 0.7724 top1 0.9638 top5 0.9993
    [13:46:51] step 8650/11249 | avg train loss 0.7723 top1 0.9639 top5 0.9992
    [13:47:33] step 8700/11249 | avg train loss 0.7725 top1 0.9636 top5 0.9993
    [13:48:15] step 8750/11249 | avg train loss 0.7725 top1 0.9637 top5 0.9993
    [13:48:56] step 8800/11249 | avg train loss 0.7726 top1 0.9638 top5 0.9993
    [13:49:38] step 8850/11249 | avg train loss 0.7729 top1 0.9636 top5 0.9993
    [13:50:20] step 8900/11249 | avg train loss 0.7727 top1 0.9637 top5 0.9993
    [13:51:02] step 8950/11249 | avg train loss 0.7727 top1 0.9637 top5 0.9993
    [13:51:44] step 9000/11249 | avg train loss 0.7726 top1 0.9637 top5 0.9993
    [13:52:25] step 9050/11249 | avg train loss 0.7725 top1 0.9637 top5 0.9993
    [13:53:07] step 9100/11249 | avg train loss 0.7726 top1 0.9637 top5 0.9993
    [13:53:49] step 9150/11249 | avg train loss 0.7725 top1 0.9637 top5 0.9993
    [13:54:31] step 9200/11249 | avg train loss 0.7727 top1 0.9635 top5 0.9993
    [13:55:12] step 9250/11249 | avg train loss 0.7727 top1 0.9635 top5 0.9993
    [13:55:54] step 9300/11249 | avg train loss 0.7727 top1 0.9635 top5 0.9993
    [13:56:36] step 9350/11249 | avg train loss 0.7728 top1 0.9633 top5 0.9993
    [13:57:18] step 9400/11249 | avg train loss 0.7729 top1 0.9634 top5 0.9993
    [13:58:00] step 9450/11249 | avg train loss 0.7729 top1 0.9633 top5 0.9993
    [13:58:41] step 9500/11249 | avg train loss 0.7731 top1 0.9633 top5 0.9993
    [13:59:23] step 9550/11249 | avg train loss 0.7736 top1 0.9630 top5 0.9992
    [14:00:05] step 9600/11249 | avg train loss 0.7738 top1 0.9630 top5 0.9992
    [14:00:47] step 9650/11249 | avg train loss 0.7738 top1 0.9630 top5 0.9992
    [14:01:29] step 9700/11249 | avg train loss 0.7737 top1 0.9631 top5 0.9992
    [14:02:10] step 9750/11249 | avg train loss 0.7736 top1 0.9631 top5 0.9992
    [14:02:52] step 9800/11249 | avg train loss 0.7736 top1 0.9631 top5 0.9992
    [14:03:34] step 9850/11249 | avg train loss 0.7733 top1 0.9632 top5 0.9992
    [14:04:16] step 9900/11249 | avg train loss 0.7733 top1 0.9633 top5 0.9992
    [14:05:02] step 9950/11249 | avg train loss 0.7734 top1 0.9632 top5 0.9992
    [14:05:44] step 10000/11249 | avg train loss 0.7735 top1 0.9633 top5 0.9992
    [14:06:25] step 10050/11249 | avg train loss 0.7735 top1 0.9632 top5 0.9992
    [14:07:07] step 10100/11249 | avg train loss 0.7733 top1 0.9633 top5 0.9992
    [14:07:49] step 10150/11249 | avg train loss 0.7735 top1 0.9633 top5 0.9992
    [14:08:31] step 10200/11249 | avg train loss 0.7736 top1 0.9633 top5 0.9992
    [14:09:13] step 10250/11249 | avg train loss 0.7738 top1 0.9633 top5 0.9992
    [14:09:54] step 10300/11249 | avg train loss 0.7740 top1 0.9632 top5 0.9992
    [14:10:36] step 10350/11249 | avg train loss 0.7742 top1 0.9631 top5 0.9992
    [14:11:18] step 10400/11249 | avg train loss 0.7744 top1 0.9631 top5 0.9992
    [14:12:00] step 10450/11249 | avg train loss 0.7746 top1 0.9629 top5 0.9992
    [14:12:41] step 10500/11249 | avg train loss 0.7747 top1 0.9629 top5 0.9992
    [14:13:23] step 10550/11249 | avg train loss 0.7746 top1 0.9629 top5 0.9992
    [14:14:05] step 10600/11249 | avg train loss 0.7746 top1 0.9629 top5 0.9992
    [14:14:47] step 10650/11249 | avg train loss 0.7750 top1 0.9628 top5 0.9992
    [14:15:29] step 10700/11249 | avg train loss 0.7752 top1 0.9627 top5 0.9992
    [14:16:10] step 10750/11249 | avg train loss 0.7751 top1 0.9627 top5 0.9992
    [14:16:52] step 10800/11249 | avg train loss 0.7752 top1 0.9627 top5 0.9992
    [14:17:34] step 10850/11249 | avg train loss 0.7753 top1 0.9626 top5 0.9992
    [14:18:16] step 10900/11249 | avg train loss 0.7753 top1 0.9626 top5 0.9992
    [14:18:58] step 10950/11249 | avg train loss 0.7755 top1 0.9625 top5 0.9992
    [14:19:40] step 11000/11249 | avg train loss 0.7755 top1 0.9624 top5 0.9992
    [14:20:21] step 11050/11249 | avg train loss 0.7756 top1 0.9624 top5 0.9992
    [14:21:03] step 11100/11249 | avg train loss 0.7756 top1 0.9625 top5 0.9992
    [14:21:45] step 11150/11249 | avg train loss 0.7758 top1 0.9624 top5 0.9992
    [14:22:27] step 11200/11249 | avg train loss 0.7759 top1 0.9624 top5 0.9992
    [14:23:07] step 11249/11249 | avg train loss 0.7759 top1 0.9624 top5 0.9992
Epoch 10/15 | train loss 0.7759 top1 0.9624 | val loss 1.2392 top1 0.6993 top5 0.8974 | ema val top1 0.7076 top5 0.9013
    [14:42:41] step 50/11249 | avg train loss 0.7474 top1 0.9850 top5 1.0000
    [14:43:22] step 100/11249 | avg train loss 0.7497 top1 0.9825 top5 1.0000
    [14:44:04] step 150/11249 | avg train loss 0.7488 top1 0.9833 top5 1.0000
    [14:44:46] step 200/11249 | avg train loss 0.7435 top1 0.9825 top5 1.0000
    [14:45:28] step 250/11249 | avg train loss 0.7401 top1 0.9830 top5 1.0000
    [14:46:10] step 300/11249 | avg train loss 0.7446 top1 0.9800 top5 1.0000
    [14:46:51] step 350/11249 | avg train loss 0.7412 top1 0.9800 top5 1.0000
    [14:47:33] step 400/11249 | avg train loss 0.7397 top1 0.9806 top5 1.0000
    [14:48:15] step 450/11249 | avg train loss 0.7394 top1 0.9806 top5 1.0000
    [14:48:57] step 500/11249 | avg train loss 0.7379 top1 0.9810 top5 1.0000
    [14:49:39] step 550/11249 | avg train loss 0.7392 top1 0.9805 top5 0.9995
    [14:50:21] step 600/11249 | avg train loss 0.7377 top1 0.9812 top5 0.9996
    [14:51:03] step 650/11249 | avg train loss 0.7377 top1 0.9815 top5 0.9996
    [14:51:44] step 700/11249 | avg train loss 0.7382 top1 0.9811 top5 0.9996
    [14:52:26] step 750/11249 | avg train loss 0.7367 top1 0.9817 top5 0.9997
    [14:53:08] step 800/11249 | avg train loss 0.7352 top1 0.9819 top5 0.9997
    [14:53:50] step 850/11249 | avg train loss 0.7362 top1 0.9815 top5 0.9997
    [14:54:32] step 900/11249 | avg train loss 0.7362 top1 0.9814 top5 0.9997
    [14:55:13] step 950/11249 | avg train loss 0.7346 top1 0.9816 top5 0.9997
    [14:55:55] step 1000/11249 | avg train loss 0.7343 top1 0.9812 top5 0.9998
    [14:56:37] step 1050/11249 | avg train loss 0.7346 top1 0.9814 top5 0.9998
    [14:57:19] step 1100/11249 | avg train loss 0.7337 top1 0.9818 top5 0.9998
    [14:58:00] step 1150/11249 | avg train loss 0.7335 top1 0.9815 top5 0.9998
    [14:58:42] step 1200/11249 | avg train loss 0.7335 top1 0.9817 top5 0.9998
    [14:59:24] step 1250/11249 | avg train loss 0.7335 top1 0.9816 top5 0.9998
    [15:00:06] step 1300/11249 | avg train loss 0.7334 top1 0.9817 top5 0.9998
    [15:00:47] step 1350/11249 | avg train loss 0.7323 top1 0.9820 top5 0.9998
    [15:01:29] step 1400/11249 | avg train loss 0.7324 top1 0.9816 top5 0.9998
    [15:02:11] step 1450/11249 | avg train loss 0.7313 top1 0.9819 top5 0.9998
    [15:02:53] step 1500/11249 | avg train loss 0.7318 top1 0.9817 top5 0.9998
    [15:03:34] step 1550/11249 | avg train loss 0.7319 top1 0.9818 top5 0.9998
    [15:04:16] step 1600/11249 | avg train loss 0.7315 top1 0.9819 top5 0.9998
    [15:04:58] step 1650/11249 | avg train loss 0.7309 top1 0.9823 top5 0.9998
    [15:05:40] step 1700/11249 | avg train loss 0.7307 top1 0.9821 top5 0.9999
    [15:06:22] step 1750/11249 | avg train loss 0.7306 top1 0.9820 top5 0.9999
    [15:07:08] step 1800/11249 | avg train loss 0.7313 top1 0.9817 top5 0.9999
    [15:07:50] step 1850/11249 | avg train loss 0.7310 top1 0.9819 top5 0.9999
    [15:08:32] step 1900/11249 | avg train loss 0.7309 top1 0.9818 top5 0.9999
    [15:09:13] step 1950/11249 | avg train loss 0.7307 top1 0.9817 top5 0.9999
    [15:09:55] step 2000/11249 | avg train loss 0.7311 top1 0.9816 top5 0.9999
    [15:10:37] step 2050/11249 | avg train loss 0.7307 top1 0.9817 top5 0.9999
    [15:11:19] step 2100/11249 | avg train loss 0.7315 top1 0.9817 top5 0.9999
    [15:12:01] step 2150/11249 | avg train loss 0.7309 top1 0.9819 top5 0.9999
    [15:12:43] step 2200/11249 | avg train loss 0.7307 top1 0.9818 top5 0.9999
    [15:13:25] step 2250/11249 | avg train loss 0.7310 top1 0.9816 top5 0.9999
    [15:14:06] step 2300/11249 | avg train loss 0.7309 top1 0.9815 top5 0.9999
    [15:14:48] step 2350/11249 | avg train loss 0.7311 top1 0.9813 top5 0.9999
    [15:15:30] step 2400/11249 | avg train loss 0.7314 top1 0.9809 top5 0.9999
    [15:16:12] step 2450/11249 | avg train loss 0.7315 top1 0.9809 top5 0.9999
    [15:16:54] step 2500/11249 | avg train loss 0.7315 top1 0.9807 top5 0.9999
    [15:17:35] step 2550/11249 | avg train loss 0.7320 top1 0.9802 top5 0.9999
    [15:18:17] step 2600/11249 | avg train loss 0.7319 top1 0.9801 top5 0.9999
    [15:18:59] step 2650/11249 | avg train loss 0.7315 top1 0.9803 top5 0.9999
    [15:19:41] step 2700/11249 | avg train loss 0.7314 top1 0.9801 top5 0.9999
    [15:20:23] step 2750/11249 | avg train loss 0.7311 top1 0.9800 top5 0.9999
    [15:21:05] step 2800/11249 | avg train loss 0.7322 top1 0.9795 top5 0.9998
    [15:21:47] step 2850/11249 | avg train loss 0.7321 top1 0.9796 top5 0.9998
    [15:22:28] step 2900/11249 | avg train loss 0.7319 top1 0.9797 top5 0.9998
    [15:23:10] step 2950/11249 | avg train loss 0.7320 top1 0.9796 top5 0.9998
    [15:23:52] step 3000/11249 | avg train loss 0.7324 top1 0.9792 top5 0.9998
    [15:24:34] step 3050/11249 | avg train loss 0.7324 top1 0.9790 top5 0.9998
    [15:25:16] step 3100/11249 | avg train loss 0.7325 top1 0.9790 top5 0.9998
    [15:25:57] step 3150/11249 | avg train loss 0.7330 top1 0.9790 top5 0.9998
    [15:26:39] step 3200/11249 | avg train loss 0.7329 top1 0.9791 top5 0.9997
    [15:27:21] step 3250/11249 | avg train loss 0.7334 top1 0.9789 top5 0.9997
    [15:28:03] step 3300/11249 | avg train loss 0.7332 top1 0.9791 top5 0.9997
    [15:28:45] step 3350/11249 | avg train loss 0.7335 top1 0.9790 top5 0.9997
    [15:29:26] step 3400/11249 | avg train loss 0.7333 top1 0.9790 top5 0.9997
    [15:30:08] step 3450/11249 | avg train loss 0.7340 top1 0.9788 top5 0.9997
    [15:30:50] step 3500/11249 | avg train loss 0.7340 top1 0.9788 top5 0.9997
    [15:31:32] step 3550/11249 | avg train loss 0.7339 top1 0.9789 top5 0.9997
    [15:32:14] step 3600/11249 | avg train loss 0.7335 top1 0.9790 top5 0.9997
    [15:32:55] step 3650/11249 | avg train loss 0.7339 top1 0.9789 top5 0.9997
    [15:33:37] step 3700/11249 | avg train loss 0.7340 top1 0.9789 top5 0.9997
    [15:34:19] step 3750/11249 | avg train loss 0.7339 top1 0.9790 top5 0.9997
    [15:35:01] step 3800/11249 | avg train loss 0.7340 top1 0.9788 top5 0.9997
    [15:35:43] step 3850/11249 | avg train loss 0.7342 top1 0.9789 top5 0.9997
    [15:36:24] step 3900/11249 | avg train loss 0.7346 top1 0.9788 top5 0.9997
    [15:37:06] step 3950/11249 | avg train loss 0.7347 top1 0.9788 top5 0.9997
    [15:37:48] step 4000/11249 | avg train loss 0.7353 top1 0.9786 top5 0.9997
    [15:38:35] step 4050/11249 | avg train loss 0.7356 top1 0.9785 top5 0.9997
    [15:39:16] step 4100/11249 | avg train loss 0.7353 top1 0.9787 top5 0.9997
    [15:39:58] step 4150/11249 | avg train loss 0.7350 top1 0.9789 top5 0.9997
    [15:40:40] step 4200/11249 | avg train loss 0.7353 top1 0.9788 top5 0.9997
    [15:41:22] step 4250/11249 | avg train loss 0.7352 top1 0.9788 top5 0.9997
    [15:42:03] step 4300/11249 | avg train loss 0.7350 top1 0.9790 top5 0.9997
    [15:42:45] step 4350/11249 | avg train loss 0.7347 top1 0.9791 top5 0.9997
    [15:43:27] step 4400/11249 | avg train loss 0.7346 top1 0.9791 top5 0.9997
    [15:44:09] step 4450/11249 | avg train loss 0.7345 top1 0.9793 top5 0.9997
    [15:44:50] step 4500/11249 | avg train loss 0.7342 top1 0.9794 top5 0.9997
    [15:45:32] step 4550/11249 | avg train loss 0.7344 top1 0.9792 top5 0.9997
    [15:46:14] step 4600/11249 | avg train loss 0.7345 top1 0.9791 top5 0.9997
    [15:46:56] step 4650/11249 | avg train loss 0.7345 top1 0.9791 top5 0.9997
    [15:47:38] step 4700/11249 | avg train loss 0.7345 top1 0.9791 top5 0.9997
    [15:48:20] step 4750/11249 | avg train loss 0.7348 top1 0.9789 top5 0.9997
    [15:49:01] step 4800/11249 | avg train loss 0.7350 top1 0.9789 top5 0.9997
    [15:49:43] step 4850/11249 | avg train loss 0.7353 top1 0.9787 top5 0.9997
    [15:50:25] step 4900/11249 | avg train loss 0.7354 top1 0.9786 top5 0.9997
    [15:51:07] step 4950/11249 | avg train loss 0.7352 top1 0.9787 top5 0.9997
    [15:51:49] step 5000/11249 | avg train loss 0.7352 top1 0.9787 top5 0.9997
    [15:52:31] step 5050/11249 | avg train loss 0.7353 top1 0.9786 top5 0.9997
    [15:53:12] step 5100/11249 | avg train loss 0.7353 top1 0.9787 top5 0.9997
    [15:53:54] step 5150/11249 | avg train loss 0.7352 top1 0.9787 top5 0.9997
    [15:54:36] step 5200/11249 | avg train loss 0.7353 top1 0.9786 top5 0.9997
    [15:55:18] step 5250/11249 | avg train loss 0.7358 top1 0.9783 top5 0.9997
    [15:56:00] step 5300/11249 | avg train loss 0.7356 top1 0.9783 top5 0.9997
    [15:56:41] step 5350/11249 | avg train loss 0.7359 top1 0.9782 top5 0.9997
    [15:57:23] step 5400/11249 | avg train loss 0.7360 top1 0.9781 top5 0.9997
    [15:58:05] step 5450/11249 | avg train loss 0.7359 top1 0.9783 top5 0.9997
    [15:58:47] step 5500/11249 | avg train loss 0.7360 top1 0.9783 top5 0.9997
    [15:59:28] step 5550/11249 | avg train loss 0.7363 top1 0.9782 top5 0.9997
    [16:00:10] step 5600/11249 | avg train loss 0.7364 top1 0.9782 top5 0.9997
    [16:00:52] step 5650/11249 | avg train loss 0.7363 top1 0.9782 top5 0.9997
    [16:01:34] step 5700/11249 | avg train loss 0.7363 top1 0.9782 top5 0.9997
    [16:02:16] step 5750/11249 | avg train loss 0.7364 top1 0.9780 top5 0.9997
    [16:02:58] step 5800/11249 | avg train loss 0.7363 top1 0.9781 top5 0.9997
    [16:03:39] step 5850/11249 | avg train loss 0.7364 top1 0.9780 top5 0.9997
    [16:04:21] step 5900/11249 | avg train loss 0.7361 top1 0.9782 top5 0.9997
    [16:05:03] step 5950/11249 | avg train loss 0.7360 top1 0.9783 top5 0.9997
    [16:05:45] step 6000/11249 | avg train loss 0.7360 top1 0.9783 top5 0.9998
    [16:06:26] step 6050/11249 | avg train loss 0.7360 top1 0.9783 top5 0.9998
    [16:07:08] step 6100/11249 | avg train loss 0.7361 top1 0.9783 top5 0.9998
    [16:07:50] step 6150/11249 | avg train loss 0.7358 top1 0.9785 top5 0.9998
    [16:08:32] step 6200/11249 | avg train loss 0.7358 top1 0.9785 top5 0.9998
    [16:09:14] step 6250/11249 | avg train loss 0.7356 top1 0.9786 top5 0.9998
    [16:09:55] step 6300/11249 | avg train loss 0.7355 top1 0.9787 top5 0.9998
    [16:10:42] step 6350/11249 | avg train loss 0.7357 top1 0.9787 top5 0.9998
    [16:11:24] step 6400/11249 | avg train loss 0.7359 top1 0.9786 top5 0.9998
    [16:12:05] step 6450/11249 | avg train loss 0.7359 top1 0.9786 top5 0.9998
    [16:12:47] step 6500/11249 | avg train loss 0.7362 top1 0.9785 top5 0.9998
    [16:13:29] step 6550/11249 | avg train loss 0.7363 top1 0.9785 top5 0.9998
    [16:14:11] step 6600/11249 | avg train loss 0.7361 top1 0.9786 top5 0.9998
    [16:14:53] step 6650/11249 | avg train loss 0.7362 top1 0.9785 top5 0.9998
    [16:15:35] step 6700/11249 | avg train loss 0.7360 top1 0.9786 top5 0.9998
    [16:16:17] step 6750/11249 | avg train loss 0.7361 top1 0.9785 top5 0.9998
    [16:16:58] step 6800/11249 | avg train loss 0.7361 top1 0.9786 top5 0.9998
    [16:17:40] step 6850/11249 | avg train loss 0.7359 top1 0.9786 top5 0.9998
    [16:18:22] step 6900/11249 | avg train loss 0.7357 top1 0.9787 top5 0.9998
    [16:19:04] step 6950/11249 | avg train loss 0.7357 top1 0.9788 top5 0.9998
    [16:19:46] step 7000/11249 | avg train loss 0.7359 top1 0.9787 top5 0.9998
    [16:20:27] step 7050/11249 | avg train loss 0.7362 top1 0.9785 top5 0.9998
    [16:21:09] step 7100/11249 | avg train loss 0.7362 top1 0.9784 top5 0.9998
    [16:21:51] step 7150/11249 | avg train loss 0.7364 top1 0.9783 top5 0.9998
    [16:22:33] step 7200/11249 | avg train loss 0.7364 top1 0.9783 top5 0.9998
    [16:23:14] step 7250/11249 | avg train loss 0.7363 top1 0.9783 top5 0.9998
    [16:23:56] step 7300/11249 | avg train loss 0.7363 top1 0.9783 top5 0.9998
    [16:24:38] step 7350/11249 | avg train loss 0.7364 top1 0.9782 top5 0.9998
    [16:25:20] step 7400/11249 | avg train loss 0.7363 top1 0.9783 top5 0.9998
    [16:26:02] step 7450/11249 | avg train loss 0.7366 top1 0.9782 top5 0.9998
    [16:26:43] step 7500/11249 | avg train loss 0.7365 top1 0.9782 top5 0.9998
    [16:27:25] step 7550/11249 | avg train loss 0.7363 top1 0.9783 top5 0.9998
    [16:28:07] step 7600/11249 | avg train loss 0.7363 top1 0.9783 top5 0.9998
    [16:28:49] step 7650/11249 | avg train loss 0.7362 top1 0.9783 top5 0.9998
    [16:29:31] step 7700/11249 | avg train loss 0.7364 top1 0.9782 top5 0.9998
    [16:30:12] step 7750/11249 | avg train loss 0.7366 top1 0.9782 top5 0.9998
    [16:30:54] step 7800/11249 | avg train loss 0.7366 top1 0.9782 top5 0.9998
    [16:31:36] step 7850/11249 | avg train loss 0.7368 top1 0.9781 top5 0.9997
    [16:32:18] step 7900/11249 | avg train loss 0.7370 top1 0.9779 top5 0.9997
    [16:32:59] step 7950/11249 | avg train loss 0.7373 top1 0.9778 top5 0.9997
    [16:33:41] step 8000/11249 | avg train loss 0.7374 top1 0.9778 top5 0.9997
    [16:34:23] step 8050/11249 | avg train loss 0.7375 top1 0.9778 top5 0.9997
    [16:35:05] step 8100/11249 | avg train loss 0.7374 top1 0.9777 top5 0.9997
    [16:35:47] step 8150/11249 | avg train loss 0.7374 top1 0.9778 top5 0.9997
    [16:36:28] step 8200/11249 | avg train loss 0.7372 top1 0.9779 top5 0.9997
    [16:37:10] step 8250/11249 | avg train loss 0.7372 top1 0.9779 top5 0.9997
    [16:37:52] step 8300/11249 | avg train loss 0.7371 top1 0.9780 top5 0.9997
    [16:38:34] step 8350/11249 | avg train loss 0.7371 top1 0.9780 top5 0.9997
    [16:39:16] step 8400/11249 | avg train loss 0.7373 top1 0.9780 top5 0.9997
    [16:39:58] step 8450/11249 | avg train loss 0.7375 top1 0.9780 top5 0.9997
    [16:40:39] step 8500/11249 | avg train loss 0.7377 top1 0.9778 top5 0.9997
    [16:41:21] step 8550/11249 | avg train loss 0.7376 top1 0.9777 top5 0.9997
    [16:42:07] step 8600/11249 | avg train loss 0.7376 top1 0.9777 top5 0.9997
    [16:42:49] step 8650/11249 | avg train loss 0.7378 top1 0.9776 top5 0.9997
    [16:43:31] step 8700/11249 | avg train loss 0.7379 top1 0.9775 top5 0.9997
    [16:44:13] step 8750/11249 | avg train loss 0.7381 top1 0.9775 top5 0.9997
    [16:44:55] step 8800/11249 | avg train loss 0.7382 top1 0.9775 top5 0.9997
    [16:45:36] step 8850/11249 | avg train loss 0.7385 top1 0.9774 top5 0.9997
    [16:46:18] step 8900/11249 | avg train loss 0.7384 top1 0.9774 top5 0.9997
    [16:47:00] step 8950/11249 | avg train loss 0.7385 top1 0.9774 top5 0.9997
    [16:47:42] step 9000/11249 | avg train loss 0.7387 top1 0.9774 top5 0.9997
    [16:48:23] step 9050/11249 | avg train loss 0.7387 top1 0.9774 top5 0.9997
    [16:49:05] step 9100/11249 | avg train loss 0.7387 top1 0.9774 top5 0.9997
    [16:49:47] step 9150/11249 | avg train loss 0.7387 top1 0.9774 top5 0.9997
    [16:50:29] step 9200/11249 | avg train loss 0.7386 top1 0.9774 top5 0.9997
    [16:51:11] step 9250/11249 | avg train loss 0.7388 top1 0.9774 top5 0.9997
    [16:51:52] step 9300/11249 | avg train loss 0.7387 top1 0.9774 top5 0.9997
    [16:52:34] step 9350/11249 | avg train loss 0.7389 top1 0.9773 top5 0.9997
    [16:53:16] step 9400/11249 | avg train loss 0.7389 top1 0.9773 top5 0.9997
    [16:53:58] step 9450/11249 | avg train loss 0.7390 top1 0.9772 top5 0.9997
    [16:54:40] step 9500/11249 | avg train loss 0.7390 top1 0.9771 top5 0.9997
    [16:55:22] step 9550/11249 | avg train loss 0.7393 top1 0.9769 top5 0.9997
    [16:56:04] step 9600/11249 | avg train loss 0.7394 top1 0.9769 top5 0.9997
    [16:56:45] step 9650/11249 | avg train loss 0.7394 top1 0.9769 top5 0.9997
    [16:57:27] step 9700/11249 | avg train loss 0.7395 top1 0.9770 top5 0.9997
    [16:58:09] step 9750/11249 | avg train loss 0.7396 top1 0.9769 top5 0.9997
    [16:58:51] step 9800/11249 | avg train loss 0.7395 top1 0.9769 top5 0.9997
    [16:59:32] step 9850/11249 | avg train loss 0.7396 top1 0.9769 top5 0.9997
    [17:00:14] step 9900/11249 | avg train loss 0.7396 top1 0.9769 top5 0.9997
    [17:00:56] step 9950/11249 | avg train loss 0.7395 top1 0.9770 top5 0.9997
    [17:01:38] step 10000/11249 | avg train loss 0.7397 top1 0.9769 top5 0.9997
    [17:02:20] step 10050/11249 | avg train loss 0.7396 top1 0.9769 top5 0.9997
    [17:03:01] step 10100/11249 | avg train loss 0.7397 top1 0.9769 top5 0.9997
    [17:03:43] step 10150/11249 | avg train loss 0.7396 top1 0.9769 top5 0.9997
    [17:04:25] step 10200/11249 | avg train loss 0.7397 top1 0.9769 top5 0.9997
    [17:05:07] step 10250/11249 | avg train loss 0.7396 top1 0.9769 top5 0.9997
    [17:05:49] step 10300/11249 | avg train loss 0.7395 top1 0.9769 top5 0.9997
    [17:06:30] step 10350/11249 | avg train loss 0.7395 top1 0.9769 top5 0.9997
    [17:07:12] step 10400/11249 | avg train loss 0.7397 top1 0.9769 top5 0.9997
    [17:07:54] step 10450/11249 | avg train loss 0.7396 top1 0.9770 top5 0.9997
    [17:08:36] step 10500/11249 | avg train loss 0.7397 top1 0.9770 top5 0.9997
    [17:09:18] step 10550/11249 | avg train loss 0.7396 top1 0.9770 top5 0.9997
    [17:09:59] step 10600/11249 | avg train loss 0.7398 top1 0.9770 top5 0.9997
    [17:10:41] step 10650/11249 | avg train loss 0.7398 top1 0.9770 top5 0.9997
    [17:11:23] step 10700/11249 | avg train loss 0.7399 top1 0.9770 top5 0.9997
    [17:12:05] step 10750/11249 | avg train loss 0.7398 top1 0.9770 top5 0.9997
    [17:12:47] step 10800/11249 | avg train loss 0.7400 top1 0.9769 top5 0.9997
    [17:13:30] step 10850/11249 | avg train loss 0.7400 top1 0.9769 top5 0.9997
    [17:14:15] step 10900/11249 | avg train loss 0.7400 top1 0.9769 top5 0.9997
    [17:14:57] step 10950/11249 | avg train loss 0.7400 top1 0.9769 top5 0.9997
    [17:15:39] step 11000/11249 | avg train loss 0.7402 top1 0.9768 top5 0.9997
    [17:16:20] step 11050/11249 | avg train loss 0.7401 top1 0.9768 top5 0.9997
    [17:17:02] step 11100/11249 | avg train loss 0.7403 top1 0.9767 top5 0.9997
    [17:17:44] step 11150/11249 | avg train loss 0.7403 top1 0.9767 top5 0.9997
    [17:18:26] step 11200/11249 | avg train loss 0.7407 top1 0.9765 top5 0.9997
    [17:19:07] step 11249/11249 | avg train loss 0.7407 top1 0.9765 top5 0.9997
Epoch 11/15 | train loss 0.7407 top1 0.9765 | val loss 1.2882 top1 0.7041 top5 0.8867 | ema val top1 0.7051 top5 0.8913
    [17:38:36] step 50/11249 | avg train loss 0.7110 top1 0.9900 top5 1.0000
    [17:39:18] step 100/11249 | avg train loss 0.7044 top1 0.9925 top5 1.0000
    [17:40:00] step 150/11249 | avg train loss 0.7120 top1 0.9883 top5 1.0000
    [17:40:41] step 200/11249 | avg train loss 0.7092 top1 0.9888 top5 1.0000
    [17:41:23] step 250/11249 | avg train loss 0.7112 top1 0.9890 top5 1.0000
    [17:42:05] step 300/11249 | avg train loss 0.7116 top1 0.9883 top5 1.0000
    [17:42:47] step 350/11249 | avg train loss 0.7103 top1 0.9893 top5 1.0000
    [17:43:28] step 400/11249 | avg train loss 0.7099 top1 0.9900 top5 1.0000
    [17:44:15] step 450/11249 | avg train loss 0.7085 top1 0.9911 top5 1.0000
    [17:44:57] step 500/11249 | avg train loss 0.7104 top1 0.9910 top5 1.0000
    [17:45:38] step 550/11249 | avg train loss 0.7105 top1 0.9909 top5 1.0000
    [17:46:20] step 600/11249 | avg train loss 0.7093 top1 0.9912 top5 1.0000
    [17:47:02] step 650/11249 | avg train loss 0.7084 top1 0.9915 top5 1.0000
    [17:47:44] step 700/11249 | avg train loss 0.7071 top1 0.9918 top5 1.0000
    [17:48:25] step 750/11249 | avg train loss 0.7070 top1 0.9920 top5 1.0000
    [17:49:07] step 800/11249 | avg train loss 0.7069 top1 0.9919 top5 1.0000
    [17:49:49] step 850/11249 | avg train loss 0.7068 top1 0.9918 top5 1.0000
    [17:50:31] step 900/11249 | avg train loss 0.7069 top1 0.9917 top5 1.0000
    [17:51:13] step 950/11249 | avg train loss 0.7087 top1 0.9905 top5 1.0000
    [17:51:54] step 1000/11249 | avg train loss 0.7082 top1 0.9910 top5 1.0000
    [17:52:36] step 1050/11249 | avg train loss 0.7077 top1 0.9910 top5 1.0000
    [17:53:18] step 1100/11249 | avg train loss 0.7075 top1 0.9909 top5 1.0000
    [17:54:00] step 1150/11249 | avg train loss 0.7070 top1 0.9909 top5 1.0000
    [17:54:42] step 1200/11249 | avg train loss 0.7066 top1 0.9910 top5 1.0000
    [17:55:23] step 1250/11249 | avg train loss 0.7066 top1 0.9908 top5 1.0000
    [17:56:05] step 1300/11249 | avg train loss 0.7066 top1 0.9910 top5 1.0000
    [17:56:47] step 1350/11249 | avg train loss 0.7070 top1 0.9907 top5 1.0000
    [17:57:29] step 1400/11249 | avg train loss 0.7074 top1 0.9904 top5 1.0000
    [17:58:10] step 1450/11249 | avg train loss 0.7072 top1 0.9902 top5 1.0000
    [17:58:52] step 1500/11249 | avg train loss 0.7075 top1 0.9897 top5 1.0000
    [17:59:34] step 1550/11249 | avg train loss 0.7083 top1 0.9892 top5 1.0000
    [18:00:16] step 1600/11249 | avg train loss 0.7081 top1 0.9894 top5 1.0000
    [18:00:58] step 1650/11249 | avg train loss 0.7083 top1 0.9894 top5 1.0000
    [18:01:39] step 1700/11249 | avg train loss 0.7080 top1 0.9896 top5 1.0000
    [18:02:21] step 1750/11249 | avg train loss 0.7080 top1 0.9894 top5 1.0000
    [18:03:03] step 1800/11249 | avg train loss 0.7076 top1 0.9897 top5 1.0000
    [18:03:45] step 1850/11249 | avg train loss 0.7078 top1 0.9897 top5 1.0000
    [18:04:26] step 1900/11249 | avg train loss 0.7086 top1 0.9896 top5 1.0000
    [18:05:08] step 1950/11249 | avg train loss 0.7085 top1 0.9897 top5 1.0000
    [18:05:50] step 2000/11249 | avg train loss 0.7084 top1 0.9898 top5 1.0000
    [18:06:32] step 2050/11249 | avg train loss 0.7083 top1 0.9898 top5 1.0000
    [18:07:14] step 2100/11249 | avg train loss 0.7080 top1 0.9900 top5 1.0000
    [18:07:55] step 2150/11249 | avg train loss 0.7079 top1 0.9901 top5 1.0000
    [18:08:37] step 2200/11249 | avg train loss 0.7084 top1 0.9900 top5 1.0000
    [18:09:19] step 2250/11249 | avg train loss 0.7081 top1 0.9901 top5 1.0000
    [18:10:01] step 2300/11249 | avg train loss 0.7086 top1 0.9899 top5 1.0000
    [18:10:42] step 2350/11249 | avg train loss 0.7090 top1 0.9897 top5 1.0000
    [18:11:24] step 2400/11249 | avg train loss 0.7087 top1 0.9899 top5 1.0000
    [18:12:06] step 2450/11249 | avg train loss 0.7086 top1 0.9899 top5 1.0000
    [18:12:48] step 2500/11249 | avg train loss 0.7084 top1 0.9900 top5 1.0000
    [18:13:29] step 2550/11249 | avg train loss 0.7084 top1 0.9898 top5 1.0000
    [18:14:11] step 2600/11249 | avg train loss 0.7082 top1 0.9899 top5 1.0000
    [18:14:53] step 2650/11249 | avg train loss 0.7082 top1 0.9899 top5 1.0000
    [18:15:39] step 2700/11249 | avg train loss 0.7084 top1 0.9896 top5 1.0000
    [18:16:21] step 2750/11249 | avg train loss 0.7085 top1 0.9895 top5 1.0000
    [18:17:03] step 2800/11249 | avg train loss 0.7088 top1 0.9893 top5 1.0000
    [18:17:45] step 2850/11249 | avg train loss 0.7091 top1 0.9892 top5 1.0000
    [18:18:26] step 2900/11249 | avg train loss 0.7089 top1 0.9894 top5 1.0000
    [18:19:08] step 2950/11249 | avg train loss 0.7086 top1 0.9895 top5 1.0000
    [18:19:50] step 3000/11249 | avg train loss 0.7089 top1 0.9894 top5 1.0000
    [18:20:32] step 3050/11249 | avg train loss 0.7089 top1 0.9895 top5 1.0000
    [18:21:14] step 3100/11249 | avg train loss 0.7092 top1 0.9895 top5 1.0000
    [18:21:55] step 3150/11249 | avg train loss 0.7090 top1 0.9896 top5 1.0000
    [18:22:37] step 3200/11249 | avg train loss 0.7090 top1 0.9895 top5 1.0000
    [18:23:19] step 3250/11249 | avg train loss 0.7091 top1 0.9895 top5 1.0000
    [18:24:01] step 3300/11249 | avg train loss 0.7089 top1 0.9895 top5 1.0000
    [18:24:42] step 3350/11249 | avg train loss 0.7089 top1 0.9896 top5 1.0000
    [18:25:24] step 3400/11249 | avg train loss 0.7090 top1 0.9895 top5 1.0000
    [18:26:06] step 3450/11249 | avg train loss 0.7088 top1 0.9895 top5 1.0000
    [18:26:48] step 3500/11249 | avg train loss 0.7096 top1 0.9892 top5 1.0000
    [18:27:30] step 3550/11249 | avg train loss 0.7095 top1 0.9892 top5 1.0000
    [18:28:12] step 3600/11249 | avg train loss 0.7094 top1 0.9893 top5 1.0000
    [18:28:53] step 3650/11249 | avg train loss 0.7097 top1 0.9891 top5 1.0000
    [18:29:35] step 3700/11249 | avg train loss 0.7096 top1 0.9891 top5 1.0000
    [18:30:17] step 3750/11249 | avg train loss 0.7095 top1 0.9891 top5 1.0000
    [18:30:59] step 3800/11249 | avg train loss 0.7094 top1 0.9891 top5 1.0000
    [18:31:41] step 3850/11249 | avg train loss 0.7092 top1 0.9892 top5 1.0000
    [18:32:22] step 3900/11249 | avg train loss 0.7089 top1 0.9893 top5 1.0000
    [18:33:04] step 3950/11249 | avg train loss 0.7087 top1 0.9894 top5 1.0000
    [18:33:46] step 4000/11249 | avg train loss 0.7086 top1 0.9894 top5 1.0000
    [18:34:28] step 4050/11249 | avg train loss 0.7088 top1 0.9893 top5 1.0000
    [18:35:10] step 4100/11249 | avg train loss 0.7093 top1 0.9892 top5 0.9999
    [18:35:51] step 4150/11249 | avg train loss 0.7093 top1 0.9893 top5 0.9999
    [18:36:34] step 4200/11249 | avg train loss 0.7095 top1 0.9891 top5 0.9999
    [18:37:15] step 4250/11249 | avg train loss 0.7097 top1 0.9891 top5 0.9999
    [18:37:57] step 4300/11249 | avg train loss 0.7095 top1 0.9892 top5 0.9999
    [18:38:39] step 4350/11249 | avg train loss 0.7096 top1 0.9892 top5 0.9999
    [18:39:21] step 4400/11249 | avg train loss 0.7095 top1 0.9893 top5 0.9999
    [18:40:02] step 4450/11249 | avg train loss 0.7094 top1 0.9892 top5 0.9999
    [18:40:44] step 4500/11249 | avg train loss 0.7095 top1 0.9891 top5 0.9999
    [18:41:26] step 4550/11249 | avg train loss 0.7094 top1 0.9892 top5 0.9999
    [18:42:08] step 4600/11249 | avg train loss 0.7094 top1 0.9892 top5 0.9999
    [18:42:49] step 4650/11249 | avg train loss 0.7094 top1 0.9892 top5 0.9999
    [18:43:31] step 4700/11249 | avg train loss 0.7096 top1 0.9892 top5 0.9999
    [18:44:13] step 4750/11249 | avg train loss 0.7096 top1 0.9892 top5 0.9999
    [18:44:55] step 4800/11249 | avg train loss 0.7096 top1 0.9891 top5 0.9999
    [18:45:37] step 4850/11249 | avg train loss 0.7095 top1 0.9891 top5 0.9999
    [18:46:18] step 4900/11249 | avg train loss 0.7096 top1 0.9890 top5 0.9999
    [18:47:01] step 4950/11249 | avg train loss 0.7096 top1 0.9891 top5 0.9999
    [18:47:46] step 5000/11249 | avg train loss 0.7096 top1 0.9890 top5 0.9999
    [18:48:28] step 5050/11249 | avg train loss 0.7096 top1 0.9891 top5 0.9999
    [18:49:10] step 5100/11249 | avg train loss 0.7094 top1 0.9892 top5 0.9999
    [18:49:51] step 5150/11249 | avg train loss 0.7096 top1 0.9891 top5 0.9999
    [18:50:33] step 5200/11249 | avg train loss 0.7095 top1 0.9891 top5 0.9999
    [18:51:15] step 5250/11249 | avg train loss 0.7098 top1 0.9890 top5 0.9999
    [18:51:57] step 5300/11249 | avg train loss 0.7098 top1 0.9890 top5 0.9999
    [18:52:39] step 5350/11249 | avg train loss 0.7098 top1 0.9889 top5 0.9999
    [18:53:20] step 5400/11249 | avg train loss 0.7100 top1 0.9888 top5 0.9999
    [18:54:02] step 5450/11249 | avg train loss 0.7101 top1 0.9888 top5 0.9999
    [18:54:44] step 5500/11249 | avg train loss 0.7102 top1 0.9887 top5 0.9999
    [18:55:26] step 5550/11249 | avg train loss 0.7106 top1 0.9886 top5 0.9999
    [18:56:07] step 5600/11249 | avg train loss 0.7107 top1 0.9886 top5 0.9999
    [18:56:49] step 5650/11249 | avg train loss 0.7109 top1 0.9885 top5 0.9998
    [18:57:31] step 5700/11249 | avg train loss 0.7111 top1 0.9884 top5 0.9998
    [18:58:13] step 5750/11249 | avg train loss 0.7111 top1 0.9883 top5 0.9998
    [18:58:55] step 5800/11249 | avg train loss 0.7111 top1 0.9884 top5 0.9998
    [18:59:37] step 5850/11249 | avg train loss 0.7109 top1 0.9885 top5 0.9998
    [19:00:18] step 5900/11249 | avg train loss 0.7113 top1 0.9881 top5 0.9998
    [19:01:00] step 5950/11249 | avg train loss 0.7116 top1 0.9881 top5 0.9998
    [19:01:42] step 6000/11249 | avg train loss 0.7116 top1 0.9881 top5 0.9998
    [19:02:24] step 6050/11249 | avg train loss 0.7117 top1 0.9880 top5 0.9998
    [19:03:06] step 6100/11249 | avg train loss 0.7117 top1 0.9880 top5 0.9998
    [19:03:47] step 6150/11249 | avg train loss 0.7122 top1 0.9878 top5 0.9998
    [19:04:29] step 6200/11249 | avg train loss 0.7120 top1 0.9879 top5 0.9998
    [19:05:11] step 6250/11249 | avg train loss 0.7122 top1 0.9878 top5 0.9998
    [19:05:53] step 6300/11249 | avg train loss 0.7120 top1 0.9879 top5 0.9998
    [19:06:35] step 6350/11249 | avg train loss 0.7119 top1 0.9880 top5 0.9998
    [19:07:16] step 6400/11249 | avg train loss 0.7119 top1 0.9880 top5 0.9998
    [19:07:58] step 6450/11249 | avg train loss 0.7119 top1 0.9880 top5 0.9998
    [19:08:40] step 6500/11249 | avg train loss 0.7120 top1 0.9880 top5 0.9998
    [19:09:22] step 6550/11249 | avg train loss 0.7120 top1 0.9879 top5 0.9998
    [19:10:04] step 6600/11249 | avg train loss 0.7122 top1 0.9878 top5 0.9998
    [19:10:46] step 6650/11249 | avg train loss 0.7122 top1 0.9879 top5 0.9998
    [19:11:28] step 6700/11249 | avg train loss 0.7121 top1 0.9878 top5 0.9998
    [19:12:09] step 6750/11249 | avg train loss 0.7121 top1 0.9879 top5 0.9998
    [19:12:51] step 6800/11249 | avg train loss 0.7120 top1 0.9879 top5 0.9998
    [19:13:33] step 6850/11249 | avg train loss 0.7120 top1 0.9880 top5 0.9998
    [19:14:15] step 6900/11249 | avg train loss 0.7121 top1 0.9880 top5 0.9998
    [19:14:57] step 6950/11249 | avg train loss 0.7122 top1 0.9879 top5 0.9998
    [19:15:38] step 7000/11249 | avg train loss 0.7123 top1 0.9878 top5 0.9998
    [19:16:20] step 7050/11249 | avg train loss 0.7123 top1 0.9878 top5 0.9998
    [19:17:02] step 7100/11249 | avg train loss 0.7123 top1 0.9878 top5 0.9998
    [19:17:44] step 7150/11249 | avg train loss 0.7123 top1 0.9877 top5 0.9998
    [19:18:25] step 7200/11249 | avg train loss 0.7122 top1 0.9877 top5 0.9998
    [19:19:12] step 7250/11249 | avg train loss 0.7121 top1 0.9878 top5 0.9998
    [19:19:53] step 7300/11249 | avg train loss 0.7123 top1 0.9877 top5 0.9998
    [19:20:35] step 7350/11249 | avg train loss 0.7122 top1 0.9877 top5 0.9998
    [19:21:17] step 7400/11249 | avg train loss 0.7122 top1 0.9876 top5 0.9998
    [19:21:59] step 7450/11249 | avg train loss 0.7122 top1 0.9876 top5 0.9998
    [19:22:40] step 7500/11249 | avg train loss 0.7121 top1 0.9877 top5 0.9998
    [19:23:22] step 7550/11249 | avg train loss 0.7119 top1 0.9877 top5 0.9998
    [19:24:04] step 7600/11249 | avg train loss 0.7119 top1 0.9878 top5 0.9998
    [19:24:46] step 7650/11249 | avg train loss 0.7118 top1 0.9877 top5 0.9998
    [19:25:27] step 7700/11249 | avg train loss 0.7118 top1 0.9877 top5 0.9998
    [19:26:09] step 7750/11249 | avg train loss 0.7118 top1 0.9877 top5 0.9998
    [19:26:51] step 7800/11249 | avg train loss 0.7118 top1 0.9878 top5 0.9998
    [19:27:33] step 7850/11249 | avg train loss 0.7117 top1 0.9878 top5 0.9998
    [19:28:15] step 7900/11249 | avg train loss 0.7117 top1 0.9878 top5 0.9998
    [19:28:56] step 7950/11249 | avg train loss 0.7116 top1 0.9878 top5 0.9998
    [19:29:38] step 8000/11249 | avg train loss 0.7117 top1 0.9878 top5 0.9998
    [19:30:20] step 8050/11249 | avg train loss 0.7116 top1 0.9878 top5 0.9998
    [19:31:02] step 8100/11249 | avg train loss 0.7117 top1 0.9878 top5 0.9998
    [19:31:44] step 8150/11249 | avg train loss 0.7117 top1 0.9878 top5 0.9998
    [19:32:26] step 8200/11249 | avg train loss 0.7116 top1 0.9878 top5 0.9998
    [19:33:08] step 8250/11249 | avg train loss 0.7118 top1 0.9877 top5 0.9998
    [19:33:49] step 8300/11249 | avg train loss 0.7118 top1 0.9877 top5 0.9998
    [19:34:31] step 8350/11249 | avg train loss 0.7117 top1 0.9877 top5 0.9999
    [19:35:13] step 8400/11249 | avg train loss 0.7118 top1 0.9876 top5 0.9999
    [19:35:55] step 8450/11249 | avg train loss 0.7117 top1 0.9876 top5 0.9999
    [19:36:37] step 8500/11249 | avg train loss 0.7118 top1 0.9876 top5 0.9999
    [19:37:18] step 8550/11249 | avg train loss 0.7117 top1 0.9877 top5 0.9999
    [19:38:00] step 8600/11249 | avg train loss 0.7118 top1 0.9876 top5 0.9999
    [19:38:42] step 8650/11249 | avg train loss 0.7121 top1 0.9875 top5 0.9999
    [19:39:24] step 8700/11249 | avg train loss 0.7124 top1 0.9873 top5 0.9999
    [19:40:06] step 8750/11249 | avg train loss 0.7126 top1 0.9872 top5 0.9999
    [19:40:47] step 8800/11249 | avg train loss 0.7125 top1 0.9872 top5 0.9999
    [19:41:29] step 8850/11249 | avg train loss 0.7126 top1 0.9872 top5 0.9999
    [19:42:11] step 8900/11249 | avg train loss 0.7125 top1 0.9872 top5 0.9999
    [19:42:53] step 8950/11249 | avg train loss 0.7124 top1 0.9873 top5 0.9999
    [19:43:35] step 9000/11249 | avg train loss 0.7124 top1 0.9873 top5 0.9999
    [19:44:16] step 9050/11249 | avg train loss 0.7125 top1 0.9872 top5 0.9999
    [19:44:58] step 9100/11249 | avg train loss 0.7125 top1 0.9873 top5 0.9999
    [19:45:40] step 9150/11249 | avg train loss 0.7125 top1 0.9872 top5 0.9999
    [19:46:22] step 9200/11249 | avg train loss 0.7125 top1 0.9872 top5 0.9998
    [19:47:03] step 9250/11249 | avg train loss 0.7127 top1 0.9872 top5 0.9998
    [19:47:45] step 9300/11249 | avg train loss 0.7127 top1 0.9872 top5 0.9998
    [19:48:27] step 9350/11249 | avg train loss 0.7126 top1 0.9872 top5 0.9998
    [19:49:09] step 9400/11249 | avg train loss 0.7129 top1 0.9871 top5 0.9998
    [19:49:50] step 9450/11249 | avg train loss 0.7130 top1 0.9871 top5 0.9998
    [19:50:36] step 9500/11249 | avg train loss 0.7130 top1 0.9870 top5 0.9998
    [19:51:19] step 9550/11249 | avg train loss 0.7132 top1 0.9870 top5 0.9998
    [19:52:00] step 9600/11249 | avg train loss 0.7132 top1 0.9870 top5 0.9998
    [19:52:42] step 9650/11249 | avg train loss 0.7131 top1 0.9870 top5 0.9998
    [19:53:24] step 9700/11249 | avg train loss 0.7131 top1 0.9870 top5 0.9998
    [19:54:06] step 9750/11249 | avg train loss 0.7130 top1 0.9871 top5 0.9998
    [19:54:48] step 9800/11249 | avg train loss 0.7132 top1 0.9870 top5 0.9998
    [19:55:29] step 9850/11249 | avg train loss 0.7134 top1 0.9870 top5 0.9998
    [19:56:11] step 9900/11249 | avg train loss 0.7133 top1 0.9870 top5 0.9998
    [19:56:53] step 9950/11249 | avg train loss 0.7134 top1 0.9870 top5 0.9998
    [19:57:35] step 10000/11249 | avg train loss 0.7137 top1 0.9869 top5 0.9999
    [19:58:17] step 10050/11249 | avg train loss 0.7136 top1 0.9869 top5 0.9999
    [19:58:58] step 10100/11249 | avg train loss 0.7135 top1 0.9870 top5 0.9999
    [19:59:40] step 10150/11249 | avg train loss 0.7134 top1 0.9870 top5 0.9999
    [20:00:22] step 10200/11249 | avg train loss 0.7135 top1 0.9869 top5 0.9999
    [20:01:04] step 10250/11249 | avg train loss 0.7136 top1 0.9868 top5 0.9999
    [20:01:46] step 10300/11249 | avg train loss 0.7137 top1 0.9868 top5 0.9999
    [20:02:28] step 10350/11249 | avg train loss 0.7138 top1 0.9868 top5 0.9999
    [20:03:10] step 10400/11249 | avg train loss 0.7139 top1 0.9867 top5 0.9999
    [20:03:51] step 10450/11249 | avg train loss 0.7140 top1 0.9866 top5 0.9999
    [20:04:33] step 10500/11249 | avg train loss 0.7140 top1 0.9866 top5 0.9999
    [20:05:15] step 10550/11249 | avg train loss 0.7141 top1 0.9866 top5 0.9999
    [20:05:57] step 10600/11249 | avg train loss 0.7140 top1 0.9866 top5 0.9999
    [20:06:39] step 10650/11249 | avg train loss 0.7140 top1 0.9865 top5 0.9999
    [20:07:20] step 10700/11249 | avg train loss 0.7142 top1 0.9865 top5 0.9998
    [20:08:02] step 10750/11249 | avg train loss 0.7143 top1 0.9865 top5 0.9998
    [20:08:44] step 10800/11249 | avg train loss 0.7143 top1 0.9865 top5 0.9998
    [20:09:26] step 10850/11249 | avg train loss 0.7143 top1 0.9865 top5 0.9998
    [20:10:08] step 10900/11249 | avg train loss 0.7144 top1 0.9865 top5 0.9998
    [20:10:49] step 10950/11249 | avg train loss 0.7145 top1 0.9865 top5 0.9998
    [20:11:31] step 11000/11249 | avg train loss 0.7145 top1 0.9864 top5 0.9998
    [20:12:13] step 11050/11249 | avg train loss 0.7146 top1 0.9864 top5 0.9998
    [20:12:55] step 11100/11249 | avg train loss 0.7145 top1 0.9864 top5 0.9998
    [20:13:37] step 11150/11249 | avg train loss 0.7147 top1 0.9864 top5 0.9998
    [20:14:19] step 11200/11249 | avg train loss 0.7148 top1 0.9864 top5 0.9998
    [20:14:59] step 11249/11249 | avg train loss 0.7147 top1 0.9864 top5 0.9998
Epoch 12/15 | train loss 0.7147 top1 0.9864 | val loss 1.3454 top1 0.6916 top5 0.8799 | ema val top1 0.6992 top5 0.8842
    [20:34:31] step 50/11249 | avg train loss 0.7066 top1 0.9850 top5 1.0000
    [20:35:13] step 100/11249 | avg train loss 0.7024 top1 0.9875 top5 1.0000
    [20:35:55] step 150/11249 | avg train loss 0.7041 top1 0.9883 top5 1.0000
    [20:36:36] step 200/11249 | avg train loss 0.7035 top1 0.9888 top5 1.0000
    [20:37:18] step 250/11249 | avg train loss 0.7022 top1 0.9890 top5 1.0000
    [20:38:00] step 300/11249 | avg train loss 0.7026 top1 0.9892 top5 1.0000
    [20:38:42] step 350/11249 | avg train loss 0.7014 top1 0.9907 top5 1.0000
    [20:39:23] step 400/11249 | avg train loss 0.7002 top1 0.9912 top5 1.0000
    [20:40:05] step 450/11249 | avg train loss 0.6991 top1 0.9917 top5 1.0000
    [20:40:47] step 500/11249 | avg train loss 0.6984 top1 0.9920 top5 1.0000
    [20:41:29] step 550/11249 | avg train loss 0.6990 top1 0.9918 top5 1.0000
    [20:42:11] step 600/11249 | avg train loss 0.6985 top1 0.9921 top5 1.0000
    [20:42:52] step 650/11249 | avg train loss 0.6975 top1 0.9927 top5 1.0000
    [20:43:34] step 700/11249 | avg train loss 0.6966 top1 0.9932 top5 1.0000
    [20:44:16] step 750/11249 | avg train loss 0.6958 top1 0.9937 top5 1.0000
    [20:44:58] step 800/11249 | avg train loss 0.6961 top1 0.9934 top5 1.0000
    [20:45:40] step 850/11249 | avg train loss 0.6968 top1 0.9932 top5 1.0000
    [20:46:21] step 900/11249 | avg train loss 0.6965 top1 0.9933 top5 1.0000
    [20:47:03] step 950/11249 | avg train loss 0.6959 top1 0.9937 top5 1.0000
    [20:47:45] step 1000/11249 | avg train loss 0.6957 top1 0.9940 top5 1.0000
    [20:48:27] step 1050/11249 | avg train loss 0.6964 top1 0.9940 top5 1.0000
    [20:49:09] step 1100/11249 | avg train loss 0.6977 top1 0.9936 top5 1.0000
    [20:49:51] step 1150/11249 | avg train loss 0.6975 top1 0.9935 top5 1.0000
    [20:50:32] step 1200/11249 | avg train loss 0.6969 top1 0.9938 top5 1.0000
    [20:51:14] step 1250/11249 | avg train loss 0.6975 top1 0.9936 top5 1.0000
    [20:51:56] step 1300/11249 | avg train loss 0.6986 top1 0.9927 top5 1.0000
    [20:52:43] step 1350/11249 | avg train loss 0.6982 top1 0.9930 top5 1.0000
    [20:53:24] step 1400/11249 | avg train loss 0.6984 top1 0.9930 top5 1.0000
    [20:54:06] step 1450/11249 | avg train loss 0.6983 top1 0.9931 top5 1.0000
    [20:54:48] step 1500/11249 | avg train loss 0.6978 top1 0.9933 top5 1.0000
    [20:55:30] step 1550/11249 | avg train loss 0.6974 top1 0.9935 top5 1.0000
    [20:56:11] step 1600/11249 | avg train loss 0.6971 top1 0.9938 top5 1.0000
    [20:56:53] step 1650/11249 | avg train loss 0.6970 top1 0.9939 top5 1.0000
    [20:57:35] step 1700/11249 | avg train loss 0.6974 top1 0.9938 top5 1.0000
    [20:58:17] step 1750/11249 | avg train loss 0.6976 top1 0.9939 top5 1.0000
    [20:58:59] step 1800/11249 | avg train loss 0.6979 top1 0.9936 top5 1.0000
    [20:59:40] step 1850/11249 | avg train loss 0.6980 top1 0.9938 top5 1.0000
    [21:00:22] step 1900/11249 | avg train loss 0.6975 top1 0.9939 top5 1.0000
    [21:01:04] step 1950/11249 | avg train loss 0.6972 top1 0.9941 top5 1.0000
    [21:01:46] step 2000/11249 | avg train loss 0.6968 top1 0.9942 top5 1.0000
    [21:02:28] step 2050/11249 | avg train loss 0.6967 top1 0.9944 top5 1.0000
    [21:03:10] step 2100/11249 | avg train loss 0.6974 top1 0.9943 top5 1.0000
    [21:03:51] step 2150/11249 | avg train loss 0.6975 top1 0.9942 top5 1.0000
    [21:04:33] step 2200/11249 | avg train loss 0.6974 top1 0.9942 top5 1.0000
    [21:05:15] step 2250/11249 | avg train loss 0.6984 top1 0.9939 top5 0.9999
    [21:05:57] step 2300/11249 | avg train loss 0.6984 top1 0.9939 top5 0.9999
    [21:06:38] step 2350/11249 | avg train loss 0.6984 top1 0.9938 top5 0.9999
    [21:07:20] step 2400/11249 | avg train loss 0.6985 top1 0.9938 top5 0.9999
    [21:08:02] step 2450/11249 | avg train loss 0.6982 top1 0.9939 top5 0.9999
    [21:08:44] step 2500/11249 | avg train loss 0.6980 top1 0.9940 top5 0.9999
    [21:09:25] step 2550/11249 | avg train loss 0.6984 top1 0.9937 top5 0.9999
    [21:10:07] step 2600/11249 | avg train loss 0.6983 top1 0.9938 top5 0.9999
    [21:10:49] step 2650/11249 | avg train loss 0.6981 top1 0.9939 top5 0.9999
    [21:11:31] step 2700/11249 | avg train loss 0.6978 top1 0.9940 top5 0.9999
    [21:12:13] step 2750/11249 | avg train loss 0.6976 top1 0.9939 top5 0.9999
    [21:12:54] step 2800/11249 | avg train loss 0.6974 top1 0.9939 top5 0.9999
    [21:13:36] step 2850/11249 | avg train loss 0.6972 top1 0.9940 top5 0.9999
    [21:14:18] step 2900/11249 | avg train loss 0.6971 top1 0.9941 top5 0.9999
    [21:15:00] step 2950/11249 | avg train loss 0.6971 top1 0.9941 top5 0.9999
    [21:15:41] step 3000/11249 | avg train loss 0.6969 top1 0.9942 top5 0.9999
    [21:16:23] step 3050/11249 | avg train loss 0.6967 top1 0.9943 top5 0.9999
    [21:17:05] step 3100/11249 | avg train loss 0.6966 top1 0.9943 top5 0.9999
    [21:17:47] step 3150/11249 | avg train loss 0.6967 top1 0.9942 top5 0.9999
    [21:18:29] step 3200/11249 | avg train loss 0.6966 top1 0.9942 top5 0.9999
    [21:19:11] step 3250/11249 | avg train loss 0.6966 top1 0.9941 top5 0.9999
    [21:19:52] step 3300/11249 | avg train loss 0.6965 top1 0.9942 top5 0.9999
    [21:20:34] step 3350/11249 | avg train loss 0.6965 top1 0.9941 top5 0.9999
    [21:21:16] step 3400/11249 | avg train loss 0.6964 top1 0.9942 top5 0.9999
    [21:21:58] step 3450/11249 | avg train loss 0.6964 top1 0.9942 top5 0.9999
    [21:22:39] step 3500/11249 | avg train loss 0.6964 top1 0.9942 top5 0.9999
    [21:23:21] step 3550/11249 | avg train loss 0.6965 top1 0.9941 top5 0.9999
    [21:24:06] step 3600/11249 | avg train loss 0.6965 top1 0.9942 top5 0.9999
    [21:24:49] step 3650/11249 | avg train loss 0.6965 top1 0.9942 top5 0.9999
    [21:25:31] step 3700/11249 | avg train loss 0.6969 top1 0.9941 top5 0.9999
    [21:26:13] step 3750/11249 | avg train loss 0.6970 top1 0.9940 top5 0.9999
    [21:26:54] step 3800/11249 | avg train loss 0.6969 top1 0.9940 top5 0.9999
    [21:27:36] step 3850/11249 | avg train loss 0.6971 top1 0.9939 top5 0.9999
    [21:28:18] step 3900/11249 | avg train loss 0.6971 top1 0.9939 top5 0.9999
    [21:29:00] step 3950/11249 | avg train loss 0.6971 top1 0.9939 top5 0.9999
    [21:29:41] step 4000/11249 | avg train loss 0.6969 top1 0.9939 top5 0.9999
    [21:30:23] step 4050/11249 | avg train loss 0.6976 top1 0.9938 top5 0.9998
    [21:31:05] step 4100/11249 | avg train loss 0.6975 top1 0.9939 top5 0.9998
    [21:31:47] step 4150/11249 | avg train loss 0.6974 top1 0.9939 top5 0.9998
    [21:32:28] step 4200/11249 | avg train loss 0.6977 top1 0.9939 top5 0.9998
    [21:33:10] step 4250/11249 | avg train loss 0.6978 top1 0.9938 top5 0.9998
    [21:33:52] step 4300/11249 | avg train loss 0.6977 top1 0.9939 top5 0.9998
    [21:34:33] step 4350/11249 | avg train loss 0.6980 top1 0.9938 top5 0.9998
    [21:35:15] step 4400/11249 | avg train loss 0.6978 top1 0.9939 top5 0.9998
    [21:35:57] step 4450/11249 | avg train loss 0.6977 top1 0.9939 top5 0.9998
    [21:36:39] step 4500/11249 | avg train loss 0.6976 top1 0.9940 top5 0.9998
    [21:37:21] step 4550/11249 | avg train loss 0.6975 top1 0.9941 top5 0.9998
    [21:38:02] step 4600/11249 | avg train loss 0.6975 top1 0.9941 top5 0.9998
    [21:38:44] step 4650/11249 | avg train loss 0.6974 top1 0.9941 top5 0.9998
    [21:39:26] step 4700/11249 | avg train loss 0.6972 top1 0.9942 top5 0.9998
    [21:40:08] step 4750/11249 | avg train loss 0.6971 top1 0.9942 top5 0.9998
    [21:40:49] step 4800/11249 | avg train loss 0.6971 top1 0.9942 top5 0.9998
    [21:41:31] step 4850/11249 | avg train loss 0.6974 top1 0.9941 top5 0.9998
    [21:42:13] step 4900/11249 | avg train loss 0.6973 top1 0.9941 top5 0.9998
    [21:42:55] step 4950/11249 | avg train loss 0.6972 top1 0.9941 top5 0.9998
    [21:43:36] step 5000/11249 | avg train loss 0.6972 top1 0.9941 top5 0.9999
    [21:44:18] step 5050/11249 | avg train loss 0.6972 top1 0.9941 top5 0.9999
    [21:45:00] step 5100/11249 | avg train loss 0.6972 top1 0.9941 top5 0.9999
    [21:45:42] step 5150/11249 | avg train loss 0.6970 top1 0.9941 top5 0.9999
    [21:46:23] step 5200/11249 | avg train loss 0.6970 top1 0.9942 top5 0.9999
    [21:47:05] step 5250/11249 | avg train loss 0.6970 top1 0.9942 top5 0.9999
    [21:47:47] step 5300/11249 | avg train loss 0.6970 top1 0.9942 top5 0.9999
    [21:48:29] step 5350/11249 | avg train loss 0.6970 top1 0.9942 top5 0.9999
    [21:49:10] step 5400/11249 | avg train loss 0.6970 top1 0.9942 top5 0.9999
    [21:49:52] step 5450/11249 | avg train loss 0.6971 top1 0.9941 top5 0.9999
    [21:50:34] step 5500/11249 | avg train loss 0.6970 top1 0.9941 top5 0.9999
    [21:51:16] step 5550/11249 | avg train loss 0.6970 top1 0.9941 top5 0.9999
    [21:51:57] step 5600/11249 | avg train loss 0.6973 top1 0.9941 top5 0.9999
    [21:52:39] step 5650/11249 | avg train loss 0.6972 top1 0.9941 top5 0.9999
    [21:53:21] step 5700/11249 | avg train loss 0.6972 top1 0.9940 top5 0.9999
    [21:54:03] step 5750/11249 | avg train loss 0.6972 top1 0.9940 top5 0.9999
    [21:54:45] step 5800/11249 | avg train loss 0.6971 top1 0.9941 top5 0.9999
    [21:55:26] step 5850/11249 | avg train loss 0.6973 top1 0.9940 top5 0.9999
    [21:56:12] step 5900/11249 | avg train loss 0.6973 top1 0.9939 top5 0.9999
    [21:56:54] step 5950/11249 | avg train loss 0.6973 top1 0.9939 top5 0.9999
    [21:57:36] step 6000/11249 | avg train loss 0.6972 top1 0.9940 top5 0.9999
    [21:58:18] step 6050/11249 | avg train loss 0.6971 top1 0.9940 top5 0.9999
    [21:58:59] step 6100/11249 | avg train loss 0.6970 top1 0.9941 top5 0.9999
    [21:59:41] step 6150/11249 | avg train loss 0.6969 top1 0.9941 top5 0.9999
    [22:00:23] step 6200/11249 | avg train loss 0.6970 top1 0.9941 top5 0.9999
    [22:01:05] step 6250/11249 | avg train loss 0.6969 top1 0.9941 top5 0.9999
    [22:01:46] step 6300/11249 | avg train loss 0.6970 top1 0.9940 top5 0.9999
    [22:02:28] step 6350/11249 | avg train loss 0.6969 top1 0.9941 top5 0.9999
    [22:03:10] step 6400/11249 | avg train loss 0.6968 top1 0.9941 top5 0.9999
    [22:03:52] step 6450/11249 | avg train loss 0.6968 top1 0.9941 top5 0.9999
    [22:04:33] step 6500/11249 | avg train loss 0.6969 top1 0.9941 top5 0.9999
    [22:05:15] step 6550/11249 | avg train loss 0.6968 top1 0.9941 top5 0.9999
    [22:05:57] step 6600/11249 | avg train loss 0.6969 top1 0.9941 top5 0.9999
    [22:06:39] step 6650/11249 | avg train loss 0.6971 top1 0.9940 top5 0.9999
    [22:07:21] step 6700/11249 | avg train loss 0.6971 top1 0.9940 top5 0.9999
    [22:08:03] step 6750/11249 | avg train loss 0.6975 top1 0.9939 top5 0.9999
    [22:08:44] step 6800/11249 | avg train loss 0.6974 top1 0.9939 top5 0.9999
    [22:09:26] step 6850/11249 | avg train loss 0.6974 top1 0.9939 top5 0.9999
    [22:10:08] step 6900/11249 | avg train loss 0.6973 top1 0.9939 top5 0.9999
    [22:10:49] step 6950/11249 | avg train loss 0.6973 top1 0.9939 top5 0.9999
    [22:11:31] step 7000/11249 | avg train loss 0.6974 top1 0.9939 top5 0.9999
    [22:12:13] step 7050/11249 | avg train loss 0.6974 top1 0.9938 top5 0.9999
    [22:12:55] step 7100/11249 | avg train loss 0.6975 top1 0.9938 top5 0.9999
    [22:13:36] step 7150/11249 | avg train loss 0.6974 top1 0.9938 top5 0.9999
    [22:14:18] step 7200/11249 | avg train loss 0.6973 top1 0.9939 top5 0.9999
    [22:15:00] step 7250/11249 | avg train loss 0.6973 top1 0.9939 top5 0.9999
    [22:15:42] step 7300/11249 | avg train loss 0.6974 top1 0.9938 top5 0.9999
    [22:16:23] step 7350/11249 | avg train loss 0.6974 top1 0.9939 top5 0.9999
    [22:17:05] step 7400/11249 | avg train loss 0.6974 top1 0.9938 top5 0.9999
    [22:17:47] step 7450/11249 | avg train loss 0.6975 top1 0.9938 top5 0.9999
    [22:18:29] step 7500/11249 | avg train loss 0.6975 top1 0.9937 top5 0.9999
    [22:19:10] step 7550/11249 | avg train loss 0.6977 top1 0.9936 top5 0.9999
    [22:19:52] step 7600/11249 | avg train loss 0.6978 top1 0.9936 top5 0.9999
    [22:20:34] step 7650/11249 | avg train loss 0.6978 top1 0.9936 top5 0.9999
    [22:21:16] step 7700/11249 | avg train loss 0.6979 top1 0.9936 top5 0.9999
    [22:21:57] step 7750/11249 | avg train loss 0.6978 top1 0.9936 top5 0.9999
    [22:22:39] step 7800/11249 | avg train loss 0.6979 top1 0.9936 top5 0.9999
    [22:23:21] step 7850/11249 | avg train loss 0.6979 top1 0.9936 top5 0.9999
    [22:24:03] step 7900/11249 | avg train loss 0.6978 top1 0.9937 top5 0.9999
    [22:24:44] step 7950/11249 | avg train loss 0.6978 top1 0.9936 top5 0.9999
    [22:25:26] step 8000/11249 | avg train loss 0.6978 top1 0.9937 top5 0.9999
    [22:26:08] step 8050/11249 | avg train loss 0.6978 top1 0.9937 top5 0.9999
    [22:26:50] step 8100/11249 | avg train loss 0.6978 top1 0.9937 top5 0.9999
    [22:27:35] step 8150/11249 | avg train loss 0.6977 top1 0.9937 top5 0.9999
    [22:28:18] step 8200/11249 | avg train loss 0.6976 top1 0.9937 top5 0.9999
    [22:28:59] step 8250/11249 | avg train loss 0.6976 top1 0.9937 top5 0.9999
    [22:29:41] step 8300/11249 | avg train loss 0.6976 top1 0.9937 top5 0.9999
    [22:30:23] step 8350/11249 | avg train loss 0.6975 top1 0.9937 top5 0.9999
    [22:31:04] step 8400/11249 | avg train loss 0.6975 top1 0.9938 top5 0.9999
    [22:31:46] step 8450/11249 | avg train loss 0.6975 top1 0.9938 top5 0.9999
    [22:32:28] step 8500/11249 | avg train loss 0.6975 top1 0.9938 top5 0.9999
    [22:33:10] step 8550/11249 | avg train loss 0.6974 top1 0.9938 top5 0.9999
    [22:33:51] step 8600/11249 | avg train loss 0.6977 top1 0.9937 top5 0.9999
    [22:34:33] step 8650/11249 | avg train loss 0.6976 top1 0.9937 top5 0.9999
    [22:35:15] step 8700/11249 | avg train loss 0.6975 top1 0.9937 top5 0.9999
    [22:35:57] step 8750/11249 | avg train loss 0.6975 top1 0.9937 top5 0.9999
    [22:36:38] step 8800/11249 | avg train loss 0.6974 top1 0.9937 top5 0.9999
    [22:37:20] step 8850/11249 | avg train loss 0.6975 top1 0.9937 top5 0.9999
    [22:38:02] step 8900/11249 | avg train loss 0.6974 top1 0.9937 top5 0.9999
    [22:38:44] step 8950/11249 | avg train loss 0.6975 top1 0.9937 top5 0.9999
    [22:39:26] step 9000/11249 | avg train loss 0.6976 top1 0.9937 top5 0.9999
    [22:40:07] step 9050/11249 | avg train loss 0.6975 top1 0.9937 top5 0.9999
    [22:40:49] step 9100/11249 | avg train loss 0.6975 top1 0.9937 top5 0.9999
    [22:41:31] step 9150/11249 | avg train loss 0.6975 top1 0.9937 top5 0.9999
    [22:42:13] step 9200/11249 | avg train loss 0.6975 top1 0.9937 top5 0.9999
    [22:42:54] step 9250/11249 | avg train loss 0.6975 top1 0.9937 top5 0.9999
    [22:43:36] step 9300/11249 | avg train loss 0.6975 top1 0.9937 top5 0.9999
    [22:44:18] step 9350/11249 | avg train loss 0.6975 top1 0.9937 top5 0.9999
    [22:45:00] step 9400/11249 | avg train loss 0.6976 top1 0.9937 top5 0.9999
    [22:45:41] step 9450/11249 | avg train loss 0.6975 top1 0.9937 top5 0.9999
    [22:46:23] step 9500/11249 | avg train loss 0.6975 top1 0.9937 top5 0.9999
    [22:47:05] step 9550/11249 | avg train loss 0.6975 top1 0.9937 top5 0.9999
    [22:47:47] step 9600/11249 | avg train loss 0.6974 top1 0.9937 top5 0.9999
    [22:48:28] step 9650/11249 | avg train loss 0.6974 top1 0.9937 top5 0.9999
    [22:49:10] step 9700/11249 | avg train loss 0.6976 top1 0.9937 top5 0.9999
    [22:49:52] step 9750/11249 | avg train loss 0.6976 top1 0.9936 top5 0.9999
    [22:50:34] step 9800/11249 | avg train loss 0.6976 top1 0.9936 top5 0.9999
    [22:51:15] step 9850/11249 | avg train loss 0.6977 top1 0.9936 top5 0.9999
    [22:51:57] step 9900/11249 | avg train loss 0.6977 top1 0.9936 top5 0.9999
    [22:52:39] step 9950/11249 | avg train loss 0.6976 top1 0.9936 top5 0.9999
    [22:53:21] step 10000/11249 | avg train loss 0.6976 top1 0.9936 top5 0.9999
    [22:54:02] step 10050/11249 | avg train loss 0.6975 top1 0.9936 top5 0.9999
    [22:54:44] step 10100/11249 | avg train loss 0.6975 top1 0.9936 top5 0.9999
    [22:55:26] step 10150/11249 | avg train loss 0.6975 top1 0.9936 top5 0.9999
    [22:56:08] step 10200/11249 | avg train loss 0.6975 top1 0.9936 top5 0.9999
    [22:56:50] step 10250/11249 | avg train loss 0.6974 top1 0.9936 top5 0.9999
    [22:57:31] step 10300/11249 | avg train loss 0.6974 top1 0.9936 top5 0.9999
    [22:58:13] step 10350/11249 | avg train loss 0.6973 top1 0.9936 top5 0.9999
    [22:58:55] step 10400/11249 | avg train loss 0.6973 top1 0.9937 top5 0.9999
    [22:59:41] step 10450/11249 | avg train loss 0.6973 top1 0.9937 top5 0.9999
    [23:00:23] step 10500/11249 | avg train loss 0.6972 top1 0.9937 top5 0.9999
    [23:01:05] step 10550/11249 | avg train loss 0.6972 top1 0.9937 top5 0.9999
    [23:01:46] step 10600/11249 | avg train loss 0.6971 top1 0.9937 top5 0.9999
    [23:02:28] step 10650/11249 | avg train loss 0.6971 top1 0.9938 top5 0.9999
    [23:03:10] step 10700/11249 | avg train loss 0.6971 top1 0.9938 top5 0.9999
    [23:03:52] step 10750/11249 | avg train loss 0.6970 top1 0.9938 top5 0.9999
    [23:04:34] step 10800/11249 | avg train loss 0.6970 top1 0.9938 top5 0.9999
    [23:05:15] step 10850/11249 | avg train loss 0.6969 top1 0.9938 top5 0.9999
    [23:05:57] step 10900/11249 | avg train loss 0.6969 top1 0.9938 top5 0.9999
    [23:06:39] step 10950/11249 | avg train loss 0.6969 top1 0.9938 top5 0.9999
    [23:07:21] step 11000/11249 | avg train loss 0.6969 top1 0.9938 top5 0.9999
    [23:08:02] step 11050/11249 | avg train loss 0.6970 top1 0.9937 top5 0.9999
    [23:08:44] step 11100/11249 | avg train loss 0.6970 top1 0.9937 top5 0.9999
    [23:09:26] step 11150/11249 | avg train loss 0.6970 top1 0.9937 top5 0.9999
    [23:10:08] step 11200/11249 | avg train loss 0.6970 top1 0.9937 top5 0.9999
    [23:10:48] step 11249/11249 | avg train loss 0.6970 top1 0.9937 top5 0.9999
Epoch 13/15 | train loss 0.6970 top1 0.9937 | val loss 1.3567 top1 0.6930 top5 0.8808 | ema val top1 0.7014 top5 0.8808
    [23:30:23] step 50/11249 | avg train loss 0.6868 top1 0.9950 top5 1.0000
    [23:31:05] step 100/11249 | avg train loss 0.6833 top1 0.9975 top5 1.0000
    [23:31:46] step 150/11249 | avg train loss 0.6831 top1 0.9983 top5 1.0000
    [23:32:28] step 200/11249 | avg train loss 0.6826 top1 0.9988 top5 1.0000
    [23:33:10] step 250/11249 | avg train loss 0.6817 top1 0.9990 top5 1.0000
    [23:33:52] step 300/11249 | avg train loss 0.6810 top1 0.9992 top5 1.0000
    [23:34:34] step 350/11249 | avg train loss 0.6807 top1 0.9993 top5 1.0000
    [23:35:15] step 400/11249 | avg train loss 0.6810 top1 0.9994 top5 1.0000
    [23:35:57] step 450/11249 | avg train loss 0.6819 top1 0.9983 top5 1.0000
    [23:36:39] step 500/11249 | avg train loss 0.6815 top1 0.9985 top5 1.0000
    [23:37:21] step 550/11249 | avg train loss 0.6817 top1 0.9982 top5 1.0000
    [23:38:03] step 600/11249 | avg train loss 0.6824 top1 0.9975 top5 1.0000
    [23:38:44] step 650/11249 | avg train loss 0.6829 top1 0.9973 top5 1.0000
    [23:39:26] step 700/11249 | avg train loss 0.6827 top1 0.9975 top5 1.0000
    [23:40:08] step 750/11249 | avg train loss 0.6824 top1 0.9977 top5 1.0000
    [23:40:50] step 800/11249 | avg train loss 0.6827 top1 0.9975 top5 1.0000
    [23:41:32] step 850/11249 | avg train loss 0.6828 top1 0.9976 top5 1.0000
    [23:42:14] step 900/11249 | avg train loss 0.6828 top1 0.9978 top5 1.0000
    [23:42:55] step 950/11249 | avg train loss 0.6827 top1 0.9979 top5 1.0000
    [23:43:37] step 1000/11249 | avg train loss 0.6827 top1 0.9980 top5 1.0000
    [23:44:19] step 1050/11249 | avg train loss 0.6829 top1 0.9981 top5 1.0000
    [23:45:01] step 1100/11249 | avg train loss 0.6829 top1 0.9980 top5 1.0000
    [23:45:43] step 1150/11249 | avg train loss 0.6830 top1 0.9978 top5 1.0000
    [23:46:25] step 1200/11249 | avg train loss 0.6835 top1 0.9977 top5 1.0000
    [23:47:07] step 1250/11249 | avg train loss 0.6836 top1 0.9978 top5 1.0000
    [23:47:48] step 1300/11249 | avg train loss 0.6835 top1 0.9979 top5 1.0000
    [23:48:30] step 1350/11249 | avg train loss 0.6833 top1 0.9980 top5 1.0000
    [23:49:12] step 1400/11249 | avg train loss 0.6838 top1 0.9979 top5 1.0000
    [23:49:54] step 1450/11249 | avg train loss 0.6839 top1 0.9978 top5 1.0000
    [23:50:36] step 1500/11249 | avg train loss 0.6840 top1 0.9977 top5 1.0000
    [23:51:18] step 1550/11249 | avg train loss 0.6839 top1 0.9977 top5 1.0000
    [23:52:00] step 1600/11249 | avg train loss 0.6840 top1 0.9975 top5 1.0000
    [23:52:42] step 1650/11249 | avg train loss 0.6839 top1 0.9976 top5 1.0000
    [23:53:23] step 1700/11249 | avg train loss 0.6838 top1 0.9976 top5 1.0000
    [23:54:05] step 1750/11249 | avg train loss 0.6839 top1 0.9976 top5 1.0000
    [23:54:47] step 1800/11249 | avg train loss 0.6839 top1 0.9976 top5 1.0000
    [23:55:29] step 1850/11249 | avg train loss 0.6837 top1 0.9977 top5 1.0000
    [23:56:11] step 1900/11249 | avg train loss 0.6837 top1 0.9978 top5 1.0000
    [23:56:53] step 1950/11249 | avg train loss 0.6838 top1 0.9977 top5 1.0000
    [23:57:35] step 2000/11249 | avg train loss 0.6838 top1 0.9976 top5 1.0000
    [23:58:17] step 2050/11249 | avg train loss 0.6837 top1 0.9977 top5 1.0000
    [23:58:59] step 2100/11249 | avg train loss 0.6837 top1 0.9976 top5 1.0000
    [23:59:40] step 2150/11249 | avg train loss 0.6842 top1 0.9976 top5 1.0000
    [00:00:22] step 2200/11249 | avg train loss 0.6843 top1 0.9975 top5 1.0000
    [00:01:06] step 2250/11249 | avg train loss 0.6843 top1 0.9974 top5 1.0000
    [00:01:51] step 2300/11249 | avg train loss 0.6843 top1 0.9975 top5 1.0000
    [00:02:33] step 2350/11249 | avg train loss 0.6847 top1 0.9972 top5 1.0000
    [00:03:15] step 2400/11249 | avg train loss 0.6847 top1 0.9972 top5 1.0000
    [00:03:57] step 2450/11249 | avg train loss 0.6846 top1 0.9972 top5 1.0000
    [00:04:39] step 2500/11249 | avg train loss 0.6845 top1 0.9973 top5 1.0000
    [00:05:20] step 2550/11249 | avg train loss 0.6844 top1 0.9974 top5 1.0000
    [00:06:02] step 2600/11249 | avg train loss 0.6842 top1 0.9974 top5 1.0000
    [00:06:44] step 2650/11249 | avg train loss 0.6841 top1 0.9975 top5 1.0000
    [00:07:26] step 2700/11249 | avg train loss 0.6840 top1 0.9975 top5 1.0000
    [00:08:08] step 2750/11249 | avg train loss 0.6839 top1 0.9975 top5 1.0000
    [00:08:50] step 2800/11249 | avg train loss 0.6841 top1 0.9973 top5 1.0000
    [00:09:32] step 2850/11249 | avg train loss 0.6840 top1 0.9974 top5 1.0000
    [00:10:14] step 2900/11249 | avg train loss 0.6841 top1 0.9973 top5 1.0000
    [00:10:55] step 2950/11249 | avg train loss 0.6840 top1 0.9974 top5 1.0000
    [00:11:37] step 3000/11249 | avg train loss 0.6839 top1 0.9974 top5 1.0000
    [00:12:19] step 3050/11249 | avg train loss 0.6843 top1 0.9973 top5 1.0000
    [00:13:01] step 3100/11249 | avg train loss 0.6842 top1 0.9973 top5 1.0000
    [00:13:43] step 3150/11249 | avg train loss 0.6841 top1 0.9974 top5 1.0000
    [00:14:25] step 3200/11249 | avg train loss 0.6841 top1 0.9974 top5 1.0000
    [00:15:07] step 3250/11249 | avg train loss 0.6840 top1 0.9975 top5 1.0000
    [00:15:49] step 3300/11249 | avg train loss 0.6839 top1 0.9975 top5 1.0000
    [00:16:31] step 3350/11249 | avg train loss 0.6842 top1 0.9974 top5 1.0000
    [00:17:13] step 3400/11249 | avg train loss 0.6841 top1 0.9974 top5 1.0000
    [00:17:55] step 3450/11249 | avg train loss 0.6840 top1 0.9975 top5 1.0000
    [00:18:37] step 3500/11249 | avg train loss 0.6839 top1 0.9975 top5 1.0000
    [00:19:19] step 3550/11249 | avg train loss 0.6839 top1 0.9975 top5 1.0000
    [00:20:00] step 3600/11249 | avg train loss 0.6840 top1 0.9975 top5 1.0000
    [00:20:42] step 3650/11249 | avg train loss 0.6846 top1 0.9973 top5 0.9999
    [00:21:24] step 3700/11249 | avg train loss 0.6846 top1 0.9972 top5 0.9999
    [00:22:06] step 3750/11249 | avg train loss 0.6846 top1 0.9973 top5 0.9999
    [00:22:48] step 3800/11249 | avg train loss 0.6845 top1 0.9973 top5 0.9999
    [00:23:30] step 3850/11249 | avg train loss 0.6845 top1 0.9973 top5 0.9999
    [00:24:12] step 3900/11249 | avg train loss 0.6846 top1 0.9973 top5 0.9999
    [00:24:54] step 3950/11249 | avg train loss 0.6850 top1 0.9972 top5 0.9999
    [00:25:36] step 4000/11249 | avg train loss 0.6851 top1 0.9971 top5 0.9999
    [00:26:18] step 4050/11249 | avg train loss 0.6851 top1 0.9972 top5 0.9999
    [00:27:00] step 4100/11249 | avg train loss 0.6851 top1 0.9971 top5 0.9999
    [00:27:42] step 4150/11249 | avg train loss 0.6850 top1 0.9972 top5 0.9999
    [00:28:24] step 4200/11249 | avg train loss 0.6850 top1 0.9972 top5 0.9999
    [00:29:06] step 4250/11249 | avg train loss 0.6850 top1 0.9972 top5 0.9999
    [00:29:48] step 4300/11249 | avg train loss 0.6849 top1 0.9973 top5 0.9999
    [00:30:30] step 4350/11249 | avg train loss 0.6849 top1 0.9973 top5 0.9999
    [00:31:12] step 4400/11249 | avg train loss 0.6849 top1 0.9973 top5 0.9999
    [00:31:54] step 4450/11249 | avg train loss 0.6849 top1 0.9972 top5 0.9999
    [00:32:37] step 4500/11249 | avg train loss 0.6848 top1 0.9973 top5 0.9999
    [00:33:23] step 4550/11249 | avg train loss 0.6850 top1 0.9971 top5 0.9999
    [00:34:05] step 4600/11249 | avg train loss 0.6849 top1 0.9972 top5 0.9999
    [00:34:47] step 4650/11249 | avg train loss 0.6848 top1 0.9972 top5 0.9999
    [00:35:29] step 4700/11249 | avg train loss 0.6850 top1 0.9971 top5 0.9999
    [00:36:11] step 4750/11249 | avg train loss 0.6850 top1 0.9971 top5 0.9999
    [00:36:53] step 4800/11249 | avg train loss 0.6852 top1 0.9970 top5 0.9999
    [00:37:35] step 4850/11249 | avg train loss 0.6851 top1 0.9971 top5 0.9999
    [00:38:17] step 4900/11249 | avg train loss 0.6852 top1 0.9970 top5 0.9999
    [00:38:59] step 4950/11249 | avg train loss 0.6852 top1 0.9970 top5 0.9999
    [00:39:41] step 5000/11249 | avg train loss 0.6853 top1 0.9970 top5 1.0000
    [00:40:23] step 5050/11249 | avg train loss 0.6853 top1 0.9970 top5 1.0000
    [00:41:05] step 5100/11249 | avg train loss 0.6853 top1 0.9970 top5 1.0000
    [00:41:46] step 5150/11249 | avg train loss 0.6855 top1 0.9969 top5 1.0000
    [00:42:28] step 5200/11249 | avg train loss 0.6854 top1 0.9969 top5 1.0000
    [00:43:10] step 5250/11249 | avg train loss 0.6853 top1 0.9970 top5 1.0000
    [00:43:52] step 5300/11249 | avg train loss 0.6856 top1 0.9969 top5 0.9999
    [00:44:34] step 5350/11249 | avg train loss 0.6856 top1 0.9969 top5 0.9999
    [00:45:16] step 5400/11249 | avg train loss 0.6856 top1 0.9969 top5 0.9999
    [00:45:57] step 5450/11249 | avg train loss 0.6855 top1 0.9969 top5 0.9999
    [00:46:39] step 5500/11249 | avg train loss 0.6855 top1 0.9969 top5 0.9999
    [00:47:21] step 5550/11249 | avg train loss 0.6855 top1 0.9969 top5 0.9999
    [00:48:03] step 5600/11249 | avg train loss 0.6855 top1 0.9969 top5 0.9999
    [00:48:45] step 5650/11249 | avg train loss 0.6856 top1 0.9968 top5 0.9999
    [00:49:27] step 5700/11249 | avg train loss 0.6857 top1 0.9968 top5 0.9999
    [00:50:08] step 5750/11249 | avg train loss 0.6856 top1 0.9968 top5 0.9999
    [00:50:50] step 5800/11249 | avg train loss 0.6856 top1 0.9969 top5 0.9999
    [00:51:32] step 5850/11249 | avg train loss 0.6855 top1 0.9969 top5 0.9999
    [00:52:14] step 5900/11249 | avg train loss 0.6855 top1 0.9969 top5 0.9999
    [00:52:56] step 5950/11249 | avg train loss 0.6855 top1 0.9969 top5 0.9999
    [00:53:37] step 6000/11249 | avg train loss 0.6856 top1 0.9969 top5 0.9999
    [00:54:19] step 6050/11249 | avg train loss 0.6856 top1 0.9969 top5 0.9999
    [00:55:01] step 6100/11249 | avg train loss 0.6855 top1 0.9969 top5 0.9999
    [00:55:43] step 6150/11249 | avg train loss 0.6855 top1 0.9970 top5 0.9999
    [00:56:25] step 6200/11249 | avg train loss 0.6855 top1 0.9969 top5 0.9999
    [00:57:07] step 6250/11249 | avg train loss 0.6855 top1 0.9968 top5 0.9999
    [00:57:49] step 6300/11249 | avg train loss 0.6854 top1 0.9969 top5 0.9999
    [00:58:30] step 6350/11249 | avg train loss 0.6854 top1 0.9969 top5 0.9999
    [00:59:12] step 6400/11249 | avg train loss 0.6856 top1 0.9968 top5 0.9999
    [00:59:54] step 6450/11249 | avg train loss 0.6857 top1 0.9968 top5 0.9999
    [01:00:36] step 6500/11249 | avg train loss 0.6857 top1 0.9968 top5 0.9999
    [01:01:17] step 6550/11249 | avg train loss 0.6858 top1 0.9968 top5 0.9999
    [01:01:59] step 6600/11249 | avg train loss 0.6858 top1 0.9967 top5 0.9999
    [01:02:41] step 6650/11249 | avg train loss 0.6858 top1 0.9967 top5 0.9999
    [01:03:23] step 6700/11249 | avg train loss 0.6858 top1 0.9967 top5 0.9999
    [01:04:05] step 6750/11249 | avg train loss 0.6860 top1 0.9967 top5 0.9999
    [01:04:51] step 6800/11249 | avg train loss 0.6860 top1 0.9967 top5 0.9999
    [01:05:33] step 6850/11249 | avg train loss 0.6860 top1 0.9967 top5 0.9999
    [01:06:15] step 6900/11249 | avg train loss 0.6860 top1 0.9967 top5 0.9999
    [01:06:57] step 6950/11249 | avg train loss 0.6859 top1 0.9967 top5 0.9999
    [01:07:38] step 7000/11249 | avg train loss 0.6860 top1 0.9966 top5 0.9999
    [01:08:20] step 7050/11249 | avg train loss 0.6860 top1 0.9966 top5 0.9999
    [01:09:02] step 7100/11249 | avg train loss 0.6860 top1 0.9966 top5 0.9999
    [01:09:44] step 7150/11249 | avg train loss 0.6860 top1 0.9966 top5 0.9999
    [01:10:26] step 7200/11249 | avg train loss 0.6860 top1 0.9966 top5 0.9999
    [01:11:08] step 7250/11249 | avg train loss 0.6859 top1 0.9966 top5 0.9999
    [01:11:50] step 7300/11249 | avg train loss 0.6860 top1 0.9965 top5 0.9999
    [01:12:31] step 7350/11249 | avg train loss 0.6859 top1 0.9966 top5 0.9999
    [01:13:13] step 7400/11249 | avg train loss 0.6860 top1 0.9966 top5 0.9999
    [01:13:55] step 7450/11249 | avg train loss 0.6861 top1 0.9965 top5 0.9999
    [01:14:37] step 7500/11249 | avg train loss 0.6863 top1 0.9964 top5 0.9999
    [01:15:19] step 7550/11249 | avg train loss 0.6863 top1 0.9965 top5 0.9999
    [01:16:01] step 7600/11249 | avg train loss 0.6862 top1 0.9964 top5 0.9999
    [01:16:42] step 7650/11249 | avg train loss 0.6862 top1 0.9964 top5 0.9999
    [01:17:24] step 7700/11249 | avg train loss 0.6863 top1 0.9964 top5 0.9999
    [01:18:06] step 7750/11249 | avg train loss 0.6864 top1 0.9964 top5 0.9999
    [01:18:48] step 7800/11249 | avg train loss 0.6864 top1 0.9964 top5 0.9999
    [01:19:30] step 7850/11249 | avg train loss 0.6863 top1 0.9964 top5 0.9999
    [01:20:12] step 7900/11249 | avg train loss 0.6863 top1 0.9965 top5 0.9999
    [01:20:54] step 7950/11249 | avg train loss 0.6863 top1 0.9964 top5 0.9999
    [01:21:35] step 8000/11249 | avg train loss 0.6863 top1 0.9965 top5 0.9999
    [01:22:17] step 8050/11249 | avg train loss 0.6862 top1 0.9965 top5 0.9999
    [01:22:59] step 8100/11249 | avg train loss 0.6862 top1 0.9965 top5 0.9999
    [01:23:41] step 8150/11249 | avg train loss 0.6862 top1 0.9965 top5 0.9999
    [01:24:23] step 8200/11249 | avg train loss 0.6861 top1 0.9966 top5 0.9999
    [01:25:05] step 8250/11249 | avg train loss 0.6861 top1 0.9966 top5 0.9999
    [01:25:46] step 8300/11249 | avg train loss 0.6861 top1 0.9965 top5 0.9999
    [01:26:28] step 8350/11249 | avg train loss 0.6862 top1 0.9965 top5 0.9999
    [01:27:10] step 8400/11249 | avg train loss 0.6862 top1 0.9965 top5 0.9999
    [01:27:52] step 8450/11249 | avg train loss 0.6861 top1 0.9965 top5 0.9999
    [01:28:34] step 8500/11249 | avg train loss 0.6861 top1 0.9965 top5 0.9999
    [01:29:16] step 8550/11249 | avg train loss 0.6860 top1 0.9965 top5 0.9999
    [01:29:58] step 8600/11249 | avg train loss 0.6860 top1 0.9966 top5 0.9999
    [01:30:40] step 8650/11249 | avg train loss 0.6860 top1 0.9966 top5 0.9999
    [01:31:22] step 8700/11249 | avg train loss 0.6861 top1 0.9965 top5 0.9999
    [01:32:03] step 8750/11249 | avg train loss 0.6861 top1 0.9965 top5 0.9999
    [01:32:45] step 8800/11249 | avg train loss 0.6861 top1 0.9965 top5 0.9999
    [01:33:27] step 8850/11249 | avg train loss 0.6861 top1 0.9965 top5 0.9999
    [01:34:09] step 8900/11249 | avg train loss 0.6861 top1 0.9965 top5 0.9999
    [01:34:51] step 8950/11249 | avg train loss 0.6862 top1 0.9965 top5 0.9999
    [01:35:33] step 9000/11249 | avg train loss 0.6862 top1 0.9965 top5 0.9999
    [01:36:20] step 9050/11249 | avg train loss 0.6862 top1 0.9965 top5 0.9999
    [01:37:01] step 9100/11249 | avg train loss 0.6862 top1 0.9965 top5 0.9999
    [01:37:43] step 9150/11249 | avg train loss 0.6862 top1 0.9965 top5 0.9999
    [01:38:25] step 9200/11249 | avg train loss 0.6861 top1 0.9965 top5 0.9999
    [01:39:07] step 9250/11249 | avg train loss 0.6860 top1 0.9965 top5 0.9999
    [01:39:48] step 9300/11249 | avg train loss 0.6860 top1 0.9965 top5 0.9999
    [01:40:30] step 9350/11249 | avg train loss 0.6860 top1 0.9965 top5 0.9999
    [01:41:12] step 9400/11249 | avg train loss 0.6860 top1 0.9965 top5 0.9999
    [01:41:54] step 9450/11249 | avg train loss 0.6860 top1 0.9965 top5 0.9999
    [01:42:36] step 9500/11249 | avg train loss 0.6860 top1 0.9966 top5 0.9999
    [01:43:18] step 9550/11249 | avg train loss 0.6861 top1 0.9965 top5 0.9999
    [01:44:00] step 9600/11249 | avg train loss 0.6861 top1 0.9966 top5 0.9999
    [01:44:42] step 9650/11249 | avg train loss 0.6860 top1 0.9966 top5 0.9999
    [01:45:24] step 9700/11249 | avg train loss 0.6860 top1 0.9966 top5 0.9999
    [01:46:05] step 9750/11249 | avg train loss 0.6860 top1 0.9966 top5 0.9999
    [01:46:47] step 9800/11249 | avg train loss 0.6860 top1 0.9966 top5 0.9999
    [01:47:29] step 9850/11249 | avg train loss 0.6859 top1 0.9966 top5 0.9999
    [01:48:11] step 9900/11249 | avg train loss 0.6859 top1 0.9966 top5 0.9999
    [01:48:53] step 9950/11249 | avg train loss 0.6860 top1 0.9966 top5 0.9999
    [01:49:35] step 10000/11249 | avg train loss 0.6860 top1 0.9966 top5 1.0000
    [01:50:17] step 10050/11249 | avg train loss 0.6860 top1 0.9965 top5 1.0000
    [01:50:58] step 10100/11249 | avg train loss 0.6860 top1 0.9966 top5 1.0000
    [01:51:40] step 10150/11249 | avg train loss 0.6860 top1 0.9966 top5 1.0000
    [01:52:22] step 10200/11249 | avg train loss 0.6860 top1 0.9966 top5 1.0000
    [01:53:04] step 10250/11249 | avg train loss 0.6860 top1 0.9966 top5 1.0000
    [01:53:46] step 10300/11249 | avg train loss 0.6859 top1 0.9966 top5 1.0000
    [01:54:28] step 10350/11249 | avg train loss 0.6859 top1 0.9966 top5 1.0000
    [01:55:09] step 10400/11249 | avg train loss 0.6859 top1 0.9966 top5 1.0000
    [01:55:51] step 10450/11249 | avg train loss 0.6859 top1 0.9966 top5 1.0000
    [01:56:33] step 10500/11249 | avg train loss 0.6859 top1 0.9966 top5 1.0000
    [01:57:15] step 10550/11249 | avg train loss 0.6859 top1 0.9966 top5 1.0000
    [01:57:57] step 10600/11249 | avg train loss 0.6859 top1 0.9966 top5 1.0000
    [01:58:39] step 10650/11249 | avg train loss 0.6859 top1 0.9966 top5 1.0000
    [01:59:21] step 10700/11249 | avg train loss 0.6860 top1 0.9965 top5 1.0000
    [02:00:03] step 10750/11249 | avg train loss 0.6861 top1 0.9964 top5 1.0000
    [02:00:45] step 10800/11249 | avg train loss 0.6862 top1 0.9964 top5 1.0000
    [02:01:27] step 10850/11249 | avg train loss 0.6862 top1 0.9964 top5 1.0000
    [02:02:09] step 10900/11249 | avg train loss 0.6862 top1 0.9964 top5 1.0000
    [02:02:51] step 10950/11249 | avg train loss 0.6862 top1 0.9964 top5 1.0000
    [02:03:33] step 11000/11249 | avg train loss 0.6862 top1 0.9964 top5 1.0000
    [02:04:14] step 11050/11249 | avg train loss 0.6861 top1 0.9964 top5 1.0000
    [02:04:56] step 11100/11249 | avg train loss 0.6861 top1 0.9964 top5 1.0000
    [02:05:38] step 11150/11249 | avg train loss 0.6861 top1 0.9964 top5 1.0000
    [02:06:20] step 11200/11249 | avg train loss 0.6861 top1 0.9964 top5 1.0000
    [02:07:01] step 11249/11249 | avg train loss 0.6861 top1 0.9964 top5 1.0000
Epoch 14/15 | train loss 0.6861 top1 0.9964 | val loss 1.3781 top1 0.6941 top5 0.8728 | ema val top1 0.6995 top5 0.8749
    [02:26:33] step 50/11249 | avg train loss 0.6779 top1 1.0000 top5 1.0000
    [02:27:15] step 100/11249 | avg train loss 0.6803 top1 0.9975 top5 1.0000
    [02:27:57] step 150/11249 | avg train loss 0.6869 top1 0.9967 top5 1.0000
    [02:28:39] step 200/11249 | avg train loss 0.6965 top1 0.9950 top5 1.0000
    [02:29:21] step 250/11249 | avg train loss 0.6928 top1 0.9960 top5 1.0000
    [02:30:02] step 300/11249 | avg train loss 0.6945 top1 0.9958 top5 1.0000
    [02:30:45] step 350/11249 | avg train loss 0.6928 top1 0.9957 top5 1.0000
    [02:31:26] step 400/11249 | avg train loss 0.6908 top1 0.9962 top5 1.0000
    [02:32:08] step 450/11249 | avg train loss 0.6893 top1 0.9967 top5 1.0000
    [02:32:50] step 500/11249 | avg train loss 0.6884 top1 0.9970 top5 1.0000
    [02:33:32] step 550/11249 | avg train loss 0.6875 top1 0.9973 top5 1.0000
    [02:34:14] step 600/11249 | avg train loss 0.6866 top1 0.9975 top5 1.0000
    [02:34:56] step 650/11249 | avg train loss 0.6866 top1 0.9973 top5 1.0000
    [02:35:38] step 700/11249 | avg train loss 0.6860 top1 0.9975 top5 1.0000
    [02:36:20] step 750/11249 | avg train loss 0.6855 top1 0.9977 top5 1.0000
    [02:37:02] step 800/11249 | avg train loss 0.6849 top1 0.9978 top5 1.0000
    [02:37:44] step 850/11249 | avg train loss 0.6844 top1 0.9979 top5 1.0000
    [02:38:30] step 900/11249 | avg train loss 0.6843 top1 0.9978 top5 1.0000
    [02:39:12] step 950/11249 | avg train loss 0.6840 top1 0.9979 top5 1.0000
    [02:39:54] step 1000/11249 | avg train loss 0.6836 top1 0.9980 top5 1.0000
    [02:40:35] step 1050/11249 | avg train loss 0.6837 top1 0.9979 top5 1.0000
    [02:41:17] step 1100/11249 | avg train loss 0.6833 top1 0.9980 top5 1.0000
    [02:41:59] step 1150/11249 | avg train loss 0.6830 top1 0.9980 top5 1.0000
    [02:42:41] step 1200/11249 | avg train loss 0.6828 top1 0.9981 top5 1.0000
    [02:43:23] step 1250/11249 | avg train loss 0.6826 top1 0.9982 top5 1.0000
    [02:44:05] step 1300/11249 | avg train loss 0.6823 top1 0.9983 top5 1.0000
    [02:44:47] step 1350/11249 | avg train loss 0.6821 top1 0.9983 top5 1.0000
    [02:45:28] step 1400/11249 | avg train loss 0.6819 top1 0.9984 top5 1.0000
    [02:46:10] step 1450/11249 | avg train loss 0.6819 top1 0.9983 top5 1.0000
    [02:46:52] step 1500/11249 | avg train loss 0.6820 top1 0.9982 top5 1.0000
    [02:47:34] step 1550/11249 | avg train loss 0.6818 top1 0.9982 top5 1.0000
    [02:48:16] step 1600/11249 | avg train loss 0.6816 top1 0.9983 top5 1.0000
    [02:48:58] step 1650/11249 | avg train loss 0.6815 top1 0.9983 top5 1.0000
    [02:49:40] step 1700/11249 | avg train loss 0.6817 top1 0.9982 top5 1.0000
    [02:50:22] step 1750/11249 | avg train loss 0.6816 top1 0.9983 top5 1.0000
    [02:51:04] step 1800/11249 | avg train loss 0.6815 top1 0.9983 top5 1.0000
    [02:51:46] step 1850/11249 | avg train loss 0.6815 top1 0.9982 top5 1.0000
    [02:52:28] step 1900/11249 | avg train loss 0.6814 top1 0.9983 top5 1.0000
    [02:53:09] step 1950/11249 | avg train loss 0.6816 top1 0.9982 top5 1.0000
    [02:53:51] step 2000/11249 | avg train loss 0.6815 top1 0.9982 top5 1.0000
    [02:54:33] step 2050/11249 | avg train loss 0.6814 top1 0.9983 top5 1.0000
    [02:55:15] step 2100/11249 | avg train loss 0.6813 top1 0.9983 top5 1.0000
    [02:55:57] step 2150/11249 | avg train loss 0.6811 top1 0.9984 top5 1.0000
    [02:56:39] step 2200/11249 | avg train loss 0.6810 top1 0.9984 top5 1.0000
    [02:57:21] step 2250/11249 | avg train loss 0.6809 top1 0.9984 top5 1.0000
    [02:58:03] step 2300/11249 | avg train loss 0.6808 top1 0.9985 top5 1.0000
    [02:58:44] step 2350/11249 | avg train loss 0.6807 top1 0.9985 top5 1.0000
    [02:59:26] step 2400/11249 | avg train loss 0.6806 top1 0.9985 top5 1.0000
    [03:00:08] step 2450/11249 | avg train loss 0.6805 top1 0.9986 top5 1.0000
    [03:00:50] step 2500/11249 | avg train loss 0.6804 top1 0.9986 top5 1.0000
    [03:01:32] step 2550/11249 | avg train loss 0.6804 top1 0.9986 top5 1.0000
    [03:02:14] step 2600/11249 | avg train loss 0.6805 top1 0.9986 top5 1.0000
    [03:02:56] step 2650/11249 | avg train loss 0.6805 top1 0.9986 top5 1.0000
    [03:03:38] step 2700/11249 | avg train loss 0.6804 top1 0.9986 top5 1.0000
    [03:04:20] step 2750/11249 | avg train loss 0.6804 top1 0.9985 top5 1.0000
    [03:05:02] step 2800/11249 | avg train loss 0.6804 top1 0.9986 top5 1.0000
    [03:05:44] step 2850/11249 | avg train loss 0.6808 top1 0.9984 top5 1.0000
    [03:06:26] step 2900/11249 | avg train loss 0.6807 top1 0.9984 top5 1.0000
    [03:07:08] step 2950/11249 | avg train loss 0.6806 top1 0.9985 top5 1.0000
    [03:07:50] step 3000/11249 | avg train loss 0.6805 top1 0.9985 top5 1.0000
    [03:08:32] step 3050/11249 | avg train loss 0.6805 top1 0.9985 top5 1.0000
    [03:09:14] step 3100/11249 | avg train loss 0.6804 top1 0.9985 top5 1.0000
    [03:10:00] step 3150/11249 | avg train loss 0.6803 top1 0.9986 top5 1.0000
    [03:10:42] step 3200/11249 | avg train loss 0.6803 top1 0.9986 top5 1.0000
    [03:11:24] step 3250/11249 | avg train loss 0.6802 top1 0.9986 top5 1.0000
    [03:12:05] step 3300/11249 | avg train loss 0.6801 top1 0.9986 top5 1.0000
    [03:12:47] step 3350/11249 | avg train loss 0.6801 top1 0.9987 top5 1.0000
    [03:13:29] step 3400/11249 | avg train loss 0.6800 top1 0.9987 top5 1.0000
    [03:14:11] step 3450/11249 | avg train loss 0.6799 top1 0.9987 top5 1.0000
    [03:14:53] step 3500/11249 | avg train loss 0.6801 top1 0.9986 top5 1.0000
    [03:15:35] step 3550/11249 | avg train loss 0.6800 top1 0.9987 top5 1.0000
    [03:16:17] step 3600/11249 | avg train loss 0.6803 top1 0.9986 top5 1.0000
    [03:16:59] step 3650/11249 | avg train loss 0.6802 top1 0.9986 top5 1.0000
    [03:17:41] step 3700/11249 | avg train loss 0.6802 top1 0.9986 top5 1.0000
    [03:18:23] step 3750/11249 | avg train loss 0.6801 top1 0.9987 top5 1.0000
    [03:19:05] step 3800/11249 | avg train loss 0.6801 top1 0.9987 top5 1.0000
    [03:19:47] step 3850/11249 | avg train loss 0.6800 top1 0.9987 top5 1.0000
    [03:20:29] step 3900/11249 | avg train loss 0.6803 top1 0.9986 top5 1.0000
    [03:21:11] step 3950/11249 | avg train loss 0.6802 top1 0.9986 top5 1.0000
    [03:21:53] step 4000/11249 | avg train loss 0.6804 top1 0.9986 top5 1.0000
    [03:22:34] step 4050/11249 | avg train loss 0.6803 top1 0.9986 top5 1.0000
    [03:23:16] step 4100/11249 | avg train loss 0.6803 top1 0.9986 top5 1.0000
    [03:23:58] step 4150/11249 | avg train loss 0.6804 top1 0.9986 top5 1.0000
    [03:24:40] step 4200/11249 | avg train loss 0.6803 top1 0.9986 top5 1.0000
    [03:25:22] step 4250/11249 | avg train loss 0.6803 top1 0.9986 top5 1.0000
    [03:26:04] step 4300/11249 | avg train loss 0.6802 top1 0.9987 top5 1.0000
    [03:26:46] step 4350/11249 | avg train loss 0.6802 top1 0.9986 top5 1.0000
    [03:27:28] step 4400/11249 | avg train loss 0.6803 top1 0.9986 top5 1.0000
    [03:28:10] step 4450/11249 | avg train loss 0.6803 top1 0.9986 top5 1.0000
    [03:28:52] step 4500/11249 | avg train loss 0.6802 top1 0.9986 top5 1.0000
    [03:29:33] step 4550/11249 | avg train loss 0.6802 top1 0.9986 top5 1.0000
    [03:30:15] step 4600/11249 | avg train loss 0.6802 top1 0.9986 top5 1.0000
    [03:30:57] step 4650/11249 | avg train loss 0.6803 top1 0.9986 top5 1.0000
    [03:31:39] step 4700/11249 | avg train loss 0.6803 top1 0.9986 top5 1.0000
    [03:32:21] step 4750/11249 | avg train loss 0.6802 top1 0.9986 top5 1.0000
    [03:33:03] step 4800/11249 | avg train loss 0.6802 top1 0.9986 top5 1.0000
    [03:33:45] step 4850/11249 | avg train loss 0.6802 top1 0.9987 top5 1.0000
    [03:34:27] step 4900/11249 | avg train loss 0.6801 top1 0.9987 top5 1.0000
    [03:35:09] step 4950/11249 | avg train loss 0.6803 top1 0.9986 top5 1.0000
    [03:35:51] step 5000/11249 | avg train loss 0.6803 top1 0.9987 top5 1.0000
    [03:36:33] step 5050/11249 | avg train loss 0.6802 top1 0.9987 top5 1.0000
    [03:37:14] step 5100/11249 | avg train loss 0.6802 top1 0.9987 top5 1.0000
    [03:37:56] step 5150/11249 | avg train loss 0.6801 top1 0.9987 top5 1.0000
    [03:38:38] step 5200/11249 | avg train loss 0.6801 top1 0.9987 top5 1.0000
    [03:39:20] step 5250/11249 | avg train loss 0.6801 top1 0.9987 top5 1.0000
    [03:40:02] step 5300/11249 | avg train loss 0.6800 top1 0.9987 top5 1.0000
    [03:40:44] step 5350/11249 | avg train loss 0.6800 top1 0.9987 top5 1.0000
    [03:41:30] step 5400/11249 | avg train loss 0.6799 top1 0.9988 top5 1.0000
    [03:42:12] step 5450/11249 | avg train loss 0.6799 top1 0.9988 top5 1.0000
    [03:42:54] step 5500/11249 | avg train loss 0.6799 top1 0.9987 top5 1.0000
    [03:43:36] step 5550/11249 | avg train loss 0.6799 top1 0.9987 top5 1.0000
    [03:44:18] step 5600/11249 | avg train loss 0.6799 top1 0.9988 top5 1.0000
    [03:44:59] step 5650/11249 | avg train loss 0.6800 top1 0.9987 top5 1.0000
    [03:45:41] step 5700/11249 | avg train loss 0.6801 top1 0.9987 top5 1.0000
    [03:46:24] step 5750/11249 | avg train loss 0.6800 top1 0.9987 top5 1.0000
    [03:47:06] step 5800/11249 | avg train loss 0.6801 top1 0.9987 top5 1.0000
    [03:47:47] step 5850/11249 | avg train loss 0.6801 top1 0.9987 top5 1.0000
    [03:48:29] step 5900/11249 | avg train loss 0.6801 top1 0.9986 top5 1.0000
    [03:49:11] step 5950/11249 | avg train loss 0.6801 top1 0.9986 top5 1.0000
    [03:49:53] step 6000/11249 | avg train loss 0.6801 top1 0.9986 top5 1.0000
    [03:50:35] step 6050/11249 | avg train loss 0.6801 top1 0.9986 top5 1.0000
    [03:51:17] step 6100/11249 | avg train loss 0.6800 top1 0.9986 top5 1.0000
    [03:51:59] step 6150/11249 | avg train loss 0.6800 top1 0.9986 top5 1.0000
    [03:52:41] step 6200/11249 | avg train loss 0.6800 top1 0.9986 top5 1.0000
    [03:53:23] step 6250/11249 | avg train loss 0.6800 top1 0.9986 top5 1.0000
    [03:54:05] step 6300/11249 | avg train loss 0.6799 top1 0.9987 top5 1.0000
    [03:54:46] step 6350/11249 | avg train loss 0.6799 top1 0.9987 top5 1.0000
    [03:55:28] step 6400/11249 | avg train loss 0.6799 top1 0.9987 top5 1.0000
    [03:56:10] step 6450/11249 | avg train loss 0.6799 top1 0.9986 top5 1.0000
    [03:56:52] step 6500/11249 | avg train loss 0.6800 top1 0.9986 top5 1.0000
    [03:57:34] step 6550/11249 | avg train loss 0.6800 top1 0.9986 top5 1.0000
    [03:58:16] step 6600/11249 | avg train loss 0.6800 top1 0.9986 top5 1.0000
    [03:58:58] step 6650/11249 | avg train loss 0.6800 top1 0.9986 top5 1.0000
    [03:59:40] step 6700/11249 | avg train loss 0.6799 top1 0.9987 top5 1.0000
    [04:00:22] step 6750/11249 | avg train loss 0.6799 top1 0.9987 top5 1.0000
    [04:01:03] step 6800/11249 | avg train loss 0.6799 top1 0.9987 top5 1.0000
    [04:01:45] step 6850/11249 | avg train loss 0.6798 top1 0.9987 top5 1.0000
    [04:02:27] step 6900/11249 | avg train loss 0.6798 top1 0.9987 top5 1.0000
    [04:03:09] step 6950/11249 | avg train loss 0.6798 top1 0.9987 top5 1.0000
    [04:03:51] step 7000/11249 | avg train loss 0.6798 top1 0.9987 top5 1.0000
    [04:04:33] step 7050/11249 | avg train loss 0.6798 top1 0.9987 top5 1.0000
    [04:05:15] step 7100/11249 | avg train loss 0.6797 top1 0.9987 top5 1.0000
    [04:05:57] step 7150/11249 | avg train loss 0.6797 top1 0.9987 top5 1.0000
    [04:06:39] step 7200/11249 | avg train loss 0.6797 top1 0.9987 top5 1.0000
    [04:07:21] step 7250/11249 | avg train loss 0.6797 top1 0.9987 top5 1.0000
    [04:08:03] step 7300/11249 | avg train loss 0.6797 top1 0.9987 top5 1.0000
    [04:08:45] step 7350/11249 | avg train loss 0.6797 top1 0.9987 top5 1.0000
    [04:09:26] step 7400/11249 | avg train loss 0.6797 top1 0.9987 top5 1.0000
    [04:10:08] step 7450/11249 | avg train loss 0.6797 top1 0.9987 top5 1.0000
    [04:10:50] step 7500/11249 | avg train loss 0.6797 top1 0.9987 top5 1.0000
    [04:11:32] step 7550/11249 | avg train loss 0.6797 top1 0.9987 top5 1.0000
    [04:12:14] step 7600/11249 | avg train loss 0.6797 top1 0.9987 top5 1.0000
    [04:12:57] step 7650/11249 | avg train loss 0.6799 top1 0.9987 top5 1.0000
    [04:13:42] step 7700/11249 | avg train loss 0.6798 top1 0.9987 top5 1.0000
    [04:14:24] step 7750/11249 | avg train loss 0.6798 top1 0.9987 top5 1.0000
    [04:15:06] step 7800/11249 | avg train loss 0.6798 top1 0.9987 top5 1.0000
    [04:15:47] step 7850/11249 | avg train loss 0.6799 top1 0.9987 top5 1.0000
    [04:16:29] step 7900/11249 | avg train loss 0.6799 top1 0.9987 top5 1.0000
    [04:17:11] step 7950/11249 | avg train loss 0.6799 top1 0.9987 top5 1.0000
    [04:17:53] step 8000/11249 | avg train loss 0.6799 top1 0.9987 top5 1.0000
    [04:18:35] step 8050/11249 | avg train loss 0.6799 top1 0.9987 top5 1.0000
    [04:19:17] step 8100/11249 | avg train loss 0.6799 top1 0.9987 top5 1.0000
    [04:19:59] step 8150/11249 | avg train loss 0.6799 top1 0.9987 top5 1.0000
    [04:20:41] step 8200/11249 | avg train loss 0.6799 top1 0.9987 top5 1.0000
    [04:21:23] step 8250/11249 | avg train loss 0.6799 top1 0.9987 top5 1.0000
    [04:22:05] step 8300/11249 | avg train loss 0.6799 top1 0.9987 top5 1.0000
    [04:22:46] step 8350/11249 | avg train loss 0.6799 top1 0.9987 top5 1.0000
    [04:23:28] step 8400/11249 | avg train loss 0.6799 top1 0.9987 top5 1.0000
    [04:24:10] step 8450/11249 | avg train loss 0.6798 top1 0.9987 top5 1.0000
    [04:24:52] step 8500/11249 | avg train loss 0.6798 top1 0.9987 top5 1.0000
    [04:25:34] step 8550/11249 | avg train loss 0.6798 top1 0.9987 top5 1.0000
    [04:26:16] step 8600/11249 | avg train loss 0.6798 top1 0.9987 top5 1.0000
    [04:26:57] step 8650/11249 | avg train loss 0.6797 top1 0.9987 top5 1.0000
    [04:27:39] step 8700/11249 | avg train loss 0.6797 top1 0.9987 top5 1.0000
    [04:28:21] step 8750/11249 | avg train loss 0.6797 top1 0.9987 top5 1.0000
    [04:29:03] step 8800/11249 | avg train loss 0.6797 top1 0.9987 top5 1.0000
    [04:29:45] step 8850/11249 | avg train loss 0.6798 top1 0.9987 top5 1.0000
    [04:30:26] step 8900/11249 | avg train loss 0.6797 top1 0.9987 top5 1.0000
    [04:31:08] step 8950/11249 | avg train loss 0.6797 top1 0.9987 top5 1.0000
    [04:31:50] step 9000/11249 | avg train loss 0.6797 top1 0.9987 top5 1.0000
    [04:32:32] step 9050/11249 | avg train loss 0.6797 top1 0.9987 top5 1.0000
    [04:33:14] step 9100/11249 | avg train loss 0.6797 top1 0.9987 top5 1.0000
    [04:33:55] step 9150/11249 | avg train loss 0.6797 top1 0.9987 top5 1.0000
    [04:34:37] step 9200/11249 | avg train loss 0.6797 top1 0.9987 top5 1.0000
    [04:35:19] step 9250/11249 | avg train loss 0.6797 top1 0.9987 top5 1.0000
    [04:36:01] step 9300/11249 | avg train loss 0.6798 top1 0.9987 top5 1.0000
    [04:36:43] step 9350/11249 | avg train loss 0.6797 top1 0.9987 top5 1.0000
    [04:37:24] step 9400/11249 | avg train loss 0.6797 top1 0.9987 top5 1.0000
    [04:38:06] step 9450/11249 | avg train loss 0.6797 top1 0.9987 top5 1.0000
    [04:38:48] step 9500/11249 | avg train loss 0.6798 top1 0.9987 top5 1.0000
    [04:39:30] step 9550/11249 | avg train loss 0.6799 top1 0.9986 top5 1.0000
    [04:40:12] step 9600/11249 | avg train loss 0.6798 top1 0.9986 top5 1.0000
    [04:40:54] step 9650/11249 | avg train loss 0.6798 top1 0.9987 top5 1.0000
    [04:41:35] step 9700/11249 | avg train loss 0.6798 top1 0.9987 top5 1.0000
    [04:42:17] step 9750/11249 | avg train loss 0.6798 top1 0.9987 top5 1.0000
    [04:42:59] step 9800/11249 | avg train loss 0.6798 top1 0.9986 top5 1.0000
    [04:43:41] step 9850/11249 | avg train loss 0.6798 top1 0.9986 top5 1.0000
    [04:44:22] step 9900/11249 | avg train loss 0.6799 top1 0.9986 top5 1.0000
    [04:45:09] step 9950/11249 | avg train loss 0.6798 top1 0.9986 top5 1.0000
    [04:45:50] step 10000/11249 | avg train loss 0.6798 top1 0.9986 top5 1.0000
    [04:46:32] step 10050/11249 | avg train loss 0.6799 top1 0.9986 top5 1.0000
    [04:47:14] step 10100/11249 | avg train loss 0.6799 top1 0.9986 top5 1.0000
    [04:47:56] step 10150/11249 | avg train loss 0.6799 top1 0.9986 top5 1.0000
    [04:48:38] step 10200/11249 | avg train loss 0.6799 top1 0.9986 top5 1.0000
    [04:49:19] step 10250/11249 | avg train loss 0.6799 top1 0.9986 top5 1.0000
    [04:50:01] step 10300/11249 | avg train loss 0.6799 top1 0.9986 top5 1.0000
    [04:50:43] step 10350/11249 | avg train loss 0.6798 top1 0.9986 top5 1.0000
    [04:51:25] step 10400/11249 | avg train loss 0.6798 top1 0.9986 top5 1.0000
    [04:52:07] step 10450/11249 | avg train loss 0.6798 top1 0.9986 top5 1.0000
    [04:52:49] step 10500/11249 | avg train loss 0.6798 top1 0.9985 top5 1.0000
    [04:53:30] step 10550/11249 | avg train loss 0.6799 top1 0.9985 top5 1.0000
    [04:54:12] step 10600/11249 | avg train loss 0.6799 top1 0.9985 top5 1.0000
    [04:54:54] step 10650/11249 | avg train loss 0.6799 top1 0.9985 top5 1.0000
    [04:55:36] step 10700/11249 | avg train loss 0.6799 top1 0.9985 top5 1.0000
    [04:56:18] step 10750/11249 | avg train loss 0.6799 top1 0.9985 top5 1.0000
    [04:56:59] step 10800/11249 | avg train loss 0.6799 top1 0.9985 top5 1.0000
    [04:57:41] step 10850/11249 | avg train loss 0.6799 top1 0.9985 top5 1.0000
    [04:58:23] step 10900/11249 | avg train loss 0.6799 top1 0.9985 top5 1.0000
    [04:59:05] step 10950/11249 | avg train loss 0.6800 top1 0.9985 top5 1.0000
    [04:59:47] step 11000/11249 | avg train loss 0.6799 top1 0.9985 top5 1.0000
    [05:00:28] step 11050/11249 | avg train loss 0.6799 top1 0.9985 top5 1.0000
    [05:01:10] step 11100/11249 | avg train loss 0.6799 top1 0.9985 top5 1.0000
    [05:01:52] step 11150/11249 | avg train loss 0.6799 top1 0.9985 top5 1.0000
    [05:02:34] step 11200/11249 | avg train loss 0.6801 top1 0.9985 top5 1.0000
    [05:03:14] step 11249/11249 | avg train loss 0.6801 top1 0.9985 top5 1.0000
[2026-05-24T05:22:01] Epoch 15/15 | train loss 0.6801 top1 0.9985 | val loss 1.3771 top1 0.7030 top5 0.8725 | ema val top1 0.7029 top5 0.8752
[cuda] cache emptied (run-end). Free: 12.27 / 23.55 GiB
Done. Best val top1: 0.7191. Checkpoint: /Data/thomas.turkieh/smth2smth/checkpoints/track_b/ssv2ft_lora16f.pt
