model:
  name: vjepa2_ssv2ft
  pretrained: true
  num_classes: ${num_classes}
  hf_repo: facebook/vjepa2-vitl-fpc16-256-ssv2
  head_type: attentive
  head_num_heads: 8
  head_num_queries: 1
  head_dropout: 0.0
  lora_enabled: false
  lora_r: 16
  lora_alpha: 32
  lora_dropout: 0.05
  lora_target_modules: null
  freeze_backbone: true
  attn_implementation: sdpa
  init_head_from_ssv2: true
dataset:
  root: ${hydra:runtime.cwd}/data
  train_dir: ${dataset.root}/train
  val_dir: ${dataset.root}/val
  test_dir: ${dataset.root}/test
  augmented_dirs: []
  test_manifest: null
  submission_output: ${hydra:runtime.cwd}/submissions/track_a.csv
  num_frames: 16
  val_ratio: 0.2
  use_official_val: true
  include_val_in_train: false
  official_val_holdout_ratio: 0.0
  seed: ${seed}
  use_extra: false
  train_extra_dir: ${dataset.root}/train_extra
  max_samples: null
  max_samples_per_class: null
  image_size: 256
  time_reversal_prob: 0.0
  temporal_reversal_augment:
    enabled: false
    prob: 0.5
  class_boosting:
    enabled: false
training:
  batch_size: 4
  lr: 0.0005
  epochs: 15
  num_workers: 2
  checkpoint_path: checkpoints/track_b/ssv2ft_frozen_probe.pt
  resume_from: null
  lora_lr: 0.0001
  lora_lr_ratio: 0.25
  motion_lr: null
  motion_lr_ratio: null
  resume_apply_cfg_lr: false
  amp: true
  device: cuda
  optimizer: adamw
  momentum: 0.9
  nesterov: false
  weight_decay: 0.05
  scheduler_cosine: true
  warmup_epochs: 1
  min_lr: 1.0e-05
  label_smoothing: 0.1
  videomix_alpha: 0.0
  videomix_prob: 1.0
  videomix_mode: cube_cutmix
  videomix_mixup_alpha: null
  videomix_cutmix_alpha: null
  videomix_switch_prob: 0.5
  layer_decay: null
  repeated_aug: 1
  grad_accum_steps: 1
  amp_dtype: float16
  scheduler: none
  sgdr_T0: 30
  sgdr_save_snapshots: false
  early_stopping_enabled: false
  early_stopping_patience: 10
  early_stopping_min_delta: 0.0
  log_interval_steps: 50
  ema_enabled: true
  ema_decay: 0.999
  eval_every_n_epochs: 1
  eval_ema: true
  save_last_checkpoint: true
  last_checkpoint_path: null
  resume_reset_scheduler: false
  continuation_warmup_epochs: 0
  continuation_rewarm_lr: false
  continuation_peak_lr_ratio: 0.4
  tta: false
  tta_flip: false
  tta_temporal_shift: 0
  tta_scales:
  - 0.875
  - 1.0
  - 1.125
  tta_logit_adjust: 0.0
  class_balance_sampler: none
  class_balance_loss: none
  class_balance_beta: 0.999
augment:
  name: none
  random_horizontal_flip: false
  random_crop: false
  crop_padding: 0
  color_jitter: false
  color_jitter_brightness: 0.0
  color_jitter_contrast: 0.0
  color_jitter_saturation: 0.0
  color_jitter_hue: 0.0
  random_grayscale: false
  random_grayscale_prob: 0.0
  gaussian_blur: false
  gaussian_blur_prob: 0.0
  gaussian_blur_radius_min: 0.1
  gaussian_blur_radius_max: 2.0
pretrain:
  epochs: 100
  batch_size: 64
  lr: 0.0005
  weight_decay: 0.04
  log_interval_steps: 50
  checkpoint_path: ${hydra:runtime.cwd}/ssl_trunk.pt
  max_frames: null
  image_size: 224
  local_image_size: 96
  num_local_views: 6
  out_dim: 4096
  hidden_dim: 2048
  bottleneck_dim: 256
  n_layers: 3
  teacher_temp: 0.04
  student_temp: 0.1
  center_momentum: 0.9
  teacher_momentum_base: 0.996
  teacher_momentum_final: 1.0
test:
  num_segment: 2
  num_crop: 3
  flip_tta: false
track:
  name: a
  description: 'Closed-world track: train from scratch.'
num_classes: 33
seed: 42

[cuda] cache emptied (run-start). Free: 23.15 / 23.54 GiB
[data] use_official_val=true: train=44993 (train_dir=44993), val=6745 (from /Data/thomas.turkieh/smth2smth/data/val)
[2026-05-22 12:31:44,931][httpx][INFO] - HTTP Request: HEAD https://huggingface.co/facebook/vjepa2-vitl-fpc16-256-ssv2/resolve/main/config.json "HTTP/1.1 307 Temporary Redirect"
[2026-05-22 12:31:44,944][httpx][INFO] - HTTP Request: HEAD https://huggingface.co/api/resolve-cache/models/facebook/vjepa2-vitl-fpc16-256-ssv2/4aa02df83918538fc21cfaf576382fa20e489a80/config.json "HTTP/1.1 200 OK"
[2026-05-22 12:31:45,082][httpx][INFO] - HTTP Request: HEAD https://huggingface.co/facebook/vjepa2-vitl-fpc16-256-ssv2/resolve/main/adapter_config.json "HTTP/1.1 404 Not Found"
Warning: You are sending unauthenticated requests to the HF Hub. Please set a HF_TOKEN to enable higher rate limits and faster downloads.
[2026-05-22 12:31:45,083][huggingface_hub.utils._http][WARNING] - Warning: You are sending unauthenticated requests to the HF Hub. Please set a HF_TOKEN to enable higher rate limits and faster downloads.
[2026-05-22 12:31:45,187][httpx][INFO] - HTTP Request: HEAD https://huggingface.co/facebook/vjepa2-vitl-fpc16-256-ssv2/resolve/main/config.json "HTTP/1.1 307 Temporary Redirect"
[2026-05-22 12:31:45,197][httpx][INFO] - HTTP Request: HEAD https://huggingface.co/api/resolve-cache/models/facebook/vjepa2-vitl-fpc16-256-ssv2/4aa02df83918538fc21cfaf576382fa20e489a80/config.json "HTTP/1.1 200 OK"
[2026-05-22 12:31:45,341][httpx][INFO] - HTTP Request: HEAD https://huggingface.co/facebook/vjepa2-vitl-fpc16-256-ssv2/resolve/main/model.safetensors "HTTP/1.1 302 Found"
[2026-05-22 12:36:38,164][httpx][INFO] - HTTP Request: GET https://huggingface.co/api/models/facebook/vjepa2-vitl-fpc16-256-ssv2/xet-read-token/4aa02df83918538fc21cfaf576382fa20e489a80 "HTTP/1.1 200 OK"
Error executing job with overrides: ['experiment=track_b_vjepa2_ssv2ft_frozen_probe']
Traceback (most recent call last):
  File "/Data/thomas.turkieh/smth2smth/src/smth2smth/pipelines/train.py", line 1360, in main
    run(cfg)
  File "/Data/thomas.turkieh/smth2smth/src/smth2smth/pipelines/train.py", line 653, in run
    model = build_model(cfg).to(device)
            ^^^^^^^^^^^^^^^^
  File "/Data/thomas.turkieh/smth2smth/src/smth2smth/shared/models/registry.py", line 68, in build_model
    return MODEL_REGISTRY[name](cfg)
           ^^^^^^^^^^^^^^^^^^^^^^^^^
  File "/Data/thomas.turkieh/smth2smth/src/smth2smth/track_b/vjepa2.py", line 801, in build_vjepa2_ssv2ft
    return VJEPA2SSv2FTProbe(
           ^^^^^^^^^^^^^^^^^^
  File "/Data/thomas.turkieh/smth2smth/src/smth2smth/track_b/vjepa2.py", line 705, in __init__
    model = VJEPA2ForVideoClassification.from_pretrained(self.hf_repo, **load_kwargs)
            ^^^^^^^^^^^^^^^^^^^^^^^^^^^^^^^^^^^^^^^^^^^^^^^^^^^^^^^^^^^^^^^^^^^^^^^^^
  File "/Data/thomas.turkieh/smth2smth/.venv/lib/python3.12/site-packages/transformers/modeling_utils.py", line 4153, in from_pretrained
    checkpoint_files, sharded_metadata = _get_resolved_checkpoint_files(
                                         ^^^^^^^^^^^^^^^^^^^^^^^^^^^^^^^
  File "/Data/thomas.turkieh/smth2smth/.venv/lib/python3.12/site-packages/transformers/modeling_utils.py", line 678, in _get_resolved_checkpoint_files
    resolved_archive_file = cached_file(pretrained_model_name_or_path, filename, **cached_file_kwargs)
                            ^^^^^^^^^^^^^^^^^^^^^^^^^^^^^^^^^^^^^^^^^^^^^^^^^^^^^^^^^^^^^^^^^^^^^^^^^^
  File "/Data/thomas.turkieh/smth2smth/.venv/lib/python3.12/site-packages/transformers/utils/hub.py", line 278, in cached_file
    file = cached_files(path_or_repo_id=path_or_repo_id, filenames=[filename], **kwargs)
           ^^^^^^^^^^^^^^^^^^^^^^^^^^^^^^^^^^^^^^^^^^^^^^^^^^^^^^^^^^^^^^^^^^^^^^^^^^^^^
  File "/Data/thomas.turkieh/smth2smth/.venv/lib/python3.12/site-packages/transformers/utils/hub.py", line 512, in cached_files
    raise e
  File "/Data/thomas.turkieh/smth2smth/.venv/lib/python3.12/site-packages/transformers/utils/hub.py", line 422, in cached_files
    hf_hub_download(
  File "/Data/thomas.turkieh/smth2smth/.venv/lib/python3.12/site-packages/huggingface_hub/utils/_validators.py", line 88, in _inner_fn
    return fn(*args, **kwargs)
           ^^^^^^^^^^^^^^^^^^^
  File "/Data/thomas.turkieh/smth2smth/.venv/lib/python3.12/site-packages/huggingface_hub/file_download.py", line 997, in hf_hub_download
    return _hf_hub_download_to_cache_dir(
           ^^^^^^^^^^^^^^^^^^^^^^^^^^^^^^
  File "/Data/thomas.turkieh/smth2smth/.venv/lib/python3.12/site-packages/huggingface_hub/file_download.py", line 1216, in _hf_hub_download_to_cache_dir
    _download_to_tmp_and_move(
  File "/Data/thomas.turkieh/smth2smth/.venv/lib/python3.12/site-packages/huggingface_hub/file_download.py", line 1828, in _download_to_tmp_and_move
    with incomplete_path.open("ab") as f:
         ^^^^^^^^^^^^^^^^^^^^^^^^^^
OSError: [Errno 122] Disk quota exceeded

Set the environment variable HYDRA_FULL_ERROR=1 for a complete stack trace.
model:
  name: vjepa2_ssv2ft
  pretrained: true
  num_classes: ${num_classes}
  hf_repo: facebook/vjepa2-vitl-fpc16-256-ssv2
  head_type: attentive
  head_num_heads: 8
  head_num_queries: 1
  head_dropout: 0.0
  lora_enabled: false
  lora_r: 16
  lora_alpha: 32
  lora_dropout: 0.05
  lora_target_modules: null
  freeze_backbone: true
  attn_implementation: sdpa
  init_head_from_ssv2: true
dataset:
  root: ${hydra:runtime.cwd}/data
  train_dir: ${dataset.root}/train
  val_dir: ${dataset.root}/val
  test_dir: ${dataset.root}/test
  augmented_dirs: []
  test_manifest: null
  submission_output: ${hydra:runtime.cwd}/submissions/track_a.csv
  num_frames: 16
  val_ratio: 0.2
  use_official_val: true
  include_val_in_train: false
  official_val_holdout_ratio: 0.0
  seed: ${seed}
  use_extra: false
  train_extra_dir: ${dataset.root}/train_extra
  max_samples: null
  max_samples_per_class: null
  image_size: 256
  time_reversal_prob: 0.0
  temporal_reversal_augment:
    enabled: false
    prob: 0.5
  class_boosting:
    enabled: false
training:
  batch_size: 4
  lr: 0.0005
  epochs: 15
  num_workers: 2
  checkpoint_path: checkpoints/track_b/ssv2ft_frozen_probe.pt
  resume_from: null
  lora_lr: 0.0001
  lora_lr_ratio: 0.25
  motion_lr: null
  motion_lr_ratio: null
  resume_apply_cfg_lr: false
  amp: true
  device: cuda
  optimizer: adamw
  momentum: 0.9
  nesterov: false
  weight_decay: 0.05
  scheduler_cosine: true
  warmup_epochs: 1
  min_lr: 1.0e-05
  label_smoothing: 0.1
  videomix_alpha: 0.0
  videomix_prob: 1.0
  videomix_mode: cube_cutmix
  videomix_mixup_alpha: null
  videomix_cutmix_alpha: null
  videomix_switch_prob: 0.5
  layer_decay: null
  repeated_aug: 1
  grad_accum_steps: 1
  amp_dtype: float16
  scheduler: none
  sgdr_T0: 30
  sgdr_save_snapshots: false
  early_stopping_enabled: false
  early_stopping_patience: 10
  early_stopping_min_delta: 0.0
  log_interval_steps: 50
  ema_enabled: true
  ema_decay: 0.999
  eval_every_n_epochs: 1
  eval_ema: true
  save_last_checkpoint: true
  last_checkpoint_path: null
  resume_reset_scheduler: false
  continuation_warmup_epochs: 0
  continuation_rewarm_lr: false
  continuation_peak_lr_ratio: 0.4
  tta: false
  tta_flip: false
  tta_temporal_shift: 0
  tta_scales:
  - 0.875
  - 1.0
  - 1.125
  tta_logit_adjust: 0.0
  class_balance_sampler: none
  class_balance_loss: none
  class_balance_beta: 0.999
augment:
  name: none
  random_horizontal_flip: false
  random_crop: false
  crop_padding: 0
  color_jitter: false
  color_jitter_brightness: 0.0
  color_jitter_contrast: 0.0
  color_jitter_saturation: 0.0
  color_jitter_hue: 0.0
  random_grayscale: false
  random_grayscale_prob: 0.0
  gaussian_blur: false
  gaussian_blur_prob: 0.0
  gaussian_blur_radius_min: 0.1
  gaussian_blur_radius_max: 2.0
pretrain:
  epochs: 100
  batch_size: 64
  lr: 0.0005
  weight_decay: 0.04
  log_interval_steps: 50
  checkpoint_path: ${hydra:runtime.cwd}/ssl_trunk.pt
  max_frames: null
  image_size: 224
  local_image_size: 96
  num_local_views: 6
  out_dim: 4096
  hidden_dim: 2048
  bottleneck_dim: 256
  n_layers: 3
  teacher_temp: 0.04
  student_temp: 0.1
  center_momentum: 0.9
  teacher_momentum_base: 0.996
  teacher_momentum_final: 1.0
test:
  num_segment: 2
  num_crop: 3
  flip_tta: false
track:
  name: a
  description: 'Closed-world track: train from scratch.'
num_classes: 33
seed: 42

[cuda] cache emptied (run-start). Free: 23.15 / 23.54 GiB
[data] use_official_val=true: train=44993 (train_dir=44993), val=6745 (from /Data/thomas.turkieh/smth2smth/data/val)
[2026-05-22 12:56:52,092][httpx][INFO] - HTTP Request: HEAD https://huggingface.co/facebook/vjepa2-vitl-fpc16-256-ssv2/resolve/main/config.json "HTTP/1.1 307 Temporary Redirect"
[2026-05-22 12:56:52,096][httpx][INFO] - HTTP Request: HEAD https://huggingface.co/api/resolve-cache/models/facebook/vjepa2-vitl-fpc16-256-ssv2/4aa02df83918538fc21cfaf576382fa20e489a80/config.json "HTTP/1.1 200 OK"
[2026-05-22 12:56:52,101][httpx][INFO] - HTTP Request: GET https://huggingface.co/api/resolve-cache/models/facebook/vjepa2-vitl-fpc16-256-ssv2/4aa02df83918538fc21cfaf576382fa20e489a80/config.json "HTTP/1.1 200 OK"
[2026-05-22 12:56:52,199][httpx][INFO] - HTTP Request: HEAD https://huggingface.co/facebook/vjepa2-vitl-fpc16-256-ssv2/resolve/main/adapter_config.json "HTTP/1.1 404 Not Found"
[2026-05-22 12:56:52,297][httpx][INFO] - HTTP Request: HEAD https://huggingface.co/facebook/vjepa2-vitl-fpc16-256-ssv2/resolve/main/config.json "HTTP/1.1 307 Temporary Redirect"
Warning: You are sending unauthenticated requests to the HF Hub. Please set a HF_TOKEN to enable higher rate limits and faster downloads.
[2026-05-22 12:56:52,298][huggingface_hub.utils._http][WARNING] - Warning: You are sending unauthenticated requests to the HF Hub. Please set a HF_TOKEN to enable higher rate limits and faster downloads.
[2026-05-22 12:56:52,302][httpx][INFO] - HTTP Request: HEAD https://huggingface.co/api/resolve-cache/models/facebook/vjepa2-vitl-fpc16-256-ssv2/4aa02df83918538fc21cfaf576382fa20e489a80/config.json "HTTP/1.1 200 OK"
[2026-05-22 12:56:52,407][httpx][INFO] - HTTP Request: HEAD https://huggingface.co/facebook/vjepa2-vitl-fpc16-256-ssv2/resolve/main/model.safetensors "HTTP/1.1 302 Found"
[2026-05-22 12:56:52,507][httpx][INFO] - HTTP Request: GET https://huggingface.co/api/models/facebook/vjepa2-vitl-fpc16-256-ssv2/xet-read-token/4aa02df83918538fc21cfaf576382fa20e489a80 "HTTP/1.1 200 OK"
Loading weights:   0%|          | 0/652 [00:00<?, ?it/s]Loading weights: 100%|██████████| 652/652 [00:00<00:00, 16007.76it/s]
[map] prefix-matched our class 015 ('015_Pretending_to_pour_something_out_of_something_but_something_') to SSv2 idx 70 ('Pretending to pour [something] out of [something], but [something] is empty')
[ssv2ft] head-slice: resolved 32/33 local class indices (32 folder matches)
[model] freeze_backbone ignored (only supported for video_mae_vit).
[optim] trainable 49,370,145 / total 375,341,473 params (13.15%)
[amp] mixed-precision (torch.float16 + GradScaler) enabled.
[ema] enabled (decay=0.999); will eval both live and EMA each epoch.
    [12:57:55] step 50/11249 | avg train loss 2.4574 top1 0.4800 top5 0.7750
    [12:58:07] step 100/11249 | avg train loss 2.2451 top1 0.4925 top5 0.8225
    [12:58:20] step 150/11249 | avg train loss 2.1467 top1 0.5250 top5 0.8383
    [12:58:33] step 200/11249 | avg train loss 2.0912 top1 0.5475 top5 0.8425
    [12:58:46] step 250/11249 | avg train loss 2.0302 top1 0.5660 top5 0.8540
    [12:58:59] step 300/11249 | avg train loss 1.9952 top1 0.5758 top5 0.8625
    [12:59:12] step 350/11249 | avg train loss 2.0044 top1 0.5686 top5 0.8621
    [12:59:25] step 400/11249 | avg train loss 2.0226 top1 0.5656 top5 0.8638
    [12:59:38] step 450/11249 | avg train loss 1.9969 top1 0.5728 top5 0.8667
    [12:59:51] step 500/11249 | avg train loss 1.9997 top1 0.5715 top5 0.8660
    [13:00:04] step 550/11249 | avg train loss 1.9967 top1 0.5682 top5 0.8655
    [13:00:17] step 600/11249 | avg train loss 1.9944 top1 0.5679 top5 0.8650
    [13:00:30] step 650/11249 | avg train loss 1.9761 top1 0.5715 top5 0.8688
    [13:00:43] step 700/11249 | avg train loss 1.9860 top1 0.5664 top5 0.8668
    [13:00:56] step 750/11249 | avg train loss 1.9744 top1 0.5677 top5 0.8693
    [13:01:09] step 800/11249 | avg train loss 1.9647 top1 0.5741 top5 0.8697
    [13:01:22] step 850/11249 | avg train loss 1.9569 top1 0.5774 top5 0.8706
    [13:01:35] step 900/11249 | avg train loss 1.9423 top1 0.5822 top5 0.8717
    [13:01:48] step 950/11249 | avg train loss 1.9384 top1 0.5821 top5 0.8721
    [13:02:01] step 1000/11249 | avg train loss 1.9415 top1 0.5777 top5 0.8715
    [13:02:14] step 1050/11249 | avg train loss 1.9345 top1 0.5786 top5 0.8731
    [13:02:27] step 1100/11249 | avg train loss 1.9199 top1 0.5832 top5 0.8757
    [13:02:40] step 1150/11249 | avg train loss 1.9153 top1 0.5841 top5 0.8761
    [13:02:53] step 1200/11249 | avg train loss 1.9116 top1 0.5850 top5 0.8769
    [13:03:06] step 1250/11249 | avg train loss 1.9075 top1 0.5852 top5 0.8776
    [13:03:19] step 1300/11249 | avg train loss 1.9040 top1 0.5863 top5 0.8788
    [13:03:32] step 1350/11249 | avg train loss 1.9011 top1 0.5872 top5 0.8789
    [13:03:45] step 1400/11249 | avg train loss 1.8980 top1 0.5875 top5 0.8791
    [13:03:58] step 1450/11249 | avg train loss 1.8897 top1 0.5909 top5 0.8800
    [13:04:11] step 1500/11249 | avg train loss 1.8844 top1 0.5917 top5 0.8807
    [13:04:24] step 1550/11249 | avg train loss 1.8742 top1 0.5945 top5 0.8818
    [13:04:37] step 1600/11249 | avg train loss 1.8681 top1 0.5964 top5 0.8839
    [13:04:50] step 1650/11249 | avg train loss 1.8627 top1 0.5992 top5 0.8847
    [13:05:03] step 1700/11249 | avg train loss 1.8583 top1 0.6001 top5 0.8868
    [13:05:16] step 1750/11249 | avg train loss 1.8539 top1 0.6010 top5 0.8877
    [13:05:29] step 1800/11249 | avg train loss 1.8516 top1 0.6010 top5 0.8876
    [13:05:42] step 1850/11249 | avg train loss 1.8496 top1 0.6008 top5 0.8881
    [13:05:55] step 1900/11249 | avg train loss 1.8475 top1 0.6011 top5 0.8875
    [13:06:08] step 1950/11249 | avg train loss 1.8417 top1 0.6017 top5 0.8886
    [13:06:21] step 2000/11249 | avg train loss 1.8368 top1 0.6025 top5 0.8895
    [13:06:34] step 2050/11249 | avg train loss 1.8292 top1 0.6044 top5 0.8904
    [13:06:47] step 2100/11249 | avg train loss 1.8269 top1 0.6045 top5 0.8904
    [13:07:00] step 2150/11249 | avg train loss 1.8234 top1 0.6060 top5 0.8914
    [13:07:13] step 2200/11249 | avg train loss 1.8179 top1 0.6078 top5 0.8924
    [13:07:26] step 2250/11249 | avg train loss 1.8188 top1 0.6072 top5 0.8921
    [13:07:39] step 2300/11249 | avg train loss 1.8134 top1 0.6098 top5 0.8925
    [13:07:52] step 2350/11249 | avg train loss 1.8128 top1 0.6098 top5 0.8923
    [13:08:05] step 2400/11249 | avg train loss 1.8096 top1 0.6108 top5 0.8926
    [13:08:18] step 2450/11249 | avg train loss 1.8069 top1 0.6119 top5 0.8927
    [13:08:31] step 2500/11249 | avg train loss 1.8040 top1 0.6129 top5 0.8933
    [13:08:44] step 2550/11249 | avg train loss 1.8013 top1 0.6135 top5 0.8935
    [13:08:57] step 2600/11249 | avg train loss 1.7991 top1 0.6136 top5 0.8948
    [13:09:10] step 2650/11249 | avg train loss 1.7961 top1 0.6150 top5 0.8950
    [13:09:23] step 2700/11249 | avg train loss 1.7956 top1 0.6142 top5 0.8951
    [13:09:36] step 2750/11249 | avg train loss 1.7933 top1 0.6142 top5 0.8951
    [13:09:49] step 2800/11249 | avg train loss 1.7911 top1 0.6147 top5 0.8954
    [13:10:02] step 2850/11249 | avg train loss 1.7876 top1 0.6155 top5 0.8963
    [13:10:15] step 2900/11249 | avg train loss 1.7859 top1 0.6166 top5 0.8967
    [13:10:28] step 2950/11249 | avg train loss 1.7811 top1 0.6177 top5 0.8975
    [13:10:41] step 3000/11249 | avg train loss 1.7818 top1 0.6178 top5 0.8978
    [13:10:54] step 3050/11249 | avg train loss 1.7786 top1 0.6190 top5 0.8982
    [13:11:07] step 3100/11249 | avg train loss 1.7762 top1 0.6201 top5 0.8984
    [13:11:20] step 3150/11249 | avg train loss 1.7755 top1 0.6199 top5 0.8985
    [13:11:33] step 3200/11249 | avg train loss 1.7742 top1 0.6209 top5 0.8986
    [13:11:46] step 3250/11249 | avg train loss 1.7734 top1 0.6208 top5 0.8988
    [13:11:59] step 3300/11249 | avg train loss 1.7713 top1 0.6211 top5 0.8992
    [13:12:12] step 3350/11249 | avg train loss 1.7671 top1 0.6228 top5 0.8996
    [13:12:25] step 3400/11249 | avg train loss 1.7673 top1 0.6226 top5 0.8997
    [13:12:38] step 3450/11249 | avg train loss 1.7663 top1 0.6230 top5 0.8998
    [13:12:51] step 3500/11249 | avg train loss 1.7649 top1 0.6234 top5 0.8999
    [13:13:04] step 3550/11249 | avg train loss 1.7630 top1 0.6236 top5 0.9000
    [13:13:17] step 3600/11249 | avg train loss 1.7612 top1 0.6241 top5 0.9003
    [13:13:30] step 3650/11249 | avg train loss 1.7595 top1 0.6241 top5 0.9007
    [13:13:43] step 3700/11249 | avg train loss 1.7569 top1 0.6250 top5 0.9013
    [13:13:56] step 3750/11249 | avg train loss 1.7545 top1 0.6260 top5 0.9017
    [13:14:09] step 3800/11249 | avg train loss 1.7542 top1 0.6258 top5 0.9020
    [13:14:22] step 3850/11249 | avg train loss 1.7529 top1 0.6264 top5 0.9021
    [13:14:35] step 3900/11249 | avg train loss 1.7505 top1 0.6271 top5 0.9026
    [13:14:47] step 3950/11249 | avg train loss 1.7499 top1 0.6272 top5 0.9030
    [13:15:00] step 4000/11249 | avg train loss 1.7484 top1 0.6277 top5 0.9031
    [13:15:13] step 4050/11249 | avg train loss 1.7473 top1 0.6284 top5 0.9032
    [13:15:26] step 4100/11249 | avg train loss 1.7454 top1 0.6290 top5 0.9036
    [13:15:39] step 4150/11249 | avg train loss 1.7453 top1 0.6283 top5 0.9037
    [13:15:52] step 4200/11249 | avg train loss 1.7432 top1 0.6292 top5 0.9040
    [13:16:05] step 4250/11249 | avg train loss 1.7419 top1 0.6295 top5 0.9041
    [13:16:18] step 4300/11249 | avg train loss 1.7403 top1 0.6298 top5 0.9045
    [13:16:31] step 4350/11249 | avg train loss 1.7389 top1 0.6301 top5 0.9047
    [13:16:44] step 4400/11249 | avg train loss 1.7361 top1 0.6309 top5 0.9053
    [13:16:57] step 4450/11249 | avg train loss 1.7350 top1 0.6311 top5 0.9054
    [13:17:10] step 4500/11249 | avg train loss 1.7343 top1 0.6311 top5 0.9055
    [13:17:23] step 4550/11249 | avg train loss 1.7342 top1 0.6307 top5 0.9057
    [13:17:36] step 4600/11249 | avg train loss 1.7337 top1 0.6306 top5 0.9056
    [13:17:49] step 4650/11249 | avg train loss 1.7324 top1 0.6311 top5 0.9056
    [13:18:02] step 4700/11249 | avg train loss 1.7293 top1 0.6324 top5 0.9061
    [13:18:15] step 4750/11249 | avg train loss 1.7290 top1 0.6326 top5 0.9062
    [13:18:28] step 4800/11249 | avg train loss 1.7285 top1 0.6327 top5 0.9064
    [13:18:41] step 4850/11249 | avg train loss 1.7277 top1 0.6325 top5 0.9066
    [13:18:54] step 4900/11249 | avg train loss 1.7278 top1 0.6324 top5 0.9063
    [13:19:07] step 4950/11249 | avg train loss 1.7262 top1 0.6329 top5 0.9064
    [13:19:20] step 5000/11249 | avg train loss 1.7254 top1 0.6328 top5 0.9069
    [13:19:33] step 5050/11249 | avg train loss 1.7244 top1 0.6328 top5 0.9071
    [13:19:46] step 5100/11249 | avg train loss 1.7230 top1 0.6331 top5 0.9074
    [13:19:59] step 5150/11249 | avg train loss 1.7218 top1 0.6337 top5 0.9076
    [13:20:12] step 5200/11249 | avg train loss 1.7195 top1 0.6344 top5 0.9079
    [13:20:25] step 5250/11249 | avg train loss 1.7180 top1 0.6346 top5 0.9083
    [13:20:38] step 5300/11249 | avg train loss 1.7178 top1 0.6344 top5 0.9083
    [13:20:51] step 5350/11249 | avg train loss 1.7174 top1 0.6343 top5 0.9086
    [13:21:04] step 5400/11249 | avg train loss 1.7172 top1 0.6344 top5 0.9084
    [13:21:17] step 5450/11249 | avg train loss 1.7155 top1 0.6352 top5 0.9085
    [13:21:30] step 5500/11249 | avg train loss 1.7146 top1 0.6356 top5 0.9083
    [13:21:43] step 5550/11249 | avg train loss 1.7125 top1 0.6365 top5 0.9085
    [13:21:56] step 5600/11249 | avg train loss 1.7109 top1 0.6371 top5 0.9089
    [13:22:09] step 5650/11249 | avg train loss 1.7097 top1 0.6374 top5 0.9091
    [13:22:22] step 5700/11249 | avg train loss 1.7090 top1 0.6378 top5 0.9089
    [13:22:35] step 5750/11249 | avg train loss 1.7080 top1 0.6382 top5 0.9090
    [13:22:48] step 5800/11249 | avg train loss 1.7071 top1 0.6385 top5 0.9090
    [13:23:01] step 5850/11249 | avg train loss 1.7076 top1 0.6387 top5 0.9088
    [13:23:14] step 5900/11249 | avg train loss 1.7075 top1 0.6384 top5 0.9090
    [13:23:27] step 5950/11249 | avg train loss 1.7069 top1 0.6387 top5 0.9090
    [13:23:40] step 6000/11249 | avg train loss 1.7062 top1 0.6391 top5 0.9091
    [13:23:53] step 6050/11249 | avg train loss 1.7039 top1 0.6398 top5 0.9093
    [13:24:06] step 6100/11249 | avg train loss 1.7029 top1 0.6400 top5 0.9097
    [13:24:19] step 6150/11249 | avg train loss 1.7015 top1 0.6406 top5 0.9097
    [13:24:32] step 6200/11249 | avg train loss 1.7016 top1 0.6403 top5 0.9096
    [13:24:45] step 6250/11249 | avg train loss 1.7022 top1 0.6400 top5 0.9095
    [13:24:58] step 6300/11249 | avg train loss 1.7009 top1 0.6404 top5 0.9096
    [13:25:11] step 6350/11249 | avg train loss 1.6996 top1 0.6404 top5 0.9099
    [13:25:24] step 6400/11249 | avg train loss 1.6988 top1 0.6407 top5 0.9099
    [13:25:37] step 6450/11249 | avg train loss 1.6979 top1 0.6407 top5 0.9102
    [13:25:50] step 6500/11249 | avg train loss 1.6972 top1 0.6409 top5 0.9103
    [13:26:03] step 6550/11249 | avg train loss 1.6959 top1 0.6411 top5 0.9105
    [13:26:16] step 6600/11249 | avg train loss 1.6954 top1 0.6412 top5 0.9107
    [13:26:29] step 6650/11249 | avg train loss 1.6948 top1 0.6414 top5 0.9109
    [13:26:42] step 6700/11249 | avg train loss 1.6941 top1 0.6417 top5 0.9109
    [13:26:55] step 6750/11249 | avg train loss 1.6936 top1 0.6417 top5 0.9110
    [13:27:08] step 6800/11249 | avg train loss 1.6924 top1 0.6422 top5 0.9112
    [13:27:21] step 6850/11249 | avg train loss 1.6911 top1 0.6427 top5 0.9113
    [13:27:34] step 6900/11249 | avg train loss 1.6908 top1 0.6426 top5 0.9114
    [13:27:46] step 6950/11249 | avg train loss 1.6902 top1 0.6427 top5 0.9115
    [13:27:59] step 7000/11249 | avg train loss 1.6893 top1 0.6428 top5 0.9117
    [13:28:12] step 7050/11249 | avg train loss 1.6886 top1 0.6430 top5 0.9119
    [13:28:25] step 7100/11249 | avg train loss 1.6874 top1 0.6434 top5 0.9120
    [13:28:38] step 7150/11249 | avg train loss 1.6857 top1 0.6441 top5 0.9121
    [13:28:51] step 7200/11249 | avg train loss 1.6850 top1 0.6444 top5 0.9120
    [13:29:04] step 7250/11249 | avg train loss 1.6833 top1 0.6448 top5 0.9122
    [13:29:17] step 7300/11249 | avg train loss 1.6824 top1 0.6453 top5 0.9124
    [13:29:30] step 7350/11249 | avg train loss 1.6824 top1 0.6452 top5 0.9124
    [13:29:43] step 7400/11249 | avg train loss 1.6811 top1 0.6456 top5 0.9126
    [13:29:56] step 7450/11249 | avg train loss 1.6816 top1 0.6455 top5 0.9124
    [13:30:09] step 7500/11249 | avg train loss 1.6812 top1 0.6456 top5 0.9126
    [13:30:22] step 7550/11249 | avg train loss 1.6805 top1 0.6456 top5 0.9127
    [13:30:35] step 7600/11249 | avg train loss 1.6805 top1 0.6454 top5 0.9126
    [13:30:48] step 7650/11249 | avg train loss 1.6796 top1 0.6457 top5 0.9128
    [13:31:01] step 7700/11249 | avg train loss 1.6791 top1 0.6457 top5 0.9130
    [13:31:14] step 7750/11249 | avg train loss 1.6798 top1 0.6455 top5 0.9129
    [13:31:27] step 7800/11249 | avg train loss 1.6786 top1 0.6456 top5 0.9131
    [13:31:40] step 7850/11249 | avg train loss 1.6778 top1 0.6457 top5 0.9132
    [13:31:53] step 7900/11249 | avg train loss 1.6785 top1 0.6455 top5 0.9130
    [13:32:06] step 7950/11249 | avg train loss 1.6775 top1 0.6458 top5 0.9131
    [13:32:19] step 8000/11249 | avg train loss 1.6767 top1 0.6459 top5 0.9132
    [13:32:32] step 8050/11249 | avg train loss 1.6762 top1 0.6459 top5 0.9134
    [13:32:45] step 8100/11249 | avg train loss 1.6760 top1 0.6461 top5 0.9133
    [13:32:58] step 8150/11249 | avg train loss 1.6750 top1 0.6463 top5 0.9135
    [13:33:11] step 8200/11249 | avg train loss 1.6737 top1 0.6470 top5 0.9137
    [13:33:24] step 8250/11249 | avg train loss 1.6730 top1 0.6470 top5 0.9138
    [13:33:37] step 8300/11249 | avg train loss 1.6725 top1 0.6471 top5 0.9137
    [13:33:50] step 8350/11249 | avg train loss 1.6719 top1 0.6473 top5 0.9137
    [13:34:03] step 8400/11249 | avg train loss 1.6716 top1 0.6474 top5 0.9137
    [13:34:16] step 8450/11249 | avg train loss 1.6708 top1 0.6475 top5 0.9138
    [13:34:29] step 8500/11249 | avg train loss 1.6705 top1 0.6476 top5 0.9140
    [13:34:42] step 8550/11249 | avg train loss 1.6690 top1 0.6481 top5 0.9141
    [13:34:55] step 8600/11249 | avg train loss 1.6686 top1 0.6481 top5 0.9142
    [13:35:08] step 8650/11249 | avg train loss 1.6675 top1 0.6486 top5 0.9143
    [13:35:21] step 8700/11249 | avg train loss 1.6676 top1 0.6483 top5 0.9143
    [13:35:34] step 8750/11249 | avg train loss 1.6672 top1 0.6484 top5 0.9143
    [13:35:47] step 8800/11249 | avg train loss 1.6660 top1 0.6489 top5 0.9144
    [13:36:00] step 8850/11249 | avg train loss 1.6658 top1 0.6492 top5 0.9143
    [13:36:13] step 8900/11249 | avg train loss 1.6658 top1 0.6489 top5 0.9144
    [13:36:26] step 8950/11249 | avg train loss 1.6656 top1 0.6488 top5 0.9144
    [13:36:39] step 9000/11249 | avg train loss 1.6657 top1 0.6486 top5 0.9143
    [13:36:52] step 9050/11249 | avg train loss 1.6656 top1 0.6487 top5 0.9144
    [13:37:05] step 9100/11249 | avg train loss 1.6647 top1 0.6491 top5 0.9145
    [13:37:18] step 9150/11249 | avg train loss 1.6640 top1 0.6493 top5 0.9147
    [13:37:31] step 9200/11249 | avg train loss 1.6632 top1 0.6496 top5 0.9148
    [13:37:44] step 9250/11249 | avg train loss 1.6627 top1 0.6496 top5 0.9148
    [13:37:57] step 9300/11249 | avg train loss 1.6617 top1 0.6499 top5 0.9149
    [13:38:10] step 9350/11249 | avg train loss 1.6605 top1 0.6505 top5 0.9152
    [13:38:23] step 9400/11249 | avg train loss 1.6609 top1 0.6501 top5 0.9150
    [13:38:36] step 9450/11249 | avg train loss 1.6602 top1 0.6503 top5 0.9152
    [13:38:49] step 9500/11249 | avg train loss 1.6591 top1 0.6506 top5 0.9154
    [13:39:02] step 9550/11249 | avg train loss 1.6587 top1 0.6507 top5 0.9155
    [13:39:15] step 9600/11249 | avg train loss 1.6581 top1 0.6509 top5 0.9154
    [13:39:28] step 9650/11249 | avg train loss 1.6582 top1 0.6510 top5 0.9155
    [13:39:41] step 9700/11249 | avg train loss 1.6576 top1 0.6512 top5 0.9155
    [13:39:54] step 9750/11249 | avg train loss 1.6572 top1 0.6513 top5 0.9155
    [13:40:07] step 9800/11249 | avg train loss 1.6568 top1 0.6514 top5 0.9155
    [13:40:20] step 9850/11249 | avg train loss 1.6562 top1 0.6517 top5 0.9155
    [13:40:33] step 9900/11249 | avg train loss 1.6551 top1 0.6520 top5 0.9157
    [13:40:46] step 9950/11249 | avg train loss 1.6541 top1 0.6523 top5 0.9160
    [13:40:59] step 10000/11249 | avg train loss 1.6535 top1 0.6525 top5 0.9161
    [13:41:12] step 10050/11249 | avg train loss 1.6527 top1 0.6529 top5 0.9161
    [13:41:25] step 10100/11249 | avg train loss 1.6523 top1 0.6529 top5 0.9162
    [13:41:38] step 10150/11249 | avg train loss 1.6514 top1 0.6533 top5 0.9162
    [13:41:51] step 10200/11249 | avg train loss 1.6508 top1 0.6535 top5 0.9163
    [13:42:04] step 10250/11249 | avg train loss 1.6500 top1 0.6537 top5 0.9164
    [13:42:17] step 10300/11249 | avg train loss 1.6494 top1 0.6539 top5 0.9165
    [13:42:30] step 10350/11249 | avg train loss 1.6490 top1 0.6539 top5 0.9164
    [13:42:43] step 10400/11249 | avg train loss 1.6480 top1 0.6543 top5 0.9165
    [13:42:56] step 10450/11249 | avg train loss 1.6471 top1 0.6545 top5 0.9166
    [13:43:09] step 10500/11249 | avg train loss 1.6470 top1 0.6545 top5 0.9166
    [13:43:22] step 10550/11249 | avg train loss 1.6461 top1 0.6549 top5 0.9168
    [13:43:35] step 10600/11249 | avg train loss 1.6453 top1 0.6551 top5 0.9170
    [13:43:48] step 10650/11249 | avg train loss 1.6449 top1 0.6552 top5 0.9169
    [13:44:00] step 10700/11249 | avg train loss 1.6444 top1 0.6553 top5 0.9170
    [13:44:13] step 10750/11249 | avg train loss 1.6431 top1 0.6558 top5 0.9172
    [13:44:26] step 10800/11249 | avg train loss 1.6429 top1 0.6558 top5 0.9172
    [13:44:39] step 10850/11249 | avg train loss 1.6426 top1 0.6560 top5 0.9173
    [13:44:52] step 10900/11249 | avg train loss 1.6421 top1 0.6562 top5 0.9174
    [13:45:05] step 10950/11249 | avg train loss 1.6417 top1 0.6562 top5 0.9174
    [13:45:19] step 11000/11249 | avg train loss 1.6409 top1 0.6565 top5 0.9174
    [13:45:32] step 11050/11249 | avg train loss 1.6404 top1 0.6568 top5 0.9174
    [13:45:45] step 11100/11249 | avg train loss 1.6400 top1 0.6570 top5 0.9175
    [13:45:58] step 11150/11249 | avg train loss 1.6397 top1 0.6570 top5 0.9175
    [13:46:11] step 11200/11249 | avg train loss 1.6395 top1 0.6571 top5 0.9175
    [13:46:23] step 11249/11249 | avg train loss 1.6396 top1 0.6572 top5 0.9174
[2026-05-22T13:57:23] Epoch 1/15 | train loss 1.6396 top1 0.6572 | val loss 1.4205 top1 0.5950 top5 0.8867 | ema val top1 0.6710 top5 0.9208
  Saved new best checkpoint (ema): /Data/thomas.turkieh/smth2smth/checkpoints/track_b/ssv2ft_frozen_probe.pt (val top1=0.6710)
    [13:57:39] step 50/11249 | avg train loss 1.4205 top1 0.7350 top5 0.9450
    [13:57:52] step 100/11249 | avg train loss 1.4496 top1 0.7125 top5 0.9375
    [13:58:05] step 150/11249 | avg train loss 1.4214 top1 0.7183 top5 0.9400
    [13:58:18] step 200/11249 | avg train loss 1.4296 top1 0.7225 top5 0.9363
    [13:58:31] step 250/11249 | avg train loss 1.4248 top1 0.7260 top5 0.9420
    [13:58:44] step 300/11249 | avg train loss 1.4233 top1 0.7258 top5 0.9450
    [13:58:57] step 350/11249 | avg train loss 1.4189 top1 0.7271 top5 0.9464
    [13:59:10] step 400/11249 | avg train loss 1.4030 top1 0.7338 top5 0.9494
    [13:59:22] step 450/11249 | avg train loss 1.4084 top1 0.7339 top5 0.9500
    [13:59:35] step 500/11249 | avg train loss 1.4058 top1 0.7335 top5 0.9490
    [13:59:48] step 550/11249 | avg train loss 1.4104 top1 0.7305 top5 0.9477
    [14:00:01] step 600/11249 | avg train loss 1.4102 top1 0.7317 top5 0.9479
    [14:00:14] step 650/11249 | avg train loss 1.4121 top1 0.7292 top5 0.9477
    [14:00:27] step 700/11249 | avg train loss 1.4045 top1 0.7311 top5 0.9493
    [14:00:40] step 750/11249 | avg train loss 1.4062 top1 0.7310 top5 0.9497
    [14:00:53] step 800/11249 | avg train loss 1.4090 top1 0.7294 top5 0.9494
    [14:01:06] step 850/11249 | avg train loss 1.4165 top1 0.7262 top5 0.9491
    [14:01:19] step 900/11249 | avg train loss 1.4207 top1 0.7250 top5 0.9492
    [14:01:32] step 950/11249 | avg train loss 1.4213 top1 0.7247 top5 0.9495
    [14:01:45] step 1000/11249 | avg train loss 1.4201 top1 0.7252 top5 0.9503
    [14:01:58] step 1050/11249 | avg train loss 1.4306 top1 0.7219 top5 0.9471
    [14:02:11] step 1100/11249 | avg train loss 1.4260 top1 0.7236 top5 0.9475
    [14:02:24] step 1150/11249 | avg train loss 1.4268 top1 0.7224 top5 0.9483
    [14:02:37] step 1200/11249 | avg train loss 1.4251 top1 0.7238 top5 0.9479
    [14:02:50] step 1250/11249 | avg train loss 1.4256 top1 0.7238 top5 0.9480
    [14:03:03] step 1300/11249 | avg train loss 1.4279 top1 0.7206 top5 0.9475
    [14:03:16] step 1350/11249 | avg train loss 1.4227 top1 0.7226 top5 0.9480
    [14:03:29] step 1400/11249 | avg train loss 1.4281 top1 0.7202 top5 0.9473
    [14:03:42] step 1450/11249 | avg train loss 1.4290 top1 0.7202 top5 0.9472
    [14:03:55] step 1500/11249 | avg train loss 1.4317 top1 0.7188 top5 0.9475
    [14:04:08] step 1550/11249 | avg train loss 1.4339 top1 0.7194 top5 0.9471
    [14:04:21] step 1600/11249 | avg train loss 1.4353 top1 0.7180 top5 0.9481
    [14:04:34] step 1650/11249 | avg train loss 1.4338 top1 0.7183 top5 0.9479
    [14:04:47] step 1700/11249 | avg train loss 1.4295 top1 0.7199 top5 0.9481
    [14:05:00] step 1750/11249 | avg train loss 1.4301 top1 0.7204 top5 0.9479
    [14:05:13] step 1800/11249 | avg train loss 1.4307 top1 0.7200 top5 0.9475
    [14:05:26] step 1850/11249 | avg train loss 1.4311 top1 0.7201 top5 0.9474
    [14:05:39] step 1900/11249 | avg train loss 1.4294 top1 0.7205 top5 0.9478
    [14:05:52] step 1950/11249 | avg train loss 1.4319 top1 0.7203 top5 0.9469
    [14:06:05] step 2000/11249 | avg train loss 1.4338 top1 0.7196 top5 0.9466
    [14:06:18] step 2050/11249 | avg train loss 1.4357 top1 0.7189 top5 0.9465
    [14:06:31] step 2100/11249 | avg train loss 1.4322 top1 0.7206 top5 0.9470
    [14:06:44] step 2150/11249 | avg train loss 1.4320 top1 0.7212 top5 0.9472
    [14:06:57] step 2200/11249 | avg train loss 1.4338 top1 0.7208 top5 0.9468
    [14:07:10] step 2250/11249 | avg train loss 1.4341 top1 0.7206 top5 0.9468
    [14:07:23] step 2300/11249 | avg train loss 1.4329 top1 0.7205 top5 0.9467
    [14:07:36] step 2350/11249 | avg train loss 1.4299 top1 0.7223 top5 0.9471
    [14:07:49] step 2400/11249 | avg train loss 1.4299 top1 0.7226 top5 0.9473
    [14:08:02] step 2450/11249 | avg train loss 1.4301 top1 0.7227 top5 0.9474
    [14:08:15] step 2500/11249 | avg train loss 1.4304 top1 0.7223 top5 0.9476
    [14:08:28] step 2550/11249 | avg train loss 1.4281 top1 0.7233 top5 0.9477
    [14:08:41] step 2600/11249 | avg train loss 1.4277 top1 0.7234 top5 0.9475
    [14:08:54] step 2650/11249 | avg train loss 1.4279 top1 0.7230 top5 0.9478
    [14:09:07] step 2700/11249 | avg train loss 1.4280 top1 0.7230 top5 0.9481
    [14:09:20] step 2750/11249 | avg train loss 1.4267 top1 0.7239 top5 0.9483
    [14:09:33] step 2800/11249 | avg train loss 1.4271 top1 0.7233 top5 0.9480
    [14:09:46] step 2850/11249 | avg train loss 1.4258 top1 0.7237 top5 0.9483
    [14:09:59] step 2900/11249 | avg train loss 1.4256 top1 0.7238 top5 0.9486
    [14:10:12] step 2950/11249 | avg train loss 1.4260 top1 0.7239 top5 0.9485
    [14:10:25] step 3000/11249 | avg train loss 1.4252 top1 0.7243 top5 0.9486
    [14:10:37] step 3050/11249 | avg train loss 1.4249 top1 0.7243 top5 0.9489
    [14:10:50] step 3100/11249 | avg train loss 1.4252 top1 0.7240 top5 0.9490
    [14:11:03] step 3150/11249 | avg train loss 1.4246 top1 0.7245 top5 0.9488
    [14:11:16] step 3200/11249 | avg train loss 1.4237 top1 0.7250 top5 0.9490
    [14:11:29] step 3250/11249 | avg train loss 1.4238 top1 0.7253 top5 0.9490
    [14:11:42] step 3300/11249 | avg train loss 1.4235 top1 0.7255 top5 0.9491
    [14:11:55] step 3350/11249 | avg train loss 1.4211 top1 0.7264 top5 0.9493
    [14:12:08] step 3400/11249 | avg train loss 1.4218 top1 0.7261 top5 0.9493
    [14:12:21] step 3450/11249 | avg train loss 1.4215 top1 0.7264 top5 0.9490
    [14:12:34] step 3500/11249 | avg train loss 1.4216 top1 0.7266 top5 0.9487
    [14:12:47] step 3550/11249 | avg train loss 1.4218 top1 0.7269 top5 0.9488
    [14:13:00] step 3600/11249 | avg train loss 1.4211 top1 0.7273 top5 0.9489
    [14:13:13] step 3650/11249 | avg train loss 1.4204 top1 0.7276 top5 0.9490
    [14:13:26] step 3700/11249 | avg train loss 1.4193 top1 0.7278 top5 0.9491
    [14:13:39] step 3750/11249 | avg train loss 1.4195 top1 0.7281 top5 0.9489
    [14:13:52] step 3800/11249 | avg train loss 1.4198 top1 0.7277 top5 0.9491
    [14:14:05] step 3850/11249 | avg train loss 1.4184 top1 0.7281 top5 0.9494
    [14:14:18] step 3900/11249 | avg train loss 1.4199 top1 0.7274 top5 0.9491
    [14:14:31] step 3950/11249 | avg train loss 1.4192 top1 0.7281 top5 0.9490
    [14:14:44] step 4000/11249 | avg train loss 1.4197 top1 0.7276 top5 0.9491
    [14:14:57] step 4050/11249 | avg train loss 1.4196 top1 0.7274 top5 0.9493
    [14:15:10] step 4100/11249 | avg train loss 1.4201 top1 0.7276 top5 0.9491
    [14:15:23] step 4150/11249 | avg train loss 1.4211 top1 0.7272 top5 0.9489
    [14:15:36] step 4200/11249 | avg train loss 1.4207 top1 0.7266 top5 0.9490
    [14:15:49] step 4250/11249 | avg train loss 1.4197 top1 0.7270 top5 0.9491
    [14:16:02] step 4300/11249 | avg train loss 1.4198 top1 0.7269 top5 0.9491
    [14:16:15] step 4350/11249 | avg train loss 1.4184 top1 0.7274 top5 0.9495
    [14:16:28] step 4400/11249 | avg train loss 1.4175 top1 0.7273 top5 0.9495
    [14:16:41] step 4450/11249 | avg train loss 1.4176 top1 0.7271 top5 0.9493
    [14:16:54] step 4500/11249 | avg train loss 1.4177 top1 0.7272 top5 0.9494
    [14:17:07] step 4550/11249 | avg train loss 1.4201 top1 0.7260 top5 0.9489
    [14:17:20] step 4600/11249 | avg train loss 1.4210 top1 0.7259 top5 0.9489
    [14:17:33] step 4650/11249 | avg train loss 1.4213 top1 0.7258 top5 0.9489
    [14:17:46] step 4700/11249 | avg train loss 1.4204 top1 0.7262 top5 0.9489
    [14:17:59] step 4750/11249 | avg train loss 1.4209 top1 0.7256 top5 0.9490
    [14:18:12] step 4800/11249 | avg train loss 1.4213 top1 0.7255 top5 0.9489
    [14:18:25] step 4850/11249 | avg train loss 1.4204 top1 0.7259 top5 0.9490
    [14:18:38] step 4900/11249 | avg train loss 1.4206 top1 0.7258 top5 0.9490
    [14:18:51] step 4950/11249 | avg train loss 1.4220 top1 0.7253 top5 0.9488
    [14:19:04] step 5000/11249 | avg train loss 1.4224 top1 0.7255 top5 0.9488
    [14:19:17] step 5050/11249 | avg train loss 1.4228 top1 0.7254 top5 0.9485
    [14:19:30] step 5100/11249 | avg train loss 1.4221 top1 0.7258 top5 0.9486
    [14:19:43] step 5150/11249 | avg train loss 1.4233 top1 0.7252 top5 0.9486
    [14:19:56] step 5200/11249 | avg train loss 1.4234 top1 0.7250 top5 0.9487
    [14:20:09] step 5250/11249 | avg train loss 1.4242 top1 0.7247 top5 0.9486
    [14:20:22] step 5300/11249 | avg train loss 1.4243 top1 0.7242 top5 0.9484
    [14:20:35] step 5350/11249 | avg train loss 1.4250 top1 0.7237 top5 0.9485
    [14:20:47] step 5400/11249 | avg train loss 1.4249 top1 0.7238 top5 0.9485
    [14:21:00] step 5450/11249 | avg train loss 1.4260 top1 0.7235 top5 0.9484
    [14:21:13] step 5500/11249 | avg train loss 1.4274 top1 0.7230 top5 0.9481
    [14:21:26] step 5550/11249 | avg train loss 1.4277 top1 0.7227 top5 0.9482
    [14:21:39] step 5600/11249 | avg train loss 1.4270 top1 0.7227 top5 0.9483
    [14:21:52] step 5650/11249 | avg train loss 1.4276 top1 0.7225 top5 0.9482
    [14:22:05] step 5700/11249 | avg train loss 1.4278 top1 0.7229 top5 0.9481
    [14:22:18] step 5750/11249 | avg train loss 1.4286 top1 0.7228 top5 0.9480
    [14:22:31] step 5800/11249 | avg train loss 1.4284 top1 0.7226 top5 0.9481
    [14:22:44] step 5850/11249 | avg train loss 1.4279 top1 0.7229 top5 0.9479
    [14:22:57] step 5900/11249 | avg train loss 1.4276 top1 0.7230 top5 0.9479
    [14:23:10] step 5950/11249 | avg train loss 1.4291 top1 0.7226 top5 0.9477
    [14:23:23] step 6000/11249 | avg train loss 1.4285 top1 0.7231 top5 0.9477
    [14:23:36] step 6050/11249 | avg train loss 1.4283 top1 0.7231 top5 0.9475
    [14:23:49] step 6100/11249 | avg train loss 1.4280 top1 0.7232 top5 0.9478
    [14:24:02] step 6150/11249 | avg train loss 1.4277 top1 0.7234 top5 0.9478
    [14:24:15] step 6200/11249 | avg train loss 1.4283 top1 0.7233 top5 0.9478
    [14:24:28] step 6250/11249 | avg train loss 1.4279 top1 0.7237 top5 0.9477
    [14:24:41] step 6300/11249 | avg train loss 1.4277 top1 0.7240 top5 0.9478
    [14:24:54] step 6350/11249 | avg train loss 1.4282 top1 0.7237 top5 0.9479
    [14:25:07] step 6400/11249 | avg train loss 1.4281 top1 0.7236 top5 0.9479
    [14:25:20] step 6450/11249 | avg train loss 1.4284 top1 0.7234 top5 0.9479
    [14:25:33] step 6500/11249 | avg train loss 1.4276 top1 0.7238 top5 0.9479
    [14:25:46] step 6550/11249 | avg train loss 1.4269 top1 0.7241 top5 0.9480
    [14:25:59] step 6600/11249 | avg train loss 1.4270 top1 0.7240 top5 0.9478
    [14:26:12] step 6650/11249 | avg train loss 1.4270 top1 0.7242 top5 0.9477
    [14:26:25] step 6700/11249 | avg train loss 1.4273 top1 0.7241 top5 0.9476
    [14:26:38] step 6750/11249 | avg train loss 1.4267 top1 0.7243 top5 0.9478
    [14:26:51] step 6800/11249 | avg train loss 1.4267 top1 0.7242 top5 0.9476
    [14:27:04] step 6850/11249 | avg train loss 1.4263 top1 0.7240 top5 0.9478
    [14:27:17] step 6900/11249 | avg train loss 1.4265 top1 0.7239 top5 0.9477
    [14:27:30] step 6950/11249 | avg train loss 1.4266 top1 0.7239 top5 0.9476
    [14:27:43] step 7000/11249 | avg train loss 1.4260 top1 0.7240 top5 0.9477
    [14:27:56] step 7050/11249 | avg train loss 1.4253 top1 0.7245 top5 0.9478
    [14:28:09] step 7100/11249 | avg train loss 1.4252 top1 0.7249 top5 0.9477
    [14:28:22] step 7150/11249 | avg train loss 1.4253 top1 0.7250 top5 0.9478
    [14:28:35] step 7200/11249 | avg train loss 1.4257 top1 0.7249 top5 0.9477
    [14:28:48] step 7250/11249 | avg train loss 1.4259 top1 0.7246 top5 0.9478
    [14:29:00] step 7300/11249 | avg train loss 1.4267 top1 0.7245 top5 0.9475
    [14:29:13] step 7350/11249 | avg train loss 1.4264 top1 0.7247 top5 0.9476
    [14:29:26] step 7400/11249 | avg train loss 1.4262 top1 0.7249 top5 0.9476
    [14:29:39] step 7450/11249 | avg train loss 1.4259 top1 0.7250 top5 0.9477
    [14:29:52] step 7500/11249 | avg train loss 1.4260 top1 0.7250 top5 0.9477
    [14:30:05] step 7550/11249 | avg train loss 1.4256 top1 0.7250 top5 0.9478
    [14:30:18] step 7600/11249 | avg train loss 1.4255 top1 0.7250 top5 0.9479
    [14:30:31] step 7650/11249 | avg train loss 1.4249 top1 0.7252 top5 0.9480
    [14:30:44] step 7700/11249 | avg train loss 1.4246 top1 0.7254 top5 0.9481
    [14:30:57] step 7750/11249 | avg train loss 1.4243 top1 0.7255 top5 0.9481
    [14:31:10] step 7800/11249 | avg train loss 1.4246 top1 0.7252 top5 0.9479
    [14:31:23] step 7850/11249 | avg train loss 1.4245 top1 0.7254 top5 0.9480
    [14:31:36] step 7900/11249 | avg train loss 1.4249 top1 0.7251 top5 0.9479
    [14:31:49] step 7950/11249 | avg train loss 1.4245 top1 0.7252 top5 0.9480
    [14:32:02] step 8000/11249 | avg train loss 1.4244 top1 0.7252 top5 0.9481
    [14:32:15] step 8050/11249 | avg train loss 1.4250 top1 0.7248 top5 0.9481
    [14:32:28] step 8100/11249 | avg train loss 1.4255 top1 0.7244 top5 0.9481
    [14:32:41] step 8150/11249 | avg train loss 1.4258 top1 0.7245 top5 0.9479
    [14:32:54] step 8200/11249 | avg train loss 1.4251 top1 0.7247 top5 0.9481
    [14:33:07] step 8250/11249 | avg train loss 1.4255 top1 0.7245 top5 0.9480
    [14:33:20] step 8300/11249 | avg train loss 1.4258 top1 0.7243 top5 0.9480
    [14:33:33] step 8350/11249 | avg train loss 1.4261 top1 0.7243 top5 0.9481
    [14:33:46] step 8400/11249 | avg train loss 1.4260 top1 0.7243 top5 0.9482
    [14:33:59] step 8450/11249 | avg train loss 1.4264 top1 0.7242 top5 0.9481
    [14:34:12] step 8500/11249 | avg train loss 1.4266 top1 0.7241 top5 0.9480
    [14:34:25] step 8550/11249 | avg train loss 1.4264 top1 0.7242 top5 0.9480
    [14:34:38] step 8600/11249 | avg train loss 1.4256 top1 0.7243 top5 0.9482
    [14:34:51] step 8650/11249 | avg train loss 1.4256 top1 0.7243 top5 0.9482
    [14:35:04] step 8700/11249 | avg train loss 1.4259 top1 0.7242 top5 0.9481
    [14:35:17] step 8750/11249 | avg train loss 1.4257 top1 0.7243 top5 0.9481
    [14:35:30] step 8800/11249 | avg train loss 1.4256 top1 0.7245 top5 0.9480
    [14:35:43] step 8850/11249 | avg train loss 1.4252 top1 0.7245 top5 0.9480
    [14:35:56] step 8900/11249 | avg train loss 1.4245 top1 0.7247 top5 0.9481
    [14:36:09] step 8950/11249 | avg train loss 1.4247 top1 0.7246 top5 0.9481
    [14:36:22] step 9000/11249 | avg train loss 1.4255 top1 0.7245 top5 0.9479
    [14:36:35] step 9050/11249 | avg train loss 1.4258 top1 0.7244 top5 0.9478
    [14:36:48] step 9100/11249 | avg train loss 1.4255 top1 0.7243 top5 0.9478
    [14:37:01] step 9150/11249 | avg train loss 1.4253 top1 0.7245 top5 0.9479
    [14:37:14] step 9200/11249 | avg train loss 1.4253 top1 0.7246 top5 0.9479
    [14:37:27] step 9250/11249 | avg train loss 1.4252 top1 0.7246 top5 0.9480
    [14:37:40] step 9300/11249 | avg train loss 1.4254 top1 0.7245 top5 0.9481
    [14:37:53] step 9350/11249 | avg train loss 1.4255 top1 0.7244 top5 0.9481
    [14:38:06] step 9400/11249 | avg train loss 1.4260 top1 0.7241 top5 0.9481
    [14:38:19] step 9450/11249 | avg train loss 1.4260 top1 0.7242 top5 0.9480
    [14:38:32] step 9500/11249 | avg train loss 1.4257 top1 0.7242 top5 0.9481
    [14:38:45] step 9550/11249 | avg train loss 1.4252 top1 0.7244 top5 0.9481
    [14:38:58] step 9600/11249 | avg train loss 1.4252 top1 0.7244 top5 0.9480
    [14:39:11] step 9650/11249 | avg train loss 1.4254 top1 0.7244 top5 0.9480
    [14:39:23] step 9700/11249 | avg train loss 1.4252 top1 0.7245 top5 0.9480
    [14:39:36] step 9750/11249 | avg train loss 1.4242 top1 0.7248 top5 0.9482
    [14:39:49] step 9800/11249 | avg train loss 1.4241 top1 0.7247 top5 0.9481
    [14:40:02] step 9850/11249 | avg train loss 1.4234 top1 0.7252 top5 0.9482
    [14:40:15] step 9900/11249 | avg train loss 1.4237 top1 0.7253 top5 0.9481
    [14:40:28] step 9950/11249 | avg train loss 1.4247 top1 0.7250 top5 0.9479
    [14:40:41] step 10000/11249 | avg train loss 1.4241 top1 0.7251 top5 0.9481
    [14:40:54] step 10050/11249 | avg train loss 1.4242 top1 0.7251 top5 0.9480
    [14:41:07] step 10100/11249 | avg train loss 1.4242 top1 0.7250 top5 0.9481
    [14:41:20] step 10150/11249 | avg train loss 1.4243 top1 0.7250 top5 0.9481
    [14:41:33] step 10200/11249 | avg train loss 1.4240 top1 0.7252 top5 0.9482
    [14:41:46] step 10250/11249 | avg train loss 1.4240 top1 0.7251 top5 0.9481
    [14:41:59] step 10300/11249 | avg train loss 1.4247 top1 0.7248 top5 0.9481
    [14:42:12] step 10350/11249 | avg train loss 1.4253 top1 0.7245 top5 0.9479
    [14:42:25] step 10400/11249 | avg train loss 1.4252 top1 0.7245 top5 0.9479
    [14:42:38] step 10450/11249 | avg train loss 1.4247 top1 0.7246 top5 0.9481
    [14:42:51] step 10500/11249 | avg train loss 1.4248 top1 0.7245 top5 0.9480
    [14:43:04] step 10550/11249 | avg train loss 1.4249 top1 0.7245 top5 0.9479
    [14:43:17] step 10600/11249 | avg train loss 1.4245 top1 0.7247 top5 0.9479
    [14:43:30] step 10650/11249 | avg train loss 1.4243 top1 0.7248 top5 0.9480
    [14:43:43] step 10700/11249 | avg train loss 1.4244 top1 0.7247 top5 0.9480
    [14:43:56] step 10750/11249 | avg train loss 1.4241 top1 0.7249 top5 0.9480
    [14:44:09] step 10800/11249 | avg train loss 1.4241 top1 0.7248 top5 0.9481
    [14:44:22] step 10850/11249 | avg train loss 1.4243 top1 0.7248 top5 0.9481
    [14:44:35] step 10900/11249 | avg train loss 1.4240 top1 0.7250 top5 0.9481
    [14:44:48] step 10950/11249 | avg train loss 1.4241 top1 0.7248 top5 0.9482
    [14:45:01] step 11000/11249 | avg train loss 1.4241 top1 0.7250 top5 0.9482
    [14:45:14] step 11050/11249 | avg train loss 1.4239 top1 0.7252 top5 0.9482
    [14:45:27] step 11100/11249 | avg train loss 1.4239 top1 0.7252 top5 0.9482
    [14:45:40] step 11150/11249 | avg train loss 1.4233 top1 0.7255 top5 0.9483
    [14:45:53] step 11200/11249 | avg train loss 1.4235 top1 0.7254 top5 0.9483
    [14:46:06] step 11249/11249 | avg train loss 1.4235 top1 0.7253 top5 0.9483
Epoch 2/15 | train loss 1.4235 top1 0.7253 | val loss 1.3893 top1 0.6117 top5 0.8790 | ema val top1 0.6857 top5 0.9234
  Saved new best checkpoint (ema): /Data/thomas.turkieh/smth2smth/checkpoints/track_b/ssv2ft_frozen_probe.pt (val top1=0.6857)
    [14:57:22] step 50/11249 | avg train loss 1.3533 top1 0.7250 top5 0.9550
    [14:57:35] step 100/11249 | avg train loss 1.3112 top1 0.7500 top5 0.9675
    [14:57:48] step 150/11249 | avg train loss 1.3074 top1 0.7567 top5 0.9683
    [14:58:01] step 200/11249 | avg train loss 1.3180 top1 0.7525 top5 0.9712
    [14:58:14] step 250/11249 | avg train loss 1.3383 top1 0.7420 top5 0.9690
    [14:58:27] step 300/11249 | avg train loss 1.3431 top1 0.7450 top5 0.9667
    [14:58:39] step 350/11249 | avg train loss 1.3428 top1 0.7429 top5 0.9650
    [14:58:52] step 400/11249 | avg train loss 1.3395 top1 0.7412 top5 0.9644
    [14:59:05] step 450/11249 | avg train loss 1.3416 top1 0.7417 top5 0.9628
    [14:59:18] step 500/11249 | avg train loss 1.3442 top1 0.7400 top5 0.9620
    [14:59:31] step 550/11249 | avg train loss 1.3471 top1 0.7405 top5 0.9605
    [14:59:44] step 600/11249 | avg train loss 1.3438 top1 0.7425 top5 0.9608
    [14:59:57] step 650/11249 | avg train loss 1.3298 top1 0.7485 top5 0.9600
    [15:00:10] step 700/11249 | avg train loss 1.3299 top1 0.7482 top5 0.9604
    [15:00:23] step 750/11249 | avg train loss 1.3336 top1 0.7470 top5 0.9600
    [15:00:36] step 800/11249 | avg train loss 1.3365 top1 0.7481 top5 0.9600
    [15:00:49] step 850/11249 | avg train loss 1.3345 top1 0.7500 top5 0.9612
    [15:01:02] step 900/11249 | avg train loss 1.3357 top1 0.7500 top5 0.9608
    [15:01:15] step 950/11249 | avg train loss 1.3384 top1 0.7500 top5 0.9597
    [15:01:28] step 1000/11249 | avg train loss 1.3306 top1 0.7538 top5 0.9600
    [15:01:41] step 1050/11249 | avg train loss 1.3267 top1 0.7552 top5 0.9610
    [15:01:54] step 1100/11249 | avg train loss 1.3224 top1 0.7564 top5 0.9620
    [15:02:07] step 1150/11249 | avg train loss 1.3196 top1 0.7565 top5 0.9626
    [15:02:20] step 1200/11249 | avg train loss 1.3164 top1 0.7581 top5 0.9627
    [15:02:33] step 1250/11249 | avg train loss 1.3126 top1 0.7596 top5 0.9630
    [15:02:46] step 1300/11249 | avg train loss 1.3067 top1 0.7613 top5 0.9642
    [15:02:59] step 1350/11249 | avg train loss 1.3074 top1 0.7609 top5 0.9641
    [15:03:12] step 1400/11249 | avg train loss 1.3063 top1 0.7605 top5 0.9641
    [15:03:25] step 1450/11249 | avg train loss 1.3064 top1 0.7610 top5 0.9638
    [15:03:38] step 1500/11249 | avg train loss 1.3054 top1 0.7618 top5 0.9643
    [15:03:51] step 1550/11249 | avg train loss 1.3077 top1 0.7613 top5 0.9640
    [15:04:04] step 1600/11249 | avg train loss 1.3050 top1 0.7622 top5 0.9645
    [15:04:17] step 1650/11249 | avg train loss 1.3038 top1 0.7630 top5 0.9642
    [15:04:30] step 1700/11249 | avg train loss 1.3033 top1 0.7641 top5 0.9635
    [15:04:43] step 1750/11249 | avg train loss 1.3035 top1 0.7633 top5 0.9634
    [15:04:56] step 1800/11249 | avg train loss 1.3008 top1 0.7646 top5 0.9637
    [15:05:09] step 1850/11249 | avg train loss 1.2998 top1 0.7654 top5 0.9636
    [15:05:22] step 1900/11249 | avg train loss 1.3024 top1 0.7638 top5 0.9638
    [15:05:35] step 1950/11249 | avg train loss 1.3048 top1 0.7626 top5 0.9638
    [15:05:48] step 2000/11249 | avg train loss 1.3021 top1 0.7635 top5 0.9639
    [15:06:01] step 2050/11249 | avg train loss 1.3002 top1 0.7641 top5 0.9644
    [15:06:14] step 2100/11249 | avg train loss 1.3002 top1 0.7633 top5 0.9645
    [15:06:27] step 2150/11249 | avg train loss 1.3032 top1 0.7623 top5 0.9648
    [15:06:40] step 2200/11249 | avg train loss 1.3020 top1 0.7630 top5 0.9647
    [15:06:53] step 2250/11249 | avg train loss 1.3029 top1 0.7633 top5 0.9642
    [15:07:06] step 2300/11249 | avg train loss 1.3034 top1 0.7636 top5 0.9640
    [15:07:19] step 2350/11249 | avg train loss 1.3044 top1 0.7636 top5 0.9636
    [15:07:32] step 2400/11249 | avg train loss 1.3037 top1 0.7636 top5 0.9635
    [15:07:45] step 2450/11249 | avg train loss 1.3043 top1 0.7635 top5 0.9635
    [15:07:58] step 2500/11249 | avg train loss 1.3062 top1 0.7625 top5 0.9636
    [15:08:11] step 2550/11249 | avg train loss 1.3061 top1 0.7623 top5 0.9637
    [15:08:24] step 2600/11249 | avg train loss 1.3073 top1 0.7619 top5 0.9631
    [15:08:37] step 2650/11249 | avg train loss 1.3074 top1 0.7617 top5 0.9632
    [15:08:50] step 2700/11249 | avg train loss 1.3085 top1 0.7608 top5 0.9630
    [15:09:03] step 2750/11249 | avg train loss 1.3088 top1 0.7615 top5 0.9630
    [15:09:16] step 2800/11249 | avg train loss 1.3079 top1 0.7621 top5 0.9631
    [15:09:29] step 2850/11249 | avg train loss 1.3077 top1 0.7627 top5 0.9629
    [15:09:42] step 2900/11249 | avg train loss 1.3081 top1 0.7628 top5 0.9632
    [15:09:55] step 2950/11249 | avg train loss 1.3096 top1 0.7625 top5 0.9630
    [15:10:08] step 3000/11249 | avg train loss 1.3105 top1 0.7627 top5 0.9627
    [15:10:21] step 3050/11249 | avg train loss 1.3108 top1 0.7623 top5 0.9630
    [15:10:34] step 3100/11249 | avg train loss 1.3109 top1 0.7618 top5 0.9634
    [15:10:47] step 3150/11249 | avg train loss 1.3121 top1 0.7611 top5 0.9632
    [15:11:00] step 3200/11249 | avg train loss 1.3137 top1 0.7602 top5 0.9629
    [15:11:12] step 3250/11249 | avg train loss 1.3132 top1 0.7604 top5 0.9629
    [15:11:25] step 3300/11249 | avg train loss 1.3117 top1 0.7611 top5 0.9631
    [15:11:38] step 3350/11249 | avg train loss 1.3114 top1 0.7613 top5 0.9633
    [15:11:51] step 3400/11249 | avg train loss 1.3096 top1 0.7618 top5 0.9635
    [15:12:04] step 3450/11249 | avg train loss 1.3109 top1 0.7610 top5 0.9636
    [15:12:17] step 3500/11249 | avg train loss 1.3099 top1 0.7612 top5 0.9639
    [15:12:30] step 3550/11249 | avg train loss 1.3124 top1 0.7601 top5 0.9634
    [15:12:43] step 3600/11249 | avg train loss 1.3131 top1 0.7597 top5 0.9635
    [15:12:56] step 3650/11249 | avg train loss 1.3137 top1 0.7597 top5 0.9634
    [15:13:09] step 3700/11249 | avg train loss 1.3124 top1 0.7606 top5 0.9634
    [15:13:22] step 3750/11249 | avg train loss 1.3113 top1 0.7611 top5 0.9634
    [15:13:35] step 3800/11249 | avg train loss 1.3111 top1 0.7614 top5 0.9632
    [15:13:48] step 3850/11249 | avg train loss 1.3117 top1 0.7612 top5 0.9629
    [15:14:01] step 3900/11249 | avg train loss 1.3113 top1 0.7619 top5 0.9630
    [15:14:14] step 3950/11249 | avg train loss 1.3101 top1 0.7624 top5 0.9632
    [15:14:27] step 4000/11249 | avg train loss 1.3112 top1 0.7624 top5 0.9632
    [15:14:40] step 4050/11249 | avg train loss 1.3131 top1 0.7619 top5 0.9625
    [15:14:53] step 4100/11249 | avg train loss 1.3134 top1 0.7618 top5 0.9624
    [15:15:06] step 4150/11249 | avg train loss 1.3148 top1 0.7614 top5 0.9621
    [15:15:19] step 4200/11249 | avg train loss 1.3146 top1 0.7618 top5 0.9623
    [15:15:32] step 4250/11249 | avg train loss 1.3149 top1 0.7618 top5 0.9621
    [15:15:45] step 4300/11249 | avg train loss 1.3154 top1 0.7616 top5 0.9621
    [15:15:58] step 4350/11249 | avg train loss 1.3148 top1 0.7620 top5 0.9621
    [15:16:11] step 4400/11249 | avg train loss 1.3143 top1 0.7623 top5 0.9622
    [15:16:24] step 4450/11249 | avg train loss 1.3142 top1 0.7623 top5 0.9620
    [15:16:37] step 4500/11249 | avg train loss 1.3137 top1 0.7626 top5 0.9620
    [15:16:50] step 4550/11249 | avg train loss 1.3135 top1 0.7625 top5 0.9621
    [15:17:03] step 4600/11249 | avg train loss 1.3139 top1 0.7626 top5 0.9621
    [15:17:16] step 4650/11249 | avg train loss 1.3127 top1 0.7633 top5 0.9623
    [15:17:29] step 4700/11249 | avg train loss 1.3133 top1 0.7630 top5 0.9621
    [15:17:42] step 4750/11249 | avg train loss 1.3134 top1 0.7632 top5 0.9619
    [15:17:55] step 4800/11249 | avg train loss 1.3127 top1 0.7636 top5 0.9620
    [15:18:08] step 4850/11249 | avg train loss 1.3119 top1 0.7641 top5 0.9621
    [15:18:21] step 4900/11249 | avg train loss 1.3121 top1 0.7644 top5 0.9619
    [15:18:34] step 4950/11249 | avg train loss 1.3127 top1 0.7641 top5 0.9620
    [15:18:47] step 5000/11249 | avg train loss 1.3115 top1 0.7646 top5 0.9621
    [15:19:00] step 5050/11249 | avg train loss 1.3106 top1 0.7651 top5 0.9622
    [15:19:13] step 5100/11249 | avg train loss 1.3115 top1 0.7650 top5 0.9622
    [15:19:26] step 5150/11249 | avg train loss 1.3113 top1 0.7652 top5 0.9621
    [15:19:39] step 5200/11249 | avg train loss 1.3115 top1 0.7650 top5 0.9621
    [15:19:52] step 5250/11249 | avg train loss 1.3121 top1 0.7647 top5 0.9621
    [15:20:05] step 5300/11249 | avg train loss 1.3128 top1 0.7645 top5 0.9620
    [15:20:18] step 5350/11249 | avg train loss 1.3141 top1 0.7640 top5 0.9618
    [15:20:31] step 5400/11249 | avg train loss 1.3139 top1 0.7642 top5 0.9619
    [15:20:44] step 5450/11249 | avg train loss 1.3142 top1 0.7643 top5 0.9620
    [15:20:57] step 5500/11249 | avg train loss 1.3152 top1 0.7641 top5 0.9619
    [15:21:10] step 5550/11249 | avg train loss 1.3158 top1 0.7640 top5 0.9618
    [15:21:23] step 5600/11249 | avg train loss 1.3154 top1 0.7642 top5 0.9619
    [15:21:36] step 5650/11249 | avg train loss 1.3165 top1 0.7635 top5 0.9618
    [15:21:49] step 5700/11249 | avg train loss 1.3179 top1 0.7630 top5 0.9618
    [15:22:02] step 5750/11249 | avg train loss 1.3176 top1 0.7633 top5 0.9617
    [15:22:15] step 5800/11249 | avg train loss 1.3172 top1 0.7632 top5 0.9617
    [15:22:28] step 5850/11249 | avg train loss 1.3166 top1 0.7632 top5 0.9617
    [15:22:41] step 5900/11249 | avg train loss 1.3161 top1 0.7631 top5 0.9617
    [15:22:54] step 5950/11249 | avg train loss 1.3167 top1 0.7627 top5 0.9618
    [15:23:07] step 6000/11249 | avg train loss 1.3165 top1 0.7627 top5 0.9620
    [15:23:20] step 6050/11249 | avg train loss 1.3170 top1 0.7625 top5 0.9620
    [15:23:33] step 6100/11249 | avg train loss 1.3173 top1 0.7622 top5 0.9620
    [15:23:46] step 6150/11249 | avg train loss 1.3172 top1 0.7624 top5 0.9620
    [15:23:59] step 6200/11249 | avg train loss 1.3168 top1 0.7623 top5 0.9621
    [15:24:12] step 6250/11249 | avg train loss 1.3168 top1 0.7623 top5 0.9622
    [15:24:25] step 6300/11249 | avg train loss 1.3178 top1 0.7617 top5 0.9621
    [15:24:38] step 6350/11249 | avg train loss 1.3174 top1 0.7616 top5 0.9623
    [15:24:51] step 6400/11249 | avg train loss 1.3175 top1 0.7617 top5 0.9625
    [15:25:04] step 6450/11249 | avg train loss 1.3172 top1 0.7617 top5 0.9626
    [15:25:17] step 6500/11249 | avg train loss 1.3169 top1 0.7617 top5 0.9627
    [15:25:30] step 6550/11249 | avg train loss 1.3168 top1 0.7617 top5 0.9626
    [15:25:43] step 6600/11249 | avg train loss 1.3164 top1 0.7619 top5 0.9626
    [15:25:56] step 6650/11249 | avg train loss 1.3177 top1 0.7613 top5 0.9625
    [15:26:09] step 6700/11249 | avg train loss 1.3170 top1 0.7614 top5 0.9625
    [15:26:21] step 6750/11249 | avg train loss 1.3172 top1 0.7613 top5 0.9626
    [15:26:34] step 6800/11249 | avg train loss 1.3171 top1 0.7614 top5 0.9625
    [15:26:48] step 6850/11249 | avg train loss 1.3179 top1 0.7612 top5 0.9623
    [15:27:01] step 6900/11249 | avg train loss 1.3187 top1 0.7610 top5 0.9622
    [15:27:14] step 6950/11249 | avg train loss 1.3190 top1 0.7611 top5 0.9622
    [15:27:27] step 7000/11249 | avg train loss 1.3188 top1 0.7611 top5 0.9622
    [15:27:40] step 7050/11249 | avg train loss 1.3192 top1 0.7610 top5 0.9621
    [15:27:53] step 7100/11249 | avg train loss 1.3192 top1 0.7612 top5 0.9622
    [15:28:06] step 7150/11249 | avg train loss 1.3193 top1 0.7610 top5 0.9621
    [15:28:19] step 7200/11249 | avg train loss 1.3191 top1 0.7610 top5 0.9622
    [15:28:32] step 7250/11249 | avg train loss 1.3191 top1 0.7612 top5 0.9622
    [15:28:45] step 7300/11249 | avg train loss 1.3190 top1 0.7613 top5 0.9622
    [15:28:58] step 7350/11249 | avg train loss 1.3188 top1 0.7614 top5 0.9622
    [15:29:11] step 7400/11249 | avg train loss 1.3193 top1 0.7613 top5 0.9621
    [15:29:24] step 7450/11249 | avg train loss 1.3195 top1 0.7611 top5 0.9620
    [15:29:37] step 7500/11249 | avg train loss 1.3192 top1 0.7614 top5 0.9620
    [15:29:50] step 7550/11249 | avg train loss 1.3184 top1 0.7619 top5 0.9621
    [15:30:03] step 7600/11249 | avg train loss 1.3192 top1 0.7615 top5 0.9619
    [15:30:16] step 7650/11249 | avg train loss 1.3190 top1 0.7613 top5 0.9620
    [15:30:29] step 7700/11249 | avg train loss 1.3193 top1 0.7610 top5 0.9619
    [15:30:42] step 7750/11249 | avg train loss 1.3192 top1 0.7612 top5 0.9620
    [15:30:55] step 7800/11249 | avg train loss 1.3190 top1 0.7611 top5 0.9621
    [15:31:08] step 7850/11249 | avg train loss 1.3189 top1 0.7609 top5 0.9622
    [15:31:21] step 7900/11249 | avg train loss 1.3185 top1 0.7611 top5 0.9622
    [15:31:34] step 7950/11249 | avg train loss 1.3183 top1 0.7613 top5 0.9622
    [15:31:47] step 8000/11249 | avg train loss 1.3182 top1 0.7613 top5 0.9622
    [15:32:00] step 8050/11249 | avg train loss 1.3180 top1 0.7614 top5 0.9622
    [15:32:13] step 8100/11249 | avg train loss 1.3180 top1 0.7616 top5 0.9622
    [15:32:26] step 8150/11249 | avg train loss 1.3189 top1 0.7610 top5 0.9621
    [15:32:39] step 8200/11249 | avg train loss 1.3193 top1 0.7610 top5 0.9620
    [15:32:52] step 8250/11249 | avg train loss 1.3193 top1 0.7610 top5 0.9621
    [15:33:05] step 8300/11249 | avg train loss 1.3194 top1 0.7610 top5 0.9621
    [15:33:18] step 8350/11249 | avg train loss 1.3195 top1 0.7611 top5 0.9622
    [15:33:31] step 8400/11249 | avg train loss 1.3197 top1 0.7610 top5 0.9621
    [15:33:44] step 8450/11249 | avg train loss 1.3196 top1 0.7610 top5 0.9622
    [15:33:57] step 8500/11249 | avg train loss 1.3198 top1 0.7612 top5 0.9622
    [15:34:10] step 8550/11249 | avg train loss 1.3199 top1 0.7613 top5 0.9621
    [15:34:23] step 8600/11249 | avg train loss 1.3195 top1 0.7615 top5 0.9622
    [15:34:36] step 8650/11249 | avg train loss 1.3191 top1 0.7615 top5 0.9622
    [15:34:49] step 8700/11249 | avg train loss 1.3199 top1 0.7612 top5 0.9621
    [15:35:02] step 8750/11249 | avg train loss 1.3207 top1 0.7610 top5 0.9621
    [15:35:15] step 8800/11249 | avg train loss 1.3213 top1 0.7608 top5 0.9619
    [15:35:28] step 8850/11249 | avg train loss 1.3217 top1 0.7607 top5 0.9619
    [15:35:41] step 8900/11249 | avg train loss 1.3221 top1 0.7605 top5 0.9618
    [15:35:54] step 8950/11249 | avg train loss 1.3220 top1 0.7607 top5 0.9617
    [15:36:07] step 9000/11249 | avg train loss 1.3224 top1 0.7607 top5 0.9615
    [15:36:20] step 9050/11249 | avg train loss 1.3221 top1 0.7607 top5 0.9615
    [15:36:33] step 9100/11249 | avg train loss 1.3224 top1 0.7608 top5 0.9616
    [15:36:46] step 9150/11249 | avg train loss 1.3226 top1 0.7607 top5 0.9616
    [15:36:59] step 9200/11249 | avg train loss 1.3230 top1 0.7606 top5 0.9615
    [15:37:12] step 9250/11249 | avg train loss 1.3230 top1 0.7605 top5 0.9615
    [15:37:25] step 9300/11249 | avg train loss 1.3228 top1 0.7608 top5 0.9615
    [15:37:38] step 9350/11249 | avg train loss 1.3232 top1 0.7606 top5 0.9615
    [15:37:51] step 9400/11249 | avg train loss 1.3232 top1 0.7606 top5 0.9615
    [15:38:04] step 9450/11249 | avg train loss 1.3225 top1 0.7610 top5 0.9614
    [15:38:17] step 9500/11249 | avg train loss 1.3225 top1 0.7611 top5 0.9614
    [15:38:30] step 9550/11249 | avg train loss 1.3225 top1 0.7611 top5 0.9614
    [15:38:43] step 9600/11249 | avg train loss 1.3227 top1 0.7609 top5 0.9614
    [15:38:56] step 9650/11249 | avg train loss 1.3229 top1 0.7608 top5 0.9613
    [15:39:09] step 9700/11249 | avg train loss 1.3227 top1 0.7609 top5 0.9613
    [15:39:22] step 9750/11249 | avg train loss 1.3228 top1 0.7610 top5 0.9613
    [15:39:36] step 9800/11249 | avg train loss 1.3234 top1 0.7608 top5 0.9612
    [15:39:49] step 9850/11249 | avg train loss 1.3242 top1 0.7605 top5 0.9611
    [15:40:02] step 9900/11249 | avg train loss 1.3248 top1 0.7604 top5 0.9610
    [15:40:15] step 9950/11249 | avg train loss 1.3253 top1 0.7603 top5 0.9609
    [15:40:28] step 10000/11249 | avg train loss 1.3254 top1 0.7602 top5 0.9608
    [15:40:41] step 10050/11249 | avg train loss 1.3254 top1 0.7603 top5 0.9609
    [15:40:54] step 10100/11249 | avg train loss 1.3257 top1 0.7602 top5 0.9608
    [15:41:07] step 10150/11249 | avg train loss 1.3256 top1 0.7602 top5 0.9609
    [15:41:20] step 10200/11249 | avg train loss 1.3258 top1 0.7601 top5 0.9609
    [15:41:33] step 10250/11249 | avg train loss 1.3259 top1 0.7600 top5 0.9609
    [15:41:46] step 10300/11249 | avg train loss 1.3259 top1 0.7600 top5 0.9609
    [15:41:59] step 10350/11249 | avg train loss 1.3258 top1 0.7601 top5 0.9608
    [15:42:12] step 10400/11249 | avg train loss 1.3258 top1 0.7600 top5 0.9609
    [15:42:25] step 10450/11249 | avg train loss 1.3265 top1 0.7597 top5 0.9608
    [15:42:38] step 10500/11249 | avg train loss 1.3271 top1 0.7595 top5 0.9606
    [15:42:51] step 10550/11249 | avg train loss 1.3270 top1 0.7595 top5 0.9606
    [15:43:04] step 10600/11249 | avg train loss 1.3275 top1 0.7594 top5 0.9605
    [15:43:17] step 10650/11249 | avg train loss 1.3271 top1 0.7594 top5 0.9607
    [15:43:30] step 10700/11249 | avg train loss 1.3273 top1 0.7593 top5 0.9607
    [15:43:43] step 10750/11249 | avg train loss 1.3276 top1 0.7593 top5 0.9607
    [15:43:56] step 10800/11249 | avg train loss 1.3278 top1 0.7591 top5 0.9607
    [15:44:09] step 10850/11249 | avg train loss 1.3273 top1 0.7593 top5 0.9608
    [15:44:22] step 10900/11249 | avg train loss 1.3272 top1 0.7595 top5 0.9608
    [15:44:35] step 10950/11249 | avg train loss 1.3272 top1 0.7595 top5 0.9608
    [15:44:48] step 11000/11249 | avg train loss 1.3276 top1 0.7594 top5 0.9607
    [15:45:01] step 11050/11249 | avg train loss 1.3280 top1 0.7593 top5 0.9606
    [15:45:14] step 11100/11249 | avg train loss 1.3286 top1 0.7590 top5 0.9605
    [15:45:27] step 11150/11249 | avg train loss 1.3283 top1 0.7592 top5 0.9606
    [15:45:40] step 11200/11249 | avg train loss 1.3281 top1 0.7593 top5 0.9607
    [15:45:52] step 11249/11249 | avg train loss 1.3277 top1 0.7593 top5 0.9607
Epoch 3/15 | train loss 1.3277 top1 0.7593 | val loss 1.3647 top1 0.6046 top5 0.8918 | ema val top1 0.6809 top5 0.9150
    [15:57:08] step 50/11249 | avg train loss 1.2304 top1 0.7900 top5 0.9700
    [15:57:21] step 100/11249 | avg train loss 1.2243 top1 0.7975 top5 0.9650
    [15:57:34] step 150/11249 | avg train loss 1.2144 top1 0.8067 top5 0.9700
    [15:57:47] step 200/11249 | avg train loss 1.1947 top1 0.8125 top5 0.9738
    [15:58:00] step 250/11249 | avg train loss 1.1979 top1 0.8110 top5 0.9720
    [15:58:13] step 300/11249 | avg train loss 1.2018 top1 0.8075 top5 0.9733
    [15:58:26] step 350/11249 | avg train loss 1.2027 top1 0.8071 top5 0.9743
    [15:58:39] step 400/11249 | avg train loss 1.2017 top1 0.8094 top5 0.9744
    [15:58:52] step 450/11249 | avg train loss 1.1943 top1 0.8111 top5 0.9756
    [15:59:05] step 500/11249 | avg train loss 1.2069 top1 0.8060 top5 0.9745
    [15:59:18] step 550/11249 | avg train loss 1.2052 top1 0.8082 top5 0.9736
    [15:59:31] step 600/11249 | avg train loss 1.2057 top1 0.8071 top5 0.9738
    [15:59:44] step 650/11249 | avg train loss 1.1978 top1 0.8100 top5 0.9742
    [15:59:57] step 700/11249 | avg train loss 1.2001 top1 0.8089 top5 0.9739
    [16:00:10] step 750/11249 | avg train loss 1.2024 top1 0.8087 top5 0.9740
    [16:00:23] step 800/11249 | avg train loss 1.2016 top1 0.8078 top5 0.9747
    [16:00:36] step 850/11249 | avg train loss 1.2039 top1 0.8050 top5 0.9750
    [16:00:48] step 900/11249 | avg train loss 1.1973 top1 0.8069 top5 0.9753
    [16:01:01] step 950/11249 | avg train loss 1.2026 top1 0.8055 top5 0.9739
    [16:01:14] step 1000/11249 | avg train loss 1.2039 top1 0.8055 top5 0.9738
    [16:01:27] step 1050/11249 | avg train loss 1.2011 top1 0.8071 top5 0.9736
    [16:01:40] step 1100/11249 | avg train loss 1.2041 top1 0.8050 top5 0.9732
    [16:01:53] step 1150/11249 | avg train loss 1.2072 top1 0.8041 top5 0.9733
    [16:02:06] step 1200/11249 | avg train loss 1.2093 top1 0.8035 top5 0.9729
    [16:02:19] step 1250/11249 | avg train loss 1.2058 top1 0.8036 top5 0.9738
    [16:02:32] step 1300/11249 | avg train loss 1.2041 top1 0.8044 top5 0.9740
    [16:02:45] step 1350/11249 | avg train loss 1.2025 top1 0.8052 top5 0.9744
    [16:02:58] step 1400/11249 | avg train loss 1.2010 top1 0.8054 top5 0.9748
    [16:03:11] step 1450/11249 | avg train loss 1.2044 top1 0.8026 top5 0.9750
    [16:03:24] step 1500/11249 | avg train loss 1.2051 top1 0.8017 top5 0.9745
    [16:03:37] step 1550/11249 | avg train loss 1.2029 top1 0.8026 top5 0.9742
    [16:03:50] step 1600/11249 | avg train loss 1.2036 top1 0.8031 top5 0.9744
    [16:04:03] step 1650/11249 | avg train loss 1.2029 top1 0.8032 top5 0.9745
    [16:04:16] step 1700/11249 | avg train loss 1.2023 top1 0.8037 top5 0.9743
    [16:04:29] step 1750/11249 | avg train loss 1.1997 top1 0.8047 top5 0.9744
    [16:04:42] step 1800/11249 | avg train loss 1.1995 top1 0.8056 top5 0.9747
    [16:04:55] step 1850/11249 | avg train loss 1.2017 top1 0.8050 top5 0.9743
    [16:05:08] step 1900/11249 | avg train loss 1.2010 top1 0.8059 top5 0.9743
    [16:05:21] step 1950/11249 | avg train loss 1.2000 top1 0.8067 top5 0.9746
    [16:05:34] step 2000/11249 | avg train loss 1.2029 top1 0.8055 top5 0.9736
    [16:05:47] step 2050/11249 | avg train loss 1.2039 top1 0.8057 top5 0.9733
    [16:06:00] step 2100/11249 | avg train loss 1.2058 top1 0.8044 top5 0.9733
    [16:06:13] step 2150/11249 | avg train loss 1.2082 top1 0.8038 top5 0.9727
    [16:06:26] step 2200/11249 | avg train loss 1.2094 top1 0.8037 top5 0.9724
    [16:06:39] step 2250/11249 | avg train loss 1.2099 top1 0.8032 top5 0.9723
    [16:06:52] step 2300/11249 | avg train loss 1.2094 top1 0.8035 top5 0.9722
    [16:07:05] step 2350/11249 | avg train loss 1.2073 top1 0.8046 top5 0.9724
    [16:07:18] step 2400/11249 | avg train loss 1.2080 top1 0.8042 top5 0.9725
    [16:07:31] step 2450/11249 | avg train loss 1.2076 top1 0.8043 top5 0.9728
    [16:07:44] step 2500/11249 | avg train loss 1.2093 top1 0.8038 top5 0.9726
    [16:07:57] step 2550/11249 | avg train loss 1.2082 top1 0.8046 top5 0.9727
    [16:08:10] step 2600/11249 | avg train loss 1.2092 top1 0.8041 top5 0.9726
    [16:08:23] step 2650/11249 | avg train loss 1.2072 top1 0.8045 top5 0.9728
    [16:08:36] step 2700/11249 | avg train loss 1.2070 top1 0.8047 top5 0.9730
    [16:08:49] step 2750/11249 | avg train loss 1.2064 top1 0.8050 top5 0.9732
    [16:09:02] step 2800/11249 | avg train loss 1.2059 top1 0.8052 top5 0.9733
    [16:09:15] step 2850/11249 | avg train loss 1.2062 top1 0.8048 top5 0.9734
    [16:09:28] step 2900/11249 | avg train loss 1.2061 top1 0.8053 top5 0.9734
    [16:09:41] step 2950/11249 | avg train loss 1.2079 top1 0.8038 top5 0.9730
    [16:09:54] step 3000/11249 | avg train loss 1.2091 top1 0.8028 top5 0.9728
    [16:10:07] step 3050/11249 | avg train loss 1.2102 top1 0.8030 top5 0.9725
    [16:10:20] step 3100/11249 | avg train loss 1.2098 top1 0.8030 top5 0.9724
    [16:10:33] step 3150/11249 | avg train loss 1.2109 top1 0.8023 top5 0.9723
    [16:10:46] step 3200/11249 | avg train loss 1.2103 top1 0.8027 top5 0.9723
    [16:10:59] step 3250/11249 | avg train loss 1.2107 top1 0.8028 top5 0.9719
    [16:11:12] step 3300/11249 | avg train loss 1.2132 top1 0.8019 top5 0.9715
    [16:11:25] step 3350/11249 | avg train loss 1.2117 top1 0.8025 top5 0.9716
    [16:11:38] step 3400/11249 | avg train loss 1.2127 top1 0.8021 top5 0.9715
    [16:11:51] step 3450/11249 | avg train loss 1.2141 top1 0.8016 top5 0.9714
    [16:12:04] step 3500/11249 | avg train loss 1.2150 top1 0.8013 top5 0.9715
    [16:12:17] step 3550/11249 | avg train loss 1.2156 top1 0.8010 top5 0.9715
    [16:12:30] step 3600/11249 | avg train loss 1.2153 top1 0.8013 top5 0.9715
    [16:12:43] step 3650/11249 | avg train loss 1.2156 top1 0.8010 top5 0.9715
    [16:12:56] step 3700/11249 | avg train loss 1.2153 top1 0.8011 top5 0.9718
    [16:13:09] step 3750/11249 | avg train loss 1.2158 top1 0.8008 top5 0.9720
    [16:13:22] step 3800/11249 | avg train loss 1.2175 top1 0.7998 top5 0.9716
    [16:13:35] step 3850/11249 | avg train loss 1.2185 top1 0.7995 top5 0.9718
    [16:13:48] step 3900/11249 | avg train loss 1.2192 top1 0.7992 top5 0.9716
    [16:14:01] step 3950/11249 | avg train loss 1.2201 top1 0.7995 top5 0.9715
    [16:14:14] step 4000/11249 | avg train loss 1.2191 top1 0.7997 top5 0.9716
    [16:14:26] step 4050/11249 | avg train loss 1.2190 top1 0.7996 top5 0.9715
    [16:14:40] step 4100/11249 | avg train loss 1.2189 top1 0.7996 top5 0.9716
    [16:14:53] step 4150/11249 | avg train loss 1.2198 top1 0.7995 top5 0.9716
    [16:15:06] step 4200/11249 | avg train loss 1.2203 top1 0.7993 top5 0.9716
    [16:15:19] step 4250/11249 | avg train loss 1.2211 top1 0.7988 top5 0.9716
    [16:15:32] step 4300/11249 | avg train loss 1.2222 top1 0.7984 top5 0.9713
    [16:15:45] step 4350/11249 | avg train loss 1.2228 top1 0.7982 top5 0.9712
    [16:15:58] step 4400/11249 | avg train loss 1.2214 top1 0.7988 top5 0.9714
    [16:16:11] step 4450/11249 | avg train loss 1.2205 top1 0.7987 top5 0.9717
    [16:16:24] step 4500/11249 | avg train loss 1.2213 top1 0.7984 top5 0.9717
    [16:16:36] step 4550/11249 | avg train loss 1.2222 top1 0.7979 top5 0.9718
    [16:16:49] step 4600/11249 | avg train loss 1.2229 top1 0.7975 top5 0.9716
    [16:17:02] step 4650/11249 | avg train loss 1.2239 top1 0.7974 top5 0.9716
    [16:17:15] step 4700/11249 | avg train loss 1.2246 top1 0.7971 top5 0.9715
    [16:17:28] step 4750/11249 | avg train loss 1.2240 top1 0.7975 top5 0.9717
    [16:17:41] step 4800/11249 | avg train loss 1.2245 top1 0.7973 top5 0.9716
    [16:17:54] step 4850/11249 | avg train loss 1.2258 top1 0.7966 top5 0.9715
    [16:18:07] step 4900/11249 | avg train loss 1.2262 top1 0.7965 top5 0.9712
    [16:18:20] step 4950/11249 | avg train loss 1.2275 top1 0.7962 top5 0.9708
    [16:18:33] step 5000/11249 | avg train loss 1.2287 top1 0.7957 top5 0.9706
    [16:18:46] step 5050/11249 | avg train loss 1.2295 top1 0.7956 top5 0.9704
    [16:18:59] step 5100/11249 | avg train loss 1.2297 top1 0.7958 top5 0.9704
    [16:19:12] step 5150/11249 | avg train loss 1.2299 top1 0.7958 top5 0.9703
    [16:19:25] step 5200/11249 | avg train loss 1.2300 top1 0.7957 top5 0.9702
    [16:19:38] step 5250/11249 | avg train loss 1.2314 top1 0.7951 top5 0.9700
    [16:19:51] step 5300/11249 | avg train loss 1.2312 top1 0.7954 top5 0.9700
    [16:20:04] step 5350/11249 | avg train loss 1.2322 top1 0.7950 top5 0.9700
    [16:20:17] step 5400/11249 | avg train loss 1.2323 top1 0.7949 top5 0.9700
    [16:20:30] step 5450/11249 | avg train loss 1.2329 top1 0.7946 top5 0.9700
    [16:20:43] step 5500/11249 | avg train loss 1.2331 top1 0.7945 top5 0.9700
    [16:20:56] step 5550/11249 | avg train loss 1.2328 top1 0.7945 top5 0.9698
    [16:21:09] step 5600/11249 | avg train loss 1.2329 top1 0.7944 top5 0.9698
    [16:21:22] step 5650/11249 | avg train loss 1.2328 top1 0.7946 top5 0.9698
    [16:21:35] step 5700/11249 | avg train loss 1.2335 top1 0.7943 top5 0.9696
    [16:21:48] step 5750/11249 | avg train loss 1.2331 top1 0.7943 top5 0.9696
    [16:22:01] step 5800/11249 | avg train loss 1.2337 top1 0.7942 top5 0.9695
    [16:22:14] step 5850/11249 | avg train loss 1.2336 top1 0.7939 top5 0.9695
    [16:22:27] step 5900/11249 | avg train loss 1.2345 top1 0.7936 top5 0.9695
    [16:22:40] step 5950/11249 | avg train loss 1.2349 top1 0.7933 top5 0.9695
    [16:22:53] step 6000/11249 | avg train loss 1.2353 top1 0.7933 top5 0.9694
    [16:23:06] step 6050/11249 | avg train loss 1.2356 top1 0.7932 top5 0.9694
    [16:23:19] step 6100/11249 | avg train loss 1.2355 top1 0.7932 top5 0.9696
    [16:23:32] step 6150/11249 | avg train loss 1.2354 top1 0.7934 top5 0.9695
    [16:23:45] step 6200/11249 | avg train loss 1.2361 top1 0.7930 top5 0.9694
    [16:23:58] step 6250/11249 | avg train loss 1.2363 top1 0.7930 top5 0.9695
    [16:24:11] step 6300/11249 | avg train loss 1.2368 top1 0.7930 top5 0.9695
    [16:24:24] step 6350/11249 | avg train loss 1.2364 top1 0.7931 top5 0.9695
    [16:24:37] step 6400/11249 | avg train loss 1.2363 top1 0.7933 top5 0.9695
    [16:24:50] step 6450/11249 | avg train loss 1.2357 top1 0.7933 top5 0.9696
    [16:25:03] step 6500/11249 | avg train loss 1.2367 top1 0.7931 top5 0.9695
    [16:25:16] step 6550/11249 | avg train loss 1.2372 top1 0.7926 top5 0.9696
    [16:25:29] step 6600/11249 | avg train loss 1.2369 top1 0.7923 top5 0.9696
    [16:25:42] step 6650/11249 | avg train loss 1.2367 top1 0.7924 top5 0.9697
    [16:25:55] step 6700/11249 | avg train loss 1.2366 top1 0.7924 top5 0.9697
    [16:26:08] step 6750/11249 | avg train loss 1.2373 top1 0.7924 top5 0.9697
    [16:26:21] step 6800/11249 | avg train loss 1.2368 top1 0.7924 top5 0.9698
    [16:26:34] step 6850/11249 | avg train loss 1.2369 top1 0.7925 top5 0.9698
    [16:26:47] step 6900/11249 | avg train loss 1.2383 top1 0.7920 top5 0.9695
    [16:27:00] step 6950/11249 | avg train loss 1.2391 top1 0.7918 top5 0.9695
    [16:27:13] step 7000/11249 | avg train loss 1.2395 top1 0.7916 top5 0.9694
    [16:27:26] step 7050/11249 | avg train loss 1.2404 top1 0.7912 top5 0.9693
    [16:27:39] step 7100/11249 | avg train loss 1.2407 top1 0.7912 top5 0.9692
    [16:27:52] step 7150/11249 | avg train loss 1.2405 top1 0.7912 top5 0.9692
    [16:28:05] step 7200/11249 | avg train loss 1.2410 top1 0.7908 top5 0.9691
    [16:28:18] step 7250/11249 | avg train loss 1.2412 top1 0.7908 top5 0.9691
    [16:28:31] step 7300/11249 | avg train loss 1.2413 top1 0.7907 top5 0.9690
    [16:28:44] step 7350/11249 | avg train loss 1.2418 top1 0.7904 top5 0.9689
    [16:28:57] step 7400/11249 | avg train loss 1.2410 top1 0.7906 top5 0.9691
    [16:29:10] step 7450/11249 | avg train loss 1.2416 top1 0.7902 top5 0.9689
    [16:29:23] step 7500/11249 | avg train loss 1.2418 top1 0.7902 top5 0.9688
    [16:29:36] step 7550/11249 | avg train loss 1.2409 top1 0.7906 top5 0.9688
    [16:29:49] step 7600/11249 | avg train loss 1.2410 top1 0.7906 top5 0.9688
    [16:30:02] step 7650/11249 | avg train loss 1.2420 top1 0.7905 top5 0.9684
    [16:30:15] step 7700/11249 | avg train loss 1.2430 top1 0.7900 top5 0.9683
    [16:30:28] step 7750/11249 | avg train loss 1.2431 top1 0.7898 top5 0.9683
    [16:30:40] step 7800/11249 | avg train loss 1.2433 top1 0.7899 top5 0.9683
    [16:30:53] step 7850/11249 | avg train loss 1.2433 top1 0.7899 top5 0.9682
    [16:31:06] step 7900/11249 | avg train loss 1.2435 top1 0.7898 top5 0.9682
    [16:31:19] step 7950/11249 | avg train loss 1.2439 top1 0.7897 top5 0.9682
    [16:31:32] step 8000/11249 | avg train loss 1.2444 top1 0.7894 top5 0.9682
    [16:31:45] step 8050/11249 | avg train loss 1.2451 top1 0.7891 top5 0.9681
    [16:31:58] step 8100/11249 | avg train loss 1.2449 top1 0.7890 top5 0.9681
    [16:32:11] step 8150/11249 | avg train loss 1.2450 top1 0.7890 top5 0.9681
    [16:32:24] step 8200/11249 | avg train loss 1.2453 top1 0.7890 top5 0.9680
    [16:32:37] step 8250/11249 | avg train loss 1.2447 top1 0.7891 top5 0.9681
    [16:32:50] step 8300/11249 | avg train loss 1.2451 top1 0.7892 top5 0.9680
    [16:33:03] step 8350/11249 | avg train loss 1.2455 top1 0.7887 top5 0.9680
    [16:33:16] step 8400/11249 | avg train loss 1.2457 top1 0.7886 top5 0.9681
    [16:33:29] step 8450/11249 | avg train loss 1.2458 top1 0.7885 top5 0.9681
    [16:33:42] step 8500/11249 | avg train loss 1.2462 top1 0.7885 top5 0.9681
    [16:33:55] step 8550/11249 | avg train loss 1.2459 top1 0.7886 top5 0.9681
    [16:34:08] step 8600/11249 | avg train loss 1.2454 top1 0.7887 top5 0.9682
    [16:34:21] step 8650/11249 | avg train loss 1.2455 top1 0.7887 top5 0.9682
    [16:34:34] step 8700/11249 | avg train loss 1.2454 top1 0.7888 top5 0.9682
    [16:34:47] step 8750/11249 | avg train loss 1.2456 top1 0.7886 top5 0.9681
    [16:35:00] step 8800/11249 | avg train loss 1.2452 top1 0.7886 top5 0.9681
    [16:35:13] step 8850/11249 | avg train loss 1.2452 top1 0.7888 top5 0.9681
    [16:35:26] step 8900/11249 | avg train loss 1.2453 top1 0.7886 top5 0.9681
    [16:35:39] step 8950/11249 | avg train loss 1.2455 top1 0.7885 top5 0.9682
    [16:35:52] step 9000/11249 | avg train loss 1.2456 top1 0.7885 top5 0.9683
    [16:36:05] step 9050/11249 | avg train loss 1.2462 top1 0.7883 top5 0.9683
    [16:36:18] step 9100/11249 | avg train loss 1.2462 top1 0.7882 top5 0.9684
    [16:36:31] step 9150/11249 | avg train loss 1.2462 top1 0.7884 top5 0.9683
    [16:36:44] step 9200/11249 | avg train loss 1.2460 top1 0.7884 top5 0.9683
    [16:36:57] step 9250/11249 | avg train loss 1.2459 top1 0.7882 top5 0.9684
    [16:37:10] step 9300/11249 | avg train loss 1.2465 top1 0.7880 top5 0.9683
    [16:37:23] step 9350/11249 | avg train loss 1.2468 top1 0.7879 top5 0.9683
    [16:37:36] step 9400/11249 | avg train loss 1.2469 top1 0.7878 top5 0.9683
    [16:37:49] step 9450/11249 | avg train loss 1.2470 top1 0.7878 top5 0.9683
    [16:38:02] step 9500/11249 | avg train loss 1.2466 top1 0.7880 top5 0.9683
    [16:38:15] step 9550/11249 | avg train loss 1.2462 top1 0.7881 top5 0.9684
    [16:38:28] step 9600/11249 | avg train loss 1.2467 top1 0.7878 top5 0.9683
    [16:38:41] step 9650/11249 | avg train loss 1.2467 top1 0.7878 top5 0.9683
    [16:38:54] step 9700/11249 | avg train loss 1.2470 top1 0.7877 top5 0.9683
    [16:39:07] step 9750/11249 | avg train loss 1.2466 top1 0.7878 top5 0.9684
    [16:39:20] step 9800/11249 | avg train loss 1.2469 top1 0.7877 top5 0.9683
    [16:39:33] step 9850/11249 | avg train loss 1.2472 top1 0.7876 top5 0.9683
    [16:39:46] step 9900/11249 | avg train loss 1.2478 top1 0.7874 top5 0.9683
    [16:39:59] step 9950/11249 | avg train loss 1.2484 top1 0.7873 top5 0.9681
    [16:40:12] step 10000/11249 | avg train loss 1.2488 top1 0.7873 top5 0.9681
    [16:40:25] step 10050/11249 | avg train loss 1.2486 top1 0.7873 top5 0.9681
    [16:40:38] step 10100/11249 | avg train loss 1.2486 top1 0.7874 top5 0.9682
    [16:40:51] step 10150/11249 | avg train loss 1.2487 top1 0.7874 top5 0.9682
    [16:41:04] step 10200/11249 | avg train loss 1.2489 top1 0.7872 top5 0.9681
    [16:41:17] step 10250/11249 | avg train loss 1.2490 top1 0.7871 top5 0.9681
    [16:41:30] step 10300/11249 | avg train loss 1.2497 top1 0.7869 top5 0.9680
    [16:41:43] step 10350/11249 | avg train loss 1.2497 top1 0.7868 top5 0.9681
    [16:41:56] step 10400/11249 | avg train loss 1.2502 top1 0.7866 top5 0.9681
    [16:42:09] step 10450/11249 | avg train loss 1.2503 top1 0.7865 top5 0.9680
    [16:42:22] step 10500/11249 | avg train loss 1.2505 top1 0.7864 top5 0.9680
    [16:42:35] step 10550/11249 | avg train loss 1.2510 top1 0.7862 top5 0.9678
    [16:42:48] step 10600/11249 | avg train loss 1.2512 top1 0.7861 top5 0.9679
    [16:43:01] step 10650/11249 | avg train loss 1.2511 top1 0.7861 top5 0.9679
    [16:43:14] step 10700/11249 | avg train loss 1.2513 top1 0.7860 top5 0.9680
    [16:43:27] step 10750/11249 | avg train loss 1.2516 top1 0.7860 top5 0.9680
    [16:43:40] step 10800/11249 | avg train loss 1.2516 top1 0.7859 top5 0.9681
    [16:43:53] step 10850/11249 | avg train loss 1.2517 top1 0.7857 top5 0.9681
    [16:44:06] step 10900/11249 | avg train loss 1.2517 top1 0.7858 top5 0.9680
    [16:44:19] step 10950/11249 | avg train loss 1.2521 top1 0.7856 top5 0.9680
    [16:44:32] step 11000/11249 | avg train loss 1.2524 top1 0.7855 top5 0.9679
    [16:44:45] step 11050/11249 | avg train loss 1.2529 top1 0.7852 top5 0.9678
    [16:44:58] step 11100/11249 | avg train loss 1.2528 top1 0.7853 top5 0.9677
    [16:45:11] step 11150/11249 | avg train loss 1.2523 top1 0.7855 top5 0.9678
    [16:45:24] step 11200/11249 | avg train loss 1.2521 top1 0.7855 top5 0.9678
    [16:45:36] step 11249/11249 | avg train loss 1.2522 top1 0.7854 top5 0.9678
Epoch 4/15 | train loss 1.2522 top1 0.7854 | val loss 1.2854 top1 0.6415 top5 0.9017 | ema val top1 0.6784 top5 0.9170
    [16:56:51] step 50/11249 | avg train loss 1.1413 top1 0.8450 top5 0.9750
    [16:57:04] step 100/11249 | avg train loss 1.1533 top1 0.8175 top5 0.9700
    [16:57:17] step 150/11249 | avg train loss 1.1215 top1 0.8350 top5 0.9783
    [16:57:30] step 200/11249 | avg train loss 1.1064 top1 0.8337 top5 0.9825
    [16:57:43] step 250/11249 | avg train loss 1.0954 top1 0.8350 top5 0.9840
    [16:57:56] step 300/11249 | avg train loss 1.1125 top1 0.8292 top5 0.9833
    [16:58:09] step 350/11249 | avg train loss 1.1151 top1 0.8286 top5 0.9857
    [16:58:22] step 400/11249 | avg train loss 1.1079 top1 0.8325 top5 0.9850
    [16:58:35] step 450/11249 | avg train loss 1.1057 top1 0.8317 top5 0.9844
    [16:58:48] step 500/11249 | avg train loss 1.1054 top1 0.8340 top5 0.9845
    [16:59:01] step 550/11249 | avg train loss 1.1063 top1 0.8323 top5 0.9855
    [16:59:14] step 600/11249 | avg train loss 1.1126 top1 0.8313 top5 0.9842
    [16:59:27] step 650/11249 | avg train loss 1.1150 top1 0.8315 top5 0.9846
    [16:59:40] step 700/11249 | avg train loss 1.1139 top1 0.8307 top5 0.9857
    [16:59:53] step 750/11249 | avg train loss 1.1154 top1 0.8290 top5 0.9850
    [17:00:06] step 800/11249 | avg train loss 1.1153 top1 0.8309 top5 0.9841
    [17:00:19] step 850/11249 | avg train loss 1.1155 top1 0.8303 top5 0.9841
    [17:00:32] step 900/11249 | avg train loss 1.1180 top1 0.8289 top5 0.9842
    [17:00:45] step 950/11249 | avg train loss 1.1230 top1 0.8279 top5 0.9832
    [17:00:58] step 1000/11249 | avg train loss 1.1257 top1 0.8270 top5 0.9825
    [17:01:11] step 1050/11249 | avg train loss 1.1265 top1 0.8257 top5 0.9826
    [17:01:24] step 1100/11249 | avg train loss 1.1270 top1 0.8266 top5 0.9832
    [17:01:37] step 1150/11249 | avg train loss 1.1259 top1 0.8280 top5 0.9833
    [17:01:50] step 1200/11249 | avg train loss 1.1239 top1 0.8292 top5 0.9835
    [17:02:03] step 1250/11249 | avg train loss 1.1221 top1 0.8304 top5 0.9836
    [17:02:16] step 1300/11249 | avg train loss 1.1256 top1 0.8306 top5 0.9825
    [17:02:29] step 1350/11249 | avg train loss 1.1292 top1 0.8296 top5 0.9820
    [17:02:42] step 1400/11249 | avg train loss 1.1296 top1 0.8298 top5 0.9818
    [17:02:55] step 1450/11249 | avg train loss 1.1274 top1 0.8310 top5 0.9821
    [17:03:08] step 1500/11249 | avg train loss 1.1257 top1 0.8320 top5 0.9820
    [17:03:20] step 1550/11249 | avg train loss 1.1250 top1 0.8318 top5 0.9818
    [17:03:33] step 1600/11249 | avg train loss 1.1243 top1 0.8322 top5 0.9817
    [17:03:46] step 1650/11249 | avg train loss 1.1235 top1 0.8320 top5 0.9820
    [17:03:59] step 1700/11249 | avg train loss 1.1247 top1 0.8309 top5 0.9821
    [17:04:12] step 1750/11249 | avg train loss 1.1222 top1 0.8316 top5 0.9821
    [17:04:25] step 1800/11249 | avg train loss 1.1211 top1 0.8319 top5 0.9822
    [17:04:38] step 1850/11249 | avg train loss 1.1212 top1 0.8308 top5 0.9822
    [17:04:51] step 1900/11249 | avg train loss 1.1238 top1 0.8301 top5 0.9817
    [17:05:04] step 1950/11249 | avg train loss 1.1224 top1 0.8308 top5 0.9819
    [17:05:17] step 2000/11249 | avg train loss 1.1238 top1 0.8300 top5 0.9820
    [17:05:30] step 2050/11249 | avg train loss 1.1254 top1 0.8298 top5 0.9816
    [17:05:43] step 2100/11249 | avg train loss 1.1272 top1 0.8292 top5 0.9817
    [17:05:56] step 2150/11249 | avg train loss 1.1284 top1 0.8286 top5 0.9817
    [17:06:09] step 2200/11249 | avg train loss 1.1308 top1 0.8276 top5 0.9817
    [17:06:22] step 2250/11249 | avg train loss 1.1316 top1 0.8276 top5 0.9816
    [17:06:35] step 2300/11249 | avg train loss 1.1306 top1 0.8278 top5 0.9817
    [17:06:48] step 2350/11249 | avg train loss 1.1295 top1 0.8282 top5 0.9818
    [17:07:01] step 2400/11249 | avg train loss 1.1282 top1 0.8290 top5 0.9821
    [17:07:14] step 2450/11249 | avg train loss 1.1280 top1 0.8291 top5 0.9820
    [17:07:27] step 2500/11249 | avg train loss 1.1278 top1 0.8291 top5 0.9822
    [17:07:40] step 2550/11249 | avg train loss 1.1285 top1 0.8293 top5 0.9821
    [17:07:53] step 2600/11249 | avg train loss 1.1280 top1 0.8291 top5 0.9822
    [17:08:06] step 2650/11249 | avg train loss 1.1303 top1 0.8274 top5 0.9819
    [17:08:19] step 2700/11249 | avg train loss 1.1306 top1 0.8269 top5 0.9820
    [17:08:32] step 2750/11249 | avg train loss 1.1308 top1 0.8271 top5 0.9818
    [17:08:45] step 2800/11249 | avg train loss 1.1309 top1 0.8271 top5 0.9820
    [17:08:58] step 2850/11249 | avg train loss 1.1311 top1 0.8269 top5 0.9820
    [17:09:11] step 2900/11249 | avg train loss 1.1314 top1 0.8265 top5 0.9821
    [17:09:24] step 2950/11249 | avg train loss 1.1324 top1 0.8260 top5 0.9819
    [17:09:37] step 3000/11249 | avg train loss 1.1319 top1 0.8259 top5 0.9820
    [17:09:50] step 3050/11249 | avg train loss 1.1331 top1 0.8254 top5 0.9820
    [17:10:03] step 3100/11249 | avg train loss 1.1345 top1 0.8251 top5 0.9815
    [17:10:16] step 3150/11249 | avg train loss 1.1353 top1 0.8242 top5 0.9816
    [17:10:29] step 3200/11249 | avg train loss 1.1345 top1 0.8248 top5 0.9816
    [17:10:42] step 3250/11249 | avg train loss 1.1346 top1 0.8246 top5 0.9816
    [17:10:55] step 3300/11249 | avg train loss 1.1357 top1 0.8245 top5 0.9813
    [17:11:08] step 3350/11249 | avg train loss 1.1368 top1 0.8243 top5 0.9810
    [17:11:21] step 3400/11249 | avg train loss 1.1394 top1 0.8233 top5 0.9808
    [17:11:34] step 3450/11249 | avg train loss 1.1387 top1 0.8236 top5 0.9809
    [17:11:47] step 3500/11249 | avg train loss 1.1373 top1 0.8236 top5 0.9811
    [17:12:00] step 3550/11249 | avg train loss 1.1369 top1 0.8237 top5 0.9812
    [17:12:13] step 3600/11249 | avg train loss 1.1384 top1 0.8231 top5 0.9810
    [17:12:26] step 3650/11249 | avg train loss 1.1393 top1 0.8232 top5 0.9807
    [17:12:39] step 3700/11249 | avg train loss 1.1403 top1 0.8226 top5 0.9805
    [17:12:52] step 3750/11249 | avg train loss 1.1432 top1 0.8218 top5 0.9799
    [17:13:05] step 3800/11249 | avg train loss 1.1431 top1 0.8220 top5 0.9799
    [17:13:18] step 3850/11249 | avg train loss 1.1434 top1 0.8219 top5 0.9798
    [17:13:31] step 3900/11249 | avg train loss 1.1453 top1 0.8215 top5 0.9796
    [17:13:44] step 3950/11249 | avg train loss 1.1470 top1 0.8209 top5 0.9792
    [17:13:57] step 4000/11249 | avg train loss 1.1477 top1 0.8210 top5 0.9792
    [17:14:10] step 4050/11249 | avg train loss 1.1479 top1 0.8208 top5 0.9791
    [17:14:23] step 4100/11249 | avg train loss 1.1499 top1 0.8202 top5 0.9791
    [17:14:36] step 4150/11249 | avg train loss 1.1515 top1 0.8196 top5 0.9787
    [17:14:48] step 4200/11249 | avg train loss 1.1523 top1 0.8194 top5 0.9787
    [17:15:01] step 4250/11249 | avg train loss 1.1520 top1 0.8194 top5 0.9789
    [17:15:14] step 4300/11249 | avg train loss 1.1521 top1 0.8191 top5 0.9790
    [17:15:27] step 4350/11249 | avg train loss 1.1537 top1 0.8187 top5 0.9789
    [17:15:40] step 4400/11249 | avg train loss 1.1537 top1 0.8190 top5 0.9789
    [17:15:53] step 4450/11249 | avg train loss 1.1531 top1 0.8194 top5 0.9790
    [17:16:06] step 4500/11249 | avg train loss 1.1527 top1 0.8194 top5 0.9791
    [17:16:19] step 4550/11249 | avg train loss 1.1530 top1 0.8190 top5 0.9792
    [17:16:32] step 4600/11249 | avg train loss 1.1529 top1 0.8190 top5 0.9791
    [17:16:45] step 4650/11249 | avg train loss 1.1543 top1 0.8183 top5 0.9790
    [17:16:58] step 4700/11249 | avg train loss 1.1541 top1 0.8184 top5 0.9790
    [17:17:11] step 4750/11249 | avg train loss 1.1549 top1 0.8179 top5 0.9789
    [17:17:24] step 4800/11249 | avg train loss 1.1555 top1 0.8178 top5 0.9790
    [17:17:37] step 4850/11249 | avg train loss 1.1560 top1 0.8179 top5 0.9790
    [17:17:50] step 4900/11249 | avg train loss 1.1566 top1 0.8177 top5 0.9787
    [17:18:03] step 4950/11249 | avg train loss 1.1579 top1 0.8173 top5 0.9786
    [17:18:16] step 5000/11249 | avg train loss 1.1582 top1 0.8171 top5 0.9785
    [17:18:29] step 5050/11249 | avg train loss 1.1579 top1 0.8172 top5 0.9785
    [17:18:42] step 5100/11249 | avg train loss 1.1590 top1 0.8170 top5 0.9784
    [17:18:55] step 5150/11249 | avg train loss 1.1606 top1 0.8166 top5 0.9783
    [17:19:08] step 5200/11249 | avg train loss 1.1600 top1 0.8170 top5 0.9783
    [17:19:21] step 5250/11249 | avg train loss 1.1616 top1 0.8163 top5 0.9781
    [17:19:34] step 5300/11249 | avg train loss 1.1625 top1 0.8160 top5 0.9779
    [17:19:47] step 5350/11249 | avg train loss 1.1625 top1 0.8159 top5 0.9779
    [17:20:00] step 5400/11249 | avg train loss 1.1622 top1 0.8162 top5 0.9779
    [17:20:13] step 5450/11249 | avg train loss 1.1623 top1 0.8159 top5 0.9778
    [17:20:26] step 5500/11249 | avg train loss 1.1617 top1 0.8161 top5 0.9780
    [17:20:39] step 5550/11249 | avg train loss 1.1623 top1 0.8158 top5 0.9781
    [17:20:52] step 5600/11249 | avg train loss 1.1625 top1 0.8157 top5 0.9781
    [17:21:05] step 5650/11249 | avg train loss 1.1625 top1 0.8156 top5 0.9782
    [17:21:18] step 5700/11249 | avg train loss 1.1635 top1 0.8152 top5 0.9780
    [17:21:31] step 5750/11249 | avg train loss 1.1628 top1 0.8154 top5 0.9781
    [17:21:44] step 5800/11249 | avg train loss 1.1633 top1 0.8153 top5 0.9781
    [17:21:57] step 5850/11249 | avg train loss 1.1634 top1 0.8153 top5 0.9779
    [17:22:10] step 5900/11249 | avg train loss 1.1627 top1 0.8156 top5 0.9780
    [17:22:23] step 5950/11249 | avg train loss 1.1625 top1 0.8155 top5 0.9780
    [17:22:36] step 6000/11249 | avg train loss 1.1622 top1 0.8157 top5 0.9781
    [17:22:49] step 6050/11249 | avg train loss 1.1621 top1 0.8158 top5 0.9781
    [17:23:02] step 6100/11249 | avg train loss 1.1620 top1 0.8159 top5 0.9782
    [17:23:15] step 6150/11249 | avg train loss 1.1630 top1 0.8157 top5 0.9782
    [17:23:28] step 6200/11249 | avg train loss 1.1639 top1 0.8155 top5 0.9781
    [17:23:41] step 6250/11249 | avg train loss 1.1640 top1 0.8154 top5 0.9782
    [17:23:54] step 6300/11249 | avg train loss 1.1644 top1 0.8150 top5 0.9782
    [17:24:07] step 6350/11249 | avg train loss 1.1647 top1 0.8150 top5 0.9781
    [17:24:20] step 6400/11249 | avg train loss 1.1644 top1 0.8151 top5 0.9781
    [17:24:33] step 6450/11249 | avg train loss 1.1642 top1 0.8152 top5 0.9781
    [17:24:46] step 6500/11249 | avg train loss 1.1641 top1 0.8153 top5 0.9782
    [17:24:59] step 6550/11249 | avg train loss 1.1645 top1 0.8151 top5 0.9782
    [17:25:12] step 6600/11249 | avg train loss 1.1650 top1 0.8149 top5 0.9781
    [17:25:25] step 6650/11249 | avg train loss 1.1647 top1 0.8150 top5 0.9782
    [17:25:38] step 6700/11249 | avg train loss 1.1649 top1 0.8149 top5 0.9781
    [17:25:51] step 6750/11249 | avg train loss 1.1647 top1 0.8149 top5 0.9781
    [17:26:04] step 6800/11249 | avg train loss 1.1653 top1 0.8147 top5 0.9780
    [17:26:17] step 6850/11249 | avg train loss 1.1659 top1 0.8146 top5 0.9780
    [17:26:30] step 6900/11249 | avg train loss 1.1665 top1 0.8141 top5 0.9779
    [17:26:43] step 6950/11249 | avg train loss 1.1659 top1 0.8143 top5 0.9780
    [17:26:56] step 7000/11249 | avg train loss 1.1659 top1 0.8145 top5 0.9780
    [17:27:09] step 7050/11249 | avg train loss 1.1662 top1 0.8145 top5 0.9781
    [17:27:22] step 7100/11249 | avg train loss 1.1660 top1 0.8146 top5 0.9781
    [17:27:35] step 7150/11249 | avg train loss 1.1664 top1 0.8146 top5 0.9779
    [17:27:48] step 7200/11249 | avg train loss 1.1667 top1 0.8144 top5 0.9779
    [17:28:01] step 7250/11249 | avg train loss 1.1673 top1 0.8139 top5 0.9778
    [17:28:13] step 7300/11249 | avg train loss 1.1674 top1 0.8139 top5 0.9778
    [17:28:26] step 7350/11249 | avg train loss 1.1667 top1 0.8144 top5 0.9778
    [17:28:39] step 7400/11249 | avg train loss 1.1661 top1 0.8145 top5 0.9778
    [17:28:52] step 7450/11249 | avg train loss 1.1659 top1 0.8147 top5 0.9779
    [17:29:05] step 7500/11249 | avg train loss 1.1657 top1 0.8146 top5 0.9778
    [17:29:18] step 7550/11249 | avg train loss 1.1659 top1 0.8147 top5 0.9777
    [17:29:31] step 7600/11249 | avg train loss 1.1663 top1 0.8146 top5 0.9777
    [17:29:44] step 7650/11249 | avg train loss 1.1666 top1 0.8145 top5 0.9777
    [17:29:57] step 7700/11249 | avg train loss 1.1669 top1 0.8143 top5 0.9777
    [17:30:10] step 7750/11249 | avg train loss 1.1672 top1 0.8142 top5 0.9776
    [17:30:23] step 7800/11249 | avg train loss 1.1676 top1 0.8142 top5 0.9776
    [17:30:36] step 7850/11249 | avg train loss 1.1683 top1 0.8139 top5 0.9775
    [17:30:49] step 7900/11249 | avg train loss 1.1685 top1 0.8139 top5 0.9774
    [17:31:02] step 7950/11249 | avg train loss 1.1683 top1 0.8137 top5 0.9775
    [17:31:15] step 8000/11249 | avg train loss 1.1680 top1 0.8137 top5 0.9776
    [17:31:28] step 8050/11249 | avg train loss 1.1682 top1 0.8138 top5 0.9776
    [17:31:41] step 8100/11249 | avg train loss 1.1685 top1 0.8137 top5 0.9776
    [17:31:54] step 8150/11249 | avg train loss 1.1687 top1 0.8138 top5 0.9777
    [17:32:07] step 8200/11249 | avg train loss 1.1692 top1 0.8135 top5 0.9777
    [17:32:20] step 8250/11249 | avg train loss 1.1694 top1 0.8135 top5 0.9778
    [17:32:33] step 8300/11249 | avg train loss 1.1701 top1 0.8132 top5 0.9777
    [17:32:46] step 8350/11249 | avg train loss 1.1699 top1 0.8134 top5 0.9776
    [17:32:59] step 8400/11249 | avg train loss 1.1701 top1 0.8136 top5 0.9776
    [17:33:12] step 8450/11249 | avg train loss 1.1706 top1 0.8134 top5 0.9776
    [17:33:25] step 8500/11249 | avg train loss 1.1703 top1 0.8136 top5 0.9776
    [17:33:38] step 8550/11249 | avg train loss 1.1702 top1 0.8135 top5 0.9777
    [17:33:51] step 8600/11249 | avg train loss 1.1704 top1 0.8134 top5 0.9777
    [17:34:04] step 8650/11249 | avg train loss 1.1707 top1 0.8133 top5 0.9776
    [17:34:17] step 8700/11249 | avg train loss 1.1715 top1 0.8133 top5 0.9775
    [17:34:30] step 8750/11249 | avg train loss 1.1721 top1 0.8131 top5 0.9775
    [17:34:43] step 8800/11249 | avg train loss 1.1724 top1 0.8129 top5 0.9775
    [17:34:56] step 8850/11249 | avg train loss 1.1721 top1 0.8131 top5 0.9775
    [17:35:09] step 8900/11249 | avg train loss 1.1717 top1 0.8134 top5 0.9776
    [17:35:22] step 8950/11249 | avg train loss 1.1719 top1 0.8134 top5 0.9775
    [17:35:35] step 9000/11249 | avg train loss 1.1716 top1 0.8134 top5 0.9776
    [17:35:48] step 9050/11249 | avg train loss 1.1715 top1 0.8133 top5 0.9776
    [17:36:01] step 9100/11249 | avg train loss 1.1720 top1 0.8130 top5 0.9775
    [17:36:14] step 9150/11249 | avg train loss 1.1725 top1 0.8129 top5 0.9773
    [17:36:27] step 9200/11249 | avg train loss 1.1723 top1 0.8129 top5 0.9773
    [17:36:40] step 9250/11249 | avg train loss 1.1722 top1 0.8127 top5 0.9774
    [17:36:53] step 9300/11249 | avg train loss 1.1724 top1 0.8127 top5 0.9773
    [17:37:06] step 9350/11249 | avg train loss 1.1734 top1 0.8124 top5 0.9771
    [17:37:19] step 9400/11249 | avg train loss 1.1737 top1 0.8120 top5 0.9772
    [17:37:32] step 9450/11249 | avg train loss 1.1739 top1 0.8120 top5 0.9771
    [17:37:45] step 9500/11249 | avg train loss 1.1741 top1 0.8118 top5 0.9771
    [17:37:58] step 9550/11249 | avg train loss 1.1745 top1 0.8116 top5 0.9771
    [17:38:11] step 9600/11249 | avg train loss 1.1752 top1 0.8113 top5 0.9771
    [17:38:24] step 9650/11249 | avg train loss 1.1760 top1 0.8109 top5 0.9770
    [17:38:37] step 9700/11249 | avg train loss 1.1762 top1 0.8109 top5 0.9770
    [17:38:50] step 9750/11249 | avg train loss 1.1758 top1 0.8111 top5 0.9770
    [17:39:03] step 9800/11249 | avg train loss 1.1759 top1 0.8110 top5 0.9770
    [17:39:16] step 9850/11249 | avg train loss 1.1761 top1 0.8110 top5 0.9769
    [17:39:29] step 9900/11249 | avg train loss 1.1763 top1 0.8111 top5 0.9768
    [17:39:42] step 9950/11249 | avg train loss 1.1761 top1 0.8112 top5 0.9769
    [17:39:55] step 10000/11249 | avg train loss 1.1759 top1 0.8113 top5 0.9769
    [17:40:08] step 10050/11249 | avg train loss 1.1760 top1 0.8114 top5 0.9768
    [17:40:21] step 10100/11249 | avg train loss 1.1763 top1 0.8112 top5 0.9768
    [17:40:34] step 10150/11249 | avg train loss 1.1764 top1 0.8112 top5 0.9768
    [17:40:47] step 10200/11249 | avg train loss 1.1768 top1 0.8111 top5 0.9768
    [17:40:59] step 10250/11249 | avg train loss 1.1770 top1 0.8111 top5 0.9767
    [17:41:12] step 10300/11249 | avg train loss 1.1770 top1 0.8110 top5 0.9768
    [17:41:25] step 10350/11249 | avg train loss 1.1771 top1 0.8109 top5 0.9768
    [17:41:38] step 10400/11249 | avg train loss 1.1772 top1 0.8110 top5 0.9768
    [17:41:51] step 10450/11249 | avg train loss 1.1775 top1 0.8107 top5 0.9768
    [17:42:04] step 10500/11249 | avg train loss 1.1775 top1 0.8108 top5 0.9768
    [17:42:17] step 10550/11249 | avg train loss 1.1778 top1 0.8106 top5 0.9768
    [17:42:30] step 10600/11249 | avg train loss 1.1784 top1 0.8103 top5 0.9767
    [17:42:43] step 10650/11249 | avg train loss 1.1786 top1 0.8102 top5 0.9767
    [17:42:56] step 10700/11249 | avg train loss 1.1788 top1 0.8102 top5 0.9767
    [17:43:09] step 10750/11249 | avg train loss 1.1786 top1 0.8103 top5 0.9766
    [17:43:22] step 10800/11249 | avg train loss 1.1791 top1 0.8101 top5 0.9766
    [17:43:35] step 10850/11249 | avg train loss 1.1790 top1 0.8100 top5 0.9767
    [17:43:48] step 10900/11249 | avg train loss 1.1794 top1 0.8100 top5 0.9767
    [17:44:01] step 10950/11249 | avg train loss 1.1794 top1 0.8100 top5 0.9767
    [17:44:14] step 11000/11249 | avg train loss 1.1799 top1 0.8098 top5 0.9768
    [17:44:27] step 11050/11249 | avg train loss 1.1800 top1 0.8098 top5 0.9768
    [17:44:40] step 11100/11249 | avg train loss 1.1799 top1 0.8098 top5 0.9768
    [17:44:53] step 11150/11249 | avg train loss 1.1800 top1 0.8097 top5 0.9768
    [17:45:06] step 11200/11249 | avg train loss 1.1803 top1 0.8097 top5 0.9767
    [17:45:19] step 11249/11249 | avg train loss 1.1808 top1 0.8095 top5 0.9766
Epoch 5/15 | train loss 1.1808 top1 0.8095 | val loss 1.3436 top1 0.6307 top5 0.8845 | ema val top1 0.6802 top5 0.9183
    [17:56:34] step 50/11249 | avg train loss 1.0605 top1 0.8800 top5 0.9800
    [17:56:47] step 100/11249 | avg train loss 1.1135 top1 0.8425 top5 0.9775
    [17:57:00] step 150/11249 | avg train loss 1.0923 top1 0.8500 top5 0.9800
    [17:57:12] step 200/11249 | avg train loss 1.0748 top1 0.8550 top5 0.9838
    [17:57:25] step 250/11249 | avg train loss 1.0735 top1 0.8520 top5 0.9870
    [17:57:38] step 300/11249 | avg train loss 1.0670 top1 0.8550 top5 0.9883
    [17:57:51] step 350/11249 | avg train loss 1.0618 top1 0.8593 top5 0.9886
    [17:58:04] step 400/11249 | avg train loss 1.0574 top1 0.8619 top5 0.9894
    [17:58:18] step 450/11249 | avg train loss 1.0582 top1 0.8589 top5 0.9894
    [17:58:31] step 500/11249 | avg train loss 1.0557 top1 0.8605 top5 0.9895
    [17:58:44] step 550/11249 | avg train loss 1.0594 top1 0.8568 top5 0.9895
    [17:58:57] step 600/11249 | avg train loss 1.0560 top1 0.8588 top5 0.9892
    [17:59:10] step 650/11249 | avg train loss 1.0605 top1 0.8581 top5 0.9892
    [17:59:23] step 700/11249 | avg train loss 1.0622 top1 0.8593 top5 0.9882
    [17:59:35] step 750/11249 | avg train loss 1.0607 top1 0.8600 top5 0.9877
    [17:59:48] step 800/11249 | avg train loss 1.0594 top1 0.8625 top5 0.9872
    [18:00:01] step 850/11249 | avg train loss 1.0600 top1 0.8624 top5 0.9879
    [18:00:14] step 900/11249 | avg train loss 1.0604 top1 0.8625 top5 0.9883
    [18:00:27] step 950/11249 | avg train loss 1.0642 top1 0.8603 top5 0.9879
    [18:00:40] step 1000/11249 | avg train loss 1.0651 top1 0.8598 top5 0.9875
    [18:00:53] step 1050/11249 | avg train loss 1.0647 top1 0.8590 top5 0.9879
    [18:01:06] step 1100/11249 | avg train loss 1.0638 top1 0.8598 top5 0.9877
    [18:01:19] step 1150/11249 | avg train loss 1.0639 top1 0.8602 top5 0.9878
    [18:01:32] step 1200/11249 | avg train loss 1.0630 top1 0.8606 top5 0.9879
    [18:01:45] step 1250/11249 | avg train loss 1.0633 top1 0.8604 top5 0.9880
    [18:01:58] step 1300/11249 | avg train loss 1.0642 top1 0.8588 top5 0.9883
    [18:02:11] step 1350/11249 | avg train loss 1.0651 top1 0.8585 top5 0.9878
    [18:02:24] step 1400/11249 | avg train loss 1.0660 top1 0.8584 top5 0.9877
    [18:02:37] step 1450/11249 | avg train loss 1.0694 top1 0.8571 top5 0.9876
    [18:02:50] step 1500/11249 | avg train loss 1.0693 top1 0.8580 top5 0.9873
    [18:03:03] step 1550/11249 | avg train loss 1.0688 top1 0.8581 top5 0.9873
    [18:03:16] step 1600/11249 | avg train loss 1.0702 top1 0.8578 top5 0.9870
    [18:03:29] step 1650/11249 | avg train loss 1.0712 top1 0.8571 top5 0.9870
    [18:03:42] step 1700/11249 | avg train loss 1.0707 top1 0.8579 top5 0.9872
    [18:03:55] step 1750/11249 | avg train loss 1.0712 top1 0.8581 top5 0.9869
    [18:04:08] step 1800/11249 | avg train loss 1.0712 top1 0.8579 top5 0.9868
    [18:04:21] step 1850/11249 | avg train loss 1.0686 top1 0.8586 top5 0.9870
    [18:04:34] step 1900/11249 | avg train loss 1.0702 top1 0.8578 top5 0.9868
    [18:04:47] step 1950/11249 | avg train loss 1.0691 top1 0.8581 top5 0.9869
    [18:05:00] step 2000/11249 | avg train loss 1.0685 top1 0.8581 top5 0.9871
    [18:05:13] step 2050/11249 | avg train loss 1.0676 top1 0.8582 top5 0.9871
    [18:05:26] step 2100/11249 | avg train loss 1.0687 top1 0.8580 top5 0.9868
    [18:05:39] step 2150/11249 | avg train loss 1.0669 top1 0.8587 top5 0.9866
    [18:05:52] step 2200/11249 | avg train loss 1.0670 top1 0.8588 top5 0.9866
    [18:06:05] step 2250/11249 | avg train loss 1.0658 top1 0.8592 top5 0.9869
    [18:06:18] step 2300/11249 | avg train loss 1.0656 top1 0.8593 top5 0.9870
    [18:06:31] step 2350/11249 | avg train loss 1.0688 top1 0.8585 top5 0.9870
    [18:06:44] step 2400/11249 | avg train loss 1.0698 top1 0.8580 top5 0.9871
    [18:06:57] step 2450/11249 | avg train loss 1.0721 top1 0.8571 top5 0.9865
    [18:07:10] step 2500/11249 | avg train loss 1.0728 top1 0.8568 top5 0.9865
    [18:07:23] step 2550/11249 | avg train loss 1.0722 top1 0.8571 top5 0.9866
    [18:07:36] step 2600/11249 | avg train loss 1.0722 top1 0.8570 top5 0.9867
    [18:07:49] step 2650/11249 | avg train loss 1.0723 top1 0.8570 top5 0.9866
    [18:08:02] step 2700/11249 | avg train loss 1.0711 top1 0.8573 top5 0.9867
    [18:08:15] step 2750/11249 | avg train loss 1.0718 top1 0.8575 top5 0.9865
    [18:08:28] step 2800/11249 | avg train loss 1.0728 top1 0.8573 top5 0.9862
    [18:08:41] step 2850/11249 | avg train loss 1.0716 top1 0.8579 top5 0.9863
    [18:08:54] step 2900/11249 | avg train loss 1.0712 top1 0.8583 top5 0.9864
    [18:09:07] step 2950/11249 | avg train loss 1.0724 top1 0.8575 top5 0.9864
    [18:09:20] step 3000/11249 | avg train loss 1.0726 top1 0.8573 top5 0.9863
    [18:09:33] step 3050/11249 | avg train loss 1.0719 top1 0.8575 top5 0.9866
    [18:09:45] step 3100/11249 | avg train loss 1.0717 top1 0.8573 top5 0.9866
    [18:09:59] step 3150/11249 | avg train loss 1.0718 top1 0.8572 top5 0.9865
    [18:10:12] step 3200/11249 | avg train loss 1.0724 top1 0.8566 top5 0.9866
    [18:10:25] step 3250/11249 | avg train loss 1.0720 top1 0.8568 top5 0.9868
    [18:10:38] step 3300/11249 | avg train loss 1.0712 top1 0.8567 top5 0.9870
    [18:10:51] step 3350/11249 | avg train loss 1.0708 top1 0.8566 top5 0.9870
    [18:11:04] step 3400/11249 | avg train loss 1.0707 top1 0.8568 top5 0.9870
    [18:11:17] step 3450/11249 | avg train loss 1.0701 top1 0.8571 top5 0.9871
    [18:11:30] step 3500/11249 | avg train loss 1.0704 top1 0.8568 top5 0.9869
    [18:11:42] step 3550/11249 | avg train loss 1.0714 top1 0.8565 top5 0.9867
    [18:11:55] step 3600/11249 | avg train loss 1.0711 top1 0.8567 top5 0.9867
    [18:12:08] step 3650/11249 | avg train loss 1.0720 top1 0.8561 top5 0.9864
    [18:12:21] step 3700/11249 | avg train loss 1.0721 top1 0.8562 top5 0.9863
    [18:12:34] step 3750/11249 | avg train loss 1.0727 top1 0.8557 top5 0.9863
    [18:12:47] step 3800/11249 | avg train loss 1.0736 top1 0.8556 top5 0.9864
    [18:13:00] step 3850/11249 | avg train loss 1.0729 top1 0.8556 top5 0.9866
    [18:13:13] step 3900/11249 | avg train loss 1.0732 top1 0.8556 top5 0.9864
    [18:13:26] step 3950/11249 | avg train loss 1.0739 top1 0.8551 top5 0.9864
    [18:13:39] step 4000/11249 | avg train loss 1.0738 top1 0.8550 top5 0.9863
    [18:13:52] step 4050/11249 | avg train loss 1.0734 top1 0.8556 top5 0.9862
    [18:14:05] step 4100/11249 | avg train loss 1.0738 top1 0.8554 top5 0.9861
    [18:14:18] step 4150/11249 | avg train loss 1.0742 top1 0.8549 top5 0.9860
    [18:14:31] step 4200/11249 | avg train loss 1.0746 top1 0.8548 top5 0.9862
    [18:14:44] step 4250/11249 | avg train loss 1.0748 top1 0.8545 top5 0.9861
    [18:14:57] step 4300/11249 | avg train loss 1.0750 top1 0.8547 top5 0.9860
    [18:15:10] step 4350/11249 | avg train loss 1.0764 top1 0.8543 top5 0.9859
    [18:15:23] step 4400/11249 | avg train loss 1.0771 top1 0.8539 top5 0.9858
    [18:15:36] step 4450/11249 | avg train loss 1.0777 top1 0.8533 top5 0.9858
    [18:15:49] step 4500/11249 | avg train loss 1.0775 top1 0.8534 top5 0.9859
    [18:16:02] step 4550/11249 | avg train loss 1.0771 top1 0.8530 top5 0.9860
    [18:16:15] step 4600/11249 | avg train loss 1.0783 top1 0.8524 top5 0.9860
    [18:16:28] step 4650/11249 | avg train loss 1.0776 top1 0.8529 top5 0.9861
    [18:16:41] step 4700/11249 | avg train loss 1.0778 top1 0.8528 top5 0.9860
    [18:16:54] step 4750/11249 | avg train loss 1.0784 top1 0.8527 top5 0.9860
    [18:17:07] step 4800/11249 | avg train loss 1.0783 top1 0.8528 top5 0.9859
    [18:17:20] step 4850/11249 | avg train loss 1.0788 top1 0.8526 top5 0.9858
    [18:17:33] step 4900/11249 | avg train loss 1.0795 top1 0.8523 top5 0.9858
    [18:17:46] step 4950/11249 | avg train loss 1.0797 top1 0.8522 top5 0.9858
    [18:17:59] step 5000/11249 | avg train loss 1.0801 top1 0.8521 top5 0.9857
    [18:18:12] step 5050/11249 | avg train loss 1.0806 top1 0.8517 top5 0.9857
    [18:18:25] step 5100/11249 | avg train loss 1.0819 top1 0.8513 top5 0.9856
    [18:18:38] step 5150/11249 | avg train loss 1.0826 top1 0.8511 top5 0.9857
    [18:18:51] step 5200/11249 | avg train loss 1.0825 top1 0.8511 top5 0.9857
    [18:19:04] step 5250/11249 | avg train loss 1.0822 top1 0.8511 top5 0.9858
    [18:19:17] step 5300/11249 | avg train loss 1.0831 top1 0.8506 top5 0.9858
    [18:19:30] step 5350/11249 | avg train loss 1.0841 top1 0.8502 top5 0.9858
    [18:19:43] step 5400/11249 | avg train loss 1.0845 top1 0.8502 top5 0.9858
    [18:19:56] step 5450/11249 | avg train loss 1.0839 top1 0.8505 top5 0.9858
    [18:20:09] step 5500/11249 | avg train loss 1.0843 top1 0.8502 top5 0.9858
    [18:20:22] step 5550/11249 | avg train loss 1.0839 top1 0.8504 top5 0.9858
    [18:20:35] step 5600/11249 | avg train loss 1.0840 top1 0.8503 top5 0.9858
    [18:20:48] step 5650/11249 | avg train loss 1.0845 top1 0.8500 top5 0.9858
    [18:21:01] step 5700/11249 | avg train loss 1.0849 top1 0.8498 top5 0.9856
    [18:21:14] step 5750/11249 | avg train loss 1.0862 top1 0.8493 top5 0.9853
    [18:21:27] step 5800/11249 | avg train loss 1.0865 top1 0.8491 top5 0.9853
    [18:21:40] step 5850/11249 | avg train loss 1.0870 top1 0.8488 top5 0.9853
    [18:21:53] step 5900/11249 | avg train loss 1.0881 top1 0.8484 top5 0.9853
    [18:22:06] step 5950/11249 | avg train loss 1.0888 top1 0.8483 top5 0.9853
    [18:22:19] step 6000/11249 | avg train loss 1.0895 top1 0.8479 top5 0.9853
    [18:22:32] step 6050/11249 | avg train loss 1.0898 top1 0.8477 top5 0.9853
    [18:22:45] step 6100/11249 | avg train loss 1.0899 top1 0.8477 top5 0.9853
    [18:22:58] step 6150/11249 | avg train loss 1.0902 top1 0.8476 top5 0.9852
    [18:23:11] step 6200/11249 | avg train loss 1.0901 top1 0.8477 top5 0.9852
    [18:23:24] step 6250/11249 | avg train loss 1.0904 top1 0.8474 top5 0.9852
    [18:23:37] step 6300/11249 | avg train loss 1.0906 top1 0.8473 top5 0.9852
    [18:23:50] step 6350/11249 | avg train loss 1.0913 top1 0.8468 top5 0.9852
    [18:24:03] step 6400/11249 | avg train loss 1.0917 top1 0.8465 top5 0.9853
    [18:24:16] step 6450/11249 | avg train loss 1.0922 top1 0.8464 top5 0.9852
    [18:24:29] step 6500/11249 | avg train loss 1.0920 top1 0.8462 top5 0.9852
    [18:24:42] step 6550/11249 | avg train loss 1.0928 top1 0.8458 top5 0.9851
    [18:24:55] step 6600/11249 | avg train loss 1.0934 top1 0.8455 top5 0.9850
    [18:25:08] step 6650/11249 | avg train loss 1.0935 top1 0.8454 top5 0.9848
    [18:25:21] step 6700/11249 | avg train loss 1.0940 top1 0.8450 top5 0.9848
    [18:25:33] step 6750/11249 | avg train loss 1.0947 top1 0.8449 top5 0.9846
    [18:25:46] step 6800/11249 | avg train loss 1.0947 top1 0.8447 top5 0.9847
    [18:25:59] step 6850/11249 | avg train loss 1.0940 top1 0.8449 top5 0.9848
    [18:26:12] step 6900/11249 | avg train loss 1.0947 top1 0.8444 top5 0.9847
    [18:26:25] step 6950/11249 | avg train loss 1.0950 top1 0.8442 top5 0.9847
    [18:26:38] step 7000/11249 | avg train loss 1.0957 top1 0.8440 top5 0.9846
    [18:26:51] step 7050/11249 | avg train loss 1.0959 top1 0.8440 top5 0.9846
    [18:27:04] step 7100/11249 | avg train loss 1.0959 top1 0.8439 top5 0.9847
    [18:27:17] step 7150/11249 | avg train loss 1.0963 top1 0.8437 top5 0.9847
    [18:27:30] step 7200/11249 | avg train loss 1.0962 top1 0.8437 top5 0.9848
    [18:27:43] step 7250/11249 | avg train loss 1.0963 top1 0.8437 top5 0.9848
    [18:27:56] step 7300/11249 | avg train loss 1.0966 top1 0.8438 top5 0.9847
    [18:28:09] step 7350/11249 | avg train loss 1.0974 top1 0.8436 top5 0.9846
    [18:28:22] step 7400/11249 | avg train loss 1.0979 top1 0.8434 top5 0.9846
    [18:28:35] step 7450/11249 | avg train loss 1.0977 top1 0.8434 top5 0.9846
    [18:28:48] step 7500/11249 | avg train loss 1.0977 top1 0.8434 top5 0.9846
    [18:29:01] step 7550/11249 | avg train loss 1.0979 top1 0.8432 top5 0.9846
    [18:29:14] step 7600/11249 | avg train loss 1.0978 top1 0.8432 top5 0.9847
    [18:29:27] step 7650/11249 | avg train loss 1.0984 top1 0.8429 top5 0.9846
    [18:29:40] step 7700/11249 | avg train loss 1.0994 top1 0.8424 top5 0.9846
    [18:29:53] step 7750/11249 | avg train loss 1.0996 top1 0.8423 top5 0.9846
    [18:30:06] step 7800/11249 | avg train loss 1.1003 top1 0.8422 top5 0.9846
    [18:30:19] step 7850/11249 | avg train loss 1.1005 top1 0.8422 top5 0.9845
    [18:30:32] step 7900/11249 | avg train loss 1.1009 top1 0.8420 top5 0.9846
    [18:30:45] step 7950/11249 | avg train loss 1.1010 top1 0.8420 top5 0.9845
    [18:30:58] step 8000/11249 | avg train loss 1.1014 top1 0.8420 top5 0.9844
    [18:31:11] step 8050/11249 | avg train loss 1.1014 top1 0.8420 top5 0.9844
    [18:31:24] step 8100/11249 | avg train loss 1.1009 top1 0.8420 top5 0.9845
    [18:31:37] step 8150/11249 | avg train loss 1.1012 top1 0.8420 top5 0.9845
    [18:31:50] step 8200/11249 | avg train loss 1.1010 top1 0.8420 top5 0.9846
    [18:32:03] step 8250/11249 | avg train loss 1.1014 top1 0.8418 top5 0.9845
    [18:32:16] step 8300/11249 | avg train loss 1.1017 top1 0.8416 top5 0.9845
    [18:32:29] step 8350/11249 | avg train loss 1.1016 top1 0.8417 top5 0.9846
    [18:32:42] step 8400/11249 | avg train loss 1.1014 top1 0.8418 top5 0.9846
    [18:32:55] step 8450/11249 | avg train loss 1.1017 top1 0.8417 top5 0.9846
    [18:33:08] step 8500/11249 | avg train loss 1.1017 top1 0.8415 top5 0.9846
    [18:33:21] step 8550/11249 | avg train loss 1.1021 top1 0.8413 top5 0.9846
    [18:33:34] step 8600/11249 | avg train loss 1.1020 top1 0.8414 top5 0.9844
    [18:33:47] step 8650/11249 | avg train loss 1.1023 top1 0.8415 top5 0.9843
    [18:34:00] step 8700/11249 | avg train loss 1.1025 top1 0.8413 top5 0.9843
    [18:34:13] step 8750/11249 | avg train loss 1.1020 top1 0.8414 top5 0.9843
    [18:34:26] step 8800/11249 | avg train loss 1.1025 top1 0.8411 top5 0.9843
    [18:34:39] step 8850/11249 | avg train loss 1.1024 top1 0.8411 top5 0.9843
    [18:34:52] step 8900/11249 | avg train loss 1.1024 top1 0.8411 top5 0.9843
    [18:35:05] step 8950/11249 | avg train loss 1.1032 top1 0.8406 top5 0.9843
    [18:35:18] step 9000/11249 | avg train loss 1.1033 top1 0.8405 top5 0.9842
    [18:35:31] step 9050/11249 | avg train loss 1.1032 top1 0.8407 top5 0.9842
    [18:35:44] step 9100/11249 | avg train loss 1.1034 top1 0.8407 top5 0.9842
    [18:35:57] step 9150/11249 | avg train loss 1.1037 top1 0.8405 top5 0.9842
    [18:36:10] step 9200/11249 | avg train loss 1.1038 top1 0.8404 top5 0.9842
    [18:36:23] step 9250/11249 | avg train loss 1.1042 top1 0.8402 top5 0.9842
    [18:36:36] step 9300/11249 | avg train loss 1.1045 top1 0.8400 top5 0.9842
    [18:36:49] step 9350/11249 | avg train loss 1.1044 top1 0.8401 top5 0.9842
    [18:37:02] step 9400/11249 | avg train loss 1.1048 top1 0.8400 top5 0.9841
    [18:37:15] step 9450/11249 | avg train loss 1.1052 top1 0.8398 top5 0.9840
    [18:37:28] step 9500/11249 | avg train loss 1.1059 top1 0.8395 top5 0.9840
    [18:37:41] step 9550/11249 | avg train loss 1.1064 top1 0.8393 top5 0.9839
    [18:37:54] step 9600/11249 | avg train loss 1.1065 top1 0.8393 top5 0.9839
    [18:38:07] step 9650/11249 | avg train loss 1.1072 top1 0.8389 top5 0.9839
    [18:38:20] step 9700/11249 | avg train loss 1.1075 top1 0.8388 top5 0.9838
    [18:38:33] step 9750/11249 | avg train loss 1.1082 top1 0.8385 top5 0.9838
    [18:38:46] step 9800/11249 | avg train loss 1.1082 top1 0.8386 top5 0.9837
    [18:38:59] step 9850/11249 | avg train loss 1.1083 top1 0.8386 top5 0.9837
    [18:39:12] step 9900/11249 | avg train loss 1.1080 top1 0.8388 top5 0.9837
    [18:39:25] step 9950/11249 | avg train loss 1.1081 top1 0.8387 top5 0.9837
    [18:39:38] step 10000/11249 | avg train loss 1.1083 top1 0.8388 top5 0.9837
    [18:39:51] step 10050/11249 | avg train loss 1.1084 top1 0.8388 top5 0.9837
    [18:40:04] step 10100/11249 | avg train loss 1.1092 top1 0.8384 top5 0.9836
    [18:40:17] step 10150/11249 | avg train loss 1.1090 top1 0.8385 top5 0.9836
    [18:40:30] step 10200/11249 | avg train loss 1.1092 top1 0.8383 top5 0.9836
    [18:40:42] step 10250/11249 | avg train loss 1.1092 top1 0.8382 top5 0.9836
    [18:40:55] step 10300/11249 | avg train loss 1.1092 top1 0.8384 top5 0.9836
    [18:41:08] step 10350/11249 | avg train loss 1.1089 top1 0.8387 top5 0.9836
    [18:41:21] step 10400/11249 | avg train loss 1.1083 top1 0.8390 top5 0.9836
    [18:41:34] step 10450/11249 | avg train loss 1.1084 top1 0.8389 top5 0.9836
    [18:41:47] step 10500/11249 | avg train loss 1.1090 top1 0.8388 top5 0.9835
    [18:42:00] step 10550/11249 | avg train loss 1.1092 top1 0.8386 top5 0.9835
    [18:42:13] step 10600/11249 | avg train loss 1.1091 top1 0.8387 top5 0.9835
    [18:42:26] step 10650/11249 | avg train loss 1.1091 top1 0.8388 top5 0.9835
    [18:42:39] step 10700/11249 | avg train loss 1.1094 top1 0.8388 top5 0.9834
    [18:42:52] step 10750/11249 | avg train loss 1.1096 top1 0.8388 top5 0.9834
    [18:43:05] step 10800/11249 | avg train loss 1.1101 top1 0.8385 top5 0.9833
    [18:43:18] step 10850/11249 | avg train loss 1.1105 top1 0.8383 top5 0.9832
    [18:43:31] step 10900/11249 | avg train loss 1.1107 top1 0.8383 top5 0.9832
    [18:43:44] step 10950/11249 | avg train loss 1.1109 top1 0.8381 top5 0.9831
    [18:43:57] step 11000/11249 | avg train loss 1.1106 top1 0.8382 top5 0.9832
    [18:44:10] step 11050/11249 | avg train loss 1.1113 top1 0.8380 top5 0.9831
    [18:44:23] step 11100/11249 | avg train loss 1.1115 top1 0.8379 top5 0.9831
    [18:44:36] step 11150/11249 | avg train loss 1.1120 top1 0.8377 top5 0.9830
    [18:44:49] step 11200/11249 | avg train loss 1.1119 top1 0.8376 top5 0.9830
    [18:45:02] step 11249/11249 | avg train loss 1.1118 top1 0.8376 top5 0.9830
Epoch 6/15 | train loss 1.1118 top1 0.8376 | val loss 1.3081 top1 0.6374 top5 0.8955 | ema val top1 0.6777 top5 0.9140
    [18:56:17] step 50/11249 | avg train loss 0.9831 top1 0.8950 top5 1.0000
    [18:56:30] step 100/11249 | avg train loss 0.9757 top1 0.8950 top5 0.9975
    [18:56:43] step 150/11249 | avg train loss 0.9682 top1 0.8967 top5 0.9983
    [18:56:56] step 200/11249 | avg train loss 0.9567 top1 0.9050 top5 0.9975
    [18:57:09] step 250/11249 | avg train loss 0.9736 top1 0.8950 top5 0.9960
    [18:57:22] step 300/11249 | avg train loss 0.9801 top1 0.8917 top5 0.9958
    [18:57:35] step 350/11249 | avg train loss 0.9718 top1 0.8957 top5 0.9957
    [18:57:48] step 400/11249 | avg train loss 0.9679 top1 0.8962 top5 0.9962
    [18:58:01] step 450/11249 | avg train loss 0.9738 top1 0.8933 top5 0.9961
    [18:58:14] step 500/11249 | avg train loss 0.9801 top1 0.8925 top5 0.9960
    [18:58:27] step 550/11249 | avg train loss 0.9755 top1 0.8945 top5 0.9964
    [18:58:40] step 600/11249 | avg train loss 0.9756 top1 0.8933 top5 0.9967
    [18:58:53] step 650/11249 | avg train loss 0.9776 top1 0.8908 top5 0.9965
    [18:59:06] step 700/11249 | avg train loss 0.9783 top1 0.8900 top5 0.9968
    [18:59:19] step 750/11249 | avg train loss 0.9739 top1 0.8923 top5 0.9963
    [18:59:32] step 800/11249 | avg train loss 0.9747 top1 0.8916 top5 0.9959
    [18:59:45] step 850/11249 | avg train loss 0.9760 top1 0.8906 top5 0.9962
    [18:59:58] step 900/11249 | avg train loss 0.9789 top1 0.8897 top5 0.9942
    [19:00:11] step 950/11249 | avg train loss 0.9826 top1 0.8874 top5 0.9942
    [19:00:24] step 1000/11249 | avg train loss 0.9861 top1 0.8878 top5 0.9935
    [19:00:37] step 1050/11249 | avg train loss 0.9833 top1 0.8893 top5 0.9938
    [19:00:50] step 1100/11249 | avg train loss 0.9832 top1 0.8889 top5 0.9934
    [19:01:03] step 1150/11249 | avg train loss 0.9857 top1 0.8874 top5 0.9935
    [19:01:15] step 1200/11249 | avg train loss 0.9844 top1 0.8883 top5 0.9935
    [19:01:28] step 1250/11249 | avg train loss 0.9879 top1 0.8880 top5 0.9930
    [19:01:41] step 1300/11249 | avg train loss 0.9857 top1 0.8885 top5 0.9933
    [19:01:54] step 1350/11249 | avg train loss 0.9867 top1 0.8885 top5 0.9931
    [19:02:07] step 1400/11249 | avg train loss 0.9886 top1 0.8868 top5 0.9932
    [19:02:20] step 1450/11249 | avg train loss 0.9885 top1 0.8866 top5 0.9933
    [19:02:33] step 1500/11249 | avg train loss 0.9890 top1 0.8867 top5 0.9927
    [19:02:46] step 1550/11249 | avg train loss 0.9894 top1 0.8858 top5 0.9929
    [19:02:59] step 1600/11249 | avg train loss 0.9918 top1 0.8845 top5 0.9922
    [19:03:12] step 1650/11249 | avg train loss 0.9904 top1 0.8847 top5 0.9924
    [19:03:25] step 1700/11249 | avg train loss 0.9901 top1 0.8844 top5 0.9925
    [19:03:38] step 1750/11249 | avg train loss 0.9921 top1 0.8831 top5 0.9923
    [19:03:51] step 1800/11249 | avg train loss 0.9932 top1 0.8826 top5 0.9922
    [19:04:04] step 1850/11249 | avg train loss 0.9919 top1 0.8832 top5 0.9924
    [19:04:17] step 1900/11249 | avg train loss 0.9910 top1 0.8841 top5 0.9925
    [19:04:30] step 1950/11249 | avg train loss 0.9912 top1 0.8846 top5 0.9927
    [19:04:43] step 2000/11249 | avg train loss 0.9910 top1 0.8851 top5 0.9928
    [19:04:56] step 2050/11249 | avg train loss 0.9904 top1 0.8855 top5 0.9927
    [19:05:09] step 2100/11249 | avg train loss 0.9897 top1 0.8856 top5 0.9927
    [19:05:22] step 2150/11249 | avg train loss 0.9908 top1 0.8848 top5 0.9928
    [19:05:35] step 2200/11249 | avg train loss 0.9918 top1 0.8843 top5 0.9924
    [19:05:48] step 2250/11249 | avg train loss 0.9918 top1 0.8840 top5 0.9923
    [19:06:01] step 2300/11249 | avg train loss 0.9917 top1 0.8838 top5 0.9923
    [19:06:14] step 2350/11249 | avg train loss 0.9935 top1 0.8826 top5 0.9924
    [19:06:27] step 2400/11249 | avg train loss 0.9948 top1 0.8821 top5 0.9925
    [19:06:40] step 2450/11249 | avg train loss 0.9941 top1 0.8820 top5 0.9927
    [19:06:53] step 2500/11249 | avg train loss 0.9946 top1 0.8815 top5 0.9928
    [19:07:06] step 2550/11249 | avg train loss 0.9935 top1 0.8822 top5 0.9928
    [19:07:19] step 2600/11249 | avg train loss 0.9933 top1 0.8819 top5 0.9929
    [19:07:32] step 2650/11249 | avg train loss 0.9937 top1 0.8817 top5 0.9928
    [19:07:45] step 2700/11249 | avg train loss 0.9924 top1 0.8821 top5 0.9930
    [19:07:58] step 2750/11249 | avg train loss 0.9923 top1 0.8819 top5 0.9930
    [19:08:11] step 2800/11249 | avg train loss 0.9936 top1 0.8812 top5 0.9930
    [19:08:24] step 2850/11249 | avg train loss 0.9931 top1 0.8814 top5 0.9931
    [19:08:37] step 2900/11249 | avg train loss 0.9931 top1 0.8810 top5 0.9931
    [19:08:50] step 2950/11249 | avg train loss 0.9954 top1 0.8804 top5 0.9927
    [19:09:03] step 3000/11249 | avg train loss 0.9958 top1 0.8803 top5 0.9928
    [19:09:16] step 3050/11249 | avg train loss 0.9963 top1 0.8803 top5 0.9927
    [19:09:29] step 3100/11249 | avg train loss 0.9974 top1 0.8794 top5 0.9927
    [19:09:42] step 3150/11249 | avg train loss 0.9985 top1 0.8785 top5 0.9925
    [19:09:55] step 3200/11249 | avg train loss 0.9992 top1 0.8784 top5 0.9925
    [19:10:08] step 3250/11249 | avg train loss 0.9994 top1 0.8782 top5 0.9926
    [19:10:21] step 3300/11249 | avg train loss 0.9993 top1 0.8785 top5 0.9927
    [19:10:34] step 3350/11249 | avg train loss 0.9998 top1 0.8781 top5 0.9926
    [19:10:47] step 3400/11249 | avg train loss 0.9998 top1 0.8781 top5 0.9926
    [19:11:00] step 3450/11249 | avg train loss 1.0005 top1 0.8777 top5 0.9925
    [19:11:13] step 3500/11249 | avg train loss 1.0000 top1 0.8779 top5 0.9926
    [19:11:26] step 3550/11249 | avg train loss 1.0006 top1 0.8777 top5 0.9925
    [19:11:39] step 3600/11249 | avg train loss 0.9998 top1 0.8777 top5 0.9924
    [19:11:52] step 3650/11249 | avg train loss 1.0014 top1 0.8772 top5 0.9924
    [19:12:05] step 3700/11249 | avg train loss 1.0015 top1 0.8772 top5 0.9924
    [19:12:18] step 3750/11249 | avg train loss 1.0026 top1 0.8767 top5 0.9921
    [19:12:31] step 3800/11249 | avg train loss 1.0031 top1 0.8765 top5 0.9921
    [19:12:44] step 3850/11249 | avg train loss 1.0030 top1 0.8764 top5 0.9921
    [19:12:57] step 3900/11249 | avg train loss 1.0035 top1 0.8764 top5 0.9921
    [19:13:10] step 3950/11249 | avg train loss 1.0036 top1 0.8761 top5 0.9920
    [19:13:23] step 4000/11249 | avg train loss 1.0032 top1 0.8764 top5 0.9921
    [19:13:36] step 4050/11249 | avg train loss 1.0031 top1 0.8767 top5 0.9920
    [19:13:49] step 4100/11249 | avg train loss 1.0032 top1 0.8765 top5 0.9921
    [19:14:02] step 4150/11249 | avg train loss 1.0036 top1 0.8761 top5 0.9920
    [19:14:15] step 4200/11249 | avg train loss 1.0045 top1 0.8758 top5 0.9920
    [19:14:28] step 4250/11249 | avg train loss 1.0053 top1 0.8758 top5 0.9920
    [19:14:41] step 4300/11249 | avg train loss 1.0061 top1 0.8753 top5 0.9919
    [19:14:54] step 4350/11249 | avg train loss 1.0070 top1 0.8750 top5 0.9918
    [19:15:07] step 4400/11249 | avg train loss 1.0074 top1 0.8748 top5 0.9919
    [19:15:20] step 4450/11249 | avg train loss 1.0079 top1 0.8745 top5 0.9918
    [19:15:33] step 4500/11249 | avg train loss 1.0084 top1 0.8744 top5 0.9918
    [19:15:45] step 4550/11249 | avg train loss 1.0095 top1 0.8742 top5 0.9918
    [19:15:58] step 4600/11249 | avg train loss 1.0108 top1 0.8738 top5 0.9915
    [19:16:11] step 4650/11249 | avg train loss 1.0112 top1 0.8733 top5 0.9915
    [19:16:24] step 4700/11249 | avg train loss 1.0117 top1 0.8730 top5 0.9914
    [19:16:37] step 4750/11249 | avg train loss 1.0119 top1 0.8729 top5 0.9913
    [19:16:50] step 4800/11249 | avg train loss 1.0121 top1 0.8729 top5 0.9913
    [19:17:03] step 4850/11249 | avg train loss 1.0124 top1 0.8728 top5 0.9913
    [19:17:16] step 4900/11249 | avg train loss 1.0131 top1 0.8725 top5 0.9912
    [19:17:29] step 4950/11249 | avg train loss 1.0133 top1 0.8725 top5 0.9912
    [19:17:42] step 5000/11249 | avg train loss 1.0141 top1 0.8721 top5 0.9912
    [19:17:55] step 5050/11249 | avg train loss 1.0141 top1 0.8721 top5 0.9912
    [19:18:08] step 5100/11249 | avg train loss 1.0141 top1 0.8721 top5 0.9912
    [19:18:21] step 5150/11249 | avg train loss 1.0141 top1 0.8721 top5 0.9913
    [19:18:34] step 5200/11249 | avg train loss 1.0143 top1 0.8723 top5 0.9912
    [19:18:47] step 5250/11249 | avg train loss 1.0141 top1 0.8725 top5 0.9911
    [19:19:00] step 5300/11249 | avg train loss 1.0140 top1 0.8725 top5 0.9911
    [19:19:13] step 5350/11249 | avg train loss 1.0145 top1 0.8723 top5 0.9911
    [19:19:26] step 5400/11249 | avg train loss 1.0154 top1 0.8719 top5 0.9911
    [19:19:39] step 5450/11249 | avg train loss 1.0160 top1 0.8717 top5 0.9911
    [19:19:52] step 5500/11249 | avg train loss 1.0157 top1 0.8718 top5 0.9910
    [19:20:05] step 5550/11249 | avg train loss 1.0155 top1 0.8718 top5 0.9910
    [19:20:18] step 5600/11249 | avg train loss 1.0158 top1 0.8719 top5 0.9910
    [19:20:31] step 5650/11249 | avg train loss 1.0162 top1 0.8717 top5 0.9910
    [19:20:44] step 5700/11249 | avg train loss 1.0163 top1 0.8717 top5 0.9911
    [19:20:57] step 5750/11249 | avg train loss 1.0161 top1 0.8717 top5 0.9911
    [19:21:10] step 5800/11249 | avg train loss 1.0168 top1 0.8715 top5 0.9911
    [19:21:23] step 5850/11249 | avg train loss 1.0173 top1 0.8712 top5 0.9910
    [19:21:36] step 5900/11249 | avg train loss 1.0173 top1 0.8713 top5 0.9910
    [19:21:49] step 5950/11249 | avg train loss 1.0172 top1 0.8714 top5 0.9911
    [19:22:02] step 6000/11249 | avg train loss 1.0173 top1 0.8713 top5 0.9911
    [19:22:15] step 6050/11249 | avg train loss 1.0175 top1 0.8712 top5 0.9912
    [19:22:28] step 6100/11249 | avg train loss 1.0175 top1 0.8713 top5 0.9912
    [19:22:41] step 6150/11249 | avg train loss 1.0187 top1 0.8706 top5 0.9911
    [19:22:54] step 6200/11249 | avg train loss 1.0185 top1 0.8707 top5 0.9910
    [19:23:07] step 6250/11249 | avg train loss 1.0189 top1 0.8707 top5 0.9910
    [19:23:20] step 6300/11249 | avg train loss 1.0189 top1 0.8706 top5 0.9910
    [19:23:33] step 6350/11249 | avg train loss 1.0190 top1 0.8707 top5 0.9911
    [19:23:46] step 6400/11249 | avg train loss 1.0191 top1 0.8708 top5 0.9910
    [19:23:59] step 6450/11249 | avg train loss 1.0191 top1 0.8710 top5 0.9910
    [19:24:12] step 6500/11249 | avg train loss 1.0204 top1 0.8708 top5 0.9909
    [19:24:25] step 6550/11249 | avg train loss 1.0212 top1 0.8706 top5 0.9909
    [19:24:38] step 6600/11249 | avg train loss 1.0212 top1 0.8706 top5 0.9909
    [19:24:51] step 6650/11249 | avg train loss 1.0209 top1 0.8707 top5 0.9910
    [19:25:04] step 6700/11249 | avg train loss 1.0209 top1 0.8707 top5 0.9910
    [19:25:17] step 6750/11249 | avg train loss 1.0206 top1 0.8709 top5 0.9910
    [19:25:30] step 6800/11249 | avg train loss 1.0209 top1 0.8707 top5 0.9910
    [19:25:43] step 6850/11249 | avg train loss 1.0214 top1 0.8707 top5 0.9909
    [19:25:56] step 6900/11249 | avg train loss 1.0215 top1 0.8706 top5 0.9910
    [19:26:09] step 6950/11249 | avg train loss 1.0219 top1 0.8705 top5 0.9910
    [19:26:22] step 7000/11249 | avg train loss 1.0221 top1 0.8703 top5 0.9910
    [19:26:35] step 7050/11249 | avg train loss 1.0223 top1 0.8703 top5 0.9909
    [19:26:48] step 7100/11249 | avg train loss 1.0222 top1 0.8704 top5 0.9909
    [19:27:01] step 7150/11249 | avg train loss 1.0218 top1 0.8705 top5 0.9909
    [19:27:14] step 7200/11249 | avg train loss 1.0225 top1 0.8701 top5 0.9908
    [19:27:27] step 7250/11249 | avg train loss 1.0230 top1 0.8697 top5 0.9909
    [19:27:40] step 7300/11249 | avg train loss 1.0235 top1 0.8696 top5 0.9908
    [19:27:53] step 7350/11249 | avg train loss 1.0228 top1 0.8698 top5 0.9909
    [19:28:06] step 7400/11249 | avg train loss 1.0231 top1 0.8696 top5 0.9909
    [19:28:19] step 7450/11249 | avg train loss 1.0230 top1 0.8697 top5 0.9908
    [19:28:32] step 7500/11249 | avg train loss 1.0230 top1 0.8697 top5 0.9908
    [19:28:45] step 7550/11249 | avg train loss 1.0233 top1 0.8696 top5 0.9908
    [19:28:58] step 7600/11249 | avg train loss 1.0234 top1 0.8696 top5 0.9907
    [19:29:11] step 7650/11249 | avg train loss 1.0234 top1 0.8697 top5 0.9907
    [19:29:24] step 7700/11249 | avg train loss 1.0234 top1 0.8696 top5 0.9907
    [19:29:37] step 7750/11249 | avg train loss 1.0239 top1 0.8694 top5 0.9906
    [19:29:49] step 7800/11249 | avg train loss 1.0241 top1 0.8692 top5 0.9906
    [19:30:02] step 7850/11249 | avg train loss 1.0242 top1 0.8692 top5 0.9907
    [19:30:15] step 7900/11249 | avg train loss 1.0241 top1 0.8692 top5 0.9907
    [19:30:28] step 7950/11249 | avg train loss 1.0237 top1 0.8696 top5 0.9907
    [19:30:41] step 8000/11249 | avg train loss 1.0239 top1 0.8696 top5 0.9906
    [19:30:55] step 8050/11249 | avg train loss 1.0246 top1 0.8692 top5 0.9906
    [19:31:08] step 8100/11249 | avg train loss 1.0253 top1 0.8691 top5 0.9905
    [19:31:21] step 8150/11249 | avg train loss 1.0250 top1 0.8691 top5 0.9905
    [19:31:34] step 8200/11249 | avg train loss 1.0251 top1 0.8691 top5 0.9905
    [19:31:47] step 8250/11249 | avg train loss 1.0253 top1 0.8691 top5 0.9904
    [19:32:00] step 8300/11249 | avg train loss 1.0258 top1 0.8690 top5 0.9904
    [19:32:13] step 8350/11249 | avg train loss 1.0263 top1 0.8687 top5 0.9903
    [19:32:25] step 8400/11249 | avg train loss 1.0265 top1 0.8685 top5 0.9903
    [19:32:38] step 8450/11249 | avg train loss 1.0264 top1 0.8686 top5 0.9903
    [19:32:51] step 8500/11249 | avg train loss 1.0260 top1 0.8686 top5 0.9903
    [19:33:04] step 8550/11249 | avg train loss 1.0256 top1 0.8688 top5 0.9904
    [19:33:17] step 8600/11249 | avg train loss 1.0254 top1 0.8687 top5 0.9903
    [19:33:30] step 8650/11249 | avg train loss 1.0253 top1 0.8688 top5 0.9903
    [19:33:43] step 8700/11249 | avg train loss 1.0253 top1 0.8688 top5 0.9903
    [19:33:56] step 8750/11249 | avg train loss 1.0248 top1 0.8690 top5 0.9903
    [19:34:09] step 8800/11249 | avg train loss 1.0250 top1 0.8688 top5 0.9903
    [19:34:22] step 8850/11249 | avg train loss 1.0248 top1 0.8688 top5 0.9903
    [19:34:35] step 8900/11249 | avg train loss 1.0247 top1 0.8686 top5 0.9903
    [19:34:48] step 8950/11249 | avg train loss 1.0255 top1 0.8682 top5 0.9904
    [19:35:01] step 9000/11249 | avg train loss 1.0253 top1 0.8681 top5 0.9904
    [19:35:14] step 9050/11249 | avg train loss 1.0254 top1 0.8681 top5 0.9903
    [19:35:27] step 9100/11249 | avg train loss 1.0256 top1 0.8680 top5 0.9904
    [19:35:40] step 9150/11249 | avg train loss 1.0257 top1 0.8678 top5 0.9904
    [19:35:53] step 9200/11249 | avg train loss 1.0260 top1 0.8677 top5 0.9904
    [19:36:06] step 9250/11249 | avg train loss 1.0261 top1 0.8677 top5 0.9904
    [19:36:19] step 9300/11249 | avg train loss 1.0261 top1 0.8678 top5 0.9904
    [19:36:32] step 9350/11249 | avg train loss 1.0268 top1 0.8675 top5 0.9904
    [19:36:45] step 9400/11249 | avg train loss 1.0269 top1 0.8675 top5 0.9904
    [19:36:58] step 9450/11249 | avg train loss 1.0268 top1 0.8676 top5 0.9903
    [19:37:11] step 9500/11249 | avg train loss 1.0272 top1 0.8677 top5 0.9903
    [19:37:24] step 9550/11249 | avg train loss 1.0270 top1 0.8677 top5 0.9902
    [19:37:37] step 9600/11249 | avg train loss 1.0267 top1 0.8680 top5 0.9902
    [19:37:50] step 9650/11249 | avg train loss 1.0268 top1 0.8680 top5 0.9902
    [19:38:03] step 9700/11249 | avg train loss 1.0269 top1 0.8679 top5 0.9902
    [19:38:16] step 9750/11249 | avg train loss 1.0276 top1 0.8677 top5 0.9901
    [19:38:29] step 9800/11249 | avg train loss 1.0277 top1 0.8677 top5 0.9900
    [19:38:42] step 9850/11249 | avg train loss 1.0277 top1 0.8677 top5 0.9900
    [19:38:55] step 9900/11249 | avg train loss 1.0279 top1 0.8677 top5 0.9899
    [19:39:08] step 9950/11249 | avg train loss 1.0285 top1 0.8675 top5 0.9898
    [19:39:21] step 10000/11249 | avg train loss 1.0288 top1 0.8673 top5 0.9898
    [19:39:34] step 10050/11249 | avg train loss 1.0296 top1 0.8671 top5 0.9898
    [19:39:47] step 10100/11249 | avg train loss 1.0295 top1 0.8672 top5 0.9898
    [19:40:00] step 10150/11249 | avg train loss 1.0296 top1 0.8672 top5 0.9898
    [19:40:13] step 10200/11249 | avg train loss 1.0299 top1 0.8671 top5 0.9898
    [19:40:26] step 10250/11249 | avg train loss 1.0302 top1 0.8670 top5 0.9898
    [19:40:39] step 10300/11249 | avg train loss 1.0302 top1 0.8669 top5 0.9898
    [19:40:52] step 10350/11249 | avg train loss 1.0311 top1 0.8665 top5 0.9896
    [19:41:05] step 10400/11249 | avg train loss 1.0311 top1 0.8666 top5 0.9896
    [19:41:18] step 10450/11249 | avg train loss 1.0316 top1 0.8664 top5 0.9895
    [19:41:31] step 10500/11249 | avg train loss 1.0311 top1 0.8667 top5 0.9896
    [19:41:44] step 10550/11249 | avg train loss 1.0312 top1 0.8666 top5 0.9896
    [19:41:57] step 10600/11249 | avg train loss 1.0310 top1 0.8667 top5 0.9896
    [19:42:10] step 10650/11249 | avg train loss 1.0311 top1 0.8666 top5 0.9896
    [19:42:23] step 10700/11249 | avg train loss 1.0315 top1 0.8665 top5 0.9895
    [19:42:36] step 10750/11249 | avg train loss 1.0317 top1 0.8663 top5 0.9895
    [19:42:49] step 10800/11249 | avg train loss 1.0320 top1 0.8662 top5 0.9895
    [19:43:02] step 10850/11249 | avg train loss 1.0321 top1 0.8663 top5 0.9895
    [19:43:15] step 10900/11249 | avg train loss 1.0325 top1 0.8660 top5 0.9894
    [19:43:28] step 10950/11249 | avg train loss 1.0320 top1 0.8662 top5 0.9895
    [19:43:41] step 11000/11249 | avg train loss 1.0320 top1 0.8662 top5 0.9895
    [19:43:54] step 11050/11249 | avg train loss 1.0323 top1 0.8660 top5 0.9894
    [19:44:07] step 11100/11249 | avg train loss 1.0326 top1 0.8659 top5 0.9894
    [19:44:20] step 11150/11249 | avg train loss 1.0327 top1 0.8659 top5 0.9894
    [19:44:33] step 11200/11249 | avg train loss 1.0327 top1 0.8658 top5 0.9894
    [19:44:45] step 11249/11249 | avg train loss 1.0331 top1 0.8657 top5 0.9894
Epoch 7/15 | train loss 1.0331 top1 0.8657 | val loss 1.3690 top1 0.6311 top5 0.8839 | ema val top1 0.6707 top5 0.9116
    [19:56:00] step 50/11249 | avg train loss 0.9451 top1 0.9150 top5 0.9950
    [19:56:13] step 100/11249 | avg train loss 0.9170 top1 0.9200 top5 0.9975
    [19:56:26] step 150/11249 | avg train loss 0.9090 top1 0.9200 top5 0.9983
    [19:56:39] step 200/11249 | avg train loss 0.9007 top1 0.9163 top5 0.9988
    [19:56:52] step 250/11249 | avg train loss 0.8959 top1 0.9210 top5 0.9990
    [19:57:05] step 300/11249 | avg train loss 0.9094 top1 0.9167 top5 0.9992
    [19:57:18] step 350/11249 | avg train loss 0.9073 top1 0.9193 top5 0.9993
    [19:57:31] step 400/11249 | avg train loss 0.9093 top1 0.9163 top5 0.9994
    [19:57:44] step 450/11249 | avg train loss 0.9003 top1 0.9206 top5 0.9994
    [19:57:57] step 500/11249 | avg train loss 0.9058 top1 0.9205 top5 0.9985
    [19:58:10] step 550/11249 | avg train loss 0.9075 top1 0.9200 top5 0.9982
    [19:58:23] step 600/11249 | avg train loss 0.9031 top1 0.9221 top5 0.9983
    [19:58:36] step 650/11249 | avg train loss 0.9039 top1 0.9200 top5 0.9985
    [19:58:49] step 700/11249 | avg train loss 0.9072 top1 0.9200 top5 0.9986
    [19:59:02] step 750/11249 | avg train loss 0.9055 top1 0.9207 top5 0.9987
    [19:59:15] step 800/11249 | avg train loss 0.9030 top1 0.9219 top5 0.9984
    [19:59:28] step 850/11249 | avg train loss 0.9062 top1 0.9203 top5 0.9985
    [19:59:41] step 900/11249 | avg train loss 0.9069 top1 0.9197 top5 0.9986
    [19:59:54] step 950/11249 | avg train loss 0.9108 top1 0.9176 top5 0.9982
    [20:00:07] step 1000/11249 | avg train loss 0.9100 top1 0.9175 top5 0.9982
    [20:00:20] step 1050/11249 | avg train loss 0.9119 top1 0.9162 top5 0.9983
    [20:00:33] step 1100/11249 | avg train loss 0.9089 top1 0.9168 top5 0.9982
    [20:00:46] step 1150/11249 | avg train loss 0.9103 top1 0.9163 top5 0.9980
    [20:00:59] step 1200/11249 | avg train loss 0.9104 top1 0.9165 top5 0.9981
    [20:01:12] step 1250/11249 | avg train loss 0.9126 top1 0.9158 top5 0.9982
    [20:01:25] step 1300/11249 | avg train loss 0.9099 top1 0.9171 top5 0.9983
    [20:01:38] step 1350/11249 | avg train loss 0.9090 top1 0.9174 top5 0.9983
    [20:01:51] step 1400/11249 | avg train loss 0.9090 top1 0.9166 top5 0.9984
    [20:02:04] step 1450/11249 | avg train loss 0.9108 top1 0.9157 top5 0.9983
    [20:02:17] step 1500/11249 | avg train loss 0.9114 top1 0.9157 top5 0.9982
    [20:02:30] step 1550/11249 | avg train loss 0.9105 top1 0.9160 top5 0.9982
    [20:02:43] step 1600/11249 | avg train loss 0.9100 top1 0.9166 top5 0.9983
    [20:02:56] step 1650/11249 | avg train loss 0.9090 top1 0.9171 top5 0.9983
    [20:03:09] step 1700/11249 | avg train loss 0.9103 top1 0.9169 top5 0.9984
    [20:03:21] step 1750/11249 | avg train loss 0.9085 top1 0.9179 top5 0.9983
    [20:03:34] step 1800/11249 | avg train loss 0.9097 top1 0.9169 top5 0.9983
    [20:03:47] step 1850/11249 | avg train loss 0.9098 top1 0.9168 top5 0.9981
    [20:04:00] step 1900/11249 | avg train loss 0.9096 top1 0.9167 top5 0.9980
    [20:04:13] step 1950/11249 | avg train loss 0.9097 top1 0.9164 top5 0.9979
    [20:04:26] step 2000/11249 | avg train loss 0.9091 top1 0.9167 top5 0.9979
    [20:04:39] step 2050/11249 | avg train loss 0.9106 top1 0.9165 top5 0.9977
    [20:04:52] step 2100/11249 | avg train loss 0.9096 top1 0.9167 top5 0.9976
    [20:05:05] step 2150/11249 | avg train loss 0.9089 top1 0.9165 top5 0.9976
    [20:05:18] step 2200/11249 | avg train loss 0.9104 top1 0.9164 top5 0.9973
    [20:05:31] step 2250/11249 | avg train loss 0.9108 top1 0.9159 top5 0.9973
    [20:05:44] step 2300/11249 | avg train loss 0.9119 top1 0.9150 top5 0.9972
    [20:05:57] step 2350/11249 | avg train loss 0.9122 top1 0.9145 top5 0.9972
    [20:06:10] step 2400/11249 | avg train loss 0.9126 top1 0.9143 top5 0.9973
    [20:06:23] step 2450/11249 | avg train loss 0.9129 top1 0.9139 top5 0.9973
    [20:06:36] step 2500/11249 | avg train loss 0.9144 top1 0.9132 top5 0.9972
    [20:06:49] step 2550/11249 | avg train loss 0.9145 top1 0.9132 top5 0.9971
    [20:07:02] step 2600/11249 | avg train loss 0.9146 top1 0.9134 top5 0.9970
    [20:07:15] step 2650/11249 | avg train loss 0.9157 top1 0.9129 top5 0.9970
    [20:07:28] step 2700/11249 | avg train loss 0.9162 top1 0.9123 top5 0.9968
    [20:07:41] step 2750/11249 | avg train loss 0.9165 top1 0.9124 top5 0.9968
    [20:07:54] step 2800/11249 | avg train loss 0.9169 top1 0.9118 top5 0.9968
    [20:08:07] step 2850/11249 | avg train loss 0.9168 top1 0.9118 top5 0.9968
    [20:08:20] step 2900/11249 | avg train loss 0.9165 top1 0.9120 top5 0.9968
    [20:08:33] step 2950/11249 | avg train loss 0.9167 top1 0.9121 top5 0.9969
    [20:08:46] step 3000/11249 | avg train loss 0.9173 top1 0.9119 top5 0.9968
    [20:08:59] step 3050/11249 | avg train loss 0.9177 top1 0.9116 top5 0.9968
    [20:09:12] step 3100/11249 | avg train loss 0.9174 top1 0.9119 top5 0.9967
    [20:09:25] step 3150/11249 | avg train loss 0.9177 top1 0.9117 top5 0.9967
    [20:09:38] step 3200/11249 | avg train loss 0.9175 top1 0.9120 top5 0.9966
    [20:09:51] step 3250/11249 | avg train loss 0.9184 top1 0.9117 top5 0.9966
    [20:10:04] step 3300/11249 | avg train loss 0.9200 top1 0.9113 top5 0.9964
    [20:10:17] step 3350/11249 | avg train loss 0.9202 top1 0.9109 top5 0.9964
    [20:10:30] step 3400/11249 | avg train loss 0.9195 top1 0.9112 top5 0.9965
    [20:10:43] step 3450/11249 | avg train loss 0.9190 top1 0.9113 top5 0.9965
    [20:10:56] step 3500/11249 | avg train loss 0.9188 top1 0.9112 top5 0.9966
    [20:11:09] step 3550/11249 | avg train loss 0.9188 top1 0.9111 top5 0.9965
    [20:11:22] step 3600/11249 | avg train loss 0.9186 top1 0.9111 top5 0.9966
    [20:11:35] step 3650/11249 | avg train loss 0.9183 top1 0.9113 top5 0.9966
    [20:11:48] step 3700/11249 | avg train loss 0.9188 top1 0.9111 top5 0.9967
    [20:12:01] step 3750/11249 | avg train loss 0.9189 top1 0.9112 top5 0.9967
    [20:12:14] step 3800/11249 | avg train loss 0.9204 top1 0.9105 top5 0.9964
    [20:12:27] step 3850/11249 | avg train loss 0.9210 top1 0.9105 top5 0.9964
    [20:12:40] step 3900/11249 | avg train loss 0.9223 top1 0.9101 top5 0.9963
    [20:12:53] step 3950/11249 | avg train loss 0.9227 top1 0.9098 top5 0.9963
    [20:13:06] step 4000/11249 | avg train loss 0.9235 top1 0.9094 top5 0.9962
    [20:13:19] step 4050/11249 | avg train loss 0.9241 top1 0.9093 top5 0.9962
    [20:13:32] step 4100/11249 | avg train loss 0.9250 top1 0.9090 top5 0.9962
    [20:13:45] step 4150/11249 | avg train loss 0.9253 top1 0.9087 top5 0.9963
    [20:13:58] step 4200/11249 | avg train loss 0.9255 top1 0.9084 top5 0.9962
    [20:14:11] step 4250/11249 | avg train loss 0.9262 top1 0.9080 top5 0.9962
    [20:14:24] step 4300/11249 | avg train loss 0.9265 top1 0.9078 top5 0.9962
    [20:14:37] step 4350/11249 | avg train loss 0.9272 top1 0.9075 top5 0.9961
    [20:14:50] step 4400/11249 | avg train loss 0.9272 top1 0.9077 top5 0.9961
    [20:15:03] step 4450/11249 | avg train loss 0.9279 top1 0.9073 top5 0.9961
    [20:15:16] step 4500/11249 | avg train loss 0.9280 top1 0.9072 top5 0.9961
    [20:15:29] step 4550/11249 | avg train loss 0.9287 top1 0.9069 top5 0.9961
    [20:15:42] step 4600/11249 | avg train loss 0.9294 top1 0.9067 top5 0.9960
    [20:15:55] step 4650/11249 | avg train loss 0.9298 top1 0.9065 top5 0.9960
    [20:16:08] step 4700/11249 | avg train loss 0.9302 top1 0.9061 top5 0.9960
    [20:16:21] step 4750/11249 | avg train loss 0.9301 top1 0.9062 top5 0.9960
    [20:16:33] step 4800/11249 | avg train loss 0.9300 top1 0.9062 top5 0.9960
    [20:16:46] step 4850/11249 | avg train loss 0.9311 top1 0.9057 top5 0.9960
    [20:17:00] step 4900/11249 | avg train loss 0.9317 top1 0.9054 top5 0.9960
    [20:17:13] step 4950/11249 | avg train loss 0.9330 top1 0.9048 top5 0.9959
    [20:17:26] step 5000/11249 | avg train loss 0.9328 top1 0.9050 top5 0.9959
    [20:17:39] step 5050/11249 | avg train loss 0.9328 top1 0.9047 top5 0.9958
    [20:17:52] step 5100/11249 | avg train loss 0.9339 top1 0.9040 top5 0.9958
    [20:18:05] step 5150/11249 | avg train loss 0.9338 top1 0.9040 top5 0.9958
    [20:18:18] step 5200/11249 | avg train loss 0.9351 top1 0.9035 top5 0.9957
    [20:18:31] step 5250/11249 | avg train loss 0.9359 top1 0.9030 top5 0.9956
    [20:18:44] step 5300/11249 | avg train loss 0.9362 top1 0.9027 top5 0.9955
    [20:18:57] step 5350/11249 | avg train loss 0.9363 top1 0.9027 top5 0.9955
    [20:19:09] step 5400/11249 | avg train loss 0.9369 top1 0.9025 top5 0.9954
    [20:19:22] step 5450/11249 | avg train loss 0.9373 top1 0.9024 top5 0.9954
    [20:19:35] step 5500/11249 | avg train loss 0.9379 top1 0.9022 top5 0.9954
    [20:19:48] step 5550/11249 | avg train loss 0.9377 top1 0.9023 top5 0.9954
    [20:20:01] step 5600/11249 | avg train loss 0.9373 top1 0.9024 top5 0.9954
    [20:20:14] step 5650/11249 | avg train loss 0.9372 top1 0.9025 top5 0.9954
    [20:20:27] step 5700/11249 | avg train loss 0.9373 top1 0.9024 top5 0.9953
    [20:20:40] step 5750/11249 | avg train loss 0.9371 top1 0.9026 top5 0.9953
    [20:20:53] step 5800/11249 | avg train loss 0.9374 top1 0.9023 top5 0.9953
    [20:21:06] step 5850/11249 | avg train loss 0.9382 top1 0.9018 top5 0.9953
    [20:21:19] step 5900/11249 | avg train loss 0.9387 top1 0.9016 top5 0.9953
    [20:21:32] step 5950/11249 | avg train loss 0.9388 top1 0.9016 top5 0.9952
    [20:21:45] step 6000/11249 | avg train loss 0.9385 top1 0.9017 top5 0.9952
    [20:21:58] step 6050/11249 | avg train loss 0.9388 top1 0.9019 top5 0.9952
    [20:22:11] step 6100/11249 | avg train loss 0.9394 top1 0.9016 top5 0.9951
    [20:22:24] step 6150/11249 | avg train loss 0.9397 top1 0.9014 top5 0.9950
    [20:22:37] step 6200/11249 | avg train loss 0.9405 top1 0.9011 top5 0.9950
    [20:22:50] step 6250/11249 | avg train loss 0.9406 top1 0.9012 top5 0.9950
    [20:23:03] step 6300/11249 | avg train loss 0.9406 top1 0.9013 top5 0.9950
    [20:23:16] step 6350/11249 | avg train loss 0.9410 top1 0.9013 top5 0.9949
    [20:23:29] step 6400/11249 | avg train loss 0.9413 top1 0.9011 top5 0.9950
    [20:23:42] step 6450/11249 | avg train loss 0.9415 top1 0.9009 top5 0.9950
    [20:23:55] step 6500/11249 | avg train loss 0.9418 top1 0.9008 top5 0.9950
    [20:24:08] step 6550/11249 | avg train loss 0.9420 top1 0.9008 top5 0.9950
    [20:24:21] step 6600/11249 | avg train loss 0.9423 top1 0.9007 top5 0.9950
    [20:24:34] step 6650/11249 | avg train loss 0.9425 top1 0.9006 top5 0.9951
    [20:24:47] step 6700/11249 | avg train loss 0.9429 top1 0.9006 top5 0.9951
    [20:25:00] step 6750/11249 | avg train loss 0.9434 top1 0.9005 top5 0.9951
    [20:25:13] step 6800/11249 | avg train loss 0.9437 top1 0.9002 top5 0.9951
    [20:25:26] step 6850/11249 | avg train loss 0.9440 top1 0.9003 top5 0.9950
    [20:25:39] step 6900/11249 | avg train loss 0.9438 top1 0.9002 top5 0.9950
    [20:25:52] step 6950/11249 | avg train loss 0.9433 top1 0.9005 top5 0.9950
    [20:26:05] step 7000/11249 | avg train loss 0.9437 top1 0.9003 top5 0.9949
    [20:26:18] step 7050/11249 | avg train loss 0.9444 top1 0.9000 top5 0.9949
    [20:26:31] step 7100/11249 | avg train loss 0.9452 top1 0.8996 top5 0.9948
    [20:26:44] step 7150/11249 | avg train loss 0.9452 top1 0.8997 top5 0.9948
    [20:26:57] step 7200/11249 | avg train loss 0.9454 top1 0.8997 top5 0.9948
    [20:27:10] step 7250/11249 | avg train loss 0.9455 top1 0.8998 top5 0.9948
    [20:27:23] step 7300/11249 | avg train loss 0.9455 top1 0.8997 top5 0.9948
    [20:27:36] step 7350/11249 | avg train loss 0.9458 top1 0.8994 top5 0.9948
    [20:27:49] step 7400/11249 | avg train loss 0.9459 top1 0.8993 top5 0.9949
    [20:28:02] step 7450/11249 | avg train loss 0.9466 top1 0.8990 top5 0.9948
    [20:28:15] step 7500/11249 | avg train loss 0.9467 top1 0.8990 top5 0.9948
    [20:28:28] step 7550/11249 | avg train loss 0.9469 top1 0.8989 top5 0.9948
    [20:28:41] step 7600/11249 | avg train loss 0.9468 top1 0.8990 top5 0.9948
    [20:28:54] step 7650/11249 | avg train loss 0.9468 top1 0.8990 top5 0.9948
    [20:29:07] step 7700/11249 | avg train loss 0.9472 top1 0.8989 top5 0.9948
    [20:29:20] step 7750/11249 | avg train loss 0.9474 top1 0.8988 top5 0.9948
    [20:29:33] step 7800/11249 | avg train loss 0.9475 top1 0.8987 top5 0.9948
    [20:29:46] step 7850/11249 | avg train loss 0.9477 top1 0.8986 top5 0.9948
    [20:29:59] step 7900/11249 | avg train loss 0.9478 top1 0.8986 top5 0.9947
    [20:30:12] step 7950/11249 | avg train loss 0.9478 top1 0.8987 top5 0.9947
    [20:30:25] step 8000/11249 | avg train loss 0.9486 top1 0.8985 top5 0.9947
    [20:30:38] step 8050/11249 | avg train loss 0.9484 top1 0.8987 top5 0.9947
    [20:30:51] step 8100/11249 | avg train loss 0.9490 top1 0.8983 top5 0.9946
    [20:31:04] step 8150/11249 | avg train loss 0.9491 top1 0.8982 top5 0.9946
    [20:31:17] step 8200/11249 | avg train loss 0.9490 top1 0.8983 top5 0.9946
    [20:31:30] step 8250/11249 | avg train loss 0.9489 top1 0.8983 top5 0.9946
    [20:31:43] step 8300/11249 | avg train loss 0.9490 top1 0.8982 top5 0.9946
    [20:31:56] step 8350/11249 | avg train loss 0.9493 top1 0.8982 top5 0.9946
    [20:32:09] step 8400/11249 | avg train loss 0.9499 top1 0.8979 top5 0.9946
    [20:32:22] step 8450/11249 | avg train loss 0.9500 top1 0.8979 top5 0.9946
    [20:32:35] step 8500/11249 | avg train loss 0.9502 top1 0.8977 top5 0.9946
    [20:32:47] step 8550/11249 | avg train loss 0.9501 top1 0.8977 top5 0.9946
    [20:33:00] step 8600/11249 | avg train loss 0.9502 top1 0.8976 top5 0.9946
    [20:33:13] step 8650/11249 | avg train loss 0.9506 top1 0.8974 top5 0.9945
    [20:33:26] step 8700/11249 | avg train loss 0.9508 top1 0.8974 top5 0.9945
    [20:33:39] step 8750/11249 | avg train loss 0.9516 top1 0.8971 top5 0.9945
    [20:33:52] step 8800/11249 | avg train loss 0.9517 top1 0.8970 top5 0.9945
    [20:34:05] step 8850/11249 | avg train loss 0.9522 top1 0.8969 top5 0.9944
    [20:34:18] step 8900/11249 | avg train loss 0.9524 top1 0.8967 top5 0.9944
    [20:34:31] step 8950/11249 | avg train loss 0.9525 top1 0.8967 top5 0.9944
    [20:34:44] step 9000/11249 | avg train loss 0.9526 top1 0.8968 top5 0.9944
    [20:34:57] step 9050/11249 | avg train loss 0.9529 top1 0.8966 top5 0.9945
    [20:35:10] step 9100/11249 | avg train loss 0.9529 top1 0.8965 top5 0.9945
    [20:35:23] step 9150/11249 | avg train loss 0.9533 top1 0.8964 top5 0.9945
    [20:35:36] step 9200/11249 | avg train loss 0.9535 top1 0.8963 top5 0.9945
    [20:35:49] step 9250/11249 | avg train loss 0.9537 top1 0.8961 top5 0.9945
    [20:36:02] step 9300/11249 | avg train loss 0.9541 top1 0.8959 top5 0.9945
    [20:36:15] step 9350/11249 | avg train loss 0.9544 top1 0.8959 top5 0.9945
    [20:36:28] step 9400/11249 | avg train loss 0.9548 top1 0.8956 top5 0.9945
    [20:36:41] step 9450/11249 | avg train loss 0.9550 top1 0.8956 top5 0.9945
    [20:36:54] step 9500/11249 | avg train loss 0.9548 top1 0.8957 top5 0.9945
    [20:37:07] step 9550/11249 | avg train loss 0.9547 top1 0.8957 top5 0.9945
    [20:37:20] step 9600/11249 | avg train loss 0.9549 top1 0.8957 top5 0.9945
    [20:37:33] step 9650/11249 | avg train loss 0.9549 top1 0.8956 top5 0.9945
    [20:37:46] step 9700/11249 | avg train loss 0.9549 top1 0.8956 top5 0.9946
    [20:37:59] step 9750/11249 | avg train loss 0.9557 top1 0.8952 top5 0.9944
    [20:38:12] step 9800/11249 | avg train loss 0.9557 top1 0.8951 top5 0.9945
    [20:38:25] step 9850/11249 | avg train loss 0.9558 top1 0.8951 top5 0.9945
    [20:38:38] step 9900/11249 | avg train loss 0.9561 top1 0.8951 top5 0.9945
    [20:38:51] step 9950/11249 | avg train loss 0.9560 top1 0.8951 top5 0.9945
    [20:39:04] step 10000/11249 | avg train loss 0.9560 top1 0.8951 top5 0.9944
    [20:39:17] step 10050/11249 | avg train loss 0.9564 top1 0.8950 top5 0.9944
    [20:39:30] step 10100/11249 | avg train loss 0.9568 top1 0.8950 top5 0.9943
    [20:39:43] step 10150/11249 | avg train loss 0.9571 top1 0.8949 top5 0.9943
    [20:39:56] step 10200/11249 | avg train loss 0.9573 top1 0.8947 top5 0.9943
    [20:40:09] step 10250/11249 | avg train loss 0.9570 top1 0.8950 top5 0.9943
    [20:40:22] step 10300/11249 | avg train loss 0.9568 top1 0.8950 top5 0.9943
    [20:40:35] step 10350/11249 | avg train loss 0.9569 top1 0.8950 top5 0.9943
    [20:40:48] step 10400/11249 | avg train loss 0.9568 top1 0.8949 top5 0.9943
    [20:41:01] step 10450/11249 | avg train loss 0.9566 top1 0.8950 top5 0.9943
    [20:41:14] step 10500/11249 | avg train loss 0.9568 top1 0.8948 top5 0.9943
    [20:41:27] step 10550/11249 | avg train loss 0.9571 top1 0.8946 top5 0.9943
    [20:41:40] step 10600/11249 | avg train loss 0.9570 top1 0.8946 top5 0.9943
    [20:41:53] step 10650/11249 | avg train loss 0.9576 top1 0.8945 top5 0.9943
    [20:42:06] step 10700/11249 | avg train loss 0.9578 top1 0.8943 top5 0.9943
    [20:42:19] step 10750/11249 | avg train loss 0.9575 top1 0.8944 top5 0.9943
    [20:42:32] step 10800/11249 | avg train loss 0.9574 top1 0.8945 top5 0.9943
    [20:42:45] step 10850/11249 | avg train loss 0.9580 top1 0.8943 top5 0.9943
    [20:42:58] step 10900/11249 | avg train loss 0.9580 top1 0.8943 top5 0.9943
    [20:43:11] step 10950/11249 | avg train loss 0.9579 top1 0.8943 top5 0.9943
    [20:43:24] step 11000/11249 | avg train loss 0.9577 top1 0.8945 top5 0.9943
    [20:43:37] step 11050/11249 | avg train loss 0.9578 top1 0.8944 top5 0.9943
    [20:43:50] step 11100/11249 | avg train loss 0.9577 top1 0.8944 top5 0.9943
    [20:44:03] step 11150/11249 | avg train loss 0.9576 top1 0.8946 top5 0.9943
    [20:44:16] step 11200/11249 | avg train loss 0.9576 top1 0.8946 top5 0.9943
    [20:44:28] step 11249/11249 | avg train loss 0.9575 top1 0.8947 top5 0.9943
Epoch 8/15 | train loss 0.9575 top1 0.8947 | val loss 1.3441 top1 0.6427 top5 0.8913 | ema val top1 0.6712 top5 0.9033
    [20:55:44] step 50/11249 | avg train loss 0.8947 top1 0.9350 top5 0.9950
    [20:55:56] step 100/11249 | avg train loss 0.8584 top1 0.9450 top5 0.9975
    [20:56:09] step 150/11249 | avg train loss 0.8575 top1 0.9383 top5 0.9983
    [20:56:22] step 200/11249 | avg train loss 0.8638 top1 0.9400 top5 0.9975
    [20:56:35] step 250/11249 | avg train loss 0.8559 top1 0.9390 top5 0.9980
    [20:56:48] step 300/11249 | avg train loss 0.8473 top1 0.9433 top5 0.9983
    [20:57:01] step 350/11249 | avg train loss 0.8421 top1 0.9436 top5 0.9986
    [20:57:14] step 400/11249 | avg train loss 0.8414 top1 0.9450 top5 0.9988
    [20:57:27] step 450/11249 | avg train loss 0.8397 top1 0.9444 top5 0.9989
    [20:57:40] step 500/11249 | avg train loss 0.8433 top1 0.9435 top5 0.9990
    [20:57:53] step 550/11249 | avg train loss 0.8434 top1 0.9441 top5 0.9991
    [20:58:06] step 600/11249 | avg train loss 0.8460 top1 0.9442 top5 0.9992
    [20:58:19] step 650/11249 | avg train loss 0.8455 top1 0.9435 top5 0.9992
    [20:58:32] step 700/11249 | avg train loss 0.8475 top1 0.9418 top5 0.9989
    [20:58:45] step 750/11249 | avg train loss 0.8472 top1 0.9417 top5 0.9987
    [20:58:58] step 800/11249 | avg train loss 0.8467 top1 0.9413 top5 0.9988
    [20:59:11] step 850/11249 | avg train loss 0.8498 top1 0.9400 top5 0.9988
    [20:59:24] step 900/11249 | avg train loss 0.8503 top1 0.9389 top5 0.9989
    [20:59:37] step 950/11249 | avg train loss 0.8522 top1 0.9382 top5 0.9989
    [20:59:50] step 1000/11249 | avg train loss 0.8509 top1 0.9395 top5 0.9990
    [21:00:03] step 1050/11249 | avg train loss 0.8520 top1 0.9395 top5 0.9990
    [21:00:16] step 1100/11249 | avg train loss 0.8512 top1 0.9402 top5 0.9991
    [21:00:29] step 1150/11249 | avg train loss 0.8524 top1 0.9396 top5 0.9991
    [21:00:42] step 1200/11249 | avg train loss 0.8507 top1 0.9404 top5 0.9992
    [21:00:55] step 1250/11249 | avg train loss 0.8485 top1 0.9408 top5 0.9992
    [21:01:08] step 1300/11249 | avg train loss 0.8483 top1 0.9406 top5 0.9990
    [21:01:21] step 1350/11249 | avg train loss 0.8491 top1 0.9402 top5 0.9991
    [21:01:34] step 1400/11249 | avg train loss 0.8467 top1 0.9414 top5 0.9991
    [21:01:47] step 1450/11249 | avg train loss 0.8479 top1 0.9405 top5 0.9991
    [21:02:00] step 1500/11249 | avg train loss 0.8480 top1 0.9400 top5 0.9992
    [21:02:13] step 1550/11249 | avg train loss 0.8508 top1 0.9389 top5 0.9992
    [21:02:26] step 1600/11249 | avg train loss 0.8507 top1 0.9387 top5 0.9992
    [21:02:39] step 1650/11249 | avg train loss 0.8507 top1 0.9394 top5 0.9992
    [21:02:52] step 1700/11249 | avg train loss 0.8510 top1 0.9388 top5 0.9993
    [21:03:05] step 1750/11249 | avg train loss 0.8506 top1 0.9389 top5 0.9993
    [21:03:18] step 1800/11249 | avg train loss 0.8500 top1 0.9390 top5 0.9993
    [21:03:31] step 1850/11249 | avg train loss 0.8495 top1 0.9389 top5 0.9993
    [21:03:44] step 1900/11249 | avg train loss 0.8493 top1 0.9392 top5 0.9992
    [21:03:57] step 1950/11249 | avg train loss 0.8494 top1 0.9391 top5 0.9992
    [21:04:10] step 2000/11249 | avg train loss 0.8494 top1 0.9390 top5 0.9992
    [21:04:23] step 2050/11249 | avg train loss 0.8501 top1 0.9390 top5 0.9991
    [21:04:36] step 2100/11249 | avg train loss 0.8499 top1 0.9392 top5 0.9992
    [21:04:49] step 2150/11249 | avg train loss 0.8518 top1 0.9388 top5 0.9991
    [21:05:02] step 2200/11249 | avg train loss 0.8513 top1 0.9387 top5 0.9991
    [21:05:15] step 2250/11249 | avg train loss 0.8509 top1 0.9390 top5 0.9991
    [21:05:28] step 2300/11249 | avg train loss 0.8502 top1 0.9391 top5 0.9991
    [21:05:41] step 2350/11249 | avg train loss 0.8501 top1 0.9395 top5 0.9991
    [21:05:54] step 2400/11249 | avg train loss 0.8506 top1 0.9391 top5 0.9992
    [21:06:07] step 2450/11249 | avg train loss 0.8504 top1 0.9393 top5 0.9992
    [21:06:20] step 2500/11249 | avg train loss 0.8517 top1 0.9389 top5 0.9991
    [21:06:34] step 2550/11249 | avg train loss 0.8516 top1 0.9392 top5 0.9990
    [21:06:47] step 2600/11249 | avg train loss 0.8522 top1 0.9390 top5 0.9990
    [21:07:01] step 2650/11249 | avg train loss 0.8529 top1 0.9387 top5 0.9990
    [21:07:14] step 2700/11249 | avg train loss 0.8533 top1 0.9385 top5 0.9989
    [21:07:28] step 2750/11249 | avg train loss 0.8539 top1 0.9384 top5 0.9989
    [21:07:42] step 2800/11249 | avg train loss 0.8529 top1 0.9389 top5 0.9989
    [21:07:55] step 2850/11249 | avg train loss 0.8531 top1 0.9389 top5 0.9989
    [21:08:09] step 2900/11249 | avg train loss 0.8522 top1 0.9393 top5 0.9989
    [21:08:23] step 2950/11249 | avg train loss 0.8521 top1 0.9388 top5 0.9989
    [21:08:36] step 3000/11249 | avg train loss 0.8527 top1 0.9388 top5 0.9988
    [21:08:50] step 3050/11249 | avg train loss 0.8524 top1 0.9392 top5 0.9989
    [21:09:04] step 3100/11249 | avg train loss 0.8529 top1 0.9390 top5 0.9987
    [21:09:17] step 3150/11249 | avg train loss 0.8528 top1 0.9389 top5 0.9987
    [21:09:31] step 3200/11249 | avg train loss 0.8534 top1 0.9385 top5 0.9988
    [21:09:45] step 3250/11249 | avg train loss 0.8541 top1 0.9382 top5 0.9987
    [21:09:58] step 3300/11249 | avg train loss 0.8546 top1 0.9380 top5 0.9986
    [21:10:12] step 3350/11249 | avg train loss 0.8541 top1 0.9381 top5 0.9987
    [21:10:26] step 3400/11249 | avg train loss 0.8552 top1 0.9377 top5 0.9986
    [21:10:39] step 3450/11249 | avg train loss 0.8551 top1 0.9377 top5 0.9986
    [21:10:53] step 3500/11249 | avg train loss 0.8551 top1 0.9376 top5 0.9986
    [21:11:06] step 3550/11249 | avg train loss 0.8549 top1 0.9378 top5 0.9986
    [21:11:20] step 3600/11249 | avg train loss 0.8561 top1 0.9374 top5 0.9985
    [21:11:34] step 3650/11249 | avg train loss 0.8560 top1 0.9373 top5 0.9986
    [21:11:47] step 3700/11249 | avg train loss 0.8558 top1 0.9374 top5 0.9985
    [21:12:01] step 3750/11249 | avg train loss 0.8558 top1 0.9373 top5 0.9985
    [21:12:15] step 3800/11249 | avg train loss 0.8553 top1 0.9376 top5 0.9986
    [21:12:28] step 3850/11249 | avg train loss 0.8558 top1 0.9376 top5 0.9985
    [21:12:42] step 3900/11249 | avg train loss 0.8557 top1 0.9375 top5 0.9985
    [21:12:55] step 3950/11249 | avg train loss 0.8557 top1 0.9373 top5 0.9985
    [21:13:09] step 4000/11249 | avg train loss 0.8560 top1 0.9374 top5 0.9985
    [21:13:23] step 4050/11249 | avg train loss 0.8564 top1 0.9372 top5 0.9985
    [21:13:36] step 4100/11249 | avg train loss 0.8567 top1 0.9373 top5 0.9985
    [21:13:50] step 4150/11249 | avg train loss 0.8569 top1 0.9373 top5 0.9986
    [21:14:04] step 4200/11249 | avg train loss 0.8574 top1 0.9370 top5 0.9986
    [21:14:17] step 4250/11249 | avg train loss 0.8576 top1 0.9366 top5 0.9985
    [21:14:31] step 4300/11249 | avg train loss 0.8578 top1 0.9366 top5 0.9985
    [21:14:44] step 4350/11249 | avg train loss 0.8583 top1 0.9363 top5 0.9984
    [21:14:58] step 4400/11249 | avg train loss 0.8578 top1 0.9365 top5 0.9985
    [21:15:12] step 4450/11249 | avg train loss 0.8575 top1 0.9366 top5 0.9985
    [21:15:26] step 4500/11249 | avg train loss 0.8576 top1 0.9365 top5 0.9985
    [21:15:39] step 4550/11249 | avg train loss 0.8581 top1 0.9363 top5 0.9984
    [21:15:53] step 4600/11249 | avg train loss 0.8578 top1 0.9366 top5 0.9984
    [21:16:06] step 4650/11249 | avg train loss 0.8578 top1 0.9364 top5 0.9984
    [21:16:20] step 4700/11249 | avg train loss 0.8575 top1 0.9364 top5 0.9984
    [21:16:34] step 4750/11249 | avg train loss 0.8577 top1 0.9365 top5 0.9984
    [21:16:47] step 4800/11249 | avg train loss 0.8579 top1 0.9365 top5 0.9984
    [21:17:01] step 4850/11249 | avg train loss 0.8582 top1 0.9364 top5 0.9984
    [21:17:14] step 4900/11249 | avg train loss 0.8589 top1 0.9360 top5 0.9984
    [21:17:28] step 4950/11249 | avg train loss 0.8591 top1 0.9359 top5 0.9984
    [21:17:42] step 5000/11249 | avg train loss 0.8592 top1 0.9360 top5 0.9983
    [21:17:55] step 5050/11249 | avg train loss 0.8593 top1 0.9359 top5 0.9984
    [21:18:09] step 5100/11249 | avg train loss 0.8596 top1 0.9356 top5 0.9984
    [21:18:23] step 5150/11249 | avg train loss 0.8597 top1 0.9356 top5 0.9983
    [21:18:36] step 5200/11249 | avg train loss 0.8597 top1 0.9357 top5 0.9983
    [21:18:50] step 5250/11249 | avg train loss 0.8598 top1 0.9357 top5 0.9983
    [21:19:04] step 5300/11249 | avg train loss 0.8604 top1 0.9354 top5 0.9983
    [21:19:17] step 5350/11249 | avg train loss 0.8605 top1 0.9354 top5 0.9983
    [21:19:31] step 5400/11249 | avg train loss 0.8610 top1 0.9353 top5 0.9983
    [21:19:44] step 5450/11249 | avg train loss 0.8608 top1 0.9355 top5 0.9983
    [21:19:58] step 5500/11249 | avg train loss 0.8610 top1 0.9354 top5 0.9983
    [21:20:12] step 5550/11249 | avg train loss 0.8613 top1 0.9352 top5 0.9983
    [21:20:25] step 5600/11249 | avg train loss 0.8613 top1 0.9353 top5 0.9983
    [21:20:39] step 5650/11249 | avg train loss 0.8612 top1 0.9353 top5 0.9984
    [21:20:53] step 5700/11249 | avg train loss 0.8615 top1 0.9351 top5 0.9984
    [21:21:06] step 5750/11249 | avg train loss 0.8617 top1 0.9351 top5 0.9984
    [21:21:20] step 5800/11249 | avg train loss 0.8625 top1 0.9349 top5 0.9984
    [21:21:33] step 5850/11249 | avg train loss 0.8628 top1 0.9347 top5 0.9984
    [21:21:47] step 5900/11249 | avg train loss 0.8630 top1 0.9345 top5 0.9984
    [21:22:01] step 5950/11249 | avg train loss 0.8629 top1 0.9347 top5 0.9984
    [21:22:14] step 6000/11249 | avg train loss 0.8632 top1 0.9346 top5 0.9984
    [21:22:28] step 6050/11249 | avg train loss 0.8633 top1 0.9344 top5 0.9983
    [21:22:41] step 6100/11249 | avg train loss 0.8629 top1 0.9346 top5 0.9984
    [21:22:55] step 6150/11249 | avg train loss 0.8635 top1 0.9342 top5 0.9983
    [21:23:09] step 6200/11249 | avg train loss 0.8636 top1 0.9342 top5 0.9983
    [21:23:22] step 6250/11249 | avg train loss 0.8637 top1 0.9342 top5 0.9983
    [21:23:36] step 6300/11249 | avg train loss 0.8638 top1 0.9342 top5 0.9983
    [21:23:50] step 6350/11249 | avg train loss 0.8638 top1 0.9342 top5 0.9983
    [21:24:03] step 6400/11249 | avg train loss 0.8642 top1 0.9338 top5 0.9983
    [21:24:17] step 6450/11249 | avg train loss 0.8642 top1 0.9338 top5 0.9983
    [21:24:31] step 6500/11249 | avg train loss 0.8646 top1 0.9337 top5 0.9983
    [21:24:44] step 6550/11249 | avg train loss 0.8650 top1 0.9334 top5 0.9983
    [21:24:58] step 6600/11249 | avg train loss 0.8656 top1 0.9332 top5 0.9983
    [21:25:11] step 6650/11249 | avg train loss 0.8661 top1 0.9331 top5 0.9982
    [21:25:25] step 6700/11249 | avg train loss 0.8663 top1 0.9331 top5 0.9982
    [21:25:39] step 6750/11249 | avg train loss 0.8666 top1 0.9330 top5 0.9982
    [21:25:52] step 6800/11249 | avg train loss 0.8666 top1 0.9329 top5 0.9982
    [21:26:06] step 6850/11249 | avg train loss 0.8668 top1 0.9329 top5 0.9982
    [21:26:19] step 6900/11249 | avg train loss 0.8668 top1 0.9329 top5 0.9983
    [21:26:33] step 6950/11249 | avg train loss 0.8670 top1 0.9327 top5 0.9983
    [21:26:47] step 7000/11249 | avg train loss 0.8672 top1 0.9327 top5 0.9983
    [21:27:00] step 7050/11249 | avg train loss 0.8672 top1 0.9329 top5 0.9983
    [21:27:14] step 7100/11249 | avg train loss 0.8670 top1 0.9330 top5 0.9983
    [21:27:28] step 7150/11249 | avg train loss 0.8676 top1 0.9327 top5 0.9983
    [21:27:41] step 7200/11249 | avg train loss 0.8677 top1 0.9326 top5 0.9983
    [21:27:55] step 7250/11249 | avg train loss 0.8679 top1 0.9325 top5 0.9983
    [21:28:09] step 7300/11249 | avg train loss 0.8675 top1 0.9326 top5 0.9983
    [21:28:22] step 7350/11249 | avg train loss 0.8679 top1 0.9325 top5 0.9983
    [21:28:36] step 7400/11249 | avg train loss 0.8682 top1 0.9322 top5 0.9983
    [21:28:50] step 7450/11249 | avg train loss 0.8682 top1 0.9322 top5 0.9983
    [21:29:03] step 7500/11249 | avg train loss 0.8687 top1 0.9320 top5 0.9982
    [21:29:17] step 7550/11249 | avg train loss 0.8691 top1 0.9317 top5 0.9982
    [21:29:30] step 7600/11249 | avg train loss 0.8689 top1 0.9318 top5 0.9982
    [21:29:44] step 7650/11249 | avg train loss 0.8687 top1 0.9318 top5 0.9982
    [21:29:58] step 7700/11249 | avg train loss 0.8688 top1 0.9318 top5 0.9982
    [21:30:11] step 7750/11249 | avg train loss 0.8693 top1 0.9316 top5 0.9982
    [21:30:25] step 7800/11249 | avg train loss 0.8691 top1 0.9317 top5 0.9982
    [21:30:38] step 7850/11249 | avg train loss 0.8692 top1 0.9317 top5 0.9982
    [21:30:52] step 7900/11249 | avg train loss 0.8694 top1 0.9316 top5 0.9982
    [21:31:06] step 7950/11249 | avg train loss 0.8697 top1 0.9315 top5 0.9982
    [21:31:19] step 8000/11249 | avg train loss 0.8694 top1 0.9316 top5 0.9982
    [21:31:33] step 8050/11249 | avg train loss 0.8697 top1 0.9314 top5 0.9982
    [21:31:46] step 8100/11249 | avg train loss 0.8707 top1 0.9311 top5 0.9981
    [21:32:00] step 8150/11249 | avg train loss 0.8711 top1 0.9310 top5 0.9981
    [21:32:14] step 8200/11249 | avg train loss 0.8715 top1 0.9308 top5 0.9981
    [21:32:27] step 8250/11249 | avg train loss 0.8717 top1 0.9307 top5 0.9981
    [21:32:41] step 8300/11249 | avg train loss 0.8719 top1 0.9306 top5 0.9981
    [21:32:54] step 8350/11249 | avg train loss 0.8717 top1 0.9307 top5 0.9981
    [21:33:08] step 8400/11249 | avg train loss 0.8721 top1 0.9305 top5 0.9981
    [21:33:22] step 8450/11249 | avg train loss 0.8721 top1 0.9305 top5 0.9981
    [21:33:35] step 8500/11249 | avg train loss 0.8723 top1 0.9304 top5 0.9981
    [21:33:49] step 8550/11249 | avg train loss 0.8724 top1 0.9303 top5 0.9981
    [21:34:03] step 8600/11249 | avg train loss 0.8729 top1 0.9301 top5 0.9981
    [21:34:16] step 8650/11249 | avg train loss 0.8729 top1 0.9301 top5 0.9981
    [21:34:30] step 8700/11249 | avg train loss 0.8731 top1 0.9301 top5 0.9980
    [21:34:43] step 8750/11249 | avg train loss 0.8738 top1 0.9298 top5 0.9981
    [21:34:57] step 8800/11249 | avg train loss 0.8741 top1 0.9297 top5 0.9980
    [21:35:11] step 8850/11249 | avg train loss 0.8745 top1 0.9296 top5 0.9980
    [21:35:24] step 8900/11249 | avg train loss 0.8743 top1 0.9296 top5 0.9980
    [21:35:38] step 8950/11249 | avg train loss 0.8747 top1 0.9296 top5 0.9980
    [21:35:52] step 9000/11249 | avg train loss 0.8752 top1 0.9294 top5 0.9980
    [21:36:05] step 9050/11249 | avg train loss 0.8753 top1 0.9294 top5 0.9980
    [21:36:19] step 9100/11249 | avg train loss 0.8757 top1 0.9293 top5 0.9980
    [21:36:32] step 9150/11249 | avg train loss 0.8759 top1 0.9292 top5 0.9980
    [21:36:46] step 9200/11249 | avg train loss 0.8760 top1 0.9292 top5 0.9980
    [21:37:00] step 9250/11249 | avg train loss 0.8761 top1 0.9291 top5 0.9980
    [21:37:13] step 9300/11249 | avg train loss 0.8761 top1 0.9290 top5 0.9980
    [21:37:27] step 9350/11249 | avg train loss 0.8763 top1 0.9290 top5 0.9980
    [21:37:41] step 9400/11249 | avg train loss 0.8761 top1 0.9291 top5 0.9980
    [21:37:54] step 9450/11249 | avg train loss 0.8761 top1 0.9291 top5 0.9980
    [21:38:08] step 9500/11249 | avg train loss 0.8760 top1 0.9292 top5 0.9980
    [21:38:22] step 9550/11249 | avg train loss 0.8760 top1 0.9291 top5 0.9980
    [21:38:35] step 9600/11249 | avg train loss 0.8764 top1 0.9289 top5 0.9979
    [21:38:49] step 9650/11249 | avg train loss 0.8766 top1 0.9288 top5 0.9980
    [21:39:03] step 9700/11249 | avg train loss 0.8772 top1 0.9286 top5 0.9979
    [21:39:16] step 9750/11249 | avg train loss 0.8774 top1 0.9286 top5 0.9979
    [21:39:30] step 9800/11249 | avg train loss 0.8775 top1 0.9285 top5 0.9979
    [21:39:44] step 9850/11249 | avg train loss 0.8775 top1 0.9285 top5 0.9979
    [21:39:58] step 9900/11249 | avg train loss 0.8772 top1 0.9286 top5 0.9980
    [21:40:11] step 9950/11249 | avg train loss 0.8774 top1 0.9285 top5 0.9980
    [21:40:25] step 10000/11249 | avg train loss 0.8772 top1 0.9285 top5 0.9980
    [21:40:38] step 10050/11249 | avg train loss 0.8775 top1 0.9283 top5 0.9980
    [21:40:52] step 10100/11249 | avg train loss 0.8779 top1 0.9282 top5 0.9980
    [21:41:06] step 10150/11249 | avg train loss 0.8781 top1 0.9280 top5 0.9980
    [21:41:19] step 10200/11249 | avg train loss 0.8783 top1 0.9279 top5 0.9980
    [21:41:33] step 10250/11249 | avg train loss 0.8783 top1 0.9281 top5 0.9980
    [21:41:47] step 10300/11249 | avg train loss 0.8780 top1 0.9282 top5 0.9980
    [21:42:00] step 10350/11249 | avg train loss 0.8781 top1 0.9282 top5 0.9980
    [21:42:14] step 10400/11249 | avg train loss 0.8781 top1 0.9282 top5 0.9980
    [21:42:27] step 10450/11249 | avg train loss 0.8784 top1 0.9281 top5 0.9980
    [21:42:41] step 10500/11249 | avg train loss 0.8785 top1 0.9280 top5 0.9980
    [21:42:55] step 10550/11249 | avg train loss 0.8786 top1 0.9281 top5 0.9979
    [21:43:08] step 10600/11249 | avg train loss 0.8786 top1 0.9280 top5 0.9979
    [21:43:22] step 10650/11249 | avg train loss 0.8787 top1 0.9279 top5 0.9979
    [21:43:35] step 10700/11249 | avg train loss 0.8788 top1 0.9279 top5 0.9979
    [21:43:49] step 10750/11249 | avg train loss 0.8791 top1 0.9278 top5 0.9979
    [21:44:03] step 10800/11249 | avg train loss 0.8790 top1 0.9278 top5 0.9979
    [21:44:16] step 10850/11249 | avg train loss 0.8790 top1 0.9278 top5 0.9979
    [21:44:30] step 10900/11249 | avg train loss 0.8790 top1 0.9278 top5 0.9979
    [21:44:43] step 10950/11249 | avg train loss 0.8793 top1 0.9276 top5 0.9979
    [21:44:57] step 11000/11249 | avg train loss 0.8794 top1 0.9276 top5 0.9979
    [21:45:11] step 11050/11249 | avg train loss 0.8795 top1 0.9276 top5 0.9979
    [21:45:24] step 11100/11249 | avg train loss 0.8799 top1 0.9274 top5 0.9979
    [21:45:38] step 11150/11249 | avg train loss 0.8801 top1 0.9274 top5 0.9978
    [21:45:52] step 11200/11249 | avg train loss 0.8802 top1 0.9273 top5 0.9978
    [21:46:05] step 11249/11249 | avg train loss 0.8804 top1 0.9272 top5 0.9978
Epoch 9/15 | train loss 0.8804 top1 0.9272 | val loss 1.3819 top1 0.6388 top5 0.8850 | ema val top1 0.6676 top5 0.8979
    [21:57:29] step 50/11249 | avg train loss 0.7923 top1 0.9750 top5 1.0000
    [21:57:42] step 100/11249 | avg train loss 0.7987 top1 0.9625 top5 1.0000
    [21:57:56] step 150/11249 | avg train loss 0.8020 top1 0.9600 top5 1.0000
    [21:58:09] step 200/11249 | avg train loss 0.8090 top1 0.9600 top5 0.9988
    [21:58:23] step 250/11249 | avg train loss 0.8022 top1 0.9630 top5 0.9990
    [21:58:37] step 300/11249 | avg train loss 0.8004 top1 0.9650 top5 0.9992
    [21:58:50] step 350/11249 | avg train loss 0.7957 top1 0.9671 top5 0.9993
    [21:59:04] step 400/11249 | avg train loss 0.7910 top1 0.9700 top5 0.9994
    [21:59:17] step 450/11249 | avg train loss 0.7939 top1 0.9672 top5 0.9994
    [21:59:31] step 500/11249 | avg train loss 0.7961 top1 0.9650 top5 0.9995
    [21:59:45] step 550/11249 | avg train loss 0.7959 top1 0.9655 top5 0.9995
    [21:59:58] step 600/11249 | avg train loss 0.7957 top1 0.9637 top5 0.9996
    [22:00:12] step 650/11249 | avg train loss 0.7951 top1 0.9638 top5 0.9996
    [22:00:26] step 700/11249 | avg train loss 0.7935 top1 0.9639 top5 0.9996
    [22:00:39] step 750/11249 | avg train loss 0.7943 top1 0.9630 top5 0.9997
    [22:00:53] step 800/11249 | avg train loss 0.7939 top1 0.9631 top5 0.9997
    [22:01:06] step 850/11249 | avg train loss 0.7939 top1 0.9638 top5 0.9997
    [22:01:20] step 900/11249 | avg train loss 0.7919 top1 0.9647 top5 0.9997
    [22:01:33] step 950/11249 | avg train loss 0.7929 top1 0.9645 top5 0.9997
    [22:01:47] step 1000/11249 | avg train loss 0.7940 top1 0.9640 top5 0.9998
    [22:02:01] step 1050/11249 | avg train loss 0.7939 top1 0.9643 top5 0.9998
    [22:02:14] step 1100/11249 | avg train loss 0.7938 top1 0.9643 top5 0.9998
    [22:02:28] step 1150/11249 | avg train loss 0.7927 top1 0.9648 top5 0.9998
    [22:02:42] step 1200/11249 | avg train loss 0.7905 top1 0.9658 top5 0.9998
    [22:02:55] step 1250/11249 | avg train loss 0.7905 top1 0.9664 top5 0.9998
    [22:03:09] step 1300/11249 | avg train loss 0.7914 top1 0.9663 top5 0.9998
    [22:03:22] step 1350/11249 | avg train loss 0.7916 top1 0.9659 top5 0.9998
    [22:03:35] step 1400/11249 | avg train loss 0.7909 top1 0.9663 top5 0.9998
    [22:03:48] step 1450/11249 | avg train loss 0.7914 top1 0.9666 top5 0.9998
    [22:04:02] step 1500/11249 | avg train loss 0.7913 top1 0.9668 top5 0.9998
    [22:04:15] step 1550/11249 | avg train loss 0.7908 top1 0.9669 top5 0.9997
    [22:04:28] step 1600/11249 | avg train loss 0.7905 top1 0.9669 top5 0.9997
    [22:04:41] step 1650/11249 | avg train loss 0.7910 top1 0.9668 top5 0.9997
    [22:04:54] step 1700/11249 | avg train loss 0.7911 top1 0.9668 top5 0.9997
    [22:05:07] step 1750/11249 | avg train loss 0.7911 top1 0.9670 top5 0.9997
    [22:05:20] step 1800/11249 | avg train loss 0.7917 top1 0.9669 top5 0.9997
    [22:05:32] step 1850/11249 | avg train loss 0.7918 top1 0.9665 top5 0.9997
    [22:05:45] step 1900/11249 | avg train loss 0.7925 top1 0.9659 top5 0.9997
    [22:05:58] step 1950/11249 | avg train loss 0.7920 top1 0.9663 top5 0.9997
    [22:06:11] step 2000/11249 | avg train loss 0.7923 top1 0.9664 top5 0.9998
    [22:06:24] step 2050/11249 | avg train loss 0.7924 top1 0.9663 top5 0.9998
    [22:06:37] step 2100/11249 | avg train loss 0.7924 top1 0.9663 top5 0.9998
    [22:06:50] step 2150/11249 | avg train loss 0.7924 top1 0.9663 top5 0.9998
    [22:07:03] step 2200/11249 | avg train loss 0.7923 top1 0.9665 top5 0.9998
    [22:07:16] step 2250/11249 | avg train loss 0.7929 top1 0.9663 top5 0.9998
    [22:07:29] step 2300/11249 | avg train loss 0.7931 top1 0.9660 top5 0.9998
    [22:07:42] step 2350/11249 | avg train loss 0.7935 top1 0.9656 top5 0.9998
    [22:07:55] step 2400/11249 | avg train loss 0.7942 top1 0.9650 top5 0.9997
    [22:08:08] step 2450/11249 | avg train loss 0.7938 top1 0.9653 top5 0.9997
    [22:08:21] step 2500/11249 | avg train loss 0.7943 top1 0.9652 top5 0.9997
    [22:08:34] step 2550/11249 | avg train loss 0.7947 top1 0.9650 top5 0.9996
    [22:08:47] step 2600/11249 | avg train loss 0.7949 top1 0.9649 top5 0.9996
    [22:09:00] step 2650/11249 | avg train loss 0.7952 top1 0.9649 top5 0.9996
    [22:09:13] step 2700/11249 | avg train loss 0.7958 top1 0.9645 top5 0.9996
    [22:09:26] step 2750/11249 | avg train loss 0.7963 top1 0.9641 top5 0.9996
    [22:09:39] step 2800/11249 | avg train loss 0.7968 top1 0.9639 top5 0.9996
    [22:09:52] step 2850/11249 | avg train loss 0.7962 top1 0.9643 top5 0.9996
    [22:10:05] step 2900/11249 | avg train loss 0.7960 top1 0.9646 top5 0.9997
    [22:10:18] step 2950/11249 | avg train loss 0.7967 top1 0.9640 top5 0.9997
    [22:10:31] step 3000/11249 | avg train loss 0.7970 top1 0.9638 top5 0.9997
    [22:10:44] step 3050/11249 | avg train loss 0.7969 top1 0.9639 top5 0.9997
    [22:10:57] step 3100/11249 | avg train loss 0.7973 top1 0.9636 top5 0.9997
    [22:11:10] step 3150/11249 | avg train loss 0.7977 top1 0.9636 top5 0.9997
    [22:11:23] step 3200/11249 | avg train loss 0.7983 top1 0.9632 top5 0.9997
    [22:11:36] step 3250/11249 | avg train loss 0.7981 top1 0.9633 top5 0.9997
    [22:11:49] step 3300/11249 | avg train loss 0.7984 top1 0.9634 top5 0.9997
    [22:12:02] step 3350/11249 | avg train loss 0.7983 top1 0.9634 top5 0.9997
    [22:12:15] step 3400/11249 | avg train loss 0.7988 top1 0.9632 top5 0.9997
    [22:12:28] step 3450/11249 | avg train loss 0.7985 top1 0.9633 top5 0.9997
    [22:12:41] step 3500/11249 | avg train loss 0.7984 top1 0.9634 top5 0.9997
    [22:12:54] step 3550/11249 | avg train loss 0.7988 top1 0.9633 top5 0.9997
    [22:13:07] step 3600/11249 | avg train loss 0.7989 top1 0.9631 top5 0.9997
    [22:13:20] step 3650/11249 | avg train loss 0.7986 top1 0.9632 top5 0.9997
    [22:13:33] step 3700/11249 | avg train loss 0.7989 top1 0.9632 top5 0.9997
    [22:13:46] step 3750/11249 | avg train loss 0.7991 top1 0.9629 top5 0.9997
    [22:13:59] step 3800/11249 | avg train loss 0.7987 top1 0.9632 top5 0.9997
    [22:14:12] step 3850/11249 | avg train loss 0.7984 top1 0.9634 top5 0.9997
    [22:14:25] step 3900/11249 | avg train loss 0.7986 top1 0.9632 top5 0.9997
    [22:14:38] step 3950/11249 | avg train loss 0.7988 top1 0.9630 top5 0.9997
    [22:14:51] step 4000/11249 | avg train loss 0.7990 top1 0.9627 top5 0.9997
    [22:15:04] step 4050/11249 | avg train loss 0.7992 top1 0.9625 top5 0.9997
    [22:15:17] step 4100/11249 | avg train loss 0.7985 top1 0.9629 top5 0.9997
    [22:15:30] step 4150/11249 | avg train loss 0.7980 top1 0.9631 top5 0.9997
    [22:15:43] step 4200/11249 | avg train loss 0.7977 top1 0.9633 top5 0.9997
    [22:15:56] step 4250/11249 | avg train loss 0.7978 top1 0.9632 top5 0.9997
    [22:16:09] step 4300/11249 | avg train loss 0.7980 top1 0.9631 top5 0.9997
    [22:16:22] step 4350/11249 | avg train loss 0.7981 top1 0.9630 top5 0.9997
    [22:16:35] step 4400/11249 | avg train loss 0.7991 top1 0.9626 top5 0.9996
    [22:16:48] step 4450/11249 | avg train loss 0.7994 top1 0.9624 top5 0.9996
    [22:17:00] step 4500/11249 | avg train loss 0.7989 top1 0.9627 top5 0.9996
    [22:17:13] step 4550/11249 | avg train loss 0.7984 top1 0.9628 top5 0.9996
    [22:17:26] step 4600/11249 | avg train loss 0.7984 top1 0.9628 top5 0.9996
    [22:17:39] step 4650/11249 | avg train loss 0.7984 top1 0.9628 top5 0.9996
    [22:17:52] step 4700/11249 | avg train loss 0.7990 top1 0.9624 top5 0.9996
    [22:18:05] step 4750/11249 | avg train loss 0.7989 top1 0.9624 top5 0.9996
    [22:18:18] step 4800/11249 | avg train loss 0.7992 top1 0.9623 top5 0.9996
    [22:18:31] step 4850/11249 | avg train loss 0.7987 top1 0.9625 top5 0.9996
    [22:18:44] step 4900/11249 | avg train loss 0.7985 top1 0.9625 top5 0.9996
    [22:18:57] step 4950/11249 | avg train loss 0.7984 top1 0.9625 top5 0.9996
    [22:19:10] step 5000/11249 | avg train loss 0.7986 top1 0.9626 top5 0.9996
    [22:19:23] step 5050/11249 | avg train loss 0.7994 top1 0.9622 top5 0.9996
    [22:19:36] step 5100/11249 | avg train loss 0.7997 top1 0.9620 top5 0.9996
    [22:19:49] step 5150/11249 | avg train loss 0.8001 top1 0.9616 top5 0.9996
    [22:20:02] step 5200/11249 | avg train loss 0.8004 top1 0.9614 top5 0.9996
    [22:20:15] step 5250/11249 | avg train loss 0.8007 top1 0.9613 top5 0.9996
    [22:20:28] step 5300/11249 | avg train loss 0.8006 top1 0.9613 top5 0.9996
    [22:20:41] step 5350/11249 | avg train loss 0.8009 top1 0.9612 top5 0.9996
    [22:20:54] step 5400/11249 | avg train loss 0.8011 top1 0.9610 top5 0.9996
    [22:21:07] step 5450/11249 | avg train loss 0.8015 top1 0.9608 top5 0.9996
    [22:21:20] step 5500/11249 | avg train loss 0.8019 top1 0.9607 top5 0.9996
    [22:21:33] step 5550/11249 | avg train loss 0.8017 top1 0.9608 top5 0.9996
    [22:21:46] step 5600/11249 | avg train loss 0.8020 top1 0.9606 top5 0.9996
    [22:21:59] step 5650/11249 | avg train loss 0.8025 top1 0.9604 top5 0.9996
    [22:22:12] step 5700/11249 | avg train loss 0.8029 top1 0.9603 top5 0.9996
    [22:22:25] step 5750/11249 | avg train loss 0.8028 top1 0.9603 top5 0.9997
    [22:22:38] step 5800/11249 | avg train loss 0.8024 top1 0.9605 top5 0.9997
    [22:22:51] step 5850/11249 | avg train loss 0.8024 top1 0.9605 top5 0.9997
    [22:23:04] step 5900/11249 | avg train loss 0.8021 top1 0.9606 top5 0.9997
    [22:23:17] step 5950/11249 | avg train loss 0.8023 top1 0.9605 top5 0.9997
    [22:23:30] step 6000/11249 | avg train loss 0.8025 top1 0.9605 top5 0.9997
    [22:23:43] step 6050/11249 | avg train loss 0.8025 top1 0.9604 top5 0.9997
    [22:23:56] step 6100/11249 | avg train loss 0.8027 top1 0.9604 top5 0.9997
    [22:24:09] step 6150/11249 | avg train loss 0.8028 top1 0.9603 top5 0.9997
    [22:24:22] step 6200/11249 | avg train loss 0.8032 top1 0.9601 top5 0.9997
    [22:24:35] step 6250/11249 | avg train loss 0.8035 top1 0.9600 top5 0.9996
    [22:24:48] step 6300/11249 | avg train loss 0.8040 top1 0.9598 top5 0.9996
    [22:25:01] step 6350/11249 | avg train loss 0.8045 top1 0.9595 top5 0.9996
    [22:25:14] step 6400/11249 | avg train loss 0.8045 top1 0.9595 top5 0.9996
    [22:25:27] step 6450/11249 | avg train loss 0.8046 top1 0.9595 top5 0.9997
    [22:25:40] step 6500/11249 | avg train loss 0.8048 top1 0.9594 top5 0.9997
    [22:25:53] step 6550/11249 | avg train loss 0.8047 top1 0.9594 top5 0.9997
    [22:26:06] step 6600/11249 | avg train loss 0.8047 top1 0.9593 top5 0.9997
    [22:26:19] step 6650/11249 | avg train loss 0.8049 top1 0.9593 top5 0.9997
    [22:26:32] step 6700/11249 | avg train loss 0.8045 top1 0.9594 top5 0.9997
    [22:26:45] step 6750/11249 | avg train loss 0.8047 top1 0.9594 top5 0.9997
    [22:26:58] step 6800/11249 | avg train loss 0.8050 top1 0.9592 top5 0.9997
    [22:27:11] step 6850/11249 | avg train loss 0.8054 top1 0.9590 top5 0.9997
    [22:27:24] step 6900/11249 | avg train loss 0.8056 top1 0.9588 top5 0.9997
    [22:27:37] step 6950/11249 | avg train loss 0.8056 top1 0.9588 top5 0.9996
    [22:27:50] step 7000/11249 | avg train loss 0.8056 top1 0.9587 top5 0.9996
    [22:28:03] step 7050/11249 | avg train loss 0.8058 top1 0.9587 top5 0.9996
    [22:28:16] step 7100/11249 | avg train loss 0.8059 top1 0.9586 top5 0.9996
    [22:28:29] step 7150/11249 | avg train loss 0.8061 top1 0.9586 top5 0.9996
    [22:28:42] step 7200/11249 | avg train loss 0.8061 top1 0.9587 top5 0.9996
    [22:28:55] step 7250/11249 | avg train loss 0.8062 top1 0.9586 top5 0.9996
    [22:29:07] step 7300/11249 | avg train loss 0.8063 top1 0.9585 top5 0.9996
    [22:29:20] step 7350/11249 | avg train loss 0.8065 top1 0.9583 top5 0.9996
    [22:29:33] step 7400/11249 | avg train loss 0.8068 top1 0.9581 top5 0.9996
    [22:29:46] step 7450/11249 | avg train loss 0.8070 top1 0.9580 top5 0.9996
    [22:29:59] step 7500/11249 | avg train loss 0.8072 top1 0.9579 top5 0.9996
    [22:30:12] step 7550/11249 | avg train loss 0.8072 top1 0.9579 top5 0.9996
    [22:30:25] step 7600/11249 | avg train loss 0.8073 top1 0.9578 top5 0.9996
    [22:30:38] step 7650/11249 | avg train loss 0.8073 top1 0.9579 top5 0.9996
    [22:30:51] step 7700/11249 | avg train loss 0.8074 top1 0.9578 top5 0.9996
    [22:31:04] step 7750/11249 | avg train loss 0.8075 top1 0.9577 top5 0.9996
    [22:31:17] step 7800/11249 | avg train loss 0.8076 top1 0.9576 top5 0.9996
    [22:31:30] step 7850/11249 | avg train loss 0.8076 top1 0.9576 top5 0.9996
    [22:31:43] step 7900/11249 | avg train loss 0.8076 top1 0.9576 top5 0.9996
    [22:31:56] step 7950/11249 | avg train loss 0.8077 top1 0.9576 top5 0.9996
    [22:32:09] step 8000/11249 | avg train loss 0.8077 top1 0.9576 top5 0.9996
    [22:32:22] step 8050/11249 | avg train loss 0.8080 top1 0.9575 top5 0.9996
    [22:32:35] step 8100/11249 | avg train loss 0.8083 top1 0.9574 top5 0.9996
    [22:32:48] step 8150/11249 | avg train loss 0.8083 top1 0.9574 top5 0.9996
    [22:33:01] step 8200/11249 | avg train loss 0.8081 top1 0.9575 top5 0.9996
    [22:33:14] step 8250/11249 | avg train loss 0.8083 top1 0.9575 top5 0.9995
    [22:33:27] step 8300/11249 | avg train loss 0.8085 top1 0.9574 top5 0.9995
    [22:33:40] step 8350/11249 | avg train loss 0.8085 top1 0.9574 top5 0.9996
    [22:33:53] step 8400/11249 | avg train loss 0.8090 top1 0.9572 top5 0.9995
    [22:34:06] step 8450/11249 | avg train loss 0.8092 top1 0.9572 top5 0.9995
    [22:34:19] step 8500/11249 | avg train loss 0.8091 top1 0.9572 top5 0.9995
    [22:34:32] step 8550/11249 | avg train loss 0.8091 top1 0.9573 top5 0.9995
    [22:34:45] step 8600/11249 | avg train loss 0.8091 top1 0.9571 top5 0.9995
    [22:34:58] step 8650/11249 | avg train loss 0.8091 top1 0.9571 top5 0.9995
    [22:35:11] step 8700/11249 | avg train loss 0.8092 top1 0.9570 top5 0.9995
    [22:35:24] step 8750/11249 | avg train loss 0.8092 top1 0.9570 top5 0.9995
    [22:35:37] step 8800/11249 | avg train loss 0.8095 top1 0.9568 top5 0.9995
    [22:35:50] step 8850/11249 | avg train loss 0.8095 top1 0.9568 top5 0.9995
    [22:36:03] step 8900/11249 | avg train loss 0.8094 top1 0.9569 top5 0.9996
    [22:36:16] step 8950/11249 | avg train loss 0.8096 top1 0.9567 top5 0.9996
    [22:36:29] step 9000/11249 | avg train loss 0.8099 top1 0.9566 top5 0.9995
    [22:36:42] step 9050/11249 | avg train loss 0.8102 top1 0.9565 top5 0.9995
    [22:36:55] step 9100/11249 | avg train loss 0.8106 top1 0.9564 top5 0.9995
    [22:37:08] step 9150/11249 | avg train loss 0.8107 top1 0.9564 top5 0.9995
    [22:37:21] step 9200/11249 | avg train loss 0.8107 top1 0.9564 top5 0.9995
    [22:37:34] step 9250/11249 | avg train loss 0.8106 top1 0.9565 top5 0.9995
    [22:37:47] step 9300/11249 | avg train loss 0.8109 top1 0.9564 top5 0.9995
    [22:38:00] step 9350/11249 | avg train loss 0.8110 top1 0.9563 top5 0.9995
    [22:38:13] step 9400/11249 | avg train loss 0.8111 top1 0.9563 top5 0.9995
    [22:38:26] step 9450/11249 | avg train loss 0.8112 top1 0.9563 top5 0.9996
    [22:38:39] step 9500/11249 | avg train loss 0.8114 top1 0.9563 top5 0.9996
    [22:38:52] step 9550/11249 | avg train loss 0.8116 top1 0.9562 top5 0.9996
    [22:39:05] step 9600/11249 | avg train loss 0.8118 top1 0.9561 top5 0.9996
    [22:39:18] step 9650/11249 | avg train loss 0.8118 top1 0.9561 top5 0.9996
    [22:39:31] step 9700/11249 | avg train loss 0.8118 top1 0.9561 top5 0.9996
    [22:39:44] step 9750/11249 | avg train loss 0.8121 top1 0.9560 top5 0.9996
    [22:39:57] step 9800/11249 | avg train loss 0.8121 top1 0.9560 top5 0.9996
    [22:40:10] step 9850/11249 | avg train loss 0.8121 top1 0.9559 top5 0.9996
    [22:40:23] step 9900/11249 | avg train loss 0.8125 top1 0.9558 top5 0.9996
    [22:40:36] step 9950/11249 | avg train loss 0.8126 top1 0.9557 top5 0.9996
    [22:40:49] step 10000/11249 | avg train loss 0.8125 top1 0.9557 top5 0.9996
    [22:41:02] step 10050/11249 | avg train loss 0.8129 top1 0.9556 top5 0.9996
    [22:41:15] step 10100/11249 | avg train loss 0.8131 top1 0.9555 top5 0.9996
    [22:41:28] step 10150/11249 | avg train loss 0.8135 top1 0.9554 top5 0.9996
    [22:41:41] step 10200/11249 | avg train loss 0.8133 top1 0.9555 top5 0.9996
    [22:41:54] step 10250/11249 | avg train loss 0.8132 top1 0.9555 top5 0.9996
    [22:42:07] step 10300/11249 | avg train loss 0.8132 top1 0.9555 top5 0.9995
    [22:42:20] step 10350/11249 | avg train loss 0.8130 top1 0.9555 top5 0.9995
    [22:42:33] step 10400/11249 | avg train loss 0.8132 top1 0.9554 top5 0.9995
    [22:42:46] step 10450/11249 | avg train loss 0.8133 top1 0.9554 top5 0.9995
    [22:42:58] step 10500/11249 | avg train loss 0.8132 top1 0.9555 top5 0.9995
    [22:43:11] step 10550/11249 | avg train loss 0.8133 top1 0.9555 top5 0.9995
    [22:43:24] step 10600/11249 | avg train loss 0.8135 top1 0.9554 top5 0.9995
    [22:43:37] step 10650/11249 | avg train loss 0.8135 top1 0.9553 top5 0.9995
    [22:43:50] step 10700/11249 | avg train loss 0.8134 top1 0.9554 top5 0.9995
    [22:44:03] step 10750/11249 | avg train loss 0.8134 top1 0.9553 top5 0.9995
    [22:44:16] step 10800/11249 | avg train loss 0.8135 top1 0.9552 top5 0.9995
    [22:44:29] step 10850/11249 | avg train loss 0.8135 top1 0.9553 top5 0.9995
    [22:44:42] step 10900/11249 | avg train loss 0.8137 top1 0.9552 top5 0.9995
    [22:44:55] step 10950/11249 | avg train loss 0.8139 top1 0.9551 top5 0.9995
    [22:45:08] step 11000/11249 | avg train loss 0.8142 top1 0.9549 top5 0.9995
    [22:45:21] step 11050/11249 | avg train loss 0.8144 top1 0.9548 top5 0.9995
    [22:45:34] step 11100/11249 | avg train loss 0.8147 top1 0.9547 top5 0.9995
    [22:45:47] step 11150/11249 | avg train loss 0.8145 top1 0.9548 top5 0.9995
    [22:46:00] step 11200/11249 | avg train loss 0.8145 top1 0.9547 top5 0.9995
    [22:46:13] step 11249/11249 | avg train loss 0.8147 top1 0.9547 top5 0.9995
Epoch 10/15 | train loss 0.8147 top1 0.9547 | val loss 1.3795 top1 0.6461 top5 0.8796 | ema val top1 0.6642 top5 0.8918
    [22:57:28] step 50/11249 | avg train loss 0.7800 top1 0.9700 top5 1.0000
    [22:57:41] step 100/11249 | avg train loss 0.7692 top1 0.9750 top5 1.0000
    [22:57:54] step 150/11249 | avg train loss 0.7579 top1 0.9817 top5 1.0000
    [22:58:07] step 200/11249 | avg train loss 0.7602 top1 0.9762 top5 1.0000
    [22:58:20] step 250/11249 | avg train loss 0.7581 top1 0.9760 top5 1.0000
    [22:58:33] step 300/11249 | avg train loss 0.7540 top1 0.9783 top5 1.0000
    [22:58:46] step 350/11249 | avg train loss 0.7491 top1 0.9814 top5 1.0000
    [22:58:59] step 400/11249 | avg train loss 0.7467 top1 0.9831 top5 1.0000
    [22:59:12] step 450/11249 | avg train loss 0.7449 top1 0.9839 top5 1.0000
    [22:59:25] step 500/11249 | avg train loss 0.7472 top1 0.9825 top5 1.0000
    [22:59:38] step 550/11249 | avg train loss 0.7448 top1 0.9836 top5 1.0000
    [22:59:51] step 600/11249 | avg train loss 0.7449 top1 0.9838 top5 1.0000
    [23:00:04] step 650/11249 | avg train loss 0.7462 top1 0.9819 top5 1.0000
    [23:00:17] step 700/11249 | avg train loss 0.7460 top1 0.9814 top5 1.0000
    [23:00:30] step 750/11249 | avg train loss 0.7454 top1 0.9820 top5 1.0000
    [23:00:43] step 800/11249 | avg train loss 0.7448 top1 0.9825 top5 1.0000
    [23:00:56] step 850/11249 | avg train loss 0.7466 top1 0.9815 top5 1.0000
    [23:01:09] step 900/11249 | avg train loss 0.7464 top1 0.9817 top5 1.0000
    [23:01:22] step 950/11249 | avg train loss 0.7458 top1 0.9821 top5 1.0000
    [23:01:35] step 1000/11249 | avg train loss 0.7463 top1 0.9820 top5 1.0000
    [23:01:48] step 1050/11249 | avg train loss 0.7468 top1 0.9819 top5 1.0000
    [23:02:01] step 1100/11249 | avg train loss 0.7469 top1 0.9820 top5 1.0000
    [23:02:14] step 1150/11249 | avg train loss 0.7457 top1 0.9820 top5 1.0000
    [23:02:27] step 1200/11249 | avg train loss 0.7460 top1 0.9823 top5 1.0000
    [23:02:40] step 1250/11249 | avg train loss 0.7460 top1 0.9824 top5 1.0000
    [23:02:53] step 1300/11249 | avg train loss 0.7461 top1 0.9825 top5 1.0000
    [23:03:06] step 1350/11249 | avg train loss 0.7464 top1 0.9826 top5 1.0000
    [23:03:19] step 1400/11249 | avg train loss 0.7460 top1 0.9821 top5 1.0000
    [23:03:32] step 1450/11249 | avg train loss 0.7456 top1 0.9822 top5 1.0000
    [23:03:45] step 1500/11249 | avg train loss 0.7469 top1 0.9818 top5 1.0000
    [23:03:58] step 1550/11249 | avg train loss 0.7472 top1 0.9816 top5 1.0000
    [23:04:11] step 1600/11249 | avg train loss 0.7478 top1 0.9812 top5 1.0000
    [23:04:24] step 1650/11249 | avg train loss 0.7481 top1 0.9809 top5 1.0000
    [23:04:37] step 1700/11249 | avg train loss 0.7477 top1 0.9812 top5 1.0000
    [23:04:50] step 1750/11249 | avg train loss 0.7475 top1 0.9811 top5 1.0000
    [23:05:03] step 1800/11249 | avg train loss 0.7469 top1 0.9814 top5 1.0000
    [23:05:16] step 1850/11249 | avg train loss 0.7467 top1 0.9815 top5 1.0000
    [23:05:29] step 1900/11249 | avg train loss 0.7463 top1 0.9817 top5 1.0000
    [23:05:42] step 1950/11249 | avg train loss 0.7460 top1 0.9819 top5 1.0000
    [23:05:55] step 2000/11249 | avg train loss 0.7459 top1 0.9818 top5 1.0000
    [23:06:08] step 2050/11249 | avg train loss 0.7457 top1 0.9818 top5 1.0000
    [23:06:21] step 2100/11249 | avg train loss 0.7467 top1 0.9815 top5 1.0000
    [23:06:34] step 2150/11249 | avg train loss 0.7462 top1 0.9817 top5 1.0000
    [23:06:47] step 2200/11249 | avg train loss 0.7464 top1 0.9818 top5 1.0000
    [23:07:00] step 2250/11249 | avg train loss 0.7464 top1 0.9817 top5 1.0000
    [23:07:13] step 2300/11249 | avg train loss 0.7465 top1 0.9815 top5 1.0000
    [23:07:26] step 2350/11249 | avg train loss 0.7464 top1 0.9817 top5 1.0000
    [23:07:39] step 2400/11249 | avg train loss 0.7460 top1 0.9818 top5 1.0000
    [23:07:52] step 2450/11249 | avg train loss 0.7466 top1 0.9814 top5 1.0000
    [23:08:05] step 2500/11249 | avg train loss 0.7465 top1 0.9814 top5 1.0000
    [23:08:18] step 2550/11249 | avg train loss 0.7462 top1 0.9815 top5 1.0000
    [23:08:31] step 2600/11249 | avg train loss 0.7463 top1 0.9815 top5 1.0000
    [23:08:44] step 2650/11249 | avg train loss 0.7466 top1 0.9814 top5 1.0000
    [23:08:57] step 2700/11249 | avg train loss 0.7462 top1 0.9816 top5 1.0000
    [23:09:10] step 2750/11249 | avg train loss 0.7468 top1 0.9813 top5 1.0000
    [23:09:23] step 2800/11249 | avg train loss 0.7474 top1 0.9812 top5 1.0000
    [23:09:36] step 2850/11249 | avg train loss 0.7477 top1 0.9811 top5 1.0000
    [23:09:49] step 2900/11249 | avg train loss 0.7476 top1 0.9810 top5 1.0000
    [23:10:02] step 2950/11249 | avg train loss 0.7476 top1 0.9811 top5 1.0000
    [23:10:15] step 3000/11249 | avg train loss 0.7480 top1 0.9809 top5 0.9999
    [23:10:28] step 3050/11249 | avg train loss 0.7484 top1 0.9807 top5 0.9999
    [23:10:41] step 3100/11249 | avg train loss 0.7486 top1 0.9809 top5 0.9999
    [23:10:54] step 3150/11249 | avg train loss 0.7495 top1 0.9805 top5 0.9999
    [23:11:07] step 3200/11249 | avg train loss 0.7495 top1 0.9804 top5 0.9999
    [23:11:20] step 3250/11249 | avg train loss 0.7495 top1 0.9802 top5 0.9999
    [23:11:33] step 3300/11249 | avg train loss 0.7492 top1 0.9805 top5 0.9999
    [23:11:46] step 3350/11249 | avg train loss 0.7488 top1 0.9807 top5 0.9999
    [23:11:59] step 3400/11249 | avg train loss 0.7488 top1 0.9807 top5 0.9999
    [23:12:12] step 3450/11249 | avg train loss 0.7486 top1 0.9807 top5 0.9999
    [23:12:25] step 3500/11249 | avg train loss 0.7484 top1 0.9806 top5 0.9999
    [23:12:38] step 3550/11249 | avg train loss 0.7479 top1 0.9808 top5 0.9999
    [23:12:51] step 3600/11249 | avg train loss 0.7481 top1 0.9808 top5 0.9999
    [23:13:04] step 3650/11249 | avg train loss 0.7484 top1 0.9806 top5 0.9999
    [23:13:17] step 3700/11249 | avg train loss 0.7484 top1 0.9807 top5 0.9999
    [23:13:30] step 3750/11249 | avg train loss 0.7486 top1 0.9805 top5 0.9999
    [23:13:43] step 3800/11249 | avg train loss 0.7490 top1 0.9803 top5 0.9999
    [23:13:56] step 3850/11249 | avg train loss 0.7494 top1 0.9801 top5 0.9999
    [23:14:09] step 3900/11249 | avg train loss 0.7496 top1 0.9801 top5 0.9999
    [23:14:22] step 3950/11249 | avg train loss 0.7505 top1 0.9799 top5 0.9999
    [23:14:35] step 4000/11249 | avg train loss 0.7510 top1 0.9798 top5 0.9999
    [23:14:48] step 4050/11249 | avg train loss 0.7512 top1 0.9797 top5 0.9999
    [23:15:01] step 4100/11249 | avg train loss 0.7518 top1 0.9793 top5 0.9999
    [23:15:14] step 4150/11249 | avg train loss 0.7518 top1 0.9793 top5 0.9999
    [23:15:27] step 4200/11249 | avg train loss 0.7520 top1 0.9790 top5 0.9999
    [23:15:40] step 4250/11249 | avg train loss 0.7521 top1 0.9790 top5 0.9999
    [23:15:53] step 4300/11249 | avg train loss 0.7522 top1 0.9790 top5 0.9999
    [23:16:06] step 4350/11249 | avg train loss 0.7523 top1 0.9790 top5 0.9999
    [23:16:19] step 4400/11249 | avg train loss 0.7532 top1 0.9786 top5 0.9999
    [23:16:32] step 4450/11249 | avg train loss 0.7531 top1 0.9787 top5 0.9999
    [23:16:45] step 4500/11249 | avg train loss 0.7534 top1 0.9784 top5 0.9999
    [23:16:58] step 4550/11249 | avg train loss 0.7537 top1 0.9781 top5 0.9999
    [23:17:11] step 4600/11249 | avg train loss 0.7535 top1 0.9783 top5 0.9999
    [23:17:24] step 4650/11249 | avg train loss 0.7538 top1 0.9783 top5 0.9999
    [23:17:37] step 4700/11249 | avg train loss 0.7537 top1 0.9783 top5 0.9999
    [23:17:50] step 4750/11249 | avg train loss 0.7537 top1 0.9783 top5 0.9999
    [23:18:03] step 4800/11249 | avg train loss 0.7541 top1 0.9781 top5 0.9999
    [23:18:16] step 4850/11249 | avg train loss 0.7543 top1 0.9780 top5 0.9999
    [23:18:28] step 4900/11249 | avg train loss 0.7542 top1 0.9781 top5 0.9999
    [23:18:41] step 4950/11249 | avg train loss 0.7542 top1 0.9781 top5 0.9999
    [23:18:54] step 5000/11249 | avg train loss 0.7542 top1 0.9781 top5 0.9999
    [23:19:07] step 5050/11249 | avg train loss 0.7545 top1 0.9779 top5 0.9999
    [23:19:20] step 5100/11249 | avg train loss 0.7544 top1 0.9780 top5 0.9999
    [23:19:33] step 5150/11249 | avg train loss 0.7541 top1 0.9782 top5 0.9999
    [23:19:46] step 5200/11249 | avg train loss 0.7540 top1 0.9782 top5 0.9999
    [23:19:59] step 5250/11249 | avg train loss 0.7539 top1 0.9782 top5 0.9999
    [23:20:12] step 5300/11249 | avg train loss 0.7538 top1 0.9783 top5 0.9999
    [23:20:25] step 5350/11249 | avg train loss 0.7537 top1 0.9785 top5 0.9999
    [23:20:38] step 5400/11249 | avg train loss 0.7540 top1 0.9783 top5 0.9999
    [23:20:51] step 5450/11249 | avg train loss 0.7540 top1 0.9784 top5 0.9999
    [23:21:04] step 5500/11249 | avg train loss 0.7539 top1 0.9785 top5 0.9999
    [23:21:17] step 5550/11249 | avg train loss 0.7540 top1 0.9784 top5 0.9999
    [23:21:30] step 5600/11249 | avg train loss 0.7541 top1 0.9783 top5 0.9999
    [23:21:43] step 5650/11249 | avg train loss 0.7542 top1 0.9783 top5 0.9999
    [23:21:56] step 5700/11249 | avg train loss 0.7541 top1 0.9783 top5 0.9999
    [23:22:09] step 5750/11249 | avg train loss 0.7541 top1 0.9783 top5 0.9999
    [23:22:22] step 5800/11249 | avg train loss 0.7539 top1 0.9784 top5 0.9999
    [23:22:35] step 5850/11249 | avg train loss 0.7540 top1 0.9782 top5 0.9999
    [23:22:48] step 5900/11249 | avg train loss 0.7542 top1 0.9781 top5 0.9999
    [23:23:01] step 5950/11249 | avg train loss 0.7542 top1 0.9781 top5 0.9999
    [23:23:14] step 6000/11249 | avg train loss 0.7541 top1 0.9781 top5 0.9999
    [23:23:27] step 6050/11249 | avg train loss 0.7543 top1 0.9780 top5 0.9999
    [23:23:40] step 6100/11249 | avg train loss 0.7542 top1 0.9780 top5 0.9999
    [23:23:53] step 6150/11249 | avg train loss 0.7546 top1 0.9778 top5 0.9999
    [23:24:06] step 6200/11249 | avg train loss 0.7549 top1 0.9776 top5 0.9999
    [23:24:19] step 6250/11249 | avg train loss 0.7552 top1 0.9776 top5 0.9999
    [23:24:32] step 6300/11249 | avg train loss 0.7554 top1 0.9775 top5 0.9999
    [23:24:45] step 6350/11249 | avg train loss 0.7553 top1 0.9775 top5 0.9999
    [23:24:58] step 6400/11249 | avg train loss 0.7552 top1 0.9775 top5 0.9999
    [23:25:11] step 6450/11249 | avg train loss 0.7554 top1 0.9775 top5 0.9999
    [23:25:24] step 6500/11249 | avg train loss 0.7555 top1 0.9775 top5 0.9999
    [23:25:37] step 6550/11249 | avg train loss 0.7560 top1 0.9773 top5 0.9999
    [23:25:50] step 6600/11249 | avg train loss 0.7559 top1 0.9774 top5 0.9999
    [23:26:03] step 6650/11249 | avg train loss 0.7559 top1 0.9773 top5 0.9999
    [23:26:16] step 6700/11249 | avg train loss 0.7559 top1 0.9774 top5 0.9999
    [23:26:29] step 6750/11249 | avg train loss 0.7558 top1 0.9774 top5 0.9999
    [23:26:42] step 6800/11249 | avg train loss 0.7558 top1 0.9774 top5 0.9999
    [23:26:55] step 6850/11249 | avg train loss 0.7563 top1 0.9773 top5 0.9999
    [23:27:08] step 6900/11249 | avg train loss 0.7565 top1 0.9772 top5 0.9999
    [23:27:21] step 6950/11249 | avg train loss 0.7566 top1 0.9771 top5 0.9999
    [23:27:34] step 7000/11249 | avg train loss 0.7566 top1 0.9771 top5 0.9999
    [23:27:47] step 7050/11249 | avg train loss 0.7568 top1 0.9770 top5 0.9999
    [23:28:00] step 7100/11249 | avg train loss 0.7569 top1 0.9770 top5 0.9999
    [23:28:13] step 7150/11249 | avg train loss 0.7569 top1 0.9770 top5 0.9999
    [23:28:26] step 7200/11249 | avg train loss 0.7572 top1 0.9769 top5 0.9999
    [23:28:39] step 7250/11249 | avg train loss 0.7572 top1 0.9769 top5 0.9999
    [23:28:52] step 7300/11249 | avg train loss 0.7576 top1 0.9766 top5 0.9999
    [23:29:05] step 7350/11249 | avg train loss 0.7575 top1 0.9766 top5 0.9999
    [23:29:18] step 7400/11249 | avg train loss 0.7573 top1 0.9767 top5 0.9999
    [23:29:31] step 7450/11249 | avg train loss 0.7574 top1 0.9767 top5 0.9999
    [23:29:44] step 7500/11249 | avg train loss 0.7572 top1 0.9767 top5 0.9999
    [23:29:57] step 7550/11249 | avg train loss 0.7572 top1 0.9768 top5 0.9999
    [23:30:10] step 7600/11249 | avg train loss 0.7572 top1 0.9768 top5 0.9999
    [23:30:23] step 7650/11249 | avg train loss 0.7571 top1 0.9768 top5 0.9999
    [23:30:36] step 7700/11249 | avg train loss 0.7573 top1 0.9767 top5 0.9999
    [23:30:49] step 7750/11249 | avg train loss 0.7574 top1 0.9766 top5 0.9999
    [23:31:02] step 7800/11249 | avg train loss 0.7575 top1 0.9765 top5 0.9999
    [23:31:15] step 7850/11249 | avg train loss 0.7575 top1 0.9765 top5 0.9999
    [23:31:28] step 7900/11249 | avg train loss 0.7573 top1 0.9765 top5 0.9999
    [23:31:41] step 7950/11249 | avg train loss 0.7572 top1 0.9765 top5 0.9999
    [23:31:54] step 8000/11249 | avg train loss 0.7572 top1 0.9765 top5 0.9999
    [23:32:07] step 8050/11249 | avg train loss 0.7572 top1 0.9765 top5 0.9999
    [23:32:20] step 8100/11249 | avg train loss 0.7571 top1 0.9765 top5 0.9999
    [23:32:33] step 8150/11249 | avg train loss 0.7571 top1 0.9766 top5 0.9999
    [23:32:46] step 8200/11249 | avg train loss 0.7572 top1 0.9765 top5 0.9999
    [23:32:59] step 8250/11249 | avg train loss 0.7573 top1 0.9765 top5 0.9999
    [23:33:12] step 8300/11249 | avg train loss 0.7575 top1 0.9764 top5 0.9999
    [23:33:25] step 8350/11249 | avg train loss 0.7578 top1 0.9762 top5 0.9999
    [23:33:38] step 8400/11249 | avg train loss 0.7578 top1 0.9762 top5 0.9999
    [23:33:51] step 8450/11249 | avg train loss 0.7577 top1 0.9762 top5 0.9999
    [23:34:04] step 8500/11249 | avg train loss 0.7579 top1 0.9761 top5 0.9999
    [23:34:17] step 8550/11249 | avg train loss 0.7579 top1 0.9760 top5 0.9999
    [23:34:30] step 8600/11249 | avg train loss 0.7579 top1 0.9760 top5 0.9999
    [23:34:43] step 8650/11249 | avg train loss 0.7580 top1 0.9760 top5 0.9999
    [23:34:56] step 8700/11249 | avg train loss 0.7578 top1 0.9761 top5 0.9999
    [23:35:09] step 8750/11249 | avg train loss 0.7579 top1 0.9761 top5 0.9999
    [23:35:22] step 8800/11249 | avg train loss 0.7579 top1 0.9761 top5 0.9999
    [23:35:35] step 8850/11249 | avg train loss 0.7578 top1 0.9761 top5 0.9999
    [23:35:48] step 8900/11249 | avg train loss 0.7579 top1 0.9761 top5 0.9999
    [23:36:01] step 8950/11249 | avg train loss 0.7581 top1 0.9760 top5 0.9999
    [23:36:14] step 9000/11249 | avg train loss 0.7579 top1 0.9761 top5 0.9999
    [23:36:27] step 9050/11249 | avg train loss 0.7580 top1 0.9761 top5 0.9999
    [23:36:40] step 9100/11249 | avg train loss 0.7582 top1 0.9761 top5 0.9999
    [23:36:53] step 9150/11249 | avg train loss 0.7582 top1 0.9760 top5 0.9999
    [23:37:06] step 9200/11249 | avg train loss 0.7582 top1 0.9760 top5 0.9999
    [23:37:19] step 9250/11249 | avg train loss 0.7585 top1 0.9760 top5 0.9999
    [23:37:32] step 9300/11249 | avg train loss 0.7585 top1 0.9759 top5 0.9999
    [23:37:45] step 9350/11249 | avg train loss 0.7585 top1 0.9759 top5 0.9999
    [23:37:58] step 9400/11249 | avg train loss 0.7585 top1 0.9759 top5 0.9999
    [23:38:11] step 9450/11249 | avg train loss 0.7585 top1 0.9760 top5 0.9999
    [23:38:24] step 9500/11249 | avg train loss 0.7584 top1 0.9760 top5 0.9999
    [23:38:37] step 9550/11249 | avg train loss 0.7584 top1 0.9759 top5 0.9999
    [23:38:50] step 9600/11249 | avg train loss 0.7584 top1 0.9759 top5 0.9999
    [23:39:03] step 9650/11249 | avg train loss 0.7585 top1 0.9759 top5 0.9999
    [23:39:16] step 9700/11249 | avg train loss 0.7587 top1 0.9757 top5 0.9999
    [23:39:29] step 9750/11249 | avg train loss 0.7586 top1 0.9758 top5 0.9999
    [23:39:42] step 9800/11249 | avg train loss 0.7587 top1 0.9758 top5 0.9999
    [23:39:55] step 9850/11249 | avg train loss 0.7588 top1 0.9757 top5 0.9999
    [23:40:08] step 9900/11249 | avg train loss 0.7589 top1 0.9757 top5 0.9999
    [23:40:21] step 9950/11249 | avg train loss 0.7588 top1 0.9758 top5 0.9999
    [23:40:34] step 10000/11249 | avg train loss 0.7589 top1 0.9757 top5 0.9999
    [23:40:47] step 10050/11249 | avg train loss 0.7590 top1 0.9757 top5 0.9999
    [23:41:00] step 10100/11249 | avg train loss 0.7591 top1 0.9757 top5 0.9998
    [23:41:13] step 10150/11249 | avg train loss 0.7592 top1 0.9757 top5 0.9998
    [23:41:26] step 10200/11249 | avg train loss 0.7593 top1 0.9756 top5 0.9998
    [23:41:39] step 10250/11249 | avg train loss 0.7593 top1 0.9756 top5 0.9998
    [23:41:52] step 10300/11249 | avg train loss 0.7594 top1 0.9756 top5 0.9998
    [23:42:05] step 10350/11249 | avg train loss 0.7595 top1 0.9755 top5 0.9998
    [23:42:18] step 10400/11249 | avg train loss 0.7595 top1 0.9754 top5 0.9998
    [23:42:31] step 10450/11249 | avg train loss 0.7595 top1 0.9754 top5 0.9998
    [23:42:44] step 10500/11249 | avg train loss 0.7595 top1 0.9754 top5 0.9998
    [23:42:57] step 10550/11249 | avg train loss 0.7597 top1 0.9754 top5 0.9998
    [23:43:10] step 10600/11249 | avg train loss 0.7598 top1 0.9754 top5 0.9998
    [23:43:23] step 10650/11249 | avg train loss 0.7597 top1 0.9754 top5 0.9998
    [23:43:36] step 10700/11249 | avg train loss 0.7598 top1 0.9754 top5 0.9998
    [23:43:49] step 10750/11249 | avg train loss 0.7598 top1 0.9754 top5 0.9998
    [23:44:02] step 10800/11249 | avg train loss 0.7599 top1 0.9754 top5 0.9998
    [23:44:15] step 10850/11249 | avg train loss 0.7599 top1 0.9754 top5 0.9998
    [23:44:28] step 10900/11249 | avg train loss 0.7599 top1 0.9754 top5 0.9998
    [23:44:41] step 10950/11249 | avg train loss 0.7602 top1 0.9753 top5 0.9998
    [23:44:54] step 11000/11249 | avg train loss 0.7602 top1 0.9752 top5 0.9998
    [23:45:07] step 11050/11249 | avg train loss 0.7601 top1 0.9753 top5 0.9998
    [23:45:20] step 11100/11249 | avg train loss 0.7601 top1 0.9753 top5 0.9998
    [23:45:33] step 11150/11249 | avg train loss 0.7603 top1 0.9752 top5 0.9998
    [23:45:46] step 11200/11249 | avg train loss 0.7605 top1 0.9751 top5 0.9998
    [23:45:59] step 11249/11249 | avg train loss 0.7605 top1 0.9751 top5 0.9998
Epoch 11/15 | train loss 0.7605 top1 0.9751 | val loss 1.4224 top1 0.6426 top5 0.8729 | ema val top1 0.6586 top5 0.8857
    [23:57:14] step 50/11249 | avg train loss 0.7309 top1 0.9800 top5 1.0000
    [23:57:27] step 100/11249 | avg train loss 0.7334 top1 0.9850 top5 1.0000
    [23:57:40] step 150/11249 | avg train loss 0.7273 top1 0.9883 top5 1.0000
    [23:57:53] step 200/11249 | avg train loss 0.7291 top1 0.9862 top5 1.0000
    [23:58:06] step 250/11249 | avg train loss 0.7302 top1 0.9860 top5 1.0000
    [23:58:19] step 300/11249 | avg train loss 0.7277 top1 0.9867 top5 1.0000
    [23:58:32] step 350/11249 | avg train loss 0.7258 top1 0.9879 top5 1.0000
    [23:58:45] step 400/11249 | avg train loss 0.7255 top1 0.9869 top5 1.0000
    [23:58:58] step 450/11249 | avg train loss 0.7260 top1 0.9861 top5 1.0000
    [23:59:11] step 500/11249 | avg train loss 0.7252 top1 0.9875 top5 1.0000
    [23:59:24] step 550/11249 | avg train loss 0.7253 top1 0.9864 top5 1.0000
    [23:59:37] step 600/11249 | avg train loss 0.7248 top1 0.9862 top5 1.0000
    [23:59:50] step 650/11249 | avg train loss 0.7245 top1 0.9869 top5 1.0000
    [00:00:03] step 700/11249 | avg train loss 0.7261 top1 0.9864 top5 1.0000
    [00:00:16] step 750/11249 | avg train loss 0.7258 top1 0.9867 top5 1.0000
    [00:00:29] step 800/11249 | avg train loss 0.7248 top1 0.9875 top5 1.0000
    [00:00:42] step 850/11249 | avg train loss 0.7242 top1 0.9876 top5 1.0000
    [00:00:55] step 900/11249 | avg train loss 0.7239 top1 0.9881 top5 1.0000
    [00:01:08] step 950/11249 | avg train loss 0.7239 top1 0.9879 top5 1.0000
    [00:01:21] step 1000/11249 | avg train loss 0.7242 top1 0.9875 top5 1.0000
    [00:01:34] step 1050/11249 | avg train loss 0.7234 top1 0.9881 top5 1.0000
    [00:01:47] step 1100/11249 | avg train loss 0.7229 top1 0.9884 top5 1.0000
    [00:02:00] step 1150/11249 | avg train loss 0.7232 top1 0.9885 top5 1.0000
    [00:02:13] step 1200/11249 | avg train loss 0.7222 top1 0.9890 top5 1.0000
    [00:02:26] step 1250/11249 | avg train loss 0.7224 top1 0.9888 top5 1.0000
    [00:02:39] step 1300/11249 | avg train loss 0.7220 top1 0.9888 top5 1.0000
    [00:02:52] step 1350/11249 | avg train loss 0.7220 top1 0.9889 top5 1.0000
    [00:03:05] step 1400/11249 | avg train loss 0.7221 top1 0.9889 top5 1.0000
    [00:03:18] step 1450/11249 | avg train loss 0.7218 top1 0.9890 top5 1.0000
    [00:03:31] step 1500/11249 | avg train loss 0.7219 top1 0.9890 top5 1.0000
    [00:03:44] step 1550/11249 | avg train loss 0.7218 top1 0.9890 top5 1.0000
    [00:03:57] step 1600/11249 | avg train loss 0.7219 top1 0.9891 top5 1.0000
    [00:04:10] step 1650/11249 | avg train loss 0.7221 top1 0.9889 top5 1.0000
    [00:04:23] step 1700/11249 | avg train loss 0.7225 top1 0.9887 top5 1.0000
    [00:04:36] step 1750/11249 | avg train loss 0.7224 top1 0.9887 top5 1.0000
    [00:04:49] step 1800/11249 | avg train loss 0.7223 top1 0.9888 top5 1.0000
    [00:05:02] step 1850/11249 | avg train loss 0.7223 top1 0.9888 top5 1.0000
    [00:05:15] step 1900/11249 | avg train loss 0.7220 top1 0.9889 top5 1.0000
    [00:05:28] step 1950/11249 | avg train loss 0.7218 top1 0.9890 top5 1.0000
    [00:05:41] step 2000/11249 | avg train loss 0.7217 top1 0.9891 top5 1.0000
    [00:05:54] step 2050/11249 | avg train loss 0.7218 top1 0.9891 top5 1.0000
    [00:06:07] step 2100/11249 | avg train loss 0.7214 top1 0.9893 top5 1.0000
    [00:06:20] step 2150/11249 | avg train loss 0.7212 top1 0.9893 top5 1.0000
    [00:06:33] step 2200/11249 | avg train loss 0.7210 top1 0.9894 top5 1.0000
    [00:06:46] step 2250/11249 | avg train loss 0.7212 top1 0.9893 top5 1.0000
    [00:06:59] step 2300/11249 | avg train loss 0.7215 top1 0.9892 top5 1.0000
    [00:07:12] step 2350/11249 | avg train loss 0.7212 top1 0.9895 top5 1.0000
    [00:07:25] step 2400/11249 | avg train loss 0.7209 top1 0.9896 top5 1.0000
    [00:07:38] step 2450/11249 | avg train loss 0.7206 top1 0.9898 top5 1.0000
    [00:07:51] step 2500/11249 | avg train loss 0.7207 top1 0.9898 top5 1.0000
    [00:08:04] step 2550/11249 | avg train loss 0.7205 top1 0.9896 top5 1.0000
    [00:08:17] step 2600/11249 | avg train loss 0.7206 top1 0.9897 top5 1.0000
    [00:08:30] step 2650/11249 | avg train loss 0.7206 top1 0.9896 top5 1.0000
    [00:08:43] step 2700/11249 | avg train loss 0.7207 top1 0.9895 top5 1.0000
    [00:08:56] step 2750/11249 | avg train loss 0.7205 top1 0.9897 top5 1.0000
    [00:09:09] step 2800/11249 | avg train loss 0.7203 top1 0.9899 top5 1.0000
    [00:09:22] step 2850/11249 | avg train loss 0.7204 top1 0.9896 top5 1.0000
    [00:09:35] step 2900/11249 | avg train loss 0.7202 top1 0.9897 top5 1.0000
    [00:09:48] step 2950/11249 | avg train loss 0.7201 top1 0.9897 top5 1.0000
    [00:10:01] step 3000/11249 | avg train loss 0.7199 top1 0.9898 top5 1.0000
    [00:10:14] step 3050/11249 | avg train loss 0.7201 top1 0.9897 top5 1.0000
    [00:10:27] step 3100/11249 | avg train loss 0.7202 top1 0.9895 top5 1.0000
    [00:10:40] step 3150/11249 | avg train loss 0.7201 top1 0.9896 top5 1.0000
    [00:10:53] step 3200/11249 | avg train loss 0.7200 top1 0.9896 top5 1.0000
    [00:11:06] step 3250/11249 | avg train loss 0.7201 top1 0.9895 top5 1.0000
    [00:11:19] step 3300/11249 | avg train loss 0.7204 top1 0.9894 top5 1.0000
    [00:11:33] step 3350/11249 | avg train loss 0.7203 top1 0.9895 top5 1.0000
    [00:11:46] step 3400/11249 | avg train loss 0.7207 top1 0.9893 top5 1.0000
    [00:11:59] step 3450/11249 | avg train loss 0.7207 top1 0.9893 top5 1.0000
    [00:12:12] step 3500/11249 | avg train loss 0.7206 top1 0.9894 top5 1.0000
    [00:12:25] step 3550/11249 | avg train loss 0.7207 top1 0.9893 top5 1.0000
    [00:12:38] step 3600/11249 | avg train loss 0.7205 top1 0.9894 top5 1.0000
    [00:12:51] step 3650/11249 | avg train loss 0.7204 top1 0.9895 top5 1.0000
    [00:13:04] step 3700/11249 | avg train loss 0.7202 top1 0.9895 top5 1.0000
    [00:13:17] step 3750/11249 | avg train loss 0.7200 top1 0.9897 top5 1.0000
    [00:13:29] step 3800/11249 | avg train loss 0.7198 top1 0.9898 top5 1.0000
    [00:13:42] step 3850/11249 | avg train loss 0.7197 top1 0.9897 top5 1.0000
    [00:13:55] step 3900/11249 | avg train loss 0.7199 top1 0.9896 top5 1.0000
    [00:14:08] step 3950/11249 | avg train loss 0.7200 top1 0.9896 top5 1.0000
    [00:14:21] step 4000/11249 | avg train loss 0.7203 top1 0.9894 top5 1.0000
    [00:14:34] step 4050/11249 | avg train loss 0.7202 top1 0.9894 top5 1.0000
    [00:14:47] step 4100/11249 | avg train loss 0.7200 top1 0.9896 top5 1.0000
    [00:15:00] step 4150/11249 | avg train loss 0.7199 top1 0.9896 top5 1.0000
    [00:15:13] step 4200/11249 | avg train loss 0.7198 top1 0.9897 top5 1.0000
    [00:15:26] step 4250/11249 | avg train loss 0.7201 top1 0.9895 top5 1.0000
    [00:15:39] step 4300/11249 | avg train loss 0.7201 top1 0.9895 top5 1.0000
    [00:15:52] step 4350/11249 | avg train loss 0.7201 top1 0.9895 top5 1.0000
    [00:16:05] step 4400/11249 | avg train loss 0.7201 top1 0.9895 top5 1.0000
    [00:16:18] step 4450/11249 | avg train loss 0.7201 top1 0.9895 top5 1.0000
    [00:16:31] step 4500/11249 | avg train loss 0.7200 top1 0.9895 top5 1.0000
    [00:16:44] step 4550/11249 | avg train loss 0.7200 top1 0.9896 top5 1.0000
    [00:16:57] step 4600/11249 | avg train loss 0.7199 top1 0.9896 top5 1.0000
    [00:17:10] step 4650/11249 | avg train loss 0.7197 top1 0.9897 top5 1.0000
    [00:17:23] step 4700/11249 | avg train loss 0.7197 top1 0.9897 top5 1.0000
    [00:17:36] step 4750/11249 | avg train loss 0.7199 top1 0.9895 top5 1.0000
    [00:17:49] step 4800/11249 | avg train loss 0.7199 top1 0.9896 top5 1.0000
    [00:18:02] step 4850/11249 | avg train loss 0.7200 top1 0.9895 top5 1.0000
    [00:18:15] step 4900/11249 | avg train loss 0.7199 top1 0.9895 top5 1.0000
    [00:18:28] step 4950/11249 | avg train loss 0.7198 top1 0.9896 top5 1.0000
    [00:18:41] step 5000/11249 | avg train loss 0.7198 top1 0.9896 top5 1.0000
    [00:18:54] step 5050/11249 | avg train loss 0.7198 top1 0.9897 top5 1.0000
    [00:19:07] step 5100/11249 | avg train loss 0.7198 top1 0.9896 top5 1.0000
    [00:19:20] step 5150/11249 | avg train loss 0.7197 top1 0.9897 top5 1.0000
    [00:19:33] step 5200/11249 | avg train loss 0.7197 top1 0.9897 top5 1.0000
    [00:19:46] step 5250/11249 | avg train loss 0.7198 top1 0.9896 top5 1.0000
    [00:19:59] step 5300/11249 | avg train loss 0.7199 top1 0.9896 top5 1.0000
    [00:20:12] step 5350/11249 | avg train loss 0.7198 top1 0.9896 top5 1.0000
    [00:20:25] step 5400/11249 | avg train loss 0.7198 top1 0.9896 top5 1.0000
    [00:20:38] step 5450/11249 | avg train loss 0.7199 top1 0.9895 top5 1.0000
    [00:20:51] step 5500/11249 | avg train loss 0.7199 top1 0.9896 top5 1.0000
    [00:21:04] step 5550/11249 | avg train loss 0.7202 top1 0.9895 top5 1.0000
    [00:21:17] step 5600/11249 | avg train loss 0.7202 top1 0.9895 top5 1.0000
    [00:21:30] step 5650/11249 | avg train loss 0.7202 top1 0.9895 top5 1.0000
    [00:21:43] step 5700/11249 | avg train loss 0.7201 top1 0.9896 top5 1.0000
    [00:21:57] step 5750/11249 | avg train loss 0.7201 top1 0.9897 top5 1.0000
    [00:22:10] step 5800/11249 | avg train loss 0.7201 top1 0.9896 top5 1.0000
    [00:22:23] step 5850/11249 | avg train loss 0.7204 top1 0.9895 top5 1.0000
    [00:22:36] step 5900/11249 | avg train loss 0.7203 top1 0.9895 top5 1.0000
    [00:22:49] step 5950/11249 | avg train loss 0.7204 top1 0.9895 top5 1.0000
    [00:23:02] step 6000/11249 | avg train loss 0.7205 top1 0.9895 top5 1.0000
    [00:23:15] step 6050/11249 | avg train loss 0.7204 top1 0.9894 top5 1.0000
    [00:23:28] step 6100/11249 | avg train loss 0.7204 top1 0.9894 top5 1.0000
    [00:23:41] step 6150/11249 | avg train loss 0.7204 top1 0.9894 top5 1.0000
    [00:23:54] step 6200/11249 | avg train loss 0.7203 top1 0.9894 top5 1.0000
    [00:24:07] step 6250/11249 | avg train loss 0.7202 top1 0.9895 top5 1.0000
    [00:24:20] step 6300/11249 | avg train loss 0.7205 top1 0.9893 top5 1.0000
    [00:24:33] step 6350/11249 | avg train loss 0.7207 top1 0.9893 top5 1.0000
    [00:24:46] step 6400/11249 | avg train loss 0.7208 top1 0.9893 top5 1.0000
    [00:24:59] step 6450/11249 | avg train loss 0.7207 top1 0.9893 top5 1.0000
    [00:25:12] step 6500/11249 | avg train loss 0.7208 top1 0.9893 top5 1.0000
    [00:25:25] step 6550/11249 | avg train loss 0.7211 top1 0.9892 top5 1.0000
    [00:25:38] step 6600/11249 | avg train loss 0.7212 top1 0.9891 top5 1.0000
    [00:25:51] step 6650/11249 | avg train loss 0.7212 top1 0.9892 top5 1.0000
    [00:26:04] step 6700/11249 | avg train loss 0.7211 top1 0.9892 top5 1.0000
    [00:26:17] step 6750/11249 | avg train loss 0.7211 top1 0.9892 top5 1.0000
    [00:26:30] step 6800/11249 | avg train loss 0.7210 top1 0.9893 top5 1.0000
    [00:26:43] step 6850/11249 | avg train loss 0.7211 top1 0.9892 top5 1.0000
    [00:26:56] step 6900/11249 | avg train loss 0.7210 top1 0.9892 top5 1.0000
    [00:27:09] step 6950/11249 | avg train loss 0.7210 top1 0.9892 top5 1.0000
    [00:27:22] step 7000/11249 | avg train loss 0.7210 top1 0.9892 top5 1.0000
    [00:27:35] step 7050/11249 | avg train loss 0.7212 top1 0.9892 top5 1.0000
    [00:27:48] step 7100/11249 | avg train loss 0.7213 top1 0.9892 top5 1.0000
    [00:28:01] step 7150/11249 | avg train loss 0.7213 top1 0.9892 top5 1.0000
    [00:28:14] step 7200/11249 | avg train loss 0.7213 top1 0.9892 top5 1.0000
    [00:28:27] step 7250/11249 | avg train loss 0.7212 top1 0.9892 top5 1.0000
    [00:28:40] step 7300/11249 | avg train loss 0.7211 top1 0.9892 top5 1.0000
    [00:28:53] step 7350/11249 | avg train loss 0.7210 top1 0.9893 top5 1.0000
    [00:29:06] step 7400/11249 | avg train loss 0.7208 top1 0.9894 top5 1.0000
    [00:29:19] step 7450/11249 | avg train loss 0.7208 top1 0.9894 top5 1.0000
    [00:29:32] step 7500/11249 | avg train loss 0.7208 top1 0.9893 top5 1.0000
    [00:29:45] step 7550/11249 | avg train loss 0.7209 top1 0.9894 top5 1.0000
    [00:29:58] step 7600/11249 | avg train loss 0.7209 top1 0.9894 top5 1.0000
    [00:30:11] step 7650/11249 | avg train loss 0.7208 top1 0.9894 top5 1.0000
    [00:30:24] step 7700/11249 | avg train loss 0.7209 top1 0.9894 top5 1.0000
    [00:30:37] step 7750/11249 | avg train loss 0.7208 top1 0.9895 top5 1.0000
    [00:30:50] step 7800/11249 | avg train loss 0.7208 top1 0.9894 top5 1.0000
    [00:31:03] step 7850/11249 | avg train loss 0.7207 top1 0.9894 top5 1.0000
    [00:31:16] step 7900/11249 | avg train loss 0.7207 top1 0.9894 top5 1.0000
    [00:31:29] step 7950/11249 | avg train loss 0.7207 top1 0.9894 top5 1.0000
    [00:31:42] step 8000/11249 | avg train loss 0.7206 top1 0.9894 top5 1.0000
    [00:31:55] step 8050/11249 | avg train loss 0.7206 top1 0.9894 top5 1.0000
    [00:32:08] step 8100/11249 | avg train loss 0.7205 top1 0.9895 top5 1.0000
    [00:32:21] step 8150/11249 | avg train loss 0.7204 top1 0.9894 top5 1.0000
    [00:32:34] step 8200/11249 | avg train loss 0.7204 top1 0.9895 top5 1.0000
    [00:32:47] step 8250/11249 | avg train loss 0.7202 top1 0.9896 top5 1.0000
    [00:33:00] step 8300/11249 | avg train loss 0.7202 top1 0.9896 top5 1.0000
    [00:33:13] step 8350/11249 | avg train loss 0.7202 top1 0.9896 top5 1.0000
    [00:33:26] step 8400/11249 | avg train loss 0.7203 top1 0.9896 top5 1.0000
    [00:33:39] step 8450/11249 | avg train loss 0.7203 top1 0.9896 top5 1.0000
    [00:33:52] step 8500/11249 | avg train loss 0.7201 top1 0.9896 top5 1.0000
    [00:34:05] step 8550/11249 | avg train loss 0.7200 top1 0.9897 top5 1.0000
    [00:34:18] step 8600/11249 | avg train loss 0.7199 top1 0.9897 top5 1.0000
    [00:34:31] step 8650/11249 | avg train loss 0.7200 top1 0.9897 top5 1.0000
    [00:34:44] step 8700/11249 | avg train loss 0.7200 top1 0.9896 top5 1.0000
    [00:34:57] step 8750/11249 | avg train loss 0.7201 top1 0.9896 top5 1.0000
    [00:35:10] step 8800/11249 | avg train loss 0.7201 top1 0.9896 top5 1.0000
    [00:35:23] step 8850/11249 | avg train loss 0.7202 top1 0.9896 top5 1.0000
    [00:35:36] step 8900/11249 | avg train loss 0.7202 top1 0.9896 top5 1.0000
    [00:35:49] step 8950/11249 | avg train loss 0.7204 top1 0.9896 top5 1.0000
    [00:36:02] step 9000/11249 | avg train loss 0.7203 top1 0.9896 top5 1.0000
    [00:36:15] step 9050/11249 | avg train loss 0.7204 top1 0.9896 top5 1.0000
    [00:36:28] step 9100/11249 | avg train loss 0.7203 top1 0.9896 top5 1.0000
    [00:36:41] step 9150/11249 | avg train loss 0.7203 top1 0.9896 top5 1.0000
    [00:36:54] step 9200/11249 | avg train loss 0.7203 top1 0.9896 top5 1.0000
    [00:37:07] step 9250/11249 | avg train loss 0.7202 top1 0.9896 top5 1.0000
    [00:37:20] step 9300/11249 | avg train loss 0.7201 top1 0.9897 top5 1.0000
    [00:37:33] step 9350/11249 | avg train loss 0.7201 top1 0.9897 top5 1.0000
    [00:37:46] step 9400/11249 | avg train loss 0.7201 top1 0.9897 top5 1.0000
    [00:37:59] step 9450/11249 | avg train loss 0.7202 top1 0.9897 top5 1.0000
    [00:38:12] step 9500/11249 | avg train loss 0.7204 top1 0.9896 top5 1.0000
    [00:38:25] step 9550/11249 | avg train loss 0.7203 top1 0.9897 top5 1.0000
    [00:38:38] step 9600/11249 | avg train loss 0.7202 top1 0.9897 top5 1.0000
    [00:38:51] step 9650/11249 | avg train loss 0.7204 top1 0.9896 top5 1.0000
    [00:39:04] step 9700/11249 | avg train loss 0.7204 top1 0.9896 top5 1.0000
    [00:39:17] step 9750/11249 | avg train loss 0.7204 top1 0.9896 top5 1.0000
    [00:39:30] step 9800/11249 | avg train loss 0.7205 top1 0.9895 top5 1.0000
    [00:39:43] step 9850/11249 | avg train loss 0.7205 top1 0.9895 top5 1.0000
    [00:39:56] step 9900/11249 | avg train loss 0.7205 top1 0.9895 top5 1.0000
    [00:40:09] step 9950/11249 | avg train loss 0.7206 top1 0.9894 top5 1.0000
    [00:40:22] step 10000/11249 | avg train loss 0.7207 top1 0.9894 top5 1.0000
    [00:40:35] step 10050/11249 | avg train loss 0.7208 top1 0.9894 top5 1.0000
    [00:40:48] step 10100/11249 | avg train loss 0.7208 top1 0.9893 top5 1.0000
    [00:41:01] step 10150/11249 | avg train loss 0.7208 top1 0.9894 top5 1.0000
    [00:41:14] step 10200/11249 | avg train loss 0.7208 top1 0.9893 top5 1.0000
    [00:41:27] step 10250/11249 | avg train loss 0.7208 top1 0.9894 top5 1.0000
    [00:41:40] step 10300/11249 | avg train loss 0.7207 top1 0.9894 top5 1.0000
    [00:41:53] step 10350/11249 | avg train loss 0.7207 top1 0.9894 top5 1.0000
    [00:42:06] step 10400/11249 | avg train loss 0.7207 top1 0.9894 top5 1.0000
    [00:42:19] step 10450/11249 | avg train loss 0.7206 top1 0.9894 top5 1.0000
    [00:42:32] step 10500/11249 | avg train loss 0.7207 top1 0.9894 top5 1.0000
    [00:42:45] step 10550/11249 | avg train loss 0.7206 top1 0.9894 top5 1.0000
    [00:42:58] step 10600/11249 | avg train loss 0.7206 top1 0.9894 top5 1.0000
    [00:43:11] step 10650/11249 | avg train loss 0.7206 top1 0.9894 top5 1.0000
    [00:43:24] step 10700/11249 | avg train loss 0.7207 top1 0.9894 top5 1.0000
    [00:43:37] step 10750/11249 | avg train loss 0.7207 top1 0.9894 top5 1.0000
    [00:43:50] step 10800/11249 | avg train loss 0.7206 top1 0.9895 top5 1.0000
    [00:44:03] step 10850/11249 | avg train loss 0.7207 top1 0.9894 top5 1.0000
    [00:44:16] step 10900/11249 | avg train loss 0.7208 top1 0.9894 top5 1.0000
    [00:44:29] step 10950/11249 | avg train loss 0.7208 top1 0.9894 top5 1.0000
    [00:44:42] step 11000/11249 | avg train loss 0.7208 top1 0.9894 top5 1.0000
    [00:44:55] step 11050/11249 | avg train loss 0.7210 top1 0.9894 top5 1.0000
    [00:45:08] step 11100/11249 | avg train loss 0.7210 top1 0.9893 top5 1.0000
    [00:45:21] step 11150/11249 | avg train loss 0.7210 top1 0.9893 top5 1.0000
    [00:45:34] step 11200/11249 | avg train loss 0.7210 top1 0.9894 top5 1.0000
    [00:45:47] step 11249/11249 | avg train loss 0.7210 top1 0.9893 top5 1.0000
Epoch 12/15 | train loss 0.7210 top1 0.9893 | val loss 1.4381 top1 0.6507 top5 0.8734 | ema val top1 0.6638 top5 0.8817
    [00:57:03] step 50/11249 | avg train loss 0.6930 top1 1.0000 top5 1.0000
    [00:57:16] step 100/11249 | avg train loss 0.6911 top1 1.0000 top5 1.0000
    [00:57:29] step 150/11249 | avg train loss 0.6940 top1 0.9983 top5 1.0000
    [00:57:42] step 200/11249 | avg train loss 0.6951 top1 0.9975 top5 1.0000
    [00:57:55] step 250/11249 | avg train loss 0.6975 top1 0.9970 top5 1.0000
    [00:58:08] step 300/11249 | avg train loss 0.6961 top1 0.9975 top5 1.0000
    [00:58:21] step 350/11249 | avg train loss 0.6962 top1 0.9964 top5 1.0000
    [00:58:34] step 400/11249 | avg train loss 0.6956 top1 0.9962 top5 1.0000
    [00:58:47] step 450/11249 | avg train loss 0.6948 top1 0.9967 top5 1.0000
    [00:59:00] step 500/11249 | avg train loss 0.6957 top1 0.9965 top5 1.0000
    [00:59:13] step 550/11249 | avg train loss 0.6951 top1 0.9964 top5 1.0000
    [00:59:26] step 600/11249 | avg train loss 0.6952 top1 0.9962 top5 1.0000
    [00:59:39] step 650/11249 | avg train loss 0.6947 top1 0.9965 top5 1.0000
    [00:59:52] step 700/11249 | avg train loss 0.6944 top1 0.9968 top5 1.0000
    [01:00:05] step 750/11249 | avg train loss 0.6942 top1 0.9970 top5 1.0000
    [01:00:18] step 800/11249 | avg train loss 0.6944 top1 0.9969 top5 1.0000
    [01:00:31] step 850/11249 | avg train loss 0.6957 top1 0.9965 top5 1.0000
    [01:00:44] step 900/11249 | avg train loss 0.6956 top1 0.9967 top5 1.0000
    [01:00:57] step 950/11249 | avg train loss 0.6958 top1 0.9966 top5 1.0000
    [01:01:10] step 1000/11249 | avg train loss 0.6958 top1 0.9965 top5 1.0000
    [01:01:23] step 1050/11249 | avg train loss 0.6959 top1 0.9964 top5 1.0000
    [01:01:36] step 1100/11249 | avg train loss 0.6959 top1 0.9964 top5 1.0000
    [01:01:49] step 1150/11249 | avg train loss 0.6959 top1 0.9965 top5 1.0000
    [01:02:02] step 1200/11249 | avg train loss 0.6957 top1 0.9967 top5 1.0000
    [01:02:15] step 1250/11249 | avg train loss 0.6956 top1 0.9968 top5 1.0000
    [01:02:28] step 1300/11249 | avg train loss 0.6956 top1 0.9969 top5 1.0000
    [01:02:41] step 1350/11249 | avg train loss 0.6953 top1 0.9970 top5 1.0000
    [01:02:54] step 1400/11249 | avg train loss 0.6949 top1 0.9971 top5 1.0000
    [01:03:07] step 1450/11249 | avg train loss 0.6950 top1 0.9971 top5 1.0000
    [01:03:20] step 1500/11249 | avg train loss 0.6950 top1 0.9970 top5 1.0000
    [01:03:34] step 1550/11249 | avg train loss 0.6947 top1 0.9971 top5 1.0000
    [01:03:47] step 1600/11249 | avg train loss 0.6946 top1 0.9972 top5 1.0000
    [01:04:00] step 1650/11249 | avg train loss 0.6946 top1 0.9970 top5 1.0000
    [01:04:13] step 1700/11249 | avg train loss 0.6944 top1 0.9969 top5 1.0000
    [01:04:26] step 1750/11249 | avg train loss 0.6945 top1 0.9969 top5 1.0000
    [01:04:39] step 1800/11249 | avg train loss 0.6951 top1 0.9967 top5 0.9999
    [01:04:52] step 1850/11249 | avg train loss 0.6954 top1 0.9966 top5 0.9999
    [01:05:05] step 1900/11249 | avg train loss 0.6953 top1 0.9967 top5 0.9999
    [01:05:18] step 1950/11249 | avg train loss 0.6954 top1 0.9967 top5 0.9999
    [01:05:31] step 2000/11249 | avg train loss 0.6952 top1 0.9968 top5 0.9999
    [01:05:44] step 2050/11249 | avg train loss 0.6949 top1 0.9968 top5 0.9999
    [01:05:57] step 2100/11249 | avg train loss 0.6948 top1 0.9969 top5 0.9999
    [01:06:10] step 2150/11249 | avg train loss 0.6950 top1 0.9966 top5 0.9999
    [01:06:23] step 2200/11249 | avg train loss 0.6949 top1 0.9966 top5 0.9999
    [01:06:36] step 2250/11249 | avg train loss 0.6949 top1 0.9967 top5 0.9999
    [01:06:49] step 2300/11249 | avg train loss 0.6947 top1 0.9967 top5 0.9999
    [01:07:02] step 2350/11249 | avg train loss 0.6947 top1 0.9968 top5 0.9999
    [01:07:15] step 2400/11249 | avg train loss 0.6948 top1 0.9968 top5 0.9999
    [01:07:28] step 2450/11249 | avg train loss 0.6947 top1 0.9968 top5 0.9999
    [01:07:41] step 2500/11249 | avg train loss 0.6946 top1 0.9969 top5 0.9999
    [01:07:54] step 2550/11249 | avg train loss 0.6946 top1 0.9970 top5 0.9999
    [01:08:07] step 2600/11249 | avg train loss 0.6944 top1 0.9970 top5 0.9999
    [01:08:20] step 2650/11249 | avg train loss 0.6947 top1 0.9970 top5 0.9999
    [01:08:33] step 2700/11249 | avg train loss 0.6946 top1 0.9970 top5 0.9999
    [01:08:46] step 2750/11249 | avg train loss 0.6948 top1 0.9970 top5 0.9999
    [01:08:59] step 2800/11249 | avg train loss 0.6947 top1 0.9971 top5 0.9999
    [01:09:12] step 2850/11249 | avg train loss 0.6949 top1 0.9969 top5 0.9999
    [01:09:25] step 2900/11249 | avg train loss 0.6949 top1 0.9970 top5 0.9999
    [01:09:38] step 2950/11249 | avg train loss 0.6950 top1 0.9969 top5 0.9999
    [01:09:51] step 3000/11249 | avg train loss 0.6951 top1 0.9968 top5 0.9999
    [01:10:04] step 3050/11249 | avg train loss 0.6957 top1 0.9966 top5 0.9999
    [01:10:17] step 3100/11249 | avg train loss 0.6957 top1 0.9966 top5 0.9999
    [01:10:30] step 3150/11249 | avg train loss 0.6956 top1 0.9967 top5 0.9999
    [01:10:43] step 3200/11249 | avg train loss 0.6957 top1 0.9965 top5 0.9999
    [01:10:56] step 3250/11249 | avg train loss 0.6957 top1 0.9965 top5 0.9999
    [01:11:09] step 3300/11249 | avg train loss 0.6956 top1 0.9966 top5 0.9999
    [01:11:22] step 3350/11249 | avg train loss 0.6957 top1 0.9965 top5 0.9999
    [01:11:35] step 3400/11249 | avg train loss 0.6956 top1 0.9965 top5 0.9999
    [01:11:48] step 3450/11249 | avg train loss 0.6956 top1 0.9966 top5 0.9999
    [01:12:01] step 3500/11249 | avg train loss 0.6958 top1 0.9966 top5 0.9999
    [01:12:14] step 3550/11249 | avg train loss 0.6958 top1 0.9965 top5 0.9999
    [01:12:27] step 3600/11249 | avg train loss 0.6957 top1 0.9966 top5 0.9999
    [01:12:40] step 3650/11249 | avg train loss 0.6956 top1 0.9966 top5 0.9999
    [01:12:53] step 3700/11249 | avg train loss 0.6955 top1 0.9967 top5 0.9999
    [01:13:06] step 3750/11249 | avg train loss 0.6955 top1 0.9967 top5 0.9999
    [01:13:19] step 3800/11249 | avg train loss 0.6954 top1 0.9968 top5 0.9999
    [01:13:32] step 3850/11249 | avg train loss 0.6953 top1 0.9968 top5 0.9999
    [01:13:45] step 3900/11249 | avg train loss 0.6953 top1 0.9969 top5 0.9999
    [01:13:58] step 3950/11249 | avg train loss 0.6951 top1 0.9969 top5 0.9999
    [01:14:11] step 4000/11249 | avg train loss 0.6950 top1 0.9969 top5 0.9999
    [01:14:24] step 4050/11249 | avg train loss 0.6950 top1 0.9970 top5 0.9999
    [01:14:37] step 4100/11249 | avg train loss 0.6949 top1 0.9970 top5 0.9999
    [01:14:50] step 4150/11249 | avg train loss 0.6949 top1 0.9970 top5 0.9999
    [01:15:03] step 4200/11249 | avg train loss 0.6949 top1 0.9970 top5 0.9999
    [01:15:16] step 4250/11249 | avg train loss 0.6948 top1 0.9970 top5 0.9999
    [01:15:29] step 4300/11249 | avg train loss 0.6949 top1 0.9970 top5 0.9999
    [01:15:42] step 4350/11249 | avg train loss 0.6952 top1 0.9968 top5 0.9999
    [01:15:55] step 4400/11249 | avg train loss 0.6952 top1 0.9967 top5 0.9999
    [01:16:08] step 4450/11249 | avg train loss 0.6952 top1 0.9967 top5 0.9999
    [01:16:21] step 4500/11249 | avg train loss 0.6952 top1 0.9967 top5 0.9999
    [01:16:34] step 4550/11249 | avg train loss 0.6952 top1 0.9968 top5 0.9999
    [01:16:47] step 4600/11249 | avg train loss 0.6951 top1 0.9967 top5 0.9999
    [01:17:00] step 4650/11249 | avg train loss 0.6951 top1 0.9967 top5 0.9999
    [01:17:13] step 4700/11249 | avg train loss 0.6953 top1 0.9967 top5 0.9999
    [01:17:26] step 4750/11249 | avg train loss 0.6956 top1 0.9967 top5 0.9999
    [01:17:39] step 4800/11249 | avg train loss 0.6955 top1 0.9967 top5 0.9999
    [01:17:52] step 4850/11249 | avg train loss 0.6955 top1 0.9967 top5 0.9999
    [01:18:05] step 4900/11249 | avg train loss 0.6955 top1 0.9967 top5 0.9999
    [01:18:18] step 4950/11249 | avg train loss 0.6955 top1 0.9967 top5 0.9999
    [01:18:31] step 5000/11249 | avg train loss 0.6955 top1 0.9967 top5 1.0000
    [01:18:44] step 5050/11249 | avg train loss 0.6955 top1 0.9967 top5 1.0000
    [01:18:57] step 5100/11249 | avg train loss 0.6954 top1 0.9968 top5 1.0000
    [01:19:10] step 5150/11249 | avg train loss 0.6955 top1 0.9967 top5 1.0000
    [01:19:23] step 5200/11249 | avg train loss 0.6955 top1 0.9968 top5 1.0000
    [01:19:36] step 5250/11249 | avg train loss 0.6954 top1 0.9968 top5 1.0000
    [01:19:49] step 5300/11249 | avg train loss 0.6956 top1 0.9967 top5 1.0000
    [01:20:02] step 5350/11249 | avg train loss 0.6958 top1 0.9965 top5 1.0000
    [01:20:15] step 5400/11249 | avg train loss 0.6958 top1 0.9965 top5 1.0000
    [01:20:28] step 5450/11249 | avg train loss 0.6958 top1 0.9965 top5 1.0000
    [01:20:41] step 5500/11249 | avg train loss 0.6958 top1 0.9965 top5 1.0000
    [01:20:54] step 5550/11249 | avg train loss 0.6958 top1 0.9966 top5 1.0000
    [01:21:07] step 5600/11249 | avg train loss 0.6959 top1 0.9965 top5 1.0000
    [01:21:20] step 5650/11249 | avg train loss 0.6958 top1 0.9965 top5 1.0000
    [01:21:33] step 5700/11249 | avg train loss 0.6957 top1 0.9965 top5 1.0000
    [01:21:46] step 5750/11249 | avg train loss 0.6958 top1 0.9965 top5 1.0000
    [01:21:59] step 5800/11249 | avg train loss 0.6957 top1 0.9965 top5 1.0000
    [01:22:12] step 5850/11249 | avg train loss 0.6956 top1 0.9965 top5 1.0000
    [01:22:25] step 5900/11249 | avg train loss 0.6956 top1 0.9966 top5 1.0000
    [01:22:38] step 5950/11249 | avg train loss 0.6955 top1 0.9966 top5 1.0000
    [01:22:51] step 6000/11249 | avg train loss 0.6956 top1 0.9966 top5 1.0000
    [01:23:04] step 6050/11249 | avg train loss 0.6957 top1 0.9965 top5 1.0000
    [01:23:17] step 6100/11249 | avg train loss 0.6956 top1 0.9966 top5 1.0000
    [01:23:30] step 6150/11249 | avg train loss 0.6956 top1 0.9966 top5 1.0000
    [01:23:43] step 6200/11249 | avg train loss 0.6957 top1 0.9966 top5 1.0000
    [01:23:56] step 6250/11249 | avg train loss 0.6956 top1 0.9966 top5 1.0000
    [01:24:09] step 6300/11249 | avg train loss 0.6956 top1 0.9966 top5 1.0000
    [01:24:22] step 6350/11249 | avg train loss 0.6956 top1 0.9966 top5 1.0000
    [01:24:35] step 6400/11249 | avg train loss 0.6955 top1 0.9966 top5 1.0000
    [01:24:48] step 6450/11249 | avg train loss 0.6955 top1 0.9966 top5 1.0000
    [01:25:01] step 6500/11249 | avg train loss 0.6956 top1 0.9966 top5 1.0000
    [01:25:14] step 6550/11249 | avg train loss 0.6955 top1 0.9966 top5 1.0000
    [01:25:27] step 6600/11249 | avg train loss 0.6955 top1 0.9966 top5 1.0000
    [01:25:40] step 6650/11249 | avg train loss 0.6956 top1 0.9965 top5 1.0000
    [01:25:53] step 6700/11249 | avg train loss 0.6957 top1 0.9965 top5 1.0000
    [01:26:06] step 6750/11249 | avg train loss 0.6956 top1 0.9965 top5 1.0000
    [01:26:19] step 6800/11249 | avg train loss 0.6956 top1 0.9965 top5 1.0000
    [01:26:32] step 6850/11249 | avg train loss 0.6956 top1 0.9966 top5 1.0000
    [01:26:46] step 6900/11249 | avg train loss 0.6955 top1 0.9966 top5 1.0000
    [01:26:59] step 6950/11249 | avg train loss 0.6955 top1 0.9966 top5 1.0000
    [01:27:12] step 7000/11249 | avg train loss 0.6956 top1 0.9965 top5 1.0000
    [01:27:25] step 7050/11249 | avg train loss 0.6956 top1 0.9966 top5 1.0000
    [01:27:38] step 7100/11249 | avg train loss 0.6955 top1 0.9966 top5 1.0000
    [01:27:51] step 7150/11249 | avg train loss 0.6954 top1 0.9966 top5 1.0000
    [01:28:04] step 7200/11249 | avg train loss 0.6956 top1 0.9966 top5 1.0000
    [01:28:17] step 7250/11249 | avg train loss 0.6955 top1 0.9966 top5 1.0000
    [01:28:30] step 7300/11249 | avg train loss 0.6957 top1 0.9966 top5 1.0000
    [01:28:43] step 7350/11249 | avg train loss 0.6957 top1 0.9965 top5 1.0000
    [01:28:56] step 7400/11249 | avg train loss 0.6957 top1 0.9966 top5 1.0000
    [01:29:09] step 7450/11249 | avg train loss 0.6956 top1 0.9966 top5 1.0000
    [01:29:22] step 7500/11249 | avg train loss 0.6955 top1 0.9966 top5 1.0000
    [01:29:35] step 7550/11249 | avg train loss 0.6955 top1 0.9966 top5 1.0000
    [01:29:48] step 7600/11249 | avg train loss 0.6955 top1 0.9966 top5 1.0000
    [01:30:01] step 7650/11249 | avg train loss 0.6955 top1 0.9966 top5 1.0000
    [01:30:14] step 7700/11249 | avg train loss 0.6955 top1 0.9966 top5 1.0000
    [01:30:27] step 7750/11249 | avg train loss 0.6956 top1 0.9965 top5 1.0000
    [01:30:40] step 7800/11249 | avg train loss 0.6955 top1 0.9966 top5 1.0000
    [01:30:53] step 7850/11249 | avg train loss 0.6955 top1 0.9966 top5 1.0000
    [01:31:06] step 7900/11249 | avg train loss 0.6955 top1 0.9966 top5 1.0000
    [01:31:19] step 7950/11249 | avg train loss 0.6955 top1 0.9966 top5 1.0000
    [01:31:32] step 8000/11249 | avg train loss 0.6954 top1 0.9966 top5 1.0000
    [01:31:45] step 8050/11249 | avg train loss 0.6954 top1 0.9966 top5 1.0000
    [01:31:58] step 8100/11249 | avg train loss 0.6954 top1 0.9966 top5 1.0000
    [01:32:11] step 8150/11249 | avg train loss 0.6955 top1 0.9966 top5 1.0000
    [01:32:24] step 8200/11249 | avg train loss 0.6956 top1 0.9965 top5 1.0000
    [01:32:37] step 8250/11249 | avg train loss 0.6955 top1 0.9965 top5 1.0000
    [01:32:50] step 8300/11249 | avg train loss 0.6955 top1 0.9966 top5 1.0000
    [01:33:03] step 8350/11249 | avg train loss 0.6955 top1 0.9966 top5 1.0000
    [01:33:16] step 8400/11249 | avg train loss 0.6955 top1 0.9966 top5 1.0000
    [01:33:29] step 8450/11249 | avg train loss 0.6954 top1 0.9966 top5 1.0000
    [01:33:42] step 8500/11249 | avg train loss 0.6954 top1 0.9966 top5 1.0000
    [01:33:55] step 8550/11249 | avg train loss 0.6953 top1 0.9966 top5 1.0000
    [01:34:08] step 8600/11249 | avg train loss 0.6953 top1 0.9966 top5 1.0000
    [01:34:21] step 8650/11249 | avg train loss 0.6954 top1 0.9966 top5 1.0000
    [01:34:34] step 8700/11249 | avg train loss 0.6953 top1 0.9966 top5 1.0000
    [01:34:47] step 8750/11249 | avg train loss 0.6954 top1 0.9965 top5 1.0000
    [01:35:00] step 8800/11249 | avg train loss 0.6954 top1 0.9965 top5 1.0000
    [01:35:13] step 8850/11249 | avg train loss 0.6954 top1 0.9965 top5 1.0000
    [01:35:26] step 8900/11249 | avg train loss 0.6954 top1 0.9965 top5 1.0000
    [01:35:39] step 8950/11249 | avg train loss 0.6955 top1 0.9965 top5 1.0000
    [01:35:52] step 9000/11249 | avg train loss 0.6956 top1 0.9964 top5 1.0000
    [01:36:05] step 9050/11249 | avg train loss 0.6955 top1 0.9964 top5 1.0000
    [01:36:18] step 9100/11249 | avg train loss 0.6956 top1 0.9964 top5 1.0000
    [01:36:31] step 9150/11249 | avg train loss 0.6955 top1 0.9964 top5 1.0000
    [01:36:44] step 9200/11249 | avg train loss 0.6955 top1 0.9964 top5 1.0000
    [01:36:57] step 9250/11249 | avg train loss 0.6956 top1 0.9964 top5 1.0000
    [01:37:10] step 9300/11249 | avg train loss 0.6958 top1 0.9964 top5 1.0000
    [01:37:23] step 9350/11249 | avg train loss 0.6958 top1 0.9964 top5 1.0000
    [01:37:36] step 9400/11249 | avg train loss 0.6958 top1 0.9964 top5 1.0000
    [01:37:49] step 9450/11249 | avg train loss 0.6957 top1 0.9964 top5 1.0000
    [01:38:02] step 9500/11249 | avg train loss 0.6958 top1 0.9964 top5 1.0000
    [01:38:15] step 9550/11249 | avg train loss 0.6957 top1 0.9964 top5 1.0000
    [01:38:28] step 9600/11249 | avg train loss 0.6957 top1 0.9964 top5 1.0000
    [01:38:41] step 9650/11249 | avg train loss 0.6957 top1 0.9964 top5 1.0000
    [01:38:54] step 9700/11249 | avg train loss 0.6957 top1 0.9964 top5 1.0000
    [01:39:07] step 9750/11249 | avg train loss 0.6957 top1 0.9964 top5 1.0000
    [01:39:20] step 9800/11249 | avg train loss 0.6957 top1 0.9964 top5 1.0000
    [01:39:33] step 9850/11249 | avg train loss 0.6957 top1 0.9964 top5 1.0000
    [01:39:46] step 9900/11249 | avg train loss 0.6958 top1 0.9964 top5 1.0000
    [01:39:59] step 9950/11249 | avg train loss 0.6957 top1 0.9964 top5 1.0000
    [01:40:12] step 10000/11249 | avg train loss 0.6958 top1 0.9964 top5 1.0000
    [01:40:25] step 10050/11249 | avg train loss 0.6958 top1 0.9964 top5 1.0000
    [01:40:38] step 10100/11249 | avg train loss 0.6958 top1 0.9964 top5 1.0000
    [01:40:51] step 10150/11249 | avg train loss 0.6957 top1 0.9964 top5 1.0000
    [01:41:04] step 10200/11249 | avg train loss 0.6957 top1 0.9964 top5 1.0000
    [01:41:17] step 10250/11249 | avg train loss 0.6958 top1 0.9964 top5 1.0000
    [01:41:30] step 10300/11249 | avg train loss 0.6958 top1 0.9964 top5 1.0000
    [01:41:43] step 10350/11249 | avg train loss 0.6958 top1 0.9964 top5 1.0000
    [01:41:56] step 10400/11249 | avg train loss 0.6958 top1 0.9964 top5 1.0000
    [01:42:09] step 10450/11249 | avg train loss 0.6958 top1 0.9964 top5 1.0000
    [01:42:22] step 10500/11249 | avg train loss 0.6958 top1 0.9964 top5 1.0000
    [01:42:35] step 10550/11249 | avg train loss 0.6958 top1 0.9964 top5 1.0000
    [01:42:48] step 10600/11249 | avg train loss 0.6958 top1 0.9964 top5 1.0000
    [01:43:02] step 10650/11249 | avg train loss 0.6958 top1 0.9964 top5 1.0000
    [01:43:15] step 10700/11249 | avg train loss 0.6958 top1 0.9964 top5 1.0000
    [01:43:28] step 10750/11249 | avg train loss 0.6957 top1 0.9964 top5 1.0000
    [01:43:41] step 10800/11249 | avg train loss 0.6957 top1 0.9964 top5 1.0000
    [01:43:54] step 10850/11249 | avg train loss 0.6957 top1 0.9964 top5 1.0000
    [01:44:07] step 10900/11249 | avg train loss 0.6957 top1 0.9964 top5 1.0000
    [01:44:20] step 10950/11249 | avg train loss 0.6956 top1 0.9964 top5 1.0000
    [01:44:33] step 11000/11249 | avg train loss 0.6956 top1 0.9964 top5 1.0000
    [01:44:46] step 11050/11249 | avg train loss 0.6957 top1 0.9964 top5 1.0000
    [01:44:59] step 11100/11249 | avg train loss 0.6956 top1 0.9964 top5 1.0000
    [01:45:12] step 11150/11249 | avg train loss 0.6956 top1 0.9964 top5 1.0000
    [01:45:25] step 11200/11249 | avg train loss 0.6957 top1 0.9963 top5 1.0000
    [01:45:37] step 11249/11249 | avg train loss 0.6956 top1 0.9964 top5 1.0000
Epoch 13/15 | train loss 0.6956 top1 0.9964 | val loss 1.4469 top1 0.6553 top5 0.8645 | ema val top1 0.6655 top5 0.8685
    [01:56:54] step 50/11249 | avg train loss 0.6860 top1 1.0000 top5 1.0000
    [01:57:07] step 100/11249 | avg train loss 0.6846 top1 1.0000 top5 1.0000
    [01:57:20] step 150/11249 | avg train loss 0.6838 top1 1.0000 top5 1.0000
    [01:57:33] step 200/11249 | avg train loss 0.6830 top1 1.0000 top5 1.0000
    [01:57:46] step 250/11249 | avg train loss 0.6827 top1 1.0000 top5 1.0000
    [01:57:59] step 300/11249 | avg train loss 0.6822 top1 1.0000 top5 1.0000
    [01:58:12] step 350/11249 | avg train loss 0.6823 top1 1.0000 top5 1.0000
    [01:58:25] step 400/11249 | avg train loss 0.6827 top1 1.0000 top5 1.0000
    [01:58:38] step 450/11249 | avg train loss 0.6825 top1 1.0000 top5 1.0000
    [01:58:51] step 500/11249 | avg train loss 0.6826 top1 1.0000 top5 1.0000
    [01:59:04] step 550/11249 | avg train loss 0.6825 top1 1.0000 top5 1.0000
    [01:59:17] step 600/11249 | avg train loss 0.6823 top1 1.0000 top5 1.0000
    [01:59:30] step 650/11249 | avg train loss 0.6822 top1 1.0000 top5 1.0000
    [01:59:43] step 700/11249 | avg train loss 0.6823 top1 1.0000 top5 1.0000
    [01:59:57] step 750/11249 | avg train loss 0.6821 top1 1.0000 top5 1.0000
    [02:00:10] step 800/11249 | avg train loss 0.6821 top1 1.0000 top5 1.0000
    [02:00:23] step 850/11249 | avg train loss 0.6823 top1 0.9997 top5 1.0000
    [02:00:36] step 900/11249 | avg train loss 0.6823 top1 0.9997 top5 1.0000
    [02:00:49] step 950/11249 | avg train loss 0.6824 top1 0.9997 top5 1.0000
    [02:01:02] step 1000/11249 | avg train loss 0.6824 top1 0.9998 top5 1.0000
    [02:01:15] step 1050/11249 | avg train loss 0.6834 top1 0.9995 top5 1.0000
    [02:01:28] step 1100/11249 | avg train loss 0.6833 top1 0.9995 top5 1.0000
    [02:01:41] step 1150/11249 | avg train loss 0.6832 top1 0.9996 top5 1.0000
    [02:01:54] step 1200/11249 | avg train loss 0.6831 top1 0.9996 top5 1.0000
    [02:02:07] step 1250/11249 | avg train loss 0.6829 top1 0.9996 top5 1.0000
    [02:02:20] step 1300/11249 | avg train loss 0.6829 top1 0.9996 top5 1.0000
    [02:02:33] step 1350/11249 | avg train loss 0.6828 top1 0.9996 top5 1.0000
    [02:02:46] step 1400/11249 | avg train loss 0.6827 top1 0.9996 top5 1.0000
    [02:02:59] step 1450/11249 | avg train loss 0.6826 top1 0.9997 top5 1.0000
    [02:03:12] step 1500/11249 | avg train loss 0.6826 top1 0.9997 top5 1.0000
    [02:03:25] step 1550/11249 | avg train loss 0.6825 top1 0.9997 top5 1.0000
    [02:03:38] step 1600/11249 | avg train loss 0.6825 top1 0.9997 top5 1.0000
    [02:03:51] step 1650/11249 | avg train loss 0.6825 top1 0.9997 top5 1.0000
    [02:04:04] step 1700/11249 | avg train loss 0.6824 top1 0.9997 top5 1.0000
    [02:04:17] step 1750/11249 | avg train loss 0.6823 top1 0.9997 top5 1.0000
    [02:04:30] step 1800/11249 | avg train loss 0.6823 top1 0.9997 top5 1.0000
    [02:04:43] step 1850/11249 | avg train loss 0.6823 top1 0.9997 top5 1.0000
    [02:04:56] step 1900/11249 | avg train loss 0.6822 top1 0.9997 top5 1.0000
    [02:05:09] step 1950/11249 | avg train loss 0.6823 top1 0.9996 top5 1.0000
    [02:05:22] step 2000/11249 | avg train loss 0.6825 top1 0.9995 top5 1.0000
    [02:05:35] step 2050/11249 | avg train loss 0.6825 top1 0.9995 top5 1.0000
    [02:05:48] step 2100/11249 | avg train loss 0.6825 top1 0.9995 top5 1.0000
    [02:06:01] step 2150/11249 | avg train loss 0.6825 top1 0.9995 top5 1.0000
    [02:06:14] step 2200/11249 | avg train loss 0.6825 top1 0.9995 top5 1.0000
    [02:06:27] step 2250/11249 | avg train loss 0.6825 top1 0.9996 top5 1.0000
    [02:06:40] step 2300/11249 | avg train loss 0.6825 top1 0.9996 top5 1.0000
    [02:06:53] step 2350/11249 | avg train loss 0.6826 top1 0.9995 top5 1.0000
    [02:07:06] step 2400/11249 | avg train loss 0.6826 top1 0.9995 top5 1.0000
    [02:07:19] step 2450/11249 | avg train loss 0.6826 top1 0.9995 top5 1.0000
    [02:07:32] step 2500/11249 | avg train loss 0.6826 top1 0.9995 top5 1.0000
    [02:07:45] step 2550/11249 | avg train loss 0.6825 top1 0.9995 top5 1.0000
    [02:07:58] step 2600/11249 | avg train loss 0.6827 top1 0.9994 top5 1.0000
    [02:08:11] step 2650/11249 | avg train loss 0.6827 top1 0.9994 top5 1.0000
    [02:08:24] step 2700/11249 | avg train loss 0.6827 top1 0.9994 top5 1.0000
    [02:08:37] step 2750/11249 | avg train loss 0.6827 top1 0.9995 top5 1.0000
    [02:08:50] step 2800/11249 | avg train loss 0.6827 top1 0.9995 top5 1.0000
    [02:09:03] step 2850/11249 | avg train loss 0.6826 top1 0.9995 top5 1.0000
    [02:09:16] step 2900/11249 | avg train loss 0.6826 top1 0.9995 top5 1.0000
    [02:09:29] step 2950/11249 | avg train loss 0.6827 top1 0.9994 top5 1.0000
    [02:09:42] step 3000/11249 | avg train loss 0.6826 top1 0.9994 top5 1.0000
    [02:09:55] step 3050/11249 | avg train loss 0.6826 top1 0.9994 top5 1.0000
    [02:10:08] step 3100/11249 | avg train loss 0.6826 top1 0.9994 top5 1.0000
    [02:10:21] step 3150/11249 | avg train loss 0.6826 top1 0.9994 top5 1.0000
    [02:10:34] step 3200/11249 | avg train loss 0.6826 top1 0.9995 top5 1.0000
    [02:10:47] step 3250/11249 | avg train loss 0.6826 top1 0.9995 top5 1.0000
    [02:11:00] step 3300/11249 | avg train loss 0.6826 top1 0.9995 top5 1.0000
    [02:11:13] step 3350/11249 | avg train loss 0.6825 top1 0.9995 top5 1.0000
    [02:11:26] step 3400/11249 | avg train loss 0.6827 top1 0.9994 top5 1.0000
    [02:11:39] step 3450/11249 | avg train loss 0.6827 top1 0.9994 top5 1.0000
    [02:11:52] step 3500/11249 | avg train loss 0.6826 top1 0.9994 top5 1.0000
    [02:12:05] step 3550/11249 | avg train loss 0.6829 top1 0.9994 top5 1.0000
    [02:12:18] step 3600/11249 | avg train loss 0.6829 top1 0.9994 top5 1.0000
    [02:12:31] step 3650/11249 | avg train loss 0.6828 top1 0.9994 top5 1.0000
    [02:12:44] step 3700/11249 | avg train loss 0.6828 top1 0.9994 top5 1.0000
    [02:12:57] step 3750/11249 | avg train loss 0.6828 top1 0.9994 top5 1.0000
    [02:13:10] step 3800/11249 | avg train loss 0.6828 top1 0.9994 top5 1.0000
    [02:13:23] step 3850/11249 | avg train loss 0.6827 top1 0.9994 top5 1.0000
    [02:13:36] step 3900/11249 | avg train loss 0.6828 top1 0.9994 top5 1.0000
    [02:13:49] step 3950/11249 | avg train loss 0.6827 top1 0.9994 top5 1.0000
    [02:14:02] step 4000/11249 | avg train loss 0.6829 top1 0.9994 top5 1.0000
    [02:14:15] step 4050/11249 | avg train loss 0.6828 top1 0.9994 top5 1.0000
    [02:14:28] step 4100/11249 | avg train loss 0.6829 top1 0.9993 top5 1.0000
    [02:14:41] step 4150/11249 | avg train loss 0.6829 top1 0.9993 top5 1.0000
    [02:14:54] step 4200/11249 | avg train loss 0.6829 top1 0.9993 top5 1.0000
    [02:15:08] step 4250/11249 | avg train loss 0.6828 top1 0.9993 top5 1.0000
    [02:15:21] step 4300/11249 | avg train loss 0.6828 top1 0.9993 top5 1.0000
    [02:15:34] step 4350/11249 | avg train loss 0.6828 top1 0.9993 top5 1.0000
    [02:15:47] step 4400/11249 | avg train loss 0.6827 top1 0.9993 top5 1.0000
    [02:16:00] step 4450/11249 | avg train loss 0.6827 top1 0.9993 top5 1.0000
    [02:16:13] step 4500/11249 | avg train loss 0.6827 top1 0.9993 top5 1.0000
    [02:16:26] step 4550/11249 | avg train loss 0.6827 top1 0.9993 top5 1.0000
    [02:16:39] step 4600/11249 | avg train loss 0.6826 top1 0.9993 top5 1.0000
    [02:16:52] step 4650/11249 | avg train loss 0.6826 top1 0.9994 top5 1.0000
    [02:17:05] step 4700/11249 | avg train loss 0.6827 top1 0.9993 top5 1.0000
    [02:17:18] step 4750/11249 | avg train loss 0.6827 top1 0.9993 top5 1.0000
    [02:17:31] step 4800/11249 | avg train loss 0.6827 top1 0.9993 top5 1.0000
    [02:17:44] step 4850/11249 | avg train loss 0.6831 top1 0.9992 top5 1.0000
    [02:17:57] step 4900/11249 | avg train loss 0.6831 top1 0.9992 top5 1.0000
    [02:18:10] step 4950/11249 | avg train loss 0.6832 top1 0.9992 top5 1.0000
    [02:18:23] step 5000/11249 | avg train loss 0.6831 top1 0.9992 top5 1.0000
    [02:18:36] step 5050/11249 | avg train loss 0.6831 top1 0.9992 top5 1.0000
    [02:18:49] step 5100/11249 | avg train loss 0.6831 top1 0.9992 top5 1.0000
    [02:19:02] step 5150/11249 | avg train loss 0.6831 top1 0.9992 top5 1.0000
    [02:19:15] step 5200/11249 | avg train loss 0.6830 top1 0.9992 top5 1.0000
    [02:19:28] step 5250/11249 | avg train loss 0.6830 top1 0.9992 top5 1.0000
    [02:19:41] step 5300/11249 | avg train loss 0.6830 top1 0.9992 top5 1.0000
    [02:19:54] step 5350/11249 | avg train loss 0.6831 top1 0.9992 top5 1.0000
    [02:20:07] step 5400/11249 | avg train loss 0.6832 top1 0.9992 top5 1.0000
    [02:20:20] step 5450/11249 | avg train loss 0.6832 top1 0.9991 top5 1.0000
    [02:20:33] step 5500/11249 | avg train loss 0.6832 top1 0.9991 top5 1.0000
    [02:20:46] step 5550/11249 | avg train loss 0.6832 top1 0.9991 top5 1.0000
    [02:20:59] step 5600/11249 | avg train loss 0.6832 top1 0.9992 top5 1.0000
    [02:21:12] step 5650/11249 | avg train loss 0.6831 top1 0.9992 top5 1.0000
    [02:21:25] step 5700/11249 | avg train loss 0.6831 top1 0.9992 top5 1.0000
    [02:21:38] step 5750/11249 | avg train loss 0.6831 top1 0.9992 top5 1.0000
    [02:21:51] step 5800/11249 | avg train loss 0.6831 top1 0.9992 top5 1.0000
    [02:22:04] step 5850/11249 | avg train loss 0.6831 top1 0.9991 top5 1.0000
    [02:22:17] step 5900/11249 | avg train loss 0.6831 top1 0.9992 top5 1.0000
    [02:22:30] step 5950/11249 | avg train loss 0.6831 top1 0.9992 top5 1.0000
    [02:22:43] step 6000/11249 | avg train loss 0.6830 top1 0.9992 top5 1.0000
    [02:22:56] step 6050/11249 | avg train loss 0.6830 top1 0.9992 top5 1.0000
    [02:23:09] step 6100/11249 | avg train loss 0.6830 top1 0.9992 top5 1.0000
    [02:23:22] step 6150/11249 | avg train loss 0.6831 top1 0.9991 top5 1.0000
    [02:23:35] step 6200/11249 | avg train loss 0.6831 top1 0.9992 top5 1.0000
    [02:23:48] step 6250/11249 | avg train loss 0.6831 top1 0.9992 top5 1.0000
    [02:24:01] step 6300/11249 | avg train loss 0.6831 top1 0.9992 top5 1.0000
    [02:24:14] step 6350/11249 | avg train loss 0.6831 top1 0.9992 top5 1.0000
    [02:24:27] step 6400/11249 | avg train loss 0.6831 top1 0.9992 top5 1.0000
    [02:24:40] step 6450/11249 | avg train loss 0.6832 top1 0.9991 top5 1.0000
    [02:24:53] step 6500/11249 | avg train loss 0.6832 top1 0.9992 top5 1.0000
    [02:25:06] step 6550/11249 | avg train loss 0.6832 top1 0.9992 top5 1.0000
    [02:25:19] step 6600/11249 | avg train loss 0.6831 top1 0.9992 top5 1.0000
    [02:25:32] step 6650/11249 | avg train loss 0.6831 top1 0.9992 top5 1.0000
    [02:25:45] step 6700/11249 | avg train loss 0.6831 top1 0.9992 top5 1.0000
    [02:25:58] step 6750/11249 | avg train loss 0.6831 top1 0.9992 top5 1.0000
    [02:26:11] step 6800/11249 | avg train loss 0.6831 top1 0.9992 top5 1.0000
    [02:26:24] step 6850/11249 | avg train loss 0.6830 top1 0.9992 top5 1.0000
    [02:26:37] step 6900/11249 | avg train loss 0.6830 top1 0.9992 top5 1.0000
    [02:26:50] step 6950/11249 | avg train loss 0.6830 top1 0.9992 top5 1.0000
    [02:27:03] step 7000/11249 | avg train loss 0.6830 top1 0.9992 top5 1.0000
    [02:27:16] step 7050/11249 | avg train loss 0.6830 top1 0.9992 top5 1.0000
    [02:27:29] step 7100/11249 | avg train loss 0.6831 top1 0.9992 top5 1.0000
    [02:27:42] step 7150/11249 | avg train loss 0.6831 top1 0.9991 top5 1.0000
    [02:27:55] step 7200/11249 | avg train loss 0.6831 top1 0.9991 top5 1.0000
    [02:28:08] step 7250/11249 | avg train loss 0.6831 top1 0.9991 top5 1.0000
    [02:28:22] step 7300/11249 | avg train loss 0.6831 top1 0.9991 top5 1.0000
    [02:28:35] step 7350/11249 | avg train loss 0.6831 top1 0.9991 top5 1.0000
    [02:28:48] step 7400/11249 | avg train loss 0.6831 top1 0.9991 top5 1.0000
    [02:29:01] step 7450/11249 | avg train loss 0.6831 top1 0.9991 top5 1.0000
    [02:29:14] step 7500/11249 | avg train loss 0.6831 top1 0.9991 top5 1.0000
    [02:29:27] step 7550/11249 | avg train loss 0.6831 top1 0.9991 top5 1.0000
    [02:29:40] step 7600/11249 | avg train loss 0.6830 top1 0.9991 top5 1.0000
    [02:29:53] step 7650/11249 | avg train loss 0.6831 top1 0.9991 top5 1.0000
    [02:30:06] step 7700/11249 | avg train loss 0.6831 top1 0.9991 top5 1.0000
    [02:30:19] step 7750/11249 | avg train loss 0.6831 top1 0.9991 top5 1.0000
    [02:30:32] step 7800/11249 | avg train loss 0.6831 top1 0.9991 top5 1.0000
    [02:30:45] step 7850/11249 | avg train loss 0.6831 top1 0.9991 top5 1.0000
    [02:30:58] step 7900/11249 | avg train loss 0.6830 top1 0.9991 top5 1.0000
    [02:31:11] step 7950/11249 | avg train loss 0.6831 top1 0.9991 top5 1.0000
    [02:31:24] step 8000/11249 | avg train loss 0.6831 top1 0.9991 top5 1.0000
    [02:31:37] step 8050/11249 | avg train loss 0.6831 top1 0.9991 top5 1.0000
    [02:31:50] step 8100/11249 | avg train loss 0.6830 top1 0.9991 top5 1.0000
    [02:32:03] step 8150/11249 | avg train loss 0.6830 top1 0.9991 top5 1.0000
    [02:32:16] step 8200/11249 | avg train loss 0.6830 top1 0.9991 top5 1.0000
    [02:32:29] step 8250/11249 | avg train loss 0.6830 top1 0.9991 top5 1.0000
    [02:32:42] step 8300/11249 | avg train loss 0.6830 top1 0.9991 top5 1.0000
    [02:32:55] step 8350/11249 | avg train loss 0.6829 top1 0.9991 top5 1.0000
    [02:33:08] step 8400/11249 | avg train loss 0.6829 top1 0.9991 top5 1.0000
    [02:33:21] step 8450/11249 | avg train loss 0.6829 top1 0.9991 top5 1.0000
    [02:33:34] step 8500/11249 | avg train loss 0.6829 top1 0.9991 top5 1.0000
    [02:33:47] step 8550/11249 | avg train loss 0.6829 top1 0.9991 top5 1.0000
    [02:34:00] step 8600/11249 | avg train loss 0.6829 top1 0.9991 top5 1.0000
    [02:34:13] step 8650/11249 | avg train loss 0.6829 top1 0.9991 top5 1.0000
    [02:34:26] step 8700/11249 | avg train loss 0.6829 top1 0.9991 top5 1.0000
    [02:34:39] step 8750/11249 | avg train loss 0.6829 top1 0.9991 top5 1.0000
    [02:34:52] step 8800/11249 | avg train loss 0.6829 top1 0.9991 top5 1.0000
    [02:35:05] step 8850/11249 | avg train loss 0.6829 top1 0.9991 top5 1.0000
    [02:35:18] step 8900/11249 | avg train loss 0.6829 top1 0.9991 top5 1.0000
    [02:35:31] step 8950/11249 | avg train loss 0.6829 top1 0.9991 top5 1.0000
    [02:35:44] step 9000/11249 | avg train loss 0.6829 top1 0.9991 top5 1.0000
    [02:35:57] step 9050/11249 | avg train loss 0.6829 top1 0.9991 top5 1.0000
    [02:36:10] step 9100/11249 | avg train loss 0.6829 top1 0.9991 top5 1.0000
    [02:36:23] step 9150/11249 | avg train loss 0.6829 top1 0.9991 top5 1.0000
    [02:36:36] step 9200/11249 | avg train loss 0.6829 top1 0.9991 top5 1.0000
    [02:36:49] step 9250/11249 | avg train loss 0.6829 top1 0.9991 top5 1.0000
    [02:37:02] step 9300/11249 | avg train loss 0.6829 top1 0.9991 top5 1.0000
    [02:37:15] step 9350/11249 | avg train loss 0.6829 top1 0.9991 top5 1.0000
    [02:37:28] step 9400/11249 | avg train loss 0.6829 top1 0.9991 top5 1.0000
    [02:37:41] step 9450/11249 | avg train loss 0.6829 top1 0.9991 top5 1.0000
    [02:37:54] step 9500/11249 | avg train loss 0.6829 top1 0.9991 top5 1.0000
    [02:38:07] step 9550/11249 | avg train loss 0.6829 top1 0.9991 top5 1.0000
    [02:38:20] step 9600/11249 | avg train loss 0.6828 top1 0.9991 top5 1.0000
    [02:38:33] step 9650/11249 | avg train loss 0.6828 top1 0.9991 top5 1.0000
    [02:38:46] step 9700/11249 | avg train loss 0.6828 top1 0.9991 top5 1.0000
    [02:38:59] step 9750/11249 | avg train loss 0.6828 top1 0.9992 top5 1.0000
    [02:39:12] step 9800/11249 | avg train loss 0.6828 top1 0.9992 top5 1.0000
    [02:39:25] step 9850/11249 | avg train loss 0.6828 top1 0.9992 top5 1.0000
    [02:39:38] step 9900/11249 | avg train loss 0.6828 top1 0.9992 top5 1.0000
    [02:39:51] step 9950/11249 | avg train loss 0.6828 top1 0.9992 top5 1.0000
    [02:40:05] step 10000/11249 | avg train loss 0.6828 top1 0.9991 top5 1.0000
    [02:40:18] step 10050/11249 | avg train loss 0.6828 top1 0.9992 top5 1.0000
    [02:40:31] step 10100/11249 | avg train loss 0.6828 top1 0.9992 top5 1.0000
    [02:40:44] step 10150/11249 | avg train loss 0.6828 top1 0.9992 top5 1.0000
    [02:40:57] step 10200/11249 | avg train loss 0.6828 top1 0.9991 top5 1.0000
    [02:41:10] step 10250/11249 | avg train loss 0.6828 top1 0.9991 top5 1.0000
    [02:41:23] step 10300/11249 | avg train loss 0.6828 top1 0.9991 top5 1.0000
    [02:41:36] step 10350/11249 | avg train loss 0.6828 top1 0.9991 top5 1.0000
    [02:41:49] step 10400/11249 | avg train loss 0.6829 top1 0.9991 top5 1.0000
    [02:42:02] step 10450/11249 | avg train loss 0.6828 top1 0.9991 top5 1.0000
    [02:42:15] step 10500/11249 | avg train loss 0.6828 top1 0.9991 top5 1.0000
    [02:42:28] step 10550/11249 | avg train loss 0.6828 top1 0.9991 top5 1.0000
    [02:42:41] step 10600/11249 | avg train loss 0.6828 top1 0.9991 top5 1.0000
    [02:42:54] step 10650/11249 | avg train loss 0.6828 top1 0.9991 top5 1.0000
    [02:43:07] step 10700/11249 | avg train loss 0.6828 top1 0.9991 top5 1.0000
    [02:43:20] step 10750/11249 | avg train loss 0.6831 top1 0.9990 top5 1.0000
    [02:43:33] step 10800/11249 | avg train loss 0.6831 top1 0.9991 top5 1.0000
    [02:43:46] step 10850/11249 | avg train loss 0.6831 top1 0.9990 top5 1.0000
    [02:43:59] step 10900/11249 | avg train loss 0.6831 top1 0.9990 top5 1.0000
    [02:44:12] step 10950/11249 | avg train loss 0.6831 top1 0.9990 top5 1.0000
    [02:44:25] step 11000/11249 | avg train loss 0.6831 top1 0.9990 top5 1.0000
    [02:44:38] step 11050/11249 | avg train loss 0.6831 top1 0.9990 top5 1.0000
    [02:44:51] step 11100/11249 | avg train loss 0.6830 top1 0.9991 top5 1.0000
    [02:45:04] step 11150/11249 | avg train loss 0.6830 top1 0.9991 top5 1.0000
    [02:45:17] step 11200/11249 | avg train loss 0.6831 top1 0.9990 top5 1.0000
    [02:45:30] step 11249/11249 | avg train loss 0.6831 top1 0.9990 top5 1.0000
Epoch 14/15 | train loss 0.6831 top1 0.9990 | val loss 1.4568 top1 0.6615 top5 0.8636 | ema val top1 0.6615 top5 0.8654
    [02:56:47] step 50/11249 | avg train loss 0.7038 top1 0.9950 top5 1.0000
    [02:57:00] step 100/11249 | avg train loss 0.6946 top1 0.9950 top5 1.0000
    [02:57:13] step 150/11249 | avg train loss 0.6891 top1 0.9967 top5 1.0000
    [02:57:26] step 200/11249 | avg train loss 0.6871 top1 0.9975 top5 1.0000
    [02:57:39] step 250/11249 | avg train loss 0.6854 top1 0.9980 top5 1.0000
    [02:57:52] step 300/11249 | avg train loss 0.6842 top1 0.9983 top5 1.0000
    [02:58:05] step 350/11249 | avg train loss 0.6833 top1 0.9986 top5 1.0000
    [02:58:18] step 400/11249 | avg train loss 0.6826 top1 0.9988 top5 1.0000
    [02:58:31] step 450/11249 | avg train loss 0.6824 top1 0.9989 top5 1.0000
    [02:58:44] step 500/11249 | avg train loss 0.6818 top1 0.9990 top5 1.0000
    [02:58:57] step 550/11249 | avg train loss 0.6815 top1 0.9991 top5 1.0000
    [02:59:10] step 600/11249 | avg train loss 0.6811 top1 0.9992 top5 1.0000
    [02:59:23] step 650/11249 | avg train loss 0.6813 top1 0.9988 top5 1.0000
    [02:59:36] step 700/11249 | avg train loss 0.6810 top1 0.9989 top5 1.0000
    [02:59:49] step 750/11249 | avg train loss 0.6808 top1 0.9990 top5 1.0000
    [03:00:02] step 800/11249 | avg train loss 0.6806 top1 0.9991 top5 1.0000
    [03:00:15] step 850/11249 | avg train loss 0.6804 top1 0.9991 top5 1.0000
    [03:00:28] step 900/11249 | avg train loss 0.6803 top1 0.9992 top5 1.0000
    [03:00:41] step 950/11249 | avg train loss 0.6801 top1 0.9992 top5 1.0000
    [03:00:54] step 1000/11249 | avg train loss 0.6799 top1 0.9992 top5 1.0000
    [03:01:07] step 1050/11249 | avg train loss 0.6799 top1 0.9993 top5 1.0000
    [03:01:20] step 1100/11249 | avg train loss 0.6799 top1 0.9991 top5 1.0000
    [03:01:33] step 1150/11249 | avg train loss 0.6802 top1 0.9989 top5 1.0000
    [03:01:46] step 1200/11249 | avg train loss 0.6800 top1 0.9990 top5 1.0000
    [03:01:59] step 1250/11249 | avg train loss 0.6799 top1 0.9990 top5 1.0000
    [03:02:12] step 1300/11249 | avg train loss 0.6798 top1 0.9990 top5 1.0000
    [03:02:25] step 1350/11249 | avg train loss 0.6798 top1 0.9991 top5 1.0000
    [03:02:38] step 1400/11249 | avg train loss 0.6797 top1 0.9991 top5 1.0000
    [03:02:51] step 1450/11249 | avg train loss 0.6796 top1 0.9991 top5 1.0000
    [03:03:04] step 1500/11249 | avg train loss 0.6795 top1 0.9992 top5 1.0000
    [03:03:17] step 1550/11249 | avg train loss 0.6794 top1 0.9992 top5 1.0000
    [03:03:30] step 1600/11249 | avg train loss 0.6793 top1 0.9992 top5 1.0000
    [03:03:43] step 1650/11249 | avg train loss 0.6793 top1 0.9992 top5 1.0000
    [03:03:56] step 1700/11249 | avg train loss 0.6792 top1 0.9993 top5 1.0000
    [03:04:09] step 1750/11249 | avg train loss 0.6791 top1 0.9993 top5 1.0000
    [03:04:22] step 1800/11249 | avg train loss 0.6791 top1 0.9993 top5 1.0000
    [03:04:35] step 1850/11249 | avg train loss 0.6791 top1 0.9993 top5 1.0000
    [03:04:48] step 1900/11249 | avg train loss 0.6790 top1 0.9993 top5 1.0000
    [03:05:01] step 1950/11249 | avg train loss 0.6790 top1 0.9994 top5 1.0000
    [03:05:14] step 2000/11249 | avg train loss 0.6789 top1 0.9994 top5 1.0000
    [03:05:27] step 2050/11249 | avg train loss 0.6789 top1 0.9994 top5 1.0000
    [03:05:40] step 2100/11249 | avg train loss 0.6789 top1 0.9994 top5 1.0000
    [03:05:53] step 2150/11249 | avg train loss 0.6788 top1 0.9994 top5 1.0000
    [03:06:06] step 2200/11249 | avg train loss 0.6788 top1 0.9994 top5 1.0000
    [03:06:19] step 2250/11249 | avg train loss 0.6787 top1 0.9994 top5 1.0000
    [03:06:32] step 2300/11249 | avg train loss 0.6791 top1 0.9993 top5 1.0000
    [03:06:45] step 2350/11249 | avg train loss 0.6791 top1 0.9994 top5 1.0000
    [03:06:58] step 2400/11249 | avg train loss 0.6791 top1 0.9994 top5 1.0000
    [03:07:11] step 2450/11249 | avg train loss 0.6790 top1 0.9994 top5 1.0000
    [03:07:24] step 2500/11249 | avg train loss 0.6790 top1 0.9994 top5 1.0000
    [03:07:37] step 2550/11249 | avg train loss 0.6789 top1 0.9994 top5 1.0000
    [03:07:51] step 2600/11249 | avg train loss 0.6789 top1 0.9994 top5 1.0000
    [03:08:04] step 2650/11249 | avg train loss 0.6788 top1 0.9994 top5 1.0000
    [03:08:17] step 2700/11249 | avg train loss 0.6788 top1 0.9994 top5 1.0000
    [03:08:30] step 2750/11249 | avg train loss 0.6788 top1 0.9995 top5 1.0000
    [03:08:43] step 2800/11249 | avg train loss 0.6788 top1 0.9995 top5 1.0000
    [03:08:56] step 2850/11249 | avg train loss 0.6787 top1 0.9995 top5 1.0000
    [03:09:09] step 2900/11249 | avg train loss 0.6787 top1 0.9995 top5 1.0000
    [03:09:22] step 2950/11249 | avg train loss 0.6787 top1 0.9995 top5 1.0000
    [03:09:35] step 3000/11249 | avg train loss 0.6790 top1 0.9994 top5 1.0000
    [03:09:48] step 3050/11249 | avg train loss 0.6790 top1 0.9994 top5 1.0000
    [03:10:01] step 3100/11249 | avg train loss 0.6789 top1 0.9994 top5 1.0000
    [03:10:14] step 3150/11249 | avg train loss 0.6789 top1 0.9994 top5 1.0000
    [03:10:27] step 3200/11249 | avg train loss 0.6789 top1 0.9995 top5 1.0000
    [03:10:40] step 3250/11249 | avg train loss 0.6789 top1 0.9995 top5 1.0000
    [03:10:53] step 3300/11249 | avg train loss 0.6789 top1 0.9995 top5 1.0000
    [03:11:06] step 3350/11249 | avg train loss 0.6789 top1 0.9995 top5 1.0000
    [03:11:19] step 3400/11249 | avg train loss 0.6789 top1 0.9995 top5 1.0000
    [03:11:32] step 3450/11249 | avg train loss 0.6789 top1 0.9995 top5 1.0000
    [03:11:45] step 3500/11249 | avg train loss 0.6788 top1 0.9995 top5 1.0000
    [03:11:58] step 3550/11249 | avg train loss 0.6790 top1 0.9994 top5 1.0000
    [03:12:11] step 3600/11249 | avg train loss 0.6790 top1 0.9994 top5 1.0000
    [03:12:24] step 3650/11249 | avg train loss 0.6790 top1 0.9995 top5 1.0000
    [03:12:37] step 3700/11249 | avg train loss 0.6790 top1 0.9995 top5 1.0000
    [03:12:50] step 3750/11249 | avg train loss 0.6789 top1 0.9995 top5 1.0000
    [03:13:03] step 3800/11249 | avg train loss 0.6789 top1 0.9995 top5 1.0000
    [03:13:16] step 3850/11249 | avg train loss 0.6789 top1 0.9995 top5 1.0000
    [03:13:29] step 3900/11249 | avg train loss 0.6788 top1 0.9995 top5 1.0000
    [03:13:42] step 3950/11249 | avg train loss 0.6788 top1 0.9995 top5 1.0000
    [03:13:55] step 4000/11249 | avg train loss 0.6788 top1 0.9995 top5 1.0000
    [03:14:08] step 4050/11249 | avg train loss 0.6788 top1 0.9995 top5 1.0000
    [03:14:21] step 4100/11249 | avg train loss 0.6789 top1 0.9995 top5 1.0000
    [03:14:34] step 4150/11249 | avg train loss 0.6789 top1 0.9995 top5 1.0000
    [03:14:47] step 4200/11249 | avg train loss 0.6789 top1 0.9995 top5 1.0000
    [03:15:00] step 4250/11249 | avg train loss 0.6789 top1 0.9995 top5 1.0000
    [03:15:13] step 4300/11249 | avg train loss 0.6789 top1 0.9994 top5 1.0000
    [03:15:26] step 4350/11249 | avg train loss 0.6789 top1 0.9994 top5 1.0000
    [03:15:39] step 4400/11249 | avg train loss 0.6789 top1 0.9994 top5 1.0000
    [03:15:52] step 4450/11249 | avg train loss 0.6789 top1 0.9994 top5 1.0000
    [03:16:05] step 4500/11249 | avg train loss 0.6788 top1 0.9994 top5 1.0000
    [03:16:18] step 4550/11249 | avg train loss 0.6788 top1 0.9995 top5 1.0000
    [03:16:31] step 4600/11249 | avg train loss 0.6788 top1 0.9995 top5 1.0000
    [03:16:44] step 4650/11249 | avg train loss 0.6788 top1 0.9995 top5 1.0000
    [03:16:57] step 4700/11249 | avg train loss 0.6787 top1 0.9995 top5 1.0000
    [03:17:11] step 4750/11249 | avg train loss 0.6787 top1 0.9995 top5 1.0000
    [03:17:24] step 4800/11249 | avg train loss 0.6787 top1 0.9995 top5 1.0000
    [03:17:37] step 4850/11249 | avg train loss 0.6787 top1 0.9995 top5 1.0000
    [03:17:50] step 4900/11249 | avg train loss 0.6786 top1 0.9995 top5 1.0000
    [03:18:03] step 4950/11249 | avg train loss 0.6786 top1 0.9995 top5 1.0000
    [03:18:16] step 5000/11249 | avg train loss 0.6786 top1 0.9995 top5 1.0000
    [03:18:29] step 5050/11249 | avg train loss 0.6786 top1 0.9995 top5 1.0000
    [03:18:42] step 5100/11249 | avg train loss 0.6786 top1 0.9995 top5 1.0000
    [03:18:55] step 5150/11249 | avg train loss 0.6785 top1 0.9995 top5 1.0000
    [03:19:08] step 5200/11249 | avg train loss 0.6785 top1 0.9995 top5 1.0000
    [03:19:21] step 5250/11249 | avg train loss 0.6787 top1 0.9995 top5 1.0000
    [03:19:34] step 5300/11249 | avg train loss 0.6787 top1 0.9995 top5 1.0000
    [03:19:47] step 5350/11249 | avg train loss 0.6787 top1 0.9995 top5 1.0000
    [03:20:00] step 5400/11249 | avg train loss 0.6787 top1 0.9995 top5 1.0000
    [03:20:13] step 5450/11249 | avg train loss 0.6787 top1 0.9995 top5 1.0000
    [03:20:26] step 5500/11249 | avg train loss 0.6787 top1 0.9995 top5 1.0000
    [03:20:39] step 5550/11249 | avg train loss 0.6786 top1 0.9995 top5 1.0000
    [03:20:52] step 5600/11249 | avg train loss 0.6786 top1 0.9995 top5 1.0000
    [03:21:05] step 5650/11249 | avg train loss 0.6786 top1 0.9995 top5 1.0000
    [03:21:18] step 5700/11249 | avg train loss 0.6786 top1 0.9995 top5 1.0000
    [03:21:31] step 5750/11249 | avg train loss 0.6786 top1 0.9995 top5 1.0000
    [03:21:44] step 5800/11249 | avg train loss 0.6786 top1 0.9995 top5 1.0000
    [03:21:57] step 5850/11249 | avg train loss 0.6786 top1 0.9995 top5 1.0000
    [03:22:10] step 5900/11249 | avg train loss 0.6785 top1 0.9995 top5 1.0000
    [03:22:23] step 5950/11249 | avg train loss 0.6785 top1 0.9995 top5 1.0000
    [03:22:36] step 6000/11249 | avg train loss 0.6785 top1 0.9995 top5 1.0000
    [03:22:49] step 6050/11249 | avg train loss 0.6785 top1 0.9995 top5 1.0000
    [03:23:02] step 6100/11249 | avg train loss 0.6785 top1 0.9995 top5 1.0000
    [03:23:15] step 6150/11249 | avg train loss 0.6784 top1 0.9996 top5 1.0000
    [03:23:28] step 6200/11249 | avg train loss 0.6784 top1 0.9996 top5 1.0000
    [03:23:41] step 6250/11249 | avg train loss 0.6784 top1 0.9996 top5 1.0000
    [03:23:54] step 6300/11249 | avg train loss 0.6784 top1 0.9996 top5 1.0000
    [03:24:07] step 6350/11249 | avg train loss 0.6784 top1 0.9996 top5 1.0000
    [03:24:20] step 6400/11249 | avg train loss 0.6784 top1 0.9996 top5 1.0000
    [03:24:33] step 6450/11249 | avg train loss 0.6784 top1 0.9996 top5 1.0000
    [03:24:46] step 6500/11249 | avg train loss 0.6784 top1 0.9996 top5 1.0000
    [03:24:59] step 6550/11249 | avg train loss 0.6784 top1 0.9996 top5 1.0000
    [03:25:12] step 6600/11249 | avg train loss 0.6784 top1 0.9996 top5 1.0000
    [03:25:25] step 6650/11249 | avg train loss 0.6783 top1 0.9996 top5 1.0000
    [03:25:38] step 6700/11249 | avg train loss 0.6783 top1 0.9996 top5 1.0000
    [03:25:51] step 6750/11249 | avg train loss 0.6783 top1 0.9996 top5 1.0000
    [03:26:04] step 6800/11249 | avg train loss 0.6783 top1 0.9996 top5 1.0000
    [03:26:17] step 6850/11249 | avg train loss 0.6785 top1 0.9996 top5 1.0000
    [03:26:30] step 6900/11249 | avg train loss 0.6785 top1 0.9996 top5 1.0000
    [03:26:43] step 6950/11249 | avg train loss 0.6785 top1 0.9996 top5 1.0000
    [03:26:56] step 7000/11249 | avg train loss 0.6785 top1 0.9996 top5 1.0000
    [03:27:10] step 7050/11249 | avg train loss 0.6784 top1 0.9996 top5 1.0000
    [03:27:23] step 7100/11249 | avg train loss 0.6784 top1 0.9996 top5 1.0000
    [03:27:36] step 7150/11249 | avg train loss 0.6784 top1 0.9996 top5 1.0000
    [03:27:49] step 7200/11249 | avg train loss 0.6784 top1 0.9996 top5 1.0000
    [03:28:02] step 7250/11249 | avg train loss 0.6784 top1 0.9996 top5 1.0000
    [03:28:15] step 7300/11249 | avg train loss 0.6784 top1 0.9996 top5 1.0000
    [03:28:28] step 7350/11249 | avg train loss 0.6784 top1 0.9996 top5 1.0000
    [03:28:41] step 7400/11249 | avg train loss 0.6784 top1 0.9996 top5 1.0000
    [03:28:54] step 7450/11249 | avg train loss 0.6784 top1 0.9996 top5 1.0000
    [03:29:07] step 7500/11249 | avg train loss 0.6784 top1 0.9996 top5 1.0000
    [03:29:20] step 7550/11249 | avg train loss 0.6783 top1 0.9996 top5 1.0000
    [03:29:33] step 7600/11249 | avg train loss 0.6783 top1 0.9996 top5 1.0000
    [03:29:46] step 7650/11249 | avg train loss 0.6783 top1 0.9996 top5 1.0000
    [03:29:59] step 7700/11249 | avg train loss 0.6783 top1 0.9996 top5 1.0000
    [03:30:12] step 7750/11249 | avg train loss 0.6783 top1 0.9996 top5 1.0000
    [03:30:25] step 7800/11249 | avg train loss 0.6783 top1 0.9996 top5 1.0000
    [03:30:38] step 7850/11249 | avg train loss 0.6783 top1 0.9996 top5 1.0000
    [03:30:51] step 7900/11249 | avg train loss 0.6783 top1 0.9996 top5 1.0000
    [03:31:04] step 7950/11249 | avg train loss 0.6783 top1 0.9996 top5 1.0000
    [03:31:17] step 8000/11249 | avg train loss 0.6782 top1 0.9996 top5 1.0000
    [03:31:30] step 8050/11249 | avg train loss 0.6782 top1 0.9996 top5 1.0000
    [03:31:43] step 8100/11249 | avg train loss 0.6782 top1 0.9996 top5 1.0000
    [03:31:56] step 8150/11249 | avg train loss 0.6782 top1 0.9996 top5 1.0000
    [03:32:09] step 8200/11249 | avg train loss 0.6782 top1 0.9996 top5 1.0000
    [03:32:22] step 8250/11249 | avg train loss 0.6782 top1 0.9996 top5 1.0000
    [03:32:35] step 8300/11249 | avg train loss 0.6782 top1 0.9996 top5 1.0000
    [03:32:48] step 8350/11249 | avg train loss 0.6782 top1 0.9996 top5 1.0000
    [03:33:01] step 8400/11249 | avg train loss 0.6782 top1 0.9996 top5 1.0000
    [03:33:14] step 8450/11249 | avg train loss 0.6782 top1 0.9996 top5 1.0000
    [03:33:27] step 8500/11249 | avg train loss 0.6782 top1 0.9996 top5 1.0000
    [03:33:40] step 8550/11249 | avg train loss 0.6782 top1 0.9996 top5 1.0000
    [03:33:53] step 8600/11249 | avg train loss 0.6782 top1 0.9996 top5 1.0000
    [03:34:06] step 8650/11249 | avg train loss 0.6782 top1 0.9996 top5 1.0000
    [03:34:19] step 8700/11249 | avg train loss 0.6781 top1 0.9996 top5 1.0000
    [03:34:32] step 8750/11249 | avg train loss 0.6781 top1 0.9996 top5 1.0000
    [03:34:45] step 8800/11249 | avg train loss 0.6781 top1 0.9996 top5 1.0000
    [03:34:58] step 8850/11249 | avg train loss 0.6781 top1 0.9996 top5 1.0000
    [03:35:11] step 8900/11249 | avg train loss 0.6781 top1 0.9996 top5 1.0000
    [03:35:24] step 8950/11249 | avg train loss 0.6781 top1 0.9996 top5 1.0000
    [03:35:37] step 9000/11249 | avg train loss 0.6781 top1 0.9996 top5 1.0000
    [03:35:50] step 9050/11249 | avg train loss 0.6781 top1 0.9996 top5 1.0000
    [03:36:03] step 9100/11249 | avg train loss 0.6781 top1 0.9996 top5 1.0000
    [03:36:16] step 9150/11249 | avg train loss 0.6781 top1 0.9996 top5 1.0000
    [03:36:29] step 9200/11249 | avg train loss 0.6781 top1 0.9996 top5 1.0000
    [03:36:42] step 9250/11249 | avg train loss 0.6781 top1 0.9996 top5 1.0000
    [03:36:56] step 9300/11249 | avg train loss 0.6781 top1 0.9996 top5 1.0000
    [03:37:09] step 9350/11249 | avg train loss 0.6781 top1 0.9996 top5 1.0000
    [03:37:22] step 9400/11249 | avg train loss 0.6780 top1 0.9996 top5 1.0000
    [03:37:35] step 9450/11249 | avg train loss 0.6782 top1 0.9996 top5 1.0000
    [03:37:48] step 9500/11249 | avg train loss 0.6781 top1 0.9996 top5 1.0000
    [03:38:01] step 9550/11249 | avg train loss 0.6781 top1 0.9996 top5 1.0000
    [03:38:14] step 9600/11249 | avg train loss 0.6781 top1 0.9996 top5 1.0000
    [03:38:27] step 9650/11249 | avg train loss 0.6781 top1 0.9996 top5 1.0000
    [03:38:40] step 9700/11249 | avg train loss 0.6781 top1 0.9996 top5 1.0000
    [03:38:53] step 9750/11249 | avg train loss 0.6781 top1 0.9996 top5 1.0000
    [03:39:06] step 9800/11249 | avg train loss 0.6781 top1 0.9996 top5 1.0000
    [03:39:19] step 9850/11249 | avg train loss 0.6781 top1 0.9996 top5 1.0000
    [03:39:32] step 9900/11249 | avg train loss 0.6781 top1 0.9996 top5 1.0000
    [03:39:45] step 9950/11249 | avg train loss 0.6781 top1 0.9996 top5 1.0000
    [03:39:58] step 10000/11249 | avg train loss 0.6781 top1 0.9996 top5 1.0000
    [03:40:11] step 10050/11249 | avg train loss 0.6780 top1 0.9996 top5 1.0000
    [03:40:24] step 10100/11249 | avg train loss 0.6781 top1 0.9996 top5 1.0000
    [03:40:37] step 10150/11249 | avg train loss 0.6780 top1 0.9996 top5 1.0000
    [03:40:50] step 10200/11249 | avg train loss 0.6780 top1 0.9996 top5 1.0000
    [03:41:03] step 10250/11249 | avg train loss 0.6780 top1 0.9996 top5 1.0000
    [03:41:16] step 10300/11249 | avg train loss 0.6780 top1 0.9996 top5 1.0000
    [03:41:29] step 10350/11249 | avg train loss 0.6780 top1 0.9996 top5 1.0000
    [03:41:42] step 10400/11249 | avg train loss 0.6780 top1 0.9996 top5 1.0000
    [03:41:55] step 10450/11249 | avg train loss 0.6780 top1 0.9996 top5 1.0000
    [03:42:08] step 10500/11249 | avg train loss 0.6780 top1 0.9996 top5 1.0000
    [03:42:21] step 10550/11249 | avg train loss 0.6780 top1 0.9996 top5 1.0000
    [03:42:34] step 10600/11249 | avg train loss 0.6780 top1 0.9996 top5 1.0000
    [03:42:47] step 10650/11249 | avg train loss 0.6780 top1 0.9996 top5 1.0000
    [03:43:00] step 10700/11249 | avg train loss 0.6780 top1 0.9996 top5 1.0000
    [03:43:13] step 10750/11249 | avg train loss 0.6780 top1 0.9996 top5 1.0000
    [03:43:26] step 10800/11249 | avg train loss 0.6780 top1 0.9996 top5 1.0000
    [03:43:39] step 10850/11249 | avg train loss 0.6780 top1 0.9996 top5 1.0000
    [03:43:52] step 10900/11249 | avg train loss 0.6780 top1 0.9996 top5 1.0000
    [03:44:05] step 10950/11249 | avg train loss 0.6780 top1 0.9996 top5 1.0000
    [03:44:18] step 11000/11249 | avg train loss 0.6780 top1 0.9996 top5 1.0000
    [03:44:31] step 11050/11249 | avg train loss 0.6780 top1 0.9996 top5 1.0000
    [03:44:44] step 11100/11249 | avg train loss 0.6780 top1 0.9996 top5 1.0000
    [03:44:57] step 11150/11249 | avg train loss 0.6780 top1 0.9996 top5 1.0000
    [03:45:10] step 11200/11249 | avg train loss 0.6780 top1 0.9996 top5 1.0000
    [03:45:23] step 11249/11249 | avg train loss 0.6780 top1 0.9996 top5 1.0000
[2026-05-23T03:56:25] Epoch 15/15 | train loss 0.6780 top1 0.9996 | val loss 1.4707 top1 0.6596 top5 0.8627 | ema val top1 0.6609 top5 0.8635
[cuda] cache emptied (run-end). Free: 19.74 / 23.54 GiB
Done. Best val top1: 0.6857. Checkpoint: /Data/thomas.turkieh/smth2smth/checkpoints/track_b/ssv2ft_frozen_probe.pt
