[videomaev2_t4native] 2026-05-23T04:50:48+02:00 pretrain ViT-B 500 ep T=4 native bs=96 (train+val+test)
model:
  name: video_mae_vit
  variant: vit_b
  num_classes: ${num_classes}
  tube_t: 1
  patch_size: 16
  mlp_ratio: 4.0
  drop_path_rate: 0.0
  dropout: 0.0
  head: mean
  head_num_heads: 4
  init_from: null
  interpolate_pos_embed: false
  interpolate_src_image_size: 224
  interpolate_src_num_frames: ${dataset.num_frames}
  gradient_checkpointing: false
  freeze_backbone: false
  residual_variant: prenorm
  hc_n: 4
  hc_sk_iters: 3
  hc_sk_tau: 1.0
dataset:
  root: ${hydra:runtime.cwd}/data
  train_dir: ${dataset.root}/train
  val_dir: ${dataset.root}/val
  test_dir: ${dataset.root}/test
  augmented_dirs: []
  test_manifest: null
  submission_output: ${hydra:runtime.cwd}/submissions/track_a.csv
  num_frames: 4
  val_ratio: 0.2
  use_official_val: false
  include_val_in_train: false
  official_val_holdout_ratio: 0.0
  seed: ${seed}
  use_extra: false
  train_extra_dir: ${dataset.root}/train_extra
  max_samples: null
  max_samples_per_class: null
  image_size: 224
  time_reversal_prob: 0.0
  temporal_reversal_augment:
    enabled: false
    prob: 0.5
  class_boosting:
    enabled: false
training:
  batch_size: 96
  lr: 0.0001
  epochs: 5
  num_workers: 8
  persistent_workers: true
  prefetch_factor: 4
  checkpoint_path: ${hydra:runtime.cwd}/checkpoints/track_a/best_model.pt
  resume_from: null
  lora_lr: null
  lora_lr_ratio: 0.25
  motion_lr: null
  motion_lr_ratio: null
  resume_apply_cfg_lr: false
  amp: true
  device: cuda
  optimizer: adam
  momentum: 0.9
  nesterov: false
  weight_decay: 0.0
  scheduler_cosine: false
  warmup_epochs: 0
  min_lr: 0.0
  label_smoothing: 0.0
  videomix_alpha: 0.0
  videomix_prob: 1.0
  videomix_mode: cube_cutmix
  videomix_mixup_alpha: null
  videomix_cutmix_alpha: null
  videomix_switch_prob: 0.5
  layer_decay: null
  repeated_aug: 1
  grad_accum_steps: 1
  amp_dtype: float16
  scheduler: none
  sgdr_T0: 30
  sgdr_save_snapshots: false
  early_stopping_enabled: false
  early_stopping_patience: 10
  early_stopping_min_delta: 0.0
  log_interval_steps: 0
  ema_enabled: false
  ema_decay: 0.999
  eval_every_n_epochs: 1
  eval_ema: true
  save_last_checkpoint: true
  last_checkpoint_path: null
  resume_reset_scheduler: false
  continuation_warmup_epochs: 0
  continuation_rewarm_lr: false
  continuation_peak_lr_ratio: 0.4
  tta: true
  tta_flip: true
  tta_temporal_shift: 0
  tta_scales:
  - 0.875
  - 1.0
  - 1.125
  tta_logit_adjust: 0.0
  class_balance_sampler: none
  class_balance_loss: none
  class_balance_beta: 0.999
augment:
  random_crop: true
  crop_padding: 32
  random_horizontal_flip: false
pretrain:
  epochs: 500
  warmup_epochs: 25
  batch_size: 96
  lr: 0.00045
  weight_decay: 0.05
  min_lr: 0.0
  mask_ratio: 0.75
  norm_pix: true
  norm_feat: true
  drop_path_rate: 0.0
  tube_t: 2
  patch_size: 16
  checkpoint_path: ${hydra:runtime.cwd}/checkpoints/track_a/ssl/videomaev2_t4native_encoder.pt
  max_videos: null
  image_size: 224
  num_frames: 4
  log_interval_steps: 100
  log_timestamps: true
  include_val_in_pretrain: true
  mask_ratio_schedule: false
  mask_ratio_start: 0.9
  mask_ratio_end: 0.75
  grad_accum_steps: 2
  max_grad_norm: 3.0
  ema_enabled: true
  ema_decay: 0.9992
  checkpoint_milestones:
  - 50
  - 100
  - 150
  - 200
  - 250
  - 300
  - 350
  - 400
  - 450
  - 500
  auto_resume: true
  wandb_enabled: true
  wandb_project: smth2smth-frame-ablation
  wandb_run_name: videomaev2_t4_native_500e_pretrain
  wandb_group: frame_expansion_ablation
  wandb_tags:
  - t4-native
  - vit-b
  - v2-dual-masking
  - train+val+test
  - ablation-arm-native
  - 500e
  - bs96
  dual_masking: true
  decoder_keep_ratio: 0.5
  decoder_cell_h: 2
  decoder_cell_w: 2
test:
  num_segment: 1
  num_crop: 1
  flip_tta: false
track:
  name: a
  description: 'Closed-world track: train from scratch.'
seed: 42
num_classes: 33

[cuda] cache emptied (videomae-pretrain-start). Free: 23.15 / 23.54 GiB
[videomae] SSL roots: train + val + test (3 dirs)
[videomae] using 58651 unlabeled clips (T=4).
[videomae] V2 dual masking: encoder tube ratio=0.75, decoder running-cell keep=0.5 on (2x2) cells.
[videomae] model: vit_b, total params=94,239,744, encoder=86,248,704
[videomae] AMP (bfloat16) enabled.
[videomae] EMA enabled (decay=0.9992); trunk checkpoints use EMA encoder.
wandb: [wandb.login()] Loaded credentials for https://api.wandb.ai from WANDB_API_KEY.
wandb: Currently logged in as: romain-poggi (romain-poggi-ecole-polytechnique) to https://api.wandb.ai. Use `wandb login --relogin` to force relogin
wandb: Tracking run with wandb version 0.27.0
wandb: Run data is saved locally in /Data/romain.poggi/smth2smth/wandb/run-20260523_045054-ssg4tiyo
wandb: Run `wandb offline` to turn off syncing.
wandb: Syncing run videomaev2_t4_native_500e_pretrain
wandb: ⭐️ View project at https://wandb.ai/romain-poggi-ecole-polytechnique/smth2smth-frame-ablation
wandb: 🚀 View run at https://wandb.ai/romain-poggi-ecole-polytechnique/smth2smth-frame-ablation/runs/ssg4tiyo
[wandb] run started: https://wandb.ai/romain-poggi-ecole-polytechnique/smth2smth-frame-ablation/runs/ssg4tiyo
[videomae] 2026-05-23T04:50:59 epoch 1/500 step 0/610 loss 1.1317 lr 2.95e-08
[videomae] 2026-05-23T04:51:36 epoch 1/500 step 100/610 loss 0.9862 lr 2.98e-06
[videomae] 2026-05-23T04:52:12 epoch 1/500 step 200/610 loss 0.8957 lr 5.93e-06
[videomae] 2026-05-23T04:52:48 epoch 1/500 step 300/610 loss 0.8660 lr 8.88e-06
[videomae] 2026-05-23T04:53:24 epoch 1/500 step 400/610 loss 0.8879 lr 1.18e-05
[videomae] 2026-05-23T04:54:00 epoch 1/500 step 500/610 loss 0.7892 lr 1.48e-05
[videomae] 2026-05-23T04:54:37 epoch 1/500 step 600/610 loss 0.8090 lr 1.77e-05
[videomae] 2026-05-23T04:54:40 epoch 1/500 avg loss 0.8927
[videomae] 2026-05-23T04:54:40 wrote trunk checkpoint -> /Data/romain.poggi/smth2smth/checkpoints/track_a/ssl/videomaev2_t4native_encoder.pt (149 tensors, EMA)
[videomae] 2026-05-23T04:54:41 wrote resume state -> /Data/romain.poggi/smth2smth/checkpoints/track_a/ssl/videomaev2_t4native_encoder.state.pt
[videomae] 2026-05-23T04:54:43 epoch 2/500 step 0/610 loss 0.7778 lr 1.80e-05
[videomae] 2026-05-23T04:55:19 epoch 2/500 step 100/610 loss 0.7741 lr 2.10e-05
[videomae] 2026-05-23T04:55:54 epoch 2/500 step 200/610 loss 0.7717 lr 2.39e-05
[videomae] 2026-05-23T04:56:30 epoch 2/500 step 300/610 loss 0.8042 lr 2.69e-05
[videomae] 2026-05-23T04:57:06 epoch 2/500 step 400/610 loss 0.7765 lr 2.98e-05
[videomae] 2026-05-23T04:57:42 epoch 2/500 step 500/610 loss 0.7861 lr 3.28e-05
[videomae] 2026-05-23T04:58:17 epoch 2/500 step 600/610 loss 0.7997 lr 3.57e-05
[videomae] 2026-05-23T04:58:21 epoch 2/500 avg loss 0.7833
[videomae] 2026-05-23T04:58:21 wrote trunk checkpoint -> /Data/romain.poggi/smth2smth/checkpoints/track_a/ssl/videomaev2_t4native_encoder.pt (149 tensors, EMA)
[videomae] 2026-05-23T04:58:22 wrote resume state -> /Data/romain.poggi/smth2smth/checkpoints/track_a/ssl/videomaev2_t4native_encoder.state.pt
[videomae] 2026-05-23T04:58:24 epoch 3/500 step 0/610 loss 0.7699 lr 3.60e-05
[videomae] 2026-05-23T04:59:00 epoch 3/500 step 100/610 loss 0.8014 lr 3.90e-05
[videomae] 2026-05-23T04:59:36 epoch 3/500 step 200/610 loss 0.7806 lr 4.19e-05
[videomae] 2026-05-23T05:00:12 epoch 3/500 step 300/610 loss 0.8029 lr 4.49e-05
[videomae] 2026-05-23T05:00:47 epoch 3/500 step 400/610 loss 0.7871 lr 4.78e-05
[videomae] 2026-05-23T05:01:23 epoch 3/500 step 500/610 loss 0.7591 lr 5.08e-05
[videomae] 2026-05-23T05:01:59 epoch 3/500 step 600/610 loss 0.7675 lr 5.37e-05
[videomae] 2026-05-23T05:02:02 epoch 3/500 avg loss 0.7742
[videomae] 2026-05-23T05:02:02 wrote trunk checkpoint -> /Data/romain.poggi/smth2smth/checkpoints/track_a/ssl/videomaev2_t4native_encoder.pt (149 tensors, EMA)
[videomae] 2026-05-23T05:02:04 wrote resume state -> /Data/romain.poggi/smth2smth/checkpoints/track_a/ssl/videomaev2_t4native_encoder.state.pt
[videomae] 2026-05-23T05:02:05 epoch 4/500 step 0/610 loss 0.7540 lr 5.40e-05
[videomae] 2026-05-23T05:02:41 epoch 4/500 step 100/610 loss 0.7445 lr 5.70e-05
[videomae] 2026-05-23T05:03:17 epoch 4/500 step 200/610 loss 0.7475 lr 5.99e-05
[videomae] 2026-05-23T05:03:53 epoch 4/500 step 300/610 loss 0.7605 lr 6.29e-05
[videomae] 2026-05-23T05:04:29 epoch 4/500 step 400/610 loss 0.7935 lr 6.58e-05
[videomae] 2026-05-23T05:05:04 epoch 4/500 step 500/610 loss 0.7398 lr 6.88e-05
[videomae] 2026-05-23T05:05:40 epoch 4/500 step 600/610 loss 0.7528 lr 7.17e-05
[videomae] 2026-05-23T05:05:43 epoch 4/500 avg loss 0.7574
[videomae] 2026-05-23T05:05:44 wrote trunk checkpoint -> /Data/romain.poggi/smth2smth/checkpoints/track_a/ssl/videomaev2_t4native_encoder.pt (149 tensors, EMA)
[videomae] 2026-05-23T05:05:45 wrote resume state -> /Data/romain.poggi/smth2smth/checkpoints/track_a/ssl/videomaev2_t4native_encoder.state.pt
[videomae] 2026-05-23T05:05:47 epoch 5/500 step 0/610 loss 0.7426 lr 7.20e-05
[videomae] 2026-05-23T05:06:23 epoch 5/500 step 100/610 loss 0.7448 lr 7.50e-05
[videomae] 2026-05-23T05:06:58 epoch 5/500 step 200/610 loss 0.7717 lr 7.79e-05
[videomae] 2026-05-23T05:07:34 epoch 5/500 step 300/610 loss 0.7420 lr 8.09e-05
[videomae] 2026-05-23T05:08:10 epoch 5/500 step 400/610 loss 0.7237 lr 8.38e-05
[videomae] 2026-05-23T05:08:46 epoch 5/500 step 500/610 loss 0.7147 lr 8.68e-05
[videomae] 2026-05-23T05:09:21 epoch 5/500 step 600/610 loss 0.7261 lr 8.97e-05
[videomae] 2026-05-23T05:09:25 epoch 5/500 avg loss 0.7367
[videomae] 2026-05-23T05:09:25 wrote trunk checkpoint -> /Data/romain.poggi/smth2smth/checkpoints/track_a/ssl/videomaev2_t4native_encoder.pt (149 tensors, EMA)
[videomae] 2026-05-23T05:09:26 wrote resume state -> /Data/romain.poggi/smth2smth/checkpoints/track_a/ssl/videomaev2_t4native_encoder.state.pt
[videomae] 2026-05-23T05:09:28 epoch 6/500 step 0/610 loss 0.7217 lr 9.00e-05
[videomae] 2026-05-23T05:10:04 epoch 6/500 step 100/610 loss 0.7298 lr 9.30e-05
[videomae] 2026-05-23T05:10:40 epoch 6/500 step 200/610 loss 0.7285 lr 9.59e-05
[videomae] 2026-05-23T05:11:16 epoch 6/500 step 300/610 loss 0.6694 lr 9.89e-05
[videomae] 2026-05-23T05:11:51 epoch 6/500 step 400/610 loss 0.6418 lr 1.02e-04
[videomae] 2026-05-23T05:12:27 epoch 6/500 step 500/610 loss 0.6454 lr 1.05e-04
[videomae] 2026-05-23T05:13:03 epoch 6/500 step 600/610 loss 0.6924 lr 1.08e-04
[videomae] 2026-05-23T05:13:06 epoch 6/500 avg loss 0.6688
[videomae] 2026-05-23T05:13:06 wrote trunk checkpoint -> /Data/romain.poggi/smth2smth/checkpoints/track_a/ssl/videomaev2_t4native_encoder.pt (149 tensors, EMA)
[videomae] 2026-05-23T05:13:08 wrote resume state -> /Data/romain.poggi/smth2smth/checkpoints/track_a/ssl/videomaev2_t4native_encoder.state.pt
[videomae] 2026-05-23T05:13:10 epoch 7/500 step 0/610 loss 0.6462 lr 1.08e-04
[videomae] 2026-05-23T05:13:45 epoch 7/500 step 100/610 loss 0.6513 lr 1.11e-04
[videomae] 2026-05-23T05:14:21 epoch 7/500 step 200/610 loss 0.6491 lr 1.14e-04
[videomae] 2026-05-23T05:14:57 epoch 7/500 step 300/610 loss 0.6467 lr 1.17e-04
[videomae] 2026-05-23T05:15:33 epoch 7/500 step 400/610 loss 0.6569 lr 1.20e-04
[videomae] 2026-05-23T05:16:08 epoch 7/500 step 500/610 loss 0.5976 lr 1.23e-04
[videomae] 2026-05-23T05:16:44 epoch 7/500 step 600/610 loss 0.6216 lr 1.26e-04
[videomae] 2026-05-23T05:16:47 epoch 7/500 avg loss 0.6300
[videomae] 2026-05-23T05:16:48 wrote trunk checkpoint -> /Data/romain.poggi/smth2smth/checkpoints/track_a/ssl/videomaev2_t4native_encoder.pt (149 tensors, EMA)
[videomae] 2026-05-23T05:16:49 wrote resume state -> /Data/romain.poggi/smth2smth/checkpoints/track_a/ssl/videomaev2_t4native_encoder.state.pt
[videomae] 2026-05-23T05:16:51 epoch 8/500 step 0/610 loss 0.6093 lr 1.26e-04
[videomae] 2026-05-23T05:17:27 epoch 8/500 step 100/610 loss 0.5994 lr 1.29e-04
[videomae] 2026-05-23T05:18:02 epoch 8/500 step 200/610 loss 0.6068 lr 1.32e-04
[videomae] 2026-05-23T05:18:38 epoch 8/500 step 300/610 loss 0.5518 lr 1.35e-04
[videomae] 2026-05-23T05:19:14 epoch 8/500 step 400/610 loss 0.5662 lr 1.38e-04
[videomae] 2026-05-23T05:19:49 epoch 8/500 step 500/610 loss 0.5730 lr 1.41e-04
[videomae] 2026-05-23T05:20:25 epoch 8/500 step 600/610 loss 0.5956 lr 1.44e-04
[videomae] 2026-05-23T05:20:28 epoch 8/500 avg loss 0.5980
[videomae] 2026-05-23T05:20:29 wrote trunk checkpoint -> /Data/romain.poggi/smth2smth/checkpoints/track_a/ssl/videomaev2_t4native_encoder.pt (149 tensors, EMA)
[videomae] 2026-05-23T05:20:30 wrote resume state -> /Data/romain.poggi/smth2smth/checkpoints/track_a/ssl/videomaev2_t4native_encoder.state.pt
[videomae] 2026-05-23T05:20:32 epoch 9/500 step 0/610 loss 0.5361 lr 1.44e-04
[videomae] 2026-05-23T05:21:08 epoch 9/500 step 100/610 loss 0.5870 lr 1.47e-04
[videomae] 2026-05-23T05:21:43 epoch 9/500 step 200/610 loss 0.5756 lr 1.50e-04
[videomae] 2026-05-23T05:22:19 epoch 9/500 step 300/610 loss 0.5799 lr 1.53e-04
[videomae] 2026-05-23T05:22:55 epoch 9/500 step 400/610 loss 0.5525 lr 1.56e-04
[videomae] 2026-05-23T05:23:30 epoch 9/500 step 500/610 loss 0.5597 lr 1.59e-04
[videomae] 2026-05-23T05:24:06 epoch 9/500 step 600/610 loss 0.5525 lr 1.62e-04
[videomae] 2026-05-23T05:24:09 epoch 9/500 avg loss 0.5668
[videomae] 2026-05-23T05:24:10 wrote trunk checkpoint -> /Data/romain.poggi/smth2smth/checkpoints/track_a/ssl/videomaev2_t4native_encoder.pt (149 tensors, EMA)
[videomae] 2026-05-23T05:24:11 wrote resume state -> /Data/romain.poggi/smth2smth/checkpoints/track_a/ssl/videomaev2_t4native_encoder.state.pt
[videomae] 2026-05-23T05:24:13 epoch 10/500 step 0/610 loss 0.5625 lr 1.62e-04
[videomae] 2026-05-23T05:24:48 epoch 10/500 step 100/610 loss 0.5456 lr 1.65e-04
[videomae] 2026-05-23T05:25:24 epoch 10/500 step 200/610 loss 0.5764 lr 1.68e-04
[videomae] 2026-05-23T05:26:00 epoch 10/500 step 300/610 loss 0.5552 lr 1.71e-04
[videomae] 2026-05-23T05:26:36 epoch 10/500 step 400/610 loss 0.5132 lr 1.74e-04
[videomae] 2026-05-23T05:27:11 epoch 10/500 step 500/610 loss 0.5533 lr 1.77e-04
[videomae] 2026-05-23T05:27:47 epoch 10/500 step 600/610 loss 0.5752 lr 1.80e-04
[videomae] 2026-05-23T05:27:50 epoch 10/500 avg loss 0.5467
[videomae] 2026-05-23T05:27:51 wrote trunk checkpoint -> /Data/romain.poggi/smth2smth/checkpoints/track_a/ssl/videomaev2_t4native_encoder.pt (149 tensors, EMA)
[videomae] 2026-05-23T05:27:52 wrote resume state -> /Data/romain.poggi/smth2smth/checkpoints/track_a/ssl/videomaev2_t4native_encoder.state.pt
[videomae] 2026-05-23T05:27:54 epoch 11/500 step 0/610 loss 0.5233 lr 1.80e-04
[videomae] 2026-05-23T05:28:30 epoch 11/500 step 100/610 loss 0.5881 lr 1.83e-04
[videomae] 2026-05-23T05:29:05 epoch 11/500 step 200/610 loss 0.5629 lr 1.86e-04
[videomae] 2026-05-23T05:29:41 epoch 11/500 step 300/610 loss 0.5189 lr 1.89e-04
[videomae] 2026-05-23T05:30:17 epoch 11/500 step 400/610 loss 0.5046 lr 1.92e-04
[videomae] 2026-05-23T05:30:53 epoch 11/500 step 500/610 loss 0.5197 lr 1.95e-04
[videomae] 2026-05-23T05:31:28 epoch 11/500 step 600/610 loss 0.5340 lr 1.98e-04
[videomae] 2026-05-23T05:31:32 epoch 11/500 avg loss 0.5323
[videomae] 2026-05-23T05:31:32 wrote trunk checkpoint -> /Data/romain.poggi/smth2smth/checkpoints/track_a/ssl/videomaev2_t4native_encoder.pt (149 tensors, EMA)
[videomae] 2026-05-23T05:31:33 wrote resume state -> /Data/romain.poggi/smth2smth/checkpoints/track_a/ssl/videomaev2_t4native_encoder.state.pt
[videomae] 2026-05-23T05:31:35 epoch 12/500 step 0/610 loss 0.5512 lr 1.98e-04
[videomae] 2026-05-23T05:32:11 epoch 12/500 step 100/610 loss 0.4896 lr 2.01e-04
[videomae] 2026-05-23T05:32:47 epoch 12/500 step 200/610 loss 0.5013 lr 2.04e-04
[videomae] 2026-05-23T05:33:22 epoch 12/500 step 300/610 loss 0.5449 lr 2.07e-04
[videomae] 2026-05-23T05:33:58 epoch 12/500 step 400/610 loss 0.5060 lr 2.10e-04
[videomae] 2026-05-23T05:34:34 epoch 12/500 step 500/610 loss 0.5186 lr 2.13e-04
[videomae] 2026-05-23T05:35:09 epoch 12/500 step 600/610 loss 0.5064 lr 2.16e-04
[videomae] 2026-05-23T05:35:13 epoch 12/500 avg loss 0.5200
[videomae] 2026-05-23T05:35:13 wrote trunk checkpoint -> /Data/romain.poggi/smth2smth/checkpoints/track_a/ssl/videomaev2_t4native_encoder.pt (149 tensors, EMA)
[videomae] 2026-05-23T05:35:14 wrote resume state -> /Data/romain.poggi/smth2smth/checkpoints/track_a/ssl/videomaev2_t4native_encoder.state.pt
[videomae] 2026-05-23T05:35:16 epoch 13/500 step 0/610 loss 0.5181 lr 2.16e-04
[videomae] 2026-05-23T05:35:52 epoch 13/500 step 100/610 loss 0.5049 lr 2.19e-04
[videomae] 2026-05-23T05:36:28 epoch 13/500 step 200/610 loss 0.5384 lr 2.22e-04
[videomae] 2026-05-23T05:37:03 epoch 13/500 step 300/610 loss 0.5151 lr 2.25e-04
[videomae] 2026-05-23T05:37:39 epoch 13/500 step 400/610 loss 0.4880 lr 2.28e-04
[videomae] 2026-05-23T05:38:15 epoch 13/500 step 500/610 loss 0.5312 lr 2.31e-04
[videomae] 2026-05-23T05:38:50 epoch 13/500 step 600/610 loss 0.5263 lr 2.34e-04
[videomae] 2026-05-23T05:38:54 epoch 13/500 avg loss 0.5085
[videomae] 2026-05-23T05:38:54 wrote trunk checkpoint -> /Data/romain.poggi/smth2smth/checkpoints/track_a/ssl/videomaev2_t4native_encoder.pt (149 tensors, EMA)
[videomae] 2026-05-23T05:38:55 wrote resume state -> /Data/romain.poggi/smth2smth/checkpoints/track_a/ssl/videomaev2_t4native_encoder.state.pt
[videomae] 2026-05-23T05:38:57 epoch 14/500 step 0/610 loss 0.5124 lr 2.34e-04
[videomae] 2026-05-23T05:39:33 epoch 14/500 step 100/610 loss 0.4950 lr 2.37e-04
[videomae] 2026-05-23T05:40:09 epoch 14/500 step 200/610 loss 0.5001 lr 2.40e-04
[videomae] 2026-05-23T05:40:44 epoch 14/500 step 300/610 loss 0.5074 lr 2.43e-04
[videomae] 2026-05-23T05:41:20 epoch 14/500 step 400/610 loss 0.4927 lr 2.46e-04
[videomae] 2026-05-23T05:41:56 epoch 14/500 step 500/610 loss 0.4807 lr 2.49e-04
[videomae] 2026-05-23T05:42:32 epoch 14/500 step 600/610 loss 0.5049 lr 2.52e-04
[videomae] 2026-05-23T05:42:35 epoch 14/500 avg loss 0.4964
[videomae] 2026-05-23T05:42:35 wrote trunk checkpoint -> /Data/romain.poggi/smth2smth/checkpoints/track_a/ssl/videomaev2_t4native_encoder.pt (149 tensors, EMA)
[videomae] 2026-05-23T05:42:36 wrote resume state -> /Data/romain.poggi/smth2smth/checkpoints/track_a/ssl/videomaev2_t4native_encoder.state.pt
[videomae] 2026-05-23T05:42:38 epoch 15/500 step 0/610 loss 0.4994 lr 2.52e-04
[videomae] 2026-05-23T05:43:14 epoch 15/500 step 100/610 loss 0.4710 lr 2.55e-04
[videomae] 2026-05-23T05:43:50 epoch 15/500 step 200/610 loss 0.4989 lr 2.58e-04
[videomae] 2026-05-23T05:44:26 epoch 15/500 step 300/610 loss 0.4928 lr 2.61e-04
[videomae] 2026-05-23T05:45:01 epoch 15/500 step 400/610 loss 0.4741 lr 2.64e-04
[videomae] 2026-05-23T05:45:37 epoch 15/500 step 500/610 loss 0.4853 lr 2.67e-04
[videomae] 2026-05-23T05:46:13 epoch 15/500 step 600/610 loss 0.4922 lr 2.70e-04
[videomae] 2026-05-23T05:46:16 epoch 15/500 avg loss 0.4854
[videomae] 2026-05-23T05:46:17 wrote trunk checkpoint -> /Data/romain.poggi/smth2smth/checkpoints/track_a/ssl/videomaev2_t4native_encoder.pt (149 tensors, EMA)
[videomae] 2026-05-23T05:46:18 wrote resume state -> /Data/romain.poggi/smth2smth/checkpoints/track_a/ssl/videomaev2_t4native_encoder.state.pt
[videomae] 2026-05-23T05:46:20 epoch 16/500 step 0/610 loss 0.4848 lr 2.70e-04
[videomae] 2026-05-23T05:46:56 epoch 16/500 step 100/610 loss 0.4794 lr 2.73e-04
[videomae] 2026-05-23T05:47:31 epoch 16/500 step 200/610 loss 0.4778 lr 2.76e-04
[videomae] 2026-05-23T05:48:07 epoch 16/500 step 300/610 loss 0.4825 lr 2.79e-04
[videomae] 2026-05-23T05:48:43 epoch 16/500 step 400/610 loss 0.4707 lr 2.82e-04
[videomae] 2026-05-23T05:49:18 epoch 16/500 step 500/610 loss 0.4747 lr 2.85e-04
[videomae] 2026-05-23T05:49:54 epoch 16/500 step 600/610 loss 0.5014 lr 2.88e-04
[videomae] 2026-05-23T05:49:57 epoch 16/500 avg loss 0.4784
[videomae] 2026-05-23T05:49:58 wrote trunk checkpoint -> /Data/romain.poggi/smth2smth/checkpoints/track_a/ssl/videomaev2_t4native_encoder.pt (149 tensors, EMA)
[videomae] 2026-05-23T05:49:59 wrote resume state -> /Data/romain.poggi/smth2smth/checkpoints/track_a/ssl/videomaev2_t4native_encoder.state.pt
[videomae] 2026-05-23T05:50:01 epoch 17/500 step 0/610 loss 0.5057 lr 2.88e-04
[videomae] 2026-05-23T05:50:37 epoch 17/500 step 100/610 loss 0.4792 lr 2.91e-04
[videomae] 2026-05-23T05:51:13 epoch 17/500 step 200/610 loss 0.5039 lr 2.94e-04
[videomae] 2026-05-23T05:51:48 epoch 17/500 step 300/610 loss 0.4597 lr 2.97e-04
[videomae] 2026-05-23T05:52:24 epoch 17/500 step 400/610 loss 0.4791 lr 3.00e-04
[videomae] 2026-05-23T05:53:00 epoch 17/500 step 500/610 loss 0.4587 lr 3.03e-04
[videomae] 2026-05-23T05:53:36 epoch 17/500 step 600/610 loss 0.4390 lr 3.06e-04
[videomae] 2026-05-23T05:53:39 epoch 17/500 avg loss 0.4674
[videomae] 2026-05-23T05:53:39 wrote trunk checkpoint -> /Data/romain.poggi/smth2smth/checkpoints/track_a/ssl/videomaev2_t4native_encoder.pt (149 tensors, EMA)
[videomae] 2026-05-23T05:53:40 wrote resume state -> /Data/romain.poggi/smth2smth/checkpoints/track_a/ssl/videomaev2_t4native_encoder.state.pt
[videomae] 2026-05-23T05:53:42 epoch 18/500 step 0/610 loss 0.4440 lr 3.06e-04
[videomae] 2026-05-23T05:54:18 epoch 18/500 step 100/610 loss 0.4622 lr 3.09e-04
[videomae] 2026-05-23T05:54:54 epoch 18/500 step 200/610 loss 0.4684 lr 3.12e-04
[videomae] 2026-05-23T05:55:30 epoch 18/500 step 300/610 loss 0.5017 lr 3.15e-04
[videomae] 2026-05-23T05:56:05 epoch 18/500 step 400/610 loss 0.4480 lr 3.18e-04
[videomae] 2026-05-23T05:56:41 epoch 18/500 step 500/610 loss 0.4254 lr 3.21e-04
[videomae] 2026-05-23T05:57:17 epoch 18/500 step 600/610 loss 0.4785 lr 3.24e-04
[videomae] 2026-05-23T05:57:20 epoch 18/500 avg loss 0.4609
[videomae] 2026-05-23T05:57:20 wrote trunk checkpoint -> /Data/romain.poggi/smth2smth/checkpoints/track_a/ssl/videomaev2_t4native_encoder.pt (149 tensors, EMA)
[videomae] 2026-05-23T05:57:22 wrote resume state -> /Data/romain.poggi/smth2smth/checkpoints/track_a/ssl/videomaev2_t4native_encoder.state.pt
[videomae] 2026-05-23T05:57:24 epoch 19/500 step 0/610 loss 0.4366 lr 3.24e-04
[videomae] 2026-05-23T05:57:59 epoch 19/500 step 100/610 loss 0.4605 lr 3.27e-04
[videomae] 2026-05-23T05:58:35 epoch 19/500 step 200/610 loss 0.4842 lr 3.30e-04
[videomae] 2026-05-23T05:59:11 epoch 19/500 step 300/610 loss 0.4697 lr 3.33e-04
[videomae] 2026-05-23T05:59:47 epoch 19/500 step 400/610 loss 0.4545 lr 3.36e-04
[videomae] 2026-05-23T06:00:22 epoch 19/500 step 500/610 loss 0.4646 lr 3.39e-04
[videomae] 2026-05-23T06:00:58 epoch 19/500 step 600/610 loss 0.4457 lr 3.42e-04
[videomae] 2026-05-23T06:01:01 epoch 19/500 avg loss 0.4525
[videomae] 2026-05-23T06:01:02 wrote trunk checkpoint -> /Data/romain.poggi/smth2smth/checkpoints/track_a/ssl/videomaev2_t4native_encoder.pt (149 tensors, EMA)
[videomae] 2026-05-23T06:01:03 wrote resume state -> /Data/romain.poggi/smth2smth/checkpoints/track_a/ssl/videomaev2_t4native_encoder.state.pt
[videomae] 2026-05-23T06:01:05 epoch 20/500 step 0/610 loss 0.4476 lr 3.42e-04
[videomae] 2026-05-23T06:01:41 epoch 20/500 step 100/610 loss 0.4653 lr 3.45e-04
[videomae] 2026-05-23T06:02:16 epoch 20/500 step 200/610 loss 0.4873 lr 3.48e-04
[videomae] 2026-05-23T06:02:52 epoch 20/500 step 300/610 loss 0.4579 lr 3.51e-04
[videomae] 2026-05-23T06:03:28 epoch 20/500 step 400/610 loss 0.4564 lr 3.54e-04
[videomae] 2026-05-23T06:04:03 epoch 20/500 step 500/610 loss 0.4430 lr 3.57e-04
[videomae] 2026-05-23T06:04:39 epoch 20/500 step 600/610 loss 0.4302 lr 3.60e-04
[videomae] 2026-05-23T06:04:42 epoch 20/500 avg loss 0.4496
[videomae] 2026-05-23T06:04:43 wrote trunk checkpoint -> /Data/romain.poggi/smth2smth/checkpoints/track_a/ssl/videomaev2_t4native_encoder.pt (149 tensors, EMA)
[videomae] 2026-05-23T06:04:44 wrote resume state -> /Data/romain.poggi/smth2smth/checkpoints/track_a/ssl/videomaev2_t4native_encoder.state.pt
[videomae] 2026-05-23T06:04:46 epoch 21/500 step 0/610 loss 0.4497 lr 3.60e-04
[videomae] 2026-05-23T06:05:22 epoch 21/500 step 100/610 loss 0.4758 lr 3.63e-04
[videomae] 2026-05-23T06:05:58 epoch 21/500 step 200/610 loss 0.4413 lr 3.66e-04
[videomae] 2026-05-23T06:06:33 epoch 21/500 step 300/610 loss 0.4829 lr 3.69e-04
[videomae] 2026-05-23T06:07:09 epoch 21/500 step 400/610 loss 0.4921 lr 3.72e-04
[videomae] 2026-05-23T06:07:45 epoch 21/500 step 500/610 loss 0.4362 lr 3.75e-04
[videomae] 2026-05-23T06:08:21 epoch 21/500 step 600/610 loss 0.4323 lr 3.78e-04
[videomae] 2026-05-23T06:08:24 epoch 21/500 avg loss 0.4400
[videomae] 2026-05-23T06:08:24 wrote trunk checkpoint -> /Data/romain.poggi/smth2smth/checkpoints/track_a/ssl/videomaev2_t4native_encoder.pt (149 tensors, EMA)
[videomae] 2026-05-23T06:08:25 wrote resume state -> /Data/romain.poggi/smth2smth/checkpoints/track_a/ssl/videomaev2_t4native_encoder.state.pt
[videomae] 2026-05-23T06:08:27 epoch 22/500 step 0/610 loss 0.4216 lr 3.78e-04
[videomae] 2026-05-23T06:09:03 epoch 22/500 step 100/610 loss 0.4559 lr 3.81e-04
[videomae] 2026-05-23T06:09:39 epoch 22/500 step 200/610 loss 0.4169 lr 3.84e-04
[videomae] 2026-05-23T06:10:15 epoch 22/500 step 300/610 loss 0.4012 lr 3.87e-04
[videomae] 2026-05-23T06:10:50 epoch 22/500 step 400/610 loss 0.4308 lr 3.90e-04
[videomae] 2026-05-23T06:11:26 epoch 22/500 step 500/610 loss 0.4491 lr 3.93e-04
[videomae] 2026-05-23T06:12:02 epoch 22/500 step 600/610 loss 0.3991 lr 3.96e-04
[videomae] 2026-05-23T06:12:05 epoch 22/500 avg loss 0.4312
[videomae] 2026-05-23T06:12:05 wrote trunk checkpoint -> /Data/romain.poggi/smth2smth/checkpoints/track_a/ssl/videomaev2_t4native_encoder.pt (149 tensors, EMA)
[videomae] 2026-05-23T06:12:07 wrote resume state -> /Data/romain.poggi/smth2smth/checkpoints/track_a/ssl/videomaev2_t4native_encoder.state.pt
[videomae] 2026-05-23T06:12:09 epoch 23/500 step 0/610 loss 0.3839 lr 3.96e-04
[videomae] 2026-05-23T06:12:45 epoch 23/500 step 100/610 loss 0.4188 lr 3.99e-04
[videomae] 2026-05-23T06:13:20 epoch 23/500 step 200/610 loss 0.3954 lr 4.02e-04
[videomae] 2026-05-23T06:13:56 epoch 23/500 step 300/610 loss 0.3927 lr 4.05e-04
[videomae] 2026-05-23T06:14:32 epoch 23/500 step 400/610 loss 0.4288 lr 4.08e-04
[videomae] 2026-05-23T06:15:08 epoch 23/500 step 500/610 loss 0.4279 lr 4.11e-04
[videomae] 2026-05-23T06:15:43 epoch 23/500 step 600/610 loss 0.4053 lr 4.14e-04
[videomae] 2026-05-23T06:15:47 epoch 23/500 avg loss 0.4227
[videomae] 2026-05-23T06:15:47 wrote trunk checkpoint -> /Data/romain.poggi/smth2smth/checkpoints/track_a/ssl/videomaev2_t4native_encoder.pt (149 tensors, EMA)
[videomae] 2026-05-23T06:15:48 wrote resume state -> /Data/romain.poggi/smth2smth/checkpoints/track_a/ssl/videomaev2_t4native_encoder.state.pt
[videomae] 2026-05-23T06:15:50 epoch 24/500 step 0/610 loss 0.4060 lr 4.14e-04
[videomae] 2026-05-23T06:16:26 epoch 24/500 step 100/610 loss 0.4431 lr 4.17e-04
[videomae] 2026-05-23T06:17:02 epoch 24/500 step 200/610 loss 0.4179 lr 4.20e-04
[videomae] 2026-05-23T06:17:38 epoch 24/500 step 300/610 loss 0.3949 lr 4.23e-04
[videomae] 2026-05-23T06:18:13 epoch 24/500 step 400/610 loss 0.4516 lr 4.26e-04
[videomae] 2026-05-23T06:18:49 epoch 24/500 step 500/610 loss 0.3951 lr 4.29e-04
[videomae] 2026-05-23T06:19:25 epoch 24/500 step 600/610 loss 0.4116 lr 4.32e-04
[videomae] 2026-05-23T06:19:28 epoch 24/500 avg loss 0.4166
[videomae] 2026-05-23T06:19:28 wrote trunk checkpoint -> /Data/romain.poggi/smth2smth/checkpoints/track_a/ssl/videomaev2_t4native_encoder.pt (149 tensors, EMA)
[videomae] 2026-05-23T06:19:30 wrote resume state -> /Data/romain.poggi/smth2smth/checkpoints/track_a/ssl/videomaev2_t4native_encoder.state.pt
[videomae] 2026-05-23T06:19:32 epoch 25/500 step 0/610 loss 0.4266 lr 4.32e-04
[videomae] 2026-05-23T06:20:08 epoch 25/500 step 100/610 loss 0.3720 lr 4.35e-04
[videomae] 2026-05-23T06:20:43 epoch 25/500 step 200/610 loss 0.4119 lr 4.38e-04
[videomae] 2026-05-23T06:21:19 epoch 25/500 step 300/610 loss 0.4108 lr 4.41e-04
[videomae] 2026-05-23T06:21:55 epoch 25/500 step 400/610 loss 0.3935 lr 4.44e-04
[videomae] 2026-05-23T06:22:31 epoch 25/500 step 500/610 loss 0.3962 lr 4.47e-04
[videomae] 2026-05-23T06:23:06 epoch 25/500 step 600/610 loss 0.3864 lr 4.50e-04
[videomae] 2026-05-23T06:23:10 epoch 25/500 avg loss 0.4126
[videomae] 2026-05-23T06:23:10 wrote trunk checkpoint -> /Data/romain.poggi/smth2smth/checkpoints/track_a/ssl/videomaev2_t4native_encoder.pt (149 tensors, EMA)
[videomae] 2026-05-23T06:23:11 wrote resume state -> /Data/romain.poggi/smth2smth/checkpoints/track_a/ssl/videomaev2_t4native_encoder.state.pt
[videomae] 2026-05-23T06:23:13 epoch 26/500 step 0/610 loss 0.3997 lr 4.50e-04
[videomae] 2026-05-23T06:23:49 epoch 26/500 step 100/610 loss 0.4312 lr 4.50e-04
[videomae] 2026-05-23T06:24:25 epoch 26/500 step 200/610 loss 0.4005 lr 4.50e-04
[videomae] 2026-05-23T06:25:01 epoch 26/500 step 300/610 loss 0.3981 lr 4.50e-04
[videomae] 2026-05-23T06:25:37 epoch 26/500 step 400/610 loss 0.3635 lr 4.50e-04
[videomae] 2026-05-23T06:26:12 epoch 26/500 step 500/610 loss 0.4082 lr 4.50e-04
[videomae] 2026-05-23T06:26:48 epoch 26/500 step 600/610 loss 0.4086 lr 4.50e-04
[videomae] 2026-05-23T06:26:51 epoch 26/500 avg loss 0.4024
[videomae] 2026-05-23T06:26:52 wrote trunk checkpoint -> /Data/romain.poggi/smth2smth/checkpoints/track_a/ssl/videomaev2_t4native_encoder.pt (149 tensors, EMA)
[videomae] 2026-05-23T06:26:53 wrote resume state -> /Data/romain.poggi/smth2smth/checkpoints/track_a/ssl/videomaev2_t4native_encoder.state.pt
[videomae] 2026-05-23T06:26:55 epoch 27/500 step 0/610 loss 0.3830 lr 4.50e-04
[videomae] 2026-05-23T06:27:31 epoch 27/500 step 100/610 loss 0.4138 lr 4.50e-04
[videomae] 2026-05-23T06:28:07 epoch 27/500 step 200/610 loss 0.4142 lr 4.50e-04
[videomae] 2026-05-23T06:28:42 epoch 27/500 step 300/610 loss 0.3913 lr 4.50e-04
[videomae] 2026-05-23T06:29:18 epoch 27/500 step 400/610 loss 0.3566 lr 4.50e-04
[videomae] 2026-05-23T06:29:54 epoch 27/500 step 500/610 loss 0.4067 lr 4.50e-04
[videomae] 2026-05-23T06:30:30 epoch 27/500 step 600/610 loss 0.4082 lr 4.50e-04
[videomae] 2026-05-23T06:30:33 epoch 27/500 avg loss 0.3966
[videomae] 2026-05-23T06:30:33 wrote trunk checkpoint -> /Data/romain.poggi/smth2smth/checkpoints/track_a/ssl/videomaev2_t4native_encoder.pt (149 tensors, EMA)
[videomae] 2026-05-23T06:30:34 wrote resume state -> /Data/romain.poggi/smth2smth/checkpoints/track_a/ssl/videomaev2_t4native_encoder.state.pt
[videomae] 2026-05-23T06:30:36 epoch 28/500 step 0/610 loss 0.3849 lr 4.50e-04
[videomae] 2026-05-23T06:31:12 epoch 28/500 step 100/610 loss 0.4041 lr 4.50e-04
[videomae] 2026-05-23T06:31:48 epoch 28/500 step 200/610 loss 0.3779 lr 4.50e-04
[videomae] 2026-05-23T06:32:24 epoch 28/500 step 300/610 loss 0.4027 lr 4.50e-04
[videomae] 2026-05-23T06:32:59 epoch 28/500 step 400/610 loss 0.4014 lr 4.50e-04
[videomae] 2026-05-23T06:33:35 epoch 28/500 step 500/610 loss 0.4029 lr 4.50e-04
[videomae] 2026-05-23T06:34:11 epoch 28/500 step 600/610 loss 0.4148 lr 4.50e-04
[videomae] 2026-05-23T06:34:14 epoch 28/500 avg loss 0.3954
[videomae] 2026-05-23T06:34:14 wrote trunk checkpoint -> /Data/romain.poggi/smth2smth/checkpoints/track_a/ssl/videomaev2_t4native_encoder.pt (149 tensors, EMA)
[videomae] 2026-05-23T06:34:16 wrote resume state -> /Data/romain.poggi/smth2smth/checkpoints/track_a/ssl/videomaev2_t4native_encoder.state.pt
[videomae] 2026-05-23T06:34:18 epoch 29/500 step 0/610 loss 0.3820 lr 4.50e-04
[videomae] 2026-05-23T06:34:53 epoch 29/500 step 100/610 loss 0.3805 lr 4.50e-04
[videomae] 2026-05-23T06:35:29 epoch 29/500 step 200/610 loss 0.4162 lr 4.50e-04
[videomae] 2026-05-23T06:36:05 epoch 29/500 step 300/610 loss 0.3693 lr 4.50e-04
[videomae] 2026-05-23T06:36:41 epoch 29/500 step 400/610 loss 0.3604 lr 4.50e-04
[videomae] 2026-05-23T06:37:16 epoch 29/500 step 500/610 loss 0.3854 lr 4.50e-04
[videomae] 2026-05-23T06:37:52 epoch 29/500 step 600/610 loss 0.3895 lr 4.50e-04
[videomae] 2026-05-23T06:37:55 epoch 29/500 avg loss 0.3841
[videomae] 2026-05-23T06:37:56 wrote trunk checkpoint -> /Data/romain.poggi/smth2smth/checkpoints/track_a/ssl/videomaev2_t4native_encoder.pt (149 tensors, EMA)
[videomae] 2026-05-23T06:37:57 wrote resume state -> /Data/romain.poggi/smth2smth/checkpoints/track_a/ssl/videomaev2_t4native_encoder.state.pt
[videomae] 2026-05-23T06:37:59 epoch 30/500 step 0/610 loss 0.4024 lr 4.50e-04
[videomae] 2026-05-23T06:38:35 epoch 30/500 step 100/610 loss 0.3747 lr 4.50e-04
[videomae] 2026-05-23T06:39:11 epoch 30/500 step 200/610 loss 0.3917 lr 4.50e-04
[videomae] 2026-05-23T06:39:46 epoch 30/500 step 300/610 loss 0.3831 lr 4.50e-04
[videomae] 2026-05-23T06:40:22 epoch 30/500 step 400/610 loss 0.3582 lr 4.50e-04
[videomae] 2026-05-23T06:40:58 epoch 30/500 step 500/610 loss 0.3800 lr 4.50e-04
[videomae] 2026-05-23T06:41:34 epoch 30/500 step 600/610 loss 0.3684 lr 4.50e-04
[videomae] 2026-05-23T06:41:37 epoch 30/500 avg loss 0.3792
[videomae] 2026-05-23T06:41:37 wrote trunk checkpoint -> /Data/romain.poggi/smth2smth/checkpoints/track_a/ssl/videomaev2_t4native_encoder.pt (149 tensors, EMA)
[videomae] 2026-05-23T06:41:38 wrote resume state -> /Data/romain.poggi/smth2smth/checkpoints/track_a/ssl/videomaev2_t4native_encoder.state.pt
[videomae] 2026-05-23T06:41:41 epoch 31/500 step 0/610 loss 0.4032 lr 4.50e-04
[videomae] 2026-05-23T06:42:16 epoch 31/500 step 100/610 loss 0.3701 lr 4.50e-04
[videomae] 2026-05-23T06:42:52 epoch 31/500 step 200/610 loss 0.3668 lr 4.50e-04
[videomae] 2026-05-23T06:43:28 epoch 31/500 step 300/610 loss 0.3708 lr 4.50e-04
[videomae] 2026-05-23T06:44:04 epoch 31/500 step 400/610 loss 0.3871 lr 4.50e-04
[videomae] 2026-05-23T06:44:39 epoch 31/500 step 500/610 loss 0.3790 lr 4.50e-04
[videomae] 2026-05-23T06:45:15 epoch 31/500 step 600/610 loss 0.3955 lr 4.50e-04
[videomae] 2026-05-23T06:45:18 epoch 31/500 avg loss 0.3733
[videomae] 2026-05-23T06:45:19 wrote trunk checkpoint -> /Data/romain.poggi/smth2smth/checkpoints/track_a/ssl/videomaev2_t4native_encoder.pt (149 tensors, EMA)
[videomae] 2026-05-23T06:45:20 wrote resume state -> /Data/romain.poggi/smth2smth/checkpoints/track_a/ssl/videomaev2_t4native_encoder.state.pt
[videomae] 2026-05-23T06:45:22 epoch 32/500 step 0/610 loss 0.3785 lr 4.50e-04
[videomae] 2026-05-23T06:45:58 epoch 32/500 step 100/610 loss 0.3997 lr 4.50e-04
[videomae] 2026-05-23T06:46:33 epoch 32/500 step 200/610 loss 0.3618 lr 4.50e-04
[videomae] 2026-05-23T06:47:09 epoch 32/500 step 300/610 loss 0.3793 lr 4.50e-04
[videomae] 2026-05-23T06:47:45 epoch 32/500 step 400/610 loss 0.3608 lr 4.50e-04
[videomae] 2026-05-23T06:48:20 epoch 32/500 step 500/610 loss 0.3685 lr 4.50e-04
[videomae] 2026-05-23T06:48:56 epoch 32/500 step 600/610 loss 0.3566 lr 4.50e-04
[videomae] 2026-05-23T06:48:59 epoch 32/500 avg loss 0.3705
[videomae] 2026-05-23T06:49:00 wrote trunk checkpoint -> /Data/romain.poggi/smth2smth/checkpoints/track_a/ssl/videomaev2_t4native_encoder.pt (149 tensors, EMA)
[videomae] 2026-05-23T06:49:01 wrote resume state -> /Data/romain.poggi/smth2smth/checkpoints/track_a/ssl/videomaev2_t4native_encoder.state.pt
[videomae] 2026-05-23T06:49:03 epoch 33/500 step 0/610 loss 0.3672 lr 4.50e-04
[videomae] 2026-05-23T06:49:39 epoch 33/500 step 100/610 loss 0.3734 lr 4.50e-04
[videomae] 2026-05-23T06:50:14 epoch 33/500 step 200/610 loss 0.3700 lr 4.50e-04
[videomae] 2026-05-23T06:50:50 epoch 33/500 step 300/610 loss 0.3603 lr 4.50e-04
[videomae] 2026-05-23T06:51:26 epoch 33/500 step 400/610 loss 0.3386 lr 4.50e-04
[videomae] 2026-05-23T06:52:02 epoch 33/500 step 500/610 loss 0.3491 lr 4.50e-04
[videomae] 2026-05-23T06:52:37 epoch 33/500 step 600/610 loss 0.3425 lr 4.50e-04
[videomae] 2026-05-23T06:52:40 epoch 33/500 avg loss 0.3660
[videomae] 2026-05-23T06:52:41 wrote trunk checkpoint -> /Data/romain.poggi/smth2smth/checkpoints/track_a/ssl/videomaev2_t4native_encoder.pt (149 tensors, EMA)
[videomae] 2026-05-23T06:52:42 wrote resume state -> /Data/romain.poggi/smth2smth/checkpoints/track_a/ssl/videomaev2_t4native_encoder.state.pt
[videomae] 2026-05-23T06:52:44 epoch 34/500 step 0/610 loss 0.3969 lr 4.50e-04
[videomae] 2026-05-23T06:53:20 epoch 34/500 step 100/610 loss 0.3780 lr 4.50e-04
[videomae] 2026-05-23T06:53:56 epoch 34/500 step 200/610 loss 0.3639 lr 4.50e-04
[videomae] 2026-05-23T06:54:31 epoch 34/500 step 300/610 loss 0.3571 lr 4.50e-04
[videomae] 2026-05-23T06:55:07 epoch 34/500 step 400/610 loss 0.3578 lr 4.50e-04
[videomae] 2026-05-23T06:55:43 epoch 34/500 step 500/610 loss 0.3617 lr 4.50e-04
[videomae] 2026-05-23T06:56:19 epoch 34/500 step 600/610 loss 0.3488 lr 4.50e-04
[videomae] 2026-05-23T06:56:22 epoch 34/500 avg loss 0.3632
[videomae] 2026-05-23T06:56:22 wrote trunk checkpoint -> /Data/romain.poggi/smth2smth/checkpoints/track_a/ssl/videomaev2_t4native_encoder.pt (149 tensors, EMA)
[videomae] 2026-05-23T06:56:23 wrote resume state -> /Data/romain.poggi/smth2smth/checkpoints/track_a/ssl/videomaev2_t4native_encoder.state.pt
[videomae] 2026-05-23T06:56:25 epoch 35/500 step 0/610 loss 0.3248 lr 4.50e-04
[videomae] 2026-05-23T06:57:01 epoch 35/500 step 100/610 loss 0.3770 lr 4.50e-04
[videomae] 2026-05-23T06:57:37 epoch 35/500 step 200/610 loss 0.3467 lr 4.50e-04
[videomae] 2026-05-23T06:58:13 epoch 35/500 step 300/610 loss 0.3699 lr 4.50e-04
[videomae] 2026-05-23T06:58:49 epoch 35/500 step 400/610 loss 0.3610 lr 4.50e-04
[videomae] 2026-05-23T06:59:24 epoch 35/500 step 500/610 loss 0.3531 lr 4.50e-04
[videomae] 2026-05-23T07:00:00 epoch 35/500 step 600/610 loss 0.3639 lr 4.50e-04
[videomae] 2026-05-23T07:00:03 epoch 35/500 avg loss 0.3570
[videomae] 2026-05-23T07:00:04 wrote trunk checkpoint -> /Data/romain.poggi/smth2smth/checkpoints/track_a/ssl/videomaev2_t4native_encoder.pt (149 tensors, EMA)
[videomae] 2026-05-23T07:00:05 wrote resume state -> /Data/romain.poggi/smth2smth/checkpoints/track_a/ssl/videomaev2_t4native_encoder.state.pt
[videomae] 2026-05-23T07:00:07 epoch 36/500 step 0/610 loss 0.3368 lr 4.50e-04
[videomae] 2026-05-23T07:00:43 epoch 36/500 step 100/610 loss 0.3488 lr 4.49e-04
[videomae] 2026-05-23T07:01:19 epoch 36/500 step 200/610 loss 0.3431 lr 4.49e-04
[videomae] 2026-05-23T07:01:54 epoch 36/500 step 300/610 loss 0.3720 lr 4.49e-04
[videomae] 2026-05-23T07:02:30 epoch 36/500 step 400/610 loss 0.3536 lr 4.49e-04
[videomae] 2026-05-23T07:03:06 epoch 36/500 step 500/610 loss 0.3467 lr 4.49e-04
[videomae] 2026-05-23T07:03:42 epoch 36/500 step 600/610 loss 0.3336 lr 4.49e-04
[videomae] 2026-05-23T07:03:45 epoch 36/500 avg loss 0.3546
[videomae] 2026-05-23T07:03:45 wrote trunk checkpoint -> /Data/romain.poggi/smth2smth/checkpoints/track_a/ssl/videomaev2_t4native_encoder.pt (149 tensors, EMA)
[videomae] 2026-05-23T07:03:46 wrote resume state -> /Data/romain.poggi/smth2smth/checkpoints/track_a/ssl/videomaev2_t4native_encoder.state.pt
[videomae] 2026-05-23T07:03:48 epoch 37/500 step 0/610 loss 0.3389 lr 4.49e-04
[videomae] 2026-05-23T07:04:25 epoch 37/500 step 100/610 loss 0.3355 lr 4.49e-04
[videomae] 2026-05-23T07:05:00 epoch 37/500 step 200/610 loss 0.3346 lr 4.49e-04
[videomae] 2026-05-23T07:05:36 epoch 37/500 step 300/610 loss 0.3519 lr 4.49e-04
[videomae] 2026-05-23T07:06:12 epoch 37/500 step 400/610 loss 0.3549 lr 4.49e-04
[videomae] 2026-05-23T07:06:48 epoch 37/500 step 500/610 loss 0.3703 lr 4.49e-04
[videomae] 2026-05-23T07:07:23 epoch 37/500 step 600/610 loss 0.3201 lr 4.49e-04
[videomae] 2026-05-23T07:07:26 epoch 37/500 avg loss 0.3528
[videomae] 2026-05-23T07:07:27 wrote trunk checkpoint -> /Data/romain.poggi/smth2smth/checkpoints/track_a/ssl/videomaev2_t4native_encoder.pt (149 tensors, EMA)
[videomae] 2026-05-23T07:07:28 wrote resume state -> /Data/romain.poggi/smth2smth/checkpoints/track_a/ssl/videomaev2_t4native_encoder.state.pt
[videomae] 2026-05-23T07:07:30 epoch 38/500 step 0/610 loss 0.3719 lr 4.49e-04
[videomae] 2026-05-23T07:08:06 epoch 38/500 step 100/610 loss 0.3305 lr 4.49e-04
[videomae] 2026-05-23T07:08:41 epoch 38/500 step 200/610 loss 0.3423 lr 4.49e-04
[videomae] 2026-05-23T07:09:17 epoch 38/500 step 300/610 loss 0.3492 lr 4.49e-04
[videomae] 2026-05-23T07:09:53 epoch 38/500 step 400/610 loss 0.3445 lr 4.49e-04
[videomae] 2026-05-23T07:10:29 epoch 38/500 step 500/610 loss 0.3437 lr 4.49e-04
[videomae] 2026-05-23T07:11:04 epoch 38/500 step 600/610 loss 0.3270 lr 4.49e-04
[videomae] 2026-05-23T07:11:08 epoch 38/500 avg loss 0.3490
[videomae] 2026-05-23T07:11:08 wrote trunk checkpoint -> /Data/romain.poggi/smth2smth/checkpoints/track_a/ssl/videomaev2_t4native_encoder.pt (149 tensors, EMA)
[videomae] 2026-05-23T07:11:09 wrote resume state -> /Data/romain.poggi/smth2smth/checkpoints/track_a/ssl/videomaev2_t4native_encoder.state.pt
[videomae] 2026-05-23T07:11:11 epoch 39/500 step 0/610 loss 0.3307 lr 4.49e-04
[videomae] 2026-05-23T07:11:47 epoch 39/500 step 100/610 loss 0.3646 lr 4.49e-04
[videomae] 2026-05-23T07:12:23 epoch 39/500 step 200/610 loss 0.3387 lr 4.49e-04
[videomae] 2026-05-23T07:12:59 epoch 39/500 step 300/610 loss 0.3766 lr 4.49e-04
[videomae] 2026-05-23T07:13:34 epoch 39/500 step 400/610 loss 0.3798 lr 4.49e-04
[videomae] 2026-05-23T07:14:10 epoch 39/500 step 500/610 loss 0.3433 lr 4.49e-04
[videomae] 2026-05-23T07:14:46 epoch 39/500 step 600/610 loss 0.3376 lr 4.49e-04
[videomae] 2026-05-23T07:14:49 epoch 39/500 avg loss 0.3457
[videomae] 2026-05-23T07:14:49 wrote trunk checkpoint -> /Data/romain.poggi/smth2smth/checkpoints/track_a/ssl/videomaev2_t4native_encoder.pt (149 tensors, EMA)
[videomae] 2026-05-23T07:14:50 wrote resume state -> /Data/romain.poggi/smth2smth/checkpoints/track_a/ssl/videomaev2_t4native_encoder.state.pt
[videomae] 2026-05-23T07:14:52 epoch 40/500 step 0/610 loss 0.3284 lr 4.49e-04
[videomae] 2026-05-23T07:15:28 epoch 40/500 step 100/610 loss 0.3489 lr 4.49e-04
[videomae] 2026-05-23T07:16:04 epoch 40/500 step 200/610 loss 0.3262 lr 4.49e-04
[videomae] 2026-05-23T07:16:39 epoch 40/500 step 300/610 loss 0.3327 lr 4.49e-04
[videomae] 2026-05-23T07:17:15 epoch 40/500 step 400/610 loss 0.3505 lr 4.49e-04
[videomae] 2026-05-23T07:17:51 epoch 40/500 step 500/610 loss 0.3205 lr 4.49e-04
[videomae] 2026-05-23T07:18:26 epoch 40/500 step 600/610 loss 0.3394 lr 4.49e-04
[videomae] 2026-05-23T07:18:30 epoch 40/500 avg loss 0.3436
[videomae] 2026-05-23T07:18:30 wrote trunk checkpoint -> /Data/romain.poggi/smth2smth/checkpoints/track_a/ssl/videomaev2_t4native_encoder.pt (149 tensors, EMA)
[videomae] 2026-05-23T07:18:31 wrote resume state -> /Data/romain.poggi/smth2smth/checkpoints/track_a/ssl/videomaev2_t4native_encoder.state.pt
[videomae] 2026-05-23T07:18:33 epoch 41/500 step 0/610 loss 0.3308 lr 4.49e-04
[videomae] 2026-05-23T07:19:09 epoch 41/500 step 100/610 loss 0.3366 lr 4.49e-04
[videomae] 2026-05-23T07:19:45 epoch 41/500 step 200/610 loss 0.3438 lr 4.49e-04
[videomae] 2026-05-23T07:20:20 epoch 41/500 step 300/610 loss 0.3238 lr 4.49e-04
[videomae] 2026-05-23T07:20:56 epoch 41/500 step 400/610 loss 0.3706 lr 4.49e-04
[videomae] 2026-05-23T07:21:32 epoch 41/500 step 500/610 loss 0.3609 lr 4.49e-04
[videomae] 2026-05-23T07:22:08 epoch 41/500 step 600/610 loss 0.3083 lr 4.49e-04
[videomae] 2026-05-23T07:22:11 epoch 41/500 avg loss 0.3439
[videomae] 2026-05-23T07:22:11 wrote trunk checkpoint -> /Data/romain.poggi/smth2smth/checkpoints/track_a/ssl/videomaev2_t4native_encoder.pt (149 tensors, EMA)
[videomae] 2026-05-23T07:22:12 wrote resume state -> /Data/romain.poggi/smth2smth/checkpoints/track_a/ssl/videomaev2_t4native_encoder.state.pt
[videomae] 2026-05-23T07:22:14 epoch 42/500 step 0/610 loss 0.3517 lr 4.49e-04
[videomae] 2026-05-23T07:22:50 epoch 42/500 step 100/610 loss 0.3372 lr 4.49e-04
[videomae] 2026-05-23T07:23:26 epoch 42/500 step 200/610 loss 0.3639 lr 4.49e-04
[videomae] 2026-05-23T07:24:01 epoch 42/500 step 300/610 loss 0.3492 lr 4.49e-04
[videomae] 2026-05-23T07:24:37 epoch 42/500 step 400/610 loss 0.3444 lr 4.49e-04
[videomae] 2026-05-23T07:25:13 epoch 42/500 step 500/610 loss 0.3328 lr 4.49e-04
[videomae] 2026-05-23T07:25:48 epoch 42/500 step 600/610 loss 0.3623 lr 4.49e-04
[videomae] 2026-05-23T07:25:52 epoch 42/500 avg loss 0.3396
[videomae] 2026-05-23T07:25:52 wrote trunk checkpoint -> /Data/romain.poggi/smth2smth/checkpoints/track_a/ssl/videomaev2_t4native_encoder.pt (149 tensors, EMA)
[videomae] 2026-05-23T07:25:53 wrote resume state -> /Data/romain.poggi/smth2smth/checkpoints/track_a/ssl/videomaev2_t4native_encoder.state.pt
[videomae] 2026-05-23T07:25:55 epoch 43/500 step 0/610 loss 0.3377 lr 4.49e-04
[videomae] 2026-05-23T07:26:31 epoch 43/500 step 100/610 loss 0.3016 lr 4.49e-04
[videomae] 2026-05-23T07:27:07 epoch 43/500 step 200/610 loss 0.3401 lr 4.49e-04
[videomae] 2026-05-23T07:27:42 epoch 43/500 step 300/610 loss 0.3661 lr 4.48e-04
[videomae] 2026-05-23T07:28:18 epoch 43/500 step 400/610 loss 0.3540 lr 4.48e-04
[videomae] 2026-05-23T07:28:54 epoch 43/500 step 500/610 loss 0.3086 lr 4.48e-04
[videomae] 2026-05-23T07:29:29 epoch 43/500 step 600/610 loss 0.3370 lr 4.48e-04
[videomae] 2026-05-23T07:29:33 epoch 43/500 avg loss 0.3376
[videomae] 2026-05-23T07:29:33 wrote trunk checkpoint -> /Data/romain.poggi/smth2smth/checkpoints/track_a/ssl/videomaev2_t4native_encoder.pt (149 tensors, EMA)
[videomae] 2026-05-23T07:29:34 wrote resume state -> /Data/romain.poggi/smth2smth/checkpoints/track_a/ssl/videomaev2_t4native_encoder.state.pt
[videomae] 2026-05-23T07:29:36 epoch 44/500 step 0/610 loss 0.3438 lr 4.48e-04
[videomae] 2026-05-23T07:30:12 epoch 44/500 step 100/610 loss 0.3310 lr 4.48e-04
[videomae] 2026-05-23T07:30:48 epoch 44/500 step 200/610 loss 0.3497 lr 4.48e-04
[videomae] 2026-05-23T07:31:23 epoch 44/500 step 300/610 loss 0.3557 lr 4.48e-04
[videomae] 2026-05-23T07:31:59 epoch 44/500 step 400/610 loss 0.3218 lr 4.48e-04
[videomae] 2026-05-23T07:32:35 epoch 44/500 step 500/610 loss 0.3307 lr 4.48e-04
[videomae] 2026-05-23T07:33:10 epoch 44/500 step 600/610 loss 0.3048 lr 4.48e-04
[videomae] 2026-05-23T07:33:14 epoch 44/500 avg loss 0.3343
[videomae] 2026-05-23T07:33:14 wrote trunk checkpoint -> /Data/romain.poggi/smth2smth/checkpoints/track_a/ssl/videomaev2_t4native_encoder.pt (149 tensors, EMA)
[videomae] 2026-05-23T07:33:15 wrote resume state -> /Data/romain.poggi/smth2smth/checkpoints/track_a/ssl/videomaev2_t4native_encoder.state.pt
[videomae] 2026-05-23T07:33:17 epoch 45/500 step 0/610 loss 0.3262 lr 4.48e-04
[videomae] 2026-05-23T07:33:53 epoch 45/500 step 100/610 loss 0.2983 lr 4.48e-04
[videomae] 2026-05-23T07:34:29 epoch 45/500 step 200/610 loss 0.3325 lr 4.48e-04
[videomae] 2026-05-23T07:35:04 epoch 45/500 step 300/610 loss 0.3293 lr 4.48e-04
[videomae] 2026-05-23T07:35:40 epoch 45/500 step 400/610 loss 0.3309 lr 4.48e-04
[videomae] 2026-05-23T07:36:15 epoch 45/500 step 500/610 loss 0.3441 lr 4.48e-04
[videomae] 2026-05-23T07:36:51 epoch 45/500 step 600/610 loss 0.3230 lr 4.48e-04
[videomae] 2026-05-23T07:36:54 epoch 45/500 avg loss 0.3331
[videomae] 2026-05-23T07:36:55 wrote trunk checkpoint -> /Data/romain.poggi/smth2smth/checkpoints/track_a/ssl/videomaev2_t4native_encoder.pt (149 tensors, EMA)
[videomae] 2026-05-23T07:36:56 wrote resume state -> /Data/romain.poggi/smth2smth/checkpoints/track_a/ssl/videomaev2_t4native_encoder.state.pt
[videomae] 2026-05-23T07:36:58 epoch 46/500 step 0/610 loss 0.3499 lr 4.48e-04
[videomae] 2026-05-23T07:37:33 epoch 46/500 step 100/610 loss 0.3355 lr 4.48e-04
[videomae] 2026-05-23T07:38:09 epoch 46/500 step 200/610 loss 0.3172 lr 4.48e-04
[videomae] 2026-05-23T07:38:45 epoch 46/500 step 300/610 loss 0.3243 lr 4.48e-04
[videomae] 2026-05-23T07:39:21 epoch 46/500 step 400/610 loss 0.3134 lr 4.48e-04
[videomae] 2026-05-23T07:39:56 epoch 46/500 step 500/610 loss 0.3038 lr 4.48e-04
[videomae] 2026-05-23T07:40:32 epoch 46/500 step 600/610 loss 0.3310 lr 4.48e-04
[videomae] 2026-05-23T07:40:35 epoch 46/500 avg loss 0.3309
[videomae] 2026-05-23T07:40:35 wrote trunk checkpoint -> /Data/romain.poggi/smth2smth/checkpoints/track_a/ssl/videomaev2_t4native_encoder.pt (149 tensors, EMA)
[videomae] 2026-05-23T07:40:37 wrote resume state -> /Data/romain.poggi/smth2smth/checkpoints/track_a/ssl/videomaev2_t4native_encoder.state.pt
[videomae] 2026-05-23T07:40:39 epoch 47/500 step 0/610 loss 0.3402 lr 4.48e-04
[videomae] 2026-05-23T07:41:14 epoch 47/500 step 100/610 loss 0.3477 lr 4.48e-04
[videomae] 2026-05-23T07:41:50 epoch 47/500 step 200/610 loss 0.3341 lr 4.48e-04
[videomae] 2026-05-23T07:42:26 epoch 47/500 step 300/610 loss 0.3249 lr 4.48e-04
[videomae] 2026-05-23T07:43:01 epoch 47/500 step 400/610 loss 0.3432 lr 4.48e-04
[videomae] 2026-05-23T07:43:37 epoch 47/500 step 500/610 loss 0.3088 lr 4.48e-04
[videomae] 2026-05-23T07:44:13 epoch 47/500 step 600/610 loss 0.3477 lr 4.48e-04
[videomae] 2026-05-23T07:44:16 epoch 47/500 avg loss 0.3294
[videomae] 2026-05-23T07:44:16 wrote trunk checkpoint -> /Data/romain.poggi/smth2smth/checkpoints/track_a/ssl/videomaev2_t4native_encoder.pt (149 tensors, EMA)
[videomae] 2026-05-23T07:44:18 wrote resume state -> /Data/romain.poggi/smth2smth/checkpoints/track_a/ssl/videomaev2_t4native_encoder.state.pt
[videomae] 2026-05-23T07:44:20 epoch 48/500 step 0/610 loss 0.3048 lr 4.48e-04
[videomae] 2026-05-23T07:44:55 epoch 48/500 step 100/610 loss 0.3251 lr 4.48e-04
[videomae] 2026-05-23T07:45:31 epoch 48/500 step 200/610 loss 0.3465 lr 4.48e-04
[videomae] 2026-05-23T07:46:07 epoch 48/500 step 300/610 loss 0.3042 lr 4.48e-04
[videomae] 2026-05-23T07:46:42 epoch 48/500 step 400/610 loss 0.3270 lr 4.47e-04
[videomae] 2026-05-23T07:47:18 epoch 48/500 step 500/610 loss 0.3653 lr 4.47e-04
[videomae] 2026-05-23T07:47:54 epoch 48/500 step 600/610 loss 0.3440 lr 4.47e-04
[videomae] 2026-05-23T07:47:57 epoch 48/500 avg loss 0.3274
[videomae] 2026-05-23T07:47:57 wrote trunk checkpoint -> /Data/romain.poggi/smth2smth/checkpoints/track_a/ssl/videomaev2_t4native_encoder.pt (149 tensors, EMA)
[videomae] 2026-05-23T07:47:59 wrote resume state -> /Data/romain.poggi/smth2smth/checkpoints/track_a/ssl/videomaev2_t4native_encoder.state.pt
[videomae] 2026-05-23T07:48:01 epoch 49/500 step 0/610 loss 0.3164 lr 4.47e-04
[videomae] 2026-05-23T07:48:37 epoch 49/500 step 100/610 loss 0.3159 lr 4.47e-04
[videomae] 2026-05-23T07:49:12 epoch 49/500 step 200/610 loss 0.3308 lr 4.47e-04
[videomae] 2026-05-23T07:49:48 epoch 49/500 step 300/610 loss 0.3284 lr 4.47e-04
[videomae] 2026-05-23T07:50:24 epoch 49/500 step 400/610 loss 0.3211 lr 4.47e-04
[videomae] 2026-05-23T07:51:00 epoch 49/500 step 500/610 loss 0.3235 lr 4.47e-04
[videomae] 2026-05-23T07:51:35 epoch 49/500 step 600/610 loss 0.3307 lr 4.47e-04
[videomae] 2026-05-23T07:51:38 epoch 49/500 avg loss 0.3270
[videomae] 2026-05-23T07:51:39 wrote trunk checkpoint -> /Data/romain.poggi/smth2smth/checkpoints/track_a/ssl/videomaev2_t4native_encoder.pt (149 tensors, EMA)
[videomae] 2026-05-23T07:51:40 wrote resume state -> /Data/romain.poggi/smth2smth/checkpoints/track_a/ssl/videomaev2_t4native_encoder.state.pt
[videomae] 2026-05-23T07:51:42 epoch 50/500 step 0/610 loss 0.3297 lr 4.47e-04
[videomae] 2026-05-23T07:52:18 epoch 50/500 step 100/610 loss 0.3935 lr 4.47e-04
[videomae] 2026-05-23T07:52:54 epoch 50/500 step 200/610 loss 0.3247 lr 4.47e-04
[videomae] 2026-05-23T07:53:29 epoch 50/500 step 300/610 loss 0.3083 lr 4.47e-04
[videomae] 2026-05-23T07:54:05 epoch 50/500 step 400/610 loss 0.3144 lr 4.47e-04
[videomae] 2026-05-23T07:54:41 epoch 50/500 step 500/610 loss 0.3279 lr 4.47e-04
[videomae] 2026-05-23T07:55:16 epoch 50/500 step 600/610 loss 0.3196 lr 4.47e-04
[videomae] 2026-05-23T07:55:20 epoch 50/500 avg loss 0.3266
[videomae] 2026-05-23T07:55:20 wrote trunk checkpoint -> /Data/romain.poggi/smth2smth/checkpoints/track_a/ssl/videomaev2_t4native_encoder.pt (149 tensors, EMA)
[videomae] 2026-05-23T07:55:20 wrote trunk checkpoint -> /Data/romain.poggi/smth2smth/checkpoints/track_a/ssl/videomaev2_t4native_encoder_ep50.pt (149 tensors, EMA)
[videomae] 2026-05-23T07:55:21 wrote resume state -> /Data/romain.poggi/smth2smth/checkpoints/track_a/ssl/videomaev2_t4native_encoder.state.pt
[videomae] 2026-05-23T07:55:23 epoch 51/500 step 0/610 loss 0.3050 lr 4.47e-04
[videomae] 2026-05-23T07:55:59 epoch 51/500 step 100/610 loss 0.3090 lr 4.47e-04
[videomae] 2026-05-23T07:56:35 epoch 51/500 step 200/610 loss 0.3011 lr 4.47e-04
[videomae] 2026-05-23T07:57:11 epoch 51/500 step 300/610 loss 0.3403 lr 4.47e-04
[videomae] 2026-05-23T07:57:46 epoch 51/500 step 400/610 loss 0.3186 lr 4.47e-04
[videomae] 2026-05-23T07:58:22 epoch 51/500 step 500/610 loss 0.3198 lr 4.47e-04
[videomae] 2026-05-23T07:58:58 epoch 51/500 step 600/610 loss 0.3193 lr 4.47e-04
[videomae] 2026-05-23T07:59:01 epoch 51/500 avg loss 0.3230
[videomae] 2026-05-23T07:59:01 wrote trunk checkpoint -> /Data/romain.poggi/smth2smth/checkpoints/track_a/ssl/videomaev2_t4native_encoder.pt (149 tensors, EMA)
[videomae] 2026-05-23T07:59:02 wrote resume state -> /Data/romain.poggi/smth2smth/checkpoints/track_a/ssl/videomaev2_t4native_encoder.state.pt
[videomae] 2026-05-23T07:59:05 epoch 52/500 step 0/610 loss 0.3281 lr 4.47e-04
[videomae] 2026-05-23T07:59:40 epoch 52/500 step 100/610 loss 0.3256 lr 4.47e-04
[videomae] 2026-05-23T08:00:16 epoch 52/500 step 200/610 loss 0.3215 lr 4.47e-04
[videomae] 2026-05-23T08:00:52 epoch 52/500 step 300/610 loss 0.3167 lr 4.47e-04
[videomae] 2026-05-23T08:01:27 epoch 52/500 step 400/610 loss 0.3172 lr 4.47e-04
[videomae] 2026-05-23T08:02:03 epoch 52/500 step 500/610 loss 0.3331 lr 4.46e-04
[videomae] 2026-05-23T08:02:39 epoch 52/500 step 600/610 loss 0.3358 lr 4.46e-04
[videomae] 2026-05-23T08:02:42 epoch 52/500 avg loss 0.3216
[videomae] 2026-05-23T08:02:42 wrote trunk checkpoint -> /Data/romain.poggi/smth2smth/checkpoints/track_a/ssl/videomaev2_t4native_encoder.pt (149 tensors, EMA)
[videomae] 2026-05-23T08:02:44 wrote resume state -> /Data/romain.poggi/smth2smth/checkpoints/track_a/ssl/videomaev2_t4native_encoder.state.pt
[videomae] 2026-05-23T08:02:46 epoch 53/500 step 0/610 loss 0.3052 lr 4.46e-04
[videomae] 2026-05-23T08:03:22 epoch 53/500 step 100/610 loss 0.3535 lr 4.46e-04
[videomae] 2026-05-23T08:03:57 epoch 53/500 step 200/610 loss 0.3300 lr 4.46e-04
[videomae] 2026-05-23T08:04:33 epoch 53/500 step 300/610 loss 0.3083 lr 4.46e-04
[videomae] 2026-05-23T08:05:09 epoch 53/500 step 400/610 loss 0.3375 lr 4.46e-04
[videomae] 2026-05-23T08:05:44 epoch 53/500 step 500/610 loss 0.3059 lr 4.46e-04
[videomae] 2026-05-23T08:06:20 epoch 53/500 step 600/610 loss 0.3202 lr 4.46e-04
[videomae] 2026-05-23T08:06:23 epoch 53/500 avg loss 0.3216
[videomae] 2026-05-23T08:06:24 wrote trunk checkpoint -> /Data/romain.poggi/smth2smth/checkpoints/track_a/ssl/videomaev2_t4native_encoder.pt (149 tensors, EMA)
[videomae] 2026-05-23T08:06:25 wrote resume state -> /Data/romain.poggi/smth2smth/checkpoints/track_a/ssl/videomaev2_t4native_encoder.state.pt
[videomae] 2026-05-23T08:06:27 epoch 54/500 step 0/610 loss 0.3249 lr 4.46e-04
[videomae] 2026-05-23T08:07:03 epoch 54/500 step 100/610 loss 0.3228 lr 4.46e-04
[videomae] 2026-05-23T08:07:38 epoch 54/500 step 200/610 loss 0.3253 lr 4.46e-04
[videomae] 2026-05-23T08:08:14 epoch 54/500 step 300/610 loss 0.3239 lr 4.46e-04
[videomae] 2026-05-23T08:08:50 epoch 54/500 step 400/610 loss 0.3100 lr 4.46e-04
[videomae] 2026-05-23T08:09:26 epoch 54/500 step 500/610 loss 0.3492 lr 4.46e-04
[videomae] 2026-05-23T08:10:01 epoch 54/500 step 600/610 loss 0.3172 lr 4.46e-04
[videomae] 2026-05-23T08:10:05 epoch 54/500 avg loss 0.3189
[videomae] 2026-05-23T08:10:05 wrote trunk checkpoint -> /Data/romain.poggi/smth2smth/checkpoints/track_a/ssl/videomaev2_t4native_encoder.pt (149 tensors, EMA)
[videomae] 2026-05-23T08:10:06 wrote resume state -> /Data/romain.poggi/smth2smth/checkpoints/track_a/ssl/videomaev2_t4native_encoder.state.pt
[videomae] 2026-05-23T08:10:08 epoch 55/500 step 0/610 loss 0.2972 lr 4.46e-04
[videomae] 2026-05-23T08:10:44 epoch 55/500 step 100/610 loss 0.3383 lr 4.46e-04
[videomae] 2026-05-23T08:11:20 epoch 55/500 step 200/610 loss 0.3155 lr 4.46e-04
[videomae] 2026-05-23T08:11:55 epoch 55/500 step 300/610 loss 0.3217 lr 4.46e-04
[videomae] 2026-05-23T08:12:31 epoch 55/500 step 400/610 loss 0.3009 lr 4.46e-04
[videomae] 2026-05-23T08:13:07 epoch 55/500 step 500/610 loss 0.3219 lr 4.46e-04
[videomae] 2026-05-23T08:13:43 epoch 55/500 step 600/610 loss 0.3455 lr 4.46e-04
[videomae] 2026-05-23T08:13:46 epoch 55/500 avg loss 0.3182
[videomae] 2026-05-23T08:13:46 wrote trunk checkpoint -> /Data/romain.poggi/smth2smth/checkpoints/track_a/ssl/videomaev2_t4native_encoder.pt (149 tensors, EMA)
[videomae] 2026-05-23T08:13:47 wrote resume state -> /Data/romain.poggi/smth2smth/checkpoints/track_a/ssl/videomaev2_t4native_encoder.state.pt
[videomae] 2026-05-23T08:13:49 epoch 56/500 step 0/610 loss 0.3177 lr 4.46e-04
[videomae] 2026-05-23T08:14:25 epoch 56/500 step 100/610 loss 0.3044 lr 4.46e-04
[videomae] 2026-05-23T08:15:01 epoch 56/500 step 200/610 loss 0.3202 lr 4.45e-04
[videomae] 2026-05-23T08:15:36 epoch 56/500 step 300/610 loss 0.3048 lr 4.45e-04
[videomae] 2026-05-23T08:16:12 epoch 56/500 step 400/610 loss 0.3047 lr 4.45e-04
[videomae] 2026-05-23T08:16:48 epoch 56/500 step 500/610 loss 0.3220 lr 4.45e-04
[videomae] 2026-05-23T08:17:23 epoch 56/500 step 600/610 loss 0.3111 lr 4.45e-04
[videomae] 2026-05-23T08:17:27 epoch 56/500 avg loss 0.3164
[videomae] 2026-05-23T08:17:27 wrote trunk checkpoint -> /Data/romain.poggi/smth2smth/checkpoints/track_a/ssl/videomaev2_t4native_encoder.pt (149 tensors, EMA)
[videomae] 2026-05-23T08:17:28 wrote resume state -> /Data/romain.poggi/smth2smth/checkpoints/track_a/ssl/videomaev2_t4native_encoder.state.pt
[videomae] 2026-05-23T08:17:31 epoch 57/500 step 0/610 loss 0.3041 lr 4.45e-04
[videomae] 2026-05-23T08:18:06 epoch 57/500 step 100/610 loss 0.2994 lr 4.45e-04
[videomae] 2026-05-23T08:18:42 epoch 57/500 step 200/610 loss 0.3028 lr 4.45e-04
[videomae] 2026-05-23T08:19:18 epoch 57/500 step 300/610 loss 0.3048 lr 4.45e-04
[videomae] 2026-05-23T08:19:53 epoch 57/500 step 400/610 loss 0.3189 lr 4.45e-04
[videomae] 2026-05-23T08:20:29 epoch 57/500 step 500/610 loss 0.3183 lr 4.45e-04
[videomae] 2026-05-23T08:21:05 epoch 57/500 step 600/610 loss 0.3083 lr 4.45e-04
[videomae] 2026-05-23T08:21:08 epoch 57/500 avg loss 0.3151
[videomae] 2026-05-23T08:21:08 wrote trunk checkpoint -> /Data/romain.poggi/smth2smth/checkpoints/track_a/ssl/videomaev2_t4native_encoder.pt (149 tensors, EMA)
[videomae] 2026-05-23T08:21:10 wrote resume state -> /Data/romain.poggi/smth2smth/checkpoints/track_a/ssl/videomaev2_t4native_encoder.state.pt
[videomae] 2026-05-23T08:21:12 epoch 58/500 step 0/610 loss 0.3051 lr 4.45e-04
[videomae] 2026-05-23T08:21:48 epoch 58/500 step 100/610 loss 0.3154 lr 4.45e-04
[videomae] 2026-05-23T08:22:23 epoch 58/500 step 200/610 loss 0.2996 lr 4.45e-04
[videomae] 2026-05-23T08:22:59 epoch 58/500 step 300/610 loss 0.2688 lr 4.45e-04
[videomae] 2026-05-23T08:23:35 epoch 58/500 step 400/610 loss 0.3145 lr 4.45e-04
[videomae] 2026-05-23T08:24:10 epoch 58/500 step 500/610 loss 0.3107 lr 4.45e-04
[videomae] 2026-05-23T08:24:46 epoch 58/500 step 600/610 loss 0.3170 lr 4.45e-04
[videomae] 2026-05-23T08:24:49 epoch 58/500 avg loss 0.3135
[videomae] 2026-05-23T08:24:50 wrote trunk checkpoint -> /Data/romain.poggi/smth2smth/checkpoints/track_a/ssl/videomaev2_t4native_encoder.pt (149 tensors, EMA)
[videomae] 2026-05-23T08:24:51 wrote resume state -> /Data/romain.poggi/smth2smth/checkpoints/track_a/ssl/videomaev2_t4native_encoder.state.pt
[videomae] 2026-05-23T08:24:53 epoch 59/500 step 0/610 loss 0.2966 lr 4.45e-04
[videomae] 2026-05-23T08:25:29 epoch 59/500 step 100/610 loss 0.3274 lr 4.45e-04
[videomae] 2026-05-23T08:26:04 epoch 59/500 step 200/610 loss 0.3348 lr 4.45e-04
[videomae] 2026-05-23T08:26:40 epoch 59/500 step 300/610 loss 0.3130 lr 4.45e-04
[videomae] 2026-05-23T08:27:16 epoch 59/500 step 400/610 loss 0.3046 lr 4.44e-04
[videomae] 2026-05-23T08:27:51 epoch 59/500 step 500/610 loss 0.3192 lr 4.44e-04
[videomae] 2026-05-23T08:28:27 epoch 59/500 step 600/610 loss 0.3337 lr 4.44e-04
[videomae] 2026-05-23T08:28:30 epoch 59/500 avg loss 0.3119
[videomae] 2026-05-23T08:28:31 wrote trunk checkpoint -> /Data/romain.poggi/smth2smth/checkpoints/track_a/ssl/videomaev2_t4native_encoder.pt (149 tensors, EMA)
[videomae] 2026-05-23T08:28:32 wrote resume state -> /Data/romain.poggi/smth2smth/checkpoints/track_a/ssl/videomaev2_t4native_encoder.state.pt
[videomae] 2026-05-23T08:28:33 epoch 60/500 step 0/610 loss 0.2907 lr 4.44e-04
[videomae] 2026-05-23T08:29:09 epoch 60/500 step 100/610 loss 0.3325 lr 4.44e-04
[videomae] 2026-05-23T08:29:45 epoch 60/500 step 200/610 loss 0.3139 lr 4.44e-04
[videomae] 2026-05-23T08:30:21 epoch 60/500 step 300/610 loss 0.3060 lr 4.44e-04
[videomae] 2026-05-23T08:30:56 epoch 60/500 step 400/610 loss 0.3156 lr 4.44e-04
[videomae] 2026-05-23T08:31:32 epoch 60/500 step 500/610 loss 0.2962 lr 4.44e-04
[videomae] 2026-05-23T08:32:08 epoch 60/500 step 600/610 loss 0.3063 lr 4.44e-04
[videomae] 2026-05-23T08:32:11 epoch 60/500 avg loss 0.3119
[videomae] 2026-05-23T08:32:11 wrote trunk checkpoint -> /Data/romain.poggi/smth2smth/checkpoints/track_a/ssl/videomaev2_t4native_encoder.pt (149 tensors, EMA)
[videomae] 2026-05-23T08:32:13 wrote resume state -> /Data/romain.poggi/smth2smth/checkpoints/track_a/ssl/videomaev2_t4native_encoder.state.pt
[videomae] 2026-05-23T08:32:14 epoch 61/500 step 0/610 loss 0.3192 lr 4.44e-04
[videomae] 2026-05-23T08:32:50 epoch 61/500 step 100/610 loss 0.3326 lr 4.44e-04
[videomae] 2026-05-23T08:33:26 epoch 61/500 step 200/610 loss 0.2984 lr 4.44e-04
[videomae] 2026-05-23T08:34:02 epoch 61/500 step 300/610 loss 0.2783 lr 4.44e-04
[videomae] 2026-05-23T08:34:37 epoch 61/500 step 400/610 loss 0.2896 lr 4.44e-04
[videomae] 2026-05-23T08:35:13 epoch 61/500 step 500/610 loss 0.2743 lr 4.44e-04
[videomae] 2026-05-23T08:35:49 epoch 61/500 step 600/610 loss 0.3074 lr 4.44e-04
[videomae] 2026-05-23T08:35:52 epoch 61/500 avg loss 0.3098
[videomae] 2026-05-23T08:35:52 wrote trunk checkpoint -> /Data/romain.poggi/smth2smth/checkpoints/track_a/ssl/videomaev2_t4native_encoder.pt (149 tensors, EMA)
[videomae] 2026-05-23T08:35:53 wrote resume state -> /Data/romain.poggi/smth2smth/checkpoints/track_a/ssl/videomaev2_t4native_encoder.state.pt
[videomae] 2026-05-23T08:35:56 epoch 62/500 step 0/610 loss 0.3033 lr 4.44e-04
[videomae] 2026-05-23T08:36:31 epoch 62/500 step 100/610 loss 0.3160 lr 4.44e-04
[videomae] 2026-05-23T08:37:07 epoch 62/500 step 200/610 loss 0.3225 lr 4.44e-04
[videomae] 2026-05-23T08:37:43 epoch 62/500 step 300/610 loss 0.3171 lr 4.43e-04
[videomae] 2026-05-23T08:38:18 epoch 62/500 step 400/610 loss 0.3088 lr 4.43e-04
[videomae] 2026-05-23T08:38:54 epoch 62/500 step 500/610 loss 0.2810 lr 4.43e-04
[videomae] 2026-05-23T08:39:30 epoch 62/500 step 600/610 loss 0.3064 lr 4.43e-04
[videomae] 2026-05-23T08:39:33 epoch 62/500 avg loss 0.3102
[videomae] 2026-05-23T08:39:33 wrote trunk checkpoint -> /Data/romain.poggi/smth2smth/checkpoints/track_a/ssl/videomaev2_t4native_encoder.pt (149 tensors, EMA)
[videomae] 2026-05-23T08:39:35 wrote resume state -> /Data/romain.poggi/smth2smth/checkpoints/track_a/ssl/videomaev2_t4native_encoder.state.pt
[videomae] 2026-05-23T08:39:37 epoch 63/500 step 0/610 loss 0.2832 lr 4.43e-04
[videomae] 2026-05-23T08:40:12 epoch 63/500 step 100/610 loss 0.3055 lr 4.43e-04
[videomae] 2026-05-23T08:40:48 epoch 63/500 step 200/610 loss 0.3072 lr 4.43e-04
[videomae] 2026-05-23T08:41:24 epoch 63/500 step 300/610 loss 0.2968 lr 4.43e-04
[videomae] 2026-05-23T08:42:00 epoch 63/500 step 400/610 loss 0.3116 lr 4.43e-04
[videomae] 2026-05-23T08:42:35 epoch 63/500 step 500/610 loss 0.2800 lr 4.43e-04
[videomae] 2026-05-23T08:43:11 epoch 63/500 step 600/610 loss 0.3159 lr 4.43e-04
[videomae] 2026-05-23T08:43:14 epoch 63/500 avg loss 0.3080
[videomae] 2026-05-23T08:43:15 wrote trunk checkpoint -> /Data/romain.poggi/smth2smth/checkpoints/track_a/ssl/videomaev2_t4native_encoder.pt (149 tensors, EMA)
[videomae] 2026-05-23T08:43:16 wrote resume state -> /Data/romain.poggi/smth2smth/checkpoints/track_a/ssl/videomaev2_t4native_encoder.state.pt
[videomae] 2026-05-23T08:43:18 epoch 64/500 step 0/610 loss 0.3099 lr 4.43e-04
[videomae] 2026-05-23T08:43:54 epoch 64/500 step 100/610 loss 0.3247 lr 4.43e-04
[videomae] 2026-05-23T08:44:29 epoch 64/500 step 200/610 loss 0.2959 lr 4.43e-04
[videomae] 2026-05-23T08:45:05 epoch 64/500 step 300/610 loss 0.3042 lr 4.43e-04
[videomae] 2026-05-23T08:45:41 epoch 64/500 step 400/610 loss 0.3339 lr 4.43e-04
[videomae] 2026-05-23T08:46:16 epoch 64/500 step 500/610 loss 0.3263 lr 4.43e-04
[videomae] 2026-05-23T08:46:52 epoch 64/500 step 600/610 loss 0.2965 lr 4.43e-04
[videomae] 2026-05-23T08:46:55 epoch 64/500 avg loss 0.3077
[videomae] 2026-05-23T08:46:56 wrote trunk checkpoint -> /Data/romain.poggi/smth2smth/checkpoints/track_a/ssl/videomaev2_t4native_encoder.pt (149 tensors, EMA)
[videomae] 2026-05-23T08:46:57 wrote resume state -> /Data/romain.poggi/smth2smth/checkpoints/track_a/ssl/videomaev2_t4native_encoder.state.pt
[videomae] 2026-05-23T08:46:59 epoch 65/500 step 0/610 loss 0.3164 lr 4.43e-04
[videomae] 2026-05-23T08:47:35 epoch 65/500 step 100/610 loss 0.3152 lr 4.42e-04
[videomae] 2026-05-23T08:48:11 epoch 65/500 step 200/610 loss 0.3280 lr 4.42e-04
[videomae] 2026-05-23T08:48:46 epoch 65/500 step 300/610 loss 0.2929 lr 4.42e-04
[videomae] 2026-05-23T08:49:22 epoch 65/500 step 400/610 loss 0.2995 lr 4.42e-04
[videomae] 2026-05-23T08:49:58 epoch 65/500 step 500/610 loss 0.3213 lr 4.42e-04
[videomae] 2026-05-23T08:50:33 epoch 65/500 step 600/610 loss 0.3090 lr 4.42e-04
[videomae] 2026-05-23T08:50:37 epoch 65/500 avg loss 0.3061
[videomae] 2026-05-23T08:50:37 wrote trunk checkpoint -> /Data/romain.poggi/smth2smth/checkpoints/track_a/ssl/videomaev2_t4native_encoder.pt (149 tensors, EMA)
[videomae] 2026-05-23T08:50:38 wrote resume state -> /Data/romain.poggi/smth2smth/checkpoints/track_a/ssl/videomaev2_t4native_encoder.state.pt
[videomae] 2026-05-23T08:50:40 epoch 66/500 step 0/610 loss 0.3107 lr 4.42e-04
[videomae] 2026-05-23T08:51:16 epoch 66/500 step 100/610 loss 0.3124 lr 4.42e-04
[videomae] 2026-05-23T08:51:52 epoch 66/500 step 200/610 loss 0.3166 lr 4.42e-04
[videomae] 2026-05-23T08:52:28 epoch 66/500 step 300/610 loss 0.2896 lr 4.42e-04
[videomae] 2026-05-23T08:53:03 epoch 66/500 step 400/610 loss 0.3118 lr 4.42e-04
[videomae] 2026-05-23T08:53:39 epoch 66/500 step 500/610 loss 0.3005 lr 4.42e-04
[videomae] 2026-05-23T08:54:15 epoch 66/500 step 600/610 loss 0.3156 lr 4.42e-04
[videomae] 2026-05-23T08:54:18 epoch 66/500 avg loss 0.3053
[videomae] 2026-05-23T08:54:18 wrote trunk checkpoint -> /Data/romain.poggi/smth2smth/checkpoints/track_a/ssl/videomaev2_t4native_encoder.pt (149 tensors, EMA)
[videomae] 2026-05-23T08:54:19 wrote resume state -> /Data/romain.poggi/smth2smth/checkpoints/track_a/ssl/videomaev2_t4native_encoder.state.pt
[videomae] 2026-05-23T08:54:22 epoch 67/500 step 0/610 loss 0.3151 lr 4.42e-04
[videomae] 2026-05-23T08:54:57 epoch 67/500 step 100/610 loss 0.3164 lr 4.42e-04
[videomae] 2026-05-23T08:55:33 epoch 67/500 step 200/610 loss 0.3032 lr 4.42e-04
[videomae] 2026-05-23T08:56:09 epoch 67/500 step 300/610 loss 0.2839 lr 4.42e-04
[videomae] 2026-05-23T08:56:45 epoch 67/500 step 400/610 loss 0.3159 lr 4.42e-04
[videomae] 2026-05-23T08:57:20 epoch 67/500 step 500/610 loss 0.3039 lr 4.41e-04
[videomae] 2026-05-23T08:57:56 epoch 67/500 step 600/610 loss 0.2893 lr 4.41e-04
[videomae] 2026-05-23T08:57:59 epoch 67/500 avg loss 0.3053
[videomae] 2026-05-23T08:58:00 wrote trunk checkpoint -> /Data/romain.poggi/smth2smth/checkpoints/track_a/ssl/videomaev2_t4native_encoder.pt (149 tensors, EMA)
[videomae] 2026-05-23T08:58:01 wrote resume state -> /Data/romain.poggi/smth2smth/checkpoints/track_a/ssl/videomaev2_t4native_encoder.state.pt
[videomae] 2026-05-23T08:58:03 epoch 68/500 step 0/610 loss 0.3036 lr 4.41e-04
[videomae] 2026-05-23T08:58:39 epoch 68/500 step 100/610 loss 0.2780 lr 4.41e-04
[videomae] 2026-05-23T08:59:15 epoch 68/500 step 200/610 loss 0.3003 lr 4.41e-04
[videomae] 2026-05-23T08:59:50 epoch 68/500 step 300/610 loss 0.2788 lr 4.41e-04
[videomae] 2026-05-23T09:00:26 epoch 68/500 step 400/610 loss 0.2855 lr 4.41e-04
[videomae] 2026-05-23T09:01:02 epoch 68/500 step 500/610 loss 0.2972 lr 4.41e-04
[videomae] 2026-05-23T09:01:38 epoch 68/500 step 600/610 loss 0.3049 lr 4.41e-04
[videomae] 2026-05-23T09:01:41 epoch 68/500 avg loss 0.3039
[videomae] 2026-05-23T09:01:41 wrote trunk checkpoint -> /Data/romain.poggi/smth2smth/checkpoints/track_a/ssl/videomaev2_t4native_encoder.pt (149 tensors, EMA)
[videomae] 2026-05-23T09:01:42 wrote resume state -> /Data/romain.poggi/smth2smth/checkpoints/track_a/ssl/videomaev2_t4native_encoder.state.pt
[videomae] 2026-05-23T09:01:44 epoch 69/500 step 0/610 loss 0.3184 lr 4.41e-04
[videomae] 2026-05-23T09:02:20 epoch 69/500 step 100/610 loss 0.2831 lr 4.41e-04
[videomae] 2026-05-23T09:02:56 epoch 69/500 step 200/610 loss 0.3062 lr 4.41e-04
[videomae] 2026-05-23T09:03:31 epoch 69/500 step 300/610 loss 0.2916 lr 4.41e-04
[videomae] 2026-05-23T09:04:07 epoch 69/500 step 400/610 loss 0.2966 lr 4.41e-04
[videomae] 2026-05-23T09:04:43 epoch 69/500 step 500/610 loss 0.2780 lr 4.41e-04
[videomae] 2026-05-23T09:05:19 epoch 69/500 step 600/610 loss 0.3091 lr 4.41e-04
[videomae] 2026-05-23T09:05:22 epoch 69/500 avg loss 0.3029
[videomae] 2026-05-23T09:05:22 wrote trunk checkpoint -> /Data/romain.poggi/smth2smth/checkpoints/track_a/ssl/videomaev2_t4native_encoder.pt (149 tensors, EMA)
[videomae] 2026-05-23T09:05:23 wrote resume state -> /Data/romain.poggi/smth2smth/checkpoints/track_a/ssl/videomaev2_t4native_encoder.state.pt
[videomae] 2026-05-23T09:05:25 epoch 70/500 step 0/610 loss 0.2903 lr 4.41e-04
[videomae] 2026-05-23T09:06:01 epoch 70/500 step 100/610 loss 0.3493 lr 4.40e-04
[videomae] 2026-05-23T09:06:37 epoch 70/500 step 200/610 loss 0.2802 lr 4.40e-04
[videomae] 2026-05-23T09:07:13 epoch 70/500 step 300/610 loss 0.2934 lr 4.40e-04
[videomae] 2026-05-23T09:07:48 epoch 70/500 step 400/610 loss 0.3091 lr 4.40e-04
[videomae] 2026-05-23T09:08:24 epoch 70/500 step 500/610 loss 0.3073 lr 4.40e-04
[videomae] 2026-05-23T09:09:00 epoch 70/500 step 600/610 loss 0.3123 lr 4.40e-04
[videomae] 2026-05-23T09:09:03 epoch 70/500 avg loss 0.3018
[videomae] 2026-05-23T09:09:03 wrote trunk checkpoint -> /Data/romain.poggi/smth2smth/checkpoints/track_a/ssl/videomaev2_t4native_encoder.pt (149 tensors, EMA)
[videomae] 2026-05-23T09:09:05 wrote resume state -> /Data/romain.poggi/smth2smth/checkpoints/track_a/ssl/videomaev2_t4native_encoder.state.pt
[videomae] 2026-05-23T09:09:07 epoch 71/500 step 0/610 loss 0.3116 lr 4.40e-04
[videomae] 2026-05-23T09:09:43 epoch 71/500 step 100/610 loss 0.2997 lr 4.40e-04
[videomae] 2026-05-23T09:10:18 epoch 71/500 step 200/610 loss 0.2911 lr 4.40e-04
[videomae] 2026-05-23T09:10:54 epoch 71/500 step 300/610 loss 0.3101 lr 4.40e-04
[videomae] 2026-05-23T09:11:30 epoch 71/500 step 400/610 loss 0.3175 lr 4.40e-04
[videomae] 2026-05-23T09:12:05 epoch 71/500 step 500/610 loss 0.2900 lr 4.40e-04
[videomae] 2026-05-23T09:12:41 epoch 71/500 step 600/610 loss 0.2819 lr 4.40e-04
[videomae] 2026-05-23T09:12:44 epoch 71/500 avg loss 0.3007
[videomae] 2026-05-23T09:12:45 wrote trunk checkpoint -> /Data/romain.poggi/smth2smth/checkpoints/track_a/ssl/videomaev2_t4native_encoder.pt (149 tensors, EMA)
[videomae] 2026-05-23T09:12:46 wrote resume state -> /Data/romain.poggi/smth2smth/checkpoints/track_a/ssl/videomaev2_t4native_encoder.state.pt
[videomae] 2026-05-23T09:12:48 epoch 72/500 step 0/610 loss 0.2936 lr 4.40e-04
[videomae] 2026-05-23T09:13:24 epoch 72/500 step 100/610 loss 0.2865 lr 4.40e-04
[videomae] 2026-05-23T09:13:59 epoch 72/500 step 200/610 loss 0.2976 lr 4.40e-04
[videomae] 2026-05-23T09:14:35 epoch 72/500 step 300/610 loss 0.2815 lr 4.39e-04
[videomae] 2026-05-23T09:15:11 epoch 72/500 step 400/610 loss 0.3215 lr 4.39e-04
[videomae] 2026-05-23T09:15:47 epoch 72/500 step 500/610 loss 0.3036 lr 4.39e-04
[videomae] 2026-05-23T09:16:22 epoch 72/500 step 600/610 loss 0.2915 lr 4.39e-04
[videomae] 2026-05-23T09:16:26 epoch 72/500 avg loss 0.3001
[videomae] 2026-05-23T09:16:26 wrote trunk checkpoint -> /Data/romain.poggi/smth2smth/checkpoints/track_a/ssl/videomaev2_t4native_encoder.pt (149 tensors, EMA)
[videomae] 2026-05-23T09:16:27 wrote resume state -> /Data/romain.poggi/smth2smth/checkpoints/track_a/ssl/videomaev2_t4native_encoder.state.pt
[videomae] 2026-05-23T09:16:29 epoch 73/500 step 0/610 loss 0.2961 lr 4.39e-04
[videomae] 2026-05-23T09:17:05 epoch 73/500 step 100/610 loss 0.2915 lr 4.39e-04
[videomae] 2026-05-23T09:17:41 epoch 73/500 step 200/610 loss 0.2790 lr 4.39e-04
[videomae] 2026-05-23T09:18:16 epoch 73/500 step 300/610 loss 0.2723 lr 4.39e-04
[videomae] 2026-05-23T09:18:52 epoch 73/500 step 400/610 loss 0.2768 lr 4.39e-04
[videomae] 2026-05-23T09:19:28 epoch 73/500 step 500/610 loss 0.2884 lr 4.39e-04
[videomae] 2026-05-23T09:20:04 epoch 73/500 step 600/610 loss 0.2934 lr 4.39e-04
[videomae] 2026-05-23T09:20:07 epoch 73/500 avg loss 0.2998
[videomae] 2026-05-23T09:20:07 wrote trunk checkpoint -> /Data/romain.poggi/smth2smth/checkpoints/track_a/ssl/videomaev2_t4native_encoder.pt (149 tensors, EMA)
[videomae] 2026-05-23T09:20:08 wrote resume state -> /Data/romain.poggi/smth2smth/checkpoints/track_a/ssl/videomaev2_t4native_encoder.state.pt
[videomae] 2026-05-23T09:20:10 epoch 74/500 step 0/610 loss 0.2953 lr 4.39e-04
[videomae] 2026-05-23T09:20:46 epoch 74/500 step 100/610 loss 0.3086 lr 4.39e-04
[videomae] 2026-05-23T09:21:22 epoch 74/500 step 200/610 loss 0.3070 lr 4.39e-04
[videomae] 2026-05-23T09:21:58 epoch 74/500 step 300/610 loss 0.2899 lr 4.39e-04
[videomae] 2026-05-23T09:22:33 epoch 74/500 step 400/610 loss 0.2896 lr 4.38e-04
[videomae] 2026-05-23T09:23:09 epoch 74/500 step 500/610 loss 0.3047 lr 4.38e-04
[videomae] 2026-05-23T09:23:45 epoch 74/500 step 600/610 loss 0.2836 lr 4.38e-04
[videomae] 2026-05-23T09:23:48 epoch 74/500 avg loss 0.2983
[videomae] 2026-05-23T09:23:49 wrote trunk checkpoint -> /Data/romain.poggi/smth2smth/checkpoints/track_a/ssl/videomaev2_t4native_encoder.pt (149 tensors, EMA)
[videomae] 2026-05-23T09:23:50 wrote resume state -> /Data/romain.poggi/smth2smth/checkpoints/track_a/ssl/videomaev2_t4native_encoder.state.pt
[videomae] 2026-05-23T09:23:52 epoch 75/500 step 0/610 loss 0.2902 lr 4.38e-04
[videomae] 2026-05-23T09:24:28 epoch 75/500 step 100/610 loss 0.2867 lr 4.38e-04
[videomae] 2026-05-23T09:25:04 epoch 75/500 step 200/610 loss 0.3062 lr 4.38e-04
[videomae] 2026-05-23T09:25:39 epoch 75/500 step 300/610 loss 0.3174 lr 4.38e-04
[videomae] 2026-05-23T09:26:15 epoch 75/500 step 400/610 loss 0.3079 lr 4.38e-04
[videomae] 2026-05-23T09:26:51 epoch 75/500 step 500/610 loss 0.2857 lr 4.38e-04
[videomae] 2026-05-23T09:27:27 epoch 75/500 step 600/610 loss 0.3350 lr 4.38e-04
[videomae] 2026-05-23T09:27:30 epoch 75/500 avg loss 0.2972
[videomae] 2026-05-23T09:27:30 wrote trunk checkpoint -> /Data/romain.poggi/smth2smth/checkpoints/track_a/ssl/videomaev2_t4native_encoder.pt (149 tensors, EMA)
[videomae] 2026-05-23T09:27:31 wrote resume state -> /Data/romain.poggi/smth2smth/checkpoints/track_a/ssl/videomaev2_t4native_encoder.state.pt
[videomae] 2026-05-23T09:27:33 epoch 76/500 step 0/610 loss 0.3033 lr 4.38e-04
[videomae] 2026-05-23T09:28:09 epoch 76/500 step 100/610 loss 0.2945 lr 4.38e-04
[videomae] 2026-05-23T09:28:45 epoch 76/500 step 200/610 loss 0.2816 lr 4.38e-04
[videomae] 2026-05-23T09:29:21 epoch 76/500 step 300/610 loss 0.3068 lr 4.38e-04
[videomae] 2026-05-23T09:29:56 epoch 76/500 step 400/610 loss 0.3087 lr 4.37e-04
[videomae] 2026-05-23T09:30:32 epoch 76/500 step 500/610 loss 0.2835 lr 4.37e-04
[videomae] 2026-05-23T09:31:08 epoch 76/500 step 600/610 loss 0.3207 lr 4.37e-04
[videomae] 2026-05-23T09:31:11 epoch 76/500 avg loss 0.2977
[videomae] 2026-05-23T09:31:11 wrote trunk checkpoint -> /Data/romain.poggi/smth2smth/checkpoints/track_a/ssl/videomaev2_t4native_encoder.pt (149 tensors, EMA)
[videomae] 2026-05-23T09:31:13 wrote resume state -> /Data/romain.poggi/smth2smth/checkpoints/track_a/ssl/videomaev2_t4native_encoder.state.pt
[videomae] 2026-05-23T09:31:15 epoch 77/500 step 0/610 loss 0.2934 lr 4.37e-04
[videomae] 2026-05-23T09:31:51 epoch 77/500 step 100/610 loss 0.2830 lr 4.37e-04
[videomae] 2026-05-23T09:32:26 epoch 77/500 step 200/610 loss 0.3111 lr 4.37e-04
[videomae] 2026-05-23T09:33:02 epoch 77/500 step 300/610 loss 0.3213 lr 4.37e-04
[videomae] 2026-05-23T09:33:38 epoch 77/500 step 400/610 loss 0.2777 lr 4.37e-04
[videomae] 2026-05-23T09:34:14 epoch 77/500 step 500/610 loss 0.2953 lr 4.37e-04
[videomae] 2026-05-23T09:34:49 epoch 77/500 step 600/610 loss 0.2995 lr 4.37e-04
[videomae] 2026-05-23T09:34:53 epoch 77/500 avg loss 0.2966
[videomae] 2026-05-23T09:34:53 wrote trunk checkpoint -> /Data/romain.poggi/smth2smth/checkpoints/track_a/ssl/videomaev2_t4native_encoder.pt (149 tensors, EMA)
[videomae] 2026-05-23T09:34:54 wrote resume state -> /Data/romain.poggi/smth2smth/checkpoints/track_a/ssl/videomaev2_t4native_encoder.state.pt
[videomae] 2026-05-23T09:34:56 epoch 78/500 step 0/610 loss 0.2971 lr 4.37e-04
[videomae] 2026-05-23T09:35:32 epoch 78/500 step 100/610 loss 0.2892 lr 4.37e-04
[videomae] 2026-05-23T09:36:07 epoch 78/500 step 200/610 loss 0.3021 lr 4.37e-04
[videomae] 2026-05-23T09:36:43 epoch 78/500 step 300/610 loss 0.2764 lr 4.37e-04
[videomae] 2026-05-23T09:37:19 epoch 78/500 step 400/610 loss 0.2798 lr 4.36e-04
[videomae] 2026-05-23T09:37:55 epoch 78/500 step 500/610 loss 0.2722 lr 4.36e-04
[videomae] 2026-05-23T09:38:30 epoch 78/500 step 600/610 loss 0.2973 lr 4.36e-04
[videomae] 2026-05-23T09:38:34 epoch 78/500 avg loss 0.2953
[videomae] 2026-05-23T09:38:34 wrote trunk checkpoint -> /Data/romain.poggi/smth2smth/checkpoints/track_a/ssl/videomaev2_t4native_encoder.pt (149 tensors, EMA)
[videomae] 2026-05-23T09:38:35 wrote resume state -> /Data/romain.poggi/smth2smth/checkpoints/track_a/ssl/videomaev2_t4native_encoder.state.pt
[videomae] 2026-05-23T09:38:37 epoch 79/500 step 0/610 loss 0.3077 lr 4.36e-04
[videomae] 2026-05-23T09:39:13 epoch 79/500 step 100/610 loss 0.2999 lr 4.36e-04
[videomae] 2026-05-23T09:39:49 epoch 79/500 step 200/610 loss 0.3236 lr 4.36e-04
[videomae] 2026-05-23T09:40:25 epoch 79/500 step 300/610 loss 0.2934 lr 4.36e-04
[videomae] 2026-05-23T09:41:00 epoch 79/500 step 400/610 loss 0.2917 lr 4.36e-04
[videomae] 2026-05-23T09:41:36 epoch 79/500 step 500/610 loss 0.3018 lr 4.36e-04
[videomae] 2026-05-23T09:42:12 epoch 79/500 step 600/610 loss 0.2949 lr 4.36e-04
[videomae] 2026-05-23T09:42:15 epoch 79/500 avg loss 0.2952
[videomae] 2026-05-23T09:42:15 wrote trunk checkpoint -> /Data/romain.poggi/smth2smth/checkpoints/track_a/ssl/videomaev2_t4native_encoder.pt (149 tensors, EMA)
[videomae] 2026-05-23T09:42:17 wrote resume state -> /Data/romain.poggi/smth2smth/checkpoints/track_a/ssl/videomaev2_t4native_encoder.state.pt
[videomae] 2026-05-23T09:42:19 epoch 80/500 step 0/610 loss 0.2885 lr 4.36e-04
[videomae] 2026-05-23T09:42:55 epoch 80/500 step 100/610 loss 0.2931 lr 4.36e-04
[videomae] 2026-05-23T09:43:30 epoch 80/500 step 200/610 loss 0.2785 lr 4.36e-04
[videomae] 2026-05-23T09:44:06 epoch 80/500 step 300/610 loss 0.3243 lr 4.36e-04
[videomae] 2026-05-23T09:44:42 epoch 80/500 step 400/610 loss 0.2810 lr 4.35e-04
[videomae] 2026-05-23T09:45:18 epoch 80/500 step 500/610 loss 0.3038 lr 4.35e-04
[videomae] 2026-05-23T09:45:53 epoch 80/500 step 600/610 loss 0.2883 lr 4.35e-04
[videomae] 2026-05-23T09:45:57 epoch 80/500 avg loss 0.2940
[videomae] 2026-05-23T09:45:57 wrote trunk checkpoint -> /Data/romain.poggi/smth2smth/checkpoints/track_a/ssl/videomaev2_t4native_encoder.pt (149 tensors, EMA)
[videomae] 2026-05-23T09:45:58 wrote resume state -> /Data/romain.poggi/smth2smth/checkpoints/track_a/ssl/videomaev2_t4native_encoder.state.pt
[videomae] 2026-05-23T09:46:00 epoch 81/500 step 0/610 loss 0.2981 lr 4.35e-04
[videomae] 2026-05-23T09:46:36 epoch 81/500 step 100/610 loss 0.3043 lr 4.35e-04
[videomae] 2026-05-23T09:47:12 epoch 81/500 step 200/610 loss 0.2883 lr 4.35e-04
[videomae] 2026-05-23T09:47:48 epoch 81/500 step 300/610 loss 0.2883 lr 4.35e-04
[videomae] 2026-05-23T09:48:23 epoch 81/500 step 400/610 loss 0.2897 lr 4.35e-04
[videomae] 2026-05-23T09:48:59 epoch 81/500 step 500/610 loss 0.2858 lr 4.35e-04
[videomae] 2026-05-23T09:49:35 epoch 81/500 step 600/610 loss 0.2857 lr 4.35e-04
[videomae] 2026-05-23T09:49:38 epoch 81/500 avg loss 0.2945
[videomae] 2026-05-23T09:49:38 wrote trunk checkpoint -> /Data/romain.poggi/smth2smth/checkpoints/track_a/ssl/videomaev2_t4native_encoder.pt (149 tensors, EMA)
[videomae] 2026-05-23T09:49:40 wrote resume state -> /Data/romain.poggi/smth2smth/checkpoints/track_a/ssl/videomaev2_t4native_encoder.state.pt
[videomae] 2026-05-23T09:49:42 epoch 82/500 step 0/610 loss 0.3091 lr 4.35e-04
[videomae] 2026-05-23T09:50:17 epoch 82/500 step 100/610 loss 0.2617 lr 4.35e-04
[videomae] 2026-05-23T09:50:53 epoch 82/500 step 200/610 loss 0.3103 lr 4.35e-04
[videomae] 2026-05-23T09:51:29 epoch 82/500 step 300/610 loss 0.2992 lr 4.34e-04
[videomae] 2026-05-23T09:52:05 epoch 82/500 step 400/610 loss 0.3033 lr 4.34e-04
[videomae] 2026-05-23T09:52:40 epoch 82/500 step 500/610 loss 0.2768 lr 4.34e-04
[videomae] 2026-05-23T09:53:16 epoch 82/500 step 600/610 loss 0.2889 lr 4.34e-04
[videomae] 2026-05-23T09:53:19 epoch 82/500 avg loss 0.2931
[videomae] 2026-05-23T09:53:20 wrote trunk checkpoint -> /Data/romain.poggi/smth2smth/checkpoints/track_a/ssl/videomaev2_t4native_encoder.pt (149 tensors, EMA)
[videomae] 2026-05-23T09:53:21 wrote resume state -> /Data/romain.poggi/smth2smth/checkpoints/track_a/ssl/videomaev2_t4native_encoder.state.pt
[videomae] 2026-05-23T09:53:23 epoch 83/500 step 0/610 loss 0.2908 lr 4.34e-04
[videomae] 2026-05-23T09:53:59 epoch 83/500 step 100/610 loss 0.2826 lr 4.34e-04
[videomae] 2026-05-23T09:54:34 epoch 83/500 step 200/610 loss 0.2680 lr 4.34e-04
[videomae] 2026-05-23T09:55:10 epoch 83/500 step 300/610 loss 0.2770 lr 4.34e-04
[videomae] 2026-05-23T09:55:46 epoch 83/500 step 400/610 loss 0.3031 lr 4.34e-04
[videomae] 2026-05-23T09:56:22 epoch 83/500 step 500/610 loss 0.2774 lr 4.34e-04
[videomae] 2026-05-23T09:56:58 epoch 83/500 step 600/610 loss 0.2790 lr 4.34e-04
[videomae] 2026-05-23T09:57:01 epoch 83/500 avg loss 0.2924
[videomae] 2026-05-23T09:57:01 wrote trunk checkpoint -> /Data/romain.poggi/smth2smth/checkpoints/track_a/ssl/videomaev2_t4native_encoder.pt (149 tensors, EMA)
[videomae] 2026-05-23T09:57:02 wrote resume state -> /Data/romain.poggi/smth2smth/checkpoints/track_a/ssl/videomaev2_t4native_encoder.state.pt
[videomae] 2026-05-23T09:57:04 epoch 84/500 step 0/610 loss 0.2888 lr 4.34e-04
[videomae] 2026-05-23T09:57:40 epoch 84/500 step 100/610 loss 0.2854 lr 4.34e-04
[videomae] 2026-05-23T09:58:16 epoch 84/500 step 200/610 loss 0.2728 lr 4.33e-04
[videomae] 2026-05-23T09:58:52 epoch 84/500 step 300/610 loss 0.3033 lr 4.33e-04
[videomae] 2026-05-23T09:59:27 epoch 84/500 step 400/610 loss 0.2842 lr 4.33e-04
[videomae] 2026-05-23T10:00:03 epoch 84/500 step 500/610 loss 0.3072 lr 4.33e-04
[videomae] 2026-05-23T10:00:39 epoch 84/500 step 600/610 loss 0.3172 lr 4.33e-04
[videomae] 2026-05-23T10:00:42 epoch 84/500 avg loss 0.2910
[videomae] 2026-05-23T10:00:42 wrote trunk checkpoint -> /Data/romain.poggi/smth2smth/checkpoints/track_a/ssl/videomaev2_t4native_encoder.pt (149 tensors, EMA)
[videomae] 2026-05-23T10:00:44 wrote resume state -> /Data/romain.poggi/smth2smth/checkpoints/track_a/ssl/videomaev2_t4native_encoder.state.pt
[videomae] 2026-05-23T10:00:46 epoch 85/500 step 0/610 loss 0.2985 lr 4.33e-04
[videomae] 2026-05-23T10:01:21 epoch 85/500 step 100/610 loss 0.2900 lr 4.33e-04
[videomae] 2026-05-23T10:01:57 epoch 85/500 step 200/610 loss 0.2928 lr 4.33e-04
[videomae] 2026-05-23T10:02:33 epoch 85/500 step 300/610 loss 0.2824 lr 4.33e-04
[videomae] 2026-05-23T10:03:09 epoch 85/500 step 400/610 loss 0.2940 lr 4.33e-04
[videomae] 2026-05-23T10:03:44 epoch 85/500 step 500/610 loss 0.2751 lr 4.33e-04
[videomae] 2026-05-23T10:04:20 epoch 85/500 step 600/610 loss 0.2859 lr 4.33e-04
[videomae] 2026-05-23T10:04:23 epoch 85/500 avg loss 0.2914
[videomae] 2026-05-23T10:04:24 wrote trunk checkpoint -> /Data/romain.poggi/smth2smth/checkpoints/track_a/ssl/videomaev2_t4native_encoder.pt (149 tensors, EMA)
[videomae] 2026-05-23T10:04:25 wrote resume state -> /Data/romain.poggi/smth2smth/checkpoints/track_a/ssl/videomaev2_t4native_encoder.state.pt
[videomae] 2026-05-23T10:04:27 epoch 86/500 step 0/610 loss 0.2798 lr 4.33e-04
[videomae] 2026-05-23T10:05:03 epoch 86/500 step 100/610 loss 0.2754 lr 4.32e-04
[videomae] 2026-05-23T10:05:38 epoch 86/500 step 200/610 loss 0.2859 lr 4.32e-04
[videomae] 2026-05-23T10:06:14 epoch 86/500 step 300/610 loss 0.2959 lr 4.32e-04
[videomae] 2026-05-23T10:06:50 epoch 86/500 step 400/610 loss 0.2880 lr 4.32e-04
[videomae] 2026-05-23T10:07:25 epoch 86/500 step 500/610 loss 0.2747 lr 4.32e-04
[videomae] 2026-05-23T10:08:01 epoch 86/500 step 600/610 loss 0.2759 lr 4.32e-04
[videomae] 2026-05-23T10:08:04 epoch 86/500 avg loss 0.2903
[videomae] 2026-05-23T10:08:05 wrote trunk checkpoint -> /Data/romain.poggi/smth2smth/checkpoints/track_a/ssl/videomaev2_t4native_encoder.pt (149 tensors, EMA)
[videomae] 2026-05-23T10:08:06 wrote resume state -> /Data/romain.poggi/smth2smth/checkpoints/track_a/ssl/videomaev2_t4native_encoder.state.pt
[videomae] 2026-05-23T10:08:08 epoch 87/500 step 0/610 loss 0.2939 lr 4.32e-04
[videomae] 2026-05-23T10:08:44 epoch 87/500 step 100/610 loss 0.3058 lr 4.32e-04
[videomae] 2026-05-23T10:09:20 epoch 87/500 step 200/610 loss 0.2675 lr 4.32e-04
[videomae] 2026-05-23T10:09:56 epoch 87/500 step 300/610 loss 0.2806 lr 4.32e-04
[videomae] 2026-05-23T10:10:31 epoch 87/500 step 400/610 loss 0.3069 lr 4.32e-04
[videomae] 2026-05-23T10:11:07 epoch 87/500 step 500/610 loss 0.2940 lr 4.31e-04
[videomae] 2026-05-23T10:11:43 epoch 87/500 step 600/610 loss 0.3401 lr 4.31e-04
[videomae] 2026-05-23T10:11:46 epoch 87/500 avg loss 0.2899
[videomae] 2026-05-23T10:11:46 wrote trunk checkpoint -> /Data/romain.poggi/smth2smth/checkpoints/track_a/ssl/videomaev2_t4native_encoder.pt (149 tensors, EMA)
[videomae] 2026-05-23T10:11:48 wrote resume state -> /Data/romain.poggi/smth2smth/checkpoints/track_a/ssl/videomaev2_t4native_encoder.state.pt
[videomae] 2026-05-23T10:11:50 epoch 88/500 step 0/610 loss 0.3105 lr 4.31e-04
[videomae] 2026-05-23T10:12:25 epoch 88/500 step 100/610 loss 0.2751 lr 4.31e-04
[videomae] 2026-05-23T10:13:01 epoch 88/500 step 200/610 loss 0.2664 lr 4.31e-04
[videomae] 2026-05-23T10:13:37 epoch 88/500 step 300/610 loss 0.2905 lr 4.31e-04
[videomae] 2026-05-23T10:14:13 epoch 88/500 step 400/610 loss 0.2944 lr 4.31e-04
[videomae] 2026-05-23T10:14:48 epoch 88/500 step 500/610 loss 0.2933 lr 4.31e-04
[videomae] 2026-05-23T10:15:24 epoch 88/500 step 600/610 loss 0.3019 lr 4.31e-04
[videomae] 2026-05-23T10:15:27 epoch 88/500 avg loss 0.2895
[videomae] 2026-05-23T10:15:28 wrote trunk checkpoint -> /Data/romain.poggi/smth2smth/checkpoints/track_a/ssl/videomaev2_t4native_encoder.pt (149 tensors, EMA)
[videomae] 2026-05-23T10:15:29 wrote resume state -> /Data/romain.poggi/smth2smth/checkpoints/track_a/ssl/videomaev2_t4native_encoder.state.pt
[videomae] 2026-05-23T10:15:31 epoch 89/500 step 0/610 loss 0.2866 lr 4.31e-04
[videomae] 2026-05-23T10:16:07 epoch 89/500 step 100/610 loss 0.2590 lr 4.31e-04
[videomae] 2026-05-23T10:16:42 epoch 89/500 step 200/610 loss 0.2845 lr 4.31e-04
[videomae] 2026-05-23T10:17:18 epoch 89/500 step 300/610 loss 0.2973 lr 4.30e-04
[videomae] 2026-05-23T10:17:54 epoch 89/500 step 400/610 loss 0.2737 lr 4.30e-04
[videomae] 2026-05-23T10:18:30 epoch 89/500 step 500/610 loss 0.3015 lr 4.30e-04
[videomae] 2026-05-23T10:19:05 epoch 89/500 step 600/610 loss 0.2826 lr 4.30e-04
[videomae] 2026-05-23T10:19:09 epoch 89/500 avg loss 0.2890
[videomae] 2026-05-23T10:19:09 wrote trunk checkpoint -> /Data/romain.poggi/smth2smth/checkpoints/track_a/ssl/videomaev2_t4native_encoder.pt (149 tensors, EMA)
[videomae] 2026-05-23T10:19:10 wrote resume state -> /Data/romain.poggi/smth2smth/checkpoints/track_a/ssl/videomaev2_t4native_encoder.state.pt
[videomae] 2026-05-23T10:19:12 epoch 90/500 step 0/610 loss 0.2797 lr 4.30e-04
[videomae] 2026-05-23T10:19:48 epoch 90/500 step 100/610 loss 0.2910 lr 4.30e-04
[videomae] 2026-05-23T10:20:24 epoch 90/500 step 200/610 loss 0.2644 lr 4.30e-04
[videomae] 2026-05-23T10:20:59 epoch 90/500 step 300/610 loss 0.2813 lr 4.30e-04
[videomae] 2026-05-23T10:21:35 epoch 90/500 step 400/610 loss 0.3013 lr 4.30e-04
[videomae] 2026-05-23T10:22:11 epoch 90/500 step 500/610 loss 0.2643 lr 4.30e-04
[videomae] 2026-05-23T10:22:46 epoch 90/500 step 600/610 loss 0.3104 lr 4.30e-04
[videomae] 2026-05-23T10:22:50 epoch 90/500 avg loss 0.2884
[videomae] 2026-05-23T10:22:50 wrote trunk checkpoint -> /Data/romain.poggi/smth2smth/checkpoints/track_a/ssl/videomaev2_t4native_encoder.pt (149 tensors, EMA)
[videomae] 2026-05-23T10:22:51 wrote resume state -> /Data/romain.poggi/smth2smth/checkpoints/track_a/ssl/videomaev2_t4native_encoder.state.pt
[videomae] 2026-05-23T10:22:53 epoch 91/500 step 0/610 loss 0.2724 lr 4.30e-04
[videomae] 2026-05-23T10:23:29 epoch 91/500 step 100/610 loss 0.3075 lr 4.29e-04
[videomae] 2026-05-23T10:24:05 epoch 91/500 step 200/610 loss 0.2822 lr 4.29e-04
[videomae] 2026-05-23T10:24:40 epoch 91/500 step 300/610 loss 0.2944 lr 4.29e-04
[videomae] 2026-05-23T10:25:16 epoch 91/500 step 400/610 loss 0.2786 lr 4.29e-04
[videomae] 2026-05-23T10:25:52 epoch 91/500 step 500/610 loss 0.2774 lr 4.29e-04
[videomae] 2026-05-23T10:26:28 epoch 91/500 step 600/610 loss 0.2804 lr 4.29e-04
[videomae] 2026-05-23T10:26:31 epoch 91/500 avg loss 0.2877
[videomae] 2026-05-23T10:26:31 wrote trunk checkpoint -> /Data/romain.poggi/smth2smth/checkpoints/track_a/ssl/videomaev2_t4native_encoder.pt (149 tensors, EMA)
[videomae] 2026-05-23T10:26:32 wrote resume state -> /Data/romain.poggi/smth2smth/checkpoints/track_a/ssl/videomaev2_t4native_encoder.state.pt
[videomae] 2026-05-23T10:26:34 epoch 92/500 step 0/610 loss 0.2705 lr 4.29e-04
[videomae] 2026-05-23T10:27:10 epoch 92/500 step 100/610 loss 0.2955 lr 4.29e-04
[videomae] 2026-05-23T10:27:46 epoch 92/500 step 200/610 loss 0.3011 lr 4.29e-04
[videomae] 2026-05-23T10:28:22 epoch 92/500 step 300/610 loss 0.2941 lr 4.29e-04
[videomae] 2026-05-23T10:28:57 epoch 92/500 step 400/610 loss 0.3149 lr 4.28e-04
[videomae] 2026-05-23T10:29:33 epoch 92/500 step 500/610 loss 0.2793 lr 4.28e-04
[videomae] 2026-05-23T10:30:09 epoch 92/500 step 600/610 loss 0.2924 lr 4.28e-04
[videomae] 2026-05-23T10:30:12 epoch 92/500 avg loss 0.2882
[videomae] 2026-05-23T10:30:12 wrote trunk checkpoint -> /Data/romain.poggi/smth2smth/checkpoints/track_a/ssl/videomaev2_t4native_encoder.pt (149 tensors, EMA)
[videomae] 2026-05-23T10:30:13 wrote resume state -> /Data/romain.poggi/smth2smth/checkpoints/track_a/ssl/videomaev2_t4native_encoder.state.pt
[videomae] 2026-05-23T10:30:16 epoch 93/500 step 0/610 loss 0.2747 lr 4.28e-04
[videomae] 2026-05-23T10:30:51 epoch 93/500 step 100/610 loss 0.2783 lr 4.28e-04
[videomae] 2026-05-23T10:31:27 epoch 93/500 step 200/610 loss 0.2627 lr 4.28e-04
[videomae] 2026-05-23T10:32:03 epoch 93/500 step 300/610 loss 0.2842 lr 4.28e-04
[videomae] 2026-05-23T10:32:39 epoch 93/500 step 400/610 loss 0.2690 lr 4.28e-04
[videomae] 2026-05-23T10:33:14 epoch 93/500 step 500/610 loss 0.3056 lr 4.28e-04
[videomae] 2026-05-23T10:33:50 epoch 93/500 step 600/610 loss 0.2954 lr 4.28e-04
[videomae] 2026-05-23T10:33:53 epoch 93/500 avg loss 0.2861
[videomae] 2026-05-23T10:33:54 wrote trunk checkpoint -> /Data/romain.poggi/smth2smth/checkpoints/track_a/ssl/videomaev2_t4native_encoder.pt (149 tensors, EMA)
[videomae] 2026-05-23T10:33:55 wrote resume state -> /Data/romain.poggi/smth2smth/checkpoints/track_a/ssl/videomaev2_t4native_encoder.state.pt
[videomae] 2026-05-23T10:33:57 epoch 94/500 step 0/610 loss 0.2913 lr 4.28e-04
[videomae] 2026-05-23T10:34:33 epoch 94/500 step 100/610 loss 0.2809 lr 4.28e-04
[videomae] 2026-05-23T10:35:08 epoch 94/500 step 200/610 loss 0.2815 lr 4.27e-04
[videomae] 2026-05-23T10:35:44 epoch 94/500 step 300/610 loss 0.2756 lr 4.27e-04
[videomae] 2026-05-23T10:36:20 epoch 94/500 step 400/610 loss 0.2751 lr 4.27e-04
[videomae] 2026-05-23T10:36:55 epoch 94/500 step 500/610 loss 0.2829 lr 4.27e-04
[videomae] 2026-05-23T10:37:31 epoch 94/500 step 600/610 loss 0.2950 lr 4.27e-04
[videomae] 2026-05-23T10:37:34 epoch 94/500 avg loss 0.2864
[videomae] 2026-05-23T10:37:35 wrote trunk checkpoint -> /Data/romain.poggi/smth2smth/checkpoints/track_a/ssl/videomaev2_t4native_encoder.pt (149 tensors, EMA)
[videomae] 2026-05-23T10:37:36 wrote resume state -> /Data/romain.poggi/smth2smth/checkpoints/track_a/ssl/videomaev2_t4native_encoder.state.pt
[videomae] 2026-05-23T10:37:38 epoch 95/500 step 0/610 loss 0.2718 lr 4.27e-04
[videomae] 2026-05-23T10:38:14 epoch 95/500 step 100/610 loss 0.3005 lr 4.27e-04
[videomae] 2026-05-23T10:38:50 epoch 95/500 step 200/610 loss 0.2938 lr 4.27e-04
[videomae] 2026-05-23T10:39:25 epoch 95/500 step 300/610 loss 0.2765 lr 4.27e-04
[videomae] 2026-05-23T10:40:01 epoch 95/500 step 400/610 loss 0.2854 lr 4.27e-04
[videomae] 2026-05-23T10:40:37 epoch 95/500 step 500/610 loss 0.2956 lr 4.26e-04
[videomae] 2026-05-23T10:41:12 epoch 95/500 step 600/610 loss 0.2759 lr 4.26e-04
[videomae] 2026-05-23T10:41:16 epoch 95/500 avg loss 0.2864
[videomae] 2026-05-23T10:41:16 wrote trunk checkpoint -> /Data/romain.poggi/smth2smth/checkpoints/track_a/ssl/videomaev2_t4native_encoder.pt (149 tensors, EMA)
[videomae] 2026-05-23T10:41:17 wrote resume state -> /Data/romain.poggi/smth2smth/checkpoints/track_a/ssl/videomaev2_t4native_encoder.state.pt
[videomae] 2026-05-23T10:41:19 epoch 96/500 step 0/610 loss 0.3028 lr 4.26e-04
[videomae] 2026-05-23T10:41:55 epoch 96/500 step 100/610 loss 0.2928 lr 4.26e-04
[videomae] 2026-05-23T10:42:31 epoch 96/500 step 200/610 loss 0.3048 lr 4.26e-04
[videomae] 2026-05-23T10:43:07 epoch 96/500 step 300/610 loss 0.2905 lr 4.26e-04
[videomae] 2026-05-23T10:43:42 epoch 96/500 step 400/610 loss 0.2721 lr 4.26e-04
[videomae] 2026-05-23T10:44:18 epoch 96/500 step 500/610 loss 0.2887 lr 4.26e-04
[videomae] 2026-05-23T10:44:54 epoch 96/500 step 600/610 loss 0.2812 lr 4.26e-04
[videomae] 2026-05-23T10:44:57 epoch 96/500 avg loss 0.2850
[videomae] 2026-05-23T10:44:57 wrote trunk checkpoint -> /Data/romain.poggi/smth2smth/checkpoints/track_a/ssl/videomaev2_t4native_encoder.pt (149 tensors, EMA)
[videomae] 2026-05-23T10:44:58 wrote resume state -> /Data/romain.poggi/smth2smth/checkpoints/track_a/ssl/videomaev2_t4native_encoder.state.pt
[videomae] 2026-05-23T10:45:00 epoch 97/500 step 0/610 loss 0.3159 lr 4.26e-04
[videomae] 2026-05-23T10:45:36 epoch 97/500 step 100/610 loss 0.2649 lr 4.26e-04
[videomae] 2026-05-23T10:46:12 epoch 97/500 step 200/610 loss 0.3091 lr 4.25e-04
[videomae] 2026-05-23T10:46:48 epoch 97/500 step 300/610 loss 0.2996 lr 4.25e-04
[videomae] 2026-05-23T10:47:23 epoch 97/500 step 400/610 loss 0.2643 lr 4.25e-04
[videomae] 2026-05-23T10:47:59 epoch 97/500 step 500/610 loss 0.2713 lr 4.25e-04
[videomae] 2026-05-23T10:48:35 epoch 97/500 step 600/610 loss 0.2988 lr 4.25e-04
[videomae] 2026-05-23T10:48:38 epoch 97/500 avg loss 0.2845
[videomae] 2026-05-23T10:48:38 wrote trunk checkpoint -> /Data/romain.poggi/smth2smth/checkpoints/track_a/ssl/videomaev2_t4native_encoder.pt (149 tensors, EMA)
[videomae] 2026-05-23T10:48:40 wrote resume state -> /Data/romain.poggi/smth2smth/checkpoints/track_a/ssl/videomaev2_t4native_encoder.state.pt
[videomae] 2026-05-23T10:48:42 epoch 98/500 step 0/610 loss 0.2803 lr 4.25e-04
[videomae] 2026-05-23T10:49:17 epoch 98/500 step 100/610 loss 0.2751 lr 4.25e-04
[videomae] 2026-05-23T10:49:53 epoch 98/500 step 200/610 loss 0.2650 lr 4.25e-04
[videomae] 2026-05-23T10:50:29 epoch 98/500 step 300/610 loss 0.3009 lr 4.25e-04
[videomae] 2026-05-23T10:51:05 epoch 98/500 step 400/610 loss 0.2866 lr 4.25e-04
[videomae] 2026-05-23T10:51:40 epoch 98/500 step 500/610 loss 0.2746 lr 4.24e-04
[videomae] 2026-05-23T10:52:16 epoch 98/500 step 600/610 loss 0.3033 lr 4.24e-04
[videomae] 2026-05-23T10:52:19 epoch 98/500 avg loss 0.2846
[videomae] 2026-05-23T10:52:20 wrote trunk checkpoint -> /Data/romain.poggi/smth2smth/checkpoints/track_a/ssl/videomaev2_t4native_encoder.pt (149 tensors, EMA)
[videomae] 2026-05-23T10:52:21 wrote resume state -> /Data/romain.poggi/smth2smth/checkpoints/track_a/ssl/videomaev2_t4native_encoder.state.pt
[videomae] 2026-05-23T10:52:23 epoch 99/500 step 0/610 loss 0.2854 lr 4.24e-04
[videomae] 2026-05-23T10:52:59 epoch 99/500 step 100/610 loss 0.2632 lr 4.24e-04
[videomae] 2026-05-23T10:53:34 epoch 99/500 step 200/610 loss 0.2755 lr 4.24e-04
[videomae] 2026-05-23T10:54:10 epoch 99/500 step 300/610 loss 0.2828 lr 4.24e-04
[videomae] 2026-05-23T10:54:46 epoch 99/500 step 400/610 loss 0.2867 lr 4.24e-04
[videomae] 2026-05-23T10:55:22 epoch 99/500 step 500/610 loss 0.2983 lr 4.24e-04
[videomae] 2026-05-23T10:55:57 epoch 99/500 step 600/610 loss 0.2928 lr 4.24e-04
[videomae] 2026-05-23T10:56:01 epoch 99/500 avg loss 0.2837
[videomae] 2026-05-23T10:56:01 wrote trunk checkpoint -> /Data/romain.poggi/smth2smth/checkpoints/track_a/ssl/videomaev2_t4native_encoder.pt (149 tensors, EMA)
[videomae] 2026-05-23T10:56:02 wrote resume state -> /Data/romain.poggi/smth2smth/checkpoints/track_a/ssl/videomaev2_t4native_encoder.state.pt
[videomae] 2026-05-23T10:56:04 epoch 100/500 step 0/610 loss 0.2917 lr 4.24e-04
[videomae] 2026-05-23T10:56:40 epoch 100/500 step 100/610 loss 0.2800 lr 4.23e-04
[videomae] 2026-05-23T10:57:16 epoch 100/500 step 200/610 loss 0.2756 lr 4.23e-04
[videomae] 2026-05-23T10:57:52 epoch 100/500 step 300/610 loss 0.2818 lr 4.23e-04
[videomae] 2026-05-23T10:58:27 epoch 100/500 step 400/610 loss 0.2980 lr 4.23e-04
[videomae] 2026-05-23T10:59:03 epoch 100/500 step 500/610 loss 0.2941 lr 4.23e-04
[videomae] 2026-05-23T10:59:39 epoch 100/500 step 600/610 loss 0.2794 lr 4.23e-04
[videomae] 2026-05-23T10:59:42 epoch 100/500 avg loss 0.2834
[videomae] 2026-05-23T10:59:42 wrote trunk checkpoint -> /Data/romain.poggi/smth2smth/checkpoints/track_a/ssl/videomaev2_t4native_encoder.pt (149 tensors, EMA)
[videomae] 2026-05-23T10:59:42 wrote trunk checkpoint -> /Data/romain.poggi/smth2smth/checkpoints/track_a/ssl/videomaev2_t4native_encoder_ep100.pt (149 tensors, EMA)
[videomae] 2026-05-23T10:59:44 wrote resume state -> /Data/romain.poggi/smth2smth/checkpoints/track_a/ssl/videomaev2_t4native_encoder.state.pt
[videomae] 2026-05-23T10:59:46 epoch 101/500 step 0/610 loss 0.2952 lr 4.23e-04
[videomae] 2026-05-23T11:00:21 epoch 101/500 step 100/610 loss 0.2980 lr 4.23e-04
[videomae] 2026-05-23T11:00:57 epoch 101/500 step 200/610 loss 0.2865 lr 4.23e-04
[videomae] 2026-05-23T11:01:33 epoch 101/500 step 300/610 loss 0.2972 lr 4.23e-04
[videomae] 2026-05-23T11:02:09 epoch 101/500 step 400/610 loss 0.2688 lr 4.22e-04
[videomae] 2026-05-23T11:02:44 epoch 101/500 step 500/610 loss 0.3068 lr 4.22e-04
[videomae] 2026-05-23T11:03:20 epoch 101/500 step 600/610 loss 0.2798 lr 4.22e-04
[videomae] 2026-05-23T11:03:23 epoch 101/500 avg loss 0.2832
[videomae] 2026-05-23T11:03:24 wrote trunk checkpoint -> /Data/romain.poggi/smth2smth/checkpoints/track_a/ssl/videomaev2_t4native_encoder.pt (149 tensors, EMA)
[videomae] 2026-05-23T11:03:25 wrote resume state -> /Data/romain.poggi/smth2smth/checkpoints/track_a/ssl/videomaev2_t4native_encoder.state.pt
[videomae] 2026-05-23T11:03:27 epoch 102/500 step 0/610 loss 0.3031 lr 4.22e-04
[videomae] 2026-05-23T11:04:03 epoch 102/500 step 100/610 loss 0.2593 lr 4.22e-04
[videomae] 2026-05-23T11:04:39 epoch 102/500 step 200/610 loss 0.2664 lr 4.22e-04
[videomae] 2026-05-23T11:05:15 epoch 102/500 step 300/610 loss 0.2956 lr 4.22e-04
[videomae] 2026-05-23T11:05:50 epoch 102/500 step 400/610 loss 0.2735 lr 4.22e-04
[videomae] 2026-05-23T11:06:26 epoch 102/500 step 500/610 loss 0.2863 lr 4.22e-04
[videomae] 2026-05-23T11:07:02 epoch 102/500 step 600/610 loss 0.2702 lr 4.21e-04
[videomae] 2026-05-23T11:07:05 epoch 102/500 avg loss 0.2823
[videomae] 2026-05-23T11:07:05 wrote trunk checkpoint -> /Data/romain.poggi/smth2smth/checkpoints/track_a/ssl/videomaev2_t4native_encoder.pt (149 tensors, EMA)
[videomae] 2026-05-23T11:07:07 wrote resume state -> /Data/romain.poggi/smth2smth/checkpoints/track_a/ssl/videomaev2_t4native_encoder.state.pt
[videomae] 2026-05-23T11:07:09 epoch 103/500 step 0/610 loss 0.2642 lr 4.21e-04
[videomae] 2026-05-23T11:07:44 epoch 103/500 step 100/610 loss 0.2690 lr 4.21e-04
[videomae] 2026-05-23T11:08:20 epoch 103/500 step 200/610 loss 0.2756 lr 4.21e-04
[videomae] 2026-05-23T11:08:56 epoch 103/500 step 300/610 loss 0.2920 lr 4.21e-04
[videomae] 2026-05-23T11:09:32 epoch 103/500 step 400/610 loss 0.2772 lr 4.21e-04
[videomae] 2026-05-23T11:10:07 epoch 103/500 step 500/610 loss 0.2775 lr 4.21e-04
[videomae] 2026-05-23T11:10:43 epoch 103/500 step 600/610 loss 0.2875 lr 4.21e-04
[videomae] 2026-05-23T11:10:46 epoch 103/500 avg loss 0.2820
[videomae] 2026-05-23T11:10:47 wrote trunk checkpoint -> /Data/romain.poggi/smth2smth/checkpoints/track_a/ssl/videomaev2_t4native_encoder.pt (149 tensors, EMA)
[videomae] 2026-05-23T11:10:48 wrote resume state -> /Data/romain.poggi/smth2smth/checkpoints/track_a/ssl/videomaev2_t4native_encoder.state.pt
[videomae] 2026-05-23T11:10:50 epoch 104/500 step 0/610 loss 0.2996 lr 4.21e-04
[videomae] 2026-05-23T11:11:26 epoch 104/500 step 100/610 loss 0.2816 lr 4.21e-04
[videomae] 2026-05-23T11:12:01 epoch 104/500 step 200/610 loss 0.2668 lr 4.20e-04
[videomae] 2026-05-23T11:12:37 epoch 104/500 step 300/610 loss 0.2890 lr 4.20e-04
[videomae] 2026-05-23T11:13:13 epoch 104/500 step 400/610 loss 0.3034 lr 4.20e-04
[videomae] 2026-05-23T11:13:49 epoch 104/500 step 500/610 loss 0.2526 lr 4.20e-04
[videomae] 2026-05-23T11:14:24 epoch 104/500 step 600/610 loss 0.2947 lr 4.20e-04
[videomae] 2026-05-23T11:14:27 epoch 104/500 avg loss 0.2816
[videomae] 2026-05-23T11:14:28 wrote trunk checkpoint -> /Data/romain.poggi/smth2smth/checkpoints/track_a/ssl/videomaev2_t4native_encoder.pt (149 tensors, EMA)
[videomae] 2026-05-23T11:14:29 wrote resume state -> /Data/romain.poggi/smth2smth/checkpoints/track_a/ssl/videomaev2_t4native_encoder.state.pt
[videomae] 2026-05-23T11:14:31 epoch 105/500 step 0/610 loss 0.2763 lr 4.20e-04
[videomae] 2026-05-23T11:15:07 epoch 105/500 step 100/610 loss 0.2829 lr 4.20e-04
[videomae] 2026-05-23T11:15:43 epoch 105/500 step 200/610 loss 0.2646 lr 4.20e-04
[videomae] 2026-05-23T11:16:18 epoch 105/500 step 300/610 loss 0.3002 lr 4.20e-04
[videomae] 2026-05-23T11:16:54 epoch 105/500 step 400/610 loss 0.2844 lr 4.19e-04
[videomae] 2026-05-23T11:17:30 epoch 105/500 step 500/610 loss 0.2727 lr 4.19e-04
[videomae] 2026-05-23T11:18:05 epoch 105/500 step 600/610 loss 0.2755 lr 4.19e-04
[videomae] 2026-05-23T11:18:09 epoch 105/500 avg loss 0.2812
[videomae] 2026-05-23T11:18:09 wrote trunk checkpoint -> /Data/romain.poggi/smth2smth/checkpoints/track_a/ssl/videomaev2_t4native_encoder.pt (149 tensors, EMA)
[videomae] 2026-05-23T11:18:10 wrote resume state -> /Data/romain.poggi/smth2smth/checkpoints/track_a/ssl/videomaev2_t4native_encoder.state.pt
[videomae] 2026-05-23T11:18:12 epoch 106/500 step 0/610 loss 0.2889 lr 4.19e-04
[videomae] 2026-05-23T11:18:48 epoch 106/500 step 100/610 loss 0.2572 lr 4.19e-04
[videomae] 2026-05-23T11:19:24 epoch 106/500 step 200/610 loss 0.2922 lr 4.19e-04
[videomae] 2026-05-23T11:19:59 epoch 106/500 step 300/610 loss 0.2899 lr 4.19e-04
[videomae] 2026-05-23T11:20:35 epoch 106/500 step 400/610 loss 0.2663 lr 4.19e-04
[videomae] 2026-05-23T11:21:11 epoch 106/500 step 500/610 loss 0.2917 lr 4.19e-04
[videomae] 2026-05-23T11:21:47 epoch 106/500 step 600/610 loss 0.3041 lr 4.18e-04
[videomae] 2026-05-23T11:21:50 epoch 106/500 avg loss 0.2814
[videomae] 2026-05-23T11:21:50 wrote trunk checkpoint -> /Data/romain.poggi/smth2smth/checkpoints/track_a/ssl/videomaev2_t4native_encoder.pt (149 tensors, EMA)
[videomae] 2026-05-23T11:21:51 wrote resume state -> /Data/romain.poggi/smth2smth/checkpoints/track_a/ssl/videomaev2_t4native_encoder.state.pt
[videomae] 2026-05-23T11:21:54 epoch 107/500 step 0/610 loss 0.2874 lr 4.18e-04
[videomae] 2026-05-23T11:22:29 epoch 107/500 step 100/610 loss 0.2733 lr 4.18e-04
[videomae] 2026-05-23T11:23:05 epoch 107/500 step 200/610 loss 0.2857 lr 4.18e-04
[videomae] 2026-05-23T11:23:41 epoch 107/500 step 300/610 loss 0.2749 lr 4.18e-04
[videomae] 2026-05-23T11:24:17 epoch 107/500 step 400/610 loss 0.3040 lr 4.18e-04
[videomae] 2026-05-23T11:24:52 epoch 107/500 step 500/610 loss 0.2979 lr 4.18e-04
[videomae] 2026-05-23T11:25:28 epoch 107/500 step 600/610 loss 0.2882 lr 4.18e-04
[videomae] 2026-05-23T11:25:31 epoch 107/500 avg loss 0.2803
[videomae] 2026-05-23T11:25:32 wrote trunk checkpoint -> /Data/romain.poggi/smth2smth/checkpoints/track_a/ssl/videomaev2_t4native_encoder.pt (149 tensors, EMA)
[videomae] 2026-05-23T11:25:33 wrote resume state -> /Data/romain.poggi/smth2smth/checkpoints/track_a/ssl/videomaev2_t4native_encoder.state.pt
[videomae] 2026-05-23T11:25:35 epoch 108/500 step 0/610 loss 0.2638 lr 4.18e-04
[videomae] 2026-05-23T11:26:11 epoch 108/500 step 100/610 loss 0.2887 lr 4.18e-04
[videomae] 2026-05-23T11:26:47 epoch 108/500 step 200/610 loss 0.2703 lr 4.17e-04
[videomae] 2026-05-23T11:27:22 epoch 108/500 step 300/610 loss 0.2994 lr 4.17e-04
[videomae] 2026-05-23T11:27:58 epoch 108/500 step 400/610 loss 0.2785 lr 4.17e-04
[videomae] 2026-05-23T11:28:34 epoch 108/500 step 500/610 loss 0.2611 lr 4.17e-04
[videomae] 2026-05-23T11:29:09 epoch 108/500 step 600/610 loss 0.2892 lr 4.17e-04
[videomae] 2026-05-23T11:29:13 epoch 108/500 avg loss 0.2799
[videomae] 2026-05-23T11:29:13 wrote trunk checkpoint -> /Data/romain.poggi/smth2smth/checkpoints/track_a/ssl/videomaev2_t4native_encoder.pt (149 tensors, EMA)
[videomae] 2026-05-23T11:29:14 wrote resume state -> /Data/romain.poggi/smth2smth/checkpoints/track_a/ssl/videomaev2_t4native_encoder.state.pt
[videomae] 2026-05-23T11:29:16 epoch 109/500 step 0/610 loss 0.2743 lr 4.17e-04
[videomae] 2026-05-23T11:29:52 epoch 109/500 step 100/610 loss 0.3109 lr 4.17e-04
[videomae] 2026-05-23T11:30:28 epoch 109/500 step 200/610 loss 0.2967 lr 4.17e-04
[videomae] 2026-05-23T11:31:03 epoch 109/500 step 300/610 loss 0.2647 lr 4.17e-04
[videomae] 2026-05-23T11:31:39 epoch 109/500 step 400/610 loss 0.2650 lr 4.16e-04
[videomae] 2026-05-23T11:32:15 epoch 109/500 step 500/610 loss 0.2697 lr 4.16e-04
[videomae] 2026-05-23T11:32:50 epoch 109/500 step 600/610 loss 0.2748 lr 4.16e-04
[videomae] 2026-05-23T11:32:54 epoch 109/500 avg loss 0.2801
[videomae] 2026-05-23T11:32:54 wrote trunk checkpoint -> /Data/romain.poggi/smth2smth/checkpoints/track_a/ssl/videomaev2_t4native_encoder.pt (149 tensors, EMA)
[videomae] 2026-05-23T11:32:55 wrote resume state -> /Data/romain.poggi/smth2smth/checkpoints/track_a/ssl/videomaev2_t4native_encoder.state.pt
[videomae] 2026-05-23T11:32:57 epoch 110/500 step 0/610 loss 0.2975 lr 4.16e-04
[videomae] 2026-05-23T11:33:33 epoch 110/500 step 100/610 loss 0.2801 lr 4.16e-04
[videomae] 2026-05-23T11:34:09 epoch 110/500 step 200/610 loss 0.2850 lr 4.16e-04
[videomae] 2026-05-23T11:34:44 epoch 110/500 step 300/610 loss 0.2750 lr 4.16e-04
[videomae] 2026-05-23T11:35:20 epoch 110/500 step 400/610 loss 0.2799 lr 4.16e-04
[videomae] 2026-05-23T11:35:56 epoch 110/500 step 500/610 loss 0.2682 lr 4.16e-04
[videomae] 2026-05-23T11:36:31 epoch 110/500 step 600/610 loss 0.3036 lr 4.15e-04
[videomae] 2026-05-23T11:36:35 epoch 110/500 avg loss 0.2792
[videomae] 2026-05-23T11:36:35 wrote trunk checkpoint -> /Data/romain.poggi/smth2smth/checkpoints/track_a/ssl/videomaev2_t4native_encoder.pt (149 tensors, EMA)
[videomae] 2026-05-23T11:36:36 wrote resume state -> /Data/romain.poggi/smth2smth/checkpoints/track_a/ssl/videomaev2_t4native_encoder.state.pt
[videomae] 2026-05-23T11:36:38 epoch 111/500 step 0/610 loss 0.2669 lr 4.15e-04
[videomae] 2026-05-23T11:37:14 epoch 111/500 step 100/610 loss 0.2828 lr 4.15e-04
[videomae] 2026-05-23T11:37:50 epoch 111/500 step 200/610 loss 0.2606 lr 4.15e-04
[videomae] 2026-05-23T11:38:25 epoch 111/500 step 300/610 loss 0.2737 lr 4.15e-04
[videomae] 2026-05-23T11:39:01 epoch 111/500 step 400/610 loss 0.2659 lr 4.15e-04
[videomae] 2026-05-23T11:39:37 epoch 111/500 step 500/610 loss 0.2859 lr 4.15e-04
[videomae] 2026-05-23T11:40:13 epoch 111/500 step 600/610 loss 0.2803 lr 4.15e-04
[videomae] 2026-05-23T11:40:16 epoch 111/500 avg loss 0.2791
[videomae] 2026-05-23T11:40:16 wrote trunk checkpoint -> /Data/romain.poggi/smth2smth/checkpoints/track_a/ssl/videomaev2_t4native_encoder.pt (149 tensors, EMA)
[videomae] 2026-05-23T11:40:17 wrote resume state -> /Data/romain.poggi/smth2smth/checkpoints/track_a/ssl/videomaev2_t4native_encoder.state.pt
[videomae] 2026-05-23T11:40:19 epoch 112/500 step 0/610 loss 0.2969 lr 4.15e-04
[videomae] 2026-05-23T11:40:55 epoch 112/500 step 100/610 loss 0.2783 lr 4.14e-04
[videomae] 2026-05-23T11:41:31 epoch 112/500 step 200/610 loss 0.2602 lr 4.14e-04
[videomae] 2026-05-23T11:42:06 epoch 112/500 step 300/610 loss 0.2811 lr 4.14e-04
[videomae] 2026-05-23T11:42:42 epoch 112/500 step 400/610 loss 0.2786 lr 4.14e-04
[videomae] 2026-05-23T11:43:18 epoch 112/500 step 500/610 loss 0.2682 lr 4.14e-04
[videomae] 2026-05-23T11:43:54 epoch 112/500 step 600/610 loss 0.2832 lr 4.14e-04
[videomae] 2026-05-23T11:43:57 epoch 112/500 avg loss 0.2785
[videomae] 2026-05-23T11:43:57 wrote trunk checkpoint -> /Data/romain.poggi/smth2smth/checkpoints/track_a/ssl/videomaev2_t4native_encoder.pt (149 tensors, EMA)
[videomae] 2026-05-23T11:43:58 wrote resume state -> /Data/romain.poggi/smth2smth/checkpoints/track_a/ssl/videomaev2_t4native_encoder.state.pt
[videomae] 2026-05-23T11:44:01 epoch 113/500 step 0/610 loss 0.2688 lr 4.14e-04
[videomae] 2026-05-23T11:44:36 epoch 113/500 step 100/610 loss 0.2870 lr 4.14e-04
[videomae] 2026-05-23T11:45:12 epoch 113/500 step 200/610 loss 0.2973 lr 4.14e-04
[videomae] 2026-05-23T11:45:48 epoch 113/500 step 300/610 loss 0.2490 lr 4.13e-04
[videomae] 2026-05-23T11:46:24 epoch 113/500 step 400/610 loss 0.2668 lr 4.13e-04
[videomae] 2026-05-23T11:46:59 epoch 113/500 step 500/610 loss 0.2845 lr 4.13e-04
[videomae] 2026-05-23T11:47:35 epoch 113/500 step 600/610 loss 0.2600 lr 4.13e-04
[videomae] 2026-05-23T11:47:38 epoch 113/500 avg loss 0.2782
[videomae] 2026-05-23T11:47:38 wrote trunk checkpoint -> /Data/romain.poggi/smth2smth/checkpoints/track_a/ssl/videomaev2_t4native_encoder.pt (149 tensors, EMA)
[videomae] 2026-05-23T11:47:40 wrote resume state -> /Data/romain.poggi/smth2smth/checkpoints/track_a/ssl/videomaev2_t4native_encoder.state.pt
[videomae] 2026-05-23T11:47:42 epoch 114/500 step 0/610 loss 0.2880 lr 4.13e-04
[videomae] 2026-05-23T11:48:18 epoch 114/500 step 100/610 loss 0.2773 lr 4.13e-04
[videomae] 2026-05-23T11:48:53 epoch 114/500 step 200/610 loss 0.2945 lr 4.13e-04
[videomae] 2026-05-23T11:49:29 epoch 114/500 step 300/610 loss 0.2848 lr 4.13e-04
[videomae] 2026-05-23T11:50:05 epoch 114/500 step 400/610 loss 0.2757 lr 4.12e-04
[videomae] 2026-05-23T11:50:41 epoch 114/500 step 500/610 loss 0.2722 lr 4.12e-04
[videomae] 2026-05-23T11:51:16 epoch 114/500 step 600/610 loss 0.2750 lr 4.12e-04
[videomae] 2026-05-23T11:51:19 epoch 114/500 avg loss 0.2777
[videomae] 2026-05-23T11:51:20 wrote trunk checkpoint -> /Data/romain.poggi/smth2smth/checkpoints/track_a/ssl/videomaev2_t4native_encoder.pt (149 tensors, EMA)
[videomae] 2026-05-23T11:51:21 wrote resume state -> /Data/romain.poggi/smth2smth/checkpoints/track_a/ssl/videomaev2_t4native_encoder.state.pt
[videomae] 2026-05-23T11:51:23 epoch 115/500 step 0/610 loss 0.2888 lr 4.12e-04
[videomae] 2026-05-23T11:51:59 epoch 115/500 step 100/610 loss 0.2746 lr 4.12e-04
[videomae] 2026-05-23T11:52:34 epoch 115/500 step 200/610 loss 0.2670 lr 4.12e-04
[videomae] 2026-05-23T11:53:10 epoch 115/500 step 300/610 loss 0.2724 lr 4.12e-04
[videomae] 2026-05-23T11:53:46 epoch 115/500 step 400/610 loss 0.2704 lr 4.12e-04
[videomae] 2026-05-23T11:54:22 epoch 115/500 step 500/610 loss 0.2665 lr 4.11e-04
[videomae] 2026-05-23T11:54:57 epoch 115/500 step 600/610 loss 0.2685 lr 4.11e-04
[videomae] 2026-05-23T11:55:01 epoch 115/500 avg loss 0.2775
[videomae] 2026-05-23T11:55:01 wrote trunk checkpoint -> /Data/romain.poggi/smth2smth/checkpoints/track_a/ssl/videomaev2_t4native_encoder.pt (149 tensors, EMA)
[videomae] 2026-05-23T11:55:02 wrote resume state -> /Data/romain.poggi/smth2smth/checkpoints/track_a/ssl/videomaev2_t4native_encoder.state.pt
[videomae] 2026-05-23T11:55:04 epoch 116/500 step 0/610 loss 0.2765 lr 4.11e-04
[videomae] 2026-05-23T11:55:40 epoch 116/500 step 100/610 loss 0.2660 lr 4.11e-04
[videomae] 2026-05-23T11:56:16 epoch 116/500 step 200/610 loss 0.2616 lr 4.11e-04
[videomae] 2026-05-23T11:56:51 epoch 116/500 step 300/610 loss 0.2791 lr 4.11e-04
[videomae] 2026-05-23T11:57:27 epoch 116/500 step 400/610 loss 0.2879 lr 4.11e-04
[videomae] 2026-05-23T11:58:03 epoch 116/500 step 500/610 loss 0.2758 lr 4.11e-04
[videomae] 2026-05-23T11:58:39 epoch 116/500 step 600/610 loss 0.2938 lr 4.10e-04
[videomae] 2026-05-23T11:58:42 epoch 116/500 avg loss 0.2770
[videomae] 2026-05-23T11:58:42 wrote trunk checkpoint -> /Data/romain.poggi/smth2smth/checkpoints/track_a/ssl/videomaev2_t4native_encoder.pt (149 tensors, EMA)
[videomae] 2026-05-23T11:58:43 wrote resume state -> /Data/romain.poggi/smth2smth/checkpoints/track_a/ssl/videomaev2_t4native_encoder.state.pt
[videomae] 2026-05-23T11:58:45 epoch 117/500 step 0/610 loss 0.2703 lr 4.10e-04
[videomae] 2026-05-23T11:59:21 epoch 117/500 step 100/610 loss 0.2459 lr 4.10e-04
[videomae] 2026-05-23T11:59:57 epoch 117/500 step 200/610 loss 0.2689 lr 4.10e-04
[videomae] 2026-05-23T12:00:32 epoch 117/500 step 300/610 loss 0.2706 lr 4.10e-04
[videomae] 2026-05-23T12:01:08 epoch 117/500 step 400/610 loss 0.2814 lr 4.10e-04
[videomae] 2026-05-23T12:01:44 epoch 117/500 step 500/610 loss 0.2698 lr 4.10e-04
[videomae] 2026-05-23T12:02:19 epoch 117/500 step 600/610 loss 0.2881 lr 4.10e-04
[videomae] 2026-05-23T12:02:23 epoch 117/500 avg loss 0.2769
[videomae] 2026-05-23T12:02:23 wrote trunk checkpoint -> /Data/romain.poggi/smth2smth/checkpoints/track_a/ssl/videomaev2_t4native_encoder.pt (149 tensors, EMA)
[videomae] 2026-05-23T12:02:24 wrote resume state -> /Data/romain.poggi/smth2smth/checkpoints/track_a/ssl/videomaev2_t4native_encoder.state.pt
[videomae] 2026-05-23T12:02:26 epoch 118/500 step 0/610 loss 0.2776 lr 4.10e-04
[videomae] 2026-05-23T12:03:02 epoch 118/500 step 100/610 loss 0.2908 lr 4.09e-04
[videomae] 2026-05-23T12:03:38 epoch 118/500 step 200/610 loss 0.2557 lr 4.09e-04
[videomae] 2026-05-23T12:04:14 epoch 118/500 step 300/610 loss 0.2512 lr 4.09e-04
[videomae] 2026-05-23T12:04:49 epoch 118/500 step 400/610 loss 0.2858 lr 4.09e-04
[videomae] 2026-05-23T12:05:25 epoch 118/500 step 500/610 loss 0.2858 lr 4.09e-04
[videomae] 2026-05-23T12:06:01 epoch 118/500 step 600/610 loss 0.2810 lr 4.09e-04
[videomae] 2026-05-23T12:06:04 epoch 118/500 avg loss 0.2762
[videomae] 2026-05-23T12:06:04 wrote trunk checkpoint -> /Data/romain.poggi/smth2smth/checkpoints/track_a/ssl/videomaev2_t4native_encoder.pt (149 tensors, EMA)
[videomae] 2026-05-23T12:06:06 wrote resume state -> /Data/romain.poggi/smth2smth/checkpoints/track_a/ssl/videomaev2_t4native_encoder.state.pt
[videomae] 2026-05-23T12:06:08 epoch 119/500 step 0/610 loss 0.2959 lr 4.09e-04
[videomae] 2026-05-23T12:06:44 epoch 119/500 step 100/610 loss 0.2482 lr 4.09e-04
[videomae] 2026-05-23T12:07:19 epoch 119/500 step 200/610 loss 0.2667 lr 4.08e-04
[videomae] 2026-05-23T12:07:55 epoch 119/500 step 300/610 loss 0.2603 lr 4.08e-04
[videomae] 2026-05-23T12:08:31 epoch 119/500 step 400/610 loss 0.2468 lr 4.08e-04
[videomae] 2026-05-23T12:09:07 epoch 119/500 step 500/610 loss 0.2686 lr 4.08e-04
[videomae] 2026-05-23T12:09:42 epoch 119/500 step 600/610 loss 0.2881 lr 4.08e-04
[videomae] 2026-05-23T12:09:46 epoch 119/500 avg loss 0.2758
[videomae] 2026-05-23T12:09:46 wrote trunk checkpoint -> /Data/romain.poggi/smth2smth/checkpoints/track_a/ssl/videomaev2_t4native_encoder.pt (149 tensors, EMA)
[videomae] 2026-05-23T12:09:47 wrote resume state -> /Data/romain.poggi/smth2smth/checkpoints/track_a/ssl/videomaev2_t4native_encoder.state.pt
[videomae] 2026-05-23T12:09:49 epoch 120/500 step 0/610 loss 0.2519 lr 4.08e-04
[videomae] 2026-05-23T12:10:25 epoch 120/500 step 100/610 loss 0.2746 lr 4.08e-04
[videomae] 2026-05-23T12:11:01 epoch 120/500 step 200/610 loss 0.2586 lr 4.08e-04
[videomae] 2026-05-23T12:11:36 epoch 120/500 step 300/610 loss 0.2789 lr 4.07e-04
[videomae] 2026-05-23T12:12:12 epoch 120/500 step 400/610 loss 0.2831 lr 4.07e-04
[videomae] 2026-05-23T12:12:48 epoch 120/500 step 500/610 loss 0.2611 lr 4.07e-04
[videomae] 2026-05-23T12:13:24 epoch 120/500 step 600/610 loss 0.3137 lr 4.07e-04
[videomae] 2026-05-23T12:13:27 epoch 120/500 avg loss 0.2758
[videomae] 2026-05-23T12:13:27 wrote trunk checkpoint -> /Data/romain.poggi/smth2smth/checkpoints/track_a/ssl/videomaev2_t4native_encoder.pt (149 tensors, EMA)
[videomae] 2026-05-23T12:13:28 wrote resume state -> /Data/romain.poggi/smth2smth/checkpoints/track_a/ssl/videomaev2_t4native_encoder.state.pt
[videomae] 2026-05-23T12:13:31 epoch 121/500 step 0/610 loss 0.2816 lr 4.07e-04
[videomae] 2026-05-23T12:14:06 epoch 121/500 step 100/610 loss 0.2757 lr 4.07e-04
[videomae] 2026-05-23T12:14:42 epoch 121/500 step 200/610 loss 0.2471 lr 4.07e-04
[videomae] 2026-05-23T12:15:18 epoch 121/500 step 300/610 loss 0.2704 lr 4.07e-04
[videomae] 2026-05-23T12:15:54 epoch 121/500 step 400/610 loss 0.2795 lr 4.06e-04
[videomae] 2026-05-23T12:16:29 epoch 121/500 step 500/610 loss 0.2731 lr 4.06e-04
[videomae] 2026-05-23T12:17:05 epoch 121/500 step 600/610 loss 0.2531 lr 4.06e-04
[videomae] 2026-05-23T12:17:08 epoch 121/500 avg loss 0.2760
[videomae] 2026-05-23T12:17:09 wrote trunk checkpoint -> /Data/romain.poggi/smth2smth/checkpoints/track_a/ssl/videomaev2_t4native_encoder.pt (149 tensors, EMA)
[videomae] 2026-05-23T12:17:10 wrote resume state -> /Data/romain.poggi/smth2smth/checkpoints/track_a/ssl/videomaev2_t4native_encoder.state.pt
[videomae] 2026-05-23T12:17:12 epoch 122/500 step 0/610 loss 0.2913 lr 4.06e-04
[videomae] 2026-05-23T12:17:48 epoch 122/500 step 100/610 loss 0.2886 lr 4.06e-04
[videomae] 2026-05-23T12:18:23 epoch 122/500 step 200/610 loss 0.2648 lr 4.06e-04
[videomae] 2026-05-23T12:18:59 epoch 122/500 step 300/610 loss 0.2746 lr 4.06e-04
[videomae] 2026-05-23T12:19:35 epoch 122/500 step 400/610 loss 0.2726 lr 4.06e-04
[videomae] 2026-05-23T12:20:11 epoch 122/500 step 500/610 loss 0.2757 lr 4.05e-04
[videomae] 2026-05-23T12:20:46 epoch 122/500 step 600/610 loss 0.2700 lr 4.05e-04
[videomae] 2026-05-23T12:20:50 epoch 122/500 avg loss 0.2750
[videomae] 2026-05-23T12:20:50 wrote trunk checkpoint -> /Data/romain.poggi/smth2smth/checkpoints/track_a/ssl/videomaev2_t4native_encoder.pt (149 tensors, EMA)
[videomae] 2026-05-23T12:20:51 wrote resume state -> /Data/romain.poggi/smth2smth/checkpoints/track_a/ssl/videomaev2_t4native_encoder.state.pt
[videomae] 2026-05-23T12:20:53 epoch 123/500 step 0/610 loss 0.2604 lr 4.05e-04
[videomae] 2026-05-23T12:21:29 epoch 123/500 step 100/610 loss 0.2960 lr 4.05e-04
[videomae] 2026-05-23T12:22:05 epoch 123/500 step 200/610 loss 0.2504 lr 4.05e-04
[videomae] 2026-05-23T12:22:41 epoch 123/500 step 300/610 loss 0.2867 lr 4.05e-04
[videomae] 2026-05-23T12:23:16 epoch 123/500 step 400/610 loss 0.2895 lr 4.05e-04
[videomae] 2026-05-23T12:23:52 epoch 123/500 step 500/610 loss 0.2776 lr 4.05e-04
[videomae] 2026-05-23T12:24:28 epoch 123/500 step 600/610 loss 0.2796 lr 4.04e-04
[videomae] 2026-05-23T12:24:31 epoch 123/500 avg loss 0.2745
[videomae] 2026-05-23T12:24:31 wrote trunk checkpoint -> /Data/romain.poggi/smth2smth/checkpoints/track_a/ssl/videomaev2_t4native_encoder.pt (149 tensors, EMA)
[videomae] 2026-05-23T12:24:33 wrote resume state -> /Data/romain.poggi/smth2smth/checkpoints/track_a/ssl/videomaev2_t4native_encoder.state.pt
[videomae] 2026-05-23T12:24:35 epoch 124/500 step 0/610 loss 0.2718 lr 4.04e-04
[videomae] 2026-05-23T12:25:11 epoch 124/500 step 100/610 loss 0.2912 lr 4.04e-04
[videomae] 2026-05-23T12:25:46 epoch 124/500 step 200/610 loss 0.2669 lr 4.04e-04
[videomae] 2026-05-23T12:26:22 epoch 124/500 step 300/610 loss 0.2697 lr 4.04e-04
[videomae] 2026-05-23T12:26:58 epoch 124/500 step 400/610 loss 0.2994 lr 4.04e-04
[videomae] 2026-05-23T12:27:34 epoch 124/500 step 500/610 loss 0.2443 lr 4.04e-04
[videomae] 2026-05-23T12:28:09 epoch 124/500 step 600/610 loss 0.2862 lr 4.03e-04
[videomae] 2026-05-23T12:28:13 epoch 124/500 avg loss 0.2745
[videomae] 2026-05-23T12:28:13 wrote trunk checkpoint -> /Data/romain.poggi/smth2smth/checkpoints/track_a/ssl/videomaev2_t4native_encoder.pt (149 tensors, EMA)
[videomae] 2026-05-23T12:28:14 wrote resume state -> /Data/romain.poggi/smth2smth/checkpoints/track_a/ssl/videomaev2_t4native_encoder.state.pt
[videomae] 2026-05-23T12:28:16 epoch 125/500 step 0/610 loss 0.2638 lr 4.03e-04
[videomae] 2026-05-23T12:28:52 epoch 125/500 step 100/610 loss 0.2970 lr 4.03e-04
[videomae] 2026-05-23T12:29:28 epoch 125/500 step 200/610 loss 0.2742 lr 4.03e-04
[videomae] 2026-05-23T12:30:04 epoch 125/500 step 300/610 loss 0.2930 lr 4.03e-04
[videomae] 2026-05-23T12:30:39 epoch 125/500 step 400/610 loss 0.2689 lr 4.03e-04
[videomae] 2026-05-23T12:31:15 epoch 125/500 step 500/610 loss 0.3109 lr 4.03e-04
[videomae] 2026-05-23T12:31:51 epoch 125/500 step 600/610 loss 0.2835 lr 4.03e-04
[videomae] 2026-05-23T12:31:54 epoch 125/500 avg loss 0.2744
[videomae] 2026-05-23T12:31:54 wrote trunk checkpoint -> /Data/romain.poggi/smth2smth/checkpoints/track_a/ssl/videomaev2_t4native_encoder.pt (149 tensors, EMA)
[videomae] 2026-05-23T12:31:56 wrote resume state -> /Data/romain.poggi/smth2smth/checkpoints/track_a/ssl/videomaev2_t4native_encoder.state.pt
[videomae] 2026-05-23T12:31:58 epoch 126/500 step 0/610 loss 0.2591 lr 4.03e-04
[videomae] 2026-05-23T12:32:34 epoch 126/500 step 100/610 loss 0.2813 lr 4.02e-04
[videomae] 2026-05-23T12:33:09 epoch 126/500 step 200/610 loss 0.2921 lr 4.02e-04
[videomae] 2026-05-23T12:33:45 epoch 126/500 step 300/610 loss 0.2708 lr 4.02e-04
[videomae] 2026-05-23T12:34:21 epoch 126/500 step 400/610 loss 0.2987 lr 4.02e-04
[videomae] 2026-05-23T12:34:57 epoch 126/500 step 500/610 loss 0.2693 lr 4.02e-04
[videomae] 2026-05-23T12:35:32 epoch 126/500 step 600/610 loss 0.3035 lr 4.02e-04
[videomae] 2026-05-23T12:35:36 epoch 126/500 avg loss 0.2734
[videomae] 2026-05-23T12:35:36 wrote trunk checkpoint -> /Data/romain.poggi/smth2smth/checkpoints/track_a/ssl/videomaev2_t4native_encoder.pt (149 tensors, EMA)
[videomae] 2026-05-23T12:35:37 wrote resume state -> /Data/romain.poggi/smth2smth/checkpoints/track_a/ssl/videomaev2_t4native_encoder.state.pt
[videomae] 2026-05-23T12:35:39 epoch 127/500 step 0/610 loss 0.2783 lr 4.02e-04
[videomae] 2026-05-23T12:36:15 epoch 127/500 step 100/610 loss 0.2582 lr 4.01e-04
[videomae] 2026-05-23T12:36:51 epoch 127/500 step 200/610 loss 0.2858 lr 4.01e-04
[videomae] 2026-05-23T12:37:27 epoch 127/500 step 300/610 loss 0.2826 lr 4.01e-04
[videomae] 2026-05-23T12:38:02 epoch 127/500 step 400/610 loss 0.2879 lr 4.01e-04
[videomae] 2026-05-23T12:38:38 epoch 127/500 step 500/610 loss 0.2698 lr 4.01e-04
[videomae] 2026-05-23T12:39:14 epoch 127/500 step 600/610 loss 0.2664 lr 4.01e-04
[videomae] 2026-05-23T12:39:17 epoch 127/500 avg loss 0.2737
[videomae] 2026-05-23T12:39:17 wrote trunk checkpoint -> /Data/romain.poggi/smth2smth/checkpoints/track_a/ssl/videomaev2_t4native_encoder.pt (149 tensors, EMA)
[videomae] 2026-05-23T12:39:19 wrote resume state -> /Data/romain.poggi/smth2smth/checkpoints/track_a/ssl/videomaev2_t4native_encoder.state.pt
[videomae] 2026-05-23T12:39:21 epoch 128/500 step 0/610 loss 0.2698 lr 4.01e-04
[videomae] 2026-05-23T12:39:56 epoch 128/500 step 100/610 loss 0.2878 lr 4.01e-04
[videomae] 2026-05-23T12:40:32 epoch 128/500 step 200/610 loss 0.2772 lr 4.00e-04
[videomae] 2026-05-23T12:41:08 epoch 128/500 step 300/610 loss 0.2720 lr 4.00e-04
[videomae] 2026-05-23T12:41:44 epoch 128/500 step 400/610 loss 0.2857 lr 4.00e-04
[videomae] 2026-05-23T12:42:20 epoch 128/500 step 500/610 loss 0.2768 lr 4.00e-04
[videomae] 2026-05-23T12:42:55 epoch 128/500 step 600/610 loss 0.2491 lr 4.00e-04
[videomae] 2026-05-23T12:42:58 epoch 128/500 avg loss 0.2732
[videomae] 2026-05-23T12:42:59 wrote trunk checkpoint -> /Data/romain.poggi/smth2smth/checkpoints/track_a/ssl/videomaev2_t4native_encoder.pt (149 tensors, EMA)
[videomae] 2026-05-23T12:43:00 wrote resume state -> /Data/romain.poggi/smth2smth/checkpoints/track_a/ssl/videomaev2_t4native_encoder.state.pt
[videomae] 2026-05-23T12:43:02 epoch 129/500 step 0/610 loss 0.2598 lr 4.00e-04
[videomae] 2026-05-23T12:43:38 epoch 129/500 step 100/610 loss 0.2792 lr 4.00e-04
[videomae] 2026-05-23T12:44:13 epoch 129/500 step 200/610 loss 0.2532 lr 3.99e-04
[videomae] 2026-05-23T12:44:49 epoch 129/500 step 300/610 loss 0.2571 lr 3.99e-04
[videomae] 2026-05-23T12:45:25 epoch 129/500 step 400/610 loss 0.2639 lr 3.99e-04
[videomae] 2026-05-23T12:46:01 epoch 129/500 step 500/610 loss 0.2856 lr 3.99e-04
[videomae] 2026-05-23T12:46:36 epoch 129/500 step 600/610 loss 0.2602 lr 3.99e-04
[videomae] 2026-05-23T12:46:39 epoch 129/500 avg loss 0.2726
[videomae] 2026-05-23T12:46:40 wrote trunk checkpoint -> /Data/romain.poggi/smth2smth/checkpoints/track_a/ssl/videomaev2_t4native_encoder.pt (149 tensors, EMA)
[videomae] 2026-05-23T12:46:41 wrote resume state -> /Data/romain.poggi/smth2smth/checkpoints/track_a/ssl/videomaev2_t4native_encoder.state.pt
[videomae] 2026-05-23T12:46:43 epoch 130/500 step 0/610 loss 0.2646 lr 3.99e-04
[videomae] 2026-05-23T12:47:19 epoch 130/500 step 100/610 loss 0.2818 lr 3.99e-04
[videomae] 2026-05-23T12:47:55 epoch 130/500 step 200/610 loss 0.2537 lr 3.99e-04
[videomae] 2026-05-23T12:48:31 epoch 130/500 step 300/610 loss 0.2725 lr 3.98e-04
[videomae] 2026-05-23T12:49:06 epoch 130/500 step 400/610 loss 0.2828 lr 3.98e-04
[videomae] 2026-05-23T12:49:42 epoch 130/500 step 500/610 loss 0.2576 lr 3.98e-04
[videomae] 2026-05-23T12:50:18 epoch 130/500 step 600/610 loss 0.2586 lr 3.98e-04
[videomae] 2026-05-23T12:50:21 epoch 130/500 avg loss 0.2726
[videomae] 2026-05-23T12:50:21 wrote trunk checkpoint -> /Data/romain.poggi/smth2smth/checkpoints/track_a/ssl/videomaev2_t4native_encoder.pt (149 tensors, EMA)
[videomae] 2026-05-23T12:50:23 wrote resume state -> /Data/romain.poggi/smth2smth/checkpoints/track_a/ssl/videomaev2_t4native_encoder.state.pt
[videomae] 2026-05-23T12:50:25 epoch 131/500 step 0/610 loss 0.2895 lr 3.98e-04
[videomae] 2026-05-23T12:51:00 epoch 131/500 step 100/610 loss 0.2737 lr 3.98e-04
[videomae] 2026-05-23T12:51:36 epoch 131/500 step 200/610 loss 0.2662 lr 3.98e-04
[videomae] 2026-05-23T12:52:12 epoch 131/500 step 300/610 loss 0.2833 lr 3.97e-04
[videomae] 2026-05-23T12:52:48 epoch 131/500 step 400/610 loss 0.2890 lr 3.97e-04
[videomae] 2026-05-23T12:53:24 epoch 131/500 step 500/610 loss 0.2851 lr 3.97e-04
[videomae] 2026-05-23T12:53:59 epoch 131/500 step 600/610 loss 0.2605 lr 3.97e-04
[videomae] 2026-05-23T12:54:02 epoch 131/500 avg loss 0.2727
[videomae] 2026-05-23T12:54:03 wrote trunk checkpoint -> /Data/romain.poggi/smth2smth/checkpoints/track_a/ssl/videomaev2_t4native_encoder.pt (149 tensors, EMA)
[videomae] 2026-05-23T12:54:04 wrote resume state -> /Data/romain.poggi/smth2smth/checkpoints/track_a/ssl/videomaev2_t4native_encoder.state.pt
[videomae] 2026-05-23T12:54:06 epoch 132/500 step 0/610 loss 0.2636 lr 3.97e-04
[videomae] 2026-05-23T12:54:42 epoch 132/500 step 100/610 loss 0.2617 lr 3.97e-04
[videomae] 2026-05-23T12:55:18 epoch 132/500 step 200/610 loss 0.2790 lr 3.97e-04
[videomae] 2026-05-23T12:55:53 epoch 132/500 step 300/610 loss 0.2713 lr 3.96e-04
[videomae] 2026-05-23T12:56:29 epoch 132/500 step 400/610 loss 0.2667 lr 3.96e-04
[videomae] 2026-05-23T12:57:05 epoch 132/500 step 500/610 loss 0.2829 lr 3.96e-04
[videomae] 2026-05-23T12:57:41 epoch 132/500 step 600/610 loss 0.2705 lr 3.96e-04
[videomae] 2026-05-23T12:57:44 epoch 132/500 avg loss 0.2721
[videomae] 2026-05-23T12:57:44 wrote trunk checkpoint -> /Data/romain.poggi/smth2smth/checkpoints/track_a/ssl/videomaev2_t4native_encoder.pt (149 tensors, EMA)
[videomae] 2026-05-23T12:57:46 wrote resume state -> /Data/romain.poggi/smth2smth/checkpoints/track_a/ssl/videomaev2_t4native_encoder.state.pt
[videomae] 2026-05-23T12:57:48 epoch 133/500 step 0/610 loss 0.2776 lr 3.96e-04
[videomae] 2026-05-23T12:58:24 epoch 133/500 step 100/610 loss 0.2610 lr 3.96e-04
[videomae] 2026-05-23T12:58:59 epoch 133/500 step 200/610 loss 0.2815 lr 3.96e-04
[videomae] 2026-05-23T12:59:35 epoch 133/500 step 300/610 loss 0.2743 lr 3.95e-04
[videomae] 2026-05-23T13:00:11 epoch 133/500 step 400/610 loss 0.2736 lr 3.95e-04
[videomae] 2026-05-23T13:00:47 epoch 133/500 step 500/610 loss 0.2683 lr 3.95e-04
[videomae] 2026-05-23T13:01:22 epoch 133/500 step 600/610 loss 0.2533 lr 3.95e-04
[videomae] 2026-05-23T13:01:26 epoch 133/500 avg loss 0.2716
[videomae] 2026-05-23T13:01:26 wrote trunk checkpoint -> /Data/romain.poggi/smth2smth/checkpoints/track_a/ssl/videomaev2_t4native_encoder.pt (149 tensors, EMA)
[videomae] 2026-05-23T13:01:27 wrote resume state -> /Data/romain.poggi/smth2smth/checkpoints/track_a/ssl/videomaev2_t4native_encoder.state.pt
[videomae] 2026-05-23T13:01:29 epoch 134/500 step 0/610 loss 0.2448 lr 3.95e-04
[videomae] 2026-05-23T13:02:05 epoch 134/500 step 100/610 loss 0.2667 lr 3.95e-04
[videomae] 2026-05-23T13:02:41 epoch 134/500 step 200/610 loss 0.2655 lr 3.95e-04
[videomae] 2026-05-23T13:03:17 epoch 134/500 step 300/610 loss 0.2653 lr 3.95e-04
[videomae] 2026-05-23T13:03:53 epoch 134/500 step 400/610 loss 0.2598 lr 3.94e-04
[videomae] 2026-05-23T13:04:28 epoch 134/500 step 500/610 loss 0.2663 lr 3.94e-04
[videomae] 2026-05-23T13:05:04 epoch 134/500 step 600/610 loss 0.2660 lr 3.94e-04
[videomae] 2026-05-23T13:05:07 epoch 134/500 avg loss 0.2719
[videomae] 2026-05-23T13:05:08 wrote trunk checkpoint -> /Data/romain.poggi/smth2smth/checkpoints/track_a/ssl/videomaev2_t4native_encoder.pt (149 tensors, EMA)
[videomae] 2026-05-23T13:05:09 wrote resume state -> /Data/romain.poggi/smth2smth/checkpoints/track_a/ssl/videomaev2_t4native_encoder.state.pt
[videomae] 2026-05-23T13:05:11 epoch 135/500 step 0/610 loss 0.2591 lr 3.94e-04
[videomae] 2026-05-23T13:05:47 epoch 135/500 step 100/610 loss 0.2521 lr 3.94e-04
[videomae] 2026-05-23T13:06:23 epoch 135/500 step 200/610 loss 0.2732 lr 3.94e-04
[videomae] 2026-05-23T13:06:58 epoch 135/500 step 300/610 loss 0.2547 lr 3.94e-04
[videomae] 2026-05-23T13:07:34 epoch 135/500 step 400/610 loss 0.2653 lr 3.93e-04
[videomae] 2026-05-23T13:08:10 epoch 135/500 step 500/610 loss 0.2575 lr 3.93e-04
[videomae] 2026-05-23T13:08:46 epoch 135/500 step 600/610 loss 0.2699 lr 3.93e-04
[videomae] 2026-05-23T13:08:49 epoch 135/500 avg loss 0.2715
[videomae] 2026-05-23T13:08:49 wrote trunk checkpoint -> /Data/romain.poggi/smth2smth/checkpoints/track_a/ssl/videomaev2_t4native_encoder.pt (149 tensors, EMA)
[videomae] 2026-05-23T13:08:50 wrote resume state -> /Data/romain.poggi/smth2smth/checkpoints/track_a/ssl/videomaev2_t4native_encoder.state.pt
[videomae] 2026-05-23T13:08:52 epoch 136/500 step 0/610 loss 0.2647 lr 3.93e-04
[videomae] 2026-05-23T13:09:28 epoch 136/500 step 100/610 loss 0.2627 lr 3.93e-04
[videomae] 2026-05-23T13:10:04 epoch 136/500 step 200/610 loss 0.2696 lr 3.93e-04
[videomae] 2026-05-23T13:10:40 epoch 136/500 step 300/610 loss 0.2588 lr 3.93e-04
[videomae] 2026-05-23T13:11:16 epoch 136/500 step 400/610 loss 0.2695 lr 3.92e-04
[videomae] 2026-05-23T13:11:51 epoch 136/500 step 500/610 loss 0.2595 lr 3.92e-04
[videomae] 2026-05-23T13:12:27 epoch 136/500 step 600/610 loss 0.2933 lr 3.92e-04
[videomae] 2026-05-23T13:12:30 epoch 136/500 avg loss 0.2714
[videomae] 2026-05-23T13:12:31 wrote trunk checkpoint -> /Data/romain.poggi/smth2smth/checkpoints/track_a/ssl/videomaev2_t4native_encoder.pt (149 tensors, EMA)
[videomae] 2026-05-23T13:12:32 wrote resume state -> /Data/romain.poggi/smth2smth/checkpoints/track_a/ssl/videomaev2_t4native_encoder.state.pt
[videomae] 2026-05-23T13:12:34 epoch 137/500 step 0/610 loss 0.2624 lr 3.92e-04
[videomae] 2026-05-23T13:13:10 epoch 137/500 step 100/610 loss 0.2762 lr 3.92e-04
[videomae] 2026-05-23T13:13:46 epoch 137/500 step 200/610 loss 0.2666 lr 3.92e-04
[videomae] 2026-05-23T13:14:21 epoch 137/500 step 300/610 loss 0.2562 lr 3.92e-04
[videomae] 2026-05-23T13:14:57 epoch 137/500 step 400/610 loss 0.2913 lr 3.91e-04
[videomae] 2026-05-23T13:15:33 epoch 137/500 step 500/610 loss 0.2879 lr 3.91e-04
[videomae] 2026-05-23T13:16:09 epoch 137/500 step 600/610 loss 0.2846 lr 3.91e-04
[videomae] 2026-05-23T13:16:12 epoch 137/500 avg loss 0.2707
[videomae] 2026-05-23T13:16:12 wrote trunk checkpoint -> /Data/romain.poggi/smth2smth/checkpoints/track_a/ssl/videomaev2_t4native_encoder.pt (149 tensors, EMA)
[videomae] 2026-05-23T13:16:14 wrote resume state -> /Data/romain.poggi/smth2smth/checkpoints/track_a/ssl/videomaev2_t4native_encoder.state.pt
[videomae] 2026-05-23T13:16:16 epoch 138/500 step 0/610 loss 0.2617 lr 3.91e-04
[videomae] 2026-05-23T13:16:52 epoch 138/500 step 100/610 loss 0.2815 lr 3.91e-04
[videomae] 2026-05-23T13:17:28 epoch 138/500 step 200/610 loss 0.2509 lr 3.91e-04
[videomae] 2026-05-23T13:18:03 epoch 138/500 step 300/610 loss 0.2626 lr 3.91e-04
[videomae] 2026-05-23T13:18:39 epoch 138/500 step 400/610 loss 0.2388 lr 3.90e-04
[videomae] 2026-05-23T13:19:15 epoch 138/500 step 500/610 loss 0.2677 lr 3.90e-04
[videomae] 2026-05-23T13:19:51 epoch 138/500 step 600/610 loss 0.2911 lr 3.90e-04
[videomae] 2026-05-23T13:19:54 epoch 138/500 avg loss 0.2712
[videomae] 2026-05-23T13:19:54 wrote trunk checkpoint -> /Data/romain.poggi/smth2smth/checkpoints/track_a/ssl/videomaev2_t4native_encoder.pt (149 tensors, EMA)
[videomae] 2026-05-23T13:19:56 wrote resume state -> /Data/romain.poggi/smth2smth/checkpoints/track_a/ssl/videomaev2_t4native_encoder.state.pt
[videomae] 2026-05-23T13:19:58 epoch 139/500 step 0/610 loss 0.2733 lr 3.90e-04
[videomae] 2026-05-23T13:20:34 epoch 139/500 step 100/610 loss 0.2729 lr 3.90e-04
[videomae] 2026-05-23T13:21:10 epoch 139/500 step 200/610 loss 0.2767 lr 3.90e-04
[videomae] 2026-05-23T13:21:46 epoch 139/500 step 300/610 loss 0.2493 lr 3.90e-04
[videomae] 2026-05-23T13:22:22 epoch 139/500 step 400/610 loss 0.2825 lr 3.89e-04
[videomae] 2026-05-23T13:22:57 epoch 139/500 step 500/610 loss 0.2672 lr 3.89e-04
[videomae] 2026-05-23T13:23:33 epoch 139/500 step 600/610 loss 0.2729 lr 3.89e-04
[videomae] 2026-05-23T13:23:36 epoch 139/500 avg loss 0.2701
[videomae] 2026-05-23T13:23:37 wrote trunk checkpoint -> /Data/romain.poggi/smth2smth/checkpoints/track_a/ssl/videomaev2_t4native_encoder.pt (149 tensors, EMA)
[videomae] 2026-05-23T13:23:38 wrote resume state -> /Data/romain.poggi/smth2smth/checkpoints/track_a/ssl/videomaev2_t4native_encoder.state.pt
[videomae] 2026-05-23T13:23:40 epoch 140/500 step 0/610 loss 0.2711 lr 3.89e-04
[videomae] 2026-05-23T13:24:16 epoch 140/500 step 100/610 loss 0.2819 lr 3.89e-04
[videomae] 2026-05-23T13:24:52 epoch 140/500 step 200/610 loss 0.2913 lr 3.89e-04
[videomae] 2026-05-23T13:25:28 epoch 140/500 step 300/610 loss 0.2896 lr 3.89e-04
[videomae] 2026-05-23T13:26:04 epoch 140/500 step 400/610 loss 0.2593 lr 3.88e-04
[videomae] 2026-05-23T13:26:39 epoch 140/500 step 500/610 loss 0.2687 lr 3.88e-04
[videomae] 2026-05-23T13:27:15 epoch 140/500 step 600/610 loss 0.2714 lr 3.88e-04
[videomae] 2026-05-23T13:27:18 epoch 140/500 avg loss 0.2702
[videomae] 2026-05-23T13:27:19 wrote trunk checkpoint -> /Data/romain.poggi/smth2smth/checkpoints/track_a/ssl/videomaev2_t4native_encoder.pt (149 tensors, EMA)
[videomae] 2026-05-23T13:27:20 wrote resume state -> /Data/romain.poggi/smth2smth/checkpoints/track_a/ssl/videomaev2_t4native_encoder.state.pt
[videomae] 2026-05-23T13:27:22 epoch 141/500 step 0/610 loss 0.2607 lr 3.88e-04
[videomae] 2026-05-23T13:27:58 epoch 141/500 step 100/610 loss 0.2735 lr 3.88e-04
[videomae] 2026-05-23T13:28:34 epoch 141/500 step 200/610 loss 0.2396 lr 3.88e-04
[videomae] 2026-05-23T13:29:10 epoch 141/500 step 300/610 loss 0.2850 lr 3.87e-04
[videomae] 2026-05-23T13:29:46 epoch 141/500 step 400/610 loss 0.2553 lr 3.87e-04
[videomae] 2026-05-23T13:30:21 epoch 141/500 step 500/610 loss 0.2684 lr 3.87e-04
[videomae] 2026-05-23T13:30:57 epoch 141/500 step 600/610 loss 0.2568 lr 3.87e-04
[videomae] 2026-05-23T13:31:00 epoch 141/500 avg loss 0.2694
[videomae] 2026-05-23T13:31:01 wrote trunk checkpoint -> /Data/romain.poggi/smth2smth/checkpoints/track_a/ssl/videomaev2_t4native_encoder.pt (149 tensors, EMA)
[videomae] 2026-05-23T13:31:02 wrote resume state -> /Data/romain.poggi/smth2smth/checkpoints/track_a/ssl/videomaev2_t4native_encoder.state.pt
[videomae] 2026-05-23T13:31:04 epoch 142/500 step 0/610 loss 0.2635 lr 3.87e-04
[videomae] 2026-05-23T13:31:40 epoch 142/500 step 100/610 loss 0.2858 lr 3.87e-04
[videomae] 2026-05-23T13:32:16 epoch 142/500 step 200/610 loss 0.2763 lr 3.87e-04
[videomae] 2026-05-23T13:32:52 epoch 142/500 step 300/610 loss 0.2828 lr 3.86e-04
[videomae] 2026-05-23T13:33:27 epoch 142/500 step 400/610 loss 0.2748 lr 3.86e-04
[videomae] 2026-05-23T13:34:03 epoch 142/500 step 500/610 loss 0.2691 lr 3.86e-04
[videomae] 2026-05-23T13:34:39 epoch 142/500 step 600/610 loss 0.2709 lr 3.86e-04
[videomae] 2026-05-23T13:34:42 epoch 142/500 avg loss 0.2692
[videomae] 2026-05-23T13:34:43 wrote trunk checkpoint -> /Data/romain.poggi/smth2smth/checkpoints/track_a/ssl/videomaev2_t4native_encoder.pt (149 tensors, EMA)
[videomae] 2026-05-23T13:34:44 wrote resume state -> /Data/romain.poggi/smth2smth/checkpoints/track_a/ssl/videomaev2_t4native_encoder.state.pt
[videomae] 2026-05-23T13:34:46 epoch 143/500 step 0/610 loss 0.2569 lr 3.86e-04
[videomae] 2026-05-23T13:35:22 epoch 143/500 step 100/610 loss 0.2844 lr 3.86e-04
[videomae] 2026-05-23T13:35:58 epoch 143/500 step 200/610 loss 0.2692 lr 3.86e-04
[videomae] 2026-05-23T13:36:34 epoch 143/500 step 300/610 loss 0.2515 lr 3.85e-04
[videomae] 2026-05-23T13:37:09 epoch 143/500 step 400/610 loss 0.2694 lr 3.85e-04
[videomae] 2026-05-23T13:37:45 epoch 143/500 step 500/610 loss 0.2728 lr 3.85e-04
[videomae] 2026-05-23T13:38:21 epoch 143/500 step 600/610 loss 0.2858 lr 3.85e-04
[videomae] 2026-05-23T13:38:24 epoch 143/500 avg loss 0.2693
[videomae] 2026-05-23T13:38:25 wrote trunk checkpoint -> /Data/romain.poggi/smth2smth/checkpoints/track_a/ssl/videomaev2_t4native_encoder.pt (149 tensors, EMA)
[videomae] 2026-05-23T13:38:26 wrote resume state -> /Data/romain.poggi/smth2smth/checkpoints/track_a/ssl/videomaev2_t4native_encoder.state.pt
[videomae] 2026-05-23T13:38:28 epoch 144/500 step 0/610 loss 0.2468 lr 3.85e-04
[videomae] 2026-05-23T13:39:04 epoch 144/500 step 100/610 loss 0.2753 lr 3.85e-04
[videomae] 2026-05-23T13:39:39 epoch 144/500 step 200/610 loss 0.2715 lr 3.85e-04
[videomae] 2026-05-23T13:40:15 epoch 144/500 step 300/610 loss 0.2818 lr 3.84e-04
[videomae] 2026-05-23T13:40:51 epoch 144/500 step 400/610 loss 0.2589 lr 3.84e-04
[videomae] 2026-05-23T13:41:27 epoch 144/500 step 500/610 loss 0.2946 lr 3.84e-04
[videomae] 2026-05-23T13:42:03 epoch 144/500 step 600/610 loss 0.2462 lr 3.84e-04
[videomae] 2026-05-23T13:42:06 epoch 144/500 avg loss 0.2689
[videomae] 2026-05-23T13:42:06 wrote trunk checkpoint -> /Data/romain.poggi/smth2smth/checkpoints/track_a/ssl/videomaev2_t4native_encoder.pt (149 tensors, EMA)
[videomae] 2026-05-23T13:42:08 wrote resume state -> /Data/romain.poggi/smth2smth/checkpoints/track_a/ssl/videomaev2_t4native_encoder.state.pt
[videomae] 2026-05-23T13:42:09 epoch 145/500 step 0/610 loss 0.2632 lr 3.84e-04
[videomae] 2026-05-23T13:42:45 epoch 145/500 step 100/610 loss 0.2695 lr 3.84e-04
[videomae] 2026-05-23T13:43:21 epoch 145/500 step 200/610 loss 0.2652 lr 3.83e-04
[videomae] 2026-05-23T13:43:57 epoch 145/500 step 300/610 loss 0.2677 lr 3.83e-04
[videomae] 2026-05-23T13:44:33 epoch 145/500 step 400/610 loss 0.3131 lr 3.83e-04
[videomae] 2026-05-23T13:45:09 epoch 145/500 step 500/610 loss 0.2844 lr 3.83e-04
[videomae] 2026-05-23T13:45:45 epoch 145/500 step 600/610 loss 0.2575 lr 3.83e-04
[videomae] 2026-05-23T13:45:48 epoch 145/500 avg loss 0.2685
[videomae] 2026-05-23T13:45:48 wrote trunk checkpoint -> /Data/romain.poggi/smth2smth/checkpoints/track_a/ssl/videomaev2_t4native_encoder.pt (149 tensors, EMA)
[videomae] 2026-05-23T13:45:50 wrote resume state -> /Data/romain.poggi/smth2smth/checkpoints/track_a/ssl/videomaev2_t4native_encoder.state.pt
[videomae] 2026-05-23T13:45:52 epoch 146/500 step 0/610 loss 0.2633 lr 3.83e-04
[videomae] 2026-05-23T13:46:28 epoch 146/500 step 100/610 loss 0.2543 lr 3.83e-04
[videomae] 2026-05-23T13:47:03 epoch 146/500 step 200/610 loss 0.2857 lr 3.82e-04
[videomae] 2026-05-23T13:47:39 epoch 146/500 step 300/610 loss 0.2450 lr 3.82e-04
[videomae] 2026-05-23T13:48:15 epoch 146/500 step 400/610 loss 0.2796 lr 3.82e-04
[videomae] 2026-05-23T13:48:51 epoch 146/500 step 500/610 loss 0.2567 lr 3.82e-04
[videomae] 2026-05-23T13:49:27 epoch 146/500 step 600/610 loss 0.2587 lr 3.82e-04
[videomae] 2026-05-23T13:49:30 epoch 146/500 avg loss 0.2685
[videomae] 2026-05-23T13:49:30 wrote trunk checkpoint -> /Data/romain.poggi/smth2smth/checkpoints/track_a/ssl/videomaev2_t4native_encoder.pt (149 tensors, EMA)
[videomae] 2026-05-23T13:49:31 wrote resume state -> /Data/romain.poggi/smth2smth/checkpoints/track_a/ssl/videomaev2_t4native_encoder.state.pt
[videomae] 2026-05-23T13:49:33 epoch 147/500 step 0/610 loss 0.2607 lr 3.82e-04
[videomae] 2026-05-23T13:50:09 epoch 147/500 step 100/610 loss 0.2631 lr 3.82e-04
[videomae] 2026-05-23T13:50:45 epoch 147/500 step 200/610 loss 0.2866 lr 3.81e-04
[videomae] 2026-05-23T13:51:21 epoch 147/500 step 300/610 loss 0.2501 lr 3.81e-04
[videomae] 2026-05-23T13:51:57 epoch 147/500 step 400/610 loss 0.2801 lr 3.81e-04
[videomae] 2026-05-23T13:52:33 epoch 147/500 step 500/610 loss 0.2588 lr 3.81e-04
[videomae] 2026-05-23T13:53:09 epoch 147/500 step 600/610 loss 0.2824 lr 3.81e-04
[videomae] 2026-05-23T13:53:12 epoch 147/500 avg loss 0.2681
[videomae] 2026-05-23T13:53:12 wrote trunk checkpoint -> /Data/romain.poggi/smth2smth/checkpoints/track_a/ssl/videomaev2_t4native_encoder.pt (149 tensors, EMA)
[videomae] 2026-05-23T13:53:14 wrote resume state -> /Data/romain.poggi/smth2smth/checkpoints/track_a/ssl/videomaev2_t4native_encoder.state.pt
[videomae] 2026-05-23T13:53:16 epoch 148/500 step 0/610 loss 0.2817 lr 3.81e-04
[videomae] 2026-05-23T13:53:52 epoch 148/500 step 100/610 loss 0.2875 lr 3.80e-04
[videomae] 2026-05-23T13:54:27 epoch 148/500 step 200/610 loss 0.2600 lr 3.80e-04
[videomae] 2026-05-23T13:55:03 epoch 148/500 step 300/610 loss 0.2626 lr 3.80e-04
[videomae] 2026-05-23T13:55:39 epoch 148/500 step 400/610 loss 0.2698 lr 3.80e-04
[videomae] 2026-05-23T13:56:15 epoch 148/500 step 500/610 loss 0.2661 lr 3.80e-04
[videomae] 2026-05-23T13:56:51 epoch 148/500 step 600/610 loss 0.2431 lr 3.80e-04
[videomae] 2026-05-23T13:56:54 epoch 148/500 avg loss 0.2678
[videomae] 2026-05-23T13:56:54 wrote trunk checkpoint -> /Data/romain.poggi/smth2smth/checkpoints/track_a/ssl/videomaev2_t4native_encoder.pt (149 tensors, EMA)
[videomae] 2026-05-23T13:56:56 wrote resume state -> /Data/romain.poggi/smth2smth/checkpoints/track_a/ssl/videomaev2_t4native_encoder.state.pt
[videomae] 2026-05-23T13:56:58 epoch 149/500 step 0/610 loss 0.2561 lr 3.80e-04
[videomae] 2026-05-23T13:57:34 epoch 149/500 step 100/610 loss 0.2674 lr 3.79e-04
[videomae] 2026-05-23T13:58:09 epoch 149/500 step 200/610 loss 0.2476 lr 3.79e-04
[videomae] 2026-05-23T13:58:45 epoch 149/500 step 300/610 loss 0.2738 lr 3.79e-04
[videomae] 2026-05-23T13:59:21 epoch 149/500 step 400/610 loss 0.2477 lr 3.79e-04
[videomae] 2026-05-23T13:59:57 epoch 149/500 step 500/610 loss 0.2634 lr 3.79e-04
[videomae] 2026-05-23T14:00:33 epoch 149/500 step 600/610 loss 0.2571 lr 3.78e-04
[videomae] 2026-05-23T14:00:36 epoch 149/500 avg loss 0.2676
[videomae] 2026-05-23T14:00:36 wrote trunk checkpoint -> /Data/romain.poggi/smth2smth/checkpoints/track_a/ssl/videomaev2_t4native_encoder.pt (149 tensors, EMA)
[videomae] 2026-05-23T14:00:38 wrote resume state -> /Data/romain.poggi/smth2smth/checkpoints/track_a/ssl/videomaev2_t4native_encoder.state.pt
[videomae] 2026-05-23T14:00:40 epoch 150/500 step 0/610 loss 0.2643 lr 3.78e-04
[videomae] 2026-05-23T14:01:16 epoch 150/500 step 100/610 loss 0.2686 lr 3.78e-04
[videomae] 2026-05-23T14:01:52 epoch 150/500 step 200/610 loss 0.2491 lr 3.78e-04
[videomae] 2026-05-23T14:02:27 epoch 150/500 step 300/610 loss 0.2881 lr 3.78e-04
[videomae] 2026-05-23T14:03:03 epoch 150/500 step 400/610 loss 0.2481 lr 3.78e-04
[videomae] 2026-05-23T14:03:39 epoch 150/500 step 500/610 loss 0.2645 lr 3.78e-04
[videomae] 2026-05-23T14:04:15 epoch 150/500 step 600/610 loss 0.2649 lr 3.77e-04
[videomae] 2026-05-23T14:04:18 epoch 150/500 avg loss 0.2674
[videomae] 2026-05-23T14:04:19 wrote trunk checkpoint -> /Data/romain.poggi/smth2smth/checkpoints/track_a/ssl/videomaev2_t4native_encoder.pt (149 tensors, EMA)
[videomae] 2026-05-23T14:04:19 wrote trunk checkpoint -> /Data/romain.poggi/smth2smth/checkpoints/track_a/ssl/videomaev2_t4native_encoder_ep150.pt (149 tensors, EMA)
[videomae] 2026-05-23T14:04:20 wrote resume state -> /Data/romain.poggi/smth2smth/checkpoints/track_a/ssl/videomaev2_t4native_encoder.state.pt
[videomae] 2026-05-23T14:04:22 epoch 151/500 step 0/610 loss 0.2616 lr 3.77e-04
[videomae] 2026-05-23T14:04:58 epoch 151/500 step 100/610 loss 0.2922 lr 3.77e-04
[videomae] 2026-05-23T14:05:34 epoch 151/500 step 200/610 loss 0.2558 lr 3.77e-04
[videomae] 2026-05-23T14:06:10 epoch 151/500 step 300/610 loss 0.2762 lr 3.77e-04
[videomae] 2026-05-23T14:06:46 epoch 151/500 step 400/610 loss 0.2583 lr 3.77e-04
[videomae] 2026-05-23T14:07:22 epoch 151/500 step 500/610 loss 0.2689 lr 3.76e-04
[videomae] 2026-05-23T14:07:57 epoch 151/500 step 600/610 loss 0.2622 lr 3.76e-04
[videomae] 2026-05-23T14:08:01 epoch 151/500 avg loss 0.2668
[videomae] 2026-05-23T14:08:01 wrote trunk checkpoint -> /Data/romain.poggi/smth2smth/checkpoints/track_a/ssl/videomaev2_t4native_encoder.pt (149 tensors, EMA)
[videomae] 2026-05-23T14:08:02 wrote resume state -> /Data/romain.poggi/smth2smth/checkpoints/track_a/ssl/videomaev2_t4native_encoder.state.pt
[videomae] 2026-05-23T14:08:04 epoch 152/500 step 0/610 loss 0.2586 lr 3.76e-04
[videomae] 2026-05-23T14:08:40 epoch 152/500 step 100/610 loss 0.2703 lr 3.76e-04
[videomae] 2026-05-23T14:09:16 epoch 152/500 step 200/610 loss 0.2860 lr 3.76e-04
[videomae] 2026-05-23T14:09:52 epoch 152/500 step 300/610 loss 0.2712 lr 3.76e-04
[videomae] 2026-05-23T14:10:28 epoch 152/500 step 400/610 loss 0.2606 lr 3.76e-04
[videomae] 2026-05-23T14:11:04 epoch 152/500 step 500/610 loss 0.2843 lr 3.75e-04
[videomae] 2026-05-23T14:11:40 epoch 152/500 step 600/610 loss 0.2545 lr 3.75e-04
[videomae] 2026-05-23T14:11:43 epoch 152/500 avg loss 0.2671
[videomae] 2026-05-23T14:11:43 wrote trunk checkpoint -> /Data/romain.poggi/smth2smth/checkpoints/track_a/ssl/videomaev2_t4native_encoder.pt (149 tensors, EMA)
[videomae] 2026-05-23T14:11:44 wrote resume state -> /Data/romain.poggi/smth2smth/checkpoints/track_a/ssl/videomaev2_t4native_encoder.state.pt
[videomae] 2026-05-23T14:11:47 epoch 153/500 step 0/610 loss 0.2618 lr 3.75e-04
[videomae] 2026-05-23T14:12:23 epoch 153/500 step 100/610 loss 0.2708 lr 3.75e-04
[videomae] 2026-05-23T14:12:58 epoch 153/500 step 200/610 loss 0.2578 lr 3.75e-04
[videomae] 2026-05-23T14:13:34 epoch 153/500 step 300/610 loss 0.2636 lr 3.75e-04
[videomae] 2026-05-23T14:14:10 epoch 153/500 step 400/610 loss 0.2520 lr 3.74e-04
[videomae] 2026-05-23T14:14:46 epoch 153/500 step 500/610 loss 0.2788 lr 3.74e-04
[videomae] 2026-05-23T14:15:22 epoch 153/500 step 600/610 loss 0.2678 lr 3.74e-04
[videomae] 2026-05-23T14:15:25 epoch 153/500 avg loss 0.2664
[videomae] 2026-05-23T14:15:25 wrote trunk checkpoint -> /Data/romain.poggi/smth2smth/checkpoints/track_a/ssl/videomaev2_t4native_encoder.pt (149 tensors, EMA)
[videomae] 2026-05-23T14:15:27 wrote resume state -> /Data/romain.poggi/smth2smth/checkpoints/track_a/ssl/videomaev2_t4native_encoder.state.pt
[videomae] 2026-05-23T14:15:29 epoch 154/500 step 0/610 loss 0.2639 lr 3.74e-04
[videomae] 2026-05-23T14:16:05 epoch 154/500 step 100/610 loss 0.2536 lr 3.74e-04
[videomae] 2026-05-23T14:16:40 epoch 154/500 step 200/610 loss 0.2748 lr 3.74e-04
[videomae] 2026-05-23T14:17:16 epoch 154/500 step 300/610 loss 0.2745 lr 3.74e-04
[videomae] 2026-05-23T14:17:52 epoch 154/500 step 400/610 loss 0.2807 lr 3.73e-04
[videomae] 2026-05-23T14:18:28 epoch 154/500 step 500/610 loss 0.2486 lr 3.73e-04
[videomae] 2026-05-23T14:19:04 epoch 154/500 step 600/610 loss 0.2820 lr 3.73e-04
[videomae] 2026-05-23T14:19:07 epoch 154/500 avg loss 0.2663
[videomae] 2026-05-23T14:19:07 wrote trunk checkpoint -> /Data/romain.poggi/smth2smth/checkpoints/track_a/ssl/videomaev2_t4native_encoder.pt (149 tensors, EMA)
[videomae] 2026-05-23T14:19:09 wrote resume state -> /Data/romain.poggi/smth2smth/checkpoints/track_a/ssl/videomaev2_t4native_encoder.state.pt
[videomae] 2026-05-23T14:19:11 epoch 155/500 step 0/610 loss 0.2608 lr 3.73e-04
[videomae] 2026-05-23T14:19:47 epoch 155/500 step 100/610 loss 0.2609 lr 3.73e-04
[videomae] 2026-05-23T14:20:23 epoch 155/500 step 200/610 loss 0.2792 lr 3.73e-04
[videomae] 2026-05-23T14:20:59 epoch 155/500 step 300/610 loss 0.2619 lr 3.72e-04
[videomae] 2026-05-23T14:21:34 epoch 155/500 step 400/610 loss 0.2620 lr 3.72e-04
[videomae] 2026-05-23T14:22:10 epoch 155/500 step 500/610 loss 0.2620 lr 3.72e-04
[videomae] 2026-05-23T14:22:46 epoch 155/500 step 600/610 loss 0.2599 lr 3.72e-04
[videomae] 2026-05-23T14:22:49 epoch 155/500 avg loss 0.2664
[videomae] 2026-05-23T14:22:50 wrote trunk checkpoint -> /Data/romain.poggi/smth2smth/checkpoints/track_a/ssl/videomaev2_t4native_encoder.pt (149 tensors, EMA)
[videomae] 2026-05-23T14:22:51 wrote resume state -> /Data/romain.poggi/smth2smth/checkpoints/track_a/ssl/videomaev2_t4native_encoder.state.pt
[videomae] 2026-05-23T14:22:53 epoch 156/500 step 0/610 loss 0.2469 lr 3.72e-04
[videomae] 2026-05-23T14:23:29 epoch 156/500 step 100/610 loss 0.2715 lr 3.72e-04
[videomae] 2026-05-23T14:24:05 epoch 156/500 step 200/610 loss 0.2720 lr 3.71e-04
[videomae] 2026-05-23T14:24:41 epoch 156/500 step 300/610 loss 0.2737 lr 3.71e-04
[videomae] 2026-05-23T14:25:17 epoch 156/500 step 400/610 loss 0.2575 lr 3.71e-04
[videomae] 2026-05-23T14:25:53 epoch 156/500 step 500/610 loss 0.2804 lr 3.71e-04
[videomae] 2026-05-23T14:26:29 epoch 156/500 step 600/610 loss 0.2546 lr 3.71e-04
[videomae] 2026-05-23T14:26:32 epoch 156/500 avg loss 0.2661
[videomae] 2026-05-23T14:26:32 wrote trunk checkpoint -> /Data/romain.poggi/smth2smth/checkpoints/track_a/ssl/videomaev2_t4native_encoder.pt (149 tensors, EMA)
[videomae] 2026-05-23T14:26:33 wrote resume state -> /Data/romain.poggi/smth2smth/checkpoints/track_a/ssl/videomaev2_t4native_encoder.state.pt
[videomae] 2026-05-23T14:26:36 epoch 157/500 step 0/610 loss 0.2815 lr 3.71e-04
[videomae] 2026-05-23T14:27:11 epoch 157/500 step 100/610 loss 0.2593 lr 3.71e-04
[videomae] 2026-05-23T14:27:47 epoch 157/500 step 200/610 loss 0.2764 lr 3.70e-04
[videomae] 2026-05-23T14:28:23 epoch 157/500 step 300/610 loss 0.2346 lr 3.70e-04
[videomae] 2026-05-23T14:28:59 epoch 157/500 step 400/610 loss 0.2797 lr 3.70e-04
[videomae] 2026-05-23T14:29:35 epoch 157/500 step 500/610 loss 0.2619 lr 3.70e-04
[videomae] 2026-05-23T14:30:11 epoch 157/500 step 600/610 loss 0.2747 lr 3.70e-04
[videomae] 2026-05-23T14:30:14 epoch 157/500 avg loss 0.2657
[videomae] 2026-05-23T14:30:14 wrote trunk checkpoint -> /Data/romain.poggi/smth2smth/checkpoints/track_a/ssl/videomaev2_t4native_encoder.pt (149 tensors, EMA)
[videomae] 2026-05-23T14:30:16 wrote resume state -> /Data/romain.poggi/smth2smth/checkpoints/track_a/ssl/videomaev2_t4native_encoder.state.pt
[videomae] 2026-05-23T14:30:18 epoch 158/500 step 0/610 loss 0.2700 lr 3.70e-04
[videomae] 2026-05-23T14:30:54 epoch 158/500 step 100/610 loss 0.2656 lr 3.69e-04
[videomae] 2026-05-23T14:31:30 epoch 158/500 step 200/610 loss 0.2719 lr 3.69e-04
[videomae] 2026-05-23T14:32:05 epoch 158/500 step 300/610 loss 0.2683 lr 3.69e-04
[videomae] 2026-05-23T14:32:41 epoch 158/500 step 400/610 loss 0.2612 lr 3.69e-04
[videomae] 2026-05-23T14:33:17 epoch 158/500 step 500/610 loss 0.2955 lr 3.69e-04
[videomae] 2026-05-23T14:33:53 epoch 158/500 step 600/610 loss 0.2399 lr 3.68e-04
[videomae] 2026-05-23T14:33:56 epoch 158/500 avg loss 0.2652
[videomae] 2026-05-23T14:33:56 wrote trunk checkpoint -> /Data/romain.poggi/smth2smth/checkpoints/track_a/ssl/videomaev2_t4native_encoder.pt (149 tensors, EMA)
[videomae] 2026-05-23T14:33:58 wrote resume state -> /Data/romain.poggi/smth2smth/checkpoints/track_a/ssl/videomaev2_t4native_encoder.state.pt
[videomae] 2026-05-23T14:34:00 epoch 159/500 step 0/610 loss 0.2541 lr 3.68e-04
[videomae] 2026-05-23T14:34:36 epoch 159/500 step 100/610 loss 0.2560 lr 3.68e-04
[videomae] 2026-05-23T14:35:12 epoch 159/500 step 200/610 loss 0.2624 lr 3.68e-04
[videomae] 2026-05-23T14:35:48 epoch 159/500 step 300/610 loss 0.2644 lr 3.68e-04
[videomae] 2026-05-23T14:36:23 epoch 159/500 step 400/610 loss 0.2666 lr 3.68e-04
[videomae] 2026-05-23T14:36:59 epoch 159/500 step 500/610 loss 0.2470 lr 3.67e-04
[videomae] 2026-05-23T14:37:35 epoch 159/500 step 600/610 loss 0.2673 lr 3.67e-04
[videomae] 2026-05-23T14:37:39 epoch 159/500 avg loss 0.2655
[videomae] 2026-05-23T14:37:39 wrote trunk checkpoint -> /Data/romain.poggi/smth2smth/checkpoints/track_a/ssl/videomaev2_t4native_encoder.pt (149 tensors, EMA)
[videomae] 2026-05-23T14:37:40 wrote resume state -> /Data/romain.poggi/smth2smth/checkpoints/track_a/ssl/videomaev2_t4native_encoder.state.pt
[videomae] 2026-05-23T14:37:42 epoch 160/500 step 0/610 loss 0.2692 lr 3.67e-04
[videomae] 2026-05-23T14:38:18 epoch 160/500 step 100/610 loss 0.2684 lr 3.67e-04
[videomae] 2026-05-23T14:38:54 epoch 160/500 step 200/610 loss 0.2635 lr 3.67e-04
[videomae] 2026-05-23T14:39:30 epoch 160/500 step 300/610 loss 0.2872 lr 3.67e-04
[videomae] 2026-05-23T14:40:06 epoch 160/500 step 400/610 loss 0.2652 lr 3.67e-04
[videomae] 2026-05-23T14:40:42 epoch 160/500 step 500/610 loss 0.2733 lr 3.66e-04
[videomae] 2026-05-23T14:41:17 epoch 160/500 step 600/610 loss 0.2672 lr 3.66e-04
[videomae] 2026-05-23T14:41:21 epoch 160/500 avg loss 0.2651
[videomae] 2026-05-23T14:41:21 wrote trunk checkpoint -> /Data/romain.poggi/smth2smth/checkpoints/track_a/ssl/videomaev2_t4native_encoder.pt (149 tensors, EMA)
[videomae] 2026-05-23T14:41:22 wrote resume state -> /Data/romain.poggi/smth2smth/checkpoints/track_a/ssl/videomaev2_t4native_encoder.state.pt
[videomae] 2026-05-23T14:41:24 epoch 161/500 step 0/610 loss 0.2652 lr 3.66e-04
[videomae] 2026-05-23T14:42:00 epoch 161/500 step 100/610 loss 0.2898 lr 3.66e-04
[videomae] 2026-05-23T14:42:36 epoch 161/500 step 200/610 loss 0.2535 lr 3.66e-04
[videomae] 2026-05-23T14:43:12 epoch 161/500 step 300/610 loss 0.2817 lr 3.66e-04
[videomae] 2026-05-23T14:43:48 epoch 161/500 step 400/610 loss 0.2532 lr 3.65e-04
[videomae] 2026-05-23T14:44:24 epoch 161/500 step 500/610 loss 0.2683 lr 3.65e-04
[videomae] 2026-05-23T14:45:00 epoch 161/500 step 600/610 loss 0.2552 lr 3.65e-04
[videomae] 2026-05-23T14:45:03 epoch 161/500 avg loss 0.2649
[videomae] 2026-05-23T14:45:03 wrote trunk checkpoint -> /Data/romain.poggi/smth2smth/checkpoints/track_a/ssl/videomaev2_t4native_encoder.pt (149 tensors, EMA)
[videomae] 2026-05-23T14:45:05 wrote resume state -> /Data/romain.poggi/smth2smth/checkpoints/track_a/ssl/videomaev2_t4native_encoder.state.pt
[videomae] 2026-05-23T14:45:07 epoch 162/500 step 0/610 loss 0.2935 lr 3.65e-04
[videomae] 2026-05-23T14:45:43 epoch 162/500 step 100/610 loss 0.2459 lr 3.65e-04
[videomae] 2026-05-23T14:46:18 epoch 162/500 step 200/610 loss 0.2682 lr 3.65e-04
[videomae] 2026-05-23T14:46:54 epoch 162/500 step 300/610 loss 0.2681 lr 3.64e-04
[videomae] 2026-05-23T14:47:30 epoch 162/500 step 400/610 loss 0.2659 lr 3.64e-04
[videomae] 2026-05-23T14:48:06 epoch 162/500 step 500/610 loss 0.2684 lr 3.64e-04
[videomae] 2026-05-23T14:48:42 epoch 162/500 step 600/610 loss 0.2685 lr 3.64e-04
[videomae] 2026-05-23T14:48:45 epoch 162/500 avg loss 0.2647
[videomae] 2026-05-23T14:48:45 wrote trunk checkpoint -> /Data/romain.poggi/smth2smth/checkpoints/track_a/ssl/videomaev2_t4native_encoder.pt (149 tensors, EMA)
[videomae] 2026-05-23T14:48:46 wrote resume state -> /Data/romain.poggi/smth2smth/checkpoints/track_a/ssl/videomaev2_t4native_encoder.state.pt
[videomae] 2026-05-23T14:48:49 epoch 163/500 step 0/610 loss 0.2807 lr 3.64e-04
[videomae] 2026-05-23T14:49:24 epoch 163/500 step 100/610 loss 0.2479 lr 3.64e-04
[videomae] 2026-05-23T14:50:00 epoch 163/500 step 200/610 loss 0.2630 lr 3.63e-04
[videomae] 2026-05-23T14:50:36 epoch 163/500 step 300/610 loss 0.2575 lr 3.63e-04
[videomae] 2026-05-23T14:51:12 epoch 163/500 step 400/610 loss 0.2867 lr 3.63e-04
[videomae] 2026-05-23T14:51:48 epoch 163/500 step 500/610 loss 0.2531 lr 3.63e-04
[videomae] 2026-05-23T14:52:23 epoch 163/500 step 600/610 loss 0.2724 lr 3.63e-04
[videomae] 2026-05-23T14:52:27 epoch 163/500 avg loss 0.2644
[videomae] 2026-05-23T14:52:27 wrote trunk checkpoint -> /Data/romain.poggi/smth2smth/checkpoints/track_a/ssl/videomaev2_t4native_encoder.pt (149 tensors, EMA)
[videomae] 2026-05-23T14:52:28 wrote resume state -> /Data/romain.poggi/smth2smth/checkpoints/track_a/ssl/videomaev2_t4native_encoder.state.pt
[videomae] 2026-05-23T14:52:30 epoch 164/500 step 0/610 loss 0.2701 lr 3.63e-04
[videomae] 2026-05-23T14:53:06 epoch 164/500 step 100/610 loss 0.2574 lr 3.62e-04
[videomae] 2026-05-23T14:53:42 epoch 164/500 step 200/610 loss 0.2767 lr 3.62e-04
[videomae] 2026-05-23T14:54:18 epoch 164/500 step 300/610 loss 0.2681 lr 3.62e-04
[videomae] 2026-05-23T14:54:53 epoch 164/500 step 400/610 loss 0.2499 lr 3.62e-04
[videomae] 2026-05-23T14:55:29 epoch 164/500 step 500/610 loss 0.2745 lr 3.62e-04
[videomae] 2026-05-23T14:56:05 epoch 164/500 step 600/610 loss 0.2557 lr 3.61e-04
[videomae] 2026-05-23T14:56:08 epoch 164/500 avg loss 0.2643
[videomae] 2026-05-23T14:56:09 wrote trunk checkpoint -> /Data/romain.poggi/smth2smth/checkpoints/track_a/ssl/videomaev2_t4native_encoder.pt (149 tensors, EMA)
[videomae] 2026-05-23T14:56:10 wrote resume state -> /Data/romain.poggi/smth2smth/checkpoints/track_a/ssl/videomaev2_t4native_encoder.state.pt
[videomae] 2026-05-23T14:56:12 epoch 165/500 step 0/610 loss 0.2748 lr 3.61e-04
[videomae] 2026-05-23T14:56:48 epoch 165/500 step 100/610 loss 0.2649 lr 3.61e-04
[videomae] 2026-05-23T14:57:24 epoch 165/500 step 200/610 loss 0.2470 lr 3.61e-04
[videomae] 2026-05-23T14:57:59 epoch 165/500 step 300/610 loss 0.2572 lr 3.61e-04
[videomae] 2026-05-23T14:58:35 epoch 165/500 step 400/610 loss 0.2678 lr 3.61e-04
[videomae] 2026-05-23T14:59:11 epoch 165/500 step 500/610 loss 0.2501 lr 3.60e-04
[videomae] 2026-05-23T14:59:47 epoch 165/500 step 600/610 loss 0.2724 lr 3.60e-04
[videomae] 2026-05-23T14:59:50 epoch 165/500 avg loss 0.2638
[videomae] 2026-05-23T14:59:50 wrote trunk checkpoint -> /Data/romain.poggi/smth2smth/checkpoints/track_a/ssl/videomaev2_t4native_encoder.pt (149 tensors, EMA)
[videomae] 2026-05-23T14:59:51 wrote resume state -> /Data/romain.poggi/smth2smth/checkpoints/track_a/ssl/videomaev2_t4native_encoder.state.pt
[videomae] 2026-05-23T14:59:53 epoch 166/500 step 0/610 loss 0.2788 lr 3.60e-04
[videomae] 2026-05-23T15:00:29 epoch 166/500 step 100/610 loss 0.2595 lr 3.60e-04
[videomae] 2026-05-23T15:01:05 epoch 166/500 step 200/610 loss 0.2335 lr 3.60e-04
[videomae] 2026-05-23T15:01:41 epoch 166/500 step 300/610 loss 0.2798 lr 3.60e-04
[videomae] 2026-05-23T15:02:16 epoch 166/500 step 400/610 loss 0.2350 lr 3.59e-04
[videomae] 2026-05-23T15:02:52 epoch 166/500 step 500/610 loss 0.2762 lr 3.59e-04
[videomae] 2026-05-23T15:03:28 epoch 166/500 step 600/610 loss 0.2644 lr 3.59e-04
[videomae] 2026-05-23T15:03:31 epoch 166/500 avg loss 0.2639
[videomae] 2026-05-23T15:03:32 wrote trunk checkpoint -> /Data/romain.poggi/smth2smth/checkpoints/track_a/ssl/videomaev2_t4native_encoder.pt (149 tensors, EMA)
[videomae] 2026-05-23T15:03:33 wrote resume state -> /Data/romain.poggi/smth2smth/checkpoints/track_a/ssl/videomaev2_t4native_encoder.state.pt
[videomae] 2026-05-23T15:03:35 epoch 167/500 step 0/610 loss 0.2715 lr 3.59e-04
[videomae] 2026-05-23T15:04:11 epoch 167/500 step 100/610 loss 0.2598 lr 3.59e-04
[videomae] 2026-05-23T15:04:46 epoch 167/500 step 200/610 loss 0.2596 lr 3.59e-04
[videomae] 2026-05-23T15:05:22 epoch 167/500 step 300/610 loss 0.2773 lr 3.58e-04
[videomae] 2026-05-23T15:05:58 epoch 167/500 step 400/610 loss 0.2527 lr 3.58e-04
[videomae] 2026-05-23T15:06:34 epoch 167/500 step 500/610 loss 0.2856 lr 3.58e-04
[videomae] 2026-05-23T15:07:09 epoch 167/500 step 600/610 loss 0.2535 lr 3.58e-04
[videomae] 2026-05-23T15:07:13 epoch 167/500 avg loss 0.2634
[videomae] 2026-05-23T15:07:13 wrote trunk checkpoint -> /Data/romain.poggi/smth2smth/checkpoints/track_a/ssl/videomaev2_t4native_encoder.pt (149 tensors, EMA)
[videomae] 2026-05-23T15:07:14 wrote resume state -> /Data/romain.poggi/smth2smth/checkpoints/track_a/ssl/videomaev2_t4native_encoder.state.pt
[videomae] 2026-05-23T15:07:17 epoch 168/500 step 0/610 loss 0.2646 lr 3.58e-04
[videomae] 2026-05-23T15:07:53 epoch 168/500 step 100/610 loss 0.2378 lr 3.58e-04
[videomae] 2026-05-23T15:08:28 epoch 168/500 step 200/610 loss 0.2528 lr 3.57e-04
[videomae] 2026-05-23T15:09:04 epoch 168/500 step 300/610 loss 0.2497 lr 3.57e-04
[videomae] 2026-05-23T15:09:40 epoch 168/500 step 400/610 loss 0.2703 lr 3.57e-04
[videomae] 2026-05-23T15:10:16 epoch 168/500 step 500/610 loss 0.2378 lr 3.57e-04
[videomae] 2026-05-23T15:10:52 epoch 168/500 step 600/610 loss 0.2511 lr 3.57e-04
[videomae] 2026-05-23T15:10:55 epoch 168/500 avg loss 0.2632
[videomae] 2026-05-23T15:10:55 wrote trunk checkpoint -> /Data/romain.poggi/smth2smth/checkpoints/track_a/ssl/videomaev2_t4native_encoder.pt (149 tensors, EMA)
[videomae] 2026-05-23T15:10:56 wrote resume state -> /Data/romain.poggi/smth2smth/checkpoints/track_a/ssl/videomaev2_t4native_encoder.state.pt
[videomae] 2026-05-23T15:10:58 epoch 169/500 step 0/610 loss 0.2600 lr 3.57e-04
[videomae] 2026-05-23T15:11:34 epoch 169/500 step 100/610 loss 0.2539 lr 3.56e-04
[videomae] 2026-05-23T15:12:10 epoch 169/500 step 200/610 loss 0.2754 lr 3.56e-04
[videomae] 2026-05-23T15:12:46 epoch 169/500 step 300/610 loss 0.2689 lr 3.56e-04
[videomae] 2026-05-23T15:13:22 epoch 169/500 step 400/610 loss 0.2682 lr 3.56e-04
[videomae] 2026-05-23T15:13:58 epoch 169/500 step 500/610 loss 0.2653 lr 3.56e-04
[videomae] 2026-05-23T15:14:33 epoch 169/500 step 600/610 loss 0.2657 lr 3.55e-04
[videomae] 2026-05-23T15:14:37 epoch 169/500 avg loss 0.2633
[videomae] 2026-05-23T15:14:37 wrote trunk checkpoint -> /Data/romain.poggi/smth2smth/checkpoints/track_a/ssl/videomaev2_t4native_encoder.pt (149 tensors, EMA)
[videomae] 2026-05-23T15:14:38 wrote resume state -> /Data/romain.poggi/smth2smth/checkpoints/track_a/ssl/videomaev2_t4native_encoder.state.pt
[videomae] 2026-05-23T15:14:40 epoch 170/500 step 0/610 loss 0.2487 lr 3.55e-04
[videomae] 2026-05-23T15:15:16 epoch 170/500 step 100/610 loss 0.2614 lr 3.55e-04
[videomae] 2026-05-23T15:15:52 epoch 170/500 step 200/610 loss 0.2622 lr 3.55e-04
[videomae] 2026-05-23T15:16:28 epoch 170/500 step 300/610 loss 0.2499 lr 3.55e-04
[videomae] 2026-05-23T15:17:03 epoch 170/500 step 400/610 loss 0.2449 lr 3.55e-04
[videomae] 2026-05-23T15:17:39 epoch 170/500 step 500/610 loss 0.2517 lr 3.54e-04
[videomae] 2026-05-23T15:18:15 epoch 170/500 step 600/610 loss 0.2641 lr 3.54e-04
[videomae] 2026-05-23T15:18:18 epoch 170/500 avg loss 0.2628
[videomae] 2026-05-23T15:18:19 wrote trunk checkpoint -> /Data/romain.poggi/smth2smth/checkpoints/track_a/ssl/videomaev2_t4native_encoder.pt (149 tensors, EMA)
[videomae] 2026-05-23T15:18:20 wrote resume state -> /Data/romain.poggi/smth2smth/checkpoints/track_a/ssl/videomaev2_t4native_encoder.state.pt
[videomae] 2026-05-23T15:18:22 epoch 171/500 step 0/610 loss 0.2752 lr 3.54e-04
[videomae] 2026-05-23T15:18:58 epoch 171/500 step 100/610 loss 0.2565 lr 3.54e-04
[videomae] 2026-05-23T15:19:34 epoch 171/500 step 200/610 loss 0.2783 lr 3.54e-04
[videomae] 2026-05-23T15:20:09 epoch 171/500 step 300/610 loss 0.2676 lr 3.54e-04
[videomae] 2026-05-23T15:20:45 epoch 171/500 step 400/610 loss 0.2869 lr 3.53e-04
[videomae] 2026-05-23T15:21:21 epoch 171/500 step 500/610 loss 0.2564 lr 3.53e-04
[videomae] 2026-05-23T15:21:57 epoch 171/500 step 600/610 loss 0.2330 lr 3.53e-04
[videomae] 2026-05-23T15:22:00 epoch 171/500 avg loss 0.2625
[videomae] 2026-05-23T15:22:00 wrote trunk checkpoint -> /Data/romain.poggi/smth2smth/checkpoints/track_a/ssl/videomaev2_t4native_encoder.pt (149 tensors, EMA)
[videomae] 2026-05-23T15:22:02 wrote resume state -> /Data/romain.poggi/smth2smth/checkpoints/track_a/ssl/videomaev2_t4native_encoder.state.pt
[videomae] 2026-05-23T15:22:04 epoch 172/500 step 0/610 loss 0.2630 lr 3.53e-04
[videomae] 2026-05-23T15:22:40 epoch 172/500 step 100/610 loss 0.2503 lr 3.53e-04
[videomae] 2026-05-23T15:23:16 epoch 172/500 step 200/610 loss 0.2486 lr 3.53e-04
[videomae] 2026-05-23T15:23:51 epoch 172/500 step 300/610 loss 0.2544 lr 3.52e-04
[videomae] 2026-05-23T15:24:27 epoch 172/500 step 400/610 loss 0.2575 lr 3.52e-04
[videomae] 2026-05-23T15:25:03 epoch 172/500 step 500/610 loss 0.2564 lr 3.52e-04
[videomae] 2026-05-23T15:25:39 epoch 172/500 step 600/610 loss 0.2522 lr 3.52e-04
[videomae] 2026-05-23T15:25:42 epoch 172/500 avg loss 0.2624
[videomae] 2026-05-23T15:25:42 wrote trunk checkpoint -> /Data/romain.poggi/smth2smth/checkpoints/track_a/ssl/videomaev2_t4native_encoder.pt (149 tensors, EMA)
[videomae] 2026-05-23T15:25:44 wrote resume state -> /Data/romain.poggi/smth2smth/checkpoints/track_a/ssl/videomaev2_t4native_encoder.state.pt
[videomae] 2026-05-23T15:25:46 epoch 173/500 step 0/610 loss 0.2692 lr 3.52e-04
[videomae] 2026-05-23T15:26:22 epoch 173/500 step 100/610 loss 0.2601 lr 3.52e-04
[videomae] 2026-05-23T15:26:57 epoch 173/500 step 200/610 loss 0.2466 lr 3.51e-04
[videomae] 2026-05-23T15:27:33 epoch 173/500 step 300/610 loss 0.2641 lr 3.51e-04
[videomae] 2026-05-23T15:28:09 epoch 173/500 step 400/610 loss 0.2616 lr 3.51e-04
[videomae] 2026-05-23T15:28:45 epoch 173/500 step 500/610 loss 0.2680 lr 3.51e-04
[videomae] 2026-05-23T15:29:21 epoch 173/500 step 600/610 loss 0.2524 lr 3.51e-04
[videomae] 2026-05-23T15:29:24 epoch 173/500 avg loss 0.2623
[videomae] 2026-05-23T15:29:24 wrote trunk checkpoint -> /Data/romain.poggi/smth2smth/checkpoints/track_a/ssl/videomaev2_t4native_encoder.pt (149 tensors, EMA)
[videomae] 2026-05-23T15:29:26 wrote resume state -> /Data/romain.poggi/smth2smth/checkpoints/track_a/ssl/videomaev2_t4native_encoder.state.pt
[videomae] 2026-05-23T15:29:27 epoch 174/500 step 0/610 loss 0.2517 lr 3.51e-04
[videomae] 2026-05-23T15:30:03 epoch 174/500 step 100/610 loss 0.2644 lr 3.50e-04
[videomae] 2026-05-23T15:30:39 epoch 174/500 step 200/610 loss 0.2812 lr 3.50e-04
[videomae] 2026-05-23T15:31:15 epoch 174/500 step 300/610 loss 0.2620 lr 3.50e-04
[videomae] 2026-05-23T15:31:51 epoch 174/500 step 400/610 loss 0.2591 lr 3.50e-04
[videomae] 2026-05-23T15:32:27 epoch 174/500 step 500/610 loss 0.2630 lr 3.50e-04
[videomae] 2026-05-23T15:33:02 epoch 174/500 step 600/610 loss 0.2507 lr 3.49e-04
[videomae] 2026-05-23T15:33:06 epoch 174/500 avg loss 0.2622
[videomae] 2026-05-23T15:33:06 wrote trunk checkpoint -> /Data/romain.poggi/smth2smth/checkpoints/track_a/ssl/videomaev2_t4native_encoder.pt (149 tensors, EMA)
[videomae] 2026-05-23T15:33:07 wrote resume state -> /Data/romain.poggi/smth2smth/checkpoints/track_a/ssl/videomaev2_t4native_encoder.state.pt
[videomae] 2026-05-23T15:33:09 epoch 175/500 step 0/610 loss 0.2743 lr 3.49e-04
[videomae] 2026-05-23T15:33:45 epoch 175/500 step 100/610 loss 0.2565 lr 3.49e-04
[videomae] 2026-05-23T15:34:21 epoch 175/500 step 200/610 loss 0.2667 lr 3.49e-04
[videomae] 2026-05-23T15:34:57 epoch 175/500 step 300/610 loss 0.2520 lr 3.49e-04
[videomae] 2026-05-23T15:35:33 epoch 175/500 step 400/610 loss 0.2579 lr 3.48e-04
[videomae] 2026-05-23T15:36:08 epoch 175/500 step 500/610 loss 0.2579 lr 3.48e-04
[videomae] 2026-05-23T15:36:44 epoch 175/500 step 600/610 loss 0.2569 lr 3.48e-04
[videomae] 2026-05-23T15:36:48 epoch 175/500 avg loss 0.2617
[videomae] 2026-05-23T15:36:48 wrote trunk checkpoint -> /Data/romain.poggi/smth2smth/checkpoints/track_a/ssl/videomaev2_t4native_encoder.pt (149 tensors, EMA)
[videomae] 2026-05-23T15:36:49 wrote resume state -> /Data/romain.poggi/smth2smth/checkpoints/track_a/ssl/videomaev2_t4native_encoder.state.pt
[videomae] 2026-05-23T15:36:51 epoch 176/500 step 0/610 loss 0.2552 lr 3.48e-04
[videomae] 2026-05-23T15:37:27 epoch 176/500 step 100/610 loss 0.2569 lr 3.48e-04
[videomae] 2026-05-23T15:38:03 epoch 176/500 step 200/610 loss 0.2749 lr 3.48e-04
[videomae] 2026-05-23T15:38:39 epoch 176/500 step 300/610 loss 0.2618 lr 3.47e-04
[videomae] 2026-05-23T15:39:15 epoch 176/500 step 400/610 loss 0.2833 lr 3.47e-04
[videomae] 2026-05-23T15:39:50 epoch 176/500 step 500/610 loss 0.2716 lr 3.47e-04
[videomae] 2026-05-23T15:40:26 epoch 176/500 step 600/610 loss 0.2763 lr 3.47e-04
[videomae] 2026-05-23T15:40:29 epoch 176/500 avg loss 0.2617
[videomae] 2026-05-23T15:40:30 wrote trunk checkpoint -> /Data/romain.poggi/smth2smth/checkpoints/track_a/ssl/videomaev2_t4native_encoder.pt (149 tensors, EMA)
[videomae] 2026-05-23T15:40:31 wrote resume state -> /Data/romain.poggi/smth2smth/checkpoints/track_a/ssl/videomaev2_t4native_encoder.state.pt
[videomae] 2026-05-23T15:40:33 epoch 177/500 step 0/610 loss 0.2776 lr 3.47e-04
[videomae] 2026-05-23T15:41:09 epoch 177/500 step 100/610 loss 0.2605 lr 3.47e-04
[videomae] 2026-05-23T15:41:45 epoch 177/500 step 200/610 loss 0.2917 lr 3.46e-04
[videomae] 2026-05-23T15:42:21 epoch 177/500 step 300/610 loss 0.2840 lr 3.46e-04
[videomae] 2026-05-23T15:42:57 epoch 177/500 step 400/610 loss 0.2397 lr 3.46e-04
[videomae] 2026-05-23T15:43:32 epoch 177/500 step 500/610 loss 0.2619 lr 3.46e-04
[videomae] 2026-05-23T15:44:08 epoch 177/500 step 600/610 loss 0.2324 lr 3.46e-04
[videomae] 2026-05-23T15:44:11 epoch 177/500 avg loss 0.2611
[videomae] 2026-05-23T15:44:12 wrote trunk checkpoint -> /Data/romain.poggi/smth2smth/checkpoints/track_a/ssl/videomaev2_t4native_encoder.pt (149 tensors, EMA)
[videomae] 2026-05-23T15:44:13 wrote resume state -> /Data/romain.poggi/smth2smth/checkpoints/track_a/ssl/videomaev2_t4native_encoder.state.pt
[videomae] 2026-05-23T15:44:15 epoch 178/500 step 0/610 loss 0.2421 lr 3.46e-04
[videomae] 2026-05-23T15:44:51 epoch 178/500 step 100/610 loss 0.2702 lr 3.45e-04
[videomae] 2026-05-23T15:45:27 epoch 178/500 step 200/610 loss 0.2437 lr 3.45e-04
[videomae] 2026-05-23T15:46:02 epoch 178/500 step 300/610 loss 0.2370 lr 3.45e-04
[videomae] 2026-05-23T15:46:38 epoch 178/500 step 400/610 loss 0.2629 lr 3.45e-04
[videomae] 2026-05-23T15:47:14 epoch 178/500 step 500/610 loss 0.2427 lr 3.45e-04
[videomae] 2026-05-23T15:47:50 epoch 178/500 step 600/610 loss 0.2402 lr 3.44e-04
[videomae] 2026-05-23T15:47:53 epoch 178/500 avg loss 0.2614
[videomae] 2026-05-23T15:47:53 wrote trunk checkpoint -> /Data/romain.poggi/smth2smth/checkpoints/track_a/ssl/videomaev2_t4native_encoder.pt (149 tensors, EMA)
[videomae] 2026-05-23T15:47:55 wrote resume state -> /Data/romain.poggi/smth2smth/checkpoints/track_a/ssl/videomaev2_t4native_encoder.state.pt
[videomae] 2026-05-23T15:47:57 epoch 179/500 step 0/610 loss 0.2765 lr 3.44e-04
[videomae] 2026-05-23T15:48:33 epoch 179/500 step 100/610 loss 0.2510 lr 3.44e-04
[videomae] 2026-05-23T15:49:08 epoch 179/500 step 200/610 loss 0.2669 lr 3.44e-04
[videomae] 2026-05-23T15:49:44 epoch 179/500 step 300/610 loss 0.2558 lr 3.44e-04
[videomae] 2026-05-23T15:50:20 epoch 179/500 step 400/610 loss 0.2521 lr 3.43e-04
[videomae] 2026-05-23T15:50:56 epoch 179/500 step 500/610 loss 0.2610 lr 3.43e-04
[videomae] 2026-05-23T15:51:32 epoch 179/500 step 600/610 loss 0.2552 lr 3.43e-04
[videomae] 2026-05-23T15:51:35 epoch 179/500 avg loss 0.2612
[videomae] 2026-05-23T15:51:35 wrote trunk checkpoint -> /Data/romain.poggi/smth2smth/checkpoints/track_a/ssl/videomaev2_t4native_encoder.pt (149 tensors, EMA)
[videomae] 2026-05-23T15:51:36 wrote resume state -> /Data/romain.poggi/smth2smth/checkpoints/track_a/ssl/videomaev2_t4native_encoder.state.pt
[videomae] 2026-05-23T15:51:38 epoch 180/500 step 0/610 loss 0.2282 lr 3.43e-04
[videomae] 2026-05-23T15:52:14 epoch 180/500 step 100/610 loss 0.2636 lr 3.43e-04
[videomae] 2026-05-23T15:52:50 epoch 180/500 step 200/610 loss 0.2552 lr 3.43e-04
[videomae] 2026-05-23T15:53:26 epoch 180/500 step 300/610 loss 0.2879 lr 3.42e-04
[videomae] 2026-05-23T15:54:02 epoch 180/500 step 400/610 loss 0.2635 lr 3.42e-04
[videomae] 2026-05-23T15:54:38 epoch 180/500 step 500/610 loss 0.2666 lr 3.42e-04
[videomae] 2026-05-23T15:55:13 epoch 180/500 step 600/610 loss 0.2430 lr 3.42e-04
[videomae] 2026-05-23T15:55:17 epoch 180/500 avg loss 0.2610
[videomae] 2026-05-23T15:55:17 wrote trunk checkpoint -> /Data/romain.poggi/smth2smth/checkpoints/track_a/ssl/videomaev2_t4native_encoder.pt (149 tensors, EMA)
[videomae] 2026-05-23T15:55:18 wrote resume state -> /Data/romain.poggi/smth2smth/checkpoints/track_a/ssl/videomaev2_t4native_encoder.state.pt
[videomae] 2026-05-23T15:55:20 epoch 181/500 step 0/610 loss 0.2465 lr 3.42e-04
[videomae] 2026-05-23T15:55:56 epoch 181/500 step 100/610 loss 0.2629 lr 3.42e-04
[videomae] 2026-05-23T15:56:32 epoch 181/500 step 200/610 loss 0.2739 lr 3.41e-04
[videomae] 2026-05-23T15:57:08 epoch 181/500 step 300/610 loss 0.2632 lr 3.41e-04
[videomae] 2026-05-23T15:57:44 epoch 181/500 step 400/610 loss 0.2629 lr 3.41e-04
[videomae] 2026-05-23T15:58:20 epoch 181/500 step 500/610 loss 0.2551 lr 3.41e-04
[videomae] 2026-05-23T15:58:55 epoch 181/500 step 600/610 loss 0.2555 lr 3.41e-04
[videomae] 2026-05-23T15:58:59 epoch 181/500 avg loss 0.2605
[videomae] 2026-05-23T15:58:59 wrote trunk checkpoint -> /Data/romain.poggi/smth2smth/checkpoints/track_a/ssl/videomaev2_t4native_encoder.pt (149 tensors, EMA)
[videomae] 2026-05-23T15:59:00 wrote resume state -> /Data/romain.poggi/smth2smth/checkpoints/track_a/ssl/videomaev2_t4native_encoder.state.pt
[videomae] 2026-05-23T15:59:02 epoch 182/500 step 0/610 loss 0.2497 lr 3.40e-04
[videomae] 2026-05-23T15:59:38 epoch 182/500 step 100/610 loss 0.2584 lr 3.40e-04
[videomae] 2026-05-23T16:00:14 epoch 182/500 step 200/610 loss 0.2559 lr 3.40e-04
[videomae] 2026-05-23T16:00:50 epoch 182/500 step 300/610 loss 0.2580 lr 3.40e-04
[videomae] 2026-05-23T16:01:26 epoch 182/500 step 400/610 loss 0.2772 lr 3.40e-04
[videomae] 2026-05-23T16:02:01 epoch 182/500 step 500/610 loss 0.2446 lr 3.39e-04
[videomae] 2026-05-23T16:02:37 epoch 182/500 step 600/610 loss 0.2702 lr 3.39e-04
[videomae] 2026-05-23T16:02:40 epoch 182/500 avg loss 0.2605
[videomae] 2026-05-23T16:02:41 wrote trunk checkpoint -> /Data/romain.poggi/smth2smth/checkpoints/track_a/ssl/videomaev2_t4native_encoder.pt (149 tensors, EMA)
[videomae] 2026-05-23T16:02:42 wrote resume state -> /Data/romain.poggi/smth2smth/checkpoints/track_a/ssl/videomaev2_t4native_encoder.state.pt
[videomae] 2026-05-23T16:02:44 epoch 183/500 step 0/610 loss 0.2543 lr 3.39e-04
[videomae] 2026-05-23T16:03:20 epoch 183/500 step 100/610 loss 0.2309 lr 3.39e-04
[videomae] 2026-05-23T16:03:56 epoch 183/500 step 200/610 loss 0.2480 lr 3.39e-04
[videomae] 2026-05-23T16:04:32 epoch 183/500 step 300/610 loss 0.2703 lr 3.39e-04
[videomae] 2026-05-23T16:05:08 epoch 183/500 step 400/610 loss 0.2376 lr 3.38e-04
[videomae] 2026-05-23T16:05:43 epoch 183/500 step 500/610 loss 0.2674 lr 3.38e-04
[videomae] 2026-05-23T16:06:19 epoch 183/500 step 600/610 loss 0.2795 lr 3.38e-04
[videomae] 2026-05-23T16:06:22 epoch 183/500 avg loss 0.2604
[videomae] 2026-05-23T16:06:23 wrote trunk checkpoint -> /Data/romain.poggi/smth2smth/checkpoints/track_a/ssl/videomaev2_t4native_encoder.pt (149 tensors, EMA)
[videomae] 2026-05-23T16:06:24 wrote resume state -> /Data/romain.poggi/smth2smth/checkpoints/track_a/ssl/videomaev2_t4native_encoder.state.pt
[videomae] 2026-05-23T16:06:26 epoch 184/500 step 0/610 loss 0.2507 lr 3.38e-04
[videomae] 2026-05-23T16:07:02 epoch 184/500 step 100/610 loss 0.2926 lr 3.38e-04
[videomae] 2026-05-23T16:07:37 epoch 184/500 step 200/610 loss 0.2608 lr 3.38e-04
[videomae] 2026-05-23T16:08:13 epoch 184/500 step 300/610 loss 0.2411 lr 3.37e-04
[videomae] 2026-05-23T16:08:49 epoch 184/500 step 400/610 loss 0.2233 lr 3.37e-04
[videomae] 2026-05-23T16:09:25 epoch 184/500 step 500/610 loss 0.2562 lr 3.37e-04
[videomae] 2026-05-23T16:10:01 epoch 184/500 step 600/610 loss 0.2673 lr 3.37e-04
[videomae] 2026-05-23T16:10:04 epoch 184/500 avg loss 0.2601
[videomae] 2026-05-23T16:10:04 wrote trunk checkpoint -> /Data/romain.poggi/smth2smth/checkpoints/track_a/ssl/videomaev2_t4native_encoder.pt (149 tensors, EMA)
[videomae] 2026-05-23T16:10:05 wrote resume state -> /Data/romain.poggi/smth2smth/checkpoints/track_a/ssl/videomaev2_t4native_encoder.state.pt
[videomae] 2026-05-23T16:10:07 epoch 185/500 step 0/610 loss 0.2443 lr 3.37e-04
[videomae] 2026-05-23T16:10:43 epoch 185/500 step 100/610 loss 0.2602 lr 3.36e-04
[videomae] 2026-05-23T16:11:19 epoch 185/500 step 200/610 loss 0.2688 lr 3.36e-04
[videomae] 2026-05-23T16:11:55 epoch 185/500 step 300/610 loss 0.2510 lr 3.36e-04
[videomae] 2026-05-23T16:12:31 epoch 185/500 step 400/610 loss 0.2491 lr 3.36e-04
[videomae] 2026-05-23T16:13:07 epoch 185/500 step 500/610 loss 0.2811 lr 3.36e-04
[videomae] 2026-05-23T16:13:42 epoch 185/500 step 600/610 loss 0.2502 lr 3.35e-04
[videomae] 2026-05-23T16:13:46 epoch 185/500 avg loss 0.2597
[videomae] 2026-05-23T16:13:46 wrote trunk checkpoint -> /Data/romain.poggi/smth2smth/checkpoints/track_a/ssl/videomaev2_t4native_encoder.pt (149 tensors, EMA)
[videomae] 2026-05-23T16:13:47 wrote resume state -> /Data/romain.poggi/smth2smth/checkpoints/track_a/ssl/videomaev2_t4native_encoder.state.pt
[videomae] 2026-05-23T16:13:49 epoch 186/500 step 0/610 loss 0.2591 lr 3.35e-04
[videomae] 2026-05-23T16:14:25 epoch 186/500 step 100/610 loss 0.2714 lr 3.35e-04
[videomae] 2026-05-23T16:15:01 epoch 186/500 step 200/610 loss 0.2575 lr 3.35e-04
[videomae] 2026-05-23T16:15:37 epoch 186/500 step 300/610 loss 0.2834 lr 3.35e-04
[videomae] 2026-05-23T16:16:12 epoch 186/500 step 400/610 loss 0.2627 lr 3.34e-04
[videomae] 2026-05-23T16:16:48 epoch 186/500 step 500/610 loss 0.2480 lr 3.34e-04
[videomae] 2026-05-23T16:17:24 epoch 186/500 step 600/610 loss 0.2505 lr 3.34e-04
[videomae] 2026-05-23T16:17:27 epoch 186/500 avg loss 0.2595
[videomae] 2026-05-23T16:17:28 wrote trunk checkpoint -> /Data/romain.poggi/smth2smth/checkpoints/track_a/ssl/videomaev2_t4native_encoder.pt (149 tensors, EMA)
[videomae] 2026-05-23T16:17:29 wrote resume state -> /Data/romain.poggi/smth2smth/checkpoints/track_a/ssl/videomaev2_t4native_encoder.state.pt
[videomae] 2026-05-23T16:17:31 epoch 187/500 step 0/610 loss 0.2623 lr 3.34e-04
[videomae] 2026-05-23T16:18:07 epoch 187/500 step 100/610 loss 0.2672 lr 3.34e-04
[videomae] 2026-05-23T16:18:43 epoch 187/500 step 200/610 loss 0.2491 lr 3.34e-04
[videomae] 2026-05-23T16:19:19 epoch 187/500 step 300/610 loss 0.2608 lr 3.33e-04
[videomae] 2026-05-23T16:19:54 epoch 187/500 step 400/610 loss 0.2491 lr 3.33e-04
[videomae] 2026-05-23T16:20:30 epoch 187/500 step 500/610 loss 0.2795 lr 3.33e-04
[videomae] 2026-05-23T16:21:06 epoch 187/500 step 600/610 loss 0.2616 lr 3.33e-04
[videomae] 2026-05-23T16:21:09 epoch 187/500 avg loss 0.2594
[videomae] 2026-05-23T16:21:10 wrote trunk checkpoint -> /Data/romain.poggi/smth2smth/checkpoints/track_a/ssl/videomaev2_t4native_encoder.pt (149 tensors, EMA)
[videomae] 2026-05-23T16:21:11 wrote resume state -> /Data/romain.poggi/smth2smth/checkpoints/track_a/ssl/videomaev2_t4native_encoder.state.pt
[videomae] 2026-05-23T16:21:13 epoch 188/500 step 0/610 loss 0.2532 lr 3.33e-04
[videomae] 2026-05-23T16:21:49 epoch 188/500 step 100/610 loss 0.2612 lr 3.33e-04
[videomae] 2026-05-23T16:22:24 epoch 188/500 step 200/610 loss 0.2623 lr 3.32e-04
[videomae] 2026-05-23T16:23:00 epoch 188/500 step 300/610 loss 0.2556 lr 3.32e-04
[videomae] 2026-05-23T16:23:36 epoch 188/500 step 400/610 loss 0.2751 lr 3.32e-04
[videomae] 2026-05-23T16:24:12 epoch 188/500 step 500/610 loss 0.2575 lr 3.32e-04
[videomae] 2026-05-23T16:24:48 epoch 188/500 step 600/610 loss 0.2483 lr 3.31e-04
[videomae] 2026-05-23T16:24:51 epoch 188/500 avg loss 0.2593
[videomae] 2026-05-23T16:24:51 wrote trunk checkpoint -> /Data/romain.poggi/smth2smth/checkpoints/track_a/ssl/videomaev2_t4native_encoder.pt (149 tensors, EMA)
[videomae] 2026-05-23T16:24:52 wrote resume state -> /Data/romain.poggi/smth2smth/checkpoints/track_a/ssl/videomaev2_t4native_encoder.state.pt
[videomae] 2026-05-23T16:24:54 epoch 189/500 step 0/610 loss 0.2668 lr 3.31e-04
[videomae] 2026-05-23T16:25:30 epoch 189/500 step 100/610 loss 0.2909 lr 3.31e-04
[videomae] 2026-05-23T16:26:06 epoch 189/500 step 200/610 loss 0.2475 lr 3.31e-04
[videomae] 2026-05-23T16:26:42 epoch 189/500 step 300/610 loss 0.2739 lr 3.31e-04
[videomae] 2026-05-23T16:27:18 epoch 189/500 step 400/610 loss 0.2532 lr 3.31e-04
[videomae] 2026-05-23T16:27:54 epoch 189/500 step 500/610 loss 0.2566 lr 3.30e-04
[videomae] 2026-05-23T16:28:29 epoch 189/500 step 600/610 loss 0.2518 lr 3.30e-04
[videomae] 2026-05-23T16:28:33 epoch 189/500 avg loss 0.2589
[videomae] 2026-05-23T16:28:33 wrote trunk checkpoint -> /Data/romain.poggi/smth2smth/checkpoints/track_a/ssl/videomaev2_t4native_encoder.pt (149 tensors, EMA)
[videomae] 2026-05-23T16:28:34 wrote resume state -> /Data/romain.poggi/smth2smth/checkpoints/track_a/ssl/videomaev2_t4native_encoder.state.pt
[videomae] 2026-05-23T16:28:36 epoch 190/500 step 0/610 loss 0.2560 lr 3.30e-04
[videomae] 2026-05-23T16:29:12 epoch 190/500 step 100/610 loss 0.2527 lr 3.30e-04
[videomae] 2026-05-23T16:29:48 epoch 190/500 step 200/610 loss 0.2592 lr 3.30e-04
[videomae] 2026-05-23T16:30:23 epoch 190/500 step 300/610 loss 0.2808 lr 3.29e-04
[videomae] 2026-05-23T16:30:59 epoch 190/500 step 400/610 loss 0.2612 lr 3.29e-04
[videomae] 2026-05-23T16:31:35 epoch 190/500 step 500/610 loss 0.2575 lr 3.29e-04
[videomae] 2026-05-23T16:32:11 epoch 190/500 step 600/610 loss 0.2641 lr 3.29e-04
[videomae] 2026-05-23T16:32:14 epoch 190/500 avg loss 0.2590
[videomae] 2026-05-23T16:32:14 wrote trunk checkpoint -> /Data/romain.poggi/smth2smth/checkpoints/track_a/ssl/videomaev2_t4native_encoder.pt (149 tensors, EMA)
[videomae] 2026-05-23T16:32:16 wrote resume state -> /Data/romain.poggi/smth2smth/checkpoints/track_a/ssl/videomaev2_t4native_encoder.state.pt
[videomae] 2026-05-23T16:32:17 epoch 191/500 step 0/610 loss 0.2509 lr 3.29e-04
[videomae] 2026-05-23T16:32:53 epoch 191/500 step 100/610 loss 0.2462 lr 3.29e-04
[videomae] 2026-05-23T16:33:29 epoch 191/500 step 200/610 loss 0.2463 lr 3.28e-04
[videomae] 2026-05-23T16:34:05 epoch 191/500 step 300/610 loss 0.2351 lr 3.28e-04
[videomae] 2026-05-23T16:34:41 epoch 191/500 step 400/610 loss 0.2691 lr 3.28e-04
[videomae] 2026-05-23T16:35:17 epoch 191/500 step 500/610 loss 0.2835 lr 3.28e-04
[videomae] 2026-05-23T16:35:53 epoch 191/500 step 600/610 loss 0.2636 lr 3.28e-04
[videomae] 2026-05-23T16:35:56 epoch 191/500 avg loss 0.2587
[videomae] 2026-05-23T16:35:56 wrote trunk checkpoint -> /Data/romain.poggi/smth2smth/checkpoints/track_a/ssl/videomaev2_t4native_encoder.pt (149 tensors, EMA)
[videomae] 2026-05-23T16:35:57 wrote resume state -> /Data/romain.poggi/smth2smth/checkpoints/track_a/ssl/videomaev2_t4native_encoder.state.pt
[videomae] 2026-05-23T16:36:00 epoch 192/500 step 0/610 loss 0.2718 lr 3.27e-04
[videomae] 2026-05-23T16:36:36 epoch 192/500 step 100/610 loss 0.2547 lr 3.27e-04
[videomae] 2026-05-23T16:37:11 epoch 192/500 step 200/610 loss 0.2590 lr 3.27e-04
[videomae] 2026-05-23T16:37:47 epoch 192/500 step 300/610 loss 0.2530 lr 3.27e-04
[videomae] 2026-05-23T16:38:23 epoch 192/500 step 400/610 loss 0.2547 lr 3.27e-04
[videomae] 2026-05-23T16:38:59 epoch 192/500 step 500/610 loss 0.2706 lr 3.26e-04
[videomae] 2026-05-23T16:39:35 epoch 192/500 step 600/610 loss 0.2809 lr 3.26e-04
[videomae] 2026-05-23T16:39:38 epoch 192/500 avg loss 0.2587
[videomae] 2026-05-23T16:39:38 wrote trunk checkpoint -> /Data/romain.poggi/smth2smth/checkpoints/track_a/ssl/videomaev2_t4native_encoder.pt (149 tensors, EMA)
[videomae] 2026-05-23T16:39:39 wrote resume state -> /Data/romain.poggi/smth2smth/checkpoints/track_a/ssl/videomaev2_t4native_encoder.state.pt
[videomae] 2026-05-23T16:39:42 epoch 193/500 step 0/610 loss 0.2321 lr 3.26e-04
[videomae] 2026-05-23T16:40:18 epoch 193/500 step 100/610 loss 0.2520 lr 3.26e-04
[videomae] 2026-05-23T16:40:53 epoch 193/500 step 200/610 loss 0.2499 lr 3.26e-04
[videomae] 2026-05-23T16:41:29 epoch 193/500 step 300/610 loss 0.2488 lr 3.25e-04
[videomae] 2026-05-23T16:42:05 epoch 193/500 step 400/610 loss 0.2874 lr 3.25e-04
[videomae] 2026-05-23T16:42:41 epoch 193/500 step 500/610 loss 0.2803 lr 3.25e-04
[videomae] 2026-05-23T16:43:17 epoch 193/500 step 600/610 loss 0.2439 lr 3.25e-04
[videomae] 2026-05-23T16:43:20 epoch 193/500 avg loss 0.2588
[videomae] 2026-05-23T16:43:20 wrote trunk checkpoint -> /Data/romain.poggi/smth2smth/checkpoints/track_a/ssl/videomaev2_t4native_encoder.pt (149 tensors, EMA)
[videomae] 2026-05-23T16:43:21 wrote resume state -> /Data/romain.poggi/smth2smth/checkpoints/track_a/ssl/videomaev2_t4native_encoder.state.pt
[videomae] 2026-05-23T16:43:23 epoch 194/500 step 0/610 loss 0.2614 lr 3.25e-04
[videomae] 2026-05-23T16:43:59 epoch 194/500 step 100/610 loss 0.2764 lr 3.25e-04
[videomae] 2026-05-23T16:44:35 epoch 194/500 step 200/610 loss 0.2670 lr 3.24e-04
[videomae] 2026-05-23T16:45:11 epoch 194/500 step 300/610 loss 0.2578 lr 3.24e-04
[videomae] 2026-05-23T16:45:47 epoch 194/500 step 400/610 loss 0.2664 lr 3.24e-04
[videomae] 2026-05-23T16:46:22 epoch 194/500 step 500/610 loss 0.2396 lr 3.24e-04
[videomae] 2026-05-23T16:46:58 epoch 194/500 step 600/610 loss 0.2668 lr 3.24e-04
[videomae] 2026-05-23T16:47:01 epoch 194/500 avg loss 0.2581
[videomae] 2026-05-23T16:47:02 wrote trunk checkpoint -> /Data/romain.poggi/smth2smth/checkpoints/track_a/ssl/videomaev2_t4native_encoder.pt (149 tensors, EMA)
[videomae] 2026-05-23T16:47:03 wrote resume state -> /Data/romain.poggi/smth2smth/checkpoints/track_a/ssl/videomaev2_t4native_encoder.state.pt
[videomae] 2026-05-23T16:47:05 epoch 195/500 step 0/610 loss 0.2490 lr 3.23e-04
[videomae] 2026-05-23T16:47:41 epoch 195/500 step 100/610 loss 0.2436 lr 3.23e-04
[videomae] 2026-05-23T16:48:17 epoch 195/500 step 200/610 loss 0.2517 lr 3.23e-04
[videomae] 2026-05-23T16:48:53 epoch 195/500 step 300/610 loss 0.2585 lr 3.23e-04
[videomae] 2026-05-23T16:49:28 epoch 195/500 step 400/610 loss 0.2496 lr 3.23e-04
[videomae] 2026-05-23T16:50:04 epoch 195/500 step 500/610 loss 0.2587 lr 3.22e-04
[videomae] 2026-05-23T16:50:40 epoch 195/500 step 600/610 loss 0.2674 lr 3.22e-04
[videomae] 2026-05-23T16:50:43 epoch 195/500 avg loss 0.2576
[videomae] 2026-05-23T16:50:44 wrote trunk checkpoint -> /Data/romain.poggi/smth2smth/checkpoints/track_a/ssl/videomaev2_t4native_encoder.pt (149 tensors, EMA)
[videomae] 2026-05-23T16:50:45 wrote resume state -> /Data/romain.poggi/smth2smth/checkpoints/track_a/ssl/videomaev2_t4native_encoder.state.pt
[videomae] 2026-05-23T16:50:47 epoch 196/500 step 0/610 loss 0.2824 lr 3.22e-04
[videomae] 2026-05-23T16:51:23 epoch 196/500 step 100/610 loss 0.2459 lr 3.22e-04
[videomae] 2026-05-23T16:51:58 epoch 196/500 step 200/610 loss 0.2661 lr 3.22e-04
[videomae] 2026-05-23T16:52:34 epoch 196/500 step 300/610 loss 0.2627 lr 3.21e-04
[videomae] 2026-05-23T16:53:10 epoch 196/500 step 400/610 loss 0.2791 lr 3.21e-04
[videomae] 2026-05-23T16:53:46 epoch 196/500 step 500/610 loss 0.2577 lr 3.21e-04
[videomae] 2026-05-23T16:54:22 epoch 196/500 step 600/610 loss 0.2615 lr 3.21e-04
[videomae] 2026-05-23T16:54:25 epoch 196/500 avg loss 0.2577
[videomae] 2026-05-23T16:54:25 wrote trunk checkpoint -> /Data/romain.poggi/smth2smth/checkpoints/track_a/ssl/videomaev2_t4native_encoder.pt (149 tensors, EMA)
[videomae] 2026-05-23T16:54:26 wrote resume state -> /Data/romain.poggi/smth2smth/checkpoints/track_a/ssl/videomaev2_t4native_encoder.state.pt
[videomae] 2026-05-23T16:54:28 epoch 197/500 step 0/610 loss 0.2602 lr 3.21e-04
[videomae] 2026-05-23T16:55:04 epoch 197/500 step 100/610 loss 0.2299 lr 3.21e-04
[videomae] 2026-05-23T16:55:40 epoch 197/500 step 200/610 loss 0.2543 lr 3.20e-04
[videomae] 2026-05-23T16:56:16 epoch 197/500 step 300/610 loss 0.2451 lr 3.20e-04
[videomae] 2026-05-23T16:56:52 epoch 197/500 step 400/610 loss 0.2615 lr 3.20e-04
[videomae] 2026-05-23T16:57:27 epoch 197/500 step 500/610 loss 0.2515 lr 3.20e-04
[videomae] 2026-05-23T16:58:03 epoch 197/500 step 600/610 loss 0.2550 lr 3.19e-04
[videomae] 2026-05-23T16:58:06 epoch 197/500 avg loss 0.2577
[videomae] 2026-05-23T16:58:07 wrote trunk checkpoint -> /Data/romain.poggi/smth2smth/checkpoints/track_a/ssl/videomaev2_t4native_encoder.pt (149 tensors, EMA)
[videomae] 2026-05-23T16:58:08 wrote resume state -> /Data/romain.poggi/smth2smth/checkpoints/track_a/ssl/videomaev2_t4native_encoder.state.pt
[videomae] 2026-05-23T16:58:10 epoch 198/500 step 0/610 loss 0.2575 lr 3.19e-04
[videomae] 2026-05-23T16:58:46 epoch 198/500 step 100/610 loss 0.2635 lr 3.19e-04
[videomae] 2026-05-23T16:59:21 epoch 198/500 step 200/610 loss 0.2627 lr 3.19e-04
[videomae] 2026-05-23T16:59:57 epoch 198/500 step 300/610 loss 0.2644 lr 3.19e-04
[videomae] 2026-05-23T17:00:33 epoch 198/500 step 400/610 loss 0.2861 lr 3.19e-04
[videomae] 2026-05-23T17:01:09 epoch 198/500 step 500/610 loss 0.2615 lr 3.18e-04
[videomae] 2026-05-23T17:01:45 epoch 198/500 step 600/610 loss 0.2676 lr 3.18e-04
[videomae] 2026-05-23T17:01:48 epoch 198/500 avg loss 0.2576
[videomae] 2026-05-23T17:01:48 wrote trunk checkpoint -> /Data/romain.poggi/smth2smth/checkpoints/track_a/ssl/videomaev2_t4native_encoder.pt (149 tensors, EMA)
[videomae] 2026-05-23T17:01:49 wrote resume state -> /Data/romain.poggi/smth2smth/checkpoints/track_a/ssl/videomaev2_t4native_encoder.state.pt
[videomae] 2026-05-23T17:01:51 epoch 199/500 step 0/610 loss 0.2299 lr 3.18e-04
[videomae] 2026-05-23T17:02:27 epoch 199/500 step 100/610 loss 0.2586 lr 3.18e-04
[videomae] 2026-05-23T17:03:03 epoch 199/500 step 200/610 loss 0.2597 lr 3.18e-04
[videomae] 2026-05-23T17:03:39 epoch 199/500 step 300/610 loss 0.2521 lr 3.17e-04
[videomae] 2026-05-23T17:04:14 epoch 199/500 step 400/610 loss 0.2554 lr 3.17e-04
[videomae] 2026-05-23T17:04:50 epoch 199/500 step 500/610 loss 0.2531 lr 3.17e-04
[videomae] 2026-05-23T17:05:26 epoch 199/500 step 600/610 loss 0.2780 lr 3.17e-04
[videomae] 2026-05-23T17:05:29 epoch 199/500 avg loss 0.2576
[videomae] 2026-05-23T17:05:30 wrote trunk checkpoint -> /Data/romain.poggi/smth2smth/checkpoints/track_a/ssl/videomaev2_t4native_encoder.pt (149 tensors, EMA)
[videomae] 2026-05-23T17:05:31 wrote resume state -> /Data/romain.poggi/smth2smth/checkpoints/track_a/ssl/videomaev2_t4native_encoder.state.pt
[videomae] 2026-05-23T17:05:33 epoch 200/500 step 0/610 loss 0.2536 lr 3.17e-04
[videomae] 2026-05-23T17:06:09 epoch 200/500 step 100/610 loss 0.2611 lr 3.17e-04
[videomae] 2026-05-23T17:06:45 epoch 200/500 step 200/610 loss 0.2603 lr 3.16e-04
[videomae] 2026-05-23T17:07:21 epoch 200/500 step 300/610 loss 0.2578 lr 3.16e-04
[videomae] 2026-05-23T17:07:56 epoch 200/500 step 400/610 loss 0.2812 lr 3.16e-04
[videomae] 2026-05-23T17:08:32 epoch 200/500 step 500/610 loss 0.2479 lr 3.16e-04
[videomae] 2026-05-23T17:09:08 epoch 200/500 step 600/610 loss 0.2461 lr 3.15e-04
[videomae] 2026-05-23T17:09:11 epoch 200/500 avg loss 0.2569
[videomae] 2026-05-23T17:09:12 wrote trunk checkpoint -> /Data/romain.poggi/smth2smth/checkpoints/track_a/ssl/videomaev2_t4native_encoder.pt (149 tensors, EMA)
[videomae] 2026-05-23T17:09:12 wrote trunk checkpoint -> /Data/romain.poggi/smth2smth/checkpoints/track_a/ssl/videomaev2_t4native_encoder_ep200.pt (149 tensors, EMA)
[videomae] 2026-05-23T17:09:13 wrote resume state -> /Data/romain.poggi/smth2smth/checkpoints/track_a/ssl/videomaev2_t4native_encoder.state.pt
[videomae] 2026-05-23T17:09:15 epoch 201/500 step 0/610 loss 0.2532 lr 3.15e-04
[videomae] 2026-05-23T17:09:51 epoch 201/500 step 100/610 loss 0.2427 lr 3.15e-04
[videomae] 2026-05-23T17:10:27 epoch 201/500 step 200/610 loss 0.2642 lr 3.15e-04
[videomae] 2026-05-23T17:11:03 epoch 201/500 step 300/610 loss 0.2592 lr 3.15e-04
[videomae] 2026-05-23T17:11:38 epoch 201/500 step 400/610 loss 0.2695 lr 3.14e-04
[videomae] 2026-05-23T17:12:14 epoch 201/500 step 500/610 loss 0.2540 lr 3.14e-04
[videomae] 2026-05-23T17:12:50 epoch 201/500 step 600/610 loss 0.2801 lr 3.14e-04
[videomae] 2026-05-23T17:12:53 epoch 201/500 avg loss 0.2569
[videomae] 2026-05-23T17:12:54 wrote trunk checkpoint -> /Data/romain.poggi/smth2smth/checkpoints/track_a/ssl/videomaev2_t4native_encoder.pt (149 tensors, EMA)
[videomae] 2026-05-23T17:12:55 wrote resume state -> /Data/romain.poggi/smth2smth/checkpoints/track_a/ssl/videomaev2_t4native_encoder.state.pt
[videomae] 2026-05-23T17:12:57 epoch 202/500 step 0/610 loss 0.2561 lr 3.14e-04
[videomae] 2026-05-23T17:13:33 epoch 202/500 step 100/610 loss 0.2711 lr 3.14e-04
[videomae] 2026-05-23T17:14:08 epoch 202/500 step 200/610 loss 0.2477 lr 3.14e-04
[videomae] 2026-05-23T17:14:44 epoch 202/500 step 300/610 loss 0.2551 lr 3.13e-04
[videomae] 2026-05-23T17:15:20 epoch 202/500 step 400/610 loss 0.2255 lr 3.13e-04
[videomae] 2026-05-23T17:15:56 epoch 202/500 step 500/610 loss 0.2519 lr 3.13e-04
[videomae] 2026-05-23T17:16:32 epoch 202/500 step 600/610 loss 0.2702 lr 3.13e-04
[videomae] 2026-05-23T17:16:35 epoch 202/500 avg loss 0.2567
[videomae] 2026-05-23T17:16:35 wrote trunk checkpoint -> /Data/romain.poggi/smth2smth/checkpoints/track_a/ssl/videomaev2_t4native_encoder.pt (149 tensors, EMA)
[videomae] 2026-05-23T17:16:37 wrote resume state -> /Data/romain.poggi/smth2smth/checkpoints/track_a/ssl/videomaev2_t4native_encoder.state.pt
[videomae] 2026-05-23T17:16:39 epoch 203/500 step 0/610 loss 0.2687 lr 3.13e-04
[videomae] 2026-05-23T17:17:15 epoch 203/500 step 100/610 loss 0.2810 lr 3.12e-04
[videomae] 2026-05-23T17:17:50 epoch 203/500 step 200/610 loss 0.2592 lr 3.12e-04
[videomae] 2026-05-23T17:18:26 epoch 203/500 step 300/610 loss 0.2402 lr 3.12e-04
[videomae] 2026-05-23T17:19:02 epoch 203/500 step 400/610 loss 0.2105 lr 3.12e-04
[videomae] 2026-05-23T17:19:38 epoch 203/500 step 500/610 loss 0.2407 lr 3.12e-04
[videomae] 2026-05-23T17:20:14 epoch 203/500 step 600/610 loss 0.2387 lr 3.11e-04
[videomae] 2026-05-23T17:20:17 epoch 203/500 avg loss 0.2566
[videomae] 2026-05-23T17:20:17 wrote trunk checkpoint -> /Data/romain.poggi/smth2smth/checkpoints/track_a/ssl/videomaev2_t4native_encoder.pt (149 tensors, EMA)
[videomae] 2026-05-23T17:20:18 wrote resume state -> /Data/romain.poggi/smth2smth/checkpoints/track_a/ssl/videomaev2_t4native_encoder.state.pt
[videomae] 2026-05-23T17:20:21 epoch 204/500 step 0/610 loss 0.2535 lr 3.11e-04
[videomae] 2026-05-23T17:20:56 epoch 204/500 step 100/610 loss 0.2608 lr 3.11e-04
[videomae] 2026-05-23T17:21:32 epoch 204/500 step 200/610 loss 0.2705 lr 3.11e-04
[videomae] 2026-05-23T17:22:08 epoch 204/500 step 300/610 loss 0.2630 lr 3.11e-04
[videomae] 2026-05-23T17:22:44 epoch 204/500 step 400/610 loss 0.2688 lr 3.10e-04
[videomae] 2026-05-23T17:23:20 epoch 204/500 step 500/610 loss 0.2815 lr 3.10e-04
[videomae] 2026-05-23T17:23:55 epoch 204/500 step 600/610 loss 0.2679 lr 3.10e-04
[videomae] 2026-05-23T17:23:59 epoch 204/500 avg loss 0.2567
[videomae] 2026-05-23T17:23:59 wrote trunk checkpoint -> /Data/romain.poggi/smth2smth/checkpoints/track_a/ssl/videomaev2_t4native_encoder.pt (149 tensors, EMA)
[videomae] 2026-05-23T17:24:00 wrote resume state -> /Data/romain.poggi/smth2smth/checkpoints/track_a/ssl/videomaev2_t4native_encoder.state.pt
[videomae] 2026-05-23T17:24:02 epoch 205/500 step 0/610 loss 0.2482 lr 3.10e-04
[videomae] 2026-05-23T17:24:38 epoch 205/500 step 100/610 loss 0.2655 lr 3.10e-04
[videomae] 2026-05-23T17:25:14 epoch 205/500 step 200/610 loss 0.2323 lr 3.09e-04
[videomae] 2026-05-23T17:25:50 epoch 205/500 step 300/610 loss 0.2671 lr 3.09e-04
[videomae] 2026-05-23T17:26:26 epoch 205/500 step 400/610 loss 0.2618 lr 3.09e-04
[videomae] 2026-05-23T17:27:01 epoch 205/500 step 500/610 loss 0.2460 lr 3.09e-04
[videomae] 2026-05-23T17:27:37 epoch 205/500 step 600/610 loss 0.2524 lr 3.09e-04
[videomae] 2026-05-23T17:27:40 epoch 205/500 avg loss 0.2566
[videomae] 2026-05-23T17:27:41 wrote trunk checkpoint -> /Data/romain.poggi/smth2smth/checkpoints/track_a/ssl/videomaev2_t4native_encoder.pt (149 tensors, EMA)
[videomae] 2026-05-23T17:27:42 wrote resume state -> /Data/romain.poggi/smth2smth/checkpoints/track_a/ssl/videomaev2_t4native_encoder.state.pt
[videomae] 2026-05-23T17:27:44 epoch 206/500 step 0/610 loss 0.2665 lr 3.09e-04
[videomae] 2026-05-23T17:28:20 epoch 206/500 step 100/610 loss 0.2392 lr 3.08e-04
[videomae] 2026-05-23T17:28:56 epoch 206/500 step 200/610 loss 0.2529 lr 3.08e-04
[videomae] 2026-05-23T17:29:31 epoch 206/500 step 300/610 loss 0.2668 lr 3.08e-04
[videomae] 2026-05-23T17:30:07 epoch 206/500 step 400/610 loss 0.2623 lr 3.08e-04
[videomae] 2026-05-23T17:30:43 epoch 206/500 step 500/610 loss 0.2474 lr 3.07e-04
[videomae] 2026-05-23T17:31:19 epoch 206/500 step 600/610 loss 0.2586 lr 3.07e-04
[videomae] 2026-05-23T17:31:22 epoch 206/500 avg loss 0.2560
[videomae] 2026-05-23T17:31:22 wrote trunk checkpoint -> /Data/romain.poggi/smth2smth/checkpoints/track_a/ssl/videomaev2_t4native_encoder.pt (149 tensors, EMA)
[videomae] 2026-05-23T17:31:24 wrote resume state -> /Data/romain.poggi/smth2smth/checkpoints/track_a/ssl/videomaev2_t4native_encoder.state.pt
[videomae] 2026-05-23T17:31:26 epoch 207/500 step 0/610 loss 0.2466 lr 3.07e-04
[videomae] 2026-05-23T17:32:02 epoch 207/500 step 100/610 loss 0.2497 lr 3.07e-04
[videomae] 2026-05-23T17:32:38 epoch 207/500 step 200/610 loss 0.2551 lr 3.07e-04
[videomae] 2026-05-23T17:33:13 epoch 207/500 step 300/610 loss 0.2328 lr 3.06e-04
[videomae] 2026-05-23T17:33:49 epoch 207/500 step 400/610 loss 0.2565 lr 3.06e-04
[videomae] 2026-05-23T17:34:25 epoch 207/500 step 500/610 loss 0.2636 lr 3.06e-04
[videomae] 2026-05-23T17:35:01 epoch 207/500 step 600/610 loss 0.2813 lr 3.06e-04
[videomae] 2026-05-23T17:35:04 epoch 207/500 avg loss 0.2561
[videomae] 2026-05-23T17:35:04 wrote trunk checkpoint -> /Data/romain.poggi/smth2smth/checkpoints/track_a/ssl/videomaev2_t4native_encoder.pt (149 tensors, EMA)
[videomae] 2026-05-23T17:35:06 wrote resume state -> /Data/romain.poggi/smth2smth/checkpoints/track_a/ssl/videomaev2_t4native_encoder.state.pt
[videomae] 2026-05-23T17:35:07 epoch 208/500 step 0/610 loss 0.2458 lr 3.06e-04
[videomae] 2026-05-23T17:35:43 epoch 208/500 step 100/610 loss 0.2710 lr 3.06e-04
[videomae] 2026-05-23T17:36:19 epoch 208/500 step 200/610 loss 0.2713 lr 3.05e-04
[videomae] 2026-05-23T17:36:55 epoch 208/500 step 300/610 loss 0.2606 lr 3.05e-04
[videomae] 2026-05-23T17:37:31 epoch 208/500 step 400/610 loss 0.2492 lr 3.05e-04
[videomae] 2026-05-23T17:38:07 epoch 208/500 step 500/610 loss 0.2775 lr 3.05e-04
[videomae] 2026-05-23T17:38:42 epoch 208/500 step 600/610 loss 0.2452 lr 3.04e-04
[videomae] 2026-05-23T17:38:46 epoch 208/500 avg loss 0.2558
[videomae] 2026-05-23T17:38:46 wrote trunk checkpoint -> /Data/romain.poggi/smth2smth/checkpoints/track_a/ssl/videomaev2_t4native_encoder.pt (149 tensors, EMA)
[videomae] 2026-05-23T17:38:47 wrote resume state -> /Data/romain.poggi/smth2smth/checkpoints/track_a/ssl/videomaev2_t4native_encoder.state.pt
[videomae] 2026-05-23T17:38:49 epoch 209/500 step 0/610 loss 0.2539 lr 3.04e-04
[videomae] 2026-05-23T17:39:25 epoch 209/500 step 100/610 loss 0.2582 lr 3.04e-04
[videomae] 2026-05-23T17:40:01 epoch 209/500 step 200/610 loss 0.2695 lr 3.04e-04
[videomae] 2026-05-23T17:40:37 epoch 209/500 step 300/610 loss 0.2673 lr 3.04e-04
[videomae] 2026-05-23T17:41:13 epoch 209/500 step 400/610 loss 0.2483 lr 3.03e-04
[videomae] 2026-05-23T17:41:48 epoch 209/500 step 500/610 loss 0.2489 lr 3.03e-04
[videomae] 2026-05-23T17:42:24 epoch 209/500 step 600/610 loss 0.2610 lr 3.03e-04
[videomae] 2026-05-23T17:42:27 epoch 209/500 avg loss 0.2557
[videomae] 2026-05-23T17:42:28 wrote trunk checkpoint -> /Data/romain.poggi/smth2smth/checkpoints/track_a/ssl/videomaev2_t4native_encoder.pt (149 tensors, EMA)
[videomae] 2026-05-23T17:42:29 wrote resume state -> /Data/romain.poggi/smth2smth/checkpoints/track_a/ssl/videomaev2_t4native_encoder.state.pt
[videomae] 2026-05-23T17:42:31 epoch 210/500 step 0/610 loss 0.2800 lr 3.03e-04
[videomae] 2026-05-23T17:43:07 epoch 210/500 step 100/610 loss 0.2619 lr 3.03e-04
[videomae] 2026-05-23T17:43:43 epoch 210/500 step 200/610 loss 0.2489 lr 3.03e-04
[videomae] 2026-05-23T17:44:18 epoch 210/500 step 300/610 loss 0.2724 lr 3.02e-04
[videomae] 2026-05-23T17:44:54 epoch 210/500 step 400/610 loss 0.2429 lr 3.02e-04
[videomae] 2026-05-23T17:45:30 epoch 210/500 step 500/610 loss 0.2443 lr 3.02e-04
[videomae] 2026-05-23T17:46:06 epoch 210/500 step 600/610 loss 0.2677 lr 3.02e-04
[videomae] 2026-05-23T17:46:09 epoch 210/500 avg loss 0.2556
[videomae] 2026-05-23T17:46:09 wrote trunk checkpoint -> /Data/romain.poggi/smth2smth/checkpoints/track_a/ssl/videomaev2_t4native_encoder.pt (149 tensors, EMA)
[videomae] 2026-05-23T17:46:11 wrote resume state -> /Data/romain.poggi/smth2smth/checkpoints/track_a/ssl/videomaev2_t4native_encoder.state.pt
[videomae] 2026-05-23T17:46:12 epoch 211/500 step 0/610 loss 0.2637 lr 3.02e-04
[videomae] 2026-05-23T17:46:48 epoch 211/500 step 100/610 loss 0.2589 lr 3.01e-04
[videomae] 2026-05-23T17:47:24 epoch 211/500 step 200/610 loss 0.2442 lr 3.01e-04
[videomae] 2026-05-23T17:48:00 epoch 211/500 step 300/610 loss 0.2501 lr 3.01e-04
[videomae] 2026-05-23T17:48:36 epoch 211/500 step 400/610 loss 0.2512 lr 3.01e-04
[videomae] 2026-05-23T17:49:12 epoch 211/500 step 500/610 loss 0.3036 lr 3.00e-04
[videomae] 2026-05-23T17:49:48 epoch 211/500 step 600/610 loss 0.2176 lr 3.00e-04
[videomae] 2026-05-23T17:49:51 epoch 211/500 avg loss 0.2554
[videomae] 2026-05-23T17:49:51 wrote trunk checkpoint -> /Data/romain.poggi/smth2smth/checkpoints/track_a/ssl/videomaev2_t4native_encoder.pt (149 tensors, EMA)
[videomae] 2026-05-23T17:49:52 wrote resume state -> /Data/romain.poggi/smth2smth/checkpoints/track_a/ssl/videomaev2_t4native_encoder.state.pt
[videomae] 2026-05-23T17:49:54 epoch 212/500 step 0/610 loss 0.2459 lr 3.00e-04
[videomae] 2026-05-23T17:50:30 epoch 212/500 step 100/610 loss 0.2767 lr 3.00e-04
[videomae] 2026-05-23T17:51:06 epoch 212/500 step 200/610 loss 0.2200 lr 3.00e-04
[videomae] 2026-05-23T17:51:42 epoch 212/500 step 300/610 loss 0.2664 lr 2.99e-04
[videomae] 2026-05-23T17:52:18 epoch 212/500 step 400/610 loss 0.2284 lr 2.99e-04
[videomae] 2026-05-23T17:52:54 epoch 212/500 step 500/610 loss 0.2594 lr 2.99e-04
[videomae] 2026-05-23T17:53:29 epoch 212/500 step 600/610 loss 0.2452 lr 2.99e-04
[videomae] 2026-05-23T17:53:33 epoch 212/500 avg loss 0.2555
[videomae] 2026-05-23T17:53:33 wrote trunk checkpoint -> /Data/romain.poggi/smth2smth/checkpoints/track_a/ssl/videomaev2_t4native_encoder.pt (149 tensors, EMA)
[videomae] 2026-05-23T17:53:34 wrote resume state -> /Data/romain.poggi/smth2smth/checkpoints/track_a/ssl/videomaev2_t4native_encoder.state.pt
[videomae] 2026-05-23T17:53:36 epoch 213/500 step 0/610 loss 0.2613 lr 2.99e-04
[videomae] 2026-05-23T17:54:12 epoch 213/500 step 100/610 loss 0.2529 lr 2.99e-04
[videomae] 2026-05-23T17:54:48 epoch 213/500 step 200/610 loss 0.2633 lr 2.98e-04
[videomae] 2026-05-23T17:55:24 epoch 213/500 step 300/610 loss 0.2521 lr 2.98e-04
[videomae] 2026-05-23T17:55:59 epoch 213/500 step 400/610 loss 0.2465 lr 2.98e-04
[videomae] 2026-05-23T17:56:35 epoch 213/500 step 500/610 loss 0.2694 lr 2.98e-04
[videomae] 2026-05-23T17:57:11 epoch 213/500 step 600/610 loss 0.2523 lr 2.97e-04
[videomae] 2026-05-23T17:57:14 epoch 213/500 avg loss 0.2553
[videomae] 2026-05-23T17:57:15 wrote trunk checkpoint -> /Data/romain.poggi/smth2smth/checkpoints/track_a/ssl/videomaev2_t4native_encoder.pt (149 tensors, EMA)
[videomae] 2026-05-23T17:57:16 wrote resume state -> /Data/romain.poggi/smth2smth/checkpoints/track_a/ssl/videomaev2_t4native_encoder.state.pt
[videomae] 2026-05-23T17:57:18 epoch 214/500 step 0/610 loss 0.2538 lr 2.97e-04
[videomae] 2026-05-23T17:57:54 epoch 214/500 step 100/610 loss 0.2569 lr 2.97e-04
[videomae] 2026-05-23T17:58:30 epoch 214/500 step 200/610 loss 0.2736 lr 2.97e-04
[videomae] 2026-05-23T17:59:05 epoch 214/500 step 300/610 loss 0.2588 lr 2.97e-04
[videomae] 2026-05-23T17:59:41 epoch 214/500 step 400/610 loss 0.2528 lr 2.96e-04
[videomae] 2026-05-23T18:00:17 epoch 214/500 step 500/610 loss 0.2654 lr 2.96e-04
[videomae] 2026-05-23T18:00:53 epoch 214/500 step 600/610 loss 0.2607 lr 2.96e-04
[videomae] 2026-05-23T18:00:56 epoch 214/500 avg loss 0.2553
[videomae] 2026-05-23T18:00:56 wrote trunk checkpoint -> /Data/romain.poggi/smth2smth/checkpoints/track_a/ssl/videomaev2_t4native_encoder.pt (149 tensors, EMA)
[videomae] 2026-05-23T18:00:58 wrote resume state -> /Data/romain.poggi/smth2smth/checkpoints/track_a/ssl/videomaev2_t4native_encoder.state.pt
[videomae] 2026-05-23T18:01:00 epoch 215/500 step 0/610 loss 0.2732 lr 2.96e-04
[videomae] 2026-05-23T18:01:36 epoch 215/500 step 100/610 loss 0.2536 lr 2.96e-04
[videomae] 2026-05-23T18:02:11 epoch 215/500 step 200/610 loss 0.2731 lr 2.95e-04
[videomae] 2026-05-23T18:02:47 epoch 215/500 step 300/610 loss 0.2406 lr 2.95e-04
[videomae] 2026-05-23T18:03:23 epoch 215/500 step 400/610 loss 0.2728 lr 2.95e-04
[videomae] 2026-05-23T18:03:59 epoch 215/500 step 500/610 loss 0.2500 lr 2.95e-04
[videomae] 2026-05-23T18:04:35 epoch 215/500 step 600/610 loss 0.2868 lr 2.95e-04
[videomae] 2026-05-23T18:04:38 epoch 215/500 avg loss 0.2550
[videomae] 2026-05-23T18:04:38 wrote trunk checkpoint -> /Data/romain.poggi/smth2smth/checkpoints/track_a/ssl/videomaev2_t4native_encoder.pt (149 tensors, EMA)
[videomae] 2026-05-23T18:04:39 wrote resume state -> /Data/romain.poggi/smth2smth/checkpoints/track_a/ssl/videomaev2_t4native_encoder.state.pt
[videomae] 2026-05-23T18:04:41 epoch 216/500 step 0/610 loss 0.2655 lr 2.95e-04
[videomae] 2026-05-23T18:05:17 epoch 216/500 step 100/610 loss 0.2363 lr 2.94e-04
[videomae] 2026-05-23T18:05:53 epoch 216/500 step 200/610 loss 0.2407 lr 2.94e-04
[videomae] 2026-05-23T18:06:29 epoch 216/500 step 300/610 loss 0.2631 lr 2.94e-04
[videomae] 2026-05-23T18:07:05 epoch 216/500 step 400/610 loss 0.2764 lr 2.94e-04
[videomae] 2026-05-23T18:07:41 epoch 216/500 step 500/610 loss 0.2519 lr 2.93e-04
[videomae] 2026-05-23T18:08:16 epoch 216/500 step 600/610 loss 0.2672 lr 2.93e-04
[videomae] 2026-05-23T18:08:20 epoch 216/500 avg loss 0.2547
[videomae] 2026-05-23T18:08:20 wrote trunk checkpoint -> /Data/romain.poggi/smth2smth/checkpoints/track_a/ssl/videomaev2_t4native_encoder.pt (149 tensors, EMA)
[videomae] 2026-05-23T18:08:21 wrote resume state -> /Data/romain.poggi/smth2smth/checkpoints/track_a/ssl/videomaev2_t4native_encoder.state.pt
[videomae] 2026-05-23T18:08:23 epoch 217/500 step 0/610 loss 0.2552 lr 2.93e-04
[videomae] 2026-05-23T18:08:59 epoch 217/500 step 100/610 loss 0.2469 lr 2.93e-04
[videomae] 2026-05-23T18:09:35 epoch 217/500 step 200/610 loss 0.2530 lr 2.93e-04
[videomae] 2026-05-23T18:10:11 epoch 217/500 step 300/610 loss 0.2584 lr 2.92e-04
[videomae] 2026-05-23T18:10:46 epoch 217/500 step 400/610 loss 0.2423 lr 2.92e-04
[videomae] 2026-05-23T18:11:22 epoch 217/500 step 500/610 loss 0.2738 lr 2.92e-04
[videomae] 2026-05-23T18:11:58 epoch 217/500 step 600/610 loss 0.2565 lr 2.92e-04
[videomae] 2026-05-23T18:12:01 epoch 217/500 avg loss 0.2547
[videomae] 2026-05-23T18:12:02 wrote trunk checkpoint -> /Data/romain.poggi/smth2smth/checkpoints/track_a/ssl/videomaev2_t4native_encoder.pt (149 tensors, EMA)
[videomae] 2026-05-23T18:12:03 wrote resume state -> /Data/romain.poggi/smth2smth/checkpoints/track_a/ssl/videomaev2_t4native_encoder.state.pt
[videomae] 2026-05-23T18:12:05 epoch 218/500 step 0/610 loss 0.2535 lr 2.92e-04
[videomae] 2026-05-23T18:12:41 epoch 218/500 step 100/610 loss 0.2442 lr 2.91e-04
[videomae] 2026-05-23T18:13:16 epoch 218/500 step 200/610 loss 0.2516 lr 2.91e-04
[videomae] 2026-05-23T18:13:52 epoch 218/500 step 300/610 loss 0.2643 lr 2.91e-04
[videomae] 2026-05-23T18:14:28 epoch 218/500 step 400/610 loss 0.2677 lr 2.91e-04
[videomae] 2026-05-23T18:15:04 epoch 218/500 step 500/610 loss 0.2607 lr 2.91e-04
[videomae] 2026-05-23T18:15:40 epoch 218/500 step 600/610 loss 0.2239 lr 2.90e-04
[videomae] 2026-05-23T18:15:43 epoch 218/500 avg loss 0.2544
[videomae] 2026-05-23T18:15:43 wrote trunk checkpoint -> /Data/romain.poggi/smth2smth/checkpoints/track_a/ssl/videomaev2_t4native_encoder.pt (149 tensors, EMA)
[videomae] 2026-05-23T18:15:44 wrote resume state -> /Data/romain.poggi/smth2smth/checkpoints/track_a/ssl/videomaev2_t4native_encoder.state.pt
[videomae] 2026-05-23T18:15:47 epoch 219/500 step 0/610 loss 0.2781 lr 2.90e-04
[videomae] 2026-05-23T18:16:23 epoch 219/500 step 100/610 loss 0.2351 lr 2.90e-04
[videomae] 2026-05-23T18:16:58 epoch 219/500 step 200/610 loss 0.2471 lr 2.90e-04
[videomae] 2026-05-23T18:17:34 epoch 219/500 step 300/610 loss 0.2410 lr 2.90e-04
[videomae] 2026-05-23T18:18:10 epoch 219/500 step 400/610 loss 0.2470 lr 2.89e-04
[videomae] 2026-05-23T18:18:46 epoch 219/500 step 500/610 loss 0.2768 lr 2.89e-04
[videomae] 2026-05-23T18:19:22 epoch 219/500 step 600/610 loss 0.2709 lr 2.89e-04
[videomae] 2026-05-23T18:19:25 epoch 219/500 avg loss 0.2544
[videomae] 2026-05-23T18:19:25 wrote trunk checkpoint -> /Data/romain.poggi/smth2smth/checkpoints/track_a/ssl/videomaev2_t4native_encoder.pt (149 tensors, EMA)
[videomae] 2026-05-23T18:19:26 wrote resume state -> /Data/romain.poggi/smth2smth/checkpoints/track_a/ssl/videomaev2_t4native_encoder.state.pt
[videomae] 2026-05-23T18:19:28 epoch 220/500 step 0/610 loss 0.2665 lr 2.89e-04
[videomae] 2026-05-23T18:20:04 epoch 220/500 step 100/610 loss 0.2629 lr 2.89e-04
[videomae] 2026-05-23T18:20:40 epoch 220/500 step 200/610 loss 0.2754 lr 2.88e-04
[videomae] 2026-05-23T18:21:16 epoch 220/500 step 300/610 loss 0.2765 lr 2.88e-04
[videomae] 2026-05-23T18:21:52 epoch 220/500 step 400/610 loss 0.2609 lr 2.88e-04
[videomae] 2026-05-23T18:22:28 epoch 220/500 step 500/610 loss 0.2573 lr 2.88e-04
[videomae] 2026-05-23T18:23:03 epoch 220/500 step 600/610 loss 0.2441 lr 2.87e-04
[videomae] 2026-05-23T18:23:07 epoch 220/500 avg loss 0.2544
[videomae] 2026-05-23T18:23:07 wrote trunk checkpoint -> /Data/romain.poggi/smth2smth/checkpoints/track_a/ssl/videomaev2_t4native_encoder.pt (149 tensors, EMA)
[videomae] 2026-05-23T18:23:08 wrote resume state -> /Data/romain.poggi/smth2smth/checkpoints/track_a/ssl/videomaev2_t4native_encoder.state.pt
[videomae] 2026-05-23T18:23:10 epoch 221/500 step 0/610 loss 0.2309 lr 2.87e-04
[videomae] 2026-05-23T18:23:46 epoch 221/500 step 100/610 loss 0.2569 lr 2.87e-04
[videomae] 2026-05-23T18:24:22 epoch 221/500 step 200/610 loss 0.2594 lr 2.87e-04
[videomae] 2026-05-23T18:24:58 epoch 221/500 step 300/610 loss 0.2431 lr 2.87e-04
[videomae] 2026-05-23T18:25:34 epoch 221/500 step 400/610 loss 0.2468 lr 2.86e-04
[videomae] 2026-05-23T18:26:09 epoch 221/500 step 500/610 loss 0.2318 lr 2.86e-04
[videomae] 2026-05-23T18:26:45 epoch 221/500 step 600/610 loss 0.2411 lr 2.86e-04
[videomae] 2026-05-23T18:26:48 epoch 221/500 avg loss 0.2541
[videomae] 2026-05-23T18:26:49 wrote trunk checkpoint -> /Data/romain.poggi/smth2smth/checkpoints/track_a/ssl/videomaev2_t4native_encoder.pt (149 tensors, EMA)
[videomae] 2026-05-23T18:26:50 wrote resume state -> /Data/romain.poggi/smth2smth/checkpoints/track_a/ssl/videomaev2_t4native_encoder.state.pt
[videomae] 2026-05-23T18:26:52 epoch 222/500 step 0/610 loss 0.2413 lr 2.86e-04
[videomae] 2026-05-23T18:27:28 epoch 222/500 step 100/610 loss 0.2440 lr 2.86e-04
[videomae] 2026-05-23T18:28:04 epoch 222/500 step 200/610 loss 0.2455 lr 2.86e-04
[videomae] 2026-05-23T18:28:39 epoch 222/500 step 300/610 loss 0.2663 lr 2.85e-04
[videomae] 2026-05-23T18:29:15 epoch 222/500 step 400/610 loss 0.2576 lr 2.85e-04
[videomae] 2026-05-23T18:29:51 epoch 222/500 step 500/610 loss 0.2536 lr 2.85e-04
[videomae] 2026-05-23T18:30:27 epoch 222/500 step 600/610 loss 0.2543 lr 2.85e-04
[videomae] 2026-05-23T18:30:30 epoch 222/500 avg loss 0.2541
[videomae] 2026-05-23T18:30:30 wrote trunk checkpoint -> /Data/romain.poggi/smth2smth/checkpoints/track_a/ssl/videomaev2_t4native_encoder.pt (149 tensors, EMA)
[videomae] 2026-05-23T18:30:32 wrote resume state -> /Data/romain.poggi/smth2smth/checkpoints/track_a/ssl/videomaev2_t4native_encoder.state.pt
[videomae] 2026-05-23T18:30:34 epoch 223/500 step 0/610 loss 0.2676 lr 2.85e-04
[videomae] 2026-05-23T18:31:10 epoch 223/500 step 100/610 loss 0.2429 lr 2.84e-04
[videomae] 2026-05-23T18:31:46 epoch 223/500 step 200/610 loss 0.2381 lr 2.84e-04
[videomae] 2026-05-23T18:32:21 epoch 223/500 step 300/610 loss 0.2593 lr 2.84e-04
[videomae] 2026-05-23T18:32:57 epoch 223/500 step 400/610 loss 0.2468 lr 2.84e-04
[videomae] 2026-05-23T18:33:33 epoch 223/500 step 500/610 loss 0.2624 lr 2.83e-04
[videomae] 2026-05-23T18:34:09 epoch 223/500 step 600/610 loss 0.2318 lr 2.83e-04
[videomae] 2026-05-23T18:34:12 epoch 223/500 avg loss 0.2539
[videomae] 2026-05-23T18:34:12 wrote trunk checkpoint -> /Data/romain.poggi/smth2smth/checkpoints/track_a/ssl/videomaev2_t4native_encoder.pt (149 tensors, EMA)
[videomae] 2026-05-23T18:34:14 wrote resume state -> /Data/romain.poggi/smth2smth/checkpoints/track_a/ssl/videomaev2_t4native_encoder.state.pt
[videomae] 2026-05-23T18:34:16 epoch 224/500 step 0/610 loss 0.2584 lr 2.83e-04
[videomae] 2026-05-23T18:34:52 epoch 224/500 step 100/610 loss 0.2487 lr 2.83e-04
[videomae] 2026-05-23T18:35:28 epoch 224/500 step 200/610 loss 0.2499 lr 2.83e-04
[videomae] 2026-05-23T18:36:03 epoch 224/500 step 300/610 loss 0.2623 lr 2.82e-04
[videomae] 2026-05-23T18:36:39 epoch 224/500 step 400/610 loss 0.2603 lr 2.82e-04
[videomae] 2026-05-23T18:37:15 epoch 224/500 step 500/610 loss 0.2322 lr 2.82e-04
[videomae] 2026-05-23T18:37:51 epoch 224/500 step 600/610 loss 0.2466 lr 2.82e-04
[videomae] 2026-05-23T18:37:54 epoch 224/500 avg loss 0.2540
[videomae] 2026-05-23T18:37:54 wrote trunk checkpoint -> /Data/romain.poggi/smth2smth/checkpoints/track_a/ssl/videomaev2_t4native_encoder.pt (149 tensors, EMA)
[videomae] 2026-05-23T18:37:56 wrote resume state -> /Data/romain.poggi/smth2smth/checkpoints/track_a/ssl/videomaev2_t4native_encoder.state.pt
[videomae] 2026-05-23T18:37:57 epoch 225/500 step 0/610 loss 0.2512 lr 2.82e-04
[videomae] 2026-05-23T18:38:33 epoch 225/500 step 100/610 loss 0.2586 lr 2.81e-04
[videomae] 2026-05-23T18:39:09 epoch 225/500 step 200/610 loss 0.2531 lr 2.81e-04
[videomae] 2026-05-23T18:39:45 epoch 225/500 step 300/610 loss 0.2533 lr 2.81e-04
[videomae] 2026-05-23T18:40:21 epoch 225/500 step 400/610 loss 0.2674 lr 2.81e-04
[videomae] 2026-05-23T18:40:57 epoch 225/500 step 500/610 loss 0.2345 lr 2.80e-04
[videomae] 2026-05-23T18:41:32 epoch 225/500 step 600/610 loss 0.2606 lr 2.80e-04
[videomae] 2026-05-23T18:41:36 epoch 225/500 avg loss 0.2538
[videomae] 2026-05-23T18:41:36 wrote trunk checkpoint -> /Data/romain.poggi/smth2smth/checkpoints/track_a/ssl/videomaev2_t4native_encoder.pt (149 tensors, EMA)
[videomae] 2026-05-23T18:41:37 wrote resume state -> /Data/romain.poggi/smth2smth/checkpoints/track_a/ssl/videomaev2_t4native_encoder.state.pt
[videomae] 2026-05-23T18:41:39 epoch 226/500 step 0/610 loss 0.2365 lr 2.80e-04
[videomae] 2026-05-23T18:42:15 epoch 226/500 step 100/610 loss 0.2767 lr 2.80e-04
[videomae] 2026-05-23T18:42:51 epoch 226/500 step 200/610 loss 0.2522 lr 2.80e-04
[videomae] 2026-05-23T18:43:27 epoch 226/500 step 300/610 loss 0.2597 lr 2.80e-04
[videomae] 2026-05-23T18:44:03 epoch 226/500 step 400/610 loss 0.2482 lr 2.79e-04
[videomae] 2026-05-23T18:44:38 epoch 226/500 step 500/610 loss 0.2473 lr 2.79e-04
[videomae] 2026-05-23T18:45:14 epoch 226/500 step 600/610 loss 0.2609 lr 2.79e-04
[videomae] 2026-05-23T18:45:17 epoch 226/500 avg loss 0.2536
[videomae] 2026-05-23T18:45:18 wrote trunk checkpoint -> /Data/romain.poggi/smth2smth/checkpoints/track_a/ssl/videomaev2_t4native_encoder.pt (149 tensors, EMA)
[videomae] 2026-05-23T18:45:19 wrote resume state -> /Data/romain.poggi/smth2smth/checkpoints/track_a/ssl/videomaev2_t4native_encoder.state.pt
[videomae] 2026-05-23T18:45:21 epoch 227/500 step 0/610 loss 0.2836 lr 2.79e-04
[videomae] 2026-05-23T18:45:57 epoch 227/500 step 100/610 loss 0.2593 lr 2.79e-04
[videomae] 2026-05-23T18:46:33 epoch 227/500 step 200/610 loss 0.2537 lr 2.78e-04
[videomae] 2026-05-23T18:47:09 epoch 227/500 step 300/610 loss 0.2477 lr 2.78e-04
[videomae] 2026-05-23T18:47:45 epoch 227/500 step 400/610 loss 0.2446 lr 2.78e-04
[videomae] 2026-05-23T18:48:20 epoch 227/500 step 500/610 loss 0.2485 lr 2.78e-04
[videomae] 2026-05-23T18:48:56 epoch 227/500 step 600/610 loss 0.2447 lr 2.77e-04
[videomae] 2026-05-23T18:48:59 epoch 227/500 avg loss 0.2535
[videomae] 2026-05-23T18:49:00 wrote trunk checkpoint -> /Data/romain.poggi/smth2smth/checkpoints/track_a/ssl/videomaev2_t4native_encoder.pt (149 tensors, EMA)
[videomae] 2026-05-23T18:49:01 wrote resume state -> /Data/romain.poggi/smth2smth/checkpoints/track_a/ssl/videomaev2_t4native_encoder.state.pt
[videomae] 2026-05-23T18:49:03 epoch 228/500 step 0/610 loss 0.2111 lr 2.77e-04
[videomae] 2026-05-23T18:49:39 epoch 228/500 step 100/610 loss 0.2558 lr 2.77e-04
[videomae] 2026-05-23T18:50:15 epoch 228/500 step 200/610 loss 0.2730 lr 2.77e-04
[videomae] 2026-05-23T18:50:51 epoch 228/500 step 300/610 loss 0.2357 lr 2.77e-04
[videomae] 2026-05-23T18:51:27 epoch 228/500 step 400/610 loss 0.2488 lr 2.76e-04
[videomae] 2026-05-23T18:52:03 epoch 228/500 step 500/610 loss 0.2558 lr 2.76e-04
[videomae] 2026-05-23T18:52:38 epoch 228/500 step 600/610 loss 0.2438 lr 2.76e-04
[videomae] 2026-05-23T18:52:42 epoch 228/500 avg loss 0.2539
[videomae] 2026-05-23T18:52:42 wrote trunk checkpoint -> /Data/romain.poggi/smth2smth/checkpoints/track_a/ssl/videomaev2_t4native_encoder.pt (149 tensors, EMA)
[videomae] 2026-05-23T18:52:43 wrote resume state -> /Data/romain.poggi/smth2smth/checkpoints/track_a/ssl/videomaev2_t4native_encoder.state.pt
[videomae] 2026-05-23T18:52:45 epoch 229/500 step 0/610 loss 0.2590 lr 2.76e-04
[videomae] 2026-05-23T18:53:21 epoch 229/500 step 100/610 loss 0.2410 lr 2.76e-04
[videomae] 2026-05-23T18:53:57 epoch 229/500 step 200/610 loss 0.2347 lr 2.75e-04
[videomae] 2026-05-23T18:54:33 epoch 229/500 step 300/610 loss 0.2655 lr 2.75e-04
[videomae] 2026-05-23T18:55:08 epoch 229/500 step 400/610 loss 0.2461 lr 2.75e-04
[videomae] 2026-05-23T18:55:44 epoch 229/500 step 500/610 loss 0.2832 lr 2.75e-04
[videomae] 2026-05-23T18:56:20 epoch 229/500 step 600/610 loss 0.2585 lr 2.74e-04
[videomae] 2026-05-23T18:56:23 epoch 229/500 avg loss 0.2535
[videomae] 2026-05-23T18:56:24 wrote trunk checkpoint -> /Data/romain.poggi/smth2smth/checkpoints/track_a/ssl/videomaev2_t4native_encoder.pt (149 tensors, EMA)
[videomae] 2026-05-23T18:56:25 wrote resume state -> /Data/romain.poggi/smth2smth/checkpoints/track_a/ssl/videomaev2_t4native_encoder.state.pt
[videomae] 2026-05-23T18:56:27 epoch 230/500 step 0/610 loss 0.2504 lr 2.74e-04
[videomae] 2026-05-23T18:57:03 epoch 230/500 step 100/610 loss 0.2625 lr 2.74e-04
[videomae] 2026-05-23T18:57:39 epoch 230/500 step 200/610 loss 0.2517 lr 2.74e-04
[videomae] 2026-05-23T18:58:14 epoch 230/500 step 300/610 loss 0.2536 lr 2.74e-04
[videomae] 2026-05-23T18:58:50 epoch 230/500 step 400/610 loss 0.2656 lr 2.73e-04
[videomae] 2026-05-23T18:59:26 epoch 230/500 step 500/610 loss 0.2550 lr 2.73e-04
[videomae] 2026-05-23T19:00:02 epoch 230/500 step 600/610 loss 0.2612 lr 2.73e-04
[videomae] 2026-05-23T19:00:05 epoch 230/500 avg loss 0.2537
[videomae] 2026-05-23T19:00:05 wrote trunk checkpoint -> /Data/romain.poggi/smth2smth/checkpoints/track_a/ssl/videomaev2_t4native_encoder.pt (149 tensors, EMA)
[videomae] 2026-05-23T19:00:07 wrote resume state -> /Data/romain.poggi/smth2smth/checkpoints/track_a/ssl/videomaev2_t4native_encoder.state.pt
[videomae] 2026-05-23T19:00:09 epoch 231/500 step 0/610 loss 0.2402 lr 2.73e-04
[videomae] 2026-05-23T19:00:45 epoch 231/500 step 100/610 loss 0.2662 lr 2.73e-04
[videomae] 2026-05-23T19:01:20 epoch 231/500 step 200/610 loss 0.2611 lr 2.73e-04
[videomae] 2026-05-23T19:01:56 epoch 231/500 step 300/610 loss 0.2416 lr 2.72e-04
[videomae] 2026-05-23T19:02:32 epoch 231/500 step 400/610 loss 0.2580 lr 2.72e-04
[videomae] 2026-05-23T19:03:08 epoch 231/500 step 500/610 loss 0.2658 lr 2.72e-04
[videomae] 2026-05-23T19:03:44 epoch 231/500 step 600/610 loss 0.2410 lr 2.72e-04
[videomae] 2026-05-23T19:03:47 epoch 231/500 avg loss 0.2536
[videomae] 2026-05-23T19:03:47 wrote trunk checkpoint -> /Data/romain.poggi/smth2smth/checkpoints/track_a/ssl/videomaev2_t4native_encoder.pt (149 tensors, EMA)
[videomae] 2026-05-23T19:03:48 wrote resume state -> /Data/romain.poggi/smth2smth/checkpoints/track_a/ssl/videomaev2_t4native_encoder.state.pt
[videomae] 2026-05-23T19:03:50 epoch 232/500 step 0/610 loss 0.2449 lr 2.72e-04
[videomae] 2026-05-23T19:04:26 epoch 232/500 step 100/610 loss 0.2452 lr 2.71e-04
[videomae] 2026-05-23T19:05:02 epoch 232/500 step 200/610 loss 0.2753 lr 2.71e-04
[videomae] 2026-05-23T19:05:38 epoch 232/500 step 300/610 loss 0.2669 lr 2.71e-04
[videomae] 2026-05-23T19:06:14 epoch 232/500 step 400/610 loss 0.2323 lr 2.71e-04
[videomae] 2026-05-23T19:06:49 epoch 232/500 step 500/610 loss 0.2573 lr 2.70e-04
[videomae] 2026-05-23T19:07:25 epoch 232/500 step 600/610 loss 0.2651 lr 2.70e-04
[videomae] 2026-05-23T19:07:29 epoch 232/500 avg loss 0.2534
[videomae] 2026-05-23T19:07:29 wrote trunk checkpoint -> /Data/romain.poggi/smth2smth/checkpoints/track_a/ssl/videomaev2_t4native_encoder.pt (149 tensors, EMA)
[videomae] 2026-05-23T19:07:30 wrote resume state -> /Data/romain.poggi/smth2smth/checkpoints/track_a/ssl/videomaev2_t4native_encoder.state.pt
[videomae] 2026-05-23T19:07:32 epoch 233/500 step 0/610 loss 0.2364 lr 2.70e-04
[videomae] 2026-05-23T19:08:08 epoch 233/500 step 100/610 loss 0.2284 lr 2.70e-04
[videomae] 2026-05-23T19:08:44 epoch 233/500 step 200/610 loss 0.2804 lr 2.70e-04
[videomae] 2026-05-23T19:09:20 epoch 233/500 step 300/610 loss 0.2840 lr 2.69e-04
[videomae] 2026-05-23T19:09:55 epoch 233/500 step 400/610 loss 0.2816 lr 2.69e-04
[videomae] 2026-05-23T19:10:31 epoch 233/500 step 500/610 loss 0.2690 lr 2.69e-04
[videomae] 2026-05-23T19:11:07 epoch 233/500 step 600/610 loss 0.2598 lr 2.69e-04
[videomae] 2026-05-23T19:11:10 epoch 233/500 avg loss 0.2532
[videomae] 2026-05-23T19:11:10 wrote trunk checkpoint -> /Data/romain.poggi/smth2smth/checkpoints/track_a/ssl/videomaev2_t4native_encoder.pt (149 tensors, EMA)
[videomae] 2026-05-23T19:11:12 wrote resume state -> /Data/romain.poggi/smth2smth/checkpoints/track_a/ssl/videomaev2_t4native_encoder.state.pt
[videomae] 2026-05-23T19:11:14 epoch 234/500 step 0/610 loss 0.2389 lr 2.69e-04
[videomae] 2026-05-23T19:11:50 epoch 234/500 step 100/610 loss 0.2536 lr 2.68e-04
[videomae] 2026-05-23T19:12:25 epoch 234/500 step 200/610 loss 0.2749 lr 2.68e-04
[videomae] 2026-05-23T19:13:01 epoch 234/500 step 300/610 loss 0.2600 lr 2.68e-04
[videomae] 2026-05-23T19:13:37 epoch 234/500 step 400/610 loss 0.2887 lr 2.68e-04
[videomae] 2026-05-23T19:14:13 epoch 234/500 step 500/610 loss 0.2579 lr 2.67e-04
[videomae] 2026-05-23T19:14:49 epoch 234/500 step 600/610 loss 0.2391 lr 2.67e-04
[videomae] 2026-05-23T19:14:52 epoch 234/500 avg loss 0.2532
[videomae] 2026-05-23T19:14:52 wrote trunk checkpoint -> /Data/romain.poggi/smth2smth/checkpoints/track_a/ssl/videomaev2_t4native_encoder.pt (149 tensors, EMA)
[videomae] 2026-05-23T19:14:53 wrote resume state -> /Data/romain.poggi/smth2smth/checkpoints/track_a/ssl/videomaev2_t4native_encoder.state.pt
[videomae] 2026-05-23T19:14:55 epoch 235/500 step 0/610 loss 0.2279 lr 2.67e-04
[videomae] 2026-05-23T19:15:31 epoch 235/500 step 100/610 loss 0.2309 lr 2.67e-04
[videomae] 2026-05-23T19:16:07 epoch 235/500 step 200/610 loss 0.2324 lr 2.67e-04
[videomae] 2026-05-23T19:16:43 epoch 235/500 step 300/610 loss 0.2393 lr 2.66e-04
[videomae] 2026-05-23T19:17:18 epoch 235/500 step 400/610 loss 0.2531 lr 2.66e-04
[videomae] 2026-05-23T19:17:54 epoch 235/500 step 500/610 loss 0.2355 lr 2.66e-04
[videomae] 2026-05-23T19:18:30 epoch 235/500 step 600/610 loss 0.2565 lr 2.66e-04
[videomae] 2026-05-23T19:18:33 epoch 235/500 avg loss 0.2531
[videomae] 2026-05-23T19:18:34 wrote trunk checkpoint -> /Data/romain.poggi/smth2smth/checkpoints/track_a/ssl/videomaev2_t4native_encoder.pt (149 tensors, EMA)
[videomae] 2026-05-23T19:18:35 wrote resume state -> /Data/romain.poggi/smth2smth/checkpoints/track_a/ssl/videomaev2_t4native_encoder.state.pt
[videomae] 2026-05-23T19:18:37 epoch 236/500 step 0/610 loss 0.2455 lr 2.66e-04
[videomae] 2026-05-23T19:19:12 epoch 236/500 step 100/610 loss 0.2464 lr 2.65e-04
[videomae] 2026-05-23T19:19:48 epoch 236/500 step 200/610 loss 0.2551 lr 2.65e-04
[videomae] 2026-05-23T19:20:24 epoch 236/500 step 300/610 loss 0.2446 lr 2.65e-04
[videomae] 2026-05-23T19:21:00 epoch 236/500 step 400/610 loss 0.2626 lr 2.65e-04
[videomae] 2026-05-23T19:21:36 epoch 236/500 step 500/610 loss 0.2682 lr 2.64e-04
[videomae] 2026-05-23T19:22:11 epoch 236/500 step 600/610 loss 0.2224 lr 2.64e-04
[videomae] 2026-05-23T19:22:15 epoch 236/500 avg loss 0.2530
[videomae] 2026-05-23T19:22:15 wrote trunk checkpoint -> /Data/romain.poggi/smth2smth/checkpoints/track_a/ssl/videomaev2_t4native_encoder.pt (149 tensors, EMA)
[videomae] 2026-05-23T19:22:16 wrote resume state -> /Data/romain.poggi/smth2smth/checkpoints/track_a/ssl/videomaev2_t4native_encoder.state.pt
[videomae] 2026-05-23T19:22:18 epoch 237/500 step 0/610 loss 0.2573 lr 2.64e-04
[videomae] 2026-05-23T19:22:54 epoch 237/500 step 100/610 loss 0.2742 lr 2.64e-04
[videomae] 2026-05-23T19:23:30 epoch 237/500 step 200/610 loss 0.2584 lr 2.64e-04
[videomae] 2026-05-23T19:24:06 epoch 237/500 step 300/610 loss 0.2666 lr 2.64e-04
[videomae] 2026-05-23T19:24:42 epoch 237/500 step 400/610 loss 0.2638 lr 2.63e-04
[videomae] 2026-05-23T19:25:18 epoch 237/500 step 500/610 loss 0.2451 lr 2.63e-04
[videomae] 2026-05-23T19:25:53 epoch 237/500 step 600/610 loss 0.2569 lr 2.63e-04
[videomae] 2026-05-23T19:25:57 epoch 237/500 avg loss 0.2534
[videomae] 2026-05-23T19:25:57 wrote trunk checkpoint -> /Data/romain.poggi/smth2smth/checkpoints/track_a/ssl/videomaev2_t4native_encoder.pt (149 tensors, EMA)
[videomae] 2026-05-23T19:25:58 wrote resume state -> /Data/romain.poggi/smth2smth/checkpoints/track_a/ssl/videomaev2_t4native_encoder.state.pt
[videomae] 2026-05-23T19:26:00 epoch 238/500 step 0/610 loss 0.2506 lr 2.63e-04
[videomae] 2026-05-23T19:26:36 epoch 238/500 step 100/610 loss 0.2692 lr 2.63e-04
[videomae] 2026-05-23T19:27:12 epoch 238/500 step 200/610 loss 0.2497 lr 2.62e-04
[videomae] 2026-05-23T19:27:48 epoch 238/500 step 300/610 loss 0.2478 lr 2.62e-04
[videomae] 2026-05-23T19:28:24 epoch 238/500 step 400/610 loss 0.2451 lr 2.62e-04
[videomae] 2026-05-23T19:28:59 epoch 238/500 step 500/610 loss 0.2571 lr 2.62e-04
[videomae] 2026-05-23T19:29:35 epoch 238/500 step 600/610 loss 0.2876 lr 2.61e-04
[videomae] 2026-05-23T19:29:38 epoch 238/500 avg loss 0.2530
[videomae] 2026-05-23T19:29:39 wrote trunk checkpoint -> /Data/romain.poggi/smth2smth/checkpoints/track_a/ssl/videomaev2_t4native_encoder.pt (149 tensors, EMA)
[videomae] 2026-05-23T19:29:40 wrote resume state -> /Data/romain.poggi/smth2smth/checkpoints/track_a/ssl/videomaev2_t4native_encoder.state.pt
[videomae] 2026-05-23T19:29:42 epoch 239/500 step 0/610 loss 0.2476 lr 2.61e-04
[videomae] 2026-05-23T19:30:18 epoch 239/500 step 100/610 loss 0.2273 lr 2.61e-04
[videomae] 2026-05-23T19:30:54 epoch 239/500 step 200/610 loss 0.2341 lr 2.61e-04
[videomae] 2026-05-23T19:31:30 epoch 239/500 step 300/610 loss 0.2242 lr 2.61e-04
[videomae] 2026-05-23T19:32:05 epoch 239/500 step 400/610 loss 0.2380 lr 2.60e-04
[videomae] 2026-05-23T19:32:41 epoch 239/500 step 500/610 loss 0.2354 lr 2.60e-04
[videomae] 2026-05-23T19:33:17 epoch 239/500 step 600/610 loss 0.2455 lr 2.60e-04
[videomae] 2026-05-23T19:33:20 epoch 239/500 avg loss 0.2532
[videomae] 2026-05-23T19:33:21 wrote trunk checkpoint -> /Data/romain.poggi/smth2smth/checkpoints/track_a/ssl/videomaev2_t4native_encoder.pt (149 tensors, EMA)
[videomae] 2026-05-23T19:33:22 wrote resume state -> /Data/romain.poggi/smth2smth/checkpoints/track_a/ssl/videomaev2_t4native_encoder.state.pt
[videomae] 2026-05-23T19:33:24 epoch 240/500 step 0/610 loss 0.2579 lr 2.60e-04
[videomae] 2026-05-23T19:34:00 epoch 240/500 step 100/610 loss 0.2646 lr 2.60e-04
[videomae] 2026-05-23T19:34:35 epoch 240/500 step 200/610 loss 0.2583 lr 2.59e-04
[videomae] 2026-05-23T19:35:11 epoch 240/500 step 300/610 loss 0.2830 lr 2.59e-04
[videomae] 2026-05-23T19:35:47 epoch 240/500 step 400/610 loss 0.2518 lr 2.59e-04
[videomae] 2026-05-23T19:36:23 epoch 240/500 step 500/610 loss 0.2523 lr 2.59e-04
[videomae] 2026-05-23T19:36:59 epoch 240/500 step 600/610 loss 0.2511 lr 2.58e-04
[videomae] 2026-05-23T19:37:02 epoch 240/500 avg loss 0.2532
[videomae] 2026-05-23T19:37:02 wrote trunk checkpoint -> /Data/romain.poggi/smth2smth/checkpoints/track_a/ssl/videomaev2_t4native_encoder.pt (149 tensors, EMA)
[videomae] 2026-05-23T19:37:03 wrote resume state -> /Data/romain.poggi/smth2smth/checkpoints/track_a/ssl/videomaev2_t4native_encoder.state.pt
[videomae] 2026-05-23T19:37:05 epoch 241/500 step 0/610 loss 0.2651 lr 2.58e-04
[videomae] 2026-05-23T19:37:41 epoch 241/500 step 100/610 loss 0.2527 lr 2.58e-04
[videomae] 2026-05-23T19:38:17 epoch 241/500 step 200/610 loss 0.2472 lr 2.58e-04
[videomae] 2026-05-23T19:38:53 epoch 241/500 step 300/610 loss 0.2674 lr 2.58e-04
[videomae] 2026-05-23T19:39:29 epoch 241/500 step 400/610 loss 0.2681 lr 2.57e-04
[videomae] 2026-05-23T19:40:05 epoch 241/500 step 500/610 loss 0.2535 lr 2.57e-04
[videomae] 2026-05-23T19:40:40 epoch 241/500 step 600/610 loss 0.2533 lr 2.57e-04
[videomae] 2026-05-23T19:40:44 epoch 241/500 avg loss 0.2532
[videomae] 2026-05-23T19:40:44 wrote trunk checkpoint -> /Data/romain.poggi/smth2smth/checkpoints/track_a/ssl/videomaev2_t4native_encoder.pt (149 tensors, EMA)
[videomae] 2026-05-23T19:40:45 wrote resume state -> /Data/romain.poggi/smth2smth/checkpoints/track_a/ssl/videomaev2_t4native_encoder.state.pt
[videomae] 2026-05-23T19:40:47 epoch 242/500 step 0/610 loss 0.2609 lr 2.57e-04
[videomae] 2026-05-23T19:41:23 epoch 242/500 step 100/610 loss 0.2322 lr 2.57e-04
[videomae] 2026-05-23T19:41:59 epoch 242/500 step 200/610 loss 0.2327 lr 2.56e-04
[videomae] 2026-05-23T19:42:35 epoch 242/500 step 300/610 loss 0.2602 lr 2.56e-04
[videomae] 2026-05-23T19:43:11 epoch 242/500 step 400/610 loss 0.2387 lr 2.56e-04
[videomae] 2026-05-23T19:43:46 epoch 242/500 step 500/610 loss 0.2468 lr 2.56e-04
[videomae] 2026-05-23T19:44:22 epoch 242/500 step 600/610 loss 0.2465 lr 2.55e-04
[videomae] 2026-05-23T19:44:25 epoch 242/500 avg loss 0.2531
[videomae] 2026-05-23T19:44:26 wrote trunk checkpoint -> /Data/romain.poggi/smth2smth/checkpoints/track_a/ssl/videomaev2_t4native_encoder.pt (149 tensors, EMA)
[videomae] 2026-05-23T19:44:27 wrote resume state -> /Data/romain.poggi/smth2smth/checkpoints/track_a/ssl/videomaev2_t4native_encoder.state.pt
[videomae] 2026-05-23T19:44:29 epoch 243/500 step 0/610 loss 0.2744 lr 2.55e-04
[videomae] 2026-05-23T19:45:05 epoch 243/500 step 100/610 loss 0.2411 lr 2.55e-04
[videomae] 2026-05-23T19:45:41 epoch 243/500 step 200/610 loss 0.2530 lr 2.55e-04
[videomae] 2026-05-23T19:46:17 epoch 243/500 step 300/610 loss 0.2427 lr 2.55e-04
[videomae] 2026-05-23T19:46:52 epoch 243/500 step 400/610 loss 0.2527 lr 2.54e-04
[videomae] 2026-05-23T19:47:28 epoch 243/500 step 500/610 loss 0.2643 lr 2.54e-04
[videomae] 2026-05-23T19:48:04 epoch 243/500 step 600/610 loss 0.2388 lr 2.54e-04
[videomae] 2026-05-23T19:48:07 epoch 243/500 avg loss 0.2535
[videomae] 2026-05-23T19:48:08 wrote trunk checkpoint -> /Data/romain.poggi/smth2smth/checkpoints/track_a/ssl/videomaev2_t4native_encoder.pt (149 tensors, EMA)
[videomae] 2026-05-23T19:48:09 wrote resume state -> /Data/romain.poggi/smth2smth/checkpoints/track_a/ssl/videomaev2_t4native_encoder.state.pt
[videomae] 2026-05-23T19:48:11 epoch 244/500 step 0/610 loss 0.2595 lr 2.54e-04
[videomae] 2026-05-23T19:48:47 epoch 244/500 step 100/610 loss 0.2532 lr 2.54e-04
[videomae] 2026-05-23T19:49:22 epoch 244/500 step 200/610 loss 0.2524 lr 2.53e-04
[videomae] 2026-05-23T19:49:58 epoch 244/500 step 300/610 loss 0.2438 lr 2.53e-04
[videomae] 2026-05-23T19:50:34 epoch 244/500 step 400/610 loss 0.2489 lr 2.53e-04
[videomae] 2026-05-23T19:51:10 epoch 244/500 step 500/610 loss 0.2416 lr 2.53e-04
[videomae] 2026-05-23T19:51:46 epoch 244/500 step 600/610 loss 0.2498 lr 2.52e-04
[videomae] 2026-05-23T19:51:49 epoch 244/500 avg loss 0.2536
[videomae] 2026-05-23T19:51:49 wrote trunk checkpoint -> /Data/romain.poggi/smth2smth/checkpoints/track_a/ssl/videomaev2_t4native_encoder.pt (149 tensors, EMA)
[videomae] 2026-05-23T19:51:51 wrote resume state -> /Data/romain.poggi/smth2smth/checkpoints/track_a/ssl/videomaev2_t4native_encoder.state.pt
[videomae] 2026-05-23T19:51:53 epoch 245/500 step 0/610 loss 0.2669 lr 2.52e-04
[videomae] 2026-05-23T19:52:29 epoch 245/500 step 100/610 loss 0.2486 lr 2.52e-04
[videomae] 2026-05-23T19:53:05 epoch 245/500 step 200/610 loss 0.2635 lr 2.52e-04
[videomae] 2026-05-23T19:53:40 epoch 245/500 step 300/610 loss 0.2595 lr 2.52e-04
[videomae] 2026-05-23T19:54:16 epoch 245/500 step 400/610 loss 0.2542 lr 2.51e-04
[videomae] 2026-05-23T19:54:52 epoch 245/500 step 500/610 loss 0.2552 lr 2.51e-04
[videomae] 2026-05-23T19:55:28 epoch 245/500 step 600/610 loss 0.2420 lr 2.51e-04
[videomae] 2026-05-23T19:55:31 epoch 245/500 avg loss 0.2541
[videomae] 2026-05-23T19:55:31 wrote trunk checkpoint -> /Data/romain.poggi/smth2smth/checkpoints/track_a/ssl/videomaev2_t4native_encoder.pt (149 tensors, EMA)
[videomae] 2026-05-23T19:55:32 wrote resume state -> /Data/romain.poggi/smth2smth/checkpoints/track_a/ssl/videomaev2_t4native_encoder.state.pt
[videomae] 2026-05-23T19:55:35 epoch 246/500 step 0/610 loss 0.2377 lr 2.51e-04
[videomae] 2026-05-23T19:56:11 epoch 246/500 step 100/610 loss 0.2638 lr 2.51e-04
[videomae] 2026-05-23T19:56:46 epoch 246/500 step 200/610 loss 0.2598 lr 2.50e-04
[videomae] 2026-05-23T19:57:22 epoch 246/500 step 300/610 loss 0.2568 lr 2.50e-04
[videomae] 2026-05-23T19:57:58 epoch 246/500 step 400/610 loss 0.2577 lr 2.50e-04
[videomae] 2026-05-23T19:58:34 epoch 246/500 step 500/610 loss 0.2206 lr 2.50e-04
[videomae] 2026-05-23T19:59:10 epoch 246/500 step 600/610 loss 0.2368 lr 2.50e-04
[videomae] 2026-05-23T19:59:13 epoch 246/500 avg loss 0.2546
[videomae] 2026-05-23T19:59:13 wrote trunk checkpoint -> /Data/romain.poggi/smth2smth/checkpoints/track_a/ssl/videomaev2_t4native_encoder.pt (149 tensors, EMA)
[videomae] 2026-05-23T19:59:14 wrote resume state -> /Data/romain.poggi/smth2smth/checkpoints/track_a/ssl/videomaev2_t4native_encoder.state.pt
[videomae] 2026-05-23T19:59:17 epoch 247/500 step 0/610 loss 0.2477 lr 2.50e-04
[videomae] 2026-05-23T19:59:53 epoch 247/500 step 100/610 loss 0.2591 lr 2.49e-04
[videomae] 2026-05-23T20:00:28 epoch 247/500 step 200/610 loss 0.2416 lr 2.49e-04
[videomae] 2026-05-23T20:01:04 epoch 247/500 step 300/610 loss 0.2424 lr 2.49e-04
[videomae] 2026-05-23T20:01:40 epoch 247/500 step 400/610 loss 0.2718 lr 2.49e-04
[videomae] 2026-05-23T20:02:16 epoch 247/500 step 500/610 loss 0.2670 lr 2.48e-04
[videomae] 2026-05-23T20:02:52 epoch 247/500 step 600/610 loss 0.2778 lr 2.48e-04
[videomae] 2026-05-23T20:02:55 epoch 247/500 avg loss 0.2552
[videomae] 2026-05-23T20:02:55 wrote trunk checkpoint -> /Data/romain.poggi/smth2smth/checkpoints/track_a/ssl/videomaev2_t4native_encoder.pt (149 tensors, EMA)
[videomae] 2026-05-23T20:02:56 wrote resume state -> /Data/romain.poggi/smth2smth/checkpoints/track_a/ssl/videomaev2_t4native_encoder.state.pt
[videomae] 2026-05-23T20:02:59 epoch 248/500 step 0/610 loss 0.2616 lr 2.48e-04
[videomae] 2026-05-23T20:03:35 epoch 248/500 step 100/610 loss 0.2705 lr 2.48e-04
[videomae] 2026-05-23T20:04:10 epoch 248/500 step 200/610 loss 0.2755 lr 2.48e-04
[videomae] 2026-05-23T20:04:46 epoch 248/500 step 300/610 loss 0.2591 lr 2.47e-04
[videomae] 2026-05-23T20:05:22 epoch 248/500 step 400/610 loss 0.2601 lr 2.47e-04
[videomae] 2026-05-23T20:05:58 epoch 248/500 step 500/610 loss 0.2391 lr 2.47e-04
[videomae] 2026-05-23T20:06:34 epoch 248/500 step 600/610 loss 0.2591 lr 2.47e-04
[videomae] 2026-05-23T20:06:37 epoch 248/500 avg loss 0.2559
[videomae] 2026-05-23T20:06:37 wrote trunk checkpoint -> /Data/romain.poggi/smth2smth/checkpoints/track_a/ssl/videomaev2_t4native_encoder.pt (149 tensors, EMA)
[videomae] 2026-05-23T20:06:38 wrote resume state -> /Data/romain.poggi/smth2smth/checkpoints/track_a/ssl/videomaev2_t4native_encoder.state.pt
[videomae] 2026-05-23T20:06:40 epoch 249/500 step 0/610 loss 0.2809 lr 2.47e-04
[videomae] 2026-05-23T20:07:16 epoch 249/500 step 100/610 loss 0.2459 lr 2.46e-04
[videomae] 2026-05-23T20:07:52 epoch 249/500 step 200/610 loss 0.2696 lr 2.46e-04
[videomae] 2026-05-23T20:08:28 epoch 249/500 step 300/610 loss 0.2678 lr 2.46e-04
[videomae] 2026-05-23T20:09:04 epoch 249/500 step 400/610 loss 0.2489 lr 2.46e-04
[videomae] 2026-05-23T20:09:39 epoch 249/500 step 500/610 loss 0.2613 lr 2.45e-04
[videomae] 2026-05-23T20:10:15 epoch 249/500 step 600/610 loss 0.2551 lr 2.45e-04
[videomae] 2026-05-23T20:10:18 epoch 249/500 avg loss 0.2583
[videomae] 2026-05-23T20:10:19 wrote trunk checkpoint -> /Data/romain.poggi/smth2smth/checkpoints/track_a/ssl/videomaev2_t4native_encoder.pt (149 tensors, EMA)
[videomae] 2026-05-23T20:10:20 wrote resume state -> /Data/romain.poggi/smth2smth/checkpoints/track_a/ssl/videomaev2_t4native_encoder.state.pt
[videomae] 2026-05-23T20:10:22 epoch 250/500 step 0/610 loss 0.2601 lr 2.45e-04
[videomae] 2026-05-23T20:10:58 epoch 250/500 step 100/610 loss 0.2695 lr 2.45e-04
[videomae] 2026-05-23T20:11:34 epoch 250/500 step 200/610 loss 0.2719 lr 2.45e-04
[videomae] 2026-05-23T20:12:10 epoch 250/500 step 300/610 loss 0.2451 lr 2.44e-04
[videomae] 2026-05-23T20:12:45 epoch 250/500 step 400/610 loss 0.2289 lr 2.44e-04
[videomae] 2026-05-23T20:13:21 epoch 250/500 step 500/610 loss 0.2404 lr 2.44e-04
[videomae] 2026-05-23T20:13:57 epoch 250/500 step 600/610 loss 0.2544 lr 2.44e-04
[videomae] 2026-05-23T20:14:00 epoch 250/500 avg loss 0.2592
[videomae] 2026-05-23T20:14:00 wrote trunk checkpoint -> /Data/romain.poggi/smth2smth/checkpoints/track_a/ssl/videomaev2_t4native_encoder.pt (149 tensors, EMA)
[videomae] 2026-05-23T20:14:01 wrote trunk checkpoint -> /Data/romain.poggi/smth2smth/checkpoints/track_a/ssl/videomaev2_t4native_encoder_ep250.pt (149 tensors, EMA)
[videomae] 2026-05-23T20:14:02 wrote resume state -> /Data/romain.poggi/smth2smth/checkpoints/track_a/ssl/videomaev2_t4native_encoder.state.pt
[videomae] 2026-05-23T20:14:04 epoch 251/500 step 0/610 loss 0.2691 lr 2.44e-04
[videomae] 2026-05-23T20:14:40 epoch 251/500 step 100/610 loss 0.2632 lr 2.43e-04
[videomae] 2026-05-23T20:15:16 epoch 251/500 step 200/610 loss 0.2601 lr 2.43e-04
[videomae] 2026-05-23T20:15:52 epoch 251/500 step 300/610 loss 0.2445 lr 2.43e-04
[videomae] 2026-05-23T20:16:27 epoch 251/500 step 400/610 loss 0.2592 lr 2.43e-04
[videomae] 2026-05-23T20:17:03 epoch 251/500 step 500/610 loss 0.2652 lr 2.42e-04
[videomae] 2026-05-23T20:17:39 epoch 251/500 step 600/610 loss 0.2567 lr 2.42e-04
[videomae] 2026-05-23T20:17:42 epoch 251/500 avg loss 0.2587
[videomae] 2026-05-23T20:17:43 wrote trunk checkpoint -> /Data/romain.poggi/smth2smth/checkpoints/track_a/ssl/videomaev2_t4native_encoder.pt (149 tensors, EMA)
[videomae] 2026-05-23T20:17:44 wrote resume state -> /Data/romain.poggi/smth2smth/checkpoints/track_a/ssl/videomaev2_t4native_encoder.state.pt
[videomae] 2026-05-23T20:17:46 epoch 252/500 step 0/610 loss 0.2367 lr 2.42e-04
[videomae] 2026-05-23T20:18:22 epoch 252/500 step 100/610 loss 0.2704 lr 2.42e-04
[videomae] 2026-05-23T20:18:58 epoch 252/500 step 200/610 loss 0.2771 lr 2.42e-04
[videomae] 2026-05-23T20:19:33 epoch 252/500 step 300/610 loss 0.2704 lr 2.41e-04
[videomae] 2026-05-23T20:20:09 epoch 252/500 step 400/610 loss 0.2537 lr 2.41e-04
[videomae] 2026-05-23T20:20:45 epoch 252/500 step 500/610 loss 0.2493 lr 2.41e-04
[videomae] 2026-05-23T20:21:21 epoch 252/500 step 600/610 loss 0.2697 lr 2.41e-04
[videomae] 2026-05-23T20:21:24 epoch 252/500 avg loss 0.2592
[videomae] 2026-05-23T20:21:24 wrote trunk checkpoint -> /Data/romain.poggi/smth2smth/checkpoints/track_a/ssl/videomaev2_t4native_encoder.pt (149 tensors, EMA)
[videomae] 2026-05-23T20:21:26 wrote resume state -> /Data/romain.poggi/smth2smth/checkpoints/track_a/ssl/videomaev2_t4native_encoder.state.pt
[videomae] 2026-05-23T20:21:28 epoch 253/500 step 0/610 loss 0.2767 lr 2.41e-04
[videomae] 2026-05-23T20:22:04 epoch 253/500 step 100/610 loss 0.2747 lr 2.40e-04
[videomae] 2026-05-23T20:22:39 epoch 253/500 step 200/610 loss 0.2678 lr 2.40e-04
[videomae] 2026-05-23T20:23:15 epoch 253/500 step 300/610 loss 0.2569 lr 2.40e-04
[videomae] 2026-05-23T20:23:51 epoch 253/500 step 400/610 loss 0.2994 lr 2.40e-04
[videomae] 2026-05-23T20:24:27 epoch 253/500 step 500/610 loss 0.2615 lr 2.39e-04
[videomae] 2026-05-23T20:25:03 epoch 253/500 step 600/610 loss 0.2604 lr 2.39e-04
[videomae] 2026-05-23T20:25:06 epoch 253/500 avg loss 0.2580
[videomae] 2026-05-23T20:25:06 wrote trunk checkpoint -> /Data/romain.poggi/smth2smth/checkpoints/track_a/ssl/videomaev2_t4native_encoder.pt (149 tensors, EMA)
[videomae] 2026-05-23T20:25:07 wrote resume state -> /Data/romain.poggi/smth2smth/checkpoints/track_a/ssl/videomaev2_t4native_encoder.state.pt
[videomae] 2026-05-23T20:25:09 epoch 254/500 step 0/610 loss 0.2643 lr 2.39e-04
[videomae] 2026-05-23T20:25:45 epoch 254/500 step 100/610 loss 0.2371 lr 2.39e-04
[videomae] 2026-05-23T20:26:21 epoch 254/500 step 200/610 loss 0.2665 lr 2.39e-04
[videomae] 2026-05-23T20:26:57 epoch 254/500 step 300/610 loss 0.2561 lr 2.38e-04
[videomae] 2026-05-23T20:27:32 epoch 254/500 step 400/610 loss 0.2493 lr 2.38e-04
[videomae] 2026-05-23T20:28:08 epoch 254/500 step 500/610 loss 0.2803 lr 2.38e-04
[videomae] 2026-05-23T20:28:44 epoch 254/500 step 600/610 loss 0.2372 lr 2.38e-04
[videomae] 2026-05-23T20:28:47 epoch 254/500 avg loss 0.2593
[videomae] 2026-05-23T20:28:48 wrote trunk checkpoint -> /Data/romain.poggi/smth2smth/checkpoints/track_a/ssl/videomaev2_t4native_encoder.pt (149 tensors, EMA)
[videomae] 2026-05-23T20:28:49 wrote resume state -> /Data/romain.poggi/smth2smth/checkpoints/track_a/ssl/videomaev2_t4native_encoder.state.pt
[videomae] 2026-05-23T20:28:51 epoch 255/500 step 0/610 loss 0.2439 lr 2.38e-04
[videomae] 2026-05-23T20:29:27 epoch 255/500 step 100/610 loss 0.2334 lr 2.37e-04
[videomae] 2026-05-23T20:30:03 epoch 255/500 step 200/610 loss 0.2589 lr 2.37e-04
[videomae] 2026-05-23T20:30:38 epoch 255/500 step 300/610 loss 0.2598 lr 2.37e-04
[videomae] 2026-05-23T20:31:14 epoch 255/500 step 400/610 loss 0.2684 lr 2.37e-04
[videomae] 2026-05-23T20:31:50 epoch 255/500 step 500/610 loss 0.2527 lr 2.36e-04
[videomae] 2026-05-23T20:32:26 epoch 255/500 step 600/610 loss 0.2767 lr 2.36e-04
[videomae] 2026-05-23T20:32:29 epoch 255/500 avg loss 0.2607
[videomae] 2026-05-23T20:32:29 wrote trunk checkpoint -> /Data/romain.poggi/smth2smth/checkpoints/track_a/ssl/videomaev2_t4native_encoder.pt (149 tensors, EMA)
[videomae] 2026-05-23T20:32:31 wrote resume state -> /Data/romain.poggi/smth2smth/checkpoints/track_a/ssl/videomaev2_t4native_encoder.state.pt
[videomae] 2026-05-23T20:32:33 epoch 256/500 step 0/610 loss 0.2630 lr 2.36e-04
[videomae] 2026-05-23T20:33:09 epoch 256/500 step 100/610 loss 0.2572 lr 2.36e-04
[videomae] 2026-05-23T20:33:44 epoch 256/500 step 200/610 loss 0.2847 lr 2.36e-04
[videomae] 2026-05-23T20:34:20 epoch 256/500 step 300/610 loss 0.2466 lr 2.35e-04
[videomae] 2026-05-23T20:34:56 epoch 256/500 step 400/610 loss 0.2764 lr 2.35e-04
[videomae] 2026-05-23T20:35:32 epoch 256/500 step 500/610 loss 0.2642 lr 2.35e-04
[videomae] 2026-05-23T20:36:08 epoch 256/500 step 600/610 loss 0.2629 lr 2.35e-04
[videomae] 2026-05-23T20:36:11 epoch 256/500 avg loss 0.2670
[videomae] 2026-05-23T20:36:11 wrote trunk checkpoint -> /Data/romain.poggi/smth2smth/checkpoints/track_a/ssl/videomaev2_t4native_encoder.pt (149 tensors, EMA)
[videomae] 2026-05-23T20:36:12 wrote resume state -> /Data/romain.poggi/smth2smth/checkpoints/track_a/ssl/videomaev2_t4native_encoder.state.pt
[videomae] 2026-05-23T20:36:15 epoch 257/500 step 0/610 loss 0.2546 lr 2.35e-04
[videomae] 2026-05-23T20:36:50 epoch 257/500 step 100/610 loss 0.2629 lr 2.34e-04
[videomae] 2026-05-23T20:37:26 epoch 257/500 step 200/610 loss 0.2516 lr 2.34e-04
[videomae] 2026-05-23T20:38:02 epoch 257/500 step 300/610 loss 0.2489 lr 2.34e-04
[videomae] 2026-05-23T20:38:38 epoch 257/500 step 400/610 loss 0.2577 lr 2.34e-04
[videomae] 2026-05-23T20:39:14 epoch 257/500 step 500/610 loss 0.2934 lr 2.33e-04
[videomae] 2026-05-23T20:39:50 epoch 257/500 step 600/610 loss 0.2776 lr 2.33e-04
[videomae] 2026-05-23T20:39:53 epoch 257/500 avg loss 0.2631
[videomae] 2026-05-23T20:39:53 wrote trunk checkpoint -> /Data/romain.poggi/smth2smth/checkpoints/track_a/ssl/videomaev2_t4native_encoder.pt (149 tensors, EMA)
[videomae] 2026-05-23T20:39:54 wrote resume state -> /Data/romain.poggi/smth2smth/checkpoints/track_a/ssl/videomaev2_t4native_encoder.state.pt
[videomae] 2026-05-23T20:39:56 epoch 258/500 step 0/610 loss 0.2424 lr 2.33e-04
[videomae] 2026-05-23T20:40:32 epoch 258/500 step 100/610 loss 0.2615 lr 2.33e-04
[videomae] 2026-05-23T20:41:08 epoch 258/500 step 200/610 loss 0.2414 lr 2.33e-04
[videomae] 2026-05-23T20:41:44 epoch 258/500 step 300/610 loss 0.2369 lr 2.32e-04
[videomae] 2026-05-23T20:42:20 epoch 258/500 step 400/610 loss 0.2509 lr 2.32e-04
[videomae] 2026-05-23T20:42:55 epoch 258/500 step 500/610 loss 0.2384 lr 2.32e-04
[videomae] 2026-05-23T20:43:31 epoch 258/500 step 600/610 loss 0.2652 lr 2.32e-04
[videomae] 2026-05-23T20:43:34 epoch 258/500 avg loss 0.2607
[videomae] 2026-05-23T20:43:35 wrote trunk checkpoint -> /Data/romain.poggi/smth2smth/checkpoints/track_a/ssl/videomaev2_t4native_encoder.pt (149 tensors, EMA)
[videomae] 2026-05-23T20:43:36 wrote resume state -> /Data/romain.poggi/smth2smth/checkpoints/track_a/ssl/videomaev2_t4native_encoder.state.pt
[videomae] 2026-05-23T20:43:38 epoch 259/500 step 0/610 loss 0.2549 lr 2.32e-04
[videomae] 2026-05-23T20:44:14 epoch 259/500 step 100/610 loss 0.2592 lr 2.31e-04
[videomae] 2026-05-23T20:44:50 epoch 259/500 step 200/610 loss 0.2613 lr 2.31e-04
[videomae] 2026-05-23T20:45:25 epoch 259/500 step 300/610 loss 0.2580 lr 2.31e-04
[videomae] 2026-05-23T20:46:01 epoch 259/500 step 400/610 loss 0.2688 lr 2.31e-04
[videomae] 2026-05-23T20:46:37 epoch 259/500 step 500/610 loss 0.2598 lr 2.30e-04
[videomae] 2026-05-23T20:47:13 epoch 259/500 step 600/610 loss 0.2523 lr 2.30e-04
[videomae] 2026-05-23T20:47:16 epoch 259/500 avg loss 0.2611
[videomae] 2026-05-23T20:47:16 wrote trunk checkpoint -> /Data/romain.poggi/smth2smth/checkpoints/track_a/ssl/videomaev2_t4native_encoder.pt (149 tensors, EMA)
[videomae] 2026-05-23T20:47:18 wrote resume state -> /Data/romain.poggi/smth2smth/checkpoints/track_a/ssl/videomaev2_t4native_encoder.state.pt
[videomae] 2026-05-23T20:47:20 epoch 260/500 step 0/610 loss 0.2529 lr 2.30e-04
[videomae] 2026-05-23T20:47:56 epoch 260/500 step 100/610 loss 0.2629 lr 2.30e-04
[videomae] 2026-05-23T20:48:31 epoch 260/500 step 200/610 loss 0.2588 lr 2.30e-04
[videomae] 2026-05-23T20:49:07 epoch 260/500 step 300/610 loss 0.2723 lr 2.29e-04
[videomae] 2026-05-23T20:49:43 epoch 260/500 step 400/610 loss 0.2620 lr 2.29e-04
[videomae] 2026-05-23T20:50:19 epoch 260/500 step 500/610 loss 0.2734 lr 2.29e-04
[videomae] 2026-05-23T20:50:55 epoch 260/500 step 600/610 loss 0.2784 lr 2.29e-04
[videomae] 2026-05-23T20:50:58 epoch 260/500 avg loss 0.2616
[videomae] 2026-05-23T20:50:58 wrote trunk checkpoint -> /Data/romain.poggi/smth2smth/checkpoints/track_a/ssl/videomaev2_t4native_encoder.pt (149 tensors, EMA)
[videomae] 2026-05-23T20:50:59 wrote resume state -> /Data/romain.poggi/smth2smth/checkpoints/track_a/ssl/videomaev2_t4native_encoder.state.pt
[videomae] 2026-05-23T20:51:01 epoch 261/500 step 0/610 loss 0.2648 lr 2.29e-04
[videomae] 2026-05-23T20:51:37 epoch 261/500 step 100/610 loss 0.2512 lr 2.28e-04
[videomae] 2026-05-23T20:52:13 epoch 261/500 step 200/610 loss 0.2598 lr 2.28e-04
[videomae] 2026-05-23T20:52:49 epoch 261/500 step 300/610 loss 0.2509 lr 2.28e-04
[videomae] 2026-05-23T20:53:25 epoch 261/500 step 400/610 loss 0.2647 lr 2.28e-04
[videomae] 2026-05-23T20:54:01 epoch 261/500 step 500/610 loss 0.2676 lr 2.28e-04
[videomae] 2026-05-23T20:54:36 epoch 261/500 step 600/610 loss 0.2564 lr 2.27e-04
[videomae] 2026-05-23T20:54:40 epoch 261/500 avg loss 0.2630
[videomae] 2026-05-23T20:54:40 wrote trunk checkpoint -> /Data/romain.poggi/smth2smth/checkpoints/track_a/ssl/videomaev2_t4native_encoder.pt (149 tensors, EMA)
[videomae] 2026-05-23T20:54:41 wrote resume state -> /Data/romain.poggi/smth2smth/checkpoints/track_a/ssl/videomaev2_t4native_encoder.state.pt
[videomae] 2026-05-23T20:54:43 epoch 262/500 step 0/610 loss 0.2810 lr 2.27e-04
[videomae] 2026-05-23T20:55:19 epoch 262/500 step 100/610 loss 0.2419 lr 2.27e-04
[videomae] 2026-05-23T20:55:55 epoch 262/500 step 200/610 loss 0.2607 lr 2.27e-04
[videomae] 2026-05-23T20:56:31 epoch 262/500 step 300/610 loss 0.2681 lr 2.27e-04
[videomae] 2026-05-23T20:57:07 epoch 262/500 step 400/610 loss 0.2975 lr 2.26e-04
[videomae] 2026-05-23T20:57:42 epoch 262/500 step 500/610 loss 0.2617 lr 2.26e-04
[videomae] 2026-05-23T20:58:18 epoch 262/500 step 600/610 loss 0.2730 lr 2.26e-04
[videomae] 2026-05-23T20:58:21 epoch 262/500 avg loss 0.2652
[videomae] 2026-05-23T20:58:22 wrote trunk checkpoint -> /Data/romain.poggi/smth2smth/checkpoints/track_a/ssl/videomaev2_t4native_encoder.pt (149 tensors, EMA)
[videomae] 2026-05-23T20:58:23 wrote resume state -> /Data/romain.poggi/smth2smth/checkpoints/track_a/ssl/videomaev2_t4native_encoder.state.pt
[videomae] 2026-05-23T20:58:25 epoch 263/500 step 0/610 loss 0.2423 lr 2.26e-04
[videomae] 2026-05-23T20:59:01 epoch 263/500 step 100/610 loss 0.2712 lr 2.26e-04
[videomae] 2026-05-23T20:59:37 epoch 263/500 step 200/610 loss 0.2907 lr 2.25e-04
[videomae] 2026-05-23T21:00:12 epoch 263/500 step 300/610 loss 0.2674 lr 2.25e-04
[videomae] 2026-05-23T21:00:48 epoch 263/500 step 400/610 loss 0.2707 lr 2.25e-04
[videomae] 2026-05-23T21:01:24 epoch 263/500 step 500/610 loss 0.2652 lr 2.25e-04
[videomae] 2026-05-23T21:02:00 epoch 263/500 step 600/610 loss 0.2512 lr 2.24e-04
[videomae] 2026-05-23T21:02:03 epoch 263/500 avg loss 0.2643
[videomae] 2026-05-23T21:02:03 wrote trunk checkpoint -> /Data/romain.poggi/smth2smth/checkpoints/track_a/ssl/videomaev2_t4native_encoder.pt (149 tensors, EMA)
[videomae] 2026-05-23T21:02:05 wrote resume state -> /Data/romain.poggi/smth2smth/checkpoints/track_a/ssl/videomaev2_t4native_encoder.state.pt
[videomae] 2026-05-23T21:02:07 epoch 264/500 step 0/610 loss 0.2266 lr 2.24e-04
[videomae] 2026-05-23T21:02:43 epoch 264/500 step 100/610 loss 0.2707 lr 2.24e-04
[videomae] 2026-05-23T21:03:18 epoch 264/500 step 200/610 loss 0.2738 lr 2.24e-04
[videomae] 2026-05-23T21:03:54 epoch 264/500 step 300/610 loss 0.2731 lr 2.24e-04
[videomae] 2026-05-23T21:04:30 epoch 264/500 step 400/610 loss 0.2791 lr 2.23e-04
[videomae] 2026-05-23T21:05:06 epoch 264/500 step 500/610 loss 0.2728 lr 2.23e-04
[videomae] 2026-05-23T21:05:42 epoch 264/500 step 600/610 loss 0.2443 lr 2.23e-04
[videomae] 2026-05-23T21:05:45 epoch 264/500 avg loss 0.2639
[videomae] 2026-05-23T21:05:45 wrote trunk checkpoint -> /Data/romain.poggi/smth2smth/checkpoints/track_a/ssl/videomaev2_t4native_encoder.pt (149 tensors, EMA)
[videomae] 2026-05-23T21:05:46 wrote resume state -> /Data/romain.poggi/smth2smth/checkpoints/track_a/ssl/videomaev2_t4native_encoder.state.pt
[videomae] 2026-05-23T21:05:48 epoch 265/500 step 0/610 loss 0.2828 lr 2.23e-04
[videomae] 2026-05-23T21:06:24 epoch 265/500 step 100/610 loss 0.2583 lr 2.23e-04
[videomae] 2026-05-23T21:07:00 epoch 265/500 step 200/610 loss 0.2456 lr 2.22e-04
[videomae] 2026-05-23T21:07:36 epoch 265/500 step 300/610 loss 0.2647 lr 2.22e-04
[videomae] 2026-05-23T21:08:12 epoch 265/500 step 400/610 loss 0.2574 lr 2.22e-04
[videomae] 2026-05-23T21:08:47 epoch 265/500 step 500/610 loss 0.2515 lr 2.22e-04
[videomae] 2026-05-23T21:09:23 epoch 265/500 step 600/610 loss 0.2606 lr 2.21e-04
[videomae] 2026-05-23T21:09:26 epoch 265/500 avg loss 0.2634
[videomae] 2026-05-23T21:09:27 wrote trunk checkpoint -> /Data/romain.poggi/smth2smth/checkpoints/track_a/ssl/videomaev2_t4native_encoder.pt (149 tensors, EMA)
[videomae] 2026-05-23T21:09:28 wrote resume state -> /Data/romain.poggi/smth2smth/checkpoints/track_a/ssl/videomaev2_t4native_encoder.state.pt
[videomae] 2026-05-23T21:09:30 epoch 266/500 step 0/610 loss 0.2784 lr 2.21e-04
[videomae] 2026-05-23T21:10:06 epoch 266/500 step 100/610 loss 0.2380 lr 2.21e-04
[videomae] 2026-05-23T21:10:41 epoch 266/500 step 200/610 loss 0.2792 lr 2.21e-04
[videomae] 2026-05-23T21:11:17 epoch 266/500 step 300/610 loss 0.2603 lr 2.21e-04
[videomae] 2026-05-23T21:11:53 epoch 266/500 step 400/610 loss 0.2657 lr 2.20e-04
[videomae] 2026-05-23T21:12:29 epoch 266/500 step 500/610 loss 0.2661 lr 2.20e-04
[videomae] 2026-05-23T21:13:05 epoch 266/500 step 600/610 loss 0.2794 lr 2.20e-04
[videomae] 2026-05-23T21:13:08 epoch 266/500 avg loss 0.2631
[videomae] 2026-05-23T21:13:08 wrote trunk checkpoint -> /Data/romain.poggi/smth2smth/checkpoints/track_a/ssl/videomaev2_t4native_encoder.pt (149 tensors, EMA)
[videomae] 2026-05-23T21:13:09 wrote resume state -> /Data/romain.poggi/smth2smth/checkpoints/track_a/ssl/videomaev2_t4native_encoder.state.pt
[videomae] 2026-05-23T21:13:12 epoch 267/500 step 0/610 loss 0.2536 lr 2.20e-04
[videomae] 2026-05-23T21:13:48 epoch 267/500 step 100/610 loss 0.2788 lr 2.20e-04
[videomae] 2026-05-23T21:14:23 epoch 267/500 step 200/610 loss 0.2497 lr 2.19e-04
[videomae] 2026-05-23T21:14:59 epoch 267/500 step 300/610 loss 0.2613 lr 2.19e-04
[videomae] 2026-05-23T21:15:35 epoch 267/500 step 400/610 loss 0.2679 lr 2.19e-04
[videomae] 2026-05-23T21:16:11 epoch 267/500 step 500/610 loss 0.2698 lr 2.19e-04
[videomae] 2026-05-23T21:16:47 epoch 267/500 step 600/610 loss 0.2582 lr 2.18e-04
[videomae] 2026-05-23T21:16:50 epoch 267/500 avg loss 0.2678
[videomae] 2026-05-23T21:16:50 wrote trunk checkpoint -> /Data/romain.poggi/smth2smth/checkpoints/track_a/ssl/videomaev2_t4native_encoder.pt (149 tensors, EMA)
[videomae] 2026-05-23T21:16:51 wrote resume state -> /Data/romain.poggi/smth2smth/checkpoints/track_a/ssl/videomaev2_t4native_encoder.state.pt
[videomae] 2026-05-23T21:16:53 epoch 268/500 step 0/610 loss 0.2874 lr 2.18e-04
[videomae] 2026-05-23T21:17:29 epoch 268/500 step 100/610 loss 0.2590 lr 2.18e-04
[videomae] 2026-05-23T21:18:05 epoch 268/500 step 200/610 loss 0.2786 lr 2.18e-04
[videomae] 2026-05-23T21:18:41 epoch 268/500 step 300/610 loss 0.2472 lr 2.18e-04
[videomae] 2026-05-23T21:19:17 epoch 268/500 step 400/610 loss 0.2640 lr 2.17e-04
[videomae] 2026-05-23T21:19:53 epoch 268/500 step 500/610 loss 0.2798 lr 2.17e-04
[videomae] 2026-05-23T21:20:28 epoch 268/500 step 600/610 loss 0.2750 lr 2.17e-04
[videomae] 2026-05-23T21:20:32 epoch 268/500 avg loss 0.2640
[videomae] 2026-05-23T21:20:32 wrote trunk checkpoint -> /Data/romain.poggi/smth2smth/checkpoints/track_a/ssl/videomaev2_t4native_encoder.pt (149 tensors, EMA)
[videomae] 2026-05-23T21:20:33 wrote resume state -> /Data/romain.poggi/smth2smth/checkpoints/track_a/ssl/videomaev2_t4native_encoder.state.pt
[videomae] 2026-05-23T21:20:35 epoch 269/500 step 0/610 loss 0.2462 lr 2.17e-04
[videomae] 2026-05-23T21:21:11 epoch 269/500 step 100/610 loss 0.2696 lr 2.17e-04
[videomae] 2026-05-23T21:21:47 epoch 269/500 step 200/610 loss 0.2575 lr 2.16e-04
[videomae] 2026-05-23T21:22:23 epoch 269/500 step 300/610 loss 0.2587 lr 2.16e-04
[videomae] 2026-05-23T21:22:58 epoch 269/500 step 400/610 loss 0.2562 lr 2.16e-04
[videomae] 2026-05-23T21:23:34 epoch 269/500 step 500/610 loss 0.2674 lr 2.16e-04
[videomae] 2026-05-23T21:24:10 epoch 269/500 step 600/610 loss 0.2711 lr 2.15e-04
[videomae] 2026-05-23T21:24:13 epoch 269/500 avg loss 0.2636
[videomae] 2026-05-23T21:24:13 wrote trunk checkpoint -> /Data/romain.poggi/smth2smth/checkpoints/track_a/ssl/videomaev2_t4native_encoder.pt (149 tensors, EMA)
[videomae] 2026-05-23T21:24:15 wrote resume state -> /Data/romain.poggi/smth2smth/checkpoints/track_a/ssl/videomaev2_t4native_encoder.state.pt
[videomae] 2026-05-23T21:24:17 epoch 270/500 step 0/610 loss 0.2545 lr 2.15e-04
[videomae] 2026-05-23T21:24:53 epoch 270/500 step 100/610 loss 0.2396 lr 2.15e-04
[videomae] 2026-05-23T21:25:29 epoch 270/500 step 200/610 loss 0.2458 lr 2.15e-04
[videomae] 2026-05-23T21:26:04 epoch 270/500 step 300/610 loss 0.2666 lr 2.15e-04
[videomae] 2026-05-23T21:26:40 epoch 270/500 step 400/610 loss 0.2709 lr 2.14e-04
[videomae] 2026-05-23T21:27:16 epoch 270/500 step 500/610 loss 0.2574 lr 2.14e-04
[videomae] 2026-05-23T21:27:52 epoch 270/500 step 600/610 loss 0.2344 lr 2.14e-04
[videomae] 2026-05-23T21:27:55 epoch 270/500 avg loss 0.2636
[videomae] 2026-05-23T21:27:55 wrote trunk checkpoint -> /Data/romain.poggi/smth2smth/checkpoints/track_a/ssl/videomaev2_t4native_encoder.pt (149 tensors, EMA)
[videomae] 2026-05-23T21:27:57 wrote resume state -> /Data/romain.poggi/smth2smth/checkpoints/track_a/ssl/videomaev2_t4native_encoder.state.pt
[videomae] 2026-05-23T21:27:59 epoch 271/500 step 0/610 loss 0.2535 lr 2.14e-04
[videomae] 2026-05-23T21:28:34 epoch 271/500 step 100/610 loss 0.2770 lr 2.14e-04
[videomae] 2026-05-23T21:29:10 epoch 271/500 step 200/610 loss 0.2703 lr 2.13e-04
[videomae] 2026-05-23T21:29:46 epoch 271/500 step 300/610 loss 0.2708 lr 2.13e-04
[videomae] 2026-05-23T21:30:22 epoch 271/500 step 400/610 loss 0.2558 lr 2.13e-04
[videomae] 2026-05-23T21:30:58 epoch 271/500 step 500/610 loss 0.2667 lr 2.13e-04
[videomae] 2026-05-23T21:31:33 epoch 271/500 step 600/610 loss 0.2772 lr 2.12e-04
[videomae] 2026-05-23T21:31:37 epoch 271/500 avg loss 0.2642
[videomae] 2026-05-23T21:31:37 wrote trunk checkpoint -> /Data/romain.poggi/smth2smth/checkpoints/track_a/ssl/videomaev2_t4native_encoder.pt (149 tensors, EMA)
[videomae] 2026-05-23T21:31:38 wrote resume state -> /Data/romain.poggi/smth2smth/checkpoints/track_a/ssl/videomaev2_t4native_encoder.state.pt
[videomae] 2026-05-23T21:31:40 epoch 272/500 step 0/610 loss 0.2649 lr 2.12e-04
[videomae] 2026-05-23T21:32:16 epoch 272/500 step 100/610 loss 0.2635 lr 2.12e-04
[videomae] 2026-05-23T21:32:52 epoch 272/500 step 200/610 loss 0.2444 lr 2.12e-04
[videomae] 2026-05-23T21:33:28 epoch 272/500 step 300/610 loss 0.2673 lr 2.12e-04
[videomae] 2026-05-23T21:34:04 epoch 272/500 step 400/610 loss 0.2642 lr 2.11e-04
[videomae] 2026-05-23T21:34:40 epoch 272/500 step 500/610 loss 0.2703 lr 2.11e-04
[videomae] 2026-05-23T21:35:15 epoch 272/500 step 600/610 loss 0.2873 lr 2.11e-04
[videomae] 2026-05-23T21:35:19 epoch 272/500 avg loss 0.2639
[videomae] 2026-05-23T21:35:19 wrote trunk checkpoint -> /Data/romain.poggi/smth2smth/checkpoints/track_a/ssl/videomaev2_t4native_encoder.pt (149 tensors, EMA)
[videomae] 2026-05-23T21:35:20 wrote resume state -> /Data/romain.poggi/smth2smth/checkpoints/track_a/ssl/videomaev2_t4native_encoder.state.pt
[videomae] 2026-05-23T21:35:22 epoch 273/500 step 0/610 loss 0.2742 lr 2.11e-04
[videomae] 2026-05-23T21:35:58 epoch 273/500 step 100/610 loss 0.2716 lr 2.11e-04
[videomae] 2026-05-23T21:36:34 epoch 273/500 step 200/610 loss 0.2261 lr 2.10e-04
[videomae] 2026-05-23T21:37:10 epoch 273/500 step 300/610 loss 0.2785 lr 2.10e-04
[videomae] 2026-05-23T21:37:46 epoch 273/500 step 400/610 loss 0.2495 lr 2.10e-04
[videomae] 2026-05-23T21:38:21 epoch 273/500 step 500/610 loss 0.2654 lr 2.10e-04
[videomae] 2026-05-23T21:38:57 epoch 273/500 step 600/610 loss 0.2811 lr 2.09e-04
[videomae] 2026-05-23T21:39:00 epoch 273/500 avg loss 0.2638
[videomae] 2026-05-23T21:39:01 wrote trunk checkpoint -> /Data/romain.poggi/smth2smth/checkpoints/track_a/ssl/videomaev2_t4native_encoder.pt (149 tensors, EMA)
[videomae] 2026-05-23T21:39:02 wrote resume state -> /Data/romain.poggi/smth2smth/checkpoints/track_a/ssl/videomaev2_t4native_encoder.state.pt
[videomae] 2026-05-23T21:39:04 epoch 274/500 step 0/610 loss 0.2749 lr 2.09e-04
[videomae] 2026-05-23T21:39:40 epoch 274/500 step 100/610 loss 0.2708 lr 2.09e-04
[videomae] 2026-05-23T21:40:16 epoch 274/500 step 200/610 loss 0.2510 lr 2.09e-04
[videomae] 2026-05-23T21:40:52 epoch 274/500 step 300/610 loss 0.2540 lr 2.09e-04
[videomae] 2026-05-23T21:41:27 epoch 274/500 step 400/610 loss 0.2422 lr 2.08e-04
[videomae] 2026-05-23T21:42:03 epoch 274/500 step 500/610 loss 0.2418 lr 2.08e-04
[videomae] 2026-05-23T21:42:39 epoch 274/500 step 600/610 loss 0.2673 lr 2.08e-04
[videomae] 2026-05-23T21:42:42 epoch 274/500 avg loss 0.2630
[videomae] 2026-05-23T21:42:42 wrote trunk checkpoint -> /Data/romain.poggi/smth2smth/checkpoints/track_a/ssl/videomaev2_t4native_encoder.pt (149 tensors, EMA)
[videomae] 2026-05-23T21:42:44 wrote resume state -> /Data/romain.poggi/smth2smth/checkpoints/track_a/ssl/videomaev2_t4native_encoder.state.pt
[videomae] 2026-05-23T21:42:46 epoch 275/500 step 0/610 loss 0.2670 lr 2.08e-04
[videomae] 2026-05-23T21:43:22 epoch 275/500 step 100/610 loss 0.2680 lr 2.08e-04
[videomae] 2026-05-23T21:43:57 epoch 275/500 step 200/610 loss 0.2504 lr 2.07e-04
[videomae] 2026-05-23T21:44:33 epoch 275/500 step 300/610 loss 0.2741 lr 2.07e-04
[videomae] 2026-05-23T21:45:09 epoch 275/500 step 400/610 loss 0.2699 lr 2.07e-04
[videomae] 2026-05-23T21:45:45 epoch 275/500 step 500/610 loss 0.2532 lr 2.07e-04
[videomae] 2026-05-23T21:46:21 epoch 275/500 step 600/610 loss 0.2503 lr 2.06e-04
[videomae] 2026-05-23T21:46:24 epoch 275/500 avg loss 0.2627
[videomae] 2026-05-23T21:46:24 wrote trunk checkpoint -> /Data/romain.poggi/smth2smth/checkpoints/track_a/ssl/videomaev2_t4native_encoder.pt (149 tensors, EMA)
[videomae] 2026-05-23T21:46:25 wrote resume state -> /Data/romain.poggi/smth2smth/checkpoints/track_a/ssl/videomaev2_t4native_encoder.state.pt
[videomae] 2026-05-23T21:46:27 epoch 276/500 step 0/610 loss 0.2623 lr 2.06e-04
[videomae] 2026-05-23T21:47:03 epoch 276/500 step 100/610 loss 0.2390 lr 2.06e-04
[videomae] 2026-05-23T21:47:39 epoch 276/500 step 200/610 loss 0.2717 lr 2.06e-04
[videomae] 2026-05-23T21:48:15 epoch 276/500 step 300/610 loss 0.2874 lr 2.06e-04
[videomae] 2026-05-23T21:48:51 epoch 276/500 step 400/610 loss 0.2793 lr 2.05e-04
[videomae] 2026-05-23T21:49:26 epoch 276/500 step 500/610 loss 0.2279 lr 2.05e-04
[videomae] 2026-05-23T21:50:02 epoch 276/500 step 600/610 loss 0.2555 lr 2.05e-04
[videomae] 2026-05-23T21:50:05 epoch 276/500 avg loss 0.2626
[videomae] 2026-05-23T21:50:06 wrote trunk checkpoint -> /Data/romain.poggi/smth2smth/checkpoints/track_a/ssl/videomaev2_t4native_encoder.pt (149 tensors, EMA)
[videomae] 2026-05-23T21:50:07 wrote resume state -> /Data/romain.poggi/smth2smth/checkpoints/track_a/ssl/videomaev2_t4native_encoder.state.pt
[videomae] 2026-05-23T21:50:09 epoch 277/500 step 0/610 loss 0.2771 lr 2.05e-04
[videomae] 2026-05-23T21:50:45 epoch 277/500 step 100/610 loss 0.2533 lr 2.05e-04
[videomae] 2026-05-23T21:51:21 epoch 277/500 step 200/610 loss 0.2747 lr 2.04e-04
[videomae] 2026-05-23T21:51:57 epoch 277/500 step 300/610 loss 0.2697 lr 2.04e-04
[videomae] 2026-05-23T21:52:32 epoch 277/500 step 400/610 loss 0.2676 lr 2.04e-04
[videomae] 2026-05-23T21:53:08 epoch 277/500 step 500/610 loss 0.2569 lr 2.04e-04
[videomae] 2026-05-23T21:53:44 epoch 277/500 step 600/610 loss 0.2701 lr 2.03e-04
[videomae] 2026-05-23T21:53:47 epoch 277/500 avg loss 0.2619
[videomae] 2026-05-23T21:53:47 wrote trunk checkpoint -> /Data/romain.poggi/smth2smth/checkpoints/track_a/ssl/videomaev2_t4native_encoder.pt (149 tensors, EMA)
[videomae] 2026-05-23T21:53:49 wrote resume state -> /Data/romain.poggi/smth2smth/checkpoints/track_a/ssl/videomaev2_t4native_encoder.state.pt
[videomae] 2026-05-23T21:53:51 epoch 278/500 step 0/610 loss 0.2523 lr 2.03e-04
[videomae] 2026-05-23T21:54:27 epoch 278/500 step 100/610 loss 0.2594 lr 2.03e-04
[videomae] 2026-05-23T21:55:02 epoch 278/500 step 200/610 loss 0.2611 lr 2.03e-04
[videomae] 2026-05-23T21:55:38 epoch 278/500 step 300/610 loss 0.2411 lr 2.03e-04
[videomae] 2026-05-23T21:56:14 epoch 278/500 step 400/610 loss 0.2407 lr 2.02e-04
[videomae] 2026-05-23T21:56:50 epoch 278/500 step 500/610 loss 0.2579 lr 2.02e-04
[videomae] 2026-05-23T21:57:25 epoch 278/500 step 600/610 loss 0.2690 lr 2.02e-04
[videomae] 2026-05-23T21:57:29 epoch 278/500 avg loss 0.2625
[videomae] 2026-05-23T21:57:29 wrote trunk checkpoint -> /Data/romain.poggi/smth2smth/checkpoints/track_a/ssl/videomaev2_t4native_encoder.pt (149 tensors, EMA)
[videomae] 2026-05-23T21:57:30 wrote resume state -> /Data/romain.poggi/smth2smth/checkpoints/track_a/ssl/videomaev2_t4native_encoder.state.pt
[videomae] 2026-05-23T21:57:32 epoch 279/500 step 0/610 loss 0.2470 lr 2.02e-04
[videomae] 2026-05-23T21:58:08 epoch 279/500 step 100/610 loss 0.2628 lr 2.02e-04
[videomae] 2026-05-23T21:58:44 epoch 279/500 step 200/610 loss 0.2352 lr 2.01e-04
[videomae] 2026-05-23T21:59:20 epoch 279/500 step 300/610 loss 0.2606 lr 2.01e-04
[videomae] 2026-05-23T21:59:56 epoch 279/500 step 400/610 loss 0.2697 lr 2.01e-04
[videomae] 2026-05-23T22:00:31 epoch 279/500 step 500/610 loss 0.2662 lr 2.01e-04
[videomae] 2026-05-23T22:01:07 epoch 279/500 step 600/610 loss 0.2653 lr 2.01e-04
[videomae] 2026-05-23T22:01:10 epoch 279/500 avg loss 0.2626
[videomae] 2026-05-23T22:01:11 wrote trunk checkpoint -> /Data/romain.poggi/smth2smth/checkpoints/track_a/ssl/videomaev2_t4native_encoder.pt (149 tensors, EMA)
[videomae] 2026-05-23T22:01:12 wrote resume state -> /Data/romain.poggi/smth2smth/checkpoints/track_a/ssl/videomaev2_t4native_encoder.state.pt
[videomae] 2026-05-23T22:01:14 epoch 280/500 step 0/610 loss 0.2566 lr 2.00e-04
[videomae] 2026-05-23T22:01:50 epoch 280/500 step 100/610 loss 0.2777 lr 2.00e-04
[videomae] 2026-05-23T22:02:26 epoch 280/500 step 200/610 loss 0.2677 lr 2.00e-04
[videomae] 2026-05-23T22:03:01 epoch 280/500 step 300/610 loss 0.2722 lr 2.00e-04
[videomae] 2026-05-23T22:03:37 epoch 280/500 step 400/610 loss 0.2702 lr 2.00e-04
[videomae] 2026-05-23T22:04:13 epoch 280/500 step 500/610 loss 0.2760 lr 1.99e-04
[videomae] 2026-05-23T22:04:49 epoch 280/500 step 600/610 loss 0.2410 lr 1.99e-04
[videomae] 2026-05-23T22:04:52 epoch 280/500 avg loss 0.2637
[videomae] 2026-05-23T22:04:52 wrote trunk checkpoint -> /Data/romain.poggi/smth2smth/checkpoints/track_a/ssl/videomaev2_t4native_encoder.pt (149 tensors, EMA)
[videomae] 2026-05-23T22:04:54 wrote resume state -> /Data/romain.poggi/smth2smth/checkpoints/track_a/ssl/videomaev2_t4native_encoder.state.pt
[videomae] 2026-05-23T22:04:56 epoch 281/500 step 0/610 loss 0.2490 lr 1.99e-04
[videomae] 2026-05-23T22:05:32 epoch 281/500 step 100/610 loss 0.2642 lr 1.99e-04
[videomae] 2026-05-23T22:06:07 epoch 281/500 step 200/610 loss 0.2274 lr 1.99e-04
[videomae] 2026-05-23T22:06:43 epoch 281/500 step 300/610 loss 0.2634 lr 1.98e-04
[videomae] 2026-05-23T22:07:19 epoch 281/500 step 400/610 loss 0.2563 lr 1.98e-04
[videomae] 2026-05-23T22:07:55 epoch 281/500 step 500/610 loss 0.2674 lr 1.98e-04
[videomae] 2026-05-23T22:08:31 epoch 281/500 step 600/610 loss 0.2723 lr 1.98e-04
[videomae] 2026-05-23T22:08:34 epoch 281/500 avg loss 0.2633
[videomae] 2026-05-23T22:08:34 wrote trunk checkpoint -> /Data/romain.poggi/smth2smth/checkpoints/track_a/ssl/videomaev2_t4native_encoder.pt (149 tensors, EMA)
[videomae] 2026-05-23T22:08:35 wrote resume state -> /Data/romain.poggi/smth2smth/checkpoints/track_a/ssl/videomaev2_t4native_encoder.state.pt
[videomae] 2026-05-23T22:08:38 epoch 282/500 step 0/610 loss 0.2656 lr 1.98e-04
[videomae] 2026-05-23T22:09:13 epoch 282/500 step 100/610 loss 0.2445 lr 1.97e-04
[videomae] 2026-05-23T22:09:49 epoch 282/500 step 200/610 loss 0.2527 lr 1.97e-04
[videomae] 2026-05-23T22:10:25 epoch 282/500 step 300/610 loss 0.2485 lr 1.97e-04
[videomae] 2026-05-23T22:11:01 epoch 282/500 step 400/610 loss 0.2497 lr 1.97e-04
[videomae] 2026-05-23T22:11:37 epoch 282/500 step 500/610 loss 0.2568 lr 1.96e-04
[videomae] 2026-05-23T22:12:12 epoch 282/500 step 600/610 loss 0.2649 lr 1.96e-04
[videomae] 2026-05-23T22:12:16 epoch 282/500 avg loss 0.2645
[videomae] 2026-05-23T22:12:16 wrote trunk checkpoint -> /Data/romain.poggi/smth2smth/checkpoints/track_a/ssl/videomaev2_t4native_encoder.pt (149 tensors, EMA)
[videomae] 2026-05-23T22:12:17 wrote resume state -> /Data/romain.poggi/smth2smth/checkpoints/track_a/ssl/videomaev2_t4native_encoder.state.pt
[videomae] 2026-05-23T22:12:19 epoch 283/500 step 0/610 loss 0.2569 lr 1.96e-04
[videomae] 2026-05-23T22:12:55 epoch 283/500 step 100/610 loss 0.2773 lr 1.96e-04
[videomae] 2026-05-23T22:13:31 epoch 283/500 step 200/610 loss 0.2554 lr 1.96e-04
[videomae] 2026-05-23T22:14:07 epoch 283/500 step 300/610 loss 0.2550 lr 1.95e-04
[videomae] 2026-05-23T22:14:43 epoch 283/500 step 400/610 loss 0.2722 lr 1.95e-04
[videomae] 2026-05-23T22:15:18 epoch 283/500 step 500/610 loss 0.2679 lr 1.95e-04
[videomae] 2026-05-23T22:15:54 epoch 283/500 step 600/610 loss 0.2739 lr 1.95e-04
[videomae] 2026-05-23T22:15:57 epoch 283/500 avg loss 0.2650
[videomae] 2026-05-23T22:15:58 wrote trunk checkpoint -> /Data/romain.poggi/smth2smth/checkpoints/track_a/ssl/videomaev2_t4native_encoder.pt (149 tensors, EMA)
[videomae] 2026-05-23T22:15:59 wrote resume state -> /Data/romain.poggi/smth2smth/checkpoints/track_a/ssl/videomaev2_t4native_encoder.state.pt
[videomae] 2026-05-23T22:16:01 epoch 284/500 step 0/610 loss 0.2630 lr 1.95e-04
[videomae] 2026-05-23T22:16:37 epoch 284/500 step 100/610 loss 0.2570 lr 1.94e-04
[videomae] 2026-05-23T22:17:13 epoch 284/500 step 200/610 loss 0.2457 lr 1.94e-04
[videomae] 2026-05-23T22:17:49 epoch 284/500 step 300/610 loss 0.2460 lr 1.94e-04
[videomae] 2026-05-23T22:18:24 epoch 284/500 step 400/610 loss 0.2580 lr 1.94e-04
[videomae] 2026-05-23T22:19:00 epoch 284/500 step 500/610 loss 0.2561 lr 1.93e-04
[videomae] 2026-05-23T22:19:36 epoch 284/500 step 600/610 loss 0.2767 lr 1.93e-04
[videomae] 2026-05-23T22:19:39 epoch 284/500 avg loss 0.2650
[videomae] 2026-05-23T22:19:40 wrote trunk checkpoint -> /Data/romain.poggi/smth2smth/checkpoints/track_a/ssl/videomaev2_t4native_encoder.pt (149 tensors, EMA)
[videomae] 2026-05-23T22:19:41 wrote resume state -> /Data/romain.poggi/smth2smth/checkpoints/track_a/ssl/videomaev2_t4native_encoder.state.pt
[videomae] 2026-05-23T22:19:43 epoch 285/500 step 0/610 loss 0.2849 lr 1.93e-04
[videomae] 2026-05-23T22:20:19 epoch 285/500 step 100/610 loss 0.2801 lr 1.93e-04
[videomae] 2026-05-23T22:20:55 epoch 285/500 step 200/610 loss 0.2898 lr 1.93e-04
[videomae] 2026-05-23T22:21:31 epoch 285/500 step 300/610 loss 0.2575 lr 1.92e-04
[videomae] 2026-05-23T22:22:07 epoch 285/500 step 400/610 loss 0.2759 lr 1.92e-04
[videomae] 2026-05-23T22:22:42 epoch 285/500 step 500/610 loss 0.2873 lr 1.92e-04
[videomae] 2026-05-23T22:23:18 epoch 285/500 step 600/610 loss 0.2818 lr 1.92e-04
[videomae] 2026-05-23T22:23:21 epoch 285/500 avg loss 0.2649
[videomae] 2026-05-23T22:23:22 wrote trunk checkpoint -> /Data/romain.poggi/smth2smth/checkpoints/track_a/ssl/videomaev2_t4native_encoder.pt (149 tensors, EMA)
[videomae] 2026-05-23T22:23:23 wrote resume state -> /Data/romain.poggi/smth2smth/checkpoints/track_a/ssl/videomaev2_t4native_encoder.state.pt
[videomae] 2026-05-23T22:23:25 epoch 286/500 step 0/610 loss 0.2766 lr 1.92e-04
[videomae] 2026-05-23T22:24:01 epoch 286/500 step 100/610 loss 0.2687 lr 1.91e-04
[videomae] 2026-05-23T22:24:37 epoch 286/500 step 200/610 loss 0.2630 lr 1.91e-04
[videomae] 2026-05-23T22:25:13 epoch 286/500 step 300/610 loss 0.2440 lr 1.91e-04
[videomae] 2026-05-23T22:25:48 epoch 286/500 step 400/610 loss 0.2780 lr 1.91e-04
[videomae] 2026-05-23T22:26:24 epoch 286/500 step 500/610 loss 0.3015 lr 1.90e-04
[videomae] 2026-05-23T22:27:00 epoch 286/500 step 600/610 loss 0.2765 lr 1.90e-04
[videomae] 2026-05-23T22:27:03 epoch 286/500 avg loss 0.2655
[videomae] 2026-05-23T22:27:03 wrote trunk checkpoint -> /Data/romain.poggi/smth2smth/checkpoints/track_a/ssl/videomaev2_t4native_encoder.pt (149 tensors, EMA)
[videomae] 2026-05-23T22:27:05 wrote resume state -> /Data/romain.poggi/smth2smth/checkpoints/track_a/ssl/videomaev2_t4native_encoder.state.pt
[videomae] 2026-05-23T22:27:07 epoch 287/500 step 0/610 loss 0.2639 lr 1.90e-04
[videomae] 2026-05-23T22:27:43 epoch 287/500 step 100/610 loss 0.2555 lr 1.90e-04
[videomae] 2026-05-23T22:28:18 epoch 287/500 step 200/610 loss 0.2617 lr 1.90e-04
[videomae] 2026-05-23T22:28:54 epoch 287/500 step 300/610 loss 0.2720 lr 1.89e-04
[videomae] 2026-05-23T22:29:30 epoch 287/500 step 400/610 loss 0.2930 lr 1.89e-04
[videomae] 2026-05-23T22:30:06 epoch 287/500 step 500/610 loss 0.2728 lr 1.89e-04
[videomae] 2026-05-23T22:30:42 epoch 287/500 step 600/610 loss 0.2578 lr 1.89e-04
[videomae] 2026-05-23T22:30:45 epoch 287/500 avg loss 0.2645
[videomae] 2026-05-23T22:30:45 wrote trunk checkpoint -> /Data/romain.poggi/smth2smth/checkpoints/track_a/ssl/videomaev2_t4native_encoder.pt (149 tensors, EMA)
[videomae] 2026-05-23T22:30:46 wrote resume state -> /Data/romain.poggi/smth2smth/checkpoints/track_a/ssl/videomaev2_t4native_encoder.state.pt
[videomae] 2026-05-23T22:30:48 epoch 288/500 step 0/610 loss 0.2822 lr 1.89e-04
[videomae] 2026-05-23T22:31:53 epoch 288/500 step 100/610 loss 0.2506 lr 1.88e-04
[videomae] 2026-05-23T22:33:15 epoch 288/500 step 200/610 loss 0.2719 lr 1.88e-04
[videomae] 2026-05-23T22:34:37 epoch 288/500 step 300/610 loss 0.2568 lr 1.88e-04
[videomae] 2026-05-23T22:36:00 epoch 288/500 step 400/610 loss 0.2413 lr 1.88e-04
[videomae] 2026-05-23T22:37:22 epoch 288/500 step 500/610 loss 0.2747 lr 1.87e-04
[videomae] 2026-05-23T22:38:44 epoch 288/500 step 600/610 loss 0.2603 lr 1.87e-04
[videomae] 2026-05-23T22:38:52 epoch 288/500 avg loss 0.2643
[videomae] 2026-05-23T22:38:52 wrote trunk checkpoint -> /Data/romain.poggi/smth2smth/checkpoints/track_a/ssl/videomaev2_t4native_encoder.pt (149 tensors, EMA)
[videomae] 2026-05-23T22:38:53 wrote resume state -> /Data/romain.poggi/smth2smth/checkpoints/track_a/ssl/videomaev2_t4native_encoder.state.pt
[videomae] 2026-05-23T22:38:56 epoch 289/500 step 0/610 loss 0.2708 lr 1.87e-04
[videomae] 2026-05-23T22:40:18 epoch 289/500 step 100/610 loss 0.2671 lr 1.87e-04
[videomae] 2026-05-23T22:41:41 epoch 289/500 step 200/610 loss 0.2438 lr 1.87e-04
[videomae] 2026-05-23T22:43:03 epoch 289/500 step 300/610 loss 0.2559 lr 1.87e-04
[videomae] 2026-05-23T22:44:23 epoch 289/500 step 400/610 loss 0.2509 lr 1.86e-04
[videomae] 2026-05-23T22:44:59 epoch 289/500 step 500/610 loss 0.2476 lr 1.86e-04
[videomae] 2026-05-23T22:45:35 epoch 289/500 step 600/610 loss 0.2602 lr 1.86e-04
[videomae] 2026-05-23T22:45:38 epoch 289/500 avg loss 0.2623
[videomae] 2026-05-23T22:45:38 wrote trunk checkpoint -> /Data/romain.poggi/smth2smth/checkpoints/track_a/ssl/videomaev2_t4native_encoder.pt (149 tensors, EMA)
[videomae] 2026-05-23T22:45:40 wrote resume state -> /Data/romain.poggi/smth2smth/checkpoints/track_a/ssl/videomaev2_t4native_encoder.state.pt
[videomae] 2026-05-23T22:45:41 epoch 290/500 step 0/610 loss 0.2654 lr 1.86e-04
[videomae] 2026-05-23T22:46:17 epoch 290/500 step 100/610 loss 0.2605 lr 1.86e-04
[videomae] 2026-05-23T22:46:53 epoch 290/500 step 200/610 loss 0.2765 lr 1.85e-04
[videomae] 2026-05-23T22:47:29 epoch 290/500 step 300/610 loss 0.2627 lr 1.85e-04
[videomae] 2026-05-23T22:48:05 epoch 290/500 step 400/610 loss 0.2467 lr 1.85e-04
[videomae] 2026-05-23T22:48:40 epoch 290/500 step 500/610 loss 0.2620 lr 1.85e-04
[videomae] 2026-05-23T22:49:16 epoch 290/500 step 600/610 loss 0.2342 lr 1.84e-04
[videomae] 2026-05-23T22:49:20 epoch 290/500 avg loss 0.2615
[videomae] 2026-05-23T22:49:20 wrote trunk checkpoint -> /Data/romain.poggi/smth2smth/checkpoints/track_a/ssl/videomaev2_t4native_encoder.pt (149 tensors, EMA)
[videomae] 2026-05-23T22:49:21 wrote resume state -> /Data/romain.poggi/smth2smth/checkpoints/track_a/ssl/videomaev2_t4native_encoder.state.pt
[videomae] 2026-05-23T22:49:23 epoch 291/500 step 0/610 loss 0.2394 lr 1.84e-04
[videomae] 2026-05-23T22:49:59 epoch 291/500 step 100/610 loss 0.2542 lr 1.84e-04
[videomae] 2026-05-23T22:50:35 epoch 291/500 step 200/610 loss 0.2573 lr 1.84e-04
[videomae] 2026-05-23T22:51:10 epoch 291/500 step 300/610 loss 0.2424 lr 1.84e-04
[videomae] 2026-05-23T22:51:46 epoch 291/500 step 400/610 loss 0.2542 lr 1.83e-04
[videomae] 2026-05-23T22:52:22 epoch 291/500 step 500/610 loss 0.2804 lr 1.83e-04
[videomae] 2026-05-23T22:52:58 epoch 291/500 step 600/610 loss 0.2692 lr 1.83e-04
[videomae] 2026-05-23T22:53:01 epoch 291/500 avg loss 0.2613
[videomae] 2026-05-23T22:53:02 wrote trunk checkpoint -> /Data/romain.poggi/smth2smth/checkpoints/track_a/ssl/videomaev2_t4native_encoder.pt (149 tensors, EMA)
[videomae] 2026-05-23T22:53:03 wrote resume state -> /Data/romain.poggi/smth2smth/checkpoints/track_a/ssl/videomaev2_t4native_encoder.state.pt
[videomae] 2026-05-23T22:53:05 epoch 292/500 step 0/610 loss 0.2775 lr 1.83e-04
[videomae] 2026-05-23T22:53:41 epoch 292/500 step 100/610 loss 0.2608 lr 1.83e-04
[videomae] 2026-05-23T22:54:16 epoch 292/500 step 200/610 loss 0.2423 lr 1.82e-04
[videomae] 2026-05-23T22:54:52 epoch 292/500 step 300/610 loss 0.2605 lr 1.82e-04
[videomae] 2026-05-23T22:55:28 epoch 292/500 step 400/610 loss 0.2537 lr 1.82e-04
[videomae] 2026-05-23T22:56:04 epoch 292/500 step 500/610 loss 0.2740 lr 1.82e-04
[videomae] 2026-05-23T22:56:40 epoch 292/500 step 600/610 loss 0.2664 lr 1.81e-04
[videomae] 2026-05-23T22:56:43 epoch 292/500 avg loss 0.2616
[videomae] 2026-05-23T22:56:43 wrote trunk checkpoint -> /Data/romain.poggi/smth2smth/checkpoints/track_a/ssl/videomaev2_t4native_encoder.pt (149 tensors, EMA)
[videomae] 2026-05-23T22:56:45 wrote resume state -> /Data/romain.poggi/smth2smth/checkpoints/track_a/ssl/videomaev2_t4native_encoder.state.pt
[videomae] 2026-05-23T22:56:47 epoch 293/500 step 0/610 loss 0.2876 lr 1.81e-04
[videomae] 2026-05-23T22:57:22 epoch 293/500 step 100/610 loss 0.2541 lr 1.81e-04
[videomae] 2026-05-23T22:57:58 epoch 293/500 step 200/610 loss 0.2725 lr 1.81e-04
[videomae] 2026-05-23T22:58:34 epoch 293/500 step 300/610 loss 0.2844 lr 1.81e-04
[videomae] 2026-05-23T22:59:10 epoch 293/500 step 400/610 loss 0.2648 lr 1.80e-04
[videomae] 2026-05-23T22:59:46 epoch 293/500 step 500/610 loss 0.2758 lr 1.80e-04
[videomae] 2026-05-23T23:00:22 epoch 293/500 step 600/610 loss 0.2565 lr 1.80e-04
[videomae] 2026-05-23T23:00:25 epoch 293/500 avg loss 0.2611
[videomae] 2026-05-23T23:00:25 wrote trunk checkpoint -> /Data/romain.poggi/smth2smth/checkpoints/track_a/ssl/videomaev2_t4native_encoder.pt (149 tensors, EMA)
[videomae] 2026-05-23T23:00:26 wrote resume state -> /Data/romain.poggi/smth2smth/checkpoints/track_a/ssl/videomaev2_t4native_encoder.state.pt
[videomae] 2026-05-23T23:00:28 epoch 294/500 step 0/610 loss 0.2438 lr 1.80e-04
[videomae] 2026-05-23T23:01:04 epoch 294/500 step 100/610 loss 0.2870 lr 1.80e-04
[videomae] 2026-05-23T23:01:40 epoch 294/500 step 200/610 loss 0.2796 lr 1.79e-04
[videomae] 2026-05-23T23:02:16 epoch 294/500 step 300/610 loss 0.2708 lr 1.79e-04
[videomae] 2026-05-23T23:02:52 epoch 294/500 step 400/610 loss 0.2666 lr 1.79e-04
[videomae] 2026-05-23T23:03:28 epoch 294/500 step 500/610 loss 0.2612 lr 1.79e-04
[videomae] 2026-05-23T23:04:04 epoch 294/500 step 600/610 loss 0.2469 lr 1.78e-04
[videomae] 2026-05-23T23:04:07 epoch 294/500 avg loss 0.2609
[videomae] 2026-05-23T23:04:07 wrote trunk checkpoint -> /Data/romain.poggi/smth2smth/checkpoints/track_a/ssl/videomaev2_t4native_encoder.pt (149 tensors, EMA)
[videomae] 2026-05-23T23:04:08 wrote resume state -> /Data/romain.poggi/smth2smth/checkpoints/track_a/ssl/videomaev2_t4native_encoder.state.pt
[videomae] 2026-05-23T23:04:10 epoch 295/500 step 0/610 loss 0.2744 lr 1.78e-04
[videomae] 2026-05-23T23:04:46 epoch 295/500 step 100/610 loss 0.2634 lr 1.78e-04
[videomae] 2026-05-23T23:05:22 epoch 295/500 step 200/610 loss 0.2779 lr 1.78e-04
[videomae] 2026-05-23T23:05:58 epoch 295/500 step 300/610 loss 0.2632 lr 1.78e-04
[videomae] 2026-05-23T23:06:34 epoch 295/500 step 400/610 loss 0.2677 lr 1.78e-04
[videomae] 2026-05-23T23:07:10 epoch 295/500 step 500/610 loss 0.2594 lr 1.77e-04
[videomae] 2026-05-23T23:07:45 epoch 295/500 step 600/610 loss 0.2512 lr 1.77e-04
[videomae] 2026-05-23T23:07:49 epoch 295/500 avg loss 0.2600
[videomae] 2026-05-23T23:07:49 wrote trunk checkpoint -> /Data/romain.poggi/smth2smth/checkpoints/track_a/ssl/videomaev2_t4native_encoder.pt (149 tensors, EMA)
[videomae] 2026-05-23T23:07:50 wrote resume state -> /Data/romain.poggi/smth2smth/checkpoints/track_a/ssl/videomaev2_t4native_encoder.state.pt
[videomae] 2026-05-23T23:07:52 epoch 296/500 step 0/610 loss 0.2731 lr 1.77e-04
[videomae] 2026-05-23T23:08:28 epoch 296/500 step 100/610 loss 0.2585 lr 1.77e-04
[videomae] 2026-05-23T23:09:04 epoch 296/500 step 200/610 loss 0.2524 lr 1.77e-04
[videomae] 2026-05-23T23:09:40 epoch 296/500 step 300/610 loss 0.2485 lr 1.76e-04
[videomae] 2026-05-23T23:10:16 epoch 296/500 step 400/610 loss 0.2695 lr 1.76e-04
[videomae] 2026-05-23T23:10:51 epoch 296/500 step 500/610 loss 0.2620 lr 1.76e-04
[videomae] 2026-05-23T23:11:27 epoch 296/500 step 600/610 loss 0.2945 lr 1.76e-04
[videomae] 2026-05-23T23:11:30 epoch 296/500 avg loss 0.2602
[videomae] 2026-05-23T23:11:31 wrote trunk checkpoint -> /Data/romain.poggi/smth2smth/checkpoints/track_a/ssl/videomaev2_t4native_encoder.pt (149 tensors, EMA)
[videomae] 2026-05-23T23:11:32 wrote resume state -> /Data/romain.poggi/smth2smth/checkpoints/track_a/ssl/videomaev2_t4native_encoder.state.pt
[videomae] 2026-05-23T23:11:34 epoch 297/500 step 0/610 loss 0.2637 lr 1.76e-04
[videomae] 2026-05-23T23:12:10 epoch 297/500 step 100/610 loss 0.2848 lr 1.75e-04
[videomae] 2026-05-23T23:12:46 epoch 297/500 step 200/610 loss 0.2199 lr 1.75e-04
[videomae] 2026-05-23T23:13:22 epoch 297/500 step 300/610 loss 0.2703 lr 1.75e-04
[videomae] 2026-05-23T23:13:57 epoch 297/500 step 400/610 loss 0.2415 lr 1.75e-04
[videomae] 2026-05-23T23:14:33 epoch 297/500 step 500/610 loss 0.2795 lr 1.74e-04
[videomae] 2026-05-23T23:15:09 epoch 297/500 step 600/610 loss 0.2749 lr 1.74e-04
[videomae] 2026-05-23T23:15:12 epoch 297/500 avg loss 0.2604
[videomae] 2026-05-23T23:15:12 wrote trunk checkpoint -> /Data/romain.poggi/smth2smth/checkpoints/track_a/ssl/videomaev2_t4native_encoder.pt (149 tensors, EMA)
[videomae] 2026-05-23T23:15:14 wrote resume state -> /Data/romain.poggi/smth2smth/checkpoints/track_a/ssl/videomaev2_t4native_encoder.state.pt
[videomae] 2026-05-23T23:15:16 epoch 298/500 step 0/610 loss 0.2784 lr 1.74e-04
[videomae] 2026-05-23T23:15:52 epoch 298/500 step 100/610 loss 0.2668 lr 1.74e-04
[videomae] 2026-05-23T23:16:28 epoch 298/500 step 200/610 loss 0.2814 lr 1.74e-04
[videomae] 2026-05-23T23:17:03 epoch 298/500 step 300/610 loss 0.2534 lr 1.73e-04
[videomae] 2026-05-23T23:17:39 epoch 298/500 step 400/610 loss 0.2545 lr 1.73e-04
[videomae] 2026-05-23T23:18:15 epoch 298/500 step 500/610 loss 0.2601 lr 1.73e-04
[videomae] 2026-05-23T23:18:51 epoch 298/500 step 600/610 loss 0.2774 lr 1.73e-04
[videomae] 2026-05-23T23:18:54 epoch 298/500 avg loss 0.2598
[videomae] 2026-05-23T23:18:55 wrote trunk checkpoint -> /Data/romain.poggi/smth2smth/checkpoints/track_a/ssl/videomaev2_t4native_encoder.pt (149 tensors, EMA)
[videomae] 2026-05-23T23:18:56 wrote resume state -> /Data/romain.poggi/smth2smth/checkpoints/track_a/ssl/videomaev2_t4native_encoder.state.pt
[videomae] 2026-05-23T23:18:58 epoch 299/500 step 0/610 loss 0.2492 lr 1.73e-04
[videomae] 2026-05-23T23:19:34 epoch 299/500 step 100/610 loss 0.2695 lr 1.72e-04
[videomae] 2026-05-23T23:20:10 epoch 299/500 step 200/610 loss 0.2492 lr 1.72e-04
[videomae] 2026-05-23T23:20:45 epoch 299/500 step 300/610 loss 0.2770 lr 1.72e-04
[videomae] 2026-05-23T23:21:21 epoch 299/500 step 400/610 loss 0.2687 lr 1.72e-04
[videomae] 2026-05-23T23:21:57 epoch 299/500 step 500/610 loss 0.2582 lr 1.71e-04
[videomae] 2026-05-23T23:22:33 epoch 299/500 step 600/610 loss 0.2533 lr 1.71e-04
[videomae] 2026-05-23T23:22:36 epoch 299/500 avg loss 0.2594
[videomae] 2026-05-23T23:22:36 wrote trunk checkpoint -> /Data/romain.poggi/smth2smth/checkpoints/track_a/ssl/videomaev2_t4native_encoder.pt (149 tensors, EMA)
[videomae] 2026-05-23T23:22:38 wrote resume state -> /Data/romain.poggi/smth2smth/checkpoints/track_a/ssl/videomaev2_t4native_encoder.state.pt
[videomae] 2026-05-23T23:22:40 epoch 300/500 step 0/610 loss 0.2756 lr 1.71e-04
[videomae] 2026-05-23T23:23:16 epoch 300/500 step 100/610 loss 0.2552 lr 1.71e-04
[videomae] 2026-05-23T23:23:52 epoch 300/500 step 200/610 loss 0.2559 lr 1.71e-04
[videomae] 2026-05-23T23:24:27 epoch 300/500 step 300/610 loss 0.2598 lr 1.70e-04
[videomae] 2026-05-23T23:25:03 epoch 300/500 step 400/610 loss 0.2716 lr 1.70e-04
[videomae] 2026-05-23T23:25:39 epoch 300/500 step 500/610 loss 0.2456 lr 1.70e-04
[videomae] 2026-05-23T23:26:15 epoch 300/500 step 600/610 loss 0.2341 lr 1.70e-04
[videomae] 2026-05-23T23:26:18 epoch 300/500 avg loss 0.2594
[videomae] 2026-05-23T23:26:18 wrote trunk checkpoint -> /Data/romain.poggi/smth2smth/checkpoints/track_a/ssl/videomaev2_t4native_encoder.pt (149 tensors, EMA)
[videomae] 2026-05-23T23:26:19 wrote trunk checkpoint -> /Data/romain.poggi/smth2smth/checkpoints/track_a/ssl/videomaev2_t4native_encoder_ep300.pt (149 tensors, EMA)
[videomae] 2026-05-23T23:26:20 wrote resume state -> /Data/romain.poggi/smth2smth/checkpoints/track_a/ssl/videomaev2_t4native_encoder.state.pt
[videomae] 2026-05-23T23:26:22 epoch 301/500 step 0/610 loss 0.2384 lr 1.70e-04
[videomae] 2026-05-23T23:26:58 epoch 301/500 step 100/610 loss 0.2418 lr 1.70e-04
[videomae] 2026-05-23T23:27:34 epoch 301/500 step 200/610 loss 0.2349 lr 1.69e-04
[videomae] 2026-05-23T23:28:09 epoch 301/500 step 300/610 loss 0.2444 lr 1.69e-04
[videomae] 2026-05-23T23:28:45 epoch 301/500 step 400/610 loss 0.2632 lr 1.69e-04
[videomae] 2026-05-23T23:29:21 epoch 301/500 step 500/610 loss 0.2681 lr 1.69e-04
[videomae] 2026-05-23T23:29:57 epoch 301/500 step 600/610 loss 0.2699 lr 1.68e-04
[videomae] 2026-05-23T23:30:00 epoch 301/500 avg loss 0.2596
[videomae] 2026-05-23T23:30:00 wrote trunk checkpoint -> /Data/romain.poggi/smth2smth/checkpoints/track_a/ssl/videomaev2_t4native_encoder.pt (149 tensors, EMA)
[videomae] 2026-05-23T23:30:02 wrote resume state -> /Data/romain.poggi/smth2smth/checkpoints/track_a/ssl/videomaev2_t4native_encoder.state.pt
[videomae] 2026-05-23T23:30:04 epoch 302/500 step 0/610 loss 0.2448 lr 1.68e-04
[videomae] 2026-05-23T23:30:40 epoch 302/500 step 100/610 loss 0.2733 lr 1.68e-04
[videomae] 2026-05-23T23:31:16 epoch 302/500 step 200/610 loss 0.2704 lr 1.68e-04
[videomae] 2026-05-23T23:31:52 epoch 302/500 step 300/610 loss 0.2412 lr 1.68e-04
[videomae] 2026-05-23T23:32:27 epoch 302/500 step 400/610 loss 0.2497 lr 1.67e-04
[videomae] 2026-05-23T23:33:03 epoch 302/500 step 500/610 loss 0.2548 lr 1.67e-04
[videomae] 2026-05-23T23:33:39 epoch 302/500 step 600/610 loss 0.2698 lr 1.67e-04
[videomae] 2026-05-23T23:33:42 epoch 302/500 avg loss 0.2591
[videomae] 2026-05-23T23:33:43 wrote trunk checkpoint -> /Data/romain.poggi/smth2smth/checkpoints/track_a/ssl/videomaev2_t4native_encoder.pt (149 tensors, EMA)
[videomae] 2026-05-23T23:33:44 wrote resume state -> /Data/romain.poggi/smth2smth/checkpoints/track_a/ssl/videomaev2_t4native_encoder.state.pt
[videomae] 2026-05-23T23:33:46 epoch 303/500 step 0/610 loss 0.2798 lr 1.67e-04
[videomae] 2026-05-23T23:34:22 epoch 303/500 step 100/610 loss 0.2583 lr 1.67e-04
[videomae] 2026-05-23T23:34:58 epoch 303/500 step 200/610 loss 0.2574 lr 1.66e-04
[videomae] 2026-05-23T23:35:33 epoch 303/500 step 300/610 loss 0.2538 lr 1.66e-04
[videomae] 2026-05-23T23:36:09 epoch 303/500 step 400/610 loss 0.2706 lr 1.66e-04
[videomae] 2026-05-23T23:36:45 epoch 303/500 step 500/610 loss 0.2621 lr 1.66e-04
[videomae] 2026-05-23T23:37:21 epoch 303/500 step 600/610 loss 0.2603 lr 1.65e-04
[videomae] 2026-05-23T23:37:24 epoch 303/500 avg loss 0.2586
[videomae] 2026-05-23T23:37:24 wrote trunk checkpoint -> /Data/romain.poggi/smth2smth/checkpoints/track_a/ssl/videomaev2_t4native_encoder.pt (149 tensors, EMA)
[videomae] 2026-05-23T23:37:26 wrote resume state -> /Data/romain.poggi/smth2smth/checkpoints/track_a/ssl/videomaev2_t4native_encoder.state.pt
[videomae] 2026-05-23T23:37:28 epoch 304/500 step 0/610 loss 0.2849 lr 1.65e-04
[videomae] 2026-05-23T23:38:04 epoch 304/500 step 100/610 loss 0.2588 lr 1.65e-04
[videomae] 2026-05-23T23:38:39 epoch 304/500 step 200/610 loss 0.2810 lr 1.65e-04
[videomae] 2026-05-23T23:39:15 epoch 304/500 step 300/610 loss 0.2731 lr 1.65e-04
[videomae] 2026-05-23T23:39:51 epoch 304/500 step 400/610 loss 0.2463 lr 1.65e-04
[videomae] 2026-05-23T23:40:27 epoch 304/500 step 500/610 loss 0.2684 lr 1.64e-04
[videomae] 2026-05-23T23:41:03 epoch 304/500 step 600/610 loss 0.2786 lr 1.64e-04
[videomae] 2026-05-23T23:41:06 epoch 304/500 avg loss 0.2594
[videomae] 2026-05-23T23:41:06 wrote trunk checkpoint -> /Data/romain.poggi/smth2smth/checkpoints/track_a/ssl/videomaev2_t4native_encoder.pt (149 tensors, EMA)
[videomae] 2026-05-23T23:41:07 wrote resume state -> /Data/romain.poggi/smth2smth/checkpoints/track_a/ssl/videomaev2_t4native_encoder.state.pt
[videomae] 2026-05-23T23:41:10 epoch 305/500 step 0/610 loss 0.2441 lr 1.64e-04
[videomae] 2026-05-23T23:41:45 epoch 305/500 step 100/610 loss 0.2715 lr 1.64e-04
[videomae] 2026-05-23T23:42:21 epoch 305/500 step 200/610 loss 0.2702 lr 1.64e-04
[videomae] 2026-05-23T23:42:57 epoch 305/500 step 300/610 loss 0.2494 lr 1.63e-04
[videomae] 2026-05-23T23:43:33 epoch 305/500 step 400/610 loss 0.2595 lr 1.63e-04
[videomae] 2026-05-23T23:44:09 epoch 305/500 step 500/610 loss 0.2651 lr 1.63e-04
[videomae] 2026-05-23T23:44:45 epoch 305/500 step 600/610 loss 0.2856 lr 1.63e-04
[videomae] 2026-05-23T23:44:48 epoch 305/500 avg loss 0.2580
[videomae] 2026-05-23T23:44:48 wrote trunk checkpoint -> /Data/romain.poggi/smth2smth/checkpoints/track_a/ssl/videomaev2_t4native_encoder.pt (149 tensors, EMA)
[videomae] 2026-05-23T23:44:50 wrote resume state -> /Data/romain.poggi/smth2smth/checkpoints/track_a/ssl/videomaev2_t4native_encoder.state.pt
[videomae] 2026-05-23T23:44:52 epoch 306/500 step 0/610 loss 0.2694 lr 1.63e-04
[videomae] 2026-05-23T23:45:28 epoch 306/500 step 100/610 loss 0.2516 lr 1.62e-04
[videomae] 2026-05-23T23:46:03 epoch 306/500 step 200/610 loss 0.2348 lr 1.62e-04
[videomae] 2026-05-23T23:46:39 epoch 306/500 step 300/610 loss 0.2335 lr 1.62e-04
[videomae] 2026-05-23T23:47:15 epoch 306/500 step 400/610 loss 0.2786 lr 1.62e-04
[videomae] 2026-05-23T23:47:51 epoch 306/500 step 500/610 loss 0.2631 lr 1.61e-04
[videomae] 2026-05-23T23:48:27 epoch 306/500 step 600/610 loss 0.2642 lr 1.61e-04
[videomae] 2026-05-23T23:48:30 epoch 306/500 avg loss 0.2579
[videomae] 2026-05-23T23:48:30 wrote trunk checkpoint -> /Data/romain.poggi/smth2smth/checkpoints/track_a/ssl/videomaev2_t4native_encoder.pt (149 tensors, EMA)
[videomae] 2026-05-23T23:48:32 wrote resume state -> /Data/romain.poggi/smth2smth/checkpoints/track_a/ssl/videomaev2_t4native_encoder.state.pt
[videomae] 2026-05-23T23:48:34 epoch 307/500 step 0/610 loss 0.2628 lr 1.61e-04
[videomae] 2026-05-23T23:49:10 epoch 307/500 step 100/610 loss 0.2564 lr 1.61e-04
[videomae] 2026-05-23T23:49:46 epoch 307/500 step 200/610 loss 0.2405 lr 1.61e-04
[videomae] 2026-05-23T23:50:21 epoch 307/500 step 300/610 loss 0.2567 lr 1.60e-04
[videomae] 2026-05-23T23:50:57 epoch 307/500 step 400/610 loss 0.2683 lr 1.60e-04
[videomae] 2026-05-23T23:51:33 epoch 307/500 step 500/610 loss 0.2564 lr 1.60e-04
[videomae] 2026-05-23T23:52:09 epoch 307/500 step 600/610 loss 0.2551 lr 1.60e-04
[videomae] 2026-05-23T23:52:12 epoch 307/500 avg loss 0.2577
[videomae] 2026-05-23T23:52:12 wrote trunk checkpoint -> /Data/romain.poggi/smth2smth/checkpoints/track_a/ssl/videomaev2_t4native_encoder.pt (149 tensors, EMA)
[videomae] 2026-05-23T23:52:14 wrote resume state -> /Data/romain.poggi/smth2smth/checkpoints/track_a/ssl/videomaev2_t4native_encoder.state.pt
[videomae] 2026-05-23T23:52:15 epoch 308/500 step 0/610 loss 0.2681 lr 1.60e-04
[videomae] 2026-05-23T23:52:51 epoch 308/500 step 100/610 loss 0.2351 lr 1.59e-04
[videomae] 2026-05-23T23:53:27 epoch 308/500 step 200/610 loss 0.2382 lr 1.59e-04
[videomae] 2026-05-23T23:54:03 epoch 308/500 step 300/610 loss 0.2635 lr 1.59e-04
[videomae] 2026-05-23T23:54:39 epoch 308/500 step 400/610 loss 0.2730 lr 1.59e-04
[videomae] 2026-05-23T23:55:15 epoch 308/500 step 500/610 loss 0.2485 lr 1.59e-04
[videomae] 2026-05-23T23:55:50 epoch 308/500 step 600/610 loss 0.2527 lr 1.58e-04
[videomae] 2026-05-23T23:55:54 epoch 308/500 avg loss 0.2589
[videomae] 2026-05-23T23:55:54 wrote trunk checkpoint -> /Data/romain.poggi/smth2smth/checkpoints/track_a/ssl/videomaev2_t4native_encoder.pt (149 tensors, EMA)
[videomae] 2026-05-23T23:55:55 wrote resume state -> /Data/romain.poggi/smth2smth/checkpoints/track_a/ssl/videomaev2_t4native_encoder.state.pt
[videomae] 2026-05-23T23:55:57 epoch 309/500 step 0/610 loss 0.2374 lr 1.58e-04
[videomae] 2026-05-23T23:56:33 epoch 309/500 step 100/610 loss 0.2551 lr 1.58e-04
[videomae] 2026-05-23T23:57:09 epoch 309/500 step 200/610 loss 0.2448 lr 1.58e-04
[videomae] 2026-05-23T23:57:45 epoch 309/500 step 300/610 loss 0.2688 lr 1.58e-04
[videomae] 2026-05-23T23:58:21 epoch 309/500 step 400/610 loss 0.2485 lr 1.57e-04
[videomae] 2026-05-23T23:58:56 epoch 309/500 step 500/610 loss 0.2493 lr 1.57e-04
[videomae] 2026-05-23T23:59:32 epoch 309/500 step 600/610 loss 0.2505 lr 1.57e-04
[videomae] 2026-05-23T23:59:36 epoch 309/500 avg loss 0.2587
[videomae] 2026-05-23T23:59:36 wrote trunk checkpoint -> /Data/romain.poggi/smth2smth/checkpoints/track_a/ssl/videomaev2_t4native_encoder.pt (149 tensors, EMA)
[videomae] 2026-05-23T23:59:37 wrote resume state -> /Data/romain.poggi/smth2smth/checkpoints/track_a/ssl/videomaev2_t4native_encoder.state.pt
[videomae] 2026-05-23T23:59:39 epoch 310/500 step 0/610 loss 0.2364 lr 1.57e-04
[videomae] 2026-05-24T00:00:15 epoch 310/500 step 100/610 loss 0.2734 lr 1.57e-04
[videomae] 2026-05-24T00:00:51 epoch 310/500 step 200/610 loss 0.2725 lr 1.56e-04
[videomae] 2026-05-24T00:01:26 epoch 310/500 step 300/610 loss 0.2636 lr 1.56e-04
[videomae] 2026-05-24T00:02:02 epoch 310/500 step 400/610 loss 0.2574 lr 1.56e-04
[videomae] 2026-05-24T00:02:38 epoch 310/500 step 500/610 loss 0.2510 lr 1.56e-04
[videomae] 2026-05-24T00:03:14 epoch 310/500 step 600/610 loss 0.2751 lr 1.55e-04
[videomae] 2026-05-24T00:03:17 epoch 310/500 avg loss 0.2612
[videomae] 2026-05-24T00:03:17 wrote trunk checkpoint -> /Data/romain.poggi/smth2smth/checkpoints/track_a/ssl/videomaev2_t4native_encoder.pt (149 tensors, EMA)
[videomae] 2026-05-24T00:03:19 wrote resume state -> /Data/romain.poggi/smth2smth/checkpoints/track_a/ssl/videomaev2_t4native_encoder.state.pt
[videomae] 2026-05-24T00:03:20 epoch 311/500 step 0/610 loss 0.2697 lr 1.55e-04
[videomae] 2026-05-24T00:03:56 epoch 311/500 step 100/610 loss 0.2675 lr 1.55e-04
[videomae] 2026-05-24T00:04:32 epoch 311/500 step 200/610 loss 0.2559 lr 1.55e-04
[videomae] 2026-05-24T00:05:08 epoch 311/500 step 300/610 loss 0.2534 lr 1.55e-04
[videomae] 2026-05-24T00:05:44 epoch 311/500 step 400/610 loss 0.2882 lr 1.55e-04
[videomae] 2026-05-24T00:06:20 epoch 311/500 step 500/610 loss 0.2559 lr 1.54e-04
[videomae] 2026-05-24T00:06:55 epoch 311/500 step 600/610 loss 0.2586 lr 1.54e-04
[videomae] 2026-05-24T00:06:59 epoch 311/500 avg loss 0.2612
[videomae] 2026-05-24T00:06:59 wrote trunk checkpoint -> /Data/romain.poggi/smth2smth/checkpoints/track_a/ssl/videomaev2_t4native_encoder.pt (149 tensors, EMA)
[videomae] 2026-05-24T00:07:00 wrote resume state -> /Data/romain.poggi/smth2smth/checkpoints/track_a/ssl/videomaev2_t4native_encoder.state.pt
[videomae] 2026-05-24T00:07:02 epoch 312/500 step 0/610 loss 0.2483 lr 1.54e-04
[videomae] 2026-05-24T00:07:38 epoch 312/500 step 100/610 loss 0.2646 lr 1.54e-04
[videomae] 2026-05-24T00:08:14 epoch 312/500 step 200/610 loss 0.2639 lr 1.54e-04
[videomae] 2026-05-24T00:08:50 epoch 312/500 step 300/610 loss 0.2686 lr 1.53e-04
[videomae] 2026-05-24T00:09:26 epoch 312/500 step 400/610 loss 0.2690 lr 1.53e-04
[videomae] 2026-05-24T00:10:01 epoch 312/500 step 500/610 loss 0.2647 lr 1.53e-04
[videomae] 2026-05-24T00:10:37 epoch 312/500 step 600/610 loss 0.2551 lr 1.53e-04
[videomae] 2026-05-24T00:10:40 epoch 312/500 avg loss 0.2604
[videomae] 2026-05-24T00:10:41 wrote trunk checkpoint -> /Data/romain.poggi/smth2smth/checkpoints/track_a/ssl/videomaev2_t4native_encoder.pt (149 tensors, EMA)
[videomae] 2026-05-24T00:10:42 wrote resume state -> /Data/romain.poggi/smth2smth/checkpoints/track_a/ssl/videomaev2_t4native_encoder.state.pt
[videomae] 2026-05-24T00:10:44 epoch 313/500 step 0/610 loss 0.2734 lr 1.53e-04
[videomae] 2026-05-24T00:11:20 epoch 313/500 step 100/610 loss 0.2570 lr 1.52e-04
[videomae] 2026-05-24T00:11:56 epoch 313/500 step 200/610 loss 0.2460 lr 1.52e-04
[videomae] 2026-05-24T00:12:32 epoch 313/500 step 300/610 loss 0.2531 lr 1.52e-04
[videomae] 2026-05-24T00:13:07 epoch 313/500 step 400/610 loss 0.2651 lr 1.52e-04
[videomae] 2026-05-24T00:13:43 epoch 313/500 step 500/610 loss 0.2413 lr 1.51e-04
[videomae] 2026-05-24T00:14:19 epoch 313/500 step 600/610 loss 0.2680 lr 1.51e-04
[videomae] 2026-05-24T00:14:22 epoch 313/500 avg loss 0.2609
[videomae] 2026-05-24T00:14:23 wrote trunk checkpoint -> /Data/romain.poggi/smth2smth/checkpoints/track_a/ssl/videomaev2_t4native_encoder.pt (149 tensors, EMA)
[videomae] 2026-05-24T00:14:24 wrote resume state -> /Data/romain.poggi/smth2smth/checkpoints/track_a/ssl/videomaev2_t4native_encoder.state.pt
[videomae] 2026-05-24T00:14:26 epoch 314/500 step 0/610 loss 0.2400 lr 1.51e-04
[videomae] 2026-05-24T00:15:02 epoch 314/500 step 100/610 loss 0.2770 lr 1.51e-04
[videomae] 2026-05-24T00:15:38 epoch 314/500 step 200/610 loss 0.2379 lr 1.51e-04
[videomae] 2026-05-24T00:16:14 epoch 314/500 step 300/610 loss 0.2443 lr 1.51e-04
[videomae] 2026-05-24T00:16:50 epoch 314/500 step 400/610 loss 0.2507 lr 1.50e-04
[videomae] 2026-05-24T00:17:26 epoch 314/500 step 500/610 loss 0.2500 lr 1.50e-04
[videomae] 2026-05-24T00:18:01 epoch 314/500 step 600/610 loss 0.2660 lr 1.50e-04
[videomae] 2026-05-24T00:18:05 epoch 314/500 avg loss 0.2599
[videomae] 2026-05-24T00:18:05 wrote trunk checkpoint -> /Data/romain.poggi/smth2smth/checkpoints/track_a/ssl/videomaev2_t4native_encoder.pt (149 tensors, EMA)
[videomae] 2026-05-24T00:18:06 wrote resume state -> /Data/romain.poggi/smth2smth/checkpoints/track_a/ssl/videomaev2_t4native_encoder.state.pt
[videomae] 2026-05-24T00:18:08 epoch 315/500 step 0/610 loss 0.2703 lr 1.50e-04
[videomae] 2026-05-24T00:18:44 epoch 315/500 step 100/610 loss 0.2593 lr 1.50e-04
[videomae] 2026-05-24T00:19:20 epoch 315/500 step 200/610 loss 0.3059 lr 1.49e-04
[videomae] 2026-05-24T00:19:56 epoch 315/500 step 300/610 loss 0.2620 lr 1.49e-04
[videomae] 2026-05-24T00:20:32 epoch 315/500 step 400/610 loss 0.2590 lr 1.49e-04
[videomae] 2026-05-24T00:21:08 epoch 315/500 step 500/610 loss 0.2639 lr 1.49e-04
[videomae] 2026-05-24T00:21:44 epoch 315/500 step 600/610 loss 0.2773 lr 1.48e-04
[videomae] 2026-05-24T00:21:47 epoch 315/500 avg loss 0.2590
[videomae] 2026-05-24T00:21:47 wrote trunk checkpoint -> /Data/romain.poggi/smth2smth/checkpoints/track_a/ssl/videomaev2_t4native_encoder.pt (149 tensors, EMA)
[videomae] 2026-05-24T00:21:48 wrote resume state -> /Data/romain.poggi/smth2smth/checkpoints/track_a/ssl/videomaev2_t4native_encoder.state.pt
[videomae] 2026-05-24T00:21:50 epoch 316/500 step 0/610 loss 0.2682 lr 1.48e-04
[videomae] 2026-05-24T00:22:26 epoch 316/500 step 100/610 loss 0.2872 lr 1.48e-04
[videomae] 2026-05-24T00:23:02 epoch 316/500 step 200/610 loss 0.2543 lr 1.48e-04
[videomae] 2026-05-24T00:23:38 epoch 316/500 step 300/610 loss 0.2779 lr 1.48e-04
[videomae] 2026-05-24T00:24:14 epoch 316/500 step 400/610 loss 0.2520 lr 1.48e-04
[videomae] 2026-05-24T00:24:50 epoch 316/500 step 500/610 loss 0.2457 lr 1.47e-04
[videomae] 2026-05-24T00:25:26 epoch 316/500 step 600/610 loss 0.2494 lr 1.47e-04
[videomae] 2026-05-24T00:25:29 epoch 316/500 avg loss 0.2584
[videomae] 2026-05-24T00:25:29 wrote trunk checkpoint -> /Data/romain.poggi/smth2smth/checkpoints/track_a/ssl/videomaev2_t4native_encoder.pt (149 tensors, EMA)
[videomae] 2026-05-24T00:25:30 wrote resume state -> /Data/romain.poggi/smth2smth/checkpoints/track_a/ssl/videomaev2_t4native_encoder.state.pt
[videomae] 2026-05-24T00:25:32 epoch 317/500 step 0/610 loss 0.2628 lr 1.47e-04
[videomae] 2026-05-24T00:26:08 epoch 317/500 step 100/610 loss 0.2698 lr 1.47e-04
[videomae] 2026-05-24T00:26:44 epoch 317/500 step 200/610 loss 0.2685 lr 1.47e-04
[videomae] 2026-05-24T00:27:20 epoch 317/500 step 300/610 loss 0.2571 lr 1.46e-04
[videomae] 2026-05-24T00:27:56 epoch 317/500 step 400/610 loss 0.2577 lr 1.46e-04
[videomae] 2026-05-24T00:28:32 epoch 317/500 step 500/610 loss 0.2567 lr 1.46e-04
[videomae] 2026-05-24T00:29:07 epoch 317/500 step 600/610 loss 0.2738 lr 1.46e-04
[videomae] 2026-05-24T00:29:11 epoch 317/500 avg loss 0.2583
[videomae] 2026-05-24T00:29:11 wrote trunk checkpoint -> /Data/romain.poggi/smth2smth/checkpoints/track_a/ssl/videomaev2_t4native_encoder.pt (149 tensors, EMA)
[videomae] 2026-05-24T00:29:12 wrote resume state -> /Data/romain.poggi/smth2smth/checkpoints/track_a/ssl/videomaev2_t4native_encoder.state.pt
[videomae] 2026-05-24T00:29:14 epoch 318/500 step 0/610 loss 0.2435 lr 1.46e-04
[videomae] 2026-05-24T00:29:50 epoch 318/500 step 100/610 loss 0.2575 lr 1.45e-04
[videomae] 2026-05-24T00:30:26 epoch 318/500 step 200/610 loss 0.2696 lr 1.45e-04
[videomae] 2026-05-24T00:31:02 epoch 318/500 step 300/610 loss 0.2477 lr 1.45e-04
[videomae] 2026-05-24T00:31:38 epoch 318/500 step 400/610 loss 0.2499 lr 1.45e-04
[videomae] 2026-05-24T00:32:14 epoch 318/500 step 500/610 loss 0.2585 lr 1.45e-04
[videomae] 2026-05-24T00:32:49 epoch 318/500 step 600/610 loss 0.2529 lr 1.44e-04
[videomae] 2026-05-24T00:32:53 epoch 318/500 avg loss 0.2577
[videomae] 2026-05-24T00:32:53 wrote trunk checkpoint -> /Data/romain.poggi/smth2smth/checkpoints/track_a/ssl/videomaev2_t4native_encoder.pt (149 tensors, EMA)
[videomae] 2026-05-24T00:32:54 wrote resume state -> /Data/romain.poggi/smth2smth/checkpoints/track_a/ssl/videomaev2_t4native_encoder.state.pt
[videomae] 2026-05-24T00:32:56 epoch 319/500 step 0/610 loss 0.2619 lr 1.44e-04
[videomae] 2026-05-24T00:33:32 epoch 319/500 step 100/610 loss 0.2414 lr 1.44e-04
[videomae] 2026-05-24T00:34:08 epoch 319/500 step 200/610 loss 0.2861 lr 1.44e-04
[videomae] 2026-05-24T00:34:44 epoch 319/500 step 300/610 loss 0.2670 lr 1.44e-04
[videomae] 2026-05-24T00:35:20 epoch 319/500 step 400/610 loss 0.2502 lr 1.43e-04
[videomae] 2026-05-24T00:35:56 epoch 319/500 step 500/610 loss 0.2567 lr 1.43e-04
[videomae] 2026-05-24T00:36:31 epoch 319/500 step 600/610 loss 0.2614 lr 1.43e-04
[videomae] 2026-05-24T00:36:35 epoch 319/500 avg loss 0.2575
[videomae] 2026-05-24T00:36:35 wrote trunk checkpoint -> /Data/romain.poggi/smth2smth/checkpoints/track_a/ssl/videomaev2_t4native_encoder.pt (149 tensors, EMA)
[videomae] 2026-05-24T00:36:36 wrote resume state -> /Data/romain.poggi/smth2smth/checkpoints/track_a/ssl/videomaev2_t4native_encoder.state.pt
[videomae] 2026-05-24T00:36:38 epoch 320/500 step 0/610 loss 0.2623 lr 1.43e-04
[videomae] 2026-05-24T00:37:14 epoch 320/500 step 100/610 loss 0.2385 lr 1.43e-04
[videomae] 2026-05-24T00:37:50 epoch 320/500 step 200/610 loss 0.2474 lr 1.42e-04
[videomae] 2026-05-24T00:38:26 epoch 320/500 step 300/610 loss 0.2553 lr 1.42e-04
[videomae] 2026-05-24T00:39:02 epoch 320/500 step 400/610 loss 0.2504 lr 1.42e-04
[videomae] 2026-05-24T00:39:38 epoch 320/500 step 500/610 loss 0.2449 lr 1.42e-04
[videomae] 2026-05-24T00:40:13 epoch 320/500 step 600/610 loss 0.2766 lr 1.42e-04
[videomae] 2026-05-24T00:40:17 epoch 320/500 avg loss 0.2572
[videomae] 2026-05-24T00:40:17 wrote trunk checkpoint -> /Data/romain.poggi/smth2smth/checkpoints/track_a/ssl/videomaev2_t4native_encoder.pt (149 tensors, EMA)
[videomae] 2026-05-24T00:40:18 wrote resume state -> /Data/romain.poggi/smth2smth/checkpoints/track_a/ssl/videomaev2_t4native_encoder.state.pt
[videomae] 2026-05-24T00:40:20 epoch 321/500 step 0/610 loss 0.2427 lr 1.41e-04
[videomae] 2026-05-24T00:40:56 epoch 321/500 step 100/610 loss 0.2710 lr 1.41e-04
[videomae] 2026-05-24T00:41:32 epoch 321/500 step 200/610 loss 0.2384 lr 1.41e-04
[videomae] 2026-05-24T00:42:08 epoch 321/500 step 300/610 loss 0.2612 lr 1.41e-04
[videomae] 2026-05-24T00:42:44 epoch 321/500 step 400/610 loss 0.2561 lr 1.41e-04
[videomae] 2026-05-24T00:43:20 epoch 321/500 step 500/610 loss 0.2727 lr 1.40e-04
[videomae] 2026-05-24T00:43:55 epoch 321/500 step 600/610 loss 0.2624 lr 1.40e-04
[videomae] 2026-05-24T00:43:59 epoch 321/500 avg loss 0.2569
[videomae] 2026-05-24T00:43:59 wrote trunk checkpoint -> /Data/romain.poggi/smth2smth/checkpoints/track_a/ssl/videomaev2_t4native_encoder.pt (149 tensors, EMA)
[videomae] 2026-05-24T00:44:00 wrote resume state -> /Data/romain.poggi/smth2smth/checkpoints/track_a/ssl/videomaev2_t4native_encoder.state.pt
[videomae] 2026-05-24T00:44:02 epoch 322/500 step 0/610 loss 0.2489 lr 1.40e-04
[videomae] 2026-05-24T00:44:38 epoch 322/500 step 100/610 loss 0.2439 lr 1.40e-04
[videomae] 2026-05-24T00:45:14 epoch 322/500 step 200/610 loss 0.2619 lr 1.40e-04
[videomae] 2026-05-24T00:45:50 epoch 322/500 step 300/610 loss 0.2662 lr 1.39e-04
[videomae] 2026-05-24T00:46:25 epoch 322/500 step 400/610 loss 0.2571 lr 1.39e-04
[videomae] 2026-05-24T00:47:01 epoch 322/500 step 500/610 loss 0.2570 lr 1.39e-04
[videomae] 2026-05-24T00:47:37 epoch 322/500 step 600/610 loss 0.2521 lr 1.39e-04
[videomae] 2026-05-24T00:47:40 epoch 322/500 avg loss 0.2594
[videomae] 2026-05-24T00:47:41 wrote trunk checkpoint -> /Data/romain.poggi/smth2smth/checkpoints/track_a/ssl/videomaev2_t4native_encoder.pt (149 tensors, EMA)
[videomae] 2026-05-24T00:47:42 wrote resume state -> /Data/romain.poggi/smth2smth/checkpoints/track_a/ssl/videomaev2_t4native_encoder.state.pt
[videomae] 2026-05-24T00:47:44 epoch 323/500 step 0/610 loss 0.2418 lr 1.39e-04
[videomae] 2026-05-24T00:48:20 epoch 323/500 step 100/610 loss 0.2406 lr 1.38e-04
[videomae] 2026-05-24T00:48:56 epoch 323/500 step 200/610 loss 0.2722 lr 1.38e-04
[videomae] 2026-05-24T00:49:32 epoch 323/500 step 300/610 loss 0.2456 lr 1.38e-04
[videomae] 2026-05-24T00:50:07 epoch 323/500 step 400/610 loss 0.2577 lr 1.38e-04
[videomae] 2026-05-24T00:50:43 epoch 323/500 step 500/610 loss 0.2580 lr 1.38e-04
[videomae] 2026-05-24T00:51:19 epoch 323/500 step 600/610 loss 0.2605 lr 1.37e-04
[videomae] 2026-05-24T00:51:22 epoch 323/500 avg loss 0.2573
[videomae] 2026-05-24T00:51:23 wrote trunk checkpoint -> /Data/romain.poggi/smth2smth/checkpoints/track_a/ssl/videomaev2_t4native_encoder.pt (149 tensors, EMA)
[videomae] 2026-05-24T00:51:24 wrote resume state -> /Data/romain.poggi/smth2smth/checkpoints/track_a/ssl/videomaev2_t4native_encoder.state.pt
[videomae] 2026-05-24T00:51:26 epoch 324/500 step 0/610 loss 0.2605 lr 1.37e-04
[videomae] 2026-05-24T00:52:02 epoch 324/500 step 100/610 loss 0.2321 lr 1.37e-04
[videomae] 2026-05-24T00:52:38 epoch 324/500 step 200/610 loss 0.2715 lr 1.37e-04
[videomae] 2026-05-24T00:53:13 epoch 324/500 step 300/610 loss 0.2549 lr 1.37e-04
[videomae] 2026-05-24T00:53:49 epoch 324/500 step 400/610 loss 0.2699 lr 1.36e-04
[videomae] 2026-05-24T00:54:25 epoch 324/500 step 500/610 loss 0.2371 lr 1.36e-04
[videomae] 2026-05-24T00:55:01 epoch 324/500 step 600/610 loss 0.2603 lr 1.36e-04
[videomae] 2026-05-24T00:55:04 epoch 324/500 avg loss 0.2564
[videomae] 2026-05-24T00:55:04 wrote trunk checkpoint -> /Data/romain.poggi/smth2smth/checkpoints/track_a/ssl/videomaev2_t4native_encoder.pt (149 tensors, EMA)
[videomae] 2026-05-24T00:55:06 wrote resume state -> /Data/romain.poggi/smth2smth/checkpoints/track_a/ssl/videomaev2_t4native_encoder.state.pt
[videomae] 2026-05-24T00:55:08 epoch 325/500 step 0/610 loss 0.2655 lr 1.36e-04
[videomae] 2026-05-24T00:55:44 epoch 325/500 step 100/610 loss 0.2660 lr 1.36e-04
[videomae] 2026-05-24T00:56:19 epoch 325/500 step 200/610 loss 0.2529 lr 1.36e-04
[videomae] 2026-05-24T00:56:55 epoch 325/500 step 300/610 loss 0.2569 lr 1.35e-04
[videomae] 2026-05-24T00:57:31 epoch 325/500 step 400/610 loss 0.2396 lr 1.35e-04
[videomae] 2026-05-24T00:58:07 epoch 325/500 step 500/610 loss 0.2747 lr 1.35e-04
[videomae] 2026-05-24T00:58:43 epoch 325/500 step 600/610 loss 0.2473 lr 1.35e-04
[videomae] 2026-05-24T00:58:46 epoch 325/500 avg loss 0.2557
[videomae] 2026-05-24T00:58:46 wrote trunk checkpoint -> /Data/romain.poggi/smth2smth/checkpoints/track_a/ssl/videomaev2_t4native_encoder.pt (149 tensors, EMA)
[videomae] 2026-05-24T00:58:47 wrote resume state -> /Data/romain.poggi/smth2smth/checkpoints/track_a/ssl/videomaev2_t4native_encoder.state.pt
[videomae] 2026-05-24T00:58:49 epoch 326/500 step 0/610 loss 0.2459 lr 1.35e-04
[videomae] 2026-05-24T00:59:25 epoch 326/500 step 100/610 loss 0.2421 lr 1.34e-04
[videomae] 2026-05-24T01:00:01 epoch 326/500 step 200/610 loss 0.2386 lr 1.34e-04
[videomae] 2026-05-24T01:00:37 epoch 326/500 step 300/610 loss 0.2609 lr 1.34e-04
[videomae] 2026-05-24T01:01:13 epoch 326/500 step 400/610 loss 0.2666 lr 1.34e-04
[videomae] 2026-05-24T01:01:48 epoch 326/500 step 500/610 loss 0.2451 lr 1.34e-04
[videomae] 2026-05-24T01:02:24 epoch 326/500 step 600/610 loss 0.2589 lr 1.33e-04
[videomae] 2026-05-24T01:02:27 epoch 326/500 avg loss 0.2556
[videomae] 2026-05-24T01:02:28 wrote trunk checkpoint -> /Data/romain.poggi/smth2smth/checkpoints/track_a/ssl/videomaev2_t4native_encoder.pt (149 tensors, EMA)
[videomae] 2026-05-24T01:02:29 wrote resume state -> /Data/romain.poggi/smth2smth/checkpoints/track_a/ssl/videomaev2_t4native_encoder.state.pt
[videomae] 2026-05-24T01:02:31 epoch 327/500 step 0/610 loss 0.2484 lr 1.33e-04
[videomae] 2026-05-24T01:03:07 epoch 327/500 step 100/610 loss 0.2451 lr 1.33e-04
[videomae] 2026-05-24T01:03:43 epoch 327/500 step 200/610 loss 0.2779 lr 1.33e-04
[videomae] 2026-05-24T01:04:18 epoch 327/500 step 300/610 loss 0.2518 lr 1.33e-04
[videomae] 2026-05-24T01:04:54 epoch 327/500 step 400/610 loss 0.2447 lr 1.32e-04
[videomae] 2026-05-24T01:05:30 epoch 327/500 step 500/610 loss 0.2563 lr 1.32e-04
[videomae] 2026-05-24T01:06:06 epoch 327/500 step 600/610 loss 0.2556 lr 1.32e-04
[videomae] 2026-05-24T01:06:09 epoch 327/500 avg loss 0.2565
[videomae] 2026-05-24T01:06:09 wrote trunk checkpoint -> /Data/romain.poggi/smth2smth/checkpoints/track_a/ssl/videomaev2_t4native_encoder.pt (149 tensors, EMA)
[videomae] 2026-05-24T01:06:10 wrote resume state -> /Data/romain.poggi/smth2smth/checkpoints/track_a/ssl/videomaev2_t4native_encoder.state.pt
[videomae] 2026-05-24T01:06:12 epoch 328/500 step 0/610 loss 0.2732 lr 1.32e-04
[videomae] 2026-05-24T01:06:48 epoch 328/500 step 100/610 loss 0.2370 lr 1.32e-04
[videomae] 2026-05-24T01:07:24 epoch 328/500 step 200/610 loss 0.2269 lr 1.31e-04
[videomae] 2026-05-24T01:08:00 epoch 328/500 step 300/610 loss 0.2616 lr 1.31e-04
[videomae] 2026-05-24T01:08:36 epoch 328/500 step 400/610 loss 0.2539 lr 1.31e-04
[videomae] 2026-05-24T01:09:11 epoch 328/500 step 500/610 loss 0.2681 lr 1.31e-04
[videomae] 2026-05-24T01:09:47 epoch 328/500 step 600/610 loss 0.2471 lr 1.31e-04
[videomae] 2026-05-24T01:09:51 epoch 328/500 avg loss 0.2565
[videomae] 2026-05-24T01:09:51 wrote trunk checkpoint -> /Data/romain.poggi/smth2smth/checkpoints/track_a/ssl/videomaev2_t4native_encoder.pt (149 tensors, EMA)
[videomae] 2026-05-24T01:09:52 wrote resume state -> /Data/romain.poggi/smth2smth/checkpoints/track_a/ssl/videomaev2_t4native_encoder.state.pt
[videomae] 2026-05-24T01:09:54 epoch 329/500 step 0/610 loss 0.2357 lr 1.31e-04
[videomae] 2026-05-24T01:10:30 epoch 329/500 step 100/610 loss 0.2537 lr 1.30e-04
[videomae] 2026-05-24T01:11:06 epoch 329/500 step 200/610 loss 0.2823 lr 1.30e-04
[videomae] 2026-05-24T01:11:41 epoch 329/500 step 300/610 loss 0.2531 lr 1.30e-04
[videomae] 2026-05-24T01:12:17 epoch 329/500 step 400/610 loss 0.2682 lr 1.30e-04
[videomae] 2026-05-24T01:12:53 epoch 329/500 step 500/610 loss 0.2622 lr 1.29e-04
[videomae] 2026-05-24T01:13:29 epoch 329/500 step 600/610 loss 0.2580 lr 1.29e-04
[videomae] 2026-05-24T01:13:32 epoch 329/500 avg loss 0.2550
[videomae] 2026-05-24T01:13:32 wrote trunk checkpoint -> /Data/romain.poggi/smth2smth/checkpoints/track_a/ssl/videomaev2_t4native_encoder.pt (149 tensors, EMA)
[videomae] 2026-05-24T01:13:34 wrote resume state -> /Data/romain.poggi/smth2smth/checkpoints/track_a/ssl/videomaev2_t4native_encoder.state.pt
[videomae] 2026-05-24T01:13:36 epoch 330/500 step 0/610 loss 0.2534 lr 1.29e-04
[videomae] 2026-05-24T01:14:12 epoch 330/500 step 100/610 loss 0.2687 lr 1.29e-04
[videomae] 2026-05-24T01:14:48 epoch 330/500 step 200/610 loss 0.2655 lr 1.29e-04
[videomae] 2026-05-24T01:15:23 epoch 330/500 step 300/610 loss 0.2621 lr 1.29e-04
[videomae] 2026-05-24T01:15:59 epoch 330/500 step 400/610 loss 0.2558 lr 1.28e-04
[videomae] 2026-05-24T01:16:35 epoch 330/500 step 500/610 loss 0.2321 lr 1.28e-04
[videomae] 2026-05-24T01:17:11 epoch 330/500 step 600/610 loss 0.2835 lr 1.28e-04
[videomae] 2026-05-24T01:17:14 epoch 330/500 avg loss 0.2553
[videomae] 2026-05-24T01:17:14 wrote trunk checkpoint -> /Data/romain.poggi/smth2smth/checkpoints/track_a/ssl/videomaev2_t4native_encoder.pt (149 tensors, EMA)
[videomae] 2026-05-24T01:17:15 wrote resume state -> /Data/romain.poggi/smth2smth/checkpoints/track_a/ssl/videomaev2_t4native_encoder.state.pt
[videomae] 2026-05-24T01:17:17 epoch 331/500 step 0/610 loss 0.2499 lr 1.28e-04
[videomae] 2026-05-24T01:17:53 epoch 331/500 step 100/610 loss 0.2411 lr 1.28e-04
[videomae] 2026-05-24T01:18:29 epoch 331/500 step 200/610 loss 0.2646 lr 1.27e-04
[videomae] 2026-05-24T01:19:05 epoch 331/500 step 300/610 loss 0.2423 lr 1.27e-04
[videomae] 2026-05-24T01:19:41 epoch 331/500 step 400/610 loss 0.2262 lr 1.27e-04
[videomae] 2026-05-24T01:20:17 epoch 331/500 step 500/610 loss 0.2493 lr 1.27e-04
[videomae] 2026-05-24T01:20:52 epoch 331/500 step 600/610 loss 0.2435 lr 1.27e-04
[videomae] 2026-05-24T01:20:56 epoch 331/500 avg loss 0.2557
[videomae] 2026-05-24T01:20:56 wrote trunk checkpoint -> /Data/romain.poggi/smth2smth/checkpoints/track_a/ssl/videomaev2_t4native_encoder.pt (149 tensors, EMA)
[videomae] 2026-05-24T01:20:57 wrote resume state -> /Data/romain.poggi/smth2smth/checkpoints/track_a/ssl/videomaev2_t4native_encoder.state.pt
[videomae] 2026-05-24T01:20:59 epoch 332/500 step 0/610 loss 0.2670 lr 1.27e-04
[videomae] 2026-05-24T01:21:35 epoch 332/500 step 100/610 loss 0.2750 lr 1.26e-04
[videomae] 2026-05-24T01:22:11 epoch 332/500 step 200/610 loss 0.2824 lr 1.26e-04
[videomae] 2026-05-24T01:22:46 epoch 332/500 step 300/610 loss 0.2415 lr 1.26e-04
[videomae] 2026-05-24T01:23:22 epoch 332/500 step 400/610 loss 0.2459 lr 1.26e-04
[videomae] 2026-05-24T01:23:58 epoch 332/500 step 500/610 loss 0.2753 lr 1.25e-04
[videomae] 2026-05-24T01:24:34 epoch 332/500 step 600/610 loss 0.2442 lr 1.25e-04
[videomae] 2026-05-24T01:24:37 epoch 332/500 avg loss 0.2559
[videomae] 2026-05-24T01:24:37 wrote trunk checkpoint -> /Data/romain.poggi/smth2smth/checkpoints/track_a/ssl/videomaev2_t4native_encoder.pt (149 tensors, EMA)
[videomae] 2026-05-24T01:24:39 wrote resume state -> /Data/romain.poggi/smth2smth/checkpoints/track_a/ssl/videomaev2_t4native_encoder.state.pt
[videomae] 2026-05-24T01:24:41 epoch 333/500 step 0/610 loss 0.2560 lr 1.25e-04
[videomae] 2026-05-24T01:25:16 epoch 333/500 step 100/610 loss 0.2550 lr 1.25e-04
[videomae] 2026-05-24T01:25:52 epoch 333/500 step 200/610 loss 0.2414 lr 1.25e-04
[videomae] 2026-05-24T01:26:28 epoch 333/500 step 300/610 loss 0.2375 lr 1.25e-04
[videomae] 2026-05-24T01:27:04 epoch 333/500 step 400/610 loss 0.2642 lr 1.24e-04
[videomae] 2026-05-24T01:27:40 epoch 333/500 step 500/610 loss 0.2585 lr 1.24e-04
[videomae] 2026-05-24T01:28:15 epoch 333/500 step 600/610 loss 0.2559 lr 1.24e-04
[videomae] 2026-05-24T01:28:19 epoch 333/500 avg loss 0.2558
[videomae] 2026-05-24T01:28:19 wrote trunk checkpoint -> /Data/romain.poggi/smth2smth/checkpoints/track_a/ssl/videomaev2_t4native_encoder.pt (149 tensors, EMA)
[videomae] 2026-05-24T01:28:20 wrote resume state -> /Data/romain.poggi/smth2smth/checkpoints/track_a/ssl/videomaev2_t4native_encoder.state.pt
[videomae] 2026-05-24T01:28:22 epoch 334/500 step 0/610 loss 0.2681 lr 1.24e-04
[videomae] 2026-05-24T01:28:58 epoch 334/500 step 100/610 loss 0.2613 lr 1.24e-04
[videomae] 2026-05-24T01:29:34 epoch 334/500 step 200/610 loss 0.2460 lr 1.23e-04
[videomae] 2026-05-24T01:30:10 epoch 334/500 step 300/610 loss 0.2645 lr 1.23e-04
[videomae] 2026-05-24T01:30:46 epoch 334/500 step 400/610 loss 0.2475 lr 1.23e-04
[videomae] 2026-05-24T01:31:21 epoch 334/500 step 500/610 loss 0.2689 lr 1.23e-04
[videomae] 2026-05-24T01:31:57 epoch 334/500 step 600/610 loss 0.2488 lr 1.23e-04
[videomae] 2026-05-24T01:32:00 epoch 334/500 avg loss 0.2542
[videomae] 2026-05-24T01:32:01 wrote trunk checkpoint -> /Data/romain.poggi/smth2smth/checkpoints/track_a/ssl/videomaev2_t4native_encoder.pt (149 tensors, EMA)
[videomae] 2026-05-24T01:32:02 wrote resume state -> /Data/romain.poggi/smth2smth/checkpoints/track_a/ssl/videomaev2_t4native_encoder.state.pt
[videomae] 2026-05-24T01:32:04 epoch 335/500 step 0/610 loss 0.2500 lr 1.23e-04
[videomae] 2026-05-24T01:32:40 epoch 335/500 step 100/610 loss 0.2639 lr 1.22e-04
[videomae] 2026-05-24T01:33:16 epoch 335/500 step 200/610 loss 0.2625 lr 1.22e-04
[videomae] 2026-05-24T01:33:51 epoch 335/500 step 300/610 loss 0.2559 lr 1.22e-04
[videomae] 2026-05-24T01:34:27 epoch 335/500 step 400/610 loss 0.2549 lr 1.22e-04
[videomae] 2026-05-24T01:35:03 epoch 335/500 step 500/610 loss 0.2676 lr 1.21e-04
[videomae] 2026-05-24T01:35:39 epoch 335/500 step 600/610 loss 0.2482 lr 1.21e-04
[videomae] 2026-05-24T01:35:42 epoch 335/500 avg loss 0.2545
[videomae] 2026-05-24T01:35:42 wrote trunk checkpoint -> /Data/romain.poggi/smth2smth/checkpoints/track_a/ssl/videomaev2_t4native_encoder.pt (149 tensors, EMA)
[videomae] 2026-05-24T01:35:43 wrote resume state -> /Data/romain.poggi/smth2smth/checkpoints/track_a/ssl/videomaev2_t4native_encoder.state.pt
[videomae] 2026-05-24T01:35:45 epoch 336/500 step 0/610 loss 0.2374 lr 1.21e-04
[videomae] 2026-05-24T01:36:21 epoch 336/500 step 100/610 loss 0.2395 lr 1.21e-04
[videomae] 2026-05-24T01:36:57 epoch 336/500 step 200/610 loss 0.2533 lr 1.21e-04
[videomae] 2026-05-24T01:37:33 epoch 336/500 step 300/610 loss 0.2563 lr 1.21e-04
[videomae] 2026-05-24T01:38:09 epoch 336/500 step 400/610 loss 0.2506 lr 1.20e-04
[videomae] 2026-05-24T01:38:44 epoch 336/500 step 500/610 loss 0.2502 lr 1.20e-04
[videomae] 2026-05-24T01:39:20 epoch 336/500 step 600/610 loss 0.2461 lr 1.20e-04
[videomae] 2026-05-24T01:39:23 epoch 336/500 avg loss 0.2552
[videomae] 2026-05-24T01:39:24 wrote trunk checkpoint -> /Data/romain.poggi/smth2smth/checkpoints/track_a/ssl/videomaev2_t4native_encoder.pt (149 tensors, EMA)
[videomae] 2026-05-24T01:39:25 wrote resume state -> /Data/romain.poggi/smth2smth/checkpoints/track_a/ssl/videomaev2_t4native_encoder.state.pt
[videomae] 2026-05-24T01:39:27 epoch 337/500 step 0/610 loss 0.2607 lr 1.20e-04
[videomae] 2026-05-24T01:40:03 epoch 337/500 step 100/610 loss 0.2648 lr 1.20e-04
[videomae] 2026-05-24T01:40:39 epoch 337/500 step 200/610 loss 0.2383 lr 1.19e-04
[videomae] 2026-05-24T01:41:14 epoch 337/500 step 300/610 loss 0.2536 lr 1.19e-04
[videomae] 2026-05-24T01:41:50 epoch 337/500 step 400/610 loss 0.2538 lr 1.19e-04
[videomae] 2026-05-24T01:42:26 epoch 337/500 step 500/610 loss 0.2641 lr 1.19e-04
[videomae] 2026-05-24T01:43:02 epoch 337/500 step 600/610 loss 0.2433 lr 1.19e-04
[videomae] 2026-05-24T01:43:05 epoch 337/500 avg loss 0.2540
[videomae] 2026-05-24T01:43:05 wrote trunk checkpoint -> /Data/romain.poggi/smth2smth/checkpoints/track_a/ssl/videomaev2_t4native_encoder.pt (149 tensors, EMA)
[videomae] 2026-05-24T01:43:06 wrote resume state -> /Data/romain.poggi/smth2smth/checkpoints/track_a/ssl/videomaev2_t4native_encoder.state.pt
[videomae] 2026-05-24T01:43:08 epoch 338/500 step 0/610 loss 0.2456 lr 1.19e-04
[videomae] 2026-05-24T01:43:44 epoch 338/500 step 100/610 loss 0.2591 lr 1.18e-04
[videomae] 2026-05-24T01:44:20 epoch 338/500 step 200/610 loss 0.2559 lr 1.18e-04
[videomae] 2026-05-24T01:44:56 epoch 338/500 step 300/610 loss 0.2656 lr 1.18e-04
[videomae] 2026-05-24T01:45:32 epoch 338/500 step 400/610 loss 0.2853 lr 1.18e-04
[videomae] 2026-05-24T01:46:07 epoch 338/500 step 500/610 loss 0.2556 lr 1.17e-04
[videomae] 2026-05-24T01:46:43 epoch 338/500 step 600/610 loss 0.2477 lr 1.17e-04
[videomae] 2026-05-24T01:46:46 epoch 338/500 avg loss 0.2537
[videomae] 2026-05-24T01:46:47 wrote trunk checkpoint -> /Data/romain.poggi/smth2smth/checkpoints/track_a/ssl/videomaev2_t4native_encoder.pt (149 tensors, EMA)
[videomae] 2026-05-24T01:46:48 wrote resume state -> /Data/romain.poggi/smth2smth/checkpoints/track_a/ssl/videomaev2_t4native_encoder.state.pt
[videomae] 2026-05-24T01:46:50 epoch 339/500 step 0/610 loss 0.2568 lr 1.17e-04
[videomae] 2026-05-24T01:47:26 epoch 339/500 step 100/610 loss 0.2737 lr 1.17e-04
[videomae] 2026-05-24T01:48:02 epoch 339/500 step 200/610 loss 0.2314 lr 1.17e-04
[videomae] 2026-05-24T01:48:37 epoch 339/500 step 300/610 loss 0.2586 lr 1.17e-04
[videomae] 2026-05-24T01:49:13 epoch 339/500 step 400/610 loss 0.2539 lr 1.16e-04
[videomae] 2026-05-24T01:49:49 epoch 339/500 step 500/610 loss 0.2353 lr 1.16e-04
[videomae] 2026-05-24T01:50:25 epoch 339/500 step 600/610 loss 0.2377 lr 1.16e-04
[videomae] 2026-05-24T01:50:28 epoch 339/500 avg loss 0.2533
[videomae] 2026-05-24T01:50:28 wrote trunk checkpoint -> /Data/romain.poggi/smth2smth/checkpoints/track_a/ssl/videomaev2_t4native_encoder.pt (149 tensors, EMA)
[videomae] 2026-05-24T01:50:30 wrote resume state -> /Data/romain.poggi/smth2smth/checkpoints/track_a/ssl/videomaev2_t4native_encoder.state.pt
[videomae] 2026-05-24T01:50:32 epoch 340/500 step 0/610 loss 0.2746 lr 1.16e-04
[videomae] 2026-05-24T01:51:07 epoch 340/500 step 100/610 loss 0.2574 lr 1.16e-04
[videomae] 2026-05-24T01:51:43 epoch 340/500 step 200/610 loss 0.2636 lr 1.16e-04
[videomae] 2026-05-24T01:52:19 epoch 340/500 step 300/610 loss 0.2706 lr 1.15e-04
[videomae] 2026-05-24T01:52:55 epoch 340/500 step 400/610 loss 0.2728 lr 1.15e-04
[videomae] 2026-05-24T01:53:31 epoch 340/500 step 500/610 loss 0.2597 lr 1.15e-04
[videomae] 2026-05-24T01:54:06 epoch 340/500 step 600/610 loss 0.2729 lr 1.15e-04
[videomae] 2026-05-24T01:54:10 epoch 340/500 avg loss 0.2536
[videomae] 2026-05-24T01:54:10 wrote trunk checkpoint -> /Data/romain.poggi/smth2smth/checkpoints/track_a/ssl/videomaev2_t4native_encoder.pt (149 tensors, EMA)
[videomae] 2026-05-24T01:54:11 wrote resume state -> /Data/romain.poggi/smth2smth/checkpoints/track_a/ssl/videomaev2_t4native_encoder.state.pt
[videomae] 2026-05-24T01:54:13 epoch 341/500 step 0/610 loss 0.2757 lr 1.15e-04
[videomae] 2026-05-24T01:54:49 epoch 341/500 step 100/610 loss 0.2573 lr 1.14e-04
[videomae] 2026-05-24T01:55:25 epoch 341/500 step 200/610 loss 0.2582 lr 1.14e-04
[videomae] 2026-05-24T01:56:00 epoch 341/500 step 300/610 loss 0.2618 lr 1.14e-04
[videomae] 2026-05-24T01:56:36 epoch 341/500 step 400/610 loss 0.2357 lr 1.14e-04
[videomae] 2026-05-24T01:57:12 epoch 341/500 step 500/610 loss 0.2822 lr 1.14e-04
[videomae] 2026-05-24T01:57:48 epoch 341/500 step 600/610 loss 0.2487 lr 1.13e-04
[videomae] 2026-05-24T01:57:51 epoch 341/500 avg loss 0.2530
[videomae] 2026-05-24T01:57:51 wrote trunk checkpoint -> /Data/romain.poggi/smth2smth/checkpoints/track_a/ssl/videomaev2_t4native_encoder.pt (149 tensors, EMA)
[videomae] 2026-05-24T01:57:53 wrote resume state -> /Data/romain.poggi/smth2smth/checkpoints/track_a/ssl/videomaev2_t4native_encoder.state.pt
[videomae] 2026-05-24T01:57:55 epoch 342/500 step 0/610 loss 0.2764 lr 1.13e-04
[videomae] 2026-05-24T01:58:31 epoch 342/500 step 100/610 loss 0.2525 lr 1.13e-04
[videomae] 2026-05-24T01:59:07 epoch 342/500 step 200/610 loss 0.2662 lr 1.13e-04
[videomae] 2026-05-24T01:59:42 epoch 342/500 step 300/610 loss 0.2619 lr 1.13e-04
[videomae] 2026-05-24T02:00:18 epoch 342/500 step 400/610 loss 0.2467 lr 1.13e-04
[videomae] 2026-05-24T02:00:54 epoch 342/500 step 500/610 loss 0.2489 lr 1.12e-04
[videomae] 2026-05-24T02:01:30 epoch 342/500 step 600/610 loss 0.2488 lr 1.12e-04
[videomae] 2026-05-24T02:01:33 epoch 342/500 avg loss 0.2536
[videomae] 2026-05-24T02:01:33 wrote trunk checkpoint -> /Data/romain.poggi/smth2smth/checkpoints/track_a/ssl/videomaev2_t4native_encoder.pt (149 tensors, EMA)
[videomae] 2026-05-24T02:01:34 wrote resume state -> /Data/romain.poggi/smth2smth/checkpoints/track_a/ssl/videomaev2_t4native_encoder.state.pt
[videomae] 2026-05-24T02:01:36 epoch 343/500 step 0/610 loss 0.2377 lr 1.12e-04
[videomae] 2026-05-24T02:02:12 epoch 343/500 step 100/610 loss 0.2642 lr 1.12e-04
[videomae] 2026-05-24T02:02:48 epoch 343/500 step 200/610 loss 0.2569 lr 1.12e-04
[videomae] 2026-05-24T02:03:24 epoch 343/500 step 300/610 loss 0.2395 lr 1.11e-04
[videomae] 2026-05-24T02:03:59 epoch 343/500 step 400/610 loss 0.2518 lr 1.11e-04
[videomae] 2026-05-24T02:04:35 epoch 343/500 step 500/610 loss 0.2399 lr 1.11e-04
[videomae] 2026-05-24T02:05:11 epoch 343/500 step 600/610 loss 0.2660 lr 1.11e-04
[videomae] 2026-05-24T02:05:14 epoch 343/500 avg loss 0.2531
[videomae] 2026-05-24T02:05:15 wrote trunk checkpoint -> /Data/romain.poggi/smth2smth/checkpoints/track_a/ssl/videomaev2_t4native_encoder.pt (149 tensors, EMA)
[videomae] 2026-05-24T02:05:16 wrote resume state -> /Data/romain.poggi/smth2smth/checkpoints/track_a/ssl/videomaev2_t4native_encoder.state.pt
[videomae] 2026-05-24T02:05:18 epoch 344/500 step 0/610 loss 0.2618 lr 1.11e-04
[videomae] 2026-05-24T02:05:54 epoch 344/500 step 100/610 loss 0.2403 lr 1.11e-04
[videomae] 2026-05-24T02:06:30 epoch 344/500 step 200/610 loss 0.2490 lr 1.10e-04
[videomae] 2026-05-24T02:07:05 epoch 344/500 step 300/610 loss 0.2649 lr 1.10e-04
[videomae] 2026-05-24T02:07:41 epoch 344/500 step 400/610 loss 0.2443 lr 1.10e-04
[videomae] 2026-05-24T02:08:17 epoch 344/500 step 500/610 loss 0.2350 lr 1.10e-04
[videomae] 2026-05-24T02:08:53 epoch 344/500 step 600/610 loss 0.2727 lr 1.10e-04
[videomae] 2026-05-24T02:08:56 epoch 344/500 avg loss 0.2533
[videomae] 2026-05-24T02:08:56 wrote trunk checkpoint -> /Data/romain.poggi/smth2smth/checkpoints/track_a/ssl/videomaev2_t4native_encoder.pt (149 tensors, EMA)
[videomae] 2026-05-24T02:08:58 wrote resume state -> /Data/romain.poggi/smth2smth/checkpoints/track_a/ssl/videomaev2_t4native_encoder.state.pt
[videomae] 2026-05-24T02:08:59 epoch 345/500 step 0/610 loss 0.2428 lr 1.10e-04
[videomae] 2026-05-24T02:09:35 epoch 345/500 step 100/610 loss 0.2571 lr 1.09e-04
[videomae] 2026-05-24T02:10:11 epoch 345/500 step 200/610 loss 0.2503 lr 1.09e-04
[videomae] 2026-05-24T02:10:47 epoch 345/500 step 300/610 loss 0.2551 lr 1.09e-04
[videomae] 2026-05-24T02:11:23 epoch 345/500 step 400/610 loss 0.2548 lr 1.09e-04
[videomae] 2026-05-24T02:11:59 epoch 345/500 step 500/610 loss 0.2425 lr 1.08e-04
[videomae] 2026-05-24T02:12:34 epoch 345/500 step 600/610 loss 0.2487 lr 1.08e-04
[videomae] 2026-05-24T02:12:38 epoch 345/500 avg loss 0.2523
[videomae] 2026-05-24T02:12:38 wrote trunk checkpoint -> /Data/romain.poggi/smth2smth/checkpoints/track_a/ssl/videomaev2_t4native_encoder.pt (149 tensors, EMA)
[videomae] 2026-05-24T02:12:39 wrote resume state -> /Data/romain.poggi/smth2smth/checkpoints/track_a/ssl/videomaev2_t4native_encoder.state.pt
[videomae] 2026-05-24T02:12:41 epoch 346/500 step 0/610 loss 0.2555 lr 1.08e-04
[videomae] 2026-05-24T02:13:17 epoch 346/500 step 100/610 loss 0.2685 lr 1.08e-04
[videomae] 2026-05-24T02:13:53 epoch 346/500 step 200/610 loss 0.2449 lr 1.08e-04
[videomae] 2026-05-24T02:14:28 epoch 346/500 step 300/610 loss 0.2465 lr 1.08e-04
[videomae] 2026-05-24T02:15:04 epoch 346/500 step 400/610 loss 0.2776 lr 1.07e-04
[videomae] 2026-05-24T02:15:40 epoch 346/500 step 500/610 loss 0.2656 lr 1.07e-04
[videomae] 2026-05-24T02:16:16 epoch 346/500 step 600/610 loss 0.2458 lr 1.07e-04
[videomae] 2026-05-24T02:16:19 epoch 346/500 avg loss 0.2547
[videomae] 2026-05-24T02:16:19 wrote trunk checkpoint -> /Data/romain.poggi/smth2smth/checkpoints/track_a/ssl/videomaev2_t4native_encoder.pt (149 tensors, EMA)
[videomae] 2026-05-24T02:16:21 wrote resume state -> /Data/romain.poggi/smth2smth/checkpoints/track_a/ssl/videomaev2_t4native_encoder.state.pt
[videomae] 2026-05-24T02:16:23 epoch 347/500 step 0/610 loss 0.2365 lr 1.07e-04
[videomae] 2026-05-24T02:16:59 epoch 347/500 step 100/610 loss 0.2525 lr 1.07e-04
[videomae] 2026-05-24T02:17:34 epoch 347/500 step 200/610 loss 0.2529 lr 1.07e-04
[videomae] 2026-05-24T02:18:10 epoch 347/500 step 300/610 loss 0.2645 lr 1.06e-04
[videomae] 2026-05-24T02:18:46 epoch 347/500 step 400/610 loss 0.2750 lr 1.06e-04
[videomae] 2026-05-24T02:19:22 epoch 347/500 step 500/610 loss 0.2386 lr 1.06e-04
[videomae] 2026-05-24T02:19:58 epoch 347/500 step 600/610 loss 0.2362 lr 1.06e-04
[videomae] 2026-05-24T02:20:01 epoch 347/500 avg loss 0.2538
[videomae] 2026-05-24T02:20:01 wrote trunk checkpoint -> /Data/romain.poggi/smth2smth/checkpoints/track_a/ssl/videomaev2_t4native_encoder.pt (149 tensors, EMA)
[videomae] 2026-05-24T02:20:02 wrote resume state -> /Data/romain.poggi/smth2smth/checkpoints/track_a/ssl/videomaev2_t4native_encoder.state.pt
[videomae] 2026-05-24T02:20:04 epoch 348/500 step 0/610 loss 0.2376 lr 1.06e-04
[videomae] 2026-05-24T02:20:40 epoch 348/500 step 100/610 loss 0.2401 lr 1.05e-04
[videomae] 2026-05-24T02:21:16 epoch 348/500 step 200/610 loss 0.2692 lr 1.05e-04
[videomae] 2026-05-24T02:21:52 epoch 348/500 step 300/610 loss 0.2376 lr 1.05e-04
[videomae] 2026-05-24T02:22:28 epoch 348/500 step 400/610 loss 0.2462 lr 1.05e-04
[videomae] 2026-05-24T02:23:03 epoch 348/500 step 500/610 loss 0.2367 lr 1.05e-04
[videomae] 2026-05-24T02:23:39 epoch 348/500 step 600/610 loss 0.2364 lr 1.04e-04
[videomae] 2026-05-24T02:23:42 epoch 348/500 avg loss 0.2524
[videomae] 2026-05-24T02:23:43 wrote trunk checkpoint -> /Data/romain.poggi/smth2smth/checkpoints/track_a/ssl/videomaev2_t4native_encoder.pt (149 tensors, EMA)
[videomae] 2026-05-24T02:23:44 wrote resume state -> /Data/romain.poggi/smth2smth/checkpoints/track_a/ssl/videomaev2_t4native_encoder.state.pt
[videomae] 2026-05-24T02:23:46 epoch 349/500 step 0/610 loss 0.2661 lr 1.04e-04
[videomae] 2026-05-24T02:24:22 epoch 349/500 step 100/610 loss 0.2307 lr 1.04e-04
[videomae] 2026-05-24T02:24:58 epoch 349/500 step 200/610 loss 0.2375 lr 1.04e-04
[videomae] 2026-05-24T02:25:33 epoch 349/500 step 300/610 loss 0.2669 lr 1.04e-04
[videomae] 2026-05-24T02:26:09 epoch 349/500 step 400/610 loss 0.2553 lr 1.04e-04
[videomae] 2026-05-24T02:26:45 epoch 349/500 step 500/610 loss 0.2500 lr 1.03e-04
[videomae] 2026-05-24T02:27:21 epoch 349/500 step 600/610 loss 0.2551 lr 1.03e-04
[videomae] 2026-05-24T02:27:24 epoch 349/500 avg loss 0.2526
[videomae] 2026-05-24T02:27:24 wrote trunk checkpoint -> /Data/romain.poggi/smth2smth/checkpoints/track_a/ssl/videomaev2_t4native_encoder.pt (149 tensors, EMA)
[videomae] 2026-05-24T02:27:25 wrote resume state -> /Data/romain.poggi/smth2smth/checkpoints/track_a/ssl/videomaev2_t4native_encoder.state.pt
[videomae] 2026-05-24T02:27:28 epoch 350/500 step 0/610 loss 0.2511 lr 1.03e-04
[videomae] 2026-05-24T02:28:03 epoch 350/500 step 100/610 loss 0.2510 lr 1.03e-04
[videomae] 2026-05-24T02:28:39 epoch 350/500 step 200/610 loss 0.2715 lr 1.03e-04
[videomae] 2026-05-24T02:29:15 epoch 350/500 step 300/610 loss 0.2368 lr 1.03e-04
[videomae] 2026-05-24T02:29:51 epoch 350/500 step 400/610 loss 0.2703 lr 1.02e-04
[videomae] 2026-05-24T02:30:27 epoch 350/500 step 500/610 loss 0.2665 lr 1.02e-04
[videomae] 2026-05-24T02:31:02 epoch 350/500 step 600/610 loss 0.2328 lr 1.02e-04
[videomae] 2026-05-24T02:31:06 epoch 350/500 avg loss 0.2519
[videomae] 2026-05-24T02:31:06 wrote trunk checkpoint -> /Data/romain.poggi/smth2smth/checkpoints/track_a/ssl/videomaev2_t4native_encoder.pt (149 tensors, EMA)
[videomae] 2026-05-24T02:31:06 wrote trunk checkpoint -> /Data/romain.poggi/smth2smth/checkpoints/track_a/ssl/videomaev2_t4native_encoder_ep350.pt (149 tensors, EMA)
[videomae] 2026-05-24T02:31:07 wrote resume state -> /Data/romain.poggi/smth2smth/checkpoints/track_a/ssl/videomaev2_t4native_encoder.state.pt
[videomae] 2026-05-24T02:31:09 epoch 351/500 step 0/610 loss 0.2784 lr 1.02e-04
[videomae] 2026-05-24T02:31:45 epoch 351/500 step 100/610 loss 0.2576 lr 1.02e-04
[videomae] 2026-05-24T02:32:21 epoch 351/500 step 200/610 loss 0.2365 lr 1.02e-04
[videomae] 2026-05-24T02:32:57 epoch 351/500 step 300/610 loss 0.2253 lr 1.01e-04
[videomae] 2026-05-24T02:33:33 epoch 351/500 step 400/610 loss 0.2625 lr 1.01e-04
[videomae] 2026-05-24T02:34:08 epoch 351/500 step 500/610 loss 0.2709 lr 1.01e-04
[videomae] 2026-05-24T02:34:44 epoch 351/500 step 600/610 loss 0.2405 lr 1.01e-04
[videomae] 2026-05-24T02:34:47 epoch 351/500 avg loss 0.2510
[videomae] 2026-05-24T02:34:48 wrote trunk checkpoint -> /Data/romain.poggi/smth2smth/checkpoints/track_a/ssl/videomaev2_t4native_encoder.pt (149 tensors, EMA)
[videomae] 2026-05-24T02:34:49 wrote resume state -> /Data/romain.poggi/smth2smth/checkpoints/track_a/ssl/videomaev2_t4native_encoder.state.pt
[videomae] 2026-05-24T02:34:51 epoch 352/500 step 0/610 loss 0.2603 lr 1.01e-04
[videomae] 2026-05-24T02:35:27 epoch 352/500 step 100/610 loss 0.2546 lr 1.00e-04
[videomae] 2026-05-24T02:36:03 epoch 352/500 step 200/610 loss 0.2460 lr 1.00e-04
[videomae] 2026-05-24T02:36:38 epoch 352/500 step 300/610 loss 0.2604 lr 1.00e-04
[videomae] 2026-05-24T02:37:14 epoch 352/500 step 400/610 loss 0.2543 lr 9.99e-05
[videomae] 2026-05-24T02:37:50 epoch 352/500 step 500/610 loss 0.2377 lr 9.97e-05
[videomae] 2026-05-24T02:38:26 epoch 352/500 step 600/610 loss 0.2453 lr 9.95e-05
[videomae] 2026-05-24T02:38:29 epoch 352/500 avg loss 0.2505
[videomae] 2026-05-24T02:38:29 wrote trunk checkpoint -> /Data/romain.poggi/smth2smth/checkpoints/track_a/ssl/videomaev2_t4native_encoder.pt (149 tensors, EMA)
[videomae] 2026-05-24T02:38:30 wrote resume state -> /Data/romain.poggi/smth2smth/checkpoints/track_a/ssl/videomaev2_t4native_encoder.state.pt
[videomae] 2026-05-24T02:38:32 epoch 353/500 step 0/610 loss 0.2467 lr 9.95e-05
[videomae] 2026-05-24T02:39:08 epoch 353/500 step 100/610 loss 0.2486 lr 9.93e-05
[videomae] 2026-05-24T02:39:44 epoch 353/500 step 200/610 loss 0.2558 lr 9.91e-05
[videomae] 2026-05-24T02:40:20 epoch 353/500 step 300/610 loss 0.2416 lr 9.88e-05
[videomae] 2026-05-24T02:40:56 epoch 353/500 step 400/610 loss 0.2347 lr 9.86e-05
[videomae] 2026-05-24T02:41:31 epoch 353/500 step 500/610 loss 0.2678 lr 9.84e-05
[videomae] 2026-05-24T02:42:07 epoch 353/500 step 600/610 loss 0.2394 lr 9.82e-05
[videomae] 2026-05-24T02:42:10 epoch 353/500 avg loss 0.2508
[videomae] 2026-05-24T02:42:11 wrote trunk checkpoint -> /Data/romain.poggi/smth2smth/checkpoints/track_a/ssl/videomaev2_t4native_encoder.pt (149 tensors, EMA)
[videomae] 2026-05-24T02:42:12 wrote resume state -> /Data/romain.poggi/smth2smth/checkpoints/track_a/ssl/videomaev2_t4native_encoder.state.pt
[videomae] 2026-05-24T02:42:14 epoch 354/500 step 0/610 loss 0.2540 lr 9.82e-05
[videomae] 2026-05-24T02:42:50 epoch 354/500 step 100/610 loss 0.2472 lr 9.80e-05
[videomae] 2026-05-24T02:43:26 epoch 354/500 step 200/610 loss 0.2627 lr 9.78e-05
[videomae] 2026-05-24T02:44:01 epoch 354/500 step 300/610 loss 0.2706 lr 9.76e-05
[videomae] 2026-05-24T02:44:37 epoch 354/500 step 400/610 loss 0.2505 lr 9.74e-05
[videomae] 2026-05-24T02:45:13 epoch 354/500 step 500/610 loss 0.2399 lr 9.72e-05
[videomae] 2026-05-24T02:45:49 epoch 354/500 step 600/610 loss 0.2318 lr 9.70e-05
[videomae] 2026-05-24T02:45:52 epoch 354/500 avg loss 0.2508
[videomae] 2026-05-24T02:45:52 wrote trunk checkpoint -> /Data/romain.poggi/smth2smth/checkpoints/track_a/ssl/videomaev2_t4native_encoder.pt (149 tensors, EMA)
[videomae] 2026-05-24T02:45:53 wrote resume state -> /Data/romain.poggi/smth2smth/checkpoints/track_a/ssl/videomaev2_t4native_encoder.state.pt
[videomae] 2026-05-24T02:45:55 epoch 355/500 step 0/610 loss 0.2350 lr 9.70e-05
[videomae] 2026-05-24T02:46:31 epoch 355/500 step 100/610 loss 0.2419 lr 9.68e-05
[videomae] 2026-05-24T02:47:07 epoch 355/500 step 200/610 loss 0.2478 lr 9.66e-05
[videomae] 2026-05-24T02:47:43 epoch 355/500 step 300/610 loss 0.2487 lr 9.64e-05
[videomae] 2026-05-24T02:48:19 epoch 355/500 step 400/610 loss 0.2434 lr 9.62e-05
[videomae] 2026-05-24T02:48:55 epoch 355/500 step 500/610 loss 0.2320 lr 9.60e-05
[videomae] 2026-05-24T02:49:30 epoch 355/500 step 600/610 loss 0.2296 lr 9.58e-05
[videomae] 2026-05-24T02:49:34 epoch 355/500 avg loss 0.2513
[videomae] 2026-05-24T02:49:34 wrote trunk checkpoint -> /Data/romain.poggi/smth2smth/checkpoints/track_a/ssl/videomaev2_t4native_encoder.pt (149 tensors, EMA)
[videomae] 2026-05-24T02:49:35 wrote resume state -> /Data/romain.poggi/smth2smth/checkpoints/track_a/ssl/videomaev2_t4native_encoder.state.pt
[videomae] 2026-05-24T02:49:37 epoch 356/500 step 0/610 loss 0.2618 lr 9.58e-05
[videomae] 2026-05-24T02:50:13 epoch 356/500 step 100/610 loss 0.2612 lr 9.56e-05
[videomae] 2026-05-24T02:50:49 epoch 356/500 step 200/610 loss 0.2372 lr 9.54e-05
[videomae] 2026-05-24T02:51:25 epoch 356/500 step 300/610 loss 0.2541 lr 9.52e-05
[videomae] 2026-05-24T02:52:00 epoch 356/500 step 400/610 loss 0.2482 lr 9.50e-05
[videomae] 2026-05-24T02:52:36 epoch 356/500 step 500/610 loss 0.2600 lr 9.48e-05
[videomae] 2026-05-24T02:53:12 epoch 356/500 step 600/610 loss 0.2553 lr 9.46e-05
[videomae] 2026-05-24T02:53:15 epoch 356/500 avg loss 0.2503
[videomae] 2026-05-24T02:53:16 wrote trunk checkpoint -> /Data/romain.poggi/smth2smth/checkpoints/track_a/ssl/videomaev2_t4native_encoder.pt (149 tensors, EMA)
[videomae] 2026-05-24T02:53:17 wrote resume state -> /Data/romain.poggi/smth2smth/checkpoints/track_a/ssl/videomaev2_t4native_encoder.state.pt
[videomae] 2026-05-24T02:53:19 epoch 357/500 step 0/610 loss 0.2734 lr 9.46e-05
[videomae] 2026-05-24T02:53:55 epoch 357/500 step 100/610 loss 0.2383 lr 9.44e-05
[videomae] 2026-05-24T02:54:30 epoch 357/500 step 200/610 loss 0.2642 lr 9.42e-05
[videomae] 2026-05-24T02:55:06 epoch 357/500 step 300/610 loss 0.2522 lr 9.40e-05
[videomae] 2026-05-24T02:55:42 epoch 357/500 step 400/610 loss 0.2390 lr 9.38e-05
[videomae] 2026-05-24T02:56:18 epoch 357/500 step 500/610 loss 0.2679 lr 9.36e-05
[videomae] 2026-05-24T02:56:54 epoch 357/500 step 600/610 loss 0.2452 lr 9.34e-05
[videomae] 2026-05-24T02:56:57 epoch 357/500 avg loss 0.2508
[videomae] 2026-05-24T02:56:57 wrote trunk checkpoint -> /Data/romain.poggi/smth2smth/checkpoints/track_a/ssl/videomaev2_t4native_encoder.pt (149 tensors, EMA)
[videomae] 2026-05-24T02:56:58 wrote resume state -> /Data/romain.poggi/smth2smth/checkpoints/track_a/ssl/videomaev2_t4native_encoder.state.pt
[videomae] 2026-05-24T02:57:01 epoch 358/500 step 0/610 loss 0.2598 lr 9.34e-05
[videomae] 2026-05-24T02:57:36 epoch 358/500 step 100/610 loss 0.2476 lr 9.32e-05
[videomae] 2026-05-24T02:58:12 epoch 358/500 step 200/610 loss 0.2675 lr 9.30e-05
[videomae] 2026-05-24T02:58:48 epoch 358/500 step 300/610 loss 0.2537 lr 9.28e-05
[videomae] 2026-05-24T02:59:24 epoch 358/500 step 400/610 loss 0.2332 lr 9.26e-05
[videomae] 2026-05-24T03:00:00 epoch 358/500 step 500/610 loss 0.2440 lr 9.24e-05
[videomae] 2026-05-24T03:00:36 epoch 358/500 step 600/610 loss 0.2520 lr 9.22e-05
[videomae] 2026-05-24T03:00:39 epoch 358/500 avg loss 0.2503
[videomae] 2026-05-24T03:00:39 wrote trunk checkpoint -> /Data/romain.poggi/smth2smth/checkpoints/track_a/ssl/videomaev2_t4native_encoder.pt (149 tensors, EMA)
[videomae] 2026-05-24T03:00:40 wrote resume state -> /Data/romain.poggi/smth2smth/checkpoints/track_a/ssl/videomaev2_t4native_encoder.state.pt
[videomae] 2026-05-24T03:00:42 epoch 359/500 step 0/610 loss 0.2334 lr 9.21e-05
[videomae] 2026-05-24T03:01:18 epoch 359/500 step 100/610 loss 0.2396 lr 9.20e-05
[videomae] 2026-05-24T03:01:54 epoch 359/500 step 200/610 loss 0.2273 lr 9.18e-05
[videomae] 2026-05-24T03:02:30 epoch 359/500 step 300/610 loss 0.2430 lr 9.16e-05
[videomae] 2026-05-24T03:03:06 epoch 359/500 step 400/610 loss 0.2700 lr 9.14e-05
[videomae] 2026-05-24T03:03:41 epoch 359/500 step 500/610 loss 0.2344 lr 9.12e-05
[videomae] 2026-05-24T03:04:17 epoch 359/500 step 600/610 loss 0.2474 lr 9.10e-05
[videomae] 2026-05-24T03:04:20 epoch 359/500 avg loss 0.2501
[videomae] 2026-05-24T03:04:21 wrote trunk checkpoint -> /Data/romain.poggi/smth2smth/checkpoints/track_a/ssl/videomaev2_t4native_encoder.pt (149 tensors, EMA)
[videomae] 2026-05-24T03:04:22 wrote resume state -> /Data/romain.poggi/smth2smth/checkpoints/track_a/ssl/videomaev2_t4native_encoder.state.pt
[videomae] 2026-05-24T03:04:24 epoch 360/500 step 0/610 loss 0.2606 lr 9.09e-05
[videomae] 2026-05-24T03:05:00 epoch 360/500 step 100/610 loss 0.2264 lr 9.08e-05
[videomae] 2026-05-24T03:05:35 epoch 360/500 step 200/610 loss 0.2754 lr 9.06e-05
[videomae] 2026-05-24T03:06:11 epoch 360/500 step 300/610 loss 0.2677 lr 9.04e-05
[videomae] 2026-05-24T03:06:47 epoch 360/500 step 400/610 loss 0.2837 lr 9.02e-05
[videomae] 2026-05-24T03:07:23 epoch 360/500 step 500/610 loss 0.2519 lr 9.00e-05
[videomae] 2026-05-24T03:07:59 epoch 360/500 step 600/610 loss 0.2413 lr 8.98e-05
[videomae] 2026-05-24T03:08:02 epoch 360/500 avg loss 0.2501
[videomae] 2026-05-24T03:08:02 wrote trunk checkpoint -> /Data/romain.poggi/smth2smth/checkpoints/track_a/ssl/videomaev2_t4native_encoder.pt (149 tensors, EMA)
[videomae] 2026-05-24T03:08:03 wrote resume state -> /Data/romain.poggi/smth2smth/checkpoints/track_a/ssl/videomaev2_t4native_encoder.state.pt
[videomae] 2026-05-24T03:08:05 epoch 361/500 step 0/610 loss 0.2279 lr 8.98e-05
[videomae] 2026-05-24T03:08:41 epoch 361/500 step 100/610 loss 0.2651 lr 8.96e-05
[videomae] 2026-05-24T03:09:17 epoch 361/500 step 200/610 loss 0.2559 lr 8.94e-05
[videomae] 2026-05-24T03:09:53 epoch 361/500 step 300/610 loss 0.2434 lr 8.92e-05
[videomae] 2026-05-24T03:10:29 epoch 361/500 step 400/610 loss 0.2402 lr 8.90e-05
[videomae] 2026-05-24T03:11:04 epoch 361/500 step 500/610 loss 0.2394 lr 8.88e-05
[videomae] 2026-05-24T03:11:40 epoch 361/500 step 600/610 loss 0.2506 lr 8.86e-05
[videomae] 2026-05-24T03:11:43 epoch 361/500 avg loss 0.2498
[videomae] 2026-05-24T03:11:44 wrote trunk checkpoint -> /Data/romain.poggi/smth2smth/checkpoints/track_a/ssl/videomaev2_t4native_encoder.pt (149 tensors, EMA)
[videomae] 2026-05-24T03:11:45 wrote resume state -> /Data/romain.poggi/smth2smth/checkpoints/track_a/ssl/videomaev2_t4native_encoder.state.pt
[videomae] 2026-05-24T03:11:47 epoch 362/500 step 0/610 loss 0.2476 lr 8.86e-05
[videomae] 2026-05-24T03:12:23 epoch 362/500 step 100/610 loss 0.2479 lr 8.84e-05
[videomae] 2026-05-24T03:12:58 epoch 362/500 step 200/610 loss 0.2538 lr 8.82e-05
[videomae] 2026-05-24T03:13:34 epoch 362/500 step 300/610 loss 0.2525 lr 8.80e-05
[videomae] 2026-05-24T03:14:10 epoch 362/500 step 400/610 loss 0.2615 lr 8.78e-05
[videomae] 2026-05-24T03:14:46 epoch 362/500 step 500/610 loss 0.2417 lr 8.76e-05
[videomae] 2026-05-24T03:15:22 epoch 362/500 step 600/610 loss 0.2494 lr 8.74e-05
[videomae] 2026-05-24T03:15:25 epoch 362/500 avg loss 0.2493
[videomae] 2026-05-24T03:15:25 wrote trunk checkpoint -> /Data/romain.poggi/smth2smth/checkpoints/track_a/ssl/videomaev2_t4native_encoder.pt (149 tensors, EMA)
[videomae] 2026-05-24T03:15:26 wrote resume state -> /Data/romain.poggi/smth2smth/checkpoints/track_a/ssl/videomaev2_t4native_encoder.state.pt
[videomae] 2026-05-24T03:15:28 epoch 363/500 step 0/610 loss 0.2371 lr 8.74e-05
[videomae] 2026-05-24T03:16:04 epoch 363/500 step 100/610 loss 0.2371 lr 8.72e-05
[videomae] 2026-05-24T03:16:40 epoch 363/500 step 200/610 loss 0.2471 lr 8.70e-05
[videomae] 2026-05-24T03:17:16 epoch 363/500 step 300/610 loss 0.2648 lr 8.68e-05
[videomae] 2026-05-24T03:17:52 epoch 363/500 step 400/610 loss 0.2511 lr 8.66e-05
[videomae] 2026-05-24T03:18:27 epoch 363/500 step 500/610 loss 0.2480 lr 8.64e-05
[videomae] 2026-05-24T03:19:03 epoch 363/500 step 600/610 loss 0.2462 lr 8.62e-05
[videomae] 2026-05-24T03:19:06 epoch 363/500 avg loss 0.2494
[videomae] 2026-05-24T03:19:07 wrote trunk checkpoint -> /Data/romain.poggi/smth2smth/checkpoints/track_a/ssl/videomaev2_t4native_encoder.pt (149 tensors, EMA)
[videomae] 2026-05-24T03:19:08 wrote resume state -> /Data/romain.poggi/smth2smth/checkpoints/track_a/ssl/videomaev2_t4native_encoder.state.pt
[videomae] 2026-05-24T03:19:10 epoch 364/500 step 0/610 loss 0.2423 lr 8.62e-05
[videomae] 2026-05-24T03:19:46 epoch 364/500 step 100/610 loss 0.2457 lr 8.60e-05
[videomae] 2026-05-24T03:20:21 epoch 364/500 step 200/610 loss 0.2496 lr 8.58e-05
[videomae] 2026-05-24T03:20:57 epoch 364/500 step 300/610 loss 0.2375 lr 8.56e-05
[videomae] 2026-05-24T03:21:33 epoch 364/500 step 400/610 loss 0.2351 lr 8.54e-05
[videomae] 2026-05-24T03:22:09 epoch 364/500 step 500/610 loss 0.2449 lr 8.53e-05
[videomae] 2026-05-24T03:22:45 epoch 364/500 step 600/610 loss 0.2549 lr 8.51e-05
[videomae] 2026-05-24T03:22:48 epoch 364/500 avg loss 0.2494
[videomae] 2026-05-24T03:22:48 wrote trunk checkpoint -> /Data/romain.poggi/smth2smth/checkpoints/track_a/ssl/videomaev2_t4native_encoder.pt (149 tensors, EMA)
[videomae] 2026-05-24T03:22:49 wrote resume state -> /Data/romain.poggi/smth2smth/checkpoints/track_a/ssl/videomaev2_t4native_encoder.state.pt
[videomae] 2026-05-24T03:22:51 epoch 365/500 step 0/610 loss 0.2445 lr 8.50e-05
[videomae] 2026-05-24T03:23:27 epoch 365/500 step 100/610 loss 0.2290 lr 8.49e-05
[videomae] 2026-05-24T03:24:03 epoch 365/500 step 200/610 loss 0.2366 lr 8.47e-05
[videomae] 2026-05-24T03:24:39 epoch 365/500 step 300/610 loss 0.2483 lr 8.45e-05
[videomae] 2026-05-24T03:25:15 epoch 365/500 step 400/610 loss 0.2209 lr 8.43e-05
[videomae] 2026-05-24T03:25:50 epoch 365/500 step 500/610 loss 0.2548 lr 8.41e-05
[videomae] 2026-05-24T03:26:26 epoch 365/500 step 600/610 loss 0.2409 lr 8.39e-05
[videomae] 2026-05-24T03:26:29 epoch 365/500 avg loss 0.2489
[videomae] 2026-05-24T03:26:30 wrote trunk checkpoint -> /Data/romain.poggi/smth2smth/checkpoints/track_a/ssl/videomaev2_t4native_encoder.pt (149 tensors, EMA)
[videomae] 2026-05-24T03:26:31 wrote resume state -> /Data/romain.poggi/smth2smth/checkpoints/track_a/ssl/videomaev2_t4native_encoder.state.pt
[videomae] 2026-05-24T03:26:33 epoch 366/500 step 0/610 loss 0.2570 lr 8.39e-05
[videomae] 2026-05-24T03:27:09 epoch 366/500 step 100/610 loss 0.2427 lr 8.37e-05
[videomae] 2026-05-24T03:27:45 epoch 366/500 step 200/610 loss 0.2643 lr 8.35e-05
[videomae] 2026-05-24T03:28:20 epoch 366/500 step 300/610 loss 0.2422 lr 8.33e-05
[videomae] 2026-05-24T03:28:56 epoch 366/500 step 400/610 loss 0.2402 lr 8.31e-05
[videomae] 2026-05-24T03:29:32 epoch 366/500 step 500/610 loss 0.2375 lr 8.29e-05
[videomae] 2026-05-24T03:30:08 epoch 366/500 step 600/610 loss 0.2537 lr 8.27e-05
[videomae] 2026-05-24T03:30:11 epoch 366/500 avg loss 0.2491
[videomae] 2026-05-24T03:30:11 wrote trunk checkpoint -> /Data/romain.poggi/smth2smth/checkpoints/track_a/ssl/videomaev2_t4native_encoder.pt (149 tensors, EMA)
[videomae] 2026-05-24T03:30:12 wrote resume state -> /Data/romain.poggi/smth2smth/checkpoints/track_a/ssl/videomaev2_t4native_encoder.state.pt
[videomae] 2026-05-24T03:30:14 epoch 367/500 step 0/610 loss 0.2447 lr 8.27e-05
[videomae] 2026-05-24T03:30:50 epoch 367/500 step 100/610 loss 0.2296 lr 8.25e-05
[videomae] 2026-05-24T03:31:26 epoch 367/500 step 200/610 loss 0.2583 lr 8.24e-05
[videomae] 2026-05-24T03:32:02 epoch 367/500 step 300/610 loss 0.2501 lr 8.22e-05
[videomae] 2026-05-24T03:32:38 epoch 367/500 step 400/610 loss 0.2362 lr 8.20e-05
[videomae] 2026-05-24T03:33:13 epoch 367/500 step 500/610 loss 0.2461 lr 8.18e-05
[videomae] 2026-05-24T03:33:49 epoch 367/500 step 600/610 loss 0.2430 lr 8.16e-05
[videomae] 2026-05-24T03:33:52 epoch 367/500 avg loss 0.2485
[videomae] 2026-05-24T03:33:53 wrote trunk checkpoint -> /Data/romain.poggi/smth2smth/checkpoints/track_a/ssl/videomaev2_t4native_encoder.pt (149 tensors, EMA)
[videomae] 2026-05-24T03:33:54 wrote resume state -> /Data/romain.poggi/smth2smth/checkpoints/track_a/ssl/videomaev2_t4native_encoder.state.pt
[videomae] 2026-05-24T03:33:56 epoch 368/500 step 0/610 loss 0.2434 lr 8.16e-05
[videomae] 2026-05-24T03:34:32 epoch 368/500 step 100/610 loss 0.2340 lr 8.14e-05
[videomae] 2026-05-24T03:35:07 epoch 368/500 step 200/610 loss 0.2519 lr 8.12e-05
[videomae] 2026-05-24T03:35:43 epoch 368/500 step 300/610 loss 0.2659 lr 8.10e-05
[videomae] 2026-05-24T03:36:19 epoch 368/500 step 400/610 loss 0.2615 lr 8.08e-05
[videomae] 2026-05-24T03:36:55 epoch 368/500 step 500/610 loss 0.2526 lr 8.06e-05
[videomae] 2026-05-24T03:37:31 epoch 368/500 step 600/610 loss 0.2407 lr 8.05e-05
[videomae] 2026-05-24T03:37:34 epoch 368/500 avg loss 0.2488
[videomae] 2026-05-24T03:37:34 wrote trunk checkpoint -> /Data/romain.poggi/smth2smth/checkpoints/track_a/ssl/videomaev2_t4native_encoder.pt (149 tensors, EMA)
[videomae] 2026-05-24T03:37:35 wrote resume state -> /Data/romain.poggi/smth2smth/checkpoints/track_a/ssl/videomaev2_t4native_encoder.state.pt
[videomae] 2026-05-24T03:37:37 epoch 369/500 step 0/610 loss 0.2300 lr 8.04e-05
[videomae] 2026-05-24T03:38:13 epoch 369/500 step 100/610 loss 0.2319 lr 8.02e-05
[videomae] 2026-05-24T03:38:49 epoch 369/500 step 200/610 loss 0.2478 lr 8.01e-05
[videomae] 2026-05-24T03:39:25 epoch 369/500 step 300/610 loss 0.2580 lr 7.99e-05
[videomae] 2026-05-24T03:40:01 epoch 369/500 step 400/610 loss 0.2544 lr 7.97e-05
[videomae] 2026-05-24T03:40:36 epoch 369/500 step 500/610 loss 0.2503 lr 7.95e-05
[videomae] 2026-05-24T03:41:12 epoch 369/500 step 600/610 loss 0.2639 lr 7.93e-05
[videomae] 2026-05-24T03:41:15 epoch 369/500 avg loss 0.2484
[videomae] 2026-05-24T03:41:16 wrote trunk checkpoint -> /Data/romain.poggi/smth2smth/checkpoints/track_a/ssl/videomaev2_t4native_encoder.pt (149 tensors, EMA)
[videomae] 2026-05-24T03:41:17 wrote resume state -> /Data/romain.poggi/smth2smth/checkpoints/track_a/ssl/videomaev2_t4native_encoder.state.pt
[videomae] 2026-05-24T03:41:19 epoch 370/500 step 0/610 loss 0.2463 lr 7.93e-05
[videomae] 2026-05-24T03:41:55 epoch 370/500 step 100/610 loss 0.2457 lr 7.91e-05
[videomae] 2026-05-24T03:42:31 epoch 370/500 step 200/610 loss 0.2541 lr 7.89e-05
[videomae] 2026-05-24T03:43:07 epoch 370/500 step 300/610 loss 0.2676 lr 7.87e-05
[videomae] 2026-05-24T03:43:42 epoch 370/500 step 400/610 loss 0.2345 lr 7.86e-05
[videomae] 2026-05-24T03:44:18 epoch 370/500 step 500/610 loss 0.2414 lr 7.84e-05
[videomae] 2026-05-24T03:44:54 epoch 370/500 step 600/610 loss 0.2391 lr 7.82e-05
[videomae] 2026-05-24T03:44:57 epoch 370/500 avg loss 0.2482
[videomae] 2026-05-24T03:44:57 wrote trunk checkpoint -> /Data/romain.poggi/smth2smth/checkpoints/track_a/ssl/videomaev2_t4native_encoder.pt (149 tensors, EMA)
[videomae] 2026-05-24T03:44:59 wrote resume state -> /Data/romain.poggi/smth2smth/checkpoints/track_a/ssl/videomaev2_t4native_encoder.state.pt
[videomae] 2026-05-24T03:45:01 epoch 371/500 step 0/610 loss 0.2442 lr 7.82e-05
[videomae] 2026-05-24T03:45:37 epoch 371/500 step 100/610 loss 0.2410 lr 7.80e-05
[videomae] 2026-05-24T03:46:12 epoch 371/500 step 200/610 loss 0.2582 lr 7.78e-05
[videomae] 2026-05-24T03:46:48 epoch 371/500 step 300/610 loss 0.2470 lr 7.76e-05
[videomae] 2026-05-24T03:47:24 epoch 371/500 step 400/610 loss 0.2531 lr 7.74e-05
[videomae] 2026-05-24T03:48:00 epoch 371/500 step 500/610 loss 0.2326 lr 7.72e-05
[videomae] 2026-05-24T03:48:35 epoch 371/500 step 600/610 loss 0.2561 lr 7.71e-05
[videomae] 2026-05-24T03:48:39 epoch 371/500 avg loss 0.2480
[videomae] 2026-05-24T03:48:39 wrote trunk checkpoint -> /Data/romain.poggi/smth2smth/checkpoints/track_a/ssl/videomaev2_t4native_encoder.pt (149 tensors, EMA)
[videomae] 2026-05-24T03:48:40 wrote resume state -> /Data/romain.poggi/smth2smth/checkpoints/track_a/ssl/videomaev2_t4native_encoder.state.pt
[videomae] 2026-05-24T03:48:43 epoch 372/500 step 0/610 loss 0.2717 lr 7.70e-05
[videomae] 2026-05-24T03:49:18 epoch 372/500 step 100/610 loss 0.2596 lr 7.69e-05
[videomae] 2026-05-24T03:49:54 epoch 372/500 step 200/610 loss 0.2415 lr 7.67e-05
[videomae] 2026-05-24T03:50:30 epoch 372/500 step 300/610 loss 0.2479 lr 7.65e-05
[videomae] 2026-05-24T03:51:06 epoch 372/500 step 400/610 loss 0.2376 lr 7.63e-05
[videomae] 2026-05-24T03:51:42 epoch 372/500 step 500/610 loss 0.2566 lr 7.61e-05
[videomae] 2026-05-24T03:52:17 epoch 372/500 step 600/610 loss 0.2535 lr 7.59e-05
[videomae] 2026-05-24T03:52:21 epoch 372/500 avg loss 0.2480
[videomae] 2026-05-24T03:52:21 wrote trunk checkpoint -> /Data/romain.poggi/smth2smth/checkpoints/track_a/ssl/videomaev2_t4native_encoder.pt (149 tensors, EMA)
[videomae] 2026-05-24T03:52:22 wrote resume state -> /Data/romain.poggi/smth2smth/checkpoints/track_a/ssl/videomaev2_t4native_encoder.state.pt
[videomae] 2026-05-24T03:52:24 epoch 373/500 step 0/610 loss 0.2190 lr 7.59e-05
[videomae] 2026-05-24T03:53:00 epoch 373/500 step 100/610 loss 0.2575 lr 7.57e-05
[videomae] 2026-05-24T03:53:36 epoch 373/500 step 200/610 loss 0.2428 lr 7.56e-05
[videomae] 2026-05-24T03:54:12 epoch 373/500 step 300/610 loss 0.2298 lr 7.54e-05
[videomae] 2026-05-24T03:54:47 epoch 373/500 step 400/610 loss 0.2291 lr 7.52e-05
[videomae] 2026-05-24T03:55:23 epoch 373/500 step 500/610 loss 0.2533 lr 7.50e-05
[videomae] 2026-05-24T03:55:59 epoch 373/500 step 600/610 loss 0.2450 lr 7.48e-05
[videomae] 2026-05-24T03:56:02 epoch 373/500 avg loss 0.2480
[videomae] 2026-05-24T03:56:03 wrote trunk checkpoint -> /Data/romain.poggi/smth2smth/checkpoints/track_a/ssl/videomaev2_t4native_encoder.pt (149 tensors, EMA)
[videomae] 2026-05-24T03:56:04 wrote resume state -> /Data/romain.poggi/smth2smth/checkpoints/track_a/ssl/videomaev2_t4native_encoder.state.pt
[videomae] 2026-05-24T03:56:05 epoch 374/500 step 0/610 loss 0.2484 lr 7.48e-05
[videomae] 2026-05-24T03:56:41 epoch 374/500 step 100/610 loss 0.2582 lr 7.46e-05
[videomae] 2026-05-24T03:57:17 epoch 374/500 step 200/610 loss 0.2370 lr 7.45e-05
[videomae] 2026-05-24T03:57:53 epoch 374/500 step 300/610 loss 0.2547 lr 7.43e-05
[videomae] 2026-05-24T03:58:29 epoch 374/500 step 400/610 loss 0.2372 lr 7.41e-05
[videomae] 2026-05-24T03:59:05 epoch 374/500 step 500/610 loss 0.2570 lr 7.39e-05
[videomae] 2026-05-24T03:59:40 epoch 374/500 step 600/610 loss 0.2612 lr 7.37e-05
[videomae] 2026-05-24T03:59:44 epoch 374/500 avg loss 0.2478
[videomae] 2026-05-24T03:59:44 wrote trunk checkpoint -> /Data/romain.poggi/smth2smth/checkpoints/track_a/ssl/videomaev2_t4native_encoder.pt (149 tensors, EMA)
[videomae] 2026-05-24T03:59:45 wrote resume state -> /Data/romain.poggi/smth2smth/checkpoints/track_a/ssl/videomaev2_t4native_encoder.state.pt
[videomae] 2026-05-24T03:59:47 epoch 375/500 step 0/610 loss 0.2322 lr 7.37e-05
[videomae] 2026-05-24T04:00:23 epoch 375/500 step 100/610 loss 0.2304 lr 7.35e-05
[videomae] 2026-05-24T04:00:59 epoch 375/500 step 200/610 loss 0.2597 lr 7.33e-05
[videomae] 2026-05-24T04:01:35 epoch 375/500 step 300/610 loss 0.2400 lr 7.32e-05
[videomae] 2026-05-24T04:02:10 epoch 375/500 step 400/610 loss 0.2458 lr 7.30e-05
[videomae] 2026-05-24T04:02:46 epoch 375/500 step 500/610 loss 0.2284 lr 7.28e-05
[videomae] 2026-05-24T04:03:22 epoch 375/500 step 600/610 loss 0.2664 lr 7.26e-05
[videomae] 2026-05-24T04:03:25 epoch 375/500 avg loss 0.2481
[videomae] 2026-05-24T04:03:26 wrote trunk checkpoint -> /Data/romain.poggi/smth2smth/checkpoints/track_a/ssl/videomaev2_t4native_encoder.pt (149 tensors, EMA)
[videomae] 2026-05-24T04:03:27 wrote resume state -> /Data/romain.poggi/smth2smth/checkpoints/track_a/ssl/videomaev2_t4native_encoder.state.pt
[videomae] 2026-05-24T04:03:29 epoch 376/500 step 0/610 loss 0.2497 lr 7.26e-05
[videomae] 2026-05-24T04:04:05 epoch 376/500 step 100/610 loss 0.2695 lr 7.24e-05
[videomae] 2026-05-24T04:04:41 epoch 376/500 step 200/610 loss 0.2302 lr 7.23e-05
[videomae] 2026-05-24T04:05:16 epoch 376/500 step 300/610 loss 0.2542 lr 7.21e-05
[videomae] 2026-05-24T04:05:52 epoch 376/500 step 400/610 loss 0.2256 lr 7.19e-05
[videomae] 2026-05-24T04:06:28 epoch 376/500 step 500/610 loss 0.2474 lr 7.17e-05
[videomae] 2026-05-24T04:07:04 epoch 376/500 step 600/610 loss 0.2689 lr 7.15e-05
[videomae] 2026-05-24T04:07:07 epoch 376/500 avg loss 0.2481
[videomae] 2026-05-24T04:07:07 wrote trunk checkpoint -> /Data/romain.poggi/smth2smth/checkpoints/track_a/ssl/videomaev2_t4native_encoder.pt (149 tensors, EMA)
[videomae] 2026-05-24T04:07:08 wrote resume state -> /Data/romain.poggi/smth2smth/checkpoints/track_a/ssl/videomaev2_t4native_encoder.state.pt
[videomae] 2026-05-24T04:07:10 epoch 377/500 step 0/610 loss 0.2555 lr 7.15e-05
[videomae] 2026-05-24T04:07:46 epoch 377/500 step 100/610 loss 0.2443 lr 7.13e-05
[videomae] 2026-05-24T04:08:22 epoch 377/500 step 200/610 loss 0.2537 lr 7.12e-05
[videomae] 2026-05-24T04:08:58 epoch 377/500 step 300/610 loss 0.2355 lr 7.10e-05
[videomae] 2026-05-24T04:09:34 epoch 377/500 step 400/610 loss 0.2362 lr 7.08e-05
[videomae] 2026-05-24T04:10:09 epoch 377/500 step 500/610 loss 0.2406 lr 7.06e-05
[videomae] 2026-05-24T04:10:45 epoch 377/500 step 600/610 loss 0.2561 lr 7.05e-05
[videomae] 2026-05-24T04:10:48 epoch 377/500 avg loss 0.2473
[videomae] 2026-05-24T04:10:49 wrote trunk checkpoint -> /Data/romain.poggi/smth2smth/checkpoints/track_a/ssl/videomaev2_t4native_encoder.pt (149 tensors, EMA)
[videomae] 2026-05-24T04:10:50 wrote resume state -> /Data/romain.poggi/smth2smth/checkpoints/track_a/ssl/videomaev2_t4native_encoder.state.pt
[videomae] 2026-05-24T04:10:52 epoch 378/500 step 0/610 loss 0.2684 lr 7.04e-05
[videomae] 2026-05-24T04:11:28 epoch 378/500 step 100/610 loss 0.2515 lr 7.03e-05
[videomae] 2026-05-24T04:12:04 epoch 378/500 step 200/610 loss 0.2617 lr 7.01e-05
[videomae] 2026-05-24T04:12:39 epoch 378/500 step 300/610 loss 0.2547 lr 6.99e-05
[videomae] 2026-05-24T04:13:15 epoch 378/500 step 400/610 loss 0.2370 lr 6.97e-05
[videomae] 2026-05-24T04:13:51 epoch 378/500 step 500/610 loss 0.2625 lr 6.96e-05
[videomae] 2026-05-24T04:14:27 epoch 378/500 step 600/610 loss 0.2446 lr 6.94e-05
[videomae] 2026-05-24T04:14:30 epoch 378/500 avg loss 0.2472
[videomae] 2026-05-24T04:14:30 wrote trunk checkpoint -> /Data/romain.poggi/smth2smth/checkpoints/track_a/ssl/videomaev2_t4native_encoder.pt (149 tensors, EMA)
[videomae] 2026-05-24T04:14:31 wrote resume state -> /Data/romain.poggi/smth2smth/checkpoints/track_a/ssl/videomaev2_t4native_encoder.state.pt
[videomae] 2026-05-24T04:14:33 epoch 379/500 step 0/610 loss 0.2676 lr 6.94e-05
[videomae] 2026-05-24T04:15:09 epoch 379/500 step 100/610 loss 0.2402 lr 6.92e-05
[videomae] 2026-05-24T04:15:45 epoch 379/500 step 200/610 loss 0.2551 lr 6.90e-05
[videomae] 2026-05-24T04:16:21 epoch 379/500 step 300/610 loss 0.2454 lr 6.88e-05
[videomae] 2026-05-24T04:16:57 epoch 379/500 step 400/610 loss 0.2442 lr 6.87e-05
[videomae] 2026-05-24T04:17:32 epoch 379/500 step 500/610 loss 0.2506 lr 6.85e-05
[videomae] 2026-05-24T04:18:08 epoch 379/500 step 600/610 loss 0.2452 lr 6.83e-05
[videomae] 2026-05-24T04:18:11 epoch 379/500 avg loss 0.2473
[videomae] 2026-05-24T04:18:12 wrote trunk checkpoint -> /Data/romain.poggi/smth2smth/checkpoints/track_a/ssl/videomaev2_t4native_encoder.pt (149 tensors, EMA)
[videomae] 2026-05-24T04:18:13 wrote resume state -> /Data/romain.poggi/smth2smth/checkpoints/track_a/ssl/videomaev2_t4native_encoder.state.pt
[videomae] 2026-05-24T04:18:15 epoch 380/500 step 0/610 loss 0.2410 lr 6.83e-05
[videomae] 2026-05-24T04:18:51 epoch 380/500 step 100/610 loss 0.2438 lr 6.81e-05
[videomae] 2026-05-24T04:19:27 epoch 380/500 step 200/610 loss 0.2356 lr 6.79e-05
[videomae] 2026-05-24T04:20:02 epoch 380/500 step 300/610 loss 0.2272 lr 6.78e-05
[videomae] 2026-05-24T04:20:38 epoch 380/500 step 400/610 loss 0.2499 lr 6.76e-05
[videomae] 2026-05-24T04:21:14 epoch 380/500 step 500/610 loss 0.2244 lr 6.74e-05
[videomae] 2026-05-24T04:21:50 epoch 380/500 step 600/610 loss 0.2595 lr 6.72e-05
[videomae] 2026-05-24T04:21:53 epoch 380/500 avg loss 0.2471
[videomae] 2026-05-24T04:21:53 wrote trunk checkpoint -> /Data/romain.poggi/smth2smth/checkpoints/track_a/ssl/videomaev2_t4native_encoder.pt (149 tensors, EMA)
[videomae] 2026-05-24T04:21:55 wrote resume state -> /Data/romain.poggi/smth2smth/checkpoints/track_a/ssl/videomaev2_t4native_encoder.state.pt
[videomae] 2026-05-24T04:21:56 epoch 381/500 step 0/610 loss 0.2404 lr 6.72e-05
[videomae] 2026-05-24T04:22:32 epoch 381/500 step 100/610 loss 0.2407 lr 6.70e-05
[videomae] 2026-05-24T04:23:08 epoch 381/500 step 200/610 loss 0.2538 lr 6.69e-05
[videomae] 2026-05-24T04:23:44 epoch 381/500 step 300/610 loss 0.2408 lr 6.67e-05
[videomae] 2026-05-24T04:24:20 epoch 381/500 step 400/610 loss 0.2422 lr 6.65e-05
[videomae] 2026-05-24T04:24:56 epoch 381/500 step 500/610 loss 0.2453 lr 6.64e-05
[videomae] 2026-05-24T04:25:31 epoch 381/500 step 600/610 loss 0.2455 lr 6.62e-05
[videomae] 2026-05-24T04:25:35 epoch 381/500 avg loss 0.2464
[videomae] 2026-05-24T04:25:35 wrote trunk checkpoint -> /Data/romain.poggi/smth2smth/checkpoints/track_a/ssl/videomaev2_t4native_encoder.pt (149 tensors, EMA)
[videomae] 2026-05-24T04:25:36 wrote resume state -> /Data/romain.poggi/smth2smth/checkpoints/track_a/ssl/videomaev2_t4native_encoder.state.pt
[videomae] 2026-05-24T04:25:38 epoch 382/500 step 0/610 loss 0.2529 lr 6.62e-05
[videomae] 2026-05-24T04:26:14 epoch 382/500 step 100/610 loss 0.2517 lr 6.60e-05
[videomae] 2026-05-24T04:26:50 epoch 382/500 step 200/610 loss 0.2512 lr 6.58e-05
[videomae] 2026-05-24T04:27:25 epoch 382/500 step 300/610 loss 0.2436 lr 6.56e-05
[videomae] 2026-05-24T04:28:01 epoch 382/500 step 400/610 loss 0.2172 lr 6.55e-05
[videomae] 2026-05-24T04:28:37 epoch 382/500 step 500/610 loss 0.2519 lr 6.53e-05
[videomae] 2026-05-24T04:29:13 epoch 382/500 step 600/610 loss 0.2425 lr 6.51e-05
[videomae] 2026-05-24T04:29:16 epoch 382/500 avg loss 0.2465
[videomae] 2026-05-24T04:29:16 wrote trunk checkpoint -> /Data/romain.poggi/smth2smth/checkpoints/track_a/ssl/videomaev2_t4native_encoder.pt (149 tensors, EMA)
[videomae] 2026-05-24T04:29:18 wrote resume state -> /Data/romain.poggi/smth2smth/checkpoints/track_a/ssl/videomaev2_t4native_encoder.state.pt
[videomae] 2026-05-24T04:29:19 epoch 383/500 step 0/610 loss 0.2510 lr 6.51e-05
[videomae] 2026-05-24T04:29:55 epoch 383/500 step 100/610 loss 0.2455 lr 6.49e-05
[videomae] 2026-05-24T04:30:31 epoch 383/500 step 200/610 loss 0.2579 lr 6.48e-05
[videomae] 2026-05-24T04:31:07 epoch 383/500 step 300/610 loss 0.2496 lr 6.46e-05
[videomae] 2026-05-24T04:31:43 epoch 383/500 step 400/610 loss 0.2697 lr 6.44e-05
[videomae] 2026-05-24T04:32:18 epoch 383/500 step 500/610 loss 0.2371 lr 6.43e-05
[videomae] 2026-05-24T04:32:54 epoch 383/500 step 600/610 loss 0.2378 lr 6.41e-05
[videomae] 2026-05-24T04:32:57 epoch 383/500 avg loss 0.2465
[videomae] 2026-05-24T04:32:58 wrote trunk checkpoint -> /Data/romain.poggi/smth2smth/checkpoints/track_a/ssl/videomaev2_t4native_encoder.pt (149 tensors, EMA)
[videomae] 2026-05-24T04:32:59 wrote resume state -> /Data/romain.poggi/smth2smth/checkpoints/track_a/ssl/videomaev2_t4native_encoder.state.pt
[videomae] 2026-05-24T04:33:01 epoch 384/500 step 0/610 loss 0.2526 lr 6.41e-05
[videomae] 2026-05-24T04:33:37 epoch 384/500 step 100/610 loss 0.2396 lr 6.39e-05
[videomae] 2026-05-24T04:34:13 epoch 384/500 step 200/610 loss 0.2334 lr 6.37e-05
[videomae] 2026-05-24T04:34:49 epoch 384/500 step 300/610 loss 0.2377 lr 6.36e-05
[videomae] 2026-05-24T04:35:24 epoch 384/500 step 400/610 loss 0.2382 lr 6.34e-05
[videomae] 2026-05-24T04:36:00 epoch 384/500 step 500/610 loss 0.2068 lr 6.32e-05
[videomae] 2026-05-24T04:36:36 epoch 384/500 step 600/610 loss 0.2632 lr 6.31e-05
[videomae] 2026-05-24T04:36:39 epoch 384/500 avg loss 0.2462
[videomae] 2026-05-24T04:36:39 wrote trunk checkpoint -> /Data/romain.poggi/smth2smth/checkpoints/track_a/ssl/videomaev2_t4native_encoder.pt (149 tensors, EMA)
[videomae] 2026-05-24T04:36:41 wrote resume state -> /Data/romain.poggi/smth2smth/checkpoints/track_a/ssl/videomaev2_t4native_encoder.state.pt
[videomae] 2026-05-24T04:36:43 epoch 385/500 step 0/610 loss 0.2226 lr 6.30e-05
[videomae] 2026-05-24T04:37:19 epoch 385/500 step 100/610 loss 0.2977 lr 6.29e-05
[videomae] 2026-05-24T04:37:54 epoch 385/500 step 200/610 loss 0.2622 lr 6.27e-05
[videomae] 2026-05-24T04:38:30 epoch 385/500 step 300/610 loss 0.2368 lr 6.25e-05
[videomae] 2026-05-24T04:39:06 epoch 385/500 step 400/610 loss 0.2358 lr 6.24e-05
[videomae] 2026-05-24T04:39:42 epoch 385/500 step 500/610 loss 0.2452 lr 6.22e-05
[videomae] 2026-05-24T04:40:18 epoch 385/500 step 600/610 loss 0.2417 lr 6.20e-05
[videomae] 2026-05-24T04:40:21 epoch 385/500 avg loss 0.2460
[videomae] 2026-05-24T04:40:21 wrote trunk checkpoint -> /Data/romain.poggi/smth2smth/checkpoints/track_a/ssl/videomaev2_t4native_encoder.pt (149 tensors, EMA)
[videomae] 2026-05-24T04:40:22 wrote resume state -> /Data/romain.poggi/smth2smth/checkpoints/track_a/ssl/videomaev2_t4native_encoder.state.pt
[videomae] 2026-05-24T04:40:24 epoch 386/500 step 0/610 loss 0.2535 lr 6.20e-05
[videomae] 2026-05-24T04:41:00 epoch 386/500 step 100/610 loss 0.2518 lr 6.18e-05
[videomae] 2026-05-24T04:41:36 epoch 386/500 step 200/610 loss 0.2384 lr 6.17e-05
[videomae] 2026-05-24T04:42:12 epoch 386/500 step 300/610 loss 0.2627 lr 6.15e-05
[videomae] 2026-05-24T04:42:48 epoch 386/500 step 400/610 loss 0.2349 lr 6.13e-05
[videomae] 2026-05-24T04:43:23 epoch 386/500 step 500/610 loss 0.2450 lr 6.12e-05
[videomae] 2026-05-24T04:43:59 epoch 386/500 step 600/610 loss 0.2712 lr 6.10e-05
[videomae] 2026-05-24T04:44:02 epoch 386/500 avg loss 0.2463
[videomae] 2026-05-24T04:44:03 wrote trunk checkpoint -> /Data/romain.poggi/smth2smth/checkpoints/track_a/ssl/videomaev2_t4native_encoder.pt (149 tensors, EMA)
[videomae] 2026-05-24T04:44:04 wrote resume state -> /Data/romain.poggi/smth2smth/checkpoints/track_a/ssl/videomaev2_t4native_encoder.state.pt
[videomae] 2026-05-24T04:44:06 epoch 387/500 step 0/610 loss 0.2381 lr 6.10e-05
[videomae] 2026-05-24T04:44:42 epoch 387/500 step 100/610 loss 0.2438 lr 6.08e-05
[videomae] 2026-05-24T04:45:17 epoch 387/500 step 200/610 loss 0.2497 lr 6.06e-05
[videomae] 2026-05-24T04:45:53 epoch 387/500 step 300/610 loss 0.2505 lr 6.05e-05
[videomae] 2026-05-24T04:46:29 epoch 387/500 step 400/610 loss 0.2540 lr 6.03e-05
[videomae] 2026-05-24T04:47:05 epoch 387/500 step 500/610 loss 0.2351 lr 6.01e-05
[videomae] 2026-05-24T04:47:41 epoch 387/500 step 600/610 loss 0.2266 lr 6.00e-05
[videomae] 2026-05-24T04:47:44 epoch 387/500 avg loss 0.2467
[videomae] 2026-05-24T04:47:44 wrote trunk checkpoint -> /Data/romain.poggi/smth2smth/checkpoints/track_a/ssl/videomaev2_t4native_encoder.pt (149 tensors, EMA)
[videomae] 2026-05-24T04:47:45 wrote resume state -> /Data/romain.poggi/smth2smth/checkpoints/track_a/ssl/videomaev2_t4native_encoder.state.pt
[videomae] 2026-05-24T04:47:47 epoch 388/500 step 0/610 loss 0.2413 lr 6.00e-05
[videomae] 2026-05-24T04:48:23 epoch 388/500 step 100/610 loss 0.2383 lr 5.98e-05
[videomae] 2026-05-24T04:48:59 epoch 388/500 step 200/610 loss 0.2281 lr 5.96e-05
[videomae] 2026-05-24T04:49:35 epoch 388/500 step 300/610 loss 0.2426 lr 5.95e-05
[videomae] 2026-05-24T04:50:11 epoch 388/500 step 400/610 loss 0.2400 lr 5.93e-05
[videomae] 2026-05-24T04:50:47 epoch 388/500 step 500/610 loss 0.2360 lr 5.91e-05
[videomae] 2026-05-24T04:51:22 epoch 388/500 step 600/610 loss 0.2537 lr 5.90e-05
[videomae] 2026-05-24T04:51:26 epoch 388/500 avg loss 0.2460
[videomae] 2026-05-24T04:51:26 wrote trunk checkpoint -> /Data/romain.poggi/smth2smth/checkpoints/track_a/ssl/videomaev2_t4native_encoder.pt (149 tensors, EMA)
[videomae] 2026-05-24T04:51:27 wrote resume state -> /Data/romain.poggi/smth2smth/checkpoints/track_a/ssl/videomaev2_t4native_encoder.state.pt
[videomae] 2026-05-24T04:51:29 epoch 389/500 step 0/610 loss 0.2475 lr 5.90e-05
[videomae] 2026-05-24T04:52:05 epoch 389/500 step 100/610 loss 0.2225 lr 5.88e-05
[videomae] 2026-05-24T04:52:41 epoch 389/500 step 200/610 loss 0.2406 lr 5.86e-05
[videomae] 2026-05-24T04:53:17 epoch 389/500 step 300/610 loss 0.2324 lr 5.85e-05
[videomae] 2026-05-24T04:53:52 epoch 389/500 step 400/610 loss 0.2542 lr 5.83e-05
[videomae] 2026-05-24T04:54:28 epoch 389/500 step 500/610 loss 0.2507 lr 5.81e-05
[videomae] 2026-05-24T04:55:04 epoch 389/500 step 600/610 loss 0.2644 lr 5.80e-05
[videomae] 2026-05-24T04:55:07 epoch 389/500 avg loss 0.2455
[videomae] 2026-05-24T04:55:07 wrote trunk checkpoint -> /Data/romain.poggi/smth2smth/checkpoints/track_a/ssl/videomaev2_t4native_encoder.pt (149 tensors, EMA)
[videomae] 2026-05-24T04:55:09 wrote resume state -> /Data/romain.poggi/smth2smth/checkpoints/track_a/ssl/videomaev2_t4native_encoder.state.pt
[videomae] 2026-05-24T04:55:11 epoch 390/500 step 0/610 loss 0.2328 lr 5.80e-05
[videomae] 2026-05-24T04:55:47 epoch 390/500 step 100/610 loss 0.2407 lr 5.78e-05
[videomae] 2026-05-24T04:56:22 epoch 390/500 step 200/610 loss 0.2454 lr 5.76e-05
[videomae] 2026-05-24T04:56:58 epoch 390/500 step 300/610 loss 0.2496 lr 5.75e-05
[videomae] 2026-05-24T04:57:34 epoch 390/500 step 400/610 loss 0.2360 lr 5.73e-05
[videomae] 2026-05-24T04:58:10 epoch 390/500 step 500/610 loss 0.2385 lr 5.71e-05
[videomae] 2026-05-24T04:58:46 epoch 390/500 step 600/610 loss 0.2487 lr 5.70e-05
[videomae] 2026-05-24T04:58:49 epoch 390/500 avg loss 0.2456
[videomae] 2026-05-24T04:58:49 wrote trunk checkpoint -> /Data/romain.poggi/smth2smth/checkpoints/track_a/ssl/videomaev2_t4native_encoder.pt (149 tensors, EMA)
[videomae] 2026-05-24T04:58:50 wrote resume state -> /Data/romain.poggi/smth2smth/checkpoints/track_a/ssl/videomaev2_t4native_encoder.state.pt
[videomae] 2026-05-24T04:58:52 epoch 391/500 step 0/610 loss 0.2443 lr 5.70e-05
[videomae] 2026-05-24T04:59:28 epoch 391/500 step 100/610 loss 0.2444 lr 5.68e-05
[videomae] 2026-05-24T05:00:04 epoch 391/500 step 200/610 loss 0.2342 lr 5.66e-05
[videomae] 2026-05-24T05:00:40 epoch 391/500 step 300/610 loss 0.2481 lr 5.65e-05
[videomae] 2026-05-24T05:01:15 epoch 391/500 step 400/610 loss 0.2368 lr 5.63e-05
[videomae] 2026-05-24T05:01:51 epoch 391/500 step 500/610 loss 0.2515 lr 5.62e-05
[videomae] 2026-05-24T05:02:27 epoch 391/500 step 600/610 loss 0.2476 lr 5.60e-05
[videomae] 2026-05-24T05:02:30 epoch 391/500 avg loss 0.2453
[videomae] 2026-05-24T05:02:30 wrote trunk checkpoint -> /Data/romain.poggi/smth2smth/checkpoints/track_a/ssl/videomaev2_t4native_encoder.pt (149 tensors, EMA)
[videomae] 2026-05-24T05:02:32 wrote resume state -> /Data/romain.poggi/smth2smth/checkpoints/track_a/ssl/videomaev2_t4native_encoder.state.pt
[videomae] 2026-05-24T05:02:34 epoch 392/500 step 0/610 loss 0.2336 lr 5.60e-05
[videomae] 2026-05-24T05:03:10 epoch 392/500 step 100/610 loss 0.2508 lr 5.58e-05
[videomae] 2026-05-24T05:03:45 epoch 392/500 step 200/610 loss 0.2311 lr 5.57e-05
[videomae] 2026-05-24T05:04:21 epoch 392/500 step 300/610 loss 0.2327 lr 5.55e-05
[videomae] 2026-05-24T05:04:57 epoch 392/500 step 400/610 loss 0.2321 lr 5.53e-05
[videomae] 2026-05-24T05:05:33 epoch 392/500 step 500/610 loss 0.2505 lr 5.52e-05
[videomae] 2026-05-24T05:06:08 epoch 392/500 step 600/610 loss 0.2355 lr 5.50e-05
[videomae] 2026-05-24T05:06:12 epoch 392/500 avg loss 0.2453
[videomae] 2026-05-24T05:06:12 wrote trunk checkpoint -> /Data/romain.poggi/smth2smth/checkpoints/track_a/ssl/videomaev2_t4native_encoder.pt (149 tensors, EMA)
[videomae] 2026-05-24T05:06:13 wrote resume state -> /Data/romain.poggi/smth2smth/checkpoints/track_a/ssl/videomaev2_t4native_encoder.state.pt
[videomae] 2026-05-24T05:06:15 epoch 393/500 step 0/610 loss 0.2420 lr 5.50e-05
[videomae] 2026-05-24T05:06:51 epoch 393/500 step 100/610 loss 0.2290 lr 5.48e-05
[videomae] 2026-05-24T05:07:27 epoch 393/500 step 200/610 loss 0.2489 lr 5.47e-05
[videomae] 2026-05-24T05:08:03 epoch 393/500 step 300/610 loss 0.2388 lr 5.45e-05
[videomae] 2026-05-24T05:08:38 epoch 393/500 step 400/610 loss 0.2549 lr 5.44e-05
[videomae] 2026-05-24T05:09:14 epoch 393/500 step 500/610 loss 0.2221 lr 5.42e-05
[videomae] 2026-05-24T05:09:50 epoch 393/500 step 600/610 loss 0.2541 lr 5.40e-05
[videomae] 2026-05-24T05:09:53 epoch 393/500 avg loss 0.2454
[videomae] 2026-05-24T05:09:53 wrote trunk checkpoint -> /Data/romain.poggi/smth2smth/checkpoints/track_a/ssl/videomaev2_t4native_encoder.pt (149 tensors, EMA)
[videomae] 2026-05-24T05:09:55 wrote resume state -> /Data/romain.poggi/smth2smth/checkpoints/track_a/ssl/videomaev2_t4native_encoder.state.pt
[videomae] 2026-05-24T05:09:57 epoch 394/500 step 0/610 loss 0.2556 lr 5.40e-05
[videomae] 2026-05-24T05:10:33 epoch 394/500 step 100/610 loss 0.2460 lr 5.39e-05
[videomae] 2026-05-24T05:11:08 epoch 394/500 step 200/610 loss 0.2647 lr 5.37e-05
[videomae] 2026-05-24T05:11:44 epoch 394/500 step 300/610 loss 0.2348 lr 5.36e-05
[videomae] 2026-05-24T05:12:20 epoch 394/500 step 400/610 loss 0.2504 lr 5.34e-05
[videomae] 2026-05-24T05:12:56 epoch 394/500 step 500/610 loss 0.2570 lr 5.32e-05
[videomae] 2026-05-24T05:13:32 epoch 394/500 step 600/610 loss 0.2395 lr 5.31e-05
[videomae] 2026-05-24T05:13:35 epoch 394/500 avg loss 0.2454
[videomae] 2026-05-24T05:13:35 wrote trunk checkpoint -> /Data/romain.poggi/smth2smth/checkpoints/track_a/ssl/videomaev2_t4native_encoder.pt (149 tensors, EMA)
[videomae] 2026-05-24T05:13:36 wrote resume state -> /Data/romain.poggi/smth2smth/checkpoints/track_a/ssl/videomaev2_t4native_encoder.state.pt
[videomae] 2026-05-24T05:13:38 epoch 395/500 step 0/610 loss 0.2257 lr 5.31e-05
[videomae] 2026-05-24T05:14:14 epoch 395/500 step 100/610 loss 0.2497 lr 5.29e-05
[videomae] 2026-05-24T05:14:50 epoch 395/500 step 200/610 loss 0.2263 lr 5.28e-05
[videomae] 2026-05-24T05:15:26 epoch 395/500 step 300/610 loss 0.2254 lr 5.26e-05
[videomae] 2026-05-24T05:16:01 epoch 395/500 step 400/610 loss 0.2475 lr 5.24e-05
[videomae] 2026-05-24T05:16:37 epoch 395/500 step 500/610 loss 0.2372 lr 5.23e-05
[videomae] 2026-05-24T05:17:13 epoch 395/500 step 600/610 loss 0.2486 lr 5.21e-05
[videomae] 2026-05-24T05:17:16 epoch 395/500 avg loss 0.2451
[videomae] 2026-05-24T05:17:17 wrote trunk checkpoint -> /Data/romain.poggi/smth2smth/checkpoints/track_a/ssl/videomaev2_t4native_encoder.pt (149 tensors, EMA)
[videomae] 2026-05-24T05:17:18 wrote resume state -> /Data/romain.poggi/smth2smth/checkpoints/track_a/ssl/videomaev2_t4native_encoder.state.pt
[videomae] 2026-05-24T05:17:20 epoch 396/500 step 0/610 loss 0.2682 lr 5.21e-05
[videomae] 2026-05-24T05:17:55 epoch 396/500 step 100/610 loss 0.2517 lr 5.20e-05
[videomae] 2026-05-24T05:18:31 epoch 396/500 step 200/610 loss 0.2532 lr 5.18e-05
[videomae] 2026-05-24T05:19:07 epoch 396/500 step 300/610 loss 0.2282 lr 5.16e-05
[videomae] 2026-05-24T05:19:43 epoch 396/500 step 400/610 loss 0.2757 lr 5.15e-05
[videomae] 2026-05-24T05:20:19 epoch 396/500 step 500/610 loss 0.2316 lr 5.13e-05
[videomae] 2026-05-24T05:20:54 epoch 396/500 step 600/610 loss 0.2445 lr 5.12e-05
[videomae] 2026-05-24T05:20:58 epoch 396/500 avg loss 0.2452
[videomae] 2026-05-24T05:20:58 wrote trunk checkpoint -> /Data/romain.poggi/smth2smth/checkpoints/track_a/ssl/videomaev2_t4native_encoder.pt (149 tensors, EMA)
[videomae] 2026-05-24T05:20:59 wrote resume state -> /Data/romain.poggi/smth2smth/checkpoints/track_a/ssl/videomaev2_t4native_encoder.state.pt
[videomae] 2026-05-24T05:21:01 epoch 397/500 step 0/610 loss 0.2345 lr 5.12e-05
[videomae] 2026-05-24T05:21:37 epoch 397/500 step 100/610 loss 0.2576 lr 5.10e-05
[videomae] 2026-05-24T05:22:13 epoch 397/500 step 200/610 loss 0.2496 lr 5.09e-05
[videomae] 2026-05-24T05:22:49 epoch 397/500 step 300/610 loss 0.2569 lr 5.07e-05
[videomae] 2026-05-24T05:23:24 epoch 397/500 step 400/610 loss 0.2366 lr 5.05e-05
[videomae] 2026-05-24T05:24:00 epoch 397/500 step 500/610 loss 0.2572 lr 5.04e-05
[videomae] 2026-05-24T05:24:36 epoch 397/500 step 600/610 loss 0.2232 lr 5.02e-05
[videomae] 2026-05-24T05:24:39 epoch 397/500 avg loss 0.2449
[videomae] 2026-05-24T05:24:39 wrote trunk checkpoint -> /Data/romain.poggi/smth2smth/checkpoints/track_a/ssl/videomaev2_t4native_encoder.pt (149 tensors, EMA)
[videomae] 2026-05-24T05:24:41 wrote resume state -> /Data/romain.poggi/smth2smth/checkpoints/track_a/ssl/videomaev2_t4native_encoder.state.pt
[videomae] 2026-05-24T05:24:43 epoch 398/500 step 0/610 loss 0.2586 lr 5.02e-05
[videomae] 2026-05-24T05:25:19 epoch 398/500 step 100/610 loss 0.2472 lr 5.01e-05
[videomae] 2026-05-24T05:25:55 epoch 398/500 step 200/610 loss 0.2407 lr 4.99e-05
[videomae] 2026-05-24T05:26:30 epoch 398/500 step 300/610 loss 0.2466 lr 4.98e-05
[videomae] 2026-05-24T05:27:06 epoch 398/500 step 400/610 loss 0.2395 lr 4.96e-05
[videomae] 2026-05-24T05:27:42 epoch 398/500 step 500/610 loss 0.2590 lr 4.95e-05
[videomae] 2026-05-24T05:28:18 epoch 398/500 step 600/610 loss 0.2479 lr 4.93e-05
[videomae] 2026-05-24T05:28:21 epoch 398/500 avg loss 0.2449
[videomae] 2026-05-24T05:28:21 wrote trunk checkpoint -> /Data/romain.poggi/smth2smth/checkpoints/track_a/ssl/videomaev2_t4native_encoder.pt (149 tensors, EMA)
[videomae] 2026-05-24T05:28:22 wrote resume state -> /Data/romain.poggi/smth2smth/checkpoints/track_a/ssl/videomaev2_t4native_encoder.state.pt
[videomae] 2026-05-24T05:28:24 epoch 399/500 step 0/610 loss 0.2260 lr 4.93e-05
[videomae] 2026-05-24T05:29:00 epoch 399/500 step 100/610 loss 0.2533 lr 4.91e-05
[videomae] 2026-05-24T05:29:36 epoch 399/500 step 200/610 loss 0.2256 lr 4.90e-05
[videomae] 2026-05-24T05:30:12 epoch 399/500 step 300/610 loss 0.2440 lr 4.88e-05
[videomae] 2026-05-24T05:30:48 epoch 399/500 step 400/610 loss 0.2378 lr 4.87e-05
[videomae] 2026-05-24T05:31:23 epoch 399/500 step 500/610 loss 0.2622 lr 4.85e-05
[videomae] 2026-05-24T05:31:59 epoch 399/500 step 600/610 loss 0.2453 lr 4.84e-05
[videomae] 2026-05-24T05:32:02 epoch 399/500 avg loss 0.2448
[videomae] 2026-05-24T05:32:03 wrote trunk checkpoint -> /Data/romain.poggi/smth2smth/checkpoints/track_a/ssl/videomaev2_t4native_encoder.pt (149 tensors, EMA)
[videomae] 2026-05-24T05:32:04 wrote resume state -> /Data/romain.poggi/smth2smth/checkpoints/track_a/ssl/videomaev2_t4native_encoder.state.pt
[videomae] 2026-05-24T05:32:06 epoch 400/500 step 0/610 loss 0.2447 lr 4.84e-05
[videomae] 2026-05-24T05:32:42 epoch 400/500 step 100/610 loss 0.2688 lr 4.82e-05
[videomae] 2026-05-24T05:33:17 epoch 400/500 step 200/610 loss 0.2567 lr 4.81e-05
[videomae] 2026-05-24T05:33:53 epoch 400/500 step 300/610 loss 0.2569 lr 4.79e-05
[videomae] 2026-05-24T05:34:29 epoch 400/500 step 400/610 loss 0.2599 lr 4.78e-05
[videomae] 2026-05-24T05:35:05 epoch 400/500 step 500/610 loss 0.2413 lr 4.76e-05
[videomae] 2026-05-24T05:35:41 epoch 400/500 step 600/610 loss 0.2407 lr 4.75e-05
[videomae] 2026-05-24T05:35:44 epoch 400/500 avg loss 0.2442
[videomae] 2026-05-24T05:35:44 wrote trunk checkpoint -> /Data/romain.poggi/smth2smth/checkpoints/track_a/ssl/videomaev2_t4native_encoder.pt (149 tensors, EMA)
[videomae] 2026-05-24T05:35:44 wrote trunk checkpoint -> /Data/romain.poggi/smth2smth/checkpoints/track_a/ssl/videomaev2_t4native_encoder_ep400.pt (149 tensors, EMA)
[videomae] 2026-05-24T05:35:45 wrote resume state -> /Data/romain.poggi/smth2smth/checkpoints/track_a/ssl/videomaev2_t4native_encoder.state.pt
[videomae] 2026-05-24T05:35:48 epoch 401/500 step 0/610 loss 0.2170 lr 4.74e-05
[videomae] 2026-05-24T05:36:23 epoch 401/500 step 100/610 loss 0.2323 lr 4.73e-05
[videomae] 2026-05-24T05:36:59 epoch 401/500 step 200/610 loss 0.2487 lr 4.71e-05
[videomae] 2026-05-24T05:37:35 epoch 401/500 step 300/610 loss 0.2447 lr 4.70e-05
[videomae] 2026-05-24T05:38:10 epoch 401/500 step 400/610 loss 0.2322 lr 4.68e-05
[videomae] 2026-05-24T05:38:46 epoch 401/500 step 500/610 loss 0.2509 lr 4.67e-05
[videomae] 2026-05-24T05:39:22 epoch 401/500 step 600/610 loss 0.2369 lr 4.65e-05
[videomae] 2026-05-24T05:39:25 epoch 401/500 avg loss 0.2442
[videomae] 2026-05-24T05:39:25 wrote trunk checkpoint -> /Data/romain.poggi/smth2smth/checkpoints/track_a/ssl/videomaev2_t4native_encoder.pt (149 tensors, EMA)
[videomae] 2026-05-24T05:39:27 wrote resume state -> /Data/romain.poggi/smth2smth/checkpoints/track_a/ssl/videomaev2_t4native_encoder.state.pt
[videomae] 2026-05-24T05:39:28 epoch 402/500 step 0/610 loss 0.2557 lr 4.65e-05
[videomae] 2026-05-24T05:40:04 epoch 402/500 step 100/610 loss 0.2390 lr 4.64e-05
[videomae] 2026-05-24T05:40:40 epoch 402/500 step 200/610 loss 0.2573 lr 4.62e-05
[videomae] 2026-05-24T05:41:16 epoch 402/500 step 300/610 loss 0.2377 lr 4.61e-05
[videomae] 2026-05-24T05:41:52 epoch 402/500 step 400/610 loss 0.2506 lr 4.59e-05
[videomae] 2026-05-24T05:42:27 epoch 402/500 step 500/610 loss 0.2482 lr 4.58e-05
[videomae] 2026-05-24T05:43:03 epoch 402/500 step 600/610 loss 0.2417 lr 4.56e-05
[videomae] 2026-05-24T05:43:06 epoch 402/500 avg loss 0.2442
[videomae] 2026-05-24T05:43:07 wrote trunk checkpoint -> /Data/romain.poggi/smth2smth/checkpoints/track_a/ssl/videomaev2_t4native_encoder.pt (149 tensors, EMA)
[videomae] 2026-05-24T05:43:08 wrote resume state -> /Data/romain.poggi/smth2smth/checkpoints/track_a/ssl/videomaev2_t4native_encoder.state.pt
[videomae] 2026-05-24T05:43:10 epoch 403/500 step 0/610 loss 0.2360 lr 4.56e-05
[videomae] 2026-05-24T05:43:46 epoch 403/500 step 100/610 loss 0.2514 lr 4.55e-05
[videomae] 2026-05-24T05:44:22 epoch 403/500 step 200/610 loss 0.2416 lr 4.53e-05
[videomae] 2026-05-24T05:44:57 epoch 403/500 step 300/610 loss 0.2410 lr 4.52e-05
[videomae] 2026-05-24T05:45:33 epoch 403/500 step 400/610 loss 0.2491 lr 4.50e-05
[videomae] 2026-05-24T05:46:09 epoch 403/500 step 500/610 loss 0.2325 lr 4.49e-05
[videomae] 2026-05-24T05:46:45 epoch 403/500 step 600/610 loss 0.2255 lr 4.48e-05
[videomae] 2026-05-24T05:46:48 epoch 403/500 avg loss 0.2438
[videomae] 2026-05-24T05:46:48 wrote trunk checkpoint -> /Data/romain.poggi/smth2smth/checkpoints/track_a/ssl/videomaev2_t4native_encoder.pt (149 tensors, EMA)
[videomae] 2026-05-24T05:46:50 wrote resume state -> /Data/romain.poggi/smth2smth/checkpoints/track_a/ssl/videomaev2_t4native_encoder.state.pt
[videomae] 2026-05-24T05:46:51 epoch 404/500 step 0/610 loss 0.2295 lr 4.47e-05
[videomae] 2026-05-24T05:47:27 epoch 404/500 step 100/610 loss 0.2653 lr 4.46e-05
[videomae] 2026-05-24T05:48:03 epoch 404/500 step 200/610 loss 0.2480 lr 4.44e-05
[videomae] 2026-05-24T05:48:39 epoch 404/500 step 300/610 loss 0.2369 lr 4.43e-05
[videomae] 2026-05-24T05:49:15 epoch 404/500 step 400/610 loss 0.2573 lr 4.42e-05
[videomae] 2026-05-24T05:49:50 epoch 404/500 step 500/610 loss 0.2372 lr 4.40e-05
[videomae] 2026-05-24T05:50:26 epoch 404/500 step 600/610 loss 0.2303 lr 4.39e-05
[videomae] 2026-05-24T05:50:29 epoch 404/500 avg loss 0.2442
[videomae] 2026-05-24T05:50:30 wrote trunk checkpoint -> /Data/romain.poggi/smth2smth/checkpoints/track_a/ssl/videomaev2_t4native_encoder.pt (149 tensors, EMA)
[videomae] 2026-05-24T05:50:31 wrote resume state -> /Data/romain.poggi/smth2smth/checkpoints/track_a/ssl/videomaev2_t4native_encoder.state.pt
[videomae] 2026-05-24T05:50:33 epoch 405/500 step 0/610 loss 0.2464 lr 4.38e-05
[videomae] 2026-05-24T05:51:09 epoch 405/500 step 100/610 loss 0.2320 lr 4.37e-05
[videomae] 2026-05-24T05:51:44 epoch 405/500 step 200/610 loss 0.2361 lr 4.36e-05
[videomae] 2026-05-24T05:52:20 epoch 405/500 step 300/610 loss 0.2346 lr 4.34e-05
[videomae] 2026-05-24T05:52:56 epoch 405/500 step 400/610 loss 0.2504 lr 4.33e-05
[videomae] 2026-05-24T05:53:32 epoch 405/500 step 500/610 loss 0.2708 lr 4.31e-05
[videomae] 2026-05-24T05:54:08 epoch 405/500 step 600/610 loss 0.2508 lr 4.30e-05
[videomae] 2026-05-24T05:54:11 epoch 405/500 avg loss 0.2439
[videomae] 2026-05-24T05:54:11 wrote trunk checkpoint -> /Data/romain.poggi/smth2smth/checkpoints/track_a/ssl/videomaev2_t4native_encoder.pt (149 tensors, EMA)
[videomae] 2026-05-24T05:54:12 wrote resume state -> /Data/romain.poggi/smth2smth/checkpoints/track_a/ssl/videomaev2_t4native_encoder.state.pt
[videomae] 2026-05-24T05:54:14 epoch 406/500 step 0/610 loss 0.2554 lr 4.30e-05
[videomae] 2026-05-24T05:54:50 epoch 406/500 step 100/610 loss 0.2381 lr 4.28e-05
[videomae] 2026-05-24T05:55:26 epoch 406/500 step 200/610 loss 0.2277 lr 4.27e-05
[videomae] 2026-05-24T05:56:02 epoch 406/500 step 300/610 loss 0.2370 lr 4.25e-05
[videomae] 2026-05-24T05:56:38 epoch 406/500 step 400/610 loss 0.2425 lr 4.24e-05
[videomae] 2026-05-24T05:57:13 epoch 406/500 step 500/610 loss 0.2640 lr 4.23e-05
[videomae] 2026-05-24T05:57:49 epoch 406/500 step 600/610 loss 0.2292 lr 4.21e-05
[videomae] 2026-05-24T05:57:52 epoch 406/500 avg loss 0.2436
[videomae] 2026-05-24T05:57:53 wrote trunk checkpoint -> /Data/romain.poggi/smth2smth/checkpoints/track_a/ssl/videomaev2_t4native_encoder.pt (149 tensors, EMA)
[videomae] 2026-05-24T05:57:54 wrote resume state -> /Data/romain.poggi/smth2smth/checkpoints/track_a/ssl/videomaev2_t4native_encoder.state.pt
[videomae] 2026-05-24T05:57:56 epoch 407/500 step 0/610 loss 0.2242 lr 4.21e-05
[videomae] 2026-05-24T05:58:32 epoch 407/500 step 100/610 loss 0.2520 lr 4.20e-05
[videomae] 2026-05-24T05:59:07 epoch 407/500 step 200/610 loss 0.2325 lr 4.18e-05
[videomae] 2026-05-24T05:59:43 epoch 407/500 step 300/610 loss 0.2487 lr 4.17e-05
[videomae] 2026-05-24T06:00:19 epoch 407/500 step 400/610 loss 0.2504 lr 4.15e-05
[videomae] 2026-05-24T06:00:55 epoch 407/500 step 500/610 loss 0.2532 lr 4.14e-05
[videomae] 2026-05-24T06:01:30 epoch 407/500 step 600/610 loss 0.2461 lr 4.13e-05
[videomae] 2026-05-24T06:01:34 epoch 407/500 avg loss 0.2434
[videomae] 2026-05-24T06:01:34 wrote trunk checkpoint -> /Data/romain.poggi/smth2smth/checkpoints/track_a/ssl/videomaev2_t4native_encoder.pt (149 tensors, EMA)
[videomae] 2026-05-24T06:01:35 wrote resume state -> /Data/romain.poggi/smth2smth/checkpoints/track_a/ssl/videomaev2_t4native_encoder.state.pt
[videomae] 2026-05-24T06:01:37 epoch 408/500 step 0/610 loss 0.2603 lr 4.12e-05
[videomae] 2026-05-24T06:02:13 epoch 408/500 step 100/610 loss 0.2348 lr 4.11e-05
[videomae] 2026-05-24T06:02:49 epoch 408/500 step 200/610 loss 0.2616 lr 4.10e-05
[videomae] 2026-05-24T06:03:25 epoch 408/500 step 300/610 loss 0.2354 lr 4.08e-05
[videomae] 2026-05-24T06:04:00 epoch 408/500 step 400/610 loss 0.2614 lr 4.07e-05
[videomae] 2026-05-24T06:04:36 epoch 408/500 step 500/610 loss 0.2735 lr 4.05e-05
[videomae] 2026-05-24T06:05:12 epoch 408/500 step 600/610 loss 0.2349 lr 4.04e-05
[videomae] 2026-05-24T06:05:15 epoch 408/500 avg loss 0.2434
[videomae] 2026-05-24T06:05:15 wrote trunk checkpoint -> /Data/romain.poggi/smth2smth/checkpoints/track_a/ssl/videomaev2_t4native_encoder.pt (149 tensors, EMA)
[videomae] 2026-05-24T06:05:17 wrote resume state -> /Data/romain.poggi/smth2smth/checkpoints/track_a/ssl/videomaev2_t4native_encoder.state.pt
[videomae] 2026-05-24T06:05:19 epoch 409/500 step 0/610 loss 0.2378 lr 4.04e-05
[videomae] 2026-05-24T06:05:54 epoch 409/500 step 100/610 loss 0.2481 lr 4.02e-05
[videomae] 2026-05-24T06:06:30 epoch 409/500 step 200/610 loss 0.2291 lr 4.01e-05
[videomae] 2026-05-24T06:07:06 epoch 409/500 step 300/610 loss 0.2379 lr 4.00e-05
[videomae] 2026-05-24T06:07:42 epoch 409/500 step 400/610 loss 0.2403 lr 3.98e-05
[videomae] 2026-05-24T06:08:17 epoch 409/500 step 500/610 loss 0.2399 lr 3.97e-05
[videomae] 2026-05-24T06:08:53 epoch 409/500 step 600/610 loss 0.2538 lr 3.96e-05
[videomae] 2026-05-24T06:08:56 epoch 409/500 avg loss 0.2432
[videomae] 2026-05-24T06:08:57 wrote trunk checkpoint -> /Data/romain.poggi/smth2smth/checkpoints/track_a/ssl/videomaev2_t4native_encoder.pt (149 tensors, EMA)
[videomae] 2026-05-24T06:08:58 wrote resume state -> /Data/romain.poggi/smth2smth/checkpoints/track_a/ssl/videomaev2_t4native_encoder.state.pt
[videomae] 2026-05-24T06:09:00 epoch 410/500 step 0/610 loss 0.2608 lr 3.95e-05
[videomae] 2026-05-24T06:09:36 epoch 410/500 step 100/610 loss 0.2432 lr 3.94e-05
[videomae] 2026-05-24T06:10:12 epoch 410/500 step 200/610 loss 0.2354 lr 3.93e-05
[videomae] 2026-05-24T06:10:47 epoch 410/500 step 300/610 loss 0.2506 lr 3.91e-05
[videomae] 2026-05-24T06:11:23 epoch 410/500 step 400/610 loss 0.2401 lr 3.90e-05
[videomae] 2026-05-24T06:11:59 epoch 410/500 step 500/610 loss 0.2359 lr 3.88e-05
[videomae] 2026-05-24T06:12:35 epoch 410/500 step 600/610 loss 0.2127 lr 3.87e-05
[videomae] 2026-05-24T06:12:38 epoch 410/500 avg loss 0.2431
[videomae] 2026-05-24T06:12:38 wrote trunk checkpoint -> /Data/romain.poggi/smth2smth/checkpoints/track_a/ssl/videomaev2_t4native_encoder.pt (149 tensors, EMA)
[videomae] 2026-05-24T06:12:40 wrote resume state -> /Data/romain.poggi/smth2smth/checkpoints/track_a/ssl/videomaev2_t4native_encoder.state.pt
[videomae] 2026-05-24T06:12:41 epoch 411/500 step 0/610 loss 0.2432 lr 3.87e-05
[videomae] 2026-05-24T06:13:17 epoch 411/500 step 100/610 loss 0.2271 lr 3.86e-05
[videomae] 2026-05-24T06:13:53 epoch 411/500 step 200/610 loss 0.2340 lr 3.84e-05
[videomae] 2026-05-24T06:14:29 epoch 411/500 step 300/610 loss 0.2397 lr 3.83e-05
[videomae] 2026-05-24T06:15:05 epoch 411/500 step 400/610 loss 0.2054 lr 3.82e-05
[videomae] 2026-05-24T06:15:40 epoch 411/500 step 500/610 loss 0.2418 lr 3.80e-05
[videomae] 2026-05-24T06:16:16 epoch 411/500 step 600/610 loss 0.2458 lr 3.79e-05
[videomae] 2026-05-24T06:16:19 epoch 411/500 avg loss 0.2431
[videomae] 2026-05-24T06:16:20 wrote trunk checkpoint -> /Data/romain.poggi/smth2smth/checkpoints/track_a/ssl/videomaev2_t4native_encoder.pt (149 tensors, EMA)
[videomae] 2026-05-24T06:16:21 wrote resume state -> /Data/romain.poggi/smth2smth/checkpoints/track_a/ssl/videomaev2_t4native_encoder.state.pt
[videomae] 2026-05-24T06:16:23 epoch 412/500 step 0/610 loss 0.2427 lr 3.79e-05
[videomae] 2026-05-24T06:16:59 epoch 412/500 step 100/610 loss 0.2472 lr 3.77e-05
[videomae] 2026-05-24T06:17:34 epoch 412/500 step 200/610 loss 0.2518 lr 3.76e-05
[videomae] 2026-05-24T06:18:10 epoch 412/500 step 300/610 loss 0.2554 lr 3.75e-05
[videomae] 2026-05-24T06:18:46 epoch 412/500 step 400/610 loss 0.2779 lr 3.73e-05
[videomae] 2026-05-24T06:19:22 epoch 412/500 step 500/610 loss 0.2421 lr 3.72e-05
[videomae] 2026-05-24T06:19:57 epoch 412/500 step 600/610 loss 0.2317 lr 3.71e-05
[videomae] 2026-05-24T06:20:01 epoch 412/500 avg loss 0.2428
[videomae] 2026-05-24T06:20:01 wrote trunk checkpoint -> /Data/romain.poggi/smth2smth/checkpoints/track_a/ssl/videomaev2_t4native_encoder.pt (149 tensors, EMA)
[videomae] 2026-05-24T06:20:02 wrote resume state -> /Data/romain.poggi/smth2smth/checkpoints/track_a/ssl/videomaev2_t4native_encoder.state.pt
[videomae] 2026-05-24T06:20:04 epoch 413/500 step 0/610 loss 0.2397 lr 3.70e-05
[videomae] 2026-05-24T06:20:40 epoch 413/500 step 100/610 loss 0.2157 lr 3.69e-05
[videomae] 2026-05-24T06:21:16 epoch 413/500 step 200/610 loss 0.2399 lr 3.68e-05
[videomae] 2026-05-24T06:21:51 epoch 413/500 step 300/610 loss 0.2587 lr 3.66e-05
[videomae] 2026-05-24T06:22:27 epoch 413/500 step 400/610 loss 0.2224 lr 3.65e-05
[videomae] 2026-05-24T06:23:03 epoch 413/500 step 500/610 loss 0.2441 lr 3.64e-05
[videomae] 2026-05-24T06:23:39 epoch 413/500 step 600/610 loss 0.2362 lr 3.62e-05
[videomae] 2026-05-24T06:23:42 epoch 413/500 avg loss 0.2430
[videomae] 2026-05-24T06:23:42 wrote trunk checkpoint -> /Data/romain.poggi/smth2smth/checkpoints/track_a/ssl/videomaev2_t4native_encoder.pt (149 tensors, EMA)
[videomae] 2026-05-24T06:23:44 wrote resume state -> /Data/romain.poggi/smth2smth/checkpoints/track_a/ssl/videomaev2_t4native_encoder.state.pt
[videomae] 2026-05-24T06:23:46 epoch 414/500 step 0/610 loss 0.2522 lr 3.62e-05
[videomae] 2026-05-24T06:24:21 epoch 414/500 step 100/610 loss 0.2392 lr 3.61e-05
[videomae] 2026-05-24T06:24:57 epoch 414/500 step 200/610 loss 0.2532 lr 3.60e-05
[videomae] 2026-05-24T06:25:33 epoch 414/500 step 300/610 loss 0.2473 lr 3.58e-05
[videomae] 2026-05-24T06:26:09 epoch 414/500 step 400/610 loss 0.2320 lr 3.57e-05
[videomae] 2026-05-24T06:26:45 epoch 414/500 step 500/610 loss 0.2502 lr 3.56e-05
[videomae] 2026-05-24T06:27:20 epoch 414/500 step 600/610 loss 0.2521 lr 3.54e-05
[videomae] 2026-05-24T06:27:23 epoch 414/500 avg loss 0.2430
[videomae] 2026-05-24T06:27:24 wrote trunk checkpoint -> /Data/romain.poggi/smth2smth/checkpoints/track_a/ssl/videomaev2_t4native_encoder.pt (149 tensors, EMA)
[videomae] 2026-05-24T06:27:25 wrote resume state -> /Data/romain.poggi/smth2smth/checkpoints/track_a/ssl/videomaev2_t4native_encoder.state.pt
[videomae] 2026-05-24T06:27:27 epoch 415/500 step 0/610 loss 0.2373 lr 3.54e-05
[videomae] 2026-05-24T06:28:03 epoch 415/500 step 100/610 loss 0.2413 lr 3.53e-05
[videomae] 2026-05-24T06:28:38 epoch 415/500 step 200/610 loss 0.2554 lr 3.52e-05
[videomae] 2026-05-24T06:29:14 epoch 415/500 step 300/610 loss 0.2462 lr 3.50e-05
[videomae] 2026-05-24T06:29:50 epoch 415/500 step 400/610 loss 0.2474 lr 3.49e-05
[videomae] 2026-05-24T06:30:26 epoch 415/500 step 500/610 loss 0.2183 lr 3.48e-05
[videomae] 2026-05-24T06:31:01 epoch 415/500 step 600/610 loss 0.2406 lr 3.46e-05
[videomae] 2026-05-24T06:31:04 epoch 415/500 avg loss 0.2430
[videomae] 2026-05-24T06:31:05 wrote trunk checkpoint -> /Data/romain.poggi/smth2smth/checkpoints/track_a/ssl/videomaev2_t4native_encoder.pt (149 tensors, EMA)
[videomae] 2026-05-24T06:31:06 wrote resume state -> /Data/romain.poggi/smth2smth/checkpoints/track_a/ssl/videomaev2_t4native_encoder.state.pt
[videomae] 2026-05-24T06:31:08 epoch 416/500 step 0/610 loss 0.2370 lr 3.46e-05
[videomae] 2026-05-24T06:31:44 epoch 416/500 step 100/610 loss 0.2473 lr 3.45e-05
[videomae] 2026-05-24T06:32:19 epoch 416/500 step 200/610 loss 0.2435 lr 3.44e-05
[videomae] 2026-05-24T06:32:55 epoch 416/500 step 300/610 loss 0.2373 lr 3.42e-05
[videomae] 2026-05-24T06:33:31 epoch 416/500 step 400/610 loss 0.2483 lr 3.41e-05
[videomae] 2026-05-24T06:34:07 epoch 416/500 step 500/610 loss 0.2350 lr 3.40e-05
[videomae] 2026-05-24T06:34:42 epoch 416/500 step 600/610 loss 0.2705 lr 3.39e-05
[videomae] 2026-05-24T06:34:45 epoch 416/500 avg loss 0.2427
[videomae] 2026-05-24T06:34:46 wrote trunk checkpoint -> /Data/romain.poggi/smth2smth/checkpoints/track_a/ssl/videomaev2_t4native_encoder.pt (149 tensors, EMA)
[videomae] 2026-05-24T06:34:47 wrote resume state -> /Data/romain.poggi/smth2smth/checkpoints/track_a/ssl/videomaev2_t4native_encoder.state.pt
[videomae] 2026-05-24T06:34:49 epoch 417/500 step 0/610 loss 0.2469 lr 3.38e-05
[videomae] 2026-05-24T06:35:24 epoch 417/500 step 100/610 loss 0.2366 lr 3.37e-05
[videomae] 2026-05-24T06:36:00 epoch 417/500 step 200/610 loss 0.2476 lr 3.36e-05
[videomae] 2026-05-24T06:36:36 epoch 417/500 step 300/610 loss 0.2150 lr 3.35e-05
[videomae] 2026-05-24T06:37:12 epoch 417/500 step 400/610 loss 0.2551 lr 3.33e-05
[videomae] 2026-05-24T06:37:47 epoch 417/500 step 500/610 loss 0.2495 lr 3.32e-05
[videomae] 2026-05-24T06:38:23 epoch 417/500 step 600/610 loss 0.2269 lr 3.31e-05
[videomae] 2026-05-24T06:38:26 epoch 417/500 avg loss 0.2426
[videomae] 2026-05-24T06:38:26 wrote trunk checkpoint -> /Data/romain.poggi/smth2smth/checkpoints/track_a/ssl/videomaev2_t4native_encoder.pt (149 tensors, EMA)
[videomae] 2026-05-24T06:38:28 wrote resume state -> /Data/romain.poggi/smth2smth/checkpoints/track_a/ssl/videomaev2_t4native_encoder.state.pt
[videomae] 2026-05-24T06:38:30 epoch 418/500 step 0/610 loss 0.2215 lr 3.31e-05
[videomae] 2026-05-24T06:39:06 epoch 418/500 step 100/610 loss 0.2446 lr 3.29e-05
[videomae] 2026-05-24T06:39:41 epoch 418/500 step 200/610 loss 0.2493 lr 3.28e-05
[videomae] 2026-05-24T06:40:17 epoch 418/500 step 300/610 loss 0.2276 lr 3.27e-05
[videomae] 2026-05-24T06:40:53 epoch 418/500 step 400/610 loss 0.2441 lr 3.26e-05
[videomae] 2026-05-24T06:41:29 epoch 418/500 step 500/610 loss 0.2380 lr 3.24e-05
[videomae] 2026-05-24T06:42:04 epoch 418/500 step 600/610 loss 0.2345 lr 3.23e-05
[videomae] 2026-05-24T06:42:08 epoch 418/500 avg loss 0.2426
[videomae] 2026-05-24T06:42:08 wrote trunk checkpoint -> /Data/romain.poggi/smth2smth/checkpoints/track_a/ssl/videomaev2_t4native_encoder.pt (149 tensors, EMA)
[videomae] 2026-05-24T06:42:09 wrote resume state -> /Data/romain.poggi/smth2smth/checkpoints/track_a/ssl/videomaev2_t4native_encoder.state.pt
[videomae] 2026-05-24T06:42:11 epoch 419/500 step 0/610 loss 0.2670 lr 3.23e-05
[videomae] 2026-05-24T06:42:47 epoch 419/500 step 100/610 loss 0.2458 lr 3.22e-05
[videomae] 2026-05-24T06:43:23 epoch 419/500 step 200/610 loss 0.2409 lr 3.20e-05
[videomae] 2026-05-24T06:43:58 epoch 419/500 step 300/610 loss 0.2324 lr 3.19e-05
[videomae] 2026-05-24T06:44:34 epoch 419/500 step 400/610 loss 0.2500 lr 3.18e-05
[videomae] 2026-05-24T06:45:10 epoch 419/500 step 500/610 loss 0.2557 lr 3.17e-05
[videomae] 2026-05-24T06:45:46 epoch 419/500 step 600/610 loss 0.2133 lr 3.15e-05
[videomae] 2026-05-24T06:45:49 epoch 419/500 avg loss 0.2425
[videomae] 2026-05-24T06:45:49 wrote trunk checkpoint -> /Data/romain.poggi/smth2smth/checkpoints/track_a/ssl/videomaev2_t4native_encoder.pt (149 tensors, EMA)
[videomae] 2026-05-24T06:45:51 wrote resume state -> /Data/romain.poggi/smth2smth/checkpoints/track_a/ssl/videomaev2_t4native_encoder.state.pt
[videomae] 2026-05-24T06:45:52 epoch 420/500 step 0/610 loss 0.2769 lr 3.15e-05
[videomae] 2026-05-24T06:46:28 epoch 420/500 step 100/610 loss 0.2312 lr 3.14e-05
[videomae] 2026-05-24T06:47:04 epoch 420/500 step 200/610 loss 0.2321 lr 3.13e-05
[videomae] 2026-05-24T06:47:40 epoch 420/500 step 300/610 loss 0.2519 lr 3.12e-05
[videomae] 2026-05-24T06:48:16 epoch 420/500 step 400/610 loss 0.2379 lr 3.10e-05
[videomae] 2026-05-24T06:48:51 epoch 420/500 step 500/610 loss 0.2619 lr 3.09e-05
[videomae] 2026-05-24T06:49:27 epoch 420/500 step 600/610 loss 0.2374 lr 3.08e-05
[videomae] 2026-05-24T06:49:30 epoch 420/500 avg loss 0.2422
[videomae] 2026-05-24T06:49:31 wrote trunk checkpoint -> /Data/romain.poggi/smth2smth/checkpoints/track_a/ssl/videomaev2_t4native_encoder.pt (149 tensors, EMA)
[videomae] 2026-05-24T06:49:32 wrote resume state -> /Data/romain.poggi/smth2smth/checkpoints/track_a/ssl/videomaev2_t4native_encoder.state.pt
[videomae] 2026-05-24T06:49:34 epoch 421/500 step 0/610 loss 0.2657 lr 3.08e-05
[videomae] 2026-05-24T06:50:10 epoch 421/500 step 100/610 loss 0.2592 lr 3.06e-05
[videomae] 2026-05-24T06:50:46 epoch 421/500 step 200/610 loss 0.2231 lr 3.05e-05
[videomae] 2026-05-24T06:51:21 epoch 421/500 step 300/610 loss 0.2522 lr 3.04e-05
[videomae] 2026-05-24T06:51:57 epoch 421/500 step 400/610 loss 0.2789 lr 3.03e-05
[videomae] 2026-05-24T06:52:33 epoch 421/500 step 500/610 loss 0.2434 lr 3.02e-05
[videomae] 2026-05-24T06:53:09 epoch 421/500 step 600/610 loss 0.2388 lr 3.00e-05
[videomae] 2026-05-24T06:53:12 epoch 421/500 avg loss 0.2421
[videomae] 2026-05-24T06:53:12 wrote trunk checkpoint -> /Data/romain.poggi/smth2smth/checkpoints/track_a/ssl/videomaev2_t4native_encoder.pt (149 tensors, EMA)
[videomae] 2026-05-24T06:53:13 wrote resume state -> /Data/romain.poggi/smth2smth/checkpoints/track_a/ssl/videomaev2_t4native_encoder.state.pt
[videomae] 2026-05-24T06:53:16 epoch 422/500 step 0/610 loss 0.2061 lr 3.00e-05
[videomae] 2026-05-24T06:53:51 epoch 422/500 step 100/610 loss 0.2404 lr 2.99e-05
[videomae] 2026-05-24T06:54:27 epoch 422/500 step 200/610 loss 0.2498 lr 2.98e-05
[videomae] 2026-05-24T06:55:03 epoch 422/500 step 300/610 loss 0.2270 lr 2.97e-05
[videomae] 2026-05-24T06:55:39 epoch 422/500 step 400/610 loss 0.2493 lr 2.95e-05
[videomae] 2026-05-24T06:56:14 epoch 422/500 step 500/610 loss 0.2221 lr 2.94e-05
[videomae] 2026-05-24T06:56:50 epoch 422/500 step 600/610 loss 0.2213 lr 2.93e-05
[videomae] 2026-05-24T06:56:53 epoch 422/500 avg loss 0.2421
[videomae] 2026-05-24T06:56:54 wrote trunk checkpoint -> /Data/romain.poggi/smth2smth/checkpoints/track_a/ssl/videomaev2_t4native_encoder.pt (149 tensors, EMA)
[videomae] 2026-05-24T06:56:55 wrote resume state -> /Data/romain.poggi/smth2smth/checkpoints/track_a/ssl/videomaev2_t4native_encoder.state.pt
[videomae] 2026-05-24T06:56:57 epoch 423/500 step 0/610 loss 0.2620 lr 2.93e-05
[videomae] 2026-05-24T06:57:33 epoch 423/500 step 100/610 loss 0.2266 lr 2.92e-05
[videomae] 2026-05-24T06:58:08 epoch 423/500 step 200/610 loss 0.2328 lr 2.90e-05
[videomae] 2026-05-24T06:58:44 epoch 423/500 step 300/610 loss 0.2390 lr 2.89e-05
[videomae] 2026-05-24T06:59:20 epoch 423/500 step 400/610 loss 0.2788 lr 2.88e-05
[videomae] 2026-05-24T06:59:56 epoch 423/500 step 500/610 loss 0.2632 lr 2.87e-05
[videomae] 2026-05-24T07:00:31 epoch 423/500 step 600/610 loss 0.2524 lr 2.86e-05
[videomae] 2026-05-24T07:00:35 epoch 423/500 avg loss 0.2419
[videomae] 2026-05-24T07:00:35 wrote trunk checkpoint -> /Data/romain.poggi/smth2smth/checkpoints/track_a/ssl/videomaev2_t4native_encoder.pt (149 tensors, EMA)
[videomae] 2026-05-24T07:00:36 wrote resume state -> /Data/romain.poggi/smth2smth/checkpoints/track_a/ssl/videomaev2_t4native_encoder.state.pt
[videomae] 2026-05-24T07:00:38 epoch 424/500 step 0/610 loss 0.2512 lr 2.86e-05
[videomae] 2026-05-24T07:01:14 epoch 424/500 step 100/610 loss 0.2383 lr 2.84e-05
[videomae] 2026-05-24T07:01:50 epoch 424/500 step 200/610 loss 0.2566 lr 2.83e-05
[videomae] 2026-05-24T07:02:25 epoch 424/500 step 300/610 loss 0.2569 lr 2.82e-05
[videomae] 2026-05-24T07:03:01 epoch 424/500 step 400/610 loss 0.2450 lr 2.81e-05
[videomae] 2026-05-24T07:03:37 epoch 424/500 step 500/610 loss 0.2545 lr 2.80e-05
[videomae] 2026-05-24T07:04:13 epoch 424/500 step 600/610 loss 0.2400 lr 2.78e-05
[videomae] 2026-05-24T07:04:16 epoch 424/500 avg loss 0.2419
[videomae] 2026-05-24T07:04:16 wrote trunk checkpoint -> /Data/romain.poggi/smth2smth/checkpoints/track_a/ssl/videomaev2_t4native_encoder.pt (149 tensors, EMA)
[videomae] 2026-05-24T07:04:17 wrote resume state -> /Data/romain.poggi/smth2smth/checkpoints/track_a/ssl/videomaev2_t4native_encoder.state.pt
[videomae] 2026-05-24T07:04:19 epoch 425/500 step 0/610 loss 0.2442 lr 2.78e-05
[videomae] 2026-05-24T07:04:55 epoch 425/500 step 100/610 loss 0.2328 lr 2.77e-05
[videomae] 2026-05-24T07:05:31 epoch 425/500 step 200/610 loss 0.2429 lr 2.76e-05
[videomae] 2026-05-24T07:06:07 epoch 425/500 step 300/610 loss 0.2327 lr 2.75e-05
[videomae] 2026-05-24T07:06:42 epoch 425/500 step 400/610 loss 0.2479 lr 2.74e-05
[videomae] 2026-05-24T07:07:18 epoch 425/500 step 500/610 loss 0.2206 lr 2.72e-05
[videomae] 2026-05-24T07:07:54 epoch 425/500 step 600/610 loss 0.2303 lr 2.71e-05
[videomae] 2026-05-24T07:07:57 epoch 425/500 avg loss 0.2419
[videomae] 2026-05-24T07:07:57 wrote trunk checkpoint -> /Data/romain.poggi/smth2smth/checkpoints/track_a/ssl/videomaev2_t4native_encoder.pt (149 tensors, EMA)
[videomae] 2026-05-24T07:07:59 wrote resume state -> /Data/romain.poggi/smth2smth/checkpoints/track_a/ssl/videomaev2_t4native_encoder.state.pt
[videomae] 2026-05-24T07:08:00 epoch 426/500 step 0/610 loss 0.2452 lr 2.71e-05
[videomae] 2026-05-24T07:08:36 epoch 426/500 step 100/610 loss 0.2291 lr 2.70e-05
[videomae] 2026-05-24T07:09:12 epoch 426/500 step 200/610 loss 0.2261 lr 2.69e-05
[videomae] 2026-05-24T07:09:48 epoch 426/500 step 300/610 loss 0.2356 lr 2.68e-05
[videomae] 2026-05-24T07:10:24 epoch 426/500 step 400/610 loss 0.2200 lr 2.67e-05
[videomae] 2026-05-24T07:10:59 epoch 426/500 step 500/610 loss 0.2343 lr 2.65e-05
[videomae] 2026-05-24T07:11:35 epoch 426/500 step 600/610 loss 0.2303 lr 2.64e-05
[videomae] 2026-05-24T07:11:38 epoch 426/500 avg loss 0.2418
[videomae] 2026-05-24T07:11:39 wrote trunk checkpoint -> /Data/romain.poggi/smth2smth/checkpoints/track_a/ssl/videomaev2_t4native_encoder.pt (149 tensors, EMA)
[videomae] 2026-05-24T07:11:40 wrote resume state -> /Data/romain.poggi/smth2smth/checkpoints/track_a/ssl/videomaev2_t4native_encoder.state.pt
[videomae] 2026-05-24T07:11:42 epoch 427/500 step 0/610 loss 0.2199 lr 2.64e-05
[videomae] 2026-05-24T07:12:18 epoch 427/500 step 100/610 loss 0.2314 lr 2.63e-05
[videomae] 2026-05-24T07:12:53 epoch 427/500 step 200/610 loss 0.2389 lr 2.62e-05
[videomae] 2026-05-24T07:13:29 epoch 427/500 step 300/610 loss 0.2527 lr 2.61e-05
[videomae] 2026-05-24T07:14:05 epoch 427/500 step 400/610 loss 0.2206 lr 2.60e-05
[videomae] 2026-05-24T07:14:41 epoch 427/500 step 500/610 loss 0.2410 lr 2.58e-05
[videomae] 2026-05-24T07:15:16 epoch 427/500 step 600/610 loss 0.2491 lr 2.57e-05
[videomae] 2026-05-24T07:15:20 epoch 427/500 avg loss 0.2416
[videomae] 2026-05-24T07:15:20 wrote trunk checkpoint -> /Data/romain.poggi/smth2smth/checkpoints/track_a/ssl/videomaev2_t4native_encoder.pt (149 tensors, EMA)
[videomae] 2026-05-24T07:15:21 wrote resume state -> /Data/romain.poggi/smth2smth/checkpoints/track_a/ssl/videomaev2_t4native_encoder.state.pt
[videomae] 2026-05-24T07:15:23 epoch 428/500 step 0/610 loss 0.2530 lr 2.57e-05
[videomae] 2026-05-24T07:15:59 epoch 428/500 step 100/610 loss 0.2537 lr 2.56e-05
[videomae] 2026-05-24T07:16:35 epoch 428/500 step 200/610 loss 0.2304 lr 2.55e-05
[videomae] 2026-05-24T07:17:10 epoch 428/500 step 300/610 loss 0.2615 lr 2.54e-05
[videomae] 2026-05-24T07:17:46 epoch 428/500 step 400/610 loss 0.2507 lr 2.53e-05
[videomae] 2026-05-24T07:18:22 epoch 428/500 step 500/610 loss 0.2350 lr 2.52e-05
[videomae] 2026-05-24T07:18:58 epoch 428/500 step 600/610 loss 0.2349 lr 2.50e-05
[videomae] 2026-05-24T07:19:01 epoch 428/500 avg loss 0.2416
[videomae] 2026-05-24T07:19:01 wrote trunk checkpoint -> /Data/romain.poggi/smth2smth/checkpoints/track_a/ssl/videomaev2_t4native_encoder.pt (149 tensors, EMA)
[videomae] 2026-05-24T07:19:03 wrote resume state -> /Data/romain.poggi/smth2smth/checkpoints/track_a/ssl/videomaev2_t4native_encoder.state.pt
[videomae] 2026-05-24T07:19:04 epoch 429/500 step 0/610 loss 0.2244 lr 2.50e-05
[videomae] 2026-05-24T07:19:40 epoch 429/500 step 100/610 loss 0.2471 lr 2.49e-05
[videomae] 2026-05-24T07:20:16 epoch 429/500 step 200/610 loss 0.2627 lr 2.48e-05
[videomae] 2026-05-24T07:20:52 epoch 429/500 step 300/610 loss 0.2329 lr 2.47e-05
[videomae] 2026-05-24T07:21:27 epoch 429/500 step 400/610 loss 0.2567 lr 2.46e-05
[videomae] 2026-05-24T07:22:03 epoch 429/500 step 500/610 loss 0.2440 lr 2.45e-05
[videomae] 2026-05-24T07:22:39 epoch 429/500 step 600/610 loss 0.2374 lr 2.44e-05
[videomae] 2026-05-24T07:22:42 epoch 429/500 avg loss 0.2415
[videomae] 2026-05-24T07:22:43 wrote trunk checkpoint -> /Data/romain.poggi/smth2smth/checkpoints/track_a/ssl/videomaev2_t4native_encoder.pt (149 tensors, EMA)
[videomae] 2026-05-24T07:22:44 wrote resume state -> /Data/romain.poggi/smth2smth/checkpoints/track_a/ssl/videomaev2_t4native_encoder.state.pt
[videomae] 2026-05-24T07:22:46 epoch 430/500 step 0/610 loss 0.2283 lr 2.44e-05
[videomae] 2026-05-24T07:23:22 epoch 430/500 step 100/610 loss 0.2351 lr 2.42e-05
[videomae] 2026-05-24T07:23:57 epoch 430/500 step 200/610 loss 0.2375 lr 2.41e-05
[videomae] 2026-05-24T07:24:33 epoch 430/500 step 300/610 loss 0.2540 lr 2.40e-05
[videomae] 2026-05-24T07:25:09 epoch 430/500 step 400/610 loss 0.2473 lr 2.39e-05
[videomae] 2026-05-24T07:25:45 epoch 430/500 step 500/610 loss 0.2510 lr 2.38e-05
[videomae] 2026-05-24T07:26:20 epoch 430/500 step 600/610 loss 0.2468 lr 2.37e-05
[videomae] 2026-05-24T07:26:24 epoch 430/500 avg loss 0.2414
[videomae] 2026-05-24T07:26:24 wrote trunk checkpoint -> /Data/romain.poggi/smth2smth/checkpoints/track_a/ssl/videomaev2_t4native_encoder.pt (149 tensors, EMA)
[videomae] 2026-05-24T07:26:25 wrote resume state -> /Data/romain.poggi/smth2smth/checkpoints/track_a/ssl/videomaev2_t4native_encoder.state.pt
[videomae] 2026-05-24T07:26:27 epoch 431/500 step 0/610 loss 0.2522 lr 2.37e-05
[videomae] 2026-05-24T07:27:03 epoch 431/500 step 100/610 loss 0.2511 lr 2.36e-05
[videomae] 2026-05-24T07:27:39 epoch 431/500 step 200/610 loss 0.2647 lr 2.35e-05
[videomae] 2026-05-24T07:28:15 epoch 431/500 step 300/610 loss 0.2115 lr 2.34e-05
[videomae] 2026-05-24T07:28:50 epoch 431/500 step 400/610 loss 0.2343 lr 2.33e-05
[videomae] 2026-05-24T07:29:26 epoch 431/500 step 500/610 loss 0.2359 lr 2.31e-05
[videomae] 2026-05-24T07:30:02 epoch 431/500 step 600/610 loss 0.2599 lr 2.30e-05
[videomae] 2026-05-24T07:30:05 epoch 431/500 avg loss 0.2411
[videomae] 2026-05-24T07:30:05 wrote trunk checkpoint -> /Data/romain.poggi/smth2smth/checkpoints/track_a/ssl/videomaev2_t4native_encoder.pt (149 tensors, EMA)
[videomae] 2026-05-24T07:30:07 wrote resume state -> /Data/romain.poggi/smth2smth/checkpoints/track_a/ssl/videomaev2_t4native_encoder.state.pt
[videomae] 2026-05-24T07:30:09 epoch 432/500 step 0/610 loss 0.2180 lr 2.30e-05
[videomae] 2026-05-24T07:30:45 epoch 432/500 step 100/610 loss 0.2692 lr 2.29e-05
[videomae] 2026-05-24T07:31:20 epoch 432/500 step 200/610 loss 0.2336 lr 2.28e-05
[videomae] 2026-05-24T07:31:56 epoch 432/500 step 300/610 loss 0.2216 lr 2.27e-05
[videomae] 2026-05-24T07:32:32 epoch 432/500 step 400/610 loss 0.2221 lr 2.26e-05
[videomae] 2026-05-24T07:33:08 epoch 432/500 step 500/610 loss 0.2401 lr 2.25e-05
[videomae] 2026-05-24T07:33:43 epoch 432/500 step 600/610 loss 0.2461 lr 2.24e-05
[videomae] 2026-05-24T07:33:47 epoch 432/500 avg loss 0.2413
[videomae] 2026-05-24T07:33:47 wrote trunk checkpoint -> /Data/romain.poggi/smth2smth/checkpoints/track_a/ssl/videomaev2_t4native_encoder.pt (149 tensors, EMA)
[videomae] 2026-05-24T07:33:48 wrote resume state -> /Data/romain.poggi/smth2smth/checkpoints/track_a/ssl/videomaev2_t4native_encoder.state.pt
[videomae] 2026-05-24T07:33:50 epoch 433/500 step 0/610 loss 0.2298 lr 2.24e-05
[videomae] 2026-05-24T07:34:26 epoch 433/500 step 100/610 loss 0.2311 lr 2.23e-05
[videomae] 2026-05-24T07:35:02 epoch 433/500 step 200/610 loss 0.2449 lr 2.22e-05
[videomae] 2026-05-24T07:35:38 epoch 433/500 step 300/610 loss 0.2395 lr 2.21e-05
[videomae] 2026-05-24T07:36:13 epoch 433/500 step 400/610 loss 0.2554 lr 2.20e-05
[videomae] 2026-05-24T07:36:49 epoch 433/500 step 500/610 loss 0.2525 lr 2.18e-05
[videomae] 2026-05-24T07:37:25 epoch 433/500 step 600/610 loss 0.2357 lr 2.17e-05
[videomae] 2026-05-24T07:37:28 epoch 433/500 avg loss 0.2411
[videomae] 2026-05-24T07:37:28 wrote trunk checkpoint -> /Data/romain.poggi/smth2smth/checkpoints/track_a/ssl/videomaev2_t4native_encoder.pt (149 tensors, EMA)
[videomae] 2026-05-24T07:37:30 wrote resume state -> /Data/romain.poggi/smth2smth/checkpoints/track_a/ssl/videomaev2_t4native_encoder.state.pt
[videomae] 2026-05-24T07:37:31 epoch 434/500 step 0/610 loss 0.2329 lr 2.17e-05
[videomae] 2026-05-24T07:38:07 epoch 434/500 step 100/610 loss 0.2308 lr 2.16e-05
[videomae] 2026-05-24T07:38:43 epoch 434/500 step 200/610 loss 0.2357 lr 2.15e-05
[videomae] 2026-05-24T07:39:19 epoch 434/500 step 300/610 loss 0.2583 lr 2.14e-05
[videomae] 2026-05-24T07:39:54 epoch 434/500 step 400/610 loss 0.2691 lr 2.13e-05
[videomae] 2026-05-24T07:40:30 epoch 434/500 step 500/610 loss 0.2481 lr 2.12e-05
[videomae] 2026-05-24T07:41:06 epoch 434/500 step 600/610 loss 0.2302 lr 2.11e-05
[videomae] 2026-05-24T07:41:09 epoch 434/500 avg loss 0.2411
[videomae] 2026-05-24T07:41:09 wrote trunk checkpoint -> /Data/romain.poggi/smth2smth/checkpoints/track_a/ssl/videomaev2_t4native_encoder.pt (149 tensors, EMA)
[videomae] 2026-05-24T07:41:11 wrote resume state -> /Data/romain.poggi/smth2smth/checkpoints/track_a/ssl/videomaev2_t4native_encoder.state.pt
[videomae] 2026-05-24T07:41:13 epoch 435/500 step 0/610 loss 0.2290 lr 2.11e-05
[videomae] 2026-05-24T07:41:48 epoch 435/500 step 100/610 loss 0.2512 lr 2.10e-05
[videomae] 2026-05-24T07:42:24 epoch 435/500 step 200/610 loss 0.2386 lr 2.09e-05
[videomae] 2026-05-24T07:43:00 epoch 435/500 step 300/610 loss 0.2411 lr 2.08e-05
[videomae] 2026-05-24T07:43:36 epoch 435/500 step 400/610 loss 0.2340 lr 2.07e-05
[videomae] 2026-05-24T07:44:11 epoch 435/500 step 500/610 loss 0.2300 lr 2.06e-05
[videomae] 2026-05-24T07:44:47 epoch 435/500 step 600/610 loss 0.2466 lr 2.05e-05
[videomae] 2026-05-24T07:44:50 epoch 435/500 avg loss 0.2413
[videomae] 2026-05-24T07:44:51 wrote trunk checkpoint -> /Data/romain.poggi/smth2smth/checkpoints/track_a/ssl/videomaev2_t4native_encoder.pt (149 tensors, EMA)
[videomae] 2026-05-24T07:44:52 wrote resume state -> /Data/romain.poggi/smth2smth/checkpoints/track_a/ssl/videomaev2_t4native_encoder.state.pt
[videomae] 2026-05-24T07:44:54 epoch 436/500 step 0/610 loss 0.2368 lr 2.05e-05
[videomae] 2026-05-24T07:45:29 epoch 436/500 step 100/610 loss 0.2405 lr 2.04e-05
[videomae] 2026-05-24T07:46:05 epoch 436/500 step 200/610 loss 0.2524 lr 2.03e-05
[videomae] 2026-05-24T07:46:41 epoch 436/500 step 300/610 loss 0.2262 lr 2.02e-05
[videomae] 2026-05-24T07:47:17 epoch 436/500 step 400/610 loss 0.2544 lr 2.01e-05
[videomae] 2026-05-24T07:47:52 epoch 436/500 step 500/610 loss 0.2609 lr 2.00e-05
[videomae] 2026-05-24T07:48:28 epoch 436/500 step 600/610 loss 0.2425 lr 1.99e-05
[videomae] 2026-05-24T07:48:31 epoch 436/500 avg loss 0.2410
[videomae] 2026-05-24T07:48:32 wrote trunk checkpoint -> /Data/romain.poggi/smth2smth/checkpoints/track_a/ssl/videomaev2_t4native_encoder.pt (149 tensors, EMA)
[videomae] 2026-05-24T07:48:33 wrote resume state -> /Data/romain.poggi/smth2smth/checkpoints/track_a/ssl/videomaev2_t4native_encoder.state.pt
[videomae] 2026-05-24T07:48:35 epoch 437/500 step 0/610 loss 0.2461 lr 1.99e-05
[videomae] 2026-05-24T07:49:11 epoch 437/500 step 100/610 loss 0.2404 lr 1.98e-05
[videomae] 2026-05-24T07:49:46 epoch 437/500 step 200/610 loss 0.2405 lr 1.97e-05
[videomae] 2026-05-24T07:50:22 epoch 437/500 step 300/610 loss 0.2497 lr 1.96e-05
[videomae] 2026-05-24T07:50:58 epoch 437/500 step 400/610 loss 0.2435 lr 1.95e-05
[videomae] 2026-05-24T07:51:34 epoch 437/500 step 500/610 loss 0.2207 lr 1.94e-05
[videomae] 2026-05-24T07:52:09 epoch 437/500 step 600/610 loss 0.2336 lr 1.93e-05
[videomae] 2026-05-24T07:52:13 epoch 437/500 avg loss 0.2411
[videomae] 2026-05-24T07:52:13 wrote trunk checkpoint -> /Data/romain.poggi/smth2smth/checkpoints/track_a/ssl/videomaev2_t4native_encoder.pt (149 tensors, EMA)
[videomae] 2026-05-24T07:52:14 wrote resume state -> /Data/romain.poggi/smth2smth/checkpoints/track_a/ssl/videomaev2_t4native_encoder.state.pt
[videomae] 2026-05-24T07:52:16 epoch 438/500 step 0/610 loss 0.2348 lr 1.93e-05
[videomae] 2026-05-24T07:52:52 epoch 438/500 step 100/610 loss 0.2505 lr 1.92e-05
[videomae] 2026-05-24T07:53:28 epoch 438/500 step 200/610 loss 0.2320 lr 1.91e-05
[videomae] 2026-05-24T07:54:04 epoch 438/500 step 300/610 loss 0.2329 lr 1.90e-05
[videomae] 2026-05-24T07:54:39 epoch 438/500 step 400/610 loss 0.2473 lr 1.89e-05
[videomae] 2026-05-24T07:55:15 epoch 438/500 step 500/610 loss 0.2374 lr 1.88e-05
[videomae] 2026-05-24T07:55:51 epoch 438/500 step 600/610 loss 0.2331 lr 1.87e-05
[videomae] 2026-05-24T07:55:54 epoch 438/500 avg loss 0.2410
[videomae] 2026-05-24T07:55:54 wrote trunk checkpoint -> /Data/romain.poggi/smth2smth/checkpoints/track_a/ssl/videomaev2_t4native_encoder.pt (149 tensors, EMA)
[videomae] 2026-05-24T07:55:55 wrote resume state -> /Data/romain.poggi/smth2smth/checkpoints/track_a/ssl/videomaev2_t4native_encoder.state.pt
[videomae] 2026-05-24T07:55:57 epoch 439/500 step 0/610 loss 0.2355 lr 1.87e-05
[videomae] 2026-05-24T07:56:33 epoch 439/500 step 100/610 loss 0.2411 lr 1.86e-05
[videomae] 2026-05-24T07:57:09 epoch 439/500 step 200/610 loss 0.2470 lr 1.85e-05
[videomae] 2026-05-24T07:57:45 epoch 439/500 step 300/610 loss 0.2204 lr 1.84e-05
[videomae] 2026-05-24T07:58:20 epoch 439/500 step 400/610 loss 0.2483 lr 1.83e-05
[videomae] 2026-05-24T07:58:56 epoch 439/500 step 500/610 loss 0.2454 lr 1.82e-05
[videomae] 2026-05-24T07:59:32 epoch 439/500 step 600/610 loss 0.2442 lr 1.81e-05
[videomae] 2026-05-24T07:59:35 epoch 439/500 avg loss 0.2409
[videomae] 2026-05-24T07:59:35 wrote trunk checkpoint -> /Data/romain.poggi/smth2smth/checkpoints/track_a/ssl/videomaev2_t4native_encoder.pt (149 tensors, EMA)
[videomae] 2026-05-24T07:59:37 wrote resume state -> /Data/romain.poggi/smth2smth/checkpoints/track_a/ssl/videomaev2_t4native_encoder.state.pt
[videomae] 2026-05-24T07:59:39 epoch 440/500 step 0/610 loss 0.2367 lr 1.81e-05
[videomae] 2026-05-24T08:00:14 epoch 440/500 step 100/610 loss 0.2543 lr 1.80e-05
[videomae] 2026-05-24T08:00:50 epoch 440/500 step 200/610 loss 0.2599 lr 1.79e-05
[videomae] 2026-05-24T08:01:26 epoch 440/500 step 300/610 loss 0.2345 lr 1.78e-05
[videomae] 2026-05-24T08:02:02 epoch 440/500 step 400/610 loss 0.2684 lr 1.77e-05
[videomae] 2026-05-24T08:02:37 epoch 440/500 step 500/610 loss 0.2468 lr 1.76e-05
[videomae] 2026-05-24T08:03:13 epoch 440/500 step 600/610 loss 0.2442 lr 1.75e-05
[videomae] 2026-05-24T08:03:16 epoch 440/500 avg loss 0.2406
[videomae] 2026-05-24T08:03:17 wrote trunk checkpoint -> /Data/romain.poggi/smth2smth/checkpoints/track_a/ssl/videomaev2_t4native_encoder.pt (149 tensors, EMA)
[videomae] 2026-05-24T08:03:18 wrote resume state -> /Data/romain.poggi/smth2smth/checkpoints/track_a/ssl/videomaev2_t4native_encoder.state.pt
[videomae] 2026-05-24T08:03:20 epoch 441/500 step 0/610 loss 0.2850 lr 1.75e-05
[videomae] 2026-05-24T08:03:56 epoch 441/500 step 100/610 loss 0.2361 lr 1.74e-05
[videomae] 2026-05-24T08:04:32 epoch 441/500 step 200/610 loss 0.2447 lr 1.73e-05
[videomae] 2026-05-24T08:05:07 epoch 441/500 step 300/610 loss 0.2458 lr 1.72e-05
[videomae] 2026-05-24T08:05:43 epoch 441/500 step 400/610 loss 0.2372 lr 1.71e-05
[videomae] 2026-05-24T08:06:19 epoch 441/500 step 500/610 loss 0.2332 lr 1.70e-05
[videomae] 2026-05-24T08:06:55 epoch 441/500 step 600/610 loss 0.2403 lr 1.69e-05
[videomae] 2026-05-24T08:06:58 epoch 441/500 avg loss 0.2407
[videomae] 2026-05-24T08:06:58 wrote trunk checkpoint -> /Data/romain.poggi/smth2smth/checkpoints/track_a/ssl/videomaev2_t4native_encoder.pt (149 tensors, EMA)
[videomae] 2026-05-24T08:06:59 wrote resume state -> /Data/romain.poggi/smth2smth/checkpoints/track_a/ssl/videomaev2_t4native_encoder.state.pt
[videomae] 2026-05-24T08:07:01 epoch 442/500 step 0/610 loss 0.2215 lr 1.69e-05
[videomae] 2026-05-24T08:07:37 epoch 442/500 step 100/610 loss 0.2452 lr 1.68e-05
[videomae] 2026-05-24T08:08:13 epoch 442/500 step 200/610 loss 0.2434 lr 1.67e-05
[videomae] 2026-05-24T08:08:49 epoch 442/500 step 300/610 loss 0.2346 lr 1.66e-05
[videomae] 2026-05-24T08:09:24 epoch 442/500 step 400/610 loss 0.2355 lr 1.65e-05
[videomae] 2026-05-24T08:10:00 epoch 442/500 step 500/610 loss 0.2487 lr 1.65e-05
[videomae] 2026-05-24T08:10:36 epoch 442/500 step 600/610 loss 0.2438 lr 1.64e-05
[videomae] 2026-05-24T08:10:39 epoch 442/500 avg loss 0.2404
[videomae] 2026-05-24T08:10:39 wrote trunk checkpoint -> /Data/romain.poggi/smth2smth/checkpoints/track_a/ssl/videomaev2_t4native_encoder.pt (149 tensors, EMA)
[videomae] 2026-05-24T08:10:41 wrote resume state -> /Data/romain.poggi/smth2smth/checkpoints/track_a/ssl/videomaev2_t4native_encoder.state.pt
[videomae] 2026-05-24T08:10:42 epoch 443/500 step 0/610 loss 0.2546 lr 1.64e-05
[videomae] 2026-05-24T08:11:18 epoch 443/500 step 100/610 loss 0.2416 lr 1.63e-05
[videomae] 2026-05-24T08:11:54 epoch 443/500 step 200/610 loss 0.2441 lr 1.62e-05
[videomae] 2026-05-24T08:12:30 epoch 443/500 step 300/610 loss 0.2296 lr 1.61e-05
[videomae] 2026-05-24T08:13:05 epoch 443/500 step 400/610 loss 0.2290 lr 1.60e-05
[videomae] 2026-05-24T08:13:41 epoch 443/500 step 500/610 loss 0.2528 lr 1.59e-05
[videomae] 2026-05-24T08:14:17 epoch 443/500 step 600/610 loss 0.2565 lr 1.58e-05
[videomae] 2026-05-24T08:14:20 epoch 443/500 avg loss 0.2405
[videomae] 2026-05-24T08:14:20 wrote trunk checkpoint -> /Data/romain.poggi/smth2smth/checkpoints/track_a/ssl/videomaev2_t4native_encoder.pt (149 tensors, EMA)
[videomae] 2026-05-24T08:14:22 wrote resume state -> /Data/romain.poggi/smth2smth/checkpoints/track_a/ssl/videomaev2_t4native_encoder.state.pt
[videomae] 2026-05-24T08:14:24 epoch 444/500 step 0/610 loss 0.2341 lr 1.58e-05
[videomae] 2026-05-24T08:14:59 epoch 444/500 step 100/610 loss 0.2437 lr 1.57e-05
[videomae] 2026-05-24T08:15:35 epoch 444/500 step 200/610 loss 0.2314 lr 1.56e-05
[videomae] 2026-05-24T08:16:11 epoch 444/500 step 300/610 loss 0.2370 lr 1.55e-05
[videomae] 2026-05-24T08:16:47 epoch 444/500 step 400/610 loss 0.2370 lr 1.54e-05
[videomae] 2026-05-24T08:17:22 epoch 444/500 step 500/610 loss 0.2401 lr 1.54e-05
[videomae] 2026-05-24T08:17:58 epoch 444/500 step 600/610 loss 0.2359 lr 1.53e-05
[videomae] 2026-05-24T08:18:01 epoch 444/500 avg loss 0.2404
[videomae] 2026-05-24T08:18:02 wrote trunk checkpoint -> /Data/romain.poggi/smth2smth/checkpoints/track_a/ssl/videomaev2_t4native_encoder.pt (149 tensors, EMA)
[videomae] 2026-05-24T08:18:03 wrote resume state -> /Data/romain.poggi/smth2smth/checkpoints/track_a/ssl/videomaev2_t4native_encoder.state.pt
[videomae] 2026-05-24T08:18:05 epoch 445/500 step 0/610 loss 0.2496 lr 1.53e-05
[videomae] 2026-05-24T08:18:40 epoch 445/500 step 100/610 loss 0.2295 lr 1.52e-05
[videomae] 2026-05-24T08:19:16 epoch 445/500 step 200/610 loss 0.2242 lr 1.51e-05
[videomae] 2026-05-24T08:19:52 epoch 445/500 step 300/610 loss 0.2427 lr 1.50e-05
[videomae] 2026-05-24T08:20:28 epoch 445/500 step 400/610 loss 0.2639 lr 1.49e-05
[videomae] 2026-05-24T08:21:03 epoch 445/500 step 500/610 loss 0.2376 lr 1.48e-05
[videomae] 2026-05-24T08:21:39 epoch 445/500 step 600/610 loss 0.2594 lr 1.47e-05
[videomae] 2026-05-24T08:21:42 epoch 445/500 avg loss 0.2403
[videomae] 2026-05-24T08:21:43 wrote trunk checkpoint -> /Data/romain.poggi/smth2smth/checkpoints/track_a/ssl/videomaev2_t4native_encoder.pt (149 tensors, EMA)
[videomae] 2026-05-24T08:21:44 wrote resume state -> /Data/romain.poggi/smth2smth/checkpoints/track_a/ssl/videomaev2_t4native_encoder.state.pt
[videomae] 2026-05-24T08:21:46 epoch 446/500 step 0/610 loss 0.2439 lr 1.47e-05
[videomae] 2026-05-24T08:22:22 epoch 446/500 step 100/610 loss 0.2305 lr 1.46e-05
[videomae] 2026-05-24T08:22:57 epoch 446/500 step 200/610 loss 0.2456 lr 1.45e-05
[videomae] 2026-05-24T08:23:33 epoch 446/500 step 300/610 loss 0.2286 lr 1.45e-05
[videomae] 2026-05-24T08:24:09 epoch 446/500 step 400/610 loss 0.2444 lr 1.44e-05
[videomae] 2026-05-24T08:24:44 epoch 446/500 step 500/610 loss 0.2368 lr 1.43e-05
[videomae] 2026-05-24T08:25:20 epoch 446/500 step 600/610 loss 0.2427 lr 1.42e-05
[videomae] 2026-05-24T08:25:23 epoch 446/500 avg loss 0.2404
[videomae] 2026-05-24T08:25:24 wrote trunk checkpoint -> /Data/romain.poggi/smth2smth/checkpoints/track_a/ssl/videomaev2_t4native_encoder.pt (149 tensors, EMA)
[videomae] 2026-05-24T08:25:25 wrote resume state -> /Data/romain.poggi/smth2smth/checkpoints/track_a/ssl/videomaev2_t4native_encoder.state.pt
[videomae] 2026-05-24T08:25:27 epoch 447/500 step 0/610 loss 0.2174 lr 1.42e-05
[videomae] 2026-05-24T08:26:03 epoch 447/500 step 100/610 loss 0.2468 lr 1.41e-05
[videomae] 2026-05-24T08:26:38 epoch 447/500 step 200/610 loss 0.2321 lr 1.40e-05
[videomae] 2026-05-24T08:27:14 epoch 447/500 step 300/610 loss 0.2495 lr 1.39e-05
[videomae] 2026-05-24T08:27:50 epoch 447/500 step 400/610 loss 0.2216 lr 1.39e-05
[videomae] 2026-05-24T08:28:26 epoch 447/500 step 500/610 loss 0.2137 lr 1.38e-05
[videomae] 2026-05-24T08:29:01 epoch 447/500 step 600/610 loss 0.2351 lr 1.37e-05
[videomae] 2026-05-24T08:29:04 epoch 447/500 avg loss 0.2404
[videomae] 2026-05-24T08:29:05 wrote trunk checkpoint -> /Data/romain.poggi/smth2smth/checkpoints/track_a/ssl/videomaev2_t4native_encoder.pt (149 tensors, EMA)
[videomae] 2026-05-24T08:29:06 wrote resume state -> /Data/romain.poggi/smth2smth/checkpoints/track_a/ssl/videomaev2_t4native_encoder.state.pt
[videomae] 2026-05-24T08:29:08 epoch 448/500 step 0/610 loss 0.2390 lr 1.37e-05
[videomae] 2026-05-24T08:29:44 epoch 448/500 step 100/610 loss 0.2316 lr 1.36e-05
[videomae] 2026-05-24T08:30:20 epoch 448/500 step 200/610 loss 0.2448 lr 1.35e-05
[videomae] 2026-05-24T08:30:55 epoch 448/500 step 300/610 loss 0.2363 lr 1.34e-05
[videomae] 2026-05-24T08:31:31 epoch 448/500 step 400/610 loss 0.2493 lr 1.33e-05
[videomae] 2026-05-24T08:32:07 epoch 448/500 step 500/610 loss 0.2420 lr 1.33e-05
[videomae] 2026-05-24T08:32:42 epoch 448/500 step 600/610 loss 0.2415 lr 1.32e-05
[videomae] 2026-05-24T08:32:46 epoch 448/500 avg loss 0.2402
[videomae] 2026-05-24T08:32:46 wrote trunk checkpoint -> /Data/romain.poggi/smth2smth/checkpoints/track_a/ssl/videomaev2_t4native_encoder.pt (149 tensors, EMA)
[videomae] 2026-05-24T08:32:47 wrote resume state -> /Data/romain.poggi/smth2smth/checkpoints/track_a/ssl/videomaev2_t4native_encoder.state.pt
[videomae] 2026-05-24T08:32:49 epoch 449/500 step 0/610 loss 0.2332 lr 1.32e-05
[videomae] 2026-05-24T08:33:25 epoch 449/500 step 100/610 loss 0.2229 lr 1.31e-05
[videomae] 2026-05-24T08:34:01 epoch 449/500 step 200/610 loss 0.2325 lr 1.30e-05
[videomae] 2026-05-24T08:34:36 epoch 449/500 step 300/610 loss 0.2419 lr 1.29e-05
[videomae] 2026-05-24T08:35:12 epoch 449/500 step 400/610 loss 0.2366 lr 1.28e-05
[videomae] 2026-05-24T08:35:48 epoch 449/500 step 500/610 loss 0.2371 lr 1.28e-05
[videomae] 2026-05-24T08:36:24 epoch 449/500 step 600/610 loss 0.2438 lr 1.27e-05
[videomae] 2026-05-24T08:36:27 epoch 449/500 avg loss 0.2402
[videomae] 2026-05-24T08:36:27 wrote trunk checkpoint -> /Data/romain.poggi/smth2smth/checkpoints/track_a/ssl/videomaev2_t4native_encoder.pt (149 tensors, EMA)
[videomae] 2026-05-24T08:36:28 wrote resume state -> /Data/romain.poggi/smth2smth/checkpoints/track_a/ssl/videomaev2_t4native_encoder.state.pt
[videomae] 2026-05-24T08:36:30 epoch 450/500 step 0/610 loss 0.2559 lr 1.27e-05
[videomae] 2026-05-24T08:37:06 epoch 450/500 step 100/610 loss 0.2495 lr 1.26e-05
[videomae] 2026-05-24T08:37:42 epoch 450/500 step 200/610 loss 0.2474 lr 1.25e-05
[videomae] 2026-05-24T08:38:18 epoch 450/500 step 300/610 loss 0.2322 lr 1.24e-05
[videomae] 2026-05-24T08:38:53 epoch 450/500 step 400/610 loss 0.2494 lr 1.24e-05
[videomae] 2026-05-24T08:39:29 epoch 450/500 step 500/610 loss 0.2544 lr 1.23e-05
[videomae] 2026-05-24T08:40:05 epoch 450/500 step 600/610 loss 0.2017 lr 1.22e-05
[videomae] 2026-05-24T08:40:08 epoch 450/500 avg loss 0.2401
[videomae] 2026-05-24T08:40:08 wrote trunk checkpoint -> /Data/romain.poggi/smth2smth/checkpoints/track_a/ssl/videomaev2_t4native_encoder.pt (149 tensors, EMA)
[videomae] 2026-05-24T08:40:08 wrote trunk checkpoint -> /Data/romain.poggi/smth2smth/checkpoints/track_a/ssl/videomaev2_t4native_encoder_ep450.pt (149 tensors, EMA)
[videomae] 2026-05-24T08:40:10 wrote resume state -> /Data/romain.poggi/smth2smth/checkpoints/track_a/ssl/videomaev2_t4native_encoder.state.pt
[videomae] 2026-05-24T08:40:12 epoch 451/500 step 0/610 loss 0.2414 lr 1.22e-05
[videomae] 2026-05-24T08:40:47 epoch 451/500 step 100/610 loss 0.2278 lr 1.21e-05
[videomae] 2026-05-24T08:41:23 epoch 451/500 step 200/610 loss 0.2504 lr 1.20e-05
[videomae] 2026-05-24T08:41:59 epoch 451/500 step 300/610 loss 0.2532 lr 1.20e-05
[videomae] 2026-05-24T08:42:34 epoch 451/500 step 400/610 loss 0.2401 lr 1.19e-05
[videomae] 2026-05-24T08:43:10 epoch 451/500 step 500/610 loss 0.2323 lr 1.18e-05
[videomae] 2026-05-24T08:43:46 epoch 451/500 step 600/610 loss 0.2571 lr 1.17e-05
[videomae] 2026-05-24T08:43:49 epoch 451/500 avg loss 0.2401
[videomae] 2026-05-24T08:43:49 wrote trunk checkpoint -> /Data/romain.poggi/smth2smth/checkpoints/track_a/ssl/videomaev2_t4native_encoder.pt (149 tensors, EMA)
[videomae] 2026-05-24T08:43:51 wrote resume state -> /Data/romain.poggi/smth2smth/checkpoints/track_a/ssl/videomaev2_t4native_encoder.state.pt
[videomae] 2026-05-24T08:43:53 epoch 452/500 step 0/610 loss 0.2329 lr 1.17e-05
[videomae] 2026-05-24T08:44:28 epoch 452/500 step 100/610 loss 0.2456 lr 1.16e-05
[videomae] 2026-05-24T08:45:04 epoch 452/500 step 200/610 loss 0.2257 lr 1.16e-05
[videomae] 2026-05-24T08:45:40 epoch 452/500 step 300/610 loss 0.2470 lr 1.15e-05
[videomae] 2026-05-24T08:46:16 epoch 452/500 step 400/610 loss 0.2521 lr 1.14e-05
[videomae] 2026-05-24T08:46:51 epoch 452/500 step 500/610 loss 0.2297 lr 1.13e-05
[videomae] 2026-05-24T08:47:27 epoch 452/500 step 600/610 loss 0.2424 lr 1.13e-05
[videomae] 2026-05-24T08:47:30 epoch 452/500 avg loss 0.2400
[videomae] 2026-05-24T08:47:30 wrote trunk checkpoint -> /Data/romain.poggi/smth2smth/checkpoints/track_a/ssl/videomaev2_t4native_encoder.pt (149 tensors, EMA)
[videomae] 2026-05-24T08:47:32 wrote resume state -> /Data/romain.poggi/smth2smth/checkpoints/track_a/ssl/videomaev2_t4native_encoder.state.pt
[videomae] 2026-05-24T08:47:34 epoch 453/500 step 0/610 loss 0.2397 lr 1.12e-05
[videomae] 2026-05-24T08:48:10 epoch 453/500 step 100/610 loss 0.2275 lr 1.12e-05
[videomae] 2026-05-24T08:48:45 epoch 453/500 step 200/610 loss 0.2315 lr 1.11e-05
[videomae] 2026-05-24T08:49:21 epoch 453/500 step 300/610 loss 0.2441 lr 1.10e-05
[videomae] 2026-05-24T08:49:57 epoch 453/500 step 400/610 loss 0.2527 lr 1.09e-05
[videomae] 2026-05-24T08:50:32 epoch 453/500 step 500/610 loss 0.2128 lr 1.09e-05
[videomae] 2026-05-24T08:51:08 epoch 453/500 step 600/610 loss 0.2368 lr 1.08e-05
[videomae] 2026-05-24T08:51:11 epoch 453/500 avg loss 0.2398
[videomae] 2026-05-24T08:51:12 wrote trunk checkpoint -> /Data/romain.poggi/smth2smth/checkpoints/track_a/ssl/videomaev2_t4native_encoder.pt (149 tensors, EMA)
[videomae] 2026-05-24T08:51:13 wrote resume state -> /Data/romain.poggi/smth2smth/checkpoints/track_a/ssl/videomaev2_t4native_encoder.state.pt
[videomae] 2026-05-24T08:51:15 epoch 454/500 step 0/610 loss 0.2511 lr 1.08e-05
[videomae] 2026-05-24T08:51:51 epoch 454/500 step 100/610 loss 0.2412 lr 1.07e-05
[videomae] 2026-05-24T08:52:27 epoch 454/500 step 200/610 loss 0.2341 lr 1.06e-05
[videomae] 2026-05-24T08:53:02 epoch 454/500 step 300/610 loss 0.2373 lr 1.06e-05
[videomae] 2026-05-24T08:53:38 epoch 454/500 step 400/610 loss 0.2423 lr 1.05e-05
[videomae] 2026-05-24T08:54:14 epoch 454/500 step 500/610 loss 0.2459 lr 1.04e-05
[videomae] 2026-05-24T08:54:50 epoch 454/500 step 600/610 loss 0.2563 lr 1.03e-05
[videomae] 2026-05-24T08:54:53 epoch 454/500 avg loss 0.2399
[videomae] 2026-05-24T08:54:53 wrote trunk checkpoint -> /Data/romain.poggi/smth2smth/checkpoints/track_a/ssl/videomaev2_t4native_encoder.pt (149 tensors, EMA)
[videomae] 2026-05-24T08:54:54 wrote resume state -> /Data/romain.poggi/smth2smth/checkpoints/track_a/ssl/videomaev2_t4native_encoder.state.pt
[videomae] 2026-05-24T08:54:56 epoch 455/500 step 0/610 loss 0.2370 lr 1.03e-05
[videomae] 2026-05-24T08:55:32 epoch 455/500 step 100/610 loss 0.2474 lr 1.03e-05
[videomae] 2026-05-24T08:56:08 epoch 455/500 step 200/610 loss 0.2339 lr 1.02e-05
[videomae] 2026-05-24T08:56:43 epoch 455/500 step 300/610 loss 0.2476 lr 1.01e-05
[videomae] 2026-05-24T08:57:19 epoch 455/500 step 400/610 loss 0.2560 lr 1.00e-05
[videomae] 2026-05-24T08:57:55 epoch 455/500 step 500/610 loss 0.2323 lr 9.97e-06
[videomae] 2026-05-24T08:58:31 epoch 455/500 step 600/610 loss 0.2302 lr 9.90e-06
[videomae] 2026-05-24T08:58:34 epoch 455/500 avg loss 0.2398
[videomae] 2026-05-24T08:58:34 wrote trunk checkpoint -> /Data/romain.poggi/smth2smth/checkpoints/track_a/ssl/videomaev2_t4native_encoder.pt (149 tensors, EMA)
[videomae] 2026-05-24T08:58:35 wrote resume state -> /Data/romain.poggi/smth2smth/checkpoints/track_a/ssl/videomaev2_t4native_encoder.state.pt
[videomae] 2026-05-24T08:58:37 epoch 456/500 step 0/610 loss 0.2365 lr 9.89e-06
[videomae] 2026-05-24T08:59:13 epoch 456/500 step 100/610 loss 0.2227 lr 9.82e-06
[videomae] 2026-05-24T08:59:49 epoch 456/500 step 200/610 loss 0.2310 lr 9.75e-06
[videomae] 2026-05-24T09:00:25 epoch 456/500 step 300/610 loss 0.2346 lr 9.68e-06
[videomae] 2026-05-24T09:01:00 epoch 456/500 step 400/610 loss 0.2529 lr 9.61e-06
[videomae] 2026-05-24T09:01:36 epoch 456/500 step 500/610 loss 0.2449 lr 9.54e-06
[videomae] 2026-05-24T09:02:12 epoch 456/500 step 600/610 loss 0.2333 lr 9.47e-06
[videomae] 2026-05-24T09:02:15 epoch 456/500 avg loss 0.2397
[videomae] 2026-05-24T09:02:15 wrote trunk checkpoint -> /Data/romain.poggi/smth2smth/checkpoints/track_a/ssl/videomaev2_t4native_encoder.pt (149 tensors, EMA)
[videomae] 2026-05-24T09:02:17 wrote resume state -> /Data/romain.poggi/smth2smth/checkpoints/track_a/ssl/videomaev2_t4native_encoder.state.pt
[videomae] 2026-05-24T09:02:18 epoch 457/500 step 0/610 loss 0.2369 lr 9.46e-06
[videomae] 2026-05-24T09:02:55 epoch 457/500 step 100/610 loss 0.2450 lr 9.39e-06
[videomae] 2026-05-24T09:03:30 epoch 457/500 step 200/610 loss 0.2574 lr 9.32e-06
[videomae] 2026-05-24T09:04:06 epoch 457/500 step 300/610 loss 0.2488 lr 9.25e-06
[videomae] 2026-05-24T09:04:42 epoch 457/500 step 400/610 loss 0.2414 lr 9.18e-06
[videomae] 2026-05-24T09:05:18 epoch 457/500 step 500/610 loss 0.2607 lr 9.11e-06
[videomae] 2026-05-24T09:05:53 epoch 457/500 step 600/610 loss 0.2220 lr 9.04e-06
[videomae] 2026-05-24T09:05:57 epoch 457/500 avg loss 0.2399
[videomae] 2026-05-24T09:05:57 wrote trunk checkpoint -> /Data/romain.poggi/smth2smth/checkpoints/track_a/ssl/videomaev2_t4native_encoder.pt (149 tensors, EMA)
[videomae] 2026-05-24T09:05:58 wrote resume state -> /Data/romain.poggi/smth2smth/checkpoints/track_a/ssl/videomaev2_t4native_encoder.state.pt
[videomae] 2026-05-24T09:06:00 epoch 458/500 step 0/610 loss 0.2376 lr 9.04e-06
[videomae] 2026-05-24T09:06:36 epoch 458/500 step 100/610 loss 0.2358 lr 8.97e-06
[videomae] 2026-05-24T09:07:11 epoch 458/500 step 200/610 loss 0.2372 lr 8.90e-06
[videomae] 2026-05-24T09:07:47 epoch 458/500 step 300/610 loss 0.2596 lr 8.83e-06
[videomae] 2026-05-24T09:08:23 epoch 458/500 step 400/610 loss 0.2359 lr 8.77e-06
[videomae] 2026-05-24T09:08:59 epoch 458/500 step 500/610 loss 0.2228 lr 8.70e-06
[videomae] 2026-05-24T09:09:34 epoch 458/500 step 600/610 loss 0.2292 lr 8.63e-06
[videomae] 2026-05-24T09:09:38 epoch 458/500 avg loss 0.2396
[videomae] 2026-05-24T09:09:38 wrote trunk checkpoint -> /Data/romain.poggi/smth2smth/checkpoints/track_a/ssl/videomaev2_t4native_encoder.pt (149 tensors, EMA)
[videomae] 2026-05-24T09:09:39 wrote resume state -> /Data/romain.poggi/smth2smth/checkpoints/track_a/ssl/videomaev2_t4native_encoder.state.pt
[videomae] 2026-05-24T09:09:41 epoch 459/500 step 0/610 loss 0.2516 lr 8.63e-06
[videomae] 2026-05-24T09:10:17 epoch 459/500 step 100/610 loss 0.2139 lr 8.56e-06
[videomae] 2026-05-24T09:10:53 epoch 459/500 step 200/610 loss 0.2119 lr 8.49e-06
[videomae] 2026-05-24T09:11:28 epoch 459/500 step 300/610 loss 0.2507 lr 8.43e-06
[videomae] 2026-05-24T09:12:04 epoch 459/500 step 400/610 loss 0.2211 lr 8.36e-06
[videomae] 2026-05-24T09:12:40 epoch 459/500 step 500/610 loss 0.2334 lr 8.29e-06
[videomae] 2026-05-24T09:13:16 epoch 459/500 step 600/610 loss 0.2523 lr 8.23e-06
[videomae] 2026-05-24T09:13:19 epoch 459/500 avg loss 0.2395
[videomae] 2026-05-24T09:13:19 wrote trunk checkpoint -> /Data/romain.poggi/smth2smth/checkpoints/track_a/ssl/videomaev2_t4native_encoder.pt (149 tensors, EMA)
[videomae] 2026-05-24T09:13:20 wrote resume state -> /Data/romain.poggi/smth2smth/checkpoints/track_a/ssl/videomaev2_t4native_encoder.state.pt
[videomae] 2026-05-24T09:13:22 epoch 460/500 step 0/610 loss 0.2432 lr 8.22e-06
[videomae] 2026-05-24T09:13:58 epoch 460/500 step 100/610 loss 0.2478 lr 8.16e-06
[videomae] 2026-05-24T09:14:34 epoch 460/500 step 200/610 loss 0.2535 lr 8.09e-06
[videomae] 2026-05-24T09:15:10 epoch 460/500 step 300/610 loss 0.2507 lr 8.03e-06
[videomae] 2026-05-24T09:15:45 epoch 460/500 step 400/610 loss 0.2586 lr 7.96e-06
[videomae] 2026-05-24T09:16:21 epoch 460/500 step 500/610 loss 0.2548 lr 7.90e-06
[videomae] 2026-05-24T09:16:57 epoch 460/500 step 600/610 loss 0.2519 lr 7.83e-06
[videomae] 2026-05-24T09:17:00 epoch 460/500 avg loss 0.2396
[videomae] 2026-05-24T09:17:00 wrote trunk checkpoint -> /Data/romain.poggi/smth2smth/checkpoints/track_a/ssl/videomaev2_t4native_encoder.pt (149 tensors, EMA)
[videomae] 2026-05-24T09:17:02 wrote resume state -> /Data/romain.poggi/smth2smth/checkpoints/track_a/ssl/videomaev2_t4native_encoder.state.pt
[videomae] 2026-05-24T09:17:04 epoch 461/500 step 0/610 loss 0.2180 lr 7.83e-06
[videomae] 2026-05-24T09:17:40 epoch 461/500 step 100/610 loss 0.2479 lr 7.76e-06
[videomae] 2026-05-24T09:18:15 epoch 461/500 step 200/610 loss 0.2273 lr 7.70e-06
[videomae] 2026-05-24T09:18:51 epoch 461/500 step 300/610 loss 0.2445 lr 7.64e-06
[videomae] 2026-05-24T09:19:27 epoch 461/500 step 400/610 loss 0.2395 lr 7.57e-06
[videomae] 2026-05-24T09:20:02 epoch 461/500 step 500/610 loss 0.2424 lr 7.51e-06
[videomae] 2026-05-24T09:20:38 epoch 461/500 step 600/610 loss 0.2567 lr 7.45e-06
[videomae] 2026-05-24T09:20:41 epoch 461/500 avg loss 0.2396
[videomae] 2026-05-24T09:20:42 wrote trunk checkpoint -> /Data/romain.poggi/smth2smth/checkpoints/track_a/ssl/videomaev2_t4native_encoder.pt (149 tensors, EMA)
[videomae] 2026-05-24T09:20:43 wrote resume state -> /Data/romain.poggi/smth2smth/checkpoints/track_a/ssl/videomaev2_t4native_encoder.state.pt
[videomae] 2026-05-24T09:20:45 epoch 462/500 step 0/610 loss 0.2381 lr 7.44e-06
[videomae] 2026-05-24T09:21:21 epoch 462/500 step 100/610 loss 0.2361 lr 7.38e-06
[videomae] 2026-05-24T09:21:57 epoch 462/500 step 200/610 loss 0.2406 lr 7.32e-06
[videomae] 2026-05-24T09:22:32 epoch 462/500 step 300/610 loss 0.2508 lr 7.26e-06
[videomae] 2026-05-24T09:23:08 epoch 462/500 step 400/610 loss 0.2370 lr 7.20e-06
[videomae] 2026-05-24T09:23:44 epoch 462/500 step 500/610 loss 0.2532 lr 7.14e-06
[videomae] 2026-05-24T09:24:20 epoch 462/500 step 600/610 loss 0.2314 lr 7.07e-06
[videomae] 2026-05-24T09:24:23 epoch 462/500 avg loss 0.2395
[videomae] 2026-05-24T09:24:23 wrote trunk checkpoint -> /Data/romain.poggi/smth2smth/checkpoints/track_a/ssl/videomaev2_t4native_encoder.pt (149 tensors, EMA)
[videomae] 2026-05-24T09:24:24 wrote resume state -> /Data/romain.poggi/smth2smth/checkpoints/track_a/ssl/videomaev2_t4native_encoder.state.pt
[videomae] 2026-05-24T09:24:26 epoch 463/500 step 0/610 loss 0.2472 lr 7.07e-06
[videomae] 2026-05-24T09:25:02 epoch 463/500 step 100/610 loss 0.2443 lr 7.01e-06
[videomae] 2026-05-24T09:25:38 epoch 463/500 step 200/610 loss 0.2410 lr 6.95e-06
[videomae] 2026-05-24T09:26:14 epoch 463/500 step 300/610 loss 0.2387 lr 6.89e-06
[videomae] 2026-05-24T09:26:49 epoch 463/500 step 400/610 loss 0.2371 lr 6.83e-06
[videomae] 2026-05-24T09:27:25 epoch 463/500 step 500/610 loss 0.2329 lr 6.77e-06
[videomae] 2026-05-24T09:28:01 epoch 463/500 step 600/610 loss 0.2373 lr 6.71e-06
[videomae] 2026-05-24T09:28:04 epoch 463/500 avg loss 0.2394
[videomae] 2026-05-24T09:28:04 wrote trunk checkpoint -> /Data/romain.poggi/smth2smth/checkpoints/track_a/ssl/videomaev2_t4native_encoder.pt (149 tensors, EMA)
[videomae] 2026-05-24T09:28:06 wrote resume state -> /Data/romain.poggi/smth2smth/checkpoints/track_a/ssl/videomaev2_t4native_encoder.state.pt
[videomae] 2026-05-24T09:28:08 epoch 464/500 step 0/610 loss 0.2512 lr 6.70e-06
[videomae] 2026-05-24T09:28:44 epoch 464/500 step 100/610 loss 0.2360 lr 6.64e-06
[videomae] 2026-05-24T09:29:19 epoch 464/500 step 200/610 loss 0.2501 lr 6.59e-06
[videomae] 2026-05-24T09:29:55 epoch 464/500 step 300/610 loss 0.2353 lr 6.53e-06
[videomae] 2026-05-24T09:30:31 epoch 464/500 step 400/610 loss 0.2452 lr 6.47e-06
[videomae] 2026-05-24T09:31:06 epoch 464/500 step 500/610 loss 0.2387 lr 6.41e-06
[videomae] 2026-05-24T09:31:42 epoch 464/500 step 600/610 loss 0.2297 lr 6.35e-06
[videomae] 2026-05-24T09:31:45 epoch 464/500 avg loss 0.2395
[videomae] 2026-05-24T09:31:46 wrote trunk checkpoint -> /Data/romain.poggi/smth2smth/checkpoints/track_a/ssl/videomaev2_t4native_encoder.pt (149 tensors, EMA)
[videomae] 2026-05-24T09:31:47 wrote resume state -> /Data/romain.poggi/smth2smth/checkpoints/track_a/ssl/videomaev2_t4native_encoder.state.pt
[videomae] 2026-05-24T09:31:49 epoch 465/500 step 0/610 loss 0.2431 lr 6.35e-06
[videomae] 2026-05-24T09:32:25 epoch 465/500 step 100/610 loss 0.2178 lr 6.29e-06
[videomae] 2026-05-24T09:33:00 epoch 465/500 step 200/610 loss 0.2307 lr 6.23e-06
[videomae] 2026-05-24T09:33:36 epoch 465/500 step 300/610 loss 0.2317 lr 6.18e-06
[videomae] 2026-05-24T09:34:12 epoch 465/500 step 400/610 loss 0.2342 lr 6.12e-06
[videomae] 2026-05-24T09:34:48 epoch 465/500 step 500/610 loss 0.2506 lr 6.06e-06
[videomae] 2026-05-24T09:35:23 epoch 465/500 step 600/610 loss 0.2438 lr 6.01e-06
[videomae] 2026-05-24T09:35:27 epoch 465/500 avg loss 0.2396
[videomae] 2026-05-24T09:35:27 wrote trunk checkpoint -> /Data/romain.poggi/smth2smth/checkpoints/track_a/ssl/videomaev2_t4native_encoder.pt (149 tensors, EMA)
[videomae] 2026-05-24T09:35:28 wrote resume state -> /Data/romain.poggi/smth2smth/checkpoints/track_a/ssl/videomaev2_t4native_encoder.state.pt
[videomae] 2026-05-24T09:35:30 epoch 466/500 step 0/610 loss 0.2287 lr 6.00e-06
[videomae] 2026-05-24T09:36:06 epoch 466/500 step 100/610 loss 0.2374 lr 5.95e-06
[videomae] 2026-05-24T09:36:42 epoch 466/500 step 200/610 loss 0.2387 lr 5.89e-06
[videomae] 2026-05-24T09:37:17 epoch 466/500 step 300/610 loss 0.2441 lr 5.83e-06
[videomae] 2026-05-24T09:37:53 epoch 466/500 step 400/610 loss 0.2447 lr 5.78e-06
[videomae] 2026-05-24T09:38:29 epoch 466/500 step 500/610 loss 0.2290 lr 5.72e-06
[videomae] 2026-05-24T09:39:05 epoch 466/500 step 600/610 loss 0.2262 lr 5.67e-06
[videomae] 2026-05-24T09:39:08 epoch 466/500 avg loss 0.2394
[videomae] 2026-05-24T09:39:08 wrote trunk checkpoint -> /Data/romain.poggi/smth2smth/checkpoints/track_a/ssl/videomaev2_t4native_encoder.pt (149 tensors, EMA)
[videomae] 2026-05-24T09:39:09 wrote resume state -> /Data/romain.poggi/smth2smth/checkpoints/track_a/ssl/videomaev2_t4native_encoder.state.pt
[videomae] 2026-05-24T09:39:11 epoch 467/500 step 0/610 loss 0.2402 lr 5.66e-06
[videomae] 2026-05-24T09:39:47 epoch 467/500 step 100/610 loss 0.2303 lr 5.61e-06
[videomae] 2026-05-24T09:40:23 epoch 467/500 step 200/610 loss 0.2324 lr 5.56e-06
[videomae] 2026-05-24T09:40:59 epoch 467/500 step 300/610 loss 0.2451 lr 5.50e-06
[videomae] 2026-05-24T09:41:34 epoch 467/500 step 400/610 loss 0.2525 lr 5.45e-06
[videomae] 2026-05-24T09:42:10 epoch 467/500 step 500/610 loss 0.2393 lr 5.40e-06
[videomae] 2026-05-24T09:42:46 epoch 467/500 step 600/610 loss 0.2491 lr 5.34e-06
[videomae] 2026-05-24T09:42:49 epoch 467/500 avg loss 0.2394
[videomae] 2026-05-24T09:42:49 wrote trunk checkpoint -> /Data/romain.poggi/smth2smth/checkpoints/track_a/ssl/videomaev2_t4native_encoder.pt (149 tensors, EMA)
[videomae] 2026-05-24T09:42:50 wrote resume state -> /Data/romain.poggi/smth2smth/checkpoints/track_a/ssl/videomaev2_t4native_encoder.state.pt
[videomae] 2026-05-24T09:42:52 epoch 468/500 step 0/610 loss 0.2474 lr 5.34e-06
[videomae] 2026-05-24T09:43:28 epoch 468/500 step 100/610 loss 0.2341 lr 5.29e-06
[videomae] 2026-05-24T09:44:04 epoch 468/500 step 200/610 loss 0.2341 lr 5.23e-06
[videomae] 2026-05-24T09:44:40 epoch 468/500 step 300/610 loss 0.2244 lr 5.18e-06
[videomae] 2026-05-24T09:45:16 epoch 468/500 step 400/610 loss 0.2238 lr 5.13e-06
[videomae] 2026-05-24T09:45:51 epoch 468/500 step 500/610 loss 0.2598 lr 5.08e-06
[videomae] 2026-05-24T09:46:27 epoch 468/500 step 600/610 loss 0.2323 lr 5.03e-06
[videomae] 2026-05-24T09:46:30 epoch 468/500 avg loss 0.2391
[videomae] 2026-05-24T09:46:30 wrote trunk checkpoint -> /Data/romain.poggi/smth2smth/checkpoints/track_a/ssl/videomaev2_t4native_encoder.pt (149 tensors, EMA)
[videomae] 2026-05-24T09:46:32 wrote resume state -> /Data/romain.poggi/smth2smth/checkpoints/track_a/ssl/videomaev2_t4native_encoder.state.pt
[videomae] 2026-05-24T09:46:34 epoch 469/500 step 0/610 loss 0.2655 lr 5.02e-06
[videomae] 2026-05-24T09:47:09 epoch 469/500 step 100/610 loss 0.2369 lr 4.97e-06
[videomae] 2026-05-24T09:47:45 epoch 469/500 step 200/610 loss 0.2352 lr 4.92e-06
[videomae] 2026-05-24T09:48:21 epoch 469/500 step 300/610 loss 0.2502 lr 4.87e-06
[videomae] 2026-05-24T09:48:57 epoch 469/500 step 400/610 loss 0.2544 lr 4.82e-06
[videomae] 2026-05-24T09:49:32 epoch 469/500 step 500/610 loss 0.2516 lr 4.77e-06
[videomae] 2026-05-24T09:50:08 epoch 469/500 step 600/610 loss 0.2503 lr 4.72e-06
[videomae] 2026-05-24T09:50:11 epoch 469/500 avg loss 0.2392
[videomae] 2026-05-24T09:50:12 wrote trunk checkpoint -> /Data/romain.poggi/smth2smth/checkpoints/track_a/ssl/videomaev2_t4native_encoder.pt (149 tensors, EMA)
[videomae] 2026-05-24T09:50:13 wrote resume state -> /Data/romain.poggi/smth2smth/checkpoints/track_a/ssl/videomaev2_t4native_encoder.state.pt
[videomae] 2026-05-24T09:50:15 epoch 470/500 step 0/610 loss 0.2735 lr 4.71e-06
[videomae] 2026-05-24T09:50:51 epoch 470/500 step 100/610 loss 0.2407 lr 4.66e-06
[videomae] 2026-05-24T09:51:26 epoch 470/500 step 200/610 loss 0.2523 lr 4.61e-06
[videomae] 2026-05-24T09:52:02 epoch 470/500 step 300/610 loss 0.2247 lr 4.56e-06
[videomae] 2026-05-24T09:52:38 epoch 470/500 step 400/610 loss 0.2703 lr 4.52e-06
[videomae] 2026-05-24T09:53:14 epoch 470/500 step 500/610 loss 0.2545 lr 4.47e-06
[videomae] 2026-05-24T09:53:49 epoch 470/500 step 600/610 loss 0.2500 lr 4.42e-06
[videomae] 2026-05-24T09:53:53 epoch 470/500 avg loss 0.2391
[videomae] 2026-05-24T09:53:53 wrote trunk checkpoint -> /Data/romain.poggi/smth2smth/checkpoints/track_a/ssl/videomaev2_t4native_encoder.pt (149 tensors, EMA)
[videomae] 2026-05-24T09:53:54 wrote resume state -> /Data/romain.poggi/smth2smth/checkpoints/track_a/ssl/videomaev2_t4native_encoder.state.pt
[videomae] 2026-05-24T09:53:56 epoch 471/500 step 0/610 loss 0.2520 lr 4.41e-06
[videomae] 2026-05-24T09:54:32 epoch 471/500 step 100/610 loss 0.2281 lr 4.37e-06
[videomae] 2026-05-24T09:55:07 epoch 471/500 step 200/610 loss 0.2439 lr 4.32e-06
[videomae] 2026-05-24T09:55:43 epoch 471/500 step 300/610 loss 0.2188 lr 4.27e-06
[videomae] 2026-05-24T09:56:19 epoch 471/500 step 400/610 loss 0.2211 lr 4.22e-06
[videomae] 2026-05-24T09:56:55 epoch 471/500 step 500/610 loss 0.2452 lr 4.18e-06
[videomae] 2026-05-24T09:57:30 epoch 471/500 step 600/610 loss 0.2345 lr 4.13e-06
[videomae] 2026-05-24T09:57:34 epoch 471/500 avg loss 0.2392
[videomae] 2026-05-24T09:57:34 wrote trunk checkpoint -> /Data/romain.poggi/smth2smth/checkpoints/track_a/ssl/videomaev2_t4native_encoder.pt (149 tensors, EMA)
[videomae] 2026-05-24T09:57:35 wrote resume state -> /Data/romain.poggi/smth2smth/checkpoints/track_a/ssl/videomaev2_t4native_encoder.state.pt
[videomae] 2026-05-24T09:57:37 epoch 472/500 step 0/610 loss 0.2340 lr 4.13e-06
[videomae] 2026-05-24T09:58:13 epoch 472/500 step 100/610 loss 0.2348 lr 4.08e-06
[videomae] 2026-05-24T09:58:49 epoch 472/500 step 200/610 loss 0.2228 lr 4.03e-06
[videomae] 2026-05-24T09:59:24 epoch 472/500 step 300/610 loss 0.2438 lr 3.99e-06
[videomae] 2026-05-24T10:00:00 epoch 472/500 step 400/610 loss 0.2260 lr 3.94e-06
[videomae] 2026-05-24T10:00:36 epoch 472/500 step 500/610 loss 0.2437 lr 3.90e-06
[videomae] 2026-05-24T10:01:12 epoch 472/500 step 600/610 loss 0.2547 lr 3.85e-06
[videomae] 2026-05-24T10:01:15 epoch 472/500 avg loss 0.2391
[videomae] 2026-05-24T10:01:15 wrote trunk checkpoint -> /Data/romain.poggi/smth2smth/checkpoints/track_a/ssl/videomaev2_t4native_encoder.pt (149 tensors, EMA)
[videomae] 2026-05-24T10:01:16 wrote resume state -> /Data/romain.poggi/smth2smth/checkpoints/track_a/ssl/videomaev2_t4native_encoder.state.pt
[videomae] 2026-05-24T10:01:19 epoch 473/500 step 0/610 loss 0.2431 lr 3.85e-06
[videomae] 2026-05-24T10:01:54 epoch 473/500 step 100/610 loss 0.2188 lr 3.80e-06
[videomae] 2026-05-24T10:02:30 epoch 473/500 step 200/610 loss 0.2183 lr 3.76e-06
[videomae] 2026-05-24T10:03:06 epoch 473/500 step 300/610 loss 0.2465 lr 3.71e-06
[videomae] 2026-05-24T10:03:42 epoch 473/500 step 400/610 loss 0.2464 lr 3.67e-06
[videomae] 2026-05-24T10:04:17 epoch 473/500 step 500/610 loss 0.2171 lr 3.63e-06
[videomae] 2026-05-24T10:04:53 epoch 473/500 step 600/610 loss 0.2432 lr 3.58e-06
[videomae] 2026-05-24T10:04:56 epoch 473/500 avg loss 0.2392
[videomae] 2026-05-24T10:04:57 wrote trunk checkpoint -> /Data/romain.poggi/smth2smth/checkpoints/track_a/ssl/videomaev2_t4native_encoder.pt (149 tensors, EMA)
[videomae] 2026-05-24T10:04:58 wrote resume state -> /Data/romain.poggi/smth2smth/checkpoints/track_a/ssl/videomaev2_t4native_encoder.state.pt
[videomae] 2026-05-24T10:05:00 epoch 474/500 step 0/610 loss 0.2345 lr 3.58e-06
[videomae] 2026-05-24T10:05:36 epoch 474/500 step 100/610 loss 0.2345 lr 3.53e-06
[videomae] 2026-05-24T10:06:12 epoch 474/500 step 200/610 loss 0.2572 lr 3.49e-06
[videomae] 2026-05-24T10:06:47 epoch 474/500 step 300/610 loss 0.2293 lr 3.45e-06
[videomae] 2026-05-24T10:07:23 epoch 474/500 step 400/610 loss 0.2289 lr 3.41e-06
[videomae] 2026-05-24T10:07:59 epoch 474/500 step 500/610 loss 0.2317 lr 3.36e-06
[videomae] 2026-05-24T10:08:35 epoch 474/500 step 600/610 loss 0.2463 lr 3.32e-06
[videomae] 2026-05-24T10:08:38 epoch 474/500 avg loss 0.2392
[videomae] 2026-05-24T10:08:38 wrote trunk checkpoint -> /Data/romain.poggi/smth2smth/checkpoints/track_a/ssl/videomaev2_t4native_encoder.pt (149 tensors, EMA)
[videomae] 2026-05-24T10:08:39 wrote resume state -> /Data/romain.poggi/smth2smth/checkpoints/track_a/ssl/videomaev2_t4native_encoder.state.pt
[videomae] 2026-05-24T10:08:42 epoch 475/500 step 0/610 loss 0.2295 lr 3.32e-06
[videomae] 2026-05-24T10:09:17 epoch 475/500 step 100/610 loss 0.2412 lr 3.28e-06
[videomae] 2026-05-24T10:09:53 epoch 475/500 step 200/610 loss 0.2722 lr 3.24e-06
[videomae] 2026-05-24T10:10:29 epoch 475/500 step 300/610 loss 0.2599 lr 3.19e-06
[videomae] 2026-05-24T10:11:05 epoch 475/500 step 400/610 loss 0.2343 lr 3.15e-06
[videomae] 2026-05-24T10:11:40 epoch 475/500 step 500/610 loss 0.2577 lr 3.11e-06
[videomae] 2026-05-24T10:12:16 epoch 475/500 step 600/610 loss 0.2284 lr 3.07e-06
[videomae] 2026-05-24T10:12:19 epoch 475/500 avg loss 0.2390
[videomae] 2026-05-24T10:12:20 wrote trunk checkpoint -> /Data/romain.poggi/smth2smth/checkpoints/track_a/ssl/videomaev2_t4native_encoder.pt (149 tensors, EMA)
[videomae] 2026-05-24T10:12:21 wrote resume state -> /Data/romain.poggi/smth2smth/checkpoints/track_a/ssl/videomaev2_t4native_encoder.state.pt
[videomae] 2026-05-24T10:12:23 epoch 476/500 step 0/610 loss 0.2568 lr 3.07e-06
[videomae] 2026-05-24T10:12:59 epoch 476/500 step 100/610 loss 0.2225 lr 3.03e-06
[videomae] 2026-05-24T10:13:35 epoch 476/500 step 200/610 loss 0.2515 lr 2.99e-06
[videomae] 2026-05-24T10:14:10 epoch 476/500 step 300/610 loss 0.2319 lr 2.95e-06
[videomae] 2026-05-24T10:14:46 epoch 476/500 step 400/610 loss 0.2455 lr 2.91e-06
[videomae] 2026-05-24T10:15:22 epoch 476/500 step 500/610 loss 0.2491 lr 2.87e-06
[videomae] 2026-05-24T10:15:58 epoch 476/500 step 600/610 loss 0.2386 lr 2.83e-06
[videomae] 2026-05-24T10:16:01 epoch 476/500 avg loss 0.2390
[videomae] 2026-05-24T10:16:01 wrote trunk checkpoint -> /Data/romain.poggi/smth2smth/checkpoints/track_a/ssl/videomaev2_t4native_encoder.pt (149 tensors, EMA)
[videomae] 2026-05-24T10:16:02 wrote resume state -> /Data/romain.poggi/smth2smth/checkpoints/track_a/ssl/videomaev2_t4native_encoder.state.pt
[videomae] 2026-05-24T10:16:04 epoch 477/500 step 0/610 loss 0.2542 lr 2.83e-06
[videomae] 2026-05-24T10:16:40 epoch 477/500 step 100/610 loss 0.2305 lr 2.79e-06
[videomae] 2026-05-24T10:17:16 epoch 477/500 step 200/610 loss 0.2423 lr 2.75e-06
[videomae] 2026-05-24T10:17:52 epoch 477/500 step 300/610 loss 0.2422 lr 2.71e-06
[videomae] 2026-05-24T10:18:28 epoch 477/500 step 400/610 loss 0.2268 lr 2.68e-06
[videomae] 2026-05-24T10:19:03 epoch 477/500 step 500/610 loss 0.2311 lr 2.64e-06
[videomae] 2026-05-24T10:19:39 epoch 477/500 step 600/610 loss 0.2497 lr 2.60e-06
[videomae] 2026-05-24T10:19:42 epoch 477/500 avg loss 0.2390
[videomae] 2026-05-24T10:19:43 wrote trunk checkpoint -> /Data/romain.poggi/smth2smth/checkpoints/track_a/ssl/videomaev2_t4native_encoder.pt (149 tensors, EMA)
[videomae] 2026-05-24T10:19:44 wrote resume state -> /Data/romain.poggi/smth2smth/checkpoints/track_a/ssl/videomaev2_t4native_encoder.state.pt
[videomae] 2026-05-24T10:19:46 epoch 478/500 step 0/610 loss 0.2496 lr 2.60e-06
[videomae] 2026-05-24T10:20:22 epoch 478/500 step 100/610 loss 0.2525 lr 2.56e-06
[videomae] 2026-05-24T10:20:57 epoch 478/500 step 200/610 loss 0.2211 lr 2.52e-06
[videomae] 2026-05-24T10:21:33 epoch 478/500 step 300/610 loss 0.2482 lr 2.49e-06
[videomae] 2026-05-24T10:22:09 epoch 478/500 step 400/610 loss 0.2141 lr 2.45e-06
[videomae] 2026-05-24T10:22:45 epoch 478/500 step 500/610 loss 0.2552 lr 2.42e-06
[videomae] 2026-05-24T10:23:20 epoch 478/500 step 600/610 loss 0.2334 lr 2.38e-06
[videomae] 2026-05-24T10:23:24 epoch 478/500 avg loss 0.2388
[videomae] 2026-05-24T10:23:24 wrote trunk checkpoint -> /Data/romain.poggi/smth2smth/checkpoints/track_a/ssl/videomaev2_t4native_encoder.pt (149 tensors, EMA)
[videomae] 2026-05-24T10:23:25 wrote resume state -> /Data/romain.poggi/smth2smth/checkpoints/track_a/ssl/videomaev2_t4native_encoder.state.pt
[videomae] 2026-05-24T10:23:27 epoch 479/500 step 0/610 loss 0.2390 lr 2.38e-06
[videomae] 2026-05-24T10:24:03 epoch 479/500 step 100/610 loss 0.2527 lr 2.34e-06
[videomae] 2026-05-24T10:24:39 epoch 479/500 step 200/610 loss 0.2454 lr 2.31e-06
[videomae] 2026-05-24T10:25:15 epoch 479/500 step 300/610 loss 0.2455 lr 2.27e-06
[videomae] 2026-05-24T10:25:50 epoch 479/500 step 400/610 loss 0.2388 lr 2.24e-06
[videomae] 2026-05-24T10:26:26 epoch 479/500 step 500/610 loss 0.2188 lr 2.20e-06
[videomae] 2026-05-24T10:27:02 epoch 479/500 step 600/610 loss 0.2364 lr 2.17e-06
[videomae] 2026-05-24T10:27:05 epoch 479/500 avg loss 0.2391
[videomae] 2026-05-24T10:27:05 wrote trunk checkpoint -> /Data/romain.poggi/smth2smth/checkpoints/track_a/ssl/videomaev2_t4native_encoder.pt (149 tensors, EMA)
[videomae] 2026-05-24T10:27:07 wrote resume state -> /Data/romain.poggi/smth2smth/checkpoints/track_a/ssl/videomaev2_t4native_encoder.state.pt
[videomae] 2026-05-24T10:27:09 epoch 480/500 step 0/610 loss 0.2322 lr 2.17e-06
[videomae] 2026-05-24T10:27:44 epoch 480/500 step 100/610 loss 0.2316 lr 2.13e-06
[videomae] 2026-05-24T10:28:20 epoch 480/500 step 200/610 loss 0.2312 lr 2.10e-06
[videomae] 2026-05-24T10:28:56 epoch 480/500 step 300/610 loss 0.2489 lr 2.07e-06
[videomae] 2026-05-24T10:29:32 epoch 480/500 step 400/610 loss 0.2264 lr 2.03e-06
[videomae] 2026-05-24T10:30:08 epoch 480/500 step 500/610 loss 0.2367 lr 2.00e-06
[videomae] 2026-05-24T10:30:43 epoch 480/500 step 600/610 loss 0.2391 lr 1.97e-06
[videomae] 2026-05-24T10:30:47 epoch 480/500 avg loss 0.2389
[videomae] 2026-05-24T10:30:47 wrote trunk checkpoint -> /Data/romain.poggi/smth2smth/checkpoints/track_a/ssl/videomaev2_t4native_encoder.pt (149 tensors, EMA)
[videomae] 2026-05-24T10:30:48 wrote resume state -> /Data/romain.poggi/smth2smth/checkpoints/track_a/ssl/videomaev2_t4native_encoder.state.pt
[videomae] 2026-05-24T10:30:50 epoch 481/500 step 0/610 loss 0.2010 lr 1.97e-06
[videomae] 2026-05-24T10:31:26 epoch 481/500 step 100/610 loss 0.2407 lr 1.93e-06
[videomae] 2026-05-24T10:32:02 epoch 481/500 step 200/610 loss 0.2346 lr 1.90e-06
[videomae] 2026-05-24T10:32:37 epoch 481/500 step 300/610 loss 0.2384 lr 1.87e-06
[videomae] 2026-05-24T10:33:13 epoch 481/500 step 400/610 loss 0.2324 lr 1.84e-06
[videomae] 2026-05-24T10:33:49 epoch 481/500 step 500/610 loss 0.2427 lr 1.81e-06
[videomae] 2026-05-24T10:34:25 epoch 481/500 step 600/610 loss 0.2702 lr 1.78e-06
[videomae] 2026-05-24T10:34:28 epoch 481/500 avg loss 0.2392
[videomae] 2026-05-24T10:34:28 wrote trunk checkpoint -> /Data/romain.poggi/smth2smth/checkpoints/track_a/ssl/videomaev2_t4native_encoder.pt (149 tensors, EMA)
[videomae] 2026-05-24T10:34:29 wrote resume state -> /Data/romain.poggi/smth2smth/checkpoints/track_a/ssl/videomaev2_t4native_encoder.state.pt
[videomae] 2026-05-24T10:34:31 epoch 482/500 step 0/610 loss 0.2508 lr 1.77e-06
[videomae] 2026-05-24T10:35:07 epoch 482/500 step 100/610 loss 0.2339 lr 1.74e-06
[videomae] 2026-05-24T10:35:43 epoch 482/500 step 200/610 loss 0.2231 lr 1.71e-06
[videomae] 2026-05-24T10:36:19 epoch 482/500 step 300/610 loss 0.2379 lr 1.68e-06
[videomae] 2026-05-24T10:36:55 epoch 482/500 step 400/610 loss 0.2371 lr 1.65e-06
[videomae] 2026-05-24T10:37:30 epoch 482/500 step 500/610 loss 0.2208 lr 1.62e-06
[videomae] 2026-05-24T10:38:06 epoch 482/500 step 600/610 loss 0.2395 lr 1.60e-06
[videomae] 2026-05-24T10:38:09 epoch 482/500 avg loss 0.2388
[videomae] 2026-05-24T10:38:10 wrote trunk checkpoint -> /Data/romain.poggi/smth2smth/checkpoints/track_a/ssl/videomaev2_t4native_encoder.pt (149 tensors, EMA)
[videomae] 2026-05-24T10:38:11 wrote resume state -> /Data/romain.poggi/smth2smth/checkpoints/track_a/ssl/videomaev2_t4native_encoder.state.pt
[videomae] 2026-05-24T10:38:13 epoch 483/500 step 0/610 loss 0.2201 lr 1.59e-06
[videomae] 2026-05-24T10:38:49 epoch 483/500 step 100/610 loss 0.2366 lr 1.56e-06
[videomae] 2026-05-24T10:39:25 epoch 483/500 step 200/610 loss 0.2542 lr 1.54e-06
[videomae] 2026-05-24T10:40:00 epoch 483/500 step 300/610 loss 0.2302 lr 1.51e-06
[videomae] 2026-05-24T10:40:36 epoch 483/500 step 400/610 loss 0.2443 lr 1.48e-06
[videomae] 2026-05-24T10:41:12 epoch 483/500 step 500/610 loss 0.2356 lr 1.45e-06
[videomae] 2026-05-24T10:41:48 epoch 483/500 step 600/610 loss 0.2490 lr 1.42e-06
[videomae] 2026-05-24T10:41:51 epoch 483/500 avg loss 0.2388
[videomae] 2026-05-24T10:41:51 wrote trunk checkpoint -> /Data/romain.poggi/smth2smth/checkpoints/track_a/ssl/videomaev2_t4native_encoder.pt (149 tensors, EMA)
[videomae] 2026-05-24T10:41:52 wrote resume state -> /Data/romain.poggi/smth2smth/checkpoints/track_a/ssl/videomaev2_t4native_encoder.state.pt
[videomae] 2026-05-24T10:41:55 epoch 484/500 step 0/610 loss 0.2489 lr 1.42e-06
[videomae] 2026-05-24T10:42:30 epoch 484/500 step 100/610 loss 0.2345 lr 1.39e-06
[videomae] 2026-05-24T10:43:06 epoch 484/500 step 200/610 loss 0.2323 lr 1.37e-06
[videomae] 2026-05-24T10:43:42 epoch 484/500 step 300/610 loss 0.2525 lr 1.34e-06
[videomae] 2026-05-24T10:44:18 epoch 484/500 step 400/610 loss 0.2369 lr 1.31e-06
[videomae] 2026-05-24T10:44:54 epoch 484/500 step 500/610 loss 0.2488 lr 1.29e-06
[videomae] 2026-05-24T10:45:29 epoch 484/500 step 600/610 loss 0.2257 lr 1.26e-06
[videomae] 2026-05-24T10:45:33 epoch 484/500 avg loss 0.2390
[videomae] 2026-05-24T10:45:33 wrote trunk checkpoint -> /Data/romain.poggi/smth2smth/checkpoints/track_a/ssl/videomaev2_t4native_encoder.pt (149 tensors, EMA)
[videomae] 2026-05-24T10:45:34 wrote resume state -> /Data/romain.poggi/smth2smth/checkpoints/track_a/ssl/videomaev2_t4native_encoder.state.pt
[videomae] 2026-05-24T10:45:36 epoch 485/500 step 0/610 loss 0.2367 lr 1.26e-06
[videomae] 2026-05-24T10:46:12 epoch 485/500 step 100/610 loss 0.2430 lr 1.23e-06
[videomae] 2026-05-24T10:46:48 epoch 485/500 step 200/610 loss 0.2409 lr 1.21e-06
[videomae] 2026-05-24T10:47:24 epoch 485/500 step 300/610 loss 0.2449 lr 1.18e-06
[videomae] 2026-05-24T10:47:59 epoch 485/500 step 400/610 loss 0.2365 lr 1.16e-06
[videomae] 2026-05-24T10:48:35 epoch 485/500 step 500/610 loss 0.2323 lr 1.13e-06
[videomae] 2026-05-24T10:49:11 epoch 485/500 step 600/610 loss 0.2250 lr 1.11e-06
[videomae] 2026-05-24T10:49:14 epoch 485/500 avg loss 0.2389
[videomae] 2026-05-24T10:49:14 wrote trunk checkpoint -> /Data/romain.poggi/smth2smth/checkpoints/track_a/ssl/videomaev2_t4native_encoder.pt (149 tensors, EMA)
[videomae] 2026-05-24T10:49:16 wrote resume state -> /Data/romain.poggi/smth2smth/checkpoints/track_a/ssl/videomaev2_t4native_encoder.state.pt
[videomae] 2026-05-24T10:49:18 epoch 486/500 step 0/610 loss 0.2611 lr 1.11e-06
[videomae] 2026-05-24T10:49:53 epoch 486/500 step 100/610 loss 0.2265 lr 1.08e-06
[videomae] 2026-05-24T10:50:29 epoch 486/500 step 200/610 loss 0.2341 lr 1.06e-06
[videomae] 2026-05-24T10:51:05 epoch 486/500 step 300/610 loss 0.2335 lr 1.04e-06
[videomae] 2026-05-24T10:51:41 epoch 486/500 step 400/610 loss 0.2431 lr 1.01e-06
[videomae] 2026-05-24T10:52:17 epoch 486/500 step 500/610 loss 0.2397 lr 9.89e-07
[videomae] 2026-05-24T10:52:52 epoch 486/500 step 600/610 loss 0.2372 lr 9.66e-07
[videomae] 2026-05-24T10:52:56 epoch 486/500 avg loss 0.2388
[videomae] 2026-05-24T10:52:56 wrote trunk checkpoint -> /Data/romain.poggi/smth2smth/checkpoints/track_a/ssl/videomaev2_t4native_encoder.pt (149 tensors, EMA)
[videomae] 2026-05-24T10:52:57 wrote resume state -> /Data/romain.poggi/smth2smth/checkpoints/track_a/ssl/videomaev2_t4native_encoder.state.pt
[videomae] 2026-05-24T10:52:59 epoch 487/500 step 0/610 loss 0.2131 lr 9.64e-07
[videomae] 2026-05-24T10:53:35 epoch 487/500 step 100/610 loss 0.2455 lr 9.41e-07
[videomae] 2026-05-24T10:54:11 epoch 487/500 step 200/610 loss 0.2425 lr 9.19e-07
[videomae] 2026-05-24T10:54:46 epoch 487/500 step 300/610 loss 0.2392 lr 8.97e-07
[videomae] 2026-05-24T10:55:22 epoch 487/500 step 400/610 loss 0.2431 lr 8.76e-07
[videomae] 2026-05-24T10:55:58 epoch 487/500 step 500/610 loss 0.2389 lr 8.54e-07
[videomae] 2026-05-24T10:56:34 epoch 487/500 step 600/610 loss 0.2304 lr 8.33e-07
[videomae] 2026-05-24T10:56:37 epoch 487/500 avg loss 0.2388
[videomae] 2026-05-24T10:56:37 wrote trunk checkpoint -> /Data/romain.poggi/smth2smth/checkpoints/track_a/ssl/videomaev2_t4native_encoder.pt (149 tensors, EMA)
[videomae] 2026-05-24T10:56:39 wrote resume state -> /Data/romain.poggi/smth2smth/checkpoints/track_a/ssl/videomaev2_t4native_encoder.state.pt
[videomae] 2026-05-24T10:56:40 epoch 488/500 step 0/610 loss 0.2348 lr 8.31e-07
[videomae] 2026-05-24T10:57:16 epoch 488/500 step 100/610 loss 0.2463 lr 8.10e-07
[videomae] 2026-05-24T10:57:52 epoch 488/500 step 200/610 loss 0.2191 lr 7.90e-07
[videomae] 2026-05-24T10:58:28 epoch 488/500 step 300/610 loss 0.2748 lr 7.69e-07
[videomae] 2026-05-24T10:59:04 epoch 488/500 step 400/610 loss 0.2344 lr 7.49e-07
[videomae] 2026-05-24T10:59:39 epoch 488/500 step 500/610 loss 0.2292 lr 7.30e-07
[videomae] 2026-05-24T11:00:15 epoch 488/500 step 600/610 loss 0.2741 lr 7.10e-07
[videomae] 2026-05-24T11:00:18 epoch 488/500 avg loss 0.2391
[videomae] 2026-05-24T11:00:19 wrote trunk checkpoint -> /Data/romain.poggi/smth2smth/checkpoints/track_a/ssl/videomaev2_t4native_encoder.pt (149 tensors, EMA)
[videomae] 2026-05-24T11:00:20 wrote resume state -> /Data/romain.poggi/smth2smth/checkpoints/track_a/ssl/videomaev2_t4native_encoder.state.pt
[videomae] 2026-05-24T11:00:22 epoch 489/500 step 0/610 loss 0.2236 lr 7.08e-07
[videomae] 2026-05-24T11:00:58 epoch 489/500 step 100/610 loss 0.2299 lr 6.89e-07
[videomae] 2026-05-24T11:01:33 epoch 489/500 step 200/610 loss 0.2341 lr 6.70e-07
[videomae] 2026-05-24T11:02:09 epoch 489/500 step 300/610 loss 0.2612 lr 6.51e-07
[videomae] 2026-05-24T11:02:45 epoch 489/500 step 400/610 loss 0.2413 lr 6.33e-07
[videomae] 2026-05-24T11:03:21 epoch 489/500 step 500/610 loss 0.2307 lr 6.15e-07
[videomae] 2026-05-24T11:03:57 epoch 489/500 step 600/610 loss 0.2334 lr 5.97e-07
[videomae] 2026-05-24T11:04:00 epoch 489/500 avg loss 0.2387
[videomae] 2026-05-24T11:04:00 wrote trunk checkpoint -> /Data/romain.poggi/smth2smth/checkpoints/track_a/ssl/videomaev2_t4native_encoder.pt (149 tensors, EMA)
[videomae] 2026-05-24T11:04:01 wrote resume state -> /Data/romain.poggi/smth2smth/checkpoints/track_a/ssl/videomaev2_t4native_encoder.state.pt
[videomae] 2026-05-24T11:04:03 epoch 490/500 step 0/610 loss 0.2640 lr 5.95e-07
[videomae] 2026-05-24T11:04:39 epoch 490/500 step 100/610 loss 0.2202 lr 5.78e-07
[videomae] 2026-05-24T11:05:15 epoch 490/500 step 200/610 loss 0.2468 lr 5.60e-07
[videomae] 2026-05-24T11:05:51 epoch 490/500 step 300/610 loss 0.2384 lr 5.43e-07
[videomae] 2026-05-24T11:06:27 epoch 490/500 step 400/610 loss 0.2403 lr 5.26e-07
[videomae] 2026-05-24T11:07:02 epoch 490/500 step 500/610 loss 0.2509 lr 5.10e-07
[videomae] 2026-05-24T11:07:38 epoch 490/500 step 600/610 loss 0.2338 lr 4.94e-07
[videomae] 2026-05-24T11:07:41 epoch 490/500 avg loss 0.2388
[videomae] 2026-05-24T11:07:42 wrote trunk checkpoint -> /Data/romain.poggi/smth2smth/checkpoints/track_a/ssl/videomaev2_t4native_encoder.pt (149 tensors, EMA)
[videomae] 2026-05-24T11:07:43 wrote resume state -> /Data/romain.poggi/smth2smth/checkpoints/track_a/ssl/videomaev2_t4native_encoder.state.pt
[videomae] 2026-05-24T11:07:45 epoch 491/500 step 0/610 loss 0.2413 lr 4.92e-07
[videomae] 2026-05-24T11:08:21 epoch 491/500 step 100/610 loss 0.2321 lr 4.76e-07
[videomae] 2026-05-24T11:08:57 epoch 491/500 step 200/610 loss 0.2187 lr 4.60e-07
[videomae] 2026-05-24T11:09:33 epoch 491/500 step 300/610 loss 0.2317 lr 4.45e-07
[videomae] 2026-05-24T11:10:08 epoch 491/500 step 400/610 loss 0.2494 lr 4.30e-07
[videomae] 2026-05-24T11:10:44 epoch 491/500 step 500/610 loss 0.2189 lr 4.15e-07
[videomae] 2026-05-24T11:11:20 epoch 491/500 step 600/610 loss 0.2284 lr 4.00e-07
[videomae] 2026-05-24T11:11:23 epoch 491/500 avg loss 0.2387
[videomae] 2026-05-24T11:11:23 wrote trunk checkpoint -> /Data/romain.poggi/smth2smth/checkpoints/track_a/ssl/videomaev2_t4native_encoder.pt (149 tensors, EMA)
[videomae] 2026-05-24T11:11:25 wrote resume state -> /Data/romain.poggi/smth2smth/checkpoints/track_a/ssl/videomaev2_t4native_encoder.state.pt
[videomae] 2026-05-24T11:11:27 epoch 492/500 step 0/610 loss 0.2395 lr 3.98e-07
[videomae] 2026-05-24T11:12:03 epoch 492/500 step 100/610 loss 0.2252 lr 3.84e-07
[videomae] 2026-05-24T11:12:39 epoch 492/500 step 200/610 loss 0.2276 lr 3.70e-07
[videomae] 2026-05-24T11:13:14 epoch 492/500 step 300/610 loss 0.2163 lr 3.56e-07
[videomae] 2026-05-24T11:13:50 epoch 492/500 step 400/610 loss 0.2377 lr 3.43e-07
[videomae] 2026-05-24T11:14:26 epoch 492/500 step 500/610 loss 0.2311 lr 3.29e-07
[videomae] 2026-05-24T11:15:02 epoch 492/500 step 600/610 loss 0.2403 lr 3.16e-07
[videomae] 2026-05-24T11:15:05 epoch 492/500 avg loss 0.2388
[videomae] 2026-05-24T11:15:05 wrote trunk checkpoint -> /Data/romain.poggi/smth2smth/checkpoints/track_a/ssl/videomaev2_t4native_encoder.pt (149 tensors, EMA)
[videomae] 2026-05-24T11:15:06 wrote resume state -> /Data/romain.poggi/smth2smth/checkpoints/track_a/ssl/videomaev2_t4native_encoder.state.pt
[videomae] 2026-05-24T11:15:09 epoch 493/500 step 0/610 loss 0.2456 lr 3.15e-07
[videomae] 2026-05-24T11:15:44 epoch 493/500 step 100/610 loss 0.2392 lr 3.02e-07
[videomae] 2026-05-24T11:16:20 epoch 493/500 step 200/610 loss 0.2234 lr 2.90e-07
[videomae] 2026-05-24T11:16:56 epoch 493/500 step 300/610 loss 0.2314 lr 2.77e-07
[videomae] 2026-05-24T11:17:32 epoch 493/500 step 400/610 loss 0.2367 lr 2.65e-07
[videomae] 2026-05-24T11:18:08 epoch 493/500 step 500/610 loss 0.2550 lr 2.54e-07
[videomae] 2026-05-24T11:18:43 epoch 493/500 step 600/610 loss 0.2317 lr 2.42e-07
[videomae] 2026-05-24T11:18:47 epoch 493/500 avg loss 0.2387
[videomae] 2026-05-24T11:18:47 wrote trunk checkpoint -> /Data/romain.poggi/smth2smth/checkpoints/track_a/ssl/videomaev2_t4native_encoder.pt (149 tensors, EMA)
[videomae] 2026-05-24T11:18:48 wrote resume state -> /Data/romain.poggi/smth2smth/checkpoints/track_a/ssl/videomaev2_t4native_encoder.state.pt
[videomae] 2026-05-24T11:18:50 epoch 494/500 step 0/610 loss 0.2536 lr 2.41e-07
[videomae] 2026-05-24T11:19:26 epoch 494/500 step 100/610 loss 0.2633 lr 2.30e-07
[videomae] 2026-05-24T11:20:02 epoch 494/500 step 200/610 loss 0.2382 lr 2.19e-07
[videomae] 2026-05-24T11:20:38 epoch 494/500 step 300/610 loss 0.2548 lr 2.08e-07
[videomae] 2026-05-24T11:21:13 epoch 494/500 step 400/610 loss 0.2316 lr 1.98e-07
[videomae] 2026-05-24T11:21:49 epoch 494/500 step 500/610 loss 0.2418 lr 1.88e-07
[videomae] 2026-05-24T11:22:25 epoch 494/500 step 600/610 loss 0.2590 lr 1.78e-07
[videomae] 2026-05-24T11:22:28 epoch 494/500 avg loss 0.2384
[videomae] 2026-05-24T11:22:29 wrote trunk checkpoint -> /Data/romain.poggi/smth2smth/checkpoints/track_a/ssl/videomaev2_t4native_encoder.pt (149 tensors, EMA)
[videomae] 2026-05-24T11:22:30 wrote resume state -> /Data/romain.poggi/smth2smth/checkpoints/track_a/ssl/videomaev2_t4native_encoder.state.pt
[videomae] 2026-05-24T11:22:32 epoch 495/500 step 0/610 loss 0.2458 lr 1.77e-07
[videomae] 2026-05-24T11:23:08 epoch 495/500 step 100/610 loss 0.2334 lr 1.68e-07
[videomae] 2026-05-24T11:23:44 epoch 495/500 step 200/610 loss 0.2233 lr 1.58e-07
[videomae] 2026-05-24T11:24:20 epoch 495/500 step 300/610 loss 0.2235 lr 1.49e-07
[videomae] 2026-05-24T11:24:55 epoch 495/500 step 400/610 loss 0.2668 lr 1.41e-07
[videomae] 2026-05-24T11:25:31 epoch 495/500 step 500/610 loss 0.2228 lr 1.32e-07
[videomae] 2026-05-24T11:26:07 epoch 495/500 step 600/610 loss 0.2730 lr 1.24e-07
[videomae] 2026-05-24T11:26:10 epoch 495/500 avg loss 0.2385
[videomae] 2026-05-24T11:26:10 wrote trunk checkpoint -> /Data/romain.poggi/smth2smth/checkpoints/track_a/ssl/videomaev2_t4native_encoder.pt (149 tensors, EMA)
[videomae] 2026-05-24T11:26:12 wrote resume state -> /Data/romain.poggi/smth2smth/checkpoints/track_a/ssl/videomaev2_t4native_encoder.state.pt
[videomae] 2026-05-24T11:26:14 epoch 496/500 step 0/610 loss 0.2187 lr 1.23e-07
[videomae] 2026-05-24T11:26:50 epoch 496/500 step 100/610 loss 0.2558 lr 1.15e-07
[videomae] 2026-05-24T11:27:25 epoch 496/500 step 200/610 loss 0.2504 lr 1.07e-07
[videomae] 2026-05-24T11:28:01 epoch 496/500 step 300/610 loss 0.2505 lr 1.00e-07
[videomae] 2026-05-24T11:28:37 epoch 496/500 step 400/610 loss 0.2234 lr 9.29e-08
[videomae] 2026-05-24T11:29:13 epoch 496/500 step 500/610 loss 0.2198 lr 8.60e-08
[videomae] 2026-05-24T11:29:49 epoch 496/500 step 600/610 loss 0.2323 lr 7.94e-08
[videomae] 2026-05-24T11:29:52 epoch 496/500 avg loss 0.2389
[videomae] 2026-05-24T11:29:52 wrote trunk checkpoint -> /Data/romain.poggi/smth2smth/checkpoints/track_a/ssl/videomaev2_t4native_encoder.pt (149 tensors, EMA)
[videomae] 2026-05-24T11:29:53 wrote resume state -> /Data/romain.poggi/smth2smth/checkpoints/track_a/ssl/videomaev2_t4native_encoder.state.pt
[videomae] 2026-05-24T11:29:55 epoch 497/500 step 0/610 loss 0.2243 lr 7.87e-08
[videomae] 2026-05-24T11:30:31 epoch 497/500 step 100/610 loss 0.2226 lr 7.24e-08
[videomae] 2026-05-24T11:31:07 epoch 497/500 step 200/610 loss 0.2500 lr 6.64e-08
[videomae] 2026-05-24T11:31:43 epoch 497/500 step 300/610 loss 0.2630 lr 6.06e-08
[videomae] 2026-05-24T11:32:19 epoch 497/500 step 400/610 loss 0.2370 lr 5.50e-08
[videomae] 2026-05-24T11:32:55 epoch 497/500 step 500/610 loss 0.2544 lr 4.98e-08
[videomae] 2026-05-24T11:33:30 epoch 497/500 step 600/610 loss 0.2368 lr 4.48e-08
[videomae] 2026-05-24T11:33:34 epoch 497/500 avg loss 0.2387
[videomae] 2026-05-24T11:33:34 wrote trunk checkpoint -> /Data/romain.poggi/smth2smth/checkpoints/track_a/ssl/videomaev2_t4native_encoder.pt (149 tensors, EMA)
[videomae] 2026-05-24T11:33:35 wrote resume state -> /Data/romain.poggi/smth2smth/checkpoints/track_a/ssl/videomaev2_t4native_encoder.state.pt
[videomae] 2026-05-24T11:33:37 epoch 498/500 step 0/610 loss 0.2287 lr 4.43e-08
[videomae] 2026-05-24T11:34:13 epoch 498/500 step 100/610 loss 0.2413 lr 3.96e-08
[videomae] 2026-05-24T11:34:49 epoch 498/500 step 200/610 loss 0.2649 lr 3.51e-08
[videomae] 2026-05-24T11:35:25 epoch 498/500 step 300/610 loss 0.2403 lr 3.10e-08
[videomae] 2026-05-24T11:36:01 epoch 498/500 step 400/610 loss 0.2247 lr 2.70e-08
[videomae] 2026-05-24T11:36:36 epoch 498/500 step 500/610 loss 0.2569 lr 2.34e-08
[videomae] 2026-05-24T11:37:12 epoch 498/500 step 600/610 loss 0.2655 lr 2.00e-08
[videomae] 2026-05-24T11:37:15 epoch 498/500 avg loss 0.2385
[videomae] 2026-05-24T11:37:16 wrote trunk checkpoint -> /Data/romain.poggi/smth2smth/checkpoints/track_a/ssl/videomaev2_t4native_encoder.pt (149 tensors, EMA)
[videomae] 2026-05-24T11:37:17 wrote resume state -> /Data/romain.poggi/smth2smth/checkpoints/track_a/ssl/videomaev2_t4native_encoder.state.pt
[videomae] 2026-05-24T11:37:19 epoch 499/500 step 0/610 loss 0.2379 lr 1.97e-08
[videomae] 2026-05-24T11:37:55 epoch 499/500 step 100/610 loss 0.2581 lr 1.66e-08
[videomae] 2026-05-24T11:38:31 epoch 499/500 step 200/610 loss 0.2548 lr 1.38e-08
[videomae] 2026-05-24T11:39:07 epoch 499/500 step 300/610 loss 0.2298 lr 1.12e-08
[videomae] 2026-05-24T11:39:43 epoch 499/500 step 400/610 loss 0.2335 lr 8.89e-09
[videomae] 2026-05-24T11:40:18 epoch 499/500 step 500/610 loss 0.2382 lr 6.86e-09
[videomae] 2026-05-24T11:40:54 epoch 499/500 step 600/610 loss 0.2498 lr 5.08e-09
[videomae] 2026-05-24T11:40:57 epoch 499/500 avg loss 0.2389
[videomae] 2026-05-24T11:40:58 wrote trunk checkpoint -> /Data/romain.poggi/smth2smth/checkpoints/track_a/ssl/videomaev2_t4native_encoder.pt (149 tensors, EMA)
[videomae] 2026-05-24T11:40:59 wrote resume state -> /Data/romain.poggi/smth2smth/checkpoints/track_a/ssl/videomaev2_t4native_encoder.state.pt
[videomae] 2026-05-24T11:41:01 epoch 500/500 step 0/610 loss 0.2368 lr 4.92e-09
[videomae] 2026-05-24T11:41:37 epoch 500/500 step 100/610 loss 0.2344 lr 3.44e-09
[videomae] 2026-05-24T11:42:13 epoch 500/500 step 200/610 loss 0.2208 lr 2.22e-09
[videomae] 2026-05-24T11:42:48 epoch 500/500 step 300/610 loss 0.2321 lr 1.27e-09
[videomae] 2026-05-24T11:43:24 epoch 500/500 step 400/610 loss 0.2339 lr 5.83e-10
[videomae] 2026-05-24T11:44:00 epoch 500/500 step 500/610 loss 0.2234 lr 1.60e-10
[videomae] 2026-05-24T11:44:36 epoch 500/500 step 600/610 loss 0.2530 lr 1.32e-12
[videomae] 2026-05-24T11:44:39 epoch 500/500 avg loss 0.2388
[videomae] 2026-05-24T11:44:39 wrote trunk checkpoint -> /Data/romain.poggi/smth2smth/checkpoints/track_a/ssl/videomaev2_t4native_encoder.pt (149 tensors, EMA)
[videomae] 2026-05-24T11:44:40 wrote trunk checkpoint -> /Data/romain.poggi/smth2smth/checkpoints/track_a/ssl/videomaev2_t4native_encoder_ep500.pt (149 tensors, EMA)
[videomae] 2026-05-24T11:44:41 wrote resume state -> /Data/romain.poggi/smth2smth/checkpoints/track_a/ssl/videomaev2_t4native_encoder.state.pt
wandb: updating run metadata
wandb: uploading output.log; uploading wandb-summary.json; uploading config.yaml
wandb: uploading output.log
wandb: 
wandb: Run history:
wandb:          train/epoch ▁▁▁▁▁▂▂▂▃▃▃▃▃▃▃▄▄▄▄▄▄▅▅▅▅▅▅▅▆▆▆▆▆▇▇▇████
wandb: train/epoch_avg_loss █▇▃▃▂▂▂▂▁▁▁▁▁▁▁▁▁▁▁▁▁▁▁▁▁▁▁▁▁▁▁▁▁▁▁▁▁▁▁▁
wandb:           train/loss █▄▅▄▃▃▃▂▂▂▂▂▂▂▂▂▂▂▁▁▂▂▂▂▁▂▂▁▁▁▂▁▁▂▁▁▁▁▁▁
wandb:             train/lr ▃▆███████▇▇▇▆▆▆▆▆▆▆▅▅▅▅▅▅▄▃▃▃▃▃▂▂▂▂▁▁▁▁▁
wandb: 
wandb: Run summary:
wandb:          train/epoch 500
wandb: train/epoch_avg_loss 0.2388
wandb:           train/loss 0.25305
wandb:             train/lr 0.0
wandb: 
wandb: 🚀 View run videomaev2_t4_native_500e_pretrain at: https://wandb.ai/romain-poggi-ecole-polytechnique/smth2smth-frame-ablation/runs/ssg4tiyo
wandb: ⭐️ View project at: https://wandb.ai/romain-poggi-ecole-polytechnique/smth2smth-frame-ablation
wandb: Synced 5 W&B file(s), 0 media file(s), 0 artifact file(s) and 0 other file(s)
wandb: Find logs at: ./wandb/run-20260523_045054-ssg4tiyo/logs
[cuda] cache emptied (videomae-pretrain-end). Free: 20.88 / 23.54 GiB
[videomaev2_t4native] 2026-05-24T11:44:44+02:00 Done.
