# run: arch2-perceiver-q16
# started: 2026-05-25T05:34:45+02:00
# track: a
# experiment_doc: experiments/diverse_classifier_heads_post_mae.md
# hydra: experiment=track_a_diverse_arch2_perceiver 
# pid_file: logs/track_a/arch2-perceiver-q16_20260525.pid
nohup: failed to run command 'uv': No such file or directory
# relaunch: 2026-05-25T05:35:01+02:00 (full path to uv)
model:
  name: video_mae_vit
  variant: vit_b
  num_classes: ${num_classes}
  tube_t: 1
  patch_size: 16
  mlp_ratio: 4.0
  drop_path_rate: 0.2
  dropout: 0.0
  head: perceiver
  head_num_heads: 12
  head_queries: 16
  head_mlp_ratio: 4.0
  temporal_mode: none
  temporal_layers: 0
  aim_bottleneck: 64
  init_from: checkpoints/track_a/ssl/videomaev2_t4native_encoder_ep500.pt
  interpolate_pos_embed: false
  interpolate_src_image_size: 224
  interpolate_src_num_frames: ${dataset.num_frames}
  gradient_checkpointing: true
  freeze_backbone: false
  residual_variant: prenorm
  hc_n: 4
  hc_sk_iters: 3
  hc_sk_tau: 1.0
dataset:
  root: ${hydra:runtime.cwd}/data
  train_dir: ${dataset.root}/train
  val_dir: ${dataset.root}/val
  test_dir: ${dataset.root}/test
  augmented_dirs: []
  test_manifest: null
  submission_output: ${hydra:runtime.cwd}/submissions/track_a.csv
  num_frames: 4
  val_ratio: 0.2
  use_official_val: true
  include_val_in_train: false
  official_val_holdout_ratio: 0.0
  seed: ${seed}
  use_extra: false
  train_extra_dir: ${dataset.root}/train_extra
  max_samples: null
  max_samples_per_class: null
  image_size: 224
  time_reversal_prob: 0.0
  temporal_reversal_augment:
    enabled: false
    prob: 0.5
  class_boosting:
    enabled: false
training:
  optimizer: adamw
  lr: 0.0005
  weight_decay: 0.05
  layer_decay: 0.75
  epochs: 50
  warmup_epochs: 5
  scheduler: cosine
  scheduler_cosine: true
  min_lr: 1.0e-06
  label_smoothing: 0.1
  videomix_mode: mixup_cutmix_switch
  videomix_mixup_alpha: 0.8
  videomix_cutmix_alpha: 1.0
  videomix_prob: 1.0
  videomix_switch_prob: 0.5
  repeated_aug: 2
  amp: true
  amp_dtype: bf16
  ema_enabled: true
  ema_decay: 0.9999
  early_stopping_enabled: true
  early_stopping_patience: 15
  early_stopping_min_delta: 0.001
  num_workers: 4
  log_interval_steps: 25
  batch_size: 8
  grad_accum_steps: 8
  resume_from: null
  save_last_checkpoint: true
  device: cuda
  wandb:
    enabled: true
    mode: online
    project: smth2smth-diverse-heads
    name: arch2-perceiver-q16
    tags:
    - track_a
    - diverse_heads
    - arch2_perceiver
    log_interval_epochs: 1
    log_interval_steps: 25
  checkpoint_path: checkpoints/track_a/videomaev2+ft/arch2-perceiver-q16.pt
  tta: true
  tta_flip: false
  tta_scales: null
augment:
  name: official_videomae_ssv2
  random_horizontal_flip: false
  random_horizontal_flip_prob: 0.0
  random_crop: false
  multiscale_crop: true
  multiscale_scale:
  - 0.08
  - 1.0
  multiscale_aspect:
  - 0.75
  - 1.3333
  color_jitter: false
  sync_across_frames: true
  randaugment:
    enabled: true
    'n': 4
    m: 7.0
    mode: spatial
    magnitude_max: 30.0
    ops: null
  random_erase:
    enabled: true
    prob: 0.25
    mode: pixel
    count: 1
pretrain:
  epochs: 100
  batch_size: 64
  lr: 0.0005
  weight_decay: 0.04
  log_interval_steps: 50
  checkpoint_path: ${hydra:runtime.cwd}/ssl_trunk.pt
  max_frames: null
  image_size: 224
  local_image_size: 96
  num_local_views: 6
  out_dim: 4096
  hidden_dim: 2048
  bottleneck_dim: 256
  n_layers: 3
  teacher_temp: 0.04
  student_temp: 0.1
  center_momentum: 0.9
  teacher_momentum_base: 0.996
  teacher_momentum_final: 1.0
test:
  num_segment: 2
  num_crop: 3
  flip_tta: false
track:
  name: a
  description: 'Closed-world track: train from scratch.'
seed: 42
num_classes: 33

[cuda] cache emptied (run-start). Free: 23.15 / 23.54 GiB
Error executing job with overrides: ['experiment=track_a_diverse_arch2_perceiver', 'model.init_from=checkpoints/track_a/ssl/videomaev2_t4native_encoder_ep500.pt', 'training.checkpoint_path=checkpoints/track_a/videomaev2+ft/arch2-perceiver-q16.pt', 'training.wandb.name=arch2-perceiver-q16', 'training.wandb.project=smth2smth-diverse-heads']
Traceback (most recent call last):
  File "/Data/romain.poggi/smth2smth/src/smth2smth/pipelines/train.py", line 1506, in main
    run(cfg)
  File "/Data/romain.poggi/smth2smth/src/smth2smth/pipelines/train.py", line 515, in run
    all_samples = collect_video_samples(train_dir)
                  ^^^^^^^^^^^^^^^^^^^^^^^^^^^^^^^^
  File "/Data/romain.poggi/smth2smth/src/smth2smth/shared/data/video_dataset.py", line 110, in collect_video_samples
    raise FileNotFoundError(f"Dataset root not found: {root_dir}")
FileNotFoundError: Dataset root not found: /Data/romain.poggi/smth2smth/data/train

Set the environment variable HYDRA_FULL_ERROR=1 for a complete stack trace.
# relaunch after data symlink: 2026-05-25T05:35:36+02:00
model:
  name: video_mae_vit
  variant: vit_b
  num_classes: ${num_classes}
  tube_t: 1
  patch_size: 16
  mlp_ratio: 4.0
  drop_path_rate: 0.2
  dropout: 0.0
  head: perceiver
  head_num_heads: 12
  head_queries: 16
  head_mlp_ratio: 4.0
  temporal_mode: none
  temporal_layers: 0
  aim_bottleneck: 64
  init_from: checkpoints/track_a/ssl/videomaev2_t4native_encoder_ep500.pt
  interpolate_pos_embed: false
  interpolate_src_image_size: 224
  interpolate_src_num_frames: ${dataset.num_frames}
  gradient_checkpointing: true
  freeze_backbone: false
  residual_variant: prenorm
  hc_n: 4
  hc_sk_iters: 3
  hc_sk_tau: 1.0
dataset:
  root: ${hydra:runtime.cwd}/data
  train_dir: ${dataset.root}/train
  val_dir: ${dataset.root}/val
  test_dir: ${dataset.root}/test
  augmented_dirs: []
  test_manifest: null
  submission_output: ${hydra:runtime.cwd}/submissions/track_a.csv
  num_frames: 4
  val_ratio: 0.2
  use_official_val: true
  include_val_in_train: false
  official_val_holdout_ratio: 0.0
  seed: ${seed}
  use_extra: false
  train_extra_dir: ${dataset.root}/train_extra
  max_samples: null
  max_samples_per_class: null
  image_size: 224
  time_reversal_prob: 0.0
  temporal_reversal_augment:
    enabled: false
    prob: 0.5
  class_boosting:
    enabled: false
training:
  optimizer: adamw
  lr: 0.0005
  weight_decay: 0.05
  layer_decay: 0.75
  epochs: 50
  warmup_epochs: 5
  scheduler: cosine
  scheduler_cosine: true
  min_lr: 1.0e-06
  label_smoothing: 0.1
  videomix_mode: mixup_cutmix_switch
  videomix_mixup_alpha: 0.8
  videomix_cutmix_alpha: 1.0
  videomix_prob: 1.0
  videomix_switch_prob: 0.5
  repeated_aug: 2
  amp: true
  amp_dtype: bf16
  ema_enabled: true
  ema_decay: 0.9999
  early_stopping_enabled: true
  early_stopping_patience: 15
  early_stopping_min_delta: 0.001
  num_workers: 4
  log_interval_steps: 25
  batch_size: 8
  grad_accum_steps: 8
  resume_from: null
  save_last_checkpoint: true
  device: cuda
  wandb:
    enabled: true
    mode: online
    project: smth2smth-diverse-heads
    name: arch2-perceiver-q16
    tags:
    - track_a
    - diverse_heads
    - arch2_perceiver
    log_interval_epochs: 1
    log_interval_steps: 25
  checkpoint_path: checkpoints/track_a/videomaev2+ft/arch2-perceiver-q16.pt
  tta: true
  tta_flip: false
  tta_scales: null
augment:
  name: official_videomae_ssv2
  random_horizontal_flip: false
  random_horizontal_flip_prob: 0.0
  random_crop: false
  multiscale_crop: true
  multiscale_scale:
  - 0.08
  - 1.0
  multiscale_aspect:
  - 0.75
  - 1.3333
  color_jitter: false
  sync_across_frames: true
  randaugment:
    enabled: true
    'n': 4
    m: 7.0
    mode: spatial
    magnitude_max: 30.0
    ops: null
  random_erase:
    enabled: true
    prob: 0.25
    mode: pixel
    count: 1
pretrain:
  epochs: 100
  batch_size: 64
  lr: 0.0005
  weight_decay: 0.04
  log_interval_steps: 50
  checkpoint_path: ${hydra:runtime.cwd}/ssl_trunk.pt
  max_frames: null
  image_size: 224
  local_image_size: 96
  num_local_views: 6
  out_dim: 4096
  hidden_dim: 2048
  bottleneck_dim: 256
  n_layers: 3
  teacher_temp: 0.04
  student_temp: 0.1
  center_momentum: 0.9
  teacher_momentum_base: 0.996
  teacher_momentum_final: 1.0
test:
  num_segment: 2
  num_crop: 3
  flip_tta: false
track:
  name: a
  description: 'Closed-world track: train from scratch.'
seed: 42
num_classes: 33

[cuda] cache emptied (run-start). Free: 23.15 / 23.54 GiB
[data] use_official_val=true: train=44993 (train_dir=44993), val=6745 (from /Data/thomas.turkieh/smth2smth/data/val)
[data] repeated_aug=2: each clip drawn up to 2x per epoch with independent augmentations.
[init_from] loaded 149 encoder tensors from /Data/romain.poggi/smth2smth/checkpoints/track_a/ssl/videomaev2_t4native_encoder_ep500.pt. encoder-missing=0, unexpected=0
[diverse-arch] pool_head: num_queries=16, init query pairwise cosine=0.0316 (>0.7 later ⇒ query collapse).
[optim] LLRD: layer_decay=0.75, depth=12, 28 param groups.
[optim] trainable 93,377,313 / total 93,377,313 params (100.00%)
[amp] mixed-precision (torch.bfloat16 + GradScaler) enabled.
[train] grad_accum_steps=8 (effective batch scales up).
[ema] enabled (decay=0.9999); will eval both live and EMA each epoch.
wandb: [wandb.login()] Loaded credentials for https://api.wandb.ai from WANDB_API_KEY.
wandb: Currently logged in as: romain-poggi (romain-poggi-ecole-polytechnique) to https://api.wandb.ai. Use `wandb login --relogin` to force relogin
wandb: setting up run oeeh6nvk
wandb: Tracking run with wandb version 0.27.0
wandb: Run data is saved locally in /Data/romain.poggi/smth2smth/wandb/run-20260525_053541-oeeh6nvk
wandb: Run `wandb offline` to turn off syncing.
wandb: Syncing run arch2-perceiver-q16
wandb: ⭐️ View project at https://wandb.ai/romain-poggi-ecole-polytechnique/smth2smth-diverse-heads
wandb: 🚀 View run at https://wandb.ai/romain-poggi-ecole-polytechnique/smth2smth-diverse-heads/runs/oeeh6nvk
[wandb] run started: https://wandb.ai/romain-poggi-ecole-polytechnique/smth2smth-diverse-heads/runs/oeeh6nvk
    [05:35:46] step 25/5625 | avg train loss 3.4615 top1 0.0400 top5 0.1900
    [05:35:50] step 50/5625 | avg train loss 3.4270 top1 0.0700 top5 0.2350
    [05:35:53] step 75/5625 | avg train loss 3.4571 top1 0.0533 top5 0.2383
    [05:35:56] step 100/5625 | avg train loss 3.4312 top1 0.0475 top5 0.2487
    [05:36:00] step 125/5625 | avg train loss 3.4390 top1 0.0480 top5 0.2520
    [05:36:03] step 150/5625 | avg train loss 3.4589 top1 0.0433 top5 0.2392
    [05:36:06] step 175/5625 | avg train loss 3.4457 top1 0.0450 top5 0.2350
    [05:36:10] step 200/5625 | avg train loss 3.4346 top1 0.0481 top5 0.2444
    [05:36:13] step 225/5625 | avg train loss 3.4282 top1 0.0472 top5 0.2439
    [05:36:16] step 250/5625 | avg train loss 3.4249 top1 0.0480 top5 0.2450
    [05:36:20] step 275/5625 | avg train loss 3.4155 top1 0.0477 top5 0.2495
    [05:36:23] step 300/5625 | avg train loss 3.4167 top1 0.0475 top5 0.2479
    [05:36:27] step 325/5625 | avg train loss 3.4112 top1 0.0454 top5 0.2500
    [05:36:30] step 350/5625 | avg train loss 3.4105 top1 0.0471 top5 0.2482
    [05:36:33] step 375/5625 | avg train loss 3.4107 top1 0.0467 top5 0.2493
    [05:36:37] step 400/5625 | avg train loss 3.4085 top1 0.0478 top5 0.2469
    [05:36:40] step 425/5625 | avg train loss 3.4088 top1 0.0482 top5 0.2453
    [05:36:44] step 450/5625 | avg train loss 3.4079 top1 0.0483 top5 0.2467
    [05:36:47] step 475/5625 | avg train loss 3.4035 top1 0.0482 top5 0.2474
    [05:36:51] step 500/5625 | avg train loss 3.4083 top1 0.0462 top5 0.2430
    [05:36:54] step 525/5625 | avg train loss 3.4054 top1 0.0474 top5 0.2448
    [05:36:58] step 550/5625 | avg train loss 3.4018 top1 0.0468 top5 0.2455
    [05:37:01] step 575/5625 | avg train loss 3.4024 top1 0.0470 top5 0.2467
    [05:37:04] step 600/5625 | avg train loss 3.4015 top1 0.0475 top5 0.2473
    [05:37:08] step 625/5625 | avg train loss 3.3999 top1 0.0498 top5 0.2492
    [05:37:11] step 650/5625 | avg train loss 3.3990 top1 0.0490 top5 0.2502
    [05:37:15] step 675/5625 | avg train loss 3.3972 top1 0.0506 top5 0.2524
    [05:37:18] step 700/5625 | avg train loss 3.3938 top1 0.0516 top5 0.2552
    [05:37:22] step 725/5625 | avg train loss 3.3957 top1 0.0512 top5 0.2562
    [05:37:25] step 750/5625 | avg train loss 3.3947 top1 0.0505 top5 0.2565
    [05:37:28] step 775/5625 | avg train loss 3.3936 top1 0.0511 top5 0.2569
    [05:37:32] step 800/5625 | avg train loss 3.3917 top1 0.0505 top5 0.2589
    [05:37:35] step 825/5625 | avg train loss 3.3924 top1 0.0498 top5 0.2583
    [05:37:39] step 850/5625 | avg train loss 3.3932 top1 0.0499 top5 0.2572
    [05:37:42] step 875/5625 | avg train loss 3.3926 top1 0.0494 top5 0.2573
    [05:37:46] step 900/5625 | avg train loss 3.3932 top1 0.0496 top5 0.2575
    [05:37:49] step 925/5625 | avg train loss 3.3912 top1 0.0501 top5 0.2588
    [05:37:53] step 950/5625 | avg train loss 3.3892 top1 0.0503 top5 0.2599
    [05:37:56] step 975/5625 | avg train loss 3.3880 top1 0.0509 top5 0.2599
    [05:38:00] step 1000/5625 | avg train loss 3.3861 top1 0.0517 top5 0.2620
    [05:38:03] step 1025/5625 | avg train loss 3.3870 top1 0.0513 top5 0.2616
    [05:38:06] step 1050/5625 | avg train loss 3.3860 top1 0.0515 top5 0.2617
    [05:38:10] step 1075/5625 | avg train loss 3.3848 top1 0.0513 top5 0.2616
    [05:38:13] step 1100/5625 | avg train loss 3.3844 top1 0.0515 top5 0.2620
    [05:38:17] step 1125/5625 | avg train loss 3.3844 top1 0.0516 top5 0.2624
    [05:38:20] step 1150/5625 | avg train loss 3.3870 top1 0.0509 top5 0.2613
    [05:38:24] step 1175/5625 | avg train loss 3.3857 top1 0.0517 top5 0.2620
    [05:38:27] step 1200/5625 | avg train loss 3.3853 top1 0.0514 top5 0.2628
    [05:38:31] step 1225/5625 | avg train loss 3.3833 top1 0.0512 top5 0.2641
    [05:38:34] step 1250/5625 | avg train loss 3.3836 top1 0.0511 top5 0.2628
    [05:38:38] step 1275/5625 | avg train loss 3.3839 top1 0.0510 top5 0.2626
    [05:38:41] step 1300/5625 | avg train loss 3.3828 top1 0.0510 top5 0.2634
    [05:38:44] step 1325/5625 | avg train loss 3.3821 top1 0.0510 top5 0.2634
    [05:38:48] step 1350/5625 | avg train loss 3.3819 top1 0.0518 top5 0.2644
    [05:38:51] step 1375/5625 | avg train loss 3.3805 top1 0.0515 top5 0.2661
    [05:38:55] step 1400/5625 | avg train loss 3.3794 top1 0.0519 top5 0.2673
    [05:38:58] step 1425/5625 | avg train loss 3.3809 top1 0.0518 top5 0.2667
    [05:39:02] step 1450/5625 | avg train loss 3.3811 top1 0.0518 top5 0.2658
    [05:39:05] step 1475/5625 | avg train loss 3.3800 top1 0.0519 top5 0.2658
    [05:39:09] step 1500/5625 | avg train loss 3.3791 top1 0.0517 top5 0.2657
    [05:39:12] step 1525/5625 | avg train loss 3.3768 top1 0.0525 top5 0.2672
    [05:39:16] step 1550/5625 | avg train loss 3.3749 top1 0.0531 top5 0.2685
    [05:39:19] step 1575/5625 | avg train loss 3.3746 top1 0.0530 top5 0.2688
    [05:39:22] step 1600/5625 | avg train loss 3.3760 top1 0.0534 top5 0.2685
    [05:39:26] step 1625/5625 | avg train loss 3.3745 top1 0.0535 top5 0.2693
    [05:39:29] step 1650/5625 | avg train loss 3.3736 top1 0.0538 top5 0.2702
    [05:39:33] step 1675/5625 | avg train loss 3.3712 top1 0.0542 top5 0.2722
    [05:39:36] step 1700/5625 | avg train loss 3.3704 top1 0.0544 top5 0.2729
    [05:39:40] step 1725/5625 | avg train loss 3.3699 top1 0.0551 top5 0.2737
    [05:39:43] step 1750/5625 | avg train loss 3.3705 top1 0.0554 top5 0.2731
    [05:39:47] step 1775/5625 | avg train loss 3.3708 top1 0.0554 top5 0.2724
    [05:39:50] step 1800/5625 | avg train loss 3.3685 top1 0.0559 top5 0.2736
    [05:39:54] step 1825/5625 | avg train loss 3.3682 top1 0.0562 top5 0.2736
    [05:39:57] step 1850/5625 | avg train loss 3.3668 top1 0.0567 top5 0.2749
    [05:40:01] step 1875/5625 | avg train loss 3.3672 top1 0.0566 top5 0.2746
    [05:40:04] step 1900/5625 | avg train loss 3.3676 top1 0.0566 top5 0.2746
    [05:40:07] step 1925/5625 | avg train loss 3.3673 top1 0.0569 top5 0.2744
    [05:40:11] step 1950/5625 | avg train loss 3.3657 top1 0.0575 top5 0.2752
    [05:40:14] step 1975/5625 | avg train loss 3.3654 top1 0.0574 top5 0.2757
    [05:40:18] step 2000/5625 | avg train loss 3.3641 top1 0.0578 top5 0.2764
    [05:40:21] step 2025/5625 | avg train loss 3.3635 top1 0.0583 top5 0.2767
    [05:40:25] step 2050/5625 | avg train loss 3.3635 top1 0.0585 top5 0.2771
    [05:40:28] step 2075/5625 | avg train loss 3.3637 top1 0.0587 top5 0.2766
    [05:40:32] step 2100/5625 | avg train loss 3.3616 top1 0.0592 top5 0.2776
    [05:40:35] step 2125/5625 | avg train loss 3.3622 top1 0.0594 top5 0.2774
    [05:40:38] step 2150/5625 | avg train loss 3.3610 top1 0.0599 top5 0.2784
    [05:40:42] step 2175/5625 | avg train loss 3.3607 top1 0.0599 top5 0.2789
    [05:40:45] step 2200/5625 | avg train loss 3.3603 top1 0.0598 top5 0.2791
    [05:40:49] step 2225/5625 | avg train loss 3.3598 top1 0.0598 top5 0.2791
    [05:40:52] step 2250/5625 | avg train loss 3.3590 top1 0.0598 top5 0.2792
    [05:40:56] step 2275/5625 | avg train loss 3.3583 top1 0.0601 top5 0.2791
    [05:40:59] step 2300/5625 | avg train loss 3.3571 top1 0.0604 top5 0.2797
    [05:41:03] step 2325/5625 | avg train loss 3.3554 top1 0.0606 top5 0.2804
    [05:41:06] step 2350/5625 | avg train loss 3.3539 top1 0.0611 top5 0.2815
    [05:41:10] step 2375/5625 | avg train loss 3.3532 top1 0.0617 top5 0.2819
    [05:41:13] step 2400/5625 | avg train loss 3.3531 top1 0.0618 top5 0.2819
    [05:41:16] step 2425/5625 | avg train loss 3.3530 top1 0.0620 top5 0.2818
    [05:41:20] step 2450/5625 | avg train loss 3.3519 top1 0.0624 top5 0.2823
    [05:41:23] step 2475/5625 | avg train loss 3.3515 top1 0.0622 top5 0.2819
    [05:41:27] step 2500/5625 | avg train loss 3.3497 top1 0.0627 top5 0.2829
    [05:41:30] step 2525/5625 | avg train loss 3.3495 top1 0.0629 top5 0.2824
    [05:41:34] step 2550/5625 | avg train loss 3.3485 top1 0.0630 top5 0.2830
    [05:41:37] step 2575/5625 | avg train loss 3.3475 top1 0.0633 top5 0.2838
    [05:41:41] step 2600/5625 | avg train loss 3.3470 top1 0.0633 top5 0.2840
    [05:41:44] step 2625/5625 | avg train loss 3.3461 top1 0.0631 top5 0.2846
    [05:41:48] step 2650/5625 | avg train loss 3.3452 top1 0.0634 top5 0.2848
    [05:41:51] step 2675/5625 | avg train loss 3.3447 top1 0.0636 top5 0.2848
    [05:41:55] step 2700/5625 | avg train loss 3.3433 top1 0.0643 top5 0.2860
    [05:41:58] step 2725/5625 | avg train loss 3.3428 top1 0.0646 top5 0.2864
    [05:42:01] step 2750/5625 | avg train loss 3.3420 top1 0.0653 top5 0.2869
    [05:42:05] step 2775/5625 | avg train loss 3.3408 top1 0.0659 top5 0.2873
    [05:42:08] step 2800/5625 | avg train loss 3.3389 top1 0.0667 top5 0.2888
    [05:42:12] step 2825/5625 | avg train loss 3.3377 top1 0.0667 top5 0.2891
    [05:42:15] step 2850/5625 | avg train loss 3.3376 top1 0.0668 top5 0.2894
    [05:42:19] step 2875/5625 | avg train loss 3.3363 top1 0.0672 top5 0.2897
    [05:42:22] step 2900/5625 | avg train loss 3.3354 top1 0.0675 top5 0.2901
    [05:42:26] step 2925/5625 | avg train loss 3.3339 top1 0.0682 top5 0.2907
    [05:42:29] step 2950/5625 | avg train loss 3.3328 top1 0.0686 top5 0.2912
    [05:42:32] step 2975/5625 | avg train loss 3.3321 top1 0.0690 top5 0.2916
    [05:42:36] step 3000/5625 | avg train loss 3.3313 top1 0.0690 top5 0.2918
    [05:42:39] step 3025/5625 | avg train loss 3.3302 top1 0.0691 top5 0.2924
    [05:42:43] step 3050/5625 | avg train loss 3.3294 top1 0.0692 top5 0.2928
    [05:42:46] step 3075/5625 | avg train loss 3.3282 top1 0.0695 top5 0.2928
    [05:42:50] step 3100/5625 | avg train loss 3.3273 top1 0.0698 top5 0.2927
    [05:42:53] step 3125/5625 | avg train loss 3.3254 top1 0.0702 top5 0.2931
    [05:42:57] step 3150/5625 | avg train loss 3.3250 top1 0.0703 top5 0.2934
    [05:43:00] step 3175/5625 | avg train loss 3.3244 top1 0.0704 top5 0.2937
    [05:43:04] step 3200/5625 | avg train loss 3.3228 top1 0.0709 top5 0.2942
    [05:43:07] step 3225/5625 | avg train loss 3.3215 top1 0.0714 top5 0.2945
    [05:43:10] step 3250/5625 | avg train loss 3.3210 top1 0.0713 top5 0.2944
    [05:43:14] step 3275/5625 | avg train loss 3.3199 top1 0.0716 top5 0.2946
    [05:43:17] step 3300/5625 | avg train loss 3.3186 top1 0.0717 top5 0.2951
    [05:43:21] step 3325/5625 | avg train loss 3.3181 top1 0.0717 top5 0.2952
    [05:43:24] step 3350/5625 | avg train loss 3.3169 top1 0.0722 top5 0.2963
    [05:43:28] step 3375/5625 | avg train loss 3.3156 top1 0.0729 top5 0.2967
    [05:43:31] step 3400/5625 | avg train loss 3.3148 top1 0.0729 top5 0.2970
    [05:43:35] step 3425/5625 | avg train loss 3.3132 top1 0.0734 top5 0.2974
    [05:43:38] step 3450/5625 | avg train loss 3.3124 top1 0.0735 top5 0.2977
    [05:43:42] step 3475/5625 | avg train loss 3.3112 top1 0.0742 top5 0.2978
    [05:43:45] step 3500/5625 | avg train loss 3.3111 top1 0.0741 top5 0.2981
    [05:43:48] step 3525/5625 | avg train loss 3.3100 top1 0.0746 top5 0.2984
    [05:43:52] step 3550/5625 | avg train loss 3.3088 top1 0.0751 top5 0.2993
    [05:43:55] step 3575/5625 | avg train loss 3.3075 top1 0.0753 top5 0.2997
    [05:43:59] step 3600/5625 | avg train loss 3.3067 top1 0.0756 top5 0.2998
    [05:44:02] step 3625/5625 | avg train loss 3.3049 top1 0.0760 top5 0.3006
    [05:44:06] step 3650/5625 | avg train loss 3.3043 top1 0.0763 top5 0.3007
    [05:44:09] step 3675/5625 | avg train loss 3.3033 top1 0.0767 top5 0.3012
    [05:44:13] step 3700/5625 | avg train loss 3.3033 top1 0.0768 top5 0.3010
    [05:44:16] step 3725/5625 | avg train loss 3.3030 top1 0.0765 top5 0.3011
    [05:44:19] step 3750/5625 | avg train loss 3.3018 top1 0.0770 top5 0.3019
    [05:44:23] step 3775/5625 | avg train loss 3.3010 top1 0.0770 top5 0.3022
    [05:44:26] step 3800/5625 | avg train loss 3.2991 top1 0.0773 top5 0.3029
    [05:44:30] step 3825/5625 | avg train loss 3.2984 top1 0.0774 top5 0.3030
    [05:44:33] step 3850/5625 | avg train loss 3.2975 top1 0.0774 top5 0.3030
    [05:44:37] step 3875/5625 | avg train loss 3.2965 top1 0.0776 top5 0.3034
    [05:44:40] step 3900/5625 | avg train loss 3.2948 top1 0.0780 top5 0.3040
    [05:44:44] step 3925/5625 | avg train loss 3.2944 top1 0.0781 top5 0.3040
    [05:44:47] step 3950/5625 | avg train loss 3.2929 top1 0.0784 top5 0.3048
    [05:44:51] step 3975/5625 | avg train loss 3.2917 top1 0.0788 top5 0.3054
    [05:44:54] step 4000/5625 | avg train loss 3.2915 top1 0.0789 top5 0.3052
    [05:44:58] step 4025/5625 | avg train loss 3.2907 top1 0.0791 top5 0.3053
    [05:45:01] step 4050/5625 | avg train loss 3.2904 top1 0.0792 top5 0.3053
    [05:45:04] step 4075/5625 | avg train loss 3.2896 top1 0.0797 top5 0.3062
    [05:45:08] step 4100/5625 | avg train loss 3.2891 top1 0.0799 top5 0.3064
    [05:45:11] step 4125/5625 | avg train loss 3.2880 top1 0.0802 top5 0.3068
    [05:45:15] step 4150/5625 | avg train loss 3.2864 top1 0.0805 top5 0.3074
    [05:45:18] step 4175/5625 | avg train loss 3.2850 top1 0.0807 top5 0.3075
    [05:45:22] step 4200/5625 | avg train loss 3.2839 top1 0.0811 top5 0.3077
    [05:45:25] step 4225/5625 | avg train loss 3.2826 top1 0.0817 top5 0.3084
    [05:45:29] step 4250/5625 | avg train loss 3.2813 top1 0.0820 top5 0.3089
    [05:45:32] step 4275/5625 | avg train loss 3.2801 top1 0.0823 top5 0.3094
    [05:45:35] step 4300/5625 | avg train loss 3.2795 top1 0.0823 top5 0.3097
    [05:45:39] step 4325/5625 | avg train loss 3.2787 top1 0.0824 top5 0.3101
    [05:45:43] step 4350/5625 | avg train loss 3.2771 top1 0.0828 top5 0.3106
    [05:45:46] step 4375/5625 | avg train loss 3.2769 top1 0.0828 top5 0.3109
    [05:45:49] step 4400/5625 | avg train loss 3.2758 top1 0.0830 top5 0.3113
    [05:45:53] step 4425/5625 | avg train loss 3.2752 top1 0.0832 top5 0.3113
    [05:45:56] step 4450/5625 | avg train loss 3.2753 top1 0.0833 top5 0.3113
    [05:46:00] step 4475/5625 | avg train loss 3.2748 top1 0.0834 top5 0.3116
    [05:46:03] step 4500/5625 | avg train loss 3.2734 top1 0.0837 top5 0.3121
    [05:46:07] step 4525/5625 | avg train loss 3.2726 top1 0.0837 top5 0.3125
    [05:46:10] step 4550/5625 | avg train loss 3.2720 top1 0.0838 top5 0.3127
    [05:46:14] step 4575/5625 | avg train loss 3.2713 top1 0.0839 top5 0.3129
    [05:46:17] step 4600/5625 | avg train loss 3.2701 top1 0.0843 top5 0.3138
    [05:46:20] step 4625/5625 | avg train loss 3.2693 top1 0.0844 top5 0.3142
    [05:46:24] step 4650/5625 | avg train loss 3.2679 top1 0.0849 top5 0.3147
    [05:46:27] step 4675/5625 | avg train loss 3.2670 top1 0.0852 top5 0.3150
    [05:46:31] step 4700/5625 | avg train loss 3.2657 top1 0.0855 top5 0.3152
    [05:46:34] step 4725/5625 | avg train loss 3.2651 top1 0.0858 top5 0.3155
    [05:46:38] step 4750/5625 | avg train loss 3.2640 top1 0.0858 top5 0.3159
    [05:46:41] step 4775/5625 | avg train loss 3.2632 top1 0.0860 top5 0.3162
    [05:46:45] step 4800/5625 | avg train loss 3.2627 top1 0.0861 top5 0.3162
    [05:46:48] step 4825/5625 | avg train loss 3.2615 top1 0.0864 top5 0.3164
    [05:46:52] step 4850/5625 | avg train loss 3.2605 top1 0.0868 top5 0.3170
    [05:46:55] step 4875/5625 | avg train loss 3.2583 top1 0.0873 top5 0.3179
    [05:46:58] step 4900/5625 | avg train loss 3.2582 top1 0.0874 top5 0.3179
    [05:47:02] step 4925/5625 | avg train loss 3.2573 top1 0.0876 top5 0.3183
    [05:47:05] step 4950/5625 | avg train loss 3.2561 top1 0.0878 top5 0.3187
    [05:47:09] step 4975/5625 | avg train loss 3.2556 top1 0.0880 top5 0.3189
    [05:47:12] step 5000/5625 | avg train loss 3.2540 top1 0.0886 top5 0.3196
    [05:47:16] step 5025/5625 | avg train loss 3.2526 top1 0.0889 top5 0.3199
    [05:47:19] step 5050/5625 | avg train loss 3.2520 top1 0.0890 top5 0.3201
    [05:47:23] step 5075/5625 | avg train loss 3.2508 top1 0.0893 top5 0.3204
    [05:47:26] step 5100/5625 | avg train loss 3.2501 top1 0.0896 top5 0.3211
    [05:47:29] step 5125/5625 | avg train loss 3.2491 top1 0.0900 top5 0.3214
    [05:47:33] step 5150/5625 | avg train loss 3.2484 top1 0.0901 top5 0.3218
    [05:47:36] step 5175/5625 | avg train loss 3.2483 top1 0.0902 top5 0.3216
    [05:47:40] step 5200/5625 | avg train loss 3.2474 top1 0.0904 top5 0.3221
    [05:47:43] step 5225/5625 | avg train loss 3.2463 top1 0.0905 top5 0.3227
    [05:47:47] step 5250/5625 | avg train loss 3.2457 top1 0.0908 top5 0.3227
    [05:47:50] step 5275/5625 | avg train loss 3.2444 top1 0.0911 top5 0.3231
    [05:47:54] step 5300/5625 | avg train loss 3.2441 top1 0.0912 top5 0.3235
    [05:47:57] step 5325/5625 | avg train loss 3.2425 top1 0.0916 top5 0.3239
    [05:48:01] step 5350/5625 | avg train loss 3.2415 top1 0.0919 top5 0.3246
    [05:48:04] step 5375/5625 | avg train loss 3.2408 top1 0.0922 top5 0.3247
    [05:48:08] step 5400/5625 | avg train loss 3.2406 top1 0.0924 top5 0.3249
    [05:48:11] step 5425/5625 | avg train loss 3.2399 top1 0.0927 top5 0.3251
    [05:48:14] step 5450/5625 | avg train loss 3.2392 top1 0.0928 top5 0.3251
    [05:48:18] step 5475/5625 | avg train loss 3.2384 top1 0.0931 top5 0.3255
    [05:48:21] step 5500/5625 | avg train loss 3.2377 top1 0.0931 top5 0.3255
    [05:48:25] step 5525/5625 | avg train loss 3.2374 top1 0.0931 top5 0.3254
    [05:48:28] step 5550/5625 | avg train loss 3.2368 top1 0.0933 top5 0.3256
    [05:48:32] step 5575/5625 | avg train loss 3.2365 top1 0.0935 top5 0.3259
    [05:48:35] step 5600/5625 | avg train loss 3.2355 top1 0.0938 top5 0.3264
    [05:48:39] step 5625/5625 | avg train loss 3.2348 top1 0.0940 top5 0.3267
[2026-05-25T05:49:42] Epoch 1/50 | train loss 3.2348 top1 0.0940 | val loss 2.9636 top1 0.1792 top5 0.4635 | ema val top1 0.0617 top5 0.2329
  [head-diag] mlp_activity_ratio=0.2927, query_pairwise_cosine=0.0314
  Saved new best checkpoint (live): /Data/romain.poggi/smth2smth/checkpoints/track_a/videomaev2+ft/arch2-perceiver-q16.pt (val top1=0.1792)
    [05:49:47] step 25/5625 | avg train loss 3.0827 top1 0.0900 top5 0.3300
    [05:49:51] step 50/5625 | avg train loss 3.1272 top1 0.1075 top5 0.3375
    [05:49:54] step 75/5625 | avg train loss 3.0879 top1 0.1233 top5 0.3533
    [05:49:58] step 100/5625 | avg train loss 3.0860 top1 0.1125 top5 0.3600
    [05:50:01] step 125/5625 | avg train loss 3.0687 top1 0.1270 top5 0.3670
    [05:50:05] step 150/5625 | avg train loss 3.0661 top1 0.1292 top5 0.3758
    [05:50:08] step 175/5625 | avg train loss 3.0662 top1 0.1364 top5 0.3779
    [05:50:12] step 200/5625 | avg train loss 3.0755 top1 0.1350 top5 0.3725
    [05:50:15] step 225/5625 | avg train loss 3.0751 top1 0.1372 top5 0.3778
    [05:50:18] step 250/5625 | avg train loss 3.0799 top1 0.1355 top5 0.3745
    [05:50:22] step 275/5625 | avg train loss 3.0798 top1 0.1350 top5 0.3723
    [05:50:25] step 300/5625 | avg train loss 3.0719 top1 0.1375 top5 0.3725
    [05:50:29] step 325/5625 | avg train loss 3.0763 top1 0.1369 top5 0.3742
    [05:50:32] step 350/5625 | avg train loss 3.0777 top1 0.1364 top5 0.3782
    [05:50:36] step 375/5625 | avg train loss 3.0646 top1 0.1410 top5 0.3847
    [05:50:39] step 400/5625 | avg train loss 3.0607 top1 0.1422 top5 0.3853
    [05:50:43] step 425/5625 | avg train loss 3.0626 top1 0.1412 top5 0.3844
    [05:50:46] step 450/5625 | avg train loss 3.0623 top1 0.1417 top5 0.3825
    [05:50:49] step 475/5625 | avg train loss 3.0674 top1 0.1411 top5 0.3832
    [05:50:53] step 500/5625 | avg train loss 3.0647 top1 0.1410 top5 0.3820
    [05:50:56] step 525/5625 | avg train loss 3.0583 top1 0.1410 top5 0.3829
    [05:51:00] step 550/5625 | avg train loss 3.0545 top1 0.1414 top5 0.3818
    [05:51:03] step 575/5625 | avg train loss 3.0501 top1 0.1424 top5 0.3817
    [05:51:07] step 600/5625 | avg train loss 3.0483 top1 0.1423 top5 0.3808
    [05:51:10] step 625/5625 | avg train loss 3.0517 top1 0.1426 top5 0.3784
    [05:51:14] step 650/5625 | avg train loss 3.0493 top1 0.1438 top5 0.3798
    [05:51:17] step 675/5625 | avg train loss 3.0454 top1 0.1448 top5 0.3811
    [05:51:20] step 700/5625 | avg train loss 3.0504 top1 0.1457 top5 0.3804
    [05:51:24] step 725/5625 | avg train loss 3.0550 top1 0.1452 top5 0.3786
    [05:51:27] step 750/5625 | avg train loss 3.0512 top1 0.1457 top5 0.3790
    [05:51:31] step 775/5625 | avg train loss 3.0497 top1 0.1447 top5 0.3803
    [05:51:34] step 800/5625 | avg train loss 3.0463 top1 0.1450 top5 0.3841
    [05:51:38] step 825/5625 | avg train loss 3.0506 top1 0.1441 top5 0.3826
    [05:51:41] step 850/5625 | avg train loss 3.0535 top1 0.1431 top5 0.3804
    [05:51:45] step 875/5625 | avg train loss 3.0518 top1 0.1446 top5 0.3819
    [05:51:48] step 900/5625 | avg train loss 3.0507 top1 0.1450 top5 0.3819
    [05:51:52] step 925/5625 | avg train loss 3.0506 top1 0.1457 top5 0.3823
    [05:51:55] step 950/5625 | avg train loss 3.0517 top1 0.1462 top5 0.3817
    [05:51:59] step 975/5625 | avg train loss 3.0520 top1 0.1447 top5 0.3814
    [05:52:02] step 1000/5625 | avg train loss 3.0525 top1 0.1450 top5 0.3815
    [05:52:05] step 1025/5625 | avg train loss 3.0521 top1 0.1450 top5 0.3820
    [05:52:09] step 1050/5625 | avg train loss 3.0513 top1 0.1452 top5 0.3830
    [05:52:12] step 1075/5625 | avg train loss 3.0541 top1 0.1447 top5 0.3837
    [05:52:16] step 1100/5625 | avg train loss 3.0524 top1 0.1456 top5 0.3852
    [05:52:19] step 1125/5625 | avg train loss 3.0528 top1 0.1456 top5 0.3852
    [05:52:23] step 1150/5625 | avg train loss 3.0534 top1 0.1449 top5 0.3853
    [05:52:26] step 1175/5625 | avg train loss 3.0550 top1 0.1446 top5 0.3857
    [05:52:30] step 1200/5625 | avg train loss 3.0521 top1 0.1451 top5 0.3862
    [05:52:33] step 1225/5625 | avg train loss 3.0527 top1 0.1446 top5 0.3868
    [05:52:37] step 1250/5625 | avg train loss 3.0525 top1 0.1461 top5 0.3878
    [05:52:40] step 1275/5625 | avg train loss 3.0528 top1 0.1461 top5 0.3870
    [05:52:43] step 1300/5625 | avg train loss 3.0534 top1 0.1462 top5 0.3872
    [05:52:47] step 1325/5625 | avg train loss 3.0521 top1 0.1459 top5 0.3878
    [05:52:50] step 1350/5625 | avg train loss 3.0539 top1 0.1463 top5 0.3873
    [05:52:54] step 1375/5625 | avg train loss 3.0531 top1 0.1464 top5 0.3880
    [05:52:57] step 1400/5625 | avg train loss 3.0529 top1 0.1459 top5 0.3871
    [05:53:01] step 1425/5625 | avg train loss 3.0522 top1 0.1461 top5 0.3879
    [05:53:04] step 1450/5625 | avg train loss 3.0527 top1 0.1461 top5 0.3878
    [05:53:08] step 1475/5625 | avg train loss 3.0523 top1 0.1460 top5 0.3883
    [05:53:11] step 1500/5625 | avg train loss 3.0528 top1 0.1457 top5 0.3879
    [05:53:15] step 1525/5625 | avg train loss 3.0530 top1 0.1459 top5 0.3875
    [05:53:18] step 1550/5625 | avg train loss 3.0519 top1 0.1460 top5 0.3881
    [05:53:21] step 1575/5625 | avg train loss 3.0507 top1 0.1468 top5 0.3892
    [05:53:25] step 1600/5625 | avg train loss 3.0520 top1 0.1460 top5 0.3884
    [05:53:28] step 1625/5625 | avg train loss 3.0511 top1 0.1458 top5 0.3887
    [05:53:32] step 1650/5625 | avg train loss 3.0498 top1 0.1462 top5 0.3895
    [05:53:35] step 1675/5625 | avg train loss 3.0497 top1 0.1462 top5 0.3887
    [05:53:39] step 1700/5625 | avg train loss 3.0480 top1 0.1473 top5 0.3901
    [05:53:42] step 1725/5625 | avg train loss 3.0460 top1 0.1471 top5 0.3899
    [05:53:46] step 1750/5625 | avg train loss 3.0443 top1 0.1476 top5 0.3912
    [05:53:49] step 1775/5625 | avg train loss 3.0437 top1 0.1483 top5 0.3919
    [05:53:53] step 1800/5625 | avg train loss 3.0435 top1 0.1485 top5 0.3916
    [05:53:56] step 1825/5625 | avg train loss 3.0431 top1 0.1491 top5 0.3920
    [05:54:00] step 1850/5625 | avg train loss 3.0424 top1 0.1493 top5 0.3916
    [05:54:03] step 1875/5625 | avg train loss 3.0412 top1 0.1495 top5 0.3927
    [05:54:06] step 1900/5625 | avg train loss 3.0403 top1 0.1490 top5 0.3915
    [05:54:10] step 1925/5625 | avg train loss 3.0381 top1 0.1494 top5 0.3920
    [05:54:13] step 1950/5625 | avg train loss 3.0374 top1 0.1495 top5 0.3925
    [05:54:17] step 1975/5625 | avg train loss 3.0362 top1 0.1496 top5 0.3923
    [05:54:20] step 2000/5625 | avg train loss 3.0349 top1 0.1494 top5 0.3918
    [05:54:24] step 2025/5625 | avg train loss 3.0350 top1 0.1487 top5 0.3910
    [05:54:27] step 2050/5625 | avg train loss 3.0349 top1 0.1490 top5 0.3913
    [05:54:31] step 2075/5625 | avg train loss 3.0362 top1 0.1490 top5 0.3910
    [05:54:34] step 2100/5625 | avg train loss 3.0343 top1 0.1490 top5 0.3914
    [05:54:38] step 2125/5625 | avg train loss 3.0332 top1 0.1494 top5 0.3921
    [05:54:41] step 2150/5625 | avg train loss 3.0326 top1 0.1491 top5 0.3920
    [05:54:44] step 2175/5625 | avg train loss 3.0316 top1 0.1493 top5 0.3918
    [05:54:48] step 2200/5625 | avg train loss 3.0300 top1 0.1491 top5 0.3922
    [05:54:51] step 2225/5625 | avg train loss 3.0309 top1 0.1488 top5 0.3912
    [05:54:55] step 2250/5625 | avg train loss 3.0298 top1 0.1490 top5 0.3920
    [05:54:58] step 2275/5625 | avg train loss 3.0293 top1 0.1491 top5 0.3923
    [05:55:02] step 2300/5625 | avg train loss 3.0295 top1 0.1487 top5 0.3922
    [05:55:05] step 2325/5625 | avg train loss 3.0275 top1 0.1496 top5 0.3933
    [05:55:09] step 2350/5625 | avg train loss 3.0280 top1 0.1494 top5 0.3935
    [05:55:12] step 2375/5625 | avg train loss 3.0267 top1 0.1499 top5 0.3944
    [05:55:15] step 2400/5625 | avg train loss 3.0271 top1 0.1502 top5 0.3945
    [05:55:19] step 2425/5625 | avg train loss 3.0270 top1 0.1503 top5 0.3945
    [05:55:22] step 2450/5625 | avg train loss 3.0266 top1 0.1506 top5 0.3944
    [05:55:26] step 2475/5625 | avg train loss 3.0272 top1 0.1502 top5 0.3943
    [05:55:29] step 2500/5625 | avg train loss 3.0269 top1 0.1504 top5 0.3943
    [05:55:33] step 2525/5625 | avg train loss 3.0256 top1 0.1503 top5 0.3946
    [05:55:36] step 2550/5625 | avg train loss 3.0239 top1 0.1503 top5 0.3955
    [05:55:40] step 2575/5625 | avg train loss 3.0236 top1 0.1501 top5 0.3956
    [05:55:43] step 2600/5625 | avg train loss 3.0234 top1 0.1503 top5 0.3960
    [05:55:47] step 2625/5625 | avg train loss 3.0220 top1 0.1507 top5 0.3966
    [05:55:50] step 2650/5625 | avg train loss 3.0217 top1 0.1506 top5 0.3968
    [05:55:53] step 2675/5625 | avg train loss 3.0212 top1 0.1511 top5 0.3975
    [05:55:57] step 2700/5625 | avg train loss 3.0201 top1 0.1517 top5 0.3978
    [05:56:00] step 2725/5625 | avg train loss 3.0188 top1 0.1516 top5 0.3975
    [05:56:04] step 2750/5625 | avg train loss 3.0164 top1 0.1517 top5 0.3977
    [05:56:07] step 2775/5625 | avg train loss 3.0169 top1 0.1516 top5 0.3975
    [05:56:11] step 2800/5625 | avg train loss 3.0161 top1 0.1516 top5 0.3975
    [05:56:14] step 2825/5625 | avg train loss 3.0148 top1 0.1517 top5 0.3977
    [05:56:18] step 2850/5625 | avg train loss 3.0140 top1 0.1518 top5 0.3985
    [05:56:21] step 2875/5625 | avg train loss 3.0128 top1 0.1521 top5 0.3988
    [05:56:25] step 2900/5625 | avg train loss 3.0122 top1 0.1520 top5 0.3992
    [05:56:28] step 2925/5625 | avg train loss 3.0120 top1 0.1523 top5 0.3997
    [05:56:32] step 2950/5625 | avg train loss 3.0118 top1 0.1523 top5 0.4002
    [05:56:35] step 2975/5625 | avg train loss 3.0109 top1 0.1522 top5 0.4003
    [05:56:38] step 3000/5625 | avg train loss 3.0111 top1 0.1520 top5 0.4000
    [05:56:42] step 3025/5625 | avg train loss 3.0091 top1 0.1525 top5 0.4004
    [05:56:45] step 3050/5625 | avg train loss 3.0089 top1 0.1527 top5 0.4009
    [05:56:49] step 3075/5625 | avg train loss 3.0085 top1 0.1529 top5 0.4014
    [05:56:52] step 3100/5625 | avg train loss 3.0077 top1 0.1532 top5 0.4017
    [05:56:56] step 3125/5625 | avg train loss 3.0072 top1 0.1535 top5 0.4022
    [05:56:59] step 3150/5625 | avg train loss 3.0065 top1 0.1537 top5 0.4029
    [05:57:03] step 3175/5625 | avg train loss 3.0061 top1 0.1536 top5 0.4033
    [05:57:06] step 3200/5625 | avg train loss 3.0055 top1 0.1534 top5 0.4035
    [05:57:10] step 3225/5625 | avg train loss 3.0039 top1 0.1536 top5 0.4037
    [05:57:13] step 3250/5625 | avg train loss 3.0027 top1 0.1543 top5 0.4044
    [05:57:17] step 3275/5625 | avg train loss 3.0014 top1 0.1546 top5 0.4048
    [05:57:20] step 3300/5625 | avg train loss 3.0003 top1 0.1545 top5 0.4047
    [05:57:23] step 3325/5625 | avg train loss 3.0007 top1 0.1547 top5 0.4046
    [05:57:27] step 3350/5625 | avg train loss 2.9996 top1 0.1550 top5 0.4046
    [05:57:30] step 3375/5625 | avg train loss 2.9986 top1 0.1553 top5 0.4049
    [05:57:34] step 3400/5625 | avg train loss 2.9981 top1 0.1556 top5 0.4053
    [05:57:37] step 3425/5625 | avg train loss 2.9974 top1 0.1554 top5 0.4055
    [05:57:41] step 3450/5625 | avg train loss 2.9972 top1 0.1551 top5 0.4057
    [05:57:44] step 3475/5625 | avg train loss 2.9964 top1 0.1550 top5 0.4051
    [05:57:48] step 3500/5625 | avg train loss 2.9961 top1 0.1552 top5 0.4055
    [05:57:51] step 3525/5625 | avg train loss 2.9959 top1 0.1554 top5 0.4059
    [05:57:55] step 3550/5625 | avg train loss 2.9950 top1 0.1557 top5 0.4060
    [05:57:58] step 3575/5625 | avg train loss 2.9948 top1 0.1558 top5 0.4060
    [05:58:02] step 3600/5625 | avg train loss 2.9942 top1 0.1558 top5 0.4060
    [05:58:05] step 3625/5625 | avg train loss 2.9945 top1 0.1556 top5 0.4056
    [05:58:09] step 3650/5625 | avg train loss 2.9936 top1 0.1560 top5 0.4062
    [05:58:12] step 3675/5625 | avg train loss 2.9937 top1 0.1560 top5 0.4065
    [05:58:15] step 3700/5625 | avg train loss 2.9935 top1 0.1559 top5 0.4064
    [05:58:19] step 3725/5625 | avg train loss 2.9933 top1 0.1559 top5 0.4070
    [05:58:22] step 3750/5625 | avg train loss 2.9933 top1 0.1559 top5 0.4071
    [05:58:26] step 3775/5625 | avg train loss 2.9929 top1 0.1559 top5 0.4071
    [05:58:29] step 3800/5625 | avg train loss 2.9932 top1 0.1560 top5 0.4072
    [05:58:33] step 3825/5625 | avg train loss 2.9929 top1 0.1559 top5 0.4074
    [05:58:36] step 3850/5625 | avg train loss 2.9929 top1 0.1559 top5 0.4070
    [05:58:40] step 3875/5625 | avg train loss 2.9923 top1 0.1557 top5 0.4068
    [05:58:43] step 3900/5625 | avg train loss 2.9914 top1 0.1562 top5 0.4075
    [05:58:46] step 3925/5625 | avg train loss 2.9902 top1 0.1565 top5 0.4077
    [05:58:50] step 3950/5625 | avg train loss 2.9902 top1 0.1568 top5 0.4080
    [05:58:53] step 3975/5625 | avg train loss 2.9894 top1 0.1569 top5 0.4083
    [05:58:57] step 4000/5625 | avg train loss 2.9895 top1 0.1570 top5 0.4086
    [05:59:00] step 4025/5625 | avg train loss 2.9888 top1 0.1571 top5 0.4089
    [05:59:04] step 4050/5625 | avg train loss 2.9892 top1 0.1571 top5 0.4090
    [05:59:07] step 4075/5625 | avg train loss 2.9881 top1 0.1573 top5 0.4090
    [05:59:11] step 4100/5625 | avg train loss 2.9879 top1 0.1575 top5 0.4090
    [05:59:14] step 4125/5625 | avg train loss 2.9884 top1 0.1574 top5 0.4092
    [05:59:18] step 4150/5625 | avg train loss 2.9884 top1 0.1573 top5 0.4095
    [05:59:21] step 4175/5625 | avg train loss 2.9884 top1 0.1576 top5 0.4093
    [05:59:24] step 4200/5625 | avg train loss 2.9883 top1 0.1575 top5 0.4093
    [05:59:28] step 4225/5625 | avg train loss 2.9877 top1 0.1580 top5 0.4100
    [05:59:31] step 4250/5625 | avg train loss 2.9856 top1 0.1584 top5 0.4103
    [05:59:35] step 4275/5625 | avg train loss 2.9852 top1 0.1586 top5 0.4108
    [05:59:38] step 4300/5625 | avg train loss 2.9848 top1 0.1584 top5 0.4110
    [05:59:42] step 4325/5625 | avg train loss 2.9841 top1 0.1584 top5 0.4113
    [05:59:45] step 4350/5625 | avg train loss 2.9839 top1 0.1585 top5 0.4118
    [05:59:49] step 4375/5625 | avg train loss 2.9838 top1 0.1584 top5 0.4117
    [05:59:52] step 4400/5625 | avg train loss 2.9834 top1 0.1583 top5 0.4116
    [05:59:55] step 4425/5625 | avg train loss 2.9823 top1 0.1587 top5 0.4120
    [05:59:59] step 4450/5625 | avg train loss 2.9808 top1 0.1589 top5 0.4124
    [06:00:03] step 4475/5625 | avg train loss 2.9795 top1 0.1592 top5 0.4129
    [06:00:06] step 4500/5625 | avg train loss 2.9778 top1 0.1594 top5 0.4136
    [06:00:09] step 4525/5625 | avg train loss 2.9767 top1 0.1596 top5 0.4138
    [06:00:13] step 4550/5625 | avg train loss 2.9759 top1 0.1598 top5 0.4141
    [06:00:16] step 4575/5625 | avg train loss 2.9743 top1 0.1601 top5 0.4147
    [06:00:20] step 4600/5625 | avg train loss 2.9734 top1 0.1604 top5 0.4151
    [06:00:23] step 4625/5625 | avg train loss 2.9740 top1 0.1602 top5 0.4149
    [06:00:27] step 4650/5625 | avg train loss 2.9734 top1 0.1606 top5 0.4152
    [06:00:30] step 4675/5625 | avg train loss 2.9722 top1 0.1609 top5 0.4156
    [06:00:34] step 4700/5625 | avg train loss 2.9721 top1 0.1611 top5 0.4159
    [06:00:37] step 4725/5625 | avg train loss 2.9727 top1 0.1613 top5 0.4159
    [06:00:40] step 4750/5625 | avg train loss 2.9734 top1 0.1612 top5 0.4157
    [06:00:44] step 4775/5625 | avg train loss 2.9735 top1 0.1612 top5 0.4155
    [06:00:47] step 4800/5625 | avg train loss 2.9730 top1 0.1613 top5 0.4156
    [06:00:51] step 4825/5625 | avg train loss 2.9717 top1 0.1616 top5 0.4159
    [06:00:54] step 4850/5625 | avg train loss 2.9709 top1 0.1616 top5 0.4159
    [06:00:58] step 4875/5625 | avg train loss 2.9706 top1 0.1616 top5 0.4162
    [06:01:01] step 4900/5625 | avg train loss 2.9705 top1 0.1616 top5 0.4162
    [06:01:05] step 4925/5625 | avg train loss 2.9689 top1 0.1619 top5 0.4168
    [06:01:08] step 4950/5625 | avg train loss 2.9690 top1 0.1619 top5 0.4168
    [06:01:12] step 4975/5625 | avg train loss 2.9687 top1 0.1620 top5 0.4168
    [06:01:15] step 5000/5625 | avg train loss 2.9682 top1 0.1624 top5 0.4173
    [06:01:19] step 5025/5625 | avg train loss 2.9675 top1 0.1627 top5 0.4178
    [06:01:22] step 5050/5625 | avg train loss 2.9680 top1 0.1625 top5 0.4174
    [06:01:26] step 5075/5625 | avg train loss 2.9679 top1 0.1625 top5 0.4171
    [06:01:29] step 5100/5625 | avg train loss 2.9678 top1 0.1625 top5 0.4170
    [06:01:32] step 5125/5625 | avg train loss 2.9676 top1 0.1628 top5 0.4172
    [06:01:36] step 5150/5625 | avg train loss 2.9676 top1 0.1630 top5 0.4173
    [06:01:39] step 5175/5625 | avg train loss 2.9665 top1 0.1634 top5 0.4177
    [06:01:43] step 5200/5625 | avg train loss 2.9663 top1 0.1633 top5 0.4179
    [06:01:46] step 5225/5625 | avg train loss 2.9655 top1 0.1635 top5 0.4182
    [06:01:50] step 5250/5625 | avg train loss 2.9650 top1 0.1635 top5 0.4185
    [06:01:53] step 5275/5625 | avg train loss 2.9647 top1 0.1636 top5 0.4183
    [06:01:57] step 5300/5625 | avg train loss 2.9644 top1 0.1640 top5 0.4185
    [06:02:00] step 5325/5625 | avg train loss 2.9638 top1 0.1642 top5 0.4188
    [06:02:04] step 5350/5625 | avg train loss 2.9629 top1 0.1645 top5 0.4192
    [06:02:07] step 5375/5625 | avg train loss 2.9630 top1 0.1646 top5 0.4193
    [06:02:11] step 5400/5625 | avg train loss 2.9632 top1 0.1645 top5 0.4191
    [06:02:14] step 5425/5625 | avg train loss 2.9633 top1 0.1646 top5 0.4193
    [06:02:17] step 5450/5625 | avg train loss 2.9632 top1 0.1647 top5 0.4193
    [06:02:21] step 5475/5625 | avg train loss 2.9630 top1 0.1647 top5 0.4194
    [06:02:24] step 5500/5625 | avg train loss 2.9623 top1 0.1648 top5 0.4199
    [06:02:28] step 5525/5625 | avg train loss 2.9623 top1 0.1648 top5 0.4201
    [06:02:31] step 5550/5625 | avg train loss 2.9623 top1 0.1646 top5 0.4201
    [06:02:35] step 5575/5625 | avg train loss 2.9615 top1 0.1650 top5 0.4205
    [06:02:38] step 5600/5625 | avg train loss 2.9602 top1 0.1655 top5 0.4210
    [06:02:42] step 5625/5625 | avg train loss 2.9595 top1 0.1658 top5 0.4215
Epoch 2/50 | train loss 2.9595 top1 0.1658 | val loss 2.5634 top1 0.2749 top5 0.6279 | ema val top1 0.0620 top5 0.2443
  [head-diag] mlp_activity_ratio=0.7248, query_pairwise_cosine=0.0299
  Saved new best checkpoint (live): /Data/romain.poggi/smth2smth/checkpoints/track_a/videomaev2+ft/arch2-perceiver-q16.pt (val top1=0.2749)
    [06:03:51] step 25/5625 | avg train loss 2.8529 top1 0.1550 top5 0.4350
    [06:03:54] step 50/5625 | avg train loss 2.8746 top1 0.1575 top5 0.4425
    [06:03:58] step 75/5625 | avg train loss 2.8407 top1 0.1650 top5 0.4550
    [06:04:01] step 100/5625 | avg train loss 2.8614 top1 0.1725 top5 0.4550
    [06:04:05] step 125/5625 | avg train loss 2.8675 top1 0.1750 top5 0.4540
    [06:04:08] step 150/5625 | avg train loss 2.8790 top1 0.1725 top5 0.4533
    [06:04:12] step 175/5625 | avg train loss 2.8829 top1 0.1729 top5 0.4450
    [06:04:15] step 200/5625 | avg train loss 2.8791 top1 0.1794 top5 0.4425
    [06:04:19] step 225/5625 | avg train loss 2.8781 top1 0.1794 top5 0.4489
    [06:04:22] step 250/5625 | avg train loss 2.8849 top1 0.1780 top5 0.4425
    [06:04:25] step 275/5625 | avg train loss 2.8980 top1 0.1755 top5 0.4395
    [06:04:29] step 300/5625 | avg train loss 2.8927 top1 0.1775 top5 0.4387
    [06:04:33] step 325/5625 | avg train loss 2.8772 top1 0.1815 top5 0.4408
    [06:04:36] step 350/5625 | avg train loss 2.8707 top1 0.1818 top5 0.4439
    [06:04:39] step 375/5625 | avg train loss 2.8670 top1 0.1813 top5 0.4457
    [06:04:43] step 400/5625 | avg train loss 2.8634 top1 0.1806 top5 0.4450
    [06:04:46] step 425/5625 | avg train loss 2.8650 top1 0.1779 top5 0.4406
    [06:04:50] step 450/5625 | avg train loss 2.8672 top1 0.1789 top5 0.4408
    [06:04:53] step 475/5625 | avg train loss 2.8722 top1 0.1761 top5 0.4379
    [06:04:57] step 500/5625 | avg train loss 2.8720 top1 0.1757 top5 0.4355
    [06:05:00] step 525/5625 | avg train loss 2.8746 top1 0.1750 top5 0.4355
    [06:05:04] step 550/5625 | avg train loss 2.8801 top1 0.1725 top5 0.4320
    [06:05:07] step 575/5625 | avg train loss 2.8811 top1 0.1709 top5 0.4333
    [06:05:10] step 600/5625 | avg train loss 2.8791 top1 0.1710 top5 0.4348
    [06:05:14] step 625/5625 | avg train loss 2.8847 top1 0.1678 top5 0.4302
    [06:05:17] step 650/5625 | avg train loss 2.8767 top1 0.1690 top5 0.4313
    [06:05:21] step 675/5625 | avg train loss 2.8782 top1 0.1674 top5 0.4306
    [06:05:24] step 700/5625 | avg train loss 2.8796 top1 0.1671 top5 0.4286
    [06:05:28] step 725/5625 | avg train loss 2.8764 top1 0.1693 top5 0.4300
    [06:05:31] step 750/5625 | avg train loss 2.8740 top1 0.1707 top5 0.4307
    [06:05:35] step 775/5625 | avg train loss 2.8719 top1 0.1727 top5 0.4313
    [06:05:38] step 800/5625 | avg train loss 2.8752 top1 0.1720 top5 0.4303
    [06:05:42] step 825/5625 | avg train loss 2.8751 top1 0.1720 top5 0.4311
    [06:05:45] step 850/5625 | avg train loss 2.8676 top1 0.1735 top5 0.4340
    [06:05:49] step 875/5625 | avg train loss 2.8704 top1 0.1721 top5 0.4340
    [06:05:52] step 900/5625 | avg train loss 2.8646 top1 0.1742 top5 0.4374
    [06:05:55] step 925/5625 | avg train loss 2.8671 top1 0.1743 top5 0.4382
    [06:05:59] step 950/5625 | avg train loss 2.8666 top1 0.1758 top5 0.4392
    [06:06:02] step 975/5625 | avg train loss 2.8636 top1 0.1772 top5 0.4400
    [06:06:06] step 1000/5625 | avg train loss 2.8628 top1 0.1771 top5 0.4396
    [06:06:09] step 1025/5625 | avg train loss 2.8630 top1 0.1783 top5 0.4396
    [06:06:13] step 1050/5625 | avg train loss 2.8658 top1 0.1783 top5 0.4390
    [06:06:16] step 1075/5625 | avg train loss 2.8674 top1 0.1783 top5 0.4392
    [06:06:20] step 1100/5625 | avg train loss 2.8688 top1 0.1774 top5 0.4375
    [06:06:23] step 1125/5625 | avg train loss 2.8690 top1 0.1781 top5 0.4396
    [06:06:27] step 1150/5625 | avg train loss 2.8721 top1 0.1774 top5 0.4383
    [06:06:30] step 1175/5625 | avg train loss 2.8732 top1 0.1771 top5 0.4395
    [06:06:33] step 1200/5625 | avg train loss 2.8737 top1 0.1772 top5 0.4387
    [06:06:37] step 1225/5625 | avg train loss 2.8742 top1 0.1767 top5 0.4382
    [06:06:40] step 1250/5625 | avg train loss 2.8737 top1 0.1773 top5 0.4394
    [06:06:44] step 1275/5625 | avg train loss 2.8730 top1 0.1783 top5 0.4402
    [06:06:47] step 1300/5625 | avg train loss 2.8708 top1 0.1798 top5 0.4405
    [06:06:51] step 1325/5625 | avg train loss 2.8706 top1 0.1802 top5 0.4418
    [06:06:54] step 1350/5625 | avg train loss 2.8729 top1 0.1806 top5 0.4418
    [06:06:58] step 1375/5625 | avg train loss 2.8730 top1 0.1818 top5 0.4423
    [06:07:01] step 1400/5625 | avg train loss 2.8709 top1 0.1821 top5 0.4431
    [06:07:05] step 1425/5625 | avg train loss 2.8677 top1 0.1836 top5 0.4446
    [06:07:08] step 1450/5625 | avg train loss 2.8644 top1 0.1853 top5 0.4476
    [06:07:11] step 1475/5625 | avg train loss 2.8611 top1 0.1863 top5 0.4476
    [06:07:15] step 1500/5625 | avg train loss 2.8607 top1 0.1862 top5 0.4476
    [06:07:18] step 1525/5625 | avg train loss 2.8624 top1 0.1863 top5 0.4475
    [06:07:22] step 1550/5625 | avg train loss 2.8648 top1 0.1856 top5 0.4460
    [06:07:25] step 1575/5625 | avg train loss 2.8648 top1 0.1852 top5 0.4460
    [06:07:29] step 1600/5625 | avg train loss 2.8656 top1 0.1845 top5 0.4462
    [06:07:32] step 1625/5625 | avg train loss 2.8640 top1 0.1842 top5 0.4458
    [06:07:36] step 1650/5625 | avg train loss 2.8647 top1 0.1834 top5 0.4452
    [06:07:39] step 1675/5625 | avg train loss 2.8644 top1 0.1834 top5 0.4446
    [06:07:43] step 1700/5625 | avg train loss 2.8649 top1 0.1836 top5 0.4446
    [06:07:46] step 1725/5625 | avg train loss 2.8634 top1 0.1850 top5 0.4461
    [06:07:50] step 1750/5625 | avg train loss 2.8619 top1 0.1854 top5 0.4472
    [06:07:53] step 1775/5625 | avg train loss 2.8600 top1 0.1853 top5 0.4473
    [06:07:57] step 1800/5625 | avg train loss 2.8594 top1 0.1856 top5 0.4468
    [06:08:00] step 1825/5625 | avg train loss 2.8618 top1 0.1847 top5 0.4455
    [06:08:03] step 1850/5625 | avg train loss 2.8613 top1 0.1854 top5 0.4464
    [06:08:07] step 1875/5625 | avg train loss 2.8608 top1 0.1861 top5 0.4472
    [06:08:10] step 1900/5625 | avg train loss 2.8612 top1 0.1855 top5 0.4472
    [06:08:14] step 1925/5625 | avg train loss 2.8609 top1 0.1858 top5 0.4481
    [06:08:17] step 1950/5625 | avg train loss 2.8614 top1 0.1856 top5 0.4481
    [06:08:21] step 1975/5625 | avg train loss 2.8602 top1 0.1860 top5 0.4485
    [06:08:24] step 2000/5625 | avg train loss 2.8588 top1 0.1866 top5 0.4484
    [06:08:28] step 2025/5625 | avg train loss 2.8612 top1 0.1869 top5 0.4480
    [06:08:31] step 2050/5625 | avg train loss 2.8602 top1 0.1874 top5 0.4483
    [06:08:35] step 2075/5625 | avg train loss 2.8600 top1 0.1880 top5 0.4483
    [06:08:38] step 2100/5625 | avg train loss 2.8595 top1 0.1882 top5 0.4487
    [06:08:42] step 2125/5625 | avg train loss 2.8596 top1 0.1881 top5 0.4481
    [06:08:45] step 2150/5625 | avg train loss 2.8606 top1 0.1877 top5 0.4477
    [06:08:48] step 2175/5625 | avg train loss 2.8601 top1 0.1877 top5 0.4478
    [06:08:52] step 2200/5625 | avg train loss 2.8594 top1 0.1880 top5 0.4484
    [06:08:55] step 2225/5625 | avg train loss 2.8591 top1 0.1884 top5 0.4487
    [06:08:59] step 2250/5625 | avg train loss 2.8576 top1 0.1888 top5 0.4495
    [06:09:02] step 2275/5625 | avg train loss 2.8577 top1 0.1890 top5 0.4495
    [06:09:06] step 2300/5625 | avg train loss 2.8559 top1 0.1891 top5 0.4497
    [06:09:09] step 2325/5625 | avg train loss 2.8558 top1 0.1892 top5 0.4503
    [06:09:13] step 2350/5625 | avg train loss 2.8544 top1 0.1896 top5 0.4506
    [06:09:16] step 2375/5625 | avg train loss 2.8550 top1 0.1888 top5 0.4493
    [06:09:20] step 2400/5625 | avg train loss 2.8543 top1 0.1891 top5 0.4495
    [06:09:23] step 2425/5625 | avg train loss 2.8538 top1 0.1885 top5 0.4492
    [06:09:27] step 2450/5625 | avg train loss 2.8524 top1 0.1887 top5 0.4492
    [06:09:30] step 2475/5625 | avg train loss 2.8523 top1 0.1885 top5 0.4488
    [06:09:34] step 2500/5625 | avg train loss 2.8521 top1 0.1883 top5 0.4484
    [06:09:37] step 2525/5625 | avg train loss 2.8535 top1 0.1880 top5 0.4483
    [06:09:40] step 2550/5625 | avg train loss 2.8520 top1 0.1881 top5 0.4489
    [06:09:44] step 2575/5625 | avg train loss 2.8500 top1 0.1889 top5 0.4497
    [06:09:47] step 2600/5625 | avg train loss 2.8487 top1 0.1887 top5 0.4494
    [06:09:51] step 2625/5625 | avg train loss 2.8487 top1 0.1885 top5 0.4491
    [06:09:54] step 2650/5625 | avg train loss 2.8501 top1 0.1881 top5 0.4487
    [06:09:58] step 2675/5625 | avg train loss 2.8494 top1 0.1881 top5 0.4489
    [06:10:01] step 2700/5625 | avg train loss 2.8481 top1 0.1881 top5 0.4494
    [06:10:05] step 2725/5625 | avg train loss 2.8481 top1 0.1879 top5 0.4498
    [06:10:08] step 2750/5625 | avg train loss 2.8464 top1 0.1880 top5 0.4499
    [06:10:12] step 2775/5625 | avg train loss 2.8460 top1 0.1883 top5 0.4497
    [06:10:15] step 2800/5625 | avg train loss 2.8458 top1 0.1886 top5 0.4494
    [06:10:18] step 2825/5625 | avg train loss 2.8464 top1 0.1887 top5 0.4492
    [06:10:22] step 2850/5625 | avg train loss 2.8461 top1 0.1887 top5 0.4491
    [06:10:25] step 2875/5625 | avg train loss 2.8459 top1 0.1885 top5 0.4490
    [06:10:29] step 2900/5625 | avg train loss 2.8462 top1 0.1884 top5 0.4491
    [06:10:32] step 2925/5625 | avg train loss 2.8464 top1 0.1882 top5 0.4496
    [06:10:36] step 2950/5625 | avg train loss 2.8469 top1 0.1883 top5 0.4498
    [06:10:39] step 2975/5625 | avg train loss 2.8467 top1 0.1886 top5 0.4503
    [06:10:43] step 3000/5625 | avg train loss 2.8474 top1 0.1884 top5 0.4502
    [06:10:46] step 3025/5625 | avg train loss 2.8462 top1 0.1887 top5 0.4512
    [06:10:50] step 3050/5625 | avg train loss 2.8468 top1 0.1892 top5 0.4514
    [06:10:53] step 3075/5625 | avg train loss 2.8460 top1 0.1892 top5 0.4517
    [06:10:56] step 3100/5625 | avg train loss 2.8444 top1 0.1893 top5 0.4517
    [06:11:00] step 3125/5625 | avg train loss 2.8451 top1 0.1887 top5 0.4510
    [06:11:03] step 3150/5625 | avg train loss 2.8441 top1 0.1892 top5 0.4513
    [06:11:07] step 3175/5625 | avg train loss 2.8441 top1 0.1889 top5 0.4507
    [06:11:10] step 3200/5625 | avg train loss 2.8426 top1 0.1892 top5 0.4512
    [06:11:14] step 3225/5625 | avg train loss 2.8434 top1 0.1893 top5 0.4509
    [06:11:17] step 3250/5625 | avg train loss 2.8433 top1 0.1895 top5 0.4505
    [06:11:21] step 3275/5625 | avg train loss 2.8430 top1 0.1891 top5 0.4503
    [06:11:24] step 3300/5625 | avg train loss 2.8427 top1 0.1889 top5 0.4503
    [06:11:28] step 3325/5625 | avg train loss 2.8438 top1 0.1889 top5 0.4502
    [06:11:31] step 3350/5625 | avg train loss 2.8447 top1 0.1888 top5 0.4504
    [06:11:35] step 3375/5625 | avg train loss 2.8442 top1 0.1889 top5 0.4507
    [06:11:38] step 3400/5625 | avg train loss 2.8436 top1 0.1889 top5 0.4506
    [06:11:41] step 3425/5625 | avg train loss 2.8431 top1 0.1895 top5 0.4507
    [06:11:45] step 3450/5625 | avg train loss 2.8435 top1 0.1894 top5 0.4507
    [06:11:48] step 3475/5625 | avg train loss 2.8426 top1 0.1897 top5 0.4512
    [06:11:52] step 3500/5625 | avg train loss 2.8417 top1 0.1896 top5 0.4510
    [06:11:55] step 3525/5625 | avg train loss 2.8426 top1 0.1895 top5 0.4510
    [06:11:59] step 3550/5625 | avg train loss 2.8430 top1 0.1893 top5 0.4509
    [06:12:02] step 3575/5625 | avg train loss 2.8432 top1 0.1891 top5 0.4507
    [06:12:06] step 3600/5625 | avg train loss 2.8419 top1 0.1895 top5 0.4516
    [06:12:09] step 3625/5625 | avg train loss 2.8422 top1 0.1896 top5 0.4518
    [06:12:13] step 3650/5625 | avg train loss 2.8420 top1 0.1892 top5 0.4519
    [06:12:16] step 3675/5625 | avg train loss 2.8429 top1 0.1890 top5 0.4520
    [06:12:19] step 3700/5625 | avg train loss 2.8427 top1 0.1889 top5 0.4519
    [06:12:23] step 3725/5625 | avg train loss 2.8422 top1 0.1890 top5 0.4516
    [06:12:26] step 3750/5625 | avg train loss 2.8421 top1 0.1889 top5 0.4518
    [06:12:30] step 3775/5625 | avg train loss 2.8429 top1 0.1887 top5 0.4514
    [06:12:33] step 3800/5625 | avg train loss 2.8426 top1 0.1889 top5 0.4513
    [06:12:37] step 3825/5625 | avg train loss 2.8420 top1 0.1888 top5 0.4515
    [06:12:40] step 3850/5625 | avg train loss 2.8417 top1 0.1890 top5 0.4516
    [06:12:44] step 3875/5625 | avg train loss 2.8425 top1 0.1889 top5 0.4515
    [06:12:47] step 3900/5625 | avg train loss 2.8420 top1 0.1890 top5 0.4520
    [06:12:51] step 3925/5625 | avg train loss 2.8415 top1 0.1890 top5 0.4519
    [06:12:54] step 3950/5625 | avg train loss 2.8420 top1 0.1890 top5 0.4520
    [06:12:58] step 3975/5625 | avg train loss 2.8430 top1 0.1888 top5 0.4515
    [06:13:01] step 4000/5625 | avg train loss 2.8427 top1 0.1887 top5 0.4517
    [06:13:04] step 4025/5625 | avg train loss 2.8421 top1 0.1884 top5 0.4512
    [06:13:08] step 4050/5625 | avg train loss 2.8414 top1 0.1885 top5 0.4518
    [06:13:11] step 4075/5625 | avg train loss 2.8413 top1 0.1889 top5 0.4519
    [06:13:15] step 4100/5625 | avg train loss 2.8401 top1 0.1892 top5 0.4525
    [06:13:18] step 4125/5625 | avg train loss 2.8395 top1 0.1894 top5 0.4525
    [06:13:22] step 4150/5625 | avg train loss 2.8379 top1 0.1898 top5 0.4531
    [06:13:25] step 4175/5625 | avg train loss 2.8372 top1 0.1900 top5 0.4536
    [06:13:29] step 4200/5625 | avg train loss 2.8357 top1 0.1901 top5 0.4538
    [06:13:32] step 4225/5625 | avg train loss 2.8354 top1 0.1901 top5 0.4536
    [06:13:36] step 4250/5625 | avg train loss 2.8349 top1 0.1902 top5 0.4538
    [06:13:39] step 4275/5625 | avg train loss 2.8354 top1 0.1901 top5 0.4537
    [06:13:43] step 4300/5625 | avg train loss 2.8356 top1 0.1899 top5 0.4534
    [06:13:46] step 4325/5625 | avg train loss 2.8352 top1 0.1897 top5 0.4531
    [06:13:50] step 4350/5625 | avg train loss 2.8338 top1 0.1900 top5 0.4535
    [06:13:53] step 4375/5625 | avg train loss 2.8332 top1 0.1900 top5 0.4535
    [06:13:56] step 4400/5625 | avg train loss 2.8333 top1 0.1899 top5 0.4534
    [06:14:00] step 4425/5625 | avg train loss 2.8333 top1 0.1898 top5 0.4535
    [06:14:03] step 4450/5625 | avg train loss 2.8330 top1 0.1897 top5 0.4534
    [06:14:07] step 4475/5625 | avg train loss 2.8314 top1 0.1899 top5 0.4532
    [06:14:10] step 4500/5625 | avg train loss 2.8312 top1 0.1900 top5 0.4531
    [06:14:14] step 4525/5625 | avg train loss 2.8314 top1 0.1896 top5 0.4529
    [06:14:17] step 4550/5625 | avg train loss 2.8316 top1 0.1898 top5 0.4531
    [06:14:21] step 4575/5625 | avg train loss 2.8319 top1 0.1899 top5 0.4532
    [06:14:24] step 4600/5625 | avg train loss 2.8311 top1 0.1902 top5 0.4537
    [06:14:28] step 4625/5625 | avg train loss 2.8326 top1 0.1900 top5 0.4532
    [06:14:31] step 4650/5625 | avg train loss 2.8321 top1 0.1898 top5 0.4530
    [06:14:34] step 4675/5625 | avg train loss 2.8318 top1 0.1898 top5 0.4532
    [06:14:38] step 4700/5625 | avg train loss 2.8316 top1 0.1899 top5 0.4535
    [06:14:41] step 4725/5625 | avg train loss 2.8322 top1 0.1897 top5 0.4532
    [06:14:45] step 4750/5625 | avg train loss 2.8330 top1 0.1895 top5 0.4532
    [06:14:48] step 4775/5625 | avg train loss 2.8328 top1 0.1896 top5 0.4533
    [06:14:52] step 4800/5625 | avg train loss 2.8323 top1 0.1896 top5 0.4535
    [06:14:55] step 4825/5625 | avg train loss 2.8318 top1 0.1899 top5 0.4538
    [06:14:59] step 4850/5625 | avg train loss 2.8310 top1 0.1902 top5 0.4539
    [06:15:02] step 4875/5625 | avg train loss 2.8305 top1 0.1901 top5 0.4538
    [06:15:06] step 4900/5625 | avg train loss 2.8294 top1 0.1903 top5 0.4540
    [06:15:09] step 4925/5625 | avg train loss 2.8293 top1 0.1904 top5 0.4542
    [06:15:12] step 4950/5625 | avg train loss 2.8293 top1 0.1905 top5 0.4544
    [06:15:16] step 4975/5625 | avg train loss 2.8291 top1 0.1906 top5 0.4545
    [06:15:19] step 5000/5625 | avg train loss 2.8285 top1 0.1908 top5 0.4547
    [06:15:23] step 5025/5625 | avg train loss 2.8282 top1 0.1910 top5 0.4550
    [06:15:26] step 5050/5625 | avg train loss 2.8272 top1 0.1914 top5 0.4553
    [06:15:30] step 5075/5625 | avg train loss 2.8274 top1 0.1915 top5 0.4551
    [06:15:33] step 5100/5625 | avg train loss 2.8267 top1 0.1917 top5 0.4551
    [06:15:37] step 5125/5625 | avg train loss 2.8263 top1 0.1916 top5 0.4554
    [06:15:40] step 5150/5625 | avg train loss 2.8252 top1 0.1920 top5 0.4558
    [06:15:44] step 5175/5625 | avg train loss 2.8250 top1 0.1920 top5 0.4562
    [06:15:47] step 5200/5625 | avg train loss 2.8246 top1 0.1922 top5 0.4567
    [06:15:51] step 5225/5625 | avg train loss 2.8246 top1 0.1922 top5 0.4568
    [06:15:54] step 5250/5625 | avg train loss 2.8253 top1 0.1921 top5 0.4570
    [06:15:57] step 5275/5625 | avg train loss 2.8253 top1 0.1920 top5 0.4571
    [06:16:01] step 5300/5625 | avg train loss 2.8242 top1 0.1921 top5 0.4572
    [06:16:04] step 5325/5625 | avg train loss 2.8240 top1 0.1919 top5 0.4570
    [06:16:08] step 5350/5625 | avg train loss 2.8240 top1 0.1921 top5 0.4572
    [06:16:11] step 5375/5625 | avg train loss 2.8242 top1 0.1921 top5 0.4573
    [06:16:15] step 5400/5625 | avg train loss 2.8248 top1 0.1920 top5 0.4572
    [06:16:18] step 5425/5625 | avg train loss 2.8244 top1 0.1921 top5 0.4574
    [06:16:22] step 5450/5625 | avg train loss 2.8244 top1 0.1919 top5 0.4573
    [06:16:25] step 5475/5625 | avg train loss 2.8240 top1 0.1920 top5 0.4572
    [06:16:29] step 5500/5625 | avg train loss 2.8221 top1 0.1925 top5 0.4579
    [06:16:32] step 5525/5625 | avg train loss 2.8228 top1 0.1924 top5 0.4576
    [06:16:35] step 5550/5625 | avg train loss 2.8228 top1 0.1927 top5 0.4577
    [06:16:39] step 5575/5625 | avg train loss 2.8226 top1 0.1926 top5 0.4578
    [06:16:43] step 5600/5625 | avg train loss 2.8225 top1 0.1927 top5 0.4576
    [06:16:46] step 5625/5625 | avg train loss 2.8220 top1 0.1928 top5 0.4576
Epoch 3/50 | train loss 2.8220 top1 0.1928 | val loss 2.4113 top1 0.3146 top5 0.6695 | ema val top1 0.0624 top5 0.2375
  [head-diag] mlp_activity_ratio=1.2505, query_pairwise_cosine=0.0290
  Saved new best checkpoint (live): /Data/romain.poggi/smth2smth/checkpoints/track_a/videomaev2+ft/arch2-perceiver-q16.pt (val top1=0.3146)
    [06:17:55] step 25/5625 | avg train loss 2.7997 top1 0.1650 top5 0.4500
    [06:17:59] step 50/5625 | avg train loss 2.7585 top1 0.1825 top5 0.4300
    [06:18:02] step 75/5625 | avg train loss 2.7545 top1 0.2000 top5 0.4683
    [06:18:05] step 100/5625 | avg train loss 2.7633 top1 0.2037 top5 0.4600
    [06:18:09] step 125/5625 | avg train loss 2.7772 top1 0.2120 top5 0.4760
    [06:18:12] step 150/5625 | avg train loss 2.7576 top1 0.2100 top5 0.4808
    [06:18:16] step 175/5625 | avg train loss 2.7517 top1 0.2079 top5 0.4743
    [06:18:19] step 200/5625 | avg train loss 2.7611 top1 0.2069 top5 0.4731
    [06:18:23] step 225/5625 | avg train loss 2.7445 top1 0.2094 top5 0.4756
    [06:18:26] step 250/5625 | avg train loss 2.7474 top1 0.2075 top5 0.4795
    [06:18:30] step 275/5625 | avg train loss 2.7372 top1 0.2123 top5 0.4845
    [06:18:33] step 300/5625 | avg train loss 2.7431 top1 0.2108 top5 0.4808
    [06:18:37] step 325/5625 | avg train loss 2.7344 top1 0.2112 top5 0.4808
    [06:18:40] step 350/5625 | avg train loss 2.7376 top1 0.2093 top5 0.4782
    [06:18:44] step 375/5625 | avg train loss 2.7553 top1 0.2067 top5 0.4770
    [06:18:47] step 400/5625 | avg train loss 2.7583 top1 0.2044 top5 0.4759
    [06:18:51] step 425/5625 | avg train loss 2.7643 top1 0.2018 top5 0.4732
    [06:18:54] step 450/5625 | avg train loss 2.7684 top1 0.2031 top5 0.4725
    [06:18:57] step 475/5625 | avg train loss 2.7717 top1 0.2005 top5 0.4732
    [06:19:01] step 500/5625 | avg train loss 2.7637 top1 0.2005 top5 0.4770
    [06:19:04] step 525/5625 | avg train loss 2.7758 top1 0.2005 top5 0.4760
    [06:19:08] step 550/5625 | avg train loss 2.7760 top1 0.2020 top5 0.4761
    [06:19:11] step 575/5625 | avg train loss 2.7749 top1 0.2030 top5 0.4789
    [06:19:15] step 600/5625 | avg train loss 2.7766 top1 0.2037 top5 0.4808
    [06:19:18] step 625/5625 | avg train loss 2.7769 top1 0.2048 top5 0.4796
    [06:19:22] step 650/5625 | avg train loss 2.7774 top1 0.2046 top5 0.4792
    [06:19:25] step 675/5625 | avg train loss 2.7753 top1 0.2046 top5 0.4802
    [06:19:29] step 700/5625 | avg train loss 2.7741 top1 0.2043 top5 0.4793
    [06:19:32] step 725/5625 | avg train loss 2.7681 top1 0.2072 top5 0.4841
    [06:19:35] step 750/5625 | avg train loss 2.7730 top1 0.2073 top5 0.4833
    [06:19:39] step 775/5625 | avg train loss 2.7721 top1 0.2065 top5 0.4837
    [06:19:42] step 800/5625 | avg train loss 2.7758 top1 0.2055 top5 0.4825
    [06:19:46] step 825/5625 | avg train loss 2.7764 top1 0.2042 top5 0.4815
    [06:19:49] step 850/5625 | avg train loss 2.7799 top1 0.2032 top5 0.4791
    [06:19:53] step 875/5625 | avg train loss 2.7840 top1 0.2017 top5 0.4771
    [06:19:56] step 900/5625 | avg train loss 2.7850 top1 0.2007 top5 0.4753
    [06:20:00] step 925/5625 | avg train loss 2.7845 top1 0.2008 top5 0.4746
    [06:20:03] step 950/5625 | avg train loss 2.7810 top1 0.2013 top5 0.4751
    [06:20:07] step 975/5625 | avg train loss 2.7817 top1 0.1999 top5 0.4750
    [06:20:10] step 1000/5625 | avg train loss 2.7769 top1 0.2016 top5 0.4765
    [06:20:13] step 1025/5625 | avg train loss 2.7804 top1 0.2013 top5 0.4755
    [06:20:17] step 1050/5625 | avg train loss 2.7854 top1 0.2000 top5 0.4736
    [06:20:20] step 1075/5625 | avg train loss 2.7827 top1 0.2016 top5 0.4750
    [06:20:24] step 1100/5625 | avg train loss 2.7822 top1 0.2013 top5 0.4748
    [06:20:27] step 1125/5625 | avg train loss 2.7807 top1 0.2009 top5 0.4749
    [06:20:31] step 1150/5625 | avg train loss 2.7815 top1 0.2003 top5 0.4747
    [06:20:34] step 1175/5625 | avg train loss 2.7807 top1 0.2002 top5 0.4744
    [06:20:38] step 1200/5625 | avg train loss 2.7777 top1 0.2004 top5 0.4747
    [06:20:41] step 1225/5625 | avg train loss 2.7766 top1 0.2003 top5 0.4749
    [06:20:45] step 1250/5625 | avg train loss 2.7763 top1 0.2016 top5 0.4756
    [06:20:48] step 1275/5625 | avg train loss 2.7769 top1 0.2023 top5 0.4752
    [06:20:52] step 1300/5625 | avg train loss 2.7765 top1 0.2030 top5 0.4756
    [06:20:55] step 1325/5625 | avg train loss 2.7749 top1 0.2033 top5 0.4767
    [06:20:58] step 1350/5625 | avg train loss 2.7750 top1 0.2031 top5 0.4773
    [06:21:02] step 1375/5625 | avg train loss 2.7754 top1 0.2031 top5 0.4761
    [06:21:05] step 1400/5625 | avg train loss 2.7741 top1 0.2038 top5 0.4763
    [06:21:09] step 1425/5625 | avg train loss 2.7774 top1 0.2035 top5 0.4756
    [06:21:12] step 1450/5625 | avg train loss 2.7766 top1 0.2032 top5 0.4753
    [06:21:16] step 1475/5625 | avg train loss 2.7773 top1 0.2024 top5 0.4744
    [06:21:19] step 1500/5625 | avg train loss 2.7782 top1 0.2017 top5 0.4736
    [06:21:23] step 1525/5625 | avg train loss 2.7781 top1 0.2020 top5 0.4741
    [06:21:26] step 1550/5625 | avg train loss 2.7769 top1 0.2026 top5 0.4746
    [06:21:30] step 1575/5625 | avg train loss 2.7774 top1 0.2027 top5 0.4735
    [06:21:33] step 1600/5625 | avg train loss 2.7804 top1 0.2020 top5 0.4726
    [06:21:36] step 1625/5625 | avg train loss 2.7816 top1 0.2021 top5 0.4725
    [06:21:40] step 1650/5625 | avg train loss 2.7792 top1 0.2028 top5 0.4736
    [06:21:43] step 1675/5625 | avg train loss 2.7771 top1 0.2027 top5 0.4740
    [06:21:47] step 1700/5625 | avg train loss 2.7747 top1 0.2034 top5 0.4751
    [06:21:50] step 1725/5625 | avg train loss 2.7716 top1 0.2041 top5 0.4760
    [06:21:54] step 1750/5625 | avg train loss 2.7711 top1 0.2044 top5 0.4759
    [06:21:57] step 1775/5625 | avg train loss 2.7727 top1 0.2042 top5 0.4750
    [06:22:01] step 1800/5625 | avg train loss 2.7723 top1 0.2037 top5 0.4744
    [06:22:04] step 1825/5625 | avg train loss 2.7721 top1 0.2030 top5 0.4733
    [06:22:08] step 1850/5625 | avg train loss 2.7691 top1 0.2041 top5 0.4745
    [06:22:11] step 1875/5625 | avg train loss 2.7672 top1 0.2049 top5 0.4756
    [06:22:15] step 1900/5625 | avg train loss 2.7686 top1 0.2048 top5 0.4745
    [06:22:18] step 1925/5625 | avg train loss 2.7672 top1 0.2055 top5 0.4760
    [06:22:22] step 1950/5625 | avg train loss 2.7690 top1 0.2046 top5 0.4752
    [06:22:25] step 1975/5625 | avg train loss 2.7720 top1 0.2040 top5 0.4747
    [06:22:28] step 2000/5625 | avg train loss 2.7744 top1 0.2037 top5 0.4741
    [06:22:32] step 2025/5625 | avg train loss 2.7746 top1 0.2035 top5 0.4730
    [06:22:36] step 2050/5625 | avg train loss 2.7744 top1 0.2037 top5 0.4734
    [06:22:39] step 2075/5625 | avg train loss 2.7748 top1 0.2036 top5 0.4728
    [06:22:42] step 2100/5625 | avg train loss 2.7745 top1 0.2037 top5 0.4724
    [06:22:46] step 2125/5625 | avg train loss 2.7755 top1 0.2036 top5 0.4725
    [06:22:49] step 2150/5625 | avg train loss 2.7765 top1 0.2036 top5 0.4722
    [06:22:53] step 2175/5625 | avg train loss 2.7751 top1 0.2040 top5 0.4721
    [06:22:56] step 2200/5625 | avg train loss 2.7736 top1 0.2039 top5 0.4722
    [06:23:00] step 2225/5625 | avg train loss 2.7728 top1 0.2041 top5 0.4719
    [06:23:03] step 2250/5625 | avg train loss 2.7739 top1 0.2036 top5 0.4719
    [06:23:07] step 2275/5625 | avg train loss 2.7734 top1 0.2035 top5 0.4716
    [06:23:10] step 2300/5625 | avg train loss 2.7731 top1 0.2035 top5 0.4715
    [06:23:14] step 2325/5625 | avg train loss 2.7740 top1 0.2037 top5 0.4715
    [06:23:17] step 2350/5625 | avg train loss 2.7722 top1 0.2040 top5 0.4726
    [06:23:20] step 2375/5625 | avg train loss 2.7721 top1 0.2040 top5 0.4726
    [06:23:24] step 2400/5625 | avg train loss 2.7726 top1 0.2043 top5 0.4727
    [06:23:27] step 2425/5625 | avg train loss 2.7704 top1 0.2045 top5 0.4735
    [06:23:31] step 2450/5625 | avg train loss 2.7707 top1 0.2049 top5 0.4739
    [06:23:34] step 2475/5625 | avg train loss 2.7698 top1 0.2050 top5 0.4742
    [06:23:38] step 2500/5625 | avg train loss 2.7701 top1 0.2054 top5 0.4746
    [06:23:41] step 2525/5625 | avg train loss 2.7687 top1 0.2060 top5 0.4752
    [06:23:45] step 2550/5625 | avg train loss 2.7700 top1 0.2059 top5 0.4747
    [06:23:48] step 2575/5625 | avg train loss 2.7710 top1 0.2058 top5 0.4742
    [06:23:52] step 2600/5625 | avg train loss 2.7699 top1 0.2063 top5 0.4749
    [06:23:55] step 2625/5625 | avg train loss 2.7689 top1 0.2064 top5 0.4747
    [06:23:58] step 2650/5625 | avg train loss 2.7684 top1 0.2067 top5 0.4751
    [06:24:02] step 2675/5625 | avg train loss 2.7697 top1 0.2062 top5 0.4748
    [06:24:05] step 2700/5625 | avg train loss 2.7704 top1 0.2060 top5 0.4745
    [06:24:09] step 2725/5625 | avg train loss 2.7686 top1 0.2067 top5 0.4753
    [06:24:12] step 2750/5625 | avg train loss 2.7689 top1 0.2062 top5 0.4754
    [06:24:16] step 2775/5625 | avg train loss 2.7682 top1 0.2061 top5 0.4752
    [06:24:19] step 2800/5625 | avg train loss 2.7693 top1 0.2060 top5 0.4746
    [06:24:23] step 2825/5625 | avg train loss 2.7692 top1 0.2059 top5 0.4742
    [06:24:26] step 2850/5625 | avg train loss 2.7686 top1 0.2059 top5 0.4739
    [06:24:30] step 2875/5625 | avg train loss 2.7694 top1 0.2057 top5 0.4735
    [06:24:33] step 2900/5625 | avg train loss 2.7678 top1 0.2058 top5 0.4739
    [06:24:37] step 2925/5625 | avg train loss 2.7675 top1 0.2059 top5 0.4743
    [06:24:40] step 2950/5625 | avg train loss 2.7658 top1 0.2061 top5 0.4745
    [06:24:44] step 2975/5625 | avg train loss 2.7645 top1 0.2064 top5 0.4754
    [06:24:47] step 3000/5625 | avg train loss 2.7650 top1 0.2059 top5 0.4748
    [06:24:50] step 3025/5625 | avg train loss 2.7660 top1 0.2058 top5 0.4747
    [06:24:54] step 3050/5625 | avg train loss 2.7669 top1 0.2054 top5 0.4748
    [06:24:57] step 3075/5625 | avg train loss 2.7654 top1 0.2060 top5 0.4752
    [06:25:01] step 3100/5625 | avg train loss 2.7651 top1 0.2060 top5 0.4754
    [06:25:04] step 3125/5625 | avg train loss 2.7665 top1 0.2062 top5 0.4753
    [06:25:08] step 3150/5625 | avg train loss 2.7646 top1 0.2065 top5 0.4756
    [06:25:11] step 3175/5625 | avg train loss 2.7655 top1 0.2061 top5 0.4755
    [06:25:15] step 3200/5625 | avg train loss 2.7666 top1 0.2059 top5 0.4747
    [06:25:18] step 3225/5625 | avg train loss 2.7664 top1 0.2060 top5 0.4749
    [06:25:22] step 3250/5625 | avg train loss 2.7655 top1 0.2059 top5 0.4747
    [06:25:25] step 3275/5625 | avg train loss 2.7649 top1 0.2060 top5 0.4745
    [06:25:28] step 3300/5625 | avg train loss 2.7656 top1 0.2057 top5 0.4745
    [06:25:32] step 3325/5625 | avg train loss 2.7658 top1 0.2062 top5 0.4746
    [06:25:35] step 3350/5625 | avg train loss 2.7660 top1 0.2063 top5 0.4744
    [06:25:39] step 3375/5625 | avg train loss 2.7663 top1 0.2061 top5 0.4751
    [06:25:42] step 3400/5625 | avg train loss 2.7664 top1 0.2060 top5 0.4751
    [06:25:46] step 3425/5625 | avg train loss 2.7661 top1 0.2063 top5 0.4755
    [06:25:49] step 3450/5625 | avg train loss 2.7656 top1 0.2064 top5 0.4758
    [06:25:53] step 3475/5625 | avg train loss 2.7649 top1 0.2064 top5 0.4756
    [06:25:56] step 3500/5625 | avg train loss 2.7638 top1 0.2066 top5 0.4756
    [06:26:00] step 3525/5625 | avg train loss 2.7644 top1 0.2061 top5 0.4752
    [06:26:03] step 3550/5625 | avg train loss 2.7637 top1 0.2064 top5 0.4755
    [06:26:07] step 3575/5625 | avg train loss 2.7631 top1 0.2063 top5 0.4753
    [06:26:10] step 3600/5625 | avg train loss 2.7624 top1 0.2061 top5 0.4752
    [06:26:14] step 3625/5625 | avg train loss 2.7621 top1 0.2063 top5 0.4754
    [06:26:17] step 3650/5625 | avg train loss 2.7603 top1 0.2069 top5 0.4757
    [06:26:20] step 3675/5625 | avg train loss 2.7606 top1 0.2069 top5 0.4755
    [06:26:24] step 3700/5625 | avg train loss 2.7607 top1 0.2069 top5 0.4755
    [06:26:27] step 3725/5625 | avg train loss 2.7604 top1 0.2070 top5 0.4756
    [06:26:31] step 3750/5625 | avg train loss 2.7609 top1 0.2068 top5 0.4750
    [06:26:34] step 3775/5625 | avg train loss 2.7601 top1 0.2068 top5 0.4750
    [06:26:38] step 3800/5625 | avg train loss 2.7592 top1 0.2071 top5 0.4750
    [06:26:41] step 3825/5625 | avg train loss 2.7582 top1 0.2071 top5 0.4749
    [06:26:45] step 3850/5625 | avg train loss 2.7579 top1 0.2072 top5 0.4750
    [06:26:48] step 3875/5625 | avg train loss 2.7573 top1 0.2071 top5 0.4753
    [06:26:52] step 3900/5625 | avg train loss 2.7575 top1 0.2069 top5 0.4749
    [06:26:55] step 3925/5625 | avg train loss 2.7570 top1 0.2070 top5 0.4750
    [06:26:59] step 3950/5625 | avg train loss 2.7570 top1 0.2069 top5 0.4747
    [06:27:02] step 3975/5625 | avg train loss 2.7566 top1 0.2068 top5 0.4744
    [06:27:06] step 4000/5625 | avg train loss 2.7557 top1 0.2069 top5 0.4745
    [06:27:09] step 4025/5625 | avg train loss 2.7563 top1 0.2070 top5 0.4746
    [06:27:12] step 4050/5625 | avg train loss 2.7553 top1 0.2075 top5 0.4752
    [06:27:16] step 4075/5625 | avg train loss 2.7562 top1 0.2070 top5 0.4744
    [06:27:19] step 4100/5625 | avg train loss 2.7557 top1 0.2071 top5 0.4746
    [06:27:23] step 4125/5625 | avg train loss 2.7555 top1 0.2069 top5 0.4743
    [06:27:26] step 4150/5625 | avg train loss 2.7550 top1 0.2067 top5 0.4743
    [06:27:30] step 4175/5625 | avg train loss 2.7545 top1 0.2068 top5 0.4744
    [06:27:33] step 4200/5625 | avg train loss 2.7551 top1 0.2068 top5 0.4744
    [06:27:37] step 4225/5625 | avg train loss 2.7547 top1 0.2069 top5 0.4743
    [06:27:40] step 4250/5625 | avg train loss 2.7542 top1 0.2072 top5 0.4744
    [06:27:44] step 4275/5625 | avg train loss 2.7549 top1 0.2071 top5 0.4740
    [06:27:47] step 4300/5625 | avg train loss 2.7545 top1 0.2072 top5 0.4739
    [06:27:50] step 4325/5625 | avg train loss 2.7544 top1 0.2071 top5 0.4738
    [06:27:54] step 4350/5625 | avg train loss 2.7537 top1 0.2072 top5 0.4745
    [06:27:57] step 4375/5625 | avg train loss 2.7535 top1 0.2075 top5 0.4747
    [06:28:01] step 4400/5625 | avg train loss 2.7523 top1 0.2078 top5 0.4749
    [06:28:04] step 4425/5625 | avg train loss 2.7515 top1 0.2079 top5 0.4751
    [06:28:08] step 4450/5625 | avg train loss 2.7517 top1 0.2079 top5 0.4751
    [06:28:11] step 4475/5625 | avg train loss 2.7506 top1 0.2082 top5 0.4754
    [06:28:15] step 4500/5625 | avg train loss 2.7515 top1 0.2080 top5 0.4752
    [06:28:18] step 4525/5625 | avg train loss 2.7508 top1 0.2081 top5 0.4752
    [06:28:22] step 4550/5625 | avg train loss 2.7507 top1 0.2081 top5 0.4752
    [06:28:25] step 4575/5625 | avg train loss 2.7509 top1 0.2081 top5 0.4757
    [06:28:28] step 4600/5625 | avg train loss 2.7509 top1 0.2082 top5 0.4758
    [06:28:32] step 4625/5625 | avg train loss 2.7522 top1 0.2079 top5 0.4753
    [06:28:35] step 4650/5625 | avg train loss 2.7514 top1 0.2082 top5 0.4757
    [06:28:39] step 4675/5625 | avg train loss 2.7509 top1 0.2083 top5 0.4762
    [06:28:42] step 4700/5625 | avg train loss 2.7502 top1 0.2087 top5 0.4767
    [06:28:46] step 4725/5625 | avg train loss 2.7504 top1 0.2087 top5 0.4765
    [06:28:49] step 4750/5625 | avg train loss 2.7498 top1 0.2088 top5 0.4766
    [06:28:53] step 4775/5625 | avg train loss 2.7503 top1 0.2087 top5 0.4764
    [06:28:56] step 4800/5625 | avg train loss 2.7499 top1 0.2087 top5 0.4766
    [06:29:00] step 4825/5625 | avg train loss 2.7495 top1 0.2087 top5 0.4766
    [06:29:03] step 4850/5625 | avg train loss 2.7493 top1 0.2088 top5 0.4764
    [06:29:07] step 4875/5625 | avg train loss 2.7500 top1 0.2085 top5 0.4761
    [06:29:10] step 4900/5625 | avg train loss 2.7495 top1 0.2086 top5 0.4761
    [06:29:14] step 4925/5625 | avg train loss 2.7510 top1 0.2081 top5 0.4755
    [06:29:17] step 4950/5625 | avg train loss 2.7505 top1 0.2082 top5 0.4755
    [06:29:20] step 4975/5625 | avg train loss 2.7501 top1 0.2083 top5 0.4757
    [06:29:24] step 5000/5625 | avg train loss 2.7503 top1 0.2083 top5 0.4756
    [06:29:27] step 5025/5625 | avg train loss 2.7503 top1 0.2083 top5 0.4756
    [06:29:31] step 5050/5625 | avg train loss 2.7505 top1 0.2084 top5 0.4757
    [06:29:34] step 5075/5625 | avg train loss 2.7503 top1 0.2084 top5 0.4758
    [06:29:38] step 5100/5625 | avg train loss 2.7497 top1 0.2088 top5 0.4761
    [06:29:41] step 5125/5625 | avg train loss 2.7496 top1 0.2087 top5 0.4762
    [06:29:45] step 5150/5625 | avg train loss 2.7490 top1 0.2088 top5 0.4761
    [06:29:48] step 5175/5625 | avg train loss 2.7480 top1 0.2092 top5 0.4764
    [06:29:52] step 5200/5625 | avg train loss 2.7472 top1 0.2091 top5 0.4764
    [06:29:55] step 5225/5625 | avg train loss 2.7456 top1 0.2097 top5 0.4770
    [06:29:59] step 5250/5625 | avg train loss 2.7456 top1 0.2096 top5 0.4771
    [06:30:02] step 5275/5625 | avg train loss 2.7450 top1 0.2096 top5 0.4773
    [06:30:05] step 5300/5625 | avg train loss 2.7442 top1 0.2100 top5 0.4776
    [06:30:09] step 5325/5625 | avg train loss 2.7435 top1 0.2104 top5 0.4781
    [06:30:12] step 5350/5625 | avg train loss 2.7430 top1 0.2105 top5 0.4781
    [06:30:16] step 5375/5625 | avg train loss 2.7428 top1 0.2104 top5 0.4783
    [06:30:19] step 5400/5625 | avg train loss 2.7420 top1 0.2103 top5 0.4783
    [06:30:23] step 5425/5625 | avg train loss 2.7423 top1 0.2104 top5 0.4781
    [06:30:26] step 5450/5625 | avg train loss 2.7423 top1 0.2104 top5 0.4781
    [06:30:30] step 5475/5625 | avg train loss 2.7424 top1 0.2103 top5 0.4779
    [06:30:33] step 5500/5625 | avg train loss 2.7431 top1 0.2104 top5 0.4779
    [06:30:37] step 5525/5625 | avg train loss 2.7428 top1 0.2104 top5 0.4780
    [06:30:40] step 5550/5625 | avg train loss 2.7433 top1 0.2105 top5 0.4780
    [06:30:44] step 5575/5625 | avg train loss 2.7429 top1 0.2105 top5 0.4780
    [06:30:47] step 5600/5625 | avg train loss 2.7428 top1 0.2103 top5 0.4778
    [06:30:50] step 5625/5625 | avg train loss 2.7423 top1 0.2104 top5 0.4779
Epoch 4/50 | train loss 2.7423 top1 0.2104 | val loss 2.2457 top1 0.3563 top5 0.7213 | ema val top1 0.0642 top5 0.2506
  [head-diag] mlp_activity_ratio=1.3154, query_pairwise_cosine=0.0439
  Saved new best checkpoint (live): /Data/romain.poggi/smth2smth/checkpoints/track_a/videomaev2+ft/arch2-perceiver-q16.pt (val top1=0.3563)
    [06:32:00] step 25/5625 | avg train loss 2.6286 top1 0.1900 top5 0.4700
    [06:32:03] step 50/5625 | avg train loss 2.6517 top1 0.2050 top5 0.4850
    [06:32:07] step 75/5625 | avg train loss 2.6399 top1 0.2117 top5 0.4850
    [06:32:10] step 100/5625 | avg train loss 2.6562 top1 0.2125 top5 0.4988
    [06:32:13] step 125/5625 | avg train loss 2.7156 top1 0.2120 top5 0.4910
    [06:32:17] step 150/5625 | avg train loss 2.7534 top1 0.1983 top5 0.4783
    [06:32:20] step 175/5625 | avg train loss 2.7549 top1 0.1979 top5 0.4764
    [06:32:24] step 200/5625 | avg train loss 2.7453 top1 0.2019 top5 0.4775
    [06:32:27] step 225/5625 | avg train loss 2.7487 top1 0.2056 top5 0.4756
    [06:32:31] step 250/5625 | avg train loss 2.7395 top1 0.2085 top5 0.4790
    [06:32:34] step 275/5625 | avg train loss 2.7518 top1 0.2136 top5 0.4814
    [06:32:38] step 300/5625 | avg train loss 2.7526 top1 0.2146 top5 0.4771
    [06:32:41] step 325/5625 | avg train loss 2.7343 top1 0.2185 top5 0.4827
    [06:32:45] step 350/5625 | avg train loss 2.7362 top1 0.2193 top5 0.4818
    [06:32:48] step 375/5625 | avg train loss 2.7380 top1 0.2187 top5 0.4780
    [06:32:51] step 400/5625 | avg train loss 2.7254 top1 0.2219 top5 0.4803
    [06:32:55] step 425/5625 | avg train loss 2.7411 top1 0.2194 top5 0.4779
    [06:32:58] step 450/5625 | avg train loss 2.7452 top1 0.2175 top5 0.4775
    [06:33:02] step 475/5625 | avg train loss 2.7435 top1 0.2182 top5 0.4753
    [06:33:05] step 500/5625 | avg train loss 2.7456 top1 0.2193 top5 0.4760
    [06:33:09] step 525/5625 | avg train loss 2.7363 top1 0.2200 top5 0.4776
    [06:33:12] step 550/5625 | avg train loss 2.7475 top1 0.2164 top5 0.4755
    [06:33:16] step 575/5625 | avg train loss 2.7447 top1 0.2165 top5 0.4783
    [06:33:19] step 600/5625 | avg train loss 2.7459 top1 0.2152 top5 0.4769
    [06:33:23] step 625/5625 | avg train loss 2.7431 top1 0.2138 top5 0.4784
    [06:33:26] step 650/5625 | avg train loss 2.7398 top1 0.2167 top5 0.4808
    [06:33:29] step 675/5625 | avg train loss 2.7371 top1 0.2152 top5 0.4791
    [06:33:33] step 700/5625 | avg train loss 2.7361 top1 0.2159 top5 0.4788
    [06:33:36] step 725/5625 | avg train loss 2.7351 top1 0.2164 top5 0.4779
    [06:33:40] step 750/5625 | avg train loss 2.7253 top1 0.2167 top5 0.4795
    [06:33:43] step 775/5625 | avg train loss 2.7279 top1 0.2179 top5 0.4818
    [06:33:47] step 800/5625 | avg train loss 2.7269 top1 0.2170 top5 0.4798
    [06:33:50] step 825/5625 | avg train loss 2.7260 top1 0.2185 top5 0.4806
    [06:33:54] step 850/5625 | avg train loss 2.7276 top1 0.2174 top5 0.4801
    [06:33:57] step 875/5625 | avg train loss 2.7269 top1 0.2163 top5 0.4809
    [06:34:01] step 900/5625 | avg train loss 2.7281 top1 0.2160 top5 0.4801
    [06:34:04] step 925/5625 | avg train loss 2.7284 top1 0.2158 top5 0.4811
    [06:34:08] step 950/5625 | avg train loss 2.7347 top1 0.2141 top5 0.4787
    [06:34:11] step 975/5625 | avg train loss 2.7389 top1 0.2124 top5 0.4774
    [06:34:15] step 1000/5625 | avg train loss 2.7408 top1 0.2124 top5 0.4764
    [06:34:18] step 1025/5625 | avg train loss 2.7434 top1 0.2121 top5 0.4756
    [06:34:21] step 1050/5625 | avg train loss 2.7429 top1 0.2132 top5 0.4768
    [06:34:25] step 1075/5625 | avg train loss 2.7409 top1 0.2133 top5 0.4776
    [06:34:28] step 1100/5625 | avg train loss 2.7422 top1 0.2118 top5 0.4768
    [06:34:32] step 1125/5625 | avg train loss 2.7425 top1 0.2124 top5 0.4771
    [06:34:35] step 1150/5625 | avg train loss 2.7359 top1 0.2148 top5 0.4795
    [06:34:39] step 1175/5625 | avg train loss 2.7378 top1 0.2146 top5 0.4801
    [06:34:42] step 1200/5625 | avg train loss 2.7425 top1 0.2132 top5 0.4776
    [06:34:46] step 1225/5625 | avg train loss 2.7387 top1 0.2130 top5 0.4777
    [06:34:49] step 1250/5625 | avg train loss 2.7385 top1 0.2132 top5 0.4785
    [06:34:53] step 1275/5625 | avg train loss 2.7364 top1 0.2138 top5 0.4798
    [06:34:56] step 1300/5625 | avg train loss 2.7316 top1 0.2149 top5 0.4800
    [06:35:00] step 1325/5625 | avg train loss 2.7312 top1 0.2152 top5 0.4800
    [06:35:03] step 1350/5625 | avg train loss 2.7314 top1 0.2146 top5 0.4795
    [06:35:06] step 1375/5625 | avg train loss 2.7323 top1 0.2147 top5 0.4797
    [06:35:10] step 1400/5625 | avg train loss 2.7324 top1 0.2149 top5 0.4796
    [06:35:13] step 1425/5625 | avg train loss 2.7303 top1 0.2144 top5 0.4794
    [06:35:17] step 1450/5625 | avg train loss 2.7308 top1 0.2143 top5 0.4795
    [06:35:20] step 1475/5625 | avg train loss 2.7311 top1 0.2134 top5 0.4783
    [06:35:24] step 1500/5625 | avg train loss 2.7291 top1 0.2141 top5 0.4793
    [06:35:27] step 1525/5625 | avg train loss 2.7285 top1 0.2145 top5 0.4807
    [06:35:31] step 1550/5625 | avg train loss 2.7279 top1 0.2139 top5 0.4805
    [06:35:34] step 1575/5625 | avg train loss 2.7296 top1 0.2131 top5 0.4798
    [06:35:38] step 1600/5625 | avg train loss 2.7276 top1 0.2134 top5 0.4808
    [06:35:41] step 1625/5625 | avg train loss 2.7251 top1 0.2138 top5 0.4811
    [06:35:45] step 1650/5625 | avg train loss 2.7255 top1 0.2142 top5 0.4816
    [06:35:48] step 1675/5625 | avg train loss 2.7252 top1 0.2138 top5 0.4822
    [06:35:52] step 1700/5625 | avg train loss 2.7262 top1 0.2131 top5 0.4814
    [06:35:55] step 1725/5625 | avg train loss 2.7260 top1 0.2134 top5 0.4817
    [06:35:58] step 1750/5625 | avg train loss 2.7243 top1 0.2132 top5 0.4814
    [06:36:02] step 1775/5625 | avg train loss 2.7247 top1 0.2130 top5 0.4804
    [06:36:05] step 1800/5625 | avg train loss 2.7267 top1 0.2128 top5 0.4791
    [06:36:09] step 1825/5625 | avg train loss 2.7239 top1 0.2132 top5 0.4800
    [06:36:12] step 1850/5625 | avg train loss 2.7282 top1 0.2128 top5 0.4789
    [06:36:16] step 1875/5625 | avg train loss 2.7277 top1 0.2126 top5 0.4780
    [06:36:19] step 1900/5625 | avg train loss 2.7273 top1 0.2125 top5 0.4775
    [06:36:23] step 1925/5625 | avg train loss 2.7281 top1 0.2128 top5 0.4774
    [06:36:26] step 1950/5625 | avg train loss 2.7273 top1 0.2123 top5 0.4771
    [06:36:29] step 1975/5625 | avg train loss 2.7272 top1 0.2126 top5 0.4773
    [06:36:33] step 2000/5625 | avg train loss 2.7285 top1 0.2129 top5 0.4783
    [06:36:36] step 2025/5625 | avg train loss 2.7279 top1 0.2131 top5 0.4786
    [06:36:40] step 2050/5625 | avg train loss 2.7294 top1 0.2127 top5 0.4784
    [06:36:43] step 2075/5625 | avg train loss 2.7273 top1 0.2128 top5 0.4787
    [06:36:47] step 2100/5625 | avg train loss 2.7279 top1 0.2127 top5 0.4792
    [06:36:50] step 2125/5625 | avg train loss 2.7271 top1 0.2126 top5 0.4796
    [06:36:54] step 2150/5625 | avg train loss 2.7272 top1 0.2130 top5 0.4794
    [06:36:57] step 2175/5625 | avg train loss 2.7262 top1 0.2131 top5 0.4795
    [06:37:01] step 2200/5625 | avg train loss 2.7268 top1 0.2135 top5 0.4799
    [06:37:04] step 2225/5625 | avg train loss 2.7267 top1 0.2131 top5 0.4797
    [06:37:07] step 2250/5625 | avg train loss 2.7234 top1 0.2135 top5 0.4799
    [06:37:11] step 2275/5625 | avg train loss 2.7259 top1 0.2132 top5 0.4796
    [06:37:14] step 2300/5625 | avg train loss 2.7250 top1 0.2134 top5 0.4800
    [06:37:18] step 2325/5625 | avg train loss 2.7265 top1 0.2134 top5 0.4799
    [06:37:21] step 2350/5625 | avg train loss 2.7266 top1 0.2134 top5 0.4803
    [06:37:25] step 2375/5625 | avg train loss 2.7266 top1 0.2139 top5 0.4809
    [06:37:28] step 2400/5625 | avg train loss 2.7264 top1 0.2145 top5 0.4812
    [06:37:32] step 2425/5625 | avg train loss 2.7269 top1 0.2147 top5 0.4806
    [06:37:35] step 2450/5625 | avg train loss 2.7263 top1 0.2148 top5 0.4812
    [06:37:39] step 2475/5625 | avg train loss 2.7254 top1 0.2159 top5 0.4821
    [06:37:42] step 2500/5625 | avg train loss 2.7249 top1 0.2160 top5 0.4822
    [06:37:45] step 2525/5625 | avg train loss 2.7232 top1 0.2167 top5 0.4827
    [06:37:49] step 2550/5625 | avg train loss 2.7226 top1 0.2165 top5 0.4824
    [06:37:52] step 2575/5625 | avg train loss 2.7238 top1 0.2160 top5 0.4817
    [06:37:56] step 2600/5625 | avg train loss 2.7243 top1 0.2154 top5 0.4809
    [06:37:59] step 2625/5625 | avg train loss 2.7235 top1 0.2155 top5 0.4808
    [06:38:03] step 2650/5625 | avg train loss 2.7229 top1 0.2157 top5 0.4805
    [06:38:06] step 2675/5625 | avg train loss 2.7235 top1 0.2153 top5 0.4806
    [06:38:10] step 2700/5625 | avg train loss 2.7235 top1 0.2155 top5 0.4806
    [06:38:13] step 2725/5625 | avg train loss 2.7228 top1 0.2156 top5 0.4808
    [06:38:17] step 2750/5625 | avg train loss 2.7242 top1 0.2152 top5 0.4806
    [06:38:20] step 2775/5625 | avg train loss 2.7235 top1 0.2155 top5 0.4809
    [06:38:24] step 2800/5625 | avg train loss 2.7228 top1 0.2152 top5 0.4811
    [06:38:27] step 2825/5625 | avg train loss 2.7228 top1 0.2146 top5 0.4804
    [06:38:30] step 2850/5625 | avg train loss 2.7243 top1 0.2144 top5 0.4800
    [06:38:34] step 2875/5625 | avg train loss 2.7262 top1 0.2143 top5 0.4795
    [06:38:37] step 2900/5625 | avg train loss 2.7268 top1 0.2142 top5 0.4792
    [06:38:41] step 2925/5625 | avg train loss 2.7269 top1 0.2143 top5 0.4794
    [06:38:44] step 2950/5625 | avg train loss 2.7269 top1 0.2145 top5 0.4795
    [06:38:48] step 2975/5625 | avg train loss 2.7267 top1 0.2145 top5 0.4797
    [06:38:51] step 3000/5625 | avg train loss 2.7275 top1 0.2148 top5 0.4799
    [06:38:55] step 3025/5625 | avg train loss 2.7272 top1 0.2149 top5 0.4801
    [06:38:58] step 3050/5625 | avg train loss 2.7293 top1 0.2146 top5 0.4795
    [06:39:02] step 3075/5625 | avg train loss 2.7308 top1 0.2143 top5 0.4791
    [06:39:05] step 3100/5625 | avg train loss 2.7299 top1 0.2144 top5 0.4794
    [06:39:09] step 3125/5625 | avg train loss 2.7304 top1 0.2142 top5 0.4790
    [06:39:12] step 3150/5625 | avg train loss 2.7303 top1 0.2144 top5 0.4788
    [06:39:15] step 3175/5625 | avg train loss 2.7296 top1 0.2149 top5 0.4793
    [06:39:19] step 3200/5625 | avg train loss 2.7284 top1 0.2151 top5 0.4795
    [06:39:22] step 3225/5625 | avg train loss 2.7289 top1 0.2153 top5 0.4798
    [06:39:26] step 3250/5625 | avg train loss 2.7291 top1 0.2152 top5 0.4798
    [06:39:29] step 3275/5625 | avg train loss 2.7295 top1 0.2154 top5 0.4802
    [06:39:33] step 3300/5625 | avg train loss 2.7295 top1 0.2153 top5 0.4800
    [06:39:36] step 3325/5625 | avg train loss 2.7279 top1 0.2155 top5 0.4806
    [06:39:40] step 3350/5625 | avg train loss 2.7282 top1 0.2155 top5 0.4809
    [06:39:43] step 3375/5625 | avg train loss 2.7284 top1 0.2156 top5 0.4812
    [06:39:47] step 3400/5625 | avg train loss 2.7282 top1 0.2161 top5 0.4817
    [06:39:50] step 3425/5625 | avg train loss 2.7280 top1 0.2158 top5 0.4815
    [06:39:53] step 3450/5625 | avg train loss 2.7269 top1 0.2158 top5 0.4818
    [06:39:57] step 3475/5625 | avg train loss 2.7278 top1 0.2155 top5 0.4814
    [06:40:00] step 3500/5625 | avg train loss 2.7267 top1 0.2161 top5 0.4816
    [06:40:04] step 3525/5625 | avg train loss 2.7255 top1 0.2162 top5 0.4817
    [06:40:07] step 3550/5625 | avg train loss 2.7254 top1 0.2161 top5 0.4814
    [06:40:11] step 3575/5625 | avg train loss 2.7268 top1 0.2161 top5 0.4812
    [06:40:14] step 3600/5625 | avg train loss 2.7275 top1 0.2157 top5 0.4809
    [06:40:18] step 3625/5625 | avg train loss 2.7274 top1 0.2154 top5 0.4808
    [06:40:21] step 3650/5625 | avg train loss 2.7260 top1 0.2161 top5 0.4815
    [06:40:25] step 3675/5625 | avg train loss 2.7249 top1 0.2160 top5 0.4812
    [06:40:28] step 3700/5625 | avg train loss 2.7249 top1 0.2160 top5 0.4813
    [06:40:31] step 3725/5625 | avg train loss 2.7247 top1 0.2163 top5 0.4818
    [06:40:35] step 3750/5625 | avg train loss 2.7229 top1 0.2168 top5 0.4821
    [06:40:38] step 3775/5625 | avg train loss 2.7228 top1 0.2170 top5 0.4823
    [06:40:42] step 3800/5625 | avg train loss 2.7224 top1 0.2175 top5 0.4828
    [06:40:45] step 3825/5625 | avg train loss 2.7223 top1 0.2173 top5 0.4829
    [06:40:49] step 3850/5625 | avg train loss 2.7221 top1 0.2174 top5 0.4831
    [06:40:52] step 3875/5625 | avg train loss 2.7209 top1 0.2175 top5 0.4835
    [06:40:56] step 3900/5625 | avg train loss 2.7205 top1 0.2176 top5 0.4838
    [06:40:59] step 3925/5625 | avg train loss 2.7207 top1 0.2176 top5 0.4837
    [06:41:02] step 3950/5625 | avg train loss 2.7206 top1 0.2175 top5 0.4837
    [06:41:06] step 3975/5625 | avg train loss 2.7209 top1 0.2173 top5 0.4832
    [06:41:09] step 4000/5625 | avg train loss 2.7202 top1 0.2171 top5 0.4831
    [06:41:13] step 4025/5625 | avg train loss 2.7208 top1 0.2170 top5 0.4829
    [06:41:16] step 4050/5625 | avg train loss 2.7210 top1 0.2171 top5 0.4827
    [06:41:20] step 4075/5625 | avg train loss 2.7212 top1 0.2169 top5 0.4823
    [06:41:23] step 4100/5625 | avg train loss 2.7210 top1 0.2169 top5 0.4821
    [06:41:27] step 4125/5625 | avg train loss 2.7208 top1 0.2168 top5 0.4819
    [06:41:30] step 4150/5625 | avg train loss 2.7208 top1 0.2170 top5 0.4824
    [06:41:33] step 4175/5625 | avg train loss 2.7215 top1 0.2166 top5 0.4818
    [06:41:37] step 4200/5625 | avg train loss 2.7213 top1 0.2165 top5 0.4817
    [06:41:40] step 4225/5625 | avg train loss 2.7220 top1 0.2160 top5 0.4813
    [06:41:44] step 4250/5625 | avg train loss 2.7236 top1 0.2157 top5 0.4807
    [06:41:47] step 4275/5625 | avg train loss 2.7236 top1 0.2159 top5 0.4810
    [06:41:51] step 4300/5625 | avg train loss 2.7229 top1 0.2160 top5 0.4809
    [06:41:54] step 4325/5625 | avg train loss 2.7235 top1 0.2157 top5 0.4808
    [06:41:58] step 4350/5625 | avg train loss 2.7239 top1 0.2157 top5 0.4807
    [06:42:01] step 4375/5625 | avg train loss 2.7241 top1 0.2159 top5 0.4805
    [06:42:05] step 4400/5625 | avg train loss 2.7243 top1 0.2159 top5 0.4803
    [06:42:08] step 4425/5625 | avg train loss 2.7247 top1 0.2158 top5 0.4804
    [06:42:11] step 4450/5625 | avg train loss 2.7237 top1 0.2162 top5 0.4808
    [06:42:15] step 4475/5625 | avg train loss 2.7235 top1 0.2163 top5 0.4811
    [06:42:18] step 4500/5625 | avg train loss 2.7226 top1 0.2164 top5 0.4813
    [06:42:22] step 4525/5625 | avg train loss 2.7229 top1 0.2169 top5 0.4817
    [06:42:25] step 4550/5625 | avg train loss 2.7228 top1 0.2168 top5 0.4815
    [06:42:29] step 4575/5625 | avg train loss 2.7223 top1 0.2169 top5 0.4812
    [06:42:32] step 4600/5625 | avg train loss 2.7228 top1 0.2170 top5 0.4816
    [06:42:36] step 4625/5625 | avg train loss 2.7213 top1 0.2172 top5 0.4819
    [06:42:39] step 4650/5625 | avg train loss 2.7209 top1 0.2173 top5 0.4823
    [06:42:42] step 4675/5625 | avg train loss 2.7215 top1 0.2172 top5 0.4822
    [06:42:46] step 4700/5625 | avg train loss 2.7214 top1 0.2171 top5 0.4823
    [06:42:49] step 4725/5625 | avg train loss 2.7219 top1 0.2171 top5 0.4821
    [06:42:53] step 4750/5625 | avg train loss 2.7219 top1 0.2173 top5 0.4822
    [06:42:56] step 4775/5625 | avg train loss 2.7217 top1 0.2177 top5 0.4826
    [06:43:00] step 4800/5625 | avg train loss 2.7207 top1 0.2177 top5 0.4828
    [06:43:03] step 4825/5625 | avg train loss 2.7203 top1 0.2181 top5 0.4830
    [06:43:07] step 4850/5625 | avg train loss 2.7196 top1 0.2182 top5 0.4829
    [06:43:10] step 4875/5625 | avg train loss 2.7201 top1 0.2181 top5 0.4825
    [06:43:14] step 4900/5625 | avg train loss 2.7184 top1 0.2185 top5 0.4829
    [06:43:17] step 4925/5625 | avg train loss 2.7182 top1 0.2185 top5 0.4829
    [06:43:21] step 4950/5625 | avg train loss 2.7180 top1 0.2183 top5 0.4831
    [06:43:24] step 4975/5625 | avg train loss 2.7177 top1 0.2183 top5 0.4829
    [06:43:27] step 5000/5625 | avg train loss 2.7177 top1 0.2184 top5 0.4829
    [06:43:31] step 5025/5625 | avg train loss 2.7179 top1 0.2182 top5 0.4828
    [06:43:34] step 5050/5625 | avg train loss 2.7178 top1 0.2180 top5 0.4828
    [06:43:38] step 5075/5625 | avg train loss 2.7174 top1 0.2179 top5 0.4831
    [06:43:41] step 5100/5625 | avg train loss 2.7170 top1 0.2182 top5 0.4834
    [06:43:45] step 5125/5625 | avg train loss 2.7167 top1 0.2183 top5 0.4837
    [06:43:48] step 5150/5625 | avg train loss 2.7168 top1 0.2183 top5 0.4837
    [06:43:52] step 5175/5625 | avg train loss 2.7167 top1 0.2182 top5 0.4840
    [06:43:55] step 5200/5625 | avg train loss 2.7173 top1 0.2179 top5 0.4836
    [06:43:59] step 5225/5625 | avg train loss 2.7173 top1 0.2177 top5 0.4837
    [06:44:02] step 5250/5625 | avg train loss 2.7177 top1 0.2177 top5 0.4837
    [06:44:05] step 5275/5625 | avg train loss 2.7171 top1 0.2175 top5 0.4835
    [06:44:09] step 5300/5625 | avg train loss 2.7166 top1 0.2176 top5 0.4835
    [06:44:12] step 5325/5625 | avg train loss 2.7167 top1 0.2175 top5 0.4834
    [06:44:16] step 5350/5625 | avg train loss 2.7165 top1 0.2173 top5 0.4834
    [06:44:19] step 5375/5625 | avg train loss 2.7176 top1 0.2172 top5 0.4833
    [06:44:23] step 5400/5625 | avg train loss 2.7178 top1 0.2172 top5 0.4834
    [06:44:26] step 5425/5625 | avg train loss 2.7173 top1 0.2172 top5 0.4834
    [06:44:30] step 5450/5625 | avg train loss 2.7167 top1 0.2173 top5 0.4835
    [06:44:33] step 5475/5625 | avg train loss 2.7166 top1 0.2174 top5 0.4837
    [06:44:36] step 5500/5625 | avg train loss 2.7163 top1 0.2175 top5 0.4838
    [06:44:40] step 5525/5625 | avg train loss 2.7162 top1 0.2175 top5 0.4838
    [06:44:43] step 5550/5625 | avg train loss 2.7162 top1 0.2175 top5 0.4838
    [06:44:47] step 5575/5625 | avg train loss 2.7159 top1 0.2175 top5 0.4840
    [06:44:50] step 5600/5625 | avg train loss 2.7152 top1 0.2173 top5 0.4837
    [06:44:54] step 5625/5625 | avg train loss 2.7152 top1 0.2174 top5 0.4838
Epoch 5/50 | train loss 2.7152 top1 0.2174 | val loss 2.3352 top1 0.3408 top5 0.6930 | ema val top1 0.0697 top5 0.2549
  [head-diag] mlp_activity_ratio=2.7023, query_pairwise_cosine=0.0600
  No val top1 improvement (1/15); best remains 0.3563
    [06:46:02] step 25/5625 | avg train loss 2.6516 top1 0.2250 top5 0.5200
    [06:46:06] step 50/5625 | avg train loss 2.7672 top1 0.1950 top5 0.4875
    [06:46:09] step 75/5625 | avg train loss 2.7154 top1 0.2233 top5 0.5000
    [06:46:13] step 100/5625 | avg train loss 2.6858 top1 0.2362 top5 0.5012
    [06:46:16] step 125/5625 | avg train loss 2.7113 top1 0.2270 top5 0.4790
    [06:46:20] step 150/5625 | avg train loss 2.7094 top1 0.2342 top5 0.4792
    [06:46:23] step 175/5625 | avg train loss 2.6887 top1 0.2350 top5 0.4700
    [06:46:26] step 200/5625 | avg train loss 2.7072 top1 0.2263 top5 0.4675
    [06:46:30] step 225/5625 | avg train loss 2.7147 top1 0.2233 top5 0.4711
    [06:46:33] step 250/5625 | avg train loss 2.6900 top1 0.2260 top5 0.4775
    [06:46:37] step 275/5625 | avg train loss 2.6793 top1 0.2314 top5 0.4814
    [06:46:40] step 300/5625 | avg train loss 2.6929 top1 0.2325 top5 0.4825
    [06:46:44] step 325/5625 | avg train loss 2.6975 top1 0.2288 top5 0.4781
    [06:46:47] step 350/5625 | avg train loss 2.6957 top1 0.2293 top5 0.4821
    [06:46:51] step 375/5625 | avg train loss 2.6922 top1 0.2307 top5 0.4853
    [06:46:54] step 400/5625 | avg train loss 2.6817 top1 0.2322 top5 0.4888
    [06:46:58] step 425/5625 | avg train loss 2.6825 top1 0.2324 top5 0.4912
    [06:47:01] step 450/5625 | avg train loss 2.6857 top1 0.2344 top5 0.4911
    [06:47:04] step 475/5625 | avg train loss 2.6826 top1 0.2366 top5 0.4934
    [06:47:08] step 500/5625 | avg train loss 2.6813 top1 0.2360 top5 0.4960
    [06:47:11] step 525/5625 | avg train loss 2.6805 top1 0.2357 top5 0.4971
    [06:47:15] step 550/5625 | avg train loss 2.6943 top1 0.2330 top5 0.4918
    [06:47:18] step 575/5625 | avg train loss 2.6890 top1 0.2357 top5 0.4950
    [06:47:22] step 600/5625 | avg train loss 2.6858 top1 0.2348 top5 0.4913
    [06:47:25] step 625/5625 | avg train loss 2.6919 top1 0.2330 top5 0.4894
    [06:47:29] step 650/5625 | avg train loss 2.6964 top1 0.2331 top5 0.4888
    [06:47:32] step 675/5625 | avg train loss 2.6915 top1 0.2335 top5 0.4883
    [06:47:35] step 700/5625 | avg train loss 2.6907 top1 0.2334 top5 0.4898
    [06:47:39] step 725/5625 | avg train loss 2.6813 top1 0.2348 top5 0.4931
    [06:47:42] step 750/5625 | avg train loss 2.6816 top1 0.2337 top5 0.4927
    [06:47:46] step 775/5625 | avg train loss 2.6788 top1 0.2339 top5 0.4929
    [06:47:49] step 800/5625 | avg train loss 2.6826 top1 0.2336 top5 0.4953
    [06:47:53] step 825/5625 | avg train loss 2.6818 top1 0.2344 top5 0.4970
    [06:47:56] step 850/5625 | avg train loss 2.6843 top1 0.2322 top5 0.4944
    [06:48:00] step 875/5625 | avg train loss 2.6863 top1 0.2319 top5 0.4933
    [06:48:03] step 900/5625 | avg train loss 2.6854 top1 0.2314 top5 0.4932
    [06:48:06] step 925/5625 | avg train loss 2.6811 top1 0.2331 top5 0.4953
    [06:48:10] step 950/5625 | avg train loss 2.6818 top1 0.2316 top5 0.4958
    [06:48:13] step 975/5625 | avg train loss 2.6820 top1 0.2323 top5 0.4959
    [06:48:17] step 1000/5625 | avg train loss 2.6840 top1 0.2304 top5 0.4944
    [06:48:20] step 1025/5625 | avg train loss 2.6843 top1 0.2307 top5 0.4941
    [06:48:24] step 1050/5625 | avg train loss 2.6815 top1 0.2318 top5 0.4950
    [06:48:27] step 1075/5625 | avg train loss 2.6871 top1 0.2299 top5 0.4935
    [06:48:30] step 1100/5625 | avg train loss 2.6837 top1 0.2310 top5 0.4943
    [06:48:34] step 1125/5625 | avg train loss 2.6831 top1 0.2314 top5 0.4947
    [06:48:37] step 1150/5625 | avg train loss 2.6813 top1 0.2310 top5 0.4942
    [06:48:41] step 1175/5625 | avg train loss 2.6832 top1 0.2306 top5 0.4940
    [06:48:44] step 1200/5625 | avg train loss 2.6872 top1 0.2305 top5 0.4941
    [06:48:48] step 1225/5625 | avg train loss 2.6827 top1 0.2310 top5 0.4948
    [06:48:51] step 1250/5625 | avg train loss 2.6861 top1 0.2312 top5 0.4947
    [06:48:55] step 1275/5625 | avg train loss 2.6818 top1 0.2319 top5 0.4963
    [06:48:58] step 1300/5625 | avg train loss 2.6794 top1 0.2328 top5 0.4972
    [06:49:01] step 1325/5625 | avg train loss 2.6782 top1 0.2321 top5 0.4984
    [06:49:05] step 1350/5625 | avg train loss 2.6779 top1 0.2309 top5 0.4977
    [06:49:08] step 1375/5625 | avg train loss 2.6806 top1 0.2309 top5 0.4972
    [06:49:12] step 1400/5625 | avg train loss 2.6806 top1 0.2298 top5 0.4971
    [06:49:15] step 1425/5625 | avg train loss 2.6801 top1 0.2306 top5 0.4973
    [06:49:19] step 1450/5625 | avg train loss 2.6826 top1 0.2303 top5 0.4985
    [06:49:22] step 1475/5625 | avg train loss 2.6842 top1 0.2295 top5 0.4984
    [06:49:26] step 1500/5625 | avg train loss 2.6827 top1 0.2293 top5 0.4978
    [06:49:29] step 1525/5625 | avg train loss 2.6832 top1 0.2294 top5 0.4979
    [06:49:33] step 1550/5625 | avg train loss 2.6845 top1 0.2282 top5 0.4979
    [06:49:36] step 1575/5625 | avg train loss 2.6834 top1 0.2279 top5 0.4979
    [06:49:39] step 1600/5625 | avg train loss 2.6839 top1 0.2277 top5 0.4978
    [06:49:43] step 1625/5625 | avg train loss 2.6810 top1 0.2283 top5 0.4984
    [06:49:46] step 1650/5625 | avg train loss 2.6805 top1 0.2282 top5 0.4980
    [06:49:50] step 1675/5625 | avg train loss 2.6785 top1 0.2285 top5 0.4986
    [06:49:53] step 1700/5625 | avg train loss 2.6764 top1 0.2288 top5 0.4997
    [06:49:57] step 1725/5625 | avg train loss 2.6740 top1 0.2305 top5 0.5008
    [06:50:00] step 1750/5625 | avg train loss 2.6738 top1 0.2302 top5 0.5006
    [06:50:03] step 1775/5625 | avg train loss 2.6724 top1 0.2304 top5 0.5006
    [06:50:07] step 1800/5625 | avg train loss 2.6736 top1 0.2310 top5 0.5003
    [06:50:10] step 1825/5625 | avg train loss 2.6728 top1 0.2306 top5 0.4998
    [06:50:14] step 1850/5625 | avg train loss 2.6699 top1 0.2305 top5 0.4996
    [06:50:17] step 1875/5625 | avg train loss 2.6697 top1 0.2299 top5 0.4995
    [06:50:21] step 1900/5625 | avg train loss 2.6695 top1 0.2301 top5 0.4994
    [06:50:24] step 1925/5625 | avg train loss 2.6697 top1 0.2299 top5 0.4992
    [06:50:28] step 1950/5625 | avg train loss 2.6682 top1 0.2304 top5 0.4997
    [06:50:31] step 1975/5625 | avg train loss 2.6697 top1 0.2299 top5 0.4995
    [06:50:35] step 2000/5625 | avg train loss 2.6686 top1 0.2308 top5 0.5001
    [06:50:38] step 2025/5625 | avg train loss 2.6683 top1 0.2309 top5 0.4994
    [06:50:41] step 2050/5625 | avg train loss 2.6686 top1 0.2313 top5 0.5003
    [06:50:45] step 2075/5625 | avg train loss 2.6684 top1 0.2307 top5 0.4998
    [06:50:48] step 2100/5625 | avg train loss 2.6667 top1 0.2304 top5 0.4988
    [06:50:52] step 2125/5625 | avg train loss 2.6673 top1 0.2304 top5 0.4981
    [06:50:55] step 2150/5625 | avg train loss 2.6658 top1 0.2309 top5 0.4981
    [06:50:59] step 2175/5625 | avg train loss 2.6658 top1 0.2306 top5 0.4981
    [06:51:02] step 2200/5625 | avg train loss 2.6667 top1 0.2303 top5 0.4976
    [06:51:06] step 2225/5625 | avg train loss 2.6655 top1 0.2300 top5 0.4973
    [06:51:09] step 2250/5625 | avg train loss 2.6650 top1 0.2302 top5 0.4978
    [06:51:12] step 2275/5625 | avg train loss 2.6612 top1 0.2309 top5 0.4983
    [06:51:16] step 2300/5625 | avg train loss 2.6576 top1 0.2307 top5 0.4988
    [06:51:19] step 2325/5625 | avg train loss 2.6529 top1 0.2319 top5 0.4998
    [06:51:23] step 2350/5625 | avg train loss 2.6513 top1 0.2326 top5 0.5005
    [06:51:26] step 2375/5625 | avg train loss 2.6541 top1 0.2318 top5 0.4988
    [06:51:30] step 2400/5625 | avg train loss 2.6543 top1 0.2316 top5 0.4983
    [06:51:33] step 2425/5625 | avg train loss 2.6536 top1 0.2318 top5 0.4981
    [06:51:37] step 2450/5625 | avg train loss 2.6544 top1 0.2313 top5 0.4975
    [06:51:40] step 2475/5625 | avg train loss 2.6525 top1 0.2318 top5 0.4982
    [06:51:43] step 2500/5625 | avg train loss 2.6520 top1 0.2319 top5 0.4986
    [06:51:47] step 2525/5625 | avg train loss 2.6526 top1 0.2316 top5 0.4985
    [06:51:50] step 2550/5625 | avg train loss 2.6542 top1 0.2308 top5 0.4975
    [06:51:54] step 2575/5625 | avg train loss 2.6549 top1 0.2306 top5 0.4972
    [06:51:57] step 2600/5625 | avg train loss 2.6545 top1 0.2311 top5 0.4972
    [06:52:01] step 2625/5625 | avg train loss 2.6544 top1 0.2314 top5 0.4976
    [06:52:04] step 2650/5625 | avg train loss 2.6558 top1 0.2312 top5 0.4972
    [06:52:08] step 2675/5625 | avg train loss 2.6554 top1 0.2312 top5 0.4972
    [06:52:11] step 2700/5625 | avg train loss 2.6552 top1 0.2308 top5 0.4974
    [06:52:14] step 2725/5625 | avg train loss 2.6537 top1 0.2311 top5 0.4978
    [06:52:18] step 2750/5625 | avg train loss 2.6539 top1 0.2310 top5 0.4979
    [06:52:21] step 2775/5625 | avg train loss 2.6540 top1 0.2314 top5 0.4977
    [06:52:25] step 2800/5625 | avg train loss 2.6537 top1 0.2308 top5 0.4982
    [06:52:28] step 2825/5625 | avg train loss 2.6548 top1 0.2308 top5 0.4981
    [06:52:32] step 2850/5625 | avg train loss 2.6549 top1 0.2301 top5 0.4971
    [06:52:35] step 2875/5625 | avg train loss 2.6536 top1 0.2301 top5 0.4972
    [06:52:39] step 2900/5625 | avg train loss 2.6528 top1 0.2303 top5 0.4976
    [06:52:42] step 2925/5625 | avg train loss 2.6542 top1 0.2298 top5 0.4973
    [06:52:45] step 2950/5625 | avg train loss 2.6534 top1 0.2297 top5 0.4974
    [06:52:49] step 2975/5625 | avg train loss 2.6534 top1 0.2293 top5 0.4974
    [06:52:52] step 3000/5625 | avg train loss 2.6520 top1 0.2291 top5 0.4980
    [06:52:56] step 3025/5625 | avg train loss 2.6540 top1 0.2290 top5 0.4978
    [06:52:59] step 3050/5625 | avg train loss 2.6533 top1 0.2293 top5 0.4978
    [06:53:03] step 3075/5625 | avg train loss 2.6537 top1 0.2291 top5 0.4978
    [06:53:06] step 3100/5625 | avg train loss 2.6528 top1 0.2290 top5 0.4974
    [06:53:09] step 3125/5625 | avg train loss 2.6538 top1 0.2294 top5 0.4977
    [06:53:13] step 3150/5625 | avg train loss 2.6539 top1 0.2295 top5 0.4977
    [06:53:16] step 3175/5625 | avg train loss 2.6532 top1 0.2296 top5 0.4974
    [06:53:20] step 3200/5625 | avg train loss 2.6535 top1 0.2293 top5 0.4976
    [06:53:23] step 3225/5625 | avg train loss 2.6524 top1 0.2290 top5 0.4971
    [06:53:27] step 3250/5625 | avg train loss 2.6523 top1 0.2288 top5 0.4970
    [06:53:30] step 3275/5625 | avg train loss 2.6518 top1 0.2287 top5 0.4966
    [06:53:34] step 3300/5625 | avg train loss 2.6524 top1 0.2288 top5 0.4967
    [06:53:37] step 3325/5625 | avg train loss 2.6526 top1 0.2292 top5 0.4966
    [06:53:41] step 3350/5625 | avg train loss 2.6529 top1 0.2291 top5 0.4965
    [06:53:44] step 3375/5625 | avg train loss 2.6537 top1 0.2290 top5 0.4964
    [06:53:47] step 3400/5625 | avg train loss 2.6533 top1 0.2288 top5 0.4963
    [06:53:51] step 3425/5625 | avg train loss 2.6529 top1 0.2291 top5 0.4969
    [06:53:54] step 3450/5625 | avg train loss 2.6523 top1 0.2291 top5 0.4967
    [06:53:58] step 3475/5625 | avg train loss 2.6510 top1 0.2292 top5 0.4968
    [06:54:01] step 3500/5625 | avg train loss 2.6510 top1 0.2293 top5 0.4969
    [06:54:05] step 3525/5625 | avg train loss 2.6522 top1 0.2291 top5 0.4963
    [06:54:08] step 3550/5625 | avg train loss 2.6512 top1 0.2294 top5 0.4966
    [06:54:11] step 3575/5625 | avg train loss 2.6524 top1 0.2288 top5 0.4959
    [06:54:15] step 3600/5625 | avg train loss 2.6521 top1 0.2289 top5 0.4961
    [06:54:18] step 3625/5625 | avg train loss 2.6527 top1 0.2290 top5 0.4962
    [06:54:22] step 3650/5625 | avg train loss 2.6518 top1 0.2297 top5 0.4970
    [06:54:25] step 3675/5625 | avg train loss 2.6518 top1 0.2297 top5 0.4971
    [06:54:29] step 3700/5625 | avg train loss 2.6523 top1 0.2295 top5 0.4970
    [06:54:32] step 3725/5625 | avg train loss 2.6543 top1 0.2291 top5 0.4966
    [06:54:36] step 3750/5625 | avg train loss 2.6544 top1 0.2292 top5 0.4968
    [06:54:39] step 3775/5625 | avg train loss 2.6540 top1 0.2294 top5 0.4970
    [06:54:43] step 3800/5625 | avg train loss 2.6529 top1 0.2292 top5 0.4966
    [06:54:46] step 3825/5625 | avg train loss 2.6522 top1 0.2293 top5 0.4969
    [06:54:49] step 3850/5625 | avg train loss 2.6533 top1 0.2291 top5 0.4967
    [06:54:53] step 3875/5625 | avg train loss 2.6529 top1 0.2290 top5 0.4965
    [06:54:56] step 3900/5625 | avg train loss 2.6533 top1 0.2286 top5 0.4960
    [06:55:00] step 3925/5625 | avg train loss 2.6537 top1 0.2289 top5 0.4960
    [06:55:03] step 3950/5625 | avg train loss 2.6543 top1 0.2289 top5 0.4961
    [06:55:07] step 3975/5625 | avg train loss 2.6535 top1 0.2289 top5 0.4962
    [06:55:10] step 4000/5625 | avg train loss 2.6552 top1 0.2285 top5 0.4962
    [06:55:14] step 4025/5625 | avg train loss 2.6542 top1 0.2288 top5 0.4964
    [06:55:17] step 4050/5625 | avg train loss 2.6545 top1 0.2290 top5 0.4963
    [06:55:21] step 4075/5625 | avg train loss 2.6550 top1 0.2289 top5 0.4963
    [06:55:24] step 4100/5625 | avg train loss 2.6545 top1 0.2288 top5 0.4965
    [06:55:27] step 4125/5625 | avg train loss 2.6542 top1 0.2289 top5 0.4962
    [06:55:31] step 4150/5625 | avg train loss 2.6550 top1 0.2287 top5 0.4958
    [06:55:34] step 4175/5625 | avg train loss 2.6556 top1 0.2290 top5 0.4959
    [06:55:38] step 4200/5625 | avg train loss 2.6563 top1 0.2291 top5 0.4958
    [06:55:41] step 4225/5625 | avg train loss 2.6560 top1 0.2291 top5 0.4960
    [06:55:45] step 4250/5625 | avg train loss 2.6570 top1 0.2286 top5 0.4955
    [06:55:48] step 4275/5625 | avg train loss 2.6571 top1 0.2291 top5 0.4959
    [06:55:52] step 4300/5625 | avg train loss 2.6565 top1 0.2294 top5 0.4960
    [06:55:55] step 4325/5625 | avg train loss 2.6561 top1 0.2295 top5 0.4960
    [06:55:58] step 4350/5625 | avg train loss 2.6564 top1 0.2293 top5 0.4957
    [06:56:02] step 4375/5625 | avg train loss 2.6558 top1 0.2295 top5 0.4958
    [06:56:05] step 4400/5625 | avg train loss 2.6551 top1 0.2297 top5 0.4960
    [06:56:09] step 4425/5625 | avg train loss 2.6553 top1 0.2300 top5 0.4963
    [06:56:12] step 4450/5625 | avg train loss 2.6551 top1 0.2299 top5 0.4960
    [06:56:16] step 4475/5625 | avg train loss 2.6554 top1 0.2295 top5 0.4958
    [06:56:19] step 4500/5625 | avg train loss 2.6560 top1 0.2295 top5 0.4958
    [06:56:22] step 4525/5625 | avg train loss 2.6555 top1 0.2297 top5 0.4962
    [06:56:26] step 4550/5625 | avg train loss 2.6559 top1 0.2299 top5 0.4964
    [06:56:29] step 4575/5625 | avg train loss 2.6560 top1 0.2302 top5 0.4967
    [06:56:33] step 4600/5625 | avg train loss 2.6558 top1 0.2301 top5 0.4968
    [06:56:36] step 4625/5625 | avg train loss 2.6557 top1 0.2299 top5 0.4965
    [06:56:40] step 4650/5625 | avg train loss 2.6557 top1 0.2298 top5 0.4960
    [06:56:43] step 4675/5625 | avg train loss 2.6552 top1 0.2296 top5 0.4958
    [06:56:47] step 4700/5625 | avg train loss 2.6551 top1 0.2296 top5 0.4962
    [06:56:50] step 4725/5625 | avg train loss 2.6547 top1 0.2299 top5 0.4967
    [06:56:53] step 4750/5625 | avg train loss 2.6538 top1 0.2299 top5 0.4968
    [06:56:57] step 4775/5625 | avg train loss 2.6537 top1 0.2296 top5 0.4965
    [06:57:00] step 4800/5625 | avg train loss 2.6530 top1 0.2296 top5 0.4964
    [06:57:04] step 4825/5625 | avg train loss 2.6532 top1 0.2295 top5 0.4962
    [06:57:07] step 4850/5625 | avg train loss 2.6535 top1 0.2295 top5 0.4965
    [06:57:11] step 4875/5625 | avg train loss 2.6525 top1 0.2298 top5 0.4966
    [06:57:14] step 4900/5625 | avg train loss 2.6519 top1 0.2299 top5 0.4970
    [06:57:17] step 4925/5625 | avg train loss 2.6517 top1 0.2303 top5 0.4971
    [06:57:21] step 4950/5625 | avg train loss 2.6519 top1 0.2300 top5 0.4970
    [06:57:24] step 4975/5625 | avg train loss 2.6520 top1 0.2298 top5 0.4968
    [06:57:28] step 5000/5625 | avg train loss 2.6523 top1 0.2297 top5 0.4964
    [06:57:31] step 5025/5625 | avg train loss 2.6520 top1 0.2297 top5 0.4967
    [06:57:35] step 5050/5625 | avg train loss 2.6519 top1 0.2297 top5 0.4965
    [06:57:38] step 5075/5625 | avg train loss 2.6520 top1 0.2297 top5 0.4963
    [06:57:42] step 5100/5625 | avg train loss 2.6517 top1 0.2294 top5 0.4959
    [06:57:45] step 5125/5625 | avg train loss 2.6509 top1 0.2295 top5 0.4960
    [06:57:49] step 5150/5625 | avg train loss 2.6508 top1 0.2294 top5 0.4961
    [06:57:52] step 5175/5625 | avg train loss 2.6503 top1 0.2295 top5 0.4962
    [06:57:55] step 5200/5625 | avg train loss 2.6504 top1 0.2295 top5 0.4961
    [06:57:59] step 5225/5625 | avg train loss 2.6497 top1 0.2294 top5 0.4961
    [06:58:02] step 5250/5625 | avg train loss 2.6495 top1 0.2293 top5 0.4963
    [06:58:06] step 5275/5625 | avg train loss 2.6498 top1 0.2291 top5 0.4958
    [06:58:09] step 5300/5625 | avg train loss 2.6485 top1 0.2294 top5 0.4963
    [06:58:13] step 5325/5625 | avg train loss 2.6481 top1 0.2295 top5 0.4964
    [06:58:16] step 5350/5625 | avg train loss 2.6474 top1 0.2294 top5 0.4964
    [06:58:19] step 5375/5625 | avg train loss 2.6476 top1 0.2294 top5 0.4961
    [06:58:23] step 5400/5625 | avg train loss 2.6474 top1 0.2292 top5 0.4956
    [06:58:26] step 5425/5625 | avg train loss 2.6483 top1 0.2292 top5 0.4959
    [06:58:30] step 5450/5625 | avg train loss 2.6487 top1 0.2295 top5 0.4960
    [06:58:33] step 5475/5625 | avg train loss 2.6491 top1 0.2296 top5 0.4960
    [06:58:37] step 5500/5625 | avg train loss 2.6483 top1 0.2298 top5 0.4960
    [06:58:40] step 5525/5625 | avg train loss 2.6472 top1 0.2301 top5 0.4963
    [06:58:44] step 5550/5625 | avg train loss 2.6479 top1 0.2300 top5 0.4964
    [06:58:47] step 5575/5625 | avg train loss 2.6474 top1 0.2301 top5 0.4963
    [06:58:51] step 5600/5625 | avg train loss 2.6484 top1 0.2299 top5 0.4962
    [06:58:54] step 5625/5625 | avg train loss 2.6492 top1 0.2297 top5 0.4957
Epoch 6/50 | train loss 2.6492 top1 0.2297 | val loss 2.3401 top1 0.3410 top5 0.6950 | ema val top1 0.0787 top5 0.2895
  [head-diag] mlp_activity_ratio=3.2354, query_pairwise_cosine=0.0712
  No val top1 improvement (2/15); best remains 0.3563
    [07:00:02] step 25/5625 | avg train loss 2.6940 top1 0.2350 top5 0.5000
    [07:00:05] step 50/5625 | avg train loss 2.6926 top1 0.2225 top5 0.4950
    [07:00:09] step 75/5625 | avg train loss 2.6174 top1 0.2433 top5 0.5133
    [07:00:12] step 100/5625 | avg train loss 2.5755 top1 0.2400 top5 0.5088
    [07:00:16] step 125/5625 | avg train loss 2.5932 top1 0.2480 top5 0.5100
    [07:00:19] step 150/5625 | avg train loss 2.5718 top1 0.2525 top5 0.5167
    [07:00:22] step 175/5625 | avg train loss 2.5775 top1 0.2536 top5 0.5214
    [07:00:26] step 200/5625 | avg train loss 2.5520 top1 0.2594 top5 0.5219
    [07:00:29] step 225/5625 | avg train loss 2.5432 top1 0.2583 top5 0.5222
    [07:00:33] step 250/5625 | avg train loss 2.5585 top1 0.2515 top5 0.5205
    [07:00:36] step 275/5625 | avg train loss 2.5561 top1 0.2514 top5 0.5223
    [07:00:40] step 300/5625 | avg train loss 2.5590 top1 0.2479 top5 0.5175
    [07:00:43] step 325/5625 | avg train loss 2.5685 top1 0.2458 top5 0.5150
    [07:00:46] step 350/5625 | avg train loss 2.5651 top1 0.2475 top5 0.5129
    [07:00:50] step 375/5625 | avg train loss 2.5707 top1 0.2463 top5 0.5093
    [07:00:53] step 400/5625 | avg train loss 2.5601 top1 0.2494 top5 0.5141
    [07:00:57] step 425/5625 | avg train loss 2.5553 top1 0.2524 top5 0.5171
    [07:01:00] step 450/5625 | avg train loss 2.5579 top1 0.2489 top5 0.5131
    [07:01:04] step 475/5625 | avg train loss 2.5573 top1 0.2484 top5 0.5100
    [07:01:07] step 500/5625 | avg train loss 2.5675 top1 0.2455 top5 0.5058
    [07:01:11] step 525/5625 | avg train loss 2.5675 top1 0.2445 top5 0.5060
    [07:01:14] step 550/5625 | avg train loss 2.5614 top1 0.2461 top5 0.5084
    [07:01:17] step 575/5625 | avg train loss 2.5658 top1 0.2457 top5 0.5091
    [07:01:21] step 600/5625 | avg train loss 2.5727 top1 0.2437 top5 0.5071
    [07:01:24] step 625/5625 | avg train loss 2.5808 top1 0.2432 top5 0.5058
    [07:01:28] step 650/5625 | avg train loss 2.5855 top1 0.2431 top5 0.5033
    [07:01:31] step 675/5625 | avg train loss 2.5836 top1 0.2433 top5 0.5028
    [07:01:35] step 700/5625 | avg train loss 2.5873 top1 0.2432 top5 0.5020
    [07:01:38] step 725/5625 | avg train loss 2.5935 top1 0.2414 top5 0.5000
    [07:01:41] step 750/5625 | avg train loss 2.5960 top1 0.2402 top5 0.5000
    [07:01:45] step 775/5625 | avg train loss 2.5924 top1 0.2415 top5 0.5008
    [07:01:48] step 800/5625 | avg train loss 2.5975 top1 0.2405 top5 0.5008
    [07:01:52] step 825/5625 | avg train loss 2.5983 top1 0.2408 top5 0.5005
    [07:01:55] step 850/5625 | avg train loss 2.5999 top1 0.2409 top5 0.4999
    [07:01:59] step 875/5625 | avg train loss 2.6016 top1 0.2404 top5 0.4993
    [07:02:02] step 900/5625 | avg train loss 2.6039 top1 0.2415 top5 0.5008
    [07:02:06] step 925/5625 | avg train loss 2.6055 top1 0.2393 top5 0.5005
    [07:02:09] step 950/5625 | avg train loss 2.6071 top1 0.2409 top5 0.5020
    [07:02:12] step 975/5625 | avg train loss 2.6037 top1 0.2409 top5 0.5026
    [07:02:16] step 1000/5625 | avg train loss 2.6038 top1 0.2417 top5 0.5028
    [07:02:19] step 1025/5625 | avg train loss 2.6078 top1 0.2415 top5 0.5024
    [07:02:23] step 1050/5625 | avg train loss 2.6070 top1 0.2406 top5 0.5027
    [07:02:26] step 1075/5625 | avg train loss 2.6069 top1 0.2409 top5 0.5020
    [07:02:30] step 1100/5625 | avg train loss 2.6085 top1 0.2409 top5 0.5016
    [07:02:33] step 1125/5625 | avg train loss 2.6087 top1 0.2408 top5 0.5011
    [07:02:37] step 1150/5625 | avg train loss 2.6096 top1 0.2399 top5 0.5013
    [07:02:40] step 1175/5625 | avg train loss 2.6074 top1 0.2410 top5 0.5023
    [07:02:44] step 1200/5625 | avg train loss 2.6083 top1 0.2404 top5 0.5028
    [07:02:47] step 1225/5625 | avg train loss 2.6099 top1 0.2403 top5 0.5032
    [07:02:50] step 1250/5625 | avg train loss 2.6106 top1 0.2404 top5 0.5026
    [07:02:54] step 1275/5625 | avg train loss 2.6079 top1 0.2403 top5 0.5025
    [07:02:57] step 1300/5625 | avg train loss 2.6092 top1 0.2405 top5 0.5028
    [07:03:01] step 1325/5625 | avg train loss 2.6089 top1 0.2409 top5 0.5036
    [07:03:04] step 1350/5625 | avg train loss 2.6045 top1 0.2424 top5 0.5061
    [07:03:08] step 1375/5625 | avg train loss 2.6053 top1 0.2421 top5 0.5065
    [07:03:11] step 1400/5625 | avg train loss 2.6036 top1 0.2434 top5 0.5077
    [07:03:15] step 1425/5625 | avg train loss 2.6053 top1 0.2425 top5 0.5061
    [07:03:18] step 1450/5625 | avg train loss 2.6061 top1 0.2420 top5 0.5061
    [07:03:22] step 1475/5625 | avg train loss 2.6088 top1 0.2414 top5 0.5054
    [07:03:25] step 1500/5625 | avg train loss 2.6093 top1 0.2410 top5 0.5048
    [07:03:28] step 1525/5625 | avg train loss 2.6071 top1 0.2423 top5 0.5053
    [07:03:32] step 1550/5625 | avg train loss 2.6093 top1 0.2416 top5 0.5051
    [07:03:35] step 1575/5625 | avg train loss 2.6082 top1 0.2422 top5 0.5063
    [07:03:39] step 1600/5625 | avg train loss 2.6091 top1 0.2423 top5 0.5060
    [07:03:42] step 1625/5625 | avg train loss 2.6113 top1 0.2415 top5 0.5054
    [07:03:46] step 1650/5625 | avg train loss 2.6116 top1 0.2408 top5 0.5051
    [07:03:49] step 1675/5625 | avg train loss 2.6104 top1 0.2413 top5 0.5059
    [07:03:52] step 1700/5625 | avg train loss 2.6110 top1 0.2418 top5 0.5060
    [07:03:56] step 1725/5625 | avg train loss 2.6108 top1 0.2417 top5 0.5053
    [07:03:59] step 1750/5625 | avg train loss 2.6129 top1 0.2409 top5 0.5044
    [07:04:03] step 1775/5625 | avg train loss 2.6139 top1 0.2410 top5 0.5040
    [07:04:06] step 1800/5625 | avg train loss 2.6162 top1 0.2402 top5 0.5033
    [07:04:10] step 1825/5625 | avg train loss 2.6157 top1 0.2398 top5 0.5029
    [07:04:13] step 1850/5625 | avg train loss 2.6162 top1 0.2397 top5 0.5028
    [07:04:17] step 1875/5625 | avg train loss 2.6146 top1 0.2395 top5 0.5021
    [07:04:20] step 1900/5625 | avg train loss 2.6154 top1 0.2391 top5 0.5018
    [07:04:23] step 1925/5625 | avg train loss 2.6169 top1 0.2384 top5 0.5018
    [07:04:27] step 1950/5625 | avg train loss 2.6183 top1 0.2378 top5 0.5010
    [07:04:30] step 1975/5625 | avg train loss 2.6212 top1 0.2367 top5 0.5007
    [07:04:34] step 2000/5625 | avg train loss 2.6233 top1 0.2369 top5 0.5011
    [07:04:37] step 2025/5625 | avg train loss 2.6255 top1 0.2364 top5 0.4999
    [07:04:41] step 2050/5625 | avg train loss 2.6268 top1 0.2362 top5 0.4998
    [07:04:44] step 2075/5625 | avg train loss 2.6255 top1 0.2368 top5 0.5008
    [07:04:47] step 2100/5625 | avg train loss 2.6263 top1 0.2370 top5 0.5008
    [07:04:51] step 2125/5625 | avg train loss 2.6250 top1 0.2373 top5 0.5006
    [07:04:54] step 2150/5625 | avg train loss 2.6261 top1 0.2369 top5 0.5009
    [07:04:58] step 2175/5625 | avg train loss 2.6236 top1 0.2370 top5 0.5011
    [07:05:01] step 2200/5625 | avg train loss 2.6224 top1 0.2370 top5 0.5009
    [07:05:05] step 2225/5625 | avg train loss 2.6231 top1 0.2368 top5 0.5005
    [07:05:08] step 2250/5625 | avg train loss 2.6229 top1 0.2369 top5 0.5013
    [07:05:12] step 2275/5625 | avg train loss 2.6239 top1 0.2365 top5 0.5008
    [07:05:15] step 2300/5625 | avg train loss 2.6234 top1 0.2366 top5 0.5004
    [07:05:19] step 2325/5625 | avg train loss 2.6216 top1 0.2375 top5 0.5005
    [07:05:22] step 2350/5625 | avg train loss 2.6208 top1 0.2371 top5 0.5006
    [07:05:25] step 2375/5625 | avg train loss 2.6200 top1 0.2372 top5 0.5006
    [07:05:29] step 2400/5625 | avg train loss 2.6209 top1 0.2371 top5 0.5004
    [07:05:32] step 2425/5625 | avg train loss 2.6208 top1 0.2371 top5 0.5005
    [07:05:36] step 2450/5625 | avg train loss 2.6210 top1 0.2373 top5 0.5010
    [07:05:39] step 2475/5625 | avg train loss 2.6191 top1 0.2378 top5 0.5016
    [07:05:43] step 2500/5625 | avg train loss 2.6191 top1 0.2381 top5 0.5022
    [07:05:46] step 2525/5625 | avg train loss 2.6186 top1 0.2378 top5 0.5022
    [07:05:50] step 2550/5625 | avg train loss 2.6198 top1 0.2381 top5 0.5023
    [07:05:53] step 2575/5625 | avg train loss 2.6193 top1 0.2377 top5 0.5020
    [07:05:56] step 2600/5625 | avg train loss 2.6182 top1 0.2380 top5 0.5019
    [07:06:00] step 2625/5625 | avg train loss 2.6167 top1 0.2386 top5 0.5024
    [07:06:03] step 2650/5625 | avg train loss 2.6186 top1 0.2384 top5 0.5025
    [07:06:07] step 2675/5625 | avg train loss 2.6208 top1 0.2371 top5 0.5012
    [07:06:10] step 2700/5625 | avg train loss 2.6226 top1 0.2366 top5 0.5008
    [07:06:14] step 2725/5625 | avg train loss 2.6225 top1 0.2367 top5 0.5008
    [07:06:17] step 2750/5625 | avg train loss 2.6249 top1 0.2363 top5 0.5010
    [07:06:21] step 2775/5625 | avg train loss 2.6254 top1 0.2361 top5 0.5010
    [07:06:24] step 2800/5625 | avg train loss 2.6265 top1 0.2356 top5 0.5006
    [07:06:27] step 2825/5625 | avg train loss 2.6257 top1 0.2361 top5 0.5010
    [07:06:31] step 2850/5625 | avg train loss 2.6250 top1 0.2357 top5 0.5007
    [07:06:34] step 2875/5625 | avg train loss 2.6256 top1 0.2362 top5 0.5012
    [07:06:38] step 2900/5625 | avg train loss 2.6239 top1 0.2366 top5 0.5018
    [07:06:41] step 2925/5625 | avg train loss 2.6243 top1 0.2363 top5 0.5015
    [07:06:45] step 2950/5625 | avg train loss 2.6232 top1 0.2369 top5 0.5027
    [07:06:48] step 2975/5625 | avg train loss 2.6231 top1 0.2371 top5 0.5029
    [07:06:52] step 3000/5625 | avg train loss 2.6249 top1 0.2365 top5 0.5021
    [07:06:55] step 3025/5625 | avg train loss 2.6243 top1 0.2364 top5 0.5024
    [07:06:58] step 3050/5625 | avg train loss 2.6239 top1 0.2369 top5 0.5030
    [07:07:02] step 3075/5625 | avg train loss 2.6217 top1 0.2373 top5 0.5032
    [07:07:05] step 3100/5625 | avg train loss 2.6211 top1 0.2371 top5 0.5026
    [07:07:09] step 3125/5625 | avg train loss 2.6209 top1 0.2371 top5 0.5022
    [07:07:12] step 3150/5625 | avg train loss 2.6220 top1 0.2370 top5 0.5028
    [07:07:16] step 3175/5625 | avg train loss 2.6217 top1 0.2370 top5 0.5028
    [07:07:19] step 3200/5625 | avg train loss 2.6211 top1 0.2372 top5 0.5028
    [07:07:23] step 3225/5625 | avg train loss 2.6211 top1 0.2369 top5 0.5024
    [07:07:26] step 3250/5625 | avg train loss 2.6221 top1 0.2367 top5 0.5020
    [07:07:30] step 3275/5625 | avg train loss 2.6229 top1 0.2369 top5 0.5017
    [07:07:33] step 3300/5625 | avg train loss 2.6247 top1 0.2362 top5 0.5012
    [07:07:36] step 3325/5625 | avg train loss 2.6228 top1 0.2370 top5 0.5018
    [07:07:40] step 3350/5625 | avg train loss 2.6225 top1 0.2378 top5 0.5024
    [07:07:43] step 3375/5625 | avg train loss 2.6222 top1 0.2375 top5 0.5020
    [07:07:47] step 3400/5625 | avg train loss 2.6208 top1 0.2379 top5 0.5019
    [07:07:50] step 3425/5625 | avg train loss 2.6203 top1 0.2376 top5 0.5017
    [07:07:54] step 3450/5625 | avg train loss 2.6196 top1 0.2381 top5 0.5024
    [07:07:57] step 3475/5625 | avg train loss 2.6202 top1 0.2378 top5 0.5020
    [07:08:00] step 3500/5625 | avg train loss 2.6199 top1 0.2378 top5 0.5019
    [07:08:04] step 3525/5625 | avg train loss 2.6196 top1 0.2382 top5 0.5021
    [07:08:07] step 3550/5625 | avg train loss 2.6191 top1 0.2381 top5 0.5023
    [07:08:11] step 3575/5625 | avg train loss 2.6201 top1 0.2374 top5 0.5018
    [07:08:14] step 3600/5625 | avg train loss 2.6202 top1 0.2374 top5 0.5018
    [07:08:18] step 3625/5625 | avg train loss 2.6195 top1 0.2374 top5 0.5020
    [07:08:21] step 3650/5625 | avg train loss 2.6192 top1 0.2377 top5 0.5021
    [07:08:25] step 3675/5625 | avg train loss 2.6201 top1 0.2375 top5 0.5019
    [07:08:28] step 3700/5625 | avg train loss 2.6197 top1 0.2374 top5 0.5020
    [07:08:31] step 3725/5625 | avg train loss 2.6191 top1 0.2376 top5 0.5021
    [07:08:35] step 3750/5625 | avg train loss 2.6194 top1 0.2380 top5 0.5021
    [07:08:38] step 3775/5625 | avg train loss 2.6200 top1 0.2379 top5 0.5018
    [07:08:42] step 3800/5625 | avg train loss 2.6199 top1 0.2382 top5 0.5022
    [07:08:45] step 3825/5625 | avg train loss 2.6203 top1 0.2383 top5 0.5021
    [07:08:49] step 3850/5625 | avg train loss 2.6201 top1 0.2385 top5 0.5017
    [07:08:52] step 3875/5625 | avg train loss 2.6195 top1 0.2383 top5 0.5020
    [07:08:55] step 3900/5625 | avg train loss 2.6200 top1 0.2384 top5 0.5024
    [07:08:59] step 3925/5625 | avg train loss 2.6203 top1 0.2385 top5 0.5025
    [07:09:02] step 3950/5625 | avg train loss 2.6201 top1 0.2387 top5 0.5027
    [07:09:06] step 3975/5625 | avg train loss 2.6193 top1 0.2386 top5 0.5030
    [07:09:09] step 4000/5625 | avg train loss 2.6187 top1 0.2387 top5 0.5033
    [07:09:13] step 4025/5625 | avg train loss 2.6188 top1 0.2389 top5 0.5035
    [07:09:16] step 4050/5625 | avg train loss 2.6160 top1 0.2393 top5 0.5040
    [07:09:20] step 4075/5625 | avg train loss 2.6161 top1 0.2391 top5 0.5040
    [07:09:23] step 4100/5625 | avg train loss 2.6163 top1 0.2389 top5 0.5038
    [07:09:27] step 4125/5625 | avg train loss 2.6169 top1 0.2388 top5 0.5033
    [07:09:30] step 4150/5625 | avg train loss 2.6165 top1 0.2389 top5 0.5039
    [07:09:33] step 4175/5625 | avg train loss 2.6167 top1 0.2387 top5 0.5037
    [07:09:37] step 4200/5625 | avg train loss 2.6163 top1 0.2391 top5 0.5044
    [07:09:40] step 4225/5625 | avg train loss 2.6161 top1 0.2392 top5 0.5044
    [07:09:44] step 4250/5625 | avg train loss 2.6161 top1 0.2393 top5 0.5048
    [07:09:47] step 4275/5625 | avg train loss 2.6158 top1 0.2392 top5 0.5048
    [07:09:51] step 4300/5625 | avg train loss 2.6168 top1 0.2388 top5 0.5044
    [07:09:54] step 4325/5625 | avg train loss 2.6161 top1 0.2390 top5 0.5047
    [07:09:58] step 4350/5625 | avg train loss 2.6160 top1 0.2389 top5 0.5049
    [07:10:01] step 4375/5625 | avg train loss 2.6149 top1 0.2393 top5 0.5049
    [07:10:04] step 4400/5625 | avg train loss 2.6150 top1 0.2394 top5 0.5051
    [07:10:08] step 4425/5625 | avg train loss 2.6135 top1 0.2401 top5 0.5055
    [07:10:11] step 4450/5625 | avg train loss 2.6141 top1 0.2401 top5 0.5058
    [07:10:15] step 4475/5625 | avg train loss 2.6144 top1 0.2402 top5 0.5058
    [07:10:18] step 4500/5625 | avg train loss 2.6139 top1 0.2404 top5 0.5057
    [07:10:22] step 4525/5625 | avg train loss 2.6134 top1 0.2404 top5 0.5059
    [07:10:25] step 4550/5625 | avg train loss 2.6143 top1 0.2404 top5 0.5060
    [07:10:29] step 4575/5625 | avg train loss 2.6133 top1 0.2406 top5 0.5060
    [07:10:32] step 4600/5625 | avg train loss 2.6127 top1 0.2408 top5 0.5063
    [07:10:36] step 4625/5625 | avg train loss 2.6116 top1 0.2411 top5 0.5067
    [07:10:39] step 4650/5625 | avg train loss 2.6127 top1 0.2410 top5 0.5069
    [07:10:42] step 4675/5625 | avg train loss 2.6131 top1 0.2409 top5 0.5067
    [07:10:46] step 4700/5625 | avg train loss 2.6119 top1 0.2409 top5 0.5066
    [07:10:49] step 4725/5625 | avg train loss 2.6125 top1 0.2406 top5 0.5065
    [07:10:53] step 4750/5625 | avg train loss 2.6120 top1 0.2406 top5 0.5066
    [07:10:56] step 4775/5625 | avg train loss 2.6102 top1 0.2414 top5 0.5073
    [07:11:00] step 4800/5625 | avg train loss 2.6102 top1 0.2416 top5 0.5073
    [07:11:03] step 4825/5625 | avg train loss 2.6104 top1 0.2416 top5 0.5075
    [07:11:07] step 4850/5625 | avg train loss 2.6105 top1 0.2414 top5 0.5074
    [07:11:10] step 4875/5625 | avg train loss 2.6108 top1 0.2414 top5 0.5072
    [07:11:14] step 4900/5625 | avg train loss 2.6108 top1 0.2417 top5 0.5074
    [07:11:17] step 4925/5625 | avg train loss 2.6109 top1 0.2417 top5 0.5073
    [07:11:20] step 4950/5625 | avg train loss 2.6116 top1 0.2417 top5 0.5075
    [07:11:24] step 4975/5625 | avg train loss 2.6120 top1 0.2416 top5 0.5073
    [07:11:27] step 5000/5625 | avg train loss 2.6116 top1 0.2417 top5 0.5073
    [07:11:31] step 5025/5625 | avg train loss 2.6112 top1 0.2415 top5 0.5074
    [07:11:34] step 5050/5625 | avg train loss 2.6110 top1 0.2416 top5 0.5076
    [07:11:38] step 5075/5625 | avg train loss 2.6102 top1 0.2419 top5 0.5080
    [07:11:41] step 5100/5625 | avg train loss 2.6105 top1 0.2418 top5 0.5080
    [07:11:44] step 5125/5625 | avg train loss 2.6108 top1 0.2419 top5 0.5079
    [07:11:48] step 5150/5625 | avg train loss 2.6101 top1 0.2421 top5 0.5083
    [07:11:51] step 5175/5625 | avg train loss 2.6102 top1 0.2420 top5 0.5084
    [07:11:55] step 5200/5625 | avg train loss 2.6100 top1 0.2420 top5 0.5085
    [07:11:58] step 5225/5625 | avg train loss 2.6095 top1 0.2420 top5 0.5089
    [07:12:02] step 5250/5625 | avg train loss 2.6101 top1 0.2420 top5 0.5091
    [07:12:05] step 5275/5625 | avg train loss 2.6103 top1 0.2417 top5 0.5094
    [07:12:09] step 5300/5625 | avg train loss 2.6102 top1 0.2416 top5 0.5092
    [07:12:12] step 5325/5625 | avg train loss 2.6107 top1 0.2415 top5 0.5092
    [07:12:15] step 5350/5625 | avg train loss 2.6111 top1 0.2413 top5 0.5091
    [07:12:19] step 5375/5625 | avg train loss 2.6108 top1 0.2411 top5 0.5090
    [07:12:22] step 5400/5625 | avg train loss 2.6108 top1 0.2409 top5 0.5089
    [07:12:26] step 5425/5625 | avg train loss 2.6109 top1 0.2411 top5 0.5089
    [07:12:29] step 5450/5625 | avg train loss 2.6104 top1 0.2409 top5 0.5090
    [07:12:33] step 5475/5625 | avg train loss 2.6106 top1 0.2409 top5 0.5091
    [07:12:36] step 5500/5625 | avg train loss 2.6105 top1 0.2408 top5 0.5086
    [07:12:39] step 5525/5625 | avg train loss 2.6110 top1 0.2406 top5 0.5089
    [07:12:43] step 5550/5625 | avg train loss 2.6106 top1 0.2407 top5 0.5087
    [07:12:46] step 5575/5625 | avg train loss 2.6115 top1 0.2405 top5 0.5087
    [07:12:50] step 5600/5625 | avg train loss 2.6116 top1 0.2406 top5 0.5088
    [07:12:53] step 5625/5625 | avg train loss 2.6126 top1 0.2405 top5 0.5085
Epoch 7/50 | train loss 2.6126 top1 0.2405 | val loss 2.2224 top1 0.3665 top5 0.7269 | ema val top1 0.1176 top5 0.3520
  [head-diag] mlp_activity_ratio=2.7654, query_pairwise_cosine=0.0942
  Saved new best checkpoint (live): /Data/romain.poggi/smth2smth/checkpoints/track_a/videomaev2+ft/arch2-perceiver-q16.pt (val top1=0.3665)
    [07:14:02] step 25/5625 | avg train loss 2.5800 top1 0.2400 top5 0.5500
    [07:14:05] step 50/5625 | avg train loss 2.5446 top1 0.2400 top5 0.5550
    [07:14:09] step 75/5625 | avg train loss 2.5621 top1 0.2500 top5 0.5733
    [07:14:12] step 100/5625 | avg train loss 2.6034 top1 0.2500 top5 0.5513
    [07:14:16] step 125/5625 | avg train loss 2.6096 top1 0.2390 top5 0.5270
    [07:14:19] step 150/5625 | avg train loss 2.5896 top1 0.2500 top5 0.5333
    [07:14:23] step 175/5625 | avg train loss 2.5734 top1 0.2643 top5 0.5486
    [07:14:26] step 200/5625 | avg train loss 2.5654 top1 0.2637 top5 0.5494
    [07:14:30] step 225/5625 | avg train loss 2.5682 top1 0.2550 top5 0.5417
    [07:14:33] step 250/5625 | avg train loss 2.5834 top1 0.2525 top5 0.5355
    [07:14:36] step 275/5625 | avg train loss 2.5930 top1 0.2514 top5 0.5323
    [07:14:40] step 300/5625 | avg train loss 2.5879 top1 0.2546 top5 0.5400
    [07:14:43] step 325/5625 | avg train loss 2.5746 top1 0.2554 top5 0.5435
    [07:14:47] step 350/5625 | avg train loss 2.5883 top1 0.2536 top5 0.5404
    [07:14:50] step 375/5625 | avg train loss 2.5966 top1 0.2507 top5 0.5380
    [07:14:54] step 400/5625 | avg train loss 2.6004 top1 0.2475 top5 0.5356
    [07:14:57] step 425/5625 | avg train loss 2.5917 top1 0.2491 top5 0.5350
    [07:15:01] step 450/5625 | avg train loss 2.5840 top1 0.2522 top5 0.5367
    [07:15:04] step 475/5625 | avg train loss 2.5867 top1 0.2500 top5 0.5287
    [07:15:07] step 500/5625 | avg train loss 2.5710 top1 0.2520 top5 0.5305
    [07:15:11] step 525/5625 | avg train loss 2.5764 top1 0.2502 top5 0.5281
    [07:15:14] step 550/5625 | avg train loss 2.5778 top1 0.2475 top5 0.5259
    [07:15:18] step 575/5625 | avg train loss 2.5801 top1 0.2472 top5 0.5272
    [07:15:21] step 600/5625 | avg train loss 2.5756 top1 0.2483 top5 0.5267
    [07:15:25] step 625/5625 | avg train loss 2.5813 top1 0.2486 top5 0.5280
    [07:15:28] step 650/5625 | avg train loss 2.5826 top1 0.2467 top5 0.5267
    [07:15:31] step 675/5625 | avg train loss 2.5777 top1 0.2481 top5 0.5293
    [07:15:35] step 700/5625 | avg train loss 2.5848 top1 0.2468 top5 0.5279
    [07:15:38] step 725/5625 | avg train loss 2.5883 top1 0.2450 top5 0.5255
    [07:15:42] step 750/5625 | avg train loss 2.5927 top1 0.2432 top5 0.5238
    [07:15:45] step 775/5625 | avg train loss 2.6016 top1 0.2402 top5 0.5203
    [07:15:49] step 800/5625 | avg train loss 2.5984 top1 0.2414 top5 0.5194
    [07:15:52] step 825/5625 | avg train loss 2.6020 top1 0.2406 top5 0.5194
    [07:15:55] step 850/5625 | avg train loss 2.6010 top1 0.2393 top5 0.5175
    [07:15:59] step 875/5625 | avg train loss 2.5981 top1 0.2389 top5 0.5171
    [07:16:02] step 900/5625 | avg train loss 2.5971 top1 0.2394 top5 0.5174
    [07:16:06] step 925/5625 | avg train loss 2.5962 top1 0.2382 top5 0.5176
    [07:16:09] step 950/5625 | avg train loss 2.5942 top1 0.2403 top5 0.5195
    [07:16:13] step 975/5625 | avg train loss 2.5949 top1 0.2413 top5 0.5191
    [07:16:16] step 1000/5625 | avg train loss 2.5973 top1 0.2409 top5 0.5169
    [07:16:19] step 1025/5625 | avg train loss 2.5942 top1 0.2420 top5 0.5187
    [07:16:23] step 1050/5625 | avg train loss 2.5940 top1 0.2411 top5 0.5173
    [07:16:26] step 1075/5625 | avg train loss 2.5915 top1 0.2406 top5 0.5173
    [07:16:30] step 1100/5625 | avg train loss 2.5895 top1 0.2406 top5 0.5172
    [07:16:33] step 1125/5625 | avg train loss 2.5913 top1 0.2412 top5 0.5178
    [07:16:37] step 1150/5625 | avg train loss 2.5875 top1 0.2412 top5 0.5196
    [07:16:40] step 1175/5625 | avg train loss 2.5901 top1 0.2411 top5 0.5174
    [07:16:43] step 1200/5625 | avg train loss 2.5914 top1 0.2399 top5 0.5155
    [07:16:47] step 1225/5625 | avg train loss 2.5895 top1 0.2400 top5 0.5148
    [07:16:50] step 1250/5625 | avg train loss 2.5860 top1 0.2396 top5 0.5136
    [07:16:54] step 1275/5625 | avg train loss 2.5891 top1 0.2404 top5 0.5136
    [07:16:57] step 1300/5625 | avg train loss 2.5868 top1 0.2408 top5 0.5153
    [07:17:01] step 1325/5625 | avg train loss 2.5895 top1 0.2398 top5 0.5145
    [07:17:04] step 1350/5625 | avg train loss 2.5921 top1 0.2390 top5 0.5131
    [07:17:08] step 1375/5625 | avg train loss 2.5933 top1 0.2383 top5 0.5115
    [07:17:11] step 1400/5625 | avg train loss 2.5930 top1 0.2376 top5 0.5116
    [07:17:15] step 1425/5625 | avg train loss 2.5950 top1 0.2372 top5 0.5108
    [07:17:18] step 1450/5625 | avg train loss 2.5973 top1 0.2367 top5 0.5096
    [07:17:21] step 1475/5625 | avg train loss 2.5962 top1 0.2371 top5 0.5105
    [07:17:25] step 1500/5625 | avg train loss 2.5992 top1 0.2362 top5 0.5097
    [07:17:28] step 1525/5625 | avg train loss 2.6003 top1 0.2353 top5 0.5097
    [07:17:32] step 1550/5625 | avg train loss 2.6009 top1 0.2356 top5 0.5097
    [07:17:35] step 1575/5625 | avg train loss 2.6008 top1 0.2355 top5 0.5089
    [07:17:39] step 1600/5625 | avg train loss 2.6017 top1 0.2357 top5 0.5085
    [07:17:42] step 1625/5625 | avg train loss 2.6019 top1 0.2352 top5 0.5081
    [07:17:45] step 1650/5625 | avg train loss 2.6013 top1 0.2362 top5 0.5091
    [07:17:49] step 1675/5625 | avg train loss 2.5977 top1 0.2372 top5 0.5099
    [07:17:52] step 1700/5625 | avg train loss 2.5956 top1 0.2374 top5 0.5111
    [07:17:56] step 1725/5625 | avg train loss 2.5943 top1 0.2375 top5 0.5107
    [07:17:59] step 1750/5625 | avg train loss 2.5914 top1 0.2377 top5 0.5108
    [07:18:03] step 1775/5625 | avg train loss 2.5917 top1 0.2375 top5 0.5107
    [07:18:06] step 1800/5625 | avg train loss 2.5898 top1 0.2371 top5 0.5103
    [07:18:10] step 1825/5625 | avg train loss 2.5898 top1 0.2374 top5 0.5103
    [07:18:13] step 1850/5625 | avg train loss 2.5895 top1 0.2377 top5 0.5098
    [07:18:17] step 1875/5625 | avg train loss 2.5910 top1 0.2369 top5 0.5089
    [07:18:20] step 1900/5625 | avg train loss 2.5902 top1 0.2376 top5 0.5101
    [07:18:23] step 1925/5625 | avg train loss 2.5910 top1 0.2381 top5 0.5100
    [07:18:27] step 1950/5625 | avg train loss 2.5936 top1 0.2375 top5 0.5090
    [07:18:30] step 1975/5625 | avg train loss 2.5956 top1 0.2369 top5 0.5081
    [07:18:34] step 2000/5625 | avg train loss 2.5987 top1 0.2362 top5 0.5076
    [07:18:37] step 2025/5625 | avg train loss 2.5990 top1 0.2359 top5 0.5075
    [07:18:41] step 2050/5625 | avg train loss 2.6004 top1 0.2362 top5 0.5078
    [07:18:44] step 2075/5625 | avg train loss 2.6023 top1 0.2361 top5 0.5074
    [07:18:47] step 2100/5625 | avg train loss 2.6025 top1 0.2360 top5 0.5073
    [07:18:51] step 2125/5625 | avg train loss 2.6011 top1 0.2360 top5 0.5072
    [07:18:54] step 2150/5625 | avg train loss 2.5989 top1 0.2363 top5 0.5074
    [07:18:58] step 2175/5625 | avg train loss 2.6001 top1 0.2369 top5 0.5076
    [07:19:01] step 2200/5625 | avg train loss 2.6004 top1 0.2373 top5 0.5084
    [07:19:05] step 2225/5625 | avg train loss 2.5997 top1 0.2381 top5 0.5087
    [07:19:08] step 2250/5625 | avg train loss 2.5999 top1 0.2381 top5 0.5087
    [07:19:12] step 2275/5625 | avg train loss 2.5999 top1 0.2385 top5 0.5090
    [07:19:15] step 2300/5625 | avg train loss 2.6004 top1 0.2383 top5 0.5090
    [07:19:18] step 2325/5625 | avg train loss 2.5970 top1 0.2389 top5 0.5097
    [07:19:22] step 2350/5625 | avg train loss 2.5972 top1 0.2385 top5 0.5095
    [07:19:25] step 2375/5625 | avg train loss 2.5970 top1 0.2387 top5 0.5093
    [07:19:29] step 2400/5625 | avg train loss 2.5976 top1 0.2387 top5 0.5090
    [07:19:32] step 2425/5625 | avg train loss 2.5967 top1 0.2392 top5 0.5085
    [07:19:36] step 2450/5625 | avg train loss 2.5968 top1 0.2391 top5 0.5089
    [07:19:39] step 2475/5625 | avg train loss 2.5940 top1 0.2396 top5 0.5094
    [07:19:43] step 2500/5625 | avg train loss 2.5942 top1 0.2395 top5 0.5093
    [07:19:46] step 2525/5625 | avg train loss 2.5947 top1 0.2386 top5 0.5084
    [07:19:49] step 2550/5625 | avg train loss 2.5928 top1 0.2388 top5 0.5080
    [07:19:53] step 2575/5625 | avg train loss 2.5920 top1 0.2389 top5 0.5085
    [07:19:56] step 2600/5625 | avg train loss 2.5913 top1 0.2396 top5 0.5095
    [07:20:00] step 2625/5625 | avg train loss 2.5925 top1 0.2396 top5 0.5095
    [07:20:03] step 2650/5625 | avg train loss 2.5907 top1 0.2398 top5 0.5096
    [07:20:07] step 2675/5625 | avg train loss 2.5879 top1 0.2402 top5 0.5098
    [07:20:10] step 2700/5625 | avg train loss 2.5885 top1 0.2397 top5 0.5100
    [07:20:13] step 2725/5625 | avg train loss 2.5872 top1 0.2398 top5 0.5100
    [07:20:17] step 2750/5625 | avg train loss 2.5874 top1 0.2395 top5 0.5099
    [07:20:20] step 2775/5625 | avg train loss 2.5878 top1 0.2396 top5 0.5098
    [07:20:24] step 2800/5625 | avg train loss 2.5875 top1 0.2398 top5 0.5098
    [07:20:27] step 2825/5625 | avg train loss 2.5875 top1 0.2404 top5 0.5104
    [07:20:31] step 2850/5625 | avg train loss 2.5874 top1 0.2411 top5 0.5107
    [07:20:34] step 2875/5625 | avg train loss 2.5873 top1 0.2407 top5 0.5101
    [07:20:37] step 2900/5625 | avg train loss 2.5861 top1 0.2412 top5 0.5107
    [07:20:41] step 2925/5625 | avg train loss 2.5851 top1 0.2413 top5 0.5105
    [07:20:44] step 2950/5625 | avg train loss 2.5850 top1 0.2414 top5 0.5104
    [07:20:48] step 2975/5625 | avg train loss 2.5842 top1 0.2419 top5 0.5112
    [07:20:51] step 3000/5625 | avg train loss 2.5839 top1 0.2421 top5 0.5115
    [07:20:55] step 3025/5625 | avg train loss 2.5842 top1 0.2422 top5 0.5114
    [07:20:58] step 3050/5625 | avg train loss 2.5836 top1 0.2421 top5 0.5113
    [07:21:02] step 3075/5625 | avg train loss 2.5831 top1 0.2425 top5 0.5116
    [07:21:05] step 3100/5625 | avg train loss 2.5830 top1 0.2421 top5 0.5110
    [07:21:09] step 3125/5625 | avg train loss 2.5817 top1 0.2418 top5 0.5112
    [07:21:12] step 3150/5625 | avg train loss 2.5816 top1 0.2414 top5 0.5103
    [07:21:15] step 3175/5625 | avg train loss 2.5813 top1 0.2417 top5 0.5106
    [07:21:19] step 3200/5625 | avg train loss 2.5821 top1 0.2417 top5 0.5106
    [07:21:22] step 3225/5625 | avg train loss 2.5819 top1 0.2415 top5 0.5104
    [07:21:26] step 3250/5625 | avg train loss 2.5829 top1 0.2415 top5 0.5104
    [07:21:29] step 3275/5625 | avg train loss 2.5819 top1 0.2418 top5 0.5111
    [07:21:33] step 3300/5625 | avg train loss 2.5817 top1 0.2415 top5 0.5105
    [07:21:36] step 3325/5625 | avg train loss 2.5816 top1 0.2413 top5 0.5105
    [07:21:39] step 3350/5625 | avg train loss 2.5812 top1 0.2411 top5 0.5101
    [07:21:43] step 3375/5625 | avg train loss 2.5806 top1 0.2416 top5 0.5105
    [07:21:46] step 3400/5625 | avg train loss 2.5804 top1 0.2419 top5 0.5108
    [07:21:50] step 3425/5625 | avg train loss 2.5809 top1 0.2419 top5 0.5112
    [07:21:53] step 3450/5625 | avg train loss 2.5827 top1 0.2419 top5 0.5113
    [07:21:57] step 3475/5625 | avg train loss 2.5819 top1 0.2419 top5 0.5113
    [07:22:00] step 3500/5625 | avg train loss 2.5832 top1 0.2415 top5 0.5110
    [07:22:04] step 3525/5625 | avg train loss 2.5837 top1 0.2415 top5 0.5109
    [07:22:07] step 3550/5625 | avg train loss 2.5838 top1 0.2419 top5 0.5111
    [07:22:11] step 3575/5625 | avg train loss 2.5840 top1 0.2417 top5 0.5109
    [07:22:14] step 3600/5625 | avg train loss 2.5843 top1 0.2416 top5 0.5106
    [07:22:17] step 3625/5625 | avg train loss 2.5848 top1 0.2417 top5 0.5106
    [07:22:21] step 3650/5625 | avg train loss 2.5841 top1 0.2417 top5 0.5105
    [07:22:24] step 3675/5625 | avg train loss 2.5838 top1 0.2419 top5 0.5106
    [07:22:28] step 3700/5625 | avg train loss 2.5849 top1 0.2419 top5 0.5108
    [07:22:31] step 3725/5625 | avg train loss 2.5863 top1 0.2418 top5 0.5109
    [07:22:35] step 3750/5625 | avg train loss 2.5873 top1 0.2421 top5 0.5113
    [07:22:38] step 3775/5625 | avg train loss 2.5873 top1 0.2417 top5 0.5110
    [07:22:41] step 3800/5625 | avg train loss 2.5877 top1 0.2415 top5 0.5109
    [07:22:45] step 3825/5625 | avg train loss 2.5883 top1 0.2414 top5 0.5110
    [07:22:48] step 3850/5625 | avg train loss 2.5876 top1 0.2414 top5 0.5107
    [07:22:52] step 3875/5625 | avg train loss 2.5871 top1 0.2417 top5 0.5109
    [07:22:55] step 3900/5625 | avg train loss 2.5873 top1 0.2415 top5 0.5103
    [07:22:59] step 3925/5625 | avg train loss 2.5866 top1 0.2413 top5 0.5099
    [07:23:02] step 3950/5625 | avg train loss 2.5856 top1 0.2416 top5 0.5098
    [07:23:06] step 3975/5625 | avg train loss 2.5853 top1 0.2419 top5 0.5105
    [07:23:09] step 4000/5625 | avg train loss 2.5851 top1 0.2422 top5 0.5106
    [07:23:13] step 4025/5625 | avg train loss 2.5846 top1 0.2421 top5 0.5104
    [07:23:16] step 4050/5625 | avg train loss 2.5840 top1 0.2423 top5 0.5109
    [07:23:19] step 4075/5625 | avg train loss 2.5840 top1 0.2425 top5 0.5111
    [07:23:23] step 4100/5625 | avg train loss 2.5843 top1 0.2426 top5 0.5113
    [07:23:26] step 4125/5625 | avg train loss 2.5853 top1 0.2425 top5 0.5114
    [07:23:30] step 4150/5625 | avg train loss 2.5848 top1 0.2426 top5 0.5118
    [07:23:33] step 4175/5625 | avg train loss 2.5844 top1 0.2425 top5 0.5117
    [07:23:37] step 4200/5625 | avg train loss 2.5842 top1 0.2425 top5 0.5119
    [07:23:40] step 4225/5625 | avg train loss 2.5843 top1 0.2427 top5 0.5119
    [07:23:43] step 4250/5625 | avg train loss 2.5841 top1 0.2430 top5 0.5121
    [07:23:47] step 4275/5625 | avg train loss 2.5832 top1 0.2430 top5 0.5120
    [07:23:50] step 4300/5625 | avg train loss 2.5830 top1 0.2431 top5 0.5122
    [07:23:54] step 4325/5625 | avg train loss 2.5840 top1 0.2429 top5 0.5121
    [07:23:57] step 4350/5625 | avg train loss 2.5831 top1 0.2430 top5 0.5120
    [07:24:01] step 4375/5625 | avg train loss 2.5839 top1 0.2428 top5 0.5116
    [07:24:04] step 4400/5625 | avg train loss 2.5830 top1 0.2431 top5 0.5119
    [07:24:08] step 4425/5625 | avg train loss 2.5836 top1 0.2432 top5 0.5119
    [07:24:11] step 4450/5625 | avg train loss 2.5833 top1 0.2430 top5 0.5119
    [07:24:14] step 4475/5625 | avg train loss 2.5832 top1 0.2429 top5 0.5118
    [07:24:18] step 4500/5625 | avg train loss 2.5846 top1 0.2424 top5 0.5113
    [07:24:21] step 4525/5625 | avg train loss 2.5843 top1 0.2425 top5 0.5112
    [07:24:25] step 4550/5625 | avg train loss 2.5849 top1 0.2423 top5 0.5107
    [07:24:28] step 4575/5625 | avg train loss 2.5840 top1 0.2423 top5 0.5107
    [07:24:32] step 4600/5625 | avg train loss 2.5842 top1 0.2419 top5 0.5103
    [07:24:35] step 4625/5625 | avg train loss 2.5831 top1 0.2421 top5 0.5103
    [07:24:38] step 4650/5625 | avg train loss 2.5838 top1 0.2424 top5 0.5103
    [07:24:42] step 4675/5625 | avg train loss 2.5840 top1 0.2425 top5 0.5104
    [07:24:45] step 4700/5625 | avg train loss 2.5846 top1 0.2425 top5 0.5103
    [07:24:49] step 4725/5625 | avg train loss 2.5846 top1 0.2424 top5 0.5106
    [07:24:52] step 4750/5625 | avg train loss 2.5846 top1 0.2426 top5 0.5109
    [07:24:56] step 4775/5625 | avg train loss 2.5836 top1 0.2426 top5 0.5109
    [07:24:59] step 4800/5625 | avg train loss 2.5837 top1 0.2425 top5 0.5108
    [07:25:03] step 4825/5625 | avg train loss 2.5847 top1 0.2422 top5 0.5104
    [07:25:06] step 4850/5625 | avg train loss 2.5853 top1 0.2422 top5 0.5103
    [07:25:09] step 4875/5625 | avg train loss 2.5843 top1 0.2425 top5 0.5106
    [07:25:13] step 4900/5625 | avg train loss 2.5843 top1 0.2424 top5 0.5105
    [07:25:16] step 4925/5625 | avg train loss 2.5842 top1 0.2425 top5 0.5103
    [07:25:20] step 4950/5625 | avg train loss 2.5840 top1 0.2422 top5 0.5101
    [07:25:23] step 4975/5625 | avg train loss 2.5835 top1 0.2425 top5 0.5104
    [07:25:27] step 5000/5625 | avg train loss 2.5829 top1 0.2429 top5 0.5110
    [07:25:30] step 5025/5625 | avg train loss 2.5831 top1 0.2428 top5 0.5111
    [07:25:34] step 5050/5625 | avg train loss 2.5834 top1 0.2426 top5 0.5108
    [07:25:37] step 5075/5625 | avg train loss 2.5836 top1 0.2426 top5 0.5106
    [07:25:40] step 5100/5625 | avg train loss 2.5830 top1 0.2429 top5 0.5107
    [07:25:44] step 5125/5625 | avg train loss 2.5836 top1 0.2428 top5 0.5103
    [07:25:47] step 5150/5625 | avg train loss 2.5826 top1 0.2431 top5 0.5107
    [07:25:51] step 5175/5625 | avg train loss 2.5824 top1 0.2434 top5 0.5109
    [07:25:54] step 5200/5625 | avg train loss 2.5825 top1 0.2434 top5 0.5107
    [07:25:58] step 5225/5625 | avg train loss 2.5827 top1 0.2435 top5 0.5111
    [07:26:01] step 5250/5625 | avg train loss 2.5828 top1 0.2434 top5 0.5110
    [07:26:04] step 5275/5625 | avg train loss 2.5827 top1 0.2433 top5 0.5108
    [07:26:08] step 5300/5625 | avg train loss 2.5827 top1 0.2434 top5 0.5108
    [07:26:11] step 5325/5625 | avg train loss 2.5823 top1 0.2436 top5 0.5111
    [07:26:15] step 5350/5625 | avg train loss 2.5831 top1 0.2436 top5 0.5112
    [07:26:18] step 5375/5625 | avg train loss 2.5814 top1 0.2440 top5 0.5117
    [07:26:22] step 5400/5625 | avg train loss 2.5817 top1 0.2441 top5 0.5118
    [07:26:25] step 5425/5625 | avg train loss 2.5824 top1 0.2438 top5 0.5115
    [07:26:29] step 5450/5625 | avg train loss 2.5829 top1 0.2437 top5 0.5116
    [07:26:32] step 5475/5625 | avg train loss 2.5830 top1 0.2437 top5 0.5115
    [07:26:35] step 5500/5625 | avg train loss 2.5831 top1 0.2437 top5 0.5117
    [07:26:39] step 5525/5625 | avg train loss 2.5838 top1 0.2436 top5 0.5114
    [07:26:42] step 5550/5625 | avg train loss 2.5840 top1 0.2433 top5 0.5113
    [07:26:46] step 5575/5625 | avg train loss 2.5844 top1 0.2432 top5 0.5112
    [07:26:49] step 5600/5625 | avg train loss 2.5846 top1 0.2431 top5 0.5113
    [07:26:53] step 5625/5625 | avg train loss 2.5848 top1 0.2432 top5 0.5115
Epoch 8/50 | train loss 2.5848 top1 0.2432 | val loss 2.1779 top1 0.3858 top5 0.7294 | ema val top1 0.1730 top5 0.4511
  [head-diag] mlp_activity_ratio=4.1473, query_pairwise_cosine=0.0929
  Saved new best checkpoint (live): /Data/romain.poggi/smth2smth/checkpoints/track_a/videomaev2+ft/arch2-perceiver-q16.pt (val top1=0.3858)
    [07:28:01] step 25/5625 | avg train loss 2.4905 top1 0.2500 top5 0.5100
    [07:28:05] step 50/5625 | avg train loss 2.5792 top1 0.2400 top5 0.4800
    [07:28:08] step 75/5625 | avg train loss 2.5810 top1 0.2500 top5 0.4933
    [07:28:12] step 100/5625 | avg train loss 2.5674 top1 0.2500 top5 0.5012
    [07:28:15] step 125/5625 | avg train loss 2.5375 top1 0.2470 top5 0.4990
    [07:28:19] step 150/5625 | avg train loss 2.5368 top1 0.2508 top5 0.5092
    [07:28:22] step 175/5625 | avg train loss 2.5549 top1 0.2529 top5 0.5071
    [07:28:26] step 200/5625 | avg train loss 2.5523 top1 0.2569 top5 0.5156
    [07:28:29] step 225/5625 | avg train loss 2.5301 top1 0.2644 top5 0.5222
    [07:28:32] step 250/5625 | avg train loss 2.5216 top1 0.2595 top5 0.5210
    [07:28:36] step 275/5625 | avg train loss 2.5413 top1 0.2600 top5 0.5173
    [07:28:39] step 300/5625 | avg train loss 2.5477 top1 0.2562 top5 0.5150
    [07:28:43] step 325/5625 | avg train loss 2.5526 top1 0.2573 top5 0.5150
    [07:28:46] step 350/5625 | avg train loss 2.5513 top1 0.2582 top5 0.5193
    [07:28:50] step 375/5625 | avg train loss 2.5421 top1 0.2583 top5 0.5183
    [07:28:53] step 400/5625 | avg train loss 2.5493 top1 0.2575 top5 0.5175
    [07:28:57] step 425/5625 | avg train loss 2.5469 top1 0.2597 top5 0.5206
    [07:29:00] step 450/5625 | avg train loss 2.5487 top1 0.2597 top5 0.5208
    [07:29:03] step 475/5625 | avg train loss 2.5537 top1 0.2589 top5 0.5197
    [07:29:07] step 500/5625 | avg train loss 2.5545 top1 0.2547 top5 0.5120
    [07:29:10] step 525/5625 | avg train loss 2.5555 top1 0.2538 top5 0.5126
    [07:29:14] step 550/5625 | avg train loss 2.5502 top1 0.2564 top5 0.5150
    [07:29:17] step 575/5625 | avg train loss 2.5498 top1 0.2578 top5 0.5170
    [07:29:20] step 600/5625 | avg train loss 2.5453 top1 0.2579 top5 0.5158
    [07:29:24] step 625/5625 | avg train loss 2.5505 top1 0.2592 top5 0.5190
    [07:29:27] step 650/5625 | avg train loss 2.5603 top1 0.2579 top5 0.5158
    [07:29:31] step 675/5625 | avg train loss 2.5572 top1 0.2589 top5 0.5191
    [07:29:34] step 700/5625 | avg train loss 2.5567 top1 0.2575 top5 0.5198
    [07:29:38] step 725/5625 | avg train loss 2.5565 top1 0.2552 top5 0.5176
    [07:29:41] step 750/5625 | avg train loss 2.5580 top1 0.2552 top5 0.5185
    [07:29:44] step 775/5625 | avg train loss 2.5571 top1 0.2574 top5 0.5213
    [07:29:48] step 800/5625 | avg train loss 2.5517 top1 0.2584 top5 0.5211
    [07:29:51] step 825/5625 | avg train loss 2.5564 top1 0.2574 top5 0.5215
    [07:29:55] step 850/5625 | avg train loss 2.5580 top1 0.2581 top5 0.5222
    [07:29:58] step 875/5625 | avg train loss 2.5633 top1 0.2567 top5 0.5207
    [07:30:02] step 900/5625 | avg train loss 2.5666 top1 0.2549 top5 0.5192
    [07:30:05] step 925/5625 | avg train loss 2.5703 top1 0.2520 top5 0.5166
    [07:30:08] step 950/5625 | avg train loss 2.5636 top1 0.2533 top5 0.5191
    [07:30:12] step 975/5625 | avg train loss 2.5582 top1 0.2540 top5 0.5205
    [07:30:15] step 1000/5625 | avg train loss 2.5567 top1 0.2545 top5 0.5210
    [07:30:19] step 1025/5625 | avg train loss 2.5565 top1 0.2538 top5 0.5218
    [07:30:22] step 1050/5625 | avg train loss 2.5543 top1 0.2542 top5 0.5231
    [07:30:26] step 1075/5625 | avg train loss 2.5541 top1 0.2537 top5 0.5230
    [07:30:29] step 1100/5625 | avg train loss 2.5588 top1 0.2519 top5 0.5216
    [07:30:33] step 1125/5625 | avg train loss 2.5590 top1 0.2517 top5 0.5213
    [07:30:36] step 1150/5625 | avg train loss 2.5601 top1 0.2517 top5 0.5220
    [07:30:39] step 1175/5625 | avg train loss 2.5664 top1 0.2509 top5 0.5214
    [07:30:43] step 1200/5625 | avg train loss 2.5648 top1 0.2505 top5 0.5204
    [07:30:46] step 1225/5625 | avg train loss 2.5695 top1 0.2493 top5 0.5196
    [07:30:50] step 1250/5625 | avg train loss 2.5701 top1 0.2486 top5 0.5189
    [07:30:53] step 1275/5625 | avg train loss 2.5693 top1 0.2483 top5 0.5184
    [07:30:57] step 1300/5625 | avg train loss 2.5722 top1 0.2471 top5 0.5156
    [07:31:00] step 1325/5625 | avg train loss 2.5729 top1 0.2478 top5 0.5155
    [07:31:04] step 1350/5625 | avg train loss 2.5736 top1 0.2484 top5 0.5162
    [07:31:07] step 1375/5625 | avg train loss 2.5711 top1 0.2486 top5 0.5155
    [07:31:10] step 1400/5625 | avg train loss 2.5713 top1 0.2482 top5 0.5151
    [07:31:14] step 1425/5625 | avg train loss 2.5710 top1 0.2484 top5 0.5151
    [07:31:17] step 1450/5625 | avg train loss 2.5691 top1 0.2486 top5 0.5156
    [07:31:21] step 1475/5625 | avg train loss 2.5685 top1 0.2483 top5 0.5160
    [07:31:24] step 1500/5625 | avg train loss 2.5711 top1 0.2476 top5 0.5162
    [07:31:28] step 1525/5625 | avg train loss 2.5726 top1 0.2476 top5 0.5161
    [07:31:31] step 1550/5625 | avg train loss 2.5758 top1 0.2473 top5 0.5151
    [07:31:34] step 1575/5625 | avg train loss 2.5744 top1 0.2475 top5 0.5160
    [07:31:38] step 1600/5625 | avg train loss 2.5725 top1 0.2486 top5 0.5173
    [07:31:41] step 1625/5625 | avg train loss 2.5692 top1 0.2496 top5 0.5189
    [07:31:45] step 1650/5625 | avg train loss 2.5689 top1 0.2486 top5 0.5179
    [07:31:48] step 1675/5625 | avg train loss 2.5702 top1 0.2481 top5 0.5174
    [07:31:52] step 1700/5625 | avg train loss 2.5714 top1 0.2480 top5 0.5172
    [07:31:55] step 1725/5625 | avg train loss 2.5699 top1 0.2493 top5 0.5174
    [07:31:58] step 1750/5625 | avg train loss 2.5675 top1 0.2501 top5 0.5181
    [07:32:02] step 1775/5625 | avg train loss 2.5691 top1 0.2489 top5 0.5172
    [07:32:05] step 1800/5625 | avg train loss 2.5705 top1 0.2489 top5 0.5169
    [07:32:09] step 1825/5625 | avg train loss 2.5684 top1 0.2491 top5 0.5176
    [07:32:12] step 1850/5625 | avg train loss 2.5664 top1 0.2497 top5 0.5179
    [07:32:16] step 1875/5625 | avg train loss 2.5655 top1 0.2501 top5 0.5179
    [07:32:19] step 1900/5625 | avg train loss 2.5620 top1 0.2519 top5 0.5196
    [07:32:23] step 1925/5625 | avg train loss 2.5644 top1 0.2519 top5 0.5195
    [07:32:26] step 1950/5625 | avg train loss 2.5662 top1 0.2507 top5 0.5182
    [07:32:30] step 1975/5625 | avg train loss 2.5675 top1 0.2509 top5 0.5185
    [07:32:33] step 2000/5625 | avg train loss 2.5673 top1 0.2507 top5 0.5180
    [07:32:36] step 2025/5625 | avg train loss 2.5655 top1 0.2513 top5 0.5182
    [07:32:40] step 2050/5625 | avg train loss 2.5647 top1 0.2512 top5 0.5181
    [07:32:43] step 2075/5625 | avg train loss 2.5650 top1 0.2510 top5 0.5180
    [07:32:47] step 2100/5625 | avg train loss 2.5635 top1 0.2507 top5 0.5178
    [07:32:50] step 2125/5625 | avg train loss 2.5636 top1 0.2509 top5 0.5177
    [07:32:54] step 2150/5625 | avg train loss 2.5622 top1 0.2517 top5 0.5190
    [07:32:57] step 2175/5625 | avg train loss 2.5612 top1 0.2520 top5 0.5195
    [07:33:01] step 2200/5625 | avg train loss 2.5603 top1 0.2523 top5 0.5199
    [07:33:04] step 2225/5625 | avg train loss 2.5602 top1 0.2524 top5 0.5202
    [07:33:07] step 2250/5625 | avg train loss 2.5592 top1 0.2526 top5 0.5203
    [07:33:11] step 2275/5625 | avg train loss 2.5583 top1 0.2535 top5 0.5210
    [07:33:14] step 2300/5625 | avg train loss 2.5565 top1 0.2539 top5 0.5214
    [07:33:18] step 2325/5625 | avg train loss 2.5569 top1 0.2539 top5 0.5214
    [07:33:21] step 2350/5625 | avg train loss 2.5566 top1 0.2542 top5 0.5216
    [07:33:25] step 2375/5625 | avg train loss 2.5575 top1 0.2541 top5 0.5215
    [07:33:28] step 2400/5625 | avg train loss 2.5569 top1 0.2545 top5 0.5216
    [07:33:31] step 2425/5625 | avg train loss 2.5580 top1 0.2541 top5 0.5213
    [07:33:35] step 2450/5625 | avg train loss 2.5564 top1 0.2542 top5 0.5215
    [07:33:38] step 2475/5625 | avg train loss 2.5570 top1 0.2535 top5 0.5211
    [07:33:42] step 2500/5625 | avg train loss 2.5566 top1 0.2536 top5 0.5212
    [07:33:45] step 2525/5625 | avg train loss 2.5578 top1 0.2534 top5 0.5210
    [07:33:49] step 2550/5625 | avg train loss 2.5587 top1 0.2525 top5 0.5200
    [07:33:52] step 2575/5625 | avg train loss 2.5588 top1 0.2524 top5 0.5200
    [07:33:55] step 2600/5625 | avg train loss 2.5582 top1 0.2528 top5 0.5202
    [07:33:59] step 2625/5625 | avg train loss 2.5579 top1 0.2528 top5 0.5205
    [07:34:02] step 2650/5625 | avg train loss 2.5579 top1 0.2525 top5 0.5205
    [07:34:06] step 2675/5625 | avg train loss 2.5571 top1 0.2524 top5 0.5205
    [07:34:09] step 2700/5625 | avg train loss 2.5565 top1 0.2523 top5 0.5200
    [07:34:13] step 2725/5625 | avg train loss 2.5562 top1 0.2525 top5 0.5204
    [07:34:16] step 2750/5625 | avg train loss 2.5587 top1 0.2523 top5 0.5205
    [07:34:20] step 2775/5625 | avg train loss 2.5574 top1 0.2531 top5 0.5215
    [07:34:23] step 2800/5625 | avg train loss 2.5587 top1 0.2529 top5 0.5213
    [07:34:26] step 2825/5625 | avg train loss 2.5593 top1 0.2532 top5 0.5209
    [07:34:30] step 2850/5625 | avg train loss 2.5591 top1 0.2535 top5 0.5215
    [07:34:33] step 2875/5625 | avg train loss 2.5610 top1 0.2532 top5 0.5208
    [07:34:37] step 2900/5625 | avg train loss 2.5604 top1 0.2535 top5 0.5212
    [07:34:40] step 2925/5625 | avg train loss 2.5624 top1 0.2531 top5 0.5210
    [07:34:44] step 2950/5625 | avg train loss 2.5631 top1 0.2531 top5 0.5211
    [07:34:47] step 2975/5625 | avg train loss 2.5640 top1 0.2528 top5 0.5208
    [07:34:50] step 3000/5625 | avg train loss 2.5637 top1 0.2528 top5 0.5206
    [07:34:54] step 3025/5625 | avg train loss 2.5648 top1 0.2525 top5 0.5202
    [07:34:57] step 3050/5625 | avg train loss 2.5640 top1 0.2525 top5 0.5203
    [07:35:01] step 3075/5625 | avg train loss 2.5644 top1 0.2527 top5 0.5204
    [07:35:04] step 3100/5625 | avg train loss 2.5643 top1 0.2529 top5 0.5206
    [07:35:08] step 3125/5625 | avg train loss 2.5664 top1 0.2527 top5 0.5201
    [07:35:11] step 3150/5625 | avg train loss 2.5663 top1 0.2526 top5 0.5198
    [07:35:15] step 3175/5625 | avg train loss 2.5665 top1 0.2527 top5 0.5197
    [07:35:18] step 3200/5625 | avg train loss 2.5668 top1 0.2526 top5 0.5197
    [07:35:21] step 3225/5625 | avg train loss 2.5671 top1 0.2525 top5 0.5200
    [07:35:25] step 3250/5625 | avg train loss 2.5665 top1 0.2525 top5 0.5201
    [07:35:28] step 3275/5625 | avg train loss 2.5676 top1 0.2524 top5 0.5197
    [07:35:32] step 3300/5625 | avg train loss 2.5672 top1 0.2523 top5 0.5197
    [07:35:35] step 3325/5625 | avg train loss 2.5678 top1 0.2523 top5 0.5193
    [07:35:39] step 3350/5625 | avg train loss 2.5683 top1 0.2521 top5 0.5191
    [07:35:42] step 3375/5625 | avg train loss 2.5662 top1 0.2524 top5 0.5196
    [07:35:45] step 3400/5625 | avg train loss 2.5654 top1 0.2526 top5 0.5195
    [07:35:49] step 3425/5625 | avg train loss 2.5663 top1 0.2523 top5 0.5190
    [07:35:52] step 3450/5625 | avg train loss 2.5652 top1 0.2532 top5 0.5194
    [07:35:56] step 3475/5625 | avg train loss 2.5642 top1 0.2532 top5 0.5197
    [07:35:59] step 3500/5625 | avg train loss 2.5641 top1 0.2530 top5 0.5195
    [07:36:03] step 3525/5625 | avg train loss 2.5631 top1 0.2533 top5 0.5198
    [07:36:06] step 3550/5625 | avg train loss 2.5624 top1 0.2533 top5 0.5204
    [07:36:10] step 3575/5625 | avg train loss 2.5624 top1 0.2535 top5 0.5206
    [07:36:13] step 3600/5625 | avg train loss 2.5611 top1 0.2530 top5 0.5203
    [07:36:17] step 3625/5625 | avg train loss 2.5613 top1 0.2532 top5 0.5205
    [07:36:20] step 3650/5625 | avg train loss 2.5630 top1 0.2525 top5 0.5197
    [07:36:23] step 3675/5625 | avg train loss 2.5643 top1 0.2518 top5 0.5193
    [07:36:27] step 3700/5625 | avg train loss 2.5646 top1 0.2520 top5 0.5193
    [07:36:30] step 3725/5625 | avg train loss 2.5640 top1 0.2524 top5 0.5199
    [07:36:34] step 3750/5625 | avg train loss 2.5638 top1 0.2529 top5 0.5203
    [07:36:37] step 3775/5625 | avg train loss 2.5647 top1 0.2528 top5 0.5201
    [07:36:41] step 3800/5625 | avg train loss 2.5657 top1 0.2527 top5 0.5198
    [07:36:44] step 3825/5625 | avg train loss 2.5660 top1 0.2526 top5 0.5197
    [07:36:47] step 3850/5625 | avg train loss 2.5652 top1 0.2527 top5 0.5197
    [07:36:51] step 3875/5625 | avg train loss 2.5647 top1 0.2532 top5 0.5201
    [07:36:54] step 3900/5625 | avg train loss 2.5642 top1 0.2530 top5 0.5198
    [07:36:58] step 3925/5625 | avg train loss 2.5636 top1 0.2530 top5 0.5196
    [07:37:01] step 3950/5625 | avg train loss 2.5644 top1 0.2531 top5 0.5193
    [07:37:05] step 3975/5625 | avg train loss 2.5640 top1 0.2533 top5 0.5193
    [07:37:08] step 4000/5625 | avg train loss 2.5644 top1 0.2532 top5 0.5192
    [07:37:12] step 4025/5625 | avg train loss 2.5657 top1 0.2528 top5 0.5189
    [07:37:15] step 4050/5625 | avg train loss 2.5649 top1 0.2527 top5 0.5187
    [07:37:18] step 4075/5625 | avg train loss 2.5652 top1 0.2526 top5 0.5181
    [07:37:22] step 4100/5625 | avg train loss 2.5656 top1 0.2524 top5 0.5177
    [07:37:25] step 4125/5625 | avg train loss 2.5649 top1 0.2527 top5 0.5177
    [07:37:29] step 4150/5625 | avg train loss 2.5653 top1 0.2525 top5 0.5176
    [07:37:32] step 4175/5625 | avg train loss 2.5645 top1 0.2529 top5 0.5181
    [07:37:36] step 4200/5625 | avg train loss 2.5644 top1 0.2526 top5 0.5181
    [07:37:39] step 4225/5625 | avg train loss 2.5641 top1 0.2529 top5 0.5183
    [07:37:43] step 4250/5625 | avg train loss 2.5639 top1 0.2530 top5 0.5185
    [07:37:46] step 4275/5625 | avg train loss 2.5641 top1 0.2529 top5 0.5183
    [07:37:49] step 4300/5625 | avg train loss 2.5639 top1 0.2529 top5 0.5183
    [07:37:53] step 4325/5625 | avg train loss 2.5648 top1 0.2527 top5 0.5181
    [07:37:56] step 4350/5625 | avg train loss 2.5645 top1 0.2528 top5 0.5182
    [07:38:00] step 4375/5625 | avg train loss 2.5638 top1 0.2526 top5 0.5182
    [07:38:03] step 4400/5625 | avg train loss 2.5640 top1 0.2525 top5 0.5181
    [07:38:07] step 4425/5625 | avg train loss 2.5633 top1 0.2527 top5 0.5184
    [07:38:10] step 4450/5625 | avg train loss 2.5636 top1 0.2524 top5 0.5186
    [07:38:13] step 4475/5625 | avg train loss 2.5625 top1 0.2525 top5 0.5188
    [07:38:17] step 4500/5625 | avg train loss 2.5617 top1 0.2527 top5 0.5195
    [07:38:20] step 4525/5625 | avg train loss 2.5625 top1 0.2524 top5 0.5193
    [07:38:24] step 4550/5625 | avg train loss 2.5625 top1 0.2527 top5 0.5199
    [07:38:27] step 4575/5625 | avg train loss 2.5628 top1 0.2529 top5 0.5202
    [07:38:31] step 4600/5625 | avg train loss 2.5623 top1 0.2527 top5 0.5201
    [07:38:34] step 4625/5625 | avg train loss 2.5623 top1 0.2528 top5 0.5200
    [07:38:37] step 4650/5625 | avg train loss 2.5617 top1 0.2527 top5 0.5198
    [07:38:41] step 4675/5625 | avg train loss 2.5609 top1 0.2527 top5 0.5201
    [07:38:44] step 4700/5625 | avg train loss 2.5617 top1 0.2526 top5 0.5199
    [07:38:48] step 4725/5625 | avg train loss 2.5617 top1 0.2528 top5 0.5202
    [07:38:51] step 4750/5625 | avg train loss 2.5603 top1 0.2529 top5 0.5201
    [07:38:55] step 4775/5625 | avg train loss 2.5594 top1 0.2530 top5 0.5199
    [07:38:58] step 4800/5625 | avg train loss 2.5602 top1 0.2526 top5 0.5199
    [07:39:02] step 4825/5625 | avg train loss 2.5608 top1 0.2524 top5 0.5195
    [07:39:05] step 4850/5625 | avg train loss 2.5600 top1 0.2524 top5 0.5195
    [07:39:09] step 4875/5625 | avg train loss 2.5610 top1 0.2522 top5 0.5193
    [07:39:12] step 4900/5625 | avg train loss 2.5614 top1 0.2516 top5 0.5186
    [07:39:15] step 4925/5625 | avg train loss 2.5614 top1 0.2516 top5 0.5187
    [07:39:19] step 4950/5625 | avg train loss 2.5614 top1 0.2515 top5 0.5183
    [07:39:22] step 4975/5625 | avg train loss 2.5619 top1 0.2513 top5 0.5182
    [07:39:26] step 5000/5625 | avg train loss 2.5612 top1 0.2515 top5 0.5182
    [07:39:29] step 5025/5625 | avg train loss 2.5610 top1 0.2519 top5 0.5186
    [07:39:33] step 5050/5625 | avg train loss 2.5607 top1 0.2518 top5 0.5187
    [07:39:36] step 5075/5625 | avg train loss 2.5605 top1 0.2516 top5 0.5188
    [07:39:39] step 5100/5625 | avg train loss 2.5608 top1 0.2516 top5 0.5188
    [07:39:43] step 5125/5625 | avg train loss 2.5615 top1 0.2513 top5 0.5186
    [07:39:46] step 5150/5625 | avg train loss 2.5620 top1 0.2513 top5 0.5188
    [07:39:50] step 5175/5625 | avg train loss 2.5623 top1 0.2507 top5 0.5181
    [07:39:53] step 5200/5625 | avg train loss 2.5627 top1 0.2508 top5 0.5183
    [07:39:57] step 5225/5625 | avg train loss 2.5623 top1 0.2508 top5 0.5183
    [07:40:00] step 5250/5625 | avg train loss 2.5623 top1 0.2508 top5 0.5182
    [07:40:04] step 5275/5625 | avg train loss 2.5619 top1 0.2513 top5 0.5184
    [07:40:07] step 5300/5625 | avg train loss 2.5616 top1 0.2513 top5 0.5180
    [07:40:10] step 5325/5625 | avg train loss 2.5626 top1 0.2512 top5 0.5177
    [07:40:14] step 5350/5625 | avg train loss 2.5618 top1 0.2513 top5 0.5176
    [07:40:17] step 5375/5625 | avg train loss 2.5620 top1 0.2512 top5 0.5174
    [07:40:21] step 5400/5625 | avg train loss 2.5608 top1 0.2513 top5 0.5176
    [07:40:24] step 5425/5625 | avg train loss 2.5608 top1 0.2511 top5 0.5174
    [07:40:28] step 5450/5625 | avg train loss 2.5609 top1 0.2510 top5 0.5177
    [07:40:31] step 5475/5625 | avg train loss 2.5603 top1 0.2511 top5 0.5176
    [07:40:34] step 5500/5625 | avg train loss 2.5597 top1 0.2511 top5 0.5176
    [07:40:38] step 5525/5625 | avg train loss 2.5604 top1 0.2514 top5 0.5177
    [07:40:41] step 5550/5625 | avg train loss 2.5599 top1 0.2515 top5 0.5179
    [07:40:45] step 5575/5625 | avg train loss 2.5601 top1 0.2515 top5 0.5182
    [07:40:48] step 5600/5625 | avg train loss 2.5605 top1 0.2516 top5 0.5183
    [07:40:52] step 5625/5625 | avg train loss 2.5605 top1 0.2516 top5 0.5181
Epoch 9/50 | train loss 2.5605 top1 0.2516 | val loss 2.1925 top1 0.3729 top5 0.7401 | ema val top1 0.2270 top5 0.5291
  [head-diag] mlp_activity_ratio=4.0492, query_pairwise_cosine=0.1090
  No val top1 improvement (1/15); best remains 0.3858
    [07:42:00] step 25/5625 | avg train loss 2.6019 top1 0.3000 top5 0.6100
    [07:42:03] step 50/5625 | avg train loss 2.5498 top1 0.3000 top5 0.5850
    [07:42:07] step 75/5625 | avg train loss 2.4826 top1 0.2950 top5 0.5900
    [07:42:10] step 100/5625 | avg train loss 2.5002 top1 0.2838 top5 0.5687
    [07:42:13] step 125/5625 | avg train loss 2.5518 top1 0.2680 top5 0.5460
    [07:42:17] step 150/5625 | avg train loss 2.5301 top1 0.2650 top5 0.5383
    [07:42:20] step 175/5625 | avg train loss 2.5339 top1 0.2671 top5 0.5364
    [07:42:24] step 200/5625 | avg train loss 2.5305 top1 0.2687 top5 0.5294
    [07:42:27] step 225/5625 | avg train loss 2.5427 top1 0.2633 top5 0.5261
    [07:42:30] step 250/5625 | avg train loss 2.5454 top1 0.2620 top5 0.5220
    [07:42:34] step 275/5625 | avg train loss 2.5476 top1 0.2564 top5 0.5223
    [07:42:37] step 300/5625 | avg train loss 2.5538 top1 0.2537 top5 0.5162
    [07:42:41] step 325/5625 | avg train loss 2.5486 top1 0.2569 top5 0.5158
    [07:42:44] step 350/5625 | avg train loss 2.5418 top1 0.2571 top5 0.5121
    [07:42:48] step 375/5625 | avg train loss 2.5441 top1 0.2593 top5 0.5130
    [07:42:51] step 400/5625 | avg train loss 2.5487 top1 0.2575 top5 0.5162
    [07:42:54] step 425/5625 | avg train loss 2.5522 top1 0.2565 top5 0.5147
    [07:42:58] step 450/5625 | avg train loss 2.5585 top1 0.2550 top5 0.5136
    [07:43:01] step 475/5625 | avg train loss 2.5712 top1 0.2524 top5 0.5092
    [07:43:05] step 500/5625 | avg train loss 2.5667 top1 0.2527 top5 0.5108
    [07:43:08] step 525/5625 | avg train loss 2.5622 top1 0.2529 top5 0.5105
    [07:43:12] step 550/5625 | avg train loss 2.5644 top1 0.2525 top5 0.5100
    [07:43:15] step 575/5625 | avg train loss 2.5604 top1 0.2535 top5 0.5126
    [07:43:19] step 600/5625 | avg train loss 2.5614 top1 0.2515 top5 0.5115
    [07:43:22] step 625/5625 | avg train loss 2.5697 top1 0.2496 top5 0.5102
    [07:43:26] step 650/5625 | avg train loss 2.5651 top1 0.2502 top5 0.5119
    [07:43:29] step 675/5625 | avg train loss 2.5650 top1 0.2489 top5 0.5107
    [07:43:32] step 700/5625 | avg train loss 2.5618 top1 0.2482 top5 0.5114
    [07:43:36] step 725/5625 | avg train loss 2.5648 top1 0.2497 top5 0.5117
    [07:43:39] step 750/5625 | avg train loss 2.5617 top1 0.2495 top5 0.5138
    [07:43:43] step 775/5625 | avg train loss 2.5606 top1 0.2508 top5 0.5165
    [07:43:46] step 800/5625 | avg train loss 2.5556 top1 0.2537 top5 0.5173
    [07:43:50] step 825/5625 | avg train loss 2.5559 top1 0.2535 top5 0.5162
    [07:43:53] step 850/5625 | avg train loss 2.5563 top1 0.2522 top5 0.5166
    [07:43:57] step 875/5625 | avg train loss 2.5532 top1 0.2520 top5 0.5159
    [07:44:00] step 900/5625 | avg train loss 2.5551 top1 0.2525 top5 0.5147
    [07:44:03] step 925/5625 | avg train loss 2.5497 top1 0.2532 top5 0.5157
    [07:44:07] step 950/5625 | avg train loss 2.5523 top1 0.2514 top5 0.5143
    [07:44:10] step 975/5625 | avg train loss 2.5512 top1 0.2522 top5 0.5167
    [07:44:14] step 1000/5625 | avg train loss 2.5505 top1 0.2514 top5 0.5168
    [07:44:17] step 1025/5625 | avg train loss 2.5478 top1 0.2534 top5 0.5183
    [07:44:21] step 1050/5625 | avg train loss 2.5466 top1 0.2539 top5 0.5190
    [07:44:24] step 1075/5625 | avg train loss 2.5457 top1 0.2552 top5 0.5205
    [07:44:28] step 1100/5625 | avg train loss 2.5417 top1 0.2558 top5 0.5219
    [07:44:31] step 1125/5625 | avg train loss 2.5426 top1 0.2550 top5 0.5199
    [07:44:34] step 1150/5625 | avg train loss 2.5427 top1 0.2539 top5 0.5197
    [07:44:38] step 1175/5625 | avg train loss 2.5389 top1 0.2543 top5 0.5198
    [07:44:41] step 1200/5625 | avg train loss 2.5322 top1 0.2561 top5 0.5215
    [07:44:45] step 1225/5625 | avg train loss 2.5337 top1 0.2565 top5 0.5216
    [07:44:48] step 1250/5625 | avg train loss 2.5351 top1 0.2558 top5 0.5213
    [07:44:52] step 1275/5625 | avg train loss 2.5372 top1 0.2560 top5 0.5216
    [07:44:55] step 1300/5625 | avg train loss 2.5386 top1 0.2561 top5 0.5226
    [07:44:58] step 1325/5625 | avg train loss 2.5343 top1 0.2564 top5 0.5227
    [07:45:02] step 1350/5625 | avg train loss 2.5353 top1 0.2554 top5 0.5216
    [07:45:05] step 1375/5625 | avg train loss 2.5362 top1 0.2563 top5 0.5218
    [07:45:09] step 1400/5625 | avg train loss 2.5391 top1 0.2559 top5 0.5210
    [07:45:12] step 1425/5625 | avg train loss 2.5367 top1 0.2547 top5 0.5204
    [07:45:16] step 1450/5625 | avg train loss 2.5380 top1 0.2555 top5 0.5203
    [07:45:19] step 1475/5625 | avg train loss 2.5369 top1 0.2564 top5 0.5208
    [07:45:22] step 1500/5625 | avg train loss 2.5388 top1 0.2562 top5 0.5207
    [07:45:26] step 1525/5625 | avg train loss 2.5351 top1 0.2571 top5 0.5217
    [07:45:29] step 1550/5625 | avg train loss 2.5328 top1 0.2576 top5 0.5225
    [07:45:33] step 1575/5625 | avg train loss 2.5331 top1 0.2575 top5 0.5215
    [07:45:36] step 1600/5625 | avg train loss 2.5339 top1 0.2580 top5 0.5215
    [07:45:40] step 1625/5625 | avg train loss 2.5324 top1 0.2585 top5 0.5218
    [07:45:43] step 1650/5625 | avg train loss 2.5340 top1 0.2588 top5 0.5227
    [07:45:46] step 1675/5625 | avg train loss 2.5329 top1 0.2582 top5 0.5226
    [07:45:50] step 1700/5625 | avg train loss 2.5338 top1 0.2574 top5 0.5213
    [07:45:53] step 1725/5625 | avg train loss 2.5352 top1 0.2573 top5 0.5214
    [07:45:57] step 1750/5625 | avg train loss 2.5356 top1 0.2571 top5 0.5209
    [07:46:00] step 1775/5625 | avg train loss 2.5360 top1 0.2568 top5 0.5211
    [07:46:04] step 1800/5625 | avg train loss 2.5353 top1 0.2571 top5 0.5210
    [07:46:07] step 1825/5625 | avg train loss 2.5354 top1 0.2574 top5 0.5213
    [07:46:11] step 1850/5625 | avg train loss 2.5367 top1 0.2576 top5 0.5214
    [07:46:14] step 1875/5625 | avg train loss 2.5366 top1 0.2573 top5 0.5212
    [07:46:17] step 1900/5625 | avg train loss 2.5365 top1 0.2568 top5 0.5212
    [07:46:21] step 1925/5625 | avg train loss 2.5362 top1 0.2566 top5 0.5212
    [07:46:24] step 1950/5625 | avg train loss 2.5366 top1 0.2564 top5 0.5203
    [07:46:28] step 1975/5625 | avg train loss 2.5367 top1 0.2556 top5 0.5206
    [07:46:31] step 2000/5625 | avg train loss 2.5347 top1 0.2562 top5 0.5212
    [07:46:35] step 2025/5625 | avg train loss 2.5354 top1 0.2561 top5 0.5209
    [07:46:38] step 2050/5625 | avg train loss 2.5347 top1 0.2557 top5 0.5209
    [07:46:42] step 2075/5625 | avg train loss 2.5338 top1 0.2561 top5 0.5216
    [07:46:45] step 2100/5625 | avg train loss 2.5330 top1 0.2564 top5 0.5208
    [07:46:48] step 2125/5625 | avg train loss 2.5331 top1 0.2561 top5 0.5205
    [07:46:52] step 2150/5625 | avg train loss 2.5329 top1 0.2560 top5 0.5215
    [07:46:55] step 2175/5625 | avg train loss 2.5318 top1 0.2563 top5 0.5222
    [07:46:59] step 2200/5625 | avg train loss 2.5307 top1 0.2560 top5 0.5217
    [07:47:02] step 2225/5625 | avg train loss 2.5311 top1 0.2569 top5 0.5222
    [07:47:06] step 2250/5625 | avg train loss 2.5305 top1 0.2571 top5 0.5227
    [07:47:09] step 2275/5625 | avg train loss 2.5301 top1 0.2571 top5 0.5224
    [07:47:13] step 2300/5625 | avg train loss 2.5308 top1 0.2570 top5 0.5224
    [07:47:16] step 2325/5625 | avg train loss 2.5325 top1 0.2568 top5 0.5226
    [07:47:19] step 2350/5625 | avg train loss 2.5326 top1 0.2566 top5 0.5225
    [07:47:23] step 2375/5625 | avg train loss 2.5334 top1 0.2565 top5 0.5223
    [07:47:26] step 2400/5625 | avg train loss 2.5358 top1 0.2561 top5 0.5216
    [07:47:30] step 2425/5625 | avg train loss 2.5351 top1 0.2560 top5 0.5215
    [07:47:33] step 2450/5625 | avg train loss 2.5343 top1 0.2556 top5 0.5216
    [07:47:37] step 2475/5625 | avg train loss 2.5369 top1 0.2553 top5 0.5205
    [07:47:40] step 2500/5625 | avg train loss 2.5366 top1 0.2559 top5 0.5212
    [07:47:43] step 2525/5625 | avg train loss 2.5354 top1 0.2565 top5 0.5218
    [07:47:47] step 2550/5625 | avg train loss 2.5353 top1 0.2563 top5 0.5220
    [07:47:50] step 2575/5625 | avg train loss 2.5362 top1 0.2561 top5 0.5217
    [07:47:54] step 2600/5625 | avg train loss 2.5345 top1 0.2571 top5 0.5232
    [07:47:57] step 2625/5625 | avg train loss 2.5341 top1 0.2576 top5 0.5240
    [07:48:01] step 2650/5625 | avg train loss 2.5336 top1 0.2580 top5 0.5244
    [07:48:04] step 2675/5625 | avg train loss 2.5340 top1 0.2580 top5 0.5245
    [07:48:08] step 2700/5625 | avg train loss 2.5322 top1 0.2582 top5 0.5242
    [07:48:11] step 2725/5625 | avg train loss 2.5315 top1 0.2585 top5 0.5251
    [07:48:14] step 2750/5625 | avg train loss 2.5299 top1 0.2582 top5 0.5251
    [07:48:18] step 2775/5625 | avg train loss 2.5288 top1 0.2584 top5 0.5254
    [07:48:21] step 2800/5625 | avg train loss 2.5283 top1 0.2587 top5 0.5257
    [07:48:25] step 2825/5625 | avg train loss 2.5271 top1 0.2581 top5 0.5253
    [07:48:28] step 2850/5625 | avg train loss 2.5285 top1 0.2580 top5 0.5251
    [07:48:32] step 2875/5625 | avg train loss 2.5293 top1 0.2578 top5 0.5253
    [07:48:35] step 2900/5625 | avg train loss 2.5302 top1 0.2574 top5 0.5248
    [07:48:39] step 2925/5625 | avg train loss 2.5312 top1 0.2576 top5 0.5245
    [07:48:42] step 2950/5625 | avg train loss 2.5329 top1 0.2573 top5 0.5240
    [07:48:45] step 2975/5625 | avg train loss 2.5334 top1 0.2574 top5 0.5243
    [07:48:49] step 3000/5625 | avg train loss 2.5339 top1 0.2569 top5 0.5242
    [07:48:52] step 3025/5625 | avg train loss 2.5340 top1 0.2567 top5 0.5237
    [07:48:56] step 3050/5625 | avg train loss 2.5332 top1 0.2572 top5 0.5242
    [07:48:59] step 3075/5625 | avg train loss 2.5330 top1 0.2577 top5 0.5247
    [07:49:03] step 3100/5625 | avg train loss 2.5328 top1 0.2576 top5 0.5247
    [07:49:06] step 3125/5625 | avg train loss 2.5318 top1 0.2577 top5 0.5253
    [07:49:09] step 3150/5625 | avg train loss 2.5327 top1 0.2577 top5 0.5254
    [07:49:13] step 3175/5625 | avg train loss 2.5336 top1 0.2571 top5 0.5246
    [07:49:16] step 3200/5625 | avg train loss 2.5321 top1 0.2577 top5 0.5248
    [07:49:20] step 3225/5625 | avg train loss 2.5317 top1 0.2579 top5 0.5251
    [07:49:23] step 3250/5625 | avg train loss 2.5317 top1 0.2581 top5 0.5250
    [07:49:27] step 3275/5625 | avg train loss 2.5324 top1 0.2578 top5 0.5246
    [07:49:30] step 3300/5625 | avg train loss 2.5333 top1 0.2577 top5 0.5252
    [07:49:33] step 3325/5625 | avg train loss 2.5323 top1 0.2583 top5 0.5262
    [07:49:37] step 3350/5625 | avg train loss 2.5322 top1 0.2579 top5 0.5253
    [07:49:40] step 3375/5625 | avg train loss 2.5316 top1 0.2583 top5 0.5259
    [07:49:44] step 3400/5625 | avg train loss 2.5305 top1 0.2592 top5 0.5268
    [07:49:47] step 3425/5625 | avg train loss 2.5307 top1 0.2589 top5 0.5268
    [07:49:51] step 3450/5625 | avg train loss 2.5293 top1 0.2599 top5 0.5277
    [07:49:54] step 3475/5625 | avg train loss 2.5295 top1 0.2600 top5 0.5279
    [07:49:58] step 3500/5625 | avg train loss 2.5310 top1 0.2596 top5 0.5276
    [07:50:01] step 3525/5625 | avg train loss 2.5307 top1 0.2594 top5 0.5271
    [07:50:04] step 3550/5625 | avg train loss 2.5304 top1 0.2591 top5 0.5269
    [07:50:08] step 3575/5625 | avg train loss 2.5312 top1 0.2590 top5 0.5270
    [07:50:11] step 3600/5625 | avg train loss 2.5304 top1 0.2588 top5 0.5266
    [07:50:15] step 3625/5625 | avg train loss 2.5304 top1 0.2589 top5 0.5268
    [07:50:18] step 3650/5625 | avg train loss 2.5306 top1 0.2592 top5 0.5267
    [07:50:22] step 3675/5625 | avg train loss 2.5309 top1 0.2590 top5 0.5269
    [07:50:25] step 3700/5625 | avg train loss 2.5316 top1 0.2590 top5 0.5269
    [07:50:28] step 3725/5625 | avg train loss 2.5317 top1 0.2586 top5 0.5266
    [07:50:32] step 3750/5625 | avg train loss 2.5312 top1 0.2585 top5 0.5264
    [07:50:35] step 3775/5625 | avg train loss 2.5315 top1 0.2584 top5 0.5261
    [07:50:39] step 3800/5625 | avg train loss 2.5308 top1 0.2586 top5 0.5263
    [07:50:42] step 3825/5625 | avg train loss 2.5302 top1 0.2585 top5 0.5263
    [07:50:46] step 3850/5625 | avg train loss 2.5302 top1 0.2584 top5 0.5263
    [07:50:49] step 3875/5625 | avg train loss 2.5298 top1 0.2587 top5 0.5266
    [07:50:53] step 3900/5625 | avg train loss 2.5289 top1 0.2589 top5 0.5270
    [07:50:56] step 3925/5625 | avg train loss 2.5289 top1 0.2589 top5 0.5267
    [07:50:59] step 3950/5625 | avg train loss 2.5282 top1 0.2590 top5 0.5268
    [07:51:03] step 3975/5625 | avg train loss 2.5267 top1 0.2594 top5 0.5270
    [07:51:06] step 4000/5625 | avg train loss 2.5258 top1 0.2597 top5 0.5273
    [07:51:10] step 4025/5625 | avg train loss 2.5254 top1 0.2594 top5 0.5266
    [07:51:13] step 4050/5625 | avg train loss 2.5252 top1 0.2597 top5 0.5268
    [07:51:17] step 4075/5625 | avg train loss 2.5253 top1 0.2597 top5 0.5276
    [07:51:20] step 4100/5625 | avg train loss 2.5258 top1 0.2592 top5 0.5272
    [07:51:24] step 4125/5625 | avg train loss 2.5248 top1 0.2595 top5 0.5273
    [07:51:27] step 4150/5625 | avg train loss 2.5241 top1 0.2599 top5 0.5277
    [07:51:30] step 4175/5625 | avg train loss 2.5238 top1 0.2600 top5 0.5278
    [07:51:34] step 4200/5625 | avg train loss 2.5239 top1 0.2600 top5 0.5280
    [07:51:37] step 4225/5625 | avg train loss 2.5241 top1 0.2603 top5 0.5285
    [07:51:41] step 4250/5625 | avg train loss 2.5235 top1 0.2603 top5 0.5283
    [07:51:44] step 4275/5625 | avg train loss 2.5237 top1 0.2602 top5 0.5283
    [07:51:48] step 4300/5625 | avg train loss 2.5237 top1 0.2596 top5 0.5277
    [07:51:51] step 4325/5625 | avg train loss 2.5223 top1 0.2594 top5 0.5275
    [07:51:55] step 4350/5625 | avg train loss 2.5233 top1 0.2590 top5 0.5271
    [07:51:58] step 4375/5625 | avg train loss 2.5233 top1 0.2592 top5 0.5275
    [07:52:01] step 4400/5625 | avg train loss 2.5244 top1 0.2593 top5 0.5277
    [07:52:05] step 4425/5625 | avg train loss 2.5246 top1 0.2592 top5 0.5273
    [07:52:08] step 4450/5625 | avg train loss 2.5240 top1 0.2595 top5 0.5277
    [07:52:12] step 4475/5625 | avg train loss 2.5239 top1 0.2593 top5 0.5275
    [07:52:15] step 4500/5625 | avg train loss 2.5243 top1 0.2593 top5 0.5275
    [07:52:19] step 4525/5625 | avg train loss 2.5247 top1 0.2594 top5 0.5276
    [07:52:22] step 4550/5625 | avg train loss 2.5244 top1 0.2595 top5 0.5279
    [07:52:25] step 4575/5625 | avg train loss 2.5244 top1 0.2595 top5 0.5279
    [07:52:29] step 4600/5625 | avg train loss 2.5243 top1 0.2594 top5 0.5275
    [07:52:32] step 4625/5625 | avg train loss 2.5229 top1 0.2597 top5 0.5278
    [07:52:36] step 4650/5625 | avg train loss 2.5237 top1 0.2593 top5 0.5276
    [07:52:39] step 4675/5625 | avg train loss 2.5246 top1 0.2590 top5 0.5271
    [07:52:43] step 4700/5625 | avg train loss 2.5255 top1 0.2588 top5 0.5269
    [07:52:46] step 4725/5625 | avg train loss 2.5264 top1 0.2589 top5 0.5271
    [07:52:49] step 4750/5625 | avg train loss 2.5266 top1 0.2584 top5 0.5268
    [07:52:53] step 4775/5625 | avg train loss 2.5273 top1 0.2584 top5 0.5267
    [07:52:56] step 4800/5625 | avg train loss 2.5267 top1 0.2588 top5 0.5273
    [07:53:00] step 4825/5625 | avg train loss 2.5267 top1 0.2587 top5 0.5273
    [07:53:03] step 4850/5625 | avg train loss 2.5265 top1 0.2589 top5 0.5273
    [07:53:07] step 4875/5625 | avg train loss 2.5259 top1 0.2591 top5 0.5273
    [07:53:10] step 4900/5625 | avg train loss 2.5271 top1 0.2590 top5 0.5270
    [07:53:13] step 4925/5625 | avg train loss 2.5275 top1 0.2590 top5 0.5269
    [07:53:17] step 4950/5625 | avg train loss 2.5273 top1 0.2590 top5 0.5267
    [07:53:20] step 4975/5625 | avg train loss 2.5267 top1 0.2592 top5 0.5267
    [07:53:24] step 5000/5625 | avg train loss 2.5271 top1 0.2591 top5 0.5266
    [07:53:27] step 5025/5625 | avg train loss 2.5269 top1 0.2590 top5 0.5266
    [07:53:31] step 5050/5625 | avg train loss 2.5274 top1 0.2587 top5 0.5264
    [07:53:34] step 5075/5625 | avg train loss 2.5274 top1 0.2585 top5 0.5265
    [07:53:37] step 5100/5625 | avg train loss 2.5280 top1 0.2586 top5 0.5265
    [07:53:41] step 5125/5625 | avg train loss 2.5272 top1 0.2584 top5 0.5262
    [07:53:44] step 5150/5625 | avg train loss 2.5278 top1 0.2581 top5 0.5260
    [07:53:48] step 5175/5625 | avg train loss 2.5267 top1 0.2583 top5 0.5263
    [07:53:51] step 5200/5625 | avg train loss 2.5266 top1 0.2584 top5 0.5264
    [07:53:55] step 5225/5625 | avg train loss 2.5271 top1 0.2582 top5 0.5261
    [07:53:58] step 5250/5625 | avg train loss 2.5267 top1 0.2582 top5 0.5263
    [07:54:02] step 5275/5625 | avg train loss 2.5270 top1 0.2581 top5 0.5265
    [07:54:05] step 5300/5625 | avg train loss 2.5267 top1 0.2584 top5 0.5268
    [07:54:08] step 5325/5625 | avg train loss 2.5271 top1 0.2583 top5 0.5267
    [07:54:12] step 5350/5625 | avg train loss 2.5271 top1 0.2584 top5 0.5268
    [07:54:15] step 5375/5625 | avg train loss 2.5267 top1 0.2582 top5 0.5268
    [07:54:19] step 5400/5625 | avg train loss 2.5262 top1 0.2582 top5 0.5265
    [07:54:22] step 5425/5625 | avg train loss 2.5251 top1 0.2584 top5 0.5267
    [07:54:26] step 5450/5625 | avg train loss 2.5247 top1 0.2585 top5 0.5268
    [07:54:29] step 5475/5625 | avg train loss 2.5250 top1 0.2583 top5 0.5263
    [07:54:33] step 5500/5625 | avg train loss 2.5250 top1 0.2584 top5 0.5264
    [07:54:36] step 5525/5625 | avg train loss 2.5244 top1 0.2582 top5 0.5263
    [07:54:39] step 5550/5625 | avg train loss 2.5244 top1 0.2583 top5 0.5265
    [07:54:43] step 5575/5625 | avg train loss 2.5246 top1 0.2581 top5 0.5261
    [07:54:46] step 5600/5625 | avg train loss 2.5252 top1 0.2580 top5 0.5260
    [07:54:50] step 5625/5625 | avg train loss 2.5237 top1 0.2584 top5 0.5263
Epoch 10/50 | train loss 2.5237 top1 0.2584 | val loss 2.1012 top1 0.4136 top5 0.7505 | ema val top1 0.2692 top5 0.5901
  [head-diag] mlp_activity_ratio=3.6154, query_pairwise_cosine=0.1191
  Saved new best checkpoint (live): /Data/romain.poggi/smth2smth/checkpoints/track_a/videomaev2+ft/arch2-perceiver-q16.pt (val top1=0.4136)
    [07:55:58] step 25/5625 | avg train loss 2.5973 top1 0.2450 top5 0.5100
    [07:56:01] step 50/5625 | avg train loss 2.6044 top1 0.2425 top5 0.4825
    [07:56:05] step 75/5625 | avg train loss 2.5789 top1 0.2567 top5 0.5050
    [07:56:08] step 100/5625 | avg train loss 2.5228 top1 0.2700 top5 0.5288
    [07:56:12] step 125/5625 | avg train loss 2.5366 top1 0.2680 top5 0.5370
    [07:56:15] step 150/5625 | avg train loss 2.5189 top1 0.2783 top5 0.5342
    [07:56:19] step 175/5625 | avg train loss 2.5433 top1 0.2771 top5 0.5243
    [07:56:22] step 200/5625 | avg train loss 2.5341 top1 0.2737 top5 0.5275
    [07:56:25] step 225/5625 | avg train loss 2.5409 top1 0.2722 top5 0.5311
    [07:56:29] step 250/5625 | avg train loss 2.5531 top1 0.2670 top5 0.5240
    [07:56:32] step 275/5625 | avg train loss 2.5468 top1 0.2655 top5 0.5236
    [07:56:36] step 300/5625 | avg train loss 2.5632 top1 0.2604 top5 0.5179
    [07:56:39] step 325/5625 | avg train loss 2.5637 top1 0.2635 top5 0.5223
    [07:56:43] step 350/5625 | avg train loss 2.5614 top1 0.2614 top5 0.5196
    [07:56:46] step 375/5625 | avg train loss 2.5597 top1 0.2560 top5 0.5170
    [07:56:49] step 400/5625 | avg train loss 2.5562 top1 0.2572 top5 0.5231
    [07:56:53] step 425/5625 | avg train loss 2.5475 top1 0.2591 top5 0.5212
    [07:56:56] step 450/5625 | avg train loss 2.5440 top1 0.2600 top5 0.5222
    [07:57:00] step 475/5625 | avg train loss 2.5405 top1 0.2605 top5 0.5234
    [07:57:03] step 500/5625 | avg train loss 2.5515 top1 0.2575 top5 0.5185
    [07:57:07] step 525/5625 | avg train loss 2.5507 top1 0.2550 top5 0.5190
    [07:57:10] step 550/5625 | avg train loss 2.5474 top1 0.2577 top5 0.5220
    [07:57:13] step 575/5625 | avg train loss 2.5509 top1 0.2580 top5 0.5235
    [07:57:17] step 600/5625 | avg train loss 2.5454 top1 0.2596 top5 0.5219
    [07:57:20] step 625/5625 | avg train loss 2.5412 top1 0.2592 top5 0.5200
    [07:57:24] step 650/5625 | avg train loss 2.5432 top1 0.2615 top5 0.5206
    [07:57:27] step 675/5625 | avg train loss 2.5386 top1 0.2626 top5 0.5217
    [07:57:31] step 700/5625 | avg train loss 2.5375 top1 0.2616 top5 0.5193
    [07:57:34] step 725/5625 | avg train loss 2.5384 top1 0.2603 top5 0.5188
    [07:57:37] step 750/5625 | avg train loss 2.5385 top1 0.2617 top5 0.5198
    [07:57:41] step 775/5625 | avg train loss 2.5393 top1 0.2603 top5 0.5190
    [07:57:44] step 800/5625 | avg train loss 2.5400 top1 0.2600 top5 0.5203
    [07:57:48] step 825/5625 | avg train loss 2.5366 top1 0.2612 top5 0.5227
    [07:57:51] step 850/5625 | avg train loss 2.5342 top1 0.2632 top5 0.5243
    [07:57:55] step 875/5625 | avg train loss 2.5329 top1 0.2626 top5 0.5236
    [07:57:58] step 900/5625 | avg train loss 2.5353 top1 0.2622 top5 0.5238
    [07:58:01] step 925/5625 | avg train loss 2.5293 top1 0.2642 top5 0.5264
    [07:58:05] step 950/5625 | avg train loss 2.5299 top1 0.2628 top5 0.5250
    [07:58:08] step 975/5625 | avg train loss 2.5244 top1 0.2644 top5 0.5276
    [07:58:12] step 1000/5625 | avg train loss 2.5208 top1 0.2657 top5 0.5289
    [07:58:15] step 1025/5625 | avg train loss 2.5189 top1 0.2646 top5 0.5283
    [07:58:19] step 1050/5625 | avg train loss 2.5205 top1 0.2632 top5 0.5261
    [07:58:22] step 1075/5625 | avg train loss 2.5187 top1 0.2644 top5 0.5278
    [07:58:26] step 1100/5625 | avg train loss 2.5162 top1 0.2657 top5 0.5285
    [07:58:29] step 1125/5625 | avg train loss 2.5185 top1 0.2652 top5 0.5281
    [07:58:32] step 1150/5625 | avg train loss 2.5233 top1 0.2629 top5 0.5255
    [07:58:36] step 1175/5625 | avg train loss 2.5225 top1 0.2636 top5 0.5260
    [07:58:39] step 1200/5625 | avg train loss 2.5197 top1 0.2644 top5 0.5271
    [07:58:43] step 1225/5625 | avg train loss 2.5171 top1 0.2659 top5 0.5297
    [07:58:46] step 1250/5625 | avg train loss 2.5187 top1 0.2654 top5 0.5292
    [07:58:50] step 1275/5625 | avg train loss 2.5240 top1 0.2649 top5 0.5277
    [07:58:53] step 1300/5625 | avg train loss 2.5226 top1 0.2649 top5 0.5280
    [07:58:57] step 1325/5625 | avg train loss 2.5236 top1 0.2645 top5 0.5270
    [07:59:00] step 1350/5625 | avg train loss 2.5220 top1 0.2644 top5 0.5262
    [07:59:03] step 1375/5625 | avg train loss 2.5191 top1 0.2635 top5 0.5248
    [07:59:07] step 1400/5625 | avg train loss 2.5158 top1 0.2645 top5 0.5269
    [07:59:10] step 1425/5625 | avg train loss 2.5178 top1 0.2636 top5 0.5251
    [07:59:14] step 1450/5625 | avg train loss 2.5187 top1 0.2635 top5 0.5246
    [07:59:17] step 1475/5625 | avg train loss 2.5174 top1 0.2628 top5 0.5237
    [07:59:21] step 1500/5625 | avg train loss 2.5187 top1 0.2614 top5 0.5229
    [07:59:24] step 1525/5625 | avg train loss 2.5224 top1 0.2609 top5 0.5218
    [07:59:28] step 1550/5625 | avg train loss 2.5220 top1 0.2614 top5 0.5226
    [07:59:31] step 1575/5625 | avg train loss 2.5231 top1 0.2617 top5 0.5237
    [07:59:34] step 1600/5625 | avg train loss 2.5212 top1 0.2612 top5 0.5240
    [07:59:38] step 1625/5625 | avg train loss 2.5211 top1 0.2602 top5 0.5232
    [07:59:41] step 1650/5625 | avg train loss 2.5229 top1 0.2614 top5 0.5230
    [07:59:45] step 1675/5625 | avg train loss 2.5256 top1 0.2608 top5 0.5225
    [07:59:48] step 1700/5625 | avg train loss 2.5223 top1 0.2619 top5 0.5233
    [07:59:52] step 1725/5625 | avg train loss 2.5212 top1 0.2615 top5 0.5231
    [07:59:55] step 1750/5625 | avg train loss 2.5209 top1 0.2614 top5 0.5231
    [07:59:58] step 1775/5625 | avg train loss 2.5196 top1 0.2618 top5 0.5244
    [08:00:02] step 1800/5625 | avg train loss 2.5206 top1 0.2618 top5 0.5247
    [08:00:05] step 1825/5625 | avg train loss 2.5194 top1 0.2621 top5 0.5242
    [08:00:09] step 1850/5625 | avg train loss 2.5191 top1 0.2622 top5 0.5249
    [08:00:12] step 1875/5625 | avg train loss 2.5171 top1 0.2631 top5 0.5253
    [08:00:16] step 1900/5625 | avg train loss 2.5176 top1 0.2636 top5 0.5262
    [08:00:19] step 1925/5625 | avg train loss 2.5175 top1 0.2638 top5 0.5271
    [08:00:23] step 1950/5625 | avg train loss 2.5177 top1 0.2633 top5 0.5262
    [08:00:26] step 1975/5625 | avg train loss 2.5179 top1 0.2634 top5 0.5259
    [08:00:29] step 2000/5625 | avg train loss 2.5193 top1 0.2631 top5 0.5261
    [08:00:33] step 2025/5625 | avg train loss 2.5175 top1 0.2628 top5 0.5260
    [08:00:36] step 2050/5625 | avg train loss 2.5165 top1 0.2629 top5 0.5264
    [08:00:40] step 2075/5625 | avg train loss 2.5153 top1 0.2628 top5 0.5263
    [08:00:43] step 2100/5625 | avg train loss 2.5170 top1 0.2624 top5 0.5263
    [08:00:47] step 2125/5625 | avg train loss 2.5169 top1 0.2616 top5 0.5255
    [08:00:50] step 2150/5625 | avg train loss 2.5173 top1 0.2613 top5 0.5250
    [08:00:53] step 2175/5625 | avg train loss 2.5184 top1 0.2608 top5 0.5248
    [08:00:57] step 2200/5625 | avg train loss 2.5184 top1 0.2605 top5 0.5253
    [08:01:00] step 2225/5625 | avg train loss 2.5185 top1 0.2606 top5 0.5254
    [08:01:04] step 2250/5625 | avg train loss 2.5185 top1 0.2607 top5 0.5260
    [08:01:07] step 2275/5625 | avg train loss 2.5155 top1 0.2622 top5 0.5272
    [08:01:11] step 2300/5625 | avg train loss 2.5152 top1 0.2617 top5 0.5264
    [08:01:14] step 2325/5625 | avg train loss 2.5169 top1 0.2615 top5 0.5266
    [08:01:17] step 2350/5625 | avg train loss 2.5165 top1 0.2617 top5 0.5272
    [08:01:21] step 2375/5625 | avg train loss 2.5182 top1 0.2614 top5 0.5267
    [08:01:24] step 2400/5625 | avg train loss 2.5185 top1 0.2616 top5 0.5267
    [08:01:28] step 2425/5625 | avg train loss 2.5185 top1 0.2615 top5 0.5266
    [08:01:31] step 2450/5625 | avg train loss 2.5175 top1 0.2624 top5 0.5275
    [08:01:35] step 2475/5625 | avg train loss 2.5176 top1 0.2618 top5 0.5275
    [08:01:38] step 2500/5625 | avg train loss 2.5167 top1 0.2622 top5 0.5282
    [08:01:41] step 2525/5625 | avg train loss 2.5172 top1 0.2622 top5 0.5277
    [08:01:45] step 2550/5625 | avg train loss 2.5177 top1 0.2622 top5 0.5279
    [08:01:48] step 2575/5625 | avg train loss 2.5178 top1 0.2624 top5 0.5284
    [08:01:52] step 2600/5625 | avg train loss 2.5187 top1 0.2623 top5 0.5283
    [08:01:55] step 2625/5625 | avg train loss 2.5194 top1 0.2618 top5 0.5277
    [08:01:59] step 2650/5625 | avg train loss 2.5188 top1 0.2615 top5 0.5277
    [08:02:02] step 2675/5625 | avg train loss 2.5179 top1 0.2615 top5 0.5278
    [08:02:05] step 2700/5625 | avg train loss 2.5176 top1 0.2614 top5 0.5277
    [08:02:09] step 2725/5625 | avg train loss 2.5158 top1 0.2619 top5 0.5287
    [08:02:13] step 2750/5625 | avg train loss 2.5158 top1 0.2622 top5 0.5287
    [08:02:16] step 2775/5625 | avg train loss 2.5175 top1 0.2618 top5 0.5287
    [08:02:19] step 2800/5625 | avg train loss 2.5149 top1 0.2628 top5 0.5302
    [08:02:23] step 2825/5625 | avg train loss 2.5136 top1 0.2638 top5 0.5308
    [08:02:26] step 2850/5625 | avg train loss 2.5145 top1 0.2629 top5 0.5302
    [08:02:30] step 2875/5625 | avg train loss 2.5173 top1 0.2624 top5 0.5302
    [08:02:33] step 2900/5625 | avg train loss 2.5160 top1 0.2625 top5 0.5309
    [08:02:37] step 2925/5625 | avg train loss 2.5166 top1 0.2621 top5 0.5303
    [08:02:40] step 2950/5625 | avg train loss 2.5173 top1 0.2625 top5 0.5305
    [08:02:43] step 2975/5625 | avg train loss 2.5179 top1 0.2626 top5 0.5308
    [08:02:47] step 3000/5625 | avg train loss 2.5172 top1 0.2628 top5 0.5315
    [08:02:50] step 3025/5625 | avg train loss 2.5169 top1 0.2627 top5 0.5318
    [08:02:54] step 3050/5625 | avg train loss 2.5159 top1 0.2631 top5 0.5322
    [08:02:57] step 3075/5625 | avg train loss 2.5155 top1 0.2629 top5 0.5317
    [08:03:01] step 3100/5625 | avg train loss 2.5150 top1 0.2632 top5 0.5322
    [08:03:04] step 3125/5625 | avg train loss 2.5137 top1 0.2634 top5 0.5325
    [08:03:07] step 3150/5625 | avg train loss 2.5135 top1 0.2636 top5 0.5323
    [08:03:11] step 3175/5625 | avg train loss 2.5127 top1 0.2637 top5 0.5324
    [08:03:14] step 3200/5625 | avg train loss 2.5131 top1 0.2636 top5 0.5326
    [08:03:18] step 3225/5625 | avg train loss 2.5130 top1 0.2640 top5 0.5331
    [08:03:21] step 3250/5625 | avg train loss 2.5129 top1 0.2637 top5 0.5331
    [08:03:25] step 3275/5625 | avg train loss 2.5133 top1 0.2635 top5 0.5326
    [08:03:28] step 3300/5625 | avg train loss 2.5145 top1 0.2633 top5 0.5323
    [08:03:32] step 3325/5625 | avg train loss 2.5156 top1 0.2633 top5 0.5323
    [08:03:35] step 3350/5625 | avg train loss 2.5160 top1 0.2633 top5 0.5324
    [08:03:38] step 3375/5625 | avg train loss 2.5164 top1 0.2633 top5 0.5322
    [08:03:42] step 3400/5625 | avg train loss 2.5153 top1 0.2634 top5 0.5329
    [08:03:45] step 3425/5625 | avg train loss 2.5150 top1 0.2634 top5 0.5329
    [08:03:49] step 3450/5625 | avg train loss 2.5155 top1 0.2634 top5 0.5333
    [08:03:52] step 3475/5625 | avg train loss 2.5163 top1 0.2632 top5 0.5329
    [08:03:56] step 3500/5625 | avg train loss 2.5149 top1 0.2636 top5 0.5332
    [08:03:59] step 3525/5625 | avg train loss 2.5156 top1 0.2633 top5 0.5330
    [08:04:02] step 3550/5625 | avg train loss 2.5161 top1 0.2629 top5 0.5327
    [08:04:06] step 3575/5625 | avg train loss 2.5159 top1 0.2630 top5 0.5329
    [08:04:09] step 3600/5625 | avg train loss 2.5155 top1 0.2626 top5 0.5324
    [08:04:13] step 3625/5625 | avg train loss 2.5158 top1 0.2622 top5 0.5320
    [08:04:16] step 3650/5625 | avg train loss 2.5153 top1 0.2626 top5 0.5325
    [08:04:20] step 3675/5625 | avg train loss 2.5164 top1 0.2621 top5 0.5319
    [08:04:23] step 3700/5625 | avg train loss 2.5159 top1 0.2622 top5 0.5320
    [08:04:27] step 3725/5625 | avg train loss 2.5162 top1 0.2620 top5 0.5314
    [08:04:30] step 3750/5625 | avg train loss 2.5167 top1 0.2619 top5 0.5313
    [08:04:33] step 3775/5625 | avg train loss 2.5167 top1 0.2621 top5 0.5314
    [08:04:37] step 3800/5625 | avg train loss 2.5169 top1 0.2621 top5 0.5318
    [08:04:40] step 3825/5625 | avg train loss 2.5172 top1 0.2619 top5 0.5317
    [08:04:44] step 3850/5625 | avg train loss 2.5177 top1 0.2622 top5 0.5319
    [08:04:47] step 3875/5625 | avg train loss 2.5180 top1 0.2620 top5 0.5321
    [08:04:51] step 3900/5625 | avg train loss 2.5178 top1 0.2621 top5 0.5320
    [08:04:54] step 3925/5625 | avg train loss 2.5181 top1 0.2619 top5 0.5318
    [08:04:57] step 3950/5625 | avg train loss 2.5182 top1 0.2620 top5 0.5315
    [08:05:01] step 3975/5625 | avg train loss 2.5182 top1 0.2619 top5 0.5311
    [08:05:04] step 4000/5625 | avg train loss 2.5170 top1 0.2620 top5 0.5311
    [08:05:08] step 4025/5625 | avg train loss 2.5168 top1 0.2623 top5 0.5312
    [08:05:11] step 4050/5625 | avg train loss 2.5181 top1 0.2620 top5 0.5310
    [08:05:15] step 4075/5625 | avg train loss 2.5172 top1 0.2622 top5 0.5312
    [08:05:18] step 4100/5625 | avg train loss 2.5175 top1 0.2624 top5 0.5315
    [08:05:21] step 4125/5625 | avg train loss 2.5169 top1 0.2627 top5 0.5318
    [08:05:25] step 4150/5625 | avg train loss 2.5180 top1 0.2623 top5 0.5315
    [08:05:28] step 4175/5625 | avg train loss 2.5181 top1 0.2620 top5 0.5314
    [08:05:32] step 4200/5625 | avg train loss 2.5194 top1 0.2616 top5 0.5311
    [08:05:35] step 4225/5625 | avg train loss 2.5190 top1 0.2618 top5 0.5316
    [08:05:39] step 4250/5625 | avg train loss 2.5193 top1 0.2614 top5 0.5312
    [08:05:42] step 4275/5625 | avg train loss 2.5204 top1 0.2612 top5 0.5308
    [08:05:45] step 4300/5625 | avg train loss 2.5203 top1 0.2616 top5 0.5314
    [08:05:49] step 4325/5625 | avg train loss 2.5207 top1 0.2616 top5 0.5313
    [08:05:52] step 4350/5625 | avg train loss 2.5199 top1 0.2618 top5 0.5314
    [08:05:56] step 4375/5625 | avg train loss 2.5197 top1 0.2619 top5 0.5317
    [08:05:59] step 4400/5625 | avg train loss 2.5195 top1 0.2617 top5 0.5320
    [08:06:03] step 4425/5625 | avg train loss 2.5194 top1 0.2617 top5 0.5321
    [08:06:06] step 4450/5625 | avg train loss 2.5200 top1 0.2621 top5 0.5323
    [08:06:10] step 4475/5625 | avg train loss 2.5207 top1 0.2622 top5 0.5324
    [08:06:13] step 4500/5625 | avg train loss 2.5215 top1 0.2621 top5 0.5323
    [08:06:16] step 4525/5625 | avg train loss 2.5204 top1 0.2622 top5 0.5326
    [08:06:20] step 4550/5625 | avg train loss 2.5207 top1 0.2626 top5 0.5329
    [08:06:23] step 4575/5625 | avg train loss 2.5212 top1 0.2622 top5 0.5327
    [08:06:27] step 4600/5625 | avg train loss 2.5211 top1 0.2621 top5 0.5326
    [08:06:30] step 4625/5625 | avg train loss 2.5202 top1 0.2623 top5 0.5324
    [08:06:34] step 4650/5625 | avg train loss 2.5203 top1 0.2621 top5 0.5322
    [08:06:37] step 4675/5625 | avg train loss 2.5197 top1 0.2623 top5 0.5324
    [08:06:41] step 4700/5625 | avg train loss 2.5201 top1 0.2624 top5 0.5323
    [08:06:44] step 4725/5625 | avg train loss 2.5203 top1 0.2624 top5 0.5322
    [08:06:47] step 4750/5625 | avg train loss 2.5194 top1 0.2624 top5 0.5322
    [08:06:51] step 4775/5625 | avg train loss 2.5196 top1 0.2624 top5 0.5323
    [08:06:54] step 4800/5625 | avg train loss 2.5199 top1 0.2623 top5 0.5320
    [08:06:58] step 4825/5625 | avg train loss 2.5203 top1 0.2625 top5 0.5319
    [08:07:01] step 4850/5625 | avg train loss 2.5201 top1 0.2625 top5 0.5318
    [08:07:05] step 4875/5625 | avg train loss 2.5195 top1 0.2624 top5 0.5315
    [08:07:08] step 4900/5625 | avg train loss 2.5199 top1 0.2622 top5 0.5316
    [08:07:11] step 4925/5625 | avg train loss 2.5196 top1 0.2621 top5 0.5312
    [08:07:15] step 4950/5625 | avg train loss 2.5209 top1 0.2619 top5 0.5308
    [08:07:18] step 4975/5625 | avg train loss 2.5215 top1 0.2618 top5 0.5308
    [08:07:22] step 5000/5625 | avg train loss 2.5228 top1 0.2616 top5 0.5302
    [08:07:25] step 5025/5625 | avg train loss 2.5225 top1 0.2617 top5 0.5304
    [08:07:29] step 5050/5625 | avg train loss 2.5220 top1 0.2621 top5 0.5308
    [08:07:32] step 5075/5625 | avg train loss 2.5216 top1 0.2623 top5 0.5310
    [08:07:36] step 5100/5625 | avg train loss 2.5199 top1 0.2625 top5 0.5312
    [08:07:39] step 5125/5625 | avg train loss 2.5201 top1 0.2624 top5 0.5312
    [08:07:42] step 5150/5625 | avg train loss 2.5199 top1 0.2620 top5 0.5307
    [08:07:46] step 5175/5625 | avg train loss 2.5190 top1 0.2618 top5 0.5307
    [08:07:49] step 5200/5625 | avg train loss 2.5183 top1 0.2619 top5 0.5309
    [08:07:53] step 5225/5625 | avg train loss 2.5189 top1 0.2617 top5 0.5305
    [08:07:56] step 5250/5625 | avg train loss 2.5187 top1 0.2616 top5 0.5305
    [08:08:00] step 5275/5625 | avg train loss 2.5174 top1 0.2618 top5 0.5302
    [08:08:03] step 5300/5625 | avg train loss 2.5186 top1 0.2616 top5 0.5297
    [08:08:07] step 5325/5625 | avg train loss 2.5186 top1 0.2616 top5 0.5299
    [08:08:10] step 5350/5625 | avg train loss 2.5196 top1 0.2613 top5 0.5297
    [08:08:13] step 5375/5625 | avg train loss 2.5199 top1 0.2611 top5 0.5295
    [08:08:17] step 5400/5625 | avg train loss 2.5200 top1 0.2612 top5 0.5298
    [08:08:20] step 5425/5625 | avg train loss 2.5197 top1 0.2612 top5 0.5297
    [08:08:24] step 5450/5625 | avg train loss 2.5191 top1 0.2613 top5 0.5295
    [08:08:27] step 5475/5625 | avg train loss 2.5190 top1 0.2614 top5 0.5294
    [08:08:31] step 5500/5625 | avg train loss 2.5191 top1 0.2615 top5 0.5294
    [08:08:34] step 5525/5625 | avg train loss 2.5193 top1 0.2614 top5 0.5293
    [08:08:37] step 5550/5625 | avg train loss 2.5195 top1 0.2613 top5 0.5294
    [08:08:41] step 5575/5625 | avg train loss 2.5182 top1 0.2617 top5 0.5298
    [08:08:44] step 5600/5625 | avg train loss 2.5194 top1 0.2615 top5 0.5295
    [08:08:48] step 5625/5625 | avg train loss 2.5185 top1 0.2616 top5 0.5295
Epoch 11/50 | train loss 2.5185 top1 0.2616 | val loss 2.0085 top1 0.4331 top5 0.7701 | ema val top1 0.3094 top5 0.6368
  [head-diag] mlp_activity_ratio=3.0806, query_pairwise_cosine=0.1207
  Saved new best checkpoint (live): /Data/romain.poggi/smth2smth/checkpoints/track_a/videomaev2+ft/arch2-perceiver-q16.pt (val top1=0.4331)
    [08:09:57] step 25/5625 | avg train loss 2.5533 top1 0.1750 top5 0.4100
    [08:10:00] step 50/5625 | avg train loss 2.4831 top1 0.2325 top5 0.4750
    [08:10:03] step 75/5625 | avg train loss 2.4827 top1 0.2483 top5 0.4900
    [08:10:07] step 100/5625 | avg train loss 2.5227 top1 0.2600 top5 0.4963
    [08:10:10] step 125/5625 | avg train loss 2.5824 top1 0.2510 top5 0.4890
    [08:10:14] step 150/5625 | avg train loss 2.5253 top1 0.2675 top5 0.5108
    [08:10:17] step 175/5625 | avg train loss 2.5355 top1 0.2650 top5 0.5121
    [08:10:20] step 200/5625 | avg train loss 2.5196 top1 0.2619 top5 0.5150
    [08:10:24] step 225/5625 | avg train loss 2.5195 top1 0.2594 top5 0.5167
    [08:10:28] step 250/5625 | avg train loss 2.5071 top1 0.2635 top5 0.5200
    [08:10:31] step 275/5625 | avg train loss 2.4969 top1 0.2655 top5 0.5191
    [08:10:34] step 300/5625 | avg train loss 2.4884 top1 0.2654 top5 0.5233
    [08:10:38] step 325/5625 | avg train loss 2.4817 top1 0.2681 top5 0.5258
    [08:10:41] step 350/5625 | avg train loss 2.4855 top1 0.2686 top5 0.5279
    [08:10:45] step 375/5625 | avg train loss 2.4869 top1 0.2680 top5 0.5313
    [08:10:48] step 400/5625 | avg train loss 2.4868 top1 0.2691 top5 0.5347
    [08:10:52] step 425/5625 | avg train loss 2.4892 top1 0.2676 top5 0.5315
    [08:10:55] step 450/5625 | avg train loss 2.4896 top1 0.2675 top5 0.5322
    [08:10:58] step 475/5625 | avg train loss 2.4822 top1 0.2692 top5 0.5337
    [08:11:02] step 500/5625 | avg train loss 2.4814 top1 0.2665 top5 0.5320
    [08:11:05] step 525/5625 | avg train loss 2.4892 top1 0.2650 top5 0.5302
    [08:11:09] step 550/5625 | avg train loss 2.4924 top1 0.2636 top5 0.5311
    [08:11:12] step 575/5625 | avg train loss 2.4845 top1 0.2611 top5 0.5300
    [08:11:16] step 600/5625 | avg train loss 2.4899 top1 0.2573 top5 0.5256
    [08:11:19] step 625/5625 | avg train loss 2.4919 top1 0.2584 top5 0.5290
    [08:11:22] step 650/5625 | avg train loss 2.4842 top1 0.2617 top5 0.5298
    [08:11:26] step 675/5625 | avg train loss 2.4831 top1 0.2600 top5 0.5285
    [08:11:29] step 700/5625 | avg train loss 2.4863 top1 0.2602 top5 0.5280
    [08:11:33] step 725/5625 | avg train loss 2.4876 top1 0.2595 top5 0.5267
    [08:11:36] step 750/5625 | avg train loss 2.4848 top1 0.2615 top5 0.5270
    [08:11:40] step 775/5625 | avg train loss 2.4838 top1 0.2634 top5 0.5279
    [08:11:43] step 800/5625 | avg train loss 2.4759 top1 0.2627 top5 0.5286
    [08:11:46] step 825/5625 | avg train loss 2.4753 top1 0.2623 top5 0.5280
    [08:11:50] step 850/5625 | avg train loss 2.4770 top1 0.2612 top5 0.5266
    [08:11:53] step 875/5625 | avg train loss 2.4735 top1 0.2640 top5 0.5287
    [08:11:57] step 900/5625 | avg train loss 2.4789 top1 0.2642 top5 0.5278
    [08:12:00] step 925/5625 | avg train loss 2.4790 top1 0.2643 top5 0.5295
    [08:12:04] step 950/5625 | avg train loss 2.4835 top1 0.2668 top5 0.5316
    [08:12:07] step 975/5625 | avg train loss 2.4830 top1 0.2678 top5 0.5340
    [08:12:10] step 1000/5625 | avg train loss 2.4820 top1 0.2685 top5 0.5340
    [08:12:14] step 1025/5625 | avg train loss 2.4865 top1 0.2693 top5 0.5346
    [08:12:17] step 1050/5625 | avg train loss 2.4857 top1 0.2696 top5 0.5336
    [08:12:21] step 1075/5625 | avg train loss 2.4846 top1 0.2703 top5 0.5338
    [08:12:24] step 1100/5625 | avg train loss 2.4814 top1 0.2701 top5 0.5343
    [08:12:28] step 1125/5625 | avg train loss 2.4844 top1 0.2694 top5 0.5347
    [08:12:31] step 1150/5625 | avg train loss 2.4847 top1 0.2690 top5 0.5346
    [08:12:35] step 1175/5625 | avg train loss 2.4881 top1 0.2697 top5 0.5346
    [08:12:38] step 1200/5625 | avg train loss 2.4837 top1 0.2698 top5 0.5347
    [08:12:41] step 1225/5625 | avg train loss 2.4836 top1 0.2690 top5 0.5355
    [08:12:45] step 1250/5625 | avg train loss 2.4843 top1 0.2691 top5 0.5343
    [08:12:48] step 1275/5625 | avg train loss 2.4806 top1 0.2689 top5 0.5337
    [08:12:52] step 1300/5625 | avg train loss 2.4797 top1 0.2697 top5 0.5336
    [08:12:55] step 1325/5625 | avg train loss 2.4831 top1 0.2689 top5 0.5339
    [08:12:59] step 1350/5625 | avg train loss 2.4843 top1 0.2683 top5 0.5329
    [08:13:02] step 1375/5625 | avg train loss 2.4824 top1 0.2689 top5 0.5342
    [08:13:06] step 1400/5625 | avg train loss 2.4823 top1 0.2683 top5 0.5337
    [08:13:09] step 1425/5625 | avg train loss 2.4787 top1 0.2688 top5 0.5346
    [08:13:12] step 1450/5625 | avg train loss 2.4794 top1 0.2681 top5 0.5341
    [08:13:16] step 1475/5625 | avg train loss 2.4798 top1 0.2676 top5 0.5340
    [08:13:19] step 1500/5625 | avg train loss 2.4821 top1 0.2670 top5 0.5343
    [08:13:23] step 1525/5625 | avg train loss 2.4793 top1 0.2683 top5 0.5361
    [08:13:26] step 1550/5625 | avg train loss 2.4825 top1 0.2671 top5 0.5348
    [08:13:30] step 1575/5625 | avg train loss 2.4866 top1 0.2660 top5 0.5343
    [08:13:33] step 1600/5625 | avg train loss 2.4874 top1 0.2663 top5 0.5345
    [08:13:36] step 1625/5625 | avg train loss 2.4844 top1 0.2660 top5 0.5348
    [08:13:40] step 1650/5625 | avg train loss 2.4887 top1 0.2646 top5 0.5338
    [08:13:43] step 1675/5625 | avg train loss 2.4885 top1 0.2648 top5 0.5342
    [08:13:47] step 1700/5625 | avg train loss 2.4879 top1 0.2638 top5 0.5334
    [08:13:50] step 1725/5625 | avg train loss 2.4874 top1 0.2641 top5 0.5343
    [08:13:54] step 1750/5625 | avg train loss 2.4900 top1 0.2646 top5 0.5344
    [08:13:57] step 1775/5625 | avg train loss 2.4925 top1 0.2639 top5 0.5335
    [08:14:01] step 1800/5625 | avg train loss 2.4927 top1 0.2638 top5 0.5331
    [08:14:04] step 1825/5625 | avg train loss 2.4944 top1 0.2632 top5 0.5327
    [08:14:07] step 1850/5625 | avg train loss 2.4922 top1 0.2642 top5 0.5334
    [08:14:11] step 1875/5625 | avg train loss 2.4923 top1 0.2644 top5 0.5340
    [08:14:14] step 1900/5625 | avg train loss 2.4929 top1 0.2643 top5 0.5333
    [08:14:18] step 1925/5625 | avg train loss 2.4928 top1 0.2647 top5 0.5336
    [08:14:21] step 1950/5625 | avg train loss 2.4905 top1 0.2662 top5 0.5348
    [08:14:25] step 1975/5625 | avg train loss 2.4891 top1 0.2666 top5 0.5351
    [08:14:28] step 2000/5625 | avg train loss 2.4912 top1 0.2662 top5 0.5348
    [08:14:32] step 2025/5625 | avg train loss 2.4912 top1 0.2665 top5 0.5348
    [08:14:35] step 2050/5625 | avg train loss 2.4924 top1 0.2673 top5 0.5349
    [08:14:38] step 2075/5625 | avg train loss 2.4932 top1 0.2677 top5 0.5354
    [08:14:42] step 2100/5625 | avg train loss 2.4926 top1 0.2679 top5 0.5359
    [08:14:45] step 2125/5625 | avg train loss 2.4916 top1 0.2679 top5 0.5356
    [08:14:49] step 2150/5625 | avg train loss 2.4916 top1 0.2679 top5 0.5360
    [08:14:52] step 2175/5625 | avg train loss 2.4927 top1 0.2678 top5 0.5358
    [08:14:56] step 2200/5625 | avg train loss 2.4917 top1 0.2677 top5 0.5356
    [08:14:59] step 2225/5625 | avg train loss 2.4929 top1 0.2671 top5 0.5355
    [08:15:02] step 2250/5625 | avg train loss 2.4961 top1 0.2669 top5 0.5356
    [08:15:06] step 2275/5625 | avg train loss 2.4947 top1 0.2670 top5 0.5361
    [08:15:09] step 2300/5625 | avg train loss 2.4943 top1 0.2671 top5 0.5363
    [08:15:13] step 2325/5625 | avg train loss 2.4930 top1 0.2675 top5 0.5368
    [08:15:16] step 2350/5625 | avg train loss 2.4917 top1 0.2686 top5 0.5369
    [08:15:20] step 2375/5625 | avg train loss 2.4927 top1 0.2684 top5 0.5371
    [08:15:23] step 2400/5625 | avg train loss 2.4936 top1 0.2682 top5 0.5361
    [08:15:26] step 2425/5625 | avg train loss 2.4918 top1 0.2687 top5 0.5366
    [08:15:30] step 2450/5625 | avg train loss 2.4926 top1 0.2687 top5 0.5363
    [08:15:33] step 2475/5625 | avg train loss 2.4924 top1 0.2690 top5 0.5368
    [08:15:37] step 2500/5625 | avg train loss 2.4907 top1 0.2686 top5 0.5367
    [08:15:40] step 2525/5625 | avg train loss 2.4899 top1 0.2686 top5 0.5369
    [08:15:44] step 2550/5625 | avg train loss 2.4894 top1 0.2688 top5 0.5374
    [08:15:47] step 2575/5625 | avg train loss 2.4890 top1 0.2689 top5 0.5373
    [08:15:50] step 2600/5625 | avg train loss 2.4886 top1 0.2684 top5 0.5369
    [08:15:54] step 2625/5625 | avg train loss 2.4883 top1 0.2689 top5 0.5370
    [08:15:57] step 2650/5625 | avg train loss 2.4877 top1 0.2684 top5 0.5370
    [08:16:01] step 2675/5625 | avg train loss 2.4876 top1 0.2681 top5 0.5369
    [08:16:04] step 2700/5625 | avg train loss 2.4874 top1 0.2682 top5 0.5372
    [08:16:08] step 2725/5625 | avg train loss 2.4884 top1 0.2682 top5 0.5368
    [08:16:11] step 2750/5625 | avg train loss 2.4870 top1 0.2687 top5 0.5378
    [08:16:14] step 2775/5625 | avg train loss 2.4864 top1 0.2693 top5 0.5387
    [08:16:18] step 2800/5625 | avg train loss 2.4858 top1 0.2691 top5 0.5385
    [08:16:21] step 2825/5625 | avg train loss 2.4853 top1 0.2686 top5 0.5379
    [08:16:25] step 2850/5625 | avg train loss 2.4848 top1 0.2692 top5 0.5382
    [08:16:28] step 2875/5625 | avg train loss 2.4845 top1 0.2694 top5 0.5381
    [08:16:32] step 2900/5625 | avg train loss 2.4847 top1 0.2691 top5 0.5380
    [08:16:35] step 2925/5625 | avg train loss 2.4829 top1 0.2692 top5 0.5386
    [08:16:39] step 2950/5625 | avg train loss 2.4818 top1 0.2692 top5 0.5381
    [08:16:42] step 2975/5625 | avg train loss 2.4813 top1 0.2689 top5 0.5382
    [08:16:46] step 3000/5625 | avg train loss 2.4810 top1 0.2690 top5 0.5383
    [08:16:49] step 3025/5625 | avg train loss 2.4820 top1 0.2693 top5 0.5382
    [08:16:52] step 3050/5625 | avg train loss 2.4819 top1 0.2693 top5 0.5380
    [08:16:56] step 3075/5625 | avg train loss 2.4823 top1 0.2691 top5 0.5382
    [08:16:59] step 3100/5625 | avg train loss 2.4819 top1 0.2689 top5 0.5381
    [08:17:03] step 3125/5625 | avg train loss 2.4828 top1 0.2683 top5 0.5377
    [08:17:06] step 3150/5625 | avg train loss 2.4818 top1 0.2683 top5 0.5378
    [08:17:10] step 3175/5625 | avg train loss 2.4807 top1 0.2684 top5 0.5381
    [08:17:13] step 3200/5625 | avg train loss 2.4815 top1 0.2681 top5 0.5380
    [08:17:16] step 3225/5625 | avg train loss 2.4827 top1 0.2681 top5 0.5382
    [08:17:20] step 3250/5625 | avg train loss 2.4832 top1 0.2680 top5 0.5380
    [08:17:23] step 3275/5625 | avg train loss 2.4826 top1 0.2683 top5 0.5381
    [08:17:27] step 3300/5625 | avg train loss 2.4827 top1 0.2681 top5 0.5382
    [08:17:30] step 3325/5625 | avg train loss 2.4831 top1 0.2677 top5 0.5376
    [08:17:34] step 3350/5625 | avg train loss 2.4823 top1 0.2678 top5 0.5376
    [08:17:37] step 3375/5625 | avg train loss 2.4838 top1 0.2681 top5 0.5372
    [08:17:41] step 3400/5625 | avg train loss 2.4850 top1 0.2678 top5 0.5368
    [08:17:44] step 3425/5625 | avg train loss 2.4847 top1 0.2676 top5 0.5368
    [08:17:47] step 3450/5625 | avg train loss 2.4852 top1 0.2676 top5 0.5361
    [08:17:51] step 3475/5625 | avg train loss 2.4862 top1 0.2672 top5 0.5360
    [08:17:54] step 3500/5625 | avg train loss 2.4870 top1 0.2671 top5 0.5359
    [08:17:58] step 3525/5625 | avg train loss 2.4859 top1 0.2669 top5 0.5359
    [08:18:01] step 3550/5625 | avg train loss 2.4850 top1 0.2666 top5 0.5358
    [08:18:05] step 3575/5625 | avg train loss 2.4861 top1 0.2664 top5 0.5358
    [08:18:08] step 3600/5625 | avg train loss 2.4862 top1 0.2667 top5 0.5358
    [08:18:11] step 3625/5625 | avg train loss 2.4866 top1 0.2664 top5 0.5355
    [08:18:15] step 3650/5625 | avg train loss 2.4859 top1 0.2667 top5 0.5352
    [08:18:18] step 3675/5625 | avg train loss 2.4863 top1 0.2667 top5 0.5351
    [08:18:22] step 3700/5625 | avg train loss 2.4855 top1 0.2667 top5 0.5352
    [08:18:25] step 3725/5625 | avg train loss 2.4854 top1 0.2671 top5 0.5357
    [08:18:29] step 3750/5625 | avg train loss 2.4855 top1 0.2672 top5 0.5356
    [08:18:32] step 3775/5625 | avg train loss 2.4851 top1 0.2676 top5 0.5360
    [08:18:36] step 3800/5625 | avg train loss 2.4852 top1 0.2676 top5 0.5359
    [08:18:39] step 3825/5625 | avg train loss 2.4853 top1 0.2673 top5 0.5355
    [08:18:42] step 3850/5625 | avg train loss 2.4841 top1 0.2680 top5 0.5362
    [08:18:46] step 3875/5625 | avg train loss 2.4836 top1 0.2679 top5 0.5362
    [08:18:49] step 3900/5625 | avg train loss 2.4842 top1 0.2676 top5 0.5359
    [08:18:53] step 3925/5625 | avg train loss 2.4854 top1 0.2673 top5 0.5357
    [08:18:56] step 3950/5625 | avg train loss 2.4859 top1 0.2672 top5 0.5354
    [08:19:00] step 3975/5625 | avg train loss 2.4858 top1 0.2671 top5 0.5353
    [08:19:03] step 4000/5625 | avg train loss 2.4858 top1 0.2673 top5 0.5353
    [08:19:06] step 4025/5625 | avg train loss 2.4857 top1 0.2673 top5 0.5355
    [08:19:10] step 4050/5625 | avg train loss 2.4864 top1 0.2674 top5 0.5356
    [08:19:13] step 4075/5625 | avg train loss 2.4861 top1 0.2670 top5 0.5352
    [08:19:17] step 4100/5625 | avg train loss 2.4865 top1 0.2669 top5 0.5351
    [08:19:20] step 4125/5625 | avg train loss 2.4868 top1 0.2670 top5 0.5356
    [08:19:24] step 4150/5625 | avg train loss 2.4861 top1 0.2676 top5 0.5359
    [08:19:27] step 4175/5625 | avg train loss 2.4855 top1 0.2679 top5 0.5360
    [08:19:30] step 4200/5625 | avg train loss 2.4846 top1 0.2682 top5 0.5361
    [08:19:34] step 4225/5625 | avg train loss 2.4851 top1 0.2678 top5 0.5360
    [08:19:37] step 4250/5625 | avg train loss 2.4844 top1 0.2679 top5 0.5362
    [08:19:41] step 4275/5625 | avg train loss 2.4849 top1 0.2675 top5 0.5354
    [08:19:44] step 4300/5625 | avg train loss 2.4854 top1 0.2674 top5 0.5352
    [08:19:48] step 4325/5625 | avg train loss 2.4852 top1 0.2673 top5 0.5352
    [08:19:51] step 4350/5625 | avg train loss 2.4850 top1 0.2676 top5 0.5355
    [08:19:54] step 4375/5625 | avg train loss 2.4853 top1 0.2676 top5 0.5355
    [08:19:58] step 4400/5625 | avg train loss 2.4853 top1 0.2674 top5 0.5351
    [08:20:01] step 4425/5625 | avg train loss 2.4856 top1 0.2676 top5 0.5355
    [08:20:05] step 4450/5625 | avg train loss 2.4857 top1 0.2678 top5 0.5356
    [08:20:08] step 4475/5625 | avg train loss 2.4868 top1 0.2679 top5 0.5356
    [08:20:12] step 4500/5625 | avg train loss 2.4874 top1 0.2683 top5 0.5359
    [08:20:15] step 4525/5625 | avg train loss 2.4864 top1 0.2686 top5 0.5364
    [08:20:18] step 4550/5625 | avg train loss 2.4863 top1 0.2684 top5 0.5366
    [08:20:22] step 4575/5625 | avg train loss 2.4867 top1 0.2685 top5 0.5368
    [08:20:25] step 4600/5625 | avg train loss 2.4865 top1 0.2684 top5 0.5367
    [08:20:29] step 4625/5625 | avg train loss 2.4857 top1 0.2684 top5 0.5362
    [08:20:32] step 4650/5625 | avg train loss 2.4843 top1 0.2684 top5 0.5367
    [08:20:36] step 4675/5625 | avg train loss 2.4846 top1 0.2682 top5 0.5368
    [08:20:39] step 4700/5625 | avg train loss 2.4855 top1 0.2684 top5 0.5368
    [08:20:43] step 4725/5625 | avg train loss 2.4864 top1 0.2682 top5 0.5365
    [08:20:46] step 4750/5625 | avg train loss 2.4852 top1 0.2684 top5 0.5366
    [08:20:49] step 4775/5625 | avg train loss 2.4843 top1 0.2684 top5 0.5365
    [08:20:53] step 4800/5625 | avg train loss 2.4833 top1 0.2683 top5 0.5363
    [08:20:56] step 4825/5625 | avg train loss 2.4834 top1 0.2680 top5 0.5357
    [08:21:00] step 4850/5625 | avg train loss 2.4833 top1 0.2681 top5 0.5357
    [08:21:03] step 4875/5625 | avg train loss 2.4837 top1 0.2681 top5 0.5355
    [08:21:07] step 4900/5625 | avg train loss 2.4835 top1 0.2678 top5 0.5353
    [08:21:10] step 4925/5625 | avg train loss 2.4826 top1 0.2679 top5 0.5354
    [08:21:13] step 4950/5625 | avg train loss 2.4829 top1 0.2681 top5 0.5358
    [08:21:17] step 4975/5625 | avg train loss 2.4832 top1 0.2680 top5 0.5360
    [08:21:20] step 5000/5625 | avg train loss 2.4826 top1 0.2680 top5 0.5359
    [08:21:24] step 5025/5625 | avg train loss 2.4833 top1 0.2678 top5 0.5356
    [08:21:27] step 5050/5625 | avg train loss 2.4838 top1 0.2678 top5 0.5355
    [08:21:31] step 5075/5625 | avg train loss 2.4836 top1 0.2678 top5 0.5357
    [08:21:34] step 5100/5625 | avg train loss 2.4838 top1 0.2680 top5 0.5357
    [08:21:38] step 5125/5625 | avg train loss 2.4842 top1 0.2675 top5 0.5353
    [08:21:41] step 5150/5625 | avg train loss 2.4830 top1 0.2675 top5 0.5355
    [08:21:44] step 5175/5625 | avg train loss 2.4834 top1 0.2674 top5 0.5353
    [08:21:48] step 5200/5625 | avg train loss 2.4835 top1 0.2675 top5 0.5355
    [08:21:51] step 5225/5625 | avg train loss 2.4836 top1 0.2677 top5 0.5358
    [08:21:55] step 5250/5625 | avg train loss 2.4826 top1 0.2680 top5 0.5361
    [08:21:58] step 5275/5625 | avg train loss 2.4829 top1 0.2678 top5 0.5363
    [08:22:02] step 5300/5625 | avg train loss 2.4828 top1 0.2679 top5 0.5363
    [08:22:05] step 5325/5625 | avg train loss 2.4820 top1 0.2679 top5 0.5363
    [08:22:08] step 5350/5625 | avg train loss 2.4823 top1 0.2680 top5 0.5363
    [08:22:12] step 5375/5625 | avg train loss 2.4825 top1 0.2679 top5 0.5361
    [08:22:15] step 5400/5625 | avg train loss 2.4827 top1 0.2681 top5 0.5362
    [08:22:19] step 5425/5625 | avg train loss 2.4826 top1 0.2679 top5 0.5361
    [08:22:22] step 5450/5625 | avg train loss 2.4829 top1 0.2678 top5 0.5360
    [08:22:26] step 5475/5625 | avg train loss 2.4829 top1 0.2675 top5 0.5358
    [08:22:29] step 5500/5625 | avg train loss 2.4821 top1 0.2675 top5 0.5358
    [08:22:33] step 5525/5625 | avg train loss 2.4832 top1 0.2672 top5 0.5355
    [08:22:36] step 5550/5625 | avg train loss 2.4840 top1 0.2671 top5 0.5354
    [08:22:39] step 5575/5625 | avg train loss 2.4838 top1 0.2672 top5 0.5356
    [08:22:43] step 5600/5625 | avg train loss 2.4841 top1 0.2672 top5 0.5357
    [08:22:46] step 5625/5625 | avg train loss 2.4839 top1 0.2670 top5 0.5353
Epoch 12/50 | train loss 2.4839 top1 0.2670 | val loss 2.0461 top1 0.4170 top5 0.7607 | ema val top1 0.3404 top5 0.6655
  [head-diag] mlp_activity_ratio=4.2244, query_pairwise_cosine=0.1310
  No val top1 improvement (1/15); best remains 0.4331
    [08:23:53] step 25/5625 | avg train loss 2.3902 top1 0.2500 top5 0.5350
    [08:23:56] step 50/5625 | avg train loss 2.4293 top1 0.2650 top5 0.5550
    [08:24:00] step 75/5625 | avg train loss 2.4238 top1 0.2650 top5 0.5567
    [08:24:03] step 100/5625 | avg train loss 2.4370 top1 0.2787 top5 0.5587
    [08:24:07] step 125/5625 | avg train loss 2.4491 top1 0.2730 top5 0.5470
    [08:24:10] step 150/5625 | avg train loss 2.4670 top1 0.2725 top5 0.5425
    [08:24:14] step 175/5625 | avg train loss 2.4976 top1 0.2750 top5 0.5379
    [08:24:17] step 200/5625 | avg train loss 2.5065 top1 0.2731 top5 0.5387
    [08:24:20] step 225/5625 | avg train loss 2.5094 top1 0.2700 top5 0.5372
    [08:24:24] step 250/5625 | avg train loss 2.4963 top1 0.2695 top5 0.5405
    [08:24:27] step 275/5625 | avg train loss 2.5038 top1 0.2700 top5 0.5400
    [08:24:31] step 300/5625 | avg train loss 2.5117 top1 0.2629 top5 0.5354
    [08:24:34] step 325/5625 | avg train loss 2.5094 top1 0.2627 top5 0.5358
    [08:24:38] step 350/5625 | avg train loss 2.5000 top1 0.2632 top5 0.5382
    [08:24:41] step 375/5625 | avg train loss 2.4899 top1 0.2610 top5 0.5323
    [08:24:44] step 400/5625 | avg train loss 2.4788 top1 0.2616 top5 0.5350
    [08:24:48] step 425/5625 | avg train loss 2.4723 top1 0.2609 top5 0.5338
    [08:24:51] step 450/5625 | avg train loss 2.4769 top1 0.2583 top5 0.5306
    [08:24:55] step 475/5625 | avg train loss 2.4803 top1 0.2616 top5 0.5295
    [08:24:58] step 500/5625 | avg train loss 2.4825 top1 0.2620 top5 0.5320
    [08:25:02] step 525/5625 | avg train loss 2.4803 top1 0.2619 top5 0.5317
    [08:25:05] step 550/5625 | avg train loss 2.4880 top1 0.2591 top5 0.5286
    [08:25:08] step 575/5625 | avg train loss 2.4882 top1 0.2615 top5 0.5341
    [08:25:12] step 600/5625 | avg train loss 2.4925 top1 0.2587 top5 0.5288
    [08:25:15] step 625/5625 | avg train loss 2.4898 top1 0.2614 top5 0.5324
    [08:25:19] step 650/5625 | avg train loss 2.4860 top1 0.2613 top5 0.5321
    [08:25:22] step 675/5625 | avg train loss 2.4948 top1 0.2594 top5 0.5304
    [08:25:26] step 700/5625 | avg train loss 2.4930 top1 0.2616 top5 0.5330
    [08:25:29] step 725/5625 | avg train loss 2.4899 top1 0.2638 top5 0.5345
    [08:25:33] step 750/5625 | avg train loss 2.4910 top1 0.2623 top5 0.5343
    [08:25:36] step 775/5625 | avg train loss 2.4870 top1 0.2627 top5 0.5323
    [08:25:39] step 800/5625 | avg train loss 2.4821 top1 0.2627 top5 0.5353
    [08:25:43] step 825/5625 | avg train loss 2.4827 top1 0.2627 top5 0.5326
    [08:25:46] step 850/5625 | avg train loss 2.4838 top1 0.2626 top5 0.5334
    [08:25:50] step 875/5625 | avg train loss 2.4844 top1 0.2654 top5 0.5351
    [08:25:53] step 900/5625 | avg train loss 2.4853 top1 0.2642 top5 0.5344
    [08:25:57] step 925/5625 | avg train loss 2.4862 top1 0.2627 top5 0.5332
    [08:26:00] step 950/5625 | avg train loss 2.4889 top1 0.2614 top5 0.5301
    [08:26:03] step 975/5625 | avg train loss 2.4827 top1 0.2615 top5 0.5304
    [08:26:07] step 1000/5625 | avg train loss 2.4752 top1 0.2627 top5 0.5314
    [08:26:10] step 1025/5625 | avg train loss 2.4720 top1 0.2640 top5 0.5317
    [08:26:14] step 1050/5625 | avg train loss 2.4726 top1 0.2643 top5 0.5317
    [08:26:17] step 1075/5625 | avg train loss 2.4700 top1 0.2648 top5 0.5324
    [08:26:21] step 1100/5625 | avg train loss 2.4699 top1 0.2643 top5 0.5328
    [08:26:24] step 1125/5625 | avg train loss 2.4671 top1 0.2657 top5 0.5333
    [08:26:28] step 1150/5625 | avg train loss 2.4704 top1 0.2652 top5 0.5326
    [08:26:31] step 1175/5625 | avg train loss 2.4684 top1 0.2648 top5 0.5328
    [08:26:34] step 1200/5625 | avg train loss 2.4681 top1 0.2654 top5 0.5324
    [08:26:38] step 1225/5625 | avg train loss 2.4682 top1 0.2651 top5 0.5324
    [08:26:41] step 1250/5625 | avg train loss 2.4699 top1 0.2654 top5 0.5324
    [08:26:45] step 1275/5625 | avg train loss 2.4680 top1 0.2665 top5 0.5337
    [08:26:48] step 1300/5625 | avg train loss 2.4661 top1 0.2672 top5 0.5340
    [08:26:52] step 1325/5625 | avg train loss 2.4643 top1 0.2687 top5 0.5356
    [08:26:55] step 1350/5625 | avg train loss 2.4665 top1 0.2689 top5 0.5370
    [08:26:59] step 1375/5625 | avg train loss 2.4708 top1 0.2676 top5 0.5371
    [08:27:02] step 1400/5625 | avg train loss 2.4726 top1 0.2679 top5 0.5381
    [08:27:05] step 1425/5625 | avg train loss 2.4707 top1 0.2675 top5 0.5369
    [08:27:09] step 1450/5625 | avg train loss 2.4703 top1 0.2665 top5 0.5355
    [08:27:12] step 1475/5625 | avg train loss 2.4705 top1 0.2666 top5 0.5360
    [08:27:16] step 1500/5625 | avg train loss 2.4730 top1 0.2659 top5 0.5354
    [08:27:19] step 1525/5625 | avg train loss 2.4733 top1 0.2652 top5 0.5344
    [08:27:23] step 1550/5625 | avg train loss 2.4731 top1 0.2650 top5 0.5335
    [08:27:26] step 1575/5625 | avg train loss 2.4701 top1 0.2656 top5 0.5333
    [08:27:30] step 1600/5625 | avg train loss 2.4715 top1 0.2656 top5 0.5324
    [08:27:33] step 1625/5625 | avg train loss 2.4684 top1 0.2665 top5 0.5332
    [08:27:36] step 1650/5625 | avg train loss 2.4691 top1 0.2663 top5 0.5323
    [08:27:40] step 1675/5625 | avg train loss 2.4711 top1 0.2663 top5 0.5327
    [08:27:43] step 1700/5625 | avg train loss 2.4718 top1 0.2652 top5 0.5325
    [08:27:47] step 1725/5625 | avg train loss 2.4704 top1 0.2668 top5 0.5336
    [08:27:50] step 1750/5625 | avg train loss 2.4705 top1 0.2666 top5 0.5329
    [08:27:54] step 1775/5625 | avg train loss 2.4687 top1 0.2673 top5 0.5336
    [08:27:57] step 1800/5625 | avg train loss 2.4704 top1 0.2681 top5 0.5337
    [08:28:00] step 1825/5625 | avg train loss 2.4694 top1 0.2690 top5 0.5351
    [08:28:04] step 1850/5625 | avg train loss 2.4694 top1 0.2689 top5 0.5353
    [08:28:07] step 1875/5625 | avg train loss 2.4713 top1 0.2689 top5 0.5349
    [08:28:11] step 1900/5625 | avg train loss 2.4712 top1 0.2693 top5 0.5351
    [08:28:14] step 1925/5625 | avg train loss 2.4697 top1 0.2698 top5 0.5354
    [08:28:18] step 1950/5625 | avg train loss 2.4685 top1 0.2699 top5 0.5361
    [08:28:21] step 1975/5625 | avg train loss 2.4664 top1 0.2697 top5 0.5361
    [08:28:24] step 2000/5625 | avg train loss 2.4689 top1 0.2689 top5 0.5353
    [08:28:28] step 2025/5625 | avg train loss 2.4695 top1 0.2688 top5 0.5356
    [08:28:31] step 2050/5625 | avg train loss 2.4685 top1 0.2688 top5 0.5356
    [08:28:35] step 2075/5625 | avg train loss 2.4674 top1 0.2696 top5 0.5364
    [08:28:38] step 2100/5625 | avg train loss 2.4685 top1 0.2693 top5 0.5360
    [08:28:42] step 2125/5625 | avg train loss 2.4685 top1 0.2688 top5 0.5356
    [08:28:45] step 2150/5625 | avg train loss 2.4699 top1 0.2687 top5 0.5356
    [08:28:49] step 2175/5625 | avg train loss 2.4735 top1 0.2687 top5 0.5357
    [08:28:52] step 2200/5625 | avg train loss 2.4726 top1 0.2687 top5 0.5355
    [08:28:55] step 2225/5625 | avg train loss 2.4747 top1 0.2680 top5 0.5351
    [08:28:59] step 2250/5625 | avg train loss 2.4745 top1 0.2685 top5 0.5356
    [08:29:02] step 2275/5625 | avg train loss 2.4731 top1 0.2695 top5 0.5366
    [08:29:06] step 2300/5625 | avg train loss 2.4726 top1 0.2695 top5 0.5364
    [08:29:09] step 2325/5625 | avg train loss 2.4713 top1 0.2697 top5 0.5369
    [08:29:13] step 2350/5625 | avg train loss 2.4714 top1 0.2695 top5 0.5373
    [08:29:16] step 2375/5625 | avg train loss 2.4724 top1 0.2692 top5 0.5373
    [08:29:19] step 2400/5625 | avg train loss 2.4728 top1 0.2690 top5 0.5371
    [08:29:23] step 2425/5625 | avg train loss 2.4718 top1 0.2696 top5 0.5371
    [08:29:26] step 2450/5625 | avg train loss 2.4718 top1 0.2693 top5 0.5365
    [08:29:30] step 2475/5625 | avg train loss 2.4699 top1 0.2701 top5 0.5370
    [08:29:33] step 2500/5625 | avg train loss 2.4687 top1 0.2703 top5 0.5371
    [08:29:37] step 2525/5625 | avg train loss 2.4677 top1 0.2711 top5 0.5381
    [08:29:40] step 2550/5625 | avg train loss 2.4660 top1 0.2715 top5 0.5390
    [08:29:44] step 2575/5625 | avg train loss 2.4660 top1 0.2720 top5 0.5394
    [08:29:47] step 2600/5625 | avg train loss 2.4657 top1 0.2728 top5 0.5405
    [08:29:50] step 2625/5625 | avg train loss 2.4664 top1 0.2724 top5 0.5397
    [08:29:54] step 2650/5625 | avg train loss 2.4666 top1 0.2725 top5 0.5399
    [08:29:57] step 2675/5625 | avg train loss 2.4655 top1 0.2728 top5 0.5399
    [08:30:01] step 2700/5625 | avg train loss 2.4637 top1 0.2730 top5 0.5396
    [08:30:04] step 2725/5625 | avg train loss 2.4645 top1 0.2736 top5 0.5400
    [08:30:08] step 2750/5625 | avg train loss 2.4678 top1 0.2727 top5 0.5395
    [08:30:11] step 2775/5625 | avg train loss 2.4661 top1 0.2731 top5 0.5401
    [08:30:14] step 2800/5625 | avg train loss 2.4660 top1 0.2733 top5 0.5398
    [08:30:18] step 2825/5625 | avg train loss 2.4679 top1 0.2723 top5 0.5390
    [08:30:21] step 2850/5625 | avg train loss 2.4677 top1 0.2725 top5 0.5391
    [08:30:25] step 2875/5625 | avg train loss 2.4687 top1 0.2721 top5 0.5392
    [08:30:28] step 2900/5625 | avg train loss 2.4702 top1 0.2713 top5 0.5388
    [08:30:32] step 2925/5625 | avg train loss 2.4714 top1 0.2707 top5 0.5380
    [08:30:35] step 2950/5625 | avg train loss 2.4719 top1 0.2705 top5 0.5379
    [08:30:38] step 2975/5625 | avg train loss 2.4723 top1 0.2707 top5 0.5382
    [08:30:42] step 3000/5625 | avg train loss 2.4707 top1 0.2707 top5 0.5383
    [08:30:45] step 3025/5625 | avg train loss 2.4707 top1 0.2707 top5 0.5386
    [08:30:49] step 3050/5625 | avg train loss 2.4703 top1 0.2703 top5 0.5385
    [08:30:52] step 3075/5625 | avg train loss 2.4710 top1 0.2703 top5 0.5384
    [08:30:56] step 3100/5625 | avg train loss 2.4710 top1 0.2699 top5 0.5380
    [08:30:59] step 3125/5625 | avg train loss 2.4696 top1 0.2707 top5 0.5388
    [08:31:03] step 3150/5625 | avg train loss 2.4704 top1 0.2705 top5 0.5388
    [08:31:06] step 3175/5625 | avg train loss 2.4694 top1 0.2711 top5 0.5391
    [08:31:09] step 3200/5625 | avg train loss 2.4699 top1 0.2709 top5 0.5395
    [08:31:13] step 3225/5625 | avg train loss 2.4707 top1 0.2707 top5 0.5393
    [08:31:16] step 3250/5625 | avg train loss 2.4700 top1 0.2712 top5 0.5398
    [08:31:20] step 3275/5625 | avg train loss 2.4711 top1 0.2705 top5 0.5388
    [08:31:23] step 3300/5625 | avg train loss 2.4716 top1 0.2706 top5 0.5387
    [08:31:27] step 3325/5625 | avg train loss 2.4717 top1 0.2708 top5 0.5386
    [08:31:30] step 3350/5625 | avg train loss 2.4727 top1 0.2703 top5 0.5381
    [08:31:34] step 3375/5625 | avg train loss 2.4712 top1 0.2706 top5 0.5382
    [08:31:37] step 3400/5625 | avg train loss 2.4709 top1 0.2706 top5 0.5382
    [08:31:40] step 3425/5625 | avg train loss 2.4696 top1 0.2699 top5 0.5374
    [08:31:44] step 3450/5625 | avg train loss 2.4694 top1 0.2699 top5 0.5372
    [08:31:47] step 3475/5625 | avg train loss 2.4699 top1 0.2699 top5 0.5371
    [08:31:51] step 3500/5625 | avg train loss 2.4702 top1 0.2699 top5 0.5373
    [08:31:54] step 3525/5625 | avg train loss 2.4706 top1 0.2701 top5 0.5377
    [08:31:58] step 3550/5625 | avg train loss 2.4710 top1 0.2698 top5 0.5374
    [08:32:01] step 3575/5625 | avg train loss 2.4716 top1 0.2699 top5 0.5376
    [08:32:04] step 3600/5625 | avg train loss 2.4713 top1 0.2702 top5 0.5377
    [08:32:08] step 3625/5625 | avg train loss 2.4708 top1 0.2702 top5 0.5378
    [08:32:11] step 3650/5625 | avg train loss 2.4716 top1 0.2702 top5 0.5379
    [08:32:15] step 3675/5625 | avg train loss 2.4720 top1 0.2699 top5 0.5375
    [08:32:18] step 3700/5625 | avg train loss 2.4711 top1 0.2706 top5 0.5384
    [08:32:22] step 3725/5625 | avg train loss 2.4702 top1 0.2709 top5 0.5389
    [08:32:25] step 3750/5625 | avg train loss 2.4702 top1 0.2712 top5 0.5396
    [08:32:28] step 3775/5625 | avg train loss 2.4697 top1 0.2713 top5 0.5397
    [08:32:32] step 3800/5625 | avg train loss 2.4705 top1 0.2709 top5 0.5393
    [08:32:35] step 3825/5625 | avg train loss 2.4708 top1 0.2707 top5 0.5389
    [08:32:39] step 3850/5625 | avg train loss 2.4707 top1 0.2710 top5 0.5392
    [08:32:42] step 3875/5625 | avg train loss 2.4690 top1 0.2714 top5 0.5395
    [08:32:46] step 3900/5625 | avg train loss 2.4669 top1 0.2716 top5 0.5399
    [08:32:49] step 3925/5625 | avg train loss 2.4658 top1 0.2716 top5 0.5397
    [08:32:52] step 3950/5625 | avg train loss 2.4670 top1 0.2715 top5 0.5396
    [08:32:56] step 3975/5625 | avg train loss 2.4684 top1 0.2712 top5 0.5393
    [08:32:59] step 4000/5625 | avg train loss 2.4679 top1 0.2713 top5 0.5395
    [08:33:03] step 4025/5625 | avg train loss 2.4668 top1 0.2716 top5 0.5396
    [08:33:06] step 4050/5625 | avg train loss 2.4657 top1 0.2715 top5 0.5395
    [08:33:10] step 4075/5625 | avg train loss 2.4672 top1 0.2710 top5 0.5390
    [08:33:13] step 4100/5625 | avg train loss 2.4666 top1 0.2715 top5 0.5391
    [08:33:16] step 4125/5625 | avg train loss 2.4656 top1 0.2717 top5 0.5391
    [08:33:20] step 4150/5625 | avg train loss 2.4655 top1 0.2716 top5 0.5389
    [08:33:23] step 4175/5625 | avg train loss 2.4651 top1 0.2718 top5 0.5393
    [08:33:27] step 4200/5625 | avg train loss 2.4658 top1 0.2718 top5 0.5392
    [08:33:30] step 4225/5625 | avg train loss 2.4666 top1 0.2718 top5 0.5394
    [08:33:34] step 4250/5625 | avg train loss 2.4670 top1 0.2717 top5 0.5394
    [08:33:37] step 4275/5625 | avg train loss 2.4681 top1 0.2715 top5 0.5387
    [08:33:41] step 4300/5625 | avg train loss 2.4679 top1 0.2715 top5 0.5390
    [08:33:44] step 4325/5625 | avg train loss 2.4677 top1 0.2721 top5 0.5397
    [08:33:47] step 4350/5625 | avg train loss 2.4679 top1 0.2720 top5 0.5398
    [08:33:51] step 4375/5625 | avg train loss 2.4675 top1 0.2721 top5 0.5400
    [08:33:54] step 4400/5625 | avg train loss 2.4669 top1 0.2725 top5 0.5403
    [08:33:58] step 4425/5625 | avg train loss 2.4670 top1 0.2725 top5 0.5403
    [08:34:01] step 4450/5625 | avg train loss 2.4666 top1 0.2723 top5 0.5399
    [08:34:05] step 4475/5625 | avg train loss 2.4659 top1 0.2722 top5 0.5395
    [08:34:08] step 4500/5625 | avg train loss 2.4660 top1 0.2719 top5 0.5393
    [08:34:11] step 4525/5625 | avg train loss 2.4655 top1 0.2718 top5 0.5391
    [08:34:15] step 4550/5625 | avg train loss 2.4659 top1 0.2717 top5 0.5391
    [08:34:18] step 4575/5625 | avg train loss 2.4663 top1 0.2713 top5 0.5387
    [08:34:22] step 4600/5625 | avg train loss 2.4661 top1 0.2714 top5 0.5387
    [08:34:25] step 4625/5625 | avg train loss 2.4665 top1 0.2714 top5 0.5389
    [08:34:29] step 4650/5625 | avg train loss 2.4660 top1 0.2714 top5 0.5387
    [08:34:32] step 4675/5625 | avg train loss 2.4657 top1 0.2715 top5 0.5388
    [08:34:35] step 4700/5625 | avg train loss 2.4659 top1 0.2711 top5 0.5386
    [08:34:39] step 4725/5625 | avg train loss 2.4667 top1 0.2708 top5 0.5385
    [08:34:42] step 4750/5625 | avg train loss 2.4679 top1 0.2704 top5 0.5383
    [08:34:46] step 4775/5625 | avg train loss 2.4689 top1 0.2702 top5 0.5383
    [08:34:49] step 4800/5625 | avg train loss 2.4697 top1 0.2700 top5 0.5385
    [08:34:53] step 4825/5625 | avg train loss 2.4697 top1 0.2699 top5 0.5383
    [08:34:56] step 4850/5625 | avg train loss 2.4703 top1 0.2700 top5 0.5382
    [08:35:00] step 4875/5625 | avg train loss 2.4706 top1 0.2702 top5 0.5385
    [08:35:03] step 4900/5625 | avg train loss 2.4710 top1 0.2700 top5 0.5386
    [08:35:06] step 4925/5625 | avg train loss 2.4712 top1 0.2703 top5 0.5386
    [08:35:10] step 4950/5625 | avg train loss 2.4713 top1 0.2704 top5 0.5385
    [08:35:13] step 4975/5625 | avg train loss 2.4713 top1 0.2704 top5 0.5385
    [08:35:17] step 5000/5625 | avg train loss 2.4706 top1 0.2706 top5 0.5384
    [08:35:20] step 5025/5625 | avg train loss 2.4706 top1 0.2703 top5 0.5382
    [08:35:24] step 5050/5625 | avg train loss 2.4709 top1 0.2705 top5 0.5383
    [08:35:27] step 5075/5625 | avg train loss 2.4709 top1 0.2708 top5 0.5384
    [08:35:31] step 5100/5625 | avg train loss 2.4711 top1 0.2707 top5 0.5384
    [08:35:34] step 5125/5625 | avg train loss 2.4710 top1 0.2707 top5 0.5386
    [08:35:37] step 5150/5625 | avg train loss 2.4708 top1 0.2709 top5 0.5388
    [08:35:41] step 5175/5625 | avg train loss 2.4710 top1 0.2705 top5 0.5383
    [08:35:44] step 5200/5625 | avg train loss 2.4724 top1 0.2701 top5 0.5379
    [08:35:48] step 5225/5625 | avg train loss 2.4725 top1 0.2699 top5 0.5377
    [08:35:51] step 5250/5625 | avg train loss 2.4726 top1 0.2698 top5 0.5376
    [08:35:55] step 5275/5625 | avg train loss 2.4731 top1 0.2698 top5 0.5378
    [08:35:58] step 5300/5625 | avg train loss 2.4727 top1 0.2699 top5 0.5380
    [08:36:01] step 5325/5625 | avg train loss 2.4731 top1 0.2699 top5 0.5379
    [08:36:05] step 5350/5625 | avg train loss 2.4726 top1 0.2698 top5 0.5378
    [08:36:08] step 5375/5625 | avg train loss 2.4718 top1 0.2703 top5 0.5381
    [08:36:12] step 5400/5625 | avg train loss 2.4721 top1 0.2702 top5 0.5384
    [08:36:15] step 5425/5625 | avg train loss 2.4716 top1 0.2704 top5 0.5386
    [08:36:19] step 5450/5625 | avg train loss 2.4720 top1 0.2702 top5 0.5383
    [08:36:22] step 5475/5625 | avg train loss 2.4734 top1 0.2699 top5 0.5379
    [08:36:26] step 5500/5625 | avg train loss 2.4736 top1 0.2702 top5 0.5382
    [08:36:29] step 5525/5625 | avg train loss 2.4735 top1 0.2705 top5 0.5388
    [08:36:32] step 5550/5625 | avg train loss 2.4743 top1 0.2707 top5 0.5389
    [08:36:36] step 5575/5625 | avg train loss 2.4747 top1 0.2703 top5 0.5383
    [08:36:39] step 5600/5625 | avg train loss 2.4742 top1 0.2704 top5 0.5384
    [08:36:43] step 5625/5625 | avg train loss 2.4739 top1 0.2703 top5 0.5385
Epoch 13/50 | train loss 2.4739 top1 0.2703 | val loss 2.0379 top1 0.4165 top5 0.7597 | ema val top1 0.3658 top5 0.6913
  [head-diag] mlp_activity_ratio=3.7069, query_pairwise_cosine=0.1191
  No val top1 improvement (2/15); best remains 0.4331
    [08:37:50] step 25/5625 | avg train loss 2.4753 top1 0.2500 top5 0.5450
    [08:37:53] step 50/5625 | avg train loss 2.5181 top1 0.2675 top5 0.5300
    [08:37:57] step 75/5625 | avg train loss 2.5008 top1 0.2767 top5 0.5317
    [08:38:00] step 100/5625 | avg train loss 2.4665 top1 0.2825 top5 0.5450
    [08:38:03] step 125/5625 | avg train loss 2.4876 top1 0.2700 top5 0.5310
    [08:38:07] step 150/5625 | avg train loss 2.4581 top1 0.2800 top5 0.5500
    [08:38:10] step 175/5625 | avg train loss 2.4445 top1 0.2836 top5 0.5529
    [08:38:14] step 200/5625 | avg train loss 2.4489 top1 0.2838 top5 0.5506
    [08:38:17] step 225/5625 | avg train loss 2.4601 top1 0.2789 top5 0.5444
    [08:38:21] step 250/5625 | avg train loss 2.4649 top1 0.2780 top5 0.5410
    [08:38:24] step 275/5625 | avg train loss 2.4461 top1 0.2891 top5 0.5532
    [08:38:28] step 300/5625 | avg train loss 2.4403 top1 0.2908 top5 0.5500
    [08:38:31] step 325/5625 | avg train loss 2.4479 top1 0.2850 top5 0.5450
    [08:38:34] step 350/5625 | avg train loss 2.4453 top1 0.2836 top5 0.5493
    [08:38:38] step 375/5625 | avg train loss 2.4453 top1 0.2817 top5 0.5447
    [08:38:41] step 400/5625 | avg train loss 2.4339 top1 0.2878 top5 0.5525
    [08:38:45] step 425/5625 | avg train loss 2.4380 top1 0.2888 top5 0.5541
    [08:38:48] step 450/5625 | avg train loss 2.4294 top1 0.2914 top5 0.5594
    [08:38:52] step 475/5625 | avg train loss 2.4377 top1 0.2855 top5 0.5555
    [08:38:55] step 500/5625 | avg train loss 2.4279 top1 0.2878 top5 0.5595
    [08:38:58] step 525/5625 | avg train loss 2.4210 top1 0.2864 top5 0.5579
    [08:39:02] step 550/5625 | avg train loss 2.4165 top1 0.2875 top5 0.5593
    [08:39:05] step 575/5625 | avg train loss 2.4205 top1 0.2872 top5 0.5570
    [08:39:09] step 600/5625 | avg train loss 2.4258 top1 0.2877 top5 0.5602
    [08:39:12] step 625/5625 | avg train loss 2.4268 top1 0.2870 top5 0.5602
    [08:39:16] step 650/5625 | avg train loss 2.4249 top1 0.2854 top5 0.5596
    [08:39:19] step 675/5625 | avg train loss 2.4217 top1 0.2865 top5 0.5624
    [08:39:23] step 700/5625 | avg train loss 2.4241 top1 0.2852 top5 0.5607
    [08:39:26] step 725/5625 | avg train loss 2.4285 top1 0.2862 top5 0.5605
    [08:39:29] step 750/5625 | avg train loss 2.4275 top1 0.2852 top5 0.5617
    [08:39:33] step 775/5625 | avg train loss 2.4227 top1 0.2845 top5 0.5590
    [08:39:36] step 800/5625 | avg train loss 2.4213 top1 0.2856 top5 0.5592
    [08:39:40] step 825/5625 | avg train loss 2.4202 top1 0.2855 top5 0.5577
    [08:39:43] step 850/5625 | avg train loss 2.4227 top1 0.2813 top5 0.5525
    [08:39:47] step 875/5625 | avg train loss 2.4241 top1 0.2809 top5 0.5531
    [08:39:50] step 900/5625 | avg train loss 2.4276 top1 0.2796 top5 0.5522
    [08:39:53] step 925/5625 | avg train loss 2.4275 top1 0.2808 top5 0.5541
    [08:39:57] step 950/5625 | avg train loss 2.4306 top1 0.2803 top5 0.5529
    [08:40:00] step 975/5625 | avg train loss 2.4330 top1 0.2790 top5 0.5517
    [08:40:04] step 1000/5625 | avg train loss 2.4327 top1 0.2802 top5 0.5516
    [08:40:07] step 1025/5625 | avg train loss 2.4370 top1 0.2794 top5 0.5504
    [08:40:11] step 1050/5625 | avg train loss 2.4369 top1 0.2802 top5 0.5517
    [08:40:14] step 1075/5625 | avg train loss 2.4364 top1 0.2801 top5 0.5519
    [08:40:18] step 1100/5625 | avg train loss 2.4383 top1 0.2798 top5 0.5508
    [08:40:21] step 1125/5625 | avg train loss 2.4399 top1 0.2779 top5 0.5499
    [08:40:24] step 1150/5625 | avg train loss 2.4408 top1 0.2783 top5 0.5492
    [08:40:28] step 1175/5625 | avg train loss 2.4408 top1 0.2779 top5 0.5488
    [08:40:31] step 1200/5625 | avg train loss 2.4420 top1 0.2765 top5 0.5479
    [08:40:35] step 1225/5625 | avg train loss 2.4413 top1 0.2769 top5 0.5480
    [08:40:38] step 1250/5625 | avg train loss 2.4436 top1 0.2768 top5 0.5469
    [08:40:42] step 1275/5625 | avg train loss 2.4488 top1 0.2752 top5 0.5456
    [08:40:45] step 1300/5625 | avg train loss 2.4499 top1 0.2757 top5 0.5462
    [08:40:48] step 1325/5625 | avg train loss 2.4454 top1 0.2758 top5 0.5455
    [08:40:52] step 1350/5625 | avg train loss 2.4438 top1 0.2764 top5 0.5456
    [08:40:55] step 1375/5625 | avg train loss 2.4413 top1 0.2764 top5 0.5450
    [08:40:59] step 1400/5625 | avg train loss 2.4406 top1 0.2764 top5 0.5451
    [08:41:02] step 1425/5625 | avg train loss 2.4406 top1 0.2764 top5 0.5457
    [08:41:06] step 1450/5625 | avg train loss 2.4421 top1 0.2774 top5 0.5464
    [08:41:09] step 1475/5625 | avg train loss 2.4426 top1 0.2779 top5 0.5460
    [08:41:13] step 1500/5625 | avg train loss 2.4409 top1 0.2783 top5 0.5468
    [08:41:16] step 1525/5625 | avg train loss 2.4403 top1 0.2782 top5 0.5466
    [08:41:19] step 1550/5625 | avg train loss 2.4348 top1 0.2788 top5 0.5475
    [08:41:23] step 1575/5625 | avg train loss 2.4331 top1 0.2786 top5 0.5473
    [08:41:26] step 1600/5625 | avg train loss 2.4363 top1 0.2781 top5 0.5466
    [08:41:30] step 1625/5625 | avg train loss 2.4374 top1 0.2778 top5 0.5458
    [08:41:33] step 1650/5625 | avg train loss 2.4388 top1 0.2770 top5 0.5441
    [08:41:37] step 1675/5625 | avg train loss 2.4376 top1 0.2766 top5 0.5437
    [08:41:40] step 1700/5625 | avg train loss 2.4363 top1 0.2766 top5 0.5439
    [08:41:43] step 1725/5625 | avg train loss 2.4385 top1 0.2766 top5 0.5437
    [08:41:47] step 1750/5625 | avg train loss 2.4392 top1 0.2766 top5 0.5441
    [08:41:50] step 1775/5625 | avg train loss 2.4411 top1 0.2763 top5 0.5446
    [08:41:54] step 1800/5625 | avg train loss 2.4402 top1 0.2761 top5 0.5450
    [08:41:57] step 1825/5625 | avg train loss 2.4388 top1 0.2756 top5 0.5438
    [08:42:01] step 1850/5625 | avg train loss 2.4410 top1 0.2754 top5 0.5442
    [08:42:04] step 1875/5625 | avg train loss 2.4379 top1 0.2768 top5 0.5455
    [08:42:07] step 1900/5625 | avg train loss 2.4377 top1 0.2770 top5 0.5453
    [08:42:11] step 1925/5625 | avg train loss 2.4407 top1 0.2761 top5 0.5445
    [08:42:14] step 1950/5625 | avg train loss 2.4388 top1 0.2763 top5 0.5450
    [08:42:18] step 1975/5625 | avg train loss 2.4389 top1 0.2762 top5 0.5451
    [08:42:21] step 2000/5625 | avg train loss 2.4376 top1 0.2766 top5 0.5441
    [08:42:25] step 2025/5625 | avg train loss 2.4366 top1 0.2780 top5 0.5444
    [08:42:28] step 2050/5625 | avg train loss 2.4385 top1 0.2774 top5 0.5445
    [08:42:32] step 2075/5625 | avg train loss 2.4407 top1 0.2766 top5 0.5437
    [08:42:35] step 2100/5625 | avg train loss 2.4418 top1 0.2767 top5 0.5437
    [08:42:38] step 2125/5625 | avg train loss 2.4397 top1 0.2767 top5 0.5431
    [08:42:42] step 2150/5625 | avg train loss 2.4387 top1 0.2765 top5 0.5433
    [08:42:45] step 2175/5625 | avg train loss 2.4372 top1 0.2769 top5 0.5447
    [08:42:49] step 2200/5625 | avg train loss 2.4353 top1 0.2766 top5 0.5451
    [08:42:52] step 2225/5625 | avg train loss 2.4356 top1 0.2762 top5 0.5448
    [08:42:56] step 2250/5625 | avg train loss 2.4353 top1 0.2762 top5 0.5443
    [08:42:59] step 2275/5625 | avg train loss 2.4379 top1 0.2758 top5 0.5437
    [08:43:03] step 2300/5625 | avg train loss 2.4380 top1 0.2757 top5 0.5433
    [08:43:06] step 2325/5625 | avg train loss 2.4384 top1 0.2755 top5 0.5427
    [08:43:09] step 2350/5625 | avg train loss 2.4389 top1 0.2753 top5 0.5424
    [08:43:13] step 2375/5625 | avg train loss 2.4397 top1 0.2757 top5 0.5429
    [08:43:16] step 2400/5625 | avg train loss 2.4395 top1 0.2759 top5 0.5435
    [08:43:20] step 2425/5625 | avg train loss 2.4397 top1 0.2761 top5 0.5438
    [08:43:23] step 2450/5625 | avg train loss 2.4406 top1 0.2763 top5 0.5436
    [08:43:27] step 2475/5625 | avg train loss 2.4409 top1 0.2758 top5 0.5432
    [08:43:30] step 2500/5625 | avg train loss 2.4412 top1 0.2758 top5 0.5432
    [08:43:33] step 2525/5625 | avg train loss 2.4433 top1 0.2754 top5 0.5428
    [08:43:37] step 2550/5625 | avg train loss 2.4437 top1 0.2752 top5 0.5425
    [08:43:40] step 2575/5625 | avg train loss 2.4443 top1 0.2748 top5 0.5423
    [08:43:44] step 2600/5625 | avg train loss 2.4432 top1 0.2754 top5 0.5429
    [08:43:47] step 2625/5625 | avg train loss 2.4449 top1 0.2751 top5 0.5426
    [08:43:51] step 2650/5625 | avg train loss 2.4446 top1 0.2749 top5 0.5428
    [08:43:54] step 2675/5625 | avg train loss 2.4448 top1 0.2748 top5 0.5425
    [08:43:57] step 2700/5625 | avg train loss 2.4456 top1 0.2748 top5 0.5426
    [08:44:01] step 2725/5625 | avg train loss 2.4459 top1 0.2745 top5 0.5426
    [08:44:04] step 2750/5625 | avg train loss 2.4473 top1 0.2744 top5 0.5431
    [08:44:08] step 2775/5625 | avg train loss 2.4461 top1 0.2745 top5 0.5436
    [08:44:11] step 2800/5625 | avg train loss 2.4461 top1 0.2748 top5 0.5439
    [08:44:15] step 2825/5625 | avg train loss 2.4475 top1 0.2746 top5 0.5445
    [08:44:18] step 2850/5625 | avg train loss 2.4463 top1 0.2754 top5 0.5452
    [08:44:21] step 2875/5625 | avg train loss 2.4461 top1 0.2752 top5 0.5453
    [08:44:25] step 2900/5625 | avg train loss 2.4469 top1 0.2751 top5 0.5454
    [08:44:28] step 2925/5625 | avg train loss 2.4459 top1 0.2754 top5 0.5455
    [08:44:32] step 2950/5625 | avg train loss 2.4457 top1 0.2756 top5 0.5454
    [08:44:35] step 2975/5625 | avg train loss 2.4458 top1 0.2757 top5 0.5454
    [08:44:39] step 3000/5625 | avg train loss 2.4472 top1 0.2752 top5 0.5450
    [08:44:42] step 3025/5625 | avg train loss 2.4470 top1 0.2750 top5 0.5449
    [08:44:45] step 3050/5625 | avg train loss 2.4454 top1 0.2760 top5 0.5463
    [08:44:49] step 3075/5625 | avg train loss 2.4446 top1 0.2759 top5 0.5460
    [08:44:52] step 3100/5625 | avg train loss 2.4432 top1 0.2763 top5 0.5464
    [08:44:56] step 3125/5625 | avg train loss 2.4425 top1 0.2762 top5 0.5464
    [08:44:59] step 3150/5625 | avg train loss 2.4419 top1 0.2766 top5 0.5467
    [08:45:03] step 3175/5625 | avg train loss 2.4427 top1 0.2760 top5 0.5459
    [08:45:06] step 3200/5625 | avg train loss 2.4420 top1 0.2761 top5 0.5460
    [08:45:10] step 3225/5625 | avg train loss 2.4414 top1 0.2762 top5 0.5462
    [08:45:13] step 3250/5625 | avg train loss 2.4424 top1 0.2762 top5 0.5462
    [08:45:16] step 3275/5625 | avg train loss 2.4413 top1 0.2763 top5 0.5462
    [08:45:20] step 3300/5625 | avg train loss 2.4400 top1 0.2767 top5 0.5468
    [08:45:23] step 3325/5625 | avg train loss 2.4416 top1 0.2766 top5 0.5470
    [08:45:27] step 3350/5625 | avg train loss 2.4402 top1 0.2772 top5 0.5473
    [08:45:30] step 3375/5625 | avg train loss 2.4397 top1 0.2772 top5 0.5473
    [08:45:34] step 3400/5625 | avg train loss 2.4399 top1 0.2768 top5 0.5468
    [08:45:37] step 3425/5625 | avg train loss 2.4400 top1 0.2766 top5 0.5464
    [08:45:40] step 3450/5625 | avg train loss 2.4409 top1 0.2764 top5 0.5464
    [08:45:44] step 3475/5625 | avg train loss 2.4407 top1 0.2762 top5 0.5460
    [08:45:47] step 3500/5625 | avg train loss 2.4407 top1 0.2764 top5 0.5461
    [08:45:51] step 3525/5625 | avg train loss 2.4401 top1 0.2763 top5 0.5461
    [08:45:54] step 3550/5625 | avg train loss 2.4385 top1 0.2765 top5 0.5462
    [08:45:58] step 3575/5625 | avg train loss 2.4397 top1 0.2763 top5 0.5462
    [08:46:01] step 3600/5625 | avg train loss 2.4409 top1 0.2761 top5 0.5458
    [08:46:04] step 3625/5625 | avg train loss 2.4426 top1 0.2758 top5 0.5453
    [08:46:08] step 3650/5625 | avg train loss 2.4424 top1 0.2758 top5 0.5457
    [08:46:11] step 3675/5625 | avg train loss 2.4422 top1 0.2754 top5 0.5455
    [08:46:15] step 3700/5625 | avg train loss 2.4425 top1 0.2755 top5 0.5455
    [08:46:18] step 3725/5625 | avg train loss 2.4410 top1 0.2755 top5 0.5451
    [08:46:22] step 3750/5625 | avg train loss 2.4406 top1 0.2752 top5 0.5447
    [08:46:25] step 3775/5625 | avg train loss 2.4411 top1 0.2752 top5 0.5447
    [08:46:29] step 3800/5625 | avg train loss 2.4416 top1 0.2752 top5 0.5447
    [08:46:32] step 3825/5625 | avg train loss 2.4419 top1 0.2750 top5 0.5444
    [08:46:35] step 3850/5625 | avg train loss 2.4436 top1 0.2747 top5 0.5440
    [08:46:39] step 3875/5625 | avg train loss 2.4436 top1 0.2746 top5 0.5440
    [08:46:42] step 3900/5625 | avg train loss 2.4437 top1 0.2744 top5 0.5439
    [08:46:46] step 3925/5625 | avg train loss 2.4440 top1 0.2741 top5 0.5435
    [08:46:49] step 3950/5625 | avg train loss 2.4436 top1 0.2742 top5 0.5436
    [08:46:53] step 3975/5625 | avg train loss 2.4432 top1 0.2744 top5 0.5437
    [08:46:56] step 4000/5625 | avg train loss 2.4440 top1 0.2742 top5 0.5434
    [08:47:00] step 4025/5625 | avg train loss 2.4421 top1 0.2746 top5 0.5439
    [08:47:03] step 4050/5625 | avg train loss 2.4427 top1 0.2744 top5 0.5434
    [08:47:07] step 4075/5625 | avg train loss 2.4429 top1 0.2742 top5 0.5431
    [08:47:10] step 4100/5625 | avg train loss 2.4421 top1 0.2744 top5 0.5431
    [08:47:13] step 4125/5625 | avg train loss 2.4429 top1 0.2741 top5 0.5428
    [08:47:17] step 4150/5625 | avg train loss 2.4428 top1 0.2743 top5 0.5432
    [08:47:20] step 4175/5625 | avg train loss 2.4427 top1 0.2740 top5 0.5428
    [08:47:24] step 4200/5625 | avg train loss 2.4441 top1 0.2739 top5 0.5424
    [08:47:27] step 4225/5625 | avg train loss 2.4443 top1 0.2739 top5 0.5423
    [08:47:31] step 4250/5625 | avg train loss 2.4438 top1 0.2738 top5 0.5426
    [08:47:34] step 4275/5625 | avg train loss 2.4443 top1 0.2739 top5 0.5425
    [08:47:37] step 4300/5625 | avg train loss 2.4441 top1 0.2738 top5 0.5422
    [08:47:41] step 4325/5625 | avg train loss 2.4435 top1 0.2738 top5 0.5424
    [08:47:44] step 4350/5625 | avg train loss 2.4446 top1 0.2736 top5 0.5423
    [08:47:48] step 4375/5625 | avg train loss 2.4451 top1 0.2737 top5 0.5425
    [08:47:51] step 4400/5625 | avg train loss 2.4445 top1 0.2740 top5 0.5428
    [08:47:55] step 4425/5625 | avg train loss 2.4447 top1 0.2740 top5 0.5425
    [08:47:58] step 4450/5625 | avg train loss 2.4443 top1 0.2742 top5 0.5429
    [08:48:01] step 4475/5625 | avg train loss 2.4437 top1 0.2737 top5 0.5426
    [08:48:05] step 4500/5625 | avg train loss 2.4437 top1 0.2735 top5 0.5426
    [08:48:08] step 4525/5625 | avg train loss 2.4428 top1 0.2739 top5 0.5427
    [08:48:12] step 4550/5625 | avg train loss 2.4433 top1 0.2737 top5 0.5426
    [08:48:15] step 4575/5625 | avg train loss 2.4433 top1 0.2736 top5 0.5427
    [08:48:19] step 4600/5625 | avg train loss 2.4438 top1 0.2737 top5 0.5429
    [08:48:22] step 4625/5625 | avg train loss 2.4434 top1 0.2736 top5 0.5429
    [08:48:25] step 4650/5625 | avg train loss 2.4428 top1 0.2736 top5 0.5430
    [08:48:29] step 4675/5625 | avg train loss 2.4421 top1 0.2738 top5 0.5430
    [08:48:32] step 4700/5625 | avg train loss 2.4422 top1 0.2739 top5 0.5434
    [08:48:36] step 4725/5625 | avg train loss 2.4425 top1 0.2738 top5 0.5435
    [08:48:39] step 4750/5625 | avg train loss 2.4421 top1 0.2741 top5 0.5440
    [08:48:43] step 4775/5625 | avg train loss 2.4430 top1 0.2739 top5 0.5437
    [08:48:46] step 4800/5625 | avg train loss 2.4420 top1 0.2740 top5 0.5441
    [08:48:49] step 4825/5625 | avg train loss 2.4420 top1 0.2740 top5 0.5441
    [08:48:53] step 4850/5625 | avg train loss 2.4416 top1 0.2739 top5 0.5440
    [08:48:56] step 4875/5625 | avg train loss 2.4416 top1 0.2737 top5 0.5437
    [08:49:00] step 4900/5625 | avg train loss 2.4411 top1 0.2737 top5 0.5437
    [08:49:03] step 4925/5625 | avg train loss 2.4411 top1 0.2736 top5 0.5436
    [08:49:07] step 4950/5625 | avg train loss 2.4412 top1 0.2738 top5 0.5439
    [08:49:10] step 4975/5625 | avg train loss 2.4414 top1 0.2736 top5 0.5437
    [08:49:14] step 5000/5625 | avg train loss 2.4413 top1 0.2735 top5 0.5436
    [08:49:17] step 5025/5625 | avg train loss 2.4416 top1 0.2734 top5 0.5438
    [08:49:20] step 5050/5625 | avg train loss 2.4416 top1 0.2733 top5 0.5434
    [08:49:24] step 5075/5625 | avg train loss 2.4421 top1 0.2732 top5 0.5433
    [08:49:27] step 5100/5625 | avg train loss 2.4418 top1 0.2733 top5 0.5437
    [08:49:31] step 5125/5625 | avg train loss 2.4413 top1 0.2734 top5 0.5440
    [08:49:34] step 5150/5625 | avg train loss 2.4409 top1 0.2735 top5 0.5441
    [08:49:38] step 5175/5625 | avg train loss 2.4411 top1 0.2736 top5 0.5440
    [08:49:41] step 5200/5625 | avg train loss 2.4395 top1 0.2738 top5 0.5441
    [08:49:44] step 5225/5625 | avg train loss 2.4403 top1 0.2738 top5 0.5440
    [08:49:48] step 5250/5625 | avg train loss 2.4396 top1 0.2740 top5 0.5443
    [08:49:51] step 5275/5625 | avg train loss 2.4403 top1 0.2741 top5 0.5443
    [08:49:55] step 5300/5625 | avg train loss 2.4401 top1 0.2741 top5 0.5445
    [08:49:58] step 5325/5625 | avg train loss 2.4405 top1 0.2738 top5 0.5444
    [08:50:02] step 5350/5625 | avg train loss 2.4401 top1 0.2739 top5 0.5444
    [08:50:05] step 5375/5625 | avg train loss 2.4408 top1 0.2735 top5 0.5442
    [08:50:08] step 5400/5625 | avg train loss 2.4414 top1 0.2732 top5 0.5438
    [08:50:12] step 5425/5625 | avg train loss 2.4412 top1 0.2735 top5 0.5441
    [08:50:15] step 5450/5625 | avg train loss 2.4411 top1 0.2738 top5 0.5444
    [08:50:19] step 5475/5625 | avg train loss 2.4404 top1 0.2741 top5 0.5449
    [08:50:22] step 5500/5625 | avg train loss 2.4400 top1 0.2744 top5 0.5454
    [08:50:26] step 5525/5625 | avg train loss 2.4407 top1 0.2743 top5 0.5453
    [08:50:29] step 5550/5625 | avg train loss 2.4419 top1 0.2742 top5 0.5452
    [08:50:33] step 5575/5625 | avg train loss 2.4425 top1 0.2740 top5 0.5449
    [08:50:36] step 5600/5625 | avg train loss 2.4426 top1 0.2738 top5 0.5448
    [08:50:39] step 5625/5625 | avg train loss 2.4425 top1 0.2738 top5 0.5446
Epoch 14/50 | train loss 2.4425 top1 0.2738 | val loss 2.0604 top1 0.4188 top5 0.7693 | ema val top1 0.3835 top5 0.7130
  [head-diag] mlp_activity_ratio=3.4356, query_pairwise_cosine=0.1160
  No val top1 improvement (3/15); best remains 0.4331
    [08:51:47] step 25/5625 | avg train loss 2.6357 top1 0.2050 top5 0.4350
    [08:51:50] step 50/5625 | avg train loss 2.5584 top1 0.2300 top5 0.4725
    [08:51:54] step 75/5625 | avg train loss 2.5880 top1 0.2550 top5 0.5000
    [08:51:57] step 100/5625 | avg train loss 2.5349 top1 0.2787 top5 0.5337
    [08:52:00] step 125/5625 | avg train loss 2.4505 top1 0.2760 top5 0.5350
    [08:52:04] step 150/5625 | avg train loss 2.4374 top1 0.2875 top5 0.5500
    [08:52:07] step 175/5625 | avg train loss 2.4358 top1 0.2886 top5 0.5557
    [08:52:11] step 200/5625 | avg train loss 2.4283 top1 0.2894 top5 0.5494
    [08:52:14] step 225/5625 | avg train loss 2.4249 top1 0.2861 top5 0.5478
    [08:52:18] step 250/5625 | avg train loss 2.4271 top1 0.2850 top5 0.5455
    [08:52:21] step 275/5625 | avg train loss 2.4221 top1 0.2923 top5 0.5536
    [08:52:25] step 300/5625 | avg train loss 2.4093 top1 0.2938 top5 0.5542
    [08:52:28] step 325/5625 | avg train loss 2.3997 top1 0.2969 top5 0.5581
    [08:52:31] step 350/5625 | avg train loss 2.4030 top1 0.2968 top5 0.5557
    [08:52:35] step 375/5625 | avg train loss 2.3942 top1 0.2920 top5 0.5557
    [08:52:38] step 400/5625 | avg train loss 2.3930 top1 0.2922 top5 0.5528
    [08:52:42] step 425/5625 | avg train loss 2.3957 top1 0.2900 top5 0.5538
    [08:52:45] step 450/5625 | avg train loss 2.3936 top1 0.2906 top5 0.5556
    [08:52:49] step 475/5625 | avg train loss 2.3888 top1 0.2921 top5 0.5576
    [08:52:52] step 500/5625 | avg train loss 2.3901 top1 0.2903 top5 0.5567
    [08:52:55] step 525/5625 | avg train loss 2.3881 top1 0.2907 top5 0.5555
    [08:52:59] step 550/5625 | avg train loss 2.3882 top1 0.2902 top5 0.5552
    [08:53:02] step 575/5625 | avg train loss 2.3854 top1 0.2904 top5 0.5567
    [08:53:06] step 600/5625 | avg train loss 2.3839 top1 0.2917 top5 0.5587
    [08:53:09] step 625/5625 | avg train loss 2.3940 top1 0.2910 top5 0.5582
    [08:53:13] step 650/5625 | avg train loss 2.4025 top1 0.2881 top5 0.5569
    [08:53:16] step 675/5625 | avg train loss 2.4126 top1 0.2865 top5 0.5522
    [08:53:20] step 700/5625 | avg train loss 2.4095 top1 0.2859 top5 0.5521
    [08:53:23] step 725/5625 | avg train loss 2.4063 top1 0.2859 top5 0.5514
    [08:53:26] step 750/5625 | avg train loss 2.4097 top1 0.2857 top5 0.5493
    [08:53:30] step 775/5625 | avg train loss 2.4068 top1 0.2868 top5 0.5479
    [08:53:33] step 800/5625 | avg train loss 2.4096 top1 0.2866 top5 0.5483
    [08:53:37] step 825/5625 | avg train loss 2.4087 top1 0.2855 top5 0.5465
    [08:53:40] step 850/5625 | avg train loss 2.4087 top1 0.2854 top5 0.5482
    [08:53:44] step 875/5625 | avg train loss 2.4126 top1 0.2854 top5 0.5474
    [08:53:47] step 900/5625 | avg train loss 2.4108 top1 0.2863 top5 0.5476
    [08:53:50] step 925/5625 | avg train loss 2.4060 top1 0.2876 top5 0.5492
    [08:53:54] step 950/5625 | avg train loss 2.4052 top1 0.2888 top5 0.5509
    [08:53:57] step 975/5625 | avg train loss 2.4098 top1 0.2900 top5 0.5517
    [08:54:01] step 1000/5625 | avg train loss 2.4087 top1 0.2889 top5 0.5493
    [08:54:04] step 1025/5625 | avg train loss 2.4047 top1 0.2882 top5 0.5491
    [08:54:08] step 1050/5625 | avg train loss 2.4017 top1 0.2908 top5 0.5506
    [08:54:11] step 1075/5625 | avg train loss 2.4039 top1 0.2900 top5 0.5502
    [08:54:14] step 1100/5625 | avg train loss 2.4049 top1 0.2908 top5 0.5511
    [08:54:18] step 1125/5625 | avg train loss 2.4028 top1 0.2918 top5 0.5511
    [08:54:21] step 1150/5625 | avg train loss 2.4046 top1 0.2904 top5 0.5500
    [08:54:25] step 1175/5625 | avg train loss 2.4064 top1 0.2904 top5 0.5513
    [08:54:28] step 1200/5625 | avg train loss 2.4036 top1 0.2914 top5 0.5520
    [08:54:32] step 1225/5625 | avg train loss 2.4065 top1 0.2904 top5 0.5517
    [08:54:35] step 1250/5625 | avg train loss 2.4090 top1 0.2899 top5 0.5524
    [08:54:39] step 1275/5625 | avg train loss 2.4080 top1 0.2895 top5 0.5523
    [08:54:42] step 1300/5625 | avg train loss 2.4069 top1 0.2895 top5 0.5514
    [08:54:45] step 1325/5625 | avg train loss 2.4066 top1 0.2907 top5 0.5529
    [08:54:49] step 1350/5625 | avg train loss 2.4057 top1 0.2900 top5 0.5520
    [08:54:52] step 1375/5625 | avg train loss 2.4067 top1 0.2905 top5 0.5522
    [08:54:56] step 1400/5625 | avg train loss 2.4075 top1 0.2893 top5 0.5518
    [08:54:59] step 1425/5625 | avg train loss 2.4079 top1 0.2882 top5 0.5518
    [08:55:03] step 1450/5625 | avg train loss 2.4079 top1 0.2879 top5 0.5515
    [08:55:06] step 1475/5625 | avg train loss 2.4070 top1 0.2883 top5 0.5523
    [08:55:10] step 1500/5625 | avg train loss 2.4033 top1 0.2885 top5 0.5525
    [08:55:13] step 1525/5625 | avg train loss 2.4029 top1 0.2887 top5 0.5520
    [08:55:16] step 1550/5625 | avg train loss 2.4061 top1 0.2872 top5 0.5502
    [08:55:20] step 1575/5625 | avg train loss 2.4078 top1 0.2865 top5 0.5490
    [08:55:23] step 1600/5625 | avg train loss 2.4068 top1 0.2873 top5 0.5499
    [08:55:27] step 1625/5625 | avg train loss 2.4067 top1 0.2859 top5 0.5481
    [08:55:30] step 1650/5625 | avg train loss 2.4062 top1 0.2855 top5 0.5482
    [08:55:34] step 1675/5625 | avg train loss 2.4078 top1 0.2857 top5 0.5492
    [08:55:37] step 1700/5625 | avg train loss 2.4068 top1 0.2858 top5 0.5495
    [08:55:40] step 1725/5625 | avg train loss 2.4089 top1 0.2852 top5 0.5492
    [08:55:44] step 1750/5625 | avg train loss 2.4091 top1 0.2849 top5 0.5492
    [08:55:47] step 1775/5625 | avg train loss 2.4062 top1 0.2847 top5 0.5501
    [08:55:51] step 1800/5625 | avg train loss 2.4060 top1 0.2851 top5 0.5506
    [08:55:54] step 1825/5625 | avg train loss 2.4047 top1 0.2857 top5 0.5517
    [08:55:58] step 1850/5625 | avg train loss 2.4051 top1 0.2861 top5 0.5519
    [08:56:01] step 1875/5625 | avg train loss 2.4039 top1 0.2859 top5 0.5517
    [08:56:04] step 1900/5625 | avg train loss 2.4042 top1 0.2859 top5 0.5517
    [08:56:08] step 1925/5625 | avg train loss 2.4079 top1 0.2855 top5 0.5516
    [08:56:11] step 1950/5625 | avg train loss 2.4089 top1 0.2850 top5 0.5510
    [08:56:15] step 1975/5625 | avg train loss 2.4091 top1 0.2851 top5 0.5512
    [08:56:18] step 2000/5625 | avg train loss 2.4088 top1 0.2851 top5 0.5517
    [08:56:22] step 2025/5625 | avg train loss 2.4105 top1 0.2846 top5 0.5507
    [08:56:25] step 2050/5625 | avg train loss 2.4105 top1 0.2846 top5 0.5507
    [08:56:29] step 2075/5625 | avg train loss 2.4112 top1 0.2848 top5 0.5510
    [08:56:32] step 2100/5625 | avg train loss 2.4097 top1 0.2847 top5 0.5512
    [08:56:35] step 2125/5625 | avg train loss 2.4099 top1 0.2842 top5 0.5516
    [08:56:39] step 2150/5625 | avg train loss 2.4098 top1 0.2838 top5 0.5513
    [08:56:42] step 2175/5625 | avg train loss 2.4106 top1 0.2844 top5 0.5516
    [08:56:46] step 2200/5625 | avg train loss 2.4106 top1 0.2847 top5 0.5514
    [08:56:49] step 2225/5625 | avg train loss 2.4092 top1 0.2859 top5 0.5527
    [08:56:53] step 2250/5625 | avg train loss 2.4086 top1 0.2856 top5 0.5524
    [08:56:56] step 2275/5625 | avg train loss 2.4090 top1 0.2854 top5 0.5516
    [08:56:59] step 2300/5625 | avg train loss 2.4095 top1 0.2853 top5 0.5522
    [08:57:03] step 2325/5625 | avg train loss 2.4094 top1 0.2847 top5 0.5517
    [08:57:06] step 2350/5625 | avg train loss 2.4114 top1 0.2848 top5 0.5520
    [08:57:10] step 2375/5625 | avg train loss 2.4116 top1 0.2848 top5 0.5522
    [08:57:13] step 2400/5625 | avg train loss 2.4142 top1 0.2839 top5 0.5511
    [08:57:17] step 2425/5625 | avg train loss 2.4135 top1 0.2836 top5 0.5512
    [08:57:20] step 2450/5625 | avg train loss 2.4125 top1 0.2833 top5 0.5508
    [08:57:24] step 2475/5625 | avg train loss 2.4120 top1 0.2830 top5 0.5509
    [08:57:27] step 2500/5625 | avg train loss 2.4106 top1 0.2832 top5 0.5512
    [08:57:30] step 2525/5625 | avg train loss 2.4116 top1 0.2829 top5 0.5513
    [08:57:34] step 2550/5625 | avg train loss 2.4091 top1 0.2831 top5 0.5516
    [08:57:37] step 2575/5625 | avg train loss 2.4101 top1 0.2828 top5 0.5513
    [08:57:41] step 2600/5625 | avg train loss 2.4098 top1 0.2834 top5 0.5517
    [08:57:44] step 2625/5625 | avg train loss 2.4103 top1 0.2834 top5 0.5520
    [08:57:48] step 2650/5625 | avg train loss 2.4090 top1 0.2837 top5 0.5519
    [08:57:51] step 2675/5625 | avg train loss 2.4098 top1 0.2832 top5 0.5518
    [08:57:54] step 2700/5625 | avg train loss 2.4100 top1 0.2831 top5 0.5516
    [08:57:58] step 2725/5625 | avg train loss 2.4089 top1 0.2834 top5 0.5515
    [08:58:01] step 2750/5625 | avg train loss 2.4081 top1 0.2838 top5 0.5518
    [08:58:05] step 2775/5625 | avg train loss 2.4065 top1 0.2841 top5 0.5519
    [08:58:08] step 2800/5625 | avg train loss 2.4062 top1 0.2841 top5 0.5524
    [08:58:12] step 2825/5625 | avg train loss 2.4080 top1 0.2837 top5 0.5522
    [08:58:15] step 2850/5625 | avg train loss 2.4081 top1 0.2834 top5 0.5519
    [08:58:18] step 2875/5625 | avg train loss 2.4090 top1 0.2831 top5 0.5513
    [08:58:22] step 2900/5625 | avg train loss 2.4081 top1 0.2839 top5 0.5519
    [08:58:25] step 2925/5625 | avg train loss 2.4084 top1 0.2839 top5 0.5516
    [08:58:29] step 2950/5625 | avg train loss 2.4088 top1 0.2844 top5 0.5515
    [08:58:32] step 2975/5625 | avg train loss 2.4072 top1 0.2852 top5 0.5522
    [08:58:36] step 3000/5625 | avg train loss 2.4067 top1 0.2854 top5 0.5521
    [08:58:39] step 3025/5625 | avg train loss 2.4087 top1 0.2851 top5 0.5519
    [08:58:42] step 3050/5625 | avg train loss 2.4087 top1 0.2851 top5 0.5518
    [08:58:46] step 3075/5625 | avg train loss 2.4088 top1 0.2844 top5 0.5515
    [08:58:49] step 3100/5625 | avg train loss 2.4082 top1 0.2848 top5 0.5517
    [08:58:53] step 3125/5625 | avg train loss 2.4075 top1 0.2854 top5 0.5523
    [08:58:56] step 3150/5625 | avg train loss 2.4082 top1 0.2849 top5 0.5517
    [08:59:00] step 3175/5625 | avg train loss 2.4099 top1 0.2846 top5 0.5513
    [08:59:03] step 3200/5625 | avg train loss 2.4099 top1 0.2846 top5 0.5513
    [08:59:07] step 3225/5625 | avg train loss 2.4100 top1 0.2847 top5 0.5514
    [08:59:10] step 3250/5625 | avg train loss 2.4103 top1 0.2846 top5 0.5512
    [08:59:13] step 3275/5625 | avg train loss 2.4112 top1 0.2847 top5 0.5512
    [08:59:17] step 3300/5625 | avg train loss 2.4108 top1 0.2850 top5 0.5516
    [08:59:20] step 3325/5625 | avg train loss 2.4106 top1 0.2851 top5 0.5519
    [08:59:24] step 3350/5625 | avg train loss 2.4108 top1 0.2848 top5 0.5517
    [08:59:27] step 3375/5625 | avg train loss 2.4103 top1 0.2846 top5 0.5515
    [08:59:31] step 3400/5625 | avg train loss 2.4109 top1 0.2847 top5 0.5514
    [08:59:34] step 3425/5625 | avg train loss 2.4101 top1 0.2853 top5 0.5519
    [08:59:37] step 3450/5625 | avg train loss 2.4111 top1 0.2853 top5 0.5523
    [08:59:41] step 3475/5625 | avg train loss 2.4112 top1 0.2852 top5 0.5519
    [08:59:44] step 3500/5625 | avg train loss 2.4102 top1 0.2853 top5 0.5521
    [08:59:48] step 3525/5625 | avg train loss 2.4124 top1 0.2852 top5 0.5520
    [08:59:51] step 3550/5625 | avg train loss 2.4134 top1 0.2849 top5 0.5518
    [08:59:55] step 3575/5625 | avg train loss 2.4128 top1 0.2851 top5 0.5518
    [08:59:58] step 3600/5625 | avg train loss 2.4142 top1 0.2847 top5 0.5511
    [09:00:01] step 3625/5625 | avg train loss 2.4141 top1 0.2847 top5 0.5510
    [09:00:05] step 3650/5625 | avg train loss 2.4137 top1 0.2849 top5 0.5510
    [09:00:08] step 3675/5625 | avg train loss 2.4130 top1 0.2851 top5 0.5514
    [09:00:12] step 3700/5625 | avg train loss 2.4136 top1 0.2857 top5 0.5519
    [09:00:15] step 3725/5625 | avg train loss 2.4132 top1 0.2853 top5 0.5517
    [09:00:19] step 3750/5625 | avg train loss 2.4140 top1 0.2851 top5 0.5513
    [09:00:22] step 3775/5625 | avg train loss 2.4146 top1 0.2852 top5 0.5515
    [09:00:26] step 3800/5625 | avg train loss 2.4150 top1 0.2848 top5 0.5514
    [09:00:29] step 3825/5625 | avg train loss 2.4161 top1 0.2843 top5 0.5511
    [09:00:32] step 3850/5625 | avg train loss 2.4158 top1 0.2845 top5 0.5515
    [09:00:36] step 3875/5625 | avg train loss 2.4153 top1 0.2845 top5 0.5518
    [09:00:39] step 3900/5625 | avg train loss 2.4161 top1 0.2843 top5 0.5518
    [09:00:43] step 3925/5625 | avg train loss 2.4170 top1 0.2837 top5 0.5511
    [09:00:46] step 3950/5625 | avg train loss 2.4170 top1 0.2842 top5 0.5514
    [09:00:50] step 3975/5625 | avg train loss 2.4166 top1 0.2845 top5 0.5515
    [09:00:53] step 4000/5625 | avg train loss 2.4171 top1 0.2844 top5 0.5514
    [09:00:56] step 4025/5625 | avg train loss 2.4163 top1 0.2844 top5 0.5512
    [09:01:00] step 4050/5625 | avg train loss 2.4163 top1 0.2848 top5 0.5516
    [09:01:03] step 4075/5625 | avg train loss 2.4165 top1 0.2850 top5 0.5514
    [09:01:07] step 4100/5625 | avg train loss 2.4158 top1 0.2849 top5 0.5517
    [09:01:10] step 4125/5625 | avg train loss 2.4157 top1 0.2846 top5 0.5518
    [09:01:14] step 4150/5625 | avg train loss 2.4160 top1 0.2849 top5 0.5523
    [09:01:17] step 4175/5625 | avg train loss 2.4172 top1 0.2843 top5 0.5519
    [09:01:21] step 4200/5625 | avg train loss 2.4174 top1 0.2842 top5 0.5521
    [09:01:24] step 4225/5625 | avg train loss 2.4167 top1 0.2846 top5 0.5524
    [09:01:27] step 4250/5625 | avg train loss 2.4171 top1 0.2853 top5 0.5528
    [09:01:31] step 4275/5625 | avg train loss 2.4158 top1 0.2854 top5 0.5526
    [09:01:34] step 4300/5625 | avg train loss 2.4153 top1 0.2854 top5 0.5526
    [09:01:38] step 4325/5625 | avg train loss 2.4159 top1 0.2853 top5 0.5523
    [09:01:41] step 4350/5625 | avg train loss 2.4161 top1 0.2852 top5 0.5522
    [09:01:45] step 4375/5625 | avg train loss 2.4163 top1 0.2852 top5 0.5521
    [09:01:48] step 4400/5625 | avg train loss 2.4168 top1 0.2848 top5 0.5522
    [09:01:51] step 4425/5625 | avg train loss 2.4171 top1 0.2847 top5 0.5522
    [09:01:55] step 4450/5625 | avg train loss 2.4167 top1 0.2849 top5 0.5521
    [09:01:58] step 4475/5625 | avg train loss 2.4170 top1 0.2851 top5 0.5520
    [09:02:02] step 4500/5625 | avg train loss 2.4165 top1 0.2852 top5 0.5521
    [09:02:05] step 4525/5625 | avg train loss 2.4161 top1 0.2853 top5 0.5522
    [09:02:09] step 4550/5625 | avg train loss 2.4171 top1 0.2851 top5 0.5522
    [09:02:12] step 4575/5625 | avg train loss 2.4186 top1 0.2845 top5 0.5519
    [09:02:15] step 4600/5625 | avg train loss 2.4173 top1 0.2848 top5 0.5521
    [09:02:19] step 4625/5625 | avg train loss 2.4181 top1 0.2850 top5 0.5524
    [09:02:22] step 4650/5625 | avg train loss 2.4190 top1 0.2846 top5 0.5523
    [09:02:26] step 4675/5625 | avg train loss 2.4197 top1 0.2843 top5 0.5520
    [09:02:29] step 4700/5625 | avg train loss 2.4199 top1 0.2837 top5 0.5515
    [09:02:33] step 4725/5625 | avg train loss 2.4201 top1 0.2837 top5 0.5518
    [09:02:36] step 4750/5625 | avg train loss 2.4204 top1 0.2837 top5 0.5518
    [09:02:39] step 4775/5625 | avg train loss 2.4221 top1 0.2832 top5 0.5518
    [09:02:43] step 4800/5625 | avg train loss 2.4216 top1 0.2833 top5 0.5517
    [09:02:46] step 4825/5625 | avg train loss 2.4223 top1 0.2827 top5 0.5513
    [09:02:50] step 4850/5625 | avg train loss 2.4214 top1 0.2827 top5 0.5516
    [09:02:53] step 4875/5625 | avg train loss 2.4215 top1 0.2827 top5 0.5520
    [09:02:57] step 4900/5625 | avg train loss 2.4222 top1 0.2828 top5 0.5520
    [09:03:00] step 4925/5625 | avg train loss 2.4218 top1 0.2826 top5 0.5520
    [09:03:03] step 4950/5625 | avg train loss 2.4217 top1 0.2826 top5 0.5521
    [09:03:07] step 4975/5625 | avg train loss 2.4220 top1 0.2827 top5 0.5522
    [09:03:10] step 5000/5625 | avg train loss 2.4211 top1 0.2829 top5 0.5526
    [09:03:14] step 5025/5625 | avg train loss 2.4226 top1 0.2830 top5 0.5526
    [09:03:17] step 5050/5625 | avg train loss 2.4228 top1 0.2829 top5 0.5527
    [09:03:21] step 5075/5625 | avg train loss 2.4233 top1 0.2829 top5 0.5526
    [09:03:24] step 5100/5625 | avg train loss 2.4230 top1 0.2830 top5 0.5526
    [09:03:28] step 5125/5625 | avg train loss 2.4245 top1 0.2824 top5 0.5520
    [09:03:31] step 5150/5625 | avg train loss 2.4249 top1 0.2823 top5 0.5518
    [09:03:34] step 5175/5625 | avg train loss 2.4249 top1 0.2819 top5 0.5512
    [09:03:38] step 5200/5625 | avg train loss 2.4254 top1 0.2814 top5 0.5507
    [09:03:41] step 5225/5625 | avg train loss 2.4246 top1 0.2816 top5 0.5511
    [09:03:45] step 5250/5625 | avg train loss 2.4242 top1 0.2819 top5 0.5512
    [09:03:48] step 5275/5625 | avg train loss 2.4237 top1 0.2820 top5 0.5516
    [09:03:52] step 5300/5625 | avg train loss 2.4234 top1 0.2821 top5 0.5517
    [09:03:55] step 5325/5625 | avg train loss 2.4233 top1 0.2821 top5 0.5518
    [09:03:58] step 5350/5625 | avg train loss 2.4236 top1 0.2820 top5 0.5518
    [09:04:02] step 5375/5625 | avg train loss 2.4238 top1 0.2821 top5 0.5516
    [09:04:05] step 5400/5625 | avg train loss 2.4233 top1 0.2824 top5 0.5517
    [09:04:09] step 5425/5625 | avg train loss 2.4226 top1 0.2823 top5 0.5519
    [09:04:12] step 5450/5625 | avg train loss 2.4226 top1 0.2824 top5 0.5523
    [09:04:16] step 5475/5625 | avg train loss 2.4228 top1 0.2823 top5 0.5521
    [09:04:19] step 5500/5625 | avg train loss 2.4240 top1 0.2821 top5 0.5518
    [09:04:23] step 5525/5625 | avg train loss 2.4229 top1 0.2825 top5 0.5521
    [09:04:26] step 5550/5625 | avg train loss 2.4225 top1 0.2827 top5 0.5521
    [09:04:29] step 5575/5625 | avg train loss 2.4221 top1 0.2830 top5 0.5524
    [09:04:33] step 5600/5625 | avg train loss 2.4211 top1 0.2829 top5 0.5525
    [09:04:36] step 5625/5625 | avg train loss 2.4217 top1 0.2829 top5 0.5524
Epoch 15/50 | train loss 2.4217 top1 0.2829 | val loss 2.0135 top1 0.4295 top5 0.7686 | ema val top1 0.3997 top5 0.7309
  [head-diag] mlp_activity_ratio=3.1952, query_pairwise_cosine=0.1276
  No val top1 improvement (4/15); best remains 0.4331
    [09:05:44] step 25/5625 | avg train loss 2.3989 top1 0.2650 top5 0.5600
    [09:05:48] step 50/5625 | avg train loss 2.4553 top1 0.2700 top5 0.5400
    [09:05:51] step 75/5625 | avg train loss 2.3823 top1 0.2850 top5 0.5500
    [09:05:55] step 100/5625 | avg train loss 2.3842 top1 0.2800 top5 0.5575
    [09:05:58] step 125/5625 | avg train loss 2.4203 top1 0.2790 top5 0.5560
    [09:06:01] step 150/5625 | avg train loss 2.3961 top1 0.2775 top5 0.5442
    [09:06:05] step 175/5625 | avg train loss 2.4340 top1 0.2779 top5 0.5379
    [09:06:09] step 200/5625 | avg train loss 2.4348 top1 0.2769 top5 0.5319
    [09:06:12] step 225/5625 | avg train loss 2.4542 top1 0.2694 top5 0.5261
    [09:06:15] step 250/5625 | avg train loss 2.4594 top1 0.2660 top5 0.5280
    [09:06:19] step 275/5625 | avg train loss 2.4624 top1 0.2668 top5 0.5273
    [09:06:22] step 300/5625 | avg train loss 2.4653 top1 0.2700 top5 0.5271
    [09:06:26] step 325/5625 | avg train loss 2.4670 top1 0.2696 top5 0.5265
    [09:06:29] step 350/5625 | avg train loss 2.4570 top1 0.2750 top5 0.5350
    [09:06:33] step 375/5625 | avg train loss 2.4645 top1 0.2780 top5 0.5367
    [09:06:36] step 400/5625 | avg train loss 2.4719 top1 0.2734 top5 0.5288
    [09:06:39] step 425/5625 | avg train loss 2.4692 top1 0.2744 top5 0.5303
    [09:06:43] step 450/5625 | avg train loss 2.4582 top1 0.2775 top5 0.5314
    [09:06:46] step 475/5625 | avg train loss 2.4518 top1 0.2771 top5 0.5316
    [09:06:50] step 500/5625 | avg train loss 2.4504 top1 0.2785 top5 0.5343
    [09:06:53] step 525/5625 | avg train loss 2.4525 top1 0.2788 top5 0.5367
    [09:06:57] step 550/5625 | avg train loss 2.4602 top1 0.2773 top5 0.5361
    [09:07:00] step 575/5625 | avg train loss 2.4540 top1 0.2767 top5 0.5343
    [09:07:03] step 600/5625 | avg train loss 2.4458 top1 0.2771 top5 0.5337
    [09:07:07] step 625/5625 | avg train loss 2.4425 top1 0.2762 top5 0.5346
    [09:07:10] step 650/5625 | avg train loss 2.4439 top1 0.2737 top5 0.5337
    [09:07:14] step 675/5625 | avg train loss 2.4493 top1 0.2719 top5 0.5337
    [09:07:17] step 700/5625 | avg train loss 2.4464 top1 0.2754 top5 0.5382
    [09:07:21] step 725/5625 | avg train loss 2.4371 top1 0.2764 top5 0.5390
    [09:07:24] step 750/5625 | avg train loss 2.4356 top1 0.2763 top5 0.5397
    [09:07:27] step 775/5625 | avg train loss 2.4356 top1 0.2785 top5 0.5411
    [09:07:31] step 800/5625 | avg train loss 2.4325 top1 0.2800 top5 0.5427
    [09:07:34] step 825/5625 | avg train loss 2.4376 top1 0.2782 top5 0.5408
    [09:07:38] step 850/5625 | avg train loss 2.4411 top1 0.2775 top5 0.5394
    [09:07:41] step 875/5625 | avg train loss 2.4378 top1 0.2774 top5 0.5420
    [09:07:45] step 900/5625 | avg train loss 2.4338 top1 0.2768 top5 0.5407
    [09:07:48] step 925/5625 | avg train loss 2.4294 top1 0.2785 top5 0.5419
    [09:07:51] step 950/5625 | avg train loss 2.4274 top1 0.2783 top5 0.5414
    [09:07:55] step 975/5625 | avg train loss 2.4283 top1 0.2792 top5 0.5408
    [09:07:58] step 1000/5625 | avg train loss 2.4251 top1 0.2797 top5 0.5427
    [09:08:02] step 1025/5625 | avg train loss 2.4240 top1 0.2804 top5 0.5429
    [09:08:05] step 1050/5625 | avg train loss 2.4265 top1 0.2807 top5 0.5440
    [09:08:09] step 1075/5625 | avg train loss 2.4275 top1 0.2800 top5 0.5433
    [09:08:12] step 1100/5625 | avg train loss 2.4249 top1 0.2814 top5 0.5460
    [09:08:16] step 1125/5625 | avg train loss 2.4252 top1 0.2809 top5 0.5461
    [09:08:19] step 1150/5625 | avg train loss 2.4278 top1 0.2815 top5 0.5473
    [09:08:23] step 1175/5625 | avg train loss 2.4241 top1 0.2827 top5 0.5489
    [09:08:26] step 1200/5625 | avg train loss 2.4208 top1 0.2831 top5 0.5500
    [09:08:29] step 1225/5625 | avg train loss 2.4190 top1 0.2840 top5 0.5507
    [09:08:33] step 1250/5625 | avg train loss 2.4170 top1 0.2842 top5 0.5516
    [09:08:36] step 1275/5625 | avg train loss 2.4188 top1 0.2855 top5 0.5524
    [09:08:40] step 1300/5625 | avg train loss 2.4190 top1 0.2858 top5 0.5513
    [09:08:43] step 1325/5625 | avg train loss 2.4148 top1 0.2865 top5 0.5525
    [09:08:47] step 1350/5625 | avg train loss 2.4170 top1 0.2858 top5 0.5519
    [09:08:50] step 1375/5625 | avg train loss 2.4156 top1 0.2865 top5 0.5527
    [09:08:53] step 1400/5625 | avg train loss 2.4113 top1 0.2871 top5 0.5545
    [09:08:57] step 1425/5625 | avg train loss 2.4148 top1 0.2852 top5 0.5525
    [09:09:00] step 1450/5625 | avg train loss 2.4130 top1 0.2849 top5 0.5530
    [09:09:04] step 1475/5625 | avg train loss 2.4163 top1 0.2836 top5 0.5515
    [09:09:07] step 1500/5625 | avg train loss 2.4129 top1 0.2848 top5 0.5532
    [09:09:11] step 1525/5625 | avg train loss 2.4116 top1 0.2852 top5 0.5534
    [09:09:14] step 1550/5625 | avg train loss 2.4104 top1 0.2854 top5 0.5541
    [09:09:17] step 1575/5625 | avg train loss 2.4097 top1 0.2850 top5 0.5531
    [09:09:21] step 1600/5625 | avg train loss 2.4136 top1 0.2847 top5 0.5528
    [09:09:24] step 1625/5625 | avg train loss 2.4134 top1 0.2848 top5 0.5545
    [09:09:28] step 1650/5625 | avg train loss 2.4126 top1 0.2855 top5 0.5542
    [09:09:31] step 1675/5625 | avg train loss 2.4107 top1 0.2857 top5 0.5547
    [09:09:35] step 1700/5625 | avg train loss 2.4124 top1 0.2850 top5 0.5538
    [09:09:38] step 1725/5625 | avg train loss 2.4140 top1 0.2854 top5 0.5543
    [09:09:42] step 1750/5625 | avg train loss 2.4150 top1 0.2838 top5 0.5531
    [09:09:45] step 1775/5625 | avg train loss 2.4146 top1 0.2843 top5 0.5541
    [09:09:48] step 1800/5625 | avg train loss 2.4143 top1 0.2844 top5 0.5540
    [09:09:52] step 1825/5625 | avg train loss 2.4172 top1 0.2832 top5 0.5532
    [09:09:55] step 1850/5625 | avg train loss 2.4185 top1 0.2826 top5 0.5532
    [09:09:59] step 1875/5625 | avg train loss 2.4196 top1 0.2823 top5 0.5529
    [09:10:02] step 1900/5625 | avg train loss 2.4181 top1 0.2826 top5 0.5536
    [09:10:06] step 1925/5625 | avg train loss 2.4170 top1 0.2825 top5 0.5536
    [09:10:09] step 1950/5625 | avg train loss 2.4158 top1 0.2832 top5 0.5535
    [09:10:13] step 1975/5625 | avg train loss 2.4143 top1 0.2832 top5 0.5536
    [09:10:16] step 2000/5625 | avg train loss 2.4147 top1 0.2833 top5 0.5537
    [09:10:19] step 2025/5625 | avg train loss 2.4138 top1 0.2835 top5 0.5535
    [09:10:23] step 2050/5625 | avg train loss 2.4136 top1 0.2837 top5 0.5543
    [09:10:26] step 2075/5625 | avg train loss 2.4126 top1 0.2835 top5 0.5544
    [09:10:30] step 2100/5625 | avg train loss 2.4141 top1 0.2827 top5 0.5540
    [09:10:33] step 2125/5625 | avg train loss 2.4150 top1 0.2828 top5 0.5542
    [09:10:37] step 2150/5625 | avg train loss 2.4111 top1 0.2832 top5 0.5539
    [09:10:40] step 2175/5625 | avg train loss 2.4110 top1 0.2833 top5 0.5540
    [09:10:43] step 2200/5625 | avg train loss 2.4107 top1 0.2835 top5 0.5548
    [09:10:47] step 2225/5625 | avg train loss 2.4115 top1 0.2835 top5 0.5552
    [09:10:50] step 2250/5625 | avg train loss 2.4125 top1 0.2831 top5 0.5543
    [09:10:54] step 2275/5625 | avg train loss 2.4106 top1 0.2831 top5 0.5542
    [09:10:57] step 2300/5625 | avg train loss 2.4102 top1 0.2829 top5 0.5541
    [09:11:01] step 2325/5625 | avg train loss 2.4091 top1 0.2827 top5 0.5542
    [09:11:04] step 2350/5625 | avg train loss 2.4088 top1 0.2823 top5 0.5539
    [09:11:07] step 2375/5625 | avg train loss 2.4085 top1 0.2828 top5 0.5547
    [09:11:11] step 2400/5625 | avg train loss 2.4111 top1 0.2833 top5 0.5550
    [09:11:14] step 2425/5625 | avg train loss 2.4110 top1 0.2837 top5 0.5553
    [09:11:18] step 2450/5625 | avg train loss 2.4118 top1 0.2840 top5 0.5553
    [09:11:21] step 2475/5625 | avg train loss 2.4121 top1 0.2833 top5 0.5547
    [09:11:25] step 2500/5625 | avg train loss 2.4123 top1 0.2834 top5 0.5552
    [09:11:28] step 2525/5625 | avg train loss 2.4117 top1 0.2832 top5 0.5544
    [09:11:31] step 2550/5625 | avg train loss 2.4124 top1 0.2832 top5 0.5546
    [09:11:35] step 2575/5625 | avg train loss 2.4131 top1 0.2833 top5 0.5545
    [09:11:38] step 2600/5625 | avg train loss 2.4141 top1 0.2831 top5 0.5540
    [09:11:42] step 2625/5625 | avg train loss 2.4133 top1 0.2835 top5 0.5543
    [09:11:45] step 2650/5625 | avg train loss 2.4135 top1 0.2835 top5 0.5542
    [09:11:49] step 2675/5625 | avg train loss 2.4131 top1 0.2834 top5 0.5541
    [09:11:52] step 2700/5625 | avg train loss 2.4154 top1 0.2827 top5 0.5544
    [09:11:55] step 2725/5625 | avg train loss 2.4164 top1 0.2828 top5 0.5541
    [09:11:59] step 2750/5625 | avg train loss 2.4166 top1 0.2827 top5 0.5540
    [09:12:02] step 2775/5625 | avg train loss 2.4166 top1 0.2828 top5 0.5544
    [09:12:06] step 2800/5625 | avg train loss 2.4176 top1 0.2824 top5 0.5537
    [09:12:09] step 2825/5625 | avg train loss 2.4173 top1 0.2823 top5 0.5533
    [09:12:13] step 2850/5625 | avg train loss 2.4162 top1 0.2826 top5 0.5538
    [09:12:16] step 2875/5625 | avg train loss 2.4163 top1 0.2830 top5 0.5540
    [09:12:20] step 2900/5625 | avg train loss 2.4158 top1 0.2830 top5 0.5538
    [09:12:23] step 2925/5625 | avg train loss 2.4153 top1 0.2834 top5 0.5541
    [09:12:26] step 2950/5625 | avg train loss 2.4160 top1 0.2833 top5 0.5539
    [09:12:30] step 2975/5625 | avg train loss 2.4176 top1 0.2828 top5 0.5535
    [09:12:33] step 3000/5625 | avg train loss 2.4169 top1 0.2835 top5 0.5537
    [09:12:37] step 3025/5625 | avg train loss 2.4157 top1 0.2838 top5 0.5540
    [09:12:40] step 3050/5625 | avg train loss 2.4154 top1 0.2836 top5 0.5539
    [09:12:44] step 3075/5625 | avg train loss 2.4165 top1 0.2833 top5 0.5534
    [09:12:47] step 3100/5625 | avg train loss 2.4173 top1 0.2827 top5 0.5530
    [09:12:50] step 3125/5625 | avg train loss 2.4184 top1 0.2832 top5 0.5530
    [09:12:54] step 3150/5625 | avg train loss 2.4175 top1 0.2835 top5 0.5527
    [09:12:57] step 3175/5625 | avg train loss 2.4175 top1 0.2832 top5 0.5524
    [09:13:01] step 3200/5625 | avg train loss 2.4178 top1 0.2832 top5 0.5523
    [09:13:04] step 3225/5625 | avg train loss 2.4174 top1 0.2836 top5 0.5528
    [09:13:08] step 3250/5625 | avg train loss 2.4171 top1 0.2835 top5 0.5525
    [09:13:11] step 3275/5625 | avg train loss 2.4166 top1 0.2837 top5 0.5533
    [09:13:14] step 3300/5625 | avg train loss 2.4170 top1 0.2838 top5 0.5534
    [09:13:18] step 3325/5625 | avg train loss 2.4184 top1 0.2839 top5 0.5535
    [09:13:21] step 3350/5625 | avg train loss 2.4197 top1 0.2837 top5 0.5532
    [09:13:25] step 3375/5625 | avg train loss 2.4198 top1 0.2839 top5 0.5535
    [09:13:28] step 3400/5625 | avg train loss 2.4191 top1 0.2840 top5 0.5534
    [09:13:32] step 3425/5625 | avg train loss 2.4192 top1 0.2843 top5 0.5534
    [09:13:35] step 3450/5625 | avg train loss 2.4188 top1 0.2839 top5 0.5529
    [09:13:39] step 3475/5625 | avg train loss 2.4190 top1 0.2840 top5 0.5526
    [09:13:42] step 3500/5625 | avg train loss 2.4201 top1 0.2834 top5 0.5521
    [09:13:45] step 3525/5625 | avg train loss 2.4190 top1 0.2837 top5 0.5525
    [09:13:49] step 3550/5625 | avg train loss 2.4174 top1 0.2841 top5 0.5529
    [09:13:52] step 3575/5625 | avg train loss 2.4185 top1 0.2836 top5 0.5525
    [09:13:56] step 3600/5625 | avg train loss 2.4164 top1 0.2837 top5 0.5526
    [09:13:59] step 3625/5625 | avg train loss 2.4160 top1 0.2844 top5 0.5526
    [09:14:03] step 3650/5625 | avg train loss 2.4159 top1 0.2848 top5 0.5528
    [09:14:06] step 3675/5625 | avg train loss 2.4154 top1 0.2848 top5 0.5529
    [09:14:10] step 3700/5625 | avg train loss 2.4156 top1 0.2847 top5 0.5528
    [09:14:13] step 3725/5625 | avg train loss 2.4157 top1 0.2849 top5 0.5531
    [09:14:16] step 3750/5625 | avg train loss 2.4153 top1 0.2851 top5 0.5536
    [09:14:20] step 3775/5625 | avg train loss 2.4153 top1 0.2851 top5 0.5537
    [09:14:23] step 3800/5625 | avg train loss 2.4156 top1 0.2853 top5 0.5540
    [09:14:27] step 3825/5625 | avg train loss 2.4145 top1 0.2857 top5 0.5541
    [09:14:30] step 3850/5625 | avg train loss 2.4152 top1 0.2860 top5 0.5543
    [09:14:34] step 3875/5625 | avg train loss 2.4144 top1 0.2864 top5 0.5548
    [09:14:37] step 3900/5625 | avg train loss 2.4138 top1 0.2865 top5 0.5549
    [09:14:40] step 3925/5625 | avg train loss 2.4143 top1 0.2859 top5 0.5542
    [09:14:44] step 3950/5625 | avg train loss 2.4145 top1 0.2859 top5 0.5544
    [09:14:47] step 3975/5625 | avg train loss 2.4125 top1 0.2861 top5 0.5551
    [09:14:51] step 4000/5625 | avg train loss 2.4121 top1 0.2863 top5 0.5550
    [09:14:54] step 4025/5625 | avg train loss 2.4101 top1 0.2868 top5 0.5555
    [09:14:58] step 4050/5625 | avg train loss 2.4092 top1 0.2873 top5 0.5562
    [09:15:01] step 4075/5625 | avg train loss 2.4077 top1 0.2877 top5 0.5567
    [09:15:04] step 4100/5625 | avg train loss 2.4072 top1 0.2874 top5 0.5563
    [09:15:08] step 4125/5625 | avg train loss 2.4067 top1 0.2876 top5 0.5567
    [09:15:11] step 4150/5625 | avg train loss 2.4077 top1 0.2871 top5 0.5561
    [09:15:15] step 4175/5625 | avg train loss 2.4086 top1 0.2867 top5 0.5556
    [09:15:18] step 4200/5625 | avg train loss 2.4079 top1 0.2865 top5 0.5555
    [09:15:22] step 4225/5625 | avg train loss 2.4077 top1 0.2864 top5 0.5552
    [09:15:25] step 4250/5625 | avg train loss 2.4074 top1 0.2861 top5 0.5553
    [09:15:28] step 4275/5625 | avg train loss 2.4065 top1 0.2859 top5 0.5551
    [09:15:32] step 4300/5625 | avg train loss 2.4070 top1 0.2860 top5 0.5551
    [09:15:35] step 4325/5625 | avg train loss 2.4077 top1 0.2859 top5 0.5546
    [09:15:39] step 4350/5625 | avg train loss 2.4073 top1 0.2859 top5 0.5543
    [09:15:42] step 4375/5625 | avg train loss 2.4072 top1 0.2861 top5 0.5545
    [09:15:45] step 4400/5625 | avg train loss 2.4084 top1 0.2859 top5 0.5545
    [09:15:49] step 4425/5625 | avg train loss 2.4087 top1 0.2858 top5 0.5545
    [09:15:52] step 4450/5625 | avg train loss 2.4088 top1 0.2861 top5 0.5551
    [09:15:56] step 4475/5625 | avg train loss 2.4089 top1 0.2858 top5 0.5550
    [09:15:59] step 4500/5625 | avg train loss 2.4085 top1 0.2857 top5 0.5549
    [09:16:03] step 4525/5625 | avg train loss 2.4088 top1 0.2860 top5 0.5551
    [09:16:06] step 4550/5625 | avg train loss 2.4083 top1 0.2857 top5 0.5552
    [09:16:09] step 4575/5625 | avg train loss 2.4089 top1 0.2855 top5 0.5549
    [09:16:13] step 4600/5625 | avg train loss 2.4094 top1 0.2852 top5 0.5548
    [09:16:16] step 4625/5625 | avg train loss 2.4093 top1 0.2853 top5 0.5548
    [09:16:20] step 4650/5625 | avg train loss 2.4080 top1 0.2857 top5 0.5550
    [09:16:23] step 4675/5625 | avg train loss 2.4085 top1 0.2859 top5 0.5548
    [09:16:27] step 4700/5625 | avg train loss 2.4076 top1 0.2859 top5 0.5547
    [09:16:30] step 4725/5625 | avg train loss 2.4073 top1 0.2858 top5 0.5543
    [09:16:34] step 4750/5625 | avg train loss 2.4067 top1 0.2858 top5 0.5542
    [09:16:37] step 4775/5625 | avg train loss 2.4072 top1 0.2857 top5 0.5543
    [09:16:40] step 4800/5625 | avg train loss 2.4071 top1 0.2855 top5 0.5541
    [09:16:44] step 4825/5625 | avg train loss 2.4075 top1 0.2854 top5 0.5541
    [09:16:47] step 4850/5625 | avg train loss 2.4067 top1 0.2857 top5 0.5542
    [09:16:51] step 4875/5625 | avg train loss 2.4072 top1 0.2856 top5 0.5540
    [09:16:54] step 4900/5625 | avg train loss 2.4074 top1 0.2853 top5 0.5538
    [09:16:58] step 4925/5625 | avg train loss 2.4069 top1 0.2855 top5 0.5539
    [09:17:01] step 4950/5625 | avg train loss 2.4069 top1 0.2855 top5 0.5541
    [09:17:04] step 4975/5625 | avg train loss 2.4066 top1 0.2854 top5 0.5542
    [09:17:08] step 5000/5625 | avg train loss 2.4062 top1 0.2852 top5 0.5538
    [09:17:11] step 5025/5625 | avg train loss 2.4072 top1 0.2850 top5 0.5539
    [09:17:15] step 5050/5625 | avg train loss 2.4071 top1 0.2848 top5 0.5537
    [09:17:18] step 5075/5625 | avg train loss 2.4066 top1 0.2848 top5 0.5537
    [09:17:22] step 5100/5625 | avg train loss 2.4066 top1 0.2847 top5 0.5536
    [09:17:25] step 5125/5625 | avg train loss 2.4070 top1 0.2846 top5 0.5537
    [09:17:29] step 5150/5625 | avg train loss 2.4065 top1 0.2848 top5 0.5539
    [09:17:32] step 5175/5625 | avg train loss 2.4057 top1 0.2852 top5 0.5542
    [09:17:35] step 5200/5625 | avg train loss 2.4052 top1 0.2855 top5 0.5543
    [09:17:39] step 5225/5625 | avg train loss 2.4061 top1 0.2853 top5 0.5541
    [09:17:42] step 5250/5625 | avg train loss 2.4070 top1 0.2850 top5 0.5540
    [09:17:46] step 5275/5625 | avg train loss 2.4078 top1 0.2851 top5 0.5539
    [09:17:49] step 5300/5625 | avg train loss 2.4074 top1 0.2856 top5 0.5545
    [09:17:53] step 5325/5625 | avg train loss 2.4065 top1 0.2858 top5 0.5547
    [09:17:56] step 5350/5625 | avg train loss 2.4072 top1 0.2858 top5 0.5546
    [09:17:59] step 5375/5625 | avg train loss 2.4064 top1 0.2857 top5 0.5546
    [09:18:03] step 5400/5625 | avg train loss 2.4067 top1 0.2855 top5 0.5545
    [09:18:06] step 5425/5625 | avg train loss 2.4071 top1 0.2855 top5 0.5545
    [09:18:10] step 5450/5625 | avg train loss 2.4069 top1 0.2856 top5 0.5544
    [09:18:13] step 5475/5625 | avg train loss 2.4070 top1 0.2855 top5 0.5543
    [09:18:17] step 5500/5625 | avg train loss 2.4068 top1 0.2856 top5 0.5544
    [09:18:20] step 5525/5625 | avg train loss 2.4060 top1 0.2858 top5 0.5544
    [09:18:24] step 5550/5625 | avg train loss 2.4054 top1 0.2859 top5 0.5546
    [09:18:27] step 5575/5625 | avg train loss 2.4050 top1 0.2857 top5 0.5546
    [09:18:30] step 5600/5625 | avg train loss 2.4061 top1 0.2856 top5 0.5547
    [09:18:34] step 5625/5625 | avg train loss 2.4060 top1 0.2854 top5 0.5543
Epoch 16/50 | train loss 2.4060 top1 0.2854 | val loss 1.9923 top1 0.4302 top5 0.7779 | ema val top1 0.4122 top5 0.7475
  [head-diag] mlp_activity_ratio=4.0247, query_pairwise_cosine=0.1235
  No val top1 improvement (5/15); best remains 0.4331
    [09:19:41] step 25/5625 | avg train loss 2.6644 top1 0.2300 top5 0.5000
    [09:19:44] step 50/5625 | avg train loss 2.5125 top1 0.2675 top5 0.5000
    [09:19:48] step 75/5625 | avg train loss 2.5083 top1 0.2733 top5 0.5083
    [09:19:51] step 100/5625 | avg train loss 2.5487 top1 0.2712 top5 0.5138
    [09:19:55] step 125/5625 | avg train loss 2.5448 top1 0.2720 top5 0.5220
    [09:19:58] step 150/5625 | avg train loss 2.5059 top1 0.2658 top5 0.5092
    [09:20:01] step 175/5625 | avg train loss 2.4738 top1 0.2771 top5 0.5186
    [09:20:05] step 200/5625 | avg train loss 2.4521 top1 0.2762 top5 0.5262
    [09:20:08] step 225/5625 | avg train loss 2.4504 top1 0.2800 top5 0.5300
    [09:20:12] step 250/5625 | avg train loss 2.4405 top1 0.2775 top5 0.5315
    [09:20:15] step 275/5625 | avg train loss 2.4378 top1 0.2786 top5 0.5259
    [09:20:19] step 300/5625 | avg train loss 2.4429 top1 0.2821 top5 0.5317
    [09:20:22] step 325/5625 | avg train loss 2.4399 top1 0.2804 top5 0.5331
    [09:20:26] step 350/5625 | avg train loss 2.4369 top1 0.2818 top5 0.5354
    [09:20:29] step 375/5625 | avg train loss 2.4361 top1 0.2817 top5 0.5343
    [09:20:33] step 400/5625 | avg train loss 2.4355 top1 0.2781 top5 0.5322
    [09:20:36] step 425/5625 | avg train loss 2.4217 top1 0.2806 top5 0.5324
    [09:20:39] step 450/5625 | avg train loss 2.4253 top1 0.2772 top5 0.5317
    [09:20:43] step 475/5625 | avg train loss 2.4214 top1 0.2784 top5 0.5350
    [09:20:46] step 500/5625 | avg train loss 2.4142 top1 0.2820 top5 0.5373
    [09:20:50] step 525/5625 | avg train loss 2.4176 top1 0.2819 top5 0.5381
    [09:20:53] step 550/5625 | avg train loss 2.4241 top1 0.2791 top5 0.5350
    [09:20:57] step 575/5625 | avg train loss 2.4219 top1 0.2776 top5 0.5320
    [09:21:00] step 600/5625 | avg train loss 2.4184 top1 0.2777 top5 0.5352
    [09:21:03] step 625/5625 | avg train loss 2.4260 top1 0.2764 top5 0.5338
    [09:21:07] step 650/5625 | avg train loss 2.4213 top1 0.2773 top5 0.5346
    [09:21:10] step 675/5625 | avg train loss 2.4171 top1 0.2789 top5 0.5370
    [09:21:14] step 700/5625 | avg train loss 2.4169 top1 0.2766 top5 0.5364
    [09:21:17] step 725/5625 | avg train loss 2.4142 top1 0.2788 top5 0.5384
    [09:21:21] step 750/5625 | avg train loss 2.4110 top1 0.2807 top5 0.5392
    [09:21:24] step 775/5625 | avg train loss 2.4144 top1 0.2792 top5 0.5398
    [09:21:27] step 800/5625 | avg train loss 2.4177 top1 0.2802 top5 0.5400
    [09:21:31] step 825/5625 | avg train loss 2.4147 top1 0.2800 top5 0.5403
    [09:21:34] step 850/5625 | avg train loss 2.4188 top1 0.2794 top5 0.5396
    [09:21:38] step 875/5625 | avg train loss 2.4149 top1 0.2816 top5 0.5416
    [09:21:41] step 900/5625 | avg train loss 2.4126 top1 0.2828 top5 0.5439
    [09:21:45] step 925/5625 | avg train loss 2.4138 top1 0.2819 top5 0.5426
    [09:21:48] step 950/5625 | avg train loss 2.4195 top1 0.2817 top5 0.5413
    [09:21:51] step 975/5625 | avg train loss 2.4150 top1 0.2835 top5 0.5427
    [09:21:55] step 1000/5625 | avg train loss 2.4197 top1 0.2823 top5 0.5424
    [09:21:58] step 1025/5625 | avg train loss 2.4188 top1 0.2810 top5 0.5406
    [09:22:02] step 1050/5625 | avg train loss 2.4111 top1 0.2830 top5 0.5421
    [09:22:05] step 1075/5625 | avg train loss 2.4100 top1 0.2838 top5 0.5417
    [09:22:09] step 1100/5625 | avg train loss 2.4063 top1 0.2844 top5 0.5424
    [09:22:12] step 1125/5625 | avg train loss 2.4085 top1 0.2840 top5 0.5418
    [09:22:15] step 1150/5625 | avg train loss 2.4104 top1 0.2842 top5 0.5415
    [09:22:19] step 1175/5625 | avg train loss 2.4109 top1 0.2848 top5 0.5427
    [09:22:22] step 1200/5625 | avg train loss 2.4104 top1 0.2848 top5 0.5434
    [09:22:26] step 1225/5625 | avg train loss 2.4100 top1 0.2860 top5 0.5445
    [09:22:29] step 1250/5625 | avg train loss 2.4093 top1 0.2866 top5 0.5449
    [09:22:33] step 1275/5625 | avg train loss 2.4073 top1 0.2879 top5 0.5463
    [09:22:36] step 1300/5625 | avg train loss 2.4051 top1 0.2898 top5 0.5473
    [09:22:40] step 1325/5625 | avg train loss 2.4007 top1 0.2908 top5 0.5469
    [09:22:43] step 1350/5625 | avg train loss 2.4020 top1 0.2891 top5 0.5453
    [09:22:46] step 1375/5625 | avg train loss 2.3994 top1 0.2901 top5 0.5456
    [09:22:50] step 1400/5625 | avg train loss 2.4003 top1 0.2896 top5 0.5461
    [09:22:53] step 1425/5625 | avg train loss 2.4011 top1 0.2895 top5 0.5462
    [09:22:57] step 1450/5625 | avg train loss 2.3983 top1 0.2911 top5 0.5481
    [09:23:00] step 1475/5625 | avg train loss 2.3983 top1 0.2918 top5 0.5486
    [09:23:04] step 1500/5625 | avg train loss 2.3985 top1 0.2913 top5 0.5485
    [09:23:07] step 1525/5625 | avg train loss 2.3974 top1 0.2924 top5 0.5498
    [09:23:10] step 1550/5625 | avg train loss 2.3963 top1 0.2921 top5 0.5494
    [09:23:14] step 1575/5625 | avg train loss 2.3941 top1 0.2929 top5 0.5506
    [09:23:17] step 1600/5625 | avg train loss 2.3932 top1 0.2926 top5 0.5509
    [09:23:21] step 1625/5625 | avg train loss 2.3926 top1 0.2924 top5 0.5513
    [09:23:24] step 1650/5625 | avg train loss 2.3930 top1 0.2920 top5 0.5516
    [09:23:28] step 1675/5625 | avg train loss 2.3903 top1 0.2926 top5 0.5522
    [09:23:31] step 1700/5625 | avg train loss 2.3914 top1 0.2912 top5 0.5514
    [09:23:35] step 1725/5625 | avg train loss 2.3915 top1 0.2918 top5 0.5515
    [09:23:38] step 1750/5625 | avg train loss 2.3940 top1 0.2917 top5 0.5517
    [09:23:41] step 1775/5625 | avg train loss 2.3925 top1 0.2919 top5 0.5519
    [09:23:45] step 1800/5625 | avg train loss 2.3941 top1 0.2918 top5 0.5519
    [09:23:48] step 1825/5625 | avg train loss 2.3970 top1 0.2911 top5 0.5509
    [09:23:52] step 1850/5625 | avg train loss 2.3974 top1 0.2918 top5 0.5514
    [09:23:55] step 1875/5625 | avg train loss 2.4003 top1 0.2907 top5 0.5508
    [09:23:59] step 1900/5625 | avg train loss 2.4013 top1 0.2913 top5 0.5513
    [09:24:02] step 1925/5625 | avg train loss 2.3987 top1 0.2917 top5 0.5524
    [09:24:05] step 1950/5625 | avg train loss 2.3991 top1 0.2915 top5 0.5529
    [09:24:09] step 1975/5625 | avg train loss 2.3978 top1 0.2922 top5 0.5536
    [09:24:12] step 2000/5625 | avg train loss 2.3965 top1 0.2924 top5 0.5541
    [09:24:16] step 2025/5625 | avg train loss 2.3960 top1 0.2917 top5 0.5529
    [09:24:19] step 2050/5625 | avg train loss 2.3995 top1 0.2914 top5 0.5525
    [09:24:23] step 2075/5625 | avg train loss 2.3973 top1 0.2922 top5 0.5536
    [09:24:26] step 2100/5625 | avg train loss 2.3947 top1 0.2927 top5 0.5543
    [09:24:30] step 2125/5625 | avg train loss 2.3952 top1 0.2933 top5 0.5545
    [09:24:33] step 2150/5625 | avg train loss 2.3958 top1 0.2931 top5 0.5547
    [09:24:36] step 2175/5625 | avg train loss 2.3966 top1 0.2928 top5 0.5544
    [09:24:40] step 2200/5625 | avg train loss 2.3952 top1 0.2923 top5 0.5540
    [09:24:43] step 2225/5625 | avg train loss 2.3965 top1 0.2916 top5 0.5539
    [09:24:47] step 2250/5625 | avg train loss 2.3971 top1 0.2911 top5 0.5533
    [09:24:50] step 2275/5625 | avg train loss 2.3947 top1 0.2912 top5 0.5536
    [09:24:54] step 2300/5625 | avg train loss 2.3960 top1 0.2906 top5 0.5534
    [09:24:57] step 2325/5625 | avg train loss 2.3969 top1 0.2899 top5 0.5530
    [09:25:00] step 2350/5625 | avg train loss 2.3977 top1 0.2894 top5 0.5526
    [09:25:04] step 2375/5625 | avg train loss 2.3989 top1 0.2892 top5 0.5519
    [09:25:07] step 2400/5625 | avg train loss 2.3988 top1 0.2895 top5 0.5520
    [09:25:11] step 2425/5625 | avg train loss 2.3979 top1 0.2892 top5 0.5520
    [09:25:14] step 2450/5625 | avg train loss 2.3992 top1 0.2890 top5 0.5516
    [09:25:18] step 2475/5625 | avg train loss 2.3978 top1 0.2897 top5 0.5519
    [09:25:21] step 2500/5625 | avg train loss 2.3980 top1 0.2900 top5 0.5520
    [09:25:24] step 2525/5625 | avg train loss 2.3975 top1 0.2903 top5 0.5526
    [09:25:28] step 2550/5625 | avg train loss 2.3947 top1 0.2905 top5 0.5525
    [09:25:31] step 2575/5625 | avg train loss 2.3947 top1 0.2909 top5 0.5528
    [09:25:35] step 2600/5625 | avg train loss 2.3956 top1 0.2903 top5 0.5526
    [09:25:38] step 2625/5625 | avg train loss 2.3947 top1 0.2905 top5 0.5528
    [09:25:42] step 2650/5625 | avg train loss 2.3948 top1 0.2901 top5 0.5526
    [09:25:45] step 2675/5625 | avg train loss 2.3931 top1 0.2903 top5 0.5529
    [09:25:48] step 2700/5625 | avg train loss 2.3918 top1 0.2909 top5 0.5537
    [09:25:52] step 2725/5625 | avg train loss 2.3920 top1 0.2909 top5 0.5533
    [09:25:55] step 2750/5625 | avg train loss 2.3906 top1 0.2911 top5 0.5532
    [09:25:59] step 2775/5625 | avg train loss 2.3897 top1 0.2911 top5 0.5532
    [09:26:02] step 2800/5625 | avg train loss 2.3892 top1 0.2910 top5 0.5531
    [09:26:06] step 2825/5625 | avg train loss 2.3885 top1 0.2912 top5 0.5540
    [09:26:09] step 2850/5625 | avg train loss 2.3883 top1 0.2915 top5 0.5543
    [09:26:12] step 2875/5625 | avg train loss 2.3893 top1 0.2916 top5 0.5546
    [09:26:16] step 2900/5625 | avg train loss 2.3899 top1 0.2913 top5 0.5550
    [09:26:19] step 2925/5625 | avg train loss 2.3871 top1 0.2916 top5 0.5553
    [09:26:23] step 2950/5625 | avg train loss 2.3874 top1 0.2917 top5 0.5556
    [09:26:26] step 2975/5625 | avg train loss 2.3865 top1 0.2916 top5 0.5557
    [09:26:30] step 3000/5625 | avg train loss 2.3868 top1 0.2917 top5 0.5557
    [09:26:33] step 3025/5625 | avg train loss 2.3857 top1 0.2917 top5 0.5563
    [09:26:37] step 3050/5625 | avg train loss 2.3894 top1 0.2911 top5 0.5559
    [09:26:40] step 3075/5625 | avg train loss 2.3894 top1 0.2913 top5 0.5560
    [09:26:43] step 3100/5625 | avg train loss 2.3881 top1 0.2918 top5 0.5563
    [09:26:47] step 3125/5625 | avg train loss 2.3889 top1 0.2915 top5 0.5565
    [09:26:50] step 3150/5625 | avg train loss 2.3909 top1 0.2908 top5 0.5556
    [09:26:54] step 3175/5625 | avg train loss 2.3905 top1 0.2906 top5 0.5555
    [09:26:57] step 3200/5625 | avg train loss 2.3896 top1 0.2909 top5 0.5557
    [09:27:01] step 3225/5625 | avg train loss 2.3893 top1 0.2910 top5 0.5555
    [09:27:04] step 3250/5625 | avg train loss 2.3905 top1 0.2905 top5 0.5547
    [09:27:07] step 3275/5625 | avg train loss 2.3903 top1 0.2911 top5 0.5552
    [09:27:11] step 3300/5625 | avg train loss 2.3894 top1 0.2909 top5 0.5550
    [09:27:14] step 3325/5625 | avg train loss 2.3904 top1 0.2907 top5 0.5547
    [09:27:18] step 3350/5625 | avg train loss 2.3917 top1 0.2904 top5 0.5550
    [09:27:21] step 3375/5625 | avg train loss 2.3921 top1 0.2901 top5 0.5548
    [09:27:25] step 3400/5625 | avg train loss 2.3919 top1 0.2901 top5 0.5546
    [09:27:28] step 3425/5625 | avg train loss 2.3917 top1 0.2898 top5 0.5539
    [09:27:32] step 3450/5625 | avg train loss 2.3923 top1 0.2897 top5 0.5537
    [09:27:35] step 3475/5625 | avg train loss 2.3930 top1 0.2895 top5 0.5537
    [09:27:38] step 3500/5625 | avg train loss 2.3930 top1 0.2899 top5 0.5539
    [09:27:42] step 3525/5625 | avg train loss 2.3936 top1 0.2901 top5 0.5539
    [09:27:45] step 3550/5625 | avg train loss 2.3943 top1 0.2902 top5 0.5538
    [09:27:49] step 3575/5625 | avg train loss 2.3946 top1 0.2903 top5 0.5543
    [09:27:52] step 3600/5625 | avg train loss 2.3947 top1 0.2898 top5 0.5541
    [09:27:56] step 3625/5625 | avg train loss 2.3952 top1 0.2897 top5 0.5539
    [09:27:59] step 3650/5625 | avg train loss 2.3960 top1 0.2892 top5 0.5535
    [09:28:02] step 3675/5625 | avg train loss 2.3944 top1 0.2894 top5 0.5540
    [09:28:06] step 3700/5625 | avg train loss 2.3943 top1 0.2892 top5 0.5542
    [09:28:09] step 3725/5625 | avg train loss 2.3954 top1 0.2892 top5 0.5541
    [09:28:13] step 3750/5625 | avg train loss 2.3959 top1 0.2892 top5 0.5545
    [09:28:16] step 3775/5625 | avg train loss 2.3959 top1 0.2891 top5 0.5543
    [09:28:20] step 3800/5625 | avg train loss 2.3964 top1 0.2891 top5 0.5544
    [09:28:23] step 3825/5625 | avg train loss 2.3958 top1 0.2890 top5 0.5544
    [09:28:27] step 3850/5625 | avg train loss 2.3946 top1 0.2896 top5 0.5549
    [09:28:30] step 3875/5625 | avg train loss 2.3958 top1 0.2889 top5 0.5539
    [09:28:33] step 3900/5625 | avg train loss 2.3962 top1 0.2888 top5 0.5538
    [09:28:37] step 3925/5625 | avg train loss 2.3967 top1 0.2884 top5 0.5535
    [09:28:40] step 3950/5625 | avg train loss 2.3967 top1 0.2883 top5 0.5535
    [09:28:44] step 3975/5625 | avg train loss 2.3969 top1 0.2885 top5 0.5537
    [09:28:47] step 4000/5625 | avg train loss 2.3968 top1 0.2887 top5 0.5539
    [09:28:51] step 4025/5625 | avg train loss 2.3975 top1 0.2884 top5 0.5539
    [09:28:54] step 4050/5625 | avg train loss 2.3971 top1 0.2886 top5 0.5539
    [09:28:57] step 4075/5625 | avg train loss 2.3982 top1 0.2883 top5 0.5535
    [09:29:01] step 4100/5625 | avg train loss 2.3983 top1 0.2878 top5 0.5533
    [09:29:04] step 4125/5625 | avg train loss 2.3979 top1 0.2877 top5 0.5530
    [09:29:08] step 4150/5625 | avg train loss 2.3971 top1 0.2877 top5 0.5529
    [09:29:11] step 4175/5625 | avg train loss 2.3959 top1 0.2880 top5 0.5528
    [09:29:15] step 4200/5625 | avg train loss 2.3968 top1 0.2877 top5 0.5526
    [09:29:18] step 4225/5625 | avg train loss 2.3961 top1 0.2875 top5 0.5525
    [09:29:21] step 4250/5625 | avg train loss 2.3959 top1 0.2872 top5 0.5524
    [09:29:25] step 4275/5625 | avg train loss 2.3947 top1 0.2873 top5 0.5527
    [09:29:28] step 4300/5625 | avg train loss 2.3961 top1 0.2868 top5 0.5525
    [09:29:32] step 4325/5625 | avg train loss 2.3954 top1 0.2872 top5 0.5528
    [09:29:35] step 4350/5625 | avg train loss 2.3952 top1 0.2872 top5 0.5526
    [09:29:38] step 4375/5625 | avg train loss 2.3957 top1 0.2871 top5 0.5521
    [09:29:42] step 4400/5625 | avg train loss 2.3960 top1 0.2870 top5 0.5519
    [09:29:45] step 4425/5625 | avg train loss 2.3968 top1 0.2866 top5 0.5513
    [09:29:49] step 4450/5625 | avg train loss 2.3974 top1 0.2868 top5 0.5514
    [09:29:52] step 4475/5625 | avg train loss 2.3981 top1 0.2865 top5 0.5513
    [09:29:56] step 4500/5625 | avg train loss 2.3980 top1 0.2866 top5 0.5510
    [09:29:59] step 4525/5625 | avg train loss 2.3972 top1 0.2866 top5 0.5511
    [09:30:02] step 4550/5625 | avg train loss 2.3976 top1 0.2865 top5 0.5509
    [09:30:06] step 4575/5625 | avg train loss 2.3974 top1 0.2865 top5 0.5510
    [09:30:09] step 4600/5625 | avg train loss 2.3973 top1 0.2865 top5 0.5511
    [09:30:13] step 4625/5625 | avg train loss 2.3966 top1 0.2867 top5 0.5511
    [09:30:16] step 4650/5625 | avg train loss 2.3966 top1 0.2867 top5 0.5511
    [09:30:20] step 4675/5625 | avg train loss 2.3979 top1 0.2865 top5 0.5508
    [09:30:23] step 4700/5625 | avg train loss 2.3979 top1 0.2862 top5 0.5505
    [09:30:27] step 4725/5625 | avg train loss 2.3977 top1 0.2860 top5 0.5505
    [09:30:30] step 4750/5625 | avg train loss 2.3975 top1 0.2864 top5 0.5510
    [09:30:33] step 4775/5625 | avg train loss 2.3977 top1 0.2865 top5 0.5511
    [09:30:37] step 4800/5625 | avg train loss 2.3976 top1 0.2863 top5 0.5512
    [09:30:40] step 4825/5625 | avg train loss 2.3979 top1 0.2862 top5 0.5509
    [09:30:44] step 4850/5625 | avg train loss 2.3996 top1 0.2855 top5 0.5507
    [09:30:47] step 4875/5625 | avg train loss 2.3998 top1 0.2854 top5 0.5507
    [09:30:51] step 4900/5625 | avg train loss 2.3998 top1 0.2850 top5 0.5505
    [09:30:54] step 4925/5625 | avg train loss 2.3994 top1 0.2850 top5 0.5506
    [09:30:57] step 4950/5625 | avg train loss 2.3999 top1 0.2844 top5 0.5497
    [09:31:01] step 4975/5625 | avg train loss 2.4002 top1 0.2844 top5 0.5501
    [09:31:04] step 5000/5625 | avg train loss 2.4002 top1 0.2846 top5 0.5506
    [09:31:08] step 5025/5625 | avg train loss 2.3987 top1 0.2845 top5 0.5507
    [09:31:11] step 5050/5625 | avg train loss 2.3985 top1 0.2844 top5 0.5505
    [09:31:15] step 5075/5625 | avg train loss 2.3976 top1 0.2844 top5 0.5503
    [09:31:18] step 5100/5625 | avg train loss 2.3964 top1 0.2844 top5 0.5501
    [09:31:21] step 5125/5625 | avg train loss 2.3962 top1 0.2842 top5 0.5500
    [09:31:25] step 5150/5625 | avg train loss 2.3967 top1 0.2841 top5 0.5499
    [09:31:28] step 5175/5625 | avg train loss 2.3967 top1 0.2841 top5 0.5499
    [09:31:32] step 5200/5625 | avg train loss 2.3963 top1 0.2841 top5 0.5501
    [09:31:35] step 5225/5625 | avg train loss 2.3961 top1 0.2842 top5 0.5504
    [09:31:39] step 5250/5625 | avg train loss 2.3954 top1 0.2845 top5 0.5505
    [09:31:42] step 5275/5625 | avg train loss 2.3955 top1 0.2847 top5 0.5507
    [09:31:46] step 5300/5625 | avg train loss 2.3951 top1 0.2849 top5 0.5505
    [09:31:49] step 5325/5625 | avg train loss 2.3954 top1 0.2847 top5 0.5501
    [09:31:52] step 5350/5625 | avg train loss 2.3958 top1 0.2849 top5 0.5502
    [09:31:56] step 5375/5625 | avg train loss 2.3967 top1 0.2848 top5 0.5499
    [09:31:59] step 5400/5625 | avg train loss 2.3968 top1 0.2849 top5 0.5500
    [09:32:03] step 5425/5625 | avg train loss 2.3970 top1 0.2847 top5 0.5496
    [09:32:06] step 5450/5625 | avg train loss 2.3975 top1 0.2844 top5 0.5492
    [09:32:10] step 5475/5625 | avg train loss 2.3966 top1 0.2842 top5 0.5487
    [09:32:13] step 5500/5625 | avg train loss 2.3965 top1 0.2842 top5 0.5489
    [09:32:17] step 5525/5625 | avg train loss 2.3969 top1 0.2842 top5 0.5489
    [09:32:20] step 5550/5625 | avg train loss 2.3959 top1 0.2843 top5 0.5491
    [09:32:23] step 5575/5625 | avg train loss 2.3950 top1 0.2844 top5 0.5490
    [09:32:27] step 5600/5625 | avg train loss 2.3954 top1 0.2846 top5 0.5492
    [09:32:30] step 5625/5625 | avg train loss 2.3960 top1 0.2849 top5 0.5494
Epoch 17/50 | train loss 2.3960 top1 0.2849 | val loss 2.0759 top1 0.4237 top5 0.7471 | ema val top1 0.4258 top5 0.7586
  [head-diag] mlp_activity_ratio=3.6434, query_pairwise_cosine=0.1282
  No val top1 improvement (6/15); best remains 0.4331
    [09:33:37] step 25/5625 | avg train loss 2.6274 top1 0.2250 top5 0.5200
    [09:33:41] step 50/5625 | avg train loss 2.5026 top1 0.2475 top5 0.5075
    [09:33:44] step 75/5625 | avg train loss 2.4510 top1 0.2617 top5 0.5200
    [09:33:47] step 100/5625 | avg train loss 2.4224 top1 0.2662 top5 0.5262
    [09:33:51] step 125/5625 | avg train loss 2.4110 top1 0.2670 top5 0.5240
    [09:33:54] step 150/5625 | avg train loss 2.4144 top1 0.2633 top5 0.5300
    [09:33:58] step 175/5625 | avg train loss 2.4148 top1 0.2679 top5 0.5300
    [09:34:01] step 200/5625 | avg train loss 2.3705 top1 0.2787 top5 0.5400
    [09:34:05] step 225/5625 | avg train loss 2.3518 top1 0.2828 top5 0.5428
    [09:34:08] step 250/5625 | avg train loss 2.3579 top1 0.2840 top5 0.5405
    [09:34:11] step 275/5625 | avg train loss 2.3619 top1 0.2886 top5 0.5450
    [09:34:15] step 300/5625 | avg train loss 2.3654 top1 0.2892 top5 0.5463
    [09:34:18] step 325/5625 | avg train loss 2.3608 top1 0.2912 top5 0.5496
    [09:34:22] step 350/5625 | avg train loss 2.3620 top1 0.2932 top5 0.5486
    [09:34:25] step 375/5625 | avg train loss 2.3665 top1 0.2940 top5 0.5483
    [09:34:29] step 400/5625 | avg train loss 2.3829 top1 0.2941 top5 0.5481
    [09:34:32] step 425/5625 | avg train loss 2.3909 top1 0.2944 top5 0.5506
    [09:34:36] step 450/5625 | avg train loss 2.3967 top1 0.2972 top5 0.5525
    [09:34:39] step 475/5625 | avg train loss 2.3885 top1 0.2971 top5 0.5555
    [09:34:43] step 500/5625 | avg train loss 2.3886 top1 0.2995 top5 0.5573
    [09:34:46] step 525/5625 | avg train loss 2.3739 top1 0.3055 top5 0.5621
    [09:34:49] step 550/5625 | avg train loss 2.3744 top1 0.3039 top5 0.5623
    [09:34:53] step 575/5625 | avg train loss 2.3705 top1 0.3050 top5 0.5630
    [09:34:56] step 600/5625 | avg train loss 2.3798 top1 0.3010 top5 0.5579
    [09:35:00] step 625/5625 | avg train loss 2.3864 top1 0.2994 top5 0.5572
    [09:35:03] step 650/5625 | avg train loss 2.3883 top1 0.2979 top5 0.5563
    [09:35:07] step 675/5625 | avg train loss 2.3846 top1 0.2983 top5 0.5569
    [09:35:10] step 700/5625 | avg train loss 2.3758 top1 0.3009 top5 0.5571
    [09:35:13] step 725/5625 | avg train loss 2.3668 top1 0.3016 top5 0.5586
    [09:35:17] step 750/5625 | avg train loss 2.3705 top1 0.3007 top5 0.5568
    [09:35:20] step 775/5625 | avg train loss 2.3679 top1 0.3045 top5 0.5606
    [09:35:24] step 800/5625 | avg train loss 2.3663 top1 0.3038 top5 0.5608
    [09:35:27] step 825/5625 | avg train loss 2.3724 top1 0.3032 top5 0.5605
    [09:35:31] step 850/5625 | avg train loss 2.3750 top1 0.3044 top5 0.5629
    [09:35:34] step 875/5625 | avg train loss 2.3770 top1 0.3036 top5 0.5601
    [09:35:38] step 900/5625 | avg train loss 2.3706 top1 0.3056 top5 0.5615
    [09:35:41] step 925/5625 | avg train loss 2.3714 top1 0.3038 top5 0.5615
    [09:35:44] step 950/5625 | avg train loss 2.3694 top1 0.3041 top5 0.5618
    [09:35:48] step 975/5625 | avg train loss 2.3706 top1 0.3044 top5 0.5638
    [09:35:51] step 1000/5625 | avg train loss 2.3671 top1 0.3048 top5 0.5646
    [09:35:55] step 1025/5625 | avg train loss 2.3611 top1 0.3046 top5 0.5646
    [09:35:58] step 1050/5625 | avg train loss 2.3637 top1 0.3036 top5 0.5638
    [09:36:02] step 1075/5625 | avg train loss 2.3667 top1 0.3027 top5 0.5621
    [09:36:05] step 1100/5625 | avg train loss 2.3701 top1 0.3023 top5 0.5609
    [09:36:09] step 1125/5625 | avg train loss 2.3683 top1 0.3022 top5 0.5611
    [09:36:12] step 1150/5625 | avg train loss 2.3640 top1 0.3041 top5 0.5647
    [09:36:15] step 1175/5625 | avg train loss 2.3613 top1 0.3047 top5 0.5648
    [09:36:19] step 1200/5625 | avg train loss 2.3645 top1 0.3045 top5 0.5646
    [09:36:22] step 1225/5625 | avg train loss 2.3667 top1 0.3038 top5 0.5645
    [09:36:26] step 1250/5625 | avg train loss 2.3675 top1 0.3040 top5 0.5650
    [09:36:29] step 1275/5625 | avg train loss 2.3704 top1 0.3033 top5 0.5628
    [09:36:33] step 1300/5625 | avg train loss 2.3739 top1 0.3028 top5 0.5630
    [09:36:36] step 1325/5625 | avg train loss 2.3769 top1 0.3026 top5 0.5623
    [09:36:39] step 1350/5625 | avg train loss 2.3757 top1 0.3031 top5 0.5629
    [09:36:43] step 1375/5625 | avg train loss 2.3791 top1 0.3025 top5 0.5622
    [09:36:46] step 1400/5625 | avg train loss 2.3805 top1 0.3014 top5 0.5624
    [09:36:50] step 1425/5625 | avg train loss 2.3788 top1 0.3007 top5 0.5612
    [09:36:53] step 1450/5625 | avg train loss 2.3770 top1 0.3009 top5 0.5611
    [09:36:57] step 1475/5625 | avg train loss 2.3774 top1 0.3010 top5 0.5608
    [09:37:00] step 1500/5625 | avg train loss 2.3735 top1 0.3023 top5 0.5623
    [09:37:03] step 1525/5625 | avg train loss 2.3736 top1 0.3028 top5 0.5622
    [09:37:07] step 1550/5625 | avg train loss 2.3731 top1 0.3021 top5 0.5617
    [09:37:10] step 1575/5625 | avg train loss 2.3739 top1 0.3031 top5 0.5617
    [09:37:14] step 1600/5625 | avg train loss 2.3728 top1 0.3041 top5 0.5630
    [09:37:17] step 1625/5625 | avg train loss 2.3717 top1 0.3042 top5 0.5630
    [09:37:21] step 1650/5625 | avg train loss 2.3713 top1 0.3042 top5 0.5620
    [09:37:24] step 1675/5625 | avg train loss 2.3713 top1 0.3040 top5 0.5619
    [09:37:28] step 1700/5625 | avg train loss 2.3709 top1 0.3046 top5 0.5626
    [09:37:31] step 1725/5625 | avg train loss 2.3691 top1 0.3044 top5 0.5626
    [09:37:34] step 1750/5625 | avg train loss 2.3688 top1 0.3054 top5 0.5636
    [09:37:38] step 1775/5625 | avg train loss 2.3670 top1 0.3059 top5 0.5645
    [09:37:41] step 1800/5625 | avg train loss 2.3691 top1 0.3049 top5 0.5643
    [09:37:45] step 1825/5625 | avg train loss 2.3679 top1 0.3054 top5 0.5649
    [09:37:48] step 1850/5625 | avg train loss 2.3700 top1 0.3057 top5 0.5657
    [09:37:52] step 1875/5625 | avg train loss 2.3721 top1 0.3057 top5 0.5662
    [09:37:55] step 1900/5625 | avg train loss 2.3736 top1 0.3047 top5 0.5659
    [09:37:58] step 1925/5625 | avg train loss 2.3775 top1 0.3036 top5 0.5649
    [09:38:02] step 1950/5625 | avg train loss 2.3750 top1 0.3037 top5 0.5649
    [09:38:05] step 1975/5625 | avg train loss 2.3751 top1 0.3030 top5 0.5646
    [09:38:09] step 2000/5625 | avg train loss 2.3765 top1 0.3024 top5 0.5646
    [09:38:12] step 2025/5625 | avg train loss 2.3762 top1 0.3022 top5 0.5643
    [09:38:16] step 2050/5625 | avg train loss 2.3770 top1 0.3020 top5 0.5641
    [09:38:19] step 2075/5625 | avg train loss 2.3775 top1 0.3025 top5 0.5644
    [09:38:22] step 2100/5625 | avg train loss 2.3805 top1 0.3017 top5 0.5635
    [09:38:26] step 2125/5625 | avg train loss 2.3811 top1 0.3013 top5 0.5637
    [09:38:29] step 2150/5625 | avg train loss 2.3827 top1 0.3010 top5 0.5630
    [09:38:33] step 2175/5625 | avg train loss 2.3825 top1 0.3009 top5 0.5624
    [09:38:36] step 2200/5625 | avg train loss 2.3827 top1 0.3009 top5 0.5624
    [09:38:40] step 2225/5625 | avg train loss 2.3830 top1 0.3001 top5 0.5622
    [09:38:43] step 2250/5625 | avg train loss 2.3798 top1 0.3001 top5 0.5617
    [09:38:47] step 2275/5625 | avg train loss 2.3829 top1 0.2996 top5 0.5615
    [09:38:50] step 2300/5625 | avg train loss 2.3827 top1 0.2989 top5 0.5612
    [09:38:53] step 2325/5625 | avg train loss 2.3819 top1 0.2989 top5 0.5611
    [09:38:57] step 2350/5625 | avg train loss 2.3832 top1 0.2972 top5 0.5595
    [09:39:00] step 2375/5625 | avg train loss 2.3839 top1 0.2967 top5 0.5585
    [09:39:04] step 2400/5625 | avg train loss 2.3844 top1 0.2966 top5 0.5582
    [09:39:07] step 2425/5625 | avg train loss 2.3840 top1 0.2972 top5 0.5587
    [09:39:11] step 2450/5625 | avg train loss 2.3800 top1 0.2980 top5 0.5590
    [09:39:14] step 2475/5625 | avg train loss 2.3812 top1 0.2975 top5 0.5589
    [09:39:17] step 2500/5625 | avg train loss 2.3813 top1 0.2970 top5 0.5585
    [09:39:21] step 2525/5625 | avg train loss 2.3816 top1 0.2968 top5 0.5586
    [09:39:24] step 2550/5625 | avg train loss 2.3790 top1 0.2975 top5 0.5596
    [09:39:28] step 2575/5625 | avg train loss 2.3777 top1 0.2981 top5 0.5600
    [09:39:31] step 2600/5625 | avg train loss 2.3767 top1 0.2986 top5 0.5606
    [09:39:35] step 2625/5625 | avg train loss 2.3786 top1 0.2989 top5 0.5605
    [09:39:38] step 2650/5625 | avg train loss 2.3784 top1 0.2986 top5 0.5607
    [09:39:42] step 2675/5625 | avg train loss 2.3792 top1 0.2984 top5 0.5609
    [09:39:45] step 2700/5625 | avg train loss 2.3808 top1 0.2978 top5 0.5605
    [09:39:48] step 2725/5625 | avg train loss 2.3814 top1 0.2975 top5 0.5607
    [09:39:52] step 2750/5625 | avg train loss 2.3814 top1 0.2976 top5 0.5608
    [09:39:55] step 2775/5625 | avg train loss 2.3811 top1 0.2980 top5 0.5613
    [09:39:59] step 2800/5625 | avg train loss 2.3806 top1 0.2980 top5 0.5610
    [09:40:02] step 2825/5625 | avg train loss 2.3791 top1 0.2984 top5 0.5607
    [09:40:06] step 2850/5625 | avg train loss 2.3786 top1 0.2986 top5 0.5611
    [09:40:09] step 2875/5625 | avg train loss 2.3788 top1 0.2980 top5 0.5608
    [09:40:12] step 2900/5625 | avg train loss 2.3793 top1 0.2975 top5 0.5609
    [09:40:16] step 2925/5625 | avg train loss 2.3800 top1 0.2976 top5 0.5612
    [09:40:19] step 2950/5625 | avg train loss 2.3806 top1 0.2976 top5 0.5611
    [09:40:23] step 2975/5625 | avg train loss 2.3818 top1 0.2972 top5 0.5607
    [09:40:26] step 3000/5625 | avg train loss 2.3829 top1 0.2973 top5 0.5603
    [09:40:30] step 3025/5625 | avg train loss 2.3835 top1 0.2968 top5 0.5609
    [09:40:33] step 3050/5625 | avg train loss 2.3830 top1 0.2967 top5 0.5606
    [09:40:36] step 3075/5625 | avg train loss 2.3825 top1 0.2975 top5 0.5612
    [09:40:40] step 3100/5625 | avg train loss 2.3844 top1 0.2975 top5 0.5610
    [09:40:43] step 3125/5625 | avg train loss 2.3844 top1 0.2974 top5 0.5610
    [09:40:47] step 3150/5625 | avg train loss 2.3846 top1 0.2975 top5 0.5610
    [09:40:50] step 3175/5625 | avg train loss 2.3845 top1 0.2972 top5 0.5609
    [09:40:54] step 3200/5625 | avg train loss 2.3840 top1 0.2967 top5 0.5607
    [09:40:57] step 3225/5625 | avg train loss 2.3845 top1 0.2964 top5 0.5599
    [09:41:00] step 3250/5625 | avg train loss 2.3850 top1 0.2958 top5 0.5593
    [09:41:04] step 3275/5625 | avg train loss 2.3848 top1 0.2954 top5 0.5588
    [09:41:07] step 3300/5625 | avg train loss 2.3838 top1 0.2957 top5 0.5589
    [09:41:11] step 3325/5625 | avg train loss 2.3831 top1 0.2957 top5 0.5589
    [09:41:14] step 3350/5625 | avg train loss 2.3840 top1 0.2951 top5 0.5589
    [09:41:18] step 3375/5625 | avg train loss 2.3827 top1 0.2951 top5 0.5593
    [09:41:21] step 3400/5625 | avg train loss 2.3828 top1 0.2955 top5 0.5594
    [09:41:24] step 3425/5625 | avg train loss 2.3824 top1 0.2960 top5 0.5598
    [09:41:28] step 3450/5625 | avg train loss 2.3820 top1 0.2961 top5 0.5599
    [09:41:31] step 3475/5625 | avg train loss 2.3822 top1 0.2959 top5 0.5596
    [09:41:35] step 3500/5625 | avg train loss 2.3829 top1 0.2959 top5 0.5591
    [09:41:38] step 3525/5625 | avg train loss 2.3811 top1 0.2957 top5 0.5594
    [09:41:42] step 3550/5625 | avg train loss 2.3816 top1 0.2956 top5 0.5594
    [09:41:45] step 3575/5625 | avg train loss 2.3807 top1 0.2954 top5 0.5593
    [09:41:49] step 3600/5625 | avg train loss 2.3796 top1 0.2954 top5 0.5600
    [09:41:52] step 3625/5625 | avg train loss 2.3798 top1 0.2954 top5 0.5600
    [09:41:55] step 3650/5625 | avg train loss 2.3801 top1 0.2955 top5 0.5602
    [09:41:59] step 3675/5625 | avg train loss 2.3782 top1 0.2961 top5 0.5602
    [09:42:02] step 3700/5625 | avg train loss 2.3761 top1 0.2966 top5 0.5605
    [09:42:06] step 3725/5625 | avg train loss 2.3759 top1 0.2967 top5 0.5604
    [09:42:09] step 3750/5625 | avg train loss 2.3758 top1 0.2969 top5 0.5609
    [09:42:13] step 3775/5625 | avg train loss 2.3759 top1 0.2969 top5 0.5609
    [09:42:16] step 3800/5625 | avg train loss 2.3764 top1 0.2963 top5 0.5606
    [09:42:19] step 3825/5625 | avg train loss 2.3758 top1 0.2963 top5 0.5605
    [09:42:23] step 3850/5625 | avg train loss 2.3758 top1 0.2964 top5 0.5604
    [09:42:26] step 3875/5625 | avg train loss 2.3746 top1 0.2964 top5 0.5603
    [09:42:30] step 3900/5625 | avg train loss 2.3753 top1 0.2958 top5 0.5597
    [09:42:33] step 3925/5625 | avg train loss 2.3761 top1 0.2958 top5 0.5594
    [09:42:37] step 3950/5625 | avg train loss 2.3761 top1 0.2958 top5 0.5593
    [09:42:40] step 3975/5625 | avg train loss 2.3766 top1 0.2956 top5 0.5592
    [09:42:44] step 4000/5625 | avg train loss 2.3761 top1 0.2959 top5 0.5596
    [09:42:47] step 4025/5625 | avg train loss 2.3765 top1 0.2961 top5 0.5599
    [09:42:51] step 4050/5625 | avg train loss 2.3771 top1 0.2959 top5 0.5594
    [09:42:54] step 4075/5625 | avg train loss 2.3774 top1 0.2957 top5 0.5594
    [09:42:57] step 4100/5625 | avg train loss 2.3779 top1 0.2954 top5 0.5591
    [09:43:01] step 4125/5625 | avg train loss 2.3784 top1 0.2954 top5 0.5588
    [09:43:04] step 4150/5625 | avg train loss 2.3794 top1 0.2951 top5 0.5586
    [09:43:08] step 4175/5625 | avg train loss 2.3788 top1 0.2954 top5 0.5589
    [09:43:11] step 4200/5625 | avg train loss 2.3789 top1 0.2949 top5 0.5583
    [09:43:15] step 4225/5625 | avg train loss 2.3795 top1 0.2947 top5 0.5581
    [09:43:18] step 4250/5625 | avg train loss 2.3797 top1 0.2947 top5 0.5579
    [09:43:21] step 4275/5625 | avg train loss 2.3789 top1 0.2949 top5 0.5579
    [09:43:25] step 4300/5625 | avg train loss 2.3797 top1 0.2945 top5 0.5576
    [09:43:28] step 4325/5625 | avg train loss 2.3802 top1 0.2942 top5 0.5573
    [09:43:32] step 4350/5625 | avg train loss 2.3798 top1 0.2943 top5 0.5573
    [09:43:35] step 4375/5625 | avg train loss 2.3792 top1 0.2940 top5 0.5571
    [09:43:39] step 4400/5625 | avg train loss 2.3786 top1 0.2945 top5 0.5578
    [09:43:42] step 4425/5625 | avg train loss 2.3778 top1 0.2945 top5 0.5579
    [09:43:46] step 4450/5625 | avg train loss 2.3786 top1 0.2945 top5 0.5581
    [09:43:49] step 4475/5625 | avg train loss 2.3768 top1 0.2950 top5 0.5585
    [09:43:52] step 4500/5625 | avg train loss 2.3756 top1 0.2951 top5 0.5584
    [09:43:56] step 4525/5625 | avg train loss 2.3758 top1 0.2950 top5 0.5584
    [09:43:59] step 4550/5625 | avg train loss 2.3751 top1 0.2952 top5 0.5584
    [09:44:03] step 4575/5625 | avg train loss 2.3753 top1 0.2951 top5 0.5582
    [09:44:06] step 4600/5625 | avg train loss 2.3749 top1 0.2950 top5 0.5583
    [09:44:10] step 4625/5625 | avg train loss 2.3736 top1 0.2950 top5 0.5581
    [09:44:13] step 4650/5625 | avg train loss 2.3745 top1 0.2949 top5 0.5578
    [09:44:16] step 4675/5625 | avg train loss 2.3740 top1 0.2944 top5 0.5572
    [09:44:20] step 4700/5625 | avg train loss 2.3731 top1 0.2941 top5 0.5570
    [09:44:23] step 4725/5625 | avg train loss 2.3733 top1 0.2942 top5 0.5569
    [09:44:27] step 4750/5625 | avg train loss 2.3730 top1 0.2943 top5 0.5568
    [09:44:30] step 4775/5625 | avg train loss 2.3731 top1 0.2944 top5 0.5568
    [09:44:34] step 4800/5625 | avg train loss 2.3733 top1 0.2943 top5 0.5568
    [09:44:37] step 4825/5625 | avg train loss 2.3729 top1 0.2942 top5 0.5569
    [09:44:40] step 4850/5625 | avg train loss 2.3730 top1 0.2940 top5 0.5571
    [09:44:44] step 4875/5625 | avg train loss 2.3739 top1 0.2938 top5 0.5571
    [09:44:47] step 4900/5625 | avg train loss 2.3746 top1 0.2937 top5 0.5569
    [09:44:51] step 4925/5625 | avg train loss 2.3738 top1 0.2938 top5 0.5566
    [09:44:54] step 4950/5625 | avg train loss 2.3736 top1 0.2939 top5 0.5566
    [09:44:58] step 4975/5625 | avg train loss 2.3728 top1 0.2941 top5 0.5567
    [09:45:01] step 5000/5625 | avg train loss 2.3716 top1 0.2946 top5 0.5573
    [09:45:04] step 5025/5625 | avg train loss 2.3700 top1 0.2948 top5 0.5574
    [09:45:08] step 5050/5625 | avg train loss 2.3702 top1 0.2949 top5 0.5577
    [09:45:11] step 5075/5625 | avg train loss 2.3698 top1 0.2951 top5 0.5579
    [09:45:15] step 5100/5625 | avg train loss 2.3690 top1 0.2954 top5 0.5581
    [09:45:18] step 5125/5625 | avg train loss 2.3705 top1 0.2950 top5 0.5577
    [09:45:22] step 5150/5625 | avg train loss 2.3703 top1 0.2947 top5 0.5578
    [09:45:25] step 5175/5625 | avg train loss 2.3699 top1 0.2945 top5 0.5575
    [09:45:29] step 5200/5625 | avg train loss 2.3698 top1 0.2947 top5 0.5577
    [09:45:32] step 5225/5625 | avg train loss 2.3703 top1 0.2946 top5 0.5577
    [09:45:35] step 5250/5625 | avg train loss 2.3696 top1 0.2947 top5 0.5577
    [09:45:39] step 5275/5625 | avg train loss 2.3700 top1 0.2945 top5 0.5576
    [09:45:42] step 5300/5625 | avg train loss 2.3692 top1 0.2945 top5 0.5574
    [09:45:46] step 5325/5625 | avg train loss 2.3699 top1 0.2947 top5 0.5575
    [09:45:49] step 5350/5625 | avg train loss 2.3700 top1 0.2945 top5 0.5573
    [09:45:53] step 5375/5625 | avg train loss 2.3699 top1 0.2945 top5 0.5572
    [09:45:56] step 5400/5625 | avg train loss 2.3694 top1 0.2944 top5 0.5574
    [09:45:59] step 5425/5625 | avg train loss 2.3687 top1 0.2947 top5 0.5577
    [09:46:03] step 5450/5625 | avg train loss 2.3683 top1 0.2945 top5 0.5576
    [09:46:06] step 5475/5625 | avg train loss 2.3684 top1 0.2944 top5 0.5575
    [09:46:10] step 5500/5625 | avg train loss 2.3688 top1 0.2942 top5 0.5574
    [09:46:13] step 5525/5625 | avg train loss 2.3697 top1 0.2942 top5 0.5576
    [09:46:17] step 5550/5625 | avg train loss 2.3686 top1 0.2943 top5 0.5573
    [09:46:20] step 5575/5625 | avg train loss 2.3687 top1 0.2943 top5 0.5574
    [09:46:23] step 5600/5625 | avg train loss 2.3684 top1 0.2942 top5 0.5575
    [09:46:27] step 5625/5625 | avg train loss 2.3691 top1 0.2941 top5 0.5576
Epoch 18/50 | train loss 2.3691 top1 0.2941 | val loss 2.0471 top1 0.4228 top5 0.7671 | ema val top1 0.4377 top5 0.7681
  [head-diag] mlp_activity_ratio=3.5876, query_pairwise_cosine=0.1185
  Saved new best checkpoint (ema): /Data/romain.poggi/smth2smth/checkpoints/track_a/videomaev2+ft/arch2-perceiver-q16.pt (val top1=0.4377)
    [09:47:36] step 25/5625 | avg train loss 2.4572 top1 0.2500 top5 0.4850
    [09:47:39] step 50/5625 | avg train loss 2.4202 top1 0.2725 top5 0.5150
    [09:47:43] step 75/5625 | avg train loss 2.4195 top1 0.2733 top5 0.5333
    [09:47:46] step 100/5625 | avg train loss 2.4364 top1 0.2762 top5 0.5400
    [09:47:50] step 125/5625 | avg train loss 2.4329 top1 0.2820 top5 0.5490
    [09:47:53] step 150/5625 | avg train loss 2.4255 top1 0.2783 top5 0.5358
    [09:47:57] step 175/5625 | avg train loss 2.3904 top1 0.2829 top5 0.5457
    [09:48:00] step 200/5625 | avg train loss 2.3650 top1 0.2863 top5 0.5463
    [09:48:03] step 225/5625 | avg train loss 2.3824 top1 0.2833 top5 0.5428
    [09:48:07] step 250/5625 | avg train loss 2.3597 top1 0.2855 top5 0.5440
    [09:48:10] step 275/5625 | avg train loss 2.3493 top1 0.2882 top5 0.5473
    [09:48:14] step 300/5625 | avg train loss 2.3334 top1 0.2975 top5 0.5558
    [09:48:17] step 325/5625 | avg train loss 2.3201 top1 0.2992 top5 0.5577
    [09:48:21] step 350/5625 | avg train loss 2.3224 top1 0.2979 top5 0.5568
    [09:48:24] step 375/5625 | avg train loss 2.3132 top1 0.2943 top5 0.5550
    [09:48:27] step 400/5625 | avg train loss 2.3135 top1 0.2938 top5 0.5559
    [09:48:31] step 425/5625 | avg train loss 2.3156 top1 0.2929 top5 0.5562
    [09:48:34] step 450/5625 | avg train loss 2.3229 top1 0.2936 top5 0.5561
    [09:48:38] step 475/5625 | avg train loss 2.3196 top1 0.2926 top5 0.5571
    [09:48:41] step 500/5625 | avg train loss 2.3182 top1 0.2943 top5 0.5587
    [09:48:45] step 525/5625 | avg train loss 2.3266 top1 0.2931 top5 0.5605
    [09:48:48] step 550/5625 | avg train loss 2.3401 top1 0.2930 top5 0.5625
    [09:48:51] step 575/5625 | avg train loss 2.3352 top1 0.2950 top5 0.5630
    [09:48:55] step 600/5625 | avg train loss 2.3335 top1 0.2946 top5 0.5627
    [09:48:58] step 625/5625 | avg train loss 2.3327 top1 0.2960 top5 0.5632
    [09:49:02] step 650/5625 | avg train loss 2.3410 top1 0.2929 top5 0.5604
    [09:49:05] step 675/5625 | avg train loss 2.3403 top1 0.2943 top5 0.5635
    [09:49:09] step 700/5625 | avg train loss 2.3368 top1 0.2961 top5 0.5636
    [09:49:12] step 725/5625 | avg train loss 2.3393 top1 0.2960 top5 0.5638
    [09:49:16] step 750/5625 | avg train loss 2.3379 top1 0.2938 top5 0.5602
    [09:49:19] step 775/5625 | avg train loss 2.3444 top1 0.2924 top5 0.5597
    [09:49:22] step 800/5625 | avg train loss 2.3435 top1 0.2925 top5 0.5589
    [09:49:26] step 825/5625 | avg train loss 2.3480 top1 0.2905 top5 0.5550
    [09:49:29] step 850/5625 | avg train loss 2.3502 top1 0.2884 top5 0.5532
    [09:49:33] step 875/5625 | avg train loss 2.3523 top1 0.2883 top5 0.5543
    [09:49:36] step 900/5625 | avg train loss 2.3559 top1 0.2881 top5 0.5531
    [09:49:40] step 925/5625 | avg train loss 2.3573 top1 0.2881 top5 0.5543
    [09:49:43] step 950/5625 | avg train loss 2.3591 top1 0.2870 top5 0.5537
    [09:49:47] step 975/5625 | avg train loss 2.3612 top1 0.2860 top5 0.5526
    [09:49:50] step 1000/5625 | avg train loss 2.3610 top1 0.2853 top5 0.5513
    [09:49:53] step 1025/5625 | avg train loss 2.3599 top1 0.2867 top5 0.5520
    [09:49:57] step 1050/5625 | avg train loss 2.3618 top1 0.2873 top5 0.5531
    [09:50:00] step 1075/5625 | avg train loss 2.3638 top1 0.2857 top5 0.5522
    [09:50:04] step 1100/5625 | avg train loss 2.3625 top1 0.2856 top5 0.5508
    [09:50:07] step 1125/5625 | avg train loss 2.3637 top1 0.2856 top5 0.5501
    [09:50:11] step 1150/5625 | avg train loss 2.3643 top1 0.2863 top5 0.5498
    [09:50:14] step 1175/5625 | avg train loss 2.3650 top1 0.2857 top5 0.5484
    [09:50:17] step 1200/5625 | avg train loss 2.3659 top1 0.2861 top5 0.5496
    [09:50:21] step 1225/5625 | avg train loss 2.3652 top1 0.2874 top5 0.5505
    [09:50:24] step 1250/5625 | avg train loss 2.3683 top1 0.2868 top5 0.5515
    [09:50:28] step 1275/5625 | avg train loss 2.3687 top1 0.2863 top5 0.5502
    [09:50:31] step 1300/5625 | avg train loss 2.3707 top1 0.2872 top5 0.5512
    [09:50:35] step 1325/5625 | avg train loss 2.3702 top1 0.2875 top5 0.5514
    [09:50:38] step 1350/5625 | avg train loss 2.3691 top1 0.2873 top5 0.5507
    [09:50:41] step 1375/5625 | avg train loss 2.3700 top1 0.2875 top5 0.5500
    [09:50:45] step 1400/5625 | avg train loss 2.3686 top1 0.2876 top5 0.5502
    [09:50:48] step 1425/5625 | avg train loss 2.3655 top1 0.2880 top5 0.5514
    [09:50:52] step 1450/5625 | avg train loss 2.3684 top1 0.2866 top5 0.5500
    [09:50:55] step 1475/5625 | avg train loss 2.3684 top1 0.2868 top5 0.5504
    [09:50:59] step 1500/5625 | avg train loss 2.3715 top1 0.2870 top5 0.5507
    [09:51:02] step 1525/5625 | avg train loss 2.3731 top1 0.2869 top5 0.5505
    [09:51:06] step 1550/5625 | avg train loss 2.3748 top1 0.2862 top5 0.5502
    [09:51:09] step 1575/5625 | avg train loss 2.3738 top1 0.2867 top5 0.5516
    [09:51:12] step 1600/5625 | avg train loss 2.3769 top1 0.2858 top5 0.5507
    [09:51:16] step 1625/5625 | avg train loss 2.3762 top1 0.2852 top5 0.5508
    [09:51:19] step 1650/5625 | avg train loss 2.3757 top1 0.2858 top5 0.5510
    [09:51:23] step 1675/5625 | avg train loss 2.3782 top1 0.2850 top5 0.5499
    [09:51:26] step 1700/5625 | avg train loss 2.3739 top1 0.2857 top5 0.5497
    [09:51:30] step 1725/5625 | avg train loss 2.3767 top1 0.2854 top5 0.5492
    [09:51:33] step 1750/5625 | avg train loss 2.3770 top1 0.2856 top5 0.5496
    [09:51:36] step 1775/5625 | avg train loss 2.3743 top1 0.2868 top5 0.5499
    [09:51:40] step 1800/5625 | avg train loss 2.3742 top1 0.2872 top5 0.5498
    [09:51:43] step 1825/5625 | avg train loss 2.3716 top1 0.2873 top5 0.5498
    [09:51:47] step 1850/5625 | avg train loss 2.3719 top1 0.2874 top5 0.5493
    [09:51:50] step 1875/5625 | avg train loss 2.3693 top1 0.2877 top5 0.5497
    [09:51:54] step 1900/5625 | avg train loss 2.3660 top1 0.2879 top5 0.5503
    [09:51:57] step 1925/5625 | avg train loss 2.3667 top1 0.2878 top5 0.5497
    [09:52:01] step 1950/5625 | avg train loss 2.3661 top1 0.2884 top5 0.5506
    [09:52:04] step 1975/5625 | avg train loss 2.3654 top1 0.2890 top5 0.5511
    [09:52:07] step 2000/5625 | avg train loss 2.3637 top1 0.2891 top5 0.5514
    [09:52:11] step 2025/5625 | avg train loss 2.3651 top1 0.2885 top5 0.5510
    [09:52:14] step 2050/5625 | avg train loss 2.3644 top1 0.2888 top5 0.5509
    [09:52:18] step 2075/5625 | avg train loss 2.3643 top1 0.2887 top5 0.5512
    [09:52:21] step 2100/5625 | avg train loss 2.3650 top1 0.2889 top5 0.5514
    [09:52:25] step 2125/5625 | avg train loss 2.3633 top1 0.2895 top5 0.5521
    [09:52:28] step 2150/5625 | avg train loss 2.3618 top1 0.2904 top5 0.5530
    [09:52:31] step 2175/5625 | avg train loss 2.3610 top1 0.2906 top5 0.5536
    [09:52:35] step 2200/5625 | avg train loss 2.3606 top1 0.2903 top5 0.5532
    [09:52:38] step 2225/5625 | avg train loss 2.3614 top1 0.2906 top5 0.5533
    [09:52:42] step 2250/5625 | avg train loss 2.3604 top1 0.2902 top5 0.5535
    [09:52:45] step 2275/5625 | avg train loss 2.3591 top1 0.2902 top5 0.5540
    [09:52:49] step 2300/5625 | avg train loss 2.3598 top1 0.2909 top5 0.5543
    [09:52:52] step 2325/5625 | avg train loss 2.3601 top1 0.2909 top5 0.5541
    [09:52:55] step 2350/5625 | avg train loss 2.3613 top1 0.2915 top5 0.5547
    [09:52:59] step 2375/5625 | avg train loss 2.3613 top1 0.2909 top5 0.5540
    [09:53:02] step 2400/5625 | avg train loss 2.3610 top1 0.2909 top5 0.5539
    [09:53:06] step 2425/5625 | avg train loss 2.3619 top1 0.2913 top5 0.5544
    [09:53:09] step 2450/5625 | avg train loss 2.3615 top1 0.2915 top5 0.5545
    [09:53:13] step 2475/5625 | avg train loss 2.3598 top1 0.2921 top5 0.5551
    [09:53:16] step 2500/5625 | avg train loss 2.3613 top1 0.2918 top5 0.5554
    [09:53:19] step 2525/5625 | avg train loss 2.3616 top1 0.2918 top5 0.5557
    [09:53:23] step 2550/5625 | avg train loss 2.3605 top1 0.2917 top5 0.5560
    [09:53:26] step 2575/5625 | avg train loss 2.3613 top1 0.2922 top5 0.5561
    [09:53:30] step 2600/5625 | avg train loss 2.3610 top1 0.2920 top5 0.5558
    [09:53:33] step 2625/5625 | avg train loss 2.3609 top1 0.2916 top5 0.5553
    [09:53:37] step 2650/5625 | avg train loss 2.3583 top1 0.2925 top5 0.5559
    [09:53:40] step 2675/5625 | avg train loss 2.3565 top1 0.2933 top5 0.5562
    [09:53:44] step 2700/5625 | avg train loss 2.3557 top1 0.2933 top5 0.5561
    [09:53:47] step 2725/5625 | avg train loss 2.3545 top1 0.2946 top5 0.5572
    [09:53:50] step 2750/5625 | avg train loss 2.3540 top1 0.2949 top5 0.5571
    [09:53:54] step 2775/5625 | avg train loss 2.3525 top1 0.2952 top5 0.5570
    [09:53:57] step 2800/5625 | avg train loss 2.3504 top1 0.2955 top5 0.5572
    [09:54:01] step 2825/5625 | avg train loss 2.3508 top1 0.2955 top5 0.5569
    [09:54:04] step 2850/5625 | avg train loss 2.3503 top1 0.2960 top5 0.5573
    [09:54:08] step 2875/5625 | avg train loss 2.3498 top1 0.2955 top5 0.5566
    [09:54:11] step 2900/5625 | avg train loss 2.3507 top1 0.2953 top5 0.5562
    [09:54:14] step 2925/5625 | avg train loss 2.3506 top1 0.2955 top5 0.5562
    [09:54:18] step 2950/5625 | avg train loss 2.3512 top1 0.2954 top5 0.5561
    [09:54:21] step 2975/5625 | avg train loss 2.3501 top1 0.2953 top5 0.5557
    [09:54:25] step 3000/5625 | avg train loss 2.3513 top1 0.2948 top5 0.5555
    [09:54:28] step 3025/5625 | avg train loss 2.3493 top1 0.2949 top5 0.5552
    [09:54:32] step 3050/5625 | avg train loss 2.3496 top1 0.2950 top5 0.5551
    [09:54:35] step 3075/5625 | avg train loss 2.3516 top1 0.2947 top5 0.5545
    [09:54:38] step 3100/5625 | avg train loss 2.3522 top1 0.2950 top5 0.5550
    [09:54:42] step 3125/5625 | avg train loss 2.3538 top1 0.2948 top5 0.5546
    [09:54:45] step 3150/5625 | avg train loss 2.3551 top1 0.2944 top5 0.5542
    [09:54:49] step 3175/5625 | avg train loss 2.3557 top1 0.2943 top5 0.5541
    [09:54:52] step 3200/5625 | avg train loss 2.3565 top1 0.2939 top5 0.5534
    [09:54:56] step 3225/5625 | avg train loss 2.3550 top1 0.2940 top5 0.5537
    [09:54:59] step 3250/5625 | avg train loss 2.3559 top1 0.2941 top5 0.5539
    [09:55:03] step 3275/5625 | avg train loss 2.3566 top1 0.2937 top5 0.5537
    [09:55:06] step 3300/5625 | avg train loss 2.3562 top1 0.2939 top5 0.5538
    [09:55:09] step 3325/5625 | avg train loss 2.3564 top1 0.2941 top5 0.5541
    [09:55:13] step 3350/5625 | avg train loss 2.3558 top1 0.2942 top5 0.5542
    [09:55:16] step 3375/5625 | avg train loss 2.3556 top1 0.2947 top5 0.5547
    [09:55:20] step 3400/5625 | avg train loss 2.3554 top1 0.2942 top5 0.5544
    [09:55:23] step 3425/5625 | avg train loss 2.3552 top1 0.2937 top5 0.5538
    [09:55:27] step 3450/5625 | avg train loss 2.3567 top1 0.2934 top5 0.5536
    [09:55:30] step 3475/5625 | avg train loss 2.3587 top1 0.2931 top5 0.5536
    [09:55:33] step 3500/5625 | avg train loss 2.3586 top1 0.2932 top5 0.5537
    [09:55:37] step 3525/5625 | avg train loss 2.3603 top1 0.2929 top5 0.5531
    [09:55:40] step 3550/5625 | avg train loss 2.3621 top1 0.2927 top5 0.5529
    [09:55:44] step 3575/5625 | avg train loss 2.3622 top1 0.2924 top5 0.5524
    [09:55:47] step 3600/5625 | avg train loss 2.3627 top1 0.2924 top5 0.5527
    [09:55:51] step 3625/5625 | avg train loss 2.3620 top1 0.2927 top5 0.5529
    [09:55:54] step 3650/5625 | avg train loss 2.3619 top1 0.2925 top5 0.5526
    [09:55:58] step 3675/5625 | avg train loss 2.3621 top1 0.2924 top5 0.5523
    [09:56:01] step 3700/5625 | avg train loss 2.3615 top1 0.2924 top5 0.5523
    [09:56:04] step 3725/5625 | avg train loss 2.3618 top1 0.2926 top5 0.5521
    [09:56:08] step 3750/5625 | avg train loss 2.3625 top1 0.2927 top5 0.5520
    [09:56:11] step 3775/5625 | avg train loss 2.3622 top1 0.2925 top5 0.5520
    [09:56:15] step 3800/5625 | avg train loss 2.3621 top1 0.2922 top5 0.5515
    [09:56:18] step 3825/5625 | avg train loss 2.3623 top1 0.2923 top5 0.5512
    [09:56:22] step 3850/5625 | avg train loss 2.3610 top1 0.2927 top5 0.5516
    [09:56:25] step 3875/5625 | avg train loss 2.3615 top1 0.2928 top5 0.5519
    [09:56:28] step 3900/5625 | avg train loss 2.3602 top1 0.2932 top5 0.5523
    [09:56:32] step 3925/5625 | avg train loss 2.3604 top1 0.2930 top5 0.5527
    [09:56:35] step 3950/5625 | avg train loss 2.3598 top1 0.2928 top5 0.5528
    [09:56:39] step 3975/5625 | avg train loss 2.3584 top1 0.2932 top5 0.5532
    [09:56:42] step 4000/5625 | avg train loss 2.3580 top1 0.2935 top5 0.5536
    [09:56:46] step 4025/5625 | avg train loss 2.3583 top1 0.2932 top5 0.5531
    [09:56:49] step 4050/5625 | avg train loss 2.3563 top1 0.2935 top5 0.5534
    [09:56:52] step 4075/5625 | avg train loss 2.3568 top1 0.2933 top5 0.5532
    [09:56:56] step 4100/5625 | avg train loss 2.3575 top1 0.2936 top5 0.5533
    [09:56:59] step 4125/5625 | avg train loss 2.3577 top1 0.2935 top5 0.5532
    [09:57:03] step 4150/5625 | avg train loss 2.3579 top1 0.2935 top5 0.5535
    [09:57:06] step 4175/5625 | avg train loss 2.3583 top1 0.2933 top5 0.5535
    [09:57:10] step 4200/5625 | avg train loss 2.3589 top1 0.2935 top5 0.5536
    [09:57:13] step 4225/5625 | avg train loss 2.3598 top1 0.2932 top5 0.5536
    [09:57:16] step 4250/5625 | avg train loss 2.3596 top1 0.2932 top5 0.5538
    [09:57:20] step 4275/5625 | avg train loss 2.3601 top1 0.2934 top5 0.5537
    [09:57:23] step 4300/5625 | avg train loss 2.3601 top1 0.2932 top5 0.5538
    [09:57:27] step 4325/5625 | avg train loss 2.3593 top1 0.2931 top5 0.5540
    [09:57:30] step 4350/5625 | avg train loss 2.3598 top1 0.2931 top5 0.5540
    [09:57:34] step 4375/5625 | avg train loss 2.3596 top1 0.2931 top5 0.5540
    [09:57:37] step 4400/5625 | avg train loss 2.3589 top1 0.2930 top5 0.5538
    [09:57:40] step 4425/5625 | avg train loss 2.3579 top1 0.2930 top5 0.5539
    [09:57:44] step 4450/5625 | avg train loss 2.3579 top1 0.2930 top5 0.5541
    [09:57:47] step 4475/5625 | avg train loss 2.3585 top1 0.2927 top5 0.5537
    [09:57:51] step 4500/5625 | avg train loss 2.3581 top1 0.2929 top5 0.5539
    [09:57:54] step 4525/5625 | avg train loss 2.3575 top1 0.2931 top5 0.5542
    [09:57:58] step 4550/5625 | avg train loss 2.3575 top1 0.2929 top5 0.5537
    [09:58:01] step 4575/5625 | avg train loss 2.3578 top1 0.2933 top5 0.5540
    [09:58:05] step 4600/5625 | avg train loss 2.3570 top1 0.2932 top5 0.5543
    [09:58:08] step 4625/5625 | avg train loss 2.3579 top1 0.2926 top5 0.5535
    [09:58:11] step 4650/5625 | avg train loss 2.3615 top1 0.2919 top5 0.5524
    [09:58:15] step 4675/5625 | avg train loss 2.3670 top1 0.2908 top5 0.5509
    [09:58:18] step 4700/5625 | avg train loss 2.3726 top1 0.2897 top5 0.5492
    [09:58:22] step 4725/5625 | avg train loss 2.3783 top1 0.2886 top5 0.5476
    [09:58:25] step 4750/5625 | avg train loss 2.3838 top1 0.2873 top5 0.5459
    [09:58:28] step 4775/5625 | avg train loss 2.3893 top1 0.2861 top5 0.5442
    [09:58:32] step 4800/5625 | avg train loss 2.3954 top1 0.2849 top5 0.5426
    [09:58:35] step 4825/5625 | avg train loss 2.4008 top1 0.2838 top5 0.5410
    [09:58:39] step 4850/5625 | avg train loss 2.4062 top1 0.2825 top5 0.5395
    [09:58:42] step 4875/5625 | avg train loss 2.4110 top1 0.2816 top5 0.5382
    [09:58:46] step 4900/5625 | avg train loss 2.4162 top1 0.2805 top5 0.5367
    [09:58:49] step 4925/5625 | avg train loss 2.4213 top1 0.2793 top5 0.5347
    [09:58:53] step 4950/5625 | avg train loss 2.4266 top1 0.2780 top5 0.5328
    [09:58:56] step 4975/5625 | avg train loss 2.4311 top1 0.2769 top5 0.5317
    [09:58:59] step 5000/5625 | avg train loss 2.4356 top1 0.2758 top5 0.5308
    [09:59:03] step 5025/5625 | avg train loss 2.4408 top1 0.2747 top5 0.5294
    [09:59:06] step 5050/5625 | avg train loss 2.4454 top1 0.2737 top5 0.5279
    [09:59:10] step 5075/5625 | avg train loss 2.4498 top1 0.2726 top5 0.5268
    [09:59:13] step 5100/5625 | avg train loss 2.4540 top1 0.2720 top5 0.5260
    [09:59:17] step 5125/5625 | avg train loss 2.4585 top1 0.2709 top5 0.5246
    [09:59:20] step 5150/5625 | avg train loss 2.4632 top1 0.2700 top5 0.5233
    [09:59:23] step 5175/5625 | avg train loss 2.4673 top1 0.2691 top5 0.5221
    [09:59:27] step 5200/5625 | avg train loss 2.4716 top1 0.2681 top5 0.5210
    [09:59:30] step 5225/5625 | avg train loss 2.4761 top1 0.2670 top5 0.5196
    [09:59:34] step 5250/5625 | avg train loss 2.4803 top1 0.2662 top5 0.5183
    [09:59:37] step 5275/5625 | avg train loss 2.4845 top1 0.2650 top5 0.5170
    [09:59:41] step 5300/5625 | avg train loss 2.4885 top1 0.2642 top5 0.5161
    [09:59:44] step 5325/5625 | avg train loss 2.4924 top1 0.2634 top5 0.5151
    [09:59:47] step 5350/5625 | avg train loss 2.4966 top1 0.2624 top5 0.5139
    [09:59:51] step 5375/5625 | avg train loss 2.5007 top1 0.2614 top5 0.5126
    [09:59:54] step 5400/5625 | avg train loss 2.5046 top1 0.2604 top5 0.5116
    [09:59:58] step 5425/5625 | avg train loss 2.5083 top1 0.2594 top5 0.5107
    [10:00:01] step 5450/5625 | avg train loss 2.5121 top1 0.2585 top5 0.5094
    [10:00:05] step 5475/5625 | avg train loss 2.5156 top1 0.2577 top5 0.5086
    [10:00:08] step 5500/5625 | avg train loss 2.5198 top1 0.2567 top5 0.5072
    [10:00:11] step 5525/5625 | avg train loss 2.5233 top1 0.2558 top5 0.5061
    [10:00:15] step 5550/5625 | avg train loss 2.5272 top1 0.2548 top5 0.5051
    [10:00:18] step 5575/5625 | avg train loss 2.5315 top1 0.2539 top5 0.5037
    [10:00:22] step 5600/5625 | avg train loss 2.5354 top1 0.2528 top5 0.5025
    [10:00:25] step 5625/5625 | avg train loss 2.5388 top1 0.2518 top5 0.5015
Epoch 19/50 | train loss 2.5388 top1 0.2518 | val loss 3.4449 top1 0.0618 top5 0.2347 | ema val top1 0.4464 top5 0.7752
  [head-diag] mlp_activity_ratio=49.4339, query_pairwise_cosine=0.1030
  Saved new best checkpoint (ema): /Data/romain.poggi/smth2smth/checkpoints/track_a/videomaev2+ft/arch2-perceiver-q16.pt (val top1=0.4464)
    [10:01:34] step 25/5625 | avg train loss 3.3345 top1 0.0750 top5 0.3350
    [10:01:37] step 50/5625 | avg train loss 3.3184 top1 0.0600 top5 0.3200
    [10:01:41] step 75/5625 | avg train loss 3.3252 top1 0.0600 top5 0.3133
    [10:01:44] step 100/5625 | avg train loss 3.3044 top1 0.0587 top5 0.3287
    [10:01:48] step 125/5625 | avg train loss 3.3122 top1 0.0560 top5 0.3390
    [10:01:51] step 150/5625 | avg train loss 3.3235 top1 0.0583 top5 0.3358
    [10:01:54] step 175/5625 | avg train loss 3.3310 top1 0.0600 top5 0.3250
    [10:01:58] step 200/5625 | avg train loss 3.3333 top1 0.0625 top5 0.3181
    [10:02:01] step 225/5625 | avg train loss 3.3254 top1 0.0633 top5 0.3194
    [10:02:05] step 250/5625 | avg train loss 3.3292 top1 0.0640 top5 0.3135
    [10:02:08] step 275/5625 | avg train loss 3.3305 top1 0.0718 top5 0.3155
    [10:02:12] step 300/5625 | avg train loss 3.3355 top1 0.0708 top5 0.3054
    [10:02:15] step 325/5625 | avg train loss 3.3467 top1 0.0692 top5 0.2969
    [10:02:19] step 350/5625 | avg train loss 3.3456 top1 0.0721 top5 0.2929
    [10:02:22] step 375/5625 | avg train loss 3.3473 top1 0.0713 top5 0.2877
    [10:02:25] step 400/5625 | avg train loss 3.3456 top1 0.0719 top5 0.2884
    [10:02:29] step 425/5625 | avg train loss 3.3480 top1 0.0718 top5 0.2841
    [10:02:32] step 450/5625 | avg train loss 3.3462 top1 0.0706 top5 0.2817
    [10:02:36] step 475/5625 | avg train loss 3.3457 top1 0.0711 top5 0.2832
    [10:02:39] step 500/5625 | avg train loss 3.3483 top1 0.0695 top5 0.2782
    [10:02:42] step 525/5625 | avg train loss 3.3520 top1 0.0679 top5 0.2736
    [10:02:46] step 550/5625 | avg train loss 3.3513 top1 0.0675 top5 0.2743
    [10:02:49] step 575/5625 | avg train loss 3.3524 top1 0.0680 top5 0.2724
    [10:02:53] step 600/5625 | avg train loss 3.3559 top1 0.0669 top5 0.2694
    [10:02:56] step 625/5625 | avg train loss 3.3543 top1 0.0656 top5 0.2702
    [10:03:00] step 650/5625 | avg train loss 3.3524 top1 0.0650 top5 0.2708
    [10:03:03] step 675/5625 | avg train loss 3.3510 top1 0.0644 top5 0.2720
    [10:03:06] step 700/5625 | avg train loss 3.3516 top1 0.0657 top5 0.2709
    [10:03:10] step 725/5625 | avg train loss 3.3513 top1 0.0652 top5 0.2719
    [10:03:13] step 750/5625 | avg train loss 3.3504 top1 0.0650 top5 0.2735
    [10:03:17] step 775/5625 | avg train loss 3.3502 top1 0.0645 top5 0.2731
    [10:03:20] step 800/5625 | avg train loss 3.3493 top1 0.0641 top5 0.2733
    [10:03:24] step 825/5625 | avg train loss 3.3470 top1 0.0638 top5 0.2758
    [10:03:27] step 850/5625 | avg train loss 3.3460 top1 0.0657 top5 0.2778
    [10:03:30] step 875/5625 | avg train loss 3.3460 top1 0.0647 top5 0.2774
    [10:03:34] step 900/5625 | avg train loss 3.3488 top1 0.0642 top5 0.2754
    [10:03:37] step 925/5625 | avg train loss 3.3478 top1 0.0641 top5 0.2764
    [10:03:41] step 950/5625 | avg train loss 3.3493 top1 0.0642 top5 0.2743
    [10:03:44] step 975/5625 | avg train loss 3.3478 top1 0.0644 top5 0.2747
    [10:03:48] step 1000/5625 | avg train loss 3.3465 top1 0.0644 top5 0.2749
    [10:03:51] step 1025/5625 | avg train loss 3.3466 top1 0.0646 top5 0.2746
    [10:03:54] step 1050/5625 | avg train loss 3.3435 top1 0.0661 top5 0.2770
    [10:03:58] step 1075/5625 | avg train loss 3.3439 top1 0.0662 top5 0.2769
    [10:04:01] step 1100/5625 | avg train loss 3.3441 top1 0.0673 top5 0.2772
    [10:04:05] step 1125/5625 | avg train loss 3.3453 top1 0.0678 top5 0.2768
    [10:04:08] step 1150/5625 | avg train loss 3.3463 top1 0.0674 top5 0.2762
    [10:04:12] step 1175/5625 | avg train loss 3.3478 top1 0.0666 top5 0.2743
    [10:04:15] step 1200/5625 | avg train loss 3.3465 top1 0.0671 top5 0.2757
    [10:04:19] step 1225/5625 | avg train loss 3.3483 top1 0.0676 top5 0.2742
    [10:04:22] step 1250/5625 | avg train loss 3.3486 top1 0.0672 top5 0.2752
    [10:04:25] step 1275/5625 | avg train loss 3.3487 top1 0.0671 top5 0.2763
    [10:04:29] step 1300/5625 | avg train loss 3.3480 top1 0.0667 top5 0.2769
    [10:04:32] step 1325/5625 | avg train loss 3.3470 top1 0.0670 top5 0.2784
    [10:04:36] step 1350/5625 | avg train loss 3.3463 top1 0.0670 top5 0.2790
    [10:04:39] step 1375/5625 | avg train loss 3.3462 top1 0.0670 top5 0.2795
    [10:04:42] step 1400/5625 | avg train loss 3.3462 top1 0.0665 top5 0.2799
    [10:04:46] step 1425/5625 | avg train loss 3.3452 top1 0.0665 top5 0.2799
    [10:04:49] step 1450/5625 | avg train loss 3.3449 top1 0.0672 top5 0.2808
    [10:04:53] step 1475/5625 | avg train loss 3.3439 top1 0.0675 top5 0.2817
    [10:04:56] step 1500/5625 | avg train loss 3.3440 top1 0.0674 top5 0.2820
    [10:05:00] step 1525/5625 | avg train loss 3.3423 top1 0.0678 top5 0.2838
    [10:05:03] step 1550/5625 | avg train loss 3.3427 top1 0.0681 top5 0.2835
    [10:05:06] step 1575/5625 | avg train loss 3.3427 top1 0.0680 top5 0.2833
    [10:05:10] step 1600/5625 | avg train loss 3.3415 top1 0.0682 top5 0.2845
    [10:05:13] step 1625/5625 | avg train loss 3.3407 top1 0.0688 top5 0.2848
    [10:05:17] step 1650/5625 | avg train loss 3.3415 top1 0.0686 top5 0.2842
    [10:05:20] step 1675/5625 | avg train loss 3.3411 top1 0.0690 top5 0.2845
    [10:05:24] step 1700/5625 | avg train loss 3.3413 top1 0.0687 top5 0.2837
    [10:05:27] step 1725/5625 | avg train loss 3.3401 top1 0.0687 top5 0.2850
    [10:05:30] step 1750/5625 | avg train loss 3.3405 top1 0.0681 top5 0.2852
    [10:05:34] step 1775/5625 | avg train loss 3.3406 top1 0.0682 top5 0.2853
    [10:05:37] step 1800/5625 | avg train loss 3.3404 top1 0.0681 top5 0.2853
    [10:05:41] step 1825/5625 | avg train loss 3.3408 top1 0.0684 top5 0.2855
    [10:05:44] step 1850/5625 | avg train loss 3.3411 top1 0.0689 top5 0.2864
    [10:05:48] step 1875/5625 | avg train loss 3.3419 top1 0.0692 top5 0.2863
    [10:05:51] step 1900/5625 | avg train loss 3.3415 top1 0.0696 top5 0.2869
    [10:05:56] step 1925/5625 | avg train loss 3.3413 top1 0.0697 top5 0.2867
    [10:06:03] step 1950/5625 | avg train loss 3.3414 top1 0.0694 top5 0.2866
    [10:06:11] step 1975/5625 | avg train loss 3.3406 top1 0.0692 top5 0.2869
    [10:06:18] step 2000/5625 | avg train loss 3.3402 top1 0.0691 top5 0.2871
    [10:06:25] step 2025/5625 | avg train loss 3.3412 top1 0.0685 top5 0.2859
    [10:06:32] step 2050/5625 | avg train loss 3.3417 top1 0.0685 top5 0.2853
    [10:06:40] step 2075/5625 | avg train loss 3.3416 top1 0.0684 top5 0.2854
    [10:06:47] step 2100/5625 | avg train loss 3.3407 top1 0.0686 top5 0.2858
    [10:06:54] step 2125/5625 | avg train loss 3.3401 top1 0.0685 top5 0.2859
    [10:07:02] step 2150/5625 | avg train loss 3.3392 top1 0.0685 top5 0.2860
    [10:07:09] step 2175/5625 | avg train loss 3.3397 top1 0.0681 top5 0.2855
    [10:07:16] step 2200/5625 | avg train loss 3.3393 top1 0.0681 top5 0.2858
    [10:07:23] step 2225/5625 | avg train loss 3.3389 top1 0.0685 top5 0.2870
    [10:07:31] step 2250/5625 | avg train loss 3.3384 top1 0.0682 top5 0.2871
    [10:07:38] step 2275/5625 | avg train loss 3.3374 top1 0.0683 top5 0.2877
    [10:07:45] step 2300/5625 | avg train loss 3.3377 top1 0.0680 top5 0.2878
    [10:07:52] step 2325/5625 | avg train loss 3.3373 top1 0.0681 top5 0.2878
    [10:08:00] step 2350/5625 | avg train loss 3.3380 top1 0.0679 top5 0.2877
    [10:08:07] step 2375/5625 | avg train loss 3.3379 top1 0.0678 top5 0.2873
    [10:08:14] step 2400/5625 | avg train loss 3.3384 top1 0.0675 top5 0.2870
    [10:08:22] step 2425/5625 | avg train loss 3.3384 top1 0.0676 top5 0.2866
    [10:08:29] step 2450/5625 | avg train loss 3.3383 top1 0.0674 top5 0.2863
    [10:08:36] step 2475/5625 | avg train loss 3.3382 top1 0.0678 top5 0.2863
    [10:08:43] step 2500/5625 | avg train loss 3.3382 top1 0.0679 top5 0.2862
    [10:08:51] step 2525/5625 | avg train loss 3.3380 top1 0.0677 top5 0.2860
    [10:08:58] step 2550/5625 | avg train loss 3.3377 top1 0.0675 top5 0.2853
    [10:09:05] step 2575/5625 | avg train loss 3.3376 top1 0.0671 top5 0.2852
    [10:09:12] step 2600/5625 | avg train loss 3.3374 top1 0.0667 top5 0.2857
    [10:09:20] step 2625/5625 | avg train loss 3.3377 top1 0.0664 top5 0.2863
    [10:09:27] step 2650/5625 | avg train loss 3.3377 top1 0.0666 top5 0.2862
    [10:09:34] step 2675/5625 | avg train loss 3.3381 top1 0.0664 top5 0.2861
    [10:09:42] step 2700/5625 | avg train loss 3.3384 top1 0.0663 top5 0.2869
    [10:09:49] step 2725/5625 | avg train loss 3.3379 top1 0.0663 top5 0.2876
    [10:09:56] step 2750/5625 | avg train loss 3.3384 top1 0.0664 top5 0.2878
    [10:10:03] step 2775/5625 | avg train loss 3.3378 top1 0.0663 top5 0.2881
    [10:10:11] step 2800/5625 | avg train loss 3.3373 top1 0.0667 top5 0.2885
    [10:10:18] step 2825/5625 | avg train loss 3.3367 top1 0.0667 top5 0.2888
    [10:10:25] step 2850/5625 | avg train loss 3.3368 top1 0.0667 top5 0.2891
    [10:10:33] step 2875/5625 | avg train loss 3.3367 top1 0.0667 top5 0.2892
    [10:10:40] step 2900/5625 | avg train loss 3.3371 top1 0.0669 top5 0.2894
    [10:10:47] step 2925/5625 | avg train loss 3.3376 top1 0.0667 top5 0.2895
    [10:10:54] step 2950/5625 | avg train loss 3.3371 top1 0.0666 top5 0.2898
    [10:11:02] step 2975/5625 | avg train loss 3.3369 top1 0.0668 top5 0.2906
    [10:11:09] step 3000/5625 | avg train loss 3.3375 top1 0.0666 top5 0.2901
    [10:11:16] step 3025/5625 | avg train loss 3.3375 top1 0.0667 top5 0.2901
    [10:11:23] step 3050/5625 | avg train loss 3.3372 top1 0.0667 top5 0.2899
    [10:11:31] step 3075/5625 | avg train loss 3.3368 top1 0.0666 top5 0.2900
    [10:11:38] step 3100/5625 | avg train loss 3.3370 top1 0.0664 top5 0.2899
    [10:11:45] step 3125/5625 | avg train loss 3.3372 top1 0.0664 top5 0.2896
    [10:11:53] step 3150/5625 | avg train loss 3.3370 top1 0.0664 top5 0.2896
    [10:12:00] step 3175/5625 | avg train loss 3.3367 top1 0.0663 top5 0.2896
    [10:12:07] step 3200/5625 | avg train loss 3.3366 top1 0.0663 top5 0.2898
    [10:12:14] step 3225/5625 | avg train loss 3.3367 top1 0.0663 top5 0.2898
    [10:12:22] step 3250/5625 | avg train loss 3.3367 top1 0.0662 top5 0.2892
    [10:12:29] step 3275/5625 | avg train loss 3.3368 top1 0.0661 top5 0.2894
    [10:12:36] step 3300/5625 | avg train loss 3.3367 top1 0.0661 top5 0.2893
    [10:12:43] step 3325/5625 | avg train loss 3.3373 top1 0.0659 top5 0.2888
    [10:12:51] step 3350/5625 | avg train loss 3.3375 top1 0.0657 top5 0.2888
    [10:12:58] step 3375/5625 | avg train loss 3.3373 top1 0.0661 top5 0.2893
    [10:13:05] step 3400/5625 | avg train loss 3.3373 top1 0.0664 top5 0.2895
    [10:13:13] step 3425/5625 | avg train loss 3.3372 top1 0.0665 top5 0.2895
    [10:13:20] step 3450/5625 | avg train loss 3.3373 top1 0.0664 top5 0.2897
    [10:13:27] step 3475/5625 | avg train loss 3.3378 top1 0.0663 top5 0.2894
    [10:13:35] step 3500/5625 | avg train loss 3.3373 top1 0.0668 top5 0.2896
    [10:13:42] step 3525/5625 | avg train loss 3.3376 top1 0.0665 top5 0.2895
    [10:13:49] step 3550/5625 | avg train loss 3.3371 top1 0.0670 top5 0.2898
    [10:13:56] step 3575/5625 | avg train loss 3.3374 top1 0.0669 top5 0.2897
    [10:14:04] step 3600/5625 | avg train loss 3.3369 top1 0.0669 top5 0.2898
    [10:14:11] step 3625/5625 | avg train loss 3.3370 top1 0.0670 top5 0.2897
    [10:14:18] step 3650/5625 | avg train loss 3.3374 top1 0.0669 top5 0.2895
    [10:14:25] step 3675/5625 | avg train loss 3.3373 top1 0.0671 top5 0.2896
    [10:14:33] step 3700/5625 | avg train loss 3.3375 top1 0.0670 top5 0.2893
    [10:14:40] step 3725/5625 | avg train loss 3.3373 top1 0.0670 top5 0.2893
    [10:14:47] step 3750/5625 | avg train loss 3.3372 top1 0.0671 top5 0.2894
    [10:14:55] step 3775/5625 | avg train loss 3.3367 top1 0.0672 top5 0.2898
    [10:15:02] step 3800/5625 | avg train loss 3.3370 top1 0.0670 top5 0.2896
    [10:15:09] step 3825/5625 | avg train loss 3.3366 top1 0.0671 top5 0.2898
    [10:15:16] step 3850/5625 | avg train loss 3.3370 top1 0.0669 top5 0.2895
    [10:15:23] step 3875/5625 | avg train loss 3.3372 top1 0.0669 top5 0.2898
    [10:15:31] step 3900/5625 | avg train loss 3.3370 top1 0.0671 top5 0.2895
    [10:15:38] step 3925/5625 | avg train loss 3.3366 top1 0.0674 top5 0.2897
    [10:15:45] step 3950/5625 | avg train loss 3.3364 top1 0.0674 top5 0.2899
    [10:15:53] step 3975/5625 | avg train loss 3.3367 top1 0.0675 top5 0.2901
    [10:16:00] step 4000/5625 | avg train loss 3.3363 top1 0.0674 top5 0.2900
    [10:16:07] step 4025/5625 | avg train loss 3.3366 top1 0.0673 top5 0.2898
    [10:16:14] step 4050/5625 | avg train loss 3.3371 top1 0.0671 top5 0.2897
    [10:16:22] step 4075/5625 | avg train loss 3.3373 top1 0.0671 top5 0.2897
    [10:16:29] step 4100/5625 | avg train loss 3.3369 top1 0.0673 top5 0.2902
    [10:16:36] step 4125/5625 | avg train loss 3.3370 top1 0.0672 top5 0.2901
    [10:16:44] step 4150/5625 | avg train loss 3.3370 top1 0.0673 top5 0.2902
    [10:16:51] step 4175/5625 | avg train loss 3.3367 top1 0.0672 top5 0.2903
    [10:16:58] step 4200/5625 | avg train loss 3.3364 top1 0.0673 top5 0.2904
    [10:17:05] step 4225/5625 | avg train loss 3.3364 top1 0.0674 top5 0.2903
    [10:17:13] step 4250/5625 | avg train loss 3.3361 top1 0.0671 top5 0.2904
    [10:17:20] step 4275/5625 | avg train loss 3.3364 top1 0.0673 top5 0.2901
    [10:17:27] step 4300/5625 | avg train loss 3.3363 top1 0.0673 top5 0.2902
    [10:17:35] step 4325/5625 | avg train loss 3.3364 top1 0.0673 top5 0.2898
    [10:17:42] step 4350/5625 | avg train loss 3.3364 top1 0.0673 top5 0.2901
    [10:17:49] step 4375/5625 | avg train loss 3.3365 top1 0.0672 top5 0.2899
    [10:17:56] step 4400/5625 | avg train loss 3.3361 top1 0.0670 top5 0.2901
    [10:18:04] step 4425/5625 | avg train loss 3.3360 top1 0.0671 top5 0.2900
    [10:18:11] step 4450/5625 | avg train loss 3.3360 top1 0.0669 top5 0.2899
    [10:18:18] step 4475/5625 | avg train loss 3.3359 top1 0.0669 top5 0.2897
    [10:18:25] step 4500/5625 | avg train loss 3.3359 top1 0.0668 top5 0.2896
    [10:18:33] step 4525/5625 | avg train loss 3.3354 top1 0.0669 top5 0.2897
    [10:18:40] step 4550/5625 | avg train loss 3.3352 top1 0.0669 top5 0.2899
    [10:18:47] step 4575/5625 | avg train loss 3.3351 top1 0.0669 top5 0.2898
    [10:18:55] step 4600/5625 | avg train loss 3.3354 top1 0.0668 top5 0.2899
    [10:19:02] step 4625/5625 | avg train loss 3.3350 top1 0.0669 top5 0.2901
    [10:19:09] step 4650/5625 | avg train loss 3.3350 top1 0.0669 top5 0.2902
    [10:19:17] step 4675/5625 | avg train loss 3.3351 top1 0.0669 top5 0.2902
    [10:19:24] step 4700/5625 | avg train loss 3.3349 top1 0.0670 top5 0.2903
    [10:19:31] step 4725/5625 | avg train loss 3.3349 top1 0.0670 top5 0.2902
    [10:19:38] step 4750/5625 | avg train loss 3.3353 top1 0.0671 top5 0.2901
    [10:19:46] step 4775/5625 | avg train loss 3.3354 top1 0.0670 top5 0.2901
    [10:19:53] step 4800/5625 | avg train loss 3.3352 top1 0.0671 top5 0.2901
    [10:20:00] step 4825/5625 | avg train loss 3.3356 top1 0.0670 top5 0.2897
    [10:20:07] step 4850/5625 | avg train loss 3.3358 top1 0.0670 top5 0.2894
    [10:20:15] step 4875/5625 | avg train loss 3.3359 top1 0.0669 top5 0.2890
    [10:20:22] step 4900/5625 | avg train loss 3.3357 top1 0.0668 top5 0.2891
    [10:20:29] step 4925/5625 | avg train loss 3.3357 top1 0.0669 top5 0.2890
    [10:20:37] step 4950/5625 | avg train loss 3.3356 top1 0.0670 top5 0.2892
    [10:20:44] step 4975/5625 | avg train loss 3.3355 top1 0.0674 top5 0.2892
    [10:20:51] step 5000/5625 | avg train loss 3.3354 top1 0.0678 top5 0.2893
    [10:20:58] step 5025/5625 | avg train loss 3.3357 top1 0.0678 top5 0.2891
    [10:21:06] step 5050/5625 | avg train loss 3.3356 top1 0.0678 top5 0.2889
    [10:21:13] step 5075/5625 | avg train loss 3.3361 top1 0.0677 top5 0.2885
    [10:21:20] step 5100/5625 | avg train loss 3.3362 top1 0.0677 top5 0.2888
    [10:21:28] step 5125/5625 | avg train loss 3.3360 top1 0.0679 top5 0.2888
    [10:21:35] step 5150/5625 | avg train loss 3.3359 top1 0.0680 top5 0.2890
    [10:21:42] step 5175/5625 | avg train loss 3.3358 top1 0.0681 top5 0.2891
    [10:21:50] step 5200/5625 | avg train loss 3.3359 top1 0.0682 top5 0.2889
    [10:21:57] step 5225/5625 | avg train loss 3.3359 top1 0.0681 top5 0.2893
    [10:22:04] step 5250/5625 | avg train loss 3.3358 top1 0.0679 top5 0.2893
    [10:22:11] step 5275/5625 | avg train loss 3.3363 top1 0.0679 top5 0.2891
    [10:22:19] step 5300/5625 | avg train loss 3.3363 top1 0.0677 top5 0.2890
    [10:22:26] step 5325/5625 | avg train loss 3.3364 top1 0.0679 top5 0.2890
    [10:22:33] step 5350/5625 | avg train loss 3.3368 top1 0.0678 top5 0.2885
    [10:22:40] step 5375/5625 | avg train loss 3.3369 top1 0.0679 top5 0.2883
    [10:22:48] step 5400/5625 | avg train loss 3.3369 top1 0.0680 top5 0.2883
    [10:22:55] step 5425/5625 | avg train loss 3.3368 top1 0.0680 top5 0.2883
    [10:23:02] step 5450/5625 | avg train loss 3.3370 top1 0.0682 top5 0.2883
    [10:23:10] step 5475/5625 | avg train loss 3.3368 top1 0.0683 top5 0.2882
    [10:23:17] step 5500/5625 | avg train loss 3.3369 top1 0.0684 top5 0.2880
    [10:23:24] step 5525/5625 | avg train loss 3.3368 top1 0.0685 top5 0.2880
    [10:23:31] step 5550/5625 | avg train loss 3.3370 top1 0.0684 top5 0.2880
    [10:23:39] step 5575/5625 | avg train loss 3.3370 top1 0.0683 top5 0.2877
    [10:23:46] step 5600/5625 | avg train loss 3.3367 top1 0.0684 top5 0.2879
    [10:23:53] step 5625/5625 | avg train loss 3.3366 top1 0.0685 top5 0.2881
Epoch 20/50 | train loss 3.3366 top1 0.0685 | val loss 3.4489 top1 0.0532 top5 0.2347 | ema val top1 0.4503 top5 0.7788
  [head-diag] mlp_activity_ratio=70.0604, query_pairwise_cosine=0.0942
  Saved new best checkpoint (ema): /Data/romain.poggi/smth2smth/checkpoints/track_a/videomaev2+ft/arch2-perceiver-q16.pt (val top1=0.4503)
    [10:26:11] step 25/5625 | avg train loss 3.2825 top1 0.0700 top5 0.3000
    [10:26:19] step 50/5625 | avg train loss 3.3086 top1 0.0750 top5 0.2900
    [10:26:26] step 75/5625 | avg train loss 3.3369 top1 0.0633 top5 0.2833
    [10:26:33] step 100/5625 | avg train loss 3.3276 top1 0.0625 top5 0.2900
    [10:26:41] step 125/5625 | avg train loss 3.3509 top1 0.0600 top5 0.2800
    [10:26:48] step 150/5625 | avg train loss 3.3528 top1 0.0600 top5 0.2867
    [10:26:55] step 175/5625 | avg train loss 3.3415 top1 0.0586 top5 0.2814
    [10:27:02] step 200/5625 | avg train loss 3.3449 top1 0.0550 top5 0.2888
    [10:27:10] step 225/5625 | avg train loss 3.3380 top1 0.0572 top5 0.2956
    [10:27:17] step 250/5625 | avg train loss 3.3367 top1 0.0555 top5 0.2880
    [10:27:24] step 275/5625 | avg train loss 3.3334 top1 0.0550 top5 0.2891
    [10:27:31] step 300/5625 | avg train loss 3.3302 top1 0.0567 top5 0.2946
    [10:27:39] step 325/5625 | avg train loss 3.3298 top1 0.0585 top5 0.2935
    [10:27:46] step 350/5625 | avg train loss 3.3357 top1 0.0586 top5 0.2939
    [10:27:53] step 375/5625 | avg train loss 3.3433 top1 0.0573 top5 0.2863
    [10:28:01] step 400/5625 | avg train loss 3.3449 top1 0.0575 top5 0.2844
    [10:28:08] step 425/5625 | avg train loss 3.3487 top1 0.0556 top5 0.2818
    [10:28:15] step 450/5625 | avg train loss 3.3490 top1 0.0569 top5 0.2819
    [10:28:22] step 475/5625 | avg train loss 3.3542 top1 0.0550 top5 0.2787
    [10:28:30] step 500/5625 | avg train loss 3.3529 top1 0.0553 top5 0.2770
    [10:28:37] step 525/5625 | avg train loss 3.3542 top1 0.0550 top5 0.2752
    [10:28:44] step 550/5625 | avg train loss 3.3559 top1 0.0548 top5 0.2748
    [10:28:51] step 575/5625 | avg train loss 3.3587 top1 0.0550 top5 0.2759
    [10:28:59] step 600/5625 | avg train loss 3.3560 top1 0.0552 top5 0.2756
    [10:29:06] step 625/5625 | avg train loss 3.3561 top1 0.0552 top5 0.2744
    [10:29:13] step 650/5625 | avg train loss 3.3542 top1 0.0546 top5 0.2760
    [10:29:21] step 675/5625 | avg train loss 3.3532 top1 0.0557 top5 0.2780
    [10:29:28] step 700/5625 | avg train loss 3.3514 top1 0.0579 top5 0.2784
    [10:29:35] step 725/5625 | avg train loss 3.3499 top1 0.0574 top5 0.2781
    [10:29:43] step 750/5625 | avg train loss 3.3484 top1 0.0567 top5 0.2780
    [10:29:50] step 775/5625 | avg train loss 3.3475 top1 0.0576 top5 0.2794
    [10:29:57] step 800/5625 | avg train loss 3.3483 top1 0.0575 top5 0.2803
    [10:30:04] step 825/5625 | avg train loss 3.3467 top1 0.0576 top5 0.2842
    [10:30:12] step 850/5625 | avg train loss 3.3472 top1 0.0574 top5 0.2832
    [10:30:19] step 875/5625 | avg train loss 3.3476 top1 0.0573 top5 0.2823
    [10:30:26] step 900/5625 | avg train loss 3.3445 top1 0.0579 top5 0.2839
    [10:30:34] step 925/5625 | avg train loss 3.3460 top1 0.0576 top5 0.2832
    [10:30:41] step 950/5625 | avg train loss 3.3462 top1 0.0572 top5 0.2824
    [10:30:48] step 975/5625 | avg train loss 3.3443 top1 0.0571 top5 0.2826
    [10:30:55] step 1000/5625 | avg train loss 3.3452 top1 0.0576 top5 0.2826
    [10:31:03] step 1025/5625 | avg train loss 3.3439 top1 0.0579 top5 0.2835
    [10:31:10] step 1050/5625 | avg train loss 3.3422 top1 0.0580 top5 0.2845
    [10:31:17] step 1075/5625 | avg train loss 3.3419 top1 0.0587 top5 0.2860
    [10:31:25] step 1100/5625 | avg train loss 3.3413 top1 0.0589 top5 0.2861
    [10:31:32] step 1125/5625 | avg train loss 3.3414 top1 0.0588 top5 0.2867
    [10:31:39] step 1150/5625 | avg train loss 3.3393 top1 0.0592 top5 0.2876
    [10:31:47] step 1175/5625 | avg train loss 3.3389 top1 0.0591 top5 0.2877
    [10:31:54] step 1200/5625 | avg train loss 3.3376 top1 0.0601 top5 0.2881
    [10:32:01] step 1225/5625 | avg train loss 3.3377 top1 0.0600 top5 0.2885
    [10:32:08] step 1250/5625 | avg train loss 3.3368 top1 0.0604 top5 0.2902
    [10:32:16] step 1275/5625 | avg train loss 3.3354 top1 0.0601 top5 0.2909
    [10:32:23] step 1300/5625 | avg train loss 3.3346 top1 0.0598 top5 0.2900
    [10:32:30] step 1325/5625 | avg train loss 3.3340 top1 0.0596 top5 0.2892
    [10:32:38] step 1350/5625 | avg train loss 3.3346 top1 0.0591 top5 0.2881
    [10:32:45] step 1375/5625 | avg train loss 3.3338 top1 0.0598 top5 0.2884
    [10:32:52] step 1400/5625 | avg train loss 3.3342 top1 0.0602 top5 0.2882
    [10:32:59] step 1425/5625 | avg train loss 3.3327 top1 0.0604 top5 0.2900
    [10:33:07] step 1450/5625 | avg train loss 3.3323 top1 0.0605 top5 0.2909
    [10:33:14] step 1475/5625 | avg train loss 3.3317 top1 0.0612 top5 0.2922
    [10:33:21] step 1500/5625 | avg train loss 3.3316 top1 0.0613 top5 0.2923
    [10:33:29] step 1525/5625 | avg train loss 3.3321 top1 0.0611 top5 0.2931
    [10:33:36] step 1550/5625 | avg train loss 3.3320 top1 0.0618 top5 0.2929
    [10:33:43] step 1575/5625 | avg train loss 3.3309 top1 0.0621 top5 0.2937
    [10:33:50] step 1600/5625 | avg train loss 3.3316 top1 0.0614 top5 0.2930
    [10:33:58] step 1625/5625 | avg train loss 3.3331 top1 0.0611 top5 0.2923
    [10:34:05] step 1650/5625 | avg train loss 3.3340 top1 0.0606 top5 0.2915
    [10:34:12] step 1675/5625 | avg train loss 3.3331 top1 0.0606 top5 0.2922
    [10:34:20] step 1700/5625 | avg train loss 3.3331 top1 0.0610 top5 0.2931
    [10:34:27] step 1725/5625 | avg train loss 3.3328 top1 0.0616 top5 0.2930
    [10:34:34] step 1750/5625 | avg train loss 3.3326 top1 0.0623 top5 0.2929
    [10:34:41] step 1775/5625 | avg train loss 3.3328 top1 0.0621 top5 0.2925
    [10:34:49] step 1800/5625 | avg train loss 3.3322 top1 0.0628 top5 0.2929
    [10:34:56] step 1825/5625 | avg train loss 3.3320 top1 0.0632 top5 0.2925
    [10:35:03] step 1850/5625 | avg train loss 3.3314 top1 0.0642 top5 0.2928
    [10:35:10] step 1875/5625 | avg train loss 3.3318 top1 0.0644 top5 0.2925
    [10:35:18] step 1900/5625 | avg train loss 3.3325 top1 0.0647 top5 0.2922
    [10:35:25] step 1925/5625 | avg train loss 3.3326 top1 0.0643 top5 0.2911
    [10:35:32] step 1950/5625 | avg train loss 3.3334 top1 0.0640 top5 0.2908
    [10:35:40] step 1975/5625 | avg train loss 3.3337 top1 0.0638 top5 0.2908
    [10:35:47] step 2000/5625 | avg train loss 3.3341 top1 0.0636 top5 0.2903
    [10:35:54] step 2025/5625 | avg train loss 3.3335 top1 0.0636 top5 0.2904
    [10:36:01] step 2050/5625 | avg train loss 3.3342 top1 0.0638 top5 0.2901
    [10:36:09] step 2075/5625 | avg train loss 3.3342 top1 0.0635 top5 0.2902
    [10:36:16] step 2100/5625 | avg train loss 3.3346 top1 0.0630 top5 0.2895
    [10:36:23] step 2125/5625 | avg train loss 3.3342 top1 0.0629 top5 0.2899
    [10:36:31] step 2150/5625 | avg train loss 3.3338 top1 0.0631 top5 0.2903
    [10:36:38] step 2175/5625 | avg train loss 3.3333 top1 0.0634 top5 0.2909
    [10:36:45] step 2200/5625 | avg train loss 3.3332 top1 0.0632 top5 0.2908
    [10:36:52] step 2225/5625 | avg train loss 3.3332 top1 0.0630 top5 0.2908
    [10:37:00] step 2250/5625 | avg train loss 3.3333 top1 0.0630 top5 0.2908
    [10:37:07] step 2275/5625 | avg train loss 3.3332 top1 0.0628 top5 0.2904
    [10:37:14] step 2300/5625 | avg train loss 3.3331 top1 0.0628 top5 0.2909
    [10:37:21] step 2325/5625 | avg train loss 3.3328 top1 0.0630 top5 0.2907
    [10:37:29] step 2350/5625 | avg train loss 3.3329 top1 0.0629 top5 0.2907
    [10:37:36] step 2375/5625 | avg train loss 3.3327 top1 0.0633 top5 0.2910
    [10:37:43] step 2400/5625 | avg train loss 3.3327 top1 0.0634 top5 0.2909
    [10:37:51] step 2425/5625 | avg train loss 3.3328 top1 0.0640 top5 0.2915
    [10:37:58] step 2450/5625 | avg train loss 3.3323 top1 0.0637 top5 0.2914
    [10:38:05] step 2475/5625 | avg train loss 3.3324 top1 0.0637 top5 0.2918
    [10:38:13] step 2500/5625 | avg train loss 3.3329 top1 0.0640 top5 0.2918
    [10:38:20] step 2525/5625 | avg train loss 3.3334 top1 0.0639 top5 0.2916
    [10:38:27] step 2550/5625 | avg train loss 3.3331 top1 0.0640 top5 0.2920
    [10:38:34] step 2575/5625 | avg train loss 3.3336 top1 0.0637 top5 0.2914
    [10:38:42] step 2600/5625 | avg train loss 3.3330 top1 0.0638 top5 0.2916
    [10:38:49] step 2625/5625 | avg train loss 3.3326 top1 0.0638 top5 0.2916
    [10:38:56] step 2650/5625 | avg train loss 3.3325 top1 0.0642 top5 0.2918
    [10:39:03] step 2675/5625 | avg train loss 3.3326 top1 0.0644 top5 0.2914
    [10:39:11] step 2700/5625 | avg train loss 3.3328 top1 0.0645 top5 0.2912
    [10:39:18] step 2725/5625 | avg train loss 3.3325 top1 0.0648 top5 0.2913
    [10:39:25] step 2750/5625 | avg train loss 3.3324 top1 0.0652 top5 0.2917
    [10:39:33] step 2775/5625 | avg train loss 3.3326 top1 0.0654 top5 0.2921
    [10:39:40] step 2800/5625 | avg train loss 3.3323 top1 0.0654 top5 0.2921
    [10:39:47] step 2825/5625 | avg train loss 3.3323 top1 0.0651 top5 0.2918
    [10:39:54] step 2850/5625 | avg train loss 3.3323 top1 0.0649 top5 0.2915
    [10:40:02] step 2875/5625 | avg train loss 3.3321 top1 0.0648 top5 0.2917
    [10:40:09] step 2900/5625 | avg train loss 3.3310 top1 0.0653 top5 0.2922
    [10:40:16] step 2925/5625 | avg train loss 3.3311 top1 0.0656 top5 0.2921
    [10:40:24] step 2950/5625 | avg train loss 3.3311 top1 0.0653 top5 0.2924
    [10:40:31] step 2975/5625 | avg train loss 3.3320 top1 0.0653 top5 0.2924
    [10:40:38] step 3000/5625 | avg train loss 3.3314 top1 0.0652 top5 0.2923
    [10:40:45] step 3025/5625 | avg train loss 3.3313 top1 0.0652 top5 0.2930
    [10:40:53] step 3050/5625 | avg train loss 3.3312 top1 0.0653 top5 0.2932
    [10:41:00] step 3075/5625 | avg train loss 3.3310 top1 0.0655 top5 0.2931
    [10:41:07] step 3100/5625 | avg train loss 3.3309 top1 0.0655 top5 0.2934
    [10:41:15] step 3125/5625 | avg train loss 3.3314 top1 0.0653 top5 0.2929
    [10:41:22] step 3150/5625 | avg train loss 3.3320 top1 0.0649 top5 0.2924
    [10:41:29] step 3175/5625 | avg train loss 3.3325 top1 0.0649 top5 0.2924
    [10:41:36] step 3200/5625 | avg train loss 3.3329 top1 0.0650 top5 0.2924
    [10:41:44] step 3225/5625 | avg train loss 3.3330 top1 0.0648 top5 0.2924
    [10:41:51] step 3250/5625 | avg train loss 3.3325 top1 0.0647 top5 0.2926
    [10:41:58] step 3275/5625 | avg train loss 3.3324 top1 0.0647 top5 0.2926
    [10:42:06] step 3300/5625 | avg train loss 3.3325 top1 0.0645 top5 0.2924
    [10:42:13] step 3325/5625 | avg train loss 3.3328 top1 0.0646 top5 0.2924
    [10:42:20] step 3350/5625 | avg train loss 3.3325 top1 0.0647 top5 0.2929
    [10:42:27] step 3375/5625 | avg train loss 3.3328 top1 0.0644 top5 0.2925
    [10:42:35] step 3400/5625 | avg train loss 3.3333 top1 0.0642 top5 0.2922
    [10:42:42] step 3425/5625 | avg train loss 3.3338 top1 0.0641 top5 0.2924
    [10:42:49] step 3450/5625 | avg train loss 3.3343 top1 0.0639 top5 0.2921
    [10:42:57] step 3475/5625 | avg train loss 3.3342 top1 0.0642 top5 0.2921
    [10:43:04] step 3500/5625 | avg train loss 3.3342 top1 0.0642 top5 0.2919
    [10:43:11] step 3525/5625 | avg train loss 3.3341 top1 0.0645 top5 0.2916
    [10:43:18] step 3550/5625 | avg train loss 3.3340 top1 0.0644 top5 0.2917
    [10:43:26] step 3575/5625 | avg train loss 3.3339 top1 0.0645 top5 0.2916
    [10:43:33] step 3600/5625 | avg train loss 3.3340 top1 0.0644 top5 0.2914
    [10:43:40] step 3625/5625 | avg train loss 3.3339 top1 0.0646 top5 0.2913
    [10:43:48] step 3650/5625 | avg train loss 3.3337 top1 0.0647 top5 0.2916
    [10:43:55] step 3675/5625 | avg train loss 3.3339 top1 0.0648 top5 0.2922
    [10:44:02] step 3700/5625 | avg train loss 3.3336 top1 0.0650 top5 0.2925
    [10:44:09] step 3725/5625 | avg train loss 3.3343 top1 0.0648 top5 0.2922
    [10:44:17] step 3750/5625 | avg train loss 3.3339 top1 0.0649 top5 0.2925
    [10:44:24] step 3775/5625 | avg train loss 3.3337 top1 0.0653 top5 0.2927
    [10:44:31] step 3800/5625 | avg train loss 3.3334 top1 0.0654 top5 0.2928
    [10:44:39] step 3825/5625 | avg train loss 3.3335 top1 0.0654 top5 0.2925
    [10:44:46] step 3850/5625 | avg train loss 3.3333 top1 0.0653 top5 0.2923
    [10:44:53] step 3875/5625 | avg train loss 3.3335 top1 0.0654 top5 0.2925
    [10:45:00] step 3900/5625 | avg train loss 3.3335 top1 0.0654 top5 0.2924
    [10:45:08] step 3925/5625 | avg train loss 3.3335 top1 0.0655 top5 0.2922
    [10:45:15] step 3950/5625 | avg train loss 3.3339 top1 0.0657 top5 0.2921
    [10:45:22] step 3975/5625 | avg train loss 3.3337 top1 0.0658 top5 0.2924
    [10:45:29] step 4000/5625 | avg train loss 3.3329 top1 0.0663 top5 0.2930
    [10:45:37] step 4025/5625 | avg train loss 3.3330 top1 0.0660 top5 0.2928
    [10:45:44] step 4050/5625 | avg train loss 3.3338 top1 0.0658 top5 0.2920
    [10:45:51] step 4075/5625 | avg train loss 3.3337 top1 0.0658 top5 0.2921
    [10:45:58] step 4100/5625 | avg train loss 3.3338 top1 0.0658 top5 0.2920
    [10:46:06] step 4125/5625 | avg train loss 3.3340 top1 0.0657 top5 0.2920
    [10:46:13] step 4150/5625 | avg train loss 3.3341 top1 0.0655 top5 0.2922
    [10:46:20] step 4175/5625 | avg train loss 3.3342 top1 0.0657 top5 0.2929
    [10:46:28] step 4200/5625 | avg train loss 3.3338 top1 0.0659 top5 0.2935
    [10:46:35] step 4225/5625 | avg train loss 3.3337 top1 0.0660 top5 0.2938
    [10:46:42] step 4250/5625 | avg train loss 3.3338 top1 0.0660 top5 0.2936
    [10:46:50] step 4275/5625 | avg train loss 3.3337 top1 0.0658 top5 0.2936
    [10:46:57] step 4300/5625 | avg train loss 3.3339 top1 0.0655 top5 0.2931
    [10:47:04] step 4325/5625 | avg train loss 3.3346 top1 0.0655 top5 0.2925
    [10:47:11] step 4350/5625 | avg train loss 3.3347 top1 0.0656 top5 0.2928
    [10:47:19] step 4375/5625 | avg train loss 3.3348 top1 0.0656 top5 0.2930
    [10:47:26] step 4400/5625 | avg train loss 3.3350 top1 0.0655 top5 0.2930
    [10:47:33] step 4425/5625 | avg train loss 3.3349 top1 0.0655 top5 0.2930
    [10:47:40] step 4450/5625 | avg train loss 3.3347 top1 0.0655 top5 0.2932
    [10:47:48] step 4475/5625 | avg train loss 3.3346 top1 0.0656 top5 0.2934
    [10:47:55] step 4500/5625 | avg train loss 3.3347 top1 0.0654 top5 0.2930
    [10:48:02] step 4525/5625 | avg train loss 3.3350 top1 0.0654 top5 0.2927
    [10:48:10] step 4550/5625 | avg train loss 3.3354 top1 0.0652 top5 0.2926
    [10:48:17] step 4575/5625 | avg train loss 3.3352 top1 0.0651 top5 0.2928
    [10:48:24] step 4600/5625 | avg train loss 3.3348 top1 0.0652 top5 0.2933
    [10:48:32] step 4625/5625 | avg train loss 3.3353 top1 0.0651 top5 0.2930
    [10:48:39] step 4650/5625 | avg train loss 3.3354 top1 0.0650 top5 0.2927
    [10:48:46] step 4675/5625 | avg train loss 3.3357 top1 0.0652 top5 0.2928
    [10:48:53] step 4700/5625 | avg train loss 3.3358 top1 0.0651 top5 0.2929
    [10:49:01] step 4725/5625 | avg train loss 3.3362 top1 0.0649 top5 0.2924
    [10:49:08] step 4750/5625 | avg train loss 3.3357 top1 0.0651 top5 0.2929
    [10:49:15] step 4775/5625 | avg train loss 3.3357 top1 0.0649 top5 0.2927
    [10:49:23] step 4800/5625 | avg train loss 3.3363 top1 0.0650 top5 0.2922
    [10:49:30] step 4825/5625 | avg train loss 3.3362 top1 0.0651 top5 0.2923
    [10:49:37] step 4850/5625 | avg train loss 3.3365 top1 0.0648 top5 0.2917
    [10:49:44] step 4875/5625 | avg train loss 3.3369 top1 0.0648 top5 0.2914
    [10:49:52] step 4900/5625 | avg train loss 3.3368 top1 0.0648 top5 0.2913
    [10:49:59] step 4925/5625 | avg train loss 3.3369 top1 0.0647 top5 0.2912
    [10:50:06] step 4950/5625 | avg train loss 3.3370 top1 0.0648 top5 0.2914
    [10:50:14] step 4975/5625 | avg train loss 3.3369 top1 0.0648 top5 0.2914
    [10:50:21] step 5000/5625 | avg train loss 3.3366 top1 0.0650 top5 0.2915
    [10:50:28] step 5025/5625 | avg train loss 3.3364 top1 0.0653 top5 0.2917
    [10:50:36] step 5050/5625 | avg train loss 3.3362 top1 0.0653 top5 0.2918
    [10:50:43] step 5075/5625 | avg train loss 3.3362 top1 0.0655 top5 0.2918
    [10:50:50] step 5100/5625 | avg train loss 3.3358 top1 0.0656 top5 0.2920
    [10:50:57] step 5125/5625 | avg train loss 3.3360 top1 0.0655 top5 0.2917
    [10:51:05] step 5150/5625 | avg train loss 3.3358 top1 0.0655 top5 0.2917
    [10:51:12] step 5175/5625 | avg train loss 3.3358 top1 0.0655 top5 0.2914
    [10:51:19] step 5200/5625 | avg train loss 3.3357 top1 0.0653 top5 0.2914
    [10:51:27] step 5225/5625 | avg train loss 3.3357 top1 0.0654 top5 0.2914
    [10:51:34] step 5250/5625 | avg train loss 3.3357 top1 0.0654 top5 0.2915
    [10:51:41] step 5275/5625 | avg train loss 3.3356 top1 0.0652 top5 0.2915
    [10:51:48] step 5300/5625 | avg train loss 3.3354 top1 0.0651 top5 0.2918
    [10:51:56] step 5325/5625 | avg train loss 3.3351 top1 0.0651 top5 0.2920
    [10:52:03] step 5350/5625 | avg train loss 3.3351 top1 0.0651 top5 0.2921
    [10:52:10] step 5375/5625 | avg train loss 3.3348 top1 0.0652 top5 0.2921
    [10:52:18] step 5400/5625 | avg train loss 3.3354 top1 0.0651 top5 0.2919
    [10:52:25] step 5425/5625 | avg train loss 3.3356 top1 0.0652 top5 0.2918
    [10:52:32] step 5450/5625 | avg train loss 3.3358 top1 0.0651 top5 0.2915
    [10:52:39] step 5475/5625 | avg train loss 3.3356 top1 0.0652 top5 0.2916
    [10:52:47] step 5500/5625 | avg train loss 3.3359 top1 0.0650 top5 0.2915
    [10:52:54] step 5525/5625 | avg train loss 3.3360 top1 0.0651 top5 0.2919
    [10:53:01] step 5550/5625 | avg train loss 3.3361 top1 0.0650 top5 0.2918
    [10:53:08] step 5575/5625 | avg train loss 3.3358 top1 0.0650 top5 0.2919
    [10:53:16] step 5600/5625 | avg train loss 3.3359 top1 0.0650 top5 0.2918
    [10:53:23] step 5625/5625 | avg train loss 3.3359 top1 0.0649 top5 0.2920
Epoch 21/50 | train loss 3.3359 top1 0.0649 | val loss 3.4435 top1 0.0531 top5 0.2317 | ema val top1 0.4501 top5 0.7800
  [head-diag] mlp_activity_ratio=85.3139, query_pairwise_cosine=0.0916
  No val top1 improvement (1/15); best remains 0.4503
    [10:55:41] step 25/5625 | avg train loss 3.3005 top1 0.0750 top5 0.3600
    [10:55:48] step 50/5625 | avg train loss 3.3027 top1 0.0650 top5 0.3200
    [10:55:55] step 75/5625 | avg train loss 3.3130 top1 0.0700 top5 0.3367
    [10:56:03] step 100/5625 | avg train loss 3.3245 top1 0.0600 top5 0.3225
    [10:56:10] step 125/5625 | avg train loss 3.3238 top1 0.0610 top5 0.3180
    [10:56:17] step 150/5625 | avg train loss 3.3200 top1 0.0592 top5 0.3150
    [10:56:25] step 175/5625 | avg train loss 3.3225 top1 0.0621 top5 0.3129
    [10:56:32] step 200/5625 | avg train loss 3.3364 top1 0.0606 top5 0.3013
    [10:56:39] step 225/5625 | avg train loss 3.3389 top1 0.0617 top5 0.2978
    [10:56:46] step 250/5625 | avg train loss 3.3388 top1 0.0665 top5 0.3040
    [10:56:54] step 275/5625 | avg train loss 3.3370 top1 0.0659 top5 0.3027
    [10:57:01] step 300/5625 | avg train loss 3.3331 top1 0.0679 top5 0.3067
    [10:57:08] step 325/5625 | avg train loss 3.3405 top1 0.0665 top5 0.3015
    [10:57:16] step 350/5625 | avg train loss 3.3422 top1 0.0646 top5 0.2971
    [10:57:23] step 375/5625 | avg train loss 3.3395 top1 0.0663 top5 0.3013
    [10:57:30] step 400/5625 | avg train loss 3.3356 top1 0.0678 top5 0.3006
    [10:57:37] step 425/5625 | avg train loss 3.3377 top1 0.0674 top5 0.2965
    [10:57:45] step 450/5625 | avg train loss 3.3382 top1 0.0664 top5 0.2958
    [10:57:52] step 475/5625 | avg train loss 3.3370 top1 0.0666 top5 0.2961
    [10:57:59] step 500/5625 | avg train loss 3.3373 top1 0.0683 top5 0.2978
    [10:58:07] step 525/5625 | avg train loss 3.3352 top1 0.0683 top5 0.2969
    [10:58:14] step 550/5625 | avg train loss 3.3311 top1 0.0684 top5 0.2991
    [10:58:21] step 575/5625 | avg train loss 3.3314 top1 0.0711 top5 0.2983
    [10:58:29] step 600/5625 | avg train loss 3.3294 top1 0.0719 top5 0.3010
    [10:58:36] step 625/5625 | avg train loss 3.3298 top1 0.0698 top5 0.3012
    [10:58:43] step 650/5625 | avg train loss 3.3302 top1 0.0706 top5 0.3012
    [10:58:50] step 675/5625 | avg train loss 3.3288 top1 0.0713 top5 0.3019
    [10:58:58] step 700/5625 | avg train loss 3.3280 top1 0.0720 top5 0.3032
    [10:59:05] step 725/5625 | avg train loss 3.3302 top1 0.0712 top5 0.3031
    [10:59:12] step 750/5625 | avg train loss 3.3317 top1 0.0712 top5 0.3020
    [10:59:20] step 775/5625 | avg train loss 3.3313 top1 0.0705 top5 0.3032
    [10:59:27] step 800/5625 | avg train loss 3.3295 top1 0.0714 top5 0.3044
    [10:59:34] step 825/5625 | avg train loss 3.3290 top1 0.0711 top5 0.3042
    [10:59:41] step 850/5625 | avg train loss 3.3295 top1 0.0722 top5 0.3044
    [10:59:49] step 875/5625 | avg train loss 3.3286 top1 0.0736 top5 0.3054
    [10:59:56] step 900/5625 | avg train loss 3.3318 top1 0.0735 top5 0.3050
    [11:00:03] step 925/5625 | avg train loss 3.3327 top1 0.0728 top5 0.3024
    [11:00:11] step 950/5625 | avg train loss 3.3326 top1 0.0722 top5 0.3029
    [11:00:18] step 975/5625 | avg train loss 3.3328 top1 0.0709 top5 0.3021
    [11:00:25] step 1000/5625 | avg train loss 3.3308 top1 0.0709 top5 0.3040
    [11:00:33] step 1025/5625 | avg train loss 3.3314 top1 0.0699 top5 0.3034
    [11:00:40] step 1050/5625 | avg train loss 3.3317 top1 0.0696 top5 0.3029
    [11:00:47] step 1075/5625 | avg train loss 3.3312 top1 0.0694 top5 0.3033
    [11:00:54] step 1100/5625 | avg train loss 3.3296 top1 0.0688 top5 0.3041
    [11:01:02] step 1125/5625 | avg train loss 3.3304 top1 0.0681 top5 0.3036
    [11:01:09] step 1150/5625 | avg train loss 3.3328 top1 0.0673 top5 0.3015
    [11:01:16] step 1175/5625 | avg train loss 3.3348 top1 0.0669 top5 0.2998
    [11:01:23] step 1200/5625 | avg train loss 3.3339 top1 0.0668 top5 0.3000
    [11:01:31] step 1225/5625 | avg train loss 3.3344 top1 0.0666 top5 0.2998
    [11:01:38] step 1250/5625 | avg train loss 3.3346 top1 0.0664 top5 0.2994
    [11:01:45] step 1275/5625 | avg train loss 3.3331 top1 0.0674 top5 0.3016
    [11:01:52] step 1300/5625 | avg train loss 3.3333 top1 0.0672 top5 0.3022
    [11:02:00] step 1325/5625 | avg train loss 3.3333 top1 0.0663 top5 0.3020
    [11:02:07] step 1350/5625 | avg train loss 3.3342 top1 0.0668 top5 0.3005
    [11:02:14] step 1375/5625 | avg train loss 3.3369 top1 0.0664 top5 0.2986
    [11:02:22] step 1400/5625 | avg train loss 3.3359 top1 0.0661 top5 0.2988
    [11:02:29] step 1425/5625 | avg train loss 3.3369 top1 0.0657 top5 0.2980
    [11:02:36] step 1450/5625 | avg train loss 3.3367 top1 0.0661 top5 0.2978
    [11:02:44] step 1475/5625 | avg train loss 3.3372 top1 0.0664 top5 0.2977
    [11:02:51] step 1500/5625 | avg train loss 3.3378 top1 0.0663 top5 0.2963
    [11:02:58] step 1525/5625 | avg train loss 3.3368 top1 0.0666 top5 0.2971
    [11:03:05] step 1550/5625 | avg train loss 3.3363 top1 0.0664 top5 0.2974
    [11:03:13] step 1575/5625 | avg train loss 3.3363 top1 0.0667 top5 0.2978
    [11:03:20] step 1600/5625 | avg train loss 3.3351 top1 0.0665 top5 0.2981
    [11:03:27] step 1625/5625 | avg train loss 3.3338 top1 0.0673 top5 0.2994
    [11:03:35] step 1650/5625 | avg train loss 3.3347 top1 0.0670 top5 0.2986
    [11:03:42] step 1675/5625 | avg train loss 3.3348 top1 0.0671 top5 0.2981
    [11:03:49] step 1700/5625 | avg train loss 3.3351 top1 0.0677 top5 0.2985
    [11:03:56] step 1725/5625 | avg train loss 3.3345 top1 0.0678 top5 0.2986
    [11:04:04] step 1750/5625 | avg train loss 3.3340 top1 0.0682 top5 0.2991
    [11:04:11] step 1775/5625 | avg train loss 3.3344 top1 0.0681 top5 0.2988
    [11:04:18] step 1800/5625 | avg train loss 3.3346 top1 0.0680 top5 0.2981
    [11:04:26] step 1825/5625 | avg train loss 3.3346 top1 0.0679 top5 0.2980
    [11:04:33] step 1850/5625 | avg train loss 3.3342 top1 0.0683 top5 0.2985
    [11:04:40] step 1875/5625 | avg train loss 3.3344 top1 0.0683 top5 0.2987
    [11:04:48] step 1900/5625 | avg train loss 3.3341 top1 0.0685 top5 0.2982
    [11:04:55] step 1925/5625 | avg train loss 3.3349 top1 0.0684 top5 0.2974
    [11:05:02] step 1950/5625 | avg train loss 3.3345 top1 0.0684 top5 0.2983
    [11:05:10] step 1975/5625 | avg train loss 3.3339 top1 0.0682 top5 0.2981
    [11:05:17] step 2000/5625 | avg train loss 3.3352 top1 0.0676 top5 0.2969
    [11:05:24] step 2025/5625 | avg train loss 3.3357 top1 0.0679 top5 0.2968
    [11:05:31] step 2050/5625 | avg train loss 3.3349 top1 0.0684 top5 0.2974
    [11:05:39] step 2075/5625 | avg train loss 3.3350 top1 0.0677 top5 0.2972
    [11:05:46] step 2100/5625 | avg train loss 3.3355 top1 0.0675 top5 0.2974
    [11:05:53] step 2125/5625 | avg train loss 3.3355 top1 0.0677 top5 0.2974
    [11:06:01] step 2150/5625 | avg train loss 3.3352 top1 0.0677 top5 0.2972
    [11:06:08] step 2175/5625 | avg train loss 3.3342 top1 0.0678 top5 0.2974
    [11:06:15] step 2200/5625 | avg train loss 3.3338 top1 0.0677 top5 0.2976
    [11:06:23] step 2225/5625 | avg train loss 3.3334 top1 0.0676 top5 0.2973
    [11:06:30] step 2250/5625 | avg train loss 3.3337 top1 0.0677 top5 0.2972
    [11:06:37] step 2275/5625 | avg train loss 3.3346 top1 0.0673 top5 0.2961
    [11:06:44] step 2300/5625 | avg train loss 3.3348 top1 0.0674 top5 0.2962
    [11:06:52] step 2325/5625 | avg train loss 3.3359 top1 0.0670 top5 0.2956
    [11:06:59] step 2350/5625 | avg train loss 3.3355 top1 0.0671 top5 0.2956
    [11:07:06] step 2375/5625 | avg train loss 3.3353 top1 0.0672 top5 0.2956
    [11:07:14] step 2400/5625 | avg train loss 3.3356 top1 0.0676 top5 0.2953
    [11:07:21] step 2425/5625 | avg train loss 3.3355 top1 0.0679 top5 0.2954
    [11:07:28] step 2450/5625 | avg train loss 3.3356 top1 0.0681 top5 0.2956
    [11:07:36] step 2475/5625 | avg train loss 3.3358 top1 0.0685 top5 0.2956
    [11:07:43] step 2500/5625 | avg train loss 3.3362 top1 0.0684 top5 0.2950
    [11:07:50] step 2525/5625 | avg train loss 3.3361 top1 0.0688 top5 0.2950
    [11:07:57] step 2550/5625 | avg train loss 3.3366 top1 0.0684 top5 0.2946
    [11:08:05] step 2575/5625 | avg train loss 3.3355 top1 0.0689 top5 0.2960
    [11:08:12] step 2600/5625 | avg train loss 3.3359 top1 0.0685 top5 0.2956
    [11:08:19] step 2625/5625 | avg train loss 3.3365 top1 0.0685 top5 0.2947
    [11:08:27] step 2650/5625 | avg train loss 3.3377 top1 0.0682 top5 0.2937
    [11:08:34] step 2675/5625 | avg train loss 3.3378 top1 0.0677 top5 0.2931
    [11:08:41] step 2700/5625 | avg train loss 3.3372 top1 0.0677 top5 0.2937
    [11:08:48] step 2725/5625 | avg train loss 3.3373 top1 0.0678 top5 0.2935
    [11:08:56] step 2750/5625 | avg train loss 3.3373 top1 0.0679 top5 0.2932
    [11:09:03] step 2775/5625 | avg train loss 3.3366 top1 0.0678 top5 0.2940
    [11:09:10] step 2800/5625 | avg train loss 3.3361 top1 0.0681 top5 0.2949
    [11:09:18] step 2825/5625 | avg train loss 3.3349 top1 0.0681 top5 0.2961
    [11:09:25] step 2850/5625 | avg train loss 3.3341 top1 0.0682 top5 0.2965
    [11:09:32] step 2875/5625 | avg train loss 3.3344 top1 0.0680 top5 0.2963
    [11:09:39] step 2900/5625 | avg train loss 3.3345 top1 0.0678 top5 0.2963
    [11:09:47] step 2925/5625 | avg train loss 3.3344 top1 0.0680 top5 0.2965
    [11:09:54] step 2950/5625 | avg train loss 3.3347 top1 0.0678 top5 0.2961
    [11:10:01] step 2975/5625 | avg train loss 3.3345 top1 0.0676 top5 0.2964
    [11:10:09] step 3000/5625 | avg train loss 3.3350 top1 0.0674 top5 0.2961
    [11:10:16] step 3025/5625 | avg train loss 3.3350 top1 0.0674 top5 0.2960
    [11:10:23] step 3050/5625 | avg train loss 3.3354 top1 0.0673 top5 0.2954
    [11:10:31] step 3075/5625 | avg train loss 3.3354 top1 0.0672 top5 0.2952
    [11:10:38] step 3100/5625 | avg train loss 3.3351 top1 0.0671 top5 0.2951
    [11:10:45] step 3125/5625 | avg train loss 3.3353 top1 0.0673 top5 0.2953
    [11:10:52] step 3150/5625 | avg train loss 3.3353 top1 0.0673 top5 0.2948
    [11:11:00] step 3175/5625 | avg train loss 3.3356 top1 0.0670 top5 0.2948
    [11:11:07] step 3200/5625 | avg train loss 3.3356 top1 0.0672 top5 0.2948
    [11:11:14] step 3225/5625 | avg train loss 3.3350 top1 0.0672 top5 0.2956
    [11:11:22] step 3250/5625 | avg train loss 3.3347 top1 0.0673 top5 0.2956
    [11:11:29] step 3275/5625 | avg train loss 3.3346 top1 0.0674 top5 0.2956
    [11:11:36] step 3300/5625 | avg train loss 3.3348 top1 0.0671 top5 0.2958
    [11:11:43] step 3325/5625 | avg train loss 3.3353 top1 0.0672 top5 0.2953
    [11:11:51] step 3350/5625 | avg train loss 3.3346 top1 0.0675 top5 0.2959
    [11:11:58] step 3375/5625 | avg train loss 3.3343 top1 0.0674 top5 0.2961
    [11:12:05] step 3400/5625 | avg train loss 3.3342 top1 0.0677 top5 0.2968
    [11:12:13] step 3425/5625 | avg train loss 3.3345 top1 0.0677 top5 0.2965
    [11:12:20] step 3450/5625 | avg train loss 3.3347 top1 0.0676 top5 0.2966
    [11:12:27] step 3475/5625 | avg train loss 3.3346 top1 0.0677 top5 0.2966
    [11:12:34] step 3500/5625 | avg train loss 3.3348 top1 0.0676 top5 0.2964
    [11:12:42] step 3525/5625 | avg train loss 3.3350 top1 0.0674 top5 0.2962
    [11:12:49] step 3550/5625 | avg train loss 3.3352 top1 0.0671 top5 0.2958
    [11:12:56] step 3575/5625 | avg train loss 3.3355 top1 0.0668 top5 0.2955
    [11:13:04] step 3600/5625 | avg train loss 3.3357 top1 0.0665 top5 0.2950
    [11:13:11] step 3625/5625 | avg train loss 3.3349 top1 0.0667 top5 0.2959
    [11:13:18] step 3650/5625 | avg train loss 3.3349 top1 0.0666 top5 0.2955
    [11:13:26] step 3675/5625 | avg train loss 3.3351 top1 0.0668 top5 0.2953
    [11:13:33] step 3700/5625 | avg train loss 3.3349 top1 0.0667 top5 0.2953
    [11:13:40] step 3725/5625 | avg train loss 3.3348 top1 0.0664 top5 0.2951
    [11:13:47] step 3750/5625 | avg train loss 3.3346 top1 0.0664 top5 0.2951
    [11:13:55] step 3775/5625 | avg train loss 3.3348 top1 0.0665 top5 0.2951
    [11:14:02] step 3800/5625 | avg train loss 3.3348 top1 0.0664 top5 0.2951
    [11:14:09] step 3825/5625 | avg train loss 3.3349 top1 0.0664 top5 0.2945
    [11:14:17] step 3850/5625 | avg train loss 3.3346 top1 0.0662 top5 0.2945
    [11:14:24] step 3875/5625 | avg train loss 3.3352 top1 0.0663 top5 0.2941
    [11:14:31] step 3900/5625 | avg train loss 3.3355 top1 0.0662 top5 0.2938
    [11:14:39] step 3925/5625 | avg train loss 3.3348 top1 0.0663 top5 0.2943
    [11:14:46] step 3950/5625 | avg train loss 3.3346 top1 0.0662 top5 0.2942
    [11:14:53] step 3975/5625 | avg train loss 3.3349 top1 0.0662 top5 0.2938
    [11:15:00] step 4000/5625 | avg train loss 3.3344 top1 0.0666 top5 0.2940
    [11:15:08] step 4025/5625 | avg train loss 3.3349 top1 0.0665 top5 0.2938
    [11:15:15] step 4050/5625 | avg train loss 3.3354 top1 0.0665 top5 0.2934
    [11:15:22] step 4075/5625 | avg train loss 3.3354 top1 0.0666 top5 0.2935
    [11:15:30] step 4100/5625 | avg train loss 3.3355 top1 0.0668 top5 0.2934
    [11:15:37] step 4125/5625 | avg train loss 3.3355 top1 0.0667 top5 0.2933
    [11:15:44] step 4150/5625 | avg train loss 3.3353 top1 0.0669 top5 0.2933
    [11:15:51] step 4175/5625 | avg train loss 3.3355 top1 0.0666 top5 0.2929
    [11:15:59] step 4200/5625 | avg train loss 3.3355 top1 0.0666 top5 0.2927
    [11:16:06] step 4225/5625 | avg train loss 3.3358 top1 0.0664 top5 0.2921
    [11:16:13] step 4250/5625 | avg train loss 3.3354 top1 0.0664 top5 0.2925
    [11:16:21] step 4275/5625 | avg train loss 3.3352 top1 0.0667 top5 0.2929
    [11:16:28] step 4300/5625 | avg train loss 3.3352 top1 0.0667 top5 0.2927
    [11:16:35] step 4325/5625 | avg train loss 3.3350 top1 0.0667 top5 0.2928
    [11:16:42] step 4350/5625 | avg train loss 3.3351 top1 0.0665 top5 0.2929
    [11:16:50] step 4375/5625 | avg train loss 3.3346 top1 0.0666 top5 0.2936
    [11:16:57] step 4400/5625 | avg train loss 3.3345 top1 0.0667 top5 0.2935
    [11:17:04] step 4425/5625 | avg train loss 3.3349 top1 0.0666 top5 0.2932
    [11:17:12] step 4450/5625 | avg train loss 3.3350 top1 0.0665 top5 0.2931
    [11:17:19] step 4475/5625 | avg train loss 3.3346 top1 0.0666 top5 0.2930
    [11:17:26] step 4500/5625 | avg train loss 3.3346 top1 0.0664 top5 0.2927
    [11:17:34] step 4525/5625 | avg train loss 3.3341 top1 0.0665 top5 0.2933
    [11:17:41] step 4550/5625 | avg train loss 3.3340 top1 0.0665 top5 0.2935
    [11:17:48] step 4575/5625 | avg train loss 3.3338 top1 0.0667 top5 0.2938
    [11:17:55] step 4600/5625 | avg train loss 3.3342 top1 0.0668 top5 0.2934
    [11:18:03] step 4625/5625 | avg train loss 3.3342 top1 0.0669 top5 0.2935
    [11:18:10] step 4650/5625 | avg train loss 3.3339 top1 0.0669 top5 0.2937
    [11:18:17] step 4675/5625 | avg train loss 3.3341 top1 0.0670 top5 0.2937
    [11:18:25] step 4700/5625 | avg train loss 3.3345 top1 0.0668 top5 0.2934
    [11:18:32] step 4725/5625 | avg train loss 3.3346 top1 0.0666 top5 0.2935
    [11:18:39] step 4750/5625 | avg train loss 3.3343 top1 0.0665 top5 0.2934
    [11:18:46] step 4775/5625 | avg train loss 3.3342 top1 0.0663 top5 0.2934
    [11:18:54] step 4800/5625 | avg train loss 3.3344 top1 0.0662 top5 0.2927
    [11:19:01] step 4825/5625 | avg train loss 3.3347 top1 0.0661 top5 0.2924
    [11:19:08] step 4850/5625 | avg train loss 3.3344 top1 0.0663 top5 0.2925
    [11:19:16] step 4875/5625 | avg train loss 3.3344 top1 0.0663 top5 0.2926
    [11:19:23] step 4900/5625 | avg train loss 3.3347 top1 0.0662 top5 0.2927
    [11:19:30] step 4925/5625 | avg train loss 3.3343 top1 0.0663 top5 0.2932
    [11:19:38] step 4950/5625 | avg train loss 3.3342 top1 0.0663 top5 0.2933
    [11:19:45] step 4975/5625 | avg train loss 3.3341 top1 0.0668 top5 0.2936
    [11:19:52] step 5000/5625 | avg train loss 3.3343 top1 0.0669 top5 0.2935
    [11:19:59] step 5025/5625 | avg train loss 3.3347 top1 0.0667 top5 0.2934
    [11:20:07] step 5050/5625 | avg train loss 3.3348 top1 0.0667 top5 0.2932
    [11:20:14] step 5075/5625 | avg train loss 3.3349 top1 0.0666 top5 0.2932
    [11:20:21] step 5100/5625 | avg train loss 3.3350 top1 0.0663 top5 0.2931
    [11:20:29] step 5125/5625 | avg train loss 3.3350 top1 0.0664 top5 0.2932
    [11:20:36] step 5150/5625 | avg train loss 3.3347 top1 0.0663 top5 0.2935
    [11:20:43] step 5175/5625 | avg train loss 3.3346 top1 0.0662 top5 0.2936
    [11:20:50] step 5200/5625 | avg train loss 3.3346 top1 0.0661 top5 0.2936
    [11:20:58] step 5225/5625 | avg train loss 3.3346 top1 0.0661 top5 0.2934
    [11:21:05] step 5250/5625 | avg train loss 3.3347 top1 0.0660 top5 0.2934
    [11:21:12] step 5275/5625 | avg train loss 3.3346 top1 0.0661 top5 0.2934
    [11:21:20] step 5300/5625 | avg train loss 3.3348 top1 0.0660 top5 0.2930
    [11:21:27] step 5325/5625 | avg train loss 3.3349 top1 0.0660 top5 0.2929
    [11:21:34] step 5350/5625 | avg train loss 3.3349 top1 0.0660 top5 0.2932
    [11:21:42] step 5375/5625 | avg train loss 3.3351 top1 0.0660 top5 0.2930
    [11:21:49] step 5400/5625 | avg train loss 3.3348 top1 0.0660 top5 0.2934
    [11:21:56] step 5425/5625 | avg train loss 3.3347 top1 0.0660 top5 0.2934
    [11:22:03] step 5450/5625 | avg train loss 3.3344 top1 0.0662 top5 0.2936
    [11:22:11] step 5475/5625 | avg train loss 3.3346 top1 0.0661 top5 0.2932
    [11:22:18] step 5500/5625 | avg train loss 3.3346 top1 0.0661 top5 0.2932
    [11:22:25] step 5525/5625 | avg train loss 3.3348 top1 0.0661 top5 0.2931
    [11:22:33] step 5550/5625 | avg train loss 3.3351 top1 0.0661 top5 0.2930
    [11:22:40] step 5575/5625 | avg train loss 3.3353 top1 0.0660 top5 0.2930
    [11:22:47] step 5600/5625 | avg train loss 3.3353 top1 0.0661 top5 0.2929
    [11:22:54] step 5625/5625 | avg train loss 3.3354 top1 0.0661 top5 0.2928
Epoch 22/50 | train loss 3.3354 top1 0.0661 | val loss 3.4356 top1 0.0532 top5 0.2347 | ema val top1 0.4387 top5 0.7653
  [head-diag] mlp_activity_ratio=92.1028, query_pairwise_cosine=0.0898
  No val top1 improvement (2/15); best remains 0.4503
    [11:25:12] step 25/5625 | avg train loss 3.3603 top1 0.0900 top5 0.2350
    [11:25:20] step 50/5625 | avg train loss 3.3217 top1 0.0850 top5 0.2875
    [11:25:27] step 75/5625 | avg train loss 3.2949 top1 0.0800 top5 0.3133
    [11:25:34] step 100/5625 | avg train loss 3.3129 top1 0.0750 top5 0.3025
    [11:25:42] step 125/5625 | avg train loss 3.3191 top1 0.0720 top5 0.2950
    [11:25:49] step 150/5625 | avg train loss 3.3263 top1 0.0650 top5 0.2875
    [11:25:56] step 175/5625 | avg train loss 3.3199 top1 0.0671 top5 0.2886
    [11:26:04] step 200/5625 | avg train loss 3.3165 top1 0.0750 top5 0.2900
    [11:26:11] step 225/5625 | avg train loss 3.3165 top1 0.0711 top5 0.2906
    [11:26:18] step 250/5625 | avg train loss 3.3157 top1 0.0710 top5 0.2925
    [11:26:25] step 275/5625 | avg train loss 3.3181 top1 0.0718 top5 0.2977
    [11:26:33] step 300/5625 | avg train loss 3.3226 top1 0.0658 top5 0.2988
    [11:26:40] step 325/5625 | avg train loss 3.3218 top1 0.0654 top5 0.2988
    [11:26:47] step 350/5625 | avg train loss 3.3239 top1 0.0657 top5 0.2996
    [11:26:55] step 375/5625 | avg train loss 3.3201 top1 0.0660 top5 0.3043
    [11:27:02] step 400/5625 | avg train loss 3.3226 top1 0.0653 top5 0.2991
    [11:27:09] step 425/5625 | avg train loss 3.3226 top1 0.0632 top5 0.2974
    [11:27:16] step 450/5625 | avg train loss 3.3178 top1 0.0642 top5 0.2986
    [11:27:24] step 475/5625 | avg train loss 3.3165 top1 0.0629 top5 0.2971
    [11:27:31] step 500/5625 | avg train loss 3.3171 top1 0.0630 top5 0.2998
    [11:27:38] step 525/5625 | avg train loss 3.3160 top1 0.0629 top5 0.3005
    [11:27:46] step 550/5625 | avg train loss 3.3167 top1 0.0634 top5 0.3009
    [11:27:53] step 575/5625 | avg train loss 3.3195 top1 0.0624 top5 0.3000
    [11:28:00] step 600/5625 | avg train loss 3.3208 top1 0.0619 top5 0.2975
    [11:28:08] step 625/5625 | avg train loss 3.3209 top1 0.0634 top5 0.2980
    [11:28:15] step 650/5625 | avg train loss 3.3251 top1 0.0637 top5 0.2977
    [11:28:22] step 675/5625 | avg train loss 3.3261 top1 0.0635 top5 0.2937
    [11:28:30] step 700/5625 | avg train loss 3.3248 top1 0.0634 top5 0.2939
    [11:28:37] step 725/5625 | avg train loss 3.3266 top1 0.0633 top5 0.2931
    [11:28:44] step 750/5625 | avg train loss 3.3292 top1 0.0645 top5 0.2917
    [11:28:51] step 775/5625 | avg train loss 3.3274 top1 0.0644 top5 0.2900
    [11:28:59] step 800/5625 | avg train loss 3.3265 top1 0.0642 top5 0.2906
    [11:29:06] step 825/5625 | avg train loss 3.3227 top1 0.0650 top5 0.2935
    [11:29:13] step 850/5625 | avg train loss 3.3230 top1 0.0649 top5 0.2931
    [11:29:21] step 875/5625 | avg train loss 3.3232 top1 0.0639 top5 0.2917
    [11:29:28] step 900/5625 | avg train loss 3.3243 top1 0.0643 top5 0.2913
    [11:29:35] step 925/5625 | avg train loss 3.3243 top1 0.0647 top5 0.2914
    [11:29:43] step 950/5625 | avg train loss 3.3221 top1 0.0651 top5 0.2926
    [11:29:50] step 975/5625 | avg train loss 3.3225 top1 0.0647 top5 0.2938
    [11:29:57] step 1000/5625 | avg train loss 3.3218 top1 0.0649 top5 0.2950
    [11:30:05] step 1025/5625 | avg train loss 3.3229 top1 0.0650 top5 0.2935
    [11:30:12] step 1050/5625 | avg train loss 3.3220 top1 0.0658 top5 0.2954
    [11:30:19] step 1075/5625 | avg train loss 3.3206 top1 0.0662 top5 0.2966
    [11:30:26] step 1100/5625 | avg train loss 3.3206 top1 0.0665 top5 0.2965
    [11:30:34] step 1125/5625 | avg train loss 3.3218 top1 0.0657 top5 0.2956
    [11:30:41] step 1150/5625 | avg train loss 3.3229 top1 0.0653 top5 0.2953
    [11:30:48] step 1175/5625 | avg train loss 3.3225 top1 0.0650 top5 0.2951
    [11:30:56] step 1200/5625 | avg train loss 3.3230 top1 0.0653 top5 0.2953
    [11:31:03] step 1225/5625 | avg train loss 3.3238 top1 0.0644 top5 0.2945
    [11:31:10] step 1250/5625 | avg train loss 3.3242 top1 0.0646 top5 0.2946
    [11:31:17] step 1275/5625 | avg train loss 3.3232 top1 0.0641 top5 0.2957
    [11:31:25] step 1300/5625 | avg train loss 3.3233 top1 0.0645 top5 0.2950
    [11:31:32] step 1325/5625 | avg train loss 3.3244 top1 0.0636 top5 0.2943
    [11:31:39] step 1350/5625 | avg train loss 3.3235 top1 0.0633 top5 0.2948
    [11:31:46] step 1375/5625 | avg train loss 3.3243 top1 0.0642 top5 0.2942
    [11:31:54] step 1400/5625 | avg train loss 3.3249 top1 0.0638 top5 0.2932
    [11:32:01] step 1425/5625 | avg train loss 3.3249 top1 0.0640 top5 0.2942
    [11:32:08] step 1450/5625 | avg train loss 3.3254 top1 0.0636 top5 0.2947
    [11:32:16] step 1475/5625 | avg train loss 3.3248 top1 0.0637 top5 0.2941
    [11:32:23] step 1500/5625 | avg train loss 3.3246 top1 0.0640 top5 0.2942
    [11:32:30] step 1525/5625 | avg train loss 3.3242 top1 0.0639 top5 0.2948
    [11:32:38] step 1550/5625 | avg train loss 3.3247 top1 0.0637 top5 0.2940
    [11:32:45] step 1575/5625 | avg train loss 3.3263 top1 0.0643 top5 0.2930
    [11:32:52] step 1600/5625 | avg train loss 3.3260 top1 0.0650 top5 0.2937
    [11:32:59] step 1625/5625 | avg train loss 3.3258 top1 0.0660 top5 0.2932
    [11:33:07] step 1650/5625 | avg train loss 3.3263 top1 0.0661 top5 0.2930
    [11:33:14] step 1675/5625 | avg train loss 3.3272 top1 0.0663 top5 0.2926
    [11:33:21] step 1700/5625 | avg train loss 3.3270 top1 0.0666 top5 0.2921
    [11:33:29] step 1725/5625 | avg train loss 3.3282 top1 0.0661 top5 0.2909
    [11:33:36] step 1750/5625 | avg train loss 3.3296 top1 0.0656 top5 0.2897
    [11:33:43] step 1775/5625 | avg train loss 3.3291 top1 0.0656 top5 0.2900
    [11:33:51] step 1800/5625 | avg train loss 3.3291 top1 0.0657 top5 0.2903
    [11:33:58] step 1825/5625 | avg train loss 3.3285 top1 0.0662 top5 0.2912
    [11:34:05] step 1850/5625 | avg train loss 3.3280 top1 0.0661 top5 0.2911
    [11:34:12] step 1875/5625 | avg train loss 3.3270 top1 0.0659 top5 0.2917
    [11:34:20] step 1900/5625 | avg train loss 3.3272 top1 0.0661 top5 0.2915
    [11:34:27] step 1925/5625 | avg train loss 3.3277 top1 0.0665 top5 0.2919
    [11:34:34] step 1950/5625 | avg train loss 3.3275 top1 0.0665 top5 0.2921
    [11:34:42] step 1975/5625 | avg train loss 3.3277 top1 0.0665 top5 0.2917
    [11:34:49] step 2000/5625 | avg train loss 3.3273 top1 0.0665 top5 0.2923
    [11:34:56] step 2025/5625 | avg train loss 3.3276 top1 0.0664 top5 0.2926
    [11:35:03] step 2050/5625 | avg train loss 3.3282 top1 0.0665 top5 0.2922
    [11:35:11] step 2075/5625 | avg train loss 3.3284 top1 0.0667 top5 0.2924
    [11:35:18] step 2100/5625 | avg train loss 3.3287 top1 0.0669 top5 0.2930
    [11:35:25] step 2125/5625 | avg train loss 3.3292 top1 0.0669 top5 0.2926
    [11:35:33] step 2150/5625 | avg train loss 3.3293 top1 0.0671 top5 0.2922
    [11:35:40] step 2175/5625 | avg train loss 3.3284 top1 0.0676 top5 0.2928
    [11:35:47] step 2200/5625 | avg train loss 3.3272 top1 0.0681 top5 0.2937
    [11:35:54] step 2225/5625 | avg train loss 3.3267 top1 0.0684 top5 0.2944
    [11:36:02] step 2250/5625 | avg train loss 3.3277 top1 0.0683 top5 0.2936
    [11:36:09] step 2275/5625 | avg train loss 3.3268 top1 0.0689 top5 0.2946
    [11:36:16] step 2300/5625 | avg train loss 3.3276 top1 0.0691 top5 0.2940
    [11:36:24] step 2325/5625 | avg train loss 3.3268 top1 0.0694 top5 0.2941
    [11:36:31] step 2350/5625 | avg train loss 3.3265 top1 0.0691 top5 0.2944
    [11:36:38] step 2375/5625 | avg train loss 3.3273 top1 0.0694 top5 0.2938
    [11:36:46] step 2400/5625 | avg train loss 3.3282 top1 0.0692 top5 0.2933
    [11:36:53] step 2425/5625 | avg train loss 3.3281 top1 0.0689 top5 0.2931
    [11:37:00] step 2450/5625 | avg train loss 3.3287 top1 0.0688 top5 0.2928
    [11:37:07] step 2475/5625 | avg train loss 3.3292 top1 0.0687 top5 0.2931
    [11:37:15] step 2500/5625 | avg train loss 3.3293 top1 0.0684 top5 0.2930
    [11:37:22] step 2525/5625 | avg train loss 3.3295 top1 0.0686 top5 0.2930
    [11:37:29] step 2550/5625 | avg train loss 3.3296 top1 0.0687 top5 0.2934
    [11:37:37] step 2575/5625 | avg train loss 3.3290 top1 0.0693 top5 0.2938
    [11:37:44] step 2600/5625 | avg train loss 3.3289 top1 0.0693 top5 0.2938
    [11:37:51] step 2625/5625 | avg train loss 3.3291 top1 0.0692 top5 0.2937
    [11:37:59] step 2650/5625 | avg train loss 3.3286 top1 0.0695 top5 0.2944
    [11:38:06] step 2675/5625 | avg train loss 3.3290 top1 0.0693 top5 0.2938
    [11:38:13] step 2700/5625 | avg train loss 3.3295 top1 0.0692 top5 0.2932
    [11:38:20] step 2725/5625 | avg train loss 3.3301 top1 0.0690 top5 0.2928
    [11:38:28] step 2750/5625 | avg train loss 3.3302 top1 0.0690 top5 0.2925
    [11:38:35] step 2775/5625 | avg train loss 3.3307 top1 0.0691 top5 0.2923
    [11:38:42] step 2800/5625 | avg train loss 3.3308 top1 0.0693 top5 0.2927
    [11:38:50] step 2825/5625 | avg train loss 3.3307 top1 0.0696 top5 0.2933
    [11:38:57] step 2850/5625 | avg train loss 3.3309 top1 0.0694 top5 0.2932
    [11:39:04] step 2875/5625 | avg train loss 3.3302 top1 0.0694 top5 0.2939
    [11:39:11] step 2900/5625 | avg train loss 3.3299 top1 0.0693 top5 0.2941
    [11:39:19] step 2925/5625 | avg train loss 3.3295 top1 0.0697 top5 0.2944
    [11:39:26] step 2950/5625 | avg train loss 3.3296 top1 0.0695 top5 0.2939
    [11:39:33] step 2975/5625 | avg train loss 3.3296 top1 0.0693 top5 0.2939
    [11:39:41] step 3000/5625 | avg train loss 3.3296 top1 0.0693 top5 0.2938
    [11:39:48] step 3025/5625 | avg train loss 3.3294 top1 0.0695 top5 0.2940
    [11:39:55] step 3050/5625 | avg train loss 3.3292 top1 0.0698 top5 0.2939
    [11:40:03] step 3075/5625 | avg train loss 3.3302 top1 0.0696 top5 0.2934
    [11:40:10] step 3100/5625 | avg train loss 3.3305 top1 0.0697 top5 0.2930
    [11:40:17] step 3125/5625 | avg train loss 3.3302 top1 0.0699 top5 0.2934
    [11:40:24] step 3150/5625 | avg train loss 3.3306 top1 0.0697 top5 0.2933
    [11:40:32] step 3175/5625 | avg train loss 3.3307 top1 0.0697 top5 0.2933
    [11:40:39] step 3200/5625 | avg train loss 3.3310 top1 0.0696 top5 0.2928
    [11:40:46] step 3225/5625 | avg train loss 3.3316 top1 0.0696 top5 0.2925
    [11:40:54] step 3250/5625 | avg train loss 3.3318 top1 0.0694 top5 0.2924
    [11:41:01] step 3275/5625 | avg train loss 3.3313 top1 0.0695 top5 0.2927
    [11:41:08] step 3300/5625 | avg train loss 3.3316 top1 0.0695 top5 0.2926
    [11:41:15] step 3325/5625 | avg train loss 3.3316 top1 0.0694 top5 0.2923
    [11:41:23] step 3350/5625 | avg train loss 3.3313 top1 0.0693 top5 0.2928
    [11:41:30] step 3375/5625 | avg train loss 3.3316 top1 0.0691 top5 0.2928
    [11:41:37] step 3400/5625 | avg train loss 3.3315 top1 0.0690 top5 0.2929
    [11:41:45] step 3425/5625 | avg train loss 3.3314 top1 0.0691 top5 0.2931
    [11:41:52] step 3450/5625 | avg train loss 3.3312 top1 0.0690 top5 0.2930
    [11:41:59] step 3475/5625 | avg train loss 3.3310 top1 0.0691 top5 0.2927
    [11:42:07] step 3500/5625 | avg train loss 3.3311 top1 0.0689 top5 0.2929
    [11:42:14] step 3525/5625 | avg train loss 3.3314 top1 0.0691 top5 0.2928
    [11:42:21] step 3550/5625 | avg train loss 3.3318 top1 0.0692 top5 0.2927
    [11:42:29] step 3575/5625 | avg train loss 3.3321 top1 0.0692 top5 0.2929
    [11:42:36] step 3600/5625 | avg train loss 3.3319 top1 0.0691 top5 0.2930
    [11:42:43] step 3625/5625 | avg train loss 3.3319 top1 0.0689 top5 0.2927
    [11:42:50] step 3650/5625 | avg train loss 3.3313 top1 0.0690 top5 0.2931
    [11:42:58] step 3675/5625 | avg train loss 3.3310 top1 0.0688 top5 0.2933
    [11:43:05] step 3700/5625 | avg train loss 3.3313 top1 0.0686 top5 0.2930
    [11:43:12] step 3725/5625 | avg train loss 3.3307 top1 0.0686 top5 0.2931
    [11:43:20] step 3750/5625 | avg train loss 3.3309 top1 0.0683 top5 0.2926
    [11:43:27] step 3775/5625 | avg train loss 3.3307 top1 0.0684 top5 0.2927
    [11:43:34] step 3800/5625 | avg train loss 3.3305 top1 0.0685 top5 0.2929
    [11:43:42] step 3825/5625 | avg train loss 3.3305 top1 0.0685 top5 0.2930
    [11:43:49] step 3850/5625 | avg train loss 3.3304 top1 0.0684 top5 0.2926
    [11:43:56] step 3875/5625 | avg train loss 3.3303 top1 0.0683 top5 0.2923
    [11:44:03] step 3900/5625 | avg train loss 3.3306 top1 0.0682 top5 0.2924
    [11:44:11] step 3925/5625 | avg train loss 3.3302 top1 0.0683 top5 0.2923
    [11:44:18] step 3950/5625 | avg train loss 3.3302 top1 0.0684 top5 0.2923
    [11:44:25] step 3975/5625 | avg train loss 3.3299 top1 0.0685 top5 0.2920
    [11:44:33] step 4000/5625 | avg train loss 3.3300 top1 0.0685 top5 0.2915
    [11:44:40] step 4025/5625 | avg train loss 3.3301 top1 0.0684 top5 0.2916
    [11:44:47] step 4050/5625 | avg train loss 3.3298 top1 0.0686 top5 0.2918
    [11:44:55] step 4075/5625 | avg train loss 3.3300 top1 0.0685 top5 0.2917
    [11:45:02] step 4100/5625 | avg train loss 3.3302 top1 0.0686 top5 0.2918
    [11:45:09] step 4125/5625 | avg train loss 3.3298 top1 0.0686 top5 0.2918
    [11:45:16] step 4150/5625 | avg train loss 3.3303 top1 0.0685 top5 0.2916
    [11:45:24] step 4175/5625 | avg train loss 3.3307 top1 0.0687 top5 0.2914
    [11:45:31] step 4200/5625 | avg train loss 3.3307 top1 0.0688 top5 0.2910
    [11:45:38] step 4225/5625 | avg train loss 3.3303 top1 0.0688 top5 0.2915
    [11:45:46] step 4250/5625 | avg train loss 3.3300 top1 0.0689 top5 0.2922
    [11:45:53] step 4275/5625 | avg train loss 3.3297 top1 0.0690 top5 0.2928
    [11:46:00] step 4300/5625 | avg train loss 3.3293 top1 0.0689 top5 0.2931
    [11:46:07] step 4325/5625 | avg train loss 3.3290 top1 0.0690 top5 0.2931
    [11:46:15] step 4350/5625 | avg train loss 3.3293 top1 0.0689 top5 0.2930
    [11:46:22] step 4375/5625 | avg train loss 3.3297 top1 0.0688 top5 0.2926
    [11:46:29] step 4400/5625 | avg train loss 3.3299 top1 0.0686 top5 0.2926
    [11:46:37] step 4425/5625 | avg train loss 3.3298 top1 0.0686 top5 0.2928
    [11:46:44] step 4450/5625 | avg train loss 3.3294 top1 0.0691 top5 0.2931
    [11:46:51] step 4475/5625 | avg train loss 3.3293 top1 0.0691 top5 0.2932
    [11:46:59] step 4500/5625 | avg train loss 3.3291 top1 0.0689 top5 0.2932
    [11:47:06] step 4525/5625 | avg train loss 3.3286 top1 0.0691 top5 0.2934
    [11:47:13] step 4550/5625 | avg train loss 3.3282 top1 0.0691 top5 0.2936
    [11:47:20] step 4575/5625 | avg train loss 3.3286 top1 0.0691 top5 0.2935
    [11:47:28] step 4600/5625 | avg train loss 3.3287 top1 0.0690 top5 0.2934
    [11:47:35] step 4625/5625 | avg train loss 3.3285 top1 0.0689 top5 0.2935
    [11:47:42] step 4650/5625 | avg train loss 3.3291 top1 0.0688 top5 0.2932
    [11:47:49] step 4675/5625 | avg train loss 3.3284 top1 0.0691 top5 0.2939
    [11:47:57] step 4700/5625 | avg train loss 3.3283 top1 0.0691 top5 0.2940
    [11:48:04] step 4725/5625 | avg train loss 3.3284 top1 0.0693 top5 0.2942
    [11:48:11] step 4750/5625 | avg train loss 3.3282 top1 0.0693 top5 0.2941
    [11:48:18] step 4775/5625 | avg train loss 3.3286 top1 0.0691 top5 0.2936
    [11:48:26] step 4800/5625 | avg train loss 3.3287 top1 0.0690 top5 0.2937
    [11:48:33] step 4825/5625 | avg train loss 3.3281 top1 0.0690 top5 0.2942
    [11:48:40] step 4850/5625 | avg train loss 3.3280 top1 0.0688 top5 0.2941
    [11:48:48] step 4875/5625 | avg train loss 3.3287 top1 0.0687 top5 0.2936
    [11:48:55] step 4900/5625 | avg train loss 3.3288 top1 0.0689 top5 0.2937
    [11:49:02] step 4925/5625 | avg train loss 3.3287 top1 0.0688 top5 0.2939
    [11:49:09] step 4950/5625 | avg train loss 3.3282 top1 0.0689 top5 0.2942
    [11:49:17] step 4975/5625 | avg train loss 3.3282 top1 0.0689 top5 0.2941
    [11:49:24] step 5000/5625 | avg train loss 3.3281 top1 0.0691 top5 0.2943
    [11:49:31] step 5025/5625 | avg train loss 3.3282 top1 0.0690 top5 0.2943
    [11:49:39] step 5050/5625 | avg train loss 3.3280 top1 0.0691 top5 0.2945
    [11:49:46] step 5075/5625 | avg train loss 3.3282 top1 0.0692 top5 0.2942
    [11:49:53] step 5100/5625 | avg train loss 3.3280 top1 0.0691 top5 0.2945
    [11:50:01] step 5125/5625 | avg train loss 3.3276 top1 0.0691 top5 0.2946
    [11:50:08] step 5150/5625 | avg train loss 3.3277 top1 0.0690 top5 0.2946
    [11:50:15] step 5175/5625 | avg train loss 3.3280 top1 0.0691 top5 0.2944
    [11:50:22] step 5200/5625 | avg train loss 3.3279 top1 0.0693 top5 0.2948
    [11:50:30] step 5225/5625 | avg train loss 3.3278 top1 0.0693 top5 0.2949
    [11:50:37] step 5250/5625 | avg train loss 3.3276 top1 0.0691 top5 0.2951
    [11:50:44] step 5275/5625 | avg train loss 3.3278 top1 0.0689 top5 0.2950
    [11:50:52] step 5300/5625 | avg train loss 3.3280 top1 0.0688 top5 0.2948
    [11:50:59] step 5325/5625 | avg train loss 3.3284 top1 0.0687 top5 0.2945
    [11:51:06] step 5350/5625 | avg train loss 3.3286 top1 0.0686 top5 0.2943
    [11:51:14] step 5375/5625 | avg train loss 3.3287 top1 0.0684 top5 0.2942
    [11:51:21] step 5400/5625 | avg train loss 3.3284 top1 0.0684 top5 0.2946
    [11:51:28] step 5425/5625 | avg train loss 3.3285 top1 0.0683 top5 0.2947
    [11:51:36] step 5450/5625 | avg train loss 3.3285 top1 0.0683 top5 0.2945
    [11:51:43] step 5475/5625 | avg train loss 3.3286 top1 0.0683 top5 0.2947
    [11:51:50] step 5500/5625 | avg train loss 3.3285 top1 0.0683 top5 0.2948
    [11:51:57] step 5525/5625 | avg train loss 3.3289 top1 0.0682 top5 0.2946
    [11:52:05] step 5550/5625 | avg train loss 3.3285 top1 0.0686 top5 0.2948
    [11:52:12] step 5575/5625 | avg train loss 3.3289 top1 0.0686 top5 0.2947
    [11:52:19] step 5600/5625 | avg train loss 3.3287 top1 0.0688 top5 0.2950
    [11:52:26] step 5625/5625 | avg train loss 3.3289 top1 0.0688 top5 0.2950
Epoch 23/50 | train loss 3.3289 top1 0.0688 | val loss 3.4280 top1 0.0532 top5 0.2654 | ema val top1 0.4104 top5 0.7346
  [head-diag] mlp_activity_ratio=87.7211, query_pairwise_cosine=0.0871
  No val top1 improvement (3/15); best remains 0.4503
    [11:54:44] step 25/5625 | avg train loss 3.2586 top1 0.0700 top5 0.2900
    [11:54:52] step 50/5625 | avg train loss 3.2602 top1 0.1000 top5 0.3000
    [11:54:59] step 75/5625 | avg train loss 3.2586 top1 0.1033 top5 0.3167
    [11:55:07] step 100/5625 | avg train loss 3.2625 top1 0.0975 top5 0.3175
    [11:55:14] step 125/5625 | avg train loss 3.2966 top1 0.0800 top5 0.3080
    [11:55:21] step 150/5625 | avg train loss 3.3008 top1 0.0800 top5 0.2958
    [11:55:28] step 175/5625 | avg train loss 3.3086 top1 0.0814 top5 0.2921
    [11:55:36] step 200/5625 | avg train loss 3.3108 top1 0.0825 top5 0.2981
    [11:55:43] step 225/5625 | avg train loss 3.3204 top1 0.0767 top5 0.2861
    [11:55:50] step 250/5625 | avg train loss 3.3201 top1 0.0770 top5 0.2825
    [11:55:58] step 275/5625 | avg train loss 3.3164 top1 0.0800 top5 0.2900
    [11:56:05] step 300/5625 | avg train loss 3.3235 top1 0.0808 top5 0.2908
    [11:56:12] step 325/5625 | avg train loss 3.3186 top1 0.0800 top5 0.2969
    [11:56:19] step 350/5625 | avg train loss 3.3189 top1 0.0793 top5 0.2971
    [11:56:27] step 375/5625 | avg train loss 3.3185 top1 0.0787 top5 0.3013
    [11:56:34] step 400/5625 | avg train loss 3.3208 top1 0.0775 top5 0.3000
    [11:56:41] step 425/5625 | avg train loss 3.3183 top1 0.0771 top5 0.3029
    [11:56:49] step 450/5625 | avg train loss 3.3158 top1 0.0767 top5 0.3039
    [11:56:56] step 475/5625 | avg train loss 3.3174 top1 0.0753 top5 0.3047
    [11:57:03] step 500/5625 | avg train loss 3.3181 top1 0.0760 top5 0.3020
    [11:57:10] step 525/5625 | avg train loss 3.3237 top1 0.0752 top5 0.3005
    [11:57:18] step 550/5625 | avg train loss 3.3239 top1 0.0745 top5 0.2986
    [11:57:25] step 575/5625 | avg train loss 3.3250 top1 0.0739 top5 0.2983
    [11:57:32] step 600/5625 | avg train loss 3.3232 top1 0.0746 top5 0.2983
    [11:57:40] step 625/5625 | avg train loss 3.3233 top1 0.0744 top5 0.2996
    [11:57:47] step 650/5625 | avg train loss 3.3247 top1 0.0738 top5 0.2965
    [11:57:54] step 675/5625 | avg train loss 3.3243 top1 0.0733 top5 0.2978
    [11:58:02] step 700/5625 | avg train loss 3.3245 top1 0.0718 top5 0.2971
    [11:58:09] step 725/5625 | avg train loss 3.3258 top1 0.0721 top5 0.2962
    [11:58:16] step 750/5625 | avg train loss 3.3237 top1 0.0723 top5 0.2977
    [11:58:23] step 775/5625 | avg train loss 3.3216 top1 0.0713 top5 0.2990
    [11:58:31] step 800/5625 | avg train loss 3.3188 top1 0.0725 top5 0.3041
    [11:58:38] step 825/5625 | avg train loss 3.3196 top1 0.0730 top5 0.3033
    [11:58:45] step 850/5625 | avg train loss 3.3179 top1 0.0732 top5 0.3059
    [11:58:53] step 875/5625 | avg train loss 3.3195 top1 0.0731 top5 0.3057
    [11:59:00] step 900/5625 | avg train loss 3.3205 top1 0.0731 top5 0.3047
    [11:59:07] step 925/5625 | avg train loss 3.3215 top1 0.0727 top5 0.3043
    [11:59:14] step 950/5625 | avg train loss 3.3236 top1 0.0732 top5 0.3037
    [11:59:22] step 975/5625 | avg train loss 3.3234 top1 0.0736 top5 0.3051
    [11:59:29] step 1000/5625 | avg train loss 3.3248 top1 0.0732 top5 0.3048
    [11:59:36] step 1025/5625 | avg train loss 3.3247 top1 0.0737 top5 0.3049
    [11:59:44] step 1050/5625 | avg train loss 3.3235 top1 0.0736 top5 0.3052
    [11:59:51] step 1075/5625 | avg train loss 3.3228 top1 0.0737 top5 0.3058
    [11:59:58] step 1100/5625 | avg train loss 3.3243 top1 0.0734 top5 0.3048
    [12:00:06] step 1125/5625 | avg train loss 3.3246 top1 0.0731 top5 0.3049
    [12:00:13] step 1150/5625 | avg train loss 3.3269 top1 0.0725 top5 0.3039
    [12:00:20] step 1175/5625 | avg train loss 3.3267 top1 0.0729 top5 0.3049
    [12:00:27] step 1200/5625 | avg train loss 3.3261 top1 0.0736 top5 0.3054
    [12:00:35] step 1225/5625 | avg train loss 3.3259 top1 0.0736 top5 0.3053
    [12:00:42] step 1250/5625 | avg train loss 3.3263 top1 0.0737 top5 0.3044
    [12:00:49] step 1275/5625 | avg train loss 3.3242 top1 0.0736 top5 0.3053
    [12:00:57] step 1300/5625 | avg train loss 3.3246 top1 0.0736 top5 0.3042
    [12:01:04] step 1325/5625 | avg train loss 3.3252 top1 0.0731 top5 0.3036
    [12:01:11] step 1350/5625 | avg train loss 3.3262 top1 0.0731 top5 0.3024
    [12:01:18] step 1375/5625 | avg train loss 3.3256 top1 0.0728 top5 0.3025
    [12:01:26] step 1400/5625 | avg train loss 3.3261 top1 0.0724 top5 0.3030
    [12:01:33] step 1425/5625 | avg train loss 3.3263 top1 0.0720 top5 0.3030
    [12:01:40] step 1450/5625 | avg train loss 3.3250 top1 0.0723 top5 0.3045
    [12:01:48] step 1475/5625 | avg train loss 3.3265 top1 0.0719 top5 0.3027
    [12:01:55] step 1500/5625 | avg train loss 3.3265 top1 0.0717 top5 0.3023
    [12:02:02] step 1525/5625 | avg train loss 3.3257 top1 0.0725 top5 0.3026
    [12:02:10] step 1550/5625 | avg train loss 3.3245 top1 0.0722 top5 0.3021
    [12:02:17] step 1575/5625 | avg train loss 3.3237 top1 0.0717 top5 0.3019
    [12:02:24] step 1600/5625 | avg train loss 3.3240 top1 0.0713 top5 0.3013
    [12:02:31] step 1625/5625 | avg train loss 3.3243 top1 0.0712 top5 0.3011
    [12:02:39] step 1650/5625 | avg train loss 3.3238 top1 0.0708 top5 0.3009
    [12:02:46] step 1675/5625 | avg train loss 3.3239 top1 0.0707 top5 0.3013
    [12:02:53] step 1700/5625 | avg train loss 3.3239 top1 0.0702 top5 0.3006
    [12:03:01] step 1725/5625 | avg train loss 3.3246 top1 0.0702 top5 0.3010
    [12:03:08] step 1750/5625 | avg train loss 3.3250 top1 0.0709 top5 0.3016
    [12:03:15] step 1775/5625 | avg train loss 3.3242 top1 0.0713 top5 0.3023
    [12:03:23] step 1800/5625 | avg train loss 3.3243 top1 0.0706 top5 0.3019
    [12:03:30] step 1825/5625 | avg train loss 3.3231 top1 0.0708 top5 0.3027
    [12:03:37] step 1850/5625 | avg train loss 3.3238 top1 0.0713 top5 0.3028
    [12:03:45] step 1875/5625 | avg train loss 3.3234 top1 0.0710 top5 0.3027
    [12:03:52] step 1900/5625 | avg train loss 3.3230 top1 0.0708 top5 0.3022
    [12:03:59] step 1925/5625 | avg train loss 3.3225 top1 0.0712 top5 0.3032
    [12:04:06] step 1950/5625 | avg train loss 3.3232 top1 0.0708 top5 0.3024
    [12:04:14] step 1975/5625 | avg train loss 3.3235 top1 0.0704 top5 0.3020
    [12:04:21] step 2000/5625 | avg train loss 3.3249 top1 0.0703 top5 0.3018
    [12:04:28] step 2025/5625 | avg train loss 3.3249 top1 0.0699 top5 0.3019
    [12:04:36] step 2050/5625 | avg train loss 3.3253 top1 0.0702 top5 0.3020
    [12:04:43] step 2075/5625 | avg train loss 3.3268 top1 0.0698 top5 0.3011
    [12:04:50] step 2100/5625 | avg train loss 3.3261 top1 0.0701 top5 0.3012
    [12:04:57] step 2125/5625 | avg train loss 3.3266 top1 0.0705 top5 0.3012
    [12:05:05] step 2150/5625 | avg train loss 3.3270 top1 0.0708 top5 0.3011
    [12:05:12] step 2175/5625 | avg train loss 3.3269 top1 0.0711 top5 0.3007
    [12:05:19] step 2200/5625 | avg train loss 3.3272 top1 0.0711 top5 0.3004
    [12:05:27] step 2225/5625 | avg train loss 3.3268 top1 0.0710 top5 0.3003
    [12:05:34] step 2250/5625 | avg train loss 3.3272 top1 0.0705 top5 0.2994
    [12:05:41] step 2275/5625 | avg train loss 3.3274 top1 0.0707 top5 0.2994
    [12:05:48] step 2300/5625 | avg train loss 3.3269 top1 0.0705 top5 0.3004
    [12:05:56] step 2325/5625 | avg train loss 3.3274 top1 0.0704 top5 0.2993
    [12:06:03] step 2350/5625 | avg train loss 3.3273 top1 0.0702 top5 0.2994
    [12:06:10] step 2375/5625 | avg train loss 3.3276 top1 0.0703 top5 0.2989
    [12:06:18] step 2400/5625 | avg train loss 3.3270 top1 0.0703 top5 0.2990
    [12:06:25] step 2425/5625 | avg train loss 3.3271 top1 0.0705 top5 0.2990
    [12:06:32] step 2450/5625 | avg train loss 3.3271 top1 0.0710 top5 0.2996
    [12:06:40] step 2475/5625 | avg train loss 3.3269 top1 0.0709 top5 0.2995
    [12:06:47] step 2500/5625 | avg train loss 3.3277 top1 0.0708 top5 0.2992
    [12:06:54] step 2525/5625 | avg train loss 3.3279 top1 0.0706 top5 0.2984
    [12:07:01] step 2550/5625 | avg train loss 3.3277 top1 0.0710 top5 0.2986
    [12:07:09] step 2575/5625 | avg train loss 3.3280 top1 0.0706 top5 0.2979
    [12:07:16] step 2600/5625 | avg train loss 3.3282 top1 0.0704 top5 0.2976
    [12:07:23] step 2625/5625 | avg train loss 3.3290 top1 0.0701 top5 0.2967
    [12:07:31] step 2650/5625 | avg train loss 3.3282 top1 0.0700 top5 0.2975
    [12:07:38] step 2675/5625 | avg train loss 3.3294 top1 0.0701 top5 0.2967
    [12:07:45] step 2700/5625 | avg train loss 3.3294 top1 0.0704 top5 0.2969
    [12:07:53] step 2725/5625 | avg train loss 3.3290 top1 0.0706 top5 0.2969
    [12:08:00] step 2750/5625 | avg train loss 3.3292 top1 0.0705 top5 0.2966
    [12:08:07] step 2775/5625 | avg train loss 3.3290 top1 0.0707 top5 0.2966
    [12:08:15] step 2800/5625 | avg train loss 3.3290 top1 0.0706 top5 0.2962
    [12:08:22] step 2825/5625 | avg train loss 3.3287 top1 0.0706 top5 0.2961
    [12:08:29] step 2850/5625 | avg train loss 3.3290 top1 0.0702 top5 0.2955
    [12:08:36] step 2875/5625 | avg train loss 3.3287 top1 0.0702 top5 0.2956
    [12:08:44] step 2900/5625 | avg train loss 3.3287 top1 0.0699 top5 0.2956
    [12:08:51] step 2925/5625 | avg train loss 3.3285 top1 0.0698 top5 0.2959
    [12:08:58] step 2950/5625 | avg train loss 3.3284 top1 0.0700 top5 0.2959
    [12:09:06] step 2975/5625 | avg train loss 3.3282 top1 0.0700 top5 0.2960
    [12:09:13] step 3000/5625 | avg train loss 3.3280 top1 0.0702 top5 0.2960
    [12:09:20] step 3025/5625 | avg train loss 3.3280 top1 0.0700 top5 0.2961
    [12:09:27] step 3050/5625 | avg train loss 3.3277 top1 0.0700 top5 0.2963
    [12:09:35] step 3075/5625 | avg train loss 3.3266 top1 0.0703 top5 0.2974
    [12:09:42] step 3100/5625 | avg train loss 3.3263 top1 0.0704 top5 0.2977
    [12:09:49] step 3125/5625 | avg train loss 3.3270 top1 0.0704 top5 0.2975
    [12:09:57] step 3150/5625 | avg train loss 3.3272 top1 0.0704 top5 0.2976
    [12:10:04] step 3175/5625 | avg train loss 3.3274 top1 0.0700 top5 0.2979
    [12:10:11] step 3200/5625 | avg train loss 3.3269 top1 0.0703 top5 0.2983
    [12:10:19] step 3225/5625 | avg train loss 3.3268 top1 0.0706 top5 0.2991
    [12:10:26] step 3250/5625 | avg train loss 3.3269 top1 0.0708 top5 0.2990
    [12:10:33] step 3275/5625 | avg train loss 3.3269 top1 0.0706 top5 0.2991
    [12:10:41] step 3300/5625 | avg train loss 3.3274 top1 0.0705 top5 0.2989
    [12:10:48] step 3325/5625 | avg train loss 3.3277 top1 0.0703 top5 0.2985
    [12:10:55] step 3350/5625 | avg train loss 3.3273 top1 0.0704 top5 0.2985
    [12:11:02] step 3375/5625 | avg train loss 3.3272 top1 0.0703 top5 0.2988
    [12:11:10] step 3400/5625 | avg train loss 3.3267 top1 0.0704 top5 0.2993
    [12:11:17] step 3425/5625 | avg train loss 3.3267 top1 0.0705 top5 0.2992
    [12:11:24] step 3450/5625 | avg train loss 3.3266 top1 0.0705 top5 0.2992
    [12:11:32] step 3475/5625 | avg train loss 3.3275 top1 0.0703 top5 0.2986
    [12:11:39] step 3500/5625 | avg train loss 3.3276 top1 0.0701 top5 0.2984
    [12:11:46] step 3525/5625 | avg train loss 3.3279 top1 0.0703 top5 0.2983
    [12:11:54] step 3550/5625 | avg train loss 3.3277 top1 0.0705 top5 0.2981
    [12:12:01] step 3575/5625 | avg train loss 3.3278 top1 0.0705 top5 0.2980
    [12:12:08] step 3600/5625 | avg train loss 3.3278 top1 0.0704 top5 0.2980
    [12:12:16] step 3625/5625 | avg train loss 3.3284 top1 0.0701 top5 0.2971
    [12:12:23] step 3650/5625 | avg train loss 3.3280 top1 0.0703 top5 0.2973
    [12:12:30] step 3675/5625 | avg train loss 3.3280 top1 0.0703 top5 0.2972
    [12:12:37] step 3700/5625 | avg train loss 3.3281 top1 0.0703 top5 0.2971
    [12:12:45] step 3725/5625 | avg train loss 3.3278 top1 0.0701 top5 0.2975
    [12:12:52] step 3750/5625 | avg train loss 3.3280 top1 0.0700 top5 0.2974
    [12:12:59] step 3775/5625 | avg train loss 3.3279 top1 0.0699 top5 0.2974
    [12:13:07] step 3800/5625 | avg train loss 3.3280 top1 0.0699 top5 0.2974
    [12:13:14] step 3825/5625 | avg train loss 3.3277 top1 0.0699 top5 0.2974
    [12:13:21] step 3850/5625 | avg train loss 3.3277 top1 0.0699 top5 0.2974
    [12:13:29] step 3875/5625 | avg train loss 3.3277 top1 0.0699 top5 0.2975
    [12:13:36] step 3900/5625 | avg train loss 3.3278 top1 0.0698 top5 0.2972
    [12:13:43] step 3925/5625 | avg train loss 3.3276 top1 0.0700 top5 0.2970
    [12:13:51] step 3950/5625 | avg train loss 3.3275 top1 0.0697 top5 0.2966
    [12:13:58] step 3975/5625 | avg train loss 3.3279 top1 0.0696 top5 0.2965
    [12:14:05] step 4000/5625 | avg train loss 3.3274 top1 0.0700 top5 0.2966
    [12:14:12] step 4025/5625 | avg train loss 3.3277 top1 0.0699 top5 0.2963
    [12:14:20] step 4050/5625 | avg train loss 3.3274 top1 0.0702 top5 0.2967
    [12:14:27] step 4075/5625 | avg train loss 3.3273 top1 0.0701 top5 0.2968
    [12:14:34] step 4100/5625 | avg train loss 3.3277 top1 0.0701 top5 0.2964
    [12:14:42] step 4125/5625 | avg train loss 3.3275 top1 0.0700 top5 0.2965
    [12:14:49] step 4150/5625 | avg train loss 3.3282 top1 0.0698 top5 0.2960
    [12:14:56] step 4175/5625 | avg train loss 3.3278 top1 0.0700 top5 0.2966
    [12:15:04] step 4200/5625 | avg train loss 3.3274 top1 0.0701 top5 0.2970
    [12:15:11] step 4225/5625 | avg train loss 3.3278 top1 0.0701 top5 0.2970
    [12:15:18] step 4250/5625 | avg train loss 3.3277 top1 0.0702 top5 0.2973
    [12:15:25] step 4275/5625 | avg train loss 3.3274 top1 0.0703 top5 0.2976
    [12:15:33] step 4300/5625 | avg train loss 3.3275 top1 0.0702 top5 0.2972
    [12:15:40] step 4325/5625 | avg train loss 3.3279 top1 0.0700 top5 0.2970
    [12:15:47] step 4350/5625 | avg train loss 3.3279 top1 0.0700 top5 0.2968
    [12:15:55] step 4375/5625 | avg train loss 3.3279 top1 0.0700 top5 0.2967
    [12:16:02] step 4400/5625 | avg train loss 3.3279 top1 0.0704 top5 0.2972
    [12:16:09] step 4425/5625 | avg train loss 3.3280 top1 0.0704 top5 0.2971
    [12:16:17] step 4450/5625 | avg train loss 3.3281 top1 0.0704 top5 0.2971
    [12:16:24] step 4475/5625 | avg train loss 3.3281 top1 0.0704 top5 0.2971
    [12:16:31] step 4500/5625 | avg train loss 3.3280 top1 0.0703 top5 0.2973
    [12:16:39] step 4525/5625 | avg train loss 3.3276 top1 0.0705 top5 0.2977
    [12:16:46] step 4550/5625 | avg train loss 3.3275 top1 0.0705 top5 0.2979
    [12:16:53] step 4575/5625 | avg train loss 3.3277 top1 0.0705 top5 0.2979
    [12:17:00] step 4600/5625 | avg train loss 3.3275 top1 0.0706 top5 0.2982
    [12:17:08] step 4625/5625 | avg train loss 3.3271 top1 0.0708 top5 0.2985
    [12:17:15] step 4650/5625 | avg train loss 3.3275 top1 0.0706 top5 0.2982
    [12:17:22] step 4675/5625 | avg train loss 3.3277 top1 0.0705 top5 0.2983
    [12:17:30] step 4700/5625 | avg train loss 3.3273 top1 0.0704 top5 0.2984
    [12:17:37] step 4725/5625 | avg train loss 3.3275 top1 0.0703 top5 0.2982
    [12:17:44] step 4750/5625 | avg train loss 3.3273 top1 0.0706 top5 0.2983
    [12:17:51] step 4775/5625 | avg train loss 3.3274 top1 0.0705 top5 0.2984
    [12:17:59] step 4800/5625 | avg train loss 3.3275 top1 0.0705 top5 0.2984
    [12:18:06] step 4825/5625 | avg train loss 3.3275 top1 0.0704 top5 0.2982
    [12:18:13] step 4850/5625 | avg train loss 3.3279 top1 0.0702 top5 0.2982
    [12:18:21] step 4875/5625 | avg train loss 3.3278 top1 0.0704 top5 0.2982
    [12:18:28] step 4900/5625 | avg train loss 3.3285 top1 0.0702 top5 0.2977
    [12:18:35] step 4925/5625 | avg train loss 3.3285 top1 0.0700 top5 0.2975
    [12:18:43] step 4950/5625 | avg train loss 3.3289 top1 0.0700 top5 0.2972
    [12:18:50] step 4975/5625 | avg train loss 3.3287 top1 0.0700 top5 0.2974
    [12:18:57] step 5000/5625 | avg train loss 3.3284 top1 0.0701 top5 0.2977
    [12:19:04] step 5025/5625 | avg train loss 3.3287 top1 0.0701 top5 0.2976
    [12:19:12] step 5050/5625 | avg train loss 3.3285 top1 0.0703 top5 0.2975
    [12:19:19] step 5075/5625 | avg train loss 3.3285 top1 0.0705 top5 0.2980
    [12:19:26] step 5100/5625 | avg train loss 3.3288 top1 0.0705 top5 0.2977
    [12:19:34] step 5125/5625 | avg train loss 3.3286 top1 0.0705 top5 0.2981
    [12:19:41] step 5150/5625 | avg train loss 3.3285 top1 0.0706 top5 0.2983
    [12:19:48] step 5175/5625 | avg train loss 3.3286 top1 0.0707 top5 0.2980
    [12:19:56] step 5200/5625 | avg train loss 3.3289 top1 0.0704 top5 0.2981
    [12:20:03] step 5225/5625 | avg train loss 3.3290 top1 0.0704 top5 0.2981
    [12:20:10] step 5250/5625 | avg train loss 3.3289 top1 0.0705 top5 0.2981
    [12:20:18] step 5275/5625 | avg train loss 3.3289 top1 0.0704 top5 0.2982
    [12:20:25] step 5300/5625 | avg train loss 3.3290 top1 0.0703 top5 0.2979
    [12:20:32] step 5325/5625 | avg train loss 3.3294 top1 0.0701 top5 0.2977
    [12:20:39] step 5350/5625 | avg train loss 3.3292 top1 0.0701 top5 0.2978
    [12:20:47] step 5375/5625 | avg train loss 3.3292 top1 0.0701 top5 0.2978
    [12:20:54] step 5400/5625 | avg train loss 3.3291 top1 0.0702 top5 0.2978
    [12:21:01] step 5425/5625 | avg train loss 3.3290 top1 0.0702 top5 0.2977
    [12:21:09] step 5450/5625 | avg train loss 3.3291 top1 0.0703 top5 0.2978
    [12:21:16] step 5475/5625 | avg train loss 3.3293 top1 0.0702 top5 0.2977
    [12:21:23] step 5500/5625 | avg train loss 3.3290 top1 0.0703 top5 0.2977
    [12:21:30] step 5525/5625 | avg train loss 3.3290 top1 0.0703 top5 0.2977
    [12:21:38] step 5550/5625 | avg train loss 3.3294 top1 0.0703 top5 0.2976
    [12:21:45] step 5575/5625 | avg train loss 3.3294 top1 0.0702 top5 0.2970
    [12:21:52] step 5600/5625 | avg train loss 3.3295 top1 0.0702 top5 0.2969
    [12:21:59] step 5625/5625 | avg train loss 3.3298 top1 0.0703 top5 0.2968
Epoch 24/50 | train loss 3.3298 top1 0.0703 | val loss 3.4375 top1 0.0532 top5 0.2347 | ema val top1 0.3712 top5 0.6758
  [head-diag] mlp_activity_ratio=94.5906, query_pairwise_cosine=0.0865
  No val top1 improvement (4/15); best remains 0.4503
    [12:24:17] step 25/5625 | avg train loss 3.3290 top1 0.0500 top5 0.2400
    [12:24:25] step 50/5625 | avg train loss 3.3064 top1 0.0600 top5 0.2625
    [12:24:32] step 75/5625 | avg train loss 3.3189 top1 0.0567 top5 0.2667
    [12:24:39] step 100/5625 | avg train loss 3.3058 top1 0.0650 top5 0.2800
    [12:24:47] step 125/5625 | avg train loss 3.3337 top1 0.0620 top5 0.2680
    [12:24:54] step 150/5625 | avg train loss 3.3362 top1 0.0583 top5 0.2683
    [12:25:01] step 175/5625 | avg train loss 3.3401 top1 0.0614 top5 0.2757
    [12:25:08] step 200/5625 | avg train loss 3.3440 top1 0.0612 top5 0.2750
    [12:25:16] step 225/5625 | avg train loss 3.3391 top1 0.0667 top5 0.2822
    [12:25:23] step 250/5625 | avg train loss 3.3355 top1 0.0730 top5 0.2865
    [12:25:30] step 275/5625 | avg train loss 3.3357 top1 0.0709 top5 0.2868
    [12:25:38] step 300/5625 | avg train loss 3.3323 top1 0.0717 top5 0.2846
    [12:25:45] step 325/5625 | avg train loss 3.3314 top1 0.0738 top5 0.2835
    [12:25:52] step 350/5625 | avg train loss 3.3332 top1 0.0743 top5 0.2825
    [12:26:00] step 375/5625 | avg train loss 3.3319 top1 0.0720 top5 0.2823
    [12:26:07] step 400/5625 | avg train loss 3.3331 top1 0.0725 top5 0.2834
    [12:26:14] step 425/5625 | avg train loss 3.3264 top1 0.0724 top5 0.2876
    [12:26:22] step 450/5625 | avg train loss 3.3264 top1 0.0717 top5 0.2900
    [12:26:29] step 475/5625 | avg train loss 3.3269 top1 0.0716 top5 0.2900
    [12:26:36] step 500/5625 | avg train loss 3.3275 top1 0.0730 top5 0.2885
    [12:26:43] step 525/5625 | avg train loss 3.3274 top1 0.0733 top5 0.2910
    [12:26:51] step 550/5625 | avg train loss 3.3255 top1 0.0741 top5 0.2918
    [12:26:58] step 575/5625 | avg train loss 3.3280 top1 0.0739 top5 0.2926
    [12:27:05] step 600/5625 | avg train loss 3.3311 top1 0.0725 top5 0.2900
    [12:27:13] step 625/5625 | avg train loss 3.3325 top1 0.0716 top5 0.2872
    [12:27:20] step 650/5625 | avg train loss 3.3315 top1 0.0723 top5 0.2896
    [12:27:27] step 675/5625 | avg train loss 3.3276 top1 0.0726 top5 0.2907
    [12:27:35] step 700/5625 | avg train loss 3.3262 top1 0.0725 top5 0.2911
    [12:27:42] step 725/5625 | avg train loss 3.3259 top1 0.0710 top5 0.2897
    [12:27:49] step 750/5625 | avg train loss 3.3246 top1 0.0697 top5 0.2907
    [12:27:56] step 775/5625 | avg train loss 3.3238 top1 0.0710 top5 0.2900
    [12:28:04] step 800/5625 | avg train loss 3.3246 top1 0.0697 top5 0.2891
    [12:28:11] step 825/5625 | avg train loss 3.3267 top1 0.0703 top5 0.2885
    [12:28:18] step 850/5625 | avg train loss 3.3287 top1 0.0706 top5 0.2879
    [12:28:26] step 875/5625 | avg train loss 3.3293 top1 0.0709 top5 0.2889
    [12:28:33] step 900/5625 | avg train loss 3.3297 top1 0.0706 top5 0.2881
    [12:28:40] step 925/5625 | avg train loss 3.3310 top1 0.0700 top5 0.2862
    [12:28:47] step 950/5625 | avg train loss 3.3310 top1 0.0708 top5 0.2850
    [12:28:55] step 975/5625 | avg train loss 3.3320 top1 0.0700 top5 0.2842
    [12:29:02] step 1000/5625 | avg train loss 3.3330 top1 0.0710 top5 0.2859
    [12:29:09] step 1025/5625 | avg train loss 3.3327 top1 0.0710 top5 0.2855
    [12:29:17] step 1050/5625 | avg train loss 3.3307 top1 0.0717 top5 0.2870
    [12:29:24] step 1075/5625 | avg train loss 3.3301 top1 0.0714 top5 0.2866
    [12:29:31] step 1100/5625 | avg train loss 3.3316 top1 0.0707 top5 0.2851
    [12:29:39] step 1125/5625 | avg train loss 3.3309 top1 0.0709 top5 0.2849
    [12:29:46] step 1150/5625 | avg train loss 3.3313 top1 0.0709 top5 0.2857
    [12:29:53] step 1175/5625 | avg train loss 3.3308 top1 0.0719 top5 0.2862
    [12:30:01] step 1200/5625 | avg train loss 3.3306 top1 0.0723 top5 0.2873
    [12:30:08] step 1225/5625 | avg train loss 3.3316 top1 0.0718 top5 0.2871
    [12:30:15] step 1250/5625 | avg train loss 3.3303 top1 0.0716 top5 0.2894
    [12:30:22] step 1275/5625 | avg train loss 3.3285 top1 0.0725 top5 0.2912
    [12:30:30] step 1300/5625 | avg train loss 3.3289 top1 0.0727 top5 0.2908
    [12:30:37] step 1325/5625 | avg train loss 3.3281 top1 0.0726 top5 0.2915
    [12:30:44] step 1350/5625 | avg train loss 3.3267 top1 0.0724 top5 0.2913
    [12:30:52] step 1375/5625 | avg train loss 3.3271 top1 0.0725 top5 0.2905
    [12:30:59] step 1400/5625 | avg train loss 3.3276 top1 0.0720 top5 0.2896
    [12:31:06] step 1425/5625 | avg train loss 3.3267 top1 0.0721 top5 0.2905
    [12:31:14] step 1450/5625 | avg train loss 3.3292 top1 0.0722 top5 0.2894
    [12:31:21] step 1475/5625 | avg train loss 3.3290 top1 0.0725 top5 0.2891
    [12:31:28] step 1500/5625 | avg train loss 3.3276 top1 0.0725 top5 0.2916
    [12:31:35] step 1525/5625 | avg train loss 3.3272 top1 0.0728 top5 0.2927
    [12:31:43] step 1550/5625 | avg train loss 3.3287 top1 0.0721 top5 0.2920
    [12:31:50] step 1575/5625 | avg train loss 3.3293 top1 0.0721 top5 0.2921
    [12:31:57] step 1600/5625 | avg train loss 3.3298 top1 0.0720 top5 0.2924
    [12:32:05] step 1625/5625 | avg train loss 3.3299 top1 0.0723 top5 0.2932
    [12:32:12] step 1650/5625 | avg train loss 3.3294 top1 0.0717 top5 0.2939
    [12:32:19] step 1675/5625 | avg train loss 3.3301 top1 0.0707 top5 0.2932
    [12:32:26] step 1700/5625 | avg train loss 3.3293 top1 0.0709 top5 0.2933
    [12:32:34] step 1725/5625 | avg train loss 3.3296 top1 0.0712 top5 0.2934
    [12:32:41] step 1750/5625 | avg train loss 3.3297 top1 0.0710 top5 0.2932
    [12:32:48] step 1775/5625 | avg train loss 3.3301 top1 0.0707 top5 0.2929
    [12:32:55] step 1800/5625 | avg train loss 3.3305 top1 0.0706 top5 0.2934
    [12:33:03] step 1825/5625 | avg train loss 3.3296 top1 0.0703 top5 0.2942
    [12:33:10] step 1850/5625 | avg train loss 3.3302 top1 0.0700 top5 0.2937
    [12:33:17] step 1875/5625 | avg train loss 3.3299 top1 0.0699 top5 0.2937
    [12:33:24] step 1900/5625 | avg train loss 3.3291 top1 0.0699 top5 0.2944
    [12:33:32] step 1925/5625 | avg train loss 3.3294 top1 0.0697 top5 0.2940
    [12:33:39] step 1950/5625 | avg train loss 3.3288 top1 0.0699 top5 0.2942
    [12:33:46] step 1975/5625 | avg train loss 3.3286 top1 0.0699 top5 0.2946
    [12:33:54] step 2000/5625 | avg train loss 3.3289 top1 0.0695 top5 0.2942
    [12:34:01] step 2025/5625 | avg train loss 3.3287 top1 0.0694 top5 0.2943
    [12:34:08] step 2050/5625 | avg train loss 3.3290 top1 0.0691 top5 0.2946
    [12:34:16] step 2075/5625 | avg train loss 3.3293 top1 0.0686 top5 0.2951
    [12:34:23] step 2100/5625 | avg train loss 3.3293 top1 0.0686 top5 0.2954
    [12:34:30] step 2125/5625 | avg train loss 3.3300 top1 0.0682 top5 0.2946
    [12:34:37] step 2150/5625 | avg train loss 3.3290 top1 0.0686 top5 0.2960
    [12:34:45] step 2175/5625 | avg train loss 3.3296 top1 0.0680 top5 0.2944
    [12:34:52] step 2200/5625 | avg train loss 3.3303 top1 0.0676 top5 0.2940
    [12:34:59] step 2225/5625 | avg train loss 3.3306 top1 0.0675 top5 0.2935
    [12:35:07] step 2250/5625 | avg train loss 3.3316 top1 0.0672 top5 0.2929
    [12:35:14] step 2275/5625 | avg train loss 3.3329 top1 0.0669 top5 0.2920
    [12:35:21] step 2300/5625 | avg train loss 3.3332 top1 0.0668 top5 0.2916
    [12:35:29] step 2325/5625 | avg train loss 3.3335 top1 0.0664 top5 0.2907
    [12:35:36] step 2350/5625 | avg train loss 3.3332 top1 0.0661 top5 0.2910
    [12:35:43] step 2375/5625 | avg train loss 3.3336 top1 0.0662 top5 0.2906
    [12:35:50] step 2400/5625 | avg train loss 3.3334 top1 0.0666 top5 0.2909
    [12:35:58] step 2425/5625 | avg train loss 3.3336 top1 0.0664 top5 0.2905
    [12:36:05] step 2450/5625 | avg train loss 3.3328 top1 0.0671 top5 0.2914
    [12:36:12] step 2475/5625 | avg train loss 3.3319 top1 0.0670 top5 0.2915
    [12:36:20] step 2500/5625 | avg train loss 3.3322 top1 0.0669 top5 0.2913
    [12:36:27] step 2525/5625 | avg train loss 3.3326 top1 0.0669 top5 0.2911
    [12:36:34] step 2550/5625 | avg train loss 3.3320 top1 0.0673 top5 0.2916
    [12:36:41] step 2575/5625 | avg train loss 3.3321 top1 0.0670 top5 0.2910
    [12:36:49] step 2600/5625 | avg train loss 3.3314 top1 0.0670 top5 0.2916
    [12:36:56] step 2625/5625 | avg train loss 3.3301 top1 0.0672 top5 0.2925
    [12:37:03] step 2650/5625 | avg train loss 3.3300 top1 0.0673 top5 0.2927
    [12:37:11] step 2675/5625 | avg train loss 3.3301 top1 0.0675 top5 0.2922
    [12:37:18] step 2700/5625 | avg train loss 3.3295 top1 0.0679 top5 0.2925
    [12:37:25] step 2725/5625 | avg train loss 3.3292 top1 0.0684 top5 0.2932
    [12:37:33] step 2750/5625 | avg train loss 3.3287 top1 0.0683 top5 0.2930
    [12:37:40] step 2775/5625 | avg train loss 3.3287 top1 0.0686 top5 0.2936
    [12:37:47] step 2800/5625 | avg train loss 3.3283 top1 0.0689 top5 0.2938
    [12:37:54] step 2825/5625 | avg train loss 3.3284 top1 0.0691 top5 0.2936
    [12:38:02] step 2850/5625 | avg train loss 3.3291 top1 0.0688 top5 0.2933
    [12:38:09] step 2875/5625 | avg train loss 3.3298 top1 0.0688 top5 0.2927
    [12:38:16] step 2900/5625 | avg train loss 3.3295 top1 0.0688 top5 0.2929
    [12:38:23] step 2925/5625 | avg train loss 3.3298 top1 0.0687 top5 0.2926
    [12:38:31] step 2950/5625 | avg train loss 3.3297 top1 0.0688 top5 0.2929
    [12:38:38] step 2975/5625 | avg train loss 3.3300 top1 0.0687 top5 0.2931
    [12:38:45] step 3000/5625 | avg train loss 3.3302 top1 0.0689 top5 0.2930
    [12:38:53] step 3025/5625 | avg train loss 3.3292 top1 0.0695 top5 0.2942
    [12:39:00] step 3050/5625 | avg train loss 3.3292 top1 0.0696 top5 0.2941
    [12:39:07] step 3075/5625 | avg train loss 3.3288 top1 0.0696 top5 0.2943
    [12:39:15] step 3100/5625 | avg train loss 3.3287 top1 0.0694 top5 0.2940
    [12:39:22] step 3125/5625 | avg train loss 3.3285 top1 0.0692 top5 0.2942
    [12:39:29] step 3150/5625 | avg train loss 3.3284 top1 0.0690 top5 0.2941
    [12:39:37] step 3175/5625 | avg train loss 3.3282 top1 0.0689 top5 0.2939
    [12:39:44] step 3200/5625 | avg train loss 3.3278 top1 0.0689 top5 0.2945
    [12:39:51] step 3225/5625 | avg train loss 3.3277 top1 0.0690 top5 0.2945
    [12:39:58] step 3250/5625 | avg train loss 3.3287 top1 0.0685 top5 0.2937
    [12:40:06] step 3275/5625 | avg train loss 3.3286 top1 0.0687 top5 0.2941
    [12:40:13] step 3300/5625 | avg train loss 3.3279 top1 0.0688 top5 0.2946
    [12:40:20] step 3325/5625 | avg train loss 3.3281 top1 0.0687 top5 0.2945
    [12:40:28] step 3350/5625 | avg train loss 3.3282 top1 0.0688 top5 0.2947
    [12:40:35] step 3375/5625 | avg train loss 3.3287 top1 0.0687 top5 0.2944
    [12:40:42] step 3400/5625 | avg train loss 3.3287 top1 0.0686 top5 0.2942
    [12:40:49] step 3425/5625 | avg train loss 3.3286 top1 0.0686 top5 0.2947
    [12:40:57] step 3450/5625 | avg train loss 3.3285 top1 0.0684 top5 0.2949
    [12:41:04] step 3475/5625 | avg train loss 3.3282 top1 0.0682 top5 0.2947
    [12:41:11] step 3500/5625 | avg train loss 3.3283 top1 0.0682 top5 0.2954
    [12:41:19] step 3525/5625 | avg train loss 3.3286 top1 0.0681 top5 0.2950
    [12:41:26] step 3550/5625 | avg train loss 3.3290 top1 0.0681 top5 0.2947
    [12:41:33] step 3575/5625 | avg train loss 3.3292 top1 0.0682 top5 0.2948
    [12:41:40] step 3600/5625 | avg train loss 3.3293 top1 0.0681 top5 0.2948
    [12:41:48] step 3625/5625 | avg train loss 3.3296 top1 0.0680 top5 0.2946
    [12:41:55] step 3650/5625 | avg train loss 3.3294 top1 0.0677 top5 0.2942
    [12:42:02] step 3675/5625 | avg train loss 3.3287 top1 0.0682 top5 0.2944
    [12:42:09] step 3700/5625 | avg train loss 3.3286 top1 0.0680 top5 0.2945
    [12:42:17] step 3725/5625 | avg train loss 3.3287 top1 0.0678 top5 0.2945
    [12:42:24] step 3750/5625 | avg train loss 3.3289 top1 0.0679 top5 0.2943
    [12:42:31] step 3775/5625 | avg train loss 3.3291 top1 0.0681 top5 0.2943
    [12:42:39] step 3800/5625 | avg train loss 3.3290 top1 0.0680 top5 0.2945
    [12:42:46] step 3825/5625 | avg train loss 3.3291 top1 0.0678 top5 0.2944
    [12:42:53] step 3850/5625 | avg train loss 3.3296 top1 0.0675 top5 0.2938
    [12:43:01] step 3875/5625 | avg train loss 3.3297 top1 0.0673 top5 0.2939
    [12:43:08] step 3900/5625 | avg train loss 3.3296 top1 0.0674 top5 0.2939
    [12:43:15] step 3925/5625 | avg train loss 3.3297 top1 0.0673 top5 0.2938
    [12:43:22] step 3950/5625 | avg train loss 3.3295 top1 0.0670 top5 0.2940
    [12:43:30] step 3975/5625 | avg train loss 3.3304 top1 0.0669 top5 0.2937
    [12:43:37] step 4000/5625 | avg train loss 3.3304 top1 0.0668 top5 0.2934
    [12:43:44] step 4025/5625 | avg train loss 3.3306 top1 0.0667 top5 0.2932
    [12:43:52] step 4050/5625 | avg train loss 3.3305 top1 0.0667 top5 0.2933
    [12:43:59] step 4075/5625 | avg train loss 3.3309 top1 0.0667 top5 0.2929
    [12:44:06] step 4100/5625 | avg train loss 3.3308 top1 0.0666 top5 0.2927
    [12:44:14] step 4125/5625 | avg train loss 3.3306 top1 0.0666 top5 0.2931
    [12:44:21] step 4150/5625 | avg train loss 3.3307 top1 0.0667 top5 0.2931
    [12:44:28] step 4175/5625 | avg train loss 3.3306 top1 0.0668 top5 0.2933
    [12:44:35] step 4200/5625 | avg train loss 3.3298 top1 0.0669 top5 0.2939
    [12:44:43] step 4225/5625 | avg train loss 3.3300 top1 0.0668 top5 0.2941
    [12:44:50] step 4250/5625 | avg train loss 3.3297 top1 0.0669 top5 0.2942
    [12:44:57] step 4275/5625 | avg train loss 3.3296 top1 0.0670 top5 0.2943
    [12:45:04] step 4300/5625 | avg train loss 3.3297 top1 0.0672 top5 0.2942
    [12:45:12] step 4325/5625 | avg train loss 3.3294 top1 0.0675 top5 0.2944
    [12:45:19] step 4350/5625 | avg train loss 3.3295 top1 0.0673 top5 0.2945
    [12:45:26] step 4375/5625 | avg train loss 3.3296 top1 0.0672 top5 0.2946
    [12:45:34] step 4400/5625 | avg train loss 3.3296 top1 0.0672 top5 0.2947
    [12:45:41] step 4425/5625 | avg train loss 3.3294 top1 0.0675 top5 0.2951
    [12:45:48] step 4450/5625 | avg train loss 3.3291 top1 0.0676 top5 0.2958
    [12:45:56] step 4475/5625 | avg train loss 3.3291 top1 0.0676 top5 0.2957
    [12:46:03] step 4500/5625 | avg train loss 3.3292 top1 0.0677 top5 0.2956
    [12:46:10] step 4525/5625 | avg train loss 3.3295 top1 0.0678 top5 0.2956
    [12:46:18] step 4550/5625 | avg train loss 3.3298 top1 0.0678 top5 0.2956
    [12:46:25] step 4575/5625 | avg train loss 3.3294 top1 0.0678 top5 0.2960
    [12:46:32] step 4600/5625 | avg train loss 3.3293 top1 0.0677 top5 0.2959
    [12:46:39] step 4625/5625 | avg train loss 3.3291 top1 0.0680 top5 0.2961
    [12:46:47] step 4650/5625 | avg train loss 3.3286 top1 0.0679 top5 0.2966
    [12:46:54] step 4675/5625 | avg train loss 3.3287 top1 0.0680 top5 0.2967
    [12:47:01] step 4700/5625 | avg train loss 3.3287 top1 0.0682 top5 0.2966
    [12:47:09] step 4725/5625 | avg train loss 3.3289 top1 0.0681 top5 0.2967
    [12:47:16] step 4750/5625 | avg train loss 3.3292 top1 0.0681 top5 0.2965
    [12:47:23] step 4775/5625 | avg train loss 3.3290 top1 0.0682 top5 0.2968
    [12:47:30] step 4800/5625 | avg train loss 3.3290 top1 0.0683 top5 0.2968
    [12:47:38] step 4825/5625 | avg train loss 3.3293 top1 0.0684 top5 0.2965
    [12:47:45] step 4850/5625 | avg train loss 3.3289 top1 0.0686 top5 0.2970
    [12:47:52] step 4875/5625 | avg train loss 3.3286 top1 0.0686 top5 0.2972
    [12:48:00] step 4900/5625 | avg train loss 3.3286 top1 0.0686 top5 0.2971
    [12:48:07] step 4925/5625 | avg train loss 3.3287 top1 0.0686 top5 0.2971
    [12:48:14] step 4950/5625 | avg train loss 3.3286 top1 0.0687 top5 0.2970
    [12:48:22] step 4975/5625 | avg train loss 3.3281 top1 0.0685 top5 0.2973
    [12:48:29] step 5000/5625 | avg train loss 3.3279 top1 0.0685 top5 0.2975
    [12:48:36] step 5025/5625 | avg train loss 3.3277 top1 0.0685 top5 0.2976
    [12:48:44] step 5050/5625 | avg train loss 3.3276 top1 0.0685 top5 0.2977
    [12:48:51] step 5075/5625 | avg train loss 3.3272 top1 0.0686 top5 0.2980
    [12:48:58] step 5100/5625 | avg train loss 3.3272 top1 0.0685 top5 0.2978
    [12:49:05] step 5125/5625 | avg train loss 3.3273 top1 0.0684 top5 0.2977
    [12:49:13] step 5150/5625 | avg train loss 3.3276 top1 0.0684 top5 0.2975
    [12:49:20] step 5175/5625 | avg train loss 3.3279 top1 0.0684 top5 0.2973
    [12:49:27] step 5200/5625 | avg train loss 3.3279 top1 0.0683 top5 0.2971
    [12:49:35] step 5225/5625 | avg train loss 3.3280 top1 0.0683 top5 0.2967
    [12:49:42] step 5250/5625 | avg train loss 3.3277 top1 0.0684 top5 0.2971
    [12:49:49] step 5275/5625 | avg train loss 3.3274 top1 0.0684 top5 0.2972
    [12:49:56] step 5300/5625 | avg train loss 3.3272 top1 0.0684 top5 0.2972
    [12:50:04] step 5325/5625 | avg train loss 3.3274 top1 0.0683 top5 0.2967
    [12:50:11] step 5350/5625 | avg train loss 3.3274 top1 0.0683 top5 0.2967
    [12:50:18] step 5375/5625 | avg train loss 3.3273 top1 0.0684 top5 0.2970
    [12:50:26] step 5400/5625 | avg train loss 3.3272 top1 0.0684 top5 0.2972
    [12:50:33] step 5425/5625 | avg train loss 3.3267 top1 0.0686 top5 0.2977
    [12:50:40] step 5450/5625 | avg train loss 3.3274 top1 0.0686 top5 0.2973
    [12:50:47] step 5475/5625 | avg train loss 3.3271 top1 0.0685 top5 0.2975
    [12:50:55] step 5500/5625 | avg train loss 3.3268 top1 0.0683 top5 0.2975
    [12:51:02] step 5525/5625 | avg train loss 3.3266 top1 0.0683 top5 0.2975
    [12:51:09] step 5550/5625 | avg train loss 3.3261 top1 0.0683 top5 0.2980
    [12:51:17] step 5575/5625 | avg train loss 3.3266 top1 0.0682 top5 0.2977
    [12:51:24] step 5600/5625 | avg train loss 3.3266 top1 0.0682 top5 0.2976
    [12:51:31] step 5625/5625 | avg train loss 3.3262 top1 0.0683 top5 0.2977
Epoch 25/50 | train loss 3.3262 top1 0.0683 | val loss 3.4494 top1 0.0618 top5 0.2347 | ema val top1 0.3070 top5 0.5810
  [head-diag] mlp_activity_ratio=97.5551, query_pairwise_cosine=0.0844
  No val top1 improvement (5/15); best remains 0.4503
    [12:53:49] step 25/5625 | avg train loss 3.2683 top1 0.0600 top5 0.3600
    [12:53:56] step 50/5625 | avg train loss 3.2921 top1 0.0675 top5 0.3075
    [12:54:04] step 75/5625 | avg train loss 3.3056 top1 0.0583 top5 0.3000
    [12:54:11] step 100/5625 | avg train loss 3.3102 top1 0.0638 top5 0.3088
    [12:54:18] step 125/5625 | avg train loss 3.2957 top1 0.0750 top5 0.3190
    [12:54:25] step 150/5625 | avg train loss 3.3153 top1 0.0725 top5 0.3208
    [12:54:33] step 175/5625 | avg train loss 3.3110 top1 0.0807 top5 0.3236
    [12:54:40] step 200/5625 | avg train loss 3.3185 top1 0.0769 top5 0.3044
    [12:54:47] step 225/5625 | avg train loss 3.3205 top1 0.0739 top5 0.3028
    [12:54:55] step 250/5625 | avg train loss 3.3255 top1 0.0745 top5 0.3005
    [12:55:02] step 275/5625 | avg train loss 3.3316 top1 0.0750 top5 0.2968
    [12:55:09] step 300/5625 | avg train loss 3.3371 top1 0.0712 top5 0.2938
    [12:55:17] step 325/5625 | avg train loss 3.3363 top1 0.0742 top5 0.2981
    [12:55:24] step 350/5625 | avg train loss 3.3327 top1 0.0761 top5 0.3011
    [12:55:31] step 375/5625 | avg train loss 3.3363 top1 0.0763 top5 0.2997
    [12:55:39] step 400/5625 | avg train loss 3.3355 top1 0.0766 top5 0.2997
    [12:55:46] step 425/5625 | avg train loss 3.3362 top1 0.0774 top5 0.2979
    [12:55:53] step 450/5625 | avg train loss 3.3348 top1 0.0769 top5 0.2992
    [12:56:00] step 475/5625 | avg train loss 3.3329 top1 0.0745 top5 0.3008
    [12:56:08] step 500/5625 | avg train loss 3.3325 top1 0.0742 top5 0.3003
    [12:56:15] step 525/5625 | avg train loss 3.3313 top1 0.0760 top5 0.3040
    [12:56:22] step 550/5625 | avg train loss 3.3305 top1 0.0766 top5 0.3052
    [12:56:29] step 575/5625 | avg train loss 3.3309 top1 0.0780 top5 0.3067
    [12:56:37] step 600/5625 | avg train loss 3.3300 top1 0.0785 top5 0.3073
    [12:56:44] step 625/5625 | avg train loss 3.3321 top1 0.0782 top5 0.3058
    [12:56:51] step 650/5625 | avg train loss 3.3320 top1 0.0794 top5 0.3071
    [12:56:59] step 675/5625 | avg train loss 3.3320 top1 0.0802 top5 0.3061
    [12:57:06] step 700/5625 | avg train loss 3.3322 top1 0.0805 top5 0.3066
    [12:57:13] step 725/5625 | avg train loss 3.3326 top1 0.0798 top5 0.3062
    [12:57:20] step 750/5625 | avg train loss 3.3327 top1 0.0795 top5 0.3060
    [12:57:28] step 775/5625 | avg train loss 3.3345 top1 0.0795 top5 0.3029
    [12:57:35] step 800/5625 | avg train loss 3.3352 top1 0.0783 top5 0.3003
    [12:57:42] step 825/5625 | avg train loss 3.3374 top1 0.0774 top5 0.2985
    [12:57:50] step 850/5625 | avg train loss 3.3357 top1 0.0784 top5 0.2997
    [12:57:57] step 875/5625 | avg train loss 3.3341 top1 0.0779 top5 0.3014
    [12:58:04] step 900/5625 | avg train loss 3.3336 top1 0.0771 top5 0.3031
    [12:58:12] step 925/5625 | avg train loss 3.3342 top1 0.0769 top5 0.3024
    [12:58:19] step 950/5625 | avg train loss 3.3323 top1 0.0767 top5 0.3034
    [12:58:26] step 975/5625 | avg train loss 3.3327 top1 0.0758 top5 0.3008
    [12:58:34] step 1000/5625 | avg train loss 3.3319 top1 0.0759 top5 0.3003
    [12:58:41] step 1025/5625 | avg train loss 3.3313 top1 0.0760 top5 0.3000
    [12:58:48] step 1050/5625 | avg train loss 3.3304 top1 0.0756 top5 0.3005
    [12:58:55] step 1075/5625 | avg train loss 3.3313 top1 0.0755 top5 0.2991
    [12:59:03] step 1100/5625 | avg train loss 3.3313 top1 0.0753 top5 0.2989
    [12:59:10] step 1125/5625 | avg train loss 3.3335 top1 0.0750 top5 0.2978
    [12:59:17] step 1150/5625 | avg train loss 3.3348 top1 0.0751 top5 0.2978
    [12:59:25] step 1175/5625 | avg train loss 3.3362 top1 0.0744 top5 0.2962
    [12:59:32] step 1200/5625 | avg train loss 3.3366 top1 0.0747 top5 0.2954
    [12:59:39] step 1225/5625 | avg train loss 3.3370 top1 0.0746 top5 0.2949
    [12:59:46] step 1250/5625 | avg train loss 3.3379 top1 0.0745 top5 0.2940
    [12:59:54] step 1275/5625 | avg train loss 3.3392 top1 0.0739 top5 0.2918
    [13:00:01] step 1300/5625 | avg train loss 3.3389 top1 0.0738 top5 0.2923
    [13:00:08] step 1325/5625 | avg train loss 3.3383 top1 0.0740 top5 0.2919
    [13:00:15] step 1350/5625 | avg train loss 3.3388 top1 0.0733 top5 0.2915
    [13:00:23] step 1375/5625 | avg train loss 3.3375 top1 0.0744 top5 0.2925
    [13:00:30] step 1400/5625 | avg train loss 3.3373 top1 0.0743 top5 0.2927
    [13:00:37] step 1425/5625 | avg train loss 3.3364 top1 0.0733 top5 0.2930
    [13:00:45] step 1450/5625 | avg train loss 3.3374 top1 0.0733 top5 0.2934
    [13:00:52] step 1475/5625 | avg train loss 3.3375 top1 0.0727 top5 0.2931
    [13:00:59] step 1500/5625 | avg train loss 3.3368 top1 0.0732 top5 0.2940
    [13:01:07] step 1525/5625 | avg train loss 3.3359 top1 0.0731 top5 0.2939
    [13:01:14] step 1550/5625 | avg train loss 3.3347 top1 0.0729 top5 0.2947
    [13:01:21] step 1575/5625 | avg train loss 3.3338 top1 0.0729 top5 0.2949
    [13:01:28] step 1600/5625 | avg train loss 3.3333 top1 0.0736 top5 0.2955
    [13:01:36] step 1625/5625 | avg train loss 3.3337 top1 0.0732 top5 0.2954
    [13:01:43] step 1650/5625 | avg train loss 3.3343 top1 0.0729 top5 0.2952
    [13:01:50] step 1675/5625 | avg train loss 3.3343 top1 0.0728 top5 0.2955
    [13:01:58] step 1700/5625 | avg train loss 3.3340 top1 0.0724 top5 0.2956
    [13:02:05] step 1725/5625 | avg train loss 3.3344 top1 0.0729 top5 0.2959
    [13:02:12] step 1750/5625 | avg train loss 3.3348 top1 0.0729 top5 0.2951
    [13:02:20] step 1775/5625 | avg train loss 3.3354 top1 0.0730 top5 0.2951
    [13:02:27] step 1800/5625 | avg train loss 3.3366 top1 0.0733 top5 0.2950
    [13:02:34] step 1825/5625 | avg train loss 3.3375 top1 0.0730 top5 0.2947
    [13:02:41] step 1850/5625 | avg train loss 3.3379 top1 0.0735 top5 0.2949
    [13:02:48] step 1875/5625 | avg train loss 3.3370 top1 0.0745 top5 0.2956
    [13:02:56] step 1900/5625 | avg train loss 3.3363 top1 0.0754 top5 0.2966
    [13:03:03] step 1925/5625 | avg train loss 3.3369 top1 0.0749 top5 0.2961
    [13:03:10] step 1950/5625 | avg train loss 3.3367 top1 0.0749 top5 0.2962
    [13:03:18] step 1975/5625 | avg train loss 3.3374 top1 0.0744 top5 0.2961
    [13:03:25] step 2000/5625 | avg train loss 3.3367 top1 0.0742 top5 0.2959
    [13:03:32] step 2025/5625 | avg train loss 3.3369 top1 0.0743 top5 0.2952
    [13:03:39] step 2050/5625 | avg train loss 3.3355 top1 0.0748 top5 0.2963
    [13:03:47] step 2075/5625 | avg train loss 3.3374 top1 0.0743 top5 0.2955
    [13:03:54] step 2100/5625 | avg train loss 3.3370 top1 0.0740 top5 0.2963
    [13:04:01] step 2125/5625 | avg train loss 3.3364 top1 0.0739 top5 0.2964
    [13:04:09] step 2150/5625 | avg train loss 3.3364 top1 0.0736 top5 0.2965
    [13:04:16] step 2175/5625 | avg train loss 3.3371 top1 0.0733 top5 0.2957
    [13:04:23] step 2200/5625 | avg train loss 3.3362 top1 0.0736 top5 0.2959
    [13:04:30] step 2225/5625 | avg train loss 3.3368 top1 0.0735 top5 0.2953
    [13:04:38] step 2250/5625 | avg train loss 3.3364 top1 0.0738 top5 0.2958
    [13:04:45] step 2275/5625 | avg train loss 3.3355 top1 0.0743 top5 0.2966
    [13:04:52] step 2300/5625 | avg train loss 3.3356 top1 0.0740 top5 0.2961
    [13:05:00] step 2325/5625 | avg train loss 3.3355 top1 0.0744 top5 0.2960
    [13:05:07] step 2350/5625 | avg train loss 3.3354 top1 0.0741 top5 0.2956
    [13:05:14] step 2375/5625 | avg train loss 3.3353 top1 0.0740 top5 0.2958
    [13:05:21] step 2400/5625 | avg train loss 3.3355 top1 0.0742 top5 0.2955
    [13:05:29] step 2425/5625 | avg train loss 3.3349 top1 0.0740 top5 0.2959
    [13:05:36] step 2450/5625 | avg train loss 3.3352 top1 0.0740 top5 0.2953
    [13:05:43] step 2475/5625 | avg train loss 3.3349 top1 0.0738 top5 0.2956
    [13:05:51] step 2500/5625 | avg train loss 3.3341 top1 0.0737 top5 0.2960
    [13:05:58] step 2525/5625 | avg train loss 3.3342 top1 0.0738 top5 0.2961
    [13:06:05] step 2550/5625 | avg train loss 3.3351 top1 0.0734 top5 0.2957
    [13:06:12] step 2575/5625 | avg train loss 3.3359 top1 0.0729 top5 0.2950
    [13:06:20] step 2600/5625 | avg train loss 3.3352 top1 0.0731 top5 0.2960
    [13:06:27] step 2625/5625 | avg train loss 3.3346 top1 0.0732 top5 0.2964
    [13:06:34] step 2650/5625 | avg train loss 3.3338 top1 0.0732 top5 0.2971
    [13:06:42] step 2675/5625 | avg train loss 3.3344 top1 0.0728 top5 0.2968
    [13:06:49] step 2700/5625 | avg train loss 3.3342 top1 0.0728 top5 0.2972
    [13:06:56] step 2725/5625 | avg train loss 3.3343 top1 0.0730 top5 0.2971
    [13:07:04] step 2750/5625 | avg train loss 3.3344 top1 0.0727 top5 0.2966
    [13:07:11] step 2775/5625 | avg train loss 3.3347 top1 0.0725 top5 0.2965
    [13:07:18] step 2800/5625 | avg train loss 3.3344 top1 0.0721 top5 0.2963
    [13:07:25] step 2825/5625 | avg train loss 3.3340 top1 0.0719 top5 0.2960
    [13:07:33] step 2850/5625 | avg train loss 3.3344 top1 0.0718 top5 0.2957
    [13:07:40] step 2875/5625 | avg train loss 3.3338 top1 0.0716 top5 0.2960
    [13:07:47] step 2900/5625 | avg train loss 3.3332 top1 0.0719 top5 0.2960
    [13:07:54] step 2925/5625 | avg train loss 3.3327 top1 0.0724 top5 0.2963
    [13:08:02] step 2950/5625 | avg train loss 3.3327 top1 0.0723 top5 0.2957
    [13:08:09] step 2975/5625 | avg train loss 3.3333 top1 0.0720 top5 0.2962
    [13:08:16] step 3000/5625 | avg train loss 3.3328 top1 0.0720 top5 0.2965
    [13:08:24] step 3025/5625 | avg train loss 3.3333 top1 0.0722 top5 0.2963
    [13:08:31] step 3050/5625 | avg train loss 3.3329 top1 0.0722 top5 0.2966
    [13:08:38] step 3075/5625 | avg train loss 3.3326 top1 0.0720 top5 0.2966
    [13:08:46] step 3100/5625 | avg train loss 3.3330 top1 0.0723 top5 0.2965
    [13:08:53] step 3125/5625 | avg train loss 3.3327 top1 0.0718 top5 0.2962
    [13:09:00] step 3150/5625 | avg train loss 3.3325 top1 0.0717 top5 0.2964
    [13:09:07] step 3175/5625 | avg train loss 3.3327 top1 0.0715 top5 0.2966
    [13:09:15] step 3200/5625 | avg train loss 3.3324 top1 0.0717 top5 0.2968
    [13:09:22] step 3225/5625 | avg train loss 3.3330 top1 0.0716 top5 0.2962
    [13:09:29] step 3250/5625 | avg train loss 3.3328 top1 0.0720 top5 0.2962
    [13:09:37] step 3275/5625 | avg train loss 3.3328 top1 0.0721 top5 0.2961
    [13:09:44] step 3300/5625 | avg train loss 3.3328 top1 0.0719 top5 0.2961
    [13:09:51] step 3325/5625 | avg train loss 3.3331 top1 0.0720 top5 0.2958
    [13:09:58] step 3350/5625 | avg train loss 3.3327 top1 0.0721 top5 0.2962
    [13:10:06] step 3375/5625 | avg train loss 3.3335 top1 0.0719 top5 0.2957
    [13:10:13] step 3400/5625 | avg train loss 3.3334 top1 0.0718 top5 0.2958
    [13:10:20] step 3425/5625 | avg train loss 3.3334 top1 0.0720 top5 0.2960
    [13:10:28] step 3450/5625 | avg train loss 3.3335 top1 0.0719 top5 0.2960
    [13:10:35] step 3475/5625 | avg train loss 3.3334 top1 0.0719 top5 0.2959
    [13:10:42] step 3500/5625 | avg train loss 3.3333 top1 0.0721 top5 0.2962
    [13:10:50] step 3525/5625 | avg train loss 3.3333 top1 0.0723 top5 0.2958
    [13:10:57] step 3550/5625 | avg train loss 3.3333 top1 0.0725 top5 0.2959
    [13:11:04] step 3575/5625 | avg train loss 3.3334 top1 0.0722 top5 0.2956
    [13:11:12] step 3600/5625 | avg train loss 3.3334 top1 0.0724 top5 0.2959
    [13:11:19] step 3625/5625 | avg train loss 3.3335 top1 0.0721 top5 0.2960
    [13:11:26] step 3650/5625 | avg train loss 3.3338 top1 0.0718 top5 0.2957
    [13:11:33] step 3675/5625 | avg train loss 3.3334 top1 0.0720 top5 0.2960
    [13:11:41] step 3700/5625 | avg train loss 3.3331 top1 0.0720 top5 0.2960
    [13:11:48] step 3725/5625 | avg train loss 3.3328 top1 0.0719 top5 0.2964
    [13:11:55] step 3750/5625 | avg train loss 3.3326 top1 0.0717 top5 0.2961
    [13:12:02] step 3775/5625 | avg train loss 3.3328 top1 0.0716 top5 0.2962
    [13:12:10] step 3800/5625 | avg train loss 3.3330 top1 0.0715 top5 0.2958
    [13:12:17] step 3825/5625 | avg train loss 3.3331 top1 0.0714 top5 0.2954
    [13:12:24] step 3850/5625 | avg train loss 3.3332 top1 0.0714 top5 0.2953
    [13:12:32] step 3875/5625 | avg train loss 3.3334 top1 0.0714 top5 0.2956
    [13:12:39] step 3900/5625 | avg train loss 3.3335 top1 0.0715 top5 0.2955
    [13:12:46] step 3925/5625 | avg train loss 3.3335 top1 0.0718 top5 0.2957
    [13:12:53] step 3950/5625 | avg train loss 3.3335 top1 0.0718 top5 0.2959
    [13:13:01] step 3975/5625 | avg train loss 3.3335 top1 0.0716 top5 0.2959
    [13:13:08] step 4000/5625 | avg train loss 3.3331 top1 0.0717 top5 0.2960
    [13:13:15] step 4025/5625 | avg train loss 3.3329 top1 0.0718 top5 0.2963
    [13:13:23] step 4050/5625 | avg train loss 3.3329 top1 0.0719 top5 0.2963
    [13:13:30] step 4075/5625 | avg train loss 3.3329 top1 0.0717 top5 0.2964
    [13:13:37] step 4100/5625 | avg train loss 3.3330 top1 0.0717 top5 0.2962
    [13:13:44] step 4125/5625 | avg train loss 3.3330 top1 0.0715 top5 0.2962
    [13:13:52] step 4150/5625 | avg train loss 3.3328 top1 0.0716 top5 0.2964
    [13:13:59] step 4175/5625 | avg train loss 3.3325 top1 0.0716 top5 0.2966
    [13:14:06] step 4200/5625 | avg train loss 3.3324 top1 0.0717 top5 0.2964
    [13:14:14] step 4225/5625 | avg train loss 3.3325 top1 0.0718 top5 0.2965
    [13:14:21] step 4250/5625 | avg train loss 3.3323 top1 0.0720 top5 0.2965
    [13:14:28] step 4275/5625 | avg train loss 3.3317 top1 0.0722 top5 0.2969
    [13:14:35] step 4300/5625 | avg train loss 3.3316 top1 0.0721 top5 0.2970
    [13:14:43] step 4325/5625 | avg train loss 3.3318 top1 0.0721 top5 0.2968
    [13:14:50] step 4350/5625 | avg train loss 3.3313 top1 0.0724 top5 0.2972
    [13:14:57] step 4375/5625 | avg train loss 3.3314 top1 0.0723 top5 0.2970
    [13:15:05] step 4400/5625 | avg train loss 3.3313 top1 0.0722 top5 0.2970
    [13:15:12] step 4425/5625 | avg train loss 3.3309 top1 0.0720 top5 0.2974
    [13:15:19] step 4450/5625 | avg train loss 3.3309 top1 0.0719 top5 0.2972
    [13:15:27] step 4475/5625 | avg train loss 3.3314 top1 0.0718 top5 0.2969
    [13:15:34] step 4500/5625 | avg train loss 3.3315 top1 0.0718 top5 0.2970
    [13:15:41] step 4525/5625 | avg train loss 3.3311 top1 0.0719 top5 0.2972
    [13:15:49] step 4550/5625 | avg train loss 3.3313 top1 0.0718 top5 0.2970
    [13:15:56] step 4575/5625 | avg train loss 3.3310 top1 0.0717 top5 0.2973
    [13:16:03] step 4600/5625 | avg train loss 3.3308 top1 0.0718 top5 0.2971
    [13:16:10] step 4625/5625 | avg train loss 3.3308 top1 0.0718 top5 0.2974
    [13:16:18] step 4650/5625 | avg train loss 3.3304 top1 0.0719 top5 0.2976
    [13:16:25] step 4675/5625 | avg train loss 3.3304 top1 0.0719 top5 0.2975
    [13:16:32] step 4700/5625 | avg train loss 3.3306 top1 0.0716 top5 0.2970
    [13:16:40] step 4725/5625 | avg train loss 3.3309 top1 0.0715 top5 0.2970
    [13:16:47] step 4750/5625 | avg train loss 3.3308 top1 0.0715 top5 0.2972
    [13:16:54] step 4775/5625 | avg train loss 3.3300 top1 0.0715 top5 0.2975
    [13:17:01] step 4800/5625 | avg train loss 3.3297 top1 0.0715 top5 0.2977
    [13:17:09] step 4825/5625 | avg train loss 3.3300 top1 0.0715 top5 0.2974
    [13:17:16] step 4850/5625 | avg train loss 3.3301 top1 0.0716 top5 0.2974
    [13:17:23] step 4875/5625 | avg train loss 3.3302 top1 0.0715 top5 0.2975
    [13:17:31] step 4900/5625 | avg train loss 3.3300 top1 0.0716 top5 0.2980
    [13:17:38] step 4925/5625 | avg train loss 3.3301 top1 0.0714 top5 0.2978
    [13:17:45] step 4950/5625 | avg train loss 3.3302 top1 0.0714 top5 0.2976
    [13:17:52] step 4975/5625 | avg train loss 3.3302 top1 0.0714 top5 0.2976
    [13:18:00] step 5000/5625 | avg train loss 3.3296 top1 0.0715 top5 0.2979
    [13:18:07] step 5025/5625 | avg train loss 3.3299 top1 0.0714 top5 0.2978
    [13:18:14] step 5050/5625 | avg train loss 3.3304 top1 0.0713 top5 0.2973
    [13:18:22] step 5075/5625 | avg train loss 3.3304 top1 0.0712 top5 0.2972
    [13:18:29] step 5100/5625 | avg train loss 3.3301 top1 0.0714 top5 0.2976
    [13:18:36] step 5125/5625 | avg train loss 3.3304 top1 0.0713 top5 0.2976
    [13:18:43] step 5150/5625 | avg train loss 3.3303 top1 0.0714 top5 0.2978
    [13:18:51] step 5175/5625 | avg train loss 3.3304 top1 0.0714 top5 0.2976
    [13:18:58] step 5200/5625 | avg train loss 3.3304 top1 0.0712 top5 0.2973
    [13:19:05] step 5225/5625 | avg train loss 3.3304 top1 0.0712 top5 0.2972
    [13:19:12] step 5250/5625 | avg train loss 3.3304 top1 0.0712 top5 0.2971
    [13:19:20] step 5275/5625 | avg train loss 3.3307 top1 0.0709 top5 0.2966
    [13:19:27] step 5300/5625 | avg train loss 3.3306 top1 0.0710 top5 0.2966
    [13:19:34] step 5325/5625 | avg train loss 3.3304 top1 0.0711 top5 0.2968
    [13:19:42] step 5350/5625 | avg train loss 3.3303 top1 0.0713 top5 0.2971
    [13:19:49] step 5375/5625 | avg train loss 3.3304 top1 0.0712 top5 0.2971
    [13:19:56] step 5400/5625 | avg train loss 3.3298 top1 0.0713 top5 0.2976
    [13:20:03] step 5425/5625 | avg train loss 3.3296 top1 0.0713 top5 0.2976
    [13:20:11] step 5450/5625 | avg train loss 3.3297 top1 0.0712 top5 0.2974
    [13:20:18] step 5475/5625 | avg train loss 3.3298 top1 0.0712 top5 0.2973
    [13:20:25] step 5500/5625 | avg train loss 3.3298 top1 0.0711 top5 0.2975
    [13:20:33] step 5525/5625 | avg train loss 3.3298 top1 0.0712 top5 0.2973
    [13:20:40] step 5550/5625 | avg train loss 3.3295 top1 0.0711 top5 0.2971
    [13:20:47] step 5575/5625 | avg train loss 3.3293 top1 0.0712 top5 0.2973
    [13:20:55] step 5600/5625 | avg train loss 3.3290 top1 0.0710 top5 0.2976
    [13:21:02] step 5625/5625 | avg train loss 3.3293 top1 0.0707 top5 0.2974
Epoch 26/50 | train loss 3.3293 top1 0.0707 | val loss 3.4690 top1 0.0532 top5 0.2187 | ema val top1 0.2108 top5 0.4477
  [head-diag] mlp_activity_ratio=88.8401, query_pairwise_cosine=0.0852
  No val top1 improvement (6/15); best remains 0.4503
    [13:23:20] step 25/5625 | avg train loss 3.2825 top1 0.0500 top5 0.3350
    [13:23:27] step 50/5625 | avg train loss 3.3074 top1 0.0425 top5 0.3200
    [13:23:34] step 75/5625 | avg train loss 3.2954 top1 0.0583 top5 0.2950
    [13:23:42] step 100/5625 | avg train loss 3.3002 top1 0.0612 top5 0.2938
    [13:23:49] step 125/5625 | avg train loss 3.3158 top1 0.0550 top5 0.2870
    [13:23:56] step 150/5625 | avg train loss 3.3110 top1 0.0592 top5 0.3025
    [13:24:03] step 175/5625 | avg train loss 3.3226 top1 0.0550 top5 0.2964
    [13:24:11] step 200/5625 | avg train loss 3.3267 top1 0.0556 top5 0.2969
    [13:24:18] step 225/5625 | avg train loss 3.3219 top1 0.0583 top5 0.2983
    [13:24:25] step 250/5625 | avg train loss 3.3328 top1 0.0565 top5 0.2895
    [13:24:33] step 275/5625 | avg train loss 3.3294 top1 0.0550 top5 0.2905
    [13:24:40] step 300/5625 | avg train loss 3.3230 top1 0.0542 top5 0.2938
    [13:24:47] step 325/5625 | avg train loss 3.3329 top1 0.0538 top5 0.2873
    [13:24:55] step 350/5625 | avg train loss 3.3321 top1 0.0571 top5 0.2861
    [13:25:02] step 375/5625 | avg train loss 3.3341 top1 0.0560 top5 0.2863
    [13:25:09] step 400/5625 | avg train loss 3.3308 top1 0.0587 top5 0.2891
    [13:25:17] step 425/5625 | avg train loss 3.3274 top1 0.0600 top5 0.2915
    [13:25:24] step 450/5625 | avg train loss 3.3286 top1 0.0594 top5 0.2908
    [13:25:31] step 475/5625 | avg train loss 3.3292 top1 0.0589 top5 0.2908
    [13:25:38] step 500/5625 | avg train loss 3.3275 top1 0.0600 top5 0.2933
    [13:25:46] step 525/5625 | avg train loss 3.3261 top1 0.0629 top5 0.2955
    [13:25:53] step 550/5625 | avg train loss 3.3285 top1 0.0614 top5 0.2916
    [13:26:00] step 575/5625 | avg train loss 3.3260 top1 0.0617 top5 0.2911
    [13:26:08] step 600/5625 | avg train loss 3.3276 top1 0.0617 top5 0.2906
    [13:26:15] step 625/5625 | avg train loss 3.3286 top1 0.0628 top5 0.2890
    [13:26:22] step 650/5625 | avg train loss 3.3326 top1 0.0623 top5 0.2894
    [13:26:30] step 675/5625 | avg train loss 3.3331 top1 0.0626 top5 0.2891
    [13:26:37] step 700/5625 | avg train loss 3.3362 top1 0.0621 top5 0.2879
    [13:26:44] step 725/5625 | avg train loss 3.3353 top1 0.0617 top5 0.2879
    [13:26:52] step 750/5625 | avg train loss 3.3340 top1 0.0623 top5 0.2887
    [13:26:59] step 775/5625 | avg train loss 3.3329 top1 0.0616 top5 0.2910
    [13:27:06] step 800/5625 | avg train loss 3.3329 top1 0.0622 top5 0.2895
    [13:27:14] step 825/5625 | avg train loss 3.3329 top1 0.0636 top5 0.2898
    [13:27:21] step 850/5625 | avg train loss 3.3331 top1 0.0632 top5 0.2891
    [13:27:28] step 875/5625 | avg train loss 3.3342 top1 0.0626 top5 0.2867
    [13:27:35] step 900/5625 | avg train loss 3.3335 top1 0.0628 top5 0.2872
    [13:27:43] step 925/5625 | avg train loss 3.3329 top1 0.0624 top5 0.2881
    [13:27:50] step 950/5625 | avg train loss 3.3331 top1 0.0629 top5 0.2884
    [13:27:57] step 975/5625 | avg train loss 3.3341 top1 0.0626 top5 0.2878
    [13:28:05] step 1000/5625 | avg train loss 3.3347 top1 0.0620 top5 0.2866
    [13:28:12] step 1025/5625 | avg train loss 3.3348 top1 0.0622 top5 0.2863
    [13:28:19] step 1050/5625 | avg train loss 3.3339 top1 0.0619 top5 0.2871
    [13:28:26] step 1075/5625 | avg train loss 3.3364 top1 0.0623 top5 0.2858
    [13:28:34] step 1100/5625 | avg train loss 3.3361 top1 0.0623 top5 0.2852
    [13:28:41] step 1125/5625 | avg train loss 3.3380 top1 0.0622 top5 0.2838
    [13:28:48] step 1150/5625 | avg train loss 3.3372 top1 0.0635 top5 0.2839
    [13:28:56] step 1175/5625 | avg train loss 3.3361 top1 0.0636 top5 0.2839
    [13:29:03] step 1200/5625 | avg train loss 3.3357 top1 0.0635 top5 0.2841
    [13:29:10] step 1225/5625 | avg train loss 3.3353 top1 0.0641 top5 0.2861
    [13:29:17] step 1250/5625 | avg train loss 3.3340 top1 0.0638 top5 0.2876
    [13:29:25] step 1275/5625 | avg train loss 3.3324 top1 0.0645 top5 0.2884
    [13:29:32] step 1300/5625 | avg train loss 3.3322 top1 0.0642 top5 0.2881
    [13:29:39] step 1325/5625 | avg train loss 3.3334 top1 0.0645 top5 0.2874
    [13:29:46] step 1350/5625 | avg train loss 3.3335 top1 0.0641 top5 0.2872
    [13:29:54] step 1375/5625 | avg train loss 3.3339 top1 0.0647 top5 0.2875
    [13:30:01] step 1400/5625 | avg train loss 3.3343 top1 0.0646 top5 0.2874
    [13:30:08] step 1425/5625 | avg train loss 3.3349 top1 0.0642 top5 0.2873
    [13:30:16] step 1450/5625 | avg train loss 3.3337 top1 0.0643 top5 0.2878
    [13:30:23] step 1475/5625 | avg train loss 3.3342 top1 0.0642 top5 0.2880
    [13:30:30] step 1500/5625 | avg train loss 3.3354 top1 0.0638 top5 0.2872
    [13:30:38] step 1525/5625 | avg train loss 3.3351 top1 0.0646 top5 0.2869
    [13:30:45] step 1550/5625 | avg train loss 3.3350 top1 0.0644 top5 0.2868
    [13:30:52] step 1575/5625 | avg train loss 3.3342 top1 0.0649 top5 0.2884
    [13:30:59] step 1600/5625 | avg train loss 3.3330 top1 0.0656 top5 0.2895
    [13:31:07] step 1625/5625 | avg train loss 3.3318 top1 0.0665 top5 0.2903
    [13:31:14] step 1650/5625 | avg train loss 3.3318 top1 0.0665 top5 0.2903
    [13:31:21] step 1675/5625 | avg train loss 3.3318 top1 0.0666 top5 0.2904
    [13:31:29] step 1700/5625 | avg train loss 3.3321 top1 0.0665 top5 0.2909
    [13:31:36] step 1725/5625 | avg train loss 3.3323 top1 0.0661 top5 0.2904
    [13:31:43] step 1750/5625 | avg train loss 3.3321 top1 0.0670 top5 0.2910
    [13:31:50] step 1775/5625 | avg train loss 3.3325 top1 0.0673 top5 0.2913
    [13:31:58] step 1800/5625 | avg train loss 3.3331 top1 0.0675 top5 0.2913
    [13:32:05] step 1825/5625 | avg train loss 3.3323 top1 0.0682 top5 0.2916
    [13:32:12] step 1850/5625 | avg train loss 3.3319 top1 0.0682 top5 0.2920
    [13:32:20] step 1875/5625 | avg train loss 3.3313 top1 0.0681 top5 0.2925
    [13:32:27] step 1900/5625 | avg train loss 3.3317 top1 0.0680 top5 0.2923
    [13:32:34] step 1925/5625 | avg train loss 3.3324 top1 0.0679 top5 0.2919
    [13:32:42] step 1950/5625 | avg train loss 3.3327 top1 0.0674 top5 0.2917
    [13:32:49] step 1975/5625 | avg train loss 3.3316 top1 0.0672 top5 0.2930
    [13:32:56] step 2000/5625 | avg train loss 3.3314 top1 0.0675 top5 0.2938
    [13:33:04] step 2025/5625 | avg train loss 3.3310 top1 0.0677 top5 0.2939
    [13:33:11] step 2050/5625 | avg train loss 3.3313 top1 0.0673 top5 0.2937
    [13:33:18] step 2075/5625 | avg train loss 3.3304 top1 0.0677 top5 0.2936
    [13:33:25] step 2100/5625 | avg train loss 3.3312 top1 0.0675 top5 0.2926
    [13:33:33] step 2125/5625 | avg train loss 3.3310 top1 0.0674 top5 0.2925
    [13:33:40] step 2150/5625 | avg train loss 3.3312 top1 0.0677 top5 0.2926
    [13:33:47] step 2175/5625 | avg train loss 3.3315 top1 0.0672 top5 0.2930
    [13:33:55] step 2200/5625 | avg train loss 3.3323 top1 0.0675 top5 0.2924
    [13:34:02] step 2225/5625 | avg train loss 3.3319 top1 0.0675 top5 0.2930
    [13:34:09] step 2250/5625 | avg train loss 3.3321 top1 0.0674 top5 0.2927
    [13:34:16] step 2275/5625 | avg train loss 3.3323 top1 0.0671 top5 0.2922
    [13:34:24] step 2300/5625 | avg train loss 3.3322 top1 0.0674 top5 0.2924
    [13:34:31] step 2325/5625 | avg train loss 3.3329 top1 0.0671 top5 0.2920
    [13:34:38] step 2350/5625 | avg train loss 3.3330 top1 0.0674 top5 0.2923
    [13:34:46] step 2375/5625 | avg train loss 3.3327 top1 0.0677 top5 0.2928
    [13:34:53] step 2400/5625 | avg train loss 3.3327 top1 0.0678 top5 0.2924
    [13:35:00] step 2425/5625 | avg train loss 3.3330 top1 0.0678 top5 0.2923
    [13:35:08] step 2450/5625 | avg train loss 3.3334 top1 0.0677 top5 0.2912
    [13:35:15] step 2475/5625 | avg train loss 3.3331 top1 0.0677 top5 0.2906
    [13:35:22] step 2500/5625 | avg train loss 3.3338 top1 0.0677 top5 0.2903
    [13:35:30] step 2525/5625 | avg train loss 3.3335 top1 0.0678 top5 0.2901
    [13:35:37] step 2550/5625 | avg train loss 3.3337 top1 0.0680 top5 0.2904
    [13:35:44] step 2575/5625 | avg train loss 3.3333 top1 0.0681 top5 0.2903
    [13:35:51] step 2600/5625 | avg train loss 3.3327 top1 0.0683 top5 0.2911
    [13:35:59] step 2625/5625 | avg train loss 3.3337 top1 0.0680 top5 0.2901
    [13:36:06] step 2650/5625 | avg train loss 3.3341 top1 0.0679 top5 0.2900
    [13:36:13] step 2675/5625 | avg train loss 3.3343 top1 0.0682 top5 0.2901
    [13:36:21] step 2700/5625 | avg train loss 3.3338 top1 0.0678 top5 0.2905
    [13:36:28] step 2725/5625 | avg train loss 3.3340 top1 0.0679 top5 0.2900
    [13:36:35] step 2750/5625 | avg train loss 3.3345 top1 0.0677 top5 0.2900
    [13:36:42] step 2775/5625 | avg train loss 3.3349 top1 0.0677 top5 0.2898
    [13:36:50] step 2800/5625 | avg train loss 3.3349 top1 0.0675 top5 0.2897
    [13:36:57] step 2825/5625 | avg train loss 3.3350 top1 0.0675 top5 0.2899
    [13:37:04] step 2850/5625 | avg train loss 3.3348 top1 0.0673 top5 0.2900
    [13:37:12] step 2875/5625 | avg train loss 3.3349 top1 0.0677 top5 0.2900
    [13:37:19] step 2900/5625 | avg train loss 3.3344 top1 0.0679 top5 0.2906
    [13:37:26] step 2925/5625 | avg train loss 3.3339 top1 0.0680 top5 0.2912
    [13:37:33] step 2950/5625 | avg train loss 3.3340 top1 0.0685 top5 0.2914
    [13:37:41] step 2975/5625 | avg train loss 3.3337 top1 0.0688 top5 0.2923
    [13:37:48] step 3000/5625 | avg train loss 3.3342 top1 0.0687 top5 0.2920
    [13:37:55] step 3025/5625 | avg train loss 3.3338 top1 0.0688 top5 0.2927
    [13:38:03] step 3050/5625 | avg train loss 3.3342 top1 0.0688 top5 0.2923
    [13:38:10] step 3075/5625 | avg train loss 3.3340 top1 0.0689 top5 0.2926
    [13:38:17] step 3100/5625 | avg train loss 3.3344 top1 0.0688 top5 0.2921
    [13:38:25] step 3125/5625 | avg train loss 3.3346 top1 0.0686 top5 0.2921
    [13:38:32] step 3150/5625 | avg train loss 3.3345 top1 0.0685 top5 0.2920
    [13:38:39] step 3175/5625 | avg train loss 3.3349 top1 0.0684 top5 0.2919
    [13:38:46] step 3200/5625 | avg train loss 3.3349 top1 0.0685 top5 0.2921
    [13:38:54] step 3225/5625 | avg train loss 3.3350 top1 0.0686 top5 0.2920
    [13:39:01] step 3250/5625 | avg train loss 3.3348 top1 0.0685 top5 0.2920
    [13:39:08] step 3275/5625 | avg train loss 3.3345 top1 0.0688 top5 0.2923
    [13:39:16] step 3300/5625 | avg train loss 3.3347 top1 0.0686 top5 0.2924
    [13:39:23] step 3325/5625 | avg train loss 3.3344 top1 0.0690 top5 0.2927
    [13:39:30] step 3350/5625 | avg train loss 3.3342 top1 0.0690 top5 0.2925
    [13:39:38] step 3375/5625 | avg train loss 3.3342 top1 0.0689 top5 0.2926
    [13:39:45] step 3400/5625 | avg train loss 3.3343 top1 0.0690 top5 0.2927
    [13:39:52] step 3425/5625 | avg train loss 3.3346 top1 0.0691 top5 0.2925
    [13:39:59] step 3450/5625 | avg train loss 3.3345 top1 0.0691 top5 0.2921
    [13:40:07] step 3475/5625 | avg train loss 3.3347 top1 0.0691 top5 0.2919
    [13:40:14] step 3500/5625 | avg train loss 3.3345 top1 0.0692 top5 0.2923
    [13:40:21] step 3525/5625 | avg train loss 3.3345 top1 0.0692 top5 0.2923
    [13:40:29] step 3550/5625 | avg train loss 3.3341 top1 0.0691 top5 0.2926
    [13:40:36] step 3575/5625 | avg train loss 3.3339 top1 0.0693 top5 0.2928
    [13:40:43] step 3600/5625 | avg train loss 3.3339 top1 0.0694 top5 0.2932
    [13:40:50] step 3625/5625 | avg train loss 3.3336 top1 0.0693 top5 0.2930
    [13:40:58] step 3650/5625 | avg train loss 3.3338 top1 0.0692 top5 0.2928
    [13:41:05] step 3675/5625 | avg train loss 3.3332 top1 0.0692 top5 0.2932
    [13:41:12] step 3700/5625 | avg train loss 3.3335 top1 0.0691 top5 0.2930
    [13:41:20] step 3725/5625 | avg train loss 3.3336 top1 0.0691 top5 0.2930
    [13:41:27] step 3750/5625 | avg train loss 3.3333 top1 0.0691 top5 0.2927
    [13:41:34] step 3775/5625 | avg train loss 3.3328 top1 0.0692 top5 0.2931
    [13:41:42] step 3800/5625 | avg train loss 3.3327 top1 0.0692 top5 0.2931
    [13:41:49] step 3825/5625 | avg train loss 3.3325 top1 0.0693 top5 0.2933
    [13:41:56] step 3850/5625 | avg train loss 3.3324 top1 0.0693 top5 0.2934
    [13:42:03] step 3875/5625 | avg train loss 3.3323 top1 0.0695 top5 0.2936
    [13:42:11] step 3900/5625 | avg train loss 3.3322 top1 0.0698 top5 0.2939
    [13:42:18] step 3925/5625 | avg train loss 3.3323 top1 0.0699 top5 0.2937
    [13:42:25] step 3950/5625 | avg train loss 3.3322 top1 0.0697 top5 0.2933
    [13:42:33] step 3975/5625 | avg train loss 3.3320 top1 0.0697 top5 0.2935
    [13:42:40] step 4000/5625 | avg train loss 3.3320 top1 0.0698 top5 0.2938
    [13:42:47] step 4025/5625 | avg train loss 3.3313 top1 0.0700 top5 0.2945
    [13:42:55] step 4050/5625 | avg train loss 3.3312 top1 0.0700 top5 0.2947
    [13:43:02] step 4075/5625 | avg train loss 3.3314 top1 0.0701 top5 0.2945
    [13:43:09] step 4100/5625 | avg train loss 3.3312 top1 0.0700 top5 0.2945
    [13:43:17] step 4125/5625 | avg train loss 3.3317 top1 0.0699 top5 0.2942
    [13:43:24] step 4150/5625 | avg train loss 3.3315 top1 0.0701 top5 0.2947
    [13:43:31] step 4175/5625 | avg train loss 3.3315 top1 0.0701 top5 0.2949
    [13:43:38] step 4200/5625 | avg train loss 3.3317 top1 0.0699 top5 0.2946
    [13:43:46] step 4225/5625 | avg train loss 3.3317 top1 0.0700 top5 0.2952
    [13:43:53] step 4250/5625 | avg train loss 3.3314 top1 0.0701 top5 0.2953
    [13:44:00] step 4275/5625 | avg train loss 3.3317 top1 0.0697 top5 0.2950
    [13:44:08] step 4300/5625 | avg train loss 3.3321 top1 0.0695 top5 0.2949
    [13:44:15] step 4325/5625 | avg train loss 3.3320 top1 0.0695 top5 0.2950
    [13:44:22] step 4350/5625 | avg train loss 3.3320 top1 0.0699 top5 0.2952
    [13:44:29] step 4375/5625 | avg train loss 3.3319 top1 0.0698 top5 0.2949
    [13:44:37] step 4400/5625 | avg train loss 3.3322 top1 0.0696 top5 0.2948
    [13:44:44] step 4425/5625 | avg train loss 3.3325 top1 0.0695 top5 0.2944
    [13:44:51] step 4450/5625 | avg train loss 3.3326 top1 0.0694 top5 0.2942
    [13:44:59] step 4475/5625 | avg train loss 3.3326 top1 0.0694 top5 0.2944
    [13:45:06] step 4500/5625 | avg train loss 3.3323 top1 0.0693 top5 0.2946
    [13:45:13] step 4525/5625 | avg train loss 3.3322 top1 0.0695 top5 0.2943
    [13:45:21] step 4550/5625 | avg train loss 3.3316 top1 0.0697 top5 0.2948
    [13:45:28] step 4575/5625 | avg train loss 3.3316 top1 0.0696 top5 0.2948
    [13:45:35] step 4600/5625 | avg train loss 3.3314 top1 0.0697 top5 0.2952
    [13:45:42] step 4625/5625 | avg train loss 3.3312 top1 0.0699 top5 0.2954
    [13:45:50] step 4650/5625 | avg train loss 3.3315 top1 0.0699 top5 0.2954
    [13:45:57] step 4675/5625 | avg train loss 3.3309 top1 0.0700 top5 0.2957
    [13:46:04] step 4700/5625 | avg train loss 3.3308 top1 0.0702 top5 0.2956
    [13:46:12] step 4725/5625 | avg train loss 3.3304 top1 0.0705 top5 0.2959
    [13:46:19] step 4750/5625 | avg train loss 3.3302 top1 0.0704 top5 0.2960
    [13:46:26] step 4775/5625 | avg train loss 3.3301 top1 0.0707 top5 0.2965
    [13:46:34] step 4800/5625 | avg train loss 3.3304 top1 0.0706 top5 0.2963
    [13:46:41] step 4825/5625 | avg train loss 3.3309 top1 0.0706 top5 0.2959
    [13:46:48] step 4850/5625 | avg train loss 3.3308 top1 0.0704 top5 0.2956
    [13:46:55] step 4875/5625 | avg train loss 3.3305 top1 0.0705 top5 0.2957
    [13:47:03] step 4900/5625 | avg train loss 3.3305 top1 0.0704 top5 0.2956
    [13:47:10] step 4925/5625 | avg train loss 3.3302 top1 0.0703 top5 0.2958
    [13:47:17] step 4950/5625 | avg train loss 3.3300 top1 0.0703 top5 0.2958
    [13:47:25] step 4975/5625 | avg train loss 3.3301 top1 0.0702 top5 0.2954
    [13:47:32] step 5000/5625 | avg train loss 3.3303 top1 0.0700 top5 0.2949
    [13:47:39] step 5025/5625 | avg train loss 3.3300 top1 0.0702 top5 0.2950
    [13:47:47] step 5050/5625 | avg train loss 3.3299 top1 0.0702 top5 0.2949
    [13:47:54] step 5075/5625 | avg train loss 3.3302 top1 0.0702 top5 0.2948
    [13:48:01] step 5100/5625 | avg train loss 3.3301 top1 0.0702 top5 0.2949
    [13:48:08] step 5125/5625 | avg train loss 3.3305 top1 0.0701 top5 0.2947
    [13:48:16] step 5150/5625 | avg train loss 3.3304 top1 0.0703 top5 0.2948
    [13:48:23] step 5175/5625 | avg train loss 3.3306 top1 0.0702 top5 0.2946
    [13:48:30] step 5200/5625 | avg train loss 3.3308 top1 0.0702 top5 0.2944
    [13:48:37] step 5225/5625 | avg train loss 3.3311 top1 0.0703 top5 0.2942
    [13:48:45] step 5250/5625 | avg train loss 3.3309 top1 0.0702 top5 0.2940
    [13:48:52] step 5275/5625 | avg train loss 3.3308 top1 0.0702 top5 0.2941
    [13:48:59] step 5300/5625 | avg train loss 3.3306 top1 0.0703 top5 0.2940
    [13:49:06] step 5325/5625 | avg train loss 3.3305 top1 0.0704 top5 0.2938
    [13:49:14] step 5350/5625 | avg train loss 3.3305 top1 0.0704 top5 0.2938
    [13:49:21] step 5375/5625 | avg train loss 3.3305 top1 0.0706 top5 0.2938
    [13:49:28] step 5400/5625 | avg train loss 3.3304 top1 0.0706 top5 0.2939
    [13:49:36] step 5425/5625 | avg train loss 3.3304 top1 0.0707 top5 0.2937
    [13:49:43] step 5450/5625 | avg train loss 3.3305 top1 0.0708 top5 0.2936
    [13:49:50] step 5475/5625 | avg train loss 3.3306 top1 0.0709 top5 0.2937
    [13:49:58] step 5500/5625 | avg train loss 3.3304 top1 0.0710 top5 0.2939
    [13:50:05] step 5525/5625 | avg train loss 3.3304 top1 0.0710 top5 0.2938
    [13:50:12] step 5550/5625 | avg train loss 3.3306 top1 0.0711 top5 0.2937
    [13:50:20] step 5575/5625 | avg train loss 3.3305 top1 0.0710 top5 0.2937
    [13:50:27] step 5600/5625 | avg train loss 3.3307 top1 0.0710 top5 0.2935
    [13:50:34] step 5625/5625 | avg train loss 3.3306 top1 0.0708 top5 0.2934
Epoch 27/50 | train loss 3.3306 top1 0.0708 | val loss 3.4380 top1 0.0532 top5 0.2347 | ema val top1 0.1265 top5 0.3514
  [head-diag] mlp_activity_ratio=100.5513, query_pairwise_cosine=0.0851
  No val top1 improvement (7/15); best remains 0.4503
    [13:52:53] step 25/5625 | avg train loss 3.3287 top1 0.0300 top5 0.3600
    [13:53:00] step 50/5625 | avg train loss 3.3696 top1 0.0450 top5 0.3150
    [13:53:07] step 75/5625 | avg train loss 3.3440 top1 0.0667 top5 0.3400
    [13:53:15] step 100/5625 | avg train loss 3.3397 top1 0.0675 top5 0.3425
    [13:53:22] step 125/5625 | avg train loss 3.3256 top1 0.0640 top5 0.3460
    [13:53:30] step 150/5625 | avg train loss 3.3257 top1 0.0633 top5 0.3333
    [13:53:37] step 175/5625 | avg train loss 3.3280 top1 0.0671 top5 0.3243
    [13:53:45] step 200/5625 | avg train loss 3.3277 top1 0.0650 top5 0.3175
    [13:53:52] step 225/5625 | avg train loss 3.3252 top1 0.0611 top5 0.3167
    [13:53:59] step 250/5625 | avg train loss 3.3237 top1 0.0660 top5 0.3140
    [13:54:07] step 275/5625 | avg train loss 3.3201 top1 0.0682 top5 0.3127
    [13:54:14] step 300/5625 | avg train loss 3.3118 top1 0.0683 top5 0.3208
    [13:54:21] step 325/5625 | avg train loss 3.3107 top1 0.0677 top5 0.3208
    [13:54:29] step 350/5625 | avg train loss 3.3150 top1 0.0657 top5 0.3171
    [13:54:36] step 375/5625 | avg train loss 3.3222 top1 0.0673 top5 0.3140
    [13:54:44] step 400/5625 | avg train loss 3.3200 top1 0.0669 top5 0.3125
    [13:54:51] step 425/5625 | avg train loss 3.3204 top1 0.0682 top5 0.3124
    [13:54:58] step 450/5625 | avg train loss 3.3258 top1 0.0678 top5 0.3089
    [13:55:06] step 475/5625 | avg train loss 3.3199 top1 0.0674 top5 0.3100
    [13:55:13] step 500/5625 | avg train loss 3.3202 top1 0.0670 top5 0.3075
    [13:55:21] step 525/5625 | avg train loss 3.3214 top1 0.0681 top5 0.3090
    [13:55:28] step 550/5625 | avg train loss 3.3233 top1 0.0677 top5 0.3059
    [13:55:35] step 575/5625 | avg train loss 3.3208 top1 0.0674 top5 0.3065
    [13:55:43] step 600/5625 | avg train loss 3.3202 top1 0.0679 top5 0.3063
    [13:55:50] step 625/5625 | avg train loss 3.3198 top1 0.0688 top5 0.3056
    [13:55:57] step 650/5625 | avg train loss 3.3197 top1 0.0704 top5 0.3058
    [13:56:05] step 675/5625 | avg train loss 3.3213 top1 0.0696 top5 0.3030
    [13:56:12] step 700/5625 | avg train loss 3.3223 top1 0.0704 top5 0.3025
    [13:56:20] step 725/5625 | avg train loss 3.3245 top1 0.0703 top5 0.3017
    [13:56:27] step 750/5625 | avg train loss 3.3260 top1 0.0703 top5 0.2983
    [13:56:34] step 775/5625 | avg train loss 3.3246 top1 0.0706 top5 0.2984
    [13:56:42] step 800/5625 | avg train loss 3.3236 top1 0.0703 top5 0.2988
    [13:56:49] step 825/5625 | avg train loss 3.3234 top1 0.0706 top5 0.2979
    [13:56:56] step 850/5625 | avg train loss 3.3261 top1 0.0700 top5 0.2968
    [13:57:04] step 875/5625 | avg train loss 3.3281 top1 0.0691 top5 0.2957
    [13:57:11] step 900/5625 | avg train loss 3.3284 top1 0.0703 top5 0.2953
    [13:57:19] step 925/5625 | avg train loss 3.3270 top1 0.0703 top5 0.2970
    [13:57:26] step 950/5625 | avg train loss 3.3260 top1 0.0718 top5 0.2984
    [13:57:33] step 975/5625 | avg train loss 3.3258 top1 0.0721 top5 0.2986
    [13:57:41] step 1000/5625 | avg train loss 3.3249 top1 0.0720 top5 0.2979
    [13:57:48] step 1025/5625 | avg train loss 3.3242 top1 0.0717 top5 0.2978
    [13:57:56] step 1050/5625 | avg train loss 3.3247 top1 0.0714 top5 0.2985
    [13:58:03] step 1075/5625 | avg train loss 3.3244 top1 0.0721 top5 0.2992
    [13:58:10] step 1100/5625 | avg train loss 3.3237 top1 0.0720 top5 0.2992
    [13:58:18] step 1125/5625 | avg train loss 3.3253 top1 0.0727 top5 0.2977
    [13:58:25] step 1150/5625 | avg train loss 3.3253 top1 0.0726 top5 0.2971
    [13:58:33] step 1175/5625 | avg train loss 3.3256 top1 0.0719 top5 0.2968
    [13:58:40] step 1200/5625 | avg train loss 3.3241 top1 0.0723 top5 0.2983
    [13:58:47] step 1225/5625 | avg train loss 3.3243 top1 0.0716 top5 0.2965
    [13:58:55] step 1250/5625 | avg train loss 3.3230 top1 0.0720 top5 0.2970
    [13:59:02] step 1275/5625 | avg train loss 3.3238 top1 0.0720 top5 0.2963
    [13:59:09] step 1300/5625 | avg train loss 3.3243 top1 0.0710 top5 0.2965
    [13:59:17] step 1325/5625 | avg train loss 3.3246 top1 0.0708 top5 0.2947
    [13:59:24] step 1350/5625 | avg train loss 3.3243 top1 0.0709 top5 0.2952
    [13:59:32] step 1375/5625 | avg train loss 3.3252 top1 0.0705 top5 0.2942
    [13:59:39] step 1400/5625 | avg train loss 3.3247 top1 0.0711 top5 0.2952
    [13:59:46] step 1425/5625 | avg train loss 3.3262 top1 0.0711 top5 0.2937
    [13:59:54] step 1450/5625 | avg train loss 3.3256 top1 0.0702 top5 0.2936
    [14:00:01] step 1475/5625 | avg train loss 3.3253 top1 0.0695 top5 0.2946
    [14:00:09] step 1500/5625 | avg train loss 3.3249 top1 0.0695 top5 0.2948
    [14:00:16] step 1525/5625 | avg train loss 3.3246 top1 0.0697 top5 0.2952
    [14:00:23] step 1550/5625 | avg train loss 3.3235 top1 0.0700 top5 0.2968
    [14:00:31] step 1575/5625 | avg train loss 3.3241 top1 0.0700 top5 0.2965
    [14:00:38] step 1600/5625 | avg train loss 3.3257 top1 0.0700 top5 0.2953
    [14:00:46] step 1625/5625 | avg train loss 3.3267 top1 0.0695 top5 0.2955
    [14:00:53] step 1650/5625 | avg train loss 3.3246 top1 0.0695 top5 0.2971
    [14:01:00] step 1675/5625 | avg train loss 3.3253 top1 0.0697 top5 0.2975
    [14:01:08] step 1700/5625 | avg train loss 3.3248 top1 0.0706 top5 0.2972
    [14:01:15] step 1725/5625 | avg train loss 3.3251 top1 0.0703 top5 0.2972
    [14:01:22] step 1750/5625 | avg train loss 3.3250 top1 0.0706 top5 0.2973
    [14:01:30] step 1775/5625 | avg train loss 3.3243 top1 0.0707 top5 0.2970
    [14:01:37] step 1800/5625 | avg train loss 3.3235 top1 0.0706 top5 0.2976
    [14:01:45] step 1825/5625 | avg train loss 3.3229 top1 0.0707 top5 0.2976
    [14:01:52] step 1850/5625 | avg train loss 3.3228 top1 0.0705 top5 0.2972
    [14:01:59] step 1875/5625 | avg train loss 3.3243 top1 0.0699 top5 0.2954
    [14:02:07] step 1900/5625 | avg train loss 3.3237 top1 0.0701 top5 0.2957
    [14:02:14] step 1925/5625 | avg train loss 3.3229 top1 0.0712 top5 0.2967
    [14:02:22] step 1950/5625 | avg train loss 3.3221 top1 0.0717 top5 0.2976
    [14:02:29] step 1975/5625 | avg train loss 3.3225 top1 0.0714 top5 0.2974
    [14:02:37] step 2000/5625 | avg train loss 3.3232 top1 0.0712 top5 0.2968
    [14:02:44] step 2025/5625 | avg train loss 3.3237 top1 0.0710 top5 0.2967
    [14:02:51] step 2050/5625 | avg train loss 3.3241 top1 0.0711 top5 0.2968
    [14:02:59] step 2075/5625 | avg train loss 3.3242 top1 0.0708 top5 0.2972
    [14:03:06] step 2100/5625 | avg train loss 3.3238 top1 0.0713 top5 0.2976
    [14:03:13] step 2125/5625 | avg train loss 3.3234 top1 0.0716 top5 0.2976
    [14:03:21] step 2150/5625 | avg train loss 3.3239 top1 0.0714 top5 0.2973
    [14:03:28] step 2175/5625 | avg train loss 3.3248 top1 0.0714 top5 0.2968
    [14:03:36] step 2200/5625 | avg train loss 3.3247 top1 0.0714 top5 0.2969
    [14:03:43] step 2225/5625 | avg train loss 3.3244 top1 0.0713 top5 0.2965
    [14:03:50] step 2250/5625 | avg train loss 3.3250 top1 0.0711 top5 0.2961
    [14:03:57] step 2275/5625 | avg train loss 3.3252 top1 0.0710 top5 0.2960
    [14:04:05] step 2300/5625 | avg train loss 3.3259 top1 0.0708 top5 0.2960
    [14:04:12] step 2325/5625 | avg train loss 3.3251 top1 0.0715 top5 0.2969
    [14:04:19] step 2350/5625 | avg train loss 3.3259 top1 0.0711 top5 0.2970
    [14:04:27] step 2375/5625 | avg train loss 3.3260 top1 0.0712 top5 0.2968
    [14:04:34] step 2400/5625 | avg train loss 3.3254 top1 0.0717 top5 0.2974
    [14:04:42] step 2425/5625 | avg train loss 3.3257 top1 0.0713 top5 0.2970
    [14:04:49] step 2450/5625 | avg train loss 3.3261 top1 0.0712 top5 0.2971
    [14:04:56] step 2475/5625 | avg train loss 3.3274 top1 0.0711 top5 0.2963
    [14:05:04] step 2500/5625 | avg train loss 3.3264 top1 0.0712 top5 0.2967
    [14:05:11] step 2525/5625 | avg train loss 3.3265 top1 0.0709 top5 0.2970
    [14:05:18] step 2550/5625 | avg train loss 3.3270 top1 0.0707 top5 0.2965
    [14:05:26] step 2575/5625 | avg train loss 3.3270 top1 0.0711 top5 0.2962
    [14:05:33] step 2600/5625 | avg train loss 3.3264 top1 0.0711 top5 0.2970
    [14:05:41] step 2625/5625 | avg train loss 3.3259 top1 0.0711 top5 0.2975
    [14:05:48] step 2650/5625 | avg train loss 3.3254 top1 0.0708 top5 0.2982
    [14:05:55] step 2675/5625 | avg train loss 3.3250 top1 0.0710 top5 0.2988
    [14:06:03] step 2700/5625 | avg train loss 3.3253 top1 0.0713 top5 0.2988
    [14:06:10] step 2725/5625 | avg train loss 3.3254 top1 0.0711 top5 0.2985
    [14:06:17] step 2750/5625 | avg train loss 3.3256 top1 0.0710 top5 0.2984
    [14:06:25] step 2775/5625 | avg train loss 3.3253 top1 0.0710 top5 0.2989
    [14:06:32] step 2800/5625 | avg train loss 3.3257 top1 0.0712 top5 0.2992
    [14:06:40] step 2825/5625 | avg train loss 3.3253 top1 0.0712 top5 0.2995
    [14:06:47] step 2850/5625 | avg train loss 3.3258 top1 0.0710 top5 0.2991
    [14:06:54] step 2875/5625 | avg train loss 3.3259 top1 0.0713 top5 0.2990
    [14:07:02] step 2900/5625 | avg train loss 3.3260 top1 0.0711 top5 0.2987
    [14:07:09] step 2925/5625 | avg train loss 3.3257 top1 0.0712 top5 0.2991
    [14:07:17] step 2950/5625 | avg train loss 3.3260 top1 0.0714 top5 0.2991
    [14:07:24] step 2975/5625 | avg train loss 3.3258 top1 0.0713 top5 0.2989
    [14:07:31] step 3000/5625 | avg train loss 3.3255 top1 0.0712 top5 0.2984
    [14:07:39] step 3025/5625 | avg train loss 3.3252 top1 0.0713 top5 0.2988
    [14:07:46] step 3050/5625 | avg train loss 3.3246 top1 0.0718 top5 0.2994
    [14:07:54] step 3075/5625 | avg train loss 3.3244 top1 0.0719 top5 0.2997
    [14:08:01] step 3100/5625 | avg train loss 3.3246 top1 0.0715 top5 0.2994
    [14:08:08] step 3125/5625 | avg train loss 3.3246 top1 0.0719 top5 0.2996
    [14:08:16] step 3150/5625 | avg train loss 3.3245 top1 0.0719 top5 0.3000
    [14:08:23] step 3175/5625 | avg train loss 3.3259 top1 0.0720 top5 0.2993
    [14:08:30] step 3200/5625 | avg train loss 3.3257 top1 0.0722 top5 0.2992
    [14:08:38] step 3225/5625 | avg train loss 3.3260 top1 0.0724 top5 0.2992
    [14:08:45] step 3250/5625 | avg train loss 3.3257 top1 0.0727 top5 0.2996
    [14:08:53] step 3275/5625 | avg train loss 3.3260 top1 0.0725 top5 0.2991
    [14:09:00] step 3300/5625 | avg train loss 3.3262 top1 0.0725 top5 0.2992
    [14:09:07] step 3325/5625 | avg train loss 3.3265 top1 0.0723 top5 0.2989
    [14:09:15] step 3350/5625 | avg train loss 3.3258 top1 0.0725 top5 0.2996
    [14:09:22] step 3375/5625 | avg train loss 3.3262 top1 0.0725 top5 0.2993
    [14:09:30] step 3400/5625 | avg train loss 3.3263 top1 0.0725 top5 0.2992
    [14:09:37] step 3425/5625 | avg train loss 3.3266 top1 0.0726 top5 0.2993
    [14:09:44] step 3450/5625 | avg train loss 3.3270 top1 0.0722 top5 0.2991
    [14:09:52] step 3475/5625 | avg train loss 3.3272 top1 0.0721 top5 0.2987
    [14:09:59] step 3500/5625 | avg train loss 3.3270 top1 0.0719 top5 0.2988
    [14:10:06] step 3525/5625 | avg train loss 3.3268 top1 0.0721 top5 0.2990
    [14:10:14] step 3550/5625 | avg train loss 3.3271 top1 0.0723 top5 0.2987
    [14:10:21] step 3575/5625 | avg train loss 3.3269 top1 0.0722 top5 0.2984
    [14:10:29] step 3600/5625 | avg train loss 3.3269 top1 0.0722 top5 0.2985
    [14:10:36] step 3625/5625 | avg train loss 3.3271 top1 0.0721 top5 0.2983
    [14:10:43] step 3650/5625 | avg train loss 3.3272 top1 0.0721 top5 0.2980
    [14:10:51] step 3675/5625 | avg train loss 3.3274 top1 0.0722 top5 0.2980
    [14:10:58] step 3700/5625 | avg train loss 3.3275 top1 0.0720 top5 0.2980
    [14:11:05] step 3725/5625 | avg train loss 3.3275 top1 0.0720 top5 0.2981
    [14:11:13] step 3750/5625 | avg train loss 3.3275 top1 0.0719 top5 0.2980
    [14:11:20] step 3775/5625 | avg train loss 3.3271 top1 0.0720 top5 0.2981
    [14:11:28] step 3800/5625 | avg train loss 3.3268 top1 0.0721 top5 0.2982
    [14:11:35] step 3825/5625 | avg train loss 3.3270 top1 0.0720 top5 0.2983
    [14:11:42] step 3850/5625 | avg train loss 3.3266 top1 0.0723 top5 0.2987
    [14:11:50] step 3875/5625 | avg train loss 3.3262 top1 0.0726 top5 0.2991
    [14:11:57] step 3900/5625 | avg train loss 3.3264 top1 0.0727 top5 0.2988
    [14:12:04] step 3925/5625 | avg train loss 3.3263 top1 0.0725 top5 0.2989
    [14:12:12] step 3950/5625 | avg train loss 3.3265 top1 0.0722 top5 0.2989
    [14:12:19] step 3975/5625 | avg train loss 3.3265 top1 0.0723 top5 0.2987
    [14:12:27] step 4000/5625 | avg train loss 3.3267 top1 0.0724 top5 0.2986
    [14:12:34] step 4025/5625 | avg train loss 3.3265 top1 0.0724 top5 0.2986
    [14:12:41] step 4050/5625 | avg train loss 3.3271 top1 0.0721 top5 0.2981
    [14:12:49] step 4075/5625 | avg train loss 3.3272 top1 0.0723 top5 0.2980
    [14:12:56] step 4100/5625 | avg train loss 3.3275 top1 0.0720 top5 0.2973
    [14:13:04] step 4125/5625 | avg train loss 3.3273 top1 0.0717 top5 0.2975
    [14:13:11] step 4150/5625 | avg train loss 3.3275 top1 0.0714 top5 0.2976
    [14:13:18] step 4175/5625 | avg train loss 3.3270 top1 0.0713 top5 0.2976
    [14:13:26] step 4200/5625 | avg train loss 3.3266 top1 0.0716 top5 0.2978
    [14:13:33] step 4225/5625 | avg train loss 3.3262 top1 0.0713 top5 0.2980
    [14:13:40] step 4250/5625 | avg train loss 3.3255 top1 0.0715 top5 0.2986
    [14:13:48] step 4275/5625 | avg train loss 3.3257 top1 0.0717 top5 0.2987
    [14:13:55] step 4300/5625 | avg train loss 3.3256 top1 0.0715 top5 0.2986
    [14:14:03] step 4325/5625 | avg train loss 3.3257 top1 0.0714 top5 0.2985
    [14:14:10] step 4350/5625 | avg train loss 3.3254 top1 0.0715 top5 0.2986
    [14:14:17] step 4375/5625 | avg train loss 3.3249 top1 0.0718 top5 0.2992
    [14:14:25] step 4400/5625 | avg train loss 3.3254 top1 0.0718 top5 0.2989
    [14:14:32] step 4425/5625 | avg train loss 3.3250 top1 0.0716 top5 0.2993
    [14:14:40] step 4450/5625 | avg train loss 3.3253 top1 0.0714 top5 0.2993
    [14:14:47] step 4475/5625 | avg train loss 3.3256 top1 0.0715 top5 0.2994
    [14:14:54] step 4500/5625 | avg train loss 3.3258 top1 0.0714 top5 0.2991
    [14:15:02] step 4525/5625 | avg train loss 3.3263 top1 0.0712 top5 0.2987
    [14:15:09] step 4550/5625 | avg train loss 3.3261 top1 0.0711 top5 0.2987
    [14:15:17] step 4575/5625 | avg train loss 3.3261 top1 0.0710 top5 0.2985
    [14:15:24] step 4600/5625 | avg train loss 3.3261 top1 0.0709 top5 0.2985
    [14:15:31] step 4625/5625 | avg train loss 3.3261 top1 0.0709 top5 0.2986
