# run: meanpool-mae150-s44
# started: 2026-05-30T23:04:24+02:00
# track: a
# experiment_doc: experiments/experimental_cleanup.md
# hydra: experiment=track_a_videomae_official_ssv2_ft seed=44 T=4
# host: gymnote.polytechnique.fr
# ssl: /Data/romain.poggi/smth2smth/checkpoints/track_a/ssl/pretrain/videomaev2_t4native_encoder_ep150.pt
# wandb_name: meanpool-mae150-s44
model:
  name: video_mae_vit
  variant: vit_b
  num_classes: ${num_classes}
  tube_t: 1
  patch_size: 16
  mlp_ratio: 4.0
  drop_path_rate: 0.2
  dropout: 0.0
  head: mean
  head_num_heads: 4
  head_queries: 16
  head_mlp_ratio: 4.0
  temporal_mode: none
  temporal_layers: 0
  aim_bottleneck: 64
  init_from: /Data/romain.poggi/smth2smth/checkpoints/track_a/ssl/pretrain/videomaev2_t4native_encoder_ep150.pt
  interpolate_pos_embed: false
  interpolate_src_image_size: 224
  interpolate_src_num_frames: ${dataset.num_frames}
  gradient_checkpointing: true
  freeze_backbone: false
  residual_variant: prenorm
  hc_n: 4
  hc_sk_iters: 3
  hc_sk_tau: 1.0
dataset:
  root: ${hydra:runtime.cwd}/data
  train_dir: ${dataset.root}/train
  val_dir: ${dataset.root}/val
  test_dir: ${dataset.root}/test
  augmented_dirs: []
  test_manifest: null
  submission_output: ${hydra:runtime.cwd}/submissions/track_a.csv
  num_frames: 4
  val_ratio: 0.2
  use_official_val: true
  include_val_in_train: false
  official_val_holdout_ratio: 0
  holdout_manifest: null
  official_val_holdout_split_seed: 42
  seed: ${seed}
  use_extra: false
  train_extra_dir: ${dataset.root}/train_extra
  max_samples: null
  max_samples_per_class: null
  image_size: 224
  time_reversal_prob: 0.0
  temporal_reversal_augment:
    enabled: false
    prob: 0.5
  class_boosting:
    enabled: false
training:
  optimizer: adamw
  lr: 0.0005
  weight_decay: 0.05
  layer_decay: 0.75
  epochs: 50
  warmup_epochs: 5
  scheduler: cosine
  scheduler_cosine: true
  min_lr: 1.0e-06
  label_smoothing: 0.1
  videomix_mode: mixup_cutmix_switch
  videomix_mixup_alpha: 0.8
  videomix_cutmix_alpha: 1.0
  videomix_prob: 1.0
  videomix_switch_prob: 0.5
  repeated_aug: 2
  amp: true
  amp_dtype: bf16
  ema_enabled: true
  ema_decay: 0.9999
  early_stopping_enabled: true
  early_stopping_patience: 15
  early_stopping_min_delta: 0.001
  num_workers: 4
  log_interval_steps: 25
  batch_size: 8
  grad_accum_steps: 8
  resume_from: null
  save_last_checkpoint: true
  device: cuda
  wandb:
    enabled: true
    mode: online
    project: smth2smth-frame-ablation
    group: ft-mae-scaling
    config:
      head_type: meanpool
      pretrain_epochs: 150
    name: meanpool-mae150-s44
    tags:
    - track_a
    - videomae_official_ssv2
    - rq4
    log_interval_epochs: 1
    log_interval_steps: 25
  checkpoint_path: checkpoints/track_a/videomaev2+ft/meanpool-mae150-s44.pt
  tta: true
  tta_flip: false
  tta_scales: null
augment:
  name: official_videomae_ssv2
  random_horizontal_flip: false
  random_horizontal_flip_prob: 0.0
  random_crop: false
  multiscale_crop: true
  multiscale_scale:
  - 0.08
  - 1.0
  multiscale_aspect:
  - 0.75
  - 1.3333
  color_jitter: false
  sync_across_frames: true
  randaugment:
    enabled: true
    'n': 4
    m: 7.0
    mode: spatial
    magnitude_max: 30.0
    ops: null
  random_erase:
    enabled: true
    prob: 0.25
    mode: pixel
    count: 1
pretrain:
  epochs: 100
  batch_size: 64
  lr: 0.0005
  weight_decay: 0.04
  log_interval_steps: 50
  checkpoint_path: ${hydra:runtime.cwd}/ssl_trunk.pt
  max_frames: null
  image_size: 224
  local_image_size: 96
  num_local_views: 6
  out_dim: 4096
  hidden_dim: 2048
  bottleneck_dim: 256
  n_layers: 3
  teacher_temp: 0.04
  student_temp: 0.1
  center_momentum: 0.9
  teacher_momentum_base: 0.996
  teacher_momentum_final: 1.0
test:
  num_segment: 2
  num_crop: 3
  flip_tta: false
track:
  name: a
  description: 'Closed-world track: train from scratch.'
seed: 44
num_classes: 33

[cuda] cache emptied (run-start). Free: 23.15 / 23.54 GiB
[data] use_official_val=true: train=44993 (train_dir=44993), val=6745 (from /Data/romain.poggi/smth2smth/data/val)
[data] repeated_aug=2: each clip drawn up to 2x per epoch with independent augmentations.
[init_from] loaded 149 encoder tensors from /Data/romain.poggi/smth2smth/checkpoints/track_a/ssl/pretrain/videomaev2_t4native_encoder_ep150.pt. encoder-missing=0, unexpected=0
[optim] LLRD: layer_decay=0.75, depth=12, 28 param groups.
[optim] trainable 86,274,081 / total 86,274,081 params (100.00%)
[amp] mixed-precision (torch.bfloat16 + GradScaler) enabled.
[train] grad_accum_steps=8 (effective batch scales up).
[ema] enabled (decay=0.9999); will eval both live and EMA each epoch.
wandb: [wandb.login()] Loaded credentials for https://api.wandb.ai from WANDB_API_KEY.
wandb: Currently logged in as: romain-poggi (romain-poggi-ecole-polytechnique) to https://api.wandb.ai. Use `wandb login --relogin` to force relogin
wandb: setting up run f2u3vwrs
wandb: Tracking run with wandb version 0.27.0
wandb: Run data is saved locally in /Data/romain.poggi/smth2smth/wandb/run-20260530_230430-f2u3vwrs
wandb: Run `wandb offline` to turn off syncing.
wandb: Syncing run meanpool-mae150-s44
wandb: ⭐️ View project at https://wandb.ai/romain-poggi-ecole-polytechnique/smth2smth-frame-ablation
wandb: 🚀 View run at https://wandb.ai/romain-poggi-ecole-polytechnique/smth2smth-frame-ablation/runs/f2u3vwrs
[wandb] run started: https://wandb.ai/romain-poggi-ecole-polytechnique/smth2smth-frame-ablation/runs/f2u3vwrs
    [23:04:36] step 25/5625 | avg train loss 3.4995 top1 0.0350 top5 0.1550
    [23:04:41] step 50/5625 | avg train loss 3.4977 top1 0.0450 top5 0.1600
    [23:04:45] step 75/5625 | avg train loss 3.4915 top1 0.0450 top5 0.1633
    [23:04:49] step 100/5625 | avg train loss 3.4818 top1 0.0512 top5 0.1950
    [23:04:54] step 125/5625 | avg train loss 3.4759 top1 0.0540 top5 0.2030
    [23:04:58] step 150/5625 | avg train loss 3.4729 top1 0.0533 top5 0.2167
    [23:05:03] step 175/5625 | avg train loss 3.4656 top1 0.0629 top5 0.2336
    [23:05:07] step 200/5625 | avg train loss 3.4650 top1 0.0600 top5 0.2356
    [23:05:12] step 225/5625 | avg train loss 3.4591 top1 0.0650 top5 0.2406
    [23:05:16] step 250/5625 | avg train loss 3.4587 top1 0.0635 top5 0.2355
    [23:05:21] step 275/5625 | avg train loss 3.4538 top1 0.0650 top5 0.2345
    [23:05:26] step 300/5625 | avg train loss 3.4482 top1 0.0663 top5 0.2383
    [23:05:30] step 325/5625 | avg train loss 3.4436 top1 0.0673 top5 0.2419
    [23:05:35] step 350/5625 | avg train loss 3.4398 top1 0.0689 top5 0.2414
    [23:05:40] step 375/5625 | avg train loss 3.4361 top1 0.0683 top5 0.2420
    [23:05:44] step 400/5625 | avg train loss 3.4340 top1 0.0691 top5 0.2403
    [23:05:49] step 425/5625 | avg train loss 3.4298 top1 0.0700 top5 0.2406
    [23:05:54] step 450/5625 | avg train loss 3.4271 top1 0.0667 top5 0.2422
    [23:05:59] step 475/5625 | avg train loss 3.4214 top1 0.0684 top5 0.2468
    [23:06:04] step 500/5625 | avg train loss 3.4204 top1 0.0685 top5 0.2482
    [23:06:08] step 525/5625 | avg train loss 3.4166 top1 0.0698 top5 0.2531
    [23:06:13] step 550/5625 | avg train loss 3.4162 top1 0.0693 top5 0.2525
    [23:06:18] step 575/5625 | avg train loss 3.4170 top1 0.0685 top5 0.2513
    [23:06:23] step 600/5625 | avg train loss 3.4134 top1 0.0692 top5 0.2533
    [23:06:28] step 625/5625 | avg train loss 3.4098 top1 0.0688 top5 0.2552
    [23:06:32] step 650/5625 | avg train loss 3.4047 top1 0.0692 top5 0.2598
    [23:06:37] step 675/5625 | avg train loss 3.4045 top1 0.0683 top5 0.2604
    [23:06:42] step 700/5625 | avg train loss 3.4017 top1 0.0688 top5 0.2605
    [23:06:47] step 725/5625 | avg train loss 3.3997 top1 0.0688 top5 0.2628
    [23:06:52] step 750/5625 | avg train loss 3.3984 top1 0.0697 top5 0.2645
    [23:06:57] step 775/5625 | avg train loss 3.3975 top1 0.0698 top5 0.2665
    [23:07:02] step 800/5625 | avg train loss 3.3949 top1 0.0705 top5 0.2681
    [23:07:07] step 825/5625 | avg train loss 3.3925 top1 0.0714 top5 0.2703
    [23:07:12] step 850/5625 | avg train loss 3.3915 top1 0.0703 top5 0.2713
    [23:07:17] step 875/5625 | avg train loss 3.3885 top1 0.0701 top5 0.2720
    [23:07:21] step 900/5625 | avg train loss 3.3868 top1 0.0697 top5 0.2729
    [23:07:26] step 925/5625 | avg train loss 3.3846 top1 0.0704 top5 0.2732
    [23:07:31] step 950/5625 | avg train loss 3.3801 top1 0.0708 top5 0.2758
    [23:07:36] step 975/5625 | avg train loss 3.3791 top1 0.0705 top5 0.2765
    [23:07:41] step 1000/5625 | avg train loss 3.3798 top1 0.0700 top5 0.2752
    [23:07:46] step 1025/5625 | avg train loss 3.3787 top1 0.0699 top5 0.2752
    [23:07:51] step 1050/5625 | avg train loss 3.3790 top1 0.0699 top5 0.2761
    [23:07:56] step 1075/5625 | avg train loss 3.3792 top1 0.0698 top5 0.2767
    [23:08:01] step 1100/5625 | avg train loss 3.3780 top1 0.0698 top5 0.2769
    [23:08:06] step 1125/5625 | avg train loss 3.3777 top1 0.0703 top5 0.2772
    [23:08:11] step 1150/5625 | avg train loss 3.3763 top1 0.0698 top5 0.2782
    [23:08:15] step 1175/5625 | avg train loss 3.3752 top1 0.0697 top5 0.2787
    [23:08:20] step 1200/5625 | avg train loss 3.3742 top1 0.0699 top5 0.2799
    [23:08:25] step 1225/5625 | avg train loss 3.3737 top1 0.0704 top5 0.2809
    [23:08:30] step 1250/5625 | avg train loss 3.3730 top1 0.0706 top5 0.2805
    [23:08:35] step 1275/5625 | avg train loss 3.3711 top1 0.0709 top5 0.2814
    [23:08:40] step 1300/5625 | avg train loss 3.3721 top1 0.0707 top5 0.2815
    [23:08:45] step 1325/5625 | avg train loss 3.3715 top1 0.0709 top5 0.2816
    [23:08:50] step 1350/5625 | avg train loss 3.3717 top1 0.0704 top5 0.2808
    [23:08:55] step 1375/5625 | avg train loss 3.3714 top1 0.0700 top5 0.2811
    [23:09:00] step 1400/5625 | avg train loss 3.3701 top1 0.0703 top5 0.2820
    [23:09:05] step 1425/5625 | avg train loss 3.3678 top1 0.0710 top5 0.2839
    [23:09:10] step 1450/5625 | avg train loss 3.3665 top1 0.0709 top5 0.2859
    [23:09:15] step 1475/5625 | avg train loss 3.3658 top1 0.0718 top5 0.2868
    [23:09:20] step 1500/5625 | avg train loss 3.3644 top1 0.0716 top5 0.2873
    [23:09:25] step 1525/5625 | avg train loss 3.3632 top1 0.0716 top5 0.2879
    [23:09:30] step 1550/5625 | avg train loss 3.3630 top1 0.0720 top5 0.2876
    [23:09:35] step 1575/5625 | avg train loss 3.3633 top1 0.0717 top5 0.2867
    [23:09:40] step 1600/5625 | avg train loss 3.3628 top1 0.0714 top5 0.2866
    [23:09:45] step 1625/5625 | avg train loss 3.3629 top1 0.0710 top5 0.2862
    [23:09:50] step 1650/5625 | avg train loss 3.3634 top1 0.0711 top5 0.2859
    [23:09:55] step 1675/5625 | avg train loss 3.3625 top1 0.0709 top5 0.2866
    [23:10:00] step 1700/5625 | avg train loss 3.3627 top1 0.0712 top5 0.2858
    [23:10:05] step 1725/5625 | avg train loss 3.3625 top1 0.0714 top5 0.2859
    [23:10:10] step 1750/5625 | avg train loss 3.3618 top1 0.0717 top5 0.2866
    [23:10:15] step 1775/5625 | avg train loss 3.3612 top1 0.0716 top5 0.2868
    [23:10:20] step 1800/5625 | avg train loss 3.3612 top1 0.0714 top5 0.2858
    [23:10:25] step 1825/5625 | avg train loss 3.3601 top1 0.0712 top5 0.2857
    [23:10:30] step 1850/5625 | avg train loss 3.3605 top1 0.0712 top5 0.2854
    [23:10:35] step 1875/5625 | avg train loss 3.3601 top1 0.0719 top5 0.2857
    [23:10:40] step 1900/5625 | avg train loss 3.3600 top1 0.0718 top5 0.2858
    [23:10:45] step 1925/5625 | avg train loss 3.3590 top1 0.0717 top5 0.2862
    [23:10:50] step 1950/5625 | avg train loss 3.3595 top1 0.0716 top5 0.2856
    [23:10:55] step 1975/5625 | avg train loss 3.3598 top1 0.0712 top5 0.2856
    [23:11:00] step 2000/5625 | avg train loss 3.3608 top1 0.0707 top5 0.2844
    [23:11:05] step 2025/5625 | avg train loss 3.3602 top1 0.0709 top5 0.2848
    [23:11:10] step 2050/5625 | avg train loss 3.3605 top1 0.0710 top5 0.2844
    [23:11:15] step 2075/5625 | avg train loss 3.3601 top1 0.0710 top5 0.2852
    [23:11:20] step 2100/5625 | avg train loss 3.3599 top1 0.0708 top5 0.2844
    [23:11:25] step 2125/5625 | avg train loss 3.3607 top1 0.0704 top5 0.2835
    [23:11:30] step 2150/5625 | avg train loss 3.3596 top1 0.0707 top5 0.2838
    [23:11:35] step 2175/5625 | avg train loss 3.3588 top1 0.0709 top5 0.2849
    [23:11:40] step 2200/5625 | avg train loss 3.3585 top1 0.0711 top5 0.2853
    [23:11:45] step 2225/5625 | avg train loss 3.3586 top1 0.0709 top5 0.2848
    [23:11:50] step 2250/5625 | avg train loss 3.3572 top1 0.0712 top5 0.2855
    [23:11:55] step 2275/5625 | avg train loss 3.3572 top1 0.0713 top5 0.2851
    [23:12:00] step 2300/5625 | avg train loss 3.3571 top1 0.0713 top5 0.2852
    [23:12:05] step 2325/5625 | avg train loss 3.3567 top1 0.0715 top5 0.2851
    [23:12:10] step 2350/5625 | avg train loss 3.3564 top1 0.0716 top5 0.2844
    [23:12:15] step 2375/5625 | avg train loss 3.3558 top1 0.0717 top5 0.2849
    [23:12:20] step 2400/5625 | avg train loss 3.3549 top1 0.0716 top5 0.2849
    [23:12:25] step 2425/5625 | avg train loss 3.3546 top1 0.0719 top5 0.2856
    [23:12:30] step 2450/5625 | avg train loss 3.3540 top1 0.0721 top5 0.2860
    [23:12:34] step 2475/5625 | avg train loss 3.3531 top1 0.0720 top5 0.2863
    [23:12:39] step 2500/5625 | avg train loss 3.3525 top1 0.0717 top5 0.2866
    [23:12:44] step 2525/5625 | avg train loss 3.3519 top1 0.0719 top5 0.2868
    [23:12:49] step 2550/5625 | avg train loss 3.3515 top1 0.0718 top5 0.2870
    [23:12:55] step 2575/5625 | avg train loss 3.3510 top1 0.0716 top5 0.2870
    [23:13:00] step 2600/5625 | avg train loss 3.3507 top1 0.0718 top5 0.2879
    [23:13:05] step 2625/5625 | avg train loss 3.3507 top1 0.0719 top5 0.2878
    [23:13:09] step 2650/5625 | avg train loss 3.3504 top1 0.0717 top5 0.2881
    [23:13:14] step 2675/5625 | avg train loss 3.3502 top1 0.0714 top5 0.2879
    [23:13:19] step 2700/5625 | avg train loss 3.3497 top1 0.0713 top5 0.2881
    [23:13:24] step 2725/5625 | avg train loss 3.3499 top1 0.0711 top5 0.2883
    [23:13:29] step 2750/5625 | avg train loss 3.3495 top1 0.0710 top5 0.2887
    [23:13:34] step 2775/5625 | avg train loss 3.3490 top1 0.0711 top5 0.2889
    [23:13:39] step 2800/5625 | avg train loss 3.3492 top1 0.0710 top5 0.2886
    [23:13:44] step 2825/5625 | avg train loss 3.3493 top1 0.0708 top5 0.2881
    [23:13:49] step 2850/5625 | avg train loss 3.3488 top1 0.0707 top5 0.2882
    [23:13:54] step 2875/5625 | avg train loss 3.3488 top1 0.0706 top5 0.2882
    [23:13:59] step 2900/5625 | avg train loss 3.3489 top1 0.0706 top5 0.2881
    [23:14:04] step 2925/5625 | avg train loss 3.3486 top1 0.0706 top5 0.2876
    [23:14:09] step 2950/5625 | avg train loss 3.3489 top1 0.0702 top5 0.2873
    [23:14:14] step 2975/5625 | avg train loss 3.3485 top1 0.0704 top5 0.2880
    [23:14:19] step 3000/5625 | avg train loss 3.3473 top1 0.0707 top5 0.2892
    [23:14:24] step 3025/5625 | avg train loss 3.3461 top1 0.0707 top5 0.2895
    [23:14:29] step 3050/5625 | avg train loss 3.3459 top1 0.0705 top5 0.2898
    [23:14:34] step 3075/5625 | avg train loss 3.3451 top1 0.0707 top5 0.2904
    [23:14:39] step 3100/5625 | avg train loss 3.3444 top1 0.0706 top5 0.2904
    [23:14:44] step 3125/5625 | avg train loss 3.3446 top1 0.0708 top5 0.2903
    [23:14:49] step 3150/5625 | avg train loss 3.3439 top1 0.0708 top5 0.2906
    [23:14:54] step 3175/5625 | avg train loss 3.3437 top1 0.0707 top5 0.2909
    [23:14:59] step 3200/5625 | avg train loss 3.3437 top1 0.0705 top5 0.2908
    [23:15:04] step 3225/5625 | avg train loss 3.3437 top1 0.0709 top5 0.2907
    [23:15:09] step 3250/5625 | avg train loss 3.3431 top1 0.0708 top5 0.2910
    [23:15:14] step 3275/5625 | avg train loss 3.3428 top1 0.0708 top5 0.2909
    [23:15:19] step 3300/5625 | avg train loss 3.3424 top1 0.0709 top5 0.2913
    [23:15:24] step 3325/5625 | avg train loss 3.3422 top1 0.0708 top5 0.2913
    [23:15:29] step 3350/5625 | avg train loss 3.3422 top1 0.0707 top5 0.2915
    [23:15:34] step 3375/5625 | avg train loss 3.3420 top1 0.0707 top5 0.2914
    [23:15:39] step 3400/5625 | avg train loss 3.3420 top1 0.0707 top5 0.2912
    [23:15:44] step 3425/5625 | avg train loss 3.3418 top1 0.0707 top5 0.2911
    [23:15:49] step 3450/5625 | avg train loss 3.3413 top1 0.0707 top5 0.2917
    [23:15:54] step 3475/5625 | avg train loss 3.3408 top1 0.0706 top5 0.2919
    [23:15:59] step 3500/5625 | avg train loss 3.3402 top1 0.0707 top5 0.2919
    [23:16:04] step 3525/5625 | avg train loss 3.3401 top1 0.0707 top5 0.2919
    [23:16:09] step 3550/5625 | avg train loss 3.3395 top1 0.0707 top5 0.2924
    [23:16:14] step 3575/5625 | avg train loss 3.3394 top1 0.0707 top5 0.2921
    [23:16:19] step 3600/5625 | avg train loss 3.3384 top1 0.0709 top5 0.2925
    [23:16:24] step 3625/5625 | avg train loss 3.3383 top1 0.0707 top5 0.2927
    [23:16:29] step 3650/5625 | avg train loss 3.3378 top1 0.0708 top5 0.2930
    [23:16:34] step 3675/5625 | avg train loss 3.3377 top1 0.0707 top5 0.2935
    [23:16:39] step 3700/5625 | avg train loss 3.3365 top1 0.0707 top5 0.2945
    [23:16:44] step 3725/5625 | avg train loss 3.3358 top1 0.0708 top5 0.2948
    [23:16:49] step 3750/5625 | avg train loss 3.3362 top1 0.0707 top5 0.2944
    [23:16:54] step 3775/5625 | avg train loss 3.3359 top1 0.0707 top5 0.2947
    [23:16:59] step 3800/5625 | avg train loss 3.3357 top1 0.0709 top5 0.2952
    [23:17:04] step 3825/5625 | avg train loss 3.3353 top1 0.0709 top5 0.2954
    [23:17:09] step 3850/5625 | avg train loss 3.3346 top1 0.0709 top5 0.2957
    [23:17:14] step 3875/5625 | avg train loss 3.3338 top1 0.0711 top5 0.2961
    [23:17:19] step 3900/5625 | avg train loss 3.3330 top1 0.0711 top5 0.2961
    [23:17:24] step 3925/5625 | avg train loss 3.3328 top1 0.0711 top5 0.2960
    [23:17:29] step 3950/5625 | avg train loss 3.3321 top1 0.0714 top5 0.2967
    [23:17:34] step 3975/5625 | avg train loss 3.3316 top1 0.0714 top5 0.2969
    [23:17:39] step 4000/5625 | avg train loss 3.3310 top1 0.0713 top5 0.2970
    [23:17:44] step 4025/5625 | avg train loss 3.3314 top1 0.0711 top5 0.2966
    [23:17:49] step 4050/5625 | avg train loss 3.3304 top1 0.0713 top5 0.2970
    [23:17:54] step 4075/5625 | avg train loss 3.3305 top1 0.0711 top5 0.2970
    [23:17:59] step 4100/5625 | avg train loss 3.3303 top1 0.0711 top5 0.2971
    [23:18:04] step 4125/5625 | avg train loss 3.3300 top1 0.0712 top5 0.2973
    [23:18:09] step 4150/5625 | avg train loss 3.3295 top1 0.0717 top5 0.2978
    [23:18:14] step 4175/5625 | avg train loss 3.3293 top1 0.0719 top5 0.2981
    [23:18:19] step 4200/5625 | avg train loss 3.3283 top1 0.0719 top5 0.2983
    [23:18:24] step 4225/5625 | avg train loss 3.3283 top1 0.0719 top5 0.2985
    [23:18:29] step 4250/5625 | avg train loss 3.3276 top1 0.0720 top5 0.2986
    [23:18:34] step 4275/5625 | avg train loss 3.3269 top1 0.0722 top5 0.2990
    [23:18:39] step 4300/5625 | avg train loss 3.3262 top1 0.0722 top5 0.2990
    [23:18:44] step 4325/5625 | avg train loss 3.3261 top1 0.0724 top5 0.2990
    [23:18:49] step 4350/5625 | avg train loss 3.3261 top1 0.0724 top5 0.2989
    [23:18:54] step 4375/5625 | avg train loss 3.3262 top1 0.0724 top5 0.2989
    [23:18:59] step 4400/5625 | avg train loss 3.3260 top1 0.0723 top5 0.2986
    [23:19:04] step 4425/5625 | avg train loss 3.3254 top1 0.0725 top5 0.2991
    [23:19:09] step 4450/5625 | avg train loss 3.3254 top1 0.0725 top5 0.2991
    [23:19:14] step 4475/5625 | avg train loss 3.3252 top1 0.0728 top5 0.2992
    [23:19:19] step 4500/5625 | avg train loss 3.3252 top1 0.0729 top5 0.2992
    [23:19:24] step 4525/5625 | avg train loss 3.3253 top1 0.0730 top5 0.2992
    [23:19:29] step 4550/5625 | avg train loss 3.3254 top1 0.0730 top5 0.2990
    [23:19:34] step 4575/5625 | avg train loss 3.3249 top1 0.0731 top5 0.2993
    [23:19:39] step 4600/5625 | avg train loss 3.3251 top1 0.0732 top5 0.2993
    [23:19:44] step 4625/5625 | avg train loss 3.3245 top1 0.0734 top5 0.2993
    [23:19:49] step 4650/5625 | avg train loss 3.3241 top1 0.0736 top5 0.2993
    [23:19:54] step 4675/5625 | avg train loss 3.3235 top1 0.0737 top5 0.2994
    [23:19:59] step 4700/5625 | avg train loss 3.3226 top1 0.0740 top5 0.3000
    [23:20:04] step 4725/5625 | avg train loss 3.3220 top1 0.0740 top5 0.3003
    [23:20:09] step 4750/5625 | avg train loss 3.3220 top1 0.0739 top5 0.3002
    [23:20:14] step 4775/5625 | avg train loss 3.3215 top1 0.0738 top5 0.3003
    [23:20:19] step 4800/5625 | avg train loss 3.3211 top1 0.0739 top5 0.3005
    [23:20:24] step 4825/5625 | avg train loss 3.3208 top1 0.0739 top5 0.3008
    [23:20:29] step 4850/5625 | avg train loss 3.3201 top1 0.0740 top5 0.3012
    [23:20:34] step 4875/5625 | avg train loss 3.3196 top1 0.0742 top5 0.3016
    [23:20:39] step 4900/5625 | avg train loss 3.3187 top1 0.0745 top5 0.3021
    [23:20:44] step 4925/5625 | avg train loss 3.3186 top1 0.0748 top5 0.3023
    [23:20:49] step 4950/5625 | avg train loss 3.3183 top1 0.0750 top5 0.3026
    [23:20:54] step 4975/5625 | avg train loss 3.3180 top1 0.0750 top5 0.3027
    [23:20:59] step 5000/5625 | avg train loss 3.3178 top1 0.0750 top5 0.3025
    [23:21:04] step 5025/5625 | avg train loss 3.3175 top1 0.0749 top5 0.3025
    [23:21:09] step 5050/5625 | avg train loss 3.3173 top1 0.0750 top5 0.3027
    [23:21:14] step 5075/5625 | avg train loss 3.3175 top1 0.0750 top5 0.3025
    [23:21:19] step 5100/5625 | avg train loss 3.3170 top1 0.0751 top5 0.3027
    [23:21:24] step 5125/5625 | avg train loss 3.3168 top1 0.0752 top5 0.3028
    [23:21:29] step 5150/5625 | avg train loss 3.3166 top1 0.0753 top5 0.3028
    [23:21:34] step 5175/5625 | avg train loss 3.3164 top1 0.0753 top5 0.3030
    [23:21:39] step 5200/5625 | avg train loss 3.3158 top1 0.0753 top5 0.3031
    [23:21:44] step 5225/5625 | avg train loss 3.3156 top1 0.0754 top5 0.3033
    [23:21:49] step 5250/5625 | avg train loss 3.3151 top1 0.0754 top5 0.3035
    [23:21:54] step 5275/5625 | avg train loss 3.3146 top1 0.0755 top5 0.3038
    [23:21:59] step 5300/5625 | avg train loss 3.3143 top1 0.0756 top5 0.3040
    [23:22:04] step 5325/5625 | avg train loss 3.3139 top1 0.0759 top5 0.3041
    [23:22:09] step 5350/5625 | avg train loss 3.3135 top1 0.0761 top5 0.3041
    [23:22:14] step 5375/5625 | avg train loss 3.3130 top1 0.0762 top5 0.3046
    [23:22:19] step 5400/5625 | avg train loss 3.3129 top1 0.0762 top5 0.3045
    [23:22:24] step 5425/5625 | avg train loss 3.3128 top1 0.0761 top5 0.3044
    [23:22:29] step 5450/5625 | avg train loss 3.3122 top1 0.0761 top5 0.3047
    [23:22:34] step 5475/5625 | avg train loss 3.3119 top1 0.0761 top5 0.3048
    [23:22:39] step 5500/5625 | avg train loss 3.3118 top1 0.0761 top5 0.3051
    [23:22:44] step 5525/5625 | avg train loss 3.3111 top1 0.0764 top5 0.3054
    [23:22:49] step 5550/5625 | avg train loss 3.3104 top1 0.0766 top5 0.3056
    [23:22:54] step 5575/5625 | avg train loss 3.3092 top1 0.0770 top5 0.3063
    [23:22:59] step 5600/5625 | avg train loss 3.3087 top1 0.0770 top5 0.3065
    [23:23:04] step 5625/5625 | avg train loss 3.3085 top1 0.0769 top5 0.3066
[2026-05-30T23:24:32] Epoch 1/50 | train loss 3.3085 top1 0.0769 | val loss 3.2424 top1 0.1084 top5 0.3678 | ema holdout top1 0.0412 top5 0.2034
  Saved new best checkpoint (live): /Data/romain.poggi/smth2smth/checkpoints/track_a/videomaev2+ft/meanpool-mae150-s44.pt (val top1=0.1084)
    [23:24:38] step 25/5625 | avg train loss 3.2881 top1 0.0950 top5 0.2950
    [23:24:43] step 50/5625 | avg train loss 3.2390 top1 0.0825 top5 0.3225
    [23:24:48] step 75/5625 | avg train loss 3.2523 top1 0.0783 top5 0.3267
    [23:24:53] step 100/5625 | avg train loss 3.2635 top1 0.0813 top5 0.3287
    [23:24:58] step 125/5625 | avg train loss 3.2361 top1 0.1040 top5 0.3540
    [23:25:03] step 150/5625 | avg train loss 3.2254 top1 0.1033 top5 0.3658
    [23:25:08] step 175/5625 | avg train loss 3.2294 top1 0.1029 top5 0.3636
    [23:25:13] step 200/5625 | avg train loss 3.2289 top1 0.1000 top5 0.3594
    [23:25:18] step 225/5625 | avg train loss 3.2314 top1 0.0956 top5 0.3539
    [23:25:23] step 250/5625 | avg train loss 3.2269 top1 0.0965 top5 0.3550
    [23:25:28] step 275/5625 | avg train loss 3.2300 top1 0.0936 top5 0.3527
    [23:25:33] step 300/5625 | avg train loss 3.2320 top1 0.0921 top5 0.3463
    [23:25:38] step 325/5625 | avg train loss 3.2343 top1 0.0900 top5 0.3431
    [23:25:43] step 350/5625 | avg train loss 3.2276 top1 0.0914 top5 0.3421
    [23:25:48] step 375/5625 | avg train loss 3.2252 top1 0.0940 top5 0.3447
    [23:25:53] step 400/5625 | avg train loss 3.2199 top1 0.0969 top5 0.3497
    [23:25:58] step 425/5625 | avg train loss 3.2137 top1 0.0962 top5 0.3524
    [23:26:03] step 450/5625 | avg train loss 3.2095 top1 0.0969 top5 0.3525
    [23:26:09] step 475/5625 | avg train loss 3.2067 top1 0.0974 top5 0.3545
    [23:26:14] step 500/5625 | avg train loss 3.2096 top1 0.0958 top5 0.3515
    [23:26:19] step 525/5625 | avg train loss 3.2097 top1 0.0940 top5 0.3490
    [23:26:24] step 550/5625 | avg train loss 3.2091 top1 0.0934 top5 0.3495
    [23:26:29] step 575/5625 | avg train loss 3.2111 top1 0.0922 top5 0.3480
    [23:26:34] step 600/5625 | avg train loss 3.2050 top1 0.0944 top5 0.3506
    [23:26:39] step 625/5625 | avg train loss 3.2113 top1 0.0934 top5 0.3474
    [23:26:44] step 650/5625 | avg train loss 3.2101 top1 0.0935 top5 0.3462
    [23:26:49] step 675/5625 | avg train loss 3.2101 top1 0.0941 top5 0.3469
    [23:26:54] step 700/5625 | avg train loss 3.2109 top1 0.0945 top5 0.3455
    [23:26:59] step 725/5625 | avg train loss 3.2106 top1 0.0957 top5 0.3453
    [23:27:04] step 750/5625 | avg train loss 3.2083 top1 0.0953 top5 0.3453
    [23:27:09] step 775/5625 | avg train loss 3.2051 top1 0.0960 top5 0.3485
    [23:27:14] step 800/5625 | avg train loss 3.2021 top1 0.0970 top5 0.3488
    [23:27:19] step 825/5625 | avg train loss 3.2000 top1 0.0979 top5 0.3509
    [23:27:24] step 850/5625 | avg train loss 3.1971 top1 0.0993 top5 0.3524
    [23:27:29] step 875/5625 | avg train loss 3.1941 top1 0.1007 top5 0.3543
    [23:27:34] step 900/5625 | avg train loss 3.1934 top1 0.1017 top5 0.3553
    [23:27:39] step 925/5625 | avg train loss 3.1934 top1 0.1027 top5 0.3559
    [23:27:44] step 950/5625 | avg train loss 3.1872 top1 0.1045 top5 0.3595
    [23:27:49] step 975/5625 | avg train loss 3.1887 top1 0.1032 top5 0.3583
    [23:27:54] step 1000/5625 | avg train loss 3.1870 top1 0.1032 top5 0.3588
    [23:27:59] step 1025/5625 | avg train loss 3.1864 top1 0.1041 top5 0.3588
    [23:28:04] step 1050/5625 | avg train loss 3.1842 top1 0.1037 top5 0.3583
    [23:28:09] step 1075/5625 | avg train loss 3.1853 top1 0.1034 top5 0.3569
    [23:28:14] step 1100/5625 | avg train loss 3.1867 top1 0.1032 top5 0.3568
    [23:28:19] step 1125/5625 | avg train loss 3.1875 top1 0.1026 top5 0.3561
    [23:28:24] step 1150/5625 | avg train loss 3.1878 top1 0.1033 top5 0.3559
    [23:28:29] step 1175/5625 | avg train loss 3.1871 top1 0.1034 top5 0.3556
    [23:28:34] step 1200/5625 | avg train loss 3.1880 top1 0.1030 top5 0.3557
    [23:28:39] step 1225/5625 | avg train loss 3.1894 top1 0.1028 top5 0.3559
    [23:28:44] step 1250/5625 | avg train loss 3.1905 top1 0.1031 top5 0.3554
    [23:28:49] step 1275/5625 | avg train loss 3.1912 top1 0.1027 top5 0.3538
    [23:28:54] step 1300/5625 | avg train loss 3.1913 top1 0.1026 top5 0.3537
    [23:28:59] step 1325/5625 | avg train loss 3.1912 top1 0.1024 top5 0.3533
    [23:29:04] step 1350/5625 | avg train loss 3.1884 top1 0.1030 top5 0.3540
    [23:29:09] step 1375/5625 | avg train loss 3.1870 top1 0.1028 top5 0.3546
    [23:29:14] step 1400/5625 | avg train loss 3.1875 top1 0.1029 top5 0.3542
    [23:29:19] step 1425/5625 | avg train loss 3.1849 top1 0.1043 top5 0.3545
    [23:29:24] step 1450/5625 | avg train loss 3.1837 top1 0.1047 top5 0.3559
    [23:29:29] step 1475/5625 | avg train loss 3.1848 top1 0.1039 top5 0.3548
    [23:29:34] step 1500/5625 | avg train loss 3.1839 top1 0.1037 top5 0.3544
    [23:29:39] step 1525/5625 | avg train loss 3.1842 top1 0.1043 top5 0.3540
    [23:29:44] step 1550/5625 | avg train loss 3.1826 top1 0.1048 top5 0.3548
    [23:29:49] step 1575/5625 | avg train loss 3.1823 top1 0.1051 top5 0.3548
    [23:29:54] step 1600/5625 | avg train loss 3.1808 top1 0.1055 top5 0.3553
    [23:29:59] step 1625/5625 | avg train loss 3.1804 top1 0.1054 top5 0.3552
    [23:30:04] step 1650/5625 | avg train loss 3.1809 top1 0.1050 top5 0.3546
    [23:30:09] step 1675/5625 | avg train loss 3.1785 top1 0.1059 top5 0.3563
    [23:30:14] step 1700/5625 | avg train loss 3.1781 top1 0.1062 top5 0.3564
    [23:30:19] step 1725/5625 | avg train loss 3.1793 top1 0.1066 top5 0.3567
    [23:30:24] step 1750/5625 | avg train loss 3.1795 top1 0.1065 top5 0.3563
    [23:30:29] step 1775/5625 | avg train loss 3.1791 top1 0.1069 top5 0.3559
    [23:30:35] step 1800/5625 | avg train loss 3.1781 top1 0.1074 top5 0.3571
    [23:30:40] step 1825/5625 | avg train loss 3.1754 top1 0.1088 top5 0.3579
    [23:30:45] step 1850/5625 | avg train loss 3.1740 top1 0.1087 top5 0.3576
    [23:30:50] step 1875/5625 | avg train loss 3.1739 top1 0.1090 top5 0.3581
    [23:30:55] step 1900/5625 | avg train loss 3.1738 top1 0.1091 top5 0.3584
    [23:31:00] step 1925/5625 | avg train loss 3.1744 top1 0.1092 top5 0.3590
    [23:31:05] step 1950/5625 | avg train loss 3.1732 top1 0.1093 top5 0.3594
    [23:31:10] step 1975/5625 | avg train loss 3.1706 top1 0.1096 top5 0.3608
    [23:31:15] step 2000/5625 | avg train loss 3.1711 top1 0.1099 top5 0.3614
    [23:31:20] step 2025/5625 | avg train loss 3.1693 top1 0.1102 top5 0.3623
    [23:31:25] step 2050/5625 | avg train loss 3.1687 top1 0.1107 top5 0.3623
    [23:31:30] step 2075/5625 | avg train loss 3.1666 top1 0.1113 top5 0.3623
    [23:31:35] step 2100/5625 | avg train loss 3.1683 top1 0.1109 top5 0.3617
    [23:31:40] step 2125/5625 | avg train loss 3.1663 top1 0.1117 top5 0.3624
    [23:31:45] step 2150/5625 | avg train loss 3.1663 top1 0.1120 top5 0.3622
    [23:31:50] step 2175/5625 | avg train loss 3.1662 top1 0.1122 top5 0.3624
    [23:31:55] step 2200/5625 | avg train loss 3.1653 top1 0.1127 top5 0.3624
    [23:32:00] step 2225/5625 | avg train loss 3.1648 top1 0.1126 top5 0.3621
    [23:32:05] step 2250/5625 | avg train loss 3.1634 top1 0.1135 top5 0.3630
    [23:32:10] step 2275/5625 | avg train loss 3.1629 top1 0.1139 top5 0.3634
    [23:32:15] step 2300/5625 | avg train loss 3.1640 top1 0.1133 top5 0.3619
    [23:32:20] step 2325/5625 | avg train loss 3.1641 top1 0.1136 top5 0.3621
    [23:32:25] step 2350/5625 | avg train loss 3.1630 top1 0.1136 top5 0.3625
    [23:32:30] step 2375/5625 | avg train loss 3.1625 top1 0.1136 top5 0.3626
    [23:32:35] step 2400/5625 | avg train loss 3.1624 top1 0.1136 top5 0.3629
    [23:32:40] step 2425/5625 | avg train loss 3.1616 top1 0.1136 top5 0.3629
    [23:32:45] step 2450/5625 | avg train loss 3.1616 top1 0.1135 top5 0.3631
    [23:32:50] step 2475/5625 | avg train loss 3.1603 top1 0.1143 top5 0.3637
    [23:32:55] step 2500/5625 | avg train loss 3.1603 top1 0.1147 top5 0.3638
    [23:33:00] step 2525/5625 | avg train loss 3.1596 top1 0.1147 top5 0.3643
    [23:33:05] step 2550/5625 | avg train loss 3.1586 top1 0.1145 top5 0.3644
    [23:33:10] step 2575/5625 | avg train loss 3.1567 top1 0.1148 top5 0.3647
    [23:33:16] step 2600/5625 | avg train loss 3.1562 top1 0.1150 top5 0.3650
    [23:33:21] step 2625/5625 | avg train loss 3.1546 top1 0.1156 top5 0.3658
    [23:33:26] step 2650/5625 | avg train loss 3.1548 top1 0.1155 top5 0.3657
    [23:33:31] step 2675/5625 | avg train loss 3.1536 top1 0.1154 top5 0.3664
    [23:33:36] step 2700/5625 | avg train loss 3.1533 top1 0.1157 top5 0.3669
    [23:33:41] step 2725/5625 | avg train loss 3.1528 top1 0.1158 top5 0.3672
    [23:33:46] step 2750/5625 | avg train loss 3.1534 top1 0.1161 top5 0.3675
    [23:33:51] step 2775/5625 | avg train loss 3.1534 top1 0.1165 top5 0.3677
    [23:33:56] step 2800/5625 | avg train loss 3.1536 top1 0.1167 top5 0.3679
    [23:34:01] step 2825/5625 | avg train loss 3.1534 top1 0.1167 top5 0.3680
    [23:34:06] step 2850/5625 | avg train loss 3.1526 top1 0.1170 top5 0.3681
    [23:34:11] step 2875/5625 | avg train loss 3.1515 top1 0.1172 top5 0.3679
    [23:34:16] step 2900/5625 | avg train loss 3.1502 top1 0.1178 top5 0.3684
    [23:34:21] step 2925/5625 | avg train loss 3.1495 top1 0.1178 top5 0.3685
    [23:34:26] step 2950/5625 | avg train loss 3.1491 top1 0.1177 top5 0.3687
    [23:34:31] step 2975/5625 | avg train loss 3.1477 top1 0.1178 top5 0.3693
    [23:34:36] step 3000/5625 | avg train loss 3.1474 top1 0.1181 top5 0.3693
    [23:34:41] step 3025/5625 | avg train loss 3.1472 top1 0.1181 top5 0.3692
    [23:34:46] step 3050/5625 | avg train loss 3.1469 top1 0.1182 top5 0.3693
    [23:34:51] step 3075/5625 | avg train loss 3.1470 top1 0.1182 top5 0.3692
    [23:34:56] step 3100/5625 | avg train loss 3.1454 top1 0.1185 top5 0.3697
    [23:35:01] step 3125/5625 | avg train loss 3.1460 top1 0.1186 top5 0.3698
    [23:35:06] step 3150/5625 | avg train loss 3.1455 top1 0.1188 top5 0.3704
    [23:35:11] step 3175/5625 | avg train loss 3.1457 top1 0.1189 top5 0.3701
    [23:35:16] step 3200/5625 | avg train loss 3.1457 top1 0.1186 top5 0.3696
    [23:35:21] step 3225/5625 | avg train loss 3.1455 top1 0.1186 top5 0.3700
    [23:35:26] step 3250/5625 | avg train loss 3.1443 top1 0.1189 top5 0.3705
    [23:35:31] step 3275/5625 | avg train loss 3.1430 top1 0.1194 top5 0.3711
    [23:35:37] step 3300/5625 | avg train loss 3.1427 top1 0.1193 top5 0.3710
    [23:35:42] step 3325/5625 | avg train loss 3.1420 top1 0.1191 top5 0.3717
    [23:35:47] step 3350/5625 | avg train loss 3.1415 top1 0.1191 top5 0.3716
    [23:35:52] step 3375/5625 | avg train loss 3.1413 top1 0.1191 top5 0.3717
    [23:35:57] step 3400/5625 | avg train loss 3.1402 top1 0.1192 top5 0.3719
    [23:36:02] step 3425/5625 | avg train loss 3.1404 top1 0.1193 top5 0.3721
    [23:36:07] step 3450/5625 | avg train loss 3.1405 top1 0.1192 top5 0.3718
    [23:36:12] step 3475/5625 | avg train loss 3.1389 top1 0.1193 top5 0.3720
    [23:36:17] step 3500/5625 | avg train loss 3.1375 top1 0.1201 top5 0.3730
    [23:36:22] step 3525/5625 | avg train loss 3.1366 top1 0.1207 top5 0.3737
    [23:36:27] step 3550/5625 | avg train loss 3.1361 top1 0.1208 top5 0.3735
    [23:36:32] step 3575/5625 | avg train loss 3.1359 top1 0.1207 top5 0.3735
    [23:36:37] step 3600/5625 | avg train loss 3.1354 top1 0.1209 top5 0.3738
    [23:36:42] step 3625/5625 | avg train loss 3.1353 top1 0.1208 top5 0.3740
    [23:36:47] step 3650/5625 | avg train loss 3.1353 top1 0.1208 top5 0.3739
    [23:36:52] step 3675/5625 | avg train loss 3.1343 top1 0.1207 top5 0.3739
    [23:36:57] step 3700/5625 | avg train loss 3.1338 top1 0.1207 top5 0.3737
    [23:37:02] step 3725/5625 | avg train loss 3.1336 top1 0.1207 top5 0.3735
    [23:37:07] step 3750/5625 | avg train loss 3.1335 top1 0.1209 top5 0.3735
    [23:37:12] step 3775/5625 | avg train loss 3.1320 top1 0.1214 top5 0.3743
    [23:37:17] step 3800/5625 | avg train loss 3.1318 top1 0.1215 top5 0.3742
    [23:37:22] step 3825/5625 | avg train loss 3.1314 top1 0.1215 top5 0.3739
    [23:37:27] step 3850/5625 | avg train loss 3.1314 top1 0.1216 top5 0.3739
    [23:37:32] step 3875/5625 | avg train loss 3.1304 top1 0.1218 top5 0.3744
    [23:37:37] step 3900/5625 | avg train loss 3.1299 top1 0.1218 top5 0.3742
    [23:37:42] step 3925/5625 | avg train loss 3.1297 top1 0.1220 top5 0.3742
    [23:37:47] step 3950/5625 | avg train loss 3.1290 top1 0.1224 top5 0.3746
    [23:37:52] step 3975/5625 | avg train loss 3.1289 top1 0.1224 top5 0.3745
    [23:37:57] step 4000/5625 | avg train loss 3.1284 top1 0.1223 top5 0.3744
    [23:38:02] step 4025/5625 | avg train loss 3.1271 top1 0.1227 top5 0.3748
    [23:38:07] step 4050/5625 | avg train loss 3.1270 top1 0.1227 top5 0.3747
    [23:38:12] step 4075/5625 | avg train loss 3.1257 top1 0.1233 top5 0.3749
    [23:38:17] step 4100/5625 | avg train loss 3.1256 top1 0.1234 top5 0.3746
    [23:38:22] step 4125/5625 | avg train loss 3.1261 top1 0.1233 top5 0.3747
    [23:38:28] step 4150/5625 | avg train loss 3.1263 top1 0.1234 top5 0.3749
    [23:38:33] step 4175/5625 | avg train loss 3.1260 top1 0.1234 top5 0.3749
    [23:38:38] step 4200/5625 | avg train loss 3.1255 top1 0.1234 top5 0.3749
    [23:38:43] step 4225/5625 | avg train loss 3.1248 top1 0.1237 top5 0.3755
    [23:38:48] step 4250/5625 | avg train loss 3.1246 top1 0.1236 top5 0.3756
    [23:38:53] step 4275/5625 | avg train loss 3.1231 top1 0.1239 top5 0.3758
    [23:38:58] step 4300/5625 | avg train loss 3.1231 top1 0.1240 top5 0.3757
    [23:39:03] step 4325/5625 | avg train loss 3.1230 top1 0.1239 top5 0.3756
    [23:39:08] step 4350/5625 | avg train loss 3.1219 top1 0.1241 top5 0.3757
    [23:39:13] step 4375/5625 | avg train loss 3.1209 top1 0.1244 top5 0.3761
    [23:39:18] step 4400/5625 | avg train loss 3.1213 top1 0.1244 top5 0.3762
    [23:39:23] step 4425/5625 | avg train loss 3.1214 top1 0.1245 top5 0.3762
    [23:39:28] step 4450/5625 | avg train loss 3.1195 top1 0.1253 top5 0.3774
    [23:39:33] step 4475/5625 | avg train loss 3.1188 top1 0.1255 top5 0.3775
    [23:39:38] step 4500/5625 | avg train loss 3.1180 top1 0.1255 top5 0.3779
    [23:39:43] step 4525/5625 | avg train loss 3.1175 top1 0.1254 top5 0.3780
    [23:39:48] step 4550/5625 | avg train loss 3.1180 top1 0.1253 top5 0.3779
    [23:39:53] step 4575/5625 | avg train loss 3.1181 top1 0.1251 top5 0.3777
    [23:39:58] step 4600/5625 | avg train loss 3.1178 top1 0.1250 top5 0.3777
    [23:40:03] step 4625/5625 | avg train loss 3.1171 top1 0.1252 top5 0.3783
    [23:40:08] step 4650/5625 | avg train loss 3.1166 top1 0.1254 top5 0.3785
    [23:40:13] step 4675/5625 | avg train loss 3.1156 top1 0.1255 top5 0.3784
    [23:40:18] step 4700/5625 | avg train loss 3.1153 top1 0.1256 top5 0.3785
    [23:40:23] step 4725/5625 | avg train loss 3.1154 top1 0.1255 top5 0.3784
    [23:40:28] step 4750/5625 | avg train loss 3.1150 top1 0.1256 top5 0.3786
    [23:40:33] step 4775/5625 | avg train loss 3.1135 top1 0.1258 top5 0.3792
    [23:40:38] step 4800/5625 | avg train loss 3.1128 top1 0.1259 top5 0.3791
    [23:40:43] step 4825/5625 | avg train loss 3.1117 top1 0.1264 top5 0.3796
    [23:40:48] step 4850/5625 | avg train loss 3.1110 top1 0.1266 top5 0.3800
    [23:40:53] step 4875/5625 | avg train loss 3.1101 top1 0.1269 top5 0.3801
    [23:40:58] step 4900/5625 | avg train loss 3.1090 top1 0.1272 top5 0.3807
    [23:41:04] step 4925/5625 | avg train loss 3.1083 top1 0.1274 top5 0.3808
    [23:41:09] step 4950/5625 | avg train loss 3.1084 top1 0.1275 top5 0.3810
    [23:41:14] step 4975/5625 | avg train loss 3.1079 top1 0.1276 top5 0.3810
    [23:41:19] step 5000/5625 | avg train loss 3.1073 top1 0.1280 top5 0.3812
    [23:41:24] step 5025/5625 | avg train loss 3.1069 top1 0.1279 top5 0.3815
    [23:41:29] step 5050/5625 | avg train loss 3.1069 top1 0.1278 top5 0.3812
    [23:41:34] step 5075/5625 | avg train loss 3.1059 top1 0.1283 top5 0.3817
    [23:41:39] step 5100/5625 | avg train loss 3.1051 top1 0.1285 top5 0.3822
    [23:41:44] step 5125/5625 | avg train loss 3.1050 top1 0.1285 top5 0.3824
    [23:41:49] step 5150/5625 | avg train loss 3.1049 top1 0.1286 top5 0.3823
    [23:41:54] step 5175/5625 | avg train loss 3.1050 top1 0.1286 top5 0.3825
    [23:41:59] step 5200/5625 | avg train loss 3.1050 top1 0.1287 top5 0.3828
    [23:42:04] step 5225/5625 | avg train loss 3.1042 top1 0.1288 top5 0.3832
    [23:42:09] step 5250/5625 | avg train loss 3.1037 top1 0.1287 top5 0.3831
    [23:42:14] step 5275/5625 | avg train loss 3.1030 top1 0.1290 top5 0.3834
    [23:42:19] step 5300/5625 | avg train loss 3.1029 top1 0.1291 top5 0.3834
    [23:42:24] step 5325/5625 | avg train loss 3.1026 top1 0.1292 top5 0.3838
    [23:42:29] step 5350/5625 | avg train loss 3.1012 top1 0.1295 top5 0.3838
    [23:42:34] step 5375/5625 | avg train loss 3.1006 top1 0.1297 top5 0.3839
    [23:42:39] step 5400/5625 | avg train loss 3.1004 top1 0.1298 top5 0.3841
    [23:42:44] step 5425/5625 | avg train loss 3.1006 top1 0.1299 top5 0.3842
    [23:42:49] step 5450/5625 | avg train loss 3.1000 top1 0.1301 top5 0.3843
    [23:42:54] step 5475/5625 | avg train loss 3.0994 top1 0.1302 top5 0.3844
    [23:42:59] step 5500/5625 | avg train loss 3.0992 top1 0.1303 top5 0.3845
    [23:43:04] step 5525/5625 | avg train loss 3.0979 top1 0.1309 top5 0.3851
    [23:43:09] step 5550/5625 | avg train loss 3.0973 top1 0.1310 top5 0.3853
    [23:43:14] step 5575/5625 | avg train loss 3.0966 top1 0.1312 top5 0.3854
    [23:43:19] step 5600/5625 | avg train loss 3.0963 top1 0.1313 top5 0.3854
    [23:43:24] step 5625/5625 | avg train loss 3.0964 top1 0.1313 top5 0.3855
Epoch 2/50 | train loss 3.0964 top1 0.1313 | val loss 2.9171 top1 0.1990 top5 0.4855 | ema holdout top1 0.0428 top5 0.2289
  Saved new best checkpoint (live): /Data/romain.poggi/smth2smth/checkpoints/track_a/videomaev2+ft/meanpool-mae150-s44.pt (val top1=0.1990)
    [23:45:00] step 25/5625 | avg train loss 3.0721 top1 0.1300 top5 0.4050
    [23:45:04] step 50/5625 | avg train loss 3.0407 top1 0.1300 top5 0.4000
    [23:45:10] step 75/5625 | avg train loss 3.0232 top1 0.1200 top5 0.3833
    [23:45:15] step 100/5625 | avg train loss 3.0175 top1 0.1313 top5 0.3962
    [23:45:20] step 125/5625 | avg train loss 3.0191 top1 0.1390 top5 0.4080
    [23:45:25] step 150/5625 | avg train loss 2.9714 top1 0.1475 top5 0.4158
    [23:45:30] step 175/5625 | avg train loss 2.9790 top1 0.1486 top5 0.4114
    [23:45:35] step 200/5625 | avg train loss 2.9877 top1 0.1456 top5 0.4125
    [23:45:40] step 225/5625 | avg train loss 2.9785 top1 0.1450 top5 0.4189
    [23:45:45] step 250/5625 | avg train loss 2.9705 top1 0.1465 top5 0.4130
    [23:45:50] step 275/5625 | avg train loss 2.9734 top1 0.1441 top5 0.4109
    [23:45:55] step 300/5625 | avg train loss 2.9844 top1 0.1479 top5 0.4092
    [23:46:00] step 325/5625 | avg train loss 2.9779 top1 0.1535 top5 0.4181
    [23:46:05] step 350/5625 | avg train loss 2.9786 top1 0.1546 top5 0.4232
    [23:46:10] step 375/5625 | avg train loss 2.9715 top1 0.1603 top5 0.4253
    [23:46:15] step 400/5625 | avg train loss 2.9668 top1 0.1609 top5 0.4256
    [23:46:20] step 425/5625 | avg train loss 2.9740 top1 0.1600 top5 0.4212
    [23:46:25] step 450/5625 | avg train loss 2.9810 top1 0.1611 top5 0.4194
    [23:46:30] step 475/5625 | avg train loss 2.9818 top1 0.1613 top5 0.4211
    [23:46:35] step 500/5625 | avg train loss 2.9764 top1 0.1648 top5 0.4263
    [23:46:40] step 525/5625 | avg train loss 2.9755 top1 0.1657 top5 0.4293
    [23:46:45] step 550/5625 | avg train loss 2.9687 top1 0.1655 top5 0.4291
    [23:46:50] step 575/5625 | avg train loss 2.9697 top1 0.1654 top5 0.4287
    [23:46:55] step 600/5625 | avg train loss 2.9729 top1 0.1631 top5 0.4256
    [23:47:00] step 625/5625 | avg train loss 2.9791 top1 0.1622 top5 0.4234
    [23:47:06] step 650/5625 | avg train loss 2.9827 top1 0.1608 top5 0.4221
    [23:47:11] step 675/5625 | avg train loss 2.9865 top1 0.1594 top5 0.4204
    [23:47:16] step 700/5625 | avg train loss 2.9859 top1 0.1598 top5 0.4211
    [23:47:21] step 725/5625 | avg train loss 2.9863 top1 0.1595 top5 0.4205
    [23:47:26] step 750/5625 | avg train loss 2.9883 top1 0.1597 top5 0.4205
    [23:47:31] step 775/5625 | avg train loss 2.9887 top1 0.1595 top5 0.4194
    [23:47:36] step 800/5625 | avg train loss 2.9842 top1 0.1600 top5 0.4194
    [23:47:41] step 825/5625 | avg train loss 2.9846 top1 0.1602 top5 0.4203
    [23:47:46] step 850/5625 | avg train loss 2.9847 top1 0.1594 top5 0.4188
    [23:47:51] step 875/5625 | avg train loss 2.9867 top1 0.1594 top5 0.4173
    [23:47:56] step 900/5625 | avg train loss 2.9863 top1 0.1599 top5 0.4175
    [23:48:01] step 925/5625 | avg train loss 2.9852 top1 0.1588 top5 0.4161
    [23:48:06] step 950/5625 | avg train loss 2.9873 top1 0.1580 top5 0.4154
    [23:48:11] step 975/5625 | avg train loss 2.9878 top1 0.1577 top5 0.4150
    [23:48:16] step 1000/5625 | avg train loss 2.9832 top1 0.1581 top5 0.4163
    [23:48:21] step 1025/5625 | avg train loss 2.9864 top1 0.1573 top5 0.4157
    [23:48:26] step 1050/5625 | avg train loss 2.9837 top1 0.1589 top5 0.4164
    [23:48:31] step 1075/5625 | avg train loss 2.9829 top1 0.1592 top5 0.4153
    [23:48:36] step 1100/5625 | avg train loss 2.9874 top1 0.1581 top5 0.4134
    [23:48:41] step 1125/5625 | avg train loss 2.9849 top1 0.1588 top5 0.4152
    [23:48:46] step 1150/5625 | avg train loss 2.9857 top1 0.1585 top5 0.4136
    [23:48:51] step 1175/5625 | avg train loss 2.9864 top1 0.1584 top5 0.4140
    [23:48:56] step 1200/5625 | avg train loss 2.9868 top1 0.1580 top5 0.4136
    [23:49:02] step 1225/5625 | avg train loss 2.9860 top1 0.1580 top5 0.4148
    [23:49:07] step 1250/5625 | avg train loss 2.9844 top1 0.1595 top5 0.4154
    [23:49:12] step 1275/5625 | avg train loss 2.9852 top1 0.1591 top5 0.4146
    [23:49:17] step 1300/5625 | avg train loss 2.9848 top1 0.1599 top5 0.4152
    [23:49:22] step 1325/5625 | avg train loss 2.9821 top1 0.1608 top5 0.4152
    [23:49:27] step 1350/5625 | avg train loss 2.9822 top1 0.1606 top5 0.4153
    [23:49:32] step 1375/5625 | avg train loss 2.9825 top1 0.1607 top5 0.4160
    [23:49:37] step 1400/5625 | avg train loss 2.9797 top1 0.1617 top5 0.4171
    [23:49:42] step 1425/5625 | avg train loss 2.9795 top1 0.1618 top5 0.4173
    [23:49:47] step 1450/5625 | avg train loss 2.9815 top1 0.1609 top5 0.4163
    [23:49:52] step 1475/5625 | avg train loss 2.9830 top1 0.1600 top5 0.4153
    [23:49:57] step 1500/5625 | avg train loss 2.9847 top1 0.1598 top5 0.4158
    [23:50:02] step 1525/5625 | avg train loss 2.9812 top1 0.1605 top5 0.4170
    [23:50:07] step 1550/5625 | avg train loss 2.9784 top1 0.1606 top5 0.4171
    [23:50:12] step 1575/5625 | avg train loss 2.9774 top1 0.1610 top5 0.4174
    [23:50:17] step 1600/5625 | avg train loss 2.9756 top1 0.1609 top5 0.4177
    [23:50:22] step 1625/5625 | avg train loss 2.9763 top1 0.1605 top5 0.4175
    [23:50:27] step 1650/5625 | avg train loss 2.9770 top1 0.1602 top5 0.4181
    [23:50:32] step 1675/5625 | avg train loss 2.9766 top1 0.1598 top5 0.4182
    [23:50:37] step 1700/5625 | avg train loss 2.9752 top1 0.1595 top5 0.4184
    [23:50:42] step 1725/5625 | avg train loss 2.9749 top1 0.1599 top5 0.4189
    [23:50:47] step 1750/5625 | avg train loss 2.9739 top1 0.1596 top5 0.4191
    [23:50:53] step 1775/5625 | avg train loss 2.9717 top1 0.1596 top5 0.4202
    [23:50:58] step 1800/5625 | avg train loss 2.9739 top1 0.1590 top5 0.4190
    [23:51:03] step 1825/5625 | avg train loss 2.9758 top1 0.1586 top5 0.4184
    [23:51:08] step 1850/5625 | avg train loss 2.9755 top1 0.1587 top5 0.4190
    [23:51:13] step 1875/5625 | avg train loss 2.9759 top1 0.1589 top5 0.4189
    [23:51:18] step 1900/5625 | avg train loss 2.9762 top1 0.1589 top5 0.4184
    [23:51:23] step 1925/5625 | avg train loss 2.9758 top1 0.1591 top5 0.4188
    [23:51:28] step 1950/5625 | avg train loss 2.9745 top1 0.1593 top5 0.4192
    [23:51:33] step 1975/5625 | avg train loss 2.9735 top1 0.1594 top5 0.4197
    [23:51:38] step 2000/5625 | avg train loss 2.9727 top1 0.1600 top5 0.4196
    [23:51:43] step 2025/5625 | avg train loss 2.9733 top1 0.1602 top5 0.4197
    [23:51:48] step 2050/5625 | avg train loss 2.9724 top1 0.1605 top5 0.4206
    [23:51:53] step 2075/5625 | avg train loss 2.9735 top1 0.1604 top5 0.4208
    [23:51:58] step 2100/5625 | avg train loss 2.9742 top1 0.1602 top5 0.4208
    [23:52:03] step 2125/5625 | avg train loss 2.9753 top1 0.1598 top5 0.4207
    [23:52:08] step 2150/5625 | avg train loss 2.9753 top1 0.1598 top5 0.4208
    [23:52:13] step 2175/5625 | avg train loss 2.9758 top1 0.1598 top5 0.4206
    [23:52:18] step 2200/5625 | avg train loss 2.9765 top1 0.1595 top5 0.4195
    [23:52:23] step 2225/5625 | avg train loss 2.9771 top1 0.1600 top5 0.4193
    [23:52:28] step 2250/5625 | avg train loss 2.9784 top1 0.1601 top5 0.4190
    [23:52:33] step 2275/5625 | avg train loss 2.9772 top1 0.1602 top5 0.4194
    [23:52:38] step 2300/5625 | avg train loss 2.9779 top1 0.1599 top5 0.4195
    [23:52:43] step 2325/5625 | avg train loss 2.9786 top1 0.1602 top5 0.4195
    [23:52:48] step 2350/5625 | avg train loss 2.9771 top1 0.1602 top5 0.4195
    [23:52:54] step 2375/5625 | avg train loss 2.9772 top1 0.1600 top5 0.4196
    [23:52:59] step 2400/5625 | avg train loss 2.9754 top1 0.1607 top5 0.4207
    [23:53:04] step 2425/5625 | avg train loss 2.9757 top1 0.1606 top5 0.4207
    [23:53:09] step 2450/5625 | avg train loss 2.9741 top1 0.1608 top5 0.4213
    [23:53:14] step 2475/5625 | avg train loss 2.9739 top1 0.1607 top5 0.4216
    [23:53:19] step 2500/5625 | avg train loss 2.9733 top1 0.1613 top5 0.4219
    [23:53:24] step 2525/5625 | avg train loss 2.9730 top1 0.1611 top5 0.4218
    [23:53:29] step 2550/5625 | avg train loss 2.9727 top1 0.1612 top5 0.4215
    [23:53:34] step 2575/5625 | avg train loss 2.9717 top1 0.1615 top5 0.4223
    [23:53:39] step 2600/5625 | avg train loss 2.9706 top1 0.1617 top5 0.4220
    [23:53:44] step 2625/5625 | avg train loss 2.9703 top1 0.1619 top5 0.4216
    [23:53:49] step 2650/5625 | avg train loss 2.9707 top1 0.1618 top5 0.4216
    [23:53:54] step 2675/5625 | avg train loss 2.9703 top1 0.1618 top5 0.4220
    [23:53:59] step 2700/5625 | avg train loss 2.9708 top1 0.1617 top5 0.4217
    [23:54:04] step 2725/5625 | avg train loss 2.9710 top1 0.1615 top5 0.4214
    [23:54:09] step 2750/5625 | avg train loss 2.9693 top1 0.1620 top5 0.4217
    [23:54:14] step 2775/5625 | avg train loss 2.9688 top1 0.1618 top5 0.4222
    [23:54:19] step 2800/5625 | avg train loss 2.9692 top1 0.1617 top5 0.4223
    [23:54:25] step 2825/5625 | avg train loss 2.9686 top1 0.1617 top5 0.4222
    [23:54:30] step 2850/5625 | avg train loss 2.9680 top1 0.1619 top5 0.4218
    [23:54:35] step 2875/5625 | avg train loss 2.9668 top1 0.1626 top5 0.4225
    [23:54:40] step 2900/5625 | avg train loss 2.9655 top1 0.1632 top5 0.4230
    [23:54:45] step 2925/5625 | avg train loss 2.9645 top1 0.1635 top5 0.4232
    [23:54:50] step 2950/5625 | avg train loss 2.9635 top1 0.1637 top5 0.4234
    [23:54:55] step 2975/5625 | avg train loss 2.9629 top1 0.1636 top5 0.4237
    [23:55:00] step 3000/5625 | avg train loss 2.9632 top1 0.1635 top5 0.4236
    [23:55:05] step 3025/5625 | avg train loss 2.9634 top1 0.1633 top5 0.4237
    [23:55:10] step 3050/5625 | avg train loss 2.9615 top1 0.1640 top5 0.4247
    [23:55:15] step 3075/5625 | avg train loss 2.9611 top1 0.1643 top5 0.4248
    [23:55:20] step 3100/5625 | avg train loss 2.9603 top1 0.1644 top5 0.4248
    [23:55:25] step 3125/5625 | avg train loss 2.9598 top1 0.1641 top5 0.4250
    [23:55:30] step 3150/5625 | avg train loss 2.9607 top1 0.1640 top5 0.4249
    [23:55:35] step 3175/5625 | avg train loss 2.9590 top1 0.1644 top5 0.4253
    [23:55:40] step 3200/5625 | avg train loss 2.9591 top1 0.1642 top5 0.4250
    [23:55:45] step 3225/5625 | avg train loss 2.9595 top1 0.1643 top5 0.4247
    [23:55:51] step 3250/5625 | avg train loss 2.9605 top1 0.1642 top5 0.4244
    [23:55:56] step 3275/5625 | avg train loss 2.9599 top1 0.1644 top5 0.4246
    [23:56:01] step 3300/5625 | avg train loss 2.9588 top1 0.1645 top5 0.4247
    [23:56:06] step 3325/5625 | avg train loss 2.9591 top1 0.1644 top5 0.4244
    [23:56:11] step 3350/5625 | avg train loss 2.9590 top1 0.1645 top5 0.4246
    [23:56:16] step 3375/5625 | avg train loss 2.9592 top1 0.1645 top5 0.4244
    [23:56:21] step 3400/5625 | avg train loss 2.9597 top1 0.1644 top5 0.4245
    [23:56:26] step 3425/5625 | avg train loss 2.9592 top1 0.1645 top5 0.4250
    [23:56:31] step 3450/5625 | avg train loss 2.9594 top1 0.1646 top5 0.4250
    [23:56:36] step 3475/5625 | avg train loss 2.9591 top1 0.1646 top5 0.4246
    [23:56:41] step 3500/5625 | avg train loss 2.9589 top1 0.1645 top5 0.4248
    [23:56:46] step 3525/5625 | avg train loss 2.9580 top1 0.1646 top5 0.4244
    [23:56:51] step 3550/5625 | avg train loss 2.9581 top1 0.1645 top5 0.4244
    [23:56:56] step 3575/5625 | avg train loss 2.9581 top1 0.1649 top5 0.4240
    [23:57:01] step 3600/5625 | avg train loss 2.9571 top1 0.1648 top5 0.4243
    [23:57:06] step 3625/5625 | avg train loss 2.9575 top1 0.1648 top5 0.4244
    [23:57:11] step 3650/5625 | avg train loss 2.9575 top1 0.1648 top5 0.4245
    [23:57:16] step 3675/5625 | avg train loss 2.9560 top1 0.1653 top5 0.4252
    [23:57:21] step 3700/5625 | avg train loss 2.9555 top1 0.1654 top5 0.4254
    [23:57:27] step 3725/5625 | avg train loss 2.9546 top1 0.1656 top5 0.4258
    [23:57:32] step 3750/5625 | avg train loss 2.9542 top1 0.1661 top5 0.4264
    [23:57:37] step 3775/5625 | avg train loss 2.9524 top1 0.1667 top5 0.4268
    [23:57:42] step 3800/5625 | avg train loss 2.9517 top1 0.1667 top5 0.4267
    [23:57:47] step 3825/5625 | avg train loss 2.9517 top1 0.1667 top5 0.4266
    [23:57:52] step 3850/5625 | avg train loss 2.9507 top1 0.1667 top5 0.4269
    [23:57:57] step 3875/5625 | avg train loss 2.9513 top1 0.1664 top5 0.4268
    [23:58:02] step 3900/5625 | avg train loss 2.9508 top1 0.1665 top5 0.4270
    [23:58:07] step 3925/5625 | avg train loss 2.9499 top1 0.1668 top5 0.4273
    [23:58:12] step 3950/5625 | avg train loss 2.9485 top1 0.1671 top5 0.4278
    [23:58:17] step 3975/5625 | avg train loss 2.9490 top1 0.1670 top5 0.4276
    [23:58:22] step 4000/5625 | avg train loss 2.9483 top1 0.1668 top5 0.4273
    [23:58:27] step 4025/5625 | avg train loss 2.9490 top1 0.1666 top5 0.4272
    [23:58:32] step 4050/5625 | avg train loss 2.9493 top1 0.1669 top5 0.4273
    [23:58:37] step 4075/5625 | avg train loss 2.9493 top1 0.1671 top5 0.4274
    [23:58:42] step 4100/5625 | avg train loss 2.9490 top1 0.1670 top5 0.4274
    [23:58:47] step 4125/5625 | avg train loss 2.9488 top1 0.1670 top5 0.4273
    [23:58:53] step 4150/5625 | avg train loss 2.9489 top1 0.1671 top5 0.4273
    [23:58:58] step 4175/5625 | avg train loss 2.9494 top1 0.1671 top5 0.4272
    [23:59:03] step 4200/5625 | avg train loss 2.9501 top1 0.1671 top5 0.4265
    [23:59:08] step 4225/5625 | avg train loss 2.9510 top1 0.1666 top5 0.4261
    [23:59:13] step 4250/5625 | avg train loss 2.9509 top1 0.1665 top5 0.4261
    [23:59:18] step 4275/5625 | avg train loss 2.9500 top1 0.1666 top5 0.4264
    [23:59:23] step 4300/5625 | avg train loss 2.9494 top1 0.1669 top5 0.4264
    [23:59:28] step 4325/5625 | avg train loss 2.9481 top1 0.1673 top5 0.4267
    [23:59:33] step 4350/5625 | avg train loss 2.9483 top1 0.1672 top5 0.4267
    [23:59:38] step 4375/5625 | avg train loss 2.9495 top1 0.1670 top5 0.4262
    [23:59:43] step 4400/5625 | avg train loss 2.9497 top1 0.1667 top5 0.4263
    [23:59:48] step 4425/5625 | avg train loss 2.9483 top1 0.1669 top5 0.4266
    [23:59:53] step 4450/5625 | avg train loss 2.9477 top1 0.1673 top5 0.4267
    [23:59:58] step 4475/5625 | avg train loss 2.9474 top1 0.1671 top5 0.4266
    [00:00:03] step 4500/5625 | avg train loss 2.9473 top1 0.1670 top5 0.4265
    [00:00:09] step 4525/5625 | avg train loss 2.9466 top1 0.1674 top5 0.4268
    [00:00:14] step 4550/5625 | avg train loss 2.9468 top1 0.1675 top5 0.4268
    [00:00:19] step 4575/5625 | avg train loss 2.9466 top1 0.1674 top5 0.4265
    [00:00:24] step 4600/5625 | avg train loss 2.9458 top1 0.1676 top5 0.4268
    [00:00:29] step 4625/5625 | avg train loss 2.9458 top1 0.1676 top5 0.4269
    [00:00:34] step 4650/5625 | avg train loss 2.9460 top1 0.1676 top5 0.4268
    [00:00:39] step 4675/5625 | avg train loss 2.9461 top1 0.1677 top5 0.4266
    [00:00:44] step 4700/5625 | avg train loss 2.9458 top1 0.1676 top5 0.4261
    [00:00:49] step 4725/5625 | avg train loss 2.9448 top1 0.1676 top5 0.4261
    [00:00:54] step 4750/5625 | avg train loss 2.9444 top1 0.1678 top5 0.4261
    [00:00:59] step 4775/5625 | avg train loss 2.9435 top1 0.1680 top5 0.4265
    [00:01:04] step 4800/5625 | avg train loss 2.9438 top1 0.1679 top5 0.4265
    [00:01:09] step 4825/5625 | avg train loss 2.9446 top1 0.1678 top5 0.4263
    [00:01:14] step 4850/5625 | avg train loss 2.9449 top1 0.1678 top5 0.4263
    [00:01:19] step 4875/5625 | avg train loss 2.9445 top1 0.1680 top5 0.4266
    [00:01:24] step 4900/5625 | avg train loss 2.9445 top1 0.1681 top5 0.4263
    [00:01:29] step 4925/5625 | avg train loss 2.9440 top1 0.1681 top5 0.4264
    [00:01:34] step 4950/5625 | avg train loss 2.9431 top1 0.1684 top5 0.4268
    [00:01:40] step 4975/5625 | avg train loss 2.9434 top1 0.1684 top5 0.4267
    [00:01:45] step 5000/5625 | avg train loss 2.9430 top1 0.1686 top5 0.4269
    [00:01:50] step 5025/5625 | avg train loss 2.9424 top1 0.1686 top5 0.4269
    [00:01:55] step 5050/5625 | avg train loss 2.9419 top1 0.1686 top5 0.4269
    [00:02:00] step 5075/5625 | avg train loss 2.9418 top1 0.1685 top5 0.4267
    [00:02:05] step 5100/5625 | avg train loss 2.9416 top1 0.1687 top5 0.4270
    [00:02:10] step 5125/5625 | avg train loss 2.9416 top1 0.1688 top5 0.4273
    [00:02:15] step 5150/5625 | avg train loss 2.9411 top1 0.1689 top5 0.4273
    [00:02:20] step 5175/5625 | avg train loss 2.9408 top1 0.1693 top5 0.4277
    [00:02:25] step 5200/5625 | avg train loss 2.9406 top1 0.1693 top5 0.4278
    [00:02:30] step 5225/5625 | avg train loss 2.9407 top1 0.1694 top5 0.4278
    [00:02:35] step 5250/5625 | avg train loss 2.9411 top1 0.1691 top5 0.4274
    [00:02:40] step 5275/5625 | avg train loss 2.9408 top1 0.1691 top5 0.4271
    [00:02:45] step 5300/5625 | avg train loss 2.9408 top1 0.1689 top5 0.4270
    [00:02:50] step 5325/5625 | avg train loss 2.9410 top1 0.1688 top5 0.4270
    [00:02:55] step 5350/5625 | avg train loss 2.9400 top1 0.1690 top5 0.4273
    [00:03:00] step 5375/5625 | avg train loss 2.9394 top1 0.1693 top5 0.4276
    [00:03:06] step 5400/5625 | avg train loss 2.9388 top1 0.1694 top5 0.4278
    [00:03:11] step 5425/5625 | avg train loss 2.9381 top1 0.1696 top5 0.4279
    [00:03:16] step 5450/5625 | avg train loss 2.9382 top1 0.1694 top5 0.4278
    [00:03:21] step 5475/5625 | avg train loss 2.9373 top1 0.1699 top5 0.4282
    [00:03:26] step 5500/5625 | avg train loss 2.9362 top1 0.1704 top5 0.4288
    [00:03:31] step 5525/5625 | avg train loss 2.9355 top1 0.1703 top5 0.4288
    [00:03:36] step 5550/5625 | avg train loss 2.9349 top1 0.1705 top5 0.4287
    [00:03:41] step 5575/5625 | avg train loss 2.9351 top1 0.1705 top5 0.4287
    [00:03:46] step 5600/5625 | avg train loss 2.9347 top1 0.1706 top5 0.4286
    [00:03:51] step 5625/5625 | avg train loss 2.9344 top1 0.1704 top5 0.4284
Epoch 3/50 | train loss 2.9344 top1 0.1704 | val loss 2.6054 top1 0.2731 top5 0.6010 | ema holdout top1 0.0503 top5 0.2611
  Saved new best checkpoint (live): /Data/romain.poggi/smth2smth/checkpoints/track_a/videomaev2+ft/meanpool-mae150-s44.pt (val top1=0.2731)
    [00:05:27] step 25/5625 | avg train loss 2.9098 top1 0.1400 top5 0.4700
    [00:05:32] step 50/5625 | avg train loss 2.9320 top1 0.1350 top5 0.4450
    [00:05:37] step 75/5625 | avg train loss 2.9120 top1 0.1533 top5 0.4550
    [00:05:42] step 100/5625 | avg train loss 2.9012 top1 0.1725 top5 0.4700
    [00:05:47] step 125/5625 | avg train loss 2.9122 top1 0.1730 top5 0.4610
    [00:05:52] step 150/5625 | avg train loss 2.8792 top1 0.1833 top5 0.4717
    [00:05:57] step 175/5625 | avg train loss 2.8838 top1 0.1829 top5 0.4643
    [00:06:02] step 200/5625 | avg train loss 2.8654 top1 0.1856 top5 0.4694
    [00:06:07] step 225/5625 | avg train loss 2.8732 top1 0.1844 top5 0.4717
    [00:06:12] step 250/5625 | avg train loss 2.8828 top1 0.1835 top5 0.4670
    [00:06:17] step 275/5625 | avg train loss 2.8759 top1 0.1855 top5 0.4686
    [00:06:22] step 300/5625 | avg train loss 2.8864 top1 0.1850 top5 0.4633
    [00:06:27] step 325/5625 | avg train loss 2.8889 top1 0.1869 top5 0.4627
    [00:06:32] step 350/5625 | avg train loss 2.8760 top1 0.1893 top5 0.4657
    [00:06:37] step 375/5625 | avg train loss 2.8692 top1 0.1933 top5 0.4683
    [00:06:42] step 400/5625 | avg train loss 2.8701 top1 0.1916 top5 0.4675
    [00:06:47] step 425/5625 | avg train loss 2.8616 top1 0.1950 top5 0.4674
    [00:06:52] step 450/5625 | avg train loss 2.8594 top1 0.1939 top5 0.4658
    [00:06:57] step 475/5625 | avg train loss 2.8612 top1 0.1950 top5 0.4655
    [00:07:02] step 500/5625 | avg train loss 2.8653 top1 0.1945 top5 0.4665
    [00:07:07] step 525/5625 | avg train loss 2.8629 top1 0.1967 top5 0.4671
    [00:07:12] step 550/5625 | avg train loss 2.8589 top1 0.1980 top5 0.4675
    [00:07:17] step 575/5625 | avg train loss 2.8589 top1 0.1967 top5 0.4657
    [00:07:22] step 600/5625 | avg train loss 2.8553 top1 0.1979 top5 0.4673
    [00:07:28] step 625/5625 | avg train loss 2.8568 top1 0.1946 top5 0.4642
    [00:07:33] step 650/5625 | avg train loss 2.8614 top1 0.1929 top5 0.4612
    [00:07:38] step 675/5625 | avg train loss 2.8531 top1 0.1931 top5 0.4604
    [00:07:43] step 700/5625 | avg train loss 2.8556 top1 0.1936 top5 0.4595
    [00:07:48] step 725/5625 | avg train loss 2.8607 top1 0.1912 top5 0.4555
    [00:07:53] step 750/5625 | avg train loss 2.8603 top1 0.1918 top5 0.4572
    [00:07:58] step 775/5625 | avg train loss 2.8622 top1 0.1915 top5 0.4581
    [00:08:03] step 800/5625 | avg train loss 2.8674 top1 0.1895 top5 0.4542
    [00:08:08] step 825/5625 | avg train loss 2.8746 top1 0.1874 top5 0.4511
    [00:08:13] step 850/5625 | avg train loss 2.8776 top1 0.1869 top5 0.4501
    [00:08:18] step 875/5625 | avg train loss 2.8753 top1 0.1854 top5 0.4490
    [00:08:23] step 900/5625 | avg train loss 2.8787 top1 0.1849 top5 0.4483
    [00:08:28] step 925/5625 | avg train loss 2.8810 top1 0.1843 top5 0.4489
    [00:08:33] step 950/5625 | avg train loss 2.8828 top1 0.1850 top5 0.4466
    [00:08:38] step 975/5625 | avg train loss 2.8859 top1 0.1841 top5 0.4459
    [00:08:43] step 1000/5625 | avg train loss 2.8884 top1 0.1834 top5 0.4451
    [00:08:48] step 1025/5625 | avg train loss 2.8856 top1 0.1844 top5 0.4446
    [00:08:53] step 1050/5625 | avg train loss 2.8828 top1 0.1842 top5 0.4468
    [00:08:58] step 1075/5625 | avg train loss 2.8823 top1 0.1840 top5 0.4464
    [00:09:03] step 1100/5625 | avg train loss 2.8846 top1 0.1842 top5 0.4466
    [00:09:09] step 1125/5625 | avg train loss 2.8829 top1 0.1852 top5 0.4479
    [00:09:14] step 1150/5625 | avg train loss 2.8815 top1 0.1855 top5 0.4486
    [00:09:19] step 1175/5625 | avg train loss 2.8798 top1 0.1854 top5 0.4489
    [00:09:24] step 1200/5625 | avg train loss 2.8796 top1 0.1850 top5 0.4476
    [00:09:29] step 1225/5625 | avg train loss 2.8819 top1 0.1847 top5 0.4461
    [00:09:34] step 1250/5625 | avg train loss 2.8822 top1 0.1845 top5 0.4454
    [00:09:39] step 1275/5625 | avg train loss 2.8801 top1 0.1850 top5 0.4454
    [00:09:44] step 1300/5625 | avg train loss 2.8833 top1 0.1838 top5 0.4449
    [00:09:49] step 1325/5625 | avg train loss 2.8854 top1 0.1832 top5 0.4442
    [00:09:54] step 1350/5625 | avg train loss 2.8854 top1 0.1828 top5 0.4436
    [00:09:59] step 1375/5625 | avg train loss 2.8858 top1 0.1835 top5 0.4443
    [00:10:04] step 1400/5625 | avg train loss 2.8876 top1 0.1829 top5 0.4427
    [00:10:09] step 1425/5625 | avg train loss 2.8880 top1 0.1838 top5 0.4425
    [00:10:14] step 1450/5625 | avg train loss 2.8855 top1 0.1850 top5 0.4441
    [00:10:19] step 1475/5625 | avg train loss 2.8818 top1 0.1851 top5 0.4444
    [00:10:24] step 1500/5625 | avg train loss 2.8821 top1 0.1851 top5 0.4447
    [00:10:29] step 1525/5625 | avg train loss 2.8815 top1 0.1852 top5 0.4457
    [00:10:34] step 1550/5625 | avg train loss 2.8803 top1 0.1857 top5 0.4456
    [00:10:40] step 1575/5625 | avg train loss 2.8787 top1 0.1863 top5 0.4467
    [00:10:45] step 1600/5625 | avg train loss 2.8781 top1 0.1862 top5 0.4480
    [00:10:50] step 1625/5625 | avg train loss 2.8788 top1 0.1858 top5 0.4475
    [00:10:55] step 1650/5625 | avg train loss 2.8771 top1 0.1862 top5 0.4468
    [00:11:00] step 1675/5625 | avg train loss 2.8769 top1 0.1856 top5 0.4474
    [00:11:05] step 1700/5625 | avg train loss 2.8771 top1 0.1849 top5 0.4468
    [00:11:10] step 1725/5625 | avg train loss 2.8766 top1 0.1848 top5 0.4457
    [00:11:15] step 1750/5625 | avg train loss 2.8781 top1 0.1852 top5 0.4455
    [00:11:20] step 1775/5625 | avg train loss 2.8774 top1 0.1859 top5 0.4461
    [00:11:25] step 1800/5625 | avg train loss 2.8786 top1 0.1861 top5 0.4464
    [00:11:30] step 1825/5625 | avg train loss 2.8772 top1 0.1857 top5 0.4460
    [00:11:35] step 1850/5625 | avg train loss 2.8772 top1 0.1857 top5 0.4459
    [00:11:40] step 1875/5625 | avg train loss 2.8776 top1 0.1860 top5 0.4453
    [00:11:45] step 1900/5625 | avg train loss 2.8781 top1 0.1858 top5 0.4454
    [00:11:50] step 1925/5625 | avg train loss 2.8763 top1 0.1870 top5 0.4468
    [00:11:55] step 1950/5625 | avg train loss 2.8758 top1 0.1872 top5 0.4467
    [00:12:00] step 1975/5625 | avg train loss 2.8757 top1 0.1870 top5 0.4464
    [00:12:05] step 2000/5625 | avg train loss 2.8753 top1 0.1869 top5 0.4466
    [00:12:10] step 2025/5625 | avg train loss 2.8747 top1 0.1875 top5 0.4467
    [00:12:15] step 2050/5625 | avg train loss 2.8752 top1 0.1873 top5 0.4469
    [00:12:21] step 2075/5625 | avg train loss 2.8752 top1 0.1868 top5 0.4457
    [00:12:26] step 2100/5625 | avg train loss 2.8754 top1 0.1871 top5 0.4458
    [00:12:31] step 2125/5625 | avg train loss 2.8761 top1 0.1869 top5 0.4452
    [00:12:36] step 2150/5625 | avg train loss 2.8738 top1 0.1872 top5 0.4453
    [00:12:41] step 2175/5625 | avg train loss 2.8751 top1 0.1864 top5 0.4450
    [00:12:46] step 2200/5625 | avg train loss 2.8746 top1 0.1864 top5 0.4457
    [00:12:51] step 2225/5625 | avg train loss 2.8753 top1 0.1858 top5 0.4452
    [00:12:56] step 2250/5625 | avg train loss 2.8770 top1 0.1852 top5 0.4444
    [00:13:01] step 2275/5625 | avg train loss 2.8753 top1 0.1852 top5 0.4448
    [00:13:06] step 2300/5625 | avg train loss 2.8721 top1 0.1855 top5 0.4457
    [00:13:11] step 2325/5625 | avg train loss 2.8716 top1 0.1857 top5 0.4462
    [00:13:16] step 2350/5625 | avg train loss 2.8708 top1 0.1856 top5 0.4464
    [00:13:21] step 2375/5625 | avg train loss 2.8697 top1 0.1857 top5 0.4468
    [00:13:26] step 2400/5625 | avg train loss 2.8718 top1 0.1851 top5 0.4460
    [00:13:31] step 2425/5625 | avg train loss 2.8722 top1 0.1849 top5 0.4465
    [00:13:36] step 2450/5625 | avg train loss 2.8739 top1 0.1842 top5 0.4459
    [00:13:41] step 2475/5625 | avg train loss 2.8745 top1 0.1841 top5 0.4460
    [00:13:46] step 2500/5625 | avg train loss 2.8737 top1 0.1844 top5 0.4470
    [00:13:52] step 2525/5625 | avg train loss 2.8726 top1 0.1840 top5 0.4465
    [00:13:57] step 2550/5625 | avg train loss 2.8717 top1 0.1840 top5 0.4464
    [00:14:02] step 2575/5625 | avg train loss 2.8710 top1 0.1841 top5 0.4465
    [00:14:07] step 2600/5625 | avg train loss 2.8689 top1 0.1841 top5 0.4467
    [00:14:12] step 2625/5625 | avg train loss 2.8696 top1 0.1840 top5 0.4460
    [00:14:17] step 2650/5625 | avg train loss 2.8705 top1 0.1839 top5 0.4459
    [00:14:22] step 2675/5625 | avg train loss 2.8708 top1 0.1842 top5 0.4461
    [00:14:27] step 2700/5625 | avg train loss 2.8706 top1 0.1843 top5 0.4456
    [00:14:32] step 2725/5625 | avg train loss 2.8718 top1 0.1842 top5 0.4454
    [00:14:37] step 2750/5625 | avg train loss 2.8719 top1 0.1846 top5 0.4454
    [00:14:42] step 2775/5625 | avg train loss 2.8728 top1 0.1845 top5 0.4450
    [00:14:47] step 2800/5625 | avg train loss 2.8729 top1 0.1843 top5 0.4450
    [00:14:52] step 2825/5625 | avg train loss 2.8716 top1 0.1846 top5 0.4454
    [00:14:57] step 2850/5625 | avg train loss 2.8702 top1 0.1846 top5 0.4457
    [00:15:02] step 2875/5625 | avg train loss 2.8695 top1 0.1847 top5 0.4455
    [00:15:07] step 2900/5625 | avg train loss 2.8686 top1 0.1850 top5 0.4461
    [00:15:13] step 2925/5625 | avg train loss 2.8673 top1 0.1850 top5 0.4462
    [00:15:18] step 2950/5625 | avg train loss 2.8663 top1 0.1852 top5 0.4469
    [00:15:23] step 2975/5625 | avg train loss 2.8663 top1 0.1852 top5 0.4472
    [00:15:28] step 3000/5625 | avg train loss 2.8656 top1 0.1854 top5 0.4475
    [00:15:33] step 3025/5625 | avg train loss 2.8647 top1 0.1852 top5 0.4470
    [00:15:38] step 3050/5625 | avg train loss 2.8643 top1 0.1855 top5 0.4475
    [00:15:43] step 3075/5625 | avg train loss 2.8637 top1 0.1857 top5 0.4478
    [00:15:48] step 3100/5625 | avg train loss 2.8631 top1 0.1856 top5 0.4477
    [00:15:53] step 3125/5625 | avg train loss 2.8622 top1 0.1858 top5 0.4482
    [00:15:58] step 3150/5625 | avg train loss 2.8609 top1 0.1860 top5 0.4483
    [00:16:03] step 3175/5625 | avg train loss 2.8599 top1 0.1866 top5 0.4488
    [00:16:08] step 3200/5625 | avg train loss 2.8598 top1 0.1866 top5 0.4487
    [00:16:13] step 3225/5625 | avg train loss 2.8599 top1 0.1863 top5 0.4482
    [00:16:18] step 3250/5625 | avg train loss 2.8596 top1 0.1868 top5 0.4483
    [00:16:23] step 3275/5625 | avg train loss 2.8585 top1 0.1870 top5 0.4484
    [00:16:28] step 3300/5625 | avg train loss 2.8589 top1 0.1869 top5 0.4489
    [00:16:33] step 3325/5625 | avg train loss 2.8573 top1 0.1872 top5 0.4496
    [00:16:38] step 3350/5625 | avg train loss 2.8572 top1 0.1869 top5 0.4496
    [00:16:43] step 3375/5625 | avg train loss 2.8561 top1 0.1869 top5 0.4496
    [00:16:49] step 3400/5625 | avg train loss 2.8559 top1 0.1873 top5 0.4496
    [00:16:54] step 3425/5625 | avg train loss 2.8551 top1 0.1874 top5 0.4498
    [00:16:59] step 3450/5625 | avg train loss 2.8546 top1 0.1873 top5 0.4500
    [00:17:04] step 3475/5625 | avg train loss 2.8544 top1 0.1872 top5 0.4500
    [00:17:09] step 3500/5625 | avg train loss 2.8545 top1 0.1872 top5 0.4497
    [00:17:14] step 3525/5625 | avg train loss 2.8540 top1 0.1873 top5 0.4501
    [00:17:19] step 3550/5625 | avg train loss 2.8532 top1 0.1875 top5 0.4503
    [00:17:24] step 3575/5625 | avg train loss 2.8530 top1 0.1879 top5 0.4507
    [00:17:29] step 3600/5625 | avg train loss 2.8532 top1 0.1877 top5 0.4508
    [00:17:34] step 3625/5625 | avg train loss 2.8529 top1 0.1875 top5 0.4505
    [00:17:39] step 3650/5625 | avg train loss 2.8522 top1 0.1874 top5 0.4508
    [00:17:44] step 3675/5625 | avg train loss 2.8508 top1 0.1878 top5 0.4510
    [00:17:49] step 3700/5625 | avg train loss 2.8514 top1 0.1877 top5 0.4502
    [00:17:54] step 3725/5625 | avg train loss 2.8508 top1 0.1876 top5 0.4501
    [00:17:59] step 3750/5625 | avg train loss 2.8505 top1 0.1878 top5 0.4504
    [00:18:04] step 3775/5625 | avg train loss 2.8509 top1 0.1875 top5 0.4504
    [00:18:09] step 3800/5625 | avg train loss 2.8514 top1 0.1876 top5 0.4508
    [00:18:14] step 3825/5625 | avg train loss 2.8514 top1 0.1875 top5 0.4511
    [00:18:19] step 3850/5625 | avg train loss 2.8504 top1 0.1877 top5 0.4512
    [00:18:25] step 3875/5625 | avg train loss 2.8504 top1 0.1878 top5 0.4513
    [00:18:30] step 3900/5625 | avg train loss 2.8504 top1 0.1878 top5 0.4511
    [00:18:35] step 3925/5625 | avg train loss 2.8494 top1 0.1883 top5 0.4513
    [00:18:40] step 3950/5625 | avg train loss 2.8486 top1 0.1887 top5 0.4518
    [00:18:45] step 3975/5625 | avg train loss 2.8487 top1 0.1889 top5 0.4519
    [00:18:50] step 4000/5625 | avg train loss 2.8494 top1 0.1887 top5 0.4517
    [00:18:55] step 4025/5625 | avg train loss 2.8481 top1 0.1886 top5 0.4522
    [00:19:00] step 4050/5625 | avg train loss 2.8479 top1 0.1886 top5 0.4524
    [00:19:05] step 4075/5625 | avg train loss 2.8469 top1 0.1889 top5 0.4528
    [00:19:10] step 4100/5625 | avg train loss 2.8464 top1 0.1892 top5 0.4533
    [00:19:15] step 4125/5625 | avg train loss 2.8444 top1 0.1898 top5 0.4545
    [00:19:20] step 4150/5625 | avg train loss 2.8451 top1 0.1895 top5 0.4541
    [00:19:25] step 4175/5625 | avg train loss 2.8456 top1 0.1894 top5 0.4540
    [00:19:30] step 4200/5625 | avg train loss 2.8454 top1 0.1893 top5 0.4537
    [00:19:35] step 4225/5625 | avg train loss 2.8463 top1 0.1891 top5 0.4536
    [00:19:41] step 4250/5625 | avg train loss 2.8466 top1 0.1888 top5 0.4537
    [00:19:46] step 4275/5625 | avg train loss 2.8457 top1 0.1892 top5 0.4542
    [00:19:51] step 4300/5625 | avg train loss 2.8449 top1 0.1895 top5 0.4546
    [00:19:56] step 4325/5625 | avg train loss 2.8448 top1 0.1895 top5 0.4549
    [00:20:01] step 4350/5625 | avg train loss 2.8443 top1 0.1895 top5 0.4550
    [00:20:06] step 4375/5625 | avg train loss 2.8440 top1 0.1896 top5 0.4549
    [00:20:11] step 4400/5625 | avg train loss 2.8441 top1 0.1895 top5 0.4550
    [00:20:16] step 4425/5625 | avg train loss 2.8432 top1 0.1896 top5 0.4548
    [00:20:21] step 4450/5625 | avg train loss 2.8438 top1 0.1897 top5 0.4549
    [00:20:26] step 4475/5625 | avg train loss 2.8436 top1 0.1898 top5 0.4551
    [00:20:31] step 4500/5625 | avg train loss 2.8428 top1 0.1900 top5 0.4554
    [00:20:36] step 4525/5625 | avg train loss 2.8416 top1 0.1899 top5 0.4557
    [00:20:41] step 4550/5625 | avg train loss 2.8423 top1 0.1898 top5 0.4560
    [00:20:46] step 4575/5625 | avg train loss 2.8409 top1 0.1900 top5 0.4563
    [00:20:51] step 4600/5625 | avg train loss 2.8412 top1 0.1897 top5 0.4561
    [00:20:56] step 4625/5625 | avg train loss 2.8413 top1 0.1896 top5 0.4561
    [00:21:01] step 4650/5625 | avg train loss 2.8409 top1 0.1897 top5 0.4559
    [00:21:07] step 4675/5625 | avg train loss 2.8404 top1 0.1899 top5 0.4560
    [00:21:12] step 4700/5625 | avg train loss 2.8400 top1 0.1898 top5 0.4559
    [00:21:17] step 4725/5625 | avg train loss 2.8387 top1 0.1901 top5 0.4563
    [00:21:22] step 4750/5625 | avg train loss 2.8382 top1 0.1903 top5 0.4564
    [00:21:27] step 4775/5625 | avg train loss 2.8379 top1 0.1901 top5 0.4568
    [00:21:32] step 4800/5625 | avg train loss 2.8372 top1 0.1904 top5 0.4570
    [00:21:37] step 4825/5625 | avg train loss 2.8372 top1 0.1904 top5 0.4566
    [00:21:42] step 4850/5625 | avg train loss 2.8371 top1 0.1903 top5 0.4564
    [00:21:47] step 4875/5625 | avg train loss 2.8368 top1 0.1904 top5 0.4563
    [00:21:52] step 4900/5625 | avg train loss 2.8366 top1 0.1906 top5 0.4562
    [00:21:57] step 4925/5625 | avg train loss 2.8375 top1 0.1903 top5 0.4559
    [00:22:02] step 4950/5625 | avg train loss 2.8378 top1 0.1899 top5 0.4560
    [00:22:07] step 4975/5625 | avg train loss 2.8377 top1 0.1898 top5 0.4560
    [00:22:12] step 5000/5625 | avg train loss 2.8377 top1 0.1900 top5 0.4560
    [00:22:18] step 5025/5625 | avg train loss 2.8377 top1 0.1899 top5 0.4560
    [00:22:23] step 5050/5625 | avg train loss 2.8365 top1 0.1900 top5 0.4561
    [00:22:28] step 5075/5625 | avg train loss 2.8364 top1 0.1904 top5 0.4563
    [00:22:33] step 5100/5625 | avg train loss 2.8360 top1 0.1903 top5 0.4565
    [00:22:38] step 5125/5625 | avg train loss 2.8358 top1 0.1903 top5 0.4567
    [00:22:43] step 5150/5625 | avg train loss 2.8348 top1 0.1902 top5 0.4565
    [00:22:48] step 5175/5625 | avg train loss 2.8355 top1 0.1901 top5 0.4564
    [00:22:53] step 5200/5625 | avg train loss 2.8347 top1 0.1905 top5 0.4567
    [00:22:58] step 5225/5625 | avg train loss 2.8350 top1 0.1907 top5 0.4567
    [00:23:03] step 5250/5625 | avg train loss 2.8348 top1 0.1907 top5 0.4569
    [00:23:08] step 5275/5625 | avg train loss 2.8340 top1 0.1909 top5 0.4572
    [00:23:13] step 5300/5625 | avg train loss 2.8333 top1 0.1913 top5 0.4575
    [00:23:18] step 5325/5625 | avg train loss 2.8335 top1 0.1911 top5 0.4574
    [00:23:23] step 5350/5625 | avg train loss 2.8330 top1 0.1914 top5 0.4574
    [00:23:28] step 5375/5625 | avg train loss 2.8337 top1 0.1911 top5 0.4570
    [00:23:33] step 5400/5625 | avg train loss 2.8329 top1 0.1912 top5 0.4572
    [00:23:38] step 5425/5625 | avg train loss 2.8322 top1 0.1912 top5 0.4571
    [00:23:43] step 5450/5625 | avg train loss 2.8311 top1 0.1916 top5 0.4574
    [00:23:48] step 5475/5625 | avg train loss 2.8305 top1 0.1917 top5 0.4576
    [00:23:54] step 5500/5625 | avg train loss 2.8298 top1 0.1918 top5 0.4575
    [00:23:59] step 5525/5625 | avg train loss 2.8301 top1 0.1917 top5 0.4572
    [00:24:04] step 5550/5625 | avg train loss 2.8304 top1 0.1916 top5 0.4573
    [00:24:09] step 5575/5625 | avg train loss 2.8300 top1 0.1916 top5 0.4571
    [00:24:14] step 5600/5625 | avg train loss 2.8296 top1 0.1915 top5 0.4571
    [00:24:19] step 5625/5625 | avg train loss 2.8287 top1 0.1919 top5 0.4574
Epoch 4/50 | train loss 2.8287 top1 0.1919 | val loss 2.4478 top1 0.3094 top5 0.6676 | ema holdout top1 0.0574 top5 0.2912
  Saved new best checkpoint (live): /Data/romain.poggi/smth2smth/checkpoints/track_a/videomaev2+ft/meanpool-mae150-s44.pt (val top1=0.3094)
    [00:25:55] step 25/5625 | avg train loss 2.6840 top1 0.2200 top5 0.4500
    [00:26:00] step 50/5625 | avg train loss 2.7192 top1 0.2175 top5 0.4575
    [00:26:05] step 75/5625 | avg train loss 2.7406 top1 0.2083 top5 0.4300
    [00:26:10] step 100/5625 | avg train loss 2.7389 top1 0.2150 top5 0.4387
    [00:26:15] step 125/5625 | avg train loss 2.7507 top1 0.2160 top5 0.4450
    [00:26:20] step 150/5625 | avg train loss 2.7923 top1 0.2108 top5 0.4367
    [00:26:25] step 175/5625 | avg train loss 2.7813 top1 0.2114 top5 0.4457
    [00:26:30] step 200/5625 | avg train loss 2.7572 top1 0.2150 top5 0.4556
    [00:26:35] step 225/5625 | avg train loss 2.7512 top1 0.2117 top5 0.4611
    [00:26:40] step 250/5625 | avg train loss 2.7548 top1 0.2115 top5 0.4585
    [00:26:45] step 275/5625 | avg train loss 2.7610 top1 0.2059 top5 0.4568
    [00:26:50] step 300/5625 | avg train loss 2.7483 top1 0.2033 top5 0.4512
    [00:26:55] step 325/5625 | avg train loss 2.7488 top1 0.2031 top5 0.4546
    [00:27:00] step 350/5625 | avg train loss 2.7390 top1 0.2068 top5 0.4557
    [00:27:05] step 375/5625 | avg train loss 2.7483 top1 0.2087 top5 0.4580
    [00:27:10] step 400/5625 | avg train loss 2.7484 top1 0.2112 top5 0.4619
    [00:27:15] step 425/5625 | avg train loss 2.7499 top1 0.2059 top5 0.4574
    [00:27:20] step 450/5625 | avg train loss 2.7545 top1 0.2050 top5 0.4564
    [00:27:25] step 475/5625 | avg train loss 2.7489 top1 0.2045 top5 0.4584
    [00:27:30] step 500/5625 | avg train loss 2.7596 top1 0.2018 top5 0.4567
    [00:27:35] step 525/5625 | avg train loss 2.7619 top1 0.2029 top5 0.4540
    [00:27:40] step 550/5625 | avg train loss 2.7655 top1 0.2039 top5 0.4555
    [00:27:45] step 575/5625 | avg train loss 2.7665 top1 0.2017 top5 0.4517
    [00:27:51] step 600/5625 | avg train loss 2.7625 top1 0.2017 top5 0.4544
    [00:27:56] step 625/5625 | avg train loss 2.7607 top1 0.2018 top5 0.4554
    [00:28:01] step 650/5625 | avg train loss 2.7608 top1 0.2019 top5 0.4550
    [00:28:06] step 675/5625 | avg train loss 2.7620 top1 0.2015 top5 0.4561
    [00:28:11] step 700/5625 | avg train loss 2.7641 top1 0.2009 top5 0.4577
    [00:28:16] step 725/5625 | avg train loss 2.7555 top1 0.2016 top5 0.4603
    [00:28:21] step 750/5625 | avg train loss 2.7576 top1 0.2010 top5 0.4582
    [00:28:26] step 775/5625 | avg train loss 2.7615 top1 0.1987 top5 0.4577
    [00:28:31] step 800/5625 | avg train loss 2.7695 top1 0.1970 top5 0.4570
    [00:28:36] step 825/5625 | avg train loss 2.7673 top1 0.1980 top5 0.4576
    [00:28:41] step 850/5625 | avg train loss 2.7695 top1 0.1975 top5 0.4569
    [00:28:46] step 875/5625 | avg train loss 2.7709 top1 0.1979 top5 0.4574
    [00:28:51] step 900/5625 | avg train loss 2.7728 top1 0.1967 top5 0.4551
    [00:28:56] step 925/5625 | avg train loss 2.7700 top1 0.1969 top5 0.4541
    [00:29:01] step 950/5625 | avg train loss 2.7660 top1 0.1979 top5 0.4550
    [00:29:06] step 975/5625 | avg train loss 2.7651 top1 0.1990 top5 0.4550
    [00:29:11] step 1000/5625 | avg train loss 2.7661 top1 0.1970 top5 0.4542
    [00:29:16] step 1025/5625 | avg train loss 2.7647 top1 0.1984 top5 0.4550
    [00:29:21] step 1050/5625 | avg train loss 2.7629 top1 0.1992 top5 0.4569
    [00:29:26] step 1075/5625 | avg train loss 2.7630 top1 0.1985 top5 0.4565
    [00:29:32] step 1100/5625 | avg train loss 2.7685 top1 0.1963 top5 0.4541
    [00:29:37] step 1125/5625 | avg train loss 2.7694 top1 0.1972 top5 0.4547
    [00:29:42] step 1150/5625 | avg train loss 2.7698 top1 0.1972 top5 0.4547
    [00:29:47] step 1175/5625 | avg train loss 2.7685 top1 0.1981 top5 0.4555
    [00:29:52] step 1200/5625 | avg train loss 2.7735 top1 0.1979 top5 0.4552
    [00:29:57] step 1225/5625 | avg train loss 2.7750 top1 0.1982 top5 0.4556
    [00:30:02] step 1250/5625 | avg train loss 2.7754 top1 0.1974 top5 0.4554
    [00:30:07] step 1275/5625 | avg train loss 2.7754 top1 0.1972 top5 0.4551
    [00:30:12] step 1300/5625 | avg train loss 2.7780 top1 0.1963 top5 0.4535
    [00:30:17] step 1325/5625 | avg train loss 2.7801 top1 0.1953 top5 0.4531
    [00:30:22] step 1350/5625 | avg train loss 2.7773 top1 0.1956 top5 0.4544
    [00:30:27] step 1375/5625 | avg train loss 2.7765 top1 0.1961 top5 0.4561
    [00:30:32] step 1400/5625 | avg train loss 2.7771 top1 0.1972 top5 0.4564
    [00:30:37] step 1425/5625 | avg train loss 2.7812 top1 0.1969 top5 0.4561
    [00:30:42] step 1450/5625 | avg train loss 2.7817 top1 0.1968 top5 0.4559
    [00:30:47] step 1475/5625 | avg train loss 2.7817 top1 0.1978 top5 0.4574
    [00:30:52] step 1500/5625 | avg train loss 2.7833 top1 0.1977 top5 0.4568
    [00:30:57] step 1525/5625 | avg train loss 2.7822 top1 0.1980 top5 0.4573
    [00:31:02] step 1550/5625 | avg train loss 2.7820 top1 0.1980 top5 0.4571
    [00:31:07] step 1575/5625 | avg train loss 2.7798 top1 0.1982 top5 0.4571
    [00:31:12] step 1600/5625 | avg train loss 2.7815 top1 0.1978 top5 0.4568
    [00:31:17] step 1625/5625 | avg train loss 2.7806 top1 0.1976 top5 0.4558
    [00:31:23] step 1650/5625 | avg train loss 2.7772 top1 0.1991 top5 0.4574
    [00:31:28] step 1675/5625 | avg train loss 2.7761 top1 0.1995 top5 0.4582
    [00:31:33] step 1700/5625 | avg train loss 2.7757 top1 0.1992 top5 0.4579
    [00:31:38] step 1725/5625 | avg train loss 2.7749 top1 0.1988 top5 0.4575
    [00:31:43] step 1750/5625 | avg train loss 2.7726 top1 0.1999 top5 0.4576
    [00:31:48] step 1775/5625 | avg train loss 2.7729 top1 0.2001 top5 0.4585
    [00:31:53] step 1800/5625 | avg train loss 2.7733 top1 0.2003 top5 0.4587
    [00:31:58] step 1825/5625 | avg train loss 2.7723 top1 0.2004 top5 0.4592
    [00:32:03] step 1850/5625 | avg train loss 2.7725 top1 0.2001 top5 0.4585
    [00:32:08] step 1875/5625 | avg train loss 2.7720 top1 0.2002 top5 0.4601
    [00:32:13] step 1900/5625 | avg train loss 2.7756 top1 0.1997 top5 0.4589
    [00:32:18] step 1925/5625 | avg train loss 2.7758 top1 0.1997 top5 0.4595
    [00:32:23] step 1950/5625 | avg train loss 2.7755 top1 0.1997 top5 0.4589
    [00:32:28] step 1975/5625 | avg train loss 2.7762 top1 0.1999 top5 0.4596
    [00:32:33] step 2000/5625 | avg train loss 2.7735 top1 0.2001 top5 0.4592
    [00:32:38] step 2025/5625 | avg train loss 2.7729 top1 0.1998 top5 0.4585
    [00:32:43] step 2050/5625 | avg train loss 2.7717 top1 0.2002 top5 0.4584
    [00:32:48] step 2075/5625 | avg train loss 2.7715 top1 0.2004 top5 0.4588
    [00:32:53] step 2100/5625 | avg train loss 2.7713 top1 0.2004 top5 0.4584
    [00:32:58] step 2125/5625 | avg train loss 2.7723 top1 0.1998 top5 0.4581
    [00:33:04] step 2150/5625 | avg train loss 2.7725 top1 0.2000 top5 0.4587
    [00:33:09] step 2175/5625 | avg train loss 2.7714 top1 0.2007 top5 0.4594
    [00:33:14] step 2200/5625 | avg train loss 2.7702 top1 0.2016 top5 0.4601
    [00:33:19] step 2225/5625 | avg train loss 2.7705 top1 0.2019 top5 0.4607
    [00:33:24] step 2250/5625 | avg train loss 2.7699 top1 0.2016 top5 0.4604
    [00:33:29] step 2275/5625 | avg train loss 2.7697 top1 0.2012 top5 0.4605
    [00:33:34] step 2300/5625 | avg train loss 2.7708 top1 0.2008 top5 0.4604
    [00:33:39] step 2325/5625 | avg train loss 2.7698 top1 0.2014 top5 0.4613
    [00:33:44] step 2350/5625 | avg train loss 2.7728 top1 0.2012 top5 0.4607
    [00:33:49] step 2375/5625 | avg train loss 2.7735 top1 0.2008 top5 0.4602
    [00:33:54] step 2400/5625 | avg train loss 2.7744 top1 0.2006 top5 0.4605
    [00:33:59] step 2425/5625 | avg train loss 2.7743 top1 0.2006 top5 0.4604
    [00:34:04] step 2450/5625 | avg train loss 2.7776 top1 0.1999 top5 0.4597
    [00:34:09] step 2475/5625 | avg train loss 2.7770 top1 0.1996 top5 0.4593
    [00:34:14] step 2500/5625 | avg train loss 2.7765 top1 0.1999 top5 0.4597
    [00:34:19] step 2525/5625 | avg train loss 2.7772 top1 0.2001 top5 0.4595
    [00:34:24] step 2550/5625 | avg train loss 2.7780 top1 0.1999 top5 0.4596
    [00:34:29] step 2575/5625 | avg train loss 2.7770 top1 0.2002 top5 0.4600
    [00:34:34] step 2600/5625 | avg train loss 2.7776 top1 0.2000 top5 0.4598
    [00:34:40] step 2625/5625 | avg train loss 2.7772 top1 0.1998 top5 0.4596
    [00:34:45] step 2650/5625 | avg train loss 2.7772 top1 0.1994 top5 0.4599
    [00:34:50] step 2675/5625 | avg train loss 2.7774 top1 0.1995 top5 0.4605
    [00:34:55] step 2700/5625 | avg train loss 2.7775 top1 0.1993 top5 0.4602
    [00:35:00] step 2725/5625 | avg train loss 2.7776 top1 0.2000 top5 0.4608
    [00:35:05] step 2750/5625 | avg train loss 2.7770 top1 0.2001 top5 0.4615
    [00:35:10] step 2775/5625 | avg train loss 2.7762 top1 0.2003 top5 0.4624
    [00:35:15] step 2800/5625 | avg train loss 2.7747 top1 0.2008 top5 0.4631
    [00:35:20] step 2825/5625 | avg train loss 2.7729 top1 0.2014 top5 0.4634
    [00:35:25] step 2850/5625 | avg train loss 2.7709 top1 0.2018 top5 0.4644
    [00:35:30] step 2875/5625 | avg train loss 2.7713 top1 0.2018 top5 0.4643
    [00:35:35] step 2900/5625 | avg train loss 2.7713 top1 0.2017 top5 0.4647
    [00:35:40] step 2925/5625 | avg train loss 2.7728 top1 0.2017 top5 0.4650
    [00:35:45] step 2950/5625 | avg train loss 2.7726 top1 0.2018 top5 0.4651
    [00:35:50] step 2975/5625 | avg train loss 2.7731 top1 0.2017 top5 0.4652
    [00:35:55] step 3000/5625 | avg train loss 2.7715 top1 0.2021 top5 0.4655
    [00:36:00] step 3025/5625 | avg train loss 2.7711 top1 0.2022 top5 0.4656
    [00:36:05] step 3050/5625 | avg train loss 2.7710 top1 0.2024 top5 0.4659
    [00:36:10] step 3075/5625 | avg train loss 2.7702 top1 0.2030 top5 0.4668
    [00:36:15] step 3100/5625 | avg train loss 2.7714 top1 0.2030 top5 0.4668
    [00:36:21] step 3125/5625 | avg train loss 2.7704 top1 0.2032 top5 0.4668
    [00:36:26] step 3150/5625 | avg train loss 2.7707 top1 0.2029 top5 0.4666
    [00:36:31] step 3175/5625 | avg train loss 2.7719 top1 0.2028 top5 0.4663
    [00:36:36] step 3200/5625 | avg train loss 2.7714 top1 0.2030 top5 0.4663
    [00:36:41] step 3225/5625 | avg train loss 2.7716 top1 0.2030 top5 0.4666
    [00:36:46] step 3250/5625 | avg train loss 2.7708 top1 0.2031 top5 0.4668
    [00:36:51] step 3275/5625 | avg train loss 2.7707 top1 0.2026 top5 0.4666
    [00:36:56] step 3300/5625 | avg train loss 2.7709 top1 0.2027 top5 0.4670
    [00:37:01] step 3325/5625 | avg train loss 2.7705 top1 0.2031 top5 0.4677
    [00:37:06] step 3350/5625 | avg train loss 2.7705 top1 0.2029 top5 0.4677
    [00:37:11] step 3375/5625 | avg train loss 2.7696 top1 0.2031 top5 0.4684
    [00:37:16] step 3400/5625 | avg train loss 2.7703 top1 0.2031 top5 0.4681
    [00:37:21] step 3425/5625 | avg train loss 2.7704 top1 0.2030 top5 0.4684
    [00:37:26] step 3450/5625 | avg train loss 2.7701 top1 0.2032 top5 0.4685
    [00:37:31] step 3475/5625 | avg train loss 2.7695 top1 0.2031 top5 0.4687
    [00:37:36] step 3500/5625 | avg train loss 2.7704 top1 0.2026 top5 0.4678
    [00:37:41] step 3525/5625 | avg train loss 2.7687 top1 0.2030 top5 0.4687
    [00:37:46] step 3550/5625 | avg train loss 2.7685 top1 0.2033 top5 0.4688
    [00:37:51] step 3575/5625 | avg train loss 2.7680 top1 0.2033 top5 0.4684
    [00:37:56] step 3600/5625 | avg train loss 2.7686 top1 0.2032 top5 0.4685
    [00:38:01] step 3625/5625 | avg train loss 2.7689 top1 0.2033 top5 0.4684
    [00:38:06] step 3650/5625 | avg train loss 2.7689 top1 0.2033 top5 0.4684
    [00:38:11] step 3675/5625 | avg train loss 2.7673 top1 0.2038 top5 0.4692
    [00:38:16] step 3700/5625 | avg train loss 2.7670 top1 0.2043 top5 0.4695
    [00:38:22] step 3725/5625 | avg train loss 2.7665 top1 0.2041 top5 0.4699
    [00:38:27] step 3750/5625 | avg train loss 2.7663 top1 0.2044 top5 0.4698
    [00:38:32] step 3775/5625 | avg train loss 2.7661 top1 0.2045 top5 0.4697
    [00:38:37] step 3800/5625 | avg train loss 2.7635 top1 0.2051 top5 0.4703
    [00:38:42] step 3825/5625 | avg train loss 2.7632 top1 0.2055 top5 0.4704
    [00:38:47] step 3850/5625 | avg train loss 2.7632 top1 0.2054 top5 0.4704
    [00:38:52] step 3875/5625 | avg train loss 2.7647 top1 0.2050 top5 0.4703
    [00:38:57] step 3900/5625 | avg train loss 2.7652 top1 0.2051 top5 0.4701
    [00:39:02] step 3925/5625 | avg train loss 2.7660 top1 0.2053 top5 0.4704
    [00:39:07] step 3950/5625 | avg train loss 2.7670 top1 0.2049 top5 0.4699
    [00:39:12] step 3975/5625 | avg train loss 2.7676 top1 0.2051 top5 0.4698
    [00:39:17] step 4000/5625 | avg train loss 2.7669 top1 0.2054 top5 0.4696
    [00:39:22] step 4025/5625 | avg train loss 2.7669 top1 0.2051 top5 0.4695
    [00:39:27] step 4050/5625 | avg train loss 2.7665 top1 0.2053 top5 0.4694
    [00:39:32] step 4075/5625 | avg train loss 2.7665 top1 0.2053 top5 0.4694
    [00:39:37] step 4100/5625 | avg train loss 2.7646 top1 0.2059 top5 0.4702
    [00:39:42] step 4125/5625 | avg train loss 2.7652 top1 0.2059 top5 0.4701
    [00:39:47] step 4150/5625 | avg train loss 2.7654 top1 0.2056 top5 0.4698
    [00:39:52] step 4175/5625 | avg train loss 2.7655 top1 0.2055 top5 0.4698
    [00:39:57] step 4200/5625 | avg train loss 2.7646 top1 0.2055 top5 0.4698
    [00:40:02] step 4225/5625 | avg train loss 2.7647 top1 0.2057 top5 0.4699
    [00:40:07] step 4250/5625 | avg train loss 2.7641 top1 0.2056 top5 0.4698
    [00:40:12] step 4275/5625 | avg train loss 2.7630 top1 0.2059 top5 0.4700
    [00:40:17] step 4300/5625 | avg train loss 2.7624 top1 0.2057 top5 0.4699
    [00:40:22] step 4325/5625 | avg train loss 2.7623 top1 0.2059 top5 0.4701
    [00:40:27] step 4350/5625 | avg train loss 2.7623 top1 0.2058 top5 0.4702
    [00:40:32] step 4375/5625 | avg train loss 2.7611 top1 0.2057 top5 0.4702
    [00:40:37] step 4400/5625 | avg train loss 2.7603 top1 0.2061 top5 0.4708
    [00:40:42] step 4425/5625 | avg train loss 2.7597 top1 0.2059 top5 0.4706
    [00:40:47] step 4450/5625 | avg train loss 2.7596 top1 0.2059 top5 0.4705
    [00:40:52] step 4475/5625 | avg train loss 2.7590 top1 0.2059 top5 0.4708
    [00:40:57] step 4500/5625 | avg train loss 2.7596 top1 0.2059 top5 0.4707
    [00:41:03] step 4525/5625 | avg train loss 2.7595 top1 0.2059 top5 0.4707
    [00:41:08] step 4550/5625 | avg train loss 2.7600 top1 0.2058 top5 0.4707
    [00:41:13] step 4575/5625 | avg train loss 2.7590 top1 0.2062 top5 0.4711
    [00:41:18] step 4600/5625 | avg train loss 2.7605 top1 0.2058 top5 0.4707
    [00:41:23] step 4625/5625 | avg train loss 2.7588 top1 0.2065 top5 0.4712
    [00:41:28] step 4650/5625 | avg train loss 2.7590 top1 0.2067 top5 0.4715
    [00:41:33] step 4675/5625 | avg train loss 2.7584 top1 0.2069 top5 0.4718
    [00:41:38] step 4700/5625 | avg train loss 2.7592 top1 0.2066 top5 0.4716
    [00:41:43] step 4725/5625 | avg train loss 2.7586 top1 0.2066 top5 0.4717
    [00:41:48] step 4750/5625 | avg train loss 2.7586 top1 0.2064 top5 0.4715
    [00:41:53] step 4775/5625 | avg train loss 2.7585 top1 0.2063 top5 0.4718
    [00:41:58] step 4800/5625 | avg train loss 2.7583 top1 0.2064 top5 0.4720
    [00:42:03] step 4825/5625 | avg train loss 2.7585 top1 0.2063 top5 0.4719
    [00:42:08] step 4850/5625 | avg train loss 2.7587 top1 0.2063 top5 0.4720
    [00:42:13] step 4875/5625 | avg train loss 2.7583 top1 0.2067 top5 0.4720
    [00:42:18] step 4900/5625 | avg train loss 2.7582 top1 0.2067 top5 0.4717
    [00:42:23] step 4925/5625 | avg train loss 2.7584 top1 0.2067 top5 0.4717
    [00:42:28] step 4950/5625 | avg train loss 2.7576 top1 0.2071 top5 0.4719
    [00:42:33] step 4975/5625 | avg train loss 2.7580 top1 0.2070 top5 0.4722
    [00:42:38] step 5000/5625 | avg train loss 2.7580 top1 0.2071 top5 0.4725
    [00:42:43] step 5025/5625 | avg train loss 2.7588 top1 0.2068 top5 0.4722
    [00:42:48] step 5050/5625 | avg train loss 2.7591 top1 0.2068 top5 0.4722
    [00:42:53] step 5075/5625 | avg train loss 2.7588 top1 0.2069 top5 0.4724
    [00:42:58] step 5100/5625 | avg train loss 2.7581 top1 0.2068 top5 0.4723
    [00:43:03] step 5125/5625 | avg train loss 2.7569 top1 0.2071 top5 0.4729
    [00:43:08] step 5150/5625 | avg train loss 2.7571 top1 0.2071 top5 0.4726
    [00:43:13] step 5175/5625 | avg train loss 2.7575 top1 0.2070 top5 0.4726
    [00:43:18] step 5200/5625 | avg train loss 2.7575 top1 0.2071 top5 0.4725
    [00:43:23] step 5225/5625 | avg train loss 2.7566 top1 0.2070 top5 0.4726
    [00:43:28] step 5250/5625 | avg train loss 2.7562 top1 0.2075 top5 0.4731
    [00:43:34] step 5275/5625 | avg train loss 2.7559 top1 0.2076 top5 0.4730
    [00:43:39] step 5300/5625 | avg train loss 2.7559 top1 0.2078 top5 0.4730
    [00:43:44] step 5325/5625 | avg train loss 2.7557 top1 0.2078 top5 0.4731
    [00:43:49] step 5350/5625 | avg train loss 2.7560 top1 0.2078 top5 0.4730
    [00:43:54] step 5375/5625 | avg train loss 2.7567 top1 0.2076 top5 0.4731
    [00:43:59] step 5400/5625 | avg train loss 2.7569 top1 0.2080 top5 0.4734
    [00:44:04] step 5425/5625 | avg train loss 2.7576 top1 0.2078 top5 0.4732
    [00:44:09] step 5450/5625 | avg train loss 2.7575 top1 0.2077 top5 0.4733
    [00:44:14] step 5475/5625 | avg train loss 2.7573 top1 0.2076 top5 0.4733
    [00:44:19] step 5500/5625 | avg train loss 2.7567 top1 0.2078 top5 0.4733
    [00:44:24] step 5525/5625 | avg train loss 2.7571 top1 0.2076 top5 0.4730
    [00:44:29] step 5550/5625 | avg train loss 2.7564 top1 0.2077 top5 0.4732
    [00:44:34] step 5575/5625 | avg train loss 2.7566 top1 0.2077 top5 0.4732
    [00:44:39] step 5600/5625 | avg train loss 2.7568 top1 0.2077 top5 0.4733
    [00:44:44] step 5625/5625 | avg train loss 2.7560 top1 0.2080 top5 0.4735
Epoch 5/50 | train loss 2.7560 top1 0.2080 | val loss 2.4360 top1 0.3148 top5 0.6577 | ema holdout top1 0.0652 top5 0.3250
  Saved new best checkpoint (live): /Data/romain.poggi/smth2smth/checkpoints/track_a/videomaev2+ft/meanpool-mae150-s44.pt (val top1=0.3148)
    [00:46:20] step 25/5625 | avg train loss 2.6906 top1 0.1800 top5 0.4200
    [00:46:25] step 50/5625 | avg train loss 2.7369 top1 0.2000 top5 0.4250
    [00:46:30] step 75/5625 | avg train loss 2.6698 top1 0.2233 top5 0.4600
    [00:46:35] step 100/5625 | avg train loss 2.6812 top1 0.2300 top5 0.4562
    [00:46:40] step 125/5625 | avg train loss 2.7198 top1 0.2150 top5 0.4450
    [00:46:45] step 150/5625 | avg train loss 2.7165 top1 0.2108 top5 0.4450
    [00:46:50] step 175/5625 | avg train loss 2.7416 top1 0.2014 top5 0.4393
    [00:46:55] step 200/5625 | avg train loss 2.7590 top1 0.1931 top5 0.4387
    [00:47:00] step 225/5625 | avg train loss 2.7574 top1 0.1956 top5 0.4439
    [00:47:05] step 250/5625 | avg train loss 2.7432 top1 0.2005 top5 0.4505
    [00:47:10] step 275/5625 | avg train loss 2.7339 top1 0.2018 top5 0.4518
    [00:47:15] step 300/5625 | avg train loss 2.7340 top1 0.2037 top5 0.4546
    [00:47:20] step 325/5625 | avg train loss 2.7381 top1 0.2050 top5 0.4562
    [00:47:25] step 350/5625 | avg train loss 2.7405 top1 0.2046 top5 0.4589
    [00:47:30] step 375/5625 | avg train loss 2.7198 top1 0.2113 top5 0.4640
    [00:47:35] step 400/5625 | avg train loss 2.7110 top1 0.2134 top5 0.4688
    [00:47:41] step 425/5625 | avg train loss 2.7120 top1 0.2118 top5 0.4679
    [00:47:46] step 450/5625 | avg train loss 2.7094 top1 0.2147 top5 0.4694
    [00:47:51] step 475/5625 | avg train loss 2.7043 top1 0.2153 top5 0.4713
    [00:47:56] step 500/5625 | avg train loss 2.7150 top1 0.2135 top5 0.4675
    [00:48:01] step 525/5625 | avg train loss 2.7092 top1 0.2162 top5 0.4714
    [00:48:06] step 550/5625 | avg train loss 2.7079 top1 0.2161 top5 0.4741
    [00:48:11] step 575/5625 | avg train loss 2.7005 top1 0.2172 top5 0.4743
    [00:48:16] step 600/5625 | avg train loss 2.6915 top1 0.2192 top5 0.4765
    [00:48:21] step 625/5625 | avg train loss 2.6973 top1 0.2184 top5 0.4770
    [00:48:26] step 650/5625 | avg train loss 2.7049 top1 0.2144 top5 0.4729
    [00:48:31] step 675/5625 | avg train loss 2.7095 top1 0.2135 top5 0.4720
    [00:48:36] step 700/5625 | avg train loss 2.7116 top1 0.2130 top5 0.4734
    [00:48:41] step 725/5625 | avg train loss 2.7100 top1 0.2148 top5 0.4762
    [00:48:46] step 750/5625 | avg train loss 2.7037 top1 0.2157 top5 0.4775
    [00:48:51] step 775/5625 | avg train loss 2.7032 top1 0.2169 top5 0.4816
    [00:48:56] step 800/5625 | avg train loss 2.7057 top1 0.2147 top5 0.4816
    [00:49:01] step 825/5625 | avg train loss 2.7057 top1 0.2141 top5 0.4806
    [00:49:06] step 850/5625 | avg train loss 2.7040 top1 0.2146 top5 0.4812
    [00:49:11] step 875/5625 | avg train loss 2.7024 top1 0.2143 top5 0.4819
    [00:49:16] step 900/5625 | avg train loss 2.6996 top1 0.2149 top5 0.4824
    [00:49:21] step 925/5625 | avg train loss 2.7017 top1 0.2155 top5 0.4830
    [00:49:26] step 950/5625 | avg train loss 2.7011 top1 0.2167 top5 0.4845
    [00:49:31] step 975/5625 | avg train loss 2.6989 top1 0.2172 top5 0.4853
    [00:49:37] step 1000/5625 | avg train loss 2.6978 top1 0.2170 top5 0.4856
    [00:49:42] step 1025/5625 | avg train loss 2.6964 top1 0.2171 top5 0.4857
    [00:49:47] step 1050/5625 | avg train loss 2.6972 top1 0.2173 top5 0.4849
    [00:49:52] step 1075/5625 | avg train loss 2.6989 top1 0.2164 top5 0.4852
    [00:49:57] step 1100/5625 | avg train loss 2.6979 top1 0.2177 top5 0.4861
    [00:50:02] step 1125/5625 | avg train loss 2.6986 top1 0.2180 top5 0.4862
    [00:50:07] step 1150/5625 | avg train loss 2.6991 top1 0.2174 top5 0.4850
    [00:50:12] step 1175/5625 | avg train loss 2.6956 top1 0.2173 top5 0.4849
    [00:50:17] step 1200/5625 | avg train loss 2.6940 top1 0.2175 top5 0.4859
    [00:50:22] step 1225/5625 | avg train loss 2.6922 top1 0.2187 top5 0.4856
    [00:50:27] step 1250/5625 | avg train loss 2.6914 top1 0.2191 top5 0.4857
    [00:50:32] step 1275/5625 | avg train loss 2.6935 top1 0.2183 top5 0.4858
    [00:50:37] step 1300/5625 | avg train loss 2.6983 top1 0.2161 top5 0.4838
    [00:50:42] step 1325/5625 | avg train loss 2.6953 top1 0.2170 top5 0.4851
    [00:50:48] step 1350/5625 | avg train loss 2.6958 top1 0.2165 top5 0.4838
    [00:50:53] step 1375/5625 | avg train loss 2.6958 top1 0.2163 top5 0.4843
    [00:50:58] step 1400/5625 | avg train loss 2.6946 top1 0.2170 top5 0.4845
    [00:51:03] step 1425/5625 | avg train loss 2.6967 top1 0.2162 top5 0.4833
    [00:51:08] step 1450/5625 | avg train loss 2.6962 top1 0.2172 top5 0.4848
    [00:51:13] step 1475/5625 | avg train loss 2.6980 top1 0.2170 top5 0.4845
    [00:51:18] step 1500/5625 | avg train loss 2.6949 top1 0.2175 top5 0.4848
    [00:51:23] step 1525/5625 | avg train loss 2.6935 top1 0.2184 top5 0.4857
    [00:51:28] step 1550/5625 | avg train loss 2.6937 top1 0.2185 top5 0.4860
    [00:51:33] step 1575/5625 | avg train loss 2.6957 top1 0.2180 top5 0.4852
    [00:51:38] step 1600/5625 | avg train loss 2.6946 top1 0.2180 top5 0.4857
    [00:51:43] step 1625/5625 | avg train loss 2.6925 top1 0.2181 top5 0.4854
    [00:51:48] step 1650/5625 | avg train loss 2.6937 top1 0.2183 top5 0.4855
    [00:51:53] step 1675/5625 | avg train loss 2.6920 top1 0.2184 top5 0.4858
    [00:51:59] step 1700/5625 | avg train loss 2.6937 top1 0.2179 top5 0.4853
    [00:52:04] step 1725/5625 | avg train loss 2.6932 top1 0.2183 top5 0.4863
    [00:52:09] step 1750/5625 | avg train loss 2.6953 top1 0.2180 top5 0.4864
    [00:52:14] step 1775/5625 | avg train loss 2.6957 top1 0.2182 top5 0.4868
    [00:52:19] step 1800/5625 | avg train loss 2.6982 top1 0.2174 top5 0.4869
    [00:52:24] step 1825/5625 | avg train loss 2.7021 top1 0.2165 top5 0.4850
    [00:52:29] step 1850/5625 | avg train loss 2.7051 top1 0.2161 top5 0.4850
    [00:52:34] step 1875/5625 | avg train loss 2.7062 top1 0.2161 top5 0.4851
    [00:52:39] step 1900/5625 | avg train loss 2.7070 top1 0.2161 top5 0.4853
    [00:52:44] step 1925/5625 | avg train loss 2.7052 top1 0.2166 top5 0.4855
    [00:52:49] step 1950/5625 | avg train loss 2.7036 top1 0.2168 top5 0.4858
    [00:52:54] step 1975/5625 | avg train loss 2.7017 top1 0.2177 top5 0.4872
    [00:52:59] step 2000/5625 | avg train loss 2.7001 top1 0.2182 top5 0.4877
    [00:53:04] step 2025/5625 | avg train loss 2.7007 top1 0.2186 top5 0.4883
    [00:53:09] step 2050/5625 | avg train loss 2.7002 top1 0.2187 top5 0.4890
    [00:53:14] step 2075/5625 | avg train loss 2.7028 top1 0.2175 top5 0.4877
    [00:53:19] step 2100/5625 | avg train loss 2.7020 top1 0.2174 top5 0.4876
    [00:53:24] step 2125/5625 | avg train loss 2.7000 top1 0.2178 top5 0.4883
    [00:53:30] step 2150/5625 | avg train loss 2.6993 top1 0.2178 top5 0.4880
    [00:53:35] step 2175/5625 | avg train loss 2.6988 top1 0.2180 top5 0.4886
    [00:53:40] step 2200/5625 | avg train loss 2.6995 top1 0.2176 top5 0.4886
    [00:53:45] step 2225/5625 | avg train loss 2.6988 top1 0.2175 top5 0.4885
    [00:53:50] step 2250/5625 | avg train loss 2.6993 top1 0.2173 top5 0.4883
    [00:53:55] step 2275/5625 | avg train loss 2.7003 top1 0.2169 top5 0.4884
    [00:54:00] step 2300/5625 | avg train loss 2.7005 top1 0.2166 top5 0.4886
    [00:54:05] step 2325/5625 | avg train loss 2.6982 top1 0.2172 top5 0.4895
    [00:54:10] step 2350/5625 | avg train loss 2.6986 top1 0.2169 top5 0.4900
    [00:54:15] step 2375/5625 | avg train loss 2.6999 top1 0.2163 top5 0.4896
    [00:54:20] step 2400/5625 | avg train loss 2.6998 top1 0.2162 top5 0.4891
    [00:54:25] step 2425/5625 | avg train loss 2.6994 top1 0.2165 top5 0.4894
    [00:54:30] step 2450/5625 | avg train loss 2.6970 top1 0.2173 top5 0.4903
    [00:54:35] step 2475/5625 | avg train loss 2.6967 top1 0.2168 top5 0.4897
    [00:54:40] step 2500/5625 | avg train loss 2.6959 top1 0.2172 top5 0.4898
    [00:54:46] step 2525/5625 | avg train loss 2.6953 top1 0.2180 top5 0.4904
    [00:54:51] step 2550/5625 | avg train loss 2.6940 top1 0.2187 top5 0.4912
    [00:54:56] step 2575/5625 | avg train loss 2.6937 top1 0.2191 top5 0.4912
    [00:55:01] step 2600/5625 | avg train loss 2.6946 top1 0.2192 top5 0.4913
    [00:55:06] step 2625/5625 | avg train loss 2.6944 top1 0.2194 top5 0.4914
    [00:55:11] step 2650/5625 | avg train loss 2.6939 top1 0.2196 top5 0.4915
    [00:55:16] step 2675/5625 | avg train loss 2.6954 top1 0.2195 top5 0.4913
    [00:55:21] step 2700/5625 | avg train loss 2.6945 top1 0.2194 top5 0.4918
    [00:55:26] step 2725/5625 | avg train loss 2.6952 top1 0.2193 top5 0.4919
    [00:55:31] step 2750/5625 | avg train loss 2.6956 top1 0.2189 top5 0.4913
    [00:55:36] step 2775/5625 | avg train loss 2.6973 top1 0.2182 top5 0.4913
    [00:55:41] step 2800/5625 | avg train loss 2.6977 top1 0.2187 top5 0.4919
    [00:55:46] step 2825/5625 | avg train loss 2.6967 top1 0.2196 top5 0.4929
    [00:55:51] step 2850/5625 | avg train loss 2.6972 top1 0.2198 top5 0.4926
    [00:55:57] step 2875/5625 | avg train loss 2.6980 top1 0.2197 top5 0.4927
    [00:56:02] step 2900/5625 | avg train loss 2.6972 top1 0.2196 top5 0.4922
    [00:56:07] step 2925/5625 | avg train loss 2.6989 top1 0.2194 top5 0.4922
    [00:56:12] step 2950/5625 | avg train loss 2.6987 top1 0.2193 top5 0.4918
    [00:56:17] step 2975/5625 | avg train loss 2.6984 top1 0.2194 top5 0.4916
    [00:56:22] step 3000/5625 | avg train loss 2.6985 top1 0.2194 top5 0.4917
    [00:56:27] step 3025/5625 | avg train loss 2.6986 top1 0.2194 top5 0.4914
    [00:56:32] step 3050/5625 | avg train loss 2.6986 top1 0.2187 top5 0.4912
    [00:56:37] step 3075/5625 | avg train loss 2.6966 top1 0.2189 top5 0.4913
    [00:56:42] step 3100/5625 | avg train loss 2.6978 top1 0.2188 top5 0.4912
    [00:56:47] step 3125/5625 | avg train loss 2.6973 top1 0.2190 top5 0.4914
    [00:56:52] step 3150/5625 | avg train loss 2.6967 top1 0.2194 top5 0.4913
    [00:56:57] step 3175/5625 | avg train loss 2.6968 top1 0.2193 top5 0.4913
    [00:57:02] step 3200/5625 | avg train loss 2.6980 top1 0.2189 top5 0.4909
    [00:57:07] step 3225/5625 | avg train loss 2.6970 top1 0.2193 top5 0.4914
    [00:57:13] step 3250/5625 | avg train loss 2.6962 top1 0.2194 top5 0.4920
    [00:57:18] step 3275/5625 | avg train loss 2.6962 top1 0.2193 top5 0.4913
    [00:57:23] step 3300/5625 | avg train loss 2.6954 top1 0.2198 top5 0.4918
    [00:57:28] step 3325/5625 | avg train loss 2.6968 top1 0.2197 top5 0.4917
    [00:57:33] step 3350/5625 | avg train loss 2.6960 top1 0.2199 top5 0.4917
    [00:57:38] step 3375/5625 | avg train loss 2.6976 top1 0.2195 top5 0.4911
    [00:57:43] step 3400/5625 | avg train loss 2.6974 top1 0.2200 top5 0.4914
    [00:57:48] step 3425/5625 | avg train loss 2.6975 top1 0.2196 top5 0.4909
    [00:57:53] step 3450/5625 | avg train loss 2.6968 top1 0.2196 top5 0.4911
    [00:57:58] step 3475/5625 | avg train loss 2.6965 top1 0.2197 top5 0.4912
    [00:58:03] step 3500/5625 | avg train loss 2.6968 top1 0.2195 top5 0.4907
    [00:58:08] step 3525/5625 | avg train loss 2.6967 top1 0.2197 top5 0.4911
    [00:58:13] step 3550/5625 | avg train loss 2.6964 top1 0.2198 top5 0.4913
    [00:58:18] step 3575/5625 | avg train loss 2.6976 top1 0.2197 top5 0.4914
    [00:58:23] step 3600/5625 | avg train loss 2.6975 top1 0.2198 top5 0.4915
    [00:58:28] step 3625/5625 | avg train loss 2.6961 top1 0.2200 top5 0.4918
    [00:58:33] step 3650/5625 | avg train loss 2.6961 top1 0.2199 top5 0.4913
    [00:58:39] step 3675/5625 | avg train loss 2.6952 top1 0.2202 top5 0.4918
    [00:58:44] step 3700/5625 | avg train loss 2.6946 top1 0.2204 top5 0.4924
    [00:58:49] step 3725/5625 | avg train loss 2.6945 top1 0.2204 top5 0.4924
    [00:58:54] step 3750/5625 | avg train loss 2.6959 top1 0.2203 top5 0.4924
    [00:58:59] step 3775/5625 | avg train loss 2.6961 top1 0.2199 top5 0.4918
    [00:59:04] step 3800/5625 | avg train loss 2.6968 top1 0.2196 top5 0.4912
    [00:59:09] step 3825/5625 | avg train loss 2.6962 top1 0.2198 top5 0.4912
    [00:59:14] step 3850/5625 | avg train loss 2.6960 top1 0.2201 top5 0.4913
    [00:59:19] step 3875/5625 | avg train loss 2.6969 top1 0.2201 top5 0.4912
    [00:59:24] step 3900/5625 | avg train loss 2.6978 top1 0.2200 top5 0.4912
    [00:59:29] step 3925/5625 | avg train loss 2.6956 top1 0.2200 top5 0.4915
    [00:59:34] step 3950/5625 | avg train loss 2.6954 top1 0.2199 top5 0.4914
    [00:59:39] step 3975/5625 | avg train loss 2.6943 top1 0.2203 top5 0.4920
    [00:59:44] step 4000/5625 | avg train loss 2.6945 top1 0.2202 top5 0.4918
    [00:59:49] step 4025/5625 | avg train loss 2.6934 top1 0.2204 top5 0.4921
    [00:59:54] step 4050/5625 | avg train loss 2.6932 top1 0.2205 top5 0.4925
    [00:59:59] step 4075/5625 | avg train loss 2.6936 top1 0.2201 top5 0.4924
    [01:00:05] step 4100/5625 | avg train loss 2.6942 top1 0.2200 top5 0.4925
    [01:00:10] step 4125/5625 | avg train loss 2.6943 top1 0.2202 top5 0.4922
    [01:00:15] step 4150/5625 | avg train loss 2.6940 top1 0.2199 top5 0.4919
    [01:00:20] step 4175/5625 | avg train loss 2.6932 top1 0.2199 top5 0.4916
    [01:00:25] step 4200/5625 | avg train loss 2.6935 top1 0.2200 top5 0.4920
    [01:00:30] step 4225/5625 | avg train loss 2.6933 top1 0.2198 top5 0.4917
    [01:00:35] step 4250/5625 | avg train loss 2.6926 top1 0.2200 top5 0.4918
    [01:00:40] step 4275/5625 | avg train loss 2.6925 top1 0.2200 top5 0.4917
    [01:00:45] step 4300/5625 | avg train loss 2.6925 top1 0.2199 top5 0.4915
    [01:00:50] step 4325/5625 | avg train loss 2.6927 top1 0.2198 top5 0.4914
    [01:00:55] step 4350/5625 | avg train loss 2.6919 top1 0.2197 top5 0.4914
    [01:01:00] step 4375/5625 | avg train loss 2.6925 top1 0.2198 top5 0.4915
    [01:01:05] step 4400/5625 | avg train loss 2.6910 top1 0.2201 top5 0.4921
    [01:01:10] step 4425/5625 | avg train loss 2.6911 top1 0.2201 top5 0.4922
    [01:01:15] step 4450/5625 | avg train loss 2.6912 top1 0.2199 top5 0.4923
    [01:01:20] step 4475/5625 | avg train loss 2.6916 top1 0.2198 top5 0.4927
    [01:01:25] step 4500/5625 | avg train loss 2.6918 top1 0.2202 top5 0.4925
    [01:01:30] step 4525/5625 | avg train loss 2.6910 top1 0.2205 top5 0.4926
    [01:01:35] step 4550/5625 | avg train loss 2.6913 top1 0.2205 top5 0.4923
    [01:01:40] step 4575/5625 | avg train loss 2.6910 top1 0.2205 top5 0.4926
    [01:01:46] step 4600/5625 | avg train loss 2.6913 top1 0.2203 top5 0.4923
    [01:01:51] step 4625/5625 | avg train loss 2.6914 top1 0.2202 top5 0.4924
    [01:01:56] step 4650/5625 | avg train loss 2.6907 top1 0.2204 top5 0.4925
    [01:02:01] step 4675/5625 | avg train loss 2.6903 top1 0.2203 top5 0.4927
    [01:02:06] step 4700/5625 | avg train loss 2.6894 top1 0.2206 top5 0.4931
    [01:02:11] step 4725/5625 | avg train loss 2.6892 top1 0.2209 top5 0.4931
    [01:02:16] step 4750/5625 | avg train loss 2.6889 top1 0.2209 top5 0.4932
    [01:02:21] step 4775/5625 | avg train loss 2.6884 top1 0.2212 top5 0.4933
    [01:02:26] step 4800/5625 | avg train loss 2.6889 top1 0.2212 top5 0.4931
    [01:02:31] step 4825/5625 | avg train loss 2.6890 top1 0.2210 top5 0.4928
    [01:02:36] step 4850/5625 | avg train loss 2.6883 top1 0.2213 top5 0.4932
    [01:02:41] step 4875/5625 | avg train loss 2.6881 top1 0.2211 top5 0.4930
    [01:02:46] step 4900/5625 | avg train loss 2.6875 top1 0.2217 top5 0.4935
    [01:02:51] step 4925/5625 | avg train loss 2.6875 top1 0.2217 top5 0.4935
    [01:02:56] step 4950/5625 | avg train loss 2.6871 top1 0.2216 top5 0.4931
    [01:03:01] step 4975/5625 | avg train loss 2.6871 top1 0.2217 top5 0.4934
    [01:03:07] step 5000/5625 | avg train loss 2.6875 top1 0.2217 top5 0.4934
    [01:03:12] step 5025/5625 | avg train loss 2.6866 top1 0.2219 top5 0.4939
    [01:03:17] step 5050/5625 | avg train loss 2.6864 top1 0.2219 top5 0.4937
    [01:03:22] step 5075/5625 | avg train loss 2.6871 top1 0.2218 top5 0.4938
    [01:03:27] step 5100/5625 | avg train loss 2.6881 top1 0.2214 top5 0.4936
    [01:03:32] step 5125/5625 | avg train loss 2.6890 top1 0.2212 top5 0.4932
    [01:03:37] step 5150/5625 | avg train loss 2.6881 top1 0.2214 top5 0.4934
    [01:03:42] step 5175/5625 | avg train loss 2.6880 top1 0.2214 top5 0.4933
    [01:03:47] step 5200/5625 | avg train loss 2.6882 top1 0.2215 top5 0.4934
    [01:03:52] step 5225/5625 | avg train loss 2.6878 top1 0.2215 top5 0.4935
    [01:03:57] step 5250/5625 | avg train loss 2.6873 top1 0.2217 top5 0.4936
    [01:04:02] step 5275/5625 | avg train loss 2.6869 top1 0.2217 top5 0.4936
    [01:04:07] step 5300/5625 | avg train loss 2.6868 top1 0.2216 top5 0.4936
    [01:04:12] step 5325/5625 | avg train loss 2.6861 top1 0.2216 top5 0.4936
    [01:04:17] step 5350/5625 | avg train loss 2.6867 top1 0.2214 top5 0.4935
    [01:04:22] step 5375/5625 | avg train loss 2.6870 top1 0.2212 top5 0.4934
    [01:04:27] step 5400/5625 | avg train loss 2.6866 top1 0.2214 top5 0.4934
    [01:04:32] step 5425/5625 | avg train loss 2.6861 top1 0.2216 top5 0.4937
    [01:04:37] step 5450/5625 | avg train loss 2.6864 top1 0.2216 top5 0.4941
    [01:04:43] step 5475/5625 | avg train loss 2.6857 top1 0.2216 top5 0.4944
    [01:04:48] step 5500/5625 | avg train loss 2.6858 top1 0.2216 top5 0.4945
    [01:04:53] step 5525/5625 | avg train loss 2.6861 top1 0.2215 top5 0.4942
    [01:04:58] step 5550/5625 | avg train loss 2.6863 top1 0.2215 top5 0.4941
    [01:05:03] step 5575/5625 | avg train loss 2.6858 top1 0.2217 top5 0.4943
    [01:05:08] step 5600/5625 | avg train loss 2.6857 top1 0.2217 top5 0.4946
    [01:05:13] step 5625/5625 | avg train loss 2.6855 top1 0.2219 top5 0.4946
Epoch 6/50 | train loss 2.6855 top1 0.2219 | val loss 2.3393 top1 0.3288 top5 0.6922 | ema holdout top1 0.0830 top5 0.3397
  Saved new best checkpoint (live): /Data/romain.poggi/smth2smth/checkpoints/track_a/videomaev2+ft/meanpool-mae150-s44.pt (val top1=0.3288)
    [01:06:48] step 25/5625 | avg train loss 2.5990 top1 0.2550 top5 0.5150
    [01:06:53] step 50/5625 | avg train loss 2.6576 top1 0.2425 top5 0.5100
    [01:06:58] step 75/5625 | avg train loss 2.6934 top1 0.2333 top5 0.4983
    [01:07:03] step 100/5625 | avg train loss 2.7110 top1 0.2338 top5 0.4888
    [01:07:08] step 125/5625 | avg train loss 2.7227 top1 0.2390 top5 0.4920
    [01:07:13] step 150/5625 | avg train loss 2.7266 top1 0.2325 top5 0.4917
    [01:07:18] step 175/5625 | avg train loss 2.7130 top1 0.2371 top5 0.4986
    [01:07:24] step 200/5625 | avg train loss 2.7094 top1 0.2338 top5 0.4994
    [01:07:29] step 225/5625 | avg train loss 2.6971 top1 0.2394 top5 0.5044
    [01:07:34] step 250/5625 | avg train loss 2.6757 top1 0.2385 top5 0.5045
    [01:07:39] step 275/5625 | avg train loss 2.6818 top1 0.2314 top5 0.5036
    [01:07:44] step 300/5625 | avg train loss 2.6601 top1 0.2362 top5 0.5104
    [01:07:49] step 325/5625 | avg train loss 2.6577 top1 0.2338 top5 0.5077
    [01:07:54] step 350/5625 | avg train loss 2.6552 top1 0.2361 top5 0.5114
    [01:07:59] step 375/5625 | avg train loss 2.6560 top1 0.2360 top5 0.5113
    [01:08:04] step 400/5625 | avg train loss 2.6632 top1 0.2350 top5 0.5103
    [01:08:09] step 425/5625 | avg train loss 2.6601 top1 0.2344 top5 0.5129
    [01:08:14] step 450/5625 | avg train loss 2.6495 top1 0.2400 top5 0.5158
    [01:08:19] step 475/5625 | avg train loss 2.6444 top1 0.2392 top5 0.5153
    [01:08:24] step 500/5625 | avg train loss 2.6319 top1 0.2427 top5 0.5172
    [01:08:29] step 525/5625 | avg train loss 2.6404 top1 0.2398 top5 0.5121
    [01:08:34] step 550/5625 | avg train loss 2.6342 top1 0.2425 top5 0.5152
    [01:08:39] step 575/5625 | avg train loss 2.6261 top1 0.2439 top5 0.5172
    [01:08:44] step 600/5625 | avg train loss 2.6188 top1 0.2452 top5 0.5194
    [01:08:49] step 625/5625 | avg train loss 2.6238 top1 0.2446 top5 0.5188
    [01:08:54] step 650/5625 | avg train loss 2.6236 top1 0.2433 top5 0.5200
    [01:08:59] step 675/5625 | avg train loss 2.6152 top1 0.2420 top5 0.5167
    [01:09:04] step 700/5625 | avg train loss 2.6117 top1 0.2420 top5 0.5177
    [01:09:10] step 725/5625 | avg train loss 2.6153 top1 0.2395 top5 0.5145
    [01:09:15] step 750/5625 | avg train loss 2.6180 top1 0.2383 top5 0.5132
    [01:09:20] step 775/5625 | avg train loss 2.6180 top1 0.2385 top5 0.5135
    [01:09:25] step 800/5625 | avg train loss 2.6194 top1 0.2378 top5 0.5111
    [01:09:30] step 825/5625 | avg train loss 2.6223 top1 0.2361 top5 0.5097
    [01:09:35] step 850/5625 | avg train loss 2.6203 top1 0.2359 top5 0.5084
    [01:09:40] step 875/5625 | avg train loss 2.6231 top1 0.2354 top5 0.5081
    [01:09:45] step 900/5625 | avg train loss 2.6210 top1 0.2360 top5 0.5085
    [01:09:50] step 925/5625 | avg train loss 2.6159 top1 0.2374 top5 0.5100
    [01:09:55] step 950/5625 | avg train loss 2.6176 top1 0.2379 top5 0.5109
    [01:10:00] step 975/5625 | avg train loss 2.6145 top1 0.2390 top5 0.5123
    [01:10:05] step 1000/5625 | avg train loss 2.6157 top1 0.2389 top5 0.5118
    [01:10:10] step 1025/5625 | avg train loss 2.6142 top1 0.2388 top5 0.5132
    [01:10:15] step 1050/5625 | avg train loss 2.6157 top1 0.2382 top5 0.5131
    [01:10:21] step 1075/5625 | avg train loss 2.6174 top1 0.2384 top5 0.5123
    [01:10:26] step 1100/5625 | avg train loss 2.6138 top1 0.2391 top5 0.5126
    [01:10:31] step 1125/5625 | avg train loss 2.6162 top1 0.2399 top5 0.5128
    [01:10:36] step 1150/5625 | avg train loss 2.6132 top1 0.2410 top5 0.5145
    [01:10:41] step 1175/5625 | avg train loss 2.6145 top1 0.2409 top5 0.5137
    [01:10:46] step 1200/5625 | avg train loss 2.6119 top1 0.2412 top5 0.5140
    [01:10:51] step 1225/5625 | avg train loss 2.6105 top1 0.2410 top5 0.5138
    [01:10:56] step 1250/5625 | avg train loss 2.6135 top1 0.2407 top5 0.5135
    [01:11:01] step 1275/5625 | avg train loss 2.6154 top1 0.2410 top5 0.5141
    [01:11:06] step 1300/5625 | avg train loss 2.6144 top1 0.2400 top5 0.5140
    [01:11:11] step 1325/5625 | avg train loss 2.6133 top1 0.2392 top5 0.5121
    [01:11:16] step 1350/5625 | avg train loss 2.6157 top1 0.2381 top5 0.5117
    [01:11:21] step 1375/5625 | avg train loss 2.6152 top1 0.2372 top5 0.5115
    [01:11:26] step 1400/5625 | avg train loss 2.6148 top1 0.2372 top5 0.5128
    [01:11:32] step 1425/5625 | avg train loss 2.6160 top1 0.2368 top5 0.5130
    [01:11:37] step 1450/5625 | avg train loss 2.6156 top1 0.2374 top5 0.5133
    [01:11:42] step 1475/5625 | avg train loss 2.6186 top1 0.2372 top5 0.5127
    [01:11:47] step 1500/5625 | avg train loss 2.6195 top1 0.2372 top5 0.5123
    [01:11:52] step 1525/5625 | avg train loss 2.6178 top1 0.2369 top5 0.5137
    [01:11:57] step 1550/5625 | avg train loss 2.6191 top1 0.2362 top5 0.5131
    [01:12:02] step 1575/5625 | avg train loss 2.6234 top1 0.2352 top5 0.5114
    [01:12:07] step 1600/5625 | avg train loss 2.6206 top1 0.2355 top5 0.5117
    [01:12:12] step 1625/5625 | avg train loss 2.6198 top1 0.2355 top5 0.5118
    [01:12:17] step 1650/5625 | avg train loss 2.6197 top1 0.2352 top5 0.5120
    [01:12:22] step 1675/5625 | avg train loss 2.6215 top1 0.2351 top5 0.5112
    [01:12:27] step 1700/5625 | avg train loss 2.6216 top1 0.2351 top5 0.5112
    [01:12:32] step 1725/5625 | avg train loss 2.6224 top1 0.2356 top5 0.5114
    [01:12:37] step 1750/5625 | avg train loss 2.6260 top1 0.2344 top5 0.5101
    [01:12:43] step 1775/5625 | avg train loss 2.6256 top1 0.2342 top5 0.5101
    [01:12:48] step 1800/5625 | avg train loss 2.6279 top1 0.2337 top5 0.5088
    [01:12:53] step 1825/5625 | avg train loss 2.6291 top1 0.2334 top5 0.5074
    [01:12:58] step 1850/5625 | avg train loss 2.6283 top1 0.2332 top5 0.5074
    [01:13:03] step 1875/5625 | avg train loss 2.6290 top1 0.2332 top5 0.5069
    [01:13:08] step 1900/5625 | avg train loss 2.6320 top1 0.2326 top5 0.5062
    [01:13:13] step 1925/5625 | avg train loss 2.6315 top1 0.2329 top5 0.5070
    [01:13:18] step 1950/5625 | avg train loss 2.6311 top1 0.2321 top5 0.5064
    [01:13:23] step 1975/5625 | avg train loss 2.6325 top1 0.2318 top5 0.5056
    [01:13:28] step 2000/5625 | avg train loss 2.6337 top1 0.2306 top5 0.5046
    [01:13:33] step 2025/5625 | avg train loss 2.6331 top1 0.2302 top5 0.5044
    [01:13:38] step 2050/5625 | avg train loss 2.6318 top1 0.2314 top5 0.5065
    [01:13:43] step 2075/5625 | avg train loss 2.6330 top1 0.2313 top5 0.5058
    [01:13:48] step 2100/5625 | avg train loss 2.6302 top1 0.2320 top5 0.5063
    [01:13:53] step 2125/5625 | avg train loss 2.6311 top1 0.2318 top5 0.5062
    [01:13:58] step 2150/5625 | avg train loss 2.6312 top1 0.2316 top5 0.5053
    [01:14:04] step 2175/5625 | avg train loss 2.6332 top1 0.2309 top5 0.5047
    [01:14:09] step 2200/5625 | avg train loss 2.6332 top1 0.2310 top5 0.5054
    [01:14:14] step 2225/5625 | avg train loss 2.6310 top1 0.2308 top5 0.5059
    [01:14:19] step 2250/5625 | avg train loss 2.6304 top1 0.2312 top5 0.5062
    [01:14:24] step 2275/5625 | avg train loss 2.6300 top1 0.2313 top5 0.5064
    [01:14:29] step 2300/5625 | avg train loss 2.6307 top1 0.2316 top5 0.5068
    [01:14:34] step 2325/5625 | avg train loss 2.6298 top1 0.2317 top5 0.5076
    [01:14:39] step 2350/5625 | avg train loss 2.6303 top1 0.2315 top5 0.5078
    [01:14:44] step 2375/5625 | avg train loss 2.6316 top1 0.2317 top5 0.5078
    [01:14:49] step 2400/5625 | avg train loss 2.6304 top1 0.2315 top5 0.5076
    [01:14:54] step 2425/5625 | avg train loss 2.6309 top1 0.2315 top5 0.5075
    [01:14:59] step 2450/5625 | avg train loss 2.6307 top1 0.2316 top5 0.5075
    [01:15:04] step 2475/5625 | avg train loss 2.6299 top1 0.2320 top5 0.5077
    [01:15:10] step 2500/5625 | avg train loss 2.6299 top1 0.2319 top5 0.5080
    [01:15:15] step 2525/5625 | avg train loss 2.6305 top1 0.2318 top5 0.5077
    [01:15:20] step 2550/5625 | avg train loss 2.6294 top1 0.2314 top5 0.5078
    [01:15:25] step 2575/5625 | avg train loss 2.6299 top1 0.2312 top5 0.5078
    [01:15:30] step 2600/5625 | avg train loss 2.6287 top1 0.2319 top5 0.5085
    [01:15:35] step 2625/5625 | avg train loss 2.6298 top1 0.2313 top5 0.5080
    [01:15:40] step 2650/5625 | avg train loss 2.6285 top1 0.2312 top5 0.5076
    [01:15:45] step 2675/5625 | avg train loss 2.6281 top1 0.2321 top5 0.5084
    [01:15:50] step 2700/5625 | avg train loss 2.6277 top1 0.2319 top5 0.5082
    [01:15:55] step 2725/5625 | avg train loss 2.6276 top1 0.2320 top5 0.5081
    [01:16:00] step 2750/5625 | avg train loss 2.6271 top1 0.2321 top5 0.5085
    [01:16:05] step 2775/5625 | avg train loss 2.6274 top1 0.2318 top5 0.5085
    [01:16:10] step 2800/5625 | avg train loss 2.6282 top1 0.2316 top5 0.5082
    [01:16:15] step 2825/5625 | avg train loss 2.6276 top1 0.2321 top5 0.5085
    [01:16:20] step 2850/5625 | avg train loss 2.6273 top1 0.2328 top5 0.5095
    [01:16:25] step 2875/5625 | avg train loss 2.6276 top1 0.2325 top5 0.5097
    [01:16:31] step 2900/5625 | avg train loss 2.6285 top1 0.2322 top5 0.5091
    [01:16:36] step 2925/5625 | avg train loss 2.6283 top1 0.2320 top5 0.5085
    [01:16:41] step 2950/5625 | avg train loss 2.6271 top1 0.2315 top5 0.5077
    [01:16:46] step 2975/5625 | avg train loss 2.6262 top1 0.2318 top5 0.5078
    [01:16:51] step 3000/5625 | avg train loss 2.6262 top1 0.2322 top5 0.5082
    [01:16:56] step 3025/5625 | avg train loss 2.6262 top1 0.2320 top5 0.5082
    [01:17:01] step 3050/5625 | avg train loss 2.6275 top1 0.2318 top5 0.5078
    [01:17:06] step 3075/5625 | avg train loss 2.6272 top1 0.2313 top5 0.5073
    [01:17:11] step 3100/5625 | avg train loss 2.6266 top1 0.2315 top5 0.5074
    [01:17:16] step 3125/5625 | avg train loss 2.6260 top1 0.2321 top5 0.5078
    [01:17:21] step 3150/5625 | avg train loss 2.6253 top1 0.2322 top5 0.5077
    [01:17:26] step 3175/5625 | avg train loss 2.6254 top1 0.2324 top5 0.5085
    [01:17:31] step 3200/5625 | avg train loss 2.6249 top1 0.2325 top5 0.5078
    [01:17:36] step 3225/5625 | avg train loss 2.6251 top1 0.2326 top5 0.5079
    [01:17:42] step 3250/5625 | avg train loss 2.6260 top1 0.2326 top5 0.5081
    [01:17:47] step 3275/5625 | avg train loss 2.6264 top1 0.2327 top5 0.5082
    [01:17:52] step 3300/5625 | avg train loss 2.6262 top1 0.2325 top5 0.5082
    [01:17:57] step 3325/5625 | avg train loss 2.6256 top1 0.2327 top5 0.5086
    [01:18:02] step 3350/5625 | avg train loss 2.6261 top1 0.2327 top5 0.5085
    [01:18:07] step 3375/5625 | avg train loss 2.6250 top1 0.2332 top5 0.5091
    [01:18:12] step 3400/5625 | avg train loss 2.6247 top1 0.2330 top5 0.5093
    [01:18:17] step 3425/5625 | avg train loss 2.6251 top1 0.2332 top5 0.5091
    [01:18:22] step 3450/5625 | avg train loss 2.6256 top1 0.2328 top5 0.5088
    [01:18:27] step 3475/5625 | avg train loss 2.6260 top1 0.2327 top5 0.5087
    [01:18:32] step 3500/5625 | avg train loss 2.6263 top1 0.2324 top5 0.5085
    [01:18:37] step 3525/5625 | avg train loss 2.6264 top1 0.2323 top5 0.5079
    [01:18:43] step 3550/5625 | avg train loss 2.6241 top1 0.2324 top5 0.5079
    [01:18:48] step 3575/5625 | avg train loss 2.6224 top1 0.2326 top5 0.5081
    [01:18:53] step 3600/5625 | avg train loss 2.6223 top1 0.2323 top5 0.5083
    [01:18:58] step 3625/5625 | avg train loss 2.6223 top1 0.2324 top5 0.5085
    [01:19:03] step 3650/5625 | avg train loss 2.6215 top1 0.2328 top5 0.5088
    [01:19:08] step 3675/5625 | avg train loss 2.6213 top1 0.2326 top5 0.5089
    [01:19:13] step 3700/5625 | avg train loss 2.6216 top1 0.2323 top5 0.5088
    [01:19:18] step 3725/5625 | avg train loss 2.6209 top1 0.2326 top5 0.5091
    [01:19:23] step 3750/5625 | avg train loss 2.6208 top1 0.2323 top5 0.5091
    [01:19:28] step 3775/5625 | avg train loss 2.6209 top1 0.2319 top5 0.5088
    [01:19:33] step 3800/5625 | avg train loss 2.6212 top1 0.2317 top5 0.5086
    [01:19:38] step 3825/5625 | avg train loss 2.6212 top1 0.2314 top5 0.5086
    [01:19:43] step 3850/5625 | avg train loss 2.6217 top1 0.2314 top5 0.5085
    [01:19:48] step 3875/5625 | avg train loss 2.6218 top1 0.2313 top5 0.5084
    [01:19:53] step 3900/5625 | avg train loss 2.6229 top1 0.2310 top5 0.5083
    [01:19:59] step 3925/5625 | avg train loss 2.6234 top1 0.2307 top5 0.5079
    [01:20:04] step 3950/5625 | avg train loss 2.6220 top1 0.2309 top5 0.5078
    [01:20:09] step 3975/5625 | avg train loss 2.6224 top1 0.2311 top5 0.5078
    [01:20:14] step 4000/5625 | avg train loss 2.6216 top1 0.2317 top5 0.5082
    [01:20:19] step 4025/5625 | avg train loss 2.6207 top1 0.2318 top5 0.5080
    [01:20:24] step 4050/5625 | avg train loss 2.6204 top1 0.2319 top5 0.5081
    [01:20:29] step 4075/5625 | avg train loss 2.6211 top1 0.2316 top5 0.5076
    [01:20:34] step 4100/5625 | avg train loss 2.6199 top1 0.2316 top5 0.5071
    [01:20:39] step 4125/5625 | avg train loss 2.6193 top1 0.2315 top5 0.5070
    [01:20:44] step 4150/5625 | avg train loss 2.6197 top1 0.2317 top5 0.5071
    [01:20:49] step 4175/5625 | avg train loss 2.6198 top1 0.2319 top5 0.5070
    [01:20:54] step 4200/5625 | avg train loss 2.6189 top1 0.2319 top5 0.5068
    [01:20:59] step 4225/5625 | avg train loss 2.6192 top1 0.2317 top5 0.5067
    [01:21:04] step 4250/5625 | avg train loss 2.6187 top1 0.2316 top5 0.5065
    [01:21:10] step 4275/5625 | avg train loss 2.6187 top1 0.2316 top5 0.5064
    [01:21:15] step 4300/5625 | avg train loss 2.6189 top1 0.2320 top5 0.5068
    [01:21:20] step 4325/5625 | avg train loss 2.6193 top1 0.2320 top5 0.5072
    [01:21:25] step 4350/5625 | avg train loss 2.6184 top1 0.2323 top5 0.5076
    [01:21:30] step 4375/5625 | avg train loss 2.6187 top1 0.2321 top5 0.5075
    [01:21:35] step 4400/5625 | avg train loss 2.6174 top1 0.2323 top5 0.5077
    [01:21:40] step 4425/5625 | avg train loss 2.6173 top1 0.2323 top5 0.5079
    [01:21:45] step 4450/5625 | avg train loss 2.6168 top1 0.2322 top5 0.5079
    [01:21:50] step 4475/5625 | avg train loss 2.6169 top1 0.2320 top5 0.5080
    [01:21:55] step 4500/5625 | avg train loss 2.6179 top1 0.2317 top5 0.5078
    [01:22:00] step 4525/5625 | avg train loss 2.6185 top1 0.2315 top5 0.5075
    [01:22:05] step 4550/5625 | avg train loss 2.6188 top1 0.2312 top5 0.5070
    [01:22:10] step 4575/5625 | avg train loss 2.6191 top1 0.2313 top5 0.5070
    [01:22:15] step 4600/5625 | avg train loss 2.6183 top1 0.2315 top5 0.5074
    [01:22:20] step 4625/5625 | avg train loss 2.6189 top1 0.2314 top5 0.5074
    [01:22:25] step 4650/5625 | avg train loss 2.6192 top1 0.2316 top5 0.5074
    [01:22:30] step 4675/5625 | avg train loss 2.6194 top1 0.2313 top5 0.5070
    [01:22:36] step 4700/5625 | avg train loss 2.6197 top1 0.2314 top5 0.5069
    [01:22:41] step 4725/5625 | avg train loss 2.6210 top1 0.2311 top5 0.5069
    [01:22:46] step 4750/5625 | avg train loss 2.6211 top1 0.2315 top5 0.5071
    [01:22:51] step 4775/5625 | avg train loss 2.6216 top1 0.2316 top5 0.5070
    [01:22:56] step 4800/5625 | avg train loss 2.6210 top1 0.2316 top5 0.5073
    [01:23:01] step 4825/5625 | avg train loss 2.6195 top1 0.2317 top5 0.5075
    [01:23:06] step 4850/5625 | avg train loss 2.6198 top1 0.2315 top5 0.5074
    [01:23:11] step 4875/5625 | avg train loss 2.6198 top1 0.2317 top5 0.5076
    [01:23:16] step 4900/5625 | avg train loss 2.6197 top1 0.2317 top5 0.5076
    [01:23:21] step 4925/5625 | avg train loss 2.6199 top1 0.2317 top5 0.5074
    [01:23:26] step 4950/5625 | avg train loss 2.6204 top1 0.2317 top5 0.5073
    [01:23:31] step 4975/5625 | avg train loss 2.6200 top1 0.2317 top5 0.5075
    [01:23:36] step 5000/5625 | avg train loss 2.6201 top1 0.2316 top5 0.5075
    [01:23:41] step 5025/5625 | avg train loss 2.6207 top1 0.2314 top5 0.5073
    [01:23:47] step 5050/5625 | avg train loss 2.6199 top1 0.2316 top5 0.5077
    [01:23:52] step 5075/5625 | avg train loss 2.6195 top1 0.2316 top5 0.5079
    [01:23:57] step 5100/5625 | avg train loss 2.6190 top1 0.2313 top5 0.5076
    [01:24:02] step 5125/5625 | avg train loss 2.6191 top1 0.2313 top5 0.5077
    [01:24:07] step 5150/5625 | avg train loss 2.6200 top1 0.2311 top5 0.5075
    [01:24:12] step 5175/5625 | avg train loss 2.6199 top1 0.2310 top5 0.5076
    [01:24:17] step 5200/5625 | avg train loss 2.6208 top1 0.2309 top5 0.5074
    [01:24:22] step 5225/5625 | avg train loss 2.6200 top1 0.2311 top5 0.5078
    [01:24:27] step 5250/5625 | avg train loss 2.6201 top1 0.2313 top5 0.5080
    [01:24:32] step 5275/5625 | avg train loss 2.6203 top1 0.2314 top5 0.5080
    [01:24:37] step 5300/5625 | avg train loss 2.6198 top1 0.2316 top5 0.5082
    [01:24:42] step 5325/5625 | avg train loss 2.6216 top1 0.2314 top5 0.5078
    [01:24:47] step 5350/5625 | avg train loss 2.6220 top1 0.2313 top5 0.5079
    [01:24:53] step 5375/5625 | avg train loss 2.6222 top1 0.2314 top5 0.5080
    [01:24:58] step 5400/5625 | avg train loss 2.6218 top1 0.2316 top5 0.5080
    [01:25:03] step 5425/5625 | avg train loss 2.6219 top1 0.2318 top5 0.5080
    [01:25:08] step 5450/5625 | avg train loss 2.6220 top1 0.2320 top5 0.5081
    [01:25:13] step 5475/5625 | avg train loss 2.6215 top1 0.2323 top5 0.5086
    [01:25:18] step 5500/5625 | avg train loss 2.6218 top1 0.2325 top5 0.5089
    [01:25:23] step 5525/5625 | avg train loss 2.6223 top1 0.2325 top5 0.5089
    [01:25:28] step 5550/5625 | avg train loss 2.6216 top1 0.2329 top5 0.5091
    [01:25:33] step 5575/5625 | avg train loss 2.6207 top1 0.2334 top5 0.5096
    [01:25:38] step 5600/5625 | avg train loss 2.6210 top1 0.2333 top5 0.5100
    [01:25:43] step 5625/5625 | avg train loss 2.6210 top1 0.2331 top5 0.5098
Epoch 7/50 | train loss 2.6210 top1 0.2331 | val loss 2.2359 top1 0.3622 top5 0.7277 | ema holdout top1 0.0989 top5 0.3623
  Saved new best checkpoint (live): /Data/romain.poggi/smth2smth/checkpoints/track_a/videomaev2+ft/meanpool-mae150-s44.pt (val top1=0.3622)
    [01:27:19] step 25/5625 | avg train loss 2.4103 top1 0.2650 top5 0.5950
    [01:27:24] step 50/5625 | avg train loss 2.5637 top1 0.2300 top5 0.5375
    [01:27:29] step 75/5625 | avg train loss 2.6316 top1 0.2500 top5 0.5333
    [01:27:34] step 100/5625 | avg train loss 2.5864 top1 0.2575 top5 0.5225
    [01:27:39] step 125/5625 | avg train loss 2.6144 top1 0.2480 top5 0.5200
    [01:27:44] step 150/5625 | avg train loss 2.5884 top1 0.2500 top5 0.5200
    [01:27:49] step 175/5625 | avg train loss 2.5648 top1 0.2550 top5 0.5229
    [01:27:54] step 200/5625 | avg train loss 2.5688 top1 0.2600 top5 0.5256
    [01:27:59] step 225/5625 | avg train loss 2.5744 top1 0.2594 top5 0.5272
    [01:28:04] step 250/5625 | avg train loss 2.5551 top1 0.2585 top5 0.5250
    [01:28:09] step 275/5625 | avg train loss 2.5617 top1 0.2559 top5 0.5227
    [01:28:14] step 300/5625 | avg train loss 2.5679 top1 0.2533 top5 0.5217
    [01:28:20] step 325/5625 | avg train loss 2.5662 top1 0.2535 top5 0.5200
    [01:28:25] step 350/5625 | avg train loss 2.5695 top1 0.2546 top5 0.5218
    [01:28:30] step 375/5625 | avg train loss 2.5635 top1 0.2513 top5 0.5220
    [01:28:35] step 400/5625 | avg train loss 2.5775 top1 0.2491 top5 0.5188
    [01:28:40] step 425/5625 | avg train loss 2.5790 top1 0.2491 top5 0.5176
    [01:28:45] step 450/5625 | avg train loss 2.5814 top1 0.2475 top5 0.5153
    [01:28:50] step 475/5625 | avg train loss 2.5799 top1 0.2474 top5 0.5179
    [01:28:55] step 500/5625 | avg train loss 2.5835 top1 0.2452 top5 0.5160
    [01:29:00] step 525/5625 | avg train loss 2.5749 top1 0.2469 top5 0.5186
    [01:29:05] step 550/5625 | avg train loss 2.5850 top1 0.2450 top5 0.5159
    [01:29:10] step 575/5625 | avg train loss 2.5841 top1 0.2443 top5 0.5170
    [01:29:15] step 600/5625 | avg train loss 2.5782 top1 0.2456 top5 0.5175
    [01:29:20] step 625/5625 | avg train loss 2.5808 top1 0.2456 top5 0.5178
    [01:29:26] step 650/5625 | avg train loss 2.5852 top1 0.2438 top5 0.5156
    [01:29:31] step 675/5625 | avg train loss 2.5934 top1 0.2422 top5 0.5130
    [01:29:36] step 700/5625 | avg train loss 2.5947 top1 0.2443 top5 0.5168
    [01:29:41] step 725/5625 | avg train loss 2.5888 top1 0.2455 top5 0.5167
    [01:29:46] step 750/5625 | avg train loss 2.5910 top1 0.2458 top5 0.5175
    [01:29:51] step 775/5625 | avg train loss 2.5916 top1 0.2455 top5 0.5173
    [01:29:56] step 800/5625 | avg train loss 2.5885 top1 0.2461 top5 0.5164
    [01:30:01] step 825/5625 | avg train loss 2.5848 top1 0.2461 top5 0.5165
    [01:30:06] step 850/5625 | avg train loss 2.5888 top1 0.2453 top5 0.5149
    [01:30:11] step 875/5625 | avg train loss 2.5876 top1 0.2449 top5 0.5136
    [01:30:16] step 900/5625 | avg train loss 2.5860 top1 0.2451 top5 0.5143
    [01:30:21] step 925/5625 | avg train loss 2.5867 top1 0.2445 top5 0.5149
    [01:30:27] step 950/5625 | avg train loss 2.5850 top1 0.2455 top5 0.5161
    [01:30:32] step 975/5625 | avg train loss 2.5807 top1 0.2449 top5 0.5156
    [01:30:37] step 1000/5625 | avg train loss 2.5825 top1 0.2439 top5 0.5132
    [01:30:42] step 1025/5625 | avg train loss 2.5820 top1 0.2446 top5 0.5139
    [01:30:47] step 1050/5625 | avg train loss 2.5766 top1 0.2457 top5 0.5145
    [01:30:52] step 1075/5625 | avg train loss 2.5787 top1 0.2453 top5 0.5147
    [01:30:57] step 1100/5625 | avg train loss 2.5755 top1 0.2461 top5 0.5169
    [01:31:02] step 1125/5625 | avg train loss 2.5718 top1 0.2463 top5 0.5168
    [01:31:07] step 1150/5625 | avg train loss 2.5718 top1 0.2466 top5 0.5163
    [01:31:12] step 1175/5625 | avg train loss 2.5740 top1 0.2465 top5 0.5157
    [01:31:17] step 1200/5625 | avg train loss 2.5765 top1 0.2453 top5 0.5135
    [01:31:23] step 1225/5625 | avg train loss 2.5770 top1 0.2448 top5 0.5138
    [01:31:28] step 1250/5625 | avg train loss 2.5816 top1 0.2441 top5 0.5126
    [01:31:33] step 1275/5625 | avg train loss 2.5835 top1 0.2438 top5 0.5120
    [01:31:38] step 1300/5625 | avg train loss 2.5806 top1 0.2441 top5 0.5121
    [01:31:43] step 1325/5625 | avg train loss 2.5809 top1 0.2449 top5 0.5126
    [01:31:48] step 1350/5625 | avg train loss 2.5828 top1 0.2448 top5 0.5119
    [01:31:53] step 1375/5625 | avg train loss 2.5833 top1 0.2445 top5 0.5121
    [01:31:58] step 1400/5625 | avg train loss 2.5835 top1 0.2449 top5 0.5117
    [01:32:03] step 1425/5625 | avg train loss 2.5816 top1 0.2463 top5 0.5127
    [01:32:08] step 1450/5625 | avg train loss 2.5809 top1 0.2468 top5 0.5143
    [01:32:13] step 1475/5625 | avg train loss 2.5825 top1 0.2464 top5 0.5147
    [01:32:18] step 1500/5625 | avg train loss 2.5807 top1 0.2472 top5 0.5149
    [01:32:23] step 1525/5625 | avg train loss 2.5805 top1 0.2467 top5 0.5153
    [01:32:28] step 1550/5625 | avg train loss 2.5821 top1 0.2460 top5 0.5152
    [01:32:33] step 1575/5625 | avg train loss 2.5830 top1 0.2463 top5 0.5154
    [01:32:38] step 1600/5625 | avg train loss 2.5845 top1 0.2461 top5 0.5156
    [01:32:44] step 1625/5625 | avg train loss 2.5859 top1 0.2452 top5 0.5140
    [01:32:49] step 1650/5625 | avg train loss 2.5836 top1 0.2464 top5 0.5144
    [01:32:54] step 1675/5625 | avg train loss 2.5823 top1 0.2457 top5 0.5135
    [01:32:59] step 1700/5625 | avg train loss 2.5840 top1 0.2449 top5 0.5129
    [01:33:04] step 1725/5625 | avg train loss 2.5808 top1 0.2450 top5 0.5141
    [01:33:09] step 1750/5625 | avg train loss 2.5856 top1 0.2437 top5 0.5131
    [01:33:14] step 1775/5625 | avg train loss 2.5865 top1 0.2445 top5 0.5139
    [01:33:19] step 1800/5625 | avg train loss 2.5838 top1 0.2451 top5 0.5153
    [01:33:24] step 1825/5625 | avg train loss 2.5841 top1 0.2451 top5 0.5151
    [01:33:29] step 1850/5625 | avg train loss 2.5834 top1 0.2450 top5 0.5151
    [01:33:34] step 1875/5625 | avg train loss 2.5842 top1 0.2448 top5 0.5149
    [01:33:39] step 1900/5625 | avg train loss 2.5823 top1 0.2456 top5 0.5158
    [01:33:44] step 1925/5625 | avg train loss 2.5818 top1 0.2459 top5 0.5163
    [01:33:49] step 1950/5625 | avg train loss 2.5816 top1 0.2460 top5 0.5165
    [01:33:54] step 1975/5625 | avg train loss 2.5805 top1 0.2465 top5 0.5173
    [01:34:00] step 2000/5625 | avg train loss 2.5796 top1 0.2471 top5 0.5175
    [01:34:05] step 2025/5625 | avg train loss 2.5803 top1 0.2472 top5 0.5177
    [01:34:10] step 2050/5625 | avg train loss 2.5804 top1 0.2469 top5 0.5171
    [01:34:15] step 2075/5625 | avg train loss 2.5821 top1 0.2459 top5 0.5164
    [01:34:20] step 2100/5625 | avg train loss 2.5829 top1 0.2454 top5 0.5162
    [01:34:25] step 2125/5625 | avg train loss 2.5856 top1 0.2450 top5 0.5163
    [01:34:30] step 2150/5625 | avg train loss 2.5860 top1 0.2452 top5 0.5168
    [01:34:35] step 2175/5625 | avg train loss 2.5863 top1 0.2445 top5 0.5159
    [01:34:40] step 2200/5625 | avg train loss 2.5851 top1 0.2452 top5 0.5172
    [01:34:45] step 2225/5625 | avg train loss 2.5855 top1 0.2447 top5 0.5170
    [01:34:50] step 2250/5625 | avg train loss 2.5849 top1 0.2444 top5 0.5171
    [01:34:56] step 2275/5625 | avg train loss 2.5850 top1 0.2450 top5 0.5182
    [01:35:01] step 2300/5625 | avg train loss 2.5851 top1 0.2446 top5 0.5177
    [01:35:06] step 2325/5625 | avg train loss 2.5836 top1 0.2452 top5 0.5184
    [01:35:11] step 2350/5625 | avg train loss 2.5844 top1 0.2446 top5 0.5173
    [01:35:16] step 2375/5625 | avg train loss 2.5849 top1 0.2438 top5 0.5167
    [01:35:21] step 2400/5625 | avg train loss 2.5846 top1 0.2436 top5 0.5166
    [01:35:26] step 2425/5625 | avg train loss 2.5848 top1 0.2436 top5 0.5165
    [01:35:31] step 2450/5625 | avg train loss 2.5856 top1 0.2429 top5 0.5162
    [01:35:36] step 2475/5625 | avg train loss 2.5849 top1 0.2435 top5 0.5173
    [01:35:41] step 2500/5625 | avg train loss 2.5843 top1 0.2440 top5 0.5179
    [01:35:46] step 2525/5625 | avg train loss 2.5834 top1 0.2443 top5 0.5178
    [01:35:51] step 2550/5625 | avg train loss 2.5829 top1 0.2450 top5 0.5186
    [01:35:57] step 2575/5625 | avg train loss 2.5815 top1 0.2453 top5 0.5189
    [01:36:02] step 2600/5625 | avg train loss 2.5806 top1 0.2448 top5 0.5187
    [01:36:07] step 2625/5625 | avg train loss 2.5805 top1 0.2448 top5 0.5188
    [01:36:12] step 2650/5625 | avg train loss 2.5808 top1 0.2444 top5 0.5183
    [01:36:17] step 2675/5625 | avg train loss 2.5809 top1 0.2442 top5 0.5183
    [01:36:22] step 2700/5625 | avg train loss 2.5796 top1 0.2439 top5 0.5186
    [01:36:27] step 2725/5625 | avg train loss 2.5791 top1 0.2440 top5 0.5182
    [01:36:32] step 2750/5625 | avg train loss 2.5806 top1 0.2439 top5 0.5183
    [01:36:37] step 2775/5625 | avg train loss 2.5795 top1 0.2440 top5 0.5184
    [01:36:42] step 2800/5625 | avg train loss 2.5791 top1 0.2440 top5 0.5184
    [01:36:47] step 2825/5625 | avg train loss 2.5782 top1 0.2441 top5 0.5185
    [01:36:52] step 2850/5625 | avg train loss 2.5793 top1 0.2440 top5 0.5188
    [01:36:58] step 2875/5625 | avg train loss 2.5793 top1 0.2442 top5 0.5192
    [01:37:03] step 2900/5625 | avg train loss 2.5797 top1 0.2441 top5 0.5188
    [01:37:08] step 2925/5625 | avg train loss 2.5797 top1 0.2436 top5 0.5185
    [01:37:13] step 2950/5625 | avg train loss 2.5798 top1 0.2434 top5 0.5183
    [01:37:18] step 2975/5625 | avg train loss 2.5781 top1 0.2437 top5 0.5184
    [01:37:23] step 3000/5625 | avg train loss 2.5792 top1 0.2436 top5 0.5184
    [01:37:28] step 3025/5625 | avg train loss 2.5795 top1 0.2435 top5 0.5181
    [01:37:33] step 3050/5625 | avg train loss 2.5793 top1 0.2437 top5 0.5180
    [01:37:38] step 3075/5625 | avg train loss 2.5795 top1 0.2438 top5 0.5179
    [01:37:43] step 3100/5625 | avg train loss 2.5784 top1 0.2439 top5 0.5183
    [01:37:48] step 3125/5625 | avg train loss 2.5780 top1 0.2439 top5 0.5183
    [01:37:54] step 3150/5625 | avg train loss 2.5782 top1 0.2446 top5 0.5189
    [01:37:59] step 3175/5625 | avg train loss 2.5783 top1 0.2445 top5 0.5185
    [01:38:04] step 3200/5625 | avg train loss 2.5782 top1 0.2441 top5 0.5184
    [01:38:09] step 3225/5625 | avg train loss 2.5780 top1 0.2442 top5 0.5185
    [01:38:14] step 3250/5625 | avg train loss 2.5778 top1 0.2444 top5 0.5188
    [01:38:19] step 3275/5625 | avg train loss 2.5775 top1 0.2442 top5 0.5185
    [01:38:24] step 3300/5625 | avg train loss 2.5776 top1 0.2444 top5 0.5187
    [01:38:29] step 3325/5625 | avg train loss 2.5769 top1 0.2447 top5 0.5188
    [01:38:34] step 3350/5625 | avg train loss 2.5762 top1 0.2443 top5 0.5188
    [01:38:39] step 3375/5625 | avg train loss 2.5759 top1 0.2443 top5 0.5186
    [01:38:44] step 3400/5625 | avg train loss 2.5768 top1 0.2438 top5 0.5180
    [01:38:49] step 3425/5625 | avg train loss 2.5773 top1 0.2439 top5 0.5183
    [01:38:54] step 3450/5625 | avg train loss 2.5753 top1 0.2445 top5 0.5183
    [01:39:00] step 3475/5625 | avg train loss 2.5767 top1 0.2442 top5 0.5178
    [01:39:05] step 3500/5625 | avg train loss 2.5772 top1 0.2442 top5 0.5176
    [01:39:10] step 3525/5625 | avg train loss 2.5765 top1 0.2445 top5 0.5175
    [01:39:15] step 3550/5625 | avg train loss 2.5769 top1 0.2442 top5 0.5174
    [01:39:20] step 3575/5625 | avg train loss 2.5770 top1 0.2440 top5 0.5173
    [01:39:25] step 3600/5625 | avg train loss 2.5784 top1 0.2440 top5 0.5169
    [01:39:30] step 3625/5625 | avg train loss 2.5790 top1 0.2436 top5 0.5159
    [01:39:35] step 3650/5625 | avg train loss 2.5790 top1 0.2437 top5 0.5163
    [01:39:40] step 3675/5625 | avg train loss 2.5787 top1 0.2436 top5 0.5161
    [01:39:45] step 3700/5625 | avg train loss 2.5783 top1 0.2434 top5 0.5160
    [01:39:50] step 3725/5625 | avg train loss 2.5790 top1 0.2436 top5 0.5160
    [01:39:55] step 3750/5625 | avg train loss 2.5788 top1 0.2439 top5 0.5161
    [01:40:00] step 3775/5625 | avg train loss 2.5795 top1 0.2439 top5 0.5161
    [01:40:06] step 3800/5625 | avg train loss 2.5795 top1 0.2438 top5 0.5157
    [01:40:11] step 3825/5625 | avg train loss 2.5794 top1 0.2442 top5 0.5159
    [01:40:16] step 3850/5625 | avg train loss 2.5796 top1 0.2441 top5 0.5159
    [01:40:21] step 3875/5625 | avg train loss 2.5789 top1 0.2444 top5 0.5164
    [01:40:26] step 3900/5625 | avg train loss 2.5782 top1 0.2444 top5 0.5165
    [01:40:31] step 3925/5625 | avg train loss 2.5793 top1 0.2447 top5 0.5165
    [01:40:36] step 3950/5625 | avg train loss 2.5797 top1 0.2447 top5 0.5168
    [01:40:41] step 3975/5625 | avg train loss 2.5807 top1 0.2440 top5 0.5167
    [01:40:46] step 4000/5625 | avg train loss 2.5806 top1 0.2442 top5 0.5168
    [01:40:51] step 4025/5625 | avg train loss 2.5806 top1 0.2443 top5 0.5167
    [01:40:57] step 4050/5625 | avg train loss 2.5813 top1 0.2443 top5 0.5165
    [01:41:02] step 4075/5625 | avg train loss 2.5816 top1 0.2440 top5 0.5162
    [01:41:07] step 4100/5625 | avg train loss 2.5827 top1 0.2441 top5 0.5160
    [01:41:12] step 4125/5625 | avg train loss 2.5828 top1 0.2440 top5 0.5155
    [01:41:17] step 4150/5625 | avg train loss 2.5827 top1 0.2442 top5 0.5158
    [01:41:22] step 4175/5625 | avg train loss 2.5819 top1 0.2442 top5 0.5159
    [01:41:27] step 4200/5625 | avg train loss 2.5816 top1 0.2444 top5 0.5159
    [01:41:32] step 4225/5625 | avg train loss 2.5815 top1 0.2443 top5 0.5159
    [01:41:37] step 4250/5625 | avg train loss 2.5816 top1 0.2442 top5 0.5161
    [01:41:42] step 4275/5625 | avg train loss 2.5824 top1 0.2441 top5 0.5163
    [01:41:47] step 4300/5625 | avg train loss 2.5818 top1 0.2442 top5 0.5165
    [01:41:53] step 4325/5625 | avg train loss 2.5814 top1 0.2444 top5 0.5164
    [01:41:58] step 4350/5625 | avg train loss 2.5816 top1 0.2446 top5 0.5166
    [01:42:03] step 4375/5625 | avg train loss 2.5817 top1 0.2444 top5 0.5164
    [01:42:08] step 4400/5625 | avg train loss 2.5812 top1 0.2447 top5 0.5166
    [01:42:13] step 4425/5625 | avg train loss 2.5815 top1 0.2447 top5 0.5170
    [01:42:18] step 4450/5625 | avg train loss 2.5812 top1 0.2447 top5 0.5173
    [01:42:23] step 4475/5625 | avg train loss 2.5816 top1 0.2446 top5 0.5174
    [01:42:28] step 4500/5625 | avg train loss 2.5809 top1 0.2452 top5 0.5180
    [01:42:33] step 4525/5625 | avg train loss 2.5817 top1 0.2450 top5 0.5180
    [01:42:38] step 4550/5625 | avg train loss 2.5816 top1 0.2453 top5 0.5181
    [01:42:43] step 4575/5625 | avg train loss 2.5801 top1 0.2458 top5 0.5187
    [01:42:48] step 4600/5625 | avg train loss 2.5801 top1 0.2457 top5 0.5189
    [01:42:54] step 4625/5625 | avg train loss 2.5797 top1 0.2460 top5 0.5191
    [01:42:59] step 4650/5625 | avg train loss 2.5803 top1 0.2459 top5 0.5189
    [01:43:04] step 4675/5625 | avg train loss 2.5785 top1 0.2462 top5 0.5191
    [01:43:09] step 4700/5625 | avg train loss 2.5772 top1 0.2462 top5 0.5189
    [01:43:14] step 4725/5625 | avg train loss 2.5781 top1 0.2459 top5 0.5185
    [01:43:19] step 4750/5625 | avg train loss 2.5775 top1 0.2462 top5 0.5188
    [01:43:24] step 4775/5625 | avg train loss 2.5778 top1 0.2463 top5 0.5187
    [01:43:29] step 4800/5625 | avg train loss 2.5779 top1 0.2461 top5 0.5186
    [01:43:34] step 4825/5625 | avg train loss 2.5781 top1 0.2460 top5 0.5186
    [01:43:39] step 4850/5625 | avg train loss 2.5777 top1 0.2458 top5 0.5184
    [01:43:45] step 4875/5625 | avg train loss 2.5766 top1 0.2456 top5 0.5184
    [01:43:50] step 4900/5625 | avg train loss 2.5763 top1 0.2456 top5 0.5188
    [01:43:55] step 4925/5625 | avg train loss 2.5758 top1 0.2460 top5 0.5192
    [01:44:00] step 4950/5625 | avg train loss 2.5770 top1 0.2456 top5 0.5186
    [01:44:05] step 4975/5625 | avg train loss 2.5766 top1 0.2458 top5 0.5190
    [01:44:10] step 5000/5625 | avg train loss 2.5766 top1 0.2460 top5 0.5191
    [01:44:15] step 5025/5625 | avg train loss 2.5761 top1 0.2461 top5 0.5190
    [01:44:20] step 5050/5625 | avg train loss 2.5750 top1 0.2465 top5 0.5193
    [01:44:25] step 5075/5625 | avg train loss 2.5759 top1 0.2465 top5 0.5192
    [01:44:30] step 5100/5625 | avg train loss 2.5757 top1 0.2465 top5 0.5192
    [01:44:35] step 5125/5625 | avg train loss 2.5756 top1 0.2465 top5 0.5192
    [01:44:40] step 5150/5625 | avg train loss 2.5754 top1 0.2466 top5 0.5192
    [01:44:45] step 5175/5625 | avg train loss 2.5752 top1 0.2468 top5 0.5193
    [01:44:50] step 5200/5625 | avg train loss 2.5743 top1 0.2468 top5 0.5193
    [01:44:56] step 5225/5625 | avg train loss 2.5750 top1 0.2468 top5 0.5191
    [01:45:01] step 5250/5625 | avg train loss 2.5746 top1 0.2469 top5 0.5191
    [01:45:06] step 5275/5625 | avg train loss 2.5741 top1 0.2471 top5 0.5195
    [01:45:11] step 5300/5625 | avg train loss 2.5733 top1 0.2473 top5 0.5198
    [01:45:16] step 5325/5625 | avg train loss 2.5730 top1 0.2473 top5 0.5202
    [01:45:21] step 5350/5625 | avg train loss 2.5724 top1 0.2473 top5 0.5202
    [01:45:26] step 5375/5625 | avg train loss 2.5715 top1 0.2472 top5 0.5202
    [01:45:31] step 5400/5625 | avg train loss 2.5716 top1 0.2473 top5 0.5205
    [01:45:36] step 5425/5625 | avg train loss 2.5705 top1 0.2474 top5 0.5205
    [01:45:41] step 5450/5625 | avg train loss 2.5711 top1 0.2471 top5 0.5199
    [01:45:46] step 5475/5625 | avg train loss 2.5714 top1 0.2469 top5 0.5198
    [01:45:51] step 5500/5625 | avg train loss 2.5709 top1 0.2471 top5 0.5200
    [01:45:57] step 5525/5625 | avg train loss 2.5711 top1 0.2469 top5 0.5199
    [01:46:02] step 5550/5625 | avg train loss 2.5719 top1 0.2467 top5 0.5194
    [01:46:07] step 5575/5625 | avg train loss 2.5721 top1 0.2465 top5 0.5193
    [01:46:12] step 5600/5625 | avg train loss 2.5715 top1 0.2466 top5 0.5196
    [01:46:17] step 5625/5625 | avg train loss 2.5720 top1 0.2468 top5 0.5196
Epoch 8/50 | train loss 2.5720 top1 0.2468 | val loss 2.1602 top1 0.3846 top5 0.7379 | ema holdout top1 0.1156 top5 0.3945
  Saved new best checkpoint (live): /Data/romain.poggi/smth2smth/checkpoints/track_a/videomaev2+ft/meanpool-mae150-s44.pt (val top1=0.3846)
    [01:47:53] step 25/5625 | avg train loss 2.4338 top1 0.3200 top5 0.5900
    [01:47:58] step 50/5625 | avg train loss 2.5367 top1 0.2800 top5 0.5300
    [01:48:03] step 75/5625 | avg train loss 2.5008 top1 0.3017 top5 0.5467
    [01:48:08] step 100/5625 | avg train loss 2.5246 top1 0.2950 top5 0.5613
    [01:48:13] step 125/5625 | avg train loss 2.5177 top1 0.2910 top5 0.5550
    [01:48:18] step 150/5625 | avg train loss 2.5464 top1 0.2833 top5 0.5467
    [01:48:23] step 175/5625 | avg train loss 2.5275 top1 0.2857 top5 0.5471
    [01:48:28] step 200/5625 | avg train loss 2.5314 top1 0.2775 top5 0.5356
    [01:48:33] step 225/5625 | avg train loss 2.5099 top1 0.2811 top5 0.5389
    [01:48:38] step 250/5625 | avg train loss 2.5229 top1 0.2810 top5 0.5410
    [01:48:44] step 275/5625 | avg train loss 2.5347 top1 0.2718 top5 0.5305
    [01:48:49] step 300/5625 | avg train loss 2.5226 top1 0.2712 top5 0.5333
    [01:48:54] step 325/5625 | avg train loss 2.5347 top1 0.2692 top5 0.5312
    [01:48:59] step 350/5625 | avg train loss 2.5386 top1 0.2714 top5 0.5311
    [01:49:04] step 375/5625 | avg train loss 2.5254 top1 0.2753 top5 0.5370
    [01:49:09] step 400/5625 | avg train loss 2.5278 top1 0.2731 top5 0.5328
    [01:49:14] step 425/5625 | avg train loss 2.5393 top1 0.2662 top5 0.5326
    [01:49:19] step 450/5625 | avg train loss 2.5454 top1 0.2644 top5 0.5314
    [01:49:24] step 475/5625 | avg train loss 2.5391 top1 0.2611 top5 0.5279
    [01:49:29] step 500/5625 | avg train loss 2.5320 top1 0.2625 top5 0.5333
    [01:49:34] step 525/5625 | avg train loss 2.5354 top1 0.2619 top5 0.5331
    [01:49:39] step 550/5625 | avg train loss 2.5377 top1 0.2589 top5 0.5293
    [01:49:44] step 575/5625 | avg train loss 2.5310 top1 0.2613 top5 0.5317
    [01:49:49] step 600/5625 | avg train loss 2.5316 top1 0.2581 top5 0.5269
    [01:49:54] step 625/5625 | avg train loss 2.5362 top1 0.2578 top5 0.5278
    [01:50:00] step 650/5625 | avg train loss 2.5393 top1 0.2590 top5 0.5271
    [01:50:05] step 675/5625 | avg train loss 2.5404 top1 0.2578 top5 0.5265
    [01:50:10] step 700/5625 | avg train loss 2.5338 top1 0.2593 top5 0.5248
    [01:50:15] step 725/5625 | avg train loss 2.5394 top1 0.2569 top5 0.5233
    [01:50:20] step 750/5625 | avg train loss 2.5412 top1 0.2572 top5 0.5242
    [01:50:25] step 775/5625 | avg train loss 2.5416 top1 0.2550 top5 0.5226
    [01:50:30] step 800/5625 | avg train loss 2.5438 top1 0.2541 top5 0.5208
    [01:50:35] step 825/5625 | avg train loss 2.5438 top1 0.2547 top5 0.5233
    [01:50:40] step 850/5625 | avg train loss 2.5445 top1 0.2532 top5 0.5224
    [01:50:45] step 875/5625 | avg train loss 2.5379 top1 0.2554 top5 0.5251
    [01:50:50] step 900/5625 | avg train loss 2.5401 top1 0.2540 top5 0.5242
    [01:50:55] step 925/5625 | avg train loss 2.5374 top1 0.2535 top5 0.5230
    [01:51:00] step 950/5625 | avg train loss 2.5327 top1 0.2541 top5 0.5226
    [01:51:05] step 975/5625 | avg train loss 2.5282 top1 0.2545 top5 0.5224
    [01:51:10] step 1000/5625 | avg train loss 2.5314 top1 0.2541 top5 0.5214
    [01:51:15] step 1025/5625 | avg train loss 2.5303 top1 0.2554 top5 0.5239
    [01:51:20] step 1050/5625 | avg train loss 2.5277 top1 0.2560 top5 0.5250
    [01:51:25] step 1075/5625 | avg train loss 2.5268 top1 0.2564 top5 0.5242
    [01:51:31] step 1100/5625 | avg train loss 2.5227 top1 0.2557 top5 0.5248
    [01:51:36] step 1125/5625 | avg train loss 2.5213 top1 0.2559 top5 0.5256
    [01:51:41] step 1150/5625 | avg train loss 2.5250 top1 0.2548 top5 0.5243
    [01:51:46] step 1175/5625 | avg train loss 2.5229 top1 0.2552 top5 0.5249
    [01:51:51] step 1200/5625 | avg train loss 2.5244 top1 0.2556 top5 0.5245
    [01:51:56] step 1225/5625 | avg train loss 2.5260 top1 0.2559 top5 0.5259
    [01:52:01] step 1250/5625 | avg train loss 2.5250 top1 0.2583 top5 0.5271
    [01:52:06] step 1275/5625 | avg train loss 2.5252 top1 0.2574 top5 0.5255
    [01:52:11] step 1300/5625 | avg train loss 2.5255 top1 0.2572 top5 0.5254
    [01:52:16] step 1325/5625 | avg train loss 2.5240 top1 0.2575 top5 0.5254
    [01:52:21] step 1350/5625 | avg train loss 2.5235 top1 0.2580 top5 0.5256
    [01:52:26] step 1375/5625 | avg train loss 2.5276 top1 0.2580 top5 0.5247
    [01:52:32] step 1400/5625 | avg train loss 2.5272 top1 0.2575 top5 0.5241
    [01:52:37] step 1425/5625 | avg train loss 2.5244 top1 0.2583 top5 0.5247
    [01:52:42] step 1450/5625 | avg train loss 2.5241 top1 0.2584 top5 0.5257
    [01:52:47] step 1475/5625 | avg train loss 2.5231 top1 0.2581 top5 0.5249
    [01:52:52] step 1500/5625 | avg train loss 2.5212 top1 0.2593 top5 0.5262
    [01:52:57] step 1525/5625 | avg train loss 2.5208 top1 0.2599 top5 0.5266
    [01:53:02] step 1550/5625 | avg train loss 2.5193 top1 0.2606 top5 0.5270
    [01:53:07] step 1575/5625 | avg train loss 2.5177 top1 0.2610 top5 0.5278
    [01:53:12] step 1600/5625 | avg train loss 2.5182 top1 0.2602 top5 0.5266
    [01:53:17] step 1625/5625 | avg train loss 2.5174 top1 0.2597 top5 0.5260
    [01:53:22] step 1650/5625 | avg train loss 2.5169 top1 0.2594 top5 0.5255
    [01:53:27] step 1675/5625 | avg train loss 2.5156 top1 0.2592 top5 0.5265
    [01:53:32] step 1700/5625 | avg train loss 2.5142 top1 0.2596 top5 0.5279
    [01:53:38] step 1725/5625 | avg train loss 2.5142 top1 0.2604 top5 0.5288
    [01:53:43] step 1750/5625 | avg train loss 2.5119 top1 0.2607 top5 0.5286
    [01:53:48] step 1775/5625 | avg train loss 2.5139 top1 0.2607 top5 0.5289
    [01:53:53] step 1800/5625 | avg train loss 2.5156 top1 0.2608 top5 0.5292
    [01:53:58] step 1825/5625 | avg train loss 2.5163 top1 0.2604 top5 0.5290
    [01:54:03] step 1850/5625 | avg train loss 2.5180 top1 0.2597 top5 0.5289
    [01:54:08] step 1875/5625 | avg train loss 2.5192 top1 0.2605 top5 0.5293
    [01:54:13] step 1900/5625 | avg train loss 2.5199 top1 0.2599 top5 0.5291
    [01:54:18] step 1925/5625 | avg train loss 2.5221 top1 0.2598 top5 0.5293
    [01:54:23] step 1950/5625 | avg train loss 2.5230 top1 0.2599 top5 0.5290
    [01:54:28] step 1975/5625 | avg train loss 2.5225 top1 0.2599 top5 0.5284
    [01:54:33] step 2000/5625 | avg train loss 2.5226 top1 0.2598 top5 0.5286
    [01:54:39] step 2025/5625 | avg train loss 2.5229 top1 0.2590 top5 0.5276
    [01:54:44] step 2050/5625 | avg train loss 2.5234 top1 0.2590 top5 0.5277
    [01:54:49] step 2075/5625 | avg train loss 2.5226 top1 0.2591 top5 0.5283
    [01:54:54] step 2100/5625 | avg train loss 2.5240 top1 0.2590 top5 0.5280
    [01:54:59] step 2125/5625 | avg train loss 2.5261 top1 0.2586 top5 0.5270
    [01:55:04] step 2150/5625 | avg train loss 2.5235 top1 0.2587 top5 0.5269
    [01:55:09] step 2175/5625 | avg train loss 2.5231 top1 0.2593 top5 0.5266
    [01:55:14] step 2200/5625 | avg train loss 2.5204 top1 0.2607 top5 0.5271
    [01:55:19] step 2225/5625 | avg train loss 2.5181 top1 0.2607 top5 0.5272
    [01:55:24] step 2250/5625 | avg train loss 2.5188 top1 0.2606 top5 0.5274
    [01:55:30] step 2275/5625 | avg train loss 2.5170 top1 0.2610 top5 0.5276
    [01:55:35] step 2300/5625 | avg train loss 2.5184 top1 0.2609 top5 0.5279
    [01:55:40] step 2325/5625 | avg train loss 2.5194 top1 0.2604 top5 0.5277
    [01:55:45] step 2350/5625 | avg train loss 2.5187 top1 0.2602 top5 0.5280
    [01:55:50] step 2375/5625 | avg train loss 2.5197 top1 0.2599 top5 0.5277
    [01:55:55] step 2400/5625 | avg train loss 2.5201 top1 0.2602 top5 0.5278
    [01:56:00] step 2425/5625 | avg train loss 2.5203 top1 0.2601 top5 0.5276
    [01:56:05] step 2450/5625 | avg train loss 2.5212 top1 0.2604 top5 0.5285
    [01:56:10] step 2475/5625 | avg train loss 2.5209 top1 0.2601 top5 0.5280
    [01:56:15] step 2500/5625 | avg train loss 2.5201 top1 0.2605 top5 0.5283
    [01:56:20] step 2525/5625 | avg train loss 2.5217 top1 0.2597 top5 0.5273
    [01:56:26] step 2550/5625 | avg train loss 2.5230 top1 0.2593 top5 0.5270
    [01:56:31] step 2575/5625 | avg train loss 2.5220 top1 0.2594 top5 0.5270
    [01:56:36] step 2600/5625 | avg train loss 2.5223 top1 0.2590 top5 0.5274
    [01:56:41] step 2625/5625 | avg train loss 2.5213 top1 0.2589 top5 0.5272
    [01:56:46] step 2650/5625 | avg train loss 2.5216 top1 0.2592 top5 0.5273
    [01:56:51] step 2675/5625 | avg train loss 2.5207 top1 0.2593 top5 0.5275
    [01:56:56] step 2700/5625 | avg train loss 2.5219 top1 0.2591 top5 0.5278
    [01:57:01] step 2725/5625 | avg train loss 2.5234 top1 0.2587 top5 0.5276
    [01:57:06] step 2750/5625 | avg train loss 2.5222 top1 0.2585 top5 0.5275
    [01:57:11] step 2775/5625 | avg train loss 2.5213 top1 0.2589 top5 0.5281
    [01:57:16] step 2800/5625 | avg train loss 2.5211 top1 0.2587 top5 0.5284
    [01:57:21] step 2825/5625 | avg train loss 2.5212 top1 0.2585 top5 0.5284
    [01:57:27] step 2850/5625 | avg train loss 2.5203 top1 0.2589 top5 0.5290
    [01:57:32] step 2875/5625 | avg train loss 2.5200 top1 0.2587 top5 0.5285
    [01:57:37] step 2900/5625 | avg train loss 2.5194 top1 0.2590 top5 0.5288
    [01:57:42] step 2925/5625 | avg train loss 2.5213 top1 0.2587 top5 0.5285
    [01:57:47] step 2950/5625 | avg train loss 2.5217 top1 0.2584 top5 0.5278
    [01:57:52] step 2975/5625 | avg train loss 2.5195 top1 0.2585 top5 0.5279
    [01:57:57] step 3000/5625 | avg train loss 2.5184 top1 0.2584 top5 0.5277
    [01:58:02] step 3025/5625 | avg train loss 2.5191 top1 0.2584 top5 0.5278
    [01:58:07] step 3050/5625 | avg train loss 2.5196 top1 0.2582 top5 0.5280
    [01:58:12] step 3075/5625 | avg train loss 2.5202 top1 0.2581 top5 0.5277
    [01:58:17] step 3100/5625 | avg train loss 2.5209 top1 0.2576 top5 0.5279
    [01:58:23] step 3125/5625 | avg train loss 2.5212 top1 0.2577 top5 0.5284
    [01:58:28] step 3150/5625 | avg train loss 2.5209 top1 0.2570 top5 0.5277
    [01:58:33] step 3175/5625 | avg train loss 2.5208 top1 0.2572 top5 0.5274
    [01:58:38] step 3200/5625 | avg train loss 2.5214 top1 0.2575 top5 0.5276
    [01:58:43] step 3225/5625 | avg train loss 2.5210 top1 0.2575 top5 0.5275
    [01:58:48] step 3250/5625 | avg train loss 2.5210 top1 0.2575 top5 0.5274
    [01:58:53] step 3275/5625 | avg train loss 2.5215 top1 0.2576 top5 0.5277
    [01:58:58] step 3300/5625 | avg train loss 2.5203 top1 0.2578 top5 0.5276
    [01:59:03] step 3325/5625 | avg train loss 2.5214 top1 0.2575 top5 0.5274
    [01:59:08] step 3350/5625 | avg train loss 2.5205 top1 0.2581 top5 0.5281
    [01:59:13] step 3375/5625 | avg train loss 2.5209 top1 0.2584 top5 0.5283
    [01:59:18] step 3400/5625 | avg train loss 2.5200 top1 0.2585 top5 0.5284
    [01:59:24] step 3425/5625 | avg train loss 2.5202 top1 0.2586 top5 0.5284
    [01:59:29] step 3450/5625 | avg train loss 2.5212 top1 0.2582 top5 0.5280
    [01:59:34] step 3475/5625 | avg train loss 2.5212 top1 0.2583 top5 0.5280
    [01:59:39] step 3500/5625 | avg train loss 2.5204 top1 0.2585 top5 0.5282
    [01:59:44] step 3525/5625 | avg train loss 2.5195 top1 0.2589 top5 0.5281
    [01:59:49] step 3550/5625 | avg train loss 2.5200 top1 0.2588 top5 0.5280
    [01:59:54] step 3575/5625 | avg train loss 2.5200 top1 0.2589 top5 0.5285
    [01:59:59] step 3600/5625 | avg train loss 2.5197 top1 0.2591 top5 0.5288
    [02:00:04] step 3625/5625 | avg train loss 2.5188 top1 0.2591 top5 0.5287
    [02:00:09] step 3650/5625 | avg train loss 2.5189 top1 0.2589 top5 0.5285
    [02:00:15] step 3675/5625 | avg train loss 2.5189 top1 0.2585 top5 0.5281
    [02:00:20] step 3700/5625 | avg train loss 2.5190 top1 0.2585 top5 0.5281
    [02:00:25] step 3725/5625 | avg train loss 2.5204 top1 0.2581 top5 0.5282
    [02:00:30] step 3750/5625 | avg train loss 2.5214 top1 0.2578 top5 0.5281
    [02:00:35] step 3775/5625 | avg train loss 2.5215 top1 0.2577 top5 0.5274
    [02:00:40] step 3800/5625 | avg train loss 2.5218 top1 0.2571 top5 0.5270
    [02:00:45] step 3825/5625 | avg train loss 2.5217 top1 0.2574 top5 0.5272
    [02:00:50] step 3850/5625 | avg train loss 2.5218 top1 0.2572 top5 0.5269
    [02:00:55] step 3875/5625 | avg train loss 2.5217 top1 0.2568 top5 0.5268
    [02:01:00] step 3900/5625 | avg train loss 2.5223 top1 0.2563 top5 0.5263
    [02:01:05] step 3925/5625 | avg train loss 2.5227 top1 0.2562 top5 0.5264
    [02:01:10] step 3950/5625 | avg train loss 2.5227 top1 0.2566 top5 0.5266
    [02:01:16] step 3975/5625 | avg train loss 2.5223 top1 0.2565 top5 0.5266
    [02:01:21] step 4000/5625 | avg train loss 2.5225 top1 0.2569 top5 0.5265
    [02:01:26] step 4025/5625 | avg train loss 2.5228 top1 0.2570 top5 0.5263
    [02:01:31] step 4050/5625 | avg train loss 2.5228 top1 0.2570 top5 0.5265
    [02:01:36] step 4075/5625 | avg train loss 2.5233 top1 0.2570 top5 0.5263
    [02:01:41] step 4100/5625 | avg train loss 2.5233 top1 0.2568 top5 0.5264
    [02:01:46] step 4125/5625 | avg train loss 2.5223 top1 0.2570 top5 0.5263
    [02:01:51] step 4150/5625 | avg train loss 2.5221 top1 0.2575 top5 0.5268
    [02:01:56] step 4175/5625 | avg train loss 2.5232 top1 0.2576 top5 0.5266
    [02:02:01] step 4200/5625 | avg train loss 2.5226 top1 0.2576 top5 0.5265
    [02:02:06] step 4225/5625 | avg train loss 2.5218 top1 0.2579 top5 0.5268
    [02:02:11] step 4250/5625 | avg train loss 2.5207 top1 0.2586 top5 0.5274
    [02:02:17] step 4275/5625 | avg train loss 2.5202 top1 0.2589 top5 0.5278
    [02:02:22] step 4300/5625 | avg train loss 2.5211 top1 0.2591 top5 0.5279
    [02:02:27] step 4325/5625 | avg train loss 2.5205 top1 0.2595 top5 0.5284
    [02:02:32] step 4350/5625 | avg train loss 2.5215 top1 0.2591 top5 0.5282
    [02:02:37] step 4375/5625 | avg train loss 2.5216 top1 0.2593 top5 0.5285
    [02:02:42] step 4400/5625 | avg train loss 2.5219 top1 0.2593 top5 0.5285
    [02:02:47] step 4425/5625 | avg train loss 2.5220 top1 0.2592 top5 0.5283
    [02:02:52] step 4450/5625 | avg train loss 2.5222 top1 0.2593 top5 0.5281
    [02:02:57] step 4475/5625 | avg train loss 2.5219 top1 0.2597 top5 0.5286
    [02:03:02] step 4500/5625 | avg train loss 2.5226 top1 0.2595 top5 0.5282
    [02:03:07] step 4525/5625 | avg train loss 2.5226 top1 0.2597 top5 0.5282
    [02:03:12] step 4550/5625 | avg train loss 2.5227 top1 0.2597 top5 0.5281
    [02:03:18] step 4575/5625 | avg train loss 2.5231 top1 0.2594 top5 0.5280
    [02:03:23] step 4600/5625 | avg train loss 2.5229 top1 0.2595 top5 0.5282
    [02:03:28] step 4625/5625 | avg train loss 2.5232 top1 0.2596 top5 0.5279
    [02:03:33] step 4650/5625 | avg train loss 2.5241 top1 0.2593 top5 0.5279
    [02:03:38] step 4675/5625 | avg train loss 2.5247 top1 0.2592 top5 0.5282
    [02:03:43] step 4700/5625 | avg train loss 2.5249 top1 0.2590 top5 0.5279
    [02:03:48] step 4725/5625 | avg train loss 2.5243 top1 0.2590 top5 0.5279
    [02:03:53] step 4750/5625 | avg train loss 2.5242 top1 0.2592 top5 0.5281
    [02:03:58] step 4775/5625 | avg train loss 2.5244 top1 0.2591 top5 0.5280
    [02:04:03] step 4800/5625 | avg train loss 2.5244 top1 0.2591 top5 0.5279
    [02:04:08] step 4825/5625 | avg train loss 2.5239 top1 0.2592 top5 0.5281
    [02:04:14] step 4850/5625 | avg train loss 2.5239 top1 0.2592 top5 0.5282
    [02:04:19] step 4875/5625 | avg train loss 2.5249 top1 0.2589 top5 0.5278
    [02:04:24] step 4900/5625 | avg train loss 2.5250 top1 0.2592 top5 0.5278
    [02:04:29] step 4925/5625 | avg train loss 2.5243 top1 0.2594 top5 0.5279
    [02:04:34] step 4950/5625 | avg train loss 2.5250 top1 0.2590 top5 0.5281
    [02:04:39] step 4975/5625 | avg train loss 2.5253 top1 0.2591 top5 0.5285
    [02:04:44] step 5000/5625 | avg train loss 2.5247 top1 0.2596 top5 0.5287
    [02:04:49] step 5025/5625 | avg train loss 2.5237 top1 0.2596 top5 0.5287
    [02:04:54] step 5050/5625 | avg train loss 2.5240 top1 0.2597 top5 0.5288
    [02:04:59] step 5075/5625 | avg train loss 2.5230 top1 0.2599 top5 0.5290
    [02:05:04] step 5100/5625 | avg train loss 2.5232 top1 0.2599 top5 0.5291
    [02:05:09] step 5125/5625 | avg train loss 2.5223 top1 0.2603 top5 0.5294
    [02:05:15] step 5150/5625 | avg train loss 2.5223 top1 0.2603 top5 0.5296
    [02:05:20] step 5175/5625 | avg train loss 2.5213 top1 0.2604 top5 0.5296
    [02:05:25] step 5200/5625 | avg train loss 2.5209 top1 0.2602 top5 0.5297
    [02:05:30] step 5225/5625 | avg train loss 2.5219 top1 0.2600 top5 0.5296
    [02:05:35] step 5250/5625 | avg train loss 2.5219 top1 0.2599 top5 0.5293
    [02:05:40] step 5275/5625 | avg train loss 2.5216 top1 0.2601 top5 0.5295
    [02:05:45] step 5300/5625 | avg train loss 2.5217 top1 0.2601 top5 0.5296
    [02:05:50] step 5325/5625 | avg train loss 2.5211 top1 0.2600 top5 0.5298
    [02:05:55] step 5350/5625 | avg train loss 2.5205 top1 0.2599 top5 0.5301
    [02:06:00] step 5375/5625 | avg train loss 2.5206 top1 0.2600 top5 0.5303
    [02:06:05] step 5400/5625 | avg train loss 2.5209 top1 0.2598 top5 0.5303
    [02:06:10] step 5425/5625 | avg train loss 2.5204 top1 0.2600 top5 0.5305
    [02:06:15] step 5450/5625 | avg train loss 2.5201 top1 0.2602 top5 0.5307
    [02:06:21] step 5475/5625 | avg train loss 2.5197 top1 0.2606 top5 0.5310
    [02:06:26] step 5500/5625 | avg train loss 2.5198 top1 0.2605 top5 0.5309
    [02:06:31] step 5525/5625 | avg train loss 2.5198 top1 0.2605 top5 0.5310
    [02:06:36] step 5550/5625 | avg train loss 2.5188 top1 0.2607 top5 0.5312
    [02:06:41] step 5575/5625 | avg train loss 2.5188 top1 0.2607 top5 0.5311
    [02:06:46] step 5600/5625 | avg train loss 2.5187 top1 0.2608 top5 0.5312
    [02:06:51] step 5625/5625 | avg train loss 2.5184 top1 0.2606 top5 0.5309
Epoch 9/50 | train loss 2.5184 top1 0.2606 | val loss 2.1645 top1 0.3843 top5 0.7432 | ema holdout top1 0.1334 top5 0.4283
  No val top1 improvement (1/15); best remains 0.3846
    [02:08:26] step 25/5625 | avg train loss 2.4473 top1 0.2600 top5 0.5450
    [02:08:31] step 50/5625 | avg train loss 2.4325 top1 0.3150 top5 0.5675
    [02:08:36] step 75/5625 | avg train loss 2.3485 top1 0.3050 top5 0.5817
    [02:08:41] step 100/5625 | avg train loss 2.3756 top1 0.2875 top5 0.5563
    [02:08:46] step 125/5625 | avg train loss 2.4015 top1 0.2810 top5 0.5520
    [02:08:51] step 150/5625 | avg train loss 2.3921 top1 0.2808 top5 0.5408
    [02:08:56] step 175/5625 | avg train loss 2.4253 top1 0.2657 top5 0.5286
    [02:09:01] step 200/5625 | avg train loss 2.4652 top1 0.2594 top5 0.5238
    [02:09:07] step 225/5625 | avg train loss 2.4536 top1 0.2661 top5 0.5322
    [02:09:12] step 250/5625 | avg train loss 2.4558 top1 0.2670 top5 0.5305
    [02:09:17] step 275/5625 | avg train loss 2.4518 top1 0.2682 top5 0.5300
    [02:09:22] step 300/5625 | avg train loss 2.4517 top1 0.2654 top5 0.5321
    [02:09:27] step 325/5625 | avg train loss 2.4557 top1 0.2627 top5 0.5350
    [02:09:32] step 350/5625 | avg train loss 2.4627 top1 0.2639 top5 0.5389
    [02:09:37] step 375/5625 | avg train loss 2.4672 top1 0.2637 top5 0.5407
    [02:09:42] step 400/5625 | avg train loss 2.4505 top1 0.2634 top5 0.5431
    [02:09:47] step 425/5625 | avg train loss 2.4695 top1 0.2597 top5 0.5368
    [02:09:52] step 450/5625 | avg train loss 2.4745 top1 0.2622 top5 0.5375
    [02:09:57] step 475/5625 | avg train loss 2.4765 top1 0.2618 top5 0.5389
    [02:10:02] step 500/5625 | avg train loss 2.4773 top1 0.2615 top5 0.5365
    [02:10:07] step 525/5625 | avg train loss 2.4759 top1 0.2617 top5 0.5367
    [02:10:12] step 550/5625 | avg train loss 2.4593 top1 0.2657 top5 0.5377
    [02:10:18] step 575/5625 | avg train loss 2.4545 top1 0.2674 top5 0.5398
    [02:10:23] step 600/5625 | avg train loss 2.4568 top1 0.2669 top5 0.5400
    [02:10:28] step 625/5625 | avg train loss 2.4646 top1 0.2664 top5 0.5382
    [02:10:33] step 650/5625 | avg train loss 2.4655 top1 0.2667 top5 0.5387
    [02:10:38] step 675/5625 | avg train loss 2.4711 top1 0.2656 top5 0.5389
    [02:10:43] step 700/5625 | avg train loss 2.4724 top1 0.2641 top5 0.5393
    [02:10:48] step 725/5625 | avg train loss 2.4768 top1 0.2629 top5 0.5386
    [02:10:53] step 750/5625 | avg train loss 2.4739 top1 0.2648 top5 0.5408
    [02:10:58] step 775/5625 | avg train loss 2.4709 top1 0.2640 top5 0.5405
    [02:11:03] step 800/5625 | avg train loss 2.4665 top1 0.2658 top5 0.5423
    [02:11:08] step 825/5625 | avg train loss 2.4631 top1 0.2662 top5 0.5430
    [02:11:13] step 850/5625 | avg train loss 2.4665 top1 0.2660 top5 0.5432
    [02:11:18] step 875/5625 | avg train loss 2.4687 top1 0.2664 top5 0.5423
    [02:11:23] step 900/5625 | avg train loss 2.4664 top1 0.2682 top5 0.5432
    [02:11:28] step 925/5625 | avg train loss 2.4642 top1 0.2684 top5 0.5435
    [02:11:33] step 950/5625 | avg train loss 2.4653 top1 0.2692 top5 0.5424
    [02:11:39] step 975/5625 | avg train loss 2.4664 top1 0.2679 top5 0.5417
    [02:11:44] step 1000/5625 | avg train loss 2.4669 top1 0.2680 top5 0.5415
    [02:11:49] step 1025/5625 | avg train loss 2.4702 top1 0.2666 top5 0.5396
    [02:11:54] step 1050/5625 | avg train loss 2.4751 top1 0.2669 top5 0.5393
    [02:11:59] step 1075/5625 | avg train loss 2.4757 top1 0.2673 top5 0.5398
    [02:12:04] step 1100/5625 | avg train loss 2.4742 top1 0.2687 top5 0.5401
    [02:12:09] step 1125/5625 | avg train loss 2.4718 top1 0.2689 top5 0.5394
    [02:12:14] step 1150/5625 | avg train loss 2.4776 top1 0.2687 top5 0.5385
    [02:12:19] step 1175/5625 | avg train loss 2.4777 top1 0.2685 top5 0.5384
    [02:12:24] step 1200/5625 | avg train loss 2.4757 top1 0.2693 top5 0.5394
    [02:12:29] step 1225/5625 | avg train loss 2.4772 top1 0.2694 top5 0.5390
    [02:12:34] step 1250/5625 | avg train loss 2.4779 top1 0.2683 top5 0.5389
    [02:12:39] step 1275/5625 | avg train loss 2.4795 top1 0.2679 top5 0.5386
    [02:12:45] step 1300/5625 | avg train loss 2.4806 top1 0.2671 top5 0.5367
    [02:12:50] step 1325/5625 | avg train loss 2.4813 top1 0.2661 top5 0.5357
    [02:12:55] step 1350/5625 | avg train loss 2.4811 top1 0.2670 top5 0.5369
    [02:13:00] step 1375/5625 | avg train loss 2.4810 top1 0.2671 top5 0.5375
    [02:13:05] step 1400/5625 | avg train loss 2.4832 top1 0.2666 top5 0.5371
    [02:13:10] step 1425/5625 | avg train loss 2.4807 top1 0.2663 top5 0.5367
    [02:13:15] step 1450/5625 | avg train loss 2.4820 top1 0.2652 top5 0.5359
    [02:13:20] step 1475/5625 | avg train loss 2.4835 top1 0.2647 top5 0.5354
    [02:13:25] step 1500/5625 | avg train loss 2.4848 top1 0.2646 top5 0.5358
    [02:13:30] step 1525/5625 | avg train loss 2.4858 top1 0.2640 top5 0.5350
    [02:13:35] step 1550/5625 | avg train loss 2.4893 top1 0.2633 top5 0.5343
    [02:13:40] step 1575/5625 | avg train loss 2.4894 top1 0.2638 top5 0.5353
    [02:13:45] step 1600/5625 | avg train loss 2.4920 top1 0.2635 top5 0.5358
    [02:13:50] step 1625/5625 | avg train loss 2.4929 top1 0.2637 top5 0.5354
    [02:13:56] step 1650/5625 | avg train loss 2.4923 top1 0.2633 top5 0.5346
    [02:14:01] step 1675/5625 | avg train loss 2.4919 top1 0.2635 top5 0.5348
    [02:14:06] step 1700/5625 | avg train loss 2.4910 top1 0.2629 top5 0.5329
    [02:14:11] step 1725/5625 | avg train loss 2.4905 top1 0.2627 top5 0.5327
    [02:14:16] step 1750/5625 | avg train loss 2.4882 top1 0.2628 top5 0.5327
    [02:14:21] step 1775/5625 | avg train loss 2.4886 top1 0.2633 top5 0.5327
    [02:14:26] step 1800/5625 | avg train loss 2.4885 top1 0.2642 top5 0.5337
    [02:14:31] step 1825/5625 | avg train loss 2.4900 top1 0.2639 top5 0.5339
    [02:14:36] step 1850/5625 | avg train loss 2.4887 top1 0.2626 top5 0.5329
    [02:14:41] step 1875/5625 | avg train loss 2.4911 top1 0.2625 top5 0.5328
    [02:14:46] step 1900/5625 | avg train loss 2.4918 top1 0.2628 top5 0.5335
    [02:14:51] step 1925/5625 | avg train loss 2.4906 top1 0.2642 top5 0.5348
    [02:14:56] step 1950/5625 | avg train loss 2.4913 top1 0.2640 top5 0.5342
    [02:15:02] step 1975/5625 | avg train loss 2.4936 top1 0.2631 top5 0.5335
    [02:15:07] step 2000/5625 | avg train loss 2.4946 top1 0.2628 top5 0.5341
    [02:15:12] step 2025/5625 | avg train loss 2.4941 top1 0.2633 top5 0.5348
    [02:15:17] step 2050/5625 | avg train loss 2.4978 top1 0.2628 top5 0.5345
    [02:15:22] step 2075/5625 | avg train loss 2.4960 top1 0.2630 top5 0.5349
    [02:15:27] step 2100/5625 | avg train loss 2.4990 top1 0.2626 top5 0.5348
    [02:15:32] step 2125/5625 | avg train loss 2.4999 top1 0.2629 top5 0.5352
    [02:15:37] step 2150/5625 | avg train loss 2.5020 top1 0.2624 top5 0.5351
    [02:15:42] step 2175/5625 | avg train loss 2.5046 top1 0.2618 top5 0.5339
    [02:15:47] step 2200/5625 | avg train loss 2.5048 top1 0.2615 top5 0.5334
    [02:15:52] step 2225/5625 | avg train loss 2.5046 top1 0.2609 top5 0.5336
    [02:15:58] step 2250/5625 | avg train loss 2.5042 top1 0.2611 top5 0.5333
    [02:16:03] step 2275/5625 | avg train loss 2.5047 top1 0.2610 top5 0.5331
    [02:16:08] step 2300/5625 | avg train loss 2.5058 top1 0.2612 top5 0.5336
    [02:16:13] step 2325/5625 | avg train loss 2.5064 top1 0.2610 top5 0.5334
    [02:16:18] step 2350/5625 | avg train loss 2.5056 top1 0.2613 top5 0.5338
    [02:16:23] step 2375/5625 | avg train loss 2.5046 top1 0.2613 top5 0.5337
    [02:16:28] step 2400/5625 | avg train loss 2.5039 top1 0.2616 top5 0.5338
    [02:16:33] step 2425/5625 | avg train loss 2.5028 top1 0.2620 top5 0.5341
    [02:16:38] step 2450/5625 | avg train loss 2.5038 top1 0.2615 top5 0.5336
    [02:16:43] step 2475/5625 | avg train loss 2.5030 top1 0.2617 top5 0.5339
    [02:16:48] step 2500/5625 | avg train loss 2.5027 top1 0.2615 top5 0.5331
    [02:16:53] step 2525/5625 | avg train loss 2.5017 top1 0.2623 top5 0.5337
    [02:16:58] step 2550/5625 | avg train loss 2.5016 top1 0.2626 top5 0.5329
    [02:17:04] step 2575/5625 | avg train loss 2.5023 top1 0.2618 top5 0.5323
    [02:17:09] step 2600/5625 | avg train loss 2.5008 top1 0.2623 top5 0.5327
    [02:17:14] step 2625/5625 | avg train loss 2.5025 top1 0.2618 top5 0.5325
    [02:17:19] step 2650/5625 | avg train loss 2.5010 top1 0.2624 top5 0.5330
    [02:17:24] step 2675/5625 | avg train loss 2.5013 top1 0.2625 top5 0.5329
    [02:17:29] step 2700/5625 | avg train loss 2.5023 top1 0.2626 top5 0.5328
    [02:17:34] step 2725/5625 | avg train loss 2.5020 top1 0.2621 top5 0.5320
    [02:17:39] step 2750/5625 | avg train loss 2.5032 top1 0.2620 top5 0.5320
    [02:17:44] step 2775/5625 | avg train loss 2.5043 top1 0.2619 top5 0.5321
    [02:17:49] step 2800/5625 | avg train loss 2.5038 top1 0.2625 top5 0.5325
    [02:17:54] step 2825/5625 | avg train loss 2.5018 top1 0.2634 top5 0.5332
    [02:17:59] step 2850/5625 | avg train loss 2.5005 top1 0.2631 top5 0.5329
    [02:18:05] step 2875/5625 | avg train loss 2.5031 top1 0.2624 top5 0.5327
    [02:18:10] step 2900/5625 | avg train loss 2.5030 top1 0.2623 top5 0.5324
    [02:18:15] step 2925/5625 | avg train loss 2.5041 top1 0.2627 top5 0.5329
    [02:18:20] step 2950/5625 | avg train loss 2.5049 top1 0.2628 top5 0.5329
    [02:18:25] step 2975/5625 | avg train loss 2.5050 top1 0.2627 top5 0.5328
    [02:18:30] step 3000/5625 | avg train loss 2.5052 top1 0.2631 top5 0.5331
    [02:18:35] step 3025/5625 | avg train loss 2.5043 top1 0.2637 top5 0.5339
    [02:18:40] step 3050/5625 | avg train loss 2.5033 top1 0.2642 top5 0.5341
    [02:18:45] step 3075/5625 | avg train loss 2.5039 top1 0.2643 top5 0.5343
    [02:18:50] step 3100/5625 | avg train loss 2.5031 top1 0.2640 top5 0.5340
    [02:18:55] step 3125/5625 | avg train loss 2.5018 top1 0.2639 top5 0.5338
    [02:19:00] step 3150/5625 | avg train loss 2.5024 top1 0.2642 top5 0.5343
    [02:19:06] step 3175/5625 | avg train loss 2.5022 top1 0.2640 top5 0.5343
    [02:19:11] step 3200/5625 | avg train loss 2.5030 top1 0.2634 top5 0.5338
    [02:19:16] step 3225/5625 | avg train loss 2.5043 top1 0.2628 top5 0.5333
    [02:19:21] step 3250/5625 | avg train loss 2.5046 top1 0.2628 top5 0.5325
    [02:19:26] step 3275/5625 | avg train loss 2.5043 top1 0.2629 top5 0.5325
    [02:19:31] step 3300/5625 | avg train loss 2.5043 top1 0.2628 top5 0.5326
    [02:19:36] step 3325/5625 | avg train loss 2.5045 top1 0.2633 top5 0.5327
    [02:19:41] step 3350/5625 | avg train loss 2.5048 top1 0.2634 top5 0.5334
    [02:19:46] step 3375/5625 | avg train loss 2.5048 top1 0.2637 top5 0.5333
    [02:19:51] step 3400/5625 | avg train loss 2.5057 top1 0.2636 top5 0.5332
    [02:19:56] step 3425/5625 | avg train loss 2.5058 top1 0.2632 top5 0.5323
    [02:20:02] step 3450/5625 | avg train loss 2.5056 top1 0.2635 top5 0.5323
    [02:20:07] step 3475/5625 | avg train loss 2.5045 top1 0.2634 top5 0.5327
    [02:20:12] step 3500/5625 | avg train loss 2.5046 top1 0.2634 top5 0.5326
    [02:20:17] step 3525/5625 | avg train loss 2.5046 top1 0.2636 top5 0.5326
    [02:20:22] step 3550/5625 | avg train loss 2.5053 top1 0.2637 top5 0.5328
    [02:20:27] step 3575/5625 | avg train loss 2.5052 top1 0.2635 top5 0.5329
    [02:20:32] step 3600/5625 | avg train loss 2.5048 top1 0.2636 top5 0.5326
    [02:20:37] step 3625/5625 | avg train loss 2.5034 top1 0.2637 top5 0.5330
    [02:20:42] step 3650/5625 | avg train loss 2.5028 top1 0.2637 top5 0.5331
    [02:20:47] step 3675/5625 | avg train loss 2.5025 top1 0.2637 top5 0.5330
    [02:20:52] step 3700/5625 | avg train loss 2.5024 top1 0.2639 top5 0.5331
    [02:20:58] step 3725/5625 | avg train loss 2.5025 top1 0.2641 top5 0.5329
    [02:21:03] step 3750/5625 | avg train loss 2.5037 top1 0.2639 top5 0.5327
    [02:21:08] step 3775/5625 | avg train loss 2.5037 top1 0.2636 top5 0.5318
    [02:21:13] step 3800/5625 | avg train loss 2.5045 top1 0.2636 top5 0.5322
    [02:21:18] step 3825/5625 | avg train loss 2.5045 top1 0.2636 top5 0.5325
    [02:21:23] step 3850/5625 | avg train loss 2.5043 top1 0.2635 top5 0.5321
    [02:21:28] step 3875/5625 | avg train loss 2.5041 top1 0.2637 top5 0.5321
    [02:21:33] step 3900/5625 | avg train loss 2.5034 top1 0.2637 top5 0.5322
    [02:21:38] step 3925/5625 | avg train loss 2.5033 top1 0.2639 top5 0.5322
    [02:21:44] step 3950/5625 | avg train loss 2.5040 top1 0.2637 top5 0.5321
    [02:21:49] step 3975/5625 | avg train loss 2.5043 top1 0.2631 top5 0.5317
    [02:21:54] step 4000/5625 | avg train loss 2.5046 top1 0.2630 top5 0.5315
    [02:21:59] step 4025/5625 | avg train loss 2.5049 top1 0.2631 top5 0.5315
    [02:22:04] step 4050/5625 | avg train loss 2.5043 top1 0.2631 top5 0.5315
    [02:22:09] step 4075/5625 | avg train loss 2.5033 top1 0.2631 top5 0.5313
    [02:22:14] step 4100/5625 | avg train loss 2.5043 top1 0.2628 top5 0.5308
    [02:22:19] step 4125/5625 | avg train loss 2.5048 top1 0.2627 top5 0.5304
    [02:22:24] step 4150/5625 | avg train loss 2.5039 top1 0.2628 top5 0.5306
    [02:22:29] step 4175/5625 | avg train loss 2.5046 top1 0.2625 top5 0.5303
    [02:22:34] step 4200/5625 | avg train loss 2.5050 top1 0.2624 top5 0.5303
    [02:22:39] step 4225/5625 | avg train loss 2.5057 top1 0.2624 top5 0.5302
    [02:22:45] step 4250/5625 | avg train loss 2.5066 top1 0.2623 top5 0.5299
    [02:22:50] step 4275/5625 | avg train loss 2.5062 top1 0.2621 top5 0.5298
    [02:22:55] step 4300/5625 | avg train loss 2.5065 top1 0.2619 top5 0.5297
    [02:23:00] step 4325/5625 | avg train loss 2.5072 top1 0.2619 top5 0.5295
    [02:23:05] step 4350/5625 | avg train loss 2.5071 top1 0.2616 top5 0.5292
    [02:23:10] step 4375/5625 | avg train loss 2.5068 top1 0.2614 top5 0.5289
    [02:23:15] step 4400/5625 | avg train loss 2.5056 top1 0.2613 top5 0.5289
    [02:23:20] step 4425/5625 | avg train loss 2.5065 top1 0.2614 top5 0.5288
    [02:23:25] step 4450/5625 | avg train loss 2.5067 top1 0.2617 top5 0.5286
    [02:23:30] step 4475/5625 | avg train loss 2.5050 top1 0.2620 top5 0.5290
    [02:23:35] step 4500/5625 | avg train loss 2.5054 top1 0.2620 top5 0.5289
    [02:23:41] step 4525/5625 | avg train loss 2.5049 top1 0.2622 top5 0.5292
    [02:23:46] step 4550/5625 | avg train loss 2.5052 top1 0.2621 top5 0.5292
    [02:23:51] step 4575/5625 | avg train loss 2.5057 top1 0.2620 top5 0.5288
    [02:23:56] step 4600/5625 | avg train loss 2.5055 top1 0.2619 top5 0.5291
    [02:24:01] step 4625/5625 | avg train loss 2.5046 top1 0.2625 top5 0.5299
    [02:24:06] step 4650/5625 | avg train loss 2.5043 top1 0.2626 top5 0.5297
    [02:24:11] step 4675/5625 | avg train loss 2.5031 top1 0.2630 top5 0.5302
    [02:24:16] step 4700/5625 | avg train loss 2.5042 top1 0.2630 top5 0.5303
    [02:24:21] step 4725/5625 | avg train loss 2.5042 top1 0.2631 top5 0.5305
    [02:24:26] step 4750/5625 | avg train loss 2.5041 top1 0.2628 top5 0.5305
    [02:24:32] step 4775/5625 | avg train loss 2.5042 top1 0.2631 top5 0.5311
    [02:24:37] step 4800/5625 | avg train loss 2.5035 top1 0.2631 top5 0.5316
    [02:24:42] step 4825/5625 | avg train loss 2.5043 top1 0.2629 top5 0.5316
    [02:24:47] step 4850/5625 | avg train loss 2.5053 top1 0.2629 top5 0.5314
    [02:24:52] step 4875/5625 | avg train loss 2.5056 top1 0.2627 top5 0.5314
    [02:24:57] step 4900/5625 | avg train loss 2.5053 top1 0.2627 top5 0.5317
    [02:25:02] step 4925/5625 | avg train loss 2.5057 top1 0.2626 top5 0.5315
    [02:25:07] step 4950/5625 | avg train loss 2.5060 top1 0.2625 top5 0.5314
    [02:25:12] step 4975/5625 | avg train loss 2.5064 top1 0.2624 top5 0.5313
    [02:25:17] step 5000/5625 | avg train loss 2.5058 top1 0.2627 top5 0.5314
    [02:25:22] step 5025/5625 | avg train loss 2.5055 top1 0.2629 top5 0.5317
    [02:25:28] step 5050/5625 | avg train loss 2.5058 top1 0.2630 top5 0.5318
    [02:25:33] step 5075/5625 | avg train loss 2.5060 top1 0.2630 top5 0.5317
    [02:25:38] step 5100/5625 | avg train loss 2.5056 top1 0.2634 top5 0.5319
    [02:25:43] step 5125/5625 | avg train loss 2.5058 top1 0.2633 top5 0.5315
    [02:25:48] step 5150/5625 | avg train loss 2.5056 top1 0.2632 top5 0.5317
    [02:25:53] step 5175/5625 | avg train loss 2.5050 top1 0.2636 top5 0.5321
    [02:25:58] step 5200/5625 | avg train loss 2.5052 top1 0.2633 top5 0.5318
    [02:26:03] step 5225/5625 | avg train loss 2.5049 top1 0.2636 top5 0.5318
    [02:26:08] step 5250/5625 | avg train loss 2.5045 top1 0.2638 top5 0.5318
    [02:26:14] step 5275/5625 | avg train loss 2.5053 top1 0.2638 top5 0.5317
    [02:26:19] step 5300/5625 | avg train loss 2.5054 top1 0.2637 top5 0.5317
    [02:26:24] step 5325/5625 | avg train loss 2.5060 top1 0.2636 top5 0.5316
    [02:26:29] step 5350/5625 | avg train loss 2.5065 top1 0.2636 top5 0.5316
    [02:26:34] step 5375/5625 | avg train loss 2.5067 top1 0.2633 top5 0.5312
    [02:26:39] step 5400/5625 | avg train loss 2.5065 top1 0.2633 top5 0.5309
    [02:26:44] step 5425/5625 | avg train loss 2.5073 top1 0.2630 top5 0.5303
    [02:26:49] step 5450/5625 | avg train loss 2.5082 top1 0.2629 top5 0.5303
    [02:26:54] step 5475/5625 | avg train loss 2.5078 top1 0.2630 top5 0.5306
    [02:26:59] step 5500/5625 | avg train loss 2.5076 top1 0.2628 top5 0.5306
    [02:27:05] step 5525/5625 | avg train loss 2.5075 top1 0.2631 top5 0.5309
    [02:27:10] step 5550/5625 | avg train loss 2.5070 top1 0.2634 top5 0.5310
    [02:27:15] step 5575/5625 | avg train loss 2.5076 top1 0.2633 top5 0.5311
    [02:27:20] step 5600/5625 | avg train loss 2.5084 top1 0.2631 top5 0.5310
    [02:27:25] step 5625/5625 | avg train loss 2.5075 top1 0.2633 top5 0.5316
Epoch 10/50 | train loss 2.5075 top1 0.2633 | val loss 2.1181 top1 0.3981 top5 0.7526 | ema holdout top1 0.1548 top5 0.4664
  Saved new best checkpoint (live): /Data/romain.poggi/smth2smth/checkpoints/track_a/videomaev2+ft/meanpool-mae150-s44.pt (val top1=0.3981)
    [02:29:02] step 25/5625 | avg train loss 2.4272 top1 0.2850 top5 0.6200
    [02:29:07] step 50/5625 | avg train loss 2.4984 top1 0.2750 top5 0.5950
    [02:29:12] step 75/5625 | avg train loss 2.4203 top1 0.2700 top5 0.5700
    [02:29:17] step 100/5625 | avg train loss 2.4266 top1 0.2537 top5 0.5500
    [02:29:22] step 125/5625 | avg train loss 2.3932 top1 0.2720 top5 0.5530
    [02:29:27] step 150/5625 | avg train loss 2.3820 top1 0.2708 top5 0.5542
    [02:29:32] step 175/5625 | avg train loss 2.3910 top1 0.2707 top5 0.5564
    [02:29:37] step 200/5625 | avg train loss 2.3887 top1 0.2694 top5 0.5594
    [02:29:42] step 225/5625 | avg train loss 2.3960 top1 0.2728 top5 0.5572
    [02:29:47] step 250/5625 | avg train loss 2.4078 top1 0.2735 top5 0.5560
    [02:29:52] step 275/5625 | avg train loss 2.4048 top1 0.2736 top5 0.5582
    [02:29:57] step 300/5625 | avg train loss 2.4111 top1 0.2733 top5 0.5592
    [02:30:03] step 325/5625 | avg train loss 2.4234 top1 0.2719 top5 0.5569
    [02:30:08] step 350/5625 | avg train loss 2.4462 top1 0.2721 top5 0.5557
    [02:30:13] step 375/5625 | avg train loss 2.4533 top1 0.2703 top5 0.5537
    [02:30:18] step 400/5625 | avg train loss 2.4540 top1 0.2694 top5 0.5481
    [02:30:23] step 425/5625 | avg train loss 2.4471 top1 0.2712 top5 0.5497
    [02:30:28] step 450/5625 | avg train loss 2.4468 top1 0.2703 top5 0.5503
    [02:30:33] step 475/5625 | avg train loss 2.4517 top1 0.2708 top5 0.5532
    [02:30:38] step 500/5625 | avg train loss 2.4498 top1 0.2717 top5 0.5527
    [02:30:43] step 525/5625 | avg train loss 2.4466 top1 0.2724 top5 0.5531
    [02:30:48] step 550/5625 | avg train loss 2.4484 top1 0.2730 top5 0.5523
    [02:30:53] step 575/5625 | avg train loss 2.4552 top1 0.2711 top5 0.5500
    [02:30:59] step 600/5625 | avg train loss 2.4557 top1 0.2685 top5 0.5481
    [02:31:04] step 625/5625 | avg train loss 2.4612 top1 0.2682 top5 0.5488
    [02:31:09] step 650/5625 | avg train loss 2.4613 top1 0.2658 top5 0.5460
    [02:31:14] step 675/5625 | avg train loss 2.4656 top1 0.2669 top5 0.5474
    [02:31:19] step 700/5625 | avg train loss 2.4607 top1 0.2696 top5 0.5505
    [02:31:24] step 725/5625 | avg train loss 2.4625 top1 0.2709 top5 0.5509
    [02:31:29] step 750/5625 | avg train loss 2.4651 top1 0.2722 top5 0.5512
    [02:31:34] step 775/5625 | avg train loss 2.4569 top1 0.2744 top5 0.5521
    [02:31:40] step 800/5625 | avg train loss 2.4563 top1 0.2741 top5 0.5519
    [02:31:45] step 825/5625 | avg train loss 2.4614 top1 0.2726 top5 0.5509
    [02:31:50] step 850/5625 | avg train loss 2.4699 top1 0.2709 top5 0.5493
    [02:31:55] step 875/5625 | avg train loss 2.4641 top1 0.2719 top5 0.5506
    [02:32:00] step 900/5625 | avg train loss 2.4602 top1 0.2715 top5 0.5497
    [02:32:05] step 925/5625 | avg train loss 2.4604 top1 0.2712 top5 0.5500
    [02:32:10] step 950/5625 | avg train loss 2.4633 top1 0.2688 top5 0.5466
    [02:32:15] step 975/5625 | avg train loss 2.4627 top1 0.2696 top5 0.5468
    [02:32:20] step 1000/5625 | avg train loss 2.4625 top1 0.2707 top5 0.5484
    [02:32:25] step 1025/5625 | avg train loss 2.4632 top1 0.2710 top5 0.5494
    [02:32:30] step 1050/5625 | avg train loss 2.4645 top1 0.2698 top5 0.5476
    [02:32:36] step 1075/5625 | avg train loss 2.4602 top1 0.2703 top5 0.5479
    [02:32:41] step 1100/5625 | avg train loss 2.4622 top1 0.2695 top5 0.5475
    [02:32:46] step 1125/5625 | avg train loss 2.4604 top1 0.2699 top5 0.5477
    [02:32:51] step 1150/5625 | avg train loss 2.4613 top1 0.2712 top5 0.5476
    [02:32:56] step 1175/5625 | avg train loss 2.4623 top1 0.2719 top5 0.5474
    [02:33:01] step 1200/5625 | avg train loss 2.4612 top1 0.2708 top5 0.5466
    [02:33:06] step 1225/5625 | avg train loss 2.4594 top1 0.2715 top5 0.5466
    [02:33:11] step 1250/5625 | avg train loss 2.4549 top1 0.2722 top5 0.5470
    [02:33:16] step 1275/5625 | avg train loss 2.4555 top1 0.2705 top5 0.5433
    [02:33:21] step 1300/5625 | avg train loss 2.4546 top1 0.2711 top5 0.5444
    [02:33:26] step 1325/5625 | avg train loss 2.4550 top1 0.2713 top5 0.5442
    [02:33:31] step 1350/5625 | avg train loss 2.4547 top1 0.2709 top5 0.5439
    [02:33:36] step 1375/5625 | avg train loss 2.4544 top1 0.2715 top5 0.5436
    [02:33:41] step 1400/5625 | avg train loss 2.4566 top1 0.2707 top5 0.5430
    [02:33:47] step 1425/5625 | avg train loss 2.4599 top1 0.2704 top5 0.5418
    [02:33:52] step 1450/5625 | avg train loss 2.4575 top1 0.2710 top5 0.5422
    [02:33:57] step 1475/5625 | avg train loss 2.4601 top1 0.2704 top5 0.5419
    [02:34:02] step 1500/5625 | avg train loss 2.4635 top1 0.2697 top5 0.5416
    [02:34:07] step 1525/5625 | avg train loss 2.4661 top1 0.2697 top5 0.5425
    [02:34:12] step 1550/5625 | avg train loss 2.4648 top1 0.2700 top5 0.5430
    [02:34:17] step 1575/5625 | avg train loss 2.4633 top1 0.2714 top5 0.5437
    [02:34:22] step 1600/5625 | avg train loss 2.4638 top1 0.2712 top5 0.5426
    [02:34:27] step 1625/5625 | avg train loss 2.4657 top1 0.2702 top5 0.5423
    [02:34:32] step 1650/5625 | avg train loss 2.4685 top1 0.2699 top5 0.5423
    [02:34:37] step 1675/5625 | avg train loss 2.4673 top1 0.2707 top5 0.5426
    [02:34:43] step 1700/5625 | avg train loss 2.4651 top1 0.2712 top5 0.5441
    [02:34:48] step 1725/5625 | avg train loss 2.4686 top1 0.2709 top5 0.5422
    [02:34:53] step 1750/5625 | avg train loss 2.4676 top1 0.2711 top5 0.5427
    [02:34:58] step 1775/5625 | avg train loss 2.4690 top1 0.2710 top5 0.5430
    [02:35:03] step 1800/5625 | avg train loss 2.4703 top1 0.2706 top5 0.5414
    [02:35:08] step 1825/5625 | avg train loss 2.4691 top1 0.2714 top5 0.5426
    [02:35:13] step 1850/5625 | avg train loss 2.4683 top1 0.2716 top5 0.5428
    [02:35:18] step 1875/5625 | avg train loss 2.4669 top1 0.2723 top5 0.5440
    [02:35:23] step 1900/5625 | avg train loss 2.4694 top1 0.2721 top5 0.5443
    [02:35:28] step 1925/5625 | avg train loss 2.4699 top1 0.2718 top5 0.5442
    [02:35:33] step 1950/5625 | avg train loss 2.4684 top1 0.2715 top5 0.5441
    [02:35:38] step 1975/5625 | avg train loss 2.4686 top1 0.2711 top5 0.5442
    [02:35:43] step 2000/5625 | avg train loss 2.4679 top1 0.2709 top5 0.5441
    [02:35:48] step 2025/5625 | avg train loss 2.4691 top1 0.2702 top5 0.5442
    [02:35:54] step 2050/5625 | avg train loss 2.4678 top1 0.2700 top5 0.5443
    [02:35:59] step 2075/5625 | avg train loss 2.4681 top1 0.2699 top5 0.5436
    [02:36:04] step 2100/5625 | avg train loss 2.4674 top1 0.2708 top5 0.5448
    [02:36:09] step 2125/5625 | avg train loss 2.4666 top1 0.2708 top5 0.5452
    [02:36:14] step 2150/5625 | avg train loss 2.4662 top1 0.2704 top5 0.5450
    [02:36:19] step 2175/5625 | avg train loss 2.4673 top1 0.2695 top5 0.5442
    [02:36:24] step 2200/5625 | avg train loss 2.4707 top1 0.2688 top5 0.5432
    [02:36:29] step 2225/5625 | avg train loss 2.4696 top1 0.2693 top5 0.5434
    [02:36:34] step 2250/5625 | avg train loss 2.4695 top1 0.2697 top5 0.5432
    [02:36:39] step 2275/5625 | avg train loss 2.4720 top1 0.2690 top5 0.5425
    [02:36:44] step 2300/5625 | avg train loss 2.4724 top1 0.2689 top5 0.5425
    [02:36:49] step 2325/5625 | avg train loss 2.4713 top1 0.2687 top5 0.5430
    [02:36:55] step 2350/5625 | avg train loss 2.4710 top1 0.2685 top5 0.5426
    [02:37:00] step 2375/5625 | avg train loss 2.4702 top1 0.2686 top5 0.5421
    [02:37:05] step 2400/5625 | avg train loss 2.4699 top1 0.2691 top5 0.5430
    [02:37:10] step 2425/5625 | avg train loss 2.4725 top1 0.2681 top5 0.5427
    [02:37:15] step 2450/5625 | avg train loss 2.4722 top1 0.2684 top5 0.5431
    [02:37:20] step 2475/5625 | avg train loss 2.4720 top1 0.2682 top5 0.5430
    [02:37:25] step 2500/5625 | avg train loss 2.4708 top1 0.2683 top5 0.5436
    [02:37:30] step 2525/5625 | avg train loss 2.4698 top1 0.2689 top5 0.5441
    [02:37:35] step 2550/5625 | avg train loss 2.4706 top1 0.2695 top5 0.5445
    [02:37:40] step 2575/5625 | avg train loss 2.4706 top1 0.2700 top5 0.5453
    [02:37:45] step 2600/5625 | avg train loss 2.4708 top1 0.2701 top5 0.5456
    [02:37:50] step 2625/5625 | avg train loss 2.4705 top1 0.2703 top5 0.5462
    [02:37:55] step 2650/5625 | avg train loss 2.4718 top1 0.2702 top5 0.5465
    [02:38:01] step 2675/5625 | avg train loss 2.4703 top1 0.2705 top5 0.5469
    [02:38:06] step 2700/5625 | avg train loss 2.4707 top1 0.2700 top5 0.5466
    [02:38:11] step 2725/5625 | avg train loss 2.4718 top1 0.2696 top5 0.5462
    [02:38:16] step 2750/5625 | avg train loss 2.4693 top1 0.2705 top5 0.5463
    [02:38:21] step 2775/5625 | avg train loss 2.4702 top1 0.2701 top5 0.5458
    [02:38:26] step 2800/5625 | avg train loss 2.4691 top1 0.2698 top5 0.5451
    [02:38:31] step 2825/5625 | avg train loss 2.4689 top1 0.2698 top5 0.5451
    [02:38:36] step 2850/5625 | avg train loss 2.4691 top1 0.2697 top5 0.5451
    [02:38:41] step 2875/5625 | avg train loss 2.4696 top1 0.2697 top5 0.5448
    [02:38:46] step 2900/5625 | avg train loss 2.4692 top1 0.2696 top5 0.5451
    [02:38:51] step 2925/5625 | avg train loss 2.4713 top1 0.2691 top5 0.5444
    [02:38:56] step 2950/5625 | avg train loss 2.4709 top1 0.2692 top5 0.5447
    [02:39:01] step 2975/5625 | avg train loss 2.4701 top1 0.2692 top5 0.5451
    [02:39:07] step 3000/5625 | avg train loss 2.4698 top1 0.2700 top5 0.5453
    [02:39:12] step 3025/5625 | avg train loss 2.4708 top1 0.2692 top5 0.5448
    [02:39:17] step 3050/5625 | avg train loss 2.4719 top1 0.2689 top5 0.5444
    [02:39:22] step 3075/5625 | avg train loss 2.4727 top1 0.2686 top5 0.5443
    [02:39:27] step 3100/5625 | avg train loss 2.4721 top1 0.2690 top5 0.5454
    [02:39:32] step 3125/5625 | avg train loss 2.4731 top1 0.2687 top5 0.5448
    [02:39:37] step 3150/5625 | avg train loss 2.4725 top1 0.2689 top5 0.5452
    [02:39:42] step 3175/5625 | avg train loss 2.4723 top1 0.2691 top5 0.5457
    [02:39:47] step 3200/5625 | avg train loss 2.4742 top1 0.2689 top5 0.5457
    [02:39:52] step 3225/5625 | avg train loss 2.4758 top1 0.2688 top5 0.5454
    [02:39:57] step 3250/5625 | avg train loss 2.4759 top1 0.2688 top5 0.5454
    [02:40:02] step 3275/5625 | avg train loss 2.4754 top1 0.2688 top5 0.5456
    [02:40:07] step 3300/5625 | avg train loss 2.4740 top1 0.2688 top5 0.5455
    [02:40:12] step 3325/5625 | avg train loss 2.4741 top1 0.2686 top5 0.5453
    [02:40:18] step 3350/5625 | avg train loss 2.4748 top1 0.2685 top5 0.5455
    [02:40:23] step 3375/5625 | avg train loss 2.4749 top1 0.2685 top5 0.5453
    [02:40:28] step 3400/5625 | avg train loss 2.4733 top1 0.2686 top5 0.5452
    [02:40:33] step 3425/5625 | avg train loss 2.4732 top1 0.2685 top5 0.5450
    [02:40:38] step 3450/5625 | avg train loss 2.4729 top1 0.2680 top5 0.5449
    [02:40:43] step 3475/5625 | avg train loss 2.4725 top1 0.2677 top5 0.5450
    [02:40:48] step 3500/5625 | avg train loss 2.4732 top1 0.2678 top5 0.5448
    [02:40:53] step 3525/5625 | avg train loss 2.4726 top1 0.2675 top5 0.5444
    [02:40:58] step 3550/5625 | avg train loss 2.4737 top1 0.2675 top5 0.5446
    [02:41:03] step 3575/5625 | avg train loss 2.4732 top1 0.2673 top5 0.5443
    [02:41:09] step 3600/5625 | avg train loss 2.4740 top1 0.2671 top5 0.5443
    [02:41:14] step 3625/5625 | avg train loss 2.4746 top1 0.2670 top5 0.5442
    [02:41:19] step 3650/5625 | avg train loss 2.4754 top1 0.2671 top5 0.5446
    [02:41:24] step 3675/5625 | avg train loss 2.4749 top1 0.2673 top5 0.5448
    [02:41:29] step 3700/5625 | avg train loss 2.4752 top1 0.2671 top5 0.5446
    [02:41:34] step 3725/5625 | avg train loss 2.4754 top1 0.2670 top5 0.5442
    [02:41:39] step 3750/5625 | avg train loss 2.4757 top1 0.2670 top5 0.5438
    [02:41:44] step 3775/5625 | avg train loss 2.4755 top1 0.2672 top5 0.5438
    [02:41:49] step 3800/5625 | avg train loss 2.4768 top1 0.2670 top5 0.5433
    [02:41:54] step 3825/5625 | avg train loss 2.4772 top1 0.2668 top5 0.5432
    [02:41:59] step 3850/5625 | avg train loss 2.4757 top1 0.2675 top5 0.5437
    [02:42:04] step 3875/5625 | avg train loss 2.4759 top1 0.2679 top5 0.5437
    [02:42:09] step 3900/5625 | avg train loss 2.4761 top1 0.2677 top5 0.5437
    [02:42:15] step 3925/5625 | avg train loss 2.4749 top1 0.2679 top5 0.5436
    [02:42:20] step 3950/5625 | avg train loss 2.4743 top1 0.2678 top5 0.5432
    [02:42:25] step 3975/5625 | avg train loss 2.4744 top1 0.2678 top5 0.5429
    [02:42:30] step 4000/5625 | avg train loss 2.4738 top1 0.2678 top5 0.5432
    [02:42:35] step 4025/5625 | avg train loss 2.4731 top1 0.2680 top5 0.5436
    [02:42:40] step 4050/5625 | avg train loss 2.4735 top1 0.2681 top5 0.5433
    [02:42:45] step 4075/5625 | avg train loss 2.4725 top1 0.2682 top5 0.5431
    [02:42:50] step 4100/5625 | avg train loss 2.4729 top1 0.2681 top5 0.5430
    [02:42:55] step 4125/5625 | avg train loss 2.4732 top1 0.2682 top5 0.5433
    [02:43:00] step 4150/5625 | avg train loss 2.4735 top1 0.2681 top5 0.5431
    [02:43:05] step 4175/5625 | avg train loss 2.4745 top1 0.2677 top5 0.5428
    [02:43:10] step 4200/5625 | avg train loss 2.4751 top1 0.2676 top5 0.5430
    [02:43:15] step 4225/5625 | avg train loss 2.4760 top1 0.2675 top5 0.5431
    [02:43:20] step 4250/5625 | avg train loss 2.4751 top1 0.2681 top5 0.5436
    [02:43:26] step 4275/5625 | avg train loss 2.4741 top1 0.2685 top5 0.5440
    [02:43:31] step 4300/5625 | avg train loss 2.4744 top1 0.2683 top5 0.5442
    [02:43:36] step 4325/5625 | avg train loss 2.4743 top1 0.2684 top5 0.5438
    [02:43:41] step 4350/5625 | avg train loss 2.4750 top1 0.2681 top5 0.5434
    [02:43:46] step 4375/5625 | avg train loss 2.4764 top1 0.2677 top5 0.5429
    [02:43:51] step 4400/5625 | avg train loss 2.4764 top1 0.2678 top5 0.5431
    [02:43:56] step 4425/5625 | avg train loss 2.4778 top1 0.2674 top5 0.5429
    [02:44:01] step 4450/5625 | avg train loss 2.4777 top1 0.2672 top5 0.5429
    [02:44:06] step 4475/5625 | avg train loss 2.4771 top1 0.2674 top5 0.5431
    [02:44:11] step 4500/5625 | avg train loss 2.4751 top1 0.2683 top5 0.5441
    [02:44:16] step 4525/5625 | avg train loss 2.4753 top1 0.2681 top5 0.5438
    [02:44:22] step 4550/5625 | avg train loss 2.4765 top1 0.2677 top5 0.5430
    [02:44:27] step 4575/5625 | avg train loss 2.4776 top1 0.2675 top5 0.5427
    [02:44:32] step 4600/5625 | avg train loss 2.4772 top1 0.2675 top5 0.5429
    [02:44:37] step 4625/5625 | avg train loss 2.4773 top1 0.2675 top5 0.5429
    [02:44:42] step 4650/5625 | avg train loss 2.4768 top1 0.2679 top5 0.5432
    [02:44:47] step 4675/5625 | avg train loss 2.4762 top1 0.2682 top5 0.5436
    [02:44:52] step 4700/5625 | avg train loss 2.4764 top1 0.2681 top5 0.5433
    [02:44:57] step 4725/5625 | avg train loss 2.4756 top1 0.2685 top5 0.5438
    [02:45:02] step 4750/5625 | avg train loss 2.4751 top1 0.2687 top5 0.5441
    [02:45:07] step 4775/5625 | avg train loss 2.4738 top1 0.2687 top5 0.5445
    [02:45:12] step 4800/5625 | avg train loss 2.4743 top1 0.2688 top5 0.5446
    [02:45:17] step 4825/5625 | avg train loss 2.4744 top1 0.2686 top5 0.5444
    [02:45:22] step 4850/5625 | avg train loss 2.4736 top1 0.2686 top5 0.5446
    [02:45:28] step 4875/5625 | avg train loss 2.4738 top1 0.2684 top5 0.5447
    [02:45:33] step 4900/5625 | avg train loss 2.4745 top1 0.2684 top5 0.5451
    [02:45:38] step 4925/5625 | avg train loss 2.4740 top1 0.2686 top5 0.5452
    [02:45:43] step 4950/5625 | avg train loss 2.4736 top1 0.2685 top5 0.5451
    [02:45:48] step 4975/5625 | avg train loss 2.4745 top1 0.2683 top5 0.5451
    [02:45:53] step 5000/5625 | avg train loss 2.4741 top1 0.2684 top5 0.5452
    [02:45:58] step 5025/5625 | avg train loss 2.4741 top1 0.2681 top5 0.5449
    [02:46:03] step 5050/5625 | avg train loss 2.4745 top1 0.2678 top5 0.5445
    [02:46:08] step 5075/5625 | avg train loss 2.4747 top1 0.2680 top5 0.5446
    [02:46:13] step 5100/5625 | avg train loss 2.4742 top1 0.2682 top5 0.5449
    [02:46:18] step 5125/5625 | avg train loss 2.4744 top1 0.2684 top5 0.5451
    [02:46:23] step 5150/5625 | avg train loss 2.4737 top1 0.2686 top5 0.5451
    [02:46:29] step 5175/5625 | avg train loss 2.4741 top1 0.2690 top5 0.5451
    [02:46:34] step 5200/5625 | avg train loss 2.4741 top1 0.2687 top5 0.5448
    [02:46:39] step 5225/5625 | avg train loss 2.4738 top1 0.2684 top5 0.5444
    [02:46:44] step 5250/5625 | avg train loss 2.4738 top1 0.2683 top5 0.5441
    [02:46:49] step 5275/5625 | avg train loss 2.4739 top1 0.2681 top5 0.5438
    [02:46:54] step 5300/5625 | avg train loss 2.4732 top1 0.2683 top5 0.5440
    [02:46:59] step 5325/5625 | avg train loss 2.4729 top1 0.2686 top5 0.5444
    [02:47:04] step 5350/5625 | avg train loss 2.4728 top1 0.2686 top5 0.5441
    [02:47:09] step 5375/5625 | avg train loss 2.4726 top1 0.2688 top5 0.5444
    [02:47:14] step 5400/5625 | avg train loss 2.4720 top1 0.2689 top5 0.5442
    [02:47:19] step 5425/5625 | avg train loss 2.4726 top1 0.2686 top5 0.5438
    [02:47:24] step 5450/5625 | avg train loss 2.4739 top1 0.2682 top5 0.5434
    [02:47:29] step 5475/5625 | avg train loss 2.4743 top1 0.2681 top5 0.5435
    [02:47:35] step 5500/5625 | avg train loss 2.4743 top1 0.2683 top5 0.5435
    [02:47:40] step 5525/5625 | avg train loss 2.4747 top1 0.2682 top5 0.5433
    [02:47:45] step 5550/5625 | avg train loss 2.4748 top1 0.2684 top5 0.5437
    [02:47:50] step 5575/5625 | avg train loss 2.4745 top1 0.2685 top5 0.5439
    [02:47:55] step 5600/5625 | avg train loss 2.4744 top1 0.2685 top5 0.5440
    [02:48:00] step 5625/5625 | avg train loss 2.4745 top1 0.2687 top5 0.5441
Epoch 11/50 | train loss 2.4745 top1 0.2687 | val loss 2.0945 top1 0.3996 top5 0.7600 | ema holdout top1 0.1835 top5 0.5014
  Saved new best checkpoint (live): /Data/romain.poggi/smth2smth/checkpoints/track_a/videomaev2+ft/meanpool-mae150-s44.pt (val top1=0.3996)
    [02:49:36] step 25/5625 | avg train loss 2.4900 top1 0.2700 top5 0.5700
    [02:49:41] step 50/5625 | avg train loss 2.5195 top1 0.2725 top5 0.5425
    [02:49:46] step 75/5625 | avg train loss 2.4787 top1 0.2667 top5 0.5283
    [02:49:51] step 100/5625 | avg train loss 2.5242 top1 0.2587 top5 0.5250
    [02:49:56] step 125/5625 | avg train loss 2.4966 top1 0.2720 top5 0.5470
    [02:50:01] step 150/5625 | avg train loss 2.4896 top1 0.2692 top5 0.5433
    [02:50:06] step 175/5625 | avg train loss 2.4748 top1 0.2671 top5 0.5364
    [02:50:12] step 200/5625 | avg train loss 2.4709 top1 0.2681 top5 0.5437
    [02:50:17] step 225/5625 | avg train loss 2.4754 top1 0.2672 top5 0.5400
    [02:50:22] step 250/5625 | avg train loss 2.4803 top1 0.2635 top5 0.5385
    [02:50:27] step 275/5625 | avg train loss 2.4669 top1 0.2605 top5 0.5368
    [02:50:32] step 300/5625 | avg train loss 2.4578 top1 0.2658 top5 0.5437
    [02:50:37] step 325/5625 | avg train loss 2.4574 top1 0.2662 top5 0.5400
    [02:50:42] step 350/5625 | avg train loss 2.4647 top1 0.2661 top5 0.5382
    [02:50:47] step 375/5625 | avg train loss 2.4666 top1 0.2643 top5 0.5383
    [02:50:52] step 400/5625 | avg train loss 2.4817 top1 0.2609 top5 0.5353
    [02:50:57] step 425/5625 | avg train loss 2.4835 top1 0.2600 top5 0.5350
    [02:51:02] step 450/5625 | avg train loss 2.4799 top1 0.2614 top5 0.5364
    [02:51:08] step 475/5625 | avg train loss 2.4688 top1 0.2671 top5 0.5400
    [02:51:13] step 500/5625 | avg train loss 2.4729 top1 0.2677 top5 0.5373
    [02:51:18] step 525/5625 | avg train loss 2.4608 top1 0.2726 top5 0.5426
    [02:51:23] step 550/5625 | avg train loss 2.4633 top1 0.2698 top5 0.5414
    [02:51:28] step 575/5625 | avg train loss 2.4672 top1 0.2696 top5 0.5391
    [02:51:33] step 600/5625 | avg train loss 2.4592 top1 0.2698 top5 0.5392
    [02:51:38] step 625/5625 | avg train loss 2.4612 top1 0.2700 top5 0.5396
    [02:51:43] step 650/5625 | avg train loss 2.4688 top1 0.2700 top5 0.5377
    [02:51:48] step 675/5625 | avg train loss 2.4636 top1 0.2733 top5 0.5415
    [02:51:53] step 700/5625 | avg train loss 2.4611 top1 0.2723 top5 0.5413
    [02:51:58] step 725/5625 | avg train loss 2.4630 top1 0.2736 top5 0.5433
    [02:52:03] step 750/5625 | avg train loss 2.4590 top1 0.2762 top5 0.5447
    [02:52:08] step 775/5625 | avg train loss 2.4559 top1 0.2763 top5 0.5460
    [02:52:14] step 800/5625 | avg train loss 2.4516 top1 0.2761 top5 0.5477
    [02:52:19] step 825/5625 | avg train loss 2.4524 top1 0.2771 top5 0.5485
    [02:52:24] step 850/5625 | avg train loss 2.4525 top1 0.2762 top5 0.5476
    [02:52:29] step 875/5625 | avg train loss 2.4520 top1 0.2749 top5 0.5474
    [02:52:34] step 900/5625 | avg train loss 2.4441 top1 0.2754 top5 0.5476
    [02:52:39] step 925/5625 | avg train loss 2.4471 top1 0.2773 top5 0.5489
    [02:52:44] step 950/5625 | avg train loss 2.4475 top1 0.2776 top5 0.5482
    [02:52:49] step 975/5625 | avg train loss 2.4435 top1 0.2782 top5 0.5490
    [02:52:54] step 1000/5625 | avg train loss 2.4450 top1 0.2785 top5 0.5504
    [02:52:59] step 1025/5625 | avg train loss 2.4484 top1 0.2774 top5 0.5509
    [02:53:04] step 1050/5625 | avg train loss 2.4513 top1 0.2771 top5 0.5512
    [02:53:10] step 1075/5625 | avg train loss 2.4531 top1 0.2765 top5 0.5501
    [02:53:15] step 1100/5625 | avg train loss 2.4556 top1 0.2760 top5 0.5502
    [02:53:20] step 1125/5625 | avg train loss 2.4593 top1 0.2758 top5 0.5499
    [02:53:25] step 1150/5625 | avg train loss 2.4603 top1 0.2763 top5 0.5504
    [02:53:30] step 1175/5625 | avg train loss 2.4618 top1 0.2755 top5 0.5495
    [02:53:35] step 1200/5625 | avg train loss 2.4628 top1 0.2754 top5 0.5499
    [02:53:40] step 1225/5625 | avg train loss 2.4655 top1 0.2733 top5 0.5469
    [02:53:45] step 1250/5625 | avg train loss 2.4638 top1 0.2728 top5 0.5474
    [02:53:50] step 1275/5625 | avg train loss 2.4621 top1 0.2744 top5 0.5483
    [02:53:56] step 1300/5625 | avg train loss 2.4614 top1 0.2734 top5 0.5476
    [02:54:01] step 1325/5625 | avg train loss 2.4600 top1 0.2731 top5 0.5464
    [02:54:06] step 1350/5625 | avg train loss 2.4594 top1 0.2733 top5 0.5457
    [02:54:11] step 1375/5625 | avg train loss 2.4627 top1 0.2725 top5 0.5453
    [02:54:16] step 1400/5625 | avg train loss 2.4634 top1 0.2729 top5 0.5463
    [02:54:21] step 1425/5625 | avg train loss 2.4638 top1 0.2726 top5 0.5455
    [02:54:26] step 1450/5625 | avg train loss 2.4585 top1 0.2733 top5 0.5463
    [02:54:31] step 1475/5625 | avg train loss 2.4581 top1 0.2742 top5 0.5476
    [02:54:36] step 1500/5625 | avg train loss 2.4567 top1 0.2739 top5 0.5472
    [02:54:41] step 1525/5625 | avg train loss 2.4579 top1 0.2738 top5 0.5466
    [02:54:46] step 1550/5625 | avg train loss 2.4559 top1 0.2750 top5 0.5479
    [02:54:52] step 1575/5625 | avg train loss 2.4578 top1 0.2742 top5 0.5471
    [02:54:57] step 1600/5625 | avg train loss 2.4560 top1 0.2741 top5 0.5464
    [02:55:02] step 1625/5625 | avg train loss 2.4560 top1 0.2748 top5 0.5465
    [02:55:07] step 1650/5625 | avg train loss 2.4569 top1 0.2745 top5 0.5460
    [02:55:12] step 1675/5625 | avg train loss 2.4583 top1 0.2751 top5 0.5463
    [02:55:17] step 1700/5625 | avg train loss 2.4578 top1 0.2754 top5 0.5465
    [02:55:22] step 1725/5625 | avg train loss 2.4577 top1 0.2757 top5 0.5465
    [02:55:27] step 1750/5625 | avg train loss 2.4582 top1 0.2766 top5 0.5474
    [02:55:32] step 1775/5625 | avg train loss 2.4551 top1 0.2776 top5 0.5482
    [02:55:38] step 1800/5625 | avg train loss 2.4547 top1 0.2772 top5 0.5481
    [02:55:43] step 1825/5625 | avg train loss 2.4553 top1 0.2768 top5 0.5479
    [02:55:48] step 1850/5625 | avg train loss 2.4563 top1 0.2763 top5 0.5477
    [02:55:53] step 1875/5625 | avg train loss 2.4584 top1 0.2761 top5 0.5469
    [02:55:58] step 1900/5625 | avg train loss 2.4571 top1 0.2758 top5 0.5473
    [02:56:03] step 1925/5625 | avg train loss 2.4590 top1 0.2753 top5 0.5466
    [02:56:08] step 1950/5625 | avg train loss 2.4582 top1 0.2747 top5 0.5456
    [02:56:14] step 1975/5625 | avg train loss 2.4565 top1 0.2756 top5 0.5472
    [02:56:19] step 2000/5625 | avg train loss 2.4549 top1 0.2757 top5 0.5466
    [02:56:24] step 2025/5625 | avg train loss 2.4544 top1 0.2761 top5 0.5468
    [02:56:29] step 2050/5625 | avg train loss 2.4543 top1 0.2768 top5 0.5472
    [02:56:34] step 2075/5625 | avg train loss 2.4553 top1 0.2776 top5 0.5481
    [02:56:39] step 2100/5625 | avg train loss 2.4557 top1 0.2771 top5 0.5470
    [02:56:44] step 2125/5625 | avg train loss 2.4554 top1 0.2776 top5 0.5473
    [02:56:49] step 2150/5625 | avg train loss 2.4524 top1 0.2783 top5 0.5481
    [02:56:54] step 2175/5625 | avg train loss 2.4532 top1 0.2774 top5 0.5475
    [02:57:00] step 2200/5625 | avg train loss 2.4520 top1 0.2772 top5 0.5481
    [02:57:05] step 2225/5625 | avg train loss 2.4508 top1 0.2771 top5 0.5483
    [02:57:10] step 2250/5625 | avg train loss 2.4519 top1 0.2763 top5 0.5477
    [02:57:15] step 2275/5625 | avg train loss 2.4534 top1 0.2764 top5 0.5473
    [02:57:20] step 2300/5625 | avg train loss 2.4498 top1 0.2777 top5 0.5490
    [02:57:25] step 2325/5625 | avg train loss 2.4491 top1 0.2781 top5 0.5497
    [02:57:30] step 2350/5625 | avg train loss 2.4488 top1 0.2781 top5 0.5497
    [02:57:35] step 2375/5625 | avg train loss 2.4501 top1 0.2778 top5 0.5498
    [02:57:40] step 2400/5625 | avg train loss 2.4514 top1 0.2776 top5 0.5494
    [02:57:46] step 2425/5625 | avg train loss 2.4503 top1 0.2776 top5 0.5492
    [02:57:51] step 2450/5625 | avg train loss 2.4508 top1 0.2773 top5 0.5491
    [02:57:56] step 2475/5625 | avg train loss 2.4515 top1 0.2775 top5 0.5488
    [02:58:01] step 2500/5625 | avg train loss 2.4500 top1 0.2782 top5 0.5493
    [02:58:06] step 2525/5625 | avg train loss 2.4502 top1 0.2781 top5 0.5488
    [02:58:11] step 2550/5625 | avg train loss 2.4502 top1 0.2782 top5 0.5486
    [02:58:16] step 2575/5625 | avg train loss 2.4509 top1 0.2781 top5 0.5483
    [02:58:21] step 2600/5625 | avg train loss 2.4473 top1 0.2783 top5 0.5487
    [02:58:26] step 2625/5625 | avg train loss 2.4460 top1 0.2782 top5 0.5482
    [02:58:32] step 2650/5625 | avg train loss 2.4459 top1 0.2786 top5 0.5488
    [02:58:37] step 2675/5625 | avg train loss 2.4449 top1 0.2779 top5 0.5490
    [02:58:42] step 2700/5625 | avg train loss 2.4441 top1 0.2779 top5 0.5492
    [02:58:47] step 2725/5625 | avg train loss 2.4416 top1 0.2783 top5 0.5490
    [02:58:52] step 2750/5625 | avg train loss 2.4412 top1 0.2785 top5 0.5495
    [02:58:57] step 2775/5625 | avg train loss 2.4424 top1 0.2781 top5 0.5489
    [02:59:02] step 2800/5625 | avg train loss 2.4402 top1 0.2782 top5 0.5492
    [02:59:07] step 2825/5625 | avg train loss 2.4388 top1 0.2785 top5 0.5496
    [02:59:12] step 2850/5625 | avg train loss 2.4398 top1 0.2782 top5 0.5489
    [02:59:18] step 2875/5625 | avg train loss 2.4403 top1 0.2779 top5 0.5484
    [02:59:23] step 2900/5625 | avg train loss 2.4404 top1 0.2780 top5 0.5480
    [02:59:28] step 2925/5625 | avg train loss 2.4402 top1 0.2781 top5 0.5480
    [02:59:33] step 2950/5625 | avg train loss 2.4420 top1 0.2778 top5 0.5474
    [02:59:38] step 2975/5625 | avg train loss 2.4416 top1 0.2777 top5 0.5474
    [02:59:43] step 3000/5625 | avg train loss 2.4407 top1 0.2777 top5 0.5474
    [02:59:48] step 3025/5625 | avg train loss 2.4418 top1 0.2777 top5 0.5479
    [02:59:53] step 3050/5625 | avg train loss 2.4424 top1 0.2772 top5 0.5478
    [02:59:58] step 3075/5625 | avg train loss 2.4414 top1 0.2771 top5 0.5487
    [03:00:04] step 3100/5625 | avg train loss 2.4401 top1 0.2768 top5 0.5484
    [03:00:09] step 3125/5625 | avg train loss 2.4406 top1 0.2764 top5 0.5482
    [03:00:14] step 3150/5625 | avg train loss 2.4398 top1 0.2765 top5 0.5481
    [03:00:19] step 3175/5625 | avg train loss 2.4405 top1 0.2764 top5 0.5481
    [03:00:24] step 3200/5625 | avg train loss 2.4405 top1 0.2760 top5 0.5477
    [03:00:29] step 3225/5625 | avg train loss 2.4415 top1 0.2754 top5 0.5473
    [03:00:34] step 3250/5625 | avg train loss 2.4417 top1 0.2757 top5 0.5472
    [03:00:39] step 3275/5625 | avg train loss 2.4424 top1 0.2755 top5 0.5466
    [03:00:44] step 3300/5625 | avg train loss 2.4400 top1 0.2762 top5 0.5470
    [03:00:49] step 3325/5625 | avg train loss 2.4397 top1 0.2762 top5 0.5471
    [03:00:55] step 3350/5625 | avg train loss 2.4402 top1 0.2763 top5 0.5471
    [03:01:00] step 3375/5625 | avg train loss 2.4387 top1 0.2766 top5 0.5476
    [03:01:05] step 3400/5625 | avg train loss 2.4389 top1 0.2767 top5 0.5475
    [03:01:10] step 3425/5625 | avg train loss 2.4397 top1 0.2765 top5 0.5474
    [03:01:15] step 3450/5625 | avg train loss 2.4392 top1 0.2765 top5 0.5476
    [03:01:20] step 3475/5625 | avg train loss 2.4401 top1 0.2763 top5 0.5478
    [03:01:25] step 3500/5625 | avg train loss 2.4406 top1 0.2764 top5 0.5477
    [03:01:30] step 3525/5625 | avg train loss 2.4401 top1 0.2766 top5 0.5480
    [03:01:35] step 3550/5625 | avg train loss 2.4405 top1 0.2763 top5 0.5477
    [03:01:41] step 3575/5625 | avg train loss 2.4413 top1 0.2761 top5 0.5477
    [03:01:46] step 3600/5625 | avg train loss 2.4402 top1 0.2768 top5 0.5484
    [03:01:51] step 3625/5625 | avg train loss 2.4406 top1 0.2771 top5 0.5486
    [03:01:56] step 3650/5625 | avg train loss 2.4406 top1 0.2772 top5 0.5487
    [03:02:01] step 3675/5625 | avg train loss 2.4423 top1 0.2767 top5 0.5488
    [03:02:06] step 3700/5625 | avg train loss 2.4423 top1 0.2772 top5 0.5490
    [03:02:11] step 3725/5625 | avg train loss 2.4420 top1 0.2769 top5 0.5490
    [03:02:16] step 3750/5625 | avg train loss 2.4409 top1 0.2774 top5 0.5495
    [03:02:21] step 3775/5625 | avg train loss 2.4406 top1 0.2774 top5 0.5495
    [03:02:27] step 3800/5625 | avg train loss 2.4397 top1 0.2776 top5 0.5497
    [03:02:32] step 3825/5625 | avg train loss 2.4401 top1 0.2775 top5 0.5495
    [03:02:37] step 3850/5625 | avg train loss 2.4394 top1 0.2778 top5 0.5499
    [03:02:42] step 3875/5625 | avg train loss 2.4392 top1 0.2783 top5 0.5508
    [03:02:47] step 3900/5625 | avg train loss 2.4396 top1 0.2780 top5 0.5507
    [03:02:52] step 3925/5625 | avg train loss 2.4401 top1 0.2783 top5 0.5512
    [03:02:57] step 3950/5625 | avg train loss 2.4396 top1 0.2787 top5 0.5512
    [03:03:02] step 3975/5625 | avg train loss 2.4404 top1 0.2784 top5 0.5508
    [03:03:07] step 4000/5625 | avg train loss 2.4398 top1 0.2786 top5 0.5512
    [03:03:13] step 4025/5625 | avg train loss 2.4407 top1 0.2783 top5 0.5514
    [03:03:18] step 4050/5625 | avg train loss 2.4415 top1 0.2782 top5 0.5513
    [03:03:23] step 4075/5625 | avg train loss 2.4417 top1 0.2781 top5 0.5511
    [03:03:28] step 4100/5625 | avg train loss 2.4425 top1 0.2780 top5 0.5511
    [03:03:33] step 4125/5625 | avg train loss 2.4437 top1 0.2778 top5 0.5510
    [03:03:38] step 4150/5625 | avg train loss 2.4446 top1 0.2775 top5 0.5510
    [03:03:43] step 4175/5625 | avg train loss 2.4445 top1 0.2777 top5 0.5514
    [03:03:48] step 4200/5625 | avg train loss 2.4441 top1 0.2778 top5 0.5513
    [03:03:53] step 4225/5625 | avg train loss 2.4435 top1 0.2778 top5 0.5514
    [03:03:58] step 4250/5625 | avg train loss 2.4429 top1 0.2779 top5 0.5513
    [03:04:03] step 4275/5625 | avg train loss 2.4426 top1 0.2775 top5 0.5507
    [03:04:09] step 4300/5625 | avg train loss 2.4422 top1 0.2776 top5 0.5507
    [03:04:14] step 4325/5625 | avg train loss 2.4414 top1 0.2777 top5 0.5505
    [03:04:19] step 4350/5625 | avg train loss 2.4407 top1 0.2778 top5 0.5502
    [03:04:24] step 4375/5625 | avg train loss 2.4406 top1 0.2777 top5 0.5503
    [03:04:29] step 4400/5625 | avg train loss 2.4404 top1 0.2775 top5 0.5502
    [03:04:34] step 4425/5625 | avg train loss 2.4398 top1 0.2779 top5 0.5506
    [03:04:39] step 4450/5625 | avg train loss 2.4412 top1 0.2775 top5 0.5504
    [03:04:44] step 4475/5625 | avg train loss 2.4410 top1 0.2777 top5 0.5506
    [03:04:49] step 4500/5625 | avg train loss 2.4402 top1 0.2781 top5 0.5510
    [03:04:54] step 4525/5625 | avg train loss 2.4403 top1 0.2781 top5 0.5510
    [03:04:59] step 4550/5625 | avg train loss 2.4391 top1 0.2781 top5 0.5509
    [03:05:05] step 4575/5625 | avg train loss 2.4394 top1 0.2781 top5 0.5505
    [03:05:10] step 4600/5625 | avg train loss 2.4390 top1 0.2780 top5 0.5502
    [03:05:15] step 4625/5625 | avg train loss 2.4391 top1 0.2781 top5 0.5502
    [03:05:20] step 4650/5625 | avg train loss 2.4386 top1 0.2783 top5 0.5503
    [03:05:25] step 4675/5625 | avg train loss 2.4398 top1 0.2781 top5 0.5501
    [03:05:30] step 4700/5625 | avg train loss 2.4387 top1 0.2782 top5 0.5503
    [03:05:35] step 4725/5625 | avg train loss 2.4389 top1 0.2782 top5 0.5505
    [03:05:40] step 4750/5625 | avg train loss 2.4392 top1 0.2784 top5 0.5505
    [03:05:46] step 4775/5625 | avg train loss 2.4379 top1 0.2787 top5 0.5510
    [03:05:51] step 4800/5625 | avg train loss 2.4379 top1 0.2787 top5 0.5509
    [03:05:56] step 4825/5625 | avg train loss 2.4370 top1 0.2788 top5 0.5510
    [03:06:01] step 4850/5625 | avg train loss 2.4367 top1 0.2788 top5 0.5511
    [03:06:06] step 4875/5625 | avg train loss 2.4373 top1 0.2788 top5 0.5512
    [03:06:11] step 4900/5625 | avg train loss 2.4369 top1 0.2787 top5 0.5511
    [03:06:16] step 4925/5625 | avg train loss 2.4362 top1 0.2787 top5 0.5511
    [03:06:21] step 4950/5625 | avg train loss 2.4362 top1 0.2787 top5 0.5507
    [03:06:26] step 4975/5625 | avg train loss 2.4368 top1 0.2786 top5 0.5502
    [03:06:32] step 5000/5625 | avg train loss 2.4372 top1 0.2787 top5 0.5502
    [03:06:37] step 5025/5625 | avg train loss 2.4373 top1 0.2787 top5 0.5503
    [03:06:42] step 5050/5625 | avg train loss 2.4365 top1 0.2787 top5 0.5505
    [03:06:47] step 5075/5625 | avg train loss 2.4357 top1 0.2788 top5 0.5507
    [03:06:52] step 5100/5625 | avg train loss 2.4352 top1 0.2792 top5 0.5507
    [03:06:57] step 5125/5625 | avg train loss 2.4355 top1 0.2792 top5 0.5506
    [03:07:02] step 5150/5625 | avg train loss 2.4357 top1 0.2791 top5 0.5506
    [03:07:07] step 5175/5625 | avg train loss 2.4353 top1 0.2793 top5 0.5504
    [03:07:12] step 5200/5625 | avg train loss 2.4360 top1 0.2792 top5 0.5503
    [03:07:17] step 5225/5625 | avg train loss 2.4360 top1 0.2792 top5 0.5503
    [03:07:23] step 5250/5625 | avg train loss 2.4356 top1 0.2794 top5 0.5505
    [03:07:28] step 5275/5625 | avg train loss 2.4358 top1 0.2793 top5 0.5506
    [03:07:33] step 5300/5625 | avg train loss 2.4368 top1 0.2791 top5 0.5504
    [03:07:38] step 5325/5625 | avg train loss 2.4366 top1 0.2795 top5 0.5506
    [03:07:43] step 5350/5625 | avg train loss 2.4371 top1 0.2796 top5 0.5505
    [03:07:48] step 5375/5625 | avg train loss 2.4376 top1 0.2794 top5 0.5506
    [03:07:53] step 5400/5625 | avg train loss 2.4379 top1 0.2793 top5 0.5507
    [03:07:58] step 5425/5625 | avg train loss 2.4380 top1 0.2792 top5 0.5504
    [03:08:03] step 5450/5625 | avg train loss 2.4378 top1 0.2793 top5 0.5505
    [03:08:09] step 5475/5625 | avg train loss 2.4374 top1 0.2795 top5 0.5507
    [03:08:14] step 5500/5625 | avg train loss 2.4370 top1 0.2796 top5 0.5506
    [03:08:19] step 5525/5625 | avg train loss 2.4362 top1 0.2796 top5 0.5509
    [03:08:24] step 5550/5625 | avg train loss 2.4361 top1 0.2798 top5 0.5512
    [03:08:29] step 5575/5625 | avg train loss 2.4356 top1 0.2799 top5 0.5513
    [03:08:34] step 5600/5625 | avg train loss 2.4351 top1 0.2802 top5 0.5513
    [03:08:39] step 5625/5625 | avg train loss 2.4339 top1 0.2807 top5 0.5517
Epoch 12/50 | train loss 2.4339 top1 0.2807 | val loss 2.0485 top1 0.4211 top5 0.7579 | ema holdout top1 0.2187 top5 0.5441
  Saved new best checkpoint (live): /Data/romain.poggi/smth2smth/checkpoints/track_a/videomaev2+ft/meanpool-mae150-s44.pt (val top1=0.4211)
    [03:10:15] step 25/5625 | avg train loss 2.2126 top1 0.2200 top5 0.5550
    [03:10:20] step 50/5625 | avg train loss 2.4350 top1 0.2375 top5 0.5225
    [03:10:25] step 75/5625 | avg train loss 2.4157 top1 0.2600 top5 0.5450
    [03:10:30] step 100/5625 | avg train loss 2.4221 top1 0.2600 top5 0.5650
    [03:10:35] step 125/5625 | avg train loss 2.4017 top1 0.2690 top5 0.5570
    [03:10:40] step 150/5625 | avg train loss 2.4152 top1 0.2733 top5 0.5567
    [03:10:45] step 175/5625 | avg train loss 2.4113 top1 0.2736 top5 0.5586
    [03:10:51] step 200/5625 | avg train loss 2.3960 top1 0.2744 top5 0.5581
    [03:10:56] step 225/5625 | avg train loss 2.4109 top1 0.2689 top5 0.5467
    [03:11:01] step 250/5625 | avg train loss 2.4262 top1 0.2635 top5 0.5440
    [03:11:06] step 275/5625 | avg train loss 2.4307 top1 0.2700 top5 0.5432
    [03:11:11] step 300/5625 | avg train loss 2.4319 top1 0.2729 top5 0.5479
    [03:11:16] step 325/5625 | avg train loss 2.4268 top1 0.2742 top5 0.5492
    [03:11:21] step 350/5625 | avg train loss 2.4259 top1 0.2725 top5 0.5454
    [03:11:26] step 375/5625 | avg train loss 2.4212 top1 0.2753 top5 0.5513
    [03:11:31] step 400/5625 | avg train loss 2.4208 top1 0.2725 top5 0.5472
    [03:11:37] step 425/5625 | avg train loss 2.4161 top1 0.2729 top5 0.5465
    [03:11:42] step 450/5625 | avg train loss 2.4187 top1 0.2717 top5 0.5483
    [03:11:47] step 475/5625 | avg train loss 2.4147 top1 0.2703 top5 0.5495
    [03:11:52] step 500/5625 | avg train loss 2.4173 top1 0.2712 top5 0.5517
    [03:11:57] step 525/5625 | avg train loss 2.4160 top1 0.2700 top5 0.5488
    [03:12:02] step 550/5625 | avg train loss 2.4137 top1 0.2677 top5 0.5480
    [03:12:07] step 575/5625 | avg train loss 2.4069 top1 0.2654 top5 0.5448
    [03:12:12] step 600/5625 | avg train loss 2.4056 top1 0.2667 top5 0.5469
    [03:12:17] step 625/5625 | avg train loss 2.4129 top1 0.2664 top5 0.5452
    [03:12:22] step 650/5625 | avg train loss 2.4140 top1 0.2625 top5 0.5419
    [03:12:28] step 675/5625 | avg train loss 2.4089 top1 0.2643 top5 0.5426
    [03:12:33] step 700/5625 | avg train loss 2.4104 top1 0.2643 top5 0.5418
    [03:12:38] step 725/5625 | avg train loss 2.4144 top1 0.2636 top5 0.5421
    [03:12:43] step 750/5625 | avg train loss 2.4156 top1 0.2668 top5 0.5458
    [03:12:48] step 775/5625 | avg train loss 2.4098 top1 0.2695 top5 0.5477
    [03:12:53] step 800/5625 | avg train loss 2.4088 top1 0.2695 top5 0.5487
    [03:12:58] step 825/5625 | avg train loss 2.4023 top1 0.2726 top5 0.5523
    [03:13:03] step 850/5625 | avg train loss 2.3979 top1 0.2756 top5 0.5560
    [03:13:08] step 875/5625 | avg train loss 2.4002 top1 0.2749 top5 0.5554
    [03:13:14] step 900/5625 | avg train loss 2.4091 top1 0.2740 top5 0.5543
    [03:13:19] step 925/5625 | avg train loss 2.4043 top1 0.2745 top5 0.5545
    [03:13:24] step 950/5625 | avg train loss 2.4045 top1 0.2749 top5 0.5549
    [03:13:29] step 975/5625 | avg train loss 2.4051 top1 0.2759 top5 0.5549
    [03:13:34] step 1000/5625 | avg train loss 2.4029 top1 0.2766 top5 0.5557
    [03:13:39] step 1025/5625 | avg train loss 2.3942 top1 0.2777 top5 0.5557
    [03:13:44] step 1050/5625 | avg train loss 2.3941 top1 0.2776 top5 0.5556
    [03:13:49] step 1075/5625 | avg train loss 2.3927 top1 0.2777 top5 0.5557
    [03:13:54] step 1100/5625 | avg train loss 2.3945 top1 0.2786 top5 0.5558
    [03:13:59] step 1125/5625 | avg train loss 2.3943 top1 0.2784 top5 0.5559
    [03:14:05] step 1150/5625 | avg train loss 2.3975 top1 0.2799 top5 0.5576
    [03:14:10] step 1175/5625 | avg train loss 2.3961 top1 0.2801 top5 0.5583
    [03:14:15] step 1200/5625 | avg train loss 2.3954 top1 0.2795 top5 0.5579
    [03:14:20] step 1225/5625 | avg train loss 2.3997 top1 0.2796 top5 0.5579
    [03:14:25] step 1250/5625 | avg train loss 2.4027 top1 0.2796 top5 0.5577
    [03:14:30] step 1275/5625 | avg train loss 2.4001 top1 0.2798 top5 0.5575
    [03:14:35] step 1300/5625 | avg train loss 2.4016 top1 0.2795 top5 0.5565
    [03:14:40] step 1325/5625 | avg train loss 2.4006 top1 0.2803 top5 0.5562
    [03:14:45] step 1350/5625 | avg train loss 2.3975 top1 0.2800 top5 0.5556
    [03:14:50] step 1375/5625 | avg train loss 2.3978 top1 0.2814 top5 0.5572
    [03:14:56] step 1400/5625 | avg train loss 2.3977 top1 0.2814 top5 0.5559
    [03:15:01] step 1425/5625 | avg train loss 2.4027 top1 0.2816 top5 0.5550
    [03:15:06] step 1450/5625 | avg train loss 2.3990 top1 0.2822 top5 0.5557
    [03:15:11] step 1475/5625 | avg train loss 2.4000 top1 0.2832 top5 0.5571
    [03:15:16] step 1500/5625 | avg train loss 2.4017 top1 0.2839 top5 0.5576
    [03:15:21] step 1525/5625 | avg train loss 2.4031 top1 0.2834 top5 0.5575
    [03:15:26] step 1550/5625 | avg train loss 2.4005 top1 0.2848 top5 0.5586
    [03:15:31] step 1575/5625 | avg train loss 2.4009 top1 0.2849 top5 0.5585
    [03:15:36] step 1600/5625 | avg train loss 2.4018 top1 0.2848 top5 0.5572
    [03:15:42] step 1625/5625 | avg train loss 2.4008 top1 0.2855 top5 0.5578
    [03:15:47] step 1650/5625 | avg train loss 2.3991 top1 0.2856 top5 0.5583
    [03:15:52] step 1675/5625 | avg train loss 2.4019 top1 0.2846 top5 0.5575
    [03:15:57] step 1700/5625 | avg train loss 2.4001 top1 0.2847 top5 0.5576
    [03:16:02] step 1725/5625 | avg train loss 2.4028 top1 0.2848 top5 0.5575
    [03:16:07] step 1750/5625 | avg train loss 2.4062 top1 0.2845 top5 0.5561
    [03:16:12] step 1775/5625 | avg train loss 2.4077 top1 0.2837 top5 0.5550
    [03:16:17] step 1800/5625 | avg train loss 2.4095 top1 0.2821 top5 0.5535
    [03:16:23] step 1825/5625 | avg train loss 2.4093 top1 0.2818 top5 0.5529
    [03:16:28] step 1850/5625 | avg train loss 2.4112 top1 0.2822 top5 0.5536
    [03:16:33] step 1875/5625 | avg train loss 2.4098 top1 0.2816 top5 0.5541
    [03:16:38] step 1900/5625 | avg train loss 2.4080 top1 0.2819 top5 0.5544
    [03:16:43] step 1925/5625 | avg train loss 2.4074 top1 0.2812 top5 0.5542
    [03:16:48] step 1950/5625 | avg train loss 2.4055 top1 0.2816 top5 0.5550
    [03:16:53] step 1975/5625 | avg train loss 2.4068 top1 0.2820 top5 0.5556
    [03:16:58] step 2000/5625 | avg train loss 2.4057 top1 0.2824 top5 0.5557
    [03:17:03] step 2025/5625 | avg train loss 2.4092 top1 0.2821 top5 0.5548
    [03:17:08] step 2050/5625 | avg train loss 2.4115 top1 0.2810 top5 0.5541
    [03:17:14] step 2075/5625 | avg train loss 2.4119 top1 0.2810 top5 0.5540
    [03:17:19] step 2100/5625 | avg train loss 2.4124 top1 0.2810 top5 0.5535
    [03:17:24] step 2125/5625 | avg train loss 2.4132 top1 0.2806 top5 0.5525
    [03:17:29] step 2150/5625 | avg train loss 2.4110 top1 0.2814 top5 0.5530
    [03:17:34] step 2175/5625 | avg train loss 2.4075 top1 0.2813 top5 0.5526
    [03:17:39] step 2200/5625 | avg train loss 2.4056 top1 0.2814 top5 0.5528
    [03:17:44] step 2225/5625 | avg train loss 2.4054 top1 0.2816 top5 0.5527
    [03:17:49] step 2250/5625 | avg train loss 2.4069 top1 0.2812 top5 0.5522
    [03:17:54] step 2275/5625 | avg train loss 2.4037 top1 0.2823 top5 0.5530
    [03:17:59] step 2300/5625 | avg train loss 2.4030 top1 0.2822 top5 0.5530
    [03:18:05] step 2325/5625 | avg train loss 2.4018 top1 0.2818 top5 0.5532
    [03:18:10] step 2350/5625 | avg train loss 2.4034 top1 0.2814 top5 0.5534
    [03:18:15] step 2375/5625 | avg train loss 2.4019 top1 0.2819 top5 0.5537
    [03:18:20] step 2400/5625 | avg train loss 2.4019 top1 0.2813 top5 0.5523
    [03:18:25] step 2425/5625 | avg train loss 2.4014 top1 0.2819 top5 0.5535
    [03:18:30] step 2450/5625 | avg train loss 2.4022 top1 0.2816 top5 0.5538
    [03:18:35] step 2475/5625 | avg train loss 2.4041 top1 0.2817 top5 0.5542
    [03:18:40] step 2500/5625 | avg train loss 2.4035 top1 0.2813 top5 0.5540
    [03:18:45] step 2525/5625 | avg train loss 2.4039 top1 0.2818 top5 0.5541
    [03:18:50] step 2550/5625 | avg train loss 2.4031 top1 0.2820 top5 0.5539
    [03:18:55] step 2575/5625 | avg train loss 2.4036 top1 0.2819 top5 0.5533
    [03:19:01] step 2600/5625 | avg train loss 2.4051 top1 0.2820 top5 0.5535
    [03:19:06] step 2625/5625 | avg train loss 2.4060 top1 0.2820 top5 0.5534
    [03:19:11] step 2650/5625 | avg train loss 2.4052 top1 0.2821 top5 0.5530
    [03:19:16] step 2675/5625 | avg train loss 2.4079 top1 0.2817 top5 0.5528
    [03:19:21] step 2700/5625 | avg train loss 2.4076 top1 0.2812 top5 0.5522
    [03:19:26] step 2725/5625 | avg train loss 2.4093 top1 0.2806 top5 0.5518
    [03:19:31] step 2750/5625 | avg train loss 2.4098 top1 0.2809 top5 0.5520
    [03:19:36] step 2775/5625 | avg train loss 2.4099 top1 0.2816 top5 0.5523
    [03:19:41] step 2800/5625 | avg train loss 2.4087 top1 0.2820 top5 0.5522
    [03:19:47] step 2825/5625 | avg train loss 2.4085 top1 0.2822 top5 0.5525
    [03:19:52] step 2850/5625 | avg train loss 2.4110 top1 0.2820 top5 0.5518
    [03:19:57] step 2875/5625 | avg train loss 2.4108 top1 0.2823 top5 0.5521
    [03:20:02] step 2900/5625 | avg train loss 2.4116 top1 0.2819 top5 0.5516
    [03:20:07] step 2925/5625 | avg train loss 2.4124 top1 0.2816 top5 0.5509
    [03:20:12] step 2950/5625 | avg train loss 2.4108 top1 0.2819 top5 0.5516
    [03:20:17] step 2975/5625 | avg train loss 2.4103 top1 0.2816 top5 0.5513
    [03:20:22] step 3000/5625 | avg train loss 2.4109 top1 0.2814 top5 0.5517
    [03:20:27] step 3025/5625 | avg train loss 2.4101 top1 0.2811 top5 0.5508
    [03:20:32] step 3050/5625 | avg train loss 2.4075 top1 0.2817 top5 0.5511
    [03:20:37] step 3075/5625 | avg train loss 2.4077 top1 0.2817 top5 0.5510
    [03:20:43] step 3100/5625 | avg train loss 2.4076 top1 0.2815 top5 0.5512
    [03:20:48] step 3125/5625 | avg train loss 2.4075 top1 0.2815 top5 0.5508
    [03:20:53] step 3150/5625 | avg train loss 2.4090 top1 0.2813 top5 0.5508
    [03:20:58] step 3175/5625 | avg train loss 2.4089 top1 0.2814 top5 0.5508
    [03:21:03] step 3200/5625 | avg train loss 2.4092 top1 0.2815 top5 0.5507
    [03:21:08] step 3225/5625 | avg train loss 2.4086 top1 0.2815 top5 0.5509
    [03:21:13] step 3250/5625 | avg train loss 2.4099 top1 0.2810 top5 0.5506
    [03:21:18] step 3275/5625 | avg train loss 2.4108 top1 0.2810 top5 0.5500
    [03:21:23] step 3300/5625 | avg train loss 2.4110 top1 0.2811 top5 0.5501
    [03:21:28] step 3325/5625 | avg train loss 2.4099 top1 0.2814 top5 0.5505
    [03:21:34] step 3350/5625 | avg train loss 2.4094 top1 0.2817 top5 0.5508
    [03:21:39] step 3375/5625 | avg train loss 2.4098 top1 0.2817 top5 0.5507
    [03:21:44] step 3400/5625 | avg train loss 2.4103 top1 0.2812 top5 0.5503
    [03:21:49] step 3425/5625 | avg train loss 2.4100 top1 0.2813 top5 0.5503
    [03:21:54] step 3450/5625 | avg train loss 2.4094 top1 0.2814 top5 0.5500
    [03:21:59] step 3475/5625 | avg train loss 2.4099 top1 0.2812 top5 0.5504
    [03:22:04] step 3500/5625 | avg train loss 2.4114 top1 0.2811 top5 0.5503
    [03:22:09] step 3525/5625 | avg train loss 2.4114 top1 0.2813 top5 0.5502
    [03:22:14] step 3550/5625 | avg train loss 2.4116 top1 0.2815 top5 0.5507
    [03:22:20] step 3575/5625 | avg train loss 2.4131 top1 0.2810 top5 0.5505
    [03:22:25] step 3600/5625 | avg train loss 2.4123 top1 0.2809 top5 0.5504
    [03:22:30] step 3625/5625 | avg train loss 2.4117 top1 0.2806 top5 0.5500
    [03:22:35] step 3650/5625 | avg train loss 2.4125 top1 0.2805 top5 0.5498
    [03:22:40] step 3675/5625 | avg train loss 2.4118 top1 0.2805 top5 0.5498
    [03:22:45] step 3700/5625 | avg train loss 2.4124 top1 0.2806 top5 0.5497
    [03:22:50] step 3725/5625 | avg train loss 2.4128 top1 0.2808 top5 0.5498
    [03:22:55] step 3750/5625 | avg train loss 2.4143 top1 0.2804 top5 0.5498
    [03:23:00] step 3775/5625 | avg train loss 2.4140 top1 0.2806 top5 0.5498
    [03:23:05] step 3800/5625 | avg train loss 2.4140 top1 0.2806 top5 0.5499
    [03:23:10] step 3825/5625 | avg train loss 2.4144 top1 0.2801 top5 0.5496
    [03:23:16] step 3850/5625 | avg train loss 2.4137 top1 0.2803 top5 0.5498
    [03:23:21] step 3875/5625 | avg train loss 2.4133 top1 0.2807 top5 0.5503
    [03:23:26] step 3900/5625 | avg train loss 2.4115 top1 0.2810 top5 0.5505
    [03:23:31] step 3925/5625 | avg train loss 2.4108 top1 0.2807 top5 0.5502
    [03:23:36] step 3950/5625 | avg train loss 2.4110 top1 0.2808 top5 0.5503
    [03:23:41] step 3975/5625 | avg train loss 2.4113 top1 0.2807 top5 0.5504
    [03:23:46] step 4000/5625 | avg train loss 2.4114 top1 0.2807 top5 0.5505
    [03:23:51] step 4025/5625 | avg train loss 2.4113 top1 0.2804 top5 0.5501
    [03:23:56] step 4050/5625 | avg train loss 2.4097 top1 0.2803 top5 0.5501
    [03:24:01] step 4075/5625 | avg train loss 2.4091 top1 0.2806 top5 0.5504
    [03:24:07] step 4100/5625 | avg train loss 2.4092 top1 0.2805 top5 0.5503
    [03:24:12] step 4125/5625 | avg train loss 2.4094 top1 0.2808 top5 0.5507
    [03:24:17] step 4150/5625 | avg train loss 2.4088 top1 0.2807 top5 0.5507
    [03:24:22] step 4175/5625 | avg train loss 2.4082 top1 0.2808 top5 0.5504
    [03:24:27] step 4200/5625 | avg train loss 2.4087 top1 0.2807 top5 0.5503
    [03:24:32] step 4225/5625 | avg train loss 2.4078 top1 0.2814 top5 0.5509
    [03:24:37] step 4250/5625 | avg train loss 2.4080 top1 0.2815 top5 0.5512
    [03:24:42] step 4275/5625 | avg train loss 2.4077 top1 0.2815 top5 0.5513
    [03:24:47] step 4300/5625 | avg train loss 2.4083 top1 0.2812 top5 0.5511
    [03:24:53] step 4325/5625 | avg train loss 2.4088 top1 0.2811 top5 0.5512
    [03:24:58] step 4350/5625 | avg train loss 2.4096 top1 0.2810 top5 0.5513
    [03:25:03] step 4375/5625 | avg train loss 2.4079 top1 0.2813 top5 0.5515
    [03:25:08] step 4400/5625 | avg train loss 2.4078 top1 0.2814 top5 0.5518
    [03:25:13] step 4425/5625 | avg train loss 2.4082 top1 0.2813 top5 0.5517
    [03:25:18] step 4450/5625 | avg train loss 2.4085 top1 0.2815 top5 0.5517
    [03:25:23] step 4475/5625 | avg train loss 2.4101 top1 0.2814 top5 0.5513
    [03:25:28] step 4500/5625 | avg train loss 2.4102 top1 0.2815 top5 0.5514
    [03:25:34] step 4525/5625 | avg train loss 2.4099 top1 0.2812 top5 0.5515
    [03:25:39] step 4550/5625 | avg train loss 2.4107 top1 0.2812 top5 0.5511
    [03:25:44] step 4575/5625 | avg train loss 2.4103 top1 0.2814 top5 0.5512
    [03:25:49] step 4600/5625 | avg train loss 2.4111 top1 0.2811 top5 0.5512
    [03:25:54] step 4625/5625 | avg train loss 2.4108 top1 0.2811 top5 0.5511
    [03:25:59] step 4650/5625 | avg train loss 2.4105 top1 0.2817 top5 0.5516
    [03:26:04] step 4675/5625 | avg train loss 2.4105 top1 0.2820 top5 0.5515
    [03:26:09] step 4700/5625 | avg train loss 2.4110 top1 0.2819 top5 0.5518
    [03:26:14] step 4725/5625 | avg train loss 2.4112 top1 0.2817 top5 0.5518
    [03:26:19] step 4750/5625 | avg train loss 2.4109 top1 0.2819 top5 0.5522
    [03:26:25] step 4775/5625 | avg train loss 2.4113 top1 0.2819 top5 0.5518
    [03:26:30] step 4800/5625 | avg train loss 2.4113 top1 0.2819 top5 0.5514
    [03:26:35] step 4825/5625 | avg train loss 2.4111 top1 0.2820 top5 0.5515
    [03:26:40] step 4850/5625 | avg train loss 2.4114 top1 0.2821 top5 0.5513
    [03:26:45] step 4875/5625 | avg train loss 2.4121 top1 0.2818 top5 0.5512
    [03:26:50] step 4900/5625 | avg train loss 2.4125 top1 0.2816 top5 0.5513
    [03:26:55] step 4925/5625 | avg train loss 2.4118 top1 0.2819 top5 0.5515
    [03:27:00] step 4950/5625 | avg train loss 2.4108 top1 0.2822 top5 0.5521
    [03:27:06] step 4975/5625 | avg train loss 2.4115 top1 0.2818 top5 0.5516
    [03:27:11] step 5000/5625 | avg train loss 2.4112 top1 0.2817 top5 0.5516
    [03:27:16] step 5025/5625 | avg train loss 2.4104 top1 0.2816 top5 0.5515
    [03:27:21] step 5050/5625 | avg train loss 2.4104 top1 0.2820 top5 0.5517
    [03:27:26] step 5075/5625 | avg train loss 2.4097 top1 0.2822 top5 0.5519
    [03:27:31] step 5100/5625 | avg train loss 2.4094 top1 0.2822 top5 0.5518
    [03:27:36] step 5125/5625 | avg train loss 2.4089 top1 0.2826 top5 0.5521
    [03:27:41] step 5150/5625 | avg train loss 2.4086 top1 0.2827 top5 0.5521
    [03:27:46] step 5175/5625 | avg train loss 2.4088 top1 0.2828 top5 0.5523
    [03:27:52] step 5200/5625 | avg train loss 2.4091 top1 0.2828 top5 0.5524
    [03:27:57] step 5225/5625 | avg train loss 2.4087 top1 0.2825 top5 0.5522
    [03:28:02] step 5250/5625 | avg train loss 2.4087 top1 0.2827 top5 0.5521
    [03:28:07] step 5275/5625 | avg train loss 2.4093 top1 0.2826 top5 0.5523
    [03:28:12] step 5300/5625 | avg train loss 2.4089 top1 0.2825 top5 0.5522
    [03:28:17] step 5325/5625 | avg train loss 2.4085 top1 0.2827 top5 0.5524
    [03:28:22] step 5350/5625 | avg train loss 2.4097 top1 0.2825 top5 0.5524
    [03:28:27] step 5375/5625 | avg train loss 2.4100 top1 0.2824 top5 0.5523
    [03:28:33] step 5400/5625 | avg train loss 2.4090 top1 0.2828 top5 0.5525
    [03:28:38] step 5425/5625 | avg train loss 2.4092 top1 0.2828 top5 0.5524
    [03:28:43] step 5450/5625 | avg train loss 2.4100 top1 0.2827 top5 0.5525
    [03:28:48] step 5475/5625 | avg train loss 2.4089 top1 0.2831 top5 0.5524
    [03:28:53] step 5500/5625 | avg train loss 2.4098 top1 0.2831 top5 0.5524
    [03:28:58] step 5525/5625 | avg train loss 2.4105 top1 0.2828 top5 0.5522
    [03:29:03] step 5550/5625 | avg train loss 2.4111 top1 0.2827 top5 0.5520
    [03:29:08] step 5575/5625 | avg train loss 2.4107 top1 0.2827 top5 0.5523
    [03:29:13] step 5600/5625 | avg train loss 2.4106 top1 0.2828 top5 0.5528
    [03:29:18] step 5625/5625 | avg train loss 2.4108 top1 0.2827 top5 0.5526
Epoch 13/50 | train loss 2.4108 top1 0.2827 | val loss 1.9895 top1 0.4383 top5 0.7757 | ema holdout top1 0.2506 top5 0.5861
  Saved new best checkpoint (live): /Data/romain.poggi/smth2smth/checkpoints/track_a/videomaev2+ft/meanpool-mae150-s44.pt (val top1=0.4383)
    [03:30:55] step 25/5625 | avg train loss 2.3672 top1 0.2900 top5 0.5750
    [03:31:00] step 50/5625 | avg train loss 2.2456 top1 0.2725 top5 0.5475
    [03:31:05] step 75/5625 | avg train loss 2.2935 top1 0.2683 top5 0.5200
    [03:31:10] step 100/5625 | avg train loss 2.3372 top1 0.2762 top5 0.5250
    [03:31:15] step 125/5625 | avg train loss 2.3826 top1 0.2780 top5 0.5350
    [03:31:20] step 150/5625 | avg train loss 2.3654 top1 0.2833 top5 0.5442
    [03:31:25] step 175/5625 | avg train loss 2.3641 top1 0.2893 top5 0.5421
    [03:31:30] step 200/5625 | avg train loss 2.3700 top1 0.2906 top5 0.5450
    [03:31:35] step 225/5625 | avg train loss 2.3653 top1 0.2844 top5 0.5444
    [03:31:40] step 250/5625 | avg train loss 2.3821 top1 0.2835 top5 0.5430
    [03:31:46] step 275/5625 | avg train loss 2.3980 top1 0.2827 top5 0.5455
    [03:31:51] step 300/5625 | avg train loss 2.4034 top1 0.2792 top5 0.5450
    [03:31:56] step 325/5625 | avg train loss 2.4119 top1 0.2788 top5 0.5454
    [03:32:01] step 350/5625 | avg train loss 2.4115 top1 0.2750 top5 0.5454
    [03:32:06] step 375/5625 | avg train loss 2.4101 top1 0.2747 top5 0.5433
    [03:32:11] step 400/5625 | avg train loss 2.4096 top1 0.2716 top5 0.5406
    [03:32:16] step 425/5625 | avg train loss 2.4109 top1 0.2718 top5 0.5418
    [03:32:21] step 450/5625 | avg train loss 2.3989 top1 0.2767 top5 0.5456
    [03:32:26] step 475/5625 | avg train loss 2.3993 top1 0.2784 top5 0.5455
    [03:32:31] step 500/5625 | avg train loss 2.3995 top1 0.2742 top5 0.5413
    [03:32:37] step 525/5625 | avg train loss 2.4108 top1 0.2733 top5 0.5395
    [03:32:42] step 550/5625 | avg train loss 2.4084 top1 0.2725 top5 0.5380
    [03:32:47] step 575/5625 | avg train loss 2.4102 top1 0.2720 top5 0.5361
    [03:32:52] step 600/5625 | avg train loss 2.4160 top1 0.2723 top5 0.5340
    [03:32:57] step 625/5625 | avg train loss 2.4165 top1 0.2700 top5 0.5326
    [03:33:02] step 650/5625 | avg train loss 2.4128 top1 0.2725 top5 0.5350
    [03:33:07] step 675/5625 | avg train loss 2.4106 top1 0.2731 top5 0.5361
    [03:33:12] step 700/5625 | avg train loss 2.4063 top1 0.2720 top5 0.5371
    [03:33:17] step 725/5625 | avg train loss 2.4073 top1 0.2712 top5 0.5360
    [03:33:23] step 750/5625 | avg train loss 2.4110 top1 0.2713 top5 0.5357
    [03:33:28] step 775/5625 | avg train loss 2.3989 top1 0.2727 top5 0.5374
    [03:33:33] step 800/5625 | avg train loss 2.3916 top1 0.2755 top5 0.5419
    [03:33:38] step 825/5625 | avg train loss 2.3901 top1 0.2755 top5 0.5424
    [03:33:43] step 850/5625 | avg train loss 2.3878 top1 0.2776 top5 0.5441
    [03:33:48] step 875/5625 | avg train loss 2.3847 top1 0.2784 top5 0.5443
    [03:33:53] step 900/5625 | avg train loss 2.3912 top1 0.2776 top5 0.5439
    [03:33:58] step 925/5625 | avg train loss 2.3905 top1 0.2795 top5 0.5453
    [03:34:03] step 950/5625 | avg train loss 2.3937 top1 0.2807 top5 0.5449
    [03:34:08] step 975/5625 | avg train loss 2.3942 top1 0.2797 top5 0.5446
    [03:34:14] step 1000/5625 | avg train loss 2.3933 top1 0.2820 top5 0.5471
    [03:34:19] step 1025/5625 | avg train loss 2.3920 top1 0.2833 top5 0.5479
    [03:34:24] step 1050/5625 | avg train loss 2.3874 top1 0.2833 top5 0.5475
    [03:34:29] step 1075/5625 | avg train loss 2.3886 top1 0.2836 top5 0.5484
    [03:34:34] step 1100/5625 | avg train loss 2.3892 top1 0.2825 top5 0.5465
    [03:34:39] step 1125/5625 | avg train loss 2.3910 top1 0.2818 top5 0.5456
    [03:34:44] step 1150/5625 | avg train loss 2.3938 top1 0.2817 top5 0.5452
    [03:34:49] step 1175/5625 | avg train loss 2.3953 top1 0.2820 top5 0.5457
    [03:34:54] step 1200/5625 | avg train loss 2.3929 top1 0.2821 top5 0.5453
    [03:34:59] step 1225/5625 | avg train loss 2.3945 top1 0.2819 top5 0.5461
    [03:35:04] step 1250/5625 | avg train loss 2.3999 top1 0.2814 top5 0.5440
    [03:35:09] step 1275/5625 | avg train loss 2.4001 top1 0.2808 top5 0.5429
    [03:35:15] step 1300/5625 | avg train loss 2.4015 top1 0.2799 top5 0.5419
    [03:35:20] step 1325/5625 | avg train loss 2.3996 top1 0.2808 top5 0.5421
    [03:35:25] step 1350/5625 | avg train loss 2.4008 top1 0.2801 top5 0.5413
    [03:35:30] step 1375/5625 | avg train loss 2.4013 top1 0.2801 top5 0.5424
    [03:35:35] step 1400/5625 | avg train loss 2.3981 top1 0.2808 top5 0.5432
    [03:35:40] step 1425/5625 | avg train loss 2.3969 top1 0.2820 top5 0.5449
    [03:35:45] step 1450/5625 | avg train loss 2.3986 top1 0.2805 top5 0.5439
    [03:35:50] step 1475/5625 | avg train loss 2.3969 top1 0.2808 top5 0.5448
    [03:35:55] step 1500/5625 | avg train loss 2.4017 top1 0.2805 top5 0.5436
    [03:36:00] step 1525/5625 | avg train loss 2.3998 top1 0.2798 top5 0.5444
    [03:36:05] step 1550/5625 | avg train loss 2.3997 top1 0.2802 top5 0.5454
    [03:36:11] step 1575/5625 | avg train loss 2.3985 top1 0.2797 top5 0.5434
    [03:36:16] step 1600/5625 | avg train loss 2.4006 top1 0.2803 top5 0.5447
    [03:36:21] step 1625/5625 | avg train loss 2.3961 top1 0.2805 top5 0.5461
    [03:36:26] step 1650/5625 | avg train loss 2.3976 top1 0.2799 top5 0.5463
    [03:36:31] step 1675/5625 | avg train loss 2.3977 top1 0.2798 top5 0.5460
    [03:36:36] step 1700/5625 | avg train loss 2.4014 top1 0.2780 top5 0.5443
    [03:36:41] step 1725/5625 | avg train loss 2.4025 top1 0.2772 top5 0.5433
    [03:36:46] step 1750/5625 | avg train loss 2.4030 top1 0.2777 top5 0.5445
    [03:36:51] step 1775/5625 | avg train loss 2.4005 top1 0.2777 top5 0.5444
    [03:36:56] step 1800/5625 | avg train loss 2.4011 top1 0.2775 top5 0.5438
    [03:37:01] step 1825/5625 | avg train loss 2.4014 top1 0.2782 top5 0.5438
    [03:37:06] step 1850/5625 | avg train loss 2.4041 top1 0.2768 top5 0.5430
    [03:37:12] step 1875/5625 | avg train loss 2.4033 top1 0.2767 top5 0.5435
    [03:37:17] step 1900/5625 | avg train loss 2.4024 top1 0.2774 top5 0.5430
    [03:37:22] step 1925/5625 | avg train loss 2.4030 top1 0.2770 top5 0.5424
    [03:37:27] step 1950/5625 | avg train loss 2.4020 top1 0.2768 top5 0.5421
    [03:37:32] step 1975/5625 | avg train loss 2.4022 top1 0.2764 top5 0.5412
    [03:37:37] step 2000/5625 | avg train loss 2.4010 top1 0.2764 top5 0.5412
    [03:37:42] step 2025/5625 | avg train loss 2.3993 top1 0.2768 top5 0.5424
    [03:37:47] step 2050/5625 | avg train loss 2.3997 top1 0.2771 top5 0.5423
    [03:37:52] step 2075/5625 | avg train loss 2.4018 top1 0.2767 top5 0.5417
    [03:37:58] step 2100/5625 | avg train loss 2.4006 top1 0.2774 top5 0.5426
    [03:38:03] step 2125/5625 | avg train loss 2.3995 top1 0.2781 top5 0.5438
    [03:38:08] step 2150/5625 | avg train loss 2.4011 top1 0.2777 top5 0.5437
    [03:38:13] step 2175/5625 | avg train loss 2.4010 top1 0.2778 top5 0.5436
    [03:38:18] step 2200/5625 | avg train loss 2.3992 top1 0.2777 top5 0.5435
    [03:38:23] step 2225/5625 | avg train loss 2.4007 top1 0.2773 top5 0.5444
    [03:38:28] step 2250/5625 | avg train loss 2.3998 top1 0.2776 top5 0.5445
    [03:38:33] step 2275/5625 | avg train loss 2.4002 top1 0.2779 top5 0.5446
    [03:38:38] step 2300/5625 | avg train loss 2.3992 top1 0.2784 top5 0.5455
    [03:38:43] step 2325/5625 | avg train loss 2.3982 top1 0.2793 top5 0.5465
    [03:38:49] step 2350/5625 | avg train loss 2.3990 top1 0.2793 top5 0.5469
    [03:38:54] step 2375/5625 | avg train loss 2.3982 top1 0.2801 top5 0.5482
    [03:38:59] step 2400/5625 | avg train loss 2.3994 top1 0.2803 top5 0.5486
    [03:39:04] step 2425/5625 | avg train loss 2.3982 top1 0.2806 top5 0.5485
    [03:39:09] step 2450/5625 | avg train loss 2.3979 top1 0.2807 top5 0.5493
    [03:39:14] step 2475/5625 | avg train loss 2.3967 top1 0.2809 top5 0.5498
    [03:39:19] step 2500/5625 | avg train loss 2.3980 top1 0.2807 top5 0.5492
    [03:39:24] step 2525/5625 | avg train loss 2.3988 top1 0.2806 top5 0.5493
    [03:39:29] step 2550/5625 | avg train loss 2.3972 top1 0.2806 top5 0.5495
    [03:39:35] step 2575/5625 | avg train loss 2.3963 top1 0.2806 top5 0.5500
    [03:39:40] step 2600/5625 | avg train loss 2.3963 top1 0.2812 top5 0.5509
    [03:39:45] step 2625/5625 | avg train loss 2.3968 top1 0.2811 top5 0.5508
    [03:39:50] step 2650/5625 | avg train loss 2.3958 top1 0.2811 top5 0.5509
    [03:39:55] step 2675/5625 | avg train loss 2.3947 top1 0.2813 top5 0.5514
    [03:40:00] step 2700/5625 | avg train loss 2.3952 top1 0.2813 top5 0.5506
    [03:40:05] step 2725/5625 | avg train loss 2.3942 top1 0.2816 top5 0.5505
    [03:40:10] step 2750/5625 | avg train loss 2.3941 top1 0.2820 top5 0.5508
    [03:40:15] step 2775/5625 | avg train loss 2.3943 top1 0.2816 top5 0.5507
    [03:40:21] step 2800/5625 | avg train loss 2.3944 top1 0.2818 top5 0.5502
    [03:40:26] step 2825/5625 | avg train loss 2.3952 top1 0.2813 top5 0.5500
    [03:40:31] step 2850/5625 | avg train loss 2.3961 top1 0.2807 top5 0.5499
    [03:40:36] step 2875/5625 | avg train loss 2.3966 top1 0.2805 top5 0.5496
    [03:40:41] step 2900/5625 | avg train loss 2.3963 top1 0.2804 top5 0.5499
    [03:40:46] step 2925/5625 | avg train loss 2.3967 top1 0.2807 top5 0.5504
    [03:40:51] step 2950/5625 | avg train loss 2.3979 top1 0.2801 top5 0.5501
    [03:40:56] step 2975/5625 | avg train loss 2.3976 top1 0.2802 top5 0.5501
    [03:41:01] step 3000/5625 | avg train loss 2.3974 top1 0.2803 top5 0.5501
    [03:41:06] step 3025/5625 | avg train loss 2.3971 top1 0.2806 top5 0.5504
    [03:41:12] step 3050/5625 | avg train loss 2.3968 top1 0.2808 top5 0.5504
    [03:41:17] step 3075/5625 | avg train loss 2.3958 top1 0.2816 top5 0.5505
    [03:41:22] step 3100/5625 | avg train loss 2.3955 top1 0.2815 top5 0.5510
    [03:41:27] step 3125/5625 | avg train loss 2.3967 top1 0.2817 top5 0.5516
    [03:41:32] step 3150/5625 | avg train loss 2.3964 top1 0.2812 top5 0.5517
    [03:41:37] step 3175/5625 | avg train loss 2.3971 top1 0.2810 top5 0.5513
    [03:41:42] step 3200/5625 | avg train loss 2.3972 top1 0.2804 top5 0.5508
    [03:41:47] step 3225/5625 | avg train loss 2.3982 top1 0.2805 top5 0.5509
    [03:41:52] step 3250/5625 | avg train loss 2.3974 top1 0.2807 top5 0.5514
    [03:41:57] step 3275/5625 | avg train loss 2.3975 top1 0.2810 top5 0.5516
    [03:42:03] step 3300/5625 | avg train loss 2.3978 top1 0.2811 top5 0.5516
    [03:42:08] step 3325/5625 | avg train loss 2.3993 top1 0.2806 top5 0.5516
    [03:42:13] step 3350/5625 | avg train loss 2.3982 top1 0.2810 top5 0.5522
    [03:42:18] step 3375/5625 | avg train loss 2.3978 top1 0.2811 top5 0.5521
    [03:42:23] step 3400/5625 | avg train loss 2.3963 top1 0.2819 top5 0.5525
    [03:42:28] step 3425/5625 | avg train loss 2.3959 top1 0.2816 top5 0.5520
    [03:42:33] step 3450/5625 | avg train loss 2.3958 top1 0.2819 top5 0.5525
    [03:42:38] step 3475/5625 | avg train loss 2.3960 top1 0.2818 top5 0.5524
    [03:42:43] step 3500/5625 | avg train loss 2.3948 top1 0.2818 top5 0.5525
    [03:42:48] step 3525/5625 | avg train loss 2.3954 top1 0.2822 top5 0.5529
    [03:42:54] step 3550/5625 | avg train loss 2.3932 top1 0.2833 top5 0.5539
    [03:42:59] step 3575/5625 | avg train loss 2.3932 top1 0.2830 top5 0.5537
    [03:43:04] step 3600/5625 | avg train loss 2.3930 top1 0.2831 top5 0.5536
    [03:43:09] step 3625/5625 | avg train loss 2.3906 top1 0.2832 top5 0.5536
    [03:43:14] step 3650/5625 | avg train loss 2.3885 top1 0.2836 top5 0.5539
    [03:43:19] step 3675/5625 | avg train loss 2.3882 top1 0.2838 top5 0.5538
    [03:43:24] step 3700/5625 | avg train loss 2.3881 top1 0.2842 top5 0.5543
    [03:43:29] step 3725/5625 | avg train loss 2.3894 top1 0.2841 top5 0.5542
    [03:43:35] step 3750/5625 | avg train loss 2.3892 top1 0.2843 top5 0.5541
    [03:43:40] step 3775/5625 | avg train loss 2.3911 top1 0.2844 top5 0.5536
    [03:43:45] step 3800/5625 | avg train loss 2.3897 top1 0.2852 top5 0.5543
    [03:43:50] step 3825/5625 | avg train loss 2.3898 top1 0.2848 top5 0.5541
    [03:43:55] step 3850/5625 | avg train loss 2.3886 top1 0.2851 top5 0.5544
    [03:44:00] step 3875/5625 | avg train loss 2.3890 top1 0.2853 top5 0.5543
    [03:44:05] step 3900/5625 | avg train loss 2.3872 top1 0.2855 top5 0.5540
    [03:44:10] step 3925/5625 | avg train loss 2.3863 top1 0.2861 top5 0.5548
    [03:44:15] step 3950/5625 | avg train loss 2.3861 top1 0.2862 top5 0.5553
    [03:44:20] step 3975/5625 | avg train loss 2.3869 top1 0.2862 top5 0.5555
    [03:44:25] step 4000/5625 | avg train loss 2.3880 top1 0.2864 top5 0.5560
    [03:44:31] step 4025/5625 | avg train loss 2.3872 top1 0.2864 top5 0.5559
    [03:44:36] step 4050/5625 | avg train loss 2.3857 top1 0.2869 top5 0.5563
    [03:44:41] step 4075/5625 | avg train loss 2.3848 top1 0.2872 top5 0.5568
    [03:44:46] step 4100/5625 | avg train loss 2.3843 top1 0.2873 top5 0.5573
    [03:44:51] step 4125/5625 | avg train loss 2.3835 top1 0.2876 top5 0.5574
    [03:44:56] step 4150/5625 | avg train loss 2.3841 top1 0.2878 top5 0.5577
    [03:45:01] step 4175/5625 | avg train loss 2.3851 top1 0.2876 top5 0.5574
    [03:45:06] step 4200/5625 | avg train loss 2.3841 top1 0.2882 top5 0.5579
    [03:45:12] step 4225/5625 | avg train loss 2.3837 top1 0.2886 top5 0.5585
    [03:45:17] step 4250/5625 | avg train loss 2.3840 top1 0.2889 top5 0.5589
    [03:45:22] step 4275/5625 | avg train loss 2.3835 top1 0.2889 top5 0.5589
    [03:45:27] step 4300/5625 | avg train loss 2.3833 top1 0.2890 top5 0.5590
    [03:45:32] step 4325/5625 | avg train loss 2.3825 top1 0.2892 top5 0.5589
    [03:45:37] step 4350/5625 | avg train loss 2.3821 top1 0.2895 top5 0.5596
    [03:45:42] step 4375/5625 | avg train loss 2.3827 top1 0.2891 top5 0.5593
    [03:45:47] step 4400/5625 | avg train loss 2.3823 top1 0.2889 top5 0.5590
    [03:45:52] step 4425/5625 | avg train loss 2.3832 top1 0.2888 top5 0.5589
    [03:45:57] step 4450/5625 | avg train loss 2.3839 top1 0.2885 top5 0.5584
    [03:46:03] step 4475/5625 | avg train loss 2.3844 top1 0.2882 top5 0.5582
    [03:46:08] step 4500/5625 | avg train loss 2.3852 top1 0.2880 top5 0.5579
    [03:46:13] step 4525/5625 | avg train loss 2.3848 top1 0.2883 top5 0.5585
    [03:46:18] step 4550/5625 | avg train loss 2.3849 top1 0.2883 top5 0.5585
    [03:46:23] step 4575/5625 | avg train loss 2.3846 top1 0.2886 top5 0.5587
    [03:46:28] step 4600/5625 | avg train loss 2.3847 top1 0.2887 top5 0.5586
    [03:46:33] step 4625/5625 | avg train loss 2.3857 top1 0.2885 top5 0.5586
    [03:46:38] step 4650/5625 | avg train loss 2.3868 top1 0.2884 top5 0.5585
    [03:46:43] step 4675/5625 | avg train loss 2.3870 top1 0.2885 top5 0.5584
    [03:46:48] step 4700/5625 | avg train loss 2.3873 top1 0.2887 top5 0.5583
    [03:46:54] step 4725/5625 | avg train loss 2.3863 top1 0.2888 top5 0.5579
    [03:46:59] step 4750/5625 | avg train loss 2.3857 top1 0.2893 top5 0.5583
    [03:47:04] step 4775/5625 | avg train loss 2.3850 top1 0.2896 top5 0.5588
    [03:47:09] step 4800/5625 | avg train loss 2.3844 top1 0.2898 top5 0.5593
    [03:47:14] step 4825/5625 | avg train loss 2.3842 top1 0.2899 top5 0.5597
    [03:47:19] step 4850/5625 | avg train loss 2.3837 top1 0.2898 top5 0.5596
    [03:47:24] step 4875/5625 | avg train loss 2.3848 top1 0.2898 top5 0.5595
    [03:47:29] step 4900/5625 | avg train loss 2.3843 top1 0.2899 top5 0.5592
    [03:47:34] step 4925/5625 | avg train loss 2.3840 top1 0.2901 top5 0.5593
    [03:47:39] step 4950/5625 | avg train loss 2.3838 top1 0.2905 top5 0.5597
    [03:47:44] step 4975/5625 | avg train loss 2.3839 top1 0.2906 top5 0.5599
    [03:47:50] step 5000/5625 | avg train loss 2.3833 top1 0.2909 top5 0.5599
    [03:47:55] step 5025/5625 | avg train loss 2.3824 top1 0.2910 top5 0.5599
    [03:48:00] step 5050/5625 | avg train loss 2.3827 top1 0.2908 top5 0.5599
    [03:48:05] step 5075/5625 | avg train loss 2.3823 top1 0.2907 top5 0.5597
    [03:48:10] step 5100/5625 | avg train loss 2.3823 top1 0.2904 top5 0.5595
    [03:48:15] step 5125/5625 | avg train loss 2.3827 top1 0.2904 top5 0.5594
    [03:48:20] step 5150/5625 | avg train loss 2.3821 top1 0.2904 top5 0.5595
    [03:48:26] step 5175/5625 | avg train loss 2.3813 top1 0.2905 top5 0.5599
    [03:48:31] step 5200/5625 | avg train loss 2.3804 top1 0.2907 top5 0.5601
    [03:48:36] step 5225/5625 | avg train loss 2.3798 top1 0.2908 top5 0.5600
    [03:48:41] step 5250/5625 | avg train loss 2.3798 top1 0.2907 top5 0.5598
    [03:48:46] step 5275/5625 | avg train loss 2.3807 top1 0.2907 top5 0.5595
    [03:48:51] step 5300/5625 | avg train loss 2.3807 top1 0.2905 top5 0.5594
    [03:48:56] step 5325/5625 | avg train loss 2.3810 top1 0.2908 top5 0.5595
    [03:49:01] step 5350/5625 | avg train loss 2.3815 top1 0.2907 top5 0.5595
    [03:49:06] step 5375/5625 | avg train loss 2.3819 top1 0.2908 top5 0.5595
    [03:49:12] step 5400/5625 | avg train loss 2.3822 top1 0.2909 top5 0.5597
    [03:49:17] step 5425/5625 | avg train loss 2.3814 top1 0.2910 top5 0.5599
    [03:49:22] step 5450/5625 | avg train loss 2.3818 top1 0.2910 top5 0.5602
    [03:49:27] step 5475/5625 | avg train loss 2.3821 top1 0.2912 top5 0.5604
    [03:49:32] step 5500/5625 | avg train loss 2.3824 top1 0.2911 top5 0.5605
    [03:49:37] step 5525/5625 | avg train loss 2.3816 top1 0.2914 top5 0.5608
    [03:49:42] step 5550/5625 | avg train loss 2.3816 top1 0.2913 top5 0.5608
    [03:49:47] step 5575/5625 | avg train loss 2.3821 top1 0.2910 top5 0.5608
    [03:49:53] step 5600/5625 | avg train loss 2.3808 top1 0.2915 top5 0.5612
    [03:49:58] step 5625/5625 | avg train loss 2.3805 top1 0.2915 top5 0.5614
Epoch 14/50 | train loss 2.3805 top1 0.2915 | val loss 1.9845 top1 0.4378 top5 0.7791 | ema holdout top1 0.2789 top5 0.6206
  No val top1 improvement (1/15); best remains 0.4383
    [03:51:33] step 25/5625 | avg train loss 2.3461 top1 0.2300 top5 0.5400
    [03:51:38] step 50/5625 | avg train loss 2.3639 top1 0.2850 top5 0.5725
    [03:51:43] step 75/5625 | avg train loss 2.3840 top1 0.2817 top5 0.5700
    [03:51:48] step 100/5625 | avg train loss 2.4252 top1 0.2888 top5 0.5700
    [03:51:53] step 125/5625 | avg train loss 2.4459 top1 0.2790 top5 0.5700
    [03:51:58] step 150/5625 | avg train loss 2.4182 top1 0.2725 top5 0.5642
    [03:52:03] step 175/5625 | avg train loss 2.4261 top1 0.2743 top5 0.5664
    [03:52:09] step 200/5625 | avg train loss 2.4487 top1 0.2756 top5 0.5625
    [03:52:14] step 225/5625 | avg train loss 2.4495 top1 0.2733 top5 0.5633
    [03:52:19] step 250/5625 | avg train loss 2.4393 top1 0.2790 top5 0.5685
    [03:52:24] step 275/5625 | avg train loss 2.4387 top1 0.2764 top5 0.5618
    [03:52:29] step 300/5625 | avg train loss 2.4275 top1 0.2804 top5 0.5679
    [03:52:34] step 325/5625 | avg train loss 2.4240 top1 0.2785 top5 0.5677
    [03:52:39] step 350/5625 | avg train loss 2.4175 top1 0.2793 top5 0.5661
    [03:52:44] step 375/5625 | avg train loss 2.4295 top1 0.2783 top5 0.5610
    [03:52:49] step 400/5625 | avg train loss 2.4309 top1 0.2784 top5 0.5644
    [03:52:54] step 425/5625 | avg train loss 2.4146 top1 0.2785 top5 0.5641
    [03:53:00] step 450/5625 | avg train loss 2.4129 top1 0.2786 top5 0.5619
    [03:53:05] step 475/5625 | avg train loss 2.4125 top1 0.2808 top5 0.5647
    [03:53:10] step 500/5625 | avg train loss 2.4079 top1 0.2787 top5 0.5583
    [03:53:15] step 525/5625 | avg train loss 2.4026 top1 0.2805 top5 0.5562
    [03:53:20] step 550/5625 | avg train loss 2.4036 top1 0.2800 top5 0.5545
    [03:53:25] step 575/5625 | avg train loss 2.4044 top1 0.2809 top5 0.5565
    [03:53:30] step 600/5625 | avg train loss 2.4016 top1 0.2842 top5 0.5583
    [03:53:35] step 625/5625 | avg train loss 2.3995 top1 0.2852 top5 0.5610
    [03:53:40] step 650/5625 | avg train loss 2.4013 top1 0.2837 top5 0.5596
    [03:53:45] step 675/5625 | avg train loss 2.4011 top1 0.2835 top5 0.5593
    [03:53:50] step 700/5625 | avg train loss 2.3984 top1 0.2818 top5 0.5573
    [03:53:55] step 725/5625 | avg train loss 2.3939 top1 0.2838 top5 0.5581
    [03:54:01] step 750/5625 | avg train loss 2.3869 top1 0.2830 top5 0.5575
    [03:54:06] step 775/5625 | avg train loss 2.3847 top1 0.2834 top5 0.5566
    [03:54:11] step 800/5625 | avg train loss 2.3872 top1 0.2825 top5 0.5545
    [03:54:16] step 825/5625 | avg train loss 2.3855 top1 0.2821 top5 0.5539
    [03:54:21] step 850/5625 | avg train loss 2.3850 top1 0.2829 top5 0.5547
    [03:54:26] step 875/5625 | avg train loss 2.3862 top1 0.2834 top5 0.5551
    [03:54:31] step 900/5625 | avg train loss 2.3845 top1 0.2836 top5 0.5561
    [03:54:36] step 925/5625 | avg train loss 2.3762 top1 0.2881 top5 0.5604
    [03:54:41] step 950/5625 | avg train loss 2.3785 top1 0.2861 top5 0.5584
    [03:54:46] step 975/5625 | avg train loss 2.3789 top1 0.2856 top5 0.5572
    [03:54:51] step 1000/5625 | avg train loss 2.3796 top1 0.2855 top5 0.5584
    [03:54:57] step 1025/5625 | avg train loss 2.3741 top1 0.2871 top5 0.5585
    [03:55:02] step 1050/5625 | avg train loss 2.3745 top1 0.2863 top5 0.5583
    [03:55:07] step 1075/5625 | avg train loss 2.3793 top1 0.2857 top5 0.5574
    [03:55:12] step 1100/5625 | avg train loss 2.3815 top1 0.2869 top5 0.5597
    [03:55:17] step 1125/5625 | avg train loss 2.3846 top1 0.2861 top5 0.5593
    [03:55:22] step 1150/5625 | avg train loss 2.3885 top1 0.2872 top5 0.5604
    [03:55:27] step 1175/5625 | avg train loss 2.3870 top1 0.2874 top5 0.5594
    [03:55:32] step 1200/5625 | avg train loss 2.3841 top1 0.2883 top5 0.5598
    [03:55:37] step 1225/5625 | avg train loss 2.3798 top1 0.2894 top5 0.5611
    [03:55:42] step 1250/5625 | avg train loss 2.3842 top1 0.2884 top5 0.5604
    [03:55:48] step 1275/5625 | avg train loss 2.3851 top1 0.2877 top5 0.5607
    [03:55:53] step 1300/5625 | avg train loss 2.3836 top1 0.2886 top5 0.5614
    [03:55:58] step 1325/5625 | avg train loss 2.3875 top1 0.2883 top5 0.5620
    [03:56:03] step 1350/5625 | avg train loss 2.3865 top1 0.2882 top5 0.5623
    [03:56:08] step 1375/5625 | avg train loss 2.3849 top1 0.2895 top5 0.5639
    [03:56:13] step 1400/5625 | avg train loss 2.3843 top1 0.2896 top5 0.5648
    [03:56:18] step 1425/5625 | avg train loss 2.3807 top1 0.2902 top5 0.5651
    [03:56:23] step 1450/5625 | avg train loss 2.3809 top1 0.2900 top5 0.5650
    [03:56:28] step 1475/5625 | avg train loss 2.3780 top1 0.2917 top5 0.5667
    [03:56:33] step 1500/5625 | avg train loss 2.3766 top1 0.2918 top5 0.5663
    [03:56:38] step 1525/5625 | avg train loss 2.3713 top1 0.2928 top5 0.5666
    [03:56:43] step 1550/5625 | avg train loss 2.3709 top1 0.2938 top5 0.5672
    [03:56:49] step 1575/5625 | avg train loss 2.3703 top1 0.2941 top5 0.5667
    [03:56:54] step 1600/5625 | avg train loss 2.3702 top1 0.2943 top5 0.5666
    [03:56:59] step 1625/5625 | avg train loss 2.3705 top1 0.2936 top5 0.5661
    [03:57:04] step 1650/5625 | avg train loss 2.3682 top1 0.2931 top5 0.5650
    [03:57:09] step 1675/5625 | avg train loss 2.3692 top1 0.2916 top5 0.5628
    [03:57:14] step 1700/5625 | avg train loss 2.3679 top1 0.2924 top5 0.5629
    [03:57:19] step 1725/5625 | avg train loss 2.3679 top1 0.2917 top5 0.5623
    [03:57:24] step 1750/5625 | avg train loss 2.3694 top1 0.2922 top5 0.5622
    [03:57:29] step 1775/5625 | avg train loss 2.3692 top1 0.2929 top5 0.5625
    [03:57:35] step 1800/5625 | avg train loss 2.3711 top1 0.2924 top5 0.5623
    [03:57:40] step 1825/5625 | avg train loss 2.3702 top1 0.2925 top5 0.5625
    [03:57:45] step 1850/5625 | avg train loss 2.3684 top1 0.2926 top5 0.5630
    [03:57:50] step 1875/5625 | avg train loss 2.3670 top1 0.2926 top5 0.5631
    [03:57:55] step 1900/5625 | avg train loss 2.3676 top1 0.2927 top5 0.5629
    [03:58:00] step 1925/5625 | avg train loss 2.3662 top1 0.2936 top5 0.5638
    [03:58:05] step 1950/5625 | avg train loss 2.3668 top1 0.2936 top5 0.5646
    [03:58:10] step 1975/5625 | avg train loss 2.3644 top1 0.2935 top5 0.5644
    [03:58:15] step 2000/5625 | avg train loss 2.3644 top1 0.2937 top5 0.5640
    [03:58:21] step 2025/5625 | avg train loss 2.3638 top1 0.2938 top5 0.5635
    [03:58:26] step 2050/5625 | avg train loss 2.3629 top1 0.2939 top5 0.5634
    [03:58:31] step 2075/5625 | avg train loss 2.3610 top1 0.2945 top5 0.5639
    [03:58:36] step 2100/5625 | avg train loss 2.3588 top1 0.2951 top5 0.5648
    [03:58:41] step 2125/5625 | avg train loss 2.3572 top1 0.2954 top5 0.5651
    [03:58:46] step 2150/5625 | avg train loss 2.3573 top1 0.2955 top5 0.5654
    [03:58:51] step 2175/5625 | avg train loss 2.3567 top1 0.2953 top5 0.5657
    [03:58:56] step 2200/5625 | avg train loss 2.3568 top1 0.2964 top5 0.5669
    [03:59:01] step 2225/5625 | avg train loss 2.3599 top1 0.2960 top5 0.5667
    [03:59:06] step 2250/5625 | avg train loss 2.3617 top1 0.2959 top5 0.5664
    [03:59:11] step 2275/5625 | avg train loss 2.3598 top1 0.2961 top5 0.5663
    [03:59:17] step 2300/5625 | avg train loss 2.3582 top1 0.2957 top5 0.5658
    [03:59:22] step 2325/5625 | avg train loss 2.3603 top1 0.2953 top5 0.5656
    [03:59:27] step 2350/5625 | avg train loss 2.3612 top1 0.2951 top5 0.5656
    [03:59:32] step 2375/5625 | avg train loss 2.3602 top1 0.2956 top5 0.5659
    [03:59:37] step 2400/5625 | avg train loss 2.3592 top1 0.2956 top5 0.5656
    [03:59:42] step 2425/5625 | avg train loss 2.3575 top1 0.2957 top5 0.5658
    [03:59:47] step 2450/5625 | avg train loss 2.3566 top1 0.2957 top5 0.5659
    [03:59:52] step 2475/5625 | avg train loss 2.3537 top1 0.2965 top5 0.5662
    [03:59:57] step 2500/5625 | avg train loss 2.3537 top1 0.2964 top5 0.5660
    [04:00:02] step 2525/5625 | avg train loss 2.3537 top1 0.2968 top5 0.5663
    [04:00:08] step 2550/5625 | avg train loss 2.3545 top1 0.2965 top5 0.5668
    [04:00:13] step 2575/5625 | avg train loss 2.3541 top1 0.2967 top5 0.5669
    [04:00:18] step 2600/5625 | avg train loss 2.3525 top1 0.2968 top5 0.5668
    [04:00:23] step 2625/5625 | avg train loss 2.3523 top1 0.2970 top5 0.5668
    [04:00:28] step 2650/5625 | avg train loss 2.3511 top1 0.2970 top5 0.5667
    [04:00:33] step 2675/5625 | avg train loss 2.3505 top1 0.2972 top5 0.5665
    [04:00:38] step 2700/5625 | avg train loss 2.3500 top1 0.2971 top5 0.5667
    [04:00:43] step 2725/5625 | avg train loss 2.3496 top1 0.2972 top5 0.5667
    [04:00:48] step 2750/5625 | avg train loss 2.3483 top1 0.2975 top5 0.5670
    [04:00:53] step 2775/5625 | avg train loss 2.3488 top1 0.2976 top5 0.5673
    [04:00:59] step 2800/5625 | avg train loss 2.3484 top1 0.2979 top5 0.5673
    [04:01:04] step 2825/5625 | avg train loss 2.3485 top1 0.2970 top5 0.5663
    [04:01:09] step 2850/5625 | avg train loss 2.3474 top1 0.2975 top5 0.5666
    [04:01:14] step 2875/5625 | avg train loss 2.3474 top1 0.2974 top5 0.5667
    [04:01:19] step 2900/5625 | avg train loss 2.3483 top1 0.2969 top5 0.5664
    [04:01:24] step 2925/5625 | avg train loss 2.3501 top1 0.2970 top5 0.5662
    [04:01:29] step 2950/5625 | avg train loss 2.3498 top1 0.2972 top5 0.5661
    [04:01:34] step 2975/5625 | avg train loss 2.3503 top1 0.2972 top5 0.5664
    [04:01:39] step 3000/5625 | avg train loss 2.3516 top1 0.2977 top5 0.5670
    [04:01:45] step 3025/5625 | avg train loss 2.3516 top1 0.2977 top5 0.5665
    [04:01:50] step 3050/5625 | avg train loss 2.3532 top1 0.2979 top5 0.5666
    [04:01:55] step 3075/5625 | avg train loss 2.3526 top1 0.2985 top5 0.5672
    [04:02:00] step 3100/5625 | avg train loss 2.3524 top1 0.2982 top5 0.5675
    [04:02:05] step 3125/5625 | avg train loss 2.3525 top1 0.2984 top5 0.5677
    [04:02:10] step 3150/5625 | avg train loss 2.3523 top1 0.2983 top5 0.5673
    [04:02:15] step 3175/5625 | avg train loss 2.3517 top1 0.2984 top5 0.5678
    [04:02:20] step 3200/5625 | avg train loss 2.3520 top1 0.2979 top5 0.5675
    [04:02:25] step 3225/5625 | avg train loss 2.3532 top1 0.2976 top5 0.5670
    [04:02:30] step 3250/5625 | avg train loss 2.3545 top1 0.2974 top5 0.5669
    [04:02:35] step 3275/5625 | avg train loss 2.3528 top1 0.2975 top5 0.5674
    [04:02:41] step 3300/5625 | avg train loss 2.3519 top1 0.2977 top5 0.5679
    [04:02:46] step 3325/5625 | avg train loss 2.3507 top1 0.2978 top5 0.5686
    [04:02:51] step 3350/5625 | avg train loss 2.3494 top1 0.2982 top5 0.5689
    [04:02:56] step 3375/5625 | avg train loss 2.3493 top1 0.2984 top5 0.5690
    [04:03:01] step 3400/5625 | avg train loss 2.3498 top1 0.2987 top5 0.5699
    [04:03:06] step 3425/5625 | avg train loss 2.3495 top1 0.2988 top5 0.5702
    [04:03:11] step 3450/5625 | avg train loss 2.3507 top1 0.2988 top5 0.5703
    [04:03:16] step 3475/5625 | avg train loss 2.3528 top1 0.2983 top5 0.5697
    [04:03:21] step 3500/5625 | avg train loss 2.3507 top1 0.2985 top5 0.5696
    [04:03:26] step 3525/5625 | avg train loss 2.3497 top1 0.2990 top5 0.5705
    [04:03:32] step 3550/5625 | avg train loss 2.3487 top1 0.2987 top5 0.5700
    [04:03:37] step 3575/5625 | avg train loss 2.3493 top1 0.2987 top5 0.5704
    [04:03:42] step 3600/5625 | avg train loss 2.3503 top1 0.2986 top5 0.5702
    [04:03:47] step 3625/5625 | avg train loss 2.3494 top1 0.2989 top5 0.5706
    [04:03:52] step 3650/5625 | avg train loss 2.3482 top1 0.2994 top5 0.5710
    [04:03:57] step 3675/5625 | avg train loss 2.3494 top1 0.2993 top5 0.5701
    [04:04:02] step 3700/5625 | avg train loss 2.3478 top1 0.3000 top5 0.5706
    [04:04:07] step 3725/5625 | avg train loss 2.3486 top1 0.2999 top5 0.5705
    [04:04:13] step 3750/5625 | avg train loss 2.3493 top1 0.2997 top5 0.5705
    [04:04:18] step 3775/5625 | avg train loss 2.3497 top1 0.2993 top5 0.5704
    [04:04:23] step 3800/5625 | avg train loss 2.3508 top1 0.2990 top5 0.5702
    [04:04:28] step 3825/5625 | avg train loss 2.3507 top1 0.2992 top5 0.5707
    [04:04:33] step 3850/5625 | avg train loss 2.3517 top1 0.2992 top5 0.5707
    [04:04:38] step 3875/5625 | avg train loss 2.3515 top1 0.2993 top5 0.5709
    [04:04:43] step 3900/5625 | avg train loss 2.3505 top1 0.2989 top5 0.5707
    [04:04:48] step 3925/5625 | avg train loss 2.3504 top1 0.2990 top5 0.5711
    [04:04:53] step 3950/5625 | avg train loss 2.3510 top1 0.2991 top5 0.5711
    [04:04:58] step 3975/5625 | avg train loss 2.3515 top1 0.2992 top5 0.5714
    [04:05:03] step 4000/5625 | avg train loss 2.3505 top1 0.2996 top5 0.5719
    [04:05:09] step 4025/5625 | avg train loss 2.3520 top1 0.2994 top5 0.5719
    [04:05:14] step 4050/5625 | avg train loss 2.3526 top1 0.2992 top5 0.5717
    [04:05:19] step 4075/5625 | avg train loss 2.3527 top1 0.2994 top5 0.5719
    [04:05:24] step 4100/5625 | avg train loss 2.3532 top1 0.2991 top5 0.5716
    [04:05:29] step 4125/5625 | avg train loss 2.3534 top1 0.2989 top5 0.5715
    [04:05:34] step 4150/5625 | avg train loss 2.3529 top1 0.2986 top5 0.5712
    [04:05:39] step 4175/5625 | avg train loss 2.3520 top1 0.2992 top5 0.5719
    [04:05:44] step 4200/5625 | avg train loss 2.3519 top1 0.2992 top5 0.5722
    [04:05:49] step 4225/5625 | avg train loss 2.3522 top1 0.2994 top5 0.5727
    [04:05:54] step 4250/5625 | avg train loss 2.3542 top1 0.2986 top5 0.5722
    [04:05:59] step 4275/5625 | avg train loss 2.3538 top1 0.2985 top5 0.5723
    [04:06:05] step 4300/5625 | avg train loss 2.3545 top1 0.2980 top5 0.5718
    [04:06:10] step 4325/5625 | avg train loss 2.3549 top1 0.2981 top5 0.5719
    [04:06:15] step 4350/5625 | avg train loss 2.3554 top1 0.2977 top5 0.5718
    [04:06:20] step 4375/5625 | avg train loss 2.3541 top1 0.2977 top5 0.5720
    [04:06:25] step 4400/5625 | avg train loss 2.3536 top1 0.2981 top5 0.5721
    [04:06:30] step 4425/5625 | avg train loss 2.3524 top1 0.2983 top5 0.5723
    [04:06:35] step 4450/5625 | avg train loss 2.3535 top1 0.2980 top5 0.5721
    [04:06:40] step 4475/5625 | avg train loss 2.3547 top1 0.2976 top5 0.5720
    [04:06:45] step 4500/5625 | avg train loss 2.3550 top1 0.2976 top5 0.5715
    [04:06:50] step 4525/5625 | avg train loss 2.3545 top1 0.2976 top5 0.5715
    [04:06:56] step 4550/5625 | avg train loss 2.3535 top1 0.2979 top5 0.5718
    [04:07:01] step 4575/5625 | avg train loss 2.3528 top1 0.2983 top5 0.5721
    [04:07:06] step 4600/5625 | avg train loss 2.3521 top1 0.2982 top5 0.5719
    [04:07:11] step 4625/5625 | avg train loss 2.3523 top1 0.2978 top5 0.5714
    [04:07:16] step 4650/5625 | avg train loss 2.3522 top1 0.2974 top5 0.5713
    [04:07:21] step 4675/5625 | avg train loss 2.3512 top1 0.2974 top5 0.5712
    [04:07:26] step 4700/5625 | avg train loss 2.3503 top1 0.2969 top5 0.5706
    [04:07:31] step 4725/5625 | avg train loss 2.3504 top1 0.2969 top5 0.5708
    [04:07:37] step 4750/5625 | avg train loss 2.3501 top1 0.2972 top5 0.5711
    [04:07:42] step 4775/5625 | avg train loss 2.3498 top1 0.2972 top5 0.5709
    [04:07:47] step 4800/5625 | avg train loss 2.3514 top1 0.2968 top5 0.5705
    [04:07:52] step 4825/5625 | avg train loss 2.3505 top1 0.2969 top5 0.5706
    [04:07:57] step 4850/5625 | avg train loss 2.3502 top1 0.2969 top5 0.5708
    [04:08:02] step 4875/5625 | avg train loss 2.3500 top1 0.2973 top5 0.5710
    [04:08:07] step 4900/5625 | avg train loss 2.3506 top1 0.2972 top5 0.5710
    [04:08:12] step 4925/5625 | avg train loss 2.3514 top1 0.2973 top5 0.5712
    [04:08:17] step 4950/5625 | avg train loss 2.3515 top1 0.2972 top5 0.5710
    [04:08:22] step 4975/5625 | avg train loss 2.3511 top1 0.2973 top5 0.5712
    [04:08:27] step 5000/5625 | avg train loss 2.3514 top1 0.2970 top5 0.5707
    [04:08:33] step 5025/5625 | avg train loss 2.3523 top1 0.2967 top5 0.5703
    [04:08:38] step 5050/5625 | avg train loss 2.3521 top1 0.2968 top5 0.5703
    [04:08:43] step 5075/5625 | avg train loss 2.3523 top1 0.2965 top5 0.5700
    [04:08:48] step 5100/5625 | avg train loss 2.3526 top1 0.2967 top5 0.5703
    [04:08:53] step 5125/5625 | avg train loss 2.3522 top1 0.2967 top5 0.5704
    [04:08:58] step 5150/5625 | avg train loss 2.3522 top1 0.2966 top5 0.5702
    [04:09:03] step 5175/5625 | avg train loss 2.3516 top1 0.2969 top5 0.5708
    [04:09:08] step 5200/5625 | avg train loss 2.3519 top1 0.2969 top5 0.5710
    [04:09:14] step 5225/5625 | avg train loss 2.3511 top1 0.2973 top5 0.5715
    [04:09:19] step 5250/5625 | avg train loss 2.3516 top1 0.2970 top5 0.5710
    [04:09:24] step 5275/5625 | avg train loss 2.3522 top1 0.2969 top5 0.5709
    [04:09:29] step 5300/5625 | avg train loss 2.3523 top1 0.2969 top5 0.5709
    [04:09:34] step 5325/5625 | avg train loss 2.3522 top1 0.2969 top5 0.5708
    [04:09:39] step 5350/5625 | avg train loss 2.3526 top1 0.2967 top5 0.5708
    [04:09:44] step 5375/5625 | avg train loss 2.3523 top1 0.2966 top5 0.5707
    [04:09:49] step 5400/5625 | avg train loss 2.3535 top1 0.2965 top5 0.5707
    [04:09:54] step 5425/5625 | avg train loss 2.3538 top1 0.2964 top5 0.5707
    [04:10:00] step 5450/5625 | avg train loss 2.3529 top1 0.2963 top5 0.5704
    [04:10:05] step 5475/5625 | avg train loss 2.3530 top1 0.2963 top5 0.5705
    [04:10:10] step 5500/5625 | avg train loss 2.3532 top1 0.2962 top5 0.5707
    [04:10:15] step 5525/5625 | avg train loss 2.3531 top1 0.2958 top5 0.5701
    [04:10:20] step 5550/5625 | avg train loss 2.3530 top1 0.2957 top5 0.5700
    [04:10:25] step 5575/5625 | avg train loss 2.3528 top1 0.2958 top5 0.5704
    [04:10:30] step 5600/5625 | avg train loss 2.3519 top1 0.2957 top5 0.5705
    [04:10:35] step 5625/5625 | avg train loss 2.3527 top1 0.2956 top5 0.5703
Epoch 15/50 | train loss 2.3527 top1 0.2956 | val loss 1.9722 top1 0.4443 top5 0.7775 | ema holdout top1 0.3093 top5 0.6554
  Saved new best checkpoint (live): /Data/romain.poggi/smth2smth/checkpoints/track_a/videomaev2+ft/meanpool-mae150-s44.pt (val top1=0.4443)
    [04:12:11] step 25/5625 | avg train loss 2.3691 top1 0.2950 top5 0.5500
    [04:12:16] step 50/5625 | avg train loss 2.2808 top1 0.3225 top5 0.5725
    [04:12:21] step 75/5625 | avg train loss 2.3149 top1 0.2983 top5 0.5433
    [04:12:27] step 100/5625 | avg train loss 2.3341 top1 0.2888 top5 0.5275
    [04:12:32] step 125/5625 | avg train loss 2.3269 top1 0.2880 top5 0.5330
    [04:12:37] step 150/5625 | avg train loss 2.3119 top1 0.2875 top5 0.5367
    [04:12:42] step 175/5625 | avg train loss 2.3170 top1 0.2921 top5 0.5443
    [04:12:47] step 200/5625 | avg train loss 2.3108 top1 0.2963 top5 0.5569
    [04:12:52] step 225/5625 | avg train loss 2.3135 top1 0.2933 top5 0.5611
    [04:12:57] step 250/5625 | avg train loss 2.3197 top1 0.2920 top5 0.5565
    [04:13:02] step 275/5625 | avg train loss 2.3186 top1 0.2923 top5 0.5550
    [04:13:07] step 300/5625 | avg train loss 2.3089 top1 0.2900 top5 0.5521
    [04:13:12] step 325/5625 | avg train loss 2.2919 top1 0.2950 top5 0.5581
    [04:13:17] step 350/5625 | avg train loss 2.2928 top1 0.2982 top5 0.5618
    [04:13:23] step 375/5625 | avg train loss 2.2996 top1 0.2963 top5 0.5570
    [04:13:28] step 400/5625 | avg train loss 2.3073 top1 0.2966 top5 0.5528
    [04:13:33] step 425/5625 | avg train loss 2.3054 top1 0.2962 top5 0.5547
    [04:13:38] step 450/5625 | avg train loss 2.3047 top1 0.2947 top5 0.5558
    [04:13:43] step 475/5625 | avg train loss 2.2996 top1 0.2976 top5 0.5579
    [04:13:48] step 500/5625 | avg train loss 2.2914 top1 0.2978 top5 0.5575
    [04:13:53] step 525/5625 | avg train loss 2.2956 top1 0.2974 top5 0.5583
    [04:13:58] step 550/5625 | avg train loss 2.2960 top1 0.2973 top5 0.5566
    [04:14:03] step 575/5625 | avg train loss 2.3034 top1 0.2937 top5 0.5537
    [04:14:08] step 600/5625 | avg train loss 2.2930 top1 0.2967 top5 0.5577
    [04:14:13] step 625/5625 | avg train loss 2.2948 top1 0.2956 top5 0.5578
    [04:14:19] step 650/5625 | avg train loss 2.3004 top1 0.2938 top5 0.5538
    [04:14:24] step 675/5625 | avg train loss 2.2983 top1 0.2952 top5 0.5557
    [04:14:29] step 700/5625 | avg train loss 2.3037 top1 0.2957 top5 0.5584
    [04:14:34] step 725/5625 | avg train loss 2.3072 top1 0.2934 top5 0.5548
    [04:14:39] step 750/5625 | avg train loss 2.3082 top1 0.2923 top5 0.5555
    [04:14:44] step 775/5625 | avg train loss 2.3072 top1 0.2932 top5 0.5563
    [04:14:49] step 800/5625 | avg train loss 2.3112 top1 0.2920 top5 0.5558
    [04:14:54] step 825/5625 | avg train loss 2.3137 top1 0.2911 top5 0.5544
    [04:15:00] step 850/5625 | avg train loss 2.3140 top1 0.2918 top5 0.5559
    [04:15:05] step 875/5625 | avg train loss 2.3133 top1 0.2907 top5 0.5547
    [04:15:10] step 900/5625 | avg train loss 2.3131 top1 0.2906 top5 0.5544
    [04:15:15] step 925/5625 | avg train loss 2.3131 top1 0.2909 top5 0.5555
    [04:15:20] step 950/5625 | avg train loss 2.3227 top1 0.2884 top5 0.5542
    [04:15:25] step 975/5625 | avg train loss 2.3251 top1 0.2904 top5 0.5541
    [04:15:30] step 1000/5625 | avg train loss 2.3293 top1 0.2893 top5 0.5537
    [04:15:35] step 1025/5625 | avg train loss 2.3300 top1 0.2898 top5 0.5557
    [04:15:40] step 1050/5625 | avg train loss 2.3286 top1 0.2905 top5 0.5562
    [04:15:45] step 1075/5625 | avg train loss 2.3298 top1 0.2913 top5 0.5576
    [04:15:50] step 1100/5625 | avg train loss 2.3280 top1 0.2934 top5 0.5589
    [04:15:56] step 1125/5625 | avg train loss 2.3236 top1 0.2947 top5 0.5592
    [04:16:01] step 1150/5625 | avg train loss 2.3289 top1 0.2938 top5 0.5595
    [04:16:06] step 1175/5625 | avg train loss 2.3278 top1 0.2947 top5 0.5603
    [04:16:11] step 1200/5625 | avg train loss 2.3283 top1 0.2947 top5 0.5610
    [04:16:16] step 1225/5625 | avg train loss 2.3277 top1 0.2945 top5 0.5620
    [04:16:21] step 1250/5625 | avg train loss 2.3256 top1 0.2948 top5 0.5616
    [04:16:26] step 1275/5625 | avg train loss 2.3206 top1 0.2966 top5 0.5635
    [04:16:31] step 1300/5625 | avg train loss 2.3183 top1 0.2963 top5 0.5628
    [04:16:36] step 1325/5625 | avg train loss 2.3194 top1 0.2952 top5 0.5627
    [04:16:41] step 1350/5625 | avg train loss 2.3191 top1 0.2955 top5 0.5636
    [04:16:47] step 1375/5625 | avg train loss 2.3218 top1 0.2955 top5 0.5646
    [04:16:52] step 1400/5625 | avg train loss 2.3243 top1 0.2938 top5 0.5631
    [04:16:57] step 1425/5625 | avg train loss 2.3294 top1 0.2929 top5 0.5625
    [04:17:02] step 1450/5625 | avg train loss 2.3282 top1 0.2939 top5 0.5644
    [04:17:07] step 1475/5625 | avg train loss 2.3279 top1 0.2934 top5 0.5638
    [04:17:12] step 1500/5625 | avg train loss 2.3293 top1 0.2934 top5 0.5636
    [04:17:17] step 1525/5625 | avg train loss 2.3283 top1 0.2930 top5 0.5637
    [04:17:22] step 1550/5625 | avg train loss 2.3262 top1 0.2937 top5 0.5644
    [04:17:27] step 1575/5625 | avg train loss 2.3269 top1 0.2945 top5 0.5652
    [04:17:33] step 1600/5625 | avg train loss 2.3272 top1 0.2941 top5 0.5656
    [04:17:38] step 1625/5625 | avg train loss 2.3275 top1 0.2951 top5 0.5658
    [04:17:43] step 1650/5625 | avg train loss 2.3292 top1 0.2955 top5 0.5658
    [04:17:48] step 1675/5625 | avg train loss 2.3298 top1 0.2946 top5 0.5654
    [04:17:53] step 1700/5625 | avg train loss 2.3277 top1 0.2951 top5 0.5659
    [04:17:58] step 1725/5625 | avg train loss 2.3269 top1 0.2954 top5 0.5659
    [04:18:03] step 1750/5625 | avg train loss 2.3275 top1 0.2954 top5 0.5654
    [04:18:08] step 1775/5625 | avg train loss 2.3263 top1 0.2947 top5 0.5654
    [04:18:13] step 1800/5625 | avg train loss 2.3255 top1 0.2956 top5 0.5665
    [04:18:18] step 1825/5625 | avg train loss 2.3275 top1 0.2952 top5 0.5663
    [04:18:23] step 1850/5625 | avg train loss 2.3255 top1 0.2949 top5 0.5656
    [04:18:28] step 1875/5625 | avg train loss 2.3259 top1 0.2947 top5 0.5649
    [04:18:34] step 1900/5625 | avg train loss 2.3275 top1 0.2948 top5 0.5649
    [04:18:39] step 1925/5625 | avg train loss 2.3257 top1 0.2944 top5 0.5643
    [04:18:44] step 1950/5625 | avg train loss 2.3271 top1 0.2943 top5 0.5644
    [04:18:49] step 1975/5625 | avg train loss 2.3270 top1 0.2936 top5 0.5640
    [04:18:54] step 2000/5625 | avg train loss 2.3260 top1 0.2945 top5 0.5653
    [04:18:59] step 2025/5625 | avg train loss 2.3272 top1 0.2933 top5 0.5638
    [04:19:04] step 2050/5625 | avg train loss 2.3268 top1 0.2934 top5 0.5635
    [04:19:09] step 2075/5625 | avg train loss 2.3283 top1 0.2928 top5 0.5631
    [04:19:14] step 2100/5625 | avg train loss 2.3281 top1 0.2929 top5 0.5625
    [04:19:19] step 2125/5625 | avg train loss 2.3293 top1 0.2922 top5 0.5619
    [04:19:24] step 2150/5625 | avg train loss 2.3277 top1 0.2930 top5 0.5624
    [04:19:30] step 2175/5625 | avg train loss 2.3271 top1 0.2929 top5 0.5618
    [04:19:35] step 2200/5625 | avg train loss 2.3265 top1 0.2929 top5 0.5614
    [04:19:40] step 2225/5625 | avg train loss 2.3252 top1 0.2934 top5 0.5623
    [04:19:45] step 2250/5625 | avg train loss 2.3263 top1 0.2937 top5 0.5629
    [04:19:50] step 2275/5625 | avg train loss 2.3264 top1 0.2942 top5 0.5638
    [04:19:55] step 2300/5625 | avg train loss 2.3234 top1 0.2936 top5 0.5636
    [04:20:00] step 2325/5625 | avg train loss 2.3232 top1 0.2931 top5 0.5633
    [04:20:05] step 2350/5625 | avg train loss 2.3239 top1 0.2931 top5 0.5637
    [04:20:10] step 2375/5625 | avg train loss 2.3224 top1 0.2926 top5 0.5634
    [04:20:15] step 2400/5625 | avg train loss 2.3231 top1 0.2924 top5 0.5627
    [04:20:20] step 2425/5625 | avg train loss 2.3247 top1 0.2919 top5 0.5617
    [04:20:26] step 2450/5625 | avg train loss 2.3240 top1 0.2921 top5 0.5620
    [04:20:31] step 2475/5625 | avg train loss 2.3220 top1 0.2927 top5 0.5625
    [04:20:36] step 2500/5625 | avg train loss 2.3214 top1 0.2931 top5 0.5629
    [04:20:41] step 2525/5625 | avg train loss 2.3214 top1 0.2933 top5 0.5630
    [04:20:46] step 2550/5625 | avg train loss 2.3234 top1 0.2932 top5 0.5628
    [04:20:51] step 2575/5625 | avg train loss 2.3245 top1 0.2935 top5 0.5631
    [04:20:56] step 2600/5625 | avg train loss 2.3239 top1 0.2939 top5 0.5636
    [04:21:01] step 2625/5625 | avg train loss 2.3251 top1 0.2936 top5 0.5628
    [04:21:06] step 2650/5625 | avg train loss 2.3252 top1 0.2939 top5 0.5625
    [04:21:11] step 2675/5625 | avg train loss 2.3237 top1 0.2939 top5 0.5622
    [04:21:16] step 2700/5625 | avg train loss 2.3243 top1 0.2941 top5 0.5622
    [04:21:22] step 2725/5625 | avg train loss 2.3245 top1 0.2941 top5 0.5619
    [04:21:27] step 2750/5625 | avg train loss 2.3275 top1 0.2936 top5 0.5613
    [04:21:32] step 2775/5625 | avg train loss 2.3299 top1 0.2933 top5 0.5610
    [04:21:37] step 2800/5625 | avg train loss 2.3300 top1 0.2936 top5 0.5614
    [04:21:42] step 2825/5625 | avg train loss 2.3290 top1 0.2938 top5 0.5614
    [04:21:47] step 2850/5625 | avg train loss 2.3298 top1 0.2939 top5 0.5611
    [04:21:52] step 2875/5625 | avg train loss 2.3304 top1 0.2939 top5 0.5608
    [04:21:57] step 2900/5625 | avg train loss 2.3307 top1 0.2934 top5 0.5602
    [04:22:02] step 2925/5625 | avg train loss 2.3300 top1 0.2935 top5 0.5608
    [04:22:07] step 2950/5625 | avg train loss 2.3300 top1 0.2933 top5 0.5606
    [04:22:13] step 2975/5625 | avg train loss 2.3297 top1 0.2934 top5 0.5608
    [04:22:18] step 3000/5625 | avg train loss 2.3306 top1 0.2933 top5 0.5605
    [04:22:23] step 3025/5625 | avg train loss 2.3334 top1 0.2929 top5 0.5604
    [04:22:28] step 3050/5625 | avg train loss 2.3325 top1 0.2929 top5 0.5606
    [04:22:33] step 3075/5625 | avg train loss 2.3319 top1 0.2928 top5 0.5603
    [04:22:38] step 3100/5625 | avg train loss 2.3323 top1 0.2929 top5 0.5601
    [04:22:43] step 3125/5625 | avg train loss 2.3338 top1 0.2923 top5 0.5598
    [04:22:48] step 3150/5625 | avg train loss 2.3341 top1 0.2925 top5 0.5598
    [04:22:53] step 3175/5625 | avg train loss 2.3338 top1 0.2925 top5 0.5600
    [04:22:59] step 3200/5625 | avg train loss 2.3363 top1 0.2923 top5 0.5600
    [04:23:04] step 3225/5625 | avg train loss 2.3377 top1 0.2917 top5 0.5595
    [04:23:09] step 3250/5625 | avg train loss 2.3375 top1 0.2913 top5 0.5591
    [04:23:14] step 3275/5625 | avg train loss 2.3380 top1 0.2917 top5 0.5596
    [04:23:19] step 3300/5625 | avg train loss 2.3389 top1 0.2915 top5 0.5593
    [04:23:24] step 3325/5625 | avg train loss 2.3391 top1 0.2915 top5 0.5593
    [04:23:29] step 3350/5625 | avg train loss 2.3397 top1 0.2915 top5 0.5594
    [04:23:34] step 3375/5625 | avg train loss 2.3409 top1 0.2916 top5 0.5599
    [04:23:39] step 3400/5625 | avg train loss 2.3387 top1 0.2918 top5 0.5600
    [04:23:45] step 3425/5625 | avg train loss 2.3388 top1 0.2922 top5 0.5601
    [04:23:50] step 3450/5625 | avg train loss 2.3371 top1 0.2926 top5 0.5606
    [04:23:55] step 3475/5625 | avg train loss 2.3353 top1 0.2939 top5 0.5618
    [04:24:00] step 3500/5625 | avg train loss 2.3359 top1 0.2936 top5 0.5614
    [04:24:05] step 3525/5625 | avg train loss 2.3362 top1 0.2938 top5 0.5618
    [04:24:10] step 3550/5625 | avg train loss 2.3340 top1 0.2943 top5 0.5623
    [04:24:15] step 3575/5625 | avg train loss 2.3334 top1 0.2941 top5 0.5618
    [04:24:20] step 3600/5625 | avg train loss 2.3325 top1 0.2941 top5 0.5613
    [04:24:25] step 3625/5625 | avg train loss 2.3321 top1 0.2939 top5 0.5608
    [04:24:30] step 3650/5625 | avg train loss 2.3309 top1 0.2940 top5 0.5608
    [04:24:35] step 3675/5625 | avg train loss 2.3320 top1 0.2937 top5 0.5607
    [04:24:41] step 3700/5625 | avg train loss 2.3324 top1 0.2938 top5 0.5605
    [04:24:46] step 3725/5625 | avg train loss 2.3320 top1 0.2939 top5 0.5607
    [04:24:51] step 3750/5625 | avg train loss 2.3327 top1 0.2939 top5 0.5610
    [04:24:56] step 3775/5625 | avg train loss 2.3325 top1 0.2939 top5 0.5610
    [04:25:01] step 3800/5625 | avg train loss 2.3323 top1 0.2935 top5 0.5607
    [04:25:06] step 3825/5625 | avg train loss 2.3335 top1 0.2934 top5 0.5609
    [04:25:11] step 3850/5625 | avg train loss 2.3336 top1 0.2938 top5 0.5609
    [04:25:16] step 3875/5625 | avg train loss 2.3339 top1 0.2941 top5 0.5614
    [04:25:21] step 3900/5625 | avg train loss 2.3333 top1 0.2941 top5 0.5615
    [04:25:26] step 3925/5625 | avg train loss 2.3349 top1 0.2940 top5 0.5613
    [04:25:32] step 3950/5625 | avg train loss 2.3347 top1 0.2944 top5 0.5615
    [04:25:37] step 3975/5625 | avg train loss 2.3340 top1 0.2945 top5 0.5613
    [04:25:42] step 4000/5625 | avg train loss 2.3336 top1 0.2943 top5 0.5611
    [04:25:47] step 4025/5625 | avg train loss 2.3328 top1 0.2945 top5 0.5616
    [04:25:52] step 4050/5625 | avg train loss 2.3324 top1 0.2947 top5 0.5614
    [04:25:57] step 4075/5625 | avg train loss 2.3314 top1 0.2949 top5 0.5613
    [04:26:02] step 4100/5625 | avg train loss 2.3321 top1 0.2946 top5 0.5614
    [04:26:07] step 4125/5625 | avg train loss 2.3307 top1 0.2951 top5 0.5622
    [04:26:12] step 4150/5625 | avg train loss 2.3307 top1 0.2951 top5 0.5622
    [04:26:17] step 4175/5625 | avg train loss 2.3299 top1 0.2952 top5 0.5617
    [04:26:23] step 4200/5625 | avg train loss 2.3300 top1 0.2949 top5 0.5611
    [04:26:28] step 4225/5625 | avg train loss 2.3296 top1 0.2951 top5 0.5613
    [04:26:33] step 4250/5625 | avg train loss 2.3292 top1 0.2951 top5 0.5616
    [04:26:38] step 4275/5625 | avg train loss 2.3285 top1 0.2950 top5 0.5615
    [04:26:43] step 4300/5625 | avg train loss 2.3287 top1 0.2949 top5 0.5616
    [04:26:48] step 4325/5625 | avg train loss 2.3278 top1 0.2949 top5 0.5615
    [04:26:53] step 4350/5625 | avg train loss 2.3273 top1 0.2950 top5 0.5617
    [04:26:58] step 4375/5625 | avg train loss 2.3276 top1 0.2950 top5 0.5617
    [04:27:03] step 4400/5625 | avg train loss 2.3272 top1 0.2950 top5 0.5615
    [04:27:08] step 4425/5625 | avg train loss 2.3267 top1 0.2951 top5 0.5616
    [04:27:14] step 4450/5625 | avg train loss 2.3272 top1 0.2950 top5 0.5617
    [04:27:19] step 4475/5625 | avg train loss 2.3282 top1 0.2947 top5 0.5613
    [04:27:24] step 4500/5625 | avg train loss 2.3285 top1 0.2944 top5 0.5609
    [04:27:29] step 4525/5625 | avg train loss 2.3277 top1 0.2949 top5 0.5617
    [04:27:34] step 4550/5625 | avg train loss 2.3276 top1 0.2946 top5 0.5615
    [04:27:39] step 4575/5625 | avg train loss 2.3274 top1 0.2948 top5 0.5616
    [04:27:44] step 4600/5625 | avg train loss 2.3275 top1 0.2947 top5 0.5617
    [04:27:49] step 4625/5625 | avg train loss 2.3266 top1 0.2949 top5 0.5622
    [04:27:54] step 4650/5625 | avg train loss 2.3260 top1 0.2950 top5 0.5621
    [04:27:59] step 4675/5625 | avg train loss 2.3264 top1 0.2952 top5 0.5623
    [04:28:05] step 4700/5625 | avg train loss 2.3272 top1 0.2951 top5 0.5623
    [04:28:10] step 4725/5625 | avg train loss 2.3271 top1 0.2951 top5 0.5621
    [04:28:15] step 4750/5625 | avg train loss 2.3281 top1 0.2950 top5 0.5617
    [04:28:20] step 4775/5625 | avg train loss 2.3286 top1 0.2950 top5 0.5616
    [04:28:25] step 4800/5625 | avg train loss 2.3294 top1 0.2946 top5 0.5614
    [04:28:30] step 4825/5625 | avg train loss 2.3285 top1 0.2950 top5 0.5616
    [04:28:35] step 4850/5625 | avg train loss 2.3283 top1 0.2950 top5 0.5618
    [04:28:41] step 4875/5625 | avg train loss 2.3282 top1 0.2950 top5 0.5621
    [04:28:46] step 4900/5625 | avg train loss 2.3289 top1 0.2950 top5 0.5620
    [04:28:51] step 4925/5625 | avg train loss 2.3290 top1 0.2949 top5 0.5622
    [04:28:56] step 4950/5625 | avg train loss 2.3289 top1 0.2952 top5 0.5624
    [04:29:01] step 4975/5625 | avg train loss 2.3282 top1 0.2956 top5 0.5626
    [04:29:06] step 5000/5625 | avg train loss 2.3284 top1 0.2957 top5 0.5627
    [04:29:11] step 5025/5625 | avg train loss 2.3285 top1 0.2959 top5 0.5629
    [04:29:16] step 5050/5625 | avg train loss 2.3285 top1 0.2959 top5 0.5630
    [04:29:22] step 5075/5625 | avg train loss 2.3271 top1 0.2960 top5 0.5633
    [04:29:27] step 5100/5625 | avg train loss 2.3270 top1 0.2961 top5 0.5634
    [04:29:32] step 5125/5625 | avg train loss 2.3267 top1 0.2959 top5 0.5631
    [04:29:37] step 5150/5625 | avg train loss 2.3266 top1 0.2958 top5 0.5631
    [04:29:42] step 5175/5625 | avg train loss 2.3269 top1 0.2957 top5 0.5629
    [04:29:47] step 5200/5625 | avg train loss 2.3274 top1 0.2956 top5 0.5627
    [04:29:52] step 5225/5625 | avg train loss 2.3279 top1 0.2956 top5 0.5630
    [04:29:57] step 5250/5625 | avg train loss 2.3279 top1 0.2956 top5 0.5627
    [04:30:02] step 5275/5625 | avg train loss 2.3284 top1 0.2956 top5 0.5627
    [04:30:08] step 5300/5625 | avg train loss 2.3294 top1 0.2954 top5 0.5625
    [04:30:13] step 5325/5625 | avg train loss 2.3291 top1 0.2951 top5 0.5621
    [04:30:18] step 5350/5625 | avg train loss 2.3292 top1 0.2953 top5 0.5622
    [04:30:23] step 5375/5625 | avg train loss 2.3292 top1 0.2954 top5 0.5626
    [04:30:28] step 5400/5625 | avg train loss 2.3283 top1 0.2956 top5 0.5628
    [04:30:33] step 5425/5625 | avg train loss 2.3289 top1 0.2960 top5 0.5629
    [04:30:38] step 5450/5625 | avg train loss 2.3283 top1 0.2964 top5 0.5634
    [04:30:43] step 5475/5625 | avg train loss 2.3286 top1 0.2961 top5 0.5629
    [04:30:48] step 5500/5625 | avg train loss 2.3289 top1 0.2960 top5 0.5629
    [04:30:54] step 5525/5625 | avg train loss 2.3295 top1 0.2959 top5 0.5628
    [04:30:59] step 5550/5625 | avg train loss 2.3297 top1 0.2959 top5 0.5629
    [04:31:04] step 5575/5625 | avg train loss 2.3292 top1 0.2960 top5 0.5628
    [04:31:09] step 5600/5625 | avg train loss 2.3287 top1 0.2960 top5 0.5629
    [04:31:14] step 5625/5625 | avg train loss 2.3287 top1 0.2960 top5 0.5629
Epoch 16/50 | train loss 2.3287 top1 0.2960 | val loss 1.9988 top1 0.4342 top5 0.7789 | ema holdout top1 0.3370 top5 0.6872
  No val top1 improvement (1/15); best remains 0.4443
    [04:32:50] step 25/5625 | avg train loss 2.1780 top1 0.2900 top5 0.5100
    [04:32:55] step 50/5625 | avg train loss 2.3284 top1 0.2850 top5 0.5725
    [04:33:00] step 75/5625 | avg train loss 2.3516 top1 0.2967 top5 0.5883
    [04:33:05] step 100/5625 | avg train loss 2.3453 top1 0.3013 top5 0.5775
    [04:33:10] step 125/5625 | avg train loss 2.4041 top1 0.2990 top5 0.5720
    [04:33:15] step 150/5625 | avg train loss 2.3661 top1 0.3042 top5 0.5808
    [04:33:20] step 175/5625 | avg train loss 2.3649 top1 0.2986 top5 0.5700
    [04:33:25] step 200/5625 | avg train loss 2.3443 top1 0.3038 top5 0.5694
    [04:33:30] step 225/5625 | avg train loss 2.3390 top1 0.3106 top5 0.5822
    [04:33:36] step 250/5625 | avg train loss 2.3427 top1 0.3070 top5 0.5800
    [04:33:41] step 275/5625 | avg train loss 2.3377 top1 0.3027 top5 0.5805
    [04:33:46] step 300/5625 | avg train loss 2.3265 top1 0.3046 top5 0.5863
    [04:33:51] step 325/5625 | avg train loss 2.3211 top1 0.3050 top5 0.5850
    [04:33:56] step 350/5625 | avg train loss 2.2988 top1 0.3089 top5 0.5896
    [04:34:01] step 375/5625 | avg train loss 2.2994 top1 0.3080 top5 0.5883
    [04:34:06] step 400/5625 | avg train loss 2.2924 top1 0.3075 top5 0.5866
    [04:34:11] step 425/5625 | avg train loss 2.2884 top1 0.3044 top5 0.5844
    [04:34:16] step 450/5625 | avg train loss 2.2902 top1 0.2997 top5 0.5764
    [04:34:21] step 475/5625 | avg train loss 2.2918 top1 0.3003 top5 0.5771
    [04:34:27] step 500/5625 | avg train loss 2.2962 top1 0.2998 top5 0.5765
    [04:34:32] step 525/5625 | avg train loss 2.2983 top1 0.2974 top5 0.5771
    [04:34:37] step 550/5625 | avg train loss 2.2948 top1 0.2993 top5 0.5768
    [04:34:42] step 575/5625 | avg train loss 2.2919 top1 0.3004 top5 0.5761
    [04:34:47] step 600/5625 | avg train loss 2.3015 top1 0.2994 top5 0.5752
    [04:34:52] step 625/5625 | avg train loss 2.3013 top1 0.3014 top5 0.5768
    [04:34:57] step 650/5625 | avg train loss 2.2954 top1 0.3044 top5 0.5806
    [04:35:02] step 675/5625 | avg train loss 2.2904 top1 0.3061 top5 0.5828
    [04:35:08] step 700/5625 | avg train loss 2.2977 top1 0.3055 top5 0.5813
    [04:35:13] step 725/5625 | avg train loss 2.2942 top1 0.3053 top5 0.5807
    [04:35:18] step 750/5625 | avg train loss 2.2897 top1 0.3057 top5 0.5802
    [04:35:23] step 775/5625 | avg train loss 2.2871 top1 0.3068 top5 0.5805
    [04:35:28] step 800/5625 | avg train loss 2.2900 top1 0.3064 top5 0.5809
    [04:35:33] step 825/5625 | avg train loss 2.2863 top1 0.3092 top5 0.5844
    [04:35:38] step 850/5625 | avg train loss 2.2814 top1 0.3112 top5 0.5868
    [04:35:43] step 875/5625 | avg train loss 2.2798 top1 0.3104 top5 0.5873
    [04:35:48] step 900/5625 | avg train loss 2.2801 top1 0.3099 top5 0.5854
    [04:35:54] step 925/5625 | avg train loss 2.2791 top1 0.3093 top5 0.5839
    [04:35:59] step 950/5625 | avg train loss 2.2808 top1 0.3083 top5 0.5820
    [04:36:04] step 975/5625 | avg train loss 2.2831 top1 0.3069 top5 0.5794
    [04:36:09] step 1000/5625 | avg train loss 2.2848 top1 0.3069 top5 0.5795
    [04:36:14] step 1025/5625 | avg train loss 2.2847 top1 0.3073 top5 0.5805
    [04:36:19] step 1050/5625 | avg train loss 2.2876 top1 0.3079 top5 0.5805
    [04:36:24] step 1075/5625 | avg train loss 2.2822 top1 0.3097 top5 0.5821
    [04:36:29] step 1100/5625 | avg train loss 2.2809 top1 0.3097 top5 0.5830
    [04:36:34] step 1125/5625 | avg train loss 2.2799 top1 0.3096 top5 0.5822
    [04:36:40] step 1150/5625 | avg train loss 2.2808 top1 0.3101 top5 0.5827
    [04:36:45] step 1175/5625 | avg train loss 2.2813 top1 0.3109 top5 0.5838
    [04:36:50] step 1200/5625 | avg train loss 2.2807 top1 0.3099 top5 0.5828
    [04:36:55] step 1225/5625 | avg train loss 2.2850 top1 0.3080 top5 0.5804
    [04:37:00] step 1250/5625 | avg train loss 2.2876 top1 0.3065 top5 0.5793
    [04:37:05] step 1275/5625 | avg train loss 2.2883 top1 0.3062 top5 0.5792
    [04:37:10] step 1300/5625 | avg train loss 2.2881 top1 0.3061 top5 0.5784
    [04:37:15] step 1325/5625 | avg train loss 2.2865 top1 0.3075 top5 0.5806
    [04:37:20] step 1350/5625 | avg train loss 2.2821 top1 0.3083 top5 0.5803
    [04:37:26] step 1375/5625 | avg train loss 2.2816 top1 0.3069 top5 0.5804
    [04:37:31] step 1400/5625 | avg train loss 2.2838 top1 0.3076 top5 0.5811
    [04:37:36] step 1425/5625 | avg train loss 2.2819 top1 0.3078 top5 0.5822
    [04:37:41] step 1450/5625 | avg train loss 2.2848 top1 0.3075 top5 0.5820
    [04:37:46] step 1475/5625 | avg train loss 2.2802 top1 0.3074 top5 0.5823
    [04:37:51] step 1500/5625 | avg train loss 2.2815 top1 0.3068 top5 0.5815
    [04:37:56] step 1525/5625 | avg train loss 2.2800 top1 0.3067 top5 0.5816
    [04:38:02] step 1550/5625 | avg train loss 2.2797 top1 0.3069 top5 0.5806
    [04:38:07] step 1575/5625 | avg train loss 2.2811 top1 0.3065 top5 0.5813
    [04:38:12] step 1600/5625 | avg train loss 2.2829 top1 0.3070 top5 0.5806
    [04:38:17] step 1625/5625 | avg train loss 2.2865 top1 0.3069 top5 0.5808
    [04:38:22] step 1650/5625 | avg train loss 2.2856 top1 0.3080 top5 0.5821
    [04:38:27] step 1675/5625 | avg train loss 2.2823 top1 0.3082 top5 0.5827
    [04:38:32] step 1700/5625 | avg train loss 2.2822 top1 0.3080 top5 0.5822
    [04:38:37] step 1725/5625 | avg train loss 2.2843 top1 0.3078 top5 0.5825
    [04:38:42] step 1750/5625 | avg train loss 2.2858 top1 0.3071 top5 0.5818
    [04:38:47] step 1775/5625 | avg train loss 2.2888 top1 0.3068 top5 0.5819
    [04:38:53] step 1800/5625 | avg train loss 2.2893 top1 0.3066 top5 0.5815
    [04:38:58] step 1825/5625 | avg train loss 2.2910 top1 0.3067 top5 0.5805
    [04:39:03] step 1850/5625 | avg train loss 2.2907 top1 0.3063 top5 0.5799
    [04:39:08] step 1875/5625 | avg train loss 2.2923 top1 0.3065 top5 0.5803
    [04:39:13] step 1900/5625 | avg train loss 2.2929 top1 0.3057 top5 0.5785
    [04:39:18] step 1925/5625 | avg train loss 2.2937 top1 0.3052 top5 0.5782
    [04:39:23] step 1950/5625 | avg train loss 2.2925 top1 0.3057 top5 0.5789
    [04:39:28] step 1975/5625 | avg train loss 2.2918 top1 0.3068 top5 0.5807
    [04:39:34] step 2000/5625 | avg train loss 2.2912 top1 0.3074 top5 0.5810
    [04:39:39] step 2025/5625 | avg train loss 2.2913 top1 0.3079 top5 0.5809
    [04:39:44] step 2050/5625 | avg train loss 2.2942 top1 0.3071 top5 0.5805
    [04:39:49] step 2075/5625 | avg train loss 2.2935 top1 0.3078 top5 0.5805
    [04:39:54] step 2100/5625 | avg train loss 2.2948 top1 0.3075 top5 0.5799
    [04:39:59] step 2125/5625 | avg train loss 2.2921 top1 0.3065 top5 0.5795
    [04:40:04] step 2150/5625 | avg train loss 2.2915 top1 0.3066 top5 0.5799
    [04:40:09] step 2175/5625 | avg train loss 2.2911 top1 0.3064 top5 0.5793
    [04:40:14] step 2200/5625 | avg train loss 2.2908 top1 0.3072 top5 0.5793
    [04:40:20] step 2225/5625 | avg train loss 2.2915 top1 0.3072 top5 0.5796
    [04:40:25] step 2250/5625 | avg train loss 2.2912 top1 0.3073 top5 0.5801
    [04:40:30] step 2275/5625 | avg train loss 2.2924 top1 0.3074 top5 0.5808
    [04:40:35] step 2300/5625 | avg train loss 2.2925 top1 0.3074 top5 0.5808
    [04:40:40] step 2325/5625 | avg train loss 2.2933 top1 0.3069 top5 0.5804
    [04:40:45] step 2350/5625 | avg train loss 2.2919 top1 0.3065 top5 0.5807
    [04:40:50] step 2375/5625 | avg train loss 2.2932 top1 0.3060 top5 0.5806
    [04:40:56] step 2400/5625 | avg train loss 2.2925 top1 0.3066 top5 0.5805
    [04:41:01] step 2425/5625 | avg train loss 2.2938 top1 0.3059 top5 0.5803
    [04:41:06] step 2450/5625 | avg train loss 2.2936 top1 0.3061 top5 0.5809
    [04:41:11] step 2475/5625 | avg train loss 2.2936 top1 0.3061 top5 0.5812
    [04:41:16] step 2500/5625 | avg train loss 2.2959 top1 0.3054 top5 0.5805
    [04:41:21] step 2525/5625 | avg train loss 2.2979 top1 0.3046 top5 0.5794
    [04:41:26] step 2550/5625 | avg train loss 2.2987 top1 0.3047 top5 0.5794
    [04:41:31] step 2575/5625 | avg train loss 2.2976 top1 0.3043 top5 0.5796
    [04:41:36] step 2600/5625 | avg train loss 2.2976 top1 0.3045 top5 0.5795
    [04:41:42] step 2625/5625 | avg train loss 2.2981 top1 0.3044 top5 0.5799
    [04:41:47] step 2650/5625 | avg train loss 2.2979 top1 0.3041 top5 0.5794
    [04:41:52] step 2675/5625 | avg train loss 2.2988 top1 0.3038 top5 0.5792
    [04:41:57] step 2700/5625 | avg train loss 2.2987 top1 0.3038 top5 0.5794
    [04:42:02] step 2725/5625 | avg train loss 2.2982 top1 0.3042 top5 0.5794
    [04:42:07] step 2750/5625 | avg train loss 2.2970 top1 0.3042 top5 0.5794
    [04:42:12] step 2775/5625 | avg train loss 2.2973 top1 0.3036 top5 0.5790
    [04:42:17] step 2800/5625 | avg train loss 2.2953 top1 0.3045 top5 0.5798
    [04:42:22] step 2825/5625 | avg train loss 2.2972 top1 0.3045 top5 0.5796
    [04:42:27] step 2850/5625 | avg train loss 2.2977 top1 0.3047 top5 0.5796
    [04:42:33] step 2875/5625 | avg train loss 2.2974 top1 0.3045 top5 0.5794
    [04:42:38] step 2900/5625 | avg train loss 2.2988 top1 0.3038 top5 0.5786
    [04:42:43] step 2925/5625 | avg train loss 2.2981 top1 0.3034 top5 0.5781
    [04:42:48] step 2950/5625 | avg train loss 2.2988 top1 0.3032 top5 0.5776
    [04:42:53] step 2975/5625 | avg train loss 2.2979 top1 0.3036 top5 0.5781
    [04:42:58] step 3000/5625 | avg train loss 2.2973 top1 0.3036 top5 0.5780
    [04:43:03] step 3025/5625 | avg train loss 2.2981 top1 0.3034 top5 0.5774
    [04:43:08] step 3050/5625 | avg train loss 2.2990 top1 0.3033 top5 0.5768
    [04:43:13] step 3075/5625 | avg train loss 2.2981 top1 0.3030 top5 0.5764
    [04:43:19] step 3100/5625 | avg train loss 2.2987 top1 0.3032 top5 0.5768
    [04:43:24] step 3125/5625 | avg train loss 2.2975 top1 0.3036 top5 0.5771
    [04:43:29] step 3150/5625 | avg train loss 2.2978 top1 0.3037 top5 0.5774
    [04:43:34] step 3175/5625 | avg train loss 2.2972 top1 0.3038 top5 0.5775
    [04:43:39] step 3200/5625 | avg train loss 2.2986 top1 0.3039 top5 0.5771
    [04:43:44] step 3225/5625 | avg train loss 2.3003 top1 0.3037 top5 0.5768
    [04:43:49] step 3250/5625 | avg train loss 2.3005 top1 0.3040 top5 0.5767
    [04:43:55] step 3275/5625 | avg train loss 2.3004 top1 0.3039 top5 0.5765
    [04:44:00] step 3300/5625 | avg train loss 2.3000 top1 0.3044 top5 0.5765
    [04:44:05] step 3325/5625 | avg train loss 2.3010 top1 0.3043 top5 0.5765
    [04:44:10] step 3350/5625 | avg train loss 2.3019 top1 0.3038 top5 0.5761
    [04:44:15] step 3375/5625 | avg train loss 2.3005 top1 0.3034 top5 0.5760
    [04:44:20] step 3400/5625 | avg train loss 2.3004 top1 0.3037 top5 0.5761
    [04:44:25] step 3425/5625 | avg train loss 2.3007 top1 0.3038 top5 0.5764
    [04:44:30] step 3450/5625 | avg train loss 2.3016 top1 0.3034 top5 0.5761
    [04:44:36] step 3475/5625 | avg train loss 2.3028 top1 0.3033 top5 0.5763
    [04:44:41] step 3500/5625 | avg train loss 2.3016 top1 0.3033 top5 0.5760
    [04:44:46] step 3525/5625 | avg train loss 2.3030 top1 0.3030 top5 0.5760
    [04:44:51] step 3550/5625 | avg train loss 2.3036 top1 0.3030 top5 0.5763
    [04:44:56] step 3575/5625 | avg train loss 2.3022 top1 0.3033 top5 0.5759
    [04:45:01] step 3600/5625 | avg train loss 2.3017 top1 0.3034 top5 0.5763
    [04:45:06] step 3625/5625 | avg train loss 2.3018 top1 0.3036 top5 0.5762
    [04:45:11] step 3650/5625 | avg train loss 2.3035 top1 0.3038 top5 0.5762
    [04:45:17] step 3675/5625 | avg train loss 2.3039 top1 0.3036 top5 0.5760
    [04:45:22] step 3700/5625 | avg train loss 2.3045 top1 0.3038 top5 0.5758
    [04:45:27] step 3725/5625 | avg train loss 2.3046 top1 0.3038 top5 0.5758
    [04:45:32] step 3750/5625 | avg train loss 2.3049 top1 0.3036 top5 0.5751
    [04:45:37] step 3775/5625 | avg train loss 2.3035 top1 0.3036 top5 0.5748
    [04:45:42] step 3800/5625 | avg train loss 2.3034 top1 0.3033 top5 0.5748
    [04:45:47] step 3825/5625 | avg train loss 2.3037 top1 0.3031 top5 0.5746
    [04:45:52] step 3850/5625 | avg train loss 2.3035 top1 0.3033 top5 0.5751
    [04:45:57] step 3875/5625 | avg train loss 2.3031 top1 0.3036 top5 0.5757
    [04:46:02] step 3900/5625 | avg train loss 2.3029 top1 0.3031 top5 0.5754
    [04:46:07] step 3925/5625 | avg train loss 2.3037 top1 0.3033 top5 0.5755
    [04:46:13] step 3950/5625 | avg train loss 2.3032 top1 0.3034 top5 0.5754
    [04:46:18] step 3975/5625 | avg train loss 2.3031 top1 0.3036 top5 0.5753
    [04:46:23] step 4000/5625 | avg train loss 2.3029 top1 0.3036 top5 0.5754
    [04:46:28] step 4025/5625 | avg train loss 2.3029 top1 0.3035 top5 0.5752
    [04:46:33] step 4050/5625 | avg train loss 2.3018 top1 0.3037 top5 0.5752
    [04:46:38] step 4075/5625 | avg train loss 2.3043 top1 0.3032 top5 0.5749
    [04:46:43] step 4100/5625 | avg train loss 2.3030 top1 0.3032 top5 0.5748
    [04:46:48] step 4125/5625 | avg train loss 2.3034 top1 0.3030 top5 0.5745
    [04:46:53] step 4150/5625 | avg train loss 2.3024 top1 0.3029 top5 0.5744
    [04:46:59] step 4175/5625 | avg train loss 2.3022 top1 0.3028 top5 0.5745
    [04:47:04] step 4200/5625 | avg train loss 2.3009 top1 0.3030 top5 0.5745
    [04:47:09] step 4225/5625 | avg train loss 2.3016 top1 0.3029 top5 0.5743
    [04:47:14] step 4250/5625 | avg train loss 2.3013 top1 0.3034 top5 0.5746
    [04:47:19] step 4275/5625 | avg train loss 2.3013 top1 0.3033 top5 0.5748
    [04:47:24] step 4300/5625 | avg train loss 2.3012 top1 0.3035 top5 0.5747
    [04:47:29] step 4325/5625 | avg train loss 2.3015 top1 0.3036 top5 0.5748
    [04:47:34] step 4350/5625 | avg train loss 2.3016 top1 0.3036 top5 0.5752
    [04:47:39] step 4375/5625 | avg train loss 2.3009 top1 0.3034 top5 0.5752
    [04:47:45] step 4400/5625 | avg train loss 2.3001 top1 0.3032 top5 0.5750
    [04:47:50] step 4425/5625 | avg train loss 2.2994 top1 0.3039 top5 0.5753
    [04:47:55] step 4450/5625 | avg train loss 2.3001 top1 0.3037 top5 0.5751
    [04:48:00] step 4475/5625 | avg train loss 2.2998 top1 0.3037 top5 0.5752
    [04:48:05] step 4500/5625 | avg train loss 2.3009 top1 0.3033 top5 0.5750
    [04:48:10] step 4525/5625 | avg train loss 2.3020 top1 0.3031 top5 0.5748
    [04:48:15] step 4550/5625 | avg train loss 2.3030 top1 0.3030 top5 0.5748
    [04:48:20] step 4575/5625 | avg train loss 2.3029 top1 0.3030 top5 0.5745
    [04:48:25] step 4600/5625 | avg train loss 2.3031 top1 0.3031 top5 0.5746
    [04:48:30] step 4625/5625 | avg train loss 2.3028 top1 0.3029 top5 0.5743
    [04:48:36] step 4650/5625 | avg train loss 2.3026 top1 0.3032 top5 0.5746
    [04:48:41] step 4675/5625 | avg train loss 2.3024 top1 0.3031 top5 0.5746
    [04:48:46] step 4700/5625 | avg train loss 2.3018 top1 0.3035 top5 0.5753
    [04:48:51] step 4725/5625 | avg train loss 2.3024 top1 0.3032 top5 0.5751
    [04:48:56] step 4750/5625 | avg train loss 2.3030 top1 0.3033 top5 0.5749
    [04:49:01] step 4775/5625 | avg train loss 2.3020 top1 0.3034 top5 0.5752
    [04:49:06] step 4800/5625 | avg train loss 2.3021 top1 0.3035 top5 0.5753
    [04:49:11] step 4825/5625 | avg train loss 2.3018 top1 0.3036 top5 0.5753
    [04:49:16] step 4850/5625 | avg train loss 2.3019 top1 0.3036 top5 0.5753
    [04:49:21] step 4875/5625 | avg train loss 2.3021 top1 0.3037 top5 0.5755
    [04:49:27] step 4900/5625 | avg train loss 2.3021 top1 0.3039 top5 0.5759
    [04:49:32] step 4925/5625 | avg train loss 2.3010 top1 0.3042 top5 0.5759
    [04:49:37] step 4950/5625 | avg train loss 2.3010 top1 0.3042 top5 0.5761
    [04:49:42] step 4975/5625 | avg train loss 2.3006 top1 0.3042 top5 0.5760
    [04:49:47] step 5000/5625 | avg train loss 2.3001 top1 0.3044 top5 0.5761
    [04:49:52] step 5025/5625 | avg train loss 2.3003 top1 0.3041 top5 0.5756
    [04:49:57] step 5050/5625 | avg train loss 2.2995 top1 0.3044 top5 0.5756
    [04:50:02] step 5075/5625 | avg train loss 2.2997 top1 0.3047 top5 0.5757
    [04:50:08] step 5100/5625 | avg train loss 2.3000 top1 0.3044 top5 0.5753
    [04:50:13] step 5125/5625 | avg train loss 2.2987 top1 0.3047 top5 0.5755
    [04:50:18] step 5150/5625 | avg train loss 2.2984 top1 0.3046 top5 0.5753
    [04:50:23] step 5175/5625 | avg train loss 2.2980 top1 0.3048 top5 0.5754
    [04:50:28] step 5200/5625 | avg train loss 2.2981 top1 0.3051 top5 0.5754
    [04:50:33] step 5225/5625 | avg train loss 2.2982 top1 0.3052 top5 0.5758
    [04:50:38] step 5250/5625 | avg train loss 2.2978 top1 0.3053 top5 0.5758
    [04:50:43] step 5275/5625 | avg train loss 2.2978 top1 0.3053 top5 0.5759
    [04:50:48] step 5300/5625 | avg train loss 2.2980 top1 0.3051 top5 0.5758
    [04:50:53] step 5325/5625 | avg train loss 2.2979 top1 0.3052 top5 0.5758
    [04:50:59] step 5350/5625 | avg train loss 2.2975 top1 0.3054 top5 0.5763
    [04:51:04] step 5375/5625 | avg train loss 2.2978 top1 0.3056 top5 0.5763
    [04:51:09] step 5400/5625 | avg train loss 2.2979 top1 0.3055 top5 0.5762
    [04:51:14] step 5425/5625 | avg train loss 2.2977 top1 0.3056 top5 0.5763
    [04:51:19] step 5450/5625 | avg train loss 2.2973 top1 0.3058 top5 0.5765
    [04:51:24] step 5475/5625 | avg train loss 2.2964 top1 0.3058 top5 0.5763
    [04:51:29] step 5500/5625 | avg train loss 2.2971 top1 0.3057 top5 0.5761
    [04:51:34] step 5525/5625 | avg train loss 2.2981 top1 0.3057 top5 0.5758
    [04:51:39] step 5550/5625 | avg train loss 2.2988 top1 0.3058 top5 0.5761
    [04:51:45] step 5575/5625 | avg train loss 2.2983 top1 0.3060 top5 0.5763
    [04:51:50] step 5600/5625 | avg train loss 2.2983 top1 0.3060 top5 0.5766
    [04:51:55] step 5625/5625 | avg train loss 2.2981 top1 0.3061 top5 0.5763
Epoch 17/50 | train loss 2.2981 top1 0.3061 | val loss 1.9404 top1 0.4492 top5 0.7867 | ema holdout top1 0.3615 top5 0.7079
  Saved new best checkpoint (live): /Data/romain.poggi/smth2smth/checkpoints/track_a/videomaev2+ft/meanpool-mae150-s44.pt (val top1=0.4492)
    [04:53:31] step 25/5625 | avg train loss 2.0908 top1 0.3950 top5 0.6500
    [04:53:36] step 50/5625 | avg train loss 2.1645 top1 0.3825 top5 0.6275
    [04:53:41] step 75/5625 | avg train loss 2.2210 top1 0.3767 top5 0.6367
    [04:53:46] step 100/5625 | avg train loss 2.2203 top1 0.3650 top5 0.6188
    [04:53:51] step 125/5625 | avg train loss 2.2511 top1 0.3440 top5 0.5940
    [04:53:56] step 150/5625 | avg train loss 2.2617 top1 0.3383 top5 0.5958
    [04:54:01] step 175/5625 | avg train loss 2.2682 top1 0.3343 top5 0.6064
    [04:54:07] step 200/5625 | avg train loss 2.2571 top1 0.3419 top5 0.6162
    [04:54:12] step 225/5625 | avg train loss 2.2742 top1 0.3322 top5 0.6022
    [04:54:17] step 250/5625 | avg train loss 2.2479 top1 0.3300 top5 0.6005
    [04:54:22] step 275/5625 | avg train loss 2.2473 top1 0.3309 top5 0.6032
    [04:54:27] step 300/5625 | avg train loss 2.2474 top1 0.3292 top5 0.6000
    [04:54:32] step 325/5625 | avg train loss 2.2543 top1 0.3323 top5 0.6027
    [04:54:37] step 350/5625 | avg train loss 2.2290 top1 0.3339 top5 0.6075
    [04:54:42] step 375/5625 | avg train loss 2.2295 top1 0.3327 top5 0.6063
    [04:54:47] step 400/5625 | avg train loss 2.2272 top1 0.3312 top5 0.6025
    [04:54:53] step 425/5625 | avg train loss 2.2285 top1 0.3315 top5 0.6012
    [04:54:58] step 450/5625 | avg train loss 2.2386 top1 0.3272 top5 0.5992
    [04:55:03] step 475/5625 | avg train loss 2.2377 top1 0.3250 top5 0.5968
    [04:55:08] step 500/5625 | avg train loss 2.2439 top1 0.3227 top5 0.5960
    [04:55:13] step 525/5625 | avg train loss 2.2383 top1 0.3224 top5 0.5976
    [04:55:18] step 550/5625 | avg train loss 2.2432 top1 0.3195 top5 0.5966
    [04:55:23] step 575/5625 | avg train loss 2.2406 top1 0.3198 top5 0.5961
    [04:55:28] step 600/5625 | avg train loss 2.2353 top1 0.3227 top5 0.5975
    [04:55:33] step 625/5625 | avg train loss 2.2310 top1 0.3224 top5 0.5970
    [04:55:38] step 650/5625 | avg train loss 2.2321 top1 0.3221 top5 0.5979
    [04:55:44] step 675/5625 | avg train loss 2.2337 top1 0.3211 top5 0.5976
    [04:55:49] step 700/5625 | avg train loss 2.2408 top1 0.3191 top5 0.5959
    [04:55:54] step 725/5625 | avg train loss 2.2371 top1 0.3191 top5 0.5964
    [04:55:59] step 750/5625 | avg train loss 2.2447 top1 0.3170 top5 0.5935
    [04:56:04] step 775/5625 | avg train loss 2.2480 top1 0.3166 top5 0.5939
    [04:56:09] step 800/5625 | avg train loss 2.2430 top1 0.3192 top5 0.5958
    [04:56:14] step 825/5625 | avg train loss 2.2451 top1 0.3208 top5 0.5974
    [04:56:20] step 850/5625 | avg train loss 2.2374 top1 0.3250 top5 0.5985
    [04:56:25] step 875/5625 | avg train loss 2.2419 top1 0.3231 top5 0.5961
    [04:56:30] step 900/5625 | avg train loss 2.2457 top1 0.3210 top5 0.5922
    [04:56:35] step 925/5625 | avg train loss 2.2394 top1 0.3224 top5 0.5924
    [04:56:40] step 950/5625 | avg train loss 2.2364 top1 0.3230 top5 0.5918
    [04:56:45] step 975/5625 | avg train loss 2.2414 top1 0.3231 top5 0.5944
    [04:56:50] step 1000/5625 | avg train loss 2.2401 top1 0.3245 top5 0.5956
    [04:56:55] step 1025/5625 | avg train loss 2.2394 top1 0.3243 top5 0.5957
    [04:57:00] step 1050/5625 | avg train loss 2.2376 top1 0.3263 top5 0.5982
    [04:57:06] step 1075/5625 | avg train loss 2.2363 top1 0.3273 top5 0.5978
    [04:57:11] step 1100/5625 | avg train loss 2.2341 top1 0.3265 top5 0.5969
    [04:57:16] step 1125/5625 | avg train loss 2.2381 top1 0.3254 top5 0.5944
    [04:57:21] step 1150/5625 | avg train loss 2.2402 top1 0.3261 top5 0.5961
    [04:57:26] step 1175/5625 | avg train loss 2.2417 top1 0.3256 top5 0.5951
    [04:57:31] step 1200/5625 | avg train loss 2.2432 top1 0.3236 top5 0.5928
    [04:57:36] step 1225/5625 | avg train loss 2.2481 top1 0.3240 top5 0.5926
    [04:57:42] step 1250/5625 | avg train loss 2.2521 top1 0.3224 top5 0.5905
    [04:57:47] step 1275/5625 | avg train loss 2.2512 top1 0.3233 top5 0.5923
    [04:57:52] step 1300/5625 | avg train loss 2.2563 top1 0.3214 top5 0.5902
    [04:57:57] step 1325/5625 | avg train loss 2.2575 top1 0.3216 top5 0.5908
    [04:58:02] step 1350/5625 | avg train loss 2.2546 top1 0.3210 top5 0.5890
    [04:58:07] step 1375/5625 | avg train loss 2.2539 top1 0.3210 top5 0.5895
    [04:58:12] step 1400/5625 | avg train loss 2.2487 top1 0.3221 top5 0.5897
    [04:58:17] step 1425/5625 | avg train loss 2.2501 top1 0.3222 top5 0.5908
    [04:58:22] step 1450/5625 | avg train loss 2.2489 top1 0.3209 top5 0.5903
    [04:58:27] step 1475/5625 | avg train loss 2.2512 top1 0.3208 top5 0.5898
    [04:58:33] step 1500/5625 | avg train loss 2.2510 top1 0.3211 top5 0.5902
    [04:58:38] step 1525/5625 | avg train loss 2.2520 top1 0.3198 top5 0.5887
    [04:58:43] step 1550/5625 | avg train loss 2.2498 top1 0.3203 top5 0.5883
    [04:58:48] step 1575/5625 | avg train loss 2.2481 top1 0.3206 top5 0.5886
    [04:58:53] step 1600/5625 | avg train loss 2.2472 top1 0.3203 top5 0.5876
    [04:58:58] step 1625/5625 | avg train loss 2.2450 top1 0.3208 top5 0.5879
    [04:59:03] step 1650/5625 | avg train loss 2.2489 top1 0.3202 top5 0.5867
    [04:59:08] step 1675/5625 | avg train loss 2.2473 top1 0.3209 top5 0.5881
    [04:59:13] step 1700/5625 | avg train loss 2.2497 top1 0.3212 top5 0.5890
    [04:59:19] step 1725/5625 | avg train loss 2.2474 top1 0.3205 top5 0.5883
    [04:59:24] step 1750/5625 | avg train loss 2.2505 top1 0.3199 top5 0.5877
    [04:59:29] step 1775/5625 | avg train loss 2.2528 top1 0.3194 top5 0.5872
    [04:59:34] step 1800/5625 | avg train loss 2.2552 top1 0.3192 top5 0.5876
    [04:59:39] step 1825/5625 | avg train loss 2.2547 top1 0.3184 top5 0.5864
    [04:59:44] step 1850/5625 | avg train loss 2.2545 top1 0.3175 top5 0.5858
    [04:59:49] step 1875/5625 | avg train loss 2.2531 top1 0.3185 top5 0.5857
    [04:59:54] step 1900/5625 | avg train loss 2.2547 top1 0.3172 top5 0.5841
    [04:59:59] step 1925/5625 | avg train loss 2.2558 top1 0.3177 top5 0.5848
    [05:00:04] step 1950/5625 | avg train loss 2.2581 top1 0.3174 top5 0.5848
    [05:00:10] step 1975/5625 | avg train loss 2.2597 top1 0.3168 top5 0.5845
    [05:00:15] step 2000/5625 | avg train loss 2.2593 top1 0.3176 top5 0.5847
    [05:00:20] step 2025/5625 | avg train loss 2.2588 top1 0.3181 top5 0.5844
    [05:00:25] step 2050/5625 | avg train loss 2.2585 top1 0.3185 top5 0.5843
    [05:00:30] step 2075/5625 | avg train loss 2.2576 top1 0.3196 top5 0.5862
    [05:00:35] step 2100/5625 | avg train loss 2.2558 top1 0.3202 top5 0.5875
    [05:00:40] step 2125/5625 | avg train loss 2.2562 top1 0.3206 top5 0.5874
    [05:00:45] step 2150/5625 | avg train loss 2.2536 top1 0.3198 top5 0.5865
    [05:00:51] step 2175/5625 | avg train loss 2.2556 top1 0.3201 top5 0.5874
    [05:00:56] step 2200/5625 | avg train loss 2.2552 top1 0.3206 top5 0.5881
    [05:01:01] step 2225/5625 | avg train loss 2.2539 top1 0.3213 top5 0.5880
    [05:01:06] step 2250/5625 | avg train loss 2.2537 top1 0.3223 top5 0.5892
    [05:01:11] step 2275/5625 | avg train loss 2.2531 top1 0.3218 top5 0.5894
    [05:01:16] step 2300/5625 | avg train loss 2.2522 top1 0.3223 top5 0.5903
    [05:01:21] step 2325/5625 | avg train loss 2.2507 top1 0.3212 top5 0.5894
    [05:01:26] step 2350/5625 | avg train loss 2.2500 top1 0.3222 top5 0.5900
    [05:01:32] step 2375/5625 | avg train loss 2.2495 top1 0.3216 top5 0.5891
    [05:01:37] step 2400/5625 | avg train loss 2.2511 top1 0.3214 top5 0.5891
    [05:01:42] step 2425/5625 | avg train loss 2.2518 top1 0.3213 top5 0.5890
    [05:01:47] step 2450/5625 | avg train loss 2.2523 top1 0.3207 top5 0.5887
    [05:01:52] step 2475/5625 | avg train loss 2.2518 top1 0.3209 top5 0.5880
    [05:01:57] step 2500/5625 | avg train loss 2.2529 top1 0.3213 top5 0.5879
    [05:02:02] step 2525/5625 | avg train loss 2.2538 top1 0.3214 top5 0.5878
    [05:02:07] step 2550/5625 | avg train loss 2.2537 top1 0.3214 top5 0.5873
    [05:02:13] step 2575/5625 | avg train loss 2.2546 top1 0.3215 top5 0.5879
    [05:02:18] step 2600/5625 | avg train loss 2.2527 top1 0.3225 top5 0.5886
    [05:02:23] step 2625/5625 | avg train loss 2.2522 top1 0.3221 top5 0.5882
    [05:02:28] step 2650/5625 | avg train loss 2.2528 top1 0.3219 top5 0.5879
    [05:02:33] step 2675/5625 | avg train loss 2.2510 top1 0.3217 top5 0.5877
    [05:02:38] step 2700/5625 | avg train loss 2.2502 top1 0.3218 top5 0.5877
    [05:02:43] step 2725/5625 | avg train loss 2.2524 top1 0.3211 top5 0.5870
    [05:02:48] step 2750/5625 | avg train loss 2.2548 top1 0.3204 top5 0.5866
    [05:02:53] step 2775/5625 | avg train loss 2.2557 top1 0.3205 top5 0.5866
    [05:02:58] step 2800/5625 | avg train loss 2.2567 top1 0.3200 top5 0.5865
    [05:03:04] step 2825/5625 | avg train loss 2.2557 top1 0.3201 top5 0.5859
    [05:03:09] step 2850/5625 | avg train loss 2.2560 top1 0.3200 top5 0.5863
    [05:03:14] step 2875/5625 | avg train loss 2.2551 top1 0.3204 top5 0.5865
    [05:03:19] step 2900/5625 | avg train loss 2.2556 top1 0.3205 top5 0.5867
    [05:03:24] step 2925/5625 | avg train loss 2.2564 top1 0.3201 top5 0.5862
    [05:03:29] step 2950/5625 | avg train loss 2.2547 top1 0.3200 top5 0.5860
    [05:03:34] step 2975/5625 | avg train loss 2.2558 top1 0.3200 top5 0.5859
    [05:03:39] step 3000/5625 | avg train loss 2.2547 top1 0.3197 top5 0.5860
    [05:03:45] step 3025/5625 | avg train loss 2.2549 top1 0.3193 top5 0.5861
    [05:03:50] step 3050/5625 | avg train loss 2.2548 top1 0.3190 top5 0.5862
    [05:03:55] step 3075/5625 | avg train loss 2.2540 top1 0.3196 top5 0.5869
    [05:04:00] step 3100/5625 | avg train loss 2.2565 top1 0.3188 top5 0.5862
    [05:04:05] step 3125/5625 | avg train loss 2.2563 top1 0.3189 top5 0.5860
    [05:04:10] step 3150/5625 | avg train loss 2.2570 top1 0.3193 top5 0.5860
    [05:04:15] step 3175/5625 | avg train loss 2.2569 top1 0.3192 top5 0.5858
    [05:04:20] step 3200/5625 | avg train loss 2.2568 top1 0.3193 top5 0.5861
    [05:04:25] step 3225/5625 | avg train loss 2.2582 top1 0.3191 top5 0.5863
    [05:04:31] step 3250/5625 | avg train loss 2.2579 top1 0.3190 top5 0.5861
    [05:04:36] step 3275/5625 | avg train loss 2.2586 top1 0.3191 top5 0.5860
    [05:04:41] step 3300/5625 | avg train loss 2.2581 top1 0.3185 top5 0.5855
    [05:04:46] step 3325/5625 | avg train loss 2.2568 top1 0.3184 top5 0.5858
    [05:04:51] step 3350/5625 | avg train loss 2.2566 top1 0.3184 top5 0.5856
    [05:04:56] step 3375/5625 | avg train loss 2.2570 top1 0.3185 top5 0.5860
    [05:05:01] step 3400/5625 | avg train loss 2.2580 top1 0.3184 top5 0.5860
    [05:05:06] step 3425/5625 | avg train loss 2.2591 top1 0.3184 top5 0.5862
    [05:05:11] step 3450/5625 | avg train loss 2.2598 top1 0.3184 top5 0.5858
    [05:05:17] step 3475/5625 | avg train loss 2.2605 top1 0.3182 top5 0.5855
    [05:05:22] step 3500/5625 | avg train loss 2.2605 top1 0.3183 top5 0.5854
    [05:05:27] step 3525/5625 | avg train loss 2.2615 top1 0.3184 top5 0.5853
    [05:05:32] step 3550/5625 | avg train loss 2.2617 top1 0.3181 top5 0.5854
    [05:05:37] step 3575/5625 | avg train loss 2.2619 top1 0.3178 top5 0.5850
    [05:05:42] step 3600/5625 | avg train loss 2.2616 top1 0.3180 top5 0.5852
    [05:05:47] step 3625/5625 | avg train loss 2.2614 top1 0.3179 top5 0.5849
    [05:05:52] step 3650/5625 | avg train loss 2.2616 top1 0.3179 top5 0.5849
    [05:05:57] step 3675/5625 | avg train loss 2.2634 top1 0.3176 top5 0.5847
    [05:06:03] step 3700/5625 | avg train loss 2.2641 top1 0.3174 top5 0.5846
    [05:06:08] step 3725/5625 | avg train loss 2.2642 top1 0.3171 top5 0.5847
    [05:06:13] step 3750/5625 | avg train loss 2.2654 top1 0.3171 top5 0.5848
    [05:06:18] step 3775/5625 | avg train loss 2.2640 top1 0.3181 top5 0.5854
    [05:06:23] step 3800/5625 | avg train loss 2.2639 top1 0.3182 top5 0.5850
    [05:06:28] step 3825/5625 | avg train loss 2.2635 top1 0.3180 top5 0.5849
    [05:06:33] step 3850/5625 | avg train loss 2.2632 top1 0.3185 top5 0.5850
    [05:06:39] step 3875/5625 | avg train loss 2.2642 top1 0.3185 top5 0.5851
    [05:06:44] step 3900/5625 | avg train loss 2.2633 top1 0.3183 top5 0.5852
    [05:06:49] step 3925/5625 | avg train loss 2.2638 top1 0.3178 top5 0.5847
    [05:06:54] step 3950/5625 | avg train loss 2.2648 top1 0.3178 top5 0.5846
    [05:06:59] step 3975/5625 | avg train loss 2.2649 top1 0.3180 top5 0.5849
    [05:07:04] step 4000/5625 | avg train loss 2.2652 top1 0.3181 top5 0.5850
    [05:07:09] step 4025/5625 | avg train loss 2.2657 top1 0.3181 top5 0.5849
    [05:07:14] step 4050/5625 | avg train loss 2.2658 top1 0.3182 top5 0.5848
    [05:07:19] step 4075/5625 | avg train loss 2.2657 top1 0.3186 top5 0.5853
    [05:07:25] step 4100/5625 | avg train loss 2.2660 top1 0.3190 top5 0.5855
    [05:07:30] step 4125/5625 | avg train loss 2.2655 top1 0.3190 top5 0.5856
    [05:07:35] step 4150/5625 | avg train loss 2.2645 top1 0.3193 top5 0.5859
    [05:07:40] step 4175/5625 | avg train loss 2.2652 top1 0.3192 top5 0.5857
    [05:07:45] step 4200/5625 | avg train loss 2.2641 top1 0.3193 top5 0.5859
    [05:07:50] step 4225/5625 | avg train loss 2.2639 top1 0.3193 top5 0.5859
    [05:07:55] step 4250/5625 | avg train loss 2.2640 top1 0.3190 top5 0.5860
    [05:08:00] step 4275/5625 | avg train loss 2.2632 top1 0.3191 top5 0.5861
    [05:08:05] step 4300/5625 | avg train loss 2.2637 top1 0.3193 top5 0.5864
    [05:08:11] step 4325/5625 | avg train loss 2.2634 top1 0.3190 top5 0.5863
    [05:08:16] step 4350/5625 | avg train loss 2.2626 top1 0.3194 top5 0.5866
    [05:08:21] step 4375/5625 | avg train loss 2.2640 top1 0.3189 top5 0.5862
    [05:08:26] step 4400/5625 | avg train loss 2.2635 top1 0.3189 top5 0.5866
    [05:08:31] step 4425/5625 | avg train loss 2.2636 top1 0.3184 top5 0.5861
    [05:08:36] step 4450/5625 | avg train loss 2.2633 top1 0.3185 top5 0.5860
    [05:08:41] step 4475/5625 | avg train loss 2.2625 top1 0.3184 top5 0.5858
    [05:08:46] step 4500/5625 | avg train loss 2.2621 top1 0.3188 top5 0.5864
    [05:08:51] step 4525/5625 | avg train loss 2.2625 top1 0.3190 top5 0.5867
    [05:08:56] step 4550/5625 | avg train loss 2.2616 top1 0.3193 top5 0.5866
    [05:09:02] step 4575/5625 | avg train loss 2.2628 top1 0.3185 top5 0.5860
    [05:09:07] step 4600/5625 | avg train loss 2.2624 top1 0.3183 top5 0.5857
    [05:09:12] step 4625/5625 | avg train loss 2.2630 top1 0.3186 top5 0.5860
    [05:09:17] step 4650/5625 | avg train loss 2.2622 top1 0.3190 top5 0.5860
    [05:09:22] step 4675/5625 | avg train loss 2.2625 top1 0.3189 top5 0.5861
    [05:09:27] step 4700/5625 | avg train loss 2.2625 top1 0.3187 top5 0.5857
    [05:09:32] step 4725/5625 | avg train loss 2.2612 top1 0.3187 top5 0.5855
    [05:09:38] step 4750/5625 | avg train loss 2.2604 top1 0.3186 top5 0.5854
    [05:09:43] step 4775/5625 | avg train loss 2.2606 top1 0.3185 top5 0.5852
    [05:09:48] step 4800/5625 | avg train loss 2.2609 top1 0.3184 top5 0.5853
    [05:09:53] step 4825/5625 | avg train loss 2.2611 top1 0.3184 top5 0.5854
    [05:09:58] step 4850/5625 | avg train loss 2.2620 top1 0.3184 top5 0.5854
    [05:10:03] step 4875/5625 | avg train loss 2.2618 top1 0.3183 top5 0.5855
    [05:10:08] step 4900/5625 | avg train loss 2.2618 top1 0.3182 top5 0.5849
    [05:10:13] step 4925/5625 | avg train loss 2.2625 top1 0.3182 top5 0.5848
    [05:10:19] step 4950/5625 | avg train loss 2.2624 top1 0.3184 top5 0.5851
    [05:10:24] step 4975/5625 | avg train loss 2.2633 top1 0.3183 top5 0.5850
    [05:10:29] step 5000/5625 | avg train loss 2.2627 top1 0.3185 top5 0.5854
    [05:10:34] step 5025/5625 | avg train loss 2.2629 top1 0.3187 top5 0.5856
    [05:10:39] step 5050/5625 | avg train loss 2.2637 top1 0.3185 top5 0.5852
    [05:10:44] step 5075/5625 | avg train loss 2.2630 top1 0.3188 top5 0.5857
    [05:10:49] step 5100/5625 | avg train loss 2.2637 top1 0.3186 top5 0.5857
    [05:10:54] step 5125/5625 | avg train loss 2.2636 top1 0.3186 top5 0.5860
    [05:10:59] step 5150/5625 | avg train loss 2.2638 top1 0.3184 top5 0.5857
    [05:11:05] step 5175/5625 | avg train loss 2.2634 top1 0.3185 top5 0.5855
    [05:11:10] step 5200/5625 | avg train loss 2.2638 top1 0.3185 top5 0.5856
    [05:11:15] step 5225/5625 | avg train loss 2.2637 top1 0.3183 top5 0.5853
    [05:11:20] step 5250/5625 | avg train loss 2.2650 top1 0.3183 top5 0.5853
    [05:11:25] step 5275/5625 | avg train loss 2.2638 top1 0.3182 top5 0.5851
    [05:11:30] step 5300/5625 | avg train loss 2.2643 top1 0.3178 top5 0.5850
    [05:11:35] step 5325/5625 | avg train loss 2.2651 top1 0.3178 top5 0.5850
    [05:11:40] step 5350/5625 | avg train loss 2.2658 top1 0.3177 top5 0.5849
    [05:11:45] step 5375/5625 | avg train loss 2.2656 top1 0.3173 top5 0.5846
    [05:11:51] step 5400/5625 | avg train loss 2.2655 top1 0.3173 top5 0.5846
    [05:11:56] step 5425/5625 | avg train loss 2.2660 top1 0.3173 top5 0.5845
    [05:12:01] step 5450/5625 | avg train loss 2.2664 top1 0.3174 top5 0.5845
    [05:12:06] step 5475/5625 | avg train loss 2.2663 top1 0.3173 top5 0.5841
    [05:12:11] step 5500/5625 | avg train loss 2.2666 top1 0.3173 top5 0.5841
    [05:12:16] step 5525/5625 | avg train loss 2.2663 top1 0.3171 top5 0.5839
    [05:12:21] step 5550/5625 | avg train loss 2.2659 top1 0.3173 top5 0.5841
    [05:12:27] step 5575/5625 | avg train loss 2.2663 top1 0.3172 top5 0.5842
    [05:12:32] step 5600/5625 | avg train loss 2.2661 top1 0.3173 top5 0.5842
    [05:12:37] step 5625/5625 | avg train loss 2.2666 top1 0.3171 top5 0.5839
Epoch 18/50 | train loss 2.2666 top1 0.3171 | val loss 1.9234 top1 0.4446 top5 0.7884 | ema holdout top1 0.3797 top5 0.7260
  No val top1 improvement (1/15); best remains 0.4492
    [05:14:12] step 25/5625 | avg train loss 2.3783 top1 0.2750 top5 0.5500
    [05:14:17] step 50/5625 | avg train loss 2.3513 top1 0.2725 top5 0.5275
    [05:14:22] step 75/5625 | avg train loss 2.2904 top1 0.2817 top5 0.5450
    [05:14:27] step 100/5625 | avg train loss 2.3348 top1 0.2900 top5 0.5525
    [05:14:32] step 125/5625 | avg train loss 2.3087 top1 0.2980 top5 0.5590
    [05:14:38] step 150/5625 | avg train loss 2.3045 top1 0.3083 top5 0.5700
    [05:14:43] step 175/5625 | avg train loss 2.2982 top1 0.3050 top5 0.5650
    [05:14:48] step 200/5625 | avg train loss 2.2860 top1 0.3125 top5 0.5713
    [05:14:53] step 225/5625 | avg train loss 2.2878 top1 0.3100 top5 0.5767
    [05:14:58] step 250/5625 | avg train loss 2.2879 top1 0.3110 top5 0.5740
    [05:15:03] step 275/5625 | avg train loss 2.3048 top1 0.3136 top5 0.5773
    [05:15:08] step 300/5625 | avg train loss 2.2884 top1 0.3267 top5 0.5871
    [05:15:13] step 325/5625 | avg train loss 2.2883 top1 0.3269 top5 0.5892
    [05:15:18] step 350/5625 | avg train loss 2.2890 top1 0.3271 top5 0.5921
    [05:15:23] step 375/5625 | avg train loss 2.2927 top1 0.3250 top5 0.5907
    [05:15:29] step 400/5625 | avg train loss 2.2975 top1 0.3256 top5 0.5928
    [05:15:34] step 425/5625 | avg train loss 2.2937 top1 0.3238 top5 0.5912
    [05:15:39] step 450/5625 | avg train loss 2.2919 top1 0.3206 top5 0.5886
    [05:15:44] step 475/5625 | avg train loss 2.2963 top1 0.3232 top5 0.5892
    [05:15:49] step 500/5625 | avg train loss 2.2903 top1 0.3272 top5 0.5910
    [05:15:54] step 525/5625 | avg train loss 2.2857 top1 0.3283 top5 0.5936
    [05:15:59] step 550/5625 | avg train loss 2.2855 top1 0.3261 top5 0.5873
    [05:16:04] step 575/5625 | avg train loss 2.2764 top1 0.3265 top5 0.5859
    [05:16:09] step 600/5625 | avg train loss 2.2737 top1 0.3233 top5 0.5844
    [05:16:15] step 625/5625 | avg train loss 2.2745 top1 0.3240 top5 0.5834
    [05:16:20] step 650/5625 | avg train loss 2.2727 top1 0.3229 top5 0.5829
    [05:16:25] step 675/5625 | avg train loss 2.2715 top1 0.3250 top5 0.5833
    [05:16:30] step 700/5625 | avg train loss 2.2665 top1 0.3279 top5 0.5854
    [05:16:35] step 725/5625 | avg train loss 2.2658 top1 0.3276 top5 0.5841
    [05:16:40] step 750/5625 | avg train loss 2.2607 top1 0.3275 top5 0.5858
    [05:16:45] step 775/5625 | avg train loss 2.2569 top1 0.3294 top5 0.5882
    [05:16:51] step 800/5625 | avg train loss 2.2634 top1 0.3269 top5 0.5864
    [05:16:56] step 825/5625 | avg train loss 2.2648 top1 0.3264 top5 0.5852
    [05:17:01] step 850/5625 | avg train loss 2.2649 top1 0.3257 top5 0.5854
    [05:17:06] step 875/5625 | avg train loss 2.2578 top1 0.3247 top5 0.5857
    [05:17:11] step 900/5625 | avg train loss 2.2615 top1 0.3247 top5 0.5863
    [05:17:16] step 925/5625 | avg train loss 2.2571 top1 0.3241 top5 0.5855
    [05:17:21] step 950/5625 | avg train loss 2.2517 top1 0.3257 top5 0.5864
    [05:17:26] step 975/5625 | avg train loss 2.2432 top1 0.3282 top5 0.5865
    [05:17:31] step 1000/5625 | avg train loss 2.2504 top1 0.3252 top5 0.5821
    [05:17:36] step 1025/5625 | avg train loss 2.2474 top1 0.3282 top5 0.5840
    [05:17:42] step 1050/5625 | avg train loss 2.2487 top1 0.3280 top5 0.5836
    [05:17:47] step 1075/5625 | avg train loss 2.2497 top1 0.3281 top5 0.5836
    [05:17:52] step 1100/5625 | avg train loss 2.2499 top1 0.3273 top5 0.5836
    [05:17:57] step 1125/5625 | avg train loss 2.2525 top1 0.3257 top5 0.5811
    [05:18:02] step 1150/5625 | avg train loss 2.2520 top1 0.3247 top5 0.5786
    [05:18:07] step 1175/5625 | avg train loss 2.2508 top1 0.3234 top5 0.5769
    [05:18:12] step 1200/5625 | avg train loss 2.2509 top1 0.3231 top5 0.5769
    [05:18:17] step 1225/5625 | avg train loss 2.2524 top1 0.3232 top5 0.5770
    [05:18:22] step 1250/5625 | avg train loss 2.2573 top1 0.3217 top5 0.5751
    [05:18:28] step 1275/5625 | avg train loss 2.2575 top1 0.3216 top5 0.5750
    [05:18:33] step 1300/5625 | avg train loss 2.2607 top1 0.3212 top5 0.5757
    [05:18:38] step 1325/5625 | avg train loss 2.2626 top1 0.3202 top5 0.5743
    [05:18:43] step 1350/5625 | avg train loss 2.2606 top1 0.3203 top5 0.5750
    [05:18:48] step 1375/5625 | avg train loss 2.2613 top1 0.3193 top5 0.5741
    [05:18:53] step 1400/5625 | avg train loss 2.2593 top1 0.3204 top5 0.5754
    [05:18:58] step 1425/5625 | avg train loss 2.2578 top1 0.3213 top5 0.5766
    [05:19:03] step 1450/5625 | avg train loss 2.2584 top1 0.3221 top5 0.5769
    [05:19:08] step 1475/5625 | avg train loss 2.2562 top1 0.3225 top5 0.5782
    [05:19:13] step 1500/5625 | avg train loss 2.2574 top1 0.3217 top5 0.5770
    [05:19:18] step 1525/5625 | avg train loss 2.2603 top1 0.3215 top5 0.5776
    [05:19:24] step 1550/5625 | avg train loss 2.2633 top1 0.3211 top5 0.5773
    [05:19:29] step 1575/5625 | avg train loss 2.2612 top1 0.3210 top5 0.5772
    [05:19:34] step 1600/5625 | avg train loss 2.2598 top1 0.3212 top5 0.5776
    [05:19:39] step 1625/5625 | avg train loss 2.2567 top1 0.3222 top5 0.5791
    [05:19:44] step 1650/5625 | avg train loss 2.2589 top1 0.3213 top5 0.5790
    [05:19:49] step 1675/5625 | avg train loss 2.2561 top1 0.3225 top5 0.5806
    [05:19:54] step 1700/5625 | avg train loss 2.2564 top1 0.3229 top5 0.5810
    [05:20:00] step 1725/5625 | avg train loss 2.2568 top1 0.3232 top5 0.5807
    [05:20:05] step 1750/5625 | avg train loss 2.2559 top1 0.3234 top5 0.5805
    [05:20:10] step 1775/5625 | avg train loss 2.2565 top1 0.3223 top5 0.5801
    [05:20:15] step 1800/5625 | avg train loss 2.2551 top1 0.3225 top5 0.5810
    [05:20:20] step 1825/5625 | avg train loss 2.2524 top1 0.3228 top5 0.5812
    [05:20:25] step 1850/5625 | avg train loss 2.2499 top1 0.3236 top5 0.5818
    [05:20:30] step 1875/5625 | avg train loss 2.2488 top1 0.3238 top5 0.5819
    [05:20:35] step 1900/5625 | avg train loss 2.2502 top1 0.3232 top5 0.5812
    [05:20:40] step 1925/5625 | avg train loss 2.2499 top1 0.3225 top5 0.5801
    [05:20:46] step 1950/5625 | avg train loss 2.2536 top1 0.3217 top5 0.5788
    [05:20:51] step 1975/5625 | avg train loss 2.2538 top1 0.3216 top5 0.5790
    [05:20:56] step 2000/5625 | avg train loss 2.2549 top1 0.3216 top5 0.5793
    [05:21:01] step 2025/5625 | avg train loss 2.2540 top1 0.3222 top5 0.5799
    [05:21:06] step 2050/5625 | avg train loss 2.2534 top1 0.3229 top5 0.5803
    [05:21:11] step 2075/5625 | avg train loss 2.2545 top1 0.3225 top5 0.5803
    [05:21:16] step 2100/5625 | avg train loss 2.2538 top1 0.3230 top5 0.5808
    [05:21:21] step 2125/5625 | avg train loss 2.2533 top1 0.3239 top5 0.5821
    [05:21:26] step 2150/5625 | avg train loss 2.2546 top1 0.3230 top5 0.5813
    [05:21:32] step 2175/5625 | avg train loss 2.2556 top1 0.3232 top5 0.5813
    [05:21:37] step 2200/5625 | avg train loss 2.2542 top1 0.3229 top5 0.5803
    [05:21:42] step 2225/5625 | avg train loss 2.2561 top1 0.3224 top5 0.5799
    [05:21:47] step 2250/5625 | avg train loss 2.2558 top1 0.3220 top5 0.5795
    [05:21:52] step 2275/5625 | avg train loss 2.2548 top1 0.3217 top5 0.5795
    [05:21:57] step 2300/5625 | avg train loss 2.2564 top1 0.3210 top5 0.5791
    [05:22:02] step 2325/5625 | avg train loss 2.2577 top1 0.3210 top5 0.5796
    [05:22:07] step 2350/5625 | avg train loss 2.2577 top1 0.3210 top5 0.5798
    [05:22:12] step 2375/5625 | avg train loss 2.2574 top1 0.3209 top5 0.5795
    [05:22:18] step 2400/5625 | avg train loss 2.2589 top1 0.3201 top5 0.5792
    [05:22:23] step 2425/5625 | avg train loss 2.2577 top1 0.3202 top5 0.5789
    [05:22:28] step 2450/5625 | avg train loss 2.2580 top1 0.3195 top5 0.5787
    [05:22:33] step 2475/5625 | avg train loss 2.2586 top1 0.3191 top5 0.5780
    [05:22:38] step 2500/5625 | avg train loss 2.2586 top1 0.3196 top5 0.5783
    [05:22:43] step 2525/5625 | avg train loss 2.2590 top1 0.3194 top5 0.5778
    [05:22:48] step 2550/5625 | avg train loss 2.2583 top1 0.3199 top5 0.5779
    [05:22:54] step 2575/5625 | avg train loss 2.2585 top1 0.3202 top5 0.5783
    [05:22:59] step 2600/5625 | avg train loss 2.2570 top1 0.3210 top5 0.5793
    [05:23:04] step 2625/5625 | avg train loss 2.2565 top1 0.3202 top5 0.5783
    [05:23:09] step 2650/5625 | avg train loss 2.2560 top1 0.3209 top5 0.5787
    [05:23:14] step 2675/5625 | avg train loss 2.2575 top1 0.3202 top5 0.5788
    [05:23:19] step 2700/5625 | avg train loss 2.2567 top1 0.3206 top5 0.5793
    [05:23:24] step 2725/5625 | avg train loss 2.2575 top1 0.3204 top5 0.5791
    [05:23:29] step 2750/5625 | avg train loss 2.2573 top1 0.3205 top5 0.5796
    [05:23:34] step 2775/5625 | avg train loss 2.2572 top1 0.3206 top5 0.5791
    [05:23:39] step 2800/5625 | avg train loss 2.2581 top1 0.3200 top5 0.5785
    [05:23:45] step 2825/5625 | avg train loss 2.2577 top1 0.3200 top5 0.5786
    [05:23:50] step 2850/5625 | avg train loss 2.2567 top1 0.3205 top5 0.5797
    [05:23:55] step 2875/5625 | avg train loss 2.2567 top1 0.3200 top5 0.5796
    [05:24:00] step 2900/5625 | avg train loss 2.2578 top1 0.3191 top5 0.5788
    [05:24:05] step 2925/5625 | avg train loss 2.2584 top1 0.3189 top5 0.5785
    [05:24:10] step 2950/5625 | avg train loss 2.2586 top1 0.3192 top5 0.5791
    [05:24:15] step 2975/5625 | avg train loss 2.2577 top1 0.3194 top5 0.5795
    [05:24:20] step 3000/5625 | avg train loss 2.2568 top1 0.3192 top5 0.5794
    [05:24:26] step 3025/5625 | avg train loss 2.2569 top1 0.3194 top5 0.5798
    [05:24:31] step 3050/5625 | avg train loss 2.2566 top1 0.3197 top5 0.5802
    [05:24:36] step 3075/5625 | avg train loss 2.2567 top1 0.3198 top5 0.5807
    [05:24:41] step 3100/5625 | avg train loss 2.2571 top1 0.3200 top5 0.5806
    [05:24:46] step 3125/5625 | avg train loss 2.2560 top1 0.3205 top5 0.5810
    [05:24:51] step 3150/5625 | avg train loss 2.2544 top1 0.3205 top5 0.5810
    [05:24:56] step 3175/5625 | avg train loss 2.2565 top1 0.3202 top5 0.5807
    [05:25:01] step 3200/5625 | avg train loss 2.2582 top1 0.3201 top5 0.5804
    [05:25:06] step 3225/5625 | avg train loss 2.2583 top1 0.3200 top5 0.5803
    [05:25:11] step 3250/5625 | avg train loss 2.2594 top1 0.3193 top5 0.5800
    [05:25:17] step 3275/5625 | avg train loss 2.2594 top1 0.3192 top5 0.5800
    [05:25:22] step 3300/5625 | avg train loss 2.2592 top1 0.3196 top5 0.5803
    [05:25:27] step 3325/5625 | avg train loss 2.2588 top1 0.3195 top5 0.5803
    [05:25:32] step 3350/5625 | avg train loss 2.2596 top1 0.3194 top5 0.5800
    [05:25:37] step 3375/5625 | avg train loss 2.2596 top1 0.3197 top5 0.5801
    [05:25:42] step 3400/5625 | avg train loss 2.2591 top1 0.3199 top5 0.5804
    [05:25:47] step 3425/5625 | avg train loss 2.2576 top1 0.3207 top5 0.5813
    [05:25:52] step 3450/5625 | avg train loss 2.2576 top1 0.3204 top5 0.5809
    [05:25:58] step 3475/5625 | avg train loss 2.2583 top1 0.3205 top5 0.5814
    [05:26:03] step 3500/5625 | avg train loss 2.2597 top1 0.3201 top5 0.5804
    [05:26:08] step 3525/5625 | avg train loss 2.2607 top1 0.3199 top5 0.5801
    [05:26:13] step 3550/5625 | avg train loss 2.2602 top1 0.3198 top5 0.5800
    [05:26:18] step 3575/5625 | avg train loss 2.2609 top1 0.3199 top5 0.5800
    [05:26:23] step 3600/5625 | avg train loss 2.2617 top1 0.3199 top5 0.5798
    [05:26:28] step 3625/5625 | avg train loss 2.2615 top1 0.3199 top5 0.5800
    [05:26:33] step 3650/5625 | avg train loss 2.2612 top1 0.3200 top5 0.5803
    [05:26:38] step 3675/5625 | avg train loss 2.2625 top1 0.3198 top5 0.5805
    [05:26:43] step 3700/5625 | avg train loss 2.2625 top1 0.3196 top5 0.5805
    [05:26:49] step 3725/5625 | avg train loss 2.2633 top1 0.3193 top5 0.5803
    [05:26:54] step 3750/5625 | avg train loss 2.2638 top1 0.3195 top5 0.5802
    [05:26:59] step 3775/5625 | avg train loss 2.2632 top1 0.3196 top5 0.5807
    [05:27:04] step 3800/5625 | avg train loss 2.2636 top1 0.3195 top5 0.5811
    [05:27:09] step 3825/5625 | avg train loss 2.2627 top1 0.3196 top5 0.5812
    [05:27:14] step 3850/5625 | avg train loss 2.2630 top1 0.3190 top5 0.5805
    [05:27:19] step 3875/5625 | avg train loss 2.2635 top1 0.3188 top5 0.5803
    [05:27:24] step 3900/5625 | avg train loss 2.2644 top1 0.3184 top5 0.5801
    [05:27:29] step 3925/5625 | avg train loss 2.2654 top1 0.3183 top5 0.5803
    [05:27:34] step 3950/5625 | avg train loss 2.2660 top1 0.3178 top5 0.5797
    [05:27:39] step 3975/5625 | avg train loss 2.2658 top1 0.3178 top5 0.5796
    [05:27:45] step 4000/5625 | avg train loss 2.2656 top1 0.3178 top5 0.5798
    [05:27:50] step 4025/5625 | avg train loss 2.2648 top1 0.3177 top5 0.5799
    [05:27:55] step 4050/5625 | avg train loss 2.2636 top1 0.3177 top5 0.5797
    [05:28:00] step 4075/5625 | avg train loss 2.2636 top1 0.3176 top5 0.5795
    [05:28:05] step 4100/5625 | avg train loss 2.2636 top1 0.3177 top5 0.5797
    [05:28:10] step 4125/5625 | avg train loss 2.2636 top1 0.3175 top5 0.5798
    [05:28:15] step 4150/5625 | avg train loss 2.2635 top1 0.3175 top5 0.5798
    [05:28:20] step 4175/5625 | avg train loss 2.2631 top1 0.3172 top5 0.5799
    [05:28:25] step 4200/5625 | avg train loss 2.2644 top1 0.3171 top5 0.5795
    [05:28:31] step 4225/5625 | avg train loss 2.2639 top1 0.3171 top5 0.5794
    [05:28:36] step 4250/5625 | avg train loss 2.2646 top1 0.3174 top5 0.5795
    [05:28:41] step 4275/5625 | avg train loss 2.2650 top1 0.3173 top5 0.5793
    [05:28:46] step 4300/5625 | avg train loss 2.2650 top1 0.3172 top5 0.5794
    [05:28:51] step 4325/5625 | avg train loss 2.2636 top1 0.3173 top5 0.5796
    [05:28:56] step 4350/5625 | avg train loss 2.2638 top1 0.3174 top5 0.5799
    [05:29:01] step 4375/5625 | avg train loss 2.2633 top1 0.3170 top5 0.5796
    [05:29:06] step 4400/5625 | avg train loss 2.2635 top1 0.3172 top5 0.5802
    [05:29:11] step 4425/5625 | avg train loss 2.2638 top1 0.3171 top5 0.5801
    [05:29:16] step 4450/5625 | avg train loss 2.2637 top1 0.3171 top5 0.5802
    [05:29:21] step 4475/5625 | avg train loss 2.2642 top1 0.3167 top5 0.5799
    [05:29:26] step 4500/5625 | avg train loss 2.2632 top1 0.3174 top5 0.5802
    [05:29:32] step 4525/5625 | avg train loss 2.2629 top1 0.3174 top5 0.5805
    [05:29:37] step 4550/5625 | avg train loss 2.2633 top1 0.3173 top5 0.5806
    [05:29:42] step 4575/5625 | avg train loss 2.2628 top1 0.3174 top5 0.5807
    [05:29:47] step 4600/5625 | avg train loss 2.2622 top1 0.3170 top5 0.5804
    [05:29:52] step 4625/5625 | avg train loss 2.2622 top1 0.3171 top5 0.5806
    [05:29:57] step 4650/5625 | avg train loss 2.2629 top1 0.3168 top5 0.5803
    [05:30:02] step 4675/5625 | avg train loss 2.2623 top1 0.3168 top5 0.5803
    [05:30:07] step 4700/5625 | avg train loss 2.2631 top1 0.3166 top5 0.5799
    [05:30:12] step 4725/5625 | avg train loss 2.2631 top1 0.3168 top5 0.5801
    [05:30:17] step 4750/5625 | avg train loss 2.2625 top1 0.3172 top5 0.5803
    [05:30:23] step 4775/5625 | avg train loss 2.2625 top1 0.3167 top5 0.5799
    [05:30:28] step 4800/5625 | avg train loss 2.2624 top1 0.3169 top5 0.5801
    [05:30:33] step 4825/5625 | avg train loss 2.2627 top1 0.3170 top5 0.5803
    [05:30:38] step 4850/5625 | avg train loss 2.2625 top1 0.3170 top5 0.5804
    [05:30:43] step 4875/5625 | avg train loss 2.2614 top1 0.3172 top5 0.5807
    [05:30:48] step 4900/5625 | avg train loss 2.2612 top1 0.3172 top5 0.5809
    [05:30:53] step 4925/5625 | avg train loss 2.2615 top1 0.3172 top5 0.5807
    [05:30:58] step 4950/5625 | avg train loss 2.2614 top1 0.3171 top5 0.5810
    [05:31:03] step 4975/5625 | avg train loss 2.2621 top1 0.3169 top5 0.5810
    [05:31:08] step 5000/5625 | avg train loss 2.2621 top1 0.3167 top5 0.5810
    [05:31:14] step 5025/5625 | avg train loss 2.2624 top1 0.3167 top5 0.5808
    [05:31:19] step 5050/5625 | avg train loss 2.2625 top1 0.3167 top5 0.5811
    [05:31:24] step 5075/5625 | avg train loss 2.2625 top1 0.3170 top5 0.5813
    [05:31:29] step 5100/5625 | avg train loss 2.2624 top1 0.3169 top5 0.5809
    [05:31:34] step 5125/5625 | avg train loss 2.2618 top1 0.3174 top5 0.5812
    [05:31:39] step 5150/5625 | avg train loss 2.2616 top1 0.3176 top5 0.5817
    [05:31:44] step 5175/5625 | avg train loss 2.2616 top1 0.3176 top5 0.5818
    [05:31:49] step 5200/5625 | avg train loss 2.2604 top1 0.3180 top5 0.5821
    [05:31:54] step 5225/5625 | avg train loss 2.2613 top1 0.3178 top5 0.5820
    [05:32:00] step 5250/5625 | avg train loss 2.2603 top1 0.3183 top5 0.5825
    [05:32:05] step 5275/5625 | avg train loss 2.2601 top1 0.3184 top5 0.5825
    [05:32:10] step 5300/5625 | avg train loss 2.2603 top1 0.3183 top5 0.5825
    [05:32:15] step 5325/5625 | avg train loss 2.2607 top1 0.3185 top5 0.5826
    [05:32:20] step 5350/5625 | avg train loss 2.2601 top1 0.3188 top5 0.5826
    [05:32:25] step 5375/5625 | avg train loss 2.2595 top1 0.3188 top5 0.5825
    [05:32:30] step 5400/5625 | avg train loss 2.2587 top1 0.3188 top5 0.5826
    [05:32:35] step 5425/5625 | avg train loss 2.2584 top1 0.3190 top5 0.5827
    [05:32:40] step 5450/5625 | avg train loss 2.2587 top1 0.3188 top5 0.5826
    [05:32:45] step 5475/5625 | avg train loss 2.2581 top1 0.3186 top5 0.5824
    [05:32:51] step 5500/5625 | avg train loss 2.2581 top1 0.3183 top5 0.5822
    [05:32:56] step 5525/5625 | avg train loss 2.2580 top1 0.3179 top5 0.5821
    [05:33:01] step 5550/5625 | avg train loss 2.2582 top1 0.3176 top5 0.5817
    [05:33:06] step 5575/5625 | avg train loss 2.2582 top1 0.3176 top5 0.5814
    [05:33:11] step 5600/5625 | avg train loss 2.2587 top1 0.3175 top5 0.5814
    [05:33:16] step 5625/5625 | avg train loss 2.2585 top1 0.3176 top5 0.5814
Epoch 19/50 | train loss 2.2585 top1 0.3176 | val loss 1.9137 top1 0.4627 top5 0.7889 | ema holdout top1 0.3945 top5 0.7440
  Saved new best checkpoint (live): /Data/romain.poggi/smth2smth/checkpoints/track_a/videomaev2+ft/meanpool-mae150-s44.pt (val top1=0.4627)
    [05:34:52] step 25/5625 | avg train loss 2.0616 top1 0.3500 top5 0.5850
    [05:34:57] step 50/5625 | avg train loss 2.1352 top1 0.3075 top5 0.5600
    [05:35:02] step 75/5625 | avg train loss 2.2227 top1 0.3200 top5 0.5833
    [05:35:07] step 100/5625 | avg train loss 2.2624 top1 0.3200 top5 0.5825
    [05:35:12] step 125/5625 | avg train loss 2.2628 top1 0.3200 top5 0.5820
    [05:35:17] step 150/5625 | avg train loss 2.2477 top1 0.3333 top5 0.5917
    [05:35:22] step 175/5625 | avg train loss 2.2322 top1 0.3343 top5 0.6000
    [05:35:27] step 200/5625 | avg train loss 2.2363 top1 0.3219 top5 0.5962
    [05:35:33] step 225/5625 | avg train loss 2.2248 top1 0.3206 top5 0.5944
    [05:35:38] step 250/5625 | avg train loss 2.2313 top1 0.3225 top5 0.5990
    [05:35:43] step 275/5625 | avg train loss 2.2260 top1 0.3191 top5 0.5968
    [05:35:48] step 300/5625 | avg train loss 2.2329 top1 0.3204 top5 0.5967
    [05:35:53] step 325/5625 | avg train loss 2.2316 top1 0.3219 top5 0.5942
    [05:35:58] step 350/5625 | avg train loss 2.2361 top1 0.3250 top5 0.5968
    [05:36:03] step 375/5625 | avg train loss 2.2324 top1 0.3263 top5 0.5973
    [05:36:08] step 400/5625 | avg train loss 2.2306 top1 0.3275 top5 0.5994
    [05:36:14] step 425/5625 | avg train loss 2.2211 top1 0.3309 top5 0.6053
    [05:36:19] step 450/5625 | avg train loss 2.2260 top1 0.3283 top5 0.6008
    [05:36:24] step 475/5625 | avg train loss 2.2413 top1 0.3239 top5 0.5966
    [05:36:29] step 500/5625 | avg train loss 2.2427 top1 0.3217 top5 0.5975
    [05:36:34] step 525/5625 | avg train loss 2.2470 top1 0.3248 top5 0.5988
    [05:36:39] step 550/5625 | avg train loss 2.2387 top1 0.3261 top5 0.5982
    [05:36:44] step 575/5625 | avg train loss 2.2368 top1 0.3302 top5 0.5996
    [05:36:49] step 600/5625 | avg train loss 2.2470 top1 0.3265 top5 0.5967
    [05:36:54] step 625/5625 | avg train loss 2.2430 top1 0.3278 top5 0.5962
    [05:37:00] step 650/5625 | avg train loss 2.2503 top1 0.3254 top5 0.5942
    [05:37:05] step 675/5625 | avg train loss 2.2480 top1 0.3248 top5 0.5917
    [05:37:10] step 700/5625 | avg train loss 2.2440 top1 0.3229 top5 0.5887
    [05:37:15] step 725/5625 | avg train loss 2.2404 top1 0.3236 top5 0.5878
    [05:37:20] step 750/5625 | avg train loss 2.2457 top1 0.3228 top5 0.5862
    [05:37:25] step 775/5625 | avg train loss 2.2428 top1 0.3224 top5 0.5853
    [05:37:30] step 800/5625 | avg train loss 2.2450 top1 0.3228 top5 0.5836
    [05:37:35] step 825/5625 | avg train loss 2.2410 top1 0.3233 top5 0.5844
    [05:37:41] step 850/5625 | avg train loss 2.2366 top1 0.3231 top5 0.5844
    [05:37:46] step 875/5625 | avg train loss 2.2440 top1 0.3224 top5 0.5843
    [05:37:51] step 900/5625 | avg train loss 2.2447 top1 0.3214 top5 0.5839
    [05:37:56] step 925/5625 | avg train loss 2.2434 top1 0.3220 top5 0.5828
    [05:38:01] step 950/5625 | avg train loss 2.2460 top1 0.3217 top5 0.5826
    [05:38:06] step 975/5625 | avg train loss 2.2497 top1 0.3221 top5 0.5828
    [05:38:11] step 1000/5625 | avg train loss 2.2440 top1 0.3230 top5 0.5837
    [05:38:16] step 1025/5625 | avg train loss 2.2441 top1 0.3230 top5 0.5834
    [05:38:21] step 1050/5625 | avg train loss 2.2414 top1 0.3226 top5 0.5833
    [05:38:26] step 1075/5625 | avg train loss 2.2411 top1 0.3209 top5 0.5830
    [05:38:32] step 1100/5625 | avg train loss 2.2432 top1 0.3222 top5 0.5843
    [05:38:37] step 1125/5625 | avg train loss 2.2387 top1 0.3230 top5 0.5859
    [05:38:42] step 1150/5625 | avg train loss 2.2404 top1 0.3230 top5 0.5862
    [05:38:47] step 1175/5625 | avg train loss 2.2396 top1 0.3227 top5 0.5865
    [05:38:52] step 1200/5625 | avg train loss 2.2427 top1 0.3231 top5 0.5859
    [05:38:57] step 1225/5625 | avg train loss 2.2426 top1 0.3217 top5 0.5847
    [05:39:02] step 1250/5625 | avg train loss 2.2429 top1 0.3213 top5 0.5835
    [05:39:08] step 1275/5625 | avg train loss 2.2419 top1 0.3221 top5 0.5835
    [05:39:13] step 1300/5625 | avg train loss 2.2440 top1 0.3224 top5 0.5845
    [05:39:18] step 1325/5625 | avg train loss 2.2446 top1 0.3223 top5 0.5836
    [05:39:23] step 1350/5625 | avg train loss 2.2416 top1 0.3238 top5 0.5851
    [05:39:28] step 1375/5625 | avg train loss 2.2413 top1 0.3246 top5 0.5865
    [05:39:33] step 1400/5625 | avg train loss 2.2376 top1 0.3241 top5 0.5854
    [05:39:38] step 1425/5625 | avg train loss 2.2408 top1 0.3239 top5 0.5862
    [05:39:43] step 1450/5625 | avg train loss 2.2432 top1 0.3237 top5 0.5853
    [05:39:48] step 1475/5625 | avg train loss 2.2434 top1 0.3231 top5 0.5853
    [05:39:53] step 1500/5625 | avg train loss 2.2435 top1 0.3229 top5 0.5852
    [05:39:58] step 1525/5625 | avg train loss 2.2433 top1 0.3217 top5 0.5836
    [05:40:04] step 1550/5625 | avg train loss 2.2433 top1 0.3215 top5 0.5832
    [05:40:09] step 1575/5625 | avg train loss 2.2488 top1 0.3202 top5 0.5824
    [05:40:14] step 1600/5625 | avg train loss 2.2467 top1 0.3199 top5 0.5818
    [05:40:19] step 1625/5625 | avg train loss 2.2450 top1 0.3212 top5 0.5825
    [05:40:24] step 1650/5625 | avg train loss 2.2435 top1 0.3218 top5 0.5832
    [05:40:29] step 1675/5625 | avg train loss 2.2425 top1 0.3213 top5 0.5830
    [05:40:34] step 1700/5625 | avg train loss 2.2404 top1 0.3227 top5 0.5840
    [05:40:39] step 1725/5625 | avg train loss 2.2416 top1 0.3222 top5 0.5840
    [05:40:44] step 1750/5625 | avg train loss 2.2407 top1 0.3221 top5 0.5839
    [05:40:49] step 1775/5625 | avg train loss 2.2399 top1 0.3225 top5 0.5846
    [05:40:55] step 1800/5625 | avg train loss 2.2377 top1 0.3235 top5 0.5861
    [05:41:00] step 1825/5625 | avg train loss 2.2363 top1 0.3243 top5 0.5871
    [05:41:05] step 1850/5625 | avg train loss 2.2336 top1 0.3255 top5 0.5879
    [05:41:10] step 1875/5625 | avg train loss 2.2331 top1 0.3258 top5 0.5879
    [05:41:15] step 1900/5625 | avg train loss 2.2344 top1 0.3256 top5 0.5877
    [05:41:20] step 1925/5625 | avg train loss 2.2336 top1 0.3255 top5 0.5877
    [05:41:25] step 1950/5625 | avg train loss 2.2328 top1 0.3250 top5 0.5874
    [05:41:30] step 1975/5625 | avg train loss 2.2318 top1 0.3252 top5 0.5873
    [05:41:35] step 2000/5625 | avg train loss 2.2332 top1 0.3246 top5 0.5868
    [05:41:40] step 2025/5625 | avg train loss 2.2316 top1 0.3249 top5 0.5873
    [05:41:46] step 2050/5625 | avg train loss 2.2322 top1 0.3254 top5 0.5874
    [05:41:51] step 2075/5625 | avg train loss 2.2332 top1 0.3255 top5 0.5879
    [05:41:56] step 2100/5625 | avg train loss 2.2331 top1 0.3249 top5 0.5873
    [05:42:01] step 2125/5625 | avg train loss 2.2319 top1 0.3249 top5 0.5869
    [05:42:06] step 2150/5625 | avg train loss 2.2341 top1 0.3245 top5 0.5862
    [05:42:11] step 2175/5625 | avg train loss 2.2326 top1 0.3241 top5 0.5856
    [05:42:16] step 2200/5625 | avg train loss 2.2308 top1 0.3235 top5 0.5855
    [05:42:21] step 2225/5625 | avg train loss 2.2292 top1 0.3235 top5 0.5860
    [05:42:26] step 2250/5625 | avg train loss 2.2280 top1 0.3231 top5 0.5855
    [05:42:31] step 2275/5625 | avg train loss 2.2277 top1 0.3234 top5 0.5853
    [05:42:37] step 2300/5625 | avg train loss 2.2275 top1 0.3235 top5 0.5856
    [05:42:42] step 2325/5625 | avg train loss 2.2304 top1 0.3225 top5 0.5842
    [05:42:47] step 2350/5625 | avg train loss 2.2284 top1 0.3227 top5 0.5848
    [05:42:52] step 2375/5625 | avg train loss 2.2278 top1 0.3233 top5 0.5855
    [05:42:57] step 2400/5625 | avg train loss 2.2277 top1 0.3221 top5 0.5845
    [05:43:02] step 2425/5625 | avg train loss 2.2272 top1 0.3226 top5 0.5848
    [05:43:07] step 2450/5625 | avg train loss 2.2290 top1 0.3223 top5 0.5844
    [05:43:12] step 2475/5625 | avg train loss 2.2296 top1 0.3229 top5 0.5850
    [05:43:17] step 2500/5625 | avg train loss 2.2298 top1 0.3227 top5 0.5847
    [05:43:22] step 2525/5625 | avg train loss 2.2289 top1 0.3237 top5 0.5855
    [05:43:27] step 2550/5625 | avg train loss 2.2279 top1 0.3245 top5 0.5862
    [05:43:33] step 2575/5625 | avg train loss 2.2284 top1 0.3242 top5 0.5864
    [05:43:38] step 2600/5625 | avg train loss 2.2287 top1 0.3237 top5 0.5860
    [05:43:43] step 2625/5625 | avg train loss 2.2299 top1 0.3237 top5 0.5862
    [05:43:48] step 2650/5625 | avg train loss 2.2285 top1 0.3240 top5 0.5863
    [05:43:53] step 2675/5625 | avg train loss 2.2259 top1 0.3247 top5 0.5875
    [05:43:58] step 2700/5625 | avg train loss 2.2262 top1 0.3248 top5 0.5879
    [05:44:03] step 2725/5625 | avg train loss 2.2276 top1 0.3246 top5 0.5879
    [05:44:08] step 2750/5625 | avg train loss 2.2288 top1 0.3243 top5 0.5878
    [05:44:13] step 2775/5625 | avg train loss 2.2283 top1 0.3244 top5 0.5882
    [05:44:18] step 2800/5625 | avg train loss 2.2270 top1 0.3251 top5 0.5890
    [05:44:23] step 2825/5625 | avg train loss 2.2285 top1 0.3243 top5 0.5881
    [05:44:29] step 2850/5625 | avg train loss 2.2278 top1 0.3243 top5 0.5882
    [05:44:34] step 2875/5625 | avg train loss 2.2258 top1 0.3249 top5 0.5889
    [05:44:39] step 2900/5625 | avg train loss 2.2263 top1 0.3249 top5 0.5887
    [05:44:44] step 2925/5625 | avg train loss 2.2268 top1 0.3251 top5 0.5884
    [05:44:49] step 2950/5625 | avg train loss 2.2256 top1 0.3246 top5 0.5877
    [05:44:54] step 2975/5625 | avg train loss 2.2248 top1 0.3245 top5 0.5878
    [05:44:59] step 3000/5625 | avg train loss 2.2260 top1 0.3237 top5 0.5872
    [05:45:04] step 3025/5625 | avg train loss 2.2243 top1 0.3237 top5 0.5874
    [05:45:09] step 3050/5625 | avg train loss 2.2256 top1 0.3234 top5 0.5874
    [05:45:15] step 3075/5625 | avg train loss 2.2263 top1 0.3239 top5 0.5881
    [05:45:20] step 3100/5625 | avg train loss 2.2270 top1 0.3240 top5 0.5882
    [05:45:25] step 3125/5625 | avg train loss 2.2276 top1 0.3242 top5 0.5887
    [05:45:30] step 3150/5625 | avg train loss 2.2290 top1 0.3240 top5 0.5885
    [05:45:35] step 3175/5625 | avg train loss 2.2287 top1 0.3238 top5 0.5883
    [05:45:40] step 3200/5625 | avg train loss 2.2285 top1 0.3242 top5 0.5887
    [05:45:45] step 3225/5625 | avg train loss 2.2284 top1 0.3241 top5 0.5885
    [05:45:50] step 3250/5625 | avg train loss 2.2288 top1 0.3237 top5 0.5881
    [05:45:55] step 3275/5625 | avg train loss 2.2302 top1 0.3231 top5 0.5876
    [05:46:00] step 3300/5625 | avg train loss 2.2305 top1 0.3236 top5 0.5878
    [05:46:06] step 3325/5625 | avg train loss 2.2307 top1 0.3240 top5 0.5885
    [05:46:11] step 3350/5625 | avg train loss 2.2304 top1 0.3240 top5 0.5885
    [05:46:16] step 3375/5625 | avg train loss 2.2302 top1 0.3243 top5 0.5890
    [05:46:21] step 3400/5625 | avg train loss 2.2314 top1 0.3240 top5 0.5889
    [05:46:26] step 3425/5625 | avg train loss 2.2307 top1 0.3238 top5 0.5887
    [05:46:31] step 3450/5625 | avg train loss 2.2301 top1 0.3239 top5 0.5893
    [05:46:36] step 3475/5625 | avg train loss 2.2304 top1 0.3240 top5 0.5894
    [05:46:41] step 3500/5625 | avg train loss 2.2310 top1 0.3241 top5 0.5892
    [05:46:46] step 3525/5625 | avg train loss 2.2295 top1 0.3247 top5 0.5897
    [05:46:51] step 3550/5625 | avg train loss 2.2300 top1 0.3243 top5 0.5898
    [05:46:56] step 3575/5625 | avg train loss 2.2300 top1 0.3246 top5 0.5901
    [05:47:02] step 3600/5625 | avg train loss 2.2295 top1 0.3247 top5 0.5903
    [05:47:07] step 3625/5625 | avg train loss 2.2300 top1 0.3243 top5 0.5898
    [05:47:12] step 3650/5625 | avg train loss 2.2298 top1 0.3246 top5 0.5900
    [05:47:17] step 3675/5625 | avg train loss 2.2299 top1 0.3246 top5 0.5903
    [05:47:22] step 3700/5625 | avg train loss 2.2306 top1 0.3243 top5 0.5902
    [05:47:27] step 3725/5625 | avg train loss 2.2321 top1 0.3242 top5 0.5902
    [05:47:32] step 3750/5625 | avg train loss 2.2333 top1 0.3244 top5 0.5906
    [05:47:37] step 3775/5625 | avg train loss 2.2340 top1 0.3245 top5 0.5910
    [05:47:42] step 3800/5625 | avg train loss 2.2346 top1 0.3246 top5 0.5908
    [05:47:47] step 3825/5625 | avg train loss 2.2345 top1 0.3244 top5 0.5909
    [05:47:53] step 3850/5625 | avg train loss 2.2339 top1 0.3246 top5 0.5912
    [05:47:58] step 3875/5625 | avg train loss 2.2324 top1 0.3246 top5 0.5914
    [05:48:03] step 3900/5625 | avg train loss 2.2321 top1 0.3246 top5 0.5913
    [05:48:08] step 3925/5625 | avg train loss 2.2315 top1 0.3248 top5 0.5913
    [05:48:13] step 3950/5625 | avg train loss 2.2313 top1 0.3251 top5 0.5917
    [05:48:18] step 3975/5625 | avg train loss 2.2296 top1 0.3255 top5 0.5918
    [05:48:23] step 4000/5625 | avg train loss 2.2296 top1 0.3251 top5 0.5916
    [05:48:28] step 4025/5625 | avg train loss 2.2286 top1 0.3252 top5 0.5916
    [05:48:33] step 4050/5625 | avg train loss 2.2289 top1 0.3254 top5 0.5919
    [05:48:38] step 4075/5625 | avg train loss 2.2298 top1 0.3253 top5 0.5917
    [05:48:43] step 4100/5625 | avg train loss 2.2306 top1 0.3255 top5 0.5914
    [05:48:49] step 4125/5625 | avg train loss 2.2314 top1 0.3252 top5 0.5915
    [05:48:54] step 4150/5625 | avg train loss 2.2309 top1 0.3254 top5 0.5918
    [05:48:59] step 4175/5625 | avg train loss 2.2330 top1 0.3246 top5 0.5916
    [05:49:04] step 4200/5625 | avg train loss 2.2334 top1 0.3243 top5 0.5912
    [05:49:09] step 4225/5625 | avg train loss 2.2343 top1 0.3243 top5 0.5912
    [05:49:14] step 4250/5625 | avg train loss 2.2334 top1 0.3246 top5 0.5914
    [05:49:19] step 4275/5625 | avg train loss 2.2326 top1 0.3247 top5 0.5916
    [05:49:24] step 4300/5625 | avg train loss 2.2331 top1 0.3248 top5 0.5919
    [05:49:29] step 4325/5625 | avg train loss 2.2332 top1 0.3246 top5 0.5916
    [05:49:35] step 4350/5625 | avg train loss 2.2332 top1 0.3246 top5 0.5918
    [05:49:40] step 4375/5625 | avg train loss 2.2335 top1 0.3244 top5 0.5912
    [05:49:45] step 4400/5625 | avg train loss 2.2341 top1 0.3241 top5 0.5912
    [05:49:50] step 4425/5625 | avg train loss 2.2344 top1 0.3242 top5 0.5915
    [05:49:55] step 4450/5625 | avg train loss 2.2344 top1 0.3245 top5 0.5915
    [05:50:00] step 4475/5625 | avg train loss 2.2326 top1 0.3247 top5 0.5917
    [05:50:05] step 4500/5625 | avg train loss 2.2332 top1 0.3245 top5 0.5915
    [05:50:10] step 4525/5625 | avg train loss 2.2339 top1 0.3242 top5 0.5914
    [05:50:15] step 4550/5625 | avg train loss 2.2339 top1 0.3244 top5 0.5915
    [05:50:20] step 4575/5625 | avg train loss 2.2343 top1 0.3245 top5 0.5914
    [05:50:25] step 4600/5625 | avg train loss 2.2345 top1 0.3246 top5 0.5916
    [05:50:30] step 4625/5625 | avg train loss 2.2354 top1 0.3240 top5 0.5909
    [05:50:36] step 4650/5625 | avg train loss 2.2352 top1 0.3245 top5 0.5910
    [05:50:41] step 4675/5625 | avg train loss 2.2346 top1 0.3244 top5 0.5910
    [05:50:46] step 4700/5625 | avg train loss 2.2342 top1 0.3242 top5 0.5906
    [05:50:51] step 4725/5625 | avg train loss 2.2342 top1 0.3243 top5 0.5906
    [05:50:56] step 4750/5625 | avg train loss 2.2354 top1 0.3244 top5 0.5908
    [05:51:01] step 4775/5625 | avg train loss 2.2357 top1 0.3246 top5 0.5908
    [05:51:06] step 4800/5625 | avg train loss 2.2364 top1 0.3241 top5 0.5904
    [05:51:11] step 4825/5625 | avg train loss 2.2365 top1 0.3245 top5 0.5907
    [05:51:16] step 4850/5625 | avg train loss 2.2368 top1 0.3245 top5 0.5908
    [05:51:21] step 4875/5625 | avg train loss 2.2369 top1 0.3245 top5 0.5908
    [05:51:27] step 4900/5625 | avg train loss 2.2368 top1 0.3244 top5 0.5906
    [05:51:32] step 4925/5625 | avg train loss 2.2363 top1 0.3242 top5 0.5906
    [05:51:37] step 4950/5625 | avg train loss 2.2358 top1 0.3241 top5 0.5906
    [05:51:42] step 4975/5625 | avg train loss 2.2349 top1 0.3241 top5 0.5907
    [05:51:47] step 5000/5625 | avg train loss 2.2354 top1 0.3236 top5 0.5904
    [05:51:52] step 5025/5625 | avg train loss 2.2355 top1 0.3240 top5 0.5906
    [05:51:57] step 5050/5625 | avg train loss 2.2351 top1 0.3241 top5 0.5909
    [05:52:02] step 5075/5625 | avg train loss 2.2345 top1 0.3243 top5 0.5913
    [05:52:07] step 5100/5625 | avg train loss 2.2343 top1 0.3246 top5 0.5919
    [05:52:13] step 5125/5625 | avg train loss 2.2347 top1 0.3245 top5 0.5917
    [05:52:18] step 5150/5625 | avg train loss 2.2352 top1 0.3246 top5 0.5920
    [05:52:23] step 5175/5625 | avg train loss 2.2347 top1 0.3249 top5 0.5923
    [05:52:28] step 5200/5625 | avg train loss 2.2347 top1 0.3249 top5 0.5924
    [05:52:33] step 5225/5625 | avg train loss 2.2346 top1 0.3249 top5 0.5926
    [05:52:38] step 5250/5625 | avg train loss 2.2358 top1 0.3247 top5 0.5923
    [05:52:43] step 5275/5625 | avg train loss 2.2350 top1 0.3245 top5 0.5921
    [05:52:48] step 5300/5625 | avg train loss 2.2352 top1 0.3244 top5 0.5920
    [05:52:53] step 5325/5625 | avg train loss 2.2350 top1 0.3249 top5 0.5923
    [05:52:59] step 5350/5625 | avg train loss 2.2352 top1 0.3249 top5 0.5922
    [05:53:04] step 5375/5625 | avg train loss 2.2350 top1 0.3247 top5 0.5922
    [05:53:09] step 5400/5625 | avg train loss 2.2349 top1 0.3247 top5 0.5922
    [05:53:14] step 5425/5625 | avg train loss 2.2348 top1 0.3249 top5 0.5924
    [05:53:19] step 5450/5625 | avg train loss 2.2355 top1 0.3245 top5 0.5922
    [05:53:24] step 5475/5625 | avg train loss 2.2350 top1 0.3250 top5 0.5927
    [05:53:29] step 5500/5625 | avg train loss 2.2344 top1 0.3251 top5 0.5927
    [05:53:34] step 5525/5625 | avg train loss 2.2345 top1 0.3255 top5 0.5930
    [05:53:39] step 5550/5625 | avg train loss 2.2342 top1 0.3255 top5 0.5932
    [05:53:45] step 5575/5625 | avg train loss 2.2345 top1 0.3253 top5 0.5931
    [05:53:50] step 5600/5625 | avg train loss 2.2350 top1 0.3254 top5 0.5932
    [05:53:55] step 5625/5625 | avg train loss 2.2352 top1 0.3255 top5 0.5931
Epoch 20/50 | train loss 2.2352 top1 0.3255 | val loss 1.9116 top1 0.4531 top5 0.7907 | ema holdout top1 0.4077 top5 0.7521
  No val top1 improvement (1/15); best remains 0.4627
    [05:55:30] step 25/5625 | avg train loss 2.4231 top1 0.2800 top5 0.5550
    [05:55:35] step 50/5625 | avg train loss 2.3100 top1 0.2725 top5 0.5475
    [05:55:40] step 75/5625 | avg train loss 2.2661 top1 0.3017 top5 0.5600
    [05:55:46] step 100/5625 | avg train loss 2.2446 top1 0.3088 top5 0.5650
    [05:55:51] step 125/5625 | avg train loss 2.2372 top1 0.3160 top5 0.5770
    [05:55:56] step 150/5625 | avg train loss 2.2849 top1 0.3050 top5 0.5783
    [05:56:01] step 175/5625 | avg train loss 2.2747 top1 0.3086 top5 0.5900
    [05:56:06] step 200/5625 | avg train loss 2.2737 top1 0.2994 top5 0.5769
    [05:56:11] step 225/5625 | avg train loss 2.2470 top1 0.3089 top5 0.5822
    [05:56:16] step 250/5625 | avg train loss 2.2353 top1 0.3110 top5 0.5860
    [05:56:21] step 275/5625 | avg train loss 2.2230 top1 0.3209 top5 0.5923
    [05:56:26] step 300/5625 | avg train loss 2.2231 top1 0.3208 top5 0.5908
    [05:56:31] step 325/5625 | avg train loss 2.2341 top1 0.3185 top5 0.5919
    [05:56:37] step 350/5625 | avg train loss 2.2313 top1 0.3168 top5 0.5896
    [05:56:42] step 375/5625 | avg train loss 2.2253 top1 0.3173 top5 0.5870
    [05:56:47] step 400/5625 | avg train loss 2.2181 top1 0.3187 top5 0.5869
    [05:56:52] step 425/5625 | avg train loss 2.2148 top1 0.3191 top5 0.5900
    [05:56:57] step 450/5625 | avg train loss 2.2187 top1 0.3217 top5 0.5942
    [05:57:02] step 475/5625 | avg train loss 2.2223 top1 0.3203 top5 0.5947
    [05:57:07] step 500/5625 | avg train loss 2.2314 top1 0.3185 top5 0.5938
    [05:57:12] step 525/5625 | avg train loss 2.2299 top1 0.3210 top5 0.5955
    [05:57:17] step 550/5625 | avg train loss 2.2273 top1 0.3189 top5 0.5939
    [05:57:22] step 575/5625 | avg train loss 2.2313 top1 0.3165 top5 0.5893
    [05:57:28] step 600/5625 | avg train loss 2.2363 top1 0.3148 top5 0.5890
    [05:57:33] step 625/5625 | avg train loss 2.2308 top1 0.3146 top5 0.5892
    [05:57:38] step 650/5625 | avg train loss 2.2276 top1 0.3158 top5 0.5892
    [05:57:43] step 675/5625 | avg train loss 2.2285 top1 0.3163 top5 0.5896
    [05:57:48] step 700/5625 | avg train loss 2.2259 top1 0.3193 top5 0.5927
    [05:57:53] step 725/5625 | avg train loss 2.2240 top1 0.3193 top5 0.5950
    [05:57:58] step 750/5625 | avg train loss 2.2346 top1 0.3162 top5 0.5918
    [05:58:03] step 775/5625 | avg train loss 2.2245 top1 0.3163 top5 0.5923
    [05:58:08] step 800/5625 | avg train loss 2.2219 top1 0.3183 top5 0.5945
    [05:58:14] step 825/5625 | avg train loss 2.2260 top1 0.3161 top5 0.5914
    [05:58:19] step 850/5625 | avg train loss 2.2298 top1 0.3140 top5 0.5882
    [05:58:24] step 875/5625 | avg train loss 2.2278 top1 0.3143 top5 0.5876
    [05:58:29] step 900/5625 | avg train loss 2.2273 top1 0.3149 top5 0.5893
    [05:58:34] step 925/5625 | avg train loss 2.2287 top1 0.3132 top5 0.5876
    [05:58:39] step 950/5625 | avg train loss 2.2293 top1 0.3150 top5 0.5879
    [05:58:44] step 975/5625 | avg train loss 2.2335 top1 0.3138 top5 0.5868
    [05:58:49] step 1000/5625 | avg train loss 2.2318 top1 0.3130 top5 0.5861
    [05:58:54] step 1025/5625 | avg train loss 2.2305 top1 0.3128 top5 0.5846
    [05:58:59] step 1050/5625 | avg train loss 2.2285 top1 0.3124 top5 0.5845
    [05:59:05] step 1075/5625 | avg train loss 2.2299 top1 0.3119 top5 0.5852
    [05:59:10] step 1100/5625 | avg train loss 2.2273 top1 0.3126 top5 0.5842
    [05:59:15] step 1125/5625 | avg train loss 2.2248 top1 0.3133 top5 0.5841
    [05:59:20] step 1150/5625 | avg train loss 2.2205 top1 0.3143 top5 0.5858
    [05:59:25] step 1175/5625 | avg train loss 2.2151 top1 0.3157 top5 0.5874
    [05:59:30] step 1200/5625 | avg train loss 2.2116 top1 0.3162 top5 0.5880
    [05:59:35] step 1225/5625 | avg train loss 2.2120 top1 0.3147 top5 0.5857
    [05:59:40] step 1250/5625 | avg train loss 2.2136 top1 0.3148 top5 0.5851
    [05:59:46] step 1275/5625 | avg train loss 2.2143 top1 0.3151 top5 0.5861
    [05:59:51] step 1300/5625 | avg train loss 2.2192 top1 0.3136 top5 0.5839
    [05:59:56] step 1325/5625 | avg train loss 2.2210 top1 0.3138 top5 0.5838
    [06:00:01] step 1350/5625 | avg train loss 2.2200 top1 0.3138 top5 0.5842
    [06:00:06] step 1375/5625 | avg train loss 2.2196 top1 0.3136 top5 0.5835
    [06:00:11] step 1400/5625 | avg train loss 2.2197 top1 0.3137 top5 0.5838
    [06:00:16] step 1425/5625 | avg train loss 2.2170 top1 0.3147 top5 0.5839
    [06:00:21] step 1450/5625 | avg train loss 2.2156 top1 0.3151 top5 0.5845
    [06:00:27] step 1475/5625 | avg train loss 2.2168 top1 0.3147 top5 0.5842
    [06:00:32] step 1500/5625 | avg train loss 2.2190 top1 0.3149 top5 0.5844
    [06:00:37] step 1525/5625 | avg train loss 2.2178 top1 0.3143 top5 0.5847
    [06:00:42] step 1550/5625 | avg train loss 2.2185 top1 0.3148 top5 0.5852
    [06:00:47] step 1575/5625 | avg train loss 2.2173 top1 0.3154 top5 0.5859
    [06:00:52] step 1600/5625 | avg train loss 2.2172 top1 0.3159 top5 0.5863
    [06:00:57] step 1625/5625 | avg train loss 2.2178 top1 0.3158 top5 0.5859
    [06:01:02] step 1650/5625 | avg train loss 2.2185 top1 0.3156 top5 0.5852
    [06:01:08] step 1675/5625 | avg train loss 2.2188 top1 0.3157 top5 0.5856
    [06:01:13] step 1700/5625 | avg train loss 2.2184 top1 0.3154 top5 0.5851
    [06:01:18] step 1725/5625 | avg train loss 2.2177 top1 0.3164 top5 0.5861
    [06:01:23] step 1750/5625 | avg train loss 2.2161 top1 0.3169 top5 0.5859
    [06:01:28] step 1775/5625 | avg train loss 2.2156 top1 0.3174 top5 0.5866
    [06:01:33] step 1800/5625 | avg train loss 2.2156 top1 0.3169 top5 0.5860
    [06:01:38] step 1825/5625 | avg train loss 2.2162 top1 0.3174 top5 0.5866
    [06:01:43] step 1850/5625 | avg train loss 2.2128 top1 0.3184 top5 0.5873
    [06:01:48] step 1875/5625 | avg train loss 2.2142 top1 0.3183 top5 0.5871
    [06:01:53] step 1900/5625 | avg train loss 2.2124 top1 0.3191 top5 0.5872
    [06:01:59] step 1925/5625 | avg train loss 2.2128 top1 0.3188 top5 0.5882
    [06:02:04] step 1950/5625 | avg train loss 2.2140 top1 0.3192 top5 0.5883
    [06:02:09] step 1975/5625 | avg train loss 2.2132 top1 0.3188 top5 0.5883
    [06:02:14] step 2000/5625 | avg train loss 2.2130 top1 0.3192 top5 0.5883
    [06:02:19] step 2025/5625 | avg train loss 2.2113 top1 0.3205 top5 0.5893
    [06:02:24] step 2050/5625 | avg train loss 2.2123 top1 0.3200 top5 0.5895
    [06:02:29] step 2075/5625 | avg train loss 2.2123 top1 0.3199 top5 0.5895
    [06:02:34] step 2100/5625 | avg train loss 2.2109 top1 0.3210 top5 0.5898
    [06:02:39] step 2125/5625 | avg train loss 2.2109 top1 0.3214 top5 0.5901
    [06:02:45] step 2150/5625 | avg train loss 2.2115 top1 0.3217 top5 0.5899
    [06:02:50] step 2175/5625 | avg train loss 2.2126 top1 0.3219 top5 0.5898
    [06:02:55] step 2200/5625 | avg train loss 2.2136 top1 0.3212 top5 0.5891
    [06:03:00] step 2225/5625 | avg train loss 2.2144 top1 0.3210 top5 0.5896
    [06:03:05] step 2250/5625 | avg train loss 2.2133 top1 0.3207 top5 0.5894
    [06:03:10] step 2275/5625 | avg train loss 2.2126 top1 0.3212 top5 0.5905
    [06:03:15] step 2300/5625 | avg train loss 2.2114 top1 0.3215 top5 0.5912
    [06:03:20] step 2325/5625 | avg train loss 2.2124 top1 0.3211 top5 0.5909
    [06:03:25] step 2350/5625 | avg train loss 2.2121 top1 0.3217 top5 0.5911
    [06:03:30] step 2375/5625 | avg train loss 2.2109 top1 0.3226 top5 0.5919
    [06:03:36] step 2400/5625 | avg train loss 2.2111 top1 0.3229 top5 0.5922
    [06:03:41] step 2425/5625 | avg train loss 2.2101 top1 0.3230 top5 0.5927
    [06:03:46] step 2450/5625 | avg train loss 2.2086 top1 0.3240 top5 0.5929
    [06:03:51] step 2475/5625 | avg train loss 2.2118 top1 0.3237 top5 0.5930
    [06:03:56] step 2500/5625 | avg train loss 2.2109 top1 0.3240 top5 0.5938
    [06:04:01] step 2525/5625 | avg train loss 2.2108 top1 0.3238 top5 0.5940
    [06:04:06] step 2550/5625 | avg train loss 2.2115 top1 0.3234 top5 0.5934
    [06:04:12] step 2575/5625 | avg train loss 2.2098 top1 0.3241 top5 0.5938
    [06:04:17] step 2600/5625 | avg train loss 2.2100 top1 0.3245 top5 0.5938
    [06:04:22] step 2625/5625 | avg train loss 2.2067 top1 0.3253 top5 0.5944
    [06:04:27] step 2650/5625 | avg train loss 2.2077 top1 0.3253 top5 0.5943
    [06:04:32] step 2675/5625 | avg train loss 2.2087 top1 0.3251 top5 0.5936
    [06:04:37] step 2700/5625 | avg train loss 2.2096 top1 0.3248 top5 0.5934
    [06:04:42] step 2725/5625 | avg train loss 2.2099 top1 0.3250 top5 0.5935
    [06:04:47] step 2750/5625 | avg train loss 2.2115 top1 0.3252 top5 0.5941
    [06:04:53] step 2775/5625 | avg train loss 2.2136 top1 0.3242 top5 0.5939
    [06:04:58] step 2800/5625 | avg train loss 2.2137 top1 0.3238 top5 0.5937
    [06:05:03] step 2825/5625 | avg train loss 2.2143 top1 0.3238 top5 0.5935
    [06:05:08] step 2850/5625 | avg train loss 2.2141 top1 0.3239 top5 0.5933
    [06:05:13] step 2875/5625 | avg train loss 2.2140 top1 0.3234 top5 0.5925
    [06:05:18] step 2900/5625 | avg train loss 2.2140 top1 0.3242 top5 0.5929
    [06:05:23] step 2925/5625 | avg train loss 2.2138 top1 0.3242 top5 0.5933
    [06:05:28] step 2950/5625 | avg train loss 2.2140 top1 0.3243 top5 0.5935
    [06:05:33] step 2975/5625 | avg train loss 2.2131 top1 0.3244 top5 0.5935
    [06:05:39] step 3000/5625 | avg train loss 2.2137 top1 0.3242 top5 0.5932
    [06:05:44] step 3025/5625 | avg train loss 2.2115 top1 0.3242 top5 0.5931
    [06:05:49] step 3050/5625 | avg train loss 2.2123 top1 0.3238 top5 0.5928
    [06:05:54] step 3075/5625 | avg train loss 2.2124 top1 0.3234 top5 0.5924
    [06:05:59] step 3100/5625 | avg train loss 2.2121 top1 0.3233 top5 0.5927
    [06:06:04] step 3125/5625 | avg train loss 2.2121 top1 0.3236 top5 0.5927
    [06:06:09] step 3150/5625 | avg train loss 2.2120 top1 0.3232 top5 0.5927
    [06:06:15] step 3175/5625 | avg train loss 2.2127 top1 0.3230 top5 0.5927
    [06:06:20] step 3200/5625 | avg train loss 2.2155 top1 0.3221 top5 0.5921
    [06:06:25] step 3225/5625 | avg train loss 2.2160 top1 0.3223 top5 0.5922
    [06:06:30] step 3250/5625 | avg train loss 2.2166 top1 0.3223 top5 0.5923
    [06:06:35] step 3275/5625 | avg train loss 2.2154 top1 0.3222 top5 0.5922
    [06:06:40] step 3300/5625 | avg train loss 2.2154 top1 0.3221 top5 0.5923
    [06:06:45] step 3325/5625 | avg train loss 2.2149 top1 0.3221 top5 0.5921
    [06:06:50] step 3350/5625 | avg train loss 2.2134 top1 0.3229 top5 0.5931
    [06:06:56] step 3375/5625 | avg train loss 2.2141 top1 0.3231 top5 0.5935
    [06:07:01] step 3400/5625 | avg train loss 2.2156 top1 0.3231 top5 0.5934
    [06:07:06] step 3425/5625 | avg train loss 2.2158 top1 0.3231 top5 0.5936
    [06:07:11] step 3450/5625 | avg train loss 2.2161 top1 0.3228 top5 0.5936
    [06:07:16] step 3475/5625 | avg train loss 2.2153 top1 0.3222 top5 0.5932
    [06:07:21] step 3500/5625 | avg train loss 2.2146 top1 0.3221 top5 0.5934
    [06:07:26] step 3525/5625 | avg train loss 2.2151 top1 0.3221 top5 0.5933
    [06:07:32] step 3550/5625 | avg train loss 2.2141 top1 0.3225 top5 0.5938
    [06:07:37] step 3575/5625 | avg train loss 2.2129 top1 0.3226 top5 0.5941
    [06:07:42] step 3600/5625 | avg train loss 2.2139 top1 0.3224 top5 0.5941
    [06:07:47] step 3625/5625 | avg train loss 2.2139 top1 0.3227 top5 0.5940
    [06:07:52] step 3650/5625 | avg train loss 2.2150 top1 0.3227 top5 0.5940
    [06:07:57] step 3675/5625 | avg train loss 2.2164 top1 0.3218 top5 0.5931
    [06:08:02] step 3700/5625 | avg train loss 2.2178 top1 0.3217 top5 0.5931
    [06:08:07] step 3725/5625 | avg train loss 2.2164 top1 0.3218 top5 0.5932
    [06:08:12] step 3750/5625 | avg train loss 2.2156 top1 0.3221 top5 0.5937
    [06:08:17] step 3775/5625 | avg train loss 2.2138 top1 0.3221 top5 0.5935
    [06:08:23] step 3800/5625 | avg train loss 2.2134 top1 0.3224 top5 0.5935
    [06:08:28] step 3825/5625 | avg train loss 2.2130 top1 0.3226 top5 0.5938
    [06:08:33] step 3850/5625 | avg train loss 2.2143 top1 0.3221 top5 0.5933
    [06:08:38] step 3875/5625 | avg train loss 2.2147 top1 0.3225 top5 0.5941
    [06:08:43] step 3900/5625 | avg train loss 2.2136 top1 0.3228 top5 0.5938
    [06:08:48] step 3925/5625 | avg train loss 2.2134 top1 0.3223 top5 0.5934
    [06:08:53] step 3950/5625 | avg train loss 2.2140 top1 0.3221 top5 0.5930
    [06:08:58] step 3975/5625 | avg train loss 2.2143 top1 0.3220 top5 0.5926
    [06:09:04] step 4000/5625 | avg train loss 2.2140 top1 0.3222 top5 0.5927
    [06:09:09] step 4025/5625 | avg train loss 2.2142 top1 0.3224 top5 0.5924
    [06:09:14] step 4050/5625 | avg train loss 2.2144 top1 0.3227 top5 0.5924
    [06:09:19] step 4075/5625 | avg train loss 2.2155 top1 0.3225 top5 0.5927
    [06:09:24] step 4100/5625 | avg train loss 2.2147 top1 0.3228 top5 0.5931
    [06:09:29] step 4125/5625 | avg train loss 2.2157 top1 0.3230 top5 0.5932
    [06:09:34] step 4150/5625 | avg train loss 2.2150 top1 0.3233 top5 0.5933
    [06:09:39] step 4175/5625 | avg train loss 2.2151 top1 0.3233 top5 0.5929
    [06:09:44] step 4200/5625 | avg train loss 2.2152 top1 0.3234 top5 0.5932
    [06:09:50] step 4225/5625 | avg train loss 2.2142 top1 0.3238 top5 0.5936
    [06:09:55] step 4250/5625 | avg train loss 2.2151 top1 0.3240 top5 0.5939
    [06:10:00] step 4275/5625 | avg train loss 2.2152 top1 0.3235 top5 0.5933
    [06:10:05] step 4300/5625 | avg train loss 2.2154 top1 0.3235 top5 0.5936
    [06:10:10] step 4325/5625 | avg train loss 2.2154 top1 0.3232 top5 0.5934
    [06:10:15] step 4350/5625 | avg train loss 2.2146 top1 0.3234 top5 0.5933
    [06:10:20] step 4375/5625 | avg train loss 2.2145 top1 0.3237 top5 0.5936
    [06:10:25] step 4400/5625 | avg train loss 2.2159 top1 0.3238 top5 0.5936
    [06:10:30] step 4425/5625 | avg train loss 2.2166 top1 0.3235 top5 0.5933
    [06:10:36] step 4450/5625 | avg train loss 2.2166 top1 0.3232 top5 0.5930
    [06:10:41] step 4475/5625 | avg train loss 2.2167 top1 0.3230 top5 0.5928
    [06:10:46] step 4500/5625 | avg train loss 2.2172 top1 0.3227 top5 0.5925
    [06:10:51] step 4525/5625 | avg train loss 2.2181 top1 0.3225 top5 0.5922
    [06:10:56] step 4550/5625 | avg train loss 2.2184 top1 0.3227 top5 0.5926
    [06:11:01] step 4575/5625 | avg train loss 2.2178 top1 0.3230 top5 0.5925
    [06:11:06] step 4600/5625 | avg train loss 2.2175 top1 0.3231 top5 0.5926
    [06:11:11] step 4625/5625 | avg train loss 2.2172 top1 0.3232 top5 0.5928
    [06:11:16] step 4650/5625 | avg train loss 2.2184 top1 0.3232 top5 0.5931
    [06:11:22] step 4675/5625 | avg train loss 2.2185 top1 0.3231 top5 0.5932
    [06:11:27] step 4700/5625 | avg train loss 2.2187 top1 0.3230 top5 0.5929
    [06:11:32] step 4725/5625 | avg train loss 2.2183 top1 0.3231 top5 0.5929
    [06:11:37] step 4750/5625 | avg train loss 2.2179 top1 0.3233 top5 0.5930
    [06:11:42] step 4775/5625 | avg train loss 2.2182 top1 0.3233 top5 0.5930
    [06:11:47] step 4800/5625 | avg train loss 2.2184 top1 0.3235 top5 0.5933
    [06:11:52] step 4825/5625 | avg train loss 2.2171 top1 0.3240 top5 0.5933
    [06:11:57] step 4850/5625 | avg train loss 2.2180 top1 0.3241 top5 0.5934
    [06:12:03] step 4875/5625 | avg train loss 2.2174 top1 0.3243 top5 0.5934
    [06:12:08] step 4900/5625 | avg train loss 2.2176 top1 0.3241 top5 0.5934
    [06:12:13] step 4925/5625 | avg train loss 2.2166 top1 0.3243 top5 0.5935
    [06:12:18] step 4950/5625 | avg train loss 2.2167 top1 0.3241 top5 0.5933
    [06:12:23] step 4975/5625 | avg train loss 2.2168 top1 0.3242 top5 0.5932
    [06:12:28] step 5000/5625 | avg train loss 2.2174 top1 0.3240 top5 0.5928
    [06:12:33] step 5025/5625 | avg train loss 2.2174 top1 0.3237 top5 0.5924
    [06:12:38] step 5050/5625 | avg train loss 2.2183 top1 0.3236 top5 0.5922
    [06:12:43] step 5075/5625 | avg train loss 2.2179 top1 0.3240 top5 0.5926
    [06:12:49] step 5100/5625 | avg train loss 2.2175 top1 0.3244 top5 0.5931
    [06:12:54] step 5125/5625 | avg train loss 2.2184 top1 0.3244 top5 0.5930
    [06:12:59] step 5150/5625 | avg train loss 2.2187 top1 0.3240 top5 0.5926
    [06:13:04] step 5175/5625 | avg train loss 2.2181 top1 0.3245 top5 0.5929
    [06:13:09] step 5200/5625 | avg train loss 2.2180 top1 0.3249 top5 0.5933
    [06:13:14] step 5225/5625 | avg train loss 2.2174 top1 0.3253 top5 0.5937
    [06:13:19] step 5250/5625 | avg train loss 2.2184 top1 0.3251 top5 0.5938
    [06:13:24] step 5275/5625 | avg train loss 2.2177 top1 0.3256 top5 0.5940
    [06:13:29] step 5300/5625 | avg train loss 2.2173 top1 0.3256 top5 0.5941
    [06:13:34] step 5325/5625 | avg train loss 2.2176 top1 0.3256 top5 0.5941
    [06:13:39] step 5350/5625 | avg train loss 2.2176 top1 0.3255 top5 0.5940
    [06:13:45] step 5375/5625 | avg train loss 2.2177 top1 0.3256 top5 0.5938
    [06:13:50] step 5400/5625 | avg train loss 2.2178 top1 0.3254 top5 0.5938
    [06:13:55] step 5425/5625 | avg train loss 2.2174 top1 0.3255 top5 0.5940
    [06:14:00] step 5450/5625 | avg train loss 2.2177 top1 0.3256 top5 0.5939
    [06:14:05] step 5475/5625 | avg train loss 2.2168 top1 0.3255 top5 0.5938
    [06:14:10] step 5500/5625 | avg train loss 2.2166 top1 0.3252 top5 0.5935
    [06:14:15] step 5525/5625 | avg train loss 2.2155 top1 0.3252 top5 0.5935
    [06:14:20] step 5550/5625 | avg train loss 2.2154 top1 0.3252 top5 0.5936
    [06:14:25] step 5575/5625 | avg train loss 2.2148 top1 0.3252 top5 0.5936
    [06:14:31] step 5600/5625 | avg train loss 2.2142 top1 0.3254 top5 0.5935
    [06:14:36] step 5625/5625 | avg train loss 2.2146 top1 0.3253 top5 0.5934
Epoch 21/50 | train loss 2.2146 top1 0.3253 | val loss 1.9205 top1 0.4537 top5 0.7896 | ema holdout top1 0.4193 top5 0.7620
  No val top1 improvement (2/15); best remains 0.4627
    [06:16:11] step 25/5625 | avg train loss 2.0999 top1 0.3700 top5 0.6100
    [06:16:16] step 50/5625 | avg train loss 2.1245 top1 0.3475 top5 0.6050
    [06:16:21] step 75/5625 | avg train loss 2.1152 top1 0.3383 top5 0.5983
    [06:16:26] step 100/5625 | avg train loss 2.1393 top1 0.3475 top5 0.6000
    [06:16:31] step 125/5625 | avg train loss 2.1200 top1 0.3510 top5 0.6110
    [06:16:36] step 150/5625 | avg train loss 2.1315 top1 0.3492 top5 0.6125
    [06:16:41] step 175/5625 | avg train loss 2.1567 top1 0.3471 top5 0.6107
    [06:16:47] step 200/5625 | avg train loss 2.1624 top1 0.3525 top5 0.6150
    [06:16:52] step 225/5625 | avg train loss 2.1815 top1 0.3494 top5 0.6044
    [06:16:57] step 250/5625 | avg train loss 2.1941 top1 0.3535 top5 0.6070
    [06:17:02] step 275/5625 | avg train loss 2.1919 top1 0.3541 top5 0.6118
    [06:17:07] step 300/5625 | avg train loss 2.1667 top1 0.3600 top5 0.6188
    [06:17:12] step 325/5625 | avg train loss 2.1611 top1 0.3562 top5 0.6212
    [06:17:17] step 350/5625 | avg train loss 2.1625 top1 0.3586 top5 0.6221
    [06:17:22] step 375/5625 | avg train loss 2.1520 top1 0.3603 top5 0.6237
    [06:17:27] step 400/5625 | avg train loss 2.1612 top1 0.3600 top5 0.6203
    [06:17:32] step 425/5625 | avg train loss 2.1592 top1 0.3579 top5 0.6162
    [06:17:37] step 450/5625 | avg train loss 2.1562 top1 0.3539 top5 0.6144
    [06:17:42] step 475/5625 | avg train loss 2.1540 top1 0.3537 top5 0.6150
    [06:17:47] step 500/5625 | avg train loss 2.1655 top1 0.3533 top5 0.6162
    [06:17:52] step 525/5625 | avg train loss 2.1742 top1 0.3536 top5 0.6157
    [06:17:58] step 550/5625 | avg train loss 2.1775 top1 0.3552 top5 0.6157
    [06:18:03] step 575/5625 | avg train loss 2.1784 top1 0.3565 top5 0.6174
    [06:18:08] step 600/5625 | avg train loss 2.1743 top1 0.3577 top5 0.6185
    [06:18:13] step 625/5625 | avg train loss 2.1751 top1 0.3532 top5 0.6164
    [06:18:18] step 650/5625 | avg train loss 2.1713 top1 0.3531 top5 0.6169
    [06:18:23] step 675/5625 | avg train loss 2.1837 top1 0.3515 top5 0.6172
    [06:18:28] step 700/5625 | avg train loss 2.1833 top1 0.3495 top5 0.6143
    [06:18:33] step 725/5625 | avg train loss 2.1843 top1 0.3479 top5 0.6136
    [06:18:39] step 750/5625 | avg train loss 2.1856 top1 0.3470 top5 0.6122
    [06:18:44] step 775/5625 | avg train loss 2.1783 top1 0.3471 top5 0.6118
    [06:18:49] step 800/5625 | avg train loss 2.1796 top1 0.3459 top5 0.6095
    [06:18:54] step 825/5625 | avg train loss 2.1825 top1 0.3464 top5 0.6095
    [06:18:59] step 850/5625 | avg train loss 2.1872 top1 0.3469 top5 0.6090
    [06:19:04] step 875/5625 | avg train loss 2.1865 top1 0.3461 top5 0.6076
    [06:19:09] step 900/5625 | avg train loss 2.1930 top1 0.3451 top5 0.6064
    [06:19:14] step 925/5625 | avg train loss 2.1904 top1 0.3453 top5 0.6069
    [06:19:19] step 950/5625 | avg train loss 2.1885 top1 0.3464 top5 0.6070
    [06:19:24] step 975/5625 | avg train loss 2.1878 top1 0.3478 top5 0.6090
    [06:19:29] step 1000/5625 | avg train loss 2.1822 top1 0.3475 top5 0.6085
    [06:19:34] step 1025/5625 | avg train loss 2.1850 top1 0.3476 top5 0.6077
    [06:19:40] step 1050/5625 | avg train loss 2.1851 top1 0.3480 top5 0.6081
    [06:19:45] step 1075/5625 | avg train loss 2.1830 top1 0.3477 top5 0.6072
    [06:19:50] step 1100/5625 | avg train loss 2.1852 top1 0.3477 top5 0.6077
    [06:19:55] step 1125/5625 | avg train loss 2.1825 top1 0.3464 top5 0.6080
    [06:20:00] step 1150/5625 | avg train loss 2.1888 top1 0.3454 top5 0.6065
    [06:20:05] step 1175/5625 | avg train loss 2.1927 top1 0.3436 top5 0.6057
    [06:20:10] step 1200/5625 | avg train loss 2.1894 top1 0.3424 top5 0.6064
    [06:20:15] step 1225/5625 | avg train loss 2.1884 top1 0.3408 top5 0.6046
    [06:20:20] step 1250/5625 | avg train loss 2.1853 top1 0.3413 top5 0.6039
    [06:20:25] step 1275/5625 | avg train loss 2.1834 top1 0.3411 top5 0.6041
    [06:20:30] step 1300/5625 | avg train loss 2.1820 top1 0.3413 top5 0.6029
    [06:20:35] step 1325/5625 | avg train loss 2.1848 top1 0.3401 top5 0.6021
    [06:20:40] step 1350/5625 | avg train loss 2.1859 top1 0.3400 top5 0.6020
    [06:20:46] step 1375/5625 | avg train loss 2.1829 top1 0.3394 top5 0.6005
    [06:20:51] step 1400/5625 | avg train loss 2.1858 top1 0.3388 top5 0.6012
    [06:20:56] step 1425/5625 | avg train loss 2.1850 top1 0.3374 top5 0.5996
    [06:21:01] step 1450/5625 | avg train loss 2.1841 top1 0.3365 top5 0.5986
    [06:21:06] step 1475/5625 | avg train loss 2.1876 top1 0.3358 top5 0.5977
    [06:21:11] step 1500/5625 | avg train loss 2.1889 top1 0.3357 top5 0.5972
    [06:21:16] step 1525/5625 | avg train loss 2.1886 top1 0.3352 top5 0.5980
    [06:21:21] step 1550/5625 | avg train loss 2.1895 top1 0.3351 top5 0.5981
    [06:21:26] step 1575/5625 | avg train loss 2.1906 top1 0.3344 top5 0.5970
    [06:21:31] step 1600/5625 | avg train loss 2.1922 top1 0.3342 top5 0.5965
    [06:21:37] step 1625/5625 | avg train loss 2.1891 top1 0.3350 top5 0.5964
    [06:21:42] step 1650/5625 | avg train loss 2.1904 top1 0.3347 top5 0.5964
    [06:21:47] step 1675/5625 | avg train loss 2.1909 top1 0.3343 top5 0.5968
    [06:21:52] step 1700/5625 | avg train loss 2.1930 top1 0.3344 top5 0.5968
    [06:21:57] step 1725/5625 | avg train loss 2.1939 top1 0.3353 top5 0.5978
    [06:22:02] step 1750/5625 | avg train loss 2.1921 top1 0.3343 top5 0.5966
    [06:22:07] step 1775/5625 | avg train loss 2.1911 top1 0.3349 top5 0.5970
    [06:22:12] step 1800/5625 | avg train loss 2.1923 top1 0.3339 top5 0.5960
    [06:22:17] step 1825/5625 | avg train loss 2.1913 top1 0.3349 top5 0.5971
    [06:22:22] step 1850/5625 | avg train loss 2.1909 top1 0.3356 top5 0.5975
    [06:22:27] step 1875/5625 | avg train loss 2.1914 top1 0.3350 top5 0.5972
    [06:22:32] step 1900/5625 | avg train loss 2.1904 top1 0.3349 top5 0.5968
    [06:22:38] step 1925/5625 | avg train loss 2.1926 top1 0.3342 top5 0.5965
    [06:22:43] step 1950/5625 | avg train loss 2.1916 top1 0.3338 top5 0.5965
    [06:22:48] step 1975/5625 | avg train loss 2.1931 top1 0.3339 top5 0.5966
    [06:22:53] step 2000/5625 | avg train loss 2.1941 top1 0.3331 top5 0.5955
    [06:22:58] step 2025/5625 | avg train loss 2.1959 top1 0.3332 top5 0.5954
    [06:23:03] step 2050/5625 | avg train loss 2.1955 top1 0.3338 top5 0.5961
    [06:23:08] step 2075/5625 | avg train loss 2.1943 top1 0.3340 top5 0.5964
    [06:23:13] step 2100/5625 | avg train loss 2.1957 top1 0.3337 top5 0.5957
    [06:23:18] step 2125/5625 | avg train loss 2.1961 top1 0.3338 top5 0.5961
    [06:23:24] step 2150/5625 | avg train loss 2.1955 top1 0.3346 top5 0.5966
    [06:23:29] step 2175/5625 | avg train loss 2.1952 top1 0.3343 top5 0.5962
    [06:23:34] step 2200/5625 | avg train loss 2.1938 top1 0.3348 top5 0.5963
    [06:23:39] step 2225/5625 | avg train loss 2.1923 top1 0.3353 top5 0.5972
    [06:23:44] step 2250/5625 | avg train loss 2.1930 top1 0.3353 top5 0.5972
    [06:23:49] step 2275/5625 | avg train loss 2.1948 top1 0.3351 top5 0.5968
    [06:23:54] step 2300/5625 | avg train loss 2.1973 top1 0.3347 top5 0.5969
    [06:23:59] step 2325/5625 | avg train loss 2.1958 top1 0.3356 top5 0.5973
    [06:24:04] step 2350/5625 | avg train loss 2.1947 top1 0.3357 top5 0.5970
    [06:24:09] step 2375/5625 | avg train loss 2.1939 top1 0.3359 top5 0.5968
    [06:24:15] step 2400/5625 | avg train loss 2.1947 top1 0.3357 top5 0.5965
    [06:24:20] step 2425/5625 | avg train loss 2.1949 top1 0.3360 top5 0.5966
    [06:24:25] step 2450/5625 | avg train loss 2.1931 top1 0.3365 top5 0.5970
    [06:24:30] step 2475/5625 | avg train loss 2.1913 top1 0.3365 top5 0.5967
    [06:24:35] step 2500/5625 | avg train loss 2.1927 top1 0.3368 top5 0.5972
    [06:24:40] step 2525/5625 | avg train loss 2.1936 top1 0.3361 top5 0.5966
    [06:24:45] step 2550/5625 | avg train loss 2.1940 top1 0.3361 top5 0.5968
    [06:24:50] step 2575/5625 | avg train loss 2.1949 top1 0.3359 top5 0.5969
    [06:24:55] step 2600/5625 | avg train loss 2.1970 top1 0.3353 top5 0.5961
    [06:25:00] step 2625/5625 | avg train loss 2.1971 top1 0.3359 top5 0.5962
    [06:25:05] step 2650/5625 | avg train loss 2.1963 top1 0.3356 top5 0.5963
    [06:25:10] step 2675/5625 | avg train loss 2.1954 top1 0.3363 top5 0.5967
    [06:25:16] step 2700/5625 | avg train loss 2.1962 top1 0.3364 top5 0.5973
    [06:25:21] step 2725/5625 | avg train loss 2.1942 top1 0.3365 top5 0.5974
    [06:25:26] step 2750/5625 | avg train loss 2.1930 top1 0.3366 top5 0.5972
    [06:25:31] step 2775/5625 | avg train loss 2.1925 top1 0.3366 top5 0.5974
    [06:25:36] step 2800/5625 | avg train loss 2.1941 top1 0.3363 top5 0.5971
    [06:25:41] step 2825/5625 | avg train loss 2.1950 top1 0.3362 top5 0.5968
    [06:25:46] step 2850/5625 | avg train loss 2.1951 top1 0.3361 top5 0.5967
    [06:25:51] step 2875/5625 | avg train loss 2.1954 top1 0.3353 top5 0.5957
    [06:25:56] step 2900/5625 | avg train loss 2.1947 top1 0.3353 top5 0.5953
    [06:26:01] step 2925/5625 | avg train loss 2.1948 top1 0.3353 top5 0.5954
    [06:26:06] step 2950/5625 | avg train loss 2.1959 top1 0.3348 top5 0.5947
    [06:26:11] step 2975/5625 | avg train loss 2.1966 top1 0.3344 top5 0.5946
    [06:26:16] step 3000/5625 | avg train loss 2.1970 top1 0.3348 top5 0.5948
    [06:26:21] step 3025/5625 | avg train loss 2.1992 top1 0.3343 top5 0.5941
    [06:26:27] step 3050/5625 | avg train loss 2.1983 top1 0.3341 top5 0.5939
    [06:26:32] step 3075/5625 | avg train loss 2.1989 top1 0.3341 top5 0.5939
    [06:26:37] step 3100/5625 | avg train loss 2.1971 top1 0.3337 top5 0.5934
    [06:26:42] step 3125/5625 | avg train loss 2.1977 top1 0.3333 top5 0.5933
    [06:26:47] step 3150/5625 | avg train loss 2.1975 top1 0.3335 top5 0.5933
    [06:26:52] step 3175/5625 | avg train loss 2.1984 top1 0.3339 top5 0.5937
    [06:26:57] step 3200/5625 | avg train loss 2.1984 top1 0.3339 top5 0.5941
    [06:27:02] step 3225/5625 | avg train loss 2.1981 top1 0.3341 top5 0.5947
    [06:27:07] step 3250/5625 | avg train loss 2.1979 top1 0.3350 top5 0.5954
    [06:27:12] step 3275/5625 | avg train loss 2.1983 top1 0.3357 top5 0.5961
    [06:27:18] step 3300/5625 | avg train loss 2.1971 top1 0.3360 top5 0.5967
    [06:27:23] step 3325/5625 | avg train loss 2.1953 top1 0.3364 top5 0.5971
    [06:27:28] step 3350/5625 | avg train loss 2.1953 top1 0.3369 top5 0.5973
    [06:27:33] step 3375/5625 | avg train loss 2.1945 top1 0.3368 top5 0.5974
    [06:27:38] step 3400/5625 | avg train loss 2.1949 top1 0.3373 top5 0.5977
    [06:27:43] step 3425/5625 | avg train loss 2.1936 top1 0.3377 top5 0.5980
    [06:27:48] step 3450/5625 | avg train loss 2.1941 top1 0.3374 top5 0.5981
    [06:27:53] step 3475/5625 | avg train loss 2.1944 top1 0.3375 top5 0.5983
    [06:27:58] step 3500/5625 | avg train loss 2.1937 top1 0.3375 top5 0.5983
    [06:28:03] step 3525/5625 | avg train loss 2.1935 top1 0.3374 top5 0.5984
    [06:28:09] step 3550/5625 | avg train loss 2.1943 top1 0.3371 top5 0.5981
    [06:28:14] step 3575/5625 | avg train loss 2.1959 top1 0.3359 top5 0.5970
    [06:28:19] step 3600/5625 | avg train loss 2.1959 top1 0.3357 top5 0.5973
    [06:28:24] step 3625/5625 | avg train loss 2.1954 top1 0.3356 top5 0.5974
    [06:28:29] step 3650/5625 | avg train loss 2.1956 top1 0.3352 top5 0.5970
    [06:28:34] step 3675/5625 | avg train loss 2.1951 top1 0.3353 top5 0.5970
    [06:28:39] step 3700/5625 | avg train loss 2.1951 top1 0.3355 top5 0.5971
    [06:28:44] step 3725/5625 | avg train loss 2.1964 top1 0.3350 top5 0.5968
    [06:28:50] step 3750/5625 | avg train loss 2.1967 top1 0.3348 top5 0.5967
    [06:28:55] step 3775/5625 | avg train loss 2.1960 top1 0.3353 top5 0.5968
    [06:29:00] step 3800/5625 | avg train loss 2.1969 top1 0.3350 top5 0.5964
    [06:29:05] step 3825/5625 | avg train loss 2.1978 top1 0.3343 top5 0.5963
    [06:29:10] step 3850/5625 | avg train loss 2.1980 top1 0.3341 top5 0.5962
    [06:29:15] step 3875/5625 | avg train loss 2.1989 top1 0.3342 top5 0.5962
    [06:29:20] step 3900/5625 | avg train loss 2.1980 top1 0.3343 top5 0.5964
    [06:29:25] step 3925/5625 | avg train loss 2.1977 top1 0.3344 top5 0.5965
    [06:29:30] step 3950/5625 | avg train loss 2.1980 top1 0.3344 top5 0.5962
    [06:29:35] step 3975/5625 | avg train loss 2.1981 top1 0.3338 top5 0.5956
    [06:29:40] step 4000/5625 | avg train loss 2.1982 top1 0.3337 top5 0.5953
    [06:29:46] step 4025/5625 | avg train loss 2.1974 top1 0.3338 top5 0.5958
    [06:29:51] step 4050/5625 | avg train loss 2.1977 top1 0.3334 top5 0.5955
    [06:29:56] step 4075/5625 | avg train loss 2.1968 top1 0.3335 top5 0.5955
    [06:30:01] step 4100/5625 | avg train loss 2.1962 top1 0.3336 top5 0.5962
    [06:30:06] step 4125/5625 | avg train loss 2.1952 top1 0.3340 top5 0.5966
    [06:30:11] step 4150/5625 | avg train loss 2.1955 top1 0.3340 top5 0.5968
    [06:30:16] step 4175/5625 | avg train loss 2.1955 top1 0.3343 top5 0.5968
    [06:30:21] step 4200/5625 | avg train loss 2.1965 top1 0.3341 top5 0.5970
    [06:30:27] step 4225/5625 | avg train loss 2.1968 top1 0.3338 top5 0.5970
    [06:30:32] step 4250/5625 | avg train loss 2.1967 top1 0.3340 top5 0.5971
    [06:30:37] step 4275/5625 | avg train loss 2.1966 top1 0.3339 top5 0.5970
    [06:30:42] step 4300/5625 | avg train loss 2.1970 top1 0.3342 top5 0.5971
    [06:30:47] step 4325/5625 | avg train loss 2.1974 top1 0.3340 top5 0.5970
    [06:30:52] step 4350/5625 | avg train loss 2.1982 top1 0.3340 top5 0.5967
    [06:30:57] step 4375/5625 | avg train loss 2.1979 top1 0.3342 top5 0.5970
    [06:31:02] step 4400/5625 | avg train loss 2.1974 top1 0.3347 top5 0.5975
    [06:31:07] step 4425/5625 | avg train loss 2.1969 top1 0.3350 top5 0.5977
    [06:31:13] step 4450/5625 | avg train loss 2.1972 top1 0.3349 top5 0.5980
    [06:31:18] step 4475/5625 | avg train loss 2.1969 top1 0.3346 top5 0.5975
    [06:31:23] step 4500/5625 | avg train loss 2.1971 top1 0.3345 top5 0.5976
    [06:31:28] step 4525/5625 | avg train loss 2.1984 top1 0.3343 top5 0.5973
    [06:31:33] step 4550/5625 | avg train loss 2.1985 top1 0.3342 top5 0.5970
    [06:31:38] step 4575/5625 | avg train loss 2.1992 top1 0.3340 top5 0.5966
    [06:31:43] step 4600/5625 | avg train loss 2.1986 top1 0.3341 top5 0.5964
    [06:31:48] step 4625/5625 | avg train loss 2.1983 top1 0.3341 top5 0.5964
    [06:31:53] step 4650/5625 | avg train loss 2.1992 top1 0.3340 top5 0.5962
    [06:31:58] step 4675/5625 | avg train loss 2.1989 top1 0.3343 top5 0.5962
    [06:32:03] step 4700/5625 | avg train loss 2.1987 top1 0.3344 top5 0.5963
    [06:32:08] step 4725/5625 | avg train loss 2.1978 top1 0.3349 top5 0.5966
    [06:32:14] step 4750/5625 | avg train loss 2.1987 top1 0.3352 top5 0.5967
    [06:32:19] step 4775/5625 | avg train loss 2.1994 top1 0.3350 top5 0.5964
    [06:32:24] step 4800/5625 | avg train loss 2.1991 top1 0.3347 top5 0.5965
    [06:32:29] step 4825/5625 | avg train loss 2.1985 top1 0.3345 top5 0.5963
    [06:32:34] step 4850/5625 | avg train loss 2.1996 top1 0.3344 top5 0.5966
    [06:32:39] step 4875/5625 | avg train loss 2.1987 top1 0.3344 top5 0.5966
    [06:32:44] step 4900/5625 | avg train loss 2.1980 top1 0.3344 top5 0.5965
    [06:32:49] step 4925/5625 | avg train loss 2.1981 top1 0.3352 top5 0.5970
    [06:32:55] step 4950/5625 | avg train loss 2.1991 top1 0.3350 top5 0.5970
    [06:33:00] step 4975/5625 | avg train loss 2.1991 top1 0.3348 top5 0.5968
    [06:33:05] step 5000/5625 | avg train loss 2.1991 top1 0.3349 top5 0.5968
    [06:33:10] step 5025/5625 | avg train loss 2.1989 top1 0.3352 top5 0.5973
    [06:33:15] step 5050/5625 | avg train loss 2.1988 top1 0.3350 top5 0.5970
    [06:33:20] step 5075/5625 | avg train loss 2.1980 top1 0.3352 top5 0.5972
    [06:33:25] step 5100/5625 | avg train loss 2.1981 top1 0.3352 top5 0.5973
    [06:33:30] step 5125/5625 | avg train loss 2.1990 top1 0.3353 top5 0.5969
    [06:33:35] step 5150/5625 | avg train loss 2.1995 top1 0.3350 top5 0.5969
    [06:33:40] step 5175/5625 | avg train loss 2.1994 top1 0.3352 top5 0.5972
    [06:33:45] step 5200/5625 | avg train loss 2.1996 top1 0.3351 top5 0.5971
    [06:33:51] step 5225/5625 | avg train loss 2.1988 top1 0.3351 top5 0.5972
    [06:33:56] step 5250/5625 | avg train loss 2.1990 top1 0.3352 top5 0.5973
    [06:34:01] step 5275/5625 | avg train loss 2.1986 top1 0.3348 top5 0.5972
    [06:34:06] step 5300/5625 | avg train loss 2.1982 top1 0.3351 top5 0.5974
    [06:34:11] step 5325/5625 | avg train loss 2.1973 top1 0.3354 top5 0.5974
    [06:34:16] step 5350/5625 | avg train loss 2.1973 top1 0.3352 top5 0.5973
    [06:34:21] step 5375/5625 | avg train loss 2.1982 top1 0.3348 top5 0.5970
    [06:34:26] step 5400/5625 | avg train loss 2.1981 top1 0.3347 top5 0.5970
    [06:34:32] step 5425/5625 | avg train loss 2.1989 top1 0.3344 top5 0.5968
    [06:34:37] step 5450/5625 | avg train loss 2.1986 top1 0.3345 top5 0.5969
    [06:34:42] step 5475/5625 | avg train loss 2.1983 top1 0.3345 top5 0.5968
    [06:34:47] step 5500/5625 | avg train loss 2.1993 top1 0.3344 top5 0.5967
    [06:34:52] step 5525/5625 | avg train loss 2.1990 top1 0.3347 top5 0.5970
    [06:34:57] step 5550/5625 | avg train loss 2.1985 top1 0.3349 top5 0.5973
    [06:35:02] step 5575/5625 | avg train loss 2.1984 top1 0.3349 top5 0.5973
    [06:35:07] step 5600/5625 | avg train loss 2.1991 top1 0.3350 top5 0.5973
    [06:35:12] step 5625/5625 | avg train loss 2.1985 top1 0.3353 top5 0.5976
Epoch 22/50 | train loss 2.1985 top1 0.3353 | val loss 1.8689 top1 0.4712 top5 0.7957 | ema holdout top1 0.4322 top5 0.7693
  Saved new best checkpoint (live): /Data/romain.poggi/smth2smth/checkpoints/track_a/videomaev2+ft/meanpool-mae150-s44.pt (val top1=0.4712)
    [06:36:48] step 25/5625 | avg train loss 2.0701 top1 0.3100 top5 0.6050
    [06:36:53] step 50/5625 | avg train loss 2.1459 top1 0.3225 top5 0.6150
    [06:36:58] step 75/5625 | avg train loss 2.1409 top1 0.3150 top5 0.6017
    [06:37:03] step 100/5625 | avg train loss 2.1624 top1 0.2975 top5 0.5837
    [06:37:08] step 125/5625 | avg train loss 2.1717 top1 0.2990 top5 0.5800
    [06:37:13] step 150/5625 | avg train loss 2.1784 top1 0.2925 top5 0.5692
    [06:37:18] step 175/5625 | avg train loss 2.1657 top1 0.3021 top5 0.5793
    [06:37:23] step 200/5625 | avg train loss 2.1801 top1 0.3019 top5 0.5856
    [06:37:29] step 225/5625 | avg train loss 2.1712 top1 0.3133 top5 0.5944
    [06:37:34] step 250/5625 | avg train loss 2.1570 top1 0.3240 top5 0.6025
    [06:37:39] step 275/5625 | avg train loss 2.1706 top1 0.3223 top5 0.6050
    [06:37:44] step 300/5625 | avg train loss 2.1652 top1 0.3262 top5 0.6071
    [06:37:49] step 325/5625 | avg train loss 2.1700 top1 0.3231 top5 0.6015
    [06:37:54] step 350/5625 | avg train loss 2.1775 top1 0.3211 top5 0.6054
    [06:37:59] step 375/5625 | avg train loss 2.1828 top1 0.3237 top5 0.6060
    [06:38:04] step 400/5625 | avg train loss 2.1832 top1 0.3225 top5 0.6059
    [06:38:09] step 425/5625 | avg train loss 2.1952 top1 0.3209 top5 0.6071
    [06:38:14] step 450/5625 | avg train loss 2.1875 top1 0.3225 top5 0.6056
    [06:38:19] step 475/5625 | avg train loss 2.1907 top1 0.3182 top5 0.6011
    [06:38:24] step 500/5625 | avg train loss 2.1963 top1 0.3175 top5 0.6010
    [06:38:30] step 525/5625 | avg train loss 2.1934 top1 0.3198 top5 0.6010
    [06:38:35] step 550/5625 | avg train loss 2.1761 top1 0.3220 top5 0.6005
    [06:38:40] step 575/5625 | avg train loss 2.1694 top1 0.3224 top5 0.6002
    [06:38:45] step 600/5625 | avg train loss 2.1629 top1 0.3269 top5 0.6038
    [06:38:50] step 625/5625 | avg train loss 2.1553 top1 0.3280 top5 0.6056
    [06:38:55] step 650/5625 | avg train loss 2.1585 top1 0.3269 top5 0.6065
    [06:39:00] step 675/5625 | avg train loss 2.1630 top1 0.3269 top5 0.6044
    [06:39:05] step 700/5625 | avg train loss 2.1706 top1 0.3237 top5 0.6011
    [06:39:10] step 725/5625 | avg train loss 2.1755 top1 0.3238 top5 0.5995
    [06:39:16] step 750/5625 | avg train loss 2.1735 top1 0.3232 top5 0.5965
    [06:39:21] step 775/5625 | avg train loss 2.1713 top1 0.3240 top5 0.5965
    [06:39:26] step 800/5625 | avg train loss 2.1647 top1 0.3245 top5 0.5969
    [06:39:31] step 825/5625 | avg train loss 2.1683 top1 0.3264 top5 0.5971
    [06:39:36] step 850/5625 | avg train loss 2.1679 top1 0.3240 top5 0.5943
    [06:39:41] step 875/5625 | avg train loss 2.1716 top1 0.3229 top5 0.5944
    [06:39:46] step 900/5625 | avg train loss 2.1692 top1 0.3240 top5 0.5947
    [06:39:51] step 925/5625 | avg train loss 2.1685 top1 0.3249 top5 0.5955
    [06:39:56] step 950/5625 | avg train loss 2.1648 top1 0.3270 top5 0.5966
    [06:40:01] step 975/5625 | avg train loss 2.1635 top1 0.3292 top5 0.5985
    [06:40:06] step 1000/5625 | avg train loss 2.1660 top1 0.3294 top5 0.5982
    [06:40:12] step 1025/5625 | avg train loss 2.1640 top1 0.3290 top5 0.5973
    [06:40:17] step 1050/5625 | avg train loss 2.1657 top1 0.3276 top5 0.5952
    [06:40:22] step 1075/5625 | avg train loss 2.1693 top1 0.3273 top5 0.5962
    [06:40:27] step 1100/5625 | avg train loss 2.1692 top1 0.3282 top5 0.5970
    [06:40:32] step 1125/5625 | avg train loss 2.1661 top1 0.3294 top5 0.5990
    [06:40:37] step 1150/5625 | avg train loss 2.1675 top1 0.3291 top5 0.5989
    [06:40:42] step 1175/5625 | avg train loss 2.1666 top1 0.3293 top5 0.5990
    [06:40:47] step 1200/5625 | avg train loss 2.1648 top1 0.3292 top5 0.5990
    [06:40:52] step 1225/5625 | avg train loss 2.1630 top1 0.3296 top5 0.5994
    [06:40:57] step 1250/5625 | avg train loss 2.1644 top1 0.3298 top5 0.5993
    [06:41:02] step 1275/5625 | avg train loss 2.1654 top1 0.3307 top5 0.5991
    [06:41:07] step 1300/5625 | avg train loss 2.1672 top1 0.3316 top5 0.5996
    [06:41:13] step 1325/5625 | avg train loss 2.1628 top1 0.3329 top5 0.6004
    [06:41:18] step 1350/5625 | avg train loss 2.1650 top1 0.3318 top5 0.5994
    [06:41:23] step 1375/5625 | avg train loss 2.1642 top1 0.3321 top5 0.5995
    [06:41:28] step 1400/5625 | avg train loss 2.1650 top1 0.3314 top5 0.5997
    [06:41:33] step 1425/5625 | avg train loss 2.1618 top1 0.3325 top5 0.6012
    [06:41:38] step 1450/5625 | avg train loss 2.1632 top1 0.3322 top5 0.6008
    [06:41:43] step 1475/5625 | avg train loss 2.1639 top1 0.3319 top5 0.6009
    [06:41:48] step 1500/5625 | avg train loss 2.1568 top1 0.3335 top5 0.6022
    [06:41:53] step 1525/5625 | avg train loss 2.1569 top1 0.3336 top5 0.6023
    [06:41:58] step 1550/5625 | avg train loss 2.1568 top1 0.3340 top5 0.6027
    [06:42:04] step 1575/5625 | avg train loss 2.1572 top1 0.3333 top5 0.6018
    [06:42:09] step 1600/5625 | avg train loss 2.1514 top1 0.3345 top5 0.6034
    [06:42:14] step 1625/5625 | avg train loss 2.1503 top1 0.3342 top5 0.6036
    [06:42:19] step 1650/5625 | avg train loss 2.1494 top1 0.3355 top5 0.6049
    [06:42:24] step 1675/5625 | avg train loss 2.1527 top1 0.3356 top5 0.6048
    [06:42:29] step 1700/5625 | avg train loss 2.1540 top1 0.3351 top5 0.6049
    [06:42:34] step 1725/5625 | avg train loss 2.1541 top1 0.3345 top5 0.6047
    [06:42:39] step 1750/5625 | avg train loss 2.1537 top1 0.3350 top5 0.6056
    [06:42:44] step 1775/5625 | avg train loss 2.1494 top1 0.3349 top5 0.6052
    [06:42:49] step 1800/5625 | avg train loss 2.1489 top1 0.3348 top5 0.6049
    [06:42:54] step 1825/5625 | avg train loss 2.1464 top1 0.3351 top5 0.6060
    [06:43:00] step 1850/5625 | avg train loss 2.1463 top1 0.3351 top5 0.6058
    [06:43:05] step 1875/5625 | avg train loss 2.1480 top1 0.3346 top5 0.6051
    [06:43:10] step 1900/5625 | avg train loss 2.1496 top1 0.3346 top5 0.6053
    [06:43:15] step 1925/5625 | avg train loss 2.1509 top1 0.3346 top5 0.6052
    [06:43:20] step 1950/5625 | avg train loss 2.1493 top1 0.3355 top5 0.6057
    [06:43:25] step 1975/5625 | avg train loss 2.1471 top1 0.3357 top5 0.6057
    [06:43:30] step 2000/5625 | avg train loss 2.1458 top1 0.3364 top5 0.6066
    [06:43:35] step 2025/5625 | avg train loss 2.1475 top1 0.3360 top5 0.6064
    [06:43:41] step 2050/5625 | avg train loss 2.1466 top1 0.3358 top5 0.6070
    [06:43:46] step 2075/5625 | avg train loss 2.1496 top1 0.3360 top5 0.6067
    [06:43:51] step 2100/5625 | avg train loss 2.1512 top1 0.3355 top5 0.6057
    [06:43:56] step 2125/5625 | avg train loss 2.1508 top1 0.3362 top5 0.6062
    [06:44:01] step 2150/5625 | avg train loss 2.1541 top1 0.3354 top5 0.6054
    [06:44:06] step 2175/5625 | avg train loss 2.1540 top1 0.3355 top5 0.6056
    [06:44:11] step 2200/5625 | avg train loss 2.1545 top1 0.3349 top5 0.6052
    [06:44:16] step 2225/5625 | avg train loss 2.1537 top1 0.3347 top5 0.6056
    [06:44:21] step 2250/5625 | avg train loss 2.1536 top1 0.3346 top5 0.6051
    [06:44:26] step 2275/5625 | avg train loss 2.1536 top1 0.3347 top5 0.6057
    [06:44:32] step 2300/5625 | avg train loss 2.1537 top1 0.3350 top5 0.6060
    [06:44:37] step 2325/5625 | avg train loss 2.1526 top1 0.3354 top5 0.6060
    [06:44:42] step 2350/5625 | avg train loss 2.1537 top1 0.3353 top5 0.6059
    [06:44:47] step 2375/5625 | avg train loss 2.1547 top1 0.3358 top5 0.6058
    [06:44:52] step 2400/5625 | avg train loss 2.1539 top1 0.3356 top5 0.6060
    [06:44:57] step 2425/5625 | avg train loss 2.1534 top1 0.3360 top5 0.6065
    [06:45:02] step 2450/5625 | avg train loss 2.1540 top1 0.3359 top5 0.6065
    [06:45:08] step 2475/5625 | avg train loss 2.1542 top1 0.3364 top5 0.6071
    [06:45:13] step 2500/5625 | avg train loss 2.1554 top1 0.3362 top5 0.6073
    [06:45:18] step 2525/5625 | avg train loss 2.1540 top1 0.3370 top5 0.6078
    [06:45:23] step 2550/5625 | avg train loss 2.1546 top1 0.3369 top5 0.6077
    [06:45:28] step 2575/5625 | avg train loss 2.1526 top1 0.3370 top5 0.6079
    [06:45:33] step 2600/5625 | avg train loss 2.1524 top1 0.3371 top5 0.6080
    [06:45:38] step 2625/5625 | avg train loss 2.1538 top1 0.3368 top5 0.6080
    [06:45:43] step 2650/5625 | avg train loss 2.1539 top1 0.3369 top5 0.6083
    [06:45:48] step 2675/5625 | avg train loss 2.1546 top1 0.3369 top5 0.6083
    [06:45:53] step 2700/5625 | avg train loss 2.1546 top1 0.3371 top5 0.6088
    [06:45:59] step 2725/5625 | avg train loss 2.1559 top1 0.3364 top5 0.6083
    [06:46:04] step 2750/5625 | avg train loss 2.1542 top1 0.3367 top5 0.6089
    [06:46:09] step 2775/5625 | avg train loss 2.1533 top1 0.3372 top5 0.6095
    [06:46:14] step 2800/5625 | avg train loss 2.1536 top1 0.3368 top5 0.6099
    [06:46:19] step 2825/5625 | avg train loss 2.1533 top1 0.3368 top5 0.6097
    [06:46:24] step 2850/5625 | avg train loss 2.1536 top1 0.3368 top5 0.6094
    [06:46:29] step 2875/5625 | avg train loss 2.1548 top1 0.3365 top5 0.6089
    [06:46:34] step 2900/5625 | avg train loss 2.1537 top1 0.3368 top5 0.6089
    [06:46:39] step 2925/5625 | avg train loss 2.1541 top1 0.3372 top5 0.6084
    [06:46:44] step 2950/5625 | avg train loss 2.1545 top1 0.3373 top5 0.6091
    [06:46:49] step 2975/5625 | avg train loss 2.1546 top1 0.3374 top5 0.6093
    [06:46:55] step 3000/5625 | avg train loss 2.1551 top1 0.3373 top5 0.6095
    [06:47:00] step 3025/5625 | avg train loss 2.1544 top1 0.3373 top5 0.6095
    [06:47:05] step 3050/5625 | avg train loss 2.1562 top1 0.3368 top5 0.6090
    [06:47:10] step 3075/5625 | avg train loss 2.1557 top1 0.3369 top5 0.6090
    [06:47:15] step 3100/5625 | avg train loss 2.1567 top1 0.3367 top5 0.6090
    [06:47:20] step 3125/5625 | avg train loss 2.1587 top1 0.3368 top5 0.6089
    [06:47:25] step 3150/5625 | avg train loss 2.1588 top1 0.3367 top5 0.6092
    [06:47:30] step 3175/5625 | avg train loss 2.1574 top1 0.3370 top5 0.6096
    [06:47:36] step 3200/5625 | avg train loss 2.1572 top1 0.3373 top5 0.6097
    [06:47:41] step 3225/5625 | avg train loss 2.1588 top1 0.3367 top5 0.6093
    [06:47:46] step 3250/5625 | avg train loss 2.1589 top1 0.3364 top5 0.6087
    [06:47:51] step 3275/5625 | avg train loss 2.1590 top1 0.3365 top5 0.6089
    [06:47:56] step 3300/5625 | avg train loss 2.1590 top1 0.3367 top5 0.6095
    [06:48:01] step 3325/5625 | avg train loss 2.1599 top1 0.3364 top5 0.6095
    [06:48:06] step 3350/5625 | avg train loss 2.1593 top1 0.3363 top5 0.6094
    [06:48:11] step 3375/5625 | avg train loss 2.1596 top1 0.3361 top5 0.6090
    [06:48:16] step 3400/5625 | avg train loss 2.1590 top1 0.3361 top5 0.6089
    [06:48:21] step 3425/5625 | avg train loss 2.1593 top1 0.3359 top5 0.6087
    [06:48:26] step 3450/5625 | avg train loss 2.1605 top1 0.3361 top5 0.6088
    [06:48:31] step 3475/5625 | avg train loss 2.1609 top1 0.3358 top5 0.6086
    [06:48:37] step 3500/5625 | avg train loss 2.1602 top1 0.3360 top5 0.6088
    [06:48:42] step 3525/5625 | avg train loss 2.1611 top1 0.3364 top5 0.6091
    [06:48:47] step 3550/5625 | avg train loss 2.1618 top1 0.3360 top5 0.6088
    [06:48:52] step 3575/5625 | avg train loss 2.1612 top1 0.3360 top5 0.6086
    [06:48:57] step 3600/5625 | avg train loss 2.1616 top1 0.3362 top5 0.6090
    [06:49:02] step 3625/5625 | avg train loss 2.1614 top1 0.3362 top5 0.6093
    [06:49:07] step 3650/5625 | avg train loss 2.1596 top1 0.3364 top5 0.6093
    [06:49:12] step 3675/5625 | avg train loss 2.1604 top1 0.3366 top5 0.6095
    [06:49:17] step 3700/5625 | avg train loss 2.1611 top1 0.3363 top5 0.6091
    [06:49:22] step 3725/5625 | avg train loss 2.1605 top1 0.3362 top5 0.6089
    [06:49:28] step 3750/5625 | avg train loss 2.1622 top1 0.3362 top5 0.6089
    [06:49:33] step 3775/5625 | avg train loss 2.1625 top1 0.3358 top5 0.6085
    [06:49:38] step 3800/5625 | avg train loss 2.1622 top1 0.3357 top5 0.6086
    [06:49:43] step 3825/5625 | avg train loss 2.1616 top1 0.3360 top5 0.6087
    [06:49:48] step 3850/5625 | avg train loss 2.1628 top1 0.3353 top5 0.6081
    [06:49:53] step 3875/5625 | avg train loss 2.1635 top1 0.3345 top5 0.6076
    [06:49:58] step 3900/5625 | avg train loss 2.1627 top1 0.3352 top5 0.6080
    [06:50:03] step 3925/5625 | avg train loss 2.1640 top1 0.3350 top5 0.6079
    [06:50:08] step 3950/5625 | avg train loss 2.1630 top1 0.3351 top5 0.6080
    [06:50:13] step 3975/5625 | avg train loss 2.1629 top1 0.3353 top5 0.6081
    [06:50:19] step 4000/5625 | avg train loss 2.1620 top1 0.3351 top5 0.6079
    [06:50:24] step 4025/5625 | avg train loss 2.1623 top1 0.3353 top5 0.6080
    [06:50:29] step 4050/5625 | avg train loss 2.1628 top1 0.3357 top5 0.6085
    [06:50:34] step 4075/5625 | avg train loss 2.1637 top1 0.3356 top5 0.6085
    [06:50:39] step 4100/5625 | avg train loss 2.1634 top1 0.3351 top5 0.6082
    [06:50:44] step 4125/5625 | avg train loss 2.1629 top1 0.3352 top5 0.6083
    [06:50:49] step 4150/5625 | avg train loss 2.1622 top1 0.3354 top5 0.6082
    [06:50:54] step 4175/5625 | avg train loss 2.1628 top1 0.3349 top5 0.6079
    [06:51:00] step 4200/5625 | avg train loss 2.1627 top1 0.3351 top5 0.6079
    [06:51:05] step 4225/5625 | avg train loss 2.1628 top1 0.3351 top5 0.6081
    [06:51:10] step 4250/5625 | avg train loss 2.1625 top1 0.3347 top5 0.6076
    [06:51:15] step 4275/5625 | avg train loss 2.1613 top1 0.3344 top5 0.6073
    [06:51:20] step 4300/5625 | avg train loss 2.1616 top1 0.3350 top5 0.6076
    [06:51:25] step 4325/5625 | avg train loss 2.1613 top1 0.3345 top5 0.6070
    [06:51:30] step 4350/5625 | avg train loss 2.1612 top1 0.3347 top5 0.6073
    [06:51:35] step 4375/5625 | avg train loss 2.1605 top1 0.3349 top5 0.6072
    [06:51:40] step 4400/5625 | avg train loss 2.1619 top1 0.3343 top5 0.6070
    [06:51:45] step 4425/5625 | avg train loss 2.1619 top1 0.3347 top5 0.6071
    [06:51:50] step 4450/5625 | avg train loss 2.1631 top1 0.3346 top5 0.6067
    [06:51:56] step 4475/5625 | avg train loss 2.1639 top1 0.3349 top5 0.6070
    [06:52:01] step 4500/5625 | avg train loss 2.1634 top1 0.3347 top5 0.6071
    [06:52:06] step 4525/5625 | avg train loss 2.1650 top1 0.3345 top5 0.6069
    [06:52:11] step 4550/5625 | avg train loss 2.1644 top1 0.3343 top5 0.6066
    [06:52:16] step 4575/5625 | avg train loss 2.1649 top1 0.3346 top5 0.6066
    [06:52:21] step 4600/5625 | avg train loss 2.1658 top1 0.3346 top5 0.6067
    [06:52:26] step 4625/5625 | avg train loss 2.1643 top1 0.3346 top5 0.6070
    [06:52:31] step 4650/5625 | avg train loss 2.1655 top1 0.3344 top5 0.6069
    [06:52:36] step 4675/5625 | avg train loss 2.1658 top1 0.3346 top5 0.6072
    [06:52:41] step 4700/5625 | avg train loss 2.1655 top1 0.3342 top5 0.6069
    [06:52:47] step 4725/5625 | avg train loss 2.1664 top1 0.3340 top5 0.6066
    [06:52:52] step 4750/5625 | avg train loss 2.1652 top1 0.3340 top5 0.6068
    [06:52:57] step 4775/5625 | avg train loss 2.1658 top1 0.3340 top5 0.6068
    [06:53:02] step 4800/5625 | avg train loss 2.1651 top1 0.3336 top5 0.6062
    [06:53:07] step 4825/5625 | avg train loss 2.1644 top1 0.3341 top5 0.6067
    [06:53:12] step 4850/5625 | avg train loss 2.1656 top1 0.3340 top5 0.6063
    [06:53:17] step 4875/5625 | avg train loss 2.1652 top1 0.3345 top5 0.6067
    [06:53:22] step 4900/5625 | avg train loss 2.1649 top1 0.3345 top5 0.6068
    [06:53:28] step 4925/5625 | avg train loss 2.1650 top1 0.3347 top5 0.6068
    [06:53:33] step 4950/5625 | avg train loss 2.1655 top1 0.3345 top5 0.6064
    [06:53:38] step 4975/5625 | avg train loss 2.1650 top1 0.3351 top5 0.6069
    [06:53:43] step 5000/5625 | avg train loss 2.1653 top1 0.3350 top5 0.6069
    [06:53:48] step 5025/5625 | avg train loss 2.1659 top1 0.3352 top5 0.6071
    [06:53:53] step 5050/5625 | avg train loss 2.1663 top1 0.3351 top5 0.6069
    [06:53:58] step 5075/5625 | avg train loss 2.1668 top1 0.3350 top5 0.6066
    [06:54:03] step 5100/5625 | avg train loss 2.1663 top1 0.3350 top5 0.6063
    [06:54:08] step 5125/5625 | avg train loss 2.1657 top1 0.3351 top5 0.6064
    [06:54:14] step 5150/5625 | avg train loss 2.1656 top1 0.3354 top5 0.6065
    [06:54:19] step 5175/5625 | avg train loss 2.1650 top1 0.3358 top5 0.6068
    [06:54:24] step 5200/5625 | avg train loss 2.1655 top1 0.3361 top5 0.6069
    [06:54:29] step 5225/5625 | avg train loss 2.1652 top1 0.3362 top5 0.6071
    [06:54:34] step 5250/5625 | avg train loss 2.1654 top1 0.3362 top5 0.6074
    [06:54:39] step 5275/5625 | avg train loss 2.1650 top1 0.3362 top5 0.6072
    [06:54:44] step 5300/5625 | avg train loss 2.1658 top1 0.3360 top5 0.6072
    [06:54:49] step 5325/5625 | avg train loss 2.1649 top1 0.3359 top5 0.6072
    [06:54:54] step 5350/5625 | avg train loss 2.1648 top1 0.3357 top5 0.6068
    [06:55:00] step 5375/5625 | avg train loss 2.1645 top1 0.3359 top5 0.6070
    [06:55:05] step 5400/5625 | avg train loss 2.1638 top1 0.3358 top5 0.6069
    [06:55:10] step 5425/5625 | avg train loss 2.1636 top1 0.3359 top5 0.6068
    [06:55:15] step 5450/5625 | avg train loss 2.1638 top1 0.3359 top5 0.6068
    [06:55:20] step 5475/5625 | avg train loss 2.1636 top1 0.3361 top5 0.6071
    [06:55:25] step 5500/5625 | avg train loss 2.1636 top1 0.3359 top5 0.6072
    [06:55:30] step 5525/5625 | avg train loss 2.1625 top1 0.3364 top5 0.6077
    [06:55:36] step 5550/5625 | avg train loss 2.1625 top1 0.3364 top5 0.6076
    [06:55:41] step 5575/5625 | avg train loss 2.1634 top1 0.3365 top5 0.6076
    [06:55:46] step 5600/5625 | avg train loss 2.1639 top1 0.3366 top5 0.6076
    [06:55:51] step 5625/5625 | avg train loss 2.1644 top1 0.3363 top5 0.6073
Epoch 23/50 | train loss 2.1644 top1 0.3363 | val loss 1.8754 top1 0.4682 top5 0.7913 | ema holdout top1 0.4414 top5 0.7776
  No val top1 improvement (1/15); best remains 0.4712
    [06:57:26] step 25/5625 | avg train loss 2.0901 top1 0.4150 top5 0.6750
    [06:57:31] step 50/5625 | avg train loss 2.0982 top1 0.3675 top5 0.6425
    [06:57:36] step 75/5625 | avg train loss 2.0719 top1 0.4000 top5 0.6517
    [06:57:41] step 100/5625 | avg train loss 2.0465 top1 0.3900 top5 0.6425
    [06:57:46] step 125/5625 | avg train loss 2.0549 top1 0.3990 top5 0.6590
    [06:57:52] step 150/5625 | avg train loss 2.0639 top1 0.3833 top5 0.6442
    [06:57:57] step 175/5625 | avg train loss 2.0486 top1 0.3721 top5 0.6229
    [06:58:02] step 200/5625 | avg train loss 2.0809 top1 0.3638 top5 0.6150
    [06:58:07] step 225/5625 | avg train loss 2.0629 top1 0.3606 top5 0.6139
    [06:58:12] step 250/5625 | avg train loss 2.0575 top1 0.3620 top5 0.6140
    [06:58:17] step 275/5625 | avg train loss 2.0585 top1 0.3623 top5 0.6164
    [06:58:22] step 300/5625 | avg train loss 2.0720 top1 0.3588 top5 0.6125
    [06:58:27] step 325/5625 | avg train loss 2.0872 top1 0.3550 top5 0.6115
    [06:58:32] step 350/5625 | avg train loss 2.0944 top1 0.3539 top5 0.6125
    [06:58:37] step 375/5625 | avg train loss 2.1040 top1 0.3553 top5 0.6143
    [06:58:43] step 400/5625 | avg train loss 2.1052 top1 0.3544 top5 0.6112
    [06:58:48] step 425/5625 | avg train loss 2.1104 top1 0.3553 top5 0.6153
    [06:58:53] step 450/5625 | avg train loss 2.1030 top1 0.3564 top5 0.6147
    [06:58:58] step 475/5625 | avg train loss 2.1145 top1 0.3550 top5 0.6145
    [06:59:03] step 500/5625 | avg train loss 2.1077 top1 0.3573 top5 0.6182
    [06:59:08] step 525/5625 | avg train loss 2.1035 top1 0.3576 top5 0.6195
    [06:59:13] step 550/5625 | avg train loss 2.0964 top1 0.3580 top5 0.6182
    [06:59:19] step 575/5625 | avg train loss 2.0990 top1 0.3578 top5 0.6154
    [06:59:24] step 600/5625 | avg train loss 2.0954 top1 0.3596 top5 0.6167
    [06:59:29] step 625/5625 | avg train loss 2.0966 top1 0.3596 top5 0.6198
    [06:59:34] step 650/5625 | avg train loss 2.0975 top1 0.3583 top5 0.6198
    [06:59:39] step 675/5625 | avg train loss 2.0975 top1 0.3574 top5 0.6185
    [06:59:44] step 700/5625 | avg train loss 2.1042 top1 0.3586 top5 0.6218
    [06:59:49] step 725/5625 | avg train loss 2.1105 top1 0.3583 top5 0.6219
    [06:59:54] step 750/5625 | avg train loss 2.1117 top1 0.3573 top5 0.6192
    [06:59:59] step 775/5625 | avg train loss 2.1119 top1 0.3573 top5 0.6174
    [07:00:04] step 800/5625 | avg train loss 2.1082 top1 0.3577 top5 0.6186
    [07:00:10] step 825/5625 | avg train loss 2.1163 top1 0.3562 top5 0.6174
    [07:00:15] step 850/5625 | avg train loss 2.1187 top1 0.3563 top5 0.6172
    [07:00:20] step 875/5625 | avg train loss 2.1180 top1 0.3554 top5 0.6167
    [07:00:25] step 900/5625 | avg train loss 2.1162 top1 0.3571 top5 0.6175
    [07:00:30] step 925/5625 | avg train loss 2.1171 top1 0.3569 top5 0.6177
    [07:00:35] step 950/5625 | avg train loss 2.1151 top1 0.3571 top5 0.6161
    [07:00:40] step 975/5625 | avg train loss 2.1170 top1 0.3579 top5 0.6159
    [07:00:45] step 1000/5625 | avg train loss 2.1195 top1 0.3584 top5 0.6149
    [07:00:51] step 1025/5625 | avg train loss 2.1229 top1 0.3574 top5 0.6152
    [07:00:56] step 1050/5625 | avg train loss 2.1276 top1 0.3573 top5 0.6145
    [07:01:01] step 1075/5625 | avg train loss 2.1257 top1 0.3563 top5 0.6145
    [07:01:06] step 1100/5625 | avg train loss 2.1269 top1 0.3563 top5 0.6150
    [07:01:11] step 1125/5625 | avg train loss 2.1220 top1 0.3553 top5 0.6136
    [07:01:16] step 1150/5625 | avg train loss 2.1229 top1 0.3541 top5 0.6126
    [07:01:21] step 1175/5625 | avg train loss 2.1269 top1 0.3534 top5 0.6121
    [07:01:26] step 1200/5625 | avg train loss 2.1272 top1 0.3535 top5 0.6116
    [07:01:31] step 1225/5625 | avg train loss 2.1267 top1 0.3547 top5 0.6126
    [07:01:37] step 1250/5625 | avg train loss 2.1288 top1 0.3539 top5 0.6122
    [07:01:42] step 1275/5625 | avg train loss 2.1282 top1 0.3538 top5 0.6123
    [07:01:47] step 1300/5625 | avg train loss 2.1270 top1 0.3538 top5 0.6117
    [07:01:52] step 1325/5625 | avg train loss 2.1301 top1 0.3524 top5 0.6103
    [07:01:57] step 1350/5625 | avg train loss 2.1325 top1 0.3532 top5 0.6120
    [07:02:02] step 1375/5625 | avg train loss 2.1295 top1 0.3526 top5 0.6116
    [07:02:07] step 1400/5625 | avg train loss 2.1285 top1 0.3532 top5 0.6125
    [07:02:12] step 1425/5625 | avg train loss 2.1283 top1 0.3535 top5 0.6125
    [07:02:18] step 1450/5625 | avg train loss 2.1315 top1 0.3521 top5 0.6109
    [07:02:23] step 1475/5625 | avg train loss 2.1334 top1 0.3505 top5 0.6092
    [07:02:28] step 1500/5625 | avg train loss 2.1352 top1 0.3507 top5 0.6094
    [07:02:33] step 1525/5625 | avg train loss 2.1329 top1 0.3497 top5 0.6086
    [07:02:38] step 1550/5625 | avg train loss 2.1352 top1 0.3489 top5 0.6085
    [07:02:43] step 1575/5625 | avg train loss 2.1328 top1 0.3503 top5 0.6091
    [07:02:48] step 1600/5625 | avg train loss 2.1300 top1 0.3493 top5 0.6083
    [07:02:53] step 1625/5625 | avg train loss 2.1305 top1 0.3485 top5 0.6087
    [07:02:58] step 1650/5625 | avg train loss 2.1288 top1 0.3495 top5 0.6095
    [07:03:04] step 1675/5625 | avg train loss 2.1290 top1 0.3506 top5 0.6104
    [07:03:09] step 1700/5625 | avg train loss 2.1286 top1 0.3511 top5 0.6108
    [07:03:14] step 1725/5625 | avg train loss 2.1272 top1 0.3508 top5 0.6108
    [07:03:19] step 1750/5625 | avg train loss 2.1269 top1 0.3510 top5 0.6119
    [07:03:24] step 1775/5625 | avg train loss 2.1263 top1 0.3511 top5 0.6118
    [07:03:29] step 1800/5625 | avg train loss 2.1281 top1 0.3503 top5 0.6113
    [07:03:34] step 1825/5625 | avg train loss 2.1306 top1 0.3514 top5 0.6125
    [07:03:39] step 1850/5625 | avg train loss 2.1321 top1 0.3518 top5 0.6133
    [07:03:44] step 1875/5625 | avg train loss 2.1299 top1 0.3525 top5 0.6144
    [07:03:50] step 1900/5625 | avg train loss 2.1312 top1 0.3525 top5 0.6141
    [07:03:55] step 1925/5625 | avg train loss 2.1299 top1 0.3525 top5 0.6145
    [07:04:00] step 1950/5625 | avg train loss 2.1286 top1 0.3528 top5 0.6153
    [07:04:05] step 1975/5625 | avg train loss 2.1279 top1 0.3528 top5 0.6160
    [07:04:10] step 2000/5625 | avg train loss 2.1284 top1 0.3533 top5 0.6166
    [07:04:15] step 2025/5625 | avg train loss 2.1272 top1 0.3533 top5 0.6165
    [07:04:20] step 2050/5625 | avg train loss 2.1288 top1 0.3526 top5 0.6160
    [07:04:25] step 2075/5625 | avg train loss 2.1268 top1 0.3528 top5 0.6172
    [07:04:30] step 2100/5625 | avg train loss 2.1253 top1 0.3534 top5 0.6175
    [07:04:36] step 2125/5625 | avg train loss 2.1257 top1 0.3524 top5 0.6172
    [07:04:41] step 2150/5625 | avg train loss 2.1240 top1 0.3525 top5 0.6176
    [07:04:46] step 2175/5625 | avg train loss 2.1251 top1 0.3524 top5 0.6181
    [07:04:51] step 2200/5625 | avg train loss 2.1255 top1 0.3518 top5 0.6185
    [07:04:56] step 2225/5625 | avg train loss 2.1278 top1 0.3513 top5 0.6171
    [07:05:01] step 2250/5625 | avg train loss 2.1296 top1 0.3508 top5 0.6172
    [07:05:06] step 2275/5625 | avg train loss 2.1298 top1 0.3507 top5 0.6173
    [07:05:11] step 2300/5625 | avg train loss 2.1302 top1 0.3513 top5 0.6178
    [07:05:17] step 2325/5625 | avg train loss 2.1296 top1 0.3517 top5 0.6178
    [07:05:22] step 2350/5625 | avg train loss 2.1311 top1 0.3514 top5 0.6174
    [07:05:27] step 2375/5625 | avg train loss 2.1327 top1 0.3507 top5 0.6167
    [07:05:32] step 2400/5625 | avg train loss 2.1341 top1 0.3501 top5 0.6166
    [07:05:37] step 2425/5625 | avg train loss 2.1333 top1 0.3499 top5 0.6168
    [07:05:42] step 2450/5625 | avg train loss 2.1343 top1 0.3499 top5 0.6166
    [07:05:47] step 2475/5625 | avg train loss 2.1362 top1 0.3493 top5 0.6159
    [07:05:52] step 2500/5625 | avg train loss 2.1353 top1 0.3493 top5 0.6159
    [07:05:57] step 2525/5625 | avg train loss 2.1357 top1 0.3486 top5 0.6152
    [07:06:02] step 2550/5625 | avg train loss 2.1358 top1 0.3477 top5 0.6142
    [07:06:08] step 2575/5625 | avg train loss 2.1345 top1 0.3481 top5 0.6143
    [07:06:13] step 2600/5625 | avg train loss 2.1332 top1 0.3481 top5 0.6141
    [07:06:18] step 2625/5625 | avg train loss 2.1359 top1 0.3470 top5 0.6133
    [07:06:23] step 2650/5625 | avg train loss 2.1384 top1 0.3459 top5 0.6120
    [07:06:28] step 2675/5625 | avg train loss 2.1384 top1 0.3452 top5 0.6112
    [07:06:33] step 2700/5625 | avg train loss 2.1386 top1 0.3461 top5 0.6122
    [07:06:38] step 2725/5625 | avg train loss 2.1397 top1 0.3464 top5 0.6123
    [07:06:43] step 2750/5625 | avg train loss 2.1405 top1 0.3464 top5 0.6124
    [07:06:49] step 2775/5625 | avg train loss 2.1385 top1 0.3470 top5 0.6125
    [07:06:54] step 2800/5625 | avg train loss 2.1397 top1 0.3467 top5 0.6119
    [07:06:59] step 2825/5625 | avg train loss 2.1397 top1 0.3468 top5 0.6115
    [07:07:04] step 2850/5625 | avg train loss 2.1401 top1 0.3463 top5 0.6114
    [07:07:09] step 2875/5625 | avg train loss 2.1420 top1 0.3457 top5 0.6111
    [07:07:14] step 2900/5625 | avg train loss 2.1412 top1 0.3459 top5 0.6112
    [07:07:19] step 2925/5625 | avg train loss 2.1415 top1 0.3456 top5 0.6115
    [07:07:24] step 2950/5625 | avg train loss 2.1426 top1 0.3455 top5 0.6110
    [07:07:30] step 2975/5625 | avg train loss 2.1440 top1 0.3456 top5 0.6108
    [07:07:35] step 3000/5625 | avg train loss 2.1429 top1 0.3452 top5 0.6103
    [07:07:40] step 3025/5625 | avg train loss 2.1402 top1 0.3451 top5 0.6102
    [07:07:45] step 3050/5625 | avg train loss 2.1396 top1 0.3450 top5 0.6102
    [07:07:50] step 3075/5625 | avg train loss 2.1403 top1 0.3448 top5 0.6101
    [07:07:55] step 3100/5625 | avg train loss 2.1411 top1 0.3447 top5 0.6105
    [07:08:00] step 3125/5625 | avg train loss 2.1417 top1 0.3450 top5 0.6112
    [07:08:05] step 3150/5625 | avg train loss 2.1423 top1 0.3451 top5 0.6119
    [07:08:10] step 3175/5625 | avg train loss 2.1415 top1 0.3457 top5 0.6123
    [07:08:16] step 3200/5625 | avg train loss 2.1416 top1 0.3453 top5 0.6122
    [07:08:21] step 3225/5625 | avg train loss 2.1427 top1 0.3450 top5 0.6120
    [07:08:26] step 3250/5625 | avg train loss 2.1421 top1 0.3457 top5 0.6121
    [07:08:31] step 3275/5625 | avg train loss 2.1428 top1 0.3454 top5 0.6121
    [07:08:36] step 3300/5625 | avg train loss 2.1402 top1 0.3453 top5 0.6119
    [07:08:41] step 3325/5625 | avg train loss 2.1405 top1 0.3455 top5 0.6120
    [07:08:46] step 3350/5625 | avg train loss 2.1393 top1 0.3457 top5 0.6119
    [07:08:51] step 3375/5625 | avg train loss 2.1397 top1 0.3454 top5 0.6121
    [07:08:57] step 3400/5625 | avg train loss 2.1381 top1 0.3455 top5 0.6117
    [07:09:02] step 3425/5625 | avg train loss 2.1385 top1 0.3453 top5 0.6116
    [07:09:07] step 3450/5625 | avg train loss 2.1409 top1 0.3454 top5 0.6109
    [07:09:12] step 3475/5625 | avg train loss 2.1427 top1 0.3454 top5 0.6108
    [07:09:17] step 3500/5625 | avg train loss 2.1437 top1 0.3449 top5 0.6104
    [07:09:22] step 3525/5625 | avg train loss 2.1438 top1 0.3451 top5 0.6104
    [07:09:27] step 3550/5625 | avg train loss 2.1432 top1 0.3446 top5 0.6101
    [07:09:32] step 3575/5625 | avg train loss 2.1428 top1 0.3447 top5 0.6103
    [07:09:37] step 3600/5625 | avg train loss 2.1432 top1 0.3447 top5 0.6102
    [07:09:43] step 3625/5625 | avg train loss 2.1426 top1 0.3452 top5 0.6102
    [07:09:48] step 3650/5625 | avg train loss 2.1441 top1 0.3447 top5 0.6097
    [07:09:53] step 3675/5625 | avg train loss 2.1426 top1 0.3440 top5 0.6090
    [07:09:58] step 3700/5625 | avg train loss 2.1413 top1 0.3443 top5 0.6091
    [07:10:03] step 3725/5625 | avg train loss 2.1417 top1 0.3441 top5 0.6089
    [07:10:08] step 3750/5625 | avg train loss 2.1427 top1 0.3438 top5 0.6083
    [07:10:13] step 3775/5625 | avg train loss 2.1428 top1 0.3442 top5 0.6088
    [07:10:18] step 3800/5625 | avg train loss 2.1423 top1 0.3446 top5 0.6090
    [07:10:24] step 3825/5625 | avg train loss 2.1410 top1 0.3451 top5 0.6096
    [07:10:29] step 3850/5625 | avg train loss 2.1396 top1 0.3456 top5 0.6100
    [07:10:34] step 3875/5625 | avg train loss 2.1397 top1 0.3454 top5 0.6097
    [07:10:39] step 3900/5625 | avg train loss 2.1393 top1 0.3451 top5 0.6091
    [07:10:44] step 3925/5625 | avg train loss 2.1384 top1 0.3454 top5 0.6095
    [07:10:49] step 3950/5625 | avg train loss 2.1379 top1 0.3458 top5 0.6093
    [07:10:54] step 3975/5625 | avg train loss 2.1366 top1 0.3458 top5 0.6091
    [07:10:59] step 4000/5625 | avg train loss 2.1366 top1 0.3455 top5 0.6090
    [07:11:04] step 4025/5625 | avg train loss 2.1376 top1 0.3453 top5 0.6088
    [07:11:10] step 4050/5625 | avg train loss 2.1397 top1 0.3452 top5 0.6086
    [07:11:15] step 4075/5625 | avg train loss 2.1406 top1 0.3450 top5 0.6085
    [07:11:20] step 4100/5625 | avg train loss 2.1405 top1 0.3450 top5 0.6082
    [07:11:25] step 4125/5625 | avg train loss 2.1419 top1 0.3446 top5 0.6078
    [07:11:30] step 4150/5625 | avg train loss 2.1412 top1 0.3443 top5 0.6075
    [07:11:35] step 4175/5625 | avg train loss 2.1416 top1 0.3446 top5 0.6079
    [07:11:40] step 4200/5625 | avg train loss 2.1420 top1 0.3443 top5 0.6079
    [07:11:45] step 4225/5625 | avg train loss 2.1424 top1 0.3443 top5 0.6076
    [07:11:50] step 4250/5625 | avg train loss 2.1422 top1 0.3444 top5 0.6080
    [07:11:56] step 4275/5625 | avg train loss 2.1429 top1 0.3445 top5 0.6081
    [07:12:01] step 4300/5625 | avg train loss 2.1433 top1 0.3442 top5 0.6079
    [07:12:06] step 4325/5625 | avg train loss 2.1442 top1 0.3438 top5 0.6075
    [07:12:11] step 4350/5625 | avg train loss 2.1446 top1 0.3443 top5 0.6082
    [07:12:16] step 4375/5625 | avg train loss 2.1436 top1 0.3445 top5 0.6083
    [07:12:21] step 4400/5625 | avg train loss 2.1443 top1 0.3446 top5 0.6081
    [07:12:26] step 4425/5625 | avg train loss 2.1447 top1 0.3447 top5 0.6082
    [07:12:31] step 4450/5625 | avg train loss 2.1437 top1 0.3451 top5 0.6085
    [07:12:37] step 4475/5625 | avg train loss 2.1432 top1 0.3452 top5 0.6085
    [07:12:42] step 4500/5625 | avg train loss 2.1430 top1 0.3455 top5 0.6089
    [07:12:47] step 4525/5625 | avg train loss 2.1436 top1 0.3453 top5 0.6091
    [07:12:52] step 4550/5625 | avg train loss 2.1443 top1 0.3450 top5 0.6088
    [07:12:57] step 4575/5625 | avg train loss 2.1442 top1 0.3453 top5 0.6090
    [07:13:02] step 4600/5625 | avg train loss 2.1439 top1 0.3452 top5 0.6088
    [07:13:07] step 4625/5625 | avg train loss 2.1443 top1 0.3449 top5 0.6086
    [07:13:12] step 4650/5625 | avg train loss 2.1449 top1 0.3448 top5 0.6085
    [07:13:17] step 4675/5625 | avg train loss 2.1436 top1 0.3455 top5 0.6092
    [07:13:22] step 4700/5625 | avg train loss 2.1432 top1 0.3458 top5 0.6092
    [07:13:28] step 4725/5625 | avg train loss 2.1427 top1 0.3457 top5 0.6090
    [07:13:33] step 4750/5625 | avg train loss 2.1425 top1 0.3456 top5 0.6090
    [07:13:38] step 4775/5625 | avg train loss 2.1421 top1 0.3459 top5 0.6092
    [07:13:43] step 4800/5625 | avg train loss 2.1426 top1 0.3460 top5 0.6092
    [07:13:48] step 4825/5625 | avg train loss 2.1433 top1 0.3458 top5 0.6092
    [07:13:53] step 4850/5625 | avg train loss 2.1426 top1 0.3454 top5 0.6092
    [07:13:58] step 4875/5625 | avg train loss 2.1429 top1 0.3454 top5 0.6090
    [07:14:03] step 4900/5625 | avg train loss 2.1427 top1 0.3454 top5 0.6088
    [07:14:09] step 4925/5625 | avg train loss 2.1433 top1 0.3450 top5 0.6083
    [07:14:14] step 4950/5625 | avg train loss 2.1437 top1 0.3452 top5 0.6084
    [07:14:19] step 4975/5625 | avg train loss 2.1436 top1 0.3451 top5 0.6086
    [07:14:24] step 5000/5625 | avg train loss 2.1428 top1 0.3454 top5 0.6090
    [07:14:29] step 5025/5625 | avg train loss 2.1415 top1 0.3456 top5 0.6088
    [07:14:34] step 5050/5625 | avg train loss 2.1410 top1 0.3460 top5 0.6091
    [07:14:39] step 5075/5625 | avg train loss 2.1413 top1 0.3460 top5 0.6090
    [07:14:44] step 5100/5625 | avg train loss 2.1411 top1 0.3462 top5 0.6095
    [07:14:49] step 5125/5625 | avg train loss 2.1416 top1 0.3463 top5 0.6094
    [07:14:54] step 5150/5625 | avg train loss 2.1406 top1 0.3466 top5 0.6096
    [07:15:00] step 5175/5625 | avg train loss 2.1400 top1 0.3466 top5 0.6097
    [07:15:05] step 5200/5625 | avg train loss 2.1393 top1 0.3466 top5 0.6098
    [07:15:10] step 5225/5625 | avg train loss 2.1401 top1 0.3463 top5 0.6097
    [07:15:15] step 5250/5625 | avg train loss 2.1418 top1 0.3462 top5 0.6099
    [07:15:20] step 5275/5625 | avg train loss 2.1420 top1 0.3462 top5 0.6097
    [07:15:25] step 5300/5625 | avg train loss 2.1414 top1 0.3465 top5 0.6100
    [07:15:30] step 5325/5625 | avg train loss 2.1412 top1 0.3462 top5 0.6097
    [07:15:35] step 5350/5625 | avg train loss 2.1410 top1 0.3462 top5 0.6096
    [07:15:40] step 5375/5625 | avg train loss 2.1411 top1 0.3465 top5 0.6100
    [07:15:46] step 5400/5625 | avg train loss 2.1407 top1 0.3463 top5 0.6101
    [07:15:51] step 5425/5625 | avg train loss 2.1400 top1 0.3463 top5 0.6098
    [07:15:56] step 5450/5625 | avg train loss 2.1405 top1 0.3459 top5 0.6095
    [07:16:01] step 5475/5625 | avg train loss 2.1398 top1 0.3461 top5 0.6097
    [07:16:06] step 5500/5625 | avg train loss 2.1391 top1 0.3463 top5 0.6099
    [07:16:11] step 5525/5625 | avg train loss 2.1391 top1 0.3459 top5 0.6097
    [07:16:16] step 5550/5625 | avg train loss 2.1391 top1 0.3458 top5 0.6096
    [07:16:21] step 5575/5625 | avg train loss 2.1393 top1 0.3455 top5 0.6090
    [07:16:27] step 5600/5625 | avg train loss 2.1391 top1 0.3455 top5 0.6089
    [07:16:31] step 5625/5625 | avg train loss 2.1391 top1 0.3455 top5 0.6090
Epoch 24/50 | train loss 2.1391 top1 0.3455 | val loss 1.8847 top1 0.4744 top5 0.7915 | ema holdout top1 0.4517 top5 0.7821
  Saved new best checkpoint (live): /Data/romain.poggi/smth2smth/checkpoints/track_a/videomaev2+ft/meanpool-mae150-s44.pt (val top1=0.4744)
    [07:18:08] step 25/5625 | avg train loss 2.1735 top1 0.3250 top5 0.5900
    [07:18:13] step 50/5625 | avg train loss 2.0974 top1 0.3400 top5 0.5850
    [07:18:18] step 75/5625 | avg train loss 2.1419 top1 0.3267 top5 0.5750
    [07:18:23] step 100/5625 | avg train loss 2.1304 top1 0.3362 top5 0.5950
    [07:18:28] step 125/5625 | avg train loss 2.1069 top1 0.3240 top5 0.5940
    [07:18:33] step 150/5625 | avg train loss 2.1278 top1 0.3300 top5 0.6000
    [07:18:38] step 175/5625 | avg train loss 2.1120 top1 0.3293 top5 0.5907
    [07:18:43] step 200/5625 | avg train loss 2.1002 top1 0.3231 top5 0.5825
    [07:18:48] step 225/5625 | avg train loss 2.1125 top1 0.3239 top5 0.5783
    [07:18:53] step 250/5625 | avg train loss 2.0987 top1 0.3380 top5 0.5935
    [07:18:59] step 275/5625 | avg train loss 2.0854 top1 0.3373 top5 0.5936
    [07:19:04] step 300/5625 | avg train loss 2.0925 top1 0.3412 top5 0.5988
    [07:19:09] step 325/5625 | avg train loss 2.0809 top1 0.3431 top5 0.6008
    [07:19:14] step 350/5625 | avg train loss 2.0774 top1 0.3471 top5 0.6025
    [07:19:19] step 375/5625 | avg train loss 2.0704 top1 0.3463 top5 0.6017
    [07:19:24] step 400/5625 | avg train loss 2.0710 top1 0.3416 top5 0.5991
    [07:19:29] step 425/5625 | avg train loss 2.0575 top1 0.3503 top5 0.6044
    [07:19:34] step 450/5625 | avg train loss 2.0775 top1 0.3453 top5 0.5989
    [07:19:39] step 475/5625 | avg train loss 2.0730 top1 0.3453 top5 0.5974
    [07:19:44] step 500/5625 | avg train loss 2.0753 top1 0.3438 top5 0.5972
    [07:19:50] step 525/5625 | avg train loss 2.0796 top1 0.3440 top5 0.6021
    [07:19:55] step 550/5625 | avg train loss 2.0813 top1 0.3439 top5 0.6030
    [07:20:00] step 575/5625 | avg train loss 2.0791 top1 0.3435 top5 0.6035
    [07:20:05] step 600/5625 | avg train loss 2.0791 top1 0.3417 top5 0.6010
    [07:20:10] step 625/5625 | avg train loss 2.0833 top1 0.3416 top5 0.5990
    [07:20:15] step 650/5625 | avg train loss 2.0866 top1 0.3406 top5 0.5950
    [07:20:20] step 675/5625 | avg train loss 2.0796 top1 0.3433 top5 0.5978
    [07:20:25] step 700/5625 | avg train loss 2.0784 top1 0.3448 top5 0.5988
    [07:20:30] step 725/5625 | avg train loss 2.0724 top1 0.3441 top5 0.5981
    [07:20:35] step 750/5625 | avg train loss 2.0742 top1 0.3453 top5 0.6012
    [07:20:40] step 775/5625 | avg train loss 2.0756 top1 0.3431 top5 0.5998
    [07:20:45] step 800/5625 | avg train loss 2.0756 top1 0.3438 top5 0.6000
    [07:20:51] step 825/5625 | avg train loss 2.0724 top1 0.3441 top5 0.6003
    [07:20:56] step 850/5625 | avg train loss 2.0683 top1 0.3484 top5 0.6025
    [07:21:01] step 875/5625 | avg train loss 2.0680 top1 0.3479 top5 0.6007
    [07:21:06] step 900/5625 | avg train loss 2.0671 top1 0.3492 top5 0.6039
    [07:21:11] step 925/5625 | avg train loss 2.0711 top1 0.3497 top5 0.6042
    [07:21:16] step 950/5625 | avg train loss 2.0783 top1 0.3474 top5 0.6037
    [07:21:21] step 975/5625 | avg train loss 2.0759 top1 0.3483 top5 0.6053
    [07:21:26] step 1000/5625 | avg train loss 2.0782 top1 0.3486 top5 0.6051
    [07:21:31] step 1025/5625 | avg train loss 2.0811 top1 0.3482 top5 0.6050
    [07:21:36] step 1050/5625 | avg train loss 2.0823 top1 0.3474 top5 0.6048
    [07:21:42] step 1075/5625 | avg train loss 2.0847 top1 0.3457 top5 0.6036
    [07:21:47] step 1100/5625 | avg train loss 2.0867 top1 0.3456 top5 0.6041
    [07:21:52] step 1125/5625 | avg train loss 2.0873 top1 0.3466 top5 0.6056
    [07:21:57] step 1150/5625 | avg train loss 2.0888 top1 0.3454 top5 0.6035
    [07:22:02] step 1175/5625 | avg train loss 2.0861 top1 0.3445 top5 0.6030
    [07:22:07] step 1200/5625 | avg train loss 2.0875 top1 0.3444 top5 0.6026
    [07:22:12] step 1225/5625 | avg train loss 2.0865 top1 0.3454 top5 0.6035
    [07:22:17] step 1250/5625 | avg train loss 2.0848 top1 0.3467 top5 0.6047
    [07:22:22] step 1275/5625 | avg train loss 2.0873 top1 0.3469 top5 0.6051
    [07:22:28] step 1300/5625 | avg train loss 2.0844 top1 0.3473 top5 0.6051
    [07:22:33] step 1325/5625 | avg train loss 2.0861 top1 0.3480 top5 0.6074
    [07:22:38] step 1350/5625 | avg train loss 2.0873 top1 0.3492 top5 0.6080
    [07:22:43] step 1375/5625 | avg train loss 2.0890 top1 0.3480 top5 0.6075
    [07:22:48] step 1400/5625 | avg train loss 2.0884 top1 0.3480 top5 0.6074
    [07:22:53] step 1425/5625 | avg train loss 2.0912 top1 0.3466 top5 0.6073
    [07:22:58] step 1450/5625 | avg train loss 2.0910 top1 0.3468 top5 0.6073
    [07:23:03] step 1475/5625 | avg train loss 2.0936 top1 0.3467 top5 0.6072
    [07:23:09] step 1500/5625 | avg train loss 2.0952 top1 0.3463 top5 0.6076
    [07:23:14] step 1525/5625 | avg train loss 2.0960 top1 0.3467 top5 0.6083
    [07:23:19] step 1550/5625 | avg train loss 2.0991 top1 0.3455 top5 0.6074
    [07:23:24] step 1575/5625 | avg train loss 2.1013 top1 0.3440 top5 0.6056
    [07:23:29] step 1600/5625 | avg train loss 2.1066 top1 0.3440 top5 0.6063
    [07:23:34] step 1625/5625 | avg train loss 2.1077 top1 0.3445 top5 0.6067
    [07:23:39] step 1650/5625 | avg train loss 2.1079 top1 0.3448 top5 0.6070
    [07:23:44] step 1675/5625 | avg train loss 2.1094 top1 0.3450 top5 0.6074
    [07:23:49] step 1700/5625 | avg train loss 2.1079 top1 0.3443 top5 0.6076
    [07:23:55] step 1725/5625 | avg train loss 2.1083 top1 0.3438 top5 0.6070
    [07:24:00] step 1750/5625 | avg train loss 2.1063 top1 0.3451 top5 0.6076
    [07:24:05] step 1775/5625 | avg train loss 2.1059 top1 0.3462 top5 0.6085
    [07:24:10] step 1800/5625 | avg train loss 2.1088 top1 0.3455 top5 0.6084
    [07:24:15] step 1825/5625 | avg train loss 2.1098 top1 0.3462 top5 0.6086
    [07:24:20] step 1850/5625 | avg train loss 2.1124 top1 0.3459 top5 0.6081
    [07:24:25] step 1875/5625 | avg train loss 2.1119 top1 0.3458 top5 0.6079
    [07:24:30] step 1900/5625 | avg train loss 2.1129 top1 0.3457 top5 0.6078
    [07:24:36] step 1925/5625 | avg train loss 2.1159 top1 0.3444 top5 0.6063
    [07:24:41] step 1950/5625 | avg train loss 2.1140 top1 0.3445 top5 0.6060
    [07:24:46] step 1975/5625 | avg train loss 2.1141 top1 0.3453 top5 0.6061
    [07:24:51] step 2000/5625 | avg train loss 2.1136 top1 0.3452 top5 0.6058
    [07:24:56] step 2025/5625 | avg train loss 2.1141 top1 0.3449 top5 0.6056
    [07:25:01] step 2050/5625 | avg train loss 2.1131 top1 0.3452 top5 0.6065
    [07:25:06] step 2075/5625 | avg train loss 2.1160 top1 0.3447 top5 0.6056
    [07:25:11] step 2100/5625 | avg train loss 2.1170 top1 0.3443 top5 0.6050
    [07:25:16] step 2125/5625 | avg train loss 2.1156 top1 0.3446 top5 0.6054
    [07:25:21] step 2150/5625 | avg train loss 2.1163 top1 0.3447 top5 0.6058
    [07:25:27] step 2175/5625 | avg train loss 2.1179 top1 0.3444 top5 0.6060
    [07:25:32] step 2200/5625 | avg train loss 2.1198 top1 0.3442 top5 0.6057
    [07:25:37] step 2225/5625 | avg train loss 2.1177 top1 0.3443 top5 0.6065
    [07:25:42] step 2250/5625 | avg train loss 2.1188 top1 0.3438 top5 0.6062
    [07:25:47] step 2275/5625 | avg train loss 2.1203 top1 0.3437 top5 0.6070
    [07:25:52] step 2300/5625 | avg train loss 2.1220 top1 0.3441 top5 0.6076
    [07:25:57] step 2325/5625 | avg train loss 2.1208 top1 0.3444 top5 0.6075
    [07:26:02] step 2350/5625 | avg train loss 2.1209 top1 0.3440 top5 0.6072
    [07:26:08] step 2375/5625 | avg train loss 2.1200 top1 0.3439 top5 0.6077
    [07:26:13] step 2400/5625 | avg train loss 2.1220 top1 0.3434 top5 0.6068
    [07:26:18] step 2425/5625 | avg train loss 2.1240 top1 0.3439 top5 0.6068
    [07:26:23] step 2450/5625 | avg train loss 2.1246 top1 0.3437 top5 0.6063
    [07:26:28] step 2475/5625 | avg train loss 2.1226 top1 0.3445 top5 0.6073
    [07:26:33] step 2500/5625 | avg train loss 2.1236 top1 0.3434 top5 0.6064
    [07:26:38] step 2525/5625 | avg train loss 2.1219 top1 0.3427 top5 0.6052
    [07:26:43] step 2550/5625 | avg train loss 2.1245 top1 0.3426 top5 0.6053
    [07:26:49] step 2575/5625 | avg train loss 2.1265 top1 0.3418 top5 0.6047
    [07:26:54] step 2600/5625 | avg train loss 2.1272 top1 0.3414 top5 0.6045
    [07:26:59] step 2625/5625 | avg train loss 2.1294 top1 0.3407 top5 0.6044
    [07:27:04] step 2650/5625 | avg train loss 2.1288 top1 0.3408 top5 0.6046
    [07:27:09] step 2675/5625 | avg train loss 2.1281 top1 0.3415 top5 0.6056
    [07:27:14] step 2700/5625 | avg train loss 2.1297 top1 0.3418 top5 0.6060
    [07:27:19] step 2725/5625 | avg train loss 2.1295 top1 0.3411 top5 0.6057
    [07:27:24] step 2750/5625 | avg train loss 2.1284 top1 0.3415 top5 0.6058
    [07:27:29] step 2775/5625 | avg train loss 2.1290 top1 0.3414 top5 0.6056
    [07:27:35] step 2800/5625 | avg train loss 2.1265 top1 0.3405 top5 0.6051
    [07:27:40] step 2825/5625 | avg train loss 2.1269 top1 0.3409 top5 0.6056
    [07:27:45] step 2850/5625 | avg train loss 2.1285 top1 0.3410 top5 0.6058
    [07:27:50] step 2875/5625 | avg train loss 2.1286 top1 0.3408 top5 0.6052
    [07:27:55] step 2900/5625 | avg train loss 2.1299 top1 0.3400 top5 0.6052
    [07:28:00] step 2925/5625 | avg train loss 2.1285 top1 0.3398 top5 0.6048
    [07:28:05] step 2950/5625 | avg train loss 2.1269 top1 0.3400 top5 0.6046
    [07:28:10] step 2975/5625 | avg train loss 2.1272 top1 0.3403 top5 0.6048
    [07:28:15] step 3000/5625 | avg train loss 2.1269 top1 0.3402 top5 0.6047
    [07:28:21] step 3025/5625 | avg train loss 2.1285 top1 0.3399 top5 0.6043
    [07:28:26] step 3050/5625 | avg train loss 2.1274 top1 0.3406 top5 0.6047
    [07:28:31] step 3075/5625 | avg train loss 2.1270 top1 0.3405 top5 0.6050
    [07:28:36] step 3100/5625 | avg train loss 2.1276 top1 0.3404 top5 0.6049
    [07:28:41] step 3125/5625 | avg train loss 2.1275 top1 0.3408 top5 0.6054
    [07:28:46] step 3150/5625 | avg train loss 2.1287 top1 0.3407 top5 0.6055
    [07:28:51] step 3175/5625 | avg train loss 2.1296 top1 0.3407 top5 0.6054
    [07:28:56] step 3200/5625 | avg train loss 2.1298 top1 0.3402 top5 0.6048
    [07:29:01] step 3225/5625 | avg train loss 2.1317 top1 0.3400 top5 0.6052
    [07:29:07] step 3250/5625 | avg train loss 2.1317 top1 0.3399 top5 0.6053
    [07:29:12] step 3275/5625 | avg train loss 2.1325 top1 0.3403 top5 0.6055
    [07:29:17] step 3300/5625 | avg train loss 2.1346 top1 0.3405 top5 0.6056
    [07:29:22] step 3325/5625 | avg train loss 2.1362 top1 0.3400 top5 0.6052
    [07:29:27] step 3350/5625 | avg train loss 2.1369 top1 0.3402 top5 0.6054
    [07:29:32] step 3375/5625 | avg train loss 2.1378 top1 0.3398 top5 0.6046
    [07:29:37] step 3400/5625 | avg train loss 2.1379 top1 0.3400 top5 0.6046
    [07:29:42] step 3425/5625 | avg train loss 2.1389 top1 0.3404 top5 0.6045
    [07:29:48] step 3450/5625 | avg train loss 2.1392 top1 0.3401 top5 0.6043
    [07:29:53] step 3475/5625 | avg train loss 2.1392 top1 0.3401 top5 0.6046
    [07:29:58] step 3500/5625 | avg train loss 2.1383 top1 0.3402 top5 0.6049
    [07:30:03] step 3525/5625 | avg train loss 2.1387 top1 0.3400 top5 0.6046
    [07:30:08] step 3550/5625 | avg train loss 2.1386 top1 0.3401 top5 0.6045
    [07:30:13] step 3575/5625 | avg train loss 2.1392 top1 0.3401 top5 0.6047
    [07:30:18] step 3600/5625 | avg train loss 2.1387 top1 0.3400 top5 0.6049
    [07:30:23] step 3625/5625 | avg train loss 2.1377 top1 0.3402 top5 0.6053
    [07:30:29] step 3650/5625 | avg train loss 2.1378 top1 0.3404 top5 0.6056
    [07:30:34] step 3675/5625 | avg train loss 2.1365 top1 0.3405 top5 0.6055
    [07:30:39] step 3700/5625 | avg train loss 2.1370 top1 0.3405 top5 0.6056
    [07:30:44] step 3725/5625 | avg train loss 2.1388 top1 0.3401 top5 0.6051
    [07:30:49] step 3750/5625 | avg train loss 2.1393 top1 0.3398 top5 0.6046
    [07:30:54] step 3775/5625 | avg train loss 2.1387 top1 0.3402 top5 0.6049
    [07:30:59] step 3800/5625 | avg train loss 2.1393 top1 0.3398 top5 0.6043
    [07:31:04] step 3825/5625 | avg train loss 2.1377 top1 0.3402 top5 0.6044
    [07:31:09] step 3850/5625 | avg train loss 2.1373 top1 0.3401 top5 0.6044
    [07:31:15] step 3875/5625 | avg train loss 2.1374 top1 0.3400 top5 0.6046
    [07:31:20] step 3900/5625 | avg train loss 2.1369 top1 0.3399 top5 0.6046
    [07:31:25] step 3925/5625 | avg train loss 2.1372 top1 0.3404 top5 0.6049
    [07:31:30] step 3950/5625 | avg train loss 2.1365 top1 0.3405 top5 0.6053
    [07:31:35] step 3975/5625 | avg train loss 2.1365 top1 0.3405 top5 0.6053
    [07:31:40] step 4000/5625 | avg train loss 2.1369 top1 0.3405 top5 0.6051
    [07:31:45] step 4025/5625 | avg train loss 2.1367 top1 0.3406 top5 0.6051
    [07:31:50] step 4050/5625 | avg train loss 2.1378 top1 0.3402 top5 0.6050
    [07:31:56] step 4075/5625 | avg train loss 2.1385 top1 0.3403 top5 0.6050
    [07:32:01] step 4100/5625 | avg train loss 2.1383 top1 0.3401 top5 0.6046
    [07:32:06] step 4125/5625 | avg train loss 2.1385 top1 0.3398 top5 0.6043
    [07:32:11] step 4150/5625 | avg train loss 2.1383 top1 0.3397 top5 0.6040
    [07:32:16] step 4175/5625 | avg train loss 2.1380 top1 0.3399 top5 0.6044
    [07:32:21] step 4200/5625 | avg train loss 2.1374 top1 0.3400 top5 0.6044
    [07:32:26] step 4225/5625 | avg train loss 2.1373 top1 0.3402 top5 0.6046
    [07:32:31] step 4250/5625 | avg train loss 2.1369 top1 0.3404 top5 0.6046
    [07:32:36] step 4275/5625 | avg train loss 2.1379 top1 0.3399 top5 0.6042
    [07:32:42] step 4300/5625 | avg train loss 2.1372 top1 0.3397 top5 0.6042
    [07:32:47] step 4325/5625 | avg train loss 2.1381 top1 0.3395 top5 0.6038
    [07:32:52] step 4350/5625 | avg train loss 2.1384 top1 0.3395 top5 0.6036
    [07:32:57] step 4375/5625 | avg train loss 2.1396 top1 0.3394 top5 0.6040
    [07:33:02] step 4400/5625 | avg train loss 2.1393 top1 0.3394 top5 0.6041
    [07:33:07] step 4425/5625 | avg train loss 2.1392 top1 0.3391 top5 0.6040
    [07:33:12] step 4450/5625 | avg train loss 2.1390 top1 0.3390 top5 0.6037
    [07:33:18] step 4475/5625 | avg train loss 2.1386 top1 0.3387 top5 0.6037
    [07:33:23] step 4500/5625 | avg train loss 2.1390 top1 0.3387 top5 0.6038
    [07:33:28] step 4525/5625 | avg train loss 2.1385 top1 0.3383 top5 0.6037
    [07:33:33] step 4550/5625 | avg train loss 2.1381 top1 0.3387 top5 0.6041
    [07:33:38] step 4575/5625 | avg train loss 2.1378 top1 0.3390 top5 0.6044
    [07:33:43] step 4600/5625 | avg train loss 2.1375 top1 0.3389 top5 0.6044
    [07:33:48] step 4625/5625 | avg train loss 2.1378 top1 0.3392 top5 0.6048
    [07:33:53] step 4650/5625 | avg train loss 2.1371 top1 0.3398 top5 0.6052
    [07:33:58] step 4675/5625 | avg train loss 2.1357 top1 0.3399 top5 0.6053
    [07:34:04] step 4700/5625 | avg train loss 2.1354 top1 0.3399 top5 0.6053
    [07:34:09] step 4725/5625 | avg train loss 2.1356 top1 0.3399 top5 0.6052
    [07:34:14] step 4750/5625 | avg train loss 2.1360 top1 0.3399 top5 0.6050
    [07:34:19] step 4775/5625 | avg train loss 2.1362 top1 0.3399 top5 0.6049
    [07:34:24] step 4800/5625 | avg train loss 2.1355 top1 0.3400 top5 0.6047
    [07:34:29] step 4825/5625 | avg train loss 2.1362 top1 0.3400 top5 0.6048
    [07:34:34] step 4850/5625 | avg train loss 2.1363 top1 0.3398 top5 0.6046
    [07:34:39] step 4875/5625 | avg train loss 2.1361 top1 0.3394 top5 0.6042
    [07:34:44] step 4900/5625 | avg train loss 2.1358 top1 0.3394 top5 0.6039
    [07:34:49] step 4925/5625 | avg train loss 2.1342 top1 0.3396 top5 0.6042
    [07:34:55] step 4950/5625 | avg train loss 2.1346 top1 0.3396 top5 0.6043
    [07:35:00] step 4975/5625 | avg train loss 2.1345 top1 0.3398 top5 0.6042
    [07:35:05] step 5000/5625 | avg train loss 2.1343 top1 0.3399 top5 0.6043
    [07:35:10] step 5025/5625 | avg train loss 2.1352 top1 0.3398 top5 0.6038
    [07:35:15] step 5050/5625 | avg train loss 2.1347 top1 0.3398 top5 0.6036
    [07:35:20] step 5075/5625 | avg train loss 2.1348 top1 0.3398 top5 0.6035
    [07:35:25] step 5100/5625 | avg train loss 2.1343 top1 0.3400 top5 0.6038
    [07:35:30] step 5125/5625 | avg train loss 2.1340 top1 0.3402 top5 0.6040
    [07:35:35] step 5150/5625 | avg train loss 2.1339 top1 0.3405 top5 0.6042
    [07:35:40] step 5175/5625 | avg train loss 2.1339 top1 0.3407 top5 0.6045
    [07:35:46] step 5200/5625 | avg train loss 2.1348 top1 0.3408 top5 0.6047
    [07:35:51] step 5225/5625 | avg train loss 2.1356 top1 0.3406 top5 0.6047
    [07:35:56] step 5250/5625 | avg train loss 2.1363 top1 0.3405 top5 0.6045
    [07:36:01] step 5275/5625 | avg train loss 2.1370 top1 0.3406 top5 0.6048
    [07:36:06] step 5300/5625 | avg train loss 2.1370 top1 0.3407 top5 0.6047
    [07:36:11] step 5325/5625 | avg train loss 2.1379 top1 0.3404 top5 0.6045
    [07:36:16] step 5350/5625 | avg train loss 2.1387 top1 0.3404 top5 0.6045
    [07:36:21] step 5375/5625 | avg train loss 2.1391 top1 0.3405 top5 0.6047
    [07:36:27] step 5400/5625 | avg train loss 2.1382 top1 0.3406 top5 0.6048
    [07:36:32] step 5425/5625 | avg train loss 2.1380 top1 0.3404 top5 0.6050
    [07:36:37] step 5450/5625 | avg train loss 2.1373 top1 0.3407 top5 0.6054
    [07:36:42] step 5475/5625 | avg train loss 2.1373 top1 0.3407 top5 0.6056
    [07:36:47] step 5500/5625 | avg train loss 2.1369 top1 0.3406 top5 0.6056
    [07:36:52] step 5525/5625 | avg train loss 2.1366 top1 0.3404 top5 0.6053
    [07:36:57] step 5550/5625 | avg train loss 2.1369 top1 0.3401 top5 0.6051
    [07:37:02] step 5575/5625 | avg train loss 2.1370 top1 0.3400 top5 0.6048
    [07:37:07] step 5600/5625 | avg train loss 2.1374 top1 0.3401 top5 0.6051
    [07:37:12] step 5625/5625 | avg train loss 2.1357 top1 0.3403 top5 0.6054
Epoch 25/50 | train loss 2.1357 top1 0.3403 | val loss 1.8710 top1 0.4777 top5 0.7979 | ema holdout top1 0.4596 top5 0.7883
  Saved new best checkpoint (live): /Data/romain.poggi/smth2smth/checkpoints/track_a/videomaev2+ft/meanpool-mae150-s44.pt (val top1=0.4777)
    [07:38:48] step 25/5625 | avg train loss 1.9705 top1 0.4200 top5 0.7200
    [07:38:53] step 50/5625 | avg train loss 1.9610 top1 0.4025 top5 0.6750
    [07:38:58] step 75/5625 | avg train loss 1.8971 top1 0.3833 top5 0.6567
    [07:39:04] step 100/5625 | avg train loss 1.9357 top1 0.3812 top5 0.6562
    [07:39:09] step 125/5625 | avg train loss 1.9876 top1 0.3690 top5 0.6430
    [07:39:14] step 150/5625 | avg train loss 2.0031 top1 0.3617 top5 0.6350
    [07:39:19] step 175/5625 | avg train loss 2.0302 top1 0.3550 top5 0.6250
    [07:39:24] step 200/5625 | avg train loss 2.0191 top1 0.3619 top5 0.6300
    [07:39:29] step 225/5625 | avg train loss 2.0223 top1 0.3611 top5 0.6272
    [07:39:34] step 250/5625 | avg train loss 2.0370 top1 0.3600 top5 0.6230
    [07:39:39] step 275/5625 | avg train loss 2.0426 top1 0.3623 top5 0.6227
    [07:39:44] step 300/5625 | avg train loss 2.0348 top1 0.3583 top5 0.6150
    [07:39:49] step 325/5625 | avg train loss 2.0310 top1 0.3638 top5 0.6235
    [07:39:55] step 350/5625 | avg train loss 2.0403 top1 0.3661 top5 0.6268
    [07:40:00] step 375/5625 | avg train loss 2.0463 top1 0.3660 top5 0.6257
    [07:40:05] step 400/5625 | avg train loss 2.0546 top1 0.3634 top5 0.6216
    [07:40:10] step 425/5625 | avg train loss 2.0614 top1 0.3597 top5 0.6197
    [07:40:15] step 450/5625 | avg train loss 2.0609 top1 0.3569 top5 0.6183
    [07:40:20] step 475/5625 | avg train loss 2.0640 top1 0.3547 top5 0.6150
    [07:40:25] step 500/5625 | avg train loss 2.0664 top1 0.3528 top5 0.6085
    [07:40:30] step 525/5625 | avg train loss 2.0811 top1 0.3498 top5 0.6064
    [07:40:35] step 550/5625 | avg train loss 2.0820 top1 0.3507 top5 0.6061
    [07:40:40] step 575/5625 | avg train loss 2.0764 top1 0.3511 top5 0.6070
    [07:40:46] step 600/5625 | avg train loss 2.0843 top1 0.3494 top5 0.6052
    [07:40:51] step 625/5625 | avg train loss 2.0945 top1 0.3466 top5 0.6052
    [07:40:56] step 650/5625 | avg train loss 2.0880 top1 0.3479 top5 0.6071
    [07:41:01] step 675/5625 | avg train loss 2.0808 top1 0.3489 top5 0.6085
    [07:41:06] step 700/5625 | avg train loss 2.0811 top1 0.3511 top5 0.6093
    [07:41:11] step 725/5625 | avg train loss 2.0825 top1 0.3491 top5 0.6098
    [07:41:16] step 750/5625 | avg train loss 2.0882 top1 0.3480 top5 0.6093
    [07:41:21] step 775/5625 | avg train loss 2.0872 top1 0.3471 top5 0.6076
    [07:41:27] step 800/5625 | avg train loss 2.0929 top1 0.3452 top5 0.6061
    [07:41:32] step 825/5625 | avg train loss 2.0940 top1 0.3456 top5 0.6085
    [07:41:37] step 850/5625 | avg train loss 2.0948 top1 0.3463 top5 0.6085
    [07:41:42] step 875/5625 | avg train loss 2.1011 top1 0.3456 top5 0.6077
    [07:41:47] step 900/5625 | avg train loss 2.1084 top1 0.3447 top5 0.6065
    [07:41:52] step 925/5625 | avg train loss 2.1064 top1 0.3458 top5 0.6072
    [07:41:57] step 950/5625 | avg train loss 2.1084 top1 0.3475 top5 0.6080
    [07:42:02] step 975/5625 | avg train loss 2.1051 top1 0.3472 top5 0.6071
    [07:42:08] step 1000/5625 | avg train loss 2.1057 top1 0.3494 top5 0.6084
    [07:42:13] step 1025/5625 | avg train loss 2.1014 top1 0.3487 top5 0.6074
    [07:42:18] step 1050/5625 | avg train loss 2.1046 top1 0.3489 top5 0.6079
    [07:42:23] step 1075/5625 | avg train loss 2.1025 top1 0.3494 top5 0.6079
    [07:42:28] step 1100/5625 | avg train loss 2.0980 top1 0.3503 top5 0.6088
    [07:42:33] step 1125/5625 | avg train loss 2.0946 top1 0.3497 top5 0.6081
    [07:42:38] step 1150/5625 | avg train loss 2.0953 top1 0.3495 top5 0.6066
    [07:42:43] step 1175/5625 | avg train loss 2.0998 top1 0.3489 top5 0.6060
    [07:42:48] step 1200/5625 | avg train loss 2.0995 top1 0.3497 top5 0.6066
    [07:42:54] step 1225/5625 | avg train loss 2.0962 top1 0.3507 top5 0.6074
    [07:42:59] step 1250/5625 | avg train loss 2.0959 top1 0.3496 top5 0.6068
    [07:43:04] step 1275/5625 | avg train loss 2.0985 top1 0.3505 top5 0.6062
    [07:43:09] step 1300/5625 | avg train loss 2.0973 top1 0.3497 top5 0.6046
    [07:43:14] step 1325/5625 | avg train loss 2.1017 top1 0.3480 top5 0.6043
    [07:43:19] step 1350/5625 | avg train loss 2.0951 top1 0.3502 top5 0.6050
    [07:43:24] step 1375/5625 | avg train loss 2.0963 top1 0.3505 top5 0.6055
    [07:43:29] step 1400/5625 | avg train loss 2.0945 top1 0.3510 top5 0.6049
    [07:43:34] step 1425/5625 | avg train loss 2.0937 top1 0.3502 top5 0.6045
    [07:43:40] step 1450/5625 | avg train loss 2.0934 top1 0.3503 top5 0.6043
    [07:43:45] step 1475/5625 | avg train loss 2.0932 top1 0.3506 top5 0.6037
    [07:43:50] step 1500/5625 | avg train loss 2.0931 top1 0.3517 top5 0.6046
    [07:43:55] step 1525/5625 | avg train loss 2.0920 top1 0.3518 top5 0.6057
    [07:44:00] step 1550/5625 | avg train loss 2.0940 top1 0.3525 top5 0.6065
    [07:44:05] step 1575/5625 | avg train loss 2.0924 top1 0.3521 top5 0.6064
    [07:44:10] step 1600/5625 | avg train loss 2.0964 top1 0.3498 top5 0.6038
    [07:44:15] step 1625/5625 | avg train loss 2.1000 top1 0.3495 top5 0.6033
    [07:44:21] step 1650/5625 | avg train loss 2.0955 top1 0.3502 top5 0.6036
    [07:44:26] step 1675/5625 | avg train loss 2.0933 top1 0.3519 top5 0.6049
    [07:44:31] step 1700/5625 | avg train loss 2.0931 top1 0.3514 top5 0.6044
    [07:44:36] step 1725/5625 | avg train loss 2.0945 top1 0.3528 top5 0.6054
    [07:44:41] step 1750/5625 | avg train loss 2.0951 top1 0.3520 top5 0.6047
    [07:44:46] step 1775/5625 | avg train loss 2.0936 top1 0.3529 top5 0.6057
    [07:44:51] step 1800/5625 | avg train loss 2.0929 top1 0.3529 top5 0.6069
    [07:44:56] step 1825/5625 | avg train loss 2.0936 top1 0.3529 top5 0.6073
    [07:45:02] step 1850/5625 | avg train loss 2.0933 top1 0.3522 top5 0.6066
    [07:45:07] step 1875/5625 | avg train loss 2.0941 top1 0.3520 top5 0.6065
    [07:45:12] step 1900/5625 | avg train loss 2.0944 top1 0.3516 top5 0.6060
    [07:45:17] step 1925/5625 | avg train loss 2.0926 top1 0.3518 top5 0.6062
    [07:45:22] step 1950/5625 | avg train loss 2.0919 top1 0.3528 top5 0.6073
    [07:45:27] step 1975/5625 | avg train loss 2.0954 top1 0.3516 top5 0.6063
    [07:45:32] step 2000/5625 | avg train loss 2.0964 top1 0.3514 top5 0.6063
    [07:45:37] step 2025/5625 | avg train loss 2.0964 top1 0.3513 top5 0.6070
    [07:45:42] step 2050/5625 | avg train loss 2.0957 top1 0.3513 top5 0.6071
    [07:45:47] step 2075/5625 | avg train loss 2.0946 top1 0.3512 top5 0.6071
    [07:45:53] step 2100/5625 | avg train loss 2.0935 top1 0.3514 top5 0.6074
    [07:45:58] step 2125/5625 | avg train loss 2.0953 top1 0.3519 top5 0.6082
    [07:46:03] step 2150/5625 | avg train loss 2.0941 top1 0.3520 top5 0.6080
    [07:46:08] step 2175/5625 | avg train loss 2.0961 top1 0.3518 top5 0.6082
    [07:46:13] step 2200/5625 | avg train loss 2.0960 top1 0.3515 top5 0.6089
    [07:46:18] step 2225/5625 | avg train loss 2.0985 top1 0.3514 top5 0.6086
    [07:46:23] step 2250/5625 | avg train loss 2.0976 top1 0.3516 top5 0.6090
    [07:46:28] step 2275/5625 | avg train loss 2.0985 top1 0.3520 top5 0.6096
    [07:46:33] step 2300/5625 | avg train loss 2.0988 top1 0.3517 top5 0.6097
    [07:46:38] step 2325/5625 | avg train loss 2.1004 top1 0.3524 top5 0.6103
    [07:46:43] step 2350/5625 | avg train loss 2.1008 top1 0.3516 top5 0.6099
    [07:46:49] step 2375/5625 | avg train loss 2.1038 top1 0.3506 top5 0.6086
    [07:46:54] step 2400/5625 | avg train loss 2.1025 top1 0.3509 top5 0.6091
    [07:46:59] step 2425/5625 | avg train loss 2.0984 top1 0.3515 top5 0.6091
    [07:47:04] step 2450/5625 | avg train loss 2.0981 top1 0.3516 top5 0.6089
    [07:47:09] step 2475/5625 | avg train loss 2.1000 top1 0.3513 top5 0.6083
    [07:47:14] step 2500/5625 | avg train loss 2.0999 top1 0.3513 top5 0.6079
    [07:47:19] step 2525/5625 | avg train loss 2.1002 top1 0.3509 top5 0.6075
    [07:47:24] step 2550/5625 | avg train loss 2.0994 top1 0.3515 top5 0.6077
    [07:47:29] step 2575/5625 | avg train loss 2.0976 top1 0.3517 top5 0.6075
    [07:47:34] step 2600/5625 | avg train loss 2.0989 top1 0.3510 top5 0.6068
    [07:47:40] step 2625/5625 | avg train loss 2.1002 top1 0.3507 top5 0.6061
    [07:47:45] step 2650/5625 | avg train loss 2.0992 top1 0.3501 top5 0.6057
    [07:47:50] step 2675/5625 | avg train loss 2.0976 top1 0.3505 top5 0.6064
    [07:47:55] step 2700/5625 | avg train loss 2.0994 top1 0.3497 top5 0.6057
    [07:48:00] step 2725/5625 | avg train loss 2.0992 top1 0.3500 top5 0.6061
    [07:48:05] step 2750/5625 | avg train loss 2.0995 top1 0.3502 top5 0.6064
    [07:48:10] step 2775/5625 | avg train loss 2.1008 top1 0.3507 top5 0.6062
    [07:48:15] step 2800/5625 | avg train loss 2.1026 top1 0.3500 top5 0.6053
    [07:48:21] step 2825/5625 | avg train loss 2.1019 top1 0.3504 top5 0.6054
    [07:48:26] step 2850/5625 | avg train loss 2.1053 top1 0.3495 top5 0.6049
    [07:48:31] step 2875/5625 | avg train loss 2.1037 top1 0.3497 top5 0.6047
    [07:48:36] step 2900/5625 | avg train loss 2.1029 top1 0.3493 top5 0.6045
    [07:48:41] step 2925/5625 | avg train loss 2.1031 top1 0.3491 top5 0.6046
    [07:48:46] step 2950/5625 | avg train loss 2.1040 top1 0.3492 top5 0.6043
    [07:48:51] step 2975/5625 | avg train loss 2.1022 top1 0.3502 top5 0.6050
    [07:48:56] step 3000/5625 | avg train loss 2.1032 top1 0.3501 top5 0.6050
    [07:49:01] step 3025/5625 | avg train loss 2.1041 top1 0.3500 top5 0.6051
    [07:49:06] step 3050/5625 | avg train loss 2.1040 top1 0.3498 top5 0.6048
    [07:49:12] step 3075/5625 | avg train loss 2.1028 top1 0.3491 top5 0.6042
    [07:49:17] step 3100/5625 | avg train loss 2.1037 top1 0.3482 top5 0.6034
    [07:49:22] step 3125/5625 | avg train loss 2.1036 top1 0.3482 top5 0.6034
    [07:49:27] step 3150/5625 | avg train loss 2.1028 top1 0.3487 top5 0.6040
    [07:49:32] step 3175/5625 | avg train loss 2.1027 top1 0.3486 top5 0.6037
    [07:49:37] step 3200/5625 | avg train loss 2.1023 top1 0.3484 top5 0.6037
    [07:49:42] step 3225/5625 | avg train loss 2.1029 top1 0.3484 top5 0.6046
    [07:49:47] step 3250/5625 | avg train loss 2.1031 top1 0.3483 top5 0.6049
    [07:49:52] step 3275/5625 | avg train loss 2.1045 top1 0.3483 top5 0.6048
    [07:49:58] step 3300/5625 | avg train loss 2.1035 top1 0.3490 top5 0.6052
    [07:50:03] step 3325/5625 | avg train loss 2.1036 top1 0.3488 top5 0.6056
    [07:50:08] step 3350/5625 | avg train loss 2.1033 top1 0.3492 top5 0.6061
    [07:50:13] step 3375/5625 | avg train loss 2.1044 top1 0.3487 top5 0.6057
    [07:50:18] step 3400/5625 | avg train loss 2.1036 top1 0.3483 top5 0.6051
    [07:50:23] step 3425/5625 | avg train loss 2.1018 top1 0.3490 top5 0.6057
    [07:50:28] step 3450/5625 | avg train loss 2.1004 top1 0.3490 top5 0.6053
    [07:50:33] step 3475/5625 | avg train loss 2.1001 top1 0.3494 top5 0.6055
    [07:50:39] step 3500/5625 | avg train loss 2.1013 top1 0.3492 top5 0.6053
    [07:50:44] step 3525/5625 | avg train loss 2.1021 top1 0.3490 top5 0.6055
    [07:50:49] step 3550/5625 | avg train loss 2.1011 top1 0.3489 top5 0.6055
    [07:50:54] step 3575/5625 | avg train loss 2.1023 top1 0.3487 top5 0.6055
    [07:50:59] step 3600/5625 | avg train loss 2.1014 top1 0.3489 top5 0.6056
    [07:51:04] step 3625/5625 | avg train loss 2.1023 top1 0.3484 top5 0.6053
    [07:51:09] step 3650/5625 | avg train loss 2.1022 top1 0.3486 top5 0.6056
    [07:51:14] step 3675/5625 | avg train loss 2.1033 top1 0.3487 top5 0.6058
    [07:51:20] step 3700/5625 | avg train loss 2.1049 top1 0.3484 top5 0.6057
    [07:51:25] step 3725/5625 | avg train loss 2.1053 top1 0.3483 top5 0.6055
    [07:51:30] step 3750/5625 | avg train loss 2.1054 top1 0.3480 top5 0.6054
    [07:51:35] step 3775/5625 | avg train loss 2.1055 top1 0.3478 top5 0.6053
    [07:51:40] step 3800/5625 | avg train loss 2.1060 top1 0.3476 top5 0.6055
    [07:51:45] step 3825/5625 | avg train loss 2.1062 top1 0.3476 top5 0.6054
    [07:51:50] step 3850/5625 | avg train loss 2.1069 top1 0.3475 top5 0.6051
    [07:51:55] step 3875/5625 | avg train loss 2.1066 top1 0.3476 top5 0.6056
    [07:52:00] step 3900/5625 | avg train loss 2.1073 top1 0.3476 top5 0.6059
    [07:52:06] step 3925/5625 | avg train loss 2.1083 top1 0.3473 top5 0.6056
    [07:52:11] step 3950/5625 | avg train loss 2.1086 top1 0.3474 top5 0.6059
    [07:52:16] step 3975/5625 | avg train loss 2.1085 top1 0.3477 top5 0.6059
    [07:52:21] step 4000/5625 | avg train loss 2.1088 top1 0.3478 top5 0.6056
    [07:52:26] step 4025/5625 | avg train loss 2.1100 top1 0.3472 top5 0.6051
    [07:52:31] step 4050/5625 | avg train loss 2.1085 top1 0.3476 top5 0.6052
    [07:52:36] step 4075/5625 | avg train loss 2.1088 top1 0.3476 top5 0.6056
    [07:52:41] step 4100/5625 | avg train loss 2.1087 top1 0.3476 top5 0.6055
    [07:52:46] step 4125/5625 | avg train loss 2.1078 top1 0.3476 top5 0.6054
    [07:52:52] step 4150/5625 | avg train loss 2.1066 top1 0.3477 top5 0.6057
    [07:52:57] step 4175/5625 | avg train loss 2.1077 top1 0.3472 top5 0.6051
    [07:53:02] step 4200/5625 | avg train loss 2.1088 top1 0.3468 top5 0.6044
    [07:53:07] step 4225/5625 | avg train loss 2.1088 top1 0.3466 top5 0.6045
    [07:53:12] step 4250/5625 | avg train loss 2.1096 top1 0.3462 top5 0.6043
    [07:53:17] step 4275/5625 | avg train loss 2.1108 top1 0.3461 top5 0.6046
    [07:53:22] step 4300/5625 | avg train loss 2.1095 top1 0.3468 top5 0.6050
    [07:53:27] step 4325/5625 | avg train loss 2.1109 top1 0.3461 top5 0.6046
    [07:53:32] step 4350/5625 | avg train loss 2.1102 top1 0.3466 top5 0.6052
    [07:53:37] step 4375/5625 | avg train loss 2.1104 top1 0.3468 top5 0.6054
    [07:53:42] step 4400/5625 | avg train loss 2.1116 top1 0.3465 top5 0.6050
    [07:53:48] step 4425/5625 | avg train loss 2.1119 top1 0.3464 top5 0.6048
    [07:53:53] step 4450/5625 | avg train loss 2.1125 top1 0.3463 top5 0.6051
    [07:53:58] step 4475/5625 | avg train loss 2.1128 top1 0.3464 top5 0.6051
    [07:54:03] step 4500/5625 | avg train loss 2.1118 top1 0.3469 top5 0.6054
    [07:54:08] step 4525/5625 | avg train loss 2.1120 top1 0.3469 top5 0.6057
    [07:54:13] step 4550/5625 | avg train loss 2.1108 top1 0.3474 top5 0.6062
    [07:54:18] step 4575/5625 | avg train loss 2.1106 top1 0.3472 top5 0.6058
    [07:54:23] step 4600/5625 | avg train loss 2.1114 top1 0.3468 top5 0.6059
    [07:54:29] step 4625/5625 | avg train loss 2.1105 top1 0.3475 top5 0.6065
    [07:54:34] step 4650/5625 | avg train loss 2.1098 top1 0.3479 top5 0.6069
    [07:54:39] step 4675/5625 | avg train loss 2.1090 top1 0.3485 top5 0.6072
    [07:54:44] step 4700/5625 | avg train loss 2.1090 top1 0.3486 top5 0.6075
    [07:54:49] step 4725/5625 | avg train loss 2.1086 top1 0.3485 top5 0.6075
    [07:54:54] step 4750/5625 | avg train loss 2.1081 top1 0.3484 top5 0.6075
    [07:54:59] step 4775/5625 | avg train loss 2.1090 top1 0.3485 top5 0.6075
    [07:55:04] step 4800/5625 | avg train loss 2.1083 top1 0.3483 top5 0.6072
    [07:55:09] step 4825/5625 | avg train loss 2.1080 top1 0.3484 top5 0.6071
    [07:55:15] step 4850/5625 | avg train loss 2.1082 top1 0.3486 top5 0.6072
    [07:55:20] step 4875/5625 | avg train loss 2.1075 top1 0.3487 top5 0.6072
    [07:55:25] step 4900/5625 | avg train loss 2.1079 top1 0.3490 top5 0.6076
    [07:55:30] step 4925/5625 | avg train loss 2.1073 top1 0.3486 top5 0.6075
    [07:55:35] step 4950/5625 | avg train loss 2.1078 top1 0.3481 top5 0.6073
    [07:55:40] step 4975/5625 | avg train loss 2.1065 top1 0.3484 top5 0.6072
    [07:55:45] step 5000/5625 | avg train loss 2.1059 top1 0.3487 top5 0.6076
    [07:55:50] step 5025/5625 | avg train loss 2.1042 top1 0.3485 top5 0.6077
    [07:55:55] step 5050/5625 | avg train loss 2.1056 top1 0.3482 top5 0.6077
    [07:56:01] step 5075/5625 | avg train loss 2.1055 top1 0.3483 top5 0.6080
    [07:56:06] step 5100/5625 | avg train loss 2.1052 top1 0.3486 top5 0.6082
    [07:56:11] step 5125/5625 | avg train loss 2.1053 top1 0.3484 top5 0.6082
    [07:56:16] step 5150/5625 | avg train loss 2.1063 top1 0.3483 top5 0.6077
    [07:56:21] step 5175/5625 | avg train loss 2.1069 top1 0.3482 top5 0.6076
    [07:56:26] step 5200/5625 | avg train loss 2.1068 top1 0.3483 top5 0.6078
    [07:56:31] step 5225/5625 | avg train loss 2.1076 top1 0.3479 top5 0.6075
    [07:56:36] step 5250/5625 | avg train loss 2.1083 top1 0.3477 top5 0.6070
    [07:56:41] step 5275/5625 | avg train loss 2.1087 top1 0.3479 top5 0.6070
    [07:56:47] step 5300/5625 | avg train loss 2.1091 top1 0.3478 top5 0.6068
    [07:56:52] step 5325/5625 | avg train loss 2.1080 top1 0.3480 top5 0.6070
    [07:56:57] step 5350/5625 | avg train loss 2.1073 top1 0.3482 top5 0.6070
    [07:57:02] step 5375/5625 | avg train loss 2.1075 top1 0.3482 top5 0.6072
    [07:57:07] step 5400/5625 | avg train loss 2.1070 top1 0.3481 top5 0.6070
    [07:57:12] step 5425/5625 | avg train loss 2.1069 top1 0.3479 top5 0.6067
    [07:57:17] step 5450/5625 | avg train loss 2.1068 top1 0.3478 top5 0.6067
    [07:57:22] step 5475/5625 | avg train loss 2.1072 top1 0.3478 top5 0.6065
    [07:57:27] step 5500/5625 | avg train loss 2.1062 top1 0.3478 top5 0.6064
    [07:57:33] step 5525/5625 | avg train loss 2.1058 top1 0.3479 top5 0.6068
    [07:57:38] step 5550/5625 | avg train loss 2.1063 top1 0.3478 top5 0.6071
    [07:57:43] step 5575/5625 | avg train loss 2.1064 top1 0.3478 top5 0.6070
    [07:57:48] step 5600/5625 | avg train loss 2.1062 top1 0.3477 top5 0.6068
    [07:57:53] step 5625/5625 | avg train loss 2.1072 top1 0.3474 top5 0.6066
Epoch 26/50 | train loss 2.1072 top1 0.3474 | val loss 1.8746 top1 0.4709 top5 0.7951 | ema holdout top1 0.4633 top5 0.7918
  No val top1 improvement (1/15); best remains 0.4777
    [07:59:28] step 25/5625 | avg train loss 1.9960 top1 0.3900 top5 0.5700
    [07:59:33] step 50/5625 | avg train loss 2.0729 top1 0.3700 top5 0.5750
    [07:59:38] step 75/5625 | avg train loss 2.0664 top1 0.3733 top5 0.5850
    [07:59:43] step 100/5625 | avg train loss 1.9821 top1 0.3875 top5 0.6200
    [07:59:49] step 125/5625 | avg train loss 1.9983 top1 0.3930 top5 0.6310
    [07:59:54] step 150/5625 | avg train loss 2.0515 top1 0.3858 top5 0.6275
    [07:59:59] step 175/5625 | avg train loss 2.0739 top1 0.3786 top5 0.6279
    [08:00:04] step 200/5625 | avg train loss 2.0583 top1 0.3731 top5 0.6244
    [08:00:09] step 225/5625 | avg train loss 2.0585 top1 0.3744 top5 0.6222
    [08:00:14] step 250/5625 | avg train loss 2.0566 top1 0.3750 top5 0.6230
    [08:00:19] step 275/5625 | avg train loss 2.0449 top1 0.3673 top5 0.6132
    [08:00:25] step 300/5625 | avg train loss 2.0410 top1 0.3604 top5 0.6033
    [08:00:30] step 325/5625 | avg train loss 2.0215 top1 0.3658 top5 0.6081
    [08:00:35] step 350/5625 | avg train loss 2.0035 top1 0.3671 top5 0.6100
    [08:00:40] step 375/5625 | avg train loss 2.0039 top1 0.3683 top5 0.6147
    [08:00:45] step 400/5625 | avg train loss 2.0054 top1 0.3669 top5 0.6125
    [08:00:50] step 425/5625 | avg train loss 2.0099 top1 0.3635 top5 0.6126
    [08:00:55] step 450/5625 | avg train loss 2.0010 top1 0.3667 top5 0.6136
    [08:01:00] step 475/5625 | avg train loss 2.0079 top1 0.3650 top5 0.6153
    [08:01:05] step 500/5625 | avg train loss 2.0150 top1 0.3615 top5 0.6120
    [08:01:10] step 525/5625 | avg train loss 2.0103 top1 0.3624 top5 0.6114
    [08:01:16] step 550/5625 | avg train loss 2.0118 top1 0.3609 top5 0.6114
    [08:01:21] step 575/5625 | avg train loss 2.0144 top1 0.3578 top5 0.6113
    [08:01:26] step 600/5625 | avg train loss 2.0233 top1 0.3560 top5 0.6115
    [08:01:31] step 625/5625 | avg train loss 2.0329 top1 0.3516 top5 0.6086
    [08:01:36] step 650/5625 | avg train loss 2.0341 top1 0.3531 top5 0.6092
    [08:01:41] step 675/5625 | avg train loss 2.0368 top1 0.3520 top5 0.6074
    [08:01:46] step 700/5625 | avg train loss 2.0415 top1 0.3500 top5 0.6057
    [08:01:52] step 725/5625 | avg train loss 2.0363 top1 0.3529 top5 0.6066
    [08:01:57] step 750/5625 | avg train loss 2.0337 top1 0.3548 top5 0.6058
    [08:02:02] step 775/5625 | avg train loss 2.0339 top1 0.3542 top5 0.6056
    [08:02:07] step 800/5625 | avg train loss 2.0340 top1 0.3572 top5 0.6091
    [08:02:12] step 825/5625 | avg train loss 2.0333 top1 0.3565 top5 0.6109
    [08:02:17] step 850/5625 | avg train loss 2.0354 top1 0.3556 top5 0.6085
    [08:02:22] step 875/5625 | avg train loss 2.0373 top1 0.3550 top5 0.6089
    [08:02:27] step 900/5625 | avg train loss 2.0390 top1 0.3535 top5 0.6074
    [08:02:32] step 925/5625 | avg train loss 2.0441 top1 0.3528 top5 0.6069
    [08:02:38] step 950/5625 | avg train loss 2.0499 top1 0.3509 top5 0.6047
    [08:02:43] step 975/5625 | avg train loss 2.0443 top1 0.3523 top5 0.6060
    [08:02:48] step 1000/5625 | avg train loss 2.0436 top1 0.3525 top5 0.6059
    [08:02:53] step 1025/5625 | avg train loss 2.0425 top1 0.3520 top5 0.6070
    [08:02:58] step 1050/5625 | avg train loss 2.0438 top1 0.3511 top5 0.6069
    [08:03:03] step 1075/5625 | avg train loss 2.0476 top1 0.3529 top5 0.6080
    [08:03:08] step 1100/5625 | avg train loss 2.0526 top1 0.3527 top5 0.6078
    [08:03:13] step 1125/5625 | avg train loss 2.0528 top1 0.3540 top5 0.6096
    [08:03:19] step 1150/5625 | avg train loss 2.0553 top1 0.3553 top5 0.6112
    [08:03:24] step 1175/5625 | avg train loss 2.0562 top1 0.3553 top5 0.6118
    [08:03:29] step 1200/5625 | avg train loss 2.0531 top1 0.3560 top5 0.6125
    [08:03:34] step 1225/5625 | avg train loss 2.0570 top1 0.3555 top5 0.6124
    [08:03:39] step 1250/5625 | avg train loss 2.0602 top1 0.3551 top5 0.6131
    [08:03:44] step 1275/5625 | avg train loss 2.0613 top1 0.3567 top5 0.6144
    [08:03:49] step 1300/5625 | avg train loss 2.0624 top1 0.3562 top5 0.6132
    [08:03:54] step 1325/5625 | avg train loss 2.0616 top1 0.3566 top5 0.6142
    [08:03:59] step 1350/5625 | avg train loss 2.0650 top1 0.3566 top5 0.6154
    [08:04:05] step 1375/5625 | avg train loss 2.0665 top1 0.3564 top5 0.6140
    [08:04:10] step 1400/5625 | avg train loss 2.0695 top1 0.3555 top5 0.6136
    [08:04:15] step 1425/5625 | avg train loss 2.0701 top1 0.3546 top5 0.6122
    [08:04:20] step 1450/5625 | avg train loss 2.0714 top1 0.3531 top5 0.6109
    [08:04:25] step 1475/5625 | avg train loss 2.0722 top1 0.3535 top5 0.6125
    [08:04:30] step 1500/5625 | avg train loss 2.0719 top1 0.3533 top5 0.6123
    [08:04:35] step 1525/5625 | avg train loss 2.0755 top1 0.3529 top5 0.6117
    [08:04:40] step 1550/5625 | avg train loss 2.0732 top1 0.3538 top5 0.6116
    [08:04:45] step 1575/5625 | avg train loss 2.0706 top1 0.3555 top5 0.6126
    [08:04:51] step 1600/5625 | avg train loss 2.0656 top1 0.3570 top5 0.6137
    [08:04:56] step 1625/5625 | avg train loss 2.0664 top1 0.3579 top5 0.6138
    [08:05:01] step 1650/5625 | avg train loss 2.0672 top1 0.3573 top5 0.6133
    [08:05:06] step 1675/5625 | avg train loss 2.0644 top1 0.3578 top5 0.6139
    [08:05:11] step 1700/5625 | avg train loss 2.0653 top1 0.3574 top5 0.6139
    [08:05:16] step 1725/5625 | avg train loss 2.0669 top1 0.3574 top5 0.6141
    [08:05:21] step 1750/5625 | avg train loss 2.0669 top1 0.3581 top5 0.6154
    [08:05:26] step 1775/5625 | avg train loss 2.0653 top1 0.3583 top5 0.6159
    [08:05:31] step 1800/5625 | avg train loss 2.0631 top1 0.3595 top5 0.6176
    [08:05:37] step 1825/5625 | avg train loss 2.0652 top1 0.3586 top5 0.6170
    [08:05:42] step 1850/5625 | avg train loss 2.0647 top1 0.3588 top5 0.6176
    [08:05:47] step 1875/5625 | avg train loss 2.0673 top1 0.3584 top5 0.6179
    [08:05:52] step 1900/5625 | avg train loss 2.0675 top1 0.3576 top5 0.6166
    [08:05:57] step 1925/5625 | avg train loss 2.0673 top1 0.3578 top5 0.6167
    [08:06:02] step 1950/5625 | avg train loss 2.0685 top1 0.3578 top5 0.6165
    [08:06:07] step 1975/5625 | avg train loss 2.0696 top1 0.3575 top5 0.6172
    [08:06:12] step 2000/5625 | avg train loss 2.0723 top1 0.3563 top5 0.6157
    [08:06:17] step 2025/5625 | avg train loss 2.0712 top1 0.3565 top5 0.6158
    [08:06:23] step 2050/5625 | avg train loss 2.0729 top1 0.3562 top5 0.6151
    [08:06:28] step 2075/5625 | avg train loss 2.0735 top1 0.3564 top5 0.6159
    [08:06:33] step 2100/5625 | avg train loss 2.0759 top1 0.3570 top5 0.6162
    [08:06:38] step 2125/5625 | avg train loss 2.0767 top1 0.3567 top5 0.6155
    [08:06:43] step 2150/5625 | avg train loss 2.0748 top1 0.3563 top5 0.6157
    [08:06:48] step 2175/5625 | avg train loss 2.0739 top1 0.3557 top5 0.6149
    [08:06:53] step 2200/5625 | avg train loss 2.0752 top1 0.3552 top5 0.6143
    [08:06:58] step 2225/5625 | avg train loss 2.0765 top1 0.3547 top5 0.6140
    [08:07:03] step 2250/5625 | avg train loss 2.0758 top1 0.3537 top5 0.6136
    [08:07:08] step 2275/5625 | avg train loss 2.0746 top1 0.3542 top5 0.6139
    [08:07:14] step 2300/5625 | avg train loss 2.0750 top1 0.3546 top5 0.6141
    [08:07:19] step 2325/5625 | avg train loss 2.0755 top1 0.3537 top5 0.6134
    [08:07:24] step 2350/5625 | avg train loss 2.0776 top1 0.3524 top5 0.6127
    [08:07:29] step 2375/5625 | avg train loss 2.0776 top1 0.3520 top5 0.6121
    [08:07:34] step 2400/5625 | avg train loss 2.0765 top1 0.3526 top5 0.6124
    [08:07:39] step 2425/5625 | avg train loss 2.0772 top1 0.3524 top5 0.6122
    [08:07:44] step 2450/5625 | avg train loss 2.0751 top1 0.3532 top5 0.6127
    [08:07:50] step 2475/5625 | avg train loss 2.0768 top1 0.3528 top5 0.6127
    [08:07:55] step 2500/5625 | avg train loss 2.0779 top1 0.3532 top5 0.6133
    [08:08:00] step 2525/5625 | avg train loss 2.0771 top1 0.3534 top5 0.6133
    [08:08:05] step 2550/5625 | avg train loss 2.0778 top1 0.3532 top5 0.6129
    [08:08:10] step 2575/5625 | avg train loss 2.0791 top1 0.3522 top5 0.6123
    [08:08:15] step 2600/5625 | avg train loss 2.0798 top1 0.3522 top5 0.6124
    [08:08:20] step 2625/5625 | avg train loss 2.0793 top1 0.3520 top5 0.6129
    [08:08:25] step 2650/5625 | avg train loss 2.0800 top1 0.3524 top5 0.6134
    [08:08:31] step 2675/5625 | avg train loss 2.0811 top1 0.3527 top5 0.6142
    [08:08:36] step 2700/5625 | avg train loss 2.0817 top1 0.3526 top5 0.6140
    [08:08:41] step 2725/5625 | avg train loss 2.0829 top1 0.3525 top5 0.6139
    [08:08:46] step 2750/5625 | avg train loss 2.0820 top1 0.3522 top5 0.6133
    [08:08:51] step 2775/5625 | avg train loss 2.0834 top1 0.3520 top5 0.6134
    [08:08:56] step 2800/5625 | avg train loss 2.0827 top1 0.3522 top5 0.6132
    [08:09:01] step 2825/5625 | avg train loss 2.0809 top1 0.3532 top5 0.6133
    [08:09:06] step 2850/5625 | avg train loss 2.0824 top1 0.3535 top5 0.6134
    [08:09:12] step 2875/5625 | avg train loss 2.0835 top1 0.3530 top5 0.6137
    [08:09:17] step 2900/5625 | avg train loss 2.0839 top1 0.3526 top5 0.6131
    [08:09:22] step 2925/5625 | avg train loss 2.0831 top1 0.3531 top5 0.6135
    [08:09:27] step 2950/5625 | avg train loss 2.0835 top1 0.3531 top5 0.6133
    [08:09:32] step 2975/5625 | avg train loss 2.0820 top1 0.3534 top5 0.6132
    [08:09:37] step 3000/5625 | avg train loss 2.0818 top1 0.3534 top5 0.6128
    [08:09:42] step 3025/5625 | avg train loss 2.0811 top1 0.3540 top5 0.6131
    [08:09:47] step 3050/5625 | avg train loss 2.0815 top1 0.3539 top5 0.6131
    [08:09:52] step 3075/5625 | avg train loss 2.0827 top1 0.3534 top5 0.6125
    [08:09:57] step 3100/5625 | avg train loss 2.0825 top1 0.3534 top5 0.6125
    [08:10:03] step 3125/5625 | avg train loss 2.0834 top1 0.3529 top5 0.6116
    [08:10:08] step 3150/5625 | avg train loss 2.0842 top1 0.3532 top5 0.6118
    [08:10:13] step 3175/5625 | avg train loss 2.0847 top1 0.3532 top5 0.6123
    [08:10:18] step 3200/5625 | avg train loss 2.0851 top1 0.3530 top5 0.6119
    [08:10:23] step 3225/5625 | avg train loss 2.0840 top1 0.3531 top5 0.6118
    [08:10:28] step 3250/5625 | avg train loss 2.0839 top1 0.3532 top5 0.6114
    [08:10:33] step 3275/5625 | avg train loss 2.0853 top1 0.3525 top5 0.6112
    [08:10:38] step 3300/5625 | avg train loss 2.0862 top1 0.3527 top5 0.6117
    [08:10:44] step 3325/5625 | avg train loss 2.0857 top1 0.3520 top5 0.6111
    [08:10:49] step 3350/5625 | avg train loss 2.0863 top1 0.3524 top5 0.6116
    [08:10:54] step 3375/5625 | avg train loss 2.0858 top1 0.3529 top5 0.6121
    [08:10:59] step 3400/5625 | avg train loss 2.0858 top1 0.3523 top5 0.6110
    [08:11:04] step 3425/5625 | avg train loss 2.0873 top1 0.3519 top5 0.6103
    [08:11:09] step 3450/5625 | avg train loss 2.0873 top1 0.3521 top5 0.6105
    [08:11:14] step 3475/5625 | avg train loss 2.0881 top1 0.3526 top5 0.6111
    [08:11:19] step 3500/5625 | avg train loss 2.0884 top1 0.3524 top5 0.6114
    [08:11:24] step 3525/5625 | avg train loss 2.0886 top1 0.3529 top5 0.6118
    [08:11:29] step 3550/5625 | avg train loss 2.0885 top1 0.3533 top5 0.6121
    [08:11:34] step 3575/5625 | avg train loss 2.0880 top1 0.3536 top5 0.6127
    [08:11:40] step 3600/5625 | avg train loss 2.0874 top1 0.3539 top5 0.6133
    [08:11:45] step 3625/5625 | avg train loss 2.0870 top1 0.3534 top5 0.6125
    [08:11:50] step 3650/5625 | avg train loss 2.0877 top1 0.3532 top5 0.6125
    [08:11:55] step 3675/5625 | avg train loss 2.0867 top1 0.3539 top5 0.6133
    [08:12:00] step 3700/5625 | avg train loss 2.0871 top1 0.3539 top5 0.6132
    [08:12:05] step 3725/5625 | avg train loss 2.0868 top1 0.3538 top5 0.6128
    [08:12:10] step 3750/5625 | avg train loss 2.0874 top1 0.3537 top5 0.6131
    [08:12:15] step 3775/5625 | avg train loss 2.0882 top1 0.3536 top5 0.6129
    [08:12:20] step 3800/5625 | avg train loss 2.0884 top1 0.3535 top5 0.6130
    [08:12:26] step 3825/5625 | avg train loss 2.0881 top1 0.3535 top5 0.6129
    [08:12:31] step 3850/5625 | avg train loss 2.0883 top1 0.3529 top5 0.6126
    [08:12:36] step 3875/5625 | avg train loss 2.0898 top1 0.3527 top5 0.6128
    [08:12:41] step 3900/5625 | avg train loss 2.0895 top1 0.3525 top5 0.6124
    [08:12:46] step 3925/5625 | avg train loss 2.0890 top1 0.3526 top5 0.6128
    [08:12:51] step 3950/5625 | avg train loss 2.0880 top1 0.3527 top5 0.6129
    [08:12:56] step 3975/5625 | avg train loss 2.0887 top1 0.3525 top5 0.6125
    [08:13:01] step 4000/5625 | avg train loss 2.0894 top1 0.3526 top5 0.6124
    [08:13:06] step 4025/5625 | avg train loss 2.0900 top1 0.3525 top5 0.6122
    [08:13:11] step 4050/5625 | avg train loss 2.0903 top1 0.3522 top5 0.6119
    [08:13:16] step 4075/5625 | avg train loss 2.0903 top1 0.3517 top5 0.6116
    [08:13:22] step 4100/5625 | avg train loss 2.0909 top1 0.3519 top5 0.6116
    [08:13:27] step 4125/5625 | avg train loss 2.0904 top1 0.3516 top5 0.6114
    [08:13:32] step 4150/5625 | avg train loss 2.0900 top1 0.3517 top5 0.6114
    [08:13:37] step 4175/5625 | avg train loss 2.0892 top1 0.3518 top5 0.6119
    [08:13:42] step 4200/5625 | avg train loss 2.0887 top1 0.3523 top5 0.6119
    [08:13:47] step 4225/5625 | avg train loss 2.0900 top1 0.3523 top5 0.6116
    [08:13:52] step 4250/5625 | avg train loss 2.0901 top1 0.3525 top5 0.6117
    [08:13:57] step 4275/5625 | avg train loss 2.0902 top1 0.3526 top5 0.6118
    [08:14:02] step 4300/5625 | avg train loss 2.0900 top1 0.3528 top5 0.6122
    [08:14:08] step 4325/5625 | avg train loss 2.0889 top1 0.3533 top5 0.6123
    [08:14:13] step 4350/5625 | avg train loss 2.0896 top1 0.3532 top5 0.6121
    [08:14:18] step 4375/5625 | avg train loss 2.0898 top1 0.3531 top5 0.6119
    [08:14:23] step 4400/5625 | avg train loss 2.0901 top1 0.3532 top5 0.6119
    [08:14:28] step 4425/5625 | avg train loss 2.0905 top1 0.3530 top5 0.6118
    [08:14:33] step 4450/5625 | avg train loss 2.0917 top1 0.3530 top5 0.6116
    [08:14:38] step 4475/5625 | avg train loss 2.0903 top1 0.3534 top5 0.6120
    [08:14:43] step 4500/5625 | avg train loss 2.0894 top1 0.3539 top5 0.6122
    [08:14:48] step 4525/5625 | avg train loss 2.0906 top1 0.3535 top5 0.6120
    [08:14:53] step 4550/5625 | avg train loss 2.0906 top1 0.3532 top5 0.6120
    [08:14:58] step 4575/5625 | avg train loss 2.0904 top1 0.3536 top5 0.6121
    [08:15:03] step 4600/5625 | avg train loss 2.0889 top1 0.3538 top5 0.6123
    [08:15:09] step 4625/5625 | avg train loss 2.0892 top1 0.3540 top5 0.6125
    [08:15:14] step 4650/5625 | avg train loss 2.0887 top1 0.3535 top5 0.6120
    [08:15:19] step 4675/5625 | avg train loss 2.0878 top1 0.3536 top5 0.6120
    [08:15:24] step 4700/5625 | avg train loss 2.0874 top1 0.3534 top5 0.6120
    [08:15:29] step 4725/5625 | avg train loss 2.0875 top1 0.3534 top5 0.6122
    [08:15:34] step 4750/5625 | avg train loss 2.0879 top1 0.3533 top5 0.6124
    [08:15:39] step 4775/5625 | avg train loss 2.0873 top1 0.3530 top5 0.6123
    [08:15:44] step 4800/5625 | avg train loss 2.0868 top1 0.3527 top5 0.6121
    [08:15:49] step 4825/5625 | avg train loss 2.0859 top1 0.3526 top5 0.6117
    [08:15:54] step 4850/5625 | avg train loss 2.0860 top1 0.3524 top5 0.6118
    [08:15:59] step 4875/5625 | avg train loss 2.0867 top1 0.3524 top5 0.6118
    [08:16:05] step 4900/5625 | avg train loss 2.0867 top1 0.3523 top5 0.6117
    [08:16:10] step 4925/5625 | avg train loss 2.0873 top1 0.3523 top5 0.6118
    [08:16:15] step 4950/5625 | avg train loss 2.0867 top1 0.3521 top5 0.6118
    [08:16:20] step 4975/5625 | avg train loss 2.0860 top1 0.3526 top5 0.6121
    [08:16:25] step 5000/5625 | avg train loss 2.0848 top1 0.3528 top5 0.6126
    [08:16:30] step 5025/5625 | avg train loss 2.0846 top1 0.3530 top5 0.6129
    [08:16:35] step 5050/5625 | avg train loss 2.0842 top1 0.3531 top5 0.6131
    [08:16:40] step 5075/5625 | avg train loss 2.0845 top1 0.3531 top5 0.6132
    [08:16:45] step 5100/5625 | avg train loss 2.0846 top1 0.3528 top5 0.6131
    [08:16:51] step 5125/5625 | avg train loss 2.0852 top1 0.3527 top5 0.6130
    [08:16:56] step 5150/5625 | avg train loss 2.0842 top1 0.3530 top5 0.6134
    [08:17:01] step 5175/5625 | avg train loss 2.0847 top1 0.3529 top5 0.6132
    [08:17:06] step 5200/5625 | avg train loss 2.0846 top1 0.3530 top5 0.6135
    [08:17:11] step 5225/5625 | avg train loss 2.0846 top1 0.3525 top5 0.6127
    [08:17:16] step 5250/5625 | avg train loss 2.0850 top1 0.3525 top5 0.6125
    [08:17:21] step 5275/5625 | avg train loss 2.0858 top1 0.3525 top5 0.6127
    [08:17:26] step 5300/5625 | avg train loss 2.0845 top1 0.3529 top5 0.6129
    [08:17:31] step 5325/5625 | avg train loss 2.0845 top1 0.3530 top5 0.6128
    [08:17:36] step 5350/5625 | avg train loss 2.0847 top1 0.3531 top5 0.6130
    [08:17:41] step 5375/5625 | avg train loss 2.0863 top1 0.3528 top5 0.6126
    [08:17:47] step 5400/5625 | avg train loss 2.0865 top1 0.3525 top5 0.6124
    [08:17:52] step 5425/5625 | avg train loss 2.0862 top1 0.3526 top5 0.6125
    [08:17:57] step 5450/5625 | avg train loss 2.0855 top1 0.3530 top5 0.6129
    [08:18:02] step 5475/5625 | avg train loss 2.0858 top1 0.3527 top5 0.6127
    [08:18:07] step 5500/5625 | avg train loss 2.0856 top1 0.3529 top5 0.6131
    [08:18:12] step 5525/5625 | avg train loss 2.0858 top1 0.3529 top5 0.6131
    [08:18:17] step 5550/5625 | avg train loss 2.0850 top1 0.3528 top5 0.6131
    [08:18:22] step 5575/5625 | avg train loss 2.0842 top1 0.3529 top5 0.6129
    [08:18:27] step 5600/5625 | avg train loss 2.0850 top1 0.3528 top5 0.6129
    [08:18:32] step 5625/5625 | avg train loss 2.0851 top1 0.3527 top5 0.6126
Epoch 27/50 | train loss 2.0851 top1 0.3527 | val loss 1.8358 top1 0.4836 top5 0.8044 | ema holdout top1 0.4686 top5 0.7961
  Saved new best checkpoint (live): /Data/romain.poggi/smth2smth/checkpoints/track_a/videomaev2+ft/meanpool-mae150-s44.pt (val top1=0.4836)
    [08:20:08] step 25/5625 | avg train loss 1.9103 top1 0.4100 top5 0.6500
    [08:20:13] step 50/5625 | avg train loss 1.9802 top1 0.3825 top5 0.6375
    [08:20:18] step 75/5625 | avg train loss 2.0023 top1 0.3733 top5 0.6467
    [08:20:23] step 100/5625 | avg train loss 2.0305 top1 0.3638 top5 0.6388
    [08:20:28] step 125/5625 | avg train loss 2.0377 top1 0.3640 top5 0.6290
    [08:20:33] step 150/5625 | avg train loss 2.0241 top1 0.3775 top5 0.6442
    [08:20:38] step 175/5625 | avg train loss 2.0398 top1 0.3757 top5 0.6386
    [08:20:44] step 200/5625 | avg train loss 2.0413 top1 0.3681 top5 0.6350
    [08:20:49] step 225/5625 | avg train loss 2.0338 top1 0.3722 top5 0.6356
    [08:20:54] step 250/5625 | avg train loss 2.0211 top1 0.3740 top5 0.6325
    [08:20:59] step 275/5625 | avg train loss 2.0159 top1 0.3764 top5 0.6359
    [08:21:04] step 300/5625 | avg train loss 2.0017 top1 0.3817 top5 0.6454
    [08:21:09] step 325/5625 | avg train loss 1.9833 top1 0.3835 top5 0.6438
    [08:21:14] step 350/5625 | avg train loss 1.9950 top1 0.3793 top5 0.6404
    [08:21:19] step 375/5625 | avg train loss 1.9995 top1 0.3743 top5 0.6367
    [08:21:24] step 400/5625 | avg train loss 2.0042 top1 0.3697 top5 0.6319
    [08:21:29] step 425/5625 | avg train loss 2.0015 top1 0.3685 top5 0.6306
    [08:21:34] step 450/5625 | avg train loss 2.0090 top1 0.3681 top5 0.6308
    [08:21:39] step 475/5625 | avg train loss 2.0110 top1 0.3663 top5 0.6279
    [08:21:44] step 500/5625 | avg train loss 2.0145 top1 0.3655 top5 0.6245
    [08:21:50] step 525/5625 | avg train loss 1.9993 top1 0.3676 top5 0.6255
    [08:21:55] step 550/5625 | avg train loss 2.0128 top1 0.3666 top5 0.6255
    [08:22:00] step 575/5625 | avg train loss 2.0117 top1 0.3685 top5 0.6278
    [08:22:05] step 600/5625 | avg train loss 2.0120 top1 0.3702 top5 0.6308
    [08:22:10] step 625/5625 | avg train loss 2.0114 top1 0.3688 top5 0.6302
    [08:22:15] step 650/5625 | avg train loss 2.0118 top1 0.3688 top5 0.6315
    [08:22:20] step 675/5625 | avg train loss 2.0088 top1 0.3696 top5 0.6304
    [08:22:25] step 700/5625 | avg train loss 2.0113 top1 0.3682 top5 0.6293
    [08:22:30] step 725/5625 | avg train loss 2.0130 top1 0.3686 top5 0.6295
    [08:22:36] step 750/5625 | avg train loss 2.0222 top1 0.3682 top5 0.6283
    [08:22:41] step 775/5625 | avg train loss 2.0196 top1 0.3694 top5 0.6308
    [08:22:46] step 800/5625 | avg train loss 2.0157 top1 0.3678 top5 0.6288
    [08:22:51] step 825/5625 | avg train loss 2.0196 top1 0.3661 top5 0.6274
    [08:22:56] step 850/5625 | avg train loss 2.0245 top1 0.3641 top5 0.6253
    [08:23:01] step 875/5625 | avg train loss 2.0260 top1 0.3639 top5 0.6261
    [08:23:06] step 900/5625 | avg train loss 2.0197 top1 0.3635 top5 0.6247
    [08:23:11] step 925/5625 | avg train loss 2.0240 top1 0.3636 top5 0.6269
    [08:23:16] step 950/5625 | avg train loss 2.0259 top1 0.3611 top5 0.6239
    [08:23:21] step 975/5625 | avg train loss 2.0217 top1 0.3597 top5 0.6232
    [08:23:26] step 1000/5625 | avg train loss 2.0203 top1 0.3611 top5 0.6239
    [08:23:32] step 1025/5625 | avg train loss 2.0191 top1 0.3607 top5 0.6234
    [08:23:37] step 1050/5625 | avg train loss 2.0189 top1 0.3620 top5 0.6249
    [08:23:42] step 1075/5625 | avg train loss 2.0214 top1 0.3602 top5 0.6227
    [08:23:47] step 1100/5625 | avg train loss 2.0206 top1 0.3603 top5 0.6233
    [08:23:52] step 1125/5625 | avg train loss 2.0257 top1 0.3593 top5 0.6226
    [08:23:57] step 1150/5625 | avg train loss 2.0305 top1 0.3576 top5 0.6223
    [08:24:02] step 1175/5625 | avg train loss 2.0279 top1 0.3571 top5 0.6226
    [08:24:07] step 1200/5625 | avg train loss 2.0262 top1 0.3569 top5 0.6229
    [08:24:12] step 1225/5625 | avg train loss 2.0267 top1 0.3565 top5 0.6214
    [08:24:17] step 1250/5625 | avg train loss 2.0300 top1 0.3560 top5 0.6193
    [08:24:22] step 1275/5625 | avg train loss 2.0309 top1 0.3575 top5 0.6208
    [08:24:28] step 1300/5625 | avg train loss 2.0347 top1 0.3580 top5 0.6211
    [08:24:33] step 1325/5625 | avg train loss 2.0378 top1 0.3582 top5 0.6203
    [08:24:38] step 1350/5625 | avg train loss 2.0398 top1 0.3577 top5 0.6194
    [08:24:43] step 1375/5625 | avg train loss 2.0396 top1 0.3568 top5 0.6177
    [08:24:48] step 1400/5625 | avg train loss 2.0438 top1 0.3559 top5 0.6172
    [08:24:53] step 1425/5625 | avg train loss 2.0443 top1 0.3564 top5 0.6181
    [08:24:58] step 1450/5625 | avg train loss 2.0437 top1 0.3577 top5 0.6193
    [08:25:03] step 1475/5625 | avg train loss 2.0447 top1 0.3569 top5 0.6182
    [08:25:08] step 1500/5625 | avg train loss 2.0406 top1 0.3588 top5 0.6193
    [08:25:13] step 1525/5625 | avg train loss 2.0399 top1 0.3590 top5 0.6193
    [08:25:19] step 1550/5625 | avg train loss 2.0397 top1 0.3585 top5 0.6190
    [08:25:24] step 1575/5625 | avg train loss 2.0417 top1 0.3576 top5 0.6191
    [08:25:29] step 1600/5625 | avg train loss 2.0428 top1 0.3570 top5 0.6180
    [08:25:34] step 1625/5625 | avg train loss 2.0453 top1 0.3571 top5 0.6182
    [08:25:39] step 1650/5625 | avg train loss 2.0415 top1 0.3580 top5 0.6187
    [08:25:44] step 1675/5625 | avg train loss 2.0428 top1 0.3585 top5 0.6193
    [08:25:49] step 1700/5625 | avg train loss 2.0416 top1 0.3598 top5 0.6193
    [08:25:54] step 1725/5625 | avg train loss 2.0420 top1 0.3593 top5 0.6188
    [08:25:59] step 1750/5625 | avg train loss 2.0424 top1 0.3587 top5 0.6194
    [08:26:04] step 1775/5625 | avg train loss 2.0440 top1 0.3576 top5 0.6185
    [08:26:09] step 1800/5625 | avg train loss 2.0438 top1 0.3561 top5 0.6172
    [08:26:14] step 1825/5625 | avg train loss 2.0463 top1 0.3558 top5 0.6171
    [08:26:20] step 1850/5625 | avg train loss 2.0472 top1 0.3559 top5 0.6175
    [08:26:25] step 1875/5625 | avg train loss 2.0479 top1 0.3563 top5 0.6183
    [08:26:30] step 1900/5625 | avg train loss 2.0477 top1 0.3574 top5 0.6189
    [08:26:35] step 1925/5625 | avg train loss 2.0484 top1 0.3571 top5 0.6188
    [08:26:40] step 1950/5625 | avg train loss 2.0512 top1 0.3564 top5 0.6183
    [08:26:45] step 1975/5625 | avg train loss 2.0551 top1 0.3555 top5 0.6172
    [08:26:50] step 2000/5625 | avg train loss 2.0539 top1 0.3551 top5 0.6173
    [08:26:55] step 2025/5625 | avg train loss 2.0549 top1 0.3556 top5 0.6173
    [08:27:00] step 2050/5625 | avg train loss 2.0575 top1 0.3545 top5 0.6170
    [08:27:05] step 2075/5625 | avg train loss 2.0562 top1 0.3536 top5 0.6161
    [08:27:11] step 2100/5625 | avg train loss 2.0577 top1 0.3539 top5 0.6161
    [08:27:16] step 2125/5625 | avg train loss 2.0589 top1 0.3533 top5 0.6151
    [08:27:21] step 2150/5625 | avg train loss 2.0588 top1 0.3523 top5 0.6138
    [08:27:26] step 2175/5625 | avg train loss 2.0580 top1 0.3527 top5 0.6138
    [08:27:31] step 2200/5625 | avg train loss 2.0617 top1 0.3522 top5 0.6136
    [08:27:36] step 2225/5625 | avg train loss 2.0613 top1 0.3529 top5 0.6137
    [08:27:41] step 2250/5625 | avg train loss 2.0603 top1 0.3539 top5 0.6142
    [08:27:46] step 2275/5625 | avg train loss 2.0608 top1 0.3536 top5 0.6140
    [08:27:51] step 2300/5625 | avg train loss 2.0599 top1 0.3539 top5 0.6145
    [08:27:56] step 2325/5625 | avg train loss 2.0620 top1 0.3535 top5 0.6142
    [08:28:01] step 2350/5625 | avg train loss 2.0619 top1 0.3544 top5 0.6144
    [08:28:07] step 2375/5625 | avg train loss 2.0610 top1 0.3541 top5 0.6141
    [08:28:12] step 2400/5625 | avg train loss 2.0609 top1 0.3543 top5 0.6148
    [08:28:17] step 2425/5625 | avg train loss 2.0619 top1 0.3543 top5 0.6141
    [08:28:22] step 2450/5625 | avg train loss 2.0575 top1 0.3556 top5 0.6148
    [08:28:27] step 2475/5625 | avg train loss 2.0556 top1 0.3559 top5 0.6148
    [08:28:32] step 2500/5625 | avg train loss 2.0567 top1 0.3556 top5 0.6145
    [08:28:37] step 2525/5625 | avg train loss 2.0578 top1 0.3555 top5 0.6148
    [08:28:42] step 2550/5625 | avg train loss 2.0560 top1 0.3560 top5 0.6147
    [08:28:48] step 2575/5625 | avg train loss 2.0556 top1 0.3562 top5 0.6150
    [08:28:53] step 2600/5625 | avg train loss 2.0555 top1 0.3564 top5 0.6151
    [08:28:58] step 2625/5625 | avg train loss 2.0557 top1 0.3566 top5 0.6158
    [08:29:03] step 2650/5625 | avg train loss 2.0565 top1 0.3565 top5 0.6158
    [08:29:08] step 2675/5625 | avg train loss 2.0571 top1 0.3568 top5 0.6170
    [08:29:13] step 2700/5625 | avg train loss 2.0565 top1 0.3569 top5 0.6172
    [08:29:18] step 2725/5625 | avg train loss 2.0581 top1 0.3565 top5 0.6172
    [08:29:23] step 2750/5625 | avg train loss 2.0582 top1 0.3560 top5 0.6169
    [08:29:28] step 2775/5625 | avg train loss 2.0590 top1 0.3561 top5 0.6174
    [08:29:33] step 2800/5625 | avg train loss 2.0599 top1 0.3566 top5 0.6171
    [08:29:39] step 2825/5625 | avg train loss 2.0619 top1 0.3563 top5 0.6165
    [08:29:44] step 2850/5625 | avg train loss 2.0628 top1 0.3558 top5 0.6162
    [08:29:49] step 2875/5625 | avg train loss 2.0615 top1 0.3568 top5 0.6168
    [08:29:54] step 2900/5625 | avg train loss 2.0607 top1 0.3565 top5 0.6161
    [08:29:59] step 2925/5625 | avg train loss 2.0604 top1 0.3563 top5 0.6162
    [08:30:04] step 2950/5625 | avg train loss 2.0615 top1 0.3564 top5 0.6165
    [08:30:09] step 2975/5625 | avg train loss 2.0618 top1 0.3568 top5 0.6170
    [08:30:14] step 3000/5625 | avg train loss 2.0608 top1 0.3575 top5 0.6176
    [08:30:19] step 3025/5625 | avg train loss 2.0595 top1 0.3576 top5 0.6176
    [08:30:25] step 3050/5625 | avg train loss 2.0589 top1 0.3580 top5 0.6176
    [08:30:30] step 3075/5625 | avg train loss 2.0592 top1 0.3577 top5 0.6171
    [08:30:35] step 3100/5625 | avg train loss 2.0602 top1 0.3570 top5 0.6167
    [08:30:40] step 3125/5625 | avg train loss 2.0607 top1 0.3569 top5 0.6169
    [08:30:45] step 3150/5625 | avg train loss 2.0629 top1 0.3560 top5 0.6162
    [08:30:50] step 3175/5625 | avg train loss 2.0628 top1 0.3572 top5 0.6172
    [08:30:55] step 3200/5625 | avg train loss 2.0637 top1 0.3573 top5 0.6171
    [08:31:00] step 3225/5625 | avg train loss 2.0639 top1 0.3573 top5 0.6172
    [08:31:05] step 3250/5625 | avg train loss 2.0631 top1 0.3571 top5 0.6167
    [08:31:10] step 3275/5625 | avg train loss 2.0639 top1 0.3570 top5 0.6164
    [08:31:16] step 3300/5625 | avg train loss 2.0650 top1 0.3567 top5 0.6162
    [08:31:21] step 3325/5625 | avg train loss 2.0655 top1 0.3568 top5 0.6161
    [08:31:26] step 3350/5625 | avg train loss 2.0665 top1 0.3566 top5 0.6158
    [08:31:31] step 3375/5625 | avg train loss 2.0672 top1 0.3559 top5 0.6147
    [08:31:36] step 3400/5625 | avg train loss 2.0668 top1 0.3559 top5 0.6148
    [08:31:41] step 3425/5625 | avg train loss 2.0684 top1 0.3557 top5 0.6147
    [08:31:46] step 3450/5625 | avg train loss 2.0688 top1 0.3557 top5 0.6147
    [08:31:51] step 3475/5625 | avg train loss 2.0686 top1 0.3556 top5 0.6144
    [08:31:56] step 3500/5625 | avg train loss 2.0689 top1 0.3553 top5 0.6138
    [08:32:01] step 3525/5625 | avg train loss 2.0683 top1 0.3554 top5 0.6141
    [08:32:06] step 3550/5625 | avg train loss 2.0689 top1 0.3557 top5 0.6144
    [08:32:11] step 3575/5625 | avg train loss 2.0694 top1 0.3560 top5 0.6144
    [08:32:17] step 3600/5625 | avg train loss 2.0690 top1 0.3563 top5 0.6149
    [08:32:22] step 3625/5625 | avg train loss 2.0692 top1 0.3557 top5 0.6142
    [08:32:27] step 3650/5625 | avg train loss 2.0694 top1 0.3559 top5 0.6148
    [08:32:32] step 3675/5625 | avg train loss 2.0688 top1 0.3554 top5 0.6146
    [08:32:37] step 3700/5625 | avg train loss 2.0682 top1 0.3557 top5 0.6146
    [08:32:42] step 3725/5625 | avg train loss 2.0679 top1 0.3555 top5 0.6145
    [08:32:47] step 3750/5625 | avg train loss 2.0667 top1 0.3560 top5 0.6149
    [08:32:52] step 3775/5625 | avg train loss 2.0669 top1 0.3558 top5 0.6148
    [08:32:57] step 3800/5625 | avg train loss 2.0680 top1 0.3553 top5 0.6140
    [08:33:02] step 3825/5625 | avg train loss 2.0680 top1 0.3552 top5 0.6141
    [08:33:08] step 3850/5625 | avg train loss 2.0688 top1 0.3548 top5 0.6142
    [08:33:13] step 3875/5625 | avg train loss 2.0698 top1 0.3550 top5 0.6146
    [08:33:18] step 3900/5625 | avg train loss 2.0679 top1 0.3553 top5 0.6145
    [08:33:23] step 3925/5625 | avg train loss 2.0674 top1 0.3551 top5 0.6145
    [08:33:28] step 3950/5625 | avg train loss 2.0659 top1 0.3550 top5 0.6141
    [08:33:33] step 3975/5625 | avg train loss 2.0637 top1 0.3551 top5 0.6143
    [08:33:38] step 4000/5625 | avg train loss 2.0647 top1 0.3551 top5 0.6148
    [08:33:43] step 4025/5625 | avg train loss 2.0650 top1 0.3552 top5 0.6151
    [08:33:48] step 4050/5625 | avg train loss 2.0645 top1 0.3554 top5 0.6150
    [08:33:53] step 4075/5625 | avg train loss 2.0646 top1 0.3556 top5 0.6149
    [08:33:58] step 4100/5625 | avg train loss 2.0638 top1 0.3557 top5 0.6149
    [08:34:04] step 4125/5625 | avg train loss 2.0631 top1 0.3557 top5 0.6151
    [08:34:09] step 4150/5625 | avg train loss 2.0627 top1 0.3557 top5 0.6151
    [08:34:14] step 4175/5625 | avg train loss 2.0642 top1 0.3551 top5 0.6146
    [08:34:19] step 4200/5625 | avg train loss 2.0655 top1 0.3557 top5 0.6152
    [08:34:24] step 4225/5625 | avg train loss 2.0660 top1 0.3560 top5 0.6153
    [08:34:29] step 4250/5625 | avg train loss 2.0653 top1 0.3564 top5 0.6154
    [08:34:34] step 4275/5625 | avg train loss 2.0652 top1 0.3565 top5 0.6160
    [08:34:39] step 4300/5625 | avg train loss 2.0654 top1 0.3566 top5 0.6165
    [08:34:44] step 4325/5625 | avg train loss 2.0654 top1 0.3566 top5 0.6162
    [08:34:50] step 4350/5625 | avg train loss 2.0652 top1 0.3564 top5 0.6163
    [08:34:55] step 4375/5625 | avg train loss 2.0647 top1 0.3566 top5 0.6163
    [08:35:00] step 4400/5625 | avg train loss 2.0648 top1 0.3569 top5 0.6167
    [08:35:05] step 4425/5625 | avg train loss 2.0660 top1 0.3568 top5 0.6166
    [08:35:10] step 4450/5625 | avg train loss 2.0649 top1 0.3569 top5 0.6169
    [08:35:15] step 4475/5625 | avg train loss 2.0638 top1 0.3575 top5 0.6172
    [08:35:20] step 4500/5625 | avg train loss 2.0635 top1 0.3574 top5 0.6174
    [08:35:25] step 4525/5625 | avg train loss 2.0634 top1 0.3570 top5 0.6168
    [08:35:30] step 4550/5625 | avg train loss 2.0640 top1 0.3565 top5 0.6162
    [08:35:36] step 4575/5625 | avg train loss 2.0637 top1 0.3561 top5 0.6155
    [08:35:41] step 4600/5625 | avg train loss 2.0632 top1 0.3564 top5 0.6158
    [08:35:46] step 4625/5625 | avg train loss 2.0633 top1 0.3564 top5 0.6157
    [08:35:51] step 4650/5625 | avg train loss 2.0634 top1 0.3564 top5 0.6157
    [08:35:56] step 4675/5625 | avg train loss 2.0629 top1 0.3562 top5 0.6155
    [08:36:01] step 4700/5625 | avg train loss 2.0640 top1 0.3564 top5 0.6155
    [08:36:06] step 4725/5625 | avg train loss 2.0645 top1 0.3564 top5 0.6154
    [08:36:11] step 4750/5625 | avg train loss 2.0643 top1 0.3566 top5 0.6156
    [08:36:17] step 4775/5625 | avg train loss 2.0640 top1 0.3570 top5 0.6159
    [08:36:22] step 4800/5625 | avg train loss 2.0624 top1 0.3572 top5 0.6156
    [08:36:27] step 4825/5625 | avg train loss 2.0634 top1 0.3573 top5 0.6155
    [08:36:32] step 4850/5625 | avg train loss 2.0629 top1 0.3574 top5 0.6157
    [08:36:37] step 4875/5625 | avg train loss 2.0635 top1 0.3576 top5 0.6159
    [08:36:42] step 4900/5625 | avg train loss 2.0643 top1 0.3578 top5 0.6164
    [08:36:47] step 4925/5625 | avg train loss 2.0655 top1 0.3577 top5 0.6165
    [08:36:52] step 4950/5625 | avg train loss 2.0655 top1 0.3572 top5 0.6162
    [08:36:57] step 4975/5625 | avg train loss 2.0647 top1 0.3571 top5 0.6159
    [08:37:03] step 5000/5625 | avg train loss 2.0653 top1 0.3573 top5 0.6160
    [08:37:08] step 5025/5625 | avg train loss 2.0651 top1 0.3570 top5 0.6157
    [08:37:13] step 5050/5625 | avg train loss 2.0651 top1 0.3570 top5 0.6156
    [08:37:18] step 5075/5625 | avg train loss 2.0658 top1 0.3574 top5 0.6160
    [08:37:23] step 5100/5625 | avg train loss 2.0664 top1 0.3572 top5 0.6160
    [08:37:28] step 5125/5625 | avg train loss 2.0655 top1 0.3573 top5 0.6161
    [08:37:33] step 5150/5625 | avg train loss 2.0665 top1 0.3571 top5 0.6161
    [08:37:38] step 5175/5625 | avg train loss 2.0651 top1 0.3574 top5 0.6165
    [08:37:43] step 5200/5625 | avg train loss 2.0644 top1 0.3573 top5 0.6167
    [08:37:48] step 5225/5625 | avg train loss 2.0636 top1 0.3577 top5 0.6170
    [08:37:53] step 5250/5625 | avg train loss 2.0644 top1 0.3580 top5 0.6173
    [08:37:59] step 5275/5625 | avg train loss 2.0645 top1 0.3578 top5 0.6175
    [08:38:04] step 5300/5625 | avg train loss 2.0646 top1 0.3578 top5 0.6175
    [08:38:09] step 5325/5625 | avg train loss 2.0648 top1 0.3580 top5 0.6178
    [08:38:14] step 5350/5625 | avg train loss 2.0651 top1 0.3582 top5 0.6177
    [08:38:19] step 5375/5625 | avg train loss 2.0650 top1 0.3581 top5 0.6177
    [08:38:24] step 5400/5625 | avg train loss 2.0647 top1 0.3581 top5 0.6177
    [08:38:29] step 5425/5625 | avg train loss 2.0654 top1 0.3582 top5 0.6180
    [08:38:34] step 5450/5625 | avg train loss 2.0643 top1 0.3584 top5 0.6180
    [08:38:39] step 5475/5625 | avg train loss 2.0648 top1 0.3582 top5 0.6177
    [08:38:44] step 5500/5625 | avg train loss 2.0664 top1 0.3577 top5 0.6171
    [08:38:49] step 5525/5625 | avg train loss 2.0670 top1 0.3577 top5 0.6170
    [08:38:55] step 5550/5625 | avg train loss 2.0663 top1 0.3578 top5 0.6170
    [08:39:00] step 5575/5625 | avg train loss 2.0654 top1 0.3580 top5 0.6172
    [08:39:05] step 5600/5625 | avg train loss 2.0660 top1 0.3577 top5 0.6169
    [08:39:10] step 5625/5625 | avg train loss 2.0659 top1 0.3576 top5 0.6168
Epoch 28/50 | train loss 2.0659 top1 0.3576 | val loss 1.8527 top1 0.4756 top5 0.7999 | ema holdout top1 0.4743 top5 0.8031
  No val top1 improvement (1/15); best remains 0.4836
    [08:40:45] step 25/5625 | avg train loss 2.1112 top1 0.4100 top5 0.6700
    [08:40:50] step 50/5625 | avg train loss 2.0753 top1 0.3450 top5 0.6000
    [08:40:55] step 75/5625 | avg train loss 2.0935 top1 0.3483 top5 0.6117
    [08:41:00] step 100/5625 | avg train loss 2.0981 top1 0.3513 top5 0.6112
    [08:41:05] step 125/5625 | avg train loss 2.0872 top1 0.3490 top5 0.6220
    [08:41:11] step 150/5625 | avg train loss 2.0869 top1 0.3392 top5 0.6117
    [08:41:16] step 175/5625 | avg train loss 2.1113 top1 0.3329 top5 0.6036
    [08:41:21] step 200/5625 | avg train loss 2.0644 top1 0.3494 top5 0.6100
    [08:41:26] step 225/5625 | avg train loss 2.0786 top1 0.3594 top5 0.6172
    [08:41:31] step 250/5625 | avg train loss 2.0660 top1 0.3725 top5 0.6285
    [08:41:36] step 275/5625 | avg train loss 2.0713 top1 0.3709 top5 0.6327
    [08:41:41] step 300/5625 | avg train loss 2.0505 top1 0.3762 top5 0.6375
    [08:41:46] step 325/5625 | avg train loss 2.0489 top1 0.3746 top5 0.6338
    [08:41:51] step 350/5625 | avg train loss 2.0614 top1 0.3661 top5 0.6314
    [08:41:56] step 375/5625 | avg train loss 2.0652 top1 0.3670 top5 0.6337
    [08:42:02] step 400/5625 | avg train loss 2.0603 top1 0.3684 top5 0.6341
    [08:42:07] step 425/5625 | avg train loss 2.0489 top1 0.3656 top5 0.6312
    [08:42:12] step 450/5625 | avg train loss 2.0353 top1 0.3675 top5 0.6319
    [08:42:17] step 475/5625 | avg train loss 2.0331 top1 0.3666 top5 0.6292
    [08:42:22] step 500/5625 | avg train loss 2.0281 top1 0.3670 top5 0.6298
    [08:42:27] step 525/5625 | avg train loss 2.0161 top1 0.3693 top5 0.6298
    [08:42:32] step 550/5625 | avg train loss 2.0191 top1 0.3695 top5 0.6264
    [08:42:37] step 575/5625 | avg train loss 2.0187 top1 0.3680 top5 0.6252
    [08:42:42] step 600/5625 | avg train loss 2.0145 top1 0.3694 top5 0.6277
    [08:42:48] step 625/5625 | avg train loss 2.0091 top1 0.3724 top5 0.6318
    [08:42:53] step 650/5625 | avg train loss 2.0144 top1 0.3700 top5 0.6310
    [08:42:58] step 675/5625 | avg train loss 2.0209 top1 0.3683 top5 0.6300
    [08:43:03] step 700/5625 | avg train loss 2.0240 top1 0.3689 top5 0.6284
    [08:43:08] step 725/5625 | avg train loss 2.0236 top1 0.3679 top5 0.6255
    [08:43:13] step 750/5625 | avg train loss 2.0232 top1 0.3683 top5 0.6245
    [08:43:18] step 775/5625 | avg train loss 2.0270 top1 0.3674 top5 0.6239
    [08:43:23] step 800/5625 | avg train loss 2.0311 top1 0.3667 top5 0.6248
    [08:43:28] step 825/5625 | avg train loss 2.0293 top1 0.3676 top5 0.6248
    [08:43:34] step 850/5625 | avg train loss 2.0319 top1 0.3684 top5 0.6259
    [08:43:39] step 875/5625 | avg train loss 2.0337 top1 0.3673 top5 0.6264
    [08:43:44] step 900/5625 | avg train loss 2.0329 top1 0.3674 top5 0.6261
    [08:43:49] step 925/5625 | avg train loss 2.0302 top1 0.3655 top5 0.6241
    [08:43:54] step 950/5625 | avg train loss 2.0360 top1 0.3647 top5 0.6234
    [08:43:59] step 975/5625 | avg train loss 2.0374 top1 0.3627 top5 0.6203
    [08:44:04] step 1000/5625 | avg train loss 2.0444 top1 0.3610 top5 0.6188
    [08:44:09] step 1025/5625 | avg train loss 2.0448 top1 0.3607 top5 0.6183
    [08:44:14] step 1050/5625 | avg train loss 2.0411 top1 0.3599 top5 0.6173
    [08:44:20] step 1075/5625 | avg train loss 2.0464 top1 0.3597 top5 0.6170
    [08:44:25] step 1100/5625 | avg train loss 2.0509 top1 0.3593 top5 0.6178
    [08:44:30] step 1125/5625 | avg train loss 2.0470 top1 0.3586 top5 0.6164
    [08:44:35] step 1150/5625 | avg train loss 2.0451 top1 0.3595 top5 0.6179
    [08:44:40] step 1175/5625 | avg train loss 2.0475 top1 0.3591 top5 0.6180
    [08:44:45] step 1200/5625 | avg train loss 2.0459 top1 0.3600 top5 0.6189
    [08:44:50] step 1225/5625 | avg train loss 2.0471 top1 0.3595 top5 0.6181
    [08:44:55] step 1250/5625 | avg train loss 2.0484 top1 0.3588 top5 0.6170
    [08:45:01] step 1275/5625 | avg train loss 2.0501 top1 0.3588 top5 0.6171
    [08:45:06] step 1300/5625 | avg train loss 2.0502 top1 0.3597 top5 0.6173
    [08:45:11] step 1325/5625 | avg train loss 2.0534 top1 0.3575 top5 0.6158
    [08:45:16] step 1350/5625 | avg train loss 2.0526 top1 0.3584 top5 0.6163
    [08:45:21] step 1375/5625 | avg train loss 2.0527 top1 0.3579 top5 0.6163
    [08:45:26] step 1400/5625 | avg train loss 2.0482 top1 0.3579 top5 0.6162
    [08:45:31] step 1425/5625 | avg train loss 2.0470 top1 0.3577 top5 0.6154
    [08:45:37] step 1450/5625 | avg train loss 2.0450 top1 0.3578 top5 0.6155
    [08:45:42] step 1475/5625 | avg train loss 2.0432 top1 0.3597 top5 0.6170
    [08:45:47] step 1500/5625 | avg train loss 2.0426 top1 0.3601 top5 0.6180
    [08:45:52] step 1525/5625 | avg train loss 2.0429 top1 0.3599 top5 0.6190
    [08:45:57] step 1550/5625 | avg train loss 2.0455 top1 0.3596 top5 0.6185
    [08:46:02] step 1575/5625 | avg train loss 2.0497 top1 0.3599 top5 0.6194
    [08:46:07] step 1600/5625 | avg train loss 2.0507 top1 0.3598 top5 0.6189
    [08:46:12] step 1625/5625 | avg train loss 2.0519 top1 0.3595 top5 0.6180
    [08:46:17] step 1650/5625 | avg train loss 2.0515 top1 0.3586 top5 0.6179
    [08:46:23] step 1675/5625 | avg train loss 2.0537 top1 0.3589 top5 0.6196
    [08:46:28] step 1700/5625 | avg train loss 2.0534 top1 0.3590 top5 0.6198
    [08:46:33] step 1725/5625 | avg train loss 2.0497 top1 0.3595 top5 0.6202
    [08:46:38] step 1750/5625 | avg train loss 2.0500 top1 0.3596 top5 0.6208
    [08:46:43] step 1775/5625 | avg train loss 2.0465 top1 0.3601 top5 0.6211
    [08:46:48] step 1800/5625 | avg train loss 2.0475 top1 0.3594 top5 0.6203
    [08:46:53] step 1825/5625 | avg train loss 2.0477 top1 0.3588 top5 0.6202
    [08:46:58] step 1850/5625 | avg train loss 2.0470 top1 0.3595 top5 0.6208
    [08:47:03] step 1875/5625 | avg train loss 2.0466 top1 0.3601 top5 0.6212
    [08:47:09] step 1900/5625 | avg train loss 2.0478 top1 0.3608 top5 0.6212
    [08:47:14] step 1925/5625 | avg train loss 2.0497 top1 0.3602 top5 0.6199
    [08:47:19] step 1950/5625 | avg train loss 2.0482 top1 0.3601 top5 0.6201
    [08:47:24] step 1975/5625 | avg train loss 2.0477 top1 0.3598 top5 0.6197
    [08:47:29] step 2000/5625 | avg train loss 2.0491 top1 0.3591 top5 0.6187
    [08:47:34] step 2025/5625 | avg train loss 2.0504 top1 0.3586 top5 0.6181
    [08:47:39] step 2050/5625 | avg train loss 2.0478 top1 0.3588 top5 0.6182
    [08:47:44] step 2075/5625 | avg train loss 2.0472 top1 0.3592 top5 0.6187
    [08:47:49] step 2100/5625 | avg train loss 2.0478 top1 0.3595 top5 0.6187
    [08:47:54] step 2125/5625 | avg train loss 2.0480 top1 0.3602 top5 0.6202
    [08:47:59] step 2150/5625 | avg train loss 2.0489 top1 0.3603 top5 0.6203
    [08:48:04] step 2175/5625 | avg train loss 2.0494 top1 0.3606 top5 0.6203
    [08:48:10] step 2200/5625 | avg train loss 2.0505 top1 0.3601 top5 0.6198
    [08:48:15] step 2225/5625 | avg train loss 2.0507 top1 0.3602 top5 0.6202
    [08:48:20] step 2250/5625 | avg train loss 2.0501 top1 0.3604 top5 0.6206
    [08:48:25] step 2275/5625 | avg train loss 2.0504 top1 0.3603 top5 0.6202
    [08:48:30] step 2300/5625 | avg train loss 2.0501 top1 0.3604 top5 0.6209
    [08:48:35] step 2325/5625 | avg train loss 2.0504 top1 0.3605 top5 0.6211
    [08:48:40] step 2350/5625 | avg train loss 2.0497 top1 0.3602 top5 0.6206
    [08:48:45] step 2375/5625 | avg train loss 2.0512 top1 0.3595 top5 0.6196
    [08:48:50] step 2400/5625 | avg train loss 2.0516 top1 0.3594 top5 0.6199
    [08:48:56] step 2425/5625 | avg train loss 2.0528 top1 0.3598 top5 0.6197
    [08:49:01] step 2450/5625 | avg train loss 2.0527 top1 0.3597 top5 0.6197
    [08:49:06] step 2475/5625 | avg train loss 2.0548 top1 0.3595 top5 0.6199
    [08:49:11] step 2500/5625 | avg train loss 2.0556 top1 0.3597 top5 0.6202
    [08:49:16] step 2525/5625 | avg train loss 2.0564 top1 0.3598 top5 0.6208
    [08:49:21] step 2550/5625 | avg train loss 2.0591 top1 0.3590 top5 0.6199
    [08:49:26] step 2575/5625 | avg train loss 2.0580 top1 0.3592 top5 0.6194
    [08:49:31] step 2600/5625 | avg train loss 2.0582 top1 0.3587 top5 0.6191
    [08:49:36] step 2625/5625 | avg train loss 2.0577 top1 0.3588 top5 0.6189
    [08:49:41] step 2650/5625 | avg train loss 2.0596 top1 0.3587 top5 0.6186
    [08:49:46] step 2675/5625 | avg train loss 2.0573 top1 0.3592 top5 0.6191
    [08:49:51] step 2700/5625 | avg train loss 2.0561 top1 0.3596 top5 0.6195
    [08:49:57] step 2725/5625 | avg train loss 2.0577 top1 0.3594 top5 0.6199
    [08:50:02] step 2750/5625 | avg train loss 2.0583 top1 0.3590 top5 0.6197
    [08:50:07] step 2775/5625 | avg train loss 2.0594 top1 0.3594 top5 0.6199
    [08:50:12] step 2800/5625 | avg train loss 2.0592 top1 0.3596 top5 0.6204
    [08:50:17] step 2825/5625 | avg train loss 2.0589 top1 0.3604 top5 0.6209
    [08:50:22] step 2850/5625 | avg train loss 2.0579 top1 0.3607 top5 0.6211
    [08:50:27] step 2875/5625 | avg train loss 2.0548 top1 0.3611 top5 0.6213
    [08:50:32] step 2900/5625 | avg train loss 2.0524 top1 0.3615 top5 0.6219
    [08:50:37] step 2925/5625 | avg train loss 2.0506 top1 0.3623 top5 0.6226
    [08:50:42] step 2950/5625 | avg train loss 2.0524 top1 0.3619 top5 0.6225
    [08:50:47] step 2975/5625 | avg train loss 2.0528 top1 0.3618 top5 0.6226
    [08:50:53] step 3000/5625 | avg train loss 2.0529 top1 0.3625 top5 0.6228
    [08:50:58] step 3025/5625 | avg train loss 2.0518 top1 0.3623 top5 0.6227
    [08:51:03] step 3050/5625 | avg train loss 2.0497 top1 0.3624 top5 0.6227
    [08:51:08] step 3075/5625 | avg train loss 2.0512 top1 0.3624 top5 0.6227
    [08:51:13] step 3100/5625 | avg train loss 2.0507 top1 0.3620 top5 0.6225
    [08:51:18] step 3125/5625 | avg train loss 2.0513 top1 0.3616 top5 0.6222
    [08:51:23] step 3150/5625 | avg train loss 2.0524 top1 0.3608 top5 0.6217
    [08:51:28] step 3175/5625 | avg train loss 2.0532 top1 0.3604 top5 0.6213
    [08:51:34] step 3200/5625 | avg train loss 2.0535 top1 0.3605 top5 0.6215
    [08:51:39] step 3225/5625 | avg train loss 2.0532 top1 0.3607 top5 0.6216
    [08:51:44] step 3250/5625 | avg train loss 2.0526 top1 0.3600 top5 0.6205
    [08:51:49] step 3275/5625 | avg train loss 2.0537 top1 0.3598 top5 0.6202
    [08:51:54] step 3300/5625 | avg train loss 2.0523 top1 0.3594 top5 0.6199
    [08:51:59] step 3325/5625 | avg train loss 2.0518 top1 0.3598 top5 0.6204
    [08:52:04] step 3350/5625 | avg train loss 2.0531 top1 0.3601 top5 0.6209
    [08:52:09] step 3375/5625 | avg train loss 2.0511 top1 0.3602 top5 0.6207
    [08:52:14] step 3400/5625 | avg train loss 2.0509 top1 0.3603 top5 0.6208
    [08:52:19] step 3425/5625 | avg train loss 2.0506 top1 0.3607 top5 0.6214
    [08:52:25] step 3450/5625 | avg train loss 2.0487 top1 0.3612 top5 0.6217
    [08:52:30] step 3475/5625 | avg train loss 2.0493 top1 0.3608 top5 0.6215
    [08:52:35] step 3500/5625 | avg train loss 2.0494 top1 0.3609 top5 0.6218
    [08:52:40] step 3525/5625 | avg train loss 2.0499 top1 0.3605 top5 0.6215
    [08:52:45] step 3550/5625 | avg train loss 2.0505 top1 0.3606 top5 0.6217
    [08:52:50] step 3575/5625 | avg train loss 2.0497 top1 0.3607 top5 0.6219
    [08:52:55] step 3600/5625 | avg train loss 2.0504 top1 0.3609 top5 0.6218
    [08:53:00] step 3625/5625 | avg train loss 2.0510 top1 0.3604 top5 0.6216
    [08:53:05] step 3650/5625 | avg train loss 2.0488 top1 0.3608 top5 0.6220
    [08:53:11] step 3675/5625 | avg train loss 2.0475 top1 0.3611 top5 0.6224
    [08:53:16] step 3700/5625 | avg train loss 2.0486 top1 0.3611 top5 0.6221
    [08:53:21] step 3725/5625 | avg train loss 2.0482 top1 0.3610 top5 0.6217
    [08:53:26] step 3750/5625 | avg train loss 2.0477 top1 0.3608 top5 0.6221
    [08:53:31] step 3775/5625 | avg train loss 2.0477 top1 0.3614 top5 0.6225
    [08:53:36] step 3800/5625 | avg train loss 2.0481 top1 0.3617 top5 0.6230
    [08:53:41] step 3825/5625 | avg train loss 2.0498 top1 0.3616 top5 0.6228
    [08:53:46] step 3850/5625 | avg train loss 2.0494 top1 0.3614 top5 0.6231
    [08:53:51] step 3875/5625 | avg train loss 2.0491 top1 0.3617 top5 0.6232
    [08:53:56] step 3900/5625 | avg train loss 2.0501 top1 0.3617 top5 0.6228
    [08:54:01] step 3925/5625 | avg train loss 2.0493 top1 0.3616 top5 0.6226
    [08:54:07] step 3950/5625 | avg train loss 2.0492 top1 0.3614 top5 0.6224
    [08:54:12] step 3975/5625 | avg train loss 2.0495 top1 0.3617 top5 0.6229
    [08:54:17] step 4000/5625 | avg train loss 2.0490 top1 0.3619 top5 0.6227
    [08:54:22] step 4025/5625 | avg train loss 2.0492 top1 0.3618 top5 0.6223
    [08:54:27] step 4050/5625 | avg train loss 2.0497 top1 0.3613 top5 0.6216
    [08:54:32] step 4075/5625 | avg train loss 2.0494 top1 0.3616 top5 0.6217
    [08:54:37] step 4100/5625 | avg train loss 2.0496 top1 0.3612 top5 0.6210
    [08:54:42] step 4125/5625 | avg train loss 2.0489 top1 0.3611 top5 0.6208
    [08:54:47] step 4150/5625 | avg train loss 2.0491 top1 0.3611 top5 0.6208
    [08:54:53] step 4175/5625 | avg train loss 2.0482 top1 0.3610 top5 0.6204
    [08:54:58] step 4200/5625 | avg train loss 2.0491 top1 0.3607 top5 0.6200
    [08:55:03] step 4225/5625 | avg train loss 2.0503 top1 0.3607 top5 0.6203
    [08:55:08] step 4250/5625 | avg train loss 2.0498 top1 0.3606 top5 0.6205
    [08:55:13] step 4275/5625 | avg train loss 2.0499 top1 0.3607 top5 0.6205
    [08:55:18] step 4300/5625 | avg train loss 2.0501 top1 0.3607 top5 0.6206
    [08:55:23] step 4325/5625 | avg train loss 2.0500 top1 0.3610 top5 0.6212
    [08:55:28] step 4350/5625 | avg train loss 2.0509 top1 0.3610 top5 0.6211
    [08:55:33] step 4375/5625 | avg train loss 2.0497 top1 0.3618 top5 0.6218
    [08:55:38] step 4400/5625 | avg train loss 2.0498 top1 0.3617 top5 0.6218
    [08:55:43] step 4425/5625 | avg train loss 2.0492 top1 0.3616 top5 0.6214
    [08:55:49] step 4450/5625 | avg train loss 2.0491 top1 0.3616 top5 0.6214
    [08:55:54] step 4475/5625 | avg train loss 2.0503 top1 0.3613 top5 0.6214
    [08:55:59] step 4500/5625 | avg train loss 2.0497 top1 0.3616 top5 0.6218
    [08:56:04] step 4525/5625 | avg train loss 2.0489 top1 0.3619 top5 0.6221
    [08:56:09] step 4550/5625 | avg train loss 2.0476 top1 0.3614 top5 0.6214
    [08:56:14] step 4575/5625 | avg train loss 2.0475 top1 0.3616 top5 0.6212
    [08:56:19] step 4600/5625 | avg train loss 2.0469 top1 0.3616 top5 0.6212
    [08:56:24] step 4625/5625 | avg train loss 2.0462 top1 0.3618 top5 0.6212
    [08:56:29] step 4650/5625 | avg train loss 2.0444 top1 0.3623 top5 0.6214
    [08:56:34] step 4675/5625 | avg train loss 2.0454 top1 0.3619 top5 0.6212
    [08:56:40] step 4700/5625 | avg train loss 2.0457 top1 0.3620 top5 0.6217
    [08:56:45] step 4725/5625 | avg train loss 2.0473 top1 0.3619 top5 0.6214
    [08:56:50] step 4750/5625 | avg train loss 2.0468 top1 0.3618 top5 0.6213
    [08:56:55] step 4775/5625 | avg train loss 2.0479 top1 0.3617 top5 0.6210
    [08:57:00] step 4800/5625 | avg train loss 2.0468 top1 0.3618 top5 0.6213
    [08:57:05] step 4825/5625 | avg train loss 2.0465 top1 0.3618 top5 0.6214
    [08:57:10] step 4850/5625 | avg train loss 2.0468 top1 0.3618 top5 0.6214
    [08:57:15] step 4875/5625 | avg train loss 2.0462 top1 0.3618 top5 0.6213
    [08:57:21] step 4900/5625 | avg train loss 2.0461 top1 0.3622 top5 0.6217
    [08:57:26] step 4925/5625 | avg train loss 2.0470 top1 0.3622 top5 0.6216
    [08:57:31] step 4950/5625 | avg train loss 2.0483 top1 0.3616 top5 0.6209
    [08:57:36] step 4975/5625 | avg train loss 2.0475 top1 0.3618 top5 0.6212
    [08:57:41] step 5000/5625 | avg train loss 2.0476 top1 0.3618 top5 0.6212
    [08:57:46] step 5025/5625 | avg train loss 2.0478 top1 0.3612 top5 0.6209
    [08:57:51] step 5050/5625 | avg train loss 2.0485 top1 0.3613 top5 0.6209
    [08:57:56] step 5075/5625 | avg train loss 2.0496 top1 0.3612 top5 0.6211
    [08:58:01] step 5100/5625 | avg train loss 2.0495 top1 0.3612 top5 0.6212
    [08:58:06] step 5125/5625 | avg train loss 2.0501 top1 0.3609 top5 0.6211
    [08:58:12] step 5150/5625 | avg train loss 2.0497 top1 0.3610 top5 0.6210
    [08:58:17] step 5175/5625 | avg train loss 2.0498 top1 0.3613 top5 0.6212
    [08:58:22] step 5200/5625 | avg train loss 2.0499 top1 0.3611 top5 0.6213
    [08:58:27] step 5225/5625 | avg train loss 2.0503 top1 0.3613 top5 0.6215
    [08:58:32] step 5250/5625 | avg train loss 2.0502 top1 0.3615 top5 0.6217
    [08:58:37] step 5275/5625 | avg train loss 2.0500 top1 0.3614 top5 0.6219
    [08:58:42] step 5300/5625 | avg train loss 2.0502 top1 0.3613 top5 0.6218
    [08:58:47] step 5325/5625 | avg train loss 2.0497 top1 0.3616 top5 0.6222
    [08:58:52] step 5350/5625 | avg train loss 2.0496 top1 0.3615 top5 0.6223
    [08:58:58] step 5375/5625 | avg train loss 2.0490 top1 0.3613 top5 0.6220
    [08:59:03] step 5400/5625 | avg train loss 2.0488 top1 0.3616 top5 0.6221
    [08:59:08] step 5425/5625 | avg train loss 2.0486 top1 0.3617 top5 0.6221
    [08:59:13] step 5450/5625 | avg train loss 2.0481 top1 0.3617 top5 0.6219
    [08:59:18] step 5475/5625 | avg train loss 2.0476 top1 0.3618 top5 0.6218
    [08:59:23] step 5500/5625 | avg train loss 2.0477 top1 0.3617 top5 0.6220
    [08:59:28] step 5525/5625 | avg train loss 2.0480 top1 0.3617 top5 0.6220
    [08:59:33] step 5550/5625 | avg train loss 2.0472 top1 0.3620 top5 0.6223
    [08:59:39] step 5575/5625 | avg train loss 2.0485 top1 0.3619 top5 0.6221
    [08:59:44] step 5600/5625 | avg train loss 2.0488 top1 0.3613 top5 0.6217
    [08:59:49] step 5625/5625 | avg train loss 2.0480 top1 0.3615 top5 0.6218
Epoch 29/50 | train loss 2.0480 top1 0.3615 | val loss 1.8289 top1 0.4857 top5 0.8034 | ema holdout top1 0.4771 top5 0.8052
  Saved new best checkpoint (live): /Data/romain.poggi/smth2smth/checkpoints/track_a/videomaev2+ft/meanpool-mae150-s44.pt (val top1=0.4857)
    [09:01:25] step 25/5625 | avg train loss 1.9021 top1 0.3750 top5 0.6300
    [09:01:30] step 50/5625 | avg train loss 1.9071 top1 0.3975 top5 0.6625
    [09:01:35] step 75/5625 | avg train loss 1.9574 top1 0.4050 top5 0.6583
    [09:01:40] step 100/5625 | avg train loss 1.9996 top1 0.3862 top5 0.6475
    [09:01:45] step 125/5625 | avg train loss 1.9797 top1 0.3820 top5 0.6540
    [09:01:50] step 150/5625 | avg train loss 1.9726 top1 0.3825 top5 0.6442
    [09:01:55] step 175/5625 | avg train loss 2.0044 top1 0.3914 top5 0.6471
    [09:02:00] step 200/5625 | avg train loss 1.9897 top1 0.3844 top5 0.6406
    [09:02:05] step 225/5625 | avg train loss 1.9829 top1 0.3856 top5 0.6356
    [09:02:10] step 250/5625 | avg train loss 1.9919 top1 0.3775 top5 0.6350
    [09:02:16] step 275/5625 | avg train loss 1.9998 top1 0.3750 top5 0.6355
    [09:02:21] step 300/5625 | avg train loss 2.0080 top1 0.3762 top5 0.6375
    [09:02:26] step 325/5625 | avg train loss 2.0189 top1 0.3754 top5 0.6408
    [09:02:31] step 350/5625 | avg train loss 2.0196 top1 0.3725 top5 0.6343
    [09:02:36] step 375/5625 | avg train loss 2.0301 top1 0.3683 top5 0.6300
    [09:02:41] step 400/5625 | avg train loss 2.0264 top1 0.3713 top5 0.6316
    [09:02:46] step 425/5625 | avg train loss 2.0257 top1 0.3694 top5 0.6341
    [09:02:51] step 450/5625 | avg train loss 2.0216 top1 0.3706 top5 0.6339
    [09:02:56] step 475/5625 | avg train loss 2.0222 top1 0.3676 top5 0.6326
    [09:03:01] step 500/5625 | avg train loss 2.0212 top1 0.3710 top5 0.6355
    [09:03:07] step 525/5625 | avg train loss 2.0141 top1 0.3745 top5 0.6400
    [09:03:12] step 550/5625 | avg train loss 2.0208 top1 0.3720 top5 0.6386
    [09:03:17] step 575/5625 | avg train loss 2.0232 top1 0.3735 top5 0.6376
    [09:03:22] step 600/5625 | avg train loss 2.0207 top1 0.3748 top5 0.6398
    [09:03:27] step 625/5625 | avg train loss 2.0205 top1 0.3718 top5 0.6370
    [09:03:32] step 650/5625 | avg train loss 2.0195 top1 0.3710 top5 0.6365
    [09:03:37] step 675/5625 | avg train loss 2.0164 top1 0.3713 top5 0.6361
    [09:03:42] step 700/5625 | avg train loss 2.0202 top1 0.3668 top5 0.6318
    [09:03:47] step 725/5625 | avg train loss 2.0182 top1 0.3674 top5 0.6322
    [09:03:52] step 750/5625 | avg train loss 2.0135 top1 0.3685 top5 0.6317
    [09:03:58] step 775/5625 | avg train loss 2.0129 top1 0.3690 top5 0.6308
    [09:04:03] step 800/5625 | avg train loss 2.0054 top1 0.3702 top5 0.6298
    [09:04:08] step 825/5625 | avg train loss 2.0015 top1 0.3708 top5 0.6294
    [09:04:13] step 850/5625 | avg train loss 2.0011 top1 0.3691 top5 0.6281
    [09:04:18] step 875/5625 | avg train loss 2.0072 top1 0.3689 top5 0.6284
    [09:04:23] step 900/5625 | avg train loss 2.0121 top1 0.3661 top5 0.6260
    [09:04:28] step 925/5625 | avg train loss 2.0141 top1 0.3673 top5 0.6265
    [09:04:33] step 950/5625 | avg train loss 2.0107 top1 0.3680 top5 0.6286
    [09:04:38] step 975/5625 | avg train loss 2.0106 top1 0.3665 top5 0.6267
    [09:04:43] step 1000/5625 | avg train loss 2.0065 top1 0.3669 top5 0.6268
    [09:04:49] step 1025/5625 | avg train loss 2.0043 top1 0.3666 top5 0.6268
    [09:04:54] step 1050/5625 | avg train loss 2.0046 top1 0.3658 top5 0.6265
    [09:04:59] step 1075/5625 | avg train loss 2.0010 top1 0.3655 top5 0.6250
    [09:05:04] step 1100/5625 | avg train loss 2.0030 top1 0.3656 top5 0.6252
    [09:05:09] step 1125/5625 | avg train loss 2.0037 top1 0.3659 top5 0.6256
    [09:05:14] step 1150/5625 | avg train loss 2.0068 top1 0.3659 top5 0.6257
    [09:05:19] step 1175/5625 | avg train loss 2.0048 top1 0.3666 top5 0.6267
    [09:05:24] step 1200/5625 | avg train loss 2.0005 top1 0.3669 top5 0.6270
    [09:05:29] step 1225/5625 | avg train loss 1.9992 top1 0.3665 top5 0.6278
    [09:05:34] step 1250/5625 | avg train loss 1.9958 top1 0.3680 top5 0.6288
    [09:05:39] step 1275/5625 | avg train loss 1.9929 top1 0.3684 top5 0.6294
    [09:05:45] step 1300/5625 | avg train loss 1.9962 top1 0.3687 top5 0.6299
    [09:05:50] step 1325/5625 | avg train loss 1.9964 top1 0.3687 top5 0.6304
    [09:05:55] step 1350/5625 | avg train loss 1.9966 top1 0.3680 top5 0.6293
    [09:06:00] step 1375/5625 | avg train loss 1.9973 top1 0.3678 top5 0.6293
    [09:06:05] step 1400/5625 | avg train loss 1.9958 top1 0.3671 top5 0.6271
    [09:06:10] step 1425/5625 | avg train loss 1.9956 top1 0.3675 top5 0.6269
    [09:06:15] step 1450/5625 | avg train loss 2.0022 top1 0.3658 top5 0.6258
    [09:06:20] step 1475/5625 | avg train loss 2.0019 top1 0.3658 top5 0.6260
    [09:06:25] step 1500/5625 | avg train loss 2.0036 top1 0.3665 top5 0.6271
    [09:06:31] step 1525/5625 | avg train loss 2.0026 top1 0.3666 top5 0.6266
    [09:06:36] step 1550/5625 | avg train loss 2.0004 top1 0.3665 top5 0.6270
    [09:06:41] step 1575/5625 | avg train loss 2.0051 top1 0.3664 top5 0.6266
    [09:06:46] step 1600/5625 | avg train loss 2.0058 top1 0.3654 top5 0.6258
    [09:06:51] step 1625/5625 | avg train loss 2.0033 top1 0.3662 top5 0.6276
    [09:06:56] step 1650/5625 | avg train loss 2.0029 top1 0.3673 top5 0.6277
    [09:07:01] step 1675/5625 | avg train loss 2.0000 top1 0.3667 top5 0.6281
    [09:07:06] step 1700/5625 | avg train loss 2.0001 top1 0.3676 top5 0.6290
    [09:07:11] step 1725/5625 | avg train loss 2.0005 top1 0.3665 top5 0.6280
    [09:07:16] step 1750/5625 | avg train loss 2.0042 top1 0.3664 top5 0.6274
    [09:07:22] step 1775/5625 | avg train loss 2.0055 top1 0.3671 top5 0.6276
    [09:07:27] step 1800/5625 | avg train loss 2.0071 top1 0.3676 top5 0.6281
    [09:07:32] step 1825/5625 | avg train loss 2.0071 top1 0.3674 top5 0.6288
    [09:07:37] step 1850/5625 | avg train loss 2.0056 top1 0.3675 top5 0.6283
    [09:07:42] step 1875/5625 | avg train loss 2.0076 top1 0.3669 top5 0.6278
    [09:07:47] step 1900/5625 | avg train loss 2.0081 top1 0.3664 top5 0.6270
    [09:07:52] step 1925/5625 | avg train loss 2.0110 top1 0.3668 top5 0.6268
    [09:07:57] step 1950/5625 | avg train loss 2.0130 top1 0.3661 top5 0.6262
    [09:08:02] step 1975/5625 | avg train loss 2.0156 top1 0.3658 top5 0.6254
    [09:08:07] step 2000/5625 | avg train loss 2.0179 top1 0.3659 top5 0.6253
    [09:08:13] step 2025/5625 | avg train loss 2.0178 top1 0.3662 top5 0.6251
    [09:08:18] step 2050/5625 | avg train loss 2.0180 top1 0.3655 top5 0.6251
    [09:08:23] step 2075/5625 | avg train loss 2.0182 top1 0.3648 top5 0.6249
    [09:08:28] step 2100/5625 | avg train loss 2.0173 top1 0.3648 top5 0.6252
    [09:08:33] step 2125/5625 | avg train loss 2.0151 top1 0.3644 top5 0.6253
    [09:08:38] step 2150/5625 | avg train loss 2.0176 top1 0.3650 top5 0.6259
    [09:08:43] step 2175/5625 | avg train loss 2.0194 top1 0.3649 top5 0.6255
    [09:08:48] step 2200/5625 | avg train loss 2.0193 top1 0.3647 top5 0.6250
    [09:08:53] step 2225/5625 | avg train loss 2.0203 top1 0.3651 top5 0.6252
    [09:08:59] step 2250/5625 | avg train loss 2.0204 top1 0.3654 top5 0.6251
    [09:09:04] step 2275/5625 | avg train loss 2.0181 top1 0.3658 top5 0.6259
    [09:09:09] step 2300/5625 | avg train loss 2.0168 top1 0.3660 top5 0.6260
    [09:09:14] step 2325/5625 | avg train loss 2.0180 top1 0.3660 top5 0.6264
    [09:09:19] step 2350/5625 | avg train loss 2.0206 top1 0.3651 top5 0.6254
    [09:09:24] step 2375/5625 | avg train loss 2.0215 top1 0.3654 top5 0.6258
    [09:09:29] step 2400/5625 | avg train loss 2.0207 top1 0.3661 top5 0.6267
    [09:09:34] step 2425/5625 | avg train loss 2.0194 top1 0.3658 top5 0.6266
    [09:09:39] step 2450/5625 | avg train loss 2.0190 top1 0.3663 top5 0.6268
    [09:09:44] step 2475/5625 | avg train loss 2.0199 top1 0.3662 top5 0.6265
    [09:09:50] step 2500/5625 | avg train loss 2.0190 top1 0.3664 top5 0.6269
    [09:09:55] step 2525/5625 | avg train loss 2.0207 top1 0.3666 top5 0.6272
    [09:10:00] step 2550/5625 | avg train loss 2.0189 top1 0.3672 top5 0.6279
    [09:10:05] step 2575/5625 | avg train loss 2.0158 top1 0.3675 top5 0.6276
    [09:10:10] step 2600/5625 | avg train loss 2.0160 top1 0.3676 top5 0.6282
    [09:10:15] step 2625/5625 | avg train loss 2.0151 top1 0.3680 top5 0.6281
    [09:10:20] step 2650/5625 | avg train loss 2.0151 top1 0.3678 top5 0.6279
    [09:10:25] step 2675/5625 | avg train loss 2.0148 top1 0.3686 top5 0.6286
    [09:10:30] step 2700/5625 | avg train loss 2.0131 top1 0.3691 top5 0.6293
    [09:10:36] step 2725/5625 | avg train loss 2.0139 top1 0.3690 top5 0.6289
    [09:10:41] step 2750/5625 | avg train loss 2.0144 top1 0.3685 top5 0.6283
    [09:10:46] step 2775/5625 | avg train loss 2.0154 top1 0.3687 top5 0.6286
    [09:10:51] step 2800/5625 | avg train loss 2.0159 top1 0.3683 top5 0.6280
    [09:10:56] step 2825/5625 | avg train loss 2.0170 top1 0.3679 top5 0.6280
    [09:11:01] step 2850/5625 | avg train loss 2.0170 top1 0.3682 top5 0.6279
    [09:11:06] step 2875/5625 | avg train loss 2.0180 top1 0.3679 top5 0.6278
    [09:11:11] step 2900/5625 | avg train loss 2.0168 top1 0.3683 top5 0.6281
    [09:11:16] step 2925/5625 | avg train loss 2.0168 top1 0.3680 top5 0.6279
    [09:11:22] step 2950/5625 | avg train loss 2.0164 top1 0.3674 top5 0.6278
    [09:11:27] step 2975/5625 | avg train loss 2.0159 top1 0.3673 top5 0.6276
    [09:11:32] step 3000/5625 | avg train loss 2.0164 top1 0.3669 top5 0.6270
    [09:11:37] step 3025/5625 | avg train loss 2.0162 top1 0.3674 top5 0.6273
    [09:11:42] step 3050/5625 | avg train loss 2.0148 top1 0.3679 top5 0.6275
    [09:11:47] step 3075/5625 | avg train loss 2.0139 top1 0.3675 top5 0.6272
    [09:11:52] step 3100/5625 | avg train loss 2.0142 top1 0.3676 top5 0.6273
    [09:11:57] step 3125/5625 | avg train loss 2.0142 top1 0.3674 top5 0.6272
    [09:12:02] step 3150/5625 | avg train loss 2.0137 top1 0.3675 top5 0.6273
    [09:12:07] step 3175/5625 | avg train loss 2.0156 top1 0.3672 top5 0.6271
    [09:12:13] step 3200/5625 | avg train loss 2.0152 top1 0.3671 top5 0.6268
    [09:12:18] step 3225/5625 | avg train loss 2.0147 top1 0.3671 top5 0.6262
    [09:12:23] step 3250/5625 | avg train loss 2.0147 top1 0.3672 top5 0.6262
    [09:12:28] step 3275/5625 | avg train loss 2.0155 top1 0.3670 top5 0.6257
    [09:12:33] step 3300/5625 | avg train loss 2.0151 top1 0.3678 top5 0.6265
    [09:12:38] step 3325/5625 | avg train loss 2.0158 top1 0.3676 top5 0.6262
    [09:12:43] step 3350/5625 | avg train loss 2.0152 top1 0.3681 top5 0.6266
    [09:12:48] step 3375/5625 | avg train loss 2.0147 top1 0.3689 top5 0.6272
    [09:12:53] step 3400/5625 | avg train loss 2.0137 top1 0.3693 top5 0.6277
    [09:12:58] step 3425/5625 | avg train loss 2.0161 top1 0.3685 top5 0.6268
    [09:13:03] step 3450/5625 | avg train loss 2.0160 top1 0.3688 top5 0.6270
    [09:13:09] step 3475/5625 | avg train loss 2.0162 top1 0.3687 top5 0.6267
    [09:13:14] step 3500/5625 | avg train loss 2.0169 top1 0.3682 top5 0.6262
    [09:13:19] step 3525/5625 | avg train loss 2.0192 top1 0.3677 top5 0.6254
    [09:13:24] step 3550/5625 | avg train loss 2.0198 top1 0.3676 top5 0.6256
    [09:13:29] step 3575/5625 | avg train loss 2.0185 top1 0.3680 top5 0.6259
    [09:13:34] step 3600/5625 | avg train loss 2.0191 top1 0.3676 top5 0.6259
    [09:13:39] step 3625/5625 | avg train loss 2.0174 top1 0.3681 top5 0.6260
    [09:13:44] step 3650/5625 | avg train loss 2.0189 top1 0.3683 top5 0.6259
    [09:13:49] step 3675/5625 | avg train loss 2.0195 top1 0.3683 top5 0.6260
    [09:13:54] step 3700/5625 | avg train loss 2.0201 top1 0.3683 top5 0.6256
    [09:14:00] step 3725/5625 | avg train loss 2.0203 top1 0.3683 top5 0.6257
    [09:14:05] step 3750/5625 | avg train loss 2.0206 top1 0.3683 top5 0.6259
    [09:14:10] step 3775/5625 | avg train loss 2.0207 top1 0.3682 top5 0.6261
    [09:14:15] step 3800/5625 | avg train loss 2.0208 top1 0.3684 top5 0.6264
    [09:14:20] step 3825/5625 | avg train loss 2.0218 top1 0.3684 top5 0.6263
    [09:14:25] step 3850/5625 | avg train loss 2.0223 top1 0.3684 top5 0.6263
    [09:14:30] step 3875/5625 | avg train loss 2.0219 top1 0.3679 top5 0.6262
    [09:14:35] step 3900/5625 | avg train loss 2.0224 top1 0.3679 top5 0.6266
    [09:14:40] step 3925/5625 | avg train loss 2.0217 top1 0.3682 top5 0.6268
    [09:14:45] step 3950/5625 | avg train loss 2.0216 top1 0.3686 top5 0.6272
    [09:14:51] step 3975/5625 | avg train loss 2.0219 top1 0.3683 top5 0.6267
    [09:14:56] step 4000/5625 | avg train loss 2.0217 top1 0.3686 top5 0.6266
    [09:15:01] step 4025/5625 | avg train loss 2.0226 top1 0.3687 top5 0.6266
    [09:15:06] step 4050/5625 | avg train loss 2.0229 top1 0.3685 top5 0.6262
    [09:15:11] step 4075/5625 | avg train loss 2.0241 top1 0.3684 top5 0.6262
    [09:15:16] step 4100/5625 | avg train loss 2.0231 top1 0.3682 top5 0.6260
    [09:15:21] step 4125/5625 | avg train loss 2.0230 top1 0.3683 top5 0.6262
    [09:15:26] step 4150/5625 | avg train loss 2.0229 top1 0.3688 top5 0.6264
    [09:15:31] step 4175/5625 | avg train loss 2.0244 top1 0.3688 top5 0.6263
    [09:15:37] step 4200/5625 | avg train loss 2.0255 top1 0.3688 top5 0.6262
    [09:15:42] step 4225/5625 | avg train loss 2.0264 top1 0.3686 top5 0.6259
    [09:15:47] step 4250/5625 | avg train loss 2.0272 top1 0.3686 top5 0.6259
    [09:15:52] step 4275/5625 | avg train loss 2.0269 top1 0.3682 top5 0.6256
    [09:15:57] step 4300/5625 | avg train loss 2.0273 top1 0.3681 top5 0.6256
    [09:16:02] step 4325/5625 | avg train loss 2.0273 top1 0.3677 top5 0.6255
    [09:16:07] step 4350/5625 | avg train loss 2.0280 top1 0.3674 top5 0.6252
    [09:16:12] step 4375/5625 | avg train loss 2.0285 top1 0.3677 top5 0.6257
    [09:16:17] step 4400/5625 | avg train loss 2.0284 top1 0.3676 top5 0.6256
    [09:16:22] step 4425/5625 | avg train loss 2.0292 top1 0.3677 top5 0.6255
    [09:16:28] step 4450/5625 | avg train loss 2.0297 top1 0.3674 top5 0.6252
    [09:16:33] step 4475/5625 | avg train loss 2.0299 top1 0.3671 top5 0.6249
    [09:16:38] step 4500/5625 | avg train loss 2.0296 top1 0.3674 top5 0.6252
    [09:16:43] step 4525/5625 | avg train loss 2.0293 top1 0.3678 top5 0.6256
    [09:16:48] step 4550/5625 | avg train loss 2.0283 top1 0.3676 top5 0.6259
    [09:16:53] step 4575/5625 | avg train loss 2.0296 top1 0.3677 top5 0.6258
    [09:16:58] step 4600/5625 | avg train loss 2.0303 top1 0.3676 top5 0.6258
    [09:17:03] step 4625/5625 | avg train loss 2.0303 top1 0.3675 top5 0.6254
    [09:17:08] step 4650/5625 | avg train loss 2.0310 top1 0.3672 top5 0.6251
    [09:17:13] step 4675/5625 | avg train loss 2.0319 top1 0.3670 top5 0.6250
    [09:17:18] step 4700/5625 | avg train loss 2.0318 top1 0.3673 top5 0.6254
    [09:17:24] step 4725/5625 | avg train loss 2.0315 top1 0.3673 top5 0.6257
    [09:17:29] step 4750/5625 | avg train loss 2.0307 top1 0.3676 top5 0.6260
    [09:17:34] step 4775/5625 | avg train loss 2.0310 top1 0.3676 top5 0.6259
    [09:17:39] step 4800/5625 | avg train loss 2.0319 top1 0.3679 top5 0.6259
    [09:17:44] step 4825/5625 | avg train loss 2.0329 top1 0.3676 top5 0.6256
    [09:17:49] step 4850/5625 | avg train loss 2.0339 top1 0.3677 top5 0.6254
    [09:17:54] step 4875/5625 | avg train loss 2.0338 top1 0.3682 top5 0.6256
    [09:17:59] step 4900/5625 | avg train loss 2.0345 top1 0.3679 top5 0.6254
    [09:18:04] step 4925/5625 | avg train loss 2.0345 top1 0.3676 top5 0.6253
    [09:18:10] step 4950/5625 | avg train loss 2.0351 top1 0.3672 top5 0.6251
    [09:18:15] step 4975/5625 | avg train loss 2.0351 top1 0.3674 top5 0.6253
    [09:18:20] step 5000/5625 | avg train loss 2.0356 top1 0.3676 top5 0.6252
    [09:18:25] step 5025/5625 | avg train loss 2.0356 top1 0.3672 top5 0.6248
    [09:18:30] step 5050/5625 | avg train loss 2.0344 top1 0.3674 top5 0.6249
    [09:18:35] step 5075/5625 | avg train loss 2.0350 top1 0.3671 top5 0.6247
    [09:18:40] step 5100/5625 | avg train loss 2.0352 top1 0.3671 top5 0.6248
    [09:18:45] step 5125/5625 | avg train loss 2.0340 top1 0.3675 top5 0.6251
    [09:18:50] step 5150/5625 | avg train loss 2.0328 top1 0.3678 top5 0.6253
    [09:18:55] step 5175/5625 | avg train loss 2.0330 top1 0.3678 top5 0.6253
    [09:19:00] step 5200/5625 | avg train loss 2.0340 top1 0.3678 top5 0.6254
    [09:19:05] step 5225/5625 | avg train loss 2.0332 top1 0.3678 top5 0.6254
    [09:19:11] step 5250/5625 | avg train loss 2.0332 top1 0.3677 top5 0.6254
    [09:19:16] step 5275/5625 | avg train loss 2.0325 top1 0.3681 top5 0.6260
    [09:19:21] step 5300/5625 | avg train loss 2.0314 top1 0.3683 top5 0.6262
    [09:19:26] step 5325/5625 | avg train loss 2.0304 top1 0.3688 top5 0.6266
    [09:19:31] step 5350/5625 | avg train loss 2.0304 top1 0.3691 top5 0.6267
    [09:19:36] step 5375/5625 | avg train loss 2.0307 top1 0.3689 top5 0.6265
    [09:19:41] step 5400/5625 | avg train loss 2.0316 top1 0.3689 top5 0.6266
    [09:19:46] step 5425/5625 | avg train loss 2.0319 top1 0.3686 top5 0.6263
    [09:19:51] step 5450/5625 | avg train loss 2.0316 top1 0.3687 top5 0.6265
    [09:19:56] step 5475/5625 | avg train loss 2.0318 top1 0.3685 top5 0.6262
    [09:20:02] step 5500/5625 | avg train loss 2.0328 top1 0.3685 top5 0.6261
    [09:20:07] step 5525/5625 | avg train loss 2.0337 top1 0.3685 top5 0.6262
    [09:20:12] step 5550/5625 | avg train loss 2.0321 top1 0.3686 top5 0.6264
    [09:20:17] step 5575/5625 | avg train loss 2.0323 top1 0.3688 top5 0.6267
    [09:20:22] step 5600/5625 | avg train loss 2.0324 top1 0.3688 top5 0.6267
    [09:20:27] step 5625/5625 | avg train loss 2.0328 top1 0.3686 top5 0.6266
Epoch 30/50 | train loss 2.0328 top1 0.3686 | val loss 1.8329 top1 0.4875 top5 0.8007 | ema holdout top1 0.4807 top5 0.8092
  Saved new best checkpoint (live): /Data/romain.poggi/smth2smth/checkpoints/track_a/videomaev2+ft/meanpool-mae150-s44.pt (val top1=0.4875)
    [09:22:03] step 25/5625 | avg train loss 2.0545 top1 0.3700 top5 0.6750
    [09:22:08] step 50/5625 | avg train loss 1.9671 top1 0.4075 top5 0.6425
    [09:22:13] step 75/5625 | avg train loss 2.0264 top1 0.3867 top5 0.6383
    [09:22:18] step 100/5625 | avg train loss 2.0123 top1 0.3887 top5 0.6538
    [09:22:23] step 125/5625 | avg train loss 2.0123 top1 0.3860 top5 0.6470
    [09:22:28] step 150/5625 | avg train loss 1.9914 top1 0.3800 top5 0.6550
    [09:22:33] step 175/5625 | avg train loss 1.9998 top1 0.3721 top5 0.6450
    [09:22:38] step 200/5625 | avg train loss 2.0108 top1 0.3656 top5 0.6356
    [09:22:43] step 225/5625 | avg train loss 2.0251 top1 0.3672 top5 0.6350
    [09:22:48] step 250/5625 | avg train loss 2.0045 top1 0.3755 top5 0.6385
    [09:22:53] step 275/5625 | avg train loss 2.0040 top1 0.3768 top5 0.6423
    [09:22:58] step 300/5625 | avg train loss 2.0157 top1 0.3688 top5 0.6338
    [09:23:04] step 325/5625 | avg train loss 1.9993 top1 0.3727 top5 0.6358
    [09:23:09] step 350/5625 | avg train loss 2.0072 top1 0.3729 top5 0.6371
    [09:23:14] step 375/5625 | avg train loss 2.0016 top1 0.3733 top5 0.6347
    [09:23:19] step 400/5625 | avg train loss 1.9875 top1 0.3775 top5 0.6388
    [09:23:24] step 425/5625 | avg train loss 1.9981 top1 0.3709 top5 0.6344
    [09:23:29] step 450/5625 | avg train loss 1.9920 top1 0.3686 top5 0.6358
    [09:23:34] step 475/5625 | avg train loss 1.9895 top1 0.3692 top5 0.6366
    [09:23:39] step 500/5625 | avg train loss 2.0013 top1 0.3643 top5 0.6290
    [09:23:44] step 525/5625 | avg train loss 1.9981 top1 0.3636 top5 0.6276
    [09:23:49] step 550/5625 | avg train loss 2.0041 top1 0.3625 top5 0.6250
    [09:23:54] step 575/5625 | avg train loss 2.0018 top1 0.3609 top5 0.6250
    [09:23:59] step 600/5625 | avg train loss 1.9973 top1 0.3627 top5 0.6265
    [09:24:05] step 625/5625 | avg train loss 2.0070 top1 0.3604 top5 0.6264
    [09:24:10] step 650/5625 | avg train loss 2.0130 top1 0.3585 top5 0.6244
    [09:24:15] step 675/5625 | avg train loss 2.0131 top1 0.3594 top5 0.6259
    [09:24:20] step 700/5625 | avg train loss 2.0158 top1 0.3620 top5 0.6293
    [09:24:25] step 725/5625 | avg train loss 2.0215 top1 0.3624 top5 0.6295
    [09:24:30] step 750/5625 | avg train loss 2.0228 top1 0.3613 top5 0.6277
    [09:24:35] step 775/5625 | avg train loss 2.0217 top1 0.3631 top5 0.6266
    [09:24:40] step 800/5625 | avg train loss 2.0197 top1 0.3664 top5 0.6292
    [09:24:45] step 825/5625 | avg train loss 2.0096 top1 0.3674 top5 0.6291
    [09:24:50] step 850/5625 | avg train loss 2.0089 top1 0.3685 top5 0.6294
    [09:24:55] step 875/5625 | avg train loss 2.0067 top1 0.3660 top5 0.6274
    [09:25:01] step 900/5625 | avg train loss 2.0060 top1 0.3643 top5 0.6267
    [09:25:06] step 925/5625 | avg train loss 2.0105 top1 0.3645 top5 0.6268
    [09:25:11] step 950/5625 | avg train loss 2.0092 top1 0.3661 top5 0.6289
    [09:25:16] step 975/5625 | avg train loss 2.0023 top1 0.3682 top5 0.6296
    [09:25:21] step 1000/5625 | avg train loss 2.0061 top1 0.3693 top5 0.6294
    [09:25:26] step 1025/5625 | avg train loss 2.0096 top1 0.3684 top5 0.6298
    [09:25:31] step 1050/5625 | avg train loss 2.0064 top1 0.3706 top5 0.6318
    [09:25:36] step 1075/5625 | avg train loss 2.0070 top1 0.3708 top5 0.6340
    [09:25:41] step 1100/5625 | avg train loss 2.0013 top1 0.3736 top5 0.6366
    [09:25:47] step 1125/5625 | avg train loss 2.0036 top1 0.3720 top5 0.6354
    [09:25:52] step 1150/5625 | avg train loss 2.0015 top1 0.3716 top5 0.6361
    [09:25:57] step 1175/5625 | avg train loss 2.0021 top1 0.3734 top5 0.6364
    [09:26:02] step 1200/5625 | avg train loss 2.0066 top1 0.3732 top5 0.6369
    [09:26:07] step 1225/5625 | avg train loss 2.0028 top1 0.3728 top5 0.6362
    [09:26:12] step 1250/5625 | avg train loss 1.9988 top1 0.3740 top5 0.6356
    [09:26:17] step 1275/5625 | avg train loss 1.9975 top1 0.3736 top5 0.6341
    [09:26:22] step 1300/5625 | avg train loss 1.9952 top1 0.3719 top5 0.6336
    [09:26:27] step 1325/5625 | avg train loss 1.9946 top1 0.3726 top5 0.6344
    [09:26:32] step 1350/5625 | avg train loss 1.9930 top1 0.3735 top5 0.6353
    [09:26:37] step 1375/5625 | avg train loss 1.9999 top1 0.3727 top5 0.6333
    [09:26:43] step 1400/5625 | avg train loss 1.9989 top1 0.3732 top5 0.6338
    [09:26:48] step 1425/5625 | avg train loss 2.0020 top1 0.3727 top5 0.6338
    [09:26:53] step 1450/5625 | avg train loss 2.0011 top1 0.3733 top5 0.6336
    [09:26:58] step 1475/5625 | avg train loss 2.0033 top1 0.3719 top5 0.6319
    [09:27:03] step 1500/5625 | avg train loss 2.0034 top1 0.3714 top5 0.6318
    [09:27:08] step 1525/5625 | avg train loss 2.0028 top1 0.3719 top5 0.6325
    [09:27:13] step 1550/5625 | avg train loss 2.0049 top1 0.3702 top5 0.6319
    [09:27:18] step 1575/5625 | avg train loss 2.0038 top1 0.3701 top5 0.6311
    [09:27:23] step 1600/5625 | avg train loss 2.0040 top1 0.3705 top5 0.6326
    [09:27:28] step 1625/5625 | avg train loss 2.0045 top1 0.3707 top5 0.6331
    [09:27:34] step 1650/5625 | avg train loss 2.0057 top1 0.3704 top5 0.6327
    [09:27:39] step 1675/5625 | avg train loss 2.0076 top1 0.3687 top5 0.6314
    [09:27:44] step 1700/5625 | avg train loss 2.0104 top1 0.3676 top5 0.6301
    [09:27:49] step 1725/5625 | avg train loss 2.0094 top1 0.3689 top5 0.6314
    [09:27:54] step 1750/5625 | avg train loss 2.0140 top1 0.3679 top5 0.6299
    [09:27:59] step 1775/5625 | avg train loss 2.0140 top1 0.3685 top5 0.6301
    [09:28:04] step 1800/5625 | avg train loss 2.0180 top1 0.3676 top5 0.6294
    [09:28:09] step 1825/5625 | avg train loss 2.0190 top1 0.3669 top5 0.6281
    [09:28:14] step 1850/5625 | avg train loss 2.0198 top1 0.3668 top5 0.6283
    [09:28:19] step 1875/5625 | avg train loss 2.0180 top1 0.3674 top5 0.6290
    [09:28:24] step 1900/5625 | avg train loss 2.0208 top1 0.3672 top5 0.6287
    [09:28:30] step 1925/5625 | avg train loss 2.0225 top1 0.3668 top5 0.6287
    [09:28:35] step 1950/5625 | avg train loss 2.0215 top1 0.3663 top5 0.6278
    [09:28:40] step 1975/5625 | avg train loss 2.0177 top1 0.3673 top5 0.6285
    [09:28:45] step 2000/5625 | avg train loss 2.0184 top1 0.3669 top5 0.6292
    [09:28:50] step 2025/5625 | avg train loss 2.0179 top1 0.3673 top5 0.6298
    [09:28:55] step 2050/5625 | avg train loss 2.0171 top1 0.3670 top5 0.6295
    [09:29:00] step 2075/5625 | avg train loss 2.0158 top1 0.3670 top5 0.6300
    [09:29:05] step 2100/5625 | avg train loss 2.0145 top1 0.3664 top5 0.6289
    [09:29:10] step 2125/5625 | avg train loss 2.0135 top1 0.3674 top5 0.6301
    [09:29:15] step 2150/5625 | avg train loss 2.0152 top1 0.3669 top5 0.6297
    [09:29:20] step 2175/5625 | avg train loss 2.0154 top1 0.3661 top5 0.6290
    [09:29:26] step 2200/5625 | avg train loss 2.0155 top1 0.3672 top5 0.6301
    [09:29:31] step 2225/5625 | avg train loss 2.0168 top1 0.3665 top5 0.6302
    [09:29:36] step 2250/5625 | avg train loss 2.0177 top1 0.3661 top5 0.6298
    [09:29:41] step 2275/5625 | avg train loss 2.0171 top1 0.3670 top5 0.6304
    [09:29:46] step 2300/5625 | avg train loss 2.0175 top1 0.3666 top5 0.6301
    [09:29:51] step 2325/5625 | avg train loss 2.0171 top1 0.3672 top5 0.6305
    [09:29:56] step 2350/5625 | avg train loss 2.0173 top1 0.3681 top5 0.6313
    [09:30:01] step 2375/5625 | avg train loss 2.0165 top1 0.3676 top5 0.6306
    [09:30:06] step 2400/5625 | avg train loss 2.0149 top1 0.3683 top5 0.6309
    [09:30:11] step 2425/5625 | avg train loss 2.0152 top1 0.3686 top5 0.6309
    [09:30:16] step 2450/5625 | avg train loss 2.0192 top1 0.3672 top5 0.6291
    [09:30:22] step 2475/5625 | avg train loss 2.0165 top1 0.3671 top5 0.6284
    [09:30:27] step 2500/5625 | avg train loss 2.0177 top1 0.3663 top5 0.6273
    [09:30:32] step 2525/5625 | avg train loss 2.0167 top1 0.3671 top5 0.6282
    [09:30:37] step 2550/5625 | avg train loss 2.0191 top1 0.3675 top5 0.6283
    [09:30:42] step 2575/5625 | avg train loss 2.0190 top1 0.3671 top5 0.6278
    [09:30:47] step 2600/5625 | avg train loss 2.0180 top1 0.3675 top5 0.6281
    [09:30:52] step 2625/5625 | avg train loss 2.0165 top1 0.3676 top5 0.6279
    [09:30:57] step 2650/5625 | avg train loss 2.0189 top1 0.3676 top5 0.6277
    [09:31:02] step 2675/5625 | avg train loss 2.0193 top1 0.3679 top5 0.6282
    [09:31:08] step 2700/5625 | avg train loss 2.0206 top1 0.3675 top5 0.6280
    [09:31:13] step 2725/5625 | avg train loss 2.0196 top1 0.3672 top5 0.6275
    [09:31:18] step 2750/5625 | avg train loss 2.0191 top1 0.3682 top5 0.6280
    [09:31:23] step 2775/5625 | avg train loss 2.0187 top1 0.3682 top5 0.6280
    [09:31:28] step 2800/5625 | avg train loss 2.0198 top1 0.3684 top5 0.6279
    [09:31:33] step 2825/5625 | avg train loss 2.0174 top1 0.3692 top5 0.6285
    [09:31:38] step 2850/5625 | avg train loss 2.0187 top1 0.3690 top5 0.6281
    [09:31:43] step 2875/5625 | avg train loss 2.0191 top1 0.3694 top5 0.6286
    [09:31:48] step 2900/5625 | avg train loss 2.0204 top1 0.3689 top5 0.6280
    [09:31:54] step 2925/5625 | avg train loss 2.0210 top1 0.3687 top5 0.6281
    [09:31:59] step 2950/5625 | avg train loss 2.0214 top1 0.3678 top5 0.6269
    [09:32:04] step 2975/5625 | avg train loss 2.0204 top1 0.3682 top5 0.6276
    [09:32:09] step 3000/5625 | avg train loss 2.0212 top1 0.3684 top5 0.6279
    [09:32:14] step 3025/5625 | avg train loss 2.0226 top1 0.3683 top5 0.6281
    [09:32:19] step 3050/5625 | avg train loss 2.0231 top1 0.3686 top5 0.6284
    [09:32:24] step 3075/5625 | avg train loss 2.0241 top1 0.3681 top5 0.6276
    [09:32:29] step 3100/5625 | avg train loss 2.0252 top1 0.3680 top5 0.6274
    [09:32:34] step 3125/5625 | avg train loss 2.0251 top1 0.3676 top5 0.6270
    [09:32:39] step 3150/5625 | avg train loss 2.0242 top1 0.3679 top5 0.6276
    [09:32:45] step 3175/5625 | avg train loss 2.0254 top1 0.3679 top5 0.6276
    [09:32:50] step 3200/5625 | avg train loss 2.0254 top1 0.3682 top5 0.6279
    [09:32:55] step 3225/5625 | avg train loss 2.0265 top1 0.3683 top5 0.6279
    [09:33:00] step 3250/5625 | avg train loss 2.0256 top1 0.3684 top5 0.6276
    [09:33:05] step 3275/5625 | avg train loss 2.0247 top1 0.3687 top5 0.6274
    [09:33:10] step 3300/5625 | avg train loss 2.0244 top1 0.3685 top5 0.6272
    [09:33:15] step 3325/5625 | avg train loss 2.0248 top1 0.3684 top5 0.6270
    [09:33:20] step 3350/5625 | avg train loss 2.0258 top1 0.3684 top5 0.6274
    [09:33:26] step 3375/5625 | avg train loss 2.0261 top1 0.3683 top5 0.6277
    [09:33:31] step 3400/5625 | avg train loss 2.0266 top1 0.3685 top5 0.6277
    [09:33:36] step 3425/5625 | avg train loss 2.0278 top1 0.3684 top5 0.6278
    [09:33:41] step 3450/5625 | avg train loss 2.0269 top1 0.3686 top5 0.6276
    [09:33:46] step 3475/5625 | avg train loss 2.0252 top1 0.3691 top5 0.6283
    [09:33:51] step 3500/5625 | avg train loss 2.0250 top1 0.3692 top5 0.6281
    [09:33:56] step 3525/5625 | avg train loss 2.0256 top1 0.3694 top5 0.6284
    [09:34:01] step 3550/5625 | avg train loss 2.0235 top1 0.3691 top5 0.6280
    [09:34:07] step 3575/5625 | avg train loss 2.0243 top1 0.3687 top5 0.6276
    [09:34:12] step 3600/5625 | avg train loss 2.0263 top1 0.3683 top5 0.6269
    [09:34:17] step 3625/5625 | avg train loss 2.0257 top1 0.3682 top5 0.6270
    [09:34:22] step 3650/5625 | avg train loss 2.0263 top1 0.3680 top5 0.6271
    [09:34:27] step 3675/5625 | avg train loss 2.0279 top1 0.3678 top5 0.6269
    [09:34:32] step 3700/5625 | avg train loss 2.0281 top1 0.3678 top5 0.6270
    [09:34:37] step 3725/5625 | avg train loss 2.0269 top1 0.3680 top5 0.6270
    [09:34:42] step 3750/5625 | avg train loss 2.0252 top1 0.3685 top5 0.6272
    [09:34:47] step 3775/5625 | avg train loss 2.0265 top1 0.3684 top5 0.6270
    [09:34:52] step 3800/5625 | avg train loss 2.0262 top1 0.3682 top5 0.6267
    [09:34:58] step 3825/5625 | avg train loss 2.0254 top1 0.3683 top5 0.6272
    [09:35:03] step 3850/5625 | avg train loss 2.0255 top1 0.3681 top5 0.6267
    [09:35:08] step 3875/5625 | avg train loss 2.0272 top1 0.3677 top5 0.6262
    [09:35:13] step 3900/5625 | avg train loss 2.0276 top1 0.3680 top5 0.6264
    [09:35:18] step 3925/5625 | avg train loss 2.0279 top1 0.3680 top5 0.6265
    [09:35:23] step 3950/5625 | avg train loss 2.0285 top1 0.3679 top5 0.6265
    [09:35:28] step 3975/5625 | avg train loss 2.0288 top1 0.3677 top5 0.6264
    [09:35:33] step 4000/5625 | avg train loss 2.0283 top1 0.3678 top5 0.6268
    [09:35:38] step 4025/5625 | avg train loss 2.0286 top1 0.3676 top5 0.6267
    [09:35:43] step 4050/5625 | avg train loss 2.0295 top1 0.3675 top5 0.6266
    [09:35:48] step 4075/5625 | avg train loss 2.0300 top1 0.3675 top5 0.6260
    [09:35:54] step 4100/5625 | avg train loss 2.0291 top1 0.3680 top5 0.6266
    [09:35:59] step 4125/5625 | avg train loss 2.0291 top1 0.3678 top5 0.6265
    [09:36:04] step 4150/5625 | avg train loss 2.0286 top1 0.3675 top5 0.6258
    [09:36:09] step 4175/5625 | avg train loss 2.0290 top1 0.3678 top5 0.6260
    [09:36:14] step 4200/5625 | avg train loss 2.0282 top1 0.3679 top5 0.6257
    [09:36:19] step 4225/5625 | avg train loss 2.0293 top1 0.3681 top5 0.6261
    [09:36:24] step 4250/5625 | avg train loss 2.0289 top1 0.3683 top5 0.6265
    [09:36:29] step 4275/5625 | avg train loss 2.0282 top1 0.3684 top5 0.6266
    [09:36:34] step 4300/5625 | avg train loss 2.0287 top1 0.3686 top5 0.6268
    [09:36:39] step 4325/5625 | avg train loss 2.0280 top1 0.3691 top5 0.6274
    [09:36:45] step 4350/5625 | avg train loss 2.0281 top1 0.3692 top5 0.6278
    [09:36:50] step 4375/5625 | avg train loss 2.0269 top1 0.3695 top5 0.6281
    [09:36:55] step 4400/5625 | avg train loss 2.0262 top1 0.3695 top5 0.6282
    [09:37:00] step 4425/5625 | avg train loss 2.0256 top1 0.3699 top5 0.6283
    [09:37:05] step 4450/5625 | avg train loss 2.0258 top1 0.3699 top5 0.6282
    [09:37:10] step 4475/5625 | avg train loss 2.0253 top1 0.3698 top5 0.6280
    [09:37:15] step 4500/5625 | avg train loss 2.0250 top1 0.3697 top5 0.6277
    [09:37:20] step 4525/5625 | avg train loss 2.0235 top1 0.3698 top5 0.6277
    [09:37:25] step 4550/5625 | avg train loss 2.0230 top1 0.3703 top5 0.6281
    [09:37:31] step 4575/5625 | avg train loss 2.0232 top1 0.3705 top5 0.6283
    [09:37:36] step 4600/5625 | avg train loss 2.0235 top1 0.3705 top5 0.6286
    [09:37:41] step 4625/5625 | avg train loss 2.0220 top1 0.3705 top5 0.6283
    [09:37:46] step 4650/5625 | avg train loss 2.0206 top1 0.3709 top5 0.6286
    [09:37:51] step 4675/5625 | avg train loss 2.0208 top1 0.3712 top5 0.6289
    [09:37:56] step 4700/5625 | avg train loss 2.0202 top1 0.3716 top5 0.6289
    [09:38:01] step 4725/5625 | avg train loss 2.0216 top1 0.3712 top5 0.6287
    [09:38:06] step 4750/5625 | avg train loss 2.0203 top1 0.3714 top5 0.6288
    [09:38:11] step 4775/5625 | avg train loss 2.0193 top1 0.3716 top5 0.6291
    [09:38:16] step 4800/5625 | avg train loss 2.0194 top1 0.3715 top5 0.6290
    [09:38:21] step 4825/5625 | avg train loss 2.0198 top1 0.3713 top5 0.6288
    [09:38:27] step 4850/5625 | avg train loss 2.0215 top1 0.3711 top5 0.6286
    [09:38:32] step 4875/5625 | avg train loss 2.0217 top1 0.3711 top5 0.6284
    [09:38:37] step 4900/5625 | avg train loss 2.0221 top1 0.3708 top5 0.6282
    [09:38:42] step 4925/5625 | avg train loss 2.0213 top1 0.3709 top5 0.6281
    [09:38:47] step 4950/5625 | avg train loss 2.0219 top1 0.3706 top5 0.6280
    [09:38:52] step 4975/5625 | avg train loss 2.0223 top1 0.3707 top5 0.6280
    [09:38:57] step 5000/5625 | avg train loss 2.0223 top1 0.3708 top5 0.6283
    [09:39:02] step 5025/5625 | avg train loss 2.0221 top1 0.3707 top5 0.6282
    [09:39:07] step 5050/5625 | avg train loss 2.0222 top1 0.3706 top5 0.6282
    [09:39:13] step 5075/5625 | avg train loss 2.0230 top1 0.3703 top5 0.6281
    [09:39:18] step 5100/5625 | avg train loss 2.0233 top1 0.3703 top5 0.6280
    [09:39:23] step 5125/5625 | avg train loss 2.0237 top1 0.3704 top5 0.6279
    [09:39:28] step 5150/5625 | avg train loss 2.0240 top1 0.3705 top5 0.6276
    [09:39:33] step 5175/5625 | avg train loss 2.0240 top1 0.3705 top5 0.6278
    [09:39:38] step 5200/5625 | avg train loss 2.0237 top1 0.3706 top5 0.6280
    [09:39:43] step 5225/5625 | avg train loss 2.0227 top1 0.3707 top5 0.6279
    [09:39:48] step 5250/5625 | avg train loss 2.0231 top1 0.3705 top5 0.6280
    [09:39:53] step 5275/5625 | avg train loss 2.0225 top1 0.3709 top5 0.6279
    [09:39:59] step 5300/5625 | avg train loss 2.0228 top1 0.3708 top5 0.6278
    [09:40:04] step 5325/5625 | avg train loss 2.0218 top1 0.3710 top5 0.6280
    [09:40:09] step 5350/5625 | avg train loss 2.0219 top1 0.3709 top5 0.6278
    [09:40:14] step 5375/5625 | avg train loss 2.0223 top1 0.3709 top5 0.6280
    [09:40:19] step 5400/5625 | avg train loss 2.0227 top1 0.3706 top5 0.6279
    [09:40:24] step 5425/5625 | avg train loss 2.0236 top1 0.3706 top5 0.6282
    [09:40:29] step 5450/5625 | avg train loss 2.0233 top1 0.3709 top5 0.6283
    [09:40:34] step 5475/5625 | avg train loss 2.0221 top1 0.3708 top5 0.6282
    [09:40:39] step 5500/5625 | avg train loss 2.0220 top1 0.3704 top5 0.6280
    [09:40:45] step 5525/5625 | avg train loss 2.0212 top1 0.3705 top5 0.6280
    [09:40:50] step 5550/5625 | avg train loss 2.0206 top1 0.3705 top5 0.6280
    [09:40:55] step 5575/5625 | avg train loss 2.0212 top1 0.3708 top5 0.6284
    [09:41:00] step 5600/5625 | avg train loss 2.0209 top1 0.3706 top5 0.6282
    [09:41:05] step 5625/5625 | avg train loss 2.0216 top1 0.3706 top5 0.6281
Epoch 31/50 | train loss 2.0216 top1 0.3706 | val loss 1.8076 top1 0.4934 top5 0.8076 | ema holdout top1 0.4841 top5 0.8105
  Saved new best checkpoint (live): /Data/romain.poggi/smth2smth/checkpoints/track_a/videomaev2+ft/meanpool-mae150-s44.pt (val top1=0.4934)
    [09:42:40] step 25/5625 | avg train loss 1.9380 top1 0.4250 top5 0.7150
    [09:42:46] step 50/5625 | avg train loss 2.0773 top1 0.3900 top5 0.6775
    [09:42:51] step 75/5625 | avg train loss 2.0540 top1 0.3833 top5 0.6567
    [09:42:56] step 100/5625 | avg train loss 2.0513 top1 0.3688 top5 0.6338
    [09:43:01] step 125/5625 | avg train loss 2.0286 top1 0.3710 top5 0.6450
    [09:43:06] step 150/5625 | avg train loss 2.0411 top1 0.3700 top5 0.6483
    [09:43:11] step 175/5625 | avg train loss 2.0214 top1 0.3650 top5 0.6371
    [09:43:16] step 200/5625 | avg train loss 2.0184 top1 0.3694 top5 0.6425
    [09:43:21] step 225/5625 | avg train loss 2.0136 top1 0.3672 top5 0.6378
    [09:43:26] step 250/5625 | avg train loss 2.0340 top1 0.3615 top5 0.6345
    [09:43:31] step 275/5625 | avg train loss 2.0435 top1 0.3682 top5 0.6423
    [09:43:36] step 300/5625 | avg train loss 2.0336 top1 0.3729 top5 0.6467
    [09:43:42] step 325/5625 | avg train loss 2.0232 top1 0.3765 top5 0.6488
    [09:43:47] step 350/5625 | avg train loss 2.0162 top1 0.3757 top5 0.6475
    [09:43:52] step 375/5625 | avg train loss 2.0194 top1 0.3723 top5 0.6440
    [09:43:57] step 400/5625 | avg train loss 2.0204 top1 0.3666 top5 0.6369
    [09:44:02] step 425/5625 | avg train loss 2.0219 top1 0.3674 top5 0.6356
    [09:44:07] step 450/5625 | avg train loss 2.0335 top1 0.3683 top5 0.6353
    [09:44:12] step 475/5625 | avg train loss 2.0337 top1 0.3716 top5 0.6384
    [09:44:17] step 500/5625 | avg train loss 2.0308 top1 0.3745 top5 0.6435
    [09:44:22] step 525/5625 | avg train loss 2.0242 top1 0.3774 top5 0.6476
    [09:44:27] step 550/5625 | avg train loss 2.0152 top1 0.3802 top5 0.6468
    [09:44:33] step 575/5625 | avg train loss 2.0133 top1 0.3778 top5 0.6435
    [09:44:38] step 600/5625 | avg train loss 2.0171 top1 0.3746 top5 0.6392
    [09:44:43] step 625/5625 | avg train loss 2.0214 top1 0.3734 top5 0.6386
    [09:44:48] step 650/5625 | avg train loss 2.0250 top1 0.3744 top5 0.6408
    [09:44:53] step 675/5625 | avg train loss 2.0260 top1 0.3741 top5 0.6417
    [09:44:58] step 700/5625 | avg train loss 2.0225 top1 0.3720 top5 0.6402
    [09:45:03] step 725/5625 | avg train loss 2.0216 top1 0.3729 top5 0.6410
    [09:45:08] step 750/5625 | avg train loss 2.0254 top1 0.3693 top5 0.6365
    [09:45:13] step 775/5625 | avg train loss 2.0220 top1 0.3719 top5 0.6389
    [09:45:19] step 800/5625 | avg train loss 2.0185 top1 0.3708 top5 0.6377
    [09:45:24] step 825/5625 | avg train loss 2.0148 top1 0.3717 top5 0.6386
    [09:45:29] step 850/5625 | avg train loss 2.0132 top1 0.3737 top5 0.6393
    [09:45:34] step 875/5625 | avg train loss 2.0097 top1 0.3734 top5 0.6370
    [09:45:39] step 900/5625 | avg train loss 2.0154 top1 0.3728 top5 0.6351
    [09:45:44] step 925/5625 | avg train loss 2.0162 top1 0.3722 top5 0.6351
    [09:45:49] step 950/5625 | avg train loss 2.0143 top1 0.3743 top5 0.6376
    [09:45:54] step 975/5625 | avg train loss 2.0141 top1 0.3726 top5 0.6356
    [09:45:59] step 1000/5625 | avg train loss 2.0193 top1 0.3714 top5 0.6365
    [09:46:04] step 1025/5625 | avg train loss 2.0226 top1 0.3699 top5 0.6340
    [09:46:10] step 1050/5625 | avg train loss 2.0223 top1 0.3680 top5 0.6326
    [09:46:15] step 1075/5625 | avg train loss 2.0175 top1 0.3671 top5 0.6321
    [09:46:20] step 1100/5625 | avg train loss 2.0177 top1 0.3660 top5 0.6323
    [09:46:25] step 1125/5625 | avg train loss 2.0160 top1 0.3660 top5 0.6329
    [09:46:30] step 1150/5625 | avg train loss 2.0226 top1 0.3642 top5 0.6310
    [09:46:35] step 1175/5625 | avg train loss 2.0168 top1 0.3655 top5 0.6319
    [09:46:40] step 1200/5625 | avg train loss 2.0194 top1 0.3647 top5 0.6326
    [09:46:45] step 1225/5625 | avg train loss 2.0186 top1 0.3650 top5 0.6341
    [09:46:50] step 1250/5625 | avg train loss 2.0121 top1 0.3674 top5 0.6364
    [09:46:55] step 1275/5625 | avg train loss 2.0141 top1 0.3675 top5 0.6372
    [09:47:01] step 1300/5625 | avg train loss 2.0120 top1 0.3688 top5 0.6374
    [09:47:06] step 1325/5625 | avg train loss 2.0097 top1 0.3700 top5 0.6377
    [09:47:11] step 1350/5625 | avg train loss 2.0108 top1 0.3705 top5 0.6376
    [09:47:16] step 1375/5625 | avg train loss 2.0110 top1 0.3705 top5 0.6380
    [09:47:21] step 1400/5625 | avg train loss 2.0101 top1 0.3710 top5 0.6383
    [09:47:26] step 1425/5625 | avg train loss 2.0086 top1 0.3711 top5 0.6378
    [09:47:31] step 1450/5625 | avg train loss 2.0044 top1 0.3736 top5 0.6388
    [09:47:36] step 1475/5625 | avg train loss 2.0057 top1 0.3735 top5 0.6386
    [09:47:41] step 1500/5625 | avg train loss 2.0042 top1 0.3743 top5 0.6391
    [09:47:46] step 1525/5625 | avg train loss 2.0054 top1 0.3730 top5 0.6379
    [09:47:52] step 1550/5625 | avg train loss 2.0061 top1 0.3727 top5 0.6377
    [09:47:57] step 1575/5625 | avg train loss 2.0070 top1 0.3723 top5 0.6367
    [09:48:02] step 1600/5625 | avg train loss 2.0083 top1 0.3711 top5 0.6359
    [09:48:07] step 1625/5625 | avg train loss 2.0052 top1 0.3722 top5 0.6358
    [09:48:12] step 1650/5625 | avg train loss 2.0072 top1 0.3708 top5 0.6337
    [09:48:17] step 1675/5625 | avg train loss 2.0079 top1 0.3709 top5 0.6342
    [09:48:22] step 1700/5625 | avg train loss 2.0103 top1 0.3707 top5 0.6347
    [09:48:27] step 1725/5625 | avg train loss 2.0117 top1 0.3706 top5 0.6345
    [09:48:32] step 1750/5625 | avg train loss 2.0101 top1 0.3714 top5 0.6346
    [09:48:38] step 1775/5625 | avg train loss 2.0138 top1 0.3718 top5 0.6349
    [09:48:43] step 1800/5625 | avg train loss 2.0132 top1 0.3715 top5 0.6353
    [09:48:48] step 1825/5625 | avg train loss 2.0098 top1 0.3724 top5 0.6366
    [09:48:53] step 1850/5625 | avg train loss 2.0133 top1 0.3718 top5 0.6360
    [09:48:58] step 1875/5625 | avg train loss 2.0128 top1 0.3720 top5 0.6361
    [09:49:03] step 1900/5625 | avg train loss 2.0109 top1 0.3729 top5 0.6372
    [09:49:08] step 1925/5625 | avg train loss 2.0116 top1 0.3725 top5 0.6363
    [09:49:13] step 1950/5625 | avg train loss 2.0137 top1 0.3719 top5 0.6361
    [09:49:18] step 1975/5625 | avg train loss 2.0111 top1 0.3727 top5 0.6363
    [09:49:23] step 2000/5625 | avg train loss 2.0136 top1 0.3726 top5 0.6369
    [09:49:29] step 2025/5625 | avg train loss 2.0145 top1 0.3730 top5 0.6373
    [09:49:34] step 2050/5625 | avg train loss 2.0132 top1 0.3735 top5 0.6372
    [09:49:39] step 2075/5625 | avg train loss 2.0138 top1 0.3730 top5 0.6370
    [09:49:44] step 2100/5625 | avg train loss 2.0130 top1 0.3735 top5 0.6365
    [09:49:49] step 2125/5625 | avg train loss 2.0141 top1 0.3731 top5 0.6360
    [09:49:54] step 2150/5625 | avg train loss 2.0115 top1 0.3728 top5 0.6358
    [09:49:59] step 2175/5625 | avg train loss 2.0082 top1 0.3736 top5 0.6364
    [09:50:04] step 2200/5625 | avg train loss 2.0065 top1 0.3741 top5 0.6372
    [09:50:09] step 2225/5625 | avg train loss 2.0077 top1 0.3731 top5 0.6371
    [09:50:15] step 2250/5625 | avg train loss 2.0077 top1 0.3736 top5 0.6371
    [09:50:20] step 2275/5625 | avg train loss 2.0070 top1 0.3738 top5 0.6373
    [09:50:25] step 2300/5625 | avg train loss 2.0065 top1 0.3745 top5 0.6378
    [09:50:30] step 2325/5625 | avg train loss 2.0062 top1 0.3737 top5 0.6367
    [09:50:35] step 2350/5625 | avg train loss 2.0072 top1 0.3729 top5 0.6364
    [09:50:40] step 2375/5625 | avg train loss 2.0079 top1 0.3731 top5 0.6365
    [09:50:45] step 2400/5625 | avg train loss 2.0088 top1 0.3733 top5 0.6365
    [09:50:50] step 2425/5625 | avg train loss 2.0079 top1 0.3737 top5 0.6359
    [09:50:55] step 2450/5625 | avg train loss 2.0077 top1 0.3740 top5 0.6361
    [09:51:01] step 2475/5625 | avg train loss 2.0081 top1 0.3745 top5 0.6362
    [09:51:06] step 2500/5625 | avg train loss 2.0086 top1 0.3744 top5 0.6359
    [09:51:11] step 2525/5625 | avg train loss 2.0066 top1 0.3746 top5 0.6357
    [09:51:16] step 2550/5625 | avg train loss 2.0071 top1 0.3744 top5 0.6354
    [09:51:21] step 2575/5625 | avg train loss 2.0070 top1 0.3740 top5 0.6351
    [09:51:26] step 2600/5625 | avg train loss 2.0073 top1 0.3742 top5 0.6352
    [09:51:31] step 2625/5625 | avg train loss 2.0072 top1 0.3745 top5 0.6353
    [09:51:36] step 2650/5625 | avg train loss 2.0075 top1 0.3740 top5 0.6351
    [09:51:41] step 2675/5625 | avg train loss 2.0074 top1 0.3735 top5 0.6348
    [09:51:46] step 2700/5625 | avg train loss 2.0088 top1 0.3737 top5 0.6352
    [09:51:51] step 2725/5625 | avg train loss 2.0090 top1 0.3740 top5 0.6358
    [09:51:56] step 2750/5625 | avg train loss 2.0107 top1 0.3735 top5 0.6355
    [09:52:02] step 2775/5625 | avg train loss 2.0106 top1 0.3735 top5 0.6350
    [09:52:07] step 2800/5625 | avg train loss 2.0106 top1 0.3734 top5 0.6352
    [09:52:12] step 2825/5625 | avg train loss 2.0092 top1 0.3737 top5 0.6353
    [09:52:17] step 2850/5625 | avg train loss 2.0081 top1 0.3744 top5 0.6360
    [09:52:22] step 2875/5625 | avg train loss 2.0089 top1 0.3737 top5 0.6348
    [09:52:27] step 2900/5625 | avg train loss 2.0113 top1 0.3726 top5 0.6344
    [09:52:32] step 2925/5625 | avg train loss 2.0106 top1 0.3728 top5 0.6347
    [09:52:37] step 2950/5625 | avg train loss 2.0121 top1 0.3726 top5 0.6348
    [09:52:42] step 2975/5625 | avg train loss 2.0106 top1 0.3728 top5 0.6353
    [09:52:48] step 3000/5625 | avg train loss 2.0117 top1 0.3728 top5 0.6354
    [09:52:53] step 3025/5625 | avg train loss 2.0140 top1 0.3725 top5 0.6348
    [09:52:58] step 3050/5625 | avg train loss 2.0145 top1 0.3727 top5 0.6351
    [09:53:03] step 3075/5625 | avg train loss 2.0143 top1 0.3729 top5 0.6355
    [09:53:08] step 3100/5625 | avg train loss 2.0132 top1 0.3732 top5 0.6359
    [09:53:13] step 3125/5625 | avg train loss 2.0120 top1 0.3731 top5 0.6358
    [09:53:18] step 3150/5625 | avg train loss 2.0120 top1 0.3735 top5 0.6362
    [09:53:23] step 3175/5625 | avg train loss 2.0135 top1 0.3728 top5 0.6352
    [09:53:28] step 3200/5625 | avg train loss 2.0147 top1 0.3727 top5 0.6350
    [09:53:33] step 3225/5625 | avg train loss 2.0149 top1 0.3724 top5 0.6348
    [09:53:39] step 3250/5625 | avg train loss 2.0143 top1 0.3723 top5 0.6350
    [09:53:44] step 3275/5625 | avg train loss 2.0143 top1 0.3729 top5 0.6357
    [09:53:49] step 3300/5625 | avg train loss 2.0145 top1 0.3728 top5 0.6357
    [09:53:54] step 3325/5625 | avg train loss 2.0157 top1 0.3724 top5 0.6358
    [09:53:59] step 3350/5625 | avg train loss 2.0164 top1 0.3726 top5 0.6357
    [09:54:04] step 3375/5625 | avg train loss 2.0174 top1 0.3724 top5 0.6354
    [09:54:09] step 3400/5625 | avg train loss 2.0172 top1 0.3728 top5 0.6357
    [09:54:14] step 3425/5625 | avg train loss 2.0174 top1 0.3723 top5 0.6357
    [09:54:20] step 3450/5625 | avg train loss 2.0179 top1 0.3723 top5 0.6358
    [09:54:25] step 3475/5625 | avg train loss 2.0184 top1 0.3723 top5 0.6358
    [09:54:30] step 3500/5625 | avg train loss 2.0183 top1 0.3722 top5 0.6357
    [09:54:35] step 3525/5625 | avg train loss 2.0180 top1 0.3724 top5 0.6358
    [09:54:40] step 3550/5625 | avg train loss 2.0174 top1 0.3723 top5 0.6354
    [09:54:45] step 3575/5625 | avg train loss 2.0166 top1 0.3722 top5 0.6351
    [09:54:50] step 3600/5625 | avg train loss 2.0162 top1 0.3722 top5 0.6347
    [09:54:55] step 3625/5625 | avg train loss 2.0172 top1 0.3722 top5 0.6342
    [09:55:00] step 3650/5625 | avg train loss 2.0169 top1 0.3726 top5 0.6345
    [09:55:06] step 3675/5625 | avg train loss 2.0164 top1 0.3724 top5 0.6344
    [09:55:11] step 3700/5625 | avg train loss 2.0165 top1 0.3727 top5 0.6350
    [09:55:16] step 3725/5625 | avg train loss 2.0161 top1 0.3727 top5 0.6353
    [09:55:21] step 3750/5625 | avg train loss 2.0135 top1 0.3733 top5 0.6355
    [09:55:26] step 3775/5625 | avg train loss 2.0130 top1 0.3736 top5 0.6362
    [09:55:31] step 3800/5625 | avg train loss 2.0114 top1 0.3737 top5 0.6363
    [09:55:36] step 3825/5625 | avg train loss 2.0107 top1 0.3737 top5 0.6366
    [09:55:42] step 3850/5625 | avg train loss 2.0109 top1 0.3735 top5 0.6365
    [09:55:47] step 3875/5625 | avg train loss 2.0117 top1 0.3731 top5 0.6358
    [09:55:52] step 3900/5625 | avg train loss 2.0122 top1 0.3730 top5 0.6363
    [09:55:57] step 3925/5625 | avg train loss 2.0133 top1 0.3722 top5 0.6357
    [09:56:02] step 3950/5625 | avg train loss 2.0122 top1 0.3727 top5 0.6358
    [09:56:07] step 3975/5625 | avg train loss 2.0116 top1 0.3730 top5 0.6359
    [09:56:12] step 4000/5625 | avg train loss 2.0110 top1 0.3735 top5 0.6364
    [09:56:17] step 4025/5625 | avg train loss 2.0111 top1 0.3735 top5 0.6363
    [09:56:23] step 4050/5625 | avg train loss 2.0101 top1 0.3737 top5 0.6366
    [09:56:28] step 4075/5625 | avg train loss 2.0105 top1 0.3740 top5 0.6371
    [09:56:33] step 4100/5625 | avg train loss 2.0106 top1 0.3741 top5 0.6367
    [09:56:38] step 4125/5625 | avg train loss 2.0104 top1 0.3740 top5 0.6365
    [09:56:43] step 4150/5625 | avg train loss 2.0104 top1 0.3741 top5 0.6364
    [09:56:48] step 4175/5625 | avg train loss 2.0111 top1 0.3739 top5 0.6363
    [09:56:53] step 4200/5625 | avg train loss 2.0102 top1 0.3741 top5 0.6364
    [09:56:59] step 4225/5625 | avg train loss 2.0098 top1 0.3743 top5 0.6366
    [09:57:04] step 4250/5625 | avg train loss 2.0097 top1 0.3749 top5 0.6369
    [09:57:09] step 4275/5625 | avg train loss 2.0092 top1 0.3754 top5 0.6374
    [09:57:14] step 4300/5625 | avg train loss 2.0093 top1 0.3754 top5 0.6374
    [09:57:19] step 4325/5625 | avg train loss 2.0095 top1 0.3751 top5 0.6374
    [09:57:24] step 4350/5625 | avg train loss 2.0098 top1 0.3751 top5 0.6374
    [09:57:29] step 4375/5625 | avg train loss 2.0101 top1 0.3750 top5 0.6372
    [09:57:34] step 4400/5625 | avg train loss 2.0107 top1 0.3747 top5 0.6369
    [09:57:39] step 4425/5625 | avg train loss 2.0104 top1 0.3749 top5 0.6372
    [09:57:45] step 4450/5625 | avg train loss 2.0094 top1 0.3752 top5 0.6371
    [09:57:50] step 4475/5625 | avg train loss 2.0102 top1 0.3752 top5 0.6371
    [09:57:55] step 4500/5625 | avg train loss 2.0104 top1 0.3747 top5 0.6364
    [09:58:00] step 4525/5625 | avg train loss 2.0110 top1 0.3745 top5 0.6360
    [09:58:05] step 4550/5625 | avg train loss 2.0115 top1 0.3744 top5 0.6359
    [09:58:10] step 4575/5625 | avg train loss 2.0124 top1 0.3741 top5 0.6354
    [09:58:15] step 4600/5625 | avg train loss 2.0139 top1 0.3738 top5 0.6351
    [09:58:20] step 4625/5625 | avg train loss 2.0140 top1 0.3738 top5 0.6355
    [09:58:26] step 4650/5625 | avg train loss 2.0138 top1 0.3741 top5 0.6357
    [09:58:31] step 4675/5625 | avg train loss 2.0143 top1 0.3739 top5 0.6357
    [09:58:36] step 4700/5625 | avg train loss 2.0152 top1 0.3734 top5 0.6353
    [09:58:41] step 4725/5625 | avg train loss 2.0153 top1 0.3733 top5 0.6349
    [09:58:46] step 4750/5625 | avg train loss 2.0162 top1 0.3728 top5 0.6346
    [09:58:51] step 4775/5625 | avg train loss 2.0169 top1 0.3728 top5 0.6344
    [09:58:56] step 4800/5625 | avg train loss 2.0169 top1 0.3729 top5 0.6345
    [09:59:01] step 4825/5625 | avg train loss 2.0161 top1 0.3726 top5 0.6344
    [09:59:06] step 4850/5625 | avg train loss 2.0153 top1 0.3727 top5 0.6344
    [09:59:12] step 4875/5625 | avg train loss 2.0144 top1 0.3724 top5 0.6342
    [09:59:17] step 4900/5625 | avg train loss 2.0146 top1 0.3723 top5 0.6342
    [09:59:22] step 4925/5625 | avg train loss 2.0155 top1 0.3721 top5 0.6341
    [09:59:27] step 4950/5625 | avg train loss 2.0163 top1 0.3719 top5 0.6340
    [09:59:32] step 4975/5625 | avg train loss 2.0161 top1 0.3721 top5 0.6342
    [09:59:37] step 5000/5625 | avg train loss 2.0165 top1 0.3720 top5 0.6345
    [09:59:42] step 5025/5625 | avg train loss 2.0163 top1 0.3721 top5 0.6350
    [09:59:48] step 5050/5625 | avg train loss 2.0161 top1 0.3723 top5 0.6350
    [09:59:53] step 5075/5625 | avg train loss 2.0163 top1 0.3724 top5 0.6354
    [09:59:58] step 5100/5625 | avg train loss 2.0161 top1 0.3727 top5 0.6358
    [10:00:03] step 5125/5625 | avg train loss 2.0162 top1 0.3725 top5 0.6354
    [10:00:08] step 5150/5625 | avg train loss 2.0158 top1 0.3727 top5 0.6356
    [10:00:13] step 5175/5625 | avg train loss 2.0163 top1 0.3726 top5 0.6357
    [10:00:18] step 5200/5625 | avg train loss 2.0153 top1 0.3729 top5 0.6357
    [10:00:23] step 5225/5625 | avg train loss 2.0149 top1 0.3728 top5 0.6357
    [10:00:28] step 5250/5625 | avg train loss 2.0154 top1 0.3729 top5 0.6356
    [10:00:34] step 5275/5625 | avg train loss 2.0161 top1 0.3728 top5 0.6354
    [10:00:39] step 5300/5625 | avg train loss 2.0156 top1 0.3729 top5 0.6355
    [10:00:44] step 5325/5625 | avg train loss 2.0154 top1 0.3729 top5 0.6357
    [10:00:49] step 5350/5625 | avg train loss 2.0152 top1 0.3726 top5 0.6353
    [10:00:54] step 5375/5625 | avg train loss 2.0153 top1 0.3724 top5 0.6348
    [10:00:59] step 5400/5625 | avg train loss 2.0153 top1 0.3727 top5 0.6350
    [10:01:04] step 5425/5625 | avg train loss 2.0150 top1 0.3725 top5 0.6347
    [10:01:09] step 5450/5625 | avg train loss 2.0153 top1 0.3721 top5 0.6344
    [10:01:15] step 5475/5625 | avg train loss 2.0152 top1 0.3721 top5 0.6345
    [10:01:20] step 5500/5625 | avg train loss 2.0145 top1 0.3722 top5 0.6348
    [10:01:25] step 5525/5625 | avg train loss 2.0144 top1 0.3720 top5 0.6348
    [10:01:30] step 5550/5625 | avg train loss 2.0144 top1 0.3720 top5 0.6348
    [10:01:35] step 5575/5625 | avg train loss 2.0140 top1 0.3720 top5 0.6347
    [10:01:40] step 5600/5625 | avg train loss 2.0137 top1 0.3724 top5 0.6348
    [10:01:45] step 5625/5625 | avg train loss 2.0144 top1 0.3721 top5 0.6347
Epoch 32/50 | train loss 2.0144 top1 0.3721 | val loss 1.8215 top1 0.4936 top5 0.8093 | ema holdout top1 0.4873 top5 0.8135
  No val top1 improvement (1/15); best remains 0.4934
    [10:03:20] step 25/5625 | avg train loss 2.0786 top1 0.4250 top5 0.6800
    [10:03:25] step 50/5625 | avg train loss 1.9789 top1 0.3725 top5 0.6350
    [10:03:30] step 75/5625 | avg train loss 1.9830 top1 0.3817 top5 0.6333
    [10:03:35] step 100/5625 | avg train loss 1.9416 top1 0.3725 top5 0.6188
    [10:03:41] step 125/5625 | avg train loss 1.9739 top1 0.3720 top5 0.6250
    [10:03:46] step 150/5625 | avg train loss 1.9306 top1 0.3800 top5 0.6233
    [10:03:51] step 175/5625 | avg train loss 1.9305 top1 0.3793 top5 0.6250
    [10:03:56] step 200/5625 | avg train loss 1.9293 top1 0.3806 top5 0.6294
    [10:04:01] step 225/5625 | avg train loss 1.9515 top1 0.3828 top5 0.6250
    [10:04:06] step 250/5625 | avg train loss 1.9582 top1 0.3900 top5 0.6325
    [10:04:11] step 275/5625 | avg train loss 1.9483 top1 0.3818 top5 0.6205
    [10:04:16] step 300/5625 | avg train loss 1.9548 top1 0.3817 top5 0.6275
    [10:04:21] step 325/5625 | avg train loss 1.9752 top1 0.3742 top5 0.6227
    [10:04:27] step 350/5625 | avg train loss 1.9651 top1 0.3750 top5 0.6239
    [10:04:32] step 375/5625 | avg train loss 1.9568 top1 0.3750 top5 0.6227
    [10:04:37] step 400/5625 | avg train loss 1.9591 top1 0.3791 top5 0.6269
    [10:04:42] step 425/5625 | avg train loss 1.9623 top1 0.3788 top5 0.6268
    [10:04:47] step 450/5625 | avg train loss 1.9622 top1 0.3836 top5 0.6342
    [10:04:52] step 475/5625 | avg train loss 1.9645 top1 0.3882 top5 0.6353
    [10:04:57] step 500/5625 | avg train loss 1.9655 top1 0.3877 top5 0.6330
    [10:05:02] step 525/5625 | avg train loss 1.9690 top1 0.3833 top5 0.6300
    [10:05:08] step 550/5625 | avg train loss 1.9743 top1 0.3830 top5 0.6325
    [10:05:13] step 575/5625 | avg train loss 1.9758 top1 0.3817 top5 0.6337
    [10:05:18] step 600/5625 | avg train loss 1.9703 top1 0.3844 top5 0.6354
    [10:05:23] step 625/5625 | avg train loss 1.9781 top1 0.3828 top5 0.6344
    [10:05:28] step 650/5625 | avg train loss 1.9860 top1 0.3821 top5 0.6358
    [10:05:33] step 675/5625 | avg train loss 1.9874 top1 0.3826 top5 0.6361
    [10:05:38] step 700/5625 | avg train loss 1.9927 top1 0.3807 top5 0.6357
    [10:05:43] step 725/5625 | avg train loss 1.9914 top1 0.3833 top5 0.6386
    [10:05:49] step 750/5625 | avg train loss 1.9980 top1 0.3795 top5 0.6357
    [10:05:54] step 775/5625 | avg train loss 1.9935 top1 0.3784 top5 0.6340
    [10:05:59] step 800/5625 | avg train loss 1.9840 top1 0.3783 top5 0.6328
    [10:06:04] step 825/5625 | avg train loss 1.9864 top1 0.3761 top5 0.6318
    [10:06:09] step 850/5625 | avg train loss 1.9787 top1 0.3768 top5 0.6313
    [10:06:14] step 875/5625 | avg train loss 1.9799 top1 0.3776 top5 0.6326
    [10:06:19] step 900/5625 | avg train loss 1.9868 top1 0.3746 top5 0.6297
    [10:06:24] step 925/5625 | avg train loss 1.9890 top1 0.3734 top5 0.6293
    [10:06:29] step 950/5625 | avg train loss 1.9906 top1 0.3750 top5 0.6301
    [10:06:35] step 975/5625 | avg train loss 1.9951 top1 0.3755 top5 0.6313
    [10:06:40] step 1000/5625 | avg train loss 1.9969 top1 0.3751 top5 0.6326
    [10:06:45] step 1025/5625 | avg train loss 1.9923 top1 0.3735 top5 0.6312
    [10:06:50] step 1050/5625 | avg train loss 1.9940 top1 0.3742 top5 0.6324
    [10:06:55] step 1075/5625 | avg train loss 1.9914 top1 0.3736 top5 0.6322
    [10:07:00] step 1100/5625 | avg train loss 1.9911 top1 0.3739 top5 0.6323
    [10:07:05] step 1125/5625 | avg train loss 1.9877 top1 0.3727 top5 0.6306
    [10:07:10] step 1150/5625 | avg train loss 1.9865 top1 0.3735 top5 0.6299
    [10:07:15] step 1175/5625 | avg train loss 1.9893 top1 0.3728 top5 0.6302
    [10:07:21] step 1200/5625 | avg train loss 1.9902 top1 0.3738 top5 0.6309
    [10:07:26] step 1225/5625 | avg train loss 1.9932 top1 0.3749 top5 0.6317
    [10:07:31] step 1250/5625 | avg train loss 1.9941 top1 0.3743 top5 0.6320
    [10:07:36] step 1275/5625 | avg train loss 1.9967 top1 0.3729 top5 0.6310
    [10:07:41] step 1300/5625 | avg train loss 1.9963 top1 0.3729 top5 0.6312
    [10:07:46] step 1325/5625 | avg train loss 1.9946 top1 0.3739 top5 0.6312
    [10:07:51] step 1350/5625 | avg train loss 1.9988 top1 0.3729 top5 0.6308
    [10:07:56] step 1375/5625 | avg train loss 1.9973 top1 0.3740 top5 0.6326
    [10:08:01] step 1400/5625 | avg train loss 1.9938 top1 0.3747 top5 0.6332
    [10:08:07] step 1425/5625 | avg train loss 1.9956 top1 0.3739 top5 0.6318
    [10:08:12] step 1450/5625 | avg train loss 1.9954 top1 0.3728 top5 0.6309
    [10:08:17] step 1475/5625 | avg train loss 1.9984 top1 0.3725 top5 0.6303
    [10:08:22] step 1500/5625 | avg train loss 1.9966 top1 0.3730 top5 0.6306
    [10:08:27] step 1525/5625 | avg train loss 1.9969 top1 0.3731 top5 0.6302
    [10:08:32] step 1550/5625 | avg train loss 1.9965 top1 0.3750 top5 0.6319
    [10:08:37] step 1575/5625 | avg train loss 1.9937 top1 0.3760 top5 0.6329
    [10:08:43] step 1600/5625 | avg train loss 1.9956 top1 0.3755 top5 0.6318
    [10:08:48] step 1625/5625 | avg train loss 1.9938 top1 0.3762 top5 0.6329
    [10:08:53] step 1650/5625 | avg train loss 1.9923 top1 0.3768 top5 0.6336
    [10:08:58] step 1675/5625 | avg train loss 1.9933 top1 0.3766 top5 0.6340
    [10:09:03] step 1700/5625 | avg train loss 1.9955 top1 0.3771 top5 0.6340
    [10:09:08] step 1725/5625 | avg train loss 1.9918 top1 0.3770 top5 0.6338
    [10:09:13] step 1750/5625 | avg train loss 1.9924 top1 0.3774 top5 0.6343
    [10:09:18] step 1775/5625 | avg train loss 1.9920 top1 0.3779 top5 0.6344
    [10:09:23] step 1800/5625 | avg train loss 1.9926 top1 0.3765 top5 0.6324
    [10:09:28] step 1825/5625 | avg train loss 1.9919 top1 0.3769 top5 0.6328
    [10:09:34] step 1850/5625 | avg train loss 1.9886 top1 0.3768 top5 0.6322
    [10:09:39] step 1875/5625 | avg train loss 1.9885 top1 0.3770 top5 0.6325
    [10:09:44] step 1900/5625 | avg train loss 1.9878 top1 0.3769 top5 0.6317
    [10:09:49] step 1925/5625 | avg train loss 1.9874 top1 0.3763 top5 0.6310
    [10:09:54] step 1950/5625 | avg train loss 1.9887 top1 0.3755 top5 0.6295
    [10:09:59] step 1975/5625 | avg train loss 1.9885 top1 0.3767 top5 0.6308
    [10:10:04] step 2000/5625 | avg train loss 1.9900 top1 0.3756 top5 0.6300
    [10:10:09] step 2025/5625 | avg train loss 1.9905 top1 0.3756 top5 0.6302
    [10:10:14] step 2050/5625 | avg train loss 1.9920 top1 0.3754 top5 0.6305
    [10:10:20] step 2075/5625 | avg train loss 1.9939 top1 0.3755 top5 0.6304
    [10:10:25] step 2100/5625 | avg train loss 1.9913 top1 0.3749 top5 0.6292
    [10:10:30] step 2125/5625 | avg train loss 1.9945 top1 0.3745 top5 0.6292
    [10:10:35] step 2150/5625 | avg train loss 1.9952 top1 0.3737 top5 0.6284
    [10:10:40] step 2175/5625 | avg train loss 1.9929 top1 0.3740 top5 0.6282
    [10:10:45] step 2200/5625 | avg train loss 1.9913 top1 0.3744 top5 0.6285
    [10:10:50] step 2225/5625 | avg train loss 1.9907 top1 0.3743 top5 0.6281
    [10:10:56] step 2250/5625 | avg train loss 1.9914 top1 0.3737 top5 0.6273
    [10:11:01] step 2275/5625 | avg train loss 1.9925 top1 0.3733 top5 0.6270
    [10:11:06] step 2300/5625 | avg train loss 1.9905 top1 0.3746 top5 0.6281
    [10:11:11] step 2325/5625 | avg train loss 1.9934 top1 0.3746 top5 0.6285
    [10:11:16] step 2350/5625 | avg train loss 1.9926 top1 0.3754 top5 0.6292
    [10:11:21] step 2375/5625 | avg train loss 1.9902 top1 0.3767 top5 0.6305
    [10:11:26] step 2400/5625 | avg train loss 1.9909 top1 0.3765 top5 0.6298
    [10:11:31] step 2425/5625 | avg train loss 1.9885 top1 0.3775 top5 0.6304
    [10:11:37] step 2450/5625 | avg train loss 1.9881 top1 0.3785 top5 0.6310
    [10:11:42] step 2475/5625 | avg train loss 1.9886 top1 0.3787 top5 0.6318
    [10:11:47] step 2500/5625 | avg train loss 1.9883 top1 0.3784 top5 0.6314
    [10:11:52] step 2525/5625 | avg train loss 1.9875 top1 0.3786 top5 0.6316
    [10:11:57] step 2550/5625 | avg train loss 1.9876 top1 0.3779 top5 0.6312
    [10:12:02] step 2575/5625 | avg train loss 1.9875 top1 0.3783 top5 0.6313
    [10:12:07] step 2600/5625 | avg train loss 1.9856 top1 0.3787 top5 0.6313
    [10:12:13] step 2625/5625 | avg train loss 1.9860 top1 0.3784 top5 0.6314
    [10:12:18] step 2650/5625 | avg train loss 1.9853 top1 0.3788 top5 0.6317
    [10:12:23] step 2675/5625 | avg train loss 1.9843 top1 0.3792 top5 0.6319
    [10:12:28] step 2700/5625 | avg train loss 1.9832 top1 0.3799 top5 0.6324
    [10:12:33] step 2725/5625 | avg train loss 1.9848 top1 0.3794 top5 0.6320
    [10:12:38] step 2750/5625 | avg train loss 1.9851 top1 0.3786 top5 0.6316
    [10:12:43] step 2775/5625 | avg train loss 1.9839 top1 0.3788 top5 0.6315
    [10:12:48] step 2800/5625 | avg train loss 1.9845 top1 0.3788 top5 0.6314
    [10:12:54] step 2825/5625 | avg train loss 1.9836 top1 0.3791 top5 0.6317
    [10:12:59] step 2850/5625 | avg train loss 1.9837 top1 0.3796 top5 0.6322
    [10:13:04] step 2875/5625 | avg train loss 1.9827 top1 0.3793 top5 0.6323
    [10:13:09] step 2900/5625 | avg train loss 1.9825 top1 0.3794 top5 0.6321
    [10:13:14] step 2925/5625 | avg train loss 1.9822 top1 0.3788 top5 0.6320
    [10:13:19] step 2950/5625 | avg train loss 1.9831 top1 0.3782 top5 0.6312
    [10:13:24] step 2975/5625 | avg train loss 1.9827 top1 0.3780 top5 0.6313
    [10:13:29] step 3000/5625 | avg train loss 1.9837 top1 0.3783 top5 0.6315
    [10:13:34] step 3025/5625 | avg train loss 1.9841 top1 0.3779 top5 0.6314
    [10:13:40] step 3050/5625 | avg train loss 1.9838 top1 0.3775 top5 0.6309
    [10:13:45] step 3075/5625 | avg train loss 1.9851 top1 0.3770 top5 0.6307
    [10:13:50] step 3100/5625 | avg train loss 1.9858 top1 0.3771 top5 0.6308
    [10:13:55] step 3125/5625 | avg train loss 1.9870 top1 0.3769 top5 0.6308
    [10:14:00] step 3150/5625 | avg train loss 1.9880 top1 0.3770 top5 0.6311
    [10:14:05] step 3175/5625 | avg train loss 1.9873 top1 0.3768 top5 0.6313
    [10:14:10] step 3200/5625 | avg train loss 1.9882 top1 0.3767 top5 0.6314
    [10:14:15] step 3225/5625 | avg train loss 1.9880 top1 0.3765 top5 0.6319
    [10:14:20] step 3250/5625 | avg train loss 1.9881 top1 0.3766 top5 0.6322
    [10:14:26] step 3275/5625 | avg train loss 1.9886 top1 0.3763 top5 0.6315
    [10:14:31] step 3300/5625 | avg train loss 1.9885 top1 0.3761 top5 0.6311
    [10:14:36] step 3325/5625 | avg train loss 1.9888 top1 0.3760 top5 0.6309
    [10:14:41] step 3350/5625 | avg train loss 1.9895 top1 0.3761 top5 0.6309
    [10:14:46] step 3375/5625 | avg train loss 1.9886 top1 0.3768 top5 0.6310
    [10:14:51] step 3400/5625 | avg train loss 1.9892 top1 0.3767 top5 0.6309
    [10:14:56] step 3425/5625 | avg train loss 1.9885 top1 0.3770 top5 0.6310
    [10:15:01] step 3450/5625 | avg train loss 1.9904 top1 0.3767 top5 0.6309
    [10:15:07] step 3475/5625 | avg train loss 1.9895 top1 0.3766 top5 0.6309
    [10:15:12] step 3500/5625 | avg train loss 1.9890 top1 0.3768 top5 0.6312
    [10:15:17] step 3525/5625 | avg train loss 1.9888 top1 0.3769 top5 0.6311
    [10:15:22] step 3550/5625 | avg train loss 1.9884 top1 0.3774 top5 0.6310
    [10:15:27] step 3575/5625 | avg train loss 1.9880 top1 0.3776 top5 0.6314
    [10:15:32] step 3600/5625 | avg train loss 1.9886 top1 0.3772 top5 0.6313
    [10:15:37] step 3625/5625 | avg train loss 1.9889 top1 0.3772 top5 0.6312
    [10:15:42] step 3650/5625 | avg train loss 1.9901 top1 0.3767 top5 0.6309
    [10:15:47] step 3675/5625 | avg train loss 1.9899 top1 0.3767 top5 0.6309
    [10:15:53] step 3700/5625 | avg train loss 1.9910 top1 0.3767 top5 0.6307
    [10:15:58] step 3725/5625 | avg train loss 1.9896 top1 0.3772 top5 0.6312
    [10:16:03] step 3750/5625 | avg train loss 1.9884 top1 0.3772 top5 0.6313
    [10:16:08] step 3775/5625 | avg train loss 1.9875 top1 0.3773 top5 0.6308
    [10:16:13] step 3800/5625 | avg train loss 1.9879 top1 0.3773 top5 0.6306
    [10:16:18] step 3825/5625 | avg train loss 1.9905 top1 0.3773 top5 0.6303
    [10:16:23] step 3850/5625 | avg train loss 1.9913 top1 0.3767 top5 0.6301
    [10:16:28] step 3875/5625 | avg train loss 1.9904 top1 0.3773 top5 0.6305
    [10:16:34] step 3900/5625 | avg train loss 1.9905 top1 0.3777 top5 0.6309
    [10:16:39] step 3925/5625 | avg train loss 1.9913 top1 0.3777 top5 0.6309
    [10:16:44] step 3950/5625 | avg train loss 1.9915 top1 0.3775 top5 0.6309
    [10:16:49] step 3975/5625 | avg train loss 1.9909 top1 0.3775 top5 0.6310
    [10:16:54] step 4000/5625 | avg train loss 1.9900 top1 0.3779 top5 0.6314
    [10:16:59] step 4025/5625 | avg train loss 1.9897 top1 0.3783 top5 0.6320
    [10:17:04] step 4050/5625 | avg train loss 1.9889 top1 0.3781 top5 0.6316
    [10:17:09] step 4075/5625 | avg train loss 1.9880 top1 0.3782 top5 0.6314
    [10:17:14] step 4100/5625 | avg train loss 1.9887 top1 0.3781 top5 0.6314
    [10:17:20] step 4125/5625 | avg train loss 1.9888 top1 0.3778 top5 0.6310
    [10:17:25] step 4150/5625 | avg train loss 1.9885 top1 0.3777 top5 0.6311
    [10:17:30] step 4175/5625 | avg train loss 1.9886 top1 0.3783 top5 0.6316
    [10:17:35] step 4200/5625 | avg train loss 1.9897 top1 0.3782 top5 0.6315
    [10:17:40] step 4225/5625 | avg train loss 1.9908 top1 0.3782 top5 0.6317
    [10:17:45] step 4250/5625 | avg train loss 1.9906 top1 0.3781 top5 0.6316
    [10:17:50] step 4275/5625 | avg train loss 1.9894 top1 0.3781 top5 0.6317
    [10:17:56] step 4300/5625 | avg train loss 1.9907 top1 0.3778 top5 0.6317
    [10:18:01] step 4325/5625 | avg train loss 1.9903 top1 0.3775 top5 0.6317
    [10:18:06] step 4350/5625 | avg train loss 1.9912 top1 0.3769 top5 0.6314
    [10:18:11] step 4375/5625 | avg train loss 1.9907 top1 0.3770 top5 0.6313
    [10:18:16] step 4400/5625 | avg train loss 1.9905 top1 0.3774 top5 0.6318
    [10:18:21] step 4425/5625 | avg train loss 1.9905 top1 0.3775 top5 0.6319
    [10:18:26] step 4450/5625 | avg train loss 1.9903 top1 0.3770 top5 0.6312
    [10:18:31] step 4475/5625 | avg train loss 1.9890 top1 0.3767 top5 0.6310
    [10:18:36] step 4500/5625 | avg train loss 1.9877 top1 0.3768 top5 0.6311
    [10:18:42] step 4525/5625 | avg train loss 1.9883 top1 0.3770 top5 0.6311
    [10:18:47] step 4550/5625 | avg train loss 1.9884 top1 0.3764 top5 0.6300
    [10:18:52] step 4575/5625 | avg train loss 1.9878 top1 0.3767 top5 0.6299
    [10:18:57] step 4600/5625 | avg train loss 1.9871 top1 0.3769 top5 0.6302
    [10:19:02] step 4625/5625 | avg train loss 1.9864 top1 0.3769 top5 0.6305
    [10:19:07] step 4650/5625 | avg train loss 1.9852 top1 0.3769 top5 0.6302
    [10:19:12] step 4675/5625 | avg train loss 1.9850 top1 0.3770 top5 0.6304
    [10:19:17] step 4700/5625 | avg train loss 1.9851 top1 0.3772 top5 0.6306
    [10:19:22] step 4725/5625 | avg train loss 1.9857 top1 0.3773 top5 0.6307
    [10:19:28] step 4750/5625 | avg train loss 1.9856 top1 0.3772 top5 0.6306
    [10:19:33] step 4775/5625 | avg train loss 1.9865 top1 0.3764 top5 0.6299
    [10:19:38] step 4800/5625 | avg train loss 1.9870 top1 0.3766 top5 0.6301
    [10:19:43] step 4825/5625 | avg train loss 1.9866 top1 0.3763 top5 0.6298
    [10:19:48] step 4850/5625 | avg train loss 1.9854 top1 0.3763 top5 0.6299
    [10:19:53] step 4875/5625 | avg train loss 1.9864 top1 0.3763 top5 0.6302
    [10:19:58] step 4900/5625 | avg train loss 1.9870 top1 0.3765 top5 0.6303
    [10:20:03] step 4925/5625 | avg train loss 1.9876 top1 0.3766 top5 0.6305
    [10:20:08] step 4950/5625 | avg train loss 1.9866 top1 0.3766 top5 0.6305
    [10:20:14] step 4975/5625 | avg train loss 1.9863 top1 0.3765 top5 0.6305
    [10:20:19] step 5000/5625 | avg train loss 1.9869 top1 0.3766 top5 0.6305
    [10:20:24] step 5025/5625 | avg train loss 1.9875 top1 0.3764 top5 0.6302
    [10:20:29] step 5050/5625 | avg train loss 1.9867 top1 0.3767 top5 0.6306
    [10:20:34] step 5075/5625 | avg train loss 1.9878 top1 0.3764 top5 0.6302
    [10:20:39] step 5100/5625 | avg train loss 1.9876 top1 0.3764 top5 0.6303
    [10:20:44] step 5125/5625 | avg train loss 1.9876 top1 0.3767 top5 0.6307
    [10:20:49] step 5150/5625 | avg train loss 1.9868 top1 0.3769 top5 0.6309
    [10:20:55] step 5175/5625 | avg train loss 1.9869 top1 0.3771 top5 0.6312
    [10:21:00] step 5200/5625 | avg train loss 1.9866 top1 0.3772 top5 0.6312
    [10:21:05] step 5225/5625 | avg train loss 1.9863 top1 0.3774 top5 0.6313
    [10:21:10] step 5250/5625 | avg train loss 1.9857 top1 0.3774 top5 0.6311
    [10:21:15] step 5275/5625 | avg train loss 1.9867 top1 0.3769 top5 0.6309
    [10:21:20] step 5300/5625 | avg train loss 1.9872 top1 0.3769 top5 0.6308
    [10:21:25] step 5325/5625 | avg train loss 1.9881 top1 0.3769 top5 0.6309
    [10:21:30] step 5350/5625 | avg train loss 1.9872 top1 0.3773 top5 0.6313
    [10:21:35] step 5375/5625 | avg train loss 1.9871 top1 0.3772 top5 0.6313
    [10:21:41] step 5400/5625 | avg train loss 1.9875 top1 0.3771 top5 0.6311
    [10:21:46] step 5425/5625 | avg train loss 1.9865 top1 0.3772 top5 0.6313
    [10:21:51] step 5450/5625 | avg train loss 1.9871 top1 0.3769 top5 0.6314
    [10:21:56] step 5475/5625 | avg train loss 1.9873 top1 0.3769 top5 0.6313
    [10:22:01] step 5500/5625 | avg train loss 1.9885 top1 0.3767 top5 0.6312
    [10:22:06] step 5525/5625 | avg train loss 1.9884 top1 0.3765 top5 0.6311
    [10:22:11] step 5550/5625 | avg train loss 1.9879 top1 0.3766 top5 0.6313
    [10:22:16] step 5575/5625 | avg train loss 1.9878 top1 0.3767 top5 0.6314
    [10:22:22] step 5600/5625 | avg train loss 1.9881 top1 0.3768 top5 0.6315
    [10:22:26] step 5625/5625 | avg train loss 1.9874 top1 0.3768 top5 0.6314
Epoch 33/50 | train loss 1.9874 top1 0.3768 | val loss 1.8257 top1 0.4944 top5 0.8079 | ema holdout top1 0.4925 top5 0.8156
  Saved new best checkpoint (live): /Data/romain.poggi/smth2smth/checkpoints/track_a/videomaev2+ft/meanpool-mae150-s44.pt (val top1=0.4944)
    [10:24:03] step 25/5625 | avg train loss 1.9542 top1 0.2750 top5 0.4550
    [10:24:08] step 50/5625 | avg train loss 1.9218 top1 0.3050 top5 0.5375
    [10:24:13] step 75/5625 | avg train loss 1.8797 top1 0.3600 top5 0.5950
    [10:24:18] step 100/5625 | avg train loss 1.9475 top1 0.3675 top5 0.6100
    [10:24:23] step 125/5625 | avg train loss 1.9518 top1 0.3570 top5 0.5980
    [10:24:28] step 150/5625 | avg train loss 1.9644 top1 0.3617 top5 0.6092
    [10:24:33] step 175/5625 | avg train loss 1.9697 top1 0.3586 top5 0.6143
    [10:24:38] step 200/5625 | avg train loss 1.9934 top1 0.3544 top5 0.6138
    [10:24:43] step 225/5625 | avg train loss 2.0324 top1 0.3450 top5 0.6006
    [10:24:48] step 250/5625 | avg train loss 2.0365 top1 0.3415 top5 0.6020
    [10:24:54] step 275/5625 | avg train loss 2.0316 top1 0.3482 top5 0.6073
    [10:24:59] step 300/5625 | avg train loss 2.0314 top1 0.3504 top5 0.6096
    [10:25:04] step 325/5625 | avg train loss 2.0178 top1 0.3523 top5 0.6123
    [10:25:09] step 350/5625 | avg train loss 2.0171 top1 0.3604 top5 0.6193
    [10:25:14] step 375/5625 | avg train loss 2.0260 top1 0.3527 top5 0.6113
    [10:25:19] step 400/5625 | avg train loss 2.0235 top1 0.3475 top5 0.6072
    [10:25:24] step 425/5625 | avg train loss 2.0215 top1 0.3479 top5 0.6124
    [10:25:30] step 450/5625 | avg train loss 2.0178 top1 0.3478 top5 0.6125
    [10:25:35] step 475/5625 | avg train loss 2.0122 top1 0.3487 top5 0.6121
    [10:25:40] step 500/5625 | avg train loss 2.0184 top1 0.3485 top5 0.6100
    [10:25:45] step 525/5625 | avg train loss 2.0125 top1 0.3469 top5 0.6081
    [10:25:50] step 550/5625 | avg train loss 2.0130 top1 0.3495 top5 0.6120
    [10:25:55] step 575/5625 | avg train loss 2.0171 top1 0.3533 top5 0.6167
    [10:26:00] step 600/5625 | avg train loss 2.0062 top1 0.3581 top5 0.6175
    [10:26:05] step 625/5625 | avg train loss 2.0033 top1 0.3566 top5 0.6148
    [10:26:10] step 650/5625 | avg train loss 1.9997 top1 0.3583 top5 0.6167
    [10:26:15] step 675/5625 | avg train loss 1.9904 top1 0.3598 top5 0.6183
    [10:26:21] step 700/5625 | avg train loss 1.9872 top1 0.3595 top5 0.6179
    [10:26:26] step 725/5625 | avg train loss 1.9926 top1 0.3603 top5 0.6172
    [10:26:31] step 750/5625 | avg train loss 1.9860 top1 0.3623 top5 0.6190
    [10:26:36] step 775/5625 | avg train loss 1.9811 top1 0.3627 top5 0.6179
    [10:26:41] step 800/5625 | avg train loss 1.9852 top1 0.3638 top5 0.6173
    [10:26:46] step 825/5625 | avg train loss 1.9878 top1 0.3639 top5 0.6177
    [10:26:51] step 850/5625 | avg train loss 1.9820 top1 0.3659 top5 0.6187
    [10:26:56] step 875/5625 | avg train loss 1.9812 top1 0.3690 top5 0.6214
    [10:27:01] step 900/5625 | avg train loss 1.9834 top1 0.3669 top5 0.6181
    [10:27:07] step 925/5625 | avg train loss 1.9811 top1 0.3672 top5 0.6188
    [10:27:12] step 950/5625 | avg train loss 1.9742 top1 0.3686 top5 0.6197
    [10:27:17] step 975/5625 | avg train loss 1.9733 top1 0.3677 top5 0.6208
    [10:27:22] step 1000/5625 | avg train loss 1.9712 top1 0.3678 top5 0.6204
    [10:27:27] step 1025/5625 | avg train loss 1.9753 top1 0.3671 top5 0.6205
    [10:27:32] step 1050/5625 | avg train loss 1.9697 top1 0.3679 top5 0.6221
    [10:27:37] step 1075/5625 | avg train loss 1.9688 top1 0.3698 top5 0.6231
    [10:27:42] step 1100/5625 | avg train loss 1.9701 top1 0.3707 top5 0.6238
    [10:27:48] step 1125/5625 | avg train loss 1.9755 top1 0.3696 top5 0.6226
    [10:27:53] step 1150/5625 | avg train loss 1.9764 top1 0.3680 top5 0.6220
    [10:27:58] step 1175/5625 | avg train loss 1.9803 top1 0.3681 top5 0.6223
    [10:28:03] step 1200/5625 | avg train loss 1.9790 top1 0.3681 top5 0.6227
    [10:28:08] step 1225/5625 | avg train loss 1.9830 top1 0.3668 top5 0.6212
    [10:28:13] step 1250/5625 | avg train loss 1.9844 top1 0.3671 top5 0.6204
    [10:28:18] step 1275/5625 | avg train loss 1.9828 top1 0.3680 top5 0.6225
    [10:28:24] step 1300/5625 | avg train loss 1.9816 top1 0.3695 top5 0.6233
    [10:28:29] step 1325/5625 | avg train loss 1.9833 top1 0.3688 top5 0.6213
    [10:28:34] step 1350/5625 | avg train loss 1.9824 top1 0.3683 top5 0.6212
    [10:28:39] step 1375/5625 | avg train loss 1.9810 top1 0.3681 top5 0.6215
    [10:28:44] step 1400/5625 | avg train loss 1.9846 top1 0.3662 top5 0.6198
    [10:28:49] step 1425/5625 | avg train loss 1.9813 top1 0.3658 top5 0.6194
    [10:28:54] step 1450/5625 | avg train loss 1.9795 top1 0.3660 top5 0.6189
    [10:28:59] step 1475/5625 | avg train loss 1.9784 top1 0.3664 top5 0.6195
    [10:29:04] step 1500/5625 | avg train loss 1.9793 top1 0.3668 top5 0.6198
    [10:29:10] step 1525/5625 | avg train loss 1.9786 top1 0.3671 top5 0.6201
    [10:29:15] step 1550/5625 | avg train loss 1.9783 top1 0.3675 top5 0.6198
    [10:29:20] step 1575/5625 | avg train loss 1.9787 top1 0.3675 top5 0.6196
    [10:29:25] step 1600/5625 | avg train loss 1.9772 top1 0.3674 top5 0.6191
    [10:29:30] step 1625/5625 | avg train loss 1.9771 top1 0.3686 top5 0.6203
    [10:29:35] step 1650/5625 | avg train loss 1.9766 top1 0.3682 top5 0.6198
    [10:29:40] step 1675/5625 | avg train loss 1.9754 top1 0.3689 top5 0.6212
    [10:29:46] step 1700/5625 | avg train loss 1.9735 top1 0.3683 top5 0.6199
    [10:29:51] step 1725/5625 | avg train loss 1.9730 top1 0.3688 top5 0.6207
    [10:29:56] step 1750/5625 | avg train loss 1.9720 top1 0.3679 top5 0.6207
    [10:30:01] step 1775/5625 | avg train loss 1.9718 top1 0.3682 top5 0.6207
    [10:30:06] step 1800/5625 | avg train loss 1.9712 top1 0.3695 top5 0.6215
    [10:30:11] step 1825/5625 | avg train loss 1.9686 top1 0.3708 top5 0.6225
    [10:30:16] step 1850/5625 | avg train loss 1.9699 top1 0.3707 top5 0.6222
    [10:30:21] step 1875/5625 | avg train loss 1.9692 top1 0.3717 top5 0.6235
    [10:30:26] step 1900/5625 | avg train loss 1.9677 top1 0.3730 top5 0.6251
    [10:30:32] step 1925/5625 | avg train loss 1.9672 top1 0.3732 top5 0.6253
    [10:30:37] step 1950/5625 | avg train loss 1.9645 top1 0.3737 top5 0.6258
    [10:30:42] step 1975/5625 | avg train loss 1.9635 top1 0.3740 top5 0.6259
    [10:30:47] step 2000/5625 | avg train loss 1.9600 top1 0.3744 top5 0.6260
    [10:30:52] step 2025/5625 | avg train loss 1.9605 top1 0.3745 top5 0.6259
    [10:30:57] step 2050/5625 | avg train loss 1.9624 top1 0.3741 top5 0.6254
    [10:31:02] step 2075/5625 | avg train loss 1.9615 top1 0.3748 top5 0.6258
    [10:31:08] step 2100/5625 | avg train loss 1.9613 top1 0.3761 top5 0.6274
    [10:31:13] step 2125/5625 | avg train loss 1.9603 top1 0.3771 top5 0.6278
    [10:31:18] step 2150/5625 | avg train loss 1.9607 top1 0.3770 top5 0.6279
    [10:31:23] step 2175/5625 | avg train loss 1.9592 top1 0.3759 top5 0.6265
    [10:31:28] step 2200/5625 | avg train loss 1.9586 top1 0.3761 top5 0.6276
    [10:31:33] step 2225/5625 | avg train loss 1.9606 top1 0.3762 top5 0.6286
    [10:31:38] step 2250/5625 | avg train loss 1.9608 top1 0.3765 top5 0.6292
    [10:31:43] step 2275/5625 | avg train loss 1.9617 top1 0.3760 top5 0.6283
    [10:31:49] step 2300/5625 | avg train loss 1.9604 top1 0.3760 top5 0.6285
    [10:31:54] step 2325/5625 | avg train loss 1.9603 top1 0.3766 top5 0.6289
    [10:31:59] step 2350/5625 | avg train loss 1.9608 top1 0.3762 top5 0.6289
    [10:32:04] step 2375/5625 | avg train loss 1.9613 top1 0.3765 top5 0.6301
    [10:32:09] step 2400/5625 | avg train loss 1.9613 top1 0.3769 top5 0.6313
    [10:32:14] step 2425/5625 | avg train loss 1.9615 top1 0.3771 top5 0.6318
    [10:32:19] step 2450/5625 | avg train loss 1.9607 top1 0.3774 top5 0.6318
    [10:32:24] step 2475/5625 | avg train loss 1.9608 top1 0.3759 top5 0.6304
    [10:32:29] step 2500/5625 | avg train loss 1.9637 top1 0.3749 top5 0.6302
    [10:32:35] step 2525/5625 | avg train loss 1.9626 top1 0.3755 top5 0.6304
    [10:32:40] step 2550/5625 | avg train loss 1.9639 top1 0.3749 top5 0.6301
    [10:32:45] step 2575/5625 | avg train loss 1.9630 top1 0.3747 top5 0.6300
    [10:32:50] step 2600/5625 | avg train loss 1.9632 top1 0.3743 top5 0.6302
    [10:32:55] step 2625/5625 | avg train loss 1.9635 top1 0.3747 top5 0.6306
    [10:33:00] step 2650/5625 | avg train loss 1.9641 top1 0.3740 top5 0.6298
    [10:33:05] step 2675/5625 | avg train loss 1.9641 top1 0.3739 top5 0.6300
    [10:33:10] step 2700/5625 | avg train loss 1.9642 top1 0.3750 top5 0.6308
    [10:33:15] step 2725/5625 | avg train loss 1.9644 top1 0.3753 top5 0.6311
    [10:33:21] step 2750/5625 | avg train loss 1.9632 top1 0.3753 top5 0.6315
    [10:33:26] step 2775/5625 | avg train loss 1.9633 top1 0.3749 top5 0.6310
    [10:33:31] step 2800/5625 | avg train loss 1.9651 top1 0.3744 top5 0.6305
    [10:33:36] step 2825/5625 | avg train loss 1.9651 top1 0.3746 top5 0.6312
    [10:33:41] step 2850/5625 | avg train loss 1.9658 top1 0.3744 top5 0.6306
    [10:33:46] step 2875/5625 | avg train loss 1.9667 top1 0.3744 top5 0.6307
    [10:33:51] step 2900/5625 | avg train loss 1.9677 top1 0.3744 top5 0.6308
    [10:33:57] step 2925/5625 | avg train loss 1.9684 top1 0.3741 top5 0.6308
    [10:34:02] step 2950/5625 | avg train loss 1.9677 top1 0.3744 top5 0.6308
    [10:34:07] step 2975/5625 | avg train loss 1.9668 top1 0.3745 top5 0.6308
    [10:34:12] step 3000/5625 | avg train loss 1.9657 top1 0.3748 top5 0.6310
    [10:34:17] step 3025/5625 | avg train loss 1.9646 top1 0.3758 top5 0.6317
    [10:34:22] step 3050/5625 | avg train loss 1.9643 top1 0.3763 top5 0.6320
    [10:34:27] step 3075/5625 | avg train loss 1.9623 top1 0.3770 top5 0.6324
    [10:34:32] step 3100/5625 | avg train loss 1.9634 top1 0.3768 top5 0.6316
    [10:34:38] step 3125/5625 | avg train loss 1.9640 top1 0.3772 top5 0.6320
    [10:34:43] step 3150/5625 | avg train loss 1.9633 top1 0.3776 top5 0.6324
    [10:34:48] step 3175/5625 | avg train loss 1.9640 top1 0.3778 top5 0.6327
    [10:34:53] step 3200/5625 | avg train loss 1.9615 top1 0.3785 top5 0.6334
    [10:34:58] step 3225/5625 | avg train loss 1.9618 top1 0.3790 top5 0.6339
    [10:35:03] step 3250/5625 | avg train loss 1.9630 top1 0.3787 top5 0.6343
    [10:35:08] step 3275/5625 | avg train loss 1.9643 top1 0.3785 top5 0.6344
    [10:35:13] step 3300/5625 | avg train loss 1.9644 top1 0.3787 top5 0.6343
    [10:35:18] step 3325/5625 | avg train loss 1.9651 top1 0.3784 top5 0.6346
    [10:35:24] step 3350/5625 | avg train loss 1.9661 top1 0.3788 top5 0.6352
    [10:35:29] step 3375/5625 | avg train loss 1.9667 top1 0.3784 top5 0.6350
    [10:35:34] step 3400/5625 | avg train loss 1.9662 top1 0.3786 top5 0.6352
    [10:35:39] step 3425/5625 | avg train loss 1.9642 top1 0.3790 top5 0.6355
    [10:35:44] step 3450/5625 | avg train loss 1.9637 top1 0.3789 top5 0.6355
    [10:35:49] step 3475/5625 | avg train loss 1.9642 top1 0.3793 top5 0.6357
    [10:35:54] step 3500/5625 | avg train loss 1.9636 top1 0.3793 top5 0.6355
    [10:35:59] step 3525/5625 | avg train loss 1.9634 top1 0.3791 top5 0.6357
    [10:36:05] step 3550/5625 | avg train loss 1.9633 top1 0.3794 top5 0.6358
    [10:36:10] step 3575/5625 | avg train loss 1.9629 top1 0.3794 top5 0.6356
    [10:36:15] step 3600/5625 | avg train loss 1.9632 top1 0.3793 top5 0.6356
    [10:36:20] step 3625/5625 | avg train loss 1.9631 top1 0.3794 top5 0.6355
    [10:36:25] step 3650/5625 | avg train loss 1.9636 top1 0.3795 top5 0.6357
    [10:36:30] step 3675/5625 | avg train loss 1.9630 top1 0.3797 top5 0.6352
    [10:36:35] step 3700/5625 | avg train loss 1.9630 top1 0.3797 top5 0.6356
    [10:36:40] step 3725/5625 | avg train loss 1.9627 top1 0.3792 top5 0.6350
    [10:36:45] step 3750/5625 | avg train loss 1.9634 top1 0.3793 top5 0.6353
    [10:36:51] step 3775/5625 | avg train loss 1.9639 top1 0.3786 top5 0.6348
    [10:36:56] step 3800/5625 | avg train loss 1.9651 top1 0.3783 top5 0.6348
    [10:37:01] step 3825/5625 | avg train loss 1.9644 top1 0.3781 top5 0.6342
    [10:37:06] step 3850/5625 | avg train loss 1.9647 top1 0.3781 top5 0.6341
    [10:37:11] step 3875/5625 | avg train loss 1.9650 top1 0.3782 top5 0.6345
    [10:37:16] step 3900/5625 | avg train loss 1.9657 top1 0.3779 top5 0.6346
    [10:37:21] step 3925/5625 | avg train loss 1.9647 top1 0.3786 top5 0.6353
    [10:37:27] step 3950/5625 | avg train loss 1.9640 top1 0.3785 top5 0.6350
    [10:37:32] step 3975/5625 | avg train loss 1.9647 top1 0.3784 top5 0.6354
    [10:37:37] step 4000/5625 | avg train loss 1.9649 top1 0.3779 top5 0.6347
    [10:37:42] step 4025/5625 | avg train loss 1.9659 top1 0.3780 top5 0.6345
    [10:37:47] step 4050/5625 | avg train loss 1.9659 top1 0.3778 top5 0.6341
    [10:37:52] step 4075/5625 | avg train loss 1.9666 top1 0.3778 top5 0.6340
    [10:37:57] step 4100/5625 | avg train loss 1.9662 top1 0.3776 top5 0.6343
    [10:38:02] step 4125/5625 | avg train loss 1.9664 top1 0.3778 top5 0.6343
    [10:38:07] step 4150/5625 | avg train loss 1.9659 top1 0.3778 top5 0.6342
    [10:38:13] step 4175/5625 | avg train loss 1.9652 top1 0.3781 top5 0.6346
    [10:38:18] step 4200/5625 | avg train loss 1.9642 top1 0.3787 top5 0.6348
    [10:38:23] step 4225/5625 | avg train loss 1.9633 top1 0.3787 top5 0.6349
    [10:38:28] step 4250/5625 | avg train loss 1.9634 top1 0.3786 top5 0.6348
    [10:38:33] step 4275/5625 | avg train loss 1.9640 top1 0.3788 top5 0.6350
    [10:38:38] step 4300/5625 | avg train loss 1.9650 top1 0.3786 top5 0.6348
    [10:38:43] step 4325/5625 | avg train loss 1.9654 top1 0.3785 top5 0.6348
    [10:38:48] step 4350/5625 | avg train loss 1.9642 top1 0.3791 top5 0.6351
    [10:38:54] step 4375/5625 | avg train loss 1.9639 top1 0.3794 top5 0.6355
    [10:38:59] step 4400/5625 | avg train loss 1.9656 top1 0.3795 top5 0.6355
    [10:39:04] step 4425/5625 | avg train loss 1.9653 top1 0.3792 top5 0.6349
    [10:39:09] step 4450/5625 | avg train loss 1.9649 top1 0.3795 top5 0.6350
    [10:39:14] step 4475/5625 | avg train loss 1.9654 top1 0.3796 top5 0.6352
    [10:39:19] step 4500/5625 | avg train loss 1.9651 top1 0.3799 top5 0.6353
    [10:39:24] step 4525/5625 | avg train loss 1.9661 top1 0.3799 top5 0.6356
    [10:39:29] step 4550/5625 | avg train loss 1.9659 top1 0.3799 top5 0.6354
    [10:39:34] step 4575/5625 | avg train loss 1.9667 top1 0.3796 top5 0.6352
    [10:39:40] step 4600/5625 | avg train loss 1.9671 top1 0.3796 top5 0.6351
    [10:39:45] step 4625/5625 | avg train loss 1.9671 top1 0.3796 top5 0.6350
    [10:39:50] step 4650/5625 | avg train loss 1.9666 top1 0.3794 top5 0.6347
    [10:39:55] step 4675/5625 | avg train loss 1.9666 top1 0.3795 top5 0.6349
    [10:40:00] step 4700/5625 | avg train loss 1.9662 top1 0.3793 top5 0.6345
    [10:40:05] step 4725/5625 | avg train loss 1.9661 top1 0.3793 top5 0.6345
    [10:40:10] step 4750/5625 | avg train loss 1.9658 top1 0.3792 top5 0.6348
    [10:40:15] step 4775/5625 | avg train loss 1.9660 top1 0.3791 top5 0.6346
    [10:40:21] step 4800/5625 | avg train loss 1.9664 top1 0.3790 top5 0.6345
    [10:40:26] step 4825/5625 | avg train loss 1.9658 top1 0.3787 top5 0.6341
    [10:40:31] step 4850/5625 | avg train loss 1.9657 top1 0.3788 top5 0.6344
    [10:40:36] step 4875/5625 | avg train loss 1.9664 top1 0.3786 top5 0.6343
    [10:40:41] step 4900/5625 | avg train loss 1.9656 top1 0.3786 top5 0.6342
    [10:40:46] step 4925/5625 | avg train loss 1.9661 top1 0.3783 top5 0.6341
    [10:40:51] step 4950/5625 | avg train loss 1.9656 top1 0.3784 top5 0.6341
    [10:40:56] step 4975/5625 | avg train loss 1.9656 top1 0.3784 top5 0.6337
    [10:41:01] step 5000/5625 | avg train loss 1.9655 top1 0.3785 top5 0.6339
    [10:41:06] step 5025/5625 | avg train loss 1.9661 top1 0.3784 top5 0.6340
    [10:41:12] step 5050/5625 | avg train loss 1.9663 top1 0.3787 top5 0.6342
    [10:41:17] step 5075/5625 | avg train loss 1.9660 top1 0.3791 top5 0.6345
    [10:41:22] step 5100/5625 | avg train loss 1.9666 top1 0.3790 top5 0.6344
    [10:41:27] step 5125/5625 | avg train loss 1.9673 top1 0.3790 top5 0.6346
    [10:41:32] step 5150/5625 | avg train loss 1.9670 top1 0.3790 top5 0.6342
    [10:41:37] step 5175/5625 | avg train loss 1.9667 top1 0.3792 top5 0.6343
    [10:41:42] step 5200/5625 | avg train loss 1.9667 top1 0.3792 top5 0.6346
    [10:41:47] step 5225/5625 | avg train loss 1.9671 top1 0.3793 top5 0.6347
    [10:41:53] step 5250/5625 | avg train loss 1.9668 top1 0.3794 top5 0.6350
    [10:41:58] step 5275/5625 | avg train loss 1.9674 top1 0.3794 top5 0.6350
    [10:42:03] step 5300/5625 | avg train loss 1.9671 top1 0.3799 top5 0.6355
    [10:42:08] step 5325/5625 | avg train loss 1.9669 top1 0.3799 top5 0.6353
    [10:42:13] step 5350/5625 | avg train loss 1.9672 top1 0.3793 top5 0.6345
    [10:42:18] step 5375/5625 | avg train loss 1.9671 top1 0.3792 top5 0.6345
    [10:42:23] step 5400/5625 | avg train loss 1.9662 top1 0.3794 top5 0.6345
    [10:42:28] step 5425/5625 | avg train loss 1.9660 top1 0.3793 top5 0.6344
    [10:42:33] step 5450/5625 | avg train loss 1.9661 top1 0.3792 top5 0.6345
    [10:42:38] step 5475/5625 | avg train loss 1.9653 top1 0.3794 top5 0.6345
    [10:42:44] step 5500/5625 | avg train loss 1.9645 top1 0.3795 top5 0.6343
    [10:42:49] step 5525/5625 | avg train loss 1.9657 top1 0.3795 top5 0.6341
    [10:42:54] step 5550/5625 | avg train loss 1.9673 top1 0.3790 top5 0.6335
    [10:42:59] step 5575/5625 | avg train loss 1.9671 top1 0.3793 top5 0.6337
    [10:43:04] step 5600/5625 | avg train loss 1.9677 top1 0.3793 top5 0.6338
    [10:43:09] step 5625/5625 | avg train loss 1.9682 top1 0.3791 top5 0.6334
Epoch 34/50 | train loss 1.9682 top1 0.3791 | val loss 1.7758 top1 0.5053 top5 0.8160 | ema holdout top1 0.4940 top5 0.8169
  Saved new best checkpoint (live): /Data/romain.poggi/smth2smth/checkpoints/track_a/videomaev2+ft/meanpool-mae150-s44.pt (val top1=0.5053)
    [10:44:45] step 25/5625 | avg train loss 1.9238 top1 0.4500 top5 0.6550
    [10:44:50] step 50/5625 | avg train loss 1.9388 top1 0.4150 top5 0.6250
    [10:44:55] step 75/5625 | avg train loss 1.9280 top1 0.3867 top5 0.6117
    [10:45:00] step 100/5625 | avg train loss 1.9347 top1 0.3800 top5 0.6362
    [10:45:05] step 125/5625 | avg train loss 1.8729 top1 0.4140 top5 0.6630
    [10:45:10] step 150/5625 | avg train loss 1.8787 top1 0.4017 top5 0.6450
    [10:45:15] step 175/5625 | avg train loss 1.8687 top1 0.3993 top5 0.6421
    [10:45:20] step 200/5625 | avg train loss 1.8990 top1 0.3906 top5 0.6425
    [10:45:26] step 225/5625 | avg train loss 1.8900 top1 0.4011 top5 0.6500
    [10:45:31] step 250/5625 | avg train loss 1.8928 top1 0.4080 top5 0.6520
    [10:45:36] step 275/5625 | avg train loss 1.8945 top1 0.4086 top5 0.6518
    [10:45:41] step 300/5625 | avg train loss 1.8937 top1 0.4046 top5 0.6517
    [10:45:46] step 325/5625 | avg train loss 1.8894 top1 0.4050 top5 0.6535
    [10:45:51] step 350/5625 | avg train loss 1.9053 top1 0.4029 top5 0.6550
    [10:45:56] step 375/5625 | avg train loss 1.9082 top1 0.4037 top5 0.6547
    [10:46:01] step 400/5625 | avg train loss 1.9191 top1 0.3966 top5 0.6519
    [10:46:06] step 425/5625 | avg train loss 1.9144 top1 0.3935 top5 0.6479
    [10:46:12] step 450/5625 | avg train loss 1.9213 top1 0.3958 top5 0.6489
    [10:46:17] step 475/5625 | avg train loss 1.9283 top1 0.3945 top5 0.6482
    [10:46:22] step 500/5625 | avg train loss 1.9375 top1 0.3940 top5 0.6528
    [10:46:27] step 525/5625 | avg train loss 1.9333 top1 0.3898 top5 0.6495
    [10:46:32] step 550/5625 | avg train loss 1.9388 top1 0.3891 top5 0.6464
    [10:46:37] step 575/5625 | avg train loss 1.9351 top1 0.3911 top5 0.6491
    [10:46:42] step 600/5625 | avg train loss 1.9312 top1 0.3912 top5 0.6475
    [10:46:47] step 625/5625 | avg train loss 1.9373 top1 0.3922 top5 0.6482
    [10:46:52] step 650/5625 | avg train loss 1.9329 top1 0.3912 top5 0.6460
    [10:46:57] step 675/5625 | avg train loss 1.9355 top1 0.3904 top5 0.6433
    [10:47:03] step 700/5625 | avg train loss 1.9334 top1 0.3911 top5 0.6434
    [10:47:08] step 725/5625 | avg train loss 1.9372 top1 0.3897 top5 0.6426
    [10:47:13] step 750/5625 | avg train loss 1.9425 top1 0.3883 top5 0.6418
    [10:47:18] step 775/5625 | avg train loss 1.9503 top1 0.3839 top5 0.6398
    [10:47:23] step 800/5625 | avg train loss 1.9562 top1 0.3831 top5 0.6375
    [10:47:28] step 825/5625 | avg train loss 1.9582 top1 0.3855 top5 0.6403
    [10:47:33] step 850/5625 | avg train loss 1.9622 top1 0.3849 top5 0.6400
    [10:47:38] step 875/5625 | avg train loss 1.9615 top1 0.3853 top5 0.6401
    [10:47:43] step 900/5625 | avg train loss 1.9664 top1 0.3840 top5 0.6390
    [10:47:49] step 925/5625 | avg train loss 1.9639 top1 0.3864 top5 0.6397
    [10:47:54] step 950/5625 | avg train loss 1.9582 top1 0.3867 top5 0.6404
    [10:47:59] step 975/5625 | avg train loss 1.9599 top1 0.3862 top5 0.6396
    [10:48:04] step 1000/5625 | avg train loss 1.9554 top1 0.3872 top5 0.6425
    [10:48:09] step 1025/5625 | avg train loss 1.9561 top1 0.3877 top5 0.6426
    [10:48:14] step 1050/5625 | avg train loss 1.9570 top1 0.3876 top5 0.6423
    [10:48:19] step 1075/5625 | avg train loss 1.9515 top1 0.3888 top5 0.6434
    [10:48:24] step 1100/5625 | avg train loss 1.9535 top1 0.3890 top5 0.6432
    [10:48:29] step 1125/5625 | avg train loss 1.9537 top1 0.3881 top5 0.6427
    [10:48:34] step 1150/5625 | avg train loss 1.9498 top1 0.3888 top5 0.6434
    [10:48:40] step 1175/5625 | avg train loss 1.9508 top1 0.3900 top5 0.6459
    [10:48:45] step 1200/5625 | avg train loss 1.9466 top1 0.3906 top5 0.6469
    [10:48:50] step 1225/5625 | avg train loss 1.9441 top1 0.3918 top5 0.6489
    [10:48:55] step 1250/5625 | avg train loss 1.9457 top1 0.3903 top5 0.6474
    [10:49:00] step 1275/5625 | avg train loss 1.9474 top1 0.3904 top5 0.6477
    [10:49:05] step 1300/5625 | avg train loss 1.9499 top1 0.3903 top5 0.6469
    [10:49:10] step 1325/5625 | avg train loss 1.9484 top1 0.3913 top5 0.6474
    [10:49:15] step 1350/5625 | avg train loss 1.9489 top1 0.3905 top5 0.6467
    [10:49:20] step 1375/5625 | avg train loss 1.9489 top1 0.3922 top5 0.6484
    [10:49:25] step 1400/5625 | avg train loss 1.9515 top1 0.3907 top5 0.6469
    [10:49:31] step 1425/5625 | avg train loss 1.9571 top1 0.3897 top5 0.6468
    [10:49:36] step 1450/5625 | avg train loss 1.9592 top1 0.3890 top5 0.6455
    [10:49:41] step 1475/5625 | avg train loss 1.9578 top1 0.3883 top5 0.6458
    [10:49:46] step 1500/5625 | avg train loss 1.9591 top1 0.3880 top5 0.6458
    [10:49:51] step 1525/5625 | avg train loss 1.9628 top1 0.3869 top5 0.6438
    [10:49:56] step 1550/5625 | avg train loss 1.9603 top1 0.3863 top5 0.6427
    [10:50:01] step 1575/5625 | avg train loss 1.9606 top1 0.3860 top5 0.6425
    [10:50:06] step 1600/5625 | avg train loss 1.9625 top1 0.3850 top5 0.6416
    [10:50:11] step 1625/5625 | avg train loss 1.9629 top1 0.3857 top5 0.6424
    [10:50:17] step 1650/5625 | avg train loss 1.9642 top1 0.3859 top5 0.6430
    [10:50:22] step 1675/5625 | avg train loss 1.9605 top1 0.3868 top5 0.6436
    [10:50:27] step 1700/5625 | avg train loss 1.9586 top1 0.3876 top5 0.6440
    [10:50:32] step 1725/5625 | avg train loss 1.9618 top1 0.3856 top5 0.6421
    [10:50:37] step 1750/5625 | avg train loss 1.9595 top1 0.3854 top5 0.6419
    [10:50:42] step 1775/5625 | avg train loss 1.9624 top1 0.3853 top5 0.6419
    [10:50:47] step 1800/5625 | avg train loss 1.9654 top1 0.3833 top5 0.6409
    [10:50:53] step 1825/5625 | avg train loss 1.9630 top1 0.3849 top5 0.6425
    [10:50:58] step 1850/5625 | avg train loss 1.9619 top1 0.3851 top5 0.6442
    [10:51:03] step 1875/5625 | avg train loss 1.9604 top1 0.3854 top5 0.6439
    [10:51:08] step 1900/5625 | avg train loss 1.9605 top1 0.3857 top5 0.6442
    [10:51:13] step 1925/5625 | avg train loss 1.9603 top1 0.3860 top5 0.6447
    [10:51:18] step 1950/5625 | avg train loss 1.9597 top1 0.3859 top5 0.6444
    [10:51:23] step 1975/5625 | avg train loss 1.9587 top1 0.3868 top5 0.6447
    [10:51:28] step 2000/5625 | avg train loss 1.9578 top1 0.3873 top5 0.6448
    [10:51:33] step 2025/5625 | avg train loss 1.9556 top1 0.3872 top5 0.6447
    [10:51:39] step 2050/5625 | avg train loss 1.9515 top1 0.3881 top5 0.6453
    [10:51:44] step 2075/5625 | avg train loss 1.9506 top1 0.3884 top5 0.6455
    [10:51:49] step 2100/5625 | avg train loss 1.9457 top1 0.3893 top5 0.6458
    [10:51:54] step 2125/5625 | avg train loss 1.9471 top1 0.3892 top5 0.6459
    [10:51:59] step 2150/5625 | avg train loss 1.9479 top1 0.3878 top5 0.6438
    [10:52:04] step 2175/5625 | avg train loss 1.9494 top1 0.3881 top5 0.6444
    [10:52:09] step 2200/5625 | avg train loss 1.9498 top1 0.3877 top5 0.6440
    [10:52:14] step 2225/5625 | avg train loss 1.9488 top1 0.3878 top5 0.6440
    [10:52:20] step 2250/5625 | avg train loss 1.9499 top1 0.3872 top5 0.6438
    [10:52:25] step 2275/5625 | avg train loss 1.9489 top1 0.3870 top5 0.6434
    [10:52:30] step 2300/5625 | avg train loss 1.9480 top1 0.3871 top5 0.6434
    [10:52:35] step 2325/5625 | avg train loss 1.9489 top1 0.3870 top5 0.6428
    [10:52:40] step 2350/5625 | avg train loss 1.9488 top1 0.3874 top5 0.6427
    [10:52:45] step 2375/5625 | avg train loss 1.9501 top1 0.3874 top5 0.6422
    [10:52:50] step 2400/5625 | avg train loss 1.9503 top1 0.3868 top5 0.6418
    [10:52:55] step 2425/5625 | avg train loss 1.9515 top1 0.3868 top5 0.6420
    [10:53:01] step 2450/5625 | avg train loss 1.9519 top1 0.3874 top5 0.6426
    [10:53:06] step 2475/5625 | avg train loss 1.9524 top1 0.3870 top5 0.6422
    [10:53:11] step 2500/5625 | avg train loss 1.9513 top1 0.3878 top5 0.6428
    [10:53:16] step 2525/5625 | avg train loss 1.9530 top1 0.3878 top5 0.6428
    [10:53:21] step 2550/5625 | avg train loss 1.9539 top1 0.3880 top5 0.6430
    [10:53:26] step 2575/5625 | avg train loss 1.9527 top1 0.3877 top5 0.6426
    [10:53:31] step 2600/5625 | avg train loss 1.9543 top1 0.3876 top5 0.6426
    [10:53:37] step 2625/5625 | avg train loss 1.9560 top1 0.3875 top5 0.6428
    [10:53:42] step 2650/5625 | avg train loss 1.9556 top1 0.3881 top5 0.6435
    [10:53:47] step 2675/5625 | avg train loss 1.9561 top1 0.3878 top5 0.6429
    [10:53:52] step 2700/5625 | avg train loss 1.9559 top1 0.3873 top5 0.6425
    [10:53:57] step 2725/5625 | avg train loss 1.9564 top1 0.3875 top5 0.6427
    [10:54:02] step 2750/5625 | avg train loss 1.9567 top1 0.3876 top5 0.6425
    [10:54:07] step 2775/5625 | avg train loss 1.9569 top1 0.3881 top5 0.6426
    [10:54:12] step 2800/5625 | avg train loss 1.9575 top1 0.3885 top5 0.6430
    [10:54:17] step 2825/5625 | avg train loss 1.9581 top1 0.3881 top5 0.6425
    [10:54:23] step 2850/5625 | avg train loss 1.9572 top1 0.3882 top5 0.6425
    [10:54:28] step 2875/5625 | avg train loss 1.9584 top1 0.3872 top5 0.6417
    [10:54:33] step 2900/5625 | avg train loss 1.9575 top1 0.3868 top5 0.6412
    [10:54:38] step 2925/5625 | avg train loss 1.9581 top1 0.3868 top5 0.6415
    [10:54:43] step 2950/5625 | avg train loss 1.9588 top1 0.3869 top5 0.6415
    [10:54:48] step 2975/5625 | avg train loss 1.9590 top1 0.3863 top5 0.6411
    [10:54:53] step 3000/5625 | avg train loss 1.9588 top1 0.3864 top5 0.6414
    [10:54:58] step 3025/5625 | avg train loss 1.9562 top1 0.3870 top5 0.6420
    [10:55:04] step 3050/5625 | avg train loss 1.9560 top1 0.3868 top5 0.6423
    [10:55:09] step 3075/5625 | avg train loss 1.9563 top1 0.3862 top5 0.6417
    [10:55:14] step 3100/5625 | avg train loss 1.9564 top1 0.3857 top5 0.6410
    [10:55:19] step 3125/5625 | avg train loss 1.9574 top1 0.3854 top5 0.6411
    [10:55:24] step 3150/5625 | avg train loss 1.9576 top1 0.3847 top5 0.6404
    [10:55:29] step 3175/5625 | avg train loss 1.9570 top1 0.3848 top5 0.6401
    [10:55:34] step 3200/5625 | avg train loss 1.9575 top1 0.3843 top5 0.6394
    [10:55:39] step 3225/5625 | avg train loss 1.9594 top1 0.3840 top5 0.6398
    [10:55:44] step 3250/5625 | avg train loss 1.9597 top1 0.3833 top5 0.6397
    [10:55:50] step 3275/5625 | avg train loss 1.9597 top1 0.3837 top5 0.6397
    [10:55:55] step 3300/5625 | avg train loss 1.9602 top1 0.3835 top5 0.6398
    [10:56:00] step 3325/5625 | avg train loss 1.9601 top1 0.3832 top5 0.6392
    [10:56:05] step 3350/5625 | avg train loss 1.9617 top1 0.3831 top5 0.6392
    [10:56:10] step 3375/5625 | avg train loss 1.9618 top1 0.3832 top5 0.6390
    [10:56:15] step 3400/5625 | avg train loss 1.9624 top1 0.3826 top5 0.6385
    [10:56:20] step 3425/5625 | avg train loss 1.9624 top1 0.3826 top5 0.6380
    [10:56:25] step 3450/5625 | avg train loss 1.9643 top1 0.3826 top5 0.6378
    [10:56:31] step 3475/5625 | avg train loss 1.9638 top1 0.3823 top5 0.6374
    [10:56:36] step 3500/5625 | avg train loss 1.9641 top1 0.3821 top5 0.6370
    [10:56:41] step 3525/5625 | avg train loss 1.9636 top1 0.3828 top5 0.6377
    [10:56:46] step 3550/5625 | avg train loss 1.9636 top1 0.3831 top5 0.6381
    [10:56:51] step 3575/5625 | avg train loss 1.9629 top1 0.3831 top5 0.6378
    [10:56:56] step 3600/5625 | avg train loss 1.9627 top1 0.3835 top5 0.6383
    [10:57:01] step 3625/5625 | avg train loss 1.9627 top1 0.3834 top5 0.6379
    [10:57:06] step 3650/5625 | avg train loss 1.9625 top1 0.3838 top5 0.6380
    [10:57:11] step 3675/5625 | avg train loss 1.9628 top1 0.3834 top5 0.6378
    [10:57:16] step 3700/5625 | avg train loss 1.9625 top1 0.3832 top5 0.6377
    [10:57:21] step 3725/5625 | avg train loss 1.9622 top1 0.3831 top5 0.6379
    [10:57:27] step 3750/5625 | avg train loss 1.9627 top1 0.3831 top5 0.6383
    [10:57:32] step 3775/5625 | avg train loss 1.9610 top1 0.3835 top5 0.6384
    [10:57:37] step 3800/5625 | avg train loss 1.9610 top1 0.3833 top5 0.6382
    [10:57:42] step 3825/5625 | avg train loss 1.9616 top1 0.3837 top5 0.6382
    [10:57:47] step 3850/5625 | avg train loss 1.9607 top1 0.3840 top5 0.6385
    [10:57:52] step 3875/5625 | avg train loss 1.9606 top1 0.3844 top5 0.6388
    [10:57:57] step 3900/5625 | avg train loss 1.9601 top1 0.3846 top5 0.6388
    [10:58:02] step 3925/5625 | avg train loss 1.9584 top1 0.3850 top5 0.6392
    [10:58:08] step 3950/5625 | avg train loss 1.9589 top1 0.3847 top5 0.6390
    [10:58:13] step 3975/5625 | avg train loss 1.9594 top1 0.3847 top5 0.6392
    [10:58:18] step 4000/5625 | avg train loss 1.9599 top1 0.3841 top5 0.6384
    [10:58:23] step 4025/5625 | avg train loss 1.9592 top1 0.3841 top5 0.6382
    [10:58:28] step 4050/5625 | avg train loss 1.9582 top1 0.3837 top5 0.6380
    [10:58:33] step 4075/5625 | avg train loss 1.9577 top1 0.3840 top5 0.6383
    [10:58:38] step 4100/5625 | avg train loss 1.9579 top1 0.3841 top5 0.6384
    [10:58:43] step 4125/5625 | avg train loss 1.9588 top1 0.3841 top5 0.6385
    [10:58:48] step 4150/5625 | avg train loss 1.9576 top1 0.3842 top5 0.6389
    [10:58:54] step 4175/5625 | avg train loss 1.9569 top1 0.3837 top5 0.6386
    [10:58:59] step 4200/5625 | avg train loss 1.9571 top1 0.3837 top5 0.6387
    [10:59:04] step 4225/5625 | avg train loss 1.9569 top1 0.3836 top5 0.6387
    [10:59:09] step 4250/5625 | avg train loss 1.9568 top1 0.3841 top5 0.6393
    [10:59:14] step 4275/5625 | avg train loss 1.9567 top1 0.3842 top5 0.6395
    [10:59:19] step 4300/5625 | avg train loss 1.9566 top1 0.3842 top5 0.6393
    [10:59:24] step 4325/5625 | avg train loss 1.9565 top1 0.3844 top5 0.6395
    [10:59:30] step 4350/5625 | avg train loss 1.9562 top1 0.3841 top5 0.6390
    [10:59:35] step 4375/5625 | avg train loss 1.9554 top1 0.3840 top5 0.6390
    [10:59:40] step 4400/5625 | avg train loss 1.9554 top1 0.3840 top5 0.6389
    [10:59:45] step 4425/5625 | avg train loss 1.9556 top1 0.3843 top5 0.6393
    [10:59:50] step 4450/5625 | avg train loss 1.9557 top1 0.3846 top5 0.6397
    [10:59:55] step 4475/5625 | avg train loss 1.9543 top1 0.3846 top5 0.6396
    [11:00:00] step 4500/5625 | avg train loss 1.9546 top1 0.3845 top5 0.6394
    [11:00:05] step 4525/5625 | avg train loss 1.9552 top1 0.3848 top5 0.6397
    [11:00:10] step 4550/5625 | avg train loss 1.9553 top1 0.3848 top5 0.6399
    [11:00:16] step 4575/5625 | avg train loss 1.9554 top1 0.3848 top5 0.6401
    [11:00:21] step 4600/5625 | avg train loss 1.9555 top1 0.3844 top5 0.6398
    [11:00:26] step 4625/5625 | avg train loss 1.9558 top1 0.3844 top5 0.6398
    [11:00:31] step 4650/5625 | avg train loss 1.9555 top1 0.3845 top5 0.6401
    [11:00:36] step 4675/5625 | avg train loss 1.9558 top1 0.3845 top5 0.6402
    [11:00:41] step 4700/5625 | avg train loss 1.9566 top1 0.3847 top5 0.6405
    [11:00:46] step 4725/5625 | avg train loss 1.9562 top1 0.3848 top5 0.6403
    [11:00:51] step 4750/5625 | avg train loss 1.9569 top1 0.3848 top5 0.6404
    [11:00:56] step 4775/5625 | avg train loss 1.9578 top1 0.3844 top5 0.6398
    [11:01:01] step 4800/5625 | avg train loss 1.9573 top1 0.3845 top5 0.6399
    [11:01:06] step 4825/5625 | avg train loss 1.9571 top1 0.3847 top5 0.6401
    [11:01:12] step 4850/5625 | avg train loss 1.9571 top1 0.3850 top5 0.6404
    [11:01:17] step 4875/5625 | avg train loss 1.9577 top1 0.3848 top5 0.6404
    [11:01:22] step 4900/5625 | avg train loss 1.9576 top1 0.3848 top5 0.6406
    [11:01:27] step 4925/5625 | avg train loss 1.9566 top1 0.3854 top5 0.6409
    [11:01:32] step 4950/5625 | avg train loss 1.9552 top1 0.3857 top5 0.6410
    [11:01:37] step 4975/5625 | avg train loss 1.9554 top1 0.3856 top5 0.6410
    [11:01:42] step 5000/5625 | avg train loss 1.9560 top1 0.3856 top5 0.6413
    [11:01:47] step 5025/5625 | avg train loss 1.9565 top1 0.3849 top5 0.6406
    [11:01:52] step 5050/5625 | avg train loss 1.9566 top1 0.3851 top5 0.6410
    [11:01:57] step 5075/5625 | avg train loss 1.9564 top1 0.3850 top5 0.6409
    [11:02:03] step 5100/5625 | avg train loss 1.9567 top1 0.3846 top5 0.6406
    [11:02:08] step 5125/5625 | avg train loss 1.9573 top1 0.3846 top5 0.6410
    [11:02:13] step 5150/5625 | avg train loss 1.9572 top1 0.3845 top5 0.6410
    [11:02:18] step 5175/5625 | avg train loss 1.9579 top1 0.3842 top5 0.6407
    [11:02:23] step 5200/5625 | avg train loss 1.9573 top1 0.3841 top5 0.6408
    [11:02:28] step 5225/5625 | avg train loss 1.9576 top1 0.3837 top5 0.6405
    [11:02:33] step 5250/5625 | avg train loss 1.9577 top1 0.3840 top5 0.6407
    [11:02:38] step 5275/5625 | avg train loss 1.9572 top1 0.3841 top5 0.6408
    [11:02:43] step 5300/5625 | avg train loss 1.9574 top1 0.3840 top5 0.6407
    [11:02:49] step 5325/5625 | avg train loss 1.9579 top1 0.3838 top5 0.6403
    [11:02:54] step 5350/5625 | avg train loss 1.9592 top1 0.3837 top5 0.6403
    [11:02:59] step 5375/5625 | avg train loss 1.9599 top1 0.3837 top5 0.6401
    [11:03:04] step 5400/5625 | avg train loss 1.9596 top1 0.3835 top5 0.6400
    [11:03:09] step 5425/5625 | avg train loss 1.9599 top1 0.3836 top5 0.6402
    [11:03:14] step 5450/5625 | avg train loss 1.9590 top1 0.3835 top5 0.6398
    [11:03:19] step 5475/5625 | avg train loss 1.9582 top1 0.3836 top5 0.6399
    [11:03:24] step 5500/5625 | avg train loss 1.9585 top1 0.3836 top5 0.6400
    [11:03:29] step 5525/5625 | avg train loss 1.9593 top1 0.3834 top5 0.6399
    [11:03:34] step 5550/5625 | avg train loss 1.9599 top1 0.3831 top5 0.6396
    [11:03:40] step 5575/5625 | avg train loss 1.9590 top1 0.3834 top5 0.6398
    [11:03:45] step 5600/5625 | avg train loss 1.9589 top1 0.3832 top5 0.6396
    [11:03:50] step 5625/5625 | avg train loss 1.9589 top1 0.3830 top5 0.6396
Epoch 35/50 | train loss 1.9589 top1 0.3830 | val loss 1.7792 top1 0.5027 top5 0.8123 | ema holdout top1 0.4970 top5 0.8193
  No val top1 improvement (1/15); best remains 0.5053
    [11:05:25] step 25/5625 | avg train loss 1.9382 top1 0.3550 top5 0.5450
    [11:05:30] step 50/5625 | avg train loss 1.8745 top1 0.3400 top5 0.5700
    [11:05:35] step 75/5625 | avg train loss 1.8933 top1 0.3783 top5 0.6217
    [11:05:40] step 100/5625 | avg train loss 1.9286 top1 0.3725 top5 0.6150
    [11:05:46] step 125/5625 | avg train loss 1.9350 top1 0.3830 top5 0.6280
    [11:05:51] step 150/5625 | avg train loss 1.9238 top1 0.3900 top5 0.6300
    [11:05:56] step 175/5625 | avg train loss 1.9278 top1 0.3943 top5 0.6350
    [11:06:01] step 200/5625 | avg train loss 1.9570 top1 0.3937 top5 0.6381
    [11:06:06] step 225/5625 | avg train loss 1.9471 top1 0.3900 top5 0.6333
    [11:06:11] step 250/5625 | avg train loss 1.9363 top1 0.3935 top5 0.6415
    [11:06:16] step 275/5625 | avg train loss 1.9373 top1 0.3873 top5 0.6355
    [11:06:21] step 300/5625 | avg train loss 1.9253 top1 0.3975 top5 0.6408
    [11:06:26] step 325/5625 | avg train loss 1.9244 top1 0.3912 top5 0.6381
    [11:06:31] step 350/5625 | avg train loss 1.9180 top1 0.3950 top5 0.6446
    [11:06:37] step 375/5625 | avg train loss 1.9170 top1 0.3967 top5 0.6443
    [11:06:42] step 400/5625 | avg train loss 1.9237 top1 0.3928 top5 0.6391
    [11:06:47] step 425/5625 | avg train loss 1.9178 top1 0.3926 top5 0.6397
    [11:06:52] step 450/5625 | avg train loss 1.9218 top1 0.3936 top5 0.6406
    [11:06:57] step 475/5625 | avg train loss 1.9266 top1 0.3911 top5 0.6371
    [11:07:02] step 500/5625 | avg train loss 1.9260 top1 0.3932 top5 0.6375
    [11:07:07] step 525/5625 | avg train loss 1.9273 top1 0.3955 top5 0.6410
    [11:07:12] step 550/5625 | avg train loss 1.9240 top1 0.3968 top5 0.6416
    [11:07:17] step 575/5625 | avg train loss 1.9141 top1 0.3959 top5 0.6422
    [11:07:22] step 600/5625 | avg train loss 1.9196 top1 0.3944 top5 0.6400
    [11:07:28] step 625/5625 | avg train loss 1.9180 top1 0.3912 top5 0.6376
    [11:07:33] step 650/5625 | avg train loss 1.9120 top1 0.3931 top5 0.6387
    [11:07:38] step 675/5625 | avg train loss 1.9128 top1 0.3906 top5 0.6394
    [11:07:43] step 700/5625 | avg train loss 1.9118 top1 0.3900 top5 0.6400
    [11:07:48] step 725/5625 | avg train loss 1.9213 top1 0.3888 top5 0.6403
    [11:07:53] step 750/5625 | avg train loss 1.9220 top1 0.3912 top5 0.6417
    [11:07:58] step 775/5625 | avg train loss 1.9193 top1 0.3926 top5 0.6423
    [11:08:03] step 800/5625 | avg train loss 1.9209 top1 0.3894 top5 0.6405
    [11:08:08] step 825/5625 | avg train loss 1.9272 top1 0.3874 top5 0.6400
    [11:08:13] step 850/5625 | avg train loss 1.9260 top1 0.3872 top5 0.6399
    [11:08:19] step 875/5625 | avg train loss 1.9262 top1 0.3840 top5 0.6377
    [11:08:24] step 900/5625 | avg train loss 1.9241 top1 0.3844 top5 0.6367
    [11:08:29] step 925/5625 | avg train loss 1.9183 top1 0.3859 top5 0.6384
    [11:08:34] step 950/5625 | avg train loss 1.9180 top1 0.3871 top5 0.6387
    [11:08:39] step 975/5625 | avg train loss 1.9181 top1 0.3873 top5 0.6391
    [11:08:44] step 1000/5625 | avg train loss 1.9187 top1 0.3870 top5 0.6395
    [11:08:49] step 1025/5625 | avg train loss 1.9185 top1 0.3885 top5 0.6412
    [11:08:54] step 1050/5625 | avg train loss 1.9203 top1 0.3898 top5 0.6417
    [11:08:59] step 1075/5625 | avg train loss 1.9223 top1 0.3885 top5 0.6409
    [11:09:05] step 1100/5625 | avg train loss 1.9207 top1 0.3889 top5 0.6408
    [11:09:10] step 1125/5625 | avg train loss 1.9208 top1 0.3909 top5 0.6429
    [11:09:15] step 1150/5625 | avg train loss 1.9263 top1 0.3898 top5 0.6416
    [11:09:20] step 1175/5625 | avg train loss 1.9328 top1 0.3899 top5 0.6407
    [11:09:25] step 1200/5625 | avg train loss 1.9282 top1 0.3887 top5 0.6390
    [11:09:30] step 1225/5625 | avg train loss 1.9280 top1 0.3891 top5 0.6399
    [11:09:35] step 1250/5625 | avg train loss 1.9276 top1 0.3895 top5 0.6406
    [11:09:40] step 1275/5625 | avg train loss 1.9263 top1 0.3900 top5 0.6409
    [11:09:45] step 1300/5625 | avg train loss 1.9209 top1 0.3900 top5 0.6405
    [11:09:50] step 1325/5625 | avg train loss 1.9190 top1 0.3902 top5 0.6408
    [11:09:56] step 1350/5625 | avg train loss 1.9201 top1 0.3895 top5 0.6399
    [11:10:01] step 1375/5625 | avg train loss 1.9243 top1 0.3879 top5 0.6376
    [11:10:06] step 1400/5625 | avg train loss 1.9238 top1 0.3890 top5 0.6396
    [11:10:11] step 1425/5625 | avg train loss 1.9244 top1 0.3889 top5 0.6389
    [11:10:16] step 1450/5625 | avg train loss 1.9271 top1 0.3891 top5 0.6391
    [11:10:21] step 1475/5625 | avg train loss 1.9257 top1 0.3895 top5 0.6394
    [11:10:26] step 1500/5625 | avg train loss 1.9234 top1 0.3897 top5 0.6400
    [11:10:31] step 1525/5625 | avg train loss 1.9234 top1 0.3886 top5 0.6396
    [11:10:37] step 1550/5625 | avg train loss 1.9251 top1 0.3898 top5 0.6408
    [11:10:42] step 1575/5625 | avg train loss 1.9249 top1 0.3896 top5 0.6402
    [11:10:47] step 1600/5625 | avg train loss 1.9239 top1 0.3889 top5 0.6394
    [11:10:52] step 1625/5625 | avg train loss 1.9230 top1 0.3891 top5 0.6409
    [11:10:57] step 1650/5625 | avg train loss 1.9241 top1 0.3902 top5 0.6426
    [11:11:02] step 1675/5625 | avg train loss 1.9241 top1 0.3901 top5 0.6425
    [11:11:07] step 1700/5625 | avg train loss 1.9232 top1 0.3893 top5 0.6412
    [11:11:12] step 1725/5625 | avg train loss 1.9225 top1 0.3879 top5 0.6402
    [11:11:18] step 1750/5625 | avg train loss 1.9207 top1 0.3882 top5 0.6399
    [11:11:23] step 1775/5625 | avg train loss 1.9215 top1 0.3883 top5 0.6400
    [11:11:28] step 1800/5625 | avg train loss 1.9229 top1 0.3866 top5 0.6378
    [11:11:33] step 1825/5625 | avg train loss 1.9234 top1 0.3859 top5 0.6379
    [11:11:38] step 1850/5625 | avg train loss 1.9239 top1 0.3856 top5 0.6384
    [11:11:43] step 1875/5625 | avg train loss 1.9215 top1 0.3863 top5 0.6392
    [11:11:48] step 1900/5625 | avg train loss 1.9268 top1 0.3851 top5 0.6388
    [11:11:54] step 1925/5625 | avg train loss 1.9290 top1 0.3844 top5 0.6378
    [11:11:59] step 1950/5625 | avg train loss 1.9302 top1 0.3845 top5 0.6384
    [11:12:04] step 1975/5625 | avg train loss 1.9291 top1 0.3839 top5 0.6382
    [11:12:09] step 2000/5625 | avg train loss 1.9269 top1 0.3851 top5 0.6396
    [11:12:14] step 2025/5625 | avg train loss 1.9238 top1 0.3852 top5 0.6392
    [11:12:19] step 2050/5625 | avg train loss 1.9264 top1 0.3858 top5 0.6400
    [11:12:24] step 2075/5625 | avg train loss 1.9273 top1 0.3855 top5 0.6398
    [11:12:29] step 2100/5625 | avg train loss 1.9266 top1 0.3862 top5 0.6402
    [11:12:34] step 2125/5625 | avg train loss 1.9237 top1 0.3867 top5 0.6401
    [11:12:39] step 2150/5625 | avg train loss 1.9237 top1 0.3871 top5 0.6406
    [11:12:45] step 2175/5625 | avg train loss 1.9256 top1 0.3866 top5 0.6398
    [11:12:50] step 2200/5625 | avg train loss 1.9232 top1 0.3873 top5 0.6402
    [11:12:55] step 2225/5625 | avg train loss 1.9240 top1 0.3869 top5 0.6397
    [11:13:00] step 2250/5625 | avg train loss 1.9251 top1 0.3873 top5 0.6399
    [11:13:05] step 2275/5625 | avg train loss 1.9251 top1 0.3880 top5 0.6414
    [11:13:10] step 2300/5625 | avg train loss 1.9237 top1 0.3871 top5 0.6408
    [11:13:15] step 2325/5625 | avg train loss 1.9262 top1 0.3867 top5 0.6409
    [11:13:20] step 2350/5625 | avg train loss 1.9278 top1 0.3869 top5 0.6409
    [11:13:25] step 2375/5625 | avg train loss 1.9289 top1 0.3871 top5 0.6407
    [11:13:31] step 2400/5625 | avg train loss 1.9294 top1 0.3872 top5 0.6412
    [11:13:36] step 2425/5625 | avg train loss 1.9280 top1 0.3869 top5 0.6409
    [11:13:41] step 2450/5625 | avg train loss 1.9288 top1 0.3872 top5 0.6415
    [11:13:46] step 2475/5625 | avg train loss 1.9293 top1 0.3874 top5 0.6420
    [11:13:51] step 2500/5625 | avg train loss 1.9292 top1 0.3878 top5 0.6422
    [11:13:56] step 2525/5625 | avg train loss 1.9302 top1 0.3874 top5 0.6417
    [11:14:01] step 2550/5625 | avg train loss 1.9275 top1 0.3885 top5 0.6425
    [11:14:06] step 2575/5625 | avg train loss 1.9261 top1 0.3883 top5 0.6419
    [11:14:12] step 2600/5625 | avg train loss 1.9268 top1 0.3882 top5 0.6419
    [11:14:17] step 2625/5625 | avg train loss 1.9281 top1 0.3880 top5 0.6418
    [11:14:22] step 2650/5625 | avg train loss 1.9290 top1 0.3875 top5 0.6417
    [11:14:27] step 2675/5625 | avg train loss 1.9287 top1 0.3874 top5 0.6419
    [11:14:32] step 2700/5625 | avg train loss 1.9273 top1 0.3871 top5 0.6415
    [11:14:37] step 2725/5625 | avg train loss 1.9290 top1 0.3864 top5 0.6412
    [11:14:42] step 2750/5625 | avg train loss 1.9276 top1 0.3869 top5 0.6413
    [11:14:48] step 2775/5625 | avg train loss 1.9264 top1 0.3868 top5 0.6414
    [11:14:53] step 2800/5625 | avg train loss 1.9279 top1 0.3871 top5 0.6414
    [11:14:58] step 2825/5625 | avg train loss 1.9277 top1 0.3869 top5 0.6416
    [11:15:03] step 2850/5625 | avg train loss 1.9277 top1 0.3874 top5 0.6419
    [11:15:08] step 2875/5625 | avg train loss 1.9258 top1 0.3881 top5 0.6424
    [11:15:13] step 2900/5625 | avg train loss 1.9260 top1 0.3880 top5 0.6426
    [11:15:18] step 2925/5625 | avg train loss 1.9270 top1 0.3880 top5 0.6428
    [11:15:23] step 2950/5625 | avg train loss 1.9273 top1 0.3882 top5 0.6430
    [11:15:29] step 2975/5625 | avg train loss 1.9281 top1 0.3882 top5 0.6429
    [11:15:34] step 3000/5625 | avg train loss 1.9289 top1 0.3882 top5 0.6431
    [11:15:39] step 3025/5625 | avg train loss 1.9283 top1 0.3879 top5 0.6424
    [11:15:44] step 3050/5625 | avg train loss 1.9293 top1 0.3875 top5 0.6420
    [11:15:49] step 3075/5625 | avg train loss 1.9279 top1 0.3874 top5 0.6420
    [11:15:54] step 3100/5625 | avg train loss 1.9282 top1 0.3869 top5 0.6415
    [11:15:59] step 3125/5625 | avg train loss 1.9265 top1 0.3866 top5 0.6412
    [11:16:04] step 3150/5625 | avg train loss 1.9256 top1 0.3875 top5 0.6419
    [11:16:10] step 3175/5625 | avg train loss 1.9262 top1 0.3873 top5 0.6417
    [11:16:15] step 3200/5625 | avg train loss 1.9254 top1 0.3870 top5 0.6413
    [11:16:20] step 3225/5625 | avg train loss 1.9265 top1 0.3874 top5 0.6416
    [11:16:25] step 3250/5625 | avg train loss 1.9273 top1 0.3873 top5 0.6414
    [11:16:30] step 3275/5625 | avg train loss 1.9285 top1 0.3874 top5 0.6417
    [11:16:35] step 3300/5625 | avg train loss 1.9301 top1 0.3868 top5 0.6407
    [11:16:40] step 3325/5625 | avg train loss 1.9288 top1 0.3867 top5 0.6405
    [11:16:45] step 3350/5625 | avg train loss 1.9291 top1 0.3866 top5 0.6401
    [11:16:50] step 3375/5625 | avg train loss 1.9281 top1 0.3869 top5 0.6404
    [11:16:56] step 3400/5625 | avg train loss 1.9275 top1 0.3867 top5 0.6406
    [11:17:01] step 3425/5625 | avg train loss 1.9270 top1 0.3873 top5 0.6412
    [11:17:06] step 3450/5625 | avg train loss 1.9258 top1 0.3875 top5 0.6412
    [11:17:11] step 3475/5625 | avg train loss 1.9268 top1 0.3874 top5 0.6412
    [11:17:16] step 3500/5625 | avg train loss 1.9267 top1 0.3875 top5 0.6414
    [11:17:21] step 3525/5625 | avg train loss 1.9275 top1 0.3877 top5 0.6419
    [11:17:26] step 3550/5625 | avg train loss 1.9275 top1 0.3877 top5 0.6421
    [11:17:31] step 3575/5625 | avg train loss 1.9274 top1 0.3878 top5 0.6421
    [11:17:37] step 3600/5625 | avg train loss 1.9264 top1 0.3877 top5 0.6422
    [11:17:42] step 3625/5625 | avg train loss 1.9267 top1 0.3877 top5 0.6420
    [11:17:47] step 3650/5625 | avg train loss 1.9263 top1 0.3877 top5 0.6422
    [11:17:52] step 3675/5625 | avg train loss 1.9269 top1 0.3883 top5 0.6426
    [11:17:57] step 3700/5625 | avg train loss 1.9283 top1 0.3883 top5 0.6430
    [11:18:02] step 3725/5625 | avg train loss 1.9284 top1 0.3883 top5 0.6431
    [11:18:07] step 3750/5625 | avg train loss 1.9298 top1 0.3881 top5 0.6430
    [11:18:12] step 3775/5625 | avg train loss 1.9302 top1 0.3882 top5 0.6429
    [11:18:17] step 3800/5625 | avg train loss 1.9303 top1 0.3881 top5 0.6429
    [11:18:22] step 3825/5625 | avg train loss 1.9298 top1 0.3885 top5 0.6430
    [11:18:28] step 3850/5625 | avg train loss 1.9283 top1 0.3892 top5 0.6437
    [11:18:33] step 3875/5625 | avg train loss 1.9280 top1 0.3891 top5 0.6437
    [11:18:38] step 3900/5625 | avg train loss 1.9287 top1 0.3888 top5 0.6435
    [11:18:43] step 3925/5625 | avg train loss 1.9284 top1 0.3886 top5 0.6431
    [11:18:48] step 3950/5625 | avg train loss 1.9295 top1 0.3883 top5 0.6430
    [11:18:53] step 3975/5625 | avg train loss 1.9310 top1 0.3882 top5 0.6428
    [11:18:58] step 4000/5625 | avg train loss 1.9317 top1 0.3884 top5 0.6431
    [11:19:03] step 4025/5625 | avg train loss 1.9305 top1 0.3893 top5 0.6436
    [11:19:09] step 4050/5625 | avg train loss 1.9310 top1 0.3892 top5 0.6434
    [11:19:14] step 4075/5625 | avg train loss 1.9329 top1 0.3892 top5 0.6434
    [11:19:19] step 4100/5625 | avg train loss 1.9334 top1 0.3888 top5 0.6429
    [11:19:24] step 4125/5625 | avg train loss 1.9348 top1 0.3884 top5 0.6432
    [11:19:29] step 4150/5625 | avg train loss 1.9359 top1 0.3880 top5 0.6432
    [11:19:34] step 4175/5625 | avg train loss 1.9361 top1 0.3881 top5 0.6431
    [11:19:39] step 4200/5625 | avg train loss 1.9368 top1 0.3882 top5 0.6433
    [11:19:44] step 4225/5625 | avg train loss 1.9372 top1 0.3880 top5 0.6430
    [11:19:49] step 4250/5625 | avg train loss 1.9376 top1 0.3880 top5 0.6428
    [11:19:55] step 4275/5625 | avg train loss 1.9372 top1 0.3882 top5 0.6429
    [11:20:00] step 4300/5625 | avg train loss 1.9366 top1 0.3880 top5 0.6429
    [11:20:05] step 4325/5625 | avg train loss 1.9371 top1 0.3879 top5 0.6427
    [11:20:10] step 4350/5625 | avg train loss 1.9375 top1 0.3876 top5 0.6424
    [11:20:15] step 4375/5625 | avg train loss 1.9374 top1 0.3875 top5 0.6424
    [11:20:20] step 4400/5625 | avg train loss 1.9368 top1 0.3876 top5 0.6424
    [11:20:25] step 4425/5625 | avg train loss 1.9374 top1 0.3875 top5 0.6423
    [11:20:30] step 4450/5625 | avg train loss 1.9388 top1 0.3874 top5 0.6426
    [11:20:36] step 4475/5625 | avg train loss 1.9392 top1 0.3873 top5 0.6426
    [11:20:41] step 4500/5625 | avg train loss 1.9379 top1 0.3873 top5 0.6428
    [11:20:46] step 4525/5625 | avg train loss 1.9374 top1 0.3873 top5 0.6426
    [11:20:51] step 4550/5625 | avg train loss 1.9365 top1 0.3872 top5 0.6427
    [11:20:56] step 4575/5625 | avg train loss 1.9371 top1 0.3872 top5 0.6430
    [11:21:01] step 4600/5625 | avg train loss 1.9373 top1 0.3874 top5 0.6432
    [11:21:06] step 4625/5625 | avg train loss 1.9372 top1 0.3873 top5 0.6435
    [11:21:11] step 4650/5625 | avg train loss 1.9362 top1 0.3878 top5 0.6440
    [11:21:16] step 4675/5625 | avg train loss 1.9362 top1 0.3881 top5 0.6442
    [11:21:22] step 4700/5625 | avg train loss 1.9357 top1 0.3883 top5 0.6444
    [11:21:27] step 4725/5625 | avg train loss 1.9348 top1 0.3885 top5 0.6446
    [11:21:32] step 4750/5625 | avg train loss 1.9360 top1 0.3880 top5 0.6443
    [11:21:37] step 4775/5625 | avg train loss 1.9357 top1 0.3881 top5 0.6444
    [11:21:42] step 4800/5625 | avg train loss 1.9350 top1 0.3882 top5 0.6443
    [11:21:47] step 4825/5625 | avg train loss 1.9359 top1 0.3880 top5 0.6443
    [11:21:52] step 4850/5625 | avg train loss 1.9358 top1 0.3880 top5 0.6440
    [11:21:57] step 4875/5625 | avg train loss 1.9363 top1 0.3879 top5 0.6442
    [11:22:02] step 4900/5625 | avg train loss 1.9358 top1 0.3881 top5 0.6441
    [11:22:08] step 4925/5625 | avg train loss 1.9356 top1 0.3881 top5 0.6442
    [11:22:13] step 4950/5625 | avg train loss 1.9361 top1 0.3876 top5 0.6437
    [11:22:18] step 4975/5625 | avg train loss 1.9370 top1 0.3875 top5 0.6436
    [11:22:23] step 5000/5625 | avg train loss 1.9375 top1 0.3876 top5 0.6436
    [11:22:28] step 5025/5625 | avg train loss 1.9378 top1 0.3877 top5 0.6438
    [11:22:33] step 5050/5625 | avg train loss 1.9376 top1 0.3879 top5 0.6439
    [11:22:38] step 5075/5625 | avg train loss 1.9377 top1 0.3880 top5 0.6438
    [11:22:43] step 5100/5625 | avg train loss 1.9378 top1 0.3883 top5 0.6441
    [11:22:48] step 5125/5625 | avg train loss 1.9378 top1 0.3887 top5 0.6442
    [11:22:54] step 5150/5625 | avg train loss 1.9382 top1 0.3885 top5 0.6441
    [11:22:59] step 5175/5625 | avg train loss 1.9386 top1 0.3886 top5 0.6440
    [11:23:04] step 5200/5625 | avg train loss 1.9378 top1 0.3883 top5 0.6436
    [11:23:09] step 5225/5625 | avg train loss 1.9381 top1 0.3883 top5 0.6437
    [11:23:14] step 5250/5625 | avg train loss 1.9375 top1 0.3884 top5 0.6437
    [11:23:19] step 5275/5625 | avg train loss 1.9368 top1 0.3889 top5 0.6439
    [11:23:24] step 5300/5625 | avg train loss 1.9371 top1 0.3888 top5 0.6439
    [11:23:29] step 5325/5625 | avg train loss 1.9373 top1 0.3888 top5 0.6441
    [11:23:35] step 5350/5625 | avg train loss 1.9375 top1 0.3883 top5 0.6436
    [11:23:40] step 5375/5625 | avg train loss 1.9380 top1 0.3883 top5 0.6436
    [11:23:45] step 5400/5625 | avg train loss 1.9371 top1 0.3882 top5 0.6435
    [11:23:50] step 5425/5625 | avg train loss 1.9365 top1 0.3885 top5 0.6440
    [11:23:55] step 5450/5625 | avg train loss 1.9363 top1 0.3885 top5 0.6441
    [11:24:00] step 5475/5625 | avg train loss 1.9368 top1 0.3883 top5 0.6439
    [11:24:05] step 5500/5625 | avg train loss 1.9362 top1 0.3883 top5 0.6438
    [11:24:10] step 5525/5625 | avg train loss 1.9351 top1 0.3885 top5 0.6438
    [11:24:15] step 5550/5625 | avg train loss 1.9354 top1 0.3882 top5 0.6434
    [11:24:21] step 5575/5625 | avg train loss 1.9358 top1 0.3881 top5 0.6434
    [11:24:26] step 5600/5625 | avg train loss 1.9366 top1 0.3879 top5 0.6433
    [11:24:31] step 5625/5625 | avg train loss 1.9369 top1 0.3880 top5 0.6433
Epoch 36/50 | train loss 1.9369 top1 0.3880 | val loss 1.7995 top1 0.4995 top5 0.8178 | ema holdout top1 0.4987 top5 0.8194
  No val top1 improvement (2/15); best remains 0.5053
    [11:26:06] step 25/5625 | avg train loss 1.9265 top1 0.4100 top5 0.6300
    [11:26:11] step 50/5625 | avg train loss 2.0064 top1 0.3825 top5 0.6325
    [11:26:16] step 75/5625 | avg train loss 1.9153 top1 0.4083 top5 0.6483
    [11:26:21] step 100/5625 | avg train loss 1.9695 top1 0.4025 top5 0.6663
    [11:26:26] step 125/5625 | avg train loss 1.9721 top1 0.3950 top5 0.6620
    [11:26:31] step 150/5625 | avg train loss 1.9427 top1 0.3975 top5 0.6525
    [11:26:36] step 175/5625 | avg train loss 1.9372 top1 0.4036 top5 0.6550
    [11:26:41] step 200/5625 | avg train loss 1.9363 top1 0.4075 top5 0.6587
    [11:26:47] step 225/5625 | avg train loss 1.9540 top1 0.3983 top5 0.6494
    [11:26:52] step 250/5625 | avg train loss 1.9389 top1 0.3955 top5 0.6485
    [11:26:57] step 275/5625 | avg train loss 1.9347 top1 0.4023 top5 0.6550
    [11:27:02] step 300/5625 | avg train loss 1.9337 top1 0.4050 top5 0.6538
    [11:27:07] step 325/5625 | avg train loss 1.9355 top1 0.4062 top5 0.6585
    [11:27:12] step 350/5625 | avg train loss 1.9288 top1 0.3979 top5 0.6507
    [11:27:17] step 375/5625 | avg train loss 1.9313 top1 0.3943 top5 0.6503
    [11:27:22] step 400/5625 | avg train loss 1.9172 top1 0.3947 top5 0.6478
    [11:27:27] step 425/5625 | avg train loss 1.9099 top1 0.3956 top5 0.6485
    [11:27:32] step 450/5625 | avg train loss 1.9167 top1 0.3944 top5 0.6489
    [11:27:37] step 475/5625 | avg train loss 1.9232 top1 0.3955 top5 0.6479
    [11:27:42] step 500/5625 | avg train loss 1.9142 top1 0.3965 top5 0.6485
    [11:27:48] step 525/5625 | avg train loss 1.9078 top1 0.3933 top5 0.6460
    [11:27:53] step 550/5625 | avg train loss 1.9031 top1 0.3936 top5 0.6461
    [11:27:58] step 575/5625 | avg train loss 1.8991 top1 0.3911 top5 0.6433
    [11:28:03] step 600/5625 | avg train loss 1.9119 top1 0.3937 top5 0.6469
    [11:28:08] step 625/5625 | avg train loss 1.9106 top1 0.3954 top5 0.6464
    [11:28:13] step 650/5625 | avg train loss 1.9107 top1 0.3967 top5 0.6475
    [11:28:18] step 675/5625 | avg train loss 1.9116 top1 0.3976 top5 0.6485
    [11:28:23] step 700/5625 | avg train loss 1.9061 top1 0.3991 top5 0.6488
    [11:28:28] step 725/5625 | avg train loss 1.9058 top1 0.3981 top5 0.6493
    [11:28:34] step 750/5625 | avg train loss 1.9081 top1 0.3977 top5 0.6487
    [11:28:39] step 775/5625 | avg train loss 1.9104 top1 0.3979 top5 0.6494
    [11:28:44] step 800/5625 | avg train loss 1.9153 top1 0.3967 top5 0.6497
    [11:28:49] step 825/5625 | avg train loss 1.9132 top1 0.3995 top5 0.6532
    [11:28:54] step 850/5625 | avg train loss 1.9188 top1 0.3987 top5 0.6525
    [11:28:59] step 875/5625 | avg train loss 1.9234 top1 0.3980 top5 0.6531
    [11:29:04] step 900/5625 | avg train loss 1.9158 top1 0.4000 top5 0.6531
    [11:29:09] step 925/5625 | avg train loss 1.9154 top1 0.4007 top5 0.6536
    [11:29:14] step 950/5625 | avg train loss 1.9164 top1 0.4007 top5 0.6525
    [11:29:19] step 975/5625 | avg train loss 1.9229 top1 0.3985 top5 0.6513
    [11:29:25] step 1000/5625 | avg train loss 1.9158 top1 0.4000 top5 0.6524
    [11:29:30] step 1025/5625 | avg train loss 1.9172 top1 0.3996 top5 0.6526
    [11:29:35] step 1050/5625 | avg train loss 1.9164 top1 0.4008 top5 0.6530
    [11:29:40] step 1075/5625 | avg train loss 1.9171 top1 0.4007 top5 0.6543
    [11:29:45] step 1100/5625 | avg train loss 1.9149 top1 0.4010 top5 0.6557
    [11:29:50] step 1125/5625 | avg train loss 1.9131 top1 0.4019 top5 0.6558
    [11:29:55] step 1150/5625 | avg train loss 1.9149 top1 0.4008 top5 0.6539
    [11:30:00] step 1175/5625 | avg train loss 1.9121 top1 0.4010 top5 0.6521
    [11:30:05] step 1200/5625 | avg train loss 1.9071 top1 0.4026 top5 0.6542
    [11:30:11] step 1225/5625 | avg train loss 1.9060 top1 0.4031 top5 0.6542
    [11:30:16] step 1250/5625 | avg train loss 1.9031 top1 0.4046 top5 0.6552
    [11:30:21] step 1275/5625 | avg train loss 1.8991 top1 0.4057 top5 0.6571
    [11:30:26] step 1300/5625 | avg train loss 1.9018 top1 0.4058 top5 0.6563
    [11:30:31] step 1325/5625 | avg train loss 1.8992 top1 0.4046 top5 0.6552
    [11:30:36] step 1350/5625 | avg train loss 1.9004 top1 0.4041 top5 0.6550
    [11:30:41] step 1375/5625 | avg train loss 1.8989 top1 0.4039 top5 0.6544
    [11:30:46] step 1400/5625 | avg train loss 1.8970 top1 0.4045 top5 0.6549
    [11:30:52] step 1425/5625 | avg train loss 1.8974 top1 0.4052 top5 0.6557
    [11:30:57] step 1450/5625 | avg train loss 1.9001 top1 0.4049 top5 0.6562
    [11:31:02] step 1475/5625 | avg train loss 1.9008 top1 0.4040 top5 0.6554
    [11:31:07] step 1500/5625 | avg train loss 1.8986 top1 0.4043 top5 0.6555
    [11:31:12] step 1525/5625 | avg train loss 1.9017 top1 0.4033 top5 0.6557
    [11:31:17] step 1550/5625 | avg train loss 1.9051 top1 0.4031 top5 0.6558
    [11:31:22] step 1575/5625 | avg train loss 1.9060 top1 0.4028 top5 0.6561
    [11:31:27] step 1600/5625 | avg train loss 1.9022 top1 0.4034 top5 0.6564
    [11:31:32] step 1625/5625 | avg train loss 1.9026 top1 0.4035 top5 0.6560
    [11:31:37] step 1650/5625 | avg train loss 1.9044 top1 0.4030 top5 0.6561
    [11:31:43] step 1675/5625 | avg train loss 1.9070 top1 0.4019 top5 0.6555
    [11:31:48] step 1700/5625 | avg train loss 1.9044 top1 0.4035 top5 0.6564
    [11:31:53] step 1725/5625 | avg train loss 1.9057 top1 0.4037 top5 0.6564
    [11:31:58] step 1750/5625 | avg train loss 1.9055 top1 0.4046 top5 0.6569
    [11:32:03] step 1775/5625 | avg train loss 1.9057 top1 0.4054 top5 0.6578
    [11:32:08] step 1800/5625 | avg train loss 1.9082 top1 0.4041 top5 0.6558
    [11:32:13] step 1825/5625 | avg train loss 1.9094 top1 0.4036 top5 0.6553
    [11:32:18] step 1850/5625 | avg train loss 1.9067 top1 0.4039 top5 0.6564
    [11:32:23] step 1875/5625 | avg train loss 1.9048 top1 0.4034 top5 0.6563
    [11:32:29] step 1900/5625 | avg train loss 1.9054 top1 0.4024 top5 0.6549
    [11:32:34] step 1925/5625 | avg train loss 1.9058 top1 0.4019 top5 0.6542
    [11:32:39] step 1950/5625 | avg train loss 1.9079 top1 0.4009 top5 0.6531
    [11:32:44] step 1975/5625 | avg train loss 1.9097 top1 0.4006 top5 0.6526
    [11:32:49] step 2000/5625 | avg train loss 1.9086 top1 0.4017 top5 0.6544
    [11:32:54] step 2025/5625 | avg train loss 1.9074 top1 0.4031 top5 0.6559
    [11:32:59] step 2050/5625 | avg train loss 1.9064 top1 0.4032 top5 0.6552
    [11:33:04] step 2075/5625 | avg train loss 1.9076 top1 0.4019 top5 0.6536
    [11:33:09] step 2100/5625 | avg train loss 1.9075 top1 0.4017 top5 0.6533
    [11:33:15] step 2125/5625 | avg train loss 1.9065 top1 0.4024 top5 0.6538
    [11:33:20] step 2150/5625 | avg train loss 1.9050 top1 0.4033 top5 0.6548
    [11:33:25] step 2175/5625 | avg train loss 1.9046 top1 0.4031 top5 0.6544
    [11:33:30] step 2200/5625 | avg train loss 1.9059 top1 0.4030 top5 0.6544
    [11:33:35] step 2225/5625 | avg train loss 1.9056 top1 0.4035 top5 0.6548
    [11:33:40] step 2250/5625 | avg train loss 1.9072 top1 0.4034 top5 0.6544
    [11:33:45] step 2275/5625 | avg train loss 1.9067 top1 0.4036 top5 0.6543
    [11:33:51] step 2300/5625 | avg train loss 1.9059 top1 0.4030 top5 0.6538
    [11:33:56] step 2325/5625 | avg train loss 1.9040 top1 0.4033 top5 0.6540
    [11:34:01] step 2350/5625 | avg train loss 1.9045 top1 0.4022 top5 0.6528
    [11:34:06] step 2375/5625 | avg train loss 1.9007 top1 0.4026 top5 0.6532
    [11:34:11] step 2400/5625 | avg train loss 1.9003 top1 0.4010 top5 0.6519
    [11:34:16] step 2425/5625 | avg train loss 1.9027 top1 0.4007 top5 0.6519
    [11:34:21] step 2450/5625 | avg train loss 1.9048 top1 0.4005 top5 0.6514
    [11:34:26] step 2475/5625 | avg train loss 1.9042 top1 0.4011 top5 0.6518
    [11:34:31] step 2500/5625 | avg train loss 1.9075 top1 0.4004 top5 0.6512
    [11:34:37] step 2525/5625 | avg train loss 1.9058 top1 0.4012 top5 0.6520
    [11:34:42] step 2550/5625 | avg train loss 1.9054 top1 0.4017 top5 0.6525
    [11:34:47] step 2575/5625 | avg train loss 1.9057 top1 0.4017 top5 0.6526
    [11:34:52] step 2600/5625 | avg train loss 1.9062 top1 0.4017 top5 0.6526
    [11:34:57] step 2625/5625 | avg train loss 1.9063 top1 0.4012 top5 0.6525
    [11:35:02] step 2650/5625 | avg train loss 1.9066 top1 0.4012 top5 0.6525
    [11:35:07] step 2675/5625 | avg train loss 1.9086 top1 0.4007 top5 0.6521
    [11:35:12] step 2700/5625 | avg train loss 1.9092 top1 0.4001 top5 0.6516
    [11:35:17] step 2725/5625 | avg train loss 1.9085 top1 0.4002 top5 0.6517
    [11:35:22] step 2750/5625 | avg train loss 1.9106 top1 0.4003 top5 0.6516
    [11:35:28] step 2775/5625 | avg train loss 1.9105 top1 0.3998 top5 0.6514
    [11:35:33] step 2800/5625 | avg train loss 1.9102 top1 0.3996 top5 0.6512
    [11:35:38] step 2825/5625 | avg train loss 1.9103 top1 0.3998 top5 0.6512
    [11:35:43] step 2850/5625 | avg train loss 1.9094 top1 0.3999 top5 0.6512
    [11:35:48] step 2875/5625 | avg train loss 1.9097 top1 0.3990 top5 0.6500
    [11:35:53] step 2900/5625 | avg train loss 1.9107 top1 0.3990 top5 0.6503
    [11:35:58] step 2925/5625 | avg train loss 1.9108 top1 0.3991 top5 0.6504
    [11:36:04] step 2950/5625 | avg train loss 1.9116 top1 0.3991 top5 0.6506
    [11:36:09] step 2975/5625 | avg train loss 1.9126 top1 0.3993 top5 0.6512
    [11:36:14] step 3000/5625 | avg train loss 1.9111 top1 0.4001 top5 0.6518
    [11:36:19] step 3025/5625 | avg train loss 1.9127 top1 0.4001 top5 0.6518
    [11:36:24] step 3050/5625 | avg train loss 1.9128 top1 0.4000 top5 0.6521
    [11:36:29] step 3075/5625 | avg train loss 1.9147 top1 0.4000 top5 0.6521
    [11:36:34] step 3100/5625 | avg train loss 1.9147 top1 0.3998 top5 0.6525
    [11:36:40] step 3125/5625 | avg train loss 1.9146 top1 0.3998 top5 0.6524
    [11:36:45] step 3150/5625 | avg train loss 1.9141 top1 0.3994 top5 0.6523
    [11:36:50] step 3175/5625 | avg train loss 1.9130 top1 0.3995 top5 0.6525
    [11:36:55] step 3200/5625 | avg train loss 1.9102 top1 0.3996 top5 0.6524
    [11:37:00] step 3225/5625 | avg train loss 1.9105 top1 0.3997 top5 0.6528
    [11:37:05] step 3250/5625 | avg train loss 1.9110 top1 0.3998 top5 0.6530
    [11:37:10] step 3275/5625 | avg train loss 1.9111 top1 0.3994 top5 0.6530
    [11:37:15] step 3300/5625 | avg train loss 1.9105 top1 0.3998 top5 0.6538
    [11:37:21] step 3325/5625 | avg train loss 1.9091 top1 0.3997 top5 0.6537
    [11:37:26] step 3350/5625 | avg train loss 1.9093 top1 0.3994 top5 0.6532
    [11:37:31] step 3375/5625 | avg train loss 1.9107 top1 0.3994 top5 0.6532
    [11:37:36] step 3400/5625 | avg train loss 1.9120 top1 0.3992 top5 0.6529
    [11:37:41] step 3425/5625 | avg train loss 1.9126 top1 0.3990 top5 0.6527
    [11:37:46] step 3450/5625 | avg train loss 1.9143 top1 0.3991 top5 0.6526
    [11:37:51] step 3475/5625 | avg train loss 1.9150 top1 0.3995 top5 0.6531
    [11:37:56] step 3500/5625 | avg train loss 1.9159 top1 0.3997 top5 0.6534
    [11:38:01] step 3525/5625 | avg train loss 1.9153 top1 0.3991 top5 0.6532
    [11:38:07] step 3550/5625 | avg train loss 1.9164 top1 0.3987 top5 0.6532
    [11:38:12] step 3575/5625 | avg train loss 1.9157 top1 0.3987 top5 0.6534
    [11:38:17] step 3600/5625 | avg train loss 1.9160 top1 0.3987 top5 0.6531
    [11:38:22] step 3625/5625 | avg train loss 1.9165 top1 0.3987 top5 0.6528
    [11:38:27] step 3650/5625 | avg train loss 1.9168 top1 0.3986 top5 0.6530
    [11:38:32] step 3675/5625 | avg train loss 1.9180 top1 0.3982 top5 0.6526
    [11:38:37] step 3700/5625 | avg train loss 1.9185 top1 0.3984 top5 0.6525
    [11:38:42] step 3725/5625 | avg train loss 1.9176 top1 0.3989 top5 0.6527
    [11:38:47] step 3750/5625 | avg train loss 1.9180 top1 0.3988 top5 0.6523
    [11:38:53] step 3775/5625 | avg train loss 1.9183 top1 0.3986 top5 0.6519
    [11:38:58] step 3800/5625 | avg train loss 1.9179 top1 0.3985 top5 0.6522
    [11:39:03] step 3825/5625 | avg train loss 1.9159 top1 0.3983 top5 0.6516
    [11:39:08] step 3850/5625 | avg train loss 1.9146 top1 0.3980 top5 0.6512
    [11:39:13] step 3875/5625 | avg train loss 1.9141 top1 0.3982 top5 0.6515
    [11:39:18] step 3900/5625 | avg train loss 1.9135 top1 0.3985 top5 0.6514
    [11:39:23] step 3925/5625 | avg train loss 1.9117 top1 0.3991 top5 0.6514
    [11:39:28] step 3950/5625 | avg train loss 1.9121 top1 0.3996 top5 0.6516
    [11:39:33] step 3975/5625 | avg train loss 1.9119 top1 0.3993 top5 0.6516
    [11:39:39] step 4000/5625 | avg train loss 1.9132 top1 0.3987 top5 0.6506
    [11:39:44] step 4025/5625 | avg train loss 1.9135 top1 0.3987 top5 0.6505
    [11:39:49] step 4050/5625 | avg train loss 1.9142 top1 0.3990 top5 0.6504
    [11:39:54] step 4075/5625 | avg train loss 1.9140 top1 0.3987 top5 0.6501
    [11:39:59] step 4100/5625 | avg train loss 1.9143 top1 0.3987 top5 0.6500
    [11:40:04] step 4125/5625 | avg train loss 1.9136 top1 0.3991 top5 0.6501
    [11:40:09] step 4150/5625 | avg train loss 1.9142 top1 0.3987 top5 0.6495
    [11:40:14] step 4175/5625 | avg train loss 1.9136 top1 0.3990 top5 0.6497
    [11:40:20] step 4200/5625 | avg train loss 1.9147 top1 0.3985 top5 0.6494
    [11:40:25] step 4225/5625 | avg train loss 1.9129 top1 0.3990 top5 0.6497
    [11:40:30] step 4250/5625 | avg train loss 1.9132 top1 0.3992 top5 0.6500
    [11:40:35] step 4275/5625 | avg train loss 1.9140 top1 0.3989 top5 0.6499
    [11:40:40] step 4300/5625 | avg train loss 1.9141 top1 0.3989 top5 0.6502
    [11:40:45] step 4325/5625 | avg train loss 1.9140 top1 0.3985 top5 0.6496
    [11:40:50] step 4350/5625 | avg train loss 1.9135 top1 0.3984 top5 0.6496
    [11:40:55] step 4375/5625 | avg train loss 1.9132 top1 0.3985 top5 0.6497
    [11:41:00] step 4400/5625 | avg train loss 1.9144 top1 0.3985 top5 0.6494
    [11:41:06] step 4425/5625 | avg train loss 1.9146 top1 0.3983 top5 0.6490
    [11:41:11] step 4450/5625 | avg train loss 1.9145 top1 0.3984 top5 0.6491
    [11:41:16] step 4475/5625 | avg train loss 1.9145 top1 0.3982 top5 0.6490
    [11:41:21] step 4500/5625 | avg train loss 1.9143 top1 0.3982 top5 0.6491
    [11:41:26] step 4525/5625 | avg train loss 1.9132 top1 0.3978 top5 0.6488
    [11:41:31] step 4550/5625 | avg train loss 1.9135 top1 0.3977 top5 0.6487
    [11:41:36] step 4575/5625 | avg train loss 1.9126 top1 0.3979 top5 0.6489
    [11:41:41] step 4600/5625 | avg train loss 1.9122 top1 0.3979 top5 0.6489
    [11:41:47] step 4625/5625 | avg train loss 1.9121 top1 0.3981 top5 0.6491
    [11:41:52] step 4650/5625 | avg train loss 1.9129 top1 0.3979 top5 0.6490
    [11:41:57] step 4675/5625 | avg train loss 1.9133 top1 0.3976 top5 0.6487
    [11:42:02] step 4700/5625 | avg train loss 1.9123 top1 0.3978 top5 0.6490
    [11:42:07] step 4725/5625 | avg train loss 1.9130 top1 0.3978 top5 0.6488
    [11:42:12] step 4750/5625 | avg train loss 1.9134 top1 0.3971 top5 0.6482
    [11:42:17] step 4775/5625 | avg train loss 1.9129 top1 0.3970 top5 0.6484
    [11:42:22] step 4800/5625 | avg train loss 1.9124 top1 0.3970 top5 0.6485
    [11:42:27] step 4825/5625 | avg train loss 1.9131 top1 0.3966 top5 0.6484
    [11:42:32] step 4850/5625 | avg train loss 1.9132 top1 0.3964 top5 0.6481
    [11:42:38] step 4875/5625 | avg train loss 1.9125 top1 0.3967 top5 0.6483
    [11:42:43] step 4900/5625 | avg train loss 1.9122 top1 0.3964 top5 0.6479
    [11:42:48] step 4925/5625 | avg train loss 1.9124 top1 0.3960 top5 0.6476
    [11:42:53] step 4950/5625 | avg train loss 1.9121 top1 0.3965 top5 0.6482
    [11:42:58] step 4975/5625 | avg train loss 1.9122 top1 0.3965 top5 0.6481
    [11:43:03] step 5000/5625 | avg train loss 1.9116 top1 0.3969 top5 0.6484
    [11:43:08] step 5025/5625 | avg train loss 1.9110 top1 0.3966 top5 0.6482
    [11:43:13] step 5050/5625 | avg train loss 1.9106 top1 0.3966 top5 0.6483
    [11:43:18] step 5075/5625 | avg train loss 1.9097 top1 0.3968 top5 0.6486
    [11:43:24] step 5100/5625 | avg train loss 1.9097 top1 0.3968 top5 0.6484
    [11:43:29] step 5125/5625 | avg train loss 1.9099 top1 0.3969 top5 0.6483
    [11:43:34] step 5150/5625 | avg train loss 1.9106 top1 0.3966 top5 0.6480
    [11:43:39] step 5175/5625 | avg train loss 1.9098 top1 0.3967 top5 0.6478
    [11:43:44] step 5200/5625 | avg train loss 1.9105 top1 0.3966 top5 0.6481
    [11:43:49] step 5225/5625 | avg train loss 1.9103 top1 0.3964 top5 0.6479
    [11:43:54] step 5250/5625 | avg train loss 1.9105 top1 0.3963 top5 0.6477
    [11:43:59] step 5275/5625 | avg train loss 1.9116 top1 0.3961 top5 0.6478
    [11:44:04] step 5300/5625 | avg train loss 1.9121 top1 0.3961 top5 0.6479
    [11:44:09] step 5325/5625 | avg train loss 1.9124 top1 0.3958 top5 0.6475
    [11:44:15] step 5350/5625 | avg train loss 1.9127 top1 0.3955 top5 0.6475
    [11:44:20] step 5375/5625 | avg train loss 1.9127 top1 0.3955 top5 0.6475
    [11:44:25] step 5400/5625 | avg train loss 1.9132 top1 0.3951 top5 0.6475
    [11:44:30] step 5425/5625 | avg train loss 1.9137 top1 0.3951 top5 0.6474
    [11:44:35] step 5450/5625 | avg train loss 1.9131 top1 0.3950 top5 0.6475
    [11:44:40] step 5475/5625 | avg train loss 1.9131 top1 0.3946 top5 0.6472
    [11:44:45] step 5500/5625 | avg train loss 1.9139 top1 0.3948 top5 0.6475
    [11:44:50] step 5525/5625 | avg train loss 1.9140 top1 0.3946 top5 0.6472
    [11:44:55] step 5550/5625 | avg train loss 1.9150 top1 0.3944 top5 0.6473
    [11:45:00] step 5575/5625 | avg train loss 1.9154 top1 0.3944 top5 0.6473
    [11:45:06] step 5600/5625 | avg train loss 1.9156 top1 0.3943 top5 0.6474
    [11:45:11] step 5625/5625 | avg train loss 1.9157 top1 0.3945 top5 0.6476
Epoch 37/50 | train loss 1.9157 top1 0.3945 | val loss 1.8192 top1 0.4949 top5 0.8062 | ema holdout top1 0.5019 top5 0.8188
  No val top1 improvement (3/15); best remains 0.5053
    [11:46:46] step 25/5625 | avg train loss 1.9627 top1 0.4200 top5 0.6650
    [11:46:51] step 50/5625 | avg train loss 1.9649 top1 0.4425 top5 0.6800
    [11:46:56] step 75/5625 | avg train loss 1.9901 top1 0.4117 top5 0.6417
    [11:47:01] step 100/5625 | avg train loss 1.9285 top1 0.4275 top5 0.6587
    [11:47:06] step 125/5625 | avg train loss 1.8783 top1 0.4280 top5 0.6570
    [11:47:11] step 150/5625 | avg train loss 1.8866 top1 0.4350 top5 0.6658
    [11:47:17] step 175/5625 | avg train loss 1.9031 top1 0.4164 top5 0.6550
    [11:47:22] step 200/5625 | avg train loss 1.9318 top1 0.4206 top5 0.6512
    [11:47:27] step 225/5625 | avg train loss 1.9359 top1 0.4100 top5 0.6461
    [11:47:32] step 250/5625 | avg train loss 1.9342 top1 0.4025 top5 0.6470
    [11:47:37] step 275/5625 | avg train loss 1.9231 top1 0.4032 top5 0.6486
    [11:47:42] step 300/5625 | avg train loss 1.9304 top1 0.4033 top5 0.6500
    [11:47:47] step 325/5625 | avg train loss 1.9407 top1 0.4019 top5 0.6512
    [11:47:52] step 350/5625 | avg train loss 1.9492 top1 0.3993 top5 0.6496
    [11:47:57] step 375/5625 | avg train loss 1.9336 top1 0.3990 top5 0.6470
    [11:48:03] step 400/5625 | avg train loss 1.9286 top1 0.3997 top5 0.6469
    [11:48:08] step 425/5625 | avg train loss 1.9222 top1 0.4006 top5 0.6465
    [11:48:13] step 450/5625 | avg train loss 1.9212 top1 0.4008 top5 0.6475
    [11:48:18] step 475/5625 | avg train loss 1.9340 top1 0.3968 top5 0.6466
    [11:48:23] step 500/5625 | avg train loss 1.9349 top1 0.3995 top5 0.6480
    [11:48:28] step 525/5625 | avg train loss 1.9391 top1 0.3936 top5 0.6410
    [11:48:33] step 550/5625 | avg train loss 1.9358 top1 0.3943 top5 0.6411
    [11:48:38] step 575/5625 | avg train loss 1.9333 top1 0.3946 top5 0.6443
    [11:48:43] step 600/5625 | avg train loss 1.9313 top1 0.3960 top5 0.6446
    [11:48:49] step 625/5625 | avg train loss 1.9386 top1 0.3954 top5 0.6442
    [11:48:54] step 650/5625 | avg train loss 1.9347 top1 0.3977 top5 0.6475
    [11:48:59] step 675/5625 | avg train loss 1.9448 top1 0.3926 top5 0.6415
    [11:49:04] step 700/5625 | avg train loss 1.9485 top1 0.3920 top5 0.6423
    [11:49:09] step 725/5625 | avg train loss 1.9514 top1 0.3938 top5 0.6447
    [11:49:14] step 750/5625 | avg train loss 1.9447 top1 0.3960 top5 0.6457
    [11:49:19] step 775/5625 | avg train loss 1.9391 top1 0.3952 top5 0.6444
    [11:49:24] step 800/5625 | avg train loss 1.9388 top1 0.3947 top5 0.6452
    [11:49:29] step 825/5625 | avg train loss 1.9351 top1 0.3955 top5 0.6458
    [11:49:35] step 850/5625 | avg train loss 1.9301 top1 0.3985 top5 0.6485
    [11:49:40] step 875/5625 | avg train loss 1.9209 top1 0.3996 top5 0.6490
    [11:49:45] step 900/5625 | avg train loss 1.9174 top1 0.3982 top5 0.6479
    [11:49:50] step 925/5625 | avg train loss 1.9074 top1 0.3989 top5 0.6481
    [11:49:55] step 950/5625 | avg train loss 1.9120 top1 0.3992 top5 0.6496
    [11:50:00] step 975/5625 | avg train loss 1.9135 top1 0.3991 top5 0.6485
    [11:50:05] step 1000/5625 | avg train loss 1.9120 top1 0.3994 top5 0.6484
    [11:50:11] step 1025/5625 | avg train loss 1.9138 top1 0.3974 top5 0.6467
    [11:50:16] step 1050/5625 | avg train loss 1.9194 top1 0.3982 top5 0.6488
    [11:50:21] step 1075/5625 | avg train loss 1.9191 top1 0.3981 top5 0.6497
    [11:50:26] step 1100/5625 | avg train loss 1.9202 top1 0.3999 top5 0.6512
    [11:50:31] step 1125/5625 | avg train loss 1.9179 top1 0.3989 top5 0.6499
    [11:50:36] step 1150/5625 | avg train loss 1.9159 top1 0.3988 top5 0.6498
    [11:50:41] step 1175/5625 | avg train loss 1.9203 top1 0.3980 top5 0.6503
    [11:50:46] step 1200/5625 | avg train loss 1.9164 top1 0.3967 top5 0.6498
    [11:50:52] step 1225/5625 | avg train loss 1.9165 top1 0.3973 top5 0.6497
    [11:50:57] step 1250/5625 | avg train loss 1.9171 top1 0.3979 top5 0.6494
    [11:51:02] step 1275/5625 | avg train loss 1.9191 top1 0.3975 top5 0.6483
    [11:51:07] step 1300/5625 | avg train loss 1.9186 top1 0.3970 top5 0.6478
    [11:51:12] step 1325/5625 | avg train loss 1.9133 top1 0.3980 top5 0.6480
    [11:51:17] step 1350/5625 | avg train loss 1.9092 top1 0.3992 top5 0.6486
    [11:51:22] step 1375/5625 | avg train loss 1.9109 top1 0.3985 top5 0.6479
    [11:51:27] step 1400/5625 | avg train loss 1.9076 top1 0.3991 top5 0.6484
    [11:51:32] step 1425/5625 | avg train loss 1.9035 top1 0.4000 top5 0.6485
    [11:51:38] step 1450/5625 | avg train loss 1.9043 top1 0.4004 top5 0.6502
    [11:51:43] step 1475/5625 | avg train loss 1.9038 top1 0.4013 top5 0.6509
    [11:51:48] step 1500/5625 | avg train loss 1.9039 top1 0.4007 top5 0.6511
    [11:51:53] step 1525/5625 | avg train loss 1.9014 top1 0.4032 top5 0.6531
    [11:51:58] step 1550/5625 | avg train loss 1.8967 top1 0.4035 top5 0.6531
    [11:52:03] step 1575/5625 | avg train loss 1.8970 top1 0.4052 top5 0.6552
    [11:52:08] step 1600/5625 | avg train loss 1.8979 top1 0.4049 top5 0.6551
    [11:52:13] step 1625/5625 | avg train loss 1.8982 top1 0.4042 top5 0.6548
    [11:52:18] step 1650/5625 | avg train loss 1.8972 top1 0.4032 top5 0.6531
    [11:52:23] step 1675/5625 | avg train loss 1.9005 top1 0.4035 top5 0.6532
    [11:52:29] step 1700/5625 | avg train loss 1.9039 top1 0.4022 top5 0.6524
    [11:52:34] step 1725/5625 | avg train loss 1.9033 top1 0.4023 top5 0.6524
    [11:52:39] step 1750/5625 | avg train loss 1.9048 top1 0.4019 top5 0.6513
    [11:52:44] step 1775/5625 | avg train loss 1.9042 top1 0.4014 top5 0.6504
    [11:52:49] step 1800/5625 | avg train loss 1.9053 top1 0.4003 top5 0.6491
    [11:52:54] step 1825/5625 | avg train loss 1.9080 top1 0.3999 top5 0.6486
    [11:52:59] step 1850/5625 | avg train loss 1.9096 top1 0.3997 top5 0.6497
    [11:53:05] step 1875/5625 | avg train loss 1.9095 top1 0.3997 top5 0.6493
    [11:53:10] step 1900/5625 | avg train loss 1.9092 top1 0.3998 top5 0.6495
    [11:53:15] step 1925/5625 | avg train loss 1.9107 top1 0.3999 top5 0.6495
    [11:53:20] step 1950/5625 | avg train loss 1.9123 top1 0.3992 top5 0.6490
    [11:53:25] step 1975/5625 | avg train loss 1.9117 top1 0.3996 top5 0.6496
    [11:53:30] step 2000/5625 | avg train loss 1.9116 top1 0.3985 top5 0.6487
    [11:53:35] step 2025/5625 | avg train loss 1.9119 top1 0.3986 top5 0.6491
    [11:53:40] step 2050/5625 | avg train loss 1.9109 top1 0.3981 top5 0.6485
    [11:53:45] step 2075/5625 | avg train loss 1.9090 top1 0.3969 top5 0.6478
    [11:53:50] step 2100/5625 | avg train loss 1.9090 top1 0.3964 top5 0.6471
    [11:53:56] step 2125/5625 | avg train loss 1.9097 top1 0.3968 top5 0.6476
    [11:54:01] step 2150/5625 | avg train loss 1.9112 top1 0.3960 top5 0.6466
    [11:54:06] step 2175/5625 | avg train loss 1.9106 top1 0.3963 top5 0.6474
    [11:54:11] step 2200/5625 | avg train loss 1.9140 top1 0.3948 top5 0.6460
    [11:54:16] step 2225/5625 | avg train loss 1.9147 top1 0.3933 top5 0.6442
    [11:54:21] step 2250/5625 | avg train loss 1.9156 top1 0.3931 top5 0.6442
    [11:54:26] step 2275/5625 | avg train loss 1.9166 top1 0.3929 top5 0.6442
    [11:54:31] step 2300/5625 | avg train loss 1.9157 top1 0.3926 top5 0.6439
    [11:54:36] step 2325/5625 | avg train loss 1.9162 top1 0.3931 top5 0.6447
    [11:54:42] step 2350/5625 | avg train loss 1.9179 top1 0.3930 top5 0.6451
    [11:54:47] step 2375/5625 | avg train loss 1.9182 top1 0.3926 top5 0.6447
    [11:54:52] step 2400/5625 | avg train loss 1.9169 top1 0.3937 top5 0.6452
    [11:54:57] step 2425/5625 | avg train loss 1.9178 top1 0.3930 top5 0.6448
    [11:55:02] step 2450/5625 | avg train loss 1.9176 top1 0.3927 top5 0.6448
    [11:55:07] step 2475/5625 | avg train loss 1.9172 top1 0.3928 top5 0.6455
    [11:55:12] step 2500/5625 | avg train loss 1.9180 top1 0.3919 top5 0.6444
    [11:55:17] step 2525/5625 | avg train loss 1.9168 top1 0.3922 top5 0.6446
    [11:55:22] step 2550/5625 | avg train loss 1.9150 top1 0.3929 top5 0.6445
    [11:55:28] step 2575/5625 | avg train loss 1.9130 top1 0.3928 top5 0.6451
    [11:55:33] step 2600/5625 | avg train loss 1.9149 top1 0.3927 top5 0.6453
    [11:55:38] step 2625/5625 | avg train loss 1.9150 top1 0.3930 top5 0.6456
    [11:55:43] step 2650/5625 | avg train loss 1.9172 top1 0.3931 top5 0.6460
    [11:55:48] step 2675/5625 | avg train loss 1.9149 top1 0.3938 top5 0.6465
    [11:55:53] step 2700/5625 | avg train loss 1.9146 top1 0.3939 top5 0.6467
    [11:55:58] step 2725/5625 | avg train loss 1.9148 top1 0.3934 top5 0.6463
    [11:56:03] step 2750/5625 | avg train loss 1.9146 top1 0.3930 top5 0.6457
    [11:56:08] step 2775/5625 | avg train loss 1.9169 top1 0.3932 top5 0.6459
    [11:56:14] step 2800/5625 | avg train loss 1.9185 top1 0.3927 top5 0.6459
    [11:56:19] step 2825/5625 | avg train loss 1.9187 top1 0.3930 top5 0.6462
    [11:56:24] step 2850/5625 | avg train loss 1.9207 top1 0.3926 top5 0.6459
    [11:56:29] step 2875/5625 | avg train loss 1.9188 top1 0.3934 top5 0.6462
    [11:56:34] step 2900/5625 | avg train loss 1.9188 top1 0.3939 top5 0.6465
    [11:56:39] step 2925/5625 | avg train loss 1.9173 top1 0.3940 top5 0.6461
    [11:56:44] step 2950/5625 | avg train loss 1.9178 top1 0.3944 top5 0.6461
    [11:56:49] step 2975/5625 | avg train loss 1.9174 top1 0.3947 top5 0.6462
    [11:56:54] step 3000/5625 | avg train loss 1.9161 top1 0.3945 top5 0.6458
    [11:56:59] step 3025/5625 | avg train loss 1.9161 top1 0.3943 top5 0.6457
    [11:57:04] step 3050/5625 | avg train loss 1.9171 top1 0.3942 top5 0.6461
    [11:57:10] step 3075/5625 | avg train loss 1.9187 top1 0.3939 top5 0.6457
    [11:57:15] step 3100/5625 | avg train loss 1.9188 top1 0.3942 top5 0.6452
    [11:57:20] step 3125/5625 | avg train loss 1.9176 top1 0.3944 top5 0.6458
    [11:57:25] step 3150/5625 | avg train loss 1.9171 top1 0.3946 top5 0.6463
    [11:57:30] step 3175/5625 | avg train loss 1.9196 top1 0.3945 top5 0.6462
    [11:57:35] step 3200/5625 | avg train loss 1.9184 top1 0.3945 top5 0.6466
    [11:57:40] step 3225/5625 | avg train loss 1.9177 top1 0.3945 top5 0.6465
    [11:57:45] step 3250/5625 | avg train loss 1.9167 top1 0.3950 top5 0.6471
    [11:57:51] step 3275/5625 | avg train loss 1.9160 top1 0.3955 top5 0.6477
    [11:57:56] step 3300/5625 | avg train loss 1.9170 top1 0.3947 top5 0.6472
    [11:58:01] step 3325/5625 | avg train loss 1.9160 top1 0.3951 top5 0.6472
    [11:58:06] step 3350/5625 | avg train loss 1.9158 top1 0.3948 top5 0.6468
    [11:58:11] step 3375/5625 | avg train loss 1.9157 top1 0.3943 top5 0.6461
    [11:58:16] step 3400/5625 | avg train loss 1.9150 top1 0.3944 top5 0.6457
    [11:58:21] step 3425/5625 | avg train loss 1.9149 top1 0.3946 top5 0.6459
    [11:58:26] step 3450/5625 | avg train loss 1.9160 top1 0.3946 top5 0.6461
    [11:58:31] step 3475/5625 | avg train loss 1.9175 top1 0.3946 top5 0.6460
    [11:58:36] step 3500/5625 | avg train loss 1.9185 top1 0.3944 top5 0.6461
    [11:58:42] step 3525/5625 | avg train loss 1.9188 top1 0.3951 top5 0.6468
    [11:58:47] step 3550/5625 | avg train loss 1.9206 top1 0.3952 top5 0.6469
    [11:58:52] step 3575/5625 | avg train loss 1.9208 top1 0.3958 top5 0.6470
    [11:58:57] step 3600/5625 | avg train loss 1.9220 top1 0.3955 top5 0.6470
    [11:59:02] step 3625/5625 | avg train loss 1.9213 top1 0.3950 top5 0.6464
    [11:59:07] step 3650/5625 | avg train loss 1.9213 top1 0.3952 top5 0.6466
    [11:59:12] step 3675/5625 | avg train loss 1.9218 top1 0.3954 top5 0.6467
    [11:59:17] step 3700/5625 | avg train loss 1.9228 top1 0.3956 top5 0.6469
    [11:59:23] step 3725/5625 | avg train loss 1.9237 top1 0.3953 top5 0.6466
    [11:59:28] step 3750/5625 | avg train loss 1.9248 top1 0.3948 top5 0.6465
    [11:59:33] step 3775/5625 | avg train loss 1.9243 top1 0.3943 top5 0.6462
    [11:59:38] step 3800/5625 | avg train loss 1.9218 top1 0.3942 top5 0.6459
    [11:59:43] step 3825/5625 | avg train loss 1.9206 top1 0.3941 top5 0.6455
    [11:59:48] step 3850/5625 | avg train loss 1.9184 top1 0.3945 top5 0.6456
    [11:59:53] step 3875/5625 | avg train loss 1.9184 top1 0.3945 top5 0.6458
    [11:59:58] step 3900/5625 | avg train loss 1.9170 top1 0.3948 top5 0.6460
    [12:00:03] step 3925/5625 | avg train loss 1.9175 top1 0.3945 top5 0.6461
    [12:00:09] step 3950/5625 | avg train loss 1.9172 top1 0.3951 top5 0.6469
    [12:00:14] step 3975/5625 | avg train loss 1.9174 top1 0.3948 top5 0.6472
    [12:00:19] step 4000/5625 | avg train loss 1.9171 top1 0.3949 top5 0.6472
    [12:00:24] step 4025/5625 | avg train loss 1.9153 top1 0.3956 top5 0.6478
    [12:00:29] step 4050/5625 | avg train loss 1.9149 top1 0.3955 top5 0.6478
    [12:00:34] step 4075/5625 | avg train loss 1.9155 top1 0.3954 top5 0.6477
    [12:00:39] step 4100/5625 | avg train loss 1.9158 top1 0.3955 top5 0.6476
    [12:00:44] step 4125/5625 | avg train loss 1.9150 top1 0.3958 top5 0.6477
    [12:00:49] step 4150/5625 | avg train loss 1.9146 top1 0.3960 top5 0.6477
    [12:00:54] step 4175/5625 | avg train loss 1.9144 top1 0.3956 top5 0.6474
    [12:01:00] step 4200/5625 | avg train loss 1.9147 top1 0.3955 top5 0.6474
    [12:01:05] step 4225/5625 | avg train loss 1.9138 top1 0.3955 top5 0.6476
    [12:01:10] step 4250/5625 | avg train loss 1.9138 top1 0.3957 top5 0.6480
    [12:01:15] step 4275/5625 | avg train loss 1.9138 top1 0.3951 top5 0.6474
    [12:01:20] step 4300/5625 | avg train loss 1.9142 top1 0.3948 top5 0.6473
    [12:01:25] step 4325/5625 | avg train loss 1.9138 top1 0.3953 top5 0.6477
    [12:01:30] step 4350/5625 | avg train loss 1.9137 top1 0.3955 top5 0.6480
    [12:01:35] step 4375/5625 | avg train loss 1.9138 top1 0.3953 top5 0.6477
    [12:01:40] step 4400/5625 | avg train loss 1.9132 top1 0.3954 top5 0.6477
    [12:01:45] step 4425/5625 | avg train loss 1.9130 top1 0.3954 top5 0.6476
    [12:01:51] step 4450/5625 | avg train loss 1.9122 top1 0.3953 top5 0.6473
    [12:01:56] step 4475/5625 | avg train loss 1.9110 top1 0.3950 top5 0.6471
    [12:02:01] step 4500/5625 | avg train loss 1.9099 top1 0.3951 top5 0.6470
    [12:02:06] step 4525/5625 | avg train loss 1.9105 top1 0.3949 top5 0.6465
    [12:02:11] step 4550/5625 | avg train loss 1.9101 top1 0.3952 top5 0.6468
    [12:02:16] step 4575/5625 | avg train loss 1.9096 top1 0.3955 top5 0.6471
    [12:02:21] step 4600/5625 | avg train loss 1.9104 top1 0.3955 top5 0.6469
    [12:02:26] step 4625/5625 | avg train loss 1.9105 top1 0.3956 top5 0.6474
    [12:02:32] step 4650/5625 | avg train loss 1.9107 top1 0.3953 top5 0.6472
    [12:02:37] step 4675/5625 | avg train loss 1.9099 top1 0.3957 top5 0.6476
    [12:02:42] step 4700/5625 | avg train loss 1.9104 top1 0.3955 top5 0.6475
    [12:02:47] step 4725/5625 | avg train loss 1.9110 top1 0.3955 top5 0.6478
    [12:02:52] step 4750/5625 | avg train loss 1.9093 top1 0.3956 top5 0.6478
    [12:02:57] step 4775/5625 | avg train loss 1.9094 top1 0.3949 top5 0.6471
    [12:03:02] step 4800/5625 | avg train loss 1.9102 top1 0.3952 top5 0.6473
    [12:03:07] step 4825/5625 | avg train loss 1.9103 top1 0.3952 top5 0.6473
    [12:03:12] step 4850/5625 | avg train loss 1.9093 top1 0.3957 top5 0.6479
    [12:03:17] step 4875/5625 | avg train loss 1.9090 top1 0.3958 top5 0.6480
    [12:03:23] step 4900/5625 | avg train loss 1.9103 top1 0.3956 top5 0.6477
    [12:03:28] step 4925/5625 | avg train loss 1.9106 top1 0.3953 top5 0.6476
    [12:03:33] step 4950/5625 | avg train loss 1.9102 top1 0.3952 top5 0.6476
    [12:03:38] step 4975/5625 | avg train loss 1.9101 top1 0.3952 top5 0.6474
    [12:03:43] step 5000/5625 | avg train loss 1.9097 top1 0.3950 top5 0.6471
    [12:03:48] step 5025/5625 | avg train loss 1.9099 top1 0.3952 top5 0.6476
    [12:03:53] step 5050/5625 | avg train loss 1.9102 top1 0.3948 top5 0.6474
    [12:03:58] step 5075/5625 | avg train loss 1.9091 top1 0.3954 top5 0.6477
    [12:04:03] step 5100/5625 | avg train loss 1.9093 top1 0.3951 top5 0.6472
    [12:04:08] step 5125/5625 | avg train loss 1.9087 top1 0.3953 top5 0.6474
    [12:04:13] step 5150/5625 | avg train loss 1.9085 top1 0.3950 top5 0.6468
    [12:04:19] step 5175/5625 | avg train loss 1.9079 top1 0.3951 top5 0.6471
    [12:04:24] step 5200/5625 | avg train loss 1.9075 top1 0.3950 top5 0.6469
    [12:04:29] step 5225/5625 | avg train loss 1.9083 top1 0.3949 top5 0.6467
    [12:04:34] step 5250/5625 | avg train loss 1.9085 top1 0.3949 top5 0.6468
    [12:04:39] step 5275/5625 | avg train loss 1.9094 top1 0.3946 top5 0.6465
    [12:04:44] step 5300/5625 | avg train loss 1.9092 top1 0.3942 top5 0.6464
    [12:04:49] step 5325/5625 | avg train loss 1.9099 top1 0.3941 top5 0.6464
    [12:04:54] step 5350/5625 | avg train loss 1.9102 top1 0.3940 top5 0.6468
    [12:04:59] step 5375/5625 | avg train loss 1.9104 top1 0.3937 top5 0.6467
    [12:05:05] step 5400/5625 | avg train loss 1.9113 top1 0.3938 top5 0.6466
    [12:05:10] step 5425/5625 | avg train loss 1.9115 top1 0.3939 top5 0.6468
    [12:05:15] step 5450/5625 | avg train loss 1.9115 top1 0.3940 top5 0.6467
    [12:05:20] step 5475/5625 | avg train loss 1.9112 top1 0.3938 top5 0.6464
    [12:05:25] step 5500/5625 | avg train loss 1.9120 top1 0.3937 top5 0.6462
    [12:05:30] step 5525/5625 | avg train loss 1.9106 top1 0.3940 top5 0.6463
    [12:05:35] step 5550/5625 | avg train loss 1.9105 top1 0.3939 top5 0.6462
    [12:05:40] step 5575/5625 | avg train loss 1.9106 top1 0.3939 top5 0.6463
    [12:05:45] step 5600/5625 | avg train loss 1.9106 top1 0.3939 top5 0.6461
    [12:05:50] step 5625/5625 | avg train loss 1.9108 top1 0.3935 top5 0.6456
Epoch 38/50 | train loss 1.9108 top1 0.3935 | val loss 1.7955 top1 0.5011 top5 0.8139 | ema holdout top1 0.5023 top5 0.8182
  No val top1 improvement (4/15); best remains 0.5053
    [12:07:25] step 25/5625 | avg train loss 1.8516 top1 0.3400 top5 0.6450
    [12:07:30] step 50/5625 | avg train loss 1.8412 top1 0.3850 top5 0.6625
    [12:07:35] step 75/5625 | avg train loss 1.9060 top1 0.3933 top5 0.6700
    [12:07:40] step 100/5625 | avg train loss 1.9492 top1 0.3812 top5 0.6438
    [12:07:45] step 125/5625 | avg train loss 1.9697 top1 0.3880 top5 0.6500
    [12:07:51] step 150/5625 | avg train loss 1.9576 top1 0.3875 top5 0.6475
    [12:07:56] step 175/5625 | avg train loss 1.9339 top1 0.4014 top5 0.6643
    [12:08:01] step 200/5625 | avg train loss 1.9281 top1 0.3969 top5 0.6631
    [12:08:06] step 225/5625 | avg train loss 1.9390 top1 0.3933 top5 0.6589
    [12:08:11] step 250/5625 | avg train loss 1.9234 top1 0.3875 top5 0.6460
    [12:08:16] step 275/5625 | avg train loss 1.9056 top1 0.3909 top5 0.6468
    [12:08:21] step 300/5625 | avg train loss 1.9177 top1 0.3925 top5 0.6504
    [12:08:26] step 325/5625 | avg train loss 1.9266 top1 0.3904 top5 0.6458
    [12:08:31] step 350/5625 | avg train loss 1.9409 top1 0.3882 top5 0.6429
    [12:08:37] step 375/5625 | avg train loss 1.9338 top1 0.3933 top5 0.6480
    [12:08:42] step 400/5625 | avg train loss 1.9375 top1 0.3922 top5 0.6456
    [12:08:47] step 425/5625 | avg train loss 1.9335 top1 0.3929 top5 0.6482
    [12:08:52] step 450/5625 | avg train loss 1.9277 top1 0.3881 top5 0.6469
    [12:08:57] step 475/5625 | avg train loss 1.9220 top1 0.3892 top5 0.6479
    [12:09:02] step 500/5625 | avg train loss 1.9164 top1 0.3937 top5 0.6518
    [12:09:07] step 525/5625 | avg train loss 1.9223 top1 0.3914 top5 0.6510
    [12:09:12] step 550/5625 | avg train loss 1.9332 top1 0.3875 top5 0.6477
    [12:09:17] step 575/5625 | avg train loss 1.9335 top1 0.3891 top5 0.6502
    [12:09:22] step 600/5625 | avg train loss 1.9354 top1 0.3883 top5 0.6521
    [12:09:28] step 625/5625 | avg train loss 1.9455 top1 0.3886 top5 0.6522
    [12:09:33] step 650/5625 | avg train loss 1.9414 top1 0.3894 top5 0.6531
    [12:09:38] step 675/5625 | avg train loss 1.9319 top1 0.3909 top5 0.6533
    [12:09:43] step 700/5625 | avg train loss 1.9321 top1 0.3864 top5 0.6495
    [12:09:48] step 725/5625 | avg train loss 1.9390 top1 0.3872 top5 0.6503
    [12:09:53] step 750/5625 | avg train loss 1.9279 top1 0.3900 top5 0.6528
    [12:09:58] step 775/5625 | avg train loss 1.9291 top1 0.3903 top5 0.6537
    [12:10:03] step 800/5625 | avg train loss 1.9327 top1 0.3908 top5 0.6534
    [12:10:08] step 825/5625 | avg train loss 1.9332 top1 0.3912 top5 0.6539
    [12:10:13] step 850/5625 | avg train loss 1.9277 top1 0.3934 top5 0.6553
    [12:10:19] step 875/5625 | avg train loss 1.9274 top1 0.3944 top5 0.6560
    [12:10:24] step 900/5625 | avg train loss 1.9241 top1 0.3928 top5 0.6547
    [12:10:29] step 925/5625 | avg train loss 1.9250 top1 0.3918 top5 0.6545
    [12:10:34] step 950/5625 | avg train loss 1.9219 top1 0.3922 top5 0.6545
    [12:10:39] step 975/5625 | avg train loss 1.9204 top1 0.3912 top5 0.6540
    [12:10:44] step 1000/5625 | avg train loss 1.9261 top1 0.3900 top5 0.6532
    [12:10:49] step 1025/5625 | avg train loss 1.9234 top1 0.3918 top5 0.6550
    [12:10:54] step 1050/5625 | avg train loss 1.9263 top1 0.3915 top5 0.6544
    [12:11:00] step 1075/5625 | avg train loss 1.9245 top1 0.3912 top5 0.6544
    [12:11:05] step 1100/5625 | avg train loss 1.9184 top1 0.3905 top5 0.6539
    [12:11:10] step 1125/5625 | avg train loss 1.9180 top1 0.3907 top5 0.6529
    [12:11:15] step 1150/5625 | avg train loss 1.9162 top1 0.3911 top5 0.6529
    [12:11:20] step 1175/5625 | avg train loss 1.9162 top1 0.3913 top5 0.6547
    [12:11:25] step 1200/5625 | avg train loss 1.9145 top1 0.3912 top5 0.6540
    [12:11:30] step 1225/5625 | avg train loss 1.9155 top1 0.3913 top5 0.6527
    [12:11:35] step 1250/5625 | avg train loss 1.9134 top1 0.3902 top5 0.6513
    [12:11:40] step 1275/5625 | avg train loss 1.9107 top1 0.3895 top5 0.6499
    [12:11:45] step 1300/5625 | avg train loss 1.9094 top1 0.3904 top5 0.6508
    [12:11:50] step 1325/5625 | avg train loss 1.9111 top1 0.3904 top5 0.6514
    [12:11:56] step 1350/5625 | avg train loss 1.9140 top1 0.3898 top5 0.6512
    [12:12:01] step 1375/5625 | avg train loss 1.9152 top1 0.3903 top5 0.6515
    [12:12:06] step 1400/5625 | avg train loss 1.9155 top1 0.3895 top5 0.6510
    [12:12:11] step 1425/5625 | avg train loss 1.9131 top1 0.3895 top5 0.6496
    [12:12:16] step 1450/5625 | avg train loss 1.9119 top1 0.3909 top5 0.6509
    [12:12:21] step 1475/5625 | avg train loss 1.9084 top1 0.3910 top5 0.6508
    [12:12:26] step 1500/5625 | avg train loss 1.9147 top1 0.3896 top5 0.6500
    [12:12:31] step 1525/5625 | avg train loss 1.9187 top1 0.3884 top5 0.6483
    [12:12:36] step 1550/5625 | avg train loss 1.9172 top1 0.3881 top5 0.6477
    [12:12:42] step 1575/5625 | avg train loss 1.9178 top1 0.3887 top5 0.6490
    [12:12:47] step 1600/5625 | avg train loss 1.9183 top1 0.3882 top5 0.6494
    [12:12:52] step 1625/5625 | avg train loss 1.9176 top1 0.3891 top5 0.6504
    [12:12:57] step 1650/5625 | avg train loss 1.9198 top1 0.3890 top5 0.6505
    [12:13:02] step 1675/5625 | avg train loss 1.9189 top1 0.3895 top5 0.6504
    [12:13:07] step 1700/5625 | avg train loss 1.9180 top1 0.3885 top5 0.6485
    [12:13:12] step 1725/5625 | avg train loss 1.9206 top1 0.3880 top5 0.6479
    [12:13:17] step 1750/5625 | avg train loss 1.9238 top1 0.3875 top5 0.6471
    [12:13:22] step 1775/5625 | avg train loss 1.9222 top1 0.3877 top5 0.6468
    [12:13:27] step 1800/5625 | avg train loss 1.9212 top1 0.3885 top5 0.6465
    [12:13:32] step 1825/5625 | avg train loss 1.9225 top1 0.3892 top5 0.6466
    [12:13:38] step 1850/5625 | avg train loss 1.9211 top1 0.3898 top5 0.6469
    [12:13:43] step 1875/5625 | avg train loss 1.9186 top1 0.3901 top5 0.6469
    [12:13:48] step 1900/5625 | avg train loss 1.9201 top1 0.3901 top5 0.6463
    [12:13:53] step 1925/5625 | avg train loss 1.9188 top1 0.3895 top5 0.6445
    [12:13:58] step 1950/5625 | avg train loss 1.9169 top1 0.3894 top5 0.6448
    [12:14:03] step 1975/5625 | avg train loss 1.9175 top1 0.3897 top5 0.6449
    [12:14:08] step 2000/5625 | avg train loss 1.9189 top1 0.3894 top5 0.6449
    [12:14:13] step 2025/5625 | avg train loss 1.9180 top1 0.3894 top5 0.6449
    [12:14:18] step 2050/5625 | avg train loss 1.9200 top1 0.3899 top5 0.6457
    [12:14:23] step 2075/5625 | avg train loss 1.9208 top1 0.3904 top5 0.6461
    [12:14:29] step 2100/5625 | avg train loss 1.9195 top1 0.3908 top5 0.6462
    [12:14:34] step 2125/5625 | avg train loss 1.9179 top1 0.3912 top5 0.6460
    [12:14:39] step 2150/5625 | avg train loss 1.9188 top1 0.3905 top5 0.6453
    [12:14:44] step 2175/5625 | avg train loss 1.9192 top1 0.3907 top5 0.6459
    [12:14:49] step 2200/5625 | avg train loss 1.9184 top1 0.3909 top5 0.6464
    [12:14:54] step 2225/5625 | avg train loss 1.9180 top1 0.3911 top5 0.6461
    [12:14:59] step 2250/5625 | avg train loss 1.9210 top1 0.3907 top5 0.6463
    [12:15:04] step 2275/5625 | avg train loss 1.9225 top1 0.3909 top5 0.6463
    [12:15:09] step 2300/5625 | avg train loss 1.9228 top1 0.3903 top5 0.6461
    [12:15:14] step 2325/5625 | avg train loss 1.9230 top1 0.3907 top5 0.6462
    [12:15:19] step 2350/5625 | avg train loss 1.9211 top1 0.3896 top5 0.6449
    [12:15:24] step 2375/5625 | avg train loss 1.9207 top1 0.3907 top5 0.6459
    [12:15:30] step 2400/5625 | avg train loss 1.9206 top1 0.3909 top5 0.6457
    [12:15:35] step 2425/5625 | avg train loss 1.9197 top1 0.3918 top5 0.6462
    [12:15:40] step 2450/5625 | avg train loss 1.9190 top1 0.3913 top5 0.6466
    [12:15:45] step 2475/5625 | avg train loss 1.9215 top1 0.3914 top5 0.6465
    [12:15:50] step 2500/5625 | avg train loss 1.9211 top1 0.3908 top5 0.6456
    [12:15:55] step 2525/5625 | avg train loss 1.9190 top1 0.3908 top5 0.6452
    [12:16:00] step 2550/5625 | avg train loss 1.9190 top1 0.3907 top5 0.6449
    [12:16:05] step 2575/5625 | avg train loss 1.9194 top1 0.3905 top5 0.6447
    [12:16:10] step 2600/5625 | avg train loss 1.9201 top1 0.3900 top5 0.6445
    [12:16:15] step 2625/5625 | avg train loss 1.9193 top1 0.3890 top5 0.6435
    [12:16:20] step 2650/5625 | avg train loss 1.9199 top1 0.3891 top5 0.6439
    [12:16:25] step 2675/5625 | avg train loss 1.9192 top1 0.3893 top5 0.6443
    [12:16:31] step 2700/5625 | avg train loss 1.9186 top1 0.3894 top5 0.6445
    [12:16:36] step 2725/5625 | avg train loss 1.9196 top1 0.3900 top5 0.6449
    [12:16:41] step 2750/5625 | avg train loss 1.9186 top1 0.3904 top5 0.6452
    [12:16:46] step 2775/5625 | avg train loss 1.9179 top1 0.3908 top5 0.6456
    [12:16:51] step 2800/5625 | avg train loss 1.9174 top1 0.3903 top5 0.6449
    [12:16:56] step 2825/5625 | avg train loss 1.9181 top1 0.3907 top5 0.6457
    [12:17:01] step 2850/5625 | avg train loss 1.9185 top1 0.3905 top5 0.6462
    [12:17:06] step 2875/5625 | avg train loss 1.9182 top1 0.3901 top5 0.6456
    [12:17:11] step 2900/5625 | avg train loss 1.9171 top1 0.3902 top5 0.6458
    [12:17:16] step 2925/5625 | avg train loss 1.9163 top1 0.3898 top5 0.6456
    [12:17:21] step 2950/5625 | avg train loss 1.9146 top1 0.3902 top5 0.6458
    [12:17:27] step 2975/5625 | avg train loss 1.9146 top1 0.3901 top5 0.6461
    [12:17:32] step 3000/5625 | avg train loss 1.9146 top1 0.3899 top5 0.6460
    [12:17:37] step 3025/5625 | avg train loss 1.9154 top1 0.3896 top5 0.6459
    [12:17:42] step 3050/5625 | avg train loss 1.9146 top1 0.3897 top5 0.6457
    [12:17:47] step 3075/5625 | avg train loss 1.9131 top1 0.3900 top5 0.6458
    [12:17:52] step 3100/5625 | avg train loss 1.9141 top1 0.3901 top5 0.6457
    [12:17:57] step 3125/5625 | avg train loss 1.9112 top1 0.3906 top5 0.6459
    [12:18:02] step 3150/5625 | avg train loss 1.9113 top1 0.3905 top5 0.6461
    [12:18:07] step 3175/5625 | avg train loss 1.9118 top1 0.3903 top5 0.6461
    [12:18:12] step 3200/5625 | avg train loss 1.9117 top1 0.3901 top5 0.6461
    [12:18:17] step 3225/5625 | avg train loss 1.9113 top1 0.3904 top5 0.6462
    [12:18:22] step 3250/5625 | avg train loss 1.9091 top1 0.3910 top5 0.6464
    [12:18:28] step 3275/5625 | avg train loss 1.9092 top1 0.3906 top5 0.6458
    [12:18:33] step 3300/5625 | avg train loss 1.9080 top1 0.3911 top5 0.6461
    [12:18:38] step 3325/5625 | avg train loss 1.9100 top1 0.3912 top5 0.6461
    [12:18:43] step 3350/5625 | avg train loss 1.9110 top1 0.3909 top5 0.6456
    [12:18:48] step 3375/5625 | avg train loss 1.9117 top1 0.3913 top5 0.6461
    [12:18:53] step 3400/5625 | avg train loss 1.9125 top1 0.3909 top5 0.6458
    [12:18:58] step 3425/5625 | avg train loss 1.9121 top1 0.3912 top5 0.6459
    [12:19:03] step 3450/5625 | avg train loss 1.9122 top1 0.3914 top5 0.6459
    [12:19:08] step 3475/5625 | avg train loss 1.9111 top1 0.3916 top5 0.6457
    [12:19:13] step 3500/5625 | avg train loss 1.9104 top1 0.3917 top5 0.6460
    [12:19:18] step 3525/5625 | avg train loss 1.9116 top1 0.3918 top5 0.6462
    [12:19:23] step 3550/5625 | avg train loss 1.9114 top1 0.3919 top5 0.6468
    [12:19:29] step 3575/5625 | avg train loss 1.9105 top1 0.3925 top5 0.6473
    [12:19:34] step 3600/5625 | avg train loss 1.9103 top1 0.3919 top5 0.6466
    [12:19:39] step 3625/5625 | avg train loss 1.9101 top1 0.3922 top5 0.6470
    [12:19:44] step 3650/5625 | avg train loss 1.9101 top1 0.3920 top5 0.6466
    [12:19:49] step 3675/5625 | avg train loss 1.9087 top1 0.3918 top5 0.6466
    [12:19:54] step 3700/5625 | avg train loss 1.9097 top1 0.3917 top5 0.6465
    [12:19:59] step 3725/5625 | avg train loss 1.9089 top1 0.3920 top5 0.6468
    [12:20:04] step 3750/5625 | avg train loss 1.9074 top1 0.3927 top5 0.6475
    [12:20:09] step 3775/5625 | avg train loss 1.9089 top1 0.3928 top5 0.6472
    [12:20:14] step 3800/5625 | avg train loss 1.9089 top1 0.3925 top5 0.6470
    [12:20:20] step 3825/5625 | avg train loss 1.9082 top1 0.3920 top5 0.6464
    [12:20:25] step 3850/5625 | avg train loss 1.9086 top1 0.3918 top5 0.6464
    [12:20:30] step 3875/5625 | avg train loss 1.9063 top1 0.3915 top5 0.6462
    [12:20:35] step 3900/5625 | avg train loss 1.9068 top1 0.3911 top5 0.6460
    [12:20:40] step 3925/5625 | avg train loss 1.9061 top1 0.3908 top5 0.6458
    [12:20:45] step 3950/5625 | avg train loss 1.9067 top1 0.3905 top5 0.6457
    [12:20:50] step 3975/5625 | avg train loss 1.9076 top1 0.3909 top5 0.6460
    [12:20:55] step 4000/5625 | avg train loss 1.9082 top1 0.3907 top5 0.6458
    [12:21:00] step 4025/5625 | avg train loss 1.9070 top1 0.3908 top5 0.6458
    [12:21:05] step 4050/5625 | avg train loss 1.9070 top1 0.3905 top5 0.6454
    [12:21:10] step 4075/5625 | avg train loss 1.9065 top1 0.3899 top5 0.6447
    [12:21:15] step 4100/5625 | avg train loss 1.9073 top1 0.3900 top5 0.6446
    [12:21:20] step 4125/5625 | avg train loss 1.9073 top1 0.3902 top5 0.6447
    [12:21:26] step 4150/5625 | avg train loss 1.9072 top1 0.3904 top5 0.6449
    [12:21:31] step 4175/5625 | avg train loss 1.9065 top1 0.3909 top5 0.6456
    [12:21:36] step 4200/5625 | avg train loss 1.9064 top1 0.3913 top5 0.6457
    [12:21:41] step 4225/5625 | avg train loss 1.9066 top1 0.3914 top5 0.6456
    [12:21:46] step 4250/5625 | avg train loss 1.9078 top1 0.3914 top5 0.6459
    [12:21:51] step 4275/5625 | avg train loss 1.9096 top1 0.3911 top5 0.6456
    [12:21:56] step 4300/5625 | avg train loss 1.9081 top1 0.3914 top5 0.6459
    [12:22:01] step 4325/5625 | avg train loss 1.9077 top1 0.3914 top5 0.6459
    [12:22:06] step 4350/5625 | avg train loss 1.9066 top1 0.3916 top5 0.6457
    [12:22:11] step 4375/5625 | avg train loss 1.9067 top1 0.3919 top5 0.6460
    [12:22:16] step 4400/5625 | avg train loss 1.9063 top1 0.3922 top5 0.6462
    [12:22:21] step 4425/5625 | avg train loss 1.9068 top1 0.3922 top5 0.6464
    [12:22:27] step 4450/5625 | avg train loss 1.9074 top1 0.3923 top5 0.6467
    [12:22:32] step 4475/5625 | avg train loss 1.9073 top1 0.3920 top5 0.6463
    [12:22:37] step 4500/5625 | avg train loss 1.9066 top1 0.3923 top5 0.6465
    [12:22:42] step 4525/5625 | avg train loss 1.9084 top1 0.3919 top5 0.6460
    [12:22:47] step 4550/5625 | avg train loss 1.9082 top1 0.3919 top5 0.6461
    [12:22:52] step 4575/5625 | avg train loss 1.9085 top1 0.3922 top5 0.6466
    [12:22:57] step 4600/5625 | avg train loss 1.9078 top1 0.3924 top5 0.6465
    [12:23:02] step 4625/5625 | avg train loss 1.9075 top1 0.3925 top5 0.6468
    [12:23:07] step 4650/5625 | avg train loss 1.9074 top1 0.3921 top5 0.6465
    [12:23:12] step 4675/5625 | avg train loss 1.9078 top1 0.3922 top5 0.6464
    [12:23:17] step 4700/5625 | avg train loss 1.9085 top1 0.3918 top5 0.6461
    [12:23:23] step 4725/5625 | avg train loss 1.9089 top1 0.3915 top5 0.6460
    [12:23:28] step 4750/5625 | avg train loss 1.9085 top1 0.3917 top5 0.6457
    [12:23:33] step 4775/5625 | avg train loss 1.9077 top1 0.3922 top5 0.6462
    [12:23:38] step 4800/5625 | avg train loss 1.9064 top1 0.3922 top5 0.6463
    [12:23:43] step 4825/5625 | avg train loss 1.9068 top1 0.3919 top5 0.6464
    [12:23:48] step 4850/5625 | avg train loss 1.9063 top1 0.3924 top5 0.6465
    [12:23:53] step 4875/5625 | avg train loss 1.9056 top1 0.3927 top5 0.6467
    [12:23:58] step 4900/5625 | avg train loss 1.9056 top1 0.3926 top5 0.6468
    [12:24:03] step 4925/5625 | avg train loss 1.9045 top1 0.3925 top5 0.6467
    [12:24:08] step 4950/5625 | avg train loss 1.9044 top1 0.3926 top5 0.6468
    [12:24:13] step 4975/5625 | avg train loss 1.9054 top1 0.3922 top5 0.6467
    [12:24:18] step 5000/5625 | avg train loss 1.9053 top1 0.3923 top5 0.6467
    [12:24:23] step 5025/5625 | avg train loss 1.9046 top1 0.3928 top5 0.6473
    [12:24:29] step 5050/5625 | avg train loss 1.9052 top1 0.3928 top5 0.6473
    [12:24:34] step 5075/5625 | avg train loss 1.9050 top1 0.3928 top5 0.6474
    [12:24:39] step 5100/5625 | avg train loss 1.9054 top1 0.3929 top5 0.6474
    [12:24:44] step 5125/5625 | avg train loss 1.9057 top1 0.3931 top5 0.6477
    [12:24:49] step 5150/5625 | avg train loss 1.9057 top1 0.3932 top5 0.6481
    [12:24:54] step 5175/5625 | avg train loss 1.9055 top1 0.3935 top5 0.6484
    [12:24:59] step 5200/5625 | avg train loss 1.9045 top1 0.3934 top5 0.6482
    [12:25:04] step 5225/5625 | avg train loss 1.9055 top1 0.3934 top5 0.6480
    [12:25:09] step 5250/5625 | avg train loss 1.9046 top1 0.3932 top5 0.6477
    [12:25:14] step 5275/5625 | avg train loss 1.9041 top1 0.3931 top5 0.6478
    [12:25:19] step 5300/5625 | avg train loss 1.9036 top1 0.3931 top5 0.6475
    [12:25:24] step 5325/5625 | avg train loss 1.9042 top1 0.3929 top5 0.6473
    [12:25:29] step 5350/5625 | avg train loss 1.9051 top1 0.3930 top5 0.6475
    [12:25:34] step 5375/5625 | avg train loss 1.9048 top1 0.3931 top5 0.6476
    [12:25:40] step 5400/5625 | avg train loss 1.9042 top1 0.3929 top5 0.6473
    [12:25:45] step 5425/5625 | avg train loss 1.9037 top1 0.3927 top5 0.6469
    [12:25:50] step 5450/5625 | avg train loss 1.9033 top1 0.3931 top5 0.6472
    [12:25:55] step 5475/5625 | avg train loss 1.9038 top1 0.3930 top5 0.6472
    [12:26:00] step 5500/5625 | avg train loss 1.9043 top1 0.3930 top5 0.6477
    [12:26:05] step 5525/5625 | avg train loss 1.9038 top1 0.3929 top5 0.6477
    [12:26:10] step 5550/5625 | avg train loss 1.9043 top1 0.3928 top5 0.6477
    [12:26:15] step 5575/5625 | avg train loss 1.9048 top1 0.3928 top5 0.6476
    [12:26:20] step 5600/5625 | avg train loss 1.9048 top1 0.3930 top5 0.6477
    [12:26:25] step 5625/5625 | avg train loss 1.9055 top1 0.3931 top5 0.6474
Epoch 39/50 | train loss 1.9055 top1 0.3931 | val loss 1.7922 top1 0.5050 top5 0.8110 | ema holdout top1 0.5030 top5 0.8194
  No val top1 improvement (5/15); best remains 0.5053
    [12:28:00] step 25/5625 | avg train loss 1.7775 top1 0.4950 top5 0.7850
    [12:28:05] step 50/5625 | avg train loss 1.9106 top1 0.4550 top5 0.7275
    [12:28:10] step 75/5625 | avg train loss 1.8611 top1 0.4267 top5 0.6867
    [12:28:15] step 100/5625 | avg train loss 1.8578 top1 0.4088 top5 0.6462
    [12:28:20] step 125/5625 | avg train loss 1.8640 top1 0.4040 top5 0.6390
    [12:28:25] step 150/5625 | avg train loss 1.8759 top1 0.4250 top5 0.6592
    [12:28:30] step 175/5625 | avg train loss 1.8763 top1 0.4236 top5 0.6636
    [12:28:35] step 200/5625 | avg train loss 1.9042 top1 0.4181 top5 0.6587
    [12:28:40] step 225/5625 | avg train loss 1.9136 top1 0.4161 top5 0.6628
    [12:28:45] step 250/5625 | avg train loss 1.9025 top1 0.4155 top5 0.6685
    [12:28:50] step 275/5625 | avg train loss 1.9166 top1 0.4164 top5 0.6641
    [12:28:55] step 300/5625 | avg train loss 1.9156 top1 0.4125 top5 0.6625
    [12:29:00] step 325/5625 | avg train loss 1.9357 top1 0.4081 top5 0.6627
    [12:29:06] step 350/5625 | avg train loss 1.9447 top1 0.4075 top5 0.6625
    [12:29:11] step 375/5625 | avg train loss 1.9300 top1 0.4120 top5 0.6663
    [12:29:16] step 400/5625 | avg train loss 1.9296 top1 0.4069 top5 0.6597
    [12:29:21] step 425/5625 | avg train loss 1.9332 top1 0.4062 top5 0.6565
    [12:29:26] step 450/5625 | avg train loss 1.9275 top1 0.4094 top5 0.6611
    [12:29:31] step 475/5625 | avg train loss 1.9195 top1 0.4097 top5 0.6608
    [12:29:36] step 500/5625 | avg train loss 1.9187 top1 0.4100 top5 0.6613
    [12:29:41] step 525/5625 | avg train loss 1.9146 top1 0.4138 top5 0.6648
    [12:29:46] step 550/5625 | avg train loss 1.9104 top1 0.4164 top5 0.6652
    [12:29:51] step 575/5625 | avg train loss 1.9095 top1 0.4170 top5 0.6685
    [12:29:56] step 600/5625 | avg train loss 1.9127 top1 0.4163 top5 0.6656
    [12:30:01] step 625/5625 | avg train loss 1.9064 top1 0.4142 top5 0.6628
    [12:30:07] step 650/5625 | avg train loss 1.9061 top1 0.4152 top5 0.6627
    [12:30:12] step 675/5625 | avg train loss 1.9021 top1 0.4128 top5 0.6607
    [12:30:17] step 700/5625 | avg train loss 1.9095 top1 0.4121 top5 0.6623
    [12:30:22] step 725/5625 | avg train loss 1.9181 top1 0.4088 top5 0.6616
    [12:30:27] step 750/5625 | avg train loss 1.9215 top1 0.4093 top5 0.6608
    [12:30:32] step 775/5625 | avg train loss 1.9178 top1 0.4076 top5 0.6597
    [12:30:37] step 800/5625 | avg train loss 1.9180 top1 0.4086 top5 0.6625
    [12:30:42] step 825/5625 | avg train loss 1.9166 top1 0.4094 top5 0.6629
    [12:30:47] step 850/5625 | avg train loss 1.9187 top1 0.4091 top5 0.6644
    [12:30:52] step 875/5625 | avg train loss 1.9175 top1 0.4114 top5 0.6659
    [12:30:57] step 900/5625 | avg train loss 1.9189 top1 0.4129 top5 0.6676
    [12:31:03] step 925/5625 | avg train loss 1.9157 top1 0.4118 top5 0.6664
    [12:31:08] step 950/5625 | avg train loss 1.9105 top1 0.4120 top5 0.6659
    [12:31:13] step 975/5625 | avg train loss 1.9044 top1 0.4117 top5 0.6646
    [12:31:18] step 1000/5625 | avg train loss 1.9046 top1 0.4093 top5 0.6629
    [12:31:23] step 1025/5625 | avg train loss 1.9052 top1 0.4079 top5 0.6622
    [12:31:28] step 1050/5625 | avg train loss 1.9050 top1 0.4081 top5 0.6626
    [12:31:33] step 1075/5625 | avg train loss 1.9107 top1 0.4057 top5 0.6620
    [12:31:38] step 1100/5625 | avg train loss 1.9085 top1 0.4048 top5 0.6613
    [12:31:43] step 1125/5625 | avg train loss 1.9025 top1 0.4053 top5 0.6616
    [12:31:48] step 1150/5625 | avg train loss 1.9036 top1 0.4051 top5 0.6612
    [12:31:53] step 1175/5625 | avg train loss 1.9028 top1 0.4060 top5 0.6612
    [12:31:58] step 1200/5625 | avg train loss 1.9016 top1 0.4060 top5 0.6613
    [12:32:04] step 1225/5625 | avg train loss 1.9015 top1 0.4055 top5 0.6605
    [12:32:09] step 1250/5625 | avg train loss 1.8997 top1 0.4061 top5 0.6613
    [12:32:14] step 1275/5625 | avg train loss 1.8960 top1 0.4067 top5 0.6613
    [12:32:19] step 1300/5625 | avg train loss 1.8978 top1 0.4054 top5 0.6600
    [12:32:24] step 1325/5625 | avg train loss 1.9007 top1 0.4053 top5 0.6592
    [12:32:29] step 1350/5625 | avg train loss 1.9009 top1 0.4038 top5 0.6577
    [12:32:34] step 1375/5625 | avg train loss 1.9032 top1 0.4039 top5 0.6581
    [12:32:39] step 1400/5625 | avg train loss 1.9033 top1 0.4029 top5 0.6571
    [12:32:44] step 1425/5625 | avg train loss 1.9070 top1 0.4037 top5 0.6584
    [12:32:49] step 1450/5625 | avg train loss 1.9086 top1 0.4047 top5 0.6584
    [12:32:54] step 1475/5625 | avg train loss 1.9086 top1 0.4049 top5 0.6586
    [12:33:00] step 1500/5625 | avg train loss 1.9098 top1 0.4042 top5 0.6582
    [12:33:05] step 1525/5625 | avg train loss 1.9060 top1 0.4058 top5 0.6589
    [12:33:10] step 1550/5625 | avg train loss 1.9050 top1 0.4042 top5 0.6571
    [12:33:15] step 1575/5625 | avg train loss 1.9046 top1 0.4036 top5 0.6568
    [12:33:20] step 1600/5625 | avg train loss 1.9052 top1 0.4042 top5 0.6571
    [12:33:25] step 1625/5625 | avg train loss 1.9047 top1 0.4045 top5 0.6570
    [12:33:30] step 1650/5625 | avg train loss 1.9032 top1 0.4052 top5 0.6585
    [12:33:35] step 1675/5625 | avg train loss 1.9066 top1 0.4048 top5 0.6585
    [12:33:40] step 1700/5625 | avg train loss 1.9040 top1 0.4043 top5 0.6580
    [12:33:45] step 1725/5625 | avg train loss 1.9004 top1 0.4043 top5 0.6577
    [12:33:50] step 1750/5625 | avg train loss 1.8980 top1 0.4041 top5 0.6578
    [12:33:55] step 1775/5625 | avg train loss 1.8965 top1 0.4038 top5 0.6575
    [12:34:01] step 1800/5625 | avg train loss 1.8960 top1 0.4044 top5 0.6573
    [12:34:06] step 1825/5625 | avg train loss 1.8954 top1 0.4032 top5 0.6558
    [12:34:11] step 1850/5625 | avg train loss 1.9004 top1 0.4023 top5 0.6550
    [12:34:16] step 1875/5625 | avg train loss 1.8999 top1 0.4014 top5 0.6546
    [12:34:21] step 1900/5625 | avg train loss 1.8994 top1 0.4010 top5 0.6542
    [12:34:26] step 1925/5625 | avg train loss 1.8999 top1 0.4004 top5 0.6540
    [12:34:31] step 1950/5625 | avg train loss 1.9000 top1 0.4007 top5 0.6547
    [12:34:36] step 1975/5625 | avg train loss 1.8977 top1 0.4008 top5 0.6556
    [12:34:41] step 2000/5625 | avg train loss 1.8969 top1 0.4020 top5 0.6562
    [12:34:46] step 2025/5625 | avg train loss 1.8977 top1 0.4026 top5 0.6569
    [12:34:51] step 2050/5625 | avg train loss 1.8959 top1 0.4034 top5 0.6576
    [12:34:56] step 2075/5625 | avg train loss 1.8959 top1 0.4038 top5 0.6584
    [12:35:01] step 2100/5625 | avg train loss 1.8931 top1 0.4042 top5 0.6590
    [12:35:07] step 2125/5625 | avg train loss 1.8937 top1 0.4046 top5 0.6588
    [12:35:12] step 2150/5625 | avg train loss 1.8950 top1 0.4047 top5 0.6585
    [12:35:17] step 2175/5625 | avg train loss 1.8949 top1 0.4049 top5 0.6586
    [12:35:22] step 2200/5625 | avg train loss 1.8957 top1 0.4045 top5 0.6587
    [12:35:27] step 2225/5625 | avg train loss 1.8951 top1 0.4042 top5 0.6582
    [12:35:32] step 2250/5625 | avg train loss 1.8934 top1 0.4040 top5 0.6581
    [12:35:37] step 2275/5625 | avg train loss 1.8959 top1 0.4038 top5 0.6582
    [12:35:42] step 2300/5625 | avg train loss 1.8965 top1 0.4036 top5 0.6582
    [12:35:47] step 2325/5625 | avg train loss 1.8969 top1 0.4027 top5 0.6569
    [12:35:52] step 2350/5625 | avg train loss 1.8985 top1 0.4027 top5 0.6567
    [12:35:57] step 2375/5625 | avg train loss 1.8955 top1 0.4030 top5 0.6571
    [12:36:03] step 2400/5625 | avg train loss 1.8946 top1 0.4034 top5 0.6574
    [12:36:08] step 2425/5625 | avg train loss 1.8956 top1 0.4031 top5 0.6567
    [12:36:13] step 2450/5625 | avg train loss 1.8958 top1 0.4028 top5 0.6561
    [12:36:18] step 2475/5625 | avg train loss 1.8947 top1 0.4022 top5 0.6552
    [12:36:23] step 2500/5625 | avg train loss 1.8946 top1 0.4023 top5 0.6559
    [12:36:28] step 2525/5625 | avg train loss 1.8948 top1 0.4026 top5 0.6560
    [12:36:33] step 2550/5625 | avg train loss 1.8965 top1 0.4023 top5 0.6559
    [12:36:38] step 2575/5625 | avg train loss 1.8963 top1 0.4023 top5 0.6558
    [12:36:43] step 2600/5625 | avg train loss 1.8963 top1 0.4019 top5 0.6558
    [12:36:48] step 2625/5625 | avg train loss 1.8951 top1 0.4022 top5 0.6559
    [12:36:53] step 2650/5625 | avg train loss 1.8947 top1 0.4024 top5 0.6558
    [12:36:58] step 2675/5625 | avg train loss 1.8942 top1 0.4019 top5 0.6555
    [12:37:04] step 2700/5625 | avg train loss 1.8934 top1 0.4018 top5 0.6552
    [12:37:09] step 2725/5625 | avg train loss 1.8939 top1 0.4022 top5 0.6549
    [12:37:14] step 2750/5625 | avg train loss 1.8972 top1 0.4018 top5 0.6551
    [12:37:19] step 2775/5625 | avg train loss 1.8973 top1 0.4016 top5 0.6543
    [12:37:24] step 2800/5625 | avg train loss 1.8982 top1 0.4022 top5 0.6549
    [12:37:29] step 2825/5625 | avg train loss 1.8990 top1 0.4021 top5 0.6548
    [12:37:34] step 2850/5625 | avg train loss 1.8984 top1 0.4026 top5 0.6556
    [12:37:39] step 2875/5625 | avg train loss 1.8985 top1 0.4028 top5 0.6559
    [12:37:44] step 2900/5625 | avg train loss 1.8976 top1 0.4030 top5 0.6562
    [12:37:49] step 2925/5625 | avg train loss 1.8984 top1 0.4029 top5 0.6560
    [12:37:55] step 2950/5625 | avg train loss 1.9002 top1 0.4030 top5 0.6560
    [12:38:00] step 2975/5625 | avg train loss 1.8994 top1 0.4029 top5 0.6558
    [12:38:05] step 3000/5625 | avg train loss 1.8993 top1 0.4031 top5 0.6563
    [12:38:10] step 3025/5625 | avg train loss 1.8988 top1 0.4029 top5 0.6562
    [12:38:15] step 3050/5625 | avg train loss 1.8977 top1 0.4033 top5 0.6568
    [12:38:20] step 3075/5625 | avg train loss 1.8971 top1 0.4035 top5 0.6571
    [12:38:25] step 3100/5625 | avg train loss 1.8963 top1 0.4033 top5 0.6567
    [12:38:30] step 3125/5625 | avg train loss 1.8956 top1 0.4031 top5 0.6564
    [12:38:35] step 3150/5625 | avg train loss 1.8965 top1 0.4025 top5 0.6561
    [12:38:40] step 3175/5625 | avg train loss 1.8955 top1 0.4026 top5 0.6559
    [12:38:45] step 3200/5625 | avg train loss 1.8958 top1 0.4026 top5 0.6560
    [12:38:50] step 3225/5625 | avg train loss 1.8966 top1 0.4022 top5 0.6558
    [12:38:56] step 3250/5625 | avg train loss 1.8965 top1 0.4024 top5 0.6563
    [12:39:01] step 3275/5625 | avg train loss 1.8951 top1 0.4023 top5 0.6563
    [12:39:06] step 3300/5625 | avg train loss 1.8952 top1 0.4020 top5 0.6557
    [12:39:11] step 3325/5625 | avg train loss 1.8954 top1 0.4021 top5 0.6560
    [12:39:16] step 3350/5625 | avg train loss 1.8948 top1 0.4026 top5 0.6565
    [12:39:21] step 3375/5625 | avg train loss 1.8951 top1 0.4027 top5 0.6565
    [12:39:26] step 3400/5625 | avg train loss 1.8962 top1 0.4025 top5 0.6566
    [12:39:31] step 3425/5625 | avg train loss 1.8954 top1 0.4024 top5 0.6565
    [12:39:36] step 3450/5625 | avg train loss 1.8961 top1 0.4025 top5 0.6564
    [12:39:41] step 3475/5625 | avg train loss 1.8962 top1 0.4028 top5 0.6567
    [12:39:46] step 3500/5625 | avg train loss 1.8972 top1 0.4026 top5 0.6565
    [12:39:51] step 3525/5625 | avg train loss 1.8970 top1 0.4025 top5 0.6561
    [12:39:57] step 3550/5625 | avg train loss 1.8968 top1 0.4027 top5 0.6563
    [12:40:02] step 3575/5625 | avg train loss 1.8942 top1 0.4027 top5 0.6560
    [12:40:07] step 3600/5625 | avg train loss 1.8941 top1 0.4023 top5 0.6558
    [12:40:12] step 3625/5625 | avg train loss 1.8958 top1 0.4017 top5 0.6552
    [12:40:17] step 3650/5625 | avg train loss 1.8959 top1 0.4014 top5 0.6549
    [12:40:22] step 3675/5625 | avg train loss 1.8968 top1 0.4011 top5 0.6547
    [12:40:27] step 3700/5625 | avg train loss 1.8963 top1 0.4008 top5 0.6548
    [12:40:32] step 3725/5625 | avg train loss 1.8958 top1 0.4011 top5 0.6550
    [12:40:37] step 3750/5625 | avg train loss 1.8964 top1 0.4013 top5 0.6554
    [12:40:42] step 3775/5625 | avg train loss 1.8956 top1 0.4016 top5 0.6557
    [12:40:48] step 3800/5625 | avg train loss 1.8963 top1 0.4009 top5 0.6552
    [12:40:53] step 3825/5625 | avg train loss 1.8954 top1 0.4015 top5 0.6555
    [12:40:58] step 3850/5625 | avg train loss 1.8935 top1 0.4022 top5 0.6558
    [12:41:03] step 3875/5625 | avg train loss 1.8946 top1 0.4024 top5 0.6563
    [12:41:08] step 3900/5625 | avg train loss 1.8949 top1 0.4022 top5 0.6561
    [12:41:13] step 3925/5625 | avg train loss 1.8947 top1 0.4018 top5 0.6558
    [12:41:18] step 3950/5625 | avg train loss 1.8937 top1 0.4020 top5 0.6560
    [12:41:23] step 3975/5625 | avg train loss 1.8954 top1 0.4015 top5 0.6556
    [12:41:28] step 4000/5625 | avg train loss 1.8952 top1 0.4013 top5 0.6554
    [12:41:33] step 4025/5625 | avg train loss 1.8952 top1 0.4013 top5 0.6552
    [12:41:39] step 4050/5625 | avg train loss 1.8943 top1 0.4017 top5 0.6555
    [12:41:44] step 4075/5625 | avg train loss 1.8936 top1 0.4017 top5 0.6552
    [12:41:49] step 4100/5625 | avg train loss 1.8943 top1 0.4016 top5 0.6554
    [12:41:54] step 4125/5625 | avg train loss 1.8947 top1 0.4012 top5 0.6551
    [12:41:59] step 4150/5625 | avg train loss 1.8932 top1 0.4015 top5 0.6553
    [12:42:04] step 4175/5625 | avg train loss 1.8914 top1 0.4022 top5 0.6558
    [12:42:09] step 4200/5625 | avg train loss 1.8914 top1 0.4022 top5 0.6559
    [12:42:14] step 4225/5625 | avg train loss 1.8923 top1 0.4021 top5 0.6558
    [12:42:19] step 4250/5625 | avg train loss 1.8920 top1 0.4019 top5 0.6556
    [12:42:25] step 4275/5625 | avg train loss 1.8913 top1 0.4022 top5 0.6561
    [12:42:30] step 4300/5625 | avg train loss 1.8909 top1 0.4021 top5 0.6559
    [12:42:35] step 4325/5625 | avg train loss 1.8900 top1 0.4019 top5 0.6555
    [12:42:40] step 4350/5625 | avg train loss 1.8898 top1 0.4018 top5 0.6556
    [12:42:45] step 4375/5625 | avg train loss 1.8895 top1 0.4020 top5 0.6560
    [12:42:50] step 4400/5625 | avg train loss 1.8892 top1 0.4022 top5 0.6560
    [12:42:55] step 4425/5625 | avg train loss 1.8883 top1 0.4021 top5 0.6560
    [12:43:00] step 4450/5625 | avg train loss 1.8871 top1 0.4023 top5 0.6562
    [12:43:05] step 4475/5625 | avg train loss 1.8864 top1 0.4024 top5 0.6560
    [12:43:10] step 4500/5625 | avg train loss 1.8862 top1 0.4025 top5 0.6559
    [12:43:16] step 4525/5625 | avg train loss 1.8861 top1 0.4025 top5 0.6556
    [12:43:21] step 4550/5625 | avg train loss 1.8867 top1 0.4031 top5 0.6562
    [12:43:26] step 4575/5625 | avg train loss 1.8869 top1 0.4031 top5 0.6561
    [12:43:31] step 4600/5625 | avg train loss 1.8864 top1 0.4033 top5 0.6562
    [12:43:36] step 4625/5625 | avg train loss 1.8871 top1 0.4031 top5 0.6559
    [12:43:41] step 4650/5625 | avg train loss 1.8870 top1 0.4030 top5 0.6559
    [12:43:46] step 4675/5625 | avg train loss 1.8859 top1 0.4035 top5 0.6562
    [12:43:51] step 4700/5625 | avg train loss 1.8862 top1 0.4035 top5 0.6565
    [12:43:56] step 4725/5625 | avg train loss 1.8861 top1 0.4028 top5 0.6556
    [12:44:01] step 4750/5625 | avg train loss 1.8858 top1 0.4027 top5 0.6556
    [12:44:07] step 4775/5625 | avg train loss 1.8853 top1 0.4021 top5 0.6547
    [12:44:12] step 4800/5625 | avg train loss 1.8851 top1 0.4020 top5 0.6546
    [12:44:17] step 4825/5625 | avg train loss 1.8845 top1 0.4016 top5 0.6546
    [12:44:22] step 4850/5625 | avg train loss 1.8851 top1 0.4014 top5 0.6544
    [12:44:27] step 4875/5625 | avg train loss 1.8853 top1 0.4014 top5 0.6545
    [12:44:32] step 4900/5625 | avg train loss 1.8851 top1 0.4016 top5 0.6545
    [12:44:37] step 4925/5625 | avg train loss 1.8858 top1 0.4018 top5 0.6546
    [12:44:42] step 4950/5625 | avg train loss 1.8842 top1 0.4021 top5 0.6549
    [12:44:47] step 4975/5625 | avg train loss 1.8847 top1 0.4020 top5 0.6552
    [12:44:53] step 5000/5625 | avg train loss 1.8840 top1 0.4018 top5 0.6550
    [12:44:58] step 5025/5625 | avg train loss 1.8846 top1 0.4013 top5 0.6545
    [12:45:03] step 5050/5625 | avg train loss 1.8829 top1 0.4012 top5 0.6545
    [12:45:08] step 5075/5625 | avg train loss 1.8820 top1 0.4008 top5 0.6540
    [12:45:13] step 5100/5625 | avg train loss 1.8819 top1 0.4006 top5 0.6538
    [12:45:18] step 5125/5625 | avg train loss 1.8820 top1 0.4003 top5 0.6535
    [12:45:23] step 5150/5625 | avg train loss 1.8819 top1 0.4007 top5 0.6536
    [12:45:28] step 5175/5625 | avg train loss 1.8822 top1 0.4008 top5 0.6539
    [12:45:33] step 5200/5625 | avg train loss 1.8822 top1 0.4006 top5 0.6538
    [12:45:38] step 5225/5625 | avg train loss 1.8819 top1 0.4008 top5 0.6539
    [12:45:44] step 5250/5625 | avg train loss 1.8821 top1 0.4006 top5 0.6537
    [12:45:49] step 5275/5625 | avg train loss 1.8818 top1 0.4004 top5 0.6535
    [12:45:54] step 5300/5625 | avg train loss 1.8810 top1 0.4004 top5 0.6535
    [12:45:59] step 5325/5625 | avg train loss 1.8824 top1 0.4001 top5 0.6537
    [12:46:04] step 5350/5625 | avg train loss 1.8812 top1 0.4003 top5 0.6537
    [12:46:09] step 5375/5625 | avg train loss 1.8809 top1 0.4005 top5 0.6541
    [12:46:14] step 5400/5625 | avg train loss 1.8807 top1 0.4004 top5 0.6538
    [12:46:19] step 5425/5625 | avg train loss 1.8798 top1 0.4003 top5 0.6533
    [12:46:24] step 5450/5625 | avg train loss 1.8803 top1 0.4004 top5 0.6534
    [12:46:29] step 5475/5625 | avg train loss 1.8810 top1 0.4002 top5 0.6534
    [12:46:34] step 5500/5625 | avg train loss 1.8820 top1 0.4002 top5 0.6535
    [12:46:39] step 5525/5625 | avg train loss 1.8831 top1 0.4001 top5 0.6533
    [12:46:45] step 5550/5625 | avg train loss 1.8837 top1 0.3999 top5 0.6531
    [12:46:50] step 5575/5625 | avg train loss 1.8842 top1 0.3999 top5 0.6534
    [12:46:55] step 5600/5625 | avg train loss 1.8844 top1 0.3997 top5 0.6532
    [12:47:00] step 5625/5625 | avg train loss 1.8849 top1 0.3997 top5 0.6532
Epoch 40/50 | train loss 1.8849 top1 0.3997 | val loss 1.7998 top1 0.5023 top5 0.8135 | ema holdout top1 0.5079 top5 0.8212
  Saved new best checkpoint (ema): /Data/romain.poggi/smth2smth/checkpoints/track_a/videomaev2+ft/meanpool-mae150-s44.pt (val top1=0.5079)
    [12:48:35] step 25/5625 | avg train loss 1.7940 top1 0.4600 top5 0.6850
    [12:48:40] step 50/5625 | avg train loss 1.7228 top1 0.4575 top5 0.6950
    [12:48:46] step 75/5625 | avg train loss 1.7845 top1 0.4283 top5 0.6867
    [12:48:51] step 100/5625 | avg train loss 1.8102 top1 0.4075 top5 0.6700
    [12:48:56] step 125/5625 | avg train loss 1.8430 top1 0.3950 top5 0.6500
    [12:49:01] step 150/5625 | avg train loss 1.8550 top1 0.3833 top5 0.6442
    [12:49:06] step 175/5625 | avg train loss 1.8658 top1 0.3864 top5 0.6493
    [12:49:11] step 200/5625 | avg train loss 1.8687 top1 0.3900 top5 0.6506
    [12:49:16] step 225/5625 | avg train loss 1.8509 top1 0.3950 top5 0.6511
    [12:49:21] step 250/5625 | avg train loss 1.8674 top1 0.4025 top5 0.6545
    [12:49:26] step 275/5625 | avg train loss 1.8744 top1 0.4027 top5 0.6523
    [12:49:31] step 300/5625 | avg train loss 1.8604 top1 0.4079 top5 0.6546
    [12:49:37] step 325/5625 | avg train loss 1.8563 top1 0.4073 top5 0.6546
    [12:49:42] step 350/5625 | avg train loss 1.8714 top1 0.4050 top5 0.6557
    [12:49:47] step 375/5625 | avg train loss 1.8808 top1 0.4043 top5 0.6590
    [12:49:52] step 400/5625 | avg train loss 1.8723 top1 0.4056 top5 0.6575
    [12:49:57] step 425/5625 | avg train loss 1.8564 top1 0.4126 top5 0.6644
    [12:50:02] step 450/5625 | avg train loss 1.8568 top1 0.4108 top5 0.6614
    [12:50:07] step 475/5625 | avg train loss 1.8659 top1 0.4074 top5 0.6568
    [12:50:12] step 500/5625 | avg train loss 1.8716 top1 0.4073 top5 0.6555
    [12:50:17] step 525/5625 | avg train loss 1.8718 top1 0.4117 top5 0.6581
    [12:50:22] step 550/5625 | avg train loss 1.8690 top1 0.4093 top5 0.6577
    [12:50:27] step 575/5625 | avg train loss 1.8647 top1 0.4107 top5 0.6596
    [12:50:32] step 600/5625 | avg train loss 1.8583 top1 0.4081 top5 0.6554
    [12:50:38] step 625/5625 | avg train loss 1.8535 top1 0.4110 top5 0.6606
    [12:50:43] step 650/5625 | avg train loss 1.8604 top1 0.4088 top5 0.6583
    [12:50:48] step 675/5625 | avg train loss 1.8601 top1 0.4052 top5 0.6535
    [12:50:53] step 700/5625 | avg train loss 1.8588 top1 0.4052 top5 0.6541
    [12:50:58] step 725/5625 | avg train loss 1.8632 top1 0.4050 top5 0.6552
    [12:51:03] step 750/5625 | avg train loss 1.8664 top1 0.4050 top5 0.6543
    [12:51:08] step 775/5625 | avg train loss 1.8667 top1 0.4058 top5 0.6560
    [12:51:13] step 800/5625 | avg train loss 1.8683 top1 0.4055 top5 0.6545
    [12:51:18] step 825/5625 | avg train loss 1.8774 top1 0.4050 top5 0.6538
    [12:51:23] step 850/5625 | avg train loss 1.8735 top1 0.4062 top5 0.6540
    [12:51:28] step 875/5625 | avg train loss 1.8766 top1 0.4037 top5 0.6511
    [12:51:33] step 900/5625 | avg train loss 1.8776 top1 0.4043 top5 0.6512
    [12:51:39] step 925/5625 | avg train loss 1.8808 top1 0.4031 top5 0.6507
    [12:51:44] step 950/5625 | avg train loss 1.8823 top1 0.4047 top5 0.6522
    [12:51:49] step 975/5625 | avg train loss 1.8795 top1 0.4015 top5 0.6491
    [12:51:54] step 1000/5625 | avg train loss 1.8810 top1 0.4012 top5 0.6486
    [12:51:59] step 1025/5625 | avg train loss 1.8791 top1 0.4000 top5 0.6477
    [12:52:04] step 1050/5625 | avg train loss 1.8773 top1 0.4005 top5 0.6485
    [12:52:09] step 1075/5625 | avg train loss 1.8787 top1 0.4012 top5 0.6493
    [12:52:14] step 1100/5625 | avg train loss 1.8779 top1 0.4026 top5 0.6507
    [12:52:19] step 1125/5625 | avg train loss 1.8775 top1 0.4028 top5 0.6507
    [12:52:24] step 1150/5625 | avg train loss 1.8811 top1 0.4017 top5 0.6495
    [12:52:30] step 1175/5625 | avg train loss 1.8791 top1 0.4028 top5 0.6502
    [12:52:35] step 1200/5625 | avg train loss 1.8780 top1 0.4024 top5 0.6505
    [12:52:40] step 1225/5625 | avg train loss 1.8808 top1 0.4026 top5 0.6504
    [12:52:45] step 1250/5625 | avg train loss 1.8839 top1 0.4024 top5 0.6516
    [12:52:50] step 1275/5625 | avg train loss 1.8878 top1 0.4020 top5 0.6510
    [12:52:55] step 1300/5625 | avg train loss 1.8861 top1 0.4024 top5 0.6514
    [12:53:00] step 1325/5625 | avg train loss 1.8878 top1 0.4019 top5 0.6517
    [12:53:05] step 1350/5625 | avg train loss 1.8913 top1 0.4015 top5 0.6505
    [12:53:10] step 1375/5625 | avg train loss 1.8915 top1 0.4025 top5 0.6518
    [12:53:15] step 1400/5625 | avg train loss 1.8936 top1 0.4013 top5 0.6516
    [12:53:20] step 1425/5625 | avg train loss 1.8910 top1 0.4010 top5 0.6510
    [12:53:25] step 1450/5625 | avg train loss 1.8889 top1 0.4021 top5 0.6508
    [12:53:30] step 1475/5625 | avg train loss 1.8882 top1 0.3998 top5 0.6489
    [12:53:36] step 1500/5625 | avg train loss 1.8872 top1 0.4004 top5 0.6500
    [12:53:41] step 1525/5625 | avg train loss 1.8886 top1 0.4007 top5 0.6507
    [12:53:46] step 1550/5625 | avg train loss 1.8868 top1 0.4015 top5 0.6510
    [12:53:51] step 1575/5625 | avg train loss 1.8862 top1 0.4018 top5 0.6510
    [12:53:56] step 1600/5625 | avg train loss 1.8853 top1 0.4023 top5 0.6520
    [12:54:01] step 1625/5625 | avg train loss 1.8861 top1 0.4023 top5 0.6520
    [12:54:06] step 1650/5625 | avg train loss 1.8871 top1 0.4037 top5 0.6539
    [12:54:11] step 1675/5625 | avg train loss 1.8873 top1 0.4037 top5 0.6550
    [12:54:16] step 1700/5625 | avg train loss 1.8849 top1 0.4034 top5 0.6559
    [12:54:21] step 1725/5625 | avg train loss 1.8857 top1 0.4041 top5 0.6575
    [12:54:26] step 1750/5625 | avg train loss 1.8869 top1 0.4043 top5 0.6576
    [12:54:32] step 1775/5625 | avg train loss 1.8876 top1 0.4042 top5 0.6575
    [12:54:37] step 1800/5625 | avg train loss 1.8918 top1 0.4032 top5 0.6570
    [12:54:42] step 1825/5625 | avg train loss 1.8929 top1 0.4037 top5 0.6575
    [12:54:47] step 1850/5625 | avg train loss 1.8905 top1 0.4046 top5 0.6576
    [12:54:52] step 1875/5625 | avg train loss 1.8877 top1 0.4049 top5 0.6574
    [12:54:57] step 1900/5625 | avg train loss 1.8862 top1 0.4046 top5 0.6567
    [12:55:02] step 1925/5625 | avg train loss 1.8885 top1 0.4044 top5 0.6569
    [12:55:07] step 1950/5625 | avg train loss 1.8873 top1 0.4038 top5 0.6573
    [12:55:12] step 1975/5625 | avg train loss 1.8896 top1 0.4039 top5 0.6574
    [12:55:18] step 2000/5625 | avg train loss 1.8884 top1 0.4042 top5 0.6576
    [12:55:23] step 2025/5625 | avg train loss 1.8893 top1 0.4036 top5 0.6575
    [12:55:28] step 2050/5625 | avg train loss 1.8891 top1 0.4031 top5 0.6576
    [12:55:33] step 2075/5625 | avg train loss 1.8856 top1 0.4038 top5 0.6577
    [12:55:38] step 2100/5625 | avg train loss 1.8866 top1 0.4027 top5 0.6570
    [12:55:43] step 2125/5625 | avg train loss 1.8884 top1 0.4026 top5 0.6566
    [12:55:48] step 2150/5625 | avg train loss 1.8881 top1 0.4018 top5 0.6557
    [12:55:53] step 2175/5625 | avg train loss 1.8878 top1 0.4018 top5 0.6553
    [12:55:58] step 2200/5625 | avg train loss 1.8888 top1 0.4015 top5 0.6552
    [12:56:03] step 2225/5625 | avg train loss 1.8874 top1 0.4022 top5 0.6557
    [12:56:08] step 2250/5625 | avg train loss 1.8901 top1 0.4015 top5 0.6549
    [12:56:13] step 2275/5625 | avg train loss 1.8893 top1 0.4019 top5 0.6552
    [12:56:19] step 2300/5625 | avg train loss 1.8902 top1 0.4013 top5 0.6549
    [12:56:24] step 2325/5625 | avg train loss 1.8916 top1 0.4018 top5 0.6551
    [12:56:29] step 2350/5625 | avg train loss 1.8911 top1 0.4020 top5 0.6554
    [12:56:34] step 2375/5625 | avg train loss 1.8913 top1 0.4023 top5 0.6551
    [12:56:39] step 2400/5625 | avg train loss 1.8927 top1 0.4019 top5 0.6549
    [12:56:44] step 2425/5625 | avg train loss 1.8910 top1 0.4023 top5 0.6549
    [12:56:49] step 2450/5625 | avg train loss 1.8908 top1 0.4020 top5 0.6539
    [12:56:54] step 2475/5625 | avg train loss 1.8904 top1 0.4026 top5 0.6543
    [12:56:59] step 2500/5625 | avg train loss 1.8908 top1 0.4024 top5 0.6542
    [12:57:04] step 2525/5625 | avg train loss 1.8897 top1 0.4023 top5 0.6540
    [12:57:09] step 2550/5625 | avg train loss 1.8890 top1 0.4023 top5 0.6542
    [12:57:15] step 2575/5625 | avg train loss 1.8869 top1 0.4031 top5 0.6553
    [12:57:20] step 2600/5625 | avg train loss 1.8881 top1 0.4027 top5 0.6554
    [12:57:25] step 2625/5625 | avg train loss 1.8844 top1 0.4038 top5 0.6559
    [12:57:30] step 2650/5625 | avg train loss 1.8840 top1 0.4033 top5 0.6553
    [12:57:35] step 2675/5625 | avg train loss 1.8859 top1 0.4028 top5 0.6552
    [12:57:40] step 2700/5625 | avg train loss 1.8844 top1 0.4028 top5 0.6550
    [12:57:45] step 2725/5625 | avg train loss 1.8825 top1 0.4037 top5 0.6561
    [12:57:50] step 2750/5625 | avg train loss 1.8831 top1 0.4031 top5 0.6559
    [12:57:55] step 2775/5625 | avg train loss 1.8826 top1 0.4030 top5 0.6558
    [12:58:00] step 2800/5625 | avg train loss 1.8817 top1 0.4032 top5 0.6558
    [12:58:06] step 2825/5625 | avg train loss 1.8820 top1 0.4034 top5 0.6557
    [12:58:11] step 2850/5625 | avg train loss 1.8822 top1 0.4039 top5 0.6559
    [12:58:16] step 2875/5625 | avg train loss 1.8828 top1 0.4037 top5 0.6555
    [12:58:21] step 2900/5625 | avg train loss 1.8828 top1 0.4030 top5 0.6549
    [12:58:26] step 2925/5625 | avg train loss 1.8823 top1 0.4029 top5 0.6549
    [12:58:31] step 2950/5625 | avg train loss 1.8833 top1 0.4028 top5 0.6549
    [12:58:36] step 2975/5625 | avg train loss 1.8837 top1 0.4032 top5 0.6554
    [12:58:41] step 3000/5625 | avg train loss 1.8816 top1 0.4035 top5 0.6555
    [12:58:46] step 3025/5625 | avg train loss 1.8829 top1 0.4038 top5 0.6560
    [12:58:51] step 3050/5625 | avg train loss 1.8837 top1 0.4036 top5 0.6560
    [12:58:56] step 3075/5625 | avg train loss 1.8811 top1 0.4037 top5 0.6556
    [12:59:01] step 3100/5625 | avg train loss 1.8815 top1 0.4040 top5 0.6557
    [12:59:07] step 3125/5625 | avg train loss 1.8816 top1 0.4040 top5 0.6553
    [12:59:12] step 3150/5625 | avg train loss 1.8821 top1 0.4035 top5 0.6551
    [12:59:17] step 3175/5625 | avg train loss 1.8826 top1 0.4031 top5 0.6546
    [12:59:22] step 3200/5625 | avg train loss 1.8835 top1 0.4032 top5 0.6545
    [12:59:27] step 3225/5625 | avg train loss 1.8819 top1 0.4032 top5 0.6541
    [12:59:32] step 3250/5625 | avg train loss 1.8821 top1 0.4033 top5 0.6540
    [12:59:37] step 3275/5625 | avg train loss 1.8806 top1 0.4029 top5 0.6535
    [12:59:42] step 3300/5625 | avg train loss 1.8813 top1 0.4032 top5 0.6543
    [12:59:47] step 3325/5625 | avg train loss 1.8833 top1 0.4031 top5 0.6541
    [12:59:52] step 3350/5625 | avg train loss 1.8836 top1 0.4029 top5 0.6536
    [12:59:57] step 3375/5625 | avg train loss 1.8823 top1 0.4033 top5 0.6539
    [13:00:03] step 3400/5625 | avg train loss 1.8813 top1 0.4033 top5 0.6541
    [13:00:08] step 3425/5625 | avg train loss 1.8804 top1 0.4028 top5 0.6536
    [13:00:13] step 3450/5625 | avg train loss 1.8812 top1 0.4027 top5 0.6537
    [13:00:18] step 3475/5625 | avg train loss 1.8808 top1 0.4024 top5 0.6531
    [13:00:23] step 3500/5625 | avg train loss 1.8815 top1 0.4021 top5 0.6530
    [13:00:28] step 3525/5625 | avg train loss 1.8832 top1 0.4019 top5 0.6527
    [13:00:33] step 3550/5625 | avg train loss 1.8825 top1 0.4021 top5 0.6527
    [13:00:38] step 3575/5625 | avg train loss 1.8804 top1 0.4025 top5 0.6529
    [13:00:43] step 3600/5625 | avg train loss 1.8806 top1 0.4024 top5 0.6527
    [13:00:49] step 3625/5625 | avg train loss 1.8806 top1 0.4027 top5 0.6533
    [13:00:54] step 3650/5625 | avg train loss 1.8786 top1 0.4029 top5 0.6539
    [13:00:59] step 3675/5625 | avg train loss 1.8786 top1 0.4028 top5 0.6538
    [13:01:04] step 3700/5625 | avg train loss 1.8783 top1 0.4031 top5 0.6543
    [13:01:09] step 3725/5625 | avg train loss 1.8778 top1 0.4027 top5 0.6538
    [13:01:14] step 3750/5625 | avg train loss 1.8768 top1 0.4029 top5 0.6543
    [13:01:19] step 3775/5625 | avg train loss 1.8775 top1 0.4026 top5 0.6542
    [13:01:24] step 3800/5625 | avg train loss 1.8767 top1 0.4029 top5 0.6548
    [13:01:29] step 3825/5625 | avg train loss 1.8777 top1 0.4028 top5 0.6551
    [13:01:34] step 3850/5625 | avg train loss 1.8788 top1 0.4023 top5 0.6544
    [13:01:40] step 3875/5625 | avg train loss 1.8794 top1 0.4022 top5 0.6545
    [13:01:45] step 3900/5625 | avg train loss 1.8796 top1 0.4021 top5 0.6544
    [13:01:50] step 3925/5625 | avg train loss 1.8812 top1 0.4023 top5 0.6545
    [13:01:55] step 3950/5625 | avg train loss 1.8791 top1 0.4030 top5 0.6550
    [13:02:00] step 3975/5625 | avg train loss 1.8789 top1 0.4034 top5 0.6554
    [13:02:05] step 4000/5625 | avg train loss 1.8800 top1 0.4033 top5 0.6556
    [13:02:10] step 4025/5625 | avg train loss 1.8811 top1 0.4033 top5 0.6558
    [13:02:15] step 4050/5625 | avg train loss 1.8804 top1 0.4035 top5 0.6559
    [13:02:20] step 4075/5625 | avg train loss 1.8799 top1 0.4040 top5 0.6562
    [13:02:25] step 4100/5625 | avg train loss 1.8814 top1 0.4037 top5 0.6562
    [13:02:31] step 4125/5625 | avg train loss 1.8827 top1 0.4034 top5 0.6561
    [13:02:36] step 4150/5625 | avg train loss 1.8838 top1 0.4030 top5 0.6560
    [13:02:41] step 4175/5625 | avg train loss 1.8839 top1 0.4031 top5 0.6557
    [13:02:46] step 4200/5625 | avg train loss 1.8829 top1 0.4037 top5 0.6559
    [13:02:51] step 4225/5625 | avg train loss 1.8816 top1 0.4040 top5 0.6561
    [13:02:56] step 4250/5625 | avg train loss 1.8821 top1 0.4041 top5 0.6563
    [13:03:01] step 4275/5625 | avg train loss 1.8824 top1 0.4042 top5 0.6561
    [13:03:06] step 4300/5625 | avg train loss 1.8818 top1 0.4042 top5 0.6562
    [13:03:11] step 4325/5625 | avg train loss 1.8826 top1 0.4041 top5 0.6560
    [13:03:16] step 4350/5625 | avg train loss 1.8825 top1 0.4041 top5 0.6564
    [13:03:22] step 4375/5625 | avg train loss 1.8832 top1 0.4037 top5 0.6559
    [13:03:27] step 4400/5625 | avg train loss 1.8824 top1 0.4035 top5 0.6559
    [13:03:32] step 4425/5625 | avg train loss 1.8820 top1 0.4036 top5 0.6558
    [13:03:37] step 4450/5625 | avg train loss 1.8815 top1 0.4036 top5 0.6559
    [13:03:42] step 4475/5625 | avg train loss 1.8815 top1 0.4035 top5 0.6558
    [13:03:47] step 4500/5625 | avg train loss 1.8812 top1 0.4033 top5 0.6558
    [13:03:52] step 4525/5625 | avg train loss 1.8807 top1 0.4035 top5 0.6561
    [13:03:57] step 4550/5625 | avg train loss 1.8810 top1 0.4033 top5 0.6561
    [13:04:03] step 4575/5625 | avg train loss 1.8814 top1 0.4033 top5 0.6561
    [13:04:08] step 4600/5625 | avg train loss 1.8809 top1 0.4033 top5 0.6561
    [13:04:13] step 4625/5625 | avg train loss 1.8820 top1 0.4030 top5 0.6557
    [13:04:18] step 4650/5625 | avg train loss 1.8818 top1 0.4028 top5 0.6559
    [13:04:23] step 4675/5625 | avg train loss 1.8819 top1 0.4029 top5 0.6560
    [13:04:28] step 4700/5625 | avg train loss 1.8800 top1 0.4032 top5 0.6561
    [13:04:33] step 4725/5625 | avg train loss 1.8799 top1 0.4036 top5 0.6563
    [13:04:38] step 4750/5625 | avg train loss 1.8804 top1 0.4037 top5 0.6564
    [13:04:43] step 4775/5625 | avg train loss 1.8815 top1 0.4032 top5 0.6563
    [13:04:48] step 4800/5625 | avg train loss 1.8820 top1 0.4034 top5 0.6563
    [13:04:54] step 4825/5625 | avg train loss 1.8820 top1 0.4029 top5 0.6557
    [13:04:59] step 4850/5625 | avg train loss 1.8818 top1 0.4026 top5 0.6552
    [13:05:04] step 4875/5625 | avg train loss 1.8819 top1 0.4024 top5 0.6553
    [13:05:09] step 4900/5625 | avg train loss 1.8829 top1 0.4022 top5 0.6552
    [13:05:14] step 4925/5625 | avg train loss 1.8824 top1 0.4020 top5 0.6554
    [13:05:19] step 4950/5625 | avg train loss 1.8813 top1 0.4021 top5 0.6557
    [13:05:24] step 4975/5625 | avg train loss 1.8810 top1 0.4024 top5 0.6558
    [13:05:29] step 5000/5625 | avg train loss 1.8816 top1 0.4023 top5 0.6556
    [13:05:34] step 5025/5625 | avg train loss 1.8817 top1 0.4023 top5 0.6556
    [13:05:40] step 5050/5625 | avg train loss 1.8815 top1 0.4022 top5 0.6556
    [13:05:45] step 5075/5625 | avg train loss 1.8815 top1 0.4021 top5 0.6557
    [13:05:50] step 5100/5625 | avg train loss 1.8834 top1 0.4018 top5 0.6557
    [13:05:55] step 5125/5625 | avg train loss 1.8831 top1 0.4019 top5 0.6559
    [13:06:00] step 5150/5625 | avg train loss 1.8835 top1 0.4020 top5 0.6562
    [13:06:05] step 5175/5625 | avg train loss 1.8836 top1 0.4022 top5 0.6564
    [13:06:10] step 5200/5625 | avg train loss 1.8840 top1 0.4022 top5 0.6564
    [13:06:15] step 5225/5625 | avg train loss 1.8833 top1 0.4025 top5 0.6567
    [13:06:20] step 5250/5625 | avg train loss 1.8835 top1 0.4025 top5 0.6567
    [13:06:25] step 5275/5625 | avg train loss 1.8833 top1 0.4025 top5 0.6568
    [13:06:30] step 5300/5625 | avg train loss 1.8830 top1 0.4025 top5 0.6570
    [13:06:36] step 5325/5625 | avg train loss 1.8820 top1 0.4024 top5 0.6569
    [13:06:41] step 5350/5625 | avg train loss 1.8823 top1 0.4026 top5 0.6571
    [13:06:46] step 5375/5625 | avg train loss 1.8835 top1 0.4023 top5 0.6569
    [13:06:51] step 5400/5625 | avg train loss 1.8831 top1 0.4021 top5 0.6568
    [13:06:56] step 5425/5625 | avg train loss 1.8835 top1 0.4022 top5 0.6568
    [13:07:01] step 5450/5625 | avg train loss 1.8822 top1 0.4024 top5 0.6571
    [13:07:06] step 5475/5625 | avg train loss 1.8826 top1 0.4023 top5 0.6568
    [13:07:11] step 5500/5625 | avg train loss 1.8825 top1 0.4026 top5 0.6571
    [13:07:17] step 5525/5625 | avg train loss 1.8811 top1 0.4025 top5 0.6567
    [13:07:22] step 5550/5625 | avg train loss 1.8817 top1 0.4027 top5 0.6567
    [13:07:27] step 5575/5625 | avg train loss 1.8810 top1 0.4022 top5 0.6563
    [13:07:32] step 5600/5625 | avg train loss 1.8812 top1 0.4022 top5 0.6562
    [13:07:37] step 5625/5625 | avg train loss 1.8812 top1 0.4022 top5 0.6563
Epoch 41/50 | train loss 1.8812 top1 0.4022 | val loss 1.7954 top1 0.5021 top5 0.8145 | ema holdout top1 0.5102 top5 0.8212
  Saved new best checkpoint (ema): /Data/romain.poggi/smth2smth/checkpoints/track_a/videomaev2+ft/meanpool-mae150-s44.pt (val top1=0.5102)
    [13:09:13] step 25/5625 | avg train loss 1.8771 top1 0.3650 top5 0.6150
    [13:09:18] step 50/5625 | avg train loss 1.9161 top1 0.3475 top5 0.5900
    [13:09:23] step 75/5625 | avg train loss 1.9164 top1 0.3717 top5 0.6233
    [13:09:28] step 100/5625 | avg train loss 1.9520 top1 0.3638 top5 0.6162
    [13:09:33] step 125/5625 | avg train loss 1.8908 top1 0.3960 top5 0.6470
    [13:09:38] step 150/5625 | avg train loss 1.8792 top1 0.3967 top5 0.6342
    [13:09:43] step 175/5625 | avg train loss 1.8937 top1 0.3821 top5 0.6321
    [13:09:48] step 200/5625 | avg train loss 1.8763 top1 0.3862 top5 0.6431
    [13:09:54] step 225/5625 | avg train loss 1.8493 top1 0.3900 top5 0.6450
    [13:09:59] step 250/5625 | avg train loss 1.8861 top1 0.3805 top5 0.6345
    [13:10:04] step 275/5625 | avg train loss 1.8593 top1 0.3895 top5 0.6391
    [13:10:09] step 300/5625 | avg train loss 1.8636 top1 0.3875 top5 0.6388
    [13:10:14] step 325/5625 | avg train loss 1.8825 top1 0.3850 top5 0.6342
    [13:10:19] step 350/5625 | avg train loss 1.8795 top1 0.3861 top5 0.6396
    [13:10:24] step 375/5625 | avg train loss 1.8639 top1 0.3917 top5 0.6433
    [13:10:29] step 400/5625 | avg train loss 1.8673 top1 0.3906 top5 0.6431
    [13:10:34] step 425/5625 | avg train loss 1.8647 top1 0.3915 top5 0.6409
    [13:10:39] step 450/5625 | avg train loss 1.8567 top1 0.3958 top5 0.6464
    [13:10:44] step 475/5625 | avg train loss 1.8638 top1 0.3963 top5 0.6471
    [13:10:50] step 500/5625 | avg train loss 1.8603 top1 0.3935 top5 0.6452
    [13:10:55] step 525/5625 | avg train loss 1.8593 top1 0.3943 top5 0.6471
    [13:11:00] step 550/5625 | avg train loss 1.8632 top1 0.3939 top5 0.6468
    [13:11:05] step 575/5625 | avg train loss 1.8616 top1 0.3922 top5 0.6450
    [13:11:10] step 600/5625 | avg train loss 1.8599 top1 0.3931 top5 0.6490
    [13:11:15] step 625/5625 | avg train loss 1.8523 top1 0.3948 top5 0.6494
    [13:11:20] step 650/5625 | avg train loss 1.8487 top1 0.3983 top5 0.6521
    [13:11:25] step 675/5625 | avg train loss 1.8559 top1 0.3989 top5 0.6535
    [13:11:30] step 700/5625 | avg train loss 1.8516 top1 0.3980 top5 0.6539
    [13:11:35] step 725/5625 | avg train loss 1.8513 top1 0.4012 top5 0.6560
    [13:11:40] step 750/5625 | avg train loss 1.8576 top1 0.4010 top5 0.6555
    [13:11:45] step 775/5625 | avg train loss 1.8527 top1 0.4026 top5 0.6563
    [13:11:51] step 800/5625 | avg train loss 1.8459 top1 0.4050 top5 0.6587
    [13:11:56] step 825/5625 | avg train loss 1.8425 top1 0.4029 top5 0.6564
    [13:12:01] step 850/5625 | avg train loss 1.8476 top1 0.4013 top5 0.6559
    [13:12:06] step 875/5625 | avg train loss 1.8511 top1 0.4017 top5 0.6556
    [13:12:11] step 900/5625 | avg train loss 1.8510 top1 0.3983 top5 0.6525
    [13:12:16] step 925/5625 | avg train loss 1.8465 top1 0.4000 top5 0.6536
    [13:12:21] step 950/5625 | avg train loss 1.8412 top1 0.4013 top5 0.6555
    [13:12:26] step 975/5625 | avg train loss 1.8452 top1 0.4005 top5 0.6554
    [13:12:31] step 1000/5625 | avg train loss 1.8455 top1 0.4011 top5 0.6573
    [13:12:36] step 1025/5625 | avg train loss 1.8440 top1 0.4013 top5 0.6572
    [13:12:41] step 1050/5625 | avg train loss 1.8468 top1 0.4024 top5 0.6593
    [13:12:46] step 1075/5625 | avg train loss 1.8436 top1 0.4024 top5 0.6600
    [13:12:51] step 1100/5625 | avg train loss 1.8455 top1 0.4016 top5 0.6586
    [13:12:57] step 1125/5625 | avg train loss 1.8447 top1 0.4024 top5 0.6600
    [13:13:02] step 1150/5625 | avg train loss 1.8452 top1 0.4023 top5 0.6585
    [13:13:07] step 1175/5625 | avg train loss 1.8462 top1 0.4023 top5 0.6593
    [13:13:12] step 1200/5625 | avg train loss 1.8426 top1 0.4024 top5 0.6592
    [13:13:17] step 1225/5625 | avg train loss 1.8440 top1 0.4017 top5 0.6584
    [13:13:22] step 1250/5625 | avg train loss 1.8411 top1 0.4016 top5 0.6579
    [13:13:27] step 1275/5625 | avg train loss 1.8407 top1 0.4016 top5 0.6578
    [13:13:32] step 1300/5625 | avg train loss 1.8389 top1 0.4020 top5 0.6580
    [13:13:37] step 1325/5625 | avg train loss 1.8415 top1 0.4011 top5 0.6579
    [13:13:42] step 1350/5625 | avg train loss 1.8418 top1 0.3996 top5 0.6552
    [13:13:48] step 1375/5625 | avg train loss 1.8417 top1 0.3984 top5 0.6535
    [13:13:53] step 1400/5625 | avg train loss 1.8419 top1 0.3985 top5 0.6538
    [13:13:58] step 1425/5625 | avg train loss 1.8425 top1 0.3983 top5 0.6534
    [13:14:03] step 1450/5625 | avg train loss 1.8416 top1 0.3986 top5 0.6539
    [13:14:08] step 1475/5625 | avg train loss 1.8414 top1 0.4004 top5 0.6556
    [13:14:13] step 1500/5625 | avg train loss 1.8429 top1 0.3989 top5 0.6542
    [13:14:18] step 1525/5625 | avg train loss 1.8431 top1 0.3991 top5 0.6539
    [13:14:23] step 1550/5625 | avg train loss 1.8465 top1 0.3984 top5 0.6534
    [13:14:28] step 1575/5625 | avg train loss 1.8479 top1 0.3979 top5 0.6529
    [13:14:33] step 1600/5625 | avg train loss 1.8456 top1 0.3982 top5 0.6526
    [13:14:39] step 1625/5625 | avg train loss 1.8452 top1 0.3984 top5 0.6525
    [13:14:44] step 1650/5625 | avg train loss 1.8475 top1 0.3989 top5 0.6527
    [13:14:49] step 1675/5625 | avg train loss 1.8481 top1 0.3990 top5 0.6531
    [13:14:54] step 1700/5625 | avg train loss 1.8489 top1 0.3993 top5 0.6526
    [13:14:59] step 1725/5625 | avg train loss 1.8480 top1 0.3998 top5 0.6531
    [13:15:04] step 1750/5625 | avg train loss 1.8469 top1 0.4000 top5 0.6537
    [13:15:09] step 1775/5625 | avg train loss 1.8457 top1 0.4012 top5 0.6542
    [13:15:14] step 1800/5625 | avg train loss 1.8478 top1 0.4017 top5 0.6550
    [13:15:19] step 1825/5625 | avg train loss 1.8496 top1 0.4021 top5 0.6553
    [13:15:24] step 1850/5625 | avg train loss 1.8502 top1 0.4030 top5 0.6564
    [13:15:29] step 1875/5625 | avg train loss 1.8521 top1 0.4032 top5 0.6571
    [13:15:35] step 1900/5625 | avg train loss 1.8521 top1 0.4031 top5 0.6566
    [13:15:40] step 1925/5625 | avg train loss 1.8505 top1 0.4036 top5 0.6569
    [13:15:45] step 1950/5625 | avg train loss 1.8536 top1 0.4024 top5 0.6563
    [13:15:50] step 1975/5625 | avg train loss 1.8538 top1 0.4022 top5 0.6561
    [13:15:55] step 2000/5625 | avg train loss 1.8540 top1 0.4022 top5 0.6555
    [13:16:00] step 2025/5625 | avg train loss 1.8537 top1 0.4026 top5 0.6558
    [13:16:05] step 2050/5625 | avg train loss 1.8520 top1 0.4037 top5 0.6570
    [13:16:10] step 2075/5625 | avg train loss 1.8529 top1 0.4037 top5 0.6572
    [13:16:15] step 2100/5625 | avg train loss 1.8517 top1 0.4034 top5 0.6570
    [13:16:21] step 2125/5625 | avg train loss 1.8505 top1 0.4042 top5 0.6576
    [13:16:26] step 2150/5625 | avg train loss 1.8536 top1 0.4042 top5 0.6572
    [13:16:31] step 2175/5625 | avg train loss 1.8507 top1 0.4052 top5 0.6587
    [13:16:36] step 2200/5625 | avg train loss 1.8496 top1 0.4056 top5 0.6595
    [13:16:41] step 2225/5625 | avg train loss 1.8500 top1 0.4056 top5 0.6589
    [13:16:46] step 2250/5625 | avg train loss 1.8537 top1 0.4046 top5 0.6578
    [13:16:51] step 2275/5625 | avg train loss 1.8537 top1 0.4044 top5 0.6570
    [13:16:56] step 2300/5625 | avg train loss 1.8556 top1 0.4048 top5 0.6569
    [13:17:01] step 2325/5625 | avg train loss 1.8569 top1 0.4047 top5 0.6565
    [13:17:06] step 2350/5625 | avg train loss 1.8602 top1 0.4044 top5 0.6567
    [13:17:12] step 2375/5625 | avg train loss 1.8607 top1 0.4040 top5 0.6566
    [13:17:17] step 2400/5625 | avg train loss 1.8584 top1 0.4049 top5 0.6572
    [13:17:22] step 2425/5625 | avg train loss 1.8607 top1 0.4048 top5 0.6571
    [13:17:27] step 2450/5625 | avg train loss 1.8591 top1 0.4054 top5 0.6579
    [13:17:32] step 2475/5625 | avg train loss 1.8615 top1 0.4047 top5 0.6577
    [13:17:37] step 2500/5625 | avg train loss 1.8614 top1 0.4047 top5 0.6581
    [13:17:42] step 2525/5625 | avg train loss 1.8652 top1 0.4043 top5 0.6575
    [13:17:47] step 2550/5625 | avg train loss 1.8657 top1 0.4052 top5 0.6585
    [13:17:52] step 2575/5625 | avg train loss 1.8672 top1 0.4054 top5 0.6583
    [13:17:57] step 2600/5625 | avg train loss 1.8675 top1 0.4056 top5 0.6579
    [13:18:02] step 2625/5625 | avg train loss 1.8693 top1 0.4052 top5 0.6571
    [13:18:07] step 2650/5625 | avg train loss 1.8700 top1 0.4048 top5 0.6566
    [13:18:13] step 2675/5625 | avg train loss 1.8717 top1 0.4046 top5 0.6564
    [13:18:18] step 2700/5625 | avg train loss 1.8718 top1 0.4045 top5 0.6559
    [13:18:23] step 2725/5625 | avg train loss 1.8726 top1 0.4044 top5 0.6554
    [13:18:28] step 2750/5625 | avg train loss 1.8727 top1 0.4039 top5 0.6548
    [13:18:33] step 2775/5625 | avg train loss 1.8740 top1 0.4028 top5 0.6538
    [13:18:38] step 2800/5625 | avg train loss 1.8750 top1 0.4025 top5 0.6535
    [13:18:43] step 2825/5625 | avg train loss 1.8756 top1 0.4023 top5 0.6534
    [13:18:48] step 2850/5625 | avg train loss 1.8744 top1 0.4025 top5 0.6535
    [13:18:53] step 2875/5625 | avg train loss 1.8747 top1 0.4021 top5 0.6531
    [13:18:58] step 2900/5625 | avg train loss 1.8772 top1 0.4018 top5 0.6532
    [13:19:04] step 2925/5625 | avg train loss 1.8771 top1 0.4019 top5 0.6534
    [13:19:09] step 2950/5625 | avg train loss 1.8774 top1 0.4024 top5 0.6537
    [13:19:14] step 2975/5625 | avg train loss 1.8766 top1 0.4029 top5 0.6542
    [13:19:19] step 3000/5625 | avg train loss 1.8765 top1 0.4032 top5 0.6542
    [13:19:24] step 3025/5625 | avg train loss 1.8764 top1 0.4032 top5 0.6539
    [13:19:29] step 3050/5625 | avg train loss 1.8761 top1 0.4033 top5 0.6539
    [13:19:34] step 3075/5625 | avg train loss 1.8760 top1 0.4030 top5 0.6536
    [13:19:39] step 3100/5625 | avg train loss 1.8764 top1 0.4028 top5 0.6534
    [13:19:44] step 3125/5625 | avg train loss 1.8757 top1 0.4021 top5 0.6524
    [13:19:49] step 3150/5625 | avg train loss 1.8748 top1 0.4021 top5 0.6528
    [13:19:54] step 3175/5625 | avg train loss 1.8755 top1 0.4021 top5 0.6533
    [13:19:59] step 3200/5625 | avg train loss 1.8748 top1 0.4021 top5 0.6529
    [13:20:04] step 3225/5625 | avg train loss 1.8740 top1 0.4027 top5 0.6537
    [13:20:10] step 3250/5625 | avg train loss 1.8732 top1 0.4033 top5 0.6540
    [13:20:15] step 3275/5625 | avg train loss 1.8740 top1 0.4035 top5 0.6546
    [13:20:20] step 3300/5625 | avg train loss 1.8734 top1 0.4033 top5 0.6545
    [13:20:25] step 3325/5625 | avg train loss 1.8738 top1 0.4036 top5 0.6549
    [13:20:30] step 3350/5625 | avg train loss 1.8740 top1 0.4040 top5 0.6554
    [13:20:35] step 3375/5625 | avg train loss 1.8739 top1 0.4038 top5 0.6547
    [13:20:40] step 3400/5625 | avg train loss 1.8725 top1 0.4043 top5 0.6551
    [13:20:45] step 3425/5625 | avg train loss 1.8734 top1 0.4038 top5 0.6546
    [13:20:50] step 3450/5625 | avg train loss 1.8732 top1 0.4044 top5 0.6552
    [13:20:55] step 3475/5625 | avg train loss 1.8744 top1 0.4043 top5 0.6551
    [13:21:00] step 3500/5625 | avg train loss 1.8741 top1 0.4041 top5 0.6546
    [13:21:06] step 3525/5625 | avg train loss 1.8734 top1 0.4048 top5 0.6552
    [13:21:11] step 3550/5625 | avg train loss 1.8740 top1 0.4047 top5 0.6554
    [13:21:16] step 3575/5625 | avg train loss 1.8726 top1 0.4051 top5 0.6556
    [13:21:21] step 3600/5625 | avg train loss 1.8723 top1 0.4051 top5 0.6556
    [13:21:26] step 3625/5625 | avg train loss 1.8726 top1 0.4050 top5 0.6552
    [13:21:31] step 3650/5625 | avg train loss 1.8736 top1 0.4052 top5 0.6553
    [13:21:36] step 3675/5625 | avg train loss 1.8748 top1 0.4053 top5 0.6555
    [13:21:41] step 3700/5625 | avg train loss 1.8766 top1 0.4050 top5 0.6554
    [13:21:46] step 3725/5625 | avg train loss 1.8778 top1 0.4051 top5 0.6556
    [13:21:51] step 3750/5625 | avg train loss 1.8786 top1 0.4044 top5 0.6547
    [13:21:56] step 3775/5625 | avg train loss 1.8784 top1 0.4043 top5 0.6549
    [13:22:02] step 3800/5625 | avg train loss 1.8759 top1 0.4048 top5 0.6552
    [13:22:07] step 3825/5625 | avg train loss 1.8763 top1 0.4049 top5 0.6555
    [13:22:12] step 3850/5625 | avg train loss 1.8765 top1 0.4047 top5 0.6553
    [13:22:17] step 3875/5625 | avg train loss 1.8767 top1 0.4048 top5 0.6555
    [13:22:22] step 3900/5625 | avg train loss 1.8780 top1 0.4046 top5 0.6556
    [13:22:27] step 3925/5625 | avg train loss 1.8784 top1 0.4046 top5 0.6556
    [13:22:32] step 3950/5625 | avg train loss 1.8798 top1 0.4044 top5 0.6556
    [13:22:37] step 3975/5625 | avg train loss 1.8787 top1 0.4046 top5 0.6556
    [13:22:42] step 4000/5625 | avg train loss 1.8791 top1 0.4045 top5 0.6557
    [13:22:47] step 4025/5625 | avg train loss 1.8804 top1 0.4045 top5 0.6558
    [13:22:52] step 4050/5625 | avg train loss 1.8814 top1 0.4044 top5 0.6559
    [13:22:57] step 4075/5625 | avg train loss 1.8814 top1 0.4039 top5 0.6553
    [13:23:02] step 4100/5625 | avg train loss 1.8806 top1 0.4041 top5 0.6553
    [13:23:07] step 4125/5625 | avg train loss 1.8813 top1 0.4043 top5 0.6554
    [13:23:13] step 4150/5625 | avg train loss 1.8813 top1 0.4041 top5 0.6552
    [13:23:18] step 4175/5625 | avg train loss 1.8825 top1 0.4034 top5 0.6545
    [13:23:23] step 4200/5625 | avg train loss 1.8818 top1 0.4042 top5 0.6551
    [13:23:28] step 4225/5625 | avg train loss 1.8821 top1 0.4043 top5 0.6551
    [13:23:33] step 4250/5625 | avg train loss 1.8818 top1 0.4038 top5 0.6545
    [13:23:38] step 4275/5625 | avg train loss 1.8818 top1 0.4039 top5 0.6543
    [13:23:43] step 4300/5625 | avg train loss 1.8815 top1 0.4036 top5 0.6538
    [13:23:48] step 4325/5625 | avg train loss 1.8804 top1 0.4040 top5 0.6542
    [13:23:53] step 4350/5625 | avg train loss 1.8797 top1 0.4043 top5 0.6544
    [13:23:58] step 4375/5625 | avg train loss 1.8792 top1 0.4042 top5 0.6542
    [13:24:03] step 4400/5625 | avg train loss 1.8786 top1 0.4040 top5 0.6538
    [13:24:08] step 4425/5625 | avg train loss 1.8779 top1 0.4042 top5 0.6539
    [13:24:13] step 4450/5625 | avg train loss 1.8781 top1 0.4039 top5 0.6533
    [13:24:19] step 4475/5625 | avg train loss 1.8770 top1 0.4037 top5 0.6528
    [13:24:24] step 4500/5625 | avg train loss 1.8769 top1 0.4039 top5 0.6532
    [13:24:29] step 4525/5625 | avg train loss 1.8755 top1 0.4043 top5 0.6537
    [13:24:34] step 4550/5625 | avg train loss 1.8752 top1 0.4042 top5 0.6534
    [13:24:39] step 4575/5625 | avg train loss 1.8743 top1 0.4040 top5 0.6533
    [13:24:44] step 4600/5625 | avg train loss 1.8741 top1 0.4045 top5 0.6536
    [13:24:49] step 4625/5625 | avg train loss 1.8733 top1 0.4047 top5 0.6542
    [13:24:54] step 4650/5625 | avg train loss 1.8733 top1 0.4043 top5 0.6539
    [13:24:59] step 4675/5625 | avg train loss 1.8733 top1 0.4043 top5 0.6538
    [13:25:04] step 4700/5625 | avg train loss 1.8742 top1 0.4041 top5 0.6538
    [13:25:09] step 4725/5625 | avg train loss 1.8742 top1 0.4036 top5 0.6531
    [13:25:15] step 4750/5625 | avg train loss 1.8738 top1 0.4041 top5 0.6534
    [13:25:20] step 4775/5625 | avg train loss 1.8739 top1 0.4038 top5 0.6530
    [13:25:25] step 4800/5625 | avg train loss 1.8748 top1 0.4032 top5 0.6525
    [13:25:30] step 4825/5625 | avg train loss 1.8751 top1 0.4030 top5 0.6523
    [13:25:35] step 4850/5625 | avg train loss 1.8753 top1 0.4029 top5 0.6526
    [13:25:40] step 4875/5625 | avg train loss 1.8743 top1 0.4033 top5 0.6529
    [13:25:45] step 4900/5625 | avg train loss 1.8736 top1 0.4039 top5 0.6533
    [13:25:50] step 4925/5625 | avg train loss 1.8743 top1 0.4037 top5 0.6532
    [13:25:55] step 4950/5625 | avg train loss 1.8747 top1 0.4036 top5 0.6529
    [13:26:00] step 4975/5625 | avg train loss 1.8754 top1 0.4035 top5 0.6528
    [13:26:05] step 5000/5625 | avg train loss 1.8757 top1 0.4038 top5 0.6529
    [13:26:10] step 5025/5625 | avg train loss 1.8763 top1 0.4037 top5 0.6529
    [13:26:16] step 5050/5625 | avg train loss 1.8759 top1 0.4038 top5 0.6529
    [13:26:21] step 5075/5625 | avg train loss 1.8762 top1 0.4039 top5 0.6530
    [13:26:26] step 5100/5625 | avg train loss 1.8764 top1 0.4037 top5 0.6531
    [13:26:31] step 5125/5625 | avg train loss 1.8767 top1 0.4036 top5 0.6530
    [13:26:36] step 5150/5625 | avg train loss 1.8776 top1 0.4033 top5 0.6529
    [13:26:41] step 5175/5625 | avg train loss 1.8777 top1 0.4031 top5 0.6529
    [13:26:46] step 5200/5625 | avg train loss 1.8773 top1 0.4034 top5 0.6532
    [13:26:51] step 5225/5625 | avg train loss 1.8774 top1 0.4036 top5 0.6535
    [13:26:56] step 5250/5625 | avg train loss 1.8773 top1 0.4038 top5 0.6535
    [13:27:01] step 5275/5625 | avg train loss 1.8767 top1 0.4040 top5 0.6537
    [13:27:06] step 5300/5625 | avg train loss 1.8770 top1 0.4038 top5 0.6537
    [13:27:12] step 5325/5625 | avg train loss 1.8764 top1 0.4042 top5 0.6538
    [13:27:17] step 5350/5625 | avg train loss 1.8768 top1 0.4040 top5 0.6541
    [13:27:22] step 5375/5625 | avg train loss 1.8773 top1 0.4040 top5 0.6540
    [13:27:27] step 5400/5625 | avg train loss 1.8782 top1 0.4036 top5 0.6537
    [13:27:32] step 5425/5625 | avg train loss 1.8783 top1 0.4034 top5 0.6535
    [13:27:37] step 5450/5625 | avg train loss 1.8783 top1 0.4030 top5 0.6531
    [13:27:42] step 5475/5625 | avg train loss 1.8790 top1 0.4029 top5 0.6530
    [13:27:47] step 5500/5625 | avg train loss 1.8805 top1 0.4027 top5 0.6530
    [13:27:52] step 5525/5625 | avg train loss 1.8818 top1 0.4026 top5 0.6525
    [13:27:57] step 5550/5625 | avg train loss 1.8817 top1 0.4026 top5 0.6525
    [13:28:02] step 5575/5625 | avg train loss 1.8807 top1 0.4030 top5 0.6529
    [13:28:08] step 5600/5625 | avg train loss 1.8805 top1 0.4027 top5 0.6525
    [13:28:12] step 5625/5625 | avg train loss 1.8807 top1 0.4025 top5 0.6527
Epoch 42/50 | train loss 1.8807 top1 0.4025 | val loss 1.7837 top1 0.5057 top5 0.8182 | ema holdout top1 0.5100 top5 0.8218
  No val top1 improvement (1/15); best remains 0.5102
    [13:29:47] step 25/5625 | avg train loss 1.9962 top1 0.3700 top5 0.6500
    [13:29:52] step 50/5625 | avg train loss 1.8658 top1 0.4100 top5 0.7075
    [13:29:57] step 75/5625 | avg train loss 1.8622 top1 0.4183 top5 0.6917
    [13:30:03] step 100/5625 | avg train loss 1.9201 top1 0.3862 top5 0.6575
    [13:30:08] step 125/5625 | avg train loss 1.8981 top1 0.3890 top5 0.6570
    [13:30:13] step 150/5625 | avg train loss 1.9263 top1 0.3842 top5 0.6525
    [13:30:18] step 175/5625 | avg train loss 1.9109 top1 0.3871 top5 0.6457
    [13:30:23] step 200/5625 | avg train loss 1.8956 top1 0.3812 top5 0.6375
    [13:30:28] step 225/5625 | avg train loss 1.8739 top1 0.3833 top5 0.6389
    [13:30:33] step 250/5625 | avg train loss 1.8584 top1 0.3825 top5 0.6420
    [13:30:38] step 275/5625 | avg train loss 1.8785 top1 0.3873 top5 0.6445
    [13:30:43] step 300/5625 | avg train loss 1.8626 top1 0.3908 top5 0.6446
    [13:30:48] step 325/5625 | avg train loss 1.8603 top1 0.3885 top5 0.6408
    [13:30:53] step 350/5625 | avg train loss 1.8401 top1 0.3936 top5 0.6443
    [13:30:58] step 375/5625 | avg train loss 1.8463 top1 0.3953 top5 0.6480
    [13:31:04] step 400/5625 | avg train loss 1.8432 top1 0.4028 top5 0.6528
    [13:31:09] step 425/5625 | avg train loss 1.8375 top1 0.4053 top5 0.6588
    [13:31:14] step 450/5625 | avg train loss 1.8355 top1 0.4061 top5 0.6608
    [13:31:19] step 475/5625 | avg train loss 1.8286 top1 0.4134 top5 0.6645
    [13:31:24] step 500/5625 | avg train loss 1.8392 top1 0.4148 top5 0.6655
    [13:31:29] step 525/5625 | avg train loss 1.8414 top1 0.4183 top5 0.6693
    [13:31:34] step 550/5625 | avg train loss 1.8371 top1 0.4161 top5 0.6689
    [13:31:39] step 575/5625 | avg train loss 1.8346 top1 0.4191 top5 0.6711
    [13:31:44] step 600/5625 | avg train loss 1.8374 top1 0.4175 top5 0.6740
    [13:31:49] step 625/5625 | avg train loss 1.8386 top1 0.4192 top5 0.6754
    [13:31:54] step 650/5625 | avg train loss 1.8439 top1 0.4160 top5 0.6721
    [13:31:59] step 675/5625 | avg train loss 1.8456 top1 0.4143 top5 0.6698
    [13:32:04] step 700/5625 | avg train loss 1.8490 top1 0.4163 top5 0.6704
    [13:32:10] step 725/5625 | avg train loss 1.8550 top1 0.4157 top5 0.6688
    [13:32:15] step 750/5625 | avg train loss 1.8544 top1 0.4155 top5 0.6680
    [13:32:20] step 775/5625 | avg train loss 1.8634 top1 0.4140 top5 0.6677
    [13:32:25] step 800/5625 | avg train loss 1.8669 top1 0.4134 top5 0.6658
    [13:32:30] step 825/5625 | avg train loss 1.8655 top1 0.4150 top5 0.6679
    [13:32:35] step 850/5625 | avg train loss 1.8611 top1 0.4168 top5 0.6704
    [13:32:40] step 875/5625 | avg train loss 1.8602 top1 0.4163 top5 0.6693
    [13:32:45] step 900/5625 | avg train loss 1.8597 top1 0.4194 top5 0.6739
    [13:32:50] step 925/5625 | avg train loss 1.8668 top1 0.4196 top5 0.6727
    [13:32:55] step 950/5625 | avg train loss 1.8656 top1 0.4182 top5 0.6716
    [13:33:00] step 975/5625 | avg train loss 1.8614 top1 0.4171 top5 0.6705
    [13:33:05] step 1000/5625 | avg train loss 1.8669 top1 0.4140 top5 0.6691
    [13:33:10] step 1025/5625 | avg train loss 1.8696 top1 0.4130 top5 0.6682
    [13:33:16] step 1050/5625 | avg train loss 1.8698 top1 0.4107 top5 0.6654
    [13:33:21] step 1075/5625 | avg train loss 1.8684 top1 0.4107 top5 0.6676
    [13:33:26] step 1100/5625 | avg train loss 1.8673 top1 0.4102 top5 0.6667
    [13:33:31] step 1125/5625 | avg train loss 1.8728 top1 0.4087 top5 0.6647
    [13:33:36] step 1150/5625 | avg train loss 1.8778 top1 0.4088 top5 0.6636
    [13:33:41] step 1175/5625 | avg train loss 1.8779 top1 0.4067 top5 0.6596
    [13:33:46] step 1200/5625 | avg train loss 1.8780 top1 0.4049 top5 0.6565
    [13:33:51] step 1225/5625 | avg train loss 1.8753 top1 0.4054 top5 0.6569
    [13:33:56] step 1250/5625 | avg train loss 1.8801 top1 0.4051 top5 0.6566
    [13:34:01] step 1275/5625 | avg train loss 1.8823 top1 0.4050 top5 0.6570
    [13:34:06] step 1300/5625 | avg train loss 1.8833 top1 0.4048 top5 0.6570
    [13:34:11] step 1325/5625 | avg train loss 1.8807 top1 0.4043 top5 0.6575
    [13:34:17] step 1350/5625 | avg train loss 1.8801 top1 0.4061 top5 0.6588
    [13:34:22] step 1375/5625 | avg train loss 1.8767 top1 0.4048 top5 0.6579
    [13:34:27] step 1400/5625 | avg train loss 1.8785 top1 0.4047 top5 0.6583
    [13:34:32] step 1425/5625 | avg train loss 1.8791 top1 0.4039 top5 0.6569
    [13:34:37] step 1450/5625 | avg train loss 1.8772 top1 0.4031 top5 0.6563
    [13:34:42] step 1475/5625 | avg train loss 1.8792 top1 0.4023 top5 0.6552
    [13:34:47] step 1500/5625 | avg train loss 1.8790 top1 0.4029 top5 0.6552
    [13:34:52] step 1525/5625 | avg train loss 1.8759 top1 0.4029 top5 0.6548
    [13:34:57] step 1550/5625 | avg train loss 1.8772 top1 0.4034 top5 0.6553
    [13:35:03] step 1575/5625 | avg train loss 1.8745 top1 0.4032 top5 0.6561
    [13:35:08] step 1600/5625 | avg train loss 1.8740 top1 0.4037 top5 0.6566
    [13:35:13] step 1625/5625 | avg train loss 1.8735 top1 0.4042 top5 0.6574
    [13:35:18] step 1650/5625 | avg train loss 1.8723 top1 0.4051 top5 0.6580
    [13:35:23] step 1675/5625 | avg train loss 1.8739 top1 0.4040 top5 0.6566
    [13:35:28] step 1700/5625 | avg train loss 1.8765 top1 0.4046 top5 0.6576
    [13:35:33] step 1725/5625 | avg train loss 1.8765 top1 0.4043 top5 0.6572
    [13:35:38] step 1750/5625 | avg train loss 1.8758 top1 0.4058 top5 0.6580
    [13:35:43] step 1775/5625 | avg train loss 1.8765 top1 0.4054 top5 0.6577
    [13:35:48] step 1800/5625 | avg train loss 1.8767 top1 0.4053 top5 0.6581
    [13:35:53] step 1825/5625 | avg train loss 1.8755 top1 0.4049 top5 0.6577
    [13:35:59] step 1850/5625 | avg train loss 1.8736 top1 0.4044 top5 0.6576
    [13:36:04] step 1875/5625 | avg train loss 1.8729 top1 0.4045 top5 0.6573
    [13:36:09] step 1900/5625 | avg train loss 1.8723 top1 0.4053 top5 0.6571
    [13:36:14] step 1925/5625 | avg train loss 1.8712 top1 0.4053 top5 0.6570
    [13:36:19] step 1950/5625 | avg train loss 1.8704 top1 0.4062 top5 0.6576
    [13:36:24] step 1975/5625 | avg train loss 1.8720 top1 0.4055 top5 0.6570
    [13:36:29] step 2000/5625 | avg train loss 1.8710 top1 0.4057 top5 0.6580
    [13:36:34] step 2025/5625 | avg train loss 1.8678 top1 0.4058 top5 0.6581
    [13:36:39] step 2050/5625 | avg train loss 1.8665 top1 0.4068 top5 0.6595
    [13:36:44] step 2075/5625 | avg train loss 1.8690 top1 0.4070 top5 0.6599
    [13:36:49] step 2100/5625 | avg train loss 1.8714 top1 0.4057 top5 0.6598
    [13:36:54] step 2125/5625 | avg train loss 1.8721 top1 0.4052 top5 0.6591
    [13:37:00] step 2150/5625 | avg train loss 1.8702 top1 0.4058 top5 0.6598
    [13:37:05] step 2175/5625 | avg train loss 1.8690 top1 0.4060 top5 0.6599
    [13:37:10] step 2200/5625 | avg train loss 1.8692 top1 0.4051 top5 0.6592
    [13:37:15] step 2225/5625 | avg train loss 1.8673 top1 0.4053 top5 0.6589
    [13:37:20] step 2250/5625 | avg train loss 1.8697 top1 0.4054 top5 0.6596
    [13:37:25] step 2275/5625 | avg train loss 1.8701 top1 0.4053 top5 0.6594
    [13:37:30] step 2300/5625 | avg train loss 1.8690 top1 0.4062 top5 0.6600
    [13:37:35] step 2325/5625 | avg train loss 1.8669 top1 0.4070 top5 0.6602
    [13:37:40] step 2350/5625 | avg train loss 1.8668 top1 0.4069 top5 0.6599
    [13:37:45] step 2375/5625 | avg train loss 1.8668 top1 0.4067 top5 0.6595
    [13:37:50] step 2400/5625 | avg train loss 1.8672 top1 0.4072 top5 0.6594
    [13:37:55] step 2425/5625 | avg train loss 1.8660 top1 0.4082 top5 0.6604
    [13:38:01] step 2450/5625 | avg train loss 1.8642 top1 0.4101 top5 0.6613
    [13:38:06] step 2475/5625 | avg train loss 1.8645 top1 0.4100 top5 0.6615
    [13:38:11] step 2500/5625 | avg train loss 1.8632 top1 0.4097 top5 0.6614
    [13:38:16] step 2525/5625 | avg train loss 1.8612 top1 0.4105 top5 0.6619
    [13:38:21] step 2550/5625 | avg train loss 1.8625 top1 0.4107 top5 0.6625
    [13:38:26] step 2575/5625 | avg train loss 1.8625 top1 0.4100 top5 0.6617
    [13:38:31] step 2600/5625 | avg train loss 1.8618 top1 0.4098 top5 0.6610
    [13:38:36] step 2625/5625 | avg train loss 1.8633 top1 0.4097 top5 0.6608
    [13:38:41] step 2650/5625 | avg train loss 1.8647 top1 0.4096 top5 0.6603
    [13:38:46] step 2675/5625 | avg train loss 1.8641 top1 0.4091 top5 0.6600
    [13:38:51] step 2700/5625 | avg train loss 1.8649 top1 0.4091 top5 0.6597
    [13:38:56] step 2725/5625 | avg train loss 1.8658 top1 0.4095 top5 0.6602
    [13:39:02] step 2750/5625 | avg train loss 1.8634 top1 0.4098 top5 0.6600
    [13:39:07] step 2775/5625 | avg train loss 1.8637 top1 0.4102 top5 0.6607
    [13:39:12] step 2800/5625 | avg train loss 1.8619 top1 0.4107 top5 0.6613
    [13:39:17] step 2825/5625 | avg train loss 1.8612 top1 0.4110 top5 0.6615
    [13:39:22] step 2850/5625 | avg train loss 1.8609 top1 0.4109 top5 0.6618
    [13:39:27] step 2875/5625 | avg train loss 1.8620 top1 0.4108 top5 0.6614
    [13:39:32] step 2900/5625 | avg train loss 1.8629 top1 0.4107 top5 0.6609
    [13:39:37] step 2925/5625 | avg train loss 1.8622 top1 0.4112 top5 0.6616
    [13:39:42] step 2950/5625 | avg train loss 1.8616 top1 0.4112 top5 0.6614
    [13:39:47] step 2975/5625 | avg train loss 1.8629 top1 0.4112 top5 0.6615
    [13:39:52] step 3000/5625 | avg train loss 1.8625 top1 0.4108 top5 0.6611
    [13:39:58] step 3025/5625 | avg train loss 1.8638 top1 0.4104 top5 0.6608
    [13:40:03] step 3050/5625 | avg train loss 1.8633 top1 0.4104 top5 0.6608
    [13:40:08] step 3075/5625 | avg train loss 1.8642 top1 0.4102 top5 0.6607
    [13:40:13] step 3100/5625 | avg train loss 1.8650 top1 0.4094 top5 0.6600
    [13:40:18] step 3125/5625 | avg train loss 1.8650 top1 0.4097 top5 0.6605
    [13:40:23] step 3150/5625 | avg train loss 1.8649 top1 0.4090 top5 0.6600
    [13:40:28] step 3175/5625 | avg train loss 1.8654 top1 0.4090 top5 0.6599
    [13:40:33] step 3200/5625 | avg train loss 1.8660 top1 0.4088 top5 0.6600
    [13:40:38] step 3225/5625 | avg train loss 1.8657 top1 0.4079 top5 0.6591
    [13:40:43] step 3250/5625 | avg train loss 1.8671 top1 0.4073 top5 0.6587
    [13:40:48] step 3275/5625 | avg train loss 1.8673 top1 0.4075 top5 0.6591
    [13:40:54] step 3300/5625 | avg train loss 1.8662 top1 0.4077 top5 0.6593
    [13:40:59] step 3325/5625 | avg train loss 1.8650 top1 0.4080 top5 0.6599
    [13:41:04] step 3350/5625 | avg train loss 1.8639 top1 0.4079 top5 0.6599
    [13:41:09] step 3375/5625 | avg train loss 1.8639 top1 0.4077 top5 0.6597
    [13:41:14] step 3400/5625 | avg train loss 1.8649 top1 0.4079 top5 0.6599
    [13:41:19] step 3425/5625 | avg train loss 1.8647 top1 0.4081 top5 0.6598
    [13:41:24] step 3450/5625 | avg train loss 1.8664 top1 0.4076 top5 0.6601
    [13:41:29] step 3475/5625 | avg train loss 1.8652 top1 0.4073 top5 0.6596
    [13:41:34] step 3500/5625 | avg train loss 1.8648 top1 0.4067 top5 0.6593
    [13:41:39] step 3525/5625 | avg train loss 1.8662 top1 0.4061 top5 0.6589
    [13:41:45] step 3550/5625 | avg train loss 1.8648 top1 0.4060 top5 0.6582
    [13:41:50] step 3575/5625 | avg train loss 1.8642 top1 0.4061 top5 0.6583
    [13:41:55] step 3600/5625 | avg train loss 1.8637 top1 0.4063 top5 0.6585
    [13:42:00] step 3625/5625 | avg train loss 1.8647 top1 0.4060 top5 0.6584
    [13:42:05] step 3650/5625 | avg train loss 1.8649 top1 0.4065 top5 0.6589
    [13:42:10] step 3675/5625 | avg train loss 1.8641 top1 0.4067 top5 0.6592
    [13:42:15] step 3700/5625 | avg train loss 1.8653 top1 0.4062 top5 0.6586
    [13:42:20] step 3725/5625 | avg train loss 1.8648 top1 0.4066 top5 0.6587
    [13:42:25] step 3750/5625 | avg train loss 1.8648 top1 0.4062 top5 0.6583
    [13:42:30] step 3775/5625 | avg train loss 1.8651 top1 0.4056 top5 0.6577
    [13:42:35] step 3800/5625 | avg train loss 1.8658 top1 0.4055 top5 0.6576
    [13:42:40] step 3825/5625 | avg train loss 1.8650 top1 0.4059 top5 0.6575
    [13:42:46] step 3850/5625 | avg train loss 1.8654 top1 0.4060 top5 0.6576
    [13:42:51] step 3875/5625 | avg train loss 1.8645 top1 0.4064 top5 0.6577
    [13:42:56] step 3900/5625 | avg train loss 1.8644 top1 0.4064 top5 0.6579
    [13:43:01] step 3925/5625 | avg train loss 1.8636 top1 0.4071 top5 0.6583
    [13:43:06] step 3950/5625 | avg train loss 1.8625 top1 0.4072 top5 0.6584
    [13:43:11] step 3975/5625 | avg train loss 1.8632 top1 0.4074 top5 0.6587
    [13:43:16] step 4000/5625 | avg train loss 1.8644 top1 0.4064 top5 0.6579
    [13:43:21] step 4025/5625 | avg train loss 1.8651 top1 0.4066 top5 0.6580
    [13:43:26] step 4050/5625 | avg train loss 1.8662 top1 0.4066 top5 0.6580
    [13:43:31] step 4075/5625 | avg train loss 1.8657 top1 0.4065 top5 0.6576
    [13:43:36] step 4100/5625 | avg train loss 1.8662 top1 0.4061 top5 0.6576
    [13:43:41] step 4125/5625 | avg train loss 1.8664 top1 0.4062 top5 0.6576
    [13:43:46] step 4150/5625 | avg train loss 1.8660 top1 0.4061 top5 0.6578
    [13:43:51] step 4175/5625 | avg train loss 1.8656 top1 0.4057 top5 0.6573
    [13:43:57] step 4200/5625 | avg train loss 1.8664 top1 0.4055 top5 0.6569
    [13:44:02] step 4225/5625 | avg train loss 1.8661 top1 0.4057 top5 0.6570
    [13:44:07] step 4250/5625 | avg train loss 1.8660 top1 0.4054 top5 0.6570
    [13:44:12] step 4275/5625 | avg train loss 1.8663 top1 0.4054 top5 0.6567
    [13:44:17] step 4300/5625 | avg train loss 1.8660 top1 0.4053 top5 0.6565
    [13:44:22] step 4325/5625 | avg train loss 1.8651 top1 0.4053 top5 0.6562
    [13:44:27] step 4350/5625 | avg train loss 1.8661 top1 0.4050 top5 0.6560
    [13:44:32] step 4375/5625 | avg train loss 1.8670 top1 0.4049 top5 0.6563
    [13:44:37] step 4400/5625 | avg train loss 1.8665 top1 0.4054 top5 0.6565
    [13:44:42] step 4425/5625 | avg train loss 1.8672 top1 0.4052 top5 0.6562
    [13:44:47] step 4450/5625 | avg train loss 1.8673 top1 0.4053 top5 0.6562
    [13:44:52] step 4475/5625 | avg train loss 1.8666 top1 0.4048 top5 0.6556
    [13:44:58] step 4500/5625 | avg train loss 1.8667 top1 0.4046 top5 0.6556
    [13:45:03] step 4525/5625 | avg train loss 1.8673 top1 0.4044 top5 0.6551
    [13:45:08] step 4550/5625 | avg train loss 1.8678 top1 0.4044 top5 0.6551
    [13:45:13] step 4575/5625 | avg train loss 1.8670 top1 0.4043 top5 0.6547
    [13:45:18] step 4600/5625 | avg train loss 1.8659 top1 0.4043 top5 0.6545
    [13:45:23] step 4625/5625 | avg train loss 1.8673 top1 0.4042 top5 0.6544
    [13:45:28] step 4650/5625 | avg train loss 1.8683 top1 0.4041 top5 0.6545
    [13:45:33] step 4675/5625 | avg train loss 1.8681 top1 0.4039 top5 0.6541
    [13:45:38] step 4700/5625 | avg train loss 1.8684 top1 0.4037 top5 0.6541
    [13:45:43] step 4725/5625 | avg train loss 1.8695 top1 0.4037 top5 0.6542
    [13:45:49] step 4750/5625 | avg train loss 1.8685 top1 0.4039 top5 0.6542
    [13:45:54] step 4775/5625 | avg train loss 1.8689 top1 0.4036 top5 0.6540
    [13:45:59] step 4800/5625 | avg train loss 1.8676 top1 0.4040 top5 0.6545
    [13:46:04] step 4825/5625 | avg train loss 1.8678 top1 0.4041 top5 0.6544
    [13:46:09] step 4850/5625 | avg train loss 1.8673 top1 0.4045 top5 0.6547
    [13:46:14] step 4875/5625 | avg train loss 1.8683 top1 0.4041 top5 0.6545
    [13:46:19] step 4900/5625 | avg train loss 1.8671 top1 0.4041 top5 0.6548
    [13:46:24] step 4925/5625 | avg train loss 1.8680 top1 0.4039 top5 0.6546
    [13:46:29] step 4950/5625 | avg train loss 1.8681 top1 0.4041 top5 0.6547
    [13:46:34] step 4975/5625 | avg train loss 1.8682 top1 0.4041 top5 0.6549
    [13:46:39] step 5000/5625 | avg train loss 1.8682 top1 0.4041 top5 0.6551
    [13:46:45] step 5025/5625 | avg train loss 1.8679 top1 0.4046 top5 0.6553
    [13:46:50] step 5050/5625 | avg train loss 1.8674 top1 0.4051 top5 0.6556
    [13:46:55] step 5075/5625 | avg train loss 1.8675 top1 0.4053 top5 0.6558
    [13:47:00] step 5100/5625 | avg train loss 1.8684 top1 0.4052 top5 0.6557
    [13:47:05] step 5125/5625 | avg train loss 1.8690 top1 0.4054 top5 0.6559
    [13:47:10] step 5150/5625 | avg train loss 1.8694 top1 0.4057 top5 0.6561
    [13:47:15] step 5175/5625 | avg train loss 1.8685 top1 0.4059 top5 0.6561
    [13:47:20] step 5200/5625 | avg train loss 1.8690 top1 0.4058 top5 0.6560
    [13:47:25] step 5225/5625 | avg train loss 1.8695 top1 0.4057 top5 0.6560
    [13:47:30] step 5250/5625 | avg train loss 1.8692 top1 0.4058 top5 0.6558
    [13:47:36] step 5275/5625 | avg train loss 1.8687 top1 0.4059 top5 0.6560
    [13:47:41] step 5300/5625 | avg train loss 1.8690 top1 0.4059 top5 0.6558
    [13:47:46] step 5325/5625 | avg train loss 1.8682 top1 0.4060 top5 0.6556
    [13:47:51] step 5350/5625 | avg train loss 1.8683 top1 0.4057 top5 0.6553
    [13:47:56] step 5375/5625 | avg train loss 1.8682 top1 0.4059 top5 0.6556
    [13:48:01] step 5400/5625 | avg train loss 1.8680 top1 0.4063 top5 0.6559
    [13:48:06] step 5425/5625 | avg train loss 1.8670 top1 0.4069 top5 0.6563
    [13:48:11] step 5450/5625 | avg train loss 1.8674 top1 0.4065 top5 0.6561
    [13:48:16] step 5475/5625 | avg train loss 1.8681 top1 0.4061 top5 0.6559
    [13:48:21] step 5500/5625 | avg train loss 1.8676 top1 0.4060 top5 0.6557
    [13:48:26] step 5525/5625 | avg train loss 1.8681 top1 0.4059 top5 0.6557
    [13:48:31] step 5550/5625 | avg train loss 1.8689 top1 0.4059 top5 0.6556
    [13:48:37] step 5575/5625 | avg train loss 1.8680 top1 0.4060 top5 0.6556
    [13:48:42] step 5600/5625 | avg train loss 1.8679 top1 0.4061 top5 0.6557
    [13:48:47] step 5625/5625 | avg train loss 1.8691 top1 0.4059 top5 0.6554
Epoch 43/50 | train loss 1.8691 top1 0.4059 | val loss 1.7736 top1 0.5081 top5 0.8185 | ema holdout top1 0.5121 top5 0.8228
  Saved new best checkpoint (ema): /Data/romain.poggi/smth2smth/checkpoints/track_a/videomaev2+ft/meanpool-mae150-s44.pt (val top1=0.5121)
    [13:50:22] step 25/5625 | avg train loss 1.7926 top1 0.3800 top5 0.6500
    [13:50:28] step 50/5625 | avg train loss 1.8517 top1 0.3825 top5 0.6500
    [13:50:33] step 75/5625 | avg train loss 1.8166 top1 0.4467 top5 0.6967
    [13:50:38] step 100/5625 | avg train loss 1.7686 top1 0.4550 top5 0.6900
    [13:50:43] step 125/5625 | avg train loss 1.7850 top1 0.4460 top5 0.6920
    [13:50:48] step 150/5625 | avg train loss 1.7965 top1 0.4308 top5 0.6792
    [13:50:53] step 175/5625 | avg train loss 1.8190 top1 0.4357 top5 0.6779
    [13:50:58] step 200/5625 | avg train loss 1.8312 top1 0.4319 top5 0.6819
    [13:51:03] step 225/5625 | avg train loss 1.8376 top1 0.4200 top5 0.6800
    [13:51:08] step 250/5625 | avg train loss 1.8256 top1 0.4195 top5 0.6705
    [13:51:13] step 275/5625 | avg train loss 1.8327 top1 0.4173 top5 0.6695
    [13:51:18] step 300/5625 | avg train loss 1.8206 top1 0.4258 top5 0.6725
    [13:51:24] step 325/5625 | avg train loss 1.8162 top1 0.4235 top5 0.6700
    [13:51:29] step 350/5625 | avg train loss 1.8173 top1 0.4218 top5 0.6725
    [13:51:34] step 375/5625 | avg train loss 1.8185 top1 0.4237 top5 0.6737
    [13:51:39] step 400/5625 | avg train loss 1.8013 top1 0.4194 top5 0.6700
    [13:51:44] step 425/5625 | avg train loss 1.8127 top1 0.4141 top5 0.6653
    [13:51:49] step 450/5625 | avg train loss 1.8017 top1 0.4119 top5 0.6606
    [13:51:54] step 475/5625 | avg train loss 1.8066 top1 0.4116 top5 0.6613
    [13:51:59] step 500/5625 | avg train loss 1.8093 top1 0.4150 top5 0.6640
    [13:52:04] step 525/5625 | avg train loss 1.8075 top1 0.4167 top5 0.6679
    [13:52:09] step 550/5625 | avg train loss 1.8091 top1 0.4193 top5 0.6691
    [13:52:15] step 575/5625 | avg train loss 1.8201 top1 0.4170 top5 0.6680
    [13:52:20] step 600/5625 | avg train loss 1.8135 top1 0.4154 top5 0.6654
    [13:52:25] step 625/5625 | avg train loss 1.8150 top1 0.4138 top5 0.6634
    [13:52:30] step 650/5625 | avg train loss 1.8176 top1 0.4137 top5 0.6623
    [13:52:35] step 675/5625 | avg train loss 1.8197 top1 0.4141 top5 0.6620
    [13:52:40] step 700/5625 | avg train loss 1.8187 top1 0.4129 top5 0.6604
    [13:52:45] step 725/5625 | avg train loss 1.8213 top1 0.4121 top5 0.6598
    [13:52:50] step 750/5625 | avg train loss 1.8222 top1 0.4110 top5 0.6582
    [13:52:55] step 775/5625 | avg train loss 1.8270 top1 0.4103 top5 0.6592
    [13:53:00] step 800/5625 | avg train loss 1.8232 top1 0.4148 top5 0.6616
    [13:53:05] step 825/5625 | avg train loss 1.8236 top1 0.4170 top5 0.6626
    [13:53:11] step 850/5625 | avg train loss 1.8207 top1 0.4197 top5 0.6638
    [13:53:16] step 875/5625 | avg train loss 1.8195 top1 0.4210 top5 0.6634
    [13:53:21] step 900/5625 | avg train loss 1.8194 top1 0.4207 top5 0.6636
    [13:53:26] step 925/5625 | avg train loss 1.8209 top1 0.4200 top5 0.6624
    [13:53:31] step 950/5625 | avg train loss 1.8227 top1 0.4191 top5 0.6621
    [13:53:36] step 975/5625 | avg train loss 1.8211 top1 0.4177 top5 0.6614
    [13:53:41] step 1000/5625 | avg train loss 1.8238 top1 0.4188 top5 0.6626
    [13:53:46] step 1025/5625 | avg train loss 1.8243 top1 0.4189 top5 0.6621
    [13:53:51] step 1050/5625 | avg train loss 1.8279 top1 0.4167 top5 0.6613
    [13:53:57] step 1075/5625 | avg train loss 1.8310 top1 0.4169 top5 0.6616
    [13:54:02] step 1100/5625 | avg train loss 1.8381 top1 0.4152 top5 0.6606
    [13:54:07] step 1125/5625 | avg train loss 1.8350 top1 0.4168 top5 0.6616
    [13:54:12] step 1150/5625 | avg train loss 1.8395 top1 0.4172 top5 0.6623
    [13:54:17] step 1175/5625 | avg train loss 1.8380 top1 0.4172 top5 0.6623
    [13:54:22] step 1200/5625 | avg train loss 1.8403 top1 0.4159 top5 0.6610
    [13:54:27] step 1225/5625 | avg train loss 1.8432 top1 0.4149 top5 0.6594
    [13:54:32] step 1250/5625 | avg train loss 1.8453 top1 0.4163 top5 0.6600
    [13:54:37] step 1275/5625 | avg train loss 1.8425 top1 0.4160 top5 0.6593
    [13:54:42] step 1300/5625 | avg train loss 1.8430 top1 0.4167 top5 0.6597
    [13:54:47] step 1325/5625 | avg train loss 1.8390 top1 0.4170 top5 0.6595
    [13:54:53] step 1350/5625 | avg train loss 1.8360 top1 0.4176 top5 0.6610
    [13:54:58] step 1375/5625 | avg train loss 1.8362 top1 0.4163 top5 0.6597
    [13:55:03] step 1400/5625 | avg train loss 1.8385 top1 0.4148 top5 0.6582
    [13:55:08] step 1425/5625 | avg train loss 1.8382 top1 0.4146 top5 0.6586
    [13:55:13] step 1450/5625 | avg train loss 1.8384 top1 0.4149 top5 0.6578
    [13:55:18] step 1475/5625 | avg train loss 1.8386 top1 0.4133 top5 0.6561
    [13:55:23] step 1500/5625 | avg train loss 1.8368 top1 0.4131 top5 0.6567
    [13:55:28] step 1525/5625 | avg train loss 1.8371 top1 0.4138 top5 0.6563
    [13:55:33] step 1550/5625 | avg train loss 1.8371 top1 0.4124 top5 0.6563
    [13:55:39] step 1575/5625 | avg train loss 1.8364 top1 0.4118 top5 0.6557
    [13:55:44] step 1600/5625 | avg train loss 1.8403 top1 0.4117 top5 0.6559
    [13:55:49] step 1625/5625 | avg train loss 1.8396 top1 0.4111 top5 0.6559
    [13:55:54] step 1650/5625 | avg train loss 1.8439 top1 0.4098 top5 0.6553
    [13:55:59] step 1675/5625 | avg train loss 1.8443 top1 0.4092 top5 0.6551
    [13:56:04] step 1700/5625 | avg train loss 1.8427 top1 0.4088 top5 0.6542
    [13:56:09] step 1725/5625 | avg train loss 1.8436 top1 0.4086 top5 0.6547
    [13:56:14] step 1750/5625 | avg train loss 1.8413 top1 0.4081 top5 0.6543
    [13:56:19] step 1775/5625 | avg train loss 1.8410 top1 0.4072 top5 0.6537
    [13:56:24] step 1800/5625 | avg train loss 1.8413 top1 0.4069 top5 0.6540
    [13:56:29] step 1825/5625 | avg train loss 1.8398 top1 0.4088 top5 0.6554
    [13:56:35] step 1850/5625 | avg train loss 1.8391 top1 0.4085 top5 0.6553
    [13:56:40] step 1875/5625 | avg train loss 1.8376 top1 0.4087 top5 0.6549
    [13:56:45] step 1900/5625 | avg train loss 1.8361 top1 0.4085 top5 0.6549
    [13:56:50] step 1925/5625 | avg train loss 1.8364 top1 0.4080 top5 0.6541
    [13:56:55] step 1950/5625 | avg train loss 1.8369 top1 0.4079 top5 0.6542
    [13:57:00] step 1975/5625 | avg train loss 1.8363 top1 0.4078 top5 0.6542
    [13:57:05] step 2000/5625 | avg train loss 1.8361 top1 0.4071 top5 0.6538
    [13:57:10] step 2025/5625 | avg train loss 1.8380 top1 0.4069 top5 0.6541
    [13:57:15] step 2050/5625 | avg train loss 1.8394 top1 0.4073 top5 0.6546
    [13:57:20] step 2075/5625 | avg train loss 1.8405 top1 0.4063 top5 0.6541
    [13:57:26] step 2100/5625 | avg train loss 1.8397 top1 0.4067 top5 0.6545
    [13:57:31] step 2125/5625 | avg train loss 1.8388 top1 0.4059 top5 0.6543
    [13:57:36] step 2150/5625 | avg train loss 1.8405 top1 0.4049 top5 0.6535
    [13:57:41] step 2175/5625 | avg train loss 1.8405 top1 0.4044 top5 0.6532
    [13:57:46] step 2200/5625 | avg train loss 1.8390 top1 0.4048 top5 0.6527
    [13:57:51] step 2225/5625 | avg train loss 1.8389 top1 0.4047 top5 0.6525
    [13:57:56] step 2250/5625 | avg train loss 1.8406 top1 0.4046 top5 0.6521
    [13:58:01] step 2275/5625 | avg train loss 1.8405 top1 0.4052 top5 0.6524
    [13:58:06] step 2300/5625 | avg train loss 1.8389 top1 0.4053 top5 0.6527
    [13:58:11] step 2325/5625 | avg train loss 1.8405 top1 0.4052 top5 0.6525
    [13:58:17] step 2350/5625 | avg train loss 1.8417 top1 0.4049 top5 0.6525
    [13:58:22] step 2375/5625 | avg train loss 1.8419 top1 0.4051 top5 0.6522
    [13:58:27] step 2400/5625 | avg train loss 1.8440 top1 0.4041 top5 0.6513
    [13:58:32] step 2425/5625 | avg train loss 1.8446 top1 0.4050 top5 0.6522
    [13:58:37] step 2450/5625 | avg train loss 1.8447 top1 0.4052 top5 0.6521
    [13:58:42] step 2475/5625 | avg train loss 1.8445 top1 0.4060 top5 0.6527
    [13:58:47] step 2500/5625 | avg train loss 1.8436 top1 0.4062 top5 0.6533
    [13:58:52] step 2525/5625 | avg train loss 1.8436 top1 0.4067 top5 0.6534
    [13:58:57] step 2550/5625 | avg train loss 1.8422 top1 0.4077 top5 0.6539
    [13:59:02] step 2575/5625 | avg train loss 1.8424 top1 0.4078 top5 0.6539
    [13:59:07] step 2600/5625 | avg train loss 1.8435 top1 0.4072 top5 0.6540
    [13:59:13] step 2625/5625 | avg train loss 1.8428 top1 0.4080 top5 0.6546
    [13:59:18] step 2650/5625 | avg train loss 1.8430 top1 0.4080 top5 0.6548
    [13:59:23] step 2675/5625 | avg train loss 1.8421 top1 0.4080 top5 0.6547
    [13:59:28] step 2700/5625 | avg train loss 1.8412 top1 0.4076 top5 0.6545
    [13:59:33] step 2725/5625 | avg train loss 1.8432 top1 0.4073 top5 0.6539
    [13:59:38] step 2750/5625 | avg train loss 1.8437 top1 0.4063 top5 0.6532
    [13:59:43] step 2775/5625 | avg train loss 1.8433 top1 0.4062 top5 0.6533
    [13:59:48] step 2800/5625 | avg train loss 1.8438 top1 0.4063 top5 0.6535
    [13:59:53] step 2825/5625 | avg train loss 1.8451 top1 0.4062 top5 0.6531
    [13:59:58] step 2850/5625 | avg train loss 1.8475 top1 0.4057 top5 0.6532
    [14:00:03] step 2875/5625 | avg train loss 1.8493 top1 0.4058 top5 0.6537
    [14:00:09] step 2900/5625 | avg train loss 1.8497 top1 0.4056 top5 0.6535
    [14:00:14] step 2925/5625 | avg train loss 1.8499 top1 0.4060 top5 0.6538
    [14:00:19] step 2950/5625 | avg train loss 1.8491 top1 0.4059 top5 0.6536
    [14:00:24] step 2975/5625 | avg train loss 1.8493 top1 0.4064 top5 0.6545
    [14:00:29] step 3000/5625 | avg train loss 1.8493 top1 0.4056 top5 0.6537
    [14:00:34] step 3025/5625 | avg train loss 1.8500 top1 0.4054 top5 0.6531
    [14:00:39] step 3050/5625 | avg train loss 1.8474 top1 0.4059 top5 0.6530
    [14:00:44] step 3075/5625 | avg train loss 1.8474 top1 0.4053 top5 0.6522
    [14:00:49] step 3100/5625 | avg train loss 1.8480 top1 0.4056 top5 0.6527
    [14:00:54] step 3125/5625 | avg train loss 1.8490 top1 0.4051 top5 0.6528
    [14:00:59] step 3150/5625 | avg train loss 1.8497 top1 0.4054 top5 0.6529
    [14:01:04] step 3175/5625 | avg train loss 1.8490 top1 0.4057 top5 0.6535
    [14:01:10] step 3200/5625 | avg train loss 1.8473 top1 0.4046 top5 0.6523
    [14:01:15] step 3225/5625 | avg train loss 1.8487 top1 0.4041 top5 0.6519
    [14:01:20] step 3250/5625 | avg train loss 1.8499 top1 0.4035 top5 0.6513
    [14:01:25] step 3275/5625 | avg train loss 1.8502 top1 0.4039 top5 0.6517
    [14:01:30] step 3300/5625 | avg train loss 1.8509 top1 0.4038 top5 0.6522
    [14:01:35] step 3325/5625 | avg train loss 1.8494 top1 0.4041 top5 0.6526
    [14:01:40] step 3350/5625 | avg train loss 1.8502 top1 0.4040 top5 0.6530
    [14:01:45] step 3375/5625 | avg train loss 1.8499 top1 0.4036 top5 0.6529
    [14:01:50] step 3400/5625 | avg train loss 1.8500 top1 0.4032 top5 0.6524
    [14:01:55] step 3425/5625 | avg train loss 1.8486 top1 0.4035 top5 0.6524
    [14:02:00] step 3450/5625 | avg train loss 1.8499 top1 0.4028 top5 0.6517
    [14:02:06] step 3475/5625 | avg train loss 1.8504 top1 0.4024 top5 0.6515
    [14:02:11] step 3500/5625 | avg train loss 1.8497 top1 0.4034 top5 0.6520
    [14:02:16] step 3525/5625 | avg train loss 1.8507 top1 0.4032 top5 0.6519
    [14:02:21] step 3550/5625 | avg train loss 1.8536 top1 0.4028 top5 0.6520
    [14:02:26] step 3575/5625 | avg train loss 1.8549 top1 0.4026 top5 0.6519
    [14:02:31] step 3600/5625 | avg train loss 1.8541 top1 0.4029 top5 0.6520
    [14:02:36] step 3625/5625 | avg train loss 1.8520 top1 0.4035 top5 0.6523
    [14:02:41] step 3650/5625 | avg train loss 1.8524 top1 0.4034 top5 0.6522
    [14:02:46] step 3675/5625 | avg train loss 1.8529 top1 0.4031 top5 0.6520
    [14:02:52] step 3700/5625 | avg train loss 1.8525 top1 0.4033 top5 0.6521
    [14:02:57] step 3725/5625 | avg train loss 1.8513 top1 0.4035 top5 0.6520
    [14:03:02] step 3750/5625 | avg train loss 1.8521 top1 0.4035 top5 0.6520
    [14:03:07] step 3775/5625 | avg train loss 1.8528 top1 0.4034 top5 0.6520
    [14:03:12] step 3800/5625 | avg train loss 1.8534 top1 0.4036 top5 0.6524
    [14:03:17] step 3825/5625 | avg train loss 1.8533 top1 0.4033 top5 0.6520
    [14:03:22] step 3850/5625 | avg train loss 1.8542 top1 0.4033 top5 0.6521
    [14:03:27] step 3875/5625 | avg train loss 1.8544 top1 0.4032 top5 0.6517
    [14:03:32] step 3900/5625 | avg train loss 1.8537 top1 0.4032 top5 0.6514
    [14:03:37] step 3925/5625 | avg train loss 1.8538 top1 0.4027 top5 0.6512
    [14:03:42] step 3950/5625 | avg train loss 1.8551 top1 0.4021 top5 0.6506
    [14:03:47] step 3975/5625 | avg train loss 1.8552 top1 0.4021 top5 0.6506
    [14:03:53] step 4000/5625 | avg train loss 1.8550 top1 0.4020 top5 0.6503
    [14:03:58] step 4025/5625 | avg train loss 1.8548 top1 0.4016 top5 0.6501
    [14:04:03] step 4050/5625 | avg train loss 1.8547 top1 0.4019 top5 0.6504
    [14:04:08] step 4075/5625 | avg train loss 1.8553 top1 0.4013 top5 0.6497
    [14:04:13] step 4100/5625 | avg train loss 1.8553 top1 0.4014 top5 0.6495
    [14:04:18] step 4125/5625 | avg train loss 1.8550 top1 0.4015 top5 0.6498
    [14:04:23] step 4150/5625 | avg train loss 1.8551 top1 0.4012 top5 0.6495
    [14:04:28] step 4175/5625 | avg train loss 1.8551 top1 0.4013 top5 0.6496
    [14:04:33] step 4200/5625 | avg train loss 1.8544 top1 0.4018 top5 0.6504
    [14:04:38] step 4225/5625 | avg train loss 1.8543 top1 0.4021 top5 0.6504
    [14:04:43] step 4250/5625 | avg train loss 1.8552 top1 0.4021 top5 0.6503
    [14:04:49] step 4275/5625 | avg train loss 1.8536 top1 0.4023 top5 0.6504
    [14:04:54] step 4300/5625 | avg train loss 1.8535 top1 0.4024 top5 0.6505
    [14:04:59] step 4325/5625 | avg train loss 1.8527 top1 0.4027 top5 0.6506
    [14:05:04] step 4350/5625 | avg train loss 1.8529 top1 0.4027 top5 0.6509
    [14:05:09] step 4375/5625 | avg train loss 1.8529 top1 0.4029 top5 0.6506
    [14:05:14] step 4400/5625 | avg train loss 1.8543 top1 0.4022 top5 0.6499
    [14:05:19] step 4425/5625 | avg train loss 1.8551 top1 0.4022 top5 0.6498
    [14:05:24] step 4450/5625 | avg train loss 1.8549 top1 0.4025 top5 0.6499
    [14:05:29] step 4475/5625 | avg train loss 1.8550 top1 0.4018 top5 0.6494
    [14:05:34] step 4500/5625 | avg train loss 1.8562 top1 0.4017 top5 0.6492
    [14:05:40] step 4525/5625 | avg train loss 1.8564 top1 0.4020 top5 0.6497
    [14:05:45] step 4550/5625 | avg train loss 1.8555 top1 0.4027 top5 0.6500
    [14:05:50] step 4575/5625 | avg train loss 1.8559 top1 0.4028 top5 0.6502
    [14:05:55] step 4600/5625 | avg train loss 1.8566 top1 0.4029 top5 0.6506
    [14:06:00] step 4625/5625 | avg train loss 1.8574 top1 0.4027 top5 0.6506
    [14:06:05] step 4650/5625 | avg train loss 1.8571 top1 0.4027 top5 0.6506
    [14:06:10] step 4675/5625 | avg train loss 1.8567 top1 0.4027 top5 0.6507
    [14:06:15] step 4700/5625 | avg train loss 1.8566 top1 0.4025 top5 0.6505
    [14:06:20] step 4725/5625 | avg train loss 1.8554 top1 0.4024 top5 0.6501
    [14:06:25] step 4750/5625 | avg train loss 1.8545 top1 0.4023 top5 0.6500
    [14:06:30] step 4775/5625 | avg train loss 1.8537 top1 0.4024 top5 0.6500
    [14:06:35] step 4800/5625 | avg train loss 1.8534 top1 0.4027 top5 0.6502
    [14:06:40] step 4825/5625 | avg train loss 1.8536 top1 0.4025 top5 0.6503
    [14:06:45] step 4850/5625 | avg train loss 1.8539 top1 0.4022 top5 0.6499
    [14:06:51] step 4875/5625 | avg train loss 1.8534 top1 0.4025 top5 0.6501
    [14:06:56] step 4900/5625 | avg train loss 1.8522 top1 0.4026 top5 0.6504
    [14:07:01] step 4925/5625 | avg train loss 1.8520 top1 0.4028 top5 0.6508
    [14:07:06] step 4950/5625 | avg train loss 1.8520 top1 0.4028 top5 0.6507
    [14:07:11] step 4975/5625 | avg train loss 1.8529 top1 0.4023 top5 0.6502
    [14:07:16] step 5000/5625 | avg train loss 1.8528 top1 0.4022 top5 0.6502
    [14:07:21] step 5025/5625 | avg train loss 1.8528 top1 0.4022 top5 0.6500
    [14:07:26] step 5050/5625 | avg train loss 1.8532 top1 0.4021 top5 0.6499
    [14:07:31] step 5075/5625 | avg train loss 1.8536 top1 0.4022 top5 0.6499
    [14:07:36] step 5100/5625 | avg train loss 1.8529 top1 0.4023 top5 0.6499
    [14:07:41] step 5125/5625 | avg train loss 1.8534 top1 0.4019 top5 0.6493
    [14:07:47] step 5150/5625 | avg train loss 1.8533 top1 0.4016 top5 0.6490
    [14:07:52] step 5175/5625 | avg train loss 1.8541 top1 0.4016 top5 0.6493
    [14:07:57] step 5200/5625 | avg train loss 1.8540 top1 0.4017 top5 0.6495
    [14:08:02] step 5225/5625 | avg train loss 1.8542 top1 0.4020 top5 0.6497
    [14:08:07] step 5250/5625 | avg train loss 1.8548 top1 0.4024 top5 0.6503
    [14:08:12] step 5275/5625 | avg train loss 1.8548 top1 0.4022 top5 0.6501
    [14:08:17] step 5300/5625 | avg train loss 1.8535 top1 0.4020 top5 0.6499
    [14:08:22] step 5325/5625 | avg train loss 1.8529 top1 0.4023 top5 0.6500
    [14:08:27] step 5350/5625 | avg train loss 1.8529 top1 0.4026 top5 0.6504
    [14:08:32] step 5375/5625 | avg train loss 1.8543 top1 0.4023 top5 0.6501
    [14:08:38] step 5400/5625 | avg train loss 1.8536 top1 0.4021 top5 0.6499
    [14:08:43] step 5425/5625 | avg train loss 1.8527 top1 0.4025 top5 0.6501
    [14:08:48] step 5450/5625 | avg train loss 1.8524 top1 0.4030 top5 0.6503
    [14:08:53] step 5475/5625 | avg train loss 1.8512 top1 0.4031 top5 0.6503
    [14:08:58] step 5500/5625 | avg train loss 1.8504 top1 0.4030 top5 0.6500
    [14:09:03] step 5525/5625 | avg train loss 1.8503 top1 0.4031 top5 0.6500
    [14:09:08] step 5550/5625 | avg train loss 1.8509 top1 0.4028 top5 0.6497
    [14:09:13] step 5575/5625 | avg train loss 1.8505 top1 0.4025 top5 0.6492
    [14:09:18] step 5600/5625 | avg train loss 1.8511 top1 0.4024 top5 0.6492
    [14:09:23] step 5625/5625 | avg train loss 1.8512 top1 0.4022 top5 0.6489
Epoch 44/50 | train loss 1.8512 top1 0.4022 | val loss 1.7826 top1 0.5057 top5 0.8147 | ema holdout top1 0.5137 top5 0.8221
  Saved new best checkpoint (ema): /Data/romain.poggi/smth2smth/checkpoints/track_a/videomaev2+ft/meanpool-mae150-s44.pt (val top1=0.5137)
    [14:10:59] step 25/5625 | avg train loss 1.8437 top1 0.5050 top5 0.7300
    [14:11:04] step 50/5625 | avg train loss 1.8412 top1 0.4550 top5 0.6925
    [14:11:09] step 75/5625 | avg train loss 1.8259 top1 0.4250 top5 0.6700
    [14:11:14] step 100/5625 | avg train loss 1.8659 top1 0.4188 top5 0.6625
    [14:11:19] step 125/5625 | avg train loss 1.8884 top1 0.4000 top5 0.6480
    [14:11:24] step 150/5625 | avg train loss 1.8841 top1 0.4017 top5 0.6475
    [14:11:30] step 175/5625 | avg train loss 1.8571 top1 0.4121 top5 0.6657
    [14:11:35] step 200/5625 | avg train loss 1.8323 top1 0.4100 top5 0.6600
    [14:11:40] step 225/5625 | avg train loss 1.8508 top1 0.4056 top5 0.6561
    [14:11:45] step 250/5625 | avg train loss 1.8653 top1 0.4055 top5 0.6570
    [14:11:50] step 275/5625 | avg train loss 1.8548 top1 0.4086 top5 0.6600
    [14:11:55] step 300/5625 | avg train loss 1.8503 top1 0.4167 top5 0.6654
    [14:12:00] step 325/5625 | avg train loss 1.8444 top1 0.4185 top5 0.6654
    [14:12:05] step 350/5625 | avg train loss 1.8384 top1 0.4154 top5 0.6654
    [14:12:11] step 375/5625 | avg train loss 1.8326 top1 0.4157 top5 0.6647
    [14:12:16] step 400/5625 | avg train loss 1.8322 top1 0.4209 top5 0.6703
    [14:12:21] step 425/5625 | avg train loss 1.8225 top1 0.4259 top5 0.6750
    [14:12:26] step 450/5625 | avg train loss 1.8274 top1 0.4217 top5 0.6658
    [14:12:31] step 475/5625 | avg train loss 1.8230 top1 0.4218 top5 0.6663
    [14:12:36] step 500/5625 | avg train loss 1.8217 top1 0.4183 top5 0.6635
    [14:12:41] step 525/5625 | avg train loss 1.8303 top1 0.4183 top5 0.6660
    [14:12:46] step 550/5625 | avg train loss 1.8334 top1 0.4164 top5 0.6666
    [14:12:51] step 575/5625 | avg train loss 1.8349 top1 0.4143 top5 0.6641
    [14:12:56] step 600/5625 | avg train loss 1.8353 top1 0.4110 top5 0.6631
    [14:13:01] step 625/5625 | avg train loss 1.8414 top1 0.4114 top5 0.6636
    [14:13:06] step 650/5625 | avg train loss 1.8436 top1 0.4092 top5 0.6627
    [14:13:12] step 675/5625 | avg train loss 1.8409 top1 0.4085 top5 0.6596
    [14:13:17] step 700/5625 | avg train loss 1.8443 top1 0.4082 top5 0.6598
    [14:13:22] step 725/5625 | avg train loss 1.8424 top1 0.4078 top5 0.6591
    [14:13:27] step 750/5625 | avg train loss 1.8375 top1 0.4090 top5 0.6602
    [14:13:32] step 775/5625 | avg train loss 1.8402 top1 0.4095 top5 0.6610
    [14:13:37] step 800/5625 | avg train loss 1.8431 top1 0.4078 top5 0.6592
    [14:13:42] step 825/5625 | avg train loss 1.8432 top1 0.4068 top5 0.6583
    [14:13:47] step 850/5625 | avg train loss 1.8482 top1 0.4059 top5 0.6571
    [14:13:52] step 875/5625 | avg train loss 1.8535 top1 0.4057 top5 0.6579
    [14:13:57] step 900/5625 | avg train loss 1.8574 top1 0.4051 top5 0.6564
    [14:14:03] step 925/5625 | avg train loss 1.8560 top1 0.4051 top5 0.6572
    [14:14:08] step 950/5625 | avg train loss 1.8545 top1 0.4070 top5 0.6596
    [14:14:13] step 975/5625 | avg train loss 1.8531 top1 0.4072 top5 0.6597
    [14:14:18] step 1000/5625 | avg train loss 1.8564 top1 0.4065 top5 0.6604
    [14:14:23] step 1025/5625 | avg train loss 1.8579 top1 0.4055 top5 0.6605
    [14:14:28] step 1050/5625 | avg train loss 1.8576 top1 0.4067 top5 0.6618
    [14:14:33] step 1075/5625 | avg train loss 1.8558 top1 0.4067 top5 0.6628
    [14:14:38] step 1100/5625 | avg train loss 1.8549 top1 0.4072 top5 0.6640
    [14:14:43] step 1125/5625 | avg train loss 1.8550 top1 0.4073 top5 0.6640
    [14:14:48] step 1150/5625 | avg train loss 1.8591 top1 0.4064 top5 0.6632
    [14:14:54] step 1175/5625 | avg train loss 1.8624 top1 0.4048 top5 0.6601
    [14:14:59] step 1200/5625 | avg train loss 1.8626 top1 0.4050 top5 0.6607
    [14:15:04] step 1225/5625 | avg train loss 1.8614 top1 0.4070 top5 0.6626
    [14:15:09] step 1250/5625 | avg train loss 1.8614 top1 0.4061 top5 0.6608
    [14:15:14] step 1275/5625 | avg train loss 1.8602 top1 0.4067 top5 0.6608
    [14:15:19] step 1300/5625 | avg train loss 1.8636 top1 0.4062 top5 0.6604
    [14:15:24] step 1325/5625 | avg train loss 1.8613 top1 0.4061 top5 0.6594
    [14:15:29] step 1350/5625 | avg train loss 1.8586 top1 0.4069 top5 0.6599
    [14:15:34] step 1375/5625 | avg train loss 1.8599 top1 0.4067 top5 0.6598
    [14:15:39] step 1400/5625 | avg train loss 1.8653 top1 0.4060 top5 0.6588
    [14:15:44] step 1425/5625 | avg train loss 1.8666 top1 0.4048 top5 0.6582
    [14:15:50] step 1450/5625 | avg train loss 1.8648 top1 0.4043 top5 0.6579
    [14:15:55] step 1475/5625 | avg train loss 1.8621 top1 0.4064 top5 0.6598
    [14:16:00] step 1500/5625 | avg train loss 1.8597 top1 0.4070 top5 0.6602
    [14:16:05] step 1525/5625 | avg train loss 1.8629 top1 0.4069 top5 0.6602
    [14:16:10] step 1550/5625 | avg train loss 1.8572 top1 0.4091 top5 0.6619
    [14:16:15] step 1575/5625 | avg train loss 1.8550 top1 0.4096 top5 0.6628
    [14:16:20] step 1600/5625 | avg train loss 1.8532 top1 0.4100 top5 0.6634
    [14:16:25] step 1625/5625 | avg train loss 1.8497 top1 0.4098 top5 0.6639
    [14:16:31] step 1650/5625 | avg train loss 1.8510 top1 0.4108 top5 0.6646
    [14:16:36] step 1675/5625 | avg train loss 1.8521 top1 0.4091 top5 0.6630
    [14:16:41] step 1700/5625 | avg train loss 1.8532 top1 0.4093 top5 0.6631
    [14:16:46] step 1725/5625 | avg train loss 1.8531 top1 0.4088 top5 0.6625
    [14:16:51] step 1750/5625 | avg train loss 1.8552 top1 0.4080 top5 0.6626
    [14:16:56] step 1775/5625 | avg train loss 1.8558 top1 0.4077 top5 0.6624
    [14:17:01] step 1800/5625 | avg train loss 1.8580 top1 0.4069 top5 0.6613
    [14:17:06] step 1825/5625 | avg train loss 1.8578 top1 0.4067 top5 0.6610
    [14:17:11] step 1850/5625 | avg train loss 1.8583 top1 0.4071 top5 0.6618
    [14:17:16] step 1875/5625 | avg train loss 1.8567 top1 0.4071 top5 0.6617
    [14:17:21] step 1900/5625 | avg train loss 1.8578 top1 0.4072 top5 0.6618
    [14:17:27] step 1925/5625 | avg train loss 1.8598 top1 0.4064 top5 0.6604
    [14:17:32] step 1950/5625 | avg train loss 1.8647 top1 0.4063 top5 0.6606
    [14:17:37] step 1975/5625 | avg train loss 1.8639 top1 0.4074 top5 0.6612
    [14:17:42] step 2000/5625 | avg train loss 1.8631 top1 0.4076 top5 0.6609
    [14:17:47] step 2025/5625 | avg train loss 1.8608 top1 0.4080 top5 0.6615
    [14:17:52] step 2050/5625 | avg train loss 1.8617 top1 0.4068 top5 0.6610
    [14:17:57] step 2075/5625 | avg train loss 1.8597 top1 0.4072 top5 0.6608
    [14:18:02] step 2100/5625 | avg train loss 1.8602 top1 0.4073 top5 0.6607
    [14:18:07] step 2125/5625 | avg train loss 1.8573 top1 0.4075 top5 0.6611
    [14:18:12] step 2150/5625 | avg train loss 1.8565 top1 0.4075 top5 0.6608
    [14:18:18] step 2175/5625 | avg train loss 1.8569 top1 0.4070 top5 0.6601
    [14:18:23] step 2200/5625 | avg train loss 1.8589 top1 0.4060 top5 0.6592
    [14:18:28] step 2225/5625 | avg train loss 1.8577 top1 0.4063 top5 0.6594
    [14:18:33] step 2250/5625 | avg train loss 1.8583 top1 0.4064 top5 0.6595
    [14:18:38] step 2275/5625 | avg train loss 1.8572 top1 0.4060 top5 0.6588
    [14:18:43] step 2300/5625 | avg train loss 1.8564 top1 0.4060 top5 0.6586
    [14:18:48] step 2325/5625 | avg train loss 1.8578 top1 0.4049 top5 0.6570
    [14:18:53] step 2350/5625 | avg train loss 1.8568 top1 0.4041 top5 0.6563
    [14:18:58] step 2375/5625 | avg train loss 1.8586 top1 0.4034 top5 0.6556
    [14:19:03] step 2400/5625 | avg train loss 1.8608 top1 0.4031 top5 0.6550
    [14:19:08] step 2425/5625 | avg train loss 1.8598 top1 0.4035 top5 0.6553
    [14:19:13] step 2450/5625 | avg train loss 1.8598 top1 0.4037 top5 0.6565
    [14:19:19] step 2475/5625 | avg train loss 1.8604 top1 0.4035 top5 0.6563
    [14:19:24] step 2500/5625 | avg train loss 1.8601 top1 0.4034 top5 0.6567
    [14:19:29] step 2525/5625 | avg train loss 1.8615 top1 0.4036 top5 0.6568
    [14:19:34] step 2550/5625 | avg train loss 1.8623 top1 0.4037 top5 0.6574
    [14:19:39] step 2575/5625 | avg train loss 1.8616 top1 0.4034 top5 0.6575
    [14:19:44] step 2600/5625 | avg train loss 1.8619 top1 0.4033 top5 0.6574
    [14:19:49] step 2625/5625 | avg train loss 1.8614 top1 0.4032 top5 0.6578
    [14:19:54] step 2650/5625 | avg train loss 1.8610 top1 0.4032 top5 0.6579
    [14:19:59] step 2675/5625 | avg train loss 1.8621 top1 0.4035 top5 0.6584
    [14:20:04] step 2700/5625 | avg train loss 1.8622 top1 0.4036 top5 0.6585
    [14:20:09] step 2725/5625 | avg train loss 1.8627 top1 0.4039 top5 0.6583
    [14:20:14] step 2750/5625 | avg train loss 1.8642 top1 0.4038 top5 0.6582
    [14:20:19] step 2775/5625 | avg train loss 1.8647 top1 0.4034 top5 0.6578
    [14:20:25] step 2800/5625 | avg train loss 1.8638 top1 0.4041 top5 0.6582
    [14:20:30] step 2825/5625 | avg train loss 1.8629 top1 0.4040 top5 0.6580
    [14:20:35] step 2850/5625 | avg train loss 1.8645 top1 0.4036 top5 0.6575
    [14:20:40] step 2875/5625 | avg train loss 1.8660 top1 0.4033 top5 0.6568
    [14:20:45] step 2900/5625 | avg train loss 1.8665 top1 0.4029 top5 0.6566
    [14:20:50] step 2925/5625 | avg train loss 1.8671 top1 0.4034 top5 0.6566
    [14:20:55] step 2950/5625 | avg train loss 1.8678 top1 0.4032 top5 0.6566
    [14:21:00] step 2975/5625 | avg train loss 1.8678 top1 0.4029 top5 0.6563
    [14:21:06] step 3000/5625 | avg train loss 1.8670 top1 0.4032 top5 0.6566
    [14:21:11] step 3025/5625 | avg train loss 1.8675 top1 0.4028 top5 0.6564
    [14:21:16] step 3050/5625 | avg train loss 1.8672 top1 0.4031 top5 0.6563
    [14:21:21] step 3075/5625 | avg train loss 1.8685 top1 0.4026 top5 0.6561
    [14:21:26] step 3100/5625 | avg train loss 1.8680 top1 0.4029 top5 0.6559
    [14:21:31] step 3125/5625 | avg train loss 1.8677 top1 0.4026 top5 0.6558
    [14:21:36] step 3150/5625 | avg train loss 1.8671 top1 0.4026 top5 0.6556
    [14:21:41] step 3175/5625 | avg train loss 1.8665 top1 0.4030 top5 0.6557
    [14:21:46] step 3200/5625 | avg train loss 1.8650 top1 0.4035 top5 0.6564
    [14:21:51] step 3225/5625 | avg train loss 1.8661 top1 0.4036 top5 0.6566
    [14:21:56] step 3250/5625 | avg train loss 1.8665 top1 0.4036 top5 0.6565
    [14:22:02] step 3275/5625 | avg train loss 1.8661 top1 0.4030 top5 0.6560
    [14:22:07] step 3300/5625 | avg train loss 1.8662 top1 0.4030 top5 0.6563
    [14:22:12] step 3325/5625 | avg train loss 1.8671 top1 0.4024 top5 0.6557
    [14:22:17] step 3350/5625 | avg train loss 1.8663 top1 0.4029 top5 0.6560
    [14:22:22] step 3375/5625 | avg train loss 1.8644 top1 0.4034 top5 0.6566
    [14:22:27] step 3400/5625 | avg train loss 1.8640 top1 0.4029 top5 0.6561
    [14:22:32] step 3425/5625 | avg train loss 1.8634 top1 0.4029 top5 0.6561
    [14:22:37] step 3450/5625 | avg train loss 1.8643 top1 0.4031 top5 0.6564
    [14:22:42] step 3475/5625 | avg train loss 1.8647 top1 0.4033 top5 0.6566
    [14:22:48] step 3500/5625 | avg train loss 1.8660 top1 0.4034 top5 0.6571
    [14:22:53] step 3525/5625 | avg train loss 1.8633 top1 0.4039 top5 0.6571
    [14:22:58] step 3550/5625 | avg train loss 1.8616 top1 0.4050 top5 0.6579
    [14:23:03] step 3575/5625 | avg train loss 1.8608 top1 0.4057 top5 0.6586
    [14:23:08] step 3600/5625 | avg train loss 1.8614 top1 0.4051 top5 0.6579
    [14:23:13] step 3625/5625 | avg train loss 1.8618 top1 0.4058 top5 0.6582
    [14:23:18] step 3650/5625 | avg train loss 1.8622 top1 0.4060 top5 0.6583
    [14:23:23] step 3675/5625 | avg train loss 1.8637 top1 0.4056 top5 0.6580
    [14:23:28] step 3700/5625 | avg train loss 1.8631 top1 0.4050 top5 0.6574
    [14:23:34] step 3725/5625 | avg train loss 1.8615 top1 0.4055 top5 0.6576
    [14:23:39] step 3750/5625 | avg train loss 1.8621 top1 0.4055 top5 0.6575
    [14:23:44] step 3775/5625 | avg train loss 1.8616 top1 0.4057 top5 0.6575
    [14:23:49] step 3800/5625 | avg train loss 1.8618 top1 0.4059 top5 0.6577
    [14:23:54] step 3825/5625 | avg train loss 1.8619 top1 0.4059 top5 0.6574
    [14:23:59] step 3850/5625 | avg train loss 1.8624 top1 0.4057 top5 0.6571
    [14:24:04] step 3875/5625 | avg train loss 1.8619 top1 0.4060 top5 0.6573
    [14:24:09] step 3900/5625 | avg train loss 1.8616 top1 0.4062 top5 0.6572
    [14:24:14] step 3925/5625 | avg train loss 1.8620 top1 0.4062 top5 0.6571
    [14:24:19] step 3950/5625 | avg train loss 1.8624 top1 0.4064 top5 0.6571
    [14:24:24] step 3975/5625 | avg train loss 1.8641 top1 0.4065 top5 0.6575
    [14:24:29] step 4000/5625 | avg train loss 1.8646 top1 0.4062 top5 0.6570
    [14:24:35] step 4025/5625 | avg train loss 1.8641 top1 0.4064 top5 0.6574
    [14:24:40] step 4050/5625 | avg train loss 1.8648 top1 0.4064 top5 0.6575
    [14:24:45] step 4075/5625 | avg train loss 1.8635 top1 0.4067 top5 0.6578
    [14:24:50] step 4100/5625 | avg train loss 1.8626 top1 0.4063 top5 0.6574
    [14:24:55] step 4125/5625 | avg train loss 1.8631 top1 0.4065 top5 0.6572
    [14:25:00] step 4150/5625 | avg train loss 1.8623 top1 0.4070 top5 0.6575
    [14:25:05] step 4175/5625 | avg train loss 1.8625 top1 0.4069 top5 0.6575
    [14:25:10] step 4200/5625 | avg train loss 1.8630 top1 0.4066 top5 0.6575
    [14:25:15] step 4225/5625 | avg train loss 1.8637 top1 0.4065 top5 0.6576
    [14:25:20] step 4250/5625 | avg train loss 1.8639 top1 0.4064 top5 0.6575
    [14:25:25] step 4275/5625 | avg train loss 1.8640 top1 0.4066 top5 0.6575
    [14:25:31] step 4300/5625 | avg train loss 1.8637 top1 0.4066 top5 0.6577
    [14:25:36] step 4325/5625 | avg train loss 1.8637 top1 0.4065 top5 0.6575
    [14:25:41] step 4350/5625 | avg train loss 1.8647 top1 0.4061 top5 0.6570
    [14:25:46] step 4375/5625 | avg train loss 1.8643 top1 0.4058 top5 0.6569
    [14:25:51] step 4400/5625 | avg train loss 1.8640 top1 0.4059 top5 0.6571
    [14:25:56] step 4425/5625 | avg train loss 1.8640 top1 0.4055 top5 0.6566
    [14:26:01] step 4450/5625 | avg train loss 1.8649 top1 0.4053 top5 0.6564
    [14:26:06] step 4475/5625 | avg train loss 1.8655 top1 0.4048 top5 0.6559
    [14:26:11] step 4500/5625 | avg train loss 1.8658 top1 0.4047 top5 0.6555
    [14:26:16] step 4525/5625 | avg train loss 1.8654 top1 0.4048 top5 0.6557
    [14:26:22] step 4550/5625 | avg train loss 1.8665 top1 0.4043 top5 0.6552
    [14:26:27] step 4575/5625 | avg train loss 1.8654 top1 0.4047 top5 0.6555
    [14:26:32] step 4600/5625 | avg train loss 1.8657 top1 0.4045 top5 0.6555
    [14:26:37] step 4625/5625 | avg train loss 1.8649 top1 0.4039 top5 0.6546
    [14:26:42] step 4650/5625 | avg train loss 1.8641 top1 0.4038 top5 0.6545
    [14:26:47] step 4675/5625 | avg train loss 1.8623 top1 0.4041 top5 0.6546
    [14:26:52] step 4700/5625 | avg train loss 1.8635 top1 0.4039 top5 0.6544
    [14:26:57] step 4725/5625 | avg train loss 1.8639 top1 0.4037 top5 0.6542
    [14:27:02] step 4750/5625 | avg train loss 1.8648 top1 0.4033 top5 0.6541
    [14:27:08] step 4775/5625 | avg train loss 1.8643 top1 0.4034 top5 0.6540
    [14:27:13] step 4800/5625 | avg train loss 1.8655 top1 0.4036 top5 0.6541
    [14:27:18] step 4825/5625 | avg train loss 1.8653 top1 0.4032 top5 0.6535
    [14:27:23] step 4850/5625 | avg train loss 1.8648 top1 0.4031 top5 0.6535
    [14:27:28] step 4875/5625 | avg train loss 1.8644 top1 0.4034 top5 0.6539
    [14:27:33] step 4900/5625 | avg train loss 1.8624 top1 0.4038 top5 0.6541
    [14:27:38] step 4925/5625 | avg train loss 1.8630 top1 0.4036 top5 0.6537
    [14:27:43] step 4950/5625 | avg train loss 1.8626 top1 0.4033 top5 0.6537
    [14:27:48] step 4975/5625 | avg train loss 1.8630 top1 0.4033 top5 0.6538
    [14:27:53] step 5000/5625 | avg train loss 1.8631 top1 0.4032 top5 0.6537
    [14:27:58] step 5025/5625 | avg train loss 1.8632 top1 0.4034 top5 0.6538
    [14:28:04] step 5050/5625 | avg train loss 1.8620 top1 0.4035 top5 0.6540
    [14:28:09] step 5075/5625 | avg train loss 1.8621 top1 0.4032 top5 0.6538
    [14:28:14] step 5100/5625 | avg train loss 1.8617 top1 0.4032 top5 0.6539
    [14:28:19] step 5125/5625 | avg train loss 1.8619 top1 0.4032 top5 0.6541
    [14:28:24] step 5150/5625 | avg train loss 1.8622 top1 0.4032 top5 0.6540
    [14:28:29] step 5175/5625 | avg train loss 1.8623 top1 0.4029 top5 0.6537
    [14:28:34] step 5200/5625 | avg train loss 1.8619 top1 0.4032 top5 0.6538
    [14:28:39] step 5225/5625 | avg train loss 1.8627 top1 0.4030 top5 0.6533
    [14:28:44] step 5250/5625 | avg train loss 1.8615 top1 0.4032 top5 0.6533
    [14:28:50] step 5275/5625 | avg train loss 1.8625 top1 0.4028 top5 0.6529
    [14:28:55] step 5300/5625 | avg train loss 1.8620 top1 0.4027 top5 0.6530
    [14:29:00] step 5325/5625 | avg train loss 1.8633 top1 0.4023 top5 0.6528
    [14:29:05] step 5350/5625 | avg train loss 1.8640 top1 0.4025 top5 0.6529
    [14:29:10] step 5375/5625 | avg train loss 1.8639 top1 0.4024 top5 0.6529
    [14:29:15] step 5400/5625 | avg train loss 1.8637 top1 0.4024 top5 0.6529
    [14:29:20] step 5425/5625 | avg train loss 1.8646 top1 0.4026 top5 0.6531
    [14:29:25] step 5450/5625 | avg train loss 1.8641 top1 0.4028 top5 0.6532
    [14:29:30] step 5475/5625 | avg train loss 1.8642 top1 0.4030 top5 0.6534
    [14:29:36] step 5500/5625 | avg train loss 1.8644 top1 0.4033 top5 0.6537
    [14:29:41] step 5525/5625 | avg train loss 1.8645 top1 0.4035 top5 0.6536
    [14:29:46] step 5550/5625 | avg train loss 1.8652 top1 0.4034 top5 0.6538
    [14:29:51] step 5575/5625 | avg train loss 1.8646 top1 0.4039 top5 0.6540
    [14:29:56] step 5600/5625 | avg train loss 1.8643 top1 0.4042 top5 0.6543
    [14:30:01] step 5625/5625 | avg train loss 1.8643 top1 0.4044 top5 0.6544
Epoch 45/50 | train loss 1.8643 top1 0.4044 | val loss 1.7819 top1 0.5091 top5 0.8139 | ema holdout top1 0.5142 top5 0.8222
  No val top1 improvement (1/15); best remains 0.5137
    [14:31:36] step 25/5625 | avg train loss 1.9402 top1 0.4350 top5 0.6700
    [14:31:41] step 50/5625 | avg train loss 1.8498 top1 0.4825 top5 0.7200
    [14:31:46] step 75/5625 | avg train loss 1.8563 top1 0.4867 top5 0.7233
    [14:31:51] step 100/5625 | avg train loss 1.8708 top1 0.4700 top5 0.6950
    [14:31:56] step 125/5625 | avg train loss 1.8606 top1 0.4540 top5 0.6920
    [14:32:01] step 150/5625 | avg train loss 1.8563 top1 0.4492 top5 0.6950
    [14:32:06] step 175/5625 | avg train loss 1.8403 top1 0.4443 top5 0.6943
    [14:32:11] step 200/5625 | avg train loss 1.8293 top1 0.4462 top5 0.6969
    [14:32:17] step 225/5625 | avg train loss 1.8424 top1 0.4372 top5 0.6839
    [14:32:22] step 250/5625 | avg train loss 1.8579 top1 0.4295 top5 0.6780
    [14:32:27] step 275/5625 | avg train loss 1.8478 top1 0.4241 top5 0.6705
    [14:32:32] step 300/5625 | avg train loss 1.8464 top1 0.4183 top5 0.6633
    [14:32:37] step 325/5625 | avg train loss 1.8464 top1 0.4188 top5 0.6642
    [14:32:42] step 350/5625 | avg train loss 1.8421 top1 0.4196 top5 0.6711
    [14:32:47] step 375/5625 | avg train loss 1.8352 top1 0.4210 top5 0.6760
    [14:32:52] step 400/5625 | avg train loss 1.8383 top1 0.4216 top5 0.6756
    [14:32:58] step 425/5625 | avg train loss 1.8486 top1 0.4197 top5 0.6750
    [14:33:03] step 450/5625 | avg train loss 1.8592 top1 0.4186 top5 0.6750
    [14:33:08] step 475/5625 | avg train loss 1.8634 top1 0.4176 top5 0.6747
    [14:33:13] step 500/5625 | avg train loss 1.8540 top1 0.4143 top5 0.6703
    [14:33:18] step 525/5625 | avg train loss 1.8573 top1 0.4133 top5 0.6690
    [14:33:23] step 550/5625 | avg train loss 1.8588 top1 0.4168 top5 0.6707
    [14:33:28] step 575/5625 | avg train loss 1.8426 top1 0.4228 top5 0.6748
    [14:33:33] step 600/5625 | avg train loss 1.8460 top1 0.4208 top5 0.6721
    [14:33:38] step 625/5625 | avg train loss 1.8473 top1 0.4234 top5 0.6740
    [14:33:43] step 650/5625 | avg train loss 1.8520 top1 0.4231 top5 0.6746
    [14:33:48] step 675/5625 | avg train loss 1.8490 top1 0.4241 top5 0.6726
    [14:33:54] step 700/5625 | avg train loss 1.8569 top1 0.4220 top5 0.6714
    [14:33:59] step 725/5625 | avg train loss 1.8594 top1 0.4210 top5 0.6709
    [14:34:04] step 750/5625 | avg train loss 1.8599 top1 0.4212 top5 0.6720
    [14:34:09] step 775/5625 | avg train loss 1.8562 top1 0.4229 top5 0.6735
    [14:34:14] step 800/5625 | avg train loss 1.8569 top1 0.4197 top5 0.6706
    [14:34:19] step 825/5625 | avg train loss 1.8518 top1 0.4202 top5 0.6697
    [14:34:24] step 850/5625 | avg train loss 1.8493 top1 0.4222 top5 0.6712
    [14:34:29] step 875/5625 | avg train loss 1.8574 top1 0.4213 top5 0.6706
    [14:34:34] step 900/5625 | avg train loss 1.8597 top1 0.4197 top5 0.6682
    [14:34:39] step 925/5625 | avg train loss 1.8668 top1 0.4186 top5 0.6684
    [14:34:44] step 950/5625 | avg train loss 1.8700 top1 0.4167 top5 0.6666
    [14:34:50] step 975/5625 | avg train loss 1.8691 top1 0.4153 top5 0.6655
    [14:34:55] step 1000/5625 | avg train loss 1.8683 top1 0.4144 top5 0.6637
    [14:35:00] step 1025/5625 | avg train loss 1.8696 top1 0.4140 top5 0.6632
    [14:35:05] step 1050/5625 | avg train loss 1.8629 top1 0.4152 top5 0.6649
    [14:35:10] step 1075/5625 | avg train loss 1.8582 top1 0.4176 top5 0.6671
    [14:35:15] step 1100/5625 | avg train loss 1.8576 top1 0.4185 top5 0.6685
    [14:35:20] step 1125/5625 | avg train loss 1.8585 top1 0.4188 top5 0.6686
    [14:35:25] step 1150/5625 | avg train loss 1.8504 top1 0.4196 top5 0.6683
    [14:35:31] step 1175/5625 | avg train loss 1.8523 top1 0.4197 top5 0.6690
    [14:35:36] step 1200/5625 | avg train loss 1.8476 top1 0.4192 top5 0.6677
    [14:35:41] step 1225/5625 | avg train loss 1.8481 top1 0.4207 top5 0.6691
    [14:35:46] step 1250/5625 | avg train loss 1.8470 top1 0.4198 top5 0.6672
    [14:35:51] step 1275/5625 | avg train loss 1.8473 top1 0.4200 top5 0.6682
    [14:35:56] step 1300/5625 | avg train loss 1.8491 top1 0.4201 top5 0.6684
    [14:36:01] step 1325/5625 | avg train loss 1.8508 top1 0.4196 top5 0.6674
    [14:36:06] step 1350/5625 | avg train loss 1.8483 top1 0.4196 top5 0.6668
    [14:36:11] step 1375/5625 | avg train loss 1.8479 top1 0.4185 top5 0.6674
    [14:36:16] step 1400/5625 | avg train loss 1.8448 top1 0.4182 top5 0.6670
    [14:36:22] step 1425/5625 | avg train loss 1.8470 top1 0.4166 top5 0.6652
    [14:36:27] step 1450/5625 | avg train loss 1.8539 top1 0.4153 top5 0.6638
    [14:36:32] step 1475/5625 | avg train loss 1.8542 top1 0.4155 top5 0.6636
    [14:36:37] step 1500/5625 | avg train loss 1.8557 top1 0.4142 top5 0.6626
    [14:36:42] step 1525/5625 | avg train loss 1.8559 top1 0.4146 top5 0.6642
    [14:36:47] step 1550/5625 | avg train loss 1.8581 top1 0.4127 top5 0.6627
    [14:36:52] step 1575/5625 | avg train loss 1.8580 top1 0.4124 top5 0.6632
    [14:36:57] step 1600/5625 | avg train loss 1.8519 top1 0.4143 top5 0.6650
    [14:37:02] step 1625/5625 | avg train loss 1.8504 top1 0.4137 top5 0.6638
    [14:37:08] step 1650/5625 | avg train loss 1.8489 top1 0.4142 top5 0.6642
    [14:37:13] step 1675/5625 | avg train loss 1.8455 top1 0.4151 top5 0.6646
    [14:37:18] step 1700/5625 | avg train loss 1.8439 top1 0.4158 top5 0.6653
    [14:37:23] step 1725/5625 | avg train loss 1.8435 top1 0.4162 top5 0.6647
    [14:37:28] step 1750/5625 | avg train loss 1.8452 top1 0.4171 top5 0.6650
    [14:37:33] step 1775/5625 | avg train loss 1.8469 top1 0.4167 top5 0.6652
    [14:37:38] step 1800/5625 | avg train loss 1.8473 top1 0.4172 top5 0.6660
    [14:37:43] step 1825/5625 | avg train loss 1.8503 top1 0.4159 top5 0.6647
    [14:37:49] step 1850/5625 | avg train loss 1.8486 top1 0.4168 top5 0.6656
    [14:37:54] step 1875/5625 | avg train loss 1.8482 top1 0.4173 top5 0.6666
    [14:37:59] step 1900/5625 | avg train loss 1.8468 top1 0.4178 top5 0.6676
    [14:38:04] step 1925/5625 | avg train loss 1.8503 top1 0.4168 top5 0.6669
    [14:38:09] step 1950/5625 | avg train loss 1.8518 top1 0.4168 top5 0.6665
    [14:38:14] step 1975/5625 | avg train loss 1.8515 top1 0.4163 top5 0.6661
    [14:38:19] step 2000/5625 | avg train loss 1.8545 top1 0.4150 top5 0.6649
    [14:38:25] step 2025/5625 | avg train loss 1.8542 top1 0.4154 top5 0.6649
    [14:38:30] step 2050/5625 | avg train loss 1.8514 top1 0.4167 top5 0.6655
    [14:38:35] step 2075/5625 | avg train loss 1.8492 top1 0.4173 top5 0.6661
    [14:38:40] step 2100/5625 | avg train loss 1.8500 top1 0.4170 top5 0.6658
    [14:38:45] step 2125/5625 | avg train loss 1.8525 top1 0.4156 top5 0.6648
    [14:38:50] step 2150/5625 | avg train loss 1.8515 top1 0.4161 top5 0.6655
    [14:38:55] step 2175/5625 | avg train loss 1.8491 top1 0.4161 top5 0.6657
    [14:39:00] step 2200/5625 | avg train loss 1.8476 top1 0.4162 top5 0.6660
    [14:39:05] step 2225/5625 | avg train loss 1.8486 top1 0.4169 top5 0.6667
    [14:39:10] step 2250/5625 | avg train loss 1.8493 top1 0.4167 top5 0.6663
    [14:39:16] step 2275/5625 | avg train loss 1.8477 top1 0.4166 top5 0.6659
    [14:39:21] step 2300/5625 | avg train loss 1.8485 top1 0.4160 top5 0.6654
    [14:39:26] step 2325/5625 | avg train loss 1.8493 top1 0.4160 top5 0.6649
    [14:39:31] step 2350/5625 | avg train loss 1.8500 top1 0.4156 top5 0.6640
    [14:39:36] step 2375/5625 | avg train loss 1.8470 top1 0.4164 top5 0.6646
    [14:39:41] step 2400/5625 | avg train loss 1.8469 top1 0.4164 top5 0.6637
    [14:39:46] step 2425/5625 | avg train loss 1.8450 top1 0.4164 top5 0.6634
    [14:39:51] step 2450/5625 | avg train loss 1.8465 top1 0.4156 top5 0.6629
    [14:39:56] step 2475/5625 | avg train loss 1.8466 top1 0.4157 top5 0.6627
    [14:40:01] step 2500/5625 | avg train loss 1.8452 top1 0.4160 top5 0.6633
    [14:40:07] step 2525/5625 | avg train loss 1.8465 top1 0.4158 top5 0.6631
    [14:40:12] step 2550/5625 | avg train loss 1.8464 top1 0.4163 top5 0.6635
    [14:40:17] step 2575/5625 | avg train loss 1.8478 top1 0.4162 top5 0.6633
    [14:40:22] step 2600/5625 | avg train loss 1.8484 top1 0.4157 top5 0.6627
    [14:40:27] step 2625/5625 | avg train loss 1.8482 top1 0.4157 top5 0.6625
    [14:40:32] step 2650/5625 | avg train loss 1.8491 top1 0.4157 top5 0.6624
    [14:40:37] step 2675/5625 | avg train loss 1.8484 top1 0.4155 top5 0.6623
    [14:40:42] step 2700/5625 | avg train loss 1.8459 top1 0.4153 top5 0.6619
    [14:40:47] step 2725/5625 | avg train loss 1.8471 top1 0.4153 top5 0.6618
    [14:40:53] step 2750/5625 | avg train loss 1.8492 top1 0.4143 top5 0.6604
    [14:40:58] step 2775/5625 | avg train loss 1.8486 top1 0.4139 top5 0.6595
    [14:41:03] step 2800/5625 | avg train loss 1.8487 top1 0.4146 top5 0.6595
    [14:41:08] step 2825/5625 | avg train loss 1.8487 top1 0.4146 top5 0.6592
    [14:41:13] step 2850/5625 | avg train loss 1.8487 top1 0.4151 top5 0.6600
    [14:41:18] step 2875/5625 | avg train loss 1.8496 top1 0.4148 top5 0.6596
    [14:41:23] step 2900/5625 | avg train loss 1.8493 top1 0.4151 top5 0.6593
    [14:41:28] step 2925/5625 | avg train loss 1.8484 top1 0.4151 top5 0.6594
    [14:41:33] step 2950/5625 | avg train loss 1.8503 top1 0.4147 top5 0.6594
    [14:41:39] step 2975/5625 | avg train loss 1.8496 top1 0.4152 top5 0.6600
    [14:41:44] step 3000/5625 | avg train loss 1.8494 top1 0.4154 top5 0.6600
    [14:41:49] step 3025/5625 | avg train loss 1.8485 top1 0.4159 top5 0.6604
    [14:41:54] step 3050/5625 | avg train loss 1.8486 top1 0.4154 top5 0.6596
    [14:41:59] step 3075/5625 | avg train loss 1.8490 top1 0.4153 top5 0.6596
    [14:42:04] step 3100/5625 | avg train loss 1.8483 top1 0.4160 top5 0.6600
    [14:42:09] step 3125/5625 | avg train loss 1.8487 top1 0.4160 top5 0.6600
    [14:42:14] step 3150/5625 | avg train loss 1.8477 top1 0.4167 top5 0.6603
    [14:42:19] step 3175/5625 | avg train loss 1.8494 top1 0.4161 top5 0.6600
    [14:42:24] step 3200/5625 | avg train loss 1.8491 top1 0.4155 top5 0.6592
    [14:42:30] step 3225/5625 | avg train loss 1.8492 top1 0.4157 top5 0.6595
    [14:42:35] step 3250/5625 | avg train loss 1.8480 top1 0.4153 top5 0.6591
    [14:42:40] step 3275/5625 | avg train loss 1.8477 top1 0.4144 top5 0.6588
    [14:42:45] step 3300/5625 | avg train loss 1.8473 top1 0.4148 top5 0.6598
    [14:42:50] step 3325/5625 | avg train loss 1.8480 top1 0.4145 top5 0.6591
    [14:42:55] step 3350/5625 | avg train loss 1.8480 top1 0.4147 top5 0.6591
    [14:43:00] step 3375/5625 | avg train loss 1.8482 top1 0.4150 top5 0.6594
    [14:43:05] step 3400/5625 | avg train loss 1.8486 top1 0.4151 top5 0.6591
    [14:43:11] step 3425/5625 | avg train loss 1.8463 top1 0.4150 top5 0.6589
    [14:43:16] step 3450/5625 | avg train loss 1.8467 top1 0.4145 top5 0.6590
    [14:43:21] step 3475/5625 | avg train loss 1.8463 top1 0.4148 top5 0.6591
    [14:43:26] step 3500/5625 | avg train loss 1.8476 top1 0.4150 top5 0.6595
    [14:43:31] step 3525/5625 | avg train loss 1.8472 top1 0.4154 top5 0.6598
    [14:43:36] step 3550/5625 | avg train loss 1.8473 top1 0.4149 top5 0.6594
    [14:43:41] step 3575/5625 | avg train loss 1.8488 top1 0.4147 top5 0.6592
    [14:43:46] step 3600/5625 | avg train loss 1.8466 top1 0.4153 top5 0.6600
    [14:43:51] step 3625/5625 | avg train loss 1.8465 top1 0.4150 top5 0.6594
    [14:43:56] step 3650/5625 | avg train loss 1.8456 top1 0.4156 top5 0.6601
    [14:44:02] step 3675/5625 | avg train loss 1.8445 top1 0.4156 top5 0.6598
    [14:44:07] step 3700/5625 | avg train loss 1.8449 top1 0.4156 top5 0.6601
    [14:44:12] step 3725/5625 | avg train loss 1.8463 top1 0.4156 top5 0.6603
    [14:44:17] step 3750/5625 | avg train loss 1.8472 top1 0.4152 top5 0.6599
    [14:44:22] step 3775/5625 | avg train loss 1.8467 top1 0.4148 top5 0.6593
    [14:44:27] step 3800/5625 | avg train loss 1.8480 top1 0.4142 top5 0.6588
    [14:44:32] step 3825/5625 | avg train loss 1.8487 top1 0.4136 top5 0.6584
    [14:44:37] step 3850/5625 | avg train loss 1.8498 top1 0.4131 top5 0.6582
    [14:44:43] step 3875/5625 | avg train loss 1.8495 top1 0.4128 top5 0.6582
    [14:44:48] step 3900/5625 | avg train loss 1.8502 top1 0.4129 top5 0.6584
    [14:44:53] step 3925/5625 | avg train loss 1.8518 top1 0.4127 top5 0.6580
    [14:44:58] step 3950/5625 | avg train loss 1.8510 top1 0.4128 top5 0.6583
    [14:45:03] step 3975/5625 | avg train loss 1.8518 top1 0.4125 top5 0.6583
    [14:45:08] step 4000/5625 | avg train loss 1.8508 top1 0.4129 top5 0.6586
    [14:45:13] step 4025/5625 | avg train loss 1.8504 top1 0.4130 top5 0.6588
    [14:45:18] step 4050/5625 | avg train loss 1.8505 top1 0.4126 top5 0.6587
    [14:45:23] step 4075/5625 | avg train loss 1.8509 top1 0.4126 top5 0.6590
    [14:45:28] step 4100/5625 | avg train loss 1.8501 top1 0.4130 top5 0.6595
    [14:45:33] step 4125/5625 | avg train loss 1.8506 top1 0.4128 top5 0.6592
    [14:45:39] step 4150/5625 | avg train loss 1.8502 top1 0.4133 top5 0.6602
    [14:45:44] step 4175/5625 | avg train loss 1.8504 top1 0.4129 top5 0.6600
    [14:45:49] step 4200/5625 | avg train loss 1.8506 top1 0.4126 top5 0.6598
    [14:45:54] step 4225/5625 | avg train loss 1.8494 top1 0.4127 top5 0.6599
    [14:45:59] step 4250/5625 | avg train loss 1.8491 top1 0.4132 top5 0.6604
    [14:46:04] step 4275/5625 | avg train loss 1.8495 top1 0.4131 top5 0.6606
    [14:46:09] step 4300/5625 | avg train loss 1.8494 top1 0.4130 top5 0.6607
    [14:46:14] step 4325/5625 | avg train loss 1.8501 top1 0.4129 top5 0.6608
    [14:46:19] step 4350/5625 | avg train loss 1.8504 top1 0.4129 top5 0.6609
    [14:46:24] step 4375/5625 | avg train loss 1.8499 top1 0.4127 top5 0.6608
    [14:46:30] step 4400/5625 | avg train loss 1.8496 top1 0.4130 top5 0.6608
    [14:46:35] step 4425/5625 | avg train loss 1.8493 top1 0.4128 top5 0.6605
    [14:46:40] step 4450/5625 | avg train loss 1.8477 top1 0.4136 top5 0.6610
    [14:46:45] step 4475/5625 | avg train loss 1.8474 top1 0.4142 top5 0.6617
    [14:46:50] step 4500/5625 | avg train loss 1.8470 top1 0.4139 top5 0.6613
    [14:46:55] step 4525/5625 | avg train loss 1.8473 top1 0.4137 top5 0.6607
    [14:47:00] step 4550/5625 | avg train loss 1.8474 top1 0.4136 top5 0.6609
    [14:47:05] step 4575/5625 | avg train loss 1.8469 top1 0.4141 top5 0.6613
    [14:47:10] step 4600/5625 | avg train loss 1.8470 top1 0.4139 top5 0.6617
    [14:47:15] step 4625/5625 | avg train loss 1.8465 top1 0.4139 top5 0.6616
    [14:47:21] step 4650/5625 | avg train loss 1.8457 top1 0.4138 top5 0.6615
    [14:47:26] step 4675/5625 | avg train loss 1.8456 top1 0.4140 top5 0.6619
    [14:47:31] step 4700/5625 | avg train loss 1.8474 top1 0.4135 top5 0.6619
    [14:47:36] step 4725/5625 | avg train loss 1.8478 top1 0.4137 top5 0.6620
    [14:47:41] step 4750/5625 | avg train loss 1.8478 top1 0.4138 top5 0.6621
    [14:47:46] step 4775/5625 | avg train loss 1.8475 top1 0.4139 top5 0.6621
    [14:47:51] step 4800/5625 | avg train loss 1.8472 top1 0.4135 top5 0.6617
    [14:47:56] step 4825/5625 | avg train loss 1.8474 top1 0.4137 top5 0.6620
    [14:48:01] step 4850/5625 | avg train loss 1.8478 top1 0.4137 top5 0.6620
    [14:48:06] step 4875/5625 | avg train loss 1.8481 top1 0.4138 top5 0.6621
    [14:48:12] step 4900/5625 | avg train loss 1.8471 top1 0.4142 top5 0.6624
    [14:48:17] step 4925/5625 | avg train loss 1.8462 top1 0.4142 top5 0.6623
    [14:48:22] step 4950/5625 | avg train loss 1.8446 top1 0.4148 top5 0.6626
    [14:48:27] step 4975/5625 | avg train loss 1.8461 top1 0.4146 top5 0.6625
    [14:48:32] step 5000/5625 | avg train loss 1.8468 top1 0.4144 top5 0.6624
    [14:48:37] step 5025/5625 | avg train loss 1.8466 top1 0.4144 top5 0.6621
    [14:48:42] step 5050/5625 | avg train loss 1.8468 top1 0.4142 top5 0.6619
    [14:48:47] step 5075/5625 | avg train loss 1.8478 top1 0.4141 top5 0.6618
    [14:48:52] step 5100/5625 | avg train loss 1.8479 top1 0.4142 top5 0.6620
    [14:48:57] step 5125/5625 | avg train loss 1.8474 top1 0.4140 top5 0.6619
    [14:49:03] step 5150/5625 | avg train loss 1.8453 top1 0.4142 top5 0.6620
    [14:49:08] step 5175/5625 | avg train loss 1.8449 top1 0.4146 top5 0.6626
    [14:49:13] step 5200/5625 | avg train loss 1.8441 top1 0.4145 top5 0.6626
    [14:49:18] step 5225/5625 | avg train loss 1.8443 top1 0.4147 top5 0.6628
    [14:49:23] step 5250/5625 | avg train loss 1.8440 top1 0.4145 top5 0.6623
    [14:49:28] step 5275/5625 | avg train loss 1.8445 top1 0.4139 top5 0.6619
    [14:49:33] step 5300/5625 | avg train loss 1.8437 top1 0.4138 top5 0.6618
    [14:49:38] step 5325/5625 | avg train loss 1.8439 top1 0.4141 top5 0.6622
    [14:49:43] step 5350/5625 | avg train loss 1.8440 top1 0.4142 top5 0.6624
    [14:49:49] step 5375/5625 | avg train loss 1.8449 top1 0.4138 top5 0.6619
    [14:49:54] step 5400/5625 | avg train loss 1.8455 top1 0.4138 top5 0.6618
    [14:49:59] step 5425/5625 | avg train loss 1.8462 top1 0.4138 top5 0.6618
    [14:50:04] step 5450/5625 | avg train loss 1.8469 top1 0.4131 top5 0.6610
    [14:50:09] step 5475/5625 | avg train loss 1.8464 top1 0.4134 top5 0.6610
    [14:50:14] step 5500/5625 | avg train loss 1.8469 top1 0.4132 top5 0.6610
    [14:50:19] step 5525/5625 | avg train loss 1.8472 top1 0.4128 top5 0.6605
    [14:50:24] step 5550/5625 | avg train loss 1.8470 top1 0.4130 top5 0.6607
    [14:50:30] step 5575/5625 | avg train loss 1.8467 top1 0.4130 top5 0.6608
    [14:50:35] step 5600/5625 | avg train loss 1.8469 top1 0.4133 top5 0.6613
    [14:50:40] step 5625/5625 | avg train loss 1.8466 top1 0.4136 top5 0.6615
Epoch 46/50 | train loss 1.8466 top1 0.4136 | val loss 1.7874 top1 0.5041 top5 0.8151 | ema holdout top1 0.5143 top5 0.8218
  No val top1 improvement (2/15); best remains 0.5137
    [14:52:15] step 25/5625 | avg train loss 2.0564 top1 0.3800 top5 0.6400
    [14:52:20] step 50/5625 | avg train loss 2.0198 top1 0.3600 top5 0.6350
    [14:52:25] step 75/5625 | avg train loss 1.8809 top1 0.3867 top5 0.6383
    [14:52:30] step 100/5625 | avg train loss 1.8645 top1 0.3962 top5 0.6562
    [14:52:35] step 125/5625 | avg train loss 1.8824 top1 0.3980 top5 0.6560
    [14:52:40] step 150/5625 | avg train loss 1.8635 top1 0.4067 top5 0.6592
    [14:52:45] step 175/5625 | avg train loss 1.8710 top1 0.3971 top5 0.6557
    [14:52:50] step 200/5625 | avg train loss 1.8612 top1 0.4019 top5 0.6613
    [14:52:56] step 225/5625 | avg train loss 1.8414 top1 0.4067 top5 0.6656
    [14:53:01] step 250/5625 | avg train loss 1.8393 top1 0.4085 top5 0.6655
    [14:53:06] step 275/5625 | avg train loss 1.8568 top1 0.4132 top5 0.6691
    [14:53:11] step 300/5625 | avg train loss 1.8526 top1 0.4150 top5 0.6654
    [14:53:16] step 325/5625 | avg train loss 1.8555 top1 0.4123 top5 0.6638
    [14:53:21] step 350/5625 | avg train loss 1.8442 top1 0.4154 top5 0.6650
    [14:53:26] step 375/5625 | avg train loss 1.8482 top1 0.4170 top5 0.6640
    [14:53:31] step 400/5625 | avg train loss 1.8470 top1 0.4150 top5 0.6594
    [14:53:36] step 425/5625 | avg train loss 1.8456 top1 0.4168 top5 0.6618
    [14:53:41] step 450/5625 | avg train loss 1.8435 top1 0.4175 top5 0.6628
    [14:53:46] step 475/5625 | avg train loss 1.8429 top1 0.4211 top5 0.6679
    [14:53:52] step 500/5625 | avg train loss 1.8430 top1 0.4195 top5 0.6673
    [14:53:57] step 525/5625 | avg train loss 1.8560 top1 0.4152 top5 0.6669
    [14:54:02] step 550/5625 | avg train loss 1.8536 top1 0.4157 top5 0.6650
    [14:54:07] step 575/5625 | avg train loss 1.8531 top1 0.4133 top5 0.6626
    [14:54:12] step 600/5625 | avg train loss 1.8556 top1 0.4163 top5 0.6656
    [14:54:17] step 625/5625 | avg train loss 1.8491 top1 0.4186 top5 0.6664
    [14:54:22] step 650/5625 | avg train loss 1.8499 top1 0.4185 top5 0.6660
    [14:54:27] step 675/5625 | avg train loss 1.8500 top1 0.4185 top5 0.6656
    [14:54:32] step 700/5625 | avg train loss 1.8445 top1 0.4209 top5 0.6664
    [14:54:37] step 725/5625 | avg train loss 1.8503 top1 0.4183 top5 0.6657
    [14:54:43] step 750/5625 | avg train loss 1.8484 top1 0.4160 top5 0.6637
    [14:54:48] step 775/5625 | avg train loss 1.8558 top1 0.4152 top5 0.6615
    [14:54:53] step 800/5625 | avg train loss 1.8575 top1 0.4159 top5 0.6633
    [14:54:58] step 825/5625 | avg train loss 1.8585 top1 0.4147 top5 0.6630
    [14:55:03] step 850/5625 | avg train loss 1.8601 top1 0.4126 top5 0.6606
    [14:55:08] step 875/5625 | avg train loss 1.8598 top1 0.4157 top5 0.6641
    [14:55:13] step 900/5625 | avg train loss 1.8555 top1 0.4193 top5 0.6665
    [14:55:18] step 925/5625 | avg train loss 1.8541 top1 0.4186 top5 0.6670
    [14:55:23] step 950/5625 | avg train loss 1.8564 top1 0.4180 top5 0.6670
    [14:55:29] step 975/5625 | avg train loss 1.8523 top1 0.4165 top5 0.6654
    [14:55:34] step 1000/5625 | avg train loss 1.8542 top1 0.4156 top5 0.6641
    [14:55:39] step 1025/5625 | avg train loss 1.8585 top1 0.4135 top5 0.6632
    [14:55:44] step 1050/5625 | avg train loss 1.8612 top1 0.4127 top5 0.6620
    [14:55:49] step 1075/5625 | avg train loss 1.8603 top1 0.4117 top5 0.6601
    [14:55:54] step 1100/5625 | avg train loss 1.8667 top1 0.4095 top5 0.6582
    [14:55:59] step 1125/5625 | avg train loss 1.8698 top1 0.4077 top5 0.6561
    [14:56:04] step 1150/5625 | avg train loss 1.8739 top1 0.4072 top5 0.6561
    [14:56:09] step 1175/5625 | avg train loss 1.8719 top1 0.4094 top5 0.6571
    [14:56:15] step 1200/5625 | avg train loss 1.8743 top1 0.4086 top5 0.6554
    [14:56:20] step 1225/5625 | avg train loss 1.8704 top1 0.4096 top5 0.6567
    [14:56:25] step 1250/5625 | avg train loss 1.8672 top1 0.4105 top5 0.6587
    [14:56:30] step 1275/5625 | avg train loss 1.8661 top1 0.4108 top5 0.6589
    [14:56:35] step 1300/5625 | avg train loss 1.8664 top1 0.4108 top5 0.6594
    [14:56:40] step 1325/5625 | avg train loss 1.8678 top1 0.4092 top5 0.6569
    [14:56:45] step 1350/5625 | avg train loss 1.8705 top1 0.4076 top5 0.6556
    [14:56:50] step 1375/5625 | avg train loss 1.8641 top1 0.4069 top5 0.6553
    [14:56:56] step 1400/5625 | avg train loss 1.8641 top1 0.4067 top5 0.6548
    [14:57:01] step 1425/5625 | avg train loss 1.8599 top1 0.4076 top5 0.6554
    [14:57:06] step 1450/5625 | avg train loss 1.8609 top1 0.4066 top5 0.6545
    [14:57:11] step 1475/5625 | avg train loss 1.8593 top1 0.4083 top5 0.6561
    [14:57:16] step 1500/5625 | avg train loss 1.8580 top1 0.4089 top5 0.6573
    [14:57:21] step 1525/5625 | avg train loss 1.8574 top1 0.4102 top5 0.6584
    [14:57:26] step 1550/5625 | avg train loss 1.8559 top1 0.4107 top5 0.6595
    [14:57:31] step 1575/5625 | avg train loss 1.8559 top1 0.4103 top5 0.6593
    [14:57:36] step 1600/5625 | avg train loss 1.8560 top1 0.4104 top5 0.6591
    [14:57:42] step 1625/5625 | avg train loss 1.8556 top1 0.4096 top5 0.6580
    [14:57:47] step 1650/5625 | avg train loss 1.8549 top1 0.4096 top5 0.6575
    [14:57:52] step 1675/5625 | avg train loss 1.8558 top1 0.4099 top5 0.6574
    [14:57:57] step 1700/5625 | avg train loss 1.8581 top1 0.4100 top5 0.6576
    [14:58:02] step 1725/5625 | avg train loss 1.8539 top1 0.4113 top5 0.6592
    [14:58:07] step 1750/5625 | avg train loss 1.8530 top1 0.4110 top5 0.6588
    [14:58:12] step 1775/5625 | avg train loss 1.8527 top1 0.4105 top5 0.6589
    [14:58:17] step 1800/5625 | avg train loss 1.8502 top1 0.4103 top5 0.6587
    [14:58:22] step 1825/5625 | avg train loss 1.8485 top1 0.4108 top5 0.6588
    [14:58:28] step 1850/5625 | avg train loss 1.8458 top1 0.4111 top5 0.6594
    [14:58:33] step 1875/5625 | avg train loss 1.8445 top1 0.4112 top5 0.6595
    [14:58:38] step 1900/5625 | avg train loss 1.8463 top1 0.4113 top5 0.6595
    [14:58:43] step 1925/5625 | avg train loss 1.8472 top1 0.4114 top5 0.6598
    [14:58:48] step 1950/5625 | avg train loss 1.8463 top1 0.4121 top5 0.6606
    [14:58:53] step 1975/5625 | avg train loss 1.8469 top1 0.4123 top5 0.6600
    [14:58:58] step 2000/5625 | avg train loss 1.8482 top1 0.4121 top5 0.6596
    [14:59:03] step 2025/5625 | avg train loss 1.8477 top1 0.4115 top5 0.6590
    [14:59:08] step 2050/5625 | avg train loss 1.8492 top1 0.4113 top5 0.6593
    [14:59:13] step 2075/5625 | avg train loss 1.8526 top1 0.4096 top5 0.6583
    [14:59:19] step 2100/5625 | avg train loss 1.8504 top1 0.4102 top5 0.6587
    [14:59:24] step 2125/5625 | avg train loss 1.8521 top1 0.4098 top5 0.6581
    [14:59:29] step 2150/5625 | avg train loss 1.8545 top1 0.4095 top5 0.6576
    [14:59:34] step 2175/5625 | avg train loss 1.8555 top1 0.4095 top5 0.6582
    [14:59:39] step 2200/5625 | avg train loss 1.8552 top1 0.4092 top5 0.6578
    [14:59:44] step 2225/5625 | avg train loss 1.8555 top1 0.4083 top5 0.6571
    [14:59:49] step 2250/5625 | avg train loss 1.8565 top1 0.4077 top5 0.6563
    [14:59:54] step 2275/5625 | avg train loss 1.8565 top1 0.4081 top5 0.6568
    [14:59:59] step 2300/5625 | avg train loss 1.8551 top1 0.4086 top5 0.6577
    [15:00:04] step 2325/5625 | avg train loss 1.8562 top1 0.4077 top5 0.6564
    [15:00:10] step 2350/5625 | avg train loss 1.8549 top1 0.4079 top5 0.6560
    [15:00:15] step 2375/5625 | avg train loss 1.8565 top1 0.4069 top5 0.6543
    [15:00:20] step 2400/5625 | avg train loss 1.8574 top1 0.4066 top5 0.6544
    [15:00:25] step 2425/5625 | avg train loss 1.8580 top1 0.4063 top5 0.6542
    [15:00:30] step 2450/5625 | avg train loss 1.8596 top1 0.4059 top5 0.6542
    [15:00:35] step 2475/5625 | avg train loss 1.8600 top1 0.4061 top5 0.6541
    [15:00:40] step 2500/5625 | avg train loss 1.8585 top1 0.4064 top5 0.6546
    [15:00:45] step 2525/5625 | avg train loss 1.8596 top1 0.4049 top5 0.6529
    [15:00:51] step 2550/5625 | avg train loss 1.8599 top1 0.4034 top5 0.6511
    [15:00:56] step 2575/5625 | avg train loss 1.8578 top1 0.4044 top5 0.6519
    [15:01:01] step 2600/5625 | avg train loss 1.8581 top1 0.4041 top5 0.6518
    [15:01:06] step 2625/5625 | avg train loss 1.8589 top1 0.4045 top5 0.6524
    [15:01:11] step 2650/5625 | avg train loss 1.8590 top1 0.4048 top5 0.6523
    [15:01:16] step 2675/5625 | avg train loss 1.8585 top1 0.4053 top5 0.6528
    [15:01:21] step 2700/5625 | avg train loss 1.8580 top1 0.4057 top5 0.6534
    [15:01:26] step 2725/5625 | avg train loss 1.8570 top1 0.4063 top5 0.6533
    [15:01:31] step 2750/5625 | avg train loss 1.8570 top1 0.4062 top5 0.6531
    [15:01:37] step 2775/5625 | avg train loss 1.8570 top1 0.4057 top5 0.6525
    [15:01:42] step 2800/5625 | avg train loss 1.8568 top1 0.4062 top5 0.6528
    [15:01:47] step 2825/5625 | avg train loss 1.8578 top1 0.4058 top5 0.6525
    [15:01:52] step 2850/5625 | avg train loss 1.8598 top1 0.4056 top5 0.6525
    [15:01:57] step 2875/5625 | avg train loss 1.8592 top1 0.4057 top5 0.6533
    [15:02:02] step 2900/5625 | avg train loss 1.8579 top1 0.4054 top5 0.6528
    [15:02:07] step 2925/5625 | avg train loss 1.8570 top1 0.4048 top5 0.6528
    [15:02:12] step 2950/5625 | avg train loss 1.8572 top1 0.4051 top5 0.6534
    [15:02:17] step 2975/5625 | avg train loss 1.8578 top1 0.4051 top5 0.6534
    [15:02:23] step 3000/5625 | avg train loss 1.8578 top1 0.4044 top5 0.6528
    [15:02:28] step 3025/5625 | avg train loss 1.8565 top1 0.4047 top5 0.6528
    [15:02:33] step 3050/5625 | avg train loss 1.8559 top1 0.4050 top5 0.6530
    [15:02:38] step 3075/5625 | avg train loss 1.8553 top1 0.4053 top5 0.6535
    [15:02:43] step 3100/5625 | avg train loss 1.8562 top1 0.4052 top5 0.6533
    [15:02:48] step 3125/5625 | avg train loss 1.8561 top1 0.4052 top5 0.6531
    [15:02:53] step 3150/5625 | avg train loss 1.8561 top1 0.4048 top5 0.6527
    [15:02:58] step 3175/5625 | avg train loss 1.8570 top1 0.4044 top5 0.6522
    [15:03:04] step 3200/5625 | avg train loss 1.8575 top1 0.4038 top5 0.6519
    [15:03:09] step 3225/5625 | avg train loss 1.8592 top1 0.4039 top5 0.6523
    [15:03:14] step 3250/5625 | avg train loss 1.8606 top1 0.4039 top5 0.6523
    [15:03:19] step 3275/5625 | avg train loss 1.8611 top1 0.4037 top5 0.6525
    [15:03:24] step 3300/5625 | avg train loss 1.8616 top1 0.4043 top5 0.6528
    [15:03:29] step 3325/5625 | avg train loss 1.8622 top1 0.4041 top5 0.6533
    [15:03:34] step 3350/5625 | avg train loss 1.8614 top1 0.4038 top5 0.6528
    [15:03:40] step 3375/5625 | avg train loss 1.8609 top1 0.4038 top5 0.6527
    [15:03:45] step 3400/5625 | avg train loss 1.8621 top1 0.4036 top5 0.6526
    [15:03:50] step 3425/5625 | avg train loss 1.8615 top1 0.4039 top5 0.6531
    [15:03:55] step 3450/5625 | avg train loss 1.8610 top1 0.4042 top5 0.6535
    [15:04:00] step 3475/5625 | avg train loss 1.8600 top1 0.4042 top5 0.6537
    [15:04:05] step 3500/5625 | avg train loss 1.8605 top1 0.4041 top5 0.6534
    [15:04:10] step 3525/5625 | avg train loss 1.8594 top1 0.4043 top5 0.6539
    [15:04:15] step 3550/5625 | avg train loss 1.8583 top1 0.4047 top5 0.6545
    [15:04:20] step 3575/5625 | avg train loss 1.8583 top1 0.4049 top5 0.6548
    [15:04:26] step 3600/5625 | avg train loss 1.8601 top1 0.4048 top5 0.6548
    [15:04:31] step 3625/5625 | avg train loss 1.8603 top1 0.4051 top5 0.6552
    [15:04:36] step 3650/5625 | avg train loss 1.8621 top1 0.4051 top5 0.6554
    [15:04:41] step 3675/5625 | avg train loss 1.8612 top1 0.4051 top5 0.6555
    [15:04:46] step 3700/5625 | avg train loss 1.8614 top1 0.4050 top5 0.6553
    [15:04:51] step 3725/5625 | avg train loss 1.8618 top1 0.4052 top5 0.6559
    [15:04:56] step 3750/5625 | avg train loss 1.8602 top1 0.4056 top5 0.6562
    [15:05:01] step 3775/5625 | avg train loss 1.8598 top1 0.4055 top5 0.6561
    [15:05:07] step 3800/5625 | avg train loss 1.8600 top1 0.4055 top5 0.6562
    [15:05:12] step 3825/5625 | avg train loss 1.8593 top1 0.4059 top5 0.6566
    [15:05:17] step 3850/5625 | avg train loss 1.8597 top1 0.4057 top5 0.6562
    [15:05:22] step 3875/5625 | avg train loss 1.8590 top1 0.4058 top5 0.6560
    [15:05:27] step 3900/5625 | avg train loss 1.8586 top1 0.4061 top5 0.6562
    [15:05:32] step 3925/5625 | avg train loss 1.8580 top1 0.4061 top5 0.6559
    [15:05:37] step 3950/5625 | avg train loss 1.8592 top1 0.4060 top5 0.6559
    [15:05:42] step 3975/5625 | avg train loss 1.8601 top1 0.4063 top5 0.6561
    [15:05:47] step 4000/5625 | avg train loss 1.8593 top1 0.4069 top5 0.6565
    [15:05:52] step 4025/5625 | avg train loss 1.8589 top1 0.4069 top5 0.6562
    [15:05:58] step 4050/5625 | avg train loss 1.8586 top1 0.4068 top5 0.6562
    [15:06:03] step 4075/5625 | avg train loss 1.8597 top1 0.4071 top5 0.6564
    [15:06:08] step 4100/5625 | avg train loss 1.8599 top1 0.4066 top5 0.6559
    [15:06:13] step 4125/5625 | avg train loss 1.8588 top1 0.4064 top5 0.6552
    [15:06:18] step 4150/5625 | avg train loss 1.8575 top1 0.4070 top5 0.6558
    [15:06:23] step 4175/5625 | avg train loss 1.8576 top1 0.4070 top5 0.6560
    [15:06:28] step 4200/5625 | avg train loss 1.8583 top1 0.4068 top5 0.6561
    [15:06:33] step 4225/5625 | avg train loss 1.8579 top1 0.4069 top5 0.6562
    [15:06:39] step 4250/5625 | avg train loss 1.8582 top1 0.4068 top5 0.6566
    [15:06:44] step 4275/5625 | avg train loss 1.8590 top1 0.4072 top5 0.6571
    [15:06:49] step 4300/5625 | avg train loss 1.8584 top1 0.4071 top5 0.6568
    [15:06:54] step 4325/5625 | avg train loss 1.8584 top1 0.4062 top5 0.6564
    [15:06:59] step 4350/5625 | avg train loss 1.8578 top1 0.4062 top5 0.6565
    [15:07:04] step 4375/5625 | avg train loss 1.8576 top1 0.4065 top5 0.6569
    [15:07:09] step 4400/5625 | avg train loss 1.8574 top1 0.4065 top5 0.6570
    [15:07:14] step 4425/5625 | avg train loss 1.8579 top1 0.4065 top5 0.6571
    [15:07:19] step 4450/5625 | avg train loss 1.8593 top1 0.4060 top5 0.6568
    [15:07:24] step 4475/5625 | avg train loss 1.8587 top1 0.4056 top5 0.6566
    [15:07:29] step 4500/5625 | avg train loss 1.8582 top1 0.4059 top5 0.6569
    [15:07:35] step 4525/5625 | avg train loss 1.8587 top1 0.4054 top5 0.6567
    [15:07:40] step 4550/5625 | avg train loss 1.8592 top1 0.4052 top5 0.6565
    [15:07:45] step 4575/5625 | avg train loss 1.8590 top1 0.4050 top5 0.6565
    [15:07:50] step 4600/5625 | avg train loss 1.8598 top1 0.4049 top5 0.6568
    [15:07:55] step 4625/5625 | avg train loss 1.8594 top1 0.4049 top5 0.6569
    [15:08:00] step 4650/5625 | avg train loss 1.8594 top1 0.4048 top5 0.6568
    [15:08:05] step 4675/5625 | avg train loss 1.8592 top1 0.4049 top5 0.6569
    [15:08:10] step 4700/5625 | avg train loss 1.8589 top1 0.4045 top5 0.6562
    [15:08:15] step 4725/5625 | avg train loss 1.8596 top1 0.4045 top5 0.6561
    [15:08:20] step 4750/5625 | avg train loss 1.8593 top1 0.4040 top5 0.6557
    [15:08:26] step 4775/5625 | avg train loss 1.8604 top1 0.4036 top5 0.6553
    [15:08:31] step 4800/5625 | avg train loss 1.8598 top1 0.4037 top5 0.6557
    [15:08:36] step 4825/5625 | avg train loss 1.8583 top1 0.4035 top5 0.6554
    [15:08:41] step 4850/5625 | avg train loss 1.8583 top1 0.4032 top5 0.6551
    [15:08:46] step 4875/5625 | avg train loss 1.8578 top1 0.4034 top5 0.6550
    [15:08:51] step 4900/5625 | avg train loss 1.8592 top1 0.4033 top5 0.6550
    [15:08:56] step 4925/5625 | avg train loss 1.8594 top1 0.4034 top5 0.6551
    [15:09:01] step 4950/5625 | avg train loss 1.8585 top1 0.4034 top5 0.6550
    [15:09:06] step 4975/5625 | avg train loss 1.8582 top1 0.4034 top5 0.6550
    [15:09:11] step 5000/5625 | avg train loss 1.8581 top1 0.4033 top5 0.6551
    [15:09:16] step 5025/5625 | avg train loss 1.8566 top1 0.4035 top5 0.6549
    [15:09:22] step 5050/5625 | avg train loss 1.8559 top1 0.4041 top5 0.6552
    [15:09:27] step 5075/5625 | avg train loss 1.8561 top1 0.4038 top5 0.6547
    [15:09:32] step 5100/5625 | avg train loss 1.8566 top1 0.4036 top5 0.6547
    [15:09:37] step 5125/5625 | avg train loss 1.8576 top1 0.4035 top5 0.6546
    [15:09:42] step 5150/5625 | avg train loss 1.8575 top1 0.4033 top5 0.6545
    [15:09:47] step 5175/5625 | avg train loss 1.8583 top1 0.4027 top5 0.6541
    [15:09:52] step 5200/5625 | avg train loss 1.8588 top1 0.4027 top5 0.6541
    [15:09:57] step 5225/5625 | avg train loss 1.8587 top1 0.4028 top5 0.6538
    [15:10:02] step 5250/5625 | avg train loss 1.8600 top1 0.4023 top5 0.6532
    [15:10:08] step 5275/5625 | avg train loss 1.8603 top1 0.4023 top5 0.6533
    [15:10:13] step 5300/5625 | avg train loss 1.8609 top1 0.4020 top5 0.6531
    [15:10:18] step 5325/5625 | avg train loss 1.8611 top1 0.4023 top5 0.6535
    [15:10:23] step 5350/5625 | avg train loss 1.8605 top1 0.4024 top5 0.6535
    [15:10:28] step 5375/5625 | avg train loss 1.8608 top1 0.4023 top5 0.6536
    [15:10:33] step 5400/5625 | avg train loss 1.8609 top1 0.4022 top5 0.6535
    [15:10:38] step 5425/5625 | avg train loss 1.8621 top1 0.4021 top5 0.6533
    [15:10:43] step 5450/5625 | avg train loss 1.8620 top1 0.4020 top5 0.6532
    [15:10:48] step 5475/5625 | avg train loss 1.8616 top1 0.4024 top5 0.6535
    [15:10:53] step 5500/5625 | avg train loss 1.8617 top1 0.4024 top5 0.6534
    [15:10:58] step 5525/5625 | avg train loss 1.8615 top1 0.4026 top5 0.6536
    [15:11:04] step 5550/5625 | avg train loss 1.8611 top1 0.4020 top5 0.6531
    [15:11:09] step 5575/5625 | avg train loss 1.8610 top1 0.4022 top5 0.6530
    [15:11:14] step 5600/5625 | avg train loss 1.8596 top1 0.4023 top5 0.6531
    [15:11:19] step 5625/5625 | avg train loss 1.8596 top1 0.4023 top5 0.6532
Epoch 47/50 | train loss 1.8596 top1 0.4023 | val loss 1.7827 top1 0.5041 top5 0.8151 | ema holdout top1 0.5142 top5 0.8225
  No val top1 improvement (3/15); best remains 0.5137
    [15:12:54] step 25/5625 | avg train loss 2.0513 top1 0.3750 top5 0.6000
    [15:12:59] step 50/5625 | avg train loss 2.0474 top1 0.3825 top5 0.6425
    [15:13:04] step 75/5625 | avg train loss 1.9383 top1 0.4167 top5 0.6967
    [15:13:09] step 100/5625 | avg train loss 1.8562 top1 0.4037 top5 0.6637
    [15:13:14] step 125/5625 | avg train loss 1.9132 top1 0.4010 top5 0.6640
    [15:13:19] step 150/5625 | avg train loss 1.8958 top1 0.3967 top5 0.6525
    [15:13:24] step 175/5625 | avg train loss 1.8806 top1 0.3950 top5 0.6486
    [15:13:30] step 200/5625 | avg train loss 1.8839 top1 0.3969 top5 0.6488
    [15:13:35] step 225/5625 | avg train loss 1.8760 top1 0.3928 top5 0.6456
    [15:13:40] step 250/5625 | avg train loss 1.8732 top1 0.3925 top5 0.6440
    [15:13:45] step 275/5625 | avg train loss 1.8775 top1 0.3950 top5 0.6514
    [15:13:50] step 300/5625 | avg train loss 1.8644 top1 0.3983 top5 0.6542
    [15:13:55] step 325/5625 | avg train loss 1.8534 top1 0.3938 top5 0.6465
    [15:14:00] step 350/5625 | avg train loss 1.8521 top1 0.3957 top5 0.6454
    [15:14:05] step 375/5625 | avg train loss 1.8478 top1 0.3967 top5 0.6447
    [15:14:10] step 400/5625 | avg train loss 1.8491 top1 0.4003 top5 0.6503
    [15:14:15] step 425/5625 | avg train loss 1.8496 top1 0.4018 top5 0.6547
    [15:14:21] step 450/5625 | avg train loss 1.8533 top1 0.3986 top5 0.6522
    [15:14:26] step 475/5625 | avg train loss 1.8528 top1 0.4000 top5 0.6542
    [15:14:31] step 500/5625 | avg train loss 1.8527 top1 0.3945 top5 0.6460
    [15:14:36] step 525/5625 | avg train loss 1.8490 top1 0.3986 top5 0.6490
    [15:14:41] step 550/5625 | avg train loss 1.8536 top1 0.3984 top5 0.6507
    [15:14:46] step 575/5625 | avg train loss 1.8582 top1 0.4013 top5 0.6537
    [15:14:51] step 600/5625 | avg train loss 1.8513 top1 0.4004 top5 0.6527
    [15:14:56] step 625/5625 | avg train loss 1.8461 top1 0.4008 top5 0.6550
    [15:15:01] step 650/5625 | avg train loss 1.8482 top1 0.3994 top5 0.6546
    [15:15:07] step 675/5625 | avg train loss 1.8558 top1 0.3987 top5 0.6533
    [15:15:12] step 700/5625 | avg train loss 1.8549 top1 0.3970 top5 0.6507
    [15:15:17] step 725/5625 | avg train loss 1.8649 top1 0.3960 top5 0.6509
    [15:15:22] step 750/5625 | avg train loss 1.8586 top1 0.3975 top5 0.6537
    [15:15:27] step 775/5625 | avg train loss 1.8613 top1 0.3987 top5 0.6540
    [15:15:32] step 800/5625 | avg train loss 1.8662 top1 0.3998 top5 0.6545
    [15:15:37] step 825/5625 | avg train loss 1.8650 top1 0.4020 top5 0.6564
    [15:15:42] step 850/5625 | avg train loss 1.8635 top1 0.4028 top5 0.6585
    [15:15:47] step 875/5625 | avg train loss 1.8544 top1 0.4054 top5 0.6620
    [15:15:52] step 900/5625 | avg train loss 1.8601 top1 0.4043 top5 0.6601
    [15:15:57] step 925/5625 | avg train loss 1.8665 top1 0.4051 top5 0.6618
    [15:16:03] step 950/5625 | avg train loss 1.8696 top1 0.4041 top5 0.6601
    [15:16:08] step 975/5625 | avg train loss 1.8756 top1 0.4035 top5 0.6599
    [15:16:13] step 1000/5625 | avg train loss 1.8782 top1 0.4027 top5 0.6605
    [15:16:18] step 1025/5625 | avg train loss 1.8772 top1 0.4026 top5 0.6601
    [15:16:23] step 1050/5625 | avg train loss 1.8754 top1 0.4029 top5 0.6600
    [15:16:28] step 1075/5625 | avg train loss 1.8719 top1 0.4044 top5 0.6606
    [15:16:33] step 1100/5625 | avg train loss 1.8742 top1 0.4053 top5 0.6619
    [15:16:38] step 1125/5625 | avg train loss 1.8708 top1 0.4076 top5 0.6632
    [15:16:43] step 1150/5625 | avg train loss 1.8701 top1 0.4079 top5 0.6642
    [15:16:48] step 1175/5625 | avg train loss 1.8710 top1 0.4065 top5 0.6633
    [15:16:54] step 1200/5625 | avg train loss 1.8680 top1 0.4072 top5 0.6636
    [15:16:59] step 1225/5625 | avg train loss 1.8677 top1 0.4079 top5 0.6646
    [15:17:04] step 1250/5625 | avg train loss 1.8685 top1 0.4077 top5 0.6644
    [15:17:09] step 1275/5625 | avg train loss 1.8672 top1 0.4071 top5 0.6635
    [15:17:14] step 1300/5625 | avg train loss 1.8636 top1 0.4080 top5 0.6642
    [15:17:19] step 1325/5625 | avg train loss 1.8651 top1 0.4079 top5 0.6640
    [15:17:24] step 1350/5625 | avg train loss 1.8675 top1 0.4075 top5 0.6641
    [15:17:29] step 1375/5625 | avg train loss 1.8684 top1 0.4077 top5 0.6649
    [15:17:34] step 1400/5625 | avg train loss 1.8668 top1 0.4087 top5 0.6652
    [15:17:39] step 1425/5625 | avg train loss 1.8656 top1 0.4088 top5 0.6647
    [15:17:45] step 1450/5625 | avg train loss 1.8661 top1 0.4084 top5 0.6646
    [15:17:50] step 1475/5625 | avg train loss 1.8687 top1 0.4094 top5 0.6654
    [15:17:55] step 1500/5625 | avg train loss 1.8668 top1 0.4103 top5 0.6658
    [15:18:00] step 1525/5625 | avg train loss 1.8657 top1 0.4109 top5 0.6660
    [15:18:05] step 1550/5625 | avg train loss 1.8652 top1 0.4109 top5 0.6665
    [15:18:10] step 1575/5625 | avg train loss 1.8690 top1 0.4102 top5 0.6656
    [15:18:15] step 1600/5625 | avg train loss 1.8673 top1 0.4107 top5 0.6658
    [15:18:20] step 1625/5625 | avg train loss 1.8650 top1 0.4082 top5 0.6631
    [15:18:25] step 1650/5625 | avg train loss 1.8658 top1 0.4089 top5 0.6642
    [15:18:30] step 1675/5625 | avg train loss 1.8674 top1 0.4090 top5 0.6638
    [15:18:35] step 1700/5625 | avg train loss 1.8687 top1 0.4082 top5 0.6633
    [15:18:40] step 1725/5625 | avg train loss 1.8710 top1 0.4074 top5 0.6621
    [15:18:46] step 1750/5625 | avg train loss 1.8691 top1 0.4067 top5 0.6607
    [15:18:51] step 1775/5625 | avg train loss 1.8708 top1 0.4065 top5 0.6604
    [15:18:56] step 1800/5625 | avg train loss 1.8692 top1 0.4057 top5 0.6597
    [15:19:01] step 1825/5625 | avg train loss 1.8680 top1 0.4068 top5 0.6605
    [15:19:06] step 1850/5625 | avg train loss 1.8675 top1 0.4061 top5 0.6603
    [15:19:11] step 1875/5625 | avg train loss 1.8658 top1 0.4058 top5 0.6599
    [15:19:16] step 1900/5625 | avg train loss 1.8644 top1 0.4060 top5 0.6603
    [15:19:21] step 1925/5625 | avg train loss 1.8646 top1 0.4046 top5 0.6596
    [15:19:26] step 1950/5625 | avg train loss 1.8615 top1 0.4063 top5 0.6610
    [15:19:32] step 1975/5625 | avg train loss 1.8595 top1 0.4063 top5 0.6602
    [15:19:37] step 2000/5625 | avg train loss 1.8575 top1 0.4075 top5 0.6607
    [15:19:42] step 2025/5625 | avg train loss 1.8572 top1 0.4068 top5 0.6598
    [15:19:47] step 2050/5625 | avg train loss 1.8568 top1 0.4072 top5 0.6597
    [15:19:52] step 2075/5625 | avg train loss 1.8552 top1 0.4074 top5 0.6595
    [15:19:57] step 2100/5625 | avg train loss 1.8559 top1 0.4067 top5 0.6589
    [15:20:02] step 2125/5625 | avg train loss 1.8561 top1 0.4067 top5 0.6591
    [15:20:07] step 2150/5625 | avg train loss 1.8542 top1 0.4067 top5 0.6592
    [15:20:12] step 2175/5625 | avg train loss 1.8546 top1 0.4076 top5 0.6593
    [15:20:17] step 2200/5625 | avg train loss 1.8572 top1 0.4064 top5 0.6577
    [15:20:22] step 2225/5625 | avg train loss 1.8562 top1 0.4058 top5 0.6571
    [15:20:27] step 2250/5625 | avg train loss 1.8560 top1 0.4049 top5 0.6561
    [15:20:33] step 2275/5625 | avg train loss 1.8560 top1 0.4038 top5 0.6550
    [15:20:38] step 2300/5625 | avg train loss 1.8556 top1 0.4035 top5 0.6549
    [15:20:43] step 2325/5625 | avg train loss 1.8544 top1 0.4023 top5 0.6544
    [15:20:48] step 2350/5625 | avg train loss 1.8556 top1 0.4024 top5 0.6548
    [15:20:53] step 2375/5625 | avg train loss 1.8550 top1 0.4027 top5 0.6549
    [15:20:58] step 2400/5625 | avg train loss 1.8548 top1 0.4028 top5 0.6552
    [15:21:03] step 2425/5625 | avg train loss 1.8539 top1 0.4035 top5 0.6560
    [15:21:08] step 2450/5625 | avg train loss 1.8554 top1 0.4035 top5 0.6560
    [15:21:13] step 2475/5625 | avg train loss 1.8540 top1 0.4036 top5 0.6556
    [15:21:19] step 2500/5625 | avg train loss 1.8533 top1 0.4042 top5 0.6562
    [15:21:24] step 2525/5625 | avg train loss 1.8529 top1 0.4045 top5 0.6564
    [15:21:29] step 2550/5625 | avg train loss 1.8523 top1 0.4047 top5 0.6566
    [15:21:34] step 2575/5625 | avg train loss 1.8523 top1 0.4042 top5 0.6558
    [15:21:39] step 2600/5625 | avg train loss 1.8517 top1 0.4038 top5 0.6560
    [15:21:44] step 2625/5625 | avg train loss 1.8513 top1 0.4043 top5 0.6566
    [15:21:49] step 2650/5625 | avg train loss 1.8517 top1 0.4040 top5 0.6567
    [15:21:54] step 2675/5625 | avg train loss 1.8503 top1 0.4046 top5 0.6576
    [15:21:59] step 2700/5625 | avg train loss 1.8506 top1 0.4052 top5 0.6585
    [15:22:04] step 2725/5625 | avg train loss 1.8507 top1 0.4060 top5 0.6589
    [15:22:10] step 2750/5625 | avg train loss 1.8511 top1 0.4055 top5 0.6583
    [15:22:15] step 2775/5625 | avg train loss 1.8519 top1 0.4052 top5 0.6590
    [15:22:20] step 2800/5625 | avg train loss 1.8494 top1 0.4054 top5 0.6588
    [15:22:25] step 2825/5625 | avg train loss 1.8503 top1 0.4055 top5 0.6590
    [15:22:30] step 2850/5625 | avg train loss 1.8522 top1 0.4053 top5 0.6588
    [15:22:35] step 2875/5625 | avg train loss 1.8524 top1 0.4054 top5 0.6588
    [15:22:40] step 2900/5625 | avg train loss 1.8511 top1 0.4058 top5 0.6588
    [15:22:45] step 2925/5625 | avg train loss 1.8514 top1 0.4055 top5 0.6588
    [15:22:50] step 2950/5625 | avg train loss 1.8510 top1 0.4061 top5 0.6592
    [15:22:55] step 2975/5625 | avg train loss 1.8499 top1 0.4066 top5 0.6596
    [15:23:01] step 3000/5625 | avg train loss 1.8499 top1 0.4062 top5 0.6593
    [15:23:06] step 3025/5625 | avg train loss 1.8495 top1 0.4059 top5 0.6590
    [15:23:11] step 3050/5625 | avg train loss 1.8495 top1 0.4066 top5 0.6597
    [15:23:16] step 3075/5625 | avg train loss 1.8488 top1 0.4062 top5 0.6591
    [15:23:21] step 3100/5625 | avg train loss 1.8492 top1 0.4059 top5 0.6585
    [15:23:26] step 3125/5625 | avg train loss 1.8486 top1 0.4056 top5 0.6580
    [15:23:31] step 3150/5625 | avg train loss 1.8468 top1 0.4058 top5 0.6584
    [15:23:36] step 3175/5625 | avg train loss 1.8481 top1 0.4053 top5 0.6582
    [15:23:42] step 3200/5625 | avg train loss 1.8490 top1 0.4046 top5 0.6575
    [15:23:47] step 3225/5625 | avg train loss 1.8503 top1 0.4048 top5 0.6579
    [15:23:52] step 3250/5625 | avg train loss 1.8515 top1 0.4043 top5 0.6571
    [15:23:57] step 3275/5625 | avg train loss 1.8523 top1 0.4042 top5 0.6572
    [15:24:02] step 3300/5625 | avg train loss 1.8527 top1 0.4041 top5 0.6568
    [15:24:07] step 3325/5625 | avg train loss 1.8543 top1 0.4039 top5 0.6567
    [15:24:12] step 3350/5625 | avg train loss 1.8527 top1 0.4043 top5 0.6569
    [15:24:17] step 3375/5625 | avg train loss 1.8540 top1 0.4041 top5 0.6569
    [15:24:23] step 3400/5625 | avg train loss 1.8539 top1 0.4033 top5 0.6561
    [15:24:28] step 3425/5625 | avg train loss 1.8540 top1 0.4028 top5 0.6554
    [15:24:33] step 3450/5625 | avg train loss 1.8538 top1 0.4034 top5 0.6560
    [15:24:38] step 3475/5625 | avg train loss 1.8526 top1 0.4038 top5 0.6561
    [15:24:43] step 3500/5625 | avg train loss 1.8528 top1 0.4046 top5 0.6567
    [15:24:48] step 3525/5625 | avg train loss 1.8529 top1 0.4044 top5 0.6564
    [15:24:53] step 3550/5625 | avg train loss 1.8522 top1 0.4044 top5 0.6562
    [15:24:58] step 3575/5625 | avg train loss 1.8528 top1 0.4039 top5 0.6555
    [15:25:03] step 3600/5625 | avg train loss 1.8541 top1 0.4035 top5 0.6553
    [15:25:08] step 3625/5625 | avg train loss 1.8547 top1 0.4037 top5 0.6554
    [15:25:14] step 3650/5625 | avg train loss 1.8547 top1 0.4036 top5 0.6553
    [15:25:19] step 3675/5625 | avg train loss 1.8546 top1 0.4035 top5 0.6553
    [15:25:24] step 3700/5625 | avg train loss 1.8535 top1 0.4040 top5 0.6556
    [15:25:29] step 3725/5625 | avg train loss 1.8533 top1 0.4034 top5 0.6549
    [15:25:34] step 3750/5625 | avg train loss 1.8528 top1 0.4035 top5 0.6550
    [15:25:39] step 3775/5625 | avg train loss 1.8532 top1 0.4032 top5 0.6549
    [15:25:44] step 3800/5625 | avg train loss 1.8538 top1 0.4033 top5 0.6550
    [15:25:49] step 3825/5625 | avg train loss 1.8519 top1 0.4037 top5 0.6549
    [15:25:54] step 3850/5625 | avg train loss 1.8540 top1 0.4032 top5 0.6544
    [15:26:00] step 3875/5625 | avg train loss 1.8539 top1 0.4035 top5 0.6547
    [15:26:05] step 3900/5625 | avg train loss 1.8548 top1 0.4035 top5 0.6546
    [15:26:10] step 3925/5625 | avg train loss 1.8538 top1 0.4040 top5 0.6549
    [15:26:15] step 3950/5625 | avg train loss 1.8540 top1 0.4038 top5 0.6545
    [15:26:20] step 3975/5625 | avg train loss 1.8535 top1 0.4034 top5 0.6542
    [15:26:25] step 4000/5625 | avg train loss 1.8537 top1 0.4033 top5 0.6546
    [15:26:30] step 4025/5625 | avg train loss 1.8533 top1 0.4035 top5 0.6546
    [15:26:35] step 4050/5625 | avg train loss 1.8530 top1 0.4035 top5 0.6546
    [15:26:41] step 4075/5625 | avg train loss 1.8519 top1 0.4039 top5 0.6549
    [15:26:46] step 4100/5625 | avg train loss 1.8517 top1 0.4040 top5 0.6552
    [15:26:51] step 4125/5625 | avg train loss 1.8517 top1 0.4040 top5 0.6551
    [15:26:56] step 4150/5625 | avg train loss 1.8523 top1 0.4042 top5 0.6554
    [15:27:01] step 4175/5625 | avg train loss 1.8519 top1 0.4043 top5 0.6556
    [15:27:06] step 4200/5625 | avg train loss 1.8526 top1 0.4040 top5 0.6555
    [15:27:11] step 4225/5625 | avg train loss 1.8535 top1 0.4042 top5 0.6557
    [15:27:16] step 4250/5625 | avg train loss 1.8534 top1 0.4041 top5 0.6558
    [15:27:21] step 4275/5625 | avg train loss 1.8538 top1 0.4038 top5 0.6554
    [15:27:27] step 4300/5625 | avg train loss 1.8526 top1 0.4041 top5 0.6553
    [15:27:32] step 4325/5625 | avg train loss 1.8526 top1 0.4041 top5 0.6555
    [15:27:37] step 4350/5625 | avg train loss 1.8531 top1 0.4040 top5 0.6557
    [15:27:42] step 4375/5625 | avg train loss 1.8539 top1 0.4037 top5 0.6552
    [15:27:47] step 4400/5625 | avg train loss 1.8544 top1 0.4035 top5 0.6551
    [15:27:52] step 4425/5625 | avg train loss 1.8537 top1 0.4039 top5 0.6552
    [15:27:57] step 4450/5625 | avg train loss 1.8530 top1 0.4042 top5 0.6550
    [15:28:02] step 4475/5625 | avg train loss 1.8537 top1 0.4043 top5 0.6546
    [15:28:07] step 4500/5625 | avg train loss 1.8536 top1 0.4044 top5 0.6544
    [15:28:13] step 4525/5625 | avg train loss 1.8546 top1 0.4046 top5 0.6547
    [15:28:18] step 4550/5625 | avg train loss 1.8543 top1 0.4041 top5 0.6545
    [15:28:23] step 4575/5625 | avg train loss 1.8546 top1 0.4041 top5 0.6544
    [15:28:28] step 4600/5625 | avg train loss 1.8544 top1 0.4042 top5 0.6545
    [15:28:33] step 4625/5625 | avg train loss 1.8536 top1 0.4046 top5 0.6550
    [15:28:38] step 4650/5625 | avg train loss 1.8543 top1 0.4046 top5 0.6550
    [15:28:43] step 4675/5625 | avg train loss 1.8544 top1 0.4046 top5 0.6552
    [15:28:48] step 4700/5625 | avg train loss 1.8549 top1 0.4047 top5 0.6552
    [15:28:53] step 4725/5625 | avg train loss 1.8540 top1 0.4046 top5 0.6553
    [15:28:58] step 4750/5625 | avg train loss 1.8549 top1 0.4042 top5 0.6550
    [15:29:04] step 4775/5625 | avg train loss 1.8539 top1 0.4044 top5 0.6549
    [15:29:09] step 4800/5625 | avg train loss 1.8541 top1 0.4044 top5 0.6550
    [15:29:14] step 4825/5625 | avg train loss 1.8549 top1 0.4041 top5 0.6548
    [15:29:19] step 4850/5625 | avg train loss 1.8547 top1 0.4042 top5 0.6550
    [15:29:24] step 4875/5625 | avg train loss 1.8543 top1 0.4045 top5 0.6554
    [15:29:29] step 4900/5625 | avg train loss 1.8537 top1 0.4045 top5 0.6554
    [15:29:34] step 4925/5625 | avg train loss 1.8534 top1 0.4044 top5 0.6551
    [15:29:39] step 4950/5625 | avg train loss 1.8524 top1 0.4040 top5 0.6548
    [15:29:44] step 4975/5625 | avg train loss 1.8525 top1 0.4038 top5 0.6548
    [15:29:50] step 5000/5625 | avg train loss 1.8526 top1 0.4040 top5 0.6550
    [15:29:55] step 5025/5625 | avg train loss 1.8522 top1 0.4036 top5 0.6548
    [15:30:00] step 5050/5625 | avg train loss 1.8521 top1 0.4040 top5 0.6549
    [15:30:05] step 5075/5625 | avg train loss 1.8519 top1 0.4039 top5 0.6550
    [15:30:10] step 5100/5625 | avg train loss 1.8517 top1 0.4040 top5 0.6550
    [15:30:15] step 5125/5625 | avg train loss 1.8529 top1 0.4036 top5 0.6547
    [15:30:20] step 5150/5625 | avg train loss 1.8528 top1 0.4035 top5 0.6548
    [15:30:25] step 5175/5625 | avg train loss 1.8531 top1 0.4035 top5 0.6546
    [15:30:30] step 5200/5625 | avg train loss 1.8538 top1 0.4031 top5 0.6544
    [15:30:35] step 5225/5625 | avg train loss 1.8551 top1 0.4031 top5 0.6545
    [15:30:41] step 5250/5625 | avg train loss 1.8553 top1 0.4031 top5 0.6544
    [15:30:46] step 5275/5625 | avg train loss 1.8552 top1 0.4032 top5 0.6545
    [15:30:51] step 5300/5625 | avg train loss 1.8563 top1 0.4032 top5 0.6548
    [15:30:56] step 5325/5625 | avg train loss 1.8566 top1 0.4034 top5 0.6549
    [15:31:01] step 5350/5625 | avg train loss 1.8558 top1 0.4036 top5 0.6552
    [15:31:06] step 5375/5625 | avg train loss 1.8550 top1 0.4036 top5 0.6550
    [15:31:11] step 5400/5625 | avg train loss 1.8558 top1 0.4034 top5 0.6551
    [15:31:16] step 5425/5625 | avg train loss 1.8554 top1 0.4036 top5 0.6553
    [15:31:21] step 5450/5625 | avg train loss 1.8556 top1 0.4034 top5 0.6552
    [15:31:27] step 5475/5625 | avg train loss 1.8559 top1 0.4032 top5 0.6552
    [15:31:32] step 5500/5625 | avg train loss 1.8551 top1 0.4034 top5 0.6554
    [15:31:37] step 5525/5625 | avg train loss 1.8553 top1 0.4034 top5 0.6555
    [15:31:42] step 5550/5625 | avg train loss 1.8550 top1 0.4034 top5 0.6554
    [15:31:47] step 5575/5625 | avg train loss 1.8552 top1 0.4035 top5 0.6560
    [15:31:52] step 5600/5625 | avg train loss 1.8540 top1 0.4040 top5 0.6562
    [15:31:57] step 5625/5625 | avg train loss 1.8540 top1 0.4038 top5 0.6561
Epoch 48/50 | train loss 1.8540 top1 0.4038 | val loss 1.7840 top1 0.5067 top5 0.8148 | ema holdout top1 0.5142 top5 0.8218
  No val top1 improvement (4/15); best remains 0.5137
    [15:33:32] step 25/5625 | avg train loss 1.7886 top1 0.4400 top5 0.6900
    [15:33:37] step 50/5625 | avg train loss 1.8596 top1 0.4200 top5 0.6550
    [15:33:42] step 75/5625 | avg train loss 1.8781 top1 0.3917 top5 0.6517
    [15:33:47] step 100/5625 | avg train loss 1.8307 top1 0.4100 top5 0.6562
    [15:33:52] step 125/5625 | avg train loss 1.8825 top1 0.4030 top5 0.6490
    [15:33:58] step 150/5625 | avg train loss 1.8690 top1 0.4092 top5 0.6525
    [15:34:03] step 175/5625 | avg train loss 1.8767 top1 0.4000 top5 0.6536
    [15:34:08] step 200/5625 | avg train loss 1.8590 top1 0.4031 top5 0.6544
    [15:34:13] step 225/5625 | avg train loss 1.8702 top1 0.3950 top5 0.6528
    [15:34:18] step 250/5625 | avg train loss 1.8834 top1 0.3960 top5 0.6585
    [15:34:23] step 275/5625 | avg train loss 1.8771 top1 0.3964 top5 0.6555
    [15:34:28] step 300/5625 | avg train loss 1.8587 top1 0.3967 top5 0.6562
    [15:34:33] step 325/5625 | avg train loss 1.8396 top1 0.4046 top5 0.6627
    [15:34:38] step 350/5625 | avg train loss 1.8436 top1 0.4046 top5 0.6600
    [15:34:43] step 375/5625 | avg train loss 1.8426 top1 0.4020 top5 0.6560
    [15:34:48] step 400/5625 | avg train loss 1.8337 top1 0.4050 top5 0.6616
    [15:34:54] step 425/5625 | avg train loss 1.8280 top1 0.4056 top5 0.6591
    [15:34:59] step 450/5625 | avg train loss 1.8279 top1 0.4092 top5 0.6625
    [15:35:04] step 475/5625 | avg train loss 1.8398 top1 0.4071 top5 0.6584
    [15:35:09] step 500/5625 | avg train loss 1.8420 top1 0.4062 top5 0.6580
    [15:35:14] step 525/5625 | avg train loss 1.8400 top1 0.4040 top5 0.6552
    [15:35:19] step 550/5625 | avg train loss 1.8378 top1 0.4075 top5 0.6589
    [15:35:24] step 575/5625 | avg train loss 1.8383 top1 0.4048 top5 0.6567
    [15:35:29] step 600/5625 | avg train loss 1.8392 top1 0.4044 top5 0.6567
    [15:35:34] step 625/5625 | avg train loss 1.8337 top1 0.4064 top5 0.6568
    [15:35:40] step 650/5625 | avg train loss 1.8305 top1 0.4087 top5 0.6577
    [15:35:45] step 675/5625 | avg train loss 1.8246 top1 0.4107 top5 0.6600
    [15:35:50] step 700/5625 | avg train loss 1.8242 top1 0.4114 top5 0.6595
    [15:35:55] step 725/5625 | avg train loss 1.8204 top1 0.4095 top5 0.6588
    [15:36:00] step 750/5625 | avg train loss 1.8175 top1 0.4103 top5 0.6600
    [15:36:05] step 775/5625 | avg train loss 1.8160 top1 0.4113 top5 0.6618
    [15:36:10] step 800/5625 | avg train loss 1.8183 top1 0.4102 top5 0.6608
    [15:36:15] step 825/5625 | avg train loss 1.8165 top1 0.4088 top5 0.6598
    [15:36:20] step 850/5625 | avg train loss 1.8188 top1 0.4072 top5 0.6600
    [15:36:25] step 875/5625 | avg train loss 1.8226 top1 0.4073 top5 0.6609
    [15:36:31] step 900/5625 | avg train loss 1.8230 top1 0.4058 top5 0.6610
    [15:36:36] step 925/5625 | avg train loss 1.8161 top1 0.4046 top5 0.6586
    [15:36:41] step 950/5625 | avg train loss 1.8162 top1 0.4041 top5 0.6582
    [15:36:46] step 975/5625 | avg train loss 1.8182 top1 0.4040 top5 0.6591
    [15:36:51] step 1000/5625 | avg train loss 1.8170 top1 0.4030 top5 0.6589
    [15:36:56] step 1025/5625 | avg train loss 1.8198 top1 0.4037 top5 0.6598
    [15:37:01] step 1050/5625 | avg train loss 1.8200 top1 0.4035 top5 0.6585
    [15:37:06] step 1075/5625 | avg train loss 1.8233 top1 0.4041 top5 0.6591
    [15:37:12] step 1100/5625 | avg train loss 1.8233 top1 0.4044 top5 0.6586
    [15:37:17] step 1125/5625 | avg train loss 1.8212 top1 0.4066 top5 0.6604
    [15:37:22] step 1150/5625 | avg train loss 1.8187 top1 0.4083 top5 0.6625
    [15:37:27] step 1175/5625 | avg train loss 1.8210 top1 0.4065 top5 0.6614
    [15:37:32] step 1200/5625 | avg train loss 1.8257 top1 0.4059 top5 0.6602
    [15:37:37] step 1225/5625 | avg train loss 1.8252 top1 0.4079 top5 0.6620
    [15:37:42] step 1250/5625 | avg train loss 1.8257 top1 0.4080 top5 0.6619
    [15:37:47] step 1275/5625 | avg train loss 1.8292 top1 0.4087 top5 0.6627
    [15:37:52] step 1300/5625 | avg train loss 1.8291 top1 0.4082 top5 0.6623
    [15:37:57] step 1325/5625 | avg train loss 1.8273 top1 0.4089 top5 0.6634
    [15:38:02] step 1350/5625 | avg train loss 1.8288 top1 0.4094 top5 0.6637
    [15:38:08] step 1375/5625 | avg train loss 1.8280 top1 0.4095 top5 0.6643
    [15:38:13] step 1400/5625 | avg train loss 1.8279 top1 0.4099 top5 0.6649
    [15:38:18] step 1425/5625 | avg train loss 1.8286 top1 0.4108 top5 0.6653
    [15:38:23] step 1450/5625 | avg train loss 1.8278 top1 0.4109 top5 0.6650
    [15:38:28] step 1475/5625 | avg train loss 1.8264 top1 0.4106 top5 0.6655
    [15:38:33] step 1500/5625 | avg train loss 1.8268 top1 0.4109 top5 0.6656
    [15:38:38] step 1525/5625 | avg train loss 1.8296 top1 0.4101 top5 0.6644
    [15:38:43] step 1550/5625 | avg train loss 1.8290 top1 0.4088 top5 0.6638
    [15:38:48] step 1575/5625 | avg train loss 1.8295 top1 0.4090 top5 0.6631
    [15:38:53] step 1600/5625 | avg train loss 1.8289 top1 0.4076 top5 0.6613
    [15:38:59] step 1625/5625 | avg train loss 1.8289 top1 0.4068 top5 0.6600
    [15:39:04] step 1650/5625 | avg train loss 1.8293 top1 0.4064 top5 0.6602
    [15:39:09] step 1675/5625 | avg train loss 1.8264 top1 0.4058 top5 0.6589
    [15:39:14] step 1700/5625 | avg train loss 1.8274 top1 0.4059 top5 0.6589
    [15:39:19] step 1725/5625 | avg train loss 1.8277 top1 0.4070 top5 0.6596
    [15:39:24] step 1750/5625 | avg train loss 1.8241 top1 0.4076 top5 0.6601
    [15:39:29] step 1775/5625 | avg train loss 1.8256 top1 0.4077 top5 0.6606
    [15:39:34] step 1800/5625 | avg train loss 1.8281 top1 0.4071 top5 0.6601
    [15:39:39] step 1825/5625 | avg train loss 1.8294 top1 0.4066 top5 0.6587
    [15:39:44] step 1850/5625 | avg train loss 1.8333 top1 0.4069 top5 0.6591
    [15:39:49] step 1875/5625 | avg train loss 1.8305 top1 0.4073 top5 0.6596
    [15:39:55] step 1900/5625 | avg train loss 1.8317 top1 0.4075 top5 0.6597
    [15:40:00] step 1925/5625 | avg train loss 1.8277 top1 0.4077 top5 0.6599
    [15:40:05] step 1950/5625 | avg train loss 1.8273 top1 0.4076 top5 0.6599
    [15:40:10] step 1975/5625 | avg train loss 1.8275 top1 0.4080 top5 0.6603
    [15:40:15] step 2000/5625 | avg train loss 1.8264 top1 0.4075 top5 0.6597
    [15:40:20] step 2025/5625 | avg train loss 1.8264 top1 0.4078 top5 0.6601
    [15:40:25] step 2050/5625 | avg train loss 1.8243 top1 0.4079 top5 0.6598
    [15:40:30] step 2075/5625 | avg train loss 1.8234 top1 0.4097 top5 0.6608
    [15:40:35] step 2100/5625 | avg train loss 1.8246 top1 0.4097 top5 0.6609
    [15:40:40] step 2125/5625 | avg train loss 1.8233 top1 0.4091 top5 0.6599
    [15:40:46] step 2150/5625 | avg train loss 1.8242 top1 0.4087 top5 0.6595
    [15:40:51] step 2175/5625 | avg train loss 1.8262 top1 0.4081 top5 0.6583
    [15:40:56] step 2200/5625 | avg train loss 1.8282 top1 0.4081 top5 0.6578
    [15:41:01] step 2225/5625 | avg train loss 1.8294 top1 0.4080 top5 0.6575
    [15:41:06] step 2250/5625 | avg train loss 1.8304 top1 0.4084 top5 0.6578
    [15:41:11] step 2275/5625 | avg train loss 1.8305 top1 0.4083 top5 0.6573
    [15:41:16] step 2300/5625 | avg train loss 1.8318 top1 0.4084 top5 0.6573
    [15:41:21] step 2325/5625 | avg train loss 1.8319 top1 0.4080 top5 0.6574
    [15:41:26] step 2350/5625 | avg train loss 1.8309 top1 0.4074 top5 0.6571
    [15:41:31] step 2375/5625 | avg train loss 1.8315 top1 0.4077 top5 0.6575
    [15:41:36] step 2400/5625 | avg train loss 1.8339 top1 0.4077 top5 0.6577
    [15:41:41] step 2425/5625 | avg train loss 1.8335 top1 0.4078 top5 0.6582
    [15:41:46] step 2450/5625 | avg train loss 1.8312 top1 0.4078 top5 0.6583
    [15:41:52] step 2475/5625 | avg train loss 1.8274 top1 0.4078 top5 0.6583
    [15:41:57] step 2500/5625 | avg train loss 1.8254 top1 0.4078 top5 0.6579
    [15:42:02] step 2525/5625 | avg train loss 1.8239 top1 0.4082 top5 0.6577
    [15:42:07] step 2550/5625 | avg train loss 1.8252 top1 0.4083 top5 0.6578
    [15:42:12] step 2575/5625 | avg train loss 1.8240 top1 0.4083 top5 0.6573
    [15:42:17] step 2600/5625 | avg train loss 1.8229 top1 0.4087 top5 0.6577
    [15:42:22] step 2625/5625 | avg train loss 1.8231 top1 0.4087 top5 0.6575
    [15:42:27] step 2650/5625 | avg train loss 1.8223 top1 0.4093 top5 0.6578
    [15:42:32] step 2675/5625 | avg train loss 1.8202 top1 0.4095 top5 0.6584
    [15:42:37] step 2700/5625 | avg train loss 1.8207 top1 0.4090 top5 0.6584
    [15:42:43] step 2725/5625 | avg train loss 1.8234 top1 0.4091 top5 0.6584
    [15:42:48] step 2750/5625 | avg train loss 1.8245 top1 0.4091 top5 0.6591
    [15:42:53] step 2775/5625 | avg train loss 1.8255 top1 0.4086 top5 0.6583
    [15:42:58] step 2800/5625 | avg train loss 1.8244 top1 0.4098 top5 0.6596
    [15:43:03] step 2825/5625 | avg train loss 1.8230 top1 0.4103 top5 0.6595
    [15:43:08] step 2850/5625 | avg train loss 1.8236 top1 0.4105 top5 0.6596
    [15:43:13] step 2875/5625 | avg train loss 1.8235 top1 0.4107 top5 0.6595
    [15:43:18] step 2900/5625 | avg train loss 1.8243 top1 0.4109 top5 0.6596
    [15:43:24] step 2925/5625 | avg train loss 1.8249 top1 0.4108 top5 0.6597
    [15:43:29] step 2950/5625 | avg train loss 1.8243 top1 0.4107 top5 0.6596
    [15:43:34] step 2975/5625 | avg train loss 1.8242 top1 0.4108 top5 0.6592
    [15:43:39] step 3000/5625 | avg train loss 1.8226 top1 0.4112 top5 0.6600
    [15:43:44] step 3025/5625 | avg train loss 1.8225 top1 0.4111 top5 0.6602
    [15:43:49] step 3050/5625 | avg train loss 1.8220 top1 0.4110 top5 0.6602
    [15:43:54] step 3075/5625 | avg train loss 1.8234 top1 0.4109 top5 0.6598
    [15:43:59] step 3100/5625 | avg train loss 1.8236 top1 0.4103 top5 0.6593
    [15:44:04] step 3125/5625 | avg train loss 1.8232 top1 0.4102 top5 0.6596
    [15:44:09] step 3150/5625 | avg train loss 1.8236 top1 0.4110 top5 0.6602
    [15:44:15] step 3175/5625 | avg train loss 1.8232 top1 0.4111 top5 0.6599
    [15:44:20] step 3200/5625 | avg train loss 1.8217 top1 0.4112 top5 0.6598
    [15:44:25] step 3225/5625 | avg train loss 1.8217 top1 0.4121 top5 0.6605
    [15:44:30] step 3250/5625 | avg train loss 1.8225 top1 0.4123 top5 0.6607
    [15:44:35] step 3275/5625 | avg train loss 1.8224 top1 0.4115 top5 0.6598
    [15:44:40] step 3300/5625 | avg train loss 1.8236 top1 0.4117 top5 0.6597
    [15:44:45] step 3325/5625 | avg train loss 1.8254 top1 0.4110 top5 0.6588
    [15:44:50] step 3350/5625 | avg train loss 1.8262 top1 0.4100 top5 0.6580
    [15:44:55] step 3375/5625 | avg train loss 1.8263 top1 0.4100 top5 0.6578
    [15:45:00] step 3400/5625 | avg train loss 1.8263 top1 0.4097 top5 0.6575
    [15:45:06] step 3425/5625 | avg train loss 1.8245 top1 0.4095 top5 0.6572
    [15:45:11] step 3450/5625 | avg train loss 1.8248 top1 0.4087 top5 0.6564
    [15:45:16] step 3475/5625 | avg train loss 1.8243 top1 0.4085 top5 0.6558
    [15:45:21] step 3500/5625 | avg train loss 1.8250 top1 0.4086 top5 0.6562
    [15:45:26] step 3525/5625 | avg train loss 1.8241 top1 0.4089 top5 0.6562
    [15:45:31] step 3550/5625 | avg train loss 1.8232 top1 0.4086 top5 0.6560
    [15:45:36] step 3575/5625 | avg train loss 1.8228 top1 0.4090 top5 0.6566
    [15:45:41] step 3600/5625 | avg train loss 1.8218 top1 0.4093 top5 0.6567
    [15:45:46] step 3625/5625 | avg train loss 1.8217 top1 0.4098 top5 0.6567
    [15:45:52] step 3650/5625 | avg train loss 1.8210 top1 0.4094 top5 0.6563
    [15:45:57] step 3675/5625 | avg train loss 1.8224 top1 0.4093 top5 0.6561
    [15:46:02] step 3700/5625 | avg train loss 1.8238 top1 0.4091 top5 0.6557
    [15:46:07] step 3725/5625 | avg train loss 1.8232 top1 0.4091 top5 0.6562
    [15:46:12] step 3750/5625 | avg train loss 1.8220 top1 0.4099 top5 0.6570
    [15:46:17] step 3775/5625 | avg train loss 1.8212 top1 0.4102 top5 0.6573
    [15:46:22] step 3800/5625 | avg train loss 1.8219 top1 0.4101 top5 0.6571
    [15:46:27] step 3825/5625 | avg train loss 1.8229 top1 0.4099 top5 0.6569
    [15:46:32] step 3850/5625 | avg train loss 1.8228 top1 0.4097 top5 0.6568
    [15:46:37] step 3875/5625 | avg train loss 1.8228 top1 0.4098 top5 0.6566
    [15:46:42] step 3900/5625 | avg train loss 1.8234 top1 0.4099 top5 0.6571
    [15:46:48] step 3925/5625 | avg train loss 1.8245 top1 0.4096 top5 0.6569
    [15:46:53] step 3950/5625 | avg train loss 1.8251 top1 0.4092 top5 0.6566
    [15:46:58] step 3975/5625 | avg train loss 1.8246 top1 0.4100 top5 0.6573
    [15:47:03] step 4000/5625 | avg train loss 1.8240 top1 0.4100 top5 0.6574
    [15:47:08] step 4025/5625 | avg train loss 1.8244 top1 0.4098 top5 0.6572
    [15:47:13] step 4050/5625 | avg train loss 1.8237 top1 0.4104 top5 0.6577
    [15:47:18] step 4075/5625 | avg train loss 1.8254 top1 0.4099 top5 0.6575
    [15:47:23] step 4100/5625 | avg train loss 1.8256 top1 0.4096 top5 0.6570
    [15:47:28] step 4125/5625 | avg train loss 1.8263 top1 0.4098 top5 0.6570
    [15:47:33] step 4150/5625 | avg train loss 1.8267 top1 0.4095 top5 0.6567
    [15:47:38] step 4175/5625 | avg train loss 1.8271 top1 0.4096 top5 0.6568
    [15:47:44] step 4200/5625 | avg train loss 1.8266 top1 0.4093 top5 0.6563
    [15:47:49] step 4225/5625 | avg train loss 1.8274 top1 0.4095 top5 0.6568
    [15:47:54] step 4250/5625 | avg train loss 1.8276 top1 0.4093 top5 0.6566
    [15:47:59] step 4275/5625 | avg train loss 1.8292 top1 0.4088 top5 0.6561
    [15:48:04] step 4300/5625 | avg train loss 1.8288 top1 0.4089 top5 0.6559
    [15:48:09] step 4325/5625 | avg train loss 1.8283 top1 0.4087 top5 0.6557
    [15:48:14] step 4350/5625 | avg train loss 1.8289 top1 0.4085 top5 0.6557
    [15:48:19] step 4375/5625 | avg train loss 1.8282 top1 0.4088 top5 0.6560
    [15:48:24] step 4400/5625 | avg train loss 1.8285 top1 0.4084 top5 0.6557
    [15:48:29] step 4425/5625 | avg train loss 1.8281 top1 0.4086 top5 0.6556
    [15:48:35] step 4450/5625 | avg train loss 1.8280 top1 0.4087 top5 0.6558
    [15:48:40] step 4475/5625 | avg train loss 1.8293 top1 0.4083 top5 0.6556
    [15:48:45] step 4500/5625 | avg train loss 1.8300 top1 0.4081 top5 0.6553
    [15:48:50] step 4525/5625 | avg train loss 1.8293 top1 0.4081 top5 0.6554
    [15:48:55] step 4550/5625 | avg train loss 1.8299 top1 0.4082 top5 0.6555
    [15:49:00] step 4575/5625 | avg train loss 1.8302 top1 0.4079 top5 0.6551
    [15:49:05] step 4600/5625 | avg train loss 1.8308 top1 0.4076 top5 0.6551
    [15:49:11] step 4625/5625 | avg train loss 1.8297 top1 0.4081 top5 0.6554
    [15:49:16] step 4650/5625 | avg train loss 1.8309 top1 0.4082 top5 0.6557
    [15:49:21] step 4675/5625 | avg train loss 1.8305 top1 0.4082 top5 0.6559
    [15:49:26] step 4700/5625 | avg train loss 1.8300 top1 0.4081 top5 0.6556
    [15:49:31] step 4725/5625 | avg train loss 1.8301 top1 0.4076 top5 0.6552
    [15:49:36] step 4750/5625 | avg train loss 1.8302 top1 0.4076 top5 0.6552
    [15:49:41] step 4775/5625 | avg train loss 1.8313 top1 0.4075 top5 0.6552
    [15:49:46] step 4800/5625 | avg train loss 1.8310 top1 0.4076 top5 0.6551
    [15:49:51] step 4825/5625 | avg train loss 1.8307 top1 0.4073 top5 0.6548
    [15:49:56] step 4850/5625 | avg train loss 1.8310 top1 0.4071 top5 0.6546
    [15:50:02] step 4875/5625 | avg train loss 1.8318 top1 0.4067 top5 0.6544
    [15:50:07] step 4900/5625 | avg train loss 1.8323 top1 0.4068 top5 0.6542
    [15:50:12] step 4925/5625 | avg train loss 1.8328 top1 0.4068 top5 0.6545
    [15:50:17] step 4950/5625 | avg train loss 1.8315 top1 0.4071 top5 0.6547
    [15:50:22] step 4975/5625 | avg train loss 1.8324 top1 0.4068 top5 0.6544
    [15:50:27] step 5000/5625 | avg train loss 1.8330 top1 0.4066 top5 0.6545
    [15:50:32] step 5025/5625 | avg train loss 1.8340 top1 0.4065 top5 0.6545
    [15:50:37] step 5050/5625 | avg train loss 1.8357 top1 0.4062 top5 0.6546
    [15:50:42] step 5075/5625 | avg train loss 1.8368 top1 0.4059 top5 0.6543
    [15:50:48] step 5100/5625 | avg train loss 1.8360 top1 0.4062 top5 0.6548
    [15:50:53] step 5125/5625 | avg train loss 1.8366 top1 0.4063 top5 0.6549
    [15:50:58] step 5150/5625 | avg train loss 1.8368 top1 0.4061 top5 0.6547
    [15:51:03] step 5175/5625 | avg train loss 1.8367 top1 0.4057 top5 0.6542
    [15:51:08] step 5200/5625 | avg train loss 1.8362 top1 0.4057 top5 0.6539
    [15:51:13] step 5225/5625 | avg train loss 1.8353 top1 0.4063 top5 0.6543
    [15:51:18] step 5250/5625 | avg train loss 1.8354 top1 0.4062 top5 0.6543
    [15:51:23] step 5275/5625 | avg train loss 1.8346 top1 0.4061 top5 0.6540
    [15:51:28] step 5300/5625 | avg train loss 1.8353 top1 0.4058 top5 0.6537
    [15:51:33] step 5325/5625 | avg train loss 1.8362 top1 0.4057 top5 0.6537
    [15:51:39] step 5350/5625 | avg train loss 1.8362 top1 0.4059 top5 0.6538
    [15:51:44] step 5375/5625 | avg train loss 1.8362 top1 0.4057 top5 0.6534
    [15:51:49] step 5400/5625 | avg train loss 1.8352 top1 0.4058 top5 0.6534
    [15:51:54] step 5425/5625 | avg train loss 1.8353 top1 0.4059 top5 0.6536
    [15:51:59] step 5450/5625 | avg train loss 1.8349 top1 0.4059 top5 0.6538
    [15:52:04] step 5475/5625 | avg train loss 1.8343 top1 0.4062 top5 0.6540
    [15:52:09] step 5500/5625 | avg train loss 1.8344 top1 0.4064 top5 0.6544
    [15:52:14] step 5525/5625 | avg train loss 1.8348 top1 0.4064 top5 0.6543
    [15:52:20] step 5550/5625 | avg train loss 1.8351 top1 0.4068 top5 0.6545
    [15:52:25] step 5575/5625 | avg train loss 1.8353 top1 0.4068 top5 0.6547
    [15:52:30] step 5600/5625 | avg train loss 1.8353 top1 0.4068 top5 0.6544
    [15:52:35] step 5625/5625 | avg train loss 1.8349 top1 0.4071 top5 0.6546
Epoch 49/50 | train loss 1.8349 top1 0.4071 | val loss 1.7816 top1 0.5050 top5 0.8170 | ema holdout top1 0.5142 top5 0.8221
  No val top1 improvement (5/15); best remains 0.5137
    [15:54:10] step 25/5625 | avg train loss 2.0520 top1 0.4050 top5 0.6750
    [15:54:15] step 50/5625 | avg train loss 2.0047 top1 0.3850 top5 0.6875
    [15:54:20] step 75/5625 | avg train loss 1.9296 top1 0.4117 top5 0.6767
    [15:54:25] step 100/5625 | avg train loss 1.9523 top1 0.4025 top5 0.6637
    [15:54:30] step 125/5625 | avg train loss 1.9296 top1 0.4020 top5 0.6520
    [15:54:35] step 150/5625 | avg train loss 1.9176 top1 0.4025 top5 0.6592
    [15:54:40] step 175/5625 | avg train loss 1.8837 top1 0.4050 top5 0.6671
    [15:54:45] step 200/5625 | avg train loss 1.8740 top1 0.4056 top5 0.6631
    [15:54:51] step 225/5625 | avg train loss 1.8542 top1 0.4156 top5 0.6683
    [15:54:56] step 250/5625 | avg train loss 1.8417 top1 0.4245 top5 0.6740
    [15:55:01] step 275/5625 | avg train loss 1.8595 top1 0.4223 top5 0.6759
    [15:55:06] step 300/5625 | avg train loss 1.8662 top1 0.4183 top5 0.6675
    [15:55:11] step 325/5625 | avg train loss 1.8601 top1 0.4188 top5 0.6677
    [15:55:16] step 350/5625 | avg train loss 1.8536 top1 0.4193 top5 0.6657
    [15:55:21] step 375/5625 | avg train loss 1.8520 top1 0.4117 top5 0.6597
    [15:55:26] step 400/5625 | avg train loss 1.8472 top1 0.4138 top5 0.6663
    [15:55:31] step 425/5625 | avg train loss 1.8479 top1 0.4126 top5 0.6685
    [15:55:36] step 450/5625 | avg train loss 1.8608 top1 0.4106 top5 0.6675
    [15:55:41] step 475/5625 | avg train loss 1.8628 top1 0.4108 top5 0.6671
    [15:55:47] step 500/5625 | avg train loss 1.8652 top1 0.4080 top5 0.6640
    [15:55:52] step 525/5625 | avg train loss 1.8669 top1 0.4081 top5 0.6624
    [15:55:57] step 550/5625 | avg train loss 1.8581 top1 0.4068 top5 0.6623
    [15:56:02] step 575/5625 | avg train loss 1.8540 top1 0.4085 top5 0.6626
    [15:56:07] step 600/5625 | avg train loss 1.8616 top1 0.4088 top5 0.6660
    [15:56:12] step 625/5625 | avg train loss 1.8611 top1 0.4052 top5 0.6642
    [15:56:17] step 650/5625 | avg train loss 1.8564 top1 0.4073 top5 0.6650
    [15:56:22] step 675/5625 | avg train loss 1.8526 top1 0.4128 top5 0.6689
    [15:56:27] step 700/5625 | avg train loss 1.8589 top1 0.4118 top5 0.6691
    [15:56:32] step 725/5625 | avg train loss 1.8609 top1 0.4134 top5 0.6688
    [15:56:38] step 750/5625 | avg train loss 1.8590 top1 0.4130 top5 0.6693
    [15:56:43] step 775/5625 | avg train loss 1.8504 top1 0.4131 top5 0.6703
    [15:56:48] step 800/5625 | avg train loss 1.8535 top1 0.4123 top5 0.6687
    [15:56:53] step 825/5625 | avg train loss 1.8521 top1 0.4121 top5 0.6685
    [15:56:58] step 850/5625 | avg train loss 1.8498 top1 0.4122 top5 0.6671
    [15:57:03] step 875/5625 | avg train loss 1.8481 top1 0.4133 top5 0.6673
    [15:57:08] step 900/5625 | avg train loss 1.8463 top1 0.4133 top5 0.6679
    [15:57:13] step 925/5625 | avg train loss 1.8462 top1 0.4127 top5 0.6666
    [15:57:18] step 950/5625 | avg train loss 1.8430 top1 0.4129 top5 0.6668
    [15:57:23] step 975/5625 | avg train loss 1.8502 top1 0.4129 top5 0.6669
    [15:57:28] step 1000/5625 | avg train loss 1.8471 top1 0.4134 top5 0.6655
    [15:57:33] step 1025/5625 | avg train loss 1.8451 top1 0.4123 top5 0.6638
    [15:57:39] step 1050/5625 | avg train loss 1.8426 top1 0.4117 top5 0.6624
    [15:57:44] step 1075/5625 | avg train loss 1.8438 top1 0.4140 top5 0.6645
    [15:57:49] step 1100/5625 | avg train loss 1.8429 top1 0.4143 top5 0.6656
    [15:57:54] step 1125/5625 | avg train loss 1.8384 top1 0.4159 top5 0.6660
    [15:57:59] step 1150/5625 | avg train loss 1.8362 top1 0.4157 top5 0.6657
    [15:58:04] step 1175/5625 | avg train loss 1.8347 top1 0.4161 top5 0.6648
    [15:58:09] step 1200/5625 | avg train loss 1.8326 top1 0.4164 top5 0.6645
    [15:58:14] step 1225/5625 | avg train loss 1.8330 top1 0.4178 top5 0.6649
    [15:58:19] step 1250/5625 | avg train loss 1.8357 top1 0.4170 top5 0.6649
    [15:58:24] step 1275/5625 | avg train loss 1.8360 top1 0.4162 top5 0.6645
    [15:58:29] step 1300/5625 | avg train loss 1.8383 top1 0.4163 top5 0.6647
    [15:58:34] step 1325/5625 | avg train loss 1.8399 top1 0.4161 top5 0.6635
    [15:58:40] step 1350/5625 | avg train loss 1.8388 top1 0.4182 top5 0.6651
    [15:58:45] step 1375/5625 | avg train loss 1.8403 top1 0.4184 top5 0.6649
    [15:58:50] step 1400/5625 | avg train loss 1.8393 top1 0.4183 top5 0.6643
    [15:58:55] step 1425/5625 | avg train loss 1.8413 top1 0.4186 top5 0.6653
    [15:59:00] step 1450/5625 | avg train loss 1.8418 top1 0.4178 top5 0.6643
    [15:59:05] step 1475/5625 | avg train loss 1.8420 top1 0.4169 top5 0.6637
    [15:59:10] step 1500/5625 | avg train loss 1.8424 top1 0.4164 top5 0.6641
    [15:59:15] step 1525/5625 | avg train loss 1.8420 top1 0.4162 top5 0.6630
    [15:59:20] step 1550/5625 | avg train loss 1.8439 top1 0.4149 top5 0.6609
    [15:59:25] step 1575/5625 | avg train loss 1.8452 top1 0.4150 top5 0.6611
    [15:59:31] step 1600/5625 | avg train loss 1.8464 top1 0.4153 top5 0.6619
    [15:59:36] step 1625/5625 | avg train loss 1.8494 top1 0.4141 top5 0.6602
    [15:59:41] step 1650/5625 | avg train loss 1.8480 top1 0.4142 top5 0.6611
    [15:59:46] step 1675/5625 | avg train loss 1.8512 top1 0.4137 top5 0.6601
    [15:59:51] step 1700/5625 | avg train loss 1.8518 top1 0.4138 top5 0.6606
    [15:59:56] step 1725/5625 | avg train loss 1.8509 top1 0.4149 top5 0.6616
    [16:00:01] step 1750/5625 | avg train loss 1.8511 top1 0.4153 top5 0.6611
    [16:00:06] step 1775/5625 | avg train loss 1.8495 top1 0.4161 top5 0.6625
    [16:00:11] step 1800/5625 | avg train loss 1.8509 top1 0.4160 top5 0.6621
    [16:00:16] step 1825/5625 | avg train loss 1.8509 top1 0.4161 top5 0.6623
    [16:00:22] step 1850/5625 | avg train loss 1.8489 top1 0.4174 top5 0.6635
    [16:00:27] step 1875/5625 | avg train loss 1.8484 top1 0.4185 top5 0.6642
    [16:00:32] step 1900/5625 | avg train loss 1.8469 top1 0.4181 top5 0.6643
    [16:00:37] step 1925/5625 | avg train loss 1.8474 top1 0.4188 top5 0.6649
    [16:00:42] step 1950/5625 | avg train loss 1.8462 top1 0.4181 top5 0.6642
    [16:00:47] step 1975/5625 | avg train loss 1.8474 top1 0.4170 top5 0.6637
    [16:00:52] step 2000/5625 | avg train loss 1.8451 top1 0.4177 top5 0.6641
    [16:00:57] step 2025/5625 | avg train loss 1.8439 top1 0.4185 top5 0.6647
    [16:01:02] step 2050/5625 | avg train loss 1.8430 top1 0.4186 top5 0.6645
    [16:01:07] step 2075/5625 | avg train loss 1.8438 top1 0.4183 top5 0.6644
    [16:01:13] step 2100/5625 | avg train loss 1.8444 top1 0.4173 top5 0.6637
    [16:01:18] step 2125/5625 | avg train loss 1.8466 top1 0.4158 top5 0.6621
    [16:01:23] step 2150/5625 | avg train loss 1.8462 top1 0.4162 top5 0.6628
    [16:01:28] step 2175/5625 | avg train loss 1.8466 top1 0.4162 top5 0.6630
    [16:01:33] step 2200/5625 | avg train loss 1.8447 top1 0.4165 top5 0.6631
    [16:01:38] step 2225/5625 | avg train loss 1.8434 top1 0.4166 top5 0.6634
    [16:01:43] step 2250/5625 | avg train loss 1.8434 top1 0.4173 top5 0.6638
    [16:01:48] step 2275/5625 | avg train loss 1.8424 top1 0.4179 top5 0.6650
    [16:01:53] step 2300/5625 | avg train loss 1.8432 top1 0.4184 top5 0.6655
    [16:01:58] step 2325/5625 | avg train loss 1.8429 top1 0.4189 top5 0.6660
    [16:02:04] step 2350/5625 | avg train loss 1.8415 top1 0.4191 top5 0.6660
    [16:02:09] step 2375/5625 | avg train loss 1.8431 top1 0.4185 top5 0.6659
    [16:02:14] step 2400/5625 | avg train loss 1.8413 top1 0.4188 top5 0.6663
    [16:02:19] step 2425/5625 | avg train loss 1.8399 top1 0.4186 top5 0.6664
    [16:02:24] step 2450/5625 | avg train loss 1.8403 top1 0.4187 top5 0.6665
    [16:02:29] step 2475/5625 | avg train loss 1.8412 top1 0.4180 top5 0.6661
    [16:02:34] step 2500/5625 | avg train loss 1.8417 top1 0.4178 top5 0.6663
    [16:02:39] step 2525/5625 | avg train loss 1.8400 top1 0.4185 top5 0.6667
    [16:02:44] step 2550/5625 | avg train loss 1.8393 top1 0.4181 top5 0.6670
    [16:02:49] step 2575/5625 | avg train loss 1.8392 top1 0.4181 top5 0.6666
    [16:02:54] step 2600/5625 | avg train loss 1.8385 top1 0.4175 top5 0.6658
    [16:03:00] step 2625/5625 | avg train loss 1.8405 top1 0.4172 top5 0.6650
    [16:03:05] step 2650/5625 | avg train loss 1.8387 top1 0.4170 top5 0.6648
    [16:03:10] step 2675/5625 | avg train loss 1.8402 top1 0.4177 top5 0.6654
    [16:03:15] step 2700/5625 | avg train loss 1.8418 top1 0.4177 top5 0.6653
    [16:03:20] step 2725/5625 | avg train loss 1.8425 top1 0.4176 top5 0.6650
    [16:03:25] step 2750/5625 | avg train loss 1.8435 top1 0.4176 top5 0.6651
    [16:03:30] step 2775/5625 | avg train loss 1.8436 top1 0.4177 top5 0.6647
    [16:03:35] step 2800/5625 | avg train loss 1.8449 top1 0.4163 top5 0.6639
    [16:03:40] step 2825/5625 | avg train loss 1.8441 top1 0.4164 top5 0.6636
    [16:03:45] step 2850/5625 | avg train loss 1.8463 top1 0.4154 top5 0.6630
    [16:03:50] step 2875/5625 | avg train loss 1.8456 top1 0.4153 top5 0.6632
    [16:03:56] step 2900/5625 | avg train loss 1.8441 top1 0.4153 top5 0.6630
    [16:04:01] step 2925/5625 | avg train loss 1.8443 top1 0.4150 top5 0.6631
    [16:04:06] step 2950/5625 | avg train loss 1.8448 top1 0.4152 top5 0.6634
    [16:04:11] step 2975/5625 | avg train loss 1.8437 top1 0.4155 top5 0.6637
    [16:04:16] step 3000/5625 | avg train loss 1.8450 top1 0.4149 top5 0.6630
    [16:04:21] step 3025/5625 | avg train loss 1.8447 top1 0.4149 top5 0.6632
    [16:04:26] step 3050/5625 | avg train loss 1.8439 top1 0.4148 top5 0.6633
    [16:04:31] step 3075/5625 | avg train loss 1.8433 top1 0.4145 top5 0.6628
    [16:04:36] step 3100/5625 | avg train loss 1.8455 top1 0.4145 top5 0.6628
    [16:04:41] step 3125/5625 | avg train loss 1.8468 top1 0.4144 top5 0.6625
    [16:04:47] step 3150/5625 | avg train loss 1.8463 top1 0.4140 top5 0.6624
    [16:04:52] step 3175/5625 | avg train loss 1.8467 top1 0.4132 top5 0.6616
    [16:04:57] step 3200/5625 | avg train loss 1.8452 top1 0.4133 top5 0.6617
    [16:05:02] step 3225/5625 | avg train loss 1.8444 top1 0.4132 top5 0.6611
    [16:05:07] step 3250/5625 | avg train loss 1.8441 top1 0.4137 top5 0.6611
    [16:05:12] step 3275/5625 | avg train loss 1.8459 top1 0.4132 top5 0.6606
    [16:05:17] step 3300/5625 | avg train loss 1.8445 top1 0.4138 top5 0.6609
    [16:05:22] step 3325/5625 | avg train loss 1.8416 top1 0.4148 top5 0.6618
    [16:05:27] step 3350/5625 | avg train loss 1.8419 top1 0.4150 top5 0.6625
    [16:05:33] step 3375/5625 | avg train loss 1.8414 top1 0.4154 top5 0.6630
    [16:05:38] step 3400/5625 | avg train loss 1.8390 top1 0.4157 top5 0.6633
    [16:05:43] step 3425/5625 | avg train loss 1.8388 top1 0.4160 top5 0.6634
    [16:05:48] step 3450/5625 | avg train loss 1.8382 top1 0.4163 top5 0.6636
    [16:05:53] step 3475/5625 | avg train loss 1.8375 top1 0.4157 top5 0.6631
    [16:05:58] step 3500/5625 | avg train loss 1.8386 top1 0.4157 top5 0.6634
    [16:06:03] step 3525/5625 | avg train loss 1.8400 top1 0.4156 top5 0.6633
    [16:06:08] step 3550/5625 | avg train loss 1.8403 top1 0.4156 top5 0.6630
    [16:06:13] step 3575/5625 | avg train loss 1.8405 top1 0.4158 top5 0.6632
    [16:06:18] step 3600/5625 | avg train loss 1.8406 top1 0.4153 top5 0.6625
    [16:06:24] step 3625/5625 | avg train loss 1.8412 top1 0.4148 top5 0.6624
    [16:06:29] step 3650/5625 | avg train loss 1.8391 top1 0.4154 top5 0.6627
    [16:06:34] step 3675/5625 | avg train loss 1.8407 top1 0.4149 top5 0.6625
    [16:06:39] step 3700/5625 | avg train loss 1.8397 top1 0.4155 top5 0.6633
    [16:06:44] step 3725/5625 | avg train loss 1.8388 top1 0.4158 top5 0.6633
    [16:06:49] step 3750/5625 | avg train loss 1.8398 top1 0.4156 top5 0.6628
    [16:06:54] step 3775/5625 | avg train loss 1.8385 top1 0.4151 top5 0.6623
    [16:06:59] step 3800/5625 | avg train loss 1.8387 top1 0.4149 top5 0.6620
    [16:07:04] step 3825/5625 | avg train loss 1.8373 top1 0.4152 top5 0.6622
    [16:07:09] step 3850/5625 | avg train loss 1.8371 top1 0.4154 top5 0.6624
    [16:07:14] step 3875/5625 | avg train loss 1.8374 top1 0.4158 top5 0.6628
    [16:07:20] step 3900/5625 | avg train loss 1.8377 top1 0.4154 top5 0.6624
    [16:07:25] step 3925/5625 | avg train loss 1.8372 top1 0.4157 top5 0.6626
    [16:07:30] step 3950/5625 | avg train loss 1.8367 top1 0.4156 top5 0.6624
    [16:07:35] step 3975/5625 | avg train loss 1.8365 top1 0.4151 top5 0.6619
    [16:07:40] step 4000/5625 | avg train loss 1.8371 top1 0.4146 top5 0.6616
    [16:07:45] step 4025/5625 | avg train loss 1.8381 top1 0.4143 top5 0.6612
    [16:07:50] step 4050/5625 | avg train loss 1.8386 top1 0.4146 top5 0.6614
    [16:07:55] step 4075/5625 | avg train loss 1.8384 top1 0.4150 top5 0.6617
    [16:08:00] step 4100/5625 | avg train loss 1.8386 top1 0.4146 top5 0.6616
    [16:08:05] step 4125/5625 | avg train loss 1.8379 top1 0.4146 top5 0.6614
    [16:08:10] step 4150/5625 | avg train loss 1.8392 top1 0.4147 top5 0.6614
    [16:08:16] step 4175/5625 | avg train loss 1.8396 top1 0.4151 top5 0.6620
    [16:08:21] step 4200/5625 | avg train loss 1.8399 top1 0.4152 top5 0.6620
    [16:08:26] step 4225/5625 | avg train loss 1.8397 top1 0.4149 top5 0.6618
    [16:08:31] step 4250/5625 | avg train loss 1.8405 top1 0.4151 top5 0.6621
    [16:08:36] step 4275/5625 | avg train loss 1.8400 top1 0.4149 top5 0.6617
    [16:08:41] step 4300/5625 | avg train loss 1.8407 top1 0.4148 top5 0.6616
    [16:08:46] step 4325/5625 | avg train loss 1.8413 top1 0.4148 top5 0.6616
    [16:08:51] step 4350/5625 | avg train loss 1.8409 top1 0.4143 top5 0.6614
    [16:08:56] step 4375/5625 | avg train loss 1.8419 top1 0.4142 top5 0.6616
    [16:09:02] step 4400/5625 | avg train loss 1.8419 top1 0.4138 top5 0.6611
    [16:09:07] step 4425/5625 | avg train loss 1.8418 top1 0.4136 top5 0.6609
    [16:09:12] step 4450/5625 | avg train loss 1.8422 top1 0.4132 top5 0.6604
    [16:09:17] step 4475/5625 | avg train loss 1.8416 top1 0.4135 top5 0.6606
    [16:09:22] step 4500/5625 | avg train loss 1.8420 top1 0.4130 top5 0.6603
    [16:09:27] step 4525/5625 | avg train loss 1.8425 top1 0.4130 top5 0.6602
    [16:09:32] step 4550/5625 | avg train loss 1.8422 top1 0.4128 top5 0.6599
    [16:09:37] step 4575/5625 | avg train loss 1.8415 top1 0.4129 top5 0.6598
    [16:09:42] step 4600/5625 | avg train loss 1.8412 top1 0.4127 top5 0.6599
    [16:09:47] step 4625/5625 | avg train loss 1.8413 top1 0.4126 top5 0.6600
    [16:09:52] step 4650/5625 | avg train loss 1.8406 top1 0.4127 top5 0.6601
    [16:09:58] step 4675/5625 | avg train loss 1.8405 top1 0.4127 top5 0.6602
    [16:10:03] step 4700/5625 | avg train loss 1.8401 top1 0.4132 top5 0.6602
    [16:10:08] step 4725/5625 | avg train loss 1.8400 top1 0.4133 top5 0.6602
    [16:10:13] step 4750/5625 | avg train loss 1.8406 top1 0.4133 top5 0.6601
    [16:10:18] step 4775/5625 | avg train loss 1.8410 top1 0.4132 top5 0.6602
    [16:10:23] step 4800/5625 | avg train loss 1.8411 top1 0.4132 top5 0.6605
    [16:10:28] step 4825/5625 | avg train loss 1.8406 top1 0.4132 top5 0.6603
    [16:10:33] step 4850/5625 | avg train loss 1.8409 top1 0.4127 top5 0.6597
    [16:10:38] step 4875/5625 | avg train loss 1.8404 top1 0.4125 top5 0.6598
    [16:10:43] step 4900/5625 | avg train loss 1.8416 top1 0.4129 top5 0.6602
    [16:10:48] step 4925/5625 | avg train loss 1.8423 top1 0.4127 top5 0.6602
    [16:10:53] step 4950/5625 | avg train loss 1.8425 top1 0.4127 top5 0.6599
    [16:10:58] step 4975/5625 | avg train loss 1.8421 top1 0.4123 top5 0.6597
    [16:11:04] step 5000/5625 | avg train loss 1.8419 top1 0.4126 top5 0.6603
    [16:11:09] step 5025/5625 | avg train loss 1.8425 top1 0.4124 top5 0.6602
    [16:11:14] step 5050/5625 | avg train loss 1.8426 top1 0.4123 top5 0.6603
    [16:11:19] step 5075/5625 | avg train loss 1.8422 top1 0.4117 top5 0.6600
    [16:11:24] step 5100/5625 | avg train loss 1.8419 top1 0.4117 top5 0.6601
    [16:11:29] step 5125/5625 | avg train loss 1.8420 top1 0.4114 top5 0.6600
    [16:11:34] step 5150/5625 | avg train loss 1.8420 top1 0.4115 top5 0.6600
    [16:11:39] step 5175/5625 | avg train loss 1.8421 top1 0.4111 top5 0.6598
    [16:11:44] step 5200/5625 | avg train loss 1.8408 top1 0.4113 top5 0.6600
    [16:11:49] step 5225/5625 | avg train loss 1.8398 top1 0.4113 top5 0.6600
    [16:11:54] step 5250/5625 | avg train loss 1.8403 top1 0.4113 top5 0.6601
    [16:12:00] step 5275/5625 | avg train loss 1.8407 top1 0.4115 top5 0.6605
    [16:12:05] step 5300/5625 | avg train loss 1.8408 top1 0.4115 top5 0.6605
    [16:12:10] step 5325/5625 | avg train loss 1.8408 top1 0.4112 top5 0.6603
    [16:12:15] step 5350/5625 | avg train loss 1.8408 top1 0.4113 top5 0.6607
    [16:12:20] step 5375/5625 | avg train loss 1.8413 top1 0.4110 top5 0.6602
    [16:12:25] step 5400/5625 | avg train loss 1.8410 top1 0.4112 top5 0.6603
    [16:12:30] step 5425/5625 | avg train loss 1.8405 top1 0.4112 top5 0.6606
    [16:12:35] step 5450/5625 | avg train loss 1.8397 top1 0.4114 top5 0.6607
    [16:12:40] step 5475/5625 | avg train loss 1.8390 top1 0.4115 top5 0.6605
    [16:12:45] step 5500/5625 | avg train loss 1.8385 top1 0.4116 top5 0.6608
    [16:12:50] step 5525/5625 | avg train loss 1.8374 top1 0.4114 top5 0.6605
    [16:12:55] step 5550/5625 | avg train loss 1.8374 top1 0.4112 top5 0.6603
    [16:13:01] step 5575/5625 | avg train loss 1.8379 top1 0.4111 top5 0.6602
    [16:13:06] step 5600/5625 | avg train loss 1.8380 top1 0.4113 top5 0.6604
    [16:13:11] step 5625/5625 | avg train loss 1.8385 top1 0.4110 top5 0.6599
[2026-05-31T16:14:39] Epoch 50/50 | train loss 1.8385 top1 0.4110 | val loss 1.7871 top1 0.5039 top5 0.8145 | ema holdout top1 0.5145 top5 0.8221
  No val top1 improvement (6/15); best remains 0.5137
wandb: updating run metadata
wandb: uploading output.log; uploading wandb-summary.json; uploading config.yaml
wandb: uploading output.log
wandb: uploading history steps 11249-11249, summary, console lines 11349-11350
wandb: 
wandb: Run history:
wandb:                epoch ▁▁▁▁▂▂▂▂▂▂▃▃▃▃▃▄▄▄▄▄▅▅▅▅▅▆▆▆▆▆▆▇▇▇▇▇▇███
wandb:                   lr ▂▃▅███████▇▇▇▇▇▆▆▆▆▆▅▅▅▄▄▄▃▃▃▃▂▂▂▂▂▁▁▁▁▁
wandb:     optim/lr/llrd_l0 ▂▃▅▆███████▇▇▇▇▇▆▆▆▆▅▅▅▄▄▄▃▃▃▃▂▂▂▂▂▁▁▁▁▁
wandb:  optim/lr/llrd_l0_nd ▂▃▅▆██████▇▇▇▇▇▆▆▆▆▆▅▅▄▄▄▃▃▃▃▃▂▂▂▂▂▁▁▁▁▁
wandb:     optim/lr/llrd_l1 ▂▄▅▇██████▇▇▇▇▇▆▆▆▆▅▅▅▄▄▄▃▃▃▃▃▂▂▂▂▂▁▁▁▁▁
wandb:    optim/lr/llrd_l10 ▂▄▅▇██████▇▇▇▇▇▆▆▆▆▆▅▅▅▄▄▄▃▃▃▃▂▂▂▂▂▁▁▁▁▁
wandb: optim/lr/llrd_l10_nd ▂▄▅▇███████▇▇▇▇▇▆▆▆▆▅▅▅▅▄▄▄▃▃▃▂▂▂▂▂▁▁▁▁▁
wandb:    optim/lr/llrd_l11 ▂▄▅███████▇▇▇▇▇▆▆▆▆▆▅▅▄▄▄▃▃▃▃▃▂▂▂▂▂▁▁▁▁▁
wandb: optim/lr/llrd_l11_nd ▂▄▅▇███████▇▇▇▇▇▆▆▆▆▅▅▅▅▄▄▄▃▃▃▂▂▂▂▂▁▁▁▁▁
wandb:    optim/lr/llrd_l12 ▂▄▅▇███████▇▇▇▇▆▆▆▆▅▅▅▄▄▄▃▃▃▃▃▂▂▂▂▂▁▁▁▁▁
wandb:                  +65 ...
wandb: 
wandb: Run summary:
wandb:                epoch 50
wandb:                   lr 0.0
wandb:     optim/lr/llrd_l0 0.0
wandb:  optim/lr/llrd_l0_nd 0.0
wandb:     optim/lr/llrd_l1 0.0
wandb:    optim/lr/llrd_l10 0.0
wandb: optim/lr/llrd_l10_nd 0.0
wandb:    optim/lr/llrd_l11 0.0
wandb: optim/lr/llrd_l11_nd 0.0
wandb:    optim/lr/llrd_l12 0.0
wandb:                  +65 ...
wandb: 
wandb: 🚀 View run meanpool-mae150-s44 at: https://wandb.ai/romain-poggi-ecole-polytechnique/smth2smth-frame-ablation/runs/f2u3vwrs
wandb: ⭐️ View project at: https://wandb.ai/romain-poggi-ecole-polytechnique/smth2smth-frame-ablation
wandb: Synced 5 W&B file(s), 0 media file(s), 0 artifact file(s) and 0 other file(s)
wandb: Find logs at: ./wandb/run-20260530_230430-f2u3vwrs/logs
[cuda] cache emptied (run-end). Free: 21.20 / 23.54 GiB
Done. Best val honest top1: 0.5137. Checkpoint: /Data/romain.poggi/smth2smth/checkpoints/track_a/videomaev2+ft/meanpool-mae150-s44.pt
