model:
  name: video_mae_vit
  variant: vit_s
  num_classes: ${num_classes}
  tube_t: 2
  patch_size: 16
  mlp_ratio: 4.0
  drop_path_rate: 0.2
  dropout: 0.5
  head: attn
  head_num_heads: 4
  init_from: null
  interpolate_pos_embed: false
  interpolate_src_image_size: 224
  interpolate_src_num_frames: ${dataset.num_frames}
  gradient_checkpointing: false
  freeze_backbone: false
dataset:
  root: ${hydra:runtime.cwd}/data
  train_dir: ${dataset.root}/train
  val_dir: ${dataset.root}/val
  test_dir: ${dataset.root}/test
  augmented_dirs: []
  test_manifest: null
  submission_output: ${hydra:runtime.cwd}/submissions/track_a.csv
  num_frames: 4
  val_ratio: 0.2
  use_official_val: true
  include_val_in_train: false
  seed: ${seed}
  max_samples: null
  max_samples_per_class: null
  image_size: 224
  time_reversal_prob: 0.0
  temporal_reversal_augment:
    enabled: false
    prob: 0.5
  class_boosting:
    enabled: false
training:
  device: cuda
  batch_size: 16
  epochs: 150
  optimizer: adamw
  lr: 0.0005
  layer_decay: 0.75
  weight_decay: 0.05
  scheduler: cosine
  scheduler_cosine: true
  warmup_epochs: 6
  min_lr: 1.0e-06
  label_smoothing: 0.1
  videomix_mode: mixup_cutmix_switch
  videomix_mixup_alpha: 0.8
  videomix_cutmix_alpha: 1.0
  videomix_prob: 1.0
  videomix_switch_prob: 0.5
  repeated_aug: 2
  amp: true
  amp_dtype: bf16
  ema_enabled: true
  ema_decay: 0.9999
  early_stopping_enabled: true
  early_stopping_patience: 40
  early_stopping_min_delta: 0.001
  num_workers: 4
  log_interval_steps: 100
  checkpoint_path: ${hydra:runtime.cwd}/checkpoints/track_a/ssl/e7_ft.pt
  tta: true
  tta_flip: true
  tta_scales:
  - 0.857
  - 1.0
  - 1.143
  resume_from: ${hydra:runtime.cwd}/checkpoints/track_a/ssl/e7_ft.pt
  resume_apply_cfg_lr: false
augment:
  name: champion_ft
  random_horizontal_flip: true
  random_horizontal_flip_prob: 0.5
  random_crop: true
  crop_padding: 32
  color_jitter: false
  sync_across_frames: true
  randaugment:
    enabled: true
    'n': 2
    m: 9.0
    mode: temporal_plus
    magnitude_max: 30.0
    ops: null
pretrain:
  epochs: 100
  batch_size: 64
  lr: 0.0005
  weight_decay: 0.04
  log_interval_steps: 50
  checkpoint_path: ${hydra:runtime.cwd}/ssl_trunk.pt
  max_frames: null
  image_size: 224
  local_image_size: 96
  num_local_views: 6
  out_dim: 4096
  hidden_dim: 2048
  bottleneck_dim: 256
  n_layers: 3
  teacher_temp: 0.04
  student_temp: 0.1
  center_momentum: 0.9
  teacher_momentum_base: 0.996
  teacher_momentum_final: 1.0
track:
  name: a
  description: 'Closed-world track: train from scratch.'
seed: 42
num_classes: 33

[cuda] cache emptied (run-start). Free: 8.20 / 23.54 GiB
[data] use_official_val=true: train=44993 (train_dir=44993), val=6745 (from /Data/romain.poggi/smth2smth/data/val)
[data] repeated_aug=2: each clip drawn up to 2x per epoch with independent augmentations.
[optim] LLRD: layer_decay=0.75, depth=12, 28 param groups.
[optim] trainable 22,640,289 / total 22,640,289 params (100.00%)
[amp] mixed-precision (torch.bfloat16 + GradScaler) enabled.
[ema] enabled (decay=0.9999); will eval both live and EMA each epoch.
Resuming from checkpoint: /Data/romain.poggi/smth2smth/checkpoints/track_a/ssl/e7_ft.pt
  Resumed at epoch 59/150; best val top1 so far = 0.3898
  Optimizer state restored from checkpoint.
  Cosine scheduler state restored; resumed LR=1.03678e-06
  GradScaler state restored from checkpoint.
  LR after resume: llrd_l0=1.03678e-06, llrd_l0_nd=1.03678e-06, llrd_l1=1.05017e-06, llrd_l1_nd=1.05017e-06, llrd_l2=1.06801e-06, llrd_l2_nd=1.06801e-06, llrd_l3=1.09181e-06, llrd_l3_nd=1.09181e-06, llrd_l4=1.12354e-06, llrd_l4_nd=1.12354e-06, llrd_l5=1.16585e-06, llrd_l5_nd=1.16585e-06, llrd_l6=1.22226e-06, llrd_l6_nd=1.22226e-06, llrd_l7=1.29748e-06, llrd_l7_nd=1.29748e-06, llrd_l8=1.39776e-06, llrd_l8_nd=1.39776e-06, llrd_l9=1.53148e-06, llrd_l9_nd=1.53148e-06, llrd_l10=1.70976e-06, llrd_l10_nd=1.70976e-06, llrd_l11=1.94748e-06, llrd_l11_nd=1.94748e-06, llrd_l12=2.26443e-06, llrd_l12_nd=2.26443e-06, llrd_l13=2.68703e-06, llrd_l13_nd=2.68703e-06 (cosine will step after each train epoch).
    [15:03:31] step 100/2813 | avg train loss 2.1577 top1 0.3194 top5 0.5694
    [15:03:58] step 200/2813 | avg train loss 2.1204 top1 0.3328 top5 0.5916
    [15:04:24] step 300/2813 | avg train loss 2.1140 top1 0.3317 top5 0.5938
    [15:04:51] step 400/2813 | avg train loss 2.1151 top1 0.3306 top5 0.5939
    [15:05:18] step 500/2813 | avg train loss 2.1225 top1 0.3310 top5 0.5962
    [15:05:44] step 600/2813 | avg train loss 2.1015 top1 0.3335 top5 0.5955
    [15:06:11] step 700/2813 | avg train loss 2.1129 top1 0.3315 top5 0.5953
    [15:06:38] step 800/2813 | avg train loss 2.1174 top1 0.3272 top5 0.5938
    [15:07:05] step 900/2813 | avg train loss 2.1136 top1 0.3289 top5 0.5926
    [15:07:32] step 1000/2813 | avg train loss 2.1178 top1 0.3274 top5 0.5893
    [15:07:58] step 1100/2813 | avg train loss 2.1149 top1 0.3278 top5 0.5882
    [15:08:25] step 1200/2813 | avg train loss 2.1148 top1 0.3288 top5 0.5889
    [15:08:51] step 1300/2813 | avg train loss 2.1195 top1 0.3291 top5 0.5917
    [15:09:18] step 1400/2813 | avg train loss 2.1198 top1 0.3310 top5 0.5942
    [15:09:45] step 1500/2813 | avg train loss 2.1146 top1 0.3323 top5 0.5958
    [15:10:12] step 1600/2813 | avg train loss 2.1095 top1 0.3311 top5 0.5946
    [15:10:39] step 1700/2813 | avg train loss 2.1060 top1 0.3322 top5 0.5961
    [15:11:05] step 1800/2813 | avg train loss 2.1116 top1 0.3296 top5 0.5940
    [15:11:31] step 1900/2813 | avg train loss 2.1112 top1 0.3282 top5 0.5922
    [15:11:58] step 2000/2813 | avg train loss 2.1132 top1 0.3270 top5 0.5908
    [15:12:25] step 2100/2813 | avg train loss 2.1149 top1 0.3275 top5 0.5897
    [15:12:52] step 2200/2813 | avg train loss 2.1178 top1 0.3246 top5 0.5866
    [15:13:19] step 2300/2813 | avg train loss 2.1197 top1 0.3262 top5 0.5887
    [15:13:46] step 2400/2813 | avg train loss 2.1209 top1 0.3281 top5 0.5909
    [15:14:12] step 2500/2813 | avg train loss 2.1220 top1 0.3283 top5 0.5916
    [15:14:38] step 2600/2813 | avg train loss 2.1173 top1 0.3283 top5 0.5907
    [15:15:05] step 2700/2813 | avg train loss 2.1159 top1 0.3282 top5 0.5904
    [15:15:32] step 2800/2813 | avg train loss 2.1177 top1 0.3283 top5 0.5910
    [15:15:36] step 2813/2813 | avg train loss 2.1187 top1 0.3283 top5 0.5908
Epoch 60/150 | train loss 2.1187 top1 0.3283 | val loss 2.2198 top1 0.3899 top5 0.7262 | ema val top1 0.3895 top5 0.7272
  No val top1 improvement (1/40); best remains 0.3898
    [15:16:44] step 100/2813 | avg train loss 1.9739 top1 0.3594 top5 0.5887
    [15:17:10] step 200/2813 | avg train loss 2.0142 top1 0.3500 top5 0.5959
    [15:17:37] step 300/2813 | avg train loss 2.0593 top1 0.3423 top5 0.5971
    [15:18:03] step 400/2813 | avg train loss 2.0614 top1 0.3387 top5 0.5928
    [15:18:29] step 500/2813 | avg train loss 2.0690 top1 0.3440 top5 0.6002
    [15:18:56] step 600/2813 | avg train loss 2.0715 top1 0.3419 top5 0.6029
    [15:19:23] step 700/2813 | avg train loss 2.0795 top1 0.3416 top5 0.6036
    [15:19:50] step 800/2813 | avg train loss 2.0858 top1 0.3332 top5 0.5947
    [15:20:16] step 900/2813 | avg train loss 2.0841 top1 0.3302 top5 0.5891
    [15:20:43] step 1000/2813 | avg train loss 2.0754 top1 0.3294 top5 0.5870
    [15:21:10] step 1100/2813 | avg train loss 2.0774 top1 0.3316 top5 0.5882
    [15:21:36] step 1200/2813 | avg train loss 2.0779 top1 0.3311 top5 0.5866
    [15:22:03] step 1300/2813 | avg train loss 2.0738 top1 0.3330 top5 0.5880
    [15:22:30] step 1400/2813 | avg train loss 2.0729 top1 0.3330 top5 0.5878
    [15:22:57] step 1500/2813 | avg train loss 2.0806 top1 0.3347 top5 0.5910
    [15:23:24] step 1600/2813 | avg train loss 2.0802 top1 0.3351 top5 0.5919
    [15:23:51] step 1700/2813 | avg train loss 2.0796 top1 0.3320 top5 0.5888
    [15:24:17] step 1800/2813 | avg train loss 2.0836 top1 0.3311 top5 0.5893
    [15:24:43] step 1900/2813 | avg train loss 2.0858 top1 0.3286 top5 0.5865
    [15:25:10] step 2000/2813 | avg train loss 2.0841 top1 0.3277 top5 0.5850
    [15:25:37] step 2100/2813 | avg train loss 2.0834 top1 0.3272 top5 0.5843
    [15:26:04] step 2200/2813 | avg train loss 2.0844 top1 0.3290 top5 0.5856
    [15:26:31] step 2300/2813 | avg train loss 2.0865 top1 0.3283 top5 0.5855
    [15:26:58] step 2400/2813 | avg train loss 2.0897 top1 0.3271 top5 0.5842
    [15:27:24] step 2500/2813 | avg train loss 2.0890 top1 0.3276 top5 0.5847
    [15:27:51] step 2600/2813 | avg train loss 2.0918 top1 0.3276 top5 0.5851
    [15:28:17] step 2700/2813 | avg train loss 2.0914 top1 0.3274 top5 0.5847
    [15:28:44] step 2800/2813 | avg train loss 2.0915 top1 0.3276 top5 0.5852
    [15:28:47] step 2813/2813 | avg train loss 2.0918 top1 0.3274 top5 0.5852
Epoch 61/150 | train loss 2.0918 top1 0.3274 | val loss 2.2243 top1 0.3868 top5 0.7260 | ema val top1 0.3890 top5 0.7269
  No val top1 improvement (2/40); best remains 0.3898
    [15:29:56] step 100/2813 | avg train loss 2.0843 top1 0.3019 top5 0.5731
    [15:30:23] step 200/2813 | avg train loss 2.1314 top1 0.3019 top5 0.5622
    [15:30:50] step 300/2813 | avg train loss 2.0996 top1 0.3092 top5 0.5748
    [15:31:16] step 400/2813 | avg train loss 2.1081 top1 0.3130 top5 0.5822
    [15:31:42] step 500/2813 | avg train loss 2.1021 top1 0.3177 top5 0.5895
    [15:32:09] step 600/2813 | avg train loss 2.0963 top1 0.3232 top5 0.5896
    [15:32:36] step 700/2813 | avg train loss 2.1080 top1 0.3251 top5 0.5915
    [15:33:03] step 800/2813 | avg train loss 2.0995 top1 0.3249 top5 0.5885
    [15:33:29] step 900/2813 | avg train loss 2.1054 top1 0.3240 top5 0.5900
    [15:33:56] step 1000/2813 | avg train loss 2.1099 top1 0.3217 top5 0.5864
    [15:34:24] step 1100/2813 | avg train loss 2.1092 top1 0.3224 top5 0.5865
    [15:34:50] step 1200/2813 | avg train loss 2.1056 top1 0.3238 top5 0.5879
    [15:35:16] step 1300/2813 | avg train loss 2.1001 top1 0.3247 top5 0.5890
    [15:35:43] step 1400/2813 | avg train loss 2.1058 top1 0.3232 top5 0.5876
    [15:36:10] step 1500/2813 | avg train loss 2.1037 top1 0.3243 top5 0.5877
    [15:36:37] step 1600/2813 | avg train loss 2.0993 top1 0.3254 top5 0.5878
    [15:37:04] step 1700/2813 | avg train loss 2.1018 top1 0.3249 top5 0.5873
    [15:37:31] step 1800/2813 | avg train loss 2.1012 top1 0.3240 top5 0.5853
    [15:37:57] step 1900/2813 | avg train loss 2.0992 top1 0.3238 top5 0.5852
    [15:38:23] step 2000/2813 | avg train loss 2.1061 top1 0.3223 top5 0.5844
    [15:38:50] step 2100/2813 | avg train loss 2.1052 top1 0.3230 top5 0.5859
    [15:39:17] step 2200/2813 | avg train loss 2.1073 top1 0.3232 top5 0.5853
    [15:39:44] step 2300/2813 | avg train loss 2.1097 top1 0.3236 top5 0.5863
    [15:40:11] step 2400/2813 | avg train loss 2.1098 top1 0.3234 top5 0.5855
    [15:40:38] step 2500/2813 | avg train loss 2.1118 top1 0.3241 top5 0.5865
    [15:41:05] step 2600/2813 | avg train loss 2.1054 top1 0.3247 top5 0.5867
    [15:41:31] step 2700/2813 | avg train loss 2.1033 top1 0.3237 top5 0.5849
    [15:41:57] step 2800/2813 | avg train loss 2.1039 top1 0.3242 top5 0.5853
    [15:42:01] step 2813/2813 | avg train loss 2.1043 top1 0.3243 top5 0.5854
Epoch 62/150 | train loss 2.1043 top1 0.3243 | val loss 2.2238 top1 0.3840 top5 0.7275 | ema val top1 0.3878 top5 0.7260
  No val top1 improvement (3/40); best remains 0.3898
    [15:43:10] step 100/2813 | avg train loss 2.2280 top1 0.3088 top5 0.5806
    [15:43:37] step 200/2813 | avg train loss 2.1586 top1 0.3159 top5 0.5844
    [15:44:04] step 300/2813 | avg train loss 2.1646 top1 0.3137 top5 0.5792
    [15:44:31] step 400/2813 | avg train loss 2.1474 top1 0.3172 top5 0.5820
    [15:44:58] step 500/2813 | avg train loss 2.1313 top1 0.3230 top5 0.5849
    [15:45:24] step 600/2813 | avg train loss 2.1198 top1 0.3257 top5 0.5878
    [15:45:51] step 700/2813 | avg train loss 2.1271 top1 0.3271 top5 0.5884
    [15:46:18] step 800/2813 | avg train loss 2.1332 top1 0.3251 top5 0.5862
    [15:46:45] step 900/2813 | avg train loss 2.1347 top1 0.3203 top5 0.5818
    [15:47:12] step 1000/2813 | avg train loss 2.1181 top1 0.3232 top5 0.5850
    [15:47:39] step 1100/2813 | avg train loss 2.1121 top1 0.3228 top5 0.5838
    [15:48:06] step 1200/2813 | avg train loss 2.1053 top1 0.3262 top5 0.5877
    [15:48:32] step 1300/2813 | avg train loss 2.1030 top1 0.3256 top5 0.5879
    [15:48:48] step 1400/2813 | avg train loss 2.1003 top1 0.3214 top5 0.5818
    [15:49:04] step 1500/2813 | avg train loss 2.1027 top1 0.3243 top5 0.5845
    [15:49:21] step 1600/2813 | avg train loss 2.1038 top1 0.3237 top5 0.5839
    [15:49:37] step 1700/2813 | avg train loss 2.0953 top1 0.3252 top5 0.5848
    [15:49:53] step 1800/2813 | avg train loss 2.0961 top1 0.3253 top5 0.5867
    [15:50:09] step 1900/2813 | avg train loss 2.0967 top1 0.3252 top5 0.5856
    [15:50:25] step 2000/2813 | avg train loss 2.0953 top1 0.3242 top5 0.5854
    [15:50:42] step 2100/2813 | avg train loss 2.0978 top1 0.3220 top5 0.5831
    [15:50:58] step 2200/2813 | avg train loss 2.0974 top1 0.3233 top5 0.5845
    [15:51:14] step 2300/2813 | avg train loss 2.0990 top1 0.3252 top5 0.5868
    [15:51:30] step 2400/2813 | avg train loss 2.0999 top1 0.3239 top5 0.5858
    [15:51:46] step 2500/2813 | avg train loss 2.0956 top1 0.3259 top5 0.5878
    [15:52:02] step 2600/2813 | avg train loss 2.0946 top1 0.3251 top5 0.5873
    [15:52:19] step 2700/2813 | avg train loss 2.0959 top1 0.3256 top5 0.5865
    [15:52:35] step 2800/2813 | avg train loss 2.0936 top1 0.3256 top5 0.5860
    [15:52:37] step 2813/2813 | avg train loss 2.0934 top1 0.3261 top5 0.5864
Epoch 63/150 | train loss 2.0934 top1 0.3261 | val loss 2.2228 top1 0.3859 top5 0.7263 | ema val top1 0.3877 top5 0.7257
  No val top1 improvement (4/40); best remains 0.3898
    [15:53:22] step 100/2813 | avg train loss 2.0810 top1 0.2931 top5 0.5481
    [15:53:38] step 200/2813 | avg train loss 2.1159 top1 0.3081 top5 0.5553
    [15:53:55] step 300/2813 | avg train loss 2.1459 top1 0.3023 top5 0.5642
    [15:54:11] step 400/2813 | avg train loss 2.1065 top1 0.3066 top5 0.5686
    [15:54:27] step 500/2813 | avg train loss 2.0933 top1 0.3227 top5 0.5791
    [15:54:43] step 600/2813 | avg train loss 2.0866 top1 0.3199 top5 0.5798
    [15:54:59] step 700/2813 | avg train loss 2.0848 top1 0.3162 top5 0.5738
    [15:55:16] step 800/2813 | avg train loss 2.0785 top1 0.3196 top5 0.5780
    [15:55:32] step 900/2813 | avg train loss 2.0770 top1 0.3150 top5 0.5718
    [15:55:48] step 1000/2813 | avg train loss 2.0816 top1 0.3169 top5 0.5756
    [15:56:04] step 1100/2813 | avg train loss 2.0734 top1 0.3205 top5 0.5805
    [15:56:21] step 1200/2813 | avg train loss 2.0744 top1 0.3215 top5 0.5804
    [15:56:37] step 1300/2813 | avg train loss 2.0789 top1 0.3211 top5 0.5791
    [15:56:53] step 1400/2813 | avg train loss 2.0787 top1 0.3199 top5 0.5782
    [15:57:09] step 1500/2813 | avg train loss 2.0765 top1 0.3198 top5 0.5793
    [15:57:25] step 1600/2813 | avg train loss 2.0786 top1 0.3221 top5 0.5826
    [15:57:42] step 1700/2813 | avg train loss 2.0755 top1 0.3216 top5 0.5816
    [15:57:58] step 1800/2813 | avg train loss 2.0781 top1 0.3224 top5 0.5831
    [15:58:14] step 1900/2813 | avg train loss 2.0767 top1 0.3220 top5 0.5819
    [15:58:30] step 2000/2813 | avg train loss 2.0794 top1 0.3229 top5 0.5833
    [15:58:47] step 2100/2813 | avg train loss 2.0792 top1 0.3235 top5 0.5832
    [15:59:03] step 2200/2813 | avg train loss 2.0776 top1 0.3233 top5 0.5839
    [15:59:19] step 2300/2813 | avg train loss 2.0789 top1 0.3233 top5 0.5842
    [15:59:35] step 2400/2813 | avg train loss 2.0791 top1 0.3232 top5 0.5847
    [15:59:51] step 2500/2813 | avg train loss 2.0810 top1 0.3236 top5 0.5859
    [16:00:08] step 2600/2813 | avg train loss 2.0819 top1 0.3235 top5 0.5854
    [16:00:24] step 2700/2813 | avg train loss 2.0851 top1 0.3240 top5 0.5853
    [16:00:40] step 2800/2813 | avg train loss 2.0872 top1 0.3249 top5 0.5863
    [16:00:42] step 2813/2813 | avg train loss 2.0869 top1 0.3244 top5 0.5858
Epoch 64/150 | train loss 2.0869 top1 0.3244 | val loss 2.2207 top1 0.3865 top5 0.7281 | ema val top1 0.3880 top5 0.7269
  No val top1 improvement (5/40); best remains 0.3898
    [16:01:28] step 100/2813 | avg train loss 2.0741 top1 0.2819 top5 0.5575
    [16:01:44] step 200/2813 | avg train loss 2.0746 top1 0.3047 top5 0.5706
    [16:02:00] step 300/2813 | avg train loss 2.0966 top1 0.3140 top5 0.5800
    [16:02:17] step 400/2813 | avg train loss 2.1092 top1 0.3044 top5 0.5681
    [16:02:33] step 500/2813 | avg train loss 2.1130 top1 0.3099 top5 0.5677
    [16:02:49] step 600/2813 | avg train loss 2.1008 top1 0.3155 top5 0.5722
    [16:03:05] step 700/2813 | avg train loss 2.1128 top1 0.3125 top5 0.5701
    [16:03:21] step 800/2813 | avg train loss 2.1155 top1 0.3124 top5 0.5705
    [16:03:38] step 900/2813 | avg train loss 2.1178 top1 0.3157 top5 0.5746
    [16:03:54] step 1000/2813 | avg train loss 2.1142 top1 0.3197 top5 0.5773
    [16:04:10] step 1100/2813 | avg train loss 2.1147 top1 0.3184 top5 0.5763
    [16:04:26] step 1200/2813 | avg train loss 2.1176 top1 0.3208 top5 0.5797
    [16:04:42] step 1300/2813 | avg train loss 2.1102 top1 0.3212 top5 0.5791
    [16:04:59] step 1400/2813 | avg train loss 2.1077 top1 0.3218 top5 0.5791
    [16:05:15] step 1500/2813 | avg train loss 2.1092 top1 0.3208 top5 0.5789
    [16:05:31] step 1600/2813 | avg train loss 2.1096 top1 0.3216 top5 0.5795
    [16:05:47] step 1700/2813 | avg train loss 2.1055 top1 0.3222 top5 0.5803
    [16:06:03] step 1800/2813 | avg train loss 2.0996 top1 0.3242 top5 0.5808
    [16:06:20] step 1900/2813 | avg train loss 2.1046 top1 0.3238 top5 0.5823
    [16:06:36] step 2000/2813 | avg train loss 2.1004 top1 0.3239 top5 0.5831
    [16:06:52] step 2100/2813 | avg train loss 2.1028 top1 0.3243 top5 0.5830
    [16:07:08] step 2200/2813 | avg train loss 2.1060 top1 0.3255 top5 0.5850
    [16:07:24] step 2300/2813 | avg train loss 2.1131 top1 0.3244 top5 0.5844
    [16:07:41] step 2400/2813 | avg train loss 2.1117 top1 0.3240 top5 0.5841
    [16:07:57] step 2500/2813 | avg train loss 2.1143 top1 0.3245 top5 0.5844
    [16:08:13] step 2600/2813 | avg train loss 2.1141 top1 0.3250 top5 0.5858
    [16:08:29] step 2700/2813 | avg train loss 2.1120 top1 0.3252 top5 0.5854
    [16:08:45] step 2800/2813 | avg train loss 2.1141 top1 0.3255 top5 0.5854
    [16:08:47] step 2813/2813 | avg train loss 2.1146 top1 0.3257 top5 0.5853
Epoch 65/150 | train loss 2.1146 top1 0.3257 | val loss 2.2236 top1 0.3832 top5 0.7250 | ema val top1 0.3875 top5 0.7285
  No val top1 improvement (6/40); best remains 0.3898
    [16:09:32] step 100/2813 | avg train loss 2.1137 top1 0.3294 top5 0.5856
    [16:09:49] step 200/2813 | avg train loss 2.1329 top1 0.3156 top5 0.5653
    [16:10:05] step 300/2813 | avg train loss 2.1179 top1 0.3192 top5 0.5656
    [16:10:21] step 400/2813 | avg train loss 2.1067 top1 0.3225 top5 0.5742
    [16:10:37] step 500/2813 | avg train loss 2.0789 top1 0.3266 top5 0.5779
    [16:10:53] step 600/2813 | avg train loss 2.0804 top1 0.3262 top5 0.5792
    [16:11:10] step 700/2813 | avg train loss 2.0951 top1 0.3235 top5 0.5762
    [16:11:26] step 800/2813 | avg train loss 2.0863 top1 0.3234 top5 0.5752
    [16:11:42] step 900/2813 | avg train loss 2.0808 top1 0.3256 top5 0.5787
    [16:11:58] step 1000/2813 | avg train loss 2.0778 top1 0.3215 top5 0.5761
    [16:12:15] step 1100/2813 | avg train loss 2.0786 top1 0.3239 top5 0.5789
    [16:12:31] step 1200/2813 | avg train loss 2.0812 top1 0.3223 top5 0.5779
    [16:12:47] step 1300/2813 | avg train loss 2.0852 top1 0.3188 top5 0.5748
    [16:13:03] step 1400/2813 | avg train loss 2.0837 top1 0.3218 top5 0.5770
    [16:13:19] step 1500/2813 | avg train loss 2.0838 top1 0.3208 top5 0.5765
    [16:13:36] step 1600/2813 | avg train loss 2.0894 top1 0.3203 top5 0.5764
    [16:13:52] step 1700/2813 | avg train loss 2.0879 top1 0.3205 top5 0.5761
    [16:14:08] step 1800/2813 | avg train loss 2.0853 top1 0.3199 top5 0.5758
    [16:14:24] step 1900/2813 | avg train loss 2.0864 top1 0.3206 top5 0.5758
    [16:14:40] step 2000/2813 | avg train loss 2.0816 top1 0.3226 top5 0.5775
    [16:14:57] step 2100/2813 | avg train loss 2.0781 top1 0.3238 top5 0.5788
    [16:15:13] step 2200/2813 | avg train loss 2.0823 top1 0.3223 top5 0.5770
    [16:15:29] step 2300/2813 | avg train loss 2.0849 top1 0.3212 top5 0.5759
    [16:15:45] step 2400/2813 | avg train loss 2.0837 top1 0.3216 top5 0.5764
    [16:16:01] step 2500/2813 | avg train loss 2.0861 top1 0.3217 top5 0.5763
    [16:16:18] step 2600/2813 | avg train loss 2.0844 top1 0.3226 top5 0.5773
    [16:16:34] step 2700/2813 | avg train loss 2.0828 top1 0.3225 top5 0.5773
    [16:16:50] step 2800/2813 | avg train loss 2.0857 top1 0.3217 top5 0.5776
    [16:16:52] step 2813/2813 | avg train loss 2.0857 top1 0.3212 top5 0.5771
Epoch 66/150 | train loss 2.0857 top1 0.3212 | val loss 2.2271 top1 0.3875 top5 0.7241 | ema val top1 0.3868 top5 0.7274
  No val top1 improvement (7/40); best remains 0.3898
    [16:17:37] step 100/2813 | avg train loss 2.0684 top1 0.3088 top5 0.5425
    [16:17:53] step 200/2813 | avg train loss 2.0542 top1 0.3197 top5 0.5731
    [16:18:09] step 300/2813 | avg train loss 2.0549 top1 0.3202 top5 0.5767
    [16:18:25] step 400/2813 | avg train loss 2.0859 top1 0.3203 top5 0.5819
    [16:18:42] step 500/2813 | avg train loss 2.0687 top1 0.3314 top5 0.5893
    [16:18:58] step 600/2813 | avg train loss 2.0813 top1 0.3261 top5 0.5814
    [16:19:14] step 700/2813 | avg train loss 2.0693 top1 0.3299 top5 0.5824
    [16:19:30] step 800/2813 | avg train loss 2.0752 top1 0.3305 top5 0.5851
    [16:19:47] step 900/2813 | avg train loss 2.0865 top1 0.3281 top5 0.5826
    [16:20:03] step 1000/2813 | avg train loss 2.0857 top1 0.3283 top5 0.5828
    [16:20:19] step 1100/2813 | avg train loss 2.0826 top1 0.3263 top5 0.5799
    [16:20:35] step 1200/2813 | avg train loss 2.0828 top1 0.3251 top5 0.5782
    [16:20:51] step 1300/2813 | avg train loss 2.0875 top1 0.3225 top5 0.5759
    [16:21:07] step 1400/2813 | avg train loss 2.0874 top1 0.3216 top5 0.5735
    [16:21:24] step 1500/2813 | avg train loss 2.0895 top1 0.3192 top5 0.5719
    [16:21:40] step 1600/2813 | avg train loss 2.0930 top1 0.3190 top5 0.5723
    [16:21:56] step 1700/2813 | avg train loss 2.0951 top1 0.3187 top5 0.5731
    [16:22:12] step 1800/2813 | avg train loss 2.0959 top1 0.3193 top5 0.5737
    [16:22:28] step 1900/2813 | avg train loss 2.0938 top1 0.3196 top5 0.5740
    [16:22:45] step 2000/2813 | avg train loss 2.0950 top1 0.3187 top5 0.5729
    [16:23:01] step 2100/2813 | avg train loss 2.0980 top1 0.3199 top5 0.5751
    [16:23:17] step 2200/2813 | avg train loss 2.0949 top1 0.3211 top5 0.5776
    [16:23:33] step 2300/2813 | avg train loss 2.0947 top1 0.3221 top5 0.5782
    [16:23:49] step 2400/2813 | avg train loss 2.0962 top1 0.3210 top5 0.5771
    [16:24:06] step 2500/2813 | avg train loss 2.0968 top1 0.3211 top5 0.5774
    [16:24:22] step 2600/2813 | avg train loss 2.0916 top1 0.3229 top5 0.5787
    [16:24:38] step 2700/2813 | avg train loss 2.0895 top1 0.3232 top5 0.5793
    [16:24:54] step 2800/2813 | avg train loss 2.0854 top1 0.3240 top5 0.5804
    [16:24:56] step 2813/2813 | avg train loss 2.0861 top1 0.3243 top5 0.5807
Epoch 67/150 | train loss 2.0861 top1 0.3243 | val loss 2.2261 top1 0.3895 top5 0.7228 | ema val top1 0.3867 top5 0.7269
  No val top1 improvement (8/40); best remains 0.3898
    [16:25:40] step 100/2813 | avg train loss 2.1252 top1 0.3544 top5 0.6306
    [16:25:56] step 200/2813 | avg train loss 2.1066 top1 0.3344 top5 0.6078
    [16:26:12] step 300/2813 | avg train loss 2.1225 top1 0.3212 top5 0.5933
    [16:26:28] step 400/2813 | avg train loss 2.1142 top1 0.3259 top5 0.5977
    [16:26:45] step 500/2813 | avg train loss 2.1001 top1 0.3300 top5 0.5990
    [16:27:01] step 600/2813 | avg train loss 2.1172 top1 0.3295 top5 0.5983
    [16:27:17] step 700/2813 | avg train loss 2.1093 top1 0.3209 top5 0.5865
    [16:27:33] step 800/2813 | avg train loss 2.1060 top1 0.3205 top5 0.5853
    [16:27:49] step 900/2813 | avg train loss 2.1123 top1 0.3219 top5 0.5863
    [16:28:06] step 1000/2813 | avg train loss 2.1154 top1 0.3222 top5 0.5897
    [16:28:22] step 1100/2813 | avg train loss 2.1118 top1 0.3185 top5 0.5861
    [16:28:38] step 1200/2813 | avg train loss 2.1095 top1 0.3208 top5 0.5889
    [16:28:54] step 1300/2813 | avg train loss 2.1113 top1 0.3234 top5 0.5913
    [16:29:10] step 1400/2813 | avg train loss 2.1112 top1 0.3275 top5 0.5939
    [16:29:27] step 1500/2813 | avg train loss 2.1095 top1 0.3269 top5 0.5920
    [16:29:43] step 1600/2813 | avg train loss 2.1144 top1 0.3243 top5 0.5895
    [16:29:59] step 1700/2813 | avg train loss 2.1186 top1 0.3253 top5 0.5912
    [16:30:15] step 1800/2813 | avg train loss 2.1128 top1 0.3252 top5 0.5909
    [16:30:31] step 1900/2813 | avg train loss 2.1133 top1 0.3248 top5 0.5905
    [16:30:48] step 2000/2813 | avg train loss 2.1133 top1 0.3264 top5 0.5915
    [16:31:04] step 2100/2813 | avg train loss 2.1133 top1 0.3267 top5 0.5923
    [16:31:20] step 2200/2813 | avg train loss 2.1075 top1 0.3283 top5 0.5938
    [16:31:36] step 2300/2813 | avg train loss 2.1084 top1 0.3262 top5 0.5922
    [16:31:52] step 2400/2813 | avg train loss 2.1078 top1 0.3280 top5 0.5939
    [16:32:09] step 2500/2813 | avg train loss 2.1097 top1 0.3273 top5 0.5934
    [16:32:25] step 2600/2813 | avg train loss 2.1066 top1 0.3251 top5 0.5907
    [16:32:41] step 2700/2813 | avg train loss 2.1105 top1 0.3242 top5 0.5893
    [16:32:57] step 2800/2813 | avg train loss 2.1099 top1 0.3236 top5 0.5882
    [16:32:59] step 2813/2813 | avg train loss 2.1101 top1 0.3234 top5 0.5880
Epoch 68/150 | train loss 2.1101 top1 0.3234 | val loss 2.2269 top1 0.3877 top5 0.7208 | ema val top1 0.3878 top5 0.7269
  No val top1 improvement (9/40); best remains 0.3898
    [16:33:43] step 100/2813 | avg train loss 2.0798 top1 0.3131 top5 0.5663
    [16:34:00] step 200/2813 | avg train loss 2.0519 top1 0.3125 top5 0.5728
    [16:34:16] step 300/2813 | avg train loss 2.0711 top1 0.3262 top5 0.5779
    [16:34:32] step 400/2813 | avg train loss 2.0905 top1 0.3202 top5 0.5713
    [16:34:48] step 500/2813 | avg train loss 2.1031 top1 0.3291 top5 0.5829
    [16:35:05] step 600/2813 | avg train loss 2.1037 top1 0.3242 top5 0.5776
    [16:35:21] step 700/2813 | avg train loss 2.1019 top1 0.3233 top5 0.5797
    [16:35:37] step 800/2813 | avg train loss 2.1024 top1 0.3209 top5 0.5777
    [16:35:53] step 900/2813 | avg train loss 2.1021 top1 0.3189 top5 0.5781
    [16:36:09] step 1000/2813 | avg train loss 2.0925 top1 0.3177 top5 0.5741
    [16:36:26] step 1100/2813 | avg train loss 2.0894 top1 0.3200 top5 0.5746
    [16:36:42] step 1200/2813 | avg train loss 2.0833 top1 0.3205 top5 0.5745
    [16:36:58] step 1300/2813 | avg train loss 2.0813 top1 0.3200 top5 0.5743
    [16:37:14] step 1400/2813 | avg train loss 2.0818 top1 0.3227 top5 0.5768
    [16:37:31] step 1500/2813 | avg train loss 2.0864 top1 0.3228 top5 0.5753
    [16:37:47] step 1600/2813 | avg train loss 2.0887 top1 0.3230 top5 0.5763
    [16:38:03] step 1700/2813 | avg train loss 2.0976 top1 0.3225 top5 0.5767
    [16:38:19] step 1800/2813 | avg train loss 2.0982 top1 0.3226 top5 0.5764
    [16:38:36] step 1900/2813 | avg train loss 2.0930 top1 0.3226 top5 0.5754
    [16:38:52] step 2000/2813 | avg train loss 2.0943 top1 0.3228 top5 0.5752
    [16:39:08] step 2100/2813 | avg train loss 2.0970 top1 0.3215 top5 0.5737
    [16:39:24] step 2200/2813 | avg train loss 2.0931 top1 0.3212 top5 0.5735
    [16:39:40] step 2300/2813 | avg train loss 2.0929 top1 0.3212 top5 0.5737
    [16:39:57] step 2400/2813 | avg train loss 2.0935 top1 0.3202 top5 0.5730
    [16:40:13] step 2500/2813 | avg train loss 2.0953 top1 0.3207 top5 0.5727
    [16:40:29] step 2600/2813 | avg train loss 2.0970 top1 0.3217 top5 0.5739
    [16:40:45] step 2700/2813 | avg train loss 2.0943 top1 0.3215 top5 0.5728
    [16:41:01] step 2800/2813 | avg train loss 2.0940 top1 0.3218 top5 0.5744
    [16:41:03] step 2813/2813 | avg train loss 2.0942 top1 0.3219 top5 0.5741
Epoch 69/150 | train loss 2.0942 top1 0.3219 | val loss 2.2334 top1 0.3846 top5 0.7192 | ema val top1 0.3877 top5 0.7271
  No val top1 improvement (10/40); best remains 0.3898
    [16:41:47] step 100/2813 | avg train loss 2.1659 top1 0.3144 top5 0.5769
    [16:42:03] step 200/2813 | avg train loss 2.1246 top1 0.3344 top5 0.5844
    [16:42:19] step 300/2813 | avg train loss 2.0970 top1 0.3350 top5 0.5944
    [16:42:35] step 400/2813 | avg train loss 2.0953 top1 0.3314 top5 0.5920
    [16:42:51] step 500/2813 | avg train loss 2.0888 top1 0.3280 top5 0.5904
    [16:43:08] step 600/2813 | avg train loss 2.0827 top1 0.3306 top5 0.5851
    [16:43:24] step 700/2813 | avg train loss 2.0843 top1 0.3281 top5 0.5845
    [16:43:40] step 800/2813 | avg train loss 2.0790 top1 0.3277 top5 0.5846
    [16:43:56] step 900/2813 | avg train loss 2.0823 top1 0.3269 top5 0.5850
    [16:44:13] step 1000/2813 | avg train loss 2.0864 top1 0.3295 top5 0.5885
    [16:44:29] step 1100/2813 | avg train loss 2.0894 top1 0.3274 top5 0.5876
    [16:44:45] step 1200/2813 | avg train loss 2.0964 top1 0.3239 top5 0.5825
    [16:45:01] step 1300/2813 | avg train loss 2.0988 top1 0.3233 top5 0.5809
    [16:45:17] step 1400/2813 | avg train loss 2.0925 top1 0.3226 top5 0.5788
    [16:45:34] step 1500/2813 | avg train loss 2.0924 top1 0.3217 top5 0.5776
    [16:45:50] step 1600/2813 | avg train loss 2.0968 top1 0.3199 top5 0.5753
    [16:46:06] step 1700/2813 | avg train loss 2.0924 top1 0.3208 top5 0.5756
    [16:46:22] step 1800/2813 | avg train loss 2.0946 top1 0.3207 top5 0.5753
    [16:46:38] step 1900/2813 | avg train loss 2.0947 top1 0.3228 top5 0.5773
    [16:46:55] step 2000/2813 | avg train loss 2.0906 top1 0.3235 top5 0.5786
    [16:47:11] step 2100/2813 | avg train loss 2.0931 top1 0.3240 top5 0.5802
    [16:47:27] step 2200/2813 | avg train loss 2.0944 top1 0.3236 top5 0.5796
    [16:47:43] step 2300/2813 | avg train loss 2.1006 top1 0.3241 top5 0.5807
    [16:48:00] step 2400/2813 | avg train loss 2.1023 top1 0.3247 top5 0.5814
    [16:48:16] step 2500/2813 | avg train loss 2.1012 top1 0.3242 top5 0.5805
    [16:48:32] step 2600/2813 | avg train loss 2.1003 top1 0.3236 top5 0.5803
    [16:48:48] step 2700/2813 | avg train loss 2.0960 top1 0.3246 top5 0.5817
    [16:49:04] step 2800/2813 | avg train loss 2.0976 top1 0.3252 top5 0.5825
    [16:49:06] step 2813/2813 | avg train loss 2.0980 top1 0.3251 top5 0.5826
Epoch 70/150 | train loss 2.0980 top1 0.3251 | val loss 2.2252 top1 0.3862 top5 0.7223 | ema val top1 0.3890 top5 0.7265
  No val top1 improvement (11/40); best remains 0.3898
    [16:49:50] step 100/2813 | avg train loss 2.1128 top1 0.3519 top5 0.5844
    [16:50:06] step 200/2813 | avg train loss 2.1579 top1 0.3387 top5 0.5900
    [16:50:22] step 300/2813 | avg train loss 2.1395 top1 0.3325 top5 0.5890
    [16:50:38] step 400/2813 | avg train loss 2.1267 top1 0.3448 top5 0.6028
    [16:50:55] step 500/2813 | avg train loss 2.1364 top1 0.3346 top5 0.5915
    [16:51:11] step 600/2813 | avg train loss 2.1319 top1 0.3277 top5 0.5820
    [16:51:27] step 700/2813 | avg train loss 2.1356 top1 0.3239 top5 0.5776
    [16:51:43] step 800/2813 | avg train loss 2.1278 top1 0.3222 top5 0.5728
    [16:51:59] step 900/2813 | avg train loss 2.1203 top1 0.3206 top5 0.5728
    [16:52:15] step 1000/2813 | avg train loss 2.1234 top1 0.3204 top5 0.5743
    [16:52:32] step 1100/2813 | avg train loss 2.1162 top1 0.3189 top5 0.5718
    [16:52:48] step 1200/2813 | avg train loss 2.1144 top1 0.3214 top5 0.5760
    [16:53:04] step 1300/2813 | avg train loss 2.1029 top1 0.3242 top5 0.5766
    [16:53:20] step 1400/2813 | avg train loss 2.0985 top1 0.3212 top5 0.5741
    [16:53:34] step 1500/2813 | avg train loss 2.1039 top1 0.3214 top5 0.5749
    [16:53:51] step 1600/2813 | avg train loss 2.1040 top1 0.3220 top5 0.5761
    [16:54:07] step 1700/2813 | avg train loss 2.1084 top1 0.3229 top5 0.5763
    [16:54:23] step 1800/2813 | avg train loss 2.1096 top1 0.3247 top5 0.5786
    [16:54:39] step 1900/2813 | avg train loss 2.1082 top1 0.3266 top5 0.5800
    [16:54:55] step 2000/2813 | avg train loss 2.1103 top1 0.3257 top5 0.5792
    [16:55:11] step 2100/2813 | avg train loss 2.1054 top1 0.3257 top5 0.5786
    [16:55:28] step 2200/2813 | avg train loss 2.1044 top1 0.3253 top5 0.5784
    [16:55:44] step 2300/2813 | avg train loss 2.1017 top1 0.3268 top5 0.5789
    [16:56:00] step 2400/2813 | avg train loss 2.0981 top1 0.3273 top5 0.5798
    [16:56:16] step 2500/2813 | avg train loss 2.0975 top1 0.3272 top5 0.5800
    [16:56:32] step 2600/2813 | avg train loss 2.0937 top1 0.3277 top5 0.5799
    [16:56:49] step 2700/2813 | avg train loss 2.0938 top1 0.3266 top5 0.5794
    [16:57:05] step 2800/2813 | avg train loss 2.0945 top1 0.3275 top5 0.5804
    [16:57:07] step 2813/2813 | avg train loss 2.0935 top1 0.3276 top5 0.5805
Epoch 71/150 | train loss 2.0935 top1 0.3276 | val loss 2.2286 top1 0.3884 top5 0.7220 | ema val top1 0.3881 top5 0.7266
  No val top1 improvement (12/40); best remains 0.3898
    [16:57:50] step 100/2813 | avg train loss 2.1002 top1 0.3400 top5 0.6000
    [16:58:06] step 200/2813 | avg train loss 2.1338 top1 0.3444 top5 0.6022
    [16:58:22] step 300/2813 | avg train loss 2.1459 top1 0.3392 top5 0.5998
    [16:58:38] step 400/2813 | avg train loss 2.1413 top1 0.3295 top5 0.5872
    [16:58:54] step 500/2813 | avg train loss 2.1196 top1 0.3311 top5 0.5857
    [16:59:10] step 600/2813 | avg train loss 2.1089 top1 0.3328 top5 0.5908
    [16:59:26] step 700/2813 | avg train loss 2.1201 top1 0.3252 top5 0.5840
    [16:59:43] step 800/2813 | avg train loss 2.1165 top1 0.3230 top5 0.5788
    [16:59:59] step 900/2813 | avg train loss 2.1031 top1 0.3275 top5 0.5848
    [17:00:15] step 1000/2813 | avg train loss 2.0992 top1 0.3272 top5 0.5839
    [17:00:31] step 1100/2813 | avg train loss 2.1064 top1 0.3277 top5 0.5843
    [17:00:48] step 1200/2813 | avg train loss 2.1053 top1 0.3260 top5 0.5813
    [17:01:04] step 1300/2813 | avg train loss 2.1008 top1 0.3248 top5 0.5790
    [17:01:20] step 1400/2813 | avg train loss 2.0978 top1 0.3254 top5 0.5798
    [17:01:36] step 1500/2813 | avg train loss 2.0981 top1 0.3254 top5 0.5809
    [17:01:52] step 1600/2813 | avg train loss 2.0997 top1 0.3259 top5 0.5820
    [17:02:08] step 1700/2813 | avg train loss 2.0983 top1 0.3265 top5 0.5840
    [17:02:25] step 1800/2813 | avg train loss 2.1069 top1 0.3254 top5 0.5833
    [17:02:41] step 1900/2813 | avg train loss 2.1123 top1 0.3255 top5 0.5837
    [17:02:57] step 2000/2813 | avg train loss 2.1122 top1 0.3262 top5 0.5846
    [17:03:13] step 2100/2813 | avg train loss 2.1106 top1 0.3268 top5 0.5856
    [17:03:29] step 2200/2813 | avg train loss 2.1091 top1 0.3273 top5 0.5857
    [17:03:46] step 2300/2813 | avg train loss 2.1087 top1 0.3276 top5 0.5865
    [17:04:02] step 2400/2813 | avg train loss 2.1062 top1 0.3270 top5 0.5859
    [17:04:18] step 2500/2813 | avg train loss 2.1040 top1 0.3278 top5 0.5860
    [17:04:34] step 2600/2813 | avg train loss 2.1041 top1 0.3285 top5 0.5865
    [17:04:50] step 2700/2813 | avg train loss 2.1043 top1 0.3282 top5 0.5866
    [17:05:06] step 2800/2813 | avg train loss 2.1048 top1 0.3270 top5 0.5847
    [17:05:08] step 2813/2813 | avg train loss 2.1061 top1 0.3270 top5 0.5848
Epoch 72/150 | train loss 2.1061 top1 0.3270 | val loss 2.2396 top1 0.3824 top5 0.7145 | ema val top1 0.3892 top5 0.7268
  No val top1 improvement (13/40); best remains 0.3898
    [17:05:51] step 100/2813 | avg train loss 2.0977 top1 0.2981 top5 0.5556
    [17:06:08] step 200/2813 | avg train loss 2.1089 top1 0.3334 top5 0.5934
    [17:06:24] step 300/2813 | avg train loss 2.1008 top1 0.3212 top5 0.5790
    [17:06:40] step 400/2813 | avg train loss 2.0931 top1 0.3216 top5 0.5766
    [17:06:56] step 500/2813 | avg train loss 2.0732 top1 0.3124 top5 0.5639
    [17:07:12] step 600/2813 | avg train loss 2.0734 top1 0.3173 top5 0.5694
    [17:07:29] step 700/2813 | avg train loss 2.0842 top1 0.3147 top5 0.5671
    [17:07:45] step 800/2813 | avg train loss 2.0722 top1 0.3137 top5 0.5676
    [17:08:01] step 900/2813 | avg train loss 2.0799 top1 0.3148 top5 0.5696
    [17:08:17] step 1000/2813 | avg train loss 2.0830 top1 0.3137 top5 0.5694
    [17:08:33] step 1100/2813 | avg train loss 2.0847 top1 0.3157 top5 0.5724
    [17:08:49] step 1200/2813 | avg train loss 2.0923 top1 0.3179 top5 0.5753
    [17:09:06] step 1300/2813 | avg train loss 2.0949 top1 0.3190 top5 0.5770
    [17:09:22] step 1400/2813 | avg train loss 2.0954 top1 0.3204 top5 0.5786
    [17:09:38] step 1500/2813 | avg train loss 2.0981 top1 0.3231 top5 0.5803
    [17:09:54] step 1600/2813 | avg train loss 2.0989 top1 0.3223 top5 0.5800
    [17:10:10] step 1700/2813 | avg train loss 2.0952 top1 0.3232 top5 0.5795
    [17:10:27] step 1800/2813 | avg train loss 2.0906 top1 0.3264 top5 0.5821
    [17:10:43] step 1900/2813 | avg train loss 2.0942 top1 0.3246 top5 0.5812
    [17:10:59] step 2000/2813 | avg train loss 2.0998 top1 0.3240 top5 0.5812
    [17:11:15] step 2100/2813 | avg train loss 2.1001 top1 0.3231 top5 0.5808
    [17:11:31] step 2200/2813 | avg train loss 2.0986 top1 0.3233 top5 0.5800
    [17:11:47] step 2300/2813 | avg train loss 2.1004 top1 0.3240 top5 0.5804
    [17:12:04] step 2400/2813 | avg train loss 2.1009 top1 0.3243 top5 0.5802
    [17:12:20] step 2500/2813 | avg train loss 2.1038 top1 0.3244 top5 0.5818
    [17:12:36] step 2600/2813 | avg train loss 2.1047 top1 0.3225 top5 0.5795
    [17:12:52] step 2700/2813 | avg train loss 2.1031 top1 0.3221 top5 0.5786
    [17:13:08] step 2800/2813 | avg train loss 2.1010 top1 0.3211 top5 0.5777
    [17:13:10] step 2813/2813 | avg train loss 2.0998 top1 0.3212 top5 0.5780
Epoch 73/150 | train loss 2.0998 top1 0.3212 | val loss 2.2424 top1 0.3804 top5 0.7210 | ema val top1 0.3884 top5 0.7236
  No val top1 improvement (14/40); best remains 0.3898
    [17:13:54] step 100/2813 | avg train loss 2.1463 top1 0.3444 top5 0.6075
    [17:14:10] step 200/2813 | avg train loss 2.1035 top1 0.3406 top5 0.5975
    [17:14:26] step 300/2813 | avg train loss 2.1087 top1 0.3362 top5 0.5952
    [17:14:43] step 400/2813 | avg train loss 2.1050 top1 0.3347 top5 0.5913
    [17:14:59] step 500/2813 | avg train loss 2.1014 top1 0.3352 top5 0.5942
    [17:15:15] step 600/2813 | avg train loss 2.1101 top1 0.3266 top5 0.5860
    [17:15:31] step 700/2813 | avg train loss 2.1108 top1 0.3290 top5 0.5892
    [17:15:47] step 800/2813 | avg train loss 2.1067 top1 0.3304 top5 0.5938
    [17:16:03] step 900/2813 | avg train loss 2.0926 top1 0.3292 top5 0.5910
    [17:16:20] step 1000/2813 | avg train loss 2.0955 top1 0.3323 top5 0.5936
    [17:16:36] step 1100/2813 | avg train loss 2.0989 top1 0.3310 top5 0.5912
    [17:16:52] step 1200/2813 | avg train loss 2.1036 top1 0.3291 top5 0.5888
    [17:17:08] step 1300/2813 | avg train loss 2.1076 top1 0.3265 top5 0.5867
    [17:17:24] step 1400/2813 | avg train loss 2.1124 top1 0.3276 top5 0.5875
    [17:17:40] step 1500/2813 | avg train loss 2.1159 top1 0.3264 top5 0.5864
    [17:17:56] step 1600/2813 | avg train loss 2.1145 top1 0.3263 top5 0.5863
    [17:18:13] step 1700/2813 | avg train loss 2.1098 top1 0.3246 top5 0.5852
    [17:18:29] step 1800/2813 | avg train loss 2.1079 top1 0.3240 top5 0.5840
    [17:18:45] step 1900/2813 | avg train loss 2.1087 top1 0.3235 top5 0.5842
    [17:19:01] step 2000/2813 | avg train loss 2.1114 top1 0.3233 top5 0.5832
    [17:19:17] step 2100/2813 | avg train loss 2.1122 top1 0.3237 top5 0.5838
    [17:19:34] step 2200/2813 | avg train loss 2.1151 top1 0.3242 top5 0.5837
    [17:19:50] step 2300/2813 | avg train loss 2.1162 top1 0.3235 top5 0.5817
    [17:20:06] step 2400/2813 | avg train loss 2.1162 top1 0.3228 top5 0.5806
    [17:20:22] step 2500/2813 | avg train loss 2.1158 top1 0.3232 top5 0.5809
    [17:20:38] step 2600/2813 | avg train loss 2.1149 top1 0.3224 top5 0.5792
    [17:20:55] step 2700/2813 | avg train loss 2.1170 top1 0.3219 top5 0.5790
    [17:21:11] step 2800/2813 | avg train loss 2.1174 top1 0.3208 top5 0.5780
    [17:21:13] step 2813/2813 | avg train loss 2.1169 top1 0.3208 top5 0.5779
Epoch 74/150 | train loss 2.1169 top1 0.3208 | val loss 2.2698 top1 0.3752 top5 0.7094 | ema val top1 0.3877 top5 0.7236
  No val top1 improvement (15/40); best remains 0.3898
    [17:21:57] step 100/2813 | avg train loss 2.1674 top1 0.3150 top5 0.5687
    [17:22:13] step 200/2813 | avg train loss 2.1574 top1 0.3366 top5 0.5913
    [17:22:29] step 300/2813 | avg train loss 2.1225 top1 0.3346 top5 0.5921
    [17:22:45] step 400/2813 | avg train loss 2.1099 top1 0.3286 top5 0.5855
    [17:23:01] step 500/2813 | avg train loss 2.1236 top1 0.3304 top5 0.5875
    [17:23:18] step 600/2813 | avg train loss 2.1225 top1 0.3293 top5 0.5854
    [17:23:34] step 700/2813 | avg train loss 2.1297 top1 0.3328 top5 0.5888
    [17:23:50] step 800/2813 | avg train loss 2.1400 top1 0.3344 top5 0.5901
    [17:24:06] step 900/2813 | avg train loss 2.1327 top1 0.3314 top5 0.5858
    [17:24:23] step 1000/2813 | avg train loss 2.1337 top1 0.3279 top5 0.5839
    [17:24:39] step 1100/2813 | avg train loss 2.1361 top1 0.3306 top5 0.5892
    [17:24:55] step 1200/2813 | avg train loss 2.1383 top1 0.3276 top5 0.5867
    [17:25:11] step 1300/2813 | avg train loss 2.1410 top1 0.3279 top5 0.5881
    [17:25:27] step 1400/2813 | avg train loss 2.1433 top1 0.3281 top5 0.5892
    [17:25:44] step 1500/2813 | avg train loss 2.1420 top1 0.3278 top5 0.5890
    [17:26:00] step 1600/2813 | avg train loss 2.1457 top1 0.3304 top5 0.5920
    [17:26:16] step 1700/2813 | avg train loss 2.1453 top1 0.3268 top5 0.5886
    [17:26:32] step 1800/2813 | avg train loss 2.1432 top1 0.3242 top5 0.5860
    [17:26:49] step 1900/2813 | avg train loss 2.1427 top1 0.3227 top5 0.5848
    [17:27:05] step 2000/2813 | avg train loss 2.1444 top1 0.3215 top5 0.5834
    [17:27:21] step 2100/2813 | avg train loss 2.1475 top1 0.3201 top5 0.5818
    [17:27:37] step 2200/2813 | avg train loss 2.1434 top1 0.3197 top5 0.5814
    [17:27:53] step 2300/2813 | avg train loss 2.1420 top1 0.3212 top5 0.5833
    [17:28:09] step 2400/2813 | avg train loss 2.1422 top1 0.3214 top5 0.5834
    [17:28:26] step 2500/2813 | avg train loss 2.1393 top1 0.3218 top5 0.5842
    [17:28:42] step 2600/2813 | avg train loss 2.1388 top1 0.3219 top5 0.5835
    [17:28:58] step 2700/2813 | avg train loss 2.1358 top1 0.3240 top5 0.5852
    [17:29:14] step 2800/2813 | avg train loss 2.1350 top1 0.3252 top5 0.5854
    [17:29:16] step 2813/2813 | avg train loss 2.1346 top1 0.3251 top5 0.5854
Epoch 75/150 | train loss 2.1346 top1 0.3251 | val loss 2.2506 top1 0.3770 top5 0.7219 | ema val top1 0.3874 top5 0.7265
  No val top1 improvement (16/40); best remains 0.3898
    [17:29:59] step 100/2813 | avg train loss 2.1246 top1 0.3425 top5 0.6181
    [17:30:16] step 200/2813 | avg train loss 2.1321 top1 0.3425 top5 0.6116
    [17:30:32] step 300/2813 | avg train loss 2.1431 top1 0.3304 top5 0.6067
    [17:30:48] step 400/2813 | avg train loss 2.1587 top1 0.3253 top5 0.6002
    [17:31:04] step 500/2813 | avg train loss 2.1490 top1 0.3171 top5 0.5907
    [17:31:20] step 600/2813 | avg train loss 2.1463 top1 0.3167 top5 0.5892
    [17:31:36] step 700/2813 | avg train loss 2.1509 top1 0.3144 top5 0.5863
    [17:31:52] step 800/2813 | avg train loss 2.1598 top1 0.3163 top5 0.5871
    [17:32:09] step 900/2813 | avg train loss 2.1479 top1 0.3199 top5 0.5908
    [17:32:25] step 1000/2813 | avg train loss 2.1495 top1 0.3236 top5 0.5954
    [17:32:41] step 1100/2813 | avg train loss 2.1496 top1 0.3214 top5 0.5921
    [17:32:57] step 1200/2813 | avg train loss 2.1407 top1 0.3215 top5 0.5914
    [17:33:13] step 1300/2813 | avg train loss 2.1351 top1 0.3226 top5 0.5917
    [17:33:30] step 1400/2813 | avg train loss 2.1357 top1 0.3220 top5 0.5892
    [17:33:46] step 1500/2813 | avg train loss 2.1446 top1 0.3192 top5 0.5846
    [17:34:02] step 1600/2813 | avg train loss 2.1415 top1 0.3181 top5 0.5828
    [17:34:18] step 1700/2813 | avg train loss 2.1406 top1 0.3169 top5 0.5818
    [17:34:34] step 1800/2813 | avg train loss 2.1360 top1 0.3182 top5 0.5843
    [17:34:50] step 1900/2813 | avg train loss 2.1367 top1 0.3167 top5 0.5831
    [17:35:07] step 2000/2813 | avg train loss 2.1374 top1 0.3167 top5 0.5825
    [17:35:23] step 2100/2813 | avg train loss 2.1368 top1 0.3171 top5 0.5824
    [17:35:39] step 2200/2813 | avg train loss 2.1376 top1 0.3163 top5 0.5819
    [17:35:55] step 2300/2813 | avg train loss 2.1369 top1 0.3160 top5 0.5810
    [17:36:11] step 2400/2813 | avg train loss 2.1373 top1 0.3155 top5 0.5801
    [17:36:27] step 2500/2813 | avg train loss 2.1295 top1 0.3165 top5 0.5808
    [17:36:44] step 2600/2813 | avg train loss 2.1334 top1 0.3165 top5 0.5817
    [17:36:59] step 2700/2813 | avg train loss 2.1310 top1 0.3172 top5 0.5810
    [17:37:14] step 2800/2813 | avg train loss 2.1339 top1 0.3167 top5 0.5810
    [17:37:16] step 2813/2813 | avg train loss 2.1345 top1 0.3168 top5 0.5814
Epoch 76/150 | train loss 2.1345 top1 0.3168 | val loss 2.2773 top1 0.3727 top5 0.7131 | ema val top1 0.3877 top5 0.7250
  No val top1 improvement (17/40); best remains 0.3898
    [17:38:00] step 100/2813 | avg train loss 2.1444 top1 0.3056 top5 0.5763
    [17:38:16] step 200/2813 | avg train loss 2.1856 top1 0.3109 top5 0.5813
    [17:38:32] step 300/2813 | avg train loss 2.1349 top1 0.3208 top5 0.5856
    [17:38:49] step 400/2813 | avg train loss 2.1353 top1 0.3223 top5 0.5841
    [17:39:05] step 500/2813 | avg train loss 2.1445 top1 0.3302 top5 0.5934
    [17:39:21] step 600/2813 | avg train loss 2.1479 top1 0.3260 top5 0.5899
    [17:39:37] step 700/2813 | avg train loss 2.1356 top1 0.3314 top5 0.5961
    [17:39:53] step 800/2813 | avg train loss 2.1341 top1 0.3321 top5 0.5955
    [17:40:10] step 900/2813 | avg train loss 2.1427 top1 0.3301 top5 0.5938
    [17:40:26] step 1000/2813 | avg train loss 2.1406 top1 0.3289 top5 0.5933
    [17:40:42] step 1100/2813 | avg train loss 2.1379 top1 0.3259 top5 0.5902
    [17:40:58] step 1200/2813 | avg train loss 2.1288 top1 0.3259 top5 0.5889
    [17:41:15] step 1300/2813 | avg train loss 2.1257 top1 0.3253 top5 0.5887
    [17:41:31] step 1400/2813 | avg train loss 2.1261 top1 0.3257 top5 0.5893
    [17:41:47] step 1500/2813 | avg train loss 2.1217 top1 0.3279 top5 0.5903
    [17:42:03] step 1600/2813 | avg train loss 2.1203 top1 0.3279 top5 0.5899
    [17:42:20] step 1700/2813 | avg train loss 2.1163 top1 0.3289 top5 0.5915
    [17:42:36] step 1800/2813 | avg train loss 2.1149 top1 0.3292 top5 0.5905
    [17:42:52] step 1900/2813 | avg train loss 2.1213 top1 0.3276 top5 0.5902
    [17:43:08] step 2000/2813 | avg train loss 2.1176 top1 0.3296 top5 0.5917
    [17:43:24] step 2100/2813 | avg train loss 2.1177 top1 0.3288 top5 0.5908
    [17:43:41] step 2200/2813 | avg train loss 2.1203 top1 0.3276 top5 0.5893
    [17:43:57] step 2300/2813 | avg train loss 2.1179 top1 0.3270 top5 0.5885
    [17:44:13] step 2400/2813 | avg train loss 2.1179 top1 0.3260 top5 0.5870
    [17:44:29] step 2500/2813 | avg train loss 2.1230 top1 0.3255 top5 0.5857
    [17:44:45] step 2600/2813 | avg train loss 2.1218 top1 0.3256 top5 0.5858
    [17:45:02] step 2700/2813 | avg train loss 2.1199 top1 0.3255 top5 0.5853
    [17:45:18] step 2800/2813 | avg train loss 2.1191 top1 0.3246 top5 0.5841
    [17:45:20] step 2813/2813 | avg train loss 2.1193 top1 0.3248 top5 0.5844
Epoch 77/150 | train loss 2.1193 top1 0.3248 | val loss 2.2818 top1 0.3729 top5 0.7116 | ema val top1 0.3874 top5 0.7265
  No val top1 improvement (18/40); best remains 0.3898
    [17:46:04] step 100/2813 | avg train loss 2.1371 top1 0.3075 top5 0.5650
    [17:46:20] step 200/2813 | avg train loss 2.0866 top1 0.3100 top5 0.5687
    [17:46:36] step 300/2813 | avg train loss 2.1308 top1 0.3158 top5 0.5710
    [17:46:52] step 400/2813 | avg train loss 2.1412 top1 0.3178 top5 0.5684
    [17:47:09] step 500/2813 | avg train loss 2.1273 top1 0.3177 top5 0.5705
    [17:47:25] step 600/2813 | avg train loss 2.1218 top1 0.3211 top5 0.5719
    [17:47:41] step 700/2813 | avg train loss 2.1186 top1 0.3186 top5 0.5710
    [17:47:57] step 800/2813 | avg train loss 2.1396 top1 0.3208 top5 0.5768
    [17:48:13] step 900/2813 | avg train loss 2.1372 top1 0.3228 top5 0.5761
    [17:48:30] step 1000/2813 | avg train loss 2.1399 top1 0.3229 top5 0.5766
    [17:48:46] step 1100/2813 | avg train loss 2.1387 top1 0.3183 top5 0.5739
    [17:49:02] step 1200/2813 | avg train loss 2.1375 top1 0.3209 top5 0.5770
    [17:49:18] step 1300/2813 | avg train loss 2.1407 top1 0.3199 top5 0.5759
    [17:49:34] step 1400/2813 | avg train loss 2.1439 top1 0.3204 top5 0.5787
    [17:49:50] step 1500/2813 | avg train loss 2.1426 top1 0.3205 top5 0.5784
    [17:50:07] step 1600/2813 | avg train loss 2.1406 top1 0.3197 top5 0.5782
    [17:50:23] step 1700/2813 | avg train loss 2.1405 top1 0.3213 top5 0.5805
    [17:50:39] step 1800/2813 | avg train loss 2.1385 top1 0.3205 top5 0.5800
    [17:50:55] step 1900/2813 | avg train loss 2.1395 top1 0.3197 top5 0.5794
    [17:51:12] step 2000/2813 | avg train loss 2.1411 top1 0.3191 top5 0.5787
    [17:51:28] step 2100/2813 | avg train loss 2.1373 top1 0.3196 top5 0.5787
    [17:51:44] step 2200/2813 | avg train loss 2.1366 top1 0.3178 top5 0.5768
    [17:52:00] step 2300/2813 | avg train loss 2.1388 top1 0.3193 top5 0.5783
    [17:52:16] step 2400/2813 | avg train loss 2.1405 top1 0.3194 top5 0.5788
    [17:52:33] step 2500/2813 | avg train loss 2.1385 top1 0.3196 top5 0.5793
    [17:52:49] step 2600/2813 | avg train loss 2.1361 top1 0.3203 top5 0.5800
    [17:53:05] step 2700/2813 | avg train loss 2.1361 top1 0.3212 top5 0.5816
    [17:53:21] step 2800/2813 | avg train loss 2.1346 top1 0.3215 top5 0.5812
    [17:53:23] step 2813/2813 | avg train loss 2.1348 top1 0.3216 top5 0.5812
Epoch 78/150 | train loss 2.1348 top1 0.3216 | val loss 2.2522 top1 0.3767 top5 0.7182 | ema val top1 0.3872 top5 0.7250
  No val top1 improvement (19/40); best remains 0.3898
    [17:54:07] step 100/2813 | avg train loss 2.0438 top1 0.2913 top5 0.5469
    [17:54:23] step 200/2813 | avg train loss 2.1151 top1 0.3100 top5 0.5631
    [17:54:40] step 300/2813 | avg train loss 2.0651 top1 0.3179 top5 0.5721
    [17:54:56] step 400/2813 | avg train loss 2.0842 top1 0.3230 top5 0.5817
    [17:55:12] step 500/2813 | avg train loss 2.1078 top1 0.3251 top5 0.5875
    [17:55:28] step 600/2813 | avg train loss 2.1114 top1 0.3271 top5 0.5872
    [17:55:44] step 700/2813 | avg train loss 2.1095 top1 0.3254 top5 0.5871
    [17:56:00] step 800/2813 | avg train loss 2.1129 top1 0.3269 top5 0.5868
    [17:56:17] step 900/2813 | avg train loss 2.1067 top1 0.3286 top5 0.5894
    [17:56:33] step 1000/2813 | avg train loss 2.1198 top1 0.3279 top5 0.5904
    [17:56:49] step 1100/2813 | avg train loss 2.1183 top1 0.3286 top5 0.5917
    [17:57:05] step 1200/2813 | avg train loss 2.1271 top1 0.3264 top5 0.5893
    [17:57:21] step 1300/2813 | avg train loss 2.1179 top1 0.3267 top5 0.5891
    [17:57:37] step 1400/2813 | avg train loss 2.1171 top1 0.3286 top5 0.5904
    [17:57:54] step 1500/2813 | avg train loss 2.1190 top1 0.3296 top5 0.5900
    [17:58:10] step 1600/2813 | avg train loss 2.1184 top1 0.3300 top5 0.5900
    [17:58:26] step 1700/2813 | avg train loss 2.1206 top1 0.3283 top5 0.5890
    [17:58:42] step 1800/2813 | avg train loss 2.1193 top1 0.3277 top5 0.5876
    [17:58:58] step 1900/2813 | avg train loss 2.1264 top1 0.3282 top5 0.5878
    [17:59:14] step 2000/2813 | avg train loss 2.1277 top1 0.3295 top5 0.5883
    [17:59:31] step 2100/2813 | avg train loss 2.1243 top1 0.3282 top5 0.5872
    [17:59:47] step 2200/2813 | avg train loss 2.1202 top1 0.3279 top5 0.5877
    [18:00:03] step 2300/2813 | avg train loss 2.1202 top1 0.3270 top5 0.5865
    [18:00:19] step 2400/2813 | avg train loss 2.1188 top1 0.3252 top5 0.5849
    [18:00:35] step 2500/2813 | avg train loss 2.1217 top1 0.3258 top5 0.5855
    [18:00:52] step 2600/2813 | avg train loss 2.1232 top1 0.3243 top5 0.5842
    [18:01:08] step 2700/2813 | avg train loss 2.1278 top1 0.3234 top5 0.5829
    [18:01:24] step 2800/2813 | avg train loss 2.1294 top1 0.3225 top5 0.5819
    [18:01:26] step 2813/2813 | avg train loss 2.1276 top1 0.3224 top5 0.5818
Epoch 79/150 | train loss 2.1276 top1 0.3224 | val loss 2.2802 top1 0.3794 top5 0.7099 | ema val top1 0.3886 top5 0.7265
  No val top1 improvement (20/40); best remains 0.3898
    [18:02:09] step 100/2813 | avg train loss 2.0944 top1 0.3638 top5 0.6144
    [18:02:25] step 200/2813 | avg train loss 2.1275 top1 0.3478 top5 0.6066
    [18:02:42] step 300/2813 | avg train loss 2.1385 top1 0.3269 top5 0.5865
    [18:02:58] step 400/2813 | avg train loss 2.1412 top1 0.3241 top5 0.5794
    [18:03:14] step 500/2813 | avg train loss 2.1248 top1 0.3332 top5 0.5864
    [18:03:30] step 600/2813 | avg train loss 2.1373 top1 0.3266 top5 0.5837
    [18:03:46] step 700/2813 | avg train loss 2.1388 top1 0.3245 top5 0.5797
    [18:04:03] step 800/2813 | avg train loss 2.1390 top1 0.3204 top5 0.5741
    [18:04:19] step 900/2813 | avg train loss 2.1339 top1 0.3183 top5 0.5725
    [18:04:35] step 1000/2813 | avg train loss 2.1272 top1 0.3147 top5 0.5686
    [18:04:51] step 1100/2813 | avg train loss 2.1305 top1 0.3139 top5 0.5688
    [18:05:07] step 1200/2813 | avg train loss 2.1268 top1 0.3121 top5 0.5665
    [18:05:23] step 1300/2813 | avg train loss 2.1276 top1 0.3116 top5 0.5674
    [18:05:40] step 1400/2813 | avg train loss 2.1331 top1 0.3101 top5 0.5665
    [18:05:56] step 1500/2813 | avg train loss 2.1335 top1 0.3101 top5 0.5665
    [18:06:12] step 1600/2813 | avg train loss 2.1363 top1 0.3115 top5 0.5685
    [18:06:28] step 1700/2813 | avg train loss 2.1376 top1 0.3107 top5 0.5676
    [18:06:44] step 1800/2813 | avg train loss 2.1439 top1 0.3109 top5 0.5682
    [18:07:00] step 1900/2813 | avg train loss 2.1406 top1 0.3114 top5 0.5689
    [18:07:17] step 2000/2813 | avg train loss 2.1385 top1 0.3114 top5 0.5681
    [18:07:33] step 2100/2813 | avg train loss 2.1381 top1 0.3114 top5 0.5683
    [18:07:49] step 2200/2813 | avg train loss 2.1373 top1 0.3118 top5 0.5693
    [18:08:05] step 2300/2813 | avg train loss 2.1429 top1 0.3117 top5 0.5699
    [18:08:21] step 2400/2813 | avg train loss 2.1472 top1 0.3112 top5 0.5692
    [18:08:37] step 2500/2813 | avg train loss 2.1447 top1 0.3114 top5 0.5685
    [18:08:54] step 2600/2813 | avg train loss 2.1461 top1 0.3119 top5 0.5698
    [18:09:10] step 2700/2813 | avg train loss 2.1499 top1 0.3123 top5 0.5712
    [18:09:26] step 2800/2813 | avg train loss 2.1504 top1 0.3116 top5 0.5705
    [18:09:28] step 2813/2813 | avg train loss 2.1499 top1 0.3112 top5 0.5696
Epoch 80/150 | train loss 2.1499 top1 0.3112 | val loss 2.2597 top1 0.3785 top5 0.7131 | ema val top1 0.3877 top5 0.7287
  No val top1 improvement (21/40); best remains 0.3898
    [18:10:12] step 100/2813 | avg train loss 2.0742 top1 0.3319 top5 0.5700
    [18:10:28] step 200/2813 | avg train loss 2.0825 top1 0.3144 top5 0.5525
    [18:10:44] step 300/2813 | avg train loss 2.0911 top1 0.3113 top5 0.5604
    [18:11:00] step 400/2813 | avg train loss 2.1003 top1 0.3081 top5 0.5602
    [18:11:17] step 500/2813 | avg train loss 2.0818 top1 0.3189 top5 0.5734
    [18:11:33] step 600/2813 | avg train loss 2.0895 top1 0.3164 top5 0.5718
    [18:11:49] step 700/2813 | avg train loss 2.0873 top1 0.3196 top5 0.5766
    [18:12:05] step 800/2813 | avg train loss 2.1015 top1 0.3205 top5 0.5795
    [18:12:21] step 900/2813 | avg train loss 2.0968 top1 0.3208 top5 0.5800
    [18:12:38] step 1000/2813 | avg train loss 2.1041 top1 0.3184 top5 0.5771
    [18:12:54] step 1100/2813 | avg train loss 2.1070 top1 0.3197 top5 0.5805
    [18:13:10] step 1200/2813 | avg train loss 2.1134 top1 0.3200 top5 0.5808
    [18:13:26] step 1300/2813 | avg train loss 2.1254 top1 0.3171 top5 0.5798
    [18:13:42] step 1400/2813 | avg train loss 2.1259 top1 0.3171 top5 0.5786
    [18:13:59] step 1500/2813 | avg train loss 2.1287 top1 0.3171 top5 0.5775
    [18:14:15] step 1600/2813 | avg train loss 2.1345 top1 0.3168 top5 0.5765
    [18:14:31] step 1700/2813 | avg train loss 2.1384 top1 0.3163 top5 0.5754
    [18:14:47] step 1800/2813 | avg train loss 2.1437 top1 0.3144 top5 0.5737
    [18:15:03] step 1900/2813 | avg train loss 2.1440 top1 0.3135 top5 0.5731
    [18:15:20] step 2000/2813 | avg train loss 2.1466 top1 0.3130 top5 0.5733
    [18:15:36] step 2100/2813 | avg train loss 2.1441 top1 0.3121 top5 0.5712
    [18:15:52] step 2200/2813 | avg train loss 2.1485 top1 0.3118 top5 0.5707
    [18:16:08] step 2300/2813 | avg train loss 2.1541 top1 0.3112 top5 0.5709
    [18:16:24] step 2400/2813 | avg train loss 2.1536 top1 0.3115 top5 0.5714
    [18:16:40] step 2500/2813 | avg train loss 2.1536 top1 0.3108 top5 0.5714
    [18:16:57] step 2600/2813 | avg train loss 2.1521 top1 0.3112 top5 0.5721
    [18:17:13] step 2700/2813 | avg train loss 2.1529 top1 0.3108 top5 0.5721
    [18:17:29] step 2800/2813 | avg train loss 2.1501 top1 0.3117 top5 0.5719
    [18:17:31] step 2813/2813 | avg train loss 2.1506 top1 0.3118 top5 0.5720
Epoch 81/150 | train loss 2.1506 top1 0.3118 | val loss 2.2647 top1 0.3795 top5 0.7134 | ema val top1 0.3887 top5 0.7268
  No val top1 improvement (22/40); best remains 0.3898
    [18:18:15] step 100/2813 | avg train loss 2.0719 top1 0.2975 top5 0.5494
    [18:18:31] step 200/2813 | avg train loss 2.1219 top1 0.2953 top5 0.5444
    [18:18:47] step 300/2813 | avg train loss 2.1418 top1 0.3006 top5 0.5552
    [18:19:02] step 400/2813 | avg train loss 2.1439 top1 0.3030 top5 0.5577
    [18:19:18] step 500/2813 | avg train loss 2.1354 top1 0.3103 top5 0.5681
    [18:19:34] step 600/2813 | avg train loss 2.1380 top1 0.3131 top5 0.5731
    [18:19:50] step 700/2813 | avg train loss 2.1455 top1 0.3103 top5 0.5721
    [18:20:07] step 800/2813 | avg train loss 2.1492 top1 0.3170 top5 0.5787
    [18:20:23] step 900/2813 | avg train loss 2.1533 top1 0.3179 top5 0.5793
    [18:20:39] step 1000/2813 | avg train loss 2.1505 top1 0.3162 top5 0.5765
    [18:20:55] step 1100/2813 | avg train loss 2.1435 top1 0.3178 top5 0.5776
    [18:21:11] step 1200/2813 | avg train loss 2.1458 top1 0.3166 top5 0.5766
    [18:21:27] step 1300/2813 | avg train loss 2.1470 top1 0.3188 top5 0.5793
    [18:21:44] step 1400/2813 | avg train loss 2.1530 top1 0.3181 top5 0.5805
    [18:22:00] step 1500/2813 | avg train loss 2.1567 top1 0.3152 top5 0.5782
    [18:22:16] step 1600/2813 | avg train loss 2.1538 top1 0.3161 top5 0.5771
    [18:22:32] step 1700/2813 | avg train loss 2.1523 top1 0.3153 top5 0.5746
    [18:22:48] step 1800/2813 | avg train loss 2.1504 top1 0.3162 top5 0.5771
    [18:23:04] step 1900/2813 | avg train loss 2.1544 top1 0.3155 top5 0.5762
    [18:23:20] step 2000/2813 | avg train loss 2.1558 top1 0.3143 top5 0.5750
    [18:23:37] step 2100/2813 | avg train loss 2.1559 top1 0.3147 top5 0.5754
    [18:23:53] step 2200/2813 | avg train loss 2.1557 top1 0.3143 top5 0.5754
    [18:24:09] step 2300/2813 | avg train loss 2.1554 top1 0.3145 top5 0.5745
    [18:24:25] step 2400/2813 | avg train loss 2.1549 top1 0.3149 top5 0.5749
    [18:24:41] step 2500/2813 | avg train loss 2.1574 top1 0.3144 top5 0.5750
    [18:24:58] step 2600/2813 | avg train loss 2.1613 top1 0.3133 top5 0.5737
    [18:25:14] step 2700/2813 | avg train loss 2.1630 top1 0.3136 top5 0.5741
    [18:25:30] step 2800/2813 | avg train loss 2.1614 top1 0.3151 top5 0.5754
    [18:25:32] step 2813/2813 | avg train loss 2.1607 top1 0.3146 top5 0.5748
Epoch 82/150 | train loss 2.1607 top1 0.3146 | val loss 2.3292 top1 0.3580 top5 0.7021 | ema val top1 0.3917 top5 0.7278
  Saved new best checkpoint (ema): /Data/romain.poggi/smth2smth/checkpoints/track_a/ssl/e7_ft.pt (val top1=0.3917)
    [18:26:17] step 100/2813 | avg train loss 2.1333 top1 0.3262 top5 0.5631
    [18:26:38] step 200/2813 | avg train loss 2.1292 top1 0.3200 top5 0.5678
    [18:26:57] step 300/2813 | avg train loss 2.1201 top1 0.3119 top5 0.5571
    [18:27:13] step 400/2813 | avg train loss 2.1480 top1 0.3217 top5 0.5700
    [18:27:29] step 500/2813 | avg train loss 2.1375 top1 0.3261 top5 0.5784
    [18:27:45] step 600/2813 | avg train loss 2.1512 top1 0.3239 top5 0.5798
    [18:28:01] step 700/2813 | avg train loss 2.1644 top1 0.3212 top5 0.5808
    [18:28:18] step 800/2813 | avg train loss 2.1619 top1 0.3241 top5 0.5852
    [18:28:34] step 900/2813 | avg train loss 2.1507 top1 0.3207 top5 0.5808
    [18:28:50] step 1000/2813 | avg train loss 2.1441 top1 0.3171 top5 0.5767
    [18:29:06] step 1100/2813 | avg train loss 2.1497 top1 0.3152 top5 0.5748
    [18:29:22] step 1200/2813 | avg train loss 2.1564 top1 0.3133 top5 0.5731
    [18:29:38] step 1300/2813 | avg train loss 2.1549 top1 0.3127 top5 0.5752
    [18:29:55] step 1400/2813 | avg train loss 2.1561 top1 0.3113 top5 0.5729
    [18:30:11] step 1500/2813 | avg train loss 2.1604 top1 0.3111 top5 0.5727
    [18:30:27] step 1600/2813 | avg train loss 2.1621 top1 0.3121 top5 0.5736
    [18:30:43] step 1700/2813 | avg train loss 2.1612 top1 0.3140 top5 0.5756
    [18:31:00] step 1800/2813 | avg train loss 2.1604 top1 0.3156 top5 0.5772
    [18:31:16] step 1900/2813 | avg train loss 2.1621 top1 0.3189 top5 0.5814
    [18:31:32] step 2000/2813 | avg train loss 2.1604 top1 0.3206 top5 0.5828
    [18:31:48] step 2100/2813 | avg train loss 2.1584 top1 0.3211 top5 0.5834
    [18:32:04] step 2200/2813 | avg train loss 2.1574 top1 0.3207 top5 0.5819
    [18:32:20] step 2300/2813 | avg train loss 2.1600 top1 0.3198 top5 0.5812
    [18:32:37] step 2400/2813 | avg train loss 2.1570 top1 0.3197 top5 0.5814
    [18:32:53] step 2500/2813 | avg train loss 2.1544 top1 0.3197 top5 0.5806
    [18:33:09] step 2600/2813 | avg train loss 2.1542 top1 0.3196 top5 0.5810
    [18:33:25] step 2700/2813 | avg train loss 2.1544 top1 0.3201 top5 0.5820
    [18:33:41] step 2800/2813 | avg train loss 2.1563 top1 0.3195 top5 0.5821
    [18:33:43] step 2813/2813 | avg train loss 2.1560 top1 0.3191 top5 0.5819
Epoch 83/150 | train loss 2.1560 top1 0.3191 | val loss 2.3032 top1 0.3723 top5 0.7044 | ema val top1 0.3941 top5 0.7253
  Saved new best checkpoint (ema): /Data/romain.poggi/smth2smth/checkpoints/track_a/ssl/e7_ft.pt (val top1=0.3941)
    [18:34:27] step 100/2813 | avg train loss 2.1467 top1 0.2844 top5 0.5531
    [18:34:43] step 200/2813 | avg train loss 2.1432 top1 0.3081 top5 0.5962
    [18:34:59] step 300/2813 | avg train loss 2.1754 top1 0.3183 top5 0.5950
    [18:35:16] step 400/2813 | avg train loss 2.1654 top1 0.3205 top5 0.5898
    [18:35:32] step 500/2813 | avg train loss 2.1814 top1 0.3182 top5 0.5885
    [18:35:48] step 600/2813 | avg train loss 2.1710 top1 0.3165 top5 0.5841
    [18:36:04] step 700/2813 | avg train loss 2.1661 top1 0.3138 top5 0.5788
    [18:36:20] step 800/2813 | avg train loss 2.1610 top1 0.3164 top5 0.5799
    [18:36:37] step 900/2813 | avg train loss 2.1664 top1 0.3175 top5 0.5811
    [18:36:53] step 1000/2813 | avg train loss 2.1590 top1 0.3175 top5 0.5794
    [18:37:09] step 1100/2813 | avg train loss 2.1675 top1 0.3130 top5 0.5757
    [18:37:25] step 1200/2813 | avg train loss 2.1663 top1 0.3139 top5 0.5755
    [18:37:41] step 1300/2813 | avg train loss 2.1720 top1 0.3137 top5 0.5749
    [18:37:58] step 1400/2813 | avg train loss 2.1722 top1 0.3136 top5 0.5751
    [18:38:14] step 1500/2813 | avg train loss 2.1764 top1 0.3133 top5 0.5740
    [18:38:30] step 1600/2813 | avg train loss 2.1787 top1 0.3125 top5 0.5732
    [18:38:46] step 1700/2813 | avg train loss 2.1753 top1 0.3142 top5 0.5760
    [18:39:02] step 1800/2813 | avg train loss 2.1725 top1 0.3133 top5 0.5740
    [18:39:19] step 1900/2813 | avg train loss 2.1706 top1 0.3130 top5 0.5732
    [18:39:35] step 2000/2813 | avg train loss 2.1700 top1 0.3149 top5 0.5748
    [18:39:51] step 2100/2813 | avg train loss 2.1767 top1 0.3123 top5 0.5733
    [18:40:07] step 2200/2813 | avg train loss 2.1764 top1 0.3126 top5 0.5732
    [18:40:23] step 2300/2813 | avg train loss 2.1735 top1 0.3115 top5 0.5716
    [18:40:39] step 2400/2813 | avg train loss 2.1729 top1 0.3114 top5 0.5718
    [18:40:56] step 2500/2813 | avg train loss 2.1769 top1 0.3116 top5 0.5717
    [18:41:12] step 2600/2813 | avg train loss 2.1793 top1 0.3109 top5 0.5712
    [18:41:28] step 2700/2813 | avg train loss 2.1812 top1 0.3113 top5 0.5719
    [18:41:44] step 2800/2813 | avg train loss 2.1792 top1 0.3118 top5 0.5720
    [18:41:46] step 2813/2813 | avg train loss 2.1794 top1 0.3119 top5 0.5720
Epoch 84/150 | train loss 2.1794 top1 0.3119 | val loss 2.2998 top1 0.3706 top5 0.7007 | ema val top1 0.3938 top5 0.7265
  No val top1 improvement (1/40); best remains 0.3941
    [18:42:30] step 100/2813 | avg train loss 2.1960 top1 0.3444 top5 0.6244
    [18:42:46] step 200/2813 | avg train loss 2.2266 top1 0.3300 top5 0.6050
    [18:43:03] step 300/2813 | avg train loss 2.2285 top1 0.3225 top5 0.5927
    [18:43:19] step 400/2813 | avg train loss 2.2136 top1 0.3194 top5 0.5892
    [18:43:35] step 500/2813 | avg train loss 2.1938 top1 0.3155 top5 0.5850
    [18:43:51] step 600/2813 | avg train loss 2.1964 top1 0.3186 top5 0.5850
    [18:44:07] step 700/2813 | avg train loss 2.1929 top1 0.3160 top5 0.5808
    [18:44:23] step 800/2813 | avg train loss 2.1995 top1 0.3146 top5 0.5787
    [18:44:40] step 900/2813 | avg train loss 2.1890 top1 0.3147 top5 0.5779
    [18:44:56] step 1000/2813 | avg train loss 2.1811 top1 0.3142 top5 0.5757
    [18:45:12] step 1100/2813 | avg train loss 2.1802 top1 0.3170 top5 0.5773
    [18:45:28] step 1200/2813 | avg train loss 2.1782 top1 0.3146 top5 0.5747
    [18:45:44] step 1300/2813 | avg train loss 2.1811 top1 0.3134 top5 0.5738
    [18:46:01] step 1400/2813 | avg train loss 2.1746 top1 0.3098 top5 0.5712
    [18:46:17] step 1500/2813 | avg train loss 2.1719 top1 0.3109 top5 0.5729
    [18:46:33] step 1600/2813 | avg train loss 2.1659 top1 0.3098 top5 0.5717
    [18:46:49] step 1700/2813 | avg train loss 2.1581 top1 0.3117 top5 0.5734
    [18:47:05] step 1800/2813 | avg train loss 2.1599 top1 0.3104 top5 0.5718
    [18:47:21] step 1900/2813 | avg train loss 2.1607 top1 0.3097 top5 0.5715
    [18:47:38] step 2000/2813 | avg train loss 2.1626 top1 0.3102 top5 0.5727
    [18:47:54] step 2100/2813 | avg train loss 2.1612 top1 0.3091 top5 0.5716
    [18:48:10] step 2200/2813 | avg train loss 2.1636 top1 0.3099 top5 0.5713
    [18:48:26] step 2300/2813 | avg train loss 2.1668 top1 0.3092 top5 0.5708
    [18:48:42] step 2400/2813 | avg train loss 2.1714 top1 0.3092 top5 0.5707
    [18:48:58] step 2500/2813 | avg train loss 2.1709 top1 0.3091 top5 0.5705
    [18:49:15] step 2600/2813 | avg train loss 2.1743 top1 0.3080 top5 0.5692
    [18:49:31] step 2700/2813 | avg train loss 2.1750 top1 0.3080 top5 0.5690
    [18:49:47] step 2800/2813 | avg train loss 2.1754 top1 0.3087 top5 0.5701
    [18:49:49] step 2813/2813 | avg train loss 2.1760 top1 0.3086 top5 0.5700
Epoch 85/150 | train loss 2.1760 top1 0.3086 | val loss 2.2690 top1 0.3723 top5 0.7048 | ema val top1 0.3956 top5 0.7250
  Saved new best checkpoint (ema): /Data/romain.poggi/smth2smth/checkpoints/track_a/ssl/e7_ft.pt (val top1=0.3956)
    [18:50:33] step 100/2813 | avg train loss 2.2796 top1 0.3369 top5 0.5969
    [18:50:50] step 200/2813 | avg train loss 2.2560 top1 0.3175 top5 0.5828
    [18:51:06] step 300/2813 | avg train loss 2.2597 top1 0.3133 top5 0.5808
    [18:51:22] step 400/2813 | avg train loss 2.2336 top1 0.3092 top5 0.5759
    [18:51:38] step 500/2813 | avg train loss 2.2141 top1 0.3156 top5 0.5796
    [18:51:54] step 600/2813 | avg train loss 2.2027 top1 0.3157 top5 0.5796
    [18:52:11] step 700/2813 | avg train loss 2.2006 top1 0.3163 top5 0.5805
    [18:52:27] step 800/2813 | avg train loss 2.1878 top1 0.3159 top5 0.5793
    [18:52:43] step 900/2813 | avg train loss 2.1852 top1 0.3175 top5 0.5797
    [18:52:59] step 1000/2813 | avg train loss 2.1874 top1 0.3180 top5 0.5793
    [18:53:15] step 1100/2813 | avg train loss 2.1973 top1 0.3165 top5 0.5786
    [18:53:31] step 1200/2813 | avg train loss 2.2013 top1 0.3161 top5 0.5781
    [18:53:48] step 1300/2813 | avg train loss 2.1936 top1 0.3157 top5 0.5764
    [18:54:04] step 1400/2813 | avg train loss 2.1957 top1 0.3134 top5 0.5746
    [18:54:20] step 1500/2813 | avg train loss 2.1885 top1 0.3133 top5 0.5747
    [18:54:36] step 1600/2813 | avg train loss 2.1853 top1 0.3126 top5 0.5729
    [18:54:52] step 1700/2813 | avg train loss 2.1810 top1 0.3119 top5 0.5721
    [18:55:08] step 1800/2813 | avg train loss 2.1825 top1 0.3105 top5 0.5706
    [18:55:24] step 1900/2813 | avg train loss 2.1887 top1 0.3109 top5 0.5713
    [18:55:41] step 2000/2813 | avg train loss 2.1851 top1 0.3123 top5 0.5724
    [18:55:57] step 2100/2813 | avg train loss 2.1841 top1 0.3127 top5 0.5732
    [18:56:13] step 2200/2813 | avg train loss 2.1874 top1 0.3118 top5 0.5724
    [18:56:29] step 2300/2813 | avg train loss 2.1874 top1 0.3115 top5 0.5720
    [18:56:46] step 2400/2813 | avg train loss 2.1919 top1 0.3107 top5 0.5715
    [18:57:02] step 2500/2813 | avg train loss 2.1946 top1 0.3106 top5 0.5714
    [18:57:18] step 2600/2813 | avg train loss 2.1967 top1 0.3087 top5 0.5695
    [18:57:34] step 2700/2813 | avg train loss 2.1970 top1 0.3089 top5 0.5700
    [18:57:50] step 2800/2813 | avg train loss 2.1986 top1 0.3083 top5 0.5697
    [18:57:52] step 2813/2813 | avg train loss 2.1984 top1 0.3086 top5 0.5701
Epoch 86/150 | train loss 2.1984 top1 0.3086 | val loss 2.3157 top1 0.3570 top5 0.6970 | ema val top1 0.3961 top5 0.7281
  No val top1 improvement (1/40); best remains 0.3956
    [18:58:37] step 100/2813 | avg train loss 2.1280 top1 0.3119 top5 0.5800
    [18:58:54] step 200/2813 | avg train loss 2.1120 top1 0.3184 top5 0.5759
    [18:59:10] step 300/2813 | avg train loss 2.1291 top1 0.3215 top5 0.5777
    [18:59:26] step 400/2813 | avg train loss 2.1268 top1 0.3169 top5 0.5722
    [18:59:42] step 500/2813 | avg train loss 2.1540 top1 0.3109 top5 0.5677
    [18:59:58] step 600/2813 | avg train loss 2.1507 top1 0.3061 top5 0.5594
    [19:00:15] step 700/2813 | avg train loss 2.1537 top1 0.3087 top5 0.5623
    [19:00:31] step 800/2813 | avg train loss 2.1683 top1 0.3070 top5 0.5623
    [19:00:47] step 900/2813 | avg train loss 2.1732 top1 0.3025 top5 0.5577
    [19:01:03] step 1000/2813 | avg train loss 2.1778 top1 0.3002 top5 0.5546
    [19:01:19] step 1100/2813 | avg train loss 2.1804 top1 0.2976 top5 0.5513
    [19:01:36] step 1200/2813 | avg train loss 2.1842 top1 0.2970 top5 0.5523
    [19:01:52] step 1300/2813 | avg train loss 2.1840 top1 0.2965 top5 0.5517
    [19:02:08] step 1400/2813 | avg train loss 2.1842 top1 0.2968 top5 0.5521
    [19:02:24] step 1500/2813 | avg train loss 2.1864 top1 0.2972 top5 0.5530
    [19:02:40] step 1600/2813 | avg train loss 2.1804 top1 0.2986 top5 0.5533
    [19:02:57] step 1700/2813 | avg train loss 2.1820 top1 0.2997 top5 0.5552
    [19:03:13] step 1800/2813 | avg train loss 2.1827 top1 0.2994 top5 0.5543
    [19:03:29] step 1900/2813 | avg train loss 2.1809 top1 0.2993 top5 0.5548
    [19:03:45] step 2000/2813 | avg train loss 2.1796 top1 0.2989 top5 0.5531
    [19:04:02] step 2100/2813 | avg train loss 2.1805 top1 0.2996 top5 0.5556
    [19:04:18] step 2200/2813 | avg train loss 2.1816 top1 0.3013 top5 0.5578
    [19:04:34] step 2300/2813 | avg train loss 2.1820 top1 0.3015 top5 0.5582
    [19:04:50] step 2400/2813 | avg train loss 2.1814 top1 0.3005 top5 0.5574
    [19:05:07] step 2500/2813 | avg train loss 2.1855 top1 0.3003 top5 0.5582
    [19:05:23] step 2600/2813 | avg train loss 2.1839 top1 0.3008 top5 0.5586
    [19:05:39] step 2700/2813 | avg train loss 2.1840 top1 0.3013 top5 0.5592
    [19:05:55] step 2800/2813 | avg train loss 2.1871 top1 0.3014 top5 0.5596
    [19:05:57] step 2813/2813 | avg train loss 2.1879 top1 0.3010 top5 0.5592
Epoch 87/150 | train loss 2.1879 top1 0.3010 | val loss 2.2895 top1 0.3681 top5 0.7116 | ema val top1 0.3961 top5 0.7293
  No val top1 improvement (2/40); best remains 0.3956
    [19:06:42] step 100/2813 | avg train loss 2.1100 top1 0.3063 top5 0.5713
    [19:06:58] step 200/2813 | avg train loss 2.1323 top1 0.3137 top5 0.5687
    [19:07:15] step 300/2813 | avg train loss 2.1308 top1 0.3121 top5 0.5629
    [19:07:31] step 400/2813 | avg train loss 2.1480 top1 0.3041 top5 0.5575
    [19:07:47] step 500/2813 | avg train loss 2.1622 top1 0.3063 top5 0.5623
    [19:08:03] step 600/2813 | avg train loss 2.1757 top1 0.3003 top5 0.5571
    [19:08:20] step 700/2813 | avg train loss 2.1800 top1 0.3025 top5 0.5585
    [19:08:36] step 800/2813 | avg train loss 2.1773 top1 0.3070 top5 0.5641
    [19:08:52] step 900/2813 | avg train loss 2.1791 top1 0.3063 top5 0.5635
    [19:09:08] step 1000/2813 | avg train loss 2.1781 top1 0.3054 top5 0.5654
    [19:09:24] step 1100/2813 | avg train loss 2.1831 top1 0.3048 top5 0.5659
    [19:09:41] step 1200/2813 | avg train loss 2.1875 top1 0.3060 top5 0.5641
    [19:09:57] step 1300/2813 | avg train loss 2.1896 top1 0.3061 top5 0.5655
    [19:10:13] step 1400/2813 | avg train loss 2.1869 top1 0.3050 top5 0.5638
    [19:10:29] step 1500/2813 | avg train loss 2.1900 top1 0.3031 top5 0.5620
    [19:10:46] step 1600/2813 | avg train loss 2.1916 top1 0.3029 top5 0.5621
    [19:11:02] step 1700/2813 | avg train loss 2.1927 top1 0.3024 top5 0.5622
    [19:11:18] step 1800/2813 | avg train loss 2.1978 top1 0.3031 top5 0.5621
    [19:11:34] step 1900/2813 | avg train loss 2.1992 top1 0.3032 top5 0.5628
    [19:11:50] step 2000/2813 | avg train loss 2.2019 top1 0.3028 top5 0.5637
    [19:12:07] step 2100/2813 | avg train loss 2.2049 top1 0.3018 top5 0.5621
    [19:12:23] step 2200/2813 | avg train loss 2.2068 top1 0.3015 top5 0.5628
    [19:12:39] step 2300/2813 | avg train loss 2.2035 top1 0.3008 top5 0.5607
    [19:12:55] step 2400/2813 | avg train loss 2.2008 top1 0.2995 top5 0.5595
    [19:13:11] step 2500/2813 | avg train loss 2.1998 top1 0.3007 top5 0.5606
    [19:13:28] step 2600/2813 | avg train loss 2.2014 top1 0.2997 top5 0.5595
    [19:13:44] step 2700/2813 | avg train loss 2.2030 top1 0.2993 top5 0.5603
    [19:14:00] step 2800/2813 | avg train loss 2.2015 top1 0.2999 top5 0.5609
    [19:14:02] step 2813/2813 | avg train loss 2.2011 top1 0.2996 top5 0.5607
Epoch 88/150 | train loss 2.2011 top1 0.2996 | val loss 2.2942 top1 0.3656 top5 0.7116 | ema val top1 0.3933 top5 0.7300
  No val top1 improvement (3/40); best remains 0.3956
    [19:14:47] step 100/2813 | avg train loss 2.0822 top1 0.3038 top5 0.5469
    [19:15:03] step 200/2813 | avg train loss 2.1361 top1 0.2950 top5 0.5413
    [19:15:19] step 300/2813 | avg train loss 2.1532 top1 0.2985 top5 0.5544
    [19:15:36] step 400/2813 | avg train loss 2.1559 top1 0.3075 top5 0.5656
    [19:15:52] step 500/2813 | avg train loss 2.1618 top1 0.3004 top5 0.5601
    [19:16:08] step 600/2813 | avg train loss 2.1878 top1 0.2955 top5 0.5574
    [19:16:24] step 700/2813 | avg train loss 2.1765 top1 0.2979 top5 0.5598
    [19:16:41] step 800/2813 | avg train loss 2.1752 top1 0.2963 top5 0.5592
    [19:16:57] step 900/2813 | avg train loss 2.1781 top1 0.3010 top5 0.5631
    [19:17:13] step 1000/2813 | avg train loss 2.1788 top1 0.3006 top5 0.5606
    [19:17:29] step 1100/2813 | avg train loss 2.1869 top1 0.2966 top5 0.5602
    [19:17:45] step 1200/2813 | avg train loss 2.1959 top1 0.2944 top5 0.5587
    [19:18:02] step 1300/2813 | avg train loss 2.2011 top1 0.2964 top5 0.5601
    [19:18:18] step 1400/2813 | avg train loss 2.1990 top1 0.3003 top5 0.5629
    [19:18:34] step 1500/2813 | avg train loss 2.1983 top1 0.2991 top5 0.5606
    [19:18:50] step 1600/2813 | avg train loss 2.2017 top1 0.3005 top5 0.5619
    [19:19:07] step 1700/2813 | avg train loss 2.2037 top1 0.2992 top5 0.5614
    [19:19:23] step 1800/2813 | avg train loss 2.2067 top1 0.2983 top5 0.5608
    [19:19:39] step 1900/2813 | avg train loss 2.2048 top1 0.2989 top5 0.5611
    [19:19:55] step 2000/2813 | avg train loss 2.2048 top1 0.2989 top5 0.5616
    [19:20:11] step 2100/2813 | avg train loss 2.2051 top1 0.2996 top5 0.5619
    [19:20:28] step 2200/2813 | avg train loss 2.1999 top1 0.2995 top5 0.5618
    [19:20:44] step 2300/2813 | avg train loss 2.1993 top1 0.2980 top5 0.5605
    [19:21:00] step 2400/2813 | avg train loss 2.1970 top1 0.2991 top5 0.5617
    [19:21:16] step 2500/2813 | avg train loss 2.1987 top1 0.2984 top5 0.5597
    [19:21:32] step 2600/2813 | avg train loss 2.2011 top1 0.2986 top5 0.5614
    [19:21:48] step 2700/2813 | avg train loss 2.1975 top1 0.3001 top5 0.5627
    [19:22:05] step 2800/2813 | avg train loss 2.1984 top1 0.2999 top5 0.5625
    [19:22:07] step 2813/2813 | avg train loss 2.1988 top1 0.3000 top5 0.5624
Epoch 89/150 | train loss 2.1988 top1 0.3000 | val loss 2.2899 top1 0.3696 top5 0.7054 | ema val top1 0.3911 top5 0.7309
  No val top1 improvement (4/40); best remains 0.3956
    [19:22:51] step 100/2813 | avg train loss 2.1025 top1 0.3294 top5 0.5644
    [19:23:07] step 200/2813 | avg train loss 2.2040 top1 0.2997 top5 0.5553
    [19:23:23] step 300/2813 | avg train loss 2.2184 top1 0.2975 top5 0.5608
    [19:23:39] step 400/2813 | avg train loss 2.2271 top1 0.2997 top5 0.5661
    [19:23:56] step 500/2813 | avg train loss 2.2084 top1 0.3076 top5 0.5725
    [19:24:12] step 600/2813 | avg train loss 2.2096 top1 0.3069 top5 0.5702
    [19:24:28] step 700/2813 | avg train loss 2.2129 top1 0.3054 top5 0.5654
    [19:24:44] step 800/2813 | avg train loss 2.2051 top1 0.3061 top5 0.5652
    [19:25:00] step 900/2813 | avg train loss 2.2111 top1 0.3074 top5 0.5691
    [19:25:17] step 1000/2813 | avg train loss 2.2188 top1 0.3074 top5 0.5690
    [19:25:33] step 1100/2813 | avg train loss 2.2165 top1 0.3074 top5 0.5693
    [19:25:49] step 1200/2813 | avg train loss 2.2042 top1 0.3093 top5 0.5711
    [19:26:05] step 1300/2813 | avg train loss 2.2042 top1 0.3081 top5 0.5708
    [19:26:22] step 1400/2813 | avg train loss 2.2107 top1 0.3051 top5 0.5663
    [19:26:41] step 1500/2813 | avg train loss 2.2139 top1 0.3028 top5 0.5635
    [19:27:08] step 1600/2813 | avg train loss 2.2147 top1 0.3047 top5 0.5641
    [19:27:35] step 1700/2813 | avg train loss 2.2161 top1 0.3026 top5 0.5620
    [19:28:01] step 1800/2813 | avg train loss 2.2162 top1 0.3049 top5 0.5643
    [19:28:28] step 1900/2813 | avg train loss 2.2119 top1 0.3052 top5 0.5645
    [19:28:52] step 2000/2813 | avg train loss 2.2106 top1 0.3050 top5 0.5645
    [19:29:18] step 2100/2813 | avg train loss 2.2123 top1 0.3058 top5 0.5655
    [19:29:45] step 2200/2813 | avg train loss 2.2106 top1 0.3059 top5 0.5656
    [19:30:12] step 2300/2813 | avg train loss 2.2120 top1 0.3046 top5 0.5637
    [19:30:39] step 2400/2813 | avg train loss 2.2138 top1 0.3052 top5 0.5644
    [19:31:02] step 2500/2813 | avg train loss 2.2138 top1 0.3049 top5 0.5635
    [19:31:29] step 2600/2813 | avg train loss 2.2181 top1 0.3041 top5 0.5633
    [19:31:56] step 2700/2813 | avg train loss 2.2181 top1 0.3037 top5 0.5633
    [19:32:22] step 2800/2813 | avg train loss 2.2127 top1 0.3047 top5 0.5637
    [19:32:26] step 2813/2813 | avg train loss 2.2114 top1 0.3042 top5 0.5633
Epoch 90/150 | train loss 2.2114 top1 0.3042 | val loss 2.3328 top1 0.3628 top5 0.7008 | ema val top1 0.3926 top5 0.7306
  No val top1 improvement (5/40); best remains 0.3956
    [19:33:31] step 100/2813 | avg train loss 2.1611 top1 0.3094 top5 0.5663
    [19:33:58] step 200/2813 | avg train loss 2.1501 top1 0.3175 top5 0.5863
    [19:34:25] step 300/2813 | avg train loss 2.1376 top1 0.3185 top5 0.5844
    [19:34:52] step 400/2813 | avg train loss 2.1845 top1 0.3128 top5 0.5861
    [19:35:19] step 500/2813 | avg train loss 2.1877 top1 0.3073 top5 0.5813
    [19:35:43] step 600/2813 | avg train loss 2.1888 top1 0.3038 top5 0.5757
    [19:36:09] step 700/2813 | avg train loss 2.1924 top1 0.3043 top5 0.5721
    [19:36:36] step 800/2813 | avg train loss 2.1834 top1 0.2988 top5 0.5641
    [19:37:03] step 900/2813 | avg train loss 2.1768 top1 0.3004 top5 0.5662
    [19:37:30] step 1000/2813 | avg train loss 2.1898 top1 0.3013 top5 0.5677
    [19:37:53] step 1100/2813 | avg train loss 2.1945 top1 0.2980 top5 0.5637
    [19:38:17] step 1200/2813 | avg train loss 2.1915 top1 0.2968 top5 0.5605
    [19:38:44] step 1300/2813 | avg train loss 2.1921 top1 0.2968 top5 0.5599
    [19:39:11] step 1400/2813 | avg train loss 2.2030 top1 0.2979 top5 0.5617
    [19:39:38] step 1500/2813 | avg train loss 2.2045 top1 0.2993 top5 0.5614
    [19:40:01] step 1600/2813 | avg train loss 2.2048 top1 0.2980 top5 0.5609
    [19:40:28] step 1700/2813 | avg train loss 2.2032 top1 0.2963 top5 0.5588
    [19:40:55] step 1800/2813 | avg train loss 2.2091 top1 0.2972 top5 0.5597
    [19:41:22] step 1900/2813 | avg train loss 2.2122 top1 0.2975 top5 0.5602
    [19:41:48] step 2000/2813 | avg train loss 2.2117 top1 0.2973 top5 0.5593
    [19:42:12] step 2100/2813 | avg train loss 2.2154 top1 0.2980 top5 0.5606
    [19:42:38] step 2200/2813 | avg train loss 2.2176 top1 0.2973 top5 0.5591
    [19:43:05] step 2300/2813 | avg train loss 2.2181 top1 0.2968 top5 0.5585
    [19:43:32] step 2400/2813 | avg train loss 2.2160 top1 0.2967 top5 0.5583
    [19:43:59] step 2500/2813 | avg train loss 2.2179 top1 0.2964 top5 0.5592
    [19:44:23] step 2600/2813 | avg train loss 2.2180 top1 0.2963 top5 0.5595
    [19:44:49] step 2700/2813 | avg train loss 2.2199 top1 0.2969 top5 0.5601
    [19:45:15] step 2800/2813 | avg train loss 2.2170 top1 0.2973 top5 0.5605
    [19:45:18] step 2813/2813 | avg train loss 2.2163 top1 0.2977 top5 0.5608
Epoch 91/150 | train loss 2.2163 top1 0.2977 | val loss 2.3251 top1 0.3591 top5 0.7010 | ema val top1 0.3923 top5 0.7328
  No val top1 improvement (6/40); best remains 0.3956
    [19:46:30] step 100/2813 | avg train loss 2.1855 top1 0.3494 top5 0.5950
    [19:46:53] step 200/2813 | avg train loss 2.1917 top1 0.3166 top5 0.5684
    [19:47:20] step 300/2813 | avg train loss 2.1809 top1 0.3267 top5 0.5744
    [19:47:47] step 400/2813 | avg train loss 2.1706 top1 0.3211 top5 0.5736
    [19:48:13] step 500/2813 | avg train loss 2.1985 top1 0.3125 top5 0.5706
    [19:48:40] step 600/2813 | avg train loss 2.1977 top1 0.3111 top5 0.5704
    [19:49:04] step 700/2813 | avg train loss 2.1998 top1 0.3142 top5 0.5750
    [19:49:30] step 800/2813 | avg train loss 2.2053 top1 0.3153 top5 0.5788
    [19:49:57] step 900/2813 | avg train loss 2.2105 top1 0.3166 top5 0.5792
    [19:50:24] step 1000/2813 | avg train loss 2.2074 top1 0.3144 top5 0.5766
    [19:50:51] step 1100/2813 | avg train loss 2.2130 top1 0.3113 top5 0.5725
    [19:51:14] step 1200/2813 | avg train loss 2.2101 top1 0.3091 top5 0.5695
    [19:51:41] step 1300/2813 | avg train loss 2.2134 top1 0.3086 top5 0.5703
    [19:52:08] step 1400/2813 | avg train loss 2.2152 top1 0.3098 top5 0.5723
    [19:52:35] step 1500/2813 | avg train loss 2.2092 top1 0.3121 top5 0.5751
    [19:53:02] step 1600/2813 | avg train loss 2.2121 top1 0.3118 top5 0.5764
    [19:53:26] step 1700/2813 | avg train loss 2.2058 top1 0.3121 top5 0.5759
    [19:53:53] step 1800/2813 | avg train loss 2.2119 top1 0.3124 top5 0.5761
    [19:54:20] step 1900/2813 | avg train loss 2.2146 top1 0.3117 top5 0.5755
    [19:54:46] step 2000/2813 | avg train loss 2.2144 top1 0.3115 top5 0.5766
    [19:55:13] step 2100/2813 | avg train loss 2.2153 top1 0.3089 top5 0.5726
    [19:55:37] step 2200/2813 | avg train loss 2.2130 top1 0.3084 top5 0.5722
    [19:56:04] step 2300/2813 | avg train loss 2.2121 top1 0.3084 top5 0.5718
    [19:56:31] step 2400/2813 | avg train loss 2.2079 top1 0.3085 top5 0.5717
    [19:56:58] step 2500/2813 | avg train loss 2.2114 top1 0.3069 top5 0.5702
    [19:57:24] step 2600/2813 | avg train loss 2.2140 top1 0.3065 top5 0.5694
    [19:57:48] step 2700/2813 | avg train loss 2.2157 top1 0.3059 top5 0.5696
    [19:58:15] step 2800/2813 | avg train loss 2.2140 top1 0.3062 top5 0.5691
    [19:58:18] step 2813/2813 | avg train loss 2.2137 top1 0.3070 top5 0.5696
Epoch 92/150 | train loss 2.2137 top1 0.3070 | val loss 2.4108 top1 0.3443 top5 0.6845 | ema val top1 0.3908 top5 0.7337
  No val top1 improvement (7/40); best remains 0.3956
    [19:59:29] step 100/2813 | avg train loss 2.2278 top1 0.3181 top5 0.5663
    [19:59:56] step 200/2813 | avg train loss 2.2182 top1 0.3109 top5 0.5763
    [20:00:19] step 300/2813 | avg train loss 2.2348 top1 0.3067 top5 0.5744
    [20:00:46] step 400/2813 | avg train loss 2.2193 top1 0.3077 top5 0.5789
    [20:01:13] step 500/2813 | avg train loss 2.2261 top1 0.3106 top5 0.5770
    [20:01:40] step 600/2813 | avg train loss 2.2296 top1 0.3071 top5 0.5700
    [20:02:07] step 700/2813 | avg train loss 2.2260 top1 0.3074 top5 0.5681
    [20:02:30] step 800/2813 | avg train loss 2.2249 top1 0.3080 top5 0.5720
    [20:02:57] step 900/2813 | avg train loss 2.2213 top1 0.3089 top5 0.5735
    [20:03:23] step 1000/2813 | avg train loss 2.2333 top1 0.3068 top5 0.5712
    [20:03:50] step 1100/2813 | avg train loss 2.2299 top1 0.3053 top5 0.5701
    [20:04:17] step 1200/2813 | avg train loss 2.2300 top1 0.3051 top5 0.5699
    [20:04:40] step 1300/2813 | avg train loss 2.2349 top1 0.3030 top5 0.5694
    [20:05:07] step 1400/2813 | avg train loss 2.2398 top1 0.3022 top5 0.5681
    [20:05:33] step 1500/2813 | avg train loss 2.2412 top1 0.3000 top5 0.5665
    [20:06:00] step 1600/2813 | avg train loss 2.2496 top1 0.2993 top5 0.5646
    [20:06:27] step 1700/2813 | avg train loss 2.2448 top1 0.3005 top5 0.5653
    [20:06:51] step 1800/2813 | avg train loss 2.2369 top1 0.2994 top5 0.5640
    [20:07:18] step 1900/2813 | avg train loss 2.2366 top1 0.2995 top5 0.5629
    [20:07:44] step 2000/2813 | avg train loss 2.2317 top1 0.3007 top5 0.5641
    [20:08:11] step 2100/2813 | avg train loss 2.2346 top1 0.3005 top5 0.5635
    [20:08:38] step 2200/2813 | avg train loss 2.2351 top1 0.3004 top5 0.5634
    [20:09:01] step 2300/2813 | avg train loss 2.2369 top1 0.3000 top5 0.5630
    [20:09:28] step 2400/2813 | avg train loss 2.2391 top1 0.2985 top5 0.5612
    [20:09:55] step 2500/2813 | avg train loss 2.2359 top1 0.2999 top5 0.5638
    [20:10:22] step 2600/2813 | avg train loss 2.2343 top1 0.2999 top5 0.5631
    [20:10:49] step 2700/2813 | avg train loss 2.2339 top1 0.3005 top5 0.5642
    [20:11:13] step 2800/2813 | avg train loss 2.2354 top1 0.3004 top5 0.5640
    [20:11:16] step 2813/2813 | avg train loss 2.2358 top1 0.3004 top5 0.5642
Epoch 93/150 | train loss 2.2358 top1 0.3004 | val loss 2.4086 top1 0.3434 top5 0.6897 | ema val top1 0.3918 top5 0.7340
  No val top1 improvement (8/40); best remains 0.3956
    [20:12:27] step 100/2813 | avg train loss 2.1283 top1 0.3344 top5 0.5994
    [20:12:54] step 200/2813 | avg train loss 2.1666 top1 0.3259 top5 0.5787
    [20:13:21] step 300/2813 | avg train loss 2.1722 top1 0.3154 top5 0.5702
    [20:13:44] step 400/2813 | avg train loss 2.1651 top1 0.3086 top5 0.5628
    [20:14:11] step 500/2813 | avg train loss 2.1751 top1 0.3076 top5 0.5630
    [20:14:38] step 600/2813 | avg train loss 2.1740 top1 0.3059 top5 0.5627
    [20:15:05] step 700/2813 | avg train loss 2.1868 top1 0.3029 top5 0.5609
    [20:15:32] step 800/2813 | avg train loss 2.1961 top1 0.3045 top5 0.5616
    [20:15:55] step 900/2813 | avg train loss 2.1967 top1 0.3053 top5 0.5608
    [20:16:21] step 1000/2813 | avg train loss 2.1982 top1 0.3016 top5 0.5597
    [20:16:46] step 1100/2813 | avg train loss 2.1948 top1 0.3034 top5 0.5619
    [20:17:13] step 1200/2813 | avg train loss 2.1989 top1 0.3011 top5 0.5594
    [20:17:40] step 1300/2813 | avg train loss 2.2041 top1 0.2994 top5 0.5594
    [20:18:04] step 1400/2813 | avg train loss 2.2022 top1 0.3033 top5 0.5626
    [20:18:30] step 1500/2813 | avg train loss 2.2101 top1 0.3015 top5 0.5605
    [20:18:57] step 1600/2813 | avg train loss 2.2134 top1 0.3026 top5 0.5625
    [20:19:24] step 1700/2813 | avg train loss 2.2172 top1 0.3004 top5 0.5601
    [20:19:51] step 1800/2813 | avg train loss 2.2211 top1 0.2996 top5 0.5590
    [20:20:15] step 1900/2813 | avg train loss 2.2225 top1 0.2980 top5 0.5563
    [20:20:41] step 2000/2813 | avg train loss 2.2271 top1 0.2965 top5 0.5553
    [20:21:08] step 2100/2813 | avg train loss 2.2259 top1 0.2974 top5 0.5559
    [20:21:35] step 2200/2813 | avg train loss 2.2246 top1 0.2986 top5 0.5572
    [20:22:02] step 2300/2813 | avg train loss 2.2228 top1 0.2998 top5 0.5582
    [20:22:25] step 2400/2813 | avg train loss 2.2254 top1 0.3001 top5 0.5587
    [20:22:52] step 2500/2813 | avg train loss 2.2229 top1 0.3005 top5 0.5595
    [20:23:19] step 2600/2813 | avg train loss 2.2253 top1 0.3010 top5 0.5607
    [20:23:45] step 2700/2813 | avg train loss 2.2291 top1 0.3013 top5 0.5618
    [20:24:12] step 2800/2813 | avg train loss 2.2281 top1 0.3023 top5 0.5627
    [20:24:15] step 2813/2813 | avg train loss 2.2283 top1 0.3021 top5 0.5622
Epoch 94/150 | train loss 2.2283 top1 0.3021 | val loss 2.3674 top1 0.3552 top5 0.6904 | ema val top1 0.3920 top5 0.7336
  No val top1 improvement (9/40); best remains 0.3956
    [20:25:25] step 100/2813 | avg train loss 2.2118 top1 0.3006 top5 0.5594
    [20:25:52] step 200/2813 | avg train loss 2.1918 top1 0.2972 top5 0.5397
    [20:26:19] step 300/2813 | avg train loss 2.1924 top1 0.2981 top5 0.5440
    [20:26:46] step 400/2813 | avg train loss 2.1999 top1 0.2980 top5 0.5519
    [20:27:10] step 500/2813 | avg train loss 2.1779 top1 0.3005 top5 0.5543
    [20:27:37] step 600/2813 | avg train loss 2.1870 top1 0.2939 top5 0.5509
    [20:28:03] step 700/2813 | avg train loss 2.1819 top1 0.2964 top5 0.5533
    [20:28:30] step 800/2813 | avg train loss 2.1945 top1 0.2916 top5 0.5468
    [20:28:57] step 900/2813 | avg train loss 2.2047 top1 0.2910 top5 0.5465
    [20:29:20] step 1000/2813 | avg train loss 2.2120 top1 0.2923 top5 0.5494
    [20:29:47] step 1100/2813 | avg train loss 2.2102 top1 0.2910 top5 0.5487
    [20:30:14] step 1200/2813 | avg train loss 2.2132 top1 0.2930 top5 0.5497
    [20:30:41] step 1300/2813 | avg train loss 2.2219 top1 0.2932 top5 0.5517
    [20:31:07] step 1400/2813 | avg train loss 2.2241 top1 0.2940 top5 0.5524
    [20:31:30] step 1500/2813 | avg train loss 2.2291 top1 0.2938 top5 0.5528
    [20:31:57] step 1600/2813 | avg train loss 2.2250 top1 0.2943 top5 0.5537
    [20:32:24] step 1700/2813 | avg train loss 2.2285 top1 0.2956 top5 0.5546
    [20:32:51] step 1800/2813 | avg train loss 2.2290 top1 0.2968 top5 0.5560
    [20:33:18] step 1900/2813 | avg train loss 2.2269 top1 0.2970 top5 0.5561
    [20:33:40] step 2000/2813 | avg train loss 2.2261 top1 0.2982 top5 0.5578
    [20:33:56] step 2100/2813 | avg train loss 2.2274 top1 0.2987 top5 0.5588
    [20:34:12] step 2200/2813 | avg train loss 2.2281 top1 0.2980 top5 0.5580
    [20:34:29] step 2300/2813 | avg train loss 2.2279 top1 0.2999 top5 0.5595
    [20:34:45] step 2400/2813 | avg train loss 2.2308 top1 0.3011 top5 0.5596
    [20:35:01] step 2500/2813 | avg train loss 2.2326 top1 0.3008 top5 0.5593
    [20:35:17] step 2600/2813 | avg train loss 2.2337 top1 0.3014 top5 0.5605
    [20:35:33] step 2700/2813 | avg train loss 2.2382 top1 0.3019 top5 0.5615
    [20:35:50] step 2800/2813 | avg train loss 2.2405 top1 0.3016 top5 0.5614
    [20:35:52] step 2813/2813 | avg train loss 2.2403 top1 0.3014 top5 0.5611
Epoch 95/150 | train loss 2.2403 top1 0.3014 | val loss 2.3058 top1 0.3583 top5 0.7048 | ema val top1 0.3929 top5 0.7355
  No val top1 improvement (10/40); best remains 0.3956
    [20:36:37] step 100/2813 | avg train loss 2.2653 top1 0.2881 top5 0.5594
    [20:36:53] step 200/2813 | avg train loss 2.2709 top1 0.2866 top5 0.5644
    [20:37:09] step 300/2813 | avg train loss 2.2680 top1 0.2842 top5 0.5502
    [20:37:26] step 400/2813 | avg train loss 2.2610 top1 0.2983 top5 0.5606
    [20:37:42] step 500/2813 | avg train loss 2.2256 top1 0.2970 top5 0.5566
    [20:37:58] step 600/2813 | avg train loss 2.2229 top1 0.2972 top5 0.5576
    [20:38:14] step 700/2813 | avg train loss 2.2327 top1 0.2935 top5 0.5566
    [20:38:30] step 800/2813 | avg train loss 2.2290 top1 0.2920 top5 0.5562
    [20:38:47] step 900/2813 | avg train loss 2.2320 top1 0.2937 top5 0.5556
    [20:39:03] step 1000/2813 | avg train loss 2.2342 top1 0.2928 top5 0.5549
    [20:39:19] step 1100/2813 | avg train loss 2.2351 top1 0.2941 top5 0.5560
    [20:39:35] step 1200/2813 | avg train loss 2.2326 top1 0.2965 top5 0.5589
    [20:39:51] step 1300/2813 | avg train loss 2.2335 top1 0.2972 top5 0.5608
    [20:40:08] step 1400/2813 | avg train loss 2.2381 top1 0.2955 top5 0.5606
    [20:40:24] step 1500/2813 | avg train loss 2.2367 top1 0.2953 top5 0.5604
    [20:40:40] step 1600/2813 | avg train loss 2.2389 top1 0.2946 top5 0.5595
    [20:40:56] step 1700/2813 | avg train loss 2.2412 top1 0.2926 top5 0.5589
    [20:41:12] step 1800/2813 | avg train loss 2.2379 top1 0.2930 top5 0.5598
    [20:41:29] step 1900/2813 | avg train loss 2.2399 top1 0.2924 top5 0.5582
    [20:41:45] step 2000/2813 | avg train loss 2.2416 top1 0.2920 top5 0.5564
    [20:42:01] step 2100/2813 | avg train loss 2.2421 top1 0.2937 top5 0.5583
    [20:42:17] step 2200/2813 | avg train loss 2.2422 top1 0.2927 top5 0.5570
    [20:42:33] step 2300/2813 | avg train loss 2.2428 top1 0.2931 top5 0.5579
    [20:42:50] step 2400/2813 | avg train loss 2.2448 top1 0.2937 top5 0.5588
    [20:43:14] step 2500/2813 | avg train loss 2.2482 top1 0.2932 top5 0.5584
    [20:43:41] step 2600/2813 | avg train loss 2.2479 top1 0.2939 top5 0.5589
    [20:44:08] step 2700/2813 | avg train loss 2.2470 top1 0.2951 top5 0.5593
    [20:44:35] step 2800/2813 | avg train loss 2.2518 top1 0.2946 top5 0.5585
    [20:44:38] step 2813/2813 | avg train loss 2.2512 top1 0.2946 top5 0.5586
Epoch 96/150 | train loss 2.2512 top1 0.2946 | val loss 2.3606 top1 0.3572 top5 0.6878 | ema val top1 0.3941 top5 0.7315
  No val top1 improvement (11/40); best remains 0.3956
    [20:45:46] step 100/2813 | avg train loss 2.2988 top1 0.2925 top5 0.5794
    [20:46:13] step 200/2813 | avg train loss 2.2835 top1 0.2903 top5 0.5616
    [20:46:40] step 300/2813 | avg train loss 2.2732 top1 0.2942 top5 0.5642
    [20:47:06] step 400/2813 | avg train loss 2.2459 top1 0.2939 top5 0.5620
    [20:47:33] step 500/2813 | avg train loss 2.2552 top1 0.2998 top5 0.5675
    [20:48:00] step 600/2813 | avg train loss 2.2465 top1 0.3013 top5 0.5700
    [20:48:28] step 700/2813 | avg train loss 2.2453 top1 0.3017 top5 0.5677
    [20:48:55] step 800/2813 | avg train loss 2.2435 top1 0.3006 top5 0.5669
    [20:49:22] step 900/2813 | avg train loss 2.2406 top1 0.2986 top5 0.5631
    [20:49:49] step 1000/2813 | avg train loss 2.2337 top1 0.2991 top5 0.5637
    [20:50:16] step 1100/2813 | avg train loss 2.2372 top1 0.2986 top5 0.5630
    [20:50:43] step 1200/2813 | avg train loss 2.2334 top1 0.2993 top5 0.5627
    [20:51:10] step 1300/2813 | avg train loss 2.2358 top1 0.2991 top5 0.5617
    [20:51:37] step 1400/2813 | avg train loss 2.2307 top1 0.2977 top5 0.5596
    [20:52:04] step 1500/2813 | avg train loss 2.2219 top1 0.2988 top5 0.5587
    [20:52:31] step 1600/2813 | avg train loss 2.2262 top1 0.2983 top5 0.5574
    [20:52:58] step 1700/2813 | avg train loss 2.2321 top1 0.2989 top5 0.5576
    [20:53:25] step 1800/2813 | avg train loss 2.2365 top1 0.2953 top5 0.5543
    [20:53:52] step 1900/2813 | avg train loss 2.2381 top1 0.2947 top5 0.5543
    [20:54:19] step 2000/2813 | avg train loss 2.2398 top1 0.2928 top5 0.5527
    [20:54:45] step 2100/2813 | avg train loss 2.2438 top1 0.2928 top5 0.5529
    [20:55:12] step 2200/2813 | avg train loss 2.2463 top1 0.2927 top5 0.5515
    [20:55:39] step 2300/2813 | avg train loss 2.2455 top1 0.2928 top5 0.5512
    [20:56:06] step 2400/2813 | avg train loss 2.2459 top1 0.2921 top5 0.5503
    [20:56:34] step 2500/2813 | avg train loss 2.2455 top1 0.2918 top5 0.5504
    [20:57:01] step 2600/2813 | avg train loss 2.2446 top1 0.2916 top5 0.5501
    [20:57:28] step 2700/2813 | avg train loss 2.2454 top1 0.2914 top5 0.5499
    [20:57:55] step 2800/2813 | avg train loss 2.2461 top1 0.2917 top5 0.5501
    [20:57:58] step 2813/2813 | avg train loss 2.2463 top1 0.2917 top5 0.5502
Epoch 97/150 | train loss 2.2463 top1 0.2917 | val loss 2.3879 top1 0.3434 top5 0.6903 | ema val top1 0.3930 top5 0.7340
  No val top1 improvement (12/40); best remains 0.3956
    [20:59:07] step 100/2813 | avg train loss 2.2143 top1 0.2769 top5 0.5469
    [20:59:34] step 200/2813 | avg train loss 2.2216 top1 0.2891 top5 0.5597
    [21:00:01] step 300/2813 | avg train loss 2.2696 top1 0.2825 top5 0.5487
    [21:00:28] step 400/2813 | avg train loss 2.2512 top1 0.2830 top5 0.5494
    [21:00:55] step 500/2813 | avg train loss 2.2400 top1 0.2861 top5 0.5500
    [21:01:22] step 600/2813 | avg train loss 2.2393 top1 0.2881 top5 0.5514
    [21:01:49] step 700/2813 | avg train loss 2.2296 top1 0.2910 top5 0.5531
    [21:02:16] step 800/2813 | avg train loss 2.2356 top1 0.2916 top5 0.5530
    [21:02:43] step 900/2813 | avg train loss 2.2395 top1 0.2915 top5 0.5544
    [21:03:09] step 1000/2813 | avg train loss 2.2379 top1 0.2916 top5 0.5542
    [21:03:36] step 1100/2813 | avg train loss 2.2395 top1 0.2963 top5 0.5555
    [21:04:03] step 1200/2813 | avg train loss 2.2346 top1 0.2977 top5 0.5573
    [21:04:30] step 1300/2813 | avg train loss 2.2395 top1 0.2945 top5 0.5544
    [21:04:58] step 1400/2813 | avg train loss 2.2451 top1 0.2958 top5 0.5563
    [21:05:25] step 1500/2813 | avg train loss 2.2426 top1 0.2964 top5 0.5578
    [21:05:52] step 1600/2813 | avg train loss 2.2430 top1 0.2954 top5 0.5550
    [21:06:19] step 1700/2813 | avg train loss 2.2402 top1 0.2973 top5 0.5578
    [21:06:45] step 1800/2813 | avg train loss 2.2447 top1 0.2957 top5 0.5567
    [21:07:12] step 1900/2813 | avg train loss 2.2464 top1 0.2947 top5 0.5563
    [21:07:39] step 2000/2813 | avg train loss 2.2495 top1 0.2945 top5 0.5556
    [21:08:06] step 2100/2813 | avg train loss 2.2500 top1 0.2919 top5 0.5532
    [21:08:34] step 2200/2813 | avg train loss 2.2464 top1 0.2939 top5 0.5551
    [21:09:01] step 2300/2813 | avg train loss 2.2475 top1 0.2941 top5 0.5561
    [21:09:28] step 2400/2813 | avg train loss 2.2504 top1 0.2943 top5 0.5555
    [21:09:55] step 2500/2813 | avg train loss 2.2517 top1 0.2936 top5 0.5551
    [21:10:22] step 2600/2813 | avg train loss 2.2537 top1 0.2942 top5 0.5556
    [21:10:48] step 2700/2813 | avg train loss 2.2525 top1 0.2948 top5 0.5562
    [21:11:15] step 2800/2813 | avg train loss 2.2525 top1 0.2946 top5 0.5555
    [21:11:19] step 2813/2813 | avg train loss 2.2541 top1 0.2942 top5 0.5549
Epoch 98/150 | train loss 2.2541 top1 0.2942 | val loss 2.3496 top1 0.3505 top5 0.6930 | ema val top1 0.3939 top5 0.7349
  No val top1 improvement (13/40); best remains 0.3956
    [21:12:27] step 100/2813 | avg train loss 2.2902 top1 0.2925 top5 0.5494
    [21:12:54] step 200/2813 | avg train loss 2.2768 top1 0.3091 top5 0.5694
    [21:13:21] step 300/2813 | avg train loss 2.2887 top1 0.3056 top5 0.5581
    [21:13:48] step 400/2813 | avg train loss 2.2899 top1 0.2991 top5 0.5531
    [21:14:15] step 500/2813 | avg train loss 2.2782 top1 0.3076 top5 0.5635
    [21:14:42] step 600/2813 | avg train loss 2.2840 top1 0.3006 top5 0.5554
    [21:15:09] step 700/2813 | avg train loss 2.2766 top1 0.2998 top5 0.5532
    [21:15:36] step 800/2813 | avg train loss 2.2845 top1 0.2966 top5 0.5528
    [21:16:03] step 900/2813 | avg train loss 2.2848 top1 0.2985 top5 0.5559
    [21:16:30] step 1000/2813 | avg train loss 2.2759 top1 0.2946 top5 0.5529
    [21:16:57] step 1100/2813 | avg train loss 2.2709 top1 0.2914 top5 0.5499
    [21:17:24] step 1200/2813 | avg train loss 2.2755 top1 0.2939 top5 0.5539
    [21:17:51] step 1300/2813 | avg train loss 2.2717 top1 0.2903 top5 0.5484
    [21:18:19] step 1400/2813 | avg train loss 2.2669 top1 0.2871 top5 0.5455
    [21:18:45] step 1500/2813 | avg train loss 2.2629 top1 0.2871 top5 0.5453
    [21:19:12] step 1600/2813 | avg train loss 2.2605 top1 0.2888 top5 0.5481
    [21:19:39] step 1700/2813 | avg train loss 2.2669 top1 0.2875 top5 0.5474
    [21:20:06] step 1800/2813 | avg train loss 2.2654 top1 0.2870 top5 0.5476
    [21:20:33] step 1900/2813 | avg train loss 2.2621 top1 0.2867 top5 0.5472
    [21:21:00] step 2000/2813 | avg train loss 2.2571 top1 0.2874 top5 0.5479
    [21:21:27] step 2100/2813 | avg train loss 2.2602 top1 0.2863 top5 0.5462
    [21:21:55] step 2200/2813 | avg train loss 2.2553 top1 0.2874 top5 0.5466
    [21:22:21] step 2300/2813 | avg train loss 2.2564 top1 0.2869 top5 0.5455
    [21:22:48] step 2400/2813 | avg train loss 2.2555 top1 0.2867 top5 0.5463
    [21:23:15] step 2500/2813 | avg train loss 2.2580 top1 0.2871 top5 0.5464
    [21:23:42] step 2600/2813 | avg train loss 2.2595 top1 0.2880 top5 0.5478
    [21:24:09] step 2700/2813 | avg train loss 2.2610 top1 0.2882 top5 0.5475
    [21:24:37] step 2800/2813 | avg train loss 2.2586 top1 0.2883 top5 0.5469
    [21:24:40] step 2813/2813 | avg train loss 2.2579 top1 0.2882 top5 0.5468
Epoch 99/150 | train loss 2.2579 top1 0.2882 | val loss 2.3840 top1 0.3506 top5 0.6870 | ema val top1 0.3918 top5 0.7367
  No val top1 improvement (14/40); best remains 0.3956
    [21:25:48] step 100/2813 | avg train loss 2.2522 top1 0.3125 top5 0.5869
    [21:26:15] step 200/2813 | avg train loss 2.1867 top1 0.3084 top5 0.5697
    [21:26:41] step 300/2813 | avg train loss 2.1775 top1 0.3004 top5 0.5642
    [21:27:08] step 400/2813 | avg train loss 2.1901 top1 0.2947 top5 0.5545
    [21:27:35] step 500/2813 | avg train loss 2.2035 top1 0.2931 top5 0.5537
    [21:28:02] step 600/2813 | avg train loss 2.2151 top1 0.2890 top5 0.5489
    [21:28:29] step 700/2813 | avg train loss 2.2224 top1 0.2882 top5 0.5485
    [21:28:56] step 800/2813 | avg train loss 2.2211 top1 0.2864 top5 0.5493
    [21:29:23] step 900/2813 | avg train loss 2.2309 top1 0.2871 top5 0.5480
    [21:29:51] step 1000/2813 | avg train loss 2.2353 top1 0.2884 top5 0.5484
    [21:30:17] step 1100/2813 | avg train loss 2.2397 top1 0.2894 top5 0.5502
    [21:30:44] step 1200/2813 | avg train loss 2.2452 top1 0.2878 top5 0.5500
    [21:31:11] step 1300/2813 | avg train loss 2.2485 top1 0.2868 top5 0.5490
    [21:31:38] step 1400/2813 | avg train loss 2.2526 top1 0.2846 top5 0.5472
    [21:32:05] step 1500/2813 | avg train loss 2.2573 top1 0.2840 top5 0.5465
    [21:32:32] step 1600/2813 | avg train loss 2.2548 top1 0.2859 top5 0.5474
    [21:32:59] step 1700/2813 | avg train loss 2.2541 top1 0.2871 top5 0.5489
    [21:33:26] step 1800/2813 | avg train loss 2.2574 top1 0.2867 top5 0.5484
    [21:33:54] step 1900/2813 | avg train loss 2.2582 top1 0.2873 top5 0.5496
    [21:34:20] step 2000/2813 | avg train loss 2.2589 top1 0.2883 top5 0.5513
    [21:34:47] step 2100/2813 | avg train loss 2.2559 top1 0.2879 top5 0.5512
    [21:35:14] step 2200/2813 | avg train loss 2.2544 top1 0.2880 top5 0.5511
    [21:35:41] step 2300/2813 | avg train loss 2.2581 top1 0.2872 top5 0.5504
    [21:36:08] step 2400/2813 | avg train loss 2.2587 top1 0.2874 top5 0.5512
    [21:36:35] step 2500/2813 | avg train loss 2.2628 top1 0.2863 top5 0.5510
    [21:37:02] step 2600/2813 | avg train loss 2.2634 top1 0.2864 top5 0.5509
    [21:37:29] step 2700/2813 | avg train loss 2.2644 top1 0.2871 top5 0.5518
    [21:37:56] step 2800/2813 | avg train loss 2.2666 top1 0.2881 top5 0.5517
    [21:38:00] step 2813/2813 | avg train loss 2.2666 top1 0.2881 top5 0.5516
[2026-05-17T21:38:43] Epoch 100/150 | train loss 2.2666 top1 0.2881 | val loss 2.4074 top1 0.3468 top5 0.6778 | ema val top1 0.3896 top5 0.7389
  No val top1 improvement (15/40); best remains 0.3956
    [21:39:11] step 100/2813 | avg train loss 2.2092 top1 0.3200 top5 0.5763
    [21:39:38] step 200/2813 | avg train loss 2.2492 top1 0.3094 top5 0.5747
    [21:40:05] step 300/2813 | avg train loss 2.2234 top1 0.3108 top5 0.5844
    [21:40:33] step 400/2813 | avg train loss 2.2473 top1 0.3088 top5 0.5734
    [21:41:00] step 500/2813 | avg train loss 2.2521 top1 0.3043 top5 0.5675
    [21:41:27] step 600/2813 | avg train loss 2.2677 top1 0.2973 top5 0.5570
    [21:41:54] step 700/2813 | avg train loss 2.2656 top1 0.2938 top5 0.5526
    [21:42:21] step 800/2813 | avg train loss 2.2653 top1 0.2927 top5 0.5513
    [21:42:47] step 900/2813 | avg train loss 2.2638 top1 0.2939 top5 0.5536
    [21:43:14] step 1000/2813 | avg train loss 2.2630 top1 0.2953 top5 0.5547
    [21:43:41] step 1100/2813 | avg train loss 2.2668 top1 0.2926 top5 0.5517
    [21:44:08] step 1200/2813 | avg train loss 2.2737 top1 0.2905 top5 0.5513
    [21:44:36] step 1300/2813 | avg train loss 2.2794 top1 0.2892 top5 0.5513
    [21:45:03] step 1400/2813 | avg train loss 2.2805 top1 0.2913 top5 0.5541
    [21:45:29] step 1500/2813 | avg train loss 2.2722 top1 0.2913 top5 0.5540
    [21:45:56] step 1600/2813 | avg train loss 2.2634 top1 0.2921 top5 0.5537
    [21:46:23] step 1700/2813 | avg train loss 2.2604 top1 0.2930 top5 0.5547
    [21:46:49] step 1800/2813 | avg train loss 2.2603 top1 0.2947 top5 0.5553
    [21:47:16] step 1900/2813 | avg train loss 2.2593 top1 0.2956 top5 0.5575
    [21:47:44] step 2000/2813 | avg train loss 2.2700 top1 0.2944 top5 0.5577
    [21:48:11] step 2100/2813 | avg train loss 2.2718 top1 0.2935 top5 0.5573
    [21:48:38] step 2200/2813 | avg train loss 2.2716 top1 0.2943 top5 0.5583
    [21:49:05] step 2300/2813 | avg train loss 2.2746 top1 0.2940 top5 0.5577
    [21:49:32] step 2400/2813 | avg train loss 2.2735 top1 0.2928 top5 0.5566
    [21:49:59] step 2500/2813 | avg train loss 2.2732 top1 0.2932 top5 0.5564
    [21:50:25] step 2600/2813 | avg train loss 2.2749 top1 0.2927 top5 0.5548
    [21:50:52] step 2700/2813 | avg train loss 2.2762 top1 0.2925 top5 0.5546
    [21:51:19] step 2800/2813 | avg train loss 2.2774 top1 0.2931 top5 0.5547
    [21:51:23] step 2813/2813 | avg train loss 2.2782 top1 0.2929 top5 0.5546
Epoch 101/150 | train loss 2.2782 top1 0.2929 | val loss 2.4143 top1 0.3361 top5 0.6809 | ema val top1 0.3915 top5 0.7373
  No val top1 improvement (16/40); best remains 0.3956
    [21:52:30] step 100/2813 | avg train loss 2.2520 top1 0.3000 top5 0.5500
    [21:52:58] step 200/2813 | avg train loss 2.2501 top1 0.2944 top5 0.5469
    [21:53:25] step 300/2813 | avg train loss 2.2676 top1 0.3010 top5 0.5548
    [21:53:52] step 400/2813 | avg train loss 2.2607 top1 0.2984 top5 0.5608
    [21:54:18] step 500/2813 | avg train loss 2.2655 top1 0.2969 top5 0.5577
    [21:54:45] step 600/2813 | avg train loss 2.2568 top1 0.3004 top5 0.5605
    [21:55:12] step 700/2813 | avg train loss 2.2467 top1 0.2994 top5 0.5586
    [21:55:39] step 800/2813 | avg train loss 2.2424 top1 0.2977 top5 0.5557
    [21:56:06] step 900/2813 | avg train loss 2.2509 top1 0.2953 top5 0.5519
    [21:56:33] step 1000/2813 | avg train loss 2.2507 top1 0.2980 top5 0.5549
    [21:57:01] step 1100/2813 | avg train loss 2.2536 top1 0.2985 top5 0.5566
    [21:57:28] step 1200/2813 | avg train loss 2.2546 top1 0.2984 top5 0.5573
    [21:57:55] step 1300/2813 | avg train loss 2.2545 top1 0.3003 top5 0.5589
    [21:58:21] step 1400/2813 | avg train loss 2.2624 top1 0.2975 top5 0.5558
    [21:58:48] step 1500/2813 | avg train loss 2.2653 top1 0.2961 top5 0.5569
    [21:59:15] step 1600/2813 | avg train loss 2.2696 top1 0.2943 top5 0.5560
    [21:59:42] step 1700/2813 | avg train loss 2.2683 top1 0.2940 top5 0.5564
    [22:00:09] step 1800/2813 | avg train loss 2.2720 top1 0.2934 top5 0.5555
    [22:00:36] step 1900/2813 | avg train loss 2.2685 top1 0.2957 top5 0.5584
    [22:01:03] step 2000/2813 | avg train loss 2.2698 top1 0.2950 top5 0.5581
    [22:01:31] step 2100/2813 | avg train loss 2.2703 top1 0.2946 top5 0.5576
    [22:01:58] step 2200/2813 | avg train loss 2.2692 top1 0.2949 top5 0.5580
    [22:02:24] step 2300/2813 | avg train loss 2.2703 top1 0.2954 top5 0.5584
    [22:02:51] step 2400/2813 | avg train loss 2.2731 top1 0.2948 top5 0.5575
    [22:03:18] step 2500/2813 | avg train loss 2.2715 top1 0.2954 top5 0.5582
    [22:03:45] step 2600/2813 | avg train loss 2.2714 top1 0.2948 top5 0.5575
    [22:04:13] step 2700/2813 | avg train loss 2.2686 top1 0.2944 top5 0.5576
    [22:04:40] step 2800/2813 | avg train loss 2.2675 top1 0.2954 top5 0.5593
    [22:04:43] step 2813/2813 | avg train loss 2.2686 top1 0.2951 top5 0.5594
Epoch 102/150 | train loss 2.2686 top1 0.2951 | val loss 2.3673 top1 0.3423 top5 0.6890 | ema val top1 0.3890 top5 0.7360
  No val top1 improvement (17/40); best remains 0.3956
    [22:05:50] step 100/2813 | avg train loss 2.2184 top1 0.3075 top5 0.5619
    [22:06:17] step 200/2813 | avg train loss 2.1888 top1 0.2809 top5 0.5288
    [22:06:44] step 300/2813 | avg train loss 2.2334 top1 0.2725 top5 0.5204
    [22:07:11] step 400/2813 | avg train loss 2.2616 top1 0.2730 top5 0.5284
    [22:07:38] step 500/2813 | avg train loss 2.2530 top1 0.2786 top5 0.5384
    [22:08:05] step 600/2813 | avg train loss 2.2751 top1 0.2818 top5 0.5448
    [22:08:32] step 700/2813 | avg train loss 2.2742 top1 0.2841 top5 0.5481
    [22:09:00] step 800/2813 | avg train loss 2.2594 top1 0.2869 top5 0.5529
    [22:09:27] step 900/2813 | avg train loss 2.2528 top1 0.2872 top5 0.5544
    [22:09:54] step 1000/2813 | avg train loss 2.2617 top1 0.2858 top5 0.5513
    [22:10:20] step 1100/2813 | avg train loss 2.2591 top1 0.2837 top5 0.5476
    [22:10:47] step 1200/2813 | avg train loss 2.2606 top1 0.2816 top5 0.5449
    [22:11:14] step 1300/2813 | avg train loss 2.2598 top1 0.2824 top5 0.5450
    [22:11:41] step 1400/2813 | avg train loss 2.2631 top1 0.2814 top5 0.5433
    [22:12:08] step 1500/2813 | avg train loss 2.2643 top1 0.2803 top5 0.5416
    [22:12:35] step 1600/2813 | avg train loss 2.2696 top1 0.2811 top5 0.5423
    [22:13:03] step 1700/2813 | avg train loss 2.2666 top1 0.2810 top5 0.5422
    [22:13:30] step 1800/2813 | avg train loss 2.2664 top1 0.2817 top5 0.5424
    [22:13:57] step 1900/2813 | avg train loss 2.2626 top1 0.2811 top5 0.5412
    [22:14:23] step 2000/2813 | avg train loss 2.2670 top1 0.2821 top5 0.5428
    [22:14:50] step 2100/2813 | avg train loss 2.2648 top1 0.2836 top5 0.5435
    [22:15:17] step 2200/2813 | avg train loss 2.2642 top1 0.2850 top5 0.5452
    [22:15:44] step 2300/2813 | avg train loss 2.2646 top1 0.2848 top5 0.5455
    [22:16:11] step 2400/2813 | avg train loss 2.2627 top1 0.2878 top5 0.5483
    [22:16:38] step 2500/2813 | avg train loss 2.2621 top1 0.2887 top5 0.5488
    [22:17:05] step 2600/2813 | avg train loss 2.2610 top1 0.2894 top5 0.5499
    [22:17:33] step 2700/2813 | avg train loss 2.2600 top1 0.2888 top5 0.5484
    [22:17:59] step 2800/2813 | avg train loss 2.2600 top1 0.2882 top5 0.5478
    [22:18:03] step 2813/2813 | avg train loss 2.2593 top1 0.2883 top5 0.5479
Epoch 103/150 | train loss 2.2593 top1 0.2883 | val loss 2.3818 top1 0.3520 top5 0.6875 | ema val top1 0.3904 top5 0.7346
  No val top1 improvement (18/40); best remains 0.3956
    [22:19:15] step 100/2813 | avg train loss 2.2447 top1 0.2550 top5 0.5081
    [22:19:42] step 200/2813 | avg train loss 2.2318 top1 0.2656 top5 0.5166
    [22:20:09] step 300/2813 | avg train loss 2.2403 top1 0.2708 top5 0.5179
    [22:20:36] step 400/2813 | avg train loss 2.2596 top1 0.2781 top5 0.5311
    [22:21:03] step 500/2813 | avg train loss 2.2583 top1 0.2848 top5 0.5337
    [22:21:30] step 600/2813 | avg train loss 2.2432 top1 0.2870 top5 0.5379
    [22:21:57] step 700/2813 | avg train loss 2.2398 top1 0.2915 top5 0.5444
    [22:22:23] step 800/2813 | avg train loss 2.2602 top1 0.2862 top5 0.5392
    [22:22:51] step 900/2813 | avg train loss 2.2598 top1 0.2848 top5 0.5387
    [22:23:18] step 1000/2813 | avg train loss 2.2575 top1 0.2855 top5 0.5398
    [22:23:45] step 1100/2813 | avg train loss 2.2691 top1 0.2852 top5 0.5403
    [22:24:12] step 1200/2813 | avg train loss 2.2766 top1 0.2838 top5 0.5401
    [22:24:39] step 1300/2813 | avg train loss 2.2740 top1 0.2833 top5 0.5408
    [22:25:02] step 1400/2813 | avg train loss 2.2717 top1 0.2829 top5 0.5403
    [22:25:18] step 1500/2813 | avg train loss 2.2673 top1 0.2846 top5 0.5425
    [22:25:33] step 1600/2813 | avg train loss 2.2747 top1 0.2833 top5 0.5410
    [22:25:46] step 1700/2813 | avg train loss 2.2760 top1 0.2838 top5 0.5423
    [22:26:00] step 1800/2813 | avg train loss 2.2808 top1 0.2846 top5 0.5431
    [22:26:15] step 1900/2813 | avg train loss 2.2799 top1 0.2839 top5 0.5419
    [22:26:31] step 2000/2813 | avg train loss 2.2792 top1 0.2834 top5 0.5405
    [22:26:46] step 2100/2813 | avg train loss 2.2799 top1 0.2837 top5 0.5406
    [22:27:02] step 2200/2813 | avg train loss 2.2779 top1 0.2830 top5 0.5401
    [22:27:17] step 2300/2813 | avg train loss 2.2796 top1 0.2833 top5 0.5401
    [22:27:33] step 2400/2813 | avg train loss 2.2793 top1 0.2836 top5 0.5408
    [22:27:48] step 2500/2813 | avg train loss 2.2825 top1 0.2827 top5 0.5404
    [22:28:03] step 2600/2813 | avg train loss 2.2815 top1 0.2833 top5 0.5406
    [22:28:15] step 2700/2813 | avg train loss 2.2807 top1 0.2832 top5 0.5415
    [22:28:29] step 2800/2813 | avg train loss 2.2816 top1 0.2823 top5 0.5404
    [22:28:30] step 2813/2813 | avg train loss 2.2819 top1 0.2824 top5 0.5404
Epoch 104/150 | train loss 2.2819 top1 0.2824 | val loss 2.3677 top1 0.3487 top5 0.6844 | ema val top1 0.3941 top5 0.7367
  No val top1 improvement (19/40); best remains 0.3956
    [22:29:27] step 100/2813 | avg train loss 2.2607 top1 0.3013 top5 0.5619
    [22:29:42] step 200/2813 | avg train loss 2.2415 top1 0.3122 top5 0.5697
    [22:29:57] step 300/2813 | avg train loss 2.2731 top1 0.3006 top5 0.5581
    [22:30:13] step 400/2813 | avg train loss 2.2667 top1 0.3059 top5 0.5613
    [22:30:28] step 500/2813 | avg train loss 2.2668 top1 0.2996 top5 0.5560
    [22:30:41] step 600/2813 | avg train loss 2.2581 top1 0.3035 top5 0.5616
    [22:30:54] step 700/2813 | avg train loss 2.2642 top1 0.3038 top5 0.5648
    [22:31:09] step 800/2813 | avg train loss 2.2557 top1 0.3039 top5 0.5637
    [22:31:24] step 900/2813 | avg train loss 2.2687 top1 0.2991 top5 0.5583
    [22:31:40] step 1000/2813 | avg train loss 2.2656 top1 0.2966 top5 0.5577
    [22:31:55] step 1100/2813 | avg train loss 2.2644 top1 0.2985 top5 0.5615
    [22:32:10] step 1200/2813 | avg train loss 2.2616 top1 0.2963 top5 0.5585
    [22:32:26] step 1300/2813 | avg train loss 2.2623 top1 0.2951 top5 0.5562
    [22:32:40] step 1400/2813 | avg train loss 2.2600 top1 0.2945 top5 0.5543
    [22:32:56] step 1500/2813 | avg train loss 2.2623 top1 0.2941 top5 0.5535
    [22:33:08] step 1600/2813 | avg train loss 2.2662 top1 0.2934 top5 0.5535
    [22:33:20] step 1700/2813 | avg train loss 2.2656 top1 0.2939 top5 0.5545
    [22:33:35] step 1800/2813 | avg train loss 2.2585 top1 0.2950 top5 0.5548
    [22:33:50] step 1900/2813 | avg train loss 2.2583 top1 0.2962 top5 0.5563
    [22:34:05] step 2000/2813 | avg train loss 2.2556 top1 0.2965 top5 0.5558
    [22:34:20] step 2100/2813 | avg train loss 2.2589 top1 0.2970 top5 0.5569
    [22:34:36] step 2200/2813 | avg train loss 2.2638 top1 0.2966 top5 0.5566
    [22:34:51] step 2300/2813 | avg train loss 2.2659 top1 0.2956 top5 0.5553
    [22:35:07] step 2400/2813 | avg train loss 2.2703 top1 0.2945 top5 0.5552
    [22:35:22] step 2500/2813 | avg train loss 2.2707 top1 0.2942 top5 0.5551
    [22:35:36] step 2600/2813 | avg train loss 2.2727 top1 0.2941 top5 0.5548
    [22:35:49] step 2700/2813 | avg train loss 2.2763 top1 0.2945 top5 0.5556
    [22:36:04] step 2800/2813 | avg train loss 2.2795 top1 0.2944 top5 0.5557
    [22:36:06] step 2813/2813 | avg train loss 2.2802 top1 0.2947 top5 0.5561
Epoch 105/150 | train loss 2.2802 top1 0.2947 | val loss 2.3149 top1 0.3564 top5 0.6996 | ema val top1 0.3975 top5 0.7351
  Saved new best checkpoint (ema): /Data/romain.poggi/smth2smth/checkpoints/track_a/ssl/e7_ft.pt (val top1=0.3975)
    [22:36:59] step 100/2813 | avg train loss 2.2084 top1 0.2450 top5 0.5075
    [22:37:14] step 200/2813 | avg train loss 2.2354 top1 0.2716 top5 0.5281
    [22:37:29] step 300/2813 | avg train loss 2.2395 top1 0.2802 top5 0.5417
    [22:37:44] step 400/2813 | avg train loss 2.2378 top1 0.2859 top5 0.5475
    [22:38:00] step 500/2813 | avg train loss 2.2386 top1 0.2840 top5 0.5399
    [22:38:12] step 600/2813 | avg train loss 2.2498 top1 0.2856 top5 0.5471
    [22:38:25] step 700/2813 | avg train loss 2.2526 top1 0.2883 top5 0.5466
    [22:38:40] step 800/2813 | avg train loss 2.2502 top1 0.2907 top5 0.5478
    [22:38:55] step 900/2813 | avg train loss 2.2592 top1 0.2885 top5 0.5450
    [22:39:10] step 1000/2813 | avg train loss 2.2622 top1 0.2889 top5 0.5456
    [22:39:26] step 1100/2813 | avg train loss 2.2632 top1 0.2906 top5 0.5489
    [22:39:41] step 1200/2813 | avg train loss 2.2650 top1 0.2897 top5 0.5472
    [22:39:56] step 1300/2813 | avg train loss 2.2664 top1 0.2896 top5 0.5468
    [22:40:11] step 1400/2813 | avg train loss 2.2643 top1 0.2885 top5 0.5452
    [22:40:26] step 1500/2813 | avg train loss 2.2713 top1 0.2859 top5 0.5428
    [22:40:39] step 1600/2813 | avg train loss 2.2734 top1 0.2850 top5 0.5413
    [22:40:52] step 1700/2813 | avg train loss 2.2726 top1 0.2843 top5 0.5406
    [22:41:08] step 1800/2813 | avg train loss 2.2790 top1 0.2833 top5 0.5389
    [22:41:23] step 1900/2813 | avg train loss 2.2802 top1 0.2830 top5 0.5394
    [22:41:38] step 2000/2813 | avg train loss 2.2808 top1 0.2825 top5 0.5385
    [22:41:54] step 2100/2813 | avg train loss 2.2780 top1 0.2836 top5 0.5400
    [22:42:09] step 2200/2813 | avg train loss 2.2775 top1 0.2827 top5 0.5395
    [22:42:25] step 2300/2813 | avg train loss 2.2779 top1 0.2825 top5 0.5394
    [22:42:40] step 2400/2813 | avg train loss 2.2795 top1 0.2828 top5 0.5403
    [22:42:55] step 2500/2813 | avg train loss 2.2789 top1 0.2814 top5 0.5379
    [22:43:08] step 2600/2813 | avg train loss 2.2790 top1 0.2815 top5 0.5379
    [22:43:21] step 2700/2813 | avg train loss 2.2778 top1 0.2802 top5 0.5363
    [22:43:37] step 2800/2813 | avg train loss 2.2808 top1 0.2804 top5 0.5367
    [22:43:38] step 2813/2813 | avg train loss 2.2804 top1 0.2808 top5 0.5369
Epoch 106/150 | train loss 2.2804 top1 0.2808 | val loss 2.4409 top1 0.3334 top5 0.6790 | ema val top1 0.3947 top5 0.7380
  No val top1 improvement (1/40); best remains 0.3975
    [22:44:30] step 100/2813 | avg train loss 2.2170 top1 0.2888 top5 0.5356
    [22:44:46] step 200/2813 | avg train loss 2.2798 top1 0.2878 top5 0.5406
    [22:45:01] step 300/2813 | avg train loss 2.2604 top1 0.2812 top5 0.5381
    [22:45:16] step 400/2813 | avg train loss 2.2552 top1 0.2820 top5 0.5381
    [22:45:31] step 500/2813 | avg train loss 2.2642 top1 0.2789 top5 0.5302
    [22:45:44] step 600/2813 | avg train loss 2.2500 top1 0.2809 top5 0.5337
    [22:45:58] step 700/2813 | avg train loss 2.2541 top1 0.2821 top5 0.5346
    [22:46:13] step 800/2813 | avg train loss 2.2529 top1 0.2827 top5 0.5366
    [22:46:28] step 900/2813 | avg train loss 2.2589 top1 0.2862 top5 0.5401
    [22:46:43] step 1000/2813 | avg train loss 2.2590 top1 0.2856 top5 0.5396
    [22:46:59] step 1100/2813 | avg train loss 2.2534 top1 0.2884 top5 0.5439
    [22:47:14] step 1200/2813 | avg train loss 2.2506 top1 0.2873 top5 0.5424
    [22:47:30] step 1300/2813 | avg train loss 2.2574 top1 0.2851 top5 0.5418
    [22:47:45] step 1400/2813 | avg train loss 2.2610 top1 0.2846 top5 0.5404
    [22:47:59] step 1500/2813 | avg train loss 2.2581 top1 0.2861 top5 0.5423
    [22:48:12] step 1600/2813 | avg train loss 2.2591 top1 0.2855 top5 0.5426
    [22:48:26] step 1700/2813 | avg train loss 2.2639 top1 0.2854 top5 0.5426
    [22:48:41] step 1800/2813 | avg train loss 2.2668 top1 0.2836 top5 0.5421
    [22:48:57] step 1900/2813 | avg train loss 2.2689 top1 0.2856 top5 0.5460
    [22:49:12] step 2000/2813 | avg train loss 2.2749 top1 0.2858 top5 0.5462
    [22:49:28] step 2100/2813 | avg train loss 2.2762 top1 0.2853 top5 0.5465
    [22:49:43] step 2200/2813 | avg train loss 2.2765 top1 0.2862 top5 0.5478
    [22:49:59] step 2300/2813 | avg train loss 2.2763 top1 0.2852 top5 0.5460
    [22:50:14] step 2400/2813 | avg train loss 2.2776 top1 0.2845 top5 0.5453
    [22:50:29] step 2500/2813 | avg train loss 2.2792 top1 0.2851 top5 0.5456
    [22:50:41] step 2600/2813 | avg train loss 2.2766 top1 0.2844 top5 0.5456
    [22:50:56] step 2700/2813 | avg train loss 2.2738 top1 0.2842 top5 0.5456
    [22:51:11] step 2800/2813 | avg train loss 2.2767 top1 0.2841 top5 0.5450
    [22:51:13] step 2813/2813 | avg train loss 2.2768 top1 0.2843 top5 0.5452
Epoch 107/150 | train loss 2.2768 top1 0.2843 | val loss 2.3275 top1 0.3539 top5 0.6993 | ema val top1 0.3948 top5 0.7373
  No val top1 improvement (2/40); best remains 0.3975
    [22:52:11] step 100/2813 | avg train loss 2.2170 top1 0.2994 top5 0.5500
    [22:52:26] step 200/2813 | avg train loss 2.1916 top1 0.2956 top5 0.5416
    [22:52:41] step 300/2813 | avg train loss 2.2288 top1 0.2931 top5 0.5421
    [22:52:55] step 400/2813 | avg train loss 2.2544 top1 0.2895 top5 0.5423
    [22:53:07] step 500/2813 | avg train loss 2.2382 top1 0.2943 top5 0.5434
    [22:53:21] step 600/2813 | avg train loss 2.2345 top1 0.2975 top5 0.5464
    [22:53:37] step 700/2813 | avg train loss 2.2482 top1 0.2975 top5 0.5486
    [22:53:52] step 800/2813 | avg train loss 2.2559 top1 0.2969 top5 0.5505
    [22:54:07] step 900/2813 | avg train loss 2.2626 top1 0.2952 top5 0.5528
    [22:54:23] step 1000/2813 | avg train loss 2.2660 top1 0.2923 top5 0.5506
    [22:54:39] step 1100/2813 | avg train loss 2.2719 top1 0.2907 top5 0.5516
    [22:54:54] step 1200/2813 | avg train loss 2.2698 top1 0.2906 top5 0.5494
    [22:55:09] step 1300/2813 | avg train loss 2.2706 top1 0.2899 top5 0.5491
    [22:55:24] step 1400/2813 | avg train loss 2.2693 top1 0.2916 top5 0.5522
    [22:55:37] step 1500/2813 | avg train loss 2.2663 top1 0.2928 top5 0.5537
    [22:55:51] step 1600/2813 | avg train loss 2.2718 top1 0.2893 top5 0.5501
    [22:56:06] step 1700/2813 | avg train loss 2.2682 top1 0.2897 top5 0.5507
    [22:56:22] step 1800/2813 | avg train loss 2.2724 top1 0.2900 top5 0.5510
    [22:56:37] step 1900/2813 | avg train loss 2.2730 top1 0.2904 top5 0.5520
    [22:56:53] step 2000/2813 | avg train loss 2.2715 top1 0.2884 top5 0.5498
    [22:57:08] step 2100/2813 | avg train loss 2.2723 top1 0.2880 top5 0.5492
    [22:57:24] step 2200/2813 | avg train loss 2.2747 top1 0.2882 top5 0.5499
    [22:57:39] step 2300/2813 | avg train loss 2.2741 top1 0.2893 top5 0.5506
    [22:57:53] step 2400/2813 | avg train loss 2.2775 top1 0.2892 top5 0.5502
    [22:58:06] step 2500/2813 | avg train loss 2.2773 top1 0.2896 top5 0.5505
    [22:58:20] step 2600/2813 | avg train loss 2.2769 top1 0.2897 top5 0.5508
    [22:58:35] step 2700/2813 | avg train loss 2.2789 top1 0.2903 top5 0.5518
    [22:58:50] step 2800/2813 | avg train loss 2.2771 top1 0.2906 top5 0.5514
    [22:58:52] step 2813/2813 | avg train loss 2.2769 top1 0.2905 top5 0.5514
Epoch 108/150 | train loss 2.2769 top1 0.2905 | val loss 2.4056 top1 0.3358 top5 0.6811 | ema val top1 0.3954 top5 0.7392
  No val top1 improvement (3/40); best remains 0.3975
    [22:59:52] step 100/2813 | avg train loss 2.2806 top1 0.3150 top5 0.5625
    [23:00:07] step 200/2813 | avg train loss 2.2787 top1 0.3000 top5 0.5559
    [23:00:20] step 300/2813 | avg train loss 2.2606 top1 0.2946 top5 0.5515
    [23:00:33] step 400/2813 | avg train loss 2.2628 top1 0.2936 top5 0.5459
    [23:00:47] step 500/2813 | avg train loss 2.2770 top1 0.2933 top5 0.5464
    [23:01:03] step 600/2813 | avg train loss 2.2837 top1 0.2918 top5 0.5470
    [23:01:18] step 700/2813 | avg train loss 2.2719 top1 0.2961 top5 0.5502
    [23:01:34] step 800/2813 | avg train loss 2.2798 top1 0.2954 top5 0.5509
    [23:01:49] step 900/2813 | avg train loss 2.2795 top1 0.2940 top5 0.5473
    [23:02:04] step 1000/2813 | avg train loss 2.2772 top1 0.2924 top5 0.5464
    [23:02:19] step 1100/2813 | avg train loss 2.2782 top1 0.2895 top5 0.5423
    [23:02:35] step 1200/2813 | avg train loss 2.2768 top1 0.2903 top5 0.5437
    [23:02:48] step 1300/2813 | avg train loss 2.2680 top1 0.2903 top5 0.5441
    [23:03:02] step 1400/2813 | avg train loss 2.2660 top1 0.2903 top5 0.5451
    [23:03:16] step 1500/2813 | avg train loss 2.2676 top1 0.2902 top5 0.5453
    [23:03:32] step 1600/2813 | avg train loss 2.2673 top1 0.2905 top5 0.5459
    [23:03:47] step 1700/2813 | avg train loss 2.2646 top1 0.2904 top5 0.5453
    [23:04:03] step 1800/2813 | avg train loss 2.2707 top1 0.2900 top5 0.5466
    [23:04:18] step 1900/2813 | avg train loss 2.2704 top1 0.2893 top5 0.5461
    [23:04:33] step 2000/2813 | avg train loss 2.2711 top1 0.2887 top5 0.5454
    [23:04:49] step 2100/2813 | avg train loss 2.2691 top1 0.2890 top5 0.5465
    [23:05:04] step 2200/2813 | avg train loss 2.2716 top1 0.2890 top5 0.5468
    [23:05:18] step 2300/2813 | avg train loss 2.2689 top1 0.2887 top5 0.5471
    [23:05:30] step 2400/2813 | avg train loss 2.2652 top1 0.2898 top5 0.5481
    [23:05:44] step 2500/2813 | avg train loss 2.2632 top1 0.2906 top5 0.5485
    [23:05:59] step 2600/2813 | avg train loss 2.2631 top1 0.2898 top5 0.5485
    [23:06:14] step 2700/2813 | avg train loss 2.2637 top1 0.2901 top5 0.5497
    [23:06:30] step 2800/2813 | avg train loss 2.2677 top1 0.2894 top5 0.5495
    [23:06:31] step 2813/2813 | avg train loss 2.2686 top1 0.2892 top5 0.5492
Epoch 109/150 | train loss 2.2686 top1 0.2892 | val loss 2.3911 top1 0.3450 top5 0.6847 | ema val top1 0.3958 top5 0.7414
  No val top1 improvement (4/40); best remains 0.3975
    [23:07:31] step 100/2813 | avg train loss 2.2656 top1 0.3100 top5 0.5600
    [23:07:45] step 200/2813 | avg train loss 2.2304 top1 0.2931 top5 0.5459
    [23:07:57] step 300/2813 | avg train loss 2.2650 top1 0.2908 top5 0.5531
    [23:08:11] step 400/2813 | avg train loss 2.2612 top1 0.2948 top5 0.5586
    [23:08:26] step 500/2813 | avg train loss 2.2574 top1 0.2920 top5 0.5547
    [23:08:42] step 600/2813 | avg train loss 2.2663 top1 0.2928 top5 0.5558
    [23:08:57] step 700/2813 | avg train loss 2.2595 top1 0.2921 top5 0.5509
    [23:09:12] step 800/2813 | avg train loss 2.2649 top1 0.2942 top5 0.5523
    [23:09:27] step 900/2813 | avg train loss 2.2652 top1 0.2944 top5 0.5509
    [23:09:42] step 1000/2813 | avg train loss 2.2568 top1 0.2966 top5 0.5501
    [23:09:58] step 1100/2813 | avg train loss 2.2643 top1 0.2972 top5 0.5513
    [23:10:12] step 1200/2813 | avg train loss 2.2709 top1 0.2939 top5 0.5488
    [23:10:25] step 1300/2813 | avg train loss 2.2775 top1 0.2915 top5 0.5461
    [23:10:38] step 1400/2813 | avg train loss 2.2753 top1 0.2898 top5 0.5450
    [23:10:53] step 1500/2813 | avg train loss 2.2750 top1 0.2905 top5 0.5471
    [23:11:08] step 1600/2813 | avg train loss 2.2714 top1 0.2908 top5 0.5476
    [23:11:24] step 1700/2813 | avg train loss 2.2706 top1 0.2892 top5 0.5464
    [23:11:39] step 1800/2813 | avg train loss 2.2688 top1 0.2894 top5 0.5469
    [23:11:55] step 1900/2813 | avg train loss 2.2675 top1 0.2886 top5 0.5474
    [23:12:10] step 2000/2813 | avg train loss 2.2669 top1 0.2872 top5 0.5467
    [23:12:25] step 2100/2813 | avg train loss 2.2693 top1 0.2871 top5 0.5465
    [23:12:40] step 2200/2813 | avg train loss 2.2697 top1 0.2858 top5 0.5448
    [23:12:53] step 2300/2813 | avg train loss 2.2732 top1 0.2862 top5 0.5452
    [23:13:07] step 2400/2813 | avg train loss 2.2756 top1 0.2883 top5 0.5485
    [23:13:22] step 2500/2813 | avg train loss 2.2760 top1 0.2878 top5 0.5485
    [23:13:38] step 2600/2813 | avg train loss 2.2772 top1 0.2870 top5 0.5478
    [23:13:53] step 2700/2813 | avg train loss 2.2750 top1 0.2863 top5 0.5469
    [23:14:09] step 2800/2813 | avg train loss 2.2758 top1 0.2855 top5 0.5462
    [23:14:11] step 2813/2813 | avg train loss 2.2752 top1 0.2858 top5 0.5463
Epoch 110/150 | train loss 2.2752 top1 0.2858 | val loss 2.4159 top1 0.3337 top5 0.6807 | ema val top1 0.3954 top5 0.7386
  No val top1 improvement (5/40); best remains 0.3975
    [23:15:07] step 100/2813 | avg train loss 2.3540 top1 0.3194 top5 0.5675
    [23:15:20] step 200/2813 | avg train loss 2.2572 top1 0.2988 top5 0.5472
    [23:15:33] step 300/2813 | avg train loss 2.2341 top1 0.2973 top5 0.5437
    [23:15:49] step 400/2813 | avg train loss 2.2462 top1 0.2977 top5 0.5513
    [23:16:04] step 500/2813 | avg train loss 2.2480 top1 0.2850 top5 0.5446
    [23:16:20] step 600/2813 | avg train loss 2.2445 top1 0.2876 top5 0.5480
    [23:16:35] step 700/2813 | avg train loss 2.2547 top1 0.2902 top5 0.5504
    [23:16:51] step 800/2813 | avg train loss 2.2569 top1 0.2938 top5 0.5570
    [23:17:06] step 900/2813 | avg train loss 2.2530 top1 0.2978 top5 0.5625
    [23:17:21] step 1000/2813 | avg train loss 2.2618 top1 0.2963 top5 0.5628
    [23:17:36] step 1100/2813 | avg train loss 2.2613 top1 0.2963 top5 0.5620
    [23:17:49] step 1200/2813 | avg train loss 2.2570 top1 0.2963 top5 0.5615
    [23:18:02] step 1300/2813 | avg train loss 2.2682 top1 0.2965 top5 0.5622
    [23:18:18] step 1400/2813 | avg train loss 2.2719 top1 0.2956 top5 0.5620
    [23:18:33] step 1500/2813 | avg train loss 2.2746 top1 0.2975 top5 0.5626
    [23:18:48] step 1600/2813 | avg train loss 2.2827 top1 0.2964 top5 0.5609
    [23:19:03] step 1700/2813 | avg train loss 2.2827 top1 0.2962 top5 0.5609
    [23:19:18] step 1800/2813 | avg train loss 2.2786 top1 0.2985 top5 0.5620
    [23:19:34] step 1900/2813 | avg train loss 2.2786 top1 0.3002 top5 0.5635
    [23:19:49] step 2000/2813 | avg train loss 2.2834 top1 0.2993 top5 0.5627
    [23:20:04] step 2100/2813 | avg train loss 2.2818 top1 0.2994 top5 0.5629
    [23:20:17] step 2200/2813 | avg train loss 2.2818 top1 0.2987 top5 0.5626
    [23:20:31] step 2300/2813 | avg train loss 2.2829 top1 0.2981 top5 0.5630
    [23:20:46] step 2400/2813 | avg train loss 2.2819 top1 0.2980 top5 0.5632
    [23:21:01] step 2500/2813 | avg train loss 2.2820 top1 0.2974 top5 0.5629
    [23:21:17] step 2600/2813 | avg train loss 2.2839 top1 0.2958 top5 0.5609
    [23:21:32] step 2700/2813 | avg train loss 2.2880 top1 0.2950 top5 0.5601
    [23:21:48] step 2800/2813 | avg train loss 2.2849 top1 0.2951 top5 0.5599
    [23:21:49] step 2813/2813 | avg train loss 2.2842 top1 0.2954 top5 0.5599
Epoch 111/150 | train loss 2.2842 top1 0.2954 | val loss 2.4555 top1 0.3294 top5 0.6731 | ema val top1 0.3963 top5 0.7389
  No val top1 improvement (6/40); best remains 0.3975
    [23:22:42] step 100/2813 | avg train loss 2.1827 top1 0.3331 top5 0.6088
    [23:22:54] step 200/2813 | avg train loss 2.2076 top1 0.3153 top5 0.5909
    [23:23:09] step 300/2813 | avg train loss 2.2385 top1 0.3223 top5 0.5962
    [23:23:25] step 400/2813 | avg train loss 2.2432 top1 0.3142 top5 0.5848
    [23:23:40] step 500/2813 | avg train loss 2.2512 top1 0.3124 top5 0.5855
    [23:23:56] step 600/2813 | avg train loss 2.2507 top1 0.3105 top5 0.5830
    [23:24:11] step 700/2813 | avg train loss 2.2409 top1 0.3087 top5 0.5785
    [23:24:26] step 800/2813 | avg train loss 2.2375 top1 0.3082 top5 0.5770
    [23:24:41] step 900/2813 | avg train loss 2.2414 top1 0.3071 top5 0.5771
    [23:24:56] step 1000/2813 | avg train loss 2.2425 top1 0.3063 top5 0.5767
    [23:25:10] step 1100/2813 | avg train loss 2.2434 top1 0.3084 top5 0.5777
    [23:25:21] step 1200/2813 | avg train loss 2.2450 top1 0.3080 top5 0.5763
    [23:25:26] step 1300/2813 | avg train loss 2.2472 top1 0.3077 top5 0.5741
    [23:25:32] step 1400/2813 | avg train loss 2.2470 top1 0.3064 top5 0.5717
    [23:25:37] step 1500/2813 | avg train loss 2.2419 top1 0.3036 top5 0.5700
    [23:25:43] step 1600/2813 | avg train loss 2.2382 top1 0.3028 top5 0.5679
    [23:25:49] step 1700/2813 | avg train loss 2.2390 top1 0.3022 top5 0.5677
    [23:25:54] step 1800/2813 | avg train loss 2.2417 top1 0.3008 top5 0.5672
    [23:25:59] step 1900/2813 | avg train loss 2.2483 top1 0.2997 top5 0.5660
    [23:26:05] step 2000/2813 | avg train loss 2.2459 top1 0.2984 top5 0.5639
    [23:26:10] step 2100/2813 | avg train loss 2.2470 top1 0.2965 top5 0.5622
    [23:26:16] step 2200/2813 | avg train loss 2.2491 top1 0.2955 top5 0.5611
    [23:26:22] step 2300/2813 | avg train loss 2.2490 top1 0.2954 top5 0.5596
    [23:26:27] step 2400/2813 | avg train loss 2.2504 top1 0.2949 top5 0.5599
    [23:26:33] step 2500/2813 | avg train loss 2.2528 top1 0.2953 top5 0.5614
    [23:26:38] step 2600/2813 | avg train loss 2.2513 top1 0.2946 top5 0.5600
    [23:26:44] step 2700/2813 | avg train loss 2.2504 top1 0.2952 top5 0.5607
    [23:26:49] step 2800/2813 | avg train loss 2.2510 top1 0.2941 top5 0.5591
    [23:26:50] step 2813/2813 | avg train loss 2.2513 top1 0.2941 top5 0.5590
Epoch 112/150 | train loss 2.2513 top1 0.2941 | val loss 2.3972 top1 0.3483 top5 0.6768 | ema val top1 0.3960 top5 0.7407
  No val top1 improvement (7/40); best remains 0.3975
    [23:27:22] step 100/2813 | avg train loss 2.2774 top1 0.2750 top5 0.5456
    [23:27:28] step 200/2813 | avg train loss 2.2050 top1 0.2891 top5 0.5500
    [23:27:33] step 300/2813 | avg train loss 2.2107 top1 0.2863 top5 0.5423
    [23:27:38] step 400/2813 | avg train loss 2.2295 top1 0.2942 top5 0.5530
    [23:27:44] step 500/2813 | avg train loss 2.2498 top1 0.2926 top5 0.5543
    [23:27:49] step 600/2813 | avg train loss 2.2611 top1 0.2897 top5 0.5524
    [23:27:55] step 700/2813 | avg train loss 2.2439 top1 0.2846 top5 0.5429
    [23:28:00] step 800/2813 | avg train loss 2.2491 top1 0.2845 top5 0.5445
    [23:28:06] step 900/2813 | avg train loss 2.2552 top1 0.2835 top5 0.5442
    [23:28:11] step 1000/2813 | avg train loss 2.2565 top1 0.2841 top5 0.5479
    [23:28:17] step 1100/2813 | avg train loss 2.2591 top1 0.2865 top5 0.5503
    [23:28:22] step 1200/2813 | avg train loss 2.2704 top1 0.2866 top5 0.5493
    [23:28:28] step 1300/2813 | avg train loss 2.2680 top1 0.2868 top5 0.5490
    [23:28:33] step 1400/2813 | avg train loss 2.2727 top1 0.2881 top5 0.5505
    [23:28:39] step 1500/2813 | avg train loss 2.2701 top1 0.2914 top5 0.5550
    [23:28:44] step 1600/2813 | avg train loss 2.2679 top1 0.2920 top5 0.5563
    [23:28:50] step 1700/2813 | avg train loss 2.2716 top1 0.2926 top5 0.5569
    [23:28:55] step 1800/2813 | avg train loss 2.2685 top1 0.2941 top5 0.5586
    [23:29:01] step 1900/2813 | avg train loss 2.2730 top1 0.2942 top5 0.5583
    [23:29:06] step 2000/2813 | avg train loss 2.2724 top1 0.2934 top5 0.5568
    [23:29:12] step 2100/2813 | avg train loss 2.2718 top1 0.2938 top5 0.5560
    [23:29:17] step 2200/2813 | avg train loss 2.2700 top1 0.2929 top5 0.5540
    [23:29:23] step 2300/2813 | avg train loss 2.2724 top1 0.2929 top5 0.5540
    [23:29:28] step 2400/2813 | avg train loss 2.2691 top1 0.2929 top5 0.5529
    [23:29:34] step 2500/2813 | avg train loss 2.2706 top1 0.2937 top5 0.5536
    [23:29:39] step 2600/2813 | avg train loss 2.2681 top1 0.2940 top5 0.5544
    [23:29:45] step 2700/2813 | avg train loss 2.2714 top1 0.2933 top5 0.5537
    [23:29:50] step 2800/2813 | avg train loss 2.2707 top1 0.2937 top5 0.5530
    [23:29:51] step 2813/2813 | avg train loss 2.2708 top1 0.2930 top5 0.5523
Epoch 113/150 | train loss 2.2708 top1 0.2930 | val loss 2.4284 top1 0.3420 top5 0.6775 | ema val top1 0.3920 top5 0.7371
  No val top1 improvement (8/40); best remains 0.3975
    [23:30:24] step 100/2813 | avg train loss 2.2465 top1 0.2975 top5 0.5781
    [23:30:29] step 200/2813 | avg train loss 2.2414 top1 0.2881 top5 0.5716
    [23:30:35] step 300/2813 | avg train loss 2.2278 top1 0.2921 top5 0.5660
    [23:30:40] step 400/2813 | avg train loss 2.2387 top1 0.2908 top5 0.5637
    [23:30:46] step 500/2813 | avg train loss 2.2392 top1 0.2956 top5 0.5705
    [23:30:51] step 600/2813 | avg train loss 2.2471 top1 0.3023 top5 0.5755
    [23:30:57] step 700/2813 | avg train loss 2.2435 top1 0.3051 top5 0.5760
    [23:31:02] step 800/2813 | avg train loss 2.2486 top1 0.2999 top5 0.5673
    [23:31:08] step 900/2813 | avg train loss 2.2415 top1 0.2989 top5 0.5644
    [23:31:13] step 1000/2813 | avg train loss 2.2425 top1 0.3020 top5 0.5669
    [23:31:19] step 1100/2813 | avg train loss 2.2401 top1 0.3045 top5 0.5693
    [23:31:24] step 1200/2813 | avg train loss 2.2438 top1 0.3043 top5 0.5693
    [23:31:30] step 1300/2813 | avg train loss 2.2455 top1 0.3026 top5 0.5680
    [23:31:36] step 1400/2813 | avg train loss 2.2466 top1 0.3000 top5 0.5652
    [23:31:41] step 1500/2813 | avg train loss 2.2406 top1 0.2999 top5 0.5631
    [23:31:47] step 1600/2813 | avg train loss 2.2406 top1 0.2991 top5 0.5603
    [23:31:52] step 1700/2813 | avg train loss 2.2429 top1 0.2969 top5 0.5583
    [23:31:58] step 1800/2813 | avg train loss 2.2426 top1 0.2954 top5 0.5557
    [23:32:03] step 1900/2813 | avg train loss 2.2397 top1 0.2957 top5 0.5553
    [23:32:09] step 2000/2813 | avg train loss 2.2415 top1 0.2957 top5 0.5542
    [23:32:14] step 2100/2813 | avg train loss 2.2430 top1 0.2956 top5 0.5548
    [23:32:20] step 2200/2813 | avg train loss 2.2416 top1 0.2974 top5 0.5574
    [23:32:25] step 2300/2813 | avg train loss 2.2384 top1 0.2976 top5 0.5571
    [23:32:31] step 2400/2813 | avg train loss 2.2404 top1 0.2974 top5 0.5575
    [23:32:36] step 2500/2813 | avg train loss 2.2409 top1 0.2970 top5 0.5583
    [23:32:42] step 2600/2813 | avg train loss 2.2434 top1 0.2972 top5 0.5592
    [23:32:47] step 2700/2813 | avg train loss 2.2435 top1 0.2982 top5 0.5599
    [23:32:53] step 2800/2813 | avg train loss 2.2452 top1 0.2990 top5 0.5603
    [23:32:54] step 2813/2813 | avg train loss 2.2450 top1 0.2984 top5 0.5595
Epoch 114/150 | train loss 2.2450 top1 0.2984 | val loss 2.4478 top1 0.3397 top5 0.6703 | ema val top1 0.3911 top5 0.7392
  No val top1 improvement (9/40); best remains 0.3975
    [23:33:26] step 100/2813 | avg train loss 2.2315 top1 0.3075 top5 0.5706
    [23:33:31] step 200/2813 | avg train loss 2.2572 top1 0.3091 top5 0.5703
    [23:33:37] step 300/2813 | avg train loss 2.2334 top1 0.2996 top5 0.5577
    [23:33:42] step 400/2813 | avg train loss 2.2382 top1 0.3086 top5 0.5691
    [23:33:48] step 500/2813 | avg train loss 2.2268 top1 0.3075 top5 0.5689
    [23:33:53] step 600/2813 | avg train loss 2.2301 top1 0.3075 top5 0.5701
    [23:33:59] step 700/2813 | avg train loss 2.2396 top1 0.3077 top5 0.5687
    [23:34:04] step 800/2813 | avg train loss 2.2565 top1 0.3071 top5 0.5683
    [23:34:10] step 900/2813 | avg train loss 2.2431 top1 0.3123 top5 0.5749
    [23:34:15] step 1000/2813 | avg train loss 2.2515 top1 0.3128 top5 0.5778
    [23:34:21] step 1100/2813 | avg train loss 2.2497 top1 0.3113 top5 0.5776
    [23:34:26] step 1200/2813 | avg train loss 2.2500 top1 0.3100 top5 0.5746
    [23:34:32] step 1300/2813 | avg train loss 2.2553 top1 0.3063 top5 0.5717
    [23:34:37] step 1400/2813 | avg train loss 2.2551 top1 0.3054 top5 0.5701
    [23:34:43] step 1500/2813 | avg train loss 2.2515 top1 0.3045 top5 0.5690
    [23:34:48] step 1600/2813 | avg train loss 2.2495 top1 0.3029 top5 0.5666
    [23:34:54] step 1700/2813 | avg train loss 2.2509 top1 0.3019 top5 0.5660
    [23:34:59] step 1800/2813 | avg train loss 2.2492 top1 0.3010 top5 0.5653
    [23:35:05] step 1900/2813 | avg train loss 2.2483 top1 0.3016 top5 0.5662
    [23:35:10] step 2000/2813 | avg train loss 2.2519 top1 0.2999 top5 0.5648
    [23:35:16] step 2100/2813 | avg train loss 2.2515 top1 0.2990 top5 0.5637
    [23:35:21] step 2200/2813 | avg train loss 2.2499 top1 0.2971 top5 0.5607
    [23:35:27] step 2300/2813 | avg train loss 2.2478 top1 0.2990 top5 0.5635
    [23:35:32] step 2400/2813 | avg train loss 2.2512 top1 0.2980 top5 0.5627
    [23:35:38] step 2500/2813 | avg train loss 2.2527 top1 0.2992 top5 0.5635
    [23:35:43] step 2600/2813 | avg train loss 2.2541 top1 0.3006 top5 0.5648
    [23:35:49] step 2700/2813 | avg train loss 2.2505 top1 0.3002 top5 0.5638
    [23:35:54] step 2800/2813 | avg train loss 2.2517 top1 0.2997 top5 0.5640
    [23:35:55] step 2813/2813 | avg train loss 2.2514 top1 0.2993 top5 0.5638
Epoch 115/150 | train loss 2.2514 top1 0.2993 | val loss 2.4374 top1 0.3351 top5 0.6669 | ema val top1 0.3920 top5 0.7371
  No val top1 improvement (10/40); best remains 0.3975
    [23:36:27] step 100/2813 | avg train loss 2.3168 top1 0.3038 top5 0.5587
    [23:36:32] step 200/2813 | avg train loss 2.3091 top1 0.3044 top5 0.5531
    [23:36:38] step 300/2813 | avg train loss 2.2896 top1 0.3031 top5 0.5577
    [23:36:43] step 400/2813 | avg train loss 2.2481 top1 0.3080 top5 0.5627
    [23:36:49] step 500/2813 | avg train loss 2.2664 top1 0.3095 top5 0.5680
    [23:36:54] step 600/2813 | avg train loss 2.2695 top1 0.3025 top5 0.5595
    [23:37:00] step 700/2813 | avg train loss 2.2629 top1 0.2971 top5 0.5541
    [23:37:05] step 800/2813 | avg train loss 2.2648 top1 0.2956 top5 0.5566
    [23:37:11] step 900/2813 | avg train loss 2.2612 top1 0.3015 top5 0.5600
    [23:37:16] step 1000/2813 | avg train loss 2.2577 top1 0.2989 top5 0.5547
    [23:37:22] step 1100/2813 | avg train loss 2.2525 top1 0.2973 top5 0.5543
    [23:37:27] step 1200/2813 | avg train loss 2.2457 top1 0.2969 top5 0.5537
    [23:37:33] step 1300/2813 | avg train loss 2.2441 top1 0.2977 top5 0.5554
    [23:37:38] step 1400/2813 | avg train loss 2.2412 top1 0.3004 top5 0.5558
    [23:37:44] step 1500/2813 | avg train loss 2.2394 top1 0.2990 top5 0.5539
    [23:37:49] step 1600/2813 | avg train loss 2.2374 top1 0.2991 top5 0.5535
    [23:37:55] step 1700/2813 | avg train loss 2.2392 top1 0.2994 top5 0.5553
    [23:38:00] step 1800/2813 | avg train loss 2.2404 top1 0.2994 top5 0.5557
    [23:38:06] step 1900/2813 | avg train loss 2.2388 top1 0.2998 top5 0.5560
    [23:38:11] step 2000/2813 | avg train loss 2.2379 top1 0.2998 top5 0.5556
    [23:38:17] step 2100/2813 | avg train loss 2.2376 top1 0.3005 top5 0.5565
    [23:38:22] step 2200/2813 | avg train loss 2.2350 top1 0.3005 top5 0.5563
    [23:38:28] step 2300/2813 | avg train loss 2.2325 top1 0.3012 top5 0.5571
    [23:38:33] step 2400/2813 | avg train loss 2.2355 top1 0.3013 top5 0.5569
    [23:38:39] step 2500/2813 | avg train loss 2.2391 top1 0.3009 top5 0.5576
    [23:38:44] step 2600/2813 | avg train loss 2.2359 top1 0.3008 top5 0.5575
    [23:38:50] step 2700/2813 | avg train loss 2.2373 top1 0.3009 top5 0.5579
    [23:38:55] step 2800/2813 | avg train loss 2.2368 top1 0.3009 top5 0.5583
    [23:38:56] step 2813/2813 | avg train loss 2.2363 top1 0.3005 top5 0.5578
Epoch 116/150 | train loss 2.2363 top1 0.3005 | val loss 2.4569 top1 0.3321 top5 0.6691 | ema val top1 0.3924 top5 0.7392
  No val top1 improvement (11/40); best remains 0.3975
    [23:39:28] step 100/2813 | avg train loss 2.2305 top1 0.3100 top5 0.5887
    [23:39:34] step 200/2813 | avg train loss 2.2208 top1 0.3031 top5 0.5809
    [23:39:39] step 300/2813 | avg train loss 2.2429 top1 0.2952 top5 0.5648
    [23:39:44] step 400/2813 | avg train loss 2.2470 top1 0.2955 top5 0.5613
    [23:39:50] step 500/2813 | avg train loss 2.2454 top1 0.3018 top5 0.5667
    [23:39:55] step 600/2813 | avg train loss 2.2639 top1 0.3002 top5 0.5651
    [23:40:01] step 700/2813 | avg train loss 2.2467 top1 0.3073 top5 0.5685
    [23:40:07] step 800/2813 | avg train loss 2.2496 top1 0.3045 top5 0.5671
    [23:40:12] step 900/2813 | avg train loss 2.2539 top1 0.3022 top5 0.5649
    [23:40:17] step 1000/2813 | avg train loss 2.2551 top1 0.3012 top5 0.5629
    [23:40:23] step 1100/2813 | avg train loss 2.2631 top1 0.2998 top5 0.5613
    [23:40:28] step 1200/2813 | avg train loss 2.2567 top1 0.2974 top5 0.5596
    [23:40:34] step 1300/2813 | avg train loss 2.2588 top1 0.2987 top5 0.5615
    [23:40:39] step 1400/2813 | avg train loss 2.2541 top1 0.3003 top5 0.5637
    [23:40:45] step 1500/2813 | avg train loss 2.2566 top1 0.2992 top5 0.5628
    [23:40:50] step 1600/2813 | avg train loss 2.2560 top1 0.3011 top5 0.5659
    [23:40:56] step 1700/2813 | avg train loss 2.2487 top1 0.3002 top5 0.5647
    [23:41:01] step 1800/2813 | avg train loss 2.2471 top1 0.2985 top5 0.5619
    [23:41:07] step 1900/2813 | avg train loss 2.2514 top1 0.2981 top5 0.5618
    [23:41:12] step 2000/2813 | avg train loss 2.2545 top1 0.2977 top5 0.5613
    [23:41:18] step 2100/2813 | avg train loss 2.2495 top1 0.2966 top5 0.5596
    [23:41:23] step 2200/2813 | avg train loss 2.2472 top1 0.2970 top5 0.5597
    [23:41:29] step 2300/2813 | avg train loss 2.2505 top1 0.2976 top5 0.5613
    [23:41:34] step 2400/2813 | avg train loss 2.2530 top1 0.2968 top5 0.5608
    [23:41:40] step 2500/2813 | avg train loss 2.2499 top1 0.2962 top5 0.5590
    [23:41:45] step 2600/2813 | avg train loss 2.2511 top1 0.2969 top5 0.5593
    [23:41:51] step 2700/2813 | avg train loss 2.2515 top1 0.2968 top5 0.5597
    [23:41:56] step 2800/2813 | avg train loss 2.2534 top1 0.2972 top5 0.5601
    [23:41:57] step 2813/2813 | avg train loss 2.2532 top1 0.2968 top5 0.5596
Epoch 117/150 | train loss 2.2532 top1 0.2968 | val loss 2.4022 top1 0.3472 top5 0.6771 | ema val top1 0.3935 top5 0.7379
  No val top1 improvement (12/40); best remains 0.3975
    [23:42:29] step 100/2813 | avg train loss 2.1993 top1 0.2706 top5 0.5225
    [23:42:34] step 200/2813 | avg train loss 2.1793 top1 0.2875 top5 0.5347
    [23:42:40] step 300/2813 | avg train loss 2.1901 top1 0.2827 top5 0.5265
    [23:42:45] step 400/2813 | avg train loss 2.1740 top1 0.2863 top5 0.5258
    [23:42:51] step 500/2813 | avg train loss 2.1574 top1 0.2943 top5 0.5327
    [23:42:56] step 600/2813 | avg train loss 2.1686 top1 0.2914 top5 0.5346
    [23:43:02] step 700/2813 | avg train loss 2.1799 top1 0.2881 top5 0.5354
    [23:43:07] step 800/2813 | avg train loss 2.1793 top1 0.2891 top5 0.5368
    [23:43:13] step 900/2813 | avg train loss 2.1867 top1 0.2936 top5 0.5441
    [23:43:18] step 1000/2813 | avg train loss 2.1821 top1 0.2928 top5 0.5428
    [23:43:24] step 1100/2813 | avg train loss 2.1780 top1 0.2945 top5 0.5441
    [23:43:29] step 1200/2813 | avg train loss 2.1944 top1 0.2951 top5 0.5449
    [23:43:35] step 1300/2813 | avg train loss 2.1972 top1 0.2949 top5 0.5438
    [23:43:40] step 1400/2813 | avg train loss 2.1988 top1 0.2942 top5 0.5444
    [23:43:46] step 1500/2813 | avg train loss 2.2018 top1 0.2950 top5 0.5455
    [23:43:51] step 1600/2813 | avg train loss 2.2022 top1 0.2959 top5 0.5494
    [23:43:57] step 1700/2813 | avg train loss 2.2090 top1 0.2961 top5 0.5492
    [23:44:02] step 1800/2813 | avg train loss 2.2160 top1 0.2944 top5 0.5464
    [23:44:08] step 1900/2813 | avg train loss 2.2193 top1 0.2934 top5 0.5464
    [23:44:13] step 2000/2813 | avg train loss 2.2219 top1 0.2933 top5 0.5465
    [23:44:19] step 2100/2813 | avg train loss 2.2234 top1 0.2943 top5 0.5470
    [23:44:24] step 2200/2813 | avg train loss 2.2236 top1 0.2936 top5 0.5476
    [23:44:30] step 2300/2813 | avg train loss 2.2245 top1 0.2936 top5 0.5485
    [23:44:35] step 2400/2813 | avg train loss 2.2268 top1 0.2928 top5 0.5490
    [23:44:41] step 2500/2813 | avg train loss 2.2278 top1 0.2918 top5 0.5482
    [23:44:46] step 2600/2813 | avg train loss 2.2294 top1 0.2914 top5 0.5480
    [23:44:51] step 2700/2813 | avg train loss 2.2279 top1 0.2924 top5 0.5491
    [23:44:57] step 2800/2813 | avg train loss 2.2263 top1 0.2924 top5 0.5489
    [23:44:58] step 2813/2813 | avg train loss 2.2258 top1 0.2925 top5 0.5487
Epoch 118/150 | train loss 2.2258 top1 0.2925 | val loss 2.4368 top1 0.3373 top5 0.6842 | ema val top1 0.3915 top5 0.7368
  No val top1 improvement (13/40); best remains 0.3975
    [23:45:30] step 100/2813 | avg train loss 2.2026 top1 0.3281 top5 0.5637
    [23:45:35] step 200/2813 | avg train loss 2.2555 top1 0.3191 top5 0.5656
    [23:45:41] step 300/2813 | avg train loss 2.2284 top1 0.3058 top5 0.5525
    [23:45:47] step 400/2813 | avg train loss 2.2264 top1 0.3027 top5 0.5464
    [23:45:52] step 500/2813 | avg train loss 2.2121 top1 0.3006 top5 0.5493
    [23:45:58] step 600/2813 | avg train loss 2.2190 top1 0.2959 top5 0.5494
    [23:46:03] step 700/2813 | avg train loss 2.2217 top1 0.2966 top5 0.5515
    [23:46:09] step 800/2813 | avg train loss 2.2154 top1 0.2981 top5 0.5512
    [23:46:14] step 900/2813 | avg train loss 2.2189 top1 0.2948 top5 0.5505
    [23:46:20] step 1000/2813 | avg train loss 2.2125 top1 0.2946 top5 0.5486
    [23:46:25] step 1100/2813 | avg train loss 2.2128 top1 0.2953 top5 0.5496
    [23:46:31] step 1200/2813 | avg train loss 2.2186 top1 0.2949 top5 0.5518
    [23:46:36] step 1300/2813 | avg train loss 2.2181 top1 0.2940 top5 0.5519
    [23:46:42] step 1400/2813 | avg train loss 2.2234 top1 0.2942 top5 0.5525
    [23:46:47] step 1500/2813 | avg train loss 2.2196 top1 0.2965 top5 0.5546
    [23:46:53] step 1600/2813 | avg train loss 2.2134 top1 0.2975 top5 0.5560
    [23:46:58] step 1700/2813 | avg train loss 2.2104 top1 0.2975 top5 0.5560
    [23:47:04] step 1800/2813 | avg train loss 2.2167 top1 0.2974 top5 0.5560
    [23:47:09] step 1900/2813 | avg train loss 2.2156 top1 0.2970 top5 0.5559
    [23:47:15] step 2000/2813 | avg train loss 2.2226 top1 0.2977 top5 0.5576
    [23:47:20] step 2100/2813 | avg train loss 2.2216 top1 0.2957 top5 0.5560
    [23:47:26] step 2200/2813 | avg train loss 2.2199 top1 0.2970 top5 0.5582
    [23:47:31] step 2300/2813 | avg train loss 2.2215 top1 0.2975 top5 0.5590
    [23:47:37] step 2400/2813 | avg train loss 2.2217 top1 0.2979 top5 0.5591
    [23:47:42] step 2500/2813 | avg train loss 2.2189 top1 0.2987 top5 0.5595
    [23:47:48] step 2600/2813 | avg train loss 2.2193 top1 0.2988 top5 0.5593
    [23:47:53] step 2700/2813 | avg train loss 2.2218 top1 0.2987 top5 0.5588
    [23:47:59] step 2800/2813 | avg train loss 2.2200 top1 0.2988 top5 0.5599
    [23:47:59] step 2813/2813 | avg train loss 2.2205 top1 0.2986 top5 0.5600
Epoch 119/150 | train loss 2.2205 top1 0.2986 | val loss 2.3941 top1 0.3376 top5 0.6891 | ema val top1 0.3905 top5 0.7364
  No val top1 improvement (14/40); best remains 0.3975
    [23:48:32] step 100/2813 | avg train loss 2.2377 top1 0.2894 top5 0.5431
    [23:48:37] step 200/2813 | avg train loss 2.3056 top1 0.2947 top5 0.5569
    [23:48:43] step 300/2813 | avg train loss 2.2915 top1 0.2965 top5 0.5508
    [23:48:48] step 400/2813 | avg train loss 2.2695 top1 0.3019 top5 0.5609
    [23:48:54] step 500/2813 | avg train loss 2.2522 top1 0.3078 top5 0.5669
    [23:48:59] step 600/2813 | avg train loss 2.2408 top1 0.3086 top5 0.5649
    [23:49:05] step 700/2813 | avg train loss 2.2294 top1 0.3125 top5 0.5697
    [23:49:11] step 800/2813 | avg train loss 2.2235 top1 0.3116 top5 0.5698
    [23:49:16] step 900/2813 | avg train loss 2.2192 top1 0.3138 top5 0.5710
    [23:49:22] step 1000/2813 | avg train loss 2.2153 top1 0.3139 top5 0.5703
    [23:49:27] step 1100/2813 | avg train loss 2.2194 top1 0.3136 top5 0.5701
    [23:49:33] step 1200/2813 | avg train loss 2.2118 top1 0.3126 top5 0.5669
    [23:49:38] step 1300/2813 | avg train loss 2.2089 top1 0.3112 top5 0.5649
    [23:49:44] step 1400/2813 | avg train loss 2.2025 top1 0.3112 top5 0.5640
    [23:49:49] step 1500/2813 | avg train loss 2.2013 top1 0.3106 top5 0.5645
    [23:49:55] step 1600/2813 | avg train loss 2.2043 top1 0.3091 top5 0.5639
    [23:50:00] step 1700/2813 | avg train loss 2.2039 top1 0.3089 top5 0.5637
    [23:50:06] step 1800/2813 | avg train loss 2.2043 top1 0.3081 top5 0.5637
    [23:50:11] step 1900/2813 | avg train loss 2.2038 top1 0.3074 top5 0.5633
    [23:50:17] step 2000/2813 | avg train loss 2.2071 top1 0.3074 top5 0.5636
    [23:50:22] step 2100/2813 | avg train loss 2.2082 top1 0.3069 top5 0.5627
    [23:50:28] step 2200/2813 | avg train loss 2.2127 top1 0.3056 top5 0.5618
    [23:50:34] step 2300/2813 | avg train loss 2.2183 top1 0.3042 top5 0.5615
    [23:50:39] step 2400/2813 | avg train loss 2.2175 top1 0.3034 top5 0.5615
    [23:50:45] step 2500/2813 | avg train loss 2.2177 top1 0.3030 top5 0.5616
    [23:50:50] step 2600/2813 | avg train loss 2.2182 top1 0.3018 top5 0.5601
    [23:50:56] step 2700/2813 | avg train loss 2.2182 top1 0.3023 top5 0.5604
    [23:51:01] step 2800/2813 | avg train loss 2.2214 top1 0.3020 top5 0.5603
    [23:51:02] step 2813/2813 | avg train loss 2.2214 top1 0.3022 top5 0.5603
Epoch 120/150 | train loss 2.2214 top1 0.3022 | val loss 2.3780 top1 0.3447 top5 0.6925 | ema val top1 0.3917 top5 0.7374
  No val top1 improvement (15/40); best remains 0.3975
    [23:51:34] step 100/2813 | avg train loss 2.1803 top1 0.2881 top5 0.5544
    [23:51:39] step 200/2813 | avg train loss 2.2410 top1 0.2881 top5 0.5550
    [23:51:45] step 300/2813 | avg train loss 2.2377 top1 0.2969 top5 0.5625
    [23:51:51] step 400/2813 | avg train loss 2.2350 top1 0.2930 top5 0.5530
    [23:51:56] step 500/2813 | avg train loss 2.2376 top1 0.2945 top5 0.5536
    [23:52:02] step 600/2813 | avg train loss 2.2292 top1 0.2915 top5 0.5499
    [23:52:07] step 700/2813 | avg train loss 2.2282 top1 0.2922 top5 0.5528
    [23:52:12] step 800/2813 | avg train loss 2.2242 top1 0.2996 top5 0.5570
    [23:52:18] step 900/2813 | avg train loss 2.2184 top1 0.2972 top5 0.5524
    [23:52:24] step 1000/2813 | avg train loss 2.2238 top1 0.2983 top5 0.5558
    [23:52:29] step 1100/2813 | avg train loss 2.2255 top1 0.2978 top5 0.5545
    [23:52:35] step 1200/2813 | avg train loss 2.2197 top1 0.3004 top5 0.5563
    [23:52:40] step 1300/2813 | avg train loss 2.2196 top1 0.3041 top5 0.5584
    [23:52:46] step 1400/2813 | avg train loss 2.2201 top1 0.3033 top5 0.5571
    [23:52:51] step 1500/2813 | avg train loss 2.2186 top1 0.3012 top5 0.5555
    [23:52:57] step 1600/2813 | avg train loss 2.2177 top1 0.3029 top5 0.5575
    [23:53:02] step 1700/2813 | avg train loss 2.2176 top1 0.3007 top5 0.5560
    [23:53:08] step 1800/2813 | avg train loss 2.2155 top1 0.2988 top5 0.5543
    [23:53:13] step 1900/2813 | avg train loss 2.2153 top1 0.2983 top5 0.5537
    [23:53:19] step 2000/2813 | avg train loss 2.2157 top1 0.2976 top5 0.5534
    [23:53:24] step 2100/2813 | avg train loss 2.2156 top1 0.2960 top5 0.5523
    [23:53:30] step 2200/2813 | avg train loss 2.2196 top1 0.2958 top5 0.5525
    [23:53:35] step 2300/2813 | avg train loss 2.2217 top1 0.2968 top5 0.5533
    [23:53:41] step 2400/2813 | avg train loss 2.2195 top1 0.2988 top5 0.5552
    [23:53:46] step 2500/2813 | avg train loss 2.2199 top1 0.3001 top5 0.5568
    [23:53:52] step 2600/2813 | avg train loss 2.2184 top1 0.3005 top5 0.5561
    [23:53:57] step 2700/2813 | avg train loss 2.2178 top1 0.3006 top5 0.5565
    [23:54:03] step 2800/2813 | avg train loss 2.2156 top1 0.3016 top5 0.5572
    [23:54:04] step 2813/2813 | avg train loss 2.2163 top1 0.3015 top5 0.5574
Epoch 121/150 | train loss 2.2163 top1 0.3015 | val loss 2.4003 top1 0.3416 top5 0.6792 | ema val top1 0.3923 top5 0.7346
  No val top1 improvement (16/40); best remains 0.3975
    [23:54:36] step 100/2813 | avg train loss 2.1202 top1 0.3406 top5 0.6250
    [23:54:42] step 200/2813 | avg train loss 2.1533 top1 0.3428 top5 0.6191
    [23:54:48] step 300/2813 | avg train loss 2.1545 top1 0.3415 top5 0.6096
    [23:54:53] step 400/2813 | avg train loss 2.1657 top1 0.3375 top5 0.6003
    [23:54:59] step 500/2813 | avg train loss 2.1974 top1 0.3327 top5 0.5980
    [23:55:04] step 600/2813 | avg train loss 2.1835 top1 0.3286 top5 0.5896
    [23:55:10] step 700/2813 | avg train loss 2.1789 top1 0.3255 top5 0.5829
    [23:55:15] step 800/2813 | avg train loss 2.1857 top1 0.3210 top5 0.5751
    [23:55:21] step 900/2813 | avg train loss 2.1868 top1 0.3251 top5 0.5809
    [23:55:27] step 1000/2813 | avg train loss 2.1888 top1 0.3221 top5 0.5787
    [23:55:32] step 1100/2813 | avg train loss 2.1908 top1 0.3171 top5 0.5742
    [23:55:38] step 1200/2813 | avg train loss 2.1904 top1 0.3159 top5 0.5728
    [23:55:43] step 1300/2813 | avg train loss 2.1926 top1 0.3144 top5 0.5716
    [23:55:49] step 1400/2813 | avg train loss 2.1937 top1 0.3129 top5 0.5703
    [23:55:54] step 1500/2813 | avg train loss 2.1928 top1 0.3128 top5 0.5703
    [23:56:00] step 1600/2813 | avg train loss 2.1982 top1 0.3127 top5 0.5701
    [23:56:05] step 1700/2813 | avg train loss 2.1956 top1 0.3163 top5 0.5732
    [23:56:11] step 1800/2813 | avg train loss 2.1942 top1 0.3166 top5 0.5747
    [23:56:17] step 1900/2813 | avg train loss 2.1995 top1 0.3141 top5 0.5723
    [23:56:22] step 2000/2813 | avg train loss 2.1959 top1 0.3134 top5 0.5717
    [23:56:28] step 2100/2813 | avg train loss 2.1929 top1 0.3150 top5 0.5735
    [23:56:33] step 2200/2813 | avg train loss 2.1939 top1 0.3140 top5 0.5733
    [23:56:39] step 2300/2813 | avg train loss 2.1945 top1 0.3129 top5 0.5721
    [23:56:44] step 2400/2813 | avg train loss 2.1945 top1 0.3130 top5 0.5731
    [23:56:50] step 2500/2813 | avg train loss 2.1971 top1 0.3116 top5 0.5712
    [23:56:56] step 2600/2813 | avg train loss 2.1957 top1 0.3112 top5 0.5710
    [23:57:01] step 2700/2813 | avg train loss 2.1970 top1 0.3121 top5 0.5721
    [23:57:07] step 2800/2813 | avg train loss 2.1986 top1 0.3117 top5 0.5716
    [23:57:07] step 2813/2813 | avg train loss 2.1983 top1 0.3115 top5 0.5716
Epoch 122/150 | train loss 2.1983 top1 0.3115 | val loss 2.3758 top1 0.3543 top5 0.6964 | ema val top1 0.3960 top5 0.7343
  No val top1 improvement (17/40); best remains 0.3975
    [23:57:40] step 100/2813 | avg train loss 2.1058 top1 0.3187 top5 0.5863
    [23:57:45] step 200/2813 | avg train loss 2.1283 top1 0.3125 top5 0.5725
    [23:57:51] step 300/2813 | avg train loss 2.1449 top1 0.3146 top5 0.5752
    [23:57:56] step 400/2813 | avg train loss 2.1788 top1 0.3106 top5 0.5706
    [23:58:02] step 500/2813 | avg train loss 2.1635 top1 0.3075 top5 0.5641
    [23:58:07] step 600/2813 | avg train loss 2.1812 top1 0.3046 top5 0.5634
    [23:58:13] step 700/2813 | avg train loss 2.1678 top1 0.3037 top5 0.5591
    [23:58:18] step 800/2813 | avg train loss 2.1844 top1 0.3081 top5 0.5620
    [23:58:24] step 900/2813 | avg train loss 2.1875 top1 0.3089 top5 0.5649
    [23:58:30] step 1000/2813 | avg train loss 2.1815 top1 0.3124 top5 0.5698
    [23:58:35] step 1100/2813 | avg train loss 2.1847 top1 0.3104 top5 0.5672
    [23:58:41] step 1200/2813 | avg train loss 2.1859 top1 0.3096 top5 0.5654
    [23:58:46] step 1300/2813 | avg train loss 2.1943 top1 0.3090 top5 0.5654
    [23:58:52] step 1400/2813 | avg train loss 2.1938 top1 0.3081 top5 0.5661
    [23:58:57] step 1500/2813 | avg train loss 2.1941 top1 0.3064 top5 0.5647
    [23:59:03] step 1600/2813 | avg train loss 2.2000 top1 0.3057 top5 0.5661
    [23:59:08] step 1700/2813 | avg train loss 2.2000 top1 0.3073 top5 0.5678
    [23:59:14] step 1800/2813 | avg train loss 2.1994 top1 0.3079 top5 0.5685
    [23:59:19] step 1900/2813 | avg train loss 2.2008 top1 0.3083 top5 0.5687
    [23:59:25] step 2000/2813 | avg train loss 2.2016 top1 0.3081 top5 0.5690
    [23:59:30] step 2100/2813 | avg train loss 2.1999 top1 0.3070 top5 0.5675
    [23:59:36] step 2200/2813 | avg train loss 2.2017 top1 0.3061 top5 0.5663
    [23:59:41] step 2300/2813 | avg train loss 2.1977 top1 0.3076 top5 0.5664
    [23:59:47] step 2400/2813 | avg train loss 2.1957 top1 0.3076 top5 0.5659
    [23:59:52] step 2500/2813 | avg train loss 2.1931 top1 0.3078 top5 0.5657
    [23:59:58] step 2600/2813 | avg train loss 2.1962 top1 0.3071 top5 0.5647
    [00:00:03] step 2700/2813 | avg train loss 2.1943 top1 0.3070 top5 0.5639
    [00:00:09] step 2800/2813 | avg train loss 2.1955 top1 0.3054 top5 0.5627
    [00:00:10] step 2813/2813 | avg train loss 2.1957 top1 0.3051 top5 0.5624
Epoch 123/150 | train loss 2.1957 top1 0.3051 | val loss 2.3969 top1 0.3512 top5 0.6833 | ema val top1 0.3973 top5 0.7352
  No val top1 improvement (18/40); best remains 0.3975
    [00:00:42] step 100/2813 | avg train loss 2.1065 top1 0.3187 top5 0.5725
    [00:00:48] step 200/2813 | avg train loss 2.1060 top1 0.3100 top5 0.5550
    [00:00:53] step 300/2813 | avg train loss 2.1260 top1 0.3100 top5 0.5642
    [00:00:59] step 400/2813 | avg train loss 2.1571 top1 0.3069 top5 0.5648
    [00:01:04] step 500/2813 | avg train loss 2.1702 top1 0.3071 top5 0.5643
    [00:01:10] step 600/2813 | avg train loss 2.1712 top1 0.3029 top5 0.5611
    [00:01:16] step 700/2813 | avg train loss 2.1639 top1 0.3035 top5 0.5613
    [00:01:21] step 800/2813 | avg train loss 2.1655 top1 0.3074 top5 0.5652
    [00:01:27] step 900/2813 | avg train loss 2.1630 top1 0.3076 top5 0.5657
    [00:01:32] step 1000/2813 | avg train loss 2.1561 top1 0.3091 top5 0.5663
    [00:01:38] step 1100/2813 | avg train loss 2.1583 top1 0.3071 top5 0.5639
    [00:01:43] step 1200/2813 | avg train loss 2.1638 top1 0.3066 top5 0.5655
    [00:01:49] step 1300/2813 | avg train loss 2.1635 top1 0.3097 top5 0.5674
    [00:01:54] step 1400/2813 | avg train loss 2.1691 top1 0.3072 top5 0.5659
    [00:02:00] step 1500/2813 | avg train loss 2.1642 top1 0.3066 top5 0.5643
    [00:02:05] step 1600/2813 | avg train loss 2.1619 top1 0.3059 top5 0.5641
    [00:02:11] step 1700/2813 | avg train loss 2.1649 top1 0.3068 top5 0.5660
    [00:02:16] step 1800/2813 | avg train loss 2.1699 top1 0.3065 top5 0.5643
    [00:02:22] step 1900/2813 | avg train loss 2.1701 top1 0.3046 top5 0.5633
    [00:02:27] step 2000/2813 | avg train loss 2.1756 top1 0.3038 top5 0.5627
    [00:02:33] step 2100/2813 | avg train loss 2.1807 top1 0.3046 top5 0.5649
    [00:02:38] step 2200/2813 | avg train loss 2.1800 top1 0.3070 top5 0.5670
    [00:02:44] step 2300/2813 | avg train loss 2.1791 top1 0.3078 top5 0.5680
    [00:02:49] step 2400/2813 | avg train loss 2.1760 top1 0.3078 top5 0.5680
    [00:02:55] step 2500/2813 | avg train loss 2.1728 top1 0.3064 top5 0.5657
    [00:03:01] step 2600/2813 | avg train loss 2.1755 top1 0.3069 top5 0.5662
    [00:03:06] step 2700/2813 | avg train loss 2.1772 top1 0.3057 top5 0.5647
    [00:03:12] step 2800/2813 | avg train loss 2.1786 top1 0.3049 top5 0.5640
    [00:03:12] step 2813/2813 | avg train loss 2.1786 top1 0.3049 top5 0.5641
Epoch 124/150 | train loss 2.1786 top1 0.3049 | val loss 2.4018 top1 0.3451 top5 0.6842 | ema val top1 0.3953 top5 0.7361
  No val top1 improvement (19/40); best remains 0.3975
    [00:03:44] step 100/2813 | avg train loss 2.1516 top1 0.3106 top5 0.5456
    [00:03:50] step 200/2813 | avg train loss 2.0923 top1 0.3200 top5 0.5656
    [00:03:55] step 300/2813 | avg train loss 2.1141 top1 0.3225 top5 0.5785
    [00:04:01] step 400/2813 | avg train loss 2.1318 top1 0.3212 top5 0.5763
    [00:04:06] step 500/2813 | avg train loss 2.1398 top1 0.3232 top5 0.5770
    [00:04:12] step 600/2813 | avg train loss 2.1543 top1 0.3207 top5 0.5765
    [00:04:17] step 700/2813 | avg train loss 2.1532 top1 0.3199 top5 0.5744
    [00:04:23] step 800/2813 | avg train loss 2.1622 top1 0.3225 top5 0.5773
    [00:04:28] step 900/2813 | avg train loss 2.1523 top1 0.3238 top5 0.5779
    [00:04:34] step 1000/2813 | avg train loss 2.1514 top1 0.3229 top5 0.5793
    [00:04:39] step 1100/2813 | avg train loss 2.1577 top1 0.3194 top5 0.5757
    [00:04:45] step 1200/2813 | avg train loss 2.1596 top1 0.3182 top5 0.5739
    [00:04:50] step 1300/2813 | avg train loss 2.1573 top1 0.3170 top5 0.5742
    [00:04:56] step 1400/2813 | avg train loss 2.1589 top1 0.3175 top5 0.5755
    [00:05:01] step 1500/2813 | avg train loss 2.1625 top1 0.3160 top5 0.5740
    [00:05:07] step 1600/2813 | avg train loss 2.1652 top1 0.3169 top5 0.5739
    [00:05:12] step 1700/2813 | avg train loss 2.1694 top1 0.3162 top5 0.5718
    [00:05:18] step 1800/2813 | avg train loss 2.1725 top1 0.3144 top5 0.5695
    [00:05:23] step 1900/2813 | avg train loss 2.1768 top1 0.3152 top5 0.5700
    [00:05:29] step 2000/2813 | avg train loss 2.1803 top1 0.3139 top5 0.5696
    [00:05:34] step 2100/2813 | avg train loss 2.1727 top1 0.3149 top5 0.5716
    [00:05:40] step 2200/2813 | avg train loss 2.1718 top1 0.3133 top5 0.5690
    [00:05:45] step 2300/2813 | avg train loss 2.1719 top1 0.3125 top5 0.5675
    [00:05:51] step 2400/2813 | avg train loss 2.1779 top1 0.3113 top5 0.5665
    [00:05:56] step 2500/2813 | avg train loss 2.1781 top1 0.3121 top5 0.5671
    [00:06:02] step 2600/2813 | avg train loss 2.1789 top1 0.3122 top5 0.5682
    [00:06:07] step 2700/2813 | avg train loss 2.1811 top1 0.3109 top5 0.5671
    [00:06:13] step 2800/2813 | avg train loss 2.1854 top1 0.3109 top5 0.5666
    [00:06:13] step 2813/2813 | avg train loss 2.1846 top1 0.3112 top5 0.5667
Epoch 125/150 | train loss 2.1846 top1 0.3112 | val loss 2.3770 top1 0.3580 top5 0.6847 | ema val top1 0.3963 top5 0.7373
  No val top1 improvement (20/40); best remains 0.3975
    [00:06:46] step 100/2813 | avg train loss 2.1359 top1 0.3394 top5 0.5931
    [00:06:51] step 200/2813 | avg train loss 2.1337 top1 0.3294 top5 0.5847
    [00:06:57] step 300/2813 | avg train loss 2.1402 top1 0.3252 top5 0.5802
    [00:07:02] step 400/2813 | avg train loss 2.1705 top1 0.3178 top5 0.5753
    [00:07:08] step 500/2813 | avg train loss 2.1508 top1 0.3191 top5 0.5740
    [00:07:13] step 600/2813 | avg train loss 2.1711 top1 0.3127 top5 0.5671
    [00:07:19] step 700/2813 | avg train loss 2.1720 top1 0.3165 top5 0.5691
    [00:07:24] step 800/2813 | avg train loss 2.1699 top1 0.3175 top5 0.5700
    [00:07:30] step 900/2813 | avg train loss 2.1698 top1 0.3174 top5 0.5701
    [00:07:35] step 1000/2813 | avg train loss 2.1734 top1 0.3159 top5 0.5696
    [00:07:41] step 1100/2813 | avg train loss 2.1688 top1 0.3155 top5 0.5666
    [00:07:46] step 1200/2813 | avg train loss 2.1644 top1 0.3148 top5 0.5660
    [00:07:52] step 1300/2813 | avg train loss 2.1576 top1 0.3135 top5 0.5654
    [00:07:57] step 1400/2813 | avg train loss 2.1543 top1 0.3117 top5 0.5636
    [00:08:02] step 1500/2813 | avg train loss 2.1435 top1 0.3143 top5 0.5657
    [00:08:08] step 1600/2813 | avg train loss 2.1420 top1 0.3123 top5 0.5642
    [00:08:13] step 1700/2813 | avg train loss 2.1387 top1 0.3136 top5 0.5644
    [00:08:19] step 1800/2813 | avg train loss 2.1389 top1 0.3129 top5 0.5645
    [00:08:24] step 1900/2813 | avg train loss 2.1427 top1 0.3134 top5 0.5657
    [00:08:30] step 2000/2813 | avg train loss 2.1444 top1 0.3152 top5 0.5684
    [00:08:35] step 2100/2813 | avg train loss 2.1465 top1 0.3142 top5 0.5679
    [00:08:41] step 2200/2813 | avg train loss 2.1505 top1 0.3126 top5 0.5661
    [00:08:46] step 2300/2813 | avg train loss 2.1494 top1 0.3118 top5 0.5652
    [00:08:52] step 2400/2813 | avg train loss 2.1519 top1 0.3112 top5 0.5651
    [00:08:57] step 2500/2813 | avg train loss 2.1509 top1 0.3128 top5 0.5665
    [00:09:03] step 2600/2813 | avg train loss 2.1518 top1 0.3140 top5 0.5668
    [00:09:08] step 2700/2813 | avg train loss 2.1533 top1 0.3139 top5 0.5672
    [00:09:14] step 2800/2813 | avg train loss 2.1596 top1 0.3124 top5 0.5662
    [00:09:15] step 2813/2813 | avg train loss 2.1597 top1 0.3126 top5 0.5668
Epoch 126/150 | train loss 2.1597 top1 0.3126 | val loss 2.3851 top1 0.3514 top5 0.6934 | ema val top1 0.3966 top5 0.7382
  No val top1 improvement (21/40); best remains 0.3975
    [00:09:46] step 100/2813 | avg train loss 2.0139 top1 0.3331 top5 0.5806
    [00:09:52] step 200/2813 | avg train loss 2.0943 top1 0.3203 top5 0.5763
    [00:09:57] step 300/2813 | avg train loss 2.1070 top1 0.3285 top5 0.5846
    [00:10:03] step 400/2813 | avg train loss 2.0943 top1 0.3203 top5 0.5758
    [00:10:08] step 500/2813 | avg train loss 2.1080 top1 0.3131 top5 0.5651
    [00:10:14] step 600/2813 | avg train loss 2.1271 top1 0.3084 top5 0.5618
    [00:10:19] step 700/2813 | avg train loss 2.1417 top1 0.3066 top5 0.5585
    [00:10:25] step 800/2813 | avg train loss 2.1327 top1 0.3134 top5 0.5629
    [00:10:30] step 900/2813 | avg train loss 2.1472 top1 0.3117 top5 0.5622
    [00:10:36] step 1000/2813 | avg train loss 2.1449 top1 0.3132 top5 0.5654
    [00:10:41] step 1100/2813 | avg train loss 2.1516 top1 0.3132 top5 0.5670
    [00:10:47] step 1200/2813 | avg train loss 2.1540 top1 0.3093 top5 0.5632
    [00:10:52] step 1300/2813 | avg train loss 2.1482 top1 0.3117 top5 0.5656
    [00:10:58] step 1400/2813 | avg train loss 2.1493 top1 0.3099 top5 0.5644
    [00:11:03] step 1500/2813 | avg train loss 2.1470 top1 0.3103 top5 0.5640
    [00:11:09] step 1600/2813 | avg train loss 2.1420 top1 0.3131 top5 0.5671
    [00:11:14] step 1700/2813 | avg train loss 2.1412 top1 0.3143 top5 0.5685
    [00:11:20] step 1800/2813 | avg train loss 2.1431 top1 0.3135 top5 0.5669
    [00:11:25] step 1900/2813 | avg train loss 2.1378 top1 0.3154 top5 0.5689
    [00:11:30] step 2000/2813 | avg train loss 2.1471 top1 0.3147 top5 0.5690
    [00:11:36] step 2100/2813 | avg train loss 2.1502 top1 0.3146 top5 0.5696
    [00:11:41] step 2200/2813 | avg train loss 2.1454 top1 0.3158 top5 0.5693
    [00:11:47] step 2300/2813 | avg train loss 2.1445 top1 0.3148 top5 0.5687
    [00:11:52] step 2400/2813 | avg train loss 2.1461 top1 0.3146 top5 0.5688
    [00:11:58] step 2500/2813 | avg train loss 2.1426 top1 0.3147 top5 0.5692
    [00:12:03] step 2600/2813 | avg train loss 2.1380 top1 0.3148 top5 0.5693
    [00:12:09] step 2700/2813 | avg train loss 2.1407 top1 0.3149 top5 0.5700
    [00:12:14] step 2800/2813 | avg train loss 2.1437 top1 0.3152 top5 0.5706
    [00:12:15] step 2813/2813 | avg train loss 2.1447 top1 0.3152 top5 0.5706
Epoch 127/150 | train loss 2.1447 top1 0.3152 | val loss 2.3915 top1 0.3515 top5 0.6913 | ema val top1 0.3987 top5 0.7377
  Saved new best checkpoint (ema): /Data/romain.poggi/smth2smth/checkpoints/track_a/ssl/e7_ft.pt (val top1=0.3987)
    [00:12:48] step 100/2813 | avg train loss 2.1380 top1 0.3169 top5 0.5844
    [00:12:53] step 200/2813 | avg train loss 2.1082 top1 0.3272 top5 0.5878
    [00:12:59] step 300/2813 | avg train loss 2.0956 top1 0.3250 top5 0.5808
    [00:13:04] step 400/2813 | avg train loss 2.0685 top1 0.3294 top5 0.5895
    [00:13:10] step 500/2813 | avg train loss 2.0745 top1 0.3266 top5 0.5836
    [00:13:15] step 600/2813 | avg train loss 2.0883 top1 0.3249 top5 0.5844
    [00:13:21] step 700/2813 | avg train loss 2.0938 top1 0.3193 top5 0.5781
    [00:13:26] step 800/2813 | avg train loss 2.1048 top1 0.3191 top5 0.5794
    [00:13:32] step 900/2813 | avg train loss 2.1019 top1 0.3197 top5 0.5806
    [00:13:37] step 1000/2813 | avg train loss 2.1051 top1 0.3197 top5 0.5813
    [00:13:43] step 1100/2813 | avg train loss 2.1079 top1 0.3189 top5 0.5789
    [00:13:48] step 1200/2813 | avg train loss 2.1149 top1 0.3170 top5 0.5783
    [00:13:54] step 1300/2813 | avg train loss 2.1102 top1 0.3173 top5 0.5785
    [00:13:59] step 1400/2813 | avg train loss 2.1168 top1 0.3182 top5 0.5782
    [00:14:05] step 1500/2813 | avg train loss 2.1189 top1 0.3192 top5 0.5784
    [00:14:10] step 1600/2813 | avg train loss 2.1244 top1 0.3191 top5 0.5789
    [00:14:16] step 1700/2813 | avg train loss 2.1284 top1 0.3163 top5 0.5752
    [00:14:21] step 1800/2813 | avg train loss 2.1323 top1 0.3156 top5 0.5756
    [00:14:27] step 1900/2813 | avg train loss 2.1309 top1 0.3147 top5 0.5745
    [00:14:32] step 2000/2813 | avg train loss 2.1387 top1 0.3145 top5 0.5732
    [00:14:38] step 2100/2813 | avg train loss 2.1389 top1 0.3140 top5 0.5726
    [00:14:43] step 2200/2813 | avg train loss 2.1439 top1 0.3133 top5 0.5721
    [00:14:49] step 2300/2813 | avg train loss 2.1508 top1 0.3114 top5 0.5711
    [00:14:54] step 2400/2813 | avg train loss 2.1468 top1 0.3117 top5 0.5713
    [00:15:00] step 2500/2813 | avg train loss 2.1512 top1 0.3125 top5 0.5730
    [00:15:05] step 2600/2813 | avg train loss 2.1501 top1 0.3137 top5 0.5747
    [00:15:11] step 2700/2813 | avg train loss 2.1513 top1 0.3137 top5 0.5742
    [00:15:16] step 2800/2813 | avg train loss 2.1503 top1 0.3143 top5 0.5746
    [00:15:17] step 2813/2813 | avg train loss 2.1482 top1 0.3149 top5 0.5750
Epoch 128/150 | train loss 2.1482 top1 0.3149 | val loss 2.4340 top1 0.3489 top5 0.6829 | ema val top1 0.3973 top5 0.7360
  No val top1 improvement (1/40); best remains 0.3987
    [00:15:50] step 100/2813 | avg train loss 2.0432 top1 0.3175 top5 0.5881
    [00:15:55] step 200/2813 | avg train loss 2.0871 top1 0.3250 top5 0.5856
    [00:16:01] step 300/2813 | avg train loss 2.0936 top1 0.3406 top5 0.5944
    [00:16:07] step 400/2813 | avg train loss 2.1054 top1 0.3381 top5 0.5925
    [00:16:12] step 500/2813 | avg train loss 2.1173 top1 0.3251 top5 0.5820
    [00:16:18] step 600/2813 | avg train loss 2.1224 top1 0.3260 top5 0.5825
    [00:16:23] step 700/2813 | avg train loss 2.1266 top1 0.3190 top5 0.5760
    [00:16:29] step 800/2813 | avg train loss 2.1260 top1 0.3174 top5 0.5738
    [00:16:34] step 900/2813 | avg train loss 2.1286 top1 0.3211 top5 0.5773
    [00:16:40] step 1000/2813 | avg train loss 2.1321 top1 0.3171 top5 0.5746
    [00:16:46] step 1100/2813 | avg train loss 2.1306 top1 0.3147 top5 0.5711
    [00:16:51] step 1200/2813 | avg train loss 2.1335 top1 0.3155 top5 0.5733
    [00:16:57] step 1300/2813 | avg train loss 2.1413 top1 0.3154 top5 0.5713
    [00:17:02] step 1400/2813 | avg train loss 2.1363 top1 0.3177 top5 0.5731
    [00:17:08] step 1500/2813 | avg train loss 2.1396 top1 0.3168 top5 0.5753
    [00:17:13] step 1600/2813 | avg train loss 2.1428 top1 0.3171 top5 0.5760
    [00:17:19] step 1700/2813 | avg train loss 2.1372 top1 0.3186 top5 0.5766
    [00:17:25] step 1800/2813 | avg train loss 2.1377 top1 0.3182 top5 0.5748
    [00:17:30] step 1900/2813 | avg train loss 2.1391 top1 0.3187 top5 0.5746
    [00:17:36] step 2000/2813 | avg train loss 2.1367 top1 0.3197 top5 0.5756
    [00:17:41] step 2100/2813 | avg train loss 2.1398 top1 0.3203 top5 0.5756
    [00:17:47] step 2200/2813 | avg train loss 2.1410 top1 0.3203 top5 0.5756
    [00:17:53] step 2300/2813 | avg train loss 2.1415 top1 0.3201 top5 0.5760
    [00:17:58] step 2400/2813 | avg train loss 2.1402 top1 0.3215 top5 0.5772
    [00:18:04] step 2500/2813 | avg train loss 2.1366 top1 0.3231 top5 0.5788
    [00:18:09] step 2600/2813 | avg train loss 2.1371 top1 0.3218 top5 0.5780
    [00:18:15] step 2700/2813 | avg train loss 2.1407 top1 0.3232 top5 0.5798
    [00:18:20] step 2800/2813 | avg train loss 2.1398 top1 0.3234 top5 0.5800
    [00:18:21] step 2813/2813 | avg train loss 2.1412 top1 0.3235 top5 0.5804
Epoch 129/150 | train loss 2.1412 top1 0.3235 | val loss 2.3310 top1 0.3632 top5 0.6981 | ema val top1 0.3969 top5 0.7365
  No val top1 improvement (2/40); best remains 0.3987
    [00:18:53] step 100/2813 | avg train loss 2.0871 top1 0.3237 top5 0.5837
    [00:18:59] step 200/2813 | avg train loss 2.0901 top1 0.3375 top5 0.5894
    [00:19:04] step 300/2813 | avg train loss 2.1076 top1 0.3331 top5 0.5877
    [00:19:10] step 400/2813 | avg train loss 2.1208 top1 0.3306 top5 0.5892
    [00:19:15] step 500/2813 | avg train loss 2.1188 top1 0.3281 top5 0.5907
    [00:19:21] step 600/2813 | avg train loss 2.1179 top1 0.3220 top5 0.5843
    [00:19:26] step 700/2813 | avg train loss 2.1171 top1 0.3236 top5 0.5856
    [00:19:32] step 800/2813 | avg train loss 2.1136 top1 0.3219 top5 0.5868
    [00:19:37] step 900/2813 | avg train loss 2.1200 top1 0.3204 top5 0.5863
    [00:19:43] step 1000/2813 | avg train loss 2.1048 top1 0.3229 top5 0.5863
    [00:19:48] step 1100/2813 | avg train loss 2.1022 top1 0.3239 top5 0.5859
    [00:19:54] step 1200/2813 | avg train loss 2.1013 top1 0.3213 top5 0.5830
    [00:19:59] step 1300/2813 | avg train loss 2.1042 top1 0.3228 top5 0.5840
    [00:20:05] step 1400/2813 | avg train loss 2.1057 top1 0.3217 top5 0.5824
    [00:20:10] step 1500/2813 | avg train loss 2.1038 top1 0.3231 top5 0.5839
    [00:20:16] step 1600/2813 | avg train loss 2.1056 top1 0.3234 top5 0.5844
    [00:20:21] step 1700/2813 | avg train loss 2.1033 top1 0.3250 top5 0.5849
    [00:20:27] step 1800/2813 | avg train loss 2.1023 top1 0.3250 top5 0.5848
    [00:20:32] step 1900/2813 | avg train loss 2.1035 top1 0.3243 top5 0.5834
    [00:20:38] step 2000/2813 | avg train loss 2.1048 top1 0.3242 top5 0.5841
    [00:20:43] step 2100/2813 | avg train loss 2.1019 top1 0.3266 top5 0.5869
    [00:20:49] step 2200/2813 | avg train loss 2.1039 top1 0.3258 top5 0.5857
    [00:20:54] step 2300/2813 | avg train loss 2.1034 top1 0.3237 top5 0.5840
    [00:21:00] step 2400/2813 | avg train loss 2.1031 top1 0.3231 top5 0.5838
    [00:21:05] step 2500/2813 | avg train loss 2.1051 top1 0.3224 top5 0.5832
    [00:21:11] step 2600/2813 | avg train loss 2.1073 top1 0.3242 top5 0.5851
    [00:21:17] step 2700/2813 | avg train loss 2.1085 top1 0.3247 top5 0.5860
    [00:21:22] step 2800/2813 | avg train loss 2.1112 top1 0.3243 top5 0.5856
    [00:21:23] step 2813/2813 | avg train loss 2.1122 top1 0.3242 top5 0.5855
Epoch 130/150 | train loss 2.1122 top1 0.3242 | val loss 2.3546 top1 0.3555 top5 0.6936 | ema val top1 0.4000 top5 0.7373
  Saved new best checkpoint (ema): /Data/romain.poggi/smth2smth/checkpoints/track_a/ssl/e7_ft.pt (val top1=0.4000)
    [00:21:56] step 100/2813 | avg train loss 2.0506 top1 0.3669 top5 0.6388
    [00:22:01] step 200/2813 | avg train loss 2.0814 top1 0.3412 top5 0.5919
    [00:22:07] step 300/2813 | avg train loss 2.0985 top1 0.3323 top5 0.5785
    [00:22:12] step 400/2813 | avg train loss 2.1108 top1 0.3269 top5 0.5731
    [00:22:18] step 500/2813 | avg train loss 2.1014 top1 0.3261 top5 0.5750
    [00:22:24] step 600/2813 | avg train loss 2.1011 top1 0.3275 top5 0.5796
    [00:22:29] step 700/2813 | avg train loss 2.1056 top1 0.3287 top5 0.5835
    [00:22:35] step 800/2813 | avg train loss 2.0921 top1 0.3274 top5 0.5808
    [00:22:40] step 900/2813 | avg train loss 2.0848 top1 0.3201 top5 0.5722
    [00:22:46] step 1000/2813 | avg train loss 2.0864 top1 0.3239 top5 0.5777
    [00:22:51] step 1100/2813 | avg train loss 2.0927 top1 0.3239 top5 0.5791
    [00:22:57] step 1200/2813 | avg train loss 2.0849 top1 0.3222 top5 0.5775
    [00:23:02] step 1300/2813 | avg train loss 2.0830 top1 0.3224 top5 0.5777
    [00:23:08] step 1400/2813 | avg train loss 2.0830 top1 0.3228 top5 0.5770
    [00:23:13] step 1500/2813 | avg train loss 2.0926 top1 0.3230 top5 0.5796
    [00:23:19] step 1600/2813 | avg train loss 2.0962 top1 0.3225 top5 0.5794
    [00:23:24] step 1700/2813 | avg train loss 2.0964 top1 0.3239 top5 0.5792
    [00:23:30] step 1800/2813 | avg train loss 2.0964 top1 0.3255 top5 0.5818
    [00:23:36] step 1900/2813 | avg train loss 2.0988 top1 0.3261 top5 0.5820
    [00:23:41] step 2000/2813 | avg train loss 2.0988 top1 0.3268 top5 0.5824
    [00:23:47] step 2100/2813 | avg train loss 2.1023 top1 0.3270 top5 0.5825
    [00:23:52] step 2200/2813 | avg train loss 2.0997 top1 0.3265 top5 0.5820
    [00:23:58] step 2300/2813 | avg train loss 2.1036 top1 0.3254 top5 0.5820
    [00:24:03] step 2400/2813 | avg train loss 2.1040 top1 0.3247 top5 0.5805
    [00:24:09] step 2500/2813 | avg train loss 2.1050 top1 0.3251 top5 0.5810
    [00:24:14] step 2600/2813 | avg train loss 2.1079 top1 0.3246 top5 0.5800
    [00:24:20] step 2700/2813 | avg train loss 2.1060 top1 0.3239 top5 0.5789
    [00:24:25] step 2800/2813 | avg train loss 2.1016 top1 0.3259 top5 0.5814
    [00:24:26] step 2813/2813 | avg train loss 2.1034 top1 0.3257 top5 0.5814
Epoch 131/150 | train loss 2.1034 top1 0.3257 | val loss 2.3944 top1 0.3534 top5 0.6878 | ema val top1 0.3993 top5 0.7358
  No val top1 improvement (1/40); best remains 0.4000
    [00:24:59] step 100/2813 | avg train loss 2.0060 top1 0.3225 top5 0.5863
    [00:25:04] step 200/2813 | avg train loss 2.0813 top1 0.3081 top5 0.5713
    [00:25:10] step 300/2813 | avg train loss 2.1001 top1 0.3140 top5 0.5765
    [00:25:16] step 400/2813 | avg train loss 2.0600 top1 0.3314 top5 0.5894
    [00:25:21] step 500/2813 | avg train loss 2.0683 top1 0.3222 top5 0.5783
    [00:25:27] step 600/2813 | avg train loss 2.0652 top1 0.3269 top5 0.5813
    [00:25:32] step 700/2813 | avg train loss 2.0705 top1 0.3259 top5 0.5799
    [00:25:38] step 800/2813 | avg train loss 2.0771 top1 0.3276 top5 0.5851
    [00:25:43] step 900/2813 | avg train loss 2.0626 top1 0.3298 top5 0.5849
    [00:25:49] step 1000/2813 | avg train loss 2.0647 top1 0.3277 top5 0.5813
    [00:25:54] step 1100/2813 | avg train loss 2.0648 top1 0.3278 top5 0.5818
    [00:26:00] step 1200/2813 | avg train loss 2.0654 top1 0.3304 top5 0.5855
    [00:26:06] step 1300/2813 | avg train loss 2.0600 top1 0.3327 top5 0.5888
    [00:26:11] step 1400/2813 | avg train loss 2.0614 top1 0.3317 top5 0.5882
    [00:26:17] step 1500/2813 | avg train loss 2.0609 top1 0.3296 top5 0.5855
    [00:26:22] step 1600/2813 | avg train loss 2.0668 top1 0.3294 top5 0.5866
    [00:26:28] step 1700/2813 | avg train loss 2.0643 top1 0.3306 top5 0.5878
    [00:26:33] step 1800/2813 | avg train loss 2.0661 top1 0.3298 top5 0.5861
    [00:26:39] step 1900/2813 | avg train loss 2.0688 top1 0.3303 top5 0.5859
    [00:26:44] step 2000/2813 | avg train loss 2.0710 top1 0.3295 top5 0.5847
    [00:26:50] step 2100/2813 | avg train loss 2.0706 top1 0.3283 top5 0.5846
    [00:26:55] step 2200/2813 | avg train loss 2.0746 top1 0.3289 top5 0.5841
    [00:27:01] step 2300/2813 | avg train loss 2.0807 top1 0.3279 top5 0.5832
    [00:27:07] step 2400/2813 | avg train loss 2.0815 top1 0.3285 top5 0.5842
    [00:27:12] step 2500/2813 | avg train loss 2.0857 top1 0.3283 top5 0.5844
    [00:27:18] step 2600/2813 | avg train loss 2.0858 top1 0.3287 top5 0.5840
    [00:27:23] step 2700/2813 | avg train loss 2.0854 top1 0.3289 top5 0.5846
    [00:27:29] step 2800/2813 | avg train loss 2.0876 top1 0.3295 top5 0.5852
    [00:27:30] step 2813/2813 | avg train loss 2.0874 top1 0.3295 top5 0.5853
Epoch 132/150 | train loss 2.0874 top1 0.3295 | val loss 2.3725 top1 0.3643 top5 0.6912 | ema val top1 0.3993 top5 0.7362
  No val top1 improvement (2/40); best remains 0.4000
    [00:28:02] step 100/2813 | avg train loss 2.0186 top1 0.3450 top5 0.5969
    [00:28:08] step 200/2813 | avg train loss 2.0237 top1 0.3425 top5 0.5841
    [00:28:13] step 300/2813 | avg train loss 1.9855 top1 0.3602 top5 0.6010
    [00:28:19] step 400/2813 | avg train loss 1.9960 top1 0.3645 top5 0.6084
    [00:28:24] step 500/2813 | avg train loss 2.0197 top1 0.3535 top5 0.5984
    [00:28:30] step 600/2813 | avg train loss 2.0187 top1 0.3595 top5 0.6031
    [00:28:35] step 700/2813 | avg train loss 2.0183 top1 0.3565 top5 0.5996
    [00:28:41] step 800/2813 | avg train loss 2.0202 top1 0.3514 top5 0.5952
    [00:28:46] step 900/2813 | avg train loss 2.0160 top1 0.3532 top5 0.5973
    [00:28:52] step 1000/2813 | avg train loss 2.0263 top1 0.3554 top5 0.5992
    [00:28:57] step 1100/2813 | avg train loss 2.0332 top1 0.3535 top5 0.5982
    [00:29:03] step 1200/2813 | avg train loss 2.0338 top1 0.3520 top5 0.5968
    [00:29:08] step 1300/2813 | avg train loss 2.0378 top1 0.3499 top5 0.5951
    [00:29:14] step 1400/2813 | avg train loss 2.0402 top1 0.3515 top5 0.5962
    [00:29:19] step 1500/2813 | avg train loss 2.0480 top1 0.3515 top5 0.5954
    [00:29:25] step 1600/2813 | avg train loss 2.0452 top1 0.3497 top5 0.5931
    [00:29:30] step 1700/2813 | avg train loss 2.0490 top1 0.3500 top5 0.5943
    [00:29:36] step 1800/2813 | avg train loss 2.0495 top1 0.3480 top5 0.5935
    [00:29:41] step 1900/2813 | avg train loss 2.0490 top1 0.3468 top5 0.5914
    [00:29:47] step 2000/2813 | avg train loss 2.0486 top1 0.3444 top5 0.5890
    [00:29:52] step 2100/2813 | avg train loss 2.0481 top1 0.3434 top5 0.5882
    [00:29:58] step 2200/2813 | avg train loss 2.0562 top1 0.3429 top5 0.5889
    [00:30:03] step 2300/2813 | avg train loss 2.0605 top1 0.3411 top5 0.5872
    [00:30:09] step 2400/2813 | avg train loss 2.0647 top1 0.3411 top5 0.5872
    [00:30:14] step 2500/2813 | avg train loss 2.0637 top1 0.3402 top5 0.5862
    [00:30:20] step 2600/2813 | avg train loss 2.0646 top1 0.3393 top5 0.5849
    [00:30:25] step 2700/2813 | avg train loss 2.0635 top1 0.3381 top5 0.5840
    [00:30:31] step 2800/2813 | avg train loss 2.0639 top1 0.3374 top5 0.5837
    [00:30:32] step 2813/2813 | avg train loss 2.0631 top1 0.3373 top5 0.5835
Epoch 133/150 | train loss 2.0631 top1 0.3373 | val loss 2.4149 top1 0.3582 top5 0.6850 | ema val top1 0.3991 top5 0.7327
  No val top1 improvement (3/40); best remains 0.4000
    [00:31:04] step 100/2813 | avg train loss 2.1063 top1 0.3431 top5 0.5931
    [00:31:10] step 200/2813 | avg train loss 2.0755 top1 0.3412 top5 0.5825
    [00:31:15] step 300/2813 | avg train loss 2.0771 top1 0.3396 top5 0.5823
    [00:31:21] step 400/2813 | avg train loss 2.0457 top1 0.3409 top5 0.5844
    [00:31:26] step 500/2813 | avg train loss 2.0397 top1 0.3436 top5 0.5906
    [00:31:32] step 600/2813 | avg train loss 2.0464 top1 0.3385 top5 0.5831
    [00:31:37] step 700/2813 | avg train loss 2.0602 top1 0.3343 top5 0.5788
    [00:31:43] step 800/2813 | avg train loss 2.0610 top1 0.3339 top5 0.5816
    [00:31:48] step 900/2813 | avg train loss 2.0600 top1 0.3360 top5 0.5828
    [00:31:54] step 1000/2813 | avg train loss 2.0555 top1 0.3360 top5 0.5832
    [00:31:59] step 1100/2813 | avg train loss 2.0660 top1 0.3352 top5 0.5837
    [00:32:05] step 1200/2813 | avg train loss 2.0709 top1 0.3330 top5 0.5819
    [00:32:10] step 1300/2813 | avg train loss 2.0719 top1 0.3363 top5 0.5857
    [00:32:16] step 1400/2813 | avg train loss 2.0668 top1 0.3387 top5 0.5871
    [00:32:21] step 1500/2813 | avg train loss 2.0734 top1 0.3366 top5 0.5865
    [00:32:27] step 1600/2813 | avg train loss 2.0626 top1 0.3372 top5 0.5859
    [00:32:32] step 1700/2813 | avg train loss 2.0636 top1 0.3401 top5 0.5887
    [00:32:38] step 1800/2813 | avg train loss 2.0667 top1 0.3418 top5 0.5903
    [00:32:43] step 1900/2813 | avg train loss 2.0675 top1 0.3421 top5 0.5900
    [00:32:49] step 2000/2813 | avg train loss 2.0704 top1 0.3444 top5 0.5920
    [00:32:54] step 2100/2813 | avg train loss 2.0636 top1 0.3432 top5 0.5895
    [00:33:00] step 2200/2813 | avg train loss 2.0660 top1 0.3421 top5 0.5889
